30.04.2026;06:38:09;-0,5;0,8;1,1;-12;37;1018;0;0;3850;3846;30
30.04.2026;06:38:11;-0,5;0,8;1,1;-12;37;1018;0;0;3851;3846;30
30.04.2026;06:38:12;-0,5;0,8;1,1;-12;37;1018;0;0;3850;3847;30
30.04.2026;06:38:13;-0,5;0,8;1,2;-12;37;1018;0;0;3831;3859;30
30.04.2026;06:38:14;-0,5;0,8;1,2;-12;37;1018;0;0;3829;3842;30
30.04.2026;06:38:15;-0,5;0,8;1,2;-12;37;1018;0;0;3828;3842;30
30.04.2026;06:38:16;-0,5;0,8;1,2;-12;37;1018;0;0;3829;3839;30
30.04.2026;06:38:17;-0,5;0,8;1,2;-12;37;1018;0;0;3824;3838;30
30.04.2026;06:38:18;-0,5;0,8;1,2;-12;37;1018;0;0;3826;3838;30
30.04.2026;06:38:19;-0,5;0,8;1,2;-12;37;1018;0;0;3823;3837;30
30.04.2026;06:38:21;-0,5;0,8;1,2;-12;37;1018;0;0;3822;3834;30
30.04.2026;06:38:22;-0,5;0,8;1,2;-12;37;1018;0;0;3820;3832;30
30.04.2026;06:38:23;-0,5;0,8;1,2;-12;37;1018;0;0;3820;3815;30
30.04.2026;06:38:24;-0,5;0,8;1,2;-12;37;1018;0;0;3819;3833;30
30.04.2026;06:38:25;-0,5;0,8;1,2;-12;37;1018;0;0;3821;3833;30
30.04.2026;06:38:26;-0,5;0,8;1,2;-12;37;1018;0;0;3819;3815;30
30.04.2026;06:38:28;-0,5;0,8;1,2;-12;37;1018;0;0;3848;3845;30
30.04.2026;06:38:29;-0,5;0,8;1,2;-12;37;1018;0;0;3831;3843;30
30.04.2026;06:38:30;-0,5;0,8;1,2;-12;37;1018;0;0;3827;3839;30
30.04.2026;06:38:31;-0,5;0,8;1,2;-12;37;1018;0;0;3824;3838;30
30.04.2026;06:38:32;-0,5;0,9;1,2;-12;37;1018;0;0;3822;3834;30
30.04.2026;06:38:33;-0,5;0,9;1,2;-12;37;1018;0;0;3821;3834;30
30.04.2026;06:38:34;-0,5;0,9;1,2;-12;37;1018;0;0;3823;3836;30
30.04.2026;06:38:36;-0,4;0,9;1,2;-12;37;1018;0;0;3828;3841;30
30.04.2026;06:38:37;-0,4;0,9;1,2;-12;37;1018;0;0;3820;3833;30
30.04.2026;06:38:38;-0,4;0,9;1,2;-12;37;1018;0;0;3821;3833;30
30.04.2026;06:38:39;-0,4;0,9;1,2;-11;38;1018;0;0;3819;3833;30
30.04.2026;06:38:40;-0,4;0,9;1,3;-12;37;1019;0;0;3818;3832;30
30.04.2026;06:38:41;-0,4;0,9;1,2;-12;37;1018;0;0;3818;3814;30
30.04.2026;06:38:42;-0,4;1;1,2;-12;37;1018;0;0;3815;3829;30
30.04.2026;06:38:43;-0,4;1;1,2;-12;37;1018;0;0;3795;3808;30
30.04.2026;06:38:45;-0,4;1;1,2;-12;37;1018;0;0;3787;3802;30
30.04.2026;06:38:46;-0,4;1;1,2;-12;37;1018;0;0;3787;3800;30
30.04.2026;06:38:47;-0,4;1;1,2;-12;37;1018;0;0;3793;3805;30
30.04.2026;06:38:48;-0,4;1;1,2;-12;37;1018;0;0;3760;3773;30
30.04.2026;06:38:49;-0,4;1;1,2;-12;37;1018;0;0;3779;3778;30
30.04.2026;06:38:50;-0,4;1;1,2;-12;37;1019;0;0;3782;3780;30
30.04.2026;06:38:51;-0,4;1,1;1,2;-12;37;1019;0;0;3765;3776;30
30.04.2026;06:38:52;-0,4;1,1;1,2;-12;37;1018;0;0;3759;3772;30
30.04.2026;06:38:53;-0,4;1,1;1,2;-12;37;1018;0;0;3762;3773;30
30.04.2026;06:38:54;-0,4;1,1;1,2;-12;37;1018;0;0;3762;3774;30
30.04.2026;06:38:55;-0,4;1,1;1,2;-12;37;1018;0;0;3762;3775;30
30.04.2026;06:38:56;-0,4;1,2;1,2;-12;37;1018;0;0;3760;3775;30
30.04.2026;06:38:57;-0,4;1,2;1,2;-12;37;1018;0;0;3759;3771;30
30.04.2026;06:38:58;-0,4;1,2;1,2;-12;37;1018;0;0;3758;3773;30
30.04.2026;06:38:59;-0,4;1,2;1,2;-12;37;1018;0;0;3788;3801;30
30.04.2026;06:39:00;-0,4;1,2;1,3;-12;37;1018;0;0;3793;3807;30
30.04.2026;06:39:02;-0,4;1,2;1,3;-12;37;1018;0;0;3790;3805;30
30.04.2026;06:39:03;-0,4;1,2;1,3;-12;37;1018;0;0;3792;3804;30
30.04.2026;06:39:04;-0,4;1,2;1,2;-12;37;1018;0;0;3792;3806;30
30.04.2026;06:39:05;-0,4;1,3;1,3;-12;37;1018;0;0;3811;3807;30
30.04.2026;06:39:06;-0,4;1,3;1,3;-12;37;1018;0;0;3793;3807;30
30.04.2026;06:39:07;-0,4;1,3;1,3;-12;37;1018;0;0;3795;3806;30
30.04.2026;06:39:08;-0,4;1,4;1,3;-12;37;1019;0;0;3790;3804;30
30.04.2026;06:39:09;-0,4;1,4;1,3;-12;37;1018;0;0;3791;3804;30
30.04.2026;06:39:10;-0,4;1,4;1,3;-12;37;1018;0;0;3812;3809;30
30.04.2026;06:39:11;-0,4;1,4;1,3;-12;37;1018;0;0;3810;3809;30
30.04.2026;06:39:12;-0,4;1,4;1,3;-12;37;1018;0;0;3795;3806;30
30.04.2026;06:39:13;-0,4;1,5;1,3;-12;37;1018;0;0;3789;3803;30
30.04.2026;06:39:14;-0,4;1,5;1,3;-12;37;1018;0;0;3790;3804;30
30.04.2026;06:39:16;-0,4;1,5;1,3;-12;37;1018;0;0;3793;3808;30
30.04.2026;06:39:17;-0,4;1,6;1,3;-12;37;1018;0;0;3795;3809;30
30.04.2026;06:39:18;-0,4;1,6;1,3;-12;37;1018;0;0;3794;3808;30
30.04.2026;06:39:19;-0,4;1,6;1,3;-12;37;1018;0;0;3791;3805;30
30.04.2026;06:39:20;-0,4;1,6;1,3;-12;37;1018;0;0;3790;3802;30
30.04.2026;06:39:21;-0,4;1,7;1,3;-12;37;1018;0;0;3796;3825;30
30.04.2026;06:39:22;-0,4;1,7;1,3;-12;37;1018;0;0;3812;3810;30
30.04.2026;06:39:23;-0,4;1,8;1,3;-12;37;1018;0;0;3813;3827;30
30.04.2026;06:39:24;-0,4;1,8;1,3;-12;37;1018;0;0;3814;3810;30
30.04.2026;06:39:25;-0,4;1,8;1,3;-12;37;1018;0;0;3813;3809;30
30.04.2026;06:39:27;-0,4;1,9;1,3;-12;37;1018;0;0;3792;3805;30
30.04.2026;06:39:28;-0,4;1,9;1,3;-12;37;1018;0;0;3808;3805;30
30.04.2026;06:39:29;-0,4;1,9;1,3;-12;37;1018;0;0;3790;3804;30
30.04.2026;06:39:30;-0,4;1,9;1,3;-12;37;1018;0;0;3791;3803;30
30.04.2026;06:39:31;-0,4;1,9;1,3;-12;37;1018;0;0;3793;3822;30
30.04.2026;06:39:32;-0,4;2;1,3;-12;37;1018;0;0;3818;3830;30
30.04.2026;06:39:33;-0,4;2;1,3;-12;37;1018;0;0;3816;3828;30
30.04.2026;06:39:35;-0,4;2;1,3;-12;37;1018;0;0;3796;3824;30
30.04.2026;06:39:36;-0,4;2,1;1,3;-12;37;1018;0;0;3811;3809;30
30.04.2026;06:39:37;-0,4;2,2;1,3;-12;37;1018;0;0;3814;3811;30
30.04.2026;06:39:38;-0,4;2,2;1,3;-12;37;1018;0;0;3814;3809;30
30.04.2026;06:39:39;-0,4;2,2;1,3;-12;37;1018;0;0;3812;3825;30
30.04.2026;06:39:40;-0,3;2,2;1,3;-12;37;1018;0;0;3814;3810;30
30.04.2026;06:39:41;-0,3;2,2;1,3;-12;37;1018;0;0;3814;3827;30
30.04.2026;06:39:42;-0,3;2,2;1,3;-12;37;1018;0;0;3811;3809;30
30.04.2026;06:39:44;-0,3;2,3;1,3;-12;37;1018;0;0;3810;3807;30
30.04.2026;06:39:45;-0,3;2,3;1,3;-12;37;1018;0;0;3783;3796;30
30.04.2026;06:39:46;-0,3;2,4;1,3;-12;37;1018;0;0;3762;3773;30
30.04.2026;06:39:47;-0,3;2,4;1,3;-12;37;1018;0;0;3782;3794;30
30.04.2026;06:39:48;-0,3;2,4;1,3;-12;37;1018;0;0;3788;3801;30
30.04.2026;06:39:49;-0,3;2,5;1,3;-12;37;1018;0;0;3793;3822;30
30.04.2026;06:39:50;-0,3;2,5;1,3;-12;37;1018;0;0;3813;3826;30
30.04.2026;06:39:51;-0,3;2,6;1,3;-12;37;1018;0;0;3810;3807;30
30.04.2026;06:39:52;-0,3;2,6;1,3;-12;37;1018;0;0;3816;3830;30
30.04.2026;06:39:53;-0,3;2,6;1,3;-12;37;1018;0;0;3816;3827;30
30.04.2026;06:39:54;-0,3;2,7;1,4;-12;37;1018;0;0;3821;3833;30
30.04.2026;06:39:56;-0,3;2,7;1,4;-12;37;1018;0;0;3822;3833;30
30.04.2026;06:39:57;-0,3;2,7;1,4;-12;37;1019;0;0;3820;3834;30
30.04.2026;06:39:58;-0,3;2,7;1,3;-12;37;1018;0;0;3823;3836;30
30.04.2026;06:39:59;-0,3;2,7;1,4;-12;37;1018;0;0;3823;3834;30
30.04.2026;06:40:00;-0,3;2,8;1,4;-12;37;1018;0;0;3816;3830;30
30.04.2026;06:40:01;-0,3;2,8;1,4;-12;37;1018;0;0;3812;3827;30
30.04.2026;06:40:02;-0,3;2,8;1,4;-12;37;1018;0;0;3818;3832;30
30.04.2026;06:40:03;-0,3;2,9;1,4;-12;37;1019;0;0;3811;3809;30
30.04.2026;06:40:04;-0,3;2,9;1,4;-12;37;1018;0;0;3810;3806;30
30.04.2026;06:40:05;-0,3;3;1,4;-12;37;1018;0;0;3816;3830;30
30.04.2026;06:40:06;-0,3;3;1,4;-12;37;1019;0;0;3818;3832;30
30.04.2026;06:40:07;-0,3;3;1,4;-12;37;1018;0;0;3823;3837;30
30.04.2026;06:40:08;-0,3;3,1;1,4;-12;37;1018;0;0;3821;3835;30
30.04.2026;06:40:09;-0,3;3,1;1,4;-12;37;1019;0;0;3841;3839;30
30.04.2026;06:40:11;-0,3;3,2;1,4;-12;37;1018;0;0;3824;3836;30
30.04.2026;06:40:12;-0,3;3,2;1,4;-12;37;1018;0;0;3825;3836;30
30.04.2026;06:40:13;-0,3;3,3;1,4;-12;37;1018;0;0;3825;3837;30
30.04.2026;06:40:14;-0,3;3,3;1,4;-12;37;1018;0;0;3847;3860;30
30.04.2026;06:40:15;-0,3;3,3;1,4;-12;37;1018;0;0;3847;3858;30
30.04.2026;06:40:16;-0,3;3,3;1,4;-12;37;1018;0;0;3845;3858;30
30.04.2026;06:40:17;-0,3;3,3;1,4;-12;37;1018;0;0;3846;3859;30
30.04.2026;06:40:18;-0,3;3,4;1,4;-12;37;1019;0;0;3847;3858;30
30.04.2026;06:40:19;-0,3;3,4;1,4;-12;37;1018;0;0;3846;3840;30
30.04.2026;06:40:20;-0,3;3,4;1,4;-12;37;1019;0;0;3846;3857;30
30.04.2026;06:40:21;-0,3;3,5;1,4;-12;37;1018;0;0;3842;3839;30
30.04.2026;06:40:22;-0,3;3,5;1,4;-12;37;1018;0;0;3840;3837;30
30.04.2026;06:40:23;-0,3;3,5;1,4;-12;37;1018;0;0;3825;3836;30
30.04.2026;06:40:24;-0,3;3,6;1,4;-12;37;1018;0;0;3822;3833;30
30.04.2026;06:40:25;-0,3;3,6;1,4;-12;37;1018;0;0;3822;3834;30
30.04.2026;06:40:27;-0,3;3,7;1,4;-12;37;1018;0;0;3839;3836;30
30.04.2026;06:40:28;-0,3;3,7;1,4;-12;37;1018;0;0;3825;3837;30
30.04.2026;06:40:29;-0,3;3,7;1,4;-12;37;1018;0;0;3840;3837;30
30.04.2026;06:40:30;-0,3;3,8;1,4;-12;37;1018;0;0;3840;3838;30
30.04.2026;06:40:31;-0,3;3,8;1,4;-12;37;1018;0;0;3842;3856;30
30.04.2026;06:40:32;-0,3;3,9;1,4;-12;37;1018;0;0;3841;3836;30
30.04.2026;06:40:33;-0,3;3,9;1,4;-12;37;1018;0;0;3822;3833;30
30.04.2026;06:40:34;-0,3;3,9;1,4;-12;37;1018;0;0;3820;3832;30
30.04.2026;06:40:35;-0,3;4;1,4;-12;37;1018;0;0;3820;3830;30
30.04.2026;06:40:36;-0,3;4;1,4;-12;37;1018;0;0;3820;3831;30
30.04.2026;06:40:37;-0,3;4;1,4;-12;37;1018;0;0;3820;3832;30
30.04.2026;06:40:39;-0,3;4,1;1,4;-12;37;1018;0;0;3821;3832;30
30.04.2026;06:40:40;-0,3;4,1;1,4;-12;37;1019;0;0;3843;3837;30
30.04.2026;06:40:41;-0,3;4,1;1,4;-12;37;1018;0;0;3842;3836;30
30.04.2026;06:40:42;-0,3;4,1;1,4;-12;37;1018;0;0;3842;3837;30
30.04.2026;06:40:43;-0,2;4,2;1,4;-12;37;1018;0;0;3845;3839;30
30.04.2026;06:40:44;-0,2;4,2;1,4;-12;37;1018;0;0;3842;3839;30
30.04.2026;06:40:45;-0,2;4,2;1,4;-12;37;1018;0;0;3842;3837;30
30.04.2026;06:40:46;-0,2;4,3;1,4;-12;37;1018;0;0;3820;3834;30
30.04.2026;06:40:47;-0,2;4,3;1,4;-12;37;1018;0;0;3821;3834;30
30.04.2026;06:40:49;-0,2;4,4;1,4;-12;37;1018;0;0;3818;3832;30
30.04.2026;06:40:50;-0,2;4,4;1,4;-12;37;1018;0;0;3818;3829;30
30.04.2026;06:40:51;-0,2;4,4;1,4;-12;37;1018;0;0;3814;3827;30
30.04.2026;06:40:52;-0,2;4,5;1,4;-12;37;1018;0;0;3813;3826;30
30.04.2026;06:40:53;-0,2;4,5;1,4;-12;37;1018;0;0;3819;3830;30
30.04.2026;06:40:54;-0,2;4,6;1,4;-12;37;1018;0;0;3817;3829;30
30.04.2026;06:40:55;-0,2;4,6;1,4;-12;37;1018;0;0;3819;3830;30
30.04.2026;06:40:56;-0,2;4,6;1,4;-12;37;1018;0;0;3817;3829;30
30.04.2026;06:40:57;-0,2;4,7;1,4;-12;37;1018;0;0;3819;3830;30
30.04.2026;06:40:58;-0,2;4,7;1,4;-12;37;1018;0;0;3815;3826;30
30.04.2026;06:40:59;-0,2;4,7;1,4;-12;37;1018;0;0;3811;3823;30
30.04.2026;06:41:00;-0,2;4,8;1,4;-12;37;1018;0;0;3814;3825;30
30.04.2026;06:41:01;-0,2;4,8;1,4;-12;37;1018;0;0;3810;3825;30
30.04.2026;06:41:02;-0,2;4,8;1,5;-12;37;1018;0;0;3814;3826;30
30.04.2026;06:41:03;-0,2;4,8;1,4;-12;37;1019;0;0;3815;3826;30
30.04.2026;06:41:04;-0,2;4,8;1,5;-12;37;1018;0;0;3813;3825;30
30.04.2026;06:41:06;-0,2;4,9;1,5;-12;37;1018;0;0;3817;3829;30
30.04.2026;06:41:07;-0,2;4,9;1,5;-12;37;1018;0;0;3823;3835;30
30.04.2026;06:41:08;-0,2;5;1,5;-12;37;1018;0;0;3822;3851;30
30.04.2026;06:41:09;-0,2;5;1,5;-12;37;1018;0;0;3840;3836;30
30.04.2026;06:41:10;-0,2;5;1,5;-12;37;1018;0;0;3839;3835;30
30.04.2026;06:41:11;-0,2;5,1;1,5;-12;37;1018;0;0;3837;3835;30
30.04.2026;06:41:12;-0,2;5,1;1,5;-12;37;1018;0;0;3839;3835;30
30.04.2026;06:41:13;-0,2;5,1;1,5;-12;37;1018;0;0;3817;3830;30
30.04.2026;06:41:14;-0,2;5,2;1,5;-12;37;1018;0;0;3813;3827;30
30.04.2026;06:41:15;-0,2;5,2;1,5;-12;37;1018;0;0;3811;3825;30
30.04.2026;06:41:16;-0,2;5,3;1,5;-12;37;1018;0;0;3813;3825;30
30.04.2026;06:41:17;-0,2;5,3;1,5;-12;37;1018;0;0;3809;3808;30
30.04.2026;06:41:18;-0,2;5,3;1,5;-12;37;1018;0;0;3809;3808;30
30.04.2026;06:41:19;-0,2;5,3;1,5;-12;37;1018;0;0;3809;3806;30
30.04.2026;06:41:21;-0,2;5,4;1,5;-12;37;1018;0;0;3808;3804;30
30.04.2026;06:41:22;-0,2;5,4;1,5;-12;37;1018;0;0;3813;3826;30
30.04.2026;06:41:23;-0,2;5,4;1,5;-12;37;1018;0;0;3812;3826;30
30.04.2026;06:41:24;-0,2;5,5;1,5;-12;37;1018;0;0;3808;3806;30
30.04.2026;06:41:25;-0,2;5,5;1,5;-12;37;1018;0;0;3805;3803;30
30.04.2026;06:41:26;-0,2;5,5;1,5;-12;37;1018;0;0;3808;3806;30
30.04.2026;06:41:27;-0,2;5,6;1,5;-12;37;1018;0;0;3810;3823;30
30.04.2026;06:41:28;-0,2;5,6;1,5;-12;37;1018;0;0;3813;3825;30
30.04.2026;06:41:29;-0,2;5,7;1,5;-12;37;1019;0;0;3813;3827;30
30.04.2026;06:41:30;-0,2;5,7;1,5;-12;37;1018;0;0;3813;3826;30
30.04.2026;06:41:31;-0,2;5,7;1,5;-12;37;1018;0;0;3813;3824;30
30.04.2026;06:41:33;-0,2;5,8;1,5;-12;37;1018;0;0;3809;3806;30
30.04.2026;06:41:34;-0,2;5,8;1,5;-12;37;1018;0;0;3809;3805;30
30.04.2026;06:41:35;-0,2;5,8;1,5;-12;37;1018;0;0;3807;3805;30
30.04.2026;06:41:36;-0,2;5,8;1,5;-12;37;1019;0;0;3784;3796;30
30.04.2026;06:41:37;-0,2;5,8;1,5;-12;37;1018;0;0;3785;3800;30
30.04.2026;06:41:38;-0,1;5,9;1,5;-12;37;1018;0;0;3812;3808;30
30.04.2026;06:41:39;-0,1;5,9;1,5;-12;37;1018;0;0;3812;3824;30
30.04.2026;06:41:40;-0,1;5,9;1,5;-12;37;1018;0;0;3808;3806;30
30.04.2026;06:41:41;-0,1;6;1,5;-12;37;1018;0;0;3791;3802;30
30.04.2026;06:41:42;-0,1;6;1,5;-12;37;1018;0;0;3791;3802;30
30.04.2026;06:41:43;-0,1;6,1;1,5;-12;37;1018;0;0;3808;3805;30
30.04.2026;06:41:45;-0,1;6,1;1,5;-12;37;1018;0;0;3809;3805;30
30.04.2026;06:41:46;-0,1;6,1;1,5;-12;37;1018;0;0;3790;3801;30
30.04.2026;06:41:47;-0,1;6,2;1,5;-12;37;1019;0;0;3790;3801;30
30.04.2026;06:41:48;-0,1;6,2;1,5;-12;37;1018;0;0;3806;3804;30
30.04.2026;06:41:49;-0,1;6,2;1,5;-12;37;1018;0;0;3812;3824;30
30.04.2026;06:41:50;-0,1;6,2;1,5;-12;37;1018;0;0;3814;3826;30
30.04.2026;06:41:51;-0,1;6,3;1,5;-12;37;1018;0;0;3810;3824;30
30.04.2026;06:41:52;-0,1;6,3;1,5;-12;37;1019;0;0;3813;3824;30
30.04.2026;06:41:53;-0,1;6,3;1,5;-12;37;1018;0;0;3812;3826;30
30.04.2026;06:41:54;-0,1;6,4;1,5;-12;37;1018;0;0;3812;3826;30
30.04.2026;06:41:55;-0,1;6,4;1,5;-12;37;1019;0;0;3816;3828;30
30.04.2026;06:41:57;-0,1;6,5;1,5;-12;37;1018;0;0;3812;3826;30
30.04.2026;06:41:58;-0,1;6,5;1,5;-12;37;1018;0;0;3813;3825;30
30.04.2026;06:41:59;-0,1;6,5;1,5;-12;37;1019;0;0;3809;3824;30
30.04.2026;06:42:00;-0,1;6,5;1,5;-12;37;1018;0;0;3809;3805;30
30.04.2026;06:42:01;-0,1;6,5;1,5;-12;37;1018;0;0;3809;3807;30
30.04.2026;06:42:02;-0,1;6,6;1,5;-12;37;1019;0;0;3813;3826;30
30.04.2026;06:42:03;-0,1;6,6;1,5;-12;37;1018;0;0;3814;3828;30
30.04.2026;06:42:04;-0,1;6,6;1,5;-12;37;1018;0;0;3816;3830;30
30.04.2026;06:42:05;-0,1;6,7;1,5;-12;37;1018;0;0;3815;3830;30
30.04.2026;06:42:07;-0,1;6,7;1,5;-12;37;1018;0;0;3816;3830;30
30.04.2026;06:42:08;-0,1;6,7;1,5;-12;37;1018;0;0;3816;3831;30
30.04.2026;06:42:09;-0,1;6,7;1,5;-12;37;1018;0;0;3815;3829;30
30.04.2026;06:42:10;-0,1;6,7;1,5;-12;37;1018;0;0;3816;3828;30
30.04.2026;06:42:11;0;6,8;1,6;-12;37;1019;0;0;3812;3827;30
30.04.2026;06:42:12;0;6,8;1,5;-12;37;1018;0;0;3812;3826;30
30.04.2026;06:42:13;0;6,8;1,5;-12;37;1018;0;0;3814;3826;30
30.04.2026;06:42:14;0;6,9;1,6;-12;37;1018;0;0;3813;3826;30
30.04.2026;06:42:16;0;7;1,6;-12;37;1018;0;0;3809;3824;30
30.04.2026;06:42:17;0;7;1,5;-12;37;1018;0;0;3812;3826;30
30.04.2026;06:42:18;0;7;1,6;-12;37;1018;0;0;3814;3830;30
30.04.2026;06:42:19;0;7;1,6;-12;37;1018;0;0;3811;3826;30
30.04.2026;06:42:20;0;7;1,6;-12;37;1018;0;0;3810;3806;30
30.04.2026;06:42:21;0;7;1,6;-12;37;1018;0;0;3809;3806;30
30.04.2026;06:42:22;0;7,1;1,6;-12;37;1018;0;0;3808;3805;30
30.04.2026;06:42:23;0;7,1;1,6;-12;37;1018;0;0;3806;3806;30
30.04.2026;06:42:24;0;7,2;1,6;-12;37;1018;0;0;3788;3800;30
30.04.2026;06:42:25;0;7,2;1,6;-12;37;1018;0;0;3784;3799;30
30.04.2026;06:42:26;0;7,2;1,6;-12;37;1018;0;0;3809;3806;30
30.04.2026;06:42:27;0;7,2;1,6;-12;37;1018;0;0;3812;3825;30
30.04.2026;06:42:28;0;7,2;1,6;-12;37;1018;0;0;3838;3837;30
30.04.2026;06:42:29;0;7,3;1,6;-12;37;1018;0;0;3835;3835;30
30.04.2026;06:42:31;0;7,3;1,6;-12;37;1018;0;0;3818;3831;30
30.04.2026;06:42:32;0;7,3;1,6;-12;37;1018;0;0;3822;3837;30
30.04.2026;06:42:33;0;7,4;1,6;-12;37;1018;0;0;3839;3836;30
30.04.2026;06:42:34;0;7,4;1,6;-12;37;1018;0;0;3817;3833;30
30.04.2026;06:42:35;0;7,4;1,6;-12;37;1018;0;0;3814;3827;30
30.04.2026;06:42:36;0;7,5;1,6;-12;37;1018;0;0;3811;3826;30
30.04.2026;06:42:38;0;7,5;1,6;-12;37;1018;0;0;3815;3828;30
30.04.2026;06:42:39;0;7,5;1,6;-12;37;1019;0;0;3822;3836;30
30.04.2026;06:42:40;0;7,5;1,6;-12;37;1018;0;0;3839;3838;30
30.04.2026;06:42:41;0;7,6;1,6;-12;37;1019;0;0;3843;3856;30
30.04.2026;06:42:42;0;7,6;1,6;-12;37;1018;0;0;3837;3836;30
30.04.2026;06:42:43;0;7,7;1,6;-12;37;1018;0;0;3839;3836;30
30.04.2026;06:42:44;0;7,7;1,6;-12;37;1018;0;0;3821;3835;30
30.04.2026;06:42:45;0;7,7;1,6;-12;37;1018;0;0;3841;3837;30
30.04.2026;06:42:46;0;7,7;1,6;-12;37;1018;0;0;3841;3838;30
30.04.2026;06:42:47;0;7,7;1,6;-12;37;1018;0;0;3839;3835;30
30.04.2026;06:42:49;0;7,7;1,6;-12;37;1018;0;0;3841;3837;30
30.04.2026;06:42:50;0;7,8;1,6;-12;37;1018;0;0;3839;3837;30
30.04.2026;06:42:51;0;7,8;1,6;-12;37;1018;0;0;3840;3837;30
30.04.2026;06:42:52;0;7,9;1,6;-12;37;1018;0;0;3821;3833;30
30.04.2026;06:42:53;0;7,9;1,6;-12;37;1018;0;0;3818;3833;30
30.04.2026;06:42:54;0;7,9;1,6;-12;37;1018;0;0;3816;3829;30
30.04.2026;06:42:55;0;7,9;1,6;-12;37;1018;0;0;3817;3830;30
30.04.2026;06:42:56;0;7,9;1,6;-12;37;1018;0;0;3816;3831;30
30.04.2026;06:42:57;0;8;1,6;-12;37;1018;0;0;3819;3832;30
30.04.2026;06:42:58;0;8;1,6;-12;37;1019;0;0;3816;3829;30
30.04.2026;06:43:00;0;8;1,6;-12;37;1018;0;0;3816;3829;30
30.04.2026;06:43:01;0;8,1;1,6;-12;37;1018;0;0;3834;3831;30
30.04.2026;06:43:02;0;8,1;1,6;-12;37;1019;0;0;3822;3834;30
30.04.2026;06:43:03;0;8,1;1,6;-12;37;1018;0;0;3837;3836;30
30.04.2026;06:43:04;0;8,1;1,6;-12;37;1018;0;0;3839;3838;30
30.04.2026;06:43:05;0;8,1;1,6;-12;37;1018;0;0;3840;3855;30
30.04.2026;06:43:06;0;8,2;1,6;-12;37;1018;0;0;3838;3852;30
30.04.2026;06:43:07;0;8,2;1,6;-12;37;1018;0;0;3822;3836;30
30.04.2026;06:43:08;0;8,3;1,6;-12;37;1018;0;0;3836;3836;30
30.04.2026;06:43:09;0;8,3;1,6;-12;37;1018;0;0;3817;3832;30
30.04.2026;06:43:10;0;8,3;1,6;-12;37;1018;0;0;3816;3830;30
30.04.2026;06:43:11;0;8,4;1,6;-12;37;1018;0;0;3838;3852;30
30.04.2026;06:43:12;0;8,4;1,6;-12;37;1018;0;0;3838;3837;30
30.04.2026;06:43:13;0;8,4;1,7;-12;37;1019;0;0;3836;3835;30
30.04.2026;06:43:14;0;8,4;1,6;-12;37;1018;0;0;3816;3832;30
30.04.2026;06:43:16;0;8,4;1,6;-12;37;1018;0;0;3817;3833;30
30.04.2026;06:43:17;0;8,5;1,6;-12;37;1018;0;0;3835;3835;30
30.04.2026;06:43:18;0;8,5;1,7;-12;37;1019;0;0;3820;3834;30
30.04.2026;06:43:19;0;8,6;1,6;-12;37;1019;0;0;3818;3849;30
30.04.2026;06:43:20;0;8,6;1,7;-12;37;1019;0;0;3822;3835;30
30.04.2026;06:43:21;0;8,6;1,6;-12;37;1018;0;0;3839;3836;30
30.04.2026;06:43:22;0;8,7;1,7;-12;37;1019;0;0;3840;3838;30
30.04.2026;06:43:23;0;8,7;1,7;-12;37;1018;0;0;3841;3857;30
30.04.2026;06:43:24;0;8,7;1,7;-12;37;1018;0;0;3845;3859;30
30.04.2026;06:43:25;0;8,7;1,7;-12;37;1018;0;0;3841;3857;30
30.04.2026;06:43:26;0;8,7;1,7;-12;37;1018;0;0;3840;3855;30
30.04.2026;06:43:27;0;8,8;1,7;-12;37;1018;0;0;3839;3837;30
30.04.2026;06:43:28;0;8,8;1,7;-12;37;1018;0;0;3837;3837;30
30.04.2026;06:43:29;0;8,8;1,7;-12;37;1018;0;0;3820;3834;30
30.04.2026;06:43:31;0;8,9;1,7;-12;37;1018;0;0;3819;3834;30
30.04.2026;06:43:32;0;8,9;1,7;-12;37;1018;0;0;3820;3834;30
30.04.2026;06:43:33;0;8,9;1,7;-12;37;1018;0;0;3833;3832;30
30.04.2026;06:43:34;0;8,9;1,7;-12;37;1019;0;0;3837;3836;30
30.04.2026;06:43:35;0;8,9;1,8;-12;37;1019;0;0;3836;3835;30
30.04.2026;06:43:37;0;9;1,7;-12;37;1018;0;0;3817;3833;30
30.04.2026;06:43:38;0;9,1;1,7;-12;37;1018;0;0;3818;3832;30
30.04.2026;06:43:39;0;9,1;1,8;-12;37;1019;0;0;3818;3834;30
30.04.2026;06:43:40;0;9,1;1,7;-12;37;1018;0;0;3819;3834;30
30.04.2026;06:43:41;0;9,1;1,7;-12;37;1018;0;0;3821;3834;30
30.04.2026;06:43:42;0;9,1;1,7;-12;37;1018;0;0;3817;3830;30
30.04.2026;06:43:43;0;9,1;1,7;-12;37;1018;0;0;3810;3826;30
30.04.2026;06:43:45;0;9,2;1,7;-12;37;1018;0;0;3812;3826;30
30.04.2026;06:43:46;0;9,2;1,7;-12;37;1018;0;0;3836;3834;30
30.04.2026;06:43:47;0;9,3;1,7;-12;37;1018;0;0;3840;3854;30
30.04.2026;06:43:48;0;9,3;1,7;-12;37;1018;0;0;3842;3855;30
30.04.2026;06:43:49;0;9,3;1,7;-12;37;1018;0;0;3839;3837;30
30.04.2026;06:43:50;0;9,3;1,7;-12;37;1018;0;0;3841;3857;30
30.04.2026;06:43:51;0;9,3;1,7;-12;37;1018;0;0;3839;3855;30
30.04.2026;06:43:52;0;9,4;1,7;-12;37;1018;0;0;3840;3837;30
30.04.2026;06:43:54;0;9,4;1,7;-12;37;1018;0;0;3840;3838;30
30.04.2026;06:43:55;0;9,5;1,7;-12;37;1018;0;0;3842;3856;30
30.04.2026;06:43:56;0;9,5;1,7;-12;37;1018;0;0;3844;3856;30
30.04.2026;06:43:57;0;9,5;1,7;-12;37;1018;0;0;3844;3857;30
30.04.2026;06:43:58;0;9,5;1,7;-12;37;1018;0;0;3844;3856;30
30.04.2026;06:43:59;0;9,5;1,7;-12;37;1018;0;0;3843;3856;30
30.04.2026;06:44:00;0;9,6;1,7;-12;37;1018;0;0;3844;3857;30
30.04.2026;06:44:01;0;9,6;1,7;-12;37;1018;0;0;3843;3856;30
30.04.2026;06:44:02;0;9,6;1,7;-12;37;1019;0;0;3840;3856;30
30.04.2026;06:44:04;0;9,7;1,7;-12;37;1018;0;0;3842;3856;30
30.04.2026;06:44:05;0;9,7;1,7;-12;37;1019;0;0;3840;3855;30
30.04.2026;06:44:06;0;9,7;1,7;-12;37;1018;0;0;3841;3839;30
30.04.2026;06:44:07;0;9,7;1,7;-12;37;1018;0;0;3842;3857;30
30.04.2026;06:44:08;0;9,7;1,7;-12;37;1018;0;0;3840;3855;30
30.04.2026;06:44:09;0;9,8;1,7;-12;37;1018;0;0;3840;3837;30
30.04.2026;06:44:10;0;9,8;1,7;-12;37;1018;0;0;3838;3836;30
30.04.2026;06:44:11;0;9,9;1,7;-12;37;1019;0;0;3839;3835;30
30.04.2026;06:44:12;0;9,9;1,8;-12;37;1019;0;0;3835;3834;30
30.04.2026;06:44:13;0;9,9;1,7;-12;37;1018;0;0;3819;3832;30
30.04.2026;06:44:15;0;9,9;1,7;-12;37;1018;0;0;3816;3829;30
30.04.2026;06:44:16;0;9,9;1,8;-12;37;1019;0;0;3816;3831;30
30.04.2026;06:44:17;0;10;1,7;-12;37;1019;0;0;3813;3828;30
30.04.2026;06:44:18;0;10;1,7;-12;37;1018;0;0;3810;3824;30
30.04.2026;06:44:19;0;10,1;1,7;-12;37;1018;0;0;3810;3823;30
30.04.2026;06:44:21;0;10,1;1,8;-12;37;1019;0;0;3809;3825;30
30.04.2026;06:44:22;0;10,1;1,7;-12;37;1019;0;0;3807;3822;30
30.04.2026;06:44:23;0;10,1;1,8;-12;37;1019;0;0;3812;3825;30
30.04.2026;06:44:24;0;10,1;1,8;-12;37;1019;0;0;3814;3827;30
30.04.2026;06:44:25;0;10,1;1,8;-12;37;1019;0;0;3815;3828;30
30.04.2026;06:44:26;0,1;10,2;1,8;-12;37;1018;0;0;3813;3827;30
30.04.2026;06:44:27;0,1;10,3;1,8;-12;37;1018;0;0;3813;3826;30
30.04.2026;06:44:28;0,1;10,3;1,8;-12;37;1019;0;0;3810;3825;30
30.04.2026;06:44:29;0,1;10,3;1,8;-12;37;1018;0;0;3810;3825;30
30.04.2026;06:44:30;0,1;10,3;1,8;-12;37;1019;0;0;3814;3826;30
30.04.2026;06:44:31;0,1;10,3;1,8;-12;37;1019;0;0;3812;3825;30
30.04.2026;06:44:32;0,1;10,4;1,8;-12;37;1018;0;0;3810;3825;30
30.04.2026;06:44:34;0,1;10,4;1,8;-12;37;1019;0;0;3810;3824;30
30.04.2026;06:44:35;0,1;10,4;1,8;-12;37;1018;0;0;3809;3805;30
30.04.2026;06:44:36;0,1;10,5;1,8;-12;37;1019;0;0;3806;3803;30
30.04.2026;06:44:37;0,1;10,5;1,8;-12;37;1018;0;0;3806;3805;30
30.04.2026;06:44:38;0,1;10,5;1,8;-12;37;1018;0;0;3786;3801;30
30.04.2026;06:44:40;0,1;10,5;1,8;-12;37;1018;0;0;3787;3800;30
30.04.2026;06:44:41;0,1;10,5;1,8;-12;37;1019;0;0;3786;3799;30
30.04.2026;06:44:42;0,1;10,6;1,9;-12;37;1019;0;0;3785;3800;30
30.04.2026;06:44:43;0,1;10,6;1,8;-12;37;1018;0;0;3786;3799;30
30.04.2026;06:44:44;0,1;10,6;1,8;-12;37;1018;0;0;3805;3802;30
30.04.2026;06:44:45;0,1;10,6;1,8;-12;37;1018;0;0;3786;3801;30
30.04.2026;06:44:46;0,1;10,7;1,8;-12;37;1019;0;0;3787;3800;30
30.04.2026;06:44:47;0,1;10,7;1,8;-12;37;1018;0;0;3786;3802;30
30.04.2026;06:44:48;0,1;10,7;1,8;-12;37;1018;0;0;3786;3799;30
30.04.2026;06:44:49;0,1;10,8;1,8;-12;37;1018;0;0;3781;3796;30
30.04.2026;06:44:50;0,1;10,8;1,8;-12;37;1018;0;0;3784;3799;30
30.04.2026;06:44:51;0,1;10,8;1,8;-12;37;1018;0;0;3786;3800;30
30.04.2026;06:44:52;0,1;10,8;1,8;-12;37;1019;0;0;3784;3797;30
30.04.2026;06:44:54;0,1;10,8;1,8;-12;37;1018;0;0;3785;3798;30
30.04.2026;06:44:55;0,1;10,9;1,8;-12;37;1019;0;0;3805;3804;30
30.04.2026;06:44:56;0,1;10,9;1,8;-12;37;1019;0;0;3809;3806;30
30.04.2026;06:44:57;0,1;10,9;1,8;-12;37;1019;0;0;3811;3825;30
30.04.2026;06:44:58;0,1;11;1,8;-12;37;1018;0;0;3806;3805;30
30.04.2026;06:44:59;0,1;11;1,8;-12;37;1019;0;0;3809;3825;30
30.04.2026;06:45:00;0,1;11;1,8;-12;37;1019;0;0;3811;3824;30
30.04.2026;06:45:02;0,1;11;1,8;-12;37;1018;0;0;3812;3827;30
30.04.2026;06:45:03;0,1;11,1;1,8;-12;37;1019;0;0;3812;3826;30
30.04.2026;06:45:04;0,1;11,1;1,8;-12;37;1018;0;0;3813;3829;30
30.04.2026;06:45:05;0,1;11,1;1,8;-12;37;1018;0;0;3811;3827;30
30.04.2026;06:45:06;0,1;11,1;1,8;-12;37;1018;0;0;3810;3823;30
30.04.2026;06:45:07;0,1;11,1;1,8;-12;37;1018;0;0;3808;3805;30
30.04.2026;06:45:09;0,1;11,2;1,8;-12;37;1018;0;0;3806;3803;30
30.04.2026;06:45:10;0,1;11,2;1,8;-12;37;1018;0;0;3787;3800;30
30.04.2026;06:45:11;0,1;11,2;1,8;-12;37;1018;0;0;3785;3798;30
30.04.2026;06:45:12;0,1;11,3;1,8;-12;37;1018;0;0;3785;3797;30
30.04.2026;06:45:13;0,1;11,3;1,8;-12;37;1018;0;0;3787;3802;30
30.04.2026;06:45:14;0,1;11,3;1,8;-12;37;1018;0;0;3809;3806;30
30.04.2026;06:45:15;0,1;11,3;1,8;-12;37;1019;0;0;3805;3805;30
30.04.2026;06:45:16;0,1;11,3;1,8;-12;37;1018;0;0;3785;3799;30
30.04.2026;06:45:17;0,1;11,4;1,8;-12;37;1019;0;0;3783;3797;30
30.04.2026;06:45:18;0,1;11,4;1,8;-12;37;1018;0;0;3782;3795;30
30.04.2026;06:45:19;0,1;11,4;1,8;-12;37;1018;0;0;3782;3795;30
30.04.2026;06:45:20;0,1;11,5;1,8;-12;37;1019;0;0;3785;3799;30
30.04.2026;06:45:21;0,1;11,5;1,8;-12;37;1018;0;0;3783;3797;30
30.04.2026;06:45:22;0,1;11,5;1,8;-12;37;1019;0;0;3789;3803;30
30.04.2026;06:45:23;0,1;11,5;1,8;-12;37;1019;0;0;3810;3824;30
30.04.2026;06:45:25;0,1;11,5;1,8;-12;37;1018;0;0;3805;3804;30
30.04.2026;06:45:26;0,2;11,6;1,8;-12;37;1019;0;0;3788;3801;30
30.04.2026;06:45:27;0,2;11,6;1,8;-12;37;1019;0;0;3789;3819;30
30.04.2026;06:45:28;0,2;11,7;1,8;-12;37;1019;0;0;3803;3802;30
30.04.2026;06:45:29;0,2;11,7;1,8;-12;37;1019;0;0;3805;3802;30
30.04.2026;06:45:30;0,2;11,7;1,8;-12;37;1019;0;0;3805;3802;30
30.04.2026;06:45:31;0,2;11,7;1,8;-12;37;1019;0;0;3787;3801;30
30.04.2026;06:45:32;0,2;11,7;1,8;-12;37;1019;0;0;3809;3822;30
30.04.2026;06:45:33;0,2;11,8;1,8;-12;37;1019;0;0;3807;3823;30
30.04.2026;06:45:35;0,2;11,8;1,8;-12;37;1019;0;0;3803;3802;30
30.04.2026;06:45:36;0,2;11,8;1,8;-12;37;1019;0;0;3803;3802;30
30.04.2026;06:45:37;0,2;11,8;1,8;-12;37;1018;0;0;3804;3802;30
30.04.2026;06:45:38;0,2;11,8;1,8;-12;37;1019;0;0;3805;3803;30
30.04.2026;06:45:39;0,2;11,9;1,8;-12;37;1019;0;0;3806;3805;30
30.04.2026;06:45:40;0,2;11,9;1,8;-12;37;1019;0;0;3806;3803;30
30.04.2026;06:45:41;0,2;11,9;1,8;-12;37;1019;0;0;3786;3800;30
30.04.2026;06:45:42;0,2;12;1,8;-12;37;1019;0;0;3787;3802;30
30.04.2026;06:45:43;0,2;12;1,8;-12;37;1019;0;0;3787;3800;30
30.04.2026;06:45:44;0,2;12;1,8;-12;37;1019;0;0;3809;3806;30
30.04.2026;06:45:45;0,2;12;1,8;-12;37;1019;0;0;3809;3822;30
30.04.2026;06:45:47;0,2;12;1,8;-12;37;1019;0;0;3807;3823;30
30.04.2026;06:45:48;0,2;12,1;1,8;-12;37;1019;0;0;3812;3825;30
30.04.2026;06:45:49;0,2;12,1;1,8;-12;37;1019;0;0;3813;3827;30
30.04.2026;06:45:50;0,2;12,1;1,8;-12;37;1018;0;0;3808;3823;30
30.04.2026;06:45:51;0,2;12,1;1,9;-12;37;1019;0;0;3811;3823;30
30.04.2026;06:45:52;0,2;12,1;1,8;-12;37;1018;0;0;3812;3828;30
30.04.2026;06:45:53;0,2;12,2;1,8;-12;37;1019;0;0;3813;3828;30
30.04.2026;06:45:54;0,2;12,2;1,8;-12;37;1018;0;0;3813;3827;30
30.04.2026;06:45:55;0,2;12,2;1,8;-12;37;1019;0;0;3811;3825;30
30.04.2026;06:45:56;0,2;12,2;1,8;-12;37;1019;0;0;3807;3821;30
30.04.2026;06:45:57;0,2;12,2;1,8;-12;37;1018;0;0;3809;3806;30
30.04.2026;06:45:58;0,2;12,3;1,8;-12;37;1019;0;0;3804;3804;30
30.04.2026;06:45:59;0,2;12,3;1,8;-12;37;1019;0;0;3783;3799;30
30.04.2026;06:46:00;0,2;12,3;1,8;-12;37;1019;0;0;3785;3798;30
30.04.2026;06:46:01;0,2;12,4;1,8;-12;37;1019;0;0;3786;3799;30
30.04.2026;06:46:03;0,2;12,4;1,8;-12;37;1018;0;0;3804;3803;30
30.04.2026;06:46:04;0,2;12,4;1,8;-12;37;1018;0;0;3811;3824;30
30.04.2026;06:46:05;0,2;12,4;1,8;-12;37;1019;0;0;3810;3823;30
30.04.2026;06:46:06;0,2;12,5;1,8;-12;37;1019;0;0;3811;3825;30
30.04.2026;06:46:07;0,2;12,5;1,8;-12;37;1019;0;0;3810;3823;30
30.04.2026;06:46:08;0,2;12,5;1,8;-12;37;1019;0;0;3813;3827;30
30.04.2026;06:46:09;0,2;12,5;1,8;-12;37;1019;0;0;3818;3831;30
30.04.2026;06:46:10;0,2;12,5;1,8;-12;37;1019;0;0;3835;3834;30
30.04.2026;06:46:11;0,2;12,6;1,8;-12;37;1019;0;0;3819;3834;30
30.04.2026;06:46:12;0,2;12,6;1,8;-12;37;1019;0;0;3819;3832;30
30.04.2026;06:46:13;0,2;12,6;1,8;-12;37;1019;0;0;3817;3833;30
30.04.2026;06:46:15;0,2;12,6;1,8;-12;37;1019;0;0;3817;3830;30
30.04.2026;06:46:16;0,2;12,6;1,8;-12;37;1019;0;0;3813;3828;30
30.04.2026;06:46:17;0,2;12,6;1,8;-12;37;1019;0;0;3814;3827;30
30.04.2026;06:46:18;0,2;12,7;1,8;-12;37;1019;0;0;3812;3828;30
30.04.2026;06:46:19;0,2;12,7;1,8;-12;37;1019;0;0;3814;3830;30
30.04.2026;06:46:20;0,2;12,7;1,8;-12;37;1019;0;0;3817;3830;30
30.04.2026;06:46:21;0,2;12,7;1,8;-12;37;1019;0;0;3816;3831;30
30.04.2026;06:46:22;0,2;12,7;1,8;-12;37;1019;0;0;3815;3831;30
30.04.2026;06:46:23;0,2;12,8;1,8;-12;37;1019;0;0;3816;3831;30
30.04.2026;06:46:24;0,2;12,8;1,8;-12;37;1019;0;0;3817;3830;30
30.04.2026;06:46:25;0,2;12,8;1,8;-12;37;1018;0;0;3819;3833;30
30.04.2026;06:46:26;0,2;12,8;1,8;-12;37;1019;0;0;3835;3833;30
30.04.2026;06:46:27;0,2;12,8;1,8;-12;37;1019;0;0;3819;3832;30
30.04.2026;06:46:28;0,3;12,9;1,8;-12;37;1019;0;0;3818;3832;30
30.04.2026;06:46:30;0,3;12,9;1,8;-12;37;1019;0;0;3819;3833;30
30.04.2026;06:46:31;0,3;12,9;1,8;-12;37;1019;0;0;3816;3832;30
30.04.2026;06:46:32;0,3;13;1,8;-12;37;1019;0;0;3820;3833;30
30.04.2026;06:46:33;0,3;13;1,8;-12;37;1019;0;0;3836;3833;30
30.04.2026;06:46:34;0,3;13;1,8;-12;37;1019;0;0;3838;3835;30
30.04.2026;06:46:35;0,3;13;1,8;-12;37;1018;0;0;3837;3836;30
30.04.2026;06:46:36;0,3;13;1,8;-12;37;1019;0;0;3839;3836;30
30.04.2026;06:46:37;0,3;13,1;1,9;-12;37;1019;0;0;3839;3835;30
30.04.2026;06:46:38;0,3;13,1;1,8;-12;37;1018;0;0;3836;3832;30
30.04.2026;06:46:39;0,3;13,1;1,8;-12;37;1019;0;0;3815;3830;30
30.04.2026;06:46:40;0,3;13,1;1,8;-12;37;1018;0;0;3817;3830;30
30.04.2026;06:46:41;0,3;13,2;1,8;-12;37;1019;0;0;3816;3830;30
30.04.2026;06:46:42;0,3;13,2;1,8;-12;37;1019;0;0;3813;3829;30
30.04.2026;06:46:43;0,3;13,2;1,8;-12;37;1019;0;0;3811;3827;30
30.04.2026;06:46:44;0,3;13,2;1,8;-12;37;1019;0;0;3833;3833;30
30.04.2026;06:46:46;0,3;13,2;1,8;-12;37;1019;0;0;3835;3834;30
30.04.2026;06:46:47;0,3;13,3;1,8;-12;37;1019;0;0;3817;3831;30
30.04.2026;06:46:48;0,3;13,3;1,8;-12;37;1019;0;0;3833;3833;30
30.04.2026;06:46:49;0,3;13,3;1,8;-12;37;1019;0;0;3816;3832;30
30.04.2026;06:46:50;0,3;13,4;1,8;-12;37;1019;0;0;3817;3831;30
30.04.2026;06:46:51;0,3;13,4;1,8;-12;37;1019;0;0;3819;3832;30
30.04.2026;06:46:52;0,3;13,4;1,8;-12;37;1019;0;0;3837;3834;30
30.04.2026;06:46:53;0,3;13,4;1,8;-12;37;1019;0;0;3835;3833;30
30.04.2026;06:46:55;0,3;13,4;1,8;-12;37;1019;0;0;3818;3832;30
30.04.2026;06:46:56;0,3;13,5;1,8;-12;37;1019;0;0;3814;3829;30
30.04.2026;06:46:57;0,3;13,5;1,8;-12;37;1019;0;0;3808;3821;30
30.04.2026;06:46:58;0,3;13,5;1,8;-12;37;1019;0;0;3802;3800;30
30.04.2026;06:46:59;0,3;13,5;1,8;-12;37;1018;0;0;3783;3798;30
30.04.2026;06:47:00;0,3;13,5;1,8;-12;37;1019;0;0;3807;3804;30
30.04.2026;06:47:01;0,3;13,6;1,8;-12;37;1019;0;0;3806;3822;30
30.04.2026;06:47:02;0,3;13,6;1,8;-12;37;1018;0;0;3807;3803;30
30.04.2026;06:47:03;0,3;13,6;1,9;-12;37;1019;0;0;3809;3825;30
30.04.2026;06:47:04;0,3;13,6;1,8;-12;37;1019;0;0;3807;3806;30
30.04.2026;06:47:06;0,3;13,7;1,9;-12;37;1019;0;0;3805;3802;30
30.04.2026;06:47:07;0,3;13,7;1,9;-12;37;1019;0;0;3806;3804;30
30.04.2026;06:47:08;0,3;13,7;1,8;-12;37;1019;0;0;3788;3819;30
30.04.2026;06:47:09;0,3;13,7;1,8;-12;37;1019;0;0;3809;3823;30
30.04.2026;06:47:10;0,3;13,7;1,8;-12;37;1019;0;0;3804;3803;30
30.04.2026;06:47:11;0,3;13,7;1,8;-12;37;1019;0;0;3805;3805;30
30.04.2026;06:47:12;0,3;13,8;1,8;-12;37;1019;0;0;3805;3803;30
30.04.2026;06:47:13;0,3;13,8;1,8;-12;37;1019;0;0;3804;3821;30
30.04.2026;06:47:14;0,3;13,8;1,8;-12;37;1019;0;0;3805;3803;30
30.04.2026;06:47:15;0,3;13,8;1,8;-12;37;1019;0;0;3810;3822;30
30.04.2026;06:47:17;0,3;13,8;1,8;-12;37;1018;0;0;3810;3825;30
30.04.2026;06:47:18;0,3;13,9;1,9;-12;37;1019;0;0;3809;3824;30
30.04.2026;06:47:19;0,3;13,9;1,9;-12;37;1019;0;0;3806;3824;30
30.04.2026;06:47:20;0,3;14;1,9;-12;37;1019;0;0;3806;3823;30
30.04.2026;06:47:21;0,3;14;1,8;-12;37;1019;0;0;3805;3822;30
30.04.2026;06:47:22;0,3;14;1,8;-12;37;1019;0;0;3803;3804;30
30.04.2026;06:47:23;0,3;14;1,8;-12;37;1019;0;0;3807;3805;30
30.04.2026;06:47:24;0,3;14;1,9;-12;37;1019;0;0;3811;3826;30
30.04.2026;06:47:25;0,3;14;1,9;-12;37;1019;0;0;3809;3824;30
30.04.2026;06:47:26;0,4;14,1;1,9;-12;37;1019;0;0;3807;3806;30
30.04.2026;06:47:27;0,4;14,1;1,9;-12;37;1019;0;0;3806;3821;30
30.04.2026;06:47:28;0,4;14,1;1,8;-12;37;1019;0;0;3807;3805;30
30.04.2026;06:47:29;0,4;14,1;1,9;-12;37;1019;0;0;3806;3804;30
30.04.2026;06:47:30;0,4;14,1;1,8;-12;37;1019;0;0;3810;3824;30
30.04.2026;06:47:32;0,4;14,2;1,8;-12;37;1018;0;0;3808;3823;30
30.04.2026;06:47:33;0,4;14,3;1,9;-12;37;1019;0;0;3808;3824;30
30.04.2026;06:47:34;0,4;14,3;1,9;-12;37;1019;0;0;3810;3825;30
30.04.2026;06:47:35;0,4;14,3;1,8;-12;37;1019;0;0;3814;3828;30
30.04.2026;06:47:36;0,4;14,3;1,8;-12;37;1019;0;0;3815;3829;30
30.04.2026;06:47:37;0,4;14,3;1,8;-12;37;1019;0;0;3812;3828;30
30.04.2026;06:47:38;0,4;14,3;1,8;-12;37;1019;0;0;3810;3826;30
30.04.2026;06:47:39;0,4;14,3;1,8;-12;37;1019;0;0;3809;3826;30
30.04.2026;06:47:41;0,4;14,3;1,8;-12;37;1019;0;0;3813;3830;30
30.04.2026;06:47:42;0,4;14,4;1,9;-12;37;1019;0;0;3815;3831;30
30.04.2026;06:47:43;0,4;14,4;1,8;-12;37;1019;0;0;3814;3830;30
30.04.2026;06:47:44;0,4;14,4;1,8;-12;37;1019;0;0;3815;3829;30
30.04.2026;06:47:45;0,4;14,4;1,8;-12;37;1019;0;0;3817;3832;30
30.04.2026;06:47:46;0,4;14,4;1,8;-12;37;1019;0;0;3815;3829;30
30.04.2026;06:47:47;0,4;14,5;1,9;-12;37;1019;0;0;3813;3827;30
30.04.2026;06:47:48;0,4;14,5;1,8;-12;37;1019;0;0;3812;3827;30
30.04.2026;06:47:49;0,4;14,5;1,9;-12;37;1019;0;0;3810;3827;30
30.04.2026;06:47:50;0,4;14,6;1,9;-12;37;1019;0;0;3809;3823;30
30.04.2026;06:47:51;0,4;14,6;1,9;-12;37;1019;0;0;3805;3805;30
30.04.2026;06:47:52;0,4;14,6;1,9;-12;37;1019;0;0;3806;3804;30
30.04.2026;06:47:53;0,4;14,6;1,8;-12;37;1019;0;0;3809;3823;30
30.04.2026;06:47:55;0,4;14,6;1,8;-12;37;1019;0;0;3808;3825;30
30.04.2026;06:47:56;0,4;14,7;1,9;-12;37;1019;0;0;3808;3825;30
30.04.2026;06:47:57;0,4;14,7;1,8;-12;37;1019;0;0;3809;3826;30
30.04.2026;06:47:58;0,4;14,7;1,8;-12;37;1018;0;0;3807;3824;30
30.04.2026;06:47:59;0,4;14,7;1,8;-12;37;1019;0;0;3807;3805;30
30.04.2026;06:48:00;0,4;14,7;1,9;-12;37;1019;0;0;3787;3802;30
30.04.2026;06:48:01;0,4;14,8;1,8;-12;37;1019;0;0;3788;3802;30
30.04.2026;06:48:02;0,4;14,8;1,8;-12;37;1019;0;0;3801;3800;30
30.04.2026;06:48:03;0,4;14,8;1,9;-12;37;1019;0;0;3785;3801;30
30.04.2026;06:48:04;0,4;14,8;1,8;-12;37;1019;0;0;3787;3818;30
30.04.2026;06:48:05;0,4;14,8;1,8;-12;37;1019;0;0;3787;3802;30
30.04.2026;06:48:06;0,4;14,9;1,8;-12;37;1019;0;0;3787;3804;30
30.04.2026;06:48:08;0,4;14,9;1,9;-12;37;1019;0;0;3782;3795;30
30.04.2026;06:48:09;0,4;14,9;1,9;-12;37;1019;0;0;3779;3796;30
30.04.2026;06:48:10;0,4;14,9;1,9;-12;37;1019;0;0;3778;3795;30
30.04.2026;06:48:11;0,4;14,9;1,9;-12;37;1019;0;0;3801;3801;30
30.04.2026;06:48:12;0,4;15;1,9;-12;37;1019;0;0;3787;3803;30
30.04.2026;06:48:13;0,4;15;1,8;-12;37;1019;0;0;3788;3802;30
30.04.2026;06:48:14;0,4;15;2;-11;37;1019;0;0;3786;3800;30
30.04.2026;06:48:15;0,4;15;1,9;-12;37;1019;0;0;3807;3822;30
30.04.2026;06:48:16;0,4;15;1,9;-12;37;1019;0;0;3809;3824;30
30.04.2026;06:48:18;0,4;15,1;1,9;-12;37;1019;0;0;3809;3824;30
30.04.2026;06:48:19;0,4;15,1;1,9;-12;37;1019;0;0;3806;3823;30
30.04.2026;06:48:20;0,4;15,1;1,9;-12;37;1019;0;0;3805;3821;30
30.04.2026;06:48:21;0,4;15,2;1,9;-12;37;1019;0;0;3808;3823;30
30.04.2026;06:48:22;0,4;15,2;1,9;-12;37;1019;0;0;3808;3822;30
30.04.2026;06:48:23;0,4;15,2;1,9;-12;37;1019;0;0;3803;3804;30
30.04.2026;06:48:24;0,4;15,2;1,8;-12;37;1019;0;0;3804;3821;30
30.04.2026;06:48:25;0,4;15,2;1,8;-12;37;1019;0;0;3806;3822;30
30.04.2026;06:48:26;0,4;15,3;1,8;-12;37;1019;0;0;3809;3825;30
30.04.2026;06:48:28;0,4;15,3;1,9;-12;37;1019;0;0;3805;3821;30
30.04.2026;06:48:29;0,4;15,3;1,8;-12;37;1019;0;0;3807;3822;30
30.04.2026;06:48:30;0,4;15,3;1,9;-12;37;1019;0;0;3813;3830;30
30.04.2026;06:48:31;0,4;15,4;1,9;-12;37;1019;0;0;3809;3826;30
30.04.2026;06:48:32;0,4;15,4;1,9;-12;37;1019;0;0;3809;3826;30
30.04.2026;06:48:33;0,4;15,4;1,9;-12;37;1019;0;0;3811;3826;30
30.04.2026;06:48:34;0,4;15,4;1,9;-12;37;1019;0;0;3811;3826;30
30.04.2026;06:48:35;0,4;15,4;1,9;-12;37;1019;0;0;3809;3824;30
30.04.2026;06:48:37;0,4;15,4;1,9;-12;37;1019;0;0;3812;3829;30
30.04.2026;06:48:38;0,4;15,4;1,9;-12;37;1019;0;0;3816;3830;30
30.04.2026;06:48:39;0,4;15,4;1,9;-12;37;1019;0;0;3816;3831;30
30.04.2026;06:48:40;0,4;15,5;1,9;-12;37;1019;0;0;3814;3828;30
30.04.2026;06:48:41;0,4;15,5;1,9;-12;37;1019;0;0;3813;3830;30
30.04.2026;06:48:42;0,4;15,5;1,9;-12;37;1019;0;0;3812;3827;30
30.04.2026;06:48:43;0,4;15,6;1,8;-12;37;1019;0;0;3812;3828;30
30.04.2026;06:48:44;0,4;15,6;1,9;-12;37;1019;0;0;3806;3820;30
30.04.2026;06:48:45;0,4;15,6;1,8;-12;37;1018;0;0;3805;3804;30
30.04.2026;06:48:46;0,4;15,6;1,9;-12;37;1019;0;0;3806;3821;30
30.04.2026;06:48:48;0,5;15,6;1,9;-12;37;1019;0;0;3806;3823;30
30.04.2026;06:48:48;0,5;15,6;1,8;-12;37;1019;0;0;3812;3828;30
30.04.2026;06:48:49;0,5;15,6;1,9;-12;37;1019;0;0;3811;3828;30
30.04.2026;06:48:51;0,5;15,7;1,9;-12;37;1019;0;0;3809;3826;30
30.04.2026;06:48:52;0,5;15,7;1,8;-12;37;1019;0;0;3810;3824;30
30.04.2026;06:48:53;0,5;15,7;1,8;-12;37;1019;0;0;3808;3822;30
30.04.2026;06:48:54;0,5;15,7;1,9;-12;37;1019;0;0;3808;3822;30
30.04.2026;06:48:55;0,5;15,7;1,8;-12;37;1019;0;0;3804;3821;30
30.04.2026;06:48:56;0,5;15,8;1,9;-12;37;1019;0;0;3787;3801;30
30.04.2026;06:48:57;0,5;15,8;1,9;-12;37;1019;0;0;3804;3802;30
30.04.2026;06:48:58;0,5;15,8;1,9;-12;37;1019;0;0;3783;3800;30
30.04.2026;06:48:59;0,5;15,8;1,9;-12;37;1019;0;0;3786;3801;30
30.04.2026;06:49:00;0,5;15,8;1,9;-12;37;1019;0;0;3801;3802;30
30.04.2026;06:49:01;0,5;15,9;1,9;-12;37;1019;0;0;3806;3804;30
30.04.2026;06:49:02;0,5;15,9;1,9;-12;37;1019;0;0;3808;3823;30
30.04.2026;06:49:03;0,5;15,9;1,9;-12;37;1019;0;0;3816;3831;30
30.04.2026;06:49:04;0,5;15,9;1,9;-12;37;1019;0;0;3813;3827;30
30.04.2026;06:49:05;0,5;15,9;1,9;-12;37;1019;0;0;3813;3828;30
30.04.2026;06:49:06;0,5;16;1,8;-12;37;1019;0;0;3833;3833;30
30.04.2026;06:49:08;0,5;16;1,8;-12;37;1019;0;0;3815;3832;30
30.04.2026;06:49:09;0,5;16;1,9;-12;37;1019;0;0;3835;3833;30
30.04.2026;06:49:10;0,5;16;1,8;-12;37;1019;0;0;3819;3834;30
30.04.2026;06:49:11;0,5;16;1,8;-12;37;1019;0;0;3815;3832;30
30.04.2026;06:49:12;0,5;16,1;1,8;-12;37;1019;0;0;3818;3832;30
30.04.2026;06:49:13;0,5;16,1;1,8;-12;37;1019;0;0;3835;3834;30
30.04.2026;06:49:14;0,5;16,1;1,8;-12;37;1019;0;0;3836;3834;30
30.04.2026;06:49:15;0,5;16,1;1,8;-12;37;1019;0;0;3815;3832;30
30.04.2026;06:49:16;0,5;16,1;1,9;-12;37;1019;0;0;3814;3828;30
30.04.2026;06:49:17;0,5;16,2;1,9;-12;37;1019;0;0;3810;3825;30
30.04.2026;06:49:18;0,5;16,2;1,9;-12;37;1019;0;0;3813;3827;30
30.04.2026;06:49:20;0,5;16,2;1,9;-12;37;1019;0;0;3811;3826;30
30.04.2026;06:49:21;0,5;16,2;1,9;-12;37;1019;0;0;3811;3826;30
30.04.2026;06:49:22;0,5;16,2;1,8;-12;37;1019;0;0;3811;3826;30
30.04.2026;06:49:23;0,5;16,3;1,9;-12;37;1019;0;0;3810;3827;30
30.04.2026;06:49:24;0,5;16,3;1,9;-12;37;1019;0;0;3808;3825;30
30.04.2026;06:49:26;0,5;16,3;1,9;-12;37;1019;0;0;3809;3824;30
30.04.2026;06:49:27;0,5;16,3;1,9;-12;37;1019;0;0;3809;3827;30
30.04.2026;06:49:28;0,5;16,3;1,8;-12;37;1019;0;0;3808;3825;30
30.04.2026;06:49:29;0,5;16,4;1,8;-12;37;1019;0;0;3808;3824;30
30.04.2026;06:49:30;0,5;16,4;1,8;-12;37;1019;0;0;3808;3823;30
30.04.2026;06:49:31;0,5;16,4;1,9;-12;37;1019;0;0;3810;3827;30
30.04.2026;06:49:32;0,5;16,4;1,8;-12;37;1019;0;0;3811;3827;30
30.04.2026;06:49:33;0,5;16,4;1,9;-12;37;1019;0;0;3808;3824;30
30.04.2026;06:49:35;0,5;16,5;1,8;-12;37;1019;0;0;3805;3821;30
30.04.2026;06:49:36;0,5;16,5;1,8;-12;37;1019;0;0;3807;3823;30
30.04.2026;06:49:37;0,5;16,5;1,8;-12;37;1019;0;0;3807;3823;30
30.04.2026;06:49:38;0,5;16,5;1,9;-12;37;1019;0;0;3807;3823;30
30.04.2026;06:49:39;0,5;16,5;1,9;-12;37;1019;0;0;3805;3803;30
30.04.2026;06:49:40;0,5;16,5;1,9;-12;37;1019;0;0;3805;3802;30
30.04.2026;06:49:41;0,5;16,5;1,8;-12;37;1019;0;0;3809;3824;30
30.04.2026;06:49:42;0,5;16,6;1,8;-12;37;1019;0;0;3808;3825;30
30.04.2026;06:49:44;0,5;16,6;1,9;-12;37;1019;0;0;3810;3827;30
30.04.2026;06:49:45;0,5;16,6;1,9;-12;37;1019;0;0;3811;3827;30
30.04.2026;06:49:46;0,5;16,6;1,8;-12;37;1019;0;0;3813;3829;30
30.04.2026;06:49:47;0,5;16,6;1,8;-12;37;1019;0;0;3813;3827;30
30.04.2026;06:49:48;0,5;16,7;1,9;-12;37;1019;0;0;3812;3827;30
30.04.2026;06:49:49;0,5;16,7;1,8;-12;37;1019;0;0;3809;3826;30
30.04.2026;06:49:50;0,5;16,7;1,8;-12;37;1019;0;0;3810;3824;30
30.04.2026;06:49:51;0,6;16,7;1,8;-12;37;1019;0;0;3808;3824;30
30.04.2026;06:49:52;0,6;16,7;1,9;-12;37;1019;0;0;3811;3825;30
30.04.2026;06:49:53;0,6;16,8;1,8;-12;37;1019;0;0;3809;3825;30
30.04.2026;06:49:54;0,6;16,8;1,8;-12;37;1019;0;0;3811;3829;30
30.04.2026;06:49:55;0,6;16,8;1,8;-12;37;1019;0;0;3812;3829;30
30.04.2026;06:49:56;0,6;16,8;1,9;-12;37;1019;0;0;3812;3828;30
30.04.2026;06:49:58;0,6;16,8;1,8;-12;37;1019;0;0;3817;3831;30
30.04.2026;06:49:59;0,6;16,9;1,8;-12;37;1019;0;0;3816;3830;30
30.04.2026;06:50:00;0,6;16,9;1,9;-12;37;1019;0;0;3811;3828;30
30.04.2026;06:50:01;0,6;16,9;1,8;-12;37;1019;0;0;3806;3804;30
30.04.2026;06:50:02;0,6;16,9;1,9;-12;37;1019;0;0;3802;3801;30
30.04.2026;06:50:03;0,6;16,9;1,8;-12;37;1019;0;0;3784;3799;30
30.04.2026;06:50:04;0,6;17;1,9;-12;37;1019;0;0;3782;3799;30
30.04.2026;06:50:05;0,6;17;1,9;-12;37;1019;0;0;3780;3797;30
30.04.2026;06:50:07;0,6;17;1,9;-12;37;1019;0;0;3782;3798;30
30.04.2026;06:50:08;0,6;17;1,9;-12;37;1019;0;0;3787;3802;30
30.04.2026;06:50:09;0,6;17;1,9;-12;37;1019;0;0;3806;3823;30
30.04.2026;06:50:10;0,6;17,1;1,9;-12;37;1019;0;0;3806;3824;30
30.04.2026;06:50:11;0,6;17,1;1,9;-12;37;1019;0;0;3804;3822;30
30.04.2026;06:50:12;0,6;17,1;1,9;-12;37;1019;0;0;3805;3821;30
30.04.2026;06:50:13;0,6;17,1;1,9;-12;37;1019;0;0;3811;3826;30
30.04.2026;06:50:15;0,6;17,1;1,8;-12;37;1019;0;0;3809;3824;30
30.04.2026;06:50:16;0,6;17,2;1,8;-12;37;1019;0;0;3809;3825;30
30.04.2026;06:50:17;0,6;17,2;1,8;-12;37;1019;0;0;3808;3824;30
30.04.2026;06:50:18;0,6;17,2;1,9;-12;37;1019;0;0;3804;3820;30
30.04.2026;06:50:19;0,6;17,2;1,9;-12;37;1019;0;0;3786;3817;30
30.04.2026;06:50:20;0,6;17,3;1,9;-12;37;1019;0;0;3785;3801;30
30.04.2026;06:50:21;0,6;17,3;1,8;-12;37;1019;0;0;3785;3800;30
30.04.2026;06:50:22;0,6;17,3;1,8;-12;37;1019;0;0;3783;3799;30
30.04.2026;06:50:24;0,6;17,3;1,8;-12;37;1019;0;0;3782;3798;30
30.04.2026;06:50:25;0,6;17,3;1,8;-12;37;1019;0;0;3783;3800;30
30.04.2026;06:50:26;0,6;17,3;1,9;-12;37;1019;0;0;3785;3802;30
30.04.2026;06:50:27;0,6;17,3;1,9;-12;37;1019;0;0;3782;3799;30
30.04.2026;06:50:28;0,6;17,3;1,9;-12;37;1019;0;0;3782;3797;30
30.04.2026;06:50:29;0,6;17,4;1,9;-12;37;1019;0;0;3784;3799;30
30.04.2026;06:50:31;0,6;17,4;1,9;-12;37;1019;0;0;3779;3797;30
30.04.2026;06:50:32;0,6;17,4;1,9;-12;37;1019;0;0;3784;3799;30
30.04.2026;06:50:33;0,6;17,4;1,9;-12;37;1019;0;0;3808;3822;30
30.04.2026;06:50:34;0,6;17,5;1,9;-12;37;1019;0;0;3805;3803;30
30.04.2026;06:50:35;0,6;17,5;1,9;-12;37;1019;0;0;3786;3803;30
30.04.2026;06:50:36;0,6;17,5;1,9;-12;37;1019;0;0;3808;3822;30
30.04.2026;06:50:37;0,6;17,5;1,9;-12;37;1019;0;0;3804;3804;30
30.04.2026;06:50:38;0,6;17,5;1,9;-12;37;1019;0;0;3807;3823;30
30.04.2026;06:50:39;0,6;17,6;1,9;-12;37;1019;0;0;3787;3801;30
30.04.2026;06:50:40;0,6;17,6;1,9;-12;37;1019;0;0;3784;3798;30
30.04.2026;06:50:41;0,6;17,6;1,9;-12;37;1019;0;0;3780;3797;30
30.04.2026;06:50:43;0,6;17,6;1,9;-12;37;1019;0;0;3780;3797;30
30.04.2026;06:50:44;0,6;17,6;1,8;-12;37;1019;0;0;3779;3796;30
30.04.2026;06:50:45;0,6;17,6;1,8;-12;37;1019;0;0;3779;3794;30
30.04.2026;06:50:46;0,6;17,6;1,8;-12;37;1019;0;0;3776;3791;30
30.04.2026;06:50:47;0,6;17,6;1,8;-12;37;1019;0;0;3773;3772;30
30.04.2026;06:50:48;0,6;17,7;1,8;-12;37;1019;0;0;3752;3784;30
30.04.2026;06:50:50;0,6;17,7;1,9;-12;37;1019;0;0;3752;3767;30
30.04.2026;06:50:51;0,6;17,7;1,9;-12;37;1019;0;0;3774;3773;30
30.04.2026;06:50:52;0,6;17,7;1,9;-12;37;1019;0;0;3774;3772;30
30.04.2026;06:50:53;0,7;17,8;1,9;-12;37;1019;0;0;3781;3796;30
30.04.2026;06:50:54;0,7;17,8;1,9;-12;37;1019;0;0;3781;3796;30
30.04.2026;06:50:55;0,7;17,8;1,9;-12;37;1019;0;0;3786;3800;30
30.04.2026;06:50:56;0,7;17,8;1,9;-12;37;1019;0;0;3785;3801;30
30.04.2026;06:50:57;0,7;17,8;1,9;-12;37;1019;0;0;3803;3804;30
30.04.2026;06:50:58;0,7;17,8;1,8;-12;37;1019;0;0;3803;3804;30
30.04.2026;06:50:59;0,7;17,9;1,9;-12;37;1019;0;0;3784;3799;30
30.04.2026;06:51:00;0,7;17,9;1,9;-12;37;1019;0;0;3785;3801;30
30.04.2026;06:51:01;0,7;17,9;1,9;-12;37;1019;0;0;3802;3803;30
30.04.2026;06:51:03;0,7;17,9;1,9;-12;37;1019;0;0;3804;3804;30
30.04.2026;06:51:04;0,7;17,9;1,9;-12;37;1019;0;0;3784;3801;30
30.04.2026;06:51:05;0,7;17,9;1,9;-12;37;1019;0;0;3781;3798;30
30.04.2026;06:51:06;0,7;17,9;1,9;-12;37;1019;0;0;3777;3794;30
30.04.2026;06:51:07;0,7;18;1,9;-12;37;1019;0;0;3777;3791;30
30.04.2026;06:51:08;0,7;18;1,9;-12;37;1019;0;0;3776;3794;30
30.04.2026;06:51:09;0,7;18;1,9;-12;37;1019;0;0;3781;3795;30
30.04.2026;06:51:10;0,7;18;1,9;-12;37;1019;0;0;3779;3793;30
30.04.2026;06:51:11;0,7;18;1,8;-12;37;1019;0;0;3779;3793;30
30.04.2026;06:51:13;0,7;18,1;1,9;-12;37;1019;0;0;3779;3793;30
30.04.2026;06:51:14;0,7;18,1;1,9;-12;37;1019;0;0;3780;3794;30
30.04.2026;06:51:15;0,7;18,1;1,9;-12;37;1019;0;0;3778;3792;30
30.04.2026;06:51:16;0,7;18,1;1,9;-12;37;1019;0;0;3777;3794;30
30.04.2026;06:51:17;0,7;18,1;1,9;-12;37;1019;0;0;3778;3794;30
30.04.2026;06:51:18;0,7;18,1;1,9;-12;37;1019;0;0;3783;3797;30
30.04.2026;06:51:19;0,7;18,1;1,9;-12;37;1019;0;0;3784;3799;30
30.04.2026;06:51:20;0,7;18,2;1,9;-12;37;1019;0;0;3784;3798;30
30.04.2026;06:51:21;0,7;18,2;1,9;-12;37;1019;0;0;3785;3800;30
30.04.2026;06:51:22;0,7;18,2;1,9;-12;37;1019;0;0;3784;3800;30
30.04.2026;06:51:23;0,7;18,2;1,9;-12;37;1019;0;0;3787;3800;30
30.04.2026;06:51:24;0,7;18,2;1,9;-12;37;1019;0;0;3782;3798;30
30.04.2026;06:51:25;0,7;18,2;1,9;-12;37;1019;0;0;3786;3800;30
30.04.2026;06:51:26;0,7;18,3;1,9;-12;37;1019;0;0;3784;3798;30
30.04.2026;06:51:28;0,7;18,3;1,9;-12;37;1019;0;0;3784;3798;30
30.04.2026;06:51:29;0,7;18,3;2;-11;37;1019;0;0;3806;3822;30
30.04.2026;06:51:30;0,7;18,3;1,9;-12;37;1019;0;0;3809;3822;30
30.04.2026;06:51:31;0,7;18,3;1,9;-12;37;1019;0;0;3807;3822;30
30.04.2026;06:51:32;0,7;18,4;1,9;-12;37;1019;0;0;3808;3822;30
30.04.2026;06:51:33;0,7;18,4;1,9;-12;37;1019;0;0;3807;3823;30
30.04.2026;06:51:34;0,7;18,4;1,9;-12;37;1019;0;0;3807;3823;30
30.04.2026;06:51:36;0,7;18,4;1,9;-12;37;1019;0;0;3807;3806;30
30.04.2026;06:51:37;0,7;18,4;1,9;-12;37;1019;0;0;3805;3822;30
30.04.2026;06:51:38;0,7;18,4;1,9;-12;37;1019;0;0;3786;3800;30
30.04.2026;06:51:39;0,7;18,4;1,9;-12;37;1019;0;0;3783;3799;30
30.04.2026;06:51:40;0,7;18,4;1,9;-12;37;1019;0;0;3783;3799;30
30.04.2026;06:51:41;0,7;18,5;1,9;-12;37;1019;0;0;3803;3803;30
30.04.2026;06:51:42;0,7;18,5;1,9;-12;37;1019;0;0;3786;3801;30
30.04.2026;06:51:43;0,7;18,5;1,9;-12;37;1019;0;0;3786;3801;30
30.04.2026;06:51:44;0,7;18,5;1,9;-12;37;1019;0;0;3801;3801;30
30.04.2026;06:51:45;0,7;18,6;1,9;-12;37;1019;0;0;3801;3802;30
30.04.2026;06:51:46;0,7;18,6;1,9;-12;37;1019;0;0;3801;3802;30
30.04.2026;06:51:47;0,7;18,6;1,9;-12;37;1019;0;0;3801;3802;30
30.04.2026;06:51:48;0,7;18,6;1,9;-12;37;1019;0;0;3803;3802;30
30.04.2026;06:51:50;0,7;18,6;1,9;-12;37;1019;0;0;3803;3803;30
30.04.2026;06:51:51;0,7;18,7;1,9;-12;37;1019;0;0;3802;3802;30
30.04.2026;06:51:52;0,7;18,7;1,9;-12;37;1019;0;0;3805;3804;30
30.04.2026;06:51:53;0,7;18,7;1,9;-12;37;1019;0;0;3804;3802;30
30.04.2026;06:51:54;0,7;18,7;1,9;-12;37;1019;0;0;3802;3803;30
30.04.2026;06:51:55;0,7;18,7;1,9;-12;37;1019;0;0;3809;3824;30
30.04.2026;06:51:56;0,7;18,7;1,8;-12;37;1019;0;0;3814;3830;30
30.04.2026;06:51:57;0,7;18,7;1,9;-12;37;1019;0;0;3813;3828;30
30.04.2026;06:51:58;0,7;18,7;1,9;-12;37;1019;0;0;3813;3827;30
30.04.2026;06:51:59;0,8;18,8;1,9;-12;37;1019;0;0;3810;3824;30
30.04.2026;06:52:00;0,8;18,8;1,9;-12;37;1019;0;0;3808;3825;30
30.04.2026;06:52:01;0,8;18,8;1,9;-12;37;1019;0;0;3809;3825;30
30.04.2026;06:52:02;0,8;18,8;1,9;-12;37;1019;0;0;3810;3826;30
30.04.2026;06:52:03;0,8;18,8;1,9;-12;37;1019;0;0;3810;3825;30
30.04.2026;06:52:05;0,8;18,8;1,9;-12;37;1019;0;0;3810;3826;30
30.04.2026;06:52:06;0,8;18,8;1,9;-12;37;1019;0;0;3805;3822;30
30.04.2026;06:52:07;0,8;18,8;1,9;-12;37;1019;0;0;3806;3823;30
30.04.2026;06:52:08;0,8;18,9;2;-11;37;1019;0;0;3808;3822;30
30.04.2026;06:52:09;0,8;18,9;1,9;-12;37;1019;0;0;3810;3822;30
30.04.2026;06:52:10;0,8;18,9;1,9;-12;37;1019;0;0;3812;3825;30
30.04.2026;06:52:11;0,8;18,9;1,9;-12;37;1019;0;0;3811;3825;30
30.04.2026;06:52:12;0,8;18,9;1,9;-12;37;1019;0;0;3813;3826;30
30.04.2026;06:52:13;0,8;19;1,9;-12;37;1019;0;0;3806;3822;30
30.04.2026;06:52:14;0,8;19;1,9;-12;37;1019;0;0;3809;3822;30
30.04.2026;06:52:15;0,8;19;1,9;-12;37;1019;0;0;3805;3802;30
30.04.2026;06:52:16;0,8;19;1,9;-12;37;1019;0;0;3805;3802;30
30.04.2026;06:52:17;0,8;19;1,9;-12;37;1019;0;0;3804;3801;30
30.04.2026;06:52:19;0,8;19;1,9;-12;37;1019;0;0;3805;3802;30
30.04.2026;06:52:20;0,8;19;1,9;-12;37;1019;0;0;3787;3817;30
30.04.2026;06:52:21;0,8;19,1;1,9;-12;37;1018;0;0;3810;3825;30
30.04.2026;06:52:22;0,8;19,1;1,9;-12;37;1019;0;0;3809;3825;30
30.04.2026;06:52:23;0,8;19,1;1,9;-12;37;1019;0;0;3814;3828;30
30.04.2026;06:52:24;0,8;19,1;1,9;-12;37;1019;0;0;3813;3826;30
30.04.2026;06:52:25;0,8;19,1;1,9;-12;37;1019;0;0;3808;3824;30
30.04.2026;06:52:26;0,8;19,2;1,9;-12;37;1019;0;0;3807;3823;30
30.04.2026;06:52:27;0,8;19,2;1,9;-12;37;1019;0;0;3813;3826;30
30.04.2026;06:52:28;0,8;19,2;1,9;-12;37;1019;0;0;3814;3830;30
30.04.2026;06:52:30;0,8;19,2;1,9;-12;37;1019;0;0;3833;3832;30
30.04.2026;06:52:31;0,8;19,2;1,9;-12;37;1019;0;0;3816;3831;30
30.04.2026;06:52:32;0,8;19,2;1,9;-12;37;1019;0;0;3814;3829;30
30.04.2026;06:52:33;0,8;19,2;1,9;-12;37;1019;0;0;3815;3828;30
30.04.2026;06:52:34;0,8;19,2;1,9;-12;37;1019;0;0;3833;3832;30
30.04.2026;06:52:35;0,8;19,3;1,9;-12;37;1019;0;0;3815;3830;30
30.04.2026;06:52:36;0,8;19,3;1,9;-12;37;1019;0;0;3816;3830;30
30.04.2026;06:52:37;0,8;19,3;1,9;-12;37;1019;0;0;3815;3828;30
30.04.2026;06:52:38;0,8;19,3;1,9;-12;37;1019;0;0;3810;3826;30
30.04.2026;06:52:39;0,8;19,3;1,9;-12;37;1019;0;0;3815;3829;30
30.04.2026;06:52:40;0,8;19,3;1,9;-12;37;1019;0;0;3814;3827;30
30.04.2026;06:52:41;0,8;19,3;1,9;-12;37;1019;0;0;3815;3828;30
30.04.2026;06:52:42;0,8;19,3;1,9;-12;37;1019;0;0;3836;3834;30
30.04.2026;06:52:43;0,8;19,4;1,9;-12;37;1019;0;0;3834;3834;30
30.04.2026;06:52:44;0,8;19,4;1,9;-12;37;1019;0;0;3837;3834;30
30.04.2026;06:52:46;0,8;19,4;1,9;-12;37;1019;0;0;3835;3832;30
30.04.2026;06:52:47;0,8;19,4;1,9;-12;37;1019;0;0;3833;3832;30
30.04.2026;06:52:48;0,8;19,4;1,9;-12;37;1019;0;0;3814;3827;30
30.04.2026;06:52:49;0,8;19,5;1,9;-12;37;1019;0;0;3809;3822;30
30.04.2026;06:52:50;0,8;19,5;1,9;-12;37;1019;0;0;3806;3822;30
30.04.2026;06:52:51;0,8;19,5;1,9;-12;37;1019;0;0;3806;3803;30
30.04.2026;06:52:52;0,9;19,5;1,9;-12;37;1019;0;0;3804;3801;30
30.04.2026;06:52:53;0,9;19,5;1,9;-12;37;1019;0;0;3785;3798;30
30.04.2026;06:52:54;0,9;19,5;1,9;-12;37;1019;0;0;3800;3798;30
30.04.2026;06:52:55;0,9;19,5;1,9;-12;37;1019;0;0;3801;3801;30
30.04.2026;06:52:56;0,9;19,6;1,9;-12;37;1019;0;0;3811;3824;30
30.04.2026;06:52:58;0,9;19,6;1,9;-12;37;1019;0;0;3809;3825;30
30.04.2026;06:52:59;0,9;19,6;1,9;-12;37;1019;0;0;3812;3826;30
30.04.2026;06:53:00;0,9;19,6;1,9;-12;37;1019;0;0;3813;3828;30
30.04.2026;06:53:01;0,9;19,6;1,9;-12;37;1019;0;0;3814;3830;30
30.04.2026;06:53:02;0,9;19,6;1,9;-12;37;1019;0;0;3816;3830;30
30.04.2026;06:53:03;0,9;19,6;1,9;-12;37;1019;0;0;3818;3831;30
30.04.2026;06:53:04;0,9;19,6;1,9;-12;37;1019;0;0;3818;3848;30
30.04.2026;06:53:05;0,9;19,7;1,9;-12;37;1019;0;0;3835;3832;30
30.04.2026;06:53:06;0,9;19,7;1,9;-12;37;1019;0;0;3833;3833;30
30.04.2026;06:53:07;0,9;19,7;1,9;-12;37;1019;0;0;3817;3831;30
30.04.2026;06:53:08;0,9;19,7;1,9;-12;37;1019;0;0;3813;3829;30
30.04.2026;06:53:10;0,9;19,7;1,9;-12;37;1019;0;0;3814;3828;30
30.04.2026;06:53:11;0,9;19,7;1,9;-12;37;1019;0;0;3812;3828;30
30.04.2026;06:53:12;0,9;19,7;1,9;-12;37;1019;0;0;3813;3827;30
30.04.2026;06:53:13;0,9;19,7;1,9;-12;37;1019;0;0;3810;3825;30
30.04.2026;06:53:14;0,9;19,8;1,9;-12;37;1019;0;0;3806;3821;30
30.04.2026;06:53:15;0,9;19,8;1,9;-12;37;1019;0;0;3806;3822;30
30.04.2026;06:53:16;0,9;19,8;1,9;-12;37;1019;0;0;3808;3823;30
30.04.2026;06:53:17;0,9;19,8;1,9;-12;37;1019;0;0;3810;3825;30
30.04.2026;06:53:18;0,9;19,8;1,9;-12;37;1019;0;0;3812;3825;30
30.04.2026;06:53:19;0,9;19,9;1,9;-12;37;1019;0;0;3809;3822;30
30.04.2026;06:53:20;0,9;19,9;1,9;-12;37;1019;0;0;3811;3824;30
30.04.2026;06:53:22;0,9;19,9;1,9;-12;37;1019;0;0;3810;3826;30
30.04.2026;06:53:22;0,9;19,9;1,9;-12;37;1019;0;0;3810;3824;30
30.04.2026;06:53:24;0,9;19,9;1,9;-12;37;1019;0;0;3811;3826;30
30.04.2026;06:53:25;0,9;19,9;1,9;-12;37;1019;0;0;3814;3827;30
30.04.2026;06:53:26;0,9;19,9;1,9;-12;37;1019;0;0;3816;3829;30
30.04.2026;06:53:27;0,9;20;1,9;-12;37;1019;0;0;3813;3826;30
30.04.2026;06:53:28;0,9;20;1,9;-12;37;1019;0;0;3807;3821;30
30.04.2026;06:53:29;0,9;20;1,9;-12;37;1019;0;0;3805;3821;30
30.04.2026;06:53:30;0,9;20;1,9;-12;37;1019;0;0;3801;3800;30
30.04.2026;06:53:31;0,9;20;1,9;-12;37;1019;0;0;3802;3802;30
30.04.2026;06:53:32;0,9;20;1,9;-12;37;1019;0;0;3804;3800;30
30.04.2026;06:53:33;0,9;20;1,9;-12;37;1019;0;0;3803;3818;30
30.04.2026;06:53:35;0,9;20,1;1,9;-12;37;1019;0;0;3803;3802;30
30.04.2026;06:53:36;0,9;20,1;1,9;-12;37;1019;0;0;3809;3822;30
30.04.2026;06:53:37;0,9;20,1;1,9;-12;37;1019;0;0;3808;3824;30
30.04.2026;06:53:38;0,9;20,1;1,9;-12;37;1019;0;0;3810;3823;30
30.04.2026;06:53:39;0,9;20,1;1,9;-12;37;1019;0;0;3809;3823;30
30.04.2026;06:53:40;0,9;20,1;1,9;-12;37;1019;0;0;3805;3802;30
30.04.2026;06:53:41;0,9;20,2;1,9;-12;37;1019;0;0;3801;3801;30
30.04.2026;06:53:42;0,9;20,2;1,9;-12;37;1019;0;0;3786;3799;30
30.04.2026;06:53:43;0,9;20,2;1,9;-12;37;1019;0;0;3798;3797;30
30.04.2026;06:53:44;0,9;20,2;1,9;-12;37;1019;0;0;3783;3797;30
30.04.2026;06:53:45;0,9;20,2;1,9;-12;37;1019;0;0;3779;3795;30
30.04.2026;06:53:46;0,9;20,2;1,9;-12;37;1019;0;0;3775;3791;30
30.04.2026;06:53:47;0,9;20,2;1,9;-12;37;1019;0;0;3772;3770;30
30.04.2026;06:53:48;0,9;20,3;1,9;-12;37;1019;0;0;3773;3789;30
30.04.2026;06:53:50;0,9;20,3;1,9;-12;37;1019;0;0;3770;3769;30
30.04.2026;06:53:51;0,9;20,3;1,9;-12;37;1019;0;0;3748;3765;30
30.04.2026;06:53:52;1;20,3;1,9;-12;37;1019;0;0;3749;3762;30
30.04.2026;06:53:53;1;20,3;1,9;-12;37;1019;0;0;3747;3762;30
30.04.2026;06:53:54;0,9;20,3;1,9;-12;37;1019;0;0;3752;3767;30
30.04.2026;06:53:55;0,9;20,3;1,9;-12;37;1019;0;0;3753;3767;30
30.04.2026;06:53:56;1;20,4;1,9;-12;37;1019;0;0;3754;3768;30
30.04.2026;06:53:57;1;20,4;2;-11;37;1019;0;0;3779;3795;30
30.04.2026;06:53:58;1;20,4;1,9;-12;37;1019;0;0;3808;3822;30
30.04.2026;06:53:59;1;20,4;1,9;-12;37;1019;0;0;3803;3803;30
30.04.2026;06:54:00;1;20,4;1,9;-12;37;1019;0;0;3804;3802;30
30.04.2026;06:54:01;1;20,4;1,9;-12;37;1019;0;0;3805;3802;30
30.04.2026;06:54:03;1;20,4;1,9;-12;37;1019;0;0;3806;3803;30
30.04.2026;06:54:04;1;20,4;1,9;-12;37;1019;0;0;3809;3822;30
30.04.2026;06:54:05;1;20,5;1,9;-12;37;1019;0;0;3808;3822;30
30.04.2026;06:54:06;1;20,5;1,9;-12;37;1019;0;0;3808;3824;30
30.04.2026;06:54:07;1;20,5;1,9;-12;37;1019;0;0;3810;3826;30
30.04.2026;06:54:08;1;20,5;1,9;-12;37;1019;0;0;3810;3824;30
30.04.2026;06:54:09;1;20,5;1,9;-12;37;1019;0;0;3812;3828;30
30.04.2026;06:54:10;1;20,6;1,9;-12;37;1019;0;0;3812;3828;30
30.04.2026;06:54:11;1;20,6;1,9;-12;37;1019;0;0;3812;3826;30
30.04.2026;06:54:12;1;20,6;1,9;-12;37;1019;0;0;3810;3823;30
30.04.2026;06:54:13;1;20,6;1,9;-12;37;1019;0;0;3807;3821;30
30.04.2026;06:54:14;1;20,6;1,9;-12;37;1019;0;0;3801;3801;30
30.04.2026;06:54:16;1;20,6;1,9;-12;37;1019;0;0;3782;3798;30
30.04.2026;06:54:17;1;20,6;1,9;-12;37;1019;0;0;3798;3797;30
30.04.2026;06:54:18;1;20,6;1,9;-12;37;1019;0;0;3780;3794;30
30.04.2026;06:54:19;1;20,7;1,9;-12;37;1019;0;0;3775;3791;30
30.04.2026;06:54:20;1;20,7;1,9;-12;37;1019;0;0;3773;3771;30
30.04.2026;06:54:21;1;20,7;1,9;-12;37;1019;0;0;3775;3788;30
30.04.2026;06:54:22;1;20,7;1,9;-12;37;1019;0;0;3779;3792;30
30.04.2026;06:54:23;1;20,7;2;-11;37;1019;0;0;3780;3793;30
30.04.2026;06:54:25;1;20,8;1,9;-12;37;1019;0;0;3772;3785;30
30.04.2026;06:54:26;1;20,8;1,9;-12;37;1019;0;0;3770;3770;30
30.04.2026;06:54:27;1;20,8;1,9;-12;37;1019;0;0;3772;3772;30
30.04.2026;06:54:28;1;20,8;1,9;-12;37;1019;0;0;3778;3792;30
30.04.2026;06:54:29;1;20,8;1,9;-12;37;1019;0;0;3779;3794;30
30.04.2026;06:54:30;1;20,8;1,9;-12;37;1019;0;0;3779;3792;30
30.04.2026;06:54:31;1;20,8;1,9;-12;37;1019;0;0;3779;3794;30
30.04.2026;06:54:33;1;20,9;1,9;-12;37;1019;0;0;3782;3795;30
30.04.2026;06:54:34;1;20,9;1,9;-12;37;1019;0;0;3784;3797;30
30.04.2026;06:54:35;1;20,9;1,9;-12;37;1019;0;0;3784;3798;30
30.04.2026;06:54:36;1;20,9;1,9;-12;37;1019;0;0;3784;3798;30
30.04.2026;06:54:37;1;20,9;1,9;-12;37;1019;0;0;3785;3798;30
30.04.2026;06:54:38;1;21;1,9;-12;37;1019;0;0;3799;3798;30
30.04.2026;06:54:39;1;21;1,9;-12;37;1019;0;0;3781;3796;30
30.04.2026;06:54:40;1;21;1,9;-12;37;1019;0;0;3783;3797;30
30.04.2026;06:54:41;1;21;1,9;-12;37;1019;0;0;3782;3797;30
30.04.2026;06:54:43;1;21;1,9;-12;37;1019;0;0;3784;3797;30
30.04.2026;06:54:44;1;21;1,9;-12;37;1019;0;0;3783;3796;30
30.04.2026;06:54:45;1;21;1,9;-12;37;1019;0;0;3779;3794;30
30.04.2026;06:54:46;1;21,1;1,9;-12;37;1019;0;0;3776;3791;30
30.04.2026;06:54:47;1;21,1;1,9;-12;37;1019;0;0;3775;3791;30
30.04.2026;06:54:48;1;21,1;1,9;-12;37;1019;0;0;3774;3771;30
30.04.2026;06:54:49;1;21,1;1,9;-12;37;1019;0;0;3772;3769;30
30.04.2026;06:54:50;1;21,1;1,9;-12;37;1019;0;0;3771;3771;30
30.04.2026;06:54:51;1;21,1;1,9;-12;37;1019;0;0;3774;3789;30
30.04.2026;06:54:53;1;21,1;2;-11;37;1019;0;0;3778;3794;30
30.04.2026;06:54:54;1;21,1;1,9;-12;37;1019;0;0;3778;3794;30
30.04.2026;06:54:55;1;21,2;1,9;-12;37;1019;0;0;3770;3770;30
30.04.2026;06:54:56;1;21,2;1,9;-12;37;1019;0;0;3747;3762;30
30.04.2026;06:54:57;1;21,2;1,9;-12;37;1019;0;0;3751;3764;30
30.04.2026;06:54:58;1;21,2;1,9;-12;37;1019;0;0;3749;3762;30
30.04.2026;06:54:59;1;21,2;1,9;-12;37;1019;0;0;3751;3767;30
30.04.2026;06:55:01;1;21,2;1,9;-12;37;1019;0;0;3771;3787;30
30.04.2026;06:55:02;1;21,2;1,9;-12;37;1019;0;0;3771;3771;30
30.04.2026;06:55:03;1,1;21,3;1,9;-12;37;1019;0;0;3775;3789;30
30.04.2026;06:55:04;1,1;21,3;1,9;-12;37;1019;0;0;3779;3795;30
30.04.2026;06:55:05;1;21,3;1,9;-12;37;1019;0;0;3781;3794;30
30.04.2026;06:55:06;1;21,3;1,9;-12;37;1019;0;0;3777;3794;30
30.04.2026;06:55:07;1;21,3;1,9;-12;37;1019;0;0;3778;3794;30
30.04.2026;06:55:08;1,1;21,3;1,9;-12;37;1019;0;0;3780;3794;30
30.04.2026;06:55:09;1,1;21,3;1,9;-12;37;1019;0;0;3778;3792;30
30.04.2026;06:55:10;1,1;21,4;1,9;-12;37;1019;0;0;3774;3790;30
30.04.2026;06:55:11;1,1;21,4;1,9;-12;37;1019;0;0;3776;3790;30
30.04.2026;06:55:12;1,1;21,4;1,9;-12;37;1019;0;0;3775;3792;30
30.04.2026;06:55:13;1,1;21,4;1,9;-12;37;1019;0;0;3776;3790;30
30.04.2026;06:55:14;1,1;21,4;1,9;-12;37;1019;0;0;3773;3789;30
30.04.2026;06:55:16;1,1;21,4;1,9;-12;37;1019;0;0;3769;3769;30
30.04.2026;06:55:17;1,1;21,4;1,9;-12;37;1019;0;0;3769;3769;30
30.04.2026;06:55:18;1,1;21,4;1,9;-12;37;1019;0;0;3778;3794;30
30.04.2026;06:55:19;1,1;21,5;1,9;-12;37;1019;0;0;3778;3791;30
30.04.2026;06:55:20;1,1;21,5;1,9;-12;37;1019;0;0;3780;3796;30
30.04.2026;06:55:21;1,1;21,5;1,9;-12;37;1019;0;0;3781;3795;30
30.04.2026;06:55:22;1,1;21,5;1,9;-12;37;1019;0;0;3778;3794;30
30.04.2026;06:55:24;1,1;21,5;1,9;-12;37;1019;0;0;3779;3794;30
30.04.2026;06:55:25;1,1;21,5;1,9;-12;37;1019;0;0;3780;3794;30
30.04.2026;06:55:26;1,1;21,5;1,9;-12;37;1019;0;0;3777;3794;30
30.04.2026;06:55:27;1,1;21,5;2;-11;37;1019;0;0;3779;3793;30
30.04.2026;06:55:28;1,1;21,6;1,9;-12;37;1019;0;0;3776;3793;30
30.04.2026;06:55:29;1,1;21,6;1,9;-12;37;1019;0;0;3779;3794;30
30.04.2026;06:55:30;1,1;21,6;1,9;-12;37;1019;0;0;3777;3794;30
30.04.2026;06:55:31;1,1;21,6;1,9;-12;37;1019;0;0;3781;3795;30
30.04.2026;06:55:32;1,1;21,7;1,9;-12;37;1019;0;0;3783;3797;30
30.04.2026;06:55:33;1,1;21,7;1,9;-12;37;1019;0;0;3782;3796;30
30.04.2026;06:55:34;1,1;21,7;1,9;-12;37;1019;0;0;3780;3796;30
30.04.2026;06:55:35;1,1;21,7;1,9;-12;37;1019;0;0;3779;3794;30
30.04.2026;06:55:36;1,1;21,7;2;-11;37;1019;0;0;3776;3794;30
30.04.2026;06:55:37;1,1;21,7;2;-11;37;1019;0;0;3776;3790;30
30.04.2026;06:55:38;1,1;21,7;2;-11;37;1019;0;0;3776;3791;30
30.04.2026;06:55:39;1,1;21,7;1,9;-12;37;1019;0;0;3775;3791;30
30.04.2026;06:55:40;1,1;21,7;2;-11;37;1019;0;0;3773;3772;30
30.04.2026;06:55:41;1,1;21,8;2;-11;37;1019;0;0;3773;3771;30
30.04.2026;06:55:42;1,1;21,8;2;-11;37;1019;0;0;3774;3788;30
30.04.2026;06:55:43;1,1;21,8;1,9;-12;37;1019;0;0;3774;3789;30
30.04.2026;06:55:45;1,1;21,8;1,9;-12;37;1019;0;0;3773;3789;30
30.04.2026;06:55:46;1,1;21,9;1,9;-12;37;1019;0;0;3775;3788;30
30.04.2026;06:55:47;1,1;21,9;1,9;-12;37;1019;0;0;3773;3787;30
30.04.2026;06:55:48;1,1;21,9;2;-11;37;1019;0;0;3755;3769;30
30.04.2026;06:55:49;1,1;21,9;2;-11;37;1019;0;0;3779;3795;30
30.04.2026;06:55:50;1,1;21,9;2;-11;37;1019;0;0;3784;3801;30
30.04.2026;06:55:51;1,1;21,9;2;-11;37;1019;0;0;3802;3803;30
30.04.2026;06:55:53;1,1;21,9;1,9;-12;37;1019;0;0;3785;3800;30
30.04.2026;06:55:54;1,1;21,9;2;-11;37;1019;0;0;3804;3820;30
30.04.2026;06:55:55;1,2;22;2;-11;37;1019;0;0;3807;3822;30
30.04.2026;06:55:56;1,2;22;2;-11;37;1019;0;0;3805;3822;30
30.04.2026;06:55:57;1,2;22;2;-11;37;1019;0;0;3810;3825;30
30.04.2026;06:55:58;1,2;21,9;2;-11;37;1019;0;0;3810;3827;30
30.04.2026;06:55:59;1,2;21,9;2;-11;37;1019;0;0;3808;3825;30
30.04.2026;06:56:00;1,2;21,9;2;-11;37;1019;0;0;3810;3824;30
30.04.2026;06:56:01;1,2;21,9;2;-11;37;1019;0;0;3811;3827;30
30.04.2026;06:56:02;1,2;21,9;2;-11;37;1019;0;0;3812;3826;30
30.04.2026;06:56:04;1,2;21,9;2;-11;37;1019;0;0;3813;3827;30
30.04.2026;06:56:05;1,2;21,9;2;-11;37;1019;0;0;3813;3827;30
30.04.2026;06:56:06;1,2;21,9;2;-11;37;1019;0;0;3811;3826;30
30.04.2026;06:56:07;1,2;21,9;2;-11;37;1019;0;0;3812;3828;30
30.04.2026;06:56:08;1,2;22;2;-11;37;1019;0;0;3812;3827;30
30.04.2026;06:56:09;1,2;22;2;-11;37;1019;0;0;3811;3827;30
30.04.2026;06:56:10;1,2;22;2;-11;37;1019;0;0;3813;3828;30
30.04.2026;06:56:11;1,2;22;2;-11;37;1019;0;0;3812;3828;30
30.04.2026;06:56:12;1,2;22;2;-11;37;1019;0;0;3809;3827;30
30.04.2026;06:56:14;1,2;22;2;-11;37;1019;0;0;3806;3824;30
30.04.2026;06:56:15;1,2;22;2;-11;37;1019;0;0;3805;3821;30
30.04.2026;06:56:16;1,2;22;2;-11;37;1019;0;0;3786;3801;30
30.04.2026;06:56:17;1,2;22;2;-11;37;1019;0;0;3785;3800;30
30.04.2026;06:56:18;1,2;22;2;-11;37;1019;0;0;3781;3797;30
30.04.2026;06:56:19;1,2;22;2;-11;37;1019;0;0;3780;3795;30
30.04.2026;06:56:20;1,2;22;2;-11;37;1019;0;0;3781;3796;30
30.04.2026;06:56:21;1,2;22;2;-11;37;1019;0;0;3799;3800;30
30.04.2026;06:56:22;1,2;22,1;2;-11;37;1019;0;0;3783;3799;30
30.04.2026;06:56:23;1,2;22,1;2;-11;37;1019;0;0;3803;3802;30
30.04.2026;06:56:24;1,2;22,1;2;-11;37;1019;0;0;3804;3803;30
30.04.2026;06:56:25;1,2;22,1;2;-11;37;1019;0;0;3804;3819;30
30.04.2026;06:56:26;1,2;22,1;2;-11;37;1019;0;0;3804;3820;30
30.04.2026;06:56:27;1,2;22,1;2;-11;37;1019;0;0;3806;3821;30
30.04.2026;06:56:29;1,2;22,1;2;-11;37;1019;0;0;3803;3820;30
30.04.2026;06:56:30;1,2;22,1;2;-11;37;1019;0;0;3785;3800;30
30.04.2026;06:56:31;1,2;22,2;2;-11;37;1019;0;0;3801;3802;30
30.04.2026;06:56:32;1,2;22,2;2;-11;37;1019;0;0;3803;3802;30
30.04.2026;06:56:33;1,2;22,2;2;-11;37;1019;0;0;3784;3799;30
30.04.2026;06:56:34;1,2;22,2;2;-11;37;1019;0;0;3804;3803;30
30.04.2026;06:56:35;1,2;22,2;2;-11;37;1019;0;0;3806;3821;30
30.04.2026;06:56:36;1,2;22,3;2;-11;37;1019;0;0;3806;3820;30
30.04.2026;06:56:37;1,2;22,3;2;-11;37;1019;0;0;3805;3803;30
30.04.2026;06:56:38;1,3;22,3;2;-11;37;1019;0;0;3783;3798;30
30.04.2026;06:56:39;1,3;22,3;2;-11;37;1019;0;0;3783;3798;30
30.04.2026;06:56:41;1,3;22,3;2;-11;37;1019;0;0;3805;3820;30
30.04.2026;06:56:42;1,3;22,3;2;-11;37;1019;0;0;3807;3822;30
30.04.2026;06:56:43;1,3;22,3;2;-11;37;1019;0;0;3803;3802;30
30.04.2026;06:56:44;1,3;22,4;2;-11;37;1019;0;0;3803;3802;30
30.04.2026;06:56:45;1,3;22,4;2;-11;37;1019;0;0;3802;3819;30
30.04.2026;06:56:46;1,3;22,4;2;-11;37;1019;0;0;3805;3820;30
30.04.2026;06:56:47;1,3;22,4;2;-11;37;1019;0;0;3805;3820;30
30.04.2026;06:56:48;1,3;22,4;2;-11;37;1019;0;0;3804;3820;30
30.04.2026;06:56:49;1,3;22,4;2;-11;37;1019;0;0;3809;3824;30
30.04.2026;06:56:50;1,3;22,4;2;-11;37;1019;0;0;3808;3824;30
30.04.2026;06:56:51;1,3;22,4;2;-11;37;1019;0;0;3786;3802;30
30.04.2026;06:56:52;1,3;22,5;2;-11;37;1019;0;0;3783;3798;30
30.04.2026;06:56:53;1,3;22,5;2;-11;37;1019;0;0;3801;3802;30
30.04.2026;06:56:55;1,3;22,5;2;-11;37;1019;0;0;3785;3801;30
30.04.2026;06:56:56;1,3;22,5;2;-11;37;1019;0;0;3800;3801;30
30.04.2026;06:56:57;1,3;22,5;2;-11;37;1019;0;0;3801;3802;30
30.04.2026;06:56:58;1,3;22,6;2;-11;37;1019;0;0;3805;3822;30
30.04.2026;06:56:59;1,3;22,6;2;-11;37;1019;0;0;3811;3826;30
30.04.2026;06:57:00;1,3;22,6;2;-11;37;1019;0;0;3811;3826;30
30.04.2026;06:57:01;1,3;22,6;2;-11;37;1019;0;0;3811;3827;30
30.04.2026;06:57:02;1,3;22,6;2,1;-11;37;1019;0;0;3812;3828;30
30.04.2026;06:57:03;1,3;22,6;2;-11;37;1019;0;0;3809;3827;30
30.04.2026;06:57:04;1,3;22,6;2;-11;37;1019;0;0;3808;3825;30
30.04.2026;06:57:05;1,3;22,7;2;-11;37;1019;0;0;3809;3824;30
30.04.2026;06:57:07;1,3;22,7;2;-11;37;1019;0;0;3809;3825;30
30.04.2026;06:57:08;1,3;22,7;2;-11;37;1019;0;0;3810;3826;30
30.04.2026;06:57:09;1,3;22,7;2;-11;37;1019;0;0;3809;3825;30
30.04.2026;06:57:10;1,3;22,7;2;-11;37;1019;0;0;3807;3823;30
30.04.2026;06:57:11;1,3;22,8;2;-11;37;1019;0;0;3807;3822;30
30.04.2026;06:57:12;1,3;22,8;2;-11;37;1019;0;0;3805;3822;30
30.04.2026;06:57:13;1,3;22,8;2;-11;37;1019;0;0;3805;3822;30
30.04.2026;06:57:14;1,3;22,8;2,1;-11;37;1019;0;0;3787;3804;30
30.04.2026;06:57:15;1,3;22,8;2,1;-11;37;1019;0;0;3804;3804;30
30.04.2026;06:57:17;1,3;22,9;2,1;-11;37;1019;0;0;3786;3802;30
30.04.2026;06:57:18;1,3;22,9;2,1;-11;37;1019;0;0;3803;3803;30
30.04.2026;06:57:19;1,3;22,9;2,1;-11;37;1019;0;0;3805;3821;30
30.04.2026;06:57:20;1,3;22,9;2,1;-11;37;1019;0;0;3805;3823;30
30.04.2026;06:57:21;1,3;22,9;2,1;-11;37;1019;0;0;3809;3826;30
30.04.2026;06:57:22;1,3;22,9;2,1;-11;37;1019;0;0;3810;3826;30
30.04.2026;06:57:23;1,3;22,9;2,1;-11;37;1019;0;0;3810;3826;30
30.04.2026;06:57:24;1,3;22,9;2,1;-11;37;1019;0;0;3809;3824;30
30.04.2026;06:57:25;1,3;23;2,1;-11;37;1019;0;0;3809;3825;30
30.04.2026;06:57:26;1,3;23;2,1;-11;37;1019;0;0;3809;3824;30
30.04.2026;06:57:28;1,3;23;2,1;-11;37;1019;0;0;3807;3825;30
30.04.2026;06:57:29;1,3;23;2,1;-11;37;1019;0;0;3808;3823;30
30.04.2026;06:57:30;1,3;23,1;2,1;-11;37;1019;0;0;3807;3822;30
30.04.2026;06:57:31;1,3;23,1;2,1;-11;37;1019;0;0;3805;3821;30
30.04.2026;06:57:32;1,3;23,1;2,1;-11;37;1019;0;0;3804;3803;30
30.04.2026;06:57:33;1,3;23,1;2,1;-11;37;1019;0;0;3802;3802;30
30.04.2026;06:57:34;1,3;23,1;2,1;-11;37;1019;0;0;3799;3801;30
30.04.2026;06:57:35;1,3;23,1;2,1;-11;37;1019;0;0;3783;3798;30
30.04.2026;06:57:36;1,3;23,1;2,1;-11;37;1019;0;0;3783;3798;30
30.04.2026;06:57:37;1,3;23,1;2,1;-11;37;1019;0;0;3779;3794;30
30.04.2026;06:57:39;1,3;23,2;2,1;-11;37;1019;0;0;3773;3791;30
30.04.2026;06:57:40;1,3;23,2;2,1;-11;37;1019;0;0;3755;3772;30
30.04.2026;06:57:41;1,3;23,2;2,1;-11;37;1019;0;0;3772;3772;30
30.04.2026;06:57:42;1,3;23,2;2,1;-11;37;1019;0;0;3770;3771;30
30.04.2026;06:57:43;1,3;23,2;2,1;-11;37;1019;0;0;3755;3770;30
30.04.2026;06:57:44;1,3;23,3;2,1;-11;37;1019;0;0;3752;3769;30
30.04.2026;06:57:45;1,3;23,3;2,1;-11;37;1019;0;0;3750;3765;30
30.04.2026;06:57:46;1,3;23,3;2,1;-11;37;1019;0;0;3768;3770;30
30.04.2026;06:57:47;1,4;23,3;2,1;-11;37;1019;0;0;3772;3790;30
30.04.2026;06:57:48;1,4;23,3;2,1;-11;37;1019;0;0;3769;3771;30
30.04.2026;06:57:49;1,3;23,3;2,1;-11;37;1019;0;0;3772;3788;30
30.04.2026;06:57:50;1,3;23,3;2,1;-11;37;1019;0;0;3772;3790;30
30.04.2026;06:57:52;1,3;23,3;2,1;-11;37;1019;0;0;3769;3770;30
30.04.2026;06:57:53;1,4;23,4;2,1;-11;37;1019;0;0;3752;3768;30
30.04.2026;06:57:54;1,4;23,4;2,1;-11;37;1019;0;0;3766;3767;30
30.04.2026;06:57:55;1,4;23,4;2,1;-11;37;1019;0;0;3746;3761;30
30.04.2026;06:57:56;1,4;23,4;2,1;-11;37;1019;0;0;3739;3755;30
30.04.2026;06:57:57;1,4;23,4;2,1;-11;37;1019;0;0;3743;3759;30
30.04.2026;06:57:58;1,4;23,4;2,1;-11;37;1019;0;0;3739;3758;30
30.04.2026;06:57:59;1,4;23,4;2,1;-11;37;1019;0;0;3742;3758;30
30.04.2026;06:58:01;1,4;23,5;2,1;-11;37;1019;0;0;3740;3759;30
30.04.2026;06:58:02;1,4;23,5;2,1;-11;37;1019;0;0;3741;3757;30
30.04.2026;06:58:03;1,4;23,5;2,1;-11;37;1019;0;0;3739;3755;30
30.04.2026;06:58:04;1,4;23,5;2,1;-11;37;1019;0;0;3740;3757;30
30.04.2026;06:58:05;1,4;23,5;2,1;-11;37;1019;0;0;3720;3737;30
30.04.2026;06:58:06;1,4;23,5;2,1;-11;37;1019;0;0;3718;3736;30
30.04.2026;06:58:07;1,4;23,5;2,2;-11;37;1019;0;0;3716;3732;30
30.04.2026;06:58:08;1,4;23,5;2,1;-11;37;1019;0;0;3710;3728;30
30.04.2026;06:58:09;1,4;23,6;2,2;-11;37;1019;0;0;3711;3727;30
30.04.2026;06:58:10;1,4;23,6;2,2;-11;37;1019;0;0;3708;3725;30
30.04.2026;06:58:11;1,4;23,6;2,2;-11;37;1019;0;0;3710;3728;30
30.04.2026;06:58:12;1,4;23,6;2,2;-11;37;1019;0;0;3717;3733;30
30.04.2026;06:58:14;1,4;23,6;2,2;-11;37;1019;0;0;3736;3735;30
30.04.2026;06:58:15;1,4;23,6;2,2;-11;37;1019;0;0;3736;3735;30
30.04.2026;06:58:16;1,4;23,6;2,2;-11;37;1019;0;0;3719;3734;30
30.04.2026;06:58:17;1,4;23,6;2,2;-11;37;1019;0;0;3743;3759;30
30.04.2026;06:58:18;1,4;23,6;2,2;-11;37;1019;0;0;3741;3757;30
30.04.2026;06:58:19;1,4;23,6;2,2;-11;37;1019;0;0;3739;3739;30
30.04.2026;06:58:20;1,4;23,7;2,2;-11;37;1019;0;0;3722;3738;30
30.04.2026;06:58:21;1,4;23,7;2,2;-11;37;1019;0;0;3739;3758;30
30.04.2026;06:58:22;1,4;23,7;2,2;-11;37;1019;0;0;3718;3734;30
30.04.2026;06:58:23;1,4;23,7;2,2;-11;37;1019;0;0;3707;3723;30
30.04.2026;06:58:24;1,4;23,7;2,2;-11;37;1019;0;0;3741;3758;30
30.04.2026;06:58:25;1,4;23,8;2,2;-11;37;1019;0;0;3742;3760;30
30.04.2026;06:58:26;1,4;23,8;2,2;-11;37;1019;0;0;3744;3759;30
30.04.2026;06:58:27;1,4;23,8;2,2;-11;37;1019;0;0;3741;3760;30
30.04.2026;06:58:28;1,4;23,8;2,2;-11;37;1019;0;0;3743;3759;30
30.04.2026;06:58:30;1,4;23,8;2,2;-11;37;1019;0;0;3742;3757;30
30.04.2026;06:58:31;1,4;23,8;2,2;-11;37;1019;0;0;3740;3757;30
30.04.2026;06:58:32;1,4;23,8;2,2;-11;37;1019;0;0;3738;3757;30
30.04.2026;06:58:33;1,4;23,9;2,2;-11;37;1019;0;0;3738;3755;30
30.04.2026;06:58:34;1,4;23,9;2,2;-11;37;1019;0;0;3717;3736;30
30.04.2026;06:58:35;1,4;23,9;2,2;-11;37;1019;0;0;3721;3736;30
30.04.2026;06:58:36;1,4;23,9;2,2;-11;37;1019;0;0;3741;3757;30
30.04.2026;06:58:37;1,4;23,9;2,2;-11;37;1019;0;0;3744;3761;30
30.04.2026;06:58:38;1,4;23,9;2,2;-11;37;1019;0;0;3745;3762;30
30.04.2026;06:58:39;1,4;23,9;2,2;-11;37;1019;0;0;3743;3759;30
30.04.2026;06:58:40;1,4;23,9;2,2;-11;37;1019;0;0;3744;3762;30
30.04.2026;06:58:41;1,4;24;2,2;-11;37;1019;0;0;3748;3765;30
30.04.2026;06:58:43;1,4;24;2,2;-11;37;1019;0;0;3748;3764;30
30.04.2026;06:58:44;1,4;24;2,2;-11;37;1019;0;0;3746;3765;30
30.04.2026;06:58:45;1,4;24;2,2;-11;37;1019;0;0;3747;3764;30
30.04.2026;06:58:46;1,4;24;2,3;-11;37;1019;0;0;3771;3787;30
30.04.2026;06:58:47;1,4;24,1;2,3;-11;37;1019;0;0;3773;3790;30
30.04.2026;06:58:48;1,4;24,1;2,3;-11;37;1019;0;0;3773;3789;30
30.04.2026;06:58:49;1,4;24,1;2,3;-11;37;1019;0;0;3774;3790;30
30.04.2026;06:58:50;1,4;24,1;2,3;-11;37;1019;0;0;3779;3795;30
30.04.2026;06:58:51;1,4;24,1;2,3;-11;37;1019;0;0;3783;3798;30
30.04.2026;06:58:52;1,4;24,1;2,3;-11;37;1019;0;0;3783;3798;30
30.04.2026;06:58:53;1,4;24,1;2,3;-11;37;1019;0;0;3778;3796;30
30.04.2026;06:58:54;1,4;24,1;2,3;-11;37;1019;0;0;3776;3792;30
30.04.2026;06:58:55;1,4;24,2;2,3;-11;37;1019;0;0;3773;3789;30
30.04.2026;06:58:56;1,4;24,2;2,3;-11;37;1019;0;0;3772;3791;30
30.04.2026;06:58:58;1,4;24,2;2,3;-11;37;1019;0;0;3774;3790;30
30.04.2026;06:58:59;1,5;24,2;2,3;-11;37;1019;0;0;3769;3787;30
30.04.2026;06:59:00;1,4;24,2;2,3;-11;37;1019;0;0;3769;3770;30
30.04.2026;06:59:01;1,4;24,2;2,3;-11;37;1019;0;0;3775;3791;30
30.04.2026;06:59:02;1,4;24,2;2,3;-11;37;1019;0;0;3783;3799;30
30.04.2026;06:59:03;1,5;24,3;2,3;-11;37;1019;0;0;3783;3800;30
30.04.2026;06:59:04;1,5;24,3;2,3;-11;37;1019;0;0;3783;3799;30
30.04.2026;06:59:05;1,5;24,3;2,3;-11;37;1019;0;0;3781;3797;30
30.04.2026;06:59:06;1,5;24,3;2,3;-11;37;1019;0;0;3783;3799;30
30.04.2026;06:59:07;1,5;24,3;2,3;-11;37;1019;0;0;3778;3797;30
30.04.2026;06:59:08;1,5;24,3;2,3;-11;37;1019;0;0;3778;3794;30
30.04.2026;06:59:09;1,5;24,3;2,3;-11;37;1019;0;0;3748;3766;30
30.04.2026;06:59:10;1,5;24,3;2,3;-11;37;1019;0;0;3744;3762;30
30.04.2026;06:59:11;1,5;24,4;2,3;-11;37;1019;0;0;3743;3762;30
30.04.2026;06:59:12;1,5;24,4;2,3;-11;37;1019;0;0;3743;3759;30
30.04.2026;06:59:13;1,5;24,4;2,3;-11;37;1019;0;0;3738;3757;30
30.04.2026;06:59:15;1,5;24,4;2,3;-11;37;1019;0;0;3721;3737;30
30.04.2026;06:59:16;1,5;24,4;2,3;-11;37;1019;0;0;3738;3738;30
30.04.2026;06:59:17;1,5;24,5;2,3;-11;37;1019;0;0;3741;3760;30
30.04.2026;06:59:18;1,5;24,5;2,3;-11;37;1019;0;0;3743;3762;30
30.04.2026;06:59:19;1,5;24,5;2,3;-11;37;1019;0;0;3737;3756;30
30.04.2026;06:59:20;1,5;24,5;2,3;-11;37;1019;0;0;3721;3737;30
30.04.2026;06:59:21;1,5;24,5;2,3;-11;37;1019;0;0;3720;3737;30
30.04.2026;06:59:22;1,5;24,6;2,3;-11;37;1019;0;0;3721;3737;30
30.04.2026;06:59:23;1,5;24,6;2,3;-11;37;1019;0;0;3747;3763;30
30.04.2026;06:59:24;1,5;24,6;2,3;-11;37;1019;0;0;3769;3788;30
30.04.2026;06:59:25;1,5;24,6;2,4;-11;37;1019;0;0;3752;3768;30
30.04.2026;06:59:27;1,5;24,6;2,4;-11;37;1019;0;0;3771;3788;30
30.04.2026;06:59:28;1,5;24,6;2,4;-11;37;1019;0;0;3780;3797;30
30.04.2026;06:59:29;1,5;24,6;2,4;-11;37;1019;0;0;3778;3796;30
30.04.2026;06:59:30;1,5;24,6;2,4;-11;37;1019;0;0;3776;3793;30
30.04.2026;06:59:31;1,5;24,7;2,4;-11;37;1019;0;0;3775;3793;30
30.04.2026;06:59:32;1,5;24,7;2,4;-11;37;1019;0;0;3782;3798;30
30.04.2026;06:59:33;1,5;24,7;2,4;-11;37;1019;0;0;3777;3796;30
30.04.2026;06:59:34;1,5;24,7;2,4;-11;37;1019;0;0;3747;3764;30
30.04.2026;06:59:35;1,5;24,7;2,4;-11;37;1019;0;0;3745;3764;30
30.04.2026;06:59:36;1,5;24,7;2,4;-11;37;1019;0;0;3742;3760;30
30.04.2026;06:59:37;1,5;24,7;2,4;-11;37;1019;0;0;3744;3760;30
30.04.2026;06:59:38;1,5;24,7;2,4;-11;37;1019;0;0;3744;3761;30
30.04.2026;06:59:40;1,5;24,8;2,4;-11;37;1019;0;0;3747;3762;30
30.04.2026;06:59:41;1,5;24,8;2,4;-11;37;1019;0;0;3750;3766;30
30.04.2026;06:59:42;1,5;24,8;2,4;-11;37;1019;0;0;3745;3762;30
30.04.2026;06:59:43;1,5;24,8;2,4;-11;37;1019;0;0;3746;3763;30
30.04.2026;06:59:44;1,5;24,9;2,4;-11;37;1019;0;0;3770;3771;30
30.04.2026;06:59:45;1,5;24,9;2,4;-11;37;1019;0;0;3772;3788;30
30.04.2026;06:59:46;1,5;24,9;2,4;-11;37;1019;0;0;3773;3791;30
30.04.2026;06:59:47;1,5;24,9;2,4;-11;37;1019;0;0;3776;3792;30
30.04.2026;06:59:48;1,5;24,9;2,4;-11;37;1019;0;0;3778;3795;30
30.04.2026;06:59:49;1,5;24,9;2,4;-11;37;1019;0;0;3776;3793;30
30.04.2026;06:59:50;1,5;24,9;2,4;-11;37;1019;0;0;3777;3794;30
30.04.2026;06:59:51;1,5;24,9;2,4;-11;37;1019;0;0;3774;3791;30
30.04.2026;06:59:52;1,5;24,9;2,4;-11;37;1019;0;0;3771;3787;30
30.04.2026;06:59:54;1,5;25;2,4;-11;37;1019;0;0;3746;3765;30
30.04.2026;06:59:55;1,5;25;2,4;-11;37;1019;0;0;3746;3765;30
30.04.2026;06:59:56;1,5;25;2,4;-11;37;1019;0;0;3748;3765;30
30.04.2026;06:59:57;1,5;25;2,4;-11;37;1019;0;0;3742;3759;30
30.04.2026;06:59:58;1,5;25;2,4;-11;37;1019;0;0;3721;3737;30
30.04.2026;06:59:59;1,5;25;2,4;-11;37;1019;0;0;3714;3733;30
30.04.2026;07:00:00;1,6;25,1;2,4;-11;37;1019;0;0;3716;3732;30
30.04.2026;07:00:01;1,6;25,1;2,4;-11;37;1019;0;0;3716;3735;30
30.04.2026;07:00:02;1,6;25,1;2,4;-11;37;1019;0;0;3719;3736;30
30.04.2026;07:00:04;1,5;25,1;2,4;-11;37;1019;0;0;3741;3760;30
30.04.2026;07:00:05;1,5;25,1;2,4;-11;37;1019;0;0;3744;3761;30
30.04.2026;07:00:06;1,5;25,1;2,5;-11;37;1019;0;0;3739;3759;30
30.04.2026;07:00:07;1,5;25,1;2,4;-11;37;1019;0;0;3718;3738;30
30.04.2026;07:00:08;1,5;25,1;2,5;-11;37;1019;0;0;3740;3757;30
30.04.2026;07:00:09;1,6;25,2;2,5;-11;37;1019;0;0;3741;3758;30
30.04.2026;07:00:10;1,6;25,2;2,5;-11;37;1019;0;0;3740;3759;30
30.04.2026;07:00:11;1,6;25,2;2,5;-11;37;1019;0;0;3741;3761;30
30.04.2026;07:00:13;1,6;25,2;2,5;-11;37;1019;0;0;3739;3759;30
30.04.2026;07:00:14;1,6;25,2;2,5;-11;37;1019;0;0;3738;3758;30
30.04.2026;07:00:15;1,6;25,2;2,5;-11;37;1019;0;0;3746;3765;30
30.04.2026;07:00:16;1,6;25,2;2,5;-11;37;1019;0;0;3777;3795;30
30.04.2026;07:00:17;1,6;25,3;2,5;-11;37;1019;0;0;3784;3801;30
30.04.2026;07:00:18;1,6;25,3;2,5;-11;37;1019;0;0;3782;3801;30
30.04.2026;07:00:19;1,6;25,3;2,5;-11;37;1019;0;0;3785;3818;30
30.04.2026;07:00:20;1,6;25,3;2,5;-11;37;1019;0;0;3785;3803;30
30.04.2026;07:00:22;1,6;25,3;2,5;-11;37;1019;0;0;3803;3821;30
30.04.2026;07:00:23;1,6;25,3;2,5;-11;37;1019;0;0;3800;3820;30
30.04.2026;07:00:24;1,6;25,3;2,5;-11;37;1019;0;0;3782;3802;30
30.04.2026;07:00:25;1,6;25,3;2,5;-11;37;1019;0;0;3803;3820;30
30.04.2026;07:00:26;1,6;25,4;2,5;-11;37;1019;0;0;3800;3820;30
30.04.2026;07:00:27;1,6;25,4;2,5;-11;37;1019;0;0;3799;3802;30
30.04.2026;07:00:28;1,6;25,4;2,5;-11;37;1019;0;0;3779;3796;30
30.04.2026;07:00:29;1,6;25,4;2,5;-11;37;1019;0;0;3776;3795;30
30.04.2026;07:00:30;1,6;25,4;2,5;-11;37;1019;0;0;3754;3770;30
30.04.2026;07:00:31;1,6;25,4;2,5;-11;37;1019;0;0;3748;3768;30
30.04.2026;07:00:33;1,6;25,4;2,5;-11;37;1019;0;0;3771;3787;30
30.04.2026;07:00:34;1,6;25,5;2,5;-11;37;1019;0;0;3744;3764;30
30.04.2026;07:00:35;1,6;25,5;2,5;-11;37;1019;0;0;3746;3764;30
30.04.2026;07:00:36;1,6;25,5;2,5;-11;37;1019;0;0;3747;3764;30
30.04.2026;07:00:37;1,6;25,5;2,5;-11;37;1019;0;0;3752;3769;30
30.04.2026;07:00:38;1,6;25,5;2,5;-11;37;1019;0;0;3771;3789;30
30.04.2026;07:00:39;1,6;25,5;2,5;-11;37;1019;0;0;3773;3790;30
30.04.2026;07:00:40;1,6;25,5;2,5;-11;37;1019;0;0;3751;3770;30
30.04.2026;07:00:41;1,6;25,5;2,5;-11;37;1019;0;0;3750;3768;30
30.04.2026;07:00:42;1,6;25,5;2,5;-11;37;1019;0;0;3749;3767;30
30.04.2026;07:00:43;1,6;25,5;2,5;-11;37;1019;0;0;3750;3767;30
30.04.2026;07:00:44;1,6;25,5;2,5;-11;37;1019;0;0;3747;3767;30
30.04.2026;07:00:46;1,6;25,5;2,5;-11;37;1019;0;0;3751;3768;30
30.04.2026;07:00:47;1,6;25,5;2,5;-11;37;1019;0;0;3747;3766;30
30.04.2026;07:00:48;1,6;25,5;2,5;-11;37;1019;0;0;3770;3772;30
30.04.2026;07:00:49;1,6;25,5;2,5;-11;37;1019;0;0;3776;3793;30
30.04.2026;07:00:50;1,6;25,5;2,5;-11;37;1019;0;0;3773;3790;30
30.04.2026;07:00:51;1,6;25,5;2,5;-11;37;1019;0;0;3747;3765;30
30.04.2026;07:00:52;1,6;25,5;2,5;-11;37;1019;0;0;3747;3765;30
30.04.2026;07:00:53;1,7;25,5;2,5;-11;37;1019;0;0;3747;3763;30
30.04.2026;07:00:54;1,7;25,5;2,5;-11;37;1019;0;0;3745;3764;30
30.04.2026;07:00:55;1,7;25,5;2,5;-11;37;1019;0;0;3750;3767;30
30.04.2026;07:00:56;1,7;25,5;2,5;-11;37;1019;0;0;3751;3769;30
30.04.2026;07:00:57;1,7;25,5;2,5;-11;37;1019;0;0;3771;3772;30
30.04.2026;07:00:58;1,7;25,5;2,5;-11;37;1019;0;0;3772;3772;30
30.04.2026;07:00:59;1,7;25,5;2,5;-11;37;1019;0;0;3753;3770;30
30.04.2026;07:01:00;1,7;25,5;2,5;-11;37;1019;0;0;3768;3770;30
30.04.2026;07:01:02;1,7;25,5;2,5;-11;37;1019;0;0;3771;3771;30
30.04.2026;07:01:03;1,7;25,5;2,5;-11;37;1019;0;0;3755;3771;30
30.04.2026;07:01:04;1,7;25,5;2,5;-11;37;1019;0;0;3771;3770;30
30.04.2026;07:01:05;1,7;25,5;2,5;-11;37;1019;0;0;3771;3789;30
30.04.2026;07:01:06;1,7;25,5;2,5;-11;37;1019;0;0;3774;3791;30
30.04.2026;07:01:07;1,7;25,6;2,5;-11;37;1019;0;0;3773;3792;30
30.04.2026;07:01:08;1,7;25,6;2,5;-11;37;1019;0;0;3777;3793;30
30.04.2026;07:01:09;1,7;25,6;2,5;-11;37;1019;0;0;3775;3791;30
30.04.2026;07:01:10;1,7;25,6;2,5;-11;37;1019;0;0;3772;3791;30
30.04.2026;07:01:11;1,7;25,6;2,5;-11;37;1019;0;0;3775;3794;30
30.04.2026;07:01:12;1,7;25,6;2,6;-11;37;1019;0;0;3778;3795;30
30.04.2026;07:01:13;1,7;25,6;2,6;-11;37;1019;0;0;3776;3792;30
30.04.2026;07:01:14;1,7;25,6;2,5;-11;37;1019;0;0;3775;3793;30
30.04.2026;07:01:16;1,7;25,7;2,6;-11;37;1019;0;0;3779;3797;30
30.04.2026;07:01:17;1,7;25,7;2,6;-11;37;1019;0;0;3783;3801;30
30.04.2026;07:01:18;1,7;25,7;2,5;-11;37;1019;0;0;3782;3798;30
30.04.2026;07:01:19;1,7;25,7;2,6;-11;37;1019;0;0;3782;3815;30
30.04.2026;07:01:20;1,7;25,7;2,6;-11;37;1019;0;0;3781;3800;30
30.04.2026;07:01:21;1,7;25,7;2,6;-11;37;1019;0;0;3780;3798;30
30.04.2026;07:01:22;1,7;25,8;2,6;-11;37;1019;0;0;3779;3798;30
30.04.2026;07:01:23;1,7;25,8;2,6;-11;37;1019;0;0;3785;3802;30
30.04.2026;07:01:24;1,7;25,8;2,6;-11;37;1019;0;0;3801;3801;30
30.04.2026;07:01:25;1,7;25,8;2,6;-11;37;1019;0;0;3798;3800;30
30.04.2026;07:01:27;1,7;25,8;2,6;-11;37;1019;0;0;3802;3821;30
30.04.2026;07:01:28;1,7;25,8;2,6;-11;37;1019;0;0;3803;3819;30
30.04.2026;07:01:29;1,7;25,8;2,6;-11;37;1019;0;0;3801;3820;30
30.04.2026;07:01:30;1,7;25,8;2,6;-11;37;1019;0;0;3802;3820;30
30.04.2026;07:01:31;1,7;25,8;2,6;-11;37;1019;0;0;3804;3821;30
30.04.2026;07:01:32;1,7;25,8;2,6;-11;37;1019;0;0;3803;3819;30
30.04.2026;07:01:33;1,7;25,8;2,6;-11;37;1019;0;0;3781;3799;30
30.04.2026;07:01:34;1,7;25,9;2,6;-11;37;1019;0;0;3782;3798;30
30.04.2026;07:01:35;1,7;25,9;2,6;-11;37;1019;0;0;3781;3799;30
30.04.2026;07:01:36;1,7;25,9;2,6;-11;37;1019;0;0;3781;3799;30
30.04.2026;07:01:37;1,7;25,9;2,6;-11;37;1019;0;0;3782;3798;30
30.04.2026;07:01:38;1,7;25,9;2,6;-11;37;1019;0;0;3776;3795;30
30.04.2026;07:01:40;1,7;26;2,6;-11;37;1019;0;0;3771;3790;30
30.04.2026;07:01:41;1,7;26;2,6;-11;37;1019;0;0;3773;3790;30
30.04.2026;07:01:42;1,7;26;2,6;-11;37;1019;0;0;3778;3793;30
30.04.2026;07:01:43;1,7;26;2,6;-11;37;1019;0;0;3775;3794;30
30.04.2026;07:01:44;1,7;26;2,6;-11;37;1019;0;0;3775;3793;30
30.04.2026;07:01:45;1,7;26;2,6;-11;37;1019;0;0;3775;3791;30
30.04.2026;07:01:46;1,7;26;2,6;-11;37;1019;0;0;3771;3787;30
30.04.2026;07:01:47;1,7;26,1;2,6;-11;37;1019;0;0;3767;3770;30
30.04.2026;07:01:48;1,7;26,1;2,6;-11;37;1019;0;0;3773;3789;30
30.04.2026;07:01:49;1,7;26,1;2,6;-11;37;1019;0;0;3770;3788;30
30.04.2026;07:01:50;1,7;26,1;2,6;-11;37;1019;0;0;3773;3789;30
30.04.2026;07:01:52;1,7;26,1;2,6;-11;37;1019;0;0;3743;3759;30
30.04.2026;07:01:53;1,7;26,1;2,6;-11;37;1019;0;0;3717;3736;30
30.04.2026;07:01:54;1,7;26,1;2,6;-11;37;1019;0;0;3719;3735;30
30.04.2026;07:01:55;1,7;26,1;2,6;-11;37;1019;0;0;3719;3735;30
30.04.2026;07:01:56;1,7;26,2;2,6;-11;37;1019;0;0;3718;3750;30
30.04.2026;07:01:57;1,7;26,2;2,6;-11;37;1019;0;0;3739;3758;30
30.04.2026;07:01:58;1,7;26,2;2,6;-11;37;1019;0;0;3742;3758;30
30.04.2026;07:01:59;1,7;26,2;2,6;-11;37;1019;0;0;3721;3736;30
30.04.2026;07:02:00;1,7;26,2;2,6;-11;37;1019;0;0;3716;3734;30
30.04.2026;07:02:01;1,7;26,3;2,6;-11;37;1019;0;0;3717;3736;30
30.04.2026;07:02:02;1,7;26,3;2,6;-11;37;1019;0;0;3737;3756;30
30.04.2026;07:02:03;1,7;26,3;2,6;-11;37;1019;0;0;3720;3753;30
30.04.2026;07:02:05;1,7;26,3;2,6;-11;37;1019;0;0;3736;3736;30
30.04.2026;07:02:06;1,7;26,3;2,6;-11;37;1019;0;0;3719;3735;30
30.04.2026;07:02:07;1,7;26,3;2,6;-11;37;1019;0;0;3708;3727;30
30.04.2026;07:02:08;1,7;26,3;2,6;-11;37;1019;0;0;3709;3728;30
30.04.2026;07:02:09;1,7;26,3;2,6;-11;37;1019;0;0;3705;3724;30
30.04.2026;07:02:10;1,7;26,3;2,6;-11;37;1019;0;0;3689;3721;30
30.04.2026;07:02:12;1,7;26,4;2,6;-11;37;1019;0;0;3684;3719;30
30.04.2026;07:02:13;1,7;26,4;2,6;-11;37;1019;0;0;3711;3728;30
30.04.2026;07:02:14;1,7;26,4;2,6;-11;37;1019;0;0;3718;3737;30
30.04.2026;07:02:15;1,7;26,4;2,6;-11;37;1019;0;0;3717;3736;30
30.04.2026;07:02:16;1,7;26,4;2,6;-11;37;1019;0;0;3720;3736;30
30.04.2026;07:02:17;1,7;26,4;2,6;-11;37;1019;0;0;3721;3736;30
30.04.2026;07:02:18;1,7;26,4;2,6;-11;37;1019;0;0;3722;3739;30
30.04.2026;07:02:19;1,7;26,4;2,6;-11;37;1019;0;0;3744;3759;30
30.04.2026;07:02:20;1,7;26,5;2,6;-11;37;1019;0;0;3748;3764;30
30.04.2026;07:02:22;1,7;26,5;2,6;-11;37;1019;0;0;3752;3768;30
30.04.2026;07:02:23;1,7;26,5;2,6;-11;37;1019;0;0;3769;3787;30
30.04.2026;07:02:24;1,7;26,5;2,6;-11;37;1019;0;0;3770;3788;30
30.04.2026;07:02:25;1,7;26,5;2,6;-11;37;1019;0;0;3772;3788;30
30.04.2026;07:02:26;1,7;26,5;2,6;-11;37;1019;0;0;3775;3791;30
30.04.2026;07:02:27;1,7;26,5;2,6;-11;37;1019;0;0;3773;3792;30
30.04.2026;07:02:28;1,7;26,5;2,6;-11;37;1019;0;0;3774;3792;30
30.04.2026;07:02:29;1,7;26,6;2,6;-11;37;1019;0;0;3771;3790;30
30.04.2026;07:02:30;1,7;26,6;2,6;-11;37;1019;0;0;3770;3788;30
30.04.2026;07:02:31;1,7;26,6;2,6;-11;37;1019;0;0;3752;3768;30
30.04.2026;07:02:32;1,7;26,6;2,6;-11;37;1019;0;0;3748;3767;30
30.04.2026;07:02:33;1,7;26,6;2,6;-11;37;1019;0;0;3754;3769;30
30.04.2026;07:02:34;1,7;26,6;2,6;-11;37;1019;0;0;3771;3772;30
30.04.2026;07:02:35;1,7;26,6;2,6;-11;37;1019;0;0;3769;3772;30
30.04.2026;07:02:36;1,7;26,6;2,6;-11;37;1019;0;0;3771;3790;30
30.04.2026;07:02:37;1,7;26,7;2,6;-11;37;1019;0;0;3775;3793;30
30.04.2026;07:02:38;1,7;26,7;2,6;-11;37;1019;0;0;3775;3792;30
30.04.2026;07:02:39;1,7;26,7;2,6;-11;37;1019;0;0;3780;3798;30
30.04.2026;07:02:41;1,7;26,7;2,6;-11;37;1019;0;0;3782;3800;30
30.04.2026;07:02:42;1,7;26,7;2,6;-11;37;1019;0;0;3781;3799;30
30.04.2026;07:02:43;1,7;26,7;2,6;-11;37;1019;0;0;3784;3800;30
30.04.2026;07:02:44;1,7;26,8;2,6;-11;37;1019;0;0;3785;3801;30
30.04.2026;07:02:45;1,7;26,8;2,6;-11;37;1019;0;0;3799;3801;30
30.04.2026;07:02:46;1,7;26,8;2,6;-11;37;1019;0;0;3783;3816;30
30.04.2026;07:02:47;1,7;26,8;2,6;-11;37;1019;0;0;3801;3818;30
30.04.2026;07:02:48;1,7;26,8;2,6;-11;37;1019;0;0;3786;3819;30
30.04.2026;07:02:49;1,7;26,8;2,6;-11;37;1019;0;0;3805;3820;30
30.04.2026;07:02:51;1,7;26,8;2,6;-11;37;1019;0;0;3805;3821;30
30.04.2026;07:02:52;1,7;26,8;2,6;-11;37;1019;0;0;3805;3824;30
30.04.2026;07:02:53;1,7;26,8;2,6;-11;37;1019;0;0;3803;3822;30
30.04.2026;07:02:54;1,7;26,8;2,6;-11;37;1019;0;0;3802;3819;30
30.04.2026;07:02:55;1,7;26,8;2,6;-11;37;1019;0;0;3803;3820;30
30.04.2026;07:02:56;1,7;26,9;2,6;-11;37;1019;0;0;3806;3822;30
30.04.2026;07:02:57;1,7;26,9;2,6;-11;37;1019;0;0;3799;3801;30
30.04.2026;07:02:58;1,7;26,9;2,6;-11;37;1019;0;0;3803;3820;30
30.04.2026;07:02:59;1,7;26,9;2,6;-11;37;1019;0;0;3803;3820;30
30.04.2026;07:03:00;1,7;26,9;2,6;-11;37;1019;0;0;3807;3824;30
30.04.2026;07:03:01;1,7;26,9;2,6;-11;37;1019;0;0;3803;3822;30
30.04.2026;07:03:02;1,7;26,9;2,6;-11;37;1019;0;0;3806;3822;30
30.04.2026;07:03:03;1,7;26,9;2,6;-11;37;1019;0;0;3805;3824;30
30.04.2026;07:03:04;1,7;26,9;2,6;-11;37;1019;0;0;3801;3820;30
30.04.2026;07:03:05;1,7;26,9;2,6;-11;37;1019;0;0;3799;3802;30
30.04.2026;07:03:06;1,7;27;2,6;-11;37;1019;0;0;3783;3799;30
30.04.2026;07:03:07;1,7;27;2,6;-11;37;1019;0;0;3779;3795;30
30.04.2026;07:03:08;1,7;27;2,6;-11;37;1019;0;0;3777;3794;30
30.04.2026;07:03:09;1,7;27;2,6;-11;37;1019;0;0;3771;3791;30
30.04.2026;07:03:10;1,7;27;2,6;-11;37;1019;0;0;3776;3795;30
30.04.2026;07:03:11;1,7;27;2,6;-11;37;1019;0;0;3779;3795;30
30.04.2026;07:03:12;1,7;27;2,6;-11;37;1019;0;0;3777;3793;30
30.04.2026;07:03:14;1,7;27;2,6;-11;37;1019;0;0;3774;3792;30
30.04.2026;07:03:15;1,7;27;2,6;-11;37;1019;0;0;3772;3789;30
30.04.2026;07:03:16;1,7;27;2,6;-11;37;1019;0;0;3776;3792;30
30.04.2026;07:03:17;1,7;27;2,6;-11;37;1019;0;0;3779;3794;30
30.04.2026;07:03:18;1,7;27,1;2,6;-11;37;1019;0;0;3775;3793;30
30.04.2026;07:03:19;1,7;27,1;2,6;-11;37;1019;0;0;3776;3792;30
30.04.2026;07:03:20;1,7;27,1;2,6;-11;37;1019;0;0;3777;3794;30
30.04.2026;07:03:22;1,7;27,1;2,6;-11;37;1019;0;0;3777;3794;30
30.04.2026;07:03:23;1,7;27,1;2,6;-11;37;1019;0;0;3774;3793;30
30.04.2026;07:03:24;1,7;27,1;2,6;-11;37;1019;0;0;3773;3789;30
30.04.2026;07:03:25;1,7;27,1;2,6;-11;37;1019;0;0;3772;3788;30
30.04.2026;07:03:26;1,7;27,1;2,6;-11;37;1019;0;0;3773;3789;30
30.04.2026;07:03:27;1,7;27,1;2,6;-11;37;1019;0;0;3773;3789;30
30.04.2026;07:03:28;1,7;27,1;2,6;-11;37;1019;0;0;3770;3788;30
30.04.2026;07:03:29;1,7;27,2;2,6;-11;37;1019;0;0;3753;3769;30
30.04.2026;07:03:30;1,7;27,2;2,6;-11;37;1019;0;0;3749;3765;30
30.04.2026;07:03:31;1,7;27,2;2,6;-11;37;1019;0;0;3770;3786;30
30.04.2026;07:03:32;1,7;27,2;2,6;-11;37;1019;0;0;3754;3770;30
30.04.2026;07:03:33;1,8;27,2;2,6;-11;37;1019;0;0;3751;3767;30
30.04.2026;07:03:35;1,8;27,2;2,6;-11;37;1019;0;0;3751;3766;30
30.04.2026;07:03:36;1,8;27,2;2,6;-11;37;1019;0;0;3752;3768;30
30.04.2026;07:03:37;1,7;27,2;2,6;-11;37;1019;0;0;3768;3770;30
30.04.2026;07:03:38;1,7;27,2;2,6;-11;37;1019;0;0;3749;3765;30
30.04.2026;07:03:39;1,7;27,2;2,7;-11;37;1019;0;0;3748;3765;30
30.04.2026;07:03:40;1,8;27,3;2,6;-11;37;1019;0;0;3750;3767;30
30.04.2026;07:03:41;1,8;27,3;2,6;-11;37;1019;0;0;3749;3766;30
30.04.2026;07:03:42;1,7;27,3;2,7;-11;37;1019;0;0;3746;3762;30
30.04.2026;07:03:44;1,7;27,3;2,7;-11;37;1019;0;0;3744;3760;30
30.04.2026;07:03:45;1,7;27,3;2,7;-11;37;1019;0;0;3744;3760;30
30.04.2026;07:03:46;1,8;27,3;2,7;-11;37;1019;0;0;3740;3757;30
30.04.2026;07:03:47;1,8;27,3;2,7;-11;37;1019;0;0;3745;3760;30
30.04.2026;07:03:48;1,8;27,3;2,7;-11;37;1019;0;0;3753;3769;30
30.04.2026;07:03:49;1,8;27,3;2,7;-11;37;1019;0;0;3779;3795;30
30.04.2026;07:03:50;1,8;27,4;2,6;-11;37;1019;0;0;3775;3793;30
30.04.2026;07:03:51;1,8;27,4;2,7;-11;37;1019;0;0;3773;3792;30
30.04.2026;07:03:52;1,8;27,4;2,6;-11;37;1019;0;0;3774;3790;30
30.04.2026;07:03:54;1,8;27,4;2,7;-11;37;1019;0;0;3750;3782;30
30.04.2026;07:03:55;1,8;27,4;2,7;-11;37;1019;0;0;3748;3765;30
30.04.2026;07:03:56;1,7;27,4;2,7;-11;37;1019;0;0;3744;3762;30
30.04.2026;07:03:57;1,7;27,4;2,7;-11;37;1019;0;0;3749;3765;30
30.04.2026;07:03:58;1,7;27,4;2,7;-11;37;1019;0;0;3768;3770;30
30.04.2026;07:03:59;1,8;27,4;2,7;-11;37;1019;0;0;3772;3790;30
30.04.2026;07:04:00;1,8;27,4;2,7;-11;37;1019;0;0;3772;3789;30
30.04.2026;07:04:01;1,8;27,5;2,7;-11;37;1019;0;0;3770;3789;30
30.04.2026;07:04:02;1,8;27,5;2,7;-11;37;1019;0;0;3750;3767;30
30.04.2026;07:04:03;1,8;27,5;2,7;-11;37;1019;0;0;3750;3766;30
30.04.2026;07:04:04;1,8;27,5;2,7;-11;37;1019;0;0;3750;3766;30
30.04.2026;07:04:05;1,8;27,5;2,7;-11;37;1019;0;0;3749;3764;30
30.04.2026;07:04:06;1,8;27,5;2,7;-11;37;1019;0;0;3771;3789;30
30.04.2026;07:04:07;1,8;27,5;2,7;-11;37;1019;0;0;3770;3771;30
30.04.2026;07:04:08;1,8;27,5;2,7;-11;37;1019;0;0;3780;3796;30
30.04.2026;07:04:09;1,8;27,5;2,7;-11;37;1019;0;0;3779;3797;30
30.04.2026;07:04:11;1,8;27,5;2,7;-11;37;1019;0;0;3801;3800;30
30.04.2026;07:04:12;1,8;27,5;2,7;-11;37;1019;0;0;3801;3801;30
30.04.2026;07:04:13;1,8;27,6;2,7;-11;37;1019;0;0;3785;3802;30
30.04.2026;07:04:14;1,8;27,6;2,7;-11;37;1019;0;0;3785;3801;30
30.04.2026;07:04:15;1,8;27,6;2,7;-11;37;1019;0;0;3782;3799;30
30.04.2026;07:04:16;1,8;27,6;2,7;-11;37;1019;0;0;3782;3798;30
30.04.2026;07:04:17;1,8;27,6;2,7;-11;37;1019;0;0;3780;3798;30
30.04.2026;07:04:18;1,8;27,6;2,7;-11;37;1019;0;0;3783;3800;30
30.04.2026;07:04:19;1,8;27,6;2,7;-11;37;1019;0;0;3782;3800;30
30.04.2026;07:04:20;1,8;27,6;2,7;-11;37;1019;0;0;3781;3798;30
30.04.2026;07:04:21;1,8;27,6;2,7;-11;37;1019;0;0;3782;3797;30
30.04.2026;07:04:22;1,8;27,6;2,7;-11;37;1019;0;0;3778;3796;30
30.04.2026;07:04:24;1,8;27,7;2,7;-11;37;1019;0;0;3782;3799;30
30.04.2026;07:04:25;1,8;27,7;2,8;-11;37;1019;0;0;3781;3795;30
30.04.2026;07:04:26;1,8;27,7;2,7;-11;37;1019;0;0;3780;3795;30
30.04.2026;07:04:27;1,8;27,7;2,7;-11;37;1019;0;0;3781;3796;30
30.04.2026;07:04:28;1,8;27,7;2,7;-11;37;1019;0;0;3781;3796;30
30.04.2026;07:04:29;1,8;27,7;2,7;-11;37;1019;0;0;3776;3794;30
30.04.2026;07:04:30;1,8;27,7;2,7;-11;37;1019;0;0;3773;3788;30
30.04.2026;07:04:32;1,8;27,7;2,7;-11;37;1019;0;0;3770;3771;30
30.04.2026;07:04:33;1,8;27,7;2,7;-11;37;1019;0;0;3771;3770;30
30.04.2026;07:04:34;1,8;27,7;2,7;-11;37;1019;0;0;3753;3767;30
30.04.2026;07:04:35;1,8;27,7;2,7;-11;37;1019;0;0;3750;3767;30
30.04.2026;07:04:36;1,8;27,7;2,7;-11;37;1019;0;0;3751;3765;30
30.04.2026;07:04:37;1,8;27,8;2,7;-11;37;1019;0;0;3746;3764;30
30.04.2026;07:04:38;1,8;27,8;2,7;-11;37;1019;0;0;3771;3789;30
30.04.2026;07:04:39;1,8;27,8;2,7;-11;37;1019;0;0;3780;3797;30
30.04.2026;07:04:40;1,8;27,8;2,7;-11;37;1019;0;0;3778;3794;30
30.04.2026;07:04:42;1,8;27,8;2,7;-11;37;1019;0;0;3780;3796;30
30.04.2026;07:04:43;1,8;27,8;2,7;-11;37;1019;0;0;3782;3798;30
30.04.2026;07:04:44;1,8;27,8;2,7;-11;37;1019;0;0;3782;3796;30
30.04.2026;07:04:45;1,8;27,8;2,7;-11;37;1019;0;0;3800;3801;30
30.04.2026;07:04:46;1,8;27,8;2,7;-11;37;1019;0;0;3798;3799;30
30.04.2026;07:04:47;1,8;27,9;2,7;-11;37;1019;0;0;3782;3798;30
30.04.2026;07:04:49;1,8;27,9;2,7;-11;37;1019;0;0;3782;3797;30
30.04.2026;07:04:50;1,8;27,9;2,7;-11;37;1019;0;0;3781;3796;30
30.04.2026;07:04:51;1,8;27,9;2,7;-11;37;1019;0;0;3776;3794;30
30.04.2026;07:04:52;1,8;27,9;2,7;-11;37;1019;0;0;3776;3791;30
30.04.2026;07:04:53;1,8;27,9;2,7;-11;37;1019;0;0;3773;3790;30
30.04.2026;07:04:54;1,8;27,9;2,7;-11;37;1019;0;0;3768;3768;30
30.04.2026;07:04:55;1,8;27,9;2,7;-11;37;1019;0;0;3769;3771;30
30.04.2026;07:04:56;1,8;27,9;2,7;-11;37;1019;0;0;3753;3768;30
30.04.2026;07:04:58;1,8;27,9;2,7;-11;37;1019;0;0;3771;3787;30
30.04.2026;07:04:59;1,8;27,9;2,7;-11;37;1019;0;0;3769;3769;30
30.04.2026;07:05:00;1,8;27,9;2,7;-11;37;1019;0;0;3770;3770;30
30.04.2026;07:05:01;1,8;27,9;2,7;-11;37;1019;0;0;3770;3770;30
30.04.2026;07:05:02;1,8;28;2,7;-11;37;1019;0;0;3767;3769;30
30.04.2026;07:05:03;1,8;28;2,7;-11;37;1019;0;0;3750;3766;30
30.04.2026;07:05:04;1,8;28;2,7;-11;37;1019;0;0;3747;3765;30
30.04.2026;07:05:05;1,8;28;2,7;-11;37;1019;0;0;3766;3769;30
30.04.2026;07:05:06;1,8;28;2,7;-11;37;1019;0;0;3750;3769;30
30.04.2026;07:05:07;1,8;28;2,7;-11;37;1019;0;0;3770;3786;30
30.04.2026;07:05:08;1,8;28;2,7;-11;37;1019;0;0;3770;3769;30
30.04.2026;07:05:10;1,8;28;2,7;-11;37;1019;0;0;3771;3789;30
30.04.2026;07:05:11;1,8;28;2,7;-11;37;1019;0;0;3771;3789;30
30.04.2026;07:05:12;1,8;28;2,7;-11;37;1019;0;0;3774;3788;30
30.04.2026;07:05:13;1,8;28;2,7;-11;37;1019;0;0;3773;3788;30
30.04.2026;07:05:14;1,8;28;2,7;-11;37;1019;0;0;3751;3783;30
30.04.2026;07:05:15;1,8;28;2,7;-11;37;1019;0;0;3752;3768;30
30.04.2026;07:05:16;1,8;28,1;2,7;-11;37;1019;0;0;3769;3770;30
30.04.2026;07:05:17;1,8;28,1;2,7;-11;37;1019;0;0;3749;3767;30
30.04.2026;07:05:19;1,8;28,1;2,7;-11;37;1019;0;0;3747;3763;30
30.04.2026;07:05:20;1,8;28,1;2,7;-11;37;1019;0;0;3748;3764;30
30.04.2026;07:05:21;1,8;28,1;2,7;-11;37;1019;0;0;3752;3769;30
30.04.2026;07:05:22;1,8;28,1;2,7;-11;37;1019;0;0;3771;3771;30
30.04.2026;07:05:23;1,8;28,1;2,7;-11;37;1019;0;0;3749;3767;30
30.04.2026;07:05:24;1,8;28,1;2,7;-11;37;1019;0;0;3751;3768;30
30.04.2026;07:05:25;1,8;28,1;2,7;-11;37;1019;0;0;3766;3769;30
30.04.2026;07:05:26;1,8;28,2;2,7;-11;37;1019;0;0;3744;3760;30
30.04.2026;07:05:27;1,8;28,2;2,7;-11;37;1019;0;0;3742;3761;30
30.04.2026;07:05:29;1,8;28,2;2,7;-11;37;1019;0;0;3746;3762;30
30.04.2026;07:05:30;1,8;28,2;2,8;-11;37;1019;0;0;3768;3787;30
30.04.2026;07:05:31;1,8;28,2;2,7;-11;37;1019;0;0;3772;3790;30
30.04.2026;07:05:32;1,8;28,2;2,7;-11;37;1019;0;0;3775;3794;30
30.04.2026;07:05:33;1,8;28,2;2,8;-11;37;1019;0;0;3778;3794;30
30.04.2026;07:05:34;1,8;28,2;2,7;-11;37;1019;0;0;3775;3791;30
30.04.2026;07:05:35;1,8;28,2;2,7;-11;37;1019;0;0;3779;3795;30
30.04.2026;07:05:36;1,8;28,2;2,8;-11;37;1019;0;0;3779;3797;30
30.04.2026;07:05:37;1,8;28,2;2,7;-11;37;1019;0;0;3782;3815;30
30.04.2026;07:05:38;1,8;28,2;2,7;-11;37;1019;0;0;3800;3801;30
30.04.2026;07:05:39;1,8;28,2;2,8;-11;37;1019;0;0;3785;3801;30
30.04.2026;07:05:40;1,8;28,3;2,8;-11;37;1019;0;0;3784;3817;30
30.04.2026;07:05:41;1,8;28,3;2,8;-11;37;1019;0;0;3780;3799;30
30.04.2026;07:05:42;1,8;28,3;2,8;-11;37;1019;0;0;3778;3797;30
30.04.2026;07:05:43;1,8;28,3;2,8;-11;37;1019;0;0;3779;3796;30
30.04.2026;07:05:45;1,8;28,3;2,8;-11;37;1019;0;0;3779;3798;30
30.04.2026;07:05:46;1,8;28,3;2,8;-11;37;1019;0;0;3782;3798;30
30.04.2026;07:05:47;1,8;28,3;2,8;-11;37;1019;0;0;3781;3798;30
30.04.2026;07:05:48;1,8;28,3;2,8;-11;37;1019;0;0;3781;3798;30
30.04.2026;07:05:49;1,8;28,4;2,8;-11;37;1019;0;0;3800;3801;30
30.04.2026;07:05:50;1,8;28,4;2,8;-11;37;1019;0;0;3782;3799;30
30.04.2026;07:05:51;1,8;28,4;2,8;-11;37;1019;0;0;3778;3797;30
30.04.2026;07:05:52;1,8;28,4;2,8;-11;37;1019;0;0;3778;3797;30
30.04.2026;07:05:53;1,8;28,4;2,8;-11;37;1019;0;0;3778;3797;30
30.04.2026;07:05:54;1,8;28,4;2,8;-11;37;1019;0;0;3780;3799;30
30.04.2026;07:05:55;1,8;28,4;2,8;-11;37;1019;0;0;3778;3795;30
30.04.2026;07:05:56;1,8;28,4;2,8;-11;37;1019;0;0;3782;3798;30
30.04.2026;07:05:57;1,8;28,5;2,8;-11;37;1019;0;0;3779;3798;30
30.04.2026;07:05:58;1,8;28,5;2,8;-11;37;1019;0;0;3774;3794;30
30.04.2026;07:05:59;1,8;28,5;2,8;-11;37;1019;0;0;3775;3795;30
30.04.2026;07:06:01;1,8;28,5;2,8;-11;37;1019;0;0;3770;3788;30
30.04.2026;07:06:02;1,8;28,5;2,8;-11;37;1019;0;0;3769;3786;30
30.04.2026;07:06:03;1,8;28,5;2,8;-11;37;1019;0;0;3767;3786;30
30.04.2026;07:06:04;1,8;28,5;2,8;-11;37;1019;0;0;3772;3789;30
30.04.2026;07:06:05;1,8;28,5;2,8;-11;37;1019;0;0;3772;3791;30
30.04.2026;07:06:06;1,8;28,5;2,8;-11;37;1019;0;0;3771;3788;30
30.04.2026;07:06:07;1,8;28,6;2,8;-11;37;1019;0;0;3770;3789;30
30.04.2026;07:06:08;1,8;28,6;2,8;-11;37;1019;0;0;3771;3788;30
30.04.2026;07:06:09;1,8;28,6;2,8;-11;37;1019;0;0;3754;3787;30
30.04.2026;07:06:10;1,8;28,6;2,8;-11;37;1019;0;0;3751;3768;30
30.04.2026;07:06:11;1,8;28,6;2,8;-11;37;1019;0;0;3746;3764;30
30.04.2026;07:06:13;1,8;28,6;2,8;-11;37;1019;0;0;3748;3768;30
30.04.2026;07:06:14;1,8;28,6;2,8;-11;37;1019;0;0;3747;3766;30
30.04.2026;07:06:15;1,8;28,6;2,8;-11;37;1019;0;0;3749;3765;30
30.04.2026;07:06:16;1,8;28,6;2,8;-11;37;1019;0;0;3746;3765;30
30.04.2026;07:06:17;1,8;28,6;2,8;-11;37;1019;0;0;3747;3765;30
30.04.2026;07:06:18;1,8;28,6;2,8;-11;37;1019;0;0;3749;3768;30
30.04.2026;07:06:19;1,8;28,6;2,8;-11;37;1019;0;0;3770;3788;30
30.04.2026;07:06:21;1,8;28,6;2,8;-11;37;1019;0;0;3766;3769;30
30.04.2026;07:06:22;1,8;28,7;2,8;-11;37;1019;0;0;3746;3763;30
30.04.2026;07:06:23;1,8;28,7;2,8;-11;37;1019;0;0;3744;3761;30
30.04.2026;07:06:24;1,8;28,7;2,8;-11;37;1019;0;0;3740;3759;30
30.04.2026;07:06:25;1,8;28,7;2,8;-11;37;1019;0;0;3748;3768;30
30.04.2026;07:06:26;1,8;28,7;2,8;-11;37;1019;0;0;3744;3764;30
30.04.2026;07:06:27;1,8;28,7;2,8;-11;37;1019;0;0;3743;3762;30
30.04.2026;07:06:28;1,8;28,7;2,8;-11;37;1019;0;0;3747;3767;30
30.04.2026;07:06:29;1,8;28,7;2,8;-11;37;1019;0;0;3742;3762;30
30.04.2026;07:06:30;1,8;28,7;2,8;-11;37;1019;0;0;3740;3758;30
30.04.2026;07:06:31;1,8;28,8;2,8;-11;37;1019;0;0;3744;3762;30
30.04.2026;07:06:32;1,8;28,8;2,8;-11;37;1019;0;0;3741;3759;30
30.04.2026;07:06:33;1,8;28,8;2,8;-11;37;1019;0;0;3737;3755;30
30.04.2026;07:06:34;1,8;28,8;2,8;-11;37;1019;0;0;3715;3735;30
30.04.2026;07:06:36;1,8;28,8;2,8;-11;37;1019;0;0;3735;3736;30
30.04.2026;07:06:37;1,8;28,8;2,8;-11;37;1019;0;0;3740;3759;30
30.04.2026;07:06:38;1,8;28,8;2,8;-11;37;1019;0;0;3739;3757;30
30.04.2026;07:06:39;1,8;28,8;2,8;-11;37;1019;0;0;3736;3756;30
30.04.2026;07:06:40;1,8;28,8;2,8;-11;37;1019;0;0;3737;3756;30
30.04.2026;07:06:41;1,8;28,8;2,8;-11;37;1019;0;0;3740;3758;30
30.04.2026;07:06:42;1,8;28,8;2,8;-11;37;1019;0;0;3740;3757;30
30.04.2026;07:06:44;1,8;28,8;2,8;-11;37;1019;0;0;3741;3759;30
30.04.2026;07:06:45;1,8;28,9;2,8;-11;37;1019;0;0;3742;3758;30
30.04.2026;07:06:46;1,8;28,9;2,8;-11;37;1019;0;0;3741;3762;30
30.04.2026;07:06:47;1,8;28,9;2,8;-11;37;1019;0;0;3744;3762;30
30.04.2026;07:06:48;1,8;28,9;2,8;-11;37;1019;0;0;3745;3763;30
30.04.2026;07:06:49;1,8;28,9;2,8;-11;37;1019;0;0;3745;3762;30
30.04.2026;07:06:50;1,8;28,9;2,8;-11;37;1019;0;0;3744;3764;30
30.04.2026;07:06:52;1,8;28,9;2,8;-11;37;1019;0;0;3769;3787;30
30.04.2026;07:06:53;1,8;28,9;2,8;-11;37;1019;0;0;3778;3795;30
30.04.2026;07:06:54;1,8;28,9;2,8;-11;37;1019;0;0;3778;3795;30
30.04.2026;07:06:55;1,8;28,9;2,8;-11;37;1019;0;0;3780;3798;30
30.04.2026;07:06:56;1,8;28,9;2,8;-11;37;1019;0;0;3774;3791;30
30.04.2026;07:06:57;1,8;28,9;2,8;-11;37;1019;0;0;3772;3790;30
30.04.2026;07:06:58;1,8;28,9;2,8;-11;37;1019;0;0;3773;3792;30
30.04.2026;07:06:59;1,8;29;2,8;-11;37;1019;0;0;3776;3796;30
30.04.2026;07:07:00;1,8;29;2,8;-11;37;1019;0;0;3779;3797;30
30.04.2026;07:07:02;1,8;29;2,8;-11;37;1019;0;0;3781;3799;30
30.04.2026;07:07:03;1,8;29;2,8;-11;37;1019;0;0;3780;3799;30
30.04.2026;07:07:04;1,8;29;2,8;-11;37;1019;0;0;3780;3798;30
30.04.2026;07:07:05;1,8;29;2,8;-11;37;1019;0;0;3780;3800;30
30.04.2026;07:07:06;1,8;29;2,8;-11;37;1019;0;0;3781;3799;30
30.04.2026;07:07:07;1,8;29;2,8;-11;37;1019;0;0;3778;3798;30
30.04.2026;07:07:08;1,8;29;2,9;-11;37;1019;0;0;3776;3794;30
30.04.2026;07:07:09;1,8;29;2,8;-11;37;1019;0;0;3774;3794;30
30.04.2026;07:07:10;1,8;29,1;2,8;-11;37;1019;0;0;3776;3794;30
30.04.2026;07:07:11;1,8;29,1;3;-10;37;1019;0;0;3771;3791;30
30.04.2026;07:07:12;1,8;29,1;2,8;-11;37;1019;0;0;3774;3792;30
30.04.2026;07:07:14;1,8;29,1;2,8;-11;37;1019;0;0;3776;3795;30
30.04.2026;07:07:15;1,8;29,1;2,9;-11;37;1019;0;0;3777;3794;30
30.04.2026;07:07:16;1,8;29,1;2,8;-11;37;1019;0;0;3780;3797;30
30.04.2026;07:07:17;1,8;29,1;2,9;-11;37;1019;0;0;3780;3797;30
30.04.2026;07:07:18;1,8;29,1;2,9;-11;37;1019;0;0;3778;3798;30
30.04.2026;07:07:19;1,8;29,1;2,9;-11;37;1019;0;0;3775;3795;30
30.04.2026;07:07:20;1,8;29,1;2,9;-11;37;1019;0;0;3773;3793;30
30.04.2026;07:07:21;1,8;29,2;2,9;-11;37;1019;0;0;3774;3794;30
30.04.2026;07:07:22;1,8;29,2;2,9;-11;37;1019;0;0;3779;3796;30
30.04.2026;07:07:24;1,8;29,2;2,9;-11;37;1019;0;0;3778;3797;30
30.04.2026;07:07:25;1,8;29,2;2,9;-11;37;1019;0;0;3776;3796;30
30.04.2026;07:07:26;1,8;29,2;2,9;-11;37;1019;0;0;3772;3792;30
30.04.2026;07:07:27;1,8;29,2;2,9;-11;37;1019;0;0;3774;3791;30
30.04.2026;07:07:28;1,8;29,2;2,9;-11;37;1019;0;0;3772;3792;30
30.04.2026;07:07:29;1,8;29,2;2,9;-11;37;1019;0;0;3772;3792;30
30.04.2026;07:07:30;1,8;29,2;2,9;-11;37;1019;0;0;3773;3792;30
30.04.2026;07:07:31;1,8;29,2;2,9;-11;37;1019;0;0;3773;3791;30
30.04.2026;07:07:32;1,8;29,3;2,9;-11;37;1019;0;0;3768;3786;30
30.04.2026;07:07:33;1,8;29,3;2,9;-11;37;1019;0;0;3767;3788;30
30.04.2026;07:07:34;1,8;29,3;2,9;-11;37;1019;0;0;3770;3788;30
30.04.2026;07:07:35;1,8;29,3;2,9;-11;37;1019;0;0;3772;3790;30
30.04.2026;07:07:36;1,8;29,3;2,9;-11;37;1019;0;0;3773;3790;30
30.04.2026;07:07:38;1,8;29,3;2,9;-11;37;1019;0;0;3766;3787;30
30.04.2026;07:07:39;1,8;29,3;2,9;-11;37;1019;0;0;3741;3761;30
30.04.2026;07:07:40;1,8;29,3;2,9;-11;37;1019;0;0;3739;3757;30
30.04.2026;07:07:41;1,8;29,3;2,9;-11;37;1019;0;0;3735;3736;30
30.04.2026;07:07:42;1,8;29,3;2,9;-11;37;1019;0;0;3713;3730;30
30.04.2026;07:07:43;1,8;29,4;2,9;-11;37;1019;0;0;3735;3754;30
30.04.2026;07:07:44;1,8;29,4;2,9;-11;37;1019;0;0;3735;3752;30
30.04.2026;07:07:45;1,8;29,4;2,9;-11;37;1019;0;0;3733;3752;30
30.04.2026;07:07:46;1,8;29,4;2,9;-11;37;1019;0;0;3733;3752;30
30.04.2026;07:07:48;1,8;29,4;2,9;-11;37;1019;0;0;3731;3734;30
30.04.2026;07:07:49;1,8;29,4;2,9;-11;37;1019;0;0;3717;3752;30
30.04.2026;07:07:50;1,8;29,4;2,9;-11;37;1019;0;0;3742;3759;30
30.04.2026;07:07:51;1,8;29,4;2,9;-11;37;1019;0;0;3765;3786;30
30.04.2026;07:07:52;1,8;29,4;2,9;-11;37;1019;0;0;3765;3785;30
30.04.2026;07:07:53;1,8;29,4;2,9;-11;37;1019;0;0;3780;3798;30
30.04.2026;07:07:54;1,8;29,4;2,9;-11;37;1019;0;0;3780;3797;30
30.04.2026;07:07:55;1,8;29,5;2,9;-11;37;1019;0;0;3779;3814;30
30.04.2026;07:07:56;1,8;29,5;2,9;-11;37;1019;0;0;3779;3797;30
30.04.2026;07:07:57;1,8;29,5;2,9;-11;37;1019;0;0;3779;3797;30
30.04.2026;07:07:58;1,8;29,5;2,9;-11;37;1019;0;0;3773;3793;30
30.04.2026;07:07:59;1,8;29,5;2,9;-11;37;1019;0;0;3774;3794;30
30.04.2026;07:08:00;1,8;29,5;2,9;-11;37;1019;0;0;3773;3792;30
30.04.2026;07:08:02;1,9;29,6;2,9;-11;37;1019;0;0;3771;3791;30
30.04.2026;07:08:03;1,9;29,6;2,9;-11;37;1019;0;0;3772;3792;30
30.04.2026;07:08:04;1,9;29,6;2,9;-11;37;1019;0;0;3774;3794;30
30.04.2026;07:08:05;1,9;29,6;2,9;-11;37;1019;0;0;3774;3795;30
30.04.2026;07:08:06;1,9;29,6;2,9;-11;37;1019;0;0;3778;3798;30
30.04.2026;07:08:07;1,9;29,6;2,9;-11;37;1019;0;0;3780;3800;30
30.04.2026;07:08:08;1,9;29,6;2,9;-11;37;1019;0;0;3778;3798;30
30.04.2026;07:08:09;1,9;29,6;2,9;-11;37;1019;0;0;3776;3795;30
30.04.2026;07:08:10;1,8;29,7;2,9;-11;37;1019;0;0;3775;3795;30
30.04.2026;07:08:12;1,8;29,7;2,9;-11;37;1019;0;0;3775;3794;30
30.04.2026;07:08:13;1,8;29,7;2,9;-11;37;1019;0;0;3774;3790;30
30.04.2026;07:08:14;1,9;29,7;2,9;-11;37;1019;0;0;3778;3798;30
30.04.2026;07:08:15;1,9;29,7;2,9;-11;37;1019;0;0;3797;3800;30
30.04.2026;07:08:16;1,9;29,7;2,9;-11;37;1019;0;0;3784;3818;30
30.04.2026;07:08:17;1,9;29,7;2,9;-11;37;1019;0;0;3799;3818;30
30.04.2026;07:08:18;1,9;29,7;2,9;-11;37;1019;0;0;3782;3817;30
30.04.2026;07:08:19;1,8;29,7;2,9;-11;37;1019;0;0;3781;3801;30
30.04.2026;07:08:20;1,8;29,7;2,9;-11;37;1019;0;0;3781;3799;30
30.04.2026;07:08:21;1,9;29,7;2,9;-11;37;1019;0;0;3783;3801;30
30.04.2026;07:08:23;1,9;29,7;2,9;-11;37;1019;0;0;3784;3801;30
30.04.2026;07:08:24;1,9;29,8;2,9;-11;37;1019;0;0;3783;3801;30
30.04.2026;07:08:25;1,9;29,8;2,9;-11;37;1019;0;0;3783;3800;30
30.04.2026;07:08:26;1,9;29,8;2,9;-11;37;1019;0;0;3783;3799;30
30.04.2026;07:08:27;1,8;29,8;2,9;-11;37;1019;0;0;3782;3798;30
30.04.2026;07:08:28;1,8;29,8;2,9;-11;37;1019;0;0;3780;3798;30
30.04.2026;07:08:29;1,9;29,8;2,9;-11;37;1019;0;0;3796;3798;30
30.04.2026;07:08:30;1,9;29,8;2,9;-11;37;1019;0;0;3780;3797;30
30.04.2026;07:08:31;1,9;29,8;2,9;-11;37;1019;0;0;3772;3791;30
30.04.2026;07:08:33;1,8;29,9;2,9;-11;37;1019;0;0;3771;3790;30
30.04.2026;07:08:34;1,8;29,9;2,9;-11;37;1019;0;0;3751;3768;30
30.04.2026;07:08:35;1,8;29,9;2,9;-11;37;1019;0;0;3768;3787;30
30.04.2026;07:08:36;1,9;29,9;2,9;-11;37;1019;0;0;3767;3768;30
30.04.2026;07:08:37;1,9;29,9;2,9;-11;37;1019;0;0;3748;3765;30
30.04.2026;07:08:38;1,9;29,9;2,9;-11;37;1019;0;0;3747;3766;30
30.04.2026;07:08:39;1,9;29,9;2,9;-11;37;1019;0;0;3745;3765;30
30.04.2026;07:08:40;1,9;30;2,9;-11;37;1019;0;0;3749;3767;30
30.04.2026;07:08:41;1,9;30;2,9;-11;37;1019;0;0;3749;3768;30
30.04.2026;07:08:43;1,8;30;2,9;-11;37;1019;0;0;3749;3768;30
30.04.2026;07:08:44;1,8;30;2,9;-11;37;1019;0;0;3747;3764;30
30.04.2026;07:08:45;1,8;30;2,9;-11;37;1019;0;0;3747;3764;30
30.04.2026;07:08:46;1,9;30;2,9;-11;37;1019;0;0;3745;3762;30
30.04.2026;07:08:47;1,9;30;2,9;-11;37;1019;0;0;3740;3759;30
30.04.2026;07:08:48;1,9;30;2,9;-11;37;1019;0;0;3747;3764;30
30.04.2026;07:08:49;1,9;30;2,9;-11;37;1019;0;0;3771;3789;30
30.04.2026;07:08:50;1,9;30;2,9;-11;37;1019;0;0;3780;3800;30
30.04.2026;07:08:51;1,9;30,1;2,9;-11;37;1019;0;0;3780;3798;30
30.04.2026;07:08:52;1,9;30,1;2,9;-11;37;1019;0;0;3780;3798;30
30.04.2026;07:08:53;1,9;30,1;2,9;-11;37;1019;0;0;3778;3796;30
30.04.2026;07:08:54;1,9;30,1;2,9;-11;37;1019;0;0;3780;3798;30
30.04.2026;07:08:55;1,9;30,1;2,9;-11;37;1019;0;0;3783;3800;30
30.04.2026;07:08:56;1,9;30,1;2,9;-11;37;1019;0;0;3782;3818;30
30.04.2026;07:08:57;1,9;30,1;2,9;-11;37;1019;0;0;3797;3802;30
30.04.2026;07:08:58;1,9;30,1;2,9;-11;37;1019;0;0;3782;3801;30
30.04.2026;07:08:59;1,9;30,1;2,9;-11;37;1019;0;0;3781;3800;30
30.04.2026;07:09:00;1,9;30,1;2,9;-11;37;1019;0;0;3782;3800;30
30.04.2026;07:09:01;1,9;30,1;2,9;-11;37;1019;0;0;3781;3800;30
30.04.2026;07:09:03;1,9;30,1;2,9;-11;37;1019;0;0;3783;3817;30
30.04.2026;07:09:04;1,9;30,1;2,9;-11;37;1019;0;0;3798;3818;30
30.04.2026;07:09:05;1,9;30,2;2,9;-11;37;1019;0;0;3780;3797;30
30.04.2026;07:09:06;1,9;30,2;2,9;-11;37;1019;0;0;3776;3794;30
30.04.2026;07:09:07;1,9;30,2;2,9;-11;37;1019;0;0;3779;3796;30
30.04.2026;07:09:08;1,9;30,2;2,9;-11;37;1019;0;0;3776;3794;30
30.04.2026;07:09:09;1,9;30,2;2,9;-11;37;1019;0;0;3774;3793;30
30.04.2026;07:09:11;1,9;30,2;2,9;-11;37;1019;0;0;3775;3793;30
30.04.2026;07:09:12;1,9;30,2;2,9;-11;37;1019;0;0;3777;3795;30
30.04.2026;07:09:13;1,9;30,2;2,9;-11;37;1019;0;0;3778;3796;30
30.04.2026;07:09:14;1,9;30,2;2,9;-11;37;1019;0;0;3779;3795;30
30.04.2026;07:09:15;1,9;30,2;2,9;-11;37;1019;0;0;3777;3795;30
30.04.2026;07:09:16;1,9;30,3;2,9;-11;37;1019;0;0;3778;3797;30
30.04.2026;07:09:17;1,9;30,3;2,9;-11;37;1019;0;0;3783;3799;30
30.04.2026;07:09:18;1,9;30,3;2,9;-11;37;1019;0;0;3802;3819;30
30.04.2026;07:09:20;1,9;30,3;2,9;-11;37;1019;0;0;3803;3819;30
30.04.2026;07:09:21;1,9;30,3;3;-10;37;1019;0;0;3804;3822;30
30.04.2026;07:09:22;1,9;30,3;2,9;-11;37;1019;0;0;3804;3823;30
30.04.2026;07:09:23;1,9;30,3;2,9;-11;37;1019;0;0;3800;3818;30
30.04.2026;07:09:24;1,9;30,3;3;-10;37;1019;0;0;3801;3820;30
30.04.2026;07:09:25;1,9;30,3;2,9;-11;37;1019;0;0;3784;3802;30
30.04.2026;07:09:26;1,9;30,3;2,9;-11;37;1019;0;0;3801;3820;30
30.04.2026;07:09:27;1,9;30,4;2,9;-11;37;1019;0;0;3784;3801;30
30.04.2026;07:09:28;1,9;30,4;2,9;-11;37;1019;0;0;3803;3802;30
30.04.2026;07:09:29;1,9;30,4;2,9;-11;37;1019;0;0;3805;3821;30
30.04.2026;07:09:31;1,9;30,4;2,9;-11;37;1019;0;0;3804;3822;30
30.04.2026;07:09:32;1,9;30,4;2,9;-11;37;1019;0;0;3804;3822;30
30.04.2026;07:09:33;1,9;30,4;2,9;-11;37;1019;0;0;3807;3823;30
30.04.2026;07:09:34;1,9;30,4;2,9;-11;37;1019;0;0;3805;3821;30
30.04.2026;07:09:35;1,9;30,4;2,9;-11;37;1019;0;0;3806;3825;30
30.04.2026;07:09:36;1,9;30,4;2,9;-11;37;1019;0;0;3808;3824;30
30.04.2026;07:09:37;1,9;30,4;2,9;-11;37;1019;0;0;3805;3822;30
30.04.2026;07:09:38;1,9;30,4;2,9;-11;37;1019;0;0;3807;3823;30
30.04.2026;07:09:39;1,9;30,4;3;-10;37;1019;0;0;3806;3823;30
30.04.2026;07:09:40;1,9;30,5;2,9;-11;37;1019;0;0;3803;3819;30
30.04.2026;07:09:41;1,9;30,5;2,9;-11;37;1019;0;0;3803;3819;30
30.04.2026;07:09:42;1,9;30,5;2,9;-11;37;1019;0;0;3782;3799;30
30.04.2026;07:09:43;1,9;30,5;3;-10;37;1019;0;0;3780;3798;30
30.04.2026;07:09:44;1,9;30,5;2,9;-11;37;1019;0;0;3778;3794;30
30.04.2026;07:09:46;1,9;30,5;2,9;-11;37;1019;0;0;3779;3795;30
30.04.2026;07:09:47;1,9;30,5;2,9;-11;37;1019;0;0;3779;3798;30
30.04.2026;07:09:48;1,9;30,5;2,9;-11;37;1019;0;0;3778;3795;30
30.04.2026;07:09:49;1,9;30,5;2,9;-11;37;1019;0;0;3776;3792;30
30.04.2026;07:09:50;1,9;30,5;3;-10;37;1019;0;0;3769;3787;30
30.04.2026;07:09:51;1,9;30,6;3;-10;37;1019;0;0;3770;3788;30
30.04.2026;07:09:52;1,9;30,6;3;-10;37;1019;0;0;3778;3794;30
30.04.2026;07:09:53;1,9;30,6;3;-10;37;1019;0;0;3777;3795;30
30.04.2026;07:09:54;1,9;30,6;3;-10;37;1019;0;0;3779;3795;30
30.04.2026;07:09:55;1,9;30,6;3;-10;37;1019;0;0;3748;3768;30
30.04.2026;07:09:57;1,9;30,6;3;-10;37;1019;0;0;3747;3763;30
30.04.2026;07:09:58;1,9;30,6;3,1;-10;37;1019;0;0;3749;3766;30
30.04.2026;07:09:59;1,9;30,6;3;-10;37;1019;0;0;3770;3786;30
30.04.2026;07:10:00;1,9;30,6;2,9;-11;37;1019;0;0;3769;3786;30
30.04.2026;07:10:01;1,9;30,6;3;-10;37;1019;0;0;3771;3787;30
30.04.2026;07:10:02;1,9;30,6;2,9;-11;37;1019;0;0;3768;3787;30
30.04.2026;07:10:03;1,9;30,6;3;-10;37;1019;0;0;3776;3794;30
30.04.2026;07:10:04;1,9;30,6;3;-10;37;1019;0;0;3779;3798;30
30.04.2026;07:10:05;1,9;30,7;3;-10;37;1019;0;0;3777;3796;30
30.04.2026;07:10:06;1,9;30,7;3;-10;37;1019;0;0;3777;3795;30
30.04.2026;07:10:07;1,9;30,7;3;-10;37;1019;0;0;3775;3794;30
30.04.2026;07:10:09;1,9;30,7;3;-10;37;1019;0;0;3776;3793;30
30.04.2026;07:10:10;1,9;30,7;3;-10;37;1019;0;0;3776;3792;30
30.04.2026;07:10:11;1,9;30,7;3;-10;37;1019;0;0;3771;3787;30
30.04.2026;07:10:12;1,9;30,7;3;-10;37;1019;0;0;3768;3787;30
30.04.2026;07:10:13;1,9;30,7;3;-10;37;1019;0;0;3752;3785;30
30.04.2026;07:10:14;1,9;30,7;3;-10;37;1019;0;0;3769;3787;30
30.04.2026;07:10:15;1,9;30,7;2,9;-11;37;1019;0;0;3751;3767;30
30.04.2026;07:10:16;1,9;30,7;3;-10;37;1019;0;0;3750;3768;30
30.04.2026;07:10:17;1,9;30,7;3;-10;37;1019;0;0;3769;3787;30
30.04.2026;07:10:18;1,9;30,8;3;-10;37;1019;0;0;3749;3768;30
30.04.2026;07:10:20;1,9;30,8;3;-10;37;1019;0;0;3747;3763;30
30.04.2026;07:10:21;1,9;30,8;3;-10;37;1019;0;0;3746;3762;30
30.04.2026;07:10:22;1,9;30,8;3;-10;37;1019;0;0;3743;3759;30
30.04.2026;07:10:23;1,9;30,8;3;-10;37;1019;0;0;3746;3762;30
30.04.2026;07:10:24;1,9;30,8;3;-10;37;1019;0;0;3745;3761;30
30.04.2026;07:10:25;1,9;30,8;3;-10;37;1019;0;0;3744;3763;30
30.04.2026;07:10:26;1,9;30,8;3;-10;37;1019;0;0;3746;3762;30
30.04.2026;07:10:28;1,9;30,8;3;-10;37;1019;0;0;3746;3762;30
30.04.2026;07:10:29;1,9;30,8;3;-10;37;1019;0;0;3743;3762;30
30.04.2026;07:10:30;1,9;30,8;3;-10;37;1019;0;0;3738;3757;30
30.04.2026;07:10:31;1,9;30,8;3;-10;37;1019;0;0;3738;3755;30
30.04.2026;07:10:32;1,9;30,9;3;-10;37;1019;0;0;3719;3736;30
30.04.2026;07:10:33;1,9;30,9;3;-10;37;1019;0;0;3743;3759;30
30.04.2026;07:10:34;1,9;30,9;3;-10;37;1019;0;0;3743;3759;30
30.04.2026;07:10:35;1,9;30,9;3;-10;37;1019;0;0;3740;3756;30
30.04.2026;07:10:36;1,9;30,9;3;-10;37;1019;0;0;3742;3759;30
30.04.2026;07:10:37;1,9;30,9;3;-10;37;1019;0;0;3742;3759;30
30.04.2026;07:10:38;1,9;30,9;3;-10;37;1019;0;0;3741;3759;30
30.04.2026;07:10:39;1,9;30,9;3;-10;37;1019;0;0;3739;3755;30
30.04.2026;07:10:40;1,9;30,9;3;-10;37;1019;0;0;3744;3760;30
30.04.2026;07:10:41;1,9;30,9;3;-10;37;1019;0;0;3746;3764;30
30.04.2026;07:10:42;1,9;30,9;3;-10;37;1019;0;0;3744;3761;30
30.04.2026;07:10:43;1,9;30,9;3;-10;37;1019;0;0;3742;3761;30
30.04.2026;07:10:44;1,9;31;3;-10;37;1019;0;0;3747;3763;30
30.04.2026;07:10:45;1,9;31;3;-10;37;1019;0;0;3750;3766;30
30.04.2026;07:10:46;1,9;31;3;-10;37;1019;0;0;3747;3763;30
30.04.2026;07:10:47;1,9;31;3;-10;37;1019;0;0;3745;3764;30
30.04.2026;07:10:48;1,9;31;3;-10;37;1019;0;0;3745;3762;30
30.04.2026;07:10:50;1,9;31;3;-10;37;1019;0;0;3743;3762;30
30.04.2026;07:10:51;1,9;31;3;-10;37;1019;0;0;3743;3762;30
30.04.2026;07:10:52;1,9;31;3;-10;37;1019;0;0;3742;3761;30
30.04.2026;07:10:53;1,9;31;3;-10;37;1019;0;0;3744;3760;30
30.04.2026;07:10:54;1,9;31,1;3;-10;37;1019;0;0;3743;3762;30
30.04.2026;07:10:55;1,9;31,1;3;-10;37;1019;0;0;3741;3761;30
30.04.2026;07:10:56;1,9;31,1;3;-10;37;1019;0;0;3739;3759;30
30.04.2026;07:10:57;1,9;31,1;3;-10;37;1019;0;0;3741;3758;30
30.04.2026;07:10:59;1,9;31,1;3;-10;37;1019;0;0;3737;3756;30
30.04.2026;07:11:00;1,9;31,1;3;-10;37;1019;0;0;3738;3756;30
30.04.2026;07:11:01;1,9;31,1;3;-10;37;1019;0;0;3736;3755;30
30.04.2026;07:11:02;1,9;31,1;3;-10;37;1019;0;0;3721;3754;30
30.04.2026;07:11:03;1,9;31,1;3;-10;37;1019;0;0;3737;3756;30
30.04.2026;07:11:04;1,9;31,1;3;-10;37;1019;0;0;3735;3754;30
30.04.2026;07:11:05;1,9;31,1;3;-10;37;1019;0;0;3735;3736;30
30.04.2026;07:11:06;1,9;31,2;3;-10;37;1019;0;0;3732;3735;30
30.04.2026;07:11:07;1,9;31,2;3;-10;37;1019;0;0;3715;3734;30
30.04.2026;07:11:08;1,9;31,2;3;-10;37;1019;0;0;3712;3731;30
30.04.2026;07:11:09;1,9;31,2;3;-10;37;1019;0;0;3710;3730;30
30.04.2026;07:11:10;1,9;31,2;3;-10;37;1019;0;0;3710;3729;30
30.04.2026;07:11:11;1,9;31,2;3;-10;37;1019;0;0;3712;3729;30
30.04.2026;07:11:12;1,9;31,2;3;-10;37;1019;0;0;3707;3725;30
30.04.2026;07:11:13;1,9;31,2;3;-10;37;1019;0;0;3708;3724;30
30.04.2026;07:11:14;1,9;31,2;3;-10;37;1019;0;0;3706;3722;30
30.04.2026;07:11:16;1,9;31,2;3;-10;37;1019;0;0;3709;3726;30
30.04.2026;07:11:17;1,9;31,3;3;-10;37;1019;0;0;3708;3727;30
30.04.2026;07:11:18;1,9;31,3;3;-10;37;1019;0;0;3710;3728;30
30.04.2026;07:11:19;1,9;31,3;3;-10;37;1019;0;0;3738;3757;30
30.04.2026;07:11:20;1,9;31,3;3;-10;37;1019;0;0;3740;3759;30
30.04.2026;07:11:21;1,9;31,3;3;-10;37;1019;0;0;3742;3761;30
30.04.2026;07:11:22;1,9;31,3;3;-10;37;1019;0;0;3742;3761;30
30.04.2026;07:11:23;1,9;31,3;3;-10;37;1019;0;0;3743;3762;30
30.04.2026;07:11:24;1,9;31,3;3;-10;37;1019;0;0;3746;3762;30
30.04.2026;07:11:25;1,9;31,3;3;-10;37;1019;0;0;3752;3768;30
30.04.2026;07:11:27;1,9;31,3;3;-10;37;1019;0;0;3776;3793;30
30.04.2026;07:11:28;1,9;31,3;3;-10;37;1019;0;0;3776;3793;30
30.04.2026;07:11:29;1,9;31,3;3;-10;37;1019;0;0;3773;3791;30
30.04.2026;07:11:30;1,9;31,4;3;-10;37;1019;0;0;3768;3787;30
30.04.2026;07:11:31;1,9;31,4;3;-10;37;1019;0;0;3770;3789;30
30.04.2026;07:11:32;1,9;31,4;3;-10;37;1019;0;0;3771;3788;30
30.04.2026;07:11:33;1,9;31,4;3;-10;37;1019;0;0;3749;3766;30
30.04.2026;07:11:34;1,9;31,4;3;-10;37;1019;0;0;3746;3766;30
30.04.2026;07:11:35;1,9;31,4;3;-10;37;1019;0;0;3751;3784;30
30.04.2026;07:11:36;1,9;31,4;3;-10;37;1019;0;0;3773;3790;30
30.04.2026;07:11:37;1,9;31,4;3;-10;37;1019;0;0;3770;3790;30
30.04.2026;07:11:38;1,9;31,4;3;-10;37;1019;0;0;3769;3787;30
30.04.2026;07:11:39;1,9;31,4;3;-10;37;1019;0;0;3767;3785;30
30.04.2026;07:11:40;1,9;31,4;3;-10;37;1019;0;0;3750;3769;30
30.04.2026;07:11:41;1,9;31,4;3;-10;37;1019;0;0;3775;3792;30
30.04.2026;07:11:43;1,9;31,4;3;-10;37;1019;0;0;3774;3793;30
30.04.2026;07:11:44;1,9;31,5;3;-10;37;1019;0;0;3781;3798;30
30.04.2026;07:11:45;1,9;31,5;3;-10;37;1019;0;0;3782;3798;30
30.04.2026;07:11:46;1,9;31,5;3;-10;37;1019;0;0;3781;3798;30
30.04.2026;07:11:47;1,9;31,5;3;-10;37;1019;0;0;3781;3799;30
30.04.2026;07:11:48;1,9;31,5;3;-10;37;1019;0;0;3781;3800;30
30.04.2026;07:11:49;1,9;31,5;3;-10;37;1019;0;0;3797;3800;30
30.04.2026;07:11:50;1,9;31,5;3;-10;37;1019;0;0;3797;3799;30
30.04.2026;07:11:51;1,9;31,5;3;-10;37;1019;0;0;3785;3817;30
30.04.2026;07:11:53;1,9;31,5;3;-10;37;1019;0;0;3801;3801;30
30.04.2026;07:11:54;1,9;31,5;3;-10;37;1019;0;0;3784;3816;30
30.04.2026;07:11:55;1,9;31,5;3;-10;37;1019;0;0;3785;3801;30
30.04.2026;07:11:56;1,9;31,5;3;-10;37;1019;0;0;3800;3802;30
30.04.2026;07:11:57;1,9;31,5;3;-10;37;1019;0;0;3783;3800;30
30.04.2026;07:11:58;1,9;31,5;3;-10;37;1019;0;0;3779;3799;30
30.04.2026;07:11:59;1,9;31,5;3;-10;37;1019;0;0;3777;3795;30
30.04.2026;07:12:01;1,9;31,6;3;-10;37;1019;0;0;3774;3793;30
30.04.2026;07:12:02;1,9;31,6;3;-10;37;1019;0;0;3774;3793;30
30.04.2026;07:12:03;1,9;31,6;3;-10;37;1019;0;0;3774;3793;30
30.04.2026;07:12:04;1,9;31,6;3;-10;37;1019;0;0;3773;3791;30
30.04.2026;07:12:05;1,9;31,6;3;-10;37;1019;0;0;3774;3790;30
30.04.2026;07:12:06;1,9;31,6;3;-10;37;1019;0;0;3771;3790;30
30.04.2026;07:12:07;1,9;31,6;3;-10;37;1019;0;0;3769;3788;30
30.04.2026;07:12:08;2;31,6;3;-10;37;1019;0;0;3752;3769;30
30.04.2026;07:12:09;2;31,6;3;-10;37;1019;0;0;3749;3769;30
30.04.2026;07:12:10;2;31,6;3;-10;37;1019;0;0;3751;3767;30
30.04.2026;07:12:11;1,9;31,6;3;-10;37;1019;0;0;3750;3766;30
30.04.2026;07:12:12;1,9;31,6;3;-10;37;1019;0;0;3771;3787;30
30.04.2026;07:12:13;1,9;31,6;3;-10;37;1019;0;0;3752;3769;30
30.04.2026;07:12:15;2;31,6;3;-10;37;1019;0;0;3749;3766;30
30.04.2026;07:12:16;2;31,6;3;-10;37;1019;0;0;3771;3787;30
30.04.2026;07:12:17;2;31,7;3;-10;37;1019;0;0;3772;3788;30
30.04.2026;07:12:18;2;31,7;3;-10;37;1019;0;0;3771;3787;30
30.04.2026;07:12:19;2;31,7;3;-10;37;1019;0;0;3771;3788;30
30.04.2026;07:12:20;2;31,7;3;-10;37;1019;0;0;3750;3783;30
30.04.2026;07:12:21;2;31,7;3;-10;37;1019;0;0;3744;3761;30
30.04.2026;07:12:22;2;31,7;3;-10;37;1019;0;0;3739;3758;30
30.04.2026;07:12:24;2;31,7;3;-10;37;1019;0;0;3738;3756;30
30.04.2026;07:12:25;2;31,7;3;-10;37;1019;0;0;3743;3760;30
30.04.2026;07:12:26;2;31,7;3;-10;37;1019;0;0;3739;3756;30
30.04.2026;07:12:27;2;31,7;3;-10;37;1019;0;0;3718;3751;30
30.04.2026;07:12:28;2;31,7;3;-10;37;1019;0;0;3718;3734;30
30.04.2026;07:12:29;2;31,7;3;-10;37;1019;0;0;3734;3736;30
30.04.2026;07:12:30;2;31,8;3;-10;37;1019;0;0;3719;3736;30
30.04.2026;07:12:31;2;31,8;3;-10;37;1019;0;0;3719;3736;30
30.04.2026;07:12:32;2;31,8;3;-10;37;1019;0;0;3714;3732;30
30.04.2026;07:12:34;2;31,8;3;-10;37;1019;0;0;3710;3728;30
30.04.2026;07:12:35;2;31,8;3;-10;37;1019;0;0;3712;3729;30
30.04.2026;07:12:36;2;31,8;3;-10;37;1019;0;0;3714;3733;30
30.04.2026;07:12:37;2;31,8;3;-10;37;1019;0;0;3715;3731;30
30.04.2026;07:12:38;2;31,8;3;-10;37;1019;0;0;3718;3735;30
30.04.2026;07:12:39;2;31,8;3;-10;37;1019;0;0;3715;3732;30
30.04.2026;07:12:40;2;31,8;3;-10;37;1019;0;0;3714;3734;30
30.04.2026;07:12:41;2;31,8;3;-10;37;1019;0;0;3713;3732;30
30.04.2026;07:12:42;2;31,9;3;-10;37;1019;0;0;3714;3730;30
30.04.2026;07:12:43;2;31,9;3;-10;37;1019;0;0;3712;3732;30
30.04.2026;07:12:44;2;31,9;3;-10;37;1019;0;0;3712;3731;30
30.04.2026;07:12:45;2;31,9;3;-10;37;1019;0;0;3710;3730;30
30.04.2026;07:12:46;2;31,9;3;-10;37;1019;0;0;3704;3723;30
30.04.2026;07:12:48;2;31,9;3;-10;37;1019;0;0;3706;3724;30
30.04.2026;07:12:49;2;31,9;3;-10;37;1019;0;0;3707;3726;30
30.04.2026;07:12:50;2;31,9;3;-10;37;1019;0;0;3710;3727;30
30.04.2026;07:12:51;2;31,9;3;-10;37;1019;0;0;3702;3721;30
30.04.2026;07:12:52;2;31,9;3;-10;37;1019;0;0;3683;3701;30
30.04.2026;07:12:53;2;31,9;3;-10;37;1019;0;0;3683;3702;30
30.04.2026;07:12:54;2;31,9;3;-10;37;1019;0;0;3682;3699;30
30.04.2026;07:12:55;2;32;3;-10;37;1019;0;0;3678;3697;30
30.04.2026;07:12:56;2;32;3;-10;37;1019;0;0;3675;3695;30
30.04.2026;07:12:57;2;32;3;-10;37;1019;0;0;3676;3696;30
30.04.2026;07:12:58;2;32;3;-10;37;1019;0;0;3679;3698;30
30.04.2026;07:12:59;2;32;3;-10;37;1019;0;0;3707;3724;30
30.04.2026;07:13:00;2;32;3;-10;37;1019;0;0;3704;3721;30
30.04.2026;07:13:01;2;32;3;-10;37;1019;0;0;3683;3716;30
30.04.2026;07:13:02;2;32;3;-10;37;1019;0;0;3685;3701;30
30.04.2026;07:13:04;2;32;3;-10;37;1019;0;0;3704;3720;30
30.04.2026;07:13:05;2;32;3;-10;37;1019;0;0;3700;3718;30
30.04.2026;07:13:06;2;32;3;-10;37;1019;0;0;3682;3701;30
30.04.2026;07:13:07;2;32;3;-10;37;1019;0;0;3700;3719;30
30.04.2026;07:13:08;2;32;3;-10;37;1019;0;0;3705;3724;30
30.04.2026;07:13:09;2;32;3;-10;37;1019;0;0;3708;3724;30
30.04.2026;07:13:10;2;32;3;-10;37;1019;0;0;3707;3724;30
30.04.2026;07:13:11;2;32;3;-10;37;1019;0;0;3712;3727;30
30.04.2026;07:13:12;2;32;3;-10;37;1019;0;0;3711;3727;30
30.04.2026;07:13:13;2;32;3;-10;37;1019;0;0;3709;3726;30
30.04.2026;07:13:14;2;32,1;3;-10;37;1019;0;0;3709;3727;30
30.04.2026;07:13:15;2;32,1;3;-10;37;1019;0;0;3708;3726;30
30.04.2026;07:13:16;2;32,1;3;-10;37;1019;0;0;3743;3762;30
30.04.2026;07:13:17;2;32,1;3;-10;37;1019;0;0;3744;3763;30
30.04.2026;07:13:18;2;32,1;3;-10;37;1019;0;0;3747;3764;30
30.04.2026;07:13:19;2;32,1;3;-10;37;1019;0;0;3744;3762;30
30.04.2026;07:13:21;2;32,1;3;-10;37;1019;0;0;3743;3760;30
30.04.2026;07:13:22;2;32,1;3;-10;37;1019;0;0;3746;3763;30
30.04.2026;07:13:23;2;32,1;3;-10;37;1019;0;0;3744;3761;30
30.04.2026;07:13:24;2;32,1;3;-10;37;1019;0;0;3768;3769;30
30.04.2026;07:13:25;2;32,1;3;-10;37;1019;0;0;3773;3788;30
30.04.2026;07:13:26;2;32,1;3;-10;37;1019;0;0;3775;3791;30
30.04.2026;07:13:27;2;32,1;3;-10;37;1019;0;0;3783;3816;30
30.04.2026;07:13:28;2;32,1;3;-10;37;1019;0;0;3769;3786;30
30.04.2026;07:13:29;2;32,1;3;-10;37;1019;0;0;3767;3787;30
30.04.2026;07:13:30;2;32,2;3;-10;37;1019;0;0;3772;3788;30
30.04.2026;07:13:31;2;32,2;3;-10;37;1019;0;0;3783;3800;30
30.04.2026;07:13:32;2;32,2;3;-10;37;1019;0;0;3784;3800;30
30.04.2026;07:13:34;2;32,2;3;-10;37;1019;0;0;3781;3800;30
30.04.2026;07:13:35;2;32,2;3;-10;37;1019;0;0;3801;3820;30
30.04.2026;07:13:36;2,1;32,2;3;-10;37;1019;0;0;3799;3801;30
30.04.2026;07:13:37;2,1;32,2;3;-10;37;1019;0;0;3796;3799;30
30.04.2026;07:13:38;2;32,2;3;-10;37;1019;0;0;3782;3798;30
30.04.2026;07:13:39;2;32,2;3;-10;37;1019;0;0;3779;3798;30
30.04.2026;07:13:40;2;32,2;3;-10;37;1019;0;0;3772;3791;30
30.04.2026;07:13:41;2,1;32,3;3;-10;37;1019;0;0;3772;3787;30
30.04.2026;07:13:42;2,1;32,3;3;-10;37;1019;0;0;3773;3789;30
30.04.2026;07:13:43;2,1;32,3;3;-10;37;1019;0;0;3772;3790;30
30.04.2026;07:13:44;2,1;32,3;3;-10;37;1019;0;0;3771;3789;30
30.04.2026;07:13:45;2,1;32,3;3;-10;37;1019;0;0;3772;3790;30
30.04.2026;07:13:47;2,1;32,3;3;-10;37;1019;0;0;3774;3791;30
30.04.2026;07:13:48;2,1;32,3;3;-10;37;1019;0;0;3774;3790;30
30.04.2026;07:13:49;2,1;32,3;3;-10;37;1019;0;0;3770;3788;30
30.04.2026;07:13:50;2,1;32,3;3;-10;37;1019;0;0;3773;3791;30
30.04.2026;07:13:51;2,1;32,3;3;-10;37;1019;0;0;3782;3799;30
30.04.2026;07:13:52;2,1;32,4;3;-10;37;1019;0;0;3807;3826;30
30.04.2026;07:13:53;2,1;32,4;3;-10;37;1019;0;0;3808;3826;30
30.04.2026;07:13:54;2,1;32,4;3;-10;37;1019;0;0;3811;3829;30
30.04.2026;07:13:55;2,1;32,4;3;-10;37;1019;0;0;3808;3824;30
30.04.2026;07:13:56;2,1;32,4;3;-10;37;1019;0;0;3803;3821;30
30.04.2026;07:13:57;2,1;32,4;3;-10;37;1019;0;0;3804;3820;30
30.04.2026;07:13:58;2,1;32,4;3;-10;37;1019;0;0;3784;3800;30
30.04.2026;07:13:59;2,1;32,4;3;-10;37;1019;0;0;3802;3821;30
30.04.2026;07:14:00;2,1;32,4;3;-10;37;1019;0;0;3781;3800;30
30.04.2026;07:14:02;2,1;32,4;3;-10;37;1019;0;0;3777;3794;30
30.04.2026;07:14:03;2,1;32,4;3;-10;37;1019;0;0;3778;3797;30
30.04.2026;07:14:04;2,1;32,5;3;-10;37;1019;0;0;3775;3792;30
30.04.2026;07:14:05;2,1;32,5;3;-10;37;1019;0;0;3769;3786;30
30.04.2026;07:14:06;2,1;32,5;3;-10;37;1019;0;0;3749;3768;30
30.04.2026;07:14:07;2,1;32,5;3;-10;37;1019;0;0;3747;3764;30
30.04.2026;07:14:08;2,1;32,5;3,1;-10;37;1019;0;0;3749;3765;30
30.04.2026;07:14:09;2,1;32,5;3,1;-10;37;1019;0;0;3747;3764;30
30.04.2026;07:14:10;2,1;32,5;3;-10;37;1019;0;0;3748;3764;30
30.04.2026;07:14:11;2,1;32,5;3;-10;37;1019;0;0;3747;3765;30
30.04.2026;07:14:13;2,1;32,5;3,1;-10;37;1019;0;0;3765;3767;30
30.04.2026;07:14:14;2,1;32,5;3;-10;37;1019;0;0;3747;3765;30
30.04.2026;07:14:15;2,1;32,5;3,1;-10;37;1019;0;0;3744;3762;30
30.04.2026;07:14:16;2,1;32,5;3;-10;37;1019;0;0;3742;3758;30
30.04.2026;07:14:17;2,1;32,5;3,1;-10;37;1019;0;0;3739;3755;30
30.04.2026;07:14:18;2,1;32,6;3,2;-10;37;1019;0;0;3743;3761;30
30.04.2026;07:14:19;2,1;32,6;3,1;-10;37;1019;0;0;3747;3764;30
30.04.2026;07:14:20;2,1;32,6;3,1;-10;37;1019;0;0;3748;3765;30
30.04.2026;07:14:21;2,1;32,6;3,1;-10;37;1019;0;0;3746;3765;30
30.04.2026;07:14:23;2,1;32,6;3,1;-10;37;1019;0;0;3766;3785;30
30.04.2026;07:14:24;2,1;32,6;3,1;-10;37;1019;0;0;3766;3768;30
30.04.2026;07:14:25;2,1;32,6;3,1;-10;37;1019;0;0;3749;3783;30
30.04.2026;07:14:26;2,1;32,6;3,1;-10;37;1019;0;0;3748;3767;30
30.04.2026;07:14:27;2,1;32,6;3,1;-10;37;1019;0;0;3748;3764;30
30.04.2026;07:14:28;2,1;32,6;3,1;-10;37;1019;0;0;3746;3780;30
30.04.2026;07:14:29;2,1;32,6;3,1;-10;37;1019;0;0;3748;3767;30
30.04.2026;07:14:30;2,1;32,6;3,1;-10;37;1019;0;0;3766;3784;30
30.04.2026;07:14:31;2,1;32,7;3,1;-10;37;1019;0;0;3750;3767;30
30.04.2026;07:14:32;2,1;32,7;3,1;-10;37;1019;0;0;3768;3786;30
30.04.2026;07:14:33;2,1;32,7;3,1;-10;37;1019;0;0;3751;3767;30
30.04.2026;07:14:35;2,1;32,7;3,1;-10;37;1019;0;0;3748;3764;30
30.04.2026;07:14:36;2,1;32,7;3,1;-10;37;1019;0;0;3750;3766;30
30.04.2026;07:14:37;2,1;32,7;3,1;-10;37;1019;0;0;3769;3786;30
30.04.2026;07:14:38;2,1;32,7;3,1;-10;37;1019;0;0;3751;3767;30
30.04.2026;07:14:39;2,1;32,7;3,1;-10;37;1019;0;0;3764;3766;30
30.04.2026;07:14:40;2,1;32,7;3,1;-10;37;1019;0;0;3749;3766;30
30.04.2026;07:14:41;2,1;32,7;3,1;-10;37;1019;0;0;3746;3762;30
30.04.2026;07:14:42;2,1;32,7;3,1;-10;37;1019;0;0;3745;3764;30
30.04.2026;07:14:43;2,1;32,7;3,1;-10;37;1019;0;0;3744;3761;30
30.04.2026;07:14:44;2,1;32,8;3,1;-10;37;1019;0;0;3742;3758;30
30.04.2026;07:14:45;2,1;32,8;3,1;-10;37;1019;0;0;3741;3757;30
30.04.2026;07:14:47;2,1;32,8;3,1;-10;37;1019;0;0;3738;3756;30
30.04.2026;07:14:48;2,1;32,8;3,1;-10;37;1019;0;0;3738;3754;30
30.04.2026;07:14:49;2,1;32,8;3,1;-10;37;1019;0;0;3738;3757;30
30.04.2026;07:14:50;2,1;32,8;3,1;-10;37;1019;0;0;3742;3758;30
30.04.2026;07:14:51;2,1;32,8;3,1;-10;37;1019;0;0;3742;3760;30
30.04.2026;07:14:52;2,1;32,8;3,1;-10;37;1019;0;0;3739;3757;30
30.04.2026;07:14:53;2,1;32,8;3,1;-10;37;1019;0;0;3740;3756;30
30.04.2026;07:14:54;2,1;32,8;3,1;-10;37;1019;0;0;3738;3756;30
30.04.2026;07:14:55;2,2;32,8;3,1;-10;37;1019;0;0;3739;3755;30
30.04.2026;07:14:57;2,2;32,8;3,1;-10;37;1019;0;0;3737;3754;30
30.04.2026;07:14:58;2,2;32,8;3,1;-10;37;1019;0;0;3735;3754;30
30.04.2026;07:14:59;2,2;32,9;3,1;-10;37;1019;0;0;3734;3752;30
30.04.2026;07:15:00;2,2;32,9;3,1;-10;37;1019;0;0;3717;3733;30
30.04.2026;07:15:01;2,2;32,9;3,1;-10;37;1019;0;0;3714;3733;30
30.04.2026;07:15:02;2,2;32,9;3,1;-10;37;1019;0;0;3717;3733;30
30.04.2026;07:15:03;2,2;32,9;3,1;-10;37;1019;0;0;3714;3730;30
30.04.2026;07:15:04;2,2;32,9;3,1;-10;37;1019;0;0;3710;3728;30
30.04.2026;07:15:05;2,2;32,9;3,1;-10;37;1019;0;0;3711;3726;30
30.04.2026;07:15:06;2,2;32,9;3,1;-10;37;1019;0;0;3705;3723;30
30.04.2026;07:15:07;2,2;32,9;3,1;-10;37;1019;0;0;3705;3721;30
30.04.2026;07:15:08;2,2;32,9;3,1;-10;37;1019;0;0;3706;3722;30
30.04.2026;07:15:10;2,2;33;3,1;-10;37;1019;0;0;3701;3719;30
30.04.2026;07:15:11;2,2;33;3,1;-10;37;1019;0;0;3704;3719;30
30.04.2026;07:15:12;2,2;33;3,1;-10;37;1019;0;0;3705;3723;30
30.04.2026;07:15:13;2,2;33;3,2;-10;37;1019;0;0;3708;3726;30
30.04.2026;07:15:14;2,2;33;3,1;-10;37;1019;0;0;3715;3731;30
30.04.2026;07:15:15;2,2;33;3,2;-10;37;1019;0;0;3712;3728;30
30.04.2026;07:15:16;2,2;33;3,2;-10;37;1019;0;0;3716;3734;30
30.04.2026;07:15:17;2,2;33;3,2;-10;37;1019;0;0;3718;3734;30
30.04.2026;07:15:19;2,2;33;3,2;-10;37;1019;0;0;3710;3727;30
30.04.2026;07:15:20;2,2;33;3,2;-10;37;1019;0;0;3707;3725;30
30.04.2026;07:15:21;2,2;33;3,2;-10;37;1019;0;0;3713;3732;30
30.04.2026;07:15:22;2,2;33;3,2;-10;37;1019;0;0;3735;3753;30
30.04.2026;07:15:23;2,2;33,1;3,2;-10;37;1019;0;0;3718;3734;30
30.04.2026;07:15:24;2,2;33,1;3,2;-10;37;1019;0;0;3736;3752;30
30.04.2026;07:15:26;2,2;33,1;3,2;-10;37;1019;0;0;3740;3755;30
30.04.2026;07:15:27;2,2;33,1;3,2;-10;37;1019;0;0;3740;3756;30
30.04.2026;07:15:28;2,2;33,1;3,2;-10;37;1019;0;0;3738;3754;30
30.04.2026;07:15:29;2,2;33,1;3,2;-10;37;1019;0;0;3737;3756;30
30.04.2026;07:15:30;2,2;33,1;3,2;-10;37;1019;0;0;3740;3757;30
30.04.2026;07:15:31;2,2;33,1;3,2;-10;37;1019;0;0;3740;3758;30
30.04.2026;07:15:32;2,2;33,1;3,2;-10;37;1019;0;0;3741;3757;30
30.04.2026;07:15:33;2,2;33,1;3,2;-10;37;1019;0;0;3740;3756;30
30.04.2026;07:15:34;2,2;33,2;3,2;-10;37;1019;0;0;3741;3756;30
30.04.2026;07:15:35;2,2;33,2;3,2;-10;37;1019;0;0;3742;3759;30
30.04.2026;07:15:37;2,2;33,2;3,2;-10;37;1019;0;0;3740;3758;30
30.04.2026;07:15:38;2,2;33,2;3,2;-10;37;1019;0;0;3743;3757;30
30.04.2026;07:15:39;2,2;33,2;3,2;-10;37;1019;0;0;3744;3759;30
30.04.2026;07:15:40;2,2;33,2;3,2;-10;37;1019;0;0;3741;3760;30
30.04.2026;07:15:41;2,2;33,2;3,2;-10;37;1019;0;0;3740;3758;30
30.04.2026;07:15:42;2,2;33,2;3,2;-10;37;1019;0;0;3741;3758;30
30.04.2026;07:15:43;2,2;33,2;3,2;-10;37;1019;0;0;3738;3757;30
30.04.2026;07:15:44;2,2;33,3;3,2;-10;37;1019;0;0;3738;3757;30
30.04.2026;07:15:45;2,2;33,3;3,2;-10;37;1019;0;0;3738;3755;30
30.04.2026;07:15:46;2,2;33,3;3,2;-10;37;1019;0;0;3743;3760;30
30.04.2026;07:15:48;2,3;33,2;3,2;-10;37;1019;0;0;3747;3763;30
30.04.2026;07:15:49;2,3;33,2;3,2;-10;37;1019;0;0;3744;3760;30
30.04.2026;07:15:50;2,2;33,2;3,2;-10;37;1019;0;0;3743;3761;30
30.04.2026;07:15:51;2,2;33,2;3,2;-10;37;1019;0;0;3747;3764;30
30.04.2026;07:15:52;2,2;33,2;3,2;-10;37;1019;0;0;3742;3759;30
30.04.2026;07:15:53;2,3;33,2;3,2;-10;37;1019;0;0;3739;3756;30
30.04.2026;07:15:54;2,3;33,2;3,2;-10;37;1019;0;0;3740;3757;30
30.04.2026;07:15:55;2,3;33,2;3,3;-10;37;1019;0;0;3746;3763;30
30.04.2026;07:15:56;2,3;33,2;3,2;-10;37;1019;0;0;3743;3760;30
30.04.2026;07:15:58;2,3;33,2;3,3;-10;37;1019;0;0;3738;3757;30
30.04.2026;07:15:59;2,3;33,2;3,2;-10;37;1019;0;0;3738;3757;30
30.04.2026;07:16:00;2,3;33,2;3,3;-10;37;1019;0;0;3739;3756;30
30.04.2026;07:16:01;2,3;33,2;3,3;-10;37;1019;0;0;3742;3762;30
30.04.2026;07:16:02;2,3;33,2;3,3;-10;37;1019;0;0;3768;3768;30
30.04.2026;07:16:03;2,3;33,2;3,3;-10;37;1019;0;0;3751;3767;30
30.04.2026;07:16:04;2,3;33,2;3,3;-10;37;1019;0;0;3750;3767;30
30.04.2026;07:16:06;2,3;33,2;3,3;-10;37;1019;0;0;3746;3765;30
30.04.2026;07:16:07;2,3;33,2;3,3;-10;37;1019;0;0;3768;3770;30
30.04.2026;07:16:08;2,3;33,2;3,3;-10;37;1019;0;0;3750;3766;30
30.04.2026;07:16:09;2,3;33,2;3,3;-10;37;1019;0;0;3745;3761;30
30.04.2026;07:16:10;2,3;33,2;3,3;-10;37;1019;0;0;3747;3762;30
30.04.2026;07:16:11;2,3;33,2;3,3;-10;37;1019;0;0;3746;3765;30
30.04.2026;07:16:12;2,3;33,2;3,3;-10;37;1019;0;0;3747;3763;30
30.04.2026;07:16:13;2,3;33,2;3,3;-10;37;1019;0;0;3745;3764;30
30.04.2026;07:16:14;2,3;33,2;3,3;-10;37;1019;0;0;3747;3764;30
30.04.2026;07:16:15;2,3;33,2;3,3;-10;37;1019;0;0;3839;3858;30
30.04.2026;07:16:17;2,3;33,2;3,3;-10;37;1019;0;0;3836;3855;30
30.04.2026;07:16:18;2,3;33,2;3,3;-10;37;1019;0;0;3838;3855;30
30.04.2026;07:16:19;2,3;33,2;3,3;-10;37;1019;0;0;3833;3836;30
30.04.2026;07:16:20;2,3;33,2;3,3;-10;37;1019;0;0;3838;3855;30
30.04.2026;07:16:21;2,3;33,2;3,3;-10;37;1019;0;0;3838;3855;30
30.04.2026;07:16:22;2,3;33,2;3,3;-10;37;1019;0;0;3839;3856;30
30.04.2026;07:16:23;2,3;33,2;3,3;-10;37;1019;0;0;3841;3858;30
30.04.2026;07:16:24;2,3;33,2;3,3;-10;37;1019;0;0;3837;3857;30
30.04.2026;07:16:25;2,3;33,3;3,3;-10;37;1019;0;0;3837;3854;30
30.04.2026;07:16:26;2,3;33,3;3,3;-10;37;1019;0;0;3815;3831;30
30.04.2026;07:16:28;2,3;33,3;3,3;-10;37;1019;0;0;3810;3830;30
30.04.2026;07:16:29;2,3;33,3;3,3;-10;37;1019;0;0;3809;3826;30
30.04.2026;07:16:30;2,3;33,3;3,3;-10;37;1019;0;0;3809;3827;30
30.04.2026;07:16:31;2,3;33,3;3,3;-10;37;1019;0;0;3816;3848;30
30.04.2026;07:16:32;2,3;33,3;3,3;-10;37;1019;0;0;3834;3834;30
30.04.2026;07:16:33;2,3;33,3;3,3;-10;37;1019;0;0;3835;3854;30
30.04.2026;07:16:34;2,3;33,3;3,3;-10;37;1019;0;0;3841;3858;30
30.04.2026;07:16:35;2,3;33,3;3,3;-10;37;1019;0;0;3840;3856;30
30.04.2026;07:16:36;2,3;33,3;3,3;-10;37;1019;0;0;3833;3853;30
30.04.2026;07:16:37;2,3;33,3;3,3;-10;37;1019;0;0;3815;3832;30
30.04.2026;07:16:38;2,3;33,3;3,4;-10;37;1019;0;0;3812;3829;30
30.04.2026;07:16:39;2,3;33,4;3,4;-10;37;1019;0;0;3814;3834;30
30.04.2026;07:16:40;2,3;33,4;3,4;-10;37;1019;0;0;3816;3833;30
30.04.2026;07:16:41;2,3;33,4;3,4;-10;37;1019;0;0;3832;3835;30
30.04.2026;07:16:42;2,3;33,4;3,4;-10;37;1019;0;0;3817;3834;30
30.04.2026;07:16:44;2,3;33,4;3,4;-10;37;1019;0;0;3816;3833;30
30.04.2026;07:16:45;2,4;33,4;3,4;-10;37;1019;0;0;3816;3832;30
30.04.2026;07:16:46;2,4;33,4;3,4;-10;37;1019;0;0;3815;3831;30
30.04.2026;07:16:47;2,4;33,4;3,4;-10;37;1019;0;0;3812;3830;30
30.04.2026;07:16:48;2,4;33,4;3,4;-10;37;1019;0;0;3812;3830;30
30.04.2026;07:16:49;2,4;33,4;3,4;-10;37;1019;0;0;3814;3831;30
30.04.2026;07:16:50;2,4;33,4;3,4;-10;37;1019;0;0;3832;3835;30
30.04.2026;07:16:51;2,3;33,4;3,4;-10;37;1019;0;0;3834;3835;30
30.04.2026;07:16:52;2,3;33,4;3,4;-10;37;1019;0;0;3815;3832;30
30.04.2026;07:16:53;2,4;33,5;3,4;-10;37;1019;0;0;3832;3835;30
30.04.2026;07:16:54;2,4;33,5;3,4;-10;37;1019;0;0;3816;3833;30
30.04.2026;07:16:55;2,4;33,5;3,4;-10;37;1019;0;0;3835;3836;30
30.04.2026;07:16:56;2,4;33,5;3,4;-10;37;1019;0;0;3813;3833;30
30.04.2026;07:16:58;2,4;33,5;3,4;-10;37;1019;0;0;3834;3853;30
30.04.2026;07:16:59;2,4;33,5;3,4;-10;37;1019;0;0;3839;3858;30
30.04.2026;07:17:00;2,4;33,5;3,4;-10;37;1019;0;0;3839;3856;30
30.04.2026;07:17:01;2,4;33,6;3,4;-10;37;1019;0;0;3841;3858;30
30.04.2026;07:17:02;2,4;33,6;3,4;-10;37;1019;0;0;3839;3856;30
30.04.2026;07:17:03;2,4;33,6;3,4;-10;37;1019;0;0;3837;3857;30
30.04.2026;07:17:04;2,4;33,6;3,4;-10;37;1019;0;0;3837;3854;30
30.04.2026;07:17:05;2,4;33,6;3,4;-10;37;1019;0;0;3841;3859;30
30.04.2026;07:17:06;2,4;33,6;3,4;-10;37;1019;0;0;3841;3857;30
30.04.2026;07:17:07;2,4;33,6;3,4;-10;37;1019;0;0;3839;3856;30
30.04.2026;07:17:08;2,4;33,6;3,4;-10;37;1019;0;0;3837;3836;30
30.04.2026;07:17:09;2,4;33,6;3,4;-10;37;1019;0;0;3834;3836;30
30.04.2026;07:17:10;2,4;33,6;3,4;-10;37;1019;0;0;3842;3857;30
30.04.2026;07:17:11;2,4;33,6;3,4;-10;37;1019;0;0;3842;3857;30
30.04.2026;07:17:12;2,4;33,6;3,6;-10;37;1019;0;0;3843;3860;30
30.04.2026;07:17:13;2,4;33,6;3,4;-10;37;1019;0;0;3844;3860;30
30.04.2026;07:17:14;2,4;33,7;3,5;-10;37;1019;0;0;3840;3858;30
30.04.2026;07:17:15;2,4;33,7;3,4;-10;37;1019;0;0;3844;3860;30
30.04.2026;07:17:16;2,4;33,7;3,5;-10;37;1019;0;0;3843;3861;30
30.04.2026;07:17:18;2,4;33,7;3,4;-10;37;1019;0;0;3846;3861;30
30.04.2026;07:17:19;2,4;33,7;3,5;-10;37;1019;0;0;3844;3859;30
30.04.2026;07:17:20;2,4;33,7;3,5;-10;37;1019;0;0;3844;3861;30
30.04.2026;07:17:21;2,4;33,7;3,5;-10;37;1019;0;0;3846;3862;30
30.04.2026;07:17:22;2,4;33,7;3,5;-10;37;1019;0;0;3846;3860;30
30.04.2026;07:17:23;2,4;33,7;3,5;-10;37;1019;0;0;3844;3861;30
30.04.2026;07:17:25;2,4;33,7;3,5;-10;37;1019;0;0;3846;3860;30
30.04.2026;07:17:26;2,4;33,7;3,5;-10;37;1019;0;0;3845;3860;30
30.04.2026;07:17:27;2,4;33,7;3,5;-10;37;1019;0;0;3843;3861;30
30.04.2026;07:17:28;2,4;33,7;3,5;-10;37;1019;0;0;3842;3858;30
30.04.2026;07:17:29;2,4;33,7;3,5;-10;37;1019;0;0;3844;3859;30
30.04.2026;07:17:30;2,4;33,7;3,5;-10;37;1019;0;0;3842;3860;30
30.04.2026;07:17:31;2,4;33,7;3,5;-10;37;1019;0;0;3847;3862;30
30.04.2026;07:17:32;2,4;33,8;3,5;-10;37;1019;0;0;3846;3862;30
30.04.2026;07:17:33;2,4;33,8;3,5;-10;37;1019;0;0;3847;3863;30
30.04.2026;07:17:34;2,4;33,8;3,5;-10;37;1019;0;0;3868;3867;30
30.04.2026;07:17:36;2,4;33,8;3,5;-10;37;1019;0;0;3866;3867;30
30.04.2026;07:17:37;2,4;33,8;3,5;-10;37;1019;0;0;3849;3864;30
30.04.2026;07:17:38;2,4;33,8;3,5;-10;37;1019;0;0;3842;3860;30
30.04.2026;07:17:39;2,4;33,8;3,5;-10;37;1019;0;0;3842;3858;30
30.04.2026;07:17:40;2,4;33,8;3,5;-10;37;1019;0;0;3843;3858;30
30.04.2026;07:17:41;2,4;33,8;3,5;-10;37;1019;0;0;3842;3858;30
30.04.2026;07:17:42;2,4;33,8;3,5;-10;37;1019;0;0;3844;3863;30
30.04.2026;07:17:43;2,4;33,8;3,5;-10;37;1019;0;0;3862;3864;30
30.04.2026;07:17:44;2,4;33,8;3,5;-10;37;1019;0;0;3846;3863;30
30.04.2026;07:17:45;2,4;33,9;3,5;-10;37;1019;0;0;3846;3862;30
30.04.2026;07:17:47;2,4;33,9;3,5;-10;37;1019;0;0;3841;3858;30
30.04.2026;07:17:48;2,4;33,9;3,5;-10;37;1019;0;0;3835;3852;30
30.04.2026;07:17:49;2,4;33,9;3,5;-10;37;1019;0;0;3834;3834;30
30.04.2026;07:17:50;2,4;33,9;3,5;-10;37;1019;0;0;3813;3831;30
30.04.2026;07:17:51;2,4;33,9;3,5;-10;37;1019;0;0;3815;3830;30
30.04.2026;07:17:52;2,4;33,9;3,5;-10;37;1019;0;0;3834;3836;30
30.04.2026;07:17:53;2,4;33,9;3,5;-10;37;1019;0;0;3842;3860;30
30.04.2026;07:17:54;2,4;34;3,5;-10;37;1019;0;0;3849;3865;30
30.04.2026;07:17:55;2,5;34;3,5;-10;37;1019;0;0;3867;3866;30
30.04.2026;07:17:56;2,5;34;3,5;-10;37;1019;0;0;3868;3867;30
30.04.2026;07:17:58;2,5;34;3,5;-10;37;1019;0;0;3846;3861;30
30.04.2026;07:17:59;2,5;34;3,5;-10;37;1019;0;0;3842;3860;30
30.04.2026;07:18:00;2,5;34;3,5;-10;37;1019;0;0;3836;3854;30
30.04.2026;07:18:01;2,5;34,1;3,5;-10;37;1019;0;0;3839;3856;30
30.04.2026;07:18:02;2,5;34,1;3,5;-10;37;1019;0;0;3840;3858;30
30.04.2026;07:18:03;2,5;34,1;3,5;-10;37;1019;0;0;3841;3856;30
30.04.2026;07:18:04;2,5;34,1;3,5;-10;37;1019;0;0;3840;3858;30
30.04.2026;07:18:05;2,5;34,1;3,5;-10;37;1019;0;0;3847;3862;30
30.04.2026;07:18:06;2,5;34,1;3,5;-10;37;1019;0;0;3842;3860;30
30.04.2026;07:18:07;2,5;34,1;3,5;-10;37;1019;0;0;3844;3861;30
30.04.2026;07:18:08;2,5;34,1;3,5;-10;37;1019;0;0;3867;3866;30
30.04.2026;07:18:10;2,5;34,1;3,5;-10;37;1019;0;0;3871;3886;30
30.04.2026;07:18:11;2,5;34,1;3,5;-10;37;1019;0;0;3870;3885;30
30.04.2026;07:18:12;2,5;34,1;3,5;-10;37;1019;0;0;3869;3887;30
30.04.2026;07:18:13;2,5;34,2;3,5;-10;37;1019;0;0;3867;3884;30
30.04.2026;07:18:14;2,5;34,2;3,6;-10;37;1019;0;0;3874;3889;30
30.04.2026;07:18:15;2,5;34,2;3,6;-10;37;1019;0;0;3876;3891;30
30.04.2026;07:18:16;2,5;34,2;3,6;-10;37;1019;0;0;3876;3891;30
30.04.2026;07:18:17;2,5;34,2;3,6;-10;37;1019;0;0;3874;3891;30
30.04.2026;07:18:18;2,5;34,2;3,6;-10;37;1019;0;0;3876;3892;30
30.04.2026;07:18:19;2,5;34,2;3,6;-10;37;1019;0;0;3878;3894;30
30.04.2026;07:18:20;2,5;34,2;3,6;-10;37;1019;0;0;3876;3894;30
30.04.2026;07:18:21;2,5;34,2;3,6;-10;37;1019;0;0;3877;3895;30
30.04.2026;07:18:22;2,5;34,2;3,6;-10;37;1019;0;0;3876;3894;30
30.04.2026;07:18:24;2,5;34,2;3,6;-10;37;1019;0;0;3877;3894;30
30.04.2026;07:18:25;2,5;34,2;3,6;-10;37;1019;0;0;3877;3892;30
30.04.2026;07:18:26;2,5;34,2;3,6;-10;37;1019;0;0;3877;3894;30
30.04.2026;07:18:27;2,5;34,3;3,6;-10;37;1019;0;0;3880;3913;30
30.04.2026;07:18:28;2,5;34,3;3,6;-10;37;1019;0;0;3899;3897;30
30.04.2026;07:18:29;2,5;34,3;3,6;-10;37;1019;0;0;3900;3899;30
30.04.2026;07:18:30;2,5;34,3;3,6;-10;37;1019;0;0;3898;3897;30
30.04.2026;07:18:31;2,5;34,3;3,6;-10;37;1019;0;0;3896;3897;30
30.04.2026;07:18:32;2,5;34,3;3,6;-10;37;1019;0;0;3880;3895;30
30.04.2026;07:18:33;2,5;34,3;3,6;-10;37;1019;0;0;3898;3916;30
30.04.2026;07:18:34;2,5;34,3;3,6;-10;37;1019;0;0;3898;3899;30
30.04.2026;07:18:35;2,5;34,3;3,6;-10;37;1019;0;0;3898;3916;30
30.04.2026;07:18:37;2,5;34,4;3,6;-10;37;1019;0;0;3899;3898;30
30.04.2026;07:18:38;2,5;34,4;3,6;-10;37;1019;0;0;3898;3897;30
30.04.2026;07:18:39;2,5;34,4;3,6;-10;37;1019;0;0;3882;3897;30
30.04.2026;07:18:40;2,5;34,4;3,6;-10;37;1019;0;0;3899;3899;30
30.04.2026;07:18:41;2,5;34,4;3,6;-10;37;1019;0;0;3899;3899;30
30.04.2026;07:18:42;2,5;34,4;3,6;-10;37;1019;0;0;3882;3914;30
30.04.2026;07:18:43;2,5;34,4;3,6;-10;37;1019;0;0;3896;3897;30
30.04.2026;07:18:44;2,5;34,4;3,6;-10;37;1019;0;0;3877;3894;30
30.04.2026;07:18:45;2,5;34,4;3,6;-10;37;1019;0;0;3875;3891;30
30.04.2026;07:18:46;2,5;34,4;3,6;-10;37;1019;0;0;3875;3893;30
30.04.2026;07:18:47;2,5;34,4;3,6;-10;37;1019;0;0;3875;3892;30
30.04.2026;07:18:48;2,5;34,5;3,6;-10;37;1019;0;0;3877;3892;30
30.04.2026;07:18:49;2,5;34,5;3,6;-10;37;1019;0;0;3875;3890;30
30.04.2026;07:18:50;2,5;34,5;3,6;-10;37;1019;0;0;3876;3893;30
30.04.2026;07:18:52;2,5;34,5;3,6;-10;37;1019;0;0;3876;3896;30
30.04.2026;07:18:53;2,5;34,5;3,6;-10;37;1019;0;0;3877;3895;30
30.04.2026;07:18:54;2,5;34,5;3,6;-10;37;1019;0;0;3874;3893;30
30.04.2026;07:18:55;2,5;34,5;3,6;-10;37;1019;0;0;3872;3890;30
30.04.2026;07:18:56;2,5;34,6;3,6;-10;37;1019;0;0;3871;3890;30
30.04.2026;07:18:57;2,5;34,6;3,6;-10;37;1019;0;0;3876;3894;30
30.04.2026;07:18:58;2,5;34,6;3,6;-10;37;1019;0;0;3873;3893;30
30.04.2026;07:18:59;2,5;34,6;3,6;-10;37;1019;0;0;3869;3886;30
30.04.2026;07:19:00;2,5;34,6;3,6;-10;37;1019;0;0;3866;3885;30
30.04.2026;07:19:01;2,5;34,6;3,6;-10;37;1019;0;0;3874;3891;30
30.04.2026;07:19:02;2,5;34,6;3,6;-10;37;1019;0;0;3875;3892;30
30.04.2026;07:19:03;2,5;34,6;3,6;-10;37;1019;0;0;3874;3893;30
30.04.2026;07:19:04;2,6;34,6;3,6;-10;37;1019;0;0;3876;3892;30
30.04.2026;07:19:05;2,6;34,6;3,6;-10;37;1019;0;0;3875;3893;30
30.04.2026;07:19:06;2,6;34,6;3,6;-10;37;1019;0;0;3878;3894;30
30.04.2026;07:19:07;2,6;34,7;3,6;-10;37;1019;0;0;3877;3892;30
30.04.2026;07:19:08;2,6;34,7;3,6;-10;37;1019;0;0;3873;3891;30
30.04.2026;07:19:09;2,6;34,7;3,6;-10;37;1019;0;0;3873;3892;30
30.04.2026;07:19:10;2,6;34,7;3,6;-10;37;1019;0;0;3875;3891;30
30.04.2026;07:19:11;2,6;34,7;3,7;-10;37;1019;0;0;3875;3892;30
30.04.2026;07:19:12;2,6;34,7;3,6;-10;37;1019;0;0;3872;3892;30
30.04.2026;07:19:14;2,6;34,7;3,6;-10;37;1019;0;0;3867;3886;30
30.04.2026;07:19:15;2,6;34,7;3,6;-10;37;1019;0;0;3871;3889;30
30.04.2026;07:19:16;2,6;34,7;3,6;-10;37;1019;0;0;3873;3892;30
30.04.2026;07:19:17;2,6;34,7;3,6;-10;37;1019;0;0;3871;3887;30
30.04.2026;07:19:18;2,6;34,7;3,6;-10;37;1019;0;0;3870;3886;30
30.04.2026;07:19:19;2,6;34,7;3,7;-10;37;1019;0;0;3869;3886;30
30.04.2026;07:19:20;2,6;34,7;3,7;-10;37;1019;0;0;3869;3888;30
30.04.2026;07:19:21;2,6;34,8;3,6;-10;37;1019;0;0;3867;3886;30
30.04.2026;07:19:22;2,6;34,8;3,6;-10;37;1019;0;0;3877;3894;30
30.04.2026;07:19:23;2,6;34,8;3,6;-10;37;1019;0;0;3876;3893;30
30.04.2026;07:19:24;2,6;34,8;3,7;-10;37;1019;0;0;3869;3889;30
30.04.2026;07:19:26;2,6;34,8;3,6;-10;37;1019;0;0;3872;3892;30
30.04.2026;07:19:27;2,6;34,8;3,6;-10;37;1019;0;0;3869;3888;30
30.04.2026;07:19:28;2,6;34,8;3,7;-10;37;1019;0;0;3874;3892;30
30.04.2026;07:19:29;2,6;34,8;3,7;-10;37;1019;0;0;3874;3891;30
30.04.2026;07:19:30;2,6;34,8;3,7;-10;37;1019;0;0;3874;3892;30
30.04.2026;07:19:31;2,6;34,8;3,7;-10;37;1019;0;0;3873;3890;30
30.04.2026;07:19:33;2,6;34,8;3,7;-10;37;1019;0;0;3875;3895;30
30.04.2026;07:19:34;2,6;34,8;3,7;-10;37;1019;0;0;3873;3893;30
30.04.2026;07:19:35;2,6;34,8;3,7;-10;37;1019;0;0;3874;3893;30
30.04.2026;07:19:36;2,6;34,8;3,7;-10;37;1019;0;0;3876;3893;30
30.04.2026;07:19:37;2,6;34,9;3,7;-10;37;1019;0;0;3873;3890;30
30.04.2026;07:19:38;2,6;34,9;3,7;-10;37;1019;0;0;3873;3891;30
30.04.2026;07:19:39;2,6;34,9;3,7;-10;37;1019;0;0;3875;3894;30
30.04.2026;07:19:40;2,6;34,9;3,7;-10;37;1019;0;0;3877;3893;30
30.04.2026;07:19:41;2,6;34,9;3,7;-10;37;1019;0;0;3875;3894;30
30.04.2026;07:19:43;2,6;34,9;3,7;-10;37;1019;0;0;3872;3891;30
30.04.2026;07:19:44;2,6;34,9;3,7;-10;37;1019;0;0;3872;3890;30
30.04.2026;07:19:45;2,6;34,9;3,7;-10;37;1019;0;0;3874;3889;30
30.04.2026;07:19:46;2,6;34,9;3,7;-10;37;1019;0;0;3872;3887;30
30.04.2026;07:19:47;2,6;34,9;3,7;-10;37;1019;0;0;3867;3886;30
30.04.2026;07:19:48;2,6;34,9;3,7;-10;37;1019;0;0;3871;3889;30
30.04.2026;07:19:49;2,6;34,9;3,7;-10;37;1019;0;0;3864;3866;30
30.04.2026;07:19:50;2,6;35;3,7;-10;37;1019;0;0;3847;3862;30
30.04.2026;07:19:51;2,6;35;3,7;-10;37;1019;0;0;3846;3861;30
30.04.2026;07:19:52;2,6;35;3,7;-10;37;1019;0;0;3843;3860;30
30.04.2026;07:19:53;2,6;35;3,7;-10;37;1019;0;0;3841;3858;30
30.04.2026;07:19:54;2,6;35;3,7;-10;37;1019;0;0;3842;3858;30
30.04.2026;07:19:56;2,6;35;3,7;-10;37;1019;0;0;3841;3858;30
30.04.2026;07:19:57;2,6;35;3,7;-10;37;1019;0;0;3839;3856;30
30.04.2026;07:19:58;2,6;35;3,7;-10;37;1019;0;0;3841;3856;30
30.04.2026;07:19:59;2,6;35;3,7;-10;37;1019;0;0;3835;3834;30
30.04.2026;07:20:00;2,6;35;3,7;-10;37;1019;0;0;3813;3829;30
30.04.2026;07:20:01;2,6;35;3,7;-10;37;1019;0;0;3833;3832;30
30.04.2026;07:20:02;2,6;35,1;3,7;-10;37;1019;0;0;3814;3830;30
30.04.2026;07:20:03;2,6;35,1;3,7;-10;37;1019;0;0;3830;3832;30
30.04.2026;07:20:04;2,6;35,1;3,7;-10;37;1019;0;0;3829;3831;30
30.04.2026;07:20:05;2,6;35,1;3,7;-10;37;1019;0;0;3809;3827;30
30.04.2026;07:20:07;2,6;35,1;3,7;-10;37;1019;0;0;3837;3852;30
30.04.2026;07:20:08;2,6;35,1;3,7;-10;37;1019;0;0;3837;3854;30
30.04.2026;07:20:09;2,6;35,1;3,7;-10;37;1019;0;0;3835;3852;30
30.04.2026;07:20:10;2,6;35,1;3,7;-10;37;1019;0;0;3834;3834;30
30.04.2026;07:20:11;2,6;35,1;3,7;-10;37;1019;0;0;3845;3858;30
30.04.2026;07:20:12;2,6;35,1;3,7;-10;37;1019;0;0;3867;3866;30
30.04.2026;07:20:13;2,6;35,1;3,7;-10;37;1019;0;0;3872;3890;30
30.04.2026;07:20:14;2,6;35,1;3,7;-10;37;1019;0;0;3877;3894;30
30.04.2026;07:20:15;2,6;35,2;3,7;-10;37;1019;0;0;3897;3898;30
30.04.2026;07:20:16;2,6;35,2;3,7;-10;37;1019;0;0;3895;3895;30
30.04.2026;07:20:17;2,6;35,2;3,7;-10;37;1019;0;0;3877;3893;30
30.04.2026;07:20:18;2,6;35,2;3,7;-10;37;1019;0;0;3877;3892;30
30.04.2026;07:20:19;2,6;35,2;3,7;-10;37;1019;0;0;3896;3896;30
30.04.2026;07:20:21;2,6;35,2;3,7;-10;37;1019;0;0;3898;3897;30
30.04.2026;07:20:22;2,6;35,2;3,7;-10;37;1019;0;0;3899;3897;30
30.04.2026;07:20:23;2,6;35,2;3,7;-10;37;1019;0;0;3894;3896;30
30.04.2026;07:20:24;2,6;35,2;3,7;-10;37;1019;0;0;3892;3894;30
30.04.2026;07:20:25;2,6;35,2;3,7;-10;37;1019;0;0;3894;3896;30
30.04.2026;07:20:26;2,7;35,2;3,7;-10;37;1019;0;0;3877;3893;30
30.04.2026;07:20:27;2,7;35,2;3,7;-10;37;1019;0;0;3875;3894;30
30.04.2026;07:20:28;2,7;35,2;3,7;-10;37;1019;0;0;3899;3899;30
30.04.2026;07:20:30;2,7;35,3;3,8;-10;37;1019;0;0;3895;3896;30
30.04.2026;07:20:31;2,7;35,3;3,7;-10;37;1019;0;0;3895;3897;30
30.04.2026;07:20:32;2,7;35,3;3,7;-10;37;1019;0;0;3879;3895;30
30.04.2026;07:20:33;2,7;35,3;3,7;-10;37;1019;0;0;3881;3897;30
30.04.2026;07:20:34;2,7;35,3;3,7;-10;37;1019;0;0;3897;3915;30
30.04.2026;07:20:35;2,7;35,3;3,7;-10;37;1019;0;0;3898;3899;30
30.04.2026;07:20:36;2,7;35,3;3,7;-10;37;1019;0;0;3898;3917;30
30.04.2026;07:20:37;2,7;35,3;3,7;-10;37;1019;0;0;3898;3917;30
30.04.2026;07:20:38;2,7;35,3;3,7;-10;37;1019;0;0;3901;3917;30
30.04.2026;07:20:39;2,7;35,3;3,7;-10;37;1019;0;0;3900;3918;30
30.04.2026;07:20:40;2,7;35,4;3,7;-10;37;1019;0;0;3899;3898;30
30.04.2026;07:20:41;2,7;35,4;3,7;-10;37;1019;0;0;3895;3897;30
30.04.2026;07:20:42;2,7;35,4;3,7;-10;37;1019;0;0;3899;3898;30
30.04.2026;07:20:43;2,7;35,4;3,7;-10;37;1019;0;0;3900;3900;30
30.04.2026;07:20:44;2,7;35,4;3,7;-10;37;1019;0;0;3900;3899;30
30.04.2026;07:20:45;2,7;35,4;3,7;-10;37;1019;0;0;3880;3896;30
30.04.2026;07:20:46;2,7;35,4;3,7;-10;37;1019;0;0;3877;3893;30
30.04.2026;07:20:47;2,7;35,4;3,7;-10;37;1019;0;0;3873;3892;30
30.04.2026;07:20:49;2,7;35,4;3,7;-10;37;1019;0;0;3869;3886;30
30.04.2026;07:20:50;2,7;35,4;3,7;-10;37;1019;0;0;3866;3884;30
30.04.2026;07:20:51;2,7;35,4;3,7;-10;37;1019;0;0;3867;3868;30
30.04.2026;07:20:52;2,7;35,4;3,7;-10;37;1019;0;0;3842;3859;30
30.04.2026;07:20:53;2,7;35,4;3,7;-10;37;1019;0;0;3871;3887;30
30.04.2026;07:20:54;2,7;35,4;3,7;-10;37;1019;0;0;3867;3884;30
30.04.2026;07:20:55;2,7;35,4;3,7;-10;37;1019;0;0;3847;3863;30
30.04.2026;07:20:56;2,7;35,4;3,7;-10;37;1019;0;0;3847;3863;30
30.04.2026;07:20:57;2,7;35,5;3,8;-10;37;1019;0;0;3847;3864;30
30.04.2026;07:20:58;2,7;35,5;3,7;-10;37;1019;0;0;3843;3859;30
30.04.2026;07:20:59;2,7;35,5;3,7;-10;37;1019;0;0;3846;3864;30
30.04.2026;07:21:01;2,7;35,5;3,7;-10;37;1019;0;0;3842;3858;30
30.04.2026;07:21:02;2,7;35,5;3,8;-10;37;1019;0;0;3837;3856;30
30.04.2026;07:21:03;2,7;35,5;3,8;-10;37;1019;0;0;3847;3863;30
30.04.2026;07:21:04;2,7;35,5;3,7;-10;37;1019;0;0;3871;3890;30
30.04.2026;07:21:05;2,7;35,5;3,8;-10;37;1019;0;0;3876;3895;30
30.04.2026;07:21:06;2,7;35,5;3,8;-10;37;1019;0;0;3866;3885;30
30.04.2026;07:21:07;2,7;35,5;3,7;-10;37;1019;0;0;3871;3887;30
30.04.2026;07:21:08;2,7;35,5;3,8;-10;37;1019;0;0;3873;3890;30
30.04.2026;07:21:10;2,7;35,5;3,8;-10;37;1019;0;0;3872;3890;30
30.04.2026;07:21:11;2,7;35,6;3,8;-10;37;1019;0;0;3874;3891;30
30.04.2026;07:21:12;2,7;35,6;3,8;-10;37;1019;0;0;3875;3892;30
30.04.2026;07:21:13;2,7;35,6;3,7;-10;37;1019;0;0;3881;3897;30
30.04.2026;07:21:14;2,7;35,6;3,8;-10;37;1019;0;0;3877;3894;30
30.04.2026;07:21:15;2,7;35,6;3,8;-10;37;1019;0;0;3874;3893;30
30.04.2026;07:21:16;2,7;35,6;3,8;-10;37;1019;0;0;3874;3893;30
30.04.2026;07:21:17;2,7;35,6;3,8;-10;37;1019;0;0;3877;3894;30
30.04.2026;07:21:18;2,7;35,6;3,8;-10;37;1019;0;0;3876;3894;30
30.04.2026;07:21:19;2,7;35,7;3,8;-10;37;1019;0;0;3874;3891;30
30.04.2026;07:21:21;2,7;35,7;3,8;-10;37;1019;0;0;3873;3889;30
30.04.2026;07:21:22;2,7;35,7;3,8;-10;37;1019;0;0;3872;3890;30
30.04.2026;07:21:23;2,7;35,7;3,8;-10;37;1019;0;0;3872;3888;30
30.04.2026;07:21:24;2,8;35,7;3,8;-10;37;1019;0;0;3868;3886;30
30.04.2026;07:21:25;2,8;35,7;3,8;-10;37;1019;0;0;3872;3888;30
30.04.2026;07:21:26;2,8;35,7;3,8;-10;37;1019;0;0;3868;3883;30
30.04.2026;07:21:27;2,8;35,7;3,8;-10;37;1019;0;0;3863;3867;30
30.04.2026;07:21:28;2,8;35,7;3,8;-10;37;1019;0;0;3846;3865;30
30.04.2026;07:21:30;2,8;35,7;3,8;-10;37;1019;0;0;3844;3860;30
30.04.2026;07:21:31;2,8;35,7;3,8;-10;37;1019;0;0;3841;3860;30
30.04.2026;07:21:32;2,8;35,8;3,8;-10;37;1019;0;0;3843;3863;30
30.04.2026;07:21:33;2,8;35,8;3,8;-10;37;1019;0;0;3844;3862;30
30.04.2026;07:21:34;2,8;35,8;3,8;-10;37;1019;0;0;3846;3862;30
30.04.2026;07:21:35;2,8;35,8;3,8;-10;37;1019;0;0;3872;3889;30
30.04.2026;07:21:36;2,8;35,8;3,8;-10;37;1019;0;0;3866;3867;30
30.04.2026;07:21:37;2,8;35,8;3,8;-10;37;1019;0;0;3842;3861;30
30.04.2026;07:21:38;2,8;35,8;3,8;-10;37;1019;0;0;3845;3862;30
30.04.2026;07:21:39;2,8;35,8;3,8;-10;37;1019;0;0;3841;3860;30
30.04.2026;07:21:40;2,8;35,8;3,8;-10;37;1019;0;0;3838;3856;30
30.04.2026;07:21:41;2,8;35,8;3,8;-10;37;1019;0;0;3842;3860;30
30.04.2026;07:21:42;2,8;35,8;3,8;-10;37;1019;0;0;3842;3859;30
30.04.2026;07:21:44;2,8;35,8;3,8;-10;37;1019;0;0;3838;3855;30
30.04.2026;07:21:45;2,8;35,8;3,8;-10;37;1019;0;0;3833;3850;30
30.04.2026;07:21:46;2,8;35,9;3,8;-10;37;1019;0;0;3809;3827;30
30.04.2026;07:21:47;2,8;35,9;3,8;-10;37;1019;0;0;3809;3825;30
30.04.2026;07:21:48;2,8;35,9;3,8;-10;37;1019;0;0;3802;3818;30
30.04.2026;07:21:49;2,8;35,9;3,8;-10;37;1019;0;0;3779;3797;30
30.04.2026;07:21:50;2,8;35,9;3,8;-10;37;1019;0;0;3777;3794;30
30.04.2026;07:21:51;2,8;35,9;3,8;-10;37;1019;0;0;3772;3789;30
30.04.2026;07:21:52;2,8;35,9;3,8;-10;37;1019;0;0;3772;3791;30
30.04.2026;07:21:53;2,8;35,9;3,8;-10;37;1019;0;0;3779;3795;30
30.04.2026;07:21:54;2,8;35,9;3,8;-10;37;1019;0;0;3775;3792;30
30.04.2026;07:21:55;2,8;35,9;3,8;-10;37;1019;0;0;3775;3792;30
30.04.2026;07:21:57;2,8;35,9;3,8;-10;37;1019;0;0;3773;3792;30
30.04.2026;07:21:58;2,8;35,9;3,8;-10;37;1019;0;0;3779;3795;30
30.04.2026;07:21:59;2,8;35,9;3,8;-10;37;1019;0;0;3780;3796;30
30.04.2026;07:22:00;2,8;35,9;3,8;-10;37;1019;0;0;3799;3799;30
30.04.2026;07:22:01;2,8;35,9;3,8;-10;37;1019;0;0;3803;3822;30
30.04.2026;07:22:02;2,8;36;3,8;-10;37;1019;0;0;3805;3823;30
30.04.2026;07:22:03;2,8;36;3,8;-10;37;1019;0;0;3804;3821;30
30.04.2026;07:22:04;2,8;36;3,8;-10;37;1019;0;0;3804;3821;30
30.04.2026;07:22:05;2,8;36;3,8;-10;37;1019;0;0;3829;3832;30
30.04.2026;07:22:06;2,8;36;3,8;-10;37;1019;0;0;3815;3831;30
30.04.2026;07:22:07;2,8;36;3,8;-10;37;1019;0;0;3835;3853;30
30.04.2026;07:22:08;2,8;36;3,8;-10;37;1019;0;0;3842;3859;30
30.04.2026;07:22:09;2,8;36;3,8;-10;37;1019;0;0;3840;3856;30
30.04.2026;07:22:10;2,8;36;3,8;-10;37;1019;0;0;3837;3855;30
30.04.2026;07:22:11;2,8;36;3,8;-10;37;1019;0;0;3840;3857;30
30.04.2026;07:22:12;2,8;36;3,8;-10;37;1019;0;0;3842;3860;30
30.04.2026;07:22:13;2,8;36;3,8;-10;37;1019;0;0;3865;3866;30
30.04.2026;07:22:14;2,8;36;3,8;-10;37;1019;0;0;3872;3888;30
30.04.2026;07:22:16;2,8;36;3,8;-10;37;1019;0;0;3877;3892;30
30.04.2026;07:22:17;2,8;36;3,8;-10;37;1019;0;0;3876;3892;30
30.04.2026;07:22:18;2,8;36;3,8;-10;37;1019;0;0;3874;3890;30
30.04.2026;07:22:19;2,8;36;3,8;-10;37;1019;0;0;3872;3890;30
30.04.2026;07:22:20;2,8;36;3,8;-10;37;1019;0;0;3864;3866;30
30.04.2026;07:22:21;2,8;36;3,8;-10;37;1019;0;0;3846;3863;30
30.04.2026;07:22:22;2,8;36,1;3,8;-10;37;1019;0;0;3847;3863;30
30.04.2026;07:22:23;2,8;36,1;3,8;-10;37;1019;0;0;3847;3865;30
30.04.2026;07:22:24;2,8;36,1;3,8;-10;37;1019;0;0;3849;3865;30
30.04.2026;07:22:25;2,8;36,1;3,8;-10;37;1019;0;0;3849;3866;30
30.04.2026;07:22:26;2,8;36,1;3,8;-10;37;1019;0;0;3866;3867;30
30.04.2026;07:22:27;2,8;36,1;3,9;-10;37;1019;0;0;3874;3891;30
30.04.2026;07:22:28;2,8;36,1;3,9;-10;37;1019;0;0;3871;3891;30
30.04.2026;07:22:29;2,9;36,1;3,9;-10;37;1019;0;0;3874;3891;30
30.04.2026;07:22:31;2,9;36,1;3,9;-10;37;1019;0;0;3877;3894;30
30.04.2026;07:22:32;2,9;36,1;3,8;-10;37;1019;0;0;3875;3895;30
30.04.2026;07:22:33;2,9;36,1;3,9;-10;37;1019;0;0;3876;3893;30
30.04.2026;07:22:34;2,9;36,1;3,9;-10;37;1019;0;0;3876;3893;30
30.04.2026;07:22:35;2,9;36,1;3,9;-10;37;1019;0;0;3876;3896;30
30.04.2026;07:22:36;2,9;36,1;3,9;-10;37;1019;0;0;3874;3894;30
30.04.2026;07:22:37;2,9;36,1;3,9;-10;37;1019;0;0;3876;3893;30
30.04.2026;07:22:38;2,9;36,1;3,9;-10;37;1019;0;0;3875;3894;30
30.04.2026;07:22:39;2,9;36,1;3,9;-10;37;1019;0;0;3874;3893;30
30.04.2026;07:22:40;2,9;36,1;3,9;-10;37;1019;0;0;3875;3892;30
30.04.2026;07:22:41;2,9;36,2;3,9;-10;37;1019;0;0;3876;3893;30
30.04.2026;07:22:42;2,9;36,2;3,9;-10;37;1019;0;0;3874;3893;30
30.04.2026;07:22:43;2,9;36,2;3,9;-10;37;1019;0;0;3879;3896;30
30.04.2026;07:22:44;2,9;36,2;3,9;-10;37;1019;0;0;3878;3895;30
30.04.2026;07:22:46;2,9;36,2;3,9;-10;37;1019;0;0;3877;3896;30
30.04.2026;07:22:47;2,9;36,2;3,9;-10;37;1019;0;0;3877;3896;30
30.04.2026;07:22:48;2,9;36,2;3,9;-10;37;1019;0;0;3881;3898;30
30.04.2026;07:22:49;2,9;36,2;3,9;-10;37;1019;0;0;3900;3920;30
30.04.2026;07:22:50;2,9;36,2;3,9;-10;37;1019;0;0;3903;3920;30
30.04.2026;07:22:51;2,9;36,2;3,9;-10;37;1019;0;0;3899;3918;30
30.04.2026;07:22:52;2,9;36,2;3,9;-10;37;1019;0;0;3897;3900;30
30.04.2026;07:22:53;2,9;36,2;3,9;-10;37;1019;0;0;3902;3920;30
30.04.2026;07:22:54;2,9;36,2;3,9;-10;37;1019;0;0;3901;3918;30
30.04.2026;07:22:55;2,9;36,2;3,9;-10;37;1019;0;0;3898;3918;30
30.04.2026;07:22:56;2,9;36,2;3,9;-10;37;1019;0;0;3897;3918;30
30.04.2026;07:22:57;2,9;36,2;3,9;-10;37;1019;0;0;3881;3898;30
30.04.2026;07:22:58;2,9;36,2;3,9;-10;37;1019;0;0;3894;3898;30
30.04.2026;07:22:59;2,9;36,2;3,9;-10;37;1019;0;0;3880;3897;30
30.04.2026;07:23:00;2,9;36,2;3,9;-10;37;1019;0;0;3881;3898;30
30.04.2026;07:23:01;2,9;36,2;3,9;-10;37;1019;0;0;3879;3897;30
30.04.2026;07:23:02;2,9;36,3;3,9;-10;37;1019;0;0;3899;3917;30
30.04.2026;07:23:04;2,9;36,3;3,9;-10;37;1019;0;0;3902;3920;30
30.04.2026;07:23:05;2,9;36,3;3,9;-10;37;1019;0;0;3900;3918;30
30.04.2026;07:23:06;2,9;36,3;3,9;-10;37;1019;0;0;3896;3916;30
30.04.2026;07:23:07;2,9;36,3;3,9;-10;37;1019;0;0;3879;3896;30
30.04.2026;07:23:08;2,9;36,3;3,9;-10;37;1019;0;0;3878;3896;30
30.04.2026;07:23:09;2,9;36,3;3,9;-10;37;1019;0;0;3872;3890;30
30.04.2026;07:23:10;2,9;36,3;3,9;-10;37;1019;0;0;3866;3886;30
30.04.2026;07:23:11;2,9;36,3;3,9;-10;37;1019;0;0;3867;3884;30
30.04.2026;07:23:12;2,9;36,3;3,9;-10;37;1019;0;0;3865;3885;30
30.04.2026;07:23:13;2,9;36,3;3,9;-10;37;1019;0;0;3867;3885;30
30.04.2026;07:23:14;2,9;36,3;3,9;-10;37;1019;0;0;3868;3888;30
30.04.2026;07:23:15;2,9;36,3;4;-9;37;1019;0;0;3872;3890;30
30.04.2026;07:23:16;2,9;36,3;3,9;-10;37;1019;0;0;3870;3889;30
30.04.2026;07:23:17;2,9;36,3;3,9;-10;37;1019;0;0;3875;3894;30
30.04.2026;07:23:18;2,9;36,3;3,9;-10;37;1019;0;0;3877;3894;30
30.04.2026;07:23:19;2,9;36,3;3,9;-10;37;1019;0;0;3877;3893;30
30.04.2026;07:23:20;2,9;36,3;3,9;-10;37;1019;0;0;3871;3891;30
30.04.2026;07:23:22;2,9;36,3;3,9;-10;37;1019;0;0;3873;3890;30
30.04.2026;07:23:23;2,9;36,3;3,9;-10;37;1019;0;0;3876;3895;30
30.04.2026;07:23:24;2,9;36,4;3,9;-10;37;1019;0;0;3893;3896;30
30.04.2026;07:23:25;2,9;36,4;3,9;-10;37;1019;0;0;3880;3897;30
30.04.2026;07:23:26;2,9;36,4;3,9;-10;37;1019;0;0;3899;3899;30
30.04.2026;07:23:27;2,9;36,4;3,9;-10;37;1019;0;0;3896;3899;30
30.04.2026;07:23:28;2,9;36,4;3,9;-10;37;1019;0;0;3900;3917;30
30.04.2026;07:23:29;2,9;36,4;3,9;-10;37;1019;0;0;3874;3891;30
30.04.2026;07:23:31;2,9;36,4;3,9;-10;37;1019;0;0;3869;3887;30
30.04.2026;07:23:32;2,9;36,4;3,9;-10;37;1019;0;0;3867;3868;30
30.04.2026;07:23:33;2,9;36,4;3,9;-10;37;1019;0;0;3861;3865;30
30.04.2026;07:23:34;2,9;36,4;3,9;-10;37;1019;0;0;3837;3857;30
30.04.2026;07:23:35;2,9;36,5;4;-9;37;1019;0;0;3847;3865;30
30.04.2026;07:23:36;2,9;36,5;3,9;-10;37;1019;0;0;3870;3887;30
30.04.2026;07:23:37;2,9;36,5;3,9;-10;37;1019;0;0;3871;3888;30
30.04.2026;07:23:38;2,9;36,5;4;-9;37;1019;0;0;3878;3895;30
30.04.2026;07:23:39;2,9;36,5;4;-9;37;1019;0;0;3877;3895;30
30.04.2026;07:23:40;2,9;36,5;4;-9;37;1019;0;0;3877;3894;30
30.04.2026;07:23:42;2,9;36,5;4;-9;37;1019;0;0;3880;3897;30
30.04.2026;07:23:43;2,9;36,5;4;-9;37;1019;0;0;3896;3899;30
30.04.2026;07:23:44;2,9;36,5;4;-9;37;1019;0;0;3896;3899;30
30.04.2026;07:23:45;2,9;36,5;4;-9;37;1019;0;0;3881;3898;30
30.04.2026;07:23:46;2,9;36,6;4;-9;37;1019;0;0;3876;3895;30
30.04.2026;07:23:47;2,9;36,6;4;-9;37;1019;0;0;3873;3893;30
30.04.2026;07:23:48;2,9;36,6;4;-9;37;1019;0;0;3871;3890;30
30.04.2026;07:23:49;2,9;36,6;4;-9;37;1019;0;0;3871;3890;30
30.04.2026;07:23:50;2,9;36,6;4;-9;37;1019;0;0;3870;3887;30
30.04.2026;07:23:51;2,9;36,6;4;-9;37;1019;0;0;3867;3888;30
30.04.2026;07:23:52;2,9;36,6;4;-9;37;1019;0;0;3874;3892;30
30.04.2026;07:23:53;2,9;36,6;4;-9;37;1019;0;0;3872;3891;30
30.04.2026;07:23:54;2,9;36,6;4;-9;37;1019;0;0;3870;3890;30
30.04.2026;07:23:55;2,9;36,6;4;-9;37;1019;0;0;3868;3885;30
30.04.2026;07:23:56;2,9;36,6;4;-9;37;1019;0;0;3866;3883;30
30.04.2026;07:23:57;2,9;36,7;4;-9;37;1019;0;0;3864;3866;30
30.04.2026;07:23:58;2,9;36,7;4;-9;37;1019;0;0;3869;3887;30
30.04.2026;07:23:59;3;36,7;4;-9;37;1019;0;0;3850;3883;30
30.04.2026;07:24:01;3;36,7;4;-9;37;1019;0;0;3868;3869;30
30.04.2026;07:24:02;3;36,7;4;-9;37;1019;0;0;3868;3888;30
30.04.2026;07:24:03;2,9;36,7;4;-9;37;1019;0;0;3870;3887;30
30.04.2026;07:24:04;2,9;36,7;4;-9;37;1019;0;0;3867;3885;30
30.04.2026;07:24:05;3;36,7;4;-9;37;1019;0;0;3871;3890;30
30.04.2026;07:24:06;3;36,7;4;-9;37;1019;0;0;3869;3889;30
30.04.2026;07:24:07;3;36,7;4;-9;37;1019;0;0;3868;3887;30
30.04.2026;07:24:08;3;36,7;4;-9;37;1019;0;0;3866;3885;30
30.04.2026;07:24:09;3;36,7;4;-9;37;1019;0;0;3849;3882;30
30.04.2026;07:24:10;3;36,7;4;-9;37;1019;0;0;3870;3887;30
30.04.2026;07:24:11;3;36,8;4;-9;37;1019;0;0;3869;3888;30
30.04.2026;07:24:12;3;36,8;4;-9;37;1019;0;0;3867;3884;30
30.04.2026;07:24:13;3;36,8;4;-9;37;1019;0;0;3874;3892;30
30.04.2026;07:24:14;3;36,8;4;-9;37;1019;0;0;3880;3897;30
30.04.2026;07:24:16;3;36,8;4;-9;37;1019;0;0;3880;3896;30
30.04.2026;07:24:17;3;36,8;4;-9;37;1019;0;0;3882;3897;30
30.04.2026;07:24:18;3;36,8;4;-9;37;1019;0;0;3875;3893;30
30.04.2026;07:24:19;3;36,8;4;-9;37;1019;0;0;3875;3892;30
30.04.2026;07:24:20;3;36,8;4;-9;37;1019;0;0;3875;3892;30
30.04.2026;07:24:21;3;36,8;4;-9;37;1019;0;0;3876;3891;30
30.04.2026;07:24:22;3;36,7;4;-9;37;1019;0;0;3876;3892;30
30.04.2026;07:24:23;3;36,7;4;-9;37;1019;0;0;3876;3892;30
30.04.2026;07:24:24;3;36,7;4;-9;37;1019;0;0;3877;3893;30
30.04.2026;07:24:25;3;36,7;4;-9;37;1019;0;0;3879;3894;30
30.04.2026;07:24:26;3;36,7;4;-9;37;1019;0;0;3876;3893;30
30.04.2026;07:24:27;3;36,6;4;-9;37;1019;0;0;3877;3893;30
30.04.2026;07:24:28;3;36,6;4;-9;37;1019;0;0;3875;3893;30
30.04.2026;07:24:29;3;36,6;4;-9;37;1019;0;0;3876;3894;30
30.04.2026;07:24:31;3;36,6;4;-9;37;1019;0;0;3877;3892;30
30.04.2026;07:24:32;3;36,6;4;-9;37;1019;0;0;3877;3892;30
30.04.2026;07:24:33;3;36,6;4;-9;37;1019;0;0;3873;3889;30
30.04.2026;07:24:34;3;36,6;4;-9;37;1019;0;0;3873;3889;30
30.04.2026;07:24:35;3;36,6;4;-9;37;1019;0;0;3871;3889;30
30.04.2026;07:24:36;3;36,6;4;-9;37;1019;0;0;3872;3888;30
30.04.2026;07:24:37;3;36,6;4;-9;37;1019;0;0;3866;3865;30
30.04.2026;07:24:38;3;36,6;4;-9;37;1019;0;0;3846;3862;30
30.04.2026;07:24:39;3;36,6;4;-9;37;1019;0;0;3840;3859;30
30.04.2026;07:24:40;3;36,6;4;-9;37;1019;0;0;3841;3857;30
30.04.2026;07:24:41;3;36,6;4;-9;37;1019;0;0;3839;3855;30
30.04.2026;07:24:43;3;36,6;4;-9;37;1019;0;0;3838;3855;30
30.04.2026;07:24:44;3;36,6;4;-9;37;1019;0;0;3843;3859;30
30.04.2026;07:24:45;3;36,6;4;-9;37;1019;0;0;3836;3854;30
30.04.2026;07:24:46;3;36,6;4;-9;37;1019;0;0;3835;3853;30
30.04.2026;07:24:47;3;36,6;4;-9;37;1019;0;0;3814;3832;30
30.04.2026;07:24:48;3;36,6;4;-9;37;1019;0;0;3815;3830;30
30.04.2026;07:24:49;3;36,6;4;-9;37;1019;0;0;3815;3830;30
30.04.2026;07:24:50;3;36,6;4;-9;37;1019;0;0;3836;3855;30
30.04.2026;07:24:51;3;36,6;4;-9;37;1019;0;0;3840;3855;30
30.04.2026;07:24:52;3;36,6;4;-9;37;1019;0;0;3834;3852;30
30.04.2026;07:24:53;3;36,6;4;-9;37;1019;0;0;3840;3856;30
30.04.2026;07:24:54;3;36,6;4;-9;37;1019;0;0;3835;3853;30
30.04.2026;07:24:55;3;36,6;4;-9;37;1019;0;0;3813;3831;30
30.04.2026;07:24:56;3;36,6;4;-9;37;1019;0;0;3817;3833;30
30.04.2026;07:24:57;3,1;36,6;4;-9;37;1019;0;0;3837;3854;30
30.04.2026;07:24:58;3,1;36,6;4;-9;37;1019;0;0;3839;3856;30
30.04.2026;07:24:59;3,1;36,6;4;-9;37;1019;0;0;3842;3858;30
30.04.2026;07:25:00;3;36,6;4;-9;37;1019;0;0;3844;3862;30
30.04.2026;07:25:01;3;36,6;4;-9;37;1019;0;0;3845;3860;30
30.04.2026;07:25:03;3,1;36,6;4;-9;37;1019;0;0;3840;3855;30
30.04.2026;07:25:04;3,1;36,6;4;-9;36;1019;0;0;3832;3834;30
30.04.2026;07:25:05;3,1;36,6;4;-9;37;1019;0;0;3812;3829;30
30.04.2026;07:25:06;3,1;36,7;4;-9;37;1019;0;0;3808;3825;30
30.04.2026;07:25:07;3,1;36,7;4;-9;37;1019;0;0;3809;3826;30
30.04.2026;07:25:08;3,1;36,7;4;-9;37;1019;0;0;3805;3824;30
30.04.2026;07:25:09;3,1;36,7;4,1;-9;37;1019;0;0;3811;3829;30
30.04.2026;07:25:11;3,1;36,7;4;-9;37;1019;0;0;3808;3824;30
30.04.2026;07:25:12;3,1;36,7;4;-9;37;1019;0;0;3807;3825;30
30.04.2026;07:25:13;3,1;36,7;4;-9;37;1019;0;0;3802;3820;30
30.04.2026;07:25:14;3,1;36,7;4,1;-9;37;1019;0;0;3801;3819;30
30.04.2026;07:25:15;3,1;36,7;4,1;-9;37;1019;0;0;3804;3818;30
30.04.2026;07:25:16;3,1;36,7;4;-9;37;1019;0;0;3809;3824;30
30.04.2026;07:25:18;3,1;36,7;4;-9;37;1019;0;0;3803;3822;30
30.04.2026;07:25:19;3,1;36,7;4;-9;37;1019;0;0;3803;3821;30
30.04.2026;07:25:20;3,1;36,8;4,1;-9;37;1019;0;0;3806;3823;30
30.04.2026;07:25:21;3,1;36,8;4,1;-9;37;1019;0;0;3808;3824;30
30.04.2026;07:25:22;3,1;36,8;4,1;-9;37;1019;0;0;3810;3825;30
30.04.2026;07:25:23;3,1;36,8;4;-9;37;1019;0;0;3807;3825;30
30.04.2026;07:25:24;3,1;36,8;4,1;-9;37;1019;0;0;3816;3834;30
30.04.2026;07:25:25;3,1;36,8;4,1;-9;37;1019;0;0;3839;3854;30
30.04.2026;07:25:26;3,1;36,8;4,1;-9;37;1019;0;0;3840;3858;30
30.04.2026;07:25:27;3,1;36,8;4,1;-9;37;1019;0;0;3843;3860;30
30.04.2026;07:25:28;3,1;36,8;4,1;-9;37;1019;0;0;3845;3861;30
30.04.2026;07:25:29;3,1;36,8;4,1;-9;37;1019;0;0;3843;3860;30
30.04.2026;07:25:30;3,1;36,8;4,1;-9;37;1019;0;0;3847;3865;30
30.04.2026;07:25:31;3,1;36,8;4,1;-9;37;1019;0;0;3846;3864;30
30.04.2026;07:25:33;3,1;36,8;4,1;-9;37;1019;0;0;3841;3860;30
30.04.2026;07:25:34;3,1;36,8;4,1;-9;37;1019;0;0;3841;3860;30
30.04.2026;07:25:35;3,1;36,8;4,1;-9;37;1019;0;0;3845;3863;30
30.04.2026;07:25:36;3,1;36,8;4,1;-9;37;1019;0;0;3847;3862;30
30.04.2026;07:25:37;3,1;36,8;4,1;-9;37;1019;0;0;3864;3866;30
30.04.2026;07:25:38;3,1;36,8;4,1;-9;37;1019;0;0;3865;3867;30
30.04.2026;07:25:39;3,1;36,8;4,1;-9;37;1019;0;0;3850;3866;30
30.04.2026;07:25:40;3,1;36,8;4,1;-9;37;1019;0;0;3845;3861;30
30.04.2026;07:25:41;3,1;36,8;4,1;-9;37;1019;0;0;3843;3859;30
30.04.2026;07:25:42;3,1;36,8;4,1;-9;37;1019;0;0;3842;3858;30
30.04.2026;07:25:43;3,1;36,9;4,1;-9;37;1019;0;0;3844;3862;30
30.04.2026;07:25:44;3,1;36,9;4,1;-9;37;1019;0;0;3846;3862;30
30.04.2026;07:25:45;3,1;36,9;4,1;-9;36;1019;0;0;3847;3865;30
30.04.2026;07:25:46;3,1;36,9;4,1;-9;37;1019;0;0;3863;3864;30
30.04.2026;07:25:48;3,1;36,9;4,1;-9;37;1019;0;0;3864;3866;30
30.04.2026;07:25:49;3,1;36,9;4,1;-9;37;1019;0;0;3867;3867;30
30.04.2026;07:25:50;3,1;36,9;4,1;-9;37;1019;0;0;3866;3867;30
30.04.2026;07:25:51;3,1;36,9;4,1;-9;37;1019;0;0;3865;3867;30
30.04.2026;07:25:52;3,1;36,9;4,1;-9;37;1019;0;0;3849;3865;30
30.04.2026;07:25:53;3,1;36,9;4,1;-9;37;1019;0;0;3846;3879;30
30.04.2026;07:25:54;3,1;36,9;4,1;-9;36;1019;0;0;3848;3881;30
30.04.2026;07:25:55;3,1;37;4,1;-9;36;1019;0;0;3866;3868;30
30.04.2026;07:25:56;3,1;37;4,1;-9;37;1019;0;0;3867;3867;30
30.04.2026;07:25:57;3,1;37;4,1;-9;37;1019;0;0;3846;3862;30
30.04.2026;07:25:58;3,1;37;4,1;-9;36;1019;0;0;3842;3861;30
30.04.2026;07:25:59;3,1;37;4,1;-9;37;1019;0;0;3845;3864;30
30.04.2026;07:26:00;3,1;37;4,1;-9;36;1019;0;0;3847;3863;30
30.04.2026;07:26:02;3,1;37;4,1;-9;36;1019;0;0;3843;3861;30
30.04.2026;07:26:03;3,1;37;4,1;-9;36;1019;0;0;3846;3862;30
30.04.2026;07:26:04;3,1;37;4,1;-9;36;1019;0;0;3849;3864;30
30.04.2026;07:26:05;3,1;37;4,1;-9;36;1019;0;0;3868;3884;30
30.04.2026;07:26:06;3,1;37;4,1;-9;36;1019;0;0;3877;3895;30
30.04.2026;07:26:07;3,1;37;4,1;-9;36;1019;0;0;3876;3892;30
30.04.2026;07:26:08;3,1;37,1;4,1;-9;36;1019;0;0;3877;3895;30
30.04.2026;07:26:09;3,1;37,1;4,1;-9;36;1019;0;0;3899;3900;30
30.04.2026;07:26:10;3,1;37,1;4,1;-9;36;1019;0;0;3897;3899;30
30.04.2026;07:26:11;3,1;37,1;4,1;-9;36;1019;0;0;3896;3898;30
30.04.2026;07:26:13;3,1;37,1;4,1;-9;36;1019;0;0;3878;3912;30
30.04.2026;07:26:14;3,1;37,1;4,1;-9;36;1019;0;0;3879;3898;30
30.04.2026;07:26:15;3,1;37,1;4,1;-9;36;1019;0;0;3880;3896;30
30.04.2026;07:26:16;3,1;37,1;4,1;-9;36;1019;0;0;3879;3895;30
30.04.2026;07:26:17;3,1;37,2;4,1;-9;36;1019;0;0;3877;3892;30
30.04.2026;07:26:18;3,1;37,2;4,1;-9;36;1019;0;0;3873;3892;30
30.04.2026;07:26:19;3,1;37,2;4,1;-9;36;1019;0;0;3873;3891;30
30.04.2026;07:26:20;3,2;37,2;4,1;-9;36;1019;0;0;3875;3890;30
30.04.2026;07:26:21;3,2;37,2;4,1;-9;36;1019;0;0;3874;3890;30
30.04.2026;07:26:22;3,2;37,2;4,1;-9;36;1019;0;0;3875;3890;30
30.04.2026;07:26:23;3,2;37,2;4,1;-9;36;1019;0;0;3871;3887;30
30.04.2026;07:26:24;3,2;37,2;4,1;-9;36;1019;0;0;3871;3889;30
30.04.2026;07:26:25;3,2;37,3;4,1;-9;36;1019;0;0;3867;3867;30
30.04.2026;07:26:26;3,2;37,3;4,1;-9;36;1019;0;0;3846;3865;30
30.04.2026;07:26:27;3,2;37,3;4,1;-9;36;1019;0;0;3849;3866;30
30.04.2026;07:26:29;3,2;37,3;4,1;-9;36;1019;0;0;3866;3867;30
30.04.2026;07:26:30;3,2;37,3;4,1;-9;36;1019;0;0;3875;3893;30
30.04.2026;07:26:31;3,2;37,3;4,1;-9;36;1019;0;0;3871;3889;30
30.04.2026;07:26:32;3,2;37,3;4,1;-9;36;1019;0;0;3871;3889;30
30.04.2026;07:26:33;3,2;37,3;4,1;-9;36;1019;0;0;3870;3887;30
30.04.2026;07:26:34;3,2;37,3;4,1;-9;36;1019;0;0;3867;3885;30
30.04.2026;07:26:35;3,2;37,3;4,1;-9;36;1019;0;0;3870;3885;30
30.04.2026;07:26:36;3,2;37,4;4,1;-9;36;1019;0;0;3851;3866;30
30.04.2026;07:26:38;3,2;37,4;4,1;-9;36;1019;0;0;3868;3867;30
30.04.2026;07:26:38;3,2;37,4;4,1;-9;36;1019;0;0;3865;3867;30
30.04.2026;07:26:40;3,2;37,4;4,1;-9;36;1019;0;0;3842;3857;30
30.04.2026;07:26:41;3,2;37,4;4,1;-9;36;1019;0;0;3840;3856;30
30.04.2026;07:26:42;3,2;37,4;4,1;-9;36;1019;0;0;3837;3854;30
30.04.2026;07:26:43;3,2;37,4;4,1;-9;36;1019;0;0;3838;3853;30
30.04.2026;07:26:44;3,2;37,4;4,1;-9;36;1019;0;0;3849;3881;30
30.04.2026;07:26:45;3,2;37,4;4,1;-9;36;1019;0;0;3875;3893;30
30.04.2026;07:26:46;3,2;37,4;4,1;-9;36;1019;0;0;3876;3891;30
30.04.2026;07:26:47;3,2;37,4;4,1;-9;36;1019;0;0;3873;3891;30
30.04.2026;07:26:48;3,2;37,4;4,1;-9;36;1019;0;0;3873;3891;30
30.04.2026;07:26:50;3,2;37,5;4,1;-9;36;1019;0;0;3872;3890;30
30.04.2026;07:26:51;3,2;37,5;4,1;-9;36;1019;0;0;3873;3889;30
30.04.2026;07:26:52;3,2;37,5;4,1;-9;36;1019;0;0;3873;3887;30
30.04.2026;07:26:53;3,2;37,5;4,1;-9;36;1019;0;0;3873;3889;30
30.04.2026;07:26:54;3,2;37,5;4,1;-9;36;1019;0;0;3877;3891;30
30.04.2026;07:26:55;3,2;37,5;4,1;-9;36;1019;0;0;3876;3894;30
30.04.2026;07:26:56;3,2;37,5;4,1;-9;36;1019;0;0;3877;3894;30
30.04.2026;07:26:57;3,2;37,5;4,1;-9;36;1019;0;0;3877;3894;30
30.04.2026;07:26:58;3,2;37,5;4,1;-9;36;1019;0;0;3877;3891;30
30.04.2026;07:26:59;3,2;37,5;4,1;-9;36;1019;0;0;3875;3890;30
30.04.2026;07:27:00;3,2;37,5;4,1;-9;36;1019;0;0;3872;3890;30
30.04.2026;07:27:02;3,2;37,5;4,1;-9;36;1019;0;0;3875;3891;30
30.04.2026;07:27:03;3,2;37,5;4,1;-9;36;1019;0;0;3873;3888;30
30.04.2026;07:27:04;3,2;37,5;4,1;-9;36;1019;0;0;3865;3866;30
30.04.2026;07:27:05;3,2;37,5;4,1;-9;36;1019;0;0;3870;3885;30
30.04.2026;07:27:06;3,2;37,5;4,1;-9;36;1019;0;0;3848;3880;30
30.04.2026;07:27:07;3,2;37,5;4,1;-9;36;1019;0;0;3844;3862;30
30.04.2026;07:27:08;3,2;37,6;4,1;-9;36;1019;0;0;3843;3859;30
30.04.2026;07:27:09;3,2;37,6;4,1;-9;36;1019;0;0;3843;3860;30
30.04.2026;07:27:10;3,2;37,6;4,1;-9;36;1019;0;0;3843;3861;30
30.04.2026;07:27:11;3,2;37,6;4,1;-9;36;1019;0;0;3837;3855;30
30.04.2026;07:27:13;3,2;37,6;4,1;-9;36;1019;0;0;3839;3854;30
30.04.2026;07:27:14;3,2;37,6;4,1;-9;36;1019;0;0;3838;3856;30
30.04.2026;07:27:15;3,2;37,6;4,1;-9;36;1019;0;0;3839;3857;30
30.04.2026;07:27:16;3,2;37,6;4,1;-9;36;1019;0;0;3833;3851;30
30.04.2026;07:27:17;3,2;37,6;4,1;-9;36;1019;0;0;3836;3850;30
30.04.2026;07:27:18;3,2;37,6;4,1;-9;36;1019;0;0;3834;3851;30
30.04.2026;07:27:19;3,2;37,6;4,1;-9;36;1019;0;0;3840;3859;30
30.04.2026;07:27:20;3,2;37,6;4,1;-9;36;1019;0;0;3834;3853;30
30.04.2026;07:27:21;3,2;37,6;4,1;-9;36;1019;0;0;3816;3832;30
30.04.2026;07:27:22;3,2;37,6;4,1;-9;36;1019;0;0;3813;3829;30
30.04.2026;07:27:23;3,2;37,6;4,1;-9;36;1019;0;0;3833;3833;30
30.04.2026;07:27:24;3,2;37,6;4,1;-9;36;1019;0;0;3833;3853;30
30.04.2026;07:27:25;3,2;37,6;4,1;-9;36;1019;0;0;3838;3857;30
30.04.2026;07:27:26;3,2;37,6;4,1;-9;36;1019;0;0;3839;3857;30
30.04.2026;07:27:28;3,2;37,6;4,1;-9;36;1019;0;0;3841;3860;30
30.04.2026;07:27:29;3,2;37,6;4,1;-9;36;1019;0;0;3842;3858;30
30.04.2026;07:27:30;3,2;37,6;4,1;-9;36;1019;0;0;3840;3857;30
30.04.2026;07:27:31;3,2;37,6;4,1;-9;36;1019;0;0;3837;3853;30
30.04.2026;07:27:32;3,2;37,6;4,1;-9;36;1019;0;0;3840;3858;30
30.04.2026;07:27:33;3,2;37,6;4,1;-9;36;1019;0;0;3846;3863;30
30.04.2026;07:27:34;3,2;37,6;4,1;-9;36;1019;0;0;3865;3867;30
30.04.2026;07:27:35;3,2;37,6;4,1;-9;36;1019;0;0;3845;3864;30
30.04.2026;07:27:36;3,2;37,7;4,1;-9;36;1019;0;0;3846;3863;30
30.04.2026;07:27:37;3,2;37,7;4,1;-9;36;1019;0;0;3846;3862;30
30.04.2026;07:27:38;3,2;37,7;4,1;-9;36;1019;0;0;3845;3861;30
30.04.2026;07:27:40;3,2;37,7;4,1;-9;36;1019;0;0;3840;3858;30
30.04.2026;07:27:41;3,3;37,7;4,1;-9;36;1019;0;0;3841;3856;30
30.04.2026;07:27:42;3,3;37,7;4,1;-9;36;1019;0;0;3841;3857;30
30.04.2026;07:27:43;3,3;37,7;4,1;-9;36;1019;0;0;3837;3853;30
30.04.2026;07:27:44;3,3;37,7;4,1;-9;36;1019;0;0;3839;3856;30
30.04.2026;07:27:45;3,3;37,7;4,1;-9;36;1019;0;0;3838;3855;30
30.04.2026;07:27:46;3,3;37,7;4,1;-9;36;1019;0;0;3840;3855;30
30.04.2026;07:27:47;3,3;37,7;4,1;-9;36;1019;0;0;3841;3857;30
30.04.2026;07:27:48;3,3;37,7;4,1;-9;36;1019;0;0;3837;3856;30
30.04.2026;07:27:49;3,3;37,7;4,1;-9;36;1019;0;0;3838;3857;30
30.04.2026;07:27:50;3,3;37,7;4,1;-9;36;1019;0;0;3838;3854;30
30.04.2026;07:27:51;3,3;37,7;4,1;-9;36;1019;0;0;3837;3856;30
30.04.2026;07:27:52;3,3;37,7;4,1;-9;36;1019;0;0;3838;3856;30
30.04.2026;07:27:53;3,3;37,7;4,1;-9;36;1019;0;0;3837;3855;30
30.04.2026;07:27:54;3,3;37,7;4,1;-9;36;1019;0;0;3838;3855;30
30.04.2026;07:27:56;3,3;37,7;4,1;-9;36;1019;0;0;3843;3860;30
30.04.2026;07:27:57;3,3;37,7;4,1;-9;36;1019;0;0;3842;3859;30
30.04.2026;07:27:58;3,3;37,7;4,1;-9;36;1019;0;0;3840;3859;30
30.04.2026;07:27:59;3,3;37,7;4,1;-9;36;1019;0;0;3841;3860;30
30.04.2026;07:28:00;3,3;37,7;4,1;-9;36;1019;0;0;3841;3858;30
30.04.2026;07:28:01;3,3;37,7;4,1;-9;36;1019;0;0;3844;3860;30
30.04.2026;07:28:03;3,3;37,7;4,1;-9;36;1019;0;0;3848;3864;30
30.04.2026;07:28:04;3,3;37,7;4,1;-9;36;1019;0;0;3842;3858;30
30.04.2026;07:28:05;3,3;37,7;4,1;-9;36;1019;0;0;3842;3860;30
30.04.2026;07:28:06;3,3;37,7;4,1;-9;36;1019;0;0;3841;3857;30
30.04.2026;07:28:07;3,3;37,7;4,1;-9;36;1019;0;0;3838;3854;30
30.04.2026;07:28:08;3,3;37,7;4,1;-9;36;1019;0;0;3833;3833;30
30.04.2026;07:28:09;3,3;37,7;4,1;-9;36;1019;0;0;3833;3834;30
30.04.2026;07:28:10;3,3;37,7;4,1;-9;36;1019;0;0;3835;3853;30
30.04.2026;07:28:11;3,3;37,7;4,1;-9;37;1019;0;0;3839;3855;30
30.04.2026;07:28:12;3,3;37,7;4,1;-9;36;1019;0;0;3837;3855;30
30.04.2026;07:28:13;3,3;37,7;4,2;-9;36;1019;0;0;3842;3859;30
30.04.2026;07:28:15;3,3;37,7;4,1;-9;36;1019;0;0;3846;3863;30
30.04.2026;07:28:16;3,3;37,7;4,1;-9;36;1019;0;0;3842;3861;30
30.04.2026;07:28:17;3,3;37,8;4,1;-9;36;1019;0;0;3848;3879;30
30.04.2026;07:28:18;3,3;37,8;4,1;-9;36;1019;0;0;3848;3864;30
30.04.2026;07:28:19;3,3;37,8;4,1;-9;36;1019;0;0;3844;3861;30
30.04.2026;07:28:20;3,3;37,8;4,2;-9;36;1019;0;0;3838;3857;30
30.04.2026;07:28:21;3,3;37,8;4,1;-9;36;1019;0;0;3867;3883;30
30.04.2026;07:28:22;3,3;37,8;4,1;-9;36;1019;0;0;3869;3886;30
30.04.2026;07:28:23;3,3;37,8;4,1;-9;36;1019;0;0;3869;3887;30
30.04.2026;07:28:24;3,3;37,8;4,1;-9;36;1019;0;0;3870;3887;30
30.04.2026;07:28:25;3,3;37,8;4,1;-9;36;1019;0;0;3869;3886;30
30.04.2026;07:28:26;3,3;37,8;4,1;-9;36;1019;0;0;3869;3886;30
30.04.2026;07:28:28;3,3;37,8;4,1;-9;36;1019;0;0;3871;3890;30
30.04.2026;07:28:29;3,3;37,8;4,1;-9;36;1019;0;0;3872;3891;30
30.04.2026;07:28:30;3,3;37,8;4,1;-9;36;1019;0;0;3896;3898;30
30.04.2026;07:28:31;3,3;37,8;4,1;-9;36;1019;0;0;3879;3896;30
30.04.2026;07:28:32;3,3;37,8;4,1;-9;36;1019;0;0;3875;3894;30
30.04.2026;07:28:33;3,3;37,8;4,1;-9;36;1019;0;0;3876;3892;30
30.04.2026;07:28:34;3,3;37,8;4,1;-9;36;1019;0;0;3872;3891;30
30.04.2026;07:28:35;3,3;37,8;4,1;-9;36;1019;0;0;3873;3890;30
30.04.2026;07:28:36;3,3;37,9;4,1;-9;36;1019;0;0;3874;3891;30
30.04.2026;07:28:37;3,3;37,9;4,1;-9;36;1019;0;0;3875;3891;30
30.04.2026;07:28:38;3,3;37,9;4,1;-9;36;1019;0;0;3875;3892;30
30.04.2026;07:28:39;3,3;37,9;4,1;-9;36;1019;0;0;3878;3895;30
30.04.2026;07:28:40;3,3;37,9;4,1;-9;36;1019;0;0;3899;3917;30
30.04.2026;07:28:42;3,4;37,9;4,1;-9;36;1019;0;0;3880;3914;30
30.04.2026;07:28:43;3,4;37,9;4,1;-9;36;1019;0;0;3895;3915;30
30.04.2026;07:28:44;3,4;37,9;4,1;-9;36;1019;0;0;3879;3913;30
30.04.2026;07:28:45;3,4;37,9;4,1;-9;36;1019;0;0;3900;3917;30
30.04.2026;07:28:46;3,4;37,9;4,1;-9;36;1019;0;0;3897;3916;30
30.04.2026;07:28:47;3,4;37,9;4,1;-9;36;1019;0;0;3879;3895;30
30.04.2026;07:28:48;3,4;37,9;4,1;-9;36;1019;0;0;3877;3894;30
30.04.2026;07:28:49;3,4;37,9;4,1;-9;36;1019;0;0;3895;3897;30
30.04.2026;07:28:50;3,4;37,9;4,1;-9;36;1019;0;0;3875;3892;30
30.04.2026;07:28:51;3,4;37,9;4,1;-9;36;1019;0;0;3876;3892;30
30.04.2026;07:28:52;3,4;37,9;4,1;-9;36;1019;0;0;3876;3896;30
30.04.2026;07:28:53;3,4;37,9;4,1;-9;36;1019;0;0;3897;3897;30
30.04.2026;07:28:54;3,4;37,9;4,1;-9;37;1019;0;0;3897;3898;30
30.04.2026;07:28:55;3,4;37,9;4,1;-9;36;1019;0;0;3879;3896;30
30.04.2026;07:28:57;3,4;37,9;4,1;-9;36;1019;0;0;3877;3896;30
30.04.2026;07:28:58;3,4;37,9;4,1;-9;36;1019;0;0;3873;3892;30
30.04.2026;07:28:59;3,4;37,9;4,1;-9;36;1019;0;0;3872;3889;30
30.04.2026;07:29:00;3,4;37,9;4,1;-9;36;1019;0;0;3873;3890;30
30.04.2026;07:29:01;3,4;37,9;4,1;-9;36;1019;0;0;3877;3894;30
30.04.2026;07:29:02;3,4;37,9;4,1;-9;36;1019;0;0;3875;3894;30
30.04.2026;07:29:03;3,4;37,9;4,1;-9;36;1019;0;0;3872;3892;30
30.04.2026;07:29:04;3,4;37,9;4,1;-9;36;1019;0;0;3875;3893;30
30.04.2026;07:29:05;3,4;37,9;4,1;-9;36;1019;0;0;3877;3892;30
30.04.2026;07:29:06;3,4;37,9;4,1;-9;36;1019;0;0;3875;3892;30
30.04.2026;07:29:07;3,4;37,9;4,1;-9;36;1019;0;0;3871;3888;30
30.04.2026;07:29:08;3,4;37,9;4,1;-9;36;1019;0;0;3876;3894;30
30.04.2026;07:29:09;3,4;37,9;4,1;-9;36;1019;0;0;3877;3894;30
30.04.2026;07:29:10;3,4;37,9;4,1;-9;36;1019;0;0;3877;3910;30
30.04.2026;07:29:11;3,4;37,9;4,1;-9;36;1019;0;0;3878;3895;30
30.04.2026;07:29:12;3,4;37,9;4,1;-9;36;1019;0;0;3878;3897;30
30.04.2026;07:29:13;3,4;37,9;4,1;-9;36;1019;0;0;3895;3897;30
30.04.2026;07:29:14;3,4;37,9;4,1;-9;36;1019;0;0;3878;3895;30
30.04.2026;07:29:15;3,4;38;4,1;-9;36;1019;0;0;3876;3895;30
30.04.2026;07:29:16;3,4;38;4,1;-9;36;1019;0;0;3876;3893;30
30.04.2026;07:29:17;3,4;38;4,1;-9;36;1019;0;0;3875;3891;30
30.04.2026;07:29:19;3,4;38;4,1;-9;36;1019;0;0;3872;3889;30
30.04.2026;07:29:20;3,4;38;4;-9;36;1019;0;0;3870;3886;30
30.04.2026;07:29:21;3,4;38;4,1;-9;36;1019;0;0;3869;3886;30
30.04.2026;07:29:22;3,4;38;4,1;-9;36;1019;0;0;3866;3884;30
30.04.2026;07:29:23;3,4;38;4,1;-9;36;1019;0;0;3868;3884;30
30.04.2026;07:29:24;3,4;38;4,1;-9;36;1019;0;0;3868;3884;30
30.04.2026;07:29:25;3,4;38;4,1;-9;36;1019;0;0;3864;3883;30
30.04.2026;07:29:26;3,4;38;4;-9;36;1019;0;0;3862;3865;30
30.04.2026;07:29:27;3,4;38;4;-9;36;1019;0;0;3847;3864;30
30.04.2026;07:29:29;3,4;38;4,1;-9;36;1019;0;0;3845;3879;30
30.04.2026;07:29:30;3,4;38;4;-9;36;1019;0;0;3845;3862;30
30.04.2026;07:29:31;3,4;38;4;-9;36;1019;0;0;3844;3860;30
30.04.2026;07:29:32;3,4;38;4,1;-9;36;1019;0;0;3845;3864;30
30.04.2026;07:29:33;3,4;38;4,1;-9;36;1019;0;0;3840;3857;30
30.04.2026;07:29:34;3,4;38;4,1;-9;36;1019;0;0;3843;3861;30
30.04.2026;07:29:35;3,4;38;4,1;-9;36;1019;0;0;3868;3886;30
30.04.2026;07:29:36;3,4;38;4,1;-9;36;1019;0;0;3868;3885;30
30.04.2026;07:29:37;3,4;38;4,1;-9;36;1019;0;0;3868;3884;30
30.04.2026;07:29:38;3,4;38;4;-9;36;1019;0;0;3868;3885;30
30.04.2026;07:29:39;3,4;38,1;4;-9;36;1019;0;0;3865;3884;30
30.04.2026;07:29:40;3,4;38,1;4;-9;36;1019;0;0;3864;3866;30
30.04.2026;07:29:41;3,4;38,1;4;-9;36;1019;0;0;3862;3864;30
30.04.2026;07:29:42;3,4;38,1;4;-9;36;1019;0;0;3846;3863;30
30.04.2026;07:29:44;3,4;38,1;4;-9;36;1019;0;0;3845;3863;30
30.04.2026;07:29:45;3,4;38,1;4;-9;36;1019;0;0;3868;3885;30
30.04.2026;07:29:46;3,4;38,1;4;-9;36;1019;0;0;3869;3887;30
30.04.2026;07:29:47;3,4;38,1;4;-9;36;1019;0;0;3869;3885;30
30.04.2026;07:29:48;3,4;38,1;4;-9;36;1019;0;0;3870;3888;30
30.04.2026;07:29:49;3,5;38,1;4;-9;36;1019;0;0;3868;3884;30
30.04.2026;07:29:50;3,5;38,1;4;-9;36;1019;0;0;3863;3881;30
30.04.2026;07:29:51;3,5;38,1;4;-9;37;1019;0;0;3867;3883;30
30.04.2026;07:29:53;3,4;38,1;4;-9;36;1019;0;0;3867;3886;30
30.04.2026;07:29:54;3,4;38,1;4;-9;36;1019;0;0;3862;3865;30
30.04.2026;07:29:55;3,4;38,1;4;-9;36;1019;0;0;3875;3890;30
30.04.2026;07:29:56;3,4;38,1;4;-9;36;1019;0;0;3874;3891;30
30.04.2026;07:29:57;3,4;38,1;4,1;-9;36;1019;0;0;3875;3892;30
30.04.2026;07:29:58;3,5;38,1;4;-9;36;1019;0;0;3874;3890;30
30.04.2026;07:29:59;3,5;38,1;4;-9;36;1019;0;0;3873;3892;30
30.04.2026;07:30:00;3,5;38,1;4;-9;36;1019;0;0;3874;3890;30
30.04.2026;07:30:01;3,5;38,2;4;-9;36;1019;0;0;3873;3891;30
30.04.2026;07:30:02;3,5;38,2;4;-9;36;1019;0;0;3866;3884;30
30.04.2026;07:30:03;3,5;38,2;4;-9;36;1019;0;0;3870;3887;30
30.04.2026;07:30:04;3,5;38,2;4;-9;36;1019;0;0;3867;3886;30
30.04.2026;07:30:05;3,5;38,2;4;-9;36;1019;0;0;3867;3883;30
30.04.2026;07:30:07;3,5;38,2;4;-9;36;1019;0;0;3849;3864;30
30.04.2026;07:30:08;3,5;38,2;4;-9;36;1019;0;0;3840;3856;30
30.04.2026;07:30:09;3,5;38,2;4;-9;36;1019;0;0;3838;3854;30
30.04.2026;07:30:10;3,5;38,2;4;-9;36;1019;0;0;3835;3853;30
30.04.2026;07:30:11;3,5;38,2;4;-9;36;1019;0;0;3835;3854;30
30.04.2026;07:30:12;3,5;38,2;4;-9;36;1019;0;0;3836;3853;30
30.04.2026;07:30:14;3,5;38,2;4;-9;36;1019;0;0;3834;3854;30
30.04.2026;07:30:15;3,5;38,2;4;-9;36;1019;0;0;3843;3861;30
30.04.2026;07:30:16;3,5;38,2;4;-9;36;1019;0;0;3870;3889;30
30.04.2026;07:30:17;3,5;38,2;4;-9;36;1019;0;0;3869;3885;30
30.04.2026;07:30:18;3,5;38,3;4;-9;36;1019;0;0;3848;3881;30
30.04.2026;07:30:19;3,5;38,3;4;-9;36;1019;0;0;3863;3866;30
30.04.2026;07:30:20;3,5;38,3;4;-9;36;1019;0;0;3847;3864;30
30.04.2026;07:30:21;3,5;38,3;4;-9;36;1019;0;0;3842;3859;30
30.04.2026;07:30:22;3,5;38,3;4;-9;36;1019;0;0;3845;3862;30
30.04.2026;07:30:23;3,5;38,3;4;-9;36;1019;0;0;3863;3867;30
30.04.2026;07:30:24;3,5;38,3;4;-9;36;1019;0;0;3848;3865;30
30.04.2026;07:30:26;3,5;38,3;4;-9;36;1019;0;0;3867;3883;30
30.04.2026;07:30:27;3,5;38,3;4;-9;36;1019;0;0;3868;3885;30
30.04.2026;07:30:28;3,5;38,3;4;-9;36;1019;0;0;3865;3885;30
30.04.2026;07:30:29;3,5;38,3;4;-9;36;1019;0;0;3864;3865;30
30.04.2026;07:30:30;3,5;38,3;4;-9;36;1019;0;0;3866;3885;30
30.04.2026;07:30:31;3,5;38,4;4;-9;36;1019;0;0;3869;3886;30
30.04.2026;07:30:32;3,5;38,4;4;-9;37;1019;0;0;3871;3889;30
30.04.2026;07:30:34;3,5;38,4;4;-9;36;1019;0;0;3876;3895;30
30.04.2026;07:30:35;3,5;38,4;4;-9;36;1019;0;0;3877;3895;30
30.04.2026;07:30:36;3,5;38,4;4;-9;36;1019;0;0;3874;3892;30
30.04.2026;07:30:37;3,5;38,4;4;-9;36;1019;0;0;3873;3892;30
30.04.2026;07:30:38;3,5;38,4;4;-9;37;1019;0;0;3894;3896;30
30.04.2026;07:30:39;3,5;38,5;4;-9;36;1019;0;0;3878;3895;30
30.04.2026;07:30:40;3,5;38,5;4;-9;36;1019;0;0;3876;3895;30
30.04.2026;07:30:41;3,5;38,5;4;-9;36;1019;0;0;3868;3889;30
30.04.2026;07:30:42;3,5;38,5;4;-9;36;1019;0;0;3871;3881;30
30.04.2026;07:30:43;3,5;38,5;4;-9;36;1019;0;0;3879;3896;30
30.04.2026;07:30:44;3,5;38,5;4;-9;36;1019;0;0;3876;3895;30
30.04.2026;07:30:45;3,5;38,5;4;-9;36;1019;0;0;3875;3894;30
30.04.2026;07:30:46;3,5;38,5;4;-9;36;1019;0;0;3873;3890;30
30.04.2026;07:30:47;3,5;38,5;4;-9;36;1019;0;0;3871;3889;30
30.04.2026;07:30:48;3,5;38,5;4;-9;37;1019;0;0;3872;3892;30
30.04.2026;07:30:49;3,5;38,5;4;-9;36;1019;0;0;3873;3892;30
30.04.2026;07:30:50;3,5;38,5;4;-9;37;1019;0;0;3872;3891;30
30.04.2026;07:30:51;3,5;38,5;4;-9;36;1019;0;0;3875;3892;30
30.04.2026;07:30:52;3,6;38,6;4;-9;36;1019;0;0;3875;3891;30
30.04.2026;07:30:53;3,6;38,6;4;-9;37;1019;0;0;3874;3890;30
30.04.2026;07:30:54;3,6;38,6;4;-9;37;1019;0;0;3873;3889;30
30.04.2026;07:30:55;3,5;38,6;4;-9;37;1019;0;0;3870;3888;30
30.04.2026;07:30:56;3,5;38,6;4;-9;36;1019;0;0;3872;3889;30
30.04.2026;07:30:58;3,5;38,6;4;-9;37;1019;0;0;3873;3891;30
30.04.2026;07:30:59;3,6;38,6;4;-9;36;1019;0;0;3876;3892;30
30.04.2026;07:31:00;3,6;38,6;4;-9;36;1019;0;0;3874;3892;30
30.04.2026;07:31:01;3,6;38,6;4;-9;36;1019;0;0;3870;3887;30
30.04.2026;07:31:02;3,6;38,6;4;-9;37;1019;0;0;3877;3893;30
30.04.2026;07:31:03;3,6;38,6;4;-9;36;1019;0;0;3879;3896;30
30.04.2026;07:31:04;3,6;38,6;4;-9;36;1019;0;0;3896;3898;30
30.04.2026;07:31:06;3,6;38,6;4;-9;36;1019;0;0;3882;3897;30
30.04.2026;07:31:07;3,6;38,6;4;-9;36;1019;0;0;3899;3898;30
30.04.2026;07:31:08;3,6;38,6;4;-9;36;1019;0;0;3882;3898;30
30.04.2026;07:31:09;3,6;38,6;4;-9;36;1019;0;0;3898;3899;30
30.04.2026;07:31:10;3,6;38,6;4;-9;36;1019;0;0;3881;3896;30
30.04.2026;07:31:11;3,6;38,6;4;-9;36;1019;0;0;3877;3896;30
30.04.2026;07:31:13;3,6;38,6;4;-9;37;1019;0;0;3895;3896;30
30.04.2026;07:31:14;3,6;38,6;4;-9;36;1019;0;0;3879;3894;30
30.04.2026;07:31:15;3,6;38,6;4;-9;36;1019;0;0;3878;3893;30
30.04.2026;07:31:16;3,6;38,6;4;-9;36;1019;0;0;3880;3896;30
30.04.2026;07:31:17;3,6;38,6;4;-9;37;1019;0;0;3896;3897;30
30.04.2026;07:31:18;3,6;38,6;4;-9;36;1019;0;0;3879;3895;30
30.04.2026;07:31:20;3,6;38,6;4;-9;36;1019;0;0;3878;3896;30
30.04.2026;07:31:21;3,6;38,6;4;-9;36;1019;0;0;3897;3896;30
30.04.2026;07:31:22;3,6;38,6;4;-9;36;1019;0;0;3898;3917;30
30.04.2026;07:31:23;3,6;38,7;4;-9;37;1019;0;0;3900;3916;30
30.04.2026;07:31:24;3,6;38,7;4;-9;37;1019;0;0;3902;3919;30
30.04.2026;07:31:25;3,6;38,7;4;-9;37;1019;0;0;3901;3917;30
30.04.2026;07:31:26;3,6;38,7;4;-9;36;1019;0;0;3901;3917;30
30.04.2026;07:31:27;3,6;38,7;4;-9;37;1019;0;0;3902;3917;30
30.04.2026;07:31:28;3,6;38,7;4;-9;37;1019;0;0;3902;3918;30
30.04.2026;07:31:29;3,6;38,7;4;-9;37;1019;0;0;3902;3918;30
30.04.2026;07:31:31;3,6;38,7;4;-9;36;1019;0;0;3901;3917;30
30.04.2026;07:31:32;3,6;38,7;4;-9;36;1019;0;0;3900;3918;30
30.04.2026;07:31:33;3,6;38,7;4;-9;37;1019;0;0;3900;3918;30
30.04.2026;07:31:34;3,6;38,7;4;-9;37;1019;0;0;3902;3918;30
30.04.2026;07:31:35;3,6;38,7;4;-9;37;1019;0;0;3904;3923;30
30.04.2026;07:31:36;3,6;38,7;4,1;-9;36;1019;0;0;3906;3922;30
30.04.2026;07:31:37;3,6;38,8;4;-9;37;1019;0;0;3901;3917;30
30.04.2026;07:31:38;3,6;38,8;4;-9;36;1019;0;0;3898;3916;30
30.04.2026;07:31:39;3,6;38,8;4,2;-9;37;1019;0;0;3896;3898;30
30.04.2026;07:31:40;3,6;38,8;4;-9;37;1019;0;0;3899;3917;30
30.04.2026;07:31:41;3,6;38,8;4;-9;36;1019;0;0;3880;3896;30
30.04.2026;07:31:42;3,6;38,8;4;-9;37;1019;0;0;3902;3920;30
30.04.2026;07:31:43;3,6;38,8;4;-9;36;1019;0;0;3902;3917;30
30.04.2026;07:31:45;3,6;38,8;4;-9;37;1019;0;0;3901;3919;30
30.04.2026;07:31:46;3,6;38,8;4;-9;36;1019;0;0;3899;3898;30
30.04.2026;07:31:47;3,6;38,8;4;-9;36;1019;0;0;3900;3917;30
30.04.2026;07:31:48;3,6;38,9;4;-9;36;1019;0;0;3880;3896;30
30.04.2026;07:31:49;3,6;38,9;4;-9;37;1019;0;0;3896;3898;30
30.04.2026;07:31:50;3,6;38,9;4;-9;37;1019;0;0;3898;3899;30
30.04.2026;07:31:51;3,6;38,9;4;-9;37;1019;0;0;3901;3900;30
30.04.2026;07:31:53;3,6;38,9;4;-9;36;1019;0;0;3899;3900;30
30.04.2026;07:31:54;3,6;38,9;4;-9;36;1019;0;0;3878;3896;30
30.04.2026;07:31:55;3,6;38,9;4;-9;37;1019;0;0;3877;3893;30
30.04.2026;07:31:56;3,6;39;4;-9;37;1019;0;0;3898;3916;30
30.04.2026;07:31:57;3,6;39;4;-9;37;1019;0;0;3879;3896;30
30.04.2026;07:31:58;3,6;39;4;-9;36;1019;0;0;3879;3894;30
30.04.2026;07:31:59;3,7;39;4;-9;37;1019;0;0;3877;3894;30
30.04.2026;07:32:00;3,7;39;4;-9;37;1019;0;0;3877;3892;30
30.04.2026;07:32:01;3,7;39;4;-9;37;1019;0;0;3878;3893;30
30.04.2026;07:32:02;3,7;39;4;-9;37;1019;0;0;3874;3889;30
30.04.2026;07:32:03;3,7;39;4;-9;36;1019;0;0;3878;3894;30
30.04.2026;07:32:04;3,7;39;4;-9;37;1019;0;0;3877;3895;30
30.04.2026;07:32:06;3,7;39;4;-9;37;1019;0;0;3879;3894;30
30.04.2026;07:32:07;3,7;39,1;4;-9;37;1019;0;0;3879;3893;30
30.04.2026;07:32:08;3,7;39,1;4;-9;36;1019;0;0;3877;3892;30
30.04.2026;07:32:09;3,7;39,1;4;-9;37;1019;0;0;3873;3890;30
30.04.2026;07:32:10;3,7;39,1;4;-9;36;1019;0;0;3873;3889;30
30.04.2026;07:32:11;3,7;39,1;4;-9;36;1019;0;0;3873;3892;30
30.04.2026;07:32:12;3,7;39,1;4;-9;36;1019;0;0;3899;3917;30
30.04.2026;07:32:14;3,7;39,1;4;-9;36;1019;0;0;3900;3918;30
30.04.2026;07:32:15;3,7;39,1;4;-9;37;1019;0;0;3901;3916;30
30.04.2026;07:32:16;3,7;39,1;4;-9;36;1019;0;0;3898;3917;30
30.04.2026;07:32:17;3,7;39,1;4;-9;37;1019;0;0;3900;3918;30
30.04.2026;07:32:18;3,7;39,2;4;-9;37;1019;0;0;3903;3918;30
30.04.2026;07:32:19;3,7;39,2;4;-9;36;1019;0;0;3903;3917;30
30.04.2026;07:32:20;3,7;39,2;4;-9;36;1019;0;0;3901;3917;30
30.04.2026;07:32:21;3,7;39,2;4;-9;37;1019;0;0;3881;3913;30
30.04.2026;07:32:22;3,7;39,2;4;-9;36;1019;0;0;3896;3895;30
30.04.2026;07:32:23;3,7;39,2;4;-9;36;1019;0;0;3898;3898;30
30.04.2026;07:32:24;3,7;39,2;4;-9;37;1019;0;0;3900;3899;30
30.04.2026;07:32:25;3,7;39,2;4;-9;36;1019;0;0;3897;3898;30
30.04.2026;07:32:26;3,7;39,2;4;-9;36;1019;0;0;3899;3898;30
30.04.2026;07:32:27;3,7;39,2;4;-9;36;1019;0;0;3897;3899;30
30.04.2026;07:32:29;3,7;39,3;4;-9;36;1019;0;0;3896;3897;30
30.04.2026;07:32:30;3,7;39,3;4;-9;36;1019;0;0;3878;3894;30
30.04.2026;07:32:31;3,7;39,3;4;-9;36;1019;0;0;3877;3894;30
30.04.2026;07:32:32;3,7;39,3;4;-9;36;1019;0;0;3876;3892;30
30.04.2026;07:32:33;3,7;39,3;4;-9;36;1019;0;0;3871;3888;30
30.04.2026;07:32:34;3,7;39,3;4;-9;37;1019;0;0;3868;3885;30
30.04.2026;07:32:35;3,7;39,3;4;-9;36;1019;0;0;3870;3885;30
30.04.2026;07:32:36;3,7;39,3;4;-9;36;1019;0;0;3871;3888;30
30.04.2026;07:32:37;3,7;39,3;4;-9;37;1019;0;0;3871;3886;30
30.04.2026;07:32:38;3,7;39,3;4;-9;37;1019;0;0;3870;3887;30
30.04.2026;07:32:40;3,7;39,3;4;-9;36;1019;0;0;3870;3885;30
30.04.2026;07:32:41;3,7;39,3;4;-9;36;1019;0;0;3870;3885;30
30.04.2026;07:32:42;3,7;39,4;4;-9;36;1019;0;0;3871;3887;30
30.04.2026;07:32:43;3,7;39,4;4;-9;36;1019;0;0;3871;3887;30
30.04.2026;07:32:44;3,7;39,4;4;-9;36;1019;0;0;3873;3888;30
30.04.2026;07:32:45;3,7;39,4;4;-9;37;1019;0;0;3872;3887;30
30.04.2026;07:32:46;3,7;39,4;4;-9;37;1019;0;0;3871;3885;30
30.04.2026;07:32:47;3,7;39,4;4;-9;36;1019;0;0;3870;3885;30
30.04.2026;07:32:48;3,7;39,4;4;-9;36;1019;0;0;3874;3888;30
30.04.2026;07:32:49;3,7;39,4;4;-9;36;1019;0;0;3872;3890;30
30.04.2026;07:32:50;3,7;39,4;4;-9;36;1019;0;0;3874;3890;30
30.04.2026;07:32:51;3,7;39,4;4;-9;37;1019;0;0;3875;3891;30
30.04.2026;07:32:52;3,7;39,4;4;-9;37;1019;0;0;3873;3890;30
30.04.2026;07:32:53;3,7;39,4;4;-9;37;1019;0;0;3874;3889;30
30.04.2026;07:32:55;3,7;39,4;4;-9;37;1019;0;0;3870;3888;30
30.04.2026;07:32:56;3,7;39,4;4;-9;37;1019;0;0;3871;3887;30
30.04.2026;07:32:57;3,7;39,4;4;-9;37;1019;0;0;3868;3887;30
30.04.2026;07:32:58;3,7;39,4;4;-9;36;1019;0;0;3869;3884;30
30.04.2026;07:32:59;3,7;39,4;4;-9;37;1019;0;0;3868;3887;30
30.04.2026;07:33:00;3,7;39,4;4;-9;37;1019;0;0;3867;3867;30
30.04.2026;07:33:01;3,7;39,4;4;-9;37;1019;0;0;3865;3866;30
30.04.2026;07:33:02;3,7;39,5;4;-9;37;1019;0;0;3865;3866;30
30.04.2026;07:33:03;3,7;39,5;4;-9;36;1019;0;0;3863;3864;30
30.04.2026;07:33:04;3,7;39,5;4;-9;36;1019;0;0;3845;3861;30
30.04.2026;07:33:06;3,7;39,5;4;-9;36;1019;0;0;3844;3860;30
30.04.2026;07:33:07;3,7;39,5;4;-9;36;1019;0;0;3844;3859;30
30.04.2026;07:33:08;3,8;39,5;4;-9;36;1019;0;0;3843;3861;30
30.04.2026;07:33:09;3,8;39,5;4;-9;37;1019;0;0;3841;3857;30
30.04.2026;07:33:10;3,8;39,5;4;-9;37;1019;0;0;3841;3857;30
30.04.2026;07:33:11;3,8;39,5;4,1;-9;37;1019;0;0;3841;3860;30
30.04.2026;07:33:12;3,8;39,5;4;-9;37;1019;0;0;3840;3859;30
30.04.2026;07:33:13;3,8;39,5;4;-9;36;1019;0;0;3843;3860;30
30.04.2026;07:33:14;3,8;39,5;4;-9;37;1019;0;0;3841;3860;30
30.04.2026;07:33:15;3,8;39,6;4;-9;37;1019;0;0;3842;3859;30
30.04.2026;07:33:16;3,8;39,6;4;-9;37;1019;0;0;3862;3863;30
30.04.2026;07:33:18;3,8;39,6;4;-9;37;1019;0;0;3862;3864;30
30.04.2026;07:33:19;3,8;39,6;4;-9;37;1019;0;0;3864;3864;30
30.04.2026;07:33:20;3,8;39,6;4;-9;37;1019;0;0;3846;3864;30
30.04.2026;07:33:21;3,8;39,6;4;-9;37;1019;0;0;3865;3866;30
30.04.2026;07:33:22;3,8;39,6;4;-9;37;1019;0;0;3864;3866;30
30.04.2026;07:33:23;3,8;39,6;4;-9;37;1019;0;0;3866;3865;30
30.04.2026;07:33:25;3,8;39,6;4;-9;36;1019;0;0;3847;3864;30
30.04.2026;07:33:26;3,8;39,6;4;-9;37;1019;0;0;3865;3864;30
30.04.2026;07:33:27;3,8;39,6;4;-9;36;1019;0;0;3846;3880;30
30.04.2026;07:33:28;3,8;39,6;4;-9;37;1019;0;0;3864;3883;30
30.04.2026;07:33:29;3,8;39,7;4;-9;36;1019;0;0;3864;3883;30
30.04.2026;07:33:30;3,8;39,7;4;-9;37;1019;0;0;3866;3885;30
30.04.2026;07:33:31;3,8;39,7;4;-9;37;1019;0;0;3870;3887;30
30.04.2026;07:33:33;3,8;39,7;4;-9;37;1019;0;0;3865;3884;30
30.04.2026;07:33:34;3,8;39,7;4;-9;37;1019;0;0;3866;3885;30
30.04.2026;07:33:35;3,8;39,7;4;-9;36;1019;0;0;3869;3886;30
30.04.2026;07:33:36;3,8;39,7;4;-9;37;1019;0;0;3872;3889;30
30.04.2026;07:33:37;3,8;39,7;4;-9;36;1019;0;0;3872;3887;30
30.04.2026;07:33:38;3,8;39,7;4;-9;36;1019;0;0;3869;3885;30
30.04.2026;07:33:39;3,8;39,7;4;-9;36;1019;0;0;3871;3887;30
30.04.2026;07:33:41;3,8;39,7;4;-9;37;1019;0;0;3870;3887;30
30.04.2026;07:33:42;3,8;39,7;4;-9;37;1019;0;0;3870;3887;30
30.04.2026;07:33:43;3,8;39,7;4;-9;37;1019;0;0;3872;3887;30
30.04.2026;07:33:44;3,8;39,7;4;-9;37;1019;0;0;3871;3886;30
30.04.2026;07:33:45;3,8;39,7;4;-9;37;1019;0;0;3870;3886;30
30.04.2026;07:33:47;3,8;39,7;4;-9;37;1019;0;0;3868;3887;30
30.04.2026;07:33:48;3,8;39,7;4;-9;37;1019;0;0;3870;3887;30
30.04.2026;07:33:49;3,8;39,7;4;-9;37;1019;0;0;3870;3886;30
30.04.2026;07:33:50;3,8;39,7;4;-9;37;1019;0;0;3870;3887;30
30.04.2026;07:33:51;3,8;39,7;4;-9;37;1019;0;0;3868;3886;30
30.04.2026;07:33:52;3,8;39,7;4;-9;37;1019;0;0;3866;3885;30
30.04.2026;07:33:53;3,8;39,7;4;-9;36;1019;0;0;3866;3866;30
30.04.2026;07:33:54;3,8;39,7;4;-9;37;1019;0;0;3867;3867;30
30.04.2026;07:33:56;3,8;39,7;4;-9;37;1019;0;0;3865;3864;30
30.04.2026;07:33:57;3,8;39,6;4;-9;37;1019;0;0;3843;3861;30
30.04.2026;07:33:58;3,8;39,6;4;-9;37;1019;0;0;3849;3864;30
30.04.2026;07:33:59;3,8;39,6;4;-9;37;1019;0;0;3865;3864;30
30.04.2026;07:34:00;3,8;39,6;4;-9;37;1019;0;0;3870;3889;30
30.04.2026;07:34:01;3,8;39,6;4;-9;37;1019;0;0;3876;3892;30
30.04.2026;07:34:02;3,8;39,5;4;-9;36;1019;0;0;3876;3891;30
30.04.2026;07:34:03;3,8;39,5;4;-9;37;1019;0;0;3874;3892;30
30.04.2026;07:34:04;3,8;39,5;4;-9;37;1019;0;0;3880;3895;30
30.04.2026;07:34:05;3,8;39,5;4;-9;36;1019;0;0;3877;3896;30
30.04.2026;07:34:06;3,8;39,5;4;-9;37;1019;0;0;3880;3896;30
30.04.2026;07:34:07;3,9;39,5;4;-9;37;1019;0;0;3877;3893;30
30.04.2026;07:34:08;3,9;39,5;4;-9;37;1019;0;0;3877;3892;30
30.04.2026;07:34:10;3,9;39,5;4;-9;37;1019;0;0;3874;3892;30
30.04.2026;07:34:11;3,9;39,5;4;-9;37;1019;0;0;3876;3892;30
30.04.2026;07:34:12;3,9;39,5;4;-9;37;1019;0;0;3877;3892;30
30.04.2026;07:34:13;3,9;39,6;4;-9;37;1019;0;0;3901;3920;30
30.04.2026;07:34:14;3,9;39,6;4;-9;37;1019;0;0;3903;3918;30
30.04.2026;07:34:15;3,9;39,6;4;-9;37;1019;0;0;3902;3918;30
30.04.2026;07:34:16;3,9;39,6;4;-9;37;1019;0;0;3900;3918;30
30.04.2026;07:34:17;3,9;39,6;4;-9;37;1019;0;0;3899;3900;30
30.04.2026;07:34:19;3,9;39,6;4;-9;37;1019;0;0;3881;3913;30
30.04.2026;07:34:20;3,9;39,6;4;-9;36;1019;0;0;3898;3915;30
30.04.2026;07:34:21;3,9;39,6;4;-9;37;1019;0;0;3901;3917;30
30.04.2026;07:34:22;3,9;39,6;4;-9;37;1019;0;0;3900;3918;30
30.04.2026;07:34:23;3,9;39,6;4;-9;37;1019;0;0;3900;3918;30
30.04.2026;07:34:24;3,9;39,6;4;-9;37;1019;0;0;3904;3919;30
30.04.2026;07:34:25;3,9;39,6;4;-9;37;1019;0;0;3903;3921;30
30.04.2026;07:34:26;3,9;39,6;4;-9;37;1019;0;0;3905;3920;30
30.04.2026;07:34:27;3,9;39,6;4;-9;36;1019;0;0;3902;3917;30
30.04.2026;07:34:28;3,9;39,6;4;-9;37;1019;0;0;3901;3916;30
30.04.2026;07:34:29;3,9;39,6;4;-9;37;1019;0;0;3899;3916;30
30.04.2026;07:34:30;3,9;39,7;4;-9;37;1019;0;0;3899;3898;30
30.04.2026;07:34:31;3,9;39,7;4;-9;37;1019;0;0;3901;3917;30
30.04.2026;07:34:32;3,9;39,7;4;-9;37;1019;0;0;3897;3897;30
30.04.2026;07:34:33;3,9;39,7;4;-9;37;1019;0;0;3880;3894;30
30.04.2026;07:34:34;3,9;39,7;4;-9;37;1019;0;0;3880;3894;30
30.04.2026;07:34:35;3,9;39,7;4;-9;37;1019;0;0;3898;3898;30
30.04.2026;07:34:36;3,9;39,7;4;-9;37;1019;0;0;3877;3894;30
30.04.2026;07:34:37;3,9;39,7;4;-9;37;1019;0;0;3883;3897;30
30.04.2026;07:34:38;3,9;39,7;4;-9;37;1019;0;0;3898;3898;30
30.04.2026;07:34:39;3,9;39,7;4;-9;37;1019;0;0;3881;3895;30
30.04.2026;07:34:40;3,9;39,7;4;-9;37;1019;0;0;3898;3895;30
30.04.2026;07:34:41;3,9;39,7;4;-9;37;1019;0;0;3877;3894;30
30.04.2026;07:34:42;3,9;39,7;4;-9;37;1019;0;0;3878;3893;30
30.04.2026;07:34:44;3,9;39,8;4;-9;37;1019;0;0;3882;3896;30
30.04.2026;07:34:45;3,9;39,8;4;-9;37;1019;0;0;3901;3898;30
30.04.2026;07:34:46;3,9;39,8;4;-9;36;1019;0;0;3901;3916;30
30.04.2026;07:34:47;3,9;39,8;4;-9;37;1019;0;0;3902;3916;30
30.04.2026;07:34:48;3,9;39,8;4;-9;37;1019;0;0;3899;3896;30
30.04.2026;07:34:49;3,9;39,8;4;-9;37;1019;0;0;3898;3898;30
30.04.2026;07:34:50;3,9;39,8;4;-9;37;1019;0;0;3898;3896;30
30.04.2026;07:34:51;3,9;39,8;4;-9;37;1019;0;0;3898;3897;30
30.04.2026;07:34:52;3,9;39,8;4;-9;37;1019;0;0;3897;3896;30
30.04.2026;07:34:53;3,9;39,8;4;-9;37;1019;0;0;3904;3917;30
30.04.2026;07:34:54;3,9;39,8;4;-9;37;1019;0;0;3904;3918;30
30.04.2026;07:34:56;3,9;39,8;4;-9;37;1019;0;0;3904;3921;30
30.04.2026;07:34:57;3,9;39,9;4;-9;37;1019;0;0;3905;3920;30
30.04.2026;07:34:58;3,9;39,9;4;-9;37;1019;0;0;3906;3920;30
30.04.2026;07:34:59;3,9;39,9;4;-9;36;1019;0;0;3905;3922;30
30.04.2026;07:35:00;3,9;39,9;4;-9;37;1019;0;0;3904;3921;30
30.04.2026;07:35:01;3,9;39,9;4;-9;37;1019;0;0;3908;3922;30
30.04.2026;07:35:02;3,9;39,9;4;-9;37;1019;0;0;3908;3922;30
30.04.2026;07:35:03;3,9;39,9;4;-9;37;1019;0;0;3905;3921;30
30.04.2026;07:35:04;3,9;39,9;4;-9;37;1019;0;0;3907;3921;30
30.04.2026;07:35:05;3,9;39,9;4;-9;36;1019;0;0;3904;3921;30
30.04.2026;07:35:06;3,9;39,9;4;-9;36;1019;0;0;3903;3920;30
30.04.2026;07:35:08;3,9;39,9;4;-9;37;1019;0;0;3900;3917;30
30.04.2026;07:35:09;3,9;39,9;4;-9;37;1019;0;0;3901;3899;30
30.04.2026;07:35:10;3,9;39,9;4;-9;37;1019;0;0;3901;3917;30
30.04.2026;07:35:11;3,9;39,9;4;-9;37;1019;0;0;3903;3918;30
30.04.2026;07:35:12;4;40;4;-9;37;1019;0;0;3904;3919;30
30.04.2026;07:35:13;4;40;4;-9;37;1019;0;0;3906;3920;30
30.04.2026;07:35:14;4;40;4;-9;37;1019;0;0;3903;3919;30
30.04.2026;07:35:15;3,9;40;4;-9;37;1019;0;0;3901;3898;30
30.04.2026;07:35:17;3,9;40;4;-9;37;1019;0;0;3902;3916;30
30.04.2026;07:35:18;3,9;40;4;-9;37;1019;0;0;3901;3918;30
30.04.2026;07:35:19;4;40;4,1;-9;37;1019;0;0;3904;3917;30
30.04.2026;07:35:20;4;40;4;-9;37;1019;0;0;3905;3920;30
30.04.2026;07:35:21;4;40;4;-9;37;1019;0;0;3902;3918;30
30.04.2026;07:35:22;4;40;4;-9;37;1019;0;0;3904;3918;30
30.04.2026;07:35:23;4;40;4;-9;37;1019;0;0;3903;3917;30
30.04.2026;07:35:24;4;40;4;-9;37;1019;0;0;3905;3919;30
30.04.2026;07:35:25;4;40;4;-9;37;1019;0;0;3905;3918;30
30.04.2026;07:35:26;4;40;4;-9;37;1019;0;0;3905;3919;30
30.04.2026;07:35:28;4;40;4;-9;37;1019;0;0;3902;3917;30
30.04.2026;07:35:29;4;40;4;-9;37;1019;0;0;3905;3921;30
30.04.2026;07:35:30;4;40;4;-9;37;1019;0;0;3905;3922;30
30.04.2026;07:35:31;4;40;4;-9;37;1019;0;0;3903;3917;30
30.04.2026;07:35:32;4;40;4;-9;37;1019;0;0;3897;3896;30
30.04.2026;07:35:33;4;40;4;-9;37;1019;0;0;3901;3915;30
30.04.2026;07:35:34;4;40;4;-9;37;1019;0;0;3882;3896;30
30.04.2026;07:35:35;4;40;4;-9;37;1019;0;0;3900;3897;30
30.04.2026;07:35:36;4;40;4;-9;37;1019;0;0;3899;3896;30
30.04.2026;07:35:37;4;40;4;-9;37;1019;0;0;3898;3898;30
30.04.2026;07:35:39;4;40;4;-9;37;1019;0;0;3901;3899;30
30.04.2026;07:35:40;4;40,1;4;-9;37;1019;0;0;3901;3899;30
30.04.2026;07:35:41;4;40,1;4;-9;37;1019;0;0;3902;3918;30
30.04.2026;07:35:42;4;40,1;4;-9;37;1019;0;0;3906;3921;30
30.04.2026;07:35:43;4;40,1;4;-9;37;1019;0;0;3904;3920;30
30.04.2026;07:35:44;4;40,1;4;-9;37;1019;0;0;3904;3919;30
30.04.2026;07:35:45;4;40,1;4;-9;37;1019;0;0;3906;3922;30
30.04.2026;07:35:46;4;40,1;4;-9;37;1019;0;0;3909;3923;30
30.04.2026;07:35:47;4;40,1;4;-9;37;1019;0;0;3904;3920;30
30.04.2026;07:35:48;4;40,1;4;-9;37;1019;0;0;3903;3919;30
30.04.2026;07:35:49;4;40,1;4;-9;36;1019;0;0;3901;3918;30
30.04.2026;07:35:50;4;40,1;4;-9;37;1019;0;0;3883;3899;30
30.04.2026;07:35:51;4;40,2;4;-9;37;1019;0;0;3880;3894;30
30.04.2026;07:35:52;4;40,2;4;-9;37;1019;0;0;3880;3894;30
30.04.2026;07:35:53;4;40,2;4;-9;37;1019;0;0;3896;3895;30
30.04.2026;07:35:55;4;40,2;4;-9;37;1019;0;0;3903;3917;30
30.04.2026;07:35:56;4;40,2;4;-9;37;1019;0;0;3901;3898;30
30.04.2026;07:35:57;4;40,2;4;-9;37;1019;0;0;3880;3894;30
30.04.2026;07:35:58;4;40,2;4;-9;37;1019;0;0;3877;3894;30
30.04.2026;07:35:59;4;40,2;4;-9;37;1019;0;0;3877;3894;30
30.04.2026;07:36:00;4;40,2;4;-9;37;1019;0;0;3876;3890;30
30.04.2026;07:36:01;4;40,2;4;-9;37;1019;0;0;3871;3885;30
30.04.2026;07:36:02;4;40,2;4;-9;37;1019;0;0;3864;3864;30
30.04.2026;07:36:03;4;40,2;4;-9;37;1019;0;0;3862;3862;30
30.04.2026;07:36:05;4;40,2;4;-9;37;1019;0;0;3867;3864;30
30.04.2026;07:36:05;4;40,2;4;-9;37;1019;0;0;3868;3882;30
30.04.2026;07:36:07;4;40,3;4;-9;36;1019;0;0;3849;3880;30
30.04.2026;07:36:08;4;40,3;4;-9;37;1019;0;0;3868;3866;30
30.04.2026;07:36:09;4;40,3;4;-9;37;1019;0;0;3864;3863;30
30.04.2026;07:36:10;4,1;40,3;4;-9;36;1019;0;0;3867;3864;30
30.04.2026;07:36:11;4,1;40,3;4;-9;37;1019;0;0;3845;3883;30
30.04.2026;07:36:12;4,1;40,3;4;-9;37;1019;0;0;3842;3883;30
30.04.2026;07:36:14;4;40,3;4;-9;37;1019;0;0;3838;3877;30
30.04.2026;07:36:15;4;40,3;4;-9;37;1019;0;0;3843;3884;30
30.04.2026;07:36:16;4;40,4;4;-9;37;1019;0;0;3842;3883;30
30.04.2026;07:36:17;4;40,4;4;-9;37;1019;0;0;3842;3864;30
30.04.2026;07:36:18;4;40,4;4;-9;37;1019;0;0;3848;3887;30
30.04.2026;07:36:19;4,1;40,4;4;-9;37;1019;0;0;3846;3885;30
30.04.2026;07:36:20;4,1;40,4;4;-9;37;1019;0;0;3863;3887;30
30.04.2026;07:36:21;4,1;40,4;4;-9;37;1019;0;0;3866;3887;30
30.04.2026;07:36:23;4,1;40,4;4;-9;37;1019;0;0;3847;3886;30
30.04.2026;07:36:24;4,1;40,4;4;-9;37;1019;0;0;3864;3887;30
30.04.2026;07:36:25;4,1;40,4;4;-9;37;1019;0;0;3867;3888;30
30.04.2026;07:36:26;4,1;40,4;4;-9;37;1019;0;0;3867;3888;30
30.04.2026;07:36:27;4,1;40,4;4,1;-9;37;1019;0;0;3868;3889;30
30.04.2026;07:36:28;4,1;40,4;4;-9;37;1019;0;0;3867;3891;30
30.04.2026;07:36:29;4,1;40,5;4;-9;37;1019;0;0;3867;3889;30
30.04.2026;07:36:30;4,1;40,5;4,1;-9;37;1019;0;0;3864;3889;30
30.04.2026;07:36:31;4,1;40,5;4;-9;37;1019;0;0;3867;3890;30
30.04.2026;07:36:32;4,1;40,5;4;-9;37;1019;0;0;3870;3892;30
30.04.2026;07:36:33;4,1;40,5;4;-9;37;1019;0;0;3866;3891;30
30.04.2026;07:36:34;4,1;40,5;4;-9;37;1019;0;0;3867;3892;30
30.04.2026;07:36:35;4,1;40,5;4;-9;37;1019;0;0;3868;3890;30
30.04.2026;07:36:37;4,1;40,5;4,1;-9;37;1019;0;0;3870;3891;30
30.04.2026;07:36:38;4,1;40,5;4,1;-9;37;1019;0;0;3849;3888;30
30.04.2026;07:36:39;4,1;40,5;4,1;-9;37;1019;0;0;3867;3890;30
30.04.2026;07:36:40;4,1;40,5;4,1;-9;37;1019;0;0;3874;3913;30
30.04.2026;07:36:41;4,1;40,5;4,1;-9;37;1019;0;0;3869;3894;30
30.04.2026;07:36:42;4,1;40,5;4;-9;37;1019;0;0;3873;3896;30
30.04.2026;07:36:43;4,1;40,6;4,1;-9;37;1019;0;0;3873;3912;30
30.04.2026;07:36:45;4,1;40,6;4,1;-9;37;1019;0;0;3873;3896;30
30.04.2026;07:36:46;4,1;40,6;4,1;-9;37;1019;0;0;3875;3917;30
30.04.2026;07:36:47;4,1;40,6;4;-9;37;1019;0;0;3881;3919;30
30.04.2026;07:36:48;4,1;40,6;4,1;-9;37;1019;0;0;3881;3920;30
30.04.2026;07:36:49;4,1;40,6;4,1;-9;37;1019;0;0;3896;3921;30
30.04.2026;07:36:50;4,1;40,6;4,1;-9;37;1019;0;0;3900;3923;30
30.04.2026;07:36:51;4,1;40,7;4,1;-9;37;1019;0;0;3901;3924;30
30.04.2026;07:36:52;4,1;40,7;4;-9;37;1019;0;0;3900;3923;30
30.04.2026;07:36:53;4,1;40,7;4;-9;37;1019;0;0;3899;3921;30
30.04.2026;07:36:54;4,1;40,7;4,1;-9;37;1019;0;0;3881;3920;30
30.04.2026;07:36:56;4,1;40,7;4,1;-9;37;1019;0;0;3877;3917;30
30.04.2026;07:36:57;4,1;40,7;4,1;-9;36;1019;0;0;3880;3918;30
30.04.2026;07:36:58;4,1;40,7;4,1;-9;37;1019;0;0;3879;3918;30
30.04.2026;07:36:59;4,1;40,7;4;-9;37;1019;0;0;3875;3916;30
30.04.2026;07:37:00;4,1;40,7;4,1;-9;37;1019;0;0;3879;3919;30
30.04.2026;07:37:01;4,1;40,7;4,1;-9;37;1019;0;0;3880;3919;30
30.04.2026;07:37:03;4,1;40,7;4,1;-9;37;1019;0;0;3881;3921;30
30.04.2026;07:37:04;4,1;40,7;4,1;-9;36;1019;0;0;3880;3919;30
30.04.2026;07:37:05;4,1;40,8;4,1;-9;37;1019;0;0;3898;3924;30
30.04.2026;07:37:06;4,1;40,8;4,1;-9;37;1019;0;0;3902;3924;30
30.04.2026;07:37:07;4,1;40,8;4,1;-9;37;1019;0;0;3878;3919;30
30.04.2026;07:37:08;4,1;40,8;4,1;-9;36;1019;0;0;3880;3920;30
30.04.2026;07:37:09;4,1;40,8;4,1;-9;37;1019;0;0;3895;3920;30
30.04.2026;07:37:10;4,1;40,8;4,1;-9;37;1019;0;0;3899;3922;30
30.04.2026;07:37:11;4,1;40,8;4,1;-9;37;1019;0;0;3904;3927;30
30.04.2026;07:37:13;4,1;40,8;4,1;-9;37;1019;0;0;3903;3926;30
30.04.2026;07:37:14;4,1;40,8;4,1;-9;37;1019;0;0;3900;3926;30
30.04.2026;07:37:15;4,1;40,8;4,1;-9;37;1019;0;0;3900;3923;30
30.04.2026;07:37:16;4,1;40,8;4,1;-9;37;1019;0;0;3904;3927;30
30.04.2026;07:37:17;4,1;40,8;4,1;-9;37;1019;0;0;3903;3926;30
30.04.2026;07:37:18;4,1;40,8;4,1;-9;37;1019;0;0;3903;3926;30
30.04.2026;07:37:19;4,2;40,9;4,1;-9;37;1019;0;0;3902;3924;30
30.04.2026;07:37:20;4,2;40,9;4,1;-9;37;1019;0;0;3882;3920;30
30.04.2026;07:37:21;4,2;40,9;4,1;-9;37;1019;0;0;3879;3918;30
30.04.2026;07:37:22;4,1;40,9;4,1;-9;37;1019;0;0;3875;3917;30
30.04.2026;07:37:23;4,2;40,9;4,1;-9;37;1019;0;0;3875;3916;30
30.04.2026;07:37:25;4,2;40,9;4,1;-9;37;1019;0;0;3874;3915;30
30.04.2026;07:37:26;4,2;40,9;4,1;-9;37;1019;0;0;3874;3916;30
30.04.2026;07:37:27;4,2;40,9;4,1;-9;37;1019;0;0;3899;3925;30
30.04.2026;07:37:28;4,2;40,9;4,1;-9;37;1019;0;0;3901;3923;30
30.04.2026;07:37:29;4,2;40,9;4,1;-9;37;1019;0;0;3901;3924;30
30.04.2026;07:37:30;4,2;40,9;4,1;-9;37;1019;0;0;3902;3925;30
30.04.2026;07:37:31;4,2;40,9;4,1;-9;37;1019;0;0;3900;3923;30
30.04.2026;07:37:33;4,2;41;4,1;-9;37;1019;0;0;3901;3927;30
30.04.2026;07:37:33;4,2;41;4,1;-9;37;1019;0;0;3898;3923;30
30.04.2026;07:37:34;4,2;41;4,1;-9;37;1019;0;0;3899;3922;30
30.04.2026;07:37:35;4,2;41;4,1;-9;37;1019;0;0;3899;3923;30
30.04.2026;07:37:37;4,2;41;4,1;-9;37;1019;0;0;3900;3925;30
30.04.2026;07:37:38;4,2;41;4,1;-9;37;1019;0;0;3903;3926;30
30.04.2026;07:37:39;4,2;41;4,1;-9;37;1019;0;0;3901;3924;30
30.04.2026;07:37:40;4,2;41;4,1;-9;37;1019;0;0;3901;3923;30
30.04.2026;07:37:41;4,2;41;4,1;-9;37;1019;0;0;3902;3924;30
30.04.2026;07:37:42;4,2;41;4,1;-9;37;1019;0;0;3898;3924;30
30.04.2026;07:37:43;4,2;41;4,1;-9;37;1019;0;0;3901;3924;30
30.04.2026;07:37:44;4,2;41;4,1;-9;37;1019;0;0;3901;3927;30
30.04.2026;07:37:45;4,2;41;4,1;-9;37;1019;0;0;3904;3927;30
30.04.2026;07:37:46;4,2;41;4,1;-9;37;1019;0;0;3899;3924;30
30.04.2026;07:37:48;4,2;41;4,1;-9;37;1019;0;0;3899;3922;30
30.04.2026;07:37:49;4,2;41;4,1;-9;37;1019;0;0;3906;3929;30
30.04.2026;07:37:50;4,2;41;4,1;-9;37;1019;0;0;3907;3947;30
30.04.2026;07:37:51;4,2;41;4,1;-9;37;1019;0;0;3908;3948;30
30.04.2026;07:37:52;4,2;41;4,1;-9;37;1019;0;0;3907;3930;30
30.04.2026;07:37:53;4,2;41;4,1;-9;37;1019;0;0;3906;3931;30
30.04.2026;07:37:54;4,2;41;4,1;-9;37;1019;0;0;3903;3927;30
30.04.2026;07:37:55;4,2;41;4,1;-9;37;1019;0;0;3902;3927;30
30.04.2026;07:37:56;4,2;41,1;4,1;-9;37;1019;0;0;3903;3928;30
30.04.2026;07:37:58;4,2;41,1;4,1;-9;37;1019;0;0;3901;3926;30
30.04.2026;07:37:59;4,2;41,1;4,1;-9;37;1019;0;0;3901;3924;30
30.04.2026;07:38:00;4,2;41,1;4,1;-9;37;1019;0;0;3903;3925;30
30.04.2026;07:38:01;4,2;41,1;4,1;-9;37;1019;0;0;3898;3923;30
30.04.2026;07:38:02;4,2;41,1;4,1;-9;37;1019;0;0;3880;3920;30
30.04.2026;07:38:03;4,2;41,1;4,1;-9;37;1019;0;0;;;0
30.04.2026;07:38:13;4,2;41,1;4,1;-9;37;1019;0;0;;;0
30.04.2026;07:38:23;4,2;41;4,1;-9;37;1019;0;0;;;0
30.04.2026;07:38:33;4,2;41;4,1;-9;37;1019;0;0;;;0
30.04.2026;07:38:43;4,3;40,9;4,1;-9;37;1019;0;0;;;0
30.04.2026;07:38:53;4,3;40,9;4,1;-9;37;1019;0;0;;;0
30.04.2026;07:39:03;4,3;40,7;4,1;-9;37;1019;0;0;;;0
30.04.2026;07:39:13;4,3;40,6;4,1;-9;36;1019;0;0;;;0
30.04.2026;07:39:23;4,3;40,4;4,1;-9;37;1019;0;0;;;0
30.04.2026;07:39:33;4,3;40,2;4,2;-9;37;1019;0;0;;;0
30.04.2026;07:39:44;4,3;40;4,2;-9;37;1019;0;0;;;0
30.04.2026;07:39:54;4,3;39,8;4,2;-9;37;1019;0;0;;;0
30.04.2026;07:40:04;4,4;39,6;4,2;-9;36;1019;0;0;3888;3924;30
30.04.2026;07:40:05;4,4;39,6;4,2;-9;37;1019;0;0;3885;3925;30
30.04.2026;07:40:06;4,3;39,5;4,2;-9;36;1019;0;0;3885;3924;30
30.04.2026;07:40:07;4,3;39,5;4,2;-9;37;1019;0;0;3883;3923;30
30.04.2026;07:40:08;4,3;39,5;4,2;-9;37;1019;0;0;3882;3904;30
30.04.2026;07:40:09;4,4;39,5;4,2;-9;37;1019;0;0;3876;3899;30
30.04.2026;07:40:10;4,3;39,4;4,2;-9;37;1019;0;0;3874;3897;30
30.04.2026;07:40:11;4,3;39,4;4,2;-9;36;1019;0;0;3882;3904;30
30.04.2026;07:40:12;4,3;39,4;4,2;-9;37;1019;0;0;3879;3902;30
30.04.2026;07:40:14;4,4;39,4;4,2;-9;37;1019;0;0;3877;3900;30
30.04.2026;07:40:15;4,4;39,4;4,2;-9;37;1019;0;0;3879;3900;30
30.04.2026;07:40:16;4,4;39,4;4,2;-9;37;1019;0;0;3903;3926;30
30.04.2026;07:40:17;4,4;39,3;4,2;-9;37;1019;0;0;3887;3927;30
30.04.2026;07:40:18;4,4;39,3;4,2;-9;37;1019;0;0;3885;3924;30
30.04.2026;07:40:19;4,4;39,3;4,2;-9;36;1019;0;0;3886;3923;30
30.04.2026;07:40:20;4,4;39,3;4,2;-9;36;1019;0;0;3886;3923;30
30.04.2026;07:40:21;4,4;39,3;4,2;-9;37;1019;0;0;3904;3928;30
30.04.2026;07:40:22;4,4;39,2;4,2;-9;37;1019;0;0;3907;3928;30
30.04.2026;07:40:23;4,4;39,2;4,2;-9;37;1019;0;0;3905;3929;30
30.04.2026;07:40:25;4,4;39,2;4,2;-9;37;1019;0;0;3907;3928;30
30.04.2026;07:40:26;4,4;39,2;4,3;-9;37;1019;0;0;3907;3929;30
30.04.2026;07:40:27;4,4;39,2;4,2;-9;36;1019;0;0;3907;3931;30
30.04.2026;07:40:28;4,4;39,1;4,2;-9;36;1019;0;0;3906;3929;30
30.04.2026;07:40:29;4,4;39,1;4,2;-9;36;1019;0;0;3908;3928;30
30.04.2026;07:40:30;4,4;39,1;4,2;-9;36;1019;0;0;3905;3928;30
30.04.2026;07:40:32;4,4;39,1;4,2;-9;36;1019;0;0;3903;3925;30
30.04.2026;07:40:33;4,4;39;4,2;-9;36;1019;0;0;3905;3927;30
30.04.2026;07:40:34;4,4;39;4,2;-9;36;1019;0;0;3909;3930;30
30.04.2026;07:40:35;4,4;39;4,2;-9;36;1019;0;0;3908;3932;30
30.04.2026;07:40:36;4,4;39;4,2;-9;36;1019;0;0;3909;3930;30
30.04.2026;07:40:37;4,4;39;4,2;-9;37;1019;0;0;3909;3932;30
30.04.2026;07:40:38;4,4;38,9;4,2;-9;37;1019;0;0;3902;3926;30
30.04.2026;07:40:39;4,4;38,9;4,2;-9;37;1019;0;0;3886;3926;30
30.04.2026;07:40:40;4,4;38,9;4,2;-9;37;1019;0;0;3885;3923;30
30.04.2026;07:40:42;4,4;38,9;4,2;-9;37;1019;0;0;3884;3923;30
30.04.2026;07:40:43;4,4;38,9;4,2;-9;36;1019;0;0;3906;3927;30
30.04.2026;07:40:44;4,4;38,9;4,2;-9;36;1019;0;0;3910;3932;30
30.04.2026;07:40:45;4,4;38,9;4,2;-9;36;1019;0;0;3907;3931;30
30.04.2026;07:40:46;4,4;38,9;4,2;-9;37;1019;0;0;3906;3929;30
30.04.2026;07:40:47;4,4;38,9;4,2;-9;36;1019;0;0;3906;3927;30
30.04.2026;07:40:48;4,4;38,9;4,2;-9;36;1019;0;0;3905;3926;30
30.04.2026;07:40:49;4,4;38,8;4,2;-9;36;1019;0;0;3884;3921;30
30.04.2026;07:40:50;4,4;38,8;4,2;-9;37;1019;0;0;3877;3917;30
30.04.2026;07:40:52;4,4;38,8;4,2;-9;36;1019;0;0;3877;3918;30
30.04.2026;07:40:53;4,4;38,8;4,2;-9;36;1019;0;0;3899;3923;30
30.04.2026;07:40:54;4,4;38,8;4,2;-9;37;1019;0;0;3902;3922;30
30.04.2026;07:40:55;4,4;38,8;4,2;-9;36;1019;0;0;3901;3922;30
30.04.2026;07:40:56;4,4;38,8;4,2;-9;37;1019;0;0;3901;3925;30
30.04.2026;07:40:57;4,4;38,8;4,2;-9;36;1019;0;0;3902;3925;30
30.04.2026;07:40:58;4,4;38,8;4,2;-9;36;1019;0;0;3898;3922;30
30.04.2026;07:41:00;4,4;38,8;4,2;-9;36;1019;0;0;3907;3928;30
30.04.2026;07:41:01;4,4;38,8;4,2;-9;36;1019;0;0;3907;3945;30
30.04.2026;07:41:02;4,4;38,8;4,2;-9;37;1019;0;0;3906;3930;30
30.04.2026;07:41:03;4,4;38,8;4,2;-9;37;1019;0;0;3905;3928;30
30.04.2026;07:41:04;4,4;38,8;4,2;-9;37;1019;0;0;3905;3929;30
30.04.2026;07:41:05;4,4;38,8;4,2;-9;37;1019;0;0;3903;3926;30
30.04.2026;07:41:06;4,4;38,8;4,2;-9;36;1019;0;0;3904;3925;30
30.04.2026;07:41:08;4,4;38,8;4,2;-9;36;1019;0;0;3900;3923;30
30.04.2026;07:41:09;4,4;38,8;4,2;-9;36;1019;0;0;3900;3922;30
30.04.2026;07:41:10;4,4;38,8;4,2;-9;36;1019;0;0;3881;3918;30
30.04.2026;07:41:11;4,4;38,8;4,3;-9;36;1019;0;0;3880;3917;30
30.04.2026;07:41:12;4,4;38,8;4,3;-9;36;1019;0;0;3882;3919;30
30.04.2026;07:41:13;4,4;38,8;4,2;-9;37;1019;0;0;3880;3918;30
30.04.2026;07:41:14;4,5;38,8;4,3;-9;37;1019;0;0;3885;3922;30
30.04.2026;07:41:15;4,5;38,8;4,2;-9;36;1019;0;0;3902;3925;30
30.04.2026;07:41:16;4,5;38,8;4,3;-9;36;1019;0;0;3905;3927;30
30.04.2026;07:41:18;4,5;38,8;4,3;-9;37;1019;0;0;3903;3924;30
30.04.2026;07:41:19;4,5;38,8;4,3;-9;36;1019;0;0;3903;3924;30
30.04.2026;07:41:20;4,5;38,8;4,3;-9;36;1019;0;0;3901;3925;30
30.04.2026;07:41:21;4,5;38,8;4,3;-9;36;1019;0;0;3903;3924;30
30.04.2026;07:41:22;4,5;38,8;4,3;-9;36;1019;0;0;3904;3927;30
30.04.2026;07:41:23;4,5;38,8;4,3;-9;36;1019;0;0;3905;3927;30
30.04.2026;07:41:24;4,5;38,8;4,3;-9;37;1019;0;0;3903;3927;30
30.04.2026;07:41:25;4,5;38,8;4,3;-9;36;1019;0;0;3903;3927;30
30.04.2026;07:41:26;4,5;38,8;4,3;-9;37;1019;0;0;3905;3927;30
30.04.2026;07:41:27;4,5;38,8;4,3;-9;36;1019;0;0;3904;3925;30
30.04.2026;07:41:28;4,5;38,8;4,3;-9;36;1019;0;0;3883;3921;30
30.04.2026;07:41:29;4,5;38,8;4,3;-9;36;1019;0;0;3901;3922;30
30.04.2026;07:41:30;4,5;38,8;4,3;-9;36;1019;0;0;3901;3922;30
30.04.2026;07:41:31;4,5;38,8;4,3;-9;36;1019;0;0;3898;3922;30
30.04.2026;07:41:32;4,5;38,8;4,3;-9;37;1019;0;0;3902;3925;30
30.04.2026;07:41:34;4,5;38,8;4,3;-9;36;1019;0;0;3908;3929;30
30.04.2026;07:41:35;4,5;38,8;4,3;-9;36;1019;0;0;3909;3930;30
30.04.2026;07:41:36;4,5;38,9;4,3;-9;36;1019;0;0;3909;3930;30
30.04.2026;07:41:37;4,5;38,9;4,3;-9;37;1019;0;0;3903;3927;30
30.04.2026;07:41:38;4,5;38,9;4,3;-9;36;1019;0;0;3902;3926;30
30.04.2026;07:41:39;4,5;38,9;4,3;-9;36;1019;0;0;3905;3929;30
30.04.2026;07:41:40;4,5;38,9;4,3;-9;36;1019;0;0;3904;3926;30
30.04.2026;07:41:41;4,5;38,9;4,3;-9;36;1019;0;0;3903;3926;30
30.04.2026;07:41:43;4,5;38,9;4,3;-9;36;1019;0;0;3901;3924;30
30.04.2026;07:41:44;4,5;38,9;4,3;-9;36;1019;0;0;3902;3924;30
30.04.2026;07:41:45;4,5;38,9;4,3;-9;36;1019;0;0;3905;3927;30
30.04.2026;07:41:46;4,5;38,9;4,3;-9;36;1019;0;0;3904;3925;30
30.04.2026;07:41:47;4,5;38,9;4,3;-9;36;1019;0;0;3900;3923;30
30.04.2026;07:41:48;4,5;38,9;4,3;-9;36;1019;0;0;3903;3926;30
30.04.2026;07:41:49;4,5;38,9;4,3;-9;36;1019;0;0;3906;3927;30
30.04.2026;07:41:50;4,5;38,9;4,3;-9;36;1019;0;0;3903;3926;30
30.04.2026;07:41:51;4,5;38,9;4,3;-9;36;1019;0;0;3902;3922;30
30.04.2026;07:41:52;4,5;38,9;4,3;-9;36;1019;0;0;3898;3922;30
30.04.2026;07:41:53;4,5;39;4,3;-9;36;1019;0;0;3901;3922;30
30.04.2026;07:41:54;4,5;39;4,3;-9;36;1019;0;0;3900;3922;30
30.04.2026;07:41:55;4,5;39;4,3;-9;36;1019;0;0;3880;3918;30
30.04.2026;07:41:56;4,5;39;4,3;-9;36;1019;0;0;3880;3918;30
30.04.2026;07:41:58;4,5;39;4,3;-9;36;1019;0;0;3879;3919;30
30.04.2026;07:41:59;4,5;39;4,3;-9;36;1019;0;0;3881;3919;30
30.04.2026;07:42:00;4,5;39;4,3;-9;36;1019;0;0;3882;3921;30
30.04.2026;07:42:01;4,5;39;4,3;-9;36;1019;0;0;3900;3922;30
30.04.2026;07:42:02;4,5;39;4,3;-9;36;1019;0;0;3877;3917;30
30.04.2026;07:42:03;4,6;39;4,3;-9;36;1019;0;0;3879;3917;30
30.04.2026;07:42:04;4,6;39;4,3;-9;36;1019;0;0;3878;3919;30
30.04.2026;07:42:05;4,6;39;4,3;-9;36;1019;0;0;3875;3899;30
30.04.2026;07:42:06;4,6;39;4,3;-9;36;1019;0;0;3874;3912;30
30.04.2026;07:42:07;4,6;39;4,3;-9;36;1019;0;0;3874;3896;30
30.04.2026;07:42:08;4,6;39,1;4,3;-9;36;1019;0;0;3872;3896;30
30.04.2026;07:42:10;4,6;39,1;4,3;-9;36;1019;0;0;3872;3893;30
30.04.2026;07:42:11;4,6;39,1;4,3;-9;36;1019;0;0;3875;3897;30
30.04.2026;07:42:12;4,6;39,1;4,3;-9;36;1019;0;0;3872;3896;30
30.04.2026;07:42:13;4,6;39,1;4,3;-9;36;1019;0;0;3871;3895;30
30.04.2026;07:42:14;4,6;39,1;4,4;-9;36;1019;0;0;3872;3896;30
30.04.2026;07:42:15;4,6;39,1;4,3;-9;36;1019;0;0;3875;3899;30
30.04.2026;07:42:16;4,6;39,1;4,3;-9;36;1019;0;0;3875;3916;30
30.04.2026;07:42:17;4,6;39,1;4,3;-9;36;1019;0;0;3876;3917;30
30.04.2026;07:42:18;4,6;39,1;4,3;-9;36;1019;0;0;3878;3900;30
30.04.2026;07:42:19;4,6;39,1;4,3;-9;36;1019;0;0;3875;3899;30
30.04.2026;07:42:20;4,6;39,1;4,3;-9;36;1019;0;0;3875;3899;30
30.04.2026;07:42:21;4,6;39,1;4,3;-9;36;1019;0;0;3876;3898;30
30.04.2026;07:42:23;4,6;39,1;4,3;-9;36;1019;0;0;3875;3916;30
30.04.2026;07:42:24;4,6;39,1;4,3;-9;36;1019;0;0;3900;3925;30
30.04.2026;07:42:25;4,6;39,1;4,3;-9;36;1019;0;0;3901;3926;30
30.04.2026;07:42:26;4,6;39,1;4,3;-9;36;1019;0;0;3904;3927;30
30.04.2026;07:42:27;4,6;39,1;4,3;-9;36;1019;0;0;3903;3925;30
30.04.2026;07:42:28;4,6;39,2;4,3;-9;36;1019;0;0;3900;3926;30
30.04.2026;07:42:29;4,6;39,2;4,3;-9;36;1019;0;0;3903;3926;30
30.04.2026;07:42:30;4,6;39,2;4,3;-9;36;1019;0;0;3902;3927;30
30.04.2026;07:42:31;4,6;39,2;4,3;-9;36;1019;0;0;3904;3929;30
30.04.2026;07:42:33;4,6;39,2;4,3;-9;36;1019;0;0;3906;3928;30
30.04.2026;07:42:34;4,6;39,2;4,3;-9;36;1019;0;0;3903;3927;30
30.04.2026;07:42:35;4,6;39,2;4,3;-9;37;1019;0;0;3901;3926;30
30.04.2026;07:42:36;4,6;39,2;4,3;-9;36;1019;0;0;3901;3925;30
30.04.2026;07:42:37;4,6;39,2;4,3;-9;36;1019;0;0;3905;3929;30
30.04.2026;07:42:38;4,6;39,2;4,3;-9;36;1019;0;0;3906;3928;30
30.04.2026;07:42:39;4,6;39,2;4,3;-9;36;1019;0;0;3904;3926;30
30.04.2026;07:42:40;4,6;39,2;4,3;-9;36;1019;0;0;3901;3925;30
30.04.2026;07:42:41;4,6;39,2;4,3;-9;36;1019;0;0;3899;3924;30
30.04.2026;07:42:43;4,6;39,2;4,3;-9;36;1019;0;0;3900;3923;30
30.04.2026;07:42:44;4,6;39,3;4,3;-9;36;1019;0;0;3897;3922;30
30.04.2026;07:42:45;4,6;39,3;4,3;-9;36;1019;0;0;3880;3918;30
30.04.2026;07:42:46;4,6;39,3;4,3;-9;36;1019;0;0;3881;3920;30
30.04.2026;07:42:47;4,6;39,3;4,3;-9;36;1019;0;0;3900;3922;30
30.04.2026;07:42:48;4,6;39,3;4,3;-9;36;1019;0;0;3896;3921;30
30.04.2026;07:42:49;4,6;39,3;4,4;-9;36;1019;0;0;3893;3917;30
30.04.2026;07:42:50;4,6;39,3;4,3;-9;36;1019;0;0;3877;3915;30
30.04.2026;07:42:51;4,6;39,3;4,3;-9;36;1019;0;0;3872;3894;30
30.04.2026;07:42:52;4,6;39,3;4,3;-9;36;1019;0;0;3868;3891;30
30.04.2026;07:42:53;4,6;39,3;4,3;-9;36;1019;0;0;3865;3888;30
30.04.2026;07:42:54;4,6;39,3;4,4;-9;36;1019;0;0;3843;3882;30
30.04.2026;07:42:55;4,6;39,3;4,4;-9;36;1019;0;0;3836;3858;30
30.04.2026;07:42:57;4,6;39,3;4,3;-9;36;1019;0;0;3837;3860;30
30.04.2026;07:42:58;4,6;39,3;4,4;-9;36;1019;0;0;3838;3860;30
30.04.2026;07:42:59;4,6;39,3;4,4;-9;36;1019;0;0;3838;3861;30
30.04.2026;07:43:00;4,6;39,3;4,3;-9;36;1019;0;0;3839;3862;30
30.04.2026;07:43:01;4,6;39,3;4,3;-9;36;1019;0;0;3837;3863;30
30.04.2026;07:43:02;4,6;39,3;4,3;-9;36;1019;0;0;3843;3883;30
30.04.2026;07:43:03;4,6;39,3;4,3;-9;36;1019;0;0;3844;3883;30
30.04.2026;07:43:04;4,6;39,3;4,4;-9;36;1019;0;0;3837;3862;30
30.04.2026;07:43:05;4,6;39,3;4,4;-9;36;1019;0;0;3838;3862;30
30.04.2026;07:43:06;4,6;39,3;4,3;-9;37;1019;0;0;3841;3864;30
30.04.2026;07:43:08;4,6;39,3;4,4;-9;36;1019;0;0;3842;3864;30
30.04.2026;07:43:09;4,6;39,3;4,4;-9;36;1019;0;0;3843;3865;30
30.04.2026;07:43:10;4,6;39,3;4,4;-9;36;1019;0;0;3841;3865;30
30.04.2026;07:43:11;4,6;39,3;4,4;-9;36;1019;0;0;3837;3861;30
30.04.2026;07:43:12;4,6;39,3;4,4;-9;36;1019;0;0;3864;3886;30
30.04.2026;07:43:13;4,7;39,3;4,4;-9;36;1019;0;0;3862;3887;30
30.04.2026;07:43:14;4,6;39,3;4,4;-9;36;1019;0;0;3865;3888;30
30.04.2026;07:43:15;4,6;39,3;4,4;-9;36;1019;0;0;3845;3884;30
30.04.2026;07:43:16;4,6;39,3;4,4;-9;36;1019;0;0;3846;3885;30
30.04.2026;07:43:17;4,7;39,3;4,4;-9;36;1019;0;0;3864;3888;30
30.04.2026;07:43:19;4,7;39,3;4,4;-9;36;1019;0;0;3849;3887;30
30.04.2026;07:43:20;4,7;39,3;4,4;-9;36;1019;0;0;3876;3898;30
30.04.2026;07:43:21;4,7;39,3;4,4;-9;36;1019;0;0;3879;3919;30
30.04.2026;07:43:22;4,7;39,3;4,4;-9;36;1019;0;0;3898;3923;30
30.04.2026;07:43:23;4,7;39,3;4,4;-9;36;1019;0;0;3905;3930;30
30.04.2026;07:43:25;4,7;39,3;4,4;-9;36;1019;0;0;3906;3931;30
30.04.2026;07:43:26;4,7;39,3;4,4;-9;36;1019;0;0;3905;3930;30
30.04.2026;07:43:27;4,7;39,3;4,4;-9;37;1019;0;0;3908;3930;30
30.04.2026;07:43:28;4,7;39,2;4,4;-9;36;1019;0;0;3925;3951;30
30.04.2026;07:43:29;4,7;39,2;4,4;-9;36;1019;0;0;3906;3948;30
30.04.2026;07:43:30;4,7;39,2;4,4;-9;36;1019;0;0;3905;3930;30
30.04.2026;07:43:31;4,7;39,3;4,4;-9;36;1019;0;0;3905;3930;30
30.04.2026;07:43:32;4,7;39,3;4,4;-9;36;1019;0;0;3904;3930;30
30.04.2026;07:43:33;4,7;39,2;4,4;-9;36;1019;0;0;3906;3930;30
30.04.2026;07:43:35;4,7;39,2;4,4;-9;36;1019;0;0;3896;3922;30
30.04.2026;07:43:36;4,7;39,2;4,4;-9;36;1019;0;0;3870;3896;30
30.04.2026;07:43:37;4,7;39,2;4,4;-9;36;1019;0;0;3871;3896;30
30.04.2026;07:43:38;4,7;39,2;4,4;-9;36;1019;0;0;3870;3895;30
30.04.2026;07:43:39;4,7;39,2;4,4;-9;36;1019;0;0;3872;3897;30
30.04.2026;07:43:40;4,7;39,2;4,4;-9;36;1019;0;0;3873;3896;30
30.04.2026;07:43:41;4,7;39,2;4,4;-9;36;1019;0;0;3872;3897;30
30.04.2026;07:43:43;4,7;39,2;4,4;-9;36;1019;0;0;3872;3897;30
30.04.2026;07:43:44;4,7;39,2;4,4;-9;36;1019;0;0;3870;3893;30
30.04.2026;07:43:45;4,7;39,3;4,4;-9;36;1019;0;0;3871;3893;30
30.04.2026;07:43:46;4,7;39,3;4,4;-9;36;1019;0;0;3864;3889;30
30.04.2026;07:43:47;4,7;39,3;4,4;-9;36;1019;0;0;3865;3887;30
30.04.2026;07:43:48;4,7;39,3;4,4;-9;36;1019;0;0;3846;3885;30
30.04.2026;07:43:49;4,7;39,3;4,4;-9;36;1019;0;0;3845;3884;30
30.04.2026;07:43:50;4,7;39,3;4,4;-9;36;1019;0;0;3842;3883;30
30.04.2026;07:43:51;4,7;39,3;4,4;-9;36;1019;0;0;3842;3864;30
30.04.2026;07:43:53;4,7;39,3;4,4;-9;36;1019;0;0;3837;3860;30
30.04.2026;07:43:54;4,7;39,3;4,4;-9;36;1019;0;0;3833;3858;30
30.04.2026;07:43:55;4,7;39,3;4,4;-9;36;1019;0;0;3833;3858;30
30.04.2026;07:43:56;4,7;39,2;4,4;-9;36;1019;0;0;3836;3860;30
30.04.2026;07:43:57;4,7;39,2;4,4;-9;36;1019;0;0;3838;3861;30
30.04.2026;07:43:58;4,7;39,2;4,4;-9;36;1019;0;0;3832;3858;30
30.04.2026;07:43:59;4,7;39,3;4,4;-9;36;1019;0;0;3834;3860;30
30.04.2026;07:44:00;4,7;39,3;4,4;-9;36;1019;0;0;3841;3883;30
30.04.2026;07:44:02;4,7;39,3;4,4;-9;36;1019;0;0;3842;3881;30
30.04.2026;07:44:03;4,7;39,3;4,4;-9;36;1019;0;0;3839;3862;30
30.04.2026;07:44:04;4,7;39,3;4,4;-9;36;1019;0;0;3843;3882;30
30.04.2026;07:44:05;4,7;39,3;4,4;-9;36;1019;0;0;3858;3884;30
30.04.2026;07:44:06;4,7;39,3;4,4;-9;36;1019;0;0;3845;3885;30
30.04.2026;07:44:07;4,7;39,3;4,4;-9;36;1019;0;0;3861;3886;30
30.04.2026;07:44:08;4,7;39,3;4,4;-9;36;1019;0;0;3864;3889;30
30.04.2026;07:44:09;4,7;39,3;4,4;-9;36;1019;0;0;3867;3891;30
30.04.2026;07:44:10;4,7;39,3;4,4;-9;36;1019;0;0;3869;3892;30
30.04.2026;07:44:11;4,7;39,3;4,4;-9;36;1019;0;0;3865;3890;30
30.04.2026;07:44:13;4,8;39,3;4,4;-9;36;1019;0;0;3868;3895;30
30.04.2026;07:44:14;4,8;39,3;4,4;-9;36;1019;0;0;3878;3917;30
30.04.2026;07:44:15;4,8;39,4;4,4;-9;36;1019;0;0;3900;3925;30
30.04.2026;07:44:16;4,8;39,4;4,4;-9;36;1019;0;0;3905;3948;30
30.04.2026;07:44:17;4,8;39,4;4,4;-9;36;1019;0;0;3907;3947;30
30.04.2026;07:44:18;4,8;39,4;4,4;-9;36;1019;0;0;3905;3931;30
30.04.2026;07:44:19;4,8;39,4;4,4;-9;36;1019;0;0;3901;3927;30
30.04.2026;07:44:20;4,8;39,4;4,4;-9;36;1019;0;0;3902;3925;30
30.04.2026;07:44:21;4,8;39,4;4,4;-9;36;1019;0;0;3901;3925;30
30.04.2026;07:44:22;4,8;39,5;4,4;-9;36;1019;0;0;3900;3926;30
30.04.2026;07:44:24;4,8;39,5;4,4;-9;36;1019;0;0;3904;3927;30
30.04.2026;07:44:25;4,8;39,5;4,4;-9;36;1019;0;0;3900;3923;30
30.04.2026;07:44:26;4,8;39,5;4,4;-9;36;1019;0;0;3900;3922;30
30.04.2026;07:44:27;4,8;39,5;4,4;-9;36;1019;0;0;3899;3923;30
30.04.2026;07:44:28;4,8;39,5;4,4;-9;36;1019;0;0;3901;3924;30
30.04.2026;07:44:29;4,8;39,5;4,4;-9;36;1019;0;0;3902;3925;30
30.04.2026;07:44:30;4,8;39,5;4,4;-9;37;1019;0;0;3900;3925;30
30.04.2026;07:44:31;4,8;39,5;4,4;-9;36;1019;0;0;3902;3927;30
30.04.2026;07:44:32;4,8;39,5;4,4;-9;36;1019;0;0;3904;3927;30
30.04.2026;07:44:33;4,8;39,5;4,4;-9;36;1019;0;0;3902;3926;30
30.04.2026;07:44:35;4,8;39,6;4,5;-9;36;1019;0;0;3904;3927;30
30.04.2026;07:44:35;4,8;39,6;4,5;-9;36;1019;0;0;3902;3927;30
30.04.2026;07:44:36;4,8;39,6;4,5;-9;36;1019;0;0;3904;3927;30
30.04.2026;07:44:38;4,8;39,6;4,5;-9;36;1019;0;0;3900;3926;30
30.04.2026;07:44:39;4,8;39,6;4,5;-9;36;1019;0;0;3905;3928;30
30.04.2026;07:44:40;4,8;39,6;4,4;-9;36;1019;0;0;3904;3927;30
30.04.2026;07:44:41;4,8;39,6;4,4;-9;36;1019;0;0;3903;3929;30
30.04.2026;07:44:42;4,8;39,7;4,5;-9;36;1019;0;0;3902;3927;30
30.04.2026;07:44:43;4,8;39,7;4,4;-9;36;1019;0;0;3900;3926;30
30.04.2026;07:44:44;4,8;39,7;4,5;-9;36;1019;0;0;3899;3924;30
30.04.2026;07:44:45;4,8;39,7;4,4;-9;36;1019;0;0;3899;3925;30
30.04.2026;07:44:46;4,8;39,7;4,5;-9;36;1019;0;0;3897;3921;30
30.04.2026;07:44:47;4,8;39,7;4,5;-9;36;1019;0;0;3895;3921;30
30.04.2026;07:44:48;4,8;39,7;4,5;-9;36;1019;0;0;3896;3920;30
30.04.2026;07:44:50;4,8;39,8;4,5;-9;36;1019;0;0;3896;3919;30
30.04.2026;07:44:51;4,8;39,8;4,5;-9;36;1019;0;0;3896;3923;30
30.04.2026;07:44:52;4,8;39,8;4,5;-9;36;1019;0;0;3901;3924;30
30.04.2026;07:44:53;4,8;39,8;4,5;-9;36;1019;0;0;3901;3924;30
30.04.2026;07:44:54;4,8;39,8;4,5;-9;36;1019;0;0;3895;3922;30
30.04.2026;07:44:55;4,8;39,9;4,5;-9;36;1019;0;0;3877;3917;30
30.04.2026;07:44:56;4,8;39,9;4,5;-9;36;1019;0;0;3872;3898;30
30.04.2026;07:44:58;4,8;39,9;4,5;-9;36;1019;0;0;3874;3916;30
30.04.2026;07:44:59;4,8;39,9;4,5;-9;36;1019;0;0;3875;3917;30
30.04.2026;07:45:00;4,8;39,9;4,5;-9;36;1019;0;0;3876;3916;30
30.04.2026;07:45:01;4,8;39,9;4,5;-9;36;1019;0;0;3871;3896;30
30.04.2026;07:45:02;4,8;39,9;4,5;-9;36;1019;0;0;3874;3895;30
30.04.2026;07:45:03;4,8;39,9;4,5;-9;36;1019;0;0;3875;3914;30
30.04.2026;07:45:04;4,8;40;4,5;-9;36;1019;0;0;3894;3918;30
30.04.2026;07:45:05;4,8;40;4,5;-9;36;1019;0;0;3878;3917;30
30.04.2026;07:45:06;4,8;40;4,5;-9;36;1019;0;0;3875;3916;30
30.04.2026;07:45:08;4,8;40;4,5;-9;36;1019;0;0;3874;3897;30
30.04.2026;07:45:09;4,8;40,1;4,5;-9;36;1019;0;0;3872;3897;30
30.04.2026;07:45:10;4,8;40,1;4,5;-9;36;1019;0;0;3872;3896;30
30.04.2026;07:45:11;4,8;40,1;4,5;-9;36;1019;0;0;3876;3899;30
30.04.2026;07:45:12;4,8;40,1;4,5;-9;36;1019;0;0;3897;3919;30
30.04.2026;07:45:13;4,8;40,1;4,5;-9;36;1019;0;0;3898;3920;30
30.04.2026;07:45:14;4,8;40,1;4,5;-9;36;1019;0;0;3899;3920;30
30.04.2026;07:45:15;4,8;40,1;4,5;-9;36;1019;0;0;3898;3922;30
30.04.2026;07:45:16;4,8;40,1;4,5;-9;36;1019;0;0;3880;3918;30
30.04.2026;07:45:17;4,8;40,2;4,5;-9;36;1019;0;0;3877;3915;30
30.04.2026;07:45:18;4,8;40,2;4,5;-9;36;1019;0;0;3876;3899;30
30.04.2026;07:45:19;4,8;40,2;4,5;-9;36;1019;0;0;3878;3916;30
30.04.2026;07:45:20;4,8;40,2;4,5;-9;36;1019;0;0;3875;3899;30
30.04.2026;07:45:21;4,8;40,2;4,5;-9;36;1019;0;0;3872;3894;30
30.04.2026;07:45:22;4,8;40,3;4,5;-9;36;1019;0;0;3866;3891;30
30.04.2026;07:45:23;4,8;40,3;4,5;-9;36;1019;0;0;3870;3894;30
30.04.2026;07:45:24;4,8;40,3;4,5;-9;36;1019;0;0;3873;3895;30
30.04.2026;07:45:26;4,8;40,3;4,5;-9;36;1019;0;0;3871;3896;30
30.04.2026;07:45:27;4,8;40,3;4,5;-9;36;1019;0;0;3870;3895;30
30.04.2026;07:45:28;4,8;40,3;4,5;-9;36;1019;0;0;3871;3895;30
30.04.2026;07:45:29;4,8;40,4;4,5;-9;36;1019;0;0;3877;3916;30
30.04.2026;07:45:30;4,8;40,4;4,5;-9;36;1019;0;0;3874;3896;30
30.04.2026;07:45:31;4,8;40,4;4,5;-9;36;1019;0;0;3874;3895;30
30.04.2026;07:45:32;4,8;40,4;4,5;-9;36;1019;0;0;3877;3915;30
30.04.2026;07:45:33;4,8;40,4;4,5;-9;36;1019;0;0;3896;3919;30
30.04.2026;07:45:34;4,9;40,4;4,5;-9;36;1019;0;0;3897;3919;30
30.04.2026;07:45:35;4,9;40,4;4,5;-9;36;1019;0;0;3895;3919;30
30.04.2026;07:45:36;4,9;40,4;4,5;-9;36;1019;0;0;3902;3927;30
30.04.2026;07:45:37;4,9;40,5;4,5;-9;36;1019;0;0;3905;3929;30
30.04.2026;07:45:38;4,9;40,5;4,5;-9;36;1019;0;0;3904;3928;30
30.04.2026;07:45:39;4,9;40,5;4,6;-9;36;1019;0;0;3904;3928;30
30.04.2026;07:45:41;4,9;40,5;4,5;-9;36;1019;0;0;3903;3927;30
30.04.2026;07:45:42;4,9;40,5;4,5;-9;36;1019;0;0;3902;3926;30
30.04.2026;07:45:43;4,9;40,5;4,5;-9;36;1019;0;0;3904;3926;30
30.04.2026;07:45:44;4,9;40,5;4,5;-9;36;1019;0;0;3902;3923;30
30.04.2026;07:45:46;4,9;40,5;4,5;-9;36;1019;0;0;3902;3924;30
30.04.2026;07:45:46;4,9;40,5;4,5;-9;36;1019;0;0;3899;3923;30
30.04.2026;07:45:47;4,9;40,6;4,5;-9;36;1019;0;0;3897;3920;30
30.04.2026;07:45:48;4,9;40,6;4,5;-9;36;1019;0;0;3900;3922;30
30.04.2026;07:45:49;4,9;40,6;4,5;-9;36;1019;0;0;3899;3921;30
30.04.2026;07:45:51;4,9;40,6;4,5;-9;36;1019;0;0;3898;3923;30
30.04.2026;07:45:52;4,9;40,6;4,5;-9;36;1019;0;0;3897;3923;30
30.04.2026;07:45:53;4,9;40,6;4,5;-9;36;1019;0;0;3896;3922;30
30.04.2026;07:45:54;4,9;40,6;4,5;-9;36;1019;0;0;3876;3917;30
30.04.2026;07:45:56;4,9;40,6;4,5;-9;36;1019;0;0;3877;3918;30
30.04.2026;07:45:57;4,9;40,6;4,5;-9;36;1019;0;0;3874;3898;30
30.04.2026;07:45:58;4,9;40,6;4,5;-9;36;1019;0;0;3872;3897;30
30.04.2026;07:45:59;4,9;40,6;4,5;-9;36;1019;0;0;3877;3916;30
30.04.2026;07:46:00;4,9;40,6;4,5;-9;36;1019;0;0;3896;3919;30
30.04.2026;07:46:01;4,9;40,6;4,5;-9;36;1019;0;0;3900;3922;30
30.04.2026;07:46:02;4,9;40,6;4,5;-9;36;1019;0;0;3900;3923;30
30.04.2026;07:46:03;4,9;40,6;4,5;-9;36;1019;0;0;3900;3922;30
30.04.2026;07:46:04;4,9;40,7;4,5;-9;36;1019;0;0;3899;3922;30
30.04.2026;07:46:06;4,9;40,7;4,5;-9;36;1019;0;0;3897;3922;30
30.04.2026;07:46:07;4,9;40,7;4,5;-9;36;1019;0;0;3896;3922;30
30.04.2026;07:46:08;4,9;40,7;4,5;-9;36;1019;0;0;3895;3920;30
30.04.2026;07:46:09;4,9;40,7;4,5;-9;36;1019;0;0;3878;3918;30
30.04.2026;07:46:10;4,9;40,7;4,5;-9;36;1019;0;0;3876;3916;30
30.04.2026;07:46:11;4,9;40,7;4,5;-9;36;1019;0;0;3897;3921;30
30.04.2026;07:46:12;4,9;40,7;4,6;-9;36;1019;0;0;3899;3925;30
30.04.2026;07:46:13;4,9;40,7;4,5;-9;36;1019;0;0;3900;3923;30
30.04.2026;07:46:15;4,9;40,7;4,5;-9;36;1019;0;0;3899;3922;30
30.04.2026;07:46:16;4,9;40,7;4,5;-9;36;1019;0;0;3899;3923;30
30.04.2026;07:46:17;4,9;40,7;4,5;-9;36;1019;0;0;3900;3924;30
30.04.2026;07:46:18;4,9;40,7;4,5;-9;36;1019;0;0;3900;3926;30
30.04.2026;07:46:19;4,9;40,7;4,5;-9;36;1019;0;0;3899;3925;30
30.04.2026;07:46:20;4,9;40,8;4,6;-9;36;1019;0;0;3900;3941;30
30.04.2026;07:46:21;4,9;40,8;4,5;-9;36;1019;0;0;3897;3922;30
30.04.2026;07:46:22;4,9;40,8;4,5;-9;36;1019;0;0;3897;3922;30
30.04.2026;07:46:23;4,9;40,8;4,6;-9;36;1019;0;0;3895;3921;30
30.04.2026;07:46:24;4,9;40,8;4,6;-9;36;1019;0;0;3876;3919;30
30.04.2026;07:46:25;4,9;40,8;4,6;-9;36;1019;0;0;3876;3918;30
30.04.2026;07:46:27;4,9;40,8;4,6;-9;36;1019;0;0;3873;3915;30
30.04.2026;07:46:28;4,9;40,8;4,6;-9;36;1019;0;0;3870;3893;30
30.04.2026;07:46:29;4,9;40,8;4,6;-9;36;1019;0;0;3869;3892;30
30.04.2026;07:46:30;4,9;40,8;4,6;-9;36;1019;0;0;3869;3895;30
30.04.2026;07:46:31;4,9;40,8;4,6;-9;36;1019;0;0;3870;3896;30
30.04.2026;07:46:32;4,9;40,9;4,6;-9;36;1019;0;0;3867;3891;30
30.04.2026;07:46:33;4,9;40,9;4,6;-9;36;1019;0;0;3878;3919;30
30.04.2026;07:46:34;5;40,9;4,6;-9;36;1019;0;0;3893;3920;30
30.04.2026;07:46:35;5;40,9;4,6;-9;36;1019;0;0;3894;3920;30
30.04.2026;07:46:36;5;40,9;4,6;-9;36;1019;0;0;3905;3928;30
30.04.2026;07:46:38;4,9;40,9;4,6;-9;36;1019;0;0;3904;3928;30
30.04.2026;07:46:39;4,9;40,9;4,6;-9;36;1019;0;0;3900;3927;30
30.04.2026;07:46:40;4,9;40,9;4,6;-9;36;1019;0;0;3907;3950;30
30.04.2026;07:46:41;4,9;40,9;4,6;-9;36;1019;0;0;3906;3949;30
30.04.2026;07:46:42;4,9;40,9;4,6;-9;36;1019;0;0;3907;3949;30
30.04.2026;07:46:43;4,9;40,9;4,6;-9;36;1019;0;0;3907;3949;30
30.04.2026;07:46:44;4,9;40,9;4,6;-9;36;1019;0;0;3925;3951;30
30.04.2026;07:46:45;5;41;4,6;-9;36;1019;0;0;3923;3950;30
30.04.2026;07:46:46;5;41;4,6;-9;36;1019;0;0;3907;3948;30
30.04.2026;07:46:47;5;41;4,6;-9;36;1019;0;0;3906;3947;30
30.04.2026;07:46:48;5;41;4,6;-9;36;1019;0;0;3903;3927;30
30.04.2026;07:46:50;5;41;4,6;-9;36;1019;0;0;3902;3928;30
30.04.2026;07:46:51;5;41;4,6;-9;36;1019;0;0;3899;3926;30
30.04.2026;07:46:52;5;41;4,6;-9;36;1019;0;0;3903;3929;30
30.04.2026;07:46:53;5;41;4,6;-9;36;1019;0;0;3904;3928;30
30.04.2026;07:46:54;5;41;4,6;-9;36;1019;0;0;3898;3924;30
30.04.2026;07:46:55;5;41;4,6;-9;36;1019;0;0;3895;3921;30
30.04.2026;07:46:56;5;41;4,6;-9;36;1019;0;0;3900;3925;30
30.04.2026;07:46:58;5;41;4,6;-9;36;1019;0;0;3901;3928;30
30.04.2026;07:46:59;5;41;4,6;-9;36;1019;0;0;3905;3928;30
30.04.2026;07:47:00;5;41;4,6;-9;36;1019;0;0;3902;3929;30
30.04.2026;07:47:01;5;41;4,6;-9;36;1019;0;0;3900;3926;30
30.04.2026;07:47:02;5;41,1;4,6;-9;37;1019;0;0;3904;3944;30
30.04.2026;07:47:03;5;41,1;4,6;-9;36;1019;0;0;3905;3928;30
30.04.2026;07:47:04;5;41,1;4,6;-9;36;1019;0;0;3902;3943;30
30.04.2026;07:47:05;5;41,1;4,6;-9;36;1019;0;0;3901;3927;30
30.04.2026;07:47:06;5;41,1;4,6;-9;36;1019;0;0;3904;3928;30
30.04.2026;07:47:07;5;41,1;4,6;-9;36;1019;0;0;3905;3947;30
30.04.2026;07:47:08;5;41,1;4,6;-9;36;1019;0;0;3905;3930;30
30.04.2026;07:47:09;5;41,1;4,6;-9;36;1019;0;0;3901;3926;30
30.04.2026;07:47:10;5;41,1;4,6;-9;36;1019;0;0;3900;3925;30
30.04.2026;07:47:12;5;41,1;4,6;-9;36;1019;0;0;3902;3927;30
30.04.2026;07:47:13;5;41,2;4,6;-9;36;1019;0;0;3901;3928;30
30.04.2026;07:47:14;5;41,2;4,6;-9;36;1019;0;0;3899;3925;30
30.04.2026;07:47:15;5;41,2;4,6;-9;36;1019;0;0;3906;3947;30
30.04.2026;07:47:16;5;41,2;4,6;-9;36;1019;0;0;3902;3926;30
30.04.2026;07:47:17;5;41,2;4,6;-9;36;1019;0;0;3900;3925;30
30.04.2026;07:47:18;5;41,2;4,6;-9;36;1019;0;0;3903;3927;30
30.04.2026;07:47:19;5;41,2;4,6;-9;36;1019;0;0;3900;3927;30
30.04.2026;07:47:20;5;41,2;4,6;-9;36;1019;0;0;3902;3926;30
30.04.2026;07:47:21;5;41,2;4,6;-9;36;1019;0;0;3900;3942;30
30.04.2026;07:47:23;5;41,2;4,6;-9;36;1019;0;0;3902;3926;30
30.04.2026;07:47:24;5;41,2;4,6;-9;36;1019;0;0;3900;3925;30
30.04.2026;07:47:25;5;41,2;4,6;-9;36;1019;0;0;3893;3921;30
30.04.2026;07:47:26;5;41,3;4,6;-9;36;1019;0;0;3872;3916;30
30.04.2026;07:47:27;5;41,3;4,6;-9;36;1019;0;0;3873;3916;30
30.04.2026;07:47:28;5;41,3;4,6;-9;36;1019;0;0;3872;3896;30
30.04.2026;07:47:29;5;41,3;4,6;-9;36;1019;0;0;3867;3892;30
30.04.2026;07:47:30;5;41,3;4,6;-9;36;1019;0;0;3864;3891;30
30.04.2026;07:47:31;5;41,3;4,6;-9;36;1019;0;0;3874;3898;30
30.04.2026;07:47:32;5;41,3;4,6;-9;36;1019;0;0;3874;3915;30
30.04.2026;07:47:33;5;41,3;4,6;-9;36;1019;0;0;3871;3898;30
30.04.2026;07:47:35;5,1;41,4;4,6;-9;36;1019;0;0;3866;3892;30
30.04.2026;07:47:36;5,1;41,4;4,6;-9;36;1019;0;0;3872;3915;30
30.04.2026;07:47:37;5,1;41,4;4,6;-9;36;1019;0;0;3871;3894;30
30.04.2026;07:47:38;5,1;41,4;4,6;-9;36;1019;0;0;3864;3888;30
30.04.2026;07:47:39;5,1;41,4;4,6;-9;36;1019;0;0;3864;3888;30
30.04.2026;07:47:40;5,1;41,4;4,6;-9;36;1019;0;0;3859;3886;30
30.04.2026;07:47:41;5,1;41,4;4,6;-9;36;1019;0;0;3861;3887;30
30.04.2026;07:47:43;5,1;41,4;4,6;-9;36;1019;0;0;3866;3891;30
30.04.2026;07:47:44;5,1;41,4;4,6;-9;36;1019;0;0;3865;3889;30
30.04.2026;07:47:45;5,1;41,4;4,6;-9;36;1019;0;0;3864;3890;30
30.04.2026;07:47:46;5,1;41,5;4,6;-9;36;1019;0;0;3871;3895;30
30.04.2026;07:47:47;5,1;41,5;4,6;-9;36;1019;0;0;3874;3918;30
30.04.2026;07:47:48;5,1;41,5;4,6;-9;36;1019;0;0;3874;3917;30
30.04.2026;07:47:50;5,1;41,5;4,6;-9;36;1019;0;0;3878;3919;30
30.04.2026;07:47:51;5,1;41,5;4,6;-9;36;1019;0;0;3896;3920;30
30.04.2026;07:47:52;5,1;41,5;4,6;-9;36;1019;0;0;3879;3919;30
30.04.2026;07:47:53;5,1;41,5;4,6;-9;36;1019;0;0;3874;3918;30
30.04.2026;07:47:54;5,1;41,5;4,6;-9;36;1019;0;0;3876;3917;30
30.04.2026;07:47:55;5,1;41,5;4,6;-9;36;1019;0;0;3873;3916;30
30.04.2026;07:47:56;5,1;41,6;4,6;-9;36;1019;0;0;3897;3922;30
30.04.2026;07:47:57;5,1;41,6;4,6;-9;36;1019;0;0;3879;3920;30
30.04.2026;07:47:58;5,1;41,6;4,6;-9;36;1019;0;0;3894;3920;30
30.04.2026;07:47:59;5,1;41,6;4,7;-9;36;1019;0;0;3872;3915;30
30.04.2026;07:48:00;5,1;41,6;4,6;-9;36;1019;0;0;3866;3892;30
30.04.2026;07:48:01;5,1;41,6;4,6;-9;36;1019;0;0;3867;3890;30
30.04.2026;07:48:02;5,1;41,6;4,6;-9;36;1019;0;0;3863;3889;30
30.04.2026;07:48:03;5,1;41,6;4,7;-9;36;1019;0;0;3875;3916;30
30.04.2026;07:48:04;5,1;41,7;4,7;-9;36;1019;0;0;3874;3897;30
30.04.2026;07:48:06;5,1;41,7;4,7;-9;36;1019;0;0;3869;3893;30
30.04.2026;07:48:07;5,1;41,7;4,7;-9;36;1019;0;0;3876;3917;30
30.04.2026;07:48:08;5,1;41,7;4,7;-9;36;1019;0;0;3875;3918;30
30.04.2026;07:48:09;5,1;41,7;4,6;-9;36;1019;0;0;3875;3916;30
30.04.2026;07:48:10;5,1;41,7;4,7;-9;36;1019;0;0;3873;3895;30
30.04.2026;07:48:11;5,1;41,7;4,7;-9;36;1019;0;0;3876;3917;30
30.04.2026;07:48:12;5,1;41,7;4,7;-9;36;1019;0;0;3871;3897;30
30.04.2026;07:48:13;5,1;41,8;4,7;-9;36;1019;0;0;3870;3896;30
30.04.2026;07:48:14;5,1;41,8;4,7;-9;36;1019;0;0;3871;3894;30
30.04.2026;07:48:16;5,1;41,8;4,7;-9;36;1019;0;0;3895;3919;30
30.04.2026;07:48:17;5,1;41,8;4,7;-9;36;1019;0;0;3874;3918;30
30.04.2026;07:48:18;5,1;41,8;4,6;-9;36;1019;0;0;3893;3919;30
30.04.2026;07:48:19;5,1;41,8;4,7;-9;36;1019;0;0;3892;3918;30
30.04.2026;07:48:20;5,1;41,8;4,7;-9;36;1019;0;0;3877;3917;30
30.04.2026;07:48:21;5,1;41,8;4,7;-9;36;1019;0;0;3895;3921;30
30.04.2026;07:48:22;5,1;41,8;4,7;-9;36;1019;0;0;3895;3921;30
30.04.2026;07:48:23;5,1;41,8;4,7;-9;36;1019;0;0;3875;3918;30
30.04.2026;07:48:24;5,1;41,8;4,7;-9;36;1019;0;0;3894;3920;30
30.04.2026;07:48:25;5,1;41,8;4,7;-9;36;1019;0;0;3878;3917;30
30.04.2026;07:48:26;5,1;41,8;4,7;-9;36;1019;0;0;3895;3919;30
30.04.2026;07:48:28;5,1;41,8;4,7;-9;36;1019;0;0;3895;3920;30
30.04.2026;07:48:29;5,1;41,8;4,7;-9;36;1019;0;0;3897;3921;30
30.04.2026;07:48:30;5,1;41,8;4,7;-9;36;1019;0;0;3897;3921;30
30.04.2026;07:48:31;5,1;41,8;4,7;-9;36;1019;0;0;3879;3918;30
30.04.2026;07:48:32;5,1;41,9;4,7;-9;36;1019;0;0;3897;3922;30
30.04.2026;07:48:34;5,1;41,9;4,7;-9;36;1019;0;0;3900;3923;30
30.04.2026;07:48:35;5,1;41,9;4,7;-9;36;1019;0;0;3879;3919;30
30.04.2026;07:48:36;5,1;41,9;4,7;-9;36;1019;0;0;3897;3920;30
30.04.2026;07:48:37;5,2;41,9;4,7;-9;36;1018;0;0;3901;3925;30
30.04.2026;07:48:38;5,2;41,9;4,7;-9;36;1019;0;0;3898;3924;30
30.04.2026;07:48:39;5,2;41,9;4,7;-9;36;1019;0;0;3896;3922;30
30.04.2026;07:48:40;5,1;41,9;4,7;-9;36;1019;0;0;3899;3925;30
30.04.2026;07:48:41;5,1;41,9;4,7;-9;36;1019;0;0;3898;3923;30
30.04.2026;07:48:43;5,2;41,9;4,7;-9;36;1019;0;0;3903;3927;30
30.04.2026;07:48:44;5,2;41,9;4,7;-9;36;1019;0;0;3898;3922;30
30.04.2026;07:48:45;5,2;41,9;4,7;-9;36;1019;0;0;3898;3923;30
30.04.2026;07:48:46;5,2;41,9;4,7;-9;36;1019;0;0;3897;3921;30
30.04.2026;07:48:47;5,2;41,9;4,7;-9;36;1019;0;0;3876;3918;30
30.04.2026;07:48:48;5,2;41,9;4,7;-9;36;1019;0;0;3893;3919;30
30.04.2026;07:48:49;5,2;42;4,7;-9;36;1019;0;0;3896;3920;30
30.04.2026;07:48:50;5,2;42;4,7;-9;36;1019;0;0;3894;3920;30
30.04.2026;07:48:52;5,2;42;4,7;-9;36;1019;0;0;3878;3920;30
30.04.2026;07:48:53;5,2;42;4,7;-9;36;1019;0;0;3874;3917;30
30.04.2026;07:48:54;5,2;42;4,7;-9;36;1019;0;0;3872;3914;30
30.04.2026;07:48:55;5,2;42;4,7;-9;36;1019;0;0;3872;3916;30
30.04.2026;07:48:56;5,2;42;4,7;-9;36;1019;0;0;3875;3915;30
30.04.2026;07:48:57;5,2;42;4,7;-9;36;1019;0;0;3870;3894;30
30.04.2026;07:48:58;5,2;42;4,7;-9;36;1019;0;0;3866;3892;30
30.04.2026;07:48:59;5,2;42;4,7;-9;36;1019;0;0;3874;3915;30
30.04.2026;07:49:00;5,2;42;4,7;-9;36;1019;0;0;3872;3916;30
30.04.2026;07:49:01;5,2;42;4,7;-9;36;1019;0;0;3879;3922;30
30.04.2026;07:49:02;5,2;42;4,7;-9;36;1019;0;0;3897;3923;30
30.04.2026;07:49:03;5,2;42;4,7;-9;36;1019;0;0;3899;3925;30
30.04.2026;07:49:04;5,2;42,1;4,7;-9;36;1019;0;0;3899;3923;30
30.04.2026;07:49:05;5,2;42,1;4,7;-9;36;1019;0;0;3903;3927;30
30.04.2026;07:49:06;5,2;42,1;4,7;-9;36;1019;0;0;3902;3926;30
30.04.2026;07:49:07;5,2;42,1;4,7;-9;36;1019;0;0;3900;3924;30
30.04.2026;07:49:08;5,2;42,1;4,7;-9;36;1018;0;0;3900;3925;30
30.04.2026;07:49:09;5,2;42,1;4,7;-9;36;1019;0;0;3900;3923;30
30.04.2026;07:49:10;5,2;42,1;4,7;-9;36;1019;0;0;3898;3922;30
30.04.2026;07:49:11;5,2;42,1;4,7;-9;36;1018;0;0;3878;3917;30
30.04.2026;07:49:13;5,2;42,1;4,7;-9;36;1019;0;0;3878;3916;30
30.04.2026;07:49:14;5,2;42,1;4,7;-9;36;1019;0;0;3898;3923;30
30.04.2026;07:49:15;5,2;42,1;4,7;-9;36;1019;0;0;3897;3922;30
30.04.2026;07:49:16;5,2;42,1;4,7;-9;36;1019;0;0;3900;3925;30
30.04.2026;07:49:17;5,2;42,1;4,7;-9;36;1019;0;0;3900;3925;30
30.04.2026;07:49:18;5,2;42,1;4,7;-9;36;1019;0;0;3898;3922;30
30.04.2026;07:49:19;5,2;42,1;4,7;-9;36;1019;0;0;3899;3921;30
30.04.2026;07:49:20;5,2;42,1;4,7;-9;36;1019;0;0;3897;3919;30
30.04.2026;07:49:21;5,2;42,2;4,7;-9;36;1019;0;0;3896;3919;30
30.04.2026;07:49:22;5,2;42,2;4,7;-9;36;1019;0;0;3899;3923;30
30.04.2026;07:49:24;5,2;42,2;4,7;-9;36;1019;0;0;3903;3942;30
30.04.2026;07:49:24;5,2;42,2;4,7;-9;36;1018;0;0;3902;3941;30
30.04.2026;07:49:26;5,2;42,2;4,7;-9;36;1019;0;0;3899;3925;30
30.04.2026;07:49:27;5,2;42,2;4,7;-9;36;1019;0;0;3899;3924;30
30.04.2026;07:49:28;5,2;42,2;4,7;-9;36;1019;0;0;3900;3926;30
30.04.2026;07:49:29;5,2;42,2;4,7;-9;36;1019;0;0;3905;3947;30
30.04.2026;07:49:30;5,2;42,2;4,7;-9;36;1019;0;0;3904;3946;30
30.04.2026;07:49:31;5,2;42,2;4,7;-9;36;1018;0;0;3905;3927;30
30.04.2026;07:49:32;5,2;42,2;4,7;-9;36;1019;0;0;3906;3929;30
30.04.2026;07:49:34;5,2;42,2;4,7;-9;36;1019;0;0;3906;3946;30
30.04.2026;07:49:35;5,2;42,2;4,7;-9;36;1019;0;0;3905;3947;30
30.04.2026;07:49:36;5,2;42,2;4,7;-9;36;1019;0;0;3906;3946;30
30.04.2026;07:49:37;5,2;42,2;4,8;-9;36;1019;0;0;3902;3925;30
30.04.2026;07:49:38;5,2;42,3;4,7;-9;36;1019;0;0;3900;3922;30
30.04.2026;07:49:39;5,2;42,3;4,7;-9;36;1019;0;0;3897;3920;30
30.04.2026;07:49:40;5,2;42,3;4,8;-9;36;1019;0;0;3897;3919;30
30.04.2026;07:49:41;5,2;42,3;4,8;-9;36;1019;0;0;3897;3922;30
30.04.2026;07:49:42;5,2;42,3;4,8;-9;36;1019;0;0;3896;3921;30
30.04.2026;07:49:43;5,3;42,3;4,8;-9;36;1019;0;0;3900;3922;30
30.04.2026;07:49:45;5,3;42,3;4,8;-9;36;1019;0;0;3901;3924;30
30.04.2026;07:49:46;5,2;42,3;4,8;-9;36;1019;0;0;3900;3924;30
30.04.2026;07:49:47;5,2;42,3;4,8;-9;36;1019;0;0;3901;3923;30
30.04.2026;07:49:48;5,2;42,3;4,8;-9;36;1019;0;0;3899;3922;30
30.04.2026;07:49:49;5,2;42,3;4,8;-9;36;1019;0;0;3899;3920;30
30.04.2026;07:49:50;5,2;42,3;4,8;-9;36;1019;0;0;3894;3919;30
30.04.2026;07:49:51;5,3;42,3;4,8;-9;36;1019;0;0;3894;3918;30
30.04.2026;07:49:52;5,3;42,3;4,8;-9;36;1019;0;0;3900;3921;30
30.04.2026;07:49:53;5,3;42,3;4,8;-9;36;1019;0;0;3907;3928;30
30.04.2026;07:49:54;5,3;42,4;4,8;-9;36;1019;0;0;3906;3947;30
30.04.2026;07:49:55;5,3;42,4;4,8;-9;36;1019;0;0;3908;3947;30
30.04.2026;07:49:57;5,3;42,4;4,8;-9;36;1019;0;0;3905;3946;30
30.04.2026;07:49:58;5,3;42,4;4,8;-9;36;1019;0;0;3905;3930;30
30.04.2026;07:49:59;5,3;42,4;4,8;-9;36;1019;0;0;3901;3926;30
30.04.2026;07:50:00;5,3;42,4;4,8;-9;36;1019;0;0;3903;3925;30
30.04.2026;07:50:01;5,3;42,4;4,8;-9;36;1019;0;0;3901;3926;30
30.04.2026;07:50:02;5,3;42,4;4,8;-9;36;1019;0;0;3901;3926;30
30.04.2026;07:50:03;5,3;42,4;4,8;-9;36;1019;0;0;3904;3927;30
30.04.2026;07:50:04;5,3;42,4;4,8;-9;36;1018;0;0;3898;3922;30
30.04.2026;07:50:05;5,3;42,4;4,8;-9;36;1019;0;0;3899;3924;30
30.04.2026;07:50:07;5,3;42,4;4,8;-9;36;1019;0;0;3899;3921;30
30.04.2026;07:50:08;5,3;42,5;4,8;-9;36;1019;0;0;3897;3920;30
30.04.2026;07:50:09;5,3;42,5;4,8;-9;36;1019;0;0;3898;3922;30
30.04.2026;07:50:10;5,3;42,5;4,8;-9;36;1019;0;0;3903;3926;30
30.04.2026;07:50:11;5,3;42,5;4,8;-9;36;1019;0;0;3905;3946;30
30.04.2026;07:50:12;5,3;42,5;4,8;-9;36;1019;0;0;3907;3946;30
30.04.2026;07:50:13;5,3;42,5;4,8;-9;36;1019;0;0;3905;3929;30
30.04.2026;07:50:14;5,3;42,5;4,8;-9;36;1019;0;0;3902;3924;30
30.04.2026;07:50:15;5,3;42,5;4,8;-9;36;1019;0;0;3903;3943;30
30.04.2026;07:50:16;5,3;42,5;4,8;-9;36;1019;0;0;3904;3929;30
30.04.2026;07:50:17;5,3;42,5;4,8;-9;36;1018;0;0;3905;3947;30
30.04.2026;07:50:18;5,3;42,5;4,8;-9;36;1019;0;0;3902;3926;30
30.04.2026;07:50:20;5,3;42,5;4,8;-9;36;1019;0;0;3903;3928;30
30.04.2026;07:50:21;5,3;42,5;4,8;-9;36;1019;0;0;3905;3947;30
30.04.2026;07:50:22;5,3;42,6;4,8;-9;36;1019;0;0;3908;3947;30
30.04.2026;07:50:23;5,3;42,6;4,8;-9;36;1018;0;0;3924;3949;30
30.04.2026;07:50:24;5,3;42,6;4,8;-9;36;1018;0;0;3903;3926;30
30.04.2026;07:50:25;5,3;42,6;4,8;-9;36;1019;0;0;3899;3924;30
30.04.2026;07:50:26;5,3;42,6;4,8;-9;36;1019;0;0;3902;3924;30
30.04.2026;07:50:27;5,3;42,6;4,8;-9;36;1019;0;0;3901;3923;30
30.04.2026;07:50:28;5,3;42,6;4,8;-9;36;1019;0;0;3903;3926;30
30.04.2026;07:50:29;5,3;42,6;4,8;-9;36;1019;0;0;3900;3924;30
30.04.2026;07:50:30;5,3;42,6;4,8;-9;36;1018;0;0;3904;3927;30
30.04.2026;07:50:31;5,3;42,6;4,8;-9;36;1018;0;0;3902;3924;30
30.04.2026;07:50:33;5,3;42,6;4,8;-9;36;1019;0;0;3905;3944;30
30.04.2026;07:50:34;5,3;42,6;4,8;-9;36;1018;0;0;3905;3929;30
30.04.2026;07:50:35;5,3;42,7;4,8;-9;36;1018;0;0;3907;3930;30
30.04.2026;07:50:36;5,3;42,7;4,8;-9;36;1019;0;0;3904;3927;30
30.04.2026;07:50:37;5,3;42,7;4,8;-9;36;1019;0;0;3903;3927;30
30.04.2026;07:50:38;5,3;42,7;4,8;-9;36;1019;0;0;3900;3924;30
30.04.2026;07:50:39;5,3;42,7;4,8;-9;36;1019;0;0;3900;3922;30
30.04.2026;07:50:40;5,3;42,7;4,8;-9;36;1019;0;0;3900;3924;30
30.04.2026;07:50:41;5,3;42,7;4,8;-9;36;1019;0;0;3903;3925;30
30.04.2026;07:50:42;5,3;42,7;4,8;-9;36;1019;0;0;3902;3926;30
30.04.2026;07:50:43;5,3;42,7;4,8;-9;36;1019;0;0;3922;3946;30
30.04.2026;07:50:44;5,3;42,7;4,8;-9;36;1019;0;0;3907;3946;30
30.04.2026;07:50:46;5,3;42,7;4,8;-9;36;1019;0;0;3907;3947;30
30.04.2026;07:50:47;5,3;42,7;4,8;-9;36;1019;0;0;3909;3948;30
30.04.2026;07:50:48;5,3;42,7;4,8;-9;36;1019;0;0;3926;3950;30
30.04.2026;07:50:49;5,3;42,8;4,9;-9;36;1019;0;0;3927;3948;30
30.04.2026;07:50:50;5,3;42,8;4,8;-9;36;1019;0;0;3903;3927;30
30.04.2026;07:50:51;5,4;42,8;4,8;-9;36;1019;0;0;3899;3924;30
30.04.2026;07:50:52;5,4;42,8;4,8;-9;36;1018;0;0;3900;3922;30
30.04.2026;07:50:53;5,4;42,8;4,8;-9;36;1018;0;0;3896;3919;30
30.04.2026;07:50:55;5,4;42,8;4,8;-9;36;1019;0;0;3895;3920;30
30.04.2026;07:50:56;5,4;42,8;4,8;-9;36;1019;0;0;3896;3918;30
30.04.2026;07:50:57;5,4;42,8;4,8;-9;36;1019;0;0;3901;3925;30
30.04.2026;07:50:58;5,4;42,8;4,9;-9;36;1019;0;0;3905;3947;30
30.04.2026;07:50:59;5,4;42,8;4,9;-9;36;1019;0;0;3907;3948;30
30.04.2026;07:51:00;5,4;42,9;4,9;-9;36;1019;0;0;3906;3947;30
30.04.2026;07:51:01;5,4;42,9;4,9;-9;36;1019;0;0;3908;3948;30
30.04.2026;07:51:02;5,4;42,9;4,9;-9;36;1019;0;0;3905;3930;30
30.04.2026;07:51:03;5,4;42,9;4,9;-9;36;1019;0;0;3904;3928;30
30.04.2026;07:51:04;5,4;42,9;4,9;-9;36;1019;0;0;3901;3924;30
30.04.2026;07:51:06;5,4;42,9;4,9;-9;36;1019;0;0;3899;3921;30
30.04.2026;07:51:07;5,4;42,9;4,9;-9;36;1019;0;0;3901;3924;30
30.04.2026;07:51:08;5,4;42,9;4,9;-9;36;1019;0;0;3907;3929;30
30.04.2026;07:51:09;5,4;42,9;4,9;-9;36;1019;0;0;3905;3927;30
30.04.2026;07:51:10;5,4;42,9;4,9;-9;36;1019;0;0;3903;3925;30
30.04.2026;07:51:11;5,4;42,9;4,9;-9;36;1019;0;0;3901;3923;30
30.04.2026;07:51:12;5,4;42,9;4,9;-9;36;1019;0;0;3901;3924;30
30.04.2026;07:51:13;5,4;42,9;4,9;-9;36;1019;0;0;3902;3926;30
30.04.2026;07:51:14;5,4;42,9;4,9;-9;36;1019;0;0;3901;3926;30
30.04.2026;07:51:15;5,4;42,9;4,9;-9;36;1019;0;0;3902;3925;30
30.04.2026;07:51:16;5,4;42,9;4,9;-9;36;1019;0;0;3904;3943;30
30.04.2026;07:51:17;5,4;42,9;4,9;-9;36;1019;0;0;3903;3927;30
30.04.2026;07:51:18;5,4;42,9;4,9;-9;36;1019;0;0;3901;3925;30
30.04.2026;07:51:19;5,4;42,9;4,9;-9;36;1019;0;0;3905;3943;30
30.04.2026;07:51:21;5,4;42,9;4,9;-9;36;1018;0;0;3905;3926;30
30.04.2026;07:51:22;5,4;42,9;4,9;-9;36;1019;0;0;3900;3923;30
30.04.2026;07:51:23;5,4;42,9;4,9;-9;36;1019;0;0;3902;3924;30
30.04.2026;07:51:24;5,4;42,9;4,9;-9;36;1019;0;0;3901;3925;30
30.04.2026;07:51:25;5,4;42,9;4,9;-9;36;1019;0;0;3897;3920;30
30.04.2026;07:51:26;5,4;42,9;4,9;-9;36;1019;0;0;3905;3927;30
30.04.2026;07:51:28;5,4;42,9;4,9;-9;36;1019;0;0;3905;3927;30
30.04.2026;07:51:29;5,4;42,9;4,9;-9;36;1019;0;0;3900;3923;30
30.04.2026;07:51:30;5,4;42,9;4,9;-9;36;1019;0;0;3897;3921;30
30.04.2026;07:51:31;5,4;42,9;4,9;-9;36;1019;0;0;3897;3921;30
30.04.2026;07:51:32;5,4;42,9;4,9;-9;36;1019;0;0;3897;3922;30
30.04.2026;07:51:33;5,4;43;4,9;-9;36;1019;0;0;3898;3920;30
30.04.2026;07:51:34;5,4;43;4,9;-9;36;1019;0;0;3898;3922;30
30.04.2026;07:51:35;5,4;43;4,9;-9;36;1018;0;0;3878;3919;30
30.04.2026;07:51:36;5,4;43;4,9;-9;36;1019;0;0;3878;3916;30
30.04.2026;07:51:37;5,4;43;4,9;-9;36;1019;0;0;3877;3916;30
30.04.2026;07:51:38;5,4;43;4,9;-9;36;1019;0;0;3899;3923;30
30.04.2026;07:51:39;5,4;43;4,9;-9;36;1019;0;0;3900;3925;30
30.04.2026;07:51:40;5,4;43;4,9;-9;36;1019;0;0;3900;3922;30
30.04.2026;07:51:41;5,4;43;4,9;-9;36;1019;0;0;3880;3919;30
30.04.2026;07:51:42;5,4;43;4,9;-9;36;1019;0;0;3875;3914;30
30.04.2026;07:51:43;5,4;43;4,9;-9;36;1019;0;0;3876;3916;30
30.04.2026;07:51:45;5,4;43;4,9;-9;36;1019;0;0;3897;3918;30
30.04.2026;07:51:46;5,4;43;4,9;-9;36;1019;0;0;3880;3919;30
30.04.2026;07:51:47;5,4;43;4,9;-9;36;1018;0;0;3901;3924;30
30.04.2026;07:51:48;5,4;43;4,9;-9;36;1019;0;0;3900;3924;30
30.04.2026;07:51:49;5,4;43;4,9;-9;36;1019;0;0;3904;3927;30
30.04.2026;07:51:50;5,4;43;4,9;-9;36;1019;0;0;3906;3948;30
30.04.2026;07:51:51;5,4;43;4,9;-9;36;1019;0;0;3909;3948;30
30.04.2026;07:51:52;5,4;43;4,9;-9;36;1019;0;0;3905;3929;30
30.04.2026;07:51:53;5,4;43;4,9;-9;36;1019;0;0;3904;3946;30
30.04.2026;07:51:54;5,4;43;4,9;-9;36;1018;0;0;3903;3929;30
30.04.2026;07:51:55;5,4;43;4,9;-9;36;1018;0;0;3904;3945;30
30.04.2026;07:51:56;5,4;43;4,9;-9;36;1019;0;0;3903;3926;30
30.04.2026;07:51:58;5,4;43;4,9;-9;36;1018;0;0;3902;3927;30
30.04.2026;07:51:59;5,4;43;4,9;-9;36;1018;0;0;3900;3940;30
30.04.2026;07:52:00;5,4;43;4,9;-9;36;1019;0;0;3900;3922;30
30.04.2026;07:52:01;5,4;43;4,9;-9;36;1018;0;0;3901;3926;30
30.04.2026;07:52:02;5,4;43;4,9;-9;36;1019;0;0;3903;3926;30
30.04.2026;07:52:03;5,4;43;4,9;-9;36;1019;0;0;3897;3922;30
30.04.2026;07:52:04;5,4;43;4,9;-9;36;1019;0;0;3899;3922;30
30.04.2026;07:52:05;5,5;43;4,9;-9;36;1019;0;0;3899;3921;30
30.04.2026;07:52:06;5,5;43;5;-8;36;1019;0;0;3900;3923;30
30.04.2026;07:52:07;5,5;43;4,9;-9;36;1019;0;0;3902;3925;30
30.04.2026;07:52:08;5,4;43;5;-8;36;1019;0;0;3904;3929;30
30.04.2026;07:52:09;5,4;43;4,9;-9;36;1019;0;0;3907;3930;30
30.04.2026;07:52:10;5,5;43,1;4,9;-9;36;1019;0;0;3906;3947;30
30.04.2026;07:52:12;5,5;43,1;4,9;-9;36;1019;0;0;3905;3947;30
30.04.2026;07:52:13;5,5;43,1;5;-8;36;1019;0;0;3905;3946;30
30.04.2026;07:52:14;5,4;43,1;4,9;-9;36;1018;0;0;3905;3928;30
30.04.2026;07:52:15;5,4;43,1;4,9;-9;36;1018;0;0;3902;3924;30
30.04.2026;07:52:16;5,4;43,1;4,9;-9;36;1019;0;0;3895;3917;30
30.04.2026;07:52:17;5,5;43,1;5;-8;36;1019;0;0;3873;3914;30
30.04.2026;07:52:18;5,5;43,1;5;-8;36;1019;0;0;3871;3896;30
30.04.2026;07:52:19;5,5;43,1;5;-8;36;1018;0;0;3877;3918;30
30.04.2026;07:52:20;5,5;43,1;5;-8;36;1019;0;0;3878;3917;30
30.04.2026;07:52:21;5,5;43,1;5;-8;36;1019;0;0;3876;3916;30
30.04.2026;07:52:22;5,5;43,2;5;-8;36;1019;0;0;3895;3918;30
30.04.2026;07:52:23;5,5;43,2;5;-8;36;1018;0;0;3894;3919;30
30.04.2026;07:52:24;5,5;43,2;5;-8;36;1019;0;0;3900;3925;30
30.04.2026;07:52:25;5,5;43,2;5;-8;36;1019;0;0;3901;3941;30
30.04.2026;07:52:26;5,5;43,2;5;-8;36;1019;0;0;3903;3926;30
30.04.2026;07:52:27;5,5;43,2;5;-8;36;1018;0;0;3900;3926;30
30.04.2026;07:52:29;5,5;43,2;5;-8;36;1019;0;0;3900;3925;30
30.04.2026;07:52:30;5,5;43,2;5;-8;36;1019;0;0;3904;3928;30
30.04.2026;07:52:31;5,5;43,2;5;-8;36;1019;0;0;3904;3928;30
30.04.2026;07:52:32;5,5;43,2;5;-8;36;1019;0;0;3909;3948;30
30.04.2026;07:52:33;5,5;43,2;5;-8;36;1019;0;0;3925;3950;30
30.04.2026;07:52:34;5,5;43,2;5;-8;36;1019;0;0;3907;3948;30
30.04.2026;07:52:35;5,5;43,2;5;-8;36;1019;0;0;3909;3947;30
30.04.2026;07:52:36;5,5;43,2;5;-8;36;1019;0;0;3904;3929;30
30.04.2026;07:52:37;5,5;43,2;5;-8;36;1019;0;0;3905;3927;30
30.04.2026;07:52:38;5,5;43,2;5;-8;36;1019;0;0;3905;3928;30
30.04.2026;07:52:39;5,5;43,2;5;-8;36;1019;0;0;3902;3926;30
30.04.2026;07:52:40;5,5;43,2;5;-8;36;1019;0;0;3904;3927;30
30.04.2026;07:52:41;5,5;43,2;5;-8;36;1019;0;0;3905;3927;30
30.04.2026;07:52:42;5,5;43,2;5;-8;36;1019;0;0;3902;3925;30
30.04.2026;07:52:43;5,5;43,2;5;-8;36;1019;0;0;3904;3927;30
30.04.2026;07:52:45;5,5;43,2;5;-8;36;1019;0;0;3923;3947;30
30.04.2026;07:52:45;5,5;43,2;5;-8;36;1019;0;0;3906;3947;30
30.04.2026;07:52:47;5,5;43,2;5;-8;36;1019;0;0;3907;3947;30
30.04.2026;07:52:48;5,5;43,2;5;-8;36;1019;0;0;3906;3946;30
30.04.2026;07:52:49;5,5;43,2;5;-8;36;1018;0;0;3902;3943;30
30.04.2026;07:52:50;5,5;43,2;5;-8;36;1019;0;0;3900;3926;30
30.04.2026;07:52:51;5,5;43,2;5;-8;36;1019;0;0;3903;3927;30
30.04.2026;07:52:52;5,5;43,1;5;-8;36;1019;0;0;3903;3928;30
30.04.2026;07:52:53;5,5;43,1;5;-8;36;1018;0;0;3900;3925;30
30.04.2026;07:52:54;5,5;43,1;5;-8;36;1019;0;0;3900;3923;30
30.04.2026;07:52:55;5,5;43,1;5;-8;36;1018;0;0;3897;3921;30
30.04.2026;07:52:56;5,5;43,1;5;-8;36;1019;0;0;3902;3927;30
30.04.2026;07:52:57;5,5;43,1;5;-8;36;1019;0;0;3903;3927;30
30.04.2026;07:52:58;5,5;43,1;5;-8;36;1018;0;0;3898;3923;30
30.04.2026;07:53:00;5,5;43,1;5;-8;36;1019;0;0;3900;3923;30
30.04.2026;07:53:01;5,5;43,1;5;-8;36;1019;0;0;3900;3922;30
30.04.2026;07:53:02;5,5;43,1;5;-8;36;1018;0;0;3897;3922;30
30.04.2026;07:53:03;5,5;43,2;5;-8;36;1018;0;0;3899;3923;30
30.04.2026;07:53:04;5,5;43,2;5;-8;36;1019;0;0;3897;3922;30
30.04.2026;07:53:05;5,5;43,2;5;-8;36;1019;0;0;3896;3920;30
30.04.2026;07:53:06;5,5;43,2;5;-8;36;1018;0;0;3878;3919;30
30.04.2026;07:53:07;5,5;43,2;5;-8;36;1019;0;0;3893;3918;30
30.04.2026;07:53:08;5,5;43,2;5;-8;36;1018;0;0;3875;3916;30
30.04.2026;07:53:09;5,5;43,2;5;-8;36;1019;0;0;3874;3896;30
30.04.2026;07:53:10;5,5;43,2;5;-8;36;1018;0;0;3895;3919;30
30.04.2026;07:53:11;5,6;43,2;5;-8;36;1018;0;0;3877;3918;30
30.04.2026;07:53:12;5,6;43,2;5;-8;36;1019;0;0;3873;3915;30
30.04.2026;07:53:13;5,6;43,2;5;-8;36;1018;0;0;3896;3919;30
30.04.2026;07:53:14;5,6;43,2;5;-8;36;1019;0;0;3897;3920;30
30.04.2026;07:53:16;5,6;43,2;5;-8;36;1018;0;0;3895;3920;30
30.04.2026;07:53:17;5,6;43,2;5;-8;36;1019;0;0;3899;3923;30
30.04.2026;07:53:18;5,6;43,2;5;-8;36;1018;0;0;3897;3922;30
30.04.2026;07:53:19;5,6;43,2;5;-8;36;1019;0;0;3901;3923;30
30.04.2026;07:53:20;5,6;43,2;5;-8;36;1018;0;0;3898;3921;30
30.04.2026;07:53:21;5,6;43,2;5;-8;36;1019;0;0;3899;3924;30
30.04.2026;07:53:22;5,6;43,2;5;-8;36;1019;0;0;3903;3929;30
30.04.2026;07:53:23;5,6;43,2;5,1;-8;36;1018;0;0;3902;3926;30
30.04.2026;07:53:24;5,6;43,2;5,1;-8;36;1019;0;0;3900;3925;30
30.04.2026;07:53:25;5,6;43,2;5;-8;36;1018;0;0;3901;3925;30
30.04.2026;07:53:27;5,6;43,3;5;-8;36;1019;0;0;3901;3926;30
30.04.2026;07:53:28;5,6;43,3;5;-8;36;1018;0;0;3902;3926;30
30.04.2026;07:53:29;5,6;43,3;5,1;-8;36;1018;0;0;3902;3927;30
30.04.2026;07:53:30;5,6;43,3;5,1;-8;36;1018;0;0;3903;3928;30
30.04.2026;07:53:31;5,6;43,3;5,1;-8;36;1018;0;0;3905;3928;30
30.04.2026;07:53:32;5,6;43,3;5,1;-8;36;1019;0;0;3905;3947;30
30.04.2026;07:53:33;5,6;43,3;5,1;-8;36;1019;0;0;3907;3946;30
30.04.2026;07:53:34;5,6;43,3;5,1;-8;36;1019;0;0;3907;3946;30
30.04.2026;07:53:35;5,6;43,3;5,1;-8;36;1018;0;0;3902;3941;30
30.04.2026;07:53:36;5,6;43,3;5,1;-8;36;1018;0;0;3899;3923;30
30.04.2026;07:53:38;5,6;43,3;5,1;-8;36;1019;0;0;3901;3925;30
30.04.2026;07:53:39;5,6;43,3;5,1;-8;36;1019;0;0;3906;3945;30
30.04.2026;07:53:40;5,6;43,3;5,1;-8;36;1019;0;0;3900;3925;30
30.04.2026;07:53:41;5,6;43,3;5,1;-8;36;1019;0;0;3899;3924;30
30.04.2026;07:53:42;5,6;43,3;5,1;-8;36;1019;0;0;3897;3920;30
30.04.2026;07:53:43;5,6;43,3;5,1;-8;36;1018;0;0;3872;3913;30
30.04.2026;07:53:44;5,6;43,3;5,1;-8;36;1018;0;0;3878;3917;30
30.04.2026;07:53:45;5,6;43,3;5,1;-8;36;1018;0;0;3895;3920;30
30.04.2026;07:53:46;5,6;43,3;5,1;-8;36;1018;0;0;3874;3916;30
30.04.2026;07:53:48;5,6;43,3;5,1;-8;36;1018;0;0;3899;3922;30
30.04.2026;07:53:49;5,6;43,3;5,1;-8;36;1019;0;0;3897;3922;30
30.04.2026;07:53:50;5,6;43,3;5,1;-8;36;1018;0;0;3893;3917;30
30.04.2026;07:53:51;5,6;43,3;5,1;-8;36;1018;0;0;3895;3919;30
30.04.2026;07:53:52;5,6;43,3;5,1;-8;36;1019;0;0;3904;3926;30
30.04.2026;07:53:53;5,6;43,3;5,1;-8;36;1019;0;0;3903;3927;30
30.04.2026;07:53:54;5,6;43,3;5,1;-8;36;1018;0;0;3900;3924;30
30.04.2026;07:53:55;5,6;43,3;5,1;-8;36;1018;0;0;3898;3922;30
30.04.2026;07:53:56;5,6;43,3;5,1;-8;36;1019;0;0;3898;3925;30
30.04.2026;07:53:57;5,6;43,4;5,1;-8;36;1019;0;0;3898;3922;30
30.04.2026;07:53:58;5,6;43,4;5,1;-8;36;1018;0;0;3900;3923;30
30.04.2026;07:54:00;5,6;43,4;5,1;-8;36;1019;0;0;3900;3923;30
30.04.2026;07:54:01;5,6;43,4;5,1;-8;36;1019;0;0;3896;3920;30
30.04.2026;07:54:02;5,6;43,4;5,1;-8;36;1018;0;0;3876;3916;30
30.04.2026;07:54:03;5,6;43,4;5,1;-8;36;1018;0;0;3873;3915;30
30.04.2026;07:54:04;5,6;43,4;5,2;-8;36;1019;0;0;3871;3911;30
30.04.2026;07:54:05;5,6;43,4;5,1;-8;36;1018;0;0;3895;3921;30
30.04.2026;07:54:06;5,6;43,4;5,1;-8;36;1019;0;0;3897;3922;30
30.04.2026;07:54:07;5,6;43,4;5,1;-8;36;1019;0;0;3899;3924;30
30.04.2026;07:54:08;5,6;43,4;5,1;-8;36;1019;0;0;3898;3921;30
30.04.2026;07:54:09;5,6;43,4;5,1;-8;36;1018;0;0;3895;3920;30
30.04.2026;07:54:10;5,6;43,4;5,1;-8;36;1018;0;0;3898;3922;30
30.04.2026;07:54:11;5,6;43,4;5,1;-8;36;1018;0;0;3899;3922;30
30.04.2026;07:54:12;5,6;43,4;5,1;-8;36;1018;0;0;3893;3918;30
30.04.2026;07:54:13;5,6;43,4;5,1;-8;36;1018;0;0;3893;3919;30
30.04.2026;07:54:14;5,7;43,4;5,1;-8;36;1018;0;0;3893;3920;30
30.04.2026;07:54:15;5,7;43,4;5,1;-8;36;1018;0;0;3895;3921;30
30.04.2026;07:54:16;5,7;43,4;5,1;-8;36;1018;0;0;3899;3922;30
30.04.2026;07:54:18;5,7;43,4;5,1;-8;36;1018;0;0;3897;3921;30
30.04.2026;07:54:19;5,7;43,4;5,1;-8;36;1018;0;0;3898;3922;30
30.04.2026;07:54:20;5,7;43,4;5,1;-8;36;1018;0;0;3898;3922;30
30.04.2026;07:54:21;5,7;43,4;5,1;-8;36;1019;0;0;3899;3925;30
30.04.2026;07:54:22;5,7;43,5;5,1;-8;36;1018;0;0;3899;3924;30
30.04.2026;07:54:23;5,7;43,5;5,1;-8;36;1018;0;0;3899;3925;30
30.04.2026;07:54:24;5,7;43,5;5,2;-8;36;1019;0;0;3900;3941;30
30.04.2026;07:54:25;5,7;43,5;5,1;-8;36;1019;0;0;3899;3926;30
30.04.2026;07:54:26;5,7;43,5;5,1;-8;36;1018;0;0;3901;3927;30
30.04.2026;07:54:27;5,7;43,5;5,1;-8;36;1018;0;0;3899;3925;30
30.04.2026;07:54:28;5,7;43,5;5,1;-8;36;1018;0;0;3898;3925;30
30.04.2026;07:54:30;5,7;43,5;5,1;-8;36;1019;0;0;3898;3924;30
30.04.2026;07:54:31;5,7;43,5;5,2;-8;36;1019;0;0;3901;3925;30
30.04.2026;07:54:32;5,7;43,5;5,1;-8;36;1018;0;0;3899;3940;30
30.04.2026;07:54:33;5,7;43,5;5,1;-8;36;1018;0;0;3897;3923;30
30.04.2026;07:54:34;5,7;43,5;5,1;-8;36;1019;0;0;3897;3921;30
30.04.2026;07:54:35;5,7;43,5;5,1;-8;36;1019;0;0;3895;3922;30
30.04.2026;07:54:36;5,7;43,5;5,2;-8;36;1019;0;0;3877;3918;30
30.04.2026;07:54:37;5,7;43,5;5,2;-8;36;1018;0;0;3878;3919;30
30.04.2026;07:54:38;5,7;43,5;5,2;-8;36;1019;0;0;3898;3923;30
30.04.2026;07:54:39;5,7;43,5;5,1;-8;36;1019;0;0;3899;3926;30
30.04.2026;07:54:41;5,7;43,5;5,3;-8;36;1019;0;0;3900;3925;30
30.04.2026;07:54:42;5,7;43,5;5,2;-8;36;1019;0;0;3893;3919;30
30.04.2026;07:54:43;5,7;43,5;5,2;-8;36;1019;0;0;3899;3923;30
30.04.2026;07:54:44;5,7;43,4;5,2;-8;36;1019;0;0;3878;3917;30
30.04.2026;07:54:45;5,7;43,4;5,2;-8;36;1018;0;0;3892;3918;30
30.04.2026;07:54:46;5,7;43,4;5,2;-8;36;1019;0;0;3897;3922;30
30.04.2026;07:54:47;5,7;43,4;5,2;-8;36;1019;0;0;3895;3919;30
30.04.2026;07:54:48;5,7;43,4;5,2;-8;36;1018;0;0;3874;3916;30
30.04.2026;07:54:49;5,7;43,3;5,2;-8;36;1018;0;0;3876;3915;30
30.04.2026;07:54:51;5,7;43,3;5,2;-8;36;1018;0;0;3871;3895;30
30.04.2026;07:54:52;5,7;43,3;5,2;-8;36;1019;0;0;3870;3894;30
30.04.2026;07:54:53;5,7;43,3;5,2;-8;36;1019;0;0;3867;3892;30
30.04.2026;07:54:54;5,7;43,3;5,2;-8;36;1019;0;0;3866;3889;30
30.04.2026;07:54:55;5,8;43,3;5,2;-8;36;1019;0;0;3868;3894;30
30.04.2026;07:54:56;5,8;43,3;5,2;-8;36;1019;0;0;3877;3916;30
30.04.2026;07:54:57;5,8;43,2;5,2;-8;36;1019;0;0;3873;3896;30
30.04.2026;07:54:58;5,8;43,2;5,2;-8;36;1019;0;0;3873;3898;30
30.04.2026;07:54:59;5,8;43,2;5,2;-8;36;1019;0;0;3878;3917;30
30.04.2026;07:55:00;5,8;43,2;5,2;-8;36;1019;0;0;3895;3920;30
30.04.2026;07:55:01;5,8;43,2;5,2;-8;36;1019;0;0;3897;3920;30
30.04.2026;07:55:02;5,8;43,2;5,2;-8;36;1019;0;0;3900;3923;30
30.04.2026;07:55:03;5,8;43,2;5,2;-8;36;1018;0;0;3900;3925;30
30.04.2026;07:55:05;5,8;43,2;5,2;-8;36;1018;0;0;3899;3921;30
30.04.2026;07:55:06;5,8;43,2;5,2;-8;36;1018;0;0;3895;3917;30
30.04.2026;07:55:07;5,8;43,2;5,2;-8;36;1018;0;0;3877;3917;30
30.04.2026;07:55:08;5,8;43,2;5,2;-8;36;1019;0;0;3898;3919;30
30.04.2026;07:55:09;5,8;43,2;5,2;-8;36;1019;0;0;3898;3922;30
30.04.2026;07:55:10;5,8;43,2;5,2;-8;36;1019;0;0;3900;3924;30
30.04.2026;07:55:11;5,8;43,2;5,2;-8;36;1019;0;0;3898;3922;30
30.04.2026;07:55:12;5,8;43,2;5,2;-8;36;1018;0;0;3900;3922;30
30.04.2026;07:55:13;5,8;43,2;5,2;-8;36;1019;0;0;3893;3917;30
30.04.2026;07:55:15;5,8;43,2;5,2;-8;36;1018;0;0;3876;3914;30
30.04.2026;07:55:16;5,8;43,2;5,2;-8;36;1018;0;0;3876;3916;30
30.04.2026;07:55:17;5,8;43,2;5,2;-8;36;1019;0;0;3875;3914;30
30.04.2026;07:55:18;5,8;43,2;5,2;-8;36;1019;0;0;3869;3893;30
30.04.2026;07:55:19;5,8;43,2;5,2;-8;36;1019;0;0;3868;3891;30
30.04.2026;07:55:20;5,8;43,2;5,2;-8;36;1019;0;0;3876;3916;30
30.04.2026;07:55:21;5,8;43,2;5,2;-8;36;1019;0;0;3876;3914;30
30.04.2026;07:55:22;5,8;43,2;5,2;-8;36;1019;0;0;3896;3916;30
30.04.2026;07:55:23;5,8;43,2;5,2;-8;36;1018;0;0;3897;3919;30
30.04.2026;07:55:24;5,8;43,3;5,2;-8;36;1019;0;0;3901;3922;30
30.04.2026;07:55:25;5,8;43,3;5,2;-8;36;1019;0;0;3900;3922;30
30.04.2026;07:55:26;5,8;43,3;5,2;-8;36;1018;0;0;3900;3922;30
30.04.2026;07:55:28;5,8;43,3;5,2;-8;36;1019;0;0;3901;3925;30
30.04.2026;07:55:29;5,8;43,3;5,2;-8;36;1018;0;0;3901;3925;30
30.04.2026;07:55:30;5,8;43,3;5,2;-8;36;1019;0;0;3901;3922;30
30.04.2026;07:55:31;5,8;43,3;5,2;-8;36;1019;0;0;3898;3919;30
30.04.2026;07:55:32;5,8;43,3;5,2;-8;36;1018;0;0;3897;3919;30
30.04.2026;07:55:33;5,8;43,3;5,2;-8;36;1018;0;0;3897;3918;30
30.04.2026;07:55:34;5,8;43,3;5,2;-8;36;1019;0;0;3892;3914;30
30.04.2026;07:55:35;5,8;43,3;5,2;-8;36;1019;0;0;3895;3920;30
30.04.2026;07:55:36;5,8;43,3;5,2;-8;36;1018;0;0;3897;3919;30
30.04.2026;07:55:37;5,8;43,3;5,2;-8;36;1018;0;0;3899;3921;30
30.04.2026;07:55:38;5,8;43,3;5,2;-8;36;1018;0;0;3895;3919;30
30.04.2026;07:55:39;5,8;43,3;5,3;-8;36;1018;0;0;3874;3915;30
30.04.2026;07:55:41;5,8;43,3;5,2;-8;36;1018;0;0;3873;3894;30
30.04.2026;07:55:42;5,8;43,3;5,2;-8;36;1018;0;0;3870;3892;30
30.04.2026;07:55:43;5,8;43,3;5,2;-8;36;1018;0;0;3871;3910;30
30.04.2026;07:55:44;5,8;43,3;5,3;-8;36;1019;0;0;3876;3898;30
30.04.2026;07:55:45;5,8;43,3;5,2;-8;36;1018;0;0;3874;3896;30
30.04.2026;07:55:46;5,8;43,3;5,2;-8;36;1018;0;0;3874;3898;30
30.04.2026;07:55:47;5,8;43,4;5,3;-8;36;1019;0;0;3875;3898;30
30.04.2026;07:55:48;5,8;43,4;5,3;-8;36;1019;0;0;3894;3916;30
30.04.2026;07:55:49;5,8;43,4;5,3;-8;36;1019;0;0;3894;3918;30
30.04.2026;07:55:50;5,8;43,4;5,3;-8;36;1019;0;0;3876;3896;30
30.04.2026;07:55:51;5,8;43,4;5,3;-8;36;1019;0;0;3874;3895;30
30.04.2026;07:55:52;5,9;43,4;5,2;-8;36;1018;0;0;3871;3893;30
30.04.2026;07:55:53;5,9;43,4;5,3;-8;36;1019;0;0;3873;3896;30
30.04.2026;07:55:54;5,9;43,4;5,3;-8;36;1018;0;0;3897;3917;30
30.04.2026;07:55:55;5,9;43,4;5,3;-8;36;1018;0;0;3895;3919;30
30.04.2026;07:55:56;5,9;43,4;5,3;-8;36;1019;0;0;3893;3917;30
30.04.2026;07:55:57;5,9;43,4;5,2;-8;36;1018;0;0;3875;3913;30
30.04.2026;07:55:59;5,9;43,4;5,3;-8;36;1018;0;0;3873;3897;30
30.04.2026;07:56:00;5,9;43,4;5,3;-8;36;1018;0;0;3876;3897;30
30.04.2026;07:56:01;5,9;43,5;5,3;-8;36;1019;0;0;3874;3914;30
30.04.2026;07:56:02;5,9;43,5;5,3;-8;36;1019;0;0;3875;3915;30
30.04.2026;07:56:03;5,9;43,5;5,3;-8;36;1018;0;0;3876;3914;30
30.04.2026;07:56:04;5,9;43,5;5,3;-8;36;1018;0;0;3894;3916;30
30.04.2026;07:56:05;5,9;43,5;5,3;-8;36;1018;0;0;3893;3918;30
30.04.2026;07:56:06;5,9;43,5;5,3;-8;36;1019;0;0;3878;3916;30
30.04.2026;07:56:07;5,9;43,5;5,3;-8;36;1018;0;0;3875;3916;30
30.04.2026;07:56:08;5,9;43,5;5,3;-8;36;1019;0;0;3879;3917;30
30.04.2026;07:56:09;5,9;43,5;5,3;-8;36;1019;0;0;3876;3917;30
30.04.2026;07:56:10;5,9;43,5;5,3;-8;36;1019;0;0;3893;3917;30
30.04.2026;07:56:11;5,9;43,5;5,3;-8;36;1018;0;0;3895;3919;30
30.04.2026;07:56:12;5,9;43,5;5,3;-8;36;1018;0;0;3897;3919;30
30.04.2026;07:56:13;5,9;43,5;5,3;-8;36;1018;0;0;3896;3918;30
30.04.2026;07:56:15;5,9;43,6;5,3;-8;36;1018;0;0;3897;3919;30
30.04.2026;07:56:16;5,9;43,6;5,3;-8;36;1018;0;0;3899;3920;30
30.04.2026;07:56:17;5,9;43,6;5,3;-8;36;1019;0;0;3898;3921;30
30.04.2026;07:56:18;5,9;43,6;5,3;-8;36;1018;0;0;3896;3919;30
30.04.2026;07:56:19;5,9;43,6;5,3;-8;36;1019;0;0;3897;3919;30
30.04.2026;07:56:20;5,9;43,6;5,3;-8;36;1019;0;0;3878;3917;30
30.04.2026;07:56:21;5,9;43,6;5,3;-8;36;1019;0;0;3876;3916;30
30.04.2026;07:56:22;5,9;43,6;5,3;-8;36;1018;0;0;3875;3914;30
30.04.2026;07:56:23;5,9;43,6;5,3;-8;36;1019;0;0;3875;3915;30
30.04.2026;07:56:25;5,9;43,6;5,3;-8;36;1018;0;0;3895;3920;30
30.04.2026;07:56:26;5,9;43,6;5,3;-8;36;1018;0;0;3896;3920;30
30.04.2026;07:56:27;5,9;43,6;5,3;-8;36;1018;0;0;3894;3920;30
30.04.2026;07:56:28;5,9;43,6;5,3;-8;36;1018;0;0;3897;3922;30
30.04.2026;07:56:29;5,9;43,6;5,3;-8;36;1019;0;0;3896;3919;30
30.04.2026;07:56:30;5,9;43,6;5,3;-8;36;1019;0;0;3899;3922;30
30.04.2026;07:56:31;5,9;43,6;5,3;-8;36;1018;0;0;3899;3922;30
30.04.2026;07:56:32;5,9;43,6;5,3;-8;36;1018;0;0;3897;3920;30
30.04.2026;07:56:33;5,9;43,6;5,3;-8;36;1019;0;0;3899;3923;30
30.04.2026;07:56:35;5,9;43,6;5,3;-8;36;1019;0;0;3898;3923;30
30.04.2026;07:56:36;5,9;43,6;5,3;-8;36;1019;0;0;3896;3919;30
30.04.2026;07:56:37;5,9;43,6;5,3;-8;36;1018;0;0;3894;3918;30
30.04.2026;07:56:38;5,9;43,6;5,3;-8;36;1018;0;0;3897;3920;30
30.04.2026;07:56:40;5,9;43,6;5,3;-8;36;1018;0;0;3895;3920;30
30.04.2026;07:56:41;5,9;43,6;5,3;-8;36;1018;0;0;3901;3924;30
30.04.2026;07:56:42;5,9;43,6;5,3;-8;36;1019;0;0;3898;3923;30
30.04.2026;07:56:43;5,9;43,6;5,3;-8;36;1018;0;0;3902;3925;30
30.04.2026;07:56:44;5,9;43,6;5,3;-8;36;1018;0;0;3901;3926;30
30.04.2026;07:56:45;5,9;43,7;5,3;-8;36;1019;0;0;3899;3924;30
30.04.2026;07:56:46;5,9;43,7;5,3;-8;36;1019;0;0;3900;3922;30
30.04.2026;07:56:47;5,9;43,7;5,3;-8;36;1018;0;0;3904;3927;30
30.04.2026;07:56:48;5,9;43,7;5,3;-8;36;1019;0;0;3903;3945;30
30.04.2026;07:56:50;5,9;43,7;5,4;-8;36;1019;0;0;3902;3926;30
30.04.2026;07:56:51;5,9;43,7;5,3;-8;36;1018;0;0;3898;3921;30
30.04.2026;07:56:52;5,9;43,7;5,3;-8;36;1018;0;0;3901;3926;30
30.04.2026;07:56:53;5,9;43,7;5,3;-8;36;1019;0;0;3901;3924;30
30.04.2026;07:56:54;5,9;43,7;5,3;-8;36;1019;0;0;3898;3923;30
30.04.2026;07:56:55;5,9;43,7;5,3;-8;36;1018;0;0;3899;3922;30
30.04.2026;07:56:56;5,9;43,7;5,3;-8;36;1018;0;0;3900;3923;30
30.04.2026;07:56:57;5,9;43,7;5,3;-8;36;1018;0;0;3900;3923;30
30.04.2026;07:56:58;5,9;43,7;5,4;-8;36;1019;0;0;3898;3922;30
30.04.2026;07:56:59;5,9;43,7;5,4;-8;36;1019;0;0;3900;3926;30
30.04.2026;07:57:00;5,9;43,8;5,4;-8;36;1018;0;0;3900;3923;30
30.04.2026;07:57:01;5,9;43,8;5,4;-8;36;1019;0;0;3897;3921;30
30.04.2026;07:57:03;5,9;43,8;5,4;-8;36;1018;0;0;3876;3915;30
30.04.2026;07:57:04;5,9;43,8;5,4;-8;36;1019;0;0;3871;3894;30
30.04.2026;07:57:05;5,9;43,8;5,4;-8;36;1018;0;0;3867;3892;30
30.04.2026;07:57:06;5,9;43,8;5,4;-8;36;1019;0;0;3873;3897;30
30.04.2026;07:57:07;6;43,8;5,4;-8;36;1018;0;0;3872;3914;30
30.04.2026;07:57:08;6;43,8;5,4;-8;36;1018;0;0;3876;3915;30
30.04.2026;07:57:09;6;43,8;5,4;-8;36;1018;0;0;3875;3917;30
30.04.2026;07:57:10;6;43,8;5,4;-8;36;1018;0;0;3873;3916;30
30.04.2026;07:57:11;6;43,8;5,4;-8;36;1018;0;0;3875;3916;30
30.04.2026;07:57:12;6;43,8;5,4;-8;36;1018;0;0;3873;3915;30
30.04.2026;07:57:13;6;43,8;5,4;-8;36;1018;0;0;3876;3917;30
30.04.2026;07:57:15;6;43,8;5,4;-8;36;1019;0;0;3875;3916;30
30.04.2026;07:57:16;6;43,8;5,4;-8;36;1019;0;0;3899;3925;30
30.04.2026;07:57:17;6;43,8;5,4;-8;36;1018;0;0;3899;3922;30
30.04.2026;07:57:18;6;43,9;5,4;-8;36;1018;0;0;3899;3922;30
30.04.2026;07:57:19;6;43,9;5,4;-8;36;1018;0;0;3896;3919;30
30.04.2026;07:57:20;6;43,9;5,4;-8;36;1019;0;0;3879;3921;30
30.04.2026;07:57:21;6;43,9;5,4;-8;36;1019;0;0;3896;3919;30
30.04.2026;07:57:22;6;43,9;5,4;-8;36;1018;0;0;3876;3916;30
30.04.2026;07:57:23;6;43,9;5,4;-8;36;1019;0;0;3876;3916;30
30.04.2026;07:57:24;6;43,9;5,4;-8;36;1019;0;0;3877;3916;30
30.04.2026;07:57:25;6;43,9;5,4;-8;36;1019;0;0;3876;3916;30
30.04.2026;07:57:27;6;43,9;5,4;-8;36;1018;0;0;3877;3918;30
30.04.2026;07:57:28;6;43,9;5,4;-8;36;1018;0;0;3876;3916;30
30.04.2026;07:57:29;6;43,9;5,4;-8;36;1018;0;0;3877;3916;30
30.04.2026;07:57:30;6;43,9;5,4;-8;36;1018;0;0;3895;3921;30
30.04.2026;07:57:31;6;43,9;5,4;-8;36;1018;0;0;3897;3920;30
30.04.2026;07:57:32;6;43,9;5,4;-8;36;1018;0;0;3897;3921;30
30.04.2026;07:57:33;6;44;5,4;-8;36;1018;0;0;3902;3927;30
30.04.2026;07:57:34;6;44;5,4;-8;36;1019;0;0;3897;3919;30
30.04.2026;07:57:35;6;44;5,4;-8;36;1019;0;0;3893;3919;30
30.04.2026;07:57:36;6;44;5,4;-8;36;1019;0;0;3878;3918;30
30.04.2026;07:57:37;6;44;5,4;-8;36;1019;0;0;3875;3916;30
30.04.2026;07:57:38;6;44;5,4;-8;36;1018;0;0;3874;3916;30
30.04.2026;07:57:39;6;44;5,4;-8;36;1018;0;0;3873;3898;30
30.04.2026;07:57:40;6;44;5,4;-8;36;1018;0;0;3875;3898;30
30.04.2026;07:57:41;6;44;5,4;-8;36;1018;0;0;3876;3917;30
30.04.2026;07:57:43;6;44;5,4;-8;36;1018;0;0;3876;3915;30
30.04.2026;07:57:44;6;44;5,4;-8;36;1019;0;0;3894;3920;30
30.04.2026;07:57:45;6;44;5,4;-8;36;1018;0;0;3899;3922;30
30.04.2026;07:57:46;6;44;5,4;-8;36;1019;0;0;3897;3920;30
30.04.2026;07:57:47;6;44;5,4;-8;36;1018;0;0;3893;3919;30
30.04.2026;07:57:48;6;44;5,4;-8;36;1019;0;0;3893;3918;30
30.04.2026;07:57:49;6;44;5,4;-8;36;1018;0;0;3877;3917;30
30.04.2026;07:57:50;6;44;5,4;-8;36;1018;0;0;3874;3914;30
30.04.2026;07:57:51;6;44;5,4;-8;36;1019;0;0;3869;3895;30
30.04.2026;07:57:52;6;44;5,4;-8;36;1018;0;0;3867;3892;30
30.04.2026;07:57:54;6;44;5,4;-8;36;1018;0;0;3867;3890;30
30.04.2026;07:57:55;6;44;5,4;-8;36;1018;0;0;3846;3886;30
30.04.2026;07:57:56;6;44;5,4;-8;36;1019;0;0;3838;3860;30
30.04.2026;07:57:57;6;44;5,4;-8;36;1018;0;0;3836;3861;30
30.04.2026;07:57:58;6;44,1;5,4;-8;36;1019;0;0;3836;3861;30
30.04.2026;07:57:59;6;44,1;5,4;-8;36;1018;0;0;3838;3863;30
30.04.2026;07:58:00;6,1;44;5,4;-8;36;1019;0;0;3839;3864;30
30.04.2026;07:58:02;6,1;44;5,4;-8;36;1019;0;0;3838;3864;30
30.04.2026;07:58:03;6,1;44;5,4;-8;36;1018;0;0;3841;3883;30
30.04.2026;07:58:04;6;44,1;5,4;-8;36;1019;0;0;3839;3862;30
30.04.2026;07:58:05;6;44,1;5,5;-8;36;1019;0;0;3836;3860;30
30.04.2026;07:58:06;6;44,1;5,5;-8;36;1019;0;0;3833;3858;30
30.04.2026;07:58:07;6,1;44,1;5,4;-8;36;1018;0;0;3832;3858;30
30.04.2026;07:58:08;6,1;44,1;5,5;-8;36;1019;0;0;3835;3875;30
30.04.2026;07:58:09;6,1;44,1;5,5;-8;36;1018;0;0;3837;3879;30
30.04.2026;07:58:10;6,1;44,1;5,5;-8;36;1019;0;0;3840;3863;30
30.04.2026;07:58:11;6,1;44,1;5,5;-8;36;1019;0;0;3846;3886;30
30.04.2026;07:58:13;6,1;44,1;5,5;-8;36;1018;0;0;3867;3890;30
30.04.2026;07:58:14;6,1;44,1;5,5;-8;36;1019;0;0;3868;3892;30
30.04.2026;07:58:15;6,1;44,1;5,5;-8;36;1018;0;0;3869;3894;30
30.04.2026;07:58:16;6,1;44,1;5,5;-8;36;1019;0;0;3872;3898;30
30.04.2026;07:58:17;6,1;44,1;5,5;-8;36;1019;0;0;3876;3917;30
30.04.2026;07:58:18;6,1;44,1;5,5;-8;36;1018;0;0;3897;3920;30
30.04.2026;07:58:19;6,1;44,1;5,5;-8;36;1018;0;0;3877;3919;30
30.04.2026;07:58:20;6,1;44,1;5,5;-8;36;1019;0;0;3877;3919;30
30.04.2026;07:58:21;6,1;44,1;5,5;-8;36;1019;0;0;3896;3921;30
30.04.2026;07:58:23;6,1;44,1;5,5;-8;36;1019;0;0;3899;3923;30
30.04.2026;07:58:24;6,1;44,1;5,5;-8;36;1019;0;0;3897;3922;30
30.04.2026;07:58:25;6,1;44,1;5,5;-8;36;1019;0;0;3905;3928;30
30.04.2026;07:58:26;6,1;44,1;5,5;-8;36;1018;0;0;3903;3947;30
30.04.2026;07:58:27;6,1;44,1;5,5;-8;36;1018;0;0;3905;3945;30
30.04.2026;07:58:28;6,1;44,1;5,5;-8;36;1018;0;0;3904;3928;30
30.04.2026;07:58:29;6,1;44,1;5,5;-8;36;1018;0;0;3900;3926;30
30.04.2026;07:58:30;6,1;44,1;5,5;-8;36;1018;0;0;3900;3925;30
30.04.2026;07:58:31;6,1;44,1;5,5;-8;36;1019;0;0;3904;3929;30
30.04.2026;07:58:32;6,1;44,1;5,5;-8;36;1019;0;0;3901;3942;30
30.04.2026;07:58:33;6,1;44,1;5,5;-8;36;1018;0;0;3900;3926;30
30.04.2026;07:58:34;6,1;44,1;5,5;-8;36;1019;0;0;3898;3924;30
30.04.2026;07:58:35;6,1;44,1;5,5;-8;36;1018;0;0;3897;3924;30
30.04.2026;07:58:36;6,1;44,1;5,5;-8;36;1018;0;0;3900;3924;30
30.04.2026;07:58:37;6,1;44,1;5,5;-8;36;1018;0;0;3904;3928;30
30.04.2026;07:58:38;6,1;44,1;5,5;-8;36;1018;0;0;3903;3929;30
30.04.2026;07:58:39;6,1;44,1;5,5;-8;36;1018;0;0;3905;3944;30
30.04.2026;07:58:41;6,1;44,1;5,5;-8;36;1018;0;0;3902;3945;30
30.04.2026;07:58:42;6,1;44,1;5,5;-8;36;1018;0;0;3905;3929;30
30.04.2026;07:58:43;6,1;44,1;5,5;-8;36;1019;0;0;3898;3924;30
30.04.2026;07:58:44;6,1;44,1;5,5;-8;36;1019;0;0;3896;3922;30
30.04.2026;07:58:45;6,1;44,2;5,5;-8;36;1019;0;0;3898;3922;30
30.04.2026;07:58:46;6,1;44,2;5,5;-8;36;1018;0;0;3899;3925;30
30.04.2026;07:58:47;6,1;44,2;5,5;-8;36;1018;0;0;3902;3927;30
30.04.2026;07:58:49;6,1;44,2;5,5;-8;36;1018;0;0;3904;3947;30
30.04.2026;07:58:50;6,1;44,2;5,5;-8;36;1019;0;0;3905;3929;30
30.04.2026;07:58:51;6,1;44,2;5,5;-8;36;1018;0;0;3905;3948;30
30.04.2026;07:58:52;6,1;44,2;5,5;-8;36;1018;0;0;3903;3929;30
30.04.2026;07:58:53;6,1;44,2;5,5;-8;36;1018;0;0;3904;3946;30
30.04.2026;07:58:54;6,1;44,2;5,6;-8;36;1019;0;0;3903;3945;30
30.04.2026;07:58:55;6,1;44,2;5,5;-8;36;1018;0;0;3903;3930;30
30.04.2026;07:58:56;6,1;44,2;5,5;-8;36;1018;0;0;3905;3946;30
30.04.2026;07:58:58;6,1;44,2;5,6;-8;36;1019;0;0;3906;3947;30
30.04.2026;07:58:59;6,1;44,2;5,5;-8;36;1019;0;0;3905;3948;30
30.04.2026;07:59:00;6,1;44,2;5,5;-8;36;1019;0;0;3906;3946;30
30.04.2026;07:59:01;6,1;44,2;5,7;-8;36;1019;0;0;3905;3928;30
30.04.2026;07:59:02;6,1;44,2;5,5;-8;36;1018;0;0;3903;3928;30
30.04.2026;07:59:03;6,1;44,2;5,5;-8;36;1019;0;0;3905;3928;30
30.04.2026;07:59:04;6,1;44,2;5,5;-8;36;1018;0;0;3900;3923;30
30.04.2026;07:59:05;6,1;44,2;5,5;-8;36;1018;0;0;3895;3921;30
30.04.2026;07:59:06;6,1;44,2;5,5;-8;36;1018;0;0;3896;3923;30
30.04.2026;07:59:08;6,1;44,2;5,5;-8;36;1018;0;0;3903;3927;30
30.04.2026;07:59:09;6,2;44,2;5,5;-8;36;1018;0;0;3903;3926;30
30.04.2026;07:59:10;6,2;44,2;5,5;-8;36;1018;0;0;3900;3926;30
30.04.2026;07:59:11;6,2;44,2;5,5;-8;36;1018;0;0;3901;3926;30
30.04.2026;07:59:12;6,2;44,2;5,5;-8;36;1019;0;0;3904;3928;30
30.04.2026;07:59:13;6,2;44,2;5,5;-8;36;1018;0;0;3902;3928;30
30.04.2026;07:59:14;6,2;44,2;5,5;-8;36;1018;0;0;3899;3925;30
30.04.2026;07:59:16;6,2;44,2;5,5;-8;36;1018;0;0;3893;3920;30
30.04.2026;07:59:17;6,2;44,2;5,5;-8;36;1018;0;0;3878;3921;30
30.04.2026;07:59:18;6,2;44,2;5,5;-8;36;1018;0;0;3897;3921;30
30.04.2026;07:59:19;6,2;44,2;5,5;-8;36;1019;0;0;3899;3924;30
30.04.2026;07:59:20;6,2;44,2;5,5;-8;36;1018;0;0;3904;3928;30
30.04.2026;07:59:21;6,2;44,2;5,5;-8;36;1018;0;0;3903;3928;30
30.04.2026;07:59:22;6,2;44,2;5,6;-8;36;1018;0;0;3906;3930;30
30.04.2026;07:59:23;6,2;44,2;5,5;-8;36;1018;0;0;3904;3930;30
30.04.2026;07:59:24;6,2;44,2;5,5;-8;36;1018;0;0;3901;3927;30
30.04.2026;07:59:25;6,2;44,2;5,5;-8;36;1018;0;0;3901;3925;30
30.04.2026;07:59:26;6,2;44,2;5,5;-8;36;1018;0;0;3904;3944;30
30.04.2026;07:59:27;6,2;44,2;5,5;-8;36;1018;0;0;3904;3947;30
30.04.2026;07:59:29;6,2;44,2;5,5;-8;36;1018;0;0;3900;3926;30
30.04.2026;07:59:30;6,2;44,2;5,6;-8;36;1019;0;0;3902;3928;30
30.04.2026;07:59:31;6,2;44,2;5,5;-8;36;1018;0;0;3905;3929;30
30.04.2026;07:59:32;6,2;44,2;5,6;-8;36;1018;0;0;3904;3946;30
30.04.2026;07:59:33;6,2;44,2;5,6;-8;36;1019;0;0;3904;3928;30
30.04.2026;07:59:34;6,2;44,2;5,5;-8;36;1018;0;0;3904;3947;30
30.04.2026;07:59:35;6,2;44,2;5,6;-8;36;1018;0;0;3905;3948;30
30.04.2026;07:59:36;6,2;44,2;5,5;-8;36;1018;0;0;3908;3947;30
30.04.2026;07:59:37;6,2;44,2;5,5;-8;36;1018;0;0;3905;3948;30
30.04.2026;07:59:38;6,2;44,2;5,5;-8;36;1018;0;0;3904;3927;30
30.04.2026;07:59:39;6,2;44,3;5,6;-8;36;1018;0;0;3899;3926;30
30.04.2026;07:59:41;6,2;44,3;5,6;-8;36;1018;0;0;3899;3923;30
30.04.2026;07:59:42;6,2;44,3;5,6;-8;36;1018;0;0;3895;3921;30
30.04.2026;07:59:43;6,2;44,3;5,6;-8;36;1018;0;0;3891;3917;30
30.04.2026;07:59:44;6,2;44,3;5,6;-8;36;1018;0;0;3872;3915;30
30.04.2026;07:59:45;6,2;44,3;5,6;-8;36;1019;0;0;3876;3917;30
30.04.2026;07:59:46;6,2;44,3;5,6;-8;36;1018;0;0;3874;3917;30
30.04.2026;07:59:47;6,2;44,3;5,6;-8;36;1018;0;0;3870;3894;30
30.04.2026;07:59:48;6,2;44,3;5,6;-8;36;1018;0;0;3866;3890;30
30.04.2026;07:59:49;6,2;44,3;5,6;-8;36;1018;0;0;3868;3892;30
30.04.2026;07:59:50;6,2;44,3;5,6;-8;36;1019;0;0;3873;3913;30
30.04.2026;07:59:51;6,2;44,3;5,6;-8;36;1018;0;0;3872;3897;30
30.04.2026;07:59:52;6,2;44,3;5,6;-8;36;1018;0;0;3872;3914;30
30.04.2026;07:59:54;6,2;44,3;5,6;-8;36;1018;0;0;3874;3914;30
30.04.2026;07:59:55;6,2;44,3;5,6;-8;36;1018;0;0;3873;3895;30
30.04.2026;07:59:56;6,2;44,3;5,6;-8;36;1018;0;0;3877;3917;30
30.04.2026;07:59:57;6,2;44,3;5,6;-8;36;1018;0;0;3871;3896;30
30.04.2026;07:59:58;6,2;44,3;5,6;-8;36;1019;0;0;3869;3895;30
30.04.2026;07:59:59;6,2;44,3;5,6;-8;36;1018;0;0;3865;3891;30
30.04.2026;08:00:00;6,2;44,3;5,6;-8;36;1018;0;0;3870;3893;30
30.04.2026;08:00:01;6,2;44,4;5,6;-8;36;1018;0;0;3871;3913;30
30.04.2026;08:00:02;6,2;44,4;5,6;-8;36;1018;0;0;3870;3896;30
30.04.2026;08:00:04;6,2;44,4;5,6;-8;36;1018;0;0;3873;3915;30
30.04.2026;08:00:05;6,2;44,4;5,6;-8;36;1019;0;0;;;0
30.04.2026;08:00:15;6,3;44,5;5,6;-8;36;1019;0;0;;;0
30.04.2026;08:00:16;6,3;44,5;5,6;-8;36;1019;0;0;;;0
30.04.2026;08:00:17;6,3;44,5;5,6;-8;36;1019;0;0;;;0
30.04.2026;08:00:18;6,3;44,5;5,6;-8;36;1018;0;0;;;0
30.04.2026;08:00:19;6,3;44,5;5,6;-8;36;1019;0;0;;;0
30.04.2026;08:00:20;6,3;44,5;5,6;-8;36;1019;0;0;;;0
30.04.2026;08:00:21;6,3;44,5;5,6;-8;36;1018;0;0;;;0
30.04.2026;08:00:23;6,3;44,5;5,6;-8;36;1019;0;0;;;0
30.04.2026;08:00:24;6,3;44,5;5,6;-8;36;1019;0;0;;;0
30.04.2026;08:00:25;6,3;44,5;5,6;-8;36;1018;0;0;;;0
30.04.2026;08:00:26;6,3;44,5;5,6;-8;36;1018;0;0;;;0
30.04.2026;08:00:27;6,3;44,5;5,6;-8;36;1018;0;0;;;0
30.04.2026;08:00:28;6,3;44,5;5,6;-8;36;1018;0;0;;;0
30.04.2026;08:00:29;6,3;44,6;5,6;-8;36;1019;0;0;;;0
30.04.2026;08:00:30;6,3;44,6;5,6;-8;36;1019;0;0;;;0
30.04.2026;08:00:31;6,3;44,6;5,6;-8;36;1018;0;0;;;0
30.04.2026;08:00:33;6,3;44,6;5,6;-8;36;1019;0;0;;;0
30.04.2026;08:00:34;6,3;44,6;5,6;-8;36;1018;0;0;;;0
30.04.2026;08:00:35;6,3;44,6;5,6;-8;36;1018;0;0;;;0
30.04.2026;08:00:36;6,3;44,6;5,6;-8;36;1018;0;0;;;0
30.04.2026;08:00:37;6,3;44,6;5,6;-8;36;1019;0;0;;;0
30.04.2026;08:00:39;6,3;44,6;5,6;-8;36;1019;0;0;;;0
30.04.2026;08:00:39;6,3;44,6;5,7;-8;36;1019;0;0;;;0
30.04.2026;08:00:40;6,3;44,6;5,6;-8;36;1018;0;0;;;0
30.04.2026;08:00:42;6,3;44,6;5,6;-8;36;1018;0;0;;;0
30.04.2026;08:00:43;6,3;44,6;5,6;-8;36;1019;0;0;;;0
30.04.2026;08:00:44;6,3;44,6;5,6;-8;36;1018;0;0;;;0
30.04.2026;08:00:45;6,3;44,6;5,6;-8;36;1019;0;0;;;0
30.04.2026;08:00:46;6,3;44,6;5,6;-8;36;1018;0;0;;;0
30.04.2026;08:00:47;6,3;44,6;5,6;-8;36;1019;0;0;;;0
30.04.2026;08:00:48;6,3;44,6;5,6;-8;36;1018;0;0;;;0
30.04.2026;08:00:49;6,3;44,6;5,6;-8;36;1019;0;0;;;0
30.04.2026;08:00:50;6,3;44,6;5,6;-8;36;1019;0;0;;;0
30.04.2026;08:00:51;6,3;44,6;5,6;-8;36;1018;0;0;;;0
30.04.2026;08:00:53;6,3;44,5;5,6;-8;36;1019;0;0;;;0
30.04.2026;08:00:54;6,3;44,5;5,6;-8;36;1018;0;0;;;0
30.04.2026;08:00:55;6,3;44,5;5,6;-8;36;1019;0;0;;;0
30.04.2026;08:00:56;6,3;44,5;5,6;-8;36;1018;0;0;;;0
30.04.2026;08:00:57;6,3;44,5;5,6;-8;36;1019;0;0;;;0
30.04.2026;08:00:58;6,3;44,5;5,6;-8;36;1018;0;0;;;0
30.04.2026;08:00:59;6,3;44,5;5,6;-8;36;1018;0;0;;;0
30.04.2026;08:01:00;6,3;44,5;5,6;-8;36;1019;0;0;;;0
30.04.2026;08:01:01;6,3;44,5;5,6;-8;36;1018;0;0;;;0
30.04.2026;08:01:02;6,3;44,5;5,6;-8;36;1018;0;0;;;0
30.04.2026;08:01:03;6,3;44,5;5,6;-8;36;1018;0;0;;;0
30.04.2026;08:01:05;6,4;44,4;5,6;-8;36;1018;0;0;;;0
30.04.2026;08:01:06;6,4;44,4;5,6;-8;36;1018;0;0;;;0
30.04.2026;08:01:07;6,4;44,4;5,6;-8;36;1019;0;0;;;0
30.04.2026;08:01:08;6,4;44,4;5,6;-8;36;1018;0;0;;;0
30.04.2026;08:01:09;6,4;44,4;5,6;-8;36;1019;0;0;;;0
30.04.2026;08:01:10;6,4;44,3;5,6;-8;36;1019;0;0;;;0
30.04.2026;08:01:11;6,4;44,3;5,6;-8;36;1018;0;0;;;0
30.04.2026;08:01:12;6,4;44,3;5,6;-8;36;1018;0;0;;;0
30.04.2026;08:01:13;6,4;44,3;5,6;-8;36;1018;0;0;;;0
30.04.2026;08:01:15;6,4;44,2;5,6;-8;36;1019;0;0;;;0
30.04.2026;08:01:16;6,4;44,2;5,6;-8;36;1018;0;0;;;0
30.04.2026;08:01:17;6,4;44,2;5,6;-8;36;1018;0;0;;;0
30.04.2026;08:01:18;6,4;44,2;5,6;-8;36;1018;0;0;;;0
30.04.2026;08:01:19;6,4;44,2;5,6;-8;36;1018;0;0;;;0
30.04.2026;08:01:20;6,4;44,1;5,6;-8;36;1018;0;0;;;0
30.04.2026;08:01:21;6,4;44,1;5,6;-8;36;1018;0;0;;;0
30.04.2026;08:01:22;6,4;44,1;5,6;-8;36;1018;0;0;;;0
30.04.2026;08:01:23;6,4;44,1;5,6;-8;36;1019;0;0;;;0
30.04.2026;08:01:24;6,4;44,1;5,6;-8;36;1018;0;0;;;0
30.04.2026;08:01:26;6,4;44,1;5,6;-8;36;1018;0;0;;;0
30.04.2026;08:01:27;6,4;44;5,6;-8;36;1018;0;0;;;0
30.04.2026;08:01:28;6,4;44;5,6;-8;36;1018;0;0;;;0
30.04.2026;08:01:29;6,4;44;5,6;-8;36;1018;0;0;;;0
30.04.2026;08:01:30;6,4;44;5,6;-8;36;1019;0;0;;;0
30.04.2026;08:01:31;6,4;44;5,6;-8;36;1018;0;0;;;0
30.04.2026;08:01:32;6,4;43,9;5,6;-8;36;1018;0;0;;;0
30.04.2026;08:01:33;6,4;43,8;5,6;-8;36;1018;0;0;;;0
30.04.2026;08:01:34;6,4;43,8;5,6;-8;36;1018;0;0;;;0
30.04.2026;08:01:35;6,4;43,8;5,6;-8;36;1018;0;0;;;0
30.04.2026;08:01:36;6,4;43,8;5,6;-8;36;1018;0;0;;;0
30.04.2026;08:01:37;6,4;43,8;5,6;-8;36;1018;0;0;;;0
30.04.2026;08:01:38;6,4;43,8;5,6;-8;36;1019;0;0;;;0
30.04.2026;08:01:40;6,4;43,8;5,6;-8;36;1018;0;0;;;0
30.04.2026;08:01:41;6,4;43,7;5,6;-8;36;1018;0;0;;;0
30.04.2026;08:01:42;6,4;43,7;5,6;-8;36;1018;0;0;;;0
30.04.2026;08:01:43;6,4;43,6;5,6;-8;36;1018;0;0;;;0
30.04.2026;08:01:44;6,4;43,6;5,7;-8;36;1019;0;0;;;0
30.04.2026;08:01:45;6,4;43,6;5,6;-8;36;1018;0;0;;;0
30.04.2026;08:01:46;6,4;43,6;5,6;-8;36;1018;0;0;;;0
30.04.2026;08:01:47;6,4;43,6;5,7;-8;36;1019;0;0;;;0
30.04.2026;08:01:48;6,4;43,5;5,6;-8;36;1018;0;0;;;0
30.04.2026;08:01:49;6,4;43,5;5,6;-8;36;1018;0;0;;;0
30.04.2026;08:01:50;6,4;43,4;5,8;-8;36;1019;0;0;;;0
30.04.2026;08:01:51;6,4;43,4;5,6;-8;36;1018;0;0;;;0
30.04.2026;08:01:52;6,4;43,4;5,7;-8;36;1019;0;0;;;0
30.04.2026;08:01:53;6,5;43,4;5,6;-8;36;1019;0;0;;;0
30.04.2026;08:01:55;6,5;43,4;5,7;-8;36;1018;0;0;;;0
30.04.2026;08:01:56;6,5;43,3;5,6;-8;36;1018;0;0;;;0
30.04.2026;08:01:57;6,5;43,3;5,7;-8;36;1018;0;0;;;0
30.04.2026;08:01:58;6,5;43,3;5,7;-8;36;1018;0;0;;;0
30.04.2026;08:01:59;6,5;43,2;5,6;-8;36;1018;0;0;;;0
30.04.2026;08:02:00;6,5;43,2;5,7;-8;36;1018;0;0;;;0
30.04.2026;08:02:01;6,5;43,2;5,7;-8;36;1019;0;0;;;0
30.04.2026;08:02:02;6,5;43,1;5,6;-8;36;1018;0;0;;;0
30.04.2026;08:02:04;6,5;43,1;5,7;-8;36;1018;0;0;;;0
30.04.2026;08:02:05;6,5;43,1;5,6;-8;36;1018;0;0;;;0
30.04.2026;08:02:06;6,5;43,1;5,7;-8;36;1019;0;0;;;0
30.04.2026;08:02:07;6,5;43,1;5,6;-8;36;1018;0;0;;;0
30.04.2026;08:02:08;6,5;43;5,7;-8;36;1018;0;0;;;0
30.04.2026;08:02:09;6,5;43;5,7;-8;36;1018;0;0;;;0
30.04.2026;08:02:10;6,5;42,9;5,7;-8;36;1019;0;0;;;0
30.04.2026;08:02:11;6,5;42,9;5,7;-8;36;1019;0;0;;;0
30.04.2026;08:02:12;6,5;42,8;5,6;-8;36;1018;0;0;;;0
30.04.2026;08:02:13;6,5;42,8;5,7;-8;36;1019;0;0;;;0
30.04.2026;08:02:14;6,5;42,8;5,7;-8;36;1019;0;0;;;0
30.04.2026;08:02:16;6,5;42,8;5,7;-8;36;1018;0;0;;;0
30.04.2026;08:02:17;6,5;42,8;5,7;-8;36;1018;0;0;;;0
30.04.2026;08:02:18;6,5;42,7;5,7;-8;36;1019;0;0;;;0
30.04.2026;08:02:19;6,5;42,7;5,7;-8;36;1019;0;0;;;0
30.04.2026;08:02:20;6,5;42,7;5,7;-8;36;1019;0;0;;;0
30.04.2026;08:02:21;6,5;42,6;5,7;-8;36;1019;0;0;;;0
30.04.2026;08:02:22;6,5;42,6;5,7;-8;36;1018;0;0;;;0
30.04.2026;08:02:23;6,5;42,6;5,7;-8;36;1018;0;0;;;0
30.04.2026;08:02:24;6,5;42,6;5,7;-8;36;1018;0;0;;;0
30.04.2026;08:02:25;6,5;42,6;5,7;-8;36;1018;0;0;;;0
30.04.2026;08:02:26;6,5;42,5;5,7;-8;36;1018;0;0;;;0
30.04.2026;08:02:27;6,5;42,5;5,7;-8;36;1018;0;0;;;0
30.04.2026;08:02:28;6,5;42,5;5,7;-8;36;1018;0;0;;;0
30.04.2026;08:02:29;6,5;42,4;5,7;-8;36;1018;0;0;;;0
30.04.2026;08:02:31;6,5;42,4;5,7;-8;36;1018;0;0;;;0
30.04.2026;08:02:32;6,5;42,4;5,7;-8;36;1018;0;0;;;0
30.04.2026;08:02:33;6,5;42,4;5,7;-8;36;1018;0;0;;;0
30.04.2026;08:02:34;6,5;42,4;5,7;-8;36;1018;0;0;;;0
30.04.2026;08:02:35;6,5;42,3;5,7;-8;36;1018;0;0;;;0
30.04.2026;08:02:36;6,5;42,3;5,7;-8;36;1018;0;0;;;0
30.04.2026;08:02:37;6,5;42,2;5,7;-8;36;1018;0;0;;;0
30.04.2026;08:02:38;6,5;42,2;5,7;-8;36;1018;0;0;;;0
30.04.2026;08:02:39;6,5;42,2;5,7;-8;36;1018;0;0;;;0
30.04.2026;08:02:40;6,5;42,1;5,7;-8;36;1018;0;0;;;0
30.04.2026;08:02:41;6,5;42,1;5,7;-8;36;1018;0;0;;;0
30.04.2026;08:02:42;6,5;42,1;5,7;-8;36;1019;0;0;;;0
30.04.2026;08:02:44;6,5;42,1;5,7;-8;36;1018;0;0;;;0
30.04.2026;08:02:45;6,5;42,1;5,7;-8;36;1018;0;0;;;0
30.04.2026;08:02:46;6,5;42;5,7;-8;36;1018;0;0;;;0
30.04.2026;08:02:47;6,5;42;5,7;-8;36;1019;0;0;;;0
30.04.2026;08:02:48;6,5;41,9;5,7;-8;36;1018;0;0;;;0
30.04.2026;08:02:49;6,5;41,9;5,7;-8;36;1018;0;0;;;0
30.04.2026;08:02:50;6,5;41,9;5,7;-8;36;1018;0;0;;;0
30.04.2026;08:02:51;6,5;41,9;5,7;-8;36;1018;0;0;;;0
30.04.2026;08:02:52;6,5;41,9;5,7;-8;36;1018;0;0;;;0
30.04.2026;08:02:53;6,5;41,9;5,7;-8;36;1019;0;0;;;0
30.04.2026;08:02:54;6,5;41,8;5,7;-8;36;1018;0;0;;;0
30.04.2026;08:02:56;6,5;41,8;5,7;-8;36;1019;0;0;;;0
30.04.2026;08:02:57;6,5;41,7;5,8;-8;36;1019;0;0;;;0
30.04.2026;08:02:58;6,5;41,7;5,7;-8;36;1018;0;0;;;0
30.04.2026;08:02:59;6,5;41,7;5,7;-8;36;1019;0;0;;;0
30.04.2026;08:03:00;6,5;41,7;5,7;-8;36;1018;0;0;;;0
30.04.2026;08:03:01;6,5;41,7;5,7;-8;36;1018;0;0;;;0
30.04.2026;08:03:02;6,5;41,6;5,7;-8;36;1018;0;0;;;0
30.04.2026;08:03:03;6,5;41,6;5,7;-8;36;1019;0;0;;;0
30.04.2026;08:03:04;6,5;41,5;5,7;-8;36;1019;0;0;;;0
30.04.2026;08:03:05;6,5;41,5;5,7;-8;36;1018;0;0;;;0
30.04.2026;08:03:06;6,5;41,5;5,7;-8;36;1018;0;0;;;0
30.04.2026;08:03:07;6,5;41,5;5,7;-8;36;1018;0;0;;;0
30.04.2026;08:03:09;6,5;41,5;5,7;-8;36;1018;0;0;;;0
30.04.2026;08:03:10;6,5;41,5;5,7;-8;36;1018;0;0;;;0
30.04.2026;08:03:11;6,6;41,4;5,7;-8;36;1018;0;0;;;0
30.04.2026;08:03:12;6,6;41,4;5,7;-8;36;1018;0;0;;;0
30.04.2026;08:03:13;6,6;41,3;5,7;-8;36;1018;0;0;;;0
30.04.2026;08:03:14;6,6;41,3;5,7;-8;36;1018;0;0;;;0
30.04.2026;08:03:15;6,6;41,3;5,7;-8;36;1018;0;0;;;0
30.04.2026;08:03:16;6,6;41,3;5,7;-8;36;1018;0;0;;;0
30.04.2026;08:03:17;6,6;41,2;5,7;-8;36;1018;0;0;;;0
30.04.2026;08:03:19;6,6;41,2;5,7;-8;36;1018;0;0;;;0
30.04.2026;08:03:20;6,6;41,2;5,7;-8;36;1018;0;0;;;0
30.04.2026;08:03:21;6,6;41,1;5,7;-8;36;1018;0;0;;;0
30.04.2026;08:03:22;6,6;41,1;5,7;-8;36;1018;0;0;;;0
30.04.2026;08:03:23;6,6;41,1;5,7;-8;36;1018;0;0;;;0
30.04.2026;08:03:24;6,6;41;5,7;-8;36;1018;0;0;;;0
30.04.2026;08:03:25;6,6;41;5,7;-8;36;1018;0;0;;;0
30.04.2026;08:03:26;6,6;41;5,7;-8;36;1018;0;0;;;0
30.04.2026;08:03:27;6,6;41;5,7;-8;36;1018;0;0;;;0
30.04.2026;08:03:28;6,6;41;5,7;-8;36;1018;0;0;;;0
30.04.2026;08:03:29;6,6;40,9;5,7;-8;36;1018;0;0;;;0
30.04.2026;08:03:30;6,6;40,9;5,7;-8;36;1018;0;0;;;0
30.04.2026;08:03:31;6,6;40,8;5,7;-8;36;1018;0;0;;;0
30.04.2026;08:03:33;6,6;40,8;5,7;-8;36;1018;0;0;;;0
30.04.2026;08:03:34;6,6;40,8;5,7;-8;36;1018;0;0;;;0
30.04.2026;08:03:35;6,6;40,7;5,7;-8;36;1018;0;0;;;0
30.04.2026;08:03:36;6,6;40,7;5,7;-8;36;1018;0;0;;;0
30.04.2026;08:03:37;6,6;40,7;5,7;-8;36;1019;0;0;;;0
30.04.2026;08:03:38;6,6;40,7;5,7;-8;36;1018;0;0;;;0
30.04.2026;08:03:39;6,6;40,7;5,7;-8;36;1018;0;0;;;0
30.04.2026;08:03:40;6,6;40,6;5,7;-8;36;1018;0;0;;;0
30.04.2026;08:03:41;6,6;40,6;5,7;-8;36;1018;0;0;;;0
30.04.2026;08:03:42;6,6;40,6;5,7;-8;36;1019;0;0;;;0
30.04.2026;08:03:43;6,6;40,5;5,7;-8;36;1018;0;0;;;0
30.04.2026;08:03:44;6,6;40,5;5,7;-8;36;1018;0;0;;;0
30.04.2026;08:03:46;6,6;40,4;5,7;-8;36;1018;0;0;;;0
30.04.2026;08:03:47;6,6;40,4;5,7;-8;36;1018;0;0;;;0
30.04.2026;08:03:48;6,6;40,4;5,7;-8;36;1018;0;0;;;0
30.04.2026;08:03:49;6,6;40,4;5,7;-8;36;1018;0;0;;;0
30.04.2026;08:03:50;6,6;40,4;5,7;-8;36;1018;0;0;;;0
30.04.2026;08:03:51;6,6;40,4;5,7;-8;36;1018;0;0;;;0
30.04.2026;08:03:52;6,6;40,3;5,7;-8;36;1018;0;0;;;0
30.04.2026;08:03:53;6,6;40,3;5,7;-8;36;1018;0;0;;;0
30.04.2026;08:03:54;6,6;40,2;5,7;-8;36;1018;0;0;;;0
30.04.2026;08:03:55;6,6;40,2;5,7;-8;36;1018;0;0;;;0
30.04.2026;08:03:56;6,6;40,2;5,7;-8;36;1018;0;0;;;0
30.04.2026;08:03:57;6,6;40,1;5,7;-8;36;1018;0;0;;;0
30.04.2026;08:03:58;6,6;40,1;5,7;-8;36;1018;0;0;;;0
30.04.2026;08:03:59;6,6;40,1;5,7;-8;36;1018;0;0;;;0
30.04.2026;08:04:00;6,6;40,1;5,7;-8;36;1018;0;0;;;0
30.04.2026;08:04:01;6,6;40,1;5,7;-8;36;1018;0;0;;;0
30.04.2026;08:04:03;6,6;40;5,7;-8;36;1018;0;0;;;0
30.04.2026;08:04:04;6,6;40;5,7;-8;36;1018;0;0;;;0
30.04.2026;08:04:05;6,6;40;5,7;-8;36;1018;0;0;;;0
30.04.2026;08:04:06;6,6;40;5,7;-8;36;1018;0;0;;;0
30.04.2026;08:04:07;6,6;40;5,7;-8;36;1018;0;0;;;0
30.04.2026;08:04:08;6,6;39,9;5,7;-8;36;1018;0;0;;;0
30.04.2026;08:04:09;6,6;39,9;5,7;-8;36;1018;0;0;;;0
30.04.2026;08:04:10;6,6;39,9;5,7;-8;36;1018;0;0;;;0
30.04.2026;08:04:11;6,6;39,9;5,7;-8;36;1018;0;0;;;0
30.04.2026;08:04:12;6,7;39,8;5,7;-8;36;1018;0;0;;;0
30.04.2026;08:04:13;6,7;39,8;5,7;-8;36;1018;0;0;;;0
30.04.2026;08:04:14;6,7;39,8;5,7;-8;36;1018;0;0;;;0
30.04.2026;08:04:16;6,7;39,7;5,7;-8;36;1019;0;0;;;0
30.04.2026;08:04:17;6,7;39,7;5,7;-8;36;1018;0;0;;;0
30.04.2026;08:04:18;6,7;39,7;5,7;-8;36;1018;0;0;;;0
30.04.2026;08:04:19;6,7;39,7;5,7;-8;36;1018;0;0;;;0
30.04.2026;08:04:20;6,7;39,7;5,7;-8;36;1018;0;0;;;0
30.04.2026;08:04:21;6,7;39,6;5,7;-8;36;1018;0;0;;;0
30.04.2026;08:04:22;6,7;39,6;5,7;-8;36;1018;0;0;;;0
30.04.2026;08:04:23;6,7;39,6;5,7;-8;36;1018;0;0;;;0
30.04.2026;08:04:25;6,7;39,6;5,7;-8;36;1018;0;0;;;0
30.04.2026;08:04:26;6,7;39,6;5,7;-8;36;1018;0;0;;;0
30.04.2026;08:04:27;6,7;39,5;5,7;-8;36;1018;0;0;;;0
30.04.2026;08:04:28;6,7;39,5;5,7;-8;36;1018;0;0;;;0
30.04.2026;08:04:29;6,7;39,5;5,7;-8;36;1018;0;0;;;0
30.04.2026;08:04:30;6,7;39,5;5,8;-8;36;1019;0;0;;;0
30.04.2026;08:04:31;6,7;39,5;5,7;-8;36;1018;0;0;;;0
30.04.2026;08:04:33;6,7;39,4;5,7;-8;36;1018;0;0;;;0
30.04.2026;08:04:34;6,7;39,4;5,7;-8;36;1018;0;0;;;0
30.04.2026;08:04:35;6,7;39,3;5,7;-8;36;1018;0;0;;;0
30.04.2026;08:04:36;6,7;39,3;5,7;-8;36;1018;0;0;;;0
30.04.2026;08:04:37;6,7;39,3;5,7;-8;36;1018;0;0;;;0
30.04.2026;08:04:38;6,7;39,3;5,7;-8;36;1018;0;0;;;0
30.04.2026;08:04:39;6,7;39,3;5,7;-8;36;1018;0;0;;;0
30.04.2026;08:04:40;6,7;39,2;5,7;-8;36;1018;0;0;;;0
30.04.2026;08:04:41;6,7;39,2;5,7;-8;36;1018;0;0;;;0
30.04.2026;08:04:42;6,7;39,2;5,7;-8;36;1018;0;0;;;0
30.04.2026;08:04:43;6,7;39,1;5,7;-8;36;1018;0;0;;;0
30.04.2026;08:04:45;6,7;39,1;5,7;-8;36;1018;0;0;;;0
30.04.2026;08:04:46;6,7;39,1;5,7;-8;36;1018;0;0;;;0
30.04.2026;08:04:47;6,7;39;5,7;-8;36;1018;0;0;;;0
30.04.2026;08:04:48;6,7;38,9;5,7;-8;36;1018;0;0;;;0
30.04.2026;08:04:49;6,7;38,9;5,7;-8;36;1018;0;0;;;0
30.04.2026;08:04:50;6,7;38,9;5,8;-8;36;1018;0;0;;;0
30.04.2026;08:04:51;6,7;38,9;5,7;-8;36;1018;0;0;;;0
30.04.2026;08:04:52;6,7;38,9;5,7;-8;36;1018;0;0;;;0
30.04.2026;08:04:53;6,7;38,8;5,7;-8;36;1018;0;0;;;0
30.04.2026;08:04:54;6,7;38,8;5,8;-8;36;1018;0;0;;;0
30.04.2026;08:04:56;6,7;38,8;5,7;-8;36;1018;0;0;;;0
30.04.2026;08:04:57;6,7;38,8;5,7;-8;36;1018;0;0;;;0
30.04.2026;08:04:58;6,7;38,8;5,7;-8;36;1018;0;0;;;0
30.04.2026;08:04:59;6,7;38,8;5,7;-8;36;1018;0;0;;;0
30.04.2026;08:05:00;6,7;38,7;5,8;-8;36;1018;0;0;;;0
30.04.2026;08:05:02;6,7;38,7;5,7;-8;36;1018;0;0;;;0
30.04.2026;08:05:03;6,7;38,7;5,7;-8;36;1018;0;0;;;0
30.04.2026;08:05:04;6,7;38,7;5,8;-8;36;1018;0;0;;;0
30.04.2026;08:05:05;6,7;38,6;5,7;-8;36;1018;0;0;;;0
30.04.2026;08:05:06;6,7;38,6;5,8;-8;36;1019;0;0;;;0
30.04.2026;08:05:07;6,7;38,5;5,8;-8;36;1018;0;0;;;0
30.04.2026;08:05:08;6,7;38,5;5,9;-8;36;1019;0;0;;;0
30.04.2026;08:05:09;6,7;38,5;5,8;-8;36;1018;0;0;;;0
30.04.2026;08:05:10;6,7;38,5;5,8;-8;36;1018;0;0;;;0
30.04.2026;08:05:11;6,7;38,5;5,8;-8;36;1018;0;0;;;0
30.04.2026;08:05:12;6,7;38,5;5,8;-8;36;1019;0;0;;;0
30.04.2026;08:05:13;6,7;38,4;5,7;-8;36;1018;0;0;;;0
30.04.2026;08:05:14;6,7;38,4;5,8;-8;36;1018;0;0;;;0
30.04.2026;08:05:16;6,8;38,4;5,8;-8;36;1018;0;0;;;0
30.04.2026;08:05:17;6,8;38,4;5,8;-8;36;1018;0;0;;;0
30.04.2026;08:05:18;6,8;38,4;5,8;-8;36;1018;0;0;;;0
30.04.2026;08:05:19;6,7;38,3;5,8;-8;36;1018;0;0;;;0
30.04.2026;08:05:20;6,7;38,3;5,8;-8;36;1018;0;0;;;0
30.04.2026;08:05:21;6,8;38,3;5,8;-8;36;1018;0;0;;;0
30.04.2026;08:05:22;6,8;38,3;5,8;-8;36;1018;0;0;;;0
30.04.2026;08:05:23;6,8;38,3;5,8;-8;36;1018;0;0;;;0
30.04.2026;08:05:24;6,8;38,2;5,8;-8;36;1018;0;0;;;0
30.04.2026;08:05:25;6,8;38,2;5,8;-8;36;1018;0;0;;;0
30.04.2026;08:05:26;6,8;38,2;5,8;-8;36;1018;0;0;;;0
30.04.2026;08:05:27;6,8;38,2;5,8;-8;36;1019;0;0;;;0
30.04.2026;08:05:28;6,8;38,2;5,8;-8;36;1018;0;0;;;0
30.04.2026;08:05:30;6,8;38,1;5,8;-8;36;1018;0;0;;;0
30.04.2026;08:05:31;6,8;38,1;5,8;-8;36;1018;0;0;;;0
30.04.2026;08:05:32;6,8;38,1;5,8;-8;36;1018;0;0;;;0
30.04.2026;08:05:33;6,8;38,1;5,8;-8;36;1018;0;0;;;0
30.04.2026;08:05:34;6,8;38,1;5,8;-8;36;1018;0;0;;;0
30.04.2026;08:05:35;6,8;38;5,8;-8;36;1018;0;0;;;0
30.04.2026;08:05:36;6,8;38;5,8;-8;36;1018;0;0;;;0
30.04.2026;08:05:37;6,8;38;5,8;-8;36;1018;0;0;;;0
30.04.2026;08:05:39;6,8;38;5,8;-8;36;1018;0;0;;;0
30.04.2026;08:05:40;6,8;38;5,8;-8;36;1018;0;0;;;0
30.04.2026;08:05:41;6,8;37,9;5,8;-8;36;1018;0;0;;;0
30.04.2026;08:05:42;6,8;37,9;5,8;-8;36;1018;0;0;;;0
30.04.2026;08:05:43;6,8;37,9;5,8;-8;36;1018;0;0;;;0
30.04.2026;08:05:44;6,8;37,9;5,8;-8;36;1018;0;0;;;0
30.04.2026;08:05:45;6,8;37,9;5,8;-8;36;1018;0;0;;;0
30.04.2026;08:05:46;6,8;37,8;5,8;-8;36;1018;0;0;;;0
30.04.2026;08:05:47;6,8;37,8;5,8;-8;36;1018;0;0;;;0
30.04.2026;08:05:48;6,8;37,8;5,8;-8;36;1018;0;0;;;0
30.04.2026;08:05:49;6,8;37,8;5,8;-8;36;1018;0;0;;;0
30.04.2026;08:05:50;6,8;37,8;5,8;-8;36;1018;0;0;;;0
30.04.2026;08:05:51;6,8;37,7;5,8;-8;36;1018;0;0;;;0
30.04.2026;08:05:53;6,8;37,7;5,8;-8;36;1018;0;0;;;0
30.04.2026;08:05:54;6,8;37,7;5,8;-8;36;1019;0;0;;;0
30.04.2026;08:05:55;6,8;37,7;5,8;-8;36;1018;0;0;;;0
30.04.2026;08:05:56;6,8;37,7;5,8;-8;36;1018;0;0;;;0
30.04.2026;08:05:57;6,8;37,6;5,8;-8;36;1018;0;0;;;0
30.04.2026;08:05:58;6,8;37,6;5,8;-8;36;1018;0;0;;;0
30.04.2026;08:05:59;6,8;37,6;5,8;-8;36;1018;0;0;;;0
30.04.2026;08:06:00;6,8;37,6;5,8;-8;36;1018;0;0;;;0
30.04.2026;08:06:02;6,8;37,5;5,8;-8;36;1018;0;0;;;0
30.04.2026;08:06:03;6,8;37,5;5,8;-8;36;1018;0;0;;;0
30.04.2026;08:06:04;6,8;37,5;5,8;-8;36;1018;0;0;;;0
30.04.2026;08:06:05;6,8;37,5;5,8;-8;36;1019;0;0;;;0
30.04.2026;08:06:06;6,8;37,5;5,8;-8;36;1018;0;0;;;0
30.04.2026;08:06:07;6,8;37,5;5,8;-8;36;1019;0;0;;;0
30.04.2026;08:06:08;6,8;37,4;5,8;-8;36;1018;0;0;;;0
30.04.2026;08:06:09;6,8;37,4;5,8;-8;36;1019;0;0;;;0
30.04.2026;08:06:10;6,8;37,4;5,8;-8;36;1018;0;0;;;0
30.04.2026;08:06:11;6,8;37,4;5,8;-8;36;1018;0;0;;;0
30.04.2026;08:06:12;6,8;37,4;5,8;-8;36;1019;0;0;;;0
30.04.2026;08:06:14;6,8;37,3;5,8;-8;36;1018;0;0;;;0
30.04.2026;08:06:15;6,8;37,3;5,8;-8;36;1018;0;0;;;0
30.04.2026;08:06:16;6,9;37,3;5,8;-8;36;1019;0;0;;;0
30.04.2026;08:06:17;6,9;37,3;5,8;-8;36;1018;0;0;;;0
30.04.2026;08:06:18;6,9;37,3;5,8;-8;36;1018;0;0;;;0
30.04.2026;08:06:19;6,9;37,2;5,8;-8;36;1018;0;0;;;0
30.04.2026;08:06:20;6,9;37,2;5,8;-8;36;1018;0;0;;;0
30.04.2026;08:06:21;6,9;37,2;5,8;-8;36;1018;0;0;;;0
30.04.2026;08:06:22;6,9;37,1;5,8;-8;36;1019;0;0;;;0
30.04.2026;08:06:23;6,9;37,1;5,8;-8;36;1018;0;0;;;0
30.04.2026;08:06:24;6,9;37,1;5,8;-8;36;1019;0;0;;;0
30.04.2026;08:06:26;6,9;37,1;5,8;-8;36;1019;0;0;;;0
30.04.2026;08:06:27;6,9;37;5,8;-8;36;1019;0;0;;;0
30.04.2026;08:06:28;6,9;37;5,8;-8;36;1019;0;0;;;0
30.04.2026;08:06:29;6,9;37;5,8;-8;36;1018;0;0;;;0
30.04.2026;08:06:30;6,9;36,9;5,8;-8;36;1019;0;0;;;0
30.04.2026;08:06:31;6,9;36,9;5,8;-8;36;1018;0;0;;;0
30.04.2026;08:06:32;6,9;36,8;5,8;-8;36;1018;0;0;;;0
30.04.2026;08:06:34;6,9;36,8;5,8;-8;36;1019;0;0;;;0
30.04.2026;08:06:35;6,9;36,8;5,8;-8;36;1018;0;0;;;0
30.04.2026;08:06:36;6,9;36,8;5,8;-8;36;1019;0;0;;;0
30.04.2026;08:06:37;6,9;36,8;5,8;-8;36;1018;0;0;;;0
30.04.2026;08:06:38;6,9;36,7;5,8;-8;36;1019;0;0;;;0
30.04.2026;08:06:39;6,9;36,7;5,8;-8;36;1019;0;0;;;0
30.04.2026;08:06:40;6,9;36,7;5,8;-8;36;1019;0;0;;;0
30.04.2026;08:06:42;6,9;36,7;5,8;-8;36;1019;0;0;;;0
30.04.2026;08:06:43;6,9;36,7;5,8;-8;36;1018;0;0;;;0
30.04.2026;08:06:44;6,9;36,6;5,8;-8;36;1019;0;0;;;0
30.04.2026;08:06:45;6,9;36,6;5,8;-8;36;1019;0;0;;;0
30.04.2026;08:06:46;6,9;36,6;5,8;-8;36;1018;0;0;;;0
30.04.2026;08:06:47;6,9;36,6;5,8;-8;36;1018;0;0;;;0
30.04.2026;08:06:48;6,9;36,6;5,8;-8;36;1019;0;0;;;0
30.04.2026;08:06:49;6,9;36,5;5,8;-8;36;1018;0;0;;;0
30.04.2026;08:06:50;6,9;36,5;5,8;-8;36;1019;0;0;;;0
30.04.2026;08:06:51;6,9;36,5;5,8;-8;36;1018;0;0;;;0
30.04.2026;08:06:52;6,9;36,5;5,8;-8;36;1019;0;0;;;0
30.04.2026;08:06:53;6,9;36,5;5,8;-8;36;1018;0;0;;;0
30.04.2026;08:06:54;6,9;36,5;5,8;-8;36;1018;0;0;;;0
30.04.2026;08:06:56;6,9;36,5;5,8;-8;36;1019;0;0;;;0
30.04.2026;08:06:57;6,9;36,5;5,8;-8;36;1019;0;0;;;0
30.04.2026;08:06:58;6,9;36,4;5,8;-8;36;1018;0;0;;;0
30.04.2026;08:06:59;6,9;36,4;5,8;-8;36;1018;0;0;;;0
30.04.2026;08:07:00;6,9;36,4;5,8;-8;36;1018;0;0;;;0
30.04.2026;08:07:01;6,9;36,4;5,8;-8;36;1019;0;0;;;0
30.04.2026;08:07:02;6,9;36,4;5,8;-8;36;1019;0;0;;;0
30.04.2026;08:07:03;6,9;36,4;5,9;-8;36;1018;0;0;;;0
30.04.2026;08:07:04;6,9;36,4;5,9;-8;36;1018;0;0;;;0
30.04.2026;08:07:05;6,9;36,3;5,8;-8;36;1018;0;0;;;0
30.04.2026;08:07:06;6,9;36,3;5,8;-8;36;1019;0;0;;;0
30.04.2026;08:07:07;6,9;36,3;5,9;-8;36;1018;0;0;;;0
30.04.2026;08:07:09;6,9;36,3;5,8;-8;36;1018;0;0;;;0
30.04.2026;08:07:10;6,9;36,3;5,8;-8;36;1018;0;0;;;0
30.04.2026;08:07:11;6,9;36,3;5,8;-8;36;1018;0;0;;;0
30.04.2026;08:07:12;6,9;36,3;5,9;-8;36;1018;0;0;;;0
30.04.2026;08:07:13;6,9;36,3;5,8;-8;36;1018;0;0;;;0
30.04.2026;08:07:14;6,9;36,3;5,9;-8;36;1018;0;0;;;0
30.04.2026;08:07:15;6,9;36,3;5,9;-8;36;1018;0;0;;;0
30.04.2026;08:07:16;6,9;36,3;5,8;-8;36;1018;0;0;;;0
30.04.2026;08:07:17;6,9;36,2;5,9;-8;36;1018;0;0;;;0
30.04.2026;08:07:18;6,9;36,2;5,8;-8;36;1018;0;0;;;0
30.04.2026;08:07:19;6,9;36,2;5,9;-8;36;1018;0;0;;;0
30.04.2026;08:07:20;6,9;36,2;5,9;-8;36;1018;0;0;;;0
30.04.2026;08:07:22;7;36,2;5,9;-8;36;1019;0;0;;;0
30.04.2026;08:07:23;7;36,2;5,9;-8;36;1018;0;0;;;0
30.04.2026;08:07:24;7;36,2;5,9;-8;36;1018;0;0;;;0
30.04.2026;08:07:25;6,9;36,2;5,8;-8;36;1018;0;0;;;0
30.04.2026;08:07:26;6,9;36,2;5,9;-8;36;1018;0;0;;;0
30.04.2026;08:07:27;7;36,1;5,9;-8;36;1018;0;0;;;0
30.04.2026;08:07:28;7;36,1;5,9;-8;36;1018;0;0;;;0
30.04.2026;08:07:29;7;36,1;5,9;-8;36;1018;0;0;;;0
30.04.2026;08:07:30;7;36,1;5,9;-8;36;1019;0;0;;;0
30.04.2026;08:07:31;7;36,1;5,9;-8;36;1018;0;0;;;0
30.04.2026;08:07:32;7;36,1;5,9;-8;36;1019;0;0;;;0
30.04.2026;08:07:33;7;36,1;5,9;-8;36;1018;0;0;;;0
30.04.2026;08:07:34;7;36,1;5,9;-8;36;1018;0;0;;;0
30.04.2026;08:07:35;7;36;5,9;-8;36;1018;0;0;;;0
30.04.2026;08:07:36;7;36;5,9;-8;36;1018;0;0;;;0
30.04.2026;08:07:38;7;36;5,9;-8;36;1019;0;0;;;0
30.04.2026;08:07:39;7;36;5,9;-8;36;1019;0;0;;;0
30.04.2026;08:07:40;7;36;5,9;-8;36;1018;0;0;;;0
30.04.2026;08:07:41;7;36;5,9;-8;36;1019;0;0;;;0
30.04.2026;08:07:42;7;36;5,9;-8;36;1019;0;0;;;0
30.04.2026;08:07:43;7;36;5,9;-8;36;1019;0;0;;;0
30.04.2026;08:07:44;7;35,9;5,9;-8;36;1019;0;0;;;0
30.04.2026;08:07:45;7;35,9;5,9;-8;36;1019;0;0;;;0
30.04.2026;08:07:46;7;35,9;5,9;-8;36;1018;0;0;;;0
30.04.2026;08:07:48;7;35,9;5,9;-8;36;1018;0;0;;;0
30.04.2026;08:07:49;7;35,9;5,9;-8;36;1019;0;0;;;0
30.04.2026;08:07:50;7;35,9;5,9;-8;36;1019;0;0;;;0
30.04.2026;08:07:51;7;35,9;5,9;-8;36;1019;0;0;;;0
30.04.2026;08:07:52;7;35,9;5,9;-8;36;1019;0;0;;;0
30.04.2026;08:07:53;7;35,9;5,9;-8;36;1018;0;0;;;0
30.04.2026;08:07:54;7;35,8;5,9;-8;36;1019;0;0;;;0
30.04.2026;08:07:55;7;35,8;5,9;-8;36;1019;0;0;;;0
30.04.2026;08:07:56;7;35,8;5,9;-8;36;1018;0;0;;;0
30.04.2026;08:07:58;7;35,8;5,9;-8;36;1018;0;0;;;0
30.04.2026;08:07:59;7;35,8;5,9;-8;36;1018;0;0;;;0
30.04.2026;08:08:00;7;35,8;5,9;-8;36;1018;0;0;;;0
30.04.2026;08:08:01;7;35,8;5,9;-8;36;1018;0;0;;;0
30.04.2026;08:08:02;7;35,8;5,9;-8;36;1018;0;0;;;0
30.04.2026;08:08:03;7;35,7;5,9;-8;36;1018;0;0;;;0
30.04.2026;08:08:04;7;35,7;5,9;-8;36;1018;0;0;;;0
30.04.2026;08:08:05;7;35,7;5,9;-8;36;1018;0;0;;;0
30.04.2026;08:08:06;7;35,7;5,9;-8;36;1019;0;0;;;0
30.04.2026;08:08:08;7;35,7;5,9;-8;36;1018;0;0;;;0
30.04.2026;08:08:09;7;35,7;5,9;-8;36;1018;0;0;;;0
30.04.2026;08:08:10;7;35,7;5,9;-8;36;1018;0;0;;;0
30.04.2026;08:08:11;7;35,6;5,9;-8;36;1019;0;0;;;0
30.04.2026;08:08:12;7;35,6;5,9;-8;36;1018;0;0;;;0
30.04.2026;08:08:13;7;35,6;5,9;-8;36;1019;0;0;;;0
30.04.2026;08:08:14;7;35,6;5,9;-8;36;1019;0;0;;;0
30.04.2026;08:08:15;7;35,6;5,9;-8;36;1019;0;0;;;0
30.04.2026;08:08:16;7;35,6;5,9;-8;36;1018;0;0;;;0
30.04.2026;08:08:17;7;35,6;5,9;-8;36;1018;0;0;;;0
30.04.2026;08:08:18;7;35,6;5,9;-8;36;1019;0;0;;;0
30.04.2026;08:08:20;7;35,5;5,9;-8;36;1018;0;0;;;0
30.04.2026;08:08:21;7;35,5;5,9;-8;36;1019;0;0;;;0
30.04.2026;08:08:22;7;35,5;5,9;-8;36;1018;0;0;;;0
30.04.2026;08:08:23;7;35,5;5,9;-8;36;1018;0;0;;;0
30.04.2026;08:08:24;7;35,5;5,9;-8;36;1018;0;0;;;0
30.04.2026;08:08:25;7;35,5;5,9;-8;36;1018;0;0;;;0
30.04.2026;08:08:26;7;35,5;5,9;-8;36;1018;0;0;;;0
30.04.2026;08:08:27;7;35,4;5,9;-8;36;1019;0;0;;;0
30.04.2026;08:08:28;7;35,4;5,9;-8;36;1018;0;0;;;0
30.04.2026;08:08:29;7;35,4;5,9;-8;36;1018;0;0;;;0
30.04.2026;08:08:30;7;35,4;5,9;-8;36;1018;0;0;;;0
30.04.2026;08:08:31;7;35,4;5,9;-8;36;1019;0;0;;;0
30.04.2026;08:08:32;7;35,4;5,9;-8;36;1019;0;0;;;0
30.04.2026;08:08:33;7;35,3;5,9;-8;36;1019;0;0;;;0
30.04.2026;08:08:34;7;35,3;5,9;-8;36;1019;0;0;;;0
30.04.2026;08:08:36;7,1;35,2;5,9;-8;36;1018;0;0;;;0
30.04.2026;08:08:37;7,1;35,2;5,9;-8;36;1019;0;0;;;0
30.04.2026;08:08:38;7,1;35,2;5,9;-8;36;1019;0;0;;;0
30.04.2026;08:08:39;7,1;35,2;5,9;-8;36;1019;0;0;;;0
30.04.2026;08:08:40;7,1;35,2;5,9;-8;36;1018;0;0;;;0
30.04.2026;08:08:41;7,1;35,1;5,9;-8;36;1018;0;0;;;0
30.04.2026;08:08:42;7,1;35,1;5,9;-8;36;1018;0;0;;;0
30.04.2026;08:08:43;7,1;35,1;5,9;-8;36;1018;0;0;;;0
30.04.2026;08:08:44;7,1;35,1;6;-8;36;1018;0;0;;;0
30.04.2026;08:08:46;7,1;35,1;5,9;-8;36;1018;0;0;;;0
30.04.2026;08:08:47;7,1;35;6;-8;36;1019;0;0;;;0
30.04.2026;08:08:48;7,1;35;5,9;-8;36;1018;0;0;;;0
30.04.2026;08:08:49;7,1;34,9;6;-8;36;1018;0;0;;;0
30.04.2026;08:08:50;7,1;34,9;6;-8;36;1019;0;0;;;0
30.04.2026;08:08:51;7,1;34,9;5,9;-8;36;1018;0;0;;;0
30.04.2026;08:08:52;7,1;34,9;6;-8;36;1019;0;0;;;0
30.04.2026;08:08:53;7,1;34,9;5,9;-8;36;1018;0;0;;;0
30.04.2026;08:08:54;7,1;34,8;5,9;-8;36;1018;0;0;;;0
30.04.2026;08:08:56;7,1;34,8;5,9;-8;36;1018;0;0;;;0
30.04.2026;08:08:57;7,1;34,8;5,9;-8;36;1018;0;0;;;0
30.04.2026;08:08:58;7,1;34,8;5,9;-8;36;1018;0;0;;;0
30.04.2026;08:08:59;7,1;34,8;5,9;-8;36;1018;0;0;;;0
30.04.2026;08:09:00;7,1;34,8;6;-8;36;1018;0;0;;;0
30.04.2026;08:09:01;7,1;34,7;6;-8;36;1018;0;0;;;0
30.04.2026;08:09:02;7,1;34,7;6;-8;36;1018;0;0;;;0
30.04.2026;08:09:03;7,1;34,7;6;-8;36;1018;0;0;;;0
30.04.2026;08:09:04;7,1;34,7;6;-8;36;1019;0;0;;;0
30.04.2026;08:09:05;7,1;34,7;6;-8;36;1018;0;0;;;0
30.04.2026;08:09:07;7,1;34,6;6;-8;36;1018;0;0;;;0
30.04.2026;08:09:08;7,1;34,6;6;-8;36;1019;0;0;;;0
30.04.2026;08:09:09;7,1;34,6;6;-8;36;1018;0;0;;;0
30.04.2026;08:09:10;7,1;34,6;6;-8;36;1019;0;0;;;0
30.04.2026;08:09:11;7,1;34,6;6;-8;36;1018;0;0;;;0
30.04.2026;08:09:12;7,1;34,5;6;-8;36;1018;0;0;;;0
30.04.2026;08:09:13;7,1;34,5;5,9;-8;36;1018;0;0;;;0
30.04.2026;08:09:14;7,1;34,5;6;-8;36;1019;0;0;;;0
30.04.2026;08:09:15;7,1;34,5;6;-8;36;1018;0;0;;;0
30.04.2026;08:09:17;7,1;34,5;6;-8;36;1018;0;0;;;0
30.04.2026;08:09:18;7,1;34,5;6;-8;36;1018;0;0;;;0
30.04.2026;08:09:19;7,1;34,5;6;-8;36;1018;0;0;;;0
30.04.2026;08:09:20;7,1;34,4;6;-8;36;1018;0;0;;;0
30.04.2026;08:09:21;7,1;34,4;6;-8;36;1018;0;0;;;0
30.04.2026;08:09:22;7,1;34,4;6;-8;36;1018;0;0;;;0
30.04.2026;08:09:23;7,1;34,4;6;-8;36;1018;0;0;;;0
30.04.2026;08:09:24;7,1;34,4;6;-8;36;1019;0;0;;;0
30.04.2026;08:09:25;7,1;34,3;6;-8;36;1018;0;0;;;0
30.04.2026;08:09:27;7,1;34,3;6;-8;36;1019;0;0;;;0
30.04.2026;08:09:28;7,1;34,3;6;-8;36;1018;0;0;;;0
30.04.2026;08:09:29;7,1;34,3;6;-8;36;1018;0;0;;;0
30.04.2026;08:09:30;7,1;34,2;6;-8;36;1019;0;0;;;0
30.04.2026;08:09:31;7,1;34,2;6;-8;36;1018;0;0;;;0
30.04.2026;08:09:32;7,1;34,2;6;-8;36;1019;0;0;;;0
30.04.2026;08:09:33;7,1;34,2;6;-8;36;1018;0;0;;;0
30.04.2026;08:09:34;7,1;34,2;6;-8;36;1018;0;0;;;0
30.04.2026;08:09:35;7,2;34,2;6;-8;36;1018;0;0;;;0
30.04.2026;08:09:37;7,2;34,2;6;-8;36;1018;0;0;;;0
30.04.2026;08:09:38;7,2;34,2;6;-8;36;1018;0;0;;;0
30.04.2026;08:09:39;7,2;34,1;6;-8;36;1018;0;0;;;0
30.04.2026;08:09:40;7,2;34,1;6;-8;36;1018;0;0;;;0
30.04.2026;08:09:41;7,2;34,1;6;-8;36;1018;0;0;;;0
30.04.2026;08:09:42;7,2;34,1;6;-8;36;1018;0;0;;;0
30.04.2026;08:09:43;7,2;34,1;6;-8;36;1018;0;0;;;0
30.04.2026;08:09:44;7,2;34,1;6;-8;36;1018;0;0;;;0
30.04.2026;08:09:45;7,2;34,1;6;-8;36;1019;0;0;;;0
30.04.2026;08:09:47;7,2;34,1;6;-8;36;1018;0;0;;;0
30.04.2026;08:09:48;7,2;34;6;-8;36;1019;0;0;;;0
30.04.2026;08:09:49;7,2;34;6;-8;36;1018;0;0;;;0
30.04.2026;08:09:50;7,2;34;6;-8;36;1018;0;0;;;0
30.04.2026;08:09:51;7,2;34;6;-8;36;1019;0;0;;;0
30.04.2026;08:09:52;7,2;34;6;-8;36;1019;0;0;;;0
30.04.2026;08:09:53;7,2;34;6;-8;36;1018;0;0;;;0
30.04.2026;08:09:55;7,2;34;6;-8;36;1019;0;0;;;0
30.04.2026;08:09:56;7,2;33,9;6;-8;36;1018;0;0;;;0
30.04.2026;08:09:57;7,2;33,9;6;-8;36;1018;0;0;;;0
30.04.2026;08:09:58;7,2;33,9;6,1;-8;36;1019;0;0;;;0
30.04.2026;08:09:59;7,2;33,9;6;-8;36;1018;0;0;;;0
30.04.2026;08:10:00;7,2;33,9;6;-8;36;1019;0;0;;;0
30.04.2026;08:10:02;7,2;33,9;6;-8;36;1019;0;0;;;0
30.04.2026;08:10:03;7,2;33,9;6;-8;36;1019;0;0;;;0
30.04.2026;08:10:04;7,2;33,9;6;-8;36;1019;0;0;;;0
30.04.2026;08:10:05;7,2;33,9;6,1;-8;36;1018;0;0;;;0
30.04.2026;08:10:06;7,2;33,8;6;-8;36;1018;0;0;;;0
30.04.2026;08:10:07;7,2;33,8;6;-8;36;1018;0;0;;;0
30.04.2026;08:10:08;7,2;33,8;6;-8;36;1018;0;0;;;0
30.04.2026;08:10:09;7,2;33,8;6;-8;36;1018;0;0;;;0
30.04.2026;08:10:10;7,2;33,8;6,1;-8;36;1019;0;0;;;0
30.04.2026;08:10:12;7,2;33,8;6,1;-8;36;1018;0;0;;;0
30.04.2026;08:10:13;7,2;33,8;6,1;-8;36;1018;0;0;;;0
30.04.2026;08:10:14;7,2;33,8;6;-8;36;1018;0;0;;;0
30.04.2026;08:10:15;7,2;33,8;6;-8;36;1018;0;0;;;0
30.04.2026;08:10:16;7,2;33,7;6,1;-8;36;1019;0;0;;;0
30.04.2026;08:10:17;7,2;33,7;6;-8;36;1018;0;0;;;0
30.04.2026;08:10:19;7,2;33,7;6;-8;36;1018;0;0;;;0
30.04.2026;08:10:19;7,2;33,7;6;-8;36;1018;0;0;;;0
30.04.2026;08:10:21;7,2;33,7;6,1;-8;36;1019;0;0;;;0
30.04.2026;08:10:22;7,2;33,7;6,1;-8;36;1019;0;0;;;0
30.04.2026;08:10:23;7,2;33,7;6;-8;36;1018;0;0;;;0
30.04.2026;08:10:24;7,2;33,7;6,1;-8;36;1018;0;0;;;0
30.04.2026;08:10:25;7,2;33,6;6,1;-8;36;1018;0;0;;;0
30.04.2026;08:10:26;7,2;33,6;6,1;-8;36;1018;0;0;;;0
30.04.2026;08:10:27;7,2;33,6;6,1;-8;36;1018;0;0;;;0
30.04.2026;08:10:28;7,2;33,6;6,1;-8;36;1019;0;0;;;0
30.04.2026;08:10:30;7,2;33,6;6,1;-8;36;1019;0;0;;;0
30.04.2026;08:10:31;7,2;33,6;6,1;-8;36;1019;0;0;;;0
30.04.2026;08:10:32;7,2;33,6;6,2;-8;36;1019;0;0;;;0
30.04.2026;08:10:33;7,2;33,5;6,1;-8;36;1019;0;0;;;0
30.04.2026;08:10:34;7,2;33,5;6,1;-8;36;1018;0;0;;;0
30.04.2026;08:10:35;7,2;33,5;6,1;-8;36;1019;0;0;;;0
30.04.2026;08:10:36;7,3;33,5;6,1;-8;36;1019;0;0;;;0
30.04.2026;08:10:38;7,3;33,5;6,1;-8;36;1019;0;0;;;0
30.04.2026;08:10:39;7,3;33,5;6,1;-8;36;1019;0;0;;;0
30.04.2026;08:10:40;7,3;33,5;6,1;-8;36;1018;0;0;;;0
30.04.2026;08:10:41;7,3;33,5;6,1;-8;36;1018;0;0;;;0
30.04.2026;08:10:42;7,3;33,4;6,1;-8;36;1018;0;0;;;0
30.04.2026;08:10:44;7,3;33,4;6,1;-8;36;1019;0;0;;;0
30.04.2026;08:10:45;7,3;33,4;6,1;-8;36;1018;0;0;;;0
30.04.2026;08:10:46;7,3;33,4;6,1;-8;36;1018;0;0;;;0
30.04.2026;08:10:47;7,3;33,4;6,1;-8;36;1019;0;0;;;0
30.04.2026;08:10:48;7,3;33,4;6,1;-8;36;1019;0;0;;;0
30.04.2026;08:10:49;7,3;33,4;6,1;-8;36;1019;0;0;;;0
30.04.2026;08:10:50;7,3;33,4;6,1;-8;36;1018;0;0;;;0
30.04.2026;08:10:51;7,3;33,4;6,1;-8;36;1019;0;0;;;0
30.04.2026;08:10:52;7,3;33,4;6,1;-8;36;1018;0;0;;;0
30.04.2026;08:10:53;7,3;33,4;6,1;-8;36;1019;0;0;;;0
30.04.2026;08:10:54;7,3;33,4;6,1;-8;36;1018;0;0;;;0
30.04.2026;08:10:55;7,3;33,3;6,1;-8;36;1019;0;0;;;0
30.04.2026;08:10:57;7,3;33,3;6,1;-8;36;1019;0;0;;;0
30.04.2026;08:10:58;7,3;33,3;6,1;-8;36;1019;0;0;;;0
30.04.2026;08:10:59;7,3;33,3;6,1;-8;36;1019;0;0;;;0
30.04.2026;08:11:00;7,3;33,3;6,1;-8;36;1019;0;0;;;0
30.04.2026;08:11:01;7,3;33,3;6,1;-8;36;1018;0;0;;;0
30.04.2026;08:11:02;7,3;33,3;6,1;-8;36;1019;0;0;;;0
30.04.2026;08:11:03;7,3;33,3;6,1;-8;36;1019;0;0;;;0
30.04.2026;08:11:04;7,3;33,3;6,1;-8;36;1018;0;0;;;0
30.04.2026;08:11:05;7,3;33,3;6,1;-8;36;1019;0;0;;;0
30.04.2026;08:11:06;7,3;33,3;6,1;-8;36;1018;0;0;;;0
30.04.2026;08:11:07;7,3;33,3;6,1;-8;36;1019;0;0;;;0
30.04.2026;08:11:08;7,3;33,3;6,1;-8;36;1019;0;0;;;0
30.04.2026;08:11:10;7,3;33,2;6,1;-8;36;1019;0;0;;;0
30.04.2026;08:11:11;7,3;33,2;6,1;-8;36;1019;0;0;;;0
30.04.2026;08:11:12;7,3;33,2;6,1;-8;36;1019;0;0;;;0
30.04.2026;08:11:13;7,3;33,2;6,1;-8;36;1019;0;0;;;0
30.04.2026;08:11:14;7,3;33,2;6,1;-8;36;1019;0;0;;;0
30.04.2026;08:11:15;7,3;33,2;6,1;-8;36;1019;0;0;;;0
30.04.2026;08:11:16;7,3;33,2;6,2;-8;36;1019;0;0;;;0
30.04.2026;08:11:17;7,3;33,2;6,1;-8;36;1019;0;0;;;0
30.04.2026;08:11:18;7,3;33,2;6,1;-8;36;1018;0;0;;;0
30.04.2026;08:11:19;7,3;33,2;6,1;-8;36;1019;0;0;;;0
30.04.2026;08:11:20;7,3;33,2;6,1;-8;36;1019;0;0;;;0
30.04.2026;08:11:22;7,3;33,2;6,1;-8;36;1018;0;0;;;0
30.04.2026;08:11:23;7,3;33,2;6,1;-8;36;1019;0;0;;;0
30.04.2026;08:11:24;7,3;33,2;6,1;-8;36;1019;0;0;;;0
30.04.2026;08:11:25;7,3;33,1;6,1;-8;36;1019;0;0;;;0
30.04.2026;08:11:26;7,3;33,1;6,1;-8;36;1019;0;0;;;0
30.04.2026;08:11:27;7,3;33,1;6,1;-8;36;1019;0;0;;;0
30.04.2026;08:11:28;7,3;33,1;6,1;-8;36;1018;0;0;;;0
30.04.2026;08:11:29;7,3;33,1;6,1;-8;36;1018;0;0;;;0
30.04.2026;08:11:31;7,3;33,1;6,2;-8;36;1019;0;0;;;0
30.04.2026;08:11:32;7,3;33,1;6,1;-8;36;1018;0;0;;;0
30.04.2026;08:11:33;7,3;33,1;6,2;-8;36;1019;0;0;;;0
30.04.2026;08:11:34;7,4;33,1;6,1;-8;36;1018;0;0;;;0
30.04.2026;08:11:35;7,4;33,1;6,1;-8;36;1019;0;0;;;0
30.04.2026;08:11:36;7,4;33,1;6,2;-8;36;1019;0;0;;;0
30.04.2026;08:11:37;7,4;33,1;6,1;-8;36;1019;0;0;;;0
30.04.2026;08:11:38;7,4;33;6,1;-8;36;1018;0;0;;;0
30.04.2026;08:11:39;7,4;33;6,2;-8;36;1019;0;0;;;0
30.04.2026;08:11:41;7,4;33;6,2;-8;36;1019;0;0;;;0
30.04.2026;08:11:42;7,4;33;6,1;-8;36;1019;0;0;;;0
30.04.2026;08:11:43;7,4;33;6,2;-8;36;1019;0;0;;;0
30.04.2026;08:11:44;7,4;33;6,2;-8;36;1019;0;0;;;0
30.04.2026;08:11:45;7,4;33;6,2;-8;36;1019;0;0;;;0
30.04.2026;08:11:46;7,4;33;6,2;-8;36;1018;0;0;;;0
30.04.2026;08:11:47;7,4;33;6,2;-8;36;1018;0;0;;;0
30.04.2026;08:11:48;7,4;33;6,1;-8;36;1018;0;0;;;0
30.04.2026;08:11:49;7,4;33;6,2;-8;36;1019;0;0;;;0
30.04.2026;08:11:50;7,4;32,9;6,2;-8;36;1019;0;0;;;0
30.04.2026;08:11:51;7,4;32,9;6,2;-8;36;1019;0;0;;;0
30.04.2026;08:11:52;7,4;32,9;6,2;-8;36;1019;0;0;;;0
30.04.2026;08:11:53;7,4;32,9;6,2;-8;36;1019;0;0;;;0
30.04.2026;08:11:54;7,4;32,9;6,2;-8;36;1018;0;0;;;0
30.04.2026;08:11:56;7,4;32,9;6,2;-8;36;1019;0;0;;;0
30.04.2026;08:11:57;7,4;32,9;6,2;-8;36;1019;0;0;;;0
30.04.2026;08:11:58;7,4;32,9;6,2;-8;36;1019;0;0;;;0
30.04.2026;08:11:59;7,4;32,8;6,2;-8;36;1019;0;0;;;0
30.04.2026;08:12:00;7,4;32,8;6,2;-8;36;1018;0;0;;;0
30.04.2026;08:12:01;7,4;32,8;6,2;-8;36;1018;0;0;;;0
30.04.2026;08:12:02;7,4;32,8;6,2;-8;36;1019;0;0;;;0
30.04.2026;08:12:03;7,4;32,8;6,2;-8;36;1019;0;0;;;0
30.04.2026;08:12:04;7,4;32,7;6,2;-8;36;1019;0;0;;;0
30.04.2026;08:12:05;7,4;32,7;6,2;-8;36;1018;0;0;;;0
30.04.2026;08:12:06;7,4;32,7;6,2;-8;36;1019;0;0;;;0
30.04.2026;08:12:07;7,4;32,7;6,2;-8;36;1018;0;0;;;0
30.04.2026;08:12:08;7,4;32,7;6,2;-8;36;1018;0;0;;;0
30.04.2026;08:12:09;7,4;32,6;6,2;-8;36;1018;0;0;;;0
30.04.2026;08:12:10;7,4;32,6;6,2;-8;36;1019;0;0;;;0
30.04.2026;08:12:11;7,4;32,6;6,2;-8;36;1019;0;0;;;0
30.04.2026;08:12:12;7,4;32,5;6,2;-8;36;1019;0;0;;;0
30.04.2026;08:12:13;7,4;32,5;6,2;-8;36;1019;0;0;;;0
30.04.2026;08:12:14;7,4;32,5;6,2;-8;36;1019;0;0;;;0
30.04.2026;08:12:15;7,4;32,5;6,2;-8;36;1018;0;0;;;0
30.04.2026;08:12:16;7,4;32,5;6,2;-8;36;1018;0;0;;;0
30.04.2026;08:12:17;7,5;32,4;6,2;-8;36;1019;0;0;;;0
30.04.2026;08:12:19;7,5;32,4;6,2;-8;36;1019;0;0;;;0
30.04.2026;08:12:20;7,5;32,4;6,2;-8;36;1019;0;0;;;0
30.04.2026;08:12:21;7,5;32,4;6,2;-8;36;1019;0;0;;;0
30.04.2026;08:12:22;7,5;32,4;6,2;-8;36;1019;0;0;;;0
30.04.2026;08:12:23;7,5;32,3;6,2;-8;36;1018;0;0;;;0
30.04.2026;08:12:24;7,5;32,3;6,2;-8;36;1018;0;0;;;0
30.04.2026;08:12:25;7,5;32,3;6,2;-8;36;1019;0;0;;;0
30.04.2026;08:12:26;7,5;32,2;6,2;-8;36;1019;0;0;;;0
30.04.2026;08:12:27;7,5;32,2;6,2;-8;36;1019;0;0;;;0
30.04.2026;08:12:28;7,5;32,2;6,2;-8;36;1018;0;0;;;0
30.04.2026;08:12:30;7,5;32,2;6,2;-8;36;1019;0;0;;;0
30.04.2026;08:12:31;7,5;32,1;6,2;-8;36;1019;0;0;;;0
30.04.2026;08:12:32;7,5;32,1;6,2;-8;36;1018;0;0;;;0
30.04.2026;08:12:33;7,5;32,1;6,2;-8;36;1019;0;0;;;0
30.04.2026;08:12:34;7,5;32,1;6,2;-8;36;1019;0;0;;;0
30.04.2026;08:12:35;7,5;32,1;6,2;-8;36;1018;0;0;;;0
30.04.2026;08:12:36;7,5;32;6,2;-8;36;1019;0;0;;;0
30.04.2026;08:12:37;7,5;32;6,2;-8;36;1019;0;0;;;0
30.04.2026;08:12:39;7,5;32;6,2;-8;36;1019;0;0;;;0
30.04.2026;08:12:40;7,5;32;6,3;-8;36;1019;0;0;;;0
30.04.2026;08:12:41;7,5;32;6,2;-8;36;1019;0;0;;;0
30.04.2026;08:12:42;7,5;31,9;6,2;-8;36;1019;0;0;;;0
30.04.2026;08:12:43;7,5;31,9;6,2;-8;36;1018;0;0;;;0
30.04.2026;08:12:44;7,5;31,9;6,2;-8;36;1019;0;0;;;0
30.04.2026;08:12:45;7,5;31,9;6,2;-8;36;1019;0;0;;;0
30.04.2026;08:12:46;7,5;31,9;6,2;-8;36;1019;0;0;;;0
30.04.2026;08:12:47;7,5;31,8;6,4;-8;36;1019;0;0;;;0
30.04.2026;08:12:49;7,5;31,8;6,3;-8;36;1019;0;0;;;0
30.04.2026;08:12:50;7,5;31,8;6,2;-8;36;1019;0;0;;;0
30.04.2026;08:12:51;7,5;31,8;6,3;-8;36;1019;0;0;;;0
30.04.2026;08:12:52;7,5;31,8;6,2;-8;36;1019;0;0;;;0
30.04.2026;08:12:53;7,5;31,8;6,3;-8;36;1019;0;0;;;0
30.04.2026;08:12:54;7,5;31,8;6,2;-8;36;1018;0;0;;;0
30.04.2026;08:12:55;7,6;31,7;6,2;-8;36;1018;0;0;;;0
30.04.2026;08:12:57;7,6;31,7;6,3;-8;36;1019;0;0;;;0
30.04.2026;08:12:58;7,6;31,7;6,3;-8;36;1019;0;0;;;0
30.04.2026;08:12:59;7,6;31,7;6,3;-8;36;1019;0;0;;;0
30.04.2026;08:13:00;7,6;31,7;6,2;-8;36;1018;0;0;;;0
30.04.2026;08:13:01;7,6;31,7;6,3;-8;36;1019;0;0;;;0
30.04.2026;08:13:02;7,6;31,6;6,3;-8;36;1019;0;0;;;0
30.04.2026;08:13:03;7,6;31,6;6,2;-8;36;1019;0;0;;;0
30.04.2026;08:13:04;7,6;31,6;6,3;-8;36;1019;0;0;;;0
30.04.2026;08:13:05;7,6;31,6;6,2;-8;36;1018;0;0;;;0
30.04.2026;08:13:06;7,6;31,5;6,3;-8;36;1019;0;0;;;0
30.04.2026;08:13:08;7,6;31,5;6,3;-8;36;1019;0;0;;;0
30.04.2026;08:13:09;7,6;31,5;6,3;-8;36;1018;0;0;;;0
30.04.2026;08:13:10;7,6;31,5;6,3;-8;36;1019;0;0;;;0
30.04.2026;08:13:11;7,6;31,5;6,3;-8;36;1019;0;0;;;0
30.04.2026;08:13:12;7,6;31,4;6,3;-8;36;1019;0;0;;;0
30.04.2026;08:13:13;7,6;31,4;6,3;-8;36;1018;0;0;;;0
30.04.2026;08:13:14;7,6;31,4;6,3;-8;36;1019;0;0;;;0
30.04.2026;08:13:15;7,6;31,4;6,3;-8;36;1019;0;0;;;0
30.04.2026;08:13:16;7,6;31,4;6,3;-8;36;1019;0;0;;;0
30.04.2026;08:13:17;7,6;31,3;6,3;-8;36;1019;0;0;;;0
30.04.2026;08:13:18;7,6;31,3;6,4;-8;36;1019;0;0;;;0
30.04.2026;08:13:19;7,6;31,3;6,3;-8;36;1018;0;0;;;0
30.04.2026;08:13:20;7,6;31,3;6,3;-8;36;1019;0;0;;;0
30.04.2026;08:13:21;7,6;31,3;6,3;-8;36;1019;0;0;;;0
30.04.2026;08:13:22;7,6;31,3;6,3;-8;36;1019;0;0;;;0
30.04.2026;08:13:24;7,6;31,3;6,3;-8;36;1019;0;0;;;0
30.04.2026;08:13:25;7,6;31,3;6,3;-8;36;1019;0;0;;;0
30.04.2026;08:13:26;7,6;31,2;6,3;-8;36;1019;0;0;;;0
30.04.2026;08:13:27;7,6;31,2;6,3;-8;36;1018;0;0;;;0
30.04.2026;08:13:28;7,6;31,2;6,3;-8;36;1019;0;0;;;0
30.04.2026;08:13:29;7,6;31,2;6,3;-8;36;1019;0;0;;;0
30.04.2026;08:13:30;7,6;31,2;6,3;-8;36;1018;0;0;;;0
30.04.2026;08:13:31;7,6;31,2;6,3;-8;36;1019;0;0;;;0
30.04.2026;08:13:32;7,6;31,2;6,3;-8;36;1019;0;0;;;0
30.04.2026;08:13:33;7,6;31,2;6,3;-8;36;1018;0;0;;;0
30.04.2026;08:13:34;7,6;31,1;6,3;-8;36;1018;0;0;;;0
30.04.2026;08:13:36;7,6;31,1;6,3;-8;36;1019;0;0;;;0
30.04.2026;08:13:37;7,6;31,1;6,3;-8;36;1019;0;0;;;0
30.04.2026;08:13:38;7,6;31,1;6,3;-8;36;1019;0;0;;;0
30.04.2026;08:13:39;7,6;31,1;6,3;-8;36;1019;0;0;;;0
30.04.2026;08:13:40;7,6;31,1;6,3;-8;36;1019;0;0;;;0
30.04.2026;08:13:41;7,6;31,1;6,3;-8;36;1019;0;0;;;0
30.04.2026;08:13:42;7,6;31,1;6,3;-8;36;1018;0;0;;;0
30.04.2026;08:13:43;7,6;31;6,3;-8;36;1019;0;0;;;0
30.04.2026;08:13:44;7,6;31;6,3;-8;36;1019;0;0;;;0
30.04.2026;08:13:45;7,6;31;6,3;-8;36;1019;0;0;;;0
30.04.2026;08:13:46;7,6;31;6,3;-8;36;1019;0;0;;;0
30.04.2026;08:13:48;7,6;31;6,3;-8;36;1019;0;0;;;0
30.04.2026;08:13:49;7,6;31;6,3;-8;36;1019;0;0;;;0
30.04.2026;08:13:50;7,6;30,9;6,4;-8;36;1019;0;0;;;0
30.04.2026;08:13:51;7,6;30,9;6,3;-8;36;1019;0;0;;;0
30.04.2026;08:13:52;7,6;30,9;6,4;-8;36;1019;0;0;;;0
30.04.2026;08:13:53;7,6;30,9;6,3;-8;36;1019;0;0;;;0
30.04.2026;08:13:54;7,6;30,9;6,3;-8;36;1019;0;0;;;0
30.04.2026;08:13:56;7,6;30,9;6,3;-8;36;1019;0;0;;;0
30.04.2026;08:13:57;7,6;30,9;6,3;-8;36;1019;0;0;;;0
30.04.2026;08:13:58;7,6;30,9;6,3;-8;36;1019;0;0;;;0
30.04.2026;08:13:59;7,6;30,9;6,3;-8;36;1018;0;0;;;0
30.04.2026;08:14:00;7,6;30,9;6,3;-8;36;1019;0;0;;;0
30.04.2026;08:14:01;7,6;30,9;6,3;-8;36;1019;0;0;;;0
30.04.2026;08:14:02;7,6;30,8;6,3;-8;36;1019;0;0;;;0
30.04.2026;08:14:03;7,6;30,8;6,4;-8;36;1019;0;0;;;0
30.04.2026;08:14:04;7,6;30,8;6,4;-8;36;1019;0;0;;;0
30.04.2026;08:14:05;7,6;30,8;6,3;-8;36;1019;0;0;;;0
30.04.2026;08:14:06;7,6;30,8;6,4;-8;36;1019;0;0;;;0
30.04.2026;08:14:08;7,6;30,8;6,3;-8;36;1019;0;0;;;0
30.04.2026;08:14:09;7,6;30,8;6,3;-8;36;1019;0;0;;;0
30.04.2026;08:14:10;7,6;30,7;6,3;-8;36;1019;0;0;;;0
30.04.2026;08:14:11;7,6;30,7;6,3;-8;36;1019;0;0;;;0
30.04.2026;08:14:12;7,6;30,7;6,3;-8;36;1019;0;0;;;0
30.04.2026;08:14:13;7,6;30,7;6,3;-8;36;1019;0;0;;;0
30.04.2026;08:14:14;7,6;30,7;6,3;-8;36;1019;0;0;;;0
30.04.2026;08:14:15;7,6;30,7;6,3;-8;36;1018;0;0;;;0
30.04.2026;08:14:16;7,6;30,7;6,4;-8;36;1019;0;0;;;0
30.04.2026;08:14:18;7,6;30,6;6,4;-8;36;1019;0;0;;;0
30.04.2026;08:14:19;7,6;30,6;6,4;-8;36;1019;0;0;;;0
30.04.2026;08:14:20;7,6;30,6;6,4;-8;36;1019;0;0;;;0
30.04.2026;08:14:21;7,6;30,6;6,4;-8;36;1019;0;0;;;0
30.04.2026;08:14:22;7,6;30,6;6,4;-8;36;1019;0;0;;;0
30.04.2026;08:14:23;7,6;30,6;6,4;-8;36;1019;0;0;;;0
30.04.2026;08:14:24;7,6;30,6;6,4;-8;36;1018;0;0;;;0
30.04.2026;08:14:25;7,6;30,6;6,4;-8;36;1018;0;0;;;0
30.04.2026;08:14:26;7,6;30,5;6,4;-8;36;1019;0;0;;;0
30.04.2026;08:14:27;7,6;30,5;6,4;-8;36;1019;0;0;;;0
30.04.2026;08:14:28;7,6;30,5;6,4;-8;36;1019;0;0;;;0
30.04.2026;08:14:29;7,6;30,5;6,4;-8;36;1019;0;0;;;0
30.04.2026;08:14:30;7,6;30,5;6,4;-8;36;1019;0;0;;;0
30.04.2026;08:14:31;7,6;30,5;6,4;-8;36;1019;0;0;;;0
30.04.2026;08:14:32;7,6;30,5;6,4;-8;36;1019;0;0;;;0
30.04.2026;08:14:33;7,6;30,5;6,4;-8;36;1018;0;0;;;0
30.04.2026;08:14:34;7,7;30,5;6,4;-8;36;1019;0;0;;;0
30.04.2026;08:14:35;7,7;30,5;6,4;-8;36;1019;0;0;;;0
30.04.2026;08:14:37;7,7;30,5;6,4;-8;36;1019;0;0;;;0
30.04.2026;08:14:38;7,6;30,4;6,4;-8;36;1019;0;0;;;0
30.04.2026;08:14:39;7,6;30,4;6,4;-8;36;1019;0;0;;;0
30.04.2026;08:14:40;7,6;30,4;6,4;-8;36;1019;0;0;;;0
30.04.2026;08:14:41;7,6;30,4;6,4;-8;36;1019;0;0;;;0
30.04.2026;08:14:42;7,7;30,4;6,4;-8;36;1019;0;0;;;0
30.04.2026;08:14:43;7,7;30,4;6,4;-8;36;1019;0;0;;;0
30.04.2026;08:14:44;7,7;30,4;6,4;-8;36;1019;0;0;;;0
30.04.2026;08:14:45;7,7;30,4;6,4;-8;36;1019;0;0;;;0
30.04.2026;08:14:46;7,7;30,4;6,4;-8;36;1019;0;0;;;0
30.04.2026;08:14:48;7,7;30,3;6,4;-8;36;1019;0;0;;;0
30.04.2026;08:14:49;7,7;30,3;6,4;-8;36;1019;0;0;;;0
30.04.2026;08:14:50;7,7;30,3;6,4;-8;36;1019;0;0;;;0
30.04.2026;08:14:51;7,7;30,3;6,4;-8;36;1019;0;0;;;0
30.04.2026;08:14:52;7,7;30,3;6,4;-8;36;1019;0;0;;;0
30.04.2026;08:14:53;7,7;30,3;6,4;-8;36;1018;0;0;;;0
30.04.2026;08:14:54;7,7;30,3;6,4;-8;36;1019;0;0;;;0
30.04.2026;08:14:55;7,7;30,3;6,4;-8;36;1019;0;0;;;0
30.04.2026;08:14:57;7,7;30,3;6,4;-8;36;1019;0;0;;;0
30.04.2026;08:14:58;7,7;30,3;6,4;-8;36;1019;0;0;;;0
30.04.2026;08:14:59;7,7;30,3;6,4;-8;36;1019;0;0;;;0
30.04.2026;08:15:00;7,7;30,3;6,4;-8;36;1019;0;0;;;0
30.04.2026;08:15:01;7,7;30,2;6,4;-8;36;1019;0;0;;;0
30.04.2026;08:15:02;7,7;30,2;6,4;-8;36;1019;0;0;;;0
30.04.2026;08:15:03;7,7;30,2;6,4;-8;36;1019;0;0;;;0
30.04.2026;08:15:04;7,7;30,2;6,4;-8;36;1019;0;0;;;0
30.04.2026;08:15:06;7,7;30,2;6,4;-8;36;1019;0;0;;;0
30.04.2026;08:15:07;7,7;30,2;6,4;-8;36;1019;0;0;;;0
30.04.2026;08:15:08;7,7;30,2;6,4;-8;36;1019;0;0;;;0
30.04.2026;08:15:09;7,7;30,2;6,4;-8;36;1019;0;0;;;0
30.04.2026;08:15:10;7,7;30,1;6,4;-8;36;1019;0;0;;;0
30.04.2026;08:15:11;7,7;30,1;6,5;-8;36;1019;0;0;;;0
30.04.2026;08:15:12;7,7;30,1;6,4;-8;36;1019;0;0;;;0
30.04.2026;08:15:13;7,7;30,1;6,4;-8;36;1019;0;0;;;0
30.04.2026;08:15:14;7,7;30,1;6,5;-8;36;1019;0;0;;;0
30.04.2026;08:15:15;7,7;30,1;6,5;-8;36;1019;0;0;;;0
30.04.2026;08:15:16;7,7;30,1;6,5;-8;36;1019;0;0;;;0
30.04.2026;08:15:18;7,7;30,1;6,5;-8;36;1019;0;0;;;0
30.04.2026;08:15:19;7,7;30;6,5;-8;36;1019;0;0;;;0
30.04.2026;08:15:20;7,7;30;6,5;-8;36;1019;0;0;;;0
30.04.2026;08:15:21;7,7;30;6,5;-8;36;1019;0;0;;;0
30.04.2026;08:15:22;7,7;30;6,4;-8;36;1019;0;0;;;0
30.04.2026;08:15:23;7,7;30;6,5;-8;36;1019;0;0;;;0
30.04.2026;08:15:24;7,7;30;6,5;-8;36;1019;0;0;;;0
30.04.2026;08:15:25;7,7;30;6,4;-8;36;1019;0;0;;;0
30.04.2026;08:15:26;7,7;30;6,5;-8;36;1019;0;0;;;0
30.04.2026;08:15:27;7,7;30;6,5;-8;36;1019;0;0;;;0
30.04.2026;08:15:28;7,7;30;6,5;-8;36;1019;0;0;;;0
30.04.2026;08:15:29;7,7;30;6,5;-8;36;1019;0;0;;;0
30.04.2026;08:15:31;7,7;30;6,5;-8;36;1019;0;0;;;0
30.04.2026;08:15:32;7,7;29,9;6,5;-8;36;1019;0;0;;;0
30.04.2026;08:15:33;7,7;29,9;6,5;-8;36;1019;0;0;;;0
30.04.2026;08:15:34;7,7;29,9;6,5;-8;36;1019;0;0;;;0
30.04.2026;08:15:35;7,7;29,9;6,5;-8;36;1019;0;0;;;0
30.04.2026;08:15:37;7,7;29,9;6,5;-8;36;1019;0;0;;;0
30.04.2026;08:15:38;7,7;29,9;6,5;-8;36;1019;0;0;;;0
30.04.2026;08:15:39;7,7;29,9;6,6;-8;36;1019;0;0;;;0
30.04.2026;08:15:40;7,7;29,9;6,5;-8;36;1019;0;0;;;0
30.04.2026;08:15:41;7,7;29,9;6,5;-8;36;1019;0;0;;;0
30.04.2026;08:15:42;7,7;29,9;6,5;-8;36;1019;0;0;;;0
30.04.2026;08:15:43;7,7;29,9;6,5;-8;36;1019;0;0;;;0
30.04.2026;08:15:44;7,7;29,9;6,5;-8;36;1019;0;0;;;0
30.04.2026;08:15:46;7,7;29,8;6,5;-8;36;1019;0;0;;;0
30.04.2026;08:15:47;7,7;29,8;6,5;-8;36;1019;0;0;;;0
30.04.2026;08:15:48;7,8;29,8;6,5;-8;36;1019;0;0;;;0
30.04.2026;08:15:49;7,8;29,8;6,5;-8;36;1019;0;0;;;0
30.04.2026;08:15:50;7,8;29,8;6,5;-8;36;1019;0;0;;;0
30.04.2026;08:15:51;7,8;29,8;6,5;-8;36;1019;0;0;;;0
30.04.2026;08:15:52;7,8;29,8;6,5;-8;36;1019;0;0;;;0
30.04.2026;08:15:53;7,8;29,8;6,5;-8;36;1019;0;0;;;0
30.04.2026;08:15:54;7,8;29,8;6,5;-8;36;1019;0;0;;;0
30.04.2026;08:15:55;7,8;29,8;6,5;-8;36;1019;0;0;;;0
30.04.2026;08:15:56;7,8;29,8;6,5;-8;36;1019;0;0;;;0
30.04.2026;08:15:57;7,8;29,8;6,5;-8;36;1019;0;0;;;0
30.04.2026;08:15:58;7,8;29,8;6,5;-8;36;1019;0;0;;;0
30.04.2026;08:15:59;7,8;29,8;6,5;-8;36;1019;0;0;;;0
30.04.2026;08:16:00;7,8;29,8;6,5;-8;36;1019;0;0;;;0
30.04.2026;08:16:01;7,8;29,7;6,5;-8;36;1019;0;0;;;0
30.04.2026;08:16:03;7,8;29,7;6,5;-8;36;1019;0;0;;;0
30.04.2026;08:16:04;7,8;29,7;6,5;-8;36;1019;0;0;;;0
30.04.2026;08:16:05;7,8;29,7;6,5;-8;36;1019;0;0;;;0
30.04.2026;08:16:06;7,8;29,7;6,5;-8;36;1019;0;0;;;0
30.04.2026;08:16:07;7,8;29,7;6,5;-8;36;1019;0;0;;;0
30.04.2026;08:16:08;7,8;29,7;6,5;-8;36;1019;0;0;;;0
30.04.2026;08:16:09;7,8;29,7;6,5;-8;36;1019;0;0;;;0
30.04.2026;08:16:10;7,8;29,7;6,5;-8;36;1019;0;0;;;0
30.04.2026;08:16:11;7,8;29,7;6,5;-8;36;1019;0;0;;;0
30.04.2026;08:16:13;7,8;29,7;6,5;-8;36;1019;0;0;;;0
30.04.2026;08:16:14;7,8;29,7;6,5;-8;36;1019;0;0;;;0
30.04.2026;08:16:15;7,8;29,7;6,5;-8;36;1019;0;0;;;0
30.04.2026;08:16:16;7,8;29,7;6,5;-8;36;1019;0;0;;;0
30.04.2026;08:16:17;7,8;29,7;6,5;-8;36;1019;0;0;;;0
30.04.2026;08:16:18;7,8;29,7;6,5;-8;36;1019;0;0;;;0
30.04.2026;08:16:19;7,8;29,7;6,5;-8;36;1019;0;0;;;0
30.04.2026;08:16:20;7,8;29,7;6,5;-8;36;1019;0;0;;;0
30.04.2026;08:16:21;7,8;29,6;6,5;-8;36;1019;0;0;;;0
30.04.2026;08:16:22;7,8;29,6;6,5;-8;36;1019;0;0;;;0
30.04.2026;08:16:23;7,8;29,6;6,5;-8;36;1019;0;0;;;0
30.04.2026;08:16:24;7,8;29,6;6,5;-8;36;1019;0;0;;;0
30.04.2026;08:16:25;7,8;29,6;6,6;-8;36;1019;0;0;;;0
30.04.2026;08:16:26;7,8;29,6;6,6;-8;36;1019;0;0;;;0
30.04.2026;08:16:27;7,8;29,6;6,5;-8;36;1019;0;0;;;0
30.04.2026;08:16:29;7,8;29,6;6,5;-8;36;1019;0;0;;;0
30.04.2026;08:16:30;7,8;29,6;6,6;-8;36;1019;0;0;;;0
30.04.2026;08:16:31;7,8;29,6;6,6;-8;36;1019;0;0;;;0
30.04.2026;08:16:32;7,8;29,6;6,5;-8;36;1019;0;0;;;0
30.04.2026;08:16:33;7,8;29,6;6,5;-8;36;1019;0;0;;;0
30.04.2026;08:16:34;7,8;29,6;6,5;-8;36;1019;0;0;;;0
30.04.2026;08:16:35;7,9;29,6;6,5;-8;36;1019;0;0;;;0
30.04.2026;08:16:36;7,9;29,6;6,6;-8;36;1019;0;0;;;0
30.04.2026;08:16:37;7,9;29,5;6,5;-8;36;1019;0;0;;;0
30.04.2026;08:16:39;7,9;29,5;6,6;-8;36;1019;0;0;;;0
30.04.2026;08:16:40;7,9;29,5;6,5;-8;36;1019;0;0;;;0
30.04.2026;08:16:41;7,9;29,5;6,5;-8;36;1019;0;0;;;0
30.04.2026;08:16:42;7,9;29,5;6,5;-8;36;1019;0;0;;;0
30.04.2026;08:16:43;7,9;29,5;6,5;-8;36;1019;0;0;;;0
30.04.2026;08:16:44;7,9;29,5;6,6;-8;36;1019;0;0;;;0
30.04.2026;08:16:45;7,9;29,5;6,6;-8;36;1019;0;0;;;0
30.04.2026;08:16:46;7,9;29,5;6,6;-8;36;1019;0;0;;;0
30.04.2026;08:16:47;7,9;29,5;6,6;-8;36;1019;0;0;;;0
30.04.2026;08:16:48;7,9;29,4;6,6;-8;36;1019;0;0;;;0
30.04.2026;08:16:50;7,9;29,4;6,6;-8;36;1019;0;0;;;0
30.04.2026;08:16:51;7,9;29,4;6,6;-8;36;1019;0;0;;;0
30.04.2026;08:16:52;7,9;29,4;6,6;-8;36;1019;0;0;;;0
30.04.2026;08:16:53;7,9;29,4;6,6;-8;36;1019;0;0;;;0
30.04.2026;08:16:54;7,9;29,3;6,6;-8;36;1019;0;0;;;0
30.04.2026;08:16:55;7,9;29,3;6,6;-8;36;1019;0;0;;;0
30.04.2026;08:16:56;7,9;29,3;6,6;-8;36;1019;0;0;;;0
30.04.2026;08:16:57;7,9;29,3;6,6;-8;36;1019;0;0;;;0
30.04.2026;08:16:58;7,9;29,3;6,6;-8;36;1019;0;0;;;0
30.04.2026;08:16:59;7,9;29,3;6,6;-8;36;1019;0;0;;;0
30.04.2026;08:17:00;7,9;29,3;6,6;-8;36;1019;0;0;;;0
30.04.2026;08:17:02;7,9;29,3;6,6;-8;36;1019;0;0;;;0
30.04.2026;08:17:03;7,9;29,2;6,6;-8;36;1019;0;0;;;0
30.04.2026;08:17:04;7,9;29,2;6,6;-8;36;1019;0;0;;;0
30.04.2026;08:17:05;7,9;29,2;6,6;-8;36;1019;0;0;;;0
30.04.2026;08:17:06;7,9;29,2;6,6;-8;36;1019;0;0;;;0
30.04.2026;08:17:07;7,9;29,1;6,6;-8;36;1019;0;0;;;0
30.04.2026;08:17:08;7,9;29,1;6,6;-8;36;1019;0;0;;;0
30.04.2026;08:17:09;7,9;29,1;6,6;-8;36;1019;0;0;;;0
30.04.2026;08:17:10;7,9;29,1;6,6;-8;36;1019;0;0;;;0
30.04.2026;08:17:12;7,9;29,1;6,6;-8;36;1019;0;0;;;0
30.04.2026;08:17:12;7,9;29,1;6,6;-8;36;1019;0;0;;;0
30.04.2026;08:17:14;7,9;29,1;6,6;-8;36;1019;0;0;;;0
30.04.2026;08:17:15;7,9;29,1;6,6;-8;36;1019;0;0;;;0
30.04.2026;08:17:16;8;29,1;6,6;-8;36;1019;0;0;;;0
30.04.2026;08:17:17;8;29,1;6,6;-8;36;1019;0;0;;;0
30.04.2026;08:17:18;8;29,1;6,7;-8;36;1019;0;0;;;0
30.04.2026;08:17:19;8;29,1;6,7;-8;36;1019;0;0;;;0
30.04.2026;08:17:20;8;29,1;6,6;-8;36;1019;0;0;;;0
30.04.2026;08:17:21;8;29;6,6;-8;36;1019;0;0;;;0
30.04.2026;08:17:23;8;29;6,6;-8;36;1019;0;0;;;0
30.04.2026;08:17:24;8;29;6,6;-8;36;1019;0;0;;;0
30.04.2026;08:17:25;8;29;6,6;-8;36;1019;0;0;;;0
30.04.2026;08:17:26;8;29;6,6;-8;36;1019;0;0;;;0
30.04.2026;08:17:27;8;29;6,6;-8;36;1019;0;0;;;0
30.04.2026;08:17:28;8;29;6,6;-8;36;1019;0;0;;;0
30.04.2026;08:17:29;8;29;6,6;-8;36;1019;0;0;;;0
30.04.2026;08:17:30;8;29;6,6;-8;36;1019;0;0;;;0
30.04.2026;08:17:31;8;29;6,6;-8;36;1019;0;0;;;0
30.04.2026;08:17:32;8;29;6,6;-8;36;1019;0;0;;;0
30.04.2026;08:17:34;8;29;6,6;-8;36;1019;0;0;;;0
30.04.2026;08:17:35;8;28,9;6,6;-8;36;1019;0;0;;;0
30.04.2026;08:17:36;8;28,9;6,6;-8;36;1019;0;0;;;0
30.04.2026;08:17:37;8;28,9;6,6;-8;36;1019;0;0;;;0
30.04.2026;08:17:38;8;28,9;6,6;-8;36;1019;0;0;;;0
30.04.2026;08:17:39;8;28,9;6,6;-8;36;1019;0;0;;;0
30.04.2026;08:17:40;8;28,9;6,6;-8;36;1019;0;0;;;0
30.04.2026;08:17:41;8;28,9;6,6;-8;36;1019;0;0;;;0
30.04.2026;08:17:42;8;28,9;6,6;-8;36;1019;0;0;;;0
30.04.2026;08:17:43;8;28,9;6,6;-8;36;1019;0;0;;;0
30.04.2026;08:17:44;8;28,9;6,6;-8;36;1019;0;0;;;0
30.04.2026;08:17:45;8;28,9;6,6;-8;36;1019;0;0;;;0
30.04.2026;08:17:46;8;28,9;6,6;-8;36;1019;0;0;;;0
30.04.2026;08:17:47;8;28,9;6,6;-8;36;1019;0;0;;;0
30.04.2026;08:17:49;8;28,9;6,6;-8;36;1019;0;0;;;0
30.04.2026;08:17:50;8;28,9;6,6;-8;36;1019;0;0;;;0
30.04.2026;08:17:51;8;28,9;6,7;-8;36;1019;0;0;;;0
30.04.2026;08:17:52;8;28,9;6,6;-8;36;1019;0;0;;;0
30.04.2026;08:17:53;8;28,9;6,6;-8;36;1019;0;0;;;0
30.04.2026;08:17:54;8;28,8;6,6;-8;36;1019;0;0;;;0
30.04.2026;08:17:55;8;28,8;6,6;-8;36;1019;0;0;;;0
30.04.2026;08:17:56;8;28,8;6,6;-8;36;1019;0;0;;;0
30.04.2026;08:17:57;8;28,8;6,6;-8;36;1018;0;0;;;0
30.04.2026;08:17:58;8;28,8;6,6;-8;36;1019;0;0;;;0
30.04.2026;08:17:59;8;28,8;6,6;-8;36;1018;0;0;;;0
30.04.2026;08:18:00;8;28,8;6,6;-8;36;1019;0;0;;;0
30.04.2026;08:18:01;8;28,8;6,6;-8;36;1019;0;0;;;0
30.04.2026;08:18:02;8;28,8;6,6;-8;36;1019;0;0;;;0
30.04.2026;08:18:03;8;28,8;6,7;-8;36;1019;0;0;;;0
30.04.2026;08:18:04;8;28,8;6,7;-8;36;1019;0;0;;;0
30.04.2026;08:18:06;8;28,8;6,6;-8;36;1019;0;0;;;0
30.04.2026;08:18:07;8;28,8;6,7;-8;36;1019;0;0;;;0
30.04.2026;08:18:08;8;28,8;6,7;-8;36;1019;0;0;;;0
30.04.2026;08:18:09;8;28,8;6,6;-8;36;1019;0;0;;;0
30.04.2026;08:18:10;8;28,8;6,7;-8;36;1019;0;0;;;0
30.04.2026;08:18:11;8,1;28,8;6,7;-8;36;1019;0;0;;;0
30.04.2026;08:18:12;8,1;28,8;6,7;-8;36;1019;0;0;;;0
30.04.2026;08:18:13;8,1;28,7;6,7;-8;36;1019;0;0;;;0
30.04.2026;08:18:14;8,1;28,7;6,7;-8;36;1019;0;0;;;0
30.04.2026;08:18:15;8,1;28,7;6,7;-8;36;1019;0;0;;;0
30.04.2026;08:18:16;8,1;28,7;6,7;-8;36;1019;0;0;;;0
30.04.2026;08:18:17;8,1;28,7;6,7;-8;36;1019;0;0;;;0
30.04.2026;08:18:18;8,1;28,7;6,6;-8;36;1019;0;0;;;0
30.04.2026;08:18:19;8,1;28,7;6,7;-8;36;1019;0;0;;;0
30.04.2026;08:18:20;8,1;28,7;6,7;-8;36;1018;0;0;;;0
30.04.2026;08:18:21;8,1;28,7;6,7;-8;36;1019;0;0;;;0
30.04.2026;08:18:22;8,1;28,7;6,7;-8;36;1019;0;0;;;0
30.04.2026;08:18:23;8,1;28,7;6,7;-8;36;1019;0;0;;;0
30.04.2026;08:18:25;8,1;28,7;6,7;-8;36;1018;0;0;;;0
30.04.2026;08:18:26;8,1;28,7;6,7;-8;36;1019;0;0;;;0
30.04.2026;08:18:27;8,1;28,7;6,7;-8;36;1019;0;0;;;0
30.04.2026;08:18:28;8,1;28,7;6,7;-8;36;1019;0;0;;;0
30.04.2026;08:18:29;8,1;28,7;6,7;-8;36;1018;0;0;;;0
30.04.2026;08:18:30;8,1;28,7;6,7;-8;36;1019;0;0;;;0
30.04.2026;08:18:31;8,1;28,7;6,7;-8;36;1019;0;0;;;0
30.04.2026;08:18:32;8,1;28,7;6,7;-8;36;1019;0;0;;;0
30.04.2026;08:18:33;8,1;28,6;6,7;-8;36;1019;0;0;;;0
30.04.2026;08:18:34;8,1;28,6;6,7;-8;36;1019;0;0;;;0
30.04.2026;08:18:35;8,1;28,6;6,7;-8;36;1019;0;0;;;0
30.04.2026;08:18:37;8,1;28,6;6,7;-8;36;1019;0;0;;;0
30.04.2026;08:18:38;8,1;28,6;6,7;-8;36;1019;0;0;;;0
30.04.2026;08:18:39;8,1;28,6;6,7;-8;36;1019;0;0;;;0
30.04.2026;08:18:40;8,1;28,6;6,7;-8;36;1018;0;0;;;0
30.04.2026;08:18:41;8,1;28,6;6,7;-8;36;1019;0;0;;;0
30.04.2026;08:18:42;8,1;28,6;6,7;-8;36;1019;0;0;;;0
30.04.2026;08:18:43;8,1;28,5;6,7;-8;36;1019;0;0;;;0
30.04.2026;08:18:44;8,1;28,5;6,7;-8;36;1019;0;0;;;0
30.04.2026;08:18:45;8,1;28,5;6,7;-8;36;1019;0;0;;;0
30.04.2026;08:18:47;8,1;28,5;6,7;-8;36;1019;0;0;;;0
30.04.2026;08:18:48;8,1;28,5;6,7;-8;36;1019;0;0;;;0
30.04.2026;08:18:49;8,1;28,5;6,7;-8;36;1019;0;0;;;0
30.04.2026;08:18:50;8,1;28,5;6,7;-8;36;1019;0;0;;;0
30.04.2026;08:18:51;8,1;28,5;6,7;-8;36;1019;0;0;;;0
30.04.2026;08:18:52;8,1;28,5;6,7;-8;36;1019;0;0;;;0
30.04.2026;08:18:53;8,1;28,5;6,7;-8;36;1019;0;0;;;0
30.04.2026;08:18:54;8,1;28,4;6,7;-8;36;1019;0;0;;;0
30.04.2026;08:18:55;8,1;28,4;6,7;-8;36;1019;0;0;;;0
30.04.2026;08:18:56;8,1;28,4;6,7;-8;36;1019;0;0;;;0
30.04.2026;08:18:57;8,1;28,4;6,7;-8;36;1018;0;0;;;0
30.04.2026;08:18:58;8,1;28,4;6,7;-8;36;1018;0;0;;;0
30.04.2026;08:18:59;8,1;28,4;6,7;-8;36;1019;0;0;;;0
30.04.2026;08:19:00;8,1;28,4;6,7;-8;36;1019;0;0;;;0
30.04.2026;08:19:01;8,1;28,3;6,7;-8;36;1019;0;0;;;0
30.04.2026;08:19:02;8,1;28,3;6,7;-8;36;1019;0;0;;;0
30.04.2026;08:19:04;8,1;28,3;6,7;-8;36;1019;0;0;;;0
30.04.2026;08:19:05;8,1;28,3;6,7;-8;36;1019;0;0;;;0
30.04.2026;08:19:06;8,1;28,3;6,7;-8;36;1019;0;0;;;0
30.04.2026;08:19:07;8,1;28,3;6,7;-8;36;1018;0;0;;;0
30.04.2026;08:19:08;8,1;28,3;6,7;-8;36;1019;0;0;;;0
30.04.2026;08:19:09;8,1;28,3;6,7;-8;36;1019;0;0;;;0
30.04.2026;08:19:10;8,2;28,2;6,7;-8;36;1019;0;0;;;0
30.04.2026;08:19:11;8,2;28,2;6,7;-8;36;1019;0;0;;;0
30.04.2026;08:19:12;8,2;28,2;6,7;-8;36;1019;0;0;;;0
30.04.2026;08:19:13;8,2;28,2;6,7;-8;36;1019;0;0;;;0
30.04.2026;08:19:14;8,2;28,2;6,7;-8;36;1019;0;0;;;0
30.04.2026;08:19:15;8,2;28,2;6,7;-8;36;1019;0;0;;;0
30.04.2026;08:19:16;8,2;28,2;6,7;-8;36;1019;0;0;;;0
30.04.2026;08:19:17;8,2;28,2;6,7;-8;36;1018;0;0;;;0
30.04.2026;08:19:18;8,2;28,1;6,7;-8;36;1019;0;0;;;0
30.04.2026;08:19:19;8,2;28,1;6,7;-8;36;1019;0;0;;;0
30.04.2026;08:19:20;8,2;28,1;6,7;-8;36;1018;0;0;;;0
30.04.2026;08:19:21;8,2;28,1;6,7;-8;36;1019;0;0;;;0
30.04.2026;08:19:23;8,2;28,1;6,7;-8;36;1019;0;0;;;0
30.04.2026;08:19:24;8,2;28,1;6,7;-8;36;1019;0;0;;;0
30.04.2026;08:19:25;8,2;28,1;6,7;-8;36;1019;0;0;;;0
30.04.2026;08:19:26;8,2;28,1;6,7;-8;36;1019;0;0;;;0
30.04.2026;08:19:27;8,2;28;6,7;-8;36;1019;0;0;;;0
30.04.2026;08:19:29;8,2;28;6,7;-8;36;1018;0;0;;;0
30.04.2026;08:19:30;8,2;28;6,7;-8;36;1018;0;0;;;0
30.04.2026;08:19:31;8,2;28;6,8;-8;36;1019;0;0;;;0
30.04.2026;08:19:32;8,2;28;6,7;-8;36;1019;0;0;;;0
30.04.2026;08:19:33;8,2;28;6,7;-8;36;1018;0;0;;;0
30.04.2026;08:19:34;8,2;28;6,7;-8;36;1019;0;0;;;0
30.04.2026;08:19:35;8,2;28;6,7;-8;36;1019;0;0;;;0
30.04.2026;08:19:36;8,2;28;6,7;-8;36;1018;0;0;;;0
30.04.2026;08:19:37;8,2;27,9;6,7;-8;36;1019;0;0;;;0
30.04.2026;08:19:38;8,2;27,9;6,7;-8;36;1019;0;0;;;0
30.04.2026;08:19:40;8,2;27,9;6,7;-8;36;1018;0;0;;;0
30.04.2026;08:19:41;8,2;27,9;6,7;-8;36;1019;0;0;;;0
30.04.2026;08:19:42;8,2;27,9;6,8;-8;36;1019;0;0;;;0
30.04.2026;08:19:43;8,2;27,9;6,8;-8;36;1019;0;0;;;0
30.04.2026;08:19:44;8,2;27,9;6,7;-8;36;1018;0;0;;;0
30.04.2026;08:19:45;8,2;27,9;6,8;-8;36;1019;0;0;;;0
30.04.2026;08:19:46;8,2;27,9;6,7;-8;36;1018;0;0;;;0
30.04.2026;08:19:47;8,2;27,9;6,8;-8;36;1019;0;0;;;0
30.04.2026;08:19:48;8,2;27,9;6,8;-8;36;1018;0;0;;;0
30.04.2026;08:19:49;8,2;27,9;6,8;-8;36;1019;0;0;;;0
30.04.2026;08:19:50;8,2;27,9;6,8;-8;36;1019;0;0;;;0
30.04.2026;08:19:51;8,2;27,9;6,8;-8;36;1018;0;0;;;0
30.04.2026;08:19:52;8,2;27,9;6,8;-8;36;1018;0;0;;;0
30.04.2026;08:19:53;8,2;27,9;6,8;-8;36;1018;0;0;;;0
30.04.2026;08:19:54;8,2;27,9;6,8;-8;36;1019;0;0;;;0
30.04.2026;08:19:55;8,2;27,9;6,8;-8;36;1019;0;0;;;0
30.04.2026;08:19:56;8,2;27,9;6,8;-8;36;1019;0;0;;;0
30.04.2026;08:19:57;8,2;27,8;6,8;-8;36;1019;0;0;;;0
30.04.2026;08:19:58;8,2;27,8;6,8;-8;36;1019;0;0;;;0
30.04.2026;08:20:00;8,3;27,8;6,8;-8;36;1019;0;0;;;0
30.04.2026;08:20:01;8,3;27,8;6,8;-8;36;1019;0;0;;;0
30.04.2026;08:20:02;8,3;27,8;6,8;-8;36;1019;0;0;;;0
30.04.2026;08:20:03;8,3;27,8;6,8;-8;36;1019;0;0;;;0
30.04.2026;08:20:04;8,3;27,8;6,8;-8;36;1019;0;0;;;0
30.04.2026;08:20:05;8,3;27,8;6,8;-8;36;1019;0;0;;;0
30.04.2026;08:20:06;8,3;27,8;6,8;-8;36;1019;0;0;;;0
30.04.2026;08:20:07;8,3;27,8;6,8;-8;36;1019;0;0;;;0
30.04.2026;08:20:08;8,3;27,8;6,8;-8;36;1019;0;0;;;0
30.04.2026;08:20:09;8,3;27,8;6,8;-8;36;1019;0;0;;;0
30.04.2026;08:20:11;8,3;27,7;6,8;-8;36;1019;0;0;;;0
30.04.2026;08:20:12;8,3;27,7;6,8;-8;36;1019;0;0;;;0
30.04.2026;08:20:13;8,3;27,7;6,8;-8;36;1019;0;0;;;0
30.04.2026;08:20:14;8,3;27,7;6,8;-8;36;1019;0;0;;;0
30.04.2026;08:20:15;8,3;27,7;6,8;-8;36;1019;0;0;;;0
30.04.2026;08:20:16;8,3;27,7;6,8;-8;36;1019;0;0;;;0
30.04.2026;08:20:17;8,3;27,7;6,8;-8;36;1019;0;0;;;0
30.04.2026;08:20:18;8,3;27,7;6,8;-8;36;1018;0;0;;;0
30.04.2026;08:20:19;8,3;27,7;6,8;-8;36;1019;0;0;;;0
30.04.2026;08:20:20;8,3;27,7;6,8;-8;36;1019;0;0;;;0
30.04.2026;08:20:21;8,3;27,6;6,8;-8;36;1019;0;0;;;0
30.04.2026;08:20:22;8,3;27,6;6,8;-8;36;1019;0;0;;;0
30.04.2026;08:20:23;8,3;27,6;6,8;-8;36;1019;0;0;;;0
30.04.2026;08:20:25;8,3;27,6;6,8;-8;36;1019;0;0;;;0
30.04.2026;08:20:25;8,3;27,6;6,8;-8;36;1019;0;0;;;0
30.04.2026;08:20:27;8,3;27,6;6,8;-8;36;1019;0;0;;;0
30.04.2026;08:20:28;8,3;27,6;6,8;-8;36;1019;0;0;;;0
30.04.2026;08:20:29;8,3;27,6;6,8;-8;36;1018;0;0;;;0
30.04.2026;08:20:30;8,3;27,5;6,8;-8;36;1019;0;0;;;0
30.04.2026;08:20:31;8,3;27,5;6,8;-8;36;1019;0;0;;;0
30.04.2026;08:20:33;8,3;27,5;6,8;-8;36;1018;0;0;;;0
30.04.2026;08:20:34;8,3;27,5;6,8;-8;36;1019;0;0;;;0
30.04.2026;08:20:35;8,3;27,5;6,8;-8;36;1019;0;0;;;0
30.04.2026;08:20:36;8,3;27,5;6,8;-8;36;1018;0;0;;;0
30.04.2026;08:20:37;8,3;27,5;6,8;-8;36;1019;0;0;;;0
30.04.2026;08:20:38;8,3;27,5;6,8;-8;36;1019;0;0;;;0
30.04.2026;08:20:39;8,3;27,5;6,8;-8;36;1018;0;0;;;0
30.04.2026;08:20:40;8,3;27,5;6,8;-8;36;1019;0;0;;;0
30.04.2026;08:20:41;8,3;27,5;6,8;-8;36;1019;0;0;;;0
30.04.2026;08:20:42;8,3;27,5;6,8;-8;36;1018;0;0;;;0
30.04.2026;08:20:43;8,3;27,4;6,8;-8;36;1018;0;0;;;0
30.04.2026;08:20:44;8,3;27,4;6,8;-8;36;1019;0;0;;;0
30.04.2026;08:20:46;8,3;27,4;6,8;-8;36;1018;0;0;;;0
30.04.2026;08:20:47;8,3;27,4;6,8;-8;36;1019;0;0;;;0
30.04.2026;08:20:48;8,3;27,4;6,9;-8;36;1019;0;0;;;0
30.04.2026;08:20:49;8,4;27,4;6,8;-8;36;1019;0;0;;;0
30.04.2026;08:20:50;8,4;27,4;6,8;-8;36;1018;0;0;;;0
30.04.2026;08:20:51;8,4;27,4;6,8;-8;36;1019;0;0;;;0
30.04.2026;08:20:52;8,4;27,3;6,8;-8;36;1018;0;0;;;0
30.04.2026;08:20:53;8,4;27,3;6,8;-8;36;1018;0;0;;;0
30.04.2026;08:20:54;8,4;27,3;6,8;-8;36;1019;0;0;;;0
30.04.2026;08:20:55;8,4;27,3;6,8;-8;36;1018;0;0;;;0
30.04.2026;08:20:56;8,4;27,3;6,8;-8;36;1019;0;0;;;0
30.04.2026;08:20:58;8,4;27,3;6,8;-8;36;1019;0;0;;;0
30.04.2026;08:20:59;8,4;27,3;6,8;-8;36;1018;0;0;;;0
30.04.2026;08:21:00;8,4;27,2;6,8;-8;36;1019;0;0;;;0
30.04.2026;08:21:01;8,4;27,2;6,8;-8;36;1018;0;0;;;0
30.04.2026;08:21:02;8,4;27,2;6,8;-8;36;1019;0;0;;;0
30.04.2026;08:21:03;8,4;27,2;6,8;-8;36;1019;0;0;;;0
30.04.2026;08:21:04;8,4;27,2;6,8;-8;36;1019;0;0;;;0
30.04.2026;08:21:05;8,4;27,2;6,8;-8;36;1019;0;0;;;0
30.04.2026;08:21:06;8,4;27,2;6,8;-8;36;1019;0;0;;;0
30.04.2026;08:21:07;8,4;27,2;6,8;-8;36;1018;0;0;;;0
30.04.2026;08:21:08;8,4;27,1;6,8;-8;36;1019;0;0;;;0
30.04.2026;08:21:09;8,4;27,1;6,8;-8;36;1019;0;0;;;0
30.04.2026;08:21:10;8,4;27,1;6,8;-8;36;1019;0;0;;;0
30.04.2026;08:21:11;8,4;27,1;6,8;-8;36;1019;0;0;;;0
30.04.2026;08:21:12;8,4;27,1;6,9;-8;36;1019;0;0;;;0
30.04.2026;08:21:14;8,4;27,1;6,8;-8;36;1019;0;0;;;0
30.04.2026;08:21:15;8,4;27,1;6,8;-8;36;1019;0;0;;;0
30.04.2026;08:21:16;8,4;27,1;6,9;-8;36;1019;0;0;;;0
30.04.2026;08:21:17;8,4;27;6,9;-8;36;1019;0;0;;;0
30.04.2026;08:21:18;8,4;27;6,8;-8;36;1019;0;0;;;0
30.04.2026;08:21:19;8,4;27;6,9;-8;36;1019;0;0;;;0
30.04.2026;08:21:20;8,4;27;6,8;-8;36;1019;0;0;;;0
30.04.2026;08:21:21;8,4;27;6,9;-8;36;1019;0;0;;;0
30.04.2026;08:21:22;8,4;27;6,8;-8;36;1019;0;0;;;0
30.04.2026;08:21:23;8,4;27;6,8;-8;36;1019;0;0;;;0
30.04.2026;08:21:24;8,4;27;6,8;-8;36;1019;0;0;;;0
30.04.2026;08:21:25;8,4;27;6,9;-8;36;1019;0;0;;;0
30.04.2026;08:21:27;8,4;26,9;6,8;-8;36;1018;0;0;;;0
30.04.2026;08:21:28;8,4;26,9;6,8;-8;36;1019;0;0;;;0
30.04.2026;08:21:29;8,4;26,9;6,9;-8;36;1019;0;0;;;0
30.04.2026;08:21:30;8,4;26,9;6,8;-8;36;1018;0;0;;;0
30.04.2026;08:21:31;8,4;26,9;6,9;-8;36;1019;0;0;;;0
30.04.2026;08:21:32;8,4;26,9;6,8;-8;36;1019;0;0;;;0
30.04.2026;08:21:33;8,4;26,9;6,8;-8;36;1019;0;0;;;0
30.04.2026;08:21:34;8,4;26,9;6,8;-8;36;1019;0;0;;;0
30.04.2026;08:21:35;8,4;26,9;6,9;-8;36;1019;0;0;;;0
30.04.2026;08:21:37;8,4;26,9;6,9;-8;36;1018;0;0;;;0
30.04.2026;08:21:38;8,4;26,9;6,9;-8;36;1018;0;0;;;0
30.04.2026;08:21:39;8,4;26,8;6,9;-8;36;1019;0;0;;;0
30.04.2026;08:21:40;8,4;26,8;6,9;-8;36;1019;0;0;;;0
30.04.2026;08:21:41;8,4;26,8;6,9;-8;36;1019;0;0;;;0
30.04.2026;08:21:42;8,4;26,8;6,9;-8;36;1019;0;0;;;0
30.04.2026;08:21:43;8,4;26,8;6,9;-8;36;1019;0;0;;;0
30.04.2026;08:21:44;8,4;26,8;6,9;-8;36;1019;0;0;;;0
30.04.2026;08:21:45;8,4;26,8;6,9;-8;36;1019;0;0;;;0
30.04.2026;08:21:46;8,4;26,8;6,9;-8;36;1019;0;0;;;0
30.04.2026;08:21:48;8,4;26,8;6,9;-8;36;1019;0;0;;;0
30.04.2026;08:21:49;8,4;26,7;6,9;-8;36;1019;0;0;;;0
30.04.2026;08:21:50;8,4;26,7;6,9;-8;36;1019;0;0;;;0
30.04.2026;08:21:51;8,4;26,7;6,9;-8;36;1019;0;0;;;0
30.04.2026;08:21:52;8,5;26,7;6,9;-8;36;1019;0;0;;;0
30.04.2026;08:21:53;8,5;26,7;6,9;-8;36;1019;0;0;;;0
30.04.2026;08:21:54;8,5;26,7;6,9;-8;36;1019;0;0;;;0
30.04.2026;08:21:55;8,5;26,7;6,9;-8;36;1019;0;0;;;0
30.04.2026;08:21:56;8,5;26,7;6,9;-8;36;1019;0;0;;;0
30.04.2026;08:21:58;8,5;26,7;6,9;-8;36;1019;0;0;;;0
30.04.2026;08:21:59;8,5;26,7;6,9;-8;36;1018;0;0;;;0
30.04.2026;08:22:00;8,5;26,7;6,9;-8;36;1019;0;0;;;0
30.04.2026;08:22:01;8,5;26,7;6,9;-8;36;1018;0;0;;;0
30.04.2026;08:22:02;8,5;26,7;6,9;-8;36;1019;0;0;;;0
30.04.2026;08:22:03;8,5;26,7;6,9;-8;36;1018;0;0;;;0
30.04.2026;08:22:04;8,5;26,7;6,9;-8;36;1019;0;0;;;0
30.04.2026;08:22:05;8,5;26,7;6,9;-8;36;1019;0;0;;;0
30.04.2026;08:22:06;8,5;26,6;6,9;-8;36;1019;0;0;;;0
30.04.2026;08:22:07;8,5;26,6;6,9;-8;36;1019;0;0;;;0
30.04.2026;08:22:08;8,5;26,6;6,9;-8;36;1019;0;0;;;0
30.04.2026;08:22:10;8,5;26,6;6,9;-8;36;1019;0;0;;;0
30.04.2026;08:22:11;8,5;26,6;6,9;-8;36;1019;0;0;;;0
30.04.2026;08:22:12;8,5;26,6;6,9;-8;36;1018;0;0;;;0
30.04.2026;08:22:13;8,5;26,6;6,9;-8;36;1019;0;0;;;0
30.04.2026;08:22:14;8,5;26,6;6,9;-8;36;1019;0;0;;;0
30.04.2026;08:22:16;8,5;26,6;6,9;-8;36;1019;0;0;;;0
30.04.2026;08:22:17;8,5;26,6;6,9;-8;36;1019;0;0;;;0
30.04.2026;08:22:18;8,5;26,6;6,9;-8;36;1018;0;0;;;0
30.04.2026;08:22:19;8,5;26,6;6,9;-8;36;1019;0;0;;;0
30.04.2026;08:22:20;8,5;26,6;6,9;-8;36;1018;0;0;;;0
30.04.2026;08:22:21;8,5;26,6;6,9;-8;36;1018;0;0;;;0
30.04.2026;08:22:22;8,5;26,5;6,9;-8;36;1019;0;0;;;0
30.04.2026;08:22:23;8,5;26,5;7;-7;36;1019;0;0;;;0
30.04.2026;08:22:24;8,5;26,5;6,9;-8;36;1019;0;0;;;0
30.04.2026;08:22:25;8,5;26,5;6,9;-8;36;1018;0;0;;;0
30.04.2026;08:22:26;8,5;26,5;6,9;-8;36;1019;0;0;;;0
30.04.2026;08:22:28;8,5;26,5;6,9;-8;36;1018;0;0;;;0
30.04.2026;08:22:29;8,5;26,5;6,9;-8;36;1019;0;0;;;0
30.04.2026;08:22:30;8,5;26,5;6,9;-8;36;1019;0;0;;;0
30.04.2026;08:22:31;8,5;26,5;6,9;-8;36;1018;0;0;;;0
30.04.2026;08:22:32;8,5;26,5;6,9;-8;36;1019;0;0;;;0
30.04.2026;08:22:33;8,5;26,5;6,9;-8;36;1019;0;0;;;0
30.04.2026;08:22:34;8,5;26,5;6,9;-8;36;1019;0;0;;;0
30.04.2026;08:22:35;8,5;26,5;6,9;-8;36;1019;0;0;;;0
30.04.2026;08:22:36;8,5;26,5;6,9;-8;36;1018;0;0;;;0
30.04.2026;08:22:37;8,5;26,5;6,9;-8;36;1019;0;0;;;0
30.04.2026;08:22:39;8,5;26,4;6,9;-8;36;1018;0;0;;;0
30.04.2026;08:22:40;8,5;26,4;6,9;-8;36;1019;0;0;;;0
30.04.2026;08:22:41;8,5;26,4;6,9;-8;36;1018;0;0;;;0
30.04.2026;08:22:42;8,6;26,4;6,9;-8;36;1018;0;0;;;0
30.04.2026;08:22:43;8,6;26,4;6,9;-8;36;1018;0;0;;;0
30.04.2026;08:22:44;8,6;26,4;6,9;-8;36;1018;0;0;;;0
30.04.2026;08:22:45;8,6;26,4;6,9;-8;36;1019;0;0;;;0
30.04.2026;08:22:46;8,6;26,4;6,9;-8;36;1019;0;0;;;0
30.04.2026;08:22:47;8,6;26,4;6,9;-8;36;1018;0;0;;;0
30.04.2026;08:22:48;8,6;26,4;6,9;-8;36;1018;0;0;;;0
30.04.2026;08:22:49;8,6;26,4;6,9;-8;36;1018;0;0;;;0
30.04.2026;08:22:50;8,6;26,4;6,9;-8;36;1019;0;0;;;0
30.04.2026;08:22:51;8,6;26,4;6,9;-8;36;1019;0;0;;;0
30.04.2026;08:22:52;8,6;26,4;6,9;-8;36;1018;0;0;;;0
30.04.2026;08:22:53;8,6;26,4;6,9;-8;36;1018;0;0;;;0
30.04.2026;08:22:55;8,6;26,4;7;-7;36;1019;0;0;;;0
30.04.2026;08:22:56;8,6;26,4;6,9;-8;36;1018;0;0;;;0
30.04.2026;08:22:57;8,6;26,4;6,9;-8;36;1018;0;0;;;0
30.04.2026;08:22:58;8,6;26,4;6,9;-8;36;1018;0;0;;;0
30.04.2026;08:22:59;8,6;26,4;6,9;-8;36;1018;0;0;;;0
30.04.2026;08:23:00;8,6;26,4;6,9;-8;36;1019;0;0;;;0
30.04.2026;08:23:01;8,6;26,3;6,9;-8;36;1019;0;0;;;0
30.04.2026;08:23:02;8,6;26,3;6,9;-8;36;1019;0;0;;;0
30.04.2026;08:23:03;8,6;26,3;6,9;-8;36;1018;0;0;;;0
30.04.2026;08:23:04;8,6;26,3;6,9;-8;36;1018;0;0;;;0
30.04.2026;08:23:05;8,6;26,3;6,9;-8;36;1019;0;0;;;0
30.04.2026;08:23:06;8,6;26,3;6,9;-8;36;1018;0;0;;;0
30.04.2026;08:23:07;8,6;26,3;6,9;-8;36;1018;0;0;;;0
30.04.2026;08:23:08;8,6;26,3;6,9;-8;36;1018;0;0;;;0
30.04.2026;08:23:09;8,6;26,3;6,9;-8;36;1019;0;0;;;0
30.04.2026;08:23:10;8,6;26,3;6,9;-8;36;1019;0;0;;;0
30.04.2026;08:23:12;8,6;26,3;6,9;-8;36;1019;0;0;;;0
30.04.2026;08:23:13;8,6;26,3;6,9;-8;36;1019;0;0;;;0
30.04.2026;08:23:14;8,6;26,3;6,9;-8;36;1018;0;0;;;0
30.04.2026;08:23:15;8,6;26,3;6,9;-8;36;1018;0;0;;;0
30.04.2026;08:23:16;8,6;26,3;6,9;-8;36;1018;0;0;;;0
30.04.2026;08:23:17;8,6;26,2;6,9;-8;36;1018;0;0;;;0
30.04.2026;08:23:18;8,6;26,2;6,9;-8;36;1018;0;0;;;0
30.04.2026;08:23:19;8,6;26,2;7;-7;36;1019;0;0;;;0
30.04.2026;08:23:20;8,6;26,2;7;-7;36;1018;0;0;;;0
30.04.2026;08:23:21;8,6;26,2;6,9;-8;36;1018;0;0;;;0
30.04.2026;08:23:22;8,6;26,2;6,9;-8;36;1019;0;0;;;0
30.04.2026;08:23:23;8,6;26,2;7;-7;36;1019;0;0;;;0
30.04.2026;08:23:25;8,6;26,2;7;-7;36;1018;0;0;;;0
30.04.2026;08:23:26;8,6;26,2;7;-7;36;1018;0;0;;;0
30.04.2026;08:23:27;8,6;26,2;7;-7;36;1018;0;0;;;0
30.04.2026;08:23:28;8,6;26,2;7;-7;36;1018;0;0;;;0
30.04.2026;08:23:29;8,6;26,2;6,9;-8;36;1018;0;0;;;0
30.04.2026;08:23:30;8,6;26,2;6,9;-8;36;1018;0;0;;;0
30.04.2026;08:23:31;8,6;26,2;6,9;-8;36;1019;0;0;;;0
30.04.2026;08:23:32;8,6;26,2;7;-7;36;1018;0;0;;;0
30.04.2026;08:23:33;8,6;26,2;7;-7;36;1019;0;0;;;0
30.04.2026;08:23:34;8,6;26,2;7;-7;36;1019;0;0;;;0
30.04.2026;08:23:36;8,6;26,2;7;-7;36;1018;0;0;;;0
30.04.2026;08:23:37;8,7;26,2;7;-7;36;1018;0;0;;;0
30.04.2026;08:23:38;8,7;26,2;7;-7;36;1018;0;0;;;0
30.04.2026;08:23:39;8,7;26,2;7;-7;36;1018;0;0;;;0
30.04.2026;08:23:40;8,7;26,2;7;-7;36;1018;0;0;;;0
30.04.2026;08:23:41;8,7;26,2;7;-7;36;1018;0;0;;;0
30.04.2026;08:23:42;8,7;26,2;7;-7;36;1018;0;0;;;0
30.04.2026;08:23:43;8,7;26,2;7;-7;36;1019;0;0;;;0
30.04.2026;08:23:44;8,7;26,1;7;-7;36;1018;0;0;;;0
30.04.2026;08:23:45;8,7;26,1;7;-7;36;1019;0;0;;;0
30.04.2026;08:23:46;8,7;26,1;7;-7;36;1018;0;0;;;0
30.04.2026;08:23:47;8,7;26,1;7;-7;36;1018;0;0;;;0
30.04.2026;08:23:48;8,7;26,1;7;-7;36;1019;0;0;;;0
30.04.2026;08:23:49;8,7;26,1;7;-7;36;1018;0;0;;;0
30.04.2026;08:23:50;8,7;26,1;7;-7;36;1018;0;0;;;0
30.04.2026;08:23:52;8,7;26,1;7;-7;36;1018;0;0;;;0
30.04.2026;08:23:53;8,7;26,1;7;-7;36;1019;0;0;;;0
30.04.2026;08:23:54;8,7;26,1;7;-7;36;1018;0;0;;;0
30.04.2026;08:23:55;8,7;26,1;7;-7;36;1018;0;0;;;0
30.04.2026;08:23:56;8,7;26,1;7;-7;36;1019;0;0;;;0
30.04.2026;08:23:57;8,7;26,1;7;-7;36;1018;0;0;;;0
30.04.2026;08:23:58;8,7;26,1;7;-7;36;1018;0;0;;;0
30.04.2026;08:23:59;8,7;26,1;7;-7;36;1019;0;0;;;0
30.04.2026;08:24:00;8,7;26,1;7;-7;36;1018;0;0;;;0
30.04.2026;08:24:01;8,7;26,1;7;-7;36;1018;0;0;;;0
30.04.2026;08:24:02;8,7;26,1;7;-7;36;1018;0;0;;;0
30.04.2026;08:24:03;8,7;26,1;7;-7;36;1018;0;0;;;0
30.04.2026;08:24:04;8,7;26,1;7,1;-7;36;1019;0;0;;;0
30.04.2026;08:24:05;8,7;26,1;7;-7;36;1018;0;0;;;0
30.04.2026;08:24:06;8,7;26,1;7;-7;36;1018;0;0;;;0
30.04.2026;08:24:07;8,7;26,1;7;-7;36;1018;0;0;;;0
30.04.2026;08:24:09;8,7;26,1;7;-7;36;1018;0;0;;;0
30.04.2026;08:24:10;8,7;26,1;7;-7;36;1018;0;0;;;0
30.04.2026;08:24:11;8,7;26,1;7;-7;36;1018;0;0;;;0
30.04.2026;08:24:12;8,7;26,1;7;-7;36;1018;0;0;;;0
30.04.2026;08:24:13;8,7;26,1;7;-7;36;1018;0;0;;;0
30.04.2026;08:24:14;8,7;26,1;7;-7;36;1018;0;0;;;0
30.04.2026;08:24:15;8,7;26,1;7;-7;36;1018;0;0;;;0
30.04.2026;08:24:16;8,7;26,1;7;-7;36;1019;0;0;;;0
30.04.2026;08:24:17;8,7;26,1;7;-7;36;1019;0;0;;;0
30.04.2026;08:24:18;8,7;26,1;7;-7;36;1018;0;0;;;0
30.04.2026;08:24:20;8,8;26,1;7;-7;36;1019;0;0;;;0
30.04.2026;08:24:21;8,8;26,1;7;-7;36;1018;0;0;;;0
30.04.2026;08:24:22;8,8;26,1;7;-7;36;1018;0;0;;;0
30.04.2026;08:24:23;8,8;26,1;7;-7;36;1019;0;0;;;0
30.04.2026;08:24:24;8,8;26,1;7;-7;36;1019;0;0;;;0
30.04.2026;08:24:25;8,8;26;7;-7;36;1018;0;0;;;0
30.04.2026;08:24:26;8,8;26;7;-7;36;1018;0;0;;;0
30.04.2026;08:24:27;8,8;26;7;-7;36;1019;0;0;;;0
30.04.2026;08:24:29;8,8;26;7;-7;36;1018;0;0;;;0
30.04.2026;08:24:30;8,8;26;7;-7;36;1018;0;0;;;0
30.04.2026;08:24:31;8,8;26;7;-7;36;1018;0;0;;;0
30.04.2026;08:24:32;8,8;26;7;-7;36;1018;0;0;;;0
30.04.2026;08:24:33;8,8;26;7;-7;36;1018;0;0;;;0
30.04.2026;08:24:34;8,8;26;7;-7;36;1018;0;0;;;0
30.04.2026;08:24:35;8,8;26;7;-7;36;1018;0;0;;;0
30.04.2026;08:24:36;8,8;26;7;-7;36;1018;0;0;;;0
30.04.2026;08:24:38;8,8;26;7;-7;36;1018;0;0;;;0
30.04.2026;08:24:39;8,8;26;7;-7;36;1018;0;0;;;0
30.04.2026;08:24:40;8,8;26;7;-7;36;1019;0;0;;;0
30.04.2026;08:24:41;8,8;25,9;7;-7;36;1019;0;0;;;0
30.04.2026;08:24:42;8,8;25,9;7;-7;36;1019;0;0;;;0
30.04.2026;08:24:43;8,8;25,9;7;-7;36;1018;0;0;;;0
30.04.2026;08:24:44;8,8;25,9;7;-7;36;1018;0;0;;;0
30.04.2026;08:24:45;8,8;25,9;7;-7;36;1018;0;0;;;0
30.04.2026;08:24:46;8,8;25,9;7;-7;36;1018;0;0;;;0
30.04.2026;08:24:47;8,8;25,9;7;-7;36;1018;0;0;;;0
30.04.2026;08:24:48;8,8;25,9;7;-7;36;1018;0;0;;;0
30.04.2026;08:24:49;8,8;25,9;7;-7;36;1018;0;0;;;0
30.04.2026;08:24:50;8,8;25,9;7;-7;36;1018;0;0;;;0
30.04.2026;08:24:51;8,8;25,9;7;-7;36;1019;0;0;;;0
30.04.2026;08:24:53;8,8;25,9;7;-7;36;1018;0;0;;;0
30.04.2026;08:24:53;8,8;25,9;7;-7;36;1018;0;0;;;0
30.04.2026;08:24:54;8,8;25,9;7;-7;36;1018;0;0;;;0
30.04.2026;08:24:56;8,8;25,9;7;-7;36;1018;0;0;;;0
30.04.2026;08:24:57;8,8;25,9;7;-7;36;1019;0;0;;;0
30.04.2026;08:24:58;8,8;25,9;7;-7;36;1018;0;0;;;0
30.04.2026;08:24:59;8,8;25,9;7;-7;36;1018;0;0;;;0
30.04.2026;08:25:00;8,8;25,9;7;-7;36;1018;0;0;;;0
30.04.2026;08:25:01;8,8;25,9;7;-7;36;1018;0;0;;;0
30.04.2026;08:25:03;8,8;25,9;7;-7;36;1018;0;0;;;0
30.04.2026;08:25:04;8,8;25,8;7;-7;36;1018;0;0;;;0
30.04.2026;08:25:05;8,8;25,8;7,1;-7;36;1018;0;0;;;0
30.04.2026;08:25:06;8,8;25,8;7;-7;36;1018;0;0;;;0
30.04.2026;08:25:07;8,9;25,8;7;-7;36;1018;0;0;;;0
30.04.2026;08:25:08;8,9;25,8;7,1;-7;36;1018;0;0;;;0
30.04.2026;08:25:09;8,8;25,8;7;-7;36;1019;0;0;;;0
30.04.2026;08:25:10;8,8;25,8;7;-7;36;1018;0;0;;;0
30.04.2026;08:25:11;8,8;25,8;7;-7;36;1018;0;0;;;0
30.04.2026;08:25:12;8,9;25,8;7,1;-7;36;1018;0;0;;;0
30.04.2026;08:25:13;8,9;25,8;7,1;-7;36;1018;0;0;;;0
30.04.2026;08:25:14;8,9;25,8;7,1;-7;36;1018;0;0;;;0
30.04.2026;08:25:16;8,9;25,8;7,1;-7;36;1018;0;0;;;0
30.04.2026;08:25:17;8,9;25,8;7;-7;36;1018;0;0;;;0
30.04.2026;08:25:18;8,9;25,8;7;-7;36;1018;0;0;;;0
30.04.2026;08:25:19;8,9;25,8;7,1;-7;36;1018;0;0;;;0
30.04.2026;08:25:20;8,9;25,7;7,1;-7;36;1018;0;0;;;0
30.04.2026;08:25:21;8,9;25,7;7,1;-7;36;1018;0;0;;;0
30.04.2026;08:25:22;8,9;25,7;7,1;-7;36;1018;0;0;;;0
30.04.2026;08:25:23;8,9;25,7;7,1;-7;36;1018;0;0;;;0
30.04.2026;08:25:24;8,9;25,7;7,1;-7;36;1018;0;0;;;0
30.04.2026;08:25:25;8,9;25,7;7,1;-7;36;1018;0;0;;;0
30.04.2026;08:25:27;8,9;25,7;7,1;-7;36;1018;0;0;;;0
30.04.2026;08:25:28;8,9;25,7;7,1;-7;36;1018;0;0;;;0
30.04.2026;08:25:29;8,9;25,6;7,1;-7;36;1018;0;0;;;0
30.04.2026;08:25:30;8,9;25,6;7,1;-7;36;1018;0;0;;;0
30.04.2026;08:25:31;8,9;25,6;7,1;-7;36;1018;0;0;;;0
30.04.2026;08:25:32;8,9;25,6;7,1;-7;36;1018;0;0;;;0
30.04.2026;08:25:33;8,9;25,6;7,1;-7;36;1018;0;0;;;0
30.04.2026;08:25:34;8,9;25,6;7,1;-7;36;1019;0;0;;;0
30.04.2026;08:25:35;8,9;25,6;7,1;-7;36;1019;0;0;;;0
30.04.2026;08:25:36;8,9;25,6;7,1;-7;36;1018;0;0;;;0
30.04.2026;08:25:37;8,9;25,6;7,1;-7;36;1018;0;0;;;0
30.04.2026;08:25:38;8,9;25,6;7,1;-7;36;1018;0;0;;;0
30.04.2026;08:25:39;8,9;25,6;7,1;-7;36;1019;0;0;;;0
30.04.2026;08:25:40;8,9;25,6;7,1;-7;36;1018;0;0;;;0
30.04.2026;08:25:41;8,9;25,6;7,1;-7;36;1018;0;0;;;0
30.04.2026;08:25:42;8,9;25,6;7,1;-7;36;1018;0;0;;;0
30.04.2026;08:25:44;8,9;25,6;7,1;-7;36;1019;0;0;;;0
30.04.2026;08:25:45;9;25,6;7,1;-7;36;1018;0;0;;;0
30.04.2026;08:25:46;9;25,6;7,1;-7;36;1018;0;0;;;0
30.04.2026;08:25:47;8,9;25,6;7,1;-7;36;1018;0;0;;;0
30.04.2026;08:25:48;8,9;25,6;7,1;-7;36;1019;0;0;;;0
30.04.2026;08:25:49;8,9;25,6;7,1;-7;36;1018;0;0;;;0
30.04.2026;08:25:50;9;25,6;7,1;-7;36;1019;0;0;;;0
30.04.2026;08:25:51;9;25,6;7,1;-7;36;1019;0;0;;;0
30.04.2026;08:25:52;9;25,6;7,1;-7;36;1018;0;0;;;0
30.04.2026;08:25:53;9;25,6;7,1;-7;36;1019;0;0;;;0
30.04.2026;08:25:55;9;25,6;7,1;-7;36;1019;0;0;;;0
30.04.2026;08:25:56;9;25,6;7,1;-7;36;1019;0;0;;;0
30.04.2026;08:25:57;9;25,6;7,1;-7;36;1018;0;0;;;0
30.04.2026;08:25:58;9;25,6;7,1;-7;36;1019;0;0;;;0
30.04.2026;08:25:59;9;25,6;7,1;-7;36;1019;0;0;;;0
30.04.2026;08:26:00;9;25,6;7,1;-7;36;1018;0;0;;;0
30.04.2026;08:26:01;9;25,6;7,1;-7;36;1018;0;0;;;0
30.04.2026;08:26:03;9;25,6;7,1;-7;36;1018;0;0;;;0
30.04.2026;08:26:04;9;25,6;7,1;-7;36;1018;0;0;;;0
30.04.2026;08:26:05;9;25,6;7,1;-7;36;1019;0;0;;;0
30.04.2026;08:26:06;9;25,6;7,1;-7;36;1018;0;0;;;0
30.04.2026;08:26:07;9;25,6;7,1;-7;36;1019;0;0;;;0
30.04.2026;08:26:08;9;25,6;7,1;-7;36;1018;0;0;;;0
30.04.2026;08:26:09;9;25,6;7,1;-7;36;1018;0;0;;;0
30.04.2026;08:26:10;9;25,5;7,1;-7;36;1018;0;0;;;0
30.04.2026;08:26:11;9;25,5;7,1;-7;36;1018;0;0;;;0
30.04.2026;08:26:12;9;25,5;7,1;-7;36;1018;0;0;;;0
30.04.2026;08:26:13;9;25,5;7,1;-7;36;1019;0;0;;;0
30.04.2026;08:26:14;9;25,5;7,1;-7;36;1018;0;0;;;0
30.04.2026;08:26:15;9;25,5;7,1;-7;36;1018;0;0;;;0
30.04.2026;08:26:17;9;25,5;7,1;-7;36;1018;0;0;;;0
30.04.2026;08:26:18;9;25,5;7,1;-7;36;1018;0;0;;;0
30.04.2026;08:26:19;9;25,5;7,1;-7;36;1018;0;0;;;0
30.04.2026;08:26:20;9;25,5;7,1;-7;36;1018;0;0;;;0
30.04.2026;08:26:21;9;25,5;7,1;-7;36;1018;0;0;;;0
30.04.2026;08:26:22;9;25,5;7,1;-7;36;1018;0;0;;;0
30.04.2026;08:26:23;9;25,5;7,1;-7;36;1018;0;0;;;0
30.04.2026;08:26:24;9;25,5;7,1;-7;36;1018;0;0;;;0
30.04.2026;08:26:26;9;25,5;7,1;-7;36;1019;0;0;;;0
30.04.2026;08:26:27;9;25,5;7,1;-7;36;1019;0;0;;;0
30.04.2026;08:26:28;9;25,5;7,1;-7;36;1019;0;0;;;0
30.04.2026;08:26:29;9;25,5;7,1;-7;36;1018;0;0;;;0
30.04.2026;08:26:30;9;25,5;7,1;-7;36;1018;0;0;;;0
30.04.2026;08:26:31;9;25,5;7,2;-7;36;1018;0;0;;;0
30.04.2026;08:26:33;9;25,5;7,1;-7;36;1018;0;0;;;0
30.04.2026;08:26:34;9;25,5;7,2;-7;36;1018;0;0;;;0
30.04.2026;08:26:35;9;25,5;7,2;-7;36;1019;0;0;;;0
30.04.2026;08:26:36;9;25,5;7,2;-7;36;1018;0;0;;;0
30.04.2026;08:26:37;9,1;25,5;7,2;-7;36;1018;0;0;;;0
30.04.2026;08:26:38;9,1;25,5;7,2;-7;36;1019;0;0;;;0
30.04.2026;08:26:39;9,1;25,4;7,1;-7;36;1018;0;0;;;0
30.04.2026;08:26:40;9,1;25,4;7,2;-7;36;1018;0;0;;;0
30.04.2026;08:26:41;9,1;25,4;7,2;-7;36;1018;0;0;;;0
30.04.2026;08:26:42;9,1;25,4;7,2;-7;36;1018;0;0;;;0
30.04.2026;08:26:43;9,1;25,4;7,2;-7;36;1018;0;0;;;0
30.04.2026;08:26:44;9,1;25,4;7,1;-7;36;1018;0;0;;;0
30.04.2026;08:26:46;9,1;25,4;7,2;-7;36;1019;0;0;;;0
30.04.2026;08:26:47;9,1;25,4;7,2;-7;36;1019;0;0;;;0
30.04.2026;08:26:48;9,1;25,4;7,2;-7;36;1018;0;0;;;0
30.04.2026;08:26:49;9,1;25,4;7,2;-7;36;1018;0;0;;;0
30.04.2026;08:26:50;9,1;25,4;7,2;-7;36;1019;0;0;;;0
30.04.2026;08:26:51;9,1;25,4;7,2;-7;36;1018;0;0;;;0
30.04.2026;08:26:52;9,1;25,3;7,2;-7;36;1018;0;0;;;0
30.04.2026;08:26:53;9,1;25,3;7,2;-7;36;1018;0;0;;;0
30.04.2026;08:26:54;9,1;25,3;7,2;-7;36;1019;0;0;;;0
30.04.2026;08:26:55;9,1;25,3;7,2;-7;36;1018;0;0;;;0
30.04.2026;08:26:57;9,1;25,3;7,2;-7;36;1018;0;0;;;0
30.04.2026;08:26:58;9,1;25,3;7,2;-7;36;1019;0;0;;;0
30.04.2026;08:26:59;9,1;25,3;7,2;-7;36;1018;0;0;;;0
30.04.2026;08:27:00;9,1;25,3;7,2;-7;36;1018;0;0;;;0
30.04.2026;08:27:01;9,1;25,2;7,2;-7;36;1018;0;0;;;0
30.04.2026;08:27:02;9,1;25,2;7,2;-7;36;1018;0;0;;;0
30.04.2026;08:27:03;9,1;25,2;7,2;-7;36;1018;0;0;;;0
30.04.2026;08:27:04;9,1;25,2;7,2;-7;36;1018;0;0;;;0
30.04.2026;08:27:05;9,1;25,2;7,2;-7;36;1018;0;0;;;0
30.04.2026;08:27:06;9,1;25,2;7,2;-7;36;1018;0;0;;;0
30.04.2026;08:27:07;9,1;25,2;7,2;-7;36;1018;0;0;;;0
30.04.2026;08:27:09;9,1;25,2;7,2;-7;36;1018;0;0;;;0
30.04.2026;08:27:10;9,1;25,2;7,2;-7;36;1019;0;0;;;0
30.04.2026;08:27:11;9,1;25,2;7,2;-7;36;1018;0;0;;;0
30.04.2026;08:27:12;9,1;25,2;7,2;-7;36;1018;0;0;;;0
30.04.2026;08:27:13;9,1;25,2;7,2;-7;36;1018;0;0;;;0
30.04.2026;08:27:14;9,1;25,2;7,2;-7;36;1018;0;0;;;0
30.04.2026;08:27:15;9,1;25,2;7,2;-7;36;1018;0;0;;;0
30.04.2026;08:27:16;9,1;25,2;7,2;-7;36;1018;0;0;;;0
30.04.2026;08:27:17;9,1;25,2;7,2;-7;36;1018;0;0;;;0
30.04.2026;08:27:18;9,1;25,2;7,2;-7;36;1018;0;0;;;0
30.04.2026;08:27:19;9,1;25,2;7,2;-7;36;1019;0;0;;;0
30.04.2026;08:27:21;9,1;25,2;7,2;-7;36;1019;0;0;;;0
30.04.2026;08:27:22;9,1;25,2;7,2;-7;36;1018;0;0;;;0
30.04.2026;08:27:23;9,1;25,1;7,2;-7;36;1018;0;0;;;0
30.04.2026;08:27:24;9,1;25,1;7,2;-7;36;1018;0;0;;;0
30.04.2026;08:27:25;9,1;25,1;7,2;-7;36;1018;0;0;;;0
30.04.2026;08:27:26;9,1;25,1;7,2;-7;36;1018;0;0;;;0
30.04.2026;08:27:27;9,1;25,1;7,2;-7;36;1019;0;0;;;0
30.04.2026;08:27:28;9,1;25,1;7,2;-7;36;1018;0;0;;;0
30.04.2026;08:27:29;9,1;25,1;7,2;-7;36;1018;0;0;;;0
30.04.2026;08:27:31;9,1;25,1;7,2;-7;36;1018;0;0;;;0
30.04.2026;08:27:32;9,1;25,1;7,2;-7;36;1018;0;0;;;0
30.04.2026;08:27:33;9,1;25,1;7,2;-7;36;1018;0;0;;;0
30.04.2026;08:27:34;9,1;25,1;7,2;-7;36;1018;0;0;;;0
30.04.2026;08:27:35;9,1;25,1;7,2;-7;36;1018;0;0;;;0
30.04.2026;08:27:36;9,1;25,1;7,2;-7;36;1018;0;0;;;0
30.04.2026;08:27:37;9,1;25,1;7,2;-7;36;1018;0;0;;;0
30.04.2026;08:27:38;9,1;25,1;7,2;-7;36;1019;0;0;;;0
30.04.2026;08:27:39;9,1;25,1;7,2;-7;36;1018;0;0;;;0
30.04.2026;08:27:40;9,1;25,1;7,2;-7;36;1019;0;0;;;0
30.04.2026;08:27:41;9,2;25,1;7,2;-7;36;1018;0;0;;;0
30.04.2026;08:27:43;9,2;25,1;7,2;-7;36;1018;0;0;;;0
30.04.2026;08:27:44;9,2;25,1;7,2;-7;36;1019;0;0;;;0
30.04.2026;08:27:45;9,2;25,1;7,2;-7;36;1018;0;0;;;0
30.04.2026;08:27:46;9,2;25,1;7,2;-7;36;1018;0;0;;;0
30.04.2026;08:27:47;9,2;25,1;7,2;-7;36;1019;0;0;;;0
30.04.2026;08:27:48;9,2;25,1;7,2;-7;36;1018;0;0;;;0
30.04.2026;08:27:49;9,2;25,1;7,2;-7;36;1018;0;0;;;0
30.04.2026;08:27:50;9,2;25,1;7,2;-7;36;1018;0;0;;;0
30.04.2026;08:27:51;9,2;25,1;7,2;-7;36;1018;0;0;;;0
30.04.2026;08:27:52;9,2;25,1;7,2;-7;36;1018;0;0;;;0
30.04.2026;08:27:53;9,2;25,1;7,2;-7;36;1018;0;0;;;0
30.04.2026;08:27:55;9,2;25,1;7,3;-7;36;1019;0;0;;;0
30.04.2026;08:27:56;9,2;25,1;7,2;-7;36;1018;0;0;;;0
30.04.2026;08:27:57;9,2;25,1;7,2;-7;36;1018;0;0;;;0
30.04.2026;08:27:58;9,2;25,1;7,2;-7;36;1018;0;0;;;0
30.04.2026;08:27:59;9,2;25,1;7,2;-7;36;1018;0;0;;;0
30.04.2026;08:28:00;9,2;25,1;7,3;-7;36;1018;0;0;;;0
30.04.2026;08:28:01;9,2;25,1;7,3;-7;36;1018;0;0;;;0
30.04.2026;08:28:02;9,2;25,1;7,3;-7;36;1018;0;0;;;0
30.04.2026;08:28:03;9,2;25,1;7,3;-7;36;1018;0;0;;;0
30.04.2026;08:28:04;9,2;25,1;7,3;-7;36;1018;0;0;;;0
30.04.2026;08:28:05;9,2;25,1;7,2;-7;36;1018;0;0;;;0
30.04.2026;08:28:06;9,2;25,1;7,3;-7;36;1018;0;0;;;0
30.04.2026;08:28:07;9,2;25,1;7,3;-7;36;1018;0;0;;;0
30.04.2026;08:28:09;9,2;25,1;7,2;-7;36;1018;0;0;;;0
30.04.2026;08:28:10;9,2;25,1;7,3;-7;36;1019;0;0;;;0
30.04.2026;08:28:11;9,2;25,1;7,3;-7;36;1018;0;0;;;0
30.04.2026;08:28:12;9,2;25,1;7,3;-7;36;1018;0;0;;;0
30.04.2026;08:28:13;9,3;25,1;7,3;-7;36;1018;0;0;;;0
30.04.2026;08:28:14;9,2;25,1;7,3;-7;36;1018;0;0;;;0
30.04.2026;08:28:15;9,2;25,1;7,3;-7;36;1018;0;0;;;0
30.04.2026;08:28:16;9,2;25,1;7,3;-7;36;1019;0;0;;;0
30.04.2026;08:28:17;9,2;25,1;7,3;-7;36;1019;0;0;;;0
30.04.2026;08:28:18;9,3;25,1;7,3;-7;36;1018;0;0;;;0
30.04.2026;08:28:19;9,3;25,1;7,3;-7;36;1018;0;0;;;0
30.04.2026;08:28:20;9,3;25,1;7,3;-7;36;1018;0;0;;;0
30.04.2026;08:28:21;9,3;25,1;7,3;-7;36;1018;0;0;;;0
30.04.2026;08:28:22;9,3;25,1;7,3;-7;36;1018;0;0;;;0
30.04.2026;08:28:24;9,3;25;7,3;-7;36;1018;0;0;;;0
30.04.2026;08:28:25;9,3;25;7,3;-7;36;1018;0;0;;;0
30.04.2026;08:28:26;9,3;25;7,3;-7;36;1018;0;0;;;0
30.04.2026;08:28:27;9,3;25;7,3;-7;36;1019;0;0;;;0
30.04.2026;08:28:28;9,3;25;7,3;-7;36;1018;0;0;;;0
30.04.2026;08:28:29;9,3;25;7,3;-7;36;1018;0;0;;;0
30.04.2026;08:28:30;9,3;25;7,3;-7;36;1018;0;0;;;0
30.04.2026;08:28:31;9,3;25;7,3;-7;36;1018;0;0;;;0
30.04.2026;08:28:32;9,3;25;7,3;-7;36;1018;0;0;;;0
30.04.2026;08:28:34;9,3;25;7,3;-7;36;1018;0;0;;;0
30.04.2026;08:28:35;9,3;25;7,3;-7;36;1018;0;0;;;0
30.04.2026;08:28:36;9,3;25;7,3;-7;36;1018;0;0;;;0
30.04.2026;08:28:37;9,3;25;7,3;-7;36;1018;0;0;;;0
30.04.2026;08:28:38;9,3;25;7,3;-7;36;1019;0;0;;;0
30.04.2026;08:28:39;9,3;25;7,3;-7;36;1019;0;0;;;0
30.04.2026;08:28:40;9,3;25;7,3;-7;36;1018;0;0;;;0
30.04.2026;08:28:41;9,3;25;7,3;-7;36;1019;0;0;;;0
30.04.2026;08:28:42;9,3;25;7,3;-7;36;1018;0;0;;;0
30.04.2026;08:28:43;9,3;25;7,3;-7;36;1018;0;0;;;0
30.04.2026;08:28:44;9,3;25;7,3;-7;36;1018;0;0;;;0
30.04.2026;08:28:45;9,3;25;7,3;-7;36;1018;0;0;;;0
30.04.2026;08:28:46;9,3;25;7,3;-7;36;1018;0;0;;;0
30.04.2026;08:28:48;9,3;25;7,3;-7;36;1018;0;0;;;0
30.04.2026;08:28:49;9,3;25;7,3;-7;36;1018;0;0;;;0
30.04.2026;08:28:50;9,3;25;7,3;-7;36;1018;0;0;;;0
30.04.2026;08:28:51;9,3;25;7,3;-7;36;1018;0;0;;;0
30.04.2026;08:28:52;9,3;25;7,3;-7;36;1018;0;0;;;0
30.04.2026;08:28:53;9,3;25;7,3;-7;36;1018;0;0;;;0
30.04.2026;08:28:54;9,3;25;7,3;-7;36;1018;0;0;;;0
30.04.2026;08:28:55;9,3;25;7,3;-7;36;1018;0;0;;;0
30.04.2026;08:28:56;9,3;25;7,3;-7;36;1019;0;0;;;0
30.04.2026;08:28:57;9,3;25;7,3;-7;36;1018;0;0;;;0
30.04.2026;08:28:58;9,3;25;7,3;-7;36;1018;0;0;;;0
30.04.2026;08:28:59;9,3;25;7,3;-7;36;1018;0;0;;;0
30.04.2026;08:29:00;9,3;25;7,3;-7;36;1018;0;0;;;0
30.04.2026;08:29:02;9,3;25;7,3;-7;36;1018;0;0;;;0
30.04.2026;08:29:03;9,3;25;7,3;-7;36;1018;0;0;;;0
30.04.2026;08:29:04;9,4;24,9;7,3;-7;36;1018;0;0;;;0
30.04.2026;08:29:05;9,4;24,9;7,3;-7;36;1018;0;0;;;0
30.04.2026;08:29:06;9,4;24,9;7,3;-7;36;1018;0;0;;;0
30.04.2026;08:29:07;9,4;24,9;7,3;-7;36;1018;0;0;;;0
30.04.2026;08:29:08;9,4;24,9;7,3;-7;36;1018;0;0;;;0
30.04.2026;08:29:09;9,4;24,9;7,3;-7;36;1018;0;0;;;0
30.04.2026;08:29:10;9,4;24,9;7,3;-7;36;1018;0;0;;;0
30.04.2026;08:29:12;9,4;24,9;7,4;-7;36;1018;0;0;;;0
30.04.2026;08:29:13;9,4;24,9;7,3;-7;36;1018;0;0;;;0
30.04.2026;08:29:14;9,4;24,9;7,3;-7;36;1018;0;0;;;0
30.04.2026;08:29:15;9,4;24,9;7,4;-7;36;1018;0;0;;;0
30.04.2026;08:29:16;9,4;24,9;7,4;-7;36;1019;0;0;;;0
30.04.2026;08:29:17;9,4;24,9;7,3;-7;36;1018;0;0;;;0
30.04.2026;08:29:18;9,4;24,9;7,4;-7;36;1018;0;0;;;0
30.04.2026;08:29:19;9,4;24,9;7,4;-7;36;1018;0;0;;;0
30.04.2026;08:29:20;9,4;24,9;7,4;-7;36;1018;0;0;;;0
30.04.2026;08:29:21;9,4;24,9;7,4;-7;36;1018;0;0;;;0
30.04.2026;08:29:23;9,4;24,9;7,4;-7;36;1018;0;0;;;0
30.04.2026;08:29:24;9,4;24,9;7,4;-7;36;1018;0;0;;;0
30.04.2026;08:29:25;9,4;24,9;7,4;-7;36;1018;0;0;;;0
30.04.2026;08:29:26;9,4;24,9;7,4;-7;36;1018;0;0;;;0
30.04.2026;08:29:27;9,4;24,9;7,4;-7;36;1018;0;0;;;0
30.04.2026;08:29:28;9,4;24,9;7,4;-7;36;1018;0;0;;;0
30.04.2026;08:29:29;9,4;24,8;7,4;-7;36;1018;0;0;;;0
30.04.2026;08:29:30;9,4;24,8;7,4;-7;36;1018;0;0;;;0
30.04.2026;08:29:31;9,4;24,8;7,4;-7;36;1018;0;0;;;0
30.04.2026;08:29:33;9,4;24,8;7,4;-7;36;1018;0;0;;;0
30.04.2026;08:29:34;9,4;24,8;7,4;-7;36;1018;0;0;;;0
30.04.2026;08:29:35;9,4;24,8;7,4;-7;36;1018;0;0;;;0
30.04.2026;08:29:36;9,4;24,8;7,4;-7;36;1019;0;0;;;0
30.04.2026;08:29:37;9,4;24,8;7,4;-7;36;1018;0;0;;;0
30.04.2026;08:29:38;9,4;24,8;7,4;-7;36;1018;0;0;;;0
30.04.2026;08:29:39;9,4;24,8;7,4;-7;36;1018;0;0;;;0
30.04.2026;08:29:40;9,4;24,8;7,4;-7;36;1018;0;0;;;0
30.04.2026;08:29:41;9,4;24,8;7,4;-7;36;1018;0;0;;;0
30.04.2026;08:29:42;9,4;24,8;7,4;-7;36;1018;0;0;;;0
30.04.2026;08:29:44;9,4;24,8;7,4;-7;36;1018;0;0;;;0
30.04.2026;08:29:45;9,4;24,8;7,4;-7;36;1018;0;0;;;0
30.04.2026;08:29:46;9,4;24,8;7,4;-7;36;1018;0;0;;;0
30.04.2026;08:29:47;9,4;24,8;7,4;-7;36;1018;0;0;;;0
30.04.2026;08:29:48;9,4;24,8;7,4;-7;36;1018;0;0;;;0
30.04.2026;08:29:49;9,4;24,8;7,4;-7;36;1018;0;0;;;0
30.04.2026;08:29:50;9,4;24,8;7,4;-7;36;1018;0;0;;;0
30.04.2026;08:29:51;9,4;24,8;7,4;-7;36;1018;0;0;;;0
30.04.2026;08:29:52;9,4;24,8;7,4;-7;36;1018;0;0;;;0
30.04.2026;08:29:54;9,5;24,7;7,4;-7;36;1018;0;0;;;0
30.04.2026;08:29:55;9,5;24,7;7,4;-7;36;1018;0;0;;;0
30.04.2026;08:29:56;9,5;24,7;7,4;-7;36;1018;0;0;;;0
30.04.2026;08:29:57;9,5;24,7;7,4;-7;36;1018;0;0;;;0
30.04.2026;08:29:58;9,5;24,7;7,4;-7;36;1018;0;0;;;0
30.04.2026;08:29:59;9,5;24,7;7,4;-7;36;1018;0;0;;;0
30.04.2026;08:30:00;9,5;24,7;7,4;-7;36;1018;0;0;;;0
30.04.2026;08:30:02;9,5;24,7;7,4;-7;36;1018;0;0;;;0
30.04.2026;08:30:03;9,5;24,7;7,4;-7;36;1018;0;0;;;0
30.04.2026;08:30:04;9,5;24,7;7,4;-7;36;1018;0;0;;;0
30.04.2026;08:30:05;9,5;24,7;7,4;-7;36;1018;0;0;;;0
30.04.2026;08:30:06;9,5;24,7;7,4;-7;36;1018;0;0;;;0
30.04.2026;08:30:07;9,5;24,7;7,4;-7;36;1018;0;0;;;0
30.04.2026;08:30:08;9,5;24,7;7,4;-7;36;1018;0;0;;;0
30.04.2026;08:30:09;9,5;24,7;7,4;-7;36;1018;0;0;;;0
30.04.2026;08:30:10;9,5;24,7;7,4;-7;36;1018;0;0;;;0
30.04.2026;08:30:11;9,5;24,7;7,4;-7;36;1018;0;0;;;0
30.04.2026;08:30:13;9,5;24,7;7,4;-7;36;1018;0;0;;;0
30.04.2026;08:30:14;9,5;24,7;7,4;-7;36;1018;0;0;;;0
30.04.2026;08:30:15;9,5;24,7;7,5;-7;36;1018;0;0;;;0
30.04.2026;08:30:16;9,5;24,7;7,4;-7;36;1018;0;0;;;0
30.04.2026;08:30:17;9,5;24,7;7,4;-7;36;1018;0;0;;;0
30.04.2026;08:30:18;9,5;24,7;7,4;-7;36;1018;0;0;;;0
30.04.2026;08:30:19;9,5;24,7;7,5;-7;36;1018;0;0;;;0
30.04.2026;08:30:21;9,5;24,6;7,5;-7;35;1018;0;0;;;0
30.04.2026;08:30:22;9,5;24,6;7,5;-7;36;1018;0;0;;;0
30.04.2026;08:30:23;9,5;24,6;7,5;-7;36;1018;0;0;;;0
30.04.2026;08:30:24;9,5;24,6;7,5;-7;36;1018;0;0;;;0
30.04.2026;08:30:25;9,5;24,6;7,4;-7;36;1018;0;0;;;0
30.04.2026;08:30:26;9,5;24,6;7,5;-7;36;1018;0;0;;;0
30.04.2026;08:30:27;9,5;24,6;7,5;-7;36;1018;0;0;;;0
30.04.2026;08:30:28;9,5;24,6;7,5;-7;36;1019;0;0;;;0
30.04.2026;08:30:29;9,5;24,6;7,5;-7;36;1019;0;0;;;0
30.04.2026;08:30:30;9,5;24,6;7,5;-7;36;1018;0;0;;;0
30.04.2026;08:30:31;9,5;24,6;7,5;-7;36;1018;0;0;;;0
30.04.2026;08:30:33;9,5;24,6;7,5;-7;36;1018;0;0;;;0
30.04.2026;08:30:34;9,6;24,6;7,5;-7;36;1018;0;0;;;0
30.04.2026;08:30:35;9,6;24,6;7,5;-7;36;1018;0;0;;;0
30.04.2026;08:30:36;9,6;24,6;7,5;-7;36;1018;0;0;;;0
30.04.2026;08:30:37;9,6;24,5;7,5;-7;36;1018;0;0;;;0
30.04.2026;08:30:38;9,6;24,5;7,5;-7;35;1018;0;0;;;0
30.04.2026;08:30:39;9,6;24,5;7,5;-7;36;1018;0;0;;;0
30.04.2026;08:30:40;9,6;24,5;7,5;-7;36;1018;0;0;;;0
30.04.2026;08:30:41;9,6;24,5;7,5;-7;36;1018;0;0;;;0
30.04.2026;08:30:42;9,6;24,5;7,5;-7;36;1018;0;0;;;0
30.04.2026;08:30:43;9,6;24,5;7,5;-7;36;1018;0;0;;;0
30.04.2026;08:30:44;9,6;24,5;7,5;-7;35;1018;0;0;;;0
30.04.2026;08:30:46;9,6;24,4;7,5;-7;35;1018;0;0;;;0
30.04.2026;08:30:47;9,6;24,4;7,5;-7;36;1018;0;0;;;0
30.04.2026;08:30:48;9,6;24,4;7,5;-7;36;1018;0;0;;;0
30.04.2026;08:30:49;9,6;24,4;7,5;-7;36;1018;0;0;;;0
30.04.2026;08:30:50;9,6;24,4;7,5;-7;36;1018;0;0;;;0
30.04.2026;08:30:51;9,6;24,4;7,5;-7;36;1018;0;0;;;0
30.04.2026;08:30:52;9,6;24,4;7,5;-7;36;1018;0;0;;;0
30.04.2026;08:30:53;9,6;24,4;7,5;-7;36;1018;0;0;;;0
30.04.2026;08:30:54;9,6;24,4;7,5;-7;36;1018;0;0;;;0
30.04.2026;08:30:56;9,6;24,4;7,5;-7;36;1018;0;0;;;0
30.04.2026;08:30:57;9,6;24,4;7,5;-7;36;1018;0;0;;;0
30.04.2026;08:30:58;9,6;24,4;7,5;-7;36;1018;0;0;;;0
30.04.2026;08:30:59;9,6;24,3;7,5;-7;36;1018;0;0;;;0
30.04.2026;08:31:00;9,6;24,3;7,5;-7;36;1018;0;0;;;0
30.04.2026;08:31:01;9,6;24,3;7,5;-7;36;1018;0;0;;;0
30.04.2026;08:31:02;9,6;24,3;7,5;-7;36;1018;0;0;;;0
30.04.2026;08:31:03;9,6;24,3;7,5;-7;36;1018;0;0;;;0
30.04.2026;08:31:04;9,6;24,3;7,5;-7;36;1018;0;0;;;0
30.04.2026;08:31:06;9,6;24,3;7,5;-7;35;1018;0;0;;;0
30.04.2026;08:31:07;9,6;24,3;7,5;-7;36;1018;0;0;;;0
30.04.2026;08:31:08;9,6;24,3;7,5;-7;36;1018;0;0;;;0
30.04.2026;08:31:09;9,6;24,3;7,5;-7;36;1018;0;0;;;0
30.04.2026;08:31:10;9,6;24,3;7,5;-7;36;1018;0;0;;;0
30.04.2026;08:31:11;9,6;24,3;7,5;-7;36;1018;0;0;;;0
30.04.2026;08:31:12;9,6;24,3;7,5;-7;36;1018;0;0;;;0
30.04.2026;08:31:13;9,6;24,3;7,5;-7;36;1018;0;0;;;0
30.04.2026;08:31:14;9,6;24,3;7,6;-7;36;1018;0;0;;;0
30.04.2026;08:31:15;9,6;24,3;7,6;-7;36;1018;0;0;;;0
30.04.2026;08:31:17;9,6;24,3;7,6;-7;36;1018;0;0;;;0
30.04.2026;08:31:18;9,6;24,3;7,6;-7;36;1018;0;0;;;0
30.04.2026;08:31:19;9,6;24,3;7,6;-7;35;1018;0;0;;;0
30.04.2026;08:31:20;9,6;24,3;7,5;-7;36;1018;0;0;;;0
30.04.2026;08:31:21;9,6;24,3;7,6;-7;36;1018;0;0;;;0
30.04.2026;08:31:22;9,6;24,3;7,6;-7;35;1018;0;0;;;0
30.04.2026;08:31:23;9,6;24,3;7,6;-7;35;1018;0;0;;;0
30.04.2026;08:31:24;9,7;24,3;7,6;-7;36;1018;0;0;;;0
30.04.2026;08:31:25;9,7;24,3;7,6;-7;35;1018;0;0;;;0
30.04.2026;08:31:26;9,7;24,3;7,6;-7;35;1018;0;0;;;0
30.04.2026;08:31:27;9,7;24,3;7,6;-7;35;1018;0;0;;;0
30.04.2026;08:31:28;9,7;24,3;7,6;-7;35;1018;0;0;;;0
30.04.2026;08:31:29;9,7;24,3;7,6;-7;35;1018;0;0;;;0
30.04.2026;08:31:30;9,7;24,3;7,6;-7;35;1018;0;0;;;0
30.04.2026;08:31:32;9,7;24,2;7,6;-7;35;1018;0;0;;;0
30.04.2026;08:31:33;9,7;24,2;7,6;-7;35;1018;0;0;;;0
30.04.2026;08:31:34;9,7;24,2;7,6;-7;35;1018;0;0;;;0
30.04.2026;08:31:35;9,7;24,2;7,6;-7;35;1018;0;0;;;0
30.04.2026;08:31:36;9,7;24,2;7,6;-7;35;1018;0;0;;;0
30.04.2026;08:31:37;9,7;24,2;7,6;-7;36;1018;0;0;;;0
30.04.2026;08:31:38;9,7;24,2;7,6;-7;35;1018;0;0;;;0
30.04.2026;08:31:40;9,7;24,2;7,6;-7;35;1018;0;0;;;0
30.04.2026;08:31:41;9,7;24,2;7,6;-7;35;1018;0;0;;;0
30.04.2026;08:31:42;9,7;24,2;7,6;-7;35;1018;0;0;;;0
30.04.2026;08:31:43;9,7;24,2;7,6;-7;35;1018;0;0;;;0
30.04.2026;08:31:44;9,7;24,2;7,6;-7;35;1018;0;0;;;0
30.04.2026;08:31:45;9,7;24,2;7,6;-7;35;1018;0;0;;;0
30.04.2026;08:31:46;9,7;24,2;7,6;-7;35;1018;0;0;;;0
30.04.2026;08:31:47;9,7;24,2;7,6;-7;35;1018;0;0;;;0
30.04.2026;08:31:48;9,7;24,2;7,6;-7;35;1018;0;0;;;0
30.04.2026;08:31:49;9,7;24,2;7,6;-7;35;1018;0;0;;;0
30.04.2026;08:31:51;9,7;24,2;7,6;-7;35;1018;0;0;;;0
30.04.2026;08:31:52;9,7;24,2;7,6;-7;35;1018;0;0;;;0
30.04.2026;08:31:53;9,7;24,2;7,6;-7;35;1018;0;0;;;0
30.04.2026;08:31:54;9,7;24,2;7,6;-7;35;1018;0;0;;;0
30.04.2026;08:31:55;9,7;24,2;7,6;-7;35;1018;0;0;;;0
30.04.2026;08:31:56;9,7;24,2;7,6;-7;35;1018;0;0;;;0
30.04.2026;08:31:57;9,7;24,2;7,6;-7;35;1018;0;0;;;0
30.04.2026;08:31:58;9,7;24,2;7,6;-7;35;1018;0;0;;;0
30.04.2026;08:32:00;9,7;24,2;7,6;-7;35;1018;0;0;;;0
30.04.2026;08:32:01;9,7;24,2;7,6;-7;35;1018;0;0;;;0
30.04.2026;08:32:02;9,7;24,2;7,6;-7;35;1018;0;0;;;0
30.04.2026;08:32:03;9,7;24,2;7,6;-7;35;1018;0;0;;;0
30.04.2026;08:32:04;9,7;24,2;7,6;-7;35;1018;0;0;;;0
30.04.2026;08:32:05;9,7;24,2;7,6;-7;35;1018;0;0;;;0
30.04.2026;08:32:06;9,7;24,2;7,7;-7;35;1018;0;0;;;0
30.04.2026;08:32:07;9,8;24,2;7,7;-7;35;1018;0;0;;;0
30.04.2026;08:32:08;9,8;24,2;7,7;-7;35;1018;0;0;;;0
30.04.2026;08:32:09;9,8;24,2;7,7;-7;35;1018;0;0;;;0
30.04.2026;08:32:10;9,8;24,2;7,7;-7;35;1018;0;0;;;0
30.04.2026;08:32:12;9,8;24,2;7,7;-7;35;1018;0;0;;;0
30.04.2026;08:32:13;9,8;24,2;7,7;-7;35;1018;0;0;;;0
30.04.2026;08:32:14;9,8;24,2;7,7;-7;35;1018;0;0;;;0
30.04.2026;08:32:15;9,8;24,2;7,7;-7;35;1018;0;0;;;0
30.04.2026;08:32:16;9,8;24,2;7,7;-7;35;1018;0;0;;;0
30.04.2026;08:32:17;9,8;24,2;7,7;-7;35;1018;0;0;;;0
30.04.2026;08:32:18;9,8;24,2;7,7;-7;35;1018;0;0;;;0
30.04.2026;08:32:19;9,8;24,2;7,7;-7;35;1018;0;0;;;0
30.04.2026;08:32:20;9,8;24,2;7,7;-7;35;1018;0;0;;;0
30.04.2026;08:32:21;9,8;24,2;7,7;-7;35;1018;0;0;;;0
30.04.2026;08:32:22;9,8;24,2;7,7;-7;35;1018;0;0;;;0
30.04.2026;08:32:24;9,8;24,2;7,7;-7;35;1018;0;0;;;0
30.04.2026;08:32:25;9,8;24,2;7,7;-7;35;1018;0;0;;;0
30.04.2026;08:32:26;9,8;24,2;7,7;-7;35;1018;0;0;;;0
30.04.2026;08:32:27;9,8;24,2;7,7;-7;35;1018;0;0;;;0
30.04.2026;08:32:28;9,8;24,2;7,7;-7;35;1018;0;0;;;0
30.04.2026;08:32:29;9,8;24,2;7,7;-7;35;1018;0;0;;;0
30.04.2026;08:32:30;9,8;24,2;7,7;-7;35;1018;0;0;;;0
30.04.2026;08:32:31;9,8;24,2;7,7;-7;35;1018;0;0;;;0
30.04.2026;08:32:33;9,8;24,2;7,7;-7;35;1018;0;0;;;0
30.04.2026;08:32:33;9,8;24,2;7,7;-7;35;1018;0;0;;;0
30.04.2026;08:32:35;9,8;24,2;7,7;-7;35;1018;0;0;;;0
30.04.2026;08:32:36;9,8;24,2;7,7;-7;35;1018;0;0;;;0
30.04.2026;08:32:37;9,8;24,2;7,7;-7;35;1018;0;0;;;0
30.04.2026;08:32:38;9,8;24,2;7,7;-7;35;1018;0;0;;;0
30.04.2026;08:32:39;9,8;24,2;7,7;-7;35;1018;0;0;;;0
30.04.2026;08:32:40;9,8;24,2;7,7;-7;35;1018;0;0;;;0
30.04.2026;08:32:41;9,8;24,2;7,7;-7;35;1018;0;0;;;0
30.04.2026;08:32:42;9,8;24,2;7,7;-7;35;1018;0;0;;;0
30.04.2026;08:32:43;9,8;24,2;7,7;-7;35;1018;0;0;;;0
30.04.2026;08:32:44;9,8;24,2;7,7;-7;35;1018;0;0;;;0
30.04.2026;08:32:45;9,8;24,1;7,7;-7;35;1018;0;0;;;0
30.04.2026;08:32:46;9,8;24,1;7,7;-7;35;1018;0;0;;;0
30.04.2026;08:32:47;9,8;24,1;7,8;-7;35;1018;0;0;;;0
30.04.2026;08:32:49;9,8;24,2;7,8;-7;35;1018;0;0;;;0
30.04.2026;08:32:50;9,8;24,2;7,8;-7;35;1018;0;0;;;0
30.04.2026;08:32:51;9,8;24,1;7,8;-7;35;1018;0;0;;;0
30.04.2026;08:32:52;9,8;24,1;7,8;-7;35;1018;0;0;;;0
30.04.2026;08:32:53;9,8;24,1;7,8;-7;35;1018;0;0;;;0
30.04.2026;08:32:54;9,8;24,1;7,8;-7;35;1018;0;0;;;0
30.04.2026;08:32:55;9,8;24,1;7,8;-7;35;1018;0;0;;;0
30.04.2026;08:32:56;9,8;24,1;7,8;-7;35;1018;0;0;;;0
30.04.2026;08:32:57;9,8;24,1;7,8;-7;35;1018;0;0;;;0
30.04.2026;08:32:58;9,8;24,1;7,8;-7;35;1018;0;0;;;0
30.04.2026;08:32:59;9,9;24,1;7,8;-7;35;1018;0;0;;;0
30.04.2026;08:33:00;9,9;24,1;7,8;-7;35;1018;0;0;;;0
30.04.2026;08:33:01;9,9;24,1;7,8;-7;35;1018;0;0;;;0
30.04.2026;08:33:02;9,9;24,1;7,8;-7;35;1018;0;0;;;0
30.04.2026;08:33:04;9,9;24,1;7,8;-7;35;1018;0;0;;;0
30.04.2026;08:33:05;9,9;24,1;7,8;-7;35;1018;0;0;;;0
30.04.2026;08:33:06;9,9;24,1;7,8;-7;35;1018;0;0;;;0
30.04.2026;08:33:07;9,9;24,1;7,8;-7;35;1018;0;0;;;0
30.04.2026;08:33:08;9,9;24,1;7,8;-7;35;1018;0;0;;;0
30.04.2026;08:33:09;9,9;24,1;7,8;-7;35;1018;0;0;;;0
30.04.2026;08:33:10;9,9;24,1;7,8;-7;35;1018;0;0;;;0
30.04.2026;08:33:11;9,9;24,1;7,8;-7;35;1018;0;0;;;0
30.04.2026;08:33:12;9,9;24,1;7,8;-7;35;1018;0;0;;;0
30.04.2026;08:33:14;9,9;24,1;7,8;-7;35;1018;0;0;;;0
30.04.2026;08:33:15;9,9;24,1;7,8;-7;35;1018;0;0;;;0
30.04.2026;08:33:16;9,9;24,1;7,8;-7;35;1018;0;0;;;0
30.04.2026;08:33:17;9,9;24,1;7,8;-7;35;1018;0;0;;;0
30.04.2026;08:33:18;9,9;24,1;7,8;-7;35;1018;0;0;;;0
30.04.2026;08:33:19;9,9;24,1;7,8;-7;35;1018;0;0;;;0
30.04.2026;08:33:20;9,9;24,1;7,8;-7;35;1018;0;0;;;0
30.04.2026;08:33:21;9,9;24,1;7,8;-7;35;1018;0;0;;;0
30.04.2026;08:33:22;9,9;24,1;7,8;-7;35;1018;0;0;;;0
30.04.2026;08:33:23;9,9;24,1;7,8;-7;35;1018;0;0;;;0
30.04.2026;08:33:25;9,9;24,1;7,8;-7;35;1018;0;0;;;0
30.04.2026;08:33:26;9,9;24,1;7,8;-7;35;1018;0;0;;;0
30.04.2026;08:33:27;9,9;24,1;7,8;-7;35;1018;0;0;;;0
30.04.2026;08:33:28;9,9;24,1;7,8;-7;35;1018;0;0;;;0
30.04.2026;08:33:29;9,9;24,1;7,8;-7;35;1018;0;0;;;0
30.04.2026;08:33:30;9,9;24,1;7,8;-7;35;1018;0;0;;;0
30.04.2026;08:33:31;9,9;24,1;7,8;-7;35;1018;0;0;;;0
30.04.2026;08:33:32;9,9;24;7,8;-7;35;1018;0;0;;;0
30.04.2026;08:33:33;9,9;24;7,8;-7;35;1018;0;0;;;0
30.04.2026;08:33:34;9,9;24;7,9;-7;35;1018;0;0;;;0
30.04.2026;08:33:35;9,9;24;7,9;-7;35;1018;0;0;;;0
30.04.2026;08:33:36;9,9;24;7,9;-7;35;1018;0;0;;;0
30.04.2026;08:33:37;9,9;24;7,9;-7;35;1018;0;0;;;0
30.04.2026;08:33:38;10;24;7,9;-7;35;1018;0;0;;;0
30.04.2026;08:33:40;10;24;7,9;-7;35;1018;0;0;;;0
30.04.2026;08:33:41;9,9;24;7,9;-7;35;1018;0;0;;;0
30.04.2026;08:33:42;9,9;24;7,9;-7;35;1018;0;0;;;0
30.04.2026;08:33:43;9,9;24;7,9;-7;35;1018;0;0;;;0
30.04.2026;08:33:44;10;24;7,9;-7;35;1018;0;0;;;0
30.04.2026;08:33:45;10;24;7,9;-7;35;1018;0;0;;;0
30.04.2026;08:33:46;10;24;7,9;-7;35;1018;0;0;;;0
30.04.2026;08:33:47;10;24;7,9;-7;35;1018;0;0;;;0
30.04.2026;08:33:48;10;24;7,9;-7;35;1018;0;0;;;0
30.04.2026;08:33:49;10;24;7,9;-7;35;1018;0;0;;;0
30.04.2026;08:33:50;10;24;7,9;-7;35;1018;0;0;;;0
30.04.2026;08:33:51;10;24;7,9;-7;35;1018;0;0;;;0
30.04.2026;08:33:52;10;24;7,9;-7;35;1018;0;0;;;0
30.04.2026;08:33:53;10;24;7,9;-7;35;1018;0;0;;;0
30.04.2026;08:33:54;10;24;7,9;-7;35;1018;0;0;;;0
30.04.2026;08:33:55;10;24;7,9;-7;35;1018;0;0;;;0
30.04.2026;08:33:56;10;24;7,9;-7;35;1018;0;0;;;0
30.04.2026;08:33:58;10;24;7,9;-7;35;1018;0;0;;;0
30.04.2026;08:33:59;10;24;7,9;-7;35;1018;0;0;;;0
30.04.2026;08:34:00;10;24;7,9;-7;35;1018;0;0;;;0
30.04.2026;08:34:01;10;24;7,9;-7;35;1018;0;0;;;0
30.04.2026;08:34:02;10;24;7,9;-7;35;1018;0;0;;;0
30.04.2026;08:34:03;10;24;7,9;-7;35;1018;0;0;;;0
30.04.2026;08:34:04;10;24;7,9;-7;35;1018;0;0;;;0
30.04.2026;08:34:06;10;24;7,9;-7;35;1018;0;0;;;0
30.04.2026;08:34:07;10;24;7,9;-7;35;1018;0;0;;;0
30.04.2026;08:34:08;10;24;7,9;-7;35;1018;0;0;;;0
30.04.2026;08:34:09;10;24;7,9;-7;35;1018;0;0;;;0
30.04.2026;08:34:10;10;24;7,9;-7;35;1018;0;0;;;0
30.04.2026;08:34:11;10;24;7,9;-7;35;1018;0;0;;;0
30.04.2026;08:34:12;10;24;7,9;-7;35;1018;0;0;;;0
30.04.2026;08:34:13;10;24;7,9;-7;35;1018;0;0;;;0
30.04.2026;08:34:14;10;24;7,9;-7;35;1018;0;0;;;0
30.04.2026;08:34:15;10;24;7,9;-7;35;1018;0;0;;;0
30.04.2026;08:34:16;10;24;7,9;-7;35;1018;0;0;;;0
30.04.2026;08:34:17;10;24;7,9;-7;35;1018;0;0;;;0
30.04.2026;08:34:19;10;24;7,9;-7;35;1018;0;0;;;0
30.04.2026;08:34:20;10;24;8;-6;35;1018;0;0;;;0
30.04.2026;08:34:21;10;24;7,9;-7;35;1018;0;0;;;0
30.04.2026;08:34:22;10;23,9;8;-6;35;1018;0;0;;;0
30.04.2026;08:34:23;10;23,9;7,9;-7;35;1018;0;0;;;0
30.04.2026;08:34:24;10;23,9;8;-6;35;1018;0;0;;;0
30.04.2026;08:34:25;10,1;23,9;8;-6;35;1018;0;0;;;0
30.04.2026;08:34:26;10,1;23,9;8;-6;35;1018;0;0;;;0
30.04.2026;08:34:27;10,1;23,9;8;-6;35;1018;0;0;;;0
30.04.2026;08:34:28;10,1;23,9;8;-6;35;1018;0;0;;;0
30.04.2026;08:34:30;10,1;23,9;8;-6;35;1018;0;0;;;0
30.04.2026;08:34:31;10,1;23,9;8;-6;35;1018;0;0;;;0
30.04.2026;08:34:32;10,1;23,9;8;-6;35;1018;0;0;;;0
30.04.2026;08:34:33;10,1;23,9;8;-6;35;1018;0;0;;;0
30.04.2026;08:34:34;10,1;23,9;8;-6;35;1018;0;0;;;0
30.04.2026;08:34:35;10,1;23,9;8;-6;35;1018;0;0;;;0
30.04.2026;08:34:36;10,1;23,9;8;-6;35;1018;0;0;;;0
30.04.2026;08:34:37;10,1;23,9;8;-6;35;1018;0;0;;;0
30.04.2026;08:34:38;10,1;23,9;8;-6;35;1018;0;0;;;0
30.04.2026;08:34:39;10,1;23,9;8;-6;35;1018;0;0;;;0
30.04.2026;08:34:40;10,1;23,9;8;-6;35;1018;0;0;;;0
30.04.2026;08:34:41;10,1;23,9;8;-6;35;1018;0;0;;;0
30.04.2026;08:34:42;10,1;23,9;8;-6;35;1018;0;0;;;0
30.04.2026;08:34:44;10,1;23,9;8;-6;35;1018;0;0;;;0
30.04.2026;08:34:45;10,1;23,9;8;-6;35;1018;0;0;;;0
30.04.2026;08:34:46;10,1;23,9;8;-6;35;1018;0;0;;;0
30.04.2026;08:34:47;10,1;23,9;8;-6;35;1018;0;0;;;0
30.04.2026;08:34:48;10,1;23,9;8;-6;35;1018;0;0;;;0
30.04.2026;08:34:49;10,1;23,9;8;-6;35;1018;0;0;;;0
30.04.2026;08:34:50;10,1;23,9;8;-6;35;1018;0;0;;;0
30.04.2026;08:34:51;10,1;23,9;8;-6;35;1018;0;0;;;0
30.04.2026;08:34:53;10,1;23,9;8;-6;35;1018;0;0;;;0
30.04.2026;08:34:54;10,1;23,9;8;-6;35;1018;0;0;;;0
30.04.2026;08:34:55;10,1;23,9;8;-6;35;1018;0;0;;;0
30.04.2026;08:34:56;10,1;23,9;8;-6;35;1018;0;0;;;0
30.04.2026;08:34:57;10,1;23,8;8;-6;35;1018;0;0;;;0
30.04.2026;08:34:58;10,1;23,8;8;-6;35;1018;0;0;;;0
30.04.2026;08:34:59;10,1;23,8;8;-6;35;1018;0;0;;;0
30.04.2026;08:35:00;10,1;23,8;8;-6;35;1018;0;0;;;0
30.04.2026;08:35:01;10,1;23,8;8;-6;35;1018;0;0;;;0
30.04.2026;08:35:03;10,1;23,8;8;-6;35;1018;0;0;;;0
30.04.2026;08:35:04;10,1;23,8;8;-6;35;1018;0;0;;;0
30.04.2026;08:35:05;10,1;23,8;8;-6;35;1018;0;0;;;0
30.04.2026;08:35:06;10,1;23,8;8;-6;35;1018;0;0;;;0
30.04.2026;08:35:07;10,1;23,8;8;-6;35;1018;0;0;;;0
30.04.2026;08:35:08;10,2;23,8;8;-6;35;1018;0;0;;;0
30.04.2026;08:35:09;10,2;23,8;8;-6;35;1018;0;0;;;0
30.04.2026;08:35:10;10,2;23,8;8;-6;35;1018;0;0;;;0
30.04.2026;08:35:11;10,2;23,8;8;-6;35;1018;0;0;;;0
30.04.2026;08:35:12;10,2;23,8;8,1;-6;35;1018;0;0;;;0
30.04.2026;08:35:13;10,2;23,8;8;-6;35;1018;0;0;;;0
30.04.2026;08:35:14;10,2;23,8;8;-6;35;1018;0;0;;;0
30.04.2026;08:35:15;10,2;23,8;8;-6;35;1018;0;0;;;0
30.04.2026;08:35:16;10,2;23,8;8;-6;35;1018;0;0;;;0
30.04.2026;08:35:17;10,2;23,8;8;-6;35;1018;0;0;;;0
30.04.2026;08:35:18;10,2;23,8;8,1;-6;35;1018;0;0;;;0
30.04.2026;08:35:19;10,2;23,8;8,1;-6;35;1018;0;0;;;0
30.04.2026;08:35:20;10,2;23,8;8,1;-6;35;1018;0;0;;;0
30.04.2026;08:35:21;10,2;23,8;8,1;-6;35;1018;0;0;;;0
30.04.2026;08:35:22;10,2;23,8;8,1;-6;35;1018;0;0;;;0
30.04.2026;08:35:23;10,2;23,8;8,1;-6;35;1018;0;0;;;0
30.04.2026;08:35:24;10,2;23,8;8,1;-6;35;1018;0;0;;;0
30.04.2026;08:35:26;10,2;23,8;8,1;-6;35;1018;0;0;;;0
30.04.2026;08:35:27;10,2;23,8;8,1;-6;35;1018;0;0;;;0
30.04.2026;08:35:28;10,2;23,8;8,1;-6;35;1018;0;0;;;0
30.04.2026;08:35:29;10,2;23,8;8,1;-6;35;1018;0;0;;;0
30.04.2026;08:35:30;10,2;23,7;8,1;-6;35;1018;0;0;;;0
30.04.2026;08:35:31;10,2;23,7;8,1;-6;35;1018;0;0;;;0
30.04.2026;08:35:32;10,2;23,7;8,1;-6;35;1018;0;0;;;0
30.04.2026;08:35:33;10,2;23,7;8,1;-6;35;1018;0;0;;;0
30.04.2026;08:35:34;10,2;23,7;8,1;-6;35;1018;0;0;;;0
30.04.2026;08:35:35;10,2;23,7;8,1;-6;35;1018;0;0;;;0
30.04.2026;08:35:37;10,2;23,7;8,1;-6;35;1018;0;0;;;0
30.04.2026;08:35:38;10,2;23,7;8,1;-6;35;1018;0;0;;;0
30.04.2026;08:35:39;10,2;23,7;8,1;-6;35;1018;0;0;;;0
30.04.2026;08:35:40;10,2;23,7;8,1;-6;35;1018;0;0;;;0
30.04.2026;08:35:41;10,2;23,7;8,1;-6;35;1018;0;0;;;0
30.04.2026;08:35:42;10,2;23,7;8,1;-6;35;1018;0;0;;;0
30.04.2026;08:35:43;10,2;23,7;8,1;-6;35;1018;0;0;;;0
30.04.2026;08:35:44;10,2;23,7;8,1;-6;35;1018;0;0;;;0
30.04.2026;08:35:45;10,2;23,7;8,1;-6;35;1018;0;0;;;0
30.04.2026;08:35:46;10,2;23,7;8,1;-6;35;1018;0;0;;;0
30.04.2026;08:35:47;10,2;23,7;8,1;-6;35;1018;0;0;;;0
30.04.2026;08:35:49;10,2;23,7;8,1;-6;35;1018;0;0;;;0
30.04.2026;08:35:50;10,2;23,7;8,1;-6;35;1018;0;0;;;0
30.04.2026;08:35:51;10,2;23,7;8,1;-6;35;1018;0;0;;;0
30.04.2026;08:35:52;10,2;23,7;8,1;-6;35;1018;0;0;;;0
30.04.2026;08:35:53;10,2;23,7;8,1;-6;35;1018;0;0;;;0
30.04.2026;08:35:54;10,2;23,7;8,1;-6;35;1018;0;0;;;0
30.04.2026;08:35:55;10,2;23,6;8,1;-6;35;1018;0;0;;;0
30.04.2026;08:35:56;10,2;23,6;8,1;-6;35;1018;0;0;;;0
30.04.2026;08:35:57;10,3;23,6;8,1;-6;35;1018;0;0;;;0
30.04.2026;08:35:58;10,3;23,6;8,1;-6;35;1018;0;0;;;0
30.04.2026;08:35:59;10,3;23,6;8,1;-6;35;1018;0;0;;;0
30.04.2026;08:36:00;10,3;23,6;8,1;-6;35;1018;0;0;;;0
30.04.2026;08:36:01;10,3;23,6;8,1;-6;35;1018;0;0;;;0
30.04.2026;08:36:02;10,3;23,6;8,1;-6;35;1018;0;0;;;0
30.04.2026;08:36:03;10,3;23,6;8,1;-6;35;1018;0;0;;;0
30.04.2026;08:36:04;10,3;23,6;8,1;-6;35;1018;0;0;;;0
30.04.2026;08:36:05;10,3;23,6;8,1;-6;35;1018;0;0;;;0
30.04.2026;08:36:06;10,3;23,6;8,1;-6;35;1018;0;0;;;0
30.04.2026;08:36:07;10,3;23,6;8,1;-6;35;1018;0;0;;;0
30.04.2026;08:36:09;10,3;23,6;8,1;-6;35;1018;0;0;;;0
30.04.2026;08:36:09;10,3;23,6;8,1;-6;35;1018;0;0;;;0
30.04.2026;08:36:11;10,3;23,6;8,1;-6;35;1018;0;0;;;0
30.04.2026;08:36:12;10,3;23,6;8,1;-6;35;1018;0;0;;;0
30.04.2026;08:36:13;10,3;23,6;8,1;-6;35;1018;0;0;;;0
30.04.2026;08:36:14;10,3;23,6;8,1;-6;35;1018;0;0;;;0
30.04.2026;08:36:15;10,3;23,6;8,1;-6;35;1018;0;0;;;0
30.04.2026;08:36:16;10,3;23,6;8,1;-6;35;1018;0;0;;;0
30.04.2026;08:36:17;10,3;23,6;8,1;-6;35;1018;0;0;;;0
30.04.2026;08:36:18;10,3;23,6;8,1;-6;35;1018;0;0;;;0
30.04.2026;08:36:19;10,3;23,6;8,1;-6;35;1018;0;0;;;0
30.04.2026;08:36:20;10,3;23,6;8,1;-6;35;1018;0;0;;;0
30.04.2026;08:36:22;10,3;23,6;8,2;-6;35;1018;0;0;;;0
30.04.2026;08:36:23;10,3;23,6;8,2;-6;35;1018;0;0;;;0
30.04.2026;08:36:24;10,3;23,6;8,2;-6;35;1018;0;0;;;0
30.04.2026;08:36:25;10,3;23,6;8,1;-6;35;1018;0;0;;;0
30.04.2026;08:36:26;10,3;23,6;8,2;-6;35;1018;0;0;;;0
30.04.2026;08:36:27;10,3;23,6;8,2;-6;35;1019;0;0;;;0
30.04.2026;08:36:28;10,3;23,6;8,2;-6;35;1018;0;0;;;0
30.04.2026;08:36:29;10,3;23,6;8,2;-6;35;1018;0;0;;;0
30.04.2026;08:36:31;10,3;23,6;8,2;-6;35;1018;0;0;;;0
30.04.2026;08:36:32;10,3;23,6;8,2;-6;35;1018;0;0;;;0
30.04.2026;08:36:33;10,3;23,6;8,2;-6;35;1018;0;0;;;0
30.04.2026;08:36:34;10,3;23,6;8,2;-6;35;1018;0;0;;;0
30.04.2026;08:36:35;10,3;23,6;8,2;-6;35;1018;0;0;;;0
30.04.2026;08:36:36;10,3;23,6;8,2;-6;35;1018;0;0;;;0
30.04.2026;08:36:37;10,3;23,6;8,2;-6;35;1018;0;0;;;0
30.04.2026;08:36:38;10,3;23,6;8,2;-6;35;1018;0;0;;;0
30.04.2026;08:36:39;10,3;23,6;8,2;-6;35;1018;0;0;;;0
30.04.2026;08:36:40;10,3;23,6;8,2;-6;35;1018;0;0;;;0
30.04.2026;08:36:42;10,3;23,5;8,2;-6;35;1018;0;0;;;0
30.04.2026;08:36:43;10,3;23,5;8,2;-6;35;1018;0;0;;;0
30.04.2026;08:36:44;10,3;23,5;8,2;-6;35;1018;0;0;;;0
30.04.2026;08:36:45;10,3;23,5;8,2;-6;35;1018;0;0;;;0
30.04.2026;08:36:46;10,4;23,5;8,2;-6;35;1018;0;0;;;0
30.04.2026;08:36:47;10,4;23,5;8,2;-6;35;1018;0;0;;;0
30.04.2026;08:36:49;10,4;23,5;8,2;-6;35;1018;0;0;;;0
30.04.2026;08:36:50;10,4;23,5;8,2;-6;35;1018;0;0;;;0
30.04.2026;08:36:51;10,4;23,5;8,2;-6;35;1018;0;0;;;0
30.04.2026;08:36:52;10,4;23,5;8,2;-6;35;1018;0;0;;;0
30.04.2026;08:36:53;10,4;23,5;8,2;-6;35;1018;0;0;;;0
30.04.2026;08:36:54;10,4;23,5;8,2;-6;35;1018;0;0;;;0
30.04.2026;08:36:55;10,4;23,5;8,2;-6;35;1018;0;0;;;0
30.04.2026;08:36:56;10,4;23,5;8,2;-6;35;1018;0;0;;;0
30.04.2026;08:36:57;10,4;23,5;8,2;-6;35;1018;0;0;;;0
30.04.2026;08:36:59;10,4;23,5;8,2;-6;35;1018;0;0;;;0
30.04.2026;08:37:00;10,4;23,5;8,2;-6;35;1018;0;0;;;0
30.04.2026;08:37:01;10,4;23,5;8,2;-6;35;1018;0;0;;;0
30.04.2026;08:37:02;10,4;23,5;8,2;-6;35;1018;0;0;;;0
30.04.2026;08:37:03;10,4;23,5;8,2;-6;35;1018;0;0;;;0
30.04.2026;08:37:04;10,4;23,5;8,2;-6;35;1018;0;0;;;0
30.04.2026;08:37:05;10,4;23,5;8,2;-6;35;1018;0;0;;;0
30.04.2026;08:37:06;10,4;23,5;8,2;-6;35;1018;0;0;;;0
30.04.2026;08:37:07;10,4;23,5;8,2;-6;35;1018;0;0;;;0
30.04.2026;08:37:08;10,4;23,5;8,3;-6;35;1018;0;0;;;0
30.04.2026;08:37:10;10,4;23,5;8,2;-6;35;1018;0;0;;;0
30.04.2026;08:37:11;10,4;23,5;8,3;-6;35;1018;0;0;;;0
30.04.2026;08:37:12;10,4;23,5;8,3;-6;35;1018;0;0;;;0
30.04.2026;08:37:13;10,4;23,5;8,3;-6;35;1018;0;0;;;0
30.04.2026;08:37:14;10,4;23,5;8,3;-6;35;1018;0;0;;;0
30.04.2026;08:37:15;10,4;23,5;8,3;-6;35;1018;0;0;;;0
30.04.2026;08:37:16;10,4;23,5;8,3;-6;35;1018;0;0;;;0
30.04.2026;08:37:17;10,4;23,5;8,3;-6;35;1018;0;0;;;0
30.04.2026;08:37:18;10,4;23,5;8,3;-6;35;1018;0;0;;;0
30.04.2026;08:37:19;10,4;23,5;8,3;-6;35;1018;0;0;;;0
30.04.2026;08:37:21;10,4;23,5;8,3;-6;35;1018;0;0;;;0
30.04.2026;08:37:22;10,4;23,5;8,3;-6;35;1018;0;0;;;0
30.04.2026;08:37:23;10,4;23,5;8,3;-6;35;1018;0;0;;;0
30.04.2026;08:37:24;10,4;23,5;8,3;-6;35;1018;0;0;;;0
30.04.2026;08:37:25;10,4;23,4;8,3;-6;35;1018;0;0;;;0
30.04.2026;08:37:26;10,4;23,4;8,3;-6;35;1018;0;0;;;0
30.04.2026;08:37:27;10,4;23,4;8,3;-6;35;1018;0;0;;;0
30.04.2026;08:37:28;10,4;23,4;8,3;-6;35;1018;0;0;;;0
30.04.2026;08:37:29;10,4;23,4;8,3;-6;35;1018;0;0;;;0
30.04.2026;08:37:30;10,4;23,4;8,3;-6;35;1018;0;0;;;0
30.04.2026;08:37:31;10,4;23,4;8,3;-6;35;1018;0;0;;;0
30.04.2026;08:37:32;10,4;23,4;8,3;-6;35;1018;0;0;;;0
30.04.2026;08:37:33;10,4;23,4;8,3;-6;35;1018;0;0;;;0
30.04.2026;08:37:34;10,4;23,4;8,3;-6;35;1018;0;0;;;0
30.04.2026;08:37:35;10,4;23,4;8,3;-6;35;1018;0;0;;;0
30.04.2026;08:37:36;10,4;23,4;8,3;-6;35;1018;0;0;;;0
30.04.2026;08:37:38;10,4;23,4;8,3;-6;35;1018;0;0;;;0
30.04.2026;08:37:39;10,5;23,4;8,3;-6;35;1018;0;0;;;0
30.04.2026;08:37:40;10,5;23,4;8,3;-6;35;1018;0;0;;;0
30.04.2026;08:37:41;10,5;23,4;8,3;-6;35;1018;0;0;;;0
30.04.2026;08:37:42;10,5;23,4;8,3;-6;35;1018;0;0;;;0
30.04.2026;08:37:43;10,5;23,4;8,3;-6;35;1018;0;0;;;0
30.04.2026;08:37:45;10,5;23,4;8,3;-6;35;1018;0;0;;;0
30.04.2026;08:37:46;10,5;23,4;8,3;-6;35;1018;0;0;;;0
30.04.2026;08:37:47;10,5;23,4;8,3;-6;35;1018;0;0;;;0
30.04.2026;08:37:48;10,5;23,4;8,3;-6;35;1018;0;0;;;0
30.04.2026;08:37:49;10,5;23,4;8,3;-6;35;1018;0;0;;;0
30.04.2026;08:37:50;10,5;23,4;8,3;-6;35;1018;0;0;;;0
30.04.2026;08:37:51;10,5;23,4;8,3;-6;35;1018;0;0;;;0
30.04.2026;08:37:52;10,5;23,4;8,3;-6;35;1018;0;0;;;0
30.04.2026;08:37:53;10,5;23,4;8,3;-6;35;1018;0;0;;;0
30.04.2026;08:37:55;10,5;23,4;8,4;-6;35;1018;0;0;;;0
30.04.2026;08:37:56;10,5;23,4;8,4;-6;35;1018;0;0;;;0
30.04.2026;08:37:57;10,5;23,4;8,4;-6;35;1018;0;0;;;0
30.04.2026;08:37:58;10,5;23,4;8,4;-6;35;1018;0;0;;;0
30.04.2026;08:37:59;10,5;23,4;8,4;-6;35;1018;0;0;;;0
30.04.2026;08:38:00;10,5;23,4;8,4;-6;35;1018;0;0;;;0
30.04.2026;08:38:01;10,5;23,4;8,4;-6;35;1018;0;0;;;0
30.04.2026;08:38:02;10,5;23,4;8,4;-6;35;1018;0;0;;;0
30.04.2026;08:38:03;10,5;23,3;8,4;-6;35;1018;0;0;;;0
30.04.2026;08:38:04;10,5;23,3;8,4;-6;35;1018;0;0;;;0
30.04.2026;08:38:06;10,5;23,3;8,4;-6;35;1018;0;0;;;0
30.04.2026;08:38:07;10,5;23,3;8,4;-6;35;1018;0;0;;;0
30.04.2026;08:38:08;10,5;23,3;8,4;-6;35;1018;0;0;;;0
30.04.2026;08:38:09;10,5;23,3;8,4;-6;35;1018;0;0;;;0
30.04.2026;08:38:10;10,5;23,3;8,4;-6;35;1018;0;0;;;0
30.04.2026;08:38:11;10,5;23,3;8,4;-6;35;1018;0;0;;;0
30.04.2026;08:38:12;10,5;23,3;8,4;-6;35;1018;0;0;;;0
30.04.2026;08:38:13;10,5;23,3;8,4;-6;35;1018;0;0;;;0
30.04.2026;08:38:14;10,5;23,3;8,4;-6;35;1018;0;0;;;0
30.04.2026;08:38:16;10,5;23,3;8,4;-6;35;1018;0;0;;;0
30.04.2026;08:38:17;10,5;23,3;8,4;-6;35;1018;0;0;;;0
30.04.2026;08:38:18;10,5;23,3;8,4;-6;35;1018;0;0;;;0
30.04.2026;08:38:19;10,5;23,3;8,4;-6;35;1018;0;0;;;0
30.04.2026;08:38:20;10,5;23,3;8,4;-6;35;1018;0;0;;;0
30.04.2026;08:38:21;10,5;23,3;8,4;-6;35;1018;0;0;;;0
30.04.2026;08:38:23;10,6;23,3;8,4;-6;35;1018;0;0;;;0
30.04.2026;08:38:24;10,6;23,3;8,4;-6;35;1018;0;0;;;0
30.04.2026;08:38:25;10,6;23,3;8,4;-6;35;1018;0;0;;;0
30.04.2026;08:38:26;10,6;23,3;8,4;-6;35;1018;0;0;;;0
30.04.2026;08:38:27;10,6;23,3;8,4;-6;35;1018;0;0;;;0
30.04.2026;08:38:28;10,6;23,3;8,4;-6;35;1018;0;0;;;0
30.04.2026;08:38:29;10,6;23,3;8,4;-6;35;1018;0;0;;;0
30.04.2026;08:38:30;10,6;23,3;8,4;-6;35;1018;0;0;;;0
30.04.2026;08:38:32;10,6;23,3;8,4;-6;35;1018;0;0;;;0
30.04.2026;08:38:33;10,6;23,3;8,4;-6;35;1018;0;0;;;0
30.04.2026;08:38:34;10,6;23,3;8,4;-6;35;1018;0;0;;;0
30.04.2026;08:38:35;10,6;23,3;8,4;-6;35;1018;0;0;;;0
30.04.2026;08:38:36;10,6;23,3;8,4;-6;35;1018;0;0;;;0
30.04.2026;08:38:37;10,6;23,3;8,4;-6;35;1018;0;0;;;0
30.04.2026;08:38:38;10,6;23,3;8,4;-6;35;1018;0;0;;;0
30.04.2026;08:38:39;10,6;23,3;8,5;-6;35;1018;0;0;;;0
30.04.2026;08:38:40;10,6;23,3;8,5;-6;35;1018;0;0;;;0
30.04.2026;08:38:41;10,6;23,3;8,5;-6;35;1018;0;0;;;0
30.04.2026;08:38:42;10,6;23,3;8,5;-6;35;1018;0;0;;;0
30.04.2026;08:38:44;10,6;23,3;8,5;-6;35;1018;0;0;;;0
30.04.2026;08:38:45;10,6;23,3;8,5;-6;35;1018;0;0;;;0
30.04.2026;08:38:46;10,6;23,3;8,5;-6;35;1018;0;0;;;0
30.04.2026;08:38:47;10,6;23,3;8,5;-6;35;1018;0;0;;;0
30.04.2026;08:38:48;10,6;23,3;8,5;-6;35;1018;0;0;;;0
30.04.2026;08:38:49;10,6;23,3;8,5;-6;35;1018;0;0;;;0
30.04.2026;08:38:50;10,6;23,3;8,5;-6;35;1018;0;0;;;0
30.04.2026;08:38:51;10,6;23,3;8,5;-6;35;1018;0;0;;;0
30.04.2026;08:38:52;10,6;23,3;8,5;-6;35;1018;0;0;;;0
30.04.2026;08:38:53;10,6;23,3;8,5;-6;35;1018;0;0;;;0
30.04.2026;08:38:55;10,6;23,3;8,5;-6;35;1018;0;0;;;0
30.04.2026;08:38:56;10,6;23,2;8,5;-6;35;1018;0;0;;;0
30.04.2026;08:38:57;10,6;23,2;8,5;-6;35;1018;0;0;;;0
30.04.2026;08:38:58;10,6;23,2;8,5;-6;35;1018;0;0;;;0
30.04.2026;08:38:59;10,6;23,2;8,5;-6;35;1018;0;0;;;0
30.04.2026;08:39:00;10,6;23,2;8,5;-6;35;1018;0;0;;;0
30.04.2026;08:39:01;10,6;23,2;8,5;-6;35;1018;0;0;;;0
30.04.2026;08:39:02;10,6;23,2;8,5;-6;35;1018;0;0;;;0
30.04.2026;08:39:03;10,6;23,2;8,5;-6;35;1018;0;0;;;0
30.04.2026;08:39:04;10,6;23,2;8,5;-6;35;1018;0;0;;;0
30.04.2026;08:39:05;10,6;23,2;8,5;-6;35;1018;0;0;;;0
30.04.2026;08:39:06;10,7;23,2;8,5;-6;35;1018;0;0;;;0
30.04.2026;08:39:08;10,7;23,2;8,5;-6;35;1018;0;0;;;0
30.04.2026;08:39:09;10,7;23,2;8,5;-6;35;1018;0;0;;;0
30.04.2026;08:39:10;10,7;23,1;8,5;-6;35;1018;0;0;;;0
30.04.2026;08:39:11;10,7;23,1;8,5;-6;35;1018;0;0;;;0
30.04.2026;08:39:12;10,6;23,1;8,5;-6;35;1018;0;0;;;0
30.04.2026;08:39:13;10,6;23,1;8,5;-6;35;1018;0;0;;;0
30.04.2026;08:39:14;10,6;23,1;8,5;-6;35;1018;0;0;;;0
30.04.2026;08:39:15;10,7;23,1;8,5;-6;35;1018;0;0;;;0
30.04.2026;08:39:16;10,7;23,1;8,5;-6;35;1018;0;0;;;0
30.04.2026;08:39:17;10,7;23,1;8,5;-6;35;1018;0;0;;;0
30.04.2026;08:39:18;10,7;23,1;8,5;-6;35;1018;0;0;;;0
30.04.2026;08:39:19;10,7;23,1;8,5;-6;35;1018;0;0;;;0
30.04.2026;08:39:20;10,7;23,1;8,5;-6;35;1018;0;0;;;0
30.04.2026;08:39:21;10,7;23,1;8,5;-6;35;1018;0;0;;;0
30.04.2026;08:39:22;10,7;23,1;8,5;-6;35;1018;0;0;;;0
30.04.2026;08:39:23;10,7;23,1;8,5;-6;35;1018;0;0;;;0
30.04.2026;08:39:24;10,7;23,1;8,5;-6;35;1018;0;0;;;0
30.04.2026;08:39:25;10,7;23,1;8,5;-6;35;1018;0;0;;;0
30.04.2026;08:39:26;10,7;23,1;8,5;-6;35;1018;0;0;;;0
30.04.2026;08:39:28;10,7;23,1;8,5;-6;35;1018;0;0;;;0
30.04.2026;08:39:29;10,7;23,1;8,5;-6;35;1018;0;0;;;0
30.04.2026;08:39:30;10,7;23,1;8,5;-6;35;1018;0;0;;;0
30.04.2026;08:39:31;10,7;23,1;8,5;-6;35;1018;0;0;;;0
30.04.2026;08:39:32;10,7;23,1;8,5;-6;35;1018;0;0;;;0
30.04.2026;08:39:33;10,7;23,1;8,5;-6;35;1018;0;0;;;0
30.04.2026;08:39:34;10,7;23,1;8,5;-6;35;1018;0;0;;;0
30.04.2026;08:39:35;10,7;23,1;8,5;-6;35;1018;0;0;;;0
30.04.2026;08:39:36;10,7;23,1;8,5;-6;35;1018;0;0;;;0
30.04.2026;08:39:37;10,7;23,1;8,5;-6;35;1018;0;0;;;0
30.04.2026;08:39:38;10,7;23;8,5;-6;35;1018;0;0;;;0
30.04.2026;08:39:39;10,7;23;8,6;-6;35;1018;0;0;;;0
30.04.2026;08:39:40;10,7;23;8,6;-6;35;1018;0;0;;;0
30.04.2026;08:39:41;10,7;23;8,6;-6;35;1018;0;0;;;0
30.04.2026;08:39:43;10,7;23;8,6;-6;35;1018;0;0;;;0
30.04.2026;08:39:44;10,7;23;8,6;-6;35;1018;0;0;;;0
30.04.2026;08:39:45;10,7;23;8,6;-6;35;1018;0;0;;;0
30.04.2026;08:39:46;10,7;23;8,6;-6;35;1018;0;0;;;0
30.04.2026;08:39:47;10,7;23;8,6;-6;35;1018;0;0;;;0
30.04.2026;08:39:48;10,7;23;8,6;-6;35;1018;0;0;;;0
30.04.2026;08:39:49;10,7;23;8,6;-6;35;1018;0;0;;;0
30.04.2026;08:39:50;10,7;23;8,6;-6;35;1018;0;0;;;0
30.04.2026;08:39:51;10,7;23;8,6;-6;35;1018;0;0;;;0
30.04.2026;08:39:52;10,7;23;8,6;-6;35;1018;0;0;;;0
30.04.2026;08:39:53;10,7;23;8,6;-6;35;1018;0;0;;;0
30.04.2026;08:39:54;10,7;23;8,6;-6;35;1018;0;0;;;0
30.04.2026;08:39:56;10,7;23;8,6;-6;35;1018;0;0;;;0
30.04.2026;08:39:57;10,7;23;8,6;-6;35;1018;0;0;;;0
30.04.2026;08:39:58;10,7;23;8,6;-6;35;1018;0;0;;;0
30.04.2026;08:39:59;10,7;23;8,6;-6;35;1018;0;0;;;0
30.04.2026;08:40:00;10,7;23;8,6;-6;35;1018;0;0;;;0
30.04.2026;08:40:01;10,7;23;8,6;-6;35;1018;0;0;;;0
30.04.2026;08:40:02;10,7;23;8,6;-6;35;1018;0;0;;;0
30.04.2026;08:40:03;10,7;23;8,6;-6;35;1018;0;0;;;0
30.04.2026;08:40:04;10,7;23;8,6;-6;35;1018;0;0;;;0
30.04.2026;08:40:05;10,7;23;8,6;-6;35;1018;0;0;;;0
30.04.2026;08:40:06;10,7;23;8,6;-6;35;1018;0;0;;;0
30.04.2026;08:40:07;10,7;23;8,6;-6;35;1018;0;0;;;0
30.04.2026;08:40:08;10,7;23;8,6;-6;35;1018;0;0;;;0
30.04.2026;08:40:09;10,8;23;8,6;-6;35;1018;0;0;;;0
30.04.2026;08:40:10;10,8;23;8,6;-6;35;1018;0;0;;;0
30.04.2026;08:40:12;10,8;23;8,6;-6;35;1018;0;0;;;0
30.04.2026;08:40:13;10,8;23;8,6;-6;35;1018;0;0;;;0
30.04.2026;08:40:14;10,8;22,9;8,6;-6;35;1018;0;0;;;0
30.04.2026;08:40:15;10,8;22,9;8,6;-6;35;1018;0;0;;;0
30.04.2026;08:40:16;10,8;22,9;8,6;-6;35;1018;0;0;;;0
30.04.2026;08:40:17;10,8;22,9;8,6;-6;35;1018;0;0;;;0
30.04.2026;08:40:19;10,8;22,9;8,6;-6;35;1018;0;0;;;0
30.04.2026;08:40:20;10,8;22,9;8,7;-6;35;1018;0;0;;;0
30.04.2026;08:40:21;10,8;22,9;8,7;-6;35;1018;0;0;;;0
30.04.2026;08:40:22;10,8;22,9;8,7;-6;35;1018;0;0;;;0
30.04.2026;08:40:23;10,8;22,9;8,7;-6;35;1018;0;0;;;0
30.04.2026;08:40:24;10,8;22,9;8,7;-6;35;1018;0;0;;;0
30.04.2026;08:40:25;10,8;22,9;8,7;-6;35;1018;0;0;;;0
30.04.2026;08:40:26;10,8;22,9;8,7;-6;35;1018;0;0;;;0
30.04.2026;08:40:27;10,8;22,9;8,7;-6;35;1018;0;0;;;0
30.04.2026;08:40:29;10,8;22,9;8,7;-6;35;1018;0;0;;;0
30.04.2026;08:40:30;10,8;22,9;8,7;-6;35;1018;0;0;;;0
30.04.2026;08:40:31;10,8;22,9;8,7;-6;35;1018;0;0;;;0
30.04.2026;08:40:32;10,8;22,9;8,7;-6;35;1018;0;0;;;0
30.04.2026;08:40:33;10,8;22,9;8,7;-6;35;1018;0;0;;;0
30.04.2026;08:40:34;10,8;22,9;8,7;-6;35;1018;0;0;;;0
30.04.2026;08:40:35;10,8;22,9;8,7;-6;35;1018;0;0;;;0
30.04.2026;08:40:36;10,8;22,9;8,7;-6;35;1018;0;0;;;0
30.04.2026;08:40:37;10,8;22,9;8,7;-6;35;1018;0;0;;;0
30.04.2026;08:40:38;10,8;22,9;8,7;-6;35;1018;0;0;;;0
30.04.2026;08:40:39;10,8;22,9;8,7;-6;35;1018;0;0;;;0
30.04.2026;08:40:40;10,8;22,9;8,7;-6;35;1018;0;0;;;0
30.04.2026;08:40:41;10,8;22,9;8,7;-6;35;1018;0;0;;;0
30.04.2026;08:40:42;10,8;22,9;8,7;-6;35;1018;0;0;;;0
30.04.2026;08:40:43;10,8;22,9;8,8;-6;35;1018;0;0;;;0
30.04.2026;08:40:45;10,8;22,9;8,7;-6;35;1018;0;0;;;0
30.04.2026;08:40:46;10,8;22,9;8,8;-6;35;1018;0;0;;;0
30.04.2026;08:40:47;10,8;22,9;8,8;-6;35;1018;0;0;;;0
30.04.2026;08:40:48;10,8;22,9;8,8;-6;35;1018;0;0;;;0
30.04.2026;08:40:49;10,8;22,9;8,8;-6;35;1018;0;0;;;0
30.04.2026;08:40:50;10,9;22,9;8,8;-6;35;1018;0;0;;;0
30.04.2026;08:40:51;10,9;22,9;8,8;-6;35;1018;0;0;;;0
30.04.2026;08:40:52;10,9;22,9;8,8;-6;35;1018;0;0;;;0
30.04.2026;08:40:53;10,9;22,9;8,8;-6;35;1018;0;0;;;0
30.04.2026;08:40:54;10,9;22,9;8,8;-6;35;1018;0;0;;;0
30.04.2026;08:40:55;10,9;22,9;8,8;-6;35;1018;0;0;;;0
30.04.2026;08:40:56;10,9;22,9;8,8;-6;35;1018;0;0;;;0
30.04.2026;08:40:58;10,9;22,9;8,8;-6;35;1018;0;0;;;0
30.04.2026;08:40:58;10,9;22,9;8,8;-6;35;1018;0;0;;;0
30.04.2026;08:41:00;10,9;22,9;8,8;-6;35;1018;0;0;;;0
30.04.2026;08:41:01;10,9;22,9;8,8;-6;35;1018;0;0;;;0
30.04.2026;08:41:02;10,9;22,9;8,8;-6;35;1018;0;0;;;0
30.04.2026;08:41:03;10,9;22,9;8,8;-6;35;1018;0;0;;;0
30.04.2026;08:41:04;10,9;22,9;8,8;-6;35;1018;0;0;;;0
30.04.2026;08:41:06;10,9;22,9;8,8;-6;35;1018;0;0;;;0
30.04.2026;08:41:07;10,9;22,9;8,9;-6;35;1018;0;0;;;0
30.04.2026;08:41:08;10,9;22,9;8,9;-6;35;1018;0;0;;;0
30.04.2026;08:41:09;10,9;22,9;8,9;-6;35;1018;0;0;;;0
30.04.2026;08:41:10;10,9;22,9;8,9;-6;35;1018;0;0;;;0
30.04.2026;08:41:11;10,9;22,9;8,9;-6;35;1018;0;0;;;0
30.04.2026;08:41:12;10,9;22,8;8,9;-6;35;1018;0;0;;;0
30.04.2026;08:41:13;10,9;22,8;8,9;-6;35;1018;0;0;;;0
30.04.2026;08:41:14;10,9;22,8;8,9;-6;35;1018;0;0;;;0
30.04.2026;08:41:15;10,9;22,8;8,9;-6;35;1018;0;0;;;0
30.04.2026;08:41:16;10,9;22,8;8,9;-6;35;1018;0;0;;;0
30.04.2026;08:41:17;10,9;22,8;8,9;-6;35;1018;0;0;;;0
30.04.2026;08:41:19;10,9;22,8;8,9;-6;35;1018;0;0;;;0
30.04.2026;08:41:20;10,9;22,8;8,9;-6;35;1018;0;0;;;0
30.04.2026;08:41:21;10,9;22,8;8,9;-6;35;1018;0;0;;;0
30.04.2026;08:41:22;10,9;22,8;8,9;-6;35;1018;0;0;;;0
30.04.2026;08:41:23;10,9;22,7;8,9;-6;35;1018;0;0;;;0
30.04.2026;08:41:24;10,9;22,7;8,9;-6;35;1018;0;0;;;0
30.04.2026;08:41:25;10,9;22,7;9;-5;35;1018;0;0;;;0
30.04.2026;08:41:26;11;22,7;9;-5;35;1018;0;0;;;0
30.04.2026;08:41:27;11;22,7;9;-5;35;1018;0;0;;;0
30.04.2026;08:41:29;10,9;22,7;9;-5;35;1018;0;0;;;0
30.04.2026;08:41:30;10,9;22,7;9;-5;35;1018;0;0;;;0
30.04.2026;08:41:31;11;22,7;9;-5;35;1018;0;0;;;0
30.04.2026;08:41:32;11;22,7;9;-5;35;1018;0;0;;;0
30.04.2026;08:41:33;11;22,7;9;-5;35;1018;0;0;;;0
30.04.2026;08:41:34;11;22,7;9;-5;35;1018;0;0;;;0
30.04.2026;08:41:35;11;22,7;9;-5;35;1018;0;0;;;0
30.04.2026;08:41:36;11;22,7;9;-5;35;1018;0;0;;;0
30.04.2026;08:41:38;11;22,7;9;-5;35;1018;0;0;;;0
30.04.2026;08:41:39;11;22,7;9;-5;35;1018;0;0;;;0
30.04.2026;08:41:40;11;22,6;9;-5;35;1018;0;0;;;0
30.04.2026;08:41:41;11;22,6;9;-5;35;1018;0;0;;;0
30.04.2026;08:41:42;11;22,6;9,1;-5;35;1018;0;0;;;0
30.04.2026;08:41:43;11;22,6;9,1;-5;35;1018;0;0;;;0
30.04.2026;08:41:44;11;22,6;9,1;-5;35;1018;0;0;;;0
30.04.2026;08:41:45;11;22,6;9,1;-5;35;1018;0;0;;;0
30.04.2026;08:41:46;11;22,6;9,1;-5;35;1018;0;0;;;0
30.04.2026;08:41:47;11;22,6;9,1;-5;35;1018;0;0;;;0
30.04.2026;08:41:49;11;22,6;9,1;-5;35;1018;0;0;;;0
30.04.2026;08:41:49;11;22,6;9,1;-5;35;1018;0;0;;;0
30.04.2026;08:41:51;11;22,6;9,1;-5;35;1018;0;0;;;0
30.04.2026;08:41:52;11;22,6;9,1;-5;35;1018;0;0;;;0
30.04.2026;08:41:53;11;22,6;9,1;-5;35;1018;0;0;;;0
30.04.2026;08:41:54;11;22,6;9,1;-5;35;1018;0;0;;;0
30.04.2026;08:41:55;11;22,6;9,1;-5;35;1018;0;0;;;0
30.04.2026;08:41:56;11;22,6;9,1;-5;35;1018;0;0;;;0
30.04.2026;08:41:57;11;22,6;9,1;-5;35;1018;0;0;;;0
30.04.2026;08:41:58;11;22,6;9,1;-5;35;1018;0;0;;;0
30.04.2026;08:41:59;11;22,6;9,1;-5;35;1018;0;0;;;0
30.04.2026;08:42:00;11;22,6;9,2;-5;35;1018;0;0;;;0
30.04.2026;08:42:01;11;22,6;9,2;-5;35;1018;0;0;;;0
30.04.2026;08:42:02;11;22,6;9,2;-5;35;1018;0;0;;;0
30.04.2026;08:42:04;11;22,6;9,2;-5;35;1018;0;0;;;0
30.04.2026;08:42:05;11;22,6;9,2;-5;35;1018;0;0;;;0
30.04.2026;08:42:06;11;22,6;9,2;-5;35;1018;0;0;;;0
30.04.2026;08:42:07;11;22,6;9,2;-5;35;1018;0;0;;;0
30.04.2026;08:42:08;11;22,6;9,2;-5;35;1018;0;0;;;0
30.04.2026;08:42:09;11;22,6;9,2;-5;35;1018;0;0;;;0
30.04.2026;08:42:10;11;22,6;9,2;-5;35;1018;0;0;;;0
30.04.2026;08:42:11;11;22,6;9,2;-5;35;1018;0;0;;;0
30.04.2026;08:42:12;11;22,6;9,2;-5;35;1018;0;0;;;0
30.04.2026;08:42:13;11;22,6;9,2;-5;35;1018;0;0;;;0
30.04.2026;08:42:14;11;22,6;9,2;-5;35;1018;0;0;;;0
30.04.2026;08:42:15;11;22,5;9,3;-5;35;1018;0;0;;;0
30.04.2026;08:42:17;11;22,5;9,3;-5;35;1018;0;0;;;0
30.04.2026;08:42:18;11;22,5;9,3;-5;35;1018;0;0;;;0
30.04.2026;08:42:19;11;22,5;9,3;-5;35;1018;0;0;;;0
30.04.2026;08:42:20;11;22,5;9,3;-5;35;1018;0;0;;;0
30.04.2026;08:42:21;11;22,5;9,3;-5;35;1018;0;0;;;0
30.04.2026;08:42:22;11;22,5;9,3;-5;35;1018;0;0;;;0
30.04.2026;08:42:23;11;22,5;9,3;-5;35;1018;0;0;;;0
30.04.2026;08:42:24;11;22,5;9,3;-5;35;1018;0;0;;;0
30.04.2026;08:42:25;11;22,5;9,3;-5;35;1018;0;0;;;0
30.04.2026;08:42:26;11;22,5;9,3;-5;35;1018;0;0;;;0
30.04.2026;08:42:27;11;22,5;9,3;-5;35;1018;0;0;;;0
30.04.2026;08:42:28;11;22,5;9,3;-5;35;1018;0;0;;;0
30.04.2026;08:42:29;11;22,5;9,3;-5;35;1018;0;0;;;0
30.04.2026;08:42:31;11;22,5;9,3;-5;35;1018;0;0;;;0
30.04.2026;08:42:32;11;22,5;9,3;-5;35;1018;0;0;;;0
30.04.2026;08:42:33;11;22,5;9,4;-5;35;1018;0;0;;;0
30.04.2026;08:42:34;11,1;22,4;9,4;-5;35;1018;0;0;;;0
30.04.2026;08:42:35;11,1;22,4;9,4;-5;35;1018;0;0;;;0
30.04.2026;08:42:36;11,1;22,4;9,4;-5;35;1018;0;0;;;0
30.04.2026;08:42:37;11,1;22,4;9,4;-5;35;1018;0;0;;;0
30.04.2026;08:42:38;11,1;22,4;9,4;-5;35;1018;0;0;;;0
30.04.2026;08:42:39;11,1;22,4;9,4;-5;35;1018;0;0;;;0
30.04.2026;08:42:40;11,1;22,4;9,4;-5;35;1018;0;0;;;0
30.04.2026;08:42:41;11,1;22,4;9,4;-5;35;1018;0;0;;;0
30.04.2026;08:42:42;11,1;22,4;9,4;-5;35;1018;0;0;;;0
30.04.2026;08:42:44;11,1;22,4;9,4;-5;35;1018;0;0;;;0
30.04.2026;08:42:45;11,1;22,4;9,4;-5;35;1018;0;0;;;0
30.04.2026;08:42:46;11,1;22,4;9,4;-5;35;1018;0;0;;;0
30.04.2026;08:42:47;11,1;22,4;9,5;-5;35;1018;0;0;;;0
30.04.2026;08:42:48;11,1;22,4;9,5;-5;35;1018;0;0;;;0
30.04.2026;08:42:49;11,1;22,4;9,5;-5;35;1018;0;0;;;0
30.04.2026;08:42:50;11,1;22,4;9,5;-5;35;1018;0;0;;;0
30.04.2026;08:42:51;11,1;22,4;9,5;-5;35;1018;0;0;;;0
30.04.2026;08:42:52;11,1;22,4;9,5;-5;35;1018;0;0;;;0
30.04.2026;08:42:53;11,1;22,4;9,5;-5;35;1018;0;0;;;0
30.04.2026;08:42:54;11,1;22,4;9,5;-5;35;1018;0;0;;;0
30.04.2026;08:42:56;11,1;22,4;9,5;-5;35;1018;0;0;;;0
30.04.2026;08:42:57;11,1;22,4;9,5;-5;35;1018;0;0;;;0
30.04.2026;08:42:58;11,1;22,4;9,5;-5;35;1018;0;0;;;0
30.04.2026;08:42:59;11,1;22,4;9,5;-5;35;1018;0;0;;;0
30.04.2026;08:43:00;11,1;22,4;9,5;-5;35;1018;0;0;;;0
30.04.2026;08:43:01;11,1;22,4;9,6;-5;35;1018;0;0;;;0
30.04.2026;08:43:02;11,1;22,4;9,6;-5;35;1018;0;0;;;0
30.04.2026;08:43:03;11,1;22,4;9,6;-5;35;1018;0;0;;;0
30.04.2026;08:43:04;11,1;22,4;9,6;-5;35;1018;0;0;;;0
30.04.2026;08:43:05;11,1;22,4;9,6;-5;35;1018;0;0;;;0
30.04.2026;08:43:07;11,1;22,4;9,6;-5;35;1018;0;0;;;0
30.04.2026;08:43:08;11,1;22,4;9,6;-5;35;1018;0;0;;;0
30.04.2026;08:43:09;11,1;22,4;9,6;-5;35;1018;0;0;;;0
30.04.2026;08:43:10;11,1;22,4;9,6;-5;35;1018;0;0;;;0
30.04.2026;08:43:11;11,1;22,4;9,6;-5;35;1018;0;0;;;0
30.04.2026;08:43:12;11,1;22,4;9,6;-5;35;1018;0;0;;;0
30.04.2026;08:43:13;11,1;22,4;9,6;-5;35;1018;0;0;;;0
30.04.2026;08:43:14;11,1;22,4;9,6;-5;35;1018;0;0;;;0
30.04.2026;08:43:15;11,1;22,4;9,6;-5;35;1018;0;0;;;0
30.04.2026;08:43:16;11,1;22,4;9,8;-5;35;1019;0;0;;;0
30.04.2026;08:43:17;11,1;22,4;9,7;-5;35;1018;0;0;;;0
30.04.2026;08:43:18;11,1;22,4;9,7;-5;35;1018;0;0;;;0
30.04.2026;08:43:20;11,1;22,4;9,7;-5;35;1018;0;0;;;0
30.04.2026;08:43:21;11,1;22,4;9,7;-5;35;1018;0;0;;;0
30.04.2026;08:43:22;11,1;22,4;9,7;-5;35;1018;0;0;;;0
30.04.2026;08:43:23;11,2;22,4;9,7;-5;35;1018;0;0;;;0
30.04.2026;08:43:24;11,2;22,4;9,7;-5;35;1018;0;0;;;0
30.04.2026;08:43:26;11,2;22,4;9,7;-5;35;1018;0;0;;;0
30.04.2026;08:43:27;11,2;22,3;9,7;-5;35;1018;0;0;;;0
30.04.2026;08:43:28;11,2;22,3;9,7;-5;35;1018;0;0;;;0
30.04.2026;08:43:29;11,2;22,3;9,7;-5;35;1018;0;0;;;0
30.04.2026;08:43:30;11,2;22,3;9,7;-5;35;1018;0;0;;;0
30.04.2026;08:43:31;11,2;22,3;9,8;-5;35;1018;0;0;;;0
30.04.2026;08:43:32;11,2;22,3;9,7;-5;35;1018;0;0;;;0
30.04.2026;08:43:33;11,2;22,3;9,8;-5;35;1018;0;0;;;0
30.04.2026;08:43:34;11,2;22,4;9,8;-5;35;1018;0;0;;;0
30.04.2026;08:43:35;11,2;22,4;9,8;-5;35;1018;0;0;;;0
30.04.2026;08:43:37;11,2;22,3;9,8;-5;35;1018;0;0;;;0
30.04.2026;08:43:38;11,2;22,3;9,8;-5;35;1018;0;0;;;0
30.04.2026;08:43:39;11,2;22,3;9,8;-5;35;1018;0;0;;;0
30.04.2026;08:43:40;11,2;22,3;9,8;-5;35;1018;0;0;;;0
30.04.2026;08:43:41;11,2;22,3;9,8;-5;35;1018;0;0;;;0
30.04.2026;08:43:42;11,2;22,3;9,8;-5;35;1018;0;0;;;0
30.04.2026;08:43:43;11,2;22,3;9,8;-5;35;1018;0;0;;;0
30.04.2026;08:43:44;11,2;22,3;9,8;-5;35;1018;0;0;;;0
30.04.2026;08:43:45;11,2;22,3;9,9;-5;35;1018;0;0;;;0
30.04.2026;08:43:46;11,2;22,3;9,8;-5;35;1018;0;0;;;0
30.04.2026;08:43:47;11,2;22,3;9,8;-5;35;1018;0;0;;;0
30.04.2026;08:43:49;11,2;22,3;9,8;-5;35;1018;0;0;;;0
30.04.2026;08:43:50;11,2;22,3;9,9;-5;35;1018;0;0;;;0
30.04.2026;08:43:51;11,2;22,3;9,9;-5;35;1018;0;0;;;0
30.04.2026;08:43:52;11,2;22,3;9,9;-5;35;1018;0;0;;;0
30.04.2026;08:43:53;11,2;22,3;9,9;-5;35;1018;0;0;;;0
30.04.2026;08:43:54;11,2;22,3;9,9;-5;35;1018;0;0;;;0
30.04.2026;08:43:55;11,2;22,3;9,9;-5;35;1018;0;0;;;0
30.04.2026;08:43:56;11,2;22,3;9,9;-5;35;1018;0;0;;;0
30.04.2026;08:43:57;11,2;22,3;9,9;-5;35;1018;0;0;;;0
30.04.2026;08:43:58;11,2;22,3;9,9;-5;35;1018;0;0;;;0
30.04.2026;08:43:59;11,2;22,3;9,9;-5;35;1018;0;0;;;0
30.04.2026;08:44:00;11,2;22,3;9,9;-5;35;1018;0;0;;;0
30.04.2026;08:44:02;11,3;22,3;9,9;-5;35;1018;0;0;;;0
30.04.2026;08:44:03;11,3;22,3;9,9;-5;35;1018;0;0;;;0
30.04.2026;08:44:04;11,3;22,3;9,9;-6;34;1018;0;0;;;0
30.04.2026;08:44:05;11,3;22,3;9,9;-6;34;1018;0;0;;;0
30.04.2026;08:44:06;11,3;22,3;10;-5;34;1018;0;0;;;0
30.04.2026;08:44:07;11,3;22,3;9,9;-6;34;1018;0;0;;;0
30.04.2026;08:44:08;11,3;22,3;10;-5;34;1018;0;0;;;0
30.04.2026;08:44:10;11,3;22,3;10;-5;34;1018;0;0;;;0
30.04.2026;08:44:11;11,3;22,3;10;-5;34;1018;0;0;;;0
30.04.2026;08:44:12;11,3;22,3;10;-5;34;1018;0;0;;;0
30.04.2026;08:44:13;11,3;22,3;10;-5;34;1018;0;0;;;0
30.04.2026;08:44:14;11,3;22,3;10;-5;34;1018;0;0;;;0
30.04.2026;08:44:15;11,3;22,3;10;-5;34;1018;0;0;;;0
30.04.2026;08:44:16;11,3;22,3;10;-5;34;1018;0;0;;;0
30.04.2026;08:44:17;11,3;22,3;10;-4;35;1018;0;0;;;0
30.04.2026;08:44:18;11,3;22,3;10;-4;35;1018;0;0;;;0
30.04.2026;08:44:19;11,3;22,3;10;-5;34;1018;0;0;;;0
30.04.2026;08:44:20;11,3;22,3;10;-5;34;1018;0;0;;;0
30.04.2026;08:44:21;11,3;22,3;10;-5;34;1018;0;0;;;0
30.04.2026;08:44:23;11,3;22,3;10;-5;34;1018;0;0;;;0
30.04.2026;08:44:24;11,3;22,3;10;-5;34;1018;0;0;;;0
30.04.2026;08:44:25;11,3;22,3;10;-5;34;1018;0;0;;;0
30.04.2026;08:44:26;11,3;22,3;10;-5;34;1018;0;0;;;0
30.04.2026;08:44:27;11,3;22,2;10;-5;34;1018;0;0;;;0
30.04.2026;08:44:28;11,3;22,2;10;-5;34;1018;0;0;;;0
30.04.2026;08:44:29;11,3;22,2;10,1;-5;34;1018;0;0;;;0
30.04.2026;08:44:30;11,3;22,2;10;-5;34;1018;0;0;;;0
30.04.2026;08:44:31;11,3;22,2;10,1;-5;34;1018;0;0;;;0
30.04.2026;08:44:32;11,3;22,2;10,1;-5;34;1018;0;0;;;0
30.04.2026;08:44:33;11,3;22,2;10,1;-5;34;1018;0;0;;;0
30.04.2026;08:44:34;11,3;22,2;10,1;-5;34;1018;0;0;;;0
30.04.2026;08:44:35;11,3;22,2;10,1;-5;34;1018;0;0;;;0
30.04.2026;08:44:37;11,3;22,2;10,1;-5;34;1018;0;0;;;0
30.04.2026;08:44:38;11,3;22,2;10,1;-5;34;1018;0;0;;;0
30.04.2026;08:44:39;11,3;22,2;10,1;-5;34;1018;0;0;;;0
30.04.2026;08:44:40;11,3;22,2;10,1;-5;34;1018;0;0;;;0
30.04.2026;08:44:41;11,3;22,2;10,1;-5;34;1018;0;0;;;0
30.04.2026;08:44:42;11,3;22,2;10,1;-5;34;1018;0;0;;;0
30.04.2026;08:44:43;11,3;22,2;10,1;-5;34;1018;0;0;;;0
30.04.2026;08:44:44;11,3;22,2;10,1;-5;34;1018;0;0;;;0
30.04.2026;08:44:45;11,3;22,2;10,1;-5;34;1018;0;0;;;0
30.04.2026;08:44:46;11,3;22,2;10,1;-5;34;1018;0;0;;;0
30.04.2026;08:44:47;11,3;22,2;10,1;-5;34;1018;0;0;;;0
30.04.2026;08:44:49;11,3;22,1;10,1;-5;34;1018;0;0;;;0
30.04.2026;08:44:50;11,3;22,1;10,1;-5;34;1018;0;0;;;0
30.04.2026;08:44:51;11,3;22,1;10,1;-5;34;1018;0;0;;;0
30.04.2026;08:44:52;11,3;22,1;10,1;-5;34;1018;0;0;;;0
30.04.2026;08:44:53;11,3;22,1;10,1;-5;34;1018;0;0;;;0
30.04.2026;08:44:54;11,4;22,1;10,1;-5;34;1018;0;0;;;0
30.04.2026;08:44:55;11,4;22,1;10,2;-5;34;1018;0;0;;;0
30.04.2026;08:44:56;11,4;22,1;10,2;-5;34;1018;0;0;;;0
30.04.2026;08:44:57;11,4;22,1;10,2;-5;34;1018;0;0;;;0
30.04.2026;08:44:59;11,4;22,1;10,2;-5;34;1018;0;0;;;0
30.04.2026;08:45:00;11,4;22,1;10,2;-5;34;1018;0;0;;;0
30.04.2026;08:45:01;11,4;22,1;10,2;-5;34;1018;0;0;;;0
30.04.2026;08:45:02;11,4;22,1;10,2;-5;34;1018;0;0;;;0
30.04.2026;08:45:03;11,4;22,1;10,2;-5;34;1018;0;0;;;0
30.04.2026;08:45:04;11,4;22,1;10,2;-5;34;1018;0;0;;;0
30.04.2026;08:45:05;11,4;22,1;10,2;-5;34;1018;0;0;;;0
30.04.2026;08:45:06;11,4;22,1;10,2;-5;34;1018;0;0;;;0
30.04.2026;08:45:07;11,4;22,1;10,2;-5;34;1018;0;0;;;0
30.04.2026;08:45:09;11,4;22,1;10,2;-5;34;1018;0;0;;;0
30.04.2026;08:45:10;11,4;22,1;10,2;-5;34;1018;0;0;;;0
30.04.2026;08:45:11;11,4;22,1;10,2;-5;34;1018;0;0;;;0
30.04.2026;08:45:12;11,4;22,1;10,2;-5;34;1018;0;0;;;0
30.04.2026;08:45:13;11,4;22,1;10,2;-5;34;1018;0;0;;;0
30.04.2026;08:45:14;11,4;22,1;10,2;-5;34;1018;0;0;;;0
30.04.2026;08:45:15;11,4;22,1;10,2;-5;34;1018;0;0;;;0
30.04.2026;08:45:16;11,4;22,1;10,2;-5;34;1018;0;0;;;0
30.04.2026;08:45:17;11,4;22,1;10,2;-5;34;1018;0;0;;;0
30.04.2026;08:45:18;11,4;22,1;10,2;-5;34;1018;0;0;;;0
30.04.2026;08:45:20;11,4;22,1;10,2;-5;34;1018;0;0;;;0
30.04.2026;08:45:21;11,4;22,1;10,2;-5;34;1018;0;0;;;0
30.04.2026;08:45:22;11,4;22,1;10,2;-5;34;1018;0;0;;;0
30.04.2026;08:45:23;11,4;22,1;10,2;-5;34;1018;0;0;;;0
30.04.2026;08:45:24;11,4;22,1;10,2;-5;34;1018;0;0;;;0
30.04.2026;08:45:25;11,4;22,1;10,2;-5;34;1018;0;0;;;0
30.04.2026;08:45:26;11,4;22,1;10,2;-5;34;1018;0;0;;;0
30.04.2026;08:45:27;11,4;22,1;10,3;-5;34;1018;0;0;;;0
30.04.2026;08:45:28;11,4;22,1;10,3;-5;34;1018;0;0;;;0
30.04.2026;08:45:29;11,4;22,1;10,3;-5;34;1018;0;0;;;0
30.04.2026;08:45:30;11,4;22,1;10,3;-5;34;1018;0;0;;;0
30.04.2026;08:45:31;11,4;22,1;10,3;-5;34;1018;0;0;;;0
30.04.2026;08:45:32;11,4;22,1;10,3;-5;34;1018;0;0;;;0
30.04.2026;08:45:33;11,4;22,1;10,3;-5;34;1018;0;0;;;0
30.04.2026;08:45:34;11,4;22,1;10,3;-5;34;1019;0;0;;;0
30.04.2026;08:45:35;11,4;22,1;10,3;-5;34;1018;0;0;;;0
30.04.2026;08:45:36;11,4;22,1;10,3;-5;34;1018;0;0;;;0
30.04.2026;08:45:37;11,5;22,1;10,3;-5;34;1018;0;0;;;0
30.04.2026;08:45:38;11,5;22,1;10,3;-5;34;1018;0;0;;;0
30.04.2026;08:45:39;11,5;22,1;10,3;-5;34;1018;0;0;;;0
30.04.2026;08:45:40;11,5;22,1;10,3;-5;34;1018;0;0;;;0
30.04.2026;08:45:41;11,5;22,1;10,3;-5;34;1018;0;0;;;0
30.04.2026;08:45:43;11,5;22,1;10,3;-5;34;1018;0;0;;;0
30.04.2026;08:45:44;11,5;22,1;10,3;-5;34;1018;0;0;;;0
30.04.2026;08:45:45;11,5;22,1;10,3;-5;34;1018;0;0;;;0
30.04.2026;08:45:46;11,5;22,1;10,3;-5;34;1018;0;0;;;0
30.04.2026;08:45:47;11,5;22,1;10,3;-5;34;1018;0;0;;;0
30.04.2026;08:45:48;11,5;22,1;10,3;-5;34;1018;0;0;;;0
30.04.2026;08:45:49;11,5;22,1;10,3;-5;34;1018;0;0;;;0
30.04.2026;08:45:50;11,5;22,1;10,3;-5;34;1018;0;0;;;0
30.04.2026;08:45:51;11,5;22,1;10,3;-5;34;1018;0;0;;;0
30.04.2026;08:45:52;11,5;22,1;10,3;-5;34;1018;0;0;;;0
30.04.2026;08:45:53;11,5;22,1;10,3;-5;34;1018;0;0;;;0
30.04.2026;08:45:55;11,5;22,1;10,3;-5;34;1018;0;0;;;0
30.04.2026;08:45:56;11,5;22,1;10,3;-5;34;1018;0;0;;;0
30.04.2026;08:45:57;11,5;22,1;10,3;-5;34;1018;0;0;;;0
30.04.2026;08:45:58;11,5;22,1;10,3;-5;34;1018;0;0;;;0
30.04.2026;08:45:59;11,5;22,1;10,4;-5;34;1018;0;0;;;0
30.04.2026;08:46:00;11,5;22,1;10,3;-5;34;1018;0;0;;;0
30.04.2026;08:46:01;11,5;22,1;10,3;-5;34;1018;0;0;;;0
30.04.2026;08:46:02;11,5;22,1;10,3;-5;34;1018;0;0;;;0
30.04.2026;08:46:03;11,5;22,1;10,4;-5;34;1018;0;0;;;0
30.04.2026;08:46:04;11,5;22,1;10,4;-5;34;1018;0;0;;;0
30.04.2026;08:46:05;11,5;22,1;10,4;-5;34;1018;0;0;;;0
30.04.2026;08:46:06;11,5;22,1;10,4;-5;34;1018;0;0;;;0
30.04.2026;08:46:08;11,5;22,1;10,4;-5;34;1018;0;0;;;0
30.04.2026;08:46:09;11,5;22,1;10,4;-5;34;1018;0;0;;;0
30.04.2026;08:46:10;11,5;22,1;10,4;-5;34;1018;0;0;;;0
30.04.2026;08:46:11;11,5;22,1;10,4;-5;34;1018;0;0;;;0
30.04.2026;08:46:12;11,5;22,1;10,4;-5;34;1018;0;0;;;0
30.04.2026;08:46:13;11,5;22,1;10,4;-5;34;1018;0;0;;;0
30.04.2026;08:46:14;11,5;22,1;10,4;-5;34;1018;0;0;;;0
30.04.2026;08:46:15;11,5;22,1;10,4;-5;34;1018;0;0;;;0
30.04.2026;08:46:16;11,5;22,1;10,4;-5;34;1018;0;0;;;0
30.04.2026;08:46:17;11,5;22,1;10,4;-5;34;1018;0;0;;;0
30.04.2026;08:46:18;11,5;22,1;10,4;-5;34;1018;0;0;;;0
30.04.2026;08:46:19;11,5;22,1;10,4;-5;34;1018;0;0;;;0
30.04.2026;08:46:20;11,5;22,1;10,4;-5;34;1018;0;0;;;0
30.04.2026;08:46:22;11,5;22,1;10,4;-5;34;1018;0;0;;;0
30.04.2026;08:46:23;11,5;22,1;10,4;-5;34;1018;0;0;;;0
30.04.2026;08:46:24;11,5;22,1;10,4;-5;34;1018;0;0;;;0
30.04.2026;08:46:25;11,5;22,1;10,4;-5;34;1018;0;0;;;0
30.04.2026;08:46:26;11,5;22,1;10,4;-5;34;1018;0;0;;;0
30.04.2026;08:46:27;11,5;22,1;10,4;-5;34;1018;0;0;;;0
30.04.2026;08:46:29;11,5;22,1;10,4;-5;34;1018;0;0;;;0
30.04.2026;08:46:30;11,6;22,1;10,4;-5;34;1018;0;0;;;0
30.04.2026;08:46:31;11,6;22,1;10,4;-5;34;1018;0;0;;;0
30.04.2026;08:46:32;11,6;22,1;10,4;-5;34;1018;0;0;;;0
30.04.2026;08:46:33;11,6;22,1;10,4;-5;34;1018;0;0;;;0
30.04.2026;08:46:34;11,6;22,1;10,4;-5;34;1018;0;0;;;0
30.04.2026;08:46:35;11,6;22,1;10,4;-5;34;1018;0;0;;;0
30.04.2026;08:46:36;11,6;22,1;10,4;-5;34;1018;0;0;;;0
30.04.2026;08:46:37;11,6;22,1;10,4;-5;34;1018;0;0;;;0
30.04.2026;08:46:38;11,6;22,1;10,4;-5;34;1018;0;0;;;0
30.04.2026;08:46:40;11,6;22,1;10,5;-5;34;1018;0;0;;;0
30.04.2026;08:46:41;11,6;22,1;10,5;-5;34;1019;0;0;;;0
30.04.2026;08:46:42;11,6;22,1;10,5;-5;34;1018;0;0;;;0
30.04.2026;08:46:43;11,6;22,1;10,5;-5;34;1018;0;0;;;0
30.04.2026;08:46:44;11,6;22,1;10,5;-5;34;1018;0;0;;;0
30.04.2026;08:46:45;11,6;22,1;10,5;-5;34;1018;0;0;;;0
30.04.2026;08:46:46;11,6;22,1;10,5;-5;34;1018;0;0;;;0
30.04.2026;08:46:47;11,6;22,1;10,5;-5;34;1018;0;0;;;0
30.04.2026;08:46:48;11,6;22,1;10,5;-5;34;1018;0;0;;;0
30.04.2026;08:46:49;11,6;22,1;10,5;-5;34;1018;0;0;;;0
30.04.2026;08:46:50;11,6;22,1;10,5;-5;34;1018;0;0;;;0
30.04.2026;08:46:51;11,6;22,1;10,5;-5;34;1018;0;0;;;0
30.04.2026;08:46:53;11,6;22,1;10,5;-5;34;1018;0;0;;;0
30.04.2026;08:46:54;11,6;22,1;10,5;-5;34;1018;0;0;;;0
30.04.2026;08:46:55;11,6;22,1;10,5;-5;34;1018;0;0;;;0
30.04.2026;08:46:56;11,6;22,1;10,5;-5;34;1018;0;0;;;0
30.04.2026;08:46:57;11,6;22,1;10,5;-5;34;1018;0;0;;;0
30.04.2026;08:46:58;11,6;22,1;10,5;-5;34;1018;0;0;;;0
30.04.2026;08:46:59;11,6;22,1;10,5;-5;34;1018;0;0;;;0
30.04.2026;08:47:00;11,6;22,1;10,5;-5;34;1018;0;0;;;0
30.04.2026;08:47:01;11,6;22,1;10,5;-5;34;1018;0;0;;;0
30.04.2026;08:47:03;11,6;22,1;10,5;-5;34;1018;0;0;;;0
30.04.2026;08:47:04;11,6;22,1;10,5;-5;34;1018;0;0;;;0
30.04.2026;08:47:05;11,6;22,1;10,5;-5;34;1018;0;0;;;0
30.04.2026;08:47:06;11,6;22,1;10,5;-5;34;1018;0;0;;;0
30.04.2026;08:47:07;11,6;22,1;10,5;-5;34;1018;0;0;;;0
30.04.2026;08:47:09;11,6;22,1;10,5;-5;34;1018;0;0;;;0
30.04.2026;08:47:10;11,6;22,1;10,5;-5;34;1018;0;0;;;0
30.04.2026;08:47:11;11,6;22,1;10,6;-5;34;1018;0;0;;;0
30.04.2026;08:47:12;11,6;22,1;10,6;-5;34;1018;0;0;;;0
30.04.2026;08:47:13;11,6;22,1;10,5;-5;34;1018;0;0;;;0
30.04.2026;08:47:14;11,6;22,1;10,6;-5;34;1018;0;0;;;0
30.04.2026;08:47:15;11,7;22,1;10,7;-5;34;1019;0;0;;;0
30.04.2026;08:47:16;11,7;22,1;10,6;-5;34;1018;0;0;;;0
30.04.2026;08:47:17;11,7;22,1;10,6;-5;34;1018;0;0;;;0
30.04.2026;08:47:18;11,7;22,1;10,6;-5;34;1019;0;0;;;0
30.04.2026;08:47:19;11,7;22,1;10,6;-5;34;1018;0;0;;;0
30.04.2026;08:47:20;11,7;22,1;10,6;-5;34;1018;0;0;;;0
30.04.2026;08:47:22;11,7;22,1;10,6;-5;34;1018;0;0;;;0
30.04.2026;08:47:23;11,7;22,1;10,6;-5;34;1018;0;0;;;0
30.04.2026;08:47:24;11,7;22,1;10,6;-5;34;1018;0;0;;;0
30.04.2026;08:47:25;11,7;22,1;10,6;-5;34;1018;0;0;;;0
30.04.2026;08:47:26;11,7;22,1;10,6;-5;34;1018;0;0;;;0
30.04.2026;08:47:27;11,7;22,1;10,6;-5;34;1018;0;0;;;0
30.04.2026;08:47:28;11,7;22,1;10,6;-5;34;1018;0;0;;;0
30.04.2026;08:47:29;11,7;22;10,6;-5;34;1018;0;0;;;0
30.04.2026;08:47:31;11,7;22;10,6;-5;34;1018;0;0;;;0
30.04.2026;08:47:32;11,7;22;10,6;-5;34;1018;0;0;;;0
30.04.2026;08:47:33;11,7;22;10,6;-5;34;1018;0;0;;;0
30.04.2026;08:47:34;11,7;22;10,6;-5;34;1018;0;0;;;0
30.04.2026;08:47:35;11,7;22;10,6;-5;34;1018;0;0;;;0
30.04.2026;08:47:36;11,7;22;10,6;-5;34;1018;0;0;;;0
30.04.2026;08:47:37;11,7;22;10,6;-5;34;1018;0;0;;;0
30.04.2026;08:47:38;11,7;22;10,6;-5;34;1018;0;0;;;0
30.04.2026;08:47:39;11,7;22;10,7;-5;34;1018;0;0;;;0
30.04.2026;08:47:40;11,7;22;10,7;-5;34;1018;0;0;;;0
30.04.2026;08:47:42;11,7;22;10,7;-5;34;1018;0;0;;;0
30.04.2026;08:47:43;11,7;21,9;10,7;-5;34;1018;0;0;;;0
30.04.2026;08:47:44;11,7;21,9;10,7;-5;34;1018;0;0;;;0
30.04.2026;08:47:45;11,7;21,9;10,7;-5;34;1018;0;0;;;0
30.04.2026;08:47:46;11,7;21,9;10,7;-5;34;1018;0;0;;;0
30.04.2026;08:47:47;11,7;21,9;10,7;-5;34;1018;0;0;;;0
30.04.2026;08:47:48;11,7;21,9;10,7;-5;34;1018;0;0;;;0
30.04.2026;08:47:49;11,7;21,9;10,7;-5;34;1018;0;0;;;0
30.04.2026;08:47:50;11,7;21,9;10,7;-5;34;1018;0;0;;;0
30.04.2026;08:47:51;11,6;21,9;10,7;-5;34;1018;0;0;;;0
30.04.2026;08:47:52;11,6;21,9;10,7;-5;34;1018;0;0;;;0
30.04.2026;08:47:53;11,6;21,9;10,7;-5;34;1018;0;0;;;0
30.04.2026;08:47:55;11,6;21,9;10,7;-5;34;1018;0;0;;;0
30.04.2026;08:47:56;11,6;21,9;10,7;-5;34;1018;0;0;;;0
30.04.2026;08:47:57;11,6;21,8;10,7;-5;34;1018;0;0;;;0
30.04.2026;08:47:58;11,6;21,8;10,7;-5;34;1018;0;0;;;0
30.04.2026;08:47:59;11,6;21,8;10,7;-5;34;1018;0;0;;;0
30.04.2026;08:48:00;11,6;21,8;10,8;-5;34;1018;0;0;;;0
30.04.2026;08:48:01;11,6;21,8;10,8;-5;34;1018;0;0;;;0
30.04.2026;08:48:02;11,6;21,8;10,8;-5;34;1018;0;0;;;0
30.04.2026;08:48:03;11,6;21,8;10,8;-5;34;1018;0;0;;;0
30.04.2026;08:48:05;11,6;21,8;10,8;-5;34;1018;0;0;;;0
30.04.2026;08:48:06;11,6;21,8;10,8;-5;34;1018;0;0;;;0
30.04.2026;08:48:07;11,6;21,8;10,8;-5;34;1018;0;0;;;0
30.04.2026;08:48:09;11,6;21,7;10,8;-5;34;1018;0;0;;;0
30.04.2026;08:48:10;11,6;21,7;10,8;-5;34;1018;0;0;;;0
30.04.2026;08:48:11;11,6;21,7;10,8;-5;34;1018;0;0;;;0
30.04.2026;08:48:12;11,6;21,7;10,8;-5;34;1018;0;0;;;0
30.04.2026;08:48:13;11,6;21,7;10,8;-5;34;1018;0;0;;;0
30.04.2026;08:48:14;11,6;21,7;10,8;-5;34;1018;0;0;;;0
30.04.2026;08:48:15;11,6;21,7;10,8;-5;34;1018;0;0;;;0
30.04.2026;08:48:16;11,6;21,7;10,8;-5;34;1018;0;0;;;0
30.04.2026;08:48:17;11,6;21,7;10,8;-5;34;1018;0;0;;;0
30.04.2026;08:48:18;11,6;21,7;10,8;-5;34;1018;0;0;;;0
30.04.2026;08:48:20;11,6;21,7;10,8;-5;34;1018;0;0;;;0
30.04.2026;08:48:21;11,6;21,7;10,9;-5;34;1018;0;0;;;0
30.04.2026;08:48:22;11,6;21,7;10,9;-5;34;1018;0;0;;;0
30.04.2026;08:48:23;11,6;21,7;10,9;-5;34;1018;0;0;;;0
30.04.2026;08:48:24;11,6;21,7;10,9;-5;34;1018;0;0;;;0
30.04.2026;08:48:25;11,6;21,7;10,9;-5;34;1018;0;0;;;0
30.04.2026;08:48:26;11,6;21,7;10,9;-5;34;1018;0;0;;;0
30.04.2026;08:48:27;11,6;21,7;10,9;-5;34;1018;0;0;;;0
30.04.2026;08:48:28;11,6;21,7;10,9;-5;34;1018;0;0;;;0
30.04.2026;08:48:29;11,6;21,7;10,9;-5;34;1018;0;0;;;0
30.04.2026;08:48:30;11,6;21,7;10,9;-5;34;1018;0;0;;;0
30.04.2026;08:48:31;11,6;21,7;10,9;-5;34;1018;0;0;;;0
30.04.2026;08:48:32;11,6;21,7;10,9;-5;34;1018;0;0;;;0
30.04.2026;08:48:34;11,6;21,7;10,9;-5;34;1018;0;0;;;0
30.04.2026;08:48:35;11,6;21,7;10,9;-5;34;1018;0;0;;;0
30.04.2026;08:48:36;11,6;21,7;10,9;-5;34;1018;0;0;;;0
30.04.2026;08:48:37;11,6;21,7;10,9;-5;34;1018;0;0;;;0
30.04.2026;08:48:38;11,6;21,7;10,9;-5;34;1018;0;0;;;0
30.04.2026;08:48:39;11,6;21,7;10,9;-5;34;1018;0;0;;;0
30.04.2026;08:48:40;11,6;21,7;11;-4;34;1018;0;0;;;0
30.04.2026;08:48:41;11,6;21,7;11;-4;34;1018;0;0;;;0
30.04.2026;08:48:42;11,6;21,7;11;-4;34;1018;0;0;;;0
30.04.2026;08:48:43;11,6;21,7;11;-4;34;1018;0;0;;;0
30.04.2026;08:48:44;11,6;21,7;11;-4;34;1018;0;0;;;0
30.04.2026;08:48:45;11,6;21,7;11;-4;34;1018;0;0;;;0
30.04.2026;08:48:46;11,6;21,7;11;-4;34;1018;0;0;;;0
30.04.2026;08:48:47;11,6;21,7;11;-4;34;1018;0;0;;;0
30.04.2026;08:48:48;11,6;21,7;11;-4;34;1018;0;0;;;0
30.04.2026;08:48:49;11,6;21,7;11;-4;34;1018;0;0;;;0
30.04.2026;08:48:51;11,6;21,7;11;-4;34;1018;0;0;;;0
30.04.2026;08:48:52;11,6;21,7;11;-4;34;1018;0;0;;;0
30.04.2026;08:48:53;11,7;21,7;11;-4;34;1018;0;0;;;0
30.04.2026;08:48:54;11,7;21,7;11;-4;34;1018;0;0;;;0
30.04.2026;08:48:55;11,7;21,7;11;-4;34;1018;0;0;;;0
30.04.2026;08:48:56;11,7;21,7;11;-4;34;1018;0;0;;;0
30.04.2026;08:48:57;11,7;21,7;11;-4;34;1018;0;0;;;0
30.04.2026;08:48:58;11,7;21,7;11,1;-4;34;1018;0;0;;;0
30.04.2026;08:48:59;11,7;21,7;11;-4;34;1018;0;0;;;0
30.04.2026;08:49:00;11,7;21,7;11,1;-4;34;1018;0;0;;;0
30.04.2026;08:49:01;11,7;21,7;11,1;-4;34;1018;0;0;;;0
30.04.2026;08:49:03;11,7;21,7;11,1;-4;34;1018;0;0;;;0
30.04.2026;08:49:04;11,7;21,7;11,1;-4;34;1018;0;0;;;0
30.04.2026;08:49:05;11,7;21,7;11,1;-4;34;1018;0;0;;;0
30.04.2026;08:49:06;11,7;21,7;11,1;-4;34;1018;0;0;;;0
30.04.2026;08:49:07;11,7;21,7;11,1;-4;34;1018;0;0;;;0
30.04.2026;08:49:08;11,7;21,7;11,1;-4;34;1018;0;0;;;0
30.04.2026;08:49:09;11,7;21,7;11,1;-4;34;1018;0;0;;;0
30.04.2026;08:49:10;11,7;21,7;11,1;-4;34;1018;0;0;;;0
30.04.2026;08:49:11;11,7;21,7;11,1;-4;34;1018;0;0;;;0
30.04.2026;08:49:12;11,7;21,7;11,1;-4;34;1018;0;0;;;0
30.04.2026;08:49:14;11,7;21,7;11,1;-4;34;1018;0;0;;;0
30.04.2026;08:49:15;11,7;21,7;11,1;-4;34;1018;0;0;;;0
30.04.2026;08:49:16;11,7;21,7;11,1;-4;34;1018;0;0;;;0
30.04.2026;08:49:17;11,7;21,7;11,2;-4;34;1018;0;0;;;0
30.04.2026;08:49:18;11,7;21,7;11,2;-4;34;1018;0;0;;;0
30.04.2026;08:49:19;11,7;21,7;11,1;-4;34;1018;0;0;;;0
30.04.2026;08:49:20;11,7;21,7;11,2;-4;34;1018;0;0;;;0
30.04.2026;08:49:21;11,7;21,7;11,2;-4;34;1018;0;0;;;0
30.04.2026;08:49:23;11,7;21,7;11,2;-4;34;1018;0;0;;;0
30.04.2026;08:49:24;11,7;21,7;11,2;-4;34;1018;0;0;;;0
30.04.2026;08:49:25;11,7;21,7;11,2;-4;34;1018;0;0;;;0
30.04.2026;08:49:26;11,7;21,7;11,2;-4;34;1018;0;0;;;0
30.04.2026;08:49:27;11,7;21,7;11,2;-4;34;1018;0;0;;;0
30.04.2026;08:49:28;11,7;21,7;11,2;-4;34;1018;0;0;;;0
30.04.2026;08:49:29;11,7;21,7;11,2;-4;34;1018;0;0;;;0
30.04.2026;08:49:30;11,7;21,7;11,2;-4;34;1018;0;0;;;0
30.04.2026;08:49:31;11,7;21,7;11,2;-4;34;1018;0;0;;;0
30.04.2026;08:49:32;11,7;21,7;11,2;-4;34;1018;0;0;;;0
30.04.2026;08:49:33;11,7;21,7;11,2;-4;34;1018;0;0;;;0
30.04.2026;08:49:34;11,7;21,7;11,2;-4;34;1018;0;0;;;0
30.04.2026;08:49:35;11,7;21,7;11,2;-4;34;1018;0;0;;;0
30.04.2026;08:49:37;11,7;21,7;11,2;-4;34;1018;0;0;;;0
30.04.2026;08:49:38;11,8;21,7;11,2;-4;34;1018;0;0;;;0
30.04.2026;08:49:39;11,8;21,7;11,2;-4;34;1018;0;0;;;0
30.04.2026;08:49:40;11,8;21,7;11,3;-4;34;1018;0;0;;;0
30.04.2026;08:49:41;11,8;21,7;11,3;-4;34;1018;0;0;;;0
30.04.2026;08:49:42;11,8;21,7;11,3;-4;34;1018;0;0;;;0
30.04.2026;08:49:43;11,8;21,7;11,3;-4;34;1018;0;0;;;0
30.04.2026;08:49:44;11,8;21,7;11,3;-4;34;1018;0;0;;;0
30.04.2026;08:49:45;11,8;21,7;11,3;-4;34;1018;0;0;;;0
30.04.2026;08:49:46;11,8;21,7;11,3;-4;34;1018;0;0;;;0
30.04.2026;08:49:47;11,8;21,7;11,3;-4;34;1018;0;0;;;0
30.04.2026;08:49:48;11,8;21,7;11,3;-4;34;1018;0;0;;;0
30.04.2026;08:49:49;11,8;21,7;11,3;-4;34;1018;0;0;;;0
30.04.2026;08:49:50;11,8;21,7;11,3;-4;34;1018;0;0;;;0
30.04.2026;08:49:52;11,8;21,7;11,3;-4;34;1018;0;0;;;0
30.04.2026;08:49:53;11,8;21,7;11,3;-4;34;1018;0;0;;;0
30.04.2026;08:49:54;11,8;21,7;11,3;-4;34;1018;0;0;;;0
30.04.2026;08:49:55;11,8;21,7;11,3;-4;34;1018;0;0;;;0
30.04.2026;08:49:56;11,8;21,7;11,3;-4;34;1018;0;0;;;0
30.04.2026;08:49:57;11,8;21,6;11,3;-4;34;1018;0;0;;;0
30.04.2026;08:49:58;11,8;21,6;11,3;-4;34;1018;0;0;;;0
30.04.2026;08:49:59;11,8;21,6;11,3;-4;34;1018;0;0;;;0
30.04.2026;08:50:01;11,8;21,6;11,3;-4;34;1018;0;0;;;0
30.04.2026;08:50:02;11,8;21,7;11,3;-4;34;1018;0;0;;;0
30.04.2026;08:50:03;11,8;21,7;11,3;-4;34;1018;0;0;;;0
30.04.2026;08:50:04;11,8;21,7;11,3;-4;34;1018;0;0;;;0
30.04.2026;08:50:05;11,8;21,7;11,3;-4;34;1018;0;0;;;0
30.04.2026;08:50:06;11,8;21,7;11,3;-4;34;1018;0;0;;;0
30.04.2026;08:50:07;11,8;21,7;11,4;-4;34;1018;0;0;;;0
30.04.2026;08:50:08;11,8;21,7;11,3;-4;34;1018;0;0;;;0
30.04.2026;08:50:09;11,8;21,7;11,4;-4;34;1018;0;0;;;0
30.04.2026;08:50:10;11,8;21,7;11,4;-4;34;1018;0;0;;;0
30.04.2026;08:50:12;11,8;21,7;11,4;-4;34;1018;0;0;;;0
30.04.2026;08:50:13;11,8;21,7;11,4;-4;34;1018;0;0;;;0
30.04.2026;08:50:14;11,8;21,7;11,4;-4;34;1018;0;0;;;0
30.04.2026;08:50:15;11,8;21,7;11,4;-4;34;1018;0;0;;;0
30.04.2026;08:50:16;11,8;21,6;11,4;-4;34;1018;0;0;;;0
30.04.2026;08:50:17;11,8;21,6;11,4;-4;34;1018;0;0;;;0
30.04.2026;08:50:18;11,8;21,6;11,4;-4;34;1018;0;0;;;0
30.04.2026;08:50:20;11,9;21,7;11,4;-4;34;1018;0;0;;;0
30.04.2026;08:50:21;11,9;21,7;11,4;-4;34;1018;0;0;;;0
30.04.2026;08:50:22;11,9;21,7;11,4;-4;34;1018;0;0;;;0
30.04.2026;08:50:23;11,9;21,7;11,4;-4;34;1018;0;0;;;0
30.04.2026;08:50:24;11,9;21,7;11,4;-4;34;1018;0;0;;;0
30.04.2026;08:50:25;11,9;21,7;11,4;-4;34;1018;0;0;;;0
30.04.2026;08:50:26;11,9;21,7;11,4;-4;33;1018;0;0;;;0
30.04.2026;08:50:27;11,9;21,6;11,4;-4;33;1018;0;0;;;0
30.04.2026;08:50:28;11,9;21,6;11,4;-4;33;1018;0;0;;;0
30.04.2026;08:50:29;11,9;21,6;11,4;-4;34;1018;0;0;;;0
30.04.2026;08:50:30;11,9;21,6;11,4;-4;33;1018;0;0;;;0
30.04.2026;08:50:32;11,9;21,6;11,4;-4;33;1018;0;0;;;0
30.04.2026;08:50:33;11,9;21,6;11,4;-4;33;1018;0;0;;;0
30.04.2026;08:50:34;11,9;21,6;11,4;-4;33;1018;0;0;;;0
30.04.2026;08:50:35;11,9;21,6;11,4;-4;33;1018;0;0;;;0
30.04.2026;08:50:36;11,9;21,6;11,4;-4;33;1018;0;0;;;0
30.04.2026;08:50:37;11,9;21,6;11,4;-4;33;1018;0;0;;;0
30.04.2026;08:50:38;11,9;21,6;11,4;-4;33;1018;0;0;;;0
30.04.2026;08:50:39;11,9;21,6;11,4;-4;33;1018;0;0;;;0
30.04.2026;08:50:40;11,9;21,6;11,4;-4;33;1018;0;0;;;0
30.04.2026;08:50:41;11,9;21,6;11,4;-4;33;1018;0;0;;;0
30.04.2026;08:50:43;11,9;21,6;11,4;-4;33;1018;0;0;;;0
30.04.2026;08:50:44;11,9;21,6;11,4;-4;33;1018;0;0;;;0
30.04.2026;08:50:45;11,9;21,6;11,4;-4;33;1018;0;0;;;0
30.04.2026;08:50:46;11,9;21,6;11,4;-4;33;1018;0;0;;;0
30.04.2026;08:50:47;11,9;21,6;11,4;-4;33;1018;0;0;;;0
30.04.2026;08:50:48;11,9;21,6;11,4;-4;33;1018;0;0;;;0
30.04.2026;08:50:49;11,9;21,6;11,4;-4;33;1018;0;0;;;0
30.04.2026;08:50:50;11,9;21,6;11,4;-4;33;1018;0;0;;;0
30.04.2026;08:50:51;11,9;21,6;11,4;-4;33;1018;0;0;;;0
30.04.2026;08:50:52;11,9;21,6;11,4;-4;33;1018;0;0;;;0
30.04.2026;08:50:54;11,9;21,6;11,4;-4;33;1018;0;0;;;0
30.04.2026;08:50:55;11,9;21,6;11,4;-4;33;1018;0;0;;;0
30.04.2026;08:50:56;11,9;21,6;11,4;-4;33;1018;0;0;;;0
30.04.2026;08:50:57;12;21,6;11,4;-4;33;1018;0;0;;;0
30.04.2026;08:50:58;12;21,6;11,4;-4;33;1018;0;0;;;0
30.04.2026;08:50:59;12;21,6;11,4;-4;33;1018;0;0;;;0
30.04.2026;08:51:00;12;21,6;11,4;-4;33;1018;0;0;;;0
30.04.2026;08:51:01;12;21,6;11,4;-4;33;1018;0;0;;;0
30.04.2026;08:51:02;12;21,6;11,4;-4;33;1018;0;0;;;0
30.04.2026;08:51:03;12;21,6;11,4;-4;33;1018;0;0;;;0
30.04.2026;08:51:04;12;21,6;11,4;-4;33;1018;0;0;;;0
30.04.2026;08:51:06;12;21,6;11,4;-4;33;1018;0;0;;;0
30.04.2026;08:51:07;12;21,6;11,4;-4;33;1018;0;0;;;0
30.04.2026;08:51:08;12;21,6;11,4;-4;33;1018;0;0;;;0
30.04.2026;08:51:09;12;21,6;11,4;-4;33;1018;0;0;;;0
30.04.2026;08:51:10;12;21,6;11,4;-4;33;1018;0;0;;;0
30.04.2026;08:51:11;12;21,5;11,5;-4;33;1018;0;0;;;0
30.04.2026;08:51:12;12;21,5;11,5;-4;33;1018;0;0;;;0
30.04.2026;08:51:14;12;21,5;11,4;-4;33;1018;0;0;;;0
30.04.2026;08:51:15;12;21,5;11,4;-4;33;1018;0;0;;;0
30.04.2026;08:51:16;12;21,5;11,5;-4;33;1018;0;0;;;0
30.04.2026;08:51:17;12;21,5;11,4;-4;33;1018;0;0;;;0
30.04.2026;08:51:18;12;21,5;11,5;-4;33;1018;0;0;;;0
30.04.2026;08:51:19;12;21,5;11,5;-4;33;1018;0;0;;;0
30.04.2026;08:51:20;12;21,5;11,5;-4;33;1018;0;0;;;0
30.04.2026;08:51:21;12;21,5;11,5;-4;33;1018;0;0;;;0
30.04.2026;08:51:22;12;21,5;11,5;-4;33;1018;0;0;;;0
30.04.2026;08:51:23;12;21,5;11,5;-4;33;1018;0;0;;;0
30.04.2026;08:51:25;12;21,5;11,5;-4;33;1018;0;0;;;0
30.04.2026;08:51:26;12;21,5;11,5;-4;33;1018;0;0;;;0
30.04.2026;08:51:27;12;21,5;11,5;-4;33;1018;0;0;;;0
30.04.2026;08:51:28;12;21,5;11,5;-4;33;1018;0;0;;;0
30.04.2026;08:51:29;12;21,5;11,5;-4;33;1018;0;0;;;0
30.04.2026;08:51:30;12;21,5;11,5;-4;33;1018;0;0;;;0
30.04.2026;08:51:31;12;21,5;11,5;-4;33;1018;0;0;;;0
30.04.2026;08:51:32;12;21,5;11,5;-4;33;1018;0;0;;;0
30.04.2026;08:51:33;12;21,5;11,5;-4;33;1018;0;0;;;0
30.04.2026;08:51:34;12;21,5;11,5;-4;33;1018;0;0;;;0
30.04.2026;08:51:35;12;21,5;11,5;-4;33;1018;0;0;;;0
30.04.2026;08:51:36;12;21,5;11,5;-4;33;1018;0;0;;;0
30.04.2026;08:51:37;12;21,5;11,5;-4;33;1018;0;0;;;0
30.04.2026;08:51:38;12;21,5;11,5;-4;33;1018;0;0;;;0
30.04.2026;08:51:40;12;21,5;11,5;-4;33;1018;0;0;;;0
30.04.2026;08:51:41;12;21,5;11,5;-4;33;1018;0;0;;;0
30.04.2026;08:51:42;12;21,5;11,5;-4;33;1018;0;0;;;0
30.04.2026;08:51:43;12;21,5;11,5;-4;33;1018;0;0;;;0
30.04.2026;08:51:44;12;21,5;11,5;-4;33;1018;0;0;;;0
30.04.2026;08:51:45;12;21,5;11,5;-4;33;1018;0;0;;;0
30.04.2026;08:51:46;12;21,5;11,5;-4;33;1018;0;0;;;0
30.04.2026;08:51:47;12;21,5;11,5;-4;33;1018;0;0;;;0
30.04.2026;08:51:48;12;21,5;11,5;-4;33;1018;0;0;;;0
30.04.2026;08:51:49;12;21,5;11,5;-4;33;1018;0;0;;;0
30.04.2026;08:51:50;12;21,5;11,5;-4;33;1018;0;0;;;0
30.04.2026;08:51:52;12;21,5;11,5;-4;33;1018;0;0;;;0
30.04.2026;08:51:52;12;21,5;11,5;-4;33;1018;0;0;;;0
30.04.2026;08:51:54;12;21,5;11,5;-4;33;1018;0;0;;;0
30.04.2026;08:51:55;12,1;21,5;11,5;-4;33;1018;0;0;;;0
30.04.2026;08:51:56;12,1;21,5;11,5;-4;33;1018;0;0;;;0
30.04.2026;08:51:57;12,1;21,5;11,5;-4;33;1018;0;0;;;0
30.04.2026;08:51:58;12,1;21,5;11,5;-4;33;1018;0;0;;;0
30.04.2026;08:51:59;12,1;21,5;11,5;-4;33;1018;0;0;;;0
30.04.2026;08:52:00;12,1;21,6;11,5;-4;33;1018;0;0;;;0
30.04.2026;08:52:01;12,1;21,6;11,5;-4;33;1018;0;0;;;0
30.04.2026;08:52:02;12,1;21,6;11,5;-4;33;1018;0;0;;;0
30.04.2026;08:52:04;12,1;21,5;11,5;-4;33;1018;0;0;;;0
30.04.2026;08:52:05;12,1;21,5;11,5;-4;33;1018;0;0;;;0
30.04.2026;08:52:06;12,1;21,6;11,5;-4;33;1018;0;0;;;0
30.04.2026;08:52:07;12,1;21,6;11,5;-4;33;1018;0;0;;;0
30.04.2026;08:52:08;12,1;21,6;11,5;-4;33;1018;0;0;;;0
30.04.2026;08:52:09;12,1;21,6;11,5;-4;33;1018;0;0;;;0
30.04.2026;08:52:10;12,1;21,6;11,5;-4;33;1018;0;0;;;0
30.04.2026;08:52:11;12,1;21,6;11,5;-4;33;1018;0;0;;;0
30.04.2026;08:52:12;12,1;21,6;11,5;-4;33;1018;0;0;;;0
30.04.2026;08:52:13;12,1;21,6;11,5;-4;33;1018;0;0;;;0
30.04.2026;08:52:14;12,1;21,5;11,5;-4;33;1018;0;0;;;0
30.04.2026;08:52:15;12,1;21,5;11,5;-4;33;1018;0;0;;;0
30.04.2026;08:52:16;12,1;21,5;11,5;-4;33;1018;0;0;;;0
30.04.2026;08:52:18;12,1;21,6;11,5;-4;33;1018;0;0;;;0
30.04.2026;08:52:19;12,1;21,6;11,5;-4;33;1018;0;0;;;0
30.04.2026;08:52:20;12,1;21,6;11,5;-4;33;1018;0;0;;;0
30.04.2026;08:52:21;12,1;21,6;11,6;-4;33;1018;0;0;;;0
30.04.2026;08:52:22;12,1;21,6;11,6;-4;33;1018;0;0;;;0
30.04.2026;08:52:23;12,1;21,6;11,6;-4;33;1018;0;0;;;0
30.04.2026;08:52:24;12,1;21,6;11,6;-4;33;1018;0;0;;;0
30.04.2026;08:52:25;12,1;21,6;11,5;-4;33;1018;0;0;;;0
30.04.2026;08:52:26;12,1;21,6;11,5;-4;33;1018;0;0;;;0
30.04.2026;08:52:27;12,1;21,6;11,5;-4;33;1018;0;0;;;0
30.04.2026;08:52:28;12,1;21,6;11,6;-4;33;1018;0;0;;;0
30.04.2026;08:52:29;12,1;21,6;11,6;-4;33;1018;0;0;;;0
30.04.2026;08:52:31;12,1;21,6;11,6;-4;33;1018;0;0;;;0
30.04.2026;08:52:32;12,1;21,6;11,6;-4;33;1018;0;0;;;0
30.04.2026;08:52:33;12,2;21,6;11,6;-4;33;1018;0;0;;;0
30.04.2026;08:52:34;12,2;21,6;11,6;-4;33;1018;0;0;;;0
30.04.2026;08:52:35;12,2;21,6;11,6;-4;33;1018;0;0;;;0
30.04.2026;08:52:36;12,2;21,6;11,6;-4;33;1018;0;0;;;0
30.04.2026;08:52:37;12,2;21,6;11,6;-4;33;1018;0;0;;;0
30.04.2026;08:52:39;12,2;21,6;11,6;-4;33;1018;0;0;;;0
30.04.2026;08:52:40;12,2;21,6;11,6;-4;33;1018;0;0;;;0
30.04.2026;08:52:41;12,2;21,6;11,6;-4;33;1018;0;0;;;0
30.04.2026;08:52:42;12,2;21,6;11,6;-4;33;1018;0;0;;;0
30.04.2026;08:52:43;12,2;21,6;11,6;-4;33;1018;0;0;;;0
30.04.2026;08:52:44;12,2;21,6;11,6;-4;33;1018;0;0;;;0
30.04.2026;08:52:45;12,2;21,6;11,6;-4;33;1018;0;0;;;0
30.04.2026;08:52:46;12,2;21,6;11,6;-4;33;1018;0;0;;;0
30.04.2026;08:52:47;12,2;21,6;11,6;-4;33;1018;0;0;;;0
30.04.2026;08:52:49;12,2;21,6;11,6;-4;33;1018;0;0;;;0
30.04.2026;08:52:50;12,2;21,6;11,6;-4;33;1018;0;0;;;0
30.04.2026;08:52:51;12,2;21,6;11,6;-4;33;1018;0;0;;;0
30.04.2026;08:52:52;12,2;21,6;11,6;-4;33;1018;0;0;;;0
30.04.2026;08:52:53;12,2;21,5;11,6;-4;33;1018;0;0;;;0
30.04.2026;08:52:54;12,2;21,5;11,6;-4;33;1018;0;0;;;0
30.04.2026;08:52:56;12,2;21,6;11,6;-4;33;1018;0;0;;;0
30.04.2026;08:52:57;12,2;21,6;11,6;-4;33;1018;0;0;;;0
30.04.2026;08:52:58;12,2;21,5;11,6;-4;33;1018;0;0;;;0
30.04.2026;08:52:59;12,2;21,5;11,6;-4;33;1018;0;0;;;0
30.04.2026;08:53:00;12,2;21,6;11,6;-4;33;1018;0;0;;;0
30.04.2026;08:53:01;12,2;21,6;11,6;-4;33;1018;0;0;;;0
30.04.2026;08:53:02;12,2;21,6;11,7;-4;33;1018;0;0;;;0
30.04.2026;08:53:04;12,2;21,5;11,6;-4;33;1018;0;0;;;0
30.04.2026;08:53:05;12,2;21,5;11,7;-4;33;1018;0;0;;;0
30.04.2026;08:53:06;12,2;21,5;11,7;-4;33;1018;0;0;;;0
30.04.2026;08:53:07;12,2;21,5;11,7;-4;33;1018;0;0;;;0
30.04.2026;08:53:08;12,2;21,5;11,7;-4;33;1018;0;0;;;0
30.04.2026;08:53:09;12,2;21,5;11,7;-4;33;1018;0;0;;;0
30.04.2026;08:53:10;12,2;21,5;11,7;-4;33;1018;0;0;;;0
30.04.2026;08:53:11;12,2;21,5;11,7;-4;33;1018;0;0;;;0
30.04.2026;08:53:13;12,2;21,5;11,7;-4;33;1018;0;0;;;0
30.04.2026;08:53:14;12,2;21,5;11,7;-4;33;1018;0;0;;;0
30.04.2026;08:53:15;12,2;21,5;11,7;-4;33;1018;0;0;;;0
30.04.2026;08:53:16;12,2;21,5;11,7;-4;33;1018;0;0;;;0
30.04.2026;08:53:17;12,2;21,5;11,7;-4;33;1018;0;0;;;0
30.04.2026;08:53:18;12,2;21,5;11,7;-4;33;1018;0;0;;;0
30.04.2026;08:53:19;12,2;21,5;11,7;-4;33;1018;0;0;;;0
30.04.2026;08:53:20;12,3;21,5;11,7;-4;33;1018;0;0;;;0
30.04.2026;08:53:21;12,3;21,5;11,7;-4;33;1018;0;0;;;0
30.04.2026;08:53:22;12,3;21,5;11,7;-4;33;1018;0;0;;;0
30.04.2026;08:53:23;12,3;21,5;11,7;-4;33;1018;0;0;;;0
30.04.2026;08:53:24;12,3;21,5;11,7;-4;33;1018;0;0;;;0
30.04.2026;08:53:25;12,3;21,5;11,7;-4;33;1018;0;0;;;0
30.04.2026;08:53:26;12,3;21,5;11,7;-4;33;1018;0;0;;;0
30.04.2026;08:53:27;12,3;21,5;11,7;-4;33;1018;0;0;;;0
30.04.2026;08:53:28;12,3;21,5;11,7;-4;33;1018;0;0;;;0
30.04.2026;08:53:29;12,3;21,5;11,7;-4;33;1018;0;0;;;0
30.04.2026;08:53:30;12,3;21,5;11,7;-4;33;1018;0;0;;;0
30.04.2026;08:53:32;12,3;21,5;11,7;-4;33;1018;0;0;;;0
30.04.2026;08:53:33;12,3;21,5;11,7;-4;33;1018;0;0;;;0
30.04.2026;08:53:34;12,3;21,5;11,7;-4;33;1018;0;0;;;0
30.04.2026;08:53:35;12,3;21,5;11,7;-4;33;1018;0;0;;;0
30.04.2026;08:53:36;12,3;21,5;11,7;-4;33;1018;0;0;;;0
30.04.2026;08:53:37;12,3;21,5;11,7;-4;33;1018;0;0;;;0
30.04.2026;08:53:38;12,3;21,5;11,7;-4;33;1018;0;0;;;0
30.04.2026;08:53:39;12,3;21,5;11,7;-4;33;1018;0;0;;;0
30.04.2026;08:53:40;12,3;21,5;11,7;-4;33;1018;0;0;;;0
30.04.2026;08:53:41;12,3;21,5;11,7;-4;33;1018;0;0;;;0
30.04.2026;08:53:42;12,3;21,5;11,8;-4;33;1018;0;0;;;0
30.04.2026;08:53:44;12,3;21,5;11,8;-4;33;1018;0;0;;;0
30.04.2026;08:53:45;12,3;21,5;11,8;-4;33;1018;0;0;;;0
30.04.2026;08:53:46;12,3;21,5;11,8;-4;33;1018;0;0;;;0
30.04.2026;08:53:47;12,3;21,5;11,8;-4;33;1018;0;0;;;0
30.04.2026;08:53:48;12,3;21,5;11,8;-4;33;1018;0;0;;;0
30.04.2026;08:53:49;12,3;21,5;11,8;-4;33;1018;0;0;;;0
30.04.2026;08:53:50;12,3;21,5;11,8;-4;33;1018;0;0;;;0
30.04.2026;08:53:51;12,3;21,5;11,8;-4;33;1018;0;0;;;0
30.04.2026;08:53:52;12,3;21,5;11,8;-4;33;1018;0;0;;;0
30.04.2026;08:53:53;12,3;21,5;11,8;-4;33;1018;0;0;;;0
30.04.2026;08:53:54;12,3;21,5;11,8;-4;33;1018;0;0;;;0
30.04.2026;08:53:55;12,3;21,5;11,8;-4;33;1018;0;0;;;0
30.04.2026;08:53:56;12,3;21,5;11,8;-4;33;1018;0;0;;;0
30.04.2026;08:53:57;12,3;21,5;11,8;-4;33;1018;0;0;;;0
30.04.2026;08:53:58;12,3;21,5;11,8;-4;33;1018;0;0;;;0
30.04.2026;08:54:00;12,3;21,5;11,8;-4;33;1018;0;0;;;0
30.04.2026;08:54:01;12,3;21,5;11,8;-4;33;1018;0;0;;;0
30.04.2026;08:54:02;12,3;21,5;11,8;-4;33;1018;0;0;;;0
30.04.2026;08:54:03;12,4;21,5;11,8;-4;33;1018;0;0;;;0
30.04.2026;08:54:04;12,4;21,5;11,8;-4;33;1018;0;0;;;0
30.04.2026;08:54:05;12,4;21,5;11,8;-4;33;1018;0;0;;;0
30.04.2026;08:54:06;12,4;21,5;11,8;-4;33;1018;0;0;;;0
30.04.2026;08:54:07;12,4;21,5;11,8;-4;33;1018;0;0;;;0
30.04.2026;08:54:08;12,4;21,5;11,8;-4;33;1018;0;0;;;0
30.04.2026;08:54:09;12,4;21,5;11,8;-4;33;1018;0;0;;;0
30.04.2026;08:54:10;12,4;21,5;11,8;-4;33;1018;0;0;;;0
30.04.2026;08:54:12;12,4;21,5;11,8;-4;33;1018;0;0;;;0
30.04.2026;08:54:13;12,4;21,5;11,8;-4;33;1018;0;0;;;0
30.04.2026;08:54:14;12,4;21,5;11,8;-4;33;1018;0;0;;;0
30.04.2026;08:54:15;12,4;21,5;11,8;-4;33;1018;0;0;;;0
30.04.2026;08:54:16;12,4;21,5;11,8;-4;33;1018;0;0;;;0
30.04.2026;08:54:17;12,4;21,5;11,9;-4;33;1018;0;0;;;0
30.04.2026;08:54:18;12,4;21,5;11,8;-4;33;1018;0;0;;;0
30.04.2026;08:54:19;12,4;21,5;11,8;-4;33;1018;0;0;;;0
30.04.2026;08:54:20;12,4;21,5;11,9;-4;33;1018;0;0;;;0
30.04.2026;08:54:21;12,4;21,5;11,9;-4;33;1018;0;0;;;0
30.04.2026;08:54:22;12,4;21,5;11,9;-4;33;1018;0;0;;;0
30.04.2026;08:54:23;12,4;21,5;11,9;-4;33;1018;0;0;;;0
30.04.2026;08:54:24;12,4;21,5;11,9;-4;33;1018;0;0;;;0
30.04.2026;08:54:26;12,4;21,5;11,9;-4;33;1018;0;0;;;0
30.04.2026;08:54:27;12,4;21,5;11,9;-4;33;1018;0;0;;;0
30.04.2026;08:54:28;12,4;21,5;11,9;-4;33;1018;0;0;;;0
30.04.2026;08:54:29;12,4;21,5;11,9;-4;33;1018;0;0;;;0
30.04.2026;08:54:30;12,4;21,5;11,9;-4;33;1018;0;0;;;0
30.04.2026;08:54:31;12,4;21,5;11,9;-4;33;1018;0;0;;;0
30.04.2026;08:54:32;12,4;21,5;11,9;-4;33;1018;0;0;;;0
30.04.2026;08:54:33;12,4;21,5;11,9;-4;33;1018;0;0;;;0
30.04.2026;08:54:34;12,4;21,5;11,9;-4;33;1018;0;0;;;0
30.04.2026;08:54:35;12,4;21,5;11,9;-4;33;1018;0;0;;;0
30.04.2026;08:54:37;12,4;21,5;11,9;-4;33;1018;0;0;;;0
30.04.2026;08:54:38;12,4;21,5;11,9;-4;33;1018;0;0;;;0
30.04.2026;08:54:39;12,4;21,5;11,9;-4;33;1018;0;0;;;0
30.04.2026;08:54:40;12,4;21,5;11,9;-4;33;1018;0;0;;;0
30.04.2026;08:54:41;12,4;21,5;11,9;-4;33;1018;0;0;;;0
30.04.2026;08:54:42;12,4;21,4;11,9;-4;33;1018;0;0;;;0
30.04.2026;08:54:43;12,4;21,4;11,9;-4;33;1018;0;0;;;0
30.04.2026;08:54:44;12,4;21,4;11,9;-4;33;1018;0;0;;;0
30.04.2026;08:54:46;12,4;21,4;11,9;-4;33;1018;0;0;;;0
30.04.2026;08:54:47;12,4;21,4;11,9;-4;33;1018;0;0;;;0
30.04.2026;08:54:48;12,4;21,4;11,9;-4;33;1018;0;0;;;0
30.04.2026;08:54:49;12,4;21,4;11,9;-4;33;1018;0;0;;;0
30.04.2026;08:54:50;12,4;21,4;11,9;-4;33;1018;0;0;;;0
30.04.2026;08:54:51;12,4;21,4;11,9;-4;33;1018;0;0;;;0
30.04.2026;08:54:52;12,4;21,4;11,9;-4;33;1018;0;0;;;0
30.04.2026;08:54:53;12,4;21,4;11,9;-4;33;1018;0;0;;;0
30.04.2026;08:54:54;12,4;21,4;11,9;-4;33;1018;0;0;;;0
30.04.2026;08:54:55;12,4;21,4;11,9;-4;33;1018;0;0;;;0
30.04.2026;08:54:57;12,4;21,4;11,9;-4;33;1018;0;0;;;0
30.04.2026;08:54:58;12,4;21,4;11,9;-4;33;1018;0;0;;;0
30.04.2026;08:54:59;12,4;21,4;11,9;-4;33;1018;0;0;;;0
30.04.2026;08:55:00;12,4;21,4;11,9;-4;33;1018;0;0;;;0
30.04.2026;08:55:01;12,4;21,4;11,9;-4;33;1018;0;0;;;0
30.04.2026;08:55:02;12,4;21,4;12;-3;33;1018;0;0;;;0
30.04.2026;08:55:03;12,4;21,4;11,9;-4;33;1018;0;0;;;0
30.04.2026;08:55:04;12,5;21,4;11,9;-4;33;1018;0;0;;;0
30.04.2026;08:55:05;12,5;21,4;12;-3;33;1018;0;0;;;0
30.04.2026;08:55:06;12,5;21,4;11,9;-4;33;1018;0;0;;;0
30.04.2026;08:55:07;12,5;21,4;12;-3;33;1018;0;0;;;0
30.04.2026;08:55:09;12,5;21,4;11,9;-4;33;1018;0;0;;;0
30.04.2026;08:55:10;12,5;21,4;12;-3;33;1018;0;0;;;0
30.04.2026;08:55:11;12,5;21,4;12;-3;33;1018;0;0;;;0
30.04.2026;08:55:12;12,5;21,4;12;-3;33;1018;0;0;;;0
30.04.2026;08:55:13;12,5;21,4;12;-3;33;1018;0;0;;;0
30.04.2026;08:55:14;12,5;21,4;12;-3;33;1018;0;0;;;0
30.04.2026;08:55:15;12,5;21,4;12;-3;33;1018;0;0;;;0
30.04.2026;08:55:17;12,5;21,4;12;-3;33;1018;0;0;;;0
30.04.2026;08:55:18;12,5;21,4;12;-3;33;1018;0;0;;;0
30.04.2026;08:55:19;12,5;21,4;12;-3;33;1018;0;0;;;0
30.04.2026;08:55:20;12,5;21,4;12;-3;33;1018;0;0;;;0
30.04.2026;08:55:21;12,5;21,4;12;-3;33;1018;0;0;;;0
30.04.2026;08:55:22;12,5;21,4;12;-3;33;1018;0;0;;;0
30.04.2026;08:55:23;12,5;21,4;12;-3;33;1018;0;0;;;0
30.04.2026;08:55:24;12,5;21,4;12;-3;33;1018;0;0;;;0
30.04.2026;08:55:25;12,5;21,4;12;-3;33;1018;0;0;;;0
30.04.2026;08:55:27;12,5;21,4;12;-3;33;1018;0;0;;;0
30.04.2026;08:55:28;12,5;21,4;12;-3;33;1018;0;0;;;0
30.04.2026;08:55:29;12,5;21,4;12;-3;33;1018;0;0;;;0
30.04.2026;08:55:30;12,5;21,4;12;-3;33;1018;0;0;;;0
30.04.2026;08:55:31;12,5;21,4;12;-3;33;1018;0;0;;;0
30.04.2026;08:55:32;12,5;21,4;12;-3;33;1018;0;0;;;0
30.04.2026;08:55:33;12,5;21,4;12;-3;33;1018;0;0;;;0
30.04.2026;08:55:34;12,5;21,4;12;-3;33;1018;0;0;;;0
30.04.2026;08:55:35;12,5;21,4;12;-3;33;1018;0;0;;;0
30.04.2026;08:55:37;12,5;21,4;12;-3;33;1018;0;0;;;0
30.04.2026;08:55:38;12,5;21,4;12;-3;33;1018;0;0;;;0
30.04.2026;08:55:39;12,5;21,4;12;-3;33;1018;0;0;;;0
30.04.2026;08:55:40;12,5;21,4;12;-3;33;1018;0;0;;;0
30.04.2026;08:55:41;12,5;21,4;12;-3;33;1018;0;0;;;0
30.04.2026;08:55:42;12,5;21,4;12;-3;33;1018;0;0;;;0
30.04.2026;08:55:43;12,5;21,4;12;-3;33;1018;0;0;;;0
30.04.2026;08:55:44;12,5;21,4;12;-3;33;1018;0;0;;;0
30.04.2026;08:55:45;12,5;21,4;12;-3;33;1018;0;0;;;0
30.04.2026;08:55:46;12,5;21,4;12;-3;33;1018;0;0;;;0
30.04.2026;08:55:48;12,5;21,4;12;-3;33;1018;0;0;;;0
30.04.2026;08:55:49;12,5;21,4;12;-3;33;1018;0;0;;;0
30.04.2026;08:55:50;12,5;21,4;12;-3;33;1018;0;0;;;0
30.04.2026;08:55:51;12,5;21,4;12;-3;33;1018;0;0;;;0
30.04.2026;08:55:52;12,5;21,4;12;-3;33;1018;0;0;;;0
30.04.2026;08:55:53;12,5;21,4;12;-3;33;1018;0;0;;;0
30.04.2026;08:55:54;12,5;21,4;12;-3;33;1018;0;0;;;0
30.04.2026;08:55:56;12,5;21,4;12,1;-3;33;1018;0;0;;;0
30.04.2026;08:55:57;12,5;21,4;12;-3;33;1018;0;0;;;0
30.04.2026;08:55:58;12,5;21,4;12,1;-3;33;1018;0;0;;;0
30.04.2026;08:55:59;12,6;21,4;12,1;-3;33;1018;0;0;;;0
30.04.2026;08:56:00;12,6;21,4;12,1;-3;33;1018;0;0;;;0
30.04.2026;08:56:01;12,6;21,4;12,1;-3;33;1018;0;0;;;0
30.04.2026;08:56:02;12,6;21,4;12,1;-3;33;1018;0;0;;;0
30.04.2026;08:56:03;12,6;21,4;12,1;-3;33;1018;0;0;;;0
30.04.2026;08:56:04;12,6;21,4;12,1;-3;33;1018;0;0;;;0
30.04.2026;08:56:05;12,6;21,4;12,1;-3;33;1018;0;0;;;0
30.04.2026;08:56:06;12,6;21,4;12,1;-3;33;1018;0;0;;;0
30.04.2026;08:56:07;12,6;21,4;12,1;-3;33;1018;0;0;;;0
30.04.2026;08:56:08;12,6;21,4;12,1;-3;33;1018;0;0;;;0
30.04.2026;08:56:09;12,6;21,4;12,1;-3;33;1018;0;0;;;0
30.04.2026;08:56:10;12,6;21,4;12,1;-3;33;1018;0;0;;;0
30.04.2026;08:56:11;12,6;21,4;12,1;-3;33;1018;0;0;;;0
30.04.2026;08:56:12;12,6;21,4;12,1;-3;33;1018;0;0;;;0
30.04.2026;08:56:13;12,6;21,4;12,1;-3;33;1018;0;0;;;0
30.04.2026;08:56:15;12,6;21,4;12,1;-3;33;1018;0;0;;;0
30.04.2026;08:56:16;12,6;21,4;12,1;-3;33;1018;0;0;;;0
30.04.2026;08:56:17;12,6;21,4;12,1;-3;33;1018;0;0;;;0
30.04.2026;08:56:18;12,6;21,4;12,1;-3;33;1018;0;0;;;0
30.04.2026;08:56:19;12,6;21,4;12,1;-3;33;1018;0;0;;;0
30.04.2026;08:56:20;12,6;21,4;12,1;-3;33;1018;0;0;;;0
30.04.2026;08:56:21;12,6;21,4;12,1;-3;33;1018;0;0;;;0
30.04.2026;08:56:22;12,6;21,4;12,1;-3;33;1018;0;0;;;0
30.04.2026;08:56:24;12,6;21,4;12,1;-3;33;1018;0;0;;;0
30.04.2026;08:56:25;12,6;21,4;12,1;-3;33;1018;0;0;;;0
30.04.2026;08:56:26;12,6;21,4;12,1;-3;33;1018;0;0;;;0
30.04.2026;08:56:27;12,6;21,5;12,1;-3;33;1018;0;0;;;0
30.04.2026;08:56:28;12,6;21,5;12,1;-3;33;1018;0;0;;;0
30.04.2026;08:56:29;12,6;21,5;12,1;-3;33;1018;0;0;;;0
30.04.2026;08:56:30;12,6;21,5;12,1;-3;33;1018;0;0;;;0
30.04.2026;08:56:31;12,6;21,5;12,1;-3;33;1018;0;0;;;0
30.04.2026;08:56:32;12,6;21,5;12,1;-3;33;1018;0;0;;;0
30.04.2026;08:56:33;12,6;21,5;12,1;-3;33;1018;0;0;;;0
30.04.2026;08:56:35;12,6;21,5;12,1;-3;33;1018;0;0;;;0
30.04.2026;08:56:36;12,6;21,5;12,1;-3;33;1018;0;0;;;0
30.04.2026;08:56:37;12,6;21,5;12,1;-3;33;1018;0;0;;;0
30.04.2026;08:56:38;12,6;21,5;12,1;-3;33;1018;0;0;;;0
30.04.2026;08:56:39;12,6;21,5;12,1;-3;33;1018;0;0;;;0
30.04.2026;08:56:40;12,6;21,5;12,1;-3;33;1018;0;0;;;0
30.04.2026;08:56:42;12,6;21,5;12,1;-3;33;1018;0;0;;;0
30.04.2026;08:56:43;12,6;21,5;12,1;-3;33;1018;0;0;;;0
30.04.2026;08:56:44;12,6;21,5;12,1;-3;33;1018;0;0;;;0
30.04.2026;08:56:45;12,7;21,5;12,1;-3;33;1018;0;0;;;0
30.04.2026;08:56:46;12,7;21,5;12,1;-3;33;1018;0;0;;;0
30.04.2026;08:56:47;12,7;21,5;12,1;-3;33;1018;0;0;;;0
30.04.2026;08:56:48;12,7;21,5;12,2;-3;33;1018;0;0;;;0
30.04.2026;08:56:49;12,7;21,5;12,1;-3;33;1018;0;0;;;0
30.04.2026;08:56:50;12,7;21,5;12,1;-3;33;1018;0;0;;;0
30.04.2026;08:56:52;12,7;21,5;12,2;-3;33;1018;0;0;;;0
30.04.2026;08:56:52;12,7;21,5;12,2;-3;33;1018;0;0;;;0
30.04.2026;08:56:54;12,7;21,5;12,2;-3;33;1018;0;0;;;0
30.04.2026;08:56:55;12,7;21,5;12,2;-3;33;1018;0;0;;;0
30.04.2026;08:56:56;12,7;21,5;12,2;-3;33;1018;0;0;;;0
30.04.2026;08:56:57;12,7;21,5;12,2;-3;33;1018;0;0;;;0
30.04.2026;08:56:58;12,7;21,5;12,2;-3;33;1018;0;0;;;0
30.04.2026;08:56:59;12,7;21,5;12,2;-3;33;1018;0;0;;;0
30.04.2026;08:57:00;12,7;21,5;12,2;-3;33;1018;0;0;;;0
30.04.2026;08:57:01;12,7;21,5;12,2;-3;33;1018;0;0;;;0
30.04.2026;08:57:02;12,7;21,5;12,2;-3;33;1018;0;0;;;0
30.04.2026;08:57:04;12,7;21,5;12,2;-3;33;1018;0;0;;;0
30.04.2026;08:57:05;12,7;21,5;12,2;-3;33;1018;0;0;;;0
30.04.2026;08:57:06;12,7;21,5;12,2;-3;33;1018;0;0;;;0
30.04.2026;08:57:07;12,7;21,5;12,2;-3;33;1018;0;0;;;0
30.04.2026;08:57:08;12,7;21,5;12,2;-3;33;1018;0;0;;;0
30.04.2026;08:57:09;12,7;21,5;12,2;-3;33;1018;0;0;;;0
30.04.2026;08:57:11;12,7;21,5;12,2;-3;33;1018;0;0;;;0
30.04.2026;08:57:12;12,7;21,5;12,2;-3;33;1018;0;0;;;0
30.04.2026;08:57:13;12,7;21,5;12,2;-3;33;1018;0;0;;;0
30.04.2026;08:57:14;12,7;21,5;12,2;-3;33;1018;0;0;;;0
30.04.2026;08:57:15;12,7;21,5;12,2;-3;33;1018;0;0;;;0
30.04.2026;08:57:16;12,7;21,5;12,2;-3;33;1018;0;0;;;0
30.04.2026;08:57:17;12,7;21,5;12,2;-3;33;1018;0;0;;;0
30.04.2026;08:57:18;12,7;21,5;12,2;-3;33;1018;0;0;;;0
30.04.2026;08:57:19;12,7;21,5;12,2;-3;33;1018;0;0;;;0
30.04.2026;08:57:20;12,7;21,5;12,2;-3;33;1018;0;0;;;0
30.04.2026;08:57:21;12,7;21,5;12,2;-3;33;1018;0;0;;;0
30.04.2026;08:57:23;12,7;21,5;12,2;-3;33;1018;0;0;;;0
30.04.2026;08:57:24;12,7;21,5;12,2;-3;33;1018;0;0;;;0
30.04.2026;08:57:25;12,7;21,5;12,2;-3;33;1018;0;0;;;0
30.04.2026;08:57:26;12,7;21,5;12,2;-3;33;1018;0;0;;;0
30.04.2026;08:57:27;12,7;21,5;12,2;-3;33;1018;0;0;;;0
30.04.2026;08:57:28;12,7;21,5;12,2;-3;33;1018;0;0;;;0
30.04.2026;08:57:29;12,7;21,5;12,2;-3;33;1018;0;0;;;0
30.04.2026;08:57:30;12,7;21,5;12,3;-3;33;1018;0;0;;;0
30.04.2026;08:57:31;12,7;21,5;12,3;-3;33;1018;0;0;;;0
30.04.2026;08:57:32;12,7;21,5;12,3;-3;33;1018;0;0;;;0
30.04.2026;08:57:34;12,7;21,5;12,3;-3;33;1018;0;0;;;0
30.04.2026;08:57:35;12,7;21,5;12,3;-3;33;1018;0;0;;;0
30.04.2026;08:57:36;12,7;21,5;12,3;-3;33;1018;0;0;;;0
30.04.2026;08:57:37;12,7;21,5;12,3;-3;33;1018;0;0;;;0
30.04.2026;08:57:38;12,7;21,5;12,3;-3;33;1018;0;0;;;0
30.04.2026;08:57:39;12,7;21,5;12,3;-3;33;1018;0;0;;;0
30.04.2026;08:57:40;12,7;21,5;12,3;-3;33;1018;0;0;;;0
30.04.2026;08:57:41;12,7;21,5;12,3;-3;33;1018;0;0;;;0
30.04.2026;08:57:43;12,7;21,5;12,3;-3;33;1018;0;0;;;0
30.04.2026;08:57:44;12,7;21,5;12,3;-3;33;1018;0;0;;;0
30.04.2026;08:57:45;12,7;21,5;12,3;-3;33;1018;0;0;;;0
30.04.2026;08:57:46;12,7;21,5;12,4;-3;33;1018;0;0;;;0
30.04.2026;08:57:47;12,7;21,5;12,3;-3;33;1018;0;0;;;0
30.04.2026;08:57:48;12,7;21,5;12,3;-3;33;1018;0;0;;;0
30.04.2026;08:57:49;12,7;21,5;12,3;-3;33;1018;0;0;;;0
30.04.2026;08:57:51;12,7;21,5;12,3;-3;33;1018;0;0;;;0
30.04.2026;08:57:52;12,7;21,5;12,3;-3;33;1018;0;0;;;0
30.04.2026;08:57:53;12,7;21,5;12,3;-3;33;1018;0;0;;;0
30.04.2026;08:57:54;12,7;21,4;12,3;-3;33;1018;0;0;;;0
30.04.2026;08:57:55;12,7;21,4;12,3;-3;33;1018;0;0;;;0
30.04.2026;08:57:56;12,7;21,4;12,3;-3;33;1018;0;0;;;0
30.04.2026;08:57:57;12,7;21,4;12,3;-3;33;1018;0;0;;;0
30.04.2026;08:57:58;12,7;21,4;12,3;-3;33;1018;0;0;;;0
30.04.2026;08:57:59;12,7;21,4;12,3;-3;33;1018;0;0;;;0
30.04.2026;08:58:00;12,7;21,4;12,4;-3;33;1018;0;0;;;0
30.04.2026;08:58:01;12,7;21,4;12,3;-3;33;1018;0;0;;;0
30.04.2026;08:58:03;12,8;21,4;12,3;-3;33;1018;0;0;;;0
30.04.2026;08:58:04;12,8;21,4;12,3;-3;33;1018;0;0;;;0
30.04.2026;08:58:05;12,8;21,4;12,4;-3;33;1018;0;0;;;0
30.04.2026;08:58:06;12,8;21,4;12,4;-3;33;1018;0;0;;;0
30.04.2026;08:58:07;12,8;21,4;12,4;-3;33;1018;0;0;;;0
30.04.2026;08:58:08;12,8;21,4;12,4;-3;33;1018;0;0;;;0
30.04.2026;08:58:09;12,8;21,4;12,4;-3;33;1018;0;0;;;0
30.04.2026;08:58:10;12,8;21,4;12,4;-3;33;1018;0;0;;;0
30.04.2026;08:58:12;12,8;21,4;12,4;-3;33;1018;0;0;;;0
30.04.2026;08:58:13;12,8;21,4;12,4;-3;33;1018;0;0;;;0
30.04.2026;08:58:14;12,8;21,4;12,4;-3;33;1018;0;0;;;0
30.04.2026;08:58:15;12,8;21,4;12,4;-3;33;1018;0;0;;;0
30.04.2026;08:58:16;12,8;21,4;12,4;-3;33;1018;0;0;;;0
30.04.2026;08:58:17;12,8;21,4;12,4;-3;33;1018;0;0;;;0
30.04.2026;08:58:18;12,8;21,4;12,4;-3;33;1018;0;0;;;0
30.04.2026;08:58:19;12,8;21,4;12,4;-3;33;1018;0;0;;;0
30.04.2026;08:58:20;12,8;21,4;12,4;-3;33;1018;0;0;;;0
30.04.2026;08:58:22;12,8;21,4;12,4;-3;33;1018;0;0;;;0
30.04.2026;08:58:23;12,8;21,4;12,4;-3;33;1018;0;0;;;0
30.04.2026;08:58:24;12,8;21,4;12,4;-3;33;1018;0;0;;;0
30.04.2026;08:58:25;12,8;21,4;12,4;-3;33;1018;0;0;;;0
30.04.2026;08:58:26;12,8;21,4;12,4;-3;33;1018;0;0;;;0
30.04.2026;08:58:27;12,8;21,4;12,4;-3;33;1018;0;0;;;0
30.04.2026;08:58:28;12,8;21,4;12,5;-3;33;1018;0;0;;;0
30.04.2026;08:58:30;12,8;21,4;12,4;-3;33;1018;0;0;;;0
30.04.2026;08:58:31;12,8;21,4;12,4;-3;33;1018;0;0;;;0
30.04.2026;08:58:32;12,8;21,4;12,5;-3;33;1018;0;0;;;0
30.04.2026;08:58:33;12,8;21,4;12,5;-3;33;1018;0;0;;;0
30.04.2026;08:58:34;12,8;21,4;12,5;-3;33;1018;0;0;;;0
30.04.2026;08:58:35;12,8;21,4;12,5;-3;33;1018;0;0;;;0
30.04.2026;08:58:36;12,8;21,4;12,5;-3;33;1018;0;0;;;0
30.04.2026;08:58:37;12,8;21,4;12,5;-3;33;1018;0;0;;;0
30.04.2026;08:58:38;12,8;21,4;12,5;-3;33;1018;0;0;;;0
30.04.2026;08:58:39;12,8;21,4;12,5;-3;33;1018;0;0;;;0
30.04.2026;08:58:40;12,8;21,4;12,5;-3;33;1018;0;0;;;0
30.04.2026;08:58:41;12,8;21,4;12,5;-3;33;1018;0;0;;;0
30.04.2026;08:58:42;12,8;21,4;12,5;-3;33;1018;0;0;;;0
30.04.2026;08:58:44;12,8;21,4;12,5;-3;33;1018;0;0;;;0
30.04.2026;08:58:45;12,8;21,4;12,5;-3;33;1018;0;0;;;0
30.04.2026;08:58:46;12,8;21,4;12,5;-3;33;1018;0;0;;;0
30.04.2026;08:58:47;12,8;21,4;12,5;-3;33;1018;0;0;;;0
30.04.2026;08:58:48;12,8;21,4;12,5;-3;33;1018;0;0;;;0
30.04.2026;08:58:49;12,8;21,4;12,5;-3;33;1018;0;0;;;0
30.04.2026;08:58:50;12,9;21,4;12,5;-3;33;1018;0;0;;;0
30.04.2026;08:58:51;12,9;21,4;12,5;-3;33;1018;0;0;;;0
30.04.2026;08:58:52;12,9;21,4;12,5;-3;33;1018;0;0;;;0
30.04.2026;08:58:53;12,9;21,4;12,5;-3;33;1018;0;0;;;0
30.04.2026;08:58:54;12,9;21,4;12,5;-3;33;1018;0;0;;;0
30.04.2026;08:58:55;12,9;21,4;12,5;-3;33;1018;0;0;;;0
30.04.2026;08:58:57;12,9;21,4;12,5;-3;33;1018;0;0;;;0
30.04.2026;08:58:58;12,9;21,4;12,5;-3;33;1018;0;0;;;0
30.04.2026;08:58:59;12,9;21,4;12,5;-3;33;1018;0;0;;;0
30.04.2026;08:59:00;12,9;21,4;12,5;-3;33;1018;0;0;;;0
30.04.2026;08:59:01;12,9;21,4;12,5;-3;33;1018;0;0;;;0
30.04.2026;08:59:02;12,9;21,4;12,6;-3;33;1018;0;0;;;0
30.04.2026;08:59:03;12,9;21,4;12,6;-3;33;1018;0;0;;;0
30.04.2026;08:59:04;12,9;21,4;12,6;-3;33;1018;0;0;;;0
30.04.2026;08:59:05;12,9;21,4;12,6;-3;33;1018;0;0;;;0
30.04.2026;08:59:06;12,9;21,4;12,6;-3;33;1018;0;0;;;0
30.04.2026;08:59:08;12,9;21,4;12,6;-3;33;1018;0;0;;;0
30.04.2026;08:59:09;12,9;21,4;12,6;-3;33;1018;0;0;;;0
30.04.2026;08:59:10;12,9;21,4;12,6;-3;33;1018;0;0;;;0
30.04.2026;08:59:11;12,9;21,4;12,6;-3;33;1018;0;0;;;0
30.04.2026;08:59:12;12,9;21,4;12,6;-3;33;1018;0;0;;;0
30.04.2026;08:59:13;12,9;21,4;12,6;-3;33;1018;0;0;;;0
30.04.2026;08:59:14;12,9;21,4;12,6;-3;33;1018;0;0;;;0
30.04.2026;08:59:15;12,9;21,4;12,6;-3;33;1018;0;0;;;0
30.04.2026;08:59:16;12,9;21,4;12,6;-3;33;1018;0;0;;;0
30.04.2026;08:59:17;12,9;21,4;12,6;-3;33;1018;0;0;;;0
30.04.2026;08:59:18;12,9;21,4;12,6;-3;33;1018;0;0;;;0
30.04.2026;08:59:19;12,9;21,4;12,6;-3;33;1018;0;0;;;0
30.04.2026;08:59:21;12,9;21,4;12,6;-3;33;1018;0;0;;;0
30.04.2026;08:59:22;12,9;21,4;12,6;-3;33;1018;0;0;;;0
30.04.2026;08:59:23;12,9;21,4;12,6;-3;33;1018;0;0;;;0
30.04.2026;08:59:24;12,9;21,4;12,6;-3;33;1018;0;0;;;0
30.04.2026;08:59:25;12,9;21,4;12,6;-3;33;1018;0;0;;;0
30.04.2026;08:59:26;12,9;21,4;12,6;-3;33;1018;0;0;;;0
30.04.2026;08:59:27;12,9;21,4;12,6;-3;33;1018;0;0;;;0
30.04.2026;08:59:29;12,9;21,4;12,6;-3;33;1018;0;0;;;0
30.04.2026;08:59:30;12,9;21,4;12,6;-3;33;1018;0;0;;;0
30.04.2026;08:59:31;12,9;21,4;12,7;-3;33;1018;0;0;;;0
30.04.2026;08:59:32;12,9;21,4;12,7;-3;33;1018;0;0;;;0
30.04.2026;08:59:33;12,9;21,4;12,7;-3;33;1018;0;0;;;0
30.04.2026;08:59:34;12,9;21,4;12,7;-3;33;1018;0;0;;;0
30.04.2026;08:59:35;12,9;21,4;12,7;-3;33;1018;0;0;;;0
30.04.2026;08:59:36;12,9;21,4;12,7;-3;33;1018;0;0;;;0
30.04.2026;08:59:38;12,9;21,4;12,7;-3;33;1018;0;0;;;0
30.04.2026;08:59:39;12,9;21,4;12,7;-3;33;1018;0;0;;;0
30.04.2026;08:59:40;13;21,4;12,7;-3;33;1018;0;0;;;0
30.04.2026;08:59:41;13;21,4;12,7;-3;33;1018;0;0;;;0
30.04.2026;08:59:42;13;21,4;12,7;-3;33;1018;0;0;;;0
30.04.2026;08:59:43;13;21,4;12,7;-3;33;1018;0;0;;;0
30.04.2026;08:59:44;13;21,4;12,7;-3;33;1018;0;0;;;0
30.04.2026;08:59:45;13;21,4;12,7;-3;33;1018;0;0;;;0
30.04.2026;08:59:46;13;21,4;12,7;-3;33;1018;0;0;;;0
30.04.2026;08:59:48;13;21,4;12,7;-3;33;1018;0;0;;;0
30.04.2026;08:59:49;13;21,4;12,7;-3;33;1018;0;0;;;0
30.04.2026;08:59:50;13;21,4;12,7;-3;33;1018;0;0;;;0
30.04.2026;08:59:51;13;21,4;12,7;-3;33;1018;0;0;;;0
30.04.2026;08:59:52;13;21,4;12,8;-3;33;1018;0;0;;;0
30.04.2026;08:59:53;13;21,4;12,7;-3;33;1018;0;0;;;0
30.04.2026;08:59:54;13;21,4;12,8;-3;33;1018;0;0;;;0
30.04.2026;08:59:55;13;21,4;12,8;-3;33;1018;0;0;;;0
30.04.2026;08:59:56;13;21,4;12,8;-3;33;1018;0;0;;;0
30.04.2026;08:59:57;13;21,4;12,8;-3;33;1018;0;0;;;0
30.04.2026;08:59:58;13;21,4;12,8;-3;33;1018;0;0;;;0
30.04.2026;08:59:59;13;21,4;12,8;-3;33;1018;0;0;;;0
30.04.2026;09:00:00;13;21,4;12,8;-3;33;1018;0;0;;;0
30.04.2026;09:00:01;13;21,4;12,8;-3;33;1018;0;0;;;0
30.04.2026;09:00:03;13;21,4;12,8;-3;33;1018;0;0;;;0
30.04.2026;09:00:04;13;21,4;12,8;-3;33;1018;0;0;;;0
30.04.2026;09:00:05;13;21,4;12,8;-3;33;1018;0;0;;;0
30.04.2026;09:00:06;13;21,4;12,8;-3;33;1018;0;0;;;0
30.04.2026;09:00:07;13;21,4;12,8;-3;33;1018;0;0;;;0
30.04.2026;09:00:08;13;21,4;12,8;-3;33;1018;0;0;;;0
30.04.2026;09:00:09;13;21,4;12,8;-3;33;1018;0;0;;;0
30.04.2026;09:00:10;13;21,4;12,8;-4;32;1018;0;0;;;0
30.04.2026;09:00:11;13;21,4;12,8;-3;33;1018;0;0;;;0
30.04.2026;09:00:12;13;21,4;12,8;-4;32;1018;0;0;;;0
30.04.2026;09:00:13;13;21,4;12,8;-3;33;1018;0;0;;;0
30.04.2026;09:00:14;13;21,4;12,8;-3;33;1018;0;0;;;0
30.04.2026;09:00:15;13;21,4;12,8;-3;33;1018;0;0;;;0
30.04.2026;09:00:17;13;21,4;12,9;-3;33;1018;0;0;;;0
30.04.2026;09:00:18;13;21,4;12,9;-3;33;1018;0;0;;;0
30.04.2026;09:00:19;13;21,4;12,9;-3;33;1018;0;0;;;0
30.04.2026;09:00:20;13;21,4;12,9;-3;33;1018;0;0;;;0
30.04.2026;09:00:21;13;21,4;12,9;-3;33;1018;0;0;;;0
30.04.2026;09:00:22;13;21,4;12,9;-3;33;1018;0;0;;;0
30.04.2026;09:00:23;13;21,4;12,9;-3;33;1018;0;0;;;0
30.04.2026;09:00:24;13;21,4;12,9;-3;33;1018;0;0;;;0
30.04.2026;09:00:25;13;21,4;12,9;-3;33;1018;0;0;;;0
30.04.2026;09:00:26;13;21,4;12,9;-4;32;1018;0;0;;;0
30.04.2026;09:00:27;13;21,4;12,9;-4;32;1018;0;0;;;0
30.04.2026;09:00:28;13;21,4;12,9;-4;32;1018;0;0;;;0
30.04.2026;09:00:29;13;21,4;12,9;-4;32;1018;0;0;;;0
30.04.2026;09:00:30;13;21,4;12,9;-4;32;1018;0;0;;;0
30.04.2026;09:00:31;13;21,4;12,9;-4;32;1018;0;0;;;0
30.04.2026;09:00:33;13;21,4;12,9;-4;32;1018;0;0;;;0
30.04.2026;09:00:34;13;21,4;12,9;-4;32;1018;0;0;;;0
30.04.2026;09:00:35;13;21,4;12,9;-3;33;1018;0;0;;;0
30.04.2026;09:00:36;13;21,4;12,9;-4;32;1018;0;0;;;0
30.04.2026;09:00:37;13;21,4;12,9;-4;32;1018;0;0;;;0
30.04.2026;09:00:38;13;21,4;13;-3;32;1018;0;0;;;0
30.04.2026;09:00:40;13;21,4;13;-2;33;1018;0;0;;;0
30.04.2026;09:00:41;13;21,4;13;-3;32;1018;0;0;;;0
30.04.2026;09:00:42;13;21,4;13;-3;32;1018;0;0;;;0
30.04.2026;09:00:43;13,1;21,4;13;-3;32;1018;0;0;;;0
30.04.2026;09:00:44;13,1;21,4;13;-3;32;1018;0;0;;;0
30.04.2026;09:00:45;13,1;21,4;13;-3;32;1018;0;0;;;0
30.04.2026;09:00:46;13;21,4;13;-3;32;1018;0;0;;;0
30.04.2026;09:00:47;13;21,4;13;-3;32;1018;0;0;;;0
30.04.2026;09:00:48;13,1;21,4;13;-3;32;1018;0;0;;;0
30.04.2026;09:00:50;13,1;21,4;13;-3;32;1018;0;0;;;0
30.04.2026;09:00:51;13,1;21,4;13;-2;33;1018;0;0;;;0
30.04.2026;09:00:52;13,1;21,4;13;-3;32;1018;0;0;;;0
30.04.2026;09:00:53;13,1;21,4;13;-3;32;1018;0;0;;;0
30.04.2026;09:00:54;13,1;21,4;13;-3;32;1018;0;0;;;0
30.04.2026;09:00:55;13,1;21,4;13,1;-3;32;1018;0;0;;;0
30.04.2026;09:00:56;13,1;21,4;13,1;-2;33;1018;0;0;;;0
30.04.2026;09:00:57;13,1;21,4;13,1;-3;32;1018;0;0;;;0
30.04.2026;09:00:58;13,1;21,4;13,1;-3;32;1018;0;0;;;0
30.04.2026;09:00:59;13,1;21,4;13,1;-3;32;1018;0;0;;;0
30.04.2026;09:01:00;13,1;21,4;13,1;-3;32;1018;0;0;;;0
30.04.2026;09:01:01;13,1;21,4;13,1;-3;32;1018;0;0;;;0
30.04.2026;09:01:02;13,1;21,4;13,1;-3;32;1018;0;0;;;0
30.04.2026;09:01:04;13,1;21,4;13,1;-3;32;1018;0;0;;;0
30.04.2026;09:01:05;13,1;21,3;13,1;-3;32;1018;0;0;;;0
30.04.2026;09:01:06;13,1;21,3;13,1;-3;32;1018;0;0;;;0
30.04.2026;09:01:07;13,1;21,3;13,1;-2;33;1018;0;0;;;0
30.04.2026;09:01:08;13,1;21,3;13,1;-3;32;1018;0;0;;;0
30.04.2026;09:01:09;13,1;21,3;13,1;-2;33;1018;0;0;;;0
30.04.2026;09:01:11;13,1;21,3;13,2;-3;32;1018;0;0;;;0
30.04.2026;09:01:12;13,1;21,3;13,1;-3;32;1018;0;0;;;0
30.04.2026;09:01:13;13,1;21,3;13,2;-3;32;1018;0;0;;;0
30.04.2026;09:01:14;13,1;21,3;13,2;-3;32;1018;0;0;;;0
30.04.2026;09:01:15;13,1;21,3;13,2;-3;32;1018;0;0;;;0
30.04.2026;09:01:16;13,1;21,3;13,2;-3;32;1018;0;0;;;0
30.04.2026;09:01:17;13,1;21,3;13,2;-3;32;1018;0;0;;;0
30.04.2026;09:01:18;13,1;21,3;13,2;-3;32;1018;0;0;;;0
30.04.2026;09:01:19;13,1;21,3;13,2;-3;32;1018;0;0;;;0
30.04.2026;09:01:20;13,1;21,3;13,2;-3;32;1018;0;0;;;0
30.04.2026;09:01:21;13,1;21,3;13,2;-3;32;1018;0;0;;;0
30.04.2026;09:01:22;13,1;21,3;13,2;-3;32;1018;0;0;;;0
30.04.2026;09:01:23;13,1;21,3;13,2;-3;32;1018;0;0;;;0
30.04.2026;09:01:25;13,1;21,3;13,2;-3;32;1018;0;0;;;0
30.04.2026;09:01:26;13,1;21,3;13,2;-3;32;1018;0;0;;;0
30.04.2026;09:01:27;13,1;21,3;13,2;-3;32;1018;0;0;;;0
30.04.2026;09:01:28;13,1;21,3;13,2;-3;32;1018;0;0;;;0
30.04.2026;09:01:29;13,1;21,3;13,2;-3;32;1018;0;0;;;0
30.04.2026;09:01:30;13,1;21,3;13,3;-3;32;1018;0;0;;;0
30.04.2026;09:01:31;13,1;21,3;13,3;-3;32;1018;0;0;;;0
30.04.2026;09:01:33;13,2;21,3;13,3;-3;32;1018;0;0;;;0
30.04.2026;09:01:34;13,2;21,3;13,3;-3;32;1018;0;0;;;0
30.04.2026;09:01:35;13,2;21,3;13,3;-3;32;1018;0;0;;;0
30.04.2026;09:01:36;13,2;21,3;13,3;-3;32;1018;0;0;;;0
30.04.2026;09:01:37;13,2;21,3;13,3;-3;32;1018;0;0;;;0
30.04.2026;09:01:38;13,2;21,3;13,3;-3;32;1018;0;0;;;0
30.04.2026;09:01:39;13,2;21,3;13,3;-3;32;1018;0;0;;;0
30.04.2026;09:01:40;13,2;21,3;13,3;-3;32;1018;0;0;;;0
30.04.2026;09:01:41;13,2;21,3;13,3;-3;32;1018;0;0;;;0
30.04.2026;09:01:43;13,2;21,3;13,3;-3;32;1018;0;0;;;0
30.04.2026;09:01:44;13,2;21,3;13,3;-3;32;1018;0;0;;;0
30.04.2026;09:01:45;13,2;21,3;13,3;-3;32;1018;0;0;;;0
30.04.2026;09:01:46;13,2;21,3;13,3;-3;32;1018;0;0;;;0
30.04.2026;09:01:47;13,2;21,3;13,4;-3;32;1018;0;0;;;0
30.04.2026;09:01:48;13,2;21,3;13,4;-3;32;1018;0;0;;;0
30.04.2026;09:01:49;13,2;21,3;13,4;-3;32;1018;0;0;;;0
30.04.2026;09:01:50;13,2;21,3;13,4;-3;32;1018;0;0;;;0
30.04.2026;09:01:51;13,2;21,3;13,4;-3;32;1018;0;0;;;0
30.04.2026;09:01:53;13,2;21,3;13,4;-3;32;1018;0;0;;;0
30.04.2026;09:01:54;13,2;21,3;13,4;-3;32;1018;0;0;;;0
30.04.2026;09:01:55;13,2;21,3;13,4;-3;32;1018;0;0;;;0
30.04.2026;09:01:56;13,2;21,3;13,4;-3;32;1018;0;0;;;0
30.04.2026;09:01:57;13,2;21,3;13,4;-3;32;1018;0;0;;;0
30.04.2026;09:01:58;13,2;21,3;13,4;-3;32;1018;0;0;;;0
30.04.2026;09:01:59;13,2;21,3;13,4;-3;32;1018;0;0;;;0
30.04.2026;09:02:00;13,2;21,3;13,4;-3;32;1018;0;0;;;0
30.04.2026;09:02:01;13,2;21,3;13,4;-3;32;1018;0;0;;;0
30.04.2026;09:02:02;13,2;21,3;13,4;-3;32;1018;0;0;;;0
30.04.2026;09:02:03;13,2;21,3;13,4;-3;32;1018;0;0;;;0
30.04.2026;09:02:04;13,2;21,3;13,4;-3;32;1018;0;0;;;0
30.04.2026;09:02:05;13,2;21,3;13,4;-3;32;1018;0;0;;;0
30.04.2026;09:02:06;13,2;21,3;13,5;-3;32;1018;0;0;;;0
30.04.2026;09:02:08;13,2;21,3;13,5;-3;32;1018;0;0;;;0
30.04.2026;09:02:09;13,2;21,3;13,5;-3;32;1018;0;0;;;0
30.04.2026;09:02:10;13,2;21,3;13,5;-3;32;1018;0;0;;;0
30.04.2026;09:02:11;13,2;21,3;13,5;-3;32;1018;0;0;;;0
30.04.2026;09:02:12;13,2;21,3;13,5;-3;32;1018;0;0;;;0
30.04.2026;09:02:13;13,2;21,3;13,5;-3;32;1018;0;0;;;0
30.04.2026;09:02:14;13,2;21,3;13,5;-3;32;1018;0;0;;;0
30.04.2026;09:02:15;13,2;21,3;13,5;-3;32;1018;0;0;;;0
30.04.2026;09:02:16;13,2;21,3;13,5;-3;32;1018;0;0;;;0
30.04.2026;09:02:17;13,2;21,3;13,5;-3;32;1018;0;0;;;0
30.04.2026;09:02:18;13,2;21,3;13,5;-3;32;1018;0;0;;;0
30.04.2026;09:02:19;13,2;21,3;13,5;-3;32;1018;0;0;;;0
30.04.2026;09:02:20;13,2;21,3;13,5;-3;32;1018;0;0;;;0
30.04.2026;09:02:21;13,2;21,3;13,5;-3;32;1018;0;0;;;0
30.04.2026;09:02:22;13,2;21,3;13,6;-3;32;1018;0;0;;;0
30.04.2026;09:02:23;13,2;21,3;13,6;-3;32;1018;0;0;;;0
30.04.2026;09:02:25;13,2;21,3;13,6;-3;32;1018;0;0;;;0
30.04.2026;09:02:26;13,2;21,3;13,6;-3;32;1018;0;0;;;0
30.04.2026;09:02:27;13,3;21,3;13,6;-3;32;1018;0;0;;;0
30.04.2026;09:02:28;13,3;21,3;13,6;-3;32;1018;0;0;;;0
30.04.2026;09:02:30;13,3;21,3;13,6;-3;32;1018;0;0;;;0
30.04.2026;09:02:31;13,3;21,3;13,6;-3;32;1018;0;0;;;0
30.04.2026;09:02:32;13,3;21,3;13,6;-3;32;1018;0;0;;;0
30.04.2026;09:02:33;13,3;21,3;13,6;-3;32;1018;0;0;;;0
30.04.2026;09:02:34;13,3;21,3;13,6;-3;32;1018;0;0;;;0
30.04.2026;09:02:36;13,3;21,3;13,6;-3;32;1018;0;0;;;0
30.04.2026;09:02:37;13,3;21,3;13,6;-3;32;1018;0;0;;;0
30.04.2026;09:02:38;13,3;21,3;13,6;-3;32;1018;0;0;;;0
30.04.2026;09:02:39;13,3;21,3;13,6;-3;32;1018;0;0;;;0
30.04.2026;09:02:40;13,3;21,3;13,6;-3;32;1018;0;0;;;0
30.04.2026;09:02:41;13,3;21,3;13,6;-3;32;1018;0;0;;;0
30.04.2026;09:02:42;13,3;21,3;13,6;-3;32;1018;0;0;;;0
30.04.2026;09:02:43;13,3;21,3;13,7;-3;32;1018;0;0;;;0
30.04.2026;09:02:45;13,3;21,3;13,7;-3;32;1018;0;0;;;0
30.04.2026;09:02:46;13,3;21,3;13,7;-3;32;1018;0;0;;;0
30.04.2026;09:02:47;13,3;21,3;13,7;-3;32;1018;0;0;;;0
30.04.2026;09:02:48;13,3;21,3;13,7;-3;32;1018;0;0;;;0
30.04.2026;09:02:49;13,3;21,3;13,7;-3;32;1018;0;0;;;0
30.04.2026;09:02:50;13,3;21,3;13,7;-3;32;1018;0;0;;;0
30.04.2026;09:02:51;13,3;21,3;13,7;-3;32;1018;0;0;;;0
30.04.2026;09:02:52;13,3;21,3;13,7;-3;32;1018;0;0;;;0
30.04.2026;09:02:53;13,3;21,3;13,7;-3;32;1018;0;0;;;0
30.04.2026;09:02:54;13,3;21,2;13,7;-3;32;1018;0;0;;;0
30.04.2026;09:02:55;13,3;21,2;13,7;-3;32;1018;0;0;;;0
30.04.2026;09:02:57;13,3;21,2;13,7;-3;32;1018;0;0;;;0
30.04.2026;09:02:58;13,3;21,2;13,7;-3;32;1018;0;0;;;0
30.04.2026;09:02:59;13,3;21,2;13,8;-3;32;1018;0;0;;;0
30.04.2026;09:03:00;13,3;21,2;13,7;-3;32;1018;0;0;;;0
30.04.2026;09:03:01;13,3;21,2;13,7;-3;32;1018;0;0;;;0
30.04.2026;09:03:02;13,3;21,2;13,7;-3;32;1018;0;0;;;0
30.04.2026;09:03:03;13,3;21,2;13,8;-3;32;1018;0;0;;;0
30.04.2026;09:03:04;13,3;21,2;13,8;-3;32;1018;0;0;;;0
30.04.2026;09:03:05;13,3;21,2;13,8;-3;32;1018;0;0;;;0
30.04.2026;09:03:06;13,3;21,2;13,8;-3;32;1018;0;0;;;0
30.04.2026;09:03:07;13,3;21,2;13,8;-3;32;1018;0;0;;;0
30.04.2026;09:03:09;13,3;21,2;13,8;-3;32;1018;0;0;;;0
30.04.2026;09:03:10;13,3;21,2;13,8;-3;32;1018;0;0;;;0
30.04.2026;09:03:11;13,4;21,2;13,8;-3;32;1018;0;0;;;0
30.04.2026;09:03:12;13,4;21,2;13,8;-3;32;1018;0;0;;;0
30.04.2026;09:03:13;13,4;21,2;13,8;-3;32;1018;0;0;;;0
30.04.2026;09:03:14;13,4;21,2;13,8;-3;32;1018;0;0;;;0
30.04.2026;09:03:15;13,4;21,2;13,8;-3;32;1018;0;0;;;0
30.04.2026;09:03:16;13,4;21,2;13,8;-3;32;1018;0;0;;;0
30.04.2026;09:03:17;13,4;21,2;13,8;-3;32;1018;0;0;;;0
30.04.2026;09:03:18;13,4;21,2;13,8;-3;32;1018;0;0;;;0
30.04.2026;09:03:19;13,4;21,2;13,9;-3;32;1018;0;0;;;0
30.04.2026;09:03:20;13,4;21,2;13,9;-3;32;1018;0;0;;;0
30.04.2026;09:03:21;13,4;21,2;13,8;-3;32;1018;0;0;;;0
30.04.2026;09:03:22;13,4;21,2;13,9;-3;32;1018;0;0;;;0
30.04.2026;09:03:23;13,4;21,2;13,9;-3;32;1018;0;0;;;0
30.04.2026;09:03:25;13,4;21,2;13,9;-3;32;1018;0;0;;;0
30.04.2026;09:03:26;13,4;21,2;13,9;-3;32;1018;0;0;;;0
30.04.2026;09:03:27;13,4;21,2;13,9;-3;32;1018;0;0;;;0
30.04.2026;09:03:28;13,4;21,2;13,9;-3;32;1018;0;0;;;0
30.04.2026;09:03:29;13,4;21,2;13,9;-3;32;1018;0;0;;;0
30.04.2026;09:03:30;13,4;21,2;13,9;-3;32;1018;0;0;;;0
30.04.2026;09:03:31;13,4;21,2;13,9;-3;32;1018;0;0;;;0
30.04.2026;09:03:32;13,4;21,2;13,9;-3;32;1018;0;0;;;0
30.04.2026;09:03:33;13,4;21,2;13,9;-3;32;1018;0;0;;;0
30.04.2026;09:03:34;13,4;21,2;13,9;-3;32;1018;0;0;;;0
30.04.2026;09:03:35;13,4;21,2;13,9;-3;32;1018;0;0;;;0
30.04.2026;09:03:37;13,4;21,2;14;-2;32;1018;0;0;;;0
30.04.2026;09:03:38;13,4;21,2;14;-2;32;1018;0;0;;;0
30.04.2026;09:03:39;13,4;21,2;13,9;-3;32;1018;0;0;;;0
30.04.2026;09:03:40;13,4;21,2;14;-2;32;1018;0;0;;;0
30.04.2026;09:03:41;13,4;21,1;14;-2;32;1018;0;0;;;0
30.04.2026;09:03:42;13,4;21,1;14;-2;32;1018;0;0;;;0
30.04.2026;09:03:43;13,4;21,1;14;-2;32;1018;0;0;;;0
30.04.2026;09:03:44;13,4;21,1;14;-2;32;1018;0;0;;;0
30.04.2026;09:03:46;13,4;21,1;14;-2;32;1018;0;0;;;0
30.04.2026;09:03:47;13,4;21,1;14;-2;32;1018;0;0;;;0
30.04.2026;09:03:48;13,4;21,1;14;-2;32;1018;0;0;;;0
30.04.2026;09:03:49;13,4;21,1;14;-2;32;1018;0;0;;;0
30.04.2026;09:03:50;13,4;21,1;14;-2;32;1018;0;0;;;0
30.04.2026;09:03:51;13,4;21,1;14;-2;32;1018;0;0;;;0
30.04.2026;09:03:52;13,5;21,1;14;-2;32;1018;0;0;;;0
30.04.2026;09:03:53;13,5;21,1;14;-2;32;1018;0;0;;;0
30.04.2026;09:03:54;13,5;21,1;14;-2;32;1018;0;0;;;0
30.04.2026;09:03:55;13,5;21,1;14;-2;32;1018;0;0;;;0
30.04.2026;09:03:56;13,5;21,1;14,1;-2;32;1018;0;0;;;0
30.04.2026;09:03:57;13,5;21,1;14,1;-2;32;1018;0;0;;;0
30.04.2026;09:03:58;13,5;21,1;14,1;-2;32;1018;0;0;;;0
30.04.2026;09:04:00;13,5;21,1;14,1;-2;32;1018;0;0;;;0
30.04.2026;09:04:01;13,5;21,1;14,1;-2;32;1018;0;0;;;0
30.04.2026;09:04:02;13,5;21,1;14,1;-2;32;1018;0;0;;;0
30.04.2026;09:04:03;13,5;21,1;14,1;-2;32;1018;0;0;;;0
30.04.2026;09:04:04;13,5;21,1;14,1;-2;32;1018;0;0;;;0
30.04.2026;09:04:05;13,5;21,1;14,1;-2;32;1018;0;0;;;0
30.04.2026;09:04:06;13,5;21,1;14,1;-2;32;1018;0;0;;;0
30.04.2026;09:04:07;13,5;21,1;14,1;-2;32;1018;0;0;;;0
30.04.2026;09:04:08;13,5;21,1;14,1;-2;32;1018;0;0;;;0
30.04.2026;09:04:10;13,5;21,1;14,1;-2;32;1018;0;0;;;0
30.04.2026;09:04:11;13,5;21,1;14,1;-2;32;1018;0;0;;;0
30.04.2026;09:04:12;13,5;21,1;14,2;-2;32;1018;0;0;;;0
30.04.2026;09:04:13;13,5;21,1;14,2;-2;32;1018;0;0;;;0
30.04.2026;09:04:14;13,5;21,1;14,2;-2;32;1018;0;0;;;0
30.04.2026;09:04:15;13,5;21,1;14,2;-2;32;1018;0;0;;;0
30.04.2026;09:04:16;13,5;21,1;14,2;-2;32;1018;0;0;;;0
30.04.2026;09:04:17;13,5;21,1;14,2;-2;32;1018;0;0;;;0
30.04.2026;09:04:18;13,5;21,1;14,2;-2;32;1018;0;0;;;0
30.04.2026;09:04:20;13,5;21,1;14,2;-2;32;1018;0;0;;;0
30.04.2026;09:04:21;13,5;21,1;14,2;-2;32;1018;0;0;;;0
30.04.2026;09:04:22;13,5;21,1;14,2;-2;32;1018;0;0;;;0
30.04.2026;09:04:23;13,5;21,1;14,2;-2;32;1018;0;0;;;0
30.04.2026;09:04:24;13,5;21,1;14,2;-2;32;1018;0;0;;;0
30.04.2026;09:04:25;13,5;21;14,2;-2;32;1018;0;0;;;0
30.04.2026;09:04:26;13,5;21;14,2;-2;32;1018;0;0;;;0
30.04.2026;09:04:27;13,5;21;14,3;-2;32;1018;0;0;;;0
30.04.2026;09:04:28;13,5;21;14,3;-2;32;1018;0;0;;;0
30.04.2026;09:04:29;13,5;21;14,3;-2;32;1018;0;0;;;0
30.04.2026;09:04:30;13,5;21;14,3;-2;32;1018;0;0;;;0
30.04.2026;09:04:32;13,5;21;14,3;-2;32;1018;0;0;;;0
30.04.2026;09:04:33;13,5;21;14,3;-2;32;1018;0;0;;;0
30.04.2026;09:04:34;13,5;21;14,3;-2;32;1018;0;0;;;0
30.04.2026;09:04:35;13,5;21;14,3;-2;32;1018;0;0;;;0
30.04.2026;09:04:36;13,5;21;14,3;-2;32;1018;0;0;;;0
30.04.2026;09:04:38;13,5;21;14,3;-2;32;1018;0;0;;;0
30.04.2026;09:04:39;13,5;21;14,3;-2;32;1018;0;0;;;0
30.04.2026;09:04:40;13,5;21;14,3;-2;32;1018;0;0;;;0
30.04.2026;09:04:41;13,5;21;14,3;-2;32;1018;0;0;;;0
30.04.2026;09:04:42;13,5;21;14,3;-2;32;1018;0;0;;;0
30.04.2026;09:04:43;13,5;21;14,3;-2;32;1018;0;0;;;0
30.04.2026;09:04:44;13,5;21;14,4;-2;32;1018;0;0;;;0
30.04.2026;09:04:45;13,5;21;14,4;-2;32;1018;0;0;;;0
30.04.2026;09:04:46;13,5;21;14,4;-2;32;1018;0;0;;;0
30.04.2026;09:04:47;13,5;21;14,4;-2;32;1018;0;0;;;0
30.04.2026;09:04:48;13,5;21;14,4;-2;32;1018;0;0;;;0
30.04.2026;09:04:50;13,5;21;14,4;-2;32;1018;0;0;;;0
30.04.2026;09:04:51;13,5;21;14,4;-2;32;1018;0;0;;;0
30.04.2026;09:04:52;13,5;21;14,4;-2;32;1018;0;0;;;0
30.04.2026;09:04:53;13,5;21;14,4;-2;32;1018;0;0;;;0
30.04.2026;09:04:54;13,5;21;14,4;-2;32;1018;0;0;;;0
30.04.2026;09:04:55;13,5;20,9;14,5;-2;32;1018;0;0;;;0
30.04.2026;09:04:56;13,5;20,9;14,4;-2;32;1018;0;0;;;0
30.04.2026;09:04:57;13,6;20,9;14,4;-2;32;1018;0;0;;;0
30.04.2026;09:04:58;13,6;20,9;14,4;-2;32;1018;0;0;;;0
30.04.2026;09:04:59;13,6;20,9;14,4;-2;32;1018;0;0;;;0
30.04.2026;09:05:00;13,6;20,9;14,5;-2;32;1018;0;0;;;0
30.04.2026;09:05:01;13,6;20,9;14,5;-2;32;1018;0;0;;;0
30.04.2026;09:05:02;13,6;20,9;14,5;-2;32;1018;0;0;;;0
30.04.2026;09:05:04;13,6;20,9;14,5;-2;32;1018;0;0;;;0
30.04.2026;09:05:05;13,6;20,9;14,5;-2;32;1018;0;0;;;0
30.04.2026;09:05:06;13,6;20,9;14,5;-2;32;1018;0;0;;;0
30.04.2026;09:05:07;13,6;20,9;14,5;-2;32;1018;0;0;;;0
30.04.2026;09:05:08;13,6;20,9;14,5;-2;32;1018;0;0;;;0
30.04.2026;09:05:09;13,6;20,9;14,5;-2;32;1018;0;0;;;0
30.04.2026;09:05:10;13,6;20,9;14,5;-2;32;1018;0;0;;;0
30.04.2026;09:05:11;13,6;20,9;14,5;-2;32;1018;0;0;;;0
30.04.2026;09:05:12;13,6;20,9;14,5;-2;32;1018;0;0;;;0
30.04.2026;09:05:14;13,6;20,9;14,5;-2;32;1018;0;0;;;0
30.04.2026;09:05:15;13,6;20,9;14,6;-2;32;1018;0;0;;;0
30.04.2026;09:05:16;13,6;20,9;14,6;-2;32;1018;0;0;;;0
30.04.2026;09:05:17;13,6;20,9;14,6;-2;32;1018;0;0;;;0
30.04.2026;09:05:18;13,6;20,9;14,6;-2;32;1018;0;0;;;0
30.04.2026;09:05:19;13,6;20,9;14,6;-2;32;1018;0;0;;;0
30.04.2026;09:05:20;13,6;20,9;14,6;-2;32;1018;0;0;;;0
30.04.2026;09:05:21;13,6;20,9;14,6;-2;32;1018;0;0;;;0
30.04.2026;09:05:23;13,6;20,9;14,6;-2;32;1018;0;0;;;0
30.04.2026;09:05:24;13,6;20,9;14,6;-2;32;1018;0;0;;;0
30.04.2026;09:05:25;13,6;20,9;14,6;-2;32;1018;0;0;;;0
30.04.2026;09:05:26;13,6;20,9;14,6;-2;32;1018;0;0;;;0
30.04.2026;09:05:27;13,6;20,9;14,6;-2;32;1018;0;0;;;0
30.04.2026;09:05:28;13,6;20,9;14,6;-2;32;1018;0;0;;;0
30.04.2026;09:05:29;13,6;20,9;14,6;-2;32;1018;0;0;;;0
30.04.2026;09:05:30;13,6;20,9;14,7;-2;32;1018;0;0;;;0
30.04.2026;09:05:31;13,6;20,9;14,7;-2;32;1018;0;0;;;0
30.04.2026;09:05:33;13,6;20,9;14,8;-2;32;1018;0;0;;;0
30.04.2026;09:05:34;13,6;20,9;14,7;-2;32;1018;0;0;;;0
30.04.2026;09:05:35;13,6;20,9;14,7;-2;32;1018;0;0;;;0
30.04.2026;09:05:36;13,6;20,9;14,7;-2;32;1018;0;0;;;0
30.04.2026;09:05:37;13,6;20,9;14,7;-2;32;1018;0;0;;;0
30.04.2026;09:05:38;13,6;20,9;14,7;-2;32;1018;0;0;;;0
30.04.2026;09:05:39;13,6;20,9;14,7;-2;32;1018;0;0;;;0
30.04.2026;09:05:40;13,6;20,9;14,7;-2;32;1018;0;0;;;0
30.04.2026;09:05:41;13,7;20,9;14,7;-2;32;1018;0;0;;;0
30.04.2026;09:05:42;13,7;20,9;14,8;-2;32;1018;0;0;;;0
30.04.2026;09:05:43;13,7;20,9;14,7;-2;32;1018;0;0;;;0
30.04.2026;09:05:44;13,7;20,9;14,7;-2;32;1018;0;0;;;0
30.04.2026;09:05:45;13,7;20,9;14,8;-2;32;1018;0;0;;;0
30.04.2026;09:05:46;13,7;20,9;14,8;-2;32;1018;0;0;;;0
30.04.2026;09:05:48;13,7;20,9;14,8;-2;32;1018;0;0;;;0
30.04.2026;09:05:49;13,7;20,9;14,8;-2;32;1018;0;0;;;0
30.04.2026;09:05:50;13,7;20,9;14,8;-2;32;1018;0;0;;;0
30.04.2026;09:05:51;13,7;20,9;14,8;-2;32;1018;0;0;;;0
30.04.2026;09:05:52;13,7;20,9;14,8;-2;32;1018;0;0;;;0
30.04.2026;09:05:53;13,7;20,9;14,8;-2;32;1018;0;0;;;0
30.04.2026;09:05:54;13,7;20,9;14,8;-2;32;1018;0;0;;;0
30.04.2026;09:05:55;13,7;20,9;14,8;-2;32;1018;0;0;;;0
30.04.2026;09:05:56;13,7;20,9;14,8;-2;32;1018;0;0;;;0
30.04.2026;09:05:57;13,7;20,9;14,8;-2;32;1018;0;0;;;0
30.04.2026;09:05:58;13,7;20,9;14,8;-2;32;1018;0;0;;;0
30.04.2026;09:05:59;13,7;20,9;14,9;-2;32;1018;0;0;;;0
30.04.2026;09:06:00;13,7;20,9;14,9;-2;32;1018;0;0;;;0
30.04.2026;09:06:02;13,7;20,9;14,9;-2;32;1018;0;0;;;0
30.04.2026;09:06:03;13,7;20,9;14,9;-2;32;1018;0;0;;;0
30.04.2026;09:06:04;13,7;20,9;14,9;-2;32;1018;0;0;;;0
30.04.2026;09:06:05;13,7;20,9;14,9;-2;32;1018;0;0;;;0
30.04.2026;09:06:06;13,7;20,9;14,9;-2;32;1018;0;0;;;0
30.04.2026;09:06:07;13,7;20,9;14,9;-2;32;1018;0;0;;;0
30.04.2026;09:06:08;13,7;20,9;14,9;-2;32;1018;0;0;;;0
30.04.2026;09:06:09;13,7;20,9;14,9;-2;32;1018;0;0;;;0
30.04.2026;09:06:11;13,7;20,9;14,9;-2;32;1018;0;0;;;0
30.04.2026;09:06:12;13,7;20,9;14,9;-2;32;1018;0;0;;;0
30.04.2026;09:06:13;13,7;20,9;15;-1;32;1018;0;0;;;0
30.04.2026;09:06:14;13,7;20,9;15;-1;32;1018;0;0;;;0
30.04.2026;09:06:15;13,7;20,9;15;-1;32;1018;0;0;;;0
30.04.2026;09:06:16;13,7;20,9;15;-1;32;1018;0;0;;;0
30.04.2026;09:06:17;13,7;20,9;15;-1;32;1018;0;0;;;0
30.04.2026;09:06:18;13,7;20,9;15;-1;32;1018;0;0;;;0
30.04.2026;09:06:19;13,7;20,9;15;-1;32;1018;0;0;;;0
30.04.2026;09:06:21;13,7;20,9;15;-1;32;1018;0;0;;;0
30.04.2026;09:06:22;13,7;20,9;15;-1;32;1018;0;0;;;0
30.04.2026;09:06:23;13,7;20,9;15;-1;32;1018;0;0;;;0
30.04.2026;09:06:24;13,7;20,9;15;-1;32;1018;0;0;;;0
30.04.2026;09:06:25;13,7;20,9;15;-1;32;1018;0;0;;;0
30.04.2026;09:06:26;13,7;20,9;15,1;-1;32;1018;0;0;;;0
30.04.2026;09:06:27;13,8;20,9;15,1;-1;32;1018;0;0;;;0
30.04.2026;09:06:28;13,8;20,9;15,1;-1;32;1018;0;0;;;0
30.04.2026;09:06:29;13,8;20,9;15,1;-1;32;1018;0;0;;;0
30.04.2026;09:06:30;13,8;20,9;15,1;-1;32;1018;0;0;;;0
30.04.2026;09:06:32;13,8;20,9;15,1;-1;32;1018;0;0;;;0
30.04.2026;09:06:33;13,8;20,9;15,1;-1;32;1018;0;0;;;0
30.04.2026;09:06:34;13,8;20,9;15,1;-1;32;1018;0;0;;;0
30.04.2026;09:06:35;13,8;20,9;15,1;-1;32;1018;0;0;;;0
30.04.2026;09:06:36;13,8;20,9;15,1;-1;32;1018;0;0;;;0
30.04.2026;09:06:37;13,8;20,9;15,1;-1;32;1018;0;0;;;0
30.04.2026;09:06:38;13,8;20,9;15,1;-1;32;1018;0;0;;;0
30.04.2026;09:06:39;13,8;20,9;15,1;-1;32;1018;0;0;;;0
30.04.2026;09:06:40;13,8;20,9;15,2;-1;32;1018;0;0;;;0
30.04.2026;09:06:42;13,8;20,9;15,2;-1;32;1018;0;0;;;0
30.04.2026;09:06:43;13,8;20,9;15,2;-1;32;1018;0;0;;;0
30.04.2026;09:06:44;13,8;20,9;15,2;-1;32;1018;0;0;;;0
30.04.2026;09:06:46;13,8;20,9;15,2;-1;32;1018;0;0;;;0
30.04.2026;09:06:47;13,8;20,9;15,2;-1;32;1018;0;0;;;0
30.04.2026;09:06:48;13,8;20,9;15,2;-1;32;1018;0;0;;;0
30.04.2026;09:06:49;13,8;20,9;15,2;-1;32;1018;0;0;;;0
30.04.2026;09:06:50;13,8;20,9;15,2;-1;32;1018;0;0;;;0
30.04.2026;09:06:51;13,8;20,9;15,2;-1;32;1018;0;0;;;0
30.04.2026;09:06:52;13,8;20,8;15,2;-1;32;1018;0;0;;;0
30.04.2026;09:06:53;13,8;20,8;15,3;-1;32;1018;0;0;;;0
30.04.2026;09:06:54;13,8;20,8;15,3;-1;32;1018;0;0;;;0
30.04.2026;09:06:55;13,8;20,8;15,3;-1;32;1018;0;0;;;0
30.04.2026;09:06:56;13,8;20,8;15,3;-1;32;1018;0;0;;;0
30.04.2026;09:06:58;13,8;20,8;15,3;-1;32;1018;0;0;;;0
30.04.2026;09:06:59;13,8;20,8;15,3;-1;32;1018;0;0;;;0
30.04.2026;09:07:00;13,8;20,8;15,3;-1;32;1018;0;0;;;0
30.04.2026;09:07:01;13,8;20,8;15,3;-1;32;1018;0;0;;;0
30.04.2026;09:07:02;13,8;20,8;15,3;-1;32;1018;0;0;;;0
30.04.2026;09:07:03;13,8;20,8;15,3;-1;32;1018;0;0;;;0
30.04.2026;09:07:04;13,8;20,8;15,4;-1;32;1018;0;0;;;0
30.04.2026;09:07:05;13,8;20,8;15,3;-1;32;1018;0;0;;;0
30.04.2026;09:07:06;13,8;20,8;15,3;-1;32;1018;0;0;;;0
30.04.2026;09:07:08;13,8;20,8;15,4;-1;32;1018;0;0;;;0
30.04.2026;09:07:09;13,8;20,8;15,4;-1;32;1018;0;0;;;0
30.04.2026;09:07:10;13,8;20,8;15,4;-1;32;1018;0;0;;;0
30.04.2026;09:07:11;13,8;20,8;15,4;-1;32;1018;0;0;;;0
30.04.2026;09:07:12;13,9;20,8;15,4;-1;32;1018;0;0;;;0
30.04.2026;09:07:13;13,9;20,8;15,4;-1;32;1018;0;0;;;0
30.04.2026;09:07:14;13,9;20,8;15,4;-1;32;1018;0;0;;;0
30.04.2026;09:07:15;13,9;20,8;15,4;-1;32;1018;0;0;;;0
30.04.2026;09:07:16;13,9;20,8;15,4;-1;32;1018;0;0;;;0
30.04.2026;09:07:17;13,9;20,8;15,4;-1;32;1018;0;0;;;0
30.04.2026;09:07:18;13,9;20,8;15,4;-1;32;1018;0;0;;;0
30.04.2026;09:07:19;13,9;20,8;15,4;-1;32;1018;0;0;;;0
30.04.2026;09:07:20;13,9;20,8;15,4;-1;32;1018;0;0;;;0
30.04.2026;09:07:21;13,9;20,8;15,5;-1;32;1018;0;0;;;0
30.04.2026;09:07:22;13,9;20,8;15,5;-1;32;1018;0;0;;;0
30.04.2026;09:07:24;13,9;20,8;15,5;-1;32;1018;0;0;;;0
30.04.2026;09:07:25;13,9;20,8;15,5;-1;32;1018;0;0;;;0
30.04.2026;09:07:26;13,9;20,8;15,5;-1;32;1018;0;0;;;0
30.04.2026;09:07:27;13,9;20,8;15,5;-1;32;1018;0;0;;;0
30.04.2026;09:07:28;13,9;20,8;15,5;-1;32;1018;0;0;;;0
30.04.2026;09:07:29;13,9;20,8;15,5;-1;32;1018;0;0;;;0
30.04.2026;09:07:30;13,9;20,8;15,5;-1;32;1018;0;0;;;0
30.04.2026;09:07:31;13,9;20,8;15,5;-1;32;1018;0;0;;;0
30.04.2026;09:07:32;13,9;20,8;15,5;-1;32;1018;0;0;;;0
30.04.2026;09:07:33;13,9;20,8;15,6;-1;32;1018;0;0;;;0
30.04.2026;09:07:34;13,9;20,8;15,6;-1;32;1018;0;0;;;0
30.04.2026;09:07:35;13,9;20,8;15,6;-1;32;1018;0;0;;;0
30.04.2026;09:07:36;13,9;20,8;15,6;-1;32;1018;0;0;;;0
30.04.2026;09:07:37;13,9;20,8;15,6;-1;32;1018;0;0;;;0
30.04.2026;09:07:38;13,9;20,8;15,6;-1;32;1018;0;0;;;0
30.04.2026;09:07:39;13,9;20,8;15,6;-1;32;1018;0;0;;;0
30.04.2026;09:07:40;13,9;20,8;15,6;-1;32;1018;0;0;;;0
30.04.2026;09:07:41;13,9;20,8;15,6;-1;32;1018;0;0;;;0
30.04.2026;09:07:42;13,9;20,8;15,6;-1;32;1018;0;0;;;0
30.04.2026;09:07:43;13,9;20,8;15,6;-1;32;1018;0;0;;;0
30.04.2026;09:07:45;13,9;20,8;15,6;-1;32;1018;0;0;;;0
30.04.2026;09:07:46;13,9;20,8;15,7;-1;32;1018;0;0;;;0
30.04.2026;09:07:47;13,9;20,8;15,7;-1;32;1018;0;0;;;0
30.04.2026;09:07:48;13,9;20,8;15,7;-1;32;1018;0;0;;;0
30.04.2026;09:07:49;13,9;20,8;15,7;-1;32;1018;0;0;;;0
30.04.2026;09:07:50;13,9;20,8;15,7;-1;32;1018;0;0;;;0
30.04.2026;09:07:51;13,9;20,8;15,7;-1;32;1018;0;0;;;0
30.04.2026;09:07:52;13,9;20,8;15,7;-1;32;1018;0;0;;;0
30.04.2026;09:07:53;14;20,8;15,7;-1;32;1018;0;0;;;0
30.04.2026;09:07:55;14;20,8;15,7;-1;32;1018;0;0;;;0
30.04.2026;09:07:56;14;20,8;15,7;-1;32;1018;0;0;;;0
30.04.2026;09:07:57;14;20,8;15,7;-1;32;1018;0;0;;;0
30.04.2026;09:07:58;14;20,8;15,7;-1;32;1018;0;0;;;0
30.04.2026;09:07:59;14;20,8;15,7;-1;32;1018;0;0;;;0
30.04.2026;09:08:00;14;20,8;15,8;-1;32;1018;0;0;;;0
30.04.2026;09:08:01;14;20,8;15,8;-1;32;1018;0;0;;;0
30.04.2026;09:08:02;14;20,8;15,8;-1;32;1018;0;0;;;0
30.04.2026;09:08:04;14;20,8;15,8;-1;32;1018;0;0;;;0
30.04.2026;09:08:05;14;20,8;15,8;-1;32;1018;0;0;;;0
30.04.2026;09:08:06;14;20,8;15,8;-1;32;1018;0;0;;;0
30.04.2026;09:08:07;14;20,8;15,8;-1;32;1018;0;0;;;0
30.04.2026;09:08:08;14;20,8;15,8;-1;32;1018;0;0;;;0
30.04.2026;09:08:09;14;20,7;15,8;-1;32;1018;0;0;;;0
30.04.2026;09:08:10;14;20,7;15,8;-1;32;1018;0;0;;;0
30.04.2026;09:08:11;14;20,7;15,8;-1;32;1018;0;0;;;0
30.04.2026;09:08:12;14;20,7;15,8;-1;32;1018;0;0;;;0
30.04.2026;09:08:13;14;20,7;15,8;-1;32;1018;0;0;;;0
30.04.2026;09:08:14;14;20,7;15,9;-1;32;1018;0;0;;;0
30.04.2026;09:08:15;14;20,7;15,9;-1;32;1018;0;0;;;0
30.04.2026;09:08:16;14;20,7;15,9;-1;32;1018;0;0;;;0
30.04.2026;09:08:18;14;20,7;15,9;-1;32;1018;0;0;;;0
30.04.2026;09:08:19;14;20,7;15,9;-1;32;1018;0;0;;;0
30.04.2026;09:08:20;14;20,7;15,9;-1;32;1018;0;0;;;0
30.04.2026;09:08:21;14;20,7;15,9;-1;32;1018;0;0;;;0
30.04.2026;09:08:22;14;20,7;15,9;-1;32;1018;0;0;;;0
30.04.2026;09:08:23;14;20,7;15,9;-1;32;1018;0;0;;;0
30.04.2026;09:08:24;14;20,7;15,9;-1;32;1018;0;0;;;0
30.04.2026;09:08:25;14;20,7;15,9;-1;32;1018;0;0;;;0
30.04.2026;09:08:26;14;20,7;15,9;-1;32;1018;0;0;;;0
30.04.2026;09:08:27;14;20,7;16;0;32;1018;0;0;;;0
30.04.2026;09:08:28;14;20,7;16;0;32;1018;0;0;;;0
30.04.2026;09:08:30;14;20,7;16;0;32;1018;0;0;;;0
30.04.2026;09:08:31;14;20,7;16;0;32;1018;0;0;;;0
30.04.2026;09:08:32;14;20,7;16;0;32;1018;0;0;;;0
30.04.2026;09:08:33;14;20,7;16;0;32;1018;0;0;;;0
30.04.2026;09:08:34;14;20,7;16;0;32;1018;0;0;;;0
30.04.2026;09:08:35;14;20,7;16;0;32;1018;0;0;;;0
30.04.2026;09:08:36;14;20,7;16;0;32;1018;0;0;;;0
30.04.2026;09:08:37;14;20,7;16;0;32;1018;0;0;;;0
30.04.2026;09:08:38;14;20,7;16;0;32;1018;0;0;;;0
30.04.2026;09:08:40;14;20,7;16;0;32;1018;0;0;;;0
30.04.2026;09:08:41;14;20,7;16;0;32;1018;0;0;;;0
30.04.2026;09:08:42;14;20,7;16;0;32;1018;0;0;;;0
30.04.2026;09:08:43;14;20,7;16;0;32;1018;0;0;;;0
30.04.2026;09:08:44;14;20,7;16,1;0;32;1018;0;0;;;0
30.04.2026;09:08:45;14;20,7;16,1;0;32;1018;0;0;;;0
30.04.2026;09:08:46;14;20,7;16,1;0;32;1018;0;0;;;0
30.04.2026;09:08:47;14;20,7;16,1;0;32;1018;0;0;;;0
30.04.2026;09:08:48;14,1;20,7;16,1;0;32;1018;0;0;;;0
30.04.2026;09:08:50;14,1;20,6;16,1;0;32;1018;0;0;;;0
30.04.2026;09:08:51;14,1;20,6;16,1;0;32;1018;0;0;;;0
30.04.2026;09:08:52;14,1;20,6;16,1;0;32;1018;0;0;;;0
30.04.2026;09:08:53;14,1;20,6;16,1;0;32;1018;0;0;;;0
30.04.2026;09:08:54;14,1;20,6;16,1;0;32;1018;0;0;;;0
30.04.2026;09:08:55;14,1;20,6;16,2;0;32;1018;0;0;;;0
30.04.2026;09:08:56;14,1;20,6;16,2;0;32;1018;0;0;;;0
30.04.2026;09:08:57;14,1;20,6;16,2;0;32;1018;0;0;;;0
30.04.2026;09:08:58;14,1;20,6;16,2;0;32;1018;0;0;;;0
30.04.2026;09:08:59;14,1;20,6;16,2;0;32;1018;0;0;;;0
30.04.2026;09:09:01;14,1;20,6;16,2;0;32;1018;0;0;;;0
30.04.2026;09:09:02;14,1;20,6;16,2;0;32;1018;0;0;;;0
30.04.2026;09:09:03;14,1;20,6;16,2;0;32;1018;0;0;;;0
30.04.2026;09:09:04;14,1;20,6;16,2;0;32;1018;0;0;;;0
30.04.2026;09:09:05;14,1;20,6;16,2;0;32;1018;0;0;;;0
30.04.2026;09:09:06;14,1;20,6;16,2;0;32;1018;0;0;;;0
30.04.2026;09:09:07;14,1;20,6;16,2;0;32;1018;0;0;;;0
30.04.2026;09:09:08;14,1;20,6;16,2;0;32;1018;0;0;;;0
30.04.2026;09:09:09;14,1;20,6;16,3;0;32;1018;0;0;;;0
30.04.2026;09:09:10;14,1;20,6;16,3;0;32;1018;0;0;;;0
30.04.2026;09:09:11;14,1;20,6;16,3;-1;31;1018;0;0;;;0
30.04.2026;09:09:13;14,1;20,6;16,3;0;32;1018;0;0;;;0
30.04.2026;09:09:14;14,1;20,6;16,3;0;32;1018;0;0;;;0
30.04.2026;09:09:15;14,1;20,6;16,3;0;32;1018;0;0;;;0
30.04.2026;09:09:16;14,1;20,6;16,3;0;32;1018;0;0;;;0
30.04.2026;09:09:17;14,1;20,6;16,3;0;32;1018;0;0;;;0
30.04.2026;09:09:18;14,1;20,6;16,3;0;32;1018;0;0;;;0
30.04.2026;09:09:19;14,1;20,6;16,3;0;32;1018;0;0;;;0
30.04.2026;09:09:20;14,1;20,6;16,3;0;32;1018;0;0;;;0
30.04.2026;09:09:21;14,1;20,6;16,3;0;32;1018;0;0;;;0
30.04.2026;09:09:23;14,1;20,6;16,3;0;32;1018;0;0;;;0
30.04.2026;09:09:24;14,1;20,6;16,4;0;32;1018;0;0;;;0
30.04.2026;09:09:25;14,1;20,6;16,4;0;32;1018;0;0;;;0
30.04.2026;09:09:26;14,1;20,6;16,4;0;32;1018;0;0;;;0
30.04.2026;09:09:27;14,1;20,6;16,4;0;32;1018;0;0;;;0
30.04.2026;09:09:28;14,1;20,6;16,4;0;32;1018;0;0;;;0
30.04.2026;09:09:30;14,1;20,6;16,4;-1;31;1018;0;0;;;0
30.04.2026;09:09:31;14,1;20,6;16,4;0;32;1018;0;0;;;0
30.04.2026;09:09:32;14,1;20,6;16,4;-1;31;1018;0;0;;;0
30.04.2026;09:09:33;14,1;20,6;16,4;0;32;1018;0;0;;;0
30.04.2026;09:09:34;14,2;20,6;16,4;0;32;1018;0;0;;;0
30.04.2026;09:09:35;14,2;20,6;16,4;-1;31;1018;0;0;;;0
30.04.2026;09:09:36;14,2;20,6;16,4;-1;31;1018;0;0;;;0
30.04.2026;09:09:37;14,2;20,6;16,4;-1;31;1018;0;0;;;0
30.04.2026;09:09:38;14,2;20,6;16,4;-1;31;1018;0;0;;;0
30.04.2026;09:09:39;14,2;20,6;16,4;-1;31;1018;0;0;;;0
30.04.2026;09:09:40;14,2;20,6;16,4;-1;31;1018;0;0;;;0
30.04.2026;09:09:41;14,2;20,6;16,5;-1;31;1018;0;0;;;0
30.04.2026;09:09:42;14,2;20,6;16,5;-1;31;1018;0;0;;;0
30.04.2026;09:09:43;14,2;20,6;16,5;-1;31;1018;0;0;;;0
30.04.2026;09:09:44;14,2;20,6;16,5;-1;31;1018;0;0;;;0
30.04.2026;09:09:45;14,2;20,6;16,5;-1;31;1018;0;0;;;0
30.04.2026;09:09:47;14,2;20,6;16,5;-1;31;1018;0;0;;;0
30.04.2026;09:09:48;14,2;20,6;16,5;-1;31;1018;0;0;;;0
30.04.2026;09:09:49;14,2;20,6;16,5;-1;31;1018;0;0;;;0
30.04.2026;09:09:50;14,2;20,6;16,5;-1;31;1018;0;0;;;0
30.04.2026;09:09:51;14,2;20,6;16,5;-1;31;1018;0;0;;;0
30.04.2026;09:09:52;14,2;20,6;16,5;-1;31;1018;0;0;;;0
30.04.2026;09:09:53;14,2;20,6;16,5;-1;31;1018;0;0;;;0
30.04.2026;09:09:54;14,2;20,6;16,5;-1;31;1018;0;0;;;0
30.04.2026;09:09:55;14,2;20,6;16,5;-1;31;1018;0;0;;;0
30.04.2026;09:09:56;14,2;20,6;16,6;-1;31;1018;0;0;;;0
30.04.2026;09:09:57;14,2;20,6;16,6;-1;31;1018;0;0;;;0
30.04.2026;09:09:58;14,2;20,6;16,6;-1;31;1018;0;0;;;0
30.04.2026;09:09:59;14,2;20,6;16,6;-1;31;1018;0;0;;;0
30.04.2026;09:10:00;14,2;20,6;16,6;-1;31;1018;0;0;;;0
30.04.2026;09:10:01;14,2;20,6;16,6;-1;31;1018;0;0;;;0
30.04.2026;09:10:02;14,2;20,6;16,6;-1;31;1018;0;0;;;0
30.04.2026;09:10:03;14,2;20,6;16,6;-1;31;1018;0;0;;;0
30.04.2026;09:10:05;14,2;20,6;16,6;-1;31;1018;0;0;;;0
30.04.2026;09:10:06;14,2;20,6;16,6;-1;31;1018;0;0;;;0
30.04.2026;09:10:07;14,2;20,6;16,6;-1;31;1018;0;0;;;0
30.04.2026;09:10:08;14,2;20,6;16,6;-1;31;1018;0;0;;;0
30.04.2026;09:10:09;14,2;20,6;16,6;-1;31;1018;0;0;;;0
30.04.2026;09:10:10;14,2;20,6;16,6;-1;31;1018;0;0;;;0
30.04.2026;09:10:11;14,2;20,6;16,6;-1;31;1018;0;0;;;0
30.04.2026;09:10:12;14,2;20,6;16,6;-1;31;1018;0;0;;;0
30.04.2026;09:10:13;14,2;20,6;16,7;-1;31;1018;0;0;;;0
30.04.2026;09:10:15;14,2;20,5;16,7;-1;31;1018;0;0;;;0
30.04.2026;09:10:16;14,2;20,5;16,7;-1;31;1018;0;0;;;0
30.04.2026;09:10:17;14,2;20,5;16,7;-1;31;1018;0;0;;;0
30.04.2026;09:10:18;14,2;20,5;16,7;-1;31;1018;0;0;;;0
30.04.2026;09:10:19;14,2;20,5;16,7;-1;31;1018;0;0;;;0
30.04.2026;09:10:20;14,3;20,5;16,7;-1;31;1018;0;0;;;0
30.04.2026;09:10:21;14,3;20,5;16,7;-1;31;1018;0;0;;;0
30.04.2026;09:10:22;14,3;20,5;16,7;-1;31;1018;0;0;;;0
30.04.2026;09:10:23;14,3;20,5;16,7;-1;31;1018;0;0;;;0
30.04.2026;09:10:25;14,3;20,5;16,7;-1;31;1018;0;0;;;0
30.04.2026;09:10:26;14,3;20,5;16,7;-1;31;1018;0;0;;;0
30.04.2026;09:10:27;14,3;20,5;16,7;-1;31;1018;0;0;;;0
30.04.2026;09:10:28;14,3;20,5;16,7;-1;31;1018;0;0;;;0
30.04.2026;09:10:29;14,3;20,5;16,7;-1;31;1018;0;0;;;0
30.04.2026;09:10:30;14,3;20,5;16,7;-1;31;1018;0;0;;;0
30.04.2026;09:10:31;14,3;20,5;16,7;-1;31;1018;0;0;;;0
30.04.2026;09:10:32;14,3;20,5;16,8;-1;31;1018;0;0;;;0
30.04.2026;09:10:33;14,3;20,5;16,8;-1;31;1018;0;0;;;0
30.04.2026;09:10:34;14,3;20,5;16,8;-1;31;1018;0;0;;;0
30.04.2026;09:10:35;14,3;20,5;16,8;-1;31;1018;0;0;;;0
30.04.2026;09:10:37;14,3;20,5;16,8;-1;31;1018;0;0;;;0
30.04.2026;09:10:38;14,3;20,5;16,8;-1;31;1018;0;0;;;0
30.04.2026;09:10:39;14,3;20,5;16,8;-1;31;1018;0;0;;;0
30.04.2026;09:10:40;14,3;20,5;16,8;-1;31;1018;0;0;;;0
30.04.2026;09:10:41;14,3;20,5;16,8;-1;31;1018;0;0;;;0
30.04.2026;09:10:42;14,3;20,5;16,8;-1;31;1018;0;0;;;0
30.04.2026;09:10:43;14,3;20,5;16,8;-1;31;1018;0;0;;;0
30.04.2026;09:10:44;14,3;20,5;16,8;-1;31;1018;0;0;;;0
30.04.2026;09:10:45;14,3;20,5;16,8;-1;31;1018;0;0;;;0
30.04.2026;09:10:46;14,3;20,5;16,8;-1;31;1018;0;0;;;0
30.04.2026;09:10:47;14,3;20,5;16,8;-1;31;1018;0;0;;;0
30.04.2026;09:10:48;14,3;20,5;16,8;-1;31;1018;0;0;;;0
30.04.2026;09:10:49;14,3;20,5;16,8;-1;31;1018;0;0;;;0
30.04.2026;09:10:50;14,3;20,5;16,8;-1;31;1018;0;0;;;0
30.04.2026;09:10:52;14,3;20,5;16,8;-1;31;1018;0;0;;;0
30.04.2026;09:10:53;14,3;20,5;16,9;-1;31;1018;0;0;;;0
30.04.2026;09:10:54;14,3;20,5;16,9;-1;31;1018;0;0;;;0
30.04.2026;09:10:55;14,3;20,5;16,9;-1;31;1018;0;0;;;0
30.04.2026;09:10:56;14,3;20,5;16,9;-1;31;1018;0;0;;;0
30.04.2026;09:10:57;14,3;20,5;16,9;-1;31;1018;0;0;;;0
30.04.2026;09:10:58;14,3;20,5;16,9;-1;31;1018;0;0;;;0
30.04.2026;09:10:59;14,3;20,5;16,9;-1;31;1018;0;0;;;0
30.04.2026;09:11:00;14,3;20,5;16,9;-1;31;1018;0;0;;;0
30.04.2026;09:11:01;14,3;20,5;16,9;-1;31;1018;0;0;;;0
30.04.2026;09:11:03;14,3;20,5;16,9;-1;31;1018;0;0;;;0
30.04.2026;09:11:04;14,3;20,5;16,9;-1;31;1018;0;0;;;0
30.04.2026;09:11:05;14,3;20,5;16,9;-1;31;1018;0;0;;;0
30.04.2026;09:11:06;14,3;20,5;16,9;-1;31;1018;0;0;;;0
30.04.2026;09:11:07;14,4;20,5;16,9;-1;31;1018;0;0;;;0
30.04.2026;09:11:08;14,4;20,5;16,9;-1;31;1018;0;0;;;0
30.04.2026;09:11:09;14,4;20,5;16,9;-1;31;1018;0;0;;;0
30.04.2026;09:11:10;14,4;20,5;16,9;-1;31;1018;0;0;;;0
30.04.2026;09:11:11;14,4;20,5;17;0;31;1018;0;0;;;0
30.04.2026;09:11:12;14,4;20,5;17;0;31;1018;0;0;;;0
30.04.2026;09:11:14;14,4;20,5;17;0;31;1018;0;0;;;0
30.04.2026;09:11:15;14,4;20,5;17;0;31;1018;0;0;;;0
30.04.2026;09:11:16;14,4;20,5;17;0;31;1018;0;0;;;0
30.04.2026;09:11:17;14,4;20,5;17;0;31;1018;0;0;;;0
30.04.2026;09:11:18;14,4;20,5;17;0;31;1018;0;0;;;0
30.04.2026;09:11:19;14,4;20,5;17;0;31;1018;0;0;;;0
30.04.2026;09:11:20;14,4;20,5;17;0;31;1018;0;0;;;0
30.04.2026;09:11:21;14,4;20,5;17;0;31;1018;0;0;;;0
30.04.2026;09:11:22;14,4;20,5;17;0;31;1018;0;0;;;0
30.04.2026;09:11:23;14,4;20,5;17;0;31;1018;0;0;;;0
30.04.2026;09:11:24;14,4;20,5;17;0;31;1018;0;0;;;0
30.04.2026;09:11:25;14,4;20,5;17;0;31;1018;0;0;;;0
30.04.2026;09:11:26;14,4;20,5;17;0;31;1018;0;0;;;0
30.04.2026;09:11:27;14,4;20,5;17;0;31;1018;0;0;;;0
30.04.2026;09:11:28;14,4;20,5;17;0;31;1018;0;0;;;0
30.04.2026;09:11:30;14,4;20,5;17;0;31;1018;0;0;;;0
30.04.2026;09:11:31;14,4;20,5;17;0;31;1018;0;0;;;0
30.04.2026;09:11:32;14,4;20,5;17;0;31;1018;0;0;;;0
30.04.2026;09:11:33;14,4;20,5;17,1;0;31;1018;0;0;;;0
30.04.2026;09:11:34;14,4;20,5;17,1;0;31;1018;0;0;;;0
30.04.2026;09:11:35;14,4;20,5;17,1;0;31;1018;0;0;;;0
30.04.2026;09:11:36;14,4;20,5;17,1;0;31;1018;0;0;;;0
30.04.2026;09:11:37;14,4;20,5;17,1;0;31;1018;0;0;;;0
30.04.2026;09:11:38;14,4;20,5;17,1;0;31;1018;0;0;;;0
30.04.2026;09:11:40;14,4;20,5;17,1;0;31;1018;0;0;;;0
30.04.2026;09:11:41;14,4;20,5;17,1;0;31;1018;0;0;;;0
30.04.2026;09:11:42;14,4;20,5;17,1;0;31;1018;0;0;;;0
30.04.2026;09:11:43;14,4;20,5;17,1;0;31;1018;0;0;;;0
30.04.2026;09:11:44;14,4;20,5;17,1;0;31;1018;0;0;;;0
30.04.2026;09:11:45;14,4;20,5;17,1;0;31;1018;0;0;;;0
30.04.2026;09:11:46;14,4;20,5;17,1;0;31;1018;0;0;;;0
30.04.2026;09:11:47;14,4;20,5;17,1;0;31;1018;0;0;;;0
30.04.2026;09:11:48;14,4;20,5;17,1;0;31;1018;0;0;;;0
30.04.2026;09:11:49;14,4;20,5;17,1;0;31;1018;0;0;;;0
30.04.2026;09:11:50;14,4;20,5;17,1;0;31;1018;0;0;;;0
30.04.2026;09:11:52;14,4;20,5;17,1;0;31;1018;0;0;;;0
30.04.2026;09:11:53;14,4;20,5;17,1;0;31;1018;0;0;;;0
30.04.2026;09:11:54;14,4;20,4;17,1;0;31;1018;0;0;;;0
30.04.2026;09:11:55;14,4;20,4;17,2;0;31;1018;0;0;;;0
30.04.2026;09:11:56;14,4;20,4;17,2;0;31;1018;0;0;;;0
30.04.2026;09:11:57;14,4;20,4;17,2;0;31;1018;0;0;;;0
30.04.2026;09:11:58;14,4;20,4;17,2;0;31;1018;0;0;;;0
30.04.2026;09:12:00;14,4;20,4;17,2;0;31;1018;0;0;;;0
30.04.2026;09:12:01;14,4;20,4;17,2;0;31;1018;0;0;;;0
30.04.2026;09:12:02;14,4;20,4;17,2;0;31;1018;0;0;;;0
30.04.2026;09:12:03;14,4;20,4;17,2;0;31;1018;0;0;;;0
30.04.2026;09:12:04;14,4;20,4;17,2;0;31;1018;0;0;;;0
30.04.2026;09:12:05;14,5;20,4;17,2;0;31;1018;0;0;;;0
30.04.2026;09:12:06;14,5;20,4;17,2;0;31;1018;0;0;;;0
30.04.2026;09:12:07;14,5;20,4;17,2;0;31;1018;0;0;;;0
30.04.2026;09:12:08;14,5;20,4;17,2;0;31;1018;0;0;;;0
30.04.2026;09:12:09;14,5;20,4;17,2;0;31;1018;0;0;;;0
30.04.2026;09:12:11;14,5;20,4;17,2;0;31;1018;0;0;;;0
30.04.2026;09:12:12;14,5;20,4;17,2;0;31;1018;0;0;;;0
30.04.2026;09:12:13;14,5;20,4;17,2;0;31;1018;0;0;;;0
30.04.2026;09:12:14;14,5;20,4;17,2;0;31;1018;0;0;;;0
30.04.2026;09:12:15;14,5;20,4;17,2;0;31;1018;0;0;;;0
30.04.2026;09:12:16;14,5;20,4;17,2;0;31;1018;0;0;;;0
30.04.2026;09:12:17;14,5;20,4;17,3;0;31;1018;0;0;;;0
30.04.2026;09:12:18;14,5;20,4;17,3;0;31;1018;0;0;;;0
30.04.2026;09:12:19;14,5;20,4;17,3;0;31;1018;0;0;;;0
30.04.2026;09:12:20;14,5;20,4;17,3;0;31;1018;0;0;;;0
30.04.2026;09:12:21;14,5;20,4;17,3;0;31;1018;0;0;;;0
30.04.2026;09:12:22;14,5;20,4;17,3;0;31;1018;0;0;;;0
30.04.2026;09:12:23;14,5;20,4;17,3;0;31;1018;0;0;;;0
30.04.2026;09:12:25;14,5;20,4;17,3;0;31;1018;0;0;;;0
30.04.2026;09:12:26;14,5;20,4;17,3;0;31;1018;0;0;;;0
30.04.2026;09:12:27;14,5;20,4;17,3;0;31;1018;0;0;;;0
30.04.2026;09:12:28;14,5;20,4;17,3;0;31;1018;0;0;;;0
30.04.2026;09:12:29;14,5;20,4;17,3;0;31;1018;0;0;;;0
30.04.2026;09:12:30;14,5;20,4;17,3;0;31;1018;0;0;;;0
30.04.2026;09:12:31;14,5;20,4;17,3;0;31;1018;0;0;;;0
30.04.2026;09:12:33;14,5;20,4;17,3;0;31;1018;0;0;;;0
30.04.2026;09:12:34;14,5;20,4;17,3;0;31;1018;0;0;;;0
30.04.2026;09:12:35;14,5;20,4;17,4;0;31;1018;0;0;;;0
30.04.2026;09:12:36;14,5;20,4;17,4;0;31;1018;0;0;;;0
30.04.2026;09:12:37;14,5;20,4;17,4;0;31;1018;0;0;;;0
30.04.2026;09:12:39;14,5;20,4;17,4;0;31;1018;0;0;;;0
30.04.2026;09:12:40;14,5;20,4;17,4;0;31;1018;0;0;;;0
30.04.2026;09:12:41;14,5;20,4;17,4;0;31;1018;0;0;;;0
30.04.2026;09:12:42;14,5;20,4;17,4;0;31;1018;0;0;;;0
30.04.2026;09:12:43;14,5;20,4;17,4;0;31;1018;0;0;;;0
30.04.2026;09:12:44;14,5;20,4;17,4;0;31;1018;0;0;;;0
30.04.2026;09:12:46;14,5;20,4;17,4;0;31;1018;0;0;;;0
30.04.2026;09:12:47;14,5;20,4;17,4;0;31;1018;0;0;;;0
30.04.2026;09:12:48;14,5;20,4;17,4;0;31;1018;0;0;;;0
30.04.2026;09:12:49;14,5;20,4;17,4;0;31;1018;0;0;;;0
30.04.2026;09:12:50;14,5;20,4;17,4;0;31;1018;0;0;;;0
30.04.2026;09:12:51;14,5;20,4;17,4;0;31;1018;0;0;;;0
30.04.2026;09:12:52;14,5;20,4;17,4;0;31;1018;0;0;;;0
30.04.2026;09:12:53;14,5;20,4;17,4;0;31;1018;0;0;;;0
30.04.2026;09:12:54;14,6;20,4;17,4;0;31;1018;0;0;;;0
30.04.2026;09:12:56;14,6;20,4;17,4;0;31;1018;0;0;;;0
30.04.2026;09:12:57;14,6;20,4;17,5;0;31;1018;0;0;;;0
30.04.2026;09:12:58;14,6;20,4;17,5;0;31;1018;0;0;;;0
30.04.2026;09:12:59;14,6;20,3;17,5;0;31;1018;0;0;;;0
30.04.2026;09:13:00;14,6;20,3;17,5;0;31;1018;0;0;;;0
30.04.2026;09:13:01;14,6;20,3;17,5;0;31;1018;0;0;;;0
30.04.2026;09:13:02;14,6;20,4;17,5;0;31;1018;0;0;;;0
30.04.2026;09:13:03;14,6;20,4;17,5;0;31;1018;0;0;;;0
30.04.2026;09:13:04;14,6;20,4;17,5;0;31;1018;0;0;;;0
30.04.2026;09:13:05;14,6;20,4;17,5;0;31;1018;0;0;;;0
30.04.2026;09:13:06;14,6;20,4;17,5;0;31;1018;0;0;;;0
30.04.2026;09:13:07;14,6;20,4;17,5;0;31;1018;0;0;;;0
30.04.2026;09:13:08;14,6;20,4;17,5;0;31;1018;0;0;;;0
30.04.2026;09:13:09;14,6;20,3;17,5;0;31;1018;0;0;;;0
30.04.2026;09:13:10;14,6;20,3;17,5;0;31;1018;0;0;;;0
30.04.2026;09:13:12;14,6;20,3;17,5;0;31;1018;0;0;;;0
30.04.2026;09:13:13;14,6;20,4;17,6;0;31;1018;0;0;;;0
30.04.2026;09:13:14;14,6;20,4;17,6;0;31;1018;0;0;;;0
30.04.2026;09:13:15;14,6;20,4;17,5;0;31;1018;0;0;;;0
30.04.2026;09:13:16;14,6;20,3;17,6;0;31;1018;0;0;;;0
30.04.2026;09:13:17;14,6;20,3;17,6;0;31;1018;0;0;;;0
30.04.2026;09:13:19;14,6;20,3;17,6;0;31;1018;0;0;;;0
30.04.2026;09:13:20;14,6;20,3;17,6;0;31;1018;0;0;;;0
30.04.2026;09:13:21;14,6;20,3;17,6;0;31;1018;0;0;;;0
30.04.2026;09:13:22;14,6;20,3;17,6;0;31;1018;0;0;;;0
30.04.2026;09:13:23;14,6;20,3;17,6;0;31;1018;0;0;;;0
30.04.2026;09:13:24;14,6;20,3;17,6;0;31;1018;0;0;;;0
30.04.2026;09:13:25;14,6;20,3;17,6;0;31;1018;0;0;;;0
30.04.2026;09:13:26;14,6;20,3;17,6;0;31;1018;0;0;;;0
30.04.2026;09:13:27;14,6;20,3;17,6;0;31;1018;0;0;;;0
30.04.2026;09:13:28;14,6;20,3;17,6;0;31;1018;0;0;;;0
30.04.2026;09:13:30;14,6;20,4;17,6;0;31;1018;0;0;;;0
30.04.2026;09:13:31;14,6;20,4;17,6;0;31;1018;0;0;;;0
30.04.2026;09:13:32;14,6;20,3;17,6;0;31;1018;0;0;;;0
30.04.2026;09:13:33;14,6;20,3;17,6;0;31;1018;0;0;;;0
30.04.2026;09:13:34;14,6;20,3;17,6;0;31;1018;0;0;;;0
30.04.2026;09:13:35;14,7;20,3;17,6;0;31;1018;0;0;;;0
30.04.2026;09:13:36;14,7;20,3;17,7;0;31;1018;0;0;;;0
30.04.2026;09:13:37;14,7;20,3;17,7;0;31;1018;0;0;;;0
30.04.2026;09:13:38;14,7;20,3;17,7;0;31;1018;0;0;;;0
30.04.2026;09:13:40;14,7;20,3;17,7;0;31;1018;0;0;;;0
30.04.2026;09:13:41;14,7;20,3;17,7;0;31;1018;0;0;;;0
30.04.2026;09:13:42;14,7;20,3;17,7;0;31;1018;0;0;;;0
30.04.2026;09:13:43;14,7;20,3;17,7;0;31;1018;0;0;;;0
30.04.2026;09:13:44;14,7;20,3;17,7;0;31;1018;0;0;;;0
30.04.2026;09:13:45;14,7;20,3;17,7;0;31;1018;0;0;;;0
30.04.2026;09:13:46;14,7;20,3;17,7;0;31;1018;0;0;;;0
30.04.2026;09:13:48;14,7;20,3;17,7;0;31;1018;0;0;;;0
30.04.2026;09:13:48;14,7;20,3;17,7;0;31;1018;0;0;;;0
30.04.2026;09:13:49;14,7;20,3;17,7;0;31;1018;0;0;;;0
30.04.2026;09:13:51;14,7;20,3;17,7;0;31;1018;0;0;;;0
30.04.2026;09:13:52;14,7;20,3;17,7;0;31;1018;0;0;;;0
30.04.2026;09:13:53;14,7;20,3;17,7;0;31;1018;0;0;;;0
30.04.2026;09:13:54;14,7;20,3;17,7;0;31;1018;0;0;;;0
30.04.2026;09:13:55;14,7;20,3;17,7;0;31;1018;0;0;;;0
30.04.2026;09:13:56;14,7;20,3;17,7;0;31;1018;0;0;;;0
30.04.2026;09:13:57;14,7;20,3;17,8;0;31;1018;0;0;;;0
30.04.2026;09:13:58;14,7;20,3;17,8;0;31;1018;0;0;;;0
30.04.2026;09:13:59;14,7;20,3;17,8;0;31;1018;0;0;;;0
30.04.2026;09:14:00;14,7;20,3;17,8;0;31;1018;0;0;;;0
30.04.2026;09:14:01;14,7;20,3;17,8;0;31;1018;0;0;;;0
30.04.2026;09:14:02;14,7;20,3;17,8;0;31;1018;0;0;;;0
30.04.2026;09:14:04;14,7;20,3;17,8;0;31;1018;0;0;;;0
30.04.2026;09:14:05;14,7;20,3;17,8;0;31;1018;0;0;;;0
30.04.2026;09:14:06;14,7;20,3;17,8;0;31;1018;0;0;;;0
30.04.2026;09:14:07;14,7;20,3;17,8;0;31;1018;0;0;;;0
30.04.2026;09:14:08;14,7;20,3;17,8;0;31;1018;0;0;;;0
30.04.2026;09:14:09;14,7;20,3;17,8;0;31;1018;0;0;;;0
30.04.2026;09:14:10;14,7;20,3;17,8;0;31;1018;0;0;;;0
30.04.2026;09:14:11;14,7;20,3;17,8;0;31;1018;0;0;;;0
30.04.2026;09:14:12;14,7;20,3;17,8;0;31;1018;0;0;;;0
30.04.2026;09:14:14;14,7;20,3;17,9;0;31;1018;0;0;;;0
30.04.2026;09:14:15;14,7;20,3;17,8;0;31;1018;0;0;;;0
30.04.2026;09:14:16;14,8;20,3;17,8;0;31;1018;0;0;;;0
30.04.2026;09:14:17;14,8;20,3;17,9;0;31;1018;0;0;;;0
30.04.2026;09:14:18;14,8;20,3;17,8;0;31;1018;0;0;;;0
30.04.2026;09:14:19;14,8;20,3;17,9;0;31;1018;0;0;;;0
30.04.2026;09:14:20;14,8;20,3;17,9;0;31;1018;0;0;;;0
30.04.2026;09:14:21;14,8;20,3;17,9;0;31;1018;0;0;;;0
30.04.2026;09:14:22;14,8;20,3;17,9;0;31;1018;0;0;;;0
30.04.2026;09:14:23;14,8;20,3;17,9;0;31;1018;0;0;;;0
30.04.2026;09:14:24;14,8;20,3;17,9;0;31;1018;0;0;;;0
30.04.2026;09:14:25;14,8;20,3;17,9;0;31;1018;0;0;;;0
30.04.2026;09:14:26;14,8;20,3;17,9;0;31;1018;0;0;;;0
30.04.2026;09:14:28;14,8;20,3;17,9;0;31;1018;0;0;;;0
30.04.2026;09:14:29;14,8;20,3;17,9;0;31;1018;0;0;;;0
30.04.2026;09:14:30;14,8;20,3;17,9;0;31;1018;0;0;;;0
30.04.2026;09:14:31;14,8;20,3;17,9;0;31;1018;0;0;;;0
30.04.2026;09:14:32;14,8;20,3;17,9;0;31;1018;0;0;;;0
30.04.2026;09:14:33;14,8;20,3;17,9;0;31;1018;0;0;;;0
30.04.2026;09:14:34;14,8;20,3;17,9;0;31;1018;0;0;;;0
30.04.2026;09:14:35;14,8;20,3;17,9;0;31;1018;0;0;;;0
30.04.2026;09:14:36;14,8;20,3;17,9;0;31;1018;0;0;;;0
30.04.2026;09:14:37;14,8;20,3;17,9;0;31;1018;0;0;;;0
30.04.2026;09:14:38;14,8;20,3;17,9;0;31;1018;0;0;;;0
30.04.2026;09:14:39;14,8;20,3;17,9;0;31;1018;0;0;;;0
30.04.2026;09:14:41;14,8;20,3;17,9;0;31;1018;0;0;;;0
30.04.2026;09:14:42;14,8;20,3;18;0;31;1018;0;0;;;0
30.04.2026;09:14:43;14,8;20,3;18;0;31;1018;0;0;;;0
30.04.2026;09:14:44;14,8;20,3;18;0;31;1018;0;0;;;0
30.04.2026;09:14:45;14,8;20,3;18;0;31;1018;0;0;;;0
30.04.2026;09:14:46;14,8;20,3;18;0;31;1018;0;0;;;0
30.04.2026;09:14:47;14,8;20,3;18;0;31;1018;0;0;;;0
30.04.2026;09:14:48;14,8;20,3;18;0;31;1018;0;0;;;0
30.04.2026;09:14:49;14,8;20,3;18;0;31;1018;0;0;;;0
30.04.2026;09:14:50;14,8;20,3;18;0;31;1018;0;0;;;0
30.04.2026;09:14:52;14,8;20,3;18;0;31;1018;0;0;;;0
30.04.2026;09:14:53;14,8;20,3;18;0;31;1018;0;0;;;0
30.04.2026;09:14:54;14,9;20,3;18;0;31;1018;0;0;;;0
30.04.2026;09:14:55;14,9;20,3;18;0;31;1018;0;0;;;0
30.04.2026;09:14:56;14,9;20,3;18;0;31;1018;0;0;;;0
30.04.2026;09:14:57;14,9;20,3;18;0;31;1018;0;0;;;0
30.04.2026;09:14:58;14,9;20,3;18;0;31;1018;0;0;;;0
30.04.2026;09:14:59;14,9;20,3;18;0;31;1018;0;0;;;0
30.04.2026;09:15:00;14,9;20,3;18;0;31;1018;0;0;;;0
30.04.2026;09:15:01;14,9;20,3;18;0;31;1018;0;0;;;0
30.04.2026;09:15:02;14,9;20,3;18;0;31;1018;0;0;;;0
30.04.2026;09:15:03;14,9;20,3;18;0;31;1018;0;0;;;0
30.04.2026;09:15:04;14,9;20,3;18;0;31;1018;0;0;;;0
30.04.2026;09:15:06;14,9;20,3;18;0;31;1018;0;0;;;0
30.04.2026;09:15:07;14,9;20,3;18;0;31;1018;0;0;;;0
30.04.2026;09:15:08;14,9;20,2;18,1;0;31;1018;0;0;;;0
30.04.2026;09:15:09;14,9;20,2;18;0;31;1018;0;0;;;0
30.04.2026;09:15:10;14,9;20,2;18,1;0;31;1018;0;0;;;0
30.04.2026;09:15:11;14,9;20,2;18;0;31;1018;0;0;;;0
30.04.2026;09:15:12;14,9;20,2;18,1;0;31;1018;0;0;;;0
30.04.2026;09:15:13;14,9;20,2;18,1;0;31;1018;0;0;;;0
30.04.2026;09:15:14;14,9;20,2;18,1;0;31;1018;0;0;;;0
30.04.2026;09:15:15;14,9;20,2;18,1;0;31;1018;0;0;;;0
30.04.2026;09:15:17;14,9;20,2;18,1;0;31;1018;0;0;;;0
30.04.2026;09:15:18;14,9;20,2;18,1;0;31;1018;0;0;;;0
30.04.2026;09:15:19;14,9;20,2;18,1;0;31;1018;0;0;;;0
30.04.2026;09:15:20;14,9;20,2;18,1;0;31;1018;0;0;;;0
30.04.2026;09:15:21;14,9;20,2;18,1;0;31;1018;0;0;;;0
30.04.2026;09:15:22;14,9;20,2;18,2;0;31;1018;0;0;;;0
30.04.2026;09:15:23;14,9;20,2;18,1;0;31;1018;0;0;;;0
30.04.2026;09:15:24;14,9;20,2;18,1;0;31;1018;0;0;;;0
30.04.2026;09:15:25;14,9;20,2;18,1;0;31;1018;0;0;;;0
30.04.2026;09:15:26;14,9;20,2;18,1;0;31;1018;0;0;;;0
30.04.2026;09:15:27;14,9;20,2;18,1;0;31;1018;0;0;;;0
30.04.2026;09:15:28;14,9;20,2;18,1;0;31;1018;0;0;;;0
30.04.2026;09:15:29;14,9;20,2;18,1;0;31;1018;0;0;;;0
30.04.2026;09:15:30;14,9;20,2;18,1;0;31;1018;0;0;;;0
30.04.2026;09:15:31;14,9;20,2;18,1;0;31;1018;0;0;;;0
30.04.2026;09:15:32;14,9;20,2;18,1;0;31;1018;0;0;;;0
30.04.2026;09:15:33;14,9;20,2;18,1;0;31;1018;0;0;;;0
30.04.2026;09:15:34;14,9;20,2;18,1;0;31;1018;0;0;;;0
30.04.2026;09:15:35;14,9;20,2;18,1;0;31;1018;0;0;;;0
30.04.2026;09:15:36;14,9;20,2;18,1;0;31;1018;0;0;;;0
30.04.2026;09:15:37;14,9;20,2;18,1;0;31;1018;0;0;;;0
30.04.2026;09:15:38;14,9;20,2;18,1;0;31;1018;0;0;;;0
30.04.2026;09:15:40;14,9;20,2;18,1;0;31;1018;0;0;;;0
30.04.2026;09:15:41;14,9;20,2;18,1;0;31;1018;0;0;;;0
30.04.2026;09:15:42;14,9;20,2;18,1;0;31;1018;0;0;;;0
30.04.2026;09:15:43;14,9;20,2;18,1;0;31;1018;0;0;;;0
30.04.2026;09:15:44;14,9;20,2;18,1;0;31;1018;0;0;;;0
30.04.2026;09:15:46;14,9;20,2;18,1;0;31;1018;0;0;;;0
30.04.2026;09:15:47;14,9;20,2;18,1;0;31;1018;0;0;;;0
30.04.2026;09:15:48;14,9;20,2;18,2;0;31;1018;0;0;;;0
30.04.2026;09:15:49;14,9;20,2;18,2;0;31;1018;0;0;;;0
30.04.2026;09:15:50;14,9;20,2;18,2;0;31;1018;0;0;;;0
30.04.2026;09:15:51;14,9;20,2;18,2;0;31;1018;0;0;;;0
30.04.2026;09:15:52;15;20,2;18,2;0;31;1018;0;0;;;0
30.04.2026;09:15:53;15;20,2;18,2;0;31;1018;0;0;;;0
30.04.2026;09:15:54;14,9;20,2;18,2;0;31;1018;0;0;;;0
30.04.2026;09:15:55;14,9;20,2;18,2;0;31;1018;0;0;;;0
30.04.2026;09:15:56;14,9;20,1;18,2;0;31;1018;0;0;;;0
30.04.2026;09:15:57;14,9;20,1;18,2;0;31;1018;0;0;;;0
30.04.2026;09:15:58;14,9;20,1;18,2;0;31;1018;0;0;;;0
30.04.2026;09:15:59;14,9;20,1;18,2;0;31;1018;0;0;;;0
30.04.2026;09:16:00;14,9;20,1;18,2;0;31;1018;0;0;;;0
30.04.2026;09:16:01;14,9;20,1;18,2;0;31;1018;0;0;;;0
30.04.2026;09:16:02;14,9;20,1;18,2;0;31;1018;0;0;;;0
30.04.2026;09:16:03;14,9;20,1;18,2;0;31;1018;0;0;;;0
30.04.2026;09:16:04;14,9;20,1;18,2;0;31;1018;0;0;;;0
30.04.2026;09:16:05;15;20,1;18,2;0;31;1018;0;0;;;0
30.04.2026;09:16:06;15;20,1;18,2;0;31;1018;0;0;;;0
30.04.2026;09:16:07;15;20,1;18,2;0;31;1018;0;0;;;0
30.04.2026;09:16:09;14,9;20,1;18,2;0;31;1018;0;0;;;0
30.04.2026;09:16:10;14,9;20,1;18,2;0;31;1018;0;0;;;0
30.04.2026;09:16:11;14,9;20,1;18,2;0;31;1018;0;0;;;0
30.04.2026;09:16:12;14,9;20,1;18,2;0;31;1018;0;0;;;0
30.04.2026;09:16:13;14,9;20,1;18,2;0;31;1018;0;0;;;0
30.04.2026;09:16:14;15;20,1;18,2;0;31;1018;0;0;;;0
30.04.2026;09:16:15;15;20,1;18,2;0;31;1018;0;0;;;0
30.04.2026;09:16:16;15;20,1;18,2;0;31;1018;0;0;;;0
30.04.2026;09:16:17;15;20,1;18,2;0;31;1018;0;0;;;0
30.04.2026;09:16:18;15;20,1;18,2;0;31;1018;0;0;;;0
30.04.2026;09:16:19;15;20,1;18,2;0;31;1018;0;0;;;0
30.04.2026;09:16:20;15;20,1;18,2;0;31;1018;0;0;;;0
30.04.2026;09:16:21;15;20,1;18,2;0;31;1018;0;0;;;0
30.04.2026;09:16:23;15;20,1;18,3;0;31;1018;0;0;;;0
30.04.2026;09:16:24;15;20,1;18,2;0;31;1018;0;0;;;0
30.04.2026;09:16:25;15;20,1;18,2;0;31;1018;0;0;;;0
30.04.2026;09:16:26;15;20,1;18,3;0;31;1018;0;0;;;0
30.04.2026;09:16:27;15;20,1;18,3;0;31;1018;0;0;;;0
30.04.2026;09:16:28;15;20,1;18,3;0;31;1018;0;0;;;0
30.04.2026;09:16:29;15;20,1;18,3;0;31;1018;0;0;;;0
30.04.2026;09:16:30;15;20,1;18,3;0;31;1018;0;0;;;0
30.04.2026;09:16:31;15;20,1;18,3;0;31;1018;0;0;;;0
30.04.2026;09:16:32;15;20,1;18,3;0;31;1018;0;0;;;0
30.04.2026;09:16:33;15;20,1;18,3;0;31;1018;0;0;;;0
30.04.2026;09:16:34;15;20,1;18,3;0;31;1018;0;0;;;0
30.04.2026;09:16:35;15;20,1;18,3;0;31;1018;0;0;;;0
30.04.2026;09:16:36;15;20,1;18,3;0;31;1018;0;0;;;0
30.04.2026;09:16:37;15;20,1;18,3;0;31;1018;0;0;;;0
30.04.2026;09:16:39;15;20,1;18,3;0;31;1018;0;0;;;0
30.04.2026;09:16:39;15;20,1;18,3;0;31;1018;0;0;;;0
30.04.2026;09:16:40;15;20,1;18,3;0;31;1018;0;0;;;0
30.04.2026;09:16:42;15;20,1;18,3;0;31;1018;0;0;;;0
30.04.2026;09:16:43;15;20,1;18,3;0;31;1018;0;0;;;0
30.04.2026;09:16:44;15;20,1;18,3;0;31;1018;0;0;;;0
30.04.2026;09:16:45;15;20,1;18,3;0;31;1018;0;0;;;0
30.04.2026;09:16:46;15;20,1;18,3;0;31;1018;0;0;;;0
30.04.2026;09:16:48;15;20,1;18,3;0;31;1018;0;0;;;0
30.04.2026;09:16:49;15;20,1;18,3;0;31;1018;0;0;;;0
30.04.2026;09:16:50;15;20,1;18,3;0;31;1018;0;0;;;0
30.04.2026;09:16:51;15;20,1;18,3;0;31;1018;0;0;;;0
30.04.2026;09:16:52;15;20,1;18,3;0;31;1018;0;0;;;0
30.04.2026;09:16:53;15;20,1;18,3;0;31;1018;0;0;;;0
30.04.2026;09:16:54;15;20,1;18,3;0;31;1018;0;0;;;0
30.04.2026;09:16:55;15;20,1;18,3;0;31;1018;0;0;;;0
30.04.2026;09:16:56;15;20,1;18,3;0;31;1018;0;0;;;0
30.04.2026;09:16:58;15;20,1;18,4;0;31;1018;0;0;;;0
30.04.2026;09:16:59;15;20,1;18,3;0;31;1018;0;0;;;0
30.04.2026;09:17:00;15;20,1;18,3;0;31;1018;0;0;;;0
30.04.2026;09:17:01;15;20,1;18,4;0;31;1018;0;0;;;0
30.04.2026;09:17:02;15;20,1;18,4;0;31;1018;0;0;;;0
30.04.2026;09:17:03;15;20,1;18,4;0;31;1018;0;0;;;0
30.04.2026;09:17:04;15;20,1;18,4;0;31;1018;0;0;;;0
30.04.2026;09:17:06;15,1;20,1;18,4;0;31;1018;0;0;;;0
30.04.2026;09:17:07;15,1;20,1;18,4;0;31;1018;0;0;;;0
30.04.2026;09:17:08;15,1;20,1;18,4;0;31;1018;0;0;;;0
30.04.2026;09:17:09;15,1;20,1;18,4;0;31;1018;0;0;;;0
30.04.2026;09:17:10;15,1;20,1;18,4;0;31;1018;0;0;;;0
30.04.2026;09:17:11;15,1;20,1;18,4;0;31;1018;0;0;;;0
30.04.2026;09:17:12;15,1;20,1;18,4;0;31;1018;0;0;;;0
30.04.2026;09:17:14;15,1;20,1;18,4;0;31;1018;0;0;;;0
30.04.2026;09:17:15;15,1;20,1;18,4;0;31;1018;0;0;;;0
30.04.2026;09:17:16;15,1;20,1;18,4;0;31;1018;0;0;;;0
30.04.2026;09:17:17;15,1;20,1;18,4;0;31;1018;0;0;;;0
30.04.2026;09:17:18;15,1;20,1;18,4;0;31;1018;0;0;;;0
30.04.2026;09:17:19;15,1;20,1;18,4;0;30;1018;0;0;;;0
30.04.2026;09:17:20;15,1;20,1;18,4;0;30;1018;0;0;;;0
30.04.2026;09:17:21;15,1;20,1;18,4;0;30;1018;0;0;;;0
30.04.2026;09:17:22;15,1;20,1;18,4;0;30;1018;0;0;;;0
30.04.2026;09:17:23;15,1;20,1;18,4;0;30;1018;0;0;;;0
30.04.2026;09:17:24;15,1;20,1;18,4;0;30;1018;0;0;;;0
30.04.2026;09:17:26;15,1;20,1;18,4;0;30;1018;0;0;;;0
30.04.2026;09:17:27;15,1;20,1;18,4;0;30;1018;0;0;;;0
30.04.2026;09:17:28;15,1;20,1;18,4;0;30;1018;0;0;;;0
30.04.2026;09:17:29;15,1;20,1;18,4;0;30;1018;0;0;;;0
30.04.2026;09:17:30;15,1;20,1;18,4;0;30;1018;0;0;;;0
30.04.2026;09:17:31;15,1;20,1;18,4;0;30;1018;0;0;;;0
30.04.2026;09:17:32;15,1;20,1;18,4;0;30;1018;0;0;;;0
30.04.2026;09:17:33;15,1;20,1;18,4;0;30;1018;0;0;;;0
30.04.2026;09:17:34;15,1;20,1;18,4;0;30;1018;0;0;;;0
30.04.2026;09:17:36;15,1;20,1;18,4;0;30;1018;0;0;;;0
30.04.2026;09:17:37;15,1;20,1;18,4;0;30;1018;0;0;;;0
30.04.2026;09:17:38;15,1;20,1;18,4;0;30;1018;0;0;;;0
30.04.2026;09:17:39;15,1;20,1;18,4;0;30;1018;0;0;;;0
30.04.2026;09:17:40;15,1;20,1;18,4;0;30;1018;0;0;;;0
30.04.2026;09:17:41;15,1;20,1;18,5;0;30;1018;0;0;;;0
30.04.2026;09:17:42;15,1;20,1;18,4;0;30;1018;0;0;;;0
30.04.2026;09:17:43;15,1;20,1;18,4;0;30;1018;0;0;;;0
30.04.2026;09:17:44;15,1;20,1;18,4;0;30;1018;0;0;;;0
30.04.2026;09:17:45;15,1;20,1;18,5;0;30;1018;0;0;;;0
30.04.2026;09:17:46;15,2;20,1;18,4;0;30;1018;0;0;;;0
30.04.2026;09:17:47;15,2;20,1;18,4;0;30;1018;0;0;;;0
30.04.2026;09:17:49;15,2;20,1;18,5;0;30;1018;0;0;;;0
30.04.2026;09:17:50;15,2;20,1;18,5;0;30;1018;0;0;;;0
30.04.2026;09:17:51;15,2;20,1;18,4;0;30;1018;0;0;;;0
30.04.2026;09:17:52;15,2;20,1;18,5;0;30;1018;0;0;;;0
30.04.2026;09:17:53;15,2;20,1;18,5;0;30;1018;0;0;;;0
30.04.2026;09:17:54;15,2;20,1;18,5;0;30;1018;0;0;;;0
30.04.2026;09:17:55;15,2;20,1;18,5;0;30;1018;0;0;;;0
30.04.2026;09:17:56;15,2;20,1;18,5;0;30;1018;0;0;;;0
30.04.2026;09:17:57;15,2;20,1;18,5;0;30;1018;0;0;;;0
30.04.2026;09:17:58;15,2;20,1;18,5;0;30;1018;0;0;;;0
30.04.2026;09:17:59;15,2;20,1;18,5;0;30;1018;0;0;;;0
30.04.2026;09:18:00;15,2;20,1;18,5;0;30;1018;0;0;;;0
30.04.2026;09:18:01;15,2;20,1;18,5;0;30;1018;0;0;;;0
30.04.2026;09:18:02;15,2;20,1;18,5;0;30;1018;0;0;;;0
30.04.2026;09:18:03;15,2;20,1;18,5;0;30;1018;0;0;;;0
30.04.2026;09:18:04;15,2;20,1;18,5;0;30;1018;0;0;;;0
30.04.2026;09:18:06;15,2;20,1;18,5;0;30;1018;0;0;;;0
30.04.2026;09:18:07;15,2;20,1;18,5;0;30;1018;0;0;;;0
30.04.2026;09:18:08;15,2;20,1;18,5;0;30;1018;0;0;;;0
30.04.2026;09:18:09;15,2;20,1;18,5;0;30;1018;0;0;;;0
30.04.2026;09:18:10;15,2;20,1;18,5;0;30;1018;0;0;;;0
30.04.2026;09:18:11;15,2;20;18,5;0;30;1018;0;0;;;0
30.04.2026;09:18:12;15,2;20;18,5;0;30;1018;0;0;;;0
30.04.2026;09:18:13;15,2;20;18,5;0;30;1018;0;0;;;0
30.04.2026;09:18:14;15,2;20;18,5;0;30;1018;0;0;;;0
30.04.2026;09:18:15;15,2;20;18,5;0;30;1018;0;0;;;0
30.04.2026;09:18:16;15,2;20;18,5;0;30;1018;0;0;;;0
30.04.2026;09:18:17;15,2;20;18,5;0;30;1018;0;0;;;0
30.04.2026;09:18:18;15,2;20;18,5;0;30;1018;0;0;;;0
30.04.2026;09:18:19;15,2;20;18,5;0;30;1018;0;0;;;0
30.04.2026;09:18:20;15,2;20;18,5;0;30;1018;0;0;;;0
30.04.2026;09:18:21;15,2;20;18,5;0;30;1018;0;0;;;0
30.04.2026;09:18:22;15,2;20;18,5;0;30;1018;0;0;;;0
30.04.2026;09:18:24;15,2;20;18,5;0;30;1018;0;0;;;0
30.04.2026;09:18:25;15,2;20;18,5;0;30;1018;0;0;;;0
30.04.2026;09:18:26;15,2;20;18,5;0;30;1018;0;0;;;0
30.04.2026;09:18:27;15,2;20;18,5;0;30;1018;0;0;;;0
30.04.2026;09:18:28;15,2;20;18,5;0;30;1018;0;0;;;0
30.04.2026;09:18:29;15,2;20;18,5;0;30;1018;0;0;;;0
30.04.2026;09:18:30;15,2;20;18,5;0;30;1018;0;0;;;0
30.04.2026;09:18:31;15,2;20;18,5;0;30;1018;0;0;;;0
30.04.2026;09:18:32;15,2;20;18,5;0;30;1018;0;0;;;0
30.04.2026;09:18:33;15,2;20;18,5;0;30;1018;0;0;;;0
30.04.2026;09:18:34;15,2;20;18,5;0;30;1018;0;0;;;0
30.04.2026;09:18:35;15,2;20;18,5;0;30;1018;0;0;;;0
30.04.2026;09:18:36;15,2;20;18,5;0;30;1018;0;0;;;0
30.04.2026;09:18:38;15,2;20;18,5;0;30;1018;0;0;;;0
30.04.2026;09:18:39;15,2;20;18,5;0;30;1018;0;0;;;0
30.04.2026;09:18:40;15,2;20;18,5;0;30;1018;0;0;;;0
30.04.2026;09:18:41;15,2;20;18,5;0;30;1018;0;0;;;0
30.04.2026;09:18:42;15,2;20;18,5;0;30;1018;0;0;;;0
30.04.2026;09:18:43;15,2;20;18,5;0;30;1018;0;0;;;0
30.04.2026;09:18:44;15,2;20;18,5;0;30;1018;0;0;;;0
30.04.2026;09:18:45;15,2;20;18,5;0;30;1018;0;0;;;0
30.04.2026;09:18:46;15,2;20;18,5;0;30;1018;0;0;;;0
30.04.2026;09:18:47;15,2;20;18,5;0;30;1018;0;0;;;0
30.04.2026;09:18:48;15,2;20;18,5;0;30;1018;0;0;;;0
30.04.2026;09:18:49;15,2;20;18,5;0;30;1018;0;0;;;0
30.04.2026;09:18:50;15,2;20;18,5;0;30;1018;0;0;;;0
30.04.2026;09:18:51;15,2;20;18,5;0;30;1018;0;0;;;0
30.04.2026;09:18:52;15,2;20;18,5;0;30;1018;0;0;;;0
30.04.2026;09:18:53;15,2;20;18,5;0;30;1018;0;0;;;0
30.04.2026;09:18:54;15,2;20;18,5;0;30;1018;0;0;;;0
30.04.2026;09:18:56;15,2;20;18,5;0;30;1018;0;0;;;0
30.04.2026;09:18:57;15,2;20;18,6;0;30;1018;0;0;;;0
30.04.2026;09:18:58;15,2;20;18,6;0;30;1018;0;0;;;0
30.04.2026;09:18:59;15,2;20;18,6;0;30;1018;0;0;;;0
30.04.2026;09:19:00;15,2;20;18,6;0;30;1018;0;0;;;0
30.04.2026;09:19:01;15,3;20;18,6;0;30;1018;0;0;;;0
30.04.2026;09:19:02;15,3;20;18,6;0;30;1018;0;0;;;0
30.04.2026;09:19:03;15,3;20;18,6;0;30;1018;0;0;;;0
30.04.2026;09:19:04;15,3;20;18,6;0;30;1018;0;0;;;0
30.04.2026;09:19:05;15,3;20;18,6;0;30;1018;0;0;;;0
30.04.2026;09:19:06;15,3;20;18,6;0;30;1018;0;0;;;0
30.04.2026;09:19:07;15,3;20;18,6;0;30;1018;0;0;;;0
30.04.2026;09:19:08;15,3;20;18,6;0;30;1018;0;0;;;0
30.04.2026;09:19:09;15,3;20;18,6;0;30;1018;0;0;;;0
30.04.2026;09:19:10;15,3;20;18,6;0;30;1018;0;0;;;0
30.04.2026;09:19:11;15,3;20;18,6;0;30;1018;0;0;;;0
30.04.2026;09:19:12;15,3;20;18,6;0;30;1018;0;0;;;0
30.04.2026;09:19:13;15,3;20;18,6;0;30;1018;0;0;;;0
30.04.2026;09:19:14;15,3;20;18,6;0;30;1018;0;0;;;0
30.04.2026;09:19:15;15,3;20;18,6;0;30;1018;0;0;;;0
30.04.2026;09:19:16;15,3;20;18,6;0;30;1018;0;0;;;0
30.04.2026;09:19:17;15,3;20;18,6;0;30;1018;0;0;;;0
30.04.2026;09:19:19;15,3;20;18,6;0;30;1018;0;0;;;0
30.04.2026;09:19:20;15,3;20;18,6;0;30;1018;0;0;;;0
30.04.2026;09:19:21;15,3;20;18,6;0;30;1018;0;0;;;0
30.04.2026;09:19:22;15,3;20;18,6;0;30;1018;0;0;;;0
30.04.2026;09:19:23;15,3;20;18,6;0;30;1018;0;0;;;0
30.04.2026;09:19:24;15,3;20;18,6;0;30;1018;0;0;;;0
30.04.2026;09:19:25;15,3;20;18,6;0;30;1018;0;0;;;0
30.04.2026;09:19:26;15,3;20;18,6;0;30;1018;0;0;;;0
30.04.2026;09:19:27;15,3;20;18,6;0;30;1018;0;0;;;0
30.04.2026;09:19:28;15,3;20;18,6;0;30;1018;0;0;;;0
30.04.2026;09:19:30;15,3;20;18,6;0;30;1018;0;0;;;0
30.04.2026;09:19:31;15,3;20;18,6;0;30;1018;0;0;;;0
30.04.2026;09:19:32;15,3;20;18,6;0;30;1018;0;0;;;0
30.04.2026;09:19:33;15,3;20;18,6;0;30;1018;0;0;;;0
30.04.2026;09:19:34;15,3;20;18,6;0;30;1018;0;0;;;0
30.04.2026;09:19:35;15,3;20;18,6;0;30;1018;0;0;;;0
30.04.2026;09:19:36;15,3;20;18,6;0;30;1018;0;0;;;0
30.04.2026;09:19:38;15,3;20;18,6;0;30;1018;0;0;;;0
30.04.2026;09:19:39;15,3;20;18,6;0;30;1018;0;0;;;0
30.04.2026;09:19:40;15,3;20;18,6;0;30;1018;0;0;;;0
30.04.2026;09:19:41;15,3;20;18,6;0;30;1018;0;0;;;0
30.04.2026;09:19:42;15,3;20;18,6;0;30;1018;0;0;;;0
30.04.2026;09:19:43;15,3;20;18,6;0;30;1018;0;0;;;0
30.04.2026;09:19:44;15,3;20;18,6;0;30;1018;0;0;;;0
30.04.2026;09:19:45;15,3;20;18,6;0;30;1018;0;0;;;0
30.04.2026;09:19:47;15,4;20;18,6;0;30;1018;0;0;;;0
30.04.2026;09:19:48;15,4;20;18,6;0;30;1018;0;0;;;0
30.04.2026;09:19:49;15,4;20;18,6;0;30;1018;0;0;;;0
30.04.2026;09:19:50;15,4;20;18,6;0;30;1018;0;0;;;0
30.04.2026;09:19:51;15,4;20;18,6;0;30;1018;0;0;;;0
30.04.2026;09:19:52;15,4;20;18,6;0;30;1018;0;0;;;0
30.04.2026;09:19:53;15,4;20;18,6;0;30;1018;0;0;;;0
30.04.2026;09:19:54;15,4;20;18,6;0;30;1018;0;0;;;0
30.04.2026;09:19:55;15,4;20;18,6;0;30;1018;0;0;;;0
30.04.2026;09:19:56;15,4;20;18,6;0;30;1018;0;0;;;0
30.04.2026;09:19:58;15,4;20;18,6;0;30;1018;0;0;;;0
30.04.2026;09:19:59;15,4;20;18,6;0;30;1018;0;0;;;0
30.04.2026;09:20:00;15,4;20;18,6;0;30;1018;0;0;;;0
30.04.2026;09:20:01;15,4;20;18,6;0;30;1018;0;0;;;0
30.04.2026;09:20:02;15,4;20;18,7;0;30;1018;0;0;;;0
30.04.2026;09:20:03;15,4;20;18,6;0;30;1018;0;0;;;0
30.04.2026;09:20:04;15,4;20;18,6;0;30;1018;0;0;;;0
30.04.2026;09:20:06;15,4;20;18,6;0;30;1018;0;0;;;0
30.04.2026;09:20:07;15,4;20;18,7;0;30;1018;0;0;;;0
30.04.2026;09:20:08;15,4;20;18,6;0;30;1018;0;0;;;0
30.04.2026;09:20:09;15,4;20;18,6;0;30;1018;0;0;;;0
30.04.2026;09:20:10;15,4;20;18,6;0;30;1018;0;0;;;0
30.04.2026;09:20:11;15,4;20;18,6;0;30;1018;0;0;;;0
30.04.2026;09:20:12;15,4;20;18,6;0;30;1018;0;0;;;0
30.04.2026;09:20:13;15,4;20;18,6;0;30;1018;0;0;;;0
30.04.2026;09:20:14;15,4;20;18,6;0;30;1018;0;0;;;0
30.04.2026;09:20:15;15,4;20;18,6;0;30;1018;0;0;;;0
30.04.2026;09:20:16;15,4;20;18,6;0;30;1018;0;0;;;0
30.04.2026;09:20:17;15,4;20;18,6;0;30;1018;0;0;;;0
30.04.2026;09:20:18;15,4;20;18,6;0;30;1018;0;0;;;0
30.04.2026;09:20:19;15,4;20;18,6;0;30;1018;0;0;;;0
30.04.2026;09:20:20;15,4;20;18,6;0;30;1018;0;0;;;0
30.04.2026;09:20:22;15,4;20;18,6;0;30;1018;0;0;;;0
30.04.2026;09:20:23;15,4;20;18,6;0;30;1018;0;0;;;0
30.04.2026;09:20:24;15,4;20;18,6;0;30;1018;0;0;;;0
30.04.2026;09:20:25;15,4;20;18,6;0;30;1018;0;0;;;0
30.04.2026;09:20:26;15,4;20;18,6;0;30;1018;0;0;;;0
30.04.2026;09:20:27;15,4;20;18,6;0;30;1018;0;0;;;0
30.04.2026;09:20:28;15,4;20;18,6;0;30;1018;0;0;;;0
30.04.2026;09:20:29;15,4;20;18,6;0;30;1018;0;0;;;0
30.04.2026;09:20:30;15,4;20;18,6;0;30;1018;0;0;;;0
30.04.2026;09:20:31;15,4;20;18,6;0;30;1018;0;0;;;0
30.04.2026;09:20:32;15,4;20;18,6;0;30;1018;0;0;;;0
30.04.2026;09:20:33;15,5;19,9;18,6;0;30;1018;0;0;;;0
30.04.2026;09:20:34;15,5;19,9;18,7;0;30;1018;0;0;;;0
30.04.2026;09:20:36;15,5;20;18,6;0;30;1018;0;0;;;0
30.04.2026;09:20:37;15,5;20;18,6;0;30;1018;0;0;;;0
30.04.2026;09:20:38;15,5;20;18,7;0;30;1018;0;0;;;0
30.04.2026;09:20:39;15,5;19,9;18,6;0;30;1018;0;0;;;0
30.04.2026;09:20:40;15,5;19,9;18,6;0;30;1018;0;0;;;0
30.04.2026;09:20:41;15,5;19,9;18,6;0;30;1018;0;0;;;0
30.04.2026;09:20:42;15,5;19,9;18,6;0;30;1018;0;0;;;0
30.04.2026;09:20:43;15,5;19,9;18,6;0;30;1018;0;0;;;0
30.04.2026;09:20:44;15,5;19,9;18,6;0;30;1018;0;0;;;0
30.04.2026;09:20:45;15,5;19,9;18,6;0;30;1018;0;0;;;0
30.04.2026;09:20:46;15,5;19,9;18,6;0;30;1018;0;0;;;0
30.04.2026;09:20:47;15,5;19,9;18,6;0;30;1018;0;0;;;0
30.04.2026;09:20:49;15,5;19,9;18,6;0;30;1018;0;0;;;0
30.04.2026;09:20:50;15,5;19,9;18,6;0;30;1018;0;0;;;0
30.04.2026;09:20:51;15,5;19,9;18,6;0;30;1018;0;0;;;0
30.04.2026;09:20:52;15,5;19,9;18,6;0;30;1018;0;0;;;0
30.04.2026;09:20:53;15,5;19,9;18,6;0;30;1018;0;0;;;0
30.04.2026;09:20:54;15,5;19,9;18,6;0;30;1018;0;0;;;0
30.04.2026;09:20:55;15,5;19,9;18,6;0;30;1018;0;0;;;0
30.04.2026;09:20:57;15,5;19,9;18,6;0;30;1018;0;0;;;0
30.04.2026;09:20:58;15,5;19,9;18,6;0;30;1018;0;0;;;0
30.04.2026;09:20:59;15,5;19,9;18,6;0;30;1018;0;0;;;0
30.04.2026;09:21:00;15,5;19,9;18,6;0;30;1018;0;0;;;0
30.04.2026;09:21:01;15,5;19,9;18,6;0;30;1018;0;0;;;0
30.04.2026;09:21:02;15,5;19,9;18,6;0;30;1018;0;0;;;0
30.04.2026;09:21:03;15,5;19,9;18,6;0;30;1018;0;0;;;0
30.04.2026;09:21:04;15,5;19,9;18,6;0;30;1018;0;0;;;0
30.04.2026;09:21:05;15,5;19,9;18,6;0;30;1018;0;0;;;0
30.04.2026;09:21:06;15,5;19,9;18,6;0;30;1018;0;0;;;0
30.04.2026;09:21:07;15,5;19,9;18,6;0;30;1018;0;0;;;0
30.04.2026;09:21:09;15,5;19,9;18,6;0;30;1018;0;0;;;0
30.04.2026;09:21:10;15,5;19,9;18,7;0;30;1018;0;0;;;0
30.04.2026;09:21:11;15,5;19,9;18,6;0;30;1018;0;0;;;0
30.04.2026;09:21:12;15,5;19,9;18,6;0;30;1018;0;0;;;0
30.04.2026;09:21:13;15,5;19,9;18,6;0;30;1018;0;0;;;0
30.04.2026;09:21:14;15,5;19,9;18,6;0;30;1018;0;0;;;0
30.04.2026;09:21:15;15,6;19,9;18,6;0;30;1018;0;0;;;0
30.04.2026;09:21:16;15,6;19,9;18,6;0;30;1018;0;0;;;0
30.04.2026;09:21:17;15,6;19,9;18,6;0;30;1018;0;0;;;0
30.04.2026;09:21:18;15,6;19,9;18,6;0;30;1018;0;0;;;0
30.04.2026;09:21:20;15,6;19,9;18,6;0;30;1018;0;0;;;0
30.04.2026;09:21:21;15,6;19,9;18,6;0;30;1018;0;0;;;0
30.04.2026;09:21:22;15,6;19,9;18,6;0;30;1018;0;0;;;0
30.04.2026;09:21:23;15,6;19,9;18,6;0;30;1018;0;0;;;0
30.04.2026;09:21:24;15,6;19,9;18,6;0;30;1018;0;0;;;0
30.04.2026;09:21:25;15,6;19,9;18,6;0;30;1018;0;0;;;0
30.04.2026;09:21:26;15,6;19,9;18,6;0;30;1018;0;0;;;0
30.04.2026;09:21:27;15,6;19,9;18,6;0;30;1018;0;0;;;0
30.04.2026;09:21:28;15,6;19,9;18,6;0;30;1018;0;0;;;0
30.04.2026;09:21:29;15,6;19,9;18,6;0;30;1018;0;0;;;0
30.04.2026;09:21:30;15,6;19,9;18,6;0;30;1018;0;0;;;0
30.04.2026;09:21:31;15,6;19,9;18,6;0;30;1018;0;0;;;0
30.04.2026;09:21:32;15,6;19,9;18,6;0;30;1018;0;0;;;0
30.04.2026;09:21:33;15,6;19,9;18,6;0;30;1018;0;0;;;0
30.04.2026;09:21:35;15,6;19,9;18,6;0;30;1018;0;0;;;0
30.04.2026;09:21:36;15,6;19,9;18,6;0;30;1018;0;0;;;0
30.04.2026;09:21:37;15,6;19,9;18,6;0;30;1018;0;0;;;0
30.04.2026;09:21:38;15,6;19,9;18,6;0;30;1018;0;0;;;0
30.04.2026;09:21:39;15,6;19,9;18,6;0;30;1018;0;0;;;0
30.04.2026;09:21:40;15,6;19,9;18,6;0;30;1018;0;0;;;0
30.04.2026;09:21:41;15,6;19,9;18,6;0;30;1018;0;0;;;0
30.04.2026;09:21:42;15,6;19,9;18,6;0;30;1018;0;0;;;0
30.04.2026;09:21:43;15,6;19,9;18,6;0;30;1018;0;0;;;0
30.04.2026;09:21:44;15,6;19,8;18,6;0;30;1018;0;0;;;0
30.04.2026;09:21:45;15,6;19,8;18,6;0;30;1018;0;0;;;0
30.04.2026;09:21:47;15,6;19,8;18,6;0;30;1018;0;0;;;0
30.04.2026;09:21:48;15,6;19,9;18,6;0;30;1018;0;0;;;0
30.04.2026;09:21:49;15,6;19,9;18,6;0;30;1018;0;0;;;0
30.04.2026;09:21:50;15,6;19,8;18,6;0;30;1018;0;0;;;0
30.04.2026;09:21:51;15,6;19,8;18,6;0;30;1018;0;0;;;0
30.04.2026;09:21:52;15,6;19,8;18,6;0;30;1018;0;0;;;0
30.04.2026;09:21:53;15,6;19,8;18,6;0;30;1018;0;0;;;0
30.04.2026;09:21:54;15,6;19,8;18,6;0;30;1018;0;0;;;0
30.04.2026;09:21:56;15,6;19,8;18,6;0;30;1018;0;0;;;0
30.04.2026;09:21:57;15,6;19,8;18,6;0;30;1018;0;0;;;0
30.04.2026;09:21:58;15,6;19,8;18,6;0;30;1018;0;0;;;0
30.04.2026;09:21:59;15,6;19,8;18,6;0;30;1018;0;0;;;0
30.04.2026;09:22:00;15,6;19,8;18,6;0;30;1018;0;0;;;0
30.04.2026;09:22:01;15,6;19,8;18,6;0;30;1018;0;0;;;0
30.04.2026;09:22:02;15,6;19,8;18,6;0;30;1018;0;0;;;0
30.04.2026;09:22:04;15,6;19,8;18,6;0;30;1018;0;0;;;0
30.04.2026;09:22:05;15,6;19,8;18,6;0;30;1018;0;0;;;0
30.04.2026;09:22:06;15,6;19,8;18,6;0;30;1018;0;0;;;0
30.04.2026;09:22:07;15,6;19,8;18,6;0;30;1018;0;0;;;0
30.04.2026;09:22:08;15,6;19,8;18,6;0;30;1018;0;0;;;0
30.04.2026;09:22:09;15,6;19,8;18,6;0;30;1018;0;0;;;0
30.04.2026;09:22:10;15,6;19,8;18,6;0;30;1018;0;0;;;0
30.04.2026;09:22:11;15,6;19,8;18,6;0;30;1018;0;0;;;0
30.04.2026;09:22:12;15,6;19,8;18,6;0;30;1018;0;0;;;0
30.04.2026;09:22:14;15,6;19,8;18,6;0;30;1018;0;0;;;0
30.04.2026;09:22:15;15,6;19,8;18,6;0;30;1018;0;0;;;0
30.04.2026;09:22:16;15,6;19,8;18,6;0;30;1018;0;0;;;0
30.04.2026;09:22:17;15,6;19,8;18,6;0;30;1018;0;0;;;0
30.04.2026;09:22:18;15,6;19,8;18,6;0;30;1018;0;0;;;0
30.04.2026;09:22:20;15,7;19,8;18,6;0;30;1018;0;0;;;0
30.04.2026;09:22:20;15,7;19,8;18,6;0;30;1018;0;0;;;0
30.04.2026;09:22:21;15,7;19,8;18,6;0;30;1018;0;0;;;0
30.04.2026;09:22:23;15,7;19,8;18,6;0;30;1018;0;0;;;0
30.04.2026;09:22:24;15,7;19,8;18,6;0;30;1018;0;0;;;0
30.04.2026;09:22:25;15,7;19,8;18,6;0;30;1018;0;0;;;0
30.04.2026;09:22:26;15,7;19,8;18,6;0;30;1018;0;0;;;0
30.04.2026;09:22:27;15,7;19,8;18,6;0;30;1018;0;0;;;0
30.04.2026;09:22:28;15,7;19,8;18,6;0;30;1018;0;0;;;0
30.04.2026;09:22:29;15,7;19,8;18,6;0;30;1018;0;0;;;0
30.04.2026;09:22:30;15,7;19,8;18,6;0;30;1018;0;0;;;0
30.04.2026;09:22:31;15,7;19,8;18,6;0;30;1018;0;0;;;0
30.04.2026;09:22:33;15,7;19,8;18,6;0;30;1018;0;0;;;0
30.04.2026;09:22:34;15,7;19,8;18,6;0;30;1018;0;0;;;0
30.04.2026;09:22:35;15,7;19,8;18,6;0;30;1018;0;0;;;0
30.04.2026;09:22:36;15,7;19,8;18,6;0;30;1018;0;0;;;0
30.04.2026;09:22:37;15,7;19,8;18,6;0;30;1018;0;0;;;0
30.04.2026;09:22:38;15,7;19,8;18,6;0;30;1018;0;0;;;0
30.04.2026;09:22:39;15,7;19,8;18,6;0;30;1018;0;0;;;0
30.04.2026;09:22:41;15,7;19,8;18,6;0;30;1018;0;0;;;0
30.04.2026;09:22:42;15,7;19,8;18,6;0;30;1018;0;0;;;0
30.04.2026;09:22:43;15,7;19,8;18,6;0;30;1018;0;0;;;0
30.04.2026;09:22:44;15,7;19,8;18,6;0;30;1018;0;0;;;0
30.04.2026;09:22:45;15,7;19,8;18,6;0;30;1018;0;0;;;0
30.04.2026;09:22:46;15,7;19,8;18,6;0;30;1018;0;0;;;0
30.04.2026;09:22:47;15,7;19,8;18,6;0;30;1018;0;0;;;0
30.04.2026;09:22:48;15,7;19,8;18,6;0;30;1018;0;0;;;0
30.04.2026;09:22:49;15,7;19,8;18,6;0;30;1018;0;0;;;0
30.04.2026;09:22:50;15,7;19,8;18,6;0;30;1018;0;0;;;0
30.04.2026;09:22:51;15,7;19,8;18,6;0;30;1018;0;0;;;0
30.04.2026;09:22:52;15,7;19,8;18,6;0;30;1018;0;0;;;0
30.04.2026;09:22:53;15,7;19,8;18,6;0;30;1018;0;0;;;0
30.04.2026;09:22:54;15,7;19,8;18,6;0;30;1018;0;0;;;0
30.04.2026;09:22:55;15,7;19,8;18,6;0;30;1018;0;0;;;0
30.04.2026;09:22:56;15,7;19,8;18,6;0;30;1018;0;0;;;0
30.04.2026;09:22:57;15,7;19,8;18,6;0;30;1018;0;0;;;0
30.04.2026;09:22:58;15,7;19,8;18,6;0;30;1018;0;0;;;0
30.04.2026;09:23:00;15,7;19,8;18,6;0;30;1018;0;0;;;0
30.04.2026;09:23:01;15,7;19,8;18,6;0;30;1018;0;0;;;0
30.04.2026;09:23:02;15,7;19,8;18,6;0;30;1018;0;0;;;0
30.04.2026;09:23:03;15,7;19,8;18,6;0;30;1018;0;0;;;0
30.04.2026;09:23:04;15,7;19,8;18,6;0;30;1018;0;0;;;0
30.04.2026;09:23:05;15,7;19,8;18,6;0;30;1018;0;0;;;0
30.04.2026;09:23:06;15,7;19,8;18,6;0;30;1018;0;0;;;0
30.04.2026;09:23:07;15,7;19,8;18,6;0;30;1018;0;0;;;0
30.04.2026;09:23:08;15,7;19,8;18,6;0;30;1018;0;0;;;0
30.04.2026;09:23:10;15,7;19,8;18,6;0;30;1018;0;0;;;0
30.04.2026;09:23:11;15,7;19,8;18,6;0;30;1018;0;0;;;0
30.04.2026;09:23:12;15,7;19,8;18,6;0;30;1018;0;0;;;0
30.04.2026;09:23:13;15,7;19,8;18,6;0;30;1018;0;0;;;0
30.04.2026;09:23:14;15,7;19,8;18,6;0;30;1018;0;0;;;0
30.04.2026;09:23:15;15,7;19,8;18,6;0;30;1018;0;0;;;0
30.04.2026;09:23:16;15,7;19,8;18,6;0;30;1018;0;0;;;0
30.04.2026;09:23:17;15,7;19,8;18,6;0;30;1018;0;0;;;0
30.04.2026;09:23:19;15,7;19,8;18,6;0;30;1018;0;0;;;0
30.04.2026;09:23:20;15,7;19,8;18,6;0;30;1018;0;0;;;0
30.04.2026;09:23:21;15,7;19,8;18,6;0;30;1018;0;0;;;0
30.04.2026;09:23:22;15,7;19,8;18,6;0;30;1018;0;0;;;0
30.04.2026;09:23:23;15,7;19,8;18,6;0;30;1018;0;0;;;0
30.04.2026;09:23:24;15,7;19,8;18,6;0;30;1018;0;0;;;0
30.04.2026;09:23:25;15,7;19,8;18,6;0;30;1018;0;0;;;0
30.04.2026;09:23:26;15,7;19,8;18,6;0;30;1018;0;0;;;0
30.04.2026;09:23:27;15,7;19,8;18,6;0;30;1018;0;0;;;0
30.04.2026;09:23:28;15,7;19,8;18,6;0;30;1018;0;0;;;0
30.04.2026;09:23:29;15,7;19,8;18,6;0;30;1018;0;0;;;0
30.04.2026;09:23:30;15,7;19,8;18,6;0;30;1018;0;0;;;0
30.04.2026;09:23:31;15,7;19,8;18,6;0;30;1018;0;0;;;0
30.04.2026;09:23:32;15,7;19,8;18,6;0;30;1018;0;0;;;0
30.04.2026;09:23:33;15,7;19,8;18,6;0;30;1018;0;0;;;0
30.04.2026;09:23:34;15,7;19,8;18,6;0;30;1018;0;0;;;0
30.04.2026;09:23:35;15,7;19,8;18,7;0;30;1018;0;0;;;0
30.04.2026;09:23:37;15,7;19,8;18,7;0;30;1018;0;0;;;0
30.04.2026;09:23:38;15,7;19,8;18,7;0;30;1018;0;0;;;0
30.04.2026;09:23:39;15,7;19,8;18,7;0;30;1018;0;0;;;0
30.04.2026;09:23:40;15,7;19,8;18,7;0;30;1018;0;0;;;0
30.04.2026;09:23:41;15,7;19,8;18,7;0;30;1018;0;0;;;0
30.04.2026;09:23:42;15,7;19,8;18,7;0;30;1018;0;0;;;0
30.04.2026;09:23:43;15,7;19,8;18,7;0;30;1018;0;0;;;0
30.04.2026;09:23:44;15,7;19,8;18,7;0;30;1018;0;0;;;0
30.04.2026;09:23:46;15,7;19,8;18,7;0;30;1018;0;0;;;0
30.04.2026;09:23:47;15,7;19,8;18,7;0;30;1018;0;0;;;0
30.04.2026;09:23:48;15,7;19,8;18,7;0;30;1018;0;0;;;0
30.04.2026;09:23:49;15,7;19,8;18,7;0;30;1018;0;0;;;0
30.04.2026;09:23:50;15,7;19,8;18,7;0;30;1018;0;0;;;0
30.04.2026;09:23:51;15,7;19,8;18,7;0;30;1018;0;0;;;0
30.04.2026;09:23:53;15,7;19,8;18,7;0;30;1018;0;0;;;0
30.04.2026;09:23:54;15,7;19,8;18,7;0;30;1018;0;0;;;0
30.04.2026;09:23:55;15,7;19,8;18,7;0;30;1018;0;0;;;0
30.04.2026;09:23:56;15,7;19,8;18,7;0;30;1018;0;0;;;0
30.04.2026;09:23:57;15,7;19,8;18,7;0;30;1018;0;0;;;0
30.04.2026;09:23:58;15,7;19,8;18,7;0;30;1018;0;0;;;0
30.04.2026;09:23:59;15,7;19,8;18,7;0;30;1018;0;0;;;0
30.04.2026;09:24:00;15,7;19,8;18,7;0;30;1018;0;0;;;0
30.04.2026;09:24:01;15,7;19,8;18,7;0;30;1018;0;0;;;0
30.04.2026;09:24:02;15,7;19,8;18,7;0;30;1018;0;0;;;0
30.04.2026;09:24:03;15,7;19,8;18,7;0;30;1018;0;0;;;0
30.04.2026;09:24:04;15,7;19,8;18,7;0;30;1018;0;0;;;0
30.04.2026;09:24:05;15,7;19,8;18,7;0;30;1018;0;0;;;0
30.04.2026;09:24:07;15,7;19,8;18,7;0;30;1018;0;0;;;0
30.04.2026;09:24:08;15,7;19,8;18,7;0;30;1018;0;0;;;0
30.04.2026;09:24:09;15,7;19,8;18,7;0;30;1018;0;0;;;0
30.04.2026;09:24:10;15,7;19,8;18,7;0;30;1018;0;0;;;0
30.04.2026;09:24:11;15,7;19,8;18,7;0;30;1018;0;0;;;0
30.04.2026;09:24:12;15,7;19,8;18,7;0;30;1018;0;0;;;0
30.04.2026;09:24:13;15,7;19,8;18,7;0;30;1018;0;0;;;0
30.04.2026;09:24:14;15,7;19,8;18,7;0;30;1018;0;0;;;0
30.04.2026;09:24:15;15,7;19,8;18,7;0;30;1018;0;0;;;0
30.04.2026;09:24:17;15,7;19,8;18,7;0;30;1018;0;0;;;0
30.04.2026;09:24:18;15,7;19,8;18,7;0;30;1018;0;0;;;0
30.04.2026;09:24:19;15,7;19,8;18,7;0;30;1018;0;0;;;0
30.04.2026;09:24:20;15,7;19,8;18,8;0;30;1018;0;0;;;0
30.04.2026;09:24:21;15,8;19,8;18,7;0;30;1018;0;0;;;0
30.04.2026;09:24:22;15,8;19,8;18,7;0;30;1018;0;0;;;0
30.04.2026;09:24:23;15,7;19,8;18,8;0;30;1018;0;0;;;0
30.04.2026;09:24:24;15,7;19,8;18,7;0;30;1018;0;0;;;0
30.04.2026;09:24:25;15,7;19,8;18,8;0;30;1018;0;0;;;0
30.04.2026;09:24:27;15,7;19,8;18,8;0;30;1018;0;0;;;0
30.04.2026;09:24:28;15,7;19,8;18,8;0;30;1018;0;0;;;0
30.04.2026;09:24:29;15,7;19,8;18,8;0;30;1018;0;0;;;0
30.04.2026;09:24:30;15,7;19,8;18,8;0;30;1018;0;0;;;0
30.04.2026;09:24:31;15,7;19,8;18,8;0;30;1018;0;0;;;0
30.04.2026;09:24:32;15,7;19,8;18,8;0;30;1018;0;0;;;0
30.04.2026;09:24:33;15,7;19,8;18,8;0;30;1018;0;0;;;0
30.04.2026;09:24:34;15,7;19,8;18,8;0;30;1018;0;0;;;0
30.04.2026;09:24:35;15,7;19,8;18,8;0;30;1018;0;0;;;0
30.04.2026;09:24:36;15,7;19,8;18,8;0;30;1018;0;0;;;0
30.04.2026;09:24:37;15,7;19,8;18,8;0;30;1018;0;0;;;0
30.04.2026;09:24:38;15,7;19,8;18,8;0;30;1018;0;0;;;0
30.04.2026;09:24:39;15,7;19,8;18,8;0;30;1018;0;0;;;0
30.04.2026;09:24:40;15,7;19,8;18,8;0;30;1018;0;0;;;0
30.04.2026;09:24:42;15,7;19,8;18,8;0;30;1018;0;0;;;0
30.04.2026;09:24:43;15,7;19,8;18,8;0;30;1018;0;0;;;0
30.04.2026;09:24:44;15,7;19,8;18,8;0;30;1018;0;0;;;0
30.04.2026;09:24:45;15,7;19,8;18,8;0;30;1018;0;0;;;0
30.04.2026;09:24:46;15,7;19,8;18,8;0;30;1018;0;0;;;0
30.04.2026;09:24:47;15,7;19,8;18,8;0;30;1018;0;0;;;0
30.04.2026;09:24:48;15,7;19,8;18,8;0;30;1018;0;0;;;0
30.04.2026;09:24:49;15,7;19,8;18,8;0;30;1018;0;0;;;0
30.04.2026;09:24:50;15,7;19,8;18,8;0;30;1018;0;0;;;0
30.04.2026;09:24:51;15,7;19,8;18,8;0;30;1018;0;0;;;0
30.04.2026;09:24:53;15,7;19,8;18,8;0;30;1018;0;0;;;0
30.04.2026;09:24:54;15,7;19,8;18,8;0;30;1018;0;0;;;0
30.04.2026;09:24:55;15,7;19,8;18,8;0;30;1018;0;0;;;0
30.04.2026;09:24:56;15,7;19,8;18,8;0;30;1018;0;0;;;0
30.04.2026;09:24:57;15,7;19,8;18,9;0;30;1018;0;0;;;0
30.04.2026;09:24:58;15,8;19,8;18,9;0;30;1018;0;0;;;0
30.04.2026;09:24:59;15,8;19,8;18,9;0;30;1018;0;0;;;0
30.04.2026;09:25:01;15,8;19,8;18,9;0;30;1018;0;0;;;0
30.04.2026;09:25:02;15,7;19,8;18,9;0;30;1018;0;0;;;0
30.04.2026;09:25:03;15,7;19,8;18,9;0;30;1018;0;0;;;0
30.04.2026;09:25:04;15,7;19,8;18,9;0;30;1018;0;0;;;0
30.04.2026;09:25:05;15,7;19,8;18,9;0;30;1018;0;0;;;0
30.04.2026;09:25:06;15,7;19,8;18,9;0;30;1018;0;0;;;0
30.04.2026;09:25:07;15,7;19,8;18,9;0;30;1018;0;0;;;0
30.04.2026;09:25:08;15,7;19,8;18,9;0;30;1018;0;0;;;0
30.04.2026;09:25:09;15,7;19,8;18,9;0;30;1018;0;0;;;0
30.04.2026;09:25:10;15,7;19,8;18,9;0;30;1018;0;0;;;0
30.04.2026;09:25:11;15,7;19,8;18,9;0;30;1018;0;0;;;0
30.04.2026;09:25:12;15,7;19,8;18,9;0;30;1018;0;0;;;0
30.04.2026;09:25:13;15,7;19,8;18,9;0;30;1018;0;0;;;0
30.04.2026;09:25:14;15,7;19,8;18,9;0;30;1018;0;0;;;0
30.04.2026;09:25:16;15,7;19,8;18,9;0;30;1018;0;0;;;0
30.04.2026;09:25:17;15,7;19,8;18,9;0;30;1018;0;0;;;0
30.04.2026;09:25:18;15,7;19,8;18,9;0;30;1018;0;0;;;0
30.04.2026;09:25:19;15,7;19,8;18,9;0;30;1018;0;0;;;0
30.04.2026;09:25:20;15,7;19,8;18,9;0;30;1018;0;0;;;0
30.04.2026;09:25:21;15,7;19,8;18,9;0;30;1018;0;0;;;0
30.04.2026;09:25:22;15,7;19,8;19;0;30;1018;0;0;;;0
30.04.2026;09:25:23;15,7;19,8;18,9;0;30;1018;0;0;;;0
30.04.2026;09:25:24;15,7;19,8;19;0;30;1018;0;0;;;0
30.04.2026;09:25:25;15,7;19,8;19;0;30;1018;0;0;;;0
30.04.2026;09:25:26;15,7;19,8;19;0;30;1018;0;0;;;0
30.04.2026;09:25:27;15,7;19,8;19;0;30;1018;0;0;;;0
30.04.2026;09:25:28;15,7;19,8;19;0;30;1018;0;0;;;0
30.04.2026;09:25:29;15,7;19,8;19;0;30;1018;0;0;;;0
30.04.2026;09:25:31;15,7;19,8;19;0;30;1018;0;0;;;0
30.04.2026;09:25:32;15,7;19,8;19;0;30;1018;0;0;;;0
30.04.2026;09:25:33;15,7;19,8;19;0;30;1018;0;0;;;0
30.04.2026;09:25:34;15,7;19,8;19;0;30;1018;0;0;;;0
30.04.2026;09:25:35;15,7;19,8;19;0;30;1018;0;0;;;0
30.04.2026;09:25:36;15,7;19,8;19;0;30;1018;0;0;;;0
30.04.2026;09:25:37;15,7;19,8;19;0;30;1018;0;0;;;0
30.04.2026;09:25:38;15,7;19,8;19;0;30;1018;0;0;;;0
30.04.2026;09:25:39;15,7;19,8;19;0;30;1018;0;0;;;0
30.04.2026;09:25:40;15,7;19,8;19;0;30;1018;0;0;;;0
30.04.2026;09:25:41;15,7;19,8;19;0;30;1018;0;0;;;0
30.04.2026;09:25:43;15,7;19,8;19;0;30;1018;0;0;;;0
30.04.2026;09:25:44;15,7;19,8;19;0;30;1018;0;0;;;0
30.04.2026;09:25:45;15,7;19,8;19;0;30;1018;0;0;;;0
30.04.2026;09:25:46;15,7;19,8;19;0;30;1018;0;0;;;0
30.04.2026;09:25:47;15,7;19,8;19;0;30;1018;0;0;;;0
30.04.2026;09:25:48;15,7;19,8;19;0;30;1018;0;0;;;0
30.04.2026;09:25:49;15,7;19,8;19,1;0;30;1018;0;0;;;0
30.04.2026;09:25:50;15,7;19,8;19,1;0;30;1018;0;0;;;0
30.04.2026;09:25:51;15,7;19,7;19,1;0;30;1018;0;0;;;0
30.04.2026;09:25:52;15,7;19,7;19,1;0;30;1018;0;0;;;0
30.04.2026;09:25:53;15,7;19,8;19,1;0;30;1018;0;0;;;0
30.04.2026;09:25:54;15,7;19,8;19,1;0;30;1018;0;0;;;0
30.04.2026;09:25:56;15,7;19,8;19,1;0;30;1018;0;0;;;0
30.04.2026;09:25:57;15,7;19,8;19,1;0;30;1018;0;0;;;0
30.04.2026;09:25:58;15,7;19,8;19,1;0;30;1018;0;0;;;0
30.04.2026;09:25:59;15,7;19,8;19,1;0;30;1018;0;0;;;0
30.04.2026;09:26:00;15,7;19,8;19,1;0;30;1018;0;0;;;0
30.04.2026;09:26:01;15,7;19,8;19,1;0;30;1018;0;0;;;0
30.04.2026;09:26:02;15,7;19,8;19,1;0;30;1018;0;0;;;0
30.04.2026;09:26:03;15,7;19,8;19,1;0;30;1018;0;0;;;0
30.04.2026;09:26:04;15,7;19,8;19,1;0;30;1018;0;0;;;0
30.04.2026;09:26:05;15,7;19,8;19,1;0;30;1018;0;0;;;0
30.04.2026;09:26:06;15,7;19,8;19,1;0;30;1018;0;0;;;0
30.04.2026;09:26:07;15,7;19,8;19,1;0;30;1018;0;0;;;0
30.04.2026;09:26:08;15,7;19,8;19,2;0;30;1018;0;0;;;0
30.04.2026;09:26:09;15,7;19,8;19,1;0;30;1018;0;0;;;0
30.04.2026;09:26:10;15,7;19,8;19,2;0;30;1018;0;0;;;0
30.04.2026;09:26:11;15,7;19,8;19,2;0;30;1018;0;0;;;0
30.04.2026;09:26:13;15,7;19,8;19,2;0;30;1018;0;0;;;0
30.04.2026;09:26:13;15,7;19,8;19,2;0;30;1018;0;0;;;0
30.04.2026;09:26:15;15,7;19,8;19,2;0;30;1018;0;0;;;0
30.04.2026;09:26:16;15,7;19,8;19,2;0;30;1018;0;0;;;0
30.04.2026;09:26:17;15,7;19,8;19,2;0;30;1018;0;0;;;0
30.04.2026;09:26:18;15,7;19,8;19,2;0;30;1018;0;0;;;0
30.04.2026;09:26:19;15,7;19,8;19,2;0;30;1018;0;0;;;0
30.04.2026;09:26:20;15,7;19,8;19,2;0;30;1018;0;0;;;0
30.04.2026;09:26:21;15,7;19,8;19,2;0;30;1018;0;0;;;0
30.04.2026;09:26:22;15,7;19,8;19,2;0;30;1018;0;0;;;0
30.04.2026;09:26:23;15,7;19,8;19,2;0;30;1018;0;0;;;0
30.04.2026;09:26:24;15,7;19,8;19,2;0;30;1018;0;0;;;0
30.04.2026;09:26:25;15,7;19,8;19,2;0;30;1018;0;0;;;0
30.04.2026;09:26:26;15,7;19,8;19,2;0;30;1018;0;0;;;0
30.04.2026;09:26:28;15,7;19,8;19,2;0;30;1018;0;0;;;0
30.04.2026;09:26:29;15,7;19,8;19,2;0;30;1018;0;0;;;0
30.04.2026;09:26:30;15,7;19,8;19,2;0;30;1018;0;0;;;0
30.04.2026;09:26:31;15,7;19,8;19,3;0;30;1018;0;0;;;0
30.04.2026;09:26:32;15,7;19,8;19,2;0;30;1018;0;0;;;0
30.04.2026;09:26:33;15,7;19,8;19,3;0;30;1018;0;0;;;0
30.04.2026;09:26:34;15,7;19,8;19,3;0;30;1018;0;0;;;0
30.04.2026;09:26:35;15,7;19,8;19,3;0;30;1018;0;0;;;0
30.04.2026;09:26:37;15,7;19,8;19,3;0;30;1018;0;0;;;0
30.04.2026;09:26:38;15,7;19,8;19,3;0;30;1018;0;0;;;0
30.04.2026;09:26:39;15,7;19,8;19,3;0;30;1018;0;0;;;0
30.04.2026;09:26:40;15,7;19,8;19,3;0;30;1018;0;0;;;0
30.04.2026;09:26:41;15,7;19,8;19,3;0;30;1018;0;0;;;0
30.04.2026;09:26:42;15,7;19,8;19,3;0;30;1018;0;0;;;0
30.04.2026;09:26:43;15,7;19,8;19,3;0;30;1018;0;0;;;0
30.04.2026;09:26:44;15,7;19,8;19,3;0;30;1018;0;0;;;0
30.04.2026;09:26:46;15,7;19,8;19,3;0;30;1018;0;0;;;0
30.04.2026;09:26:47;15,7;19,8;19,3;0;30;1018;0;0;;;0
30.04.2026;09:26:48;15,7;19,8;19,3;0;30;1018;0;0;;;0
30.04.2026;09:26:49;15,7;19,8;19,3;0;30;1018;0;0;;;0
30.04.2026;09:26:50;15,7;19,8;19,3;0;30;1018;0;0;;;0
30.04.2026;09:26:51;15,7;19,8;19,3;0;30;1018;0;0;;;0
30.04.2026;09:26:52;15,7;19,8;19,4;0;30;1018;0;0;;;0
30.04.2026;09:26:53;15,7;19,8;19,3;0;30;1018;0;0;;;0
30.04.2026;09:26:54;15,7;19,8;19,3;0;30;1018;0;0;;;0
30.04.2026;09:26:55;15,7;19,8;19,3;0;30;1018;0;0;;;0
30.04.2026;09:26:56;15,7;19,8;19,3;0;30;1018;0;0;;;0
30.04.2026;09:26:57;15,7;19,8;19,3;0;30;1018;0;0;;;0
30.04.2026;09:26:58;15,7;19,8;19,3;0;30;1018;0;0;;;0
30.04.2026;09:27:00;15,7;19,8;19,3;0;30;1018;0;0;;;0
30.04.2026;09:27:01;15,7;19,8;19,3;0;30;1018;0;0;;;0
30.04.2026;09:27:02;15,7;19,8;19,4;0;30;1018;0;0;;;0
30.04.2026;09:27:03;15,7;19,8;19,3;0;30;1018;0;0;;;0
30.04.2026;09:27:04;15,7;19,8;19,4;0;30;1018;0;0;;;0
30.04.2026;09:27:05;15,7;19,8;19,4;0;30;1018;0;0;;;0
30.04.2026;09:27:06;15,7;19,8;19,3;0;30;1018;0;0;;;0
30.04.2026;09:27:08;15,7;19,8;19,4;0;30;1018;0;0;;;0
30.04.2026;09:27:09;15,7;19,8;19,4;0;30;1018;0;0;;;0
30.04.2026;09:27:10;15,8;19,8;19,4;0;30;1018;0;0;;;0
30.04.2026;09:27:11;15,8;19,8;19,4;0;30;1018;0;0;;;0
30.04.2026;09:27:12;15,8;19,8;19,4;0;30;1018;0;0;;;0
30.04.2026;09:27:13;15,7;19,8;19,4;0;30;1018;0;0;;;0
30.04.2026;09:27:14;15,7;19,8;19,4;0;30;1018;0;0;;;0
30.04.2026;09:27:15;15,8;19,8;19,4;0;30;1018;0;0;;;0
30.04.2026;09:27:17;15,8;19,8;19,4;0;30;1018;0;0;;;0
30.04.2026;09:27:18;15,8;19,8;19,4;0;30;1018;0;0;;;0
30.04.2026;09:27:19;15,8;19,8;19,4;0;30;1018;0;0;;;0
30.04.2026;09:27:20;15,8;19,8;19,4;0;30;1018;0;0;;;0
30.04.2026;09:27:21;15,8;19,8;19,4;0;30;1018;0;0;;;0
30.04.2026;09:27:22;15,8;19,8;19,4;0;30;1018;0;0;;;0
30.04.2026;09:27:23;15,8;19,8;19,4;0;30;1018;0;0;;;0
30.04.2026;09:27:24;15,8;19,8;19,4;0;30;1018;0;0;;;0
30.04.2026;09:27:25;15,8;19,8;19,4;0;30;1018;0;0;;;0
30.04.2026;09:27:26;15,8;19,8;19,4;0;30;1018;0;0;;;0
30.04.2026;09:27:27;15,8;19,8;19,4;0;30;1018;0;0;;;0
30.04.2026;09:27:28;15,8;19,8;19,4;0;30;1018;0;0;;;0
30.04.2026;09:27:30;15,8;19,8;19,4;0;30;1018;0;0;;;0
30.04.2026;09:27:31;15,8;19,8;19,4;0;29;1018;0;0;;;0
30.04.2026;09:27:32;15,8;19,8;19,4;0;30;1018;0;0;;;0
30.04.2026;09:27:33;15,8;19,8;19,4;0;30;1018;0;0;;;0
30.04.2026;09:27:34;15,8;19,8;19,4;0;30;1018;0;0;;;0
30.04.2026;09:27:35;15,8;19,8;19,4;0;30;1018;0;0;;;0
30.04.2026;09:27:36;15,8;19,8;19,4;0;30;1018;0;0;;;0
30.04.2026;09:27:38;15,8;19,8;19,4;0;30;1018;0;0;;;0
30.04.2026;09:27:39;15,8;19,8;19,4;0;30;1018;0;0;;;0
30.04.2026;09:27:40;15,8;19,8;19,4;0;30;1018;0;0;;;0
30.04.2026;09:27:41;15,8;19,8;19,4;0;30;1018;0;0;;;0
30.04.2026;09:27:42;15,8;19,8;19,4;0;30;1018;0;0;;;0
30.04.2026;09:27:43;15,8;19,8;19,4;0;30;1018;0;0;;;0
30.04.2026;09:27:44;15,8;19,8;19,4;0;30;1018;0;0;;;0
30.04.2026;09:27:45;15,8;19,8;19,4;0;30;1018;0;0;;;0
30.04.2026;09:27:46;15,8;19,8;19,4;0;30;1018;0;0;;;0
30.04.2026;09:27:47;15,8;19,8;19,4;0;30;1018;0;0;;;0
30.04.2026;09:27:48;15,8;19,8;19,4;0;30;1018;0;0;;;0
30.04.2026;09:27:50;15,8;19,8;19,5;0;30;1018;0;0;;;0
30.04.2026;09:27:51;15,8;19,8;19,4;0;30;1018;0;0;;;0
30.04.2026;09:27:52;15,8;19,8;19,4;0;30;1018;0;0;;;0
30.04.2026;09:27:53;15,8;19,8;19,4;0;30;1018;0;0;;;0
30.04.2026;09:27:54;15,8;19,8;19,5;0;30;1018;0;0;;;0
30.04.2026;09:27:55;15,8;19,8;19,5;0;30;1018;0;0;;;0
30.04.2026;09:27:56;15,8;19,8;19,5;0;30;1018;0;0;;;0
30.04.2026;09:27:57;15,8;19,8;19,5;0;30;1018;0;0;;;0
30.04.2026;09:27:59;15,8;19,8;19,5;0;30;1018;0;0;;;0
30.04.2026;09:28:00;15,8;19,8;19,5;0;30;1018;0;0;;;0
30.04.2026;09:28:01;15,8;19,8;19,5;0;30;1018;0;0;;;0
30.04.2026;09:28:02;15,8;19,8;19,5;0;30;1018;0;0;;;0
30.04.2026;09:28:03;15,8;19,8;19,5;0;30;1018;0;0;;;0
30.04.2026;09:28:04;15,8;19,8;19,5;0;30;1018;0;0;;;0
30.04.2026;09:28:05;15,8;19,8;19,5;0;30;1018;0;0;;;0
30.04.2026;09:28:06;15,8;19,8;19,5;0;30;1018;0;0;;;0
30.04.2026;09:28:07;15,8;19,8;19,5;0;30;1018;0;0;;;0
30.04.2026;09:28:08;15,8;19,8;19,5;0;30;1018;0;0;;;0
30.04.2026;09:28:10;15,8;19,8;19,5;0;30;1018;0;0;;;0
30.04.2026;09:28:11;15,8;19,8;19,5;0;30;1018;0;0;;;0
30.04.2026;09:28:12;15,8;19,8;19,5;0;30;1018;0;0;;;0
30.04.2026;09:28:13;15,8;19,8;19,5;0;30;1018;0;0;;;0
30.04.2026;09:28:14;15,8;19,8;19,5;0;30;1018;0;0;;;0
30.04.2026;09:28:15;15,8;19,8;19,5;0;30;1018;0;0;;;0
30.04.2026;09:28:16;15,8;19,8;19,5;0;30;1018;0;0;;;0
30.04.2026;09:28:17;15,8;19,8;19,5;0;30;1018;0;0;;;0
30.04.2026;09:28:18;15,8;19,8;19,5;0;30;1018;0;0;;;0
30.04.2026;09:28:19;15,8;19,8;19,5;0;30;1018;0;0;;;0
30.04.2026;09:28:20;15,8;19,8;19,5;0;30;1018;0;0;;;0
30.04.2026;09:28:21;15,8;19,8;19,5;0;30;1018;0;0;;;0
30.04.2026;09:28:23;15,8;19,8;19,5;0;30;1018;0;0;;;0
30.04.2026;09:28:24;15,8;19,8;19,5;0;30;1018;0;0;;;0
30.04.2026;09:28:25;15,8;19,8;19,5;0;30;1018;0;0;;;0
30.04.2026;09:28:26;15,8;19,8;19,5;0;30;1018;0;0;;;0
30.04.2026;09:28:27;15,8;19,8;19,5;0;30;1018;0;0;;;0
30.04.2026;09:28:28;15,8;19,8;19,5;0;30;1018;0;0;;;0
30.04.2026;09:28:29;15,8;19,8;19,5;0;30;1018;0;0;;;0
30.04.2026;09:28:30;15,8;19,8;19,5;0;30;1018;0;0;;;0
30.04.2026;09:28:31;15,8;19,8;19,5;0;30;1018;0;0;;;0
30.04.2026;09:28:32;15,8;19,8;19,5;0;30;1018;0;0;;;0
30.04.2026;09:28:33;15,8;19,8;19,6;0;30;1018;0;0;;;0
30.04.2026;09:28:34;15,8;19,8;19,5;0;30;1018;0;0;;;0
30.04.2026;09:28:35;15,8;19,8;19,5;0;30;1018;0;0;;;0
30.04.2026;09:28:36;15,8;19,8;19,5;0;30;1018;0;0;;;0
30.04.2026;09:28:38;15,8;19,8;19,5;0;30;1018;0;0;;;0
30.04.2026;09:28:39;15,8;19,8;19,5;0;30;1018;0;0;;;0
30.04.2026;09:28:40;15,8;19,8;19,6;0;30;1018;0;0;;;0
30.04.2026;09:28:41;15,8;19,8;19,6;0;30;1018;0;0;;;0
30.04.2026;09:28:42;15,8;19,8;19,5;0;30;1018;0;0;;;0
30.04.2026;09:28:43;15,8;19,8;19,6;0;29;1018;0;0;;;0
30.04.2026;09:28:44;15,8;19,8;19,5;0;30;1018;0;0;;;0
30.04.2026;09:28:45;15,8;19,8;19,6;0;30;1018;0;0;;;0
30.04.2026;09:28:46;15,8;19,8;19,6;0;30;1018;0;0;;;0
30.04.2026;09:28:47;15,8;19,8;19,6;0;30;1018;0;0;;;0
30.04.2026;09:28:49;15,8;19,8;19,6;0;30;1018;0;0;;;0
30.04.2026;09:28:50;15,8;19,8;19,6;0;30;1018;0;0;;;0
30.04.2026;09:28:51;15,8;19,8;19,6;0;30;1018;0;0;;;0
30.04.2026;09:28:52;15,8;19,8;19,6;0;30;1018;0;0;;;0
30.04.2026;09:28:53;15,8;19,8;19,6;0;30;1018;0;0;;;0
30.04.2026;09:28:54;15,8;19,8;19,6;0;30;1018;0;0;;;0
30.04.2026;09:28:55;15,8;19,8;19,6;0;30;1018;0;0;;;0
30.04.2026;09:28:56;15,8;19,8;19,6;0;30;1018;0;0;;;0
30.04.2026;09:28:57;15,8;19,8;19,6;0;30;1018;0;0;;;0
30.04.2026;09:28:58;15,8;19,8;19,6;0;30;1018;0;0;;;0
30.04.2026;09:28:59;15,8;19,8;19,6;0;30;1018;0;0;;;0
30.04.2026;09:29:01;15,8;19,8;19,6;0;30;1018;0;0;;;0
30.04.2026;09:29:02;15,8;19,8;19,6;0;30;1018;0;0;;;0
30.04.2026;09:29:03;15,8;19,8;19,6;0;30;1018;0;0;;;0
30.04.2026;09:29:04;15,8;19,8;19,6;0;30;1018;0;0;;;0
30.04.2026;09:29:05;15,8;19,8;19,6;0;30;1018;0;0;;;0
30.04.2026;09:29:06;15,8;19,8;19,6;0;30;1018;0;0;;;0
30.04.2026;09:29:08;15,8;19,8;19,6;0;30;1018;0;0;;;0
30.04.2026;09:29:09;15,8;19,8;19,6;0;30;1018;0;0;;;0
30.04.2026;09:29:10;15,8;19,8;19,6;0;30;1018;0;0;;;0
30.04.2026;09:29:11;15,8;19,8;19,6;0;30;1018;0;0;;;0
30.04.2026;09:29:12;15,8;19,8;19,6;0;30;1018;0;0;;;0
30.04.2026;09:29:13;15,8;19,8;19,6;0;30;1018;0;0;;;0
30.04.2026;09:29:14;15,8;19,8;19,7;0;30;1018;0;0;;;0
30.04.2026;09:29:15;15,8;19,8;19,7;0;30;1018;0;0;;;0
30.04.2026;09:29:16;15,8;19,8;19,7;0;30;1018;0;0;;;0
30.04.2026;09:29:17;15,8;19,8;19,7;0;30;1018;0;0;;;0
30.04.2026;09:29:19;15,8;19,8;19,7;0;30;1018;0;0;;;0
30.04.2026;09:29:20;15,8;19,8;19,7;0;30;1018;0;0;;;0
30.04.2026;09:29:21;15,8;19,8;19,7;0;30;1018;0;0;;;0
30.04.2026;09:29:22;15,8;19,7;19,7;0;30;1018;0;0;;;0
30.04.2026;09:29:23;15,8;19,7;19,7;0;30;1018;0;0;;;0
30.04.2026;09:29:24;15,8;19,7;19,7;0;30;1018;0;0;;;0
30.04.2026;09:29:25;15,8;19,7;19,7;0;30;1018;0;0;;;0
30.04.2026;09:29:26;15,8;19,7;19,7;0;30;1018;0;0;;;0
30.04.2026;09:29:27;15,8;19,7;19,7;0;30;1018;0;0;;;0
30.04.2026;09:29:28;15,8;19,7;19,7;0;30;1018;0;0;;;0
30.04.2026;09:29:29;15,8;19,7;19,7;0;30;1018;0;0;;;0
30.04.2026;09:29:30;15,8;19,7;19,7;0;30;1018;0;0;;;0
30.04.2026;09:29:32;15,8;19,7;19,7;0;30;1018;0;0;;;0
30.04.2026;09:29:33;15,8;19,7;19,7;0;30;1018;0;0;;;0
30.04.2026;09:29:34;15,8;19,7;19,7;0;30;1018;0;0;;;0
30.04.2026;09:29:35;15,8;19,7;19,7;0;30;1018;0;0;;;0
30.04.2026;09:29:36;15,8;19,7;19,7;0;30;1018;0;0;;;0
30.04.2026;09:29:37;15,8;19,7;19,7;0;30;1018;0;0;;;0
30.04.2026;09:29:38;15,8;19,7;19,7;0;30;1018;0;0;;;0
30.04.2026;09:29:39;15,8;19,7;19,7;0;30;1018;0;0;;;0
30.04.2026;09:29:40;15,8;19,7;19,8;0;30;1018;0;0;;;0
30.04.2026;09:29:42;15,8;19,7;19,7;0;30;1018;0;0;;;0
30.04.2026;09:29:43;15,8;19,7;19,7;0;30;1018;0;0;;;0
30.04.2026;09:29:44;15,8;19,7;19,7;0;30;1018;0;0;;;0
30.04.2026;09:29:45;15,8;19,7;19,8;0;30;1018;0;0;;;0
30.04.2026;09:29:46;15,8;19,7;19,8;0;30;1018;0;0;;;0
30.04.2026;09:29:48;15,8;19,7;19,8;0;30;1018;0;0;;;0
30.04.2026;09:29:49;15,8;19,7;19,8;0;30;1018;0;0;;;0
30.04.2026;09:29:50;15,8;19,7;19,8;0;30;1018;0;0;;;0
30.04.2026;09:29:51;15,8;19,7;19,8;0;30;1018;0;0;;;0
30.04.2026;09:29:52;15,8;19,7;19,8;0;30;1018;0;0;;;0
30.04.2026;09:29:53;15,8;19,7;19,8;0;30;1018;0;0;;;0
30.04.2026;09:29:54;15,8;19,7;19,8;0;30;1018;0;0;;;0
30.04.2026;09:29:55;15,8;19,7;19,8;0;30;1018;0;0;;;0
30.04.2026;09:29:56;15,8;19,7;19,8;0;30;1018;0;0;;;0
30.04.2026;09:29:57;15,8;19,7;19,8;0;30;1018;0;0;;;0
30.04.2026;09:29:58;15,8;19,7;19,8;0;30;1018;0;0;;;0
30.04.2026;09:29:59;15,8;19,7;19,8;0;30;1018;0;0;;;0
30.04.2026;09:30:00;15,8;19,7;19,8;0;29;1018;0;0;;;0
30.04.2026;09:30:01;15,8;19,7;19,8;0;30;1018;0;0;;;0
30.04.2026;09:30:02;15,8;19,7;19,8;0;30;1018;0;0;;;0
30.04.2026;09:30:04;15,8;19,7;19,8;0;30;1018;0;0;;;0
30.04.2026;09:30:05;15,8;19,7;19,8;0;29;1018;0;0;;;0
30.04.2026;09:30:06;15,8;19,7;19,8;0;29;1018;0;0;;;0
30.04.2026;09:30:07;15,8;19,7;19,8;0;30;1018;0;0;;;0
30.04.2026;09:30:09;15,8;19,7;19,8;0;30;1018;0;0;;;0
30.04.2026;09:30:10;15,8;19,7;19,8;0;30;1018;0;0;;;0
30.04.2026;09:30:10;15,8;19,7;19,8;0;30;1018;0;0;;;0
30.04.2026;09:30:12;15,8;19,7;19,8;0;30;1018;0;0;;;0
30.04.2026;09:30:13;15,8;19,7;19,8;0;30;1018;0;0;;;0
30.04.2026;09:30:14;15,8;19,7;19,8;0;30;1018;0;0;;;0
30.04.2026;09:30:15;15,8;19,7;19,8;0;30;1018;0;0;;;0
30.04.2026;09:30:16;15,8;19,7;19,9;0;30;1018;0;0;;;0
30.04.2026;09:30:17;15,8;19,7;19,9;0;30;1018;0;0;;;0
30.04.2026;09:30:18;15,8;19,7;19,9;0;30;1018;0;0;;;0
30.04.2026;09:30:19;15,8;19,7;19,9;0;29;1018;0;0;;;0
30.04.2026;09:30:21;15,8;19,7;19,9;0;29;1018;0;0;;;0
30.04.2026;09:30:22;15,8;19,7;19,9;0;29;1018;0;0;;;0
30.04.2026;09:30:23;15,8;19,7;19,9;0;29;1018;0;0;;;0
30.04.2026;09:30:24;15,8;19,7;19,9;0;29;1018;0;0;;;0
30.04.2026;09:30:25;15,8;19,7;19,9;0;29;1018;0;0;;;0
30.04.2026;09:30:26;15,8;19,7;19,9;0;29;1018;0;0;;;0
30.04.2026;09:30:27;15,8;19,7;19,9;0;29;1018;0;0;;;0
30.04.2026;09:30:28;15,8;19,7;19,9;0;29;1018;0;0;;;0
30.04.2026;09:30:29;15,8;19,7;19,9;0;29;1018;0;0;;;0
30.04.2026;09:30:30;15,8;19,7;19,9;0;29;1018;0;0;;;0
30.04.2026;09:30:31;15,8;19,7;19,9;0;29;1018;0;0;;;0
30.04.2026;09:30:32;15,8;19,7;19,9;0;29;1018;0;0;;;0
30.04.2026;09:30:34;15,8;19,7;19,9;0;29;1018;0;0;;;0
30.04.2026;09:30:35;15,9;19,7;19,9;0;29;1018;0;0;;;0
30.04.2026;09:30:36;15,9;19,7;19,9;0;29;1018;0;0;;;0
30.04.2026;09:30:37;15,9;19,7;19,9;0;29;1018;0;0;;;0
30.04.2026;09:30:38;15,8;19,7;19,9;0;29;1018;0;0;;;0
30.04.2026;09:30:39;15,8;19,7;19,9;0;29;1018;0;0;;;0
30.04.2026;09:30:40;15,9;19,7;19,9;0;29;1018;0;0;;;0
30.04.2026;09:30:41;15,9;19,7;19,9;0;29;1018;0;0;;;0
30.04.2026;09:30:43;15,9;19,7;19,9;0;29;1018;0;0;;;0
30.04.2026;09:30:44;15,9;19,7;19,9;0;29;1018;0;0;;;0
30.04.2026;09:30:45;15,9;19,7;19,9;0;29;1018;0;0;;;0
30.04.2026;09:30:46;15,9;19,7;19,9;0;29;1018;0;0;;;0
30.04.2026;09:30:47;15,9;19,7;19,9;0;29;1018;0;0;;;0
30.04.2026;09:30:48;15,9;19,7;19,9;0;29;1018;0;0;;;0
30.04.2026;09:30:49;15,9;19,7;19,9;0;29;1018;0;0;;;0
30.04.2026;09:30:51;15,9;19,7;19,9;0;29;1018;0;0;;;0
30.04.2026;09:30:52;15,9;19,7;19,9;0;29;1018;0;0;;;0
30.04.2026;09:30:53;15,9;19,7;19,9;0;29;1018;0;0;;;0
30.04.2026;09:30:54;15,9;19,7;19,9;0;29;1018;0;0;;;0
30.04.2026;09:30:55;15,9;19,7;19,9;0;29;1018;0;0;;;0
30.04.2026;09:30:56;15,9;19,7;19,9;0;29;1018;0;0;;;0
30.04.2026;09:30:57;15,9;19,7;19,9;0;29;1018;0;0;;;0
30.04.2026;09:30:58;15,9;19,7;19,9;0;29;1018;0;0;;;0
30.04.2026;09:30:59;15,9;19,7;19,9;0;29;1018;0;0;;;0
30.04.2026;09:31:00;15,9;19,7;19,9;0;29;1018;0;0;;;0
30.04.2026;09:31:01;15,9;19,7;19,9;0;29;1018;0;0;;;0
30.04.2026;09:31:02;15,9;19,7;19,9;0;29;1018;0;0;;;0
30.04.2026;09:31:03;15,9;19,7;19,9;0;29;1018;0;0;;;0
30.04.2026;09:31:04;15,9;19,7;19,9;0;29;1018;0;0;;;0
30.04.2026;09:31:05;15,9;19,7;19,9;0;29;1018;0;0;;;0
30.04.2026;09:31:07;15,9;19,7;19,9;0;29;1018;0;0;;;0
30.04.2026;09:31:08;15,9;19,7;20;1;29;1018;0;0;;;0
30.04.2026;09:31:09;15,9;19,7;20;1;29;1018;0;0;;;0
30.04.2026;09:31:10;15,9;19,7;20;1;29;1018;0;0;;;0
30.04.2026;09:31:11;15,9;19,7;19,9;0;29;1018;0;0;;;0
30.04.2026;09:31:12;15,9;19,7;19,9;0;29;1018;0;0;;;0
30.04.2026;09:31:13;15,9;19,7;20;1;29;1018;0;0;;;0
30.04.2026;09:31:14;15,9;19,7;19,9;0;29;1018;0;0;;;0
30.04.2026;09:31:15;15,9;19,7;20;1;29;1018;0;0;;;0
30.04.2026;09:31:16;15,9;19,7;19,9;0;29;1018;0;0;;;0
30.04.2026;09:31:17;15,9;19,7;20;1;29;1018;0;0;;;0
30.04.2026;09:31:18;15,9;19,7;20;1;29;1018;0;0;;;0
30.04.2026;09:31:19;15,9;19,7;19,9;0;29;1018;0;0;;;0
30.04.2026;09:31:21;15,9;19,7;19,9;0;29;1018;0;0;;;0
30.04.2026;09:31:22;15,9;19,7;19,9;0;29;1018;0;0;;;0
30.04.2026;09:31:23;15,9;19,7;19,9;0;29;1018;0;0;;;0
30.04.2026;09:31:24;15,9;19,7;19,9;0;29;1018;0;0;;;0
30.04.2026;09:31:25;15,9;19,7;19,9;0;29;1018;0;0;;;0
30.04.2026;09:31:26;15,9;19,7;19,9;0;29;1018;0;0;;;0
30.04.2026;09:31:27;16;19,7;20;1;29;1018;0;0;;;0
30.04.2026;09:31:29;16;19,7;20;1;29;1018;0;0;;;0
30.04.2026;09:31:30;15,9;19,7;20;1;29;1018;0;0;;;0
30.04.2026;09:31:31;15,9;19,7;20;1;29;1018;0;0;;;0
30.04.2026;09:31:32;15,9;19,7;20;1;29;1018;0;0;;;0
30.04.2026;09:31:33;16;19,7;19,9;0;29;1018;0;0;;;0
30.04.2026;09:31:34;16;19,7;20;1;29;1018;0;0;;;0
30.04.2026;09:31:36;16;19,7;19,9;0;29;1018;0;0;;;0
30.04.2026;09:31:37;16;19,7;19,9;0;29;1018;0;0;;;0
30.04.2026;09:31:38;16;19,7;20;1;29;1018;0;0;;;0
30.04.2026;09:31:39;16;19,7;20;1;29;1018;0;0;;;0
30.04.2026;09:31:40;16;19,7;19,9;0;29;1018;0;0;;;0
30.04.2026;09:31:41;16;19,7;19,9;0;29;1018;0;0;;;0
30.04.2026;09:31:42;16;19,7;19,9;0;29;1018;0;0;;;0
30.04.2026;09:31:43;16;19,7;20;1;29;1018;0;0;;;0
30.04.2026;09:31:44;16;19,7;19,9;0;29;1018;0;0;;;0
30.04.2026;09:31:45;16;19,7;19,9;0;29;1018;0;0;;;0
30.04.2026;09:31:46;16;19,7;19,9;0;29;1018;0;0;;;0
30.04.2026;09:31:47;16;19,7;19,9;0;29;1018;0;0;;;0
30.04.2026;09:31:48;16;19,7;20;1;29;1018;0;0;;;0
30.04.2026;09:31:50;16;19,7;20;1;29;1018;0;0;;;0
30.04.2026;09:31:51;16;19,7;19,9;0;29;1018;0;0;;;0
30.04.2026;09:31:52;16;19,7;19,9;0;29;1018;0;0;;;0
30.04.2026;09:31:53;16;19,7;19,9;0;29;1018;0;0;;;0
30.04.2026;09:31:54;16;19,7;19,9;0;29;1018;0;0;;;0
30.04.2026;09:31:55;16;19,7;20;1;29;1018;0;0;;;0
30.04.2026;09:31:56;16;19,7;19,9;0;29;1018;0;0;;;0
30.04.2026;09:31:57;16;19,7;20;1;29;1018;0;0;;;0
30.04.2026;09:31:58;16;19,7;20;1;29;1018;0;0;;;0
30.04.2026;09:31:59;16;19,7;20;1;29;1018;0;0;;;0
30.04.2026;09:32:01;16;19,7;19,9;0;29;1018;0;0;;;0
30.04.2026;09:32:02;16;19,7;19,9;0;29;1018;0;0;;;0
30.04.2026;09:32:03;16;19,7;19,9;0;29;1018;0;0;;;0
30.04.2026;09:32:04;16;19,7;19,9;0;29;1018;0;0;;;0
30.04.2026;09:32:05;16;19,7;19,9;0;29;1018;0;0;;;0
30.04.2026;09:32:06;16;19,7;19,9;0;29;1018;0;0;;;0
30.04.2026;09:32:07;16;19,7;20;1;29;1018;0;0;;;0
30.04.2026;09:32:08;16,1;19,7;19,9;0;29;1018;0;0;;;0
30.04.2026;09:32:10;16,1;19,7;19,9;0;29;1018;0;0;;;0
30.04.2026;09:32:11;16,1;19,7;20;1;29;1018;0;0;;;0
30.04.2026;09:32:12;16,1;19,7;19,9;0;29;1018;0;0;;;0
30.04.2026;09:32:13;16,1;19,7;19,9;0;29;1018;0;0;;;0
30.04.2026;09:32:14;16,1;19,7;19,9;0;29;1018;0;0;;;0
30.04.2026;09:32:15;16,1;19,7;19,9;0;29;1018;0;0;;;0
30.04.2026;09:32:17;16,1;19,7;19,9;0;29;1018;0;0;;;0
30.04.2026;09:32:18;16,1;19,7;19,9;0;29;1018;0;0;;;0
30.04.2026;09:32:19;16,1;19,7;19,9;0;29;1018;0;0;;;0
30.04.2026;09:32:20;16,1;19,7;19,9;0;29;1018;0;0;;;0
30.04.2026;09:32:21;16,1;19,7;19,9;0;29;1018;0;0;;;0
30.04.2026;09:32:22;16,1;19,7;19,9;0;29;1018;0;0;;;0
30.04.2026;09:32:24;16,1;19,7;19,9;0;29;1018;0;0;;;0
30.04.2026;09:32:25;16,1;19,7;19,9;0;29;1018;0;0;;;0
30.04.2026;09:32:26;16,1;19,7;19,9;0;29;1018;0;0;;;0
30.04.2026;09:32:27;16,1;19,7;19,9;0;29;1018;0;0;;;0
30.04.2026;09:32:28;16,1;19,7;19,9;0;29;1018;0;0;;;0
30.04.2026;09:32:29;16,1;19,7;19,9;0;29;1018;0;0;;;0
30.04.2026;09:32:30;16,1;19,7;19,9;0;29;1018;0;0;;;0
30.04.2026;09:32:31;16,1;19,7;19,9;0;29;1018;0;0;;;0
30.04.2026;09:32:32;16,1;19,7;19,9;0;29;1018;0;0;;;0
30.04.2026;09:32:33;16,1;19,7;19,9;0;29;1018;0;0;;;0
30.04.2026;09:32:34;16,1;19,7;19,9;0;29;1018;0;0;;;0
30.04.2026;09:32:35;16,1;19,7;19,9;0;29;1018;0;0;;;0
30.04.2026;09:32:36;16,1;19,7;19,9;0;29;1018;0;0;;;0
30.04.2026;09:32:38;16,1;19,7;19,9;0;29;1018;0;0;;;0
30.04.2026;09:32:39;16,1;19,7;19,9;0;29;1018;0;0;;;0
30.04.2026;09:32:40;16,1;19,7;19,9;0;29;1018;0;0;;;0
30.04.2026;09:32:41;16,1;19,7;19,9;0;29;1018;0;0;;;0
30.04.2026;09:32:42;16,1;19,7;19,9;0;29;1018;0;0;;;0
30.04.2026;09:32:43;16,1;19,7;19,9;0;29;1018;0;0;;;0
30.04.2026;09:32:44;16,1;19,7;19,9;0;29;1018;0;0;;;0
30.04.2026;09:32:45;16,1;19,7;19,9;0;29;1018;0;0;;;0
30.04.2026;09:32:46;16,1;19,7;19,9;0;29;1018;0;0;;;0
30.04.2026;09:32:48;16,1;19,7;19,9;0;29;1018;0;0;;;0
30.04.2026;09:32:49;16,1;19,7;19,9;0;29;1018;0;0;;;0
30.04.2026;09:32:50;16,1;19,6;19,9;0;29;1018;0;0;;;0
30.04.2026;09:32:51;16,1;19,6;19,9;0;29;1018;0;0;;;0
30.04.2026;09:32:52;16,2;19,6;19,9;0;29;1018;0;0;;;0
30.04.2026;09:32:53;16,2;19,6;19,9;0;29;1018;0;0;;;0
30.04.2026;09:32:54;16,2;19,6;19,9;0;29;1018;0;0;;;0
30.04.2026;09:32:55;16,2;19,6;19,9;0;29;1018;0;0;;;0
30.04.2026;09:32:56;16,2;19,6;19,9;0;29;1018;0;0;;;0
30.04.2026;09:32:57;16,2;19,6;19,9;0;29;1018;0;0;;;0
30.04.2026;09:32:59;16,2;19,6;19,9;0;29;1018;0;0;;;0
30.04.2026;09:33:00;16,2;19,6;19,9;0;29;1018;0;0;;;0
30.04.2026;09:33:01;16,2;19,6;19,9;0;29;1018;0;0;;;0
30.04.2026;09:33:02;16,2;19,6;19,9;0;29;1018;0;0;;;0
30.04.2026;09:33:03;16,2;19,6;19,9;0;29;1018;0;0;;;0
30.04.2026;09:33:04;16,2;19,6;19,9;0;29;1018;0;0;;;0
30.04.2026;09:33:05;16,2;19,6;19,9;0;29;1018;0;0;;;0
30.04.2026;09:33:06;16,2;19,6;19,9;0;29;1018;0;0;;;0
30.04.2026;09:33:07;16,2;19,6;19,9;0;29;1018;0;0;;;0
30.04.2026;09:33:08;16,2;19,6;19,9;0;29;1018;0;0;;;0
30.04.2026;09:33:09;16,2;19,6;19,9;0;29;1018;0;0;;;0
30.04.2026;09:33:10;16,2;19,6;19,9;0;29;1018;0;0;;;0
30.04.2026;09:33:11;16,2;19,6;19,9;0;29;1018;0;0;;;0
30.04.2026;09:33:12;16,2;19,6;19,9;0;29;1018;0;0;;;0
30.04.2026;09:33:13;16,2;19,6;19,9;0;29;1018;0;0;;;0
30.04.2026;09:33:15;16,2;19,6;19,9;0;29;1018;0;0;;;0
30.04.2026;09:33:16;16,2;19,6;19,9;0;29;1018;0;0;;;0
30.04.2026;09:33:17;16,2;19,6;19,9;0;29;1018;0;0;;;0
30.04.2026;09:33:18;16,2;19,6;19,9;0;29;1018;0;0;;;0
30.04.2026;09:33:19;16,2;19,6;19,9;0;29;1018;0;0;;;0
30.04.2026;09:33:20;16,2;19,6;19,9;0;29;1018;0;0;;;0
30.04.2026;09:33:21;16,2;19,6;19,9;0;29;1018;0;0;;;0
30.04.2026;09:33:22;16,2;19,6;19,9;0;29;1018;0;0;;;0
30.04.2026;09:33:23;16,2;19,6;19,9;0;29;1018;0;0;;;0
30.04.2026;09:33:24;16,2;19,6;19,9;0;29;1018;0;0;;;0
30.04.2026;09:33:25;16,2;19,6;19,9;0;29;1018;0;0;;;0
30.04.2026;09:33:26;16,2;19,6;19,9;0;29;1018;0;0;;;0
30.04.2026;09:33:27;16,2;19,6;19,9;0;29;1018;0;0;;;0
30.04.2026;09:33:28;16,2;19,6;19,9;0;29;1018;0;0;;;0
30.04.2026;09:33:29;16,2;19,6;19,9;0;29;1018;0;0;;;0
30.04.2026;09:33:30;16,2;19,6;19,9;0;29;1018;0;0;;;0
30.04.2026;09:33:31;16,2;19,6;19,9;0;29;1018;0;0;;;0
30.04.2026;09:33:32;16,2;19,6;19,9;0;29;1018;0;0;;;0
30.04.2026;09:33:33;16,2;19,6;19,9;0;29;1018;0;0;;;0
30.04.2026;09:33:35;16,2;19,6;19,9;0;29;1018;0;0;;;0
30.04.2026;09:33:36;16,2;19,6;19,9;0;29;1018;0;0;;;0
30.04.2026;09:33:37;16,2;19,6;19,9;0;29;1018;0;0;;;0
30.04.2026;09:33:38;16,2;19,6;19,9;0;29;1018;0;0;;;0
30.04.2026;09:33:39;16,2;19,6;19,9;0;29;1018;0;0;;;0
30.04.2026;09:33:40;16,2;19,6;19,9;0;29;1018;0;0;;;0
30.04.2026;09:33:41;16,2;19,7;19,9;0;29;1018;0;0;;;0
30.04.2026;09:33:42;16,2;19,7;19,9;0;29;1018;0;0;;;0
30.04.2026;09:33:43;16,2;19,7;19,9;0;29;1018;0;0;;;0
30.04.2026;09:33:44;16,2;19,6;19,9;0;29;1018;0;0;;;0
30.04.2026;09:33:45;16,2;19,6;19,9;0;29;1018;0;0;;;0
30.04.2026;09:33:46;16,2;19,6;19,9;0;29;1018;0;0;;;0
30.04.2026;09:33:48;16,2;19,6;19,9;0;29;1018;0;0;;;0
30.04.2026;09:33:49;16,2;19,6;19,9;0;29;1018;0;0;;;0
30.04.2026;09:33:50;16,2;19,6;19,9;0;29;1018;0;0;;;0
30.04.2026;09:33:51;16,2;19,6;19,9;0;29;1018;0;0;;;0
30.04.2026;09:33:52;16,2;19,6;19,9;0;29;1018;0;0;;;0
30.04.2026;09:33:53;16,3;19,6;19,9;0;29;1018;0;0;;;0
30.04.2026;09:33:54;16,3;19,6;19,9;0;29;1018;0;0;;;0
30.04.2026;09:33:55;16,3;19,6;19,9;0;29;1018;0;0;;;0
30.04.2026;09:33:56;16,3;19,6;19,9;0;29;1018;0;0;;;0
30.04.2026;09:33:57;16,3;19,6;19,9;0;29;1018;0;0;;;0
30.04.2026;09:33:58;16,3;19,6;19,9;0;29;1018;0;0;;;0
30.04.2026;09:34:00;16,3;19,6;19,9;0;29;1018;0;0;;;0
30.04.2026;09:34:01;16,3;19,6;19,9;0;29;1018;0;0;;;0
30.04.2026;09:34:02;16,3;19,6;19,9;0;29;1018;0;0;;;0
30.04.2026;09:34:03;16,3;19,6;19,9;0;29;1018;0;0;;;0
30.04.2026;09:34:04;16,3;19,6;19,9;0;29;1018;0;0;;;0
30.04.2026;09:34:05;16,3;19,6;19,9;0;29;1018;0;0;;;0
30.04.2026;09:34:06;16,3;19,6;19,9;0;29;1018;0;0;;;0
30.04.2026;09:34:07;16,3;19,6;19,9;0;29;1018;0;0;;;0
30.04.2026;09:34:08;16,3;19,7;19,9;0;29;1018;0;0;;;0
30.04.2026;09:34:09;16,3;19,7;19,9;0;29;1018;0;0;;;0
30.04.2026;09:34:10;16,3;19,7;19,9;0;29;1018;0;0;;;0
30.04.2026;09:34:11;16,3;19,6;19,9;0;29;1018;0;0;;;0
30.04.2026;09:34:12;16,3;19,6;19,9;0;29;1018;0;0;;;0
30.04.2026;09:34:13;16,3;19,6;19,9;0;29;1018;0;0;;;0
30.04.2026;09:34:15;16,3;19,6;19,9;0;29;1018;0;0;;;0
30.04.2026;09:34:16;16,3;19,6;19,9;0;29;1018;0;0;;;0
30.04.2026;09:34:17;16,3;19,6;19,9;0;29;1018;0;0;;;0
30.04.2026;09:34:18;16,3;19,6;19,9;0;29;1018;0;0;;;0
30.04.2026;09:34:19;16,3;19,6;19,9;0;29;1018;0;0;;;0
30.04.2026;09:34:20;16,3;19,6;19,9;0;29;1018;0;0;;;0
30.04.2026;09:34:21;16,3;19,7;19,9;0;29;1018;0;0;;;0
30.04.2026;09:34:22;16,3;19,7;19,9;0;29;1018;0;0;;;0
30.04.2026;09:34:23;16,3;19,7;19,9;0;29;1018;0;0;;;0
30.04.2026;09:34:25;16,3;19,7;19,9;0;29;1018;0;0;;;0
30.04.2026;09:34:26;16,3;19,7;19,9;0;29;1018;0;0;;;0
30.04.2026;09:34:27;16,3;19,7;19,9;0;29;1018;0;0;;;0
30.04.2026;09:34:28;16,3;19,7;19,9;0;29;1018;0;0;;;0
30.04.2026;09:34:29;16,3;19,7;19,9;0;29;1018;0;0;;;0
30.04.2026;09:34:30;16,3;19,6;19,9;0;29;1018;0;0;;;0
30.04.2026;09:34:31;16,3;19,6;19,9;0;29;1018;0;0;;;0
30.04.2026;09:34:32;16,3;19,6;19,9;0;29;1018;0;0;;;0
30.04.2026;09:34:33;16,3;19,7;19,9;0;29;1018;0;0;;;0
30.04.2026;09:34:34;16,3;19,7;19,9;0;29;1018;0;0;;;0
30.04.2026;09:34:35;16,3;19,6;19,9;0;29;1018;0;0;;;0
30.04.2026;09:34:36;16,3;19,6;19,9;0;29;1018;0;0;;;0
30.04.2026;09:34:37;16,3;19,6;19,9;0;29;1018;0;0;;;0
30.04.2026;09:34:38;16,4;19,7;19,9;0;29;1018;0;0;;;0
30.04.2026;09:34:39;16,4;19,7;19,9;0;29;1018;0;0;;;0
30.04.2026;09:34:40;16,4;19,7;19,9;0;29;1018;0;0;;;0
30.04.2026;09:34:42;16,4;19,7;19,9;0;29;1018;0;0;;;0
30.04.2026;09:34:43;16,4;19,7;19,9;0;29;1018;0;0;;;0
30.04.2026;09:34:44;16,4;19,7;19,9;0;29;1018;0;0;;;0
30.04.2026;09:34:45;16,4;19,7;19,9;0;29;1018;0;0;;;0
30.04.2026;09:34:46;16,4;19,7;19,9;0;29;1018;0;0;;;0
30.04.2026;09:34:47;16,4;19,7;19,9;0;29;1018;0;0;;;0
30.04.2026;09:34:48;16,4;19,7;19,9;0;29;1018;0;0;;;0
30.04.2026;09:34:49;16,4;19,7;19,8;0;29;1018;0;0;;;0
30.04.2026;09:34:51;16,4;19,7;19,9;0;29;1018;0;0;;;0
30.04.2026;09:34:52;16,4;19,7;19,8;0;29;1018;0;0;;;0
30.04.2026;09:34:53;16,4;19,7;19,9;0;29;1018;0;0;;;0
30.04.2026;09:34:54;16,4;19,7;19,9;0;29;1018;0;0;;;0
30.04.2026;09:34:55;16,4;19,7;19,9;0;29;1018;0;0;;;0
30.04.2026;09:34:56;16,4;19,7;19,8;0;29;1018;0;0;;;0
30.04.2026;09:34:57;16,4;19,7;19,8;0;29;1018;0;0;;;0
30.04.2026;09:34:58;16,4;19,7;19,9;0;29;1018;0;0;;;0
30.04.2026;09:34:59;16,4;19,7;19,8;0;29;1018;0;0;;;0
30.04.2026;09:35:00;16,4;19,7;19,8;0;29;1018;0;0;;;0
30.04.2026;09:35:01;16,4;19,7;19,8;0;29;1018;0;0;;;0
30.04.2026;09:35:02;16,4;19,7;19,8;0;29;1018;0;0;;;0
30.04.2026;09:35:03;16,4;19,7;19,8;0;29;1018;0;0;;;0
30.04.2026;09:35:04;16,4;19,7;19,8;0;29;1018;0;0;;;0
30.04.2026;09:35:05;16,4;19,7;19,8;0;29;1018;0;0;;;0
30.04.2026;09:35:06;16,4;19,7;19,8;0;29;1018;0;0;;;0
30.04.2026;09:35:07;16,4;19,7;19,8;0;29;1018;0;0;;;0
30.04.2026;09:35:08;16,4;19,7;19,8;0;29;1018;0;0;;;0
30.04.2026;09:35:10;16,4;19,7;19,8;0;29;1018;0;0;;;0
30.04.2026;09:35:11;16,4;19,7;19,8;0;29;1018;0;0;;;0
30.04.2026;09:35:12;16,4;19,7;19,8;0;29;1018;0;0;;;0
30.04.2026;09:35:13;16,4;19,7;19,8;0;29;1018;0;0;;;0
30.04.2026;09:35:14;16,4;19,7;19,8;0;29;1018;0;0;;;0
30.04.2026;09:35:15;16,4;19,7;19,8;0;29;1018;0;0;;;0
30.04.2026;09:35:16;16,4;19,7;19,8;0;29;1018;0;0;;;0
30.04.2026;09:35:17;16,4;19,7;19,8;0;29;1018;0;0;;;0
30.04.2026;09:35:19;16,4;19,7;19,8;0;29;1018;0;0;;;0
30.04.2026;09:35:20;16,5;19,7;19,8;0;29;1018;0;0;;;0
30.04.2026;09:35:21;16,5;19,7;19,8;0;29;1018;0;0;;;0
30.04.2026;09:35:22;16,5;19,7;19,8;0;29;1018;0;0;;;0
30.04.2026;09:35:23;16,5;19,7;19,8;0;29;1018;0;0;;;0
30.04.2026;09:35:24;16,5;19,7;19,8;0;29;1018;0;0;;;0
30.04.2026;09:35:25;16,5;19,7;19,8;0;29;1018;0;0;;;0
30.04.2026;09:35:26;16,5;19,7;19,8;0;29;1018;0;0;;;0
30.04.2026;09:35:27;16,5;19,7;19,8;0;29;1018;0;0;;;0
30.04.2026;09:35:28;16,5;19,7;19,8;0;29;1018;0;0;;;0
30.04.2026;09:35:30;16,5;19,7;19,8;0;29;1018;0;0;;;0
30.04.2026;09:35:31;16,5;19,7;19,8;0;29;1018;0;0;;;0
30.04.2026;09:35:32;16,5;19,7;19,8;0;29;1018;0;0;;;0
30.04.2026;09:35:33;16,5;19,7;19,8;0;29;1018;0;0;;;0
30.04.2026;09:35:34;16,5;19,7;19,8;0;29;1018;0;0;;;0
30.04.2026;09:35:35;16,5;19,7;19,8;0;29;1018;0;0;;;0
30.04.2026;09:35:36;16,5;19,7;19,8;0;29;1018;0;0;;;0
30.04.2026;09:35:37;16,5;19,7;19,8;0;29;1018;0;0;;;0
30.04.2026;09:35:38;16,5;19,7;19,8;0;29;1018;0;0;;;0
30.04.2026;09:35:39;16,5;19,7;19,8;0;29;1018;0;0;;;0
30.04.2026;09:35:40;16,5;19,7;19,8;0;29;1018;0;0;;;0
30.04.2026;09:35:41;16,5;19,7;19,8;0;29;1018;0;0;;;0
30.04.2026;09:35:42;16,5;19,7;19,8;0;29;1018;0;0;;;0
30.04.2026;09:35:44;16,5;19,7;19,8;0;29;1018;0;0;;;0
30.04.2026;09:35:45;16,5;19,7;19,8;0;29;1018;0;0;;;0
30.04.2026;09:35:46;16,5;19,7;19,8;0;29;1018;0;0;;;0
30.04.2026;09:35:47;16,5;19,7;19,8;0;29;1018;0;0;;;0
30.04.2026;09:35:48;16,5;19,7;19,8;0;29;1018;0;0;;;0
30.04.2026;09:35:49;16,5;19,7;19,8;0;29;1018;0;0;;;0
30.04.2026;09:35:50;16,5;19,7;19,8;0;29;1018;0;0;;;0
30.04.2026;09:35:51;16,5;19,7;19,8;0;29;1018;0;0;;;0
30.04.2026;09:35:52;16,5;19,7;19,7;0;29;1018;0;0;;;0
30.04.2026;09:35:53;16,5;19,7;19,8;0;29;1018;0;0;;;0
30.04.2026;09:35:54;16,5;19,7;19,7;0;29;1018;0;0;;;0
30.04.2026;09:35:55;16,6;19,7;19,7;0;29;1018;0;0;;;0
30.04.2026;09:35:56;16,6;19,7;19,8;0;29;1018;0;0;;;0
30.04.2026;09:35:57;16,6;19,7;19,7;0;29;1018;0;0;;;0
30.04.2026;09:35:59;16,6;19,7;19,7;0;29;1018;0;0;;;0
30.04.2026;09:36:00;16,6;19,7;19,7;0;29;1018;0;0;;;0
30.04.2026;09:36:01;16,6;19,7;19,7;0;29;1018;0;0;;;0
30.04.2026;09:36:02;16,6;19,7;19,7;0;29;1018;0;0;;;0
30.04.2026;09:36:03;16,6;19,7;19,8;0;29;1018;0;0;;;0
30.04.2026;09:36:04;16,6;19,7;19,7;0;29;1018;0;0;;;0
30.04.2026;09:36:05;16,6;19,7;19,7;0;29;1018;0;0;;;0
30.04.2026;09:36:06;16,6;19,7;19,7;0;29;1018;0;0;;;0
30.04.2026;09:36:07;16,6;19,7;19,7;0;29;1018;0;0;;;0
30.04.2026;09:36:08;16,6;19,7;19,7;0;29;1018;0;0;;;0
30.04.2026;09:36:10;16,6;19,7;19,7;0;29;1018;0;0;;;0
30.04.2026;09:36:11;16,6;19,7;19,7;0;29;1018;0;0;;;0
30.04.2026;09:36:12;16,6;19,7;19,7;0;29;1018;0;0;;;0
30.04.2026;09:36:13;16,6;19,7;19,7;0;29;1018;0;0;;;0
30.04.2026;09:36:14;16,6;19,7;19,7;0;29;1018;0;0;;;0
30.04.2026;09:36:15;16,6;19,7;19,7;0;29;1018;0;0;;;0
30.04.2026;09:36:17;16,6;19,7;19,7;0;29;1018;0;0;;;0
30.04.2026;09:36:18;16,6;19,7;19,7;0;29;1018;0;0;;;0
30.04.2026;09:36:19;16,6;19,7;19,7;0;29;1018;0;0;;;0
30.04.2026;09:36:20;16,6;19,7;19,7;0;29;1018;0;0;;;0
30.04.2026;09:36:21;16,6;19,7;19,7;0;29;1018;0;0;;;0
30.04.2026;09:36:22;16,6;19,7;19,7;0;29;1018;0;0;;;0
30.04.2026;09:36:23;16,6;19,6;19,7;0;29;1018;0;0;;;0
30.04.2026;09:36:24;16,6;19,6;19,7;0;29;1018;0;0;;;0
30.04.2026;09:36:25;16,6;19,6;19,7;0;29;1018;0;0;;;0
30.04.2026;09:36:26;16,6;19,6;19,7;0;29;1018;0;0;;;0
30.04.2026;09:36:28;16,7;19,6;19,7;0;29;1018;0;0;;;0
30.04.2026;09:36:29;16,7;19,6;19,7;0;29;1018;0;0;;;0
30.04.2026;09:36:30;16,7;19,6;19,7;0;29;1018;0;0;;;0
30.04.2026;09:36:31;16,7;19,6;19,7;0;29;1018;0;0;;;0
30.04.2026;09:36:32;16,7;19,6;19,7;0;29;1018;0;0;;;0
30.04.2026;09:36:33;16,7;19,6;19,7;0;29;1018;0;0;;;0
30.04.2026;09:36:34;16,7;19,6;19,7;0;29;1018;0;0;;;0
30.04.2026;09:36:35;16,7;19,6;19,7;0;29;1018;0;0;;;0
30.04.2026;09:36:36;16,7;19,6;19,7;0;29;1018;0;0;;;0
30.04.2026;09:36:38;16,7;19,6;19,7;0;29;1018;0;0;;;0
30.04.2026;09:36:39;16,7;19,6;19,7;0;29;1018;0;0;;;0
30.04.2026;09:36:40;16,7;19,6;19,7;0;29;1018;0;0;;;0
30.04.2026;09:36:41;16,7;19,6;19,7;0;29;1018;0;0;;;0
30.04.2026;09:36:42;16,7;19,6;19,7;0;29;1018;0;0;;;0
30.04.2026;09:36:43;16,7;19,6;19,7;0;29;1018;0;0;;;0
30.04.2026;09:36:44;16,7;19,6;19,7;0;29;1018;0;0;;;0
30.04.2026;09:36:45;16,7;19,6;19,7;0;29;1018;0;0;;;0
30.04.2026;09:36:47;16,7;19,6;19,7;0;29;1018;0;0;;;0
30.04.2026;09:36:48;16,7;19,6;19,7;0;29;1018;0;0;;;0
30.04.2026;09:36:49;16,7;19,6;19,7;0;29;1018;0;0;;;0
30.04.2026;09:36:50;16,7;19,6;19,7;0;29;1018;0;0;;;0
30.04.2026;09:36:51;16,7;19,6;19,7;0;29;1018;0;0;;;0
30.04.2026;09:36:52;16,7;19,6;19,7;0;29;1018;0;0;;;0
30.04.2026;09:36:53;16,7;19,6;19,7;0;29;1018;0;0;;;0
30.04.2026;09:36:54;16,7;19,6;19,7;0;29;1018;0;0;;;0
30.04.2026;09:36:55;16,7;19,6;19,7;0;29;1018;0;0;;;0
30.04.2026;09:36:57;16,7;19,6;19,7;0;29;1018;0;0;;;0
30.04.2026;09:36:58;16,7;19,6;19,7;0;29;1018;0;0;;;0
30.04.2026;09:36:59;16,8;19,6;19,6;0;29;1018;0;0;;;0
30.04.2026;09:37:00;16,8;19,6;19,7;0;29;1018;0;0;;;0
30.04.2026;09:37:01;16,7;19,6;19,6;0;29;1018;0;0;;;0
30.04.2026;09:37:02;16,7;19,6;19,6;0;29;1018;0;0;;;0
30.04.2026;09:37:03;16,7;19,6;19,6;0;29;1018;0;0;;;0
30.04.2026;09:37:04;16,7;19,6;19,7;0;29;1018;0;0;;;0
30.04.2026;09:37:05;16,7;19,6;19,7;0;29;1018;0;0;;;0
30.04.2026;09:37:06;16,7;19,6;19,7;0;29;1018;0;0;;;0
30.04.2026;09:37:08;16,7;19,6;19,7;0;29;1018;0;0;;;0
30.04.2026;09:37:09;16,7;19,6;19,7;0;29;1018;0;0;;;0
30.04.2026;09:37:10;16,7;19,6;19,6;0;29;1018;0;0;;;0
30.04.2026;09:37:11;16,7;19,6;19,6;0;29;1018;0;0;;;0
30.04.2026;09:37:12;16,7;19,6;19,7;0;29;1018;0;0;;;0
30.04.2026;09:37:13;16,7;19,6;19,6;0;29;1018;0;0;;;0
30.04.2026;09:37:14;16,7;19,6;19,6;0;29;1018;0;0;;;0
30.04.2026;09:37:16;16,7;19,6;19,6;0;29;1018;0;0;;;0
30.04.2026;09:37:17;16,7;19,6;19,6;0;29;1018;0;0;;;0
30.04.2026;09:37:18;16,7;19,6;19,6;0;29;1018;0;0;;;0
30.04.2026;09:37:19;16,7;19,6;19,6;0;29;1018;0;0;;;0
30.04.2026;09:37:20;16,7;19,6;19,6;0;29;1018;0;0;;;0
30.04.2026;09:37:22;16,7;19,6;19,6;0;29;1018;0;0;;;0
30.04.2026;09:37:23;16,7;19,6;19,6;0;29;1018;0;0;;;0
30.04.2026;09:37:24;16,7;19,6;19,6;0;29;1018;0;0;;;0
30.04.2026;09:37:25;16,7;19,6;19,6;0;29;1018;0;0;;;0
30.04.2026;09:37:26;16,7;19,6;19,6;0;29;1018;0;0;;;0
30.04.2026;09:37:27;16,7;19,6;19,6;0;29;1018;0;0;;;0
30.04.2026;09:37:28;16,7;19,6;19,6;0;29;1018;0;0;;;0
30.04.2026;09:37:30;16,7;19,6;19,6;0;29;1018;0;0;;;0
30.04.2026;09:37:31;16,7;19,6;19,6;0;29;1018;0;0;;;0
30.04.2026;09:37:32;16,7;19,6;19,6;0;29;1018;0;0;;;0
30.04.2026;09:37:33;16,8;19,6;19,6;0;29;1018;0;0;;;0
30.04.2026;09:37:34;16,8;19,6;19,6;0;29;1018;0;0;;;0
30.04.2026;09:37:35;16,8;19,6;19,6;0;29;1018;0;0;;;0
30.04.2026;09:37:36;16,8;19,6;19,6;0;29;1018;0;0;;;0
30.04.2026;09:37:37;16,8;19,6;19,7;0;29;1018;0;0;;;0
30.04.2026;09:37:38;16,8;19,6;19,6;0;29;1018;0;0;;;0
30.04.2026;09:37:39;16,8;19,6;19,6;0;29;1018;0;0;;;0
30.04.2026;09:37:40;16,8;19,6;19,7;0;29;1018;0;0;;;0
30.04.2026;09:37:41;16,8;19,6;19,6;0;30;1018;0;0;;;0
30.04.2026;09:37:42;16,8;19,6;19,6;0;29;1018;0;0;;;0
30.04.2026;09:37:43;16,8;19,6;19,6;0;29;1018;0;0;;;0
30.04.2026;09:37:45;16,8;19,6;19,7;0;29;1018;0;0;;;0
30.04.2026;09:37:46;16,8;19,6;19,6;0;29;1018;0;0;;;0
30.04.2026;09:37:47;16,8;19,6;19,7;0;29;1018;0;0;;;0
30.04.2026;09:37:48;16,8;19,6;19,7;0;29;1018;0;0;;;0
30.04.2026;09:37:49;16,8;19,6;19,7;0;29;1018;0;0;;;0
30.04.2026;09:37:50;16,8;19,6;19,7;0;29;1018;0;0;;;0
30.04.2026;09:37:51;16,8;19,6;19,7;0;29;1018;0;0;;;0
30.04.2026;09:37:52;16,8;19,6;19,6;0;29;1018;0;0;;;0
30.04.2026;09:37:54;16,8;19,6;19,7;0;29;1018;0;0;;;0
30.04.2026;09:37:55;16,8;19,6;19,7;0;29;1018;0;0;;;0
30.04.2026;09:37:56;16,8;19,6;19,7;0;29;1018;0;0;;;0
30.04.2026;09:37:57;16,8;19,6;19,6;0;29;1018;0;0;;;0
30.04.2026;09:37:58;16,8;19,6;19,7;0;29;1018;0;0;;;0
30.04.2026;09:37:59;16,8;19,6;19,7;0;29;1018;0;0;;;0
30.04.2026;09:38:00;16,8;19,6;19,7;0;29;1018;0;0;;;0
30.04.2026;09:38:01;16,8;19,6;19,7;0;29;1018;0;0;;;0
30.04.2026;09:38:02;16,8;19,6;19,7;0;29;1018;0;0;;;0
30.04.2026;09:38:03;16,8;19,6;19,6;0;29;1018;0;0;;;0
30.04.2026;09:38:05;16,8;19,6;19,7;0;29;1018;0;0;;;0
30.04.2026;09:38:06;16,8;19,6;19,6;0;29;1018;0;0;;;0
30.04.2026;09:38:07;16,8;19,6;19,7;0;29;1018;0;0;;;0
30.04.2026;09:38:08;16,8;19,6;19,7;0;29;1018;0;0;;;0
30.04.2026;09:38:09;16,8;19,6;19,7;0;29;1018;0;0;;;0
30.04.2026;09:38:10;16,8;19,6;19,7;0;29;1018;0;0;;;0
30.04.2026;09:38:11;16,8;19,6;19,7;0;29;1018;0;0;;;0
30.04.2026;09:38:12;16,8;19,6;19,6;0;29;1018;0;0;;;0
30.04.2026;09:38:13;16,8;19,6;19,7;0;29;1018;0;0;;;0
30.04.2026;09:38:14;16,8;19,6;19,7;0;29;1018;0;0;;;0
30.04.2026;09:38:15;16,8;19,6;19,7;0;29;1018;0;0;;;0
30.04.2026;09:38:17;16,8;19,6;19,7;0;29;1018;0;0;;;0
30.04.2026;09:38:18;16,8;19,6;19,7;0;29;1018;0;0;;;0
30.04.2026;09:38:19;16,8;19,6;19,7;0;29;1018;0;0;;;0
30.04.2026;09:38:20;16,8;19,6;19,7;0;29;1018;0;0;;;0
30.04.2026;09:38:21;16,8;19,6;19,7;0;30;1018;0;0;;;0
30.04.2026;09:38:22;16,8;19,6;19,7;0;29;1018;0;0;;;0
30.04.2026;09:38:23;16,8;19,6;19,7;0;29;1018;0;0;;;0
30.04.2026;09:38:24;16,8;19,6;19,7;0;29;1018;0;0;;;0
30.04.2026;09:38:25;16,8;19,6;19,7;0;29;1018;0;0;;;0
30.04.2026;09:38:26;16,8;19,6;19,7;0;29;1018;0;0;;;0
30.04.2026;09:38:28;16,8;19,6;19,7;0;29;1018;0;0;;;0
30.04.2026;09:38:29;16,8;19,6;19,7;0;29;1018;0;0;;;0
30.04.2026;09:38:30;16,8;19,6;19,7;0;29;1018;0;0;;;0
30.04.2026;09:38:31;16,8;19,6;19,7;0;29;1018;0;0;;;0
30.04.2026;09:38:32;16,8;19,6;19,7;0;29;1018;0;0;;;0
30.04.2026;09:38:33;16,8;19,6;19,7;0;29;1018;0;0;;;0
30.04.2026;09:38:34;16,9;19,6;19,7;0;29;1018;0;0;;;0
30.04.2026;09:38:35;16,9;19,6;19,7;0;29;1018;0;0;;;0
30.04.2026;09:38:36;16,9;19,6;19,7;0;29;1018;0;0;;;0
30.04.2026;09:38:37;16,9;19,6;19,7;0;29;1018;0;0;;;0
30.04.2026;09:38:39;16,9;19,6;19,7;0;29;1018;0;0;;;0
30.04.2026;09:38:40;16,9;19,6;19,7;0;29;1018;0;0;;;0
30.04.2026;09:38:41;16,9;19,6;19,7;0;29;1018;0;0;;;0
30.04.2026;09:38:42;16,9;19,6;19,7;0;29;1018;0;0;;;0
30.04.2026;09:38:43;16,9;19,6;19,7;0;29;1018;0;0;;;0
30.04.2026;09:38:44;16,9;19,6;19,7;0;29;1018;0;0;;;0
30.04.2026;09:38:45;16,9;19,6;19,7;0;29;1018;0;0;;;0
30.04.2026;09:38:46;16,9;19,6;19,7;0;29;1018;0;0;;;0
30.04.2026;09:38:47;16,9;19,6;19,7;0;29;1018;0;0;;;0
30.04.2026;09:38:48;16,9;19,6;19,7;0;29;1018;0;0;;;0
30.04.2026;09:38:49;16,9;19,6;19,7;0;29;1018;0;0;;;0
30.04.2026;09:38:50;16,9;19,6;19,7;0;29;1018;0;0;;;0
30.04.2026;09:38:51;16,9;19,6;19,7;0;29;1018;0;0;;;0
30.04.2026;09:38:52;16,9;19,6;19,7;0;29;1018;0;0;;;0
30.04.2026;09:38:53;16,9;19,6;19,7;0;29;1018;0;0;;;0
30.04.2026;09:38:54;16,9;19,6;19,7;0;29;1018;0;0;;;0
30.04.2026;09:38:55;16,9;19,6;19,7;0;29;1018;0;0;;;0
30.04.2026;09:38:56;16,9;19,6;19,7;0;29;1018;0;0;;;0
30.04.2026;09:38:57;16,9;19,6;19,8;0;29;1018;0;0;;;0
30.04.2026;09:38:58;16,9;19,6;19,7;0;29;1018;0;0;;;0
30.04.2026;09:39:00;16,9;19,6;19,7;0;29;1018;0;0;;;0
30.04.2026;09:39:01;16,9;19,6;19,7;0;29;1018;0;0;;;0
30.04.2026;09:39:02;16,9;19,6;19,8;0;29;1018;0;0;;;0
30.04.2026;09:39:03;16,9;19,6;19,8;0;29;1018;0;0;;;0
30.04.2026;09:39:04;16,9;19,7;19,8;0;29;1018;0;0;;;0
30.04.2026;09:39:05;16,9;19,7;19,8;0;29;1018;0;0;;;0
30.04.2026;09:39:06;16,9;19,7;19,8;0;29;1018;0;0;;;0
30.04.2026;09:39:07;16,9;19,7;19,8;0;29;1018;0;0;;;0
30.04.2026;09:39:08;16,9;19,7;19,8;0;29;1018;0;0;;;0
30.04.2026;09:39:09;16,9;19,6;19,8;0;29;1018;0;0;;;0
30.04.2026;09:39:11;16,9;19,6;19,8;0;29;1018;0;0;;;0
30.04.2026;09:39:12;17;19,7;19,8;0;29;1018;0;0;;;0
30.04.2026;09:39:13;17;19,7;19,8;0;29;1018;0;0;;;0
30.04.2026;09:39:14;17;19,7;19,8;0;29;1018;0;0;;;0
30.04.2026;09:39:15;17;19,7;19,8;0;29;1018;0;0;;;0
30.04.2026;09:39:16;17;19,7;19,8;0;29;1018;0;0;;;0
30.04.2026;09:39:17;17;19,7;19,8;0;29;1018;0;0;;;0
30.04.2026;09:39:18;17;19,7;19,8;0;29;1018;0;0;;;0
30.04.2026;09:39:19;17;19,7;19,8;0;29;1018;0;0;;;0
30.04.2026;09:39:20;17;19,7;19,8;0;29;1018;0;0;;;0
30.04.2026;09:39:21;17;19,7;19,8;0;29;1018;0;0;;;0
30.04.2026;09:39:22;17;19,7;19,8;0;29;1018;0;0;;;0
30.04.2026;09:39:23;17;19,7;19,8;0;29;1018;0;0;;;0
30.04.2026;09:39:24;17;19,7;19,8;0;29;1018;0;0;;;0
30.04.2026;09:39:26;17;19,7;19,8;0;29;1018;0;0;;;0
30.04.2026;09:39:27;17;19,7;19,8;0;29;1018;0;0;;;0
30.04.2026;09:39:28;17;19,7;19,8;0;29;1018;0;0;;;0
30.04.2026;09:39:29;17;19,7;19,8;0;29;1018;0;0;;;0
30.04.2026;09:39:30;17;19,7;19,8;0;29;1018;0;0;;;0
30.04.2026;09:39:31;17;19,7;19,8;0;29;1018;0;0;;;0
30.04.2026;09:39:32;17;19,7;19,8;0;29;1018;0;0;;;0
30.04.2026;09:39:33;17;19,7;19,8;0;29;1018;0;0;;;0
30.04.2026;09:39:34;17;19,7;19,8;0;29;1018;0;0;;;0
30.04.2026;09:39:36;17;19,7;19,8;0;29;1018;0;0;;;0
30.04.2026;09:39:37;17;19,7;19,8;0;29;1018;0;0;;;0
30.04.2026;09:39:38;17;19,7;19,8;0;29;1018;0;0;;;0
30.04.2026;09:39:39;17;19,7;19,9;0;29;1018;0;0;;;0
30.04.2026;09:39:40;17,1;19,7;19,8;0;29;1018;0;0;;;0
30.04.2026;09:39:41;17,1;19,7;19,8;0;29;1018;0;0;;;0
30.04.2026;09:39:42;17,1;19,7;19,8;0;29;1018;0;0;;;0
30.04.2026;09:39:43;17;19,7;19,9;0;29;1018;0;0;;;0
30.04.2026;09:39:44;17,1;19,7;19,8;0;29;1018;0;0;;;0
30.04.2026;09:39:46;17,1;19,7;19,9;0;29;1018;0;0;;;0
30.04.2026;09:39:47;17,1;19,7;19,9;0;29;1018;0;0;;;0
30.04.2026;09:39:48;17,1;19,7;19,8;0;29;1018;0;0;;;0
30.04.2026;09:39:49;17,1;19,7;19,9;0;29;1018;0;0;;;0
30.04.2026;09:39:50;17,1;19,7;19,9;0;29;1018;0;0;;;0
30.04.2026;09:39:51;17,1;19,7;19,9;0;29;1018;0;0;;;0
30.04.2026;09:39:52;17,1;19,7;19,9;0;29;1018;0;0;;;0
30.04.2026;09:39:53;17,1;19,7;19,9;0;29;1018;0;0;;;0
30.04.2026;09:39:55;17,1;19,7;19,9;0;29;1018;0;0;;;0
30.04.2026;09:39:56;17,1;19,7;19,9;0;29;1018;0;0;;;0
30.04.2026;09:39:57;17,1;19,7;19,9;0;29;1018;0;0;;;0
30.04.2026;09:39:58;17,1;19,7;19,9;0;29;1018;0;0;;;0
30.04.2026;09:39:59;17,1;19,7;19,9;0;29;1018;0;0;;;0
30.04.2026;09:40:00;17,1;19,7;19,9;0;29;1018;0;0;;;0
30.04.2026;09:40:01;17,1;19,7;20;1;29;1018;0;0;;;0
30.04.2026;09:40:02;17,1;19,7;19,9;0;29;1018;0;0;;;0
30.04.2026;09:40:03;17,1;19,7;19,9;0;29;1018;0;0;;;0
30.04.2026;09:40:04;17,1;19,7;19,9;0;29;1018;0;0;;;0
30.04.2026;09:40:05;17,1;19,7;19,9;0;29;1018;0;0;;;0
30.04.2026;09:40:06;17,1;19,7;19,9;0;29;1018;0;0;;;0
30.04.2026;09:40:07;17,1;19,7;20;1;29;1018;0;0;;;0
30.04.2026;09:40:08;17,1;19,7;20;1;29;1018;0;0;;;0
30.04.2026;09:40:09;17,1;19,7;19,9;0;29;1018;0;0;;;0
30.04.2026;09:40:10;17,1;19,7;20;1;29;1018;0;0;;;0
30.04.2026;09:40:11;17,1;19,7;20;1;29;1018;0;0;;;0
30.04.2026;09:40:13;17,1;19,7;20;1;29;1018;0;0;;;0
30.04.2026;09:40:14;17,1;19,7;20;1;29;1018;0;0;;;0
30.04.2026;09:40:15;17,1;19,7;20;1;29;1018;0;0;;;0
30.04.2026;09:40:16;17,2;19,7;20;1;29;1018;0;0;;;0
30.04.2026;09:40:17;17,2;19,7;20;1;29;1018;0;0;;;0
30.04.2026;09:40:18;17,2;19,7;20;1;29;1018;0;0;;;0
30.04.2026;09:40:19;17,2;19,7;20;1;29;1018;0;0;;;0
30.04.2026;09:40:20;17,2;19,7;20;1;29;1018;0;0;;;0
30.04.2026;09:40:22;17,2;19,7;20;1;29;1018;0;0;;;0
30.04.2026;09:40:23;17,2;19,7;20;1;29;1018;0;0;;;0
30.04.2026;09:40:24;17,2;19,7;20;1;29;1018;0;0;;;0
30.04.2026;09:40:25;17,2;19,7;20;1;29;1018;0;0;;;0
30.04.2026;09:40:26;17,2;19,7;20;1;29;1018;0;0;;;0
30.04.2026;09:40:27;17,2;19,7;20;1;29;1018;0;0;;;0
30.04.2026;09:40:28;17,2;19,7;20,1;1;29;1018;0;0;;;0
30.04.2026;09:40:30;17,2;19,7;20;1;29;1018;0;0;;;0
30.04.2026;09:40:31;17,2;19,7;20;1;29;1018;0;0;;;0
30.04.2026;09:40:32;17,2;19,7;20;1;29;1018;0;0;;;0
30.04.2026;09:40:33;17,2;19,7;20,1;1;29;1018;0;0;;;0
30.04.2026;09:40:34;17,2;19,7;20;1;29;1018;0;0;;;0
30.04.2026;09:40:35;17,2;19,7;20,1;1;29;1018;0;0;;;0
30.04.2026;09:40:36;17,2;19,7;20,1;1;29;1018;0;0;;;0
30.04.2026;09:40:37;17,2;19,7;20,1;1;29;1018;0;0;;;0
30.04.2026;09:40:39;17,2;19,7;20,1;1;29;1018;0;0;;;0
30.04.2026;09:40:40;17,2;19,7;20,1;1;29;1018;0;0;;;0
30.04.2026;09:40:41;17,2;19,7;20,1;1;29;1018;0;0;;;0
30.04.2026;09:40:42;17,2;19,7;20,1;1;29;1018;0;0;;;0
30.04.2026;09:40:43;17,2;19,7;20,1;1;29;1018;0;0;;;0
30.04.2026;09:40:44;17,2;19,7;20,1;1;29;1018;0;0;;;0
30.04.2026;09:40:46;17,2;19,7;20,1;1;29;1018;0;0;;;0
30.04.2026;09:40:47;17,2;19,7;20,1;1;29;1018;0;0;;;0
30.04.2026;09:40:48;17,2;19,7;20,1;1;29;1018;0;0;;;0
30.04.2026;09:40:49;17,2;19,7;20,1;1;29;1018;0;0;;;0
30.04.2026;09:40:50;17,2;19,7;20,1;1;29;1018;0;0;;;0
30.04.2026;09:40:51;17,2;19,7;20,1;1;29;1018;0;0;;;0
30.04.2026;09:40:52;17,2;19,7;20,1;1;29;1018;0;0;;;0
30.04.2026;09:40:53;17,2;19,7;20,1;1;29;1018;0;0;;;0
30.04.2026;09:40:54;17,2;19,7;20,1;1;29;1018;0;0;;;0
30.04.2026;09:40:56;17,2;19,7;20,1;1;29;1018;0;0;;;0
30.04.2026;09:40:57;17,2;19,7;20,2;1;29;1018;0;0;;;0
30.04.2026;09:40:58;17,2;19,7;20,2;1;29;1018;0;0;;;0
30.04.2026;09:40:59;17,2;19,7;20,2;1;29;1018;0;0;;;0
30.04.2026;09:41:00;17,2;19,7;20,2;1;29;1018;0;0;;;0
30.04.2026;09:41:01;17,2;19,7;20,2;1;29;1018;0;0;;;0
30.04.2026;09:41:02;17,2;19,7;20,2;1;29;1018;0;0;;;0
30.04.2026;09:41:03;17,2;19,7;20,2;1;29;1018;0;0;;;0
30.04.2026;09:41:04;17,2;19,7;20,2;1;29;1018;0;0;;;0
30.04.2026;09:41:05;17,2;19,7;20,2;1;29;1018;0;0;;;0
30.04.2026;09:41:06;17,2;19,7;20,2;1;29;1018;0;0;;;0
30.04.2026;09:41:08;17,2;19,7;20,2;1;29;1018;0;0;;;0
30.04.2026;09:41:09;17,2;19,7;20,2;1;29;1018;0;0;;;0
30.04.2026;09:41:10;17,2;19,7;20,2;1;29;1018;0;0;;;0
30.04.2026;09:41:11;17,2;19,7;20,2;1;29;1018;0;0;;;0
30.04.2026;09:41:12;17,2;19,7;20,2;1;29;1018;0;0;;;0
30.04.2026;09:41:13;17,2;19,7;20,2;1;29;1018;0;0;;;0
30.04.2026;09:41:14;17,2;19,7;20,2;1;29;1018;0;0;;;0
30.04.2026;09:41:15;17,2;19,6;20,2;1;29;1018;0;0;;;0
30.04.2026;09:41:16;17,2;19,6;20,3;1;29;1018;0;0;;;0
30.04.2026;09:41:17;17,2;19,6;20,3;1;29;1018;0;0;;;0
30.04.2026;09:41:19;17,2;19,6;20,3;1;29;1018;0;0;;;0
30.04.2026;09:41:20;17,2;19,6;20,3;1;29;1018;0;0;;;0
30.04.2026;09:41:21;17,3;19,6;20,3;1;29;1018;0;0;;;0
30.04.2026;09:41:22;17,3;19,6;20,3;1;29;1018;0;0;;;0
30.04.2026;09:41:23;17,3;19,6;20,3;1;29;1018;0;0;;;0
30.04.2026;09:41:24;17,3;19,6;20,3;1;29;1018;0;0;;;0
30.04.2026;09:41:25;17,3;19,6;20,3;1;29;1018;0;0;;;0
30.04.2026;09:41:26;17,3;19,6;20,3;1;29;1018;0;0;;;0
30.04.2026;09:41:27;17,3;19,7;20,3;1;29;1018;0;0;;;0
30.04.2026;09:41:28;17,3;19,7;20,3;1;29;1018;0;0;;;0
30.04.2026;09:41:30;17,3;19,7;20,3;1;29;1018;0;0;;;0
30.04.2026;09:41:31;17,3;19,7;20,3;1;29;1018;0;0;;;0
30.04.2026;09:41:31;17,3;19,7;20,3;1;29;1018;0;0;;;0
30.04.2026;09:41:32;17,3;19,7;20,3;1;29;1018;0;0;;;0
30.04.2026;09:41:34;17,3;19,7;20,3;1;29;1018;0;0;;;0
30.04.2026;09:41:35;17,3;19,7;20,3;1;29;1018;0;0;;;0
30.04.2026;09:41:36;17,3;19,7;20,3;1;29;1018;0;0;;;0
30.04.2026;09:41:37;17,3;19,7;20,4;1;29;1018;0;0;;;0
30.04.2026;09:41:38;17,3;19,6;20,4;1;29;1018;0;0;;;0
30.04.2026;09:41:39;17,3;19,6;20,4;1;29;1018;0;0;;;0
30.04.2026;09:41:40;17,3;19,6;20,3;1;29;1018;0;0;;;0
30.04.2026;09:41:41;17,3;19,7;20,4;1;29;1018;0;0;;;0
30.04.2026;09:41:42;17,3;19,7;20,4;1;29;1018;0;0;;;0
30.04.2026;09:41:43;17,3;19,7;20,4;1;29;1018;0;0;;;0
30.04.2026;09:41:44;17,3;19,7;20,4;1;29;1018;0;0;;;0
30.04.2026;09:41:45;17,3;19,7;20,4;1;29;1018;0;0;;;0
30.04.2026;09:41:46;17,3;19,7;20,4;1;29;1018;0;0;;;0
30.04.2026;09:41:47;17,3;19,7;20,4;1;29;1018;0;0;;;0
30.04.2026;09:41:48;17,3;19,7;20,4;1;29;1018;0;0;;;0
30.04.2026;09:41:49;17,3;19,7;20,4;1;29;1018;0;0;;;0
30.04.2026;09:41:51;17,3;19,7;20,4;1;29;1018;0;0;;;0
30.04.2026;09:41:52;17,3;19,7;20,4;1;29;1018;0;0;;;0
30.04.2026;09:41:53;17,3;19,7;20,4;1;29;1018;0;0;;;0
30.04.2026;09:41:54;17,3;19,7;20,4;1;29;1018;0;0;;;0
30.04.2026;09:41:55;17,3;19,7;20,4;1;29;1018;0;0;;;0
30.04.2026;09:41:56;17,3;19,7;20,4;1;29;1018;0;0;;;0
30.04.2026;09:41:57;17,3;19,7;20,4;1;29;1018;0;0;;;0
30.04.2026;09:41:59;17,3;19,7;20,5;1;29;1018;0;0;;;0
30.04.2026;09:42:00;17,3;19,7;20,5;1;29;1018;0;0;;;0
30.04.2026;09:42:01;17,3;19,7;20,5;1;29;1018;0;0;;;0
30.04.2026;09:42:02;17,3;19,7;20,5;1;29;1018;0;0;;;0
30.04.2026;09:42:03;17,4;19,7;20,5;1;29;1018;0;0;;;0
30.04.2026;09:42:04;17,4;19,7;20,5;1;29;1018;0;0;;;0
30.04.2026;09:42:05;17,4;19,7;20,5;1;29;1018;0;0;;;0
30.04.2026;09:42:06;17,4;19,7;20,5;1;29;1018;0;0;;;0
30.04.2026;09:42:07;17,4;19,7;20,5;1;29;1018;0;0;;;0
30.04.2026;09:42:08;17,4;19,7;20,5;1;29;1018;0;0;;;0
30.04.2026;09:42:09;17,4;19,7;20,5;1;29;1018;0;0;;;0
30.04.2026;09:42:11;17,4;19,7;20,5;1;29;1018;0;0;;;0
30.04.2026;09:42:11;17,4;19,7;20,5;1;29;1018;0;0;;;0
30.04.2026;09:42:12;17,4;19,7;20,5;1;29;1018;0;0;;;0
30.04.2026;09:42:14;17,4;19,7;20,5;1;29;1018;0;0;;;0
30.04.2026;09:42:15;17,4;19,7;20,5;1;29;1018;0;0;;;0
30.04.2026;09:42:16;17,4;19,7;20,5;1;29;1018;0;0;;;0
30.04.2026;09:42:17;17,4;19,7;20,5;1;29;1018;0;0;;;0
30.04.2026;09:42:18;17,4;19,7;20,5;1;29;1018;0;0;;;0
30.04.2026;09:42:19;17,4;19,7;20,5;1;29;1018;0;0;;;0
30.04.2026;09:42:20;17,4;19,7;20,5;1;29;1018;0;0;;;0
30.04.2026;09:42:21;17,4;19,7;20,5;1;29;1018;0;0;;;0
30.04.2026;09:42:22;17,4;19,7;20,6;1;29;1018;0;0;;;0
30.04.2026;09:42:23;17,4;19,7;20,6;1;29;1018;0;0;;;0
30.04.2026;09:42:24;17,4;19,7;20,6;1;29;1018;0;0;;;0
30.04.2026;09:42:25;17,4;19,7;20,6;1;29;1018;0;0;;;0
30.04.2026;09:42:26;17,4;19,7;20,6;1;29;1018;0;0;;;0
30.04.2026;09:42:27;17,4;19,7;20,6;1;29;1018;0;0;;;0
30.04.2026;09:42:28;17,4;19,7;20,6;1;29;1018;0;0;;;0
30.04.2026;09:42:30;17,4;19,7;20,6;1;29;1018;0;0;;;0
30.04.2026;09:42:30;17,4;19,7;20,6;1;29;1018;0;0;;;0
30.04.2026;09:42:31;17,4;19,7;20,6;1;29;1018;0;0;;;0
30.04.2026;09:42:33;17,4;19,7;20,6;1;29;1018;0;0;;;0
30.04.2026;09:42:34;17,4;19,7;20,6;1;29;1018;0;0;;;0
30.04.2026;09:42:35;17,4;19,7;20,6;1;29;1018;0;0;;;0
30.04.2026;09:42:36;17,4;19,7;20,6;1;29;1018;0;0;;;0
30.04.2026;09:42:37;17,4;19,7;20,6;1;29;1018;0;0;;;0
30.04.2026;09:42:38;17,4;19,7;20,6;1;29;1018;0;0;;;0
30.04.2026;09:42:39;17,4;19,7;20,6;1;29;1018;0;0;;;0
30.04.2026;09:42:40;17,4;19,7;20,6;1;29;1018;0;0;;;0
30.04.2026;09:42:41;17,4;19,7;20,6;1;29;1018;0;0;;;0
30.04.2026;09:42:42;17,4;19,7;20,6;1;29;1018;0;0;;;0
30.04.2026;09:42:43;17,4;19,7;20,7;1;29;1018;0;0;;;0
30.04.2026;09:42:44;17,4;19,7;20,6;1;29;1018;0;0;;;0
30.04.2026;09:42:45;17,5;19,7;20,7;1;29;1018;0;0;;;0
30.04.2026;09:42:47;17,5;19,7;20,7;1;29;1018;0;0;;;0
30.04.2026;09:42:48;17,5;19,7;20,7;1;29;1018;0;0;;;0
30.04.2026;09:42:49;17,4;19,7;20,7;1;29;1018;0;0;;;0
30.04.2026;09:42:50;17,4;19,7;20,7;1;29;1018;0;0;;;0
30.04.2026;09:42:51;17,4;19,7;20,7;1;29;1018;0;0;;;0
30.04.2026;09:42:52;17,5;19,7;20,7;1;29;1018;0;0;;;0
30.04.2026;09:42:53;17,5;19,7;20,7;1;29;1018;0;0;;;0
30.04.2026;09:42:54;17,5;19,7;20,7;1;29;1018;0;0;;;0
30.04.2026;09:42:55;17,5;19,7;20,7;1;29;1018;0;0;;;0
30.04.2026;09:42:56;17,5;19,7;20,7;1;29;1018;0;0;;;0
30.04.2026;09:42:57;17,5;19,7;20,7;1;29;1018;0;0;;;0
30.04.2026;09:42:58;17,5;19,7;20,7;1;29;1018;0;0;;;0
30.04.2026;09:42:59;17,5;19,7;20,8;1;29;1018;0;0;;;0
30.04.2026;09:43:01;17,5;19,7;20,7;1;29;1018;0;0;;;0
30.04.2026;09:43:02;17,5;19,7;20,7;1;29;1018;0;0;;;0
30.04.2026;09:43:03;17,5;19,7;20,8;1;29;1018;0;0;;;0
30.04.2026;09:43:04;17,5;19,7;20,7;1;29;1018;0;0;;;0
30.04.2026;09:43:05;17,5;19,7;20,7;1;29;1018;0;0;;;0
30.04.2026;09:43:06;17,5;19,7;20,7;1;29;1018;0;0;;;0
30.04.2026;09:43:07;17,5;19,7;20,7;1;29;1018;0;0;;;0
30.04.2026;09:43:08;17,5;19,7;20,8;1;29;1018;0;0;;;0
30.04.2026;09:43:10;17,5;19,7;20,8;1;29;1018;0;0;;;0
30.04.2026;09:43:11;17,5;19,7;20,8;1;29;1018;0;0;;;0
30.04.2026;09:43:12;17,5;19,7;20,8;1;29;1018;0;0;;;0
30.04.2026;09:43:13;17,5;19,7;20,8;1;29;1018;0;0;;;0
30.04.2026;09:43:14;17,5;19,7;20,8;1;29;1018;0;0;;;0
30.04.2026;09:43:15;17,4;19,7;20,8;1;29;1018;0;0;;;0
30.04.2026;09:43:16;17,4;19,7;20,8;1;29;1018;0;0;;;0
30.04.2026;09:43:17;17,4;19,7;20,8;1;29;1018;0;0;;;0
30.04.2026;09:43:18;17,4;19,7;20,8;1;29;1018;0;0;;;0
30.04.2026;09:43:20;17,4;19,7;20,8;1;29;1018;0;0;;;0
30.04.2026;09:43:21;17,4;19,7;20,8;1;29;1018;0;0;;;0
30.04.2026;09:43:22;17,4;19,7;20,8;1;29;1018;0;0;;;0
30.04.2026;09:43:23;17,4;19,7;20,8;1;29;1018;0;0;;;0
30.04.2026;09:43:24;17,4;19,7;20,8;1;29;1018;0;0;;;0
30.04.2026;09:43:25;17,4;19,7;20,8;1;29;1018;0;0;;;0
30.04.2026;09:43:26;17,5;19,7;20,8;1;29;1018;0;0;;;0
30.04.2026;09:43:27;17,5;19,7;20,8;1;29;1018;0;0;;;0
30.04.2026;09:43:28;17,5;19,7;20,8;1;29;1018;0;0;;;0
30.04.2026;09:43:29;17,4;19,7;20,9;1;29;1018;0;0;;;0
30.04.2026;09:43:31;17,4;19,7;20,9;1;29;1018;0;0;;;0
30.04.2026;09:43:32;17,4;19,7;20,8;1;29;1018;0;0;;;0
30.04.2026;09:43:33;17,4;19,7;20,8;1;29;1018;0;0;;;0
30.04.2026;09:43:34;17,4;19,7;20,9;1;29;1018;0;0;;;0
30.04.2026;09:43:35;17,4;19,7;20,9;1;29;1018;0;0;;;0
30.04.2026;09:43:36;17,4;19,7;20,9;1;29;1018;0;0;;;0
30.04.2026;09:43:37;17,4;19,7;20,9;1;29;1018;0;0;;;0
30.04.2026;09:43:38;17,5;19,7;20,9;1;29;1018;0;0;;;0
30.04.2026;09:43:39;17,5;19,7;20,9;1;29;1018;0;0;;;0
30.04.2026;09:43:41;17,5;19,7;20,9;1;29;1018;0;0;;;0
30.04.2026;09:43:42;17,5;19,7;20,9;1;29;1018;0;0;;;0
30.04.2026;09:43:43;17,5;19,7;20,9;1;29;1018;0;0;;;0
30.04.2026;09:43:44;17,4;19,7;20,9;1;29;1018;0;0;;;0
30.04.2026;09:43:45;17,4;19,7;20,9;1;29;1018;0;0;;;0
30.04.2026;09:43:46;17,5;19,7;20,9;1;29;1018;0;0;;;0
30.04.2026;09:43:47;17,5;19,7;20,9;1;29;1018;0;0;;;0
30.04.2026;09:43:48;17,5;19,7;20,9;1;29;1018;0;0;;;0
30.04.2026;09:43:49;17,5;19,7;20,9;1;29;1018;0;0;;;0
30.04.2026;09:43:50;17,5;19,7;20,9;1;29;1018;0;0;;;0
30.04.2026;09:43:51;17,5;19,7;20,9;1;29;1018;0;0;;;0
30.04.2026;09:43:52;17,5;19,7;20,9;1;29;1018;0;0;;;0
30.04.2026;09:43:53;17,5;19,7;20,9;1;29;1018;0;0;;;0
30.04.2026;09:43:55;17,5;19,7;20,9;1;29;1018;0;0;;;0
30.04.2026;09:43:56;17,5;19,7;20,9;1;29;1018;0;0;;;0
30.04.2026;09:43:57;17,5;19,7;20,9;1;29;1018;0;0;;;0
30.04.2026;09:43:58;17,5;19,7;21;2;29;1018;0;0;;;0
30.04.2026;09:43:59;17,5;19,7;20,9;1;29;1018;0;0;;;0
30.04.2026;09:44:00;17,5;19,7;21;2;29;1018;0;0;;;0
30.04.2026;09:44:01;17,5;19,7;20,9;1;29;1018;0;0;;;0
30.04.2026;09:44:02;17,5;19,7;20,9;1;29;1018;0;0;;;0
30.04.2026;09:44:03;17,5;19,7;20,9;1;29;1018;0;0;;;0
30.04.2026;09:44:04;17,5;19,7;21;2;29;1018;0;0;;;0
30.04.2026;09:44:05;17,5;19,7;21;2;29;1018;0;0;;;0
30.04.2026;09:44:06;17,5;19,7;21;2;29;1018;0;0;;;0
30.04.2026;09:44:07;17,5;19,7;21;2;29;1018;0;0;;;0
30.04.2026;09:44:08;17,5;19,7;21;2;29;1018;0;0;;;0
30.04.2026;09:44:09;17,5;19,7;21;2;29;1018;0;0;;;0
30.04.2026;09:44:10;17,5;19,7;21;2;29;1018;0;0;;;0
30.04.2026;09:44:11;17,5;19,7;21;2;29;1018;0;0;;;0
30.04.2026;09:44:12;17,5;19,7;21;2;29;1018;0;0;;;0
30.04.2026;09:44:13;17,6;19,7;21;2;29;1018;0;0;;;0
30.04.2026;09:44:14;17,6;19,7;21;2;29;1018;0;0;;;0
30.04.2026;09:44:16;17,6;19,7;21;2;29;1018;0;0;;;0
30.04.2026;09:44:17;17,6;19,7;21;2;29;1018;0;0;;;0
30.04.2026;09:44:18;17,6;19,7;21;2;29;1018;0;0;;;0
30.04.2026;09:44:19;17,6;19,7;21;2;29;1018;0;0;;;0
30.04.2026;09:44:20;17,6;19,7;21;2;29;1018;0;0;;;0
30.04.2026;09:44:21;17,6;19,7;21;2;29;1018;0;0;;;0
30.04.2026;09:44:22;17,6;19,7;21;2;29;1018;0;0;;;0
30.04.2026;09:44:23;17,6;19,7;21;2;29;1018;0;0;;;0
30.04.2026;09:44:24;17,6;19,7;21;2;29;1018;0;0;;;0
30.04.2026;09:44:26;17,6;19,7;21;2;29;1018;0;0;;;0
30.04.2026;09:44:27;17,6;19,7;21;2;29;1018;0;0;;;0
30.04.2026;09:44:28;17,6;19,7;21;2;29;1018;0;0;;;0
30.04.2026;09:44:29;17,6;19,7;21;2;29;1018;0;0;;;0
30.04.2026;09:44:30;17,6;19,7;21;2;29;1018;0;0;;;0
30.04.2026;09:44:31;17,6;19,7;21;2;29;1018;0;0;;;0
30.04.2026;09:44:32;17,6;19,7;21;2;29;1018;0;0;;;0
30.04.2026;09:44:33;17,6;19,7;21;2;29;1018;0;0;;;0
30.04.2026;09:44:35;17,6;19,7;21;2;29;1018;0;0;;;0
30.04.2026;09:44:36;17,6;19,7;21;2;29;1018;0;0;;;0
30.04.2026;09:44:37;17,6;19,7;21;2;29;1018;0;0;;;0
30.04.2026;09:44:38;17,6;19,7;21;2;29;1018;0;0;;;0
30.04.2026;09:44:39;17,6;19,7;21;2;29;1018;0;0;;;0
30.04.2026;09:44:40;17,6;19,7;21;2;29;1018;0;0;;;0
30.04.2026;09:44:41;17,6;19,7;21;2;29;1018;0;0;;;0
30.04.2026;09:44:43;17,6;19,7;21;2;29;1018;0;0;;;0
30.04.2026;09:44:44;17,6;19,7;21;2;29;1018;0;0;;;0
30.04.2026;09:44:45;17,6;19,7;21;2;29;1018;0;0;;;0
30.04.2026;09:44:46;17,6;19,7;21;2;29;1018;0;0;;;0
30.04.2026;09:44:47;17,6;19,7;21;2;29;1018;0;0;;;0
30.04.2026;09:44:49;17,6;19,7;21;2;29;1018;0;0;;;0
30.04.2026;09:44:50;17,6;19,7;21;2;29;1018;0;0;;;0
30.04.2026;09:44:51;17,6;19,7;21;2;29;1018;0;0;;;0
30.04.2026;09:44:52;17,6;19,7;21;2;29;1018;0;0;;;0
30.04.2026;09:44:53;17,6;19,7;21;2;29;1018;0;0;;;0
30.04.2026;09:44:54;17,6;19,7;21;2;29;1018;0;0;;;0
30.04.2026;09:44:55;17,6;19,7;21;2;29;1018;0;0;;;0
30.04.2026;09:44:57;17,6;19,7;21;2;29;1018;0;0;;;0
30.04.2026;09:44:58;17,6;19,7;21;2;29;1018;0;0;;;0
30.04.2026;09:44:59;17,6;19,7;21;2;29;1018;0;0;;;0
30.04.2026;09:45:00;17,6;19,7;21;2;29;1018;0;0;;;0
30.04.2026;09:45:01;17,6;19,7;21;2;29;1018;0;0;;;0
30.04.2026;09:45:03;17,6;19,7;21;2;29;1018;0;0;;;0
30.04.2026;09:45:04;17,6;19,7;21;2;29;1018;0;0;;;0
30.04.2026;09:45:05;17,6;19,7;21;2;29;1018;0;0;;;0
30.04.2026;09:45:06;17,6;19,7;21;2;29;1018;0;0;;;0
30.04.2026;09:45:07;17,6;19,7;21;2;29;1018;0;0;;;0
30.04.2026;09:45:08;17,6;19,7;21;2;29;1018;0;0;;;0
30.04.2026;09:45:09;17,6;19,7;21;2;29;1018;0;0;;;0
30.04.2026;09:45:10;17,6;19,7;21;2;29;1018;0;0;;;0
30.04.2026;09:45:11;17,6;19,7;21;2;29;1018;0;0;;;0
30.04.2026;09:45:12;17,6;19,7;21;2;29;1018;0;0;;;0
30.04.2026;09:45:14;17,7;19,7;21;2;29;1018;0;0;;;0
30.04.2026;09:45:15;17,7;19,7;21;2;29;1018;0;0;;;0
30.04.2026;09:45:16;17,7;19,7;21;2;29;1018;0;0;;;0
30.04.2026;09:45:17;17,7;19,7;21;2;29;1018;0;0;;;0
30.04.2026;09:45:18;17,7;19,7;21;2;29;1018;0;0;;;0
30.04.2026;09:45:19;17,7;19,7;21;2;29;1018;0;0;;;0
30.04.2026;09:45:20;17,7;19,7;21;2;29;1018;0;0;;;0
30.04.2026;09:45:21;17,7;19,7;21;2;29;1018;0;0;;;0
30.04.2026;09:45:22;17,7;19,7;21;2;29;1018;0;0;;;0
30.04.2026;09:45:23;17,7;19,7;21;2;29;1018;0;0;;;0
30.04.2026;09:45:24;17,7;19,7;21;2;29;1018;0;0;;;0
30.04.2026;09:45:25;17,7;19,7;21;2;29;1018;0;0;;;0
30.04.2026;09:45:27;17,7;19,7;21;2;29;1018;0;0;;;0
30.04.2026;09:45:28;17,7;19,7;21;2;29;1018;0;0;;;0
30.04.2026;09:45:29;17,7;19,7;21;2;29;1018;0;0;;;0
30.04.2026;09:45:30;17,7;19,7;21;2;29;1018;0;0;;;0
30.04.2026;09:45:31;17,7;19,7;21;2;29;1018;0;0;;;0
30.04.2026;09:45:32;17,7;19,7;21;2;29;1018;0;0;;;0
30.04.2026;09:45:33;17,7;19,7;21;2;29;1018;0;0;;;0
30.04.2026;09:45:34;17,7;19,7;21;2;29;1018;0;0;;;0
30.04.2026;09:45:35;17,7;19,7;21;2;29;1018;0;0;;;0
30.04.2026;09:45:36;17,7;19,7;21;2;29;1018;0;0;;;0
30.04.2026;09:45:37;17,7;19,7;21;2;29;1018;0;0;;;0
30.04.2026;09:45:38;17,7;19,7;21;2;29;1018;0;0;;;0
30.04.2026;09:45:39;17,7;19,7;21;2;29;1018;0;0;;;0
30.04.2026;09:45:40;17,7;19,7;21;2;29;1018;0;0;;;0
30.04.2026;09:45:42;17,7;19,7;21;2;29;1018;0;0;;;0
30.04.2026;09:45:43;17,7;19,7;21;2;29;1018;0;0;;;0
30.04.2026;09:45:44;17,7;19,7;21;2;29;1018;0;0;;;0
30.04.2026;09:45:45;17,7;19,7;21;2;29;1018;0;0;;;0
30.04.2026;09:45:46;17,7;19,7;21;2;29;1018;0;0;;;0
30.04.2026;09:45:47;17,7;19,7;21;2;29;1018;0;0;;;0
30.04.2026;09:45:48;17,7;19,7;20,9;1;29;1018;0;0;;;0
30.04.2026;09:45:49;17,7;19,7;21;2;29;1018;0;0;;;0
30.04.2026;09:45:50;17,7;19,7;21;2;29;1018;0;0;;;0
30.04.2026;09:45:51;17,7;19,7;21;2;29;1018;0;0;;;0
30.04.2026;09:45:52;17,7;19,7;21;2;29;1018;0;0;;;0
30.04.2026;09:45:53;17,7;19,7;21;2;29;1018;0;0;;;0
30.04.2026;09:45:55;17,7;19,7;21;2;29;1018;0;0;;;0
30.04.2026;09:45:56;17,7;19,7;21;2;29;1018;0;0;;;0
30.04.2026;09:45:57;17,8;19,7;20,9;1;29;1018;0;0;;;0
30.04.2026;09:45:58;17,8;19,7;21;2;29;1018;0;0;;;0
30.04.2026;09:45:59;17,8;19,7;21;2;29;1018;0;0;;;0
30.04.2026;09:46:00;17,8;19,7;21;2;29;1018;0;0;;;0
30.04.2026;09:46:01;17,8;19,7;21;2;29;1018;0;0;;;0
30.04.2026;09:46:02;17,8;19,7;21;2;29;1018;0;0;;;0
30.04.2026;09:46:03;17,8;19,7;21;2;29;1018;0;0;;;0
30.04.2026;09:46:04;17,8;19,7;20,9;1;29;1018;0;0;;;0
30.04.2026;09:46:05;17,8;19,7;20,9;1;29;1018;0;0;;;0
30.04.2026;09:46:06;17,8;19,7;21;2;29;1018;0;0;;;0
30.04.2026;09:46:07;17,8;19,7;21;2;29;1018;0;0;;;0
30.04.2026;09:46:08;17,8;19,7;20,9;1;29;1018;0;0;;;0
30.04.2026;09:46:09;17,8;19,7;20,9;1;29;1018;0;0;;;0
30.04.2026;09:46:10;17,8;19,7;20,9;1;29;1018;0;0;;;0
30.04.2026;09:46:11;17,8;19,7;20,9;1;29;1018;0;0;;;0
30.04.2026;09:46:12;17,8;19,7;20,9;1;29;1018;0;0;;;0
30.04.2026;09:46:14;17,8;19,7;20,9;1;29;1018;0;0;;;0
30.04.2026;09:46:15;17,8;19,7;21;2;29;1018;0;0;;;0
30.04.2026;09:46:16;17,8;19,7;20,9;1;29;1018;0;0;;;0
30.04.2026;09:46:17;17,8;19,7;20,9;1;29;1018;0;0;;;0
30.04.2026;09:46:18;17,8;19,7;20,9;1;29;1018;0;0;;;0
30.04.2026;09:46:20;17,8;19,7;20,9;1;29;1018;0;0;;;0
30.04.2026;09:46:21;17,8;19,7;20,9;1;29;1018;0;0;;;0
30.04.2026;09:46:22;17,8;19,7;20,9;1;29;1018;0;0;;;0
30.04.2026;09:46:23;17,8;19,7;20,9;1;29;1018;0;0;;;0
30.04.2026;09:46:24;17,8;19,7;20,9;1;29;1018;0;0;;;0
30.04.2026;09:46:25;17,8;19,7;20,9;1;29;1018;0;0;;;0
30.04.2026;09:46:26;17,8;19,7;20,9;1;29;1018;0;0;;;0
30.04.2026;09:46:27;17,8;19,7;20,9;1;29;1018;0;0;;;0
30.04.2026;09:46:28;17,8;19,7;20,9;1;29;1018;0;0;;;0
30.04.2026;09:46:30;17,8;19,7;20,9;1;29;1018;0;0;;;0
30.04.2026;09:46:31;17,8;19,7;20,9;1;29;1018;0;0;;;0
30.04.2026;09:46:32;17,8;19,7;20,9;1;29;1018;0;0;;;0
30.04.2026;09:46:33;17,8;19,7;20,9;1;29;1018;0;0;;;0
30.04.2026;09:46:34;17,8;19,7;20,9;1;29;1018;0;0;;;0
30.04.2026;09:46:35;17,8;19,7;20,9;1;29;1018;0;0;;;0
30.04.2026;09:46:36;17,8;19,7;20,9;1;29;1018;0;0;;;0
30.04.2026;09:46:38;17,8;19,7;20,9;1;29;1018;0;0;;;0
30.04.2026;09:46:39;17,8;19,7;20,9;1;29;1018;0;0;;;0
30.04.2026;09:46:40;17,8;19,7;21;2;29;1018;0;0;;;0
30.04.2026;09:46:41;17,8;19,7;20,9;1;29;1018;0;0;;;0
30.04.2026;09:46:42;17,8;19,7;20,9;1;29;1018;0;0;;;0
30.04.2026;09:46:43;17,8;19,7;20,9;1;29;1018;0;0;;;0
30.04.2026;09:46:44;17,8;19,7;20,9;1;29;1018;0;0;;;0
30.04.2026;09:46:46;17,8;19,7;20,9;1;29;1018;0;0;;;0
30.04.2026;09:46:47;17,8;19,7;20,9;1;29;1018;0;0;;;0
30.04.2026;09:46:48;17,8;19,7;20,9;1;29;1018;0;0;;;0
30.04.2026;09:46:49;17,8;19,7;20,9;1;29;1018;0;0;;;0
30.04.2026;09:46:50;17,8;19,7;20,9;1;29;1018;0;0;;;0
30.04.2026;09:46:51;17,8;19,7;20,9;1;29;1018;0;0;;;0
30.04.2026;09:46:52;17,8;19,7;20,9;1;29;1018;0;0;;;0
30.04.2026;09:46:53;17,8;19,7;20,9;1;29;1018;0;0;;;0
30.04.2026;09:46:54;17,8;19,7;20,9;1;29;1018;0;0;;;0
30.04.2026;09:46:55;17,9;19,7;20,9;1;29;1018;0;0;;;0
30.04.2026;09:46:56;17,9;19,7;20,9;1;29;1018;0;0;;;0
30.04.2026;09:46:58;17,9;19,7;20,9;1;29;1018;0;0;;;0
30.04.2026;09:46:59;17,9;19,7;20,9;1;29;1018;0;0;;;0
30.04.2026;09:47:00;17,9;19,7;20,9;1;29;1018;0;0;;;0
30.04.2026;09:47:01;17,9;19,7;20,9;1;29;1018;0;0;;;0
30.04.2026;09:47:02;17,9;19,7;20,9;1;29;1018;0;0;;;0
30.04.2026;09:47:03;17,9;19,7;20,9;1;29;1018;0;0;;;0
30.04.2026;09:47:04;17,9;19,7;20,9;1;29;1018;0;0;;;0
30.04.2026;09:47:05;17,9;19,7;20,9;1;29;1018;0;0;;;0
30.04.2026;09:47:06;17,9;19,7;20,9;1;29;1018;0;0;;;0
30.04.2026;09:47:07;17,9;19,7;20,9;1;29;1018;0;0;;;0
30.04.2026;09:47:08;17,9;19,7;20,9;1;29;1018;0;0;;;0
30.04.2026;09:47:09;17,9;19,7;20,9;1;29;1018;0;0;;;0
30.04.2026;09:47:11;17,9;19,7;20,9;1;29;1018;0;0;;;0
30.04.2026;09:47:12;17,9;19,7;20,9;1;29;1018;0;0;;;0
30.04.2026;09:47:13;17,9;19,7;20,9;1;29;1018;0;0;;;0
30.04.2026;09:47:14;17,9;19,7;20,9;1;29;1018;0;0;;;0
30.04.2026;09:47:15;17,9;19,7;20,9;1;29;1018;0;0;;;0
30.04.2026;09:47:16;17,9;19,7;20,9;1;29;1018;0;0;;;0
30.04.2026;09:47:17;17,9;19,7;20,9;1;29;1018;0;0;;;0
30.04.2026;09:47:18;17,9;19,7;20,9;1;29;1018;0;0;;;0
30.04.2026;09:47:20;17,9;19,7;20,9;1;29;1018;0;0;;;0
30.04.2026;09:47:20;17,9;19,7;20,9;1;29;1018;0;0;;;0
30.04.2026;09:47:22;17,9;19,7;20,9;1;29;1018;0;0;;;0
30.04.2026;09:47:23;17,9;19,7;20,9;1;29;1018;0;0;;;0
30.04.2026;09:47:24;17,9;19,7;20,9;1;29;1018;0;0;;;0
30.04.2026;09:47:25;17,9;19,7;20,9;1;29;1018;0;0;;;0
30.04.2026;09:47:26;17,9;19,7;20,9;1;29;1018;0;0;;;0
30.04.2026;09:47:27;17,9;19,7;20,9;1;29;1018;0;0;;;0
30.04.2026;09:47:28;17,9;19,7;20,9;1;29;1018;0;0;;;0
30.04.2026;09:47:29;17,9;19,7;20,9;1;29;1018;0;0;;;0
30.04.2026;09:47:30;18;19,7;20,9;1;29;1018;0;0;;;0
30.04.2026;09:47:32;18;19,7;20,9;1;29;1018;0;0;;;0
30.04.2026;09:47:33;18;19,7;20,9;1;29;1018;0;0;;;0
30.04.2026;09:47:34;18;19,7;20,9;1;29;1018;0;0;;;0
30.04.2026;09:47:35;18;19,7;20,9;1;29;1018;0;0;;;0
30.04.2026;09:47:36;18;19,7;20,9;1;29;1018;0;0;;;0
30.04.2026;09:47:37;18;19,7;20,9;1;29;1018;0;0;;;0
30.04.2026;09:47:38;18;19,7;20,9;1;29;1018;0;0;;;0
30.04.2026;09:47:39;18;19,7;20,9;1;29;1018;0;0;;;0
30.04.2026;09:47:40;18;19,7;20,9;1;29;1018;0;0;;;0
30.04.2026;09:47:41;18;19,7;20,8;1;29;1018;0;0;;;0
30.04.2026;09:47:43;18;19,7;20,9;1;29;1018;0;0;;;0
30.04.2026;09:47:44;18;19,7;20,9;1;29;1018;0;0;;;0
30.04.2026;09:47:45;18;19,7;20,9;1;29;1018;0;0;;;0
30.04.2026;09:47:46;18;19,7;20,9;1;29;1018;0;0;;;0
30.04.2026;09:47:47;18;19,7;20,8;1;29;1018;0;0;;;0
30.04.2026;09:47:48;18;19,7;20,9;1;29;1018;0;0;;;0
30.04.2026;09:47:49;18;19,7;20,9;1;29;1018;0;0;;;0
30.04.2026;09:47:50;18;19,7;20,9;1;29;1018;0;0;;;0
30.04.2026;09:47:51;18;19,7;20,9;1;29;1018;0;0;;;0
30.04.2026;09:47:52;18;19,7;20,9;1;29;1018;0;0;;;0
30.04.2026;09:47:53;18;19,7;20,8;1;29;1018;0;0;;;0
30.04.2026;09:47:55;18;19,7;20,8;1;29;1018;0;0;;;0
30.04.2026;09:47:56;18;19,7;20,9;1;29;1018;0;0;;;0
30.04.2026;09:47:57;18;19,7;20,8;1;29;1018;0;0;;;0
30.04.2026;09:47:58;18;19,7;20,9;1;29;1018;0;0;;;0
30.04.2026;09:47:59;18;19,7;20,9;1;29;1018;0;0;;;0
30.04.2026;09:48:00;18;19,7;20,8;1;29;1018;0;0;;;0
30.04.2026;09:48:01;18;19,7;20,8;1;29;1018;0;0;;;0
30.04.2026;09:48:02;18;19,7;20,9;1;29;1018;0;0;;;0
30.04.2026;09:48:03;18;19,7;20,9;1;29;1018;0;0;;;0
30.04.2026;09:48:04;18;19,7;20,9;1;29;1018;0;0;;;0
30.04.2026;09:48:05;18;19,7;20,9;1;29;1018;0;0;;;0
30.04.2026;09:48:06;18,1;19,7;20,8;1;29;1018;0;0;;;0
30.04.2026;09:48:07;18,1;19,7;20,9;1;29;1018;0;0;;;0
30.04.2026;09:48:08;18,1;19,7;20,9;1;29;1018;0;0;;;0
30.04.2026;09:48:09;18,1;19,7;20,9;1;29;1018;0;0;;;0
30.04.2026;09:48:10;18,1;19,7;20,9;1;29;1018;0;0;;;0
30.04.2026;09:48:12;18,1;19,7;20,9;1;29;1018;0;0;;;0
30.04.2026;09:48:13;18,1;19,7;20,9;1;29;1018;0;0;;;0
30.04.2026;09:48:14;18,1;19,7;20,8;1;29;1018;0;0;;;0
30.04.2026;09:48:15;18,1;19,7;20,9;1;29;1018;0;0;;;0
30.04.2026;09:48:16;18,1;19,7;20,9;1;29;1018;0;0;;;0
30.04.2026;09:48:17;18,1;19,7;20,9;1;29;1018;0;0;;;0
30.04.2026;09:48:18;18,1;19,7;20,9;1;29;1018;0;0;;;0
30.04.2026;09:48:19;18,1;19,7;20,9;1;29;1018;0;0;;;0
30.04.2026;09:48:20;18,1;19,7;20,9;1;29;1018;0;0;;;0
30.04.2026;09:48:22;18,1;19,7;20,9;1;29;1018;0;0;;;0
30.04.2026;09:48:23;18,1;19,7;20,9;1;29;1018;0;0;;;0
30.04.2026;09:48:24;18,1;19,7;20,9;1;29;1018;0;0;;;0
30.04.2026;09:48:25;18,1;19,7;20,9;1;29;1018;0;0;;;0
30.04.2026;09:48:26;18,1;19,7;20,9;1;29;1018;0;0;;;0
30.04.2026;09:48:27;18,1;19,7;20,9;1;29;1018;0;0;;;0
30.04.2026;09:48:28;18,1;19,7;20,9;1;29;1018;0;0;;;0
30.04.2026;09:48:29;18,1;19,7;20,9;1;29;1018;0;0;;;0
30.04.2026;09:48:30;18,1;19,7;20,9;1;29;1018;0;0;;;0
30.04.2026;09:48:31;18,1;19,7;20,9;1;29;1018;0;0;;;0
30.04.2026;09:48:32;18,1;19,7;20,9;1;29;1018;0;0;;;0
30.04.2026;09:48:33;18,1;19,7;20,9;1;29;1018;0;0;;;0
30.04.2026;09:48:34;18,1;19,7;20,9;1;29;1018;0;0;;;0
30.04.2026;09:48:35;18,1;19,7;20,9;1;29;1018;0;0;;;0
30.04.2026;09:48:36;18,1;19,7;20,9;1;29;1018;0;0;;;0
30.04.2026;09:48:38;18,1;19,7;20,9;1;29;1018;0;0;;;0
30.04.2026;09:48:39;18,1;19,7;20,9;1;29;1018;0;0;;;0
30.04.2026;09:48:40;18,1;19,7;20,9;1;29;1018;0;0;;;0
30.04.2026;09:48:41;18,1;19,7;20,9;1;29;1018;0;0;;;0
30.04.2026;09:48:42;18,1;19,7;20,9;1;29;1018;0;0;;;0
30.04.2026;09:48:43;18,1;19,7;20,9;1;29;1018;0;0;;;0
30.04.2026;09:48:44;18,1;19,7;20,9;1;29;1018;0;0;;;0
30.04.2026;09:48:45;18,1;19,7;20,9;1;29;1018;0;0;;;0
30.04.2026;09:48:46;18,1;19,7;20,9;1;29;1018;0;0;;;0
30.04.2026;09:48:47;18,1;19,7;20,9;1;29;1018;0;0;;;0
30.04.2026;09:48:49;18,1;19,7;20,9;1;29;1018;0;0;;;0
30.04.2026;09:48:50;18,1;19,7;20,9;1;29;1018;0;0;;;0
30.04.2026;09:48:51;18,1;19,7;20,9;1;29;1018;0;0;;;0
30.04.2026;09:48:52;18,1;19,7;20,9;1;29;1018;0;0;;;0
30.04.2026;09:48:53;18,1;19,7;20,9;1;29;1018;0;0;;;0
30.04.2026;09:48:54;18,1;19,7;20,9;1;29;1018;0;0;;;0
30.04.2026;09:48:55;18,2;19,7;20,9;1;29;1018;0;0;;;0
30.04.2026;09:48:57;18,2;19,7;20,9;1;29;1018;0;0;;;0
30.04.2026;09:48:58;18,2;19,7;20,9;1;29;1018;0;0;;;0
30.04.2026;09:48:59;18,2;19,7;20,9;1;29;1018;0;0;;;0
30.04.2026;09:49:00;18,2;19,7;20,9;1;29;1018;0;0;;;0
30.04.2026;09:49:01;18,2;19,7;20,9;1;29;1018;0;0;;;0
30.04.2026;09:49:02;18,2;19,7;20,9;1;29;1018;0;0;;;0
30.04.2026;09:49:03;18,2;19,7;20,9;1;29;1018;0;0;;;0
30.04.2026;09:49:04;18,2;19,7;20,9;1;29;1018;0;0;;;0
30.04.2026;09:49:05;18,2;19,7;20,9;1;29;1018;0;0;;;0
30.04.2026;09:49:07;18,2;19,7;20,9;1;29;1018;0;0;;;0
30.04.2026;09:49:08;18,2;19,7;20,9;1;29;1018;0;0;;;0
30.04.2026;09:49:09;18,2;19,7;20,9;1;29;1018;0;0;;;0
30.04.2026;09:49:10;18,2;19,7;20,9;1;29;1018;0;0;;;0
30.04.2026;09:49:11;18,2;19,8;20,9;1;29;1018;0;0;;;0
30.04.2026;09:49:12;18,2;19,8;20,9;1;29;1018;0;0;;;0
30.04.2026;09:49:13;18,2;19,8;20,9;1;29;1018;0;0;;;0
30.04.2026;09:49:14;18,2;19,8;20,9;1;29;1018;0;0;;;0
30.04.2026;09:49:16;18,2;19,8;20,9;1;29;1018;0;0;;;0
30.04.2026;09:49:17;18,2;19,8;20,9;1;29;1018;0;0;;;0
30.04.2026;09:49:18;18,2;19,8;20,9;1;29;1018;0;0;;;0
30.04.2026;09:49:19;18,2;19,8;21;2;29;1018;0;0;;;0
30.04.2026;09:49:20;18,2;19,8;20,9;1;29;1018;0;0;;;0
30.04.2026;09:49:21;18,2;19,8;21;2;29;1018;0;0;;;0
30.04.2026;09:49:22;18,2;19,8;21;2;29;1018;0;0;;;0
30.04.2026;09:49:23;18,3;19,8;20,9;1;29;1018;0;0;;;0
30.04.2026;09:49:24;18,3;19,8;21;2;29;1018;0;0;;;0
30.04.2026;09:49:25;18,3;19,8;20,9;1;29;1018;0;0;;;0
30.04.2026;09:49:26;18,3;19,8;21;2;29;1018;0;0;;;0
30.04.2026;09:49:28;18,3;19,8;20,9;1;29;1018;0;0;;;0
30.04.2026;09:49:29;18,3;19,8;21;2;29;1018;0;0;;;0
30.04.2026;09:49:30;18,3;19,8;21;2;29;1018;0;0;;;0
30.04.2026;09:49:31;18,3;19,8;21;2;29;1018;0;0;;;0
30.04.2026;09:49:32;18,3;19,8;21;2;29;1018;0;0;;;0
30.04.2026;09:49:33;18,3;19,8;21;2;29;1018;0;0;;;0
30.04.2026;09:49:34;18,3;19,8;21;2;29;1018;0;0;;;0
30.04.2026;09:49:35;18,3;19,8;21;2;29;1018;0;0;;;0
30.04.2026;09:49:36;18,3;19,8;21;2;29;1018;0;0;;;0
30.04.2026;09:49:37;18,3;19,8;21;2;29;1018;0;0;;;0
30.04.2026;09:49:38;18,3;19,8;21;2;29;1018;0;0;;;0
30.04.2026;09:49:40;18,3;19,8;21;2;29;1018;0;0;;;0
30.04.2026;09:49:41;18,3;19,8;21;2;29;1018;0;0;;;0
30.04.2026;09:49:42;18,3;19,8;21;2;29;1018;0;0;;;0
30.04.2026;09:49:43;18,3;19,8;21;2;29;1018;0;0;;;0
30.04.2026;09:49:44;18,3;19,8;21;2;29;1018;0;0;;;0
30.04.2026;09:49:45;18,3;19,8;21;2;29;1018;0;0;;;0
30.04.2026;09:49:46;18,3;19,8;21;2;29;1018;0;0;;;0
30.04.2026;09:49:47;18,3;19,8;21;2;29;1018;0;0;;;0
30.04.2026;09:49:48;18,3;19,8;21;2;29;1018;0;0;;;0
30.04.2026;09:49:49;18,3;19,8;21;2;29;1018;0;0;;;0
30.04.2026;09:49:50;18,3;19,8;21;2;29;1018;0;0;;;0
30.04.2026;09:49:51;18,3;19,8;21;2;29;1018;0;0;;;0
30.04.2026;09:49:52;18,3;19,8;21;2;29;1018;0;0;;;0
30.04.2026;09:49:53;18,3;19,8;21;2;29;1018;0;0;;;0
30.04.2026;09:49:54;18,3;19,8;21;2;29;1018;0;0;;;0
30.04.2026;09:49:56;18,3;19,8;21;2;29;1018;0;0;;;0
30.04.2026;09:49:57;18,3;19,8;21;2;29;1018;0;0;;;0
30.04.2026;09:49:58;18,3;19,8;21;2;29;1018;0;0;;;0
30.04.2026;09:49:59;18,3;19,8;21;2;29;1018;0;0;;;0
30.04.2026;09:50:00;18,3;19,8;21;2;29;1018;0;0;;;0
30.04.2026;09:50:01;18,3;19,8;21;2;29;1018;0;0;;;0
30.04.2026;09:50:02;18,3;19,8;21;2;29;1018;0;0;;;0
30.04.2026;09:50:04;18,4;19,8;21;2;29;1018;0;0;;;0
30.04.2026;09:50:05;18,4;19,8;21;2;29;1018;0;0;;;0
30.04.2026;09:50:06;18,4;19,8;21;2;29;1018;0;0;;;0
30.04.2026;09:50:07;18,4;19,8;21;2;29;1018;0;0;;;0
30.04.2026;09:50:08;18,4;19,8;21;2;29;1018;0;0;;;0
30.04.2026;09:50:09;18,4;19,8;21;2;29;1018;0;0;;;0
30.04.2026;09:50:10;18,4;19,8;21;2;29;1018;0;0;;;0
30.04.2026;09:50:11;18,4;19,8;21,1;2;29;1018;0;0;;;0
30.04.2026;09:50:12;18,4;19,8;21;2;29;1018;0;0;;;0
30.04.2026;09:50:13;18,4;19,8;21,1;2;29;1018;0;0;;;0
30.04.2026;09:50:15;18,4;19,8;21,1;2;29;1018;0;0;;;0
30.04.2026;09:50:16;18,4;19,8;21,1;2;29;1018;0;0;;;0
30.04.2026;09:50:17;18,4;19,8;21,1;2;29;1018;0;0;;;0
30.04.2026;09:50:18;18,4;19,8;21,1;2;29;1018;0;0;;;0
30.04.2026;09:50:19;18,4;19,8;21,1;2;29;1018;0;0;;;0
30.04.2026;09:50:20;18,4;19,8;21,1;2;29;1018;0;0;;;0
30.04.2026;09:50:22;18,4;19,8;21,1;2;29;1018;0;0;;;0
30.04.2026;09:50:23;18,4;19,8;21,1;2;29;1018;0;0;;;0
30.04.2026;09:50:24;18,4;19,8;21,1;2;29;1018;0;0;;;0
30.04.2026;09:50:25;18,4;19,8;21,1;2;29;1018;0;0;;;0
30.04.2026;09:50:26;18,4;19,8;21,1;2;29;1018;0;0;;;0
30.04.2026;09:50:27;18,4;19,8;21,1;2;29;1018;0;0;;;0
30.04.2026;09:50:28;18,4;19,8;21,1;2;29;1018;0;0;;;0
30.04.2026;09:50:29;18,4;19,8;21,1;2;29;1018;0;0;;;0
30.04.2026;09:50:30;18,4;19,8;21,1;2;29;1018;0;0;;;0
30.04.2026;09:50:31;18,4;19,8;21,1;2;29;1018;0;0;;;0
30.04.2026;09:50:32;18,4;19,8;21,1;2;29;1018;0;0;;;0
30.04.2026;09:50:33;18,4;19,8;21,1;2;29;1018;0;0;;;0
30.04.2026;09:50:35;18,4;19,8;21,1;2;29;1018;0;0;;;0
30.04.2026;09:50:36;18,4;19,8;21,1;2;29;1018;0;0;;;0
30.04.2026;09:50:37;18,4;19,8;21,1;2;29;1018;0;0;;;0
30.04.2026;09:50:38;18,4;19,8;21,1;2;29;1018;0;0;;;0
30.04.2026;09:50:39;18,4;19,8;21,1;2;29;1018;0;0;;;0
30.04.2026;09:50:40;18,4;19,8;21,1;2;29;1018;0;0;;;0
30.04.2026;09:50:41;18,4;19,8;21,1;2;29;1018;0;0;;;0
30.04.2026;09:50:42;18,5;19,8;21,1;2;29;1018;0;0;;;0
30.04.2026;09:50:43;18,5;19,8;21,1;2;29;1018;0;0;;;0
30.04.2026;09:50:44;18,5;19,8;21,1;2;29;1018;0;0;;;0
30.04.2026;09:50:46;18,5;19,8;21,1;2;29;1018;0;0;;;0
30.04.2026;09:50:47;18,5;19,8;21,1;2;29;1018;0;0;;;0
30.04.2026;09:50:48;18,5;19,8;21,1;2;29;1018;0;0;;;0
30.04.2026;09:50:49;18,5;19,8;21,1;2;29;1018;0;0;;;0
30.04.2026;09:50:50;18,5;19,8;21,1;2;29;1018;0;0;;;0
30.04.2026;09:50:51;18,5;19,8;21,1;2;29;1018;0;0;;;0
30.04.2026;09:50:52;18,5;19,8;21,1;2;29;1018;0;0;;;0
30.04.2026;09:50:53;18,5;19,8;21,1;2;29;1018;0;0;;;0
30.04.2026;09:50:54;18,5;19,8;21,1;2;29;1018;0;0;;;0
30.04.2026;09:50:55;18,5;19,8;21,1;2;29;1018;0;0;;;0
30.04.2026;09:50:57;18,5;19,8;21,1;2;29;1018;0;0;;;0
30.04.2026;09:50:58;18,5;19,8;21,1;2;29;1018;0;0;;;0
30.04.2026;09:50:59;18,5;19,8;21,1;2;29;1018;0;0;;;0
30.04.2026;09:51:00;18,5;19,8;21,1;2;29;1018;0;0;;;0
30.04.2026;09:51:01;18,5;19,8;21,1;2;29;1018;0;0;;;0
30.04.2026;09:51:02;18,5;19,8;21,1;2;29;1018;0;0;;;0
30.04.2026;09:51:03;18,5;19,8;21,1;2;29;1018;0;0;;;0
30.04.2026;09:51:04;18,5;19,8;21,1;2;29;1018;0;0;;;0
30.04.2026;09:51:05;18,5;19,8;21,1;2;29;1018;0;0;;;0
30.04.2026;09:51:06;18,5;19,8;21,1;1;28;1018;0;0;;;0
30.04.2026;09:51:07;18,5;19,8;21,1;1;28;1018;0;0;;;0
30.04.2026;09:51:08;18,5;19,8;21,1;1;28;1018;0;0;;;0
30.04.2026;09:51:10;18,5;19,8;21,1;1;28;1018;0;0;;;0
30.04.2026;09:51:11;18,5;19,8;21,1;1;28;1018;0;0;;;0
30.04.2026;09:51:12;18,5;19,8;21,1;1;28;1018;0;0;;;0
30.04.2026;09:51:13;18,5;19,8;21,1;1;28;1018;0;0;;;0
30.04.2026;09:51:14;18,5;19,8;21,1;1;28;1018;0;0;;;0
30.04.2026;09:51:15;18,5;19,8;21,1;1;28;1018;0;0;;;0
30.04.2026;09:51:16;18,5;19,8;21,1;1;28;1018;0;0;;;0
30.04.2026;09:51:17;18,5;19,8;21,1;1;28;1018;0;0;;;0
30.04.2026;09:51:18;18,5;19,8;21,1;1;28;1018;0;0;;;0
30.04.2026;09:51:19;18,5;19,8;21,1;1;28;1018;0;0;;;0
30.04.2026;09:51:20;18,5;19,8;21,1;1;28;1018;0;0;;;0
30.04.2026;09:51:21;18,5;19,8;21,1;1;28;1018;0;0;;;0
30.04.2026;09:51:22;18,5;19,8;21,1;1;28;1018;0;0;;;0
30.04.2026;09:51:24;18,5;19,8;21,1;1;28;1018;0;0;;;0
30.04.2026;09:51:25;18,5;19,8;21,1;1;28;1018;0;0;;;0
30.04.2026;09:51:26;18,5;19,8;21,1;1;28;1018;0;0;;;0
30.04.2026;09:51:27;18,5;19,8;21,1;1;28;1018;0;0;;;0
30.04.2026;09:51:28;18,5;19,8;21,1;1;28;1018;0;0;;;0
30.04.2026;09:51:29;18,5;19,8;21,1;1;28;1018;0;0;;;0
30.04.2026;09:51:30;18,5;19,8;21,1;1;28;1018;0;0;;;0
30.04.2026;09:51:31;18,6;19,8;21,1;1;28;1018;0;0;;;0
30.04.2026;09:51:32;18,6;19,8;21,1;1;28;1018;0;0;;;0
30.04.2026;09:51:34;18,6;19,8;21,1;1;28;1018;0;0;;;0
30.04.2026;09:51:35;18,6;19,8;21,1;1;28;1018;0;0;;;0
30.04.2026;09:51:36;18,6;19,8;21,1;1;28;1018;0;0;;;0
30.04.2026;09:51:37;18,6;19,8;21,1;1;28;1018;0;0;;;0
30.04.2026;09:51:38;18,6;19,8;21,1;1;28;1018;0;0;;;0
30.04.2026;09:51:39;18,6;19,8;21,1;1;28;1018;0;0;;;0
30.04.2026;09:51:40;18,6;19,8;21,1;1;28;1018;0;0;;;0
30.04.2026;09:51:41;18,6;19,8;21,1;1;28;1018;0;0;;;0
30.04.2026;09:51:42;18,6;19,8;21,1;1;28;1018;0;0;;;0
30.04.2026;09:51:43;18,6;19,8;21,1;1;28;1018;0;0;;;0
30.04.2026;09:51:44;18,6;19,8;21,1;1;28;1018;0;0;;;0
30.04.2026;09:51:46;18,6;19,8;21,1;1;28;1018;0;0;;;0
30.04.2026;09:51:47;18,6;19,8;21,1;1;28;1018;0;0;;;0
30.04.2026;09:51:48;18,6;19,8;21,1;1;28;1018;0;0;;;0
30.04.2026;09:51:49;18,6;19,8;21,1;1;28;1018;0;0;;;0
30.04.2026;09:51:50;18,6;19,8;21,1;1;28;1018;0;0;;;0
30.04.2026;09:51:51;18,6;19,8;21,1;1;28;1018;0;0;;;0
30.04.2026;09:51:52;18,6;19,8;21,1;1;28;1018;0;0;;;0
30.04.2026;09:51:53;18,6;19,8;21,1;1;28;1018;0;0;;;0
30.04.2026;09:51:54;18,6;19,8;21,1;1;28;1018;0;0;;;0
30.04.2026;09:51:55;18,6;19,8;21,1;1;28;1018;0;0;;;0
30.04.2026;09:51:56;18,6;19,8;21,1;1;28;1018;0;0;;;0
30.04.2026;09:51:58;18,6;19,8;21,1;1;28;1018;0;0;;;0
30.04.2026;09:51:59;18,6;19,8;21,1;1;28;1018;0;0;;;0
30.04.2026;09:52:00;18,6;19,8;21,1;1;28;1018;0;0;;;0
30.04.2026;09:52:01;18,6;19,8;21,1;1;28;1018;0;0;;;0
30.04.2026;09:52:02;18,6;19,8;21,1;1;28;1018;0;0;;;0
30.04.2026;09:52:03;18,6;19,8;21,1;1;28;1018;0;0;;;0
30.04.2026;09:52:04;18,6;19,8;21,1;1;28;1018;0;0;;;0
30.04.2026;09:52:05;18,6;19,8;21,1;1;28;1018;0;0;;;0
30.04.2026;09:52:06;18,6;19,8;21;1;28;1018;0;0;;;0
30.04.2026;09:52:07;18,6;19,8;21;1;28;1018;0;0;;;0
30.04.2026;09:52:08;18,6;19,8;21;1;28;1018;0;0;;;0
30.04.2026;09:52:09;18,6;19,8;21;1;28;1018;0;0;;;0
30.04.2026;09:52:10;18,6;19,8;21,1;1;28;1018;0;0;;;0
30.04.2026;09:52:11;18,6;19,8;21;1;28;1018;0;0;;;0
30.04.2026;09:52:12;18,6;19,8;21;1;28;1018;0;0;;;0
30.04.2026;09:52:14;18,6;19,8;21;1;28;1018;0;0;;;0
30.04.2026;09:52:15;18,6;19,8;21;1;28;1018;0;0;;;0
30.04.2026;09:52:16;18,6;19,8;21;1;28;1018;0;0;;;0
30.04.2026;09:52:17;18,6;19,8;21;1;28;1018;0;0;;;0
30.04.2026;09:52:18;18,6;19,8;21;1;28;1018;0;0;;;0
30.04.2026;09:52:19;18,6;19,8;21;1;28;1018;0;0;;;0
30.04.2026;09:52:20;18,6;19,8;21;1;28;1018;0;0;;;0
30.04.2026;09:52:21;18,6;19,8;21;1;28;1018;0;0;;;0
30.04.2026;09:52:22;18,6;19,8;21;1;28;1018;0;0;;;0
30.04.2026;09:52:23;18,6;19,8;21;1;28;1018;0;0;;;0
30.04.2026;09:52:25;18,6;19,8;21;1;28;1018;0;0;;;0
30.04.2026;09:52:26;18,7;19,8;21;1;28;1018;0;0;;;0
30.04.2026;09:52:27;18,7;19,8;21;1;28;1018;0;0;;;0
30.04.2026;09:52:28;18,7;19,8;21;1;28;1018;0;0;;;0
30.04.2026;09:52:29;18,6;19,7;21;1;28;1018;0;0;;;0
30.04.2026;09:52:30;18,6;19,7;21;1;28;1018;0;0;;;0
30.04.2026;09:52:32;18,6;19,7;21;1;28;1018;0;0;;;0
30.04.2026;09:52:33;18,6;19,7;21;1;28;1018;0;0;;;0
30.04.2026;09:52:34;18,6;19,7;21;1;28;1018;0;0;;;0
30.04.2026;09:52:35;18,6;19,7;21;1;28;1018;0;0;;;0
30.04.2026;09:52:36;18,6;19,7;21;1;28;1018;0;0;;;0
30.04.2026;09:52:37;18,6;19,7;21;1;28;1018;0;0;;;0
30.04.2026;09:52:38;18,6;19,7;20,9;0;28;1018;0;0;;;0
30.04.2026;09:52:39;18,6;19,7;20,9;0;28;1018;0;0;;;0
30.04.2026;09:52:40;18,6;19,7;20,9;0;28;1018;0;0;;;0
30.04.2026;09:52:42;18,6;19,7;20,9;0;28;1018;0;0;;;0
30.04.2026;09:52:43;18,6;19,7;20,9;0;28;1018;0;0;;;0
30.04.2026;09:52:44;18,6;19,7;20,9;0;28;1018;0;0;;;0
30.04.2026;09:52:45;18,6;19,7;21;1;28;1018;0;0;;;0
30.04.2026;09:52:46;18,6;19,7;20,9;0;28;1018;0;0;;;0
30.04.2026;09:52:47;18,6;19,7;20,9;0;28;1018;0;0;;;0
30.04.2026;09:52:48;18,6;19,7;20,9;0;28;1018;0;0;;;0
30.04.2026;09:52:49;18,6;19,7;20,9;0;28;1018;0;0;;;0
30.04.2026;09:52:51;18,6;19,7;21;1;28;1018;0;0;;;0
30.04.2026;09:52:52;18,6;19,7;20,9;0;28;1018;0;0;;;0
30.04.2026;09:52:53;18,6;19,7;20,9;0;28;1018;0;0;;;0
30.04.2026;09:52:54;18,6;19,7;20,9;0;28;1018;0;0;;;0
30.04.2026;09:52:55;18,6;19,7;20,9;0;28;1018;0;0;;;0
30.04.2026;09:52:56;18,6;19,7;20,9;0;28;1018;0;0;;;0
30.04.2026;09:52:57;18,6;19,7;20,9;0;28;1018;0;0;;;0
30.04.2026;09:52:59;18,6;19,7;20,9;0;28;1018;0;0;;;0
30.04.2026;09:53:00;18,6;19,7;20,9;0;28;1018;0;0;;;0
30.04.2026;09:53:01;18,7;19,7;20,9;0;28;1018;0;0;;;0
30.04.2026;09:53:02;18,7;19,7;20,9;0;28;1018;0;0;;;0
30.04.2026;09:53:03;18,7;19,7;20,9;0;28;1018;0;0;;;0
30.04.2026;09:53:04;18,7;19,7;20,9;0;28;1018;0;0;;;0
30.04.2026;09:53:05;18,7;19,7;20,9;0;28;1018;0;0;;;0
30.04.2026;09:53:06;18,7;19,7;20,9;0;28;1018;0;0;;;0
30.04.2026;09:53:07;18,7;19,7;20,9;0;28;1018;0;0;;;0
30.04.2026;09:53:08;18,7;19,7;20,9;0;28;1018;0;0;;;0
30.04.2026;09:53:10;18,7;19,7;20,9;0;28;1018;0;0;;;0
30.04.2026;09:53:11;18,7;19,7;20,9;0;28;1018;0;0;;;0
30.04.2026;09:53:12;18,7;19,7;20,9;0;28;1018;0;0;;;0
30.04.2026;09:53:13;18,7;19,7;20,9;0;28;1018;0;0;;;0
30.04.2026;09:53:14;18,7;19,7;20,9;0;28;1018;0;0;;;0
30.04.2026;09:53:15;18,7;19,7;20,9;0;28;1018;0;0;;;0
30.04.2026;09:53:16;18,7;19,7;20,9;0;28;1018;0;0;;;0
30.04.2026;09:53:17;18,7;19,7;20,9;0;28;1018;0;0;;;0
30.04.2026;09:53:18;18,7;19,7;20,9;0;28;1018;0;0;;;0
30.04.2026;09:53:19;18,7;19,7;20,9;0;28;1018;0;0;;;0
30.04.2026;09:53:20;18,7;19,7;20,9;0;28;1018;0;0;;;0
30.04.2026;09:53:21;18,7;19,7;20,9;0;28;1018;0;0;;;0
30.04.2026;09:53:22;18,7;19,7;20,9;0;28;1018;0;0;;;0
30.04.2026;09:53:23;18,7;19,7;20,9;0;28;1018;0;0;;;0
30.04.2026;09:53:24;18,7;19,7;20,9;0;28;1018;0;0;;;0
30.04.2026;09:53:25;18,7;19,7;20,9;0;28;1018;0;0;;;0
30.04.2026;09:53:27;18,7;19,7;20,9;0;28;1018;0;0;;;0
30.04.2026;09:53:27;18,7;19,7;20,9;0;28;1018;0;0;;;0
30.04.2026;09:53:29;18,7;19,7;20,9;0;28;1018;0;0;;;0
30.04.2026;09:53:30;18,7;19,7;20,9;0;28;1018;0;0;;;0
30.04.2026;09:53:31;18,7;19,7;20,9;0;28;1018;0;0;;;0
30.04.2026;09:53:32;18,7;19,7;20,9;0;28;1018;0;0;;;0
30.04.2026;09:53:33;18,7;19,7;20,9;0;28;1018;0;0;;;0
30.04.2026;09:53:34;18,7;19,7;20,9;0;28;1018;0;0;;;0
30.04.2026;09:53:35;18,7;19,7;20,9;0;28;1018;0;0;;;0
30.04.2026;09:53:36;18,7;19,7;20,9;0;28;1018;0;0;;;0
30.04.2026;09:53:37;18,7;19,7;20,9;0;28;1018;0;0;;;0
30.04.2026;09:53:38;18,7;19,7;20,9;0;28;1018;0;0;;;0
30.04.2026;09:53:39;18,7;19,7;20,9;0;28;1018;0;0;;;0
30.04.2026;09:53:40;18,7;19,7;20,9;0;28;1018;0;0;;;0
30.04.2026;09:53:42;18,7;19,7;20,9;0;28;1018;0;0;;;0
30.04.2026;09:53:43;18,7;19,7;20,9;0;28;1018;0;0;;;0
30.04.2026;09:53:44;18,7;19,7;20,9;0;28;1018;0;0;;;0
30.04.2026;09:53:45;18,7;19,7;20,9;0;28;1018;0;0;;;0
30.04.2026;09:53:46;18,7;19,8;20,9;0;28;1018;0;0;;;0
30.04.2026;09:53:47;18,7;19,8;20,9;0;28;1018;0;0;;;0
30.04.2026;09:53:48;18,7;19,7;20,9;0;28;1018;0;0;;;0
30.04.2026;09:53:49;18,7;19,7;20,9;0;28;1018;0;0;;;0
30.04.2026;09:53:50;18,8;19,8;20,9;0;28;1018;0;0;;;0
30.04.2026;09:53:51;18,8;19,8;20,9;0;28;1018;0;0;;;0
30.04.2026;09:53:53;18,8;19,8;20,9;0;28;1018;0;0;;;0
30.04.2026;09:53:54;18,8;19,8;20,9;0;28;1018;0;0;;;0
30.04.2026;09:53:55;18,8;19,8;20,9;0;28;1018;0;0;;;0
30.04.2026;09:53:56;18,8;19,8;20,9;0;28;1018;0;0;;;0
30.04.2026;09:53:57;18,8;19,8;20,9;0;28;1018;0;0;;;0
30.04.2026;09:53:58;18,8;19,8;20,9;0;28;1018;0;0;;;0
30.04.2026;09:54:00;18,8;19,8;20,9;0;28;1018;0;0;;;0
30.04.2026;09:54:01;18,8;19,8;20,9;0;28;1018;0;0;;;0
30.04.2026;09:54:02;18,8;19,8;20,9;0;28;1018;0;0;;;0
30.04.2026;09:54:03;18,8;19,8;20,9;0;28;1018;0;0;;;0
30.04.2026;09:54:04;18,8;19,8;20,9;0;28;1018;0;0;;;0
30.04.2026;09:54:05;18,8;19,8;20,9;0;28;1018;0;0;;;0
30.04.2026;09:54:06;18,8;19,8;20,9;0;28;1018;0;0;;;0
30.04.2026;09:54:07;18,8;19,8;20,9;0;28;1018;0;0;;;0
30.04.2026;09:54:08;18,8;19,8;20,9;0;28;1018;0;0;;;0
30.04.2026;09:54:09;18,8;19,8;20,9;0;28;1018;0;0;;;0
30.04.2026;09:54:10;18,8;19,8;20,9;0;28;1018;0;0;;;0
30.04.2026;09:54:12;18,8;19,8;20,9;0;28;1018;0;0;;;0
30.04.2026;09:54:13;18,8;19,8;20,9;0;28;1018;0;0;;;0
30.04.2026;09:54:14;18,8;19,8;20,9;0;28;1018;0;0;;;0
30.04.2026;09:54:15;18,8;19,8;20,9;0;28;1018;0;0;;;0
30.04.2026;09:54:16;18,8;19,8;20,9;0;28;1018;0;0;;;0
30.04.2026;09:54:17;18,8;19,8;20,9;0;28;1018;0;0;;;0
30.04.2026;09:54:18;18,9;19,8;20,9;0;28;1018;0;0;;;0
30.04.2026;09:54:19;18,9;19,8;20,9;0;28;1018;0;0;;;0
30.04.2026;09:54:20;18,9;19,8;20,9;0;28;1018;0;0;;;0
30.04.2026;09:54:21;18,9;19,8;20,9;0;28;1018;0;0;;;0
30.04.2026;09:54:23;18,9;19,8;20,9;0;28;1018;0;0;;;0
30.04.2026;09:54:24;18,9;19,8;20,9;0;28;1018;0;0;;;0
30.04.2026;09:54:25;18,9;19,8;20,9;0;28;1018;0;0;;;0
30.04.2026;09:54:26;18,9;19,8;20,9;0;28;1018;0;0;;;0
30.04.2026;09:54:27;18,9;19,8;20,9;0;28;1018;0;0;;;0
30.04.2026;09:54:28;18,9;19,8;20,9;0;28;1018;0;0;;;0
30.04.2026;09:54:29;18,9;19,8;20,9;0;28;1018;0;0;;;0
30.04.2026;09:54:30;18,9;19,8;20,9;0;28;1018;0;0;;;0
30.04.2026;09:54:31;18,9;19,8;20,9;0;28;1018;0;0;;;0
30.04.2026;09:54:32;18,9;19,8;20,9;0;28;1018;0;0;;;0
30.04.2026;09:54:33;18,9;19,8;20,9;0;28;1018;0;0;;;0
30.04.2026;09:54:34;18,9;19,8;20,9;0;28;1018;0;0;;;0
30.04.2026;09:54:36;18,9;19,8;20,9;0;28;1018;0;0;;;0
30.04.2026;09:54:37;18,9;19,8;20,9;0;28;1018;0;0;;;0
30.04.2026;09:54:38;18,9;19,8;20,9;0;28;1018;0;0;;;0
30.04.2026;09:54:39;18,9;19,8;20,9;0;28;1018;0;0;;;0
30.04.2026;09:54:40;18,9;19,8;20,9;0;28;1018;0;0;;;0
30.04.2026;09:54:41;18,9;19,8;20,9;0;28;1018;0;0;;;0
30.04.2026;09:54:42;18,9;19,8;20,9;0;28;1018;0;0;;;0
30.04.2026;09:54:43;18,9;19,8;20,9;0;28;1018;0;0;;;0
30.04.2026;09:54:44;18,9;19,8;20,9;0;28;1018;0;0;;;0
30.04.2026;09:54:45;18,9;19,8;20,9;0;28;1018;0;0;;;0
30.04.2026;09:54:47;18,9;19,8;20,9;0;28;1018;0;0;;;0
30.04.2026;09:54:48;18,9;19,8;20,9;0;28;1018;0;0;;;0
30.04.2026;09:54:49;18,9;19,8;20,9;0;28;1018;0;0;;;0
30.04.2026;09:54:50;18,9;19,8;20,9;0;28;1018;0;0;;;0
30.04.2026;09:54:51;18,9;19,8;20,9;0;28;1018;0;0;;;0
30.04.2026;09:54:52;18,9;19,8;20,9;0;28;1018;0;0;;;0
30.04.2026;09:54:53;18,9;19,8;20,9;0;28;1018;0;0;;;0
30.04.2026;09:54:54;18,9;19,8;20,9;0;28;1018;0;0;;;0
30.04.2026;09:54:55;18,9;19,8;20,9;0;28;1018;0;0;;;0
30.04.2026;09:54:56;18,9;19,8;20,9;0;28;1018;0;0;;;0
30.04.2026;09:54:57;18,9;19,8;20,9;0;28;1018;0;0;;;0
30.04.2026;09:54:58;18,9;19,8;20,9;0;28;1018;0;0;;;0
30.04.2026;09:55:00;18,9;19,8;20,9;0;28;1018;0;0;;;0
30.04.2026;09:55:01;18,9;19,8;20,9;0;28;1018;0;0;;;0
30.04.2026;09:55:02;18,9;19,8;20,9;0;28;1018;0;0;;;0
30.04.2026;09:55:03;18,9;19,8;20,9;0;28;1018;0;0;;;0
30.04.2026;09:55:04;18,9;19,8;20,9;0;28;1018;0;0;;;0
30.04.2026;09:55:05;18,9;19,8;20,9;0;28;1018;0;0;;;0
30.04.2026;09:55:06;18,9;19,8;20,9;0;28;1018;0;0;;;0
30.04.2026;09:55:07;18,9;19,8;20,9;0;28;1018;0;0;;;0
30.04.2026;09:55:08;18,9;19,8;20,9;0;28;1018;0;0;;;0
30.04.2026;09:55:09;18,9;19,8;20,9;0;28;1018;0;0;;;0
30.04.2026;09:55:10;18,9;19,8;20,9;0;28;1018;0;0;;;0
30.04.2026;09:55:11;18,9;19,8;20,9;0;28;1018;0;0;;;0
30.04.2026;09:55:12;19;19,8;20,9;0;28;1018;0;0;;;0
30.04.2026;09:55:13;19;19,8;20,9;0;28;1018;0;0;;;0
30.04.2026;09:55:14;19;19,8;20,9;0;28;1018;0;0;;;0
30.04.2026;09:55:16;19;19,8;20,9;0;28;1018;0;0;;;0
30.04.2026;09:55:17;19;19,8;20,9;0;28;1018;0;0;;;0
30.04.2026;09:55:18;19;19,8;20,9;0;28;1018;0;0;;;0
30.04.2026;09:55:19;19;19,8;20,9;0;28;1018;0;0;;;0
30.04.2026;09:55:20;19;19,8;20,9;0;28;1018;0;0;;;0
30.04.2026;09:55:21;19;19,8;20,9;0;28;1018;0;0;;;0
30.04.2026;09:55:22;19;19,8;20,9;0;28;1018;0;0;;;0
30.04.2026;09:55:23;19;19,8;20,9;0;28;1018;0;0;;;0
30.04.2026;09:55:24;19;19,8;20,9;0;28;1018;0;0;;;0
30.04.2026;09:55:25;19;19,8;20,9;0;28;1018;0;0;;;0
30.04.2026;09:55:27;19;19,8;20,9;0;28;1018;0;0;;;0
30.04.2026;09:55:28;19;19,8;20,9;0;28;1018;0;0;;;0
30.04.2026;09:55:29;19;19,8;20,9;0;28;1018;0;0;;;0
30.04.2026;09:55:30;19;19,8;20,9;0;28;1018;0;0;;;0
30.04.2026;09:55:31;19;19,8;20,9;0;28;1018;0;0;;;0
30.04.2026;09:55:32;19;19,8;20,9;0;28;1018;0;0;;;0
30.04.2026;09:55:33;19;19,8;20,9;0;28;1018;0;0;;;0
30.04.2026;09:55:34;19;19,8;20,9;0;28;1018;0;0;;;0
30.04.2026;09:55:35;19;19,8;20,9;0;28;1018;0;0;;;0
30.04.2026;09:55:36;19;19,8;20,9;0;28;1018;0;0;;;0
30.04.2026;09:55:37;19;19,8;20,9;0;28;1018;0;0;;;0
30.04.2026;09:55:38;19;19,8;20,9;0;28;1018;0;0;;;0
30.04.2026;09:55:39;19;19,8;20,9;0;28;1018;0;0;;;0
30.04.2026;09:55:41;19;19,9;20,9;0;28;1018;0;0;;;0
30.04.2026;09:55:42;19;19,9;20,9;0;28;1018;0;0;;;0
30.04.2026;09:55:43;19;19,8;20,9;0;28;1018;0;0;;;0
30.04.2026;09:55:44;19;19,8;20,9;0;28;1018;0;0;;;0
30.04.2026;09:55:45;19;19,8;20,9;0;28;1018;0;0;;;0
30.04.2026;09:55:46;19;19,8;20,9;0;28;1018;0;0;;;0
30.04.2026;09:55:47;19;19,8;20,9;0;28;1018;0;0;;;0
30.04.2026;09:55:48;19;19,8;20,9;0;28;1018;0;0;;;0
30.04.2026;09:55:49;19;19,8;21;1;28;1018;0;0;;;0
30.04.2026;09:55:50;19;19,8;20,9;0;28;1018;0;0;;;0
30.04.2026;09:55:51;19;19,8;20,9;0;28;1018;0;0;;;0
30.04.2026;09:55:53;19;19,8;20,9;0;28;1018;0;0;;;0
30.04.2026;09:55:54;19;19,9;20,9;0;28;1018;0;0;;;0
30.04.2026;09:55:55;19;19,9;20,9;0;28;1018;0;0;;;0
30.04.2026;09:55:56;19;19,9;20,9;0;28;1018;0;0;;;0
30.04.2026;09:55:57;19;19,8;20,9;0;28;1018;0;0;;;0
30.04.2026;09:55:58;19;19,8;20,9;0;28;1018;0;0;;;0
30.04.2026;09:55:59;19;19,8;20,9;0;28;1018;0;0;;;0
30.04.2026;09:56:00;19;19,8;20,9;0;28;1018;0;0;;;0
30.04.2026;09:56:01;19;19,8;20,9;0;28;1018;0;0;;;0
30.04.2026;09:56:02;19;19,8;20,9;0;28;1018;0;0;;;0
30.04.2026;09:56:03;19;19,8;20,9;0;28;1018;0;0;;;0
30.04.2026;09:56:05;19;19,8;20,9;0;28;1018;0;0;;;0
30.04.2026;09:56:06;19;19,8;20,9;0;28;1018;0;0;;;0
30.04.2026;09:56:07;19;19,8;20,9;0;28;1018;0;0;;;0
30.04.2026;09:56:08;19;19,8;20,9;0;28;1018;0;0;;;0
30.04.2026;09:56:09;19;19,8;20,9;0;28;1018;0;0;;;0
30.04.2026;09:56:10;19;19,8;20,9;0;28;1018;0;0;;;0
30.04.2026;09:56:11;19;19,8;20,9;0;28;1018;0;0;;;0
30.04.2026;09:56:12;19;19,8;20,9;0;28;1018;0;0;;;0
30.04.2026;09:56:13;19;19,8;20,9;0;28;1018;0;0;;;0
30.04.2026;09:56:14;19;19,8;20,9;0;28;1018;0;0;;;0
30.04.2026;09:56:15;18,9;19,8;20,9;0;28;1018;0;0;;;0
30.04.2026;09:56:17;18,9;19,8;20,9;0;28;1018;0;0;;;0
30.04.2026;09:56:18;18,9;19,8;20,9;0;28;1018;0;0;;;0
30.04.2026;09:56:19;18,9;19,8;20,9;0;28;1018;0;0;;;0
30.04.2026;09:56:20;18,9;19,8;20,9;0;28;1018;0;0;;;0
30.04.2026;09:56:21;18,9;19,8;20,9;0;28;1018;0;0;;;0
30.04.2026;09:56:22;18,9;19,8;20,9;0;28;1018;0;0;;;0
30.04.2026;09:56:23;18,9;19,8;20,9;0;28;1018;0;0;;;0
30.04.2026;09:56:24;18,9;19,8;20,9;0;28;1018;0;0;;;0
30.04.2026;09:56:25;18,9;19,8;20,9;0;28;1018;0;0;;;0
30.04.2026;09:56:26;18,9;19,8;20,9;0;28;1018;0;0;;;0
30.04.2026;09:56:28;18,9;19,8;20,9;0;28;1018;0;0;;;0
30.04.2026;09:56:29;18,9;19,8;20,9;0;28;1018;0;0;;;0
30.04.2026;09:56:30;18,9;19,8;20,9;0;28;1018;0;0;;;0
30.04.2026;09:56:31;18,9;19,8;20,9;0;28;1018;0;0;;;0
30.04.2026;09:56:32;18,9;19,8;20,9;0;28;1018;0;0;;;0
30.04.2026;09:56:33;18,9;19,8;20,9;0;28;1018;0;0;;;0
30.04.2026;09:56:34;18,9;19,8;20,9;0;28;1018;0;0;;;0
30.04.2026;09:56:36;18,9;19,7;20,9;0;28;1018;0;0;;;0
30.04.2026;09:56:37;18,9;19,7;20,9;0;28;1018;0;0;;;0
30.04.2026;09:56:38;18,9;19,7;20,9;0;28;1018;0;0;;;0
30.04.2026;09:56:39;18,9;19,7;20,9;0;28;1018;0;0;;;0
30.04.2026;09:56:40;18,9;19,7;20,9;0;28;1018;0;0;;;0
30.04.2026;09:56:41;18,9;19,7;20,9;0;28;1018;0;0;;;0
30.04.2026;09:56:43;18,9;19,7;20,8;0;28;1018;0;0;;;0
30.04.2026;09:56:44;18,9;19,7;20,9;0;28;1018;0;0;;;0
30.04.2026;09:56:45;18,9;19,7;20,9;0;28;1018;0;0;;;0
30.04.2026;09:56:46;18,9;19,7;20,9;0;28;1018;0;0;;;0
30.04.2026;09:56:47;18,9;19,7;20,9;0;28;1018;0;0;;;0
30.04.2026;09:56:48;18,9;19,7;20,8;0;28;1018;0;0;;;0
30.04.2026;09:56:49;18,9;19,7;20,9;0;28;1018;0;0;;;0
30.04.2026;09:56:50;18,9;19,7;20,9;0;28;1018;0;0;;;0
30.04.2026;09:56:51;18,9;19,7;20,8;0;28;1018;0;0;;;0
30.04.2026;09:56:52;18,9;19,7;20,9;0;28;1018;0;0;;;0
30.04.2026;09:56:53;19;19,7;20,9;0;28;1018;0;0;;;0
30.04.2026;09:56:54;19;19,7;20,9;0;28;1018;0;0;;;0
30.04.2026;09:56:56;19;19,7;20,8;0;28;1018;0;0;;;0
30.04.2026;09:56:57;19;19,7;20,8;0;28;1018;0;0;;;0
30.04.2026;09:56:58;19;19,7;20,8;0;28;1018;0;0;;;0
30.04.2026;09:56:59;19;19,7;20,8;0;28;1018;0;0;;;0
30.04.2026;09:57:00;19;19,7;20,8;0;28;1018;0;0;;;0
30.04.2026;09:57:01;19;19,7;20,8;0;28;1018;0;0;;;0
30.04.2026;09:57:02;19;19,7;20,8;0;28;1018;0;0;;;0
30.04.2026;09:57:03;19;19,7;20,8;0;28;1018;0;0;;;0
30.04.2026;09:57:04;19;19,7;20,8;0;28;1018;0;0;;;0
30.04.2026;09:57:05;19;19,7;20,8;0;28;1018;0;0;;;0
30.04.2026;09:57:07;19;19,7;20,8;0;28;1018;0;0;;;0
30.04.2026;09:57:08;19;19,7;20,8;0;28;1018;0;0;;;0
30.04.2026;09:57:09;19;19,7;20,8;0;28;1018;0;0;;;0
30.04.2026;09:57:10;19;19,7;20,8;0;28;1018;0;0;;;0
30.04.2026;09:57:11;19;19,7;20,8;0;28;1018;0;0;;;0
30.04.2026;09:57:12;19;19,7;20,8;0;28;1018;0;0;;;0
30.04.2026;09:57:13;19;19,7;20,8;0;28;1018;0;0;;;0
30.04.2026;09:57:14;19;19,7;20,8;0;28;1018;0;0;;;0
30.04.2026;09:57:15;19;19,7;20,8;0;28;1018;0;0;;;0
30.04.2026;09:57:16;19;19,7;20,8;0;28;1018;0;0;;;0
30.04.2026;09:57:17;19;19,7;20,8;0;28;1018;0;0;;;0
30.04.2026;09:57:18;19;19,7;20,8;0;28;1018;0;0;;;0
30.04.2026;09:57:19;19;19,7;20,8;0;28;1018;0;0;;;0
30.04.2026;09:57:20;19;19,7;20,8;0;28;1018;0;0;;;0
30.04.2026;09:57:22;19;19,8;20,8;0;28;1018;0;0;;;0
30.04.2026;09:57:22;19;19,8;20,8;0;28;1018;0;0;;;0
30.04.2026;09:57:23;19;19,8;20,8;0;28;1018;0;0;;;0
30.04.2026;09:57:25;19;19,8;20,8;0;28;1018;0;0;;;0
30.04.2026;09:57:26;19;19,8;20,8;0;28;1018;0;0;;;0
30.04.2026;09:57:27;19;19,8;20,8;0;28;1018;0;0;;;0
30.04.2026;09:57:28;19;19,8;20,8;0;28;1018;0;0;;;0
30.04.2026;09:57:29;19;19,8;20,8;0;28;1018;0;0;;;0
30.04.2026;09:57:30;19;19,8;20,8;0;28;1018;0;0;;;0
30.04.2026;09:57:31;19;19,8;20,8;0;28;1018;0;0;;;0
30.04.2026;09:57:32;19;19,8;20,7;0;28;1018;0;0;;;0
30.04.2026;09:57:33;19;19,8;20,7;0;28;1018;0;0;;;0
30.04.2026;09:57:34;19;19,8;20,8;0;28;1018;0;0;;;0
30.04.2026;09:57:35;19;19,8;20,8;0;28;1018;0;0;;;0
30.04.2026;09:57:36;19;19,8;20,7;0;28;1018;0;0;;;0
30.04.2026;09:57:37;19;19,8;20,7;0;28;1018;0;0;;;0
30.04.2026;09:57:38;19;19,8;20,7;0;28;1018;0;0;;;0
30.04.2026;09:57:40;19;19,8;20,7;0;28;1018;0;0;;;0
30.04.2026;09:57:41;19;19,8;20,7;0;28;1018;0;0;;;0
30.04.2026;09:57:42;19;19,8;20,7;0;28;1018;0;0;;;0
30.04.2026;09:57:43;19;19,8;20,7;0;28;1018;0;0;;;0
30.04.2026;09:57:44;19;19,8;20,7;0;28;1018;0;0;;;0
30.04.2026;09:57:45;19;19,8;20,7;0;28;1018;0;0;;;0
30.04.2026;09:57:46;19;19,8;20,7;0;28;1018;0;0;;;0
30.04.2026;09:57:47;19;19,8;20,7;0;28;1018;0;0;;;0
30.04.2026;09:57:48;19;19,8;20,7;0;28;1018;0;0;;;0
30.04.2026;09:57:49;19;19,8;20,7;0;28;1018;0;0;;;0
30.04.2026;09:57:50;19;19,8;20,7;0;28;1018;0;0;;;0
30.04.2026;09:57:51;19,1;19,8;20,7;0;28;1018;0;0;;;0
30.04.2026;09:57:53;19,1;19,8;20,7;0;28;1018;0;0;;;0
30.04.2026;09:57:54;19;19,8;20,7;0;28;1018;0;0;;;0
30.04.2026;09:57:55;19;19,8;20,7;0;28;1018;0;0;;;0
30.04.2026;09:57:56;19;19,8;20,7;0;28;1018;0;0;;;0
30.04.2026;09:57:57;19,1;19,8;20,7;0;28;1018;0;0;;;0
30.04.2026;09:57:58;19,1;19,8;20,7;0;28;1018;0;0;;;0
30.04.2026;09:57:59;19,1;19,8;20,7;0;28;1018;0;0;;;0
30.04.2026;09:58:00;19,1;19,8;20,7;0;28;1018;0;0;;;0
30.04.2026;09:58:02;19,1;19,8;20,7;0;28;1018;0;0;;;0
30.04.2026;09:58:03;19,1;19,8;20,6;0;28;1018;0;0;;;0
30.04.2026;09:58:04;19,1;19,8;20,6;0;28;1018;0;0;;;0
30.04.2026;09:58:05;19,1;19,8;20,6;0;28;1018;0;0;;;0
30.04.2026;09:58:06;19,1;19,8;20,6;0;28;1018;0;0;;;0
30.04.2026;09:58:07;19,1;19,8;20,6;0;28;1018;0;0;;;0
30.04.2026;09:58:08;19,1;19,8;20,6;0;28;1018;0;0;;;0
30.04.2026;09:58:09;19,1;19,8;20,6;0;28;1018;0;0;;;0
30.04.2026;09:58:11;19,1;19,8;20,6;0;28;1018;0;0;;;0
30.04.2026;09:58:12;19,1;19,8;20,6;0;28;1018;0;0;;;0
30.04.2026;09:58:13;19,1;19,8;20,6;0;28;1018;0;0;;;0
30.04.2026;09:58:14;19,1;19,8;20,6;0;28;1018;0;0;;;0
30.04.2026;09:58:15;19,1;19,8;20,6;0;28;1018;0;0;;;0
30.04.2026;09:58:16;19,1;19,8;20,6;0;28;1018;0;0;;;0
30.04.2026;09:58:18;19,1;19,8;20,6;0;28;1018;0;0;;;0
30.04.2026;09:58:19;19,1;19,8;20,6;0;28;1018;0;0;;;0
30.04.2026;09:58:20;19,1;19,8;20,6;0;28;1018;0;0;;;0
30.04.2026;09:58:21;19,1;19,8;20,6;0;28;1018;0;0;;;0
30.04.2026;09:58:22;19,1;19,8;20,6;0;28;1018;0;0;;;0
30.04.2026;09:58:23;19,1;19,8;20,6;0;28;1018;0;0;;;0
30.04.2026;09:58:24;19,1;19,8;20,6;0;28;1018;0;0;;;0
30.04.2026;09:58:25;19,1;19,8;20,6;0;28;1018;0;0;;;0
30.04.2026;09:58:26;19,1;19,8;20,6;0;28;1018;0;0;;;0
30.04.2026;09:58:27;19,1;19,8;20,5;0;28;1018;0;0;;;0
30.04.2026;09:58:28;19,1;19,8;20,5;0;28;1018;0;0;;;0
30.04.2026;09:58:29;19,1;19,8;20,6;0;28;1018;0;0;;;0
30.04.2026;09:58:30;19,1;19,8;20,6;0;28;1018;0;0;;;0
30.04.2026;09:58:31;19,1;19,8;20,6;0;28;1018;0;0;;;0
30.04.2026;09:58:33;19,2;19,8;20,6;0;28;1018;0;0;;;0
30.04.2026;09:58:34;19,2;19,8;20,5;0;28;1018;0;0;;;0
30.04.2026;09:58:35;19,2;19,8;20,6;0;28;1018;0;0;;;0
30.04.2026;09:58:36;19,2;19,8;20,6;0;28;1018;0;0;;;0
30.04.2026;09:58:37;19,2;19,8;20,5;0;28;1018;0;0;;;0
30.04.2026;09:58:38;19,2;19,8;20,5;0;28;1018;0;0;;;0
30.04.2026;09:58:39;19,2;19,8;20,5;0;28;1018;0;0;;;0
30.04.2026;09:58:40;19,2;19,8;20,5;0;28;1018;0;0;;;0
30.04.2026;09:58:41;19,2;19,8;20,5;0;28;1018;0;0;;;0
30.04.2026;09:58:42;19,2;19,8;20,5;0;28;1018;0;0;;;0
30.04.2026;09:58:43;19,2;19,8;20,5;0;28;1018;0;0;;;0
30.04.2026;09:58:44;19,2;19,8;20,6;0;28;1018;0;0;;;0
30.04.2026;09:58:45;19,2;19,8;20,5;0;28;1018;0;0;;;0
30.04.2026;09:58:46;19,2;19,8;20,5;0;28;1018;0;0;;;0
30.04.2026;09:58:47;19,2;19,8;20,5;0;28;1018;0;0;;;0
30.04.2026;09:58:48;19,2;19,8;20,5;0;28;1018;0;0;;;0
30.04.2026;09:58:49;19,2;19,8;20,5;0;28;1018;0;0;;;0
30.04.2026;09:58:50;19,2;19,8;20,5;0;28;1018;0;0;;;0
30.04.2026;09:58:52;19,2;19,8;20,5;0;28;1018;0;0;;;0
30.04.2026;09:58:53;19,2;19,8;20,5;0;28;1018;0;0;;;0
30.04.2026;09:58:54;19,2;19,8;20,5;0;28;1018;0;0;;;0
30.04.2026;09:58:55;19,2;19,8;20,5;0;28;1018;0;0;;;0
30.04.2026;09:58:56;19,2;19,8;20,5;0;28;1018;0;0;;;0
30.04.2026;09:58:57;19,2;19,8;20,5;0;28;1018;0;0;;;0
30.04.2026;09:58:58;19,2;19,8;20,5;0;28;1018;0;0;;;0
30.04.2026;09:58:59;19,2;19,8;20,5;0;28;1018;0;0;;;0
30.04.2026;09:59:00;19,2;19,8;20,5;0;28;1018;0;0;;;0
30.04.2026;09:59:01;19,2;19,8;20,5;0;28;1018;0;0;;;0
30.04.2026;09:59:02;19,2;19,8;20,5;0;28;1018;0;0;;;0
30.04.2026;09:59:04;19,2;19,8;20,5;0;28;1018;0;0;;;0
30.04.2026;09:59:14;19,2;19,8;20,5;0;28;1018;0;0;;;0
30.04.2026;09:59:24;19,2;19,7;20,6;0;28;1018;0;0;;;0
30.04.2026;09:59:34;19,2;19,7;20,5;0;28;1018;0;0;;;0
30.04.2026;09:59:44;19,2;19,7;20,6;0;28;1018;0;0;;;0
30.04.2026;09:59:55;19,2;19,7;20,6;0;28;1018;0;0;;;0
30.04.2026;10:00:05;19,3;19,8;20,6;0;28;1018;0;0;;;0
30.04.2026;10:00:15;19,3;19,8;20,6;0;28;1018;0;0;;;0
30.04.2026;10:00:25;19,4;19,8;20,6;0;28;1018;0;0;;;0
30.04.2026;10:00:35;19,4;19,8;20,7;0;28;1018;0;0;;;0
30.04.2026;10:00:45;19,5;19,8;20,7;0;28;1018;0;0;;;0
30.04.2026;10:00:55;19,5;19,9;20,7;0;28;1018;0;0;;;0
30.04.2026;10:01:05;19,5;19,9;20,8;0;28;1018;0;0;;;0
30.04.2026;10:01:15;19,6;19,9;20,8;0;28;1018;0;0;;;0
30.04.2026;10:01:26;19,6;19,9;20,8;0;28;1018;0;0;;;0
30.04.2026;10:01:36;19,6;19,9;20,9;0;28;1018;0;0;;;0
30.04.2026;10:01:46;19,6;19,9;20,9;0;28;1018;0;0;;;0
30.04.2026;10:01:56;19,7;19,9;21;1;28;1018;0;0;;;0
30.04.2026;10:02:06;19,7;19,9;21;1;28;1018;0;0;;;0
30.04.2026;10:02:16;19,7;19,9;21;1;28;1018;0;0;;;0
30.04.2026;10:02:26;19,7;19,9;21,1;1;28;1018;0;0;;;0
30.04.2026;10:02:36;19,7;19,9;21,1;1;28;1018;0;0;;;0
30.04.2026;10:02:46;19,7;19,9;21,1;1;28;1018;0;0;;;0
30.04.2026;10:02:56;19,7;19,9;21,2;1;28;1018;0;0;;;0
30.04.2026;10:03:07;19,7;19,9;21,2;1;28;1018;0;0;;;0
30.04.2026;10:03:17;19,7;19,9;21,3;1;28;1018;0;0;;;0
30.04.2026;10:03:27;19,7;19,9;21,3;1;28;1018;0;0;;;0
30.04.2026;10:03:37;19,8;19,9;21,4;1;28;1018;0;0;;;0
30.04.2026;10:03:47;19,8;20;21,4;1;28;1018;0;0;;;0
30.04.2026;10:03:57;19,8;20;21,4;1;28;1018;0;0;;;0
30.04.2026;10:04:07;19,9;20;21,5;1;28;1018;0;0;;;0
30.04.2026;10:04:17;19,9;20;21,5;1;28;1018;0;0;;;0
30.04.2026;10:04:27;19,9;20;21,6;1;28;1018;0;0;;;0
30.04.2026;10:04:37;20;20;21,6;1;28;1018;0;0;;;0
30.04.2026;10:04:48;20;20;21,7;1;28;1018;0;0;;;0
30.04.2026;10:04:58;20;20;21,7;1;28;1018;0;0;;;0
30.04.2026;10:05:08;20,1;20,1;21,8;1;28;1018;0;0;;;0
30.04.2026;10:05:18;20,1;20,1;21,8;1;28;1018;0;0;;;0
30.04.2026;10:05:28;20,1;20,1;21,9;1;28;1018;0;0;;;0
30.04.2026;10:05:38;20,2;20,1;21,9;1;28;1018;0;0;;;0
30.04.2026;10:05:48;20,2;20,1;22;2;28;1018;0;0;;;0
30.04.2026;10:05:58;20,2;20,1;22;2;28;1018;0;0;;;0
30.04.2026;10:06:08;20,2;20,1;22,1;2;28;1018;0;0;;;0
30.04.2026;10:06:19;20,3;20,1;22,1;2;28;1018;0;0;;;0
30.04.2026;10:06:29;20,3;20,2;22,2;2;28;1018;0;0;;;0
30.04.2026;10:06:39;20,3;20,2;22,2;2;28;1018;0;0;;;0
30.04.2026;10:06:49;20,3;20,2;22,3;2;28;1018;0;0;;;0
30.04.2026;10:06:59;20,3;20,2;22,3;2;28;1018;0;0;;;0
30.04.2026;10:07:09;20,4;20,2;22,4;2;28;1018;0;0;;;0
30.04.2026;10:07:19;20,4;20,2;22,4;2;28;1018;0;0;;;0
30.04.2026;10:07:29;20,4;20,2;22,4;2;28;1018;0;0;;;0
30.04.2026;10:07:39;20,5;20,2;22,5;2;28;1018;0;0;;;0
30.04.2026;10:07:49;20,5;20,2;22,5;2;28;1018;0;0;;;0
30.04.2026;10:07:59;20,5;20,2;22,5;2;28;1018;0;0;;;0
30.04.2026;10:08:09;20,5;20,2;22,6;2;28;1018;0;0;;;0
30.04.2026;10:08:19;20,5;20,2;22,6;2;28;1018;0;0;;;0
30.04.2026;10:08:29;20,6;20,2;22,6;2;28;1018;0;0;;;0
30.04.2026;10:08:39;20,6;20,2;22,7;2;28;1018;0;0;;;0
30.04.2026;10:08:50;20,6;20,3;22,7;2;28;1018;0;0;;;0
30.04.2026;10:09:00;20,6;20,3;22,7;2;28;1018;0;0;;;0
30.04.2026;10:09:10;20,7;20,3;22,7;2;28;1018;0;0;;;0
30.04.2026;10:09:20;20,7;20,3;22,7;2;28;1018;0;0;;;0
30.04.2026;10:09:30;20,7;20,3;22,7;2;28;1018;0;0;;;0
30.04.2026;10:09:40;20,7;20,3;22,8;2;28;1018;0;0;;;0
30.04.2026;10:09:50;20,7;20,3;22,8;2;28;1018;0;0;;;0
30.04.2026;10:10:00;20,7;20,3;22,8;2;28;1018;0;0;;;0
30.04.2026;10:10:10;20,7;20,3;22,8;2;28;1018;0;0;;;0
30.04.2026;10:10:20;20,7;20,3;22,8;2;28;1018;0;0;;;0
30.04.2026;10:10:30;20,8;20,3;22,8;2;28;1018;0;0;;;0
30.04.2026;10:10:40;20,8;20,3;22,8;2;28;1018;0;0;;;0
30.04.2026;10:10:50;20,8;20,3;22,8;2;28;1018;0;0;;;0
30.04.2026;10:11:00;20,8;20,3;22,8;2;28;1018;0;0;;;0
30.04.2026;10:11:10;20,8;20,3;22,8;2;28;1018;0;0;;;0
30.04.2026;10:11:20;20,8;20,3;22,8;2;28;1018;0;0;;;0
30.04.2026;10:11:30;20,9;20,3;22,8;2;28;1018;0;0;;;0
30.04.2026;10:11:41;20,9;20,3;22,9;2;28;1018;0;0;;;0
30.04.2026;10:11:51;20,9;20,3;22,9;2;28;1018;0;0;;;0
30.04.2026;10:12:01;20,9;20,3;22,9;2;28;1018;0;0;;;0
30.04.2026;10:12:11;20,9;20,3;22,9;2;28;1018;0;0;;;0
30.04.2026;10:12:21;21;20,4;22,9;2;28;1018;0;0;;;0
30.04.2026;10:12:31;21;20,4;22,9;2;28;1018;0;0;;;0
30.04.2026;10:12:41;21;20,4;22,9;2;28;1018;0;0;;;0
30.04.2026;10:12:51;21;20,4;22,9;2;28;1018;0;0;;;0
30.04.2026;10:13:01;21;20,4;22,9;2;28;1018;0;0;;;0
30.04.2026;10:13:11;21;20,4;22,8;2;28;1018;0;0;;;0
30.04.2026;10:13:21;21,1;20,4;22,8;2;28;1018;0;0;;;0
30.04.2026;10:13:31;21,1;20,4;22,9;2;28;1018;0;0;;;0
30.04.2026;10:13:41;21,1;20,4;22,9;2;28;1018;0;0;;;0
30.04.2026;10:13:51;21,1;20,4;22,9;2;28;1018;0;0;;;0
30.04.2026;10:14:02;21,1;20,4;22,9;2;28;1018;0;0;;;0
30.04.2026;10:14:12;21,2;20,4;22,8;2;28;1018;0;0;;;0
30.04.2026;10:14:22;21,2;20,5;22,9;2;28;1018;0;0;;;0
30.04.2026;10:14:32;21,2;20,5;22,9;2;28;1018;0;0;;;0
30.04.2026;10:14:42;21,3;20,5;22,9;2;28;1018;0;0;;;0
30.04.2026;10:14:52;21,3;20,5;22,9;2;28;1018;0;0;;;0
30.04.2026;10:15:02;21,3;20,5;22,9;2;28;1018;0;0;;;0
30.04.2026;10:15:12;21,4;20,5;22,9;2;28;1018;0;0;;;0
30.04.2026;10:15:22;21,4;20,5;22,9;2;28;1018;0;0;;;0
30.04.2026;10:15:32;21,4;20,5;22,9;2;28;1018;0;0;;;0
30.04.2026;10:15:42;21,4;20,5;22,9;2;28;1018;0;0;;;0
30.04.2026;10:15:53;21,4;20,5;22,9;2;28;1018;0;0;;;0
30.04.2026;10:16:03;21,4;20,5;22,9;2;28;1018;0;0;;;0
30.04.2026;10:16:13;21,4;20,5;22,9;2;28;1018;0;0;;;0
30.04.2026;10:16:23;21,5;20,5;23;3;28;1018;0;0;;;0
30.04.2026;10:16:33;21,5;20,5;23;3;28;1018;0;0;;;0
30.04.2026;10:16:43;21,5;20,6;23;3;28;1018;0;0;;;0
30.04.2026;10:16:53;21,6;20,6;23;3;28;1018;0;0;;;0
30.04.2026;10:17:03;21,6;20,6;23;2;27;1018;0;0;;;0
30.04.2026;10:17:13;21,6;20,6;23,1;2;27;1018;0;0;;;0
30.04.2026;10:17:23;21,6;20,6;23,1;2;27;1018;0;0;;;0
30.04.2026;10:17:33;21,6;20,6;23,1;2;27;1018;0;0;;;0
30.04.2026;10:17:43;21,7;20,6;23,1;2;27;1018;0;0;;;0
30.04.2026;10:17:53;21,7;20,6;23,1;2;27;1018;0;0;;;0
30.04.2026;10:18:03;21,7;20,6;23,1;2;27;1018;0;0;;;0
30.04.2026;10:18:13;21,7;20,7;23,1;2;27;1018;0;0;;;0
30.04.2026;10:18:23;21,8;20,7;23,1;2;27;1018;0;0;;;0
30.04.2026;10:18:33;21,8;20,7;23,1;2;27;1018;0;0;;;0
30.04.2026;10:18:43;21,8;20,7;23,1;2;27;1018;0;0;;;0
30.04.2026;10:18:54;21,8;20,7;23,2;2;27;1018;0;0;;;0
30.04.2026;10:19:04;21,8;20,7;23,2;2;27;1018;0;0;;;0
30.04.2026;10:19:14;21,9;20,7;23,2;2;27;1018;0;0;;;0
30.04.2026;10:19:24;21,9;20,7;23,2;2;27;1018;0;0;;;0
30.04.2026;10:19:34;21,9;20,7;23,2;2;27;1018;0;0;;;0
30.04.2026;10:19:45;21,9;20,7;23,2;2;27;1018;0;0;;;0
30.04.2026;10:19:55;21,9;20,7;23,2;2;27;1018;0;0;;;0
30.04.2026;10:20:05;21,9;20,7;23,2;2;27;1018;0;0;;;0
30.04.2026;10:20:15;21,9;20,7;23,2;2;27;1018;0;0;;;0
30.04.2026;10:20:25;21,9;20,7;23,3;2;27;1018;0;0;;;0
30.04.2026;10:20:35;21,9;20,7;23,2;2;27;1018;0;0;;;0
30.04.2026;10:20:45;21,9;20,7;23,3;2;27;1018;0;0;;;0
30.04.2026;10:20:55;21,9;20,7;23,3;2;27;1018;0;0;;;0
30.04.2026;10:21:05;21,9;20,7;23,3;2;27;1018;0;0;;;0
30.04.2026;10:21:15;22;20,6;23,3;2;27;1018;0;0;;;0
30.04.2026;10:21:26;22;20,7;23,3;2;27;1018;0;0;;;0
30.04.2026;10:21:36;22;20,7;23,3;2;27;1018;0;0;;;0
30.04.2026;10:21:46;22,1;20,7;23,3;2;27;1018;0;0;;;0
30.04.2026;10:21:56;22,1;20,7;23,3;2;27;1018;0;0;;;0
30.04.2026;10:22:06;22,1;20,7;23,3;2;27;1018;0;0;;;0
30.04.2026;10:22:16;22,1;20,7;23,3;2;27;1018;0;0;;;0
30.04.2026;10:22:26;22,1;20,7;23,3;2;27;1018;0;0;;;0
30.04.2026;10:22:36;22,1;20,7;23,2;2;27;1018;0;0;;;0
30.04.2026;10:22:46;22,2;20,7;23,2;2;27;1018;0;0;;;0
30.04.2026;10:22:56;22,2;20,7;23,2;2;27;1018;0;0;;;0
30.04.2026;10:23:06;22,2;20,7;23,2;2;27;1018;0;0;;;0
30.04.2026;10:23:16;22,2;20,7;23,1;2;27;1018;0;0;;;0
30.04.2026;10:23:26;22,3;20,7;23,1;2;27;1018;0;0;;;0
30.04.2026;10:23:37;22,3;20,7;23,1;2;27;1018;0;0;;;0
30.04.2026;10:23:47;22,3;20,7;23;2;27;1018;0;0;;;0
30.04.2026;10:23:57;22,3;20,7;23;2;27;1018;0;0;;;0
30.04.2026;10:24:07;22,3;20,7;23;2;27;1018;0;0;;;0
30.04.2026;10:24:17;22,4;20,8;22,9;2;27;1018;0;0;;;0
30.04.2026;10:24:27;22,4;20,8;22,9;2;27;1018;0;0;;;0
30.04.2026;10:24:37;22,4;20,8;22,9;2;27;1018;0;0;;;0
30.04.2026;10:24:47;22,4;20,8;22,8;2;27;1018;0;0;;;0
30.04.2026;10:24:57;22,4;20,8;22,8;2;27;1018;0;0;;;0
30.04.2026;10:25:08;22,4;20,8;22,7;2;27;1018;0;0;;;0
30.04.2026;10:25:18;22,4;20,8;22,7;2;27;1018;0;0;;;0
30.04.2026;10:25:28;22,4;20,8;22,7;2;27;1018;0;0;;;0
30.04.2026;10:25:38;22,4;20,8;22,7;2;27;1018;0;0;;;0
30.04.2026;10:25:48;22,4;20,8;22,6;2;27;1018;0;0;;;0
30.04.2026;10:25:58;22,5;20,8;22,6;2;27;1018;0;0;;;0
30.04.2026;10:26:08;22,5;20,8;22,6;2;27;1018;0;0;;;0
30.04.2026;10:26:18;22,5;20,9;22,5;2;27;1018;0;0;;;0
30.04.2026;10:26:28;22,6;20,9;22,5;2;27;1018;0;0;;;0
30.04.2026;10:26:38;22,6;20,9;22,5;2;27;1018;0;0;;;0
30.04.2026;10:26:48;22,6;20,9;22,5;2;27;1018;0;0;;;0
30.04.2026;10:26:59;22,6;20,9;22,5;2;27;1018;0;0;;;0
30.04.2026;10:27:09;22,7;20,9;22,5;2;27;1018;0;0;;;0
30.04.2026;10:27:19;22,7;20,9;22,5;2;27;1018;0;0;;;0
30.04.2026;10:27:29;22,7;20,9;22,5;2;27;1018;0;0;;;0
30.04.2026;10:27:39;22,7;20,9;22,5;2;27;1018;0;0;;;0
30.04.2026;10:27:49;22,7;20,9;22,5;2;27;1018;0;0;;;0
30.04.2026;10:27:59;22,7;21;22,5;2;27;1018;0;0;;;0
30.04.2026;10:28:09;22,7;21;22,5;2;27;1018;0;0;;;0
30.04.2026;10:28:19;22,7;21;22,5;2;27;1018;0;0;;;0
30.04.2026;10:28:29;22,8;21;22,5;2;27;1018;0;0;;;0
30.04.2026;10:28:40;22,8;21;22,5;2;27;1018;0;0;;;0
30.04.2026;10:28:50;22,8;21;22,5;2;27;1018;0;0;;;0
30.04.2026;10:29:00;22,8;21;22,5;2;27;1018;0;0;;;0
30.04.2026;10:29:10;22,8;21;22,5;2;27;1018;0;0;;;0
30.04.2026;10:29:20;22,9;21;22,5;2;27;1018;0;0;;;0
30.04.2026;10:29:30;22,9;21;22,5;2;27;1018;0;0;;;0
30.04.2026;10:29:41;22,8;21;22,5;2;27;1018;0;0;;;0
30.04.2026;10:29:51;22,8;21;22,6;2;27;1018;0;0;;;0
30.04.2026;10:30:01;22,9;21,1;22,6;2;27;1018;0;0;;;0
30.04.2026;10:30:11;22,9;21,1;22,6;2;27;1018;0;0;;;0
30.04.2026;10:30:21;22,9;21,1;22,6;2;27;1018;0;0;;;0
30.04.2026;10:30:31;23;21,1;22,6;2;27;1018;0;0;;;0
30.04.2026;10:30:41;23;21,1;22,6;2;27;1018;0;0;;;0
30.04.2026;10:30:51;23;21,1;22,6;2;27;1018;0;0;;;0
30.04.2026;10:31:01;23;21,1;22,6;2;27;1018;0;0;;;0
30.04.2026;10:31:11;23,1;21,1;22,6;2;27;1018;0;0;;;0
30.04.2026;10:31:22;23,1;21,1;22,6;2;27;1018;0;0;;;0
30.04.2026;10:31:32;23,1;21,1;22,6;2;27;1018;0;0;;;0
30.04.2026;10:31:42;23,2;21,1;22,6;2;27;1018;0;0;;;0
30.04.2026;10:31:52;23,2;21,1;22,6;2;27;1018;0;0;;;0
30.04.2026;10:32:02;23,2;21,1;22,6;2;27;1018;0;0;;;0
30.04.2026;10:32:12;23,2;21,1;22,6;2;27;1018;0;0;;;0
30.04.2026;10:32:22;23,2;21,1;22,6;2;27;1018;0;0;;;0
30.04.2026;10:32:32;23,2;21,1;22,6;2;27;1018;0;0;;;0
30.04.2026;10:32:42;23,2;21;22,6;2;27;1018;0;0;;;0
30.04.2026;10:32:52;23,2;21;22,6;2;27;1018;0;0;;;0
30.04.2026;10:33:02;23,2;21;22,6;2;27;1018;0;0;;;0
30.04.2026;10:33:12;23,2;21,1;22,6;2;27;1018;0;0;;;0
30.04.2026;10:33:22;23,3;21,1;22,7;2;27;1018;0;0;;;0
30.04.2026;10:33:33;23,3;21,1;22,6;2;27;1018;0;0;;;0
30.04.2026;10:33:43;23,3;21,1;22,6;2;27;1018;0;0;;;0
30.04.2026;10:33:53;23,3;21,1;22,6;2;27;1018;0;0;;;0
30.04.2026;10:34:03;23,3;21,1;22,6;2;27;1018;0;0;;;0
30.04.2026;10:34:13;23,3;21,1;22,6;2;27;1018;0;0;;;0
30.04.2026;10:34:23;23,3;21,1;22,6;2;27;1018;0;0;;;0
30.04.2026;10:34:33;23,3;21,1;22,6;2;27;1018;0;0;;;0
30.04.2026;10:34:43;23,3;21,1;22,5;2;27;1018;0;0;;;0
30.04.2026;10:34:53;23,3;21,1;22,5;2;27;1018;0;0;;;0
30.04.2026;10:35:03;23,3;21,1;22,5;2;27;1018;0;0;;;0
30.04.2026;10:35:14;23,3;21,1;22,5;2;27;1018;0;0;;;0
30.04.2026;10:35:24;23,4;21,1;22,5;2;27;1018;0;0;;;0
30.04.2026;10:35:34;23,4;21,1;22,5;2;27;1018;0;0;;;0
30.04.2026;10:35:44;23,4;21,1;22,5;2;27;1018;0;0;;;0
30.04.2026;10:35:54;23,4;21,1;22,5;2;27;1018;0;0;;;0
30.04.2026;10:36:04;23,5;21,1;22,5;2;27;1018;0;0;;;0
30.04.2026;10:36:14;23,5;21,2;22,5;2;27;1018;0;0;;;0
30.04.2026;10:36:24;23,5;21,2;22,5;2;27;1018;0;0;;;0
30.04.2026;10:36:34;23,6;21,2;22,5;2;27;1018;0;0;;;0
30.04.2026;10:36:44;23,6;21,2;22,6;2;28;1018;0;0;;;0
30.04.2026;10:36:54;23,6;21,2;22,6;2;28;1018;0;0;;;0
30.04.2026;10:37:05;23,6;21,2;22,6;2;28;1018;0;0;;;0
30.04.2026;10:37:15;23,6;21,2;22,7;2;28;1018;0;0;;;0
30.04.2026;10:37:25;23,7;21,3;22,7;2;28;1018;0;0;;;0
30.04.2026;10:37:35;23,7;21,3;22,7;2;28;1018;0;0;;;0
30.04.2026;10:37:45;23,7;21,3;22,8;2;28;1018;0;0;;;0
30.04.2026;10:37:55;23,7;21,3;22,8;2;28;1018;0;0;;;0
30.04.2026;10:38:05;23,7;21,3;22,9;2;28;1018;0;0;;;0
30.04.2026;10:38:15;23,8;21,3;22,9;2;28;1018;0;0;;;0
30.04.2026;10:38:25;23,8;21,3;23;3;28;1018;0;0;;;0
30.04.2026;10:38:35;23,8;21,3;23;3;28;1018;0;0;;;0
30.04.2026;10:38:45;23,8;21,3;23;2;27;1018;0;0;;;0
30.04.2026;10:38:56;23,9;21,3;23,1;3;28;1018;0;0;;;0
30.04.2026;10:39:06;23,9;21,3;23,1;3;28;1018;0;0;;;0
30.04.2026;10:39:16;23,9;21,3;23,2;2;27;1018;0;0;;;0
30.04.2026;10:39:26;23,9;21,3;23,2;3;28;1018;0;0;;;0
30.04.2026;10:39:36;23,9;21,4;23,2;2;27;1018;0;0;;;0
30.04.2026;10:39:46;24;21,4;23,3;2;27;1018;0;0;;;0
30.04.2026;10:39:56;24;21,4;23,3;2;27;1018;0;0;;;0
30.04.2026;10:40:06;24;21,4;23,3;2;27;1018;0;0;;;0
30.04.2026;10:40:16;24;21,4;23,3;2;27;1018;0;0;;;0
30.04.2026;10:40:27;24;21,3;23,3;2;27;1018;0;0;;;0
30.04.2026;10:40:37;24;21,3;23,4;2;27;1018;0;0;;;0
30.04.2026;10:40:47;24;21,3;23,4;2;27;1018;0;0;;;0
30.04.2026;10:40:57;24;21,3;23,4;2;27;1018;0;0;;;0
30.04.2026;10:41:07;24;21,3;23,4;2;27;1018;0;0;;;0
30.04.2026;10:41:17;24;21,3;23,5;2;27;1018;0;0;;;0
30.04.2026;10:41:27;24;21,3;23,5;2;27;1018;0;0;;;0
30.04.2026;10:41:37;24;21,3;23,5;2;27;1018;0;0;;;0
30.04.2026;10:41:47;24;21,3;23,5;2;27;1018;0;0;;;0
30.04.2026;10:41:58;24,1;21,4;23,6;2;27;1018;0;0;;;0
30.04.2026;10:42:08;24,1;21,4;23,6;2;27;1018;0;0;;;0
30.04.2026;10:42:18;24,1;21,4;23,6;2;27;1018;0;0;;;0
30.04.2026;10:42:28;24,2;21,4;23,7;2;27;1018;0;0;;;0
30.04.2026;10:42:38;24,2;21,5;23,7;2;27;1018;0;0;;;0
30.04.2026;10:42:48;24,3;21,5;23,8;2;27;1018;0;0;;;0
30.04.2026;10:42:58;24,3;21,5;23,8;2;27;1018;0;0;;;0
30.04.2026;10:43:08;24,4;21,5;23,8;2;27;1018;0;0;;;0
30.04.2026;10:43:18;24,4;21,5;23,9;2;27;1018;0;0;;;0
30.04.2026;10:43:28;24,4;21,6;23,9;2;27;1018;0;0;;;0
30.04.2026;10:43:38;24,5;21,6;23,9;2;27;1018;0;0;;;0
30.04.2026;10:43:48;24,5;21,6;23,9;2;27;1018;0;0;;;0
30.04.2026;10:43:58;24,5;21,6;24;3;27;1018;0;0;;;0
30.04.2026;10:44:08;24,5;21,6;24;3;27;1018;0;0;;;0
30.04.2026;10:44:19;24,6;21,7;24;3;27;1018;0;0;;;0
30.04.2026;10:44:29;24,6;21,7;24;3;27;1018;0;0;;;0
30.04.2026;10:44:39;24,5;21,7;24;3;27;1018;0;0;;;0
30.04.2026;10:44:49;24,5;21,6;24;3;27;1018;0;0;;;0
30.04.2026;10:44:59;24,5;21,6;24;3;27;1018;0;0;;;0
30.04.2026;10:45:09;24,5;21,6;24,1;3;27;1018;0;0;;;0
30.04.2026;10:45:19;24,5;21,7;24,1;3;27;1018;0;0;;;0
30.04.2026;10:45:29;24,5;21,7;24,1;3;27;1018;0;0;;;0
30.04.2026;10:45:39;24,4;21,7;24,1;3;27;1018;0;0;;;0
30.04.2026;10:45:49;24,5;21,7;24,1;3;27;1018;0;0;;;0
30.04.2026;10:46:00;24,4;21,7;24,1;3;27;1018;0;0;;;0
30.04.2026;10:46:10;24,4;21,7;24,2;3;27;1018;0;0;;;0
30.04.2026;10:46:20;24,4;21,7;24,2;3;27;1018;0;0;;;0
30.04.2026;10:46:30;24,5;21,7;24,2;3;27;1018;0;0;;;0
30.04.2026;10:46:40;24,5;21,7;24,2;3;27;1018;0;0;;;0
30.04.2026;10:46:50;24,6;21,7;24,3;3;27;1018;0;0;;;0
30.04.2026;10:47:00;24,6;21,7;24,3;3;27;1018;0;0;;;0
30.04.2026;10:47:10;24,6;21,7;24,3;3;27;1018;0;0;;;0
30.04.2026;10:47:20;24,6;21,7;24,3;3;27;1018;0;0;;;0
30.04.2026;10:47:31;24,7;21,7;24,3;3;27;1018;0;0;;;0
30.04.2026;10:47:41;24,7;21,7;24,3;3;27;1018;0;0;;;0
30.04.2026;10:47:51;24,8;21,8;24,3;3;27;1018;0;0;;;0
30.04.2026;10:48:01;24,8;21,8;24,3;3;27;1018;0;0;;;0
30.04.2026;10:48:11;24,8;21,8;24,3;3;27;1018;0;0;;;0
30.04.2026;10:48:21;24,7;21,8;24,3;3;27;1018;0;0;;;0
30.04.2026;10:48:32;24,7;21,8;24,3;3;27;1018;0;0;;;0
30.04.2026;10:48:42;24,7;21,8;24,3;3;27;1018;0;0;;;0
30.04.2026;10:48:52;24,8;21,8;24,3;3;27;1018;0;0;;;0
30.04.2026;10:49:02;24,8;21,8;24,3;3;27;1018;0;0;;;0
30.04.2026;10:49:12;24,9;21,8;24,3;3;27;1018;0;0;;;0
30.04.2026;10:49:22;24,9;21,8;24,3;3;27;1018;0;0;;;0
30.04.2026;10:49:32;24,9;21,9;24,3;3;27;1018;0;0;;;0
30.04.2026;10:49:42;24,9;21,8;24,3;3;27;1018;0;0;;;0
30.04.2026;10:49:52;24,9;21,8;24,3;3;27;1018;0;0;;;0
30.04.2026;10:50:03;24,9;21,8;24,3;3;27;1018;0;0;;;0
30.04.2026;10:50:13;24,9;21,8;24,3;3;27;1018;0;0;;;0
30.04.2026;10:50:23;24,9;21,8;24,3;3;27;1018;0;0;;;0
30.04.2026;10:50:33;24,9;21,8;24,2;3;27;1018;0;0;;;0
30.04.2026;10:50:43;24,9;21,8;24,3;3;27;1018;0;0;;;0
30.04.2026;10:50:53;24,9;21,8;24,3;3;27;1018;0;0;;;0
30.04.2026;10:51:03;24,9;21,8;24,3;3;27;1018;0;0;;;0
30.04.2026;10:51:13;24,9;21,7;24,3;3;27;1018;0;0;;;0
30.04.2026;10:51:23;24,9;21,7;24,2;3;27;1018;0;0;;;0
30.04.2026;10:51:33;24,9;21,7;24,3;3;27;1018;0;0;;;0
30.04.2026;10:51:43;24,9;21,7;24,2;3;27;1018;0;0;;;0
30.04.2026;10:51:53;24,9;21,6;24,3;3;27;1018;0;0;;;0
30.04.2026;10:52:04;24,8;21,6;24,2;3;27;1018;0;0;;;0
30.04.2026;10:52:14;24,8;21,6;24,3;3;27;1018;0;0;;;0
30.04.2026;10:52:24;24,8;21,6;24,3;3;27;1018;0;0;;;0
30.04.2026;10:52:34;24,8;21,6;24,3;3;27;1018;0;0;;;0
30.04.2026;10:52:44;24,8;21,6;24,3;3;27;1018;0;0;;;0
30.04.2026;10:52:54;24,9;21,7;24,3;3;27;1018;0;0;;;0
30.04.2026;10:53:04;24,9;21,7;24,3;3;27;1018;0;0;;;0
30.04.2026;10:53:14;24,9;21,7;24,2;3;27;1018;0;0;;;0
30.04.2026;10:53:24;24,9;21,7;24,2;3;27;1018;0;0;;;0
30.04.2026;10:53:34;25;21,7;24,2;3;27;1018;0;0;;;0
30.04.2026;10:53:44;25;21,7;24,2;3;27;1018;0;0;;;0
30.04.2026;10:53:54;25;21,7;24,1;3;27;1018;0;0;;;0
30.04.2026;10:54:04;25,1;21,7;24,1;3;27;1018;0;0;;;0
30.04.2026;10:54:14;25,1;21,7;24,1;3;27;1018;0;0;;;0
30.04.2026;10:54:25;25,1;21,7;24,1;3;27;1018;0;0;;;0
30.04.2026;10:54:35;25,1;21,7;24,1;3;27;1018;0;0;;;0
30.04.2026;10:54:45;25,2;21,7;24;3;27;1018;0;0;;;0
30.04.2026;10:54:55;25,2;21,7;24;3;27;1018;0;0;;;0
30.04.2026;10:55:05;25,2;21,7;24;3;27;1018;0;0;;;0
30.04.2026;10:55:15;25,2;21,7;23,9;2;27;1018;0;0;;;0
30.04.2026;10:55:25;25,2;21,8;23,9;2;27;1018;0;0;;;0
30.04.2026;10:55:35;25,3;21,8;23,9;2;27;1018;0;0;;;0
30.04.2026;10:55:45;25,3;21,8;23,9;2;27;1018;0;0;;;0
30.04.2026;10:55:55;25,3;21,8;23,8;2;27;1018;0;0;;;0
30.04.2026;10:56:05;25,4;21,8;23,8;2;27;1018;0;0;;;0
30.04.2026;10:56:15;25,4;21,8;23,8;2;27;1018;0;0;;;0
30.04.2026;10:56:25;25,4;21,8;23,8;2;27;1018;0;0;;;0
30.04.2026;10:56:35;25,4;21,9;23,7;2;27;1018;0;0;;;0
30.04.2026;10:56:45;25,4;21,8;23,7;2;27;1018;0;0;;;0
30.04.2026;10:56:56;25,4;21,8;23,7;2;27;1018;0;0;;;0
30.04.2026;10:57:06;25,4;21,8;23,6;2;27;1018;0;0;;;0
30.04.2026;10:57:16;25,5;21,9;23,6;2;27;1018;0;0;;;0
30.04.2026;10:57:26;25,5;21,9;23,6;2;27;1018;0;0;;;0
30.04.2026;10:57:36;25,5;21,9;23,6;2;27;1018;0;0;;;0
30.04.2026;10:57:46;25,5;21,9;23,6;2;27;1018;0;0;;;0
30.04.2026;10:57:56;25,5;21,9;23,5;2;27;1018;0;0;;;0
30.04.2026;10:58:06;25,6;21,9;23,5;2;27;1018;0;0;;;0
30.04.2026;10:58:16;25,6;21,9;23,5;2;27;1018;0;0;;;0
30.04.2026;10:58:26;25,6;21,9;23,5;2;27;1018;0;0;;;0
30.04.2026;10:58:36;25,6;21,9;23,5;2;27;1018;0;0;;;0
30.04.2026;10:58:47;25,6;21,9;23,5;2;27;1018;0;0;;;0
30.04.2026;10:58:57;25,6;21,9;23,5;2;27;1018;0;0;;;0
30.04.2026;10:59:07;25,6;21,9;23,5;2;27;1018;0;0;;;0
30.04.2026;10:59:17;25,6;21,8;23,5;2;27;1018;0;0;;;0
30.04.2026;10:59:27;25,6;21,8;23,4;2;27;1018;0;0;;;0
30.04.2026;10:59:37;25,7;21,8;23,4;2;27;1018;0;0;;;0
30.04.2026;10:59:47;25,7;21,9;23,4;2;27;1018;0;0;;;0
30.04.2026;10:59:57;25,8;21,9;23,4;2;27;1018;0;0;;;0
30.04.2026;11:00:07;25,8;21,9;23,4;2;27;1018;0;0;;;0
30.04.2026;11:00:18;25,9;21,9;23,4;2;27;1018;0;0;;;0
30.04.2026;11:00:28;25,9;22;23,4;2;27;1018;0;0;;;0
30.04.2026;11:00:38;25,9;22;23,3;2;27;1018;0;0;;;0
30.04.2026;11:00:48;25,9;22;23,4;2;27;1018;0;0;;;0
30.04.2026;11:00:58;25,9;22;23,4;2;27;1018;0;0;;;0
30.04.2026;11:01:08;25,9;22;23,3;2;27;1018;0;0;;;0
30.04.2026;11:01:18;25,9;22;23,3;2;27;1018;0;0;;;0
30.04.2026;11:01:28;25,9;22;23,3;2;27;1018;0;0;;;0
30.04.2026;11:01:38;25,9;22;23,3;2;27;1018;0;0;;;0
30.04.2026;11:01:49;25,9;22;23,3;2;27;1018;0;0;;;0
30.04.2026;11:01:59;25,9;22,1;23,3;2;27;1018;0;0;;;0
30.04.2026;11:02:09;25,9;22,1;23,3;2;27;1018;0;0;;;0
30.04.2026;11:02:19;25,9;22,1;23,3;2;27;1018;0;0;;;0
30.04.2026;11:02:29;25,9;22,1;23,3;2;27;1018;0;0;;;0
30.04.2026;11:02:39;25,9;22,1;23,2;2;27;1018;0;0;;;0
30.04.2026;11:02:49;25,9;22,1;23,2;2;27;1018;0;0;;;0
30.04.2026;11:02:59;26;22,1;23,2;2;27;1018;0;0;;;0
30.04.2026;11:03:09;26;22,1;23,2;2;27;1018;0;0;;;0
30.04.2026;11:03:19;26;22,1;23,2;2;27;1018;0;0;;;0
30.04.2026;11:03:29;26;22,2;23,2;2;27;1018;0;0;;;0
30.04.2026;11:03:39;26;22,1;23,2;2;27;1018;0;0;;;0
30.04.2026;11:03:49;26;22,1;23,2;2;27;1018;0;0;;;0
30.04.2026;11:03:59;26,1;22,1;23,2;2;27;1018;0;0;;;0
30.04.2026;11:04:09;26,1;22,1;23,1;2;27;1018;0;0;;;0
30.04.2026;11:04:19;26,2;22,1;23,1;2;27;1018;0;0;;;0
30.04.2026;11:04:29;26,2;22,1;23,1;2;27;1018;0;0;;;0
30.04.2026;11:04:39;26,2;22,1;23,1;2;27;1018;0;0;;;0
30.04.2026;11:04:50;26,3;22,1;23,1;2;27;1018;0;0;;;0
30.04.2026;11:05:00;26,3;22,1;23,1;2;27;1018;0;0;;;0
30.04.2026;11:05:10;26,3;22,1;23,1;2;27;1018;0;0;;;0
30.04.2026;11:05:20;26,3;22,2;23;2;27;1018;0;0;;;0
30.04.2026;11:05:30;26,3;22,2;23;2;27;1018;0;0;;;0
30.04.2026;11:05:40;26,4;22,2;22,9;2;27;1018;0;0;;;0
30.04.2026;11:05:50;26,4;22,2;22,9;2;27;1018;0;0;;;0
30.04.2026;11:06:00;26,4;22,2;22,9;2;27;1018;0;0;;;0
30.04.2026;11:06:10;26,4;22,2;22,8;2;27;1018;0;0;;;0
30.04.2026;11:06:21;26,4;22,2;22,8;2;27;1018;0;0;;;0
30.04.2026;11:06:31;26,5;22,2;22,7;2;27;1018;0;0;;;0
30.04.2026;11:06:41;26,5;22,2;22,7;2;27;1018;0;0;;;0
30.04.2026;11:06:51;26,5;22,2;22,6;2;27;1018;0;0;;;0
30.04.2026;11:07:01;26,5;22,2;22,5;2;27;1018;0;0;;;0
30.04.2026;11:07:11;26,5;22,3;22,5;2;27;1018;0;0;;;0
30.04.2026;11:07:21;26,5;22,3;22,5;2;27;1018;0;0;;;0
30.04.2026;11:07:31;26,4;22,3;22,4;2;27;1018;0;0;;;0
30.04.2026;11:07:41;26,4;22,3;22,4;2;27;1018;0;0;;;0
30.04.2026;11:07:51;26,4;22,3;22,4;2;27;1018;0;0;;;0
30.04.2026;11:08:01;26,5;22,3;22,4;2;27;1018;0;0;;;0
30.04.2026;11:08:11;26,6;22,4;22,3;2;27;1018;0;0;;;0
30.04.2026;11:08:21;26,6;22,3;22,3;2;27;1018;0;0;;;0
30.04.2026;11:08:31;26,6;22,3;22,3;2;27;1018;0;0;;;0
30.04.2026;11:08:42;26,6;22,3;22,3;2;27;1018;0;0;;;0
30.04.2026;11:08:52;26,6;22,3;22,2;2;27;1018;0;0;;;0
30.04.2026;11:09:02;26,6;22,3;22,2;2;27;1018;0;0;;;0
30.04.2026;11:09:12;26,6;22,3;22,2;2;27;1018;0;0;;;0
30.04.2026;11:09:22;26,7;22,4;22,2;2;27;1018;0;0;;;0
30.04.2026;11:09:32;26,7;22,4;22,2;2;27;1018;0;0;;;0
30.04.2026;11:09:42;26,7;22,4;22,1;2;27;1018;0;0;;;0
30.04.2026;11:09:52;26,7;22,4;22,1;2;27;1018;0;0;;;0
30.04.2026;11:10:02;26,7;22,4;22,1;2;27;1018;0;0;;;0
30.04.2026;11:10:12;26,7;22,4;22,1;2;27;1018;0;0;;;0
30.04.2026;11:10:22;26,7;22,4;22;2;27;1018;0;0;;;0
30.04.2026;11:10:32;26,8;22,4;22,1;2;27;1018;0;0;;;0
30.04.2026;11:10:42;26,8;22,4;22;2;27;1018;0;0;;;0
30.04.2026;11:10:52;26,8;22,4;22;2;27;1018;0;0;;;0
30.04.2026;11:11:02;26,8;22,4;22;2;27;1018;0;0;;;0
30.04.2026;11:11:12;26,9;22,5;22;2;27;1018;0;0;;;0
30.04.2026;11:11:22;26,9;22,5;22,1;2;27;1018;0;0;;;0
30.04.2026;11:11:33;26,9;22,5;22,1;2;27;1018;0;0;;;0
30.04.2026;11:11:43;26,9;22,5;22,1;2;27;1018;0;0;;;0
30.04.2026;11:11:53;27;22,5;22,1;2;27;1018;0;0;;;0
30.04.2026;11:12:03;27;22,5;22,1;2;27;1018;0;0;;;0
30.04.2026;11:12:13;27,1;22,5;22,1;2;27;1018;0;0;;;0
30.04.2026;11:12:23;27,1;22,5;22,1;2;27;1018;0;0;;;0
30.04.2026;11:12:33;27,1;22,5;22,2;2;27;1018;0;0;;;0
30.04.2026;11:12:43;27,1;22,5;22,2;2;27;1018;0;0;;;0
30.04.2026;11:12:53;27,1;22,5;22,2;2;27;1018;0;0;;;0
30.04.2026;11:13:04;27;22,6;22,3;2;27;1018;0;0;;;0
30.04.2026;11:13:14;27,1;22,6;22,3;2;27;1018;0;0;;;0
30.04.2026;11:13:24;27,1;22,6;22,3;2;27;1018;0;0;;;0
30.04.2026;11:13:34;27,1;22,7;22,4;2;27;1018;0;0;;;0
30.04.2026;11:13:44;27,1;22,7;22,4;2;27;1018;0;0;;;0
30.04.2026;11:13:54;27,2;22,7;22,4;2;27;1018;0;0;;;0
30.04.2026;11:14:04;27,2;22,7;22,5;2;27;1018;0;0;;;0
30.04.2026;11:14:14;27,2;22,7;22,5;2;27;1018;0;0;;;0
30.04.2026;11:14:24;27,3;22,7;22,6;2;27;1018;0;0;;;0
30.04.2026;11:14:34;27,3;22,8;22,6;2;27;1018;0;0;;;0
30.04.2026;11:14:44;27,4;22,8;22,7;1;26;1018;0;0;;;0
30.04.2026;11:14:54;27,4;22,8;22,7;2;27;1018;0;0;;;0
30.04.2026;11:15:05;27,4;22,9;22,8;1;26;1018;0;0;;;0
30.04.2026;11:15:15;27,4;22,9;22,8;2;27;1018;0;0;;;0
30.04.2026;11:15:25;27,5;22,9;22,9;1;26;1018;0;0;;;0
30.04.2026;11:15:35;27,5;22,9;23;2;26;1018;0;0;;;0
30.04.2026;11:15:45;27,5;23;23;2;26;1018;0;0;;;0
30.04.2026;11:15:55;27,5;23;23,1;2;26;1018;0;0;;;0
30.04.2026;11:16:05;27,6;23;23,2;2;26;1018;0;0;;;0
30.04.2026;11:16:15;27,6;23;23,2;2;26;1018;0;0;;;0
30.04.2026;11:16:25;27,6;23;23,3;2;26;1018;0;0;;;0
30.04.2026;11:16:35;27,6;23;23,3;2;26;1018;0;0;;;0
30.04.2026;11:16:45;27,6;23;23,3;2;26;1018;0;0;;;0
30.04.2026;11:16:56;27,6;23;23,4;2;26;1018;0;0;;;0
30.04.2026;11:17:05;27,6;23;23,4;2;26;1018;0;0;;;0
30.04.2026;11:17:15;27,7;23,1;23,5;2;26;1018;0;0;;;0
30.04.2026;11:17:25;27,7;23,1;23,5;2;26;1018;0;0;;;0
30.04.2026;11:17:35;27,7;23,1;23,5;2;26;1018;0;0;;;0
30.04.2026;11:17:46;27,7;23,1;23,6;2;26;1018;0;0;;;0
30.04.2026;11:17:56;27,8;23,2;23,6;2;26;1018;0;0;;;0
30.04.2026;11:18:06;27,8;23,2;23,6;2;26;1018;0;0;;;0
30.04.2026;11:18:16;27,9;23,2;23,6;2;26;1018;0;0;;;0
30.04.2026;11:18:26;27,9;23,3;23,6;2;26;1018;0;0;;;0
30.04.2026;11:18:36;27,9;23,3;23,6;2;26;1018;0;0;;;0
30.04.2026;11:18:46;27,9;23,3;23,6;2;26;1018;0;0;;;0
30.04.2026;11:18:57;28;23,3;23,6;2;26;1018;0;0;;;0
30.04.2026;11:19:07;28;23,3;23,6;2;26;1018;0;0;;;0
30.04.2026;11:19:17;28;23,3;23,6;2;26;1018;0;0;;;0
30.04.2026;11:19:27;28;23,3;23,6;2;26;1018;0;0;;;0
30.04.2026;11:19:37;28,1;23,4;23,6;2;26;1018;0;0;;;0
30.04.2026;11:19:47;28,1;23,4;23,6;2;26;1018;0;0;;;0
30.04.2026;11:19:57;28,1;23,4;23,6;2;26;1018;0;0;;;0
30.04.2026;11:20:07;28,2;23,4;23,6;2;26;1018;0;0;;;0
30.04.2026;11:20:18;28,2;23,4;23,6;2;26;1018;0;0;;;0
30.04.2026;11:20:27;28,3;23,4;23,6;2;26;1018;0;0;;;0
30.04.2026;11:20:38;28,3;23,4;23,6;2;26;1018;0;0;;;0
30.04.2026;11:20:48;28,3;23,5;23,6;2;26;1018;0;0;;;0
30.04.2026;11:20:58;28,3;23,5;23,6;2;26;1018;0;0;;;0
30.04.2026;11:21:08;28,3;23,5;23,6;2;26;1018;0;0;;;0
30.04.2026;11:21:18;28,3;23,5;23,6;2;26;1018;0;0;;;0
30.04.2026;11:21:28;28,3;23,5;23,6;2;26;1018;0;0;;;0
30.04.2026;11:21:38;28,4;23,5;23,6;2;26;1018;0;0;;;0
30.04.2026;11:21:48;28,4;23,5;23,6;2;26;1018;0;0;;;0
30.04.2026;11:21:58;28,3;23,5;23,6;2;26;1018;0;0;;;0
30.04.2026;11:22:09;28,3;23,5;23,5;2;26;1018;0;0;;;0
30.04.2026;11:22:19;28,2;23,6;23,5;2;26;1018;0;0;;;0
30.04.2026;11:22:29;28,2;23,6;23,5;2;26;1018;0;0;;;0
30.04.2026;11:22:39;28,2;23,6;23,5;2;26;1018;0;0;;;0
30.04.2026;11:22:49;28,3;23,6;23,5;2;26;1018;0;0;;;0
30.04.2026;11:22:59;28,3;23,6;23,5;2;26;1018;0;0;;;0
30.04.2026;11:23:09;28,4;23,6;23,5;2;26;1018;0;0;;;0
30.04.2026;11:23:19;28,3;23,5;23,5;2;26;1018;0;0;;;0
30.04.2026;11:23:29;28,3;23,4;23,5;2;26;1018;0;0;;;0
30.04.2026;11:23:39;28,2;23,4;23,5;2;26;1018;0;0;;;0
30.04.2026;11:23:49;28;23,3;23,5;2;26;1018;0;0;;;0
30.04.2026;11:23:59;27,8;23,2;23,5;2;26;1018;0;0;;;0
30.04.2026;11:24:09;27,7;23,2;23,5;2;26;1018;0;0;;;0
30.04.2026;11:24:19;27,6;23,2;23,5;2;26;1018;0;0;;;0
30.04.2026;11:24:29;27,6;23,2;23,5;2;26;1018;0;0;;;0
30.04.2026;11:24:40;27,6;23,2;23,5;2;26;1018;0;0;;;0
30.04.2026;11:24:50;27,6;23,2;23,5;2;26;1018;0;0;;;0
30.04.2026;11:25:00;27,7;23,2;23,5;2;26;1018;0;0;;;0
30.04.2026;11:25:10;27,8;23,2;23,6;2;26;1018;0;0;;;0
30.04.2026;11:25:20;27,9;23,3;23,6;2;26;1018;0;0;;;0
30.04.2026;11:25:30;27,9;23,3;23,6;2;26;1018;0;0;;;0
30.04.2026;11:25:40;28;23,3;23,6;2;26;1018;0;0;;;0
30.04.2026;11:25:50;28;23,4;23,6;2;26;1018;0;0;;;0
30.04.2026;11:26:00;28;23,4;23,6;2;26;1018;0;0;;;0
30.04.2026;11:26:10;28,1;23,4;23,6;2;26;1018;0;0;;;0
30.04.2026;11:26:20;28,2;23,4;23,6;2;26;1018;0;0;;;0
30.04.2026;11:26:30;28,3;23,4;23,6;2;26;1018;0;0;;;0
30.04.2026;11:26:41;28,3;23,4;23,6;2;26;1018;0;0;;;0
30.04.2026;11:26:51;28,3;23,4;23,6;2;26;1018;0;0;;;0
30.04.2026;11:27:01;28,4;23,4;23,6;2;26;1018;0;0;;;0
30.04.2026;11:27:11;28,3;23,4;23,6;2;26;1018;0;0;;;0
30.04.2026;11:27:21;28,3;23,4;23,6;2;26;1018;0;0;;;0
30.04.2026;11:27:31;28,3;23,4;23,6;2;26;1018;0;0;;;0
30.04.2026;11:27:41;28,3;23,4;23,6;2;26;1018;0;0;;;0
30.04.2026;11:27:51;28,3;23,4;23,6;2;26;1018;0;0;;;0
30.04.2026;11:28:01;28,3;23,4;23,6;2;26;1018;0;0;;;0
30.04.2026;11:28:11;28,3;23,5;23,5;2;26;1018;0;0;;;0
30.04.2026;11:28:21;28,3;23,5;23,5;2;26;1018;0;0;;;0
30.04.2026;11:28:31;28,3;23,5;23,5;2;26;1018;0;0;;;0
30.04.2026;11:28:42;28,3;23,5;23,5;2;26;1018;0;0;;;0
30.04.2026;11:28:52;28,3;23,5;23,5;2;26;1018;0;0;;;0
30.04.2026;11:29:02;28,3;23,5;23,5;2;26;1018;0;0;;;0
30.04.2026;11:29:12;28,4;23,5;23,5;2;26;1018;0;0;;;0
30.04.2026;11:29:22;28,4;23,5;23,4;2;26;1018;0;0;;;0
30.04.2026;11:29:32;28,4;23,5;23,4;2;26;1018;0;0;;;0
30.04.2026;11:29:42;28,4;23,5;23,4;2;26;1018;0;0;;;0
30.04.2026;11:29:52;28,4;23,5;23,4;2;26;1018;0;0;;;0
30.04.2026;11:30:02;28,4;23,6;23,3;2;26;1018;0;0;;;0
30.04.2026;11:30:13;28,4;23,6;23,3;2;26;1018;0;0;;;0
30.04.2026;11:30:23;28,4;23,6;23,2;2;26;1018;0;0;;;0
30.04.2026;11:30:33;28,4;23,6;23,2;2;26;1018;0;0;;;0
30.04.2026;11:30:43;28,4;23,6;23,2;2;26;1018;0;0;;;0
30.04.2026;11:30:53;28,4;23,6;23,1;2;26;1018;0;0;;;0
30.04.2026;11:31:03;28,4;23,6;23;2;26;1018;0;0;;;0
30.04.2026;11:31:13;28,3;23,6;23;2;26;1018;0;0;;;0
30.04.2026;11:31:23;28,3;23,6;22,9;1;26;1018;0;0;;;0
30.04.2026;11:31:33;28,3;23,7;22,9;1;26;1018;0;0;;;0
30.04.2026;11:31:43;28,3;23,7;22,8;1;26;1018;0;0;;;0
30.04.2026;11:31:53;28,3;23,7;22,7;1;26;1018;0;0;;;0
30.04.2026;11:32:03;28,2;23,7;22,7;1;26;1018;0;0;;;0
30.04.2026;11:32:14;28,2;23,7;22,6;1;26;1018;0;0;;;0
30.04.2026;11:32:24;28,2;23,6;22,6;1;26;1018;0;0;;;0
30.04.2026;11:32:34;28,2;23,7;22,6;1;26;1018;0;0;;;0
30.04.2026;11:32:44;28,2;23,7;22,5;1;26;1018;0;0;;;0
30.04.2026;11:32:54;28,2;23,7;22,5;1;26;1018;0;0;;;0
30.04.2026;11:33:04;28,2;23,7;22,5;1;26;1018;0;0;;;0
30.04.2026;11:33:14;28,3;23,7;22,4;1;26;1018;0;0;;;0
30.04.2026;11:33:24;28,3;23,7;22,4;1;26;1018;0;0;;;0
30.04.2026;11:33:34;28,3;23,8;22,3;1;26;1018;0;0;;;0
30.04.2026;11:33:45;28,4;23,8;22,3;1;26;1018;0;0;;;0
30.04.2026;11:33:55;28,4;23,8;22,3;1;26;1018;0;0;;;0
30.04.2026;11:34:05;28,4;23,8;22,2;1;26;1018;0;0;;;0
30.04.2026;11:34:15;28,4;23,8;22,2;1;26;1018;0;0;;;0
30.04.2026;11:34:25;28,4;23,8;22,1;1;26;1018;0;0;;;0
30.04.2026;11:34:35;28,4;23,7;22,1;1;26;1018;0;0;;;0
30.04.2026;11:34:45;28,4;23,7;22,1;1;26;1018;0;0;;;0
30.04.2026;11:34:55;28,4;23,7;22,1;1;26;1018;0;0;;;0
30.04.2026;11:35:05;28,5;23,7;22,1;1;26;1018;0;0;;;0
30.04.2026;11:35:16;28,5;23,7;22,1;1;26;1018;0;0;;;0
30.04.2026;11:35:26;28,6;23,7;22,1;1;26;1018;0;0;;;0
30.04.2026;11:35:36;28,5;23,7;22,1;1;26;1018;0;0;;;0
30.04.2026;11:35:46;28,5;23,7;22,1;1;26;1018;0;0;;;0
30.04.2026;11:35:56;28,6;23,7;22,1;1;26;1018;0;0;;;0
30.04.2026;11:36:06;28,5;23,7;22,2;1;26;1018;0;0;;;0
30.04.2026;11:36:16;28,5;23,7;22,2;1;26;1018;0;0;;;0
30.04.2026;11:36:26;28,6;23,8;22,2;1;26;1018;0;0;;;0
30.04.2026;11:36:36;28,6;23,8;22,2;1;26;1018;0;0;;;0
30.04.2026;11:36:46;28,7;23,8;22,3;1;26;1018;0;0;;;0
30.04.2026;11:36:56;28,7;23,9;22,3;1;26;1018;0;0;;;0
30.04.2026;11:37:06;28,8;23,9;22,3;1;26;1018;0;0;;;0
30.04.2026;11:37:16;28,8;24;22,4;1;26;1018;0;0;;;0
30.04.2026;11:37:27;28,8;24;22,4;1;26;1018;0;0;;;0
30.04.2026;11:37:37;28,8;23,9;22,5;1;26;1018;0;0;;;0
30.04.2026;11:37:47;28,8;23,9;22,5;1;26;1018;0;0;;;0
30.04.2026;11:37:57;28,8;23,9;22,6;1;26;1018;0;0;;;0
30.04.2026;11:38:07;28,8;23,9;22,6;1;26;1018;0;0;;;0
30.04.2026;11:38:17;28,7;23,9;22,6;1;26;1018;0;0;;;0
30.04.2026;11:38:27;28,7;23,9;22,6;1;26;1018;0;0;;;0
30.04.2026;11:38:37;28,7;23,9;22,6;1;26;1018;0;0;;;0
30.04.2026;11:38:47;28,6;23,9;22,6;1;26;1018;0;0;;;0
30.04.2026;11:38:57;28,6;23,9;22,6;1;26;1018;0;0;;;0
30.04.2026;11:39:08;28,6;24;22,7;1;26;1018;0;0;;;0
30.04.2026;11:39:18;28,6;24;22,7;1;26;1018;0;0;;;0
30.04.2026;11:39:28;28,6;24;22,7;1;26;1018;0;0;;;0
30.04.2026;11:39:38;28,5;24;22,7;1;26;1018;0;0;;;0
30.04.2026;11:39:48;28,6;24,1;22,7;1;26;1018;0;0;;;0
30.04.2026;11:39:58;28,6;24,1;22,7;1;26;1018;0;0;;;0
30.04.2026;11:40:08;28,7;24,1;22,7;1;26;1018;0;0;;;0
30.04.2026;11:40:18;28,7;24,1;22,7;1;26;1018;0;0;;;0
30.04.2026;11:40:29;28,8;24,1;22,7;1;26;1018;0;0;;;0
30.04.2026;11:40:39;28,9;24,2;22,7;1;26;1018;0;0;;;0
30.04.2026;11:40:49;28,9;24,2;22,7;1;26;1018;0;0;;;0
30.04.2026;11:40:59;29;24,2;22,7;1;26;1018;0;0;;;0
30.04.2026;11:41:09;29;24,3;22,7;1;26;1018;0;0;;;0
30.04.2026;11:41:19;29;24,3;22,7;1;26;1018;0;0;;;0
30.04.2026;11:41:29;29;24,3;22,8;1;26;1018;0;0;;;0
30.04.2026;11:41:39;29;24,3;22,8;1;26;1018;0;0;;;0
30.04.2026;11:41:49;29;24,3;22,8;1;26;1017;0;0;;;0
30.04.2026;11:41:59;29;24,3;22,8;1;26;1018;0;0;;;0
30.04.2026;11:42:09;29;24,4;22,8;1;26;1018;0;0;;;0
30.04.2026;11:42:19;29;24,4;22,8;1;26;1017;0;0;;;0
30.04.2026;11:42:29;29,1;24,4;22,8;1;26;1018;0;0;;;0
30.04.2026;11:42:39;29,1;24,4;22,8;1;26;1018;0;0;;;0
30.04.2026;11:42:50;29,2;24,4;22,8;1;26;1017;0;0;;;0
30.04.2026;11:43:00;29,1;24,4;22,8;1;26;1017;0;0;;;0
30.04.2026;11:43:10;29,2;24,4;22,9;1;26;1017;0;0;;;0
30.04.2026;11:43:20;29,2;24,4;22,9;1;26;1017;0;0;;;0
30.04.2026;11:43:30;29,2;24,4;22,9;1;26;1017;0;0;;;0
30.04.2026;11:43:40;29,2;24,4;22,9;1;26;1017;0;0;;;0
30.04.2026;11:43:50;29,2;24,4;22,9;1;26;1017;0;0;;;0
30.04.2026;11:44:00;29,2;24,5;22,9;1;26;1017;0;0;;;0
30.04.2026;11:44:10;29,2;24,4;23;2;26;1017;0;0;;;0
30.04.2026;11:44:21;29,2;24,4;23;2;26;1017;0;0;;;0
30.04.2026;11:44:31;29,2;24,4;23;2;26;1017;0;0;;;0
30.04.2026;11:44:41;29,2;24,4;23;2;26;1017;0;0;;;0
30.04.2026;11:44:51;29,3;24,4;23;2;26;1017;0;0;;;0
30.04.2026;11:45:01;29,3;24,4;23;2;26;1017;0;0;;;0
30.04.2026;11:45:11;29,3;24,4;22,9;1;26;1017;0;0;;;0
30.04.2026;11:45:21;29,3;24,5;22,9;1;26;1017;0;0;;;0
30.04.2026;11:45:31;29,3;24,5;22,9;1;26;1017;0;0;;;0
30.04.2026;11:45:41;29,3;24,5;22,9;1;26;1017;0;0;;;0
30.04.2026;11:45:51;29,3;24,5;22,9;1;26;1017;0;0;;;0
30.04.2026;11:46:01;29,3;24,5;22,8;1;26;1017;0;0;;;0
30.04.2026;11:46:11;29,3;24,5;22,8;1;26;1017;0;0;;;0
30.04.2026;11:46:21;29,4;24,5;22,8;1;26;1017;0;0;;;0
30.04.2026;11:46:32;29,5;24,5;22,8;1;26;1017;0;0;;;0
30.04.2026;11:46:41;29,5;24,5;22,8;1;26;1017;0;0;;;0
30.04.2026;11:46:52;29,6;24,5;22,8;1;26;1017;0;0;;;0
30.04.2026;11:47:02;29,6;24,5;22,8;1;26;1017;0;0;;;0
30.04.2026;11:47:12;29,7;24,6;22,8;1;26;1017;0;0;;;0
30.04.2026;11:47:22;29,8;24,6;22,8;1;26;1017;0;0;;;0
30.04.2026;11:47:32;29,8;24,6;22,8;1;26;1017;0;0;;;0
30.04.2026;11:47:42;29,8;24,7;22,8;1;26;1017;0;0;;;0
30.04.2026;11:47:52;29,9;24,7;22,8;1;26;1017;0;0;;;0
30.04.2026;11:48:02;29,9;24,7;22,8;1;26;1017;0;0;;;0
30.04.2026;11:48:12;29,9;24,8;22,8;1;26;1017;0;0;;;0
30.04.2026;11:48:22;30;24,8;22,8;1;26;1017;0;0;;;0
30.04.2026;11:48:32;30;24,8;22,8;1;26;1017;0;0;;;0
30.04.2026;11:48:42;30;24,9;22,8;1;26;1017;0;0;;;0
30.04.2026;11:48:52;30;24,9;22,8;1;26;1017;0;0;;;0
30.04.2026;11:49:02;30,1;24,9;22,9;1;26;1017;0;0;;;0
30.04.2026;11:49:13;30,1;24,9;22,9;1;26;1017;0;0;;;0
30.04.2026;11:49:23;30,1;24,9;22,9;1;26;1017;0;0;;;0
30.04.2026;11:49:33;30,1;24,9;22,9;1;26;1017;0;0;;;0
30.04.2026;11:49:43;30,1;24,9;22,9;1;26;1017;0;0;;;0
30.04.2026;11:49:53;30,1;25;22,9;1;26;1017;0;0;;;0
30.04.2026;11:50:03;30,2;25;23;2;26;1017;0;0;;;0
30.04.2026;11:50:13;30,2;25;23;2;26;1017;0;0;;;0
30.04.2026;11:50:23;30,2;25;23,1;2;26;1017;0;0;;;0
30.04.2026;11:50:33;30,2;25;23,1;2;26;1017;0;0;;;0
30.04.2026;11:50:43;30,2;25;23,2;2;26;1017;0;0;;;0
30.04.2026;11:50:53;30,2;25;23,2;2;26;1017;0;0;;;0
30.04.2026;11:51:03;30,2;25,1;23,2;2;26;1017;0;0;;;0
30.04.2026;11:51:13;30,3;25,1;23,3;2;26;1017;0;0;;;0
30.04.2026;11:51:23;30,3;25,1;23,3;2;26;1017;0;0;;;0
30.04.2026;11:51:34;30,3;25,1;23,3;2;26;1017;0;0;;;0
30.04.2026;11:51:44;30,3;25,2;23,4;2;26;1017;0;0;;;0
30.04.2026;11:51:54;30,3;25,2;23,4;2;26;1017;0;0;;;0
30.04.2026;11:52:04;30,3;25,2;23,4;2;26;1017;0;0;;;0
30.04.2026;11:52:14;30,3;25,2;23,5;2;26;1017;0;0;;;0
30.04.2026;11:52:24;30,3;25,2;23,5;2;26;1017;0;0;;;0
30.04.2026;11:52:34;30,3;25,2;23,6;2;26;1017;0;0;;;0
30.04.2026;11:52:44;30,3;25,2;23,6;2;26;1017;0;0;;;0
30.04.2026;11:52:54;30,3;25,2;23,6;2;26;1017;0;0;;;0
30.04.2026;11:53:04;30,2;25,2;23,6;2;26;1017;0;0;;;0
30.04.2026;11:53:14;30,2;25,2;23,6;2;26;1017;0;0;;;0
30.04.2026;11:53:25;30,3;25,2;23,7;2;26;1017;0;0;;;0
30.04.2026;11:53:35;30,3;25,2;23,7;2;26;1017;0;0;;;0
30.04.2026;11:53:45;30,4;25,3;23,7;2;26;1017;0;0;;;0
30.04.2026;11:53:55;30,4;25,3;23,8;2;26;1017;0;0;;;0
30.04.2026;11:54:05;30,4;25,3;23,8;2;26;1017;0;0;;;0
30.04.2026;11:54:15;30,4;25,3;23,8;2;26;1017;0;0;;;0
30.04.2026;11:54:25;30,4;25,3;23,8;2;26;1017;0;0;;;0
30.04.2026;11:54:35;30,3;25,3;23,9;2;26;1017;0;0;;;0
30.04.2026;11:54:45;30,3;25,3;23,9;2;26;1017;0;0;;;0
30.04.2026;11:54:55;30,3;25,3;23,9;2;26;1017;0;0;;;0
30.04.2026;11:55:05;30,2;25,3;23,9;2;26;1017;0;0;;;0
30.04.2026;11:55:16;30,3;25,3;23,9;2;26;1017;0;0;;;0
30.04.2026;11:55:26;30,2;25,3;23,9;2;26;1017;0;0;;;0
30.04.2026;11:55:36;30,2;25,3;23,9;2;26;1017;0;0;;;0
30.04.2026;11:55:46;30,3;25,4;23,9;2;26;1017;0;0;;;0
30.04.2026;11:55:56;30,3;25,4;23,9;2;26;1017;0;0;;;0
30.04.2026;11:56:06;30,4;25,4;23,9;2;26;1017;0;0;;;0
30.04.2026;11:56:16;30,4;25,4;23,9;2;26;1017;0;0;;;0
30.04.2026;11:56:26;30,5;25,5;23,9;2;26;1017;0;0;;;0
30.04.2026;11:56:37;30,6;25,5;23,9;2;26;1017;0;0;;;0
30.04.2026;11:56:47;30,6;25,6;23,9;2;26;1017;0;0;;;0
30.04.2026;11:56:57;30,7;25,6;23,9;2;26;1017;0;0;;;0
30.04.2026;11:57:07;30,7;25,6;23,9;2;26;1017;0;0;;;0
30.04.2026;11:57:17;30,8;25,6;23,9;2;26;1017;0;0;;;0
30.04.2026;11:57:27;30,8;25,6;23,9;2;26;1017;0;0;;;0
30.04.2026;11:57:37;30,8;25,7;23,9;2;26;1017;0;0;;;0
30.04.2026;11:57:48;30,9;25,7;24;3;26;1017;0;0;;;0
30.04.2026;11:57:58;30,9;25,7;24;3;26;1017;0;0;;;0
30.04.2026;11:58:08;30,9;25,7;24;3;26;1017;0;0;;;0
30.04.2026;11:58:18;30,9;25,7;24;3;26;1017;0;0;;;0
30.04.2026;11:58:28;30,9;25,7;24;3;26;1017;0;0;;;0
30.04.2026;11:58:38;30,9;25,7;24;3;26;1017;0;0;;;0
30.04.2026;11:58:48;30,9;25,7;24,1;3;26;1017;0;0;;;0
30.04.2026;11:58:58;31;25,7;24,1;3;26;1017;0;0;;;0
30.04.2026;11:59:08;31;25,7;24,1;3;26;1017;0;0;;;0
30.04.2026;11:59:18;31,1;25,7;24,1;3;26;1017;0;0;;;0
30.04.2026;11:59:28;31,1;25,7;24,1;3;26;1017;0;0;;;0
30.04.2026;11:59:38;31,2;25,8;24,2;3;26;1017;0;0;;;0
30.04.2026;11:59:48;31,2;25,8;24,2;3;26;1017;0;0;;;0
30.04.2026;11:59:58;31,3;25,8;24,2;3;26;1017;0;0;;;0
30.04.2026;12:00:09;31,3;25,9;24,2;3;26;1017;0;0;;;0
30.04.2026;12:00:19;31,3;25,9;24,2;3;26;1017;0;0;;;0
30.04.2026;12:00:29;31,3;26;24,2;3;26;1017;0;0;;;0
30.04.2026;12:00:39;31,4;26;24,2;3;26;1017;0;0;;;0
30.04.2026;12:00:49;31,4;26,1;24,3;3;26;1017;0;0;;;0
30.04.2026;12:00:59;31,5;26,1;24,3;3;26;1017;0;0;;;0
30.04.2026;12:01:09;31,5;26,1;24,3;3;26;1017;0;0;;;0
30.04.2026;12:01:19;31,6;26,2;24,3;3;26;1017;0;0;;;0
30.04.2026;12:01:29;31,6;26,2;24,3;3;26;1017;0;0;;;0
30.04.2026;12:01:39;31,6;26,2;24,3;3;26;1017;0;0;;;0
30.04.2026;12:01:49;31,6;26,2;24,3;3;26;1017;0;0;;;0
30.04.2026;12:01:59;31,5;26,2;24,3;3;26;1017;0;0;;;0
30.04.2026;12:02:09;31,5;26,2;24,4;3;26;1017;0;0;;;0
30.04.2026;12:02:19;31,5;26,2;24,4;3;26;1017;0;0;;;0
30.04.2026;12:02:29;31,5;26,2;24,4;3;26;1017;0;0;;;0
30.04.2026;12:02:39;31,6;26,3;24,5;3;26;1017;0;0;;;0
30.04.2026;12:02:50;31,6;26,3;24,5;3;26;1017;0;0;;;0
30.04.2026;12:03:00;31,6;26,3;24,5;3;26;1017;0;0;;;0
30.04.2026;12:03:10;31,7;26,3;24,6;3;26;1017;0;0;;;0
30.04.2026;12:03:20;31,7;26,3;24,6;3;26;1017;0;0;;;0
30.04.2026;12:03:30;31,7;26,3;24,6;3;26;1017;0;0;;;0
30.04.2026;12:03:40;31,8;26,3;24,6;3;26;1017;0;0;;;0
30.04.2026;12:03:50;31,8;26,3;24,7;3;26;1017;0;0;;;0
30.04.2026;12:04:00;31,8;26,3;24,7;3;26;1017;0;0;;;0
30.04.2026;12:04:10;31,8;26,3;24,8;3;26;1017;0;0;;;0
30.04.2026;12:04:21;31,8;26,3;24,8;3;26;1017;0;0;;;0
30.04.2026;12:04:31;31,8;26,3;24,8;3;26;1017;0;0;;;0
30.04.2026;12:04:41;31,9;26,3;24,8;3;26;1017;0;0;;;0
30.04.2026;12:04:51;32;26,4;24,8;3;26;1017;0;0;;;0
30.04.2026;12:05:01;32;26,4;24,9;3;26;1017;0;0;;;0
30.04.2026;12:05:11;32;26,4;24,9;3;26;1017;0;0;;;0
30.04.2026;12:05:21;32;26,5;24,9;3;26;1017;0;0;;;0
30.04.2026;12:05:31;32;26,5;24,9;3;26;1017;0;0;;;0
30.04.2026;12:05:41;32;26,6;24,9;3;26;1017;0;0;;;0
30.04.2026;12:05:52;32;26,6;24,9;2;25;1017;0;0;;;0
30.04.2026;12:06:02;32;26,6;24,9;2;25;1017;0;0;;;0
30.04.2026;12:06:12;31,9;26,5;24,9;2;25;1017;0;0;;;0
30.04.2026;12:06:22;31,9;26,6;24,9;2;25;1017;0;0;;;0
30.04.2026;12:06:32;31,9;26,6;24,9;2;25;1017;0;0;;;0
30.04.2026;12:06:42;31,9;26,5;24,9;2;25;1017;0;0;;;0
30.04.2026;12:06:52;31,8;26,5;24,9;2;25;1017;0;0;;;0
30.04.2026;12:07:02;31,8;26,5;24,9;2;25;1017;0;0;;;0
30.04.2026;12:07:12;31,8;26,4;24,9;2;25;1017;0;0;;;0
30.04.2026;12:07:23;31,8;26,5;25;3;25;1017;0;0;;;0
30.04.2026;12:07:33;31,8;26,5;25;3;25;1017;0;0;;;0
30.04.2026;12:07:43;31,8;26,5;24,9;2;25;1017;0;0;;;0
30.04.2026;12:07:53;31,7;26,4;24,9;2;25;1017;0;0;;;0
30.04.2026;12:08:03;31,7;26,4;24,9;2;25;1017;0;0;;;0
30.04.2026;12:08:13;31,7;26,4;24,8;2;25;1017;0;0;;;0
30.04.2026;12:08:23;31,6;26,4;24,8;2;25;1017;0;0;;;0
30.04.2026;12:08:33;31,6;26,4;24,7;2;25;1017;0;0;;;0
30.04.2026;12:08:43;31,6;26,4;24,6;2;25;1017;0;0;;;0
30.04.2026;12:08:53;31,6;26,4;24,6;2;25;1017;0;0;;;0
30.04.2026;12:09:03;31,6;26,5;24,5;2;25;1017;0;0;;;0
30.04.2026;12:09:13;31,5;26,5;24,4;2;25;1017;0;0;;;0
30.04.2026;12:09:23;31,5;26,5;24,3;2;25;1017;0;0;;;0
30.04.2026;12:09:34;31,5;26,4;24,2;2;25;1017;0;0;;;0
30.04.2026;12:09:44;31,4;26,4;24,1;2;25;1017;0;0;;;0
30.04.2026;12:09:54;31,4;26,4;24;2;25;1017;0;0;;;0
30.04.2026;12:10:04;31,4;26,4;23,9;1;25;1017;0;0;;;0
30.04.2026;12:10:14;31,5;26,5;23,8;1;25;1017;0;0;;;0
30.04.2026;12:10:24;31,4;26,5;23,7;1;25;1017;0;0;;;0
30.04.2026;12:10:34;31,4;26,5;23,7;1;25;1017;0;0;;;0
30.04.2026;12:10:44;31,5;26,5;23,6;2;26;1017;0;0;;;0
30.04.2026;12:10:54;31,4;26,5;23,5;2;26;1017;0;0;;;0
30.04.2026;12:11:04;31,4;26,5;23,4;1;25;1017;0;0;;;0
30.04.2026;12:11:14;31,4;26,5;23,3;2;26;1017;0;0;;;0
30.04.2026;12:11:24;31,4;26,5;23,2;2;26;1017;0;0;;;0
30.04.2026;12:11:34;31,4;26,5;23,1;2;26;1017;0;0;;;0
30.04.2026;12:11:44;31,4;26,5;23,1;2;26;1017;0;0;;;0
30.04.2026;12:11:54;31,4;26,4;23;2;26;1017;0;0;;;0
30.04.2026;12:12:05;31,3;26,4;22,9;1;26;1017;0;0;;;0
30.04.2026;12:12:15;31,3;26,4;22,8;1;26;1017;0;0;;;0
30.04.2026;12:12:25;31,3;26,4;22,8;1;26;1017;0;0;;;0
30.04.2026;12:12:35;31,3;26,3;22,7;1;26;1017;0;0;;;0
30.04.2026;12:12:45;31,2;26,4;22,7;1;26;1017;0;0;;;0
30.04.2026;12:12:55;31,2;26,4;22,6;1;26;1017;0;0;;;0
30.04.2026;12:13:05;31,2;26,4;22,5;1;26;1017;0;0;;;0
30.04.2026;12:13:15;31,3;26,4;22,5;1;26;1017;0;0;;;0
30.04.2026;12:13:25;31,2;26,4;22,5;1;26;1017;0;0;;;0
30.04.2026;12:13:35;31,2;26,4;22,4;1;26;1017;0;0;;;0
30.04.2026;12:13:46;31,1;26,4;22,4;1;26;1017;0;0;;;0
30.04.2026;12:13:56;31,1;26,4;22,4;1;26;1017;0;0;;;0
30.04.2026;12:14:06;31,1;26,3;22,3;1;26;1017;0;0;;;0
30.04.2026;12:14:16;31;26,4;22,3;1;26;1017;0;0;;;0
30.04.2026;12:14:26;31;26,4;22,3;1;26;1017;0;0;;;0
30.04.2026;12:14:36;31,1;26,4;22,3;1;26;1017;0;0;;;0
30.04.2026;12:14:46;31,1;26,5;22,3;1;26;1017;0;0;;;0
30.04.2026;12:14:56;31,1;26,5;22,2;1;26;1017;0;0;;;0
30.04.2026;12:15:06;31,1;26,5;22,2;1;26;1017;0;0;;;0
30.04.2026;12:15:16;31,1;26,5;22,2;1;26;1017;0;0;;;0
30.04.2026;12:15:26;31,1;26,5;22,2;1;26;1017;0;0;;;0
30.04.2026;12:15:36;31,1;26,5;22,2;1;26;1017;0;0;;;0
30.04.2026;12:15:46;31,1;26,5;22,2;1;26;1017;0;0;;;0
30.04.2026;12:15:56;31,1;26,6;22,2;1;26;1017;0;0;;;0
30.04.2026;12:16:06;31,2;26,6;22,3;1;26;1017;0;0;;;0
30.04.2026;12:16:17;31,2;26,6;22,2;1;26;1017;0;0;;;0
30.04.2026;12:16:27;31,2;26,6;22,2;1;26;1017;0;0;;;0
30.04.2026;12:16:37;31,1;26,6;22,3;1;26;1017;0;0;;;0
30.04.2026;12:16:47;31,1;26,6;22,3;1;26;1017;0;0;;;0
30.04.2026;12:16:58;31,1;26,6;22,3;1;26;1017;0;0;;;0
30.04.2026;12:17:08;31,1;26,6;22,3;1;26;1017;0;0;;;0
30.04.2026;12:17:18;31,1;26,6;22,3;1;26;1017;0;0;;;0
30.04.2026;12:17:28;31,1;26,5;22,3;1;26;1017;0;0;;;0
30.04.2026;12:17:38;31,1;26,5;22,3;1;26;1017;0;0;;;0
30.04.2026;12:17:48;31,1;26,5;22,3;1;26;1017;0;0;;;0
30.04.2026;12:17:58;31,1;26,5;22,4;1;26;1017;0;0;;;0
30.04.2026;12:18:08;31,1;26,5;22,3;1;26;1017;0;0;;;0
30.04.2026;12:18:18;31;26,5;22,4;1;26;1017;0;0;;;0
30.04.2026;12:18:28;31;26,4;22,4;1;26;1017;0;0;;;0
30.04.2026;12:18:38;31;26,4;22,4;1;26;1017;0;0;;;0
30.04.2026;12:18:48;31;26,4;22,4;1;26;1017;0;0;;;0
30.04.2026;12:18:58;31;26,3;22,4;1;26;1017;0;0;;;0
30.04.2026;12:19:08;31;26,3;22,4;1;26;1017;0;0;;;0
30.04.2026;12:19:18;31;26,3;22,4;1;26;1017;0;0;;;0
30.04.2026;12:19:28;30,9;26,3;22,4;1;26;1017;0;0;;;0
30.04.2026;12:19:38;30,9;26,3;22,4;1;26;1017;0;0;;;0
30.04.2026;12:19:49;31;26,3;22,4;1;26;1017;0;0;;;0
30.04.2026;12:19:58;31;26,3;22,4;1;26;1017;0;0;;;0
30.04.2026;12:20:08;31;26,4;22,4;1;26;1017;0;0;;;0
30.04.2026;12:20:18;31,1;26,4;22,4;1;26;1017;0;0;;;0
30.04.2026;12:20:28;31,1;26,4;22,3;1;26;1017;0;0;;;0
30.04.2026;12:20:39;31,1;26,5;22,3;1;26;1017;0;0;;;0
30.04.2026;12:20:49;31,2;26,5;22,3;1;26;1017;0;0;;;0
30.04.2026;12:20:59;31,2;26,5;22,3;1;26;1017;0;0;;;0
30.04.2026;12:21:09;31,3;26,5;22,3;1;26;1017;0;0;;;0
30.04.2026;12:21:19;31,3;26,6;22,3;1;26;1017;0;0;;;0
30.04.2026;12:21:29;31,3;26,6;22,3;1;26;1017;0;0;;;0
30.04.2026;12:21:39;31,3;26,6;22,3;1;26;1017;0;0;;;0
30.04.2026;12:21:49;31,3;26,6;22,2;1;26;1017;0;0;;;0
30.04.2026;12:21:59;31,4;26,6;22,2;1;26;1017;0;0;;;0
30.04.2026;12:22:09;31,4;26,6;22,3;1;26;1017;0;0;;;0
30.04.2026;12:22:19;31,3;26,6;22,2;1;26;1017;0;0;;;0
30.04.2026;12:22:30;31,2;26,6;22,2;1;26;1017;0;0;;;0
30.04.2026;12:22:40;31,2;26,5;22,3;1;26;1017;0;0;;;0
30.04.2026;12:22:50;31,2;26,5;22,3;1;26;1017;0;0;;;0
30.04.2026;12:23:00;31,2;26,5;22,3;1;26;1017;0;0;;;0
30.04.2026;12:23:10;31,2;26,4;22,3;1;26;1017;0;0;;;0
30.04.2026;12:23:20;31,2;26,4;22,3;1;26;1017;0;0;;;0
30.04.2026;12:23:30;31,3;26,4;22,4;1;26;1017;0;0;;;0
30.04.2026;12:23:40;31,3;26,4;22,4;1;26;1017;0;0;;;0
30.04.2026;12:23:50;31,3;26,5;22,4;1;26;1017;0;0;;;0
30.04.2026;12:24:00;31,3;26,5;22,4;1;26;1017;0;0;;;0
30.04.2026;12:24:10;31,3;26,5;22,4;1;26;1017;0;0;;;0
30.04.2026;12:24:20;31,4;26,5;22,4;1;26;1017;0;0;;;0
30.04.2026;12:24:30;31,4;26,5;22,4;1;26;1017;0;0;;;0
30.04.2026;12:24:40;31,4;26,5;22,5;1;26;1017;0;0;;;0
30.04.2026;12:24:50;31,5;26,5;22,5;1;26;1017;0;0;;;0
30.04.2026;12:25:00;31,5;26,5;22,5;1;26;1017;0;0;;;0
30.04.2026;12:25:10;31,6;26,6;22,5;1;26;1017;0;0;;;0
30.04.2026;12:25:21;31,6;26,5;22,6;1;26;1017;0;0;;;0
30.04.2026;12:25:31;31,6;26,5;22,6;1;26;1017;0;0;;;0
30.04.2026;12:25:41;31,6;26,5;22,6;1;26;1017;0;0;;;0
30.04.2026;12:25:51;31,6;26,5;22,7;1;26;1017;0;0;;;0
30.04.2026;12:26:01;31,7;26,5;22,7;1;26;1017;0;0;;;0
30.04.2026;12:26:11;31,7;26,5;22,8;1;26;1017;0;0;;;0
30.04.2026;12:26:21;31,8;26,5;22,8;1;26;1017;0;0;;;0
30.04.2026;12:26:31;31,9;26,5;22,8;1;26;1017;0;0;;;0
30.04.2026;12:26:41;31,9;26,5;22,9;1;26;1017;0;0;;;0
30.04.2026;12:26:51;32;26,6;23;2;26;1017;0;0;;;0
30.04.2026;12:27:01;32,1;26,6;23;2;26;1017;0;0;;;0
30.04.2026;12:27:11;32,1;26,6;23,1;2;26;1017;0;0;;;0
30.04.2026;12:27:21;32,1;26,6;23,1;2;26;1017;0;0;;;0
30.04.2026;12:27:31;32,1;26,6;23,2;2;26;1017;0;0;;;0
30.04.2026;12:27:42;32,1;26,6;23,2;2;26;1017;0;0;;;0
30.04.2026;12:27:52;32,1;26,5;23,3;2;26;1017;0;0;;;0
30.04.2026;12:28:02;32,2;26,5;23,3;2;26;1017;0;0;;;0
30.04.2026;12:28:12;32,3;26,5;23,3;2;26;1017;0;0;;;0
30.04.2026;12:28:22;32,3;26,5;23,4;2;26;1017;0;0;;;0
30.04.2026;12:28:32;32,4;26,6;23,4;2;26;1017;0;0;;;0
30.04.2026;12:28:42;32,4;26,6;23,5;2;26;1017;0;0;;;0
30.04.2026;12:28:52;32,4;26,6;23,5;2;26;1017;0;0;;;0
30.04.2026;12:29:02;32,5;26,6;23,6;2;26;1017;0;0;;;0
30.04.2026;12:29:12;32,5;26,6;23,7;2;26;1017;0;0;;;0
30.04.2026;12:29:22;32,5;26,6;23,7;2;26;1017;0;0;;;0
30.04.2026;12:29:32;32,6;26,6;23,8;2;26;1017;0;0;;;0
30.04.2026;12:29:42;32,6;26,6;23,9;2;26;1017;0;0;;;0
30.04.2026;12:29:53;32,5;26,6;24;3;26;1017;0;0;;;0
30.04.2026;12:30:03;32,6;26,5;24;3;26;1017;0;0;;;0
30.04.2026;12:30:13;32,6;26,5;24,1;3;26;1017;0;0;;;0
30.04.2026;12:30:23;32,6;26,5;24,2;3;26;1017;0;0;;;0
30.04.2026;12:30:33;32,6;26,5;24,3;3;26;1017;0;0;;;0
30.04.2026;12:30:43;32,6;26,6;24,3;3;26;1017;0;0;;;0
30.04.2026;12:30:53;32,6;26,6;24,4;3;26;1017;0;0;;;0
30.04.2026;12:31:03;32,6;26,6;24,5;3;26;1017;0;0;;;0
30.04.2026;12:31:14;32,7;26,6;24,6;3;26;1017;0;0;;;0
30.04.2026;12:31:24;32,7;26,6;24,6;3;26;1017;0;0;;;0
30.04.2026;12:31:34;32,6;26,6;24,7;3;26;1017;0;0;;;0
30.04.2026;12:31:44;32,6;26,7;24,7;3;26;1017;0;0;;;0
30.04.2026;12:31:54;32,6;26,7;24,8;3;26;1017;0;0;;;0
30.04.2026;12:32:04;32,6;26,7;24,8;3;26;1017;0;0;;;0
30.04.2026;12:32:14;32,6;26,7;24,9;3;26;1017;0;0;;;0
30.04.2026;12:32:24;32,6;26,6;24,9;3;26;1017;0;0;;;0
30.04.2026;12:32:34;32,6;26,6;25;4;26;1017;0;0;;;0
30.04.2026;12:32:44;32,7;26,6;25;4;26;1017;0;0;;;0
30.04.2026;12:32:54;32,6;26,6;25,1;4;26;1017;0;0;;;0
30.04.2026;12:33:04;32,7;26,6;25,1;4;26;1017;0;0;;;0
30.04.2026;12:33:14;32,7;26,6;25,1;4;26;1017;0;0;;;0
30.04.2026;12:33:25;32,7;26,6;25,1;4;26;1017;0;0;;;0
30.04.2026;12:33:35;32,8;26,6;25,2;4;26;1017;0;0;;;0
30.04.2026;12:33:45;32,8;26,6;25,2;3;25;1017;0;0;;;0
30.04.2026;12:33:55;32,9;26,5;25,2;3;25;1017;0;0;;;0
30.04.2026;12:34:05;32,9;26,5;25,2;3;25;1017;0;0;;;0
30.04.2026;12:34:15;32,9;26,5;25,3;3;25;1017;0;0;;;0
30.04.2026;12:34:25;33;26,5;25,3;3;25;1017;0;0;;;0
30.04.2026;12:34:35;33;26,6;25,3;3;25;1017;0;0;;;0
30.04.2026;12:34:45;33;26,5;25,4;3;25;1017;0;0;;;0
30.04.2026;12:34:55;33;26,6;25,4;3;25;1017;0;0;;;0
30.04.2026;12:35:05;33,1;26,6;25,4;3;25;1017;0;0;;;0
30.04.2026;12:35:15;33,1;26,7;25,5;3;25;1017;0;0;;;0
30.04.2026;12:35:25;33,1;26,7;25,5;3;25;1017;0;0;;;0
30.04.2026;12:35:35;33,1;26,7;25,5;3;25;1017;0;0;;;0
30.04.2026;12:35:45;33,1;26,8;25,5;3;25;1017;0;0;;;0
30.04.2026;12:35:55;33;26,7;25,5;3;25;1017;0;0;;;0
30.04.2026;12:36:06;33,1;26,8;25,6;3;25;1017;0;0;;;0
30.04.2026;12:36:16;33,1;26,8;25,6;3;25;1017;0;0;;;0
30.04.2026;12:36:26;33,2;26,8;25,6;3;25;1017;0;0;;;0
30.04.2026;12:36:36;33,2;26,9;25,7;3;25;1017;0;0;;;0
30.04.2026;12:36:46;33,3;26,9;25,7;3;25;1017;0;0;;;0
30.04.2026;12:36:56;33,3;26,9;25,7;3;25;1017;0;0;;;0
30.04.2026;12:37:06;33,4;26,9;25,8;3;25;1017;0;0;;;0
30.04.2026;12:37:16;33,5;27;25,8;3;25;1017;0;0;;;0
30.04.2026;12:37:26;33,5;27;25,8;3;25;1017;0;0;;;0
30.04.2026;12:37:37;33,6;27;25,8;3;25;1017;0;0;;;0
30.04.2026;12:37:47;33,6;27;25,8;3;25;1017;0;0;;;0
30.04.2026;12:37:57;33,6;27;25,8;3;25;1017;0;0;;;0
30.04.2026;12:38:07;33,6;27;25,9;3;25;1017;0;0;;;0
30.04.2026;12:38:17;33,7;27;25,9;3;25;1017;0;0;;;0
30.04.2026;12:38:27;33,7;27;25,9;3;25;1017;0;0;;;0
30.04.2026;12:38:37;33,7;27;25,9;3;25;1017;0;0;;;0
30.04.2026;12:38:47;33,7;27,1;26;4;25;1017;0;0;;;0
30.04.2026;12:38:58;33,7;27,1;26;4;25;1017;0;0;;;0
30.04.2026;12:39:08;33,7;27,1;26;4;25;1017;0;0;;;0
30.04.2026;12:39:18;33,7;27,1;26,1;4;25;1017;0;0;;;0
30.04.2026;12:39:28;33,7;27,1;26,1;4;25;1017;0;0;;;0
30.04.2026;12:39:38;33,8;27,1;26,1;4;25;1017;0;0;;;0
30.04.2026;12:39:48;33,8;27,1;26,2;4;25;1017;0;0;;;0
30.04.2026;12:39:58;33,8;27,1;26,2;4;25;1017;0;0;;;0
30.04.2026;12:40:08;33,8;27,1;26,2;4;25;1017;0;0;;;0
30.04.2026;12:40:19;33,9;27,1;26,3;4;25;1017;0;0;;;0
30.04.2026;12:40:29;33,9;27,2;26,3;4;25;1017;0;0;;;0
30.04.2026;12:40:39;33,9;27,2;26,3;4;25;1017;0;0;;;0
30.04.2026;12:40:49;34;27,1;26,3;4;25;1017;0;0;;;0
30.04.2026;12:40:59;34;27,1;26,3;4;25;1017;0;0;;;0
30.04.2026;12:41:10;34;27,1;26,3;4;25;1017;0;0;;;0
30.04.2026;12:41:20;34;27,1;26,3;4;25;1017;0;0;;;0
30.04.2026;12:41:30;34;27,1;26,3;4;25;1017;0;0;;;0
30.04.2026;12:41:40;34,1;27,1;26,3;4;25;1017;0;0;;;0
30.04.2026;12:41:50;34,1;27,1;26,3;4;25;1017;0;0;;;0
30.04.2026;12:42:00;34,2;27,2;26,3;4;25;1017;0;0;;;0
30.04.2026;12:42:10;34,2;27,2;26,3;4;25;1017;0;0;;;0
30.04.2026;12:42:20;34,3;27,2;26,3;4;25;1017;0;0;;;0
30.04.2026;12:42:30;34,3;27,3;26,3;4;25;1017;0;0;;;0
30.04.2026;12:42:41;34,4;27,3;26,3;4;25;1017;0;0;;;0
30.04.2026;12:42:51;34,4;27,3;26,3;4;25;1017;0;0;;;0
30.04.2026;12:43:01;34,5;27,4;26,3;4;25;1017;0;0;;;0
30.04.2026;12:43:11;34,5;27,4;26,3;4;25;1017;0;0;;;0
30.04.2026;12:43:21;34,6;27,4;26,3;4;25;1017;0;0;;;0
30.04.2026;12:43:31;34,6;27,5;26,3;4;25;1017;0;0;;;0
30.04.2026;12:43:42;34,7;27,5;26,3;4;25;1017;0;0;;;0
30.04.2026;12:43:52;34,7;27,5;26,3;4;25;1017;0;0;;;0
30.04.2026;12:44:02;34,8;27,5;26,3;4;25;1017;0;0;;;0
30.04.2026;12:44:12;34,8;27,5;26,3;4;25;1017;0;0;;;0
30.04.2026;12:44:22;34,9;27,6;26,3;4;25;1017;0;0;;;0
30.04.2026;12:44:32;34,9;27,6;26,4;4;25;1017;0;0;;;0
30.04.2026;12:44:42;34,9;27,6;26,4;4;25;1017;0;0;;;0
30.04.2026;12:44:52;35;27,6;26,4;4;25;1017;0;0;;;0
30.04.2026;12:45:02;35;27,7;26,4;4;25;1017;0;0;;;0
30.04.2026;12:45:12;35;27,7;26,4;4;25;1017;0;0;;;0
30.04.2026;12:45:22;35;27,7;26,5;4;25;1017;0;0;;;0
30.04.2026;12:45:32;35,1;27,7;26,5;4;25;1017;0;0;;;0
30.04.2026;12:45:42;35,1;27,7;26,6;4;25;1017;0;0;;;0
30.04.2026;12:45:53;35,1;27,8;26,7;4;25;1017;0;0;;;0
30.04.2026;12:46:03;35,1;27,8;26,7;4;25;1017;0;0;;;0
30.04.2026;12:46:13;35,2;27,8;26,8;4;25;1017;0;0;;;0
30.04.2026;12:46:23;35,2;27,7;26,8;4;25;1017;0;0;;;0
30.04.2026;12:46:33;35,1;27,7;26,9;4;25;1017;0;0;;;0
30.04.2026;12:46:43;35,1;27,7;26,9;4;25;1017;0;0;;;0
30.04.2026;12:46:54;35,1;27,6;27;5;25;1017;0;0;;;0
30.04.2026;12:47:04;35;27,6;27;5;25;1017;0;0;;;0
30.04.2026;12:47:14;35;27,6;27;5;25;1017;0;0;;;0
30.04.2026;12:47:24;34,9;27,6;27,1;5;25;1017;0;0;;;0
30.04.2026;12:47:34;34,9;27,7;27,1;5;25;1017;0;0;;;0
30.04.2026;12:47:44;34,9;27,7;27,1;5;25;1017;0;0;;;0
30.04.2026;12:47:54;34,9;27,7;27,1;5;25;1017;0;0;;;0
30.04.2026;12:48:04;34,9;27,6;27,1;5;25;1017;0;0;;;0
30.04.2026;12:48:14;34,8;27,6;27,1;5;25;1017;0;0;;;0
30.04.2026;12:48:24;34,8;27,6;27,1;5;25;1017;0;0;;;0
30.04.2026;12:48:34;34,7;27,7;27,1;5;25;1017;0;0;;;0
30.04.2026;12:48:44;34,7;27,7;27;5;25;1017;0;0;;;0
30.04.2026;12:48:54;34,6;27,7;27;5;25;1017;0;0;;;0
30.04.2026;12:49:05;34,6;27,7;26,9;4;25;1017;0;0;;;0
30.04.2026;12:49:15;34,5;27,7;26,9;4;25;1017;0;0;;;0
30.04.2026;12:49:25;34,4;27,7;26,8;4;25;1017;0;0;;;0
30.04.2026;12:49:35;34,4;27,7;26,8;4;25;1017;0;0;;;0
30.04.2026;12:49:45;34,4;27,7;26,7;4;25;1017;0;0;;;0
30.04.2026;12:49:55;34,3;27,7;26,6;4;25;1017;0;0;;;0
30.04.2026;12:50:05;34,3;27,7;26,6;4;25;1017;0;0;;;0
30.04.2026;12:50:15;34,3;27,7;26,5;4;25;1017;0;0;;;0
30.04.2026;12:50:25;34,2;27,7;26,4;4;25;1017;0;0;;;0
30.04.2026;12:50:35;34,2;27,7;26,3;4;25;1017;0;0;;;0
30.04.2026;12:50:46;34,2;27,7;26,3;4;25;1017;0;0;;;0
30.04.2026;12:50:56;34,1;27,7;26,2;4;25;1017;0;0;;;0
30.04.2026;12:51:06;34,1;27,7;26,1;4;25;1017;0;0;;;0
30.04.2026;12:51:16;34,1;27,8;26;4;25;1017;0;0;;;0
30.04.2026;12:51:26;34,1;27,8;26;4;25;1017;0;0;;;0
30.04.2026;12:51:36;34,1;27,8;25,9;3;25;1017;0;0;;;0
30.04.2026;12:51:46;34,1;27,8;25,8;3;25;1017;0;0;;;0
30.04.2026;12:51:56;34;27,8;25,7;3;25;1017;0;0;;;0
30.04.2026;12:52:06;33,9;27,8;25,6;3;25;1017;0;0;;;0
30.04.2026;12:52:16;33,9;27,8;25,5;3;25;1017;0;0;;;0
30.04.2026;12:52:26;33,9;27,8;25,4;3;25;1017;0;0;;;0
30.04.2026;12:52:36;33,9;27,8;25,3;3;25;1017;0;0;;;0
30.04.2026;12:52:47;33,9;27,8;25,2;3;25;1017;0;0;;;0
30.04.2026;12:52:57;33,9;27,8;25,1;3;25;1017;0;0;;;0
30.04.2026;12:53:07;33,9;27,9;25,1;3;25;1017;0;0;;;0
30.04.2026;12:53:17;33,9;27,8;25;3;25;1017;0;0;;;0
30.04.2026;12:53:27;33,8;27,9;24,9;2;25;1017;0;0;;;0
30.04.2026;12:53:37;33,7;27,9;24,8;2;25;1017;0;0;;;0
30.04.2026;12:53:47;33,5;27,9;24,7;2;25;1017;0;0;;;0
30.04.2026;12:53:58;33,5;27,9;24,6;2;25;1017;0;0;;;0
30.04.2026;12:54:08;33,5;27,8;24,5;2;25;1017;0;0;;;0
30.04.2026;12:54:18;33,4;27,8;24,5;2;25;1017;0;0;;;0
30.04.2026;12:54:28;33,4;27,8;24,3;2;25;1017;0;0;;;0
30.04.2026;12:54:38;33,4;27,8;24,3;2;25;1017;0;0;;;0
30.04.2026;12:54:48;33,4;27,8;24,1;2;25;1017;0;0;;;0
30.04.2026;12:54:58;33,3;27,8;24;2;25;1017;0;0;;;0
30.04.2026;12:55:08;33,3;27,7;23,9;1;25;1017;0;0;;;0
30.04.2026;12:55:19;33,2;27,7;23,8;1;25;1017;0;0;;;0
30.04.2026;12:55:29;33,1;27,7;23,7;1;25;1017;0;0;;;0
30.04.2026;12:55:39;33,1;27,7;23,5;1;25;1017;0;0;;;0
30.04.2026;12:54:34;33;27,7;23,4;1;25;1017;0;0;;;0
30.04.2026;12:54:44;33;27,7;23,3;1;25;1017;0;0;;;0
30.04.2026;12:54:55;33;27,7;23,1;1;25;1017;0;0;;;0
30.04.2026;12:55:05;32,9;27,7;23;1;25;1017;0;0;;;0
30.04.2026;12:55:15;32,9;27,6;22,9;1;25;1017;0;0;;;0
30.04.2026;12:55:25;32,9;27,6;22,7;1;25;1017;0;0;;;0
30.04.2026;12:55:35;32,8;27,7;22,6;1;25;1017;0;0;;;0
30.04.2026;12:55:45;32,8;27,7;22,4;1;25;1017;0;0;;;0
30.04.2026;12:55:55;32,8;27,7;22,3;1;25;1017;0;0;;;0
30.04.2026;12:56:05;32,8;27,7;22,1;1;25;1017;0;0;;;0
30.04.2026;12:56:15;32,7;27,7;22;1;25;1017;0;0;;;0
30.04.2026;12:56:25;32,6;27,6;21,9;0;25;1017;0;0;;;0
30.04.2026;12:56:35;32,6;27,6;21,8;0;25;1017;0;0;;;0
30.04.2026;12:56:46;32,6;27,6;21,7;0;25;1017;0;0;;;0
30.04.2026;12:56:56;32,5;27,6;21,5;0;26;1017;0;0;;;0
30.04.2026;12:57:06;32,4;27,6;21,4;0;26;1017;0;0;;;0
30.04.2026;12:57:16;32,5;27,5;21,3;0;26;1017;0;0;;;0
30.04.2026;12:57:26;32,4;27,5;21,2;0;26;1017;0;0;;;0
30.04.2026;12:57:36;32,3;27,4;21,1;0;26;1017;0;0;;;0
30.04.2026;12:57:46;32,3;27,4;21,1;0;26;1017;0;0;;;0
30.04.2026;12:57:56;32,3;27,4;21;0;26;1017;0;0;;;0
30.04.2026;12:58:06;32,3;27,4;20,9;0;26;1017;0;0;;;0
30.04.2026;12:58:16;32,3;27,4;20,9;0;26;1017;0;0;;;0
30.04.2026;12:58:27;32,3;27,4;20,8;0;26;1017;0;0;;;0
30.04.2026;12:58:37;32,3;27,4;20,7;0;26;1017;0;0;;;0
30.04.2026;12:58:47;32,2;27,4;20,7;0;26;1017;0;0;;;0
30.04.2026;12:58:57;32,2;27,5;20,6;0;26;1017;0;0;;;0
30.04.2026;12:59:07;32,3;27,5;20,6;0;26;1017;0;0;;;0
30.04.2026;12:59:17;32,3;27,5;20,5;0;26;1017;0;0;;;0
30.04.2026;12:59:27;32,3;27,6;20,5;0;26;1017;0;0;;;0
30.04.2026;13:00:52;32,3;27,6;20,4;0;26;1017;0;0;;;0
30.04.2026;13:01:02;32,3;27,6;20,4;0;26;1017;0;0;;;0
30.04.2026;13:01:12;32,4;27,7;20,4;0;26;1017;0;0;;;0
30.04.2026;13:01:23;32,4;27,7;20,4;0;26;1017;0;0;;;0
30.04.2026;13:01:33;32,3;27,7;20,3;0;26;1017;0;0;;;0
30.04.2026;13:01:43;32,3;27,7;20,3;0;26;1017;0;0;;;0
30.04.2026;13:01:53;32,3;27,7;20,3;0;26;1017;0;0;;;0
30.04.2026;13:02:03;32,3;27,7;20,3;0;26;1017;0;0;;;0
30.04.2026;13:02:13;32,2;27,7;20,2;0;26;1017;0;0;;;0
30.04.2026;13:02:23;32,1;27,6;20,2;0;26;1017;0;0;;;0
30.04.2026;13:02:33;32,1;27,6;20,2;0;26;1017;0;0;;;0
30.04.2026;13:02:43;32;27,6;20,2;0;26;1017;0;0;;;0
30.04.2026;13:02:53;32;27,6;20,2;0;26;1017;0;0;;;0
30.04.2026;13:03:03;32;27,6;20,1;0;26;1017;0;0;;;0
30.04.2026;13:03:14;32;27,6;20,1;0;26;1017;0;0;;;0
30.04.2026;13:03:24;32;27,6;20,1;0;26;1017;0;0;;;0
30.04.2026;13:03:34;32;27,6;20,1;0;26;1017;0;0;;;0
30.04.2026;13:03:44;31,9;27,6;20,1;0;26;1017;0;0;;;0
30.04.2026;13:03:54;31,9;27,6;20,1;0;26;1017;0;0;;;0
30.04.2026;13:04:04;31,9;27,6;20,1;0;26;1017;0;0;;;0
30.04.2026;13:04:14;31,9;27,6;20,1;0;26;1017;0;0;;;0
30.04.2026;13:04:24;31,9;27,6;20,1;0;26;1017;0;0;;;0
30.04.2026;13:04:34;32;27,6;20,1;0;26;1017;0;0;;;0
30.04.2026;13:04:44;32;27,6;20;0;26;1017;0;0;;;0
30.04.2026;13:04:54;31,9;27,6;20;0;26;1017;0;0;;;0
30.04.2026;13:05:04;31,9;27,6;20;0;26;1017;0;0;;;0
30.04.2026;13:05:14;31,8;27,6;20;0;26;1017;0;0;;;0
30.04.2026;13:05:24;31,8;27,6;20;0;26;1017;0;0;;;0
30.04.2026;13:05:34;31,8;27,6;20;0;26;1017;0;0;;;0
30.04.2026;13:05:44;31,8;27,6;20;0;26;1017;0;0;;;0
30.04.2026;13:05:54;31,8;27,6;20;0;26;1017;0;0;;;0
30.04.2026;13:06:05;31,8;27,6;20;0;26;1017;0;0;;;0
30.04.2026;13:06:15;31,8;27,6;20;0;26;1017;0;0;;;0
30.04.2026;13:06:25;31,8;27,6;20;0;26;1017;0;0;;;0
30.04.2026;13:06:35;31,8;27,6;20;0;26;1017;0;0;;;0
30.04.2026;13:06:45;31,7;27,6;20;0;26;1017;0;0;;;0
30.04.2026;13:06:55;31,7;27,6;20;0;26;1017;0;0;;;0
30.04.2026;13:07:05;31,7;27,5;20;0;26;1017;0;0;;;0
30.04.2026;13:07:15;31,7;27,5;20;0;26;1017;0;0;;;0
30.04.2026;13:07:25;31,7;27,5;20;0;26;1017;0;0;;;0
30.04.2026;13:07:35;31,7;27,5;20;0;26;1017;0;0;;;0
30.04.2026;13:07:45;31,7;27,5;20;0;26;1017;0;0;;;0
30.04.2026;13:07:55;31,7;27,5;20;0;26;1017;0;0;;;0
30.04.2026;13:08:05;31,7;27,5;20;0;26;1017;0;0;;;0
30.04.2026;13:08:15;31,7;27,5;20;0;26;1017;0;0;;;0
30.04.2026;13:08:25;31,7;27,5;20;0;26;1017;0;0;;;0
30.04.2026;13:08:35;31,7;27,5;20;0;26;1017;0;0;;;0
30.04.2026;13:08:45;31,7;27,5;20;0;26;1017;0;0;;;0
30.04.2026;13:08:55;31,7;27,5;20;0;26;1017;0;0;;;0
30.04.2026;13:09:05;31,7;27,5;20;0;26;1017;0;0;;;0
30.04.2026;13:09:16;31,7;27,5;20;0;26;1017;0;0;;;0
30.04.2026;13:09:26;31,7;27,5;20,1;0;26;1017;0;0;;;0
30.04.2026;13:09:36;31,7;27,6;20,1;0;26;1017;0;0;;;0
30.04.2026;13:09:46;31,7;27,6;20,1;0;26;1017;0;0;;;0
30.04.2026;13:09:56;31,7;27,6;20,1;0;26;1017;0;0;;;0
30.04.2026;13:10:06;31,7;27,6;20,2;0;26;1017;0;0;;;0
30.04.2026;13:10:16;31,7;27,6;20,2;0;26;1017;0;0;;;0
30.04.2026;13:10:26;31,7;27,6;20,3;0;26;1017;0;0;;;0
30.04.2026;13:10:36;31,7;27,6;20,3;0;26;1017;0;0;;;0
30.04.2026;13:10:46;31,8;27,6;20,4;0;26;1017;0;0;;;0
30.04.2026;13:10:56;31,8;27,6;20,4;0;26;1017;0;0;;;0
30.04.2026;13:11:06;31,8;27,7;20,5;0;26;1017;0;0;;;0
30.04.2026;13:11:16;31,9;27,7;20,6;0;26;1017;0;0;;;0
30.04.2026;13:11:26;31,9;27,7;20,7;0;26;1017;0;0;;;0
30.04.2026;13:11:37;31,9;27,6;20,7;0;26;1017;0;0;;;0
30.04.2026;13:11:47;31,9;27,6;20,8;0;26;1017;0;0;;;0
30.04.2026;13:11:57;31,9;27,6;20,9;0;26;1017;0;0;;;0
30.04.2026;13:12:07;31,9;27,6;21;0;26;1017;0;0;;;0
30.04.2026;13:12:17;31,9;27,6;21,1;0;26;1017;0;0;;;0
30.04.2026;13:12:27;32;27,6;21,2;0;26;1017;0;0;;;0
30.04.2026;13:12:37;32;27,6;21,3;0;26;1017;0;0;;;0
30.04.2026;13:12:47;32,1;27,6;21,4;0;26;1017;0;0;;;0
30.04.2026;13:12:57;32,1;27,6;21,5;0;26;1017;0;0;;;0
30.04.2026;13:13:07;32,1;27,6;21,6;0;26;1017;0;0;;;0
30.04.2026;13:13:17;32,2;27,6;21,7;0;26;1017;0;0;;;0
30.04.2026;13:13:28;32,3;27,6;21,9;0;26;1017;0;0;;;0
30.04.2026;13:13:37;32,4;27,6;22;1;26;1017;0;0;;;0
30.04.2026;13:13:47;32,4;27,7;22,1;1;26;1017;0;0;;;0
30.04.2026;13:13:58;32,5;27,7;22,2;1;26;1017;0;0;;;0
30.04.2026;13:14:08;32,5;27,7;22,3;1;26;1017;0;0;;;0
30.04.2026;13:14:18;32,5;27,7;22,4;1;26;1017;0;0;;;0
30.04.2026;13:14:28;32,5;27,7;22,5;1;26;1017;0;0;;;0
30.04.2026;13:14:38;32,5;27,7;22,6;1;26;1017;0;0;;;0
30.04.2026;13:14:48;32,5;27,6;22,7;1;26;1017;0;0;;;0
30.04.2026;13:14:58;32,6;27,6;22,8;1;26;1017;0;0;;;0
30.04.2026;13:15:08;32,6;27,5;22,9;1;26;1017;0;0;;;0
30.04.2026;13:15:19;32,6;27,5;23;2;26;1017;0;0;;;0
30.04.2026;13:15:29;32,5;27,5;23,1;2;26;1017;0;0;;;0
30.04.2026;13:15:39;32,5;27,5;23,2;2;26;1017;0;0;;;0
30.04.2026;13:15:49;32,6;27,5;23,3;2;26;1017;0;0;;;0
30.04.2026;13:15:59;32,6;27,5;23,4;2;26;1017;0;0;;;0
30.04.2026;13:16:09;32,6;27,5;23,4;2;26;1017;0;0;;;0
30.04.2026;13:16:19;32,5;27,5;23,5;2;26;1017;0;0;;;0
30.04.2026;13:16:29;32,4;27,5;23,6;2;26;1017;0;0;;;0
30.04.2026;13:16:39;32,3;27,5;23,6;2;26;1017;0;0;;;0
30.04.2026;13:16:49;32,2;27,5;23,6;2;26;1017;0;0;;;0
30.04.2026;13:16:59;32,2;27,5;23,7;2;26;1017;0;0;;;0
30.04.2026;13:17:09;32,1;27,5;23,7;2;26;1017;0;0;;;0
30.04.2026;13:17:19;32,1;27,4;23,8;2;26;1017;0;0;;;0
30.04.2026;13:17:29;32,1;27,5;23,8;1;25;1017;0;0;;;0
30.04.2026;13:17:39;32;27,5;23,8;1;25;1017;0;0;;;0
30.04.2026;13:17:49;32;27,5;23,8;1;25;1017;0;0;;;0
30.04.2026;13:17:59;32;27,5;23,8;1;25;1017;0;0;;;0
30.04.2026;13:18:09;32;27,5;23,9;1;25;1017;0;0;;;0
30.04.2026;13:18:19;32;27,5;23,8;1;25;1017;0;0;;;0
30.04.2026;13:18:29;32;27,4;23,9;1;25;1017;0;0;;;0
30.04.2026;13:18:39;32;27,4;23,9;1;25;1017;0;0;;;0
30.04.2026;13:18:49;32,1;27,5;23,8;1;25;1017;0;0;;;0
30.04.2026;13:18:59;32,1;27,5;23,8;1;25;1017;0;0;;;0
30.04.2026;13:19:09;32,1;27,5;23,8;1;25;1017;0;0;;;0
30.04.2026;13:19:20;32;27,5;23,7;1;25;1017;0;0;;;0
30.04.2026;13:19:30;32;27,5;23,7;1;25;1017;0;0;;;0
30.04.2026;13:19:40;32;27,5;23,6;1;25;1017;0;0;;;0
30.04.2026;13:19:50;32;27,5;23,5;1;25;1017;0;0;;;0
30.04.2026;13:20:00;32;27,6;23,5;1;25;1017;0;0;;;0
30.04.2026;13:20:10;32;27,6;23,4;1;25;1017;0;0;;;0
30.04.2026;13:20:20;32;27,6;23,3;1;25;1017;0;0;;;0
30.04.2026;13:20:30;32,1;27,6;23,2;1;25;1017;0;0;;;0
30.04.2026;13:20:41;32,1;27,6;23,2;1;25;1017;0;0;;;0
30.04.2026;13:20:51;32,1;27,6;23,1;1;25;1017;0;0;;;0
30.04.2026;13:21:01;32,1;27,6;23;1;25;1017;0;0;;;0
30.04.2026;13:21:11;32,1;27,6;23;1;25;1017;0;0;;;0
30.04.2026;13:21:21;32,1;27,6;22,9;1;25;1017;0;0;;;0
30.04.2026;13:21:31;32,1;27,6;22,9;1;25;1017;0;0;;;0
30.04.2026;13:21:41;32;27,6;22,8;1;25;1017;0;0;;;0
30.04.2026;13:21:51;32,1;27,6;22,8;1;25;1017;0;0;;;0
30.04.2026;13:22:01;32,1;27,6;22,8;1;25;1017;0;0;;;0
30.04.2026;13:22:11;32,2;27,7;22,8;1;25;1017;0;0;;;0
30.04.2026;13:22:22;32,2;27,7;22,8;1;25;1017;0;0;;;0
30.04.2026;13:22:32;32,2;27,7;22,7;1;25;1017;0;0;;;0
30.04.2026;13:22:42;32,2;27,7;22,7;1;25;1017;0;0;;;0
30.04.2026;13:22:52;32,3;27,7;22,7;1;25;1017;0;0;;;0
30.04.2026;13:23:02;32,3;27,8;22,7;1;25;1017;0;0;;;0
30.04.2026;13:23:12;32,3;27,8;22,7;1;25;1017;0;0;;;0
30.04.2026;13:23:22;32,3;27,7;22,7;1;25;1017;0;0;;;0
30.04.2026;13:23:32;32,3;27,7;22,7;1;25;1017;0;0;;;0
30.04.2026;13:23:42;32,3;27,7;22,7;1;25;1017;0;0;;;0
30.04.2026;13:23:52;32,2;27,7;22,7;1;25;1017;0;0;;;0
30.04.2026;13:24:03;32,2;27,6;22,7;1;25;1017;0;0;;;0
30.04.2026;13:24:13;32,1;27,6;22,7;1;25;1017;0;0;;;0
30.04.2026;13:24:23;32;27,6;22,6;1;25;1017;0;0;;;0
30.04.2026;13:24:33;32;27,6;22,6;1;25;1017;0;0;;;0
30.04.2026;13:24:43;32;27,6;22,6;1;25;1017;0;0;;;0
30.04.2026;13:24:53;31,9;27,5;22,6;1;25;1017;0;0;;;0
30.04.2026;13:25:03;32;27,5;22,5;1;25;1017;0;0;;;0
30.04.2026;13:25:13;31,9;27,5;22,5;1;25;1017;0;0;;;0
30.04.2026;13:25:23;31,9;27,5;22,5;1;25;1017;0;0;;;0
30.04.2026;13:25:33;31,9;27,4;22,4;1;25;1017;0;0;;;0
30.04.2026;13:25:43;31,9;27,4;22,4;1;25;1017;0;0;;;0
30.04.2026;13:25:53;31,9;27,4;22,4;1;25;1017;0;0;;;0
30.04.2026;13:26:03;31,9;27,4;22,3;1;25;1017;0;0;;;0
30.04.2026;13:26:13;31,9;27,4;22,4;1;25;1017;0;0;;;0
30.04.2026;13:26:24;31,9;27,5;22,3;1;25;1017;0;0;;;0
30.04.2026;13:26:34;31,9;27,5;22,3;1;25;1017;0;0;;;0
30.04.2026;13:26:44;32;27,5;22,3;1;25;1017;0;0;;;0
30.04.2026;13:26:54;32;27,5;22,3;1;25;1017;0;0;;;0
30.04.2026;13:27:04;32;27,5;22,3;1;25;1017;0;0;;;0
30.04.2026;13:27:14;32,1;27,6;22,3;1;25;1017;0;0;;;0
30.04.2026;13:27:24;32,1;27,6;22,3;1;25;1017;0;0;;;0
30.04.2026;13:27:34;32,1;27,6;22,3;1;25;1017;0;0;;;0
30.04.2026;13:27:44;32;27,5;22,4;1;25;1017;0;0;;;0
30.04.2026;13:27:54;32,1;27,5;22,4;1;25;1017;0;0;;;0
30.04.2026;13:28:05;32,1;27,5;22,4;1;25;1017;0;0;;;0
30.04.2026;13:28:15;32,1;27,6;22,4;1;25;1017;0;0;;;0
30.04.2026;13:28:25;32,2;27,6;22,4;1;25;1017;0;0;;;0
30.04.2026;13:28:35;32,2;27,6;22,3;1;25;1017;0;0;;;0
30.04.2026;13:28:45;32,3;27,6;22,3;1;25;1017;0;0;;;0
30.04.2026;13:28:55;32,3;27,6;22,4;1;25;1017;0;0;;;0
30.04.2026;13:29:05;32,3;27,6;22,3;1;25;1017;0;0;;;0
30.04.2026;13:29:15;32,3;27,6;22,3;1;25;1017;0;0;;;0
30.04.2026;13:29:25;32,3;27,7;22,3;1;25;1017;0;0;;;0
30.04.2026;13:29:35;32,3;27,7;22,3;1;25;1017;0;0;;;0
30.04.2026;13:29:45;32,3;27,7;22,3;1;25;1017;0;0;;;0
30.04.2026;13:29:55;32,3;27,7;22,3;1;25;1017;0;0;;;0
30.04.2026;13:30:05;32,3;27,7;22,3;1;25;1017;0;0;;;0
30.04.2026;13:30:15;32,3;27,6;22,3;1;25;1017;0;0;;;0
30.04.2026;13:30:25;32,3;27,6;22,3;1;25;1017;0;0;;;0
30.04.2026;13:30:35;32,3;27,7;22,3;1;25;1017;0;0;;;0
30.04.2026;13:30:45;32,2;27,7;22,3;1;25;1017;0;0;;;0
30.04.2026;13:30:55;32,2;27,7;22,3;1;25;1017;0;0;;;0
30.04.2026;13:31:06;32,1;27,7;22,3;1;25;1017;0;0;;;0
30.04.2026;13:31:16;32,1;27,7;22,2;1;25;1017;0;0;;;0
30.04.2026;13:31:26;32,1;27,7;22,2;1;25;1017;0;0;;;0
30.04.2026;13:31:36;32,1;27,7;22,2;1;25;1017;0;0;;;0
30.04.2026;13:31:46;32,1;27,7;22,1;1;25;1017;0;0;;;0
30.04.2026;13:31:56;32;27,7;22,1;1;25;1017;0;0;;;0
30.04.2026;13:32:06;32;27,7;22,1;1;25;1017;0;0;;;0
30.04.2026;13:32:16;32;27,7;22;1;25;1017;0;0;;;0
30.04.2026;13:32:26;32;27,7;22;1;25;1017;0;0;;;0
30.04.2026;13:32:36;32;27,7;22;1;25;1017;0;0;;;0
30.04.2026;13:32:46;32;27,7;21,9;0;25;1017;0;0;;;0
30.04.2026;13:32:56;32;27,7;21,9;0;25;1017;0;0;;;0
30.04.2026;13:33:07;32;27,6;21,9;0;25;1017;0;0;;;0
30.04.2026;13:33:17;32;27,6;21,8;0;25;1017;0;0;;;0
30.04.2026;13:33:27;31,9;27,6;21,8;0;25;1017;0;0;;;0
30.04.2026;13:33:37;32;27,6;21,8;0;25;1017;0;0;;;0
30.04.2026;13:33:47;32;27,6;21,7;0;25;1017;0;0;;;0
30.04.2026;13:33:57;32;27,6;21,7;0;25;1017;0;0;;;0
30.04.2026;13:34:07;32;27,6;21,7;0;25;1017;0;0;;;0
30.04.2026;13:34:17;32;27,6;21,6;0;25;1017;0;0;;;0
30.04.2026;13:34:27;32;27,6;21,6;0;25;1017;0;0;;;0
30.04.2026;13:34:37;32;27,6;21,5;0;25;1017;0;0;;;0
30.04.2026;13:34:47;31,9;27,6;21,5;0;25;1017;0;0;;;0
30.04.2026;13:34:57;31,9;27,6;21,5;0;25;1017;0;0;;;0
30.04.2026;13:35:07;31,8;27,6;21,4;0;25;1017;0;0;;;0
30.04.2026;13:35:17;31,8;27,6;21,4;0;25;1017;0;0;;;0
30.04.2026;13:35:27;31,8;27,6;21,4;0;25;1017;0;0;;;0
30.04.2026;13:35:37;31,8;27,7;21,3;0;25;1017;0;0;;;0
30.04.2026;13:35:47;31,8;27,7;21,3;0;25;1017;0;0;;;0
30.04.2026;13:35:58;31,8;27,7;21,3;0;25;1017;0;0;;;0
30.04.2026;13:36:08;31,8;27,7;21,2;0;25;1017;0;0;;;0
30.04.2026;13:36:18;31,9;27,7;21,2;0;25;1017;0;0;;;0
30.04.2026;13:36:28;31,9;27,7;21,2;0;25;1017;0;0;;;0
30.04.2026;13:36:38;32;27,7;21,2;0;25;1017;0;0;;;0
30.04.2026;13:36:48;32;27,7;21,2;0;25;1017;0;0;;;0
30.04.2026;13:36:58;32,1;27,8;21,2;0;25;1017;0;0;;;0
30.04.2026;13:37:08;32,1;27,8;21,3;0;25;1017;0;0;;;0
30.04.2026;13:37:18;32,1;27,8;21,3;0;25;1017;0;0;;;0
30.04.2026;13:37:28;32,2;27,8;21,3;0;25;1017;0;0;;;0
30.04.2026;13:37:38;32,2;27,8;21,4;0;25;1017;0;0;;;0
30.04.2026;13:37:48;32,2;27,8;21,4;0;25;1017;0;0;;;0
30.04.2026;13:37:58;32,2;27,8;21,5;0;25;1017;0;0;;;0
30.04.2026;13:38:08;32,3;27,8;21,5;0;26;1017;0;0;;;0
30.04.2026;13:38:18;32,3;27,8;21,6;0;26;1017;0;0;;;0
30.04.2026;13:38:29;32,3;27,8;21,7;0;26;1017;0;0;;;0
30.04.2026;13:38:39;32,4;27,9;21,7;0;26;1017;0;0;;;0
30.04.2026;13:38:49;32,4;27,9;21,8;0;26;1017;0;0;;;0
30.04.2026;13:38:59;32,5;27,9;21,8;0;26;1017;0;0;;;0
30.04.2026;13:39:09;32,5;27,8;21,9;0;26;1017;0;0;;;0
30.04.2026;13:39:19;32,5;27,8;22;1;26;1017;0;0;;;0
30.04.2026;13:39:29;32,6;27,8;22,1;1;26;1017;0;0;;;0
30.04.2026;13:39:39;32,6;27,8;22,1;1;26;1017;0;0;;;0
30.04.2026;13:39:49;32,6;27,8;22,2;1;26;1017;0;0;;;0
30.04.2026;13:39:59;32,6;27,9;22,3;1;26;1017;0;0;;;0
30.04.2026;13:40:09;32,6;27,9;22,4;1;26;1017;0;0;;;0
30.04.2026;13:40:19;32,6;27,9;22,4;1;26;1017;0;0;;;0
30.04.2026;13:40:29;32,6;27,9;22,5;1;26;1017;0;0;;;0
30.04.2026;13:40:39;32,7;27,9;22,6;1;26;1017;0;0;;;0
30.04.2026;13:40:50;32,7;27,9;22,7;1;26;1016;0;0;;;0
30.04.2026;13:41:00;32,7;27,9;22,8;1;26;1017;0;0;;;0
30.04.2026;13:41:10;32,7;27,8;22,9;1;25;1017;0;0;;;0
30.04.2026;13:41:20;32,7;27,8;22,9;1;25;1017;0;0;;;0
30.04.2026;13:41:30;32,6;27,8;23;1;25;1017;0;0;;;0
30.04.2026;13:41:40;32,5;27,8;23;1;25;1017;0;0;;;0
30.04.2026;13:41:50;32,5;27,8;23;1;25;1016;0;0;;;0
30.04.2026;13:42:00;32,5;27,8;23,1;1;25;1017;0;0;;;0
30.04.2026;13:42:10;32,5;27,8;23,1;1;25;1017;0;0;;;0
30.04.2026;13:42:21;32,6;27,8;23,1;1;25;1017;0;0;;;0
30.04.2026;13:42:31;32,6;27,8;23,1;1;25;1017;0;0;;;0
30.04.2026;13:42:41;32,6;27,8;23,1;1;25;1017;0;0;;;0
30.04.2026;13:42:51;32,5;27,9;23,1;1;25;1017;0;0;;;0
30.04.2026;13:43:01;32,5;27,9;23,1;1;25;1017;0;0;;;0
30.04.2026;13:43:11;32,5;27,9;23,1;1;25;1016;0;0;;;0
30.04.2026;13:43:21;32,5;27,9;23,1;1;25;1017;0;0;;;0
30.04.2026;13:43:31;32,5;27,9;23,1;1;25;1017;0;0;;;0
30.04.2026;13:43:42;32,5;27,9;23,1;1;25;1017;0;0;;;0
30.04.2026;13:43:52;32,5;27,9;23,1;1;25;1017;0;0;;;0
30.04.2026;13:44:02;32,5;27,9;23,1;1;25;1017;0;0;;;0
30.04.2026;13:44:12;32,5;28;23,1;1;25;1017;0;0;;;0
30.04.2026;13:44:22;32,5;28;23,1;1;25;1017;0;0;;;0
30.04.2026;13:44:32;32,4;28;23,1;1;25;1017;0;0;;;0
30.04.2026;13:44:42;32,4;28;23,1;1;25;1017;0;0;;;0
30.04.2026;13:44:52;32,4;28;23,2;1;25;1017;0;0;;;0
30.04.2026;13:45:02;32,4;28;23,1;1;25;1017;0;0;;;0
30.04.2026;13:45:12;32,4;28;23,1;1;25;1017;0;0;;;0
30.04.2026;13:45:23;32,3;28;23,1;1;25;1017;0;0;;;0
30.04.2026;13:45:33;32,2;27,9;23,1;1;25;1017;0;0;;;0
30.04.2026;13:45:43;32,2;27,9;23,1;1;25;1017;0;0;;;0
30.04.2026;13:45:53;32,2;27,9;23,1;1;25;1017;0;0;;;0
30.04.2026;13:46:03;32,1;27,8;23,1;1;25;1017;0;0;;;0
30.04.2026;13:46:13;32,1;27,9;23,1;1;25;1017;0;0;;;0
30.04.2026;13:46:23;32,1;27,8;23,1;1;25;1017;0;0;;;0
30.04.2026;13:46:33;32,1;27,8;23,1;1;25;1017;0;0;;;0
30.04.2026;13:46:43;32,1;27,8;23;1;25;1016;0;0;;;0
30.04.2026;13:46:53;32;27,8;23,1;1;25;1017;0;0;;;0
30.04.2026;13:47:03;32,1;27,8;23,1;1;25;1016;0;0;;;0
30.04.2026;13:47:14;32,1;27,8;23;1;25;1016;0;0;;;0
30.04.2026;13:47:24;32,1;27,9;23;1;25;1017;0;0;;;0
30.04.2026;13:47:34;32,2;27,9;22,9;1;25;1017;0;0;;;0
30.04.2026;13:47:44;32,2;27,9;22,9;1;25;1017;0;0;;;0
30.04.2026;13:47:54;32,2;27,8;22,8;1;25;1017;0;0;;;0
30.04.2026;13:48:04;32,1;27,8;22,8;1;25;1017;0;0;;;0
30.04.2026;13:48:14;32,1;27,8;22,7;1;25;1017;0;0;;;0
30.04.2026;13:48:24;32;27,8;22,6;1;25;1017;0;0;;;0
30.04.2026;13:48:34;32;27,8;22,6;1;25;1017;0;0;;;0
30.04.2026;13:48:44;32;27,8;22,5;1;25;1017;0;0;;;0
30.04.2026;13:48:54;31,9;27,8;22,4;1;25;1017;0;0;;;0
30.04.2026;13:49:04;31,9;27,8;22,4;1;25;1017;0;0;;;0
30.04.2026;13:49:14;31,8;27,8;22,3;1;25;1017;0;0;;;0
30.04.2026;13:49:24;31,8;27,8;22,3;1;25;1017;0;0;;;0
30.04.2026;13:49:34;31,8;27,8;22,2;1;25;1017;0;0;;;0
30.04.2026;13:49:44;31,8;27,8;22,2;1;25;1017;0;0;;;0
30.04.2026;13:49:55;31,8;27,8;22,1;1;25;1017;0;0;;;0
30.04.2026;13:50:05;31,8;27,8;22,1;1;25;1017;0;0;;;0
30.04.2026;13:50:15;31,8;27,8;22;1;25;1017;0;0;;;0
30.04.2026;13:50:25;31,7;27,7;22;1;25;1017;0;0;;;0
30.04.2026;13:50:35;31,6;27,7;21,9;0;25;1017;0;0;;;0
30.04.2026;13:50:45;31,6;27,7;21,8;0;25;1017;0;0;;;0
30.04.2026;13:50:55;31,5;27,7;21,8;0;25;1017;0;0;;;0
30.04.2026;13:51:05;31,6;27,7;21,8;0;25;1017;0;0;;;0
30.04.2026;13:51:15;31,5;27,7;21,7;0;25;1017;0;0;;;0
30.04.2026;13:51:25;31,5;27,7;21,7;0;25;1017;0;0;;;0
30.04.2026;13:51:35;31,5;27,7;21,6;0;25;1017;0;0;;;0
30.04.2026;13:51:45;31,5;27,7;21,6;0;25;1017;0;0;;;0
30.04.2026;13:51:55;31,5;27,7;21,5;0;25;1017;0;0;;;0
30.04.2026;13:52:05;31,5;27,7;21,4;0;25;1017;0;0;;;0
30.04.2026;13:52:15;31,5;27,7;21,4;0;25;1017;0;0;;;0
30.04.2026;13:52:25;31,5;27,6;21,3;0;25;1017;0;0;;;0
30.04.2026;13:52:36;31,5;27,6;21,3;0;25;1017;0;0;;;0
30.04.2026;13:52:46;31,4;27,6;21,2;0;25;1017;0;0;;;0
30.04.2026;13:52:56;31,4;27,6;21,1;0;25;1017;0;0;;;0
30.04.2026;13:53:06;31,4;27,6;21,1;0;25;1017;0;0;;;0
30.04.2026;13:53:16;31,4;27,6;21,1;0;25;1017;0;0;;;0
30.04.2026;13:53:26;31,3;27,6;21;0;25;1016;0;0;;;0
30.04.2026;13:53:36;31,3;27,6;20,9;0;25;1017;0;0;;;0
30.04.2026;13:53:46;31,3;27,5;20,9;0;25;1017;0;0;;;0
30.04.2026;13:53:56;31,3;27,6;20,8;0;25;1017;0;0;;;0
30.04.2026;13:54:06;31,2;27,6;20,8;0;25;1017;0;0;;;0
30.04.2026;13:54:16;31,1;27,5;20,7;0;25;1017;0;0;;;0
30.04.2026;13:54:26;31;27,5;20,6;0;25;1017;0;0;;;0
30.04.2026;13:54:36;31;27,4;20,6;0;25;1017;0;0;;;0
30.04.2026;13:54:46;30,9;27,4;20,5;0;25;1017;0;0;;;0
30.04.2026;13:54:56;30,9;27,4;20,4;0;25;1016;0;0;;;0
30.04.2026;13:55:06;30,8;27,4;20,4;0;25;1016;0;0;;;0
30.04.2026;13:55:16;30,8;27,4;20,3;0;25;1017;0;0;;;0
30.04.2026;13:55:26;30,7;27,3;20,3;0;25;1017;0;0;;;0
30.04.2026;13:55:37;30,7;27,3;20,2;0;25;1017;0;0;;;0
30.04.2026;13:55:46;30,7;27,3;20,2;0;25;1017;0;0;;;0
30.04.2026;13:55:57;30,6;27,3;20,1;0;25;1017;0;0;;;0
30.04.2026;13:56:07;30,6;27,3;20,1;0;25;1017;0;0;;;0
30.04.2026;13:56:17;30,5;27,3;20;0;25;1017;0;0;;;0
30.04.2026;13:56:27;30,5;27,3;19,9;-1;25;1017;0;0;;;0
30.04.2026;13:56:37;30,5;27,3;19,9;-1;25;1017;0;0;;;0
30.04.2026;13:56:47;30,5;27,3;19,8;-1;26;1017;0;0;;;0
30.04.2026;13:56:57;30,6;27,3;19,7;-1;26;1017;0;0;;;0
30.04.2026;13:57:07;30,6;27,3;19,7;-1;26;1017;0;0;;;0
30.04.2026;13:57:17;30,5;27,3;19,6;-1;26;1017;0;0;;;0
30.04.2026;13:57:27;30,5;27,3;19,6;-1;26;1017;0;0;;;0
30.04.2026;13:57:37;30,5;27,3;19,6;-1;26;1017;0;0;;;0
30.04.2026;13:57:47;30,5;27,2;19,5;-1;26;1017;0;0;;;0
30.04.2026;13:57:57;30,5;27,2;19,5;-1;26;1017;0;0;;;0
30.04.2026;13:58:08;30,5;27,2;19,5;-1;26;1017;0;0;;;0
30.04.2026;13:58:17;30,4;27,2;19,4;-1;26;1017;0;0;;;0
30.04.2026;13:58:28;30,4;27,2;19,4;-1;26;1016;0;0;;;0
30.04.2026;13:58:38;30,3;27,1;19,4;-1;26;1017;0;0;;;0
30.04.2026;13:58:48;30,2;27,1;19,4;-1;26;1017;0;0;;;0
30.04.2026;13:58:58;30,2;27,1;19,4;-1;26;1017;0;0;;;0
30.04.2026;13:59:08;30,2;27,1;19,4;-1;26;1017;0;0;;;0
30.04.2026;13:59:18;30,2;27,1;19,3;-1;26;1017;0;0;;;0
30.04.2026;13:59:28;30,2;27,1;19,3;-1;26;1016;0;0;;;0
30.04.2026;13:59:38;30,2;27,1;19,3;-1;26;1016;0;0;;;0
30.04.2026;13:59:48;30,2;27,1;19,3;-1;26;1017;0;0;;;0
30.04.2026;13:59:58;30,1;27;19,2;-1;26;1016;0;0;;;0
30.04.2026;14:00:09;30,1;27;19,2;-1;26;1017;0;0;;;0
30.04.2026;14:00:19;30,1;27;19,2;-1;26;1017;0;0;;;0
30.04.2026;14:00:29;30,2;27;19,2;-1;26;1017;0;0;;;0
30.04.2026;14:00:39;30,2;27;19,2;-1;26;1016;0;0;;;0
30.04.2026;14:00:49;30,3;27,1;19,2;-1;26;1017;0;0;;;0
30.04.2026;14:00:59;30,3;27,1;19,3;-1;26;1016;0;0;;;0
30.04.2026;14:01:09;30,4;27,1;19,3;-1;26;1016;0;0;;;0
30.04.2026;14:01:19;30,3;27,1;19,3;-1;26;1016;0;0;;;0
30.04.2026;14:01:29;30,3;27,1;19,3;-1;26;1016;0;0;;;0
30.04.2026;14:01:39;30,3;27,1;19,3;-1;26;1016;0;0;;;0
30.04.2026;14:01:49;30,3;27,1;19,4;-1;26;1016;0;0;;;0
30.04.2026;14:01:59;30,4;27,1;19,4;-1;26;1016;0;0;;;0
30.04.2026;14:02:09;30,4;27,1;19,5;-1;26;1016;0;0;;;0
30.04.2026;14:02:20;30,5;27,1;19,5;-1;26;1016;0;0;;;0
30.04.2026;14:02:30;30,5;27,1;19,5;-1;26;1016;0;0;;;0
30.04.2026;14:02:40;30,6;27,1;19,6;-1;26;1016;0;0;;;0
30.04.2026;14:02:50;30,6;27,1;19,7;-1;26;1016;0;0;;;0
30.04.2026;14:03:00;30,6;27,1;19,7;-1;26;1016;0;0;;;0
30.04.2026;14:03:10;30,6;27,1;19,8;-1;26;1016;0;0;;;0
30.04.2026;14:03:20;30,7;27,1;19,8;-1;26;1016;0;0;;;0
30.04.2026;14:03:30;30,8;27,1;19,9;-1;26;1016;0;0;;;0
30.04.2026;14:03:40;30,8;27,1;20;0;26;1016;0;0;;;0
30.04.2026;14:03:50;30,9;27,1;20,1;0;26;1016;0;0;;;0
30.04.2026;14:04:00;30,9;27,1;20,1;0;26;1016;0;0;;;0
30.04.2026;14:04:10;31;27,1;20,2;0;26;1016;0;0;;;0
30.04.2026;14:04:21;31;27,1;20,3;0;26;1016;0;0;;;0
30.04.2026;14:04:31;31;27,1;20,4;0;26;1016;0;0;;;0
30.04.2026;14:04:41;31;27,1;20,5;0;26;1016;0;0;;;0
30.04.2026;14:04:51;31,1;27;20,5;0;26;1016;0;0;;;0
30.04.2026;14:05:01;31,1;27;20,6;0;26;1016;0;0;;;0
30.04.2026;14:05:11;31,2;27;20,7;0;26;1016;0;0;;;0
30.04.2026;14:05:21;31,2;27,1;20,7;0;26;1016;0;0;;;0
30.04.2026;14:05:31;31,3;27,1;20,8;0;26;1016;0;0;;;0
30.04.2026;14:05:41;31,3;27,1;20,9;0;26;1016;0;0;;;0
30.04.2026;14:05:51;31,4;27,1;20,9;0;26;1016;0;0;;;0
30.04.2026;14:06:01;31,4;27,1;21;0;26;1016;0;0;;;0
30.04.2026;14:06:12;31,5;27,1;21,1;0;26;1016;0;0;;;0
30.04.2026;14:06:22;31,5;27,1;21,2;0;26;1016;0;0;;;0
30.04.2026;14:06:32;31,5;27,1;21,2;0;26;1016;0;0;;;0
30.04.2026;14:06:42;31,5;27,2;21,3;0;26;1016;0;0;;;0
30.04.2026;14:06:52;31,6;27,2;21,4;0;26;1016;0;0;;;0
30.04.2026;14:07:02;31,6;27,2;21,4;0;26;1016;0;0;;;0
30.04.2026;14:07:12;31,7;27,2;21,5;0;26;1016;0;0;;;0
30.04.2026;14:07:22;31,7;27,2;21,6;0;26;1016;0;0;;;0
30.04.2026;14:07:32;31,7;27,2;21,7;0;26;1016;0;0;;;0
30.04.2026;14:07:42;31,8;27,3;21,8;0;26;1016;0;0;;;0
30.04.2026;14:07:52;31,8;27,3;21,9;0;26;1016;0;0;;;0
30.04.2026;14:08:03;31,9;27,3;22;1;26;1016;0;0;;;0
30.04.2026;14:08:13;31,9;27,3;22;1;26;1016;0;0;;;0
30.04.2026;14:08:23;31,9;27,3;22,1;1;26;1016;0;0;;;0
30.04.2026;14:08:33;31,9;27,3;22,2;1;26;1016;0;0;;;0
30.04.2026;14:08:43;32;27,3;22,3;1;26;1016;0;0;;;0
30.04.2026;14:08:53;32;27,3;22,4;1;26;1016;0;0;;;0
30.04.2026;14:09:03;32;27,3;22,5;1;26;1016;0;0;;;0
30.04.2026;14:09:13;32;27,3;22,6;1;26;1016;0;0;;;0
30.04.2026;14:09:23;32;27,3;22,7;1;26;1016;0;0;;;0
30.04.2026;14:09:33;32,1;27,3;22,7;1;26;1016;0;0;;;0
30.04.2026;14:09:43;32,1;27,3;22,8;1;26;1016;0;0;;;0
30.04.2026;14:09:54;32,1;27,3;22,9;1;25;1016;0;0;;;0
30.04.2026;14:10:04;32,2;27,4;22,9;1;25;1016;0;0;;;0
30.04.2026;14:10:14;32,2;27,4;23;1;25;1016;0;0;;;0
30.04.2026;14:10:24;32,2;27,4;23;1;25;1016;0;0;;;0
30.04.2026;14:10:34;32,2;27,4;23,1;1;25;1016;0;0;;;0
30.04.2026;14:10:44;32,2;27,4;23,1;1;25;1016;0;0;;;0
30.04.2026;14:10:54;32,2;27,4;23,1;1;25;1016;0;0;;;0
30.04.2026;14:11:04;32,2;27,4;23,2;1;25;1016;0;0;;;0
30.04.2026;14:11:14;32,2;27,4;23,2;1;25;1016;0;0;;;0
30.04.2026;14:11:25;32,2;27,4;23,2;1;25;1016;0;0;;;0
30.04.2026;14:11:35;32,2;27,4;23,2;1;25;1016;0;0;;;0
30.04.2026;14:11:45;32,2;27,4;23,2;1;25;1016;0;0;;;0
30.04.2026;14:11:55;32,2;27,4;23,2;1;25;1016;0;0;;;0
30.04.2026;14:12:05;32,3;27,4;23,2;1;25;1016;0;0;;;0
30.04.2026;14:12:15;32,3;27,4;23,3;1;25;1016;0;0;;;0
30.04.2026;14:12:25;32,3;27,4;23,3;1;25;1016;0;0;;;0
30.04.2026;14:12:35;32,4;27,4;23,3;1;25;1016;0;0;;;0
30.04.2026;14:12:45;32,4;27,5;23,3;1;25;1016;0;0;;;0
30.04.2026;14:12:56;32,5;27,5;23,3;1;25;1016;0;0;;;0
30.04.2026;14:13:06;32,5;27,5;23,3;1;25;1016;0;0;;;0
30.04.2026;14:13:16;32,5;27,4;23,4;1;24;1016;0;0;;;0
30.04.2026;14:13:26;32,5;27,4;23,4;1;24;1016;0;0;;;0
30.04.2026;14:13:36;32,6;27,4;23,4;1;24;1016;0;0;;;0
30.04.2026;14:13:46;32,5;27,4;23,4;1;25;1016;0;0;;;0
30.04.2026;14:13:56;32,5;27,4;23,5;1;25;1016;0;0;;;0
30.04.2026;14:14:06;32,5;27,3;23,5;1;24;1016;0;0;;;0
30.04.2026;14:14:16;32,5;27,3;23,6;1;25;1016;0;0;;;0
30.04.2026;14:14:26;32,5;27,3;23,6;1;25;1016;0;0;;;0
30.04.2026;14:14:36;32,6;27,3;23,6;1;25;1016;0;0;;;0
30.04.2026;14:14:46;32,6;27,4;23,7;1;25;1016;0;0;;;0
30.04.2026;14:14:57;32,5;27,4;23,7;1;25;1016;0;0;;;0
30.04.2026;14:15:07;32,6;27,3;23,8;1;25;1016;0;0;;;0
30.04.2026;14:15:17;32,6;27,3;23,8;1;25;1016;0;0;;;0
30.04.2026;14:15:27;32,5;27,2;23,8;1;25;1016;0;0;;;0
30.04.2026;14:15:37;32,5;27,2;23,9;1;25;1016;0;0;;;0
30.04.2026;14:15:47;32,4;27,2;24;2;25;1016;0;0;;;0
30.04.2026;14:15:57;32,3;27,2;24;2;25;1016;0;0;;;0
30.04.2026;14:16:07;32,3;27,2;24,1;2;25;1016;0;0;;;0
30.04.2026;14:16:17;32,3;27,1;24,1;2;25;1016;0;0;;;0
30.04.2026;14:16:27;32,3;27,1;24,2;2;25;1016;0;0;;;0
30.04.2026;14:16:38;32,4;27,1;24,2;2;25;1016;0;0;;;0
30.04.2026;14:16:48;32,4;27,1;24,3;2;25;1016;0;0;;;0
30.04.2026;14:16:58;32,4;27,2;24,4;2;25;1016;0;0;;;0
30.04.2026;14:17:08;32,4;27,2;24,4;2;25;1016;0;0;;;0
30.04.2026;14:17:18;32,5;27,2;24,5;2;25;1016;0;0;;;0
30.04.2026;14:17:28;32,5;27,2;24,5;2;25;1016;0;0;;;0
30.04.2026;14:17:38;32,5;27,2;24,6;2;25;1016;0;0;;;0
30.04.2026;14:17:48;32,4;27,2;24,7;2;24;1016;0;0;;;0
30.04.2026;14:17:58;32,4;27,2;24,7;2;24;1016;0;0;;;0
30.04.2026;14:18:08;32,4;27,2;24,7;2;24;1016;0;0;;;0
30.04.2026;14:18:18;32,4;27,2;24,8;2;24;1016;0;0;;;0
30.04.2026;14:18:28;32,4;27,3;24,8;2;24;1016;0;0;;;0
30.04.2026;14:18:38;32,4;27,3;24,8;2;24;1016;0;0;;;0
30.04.2026;14:18:48;32,5;27,3;24,8;2;24;1016;0;0;;;0
30.04.2026;14:18:58;32,5;27,3;24,8;2;24;1016;0;0;;;0
30.04.2026;14:19:09;32,5;27,3;24,8;2;24;1016;0;0;;;0
30.04.2026;14:19:19;32,6;27,3;24,8;2;24;1016;0;0;;;0
30.04.2026;14:19:29;32,6;27,3;24,8;2;24;1016;0;0;;;0
30.04.2026;14:19:39;32,5;27,3;24,8;2;24;1016;0;0;;;0
30.04.2026;14:19:49;32,5;27,3;24,8;2;24;1016;0;0;;;0
30.04.2026;14:19:59;32,5;27,3;24,7;2;24;1016;0;0;;;0
30.04.2026;14:20:09;32,5;27,3;24,7;2;24;1016;0;0;;;0
30.04.2026;14:20:19;32,5;27,3;24,7;2;24;1016;0;0;;;0
30.04.2026;14:20:29;32,6;27,3;24,6;2;24;1016;0;0;;;0
30.04.2026;14:20:39;32,6;27,3;24,6;2;24;1016;0;0;;;0
30.04.2026;14:20:49;32,6;27,3;24,6;2;24;1016;0;0;;;0
30.04.2026;14:21:00;32,7;27,3;24,5;2;24;1016;0;0;;;0
30.04.2026;14:21:10;32,7;27,3;24,4;2;24;1016;0;0;;;0
30.04.2026;14:21:20;32,7;27,3;24,4;2;24;1016;0;0;;;0
30.04.2026;14:21:30;32,8;27,3;24,3;2;24;1016;0;0;;;0
30.04.2026;14:21:40;32,7;27,3;24,3;2;24;1016;0;0;;;0
30.04.2026;14:21:50;32,7;27,3;24,3;2;24;1016;0;0;;;0
30.04.2026;14:22:00;32,8;27,3;24,2;2;24;1016;0;0;;;0
30.04.2026;14:22:10;32,8;27,3;24,1;2;24;1016;0;0;;;0
30.04.2026;14:22:21;32,8;27,3;24,1;2;24;1016;0;0;;;0
30.04.2026;14:22:31;32,8;27,3;24,1;2;24;1016;0;0;;;0
30.04.2026;14:22:41;32,8;27,3;24,1;2;24;1016;0;0;;;0
30.04.2026;14:22:51;32,8;27,4;24;2;24;1016;0;0;;;0
30.04.2026;14:23:01;32,8;27,4;24;2;24;1016;0;0;;;0
30.04.2026;14:23:11;32,8;27,4;23,9;1;24;1016;0;0;;;0
30.04.2026;14:23:21;32,8;27,4;23,9;1;24;1016;0;0;;;0
30.04.2026;14:23:31;32,8;27,4;23,9;1;24;1016;0;0;;;0
30.04.2026;14:23:41;32,7;27,4;23,8;1;24;1016;0;0;;;0
30.04.2026;14:23:51;32,7;27,4;23,8;1;24;1016;0;0;;;0
30.04.2026;14:24:01;32,7;27,4;23,8;1;24;1016;0;0;;;0
30.04.2026;14:24:11;32,7;27,4;23,7;1;24;1016;0;0;;;0
30.04.2026;14:24:21;32,8;27,4;23,7;1;24;1016;0;0;;;0
30.04.2026;14:24:32;32,8;27,4;23,7;1;24;1016;0;0;;;0
30.04.2026;14:24:41;32,8;27,4;23,6;1;24;1016;0;0;;;0
30.04.2026;14:24:52;32,8;27,3;23,6;1;24;1016;0;0;;;0
30.04.2026;14:25:02;32,9;27,3;23,6;1;24;1016;0;0;;;0
30.04.2026;14:25:12;32,9;27,4;23,5;1;24;1016;0;0;;;0
30.04.2026;14:25:22;32,9;27,3;23,5;1;24;1016;0;0;;;0
30.04.2026;14:25:32;32,9;27,4;23,5;1;24;1016;0;0;;;0
30.04.2026;14:25:42;32,9;27,4;23,5;1;24;1016;0;0;;;0
30.04.2026;14:25:52;33;27,4;23,5;1;24;1016;0;0;;;0
30.04.2026;14:26:02;33;27,4;23,5;1;25;1016;0;0;;;0
30.04.2026;14:26:12;33,1;27,5;23,5;1;25;1016;0;0;;;0
30.04.2026;14:26:22;33;27,5;23,5;1;25;1016;0;0;;;0
30.04.2026;14:26:32;33;27,5;23,5;1;25;1016;0;0;;;0
30.04.2026;14:26:42;33,1;27,5;23,5;1;25;1016;0;0;;;0
30.04.2026;14:26:52;33,1;27,5;23,5;1;25;1016;0;0;;;0
30.04.2026;14:27:02;33,1;27,5;23,5;1;25;1016;0;0;;;0
30.04.2026;14:27:13;33,1;27,5;23,5;1;25;1016;0;0;;;0
30.04.2026;14:27:23;33,1;27,5;23,5;1;25;1016;0;0;;;0
30.04.2026;14:27:33;33,1;27,5;23,5;1;25;1016;0;0;;;0
30.04.2026;14:27:43;33,1;27,5;23,6;1;25;1016;0;0;;;0
30.04.2026;14:27:53;33,1;27,5;23,6;1;25;1016;0;0;;;0
30.04.2026;14:28:03;33,2;27,5;23,6;1;25;1016;0;0;;;0
30.04.2026;14:28:13;33,2;27,6;23,6;1;25;1016;0;0;;;0
30.04.2026;14:28:23;33,2;27,6;23,6;1;25;1016;0;0;;;0
30.04.2026;14:28:33;33,3;27,6;23,6;1;25;1016;0;0;;;0
30.04.2026;14:28:43;33,3;27,6;23,7;1;25;1016;0;0;;;0
30.04.2026;14:28:53;33,4;27,7;23,7;1;25;1016;0;0;;;0
30.04.2026;14:29:04;33,4;27,7;23,7;1;25;1016;0;0;;;0
30.04.2026;14:29:14;33,4;27,7;23,7;1;25;1016;0;0;;;0
30.04.2026;14:29:24;33,4;27,6;23,7;1;25;1016;0;0;;;0
30.04.2026;14:29:34;33,4;27,6;23,8;1;25;1016;0;0;;;0
30.04.2026;14:29:44;33,5;27,6;23,8;1;25;1016;0;0;;;0
30.04.2026;14:29:54;33,5;27,6;23,8;1;25;1016;0;0;;;0
30.04.2026;14:30:04;33,4;27,6;23,8;1;25;1016;0;0;;;0
30.04.2026;14:30:14;33,5;27,7;23,9;1;25;1016;0;0;;;0
30.04.2026;14:30:24;33,5;27,7;23,9;1;25;1016;0;0;;;0
30.04.2026;14:30:34;33,5;27,7;23,9;1;25;1016;0;0;;;0
30.04.2026;14:30:45;33,5;27,7;24;2;25;1016;0;0;;;0
30.04.2026;14:30:55;33,5;27,7;24;2;25;1016;0;0;;;0
30.04.2026;14:31:05;33,5;27,7;24;2;25;1016;0;0;;;0
30.04.2026;14:31:15;33,5;27,7;24;2;25;1016;0;0;;;0
30.04.2026;14:31:25;33,5;27,7;24,1;2;25;1016;0;0;;;0
30.04.2026;14:31:35;33,5;27,7;24,1;2;25;1016;0;0;;;0
30.04.2026;14:31:45;33,6;27,7;24,1;2;25;1016;0;0;;;0
30.04.2026;14:31:55;33,7;27,7;24,2;2;25;1016;0;0;;;0
30.04.2026;14:32:05;33,7;27,8;24,2;2;25;1016;0;0;;;0
30.04.2026;14:32:15;33,8;27,8;24,2;2;25;1016;0;0;;;0
30.04.2026;14:32:25;33,8;27,8;24,3;2;25;1016;0;0;;;0
30.04.2026;14:32:35;33,8;27,8;24,3;2;25;1016;0;0;;;0
30.04.2026;14:32:45;33,8;27,8;24,3;2;25;1016;0;0;;;0
30.04.2026;14:32:55;33,8;27,8;24,4;2;25;1016;0;0;;;0
30.04.2026;14:33:05;33,8;27,8;24,4;2;25;1016;0;0;;;0
30.04.2026;14:33:15;33,8;27,8;24,4;2;25;1016;0;0;;;0
30.04.2026;14:33:25;33,7;27,8;24,5;2;25;1016;0;0;;;0
30.04.2026;14:33:36;33,7;27,8;24,5;2;25;1016;0;0;;;0
30.04.2026;14:33:46;33,7;27,8;24,5;2;25;1016;0;0;;;0
30.04.2026;14:33:56;33,7;27,8;24,6;2;25;1016;0;0;;;0
30.04.2026;14:34:06;33,6;27,8;24,6;2;25;1016;0;0;;;0
30.04.2026;14:34:16;33,6;27,8;24,6;2;25;1016;0;0;;;0
30.04.2026;14:34:26;33,6;27,8;24,7;2;25;1016;0;0;;;0
30.04.2026;14:34:36;33,5;27,8;24,7;2;25;1016;0;0;;;0
30.04.2026;14:34:46;33,5;27,8;24,7;2;25;1016;0;0;;;0
30.04.2026;14:34:56;33,5;27,8;24,8;2;25;1016;0;0;;;0
30.04.2026;14:35:07;33,4;27,8;24,8;2;25;1016;0;0;;;0
30.04.2026;14:35:17;33,4;27,7;24,9;2;25;1016;0;0;;;0
30.04.2026;14:35:27;33,4;27,7;24,9;2;25;1016;0;0;;;0
30.04.2026;14:35:37;33,3;27,7;24,9;2;25;1016;0;0;;;0
30.04.2026;14:35:47;33,3;27,8;25;3;25;1016;0;0;;;0
30.04.2026;14:35:57;33,4;27,8;25;3;25;1016;0;0;;;0
30.04.2026;14:36:07;33,4;27,8;25;3;24;1016;0;0;;;0
30.04.2026;14:36:17;33,5;27,8;25;3;24;1016;0;0;;;0
30.04.2026;14:36:28;33,5;27,8;25;3;24;1016;0;0;;;0
30.04.2026;14:36:37;33,5;27,9;25;3;24;1016;0;0;;;0
30.04.2026;14:36:48;33,4;27,9;25,1;3;24;1016;0;0;;;0
30.04.2026;14:36:58;33,5;27,9;25,1;3;24;1016;0;0;;;0
30.04.2026;14:37:08;33,5;27,8;25,1;3;24;1016;0;0;;;0
30.04.2026;14:37:18;33,5;27,9;25,1;3;24;1016;0;0;;;0
30.04.2026;14:37:28;33,5;27,9;25,2;3;24;1016;0;0;;;0
30.04.2026;14:37:38;33,5;27,9;25,2;3;24;1016;0;0;;;0
30.04.2026;14:37:48;33,5;27,8;25,2;3;24;1016;0;0;;;0
30.04.2026;14:37:58;33,5;27,8;25,3;3;24;1016;0;0;;;0
30.04.2026;14:38:08;33,4;27,8;25,3;3;24;1016;0;0;;;0
30.04.2026;14:38:18;33,4;27,8;25,3;3;24;1016;0;0;;;0
30.04.2026;14:38:28;33,4;27,8;25,3;3;24;1016;0;0;;;0
30.04.2026;14:38:38;33,4;27,7;25,3;3;24;1016;0;0;;;0
30.04.2026;14:38:48;33,4;27,8;25,3;3;24;1016;0;0;;;0
30.04.2026;14:38:59;33,4;27,8;25,3;3;24;1016;0;0;;;0
30.04.2026;14:39:09;33,5;27,8;25,3;3;24;1016;0;0;;;0
30.04.2026;14:39:19;33,5;27,9;25,3;3;24;1016;0;0;;;0
30.04.2026;14:39:29;33,6;27,9;25,3;3;24;1016;0;0;;;0
30.04.2026;14:39:39;33,6;27,9;25,3;3;24;1016;0;0;;;0
30.04.2026;14:39:49;33,6;28;25,3;3;24;1016;0;0;;;0
30.04.2026;14:39:59;33,7;28;25,3;3;24;1016;0;0;;;0
30.04.2026;14:40:09;33,7;28;25,3;3;24;1016;0;0;;;0
30.04.2026;14:40:19;33,8;28,1;25,2;3;24;1016;0;0;;;0
30.04.2026;14:40:29;33,8;28,1;25,2;3;24;1016;0;0;;;0
30.04.2026;14:40:39;33,8;28,2;25,2;3;24;1016;0;0;;;0
30.04.2026;14:40:49;33,8;28,2;25,2;3;24;1016;0;0;;;0
30.04.2026;14:40:59;33,9;28,2;25,2;3;24;1016;0;0;;;0
30.04.2026;14:41:09;33,9;28,2;25,2;3;24;1016;0;0;;;0
30.04.2026;14:41:19;33,9;28,2;25,2;3;24;1016;0;0;;;0
30.04.2026;14:41:30;33,9;28,3;25,2;3;24;1016;0;0;;;0
30.04.2026;14:41:40;33,9;28,3;25,2;3;24;1016;0;0;;;0
30.04.2026;14:41:50;33,9;28,3;25,2;3;24;1016;0;0;;;0
30.04.2026;14:42:00;34;28,3;25,2;3;24;1016;0;0;;;0
30.04.2026;14:42:10;33,9;28,4;25,2;3;24;1016;0;0;;;0
30.04.2026;14:42:20;33,9;28,4;25,2;3;24;1016;0;0;;;0
30.04.2026;14:42:30;33,9;28,4;25,2;3;24;1016;0;0;;;0
30.04.2026;14:42:40;34;28,4;25,2;3;24;1016;0;0;;;0
30.04.2026;14:42:50;33,9;28,4;25,2;3;24;1016;0;0;;;0
30.04.2026;14:43:00;34;28,4;25,1;3;24;1016;0;0;;;0
30.04.2026;14:43:11;34;28,4;25,1;3;24;1016;0;0;;;0
30.04.2026;14:43:21;34;28,4;25,1;3;24;1016;0;0;;;0
30.04.2026;14:43:31;34;28,4;25,1;3;24;1016;0;0;;;0
30.04.2026;14:43:41;33,9;28,4;25,1;3;24;1016;0;0;;;0
30.04.2026;14:43:51;33,9;28,4;25,1;3;24;1016;0;0;;;0
30.04.2026;14:44:01;33,9;28,4;25;3;24;1016;0;0;;;0
30.04.2026;14:44:11;33,8;28,4;25;3;24;1016;0;0;;;0
30.04.2026;14:44:21;33,8;28,4;25;3;24;1016;0;0;;;0
30.04.2026;14:44:31;33,8;28,4;24,9;2;24;1016;0;0;;;0
30.04.2026;14:44:41;33,8;28,4;24,9;2;24;1016;0;0;;;0
30.04.2026;14:44:51;33,8;28,4;24,9;2;24;1016;0;0;;;0
30.04.2026;14:45:01;33,8;28,4;24,9;2;24;1016;0;0;;;0
30.04.2026;14:45:11;33,8;28,4;24,9;2;24;1016;0;0;;;0
30.04.2026;14:45:21;33,7;28,4;24,8;2;24;1016;0;0;;;0
30.04.2026;14:45:31;33,8;28,4;24,8;2;24;1016;0;0;;;0
30.04.2026;14:45:41;33,7;28,4;24,8;2;24;1016;0;0;;;0
30.04.2026;14:45:52;33,7;28,4;24,8;2;24;1016;0;0;;;0
30.04.2026;14:46:02;33,7;28,4;24,8;2;24;1016;0;0;;;0
30.04.2026;14:46:12;33,6;28,4;24,7;2;24;1016;0;0;;;0
30.04.2026;14:46:22;33,6;28,4;24,7;2;24;1016;0;0;;;0
30.04.2026;14:46:32;33,5;28,3;24,7;2;24;1016;0;0;;;0
30.04.2026;14:46:42;33,5;28,3;24,7;2;24;1016;0;0;;;0
30.04.2026;14:46:52;33,4;28,3;24,7;2;24;1016;0;0;;;0
30.04.2026;14:47:02;33,4;28,3;24,7;2;24;1016;0;0;;;0
30.04.2026;14:47:12;33,4;28,3;24,6;2;24;1016;0;0;;;0
30.04.2026;14:47:22;33,4;28,3;24,6;2;24;1016;0;0;;;0
30.04.2026;14:47:32;33,4;28,3;24,6;2;24;1016;0;0;;;0
30.04.2026;14:47:42;33,4;28,3;24,6;2;24;1016;0;0;;;0
30.04.2026;14:47:52;33,4;28,4;24,6;2;24;1016;0;0;;;0
30.04.2026;14:48:02;33,4;28,4;24,6;2;24;1016;0;0;;;0
30.04.2026;14:48:13;33,4;28,4;24,5;2;24;1016;0;0;;;0
30.04.2026;14:48:23;33,4;28,4;24,5;2;24;1016;0;0;;;0
30.04.2026;14:48:33;33,4;28,4;24,5;2;24;1016;0;0;;;0
30.04.2026;14:48:43;33,4;28,4;24,5;2;24;1016;0;0;;;0
30.04.2026;14:48:53;33,3;28,4;24,5;2;24;1016;0;0;;;0
30.04.2026;14:49:03;33,3;28,4;24,4;2;24;1016;0;0;;;0
30.04.2026;14:49:14;33,3;28,4;24,4;2;24;1016;0;0;;;0
30.04.2026;14:49:24;33,2;28,4;24,4;2;24;1016;0;0;;;0
30.04.2026;14:49:34;33,2;28,4;24,3;2;24;1016;0;0;;;0
30.04.2026;14:49:44;33,1;28,4;24,3;2;24;1016;0;0;;;0
30.04.2026;14:49:54;33,1;28,4;24,2;2;24;1016;0;0;;;0
30.04.2026;14:50:04;33;28,4;24,2;2;24;1016;0;0;;;0
30.04.2026;14:50:14;33;28,4;24,2;2;24;1016;0;0;;;0
30.04.2026;14:50:24;33;28,4;24,1;2;24;1016;0;0;;;0
30.04.2026;14:50:34;32,9;28,4;24,1;2;24;1016;0;0;;;0
30.04.2026;14:50:44;32,9;28,4;24;2;24;1016;0;0;;;0
30.04.2026;14:50:54;32,8;28,4;24;2;24;1016;0;0;;;0
30.04.2026;14:51:04;32,8;28,4;24;2;24;1016;0;0;;;0
30.04.2026;14:51:14;32,8;28,4;23,9;1;24;1016;0;0;;;0
30.04.2026;14:51:24;32,8;28,4;23,9;1;24;1016;0;0;;;0
30.04.2026;14:51:34;32,7;28,4;23,8;1;24;1016;0;0;;;0
30.04.2026;14:51:44;32,7;28,4;23,8;1;24;1016;0;0;;;0
30.04.2026;14:51:54;32,6;28,4;23,7;1;24;1016;0;0;;;0
30.04.2026;14:52:05;32,6;28,4;23,7;1;24;1016;0;0;;;0
30.04.2026;14:52:15;32,6;28,4;23,6;1;24;1016;0;0;;;0
30.04.2026;14:52:25;32,6;28,4;23,5;1;24;1016;0;0;;;0
30.04.2026;14:52:35;32,6;28,4;23,5;1;24;1016;0;0;;;0
30.04.2026;14:52:45;32,6;28,4;23,4;1;24;1016;0;0;;;0
30.04.2026;14:52:55;32,6;28,4;23,3;1;24;1016;0;0;;;0
30.04.2026;14:53:05;32,5;28,4;23,3;1;24;1016;0;0;;;0
30.04.2026;14:53:15;32,5;28,4;23,2;1;24;1016;0;0;;;0
30.04.2026;14:53:25;32,5;28,4;23,2;1;24;1016;0;0;;;0
30.04.2026;14:53:35;32,4;28,4;23,1;1;24;1016;0;0;;;0
30.04.2026;14:53:45;32,4;28,4;23;1;24;1016;0;0;;;0
30.04.2026;14:53:55;32,4;28,4;22,9;0;24;1016;0;0;;;0
30.04.2026;14:54:05;32,4;28,4;22,9;0;24;1016;0;0;;;0
30.04.2026;14:54:15;32,3;28,4;22,8;0;24;1016;0;0;;;0
30.04.2026;14:54:26;32,3;28,3;22,8;0;24;1016;0;0;;;0
30.04.2026;14:54:36;32,3;28,3;22,7;0;24;1016;0;0;;;0
30.04.2026;14:54:46;32,3;28,3;22,6;0;24;1016;0;0;;;0
30.04.2026;14:54:56;32,2;28,3;22,5;0;24;1016;0;0;;;0
30.04.2026;14:55:06;32,2;28,3;22,5;0;24;1016;0;0;;;0
30.04.2026;14:55:16;32,2;28,3;22,4;0;24;1016;0;0;;;0
30.04.2026;14:55:26;32,2;28,3;22,3;0;24;1016;0;0;;;0
30.04.2026;14:55:36;32,1;28,3;22,3;0;24;1016;0;0;;;0
30.04.2026;14:55:46;32,1;28,3;22,2;0;24;1016;0;0;;;0
30.04.2026;14:55:57;32,1;28,2;22,1;0;24;1016;0;0;;;0
30.04.2026;14:56:06;32;28,3;22,1;0;24;1016;0;0;;;0
30.04.2026;14:56:17;32;28,3;22;0;24;1016;0;0;;;0
30.04.2026;14:56:27;32;28,3;21,9;0;25;1016;0;0;;;0
30.04.2026;14:56:37;31,9;28,3;21,8;0;25;1016;0;0;;;0
30.04.2026;14:56:47;31,9;28,3;21,8;0;25;1016;0;0;;;0
30.04.2026;14:56:57;31,8;28,2;21,7;0;25;1016;0;0;;;0
30.04.2026;14:57:07;31,8;28,3;21,6;0;25;1016;0;0;;;0
30.04.2026;14:57:17;31,8;28,3;21,5;0;25;1016;0;0;;;0
