data_czas,temperatura_powietrza_C,punkt_rosy_C,opad_mm,wiatr_m_s,naslonecznienie_sekundy
2025-11-01T00:00,-33.6,-37.2,0.0,0.75,3600.0
2025-11-01T01:00,-31.5,-36.1,0.0,0.42,3600.0
2025-11-01T02:00,-29.7,-34.8,0.0,0.43,3600.0
2025-11-01T03:00,-28.6,-33.8,0.0,0.36,3600.0
2025-11-01T04:00,-27.9,-32.8,0.0,0.1,3600.0
2025-11-01T05:00,-28.0,-33.0,0.0,0.05,3600.0
2025-11-01T06:00,-29.5,-33.6,0.0,0.05,3600.0
2025-11-01T07:00,-30.4,-34.1,0.0,0.14,0.0
2025-11-01T08:00,-30.8,-34.3,0.0,0.11,0.0
2025-11-01T09:00,-31.0,-34.4,0.0,0.11,0.0
2025-11-01T10:00,-31.0,-34.4,0.0,0.1,0.0
2025-11-01T11:00,-31.2,-34.4,0.0,0.1,0.0
2025-11-01T12:00,-32.4,-35.2,0.0,0.18,0.0
2025-11-01T13:00,-32.7,-35.4,0.0,0.28,0.0
2025-11-01T14:00,-31.9,-34.9,0.0,0.36,0.0
2025-11-01T15:00,-31.9,-35.0,0.0,0.34,0.0
2025-11-01T16:00,-31.5,-34.8,0.0,0.14,0.0
2025-11-01T17:00,-30.8,-34.1,0.0,0.0,0.0
2025-11-01T18:00,-31.3,-34.3,0.0,0.11,0.0
2025-11-01T19:00,-31.3,-34.4,0.0,0.15,0.0
2025-11-01T20:00,-31.4,-34.5,0.0,0.32,0.0
2025-11-01T21:00,-31.1,-34.1,0.0,0.5,0.0
2025-11-01T22:00,-31.2,-34.2,0.0,0.1,0.0
2025-11-01T23:00,-30.8,-33.8,0.0,0.25,0.0
2025-11-02T00:00,-29.8,-33.1,0.0,0.5,315.44
2025-11-02T01:00,-28.5,-32.6,0.0,0.22,1750.68
2025-11-02T02:00,-27.4,-31.8,0.0,0.05,3600.0
2025-11-02T03:00,-26.4,-31.8,0.0,0.16,1778.59
2025-11-02T04:00,-25.9,-31.0,0.0,0.25,0.0
2025-11-02T05:00,-25.6,-30.7,0.0,0.05,0.0
2025-11-02T06:00,-26.8,-30.6,0.0,0.11,0.0
2025-11-02T07:00,-27.8,-31.0,0.0,0.36,0.0
2025-11-02T08:00,-28.5,-31.2,0.0,0.61,0.0
2025-11-02T09:00,-28.9,-31.6,0.0,0.55,0.0
2025-11-02T10:00,-29.8,-32.3,0.0,0.4,0.0
2025-11-02T11:00,-30.0,-32.5,0.0,0.52,0.0
2025-11-02T12:00,-30.2,-32.8,0.0,0.51,0.0
2025-11-02T13:00,-31.3,-33.6,0.0,0.25,0.0
2025-11-02T14:00,-31.4,-33.6,0.0,0.18,0.0
2025-11-02T15:00,-31.5,-33.8,0.0,0.21,0.0
2025-11-02T16:00,-31.4,-33.9,0.0,0.18,0.0
2025-11-02T17:00,-31.3,-33.9,0.0,0.07,0.0
2025-11-02T18:00,-31.6,-34.3,0.0,0.07,0.0
2025-11-02T19:00,-32.6,-35.1,0.0,0.18,0.0
2025-11-02T20:00,-32.5,-35.0,0.0,0.0,0.0
2025-11-02T21:00,-32.8,-35.4,0.0,0.28,0.0
2025-11-02T22:00,-33.4,-35.9,0.0,0.25,0.0
2025-11-02T23:00,-33.4,-36.0,0.0,0.29,844.2
2025-11-03T00:00,-32.3,-35.5,0.0,0.5,3600.0
2025-11-03T01:00,-30.6,-35.1,0.0,0.46,3600.0
2025-11-03T02:00,-29.1,-34.0,0.0,0.4,3600.0
2025-11-03T03:00,-28.2,-32.9,0.0,0.07,3600.0
2025-11-03T04:00,-27.7,-32.3,0.0,0.05,3600.0
2025-11-03T05:00,-28.2,-32.2,0.0,0.0,3600.0
2025-11-03T06:00,-30.2,-33.6,0.0,0.21,3600.0
2025-11-03T07:00,-31.4,-34.4,0.0,0.27,0.0
2025-11-03T08:00,-32.5,-35.1,0.0,0.35,0.0
2025-11-03T09:00,-32.6,-35.2,0.0,0.3,0.0
2025-11-03T10:00,-33.1,-35.5,0.0,0.3,0.0
2025-11-03T11:00,-33.5,-35.8,0.0,0.36,0.0
2025-11-03T12:00,-33.9,-36.6,0.0,0.47,0.0
2025-11-03T13:00,-34.8,-37.0,0.0,0.32,0.0
2025-11-03T14:00,-34.7,-37.0,0.0,0.25,0.0
2025-11-03T15:00,-34.8,-37.0,0.0,0.22,0.0
2025-11-03T16:00,-34.7,-36.7,0.0,0.16,0.0
2025-11-03T17:00,-35.1,-37.0,0.0,0.11,0.0
2025-11-03T18:00,-36.3,-38.9,0.0,0.38,0.0
2025-11-03T19:00,-37.0,-39.2,0.0,0.29,0.0
2025-11-03T20:00,-36.9,-39.0,0.0,0.25,0.0
2025-11-03T21:00,-36.9,-39.0,0.0,0.25,0.0
2025-11-03T22:00,-36.9,-39.2,0.0,0.35,0.0
2025-11-03T23:00,-36.4,-38.9,0.0,0.18,1612.61
2025-11-04T00:00,-34.3,-37.5,0.0,0.7,3600.0
2025-11-04T01:00,-32.8,-37.2,0.0,0.2,3600.0
2025-11-04T02:00,-30.9,-35.9,0.0,0.21,3600.0
2025-11-04T03:00,-29.7,-34.7,0.0,0.0,3600.0
2025-11-04T04:00,-29.0,-33.3,0.0,0.11,3600.0
2025-11-04T05:00,-29.3,-33.6,0.0,0.1,3600.0
2025-11-04T06:00,-29.8,-33.5,0.0,0.27,0.0
2025-11-04T07:00,-30.6,-34.2,0.0,0.21,0.0
2025-11-04T08:00,-29.9,-33.7,0.1,0.38,0.0
2025-11-04T09:00,-29.2,-33.0,0.1,0.54,0.0
2025-11-04T10:00,-28.7,-32.6,0.1,0.43,0.0
2025-11-04T11:00,-28.3,-32.3,0.1,0.27,0.0
2025-11-04T12:00,-30.0,-33.7,0.0,0.21,0.0
2025-11-04T13:00,-30.8,-34.3,0.0,0.05,0.0
2025-11-04T14:00,-31.6,-34.6,0.0,0.14,0.0
2025-11-04T15:00,-33.2,-35.6,0.0,0.25,0.0
2025-11-04T16:00,-34.3,-36.5,0.0,0.34,0.0
2025-11-04T17:00,-35.3,-37.6,0.0,0.45,0.0
2025-11-04T18:00,-36.1,-38.9,0.0,0.74,0.0
2025-11-04T19:00,-36.3,-38.8,0.0,0.63,0.0
2025-11-04T20:00,-36.0,-38.3,0.0,0.47,0.0
2025-11-04T21:00,-36.8,-38.6,0.0,0.5,0.0
2025-11-04T22:00,-36.7,-38.7,0.0,0.61,0.0
2025-11-04T23:00,-36.7,-39.0,0.0,0.39,1063.96
2025-11-05T00:00,-35.1,-37.5,0.0,0.84,3600.0
2025-11-05T01:00,-33.0,-36.4,0.0,0.1,3600.0
2025-11-05T02:00,-30.9,-35.4,0.0,0.41,3600.0
2025-11-05T03:00,-30.0,-34.3,0.0,0.65,3600.0
2025-11-05T04:00,-29.4,-33.7,0.0,0.93,3004.31
2025-11-05T05:00,-30.0,-33.7,0.0,0.92,1428.28
2025-11-05T06:00,-31.5,-34.8,0.0,1.29,405.37
2025-11-05T07:00,-32.4,-35.6,0.0,1.52,0.0
2025-11-05T08:00,-32.8,-36.1,0.0,1.52,0.0
2025-11-05T09:00,-33.4,-36.5,0.0,1.5,0.0
2025-11-05T10:00,-34.6,-37.4,0.0,1.4,0.0
2025-11-05T11:00,-35.0,-37.6,0.0,1.35,0.0
2025-11-05T12:00,-35.3,-38.3,0.0,1.45,0.0
2025-11-05T13:00,-36.2,-38.9,0.0,1.49,0.0
2025-11-05T14:00,-36.4,-39.1,0.0,1.79,0.0
2025-11-05T15:00,-36.5,-39.2,0.0,1.79,0.0
2025-11-05T16:00,-36.5,-39.2,0.0,1.53,0.0
2025-11-05T17:00,-36.9,-39.5,0.0,1.53,0.0
2025-11-05T18:00,-37.7,-40.5,0.0,1.33,0.0
2025-11-05T19:00,-38.3,-40.9,0.0,1.68,0.0
2025-11-05T20:00,-37.1,-40.2,0.0,1.8,0.0
2025-11-05T21:00,-36.6,-40.0,0.0,1.87,0.0
2025-11-05T22:00,-36.4,-39.9,0.0,1.85,0.0
2025-11-05T23:00,-36.0,-39.6,0.0,1.82,0.0
2025-11-06T00:00,-33.3,-37.3,0.0,2.51,3600.0
2025-11-06T01:00,-31.3,-36.1,0.0,2.32,3600.0
2025-11-06T02:00,-29.7,-35.0,0.0,2.73,1808.31
2025-11-06T03:00,-28.5,-34.1,0.0,2.52,1025.37
2025-11-06T04:00,-27.9,-33.3,0.0,2.36,0.0
2025-11-06T05:00,-27.5,-32.6,0.0,3.02,0.0
2025-11-06T06:00,-27.4,-31.9,0.0,3.13,0.0
2025-11-06T07:00,-27.5,-31.8,0.0,3.15,0.0
2025-11-06T08:00,-27.4,-31.8,0.0,3.09,0.0
2025-11-06T09:00,-27.3,-31.7,0.0,2.91,0.0
2025-11-06T10:00,-27.3,-31.6,0.0,2.9,0.0
2025-11-06T11:00,-27.6,-31.7,0.0,2.58,0.0
2025-11-06T12:00,-28.2,-32.0,0.0,2.23,0.0
2025-11-06T13:00,-28.6,-32.4,0.0,1.94,0.0
2025-11-06T14:00,-29.0,-32.8,0.0,1.88,0.0
2025-11-06T15:00,-29.5,-33.5,0.0,1.71,0.0
2025-11-06T16:00,-30.1,-34.2,0.0,1.53,0.0
2025-11-06T17:00,-30.8,-34.8,0.0,1.3,0.0
2025-11-06T18:00,-30.7,-34.6,0.0,1.2,0.0
2025-11-06T19:00,-31.1,-34.9,0.0,0.86,0.0
2025-11-06T20:00,-31.8,-35.6,0.0,0.7,0.0
2025-11-06T21:00,-31.5,-35.3,0.0,0.45,0.0
2025-11-06T22:00,-32.2,-36.0,0.0,0.21,0.0
2025-11-06T23:00,-32.2,-36.0,0.0,0.11,0.0
2025-11-07T00:00,-32.7,-36.4,0.0,0.32,3600.0
2025-11-07T01:00,-30.6,-35.6,0.0,0.16,3600.0
2025-11-07T02:00,-28.9,-35.1,0.0,0.21,3600.0
2025-11-07T03:00,-27.9,-34.2,0.0,0.15,3600.0
2025-11-07T04:00,-28.1,-33.6,0.0,0.1,3600.0
2025-11-07T05:00,-28.4,-33.6,0.0,0.18,3600.0
2025-11-07T06:00,-30.3,-34.6,0.0,0.16,2934.15
2025-11-07T07:00,-31.0,-35.0,0.0,0.25,0.0
2025-11-07T08:00,-32.2,-35.5,0.0,0.16,0.0
2025-11-07T09:00,-32.7,-35.9,0.0,0.22,0.0
2025-11-07T10:00,-34.0,-36.9,0.0,0.55,0.0
2025-11-07T11:00,-35.0,-37.7,0.0,1.03,0.0
2025-11-07T12:00,-36.3,-39.1,0.0,0.8,0.0
2025-11-07T13:00,-37.0,-39.5,0.0,0.86,0.0
2025-11-07T14:00,-37.1,-39.5,0.0,0.85,0.0
2025-11-07T15:00,-37.3,-39.7,0.0,0.75,0.0
2025-11-07T16:00,-37.4,-39.9,0.0,0.69,0.0
2025-11-07T17:00,-37.6,-40.1,0.0,0.71,0.0
2025-11-07T18:00,-38.9,-42.0,0.0,0.68,0.0
2025-11-07T19:00,-39.3,-42.0,0.0,0.64,0.0
2025-11-07T20:00,-39.1,-41.9,0.0,0.57,0.0
2025-11-07T21:00,-39.1,-41.9,0.0,0.49,0.0
2025-11-07T22:00,-38.9,-41.9,0.0,0.49,0.0
2025-11-07T23:00,-38.7,-41.8,0.0,0.54,39.55
2025-11-08T00:00,-37.2,-41.9,0.0,0.1,3600.0
2025-11-08T01:00,-35.3,-40.8,0.0,0.41,3600.0
2025-11-08T02:00,-33.6,-39.2,0.0,0.67,3600.0
2025-11-08T03:00,-32.5,-37.7,0.0,0.74,3600.0
2025-11-08T04:00,-32.1,-36.9,0.0,0.54,3600.0
2025-11-08T05:00,-32.6,-36.5,0.0,0.73,3600.0
2025-11-08T06:00,-33.0,-36.6,0.0,0.61,739.57
2025-11-08T07:00,-35.1,-38.4,0.0,0.73,0.0
2025-11-08T08:00,-35.6,-38.9,0.0,1.04,0.0
2025-11-08T09:00,-36.3,-39.6,0.0,1.35,0.0
2025-11-08T10:00,-37.0,-40.3,0.0,1.35,0.0
2025-11-08T11:00,-37.4,-40.8,0.0,1.32,0.0
2025-11-08T12:00,-38.5,-41.7,0.0,1.06,0.0
2025-11-08T13:00,-39.2,-42.2,0.0,0.85,0.0
2025-11-08T14:00,-39.2,-42.2,0.0,0.89,0.0
2025-11-08T15:00,-39.2,-42.3,0.0,0.64,0.0
2025-11-08T16:00,-39.1,-42.3,0.0,0.61,0.0
2025-11-08T17:00,-39.2,-42.5,0.0,0.35,0.0
2025-11-08T18:00,-39.7,-43.7,0.0,0.21,0.0
2025-11-08T19:00,-40.1,-44.0,0.0,0.36,0.0
2025-11-08T20:00,-39.9,-43.8,0.0,0.46,0.0
2025-11-08T21:00,-39.8,-43.6,0.0,0.32,0.0
2025-11-08T22:00,-39.8,-43.8,0.0,0.28,0.0
2025-11-08T23:00,-39.4,-43.4,0.0,0.36,142.52
2025-11-09T00:00,-38.6,-42.9,0.0,0.68,3600.0
2025-11-09T01:00,-36.9,-42.2,0.0,0.38,3600.0
2025-11-09T02:00,-34.9,-40.8,0.0,0.34,3600.0
2025-11-09T03:00,-33.8,-39.2,0.0,0.18,3600.0
2025-11-09T04:00,-33.3,-38.3,0.0,0.05,3600.0
2025-11-09T05:00,-33.8,-38.1,0.0,0.11,3600.0
2025-11-09T06:00,-35.7,-39.4,0.0,0.07,2565.25
2025-11-09T07:00,-36.4,-40.0,0.0,0.07,0.0
2025-11-09T08:00,-36.3,-40.2,0.0,0.0,0.0
2025-11-09T09:00,-36.1,-40.2,0.0,0.16,0.0
2025-11-09T10:00,-36.0,-40.1,0.0,0.16,0.0
2025-11-09T11:00,-36.3,-40.3,0.0,0.14,0.0
2025-11-09T12:00,-36.6,-40.6,0.0,0.05,0.0
2025-11-09T13:00,-37.0,-40.8,0.0,0.0,0.0
2025-11-09T14:00,-37.1,-40.7,0.0,0.11,0.0
2025-11-09T15:00,-37.3,-40.7,0.0,0.25,0.0
2025-11-09T16:00,-37.2,-40.7,0.0,0.21,0.0
2025-11-09T17:00,-36.5,-40.2,0.0,0.0,0.0
2025-11-09T18:00,-37.1,-41.0,0.0,0.25,0.0
2025-11-09T19:00,-36.6,-40.6,0.0,0.11,0.0
2025-11-09T20:00,-35.6,-39.7,0.0,0.69,0.0
2025-11-09T21:00,-35.3,-39.2,0.0,0.74,0.0
2025-11-09T22:00,-34.7,-38.6,0.0,0.21,0.0
2025-11-09T23:00,-34.3,-38.1,0.0,0.05,0.0
2025-11-10T00:00,-33.8,-37.6,0.0,0.35,0.0
2025-11-10T01:00,-32.6,-37.6,0.0,0.05,0.0
2025-11-10T02:00,-31.4,-37.1,0.0,0.4,3439.78
2025-11-10T03:00,-30.4,-36.9,0.0,0.5,2682.73
2025-11-10T04:00,-29.7,-35.5,0.0,0.32,596.39
2025-11-10T05:00,-29.3,-35.0,0.0,0.11,0.0
2025-11-10T06:00,-30.7,-34.2,0.0,0.58,0.0
2025-11-10T07:00,-31.3,-34.8,0.0,0.49,0.0
2025-11-10T08:00,-31.5,-35.0,0.0,0.05,0.0
2025-11-10T09:00,-31.3,-35.0,0.0,0.05,0.0
2025-11-10T10:00,-31.7,-35.3,0.0,0.25,0.0
2025-11-10T11:00,-31.8,-35.4,0.0,0.63,0.0
2025-11-10T12:00,-31.9,-34.8,0.0,0.43,0.0
2025-11-10T13:00,-32.8,-35.9,0.0,0.35,0.0
2025-11-10T14:00,-33.4,-36.6,0.0,0.38,0.0
2025-11-10T15:00,-33.3,-36.5,0.0,0.18,0.0
2025-11-10T16:00,-32.8,-36.1,0.0,0.16,0.0
2025-11-10T17:00,-32.9,-36.2,0.0,0.18,0.0
2025-11-10T18:00,-33.7,-36.9,0.0,0.11,0.0
2025-11-10T19:00,-34.7,-37.6,0.0,0.07,0.0
2025-11-10T20:00,-35.6,-38.1,0.0,0.21,0.0
2025-11-10T21:00,-35.9,-38.6,0.0,0.43,0.0
2025-11-10T22:00,-36.0,-38.8,0.0,0.58,0.0
2025-11-10T23:00,-36.5,-39.2,0.0,0.47,0.0
2025-11-11T00:00,-35.3,-38.6,0.0,0.2,3600.0
2025-11-11T01:00,-34.6,-38.3,0.0,0.07,3600.0
2025-11-11T02:00,-33.0,-37.3,0.0,0.07,3600.0
2025-11-11T03:00,-31.5,-36.7,0.0,0.0,3600.0
2025-11-11T04:00,-31.1,-36.1,0.0,0.07,3600.0
2025-11-11T05:00,-31.9,-36.3,0.0,0.14,3600.0
2025-11-11T06:00,-33.4,-37.4,0.0,0.18,1801.36
2025-11-11T07:00,-33.7,-37.7,0.0,0.2,0.0
2025-11-11T08:00,-34.2,-37.8,0.0,0.25,0.0
2025-11-11T09:00,-34.8,-38.0,0.0,0.27,0.0
2025-11-11T10:00,-35.1,-38.0,0.0,0.1,0.0
2025-11-11T11:00,-35.2,-37.8,0.0,0.22,0.0
2025-11-11T12:00,-35.5,-38.8,0.0,0.21,0.0
2025-11-11T13:00,-35.8,-38.9,0.0,0.3,0.0
2025-11-11T14:00,-35.8,-38.5,0.0,0.07,0.0
2025-11-11T15:00,-36.0,-38.7,0.0,0.25,0.0
2025-11-11T16:00,-35.9,-38.6,0.0,0.16,0.0
2025-11-11T17:00,-35.6,-38.7,0.0,0.1,0.0
2025-11-11T18:00,-35.4,-38.9,0.0,0.36,0.0
2025-11-11T19:00,-34.8,-38.2,0.0,0.9,0.0
2025-11-11T20:00,-34.0,-37.5,0.1,0.85,0.0
2025-11-11T21:00,-32.9,-36.7,0.1,0.6,0.0
2025-11-11T22:00,-32.3,-36.0,0.1,0.45,0.0
2025-11-11T23:00,-31.5,-35.2,0.1,0.45,0.0
2025-11-12T00:00,-31.1,-35.4,0.1,0.29,0.0
2025-11-12T01:00,-29.9,-34.4,0.1,0.6,0.0
2025-11-12T02:00,-28.7,-33.3,0.1,0.5,0.0
2025-11-12T03:00,-27.4,-31.9,0.1,0.94,0.0
2025-11-12T04:00,-26.7,-31.0,0.1,0.67,0.0
2025-11-12T05:00,-26.3,-30.2,0.2,0.4,0.0
2025-11-12T06:00,-26.8,-30.4,0.2,0.39,0.0
2025-11-12T07:00,-26.5,-30.0,0.2,0.78,0.0
2025-11-12T08:00,-26.5,-29.7,0.1,0.65,0.0
2025-11-12T09:00,-26.2,-29.4,0.1,0.74,0.0
2025-11-12T10:00,-25.7,-29.0,0.2,0.6,0.0
2025-11-12T11:00,-25.3,-28.6,0.2,0.41,0.0
2025-11-12T12:00,-25.9,-29.1,0.2,0.25,0.0
2025-11-12T13:00,-25.7,-28.8,0.2,0.21,0.0
2025-11-12T14:00,-25.6,-28.7,0.1,0.16,0.0
2025-11-12T15:00,-25.6,-28.6,0.2,0.05,0.0
2025-11-12T16:00,-25.6,-28.5,0.2,0.2,0.0
2025-11-12T17:00,-26.0,-28.8,0.1,0.45,0.0
2025-11-12T18:00,-26.1,-29.2,0.1,0.25,0.0
2025-11-12T19:00,-26.7,-29.7,0.1,0.21,0.0
2025-11-12T20:00,-26.4,-29.5,0.1,0.78,0.0
2025-11-12T21:00,-26.6,-29.6,0.1,1.1,0.0
2025-11-12T22:00,-26.9,-29.9,0.0,0.96,0.0
2025-11-12T23:00,-28.0,-31.0,0.0,0.46,0.0
2025-11-13T00:00,-28.2,-31.1,0.0,0.05,2857.92
2025-11-13T01:00,-27.0,-30.5,0.0,0.05,3600.0
2025-11-13T02:00,-26.0,-30.1,0.0,0.11,3600.0
2025-11-13T03:00,-25.5,-29.7,0.0,0.15,3600.0
2025-11-13T04:00,-25.4,-29.4,0.0,0.11,1107.92
2025-11-13T05:00,-26.5,-29.8,0.0,0.16,1447.5
2025-11-13T06:00,-28.3,-30.7,0.0,0.15,0.0
2025-11-13T07:00,-28.8,-31.4,0.0,0.16,0.0
2025-11-13T08:00,-29.0,-31.9,0.0,0.1,0.0
2025-11-13T09:00,-29.4,-32.2,0.0,0.1,0.0
2025-11-13T10:00,-29.5,-32.2,0.0,0.15,0.0
2025-11-13T11:00,-29.9,-32.6,0.0,0.05,0.0
2025-11-13T12:00,-30.5,-33.2,0.0,0.05,0.0
2025-11-13T13:00,-31.1,-33.9,0.0,0.29,0.0
2025-11-13T14:00,-31.7,-34.3,0.0,0.45,0.0
2025-11-13T15:00,-32.2,-34.7,0.0,0.56,0.0
2025-11-13T16:00,-32.9,-35.2,0.0,0.61,0.0
2025-11-13T17:00,-33.7,-35.8,0.0,0.68,0.0
2025-11-13T18:00,-34.4,-37.1,0.0,0.4,0.0
2025-11-13T19:00,-34.3,-37.2,0.0,0.46,0.0
2025-11-13T20:00,-34.2,-37.2,0.0,0.46,0.0
2025-11-13T21:00,-34.3,-37.3,0.0,0.36,0.0
2025-11-13T22:00,-34.5,-37.5,0.0,0.36,0.0
2025-11-13T23:00,-34.8,-37.8,0.0,0.3,0.0
2025-11-14T00:00,-34.3,-38.4,0.0,0.07,3600.0
2025-11-14T01:00,-32.6,-37.1,0.0,0.1,3600.0
2025-11-14T02:00,-31.3,-36.3,0.0,0.11,3600.0
2025-11-14T03:00,-30.4,-35.4,0.0,0.11,3600.0
2025-11-14T04:00,-30.1,-34.8,0.0,0.16,3600.0
2025-11-14T05:00,-30.8,-34.6,0.0,0.25,355.46
2025-11-14T06:00,-31.8,-34.9,0.0,0.25,0.0
2025-11-14T07:00,-32.7,-35.6,0.0,0.3,0.0
2025-11-14T08:00,-33.4,-36.1,0.0,0.3,0.0
2025-11-14T09:00,-33.7,-36.3,0.0,0.21,0.0
2025-11-14T10:00,-34.1,-36.5,0.0,0.25,0.0
2025-11-14T11:00,-34.2,-36.7,0.0,0.22,0.0
2025-11-14T12:00,-35.0,-36.8,0.0,0.21,0.0
2025-11-14T13:00,-34.7,-36.8,0.0,0.29,0.0
2025-11-14T14:00,-34.9,-37.2,0.0,0.36,0.0
2025-11-14T15:00,-35.0,-37.6,0.0,0.35,0.0
2025-11-14T16:00,-35.5,-38.0,0.0,0.29,0.0
2025-11-14T17:00,-35.7,-38.2,0.0,0.1,0.0
2025-11-14T18:00,-36.1,-38.3,0.0,0.1,0.0
2025-11-14T19:00,-36.0,-38.3,0.0,0.16,0.0
2025-11-14T20:00,-35.9,-38.2,0.0,0.21,0.0
2025-11-14T21:00,-35.5,-38.1,0.0,0.15,0.0
2025-11-14T22:00,-35.6,-38.2,0.0,0.07,0.0
2025-11-14T23:00,-35.6,-38.1,0.0,0.15,0.0
2025-11-15T00:00,-35.8,-38.6,0.0,0.16,3507.82
2025-11-15T01:00,-33.7,-37.3,0.0,0.16,3600.0
2025-11-15T02:00,-32.3,-36.5,0.0,0.15,3600.0
2025-11-15T03:00,-31.3,-35.8,0.0,0.05,3600.0
2025-11-15T04:00,-31.1,-35.3,0.0,0.07,3600.0
2025-11-15T05:00,-32.0,-35.6,0.0,0.05,3600.0
2025-11-15T06:00,-33.4,-36.1,0.0,0.0,12.76
2025-11-15T07:00,-33.9,-36.3,0.0,0.11,0.0
2025-11-15T08:00,-34.5,-36.6,0.0,0.07,0.0
2025-11-15T09:00,-35.1,-36.8,0.0,0.1,0.0
2025-11-15T10:00,-35.7,-37.1,0.0,0.27,0.0
2025-11-15T11:00,-34.5,-36.7,0.0,0.36,0.0
2025-11-15T12:00,-34.9,-37.1,0.0,0.21,0.0
2025-11-15T13:00,-34.7,-37.0,0.0,0.28,0.0
2025-11-15T14:00,-34.7,-37.2,0.0,0.46,0.0
2025-11-15T15:00,-34.9,-37.7,0.0,0.56,0.0
2025-11-15T16:00,-35.1,-38.1,0.0,0.61,0.0
2025-11-15T17:00,-35.4,-38.4,0.0,0.61,0.0
2025-11-15T18:00,-36.0,-39.0,0.0,0.16,0.0
2025-11-15T19:00,-36.6,-39.4,0.0,0.25,0.0
2025-11-15T20:00,-37.2,-39.8,0.0,0.32,0.0
2025-11-15T21:00,-37.8,-40.4,0.0,0.21,0.0
2025-11-15T22:00,-38.3,-40.9,0.0,0.16,0.0
2025-11-15T23:00,-38.5,-40.7,0.0,0.11,0.0
2025-11-16T00:00,-37.8,-40.6,0.0,0.18,3312.8
2025-11-16T01:00,-35.5,-38.8,0.0,0.14,3600.0
2025-11-16T02:00,-34.1,-37.6,0.0,0.27,3600.0
2025-11-16T03:00,-33.0,-36.4,0.0,0.36,3600.0
2025-11-16T04:00,-32.7,-35.7,0.0,0.36,3600.0
2025-11-16T05:00,-33.2,-36.0,0.0,0.4,3600.0
2025-11-16T06:00,-34.6,-37.2,0.0,0.22,107.67
2025-11-16T07:00,-34.9,-37.5,0.0,0.15,0.0
2025-11-16T08:00,-35.1,-37.8,0.0,0.21,0.0
2025-11-16T09:00,-35.4,-38.1,0.0,0.32,0.0
2025-11-16T10:00,-35.6,-38.3,0.0,0.43,0.0
2025-11-16T11:00,-35.8,-38.6,0.0,0.39,0.0
2025-11-16T12:00,-36.5,-39.5,0.0,0.18,0.0
2025-11-16T13:00,-37.1,-39.9,0.0,0.18,0.0
2025-11-16T14:00,-37.2,-40.0,0.0,0.32,0.0
2025-11-16T15:00,-37.4,-40.4,0.0,0.71,0.0
2025-11-16T16:00,-37.4,-40.4,0.0,0.71,0.0
2025-11-16T17:00,-37.5,-40.5,0.0,0.6,0.0
2025-11-16T18:00,-37.9,-40.9,0.0,0.27,0.0
2025-11-16T19:00,-38.5,-41.5,0.0,0.21,0.0
2025-11-16T20:00,-39.0,-41.9,0.0,0.21,0.0
2025-11-16T21:00,-39.3,-42.0,0.0,0.18,0.0
2025-11-16T22:00,-39.5,-42.0,0.0,0.11,0.0
2025-11-16T23:00,-38.0,-41.1,0.0,0.05,0.0
2025-11-17T00:00,-37.7,-41.1,0.0,0.16,3118.66
2025-11-17T01:00,-36.5,-39.8,0.0,0.3,3600.0
2025-11-17T02:00,-35.2,-39.1,0.0,0.29,3600.0
2025-11-17T03:00,-34.3,-38.5,0.0,0.11,3600.0
2025-11-17T04:00,-34.1,-37.9,0.0,0.2,3600.0
2025-11-17T05:00,-34.4,-37.6,0.0,0.16,3600.0
2025-11-17T06:00,-35.0,-38.4,0.0,0.14,201.52
2025-11-17T07:00,-35.3,-38.6,0.0,0.2,0.0
2025-11-17T08:00,-35.7,-38.8,0.0,0.11,0.0
2025-11-17T09:00,-36.0,-39.0,0.0,0.25,0.0
2025-11-17T10:00,-36.2,-39.0,0.0,0.11,0.0
2025-11-17T11:00,-36.6,-39.4,0.0,0.25,0.0
2025-11-17T12:00,-37.2,-40.1,0.0,0.1,0.0
2025-11-17T13:00,-37.4,-40.3,0.0,0.18,0.0
2025-11-17T14:00,-37.5,-40.5,0.0,0.29,0.0
2025-11-17T15:00,-37.6,-40.7,0.0,0.43,0.0
2025-11-17T16:00,-37.6,-40.7,0.0,0.18,0.0
2025-11-17T17:00,-37.6,-41.0,0.0,0.25,0.0
2025-11-17T18:00,-38.1,-41.7,0.0,0.07,0.0
2025-11-17T19:00,-38.9,-42.5,0.0,0.2,0.0
2025-11-17T20:00,-39.5,-43.1,0.0,0.38,0.0
2025-11-17T21:00,-39.8,-43.3,0.0,0.21,0.0
2025-11-17T22:00,-40.1,-43.4,0.0,0.16,0.0
2025-11-17T23:00,-40.3,-43.2,0.0,0.16,0.0
2025-11-18T00:00,-39.6,-43.0,0.0,0.11,2925.68
2025-11-18T01:00,-38.4,-42.3,0.0,0.18,3600.0
2025-11-18T02:00,-36.3,-40.6,0.0,0.25,3600.0
2025-11-18T03:00,-35.5,-39.7,0.0,0.32,3600.0
2025-11-18T04:00,-35.1,-39.1,0.0,0.07,3600.0
2025-11-18T05:00,-35.3,-39.0,0.0,0.1,3600.0
2025-11-18T06:00,-36.0,-39.6,0.0,0.16,0.0
2025-11-18T07:00,-35.6,-39.5,0.0,0.3,0.0
2025-11-18T08:00,-35.1,-39.2,0.0,0.3,0.0
2025-11-18T09:00,-34.8,-38.7,0.0,0.25,0.0
2025-11-18T10:00,-34.5,-38.2,0.0,0.36,0.0
2025-11-18T11:00,-34.2,-37.9,0.0,0.32,0.0
2025-11-18T12:00,-34.7,-38.2,0.0,0.55,0.0
2025-11-18T13:00,-34.4,-38.1,0.0,0.67,0.0
2025-11-18T14:00,-34.1,-37.8,0.0,0.6,0.0
2025-11-18T15:00,-33.7,-37.7,0.1,0.71,0.0
2025-11-18T16:00,-33.3,-37.4,0.1,0.8,0.0
2025-11-18T17:00,-32.7,-37.0,0.1,1.12,0.0
2025-11-18T18:00,-33.7,-37.6,0.0,0.86,0.0
2025-11-18T19:00,-35.7,-39.4,0.0,1.42,0.0
2025-11-18T20:00,-37.0,-40.7,0.0,1.5,0.0
2025-11-18T21:00,-38.2,-41.9,0.0,1.57,0.0
2025-11-18T22:00,-39.0,-42.5,0.0,1.33,0.0
2025-11-18T23:00,-39.3,-42.7,0.0,0.9,0.0
2025-11-19T00:00,-38.9,-42.5,0.0,0.78,2734.2
2025-11-19T01:00,-37.3,-41.3,0.0,0.61,3600.0
2025-11-19T02:00,-36.0,-40.7,0.0,0.47,3600.0
2025-11-19T03:00,-35.0,-39.8,0.0,0.32,3600.0
2025-11-19T04:00,-34.8,-39.3,0.0,0.28,3600.0
2025-11-19T05:00,-35.5,-39.6,0.0,0.43,3600.0
2025-11-19T06:00,-37.8,-41.3,0.0,0.54,0.0
2025-11-19T07:00,-38.7,-41.9,0.0,0.75,0.0
2025-11-19T08:00,-39.1,-42.1,0.0,0.74,0.0
2025-11-19T09:00,-39.6,-42.5,0.0,0.88,0.0
2025-11-19T10:00,-39.9,-42.8,0.0,0.78,0.0
2025-11-19T11:00,-40.3,-43.3,0.0,0.75,0.0
2025-11-19T12:00,-40.7,-44.3,0.0,0.4,0.0
2025-11-19T13:00,-41.1,-44.6,0.0,0.45,0.0
2025-11-19T14:00,-41.0,-44.5,0.0,0.4,0.0
2025-11-19T15:00,-40.9,-44.4,0.0,0.35,0.0
2025-11-19T16:00,-40.9,-44.5,0.0,0.27,0.0
2025-11-19T17:00,-40.9,-44.6,0.0,0.3,0.0
2025-11-19T18:00,-41.5,-46.3,0.0,0.2,0.0
2025-11-19T19:00,-42.1,-46.3,0.0,0.25,0.0
2025-11-19T20:00,-42.1,-46.2,0.0,0.3,0.0
2025-11-19T21:00,-42.2,-45.9,0.0,0.4,0.0
2025-11-19T22:00,-42.3,-45.6,0.0,0.45,0.0
2025-11-19T23:00,-42.3,-45.3,0.0,0.35,0.0
2025-11-20T00:00,-41.1,-45.9,0.0,0.1,2544.57
2025-11-20T01:00,-40.0,-44.8,0.0,0.32,3600.0
2025-11-20T02:00,-38.0,-43.7,0.0,0.43,3600.0
2025-11-20T03:00,-37.0,-42.2,0.0,0.5,3600.0
2025-11-20T04:00,-36.8,-41.7,0.0,0.29,3600.0
2025-11-20T05:00,-37.4,-41.9,0.0,0.29,3600.0
2025-11-20T06:00,-39.0,-43.5,0.0,0.3,0.0
2025-11-20T07:00,-40.0,-44.1,0.0,0.32,0.0
2025-11-20T08:00,-40.5,-44.4,0.0,0.36,0.0
2025-11-20T09:00,-40.9,-44.7,0.0,0.36,0.0
2025-11-20T10:00,-41.0,-44.9,0.0,0.41,0.0
2025-11-20T11:00,-41.1,-44.1,0.0,0.32,0.0
2025-11-20T12:00,-41.1,-45.3,0.0,0.21,0.0
2025-11-20T13:00,-41.1,-45.2,0.0,0.15,0.0
2025-11-20T14:00,-41.5,-45.5,0.0,0.4,0.0
2025-11-20T15:00,-41.4,-43.4,0.0,0.2,0.0
2025-11-20T16:00,-41.1,-43.0,0.0,0.05,0.0
2025-11-20T17:00,-40.9,-42.5,0.0,0.05,0.0
2025-11-20T18:00,-41.6,-45.5,0.0,0.18,0.0
2025-11-20T19:00,-42.1,-45.8,0.0,0.25,0.0
2025-11-20T20:00,-42.5,-46.4,0.0,0.35,0.0
2025-11-20T21:00,-42.9,-46.9,0.0,0.45,0.0
2025-11-20T22:00,-43.0,-46.9,0.0,0.34,0.0
2025-11-20T23:00,-42.9,-46.8,0.0,0.11,0.0
2025-11-21T00:00,-42.7,-47.2,0.0,0.18,2201.45
2025-11-21T01:00,-41.8,-46.4,0.0,0.18,3600.0
2025-11-21T02:00,-40.2,-45.6,0.0,0.1,3600.0
2025-11-21T03:00,-39.2,-44.7,0.0,0.07,3600.0
2025-11-21T04:00,-39.0,-43.9,0.0,0.07,3600.0
2025-11-21T05:00,-39.4,-44.1,0.0,0.07,3600.0
2025-11-21T06:00,-39.8,-44.8,0.0,0.11,0.0
2025-11-21T07:00,-40.4,-45.2,0.0,0.0,0.0
2025-11-21T08:00,-40.7,-45.4,0.0,0.16,0.0
2025-11-21T09:00,-41.0,-45.4,0.0,0.0,0.0
2025-11-21T10:00,-41.3,-45.5,0.0,0.05,0.0
2025-11-21T11:00,-41.5,-45.4,0.0,0.1,0.0
2025-11-21T12:00,-42.5,-45.5,0.0,0.07,0.0
2025-11-21T13:00,-43.3,-45.4,0.0,0.1,0.0
2025-11-21T14:00,-42.8,-45.3,0.0,0.07,0.0
2025-11-21T15:00,-41.7,-45.0,0.0,0.27,0.0
2025-11-21T16:00,-40.4,-44.1,0.0,0.5,0.0
2025-11-21T17:00,-39.9,-43.9,0.0,0.32,0.0
2025-11-21T18:00,-41.1,-45.3,0.0,0.57,0.0
2025-11-21T19:00,-40.9,-45.1,0.0,0.6,0.0
2025-11-21T20:00,-40.1,-44.3,0.0,0.67,0.0
2025-11-21T21:00,-39.6,-43.7,0.0,0.67,0.0
2025-11-21T22:00,-39.5,-43.2,0.0,0.25,0.0
2025-11-21T23:00,-39.1,-42.8,0.0,0.45,0.0
2025-11-22T00:00,-39.0,-43.4,0.0,0.35,0.0
2025-11-22T01:00,-38.6,-43.0,0.0,0.05,0.0
2025-11-22T02:00,-37.7,-42.3,0.0,0.32,0.0
2025-11-22T03:00,-37.0,-41.7,0.0,0.1,0.0
2025-11-22T04:00,-36.6,-41.1,0.0,0.21,0.0
2025-11-22T05:00,-36.5,-40.5,0.0,0.43,0.0
2025-11-22T06:00,-37.7,-41.4,0.0,0.49,0.0
2025-11-22T07:00,-38.1,-41.5,0.0,0.56,0.0
2025-11-22T08:00,-38.0,-41.4,0.0,0.71,0.0
2025-11-22T09:00,-38.1,-41.6,0.0,0.71,0.0
2025-11-22T10:00,-38.1,-41.5,0.0,0.8,0.0
2025-11-22T11:00,-37.8,-41.3,0.0,0.76,0.0
2025-11-22T12:00,-38.9,-42.3,0.0,0.62,0.0
2025-11-22T13:00,-39.2,-42.5,0.0,1.11,0.0
2025-11-22T14:00,-38.9,-42.2,0.0,1.19,0.0
2025-11-22T15:00,-38.6,-42.0,0.0,1.09,0.0
2025-11-22T16:00,-38.4,-41.8,0.0,1.03,0.0
2025-11-22T17:00,-38.5,-41.7,0.0,1.17,0.0
2025-11-22T18:00,-39.7,-43.1,0.0,0.72,0.0
2025-11-22T19:00,-40.0,-43.4,0.0,1.19,0.0
2025-11-22T20:00,-39.8,-43.1,0.0,1.1,0.0
2025-11-22T21:00,-39.5,-42.9,0.0,1.03,0.0
2025-11-22T22:00,-39.6,-43.0,0.0,0.89,0.0
2025-11-22T23:00,-39.6,-43.1,0.0,0.91,0.0
2025-11-23T00:00,-40.6,-43.9,0.0,0.78,0.0
2025-11-23T01:00,-40.3,-43.7,0.0,1.1,0.0
2025-11-23T02:00,-39.5,-43.3,0.0,0.81,331.02
2025-11-23T03:00,-38.9,-42.8,0.0,0.6,1607.45
2025-11-23T04:00,-38.7,-42.4,0.0,0.46,0.0
2025-11-23T05:00,-39.4,-42.9,0.0,0.45,694.28
2025-11-23T06:00,-40.9,-44.4,0.0,0.5,0.0
2025-11-23T07:00,-42.1,-45.2,0.0,0.46,0.0
2025-11-23T08:00,-42.2,-45.3,0.0,0.41,0.0
2025-11-23T09:00,-42.4,-45.5,0.0,0.25,0.0
2025-11-23T10:00,-42.8,-45.8,0.0,0.25,0.0
2025-11-23T11:00,-43.0,-46.0,0.0,0.27,0.0
2025-11-23T12:00,-43.5,-46.8,0.0,0.0,0.0
2025-11-23T13:00,-44.8,-47.5,0.0,0.18,0.0
2025-11-23T14:00,-44.8,-47.5,0.0,0.16,0.0
2025-11-23T15:00,-45.0,-47.8,0.0,0.11,0.0
2025-11-23T16:00,-45.0,-47.9,0.0,0.05,0.0
2025-11-23T17:00,-45.0,-47.8,0.0,0.07,0.0
2025-11-23T18:00,-48.0,-51.5,0.0,0.1,0.0
2025-11-23T19:00,-48.3,-51.7,0.0,0.11,0.0
2025-11-23T20:00,-48.1,-51.6,0.0,0.07,0.0
2025-11-23T21:00,-48.0,-51.6,0.0,0.14,0.0
2025-11-23T22:00,-48.1,-51.5,0.0,0.16,0.0
2025-11-23T23:00,-48.0,-51.4,0.0,0.11,0.0
2025-11-24T00:00,-47.3,-50.8,0.0,0.1,839.16
2025-11-24T01:00,-46.3,-50.1,0.0,0.0,3600.0
2025-11-24T02:00,-44.6,-49.1,0.0,0.0,3600.0
2025-11-24T03:00,-43.6,-48.7,0.0,0.11,3600.0
2025-11-24T04:00,-43.4,-48.2,0.0,0.1,3600.0
2025-11-24T05:00,-43.9,-48.7,0.0,0.11,3600.0
2025-11-24T06:00,-45.7,-50.2,0.0,0.11,0.0
2025-11-24T07:00,-45.8,-50.1,0.0,0.07,0.0
2025-11-24T08:00,-46.0,-50.2,0.0,0.14,0.0
2025-11-24T09:00,-46.2,-50.5,0.0,0.18,0.0
2025-11-24T10:00,-46.1,-50.7,0.0,0.2,0.0
2025-11-24T11:00,-45.9,-50.7,0.0,0.25,0.0
2025-11-24T12:00,-46.8,-52.4,0.0,0.11,0.0
2025-11-24T13:00,-47.4,-52.6,0.0,0.21,0.0
2025-11-24T14:00,-47.5,-52.1,0.0,0.22,0.0
2025-11-24T15:00,-47.2,-51.7,0.0,0.16,0.0
2025-11-24T16:00,-47.4,-51.8,0.0,0.18,0.0
2025-11-24T17:00,-47.6,-52.0,0.0,0.22,0.0
2025-11-24T18:00,-48.6,-53.4,0.0,0.18,0.0
2025-11-24T19:00,-48.7,-53.0,0.0,0.07,0.0
2025-11-24T20:00,-48.6,-53.1,0.0,0.16,0.0
2025-11-24T21:00,-48.7,-53.3,0.0,0.14,0.0
2025-11-24T22:00,-48.4,-52.7,0.0,0.25,0.0
2025-11-24T23:00,-48.4,-52.6,0.0,0.25,0.0
2025-11-25T00:00,-48.4,-53.0,0.0,0.18,947.42
2025-11-25T01:00,-47.6,-52.2,0.0,0.11,3600.0
2025-11-25T02:00,-45.9,-51.3,0.0,0.11,3600.0
2025-11-25T03:00,-44.7,-50.2,0.0,0.16,3600.0
2025-11-25T04:00,-44.3,-49.1,0.0,0.1,3600.0
2025-11-25T05:00,-44.8,-49.3,0.0,0.05,3494.74
2025-11-25T06:00,-46.1,-50.1,0.0,0.05,0.0
2025-11-25T07:00,-46.7,-50.7,0.0,0.07,0.0
2025-11-25T08:00,-46.8,-50.6,0.0,0.05,0.0
2025-11-25T09:00,-46.9,-50.7,0.0,0.11,0.0
2025-11-25T10:00,-47.0,-50.9,0.0,0.15,0.0
2025-11-25T11:00,-47.0,-51.1,0.0,0.16,0.0
2025-11-25T12:00,-47.8,-52.2,0.0,0.27,0.0
2025-11-25T13:00,-48.3,-52.4,0.0,0.34,0.0
2025-11-25T14:00,-48.1,-52.4,0.0,0.36,0.0
2025-11-25T15:00,-47.9,-52.3,0.0,0.25,0.0
2025-11-25T16:00,-47.7,-52.3,0.0,0.16,0.0
2025-11-25T17:00,-47.5,-52.1,0.0,0.07,0.0
2025-11-25T18:00,-48.5,-54.2,0.0,0.07,0.0
2025-11-25T19:00,-48.8,-54.0,0.0,0.14,0.0
2025-11-25T20:00,-48.8,-53.7,0.0,0.27,0.0
2025-11-25T21:00,-48.7,-53.3,0.0,0.11,0.0
2025-11-25T22:00,-48.5,-53.0,0.0,0.05,0.0
2025-11-25T23:00,-48.7,-53.1,0.0,0.27,0.0
2025-11-26T00:00,-48.4,-52.8,0.0,0.0,164.76
2025-11-26T01:00,-47.6,-52.2,0.0,0.22,3600.0
2025-11-26T02:00,-46.2,-51.3,0.0,0.32,3600.0
2025-11-26T03:00,-45.4,-50.4,0.0,0.2,3600.0
2025-11-26T04:00,-45.2,-49.7,0.0,0.16,3600.0
2025-11-26T05:00,-45.6,-49.8,0.0,0.05,3353.35
2025-11-26T06:00,-46.9,-51.4,0.0,0.1,0.0
2025-11-26T07:00,-47.3,-51.6,0.0,0.15,0.0
2025-11-26T08:00,-47.4,-51.6,0.0,0.07,0.0
2025-11-26T09:00,-47.5,-51.5,0.0,0.11,0.0
2025-11-26T10:00,-47.5,-51.5,0.0,0.15,0.0
2025-11-26T11:00,-47.6,-51.5,0.0,0.16,0.0
2025-11-26T12:00,-48.0,-52.6,0.0,0.16,0.0
2025-11-26T13:00,-48.3,-52.6,0.0,0.15,0.0
2025-11-26T14:00,-48.2,-52.4,0.0,0.32,0.0
2025-11-26T15:00,-48.3,-52.3,0.0,0.21,0.0
2025-11-26T16:00,-48.1,-52.2,0.0,0.18,0.0
2025-11-26T17:00,-48.1,-52.1,0.0,0.15,0.0
2025-11-26T18:00,-48.4,-53.8,0.0,0.05,0.0
2025-11-26T19:00,-48.5,-53.5,0.0,0.32,0.0
2025-11-26T20:00,-48.4,-53.2,0.0,0.4,0.0
2025-11-26T21:00,-48.4,-53.2,0.0,0.27,0.0
2025-11-26T22:00,-48.2,-52.9,0.0,0.05,0.0
2025-11-26T23:00,-48.0,-52.7,0.0,0.05,0.0
2025-11-27T00:00,-48.3,-53.6,0.0,0.2,262.97
2025-11-27T01:00,-47.4,-52.9,0.0,0.1,3600.0
2025-11-27T02:00,-46.0,-52.1,0.0,0.22,3600.0
2025-11-27T03:00,-45.2,-51.0,0.0,0.05,3600.0
2025-11-27T04:00,-44.9,-50.0,0.0,0.07,3600.0
2025-11-27T05:00,-45.2,-50.0,0.0,0.05,2249.79
2025-11-27T06:00,-45.5,-50.6,0.0,0.16,0.0
2025-11-27T07:00,-45.3,-50.6,0.0,0.11,0.0
2025-11-27T08:00,-45.1,-50.4,0.0,0.11,0.0
2025-11-27T09:00,-45.2,-50.6,0.0,0.11,0.0
2025-11-27T10:00,-45.3,-50.8,0.0,0.11,0.0
2025-11-27T11:00,-45.3,-51.0,0.0,0.05,0.0
2025-11-27T12:00,-46.1,-52.1,0.0,0.18,0.0
2025-11-27T13:00,-46.4,-52.2,0.0,0.22,0.0
2025-11-27T14:00,-46.4,-52.0,0.0,0.22,0.0
2025-11-27T15:00,-46.1,-51.8,0.0,0.07,0.0
2025-11-27T16:00,-45.9,-51.7,0.0,0.11,0.0
2025-11-27T17:00,-45.9,-51.6,0.0,0.21,0.0
2025-11-27T18:00,-46.6,-53.0,0.0,0.54,0.0
2025-11-27T19:00,-46.9,-52.8,0.0,0.45,0.0
2025-11-27T20:00,-46.8,-52.5,0.0,0.29,0.0
2025-11-27T21:00,-46.5,-52.2,0.0,0.16,0.0
2025-11-27T22:00,-46.2,-51.9,0.0,0.11,0.0
2025-11-27T23:00,-45.9,-51.3,0.0,0.27,0.0
2025-11-28T00:00,-44.9,-51.4,0.0,0.43,0.0
2025-11-28T01:00,-43.5,-49.8,0.0,0.83,0.0
2025-11-28T02:00,-42.0,-47.9,0.0,0.72,0.0
2025-11-28T03:00,-40.9,-46.3,0.0,0.65,0.0
2025-11-28T04:00,-40.7,-45.5,0.0,0.32,3600.0
2025-11-28T05:00,-41.5,-45.7,0.0,0.43,3080.05
2025-11-28T06:00,-42.2,-47.0,0.0,0.21,0.0
2025-11-28T07:00,-41.7,-46.7,0.0,0.22,0.0
2025-11-28T08:00,-40.8,-46.1,0.0,0.22,0.0
2025-11-28T09:00,-39.5,-44.9,0.0,0.88,0.0
2025-11-28T10:00,-38.7,-43.4,0.0,0.85,0.0
2025-11-28T11:00,-38.0,-42.4,0.0,0.46,0.0
2025-11-28T12:00,-38.8,-42.4,0.0,0.46,0.0
2025-11-28T13:00,-38.1,-42.0,0.0,0.43,0.0
2025-11-28T14:00,-37.6,-41.3,0.0,0.92,0.0
2025-11-28T15:00,-37.1,-40.8,0.0,0.8,0.0
2025-11-28T16:00,-36.6,-40.3,0.0,0.82,0.0
2025-11-28T17:00,-35.8,-39.6,0.0,1.22,0.0
2025-11-28T18:00,-37.2,-40.8,0.0,1.15,0.0
2025-11-28T19:00,-35.9,-39.9,0.0,1.33,0.0
2025-11-28T20:00,-34.9,-38.9,0.0,1.48,0.0
2025-11-28T21:00,-33.9,-38.0,0.0,1.66,0.0
2025-11-28T22:00,-33.1,-37.1,0.0,1.76,0.0
2025-11-28T23:00,-32.4,-36.3,0.0,1.87,0.0
2025-11-29T00:00,-33.9,-37.3,0.1,0.96,0.0
2025-11-29T01:00,-32.1,-36.0,0.0,1.07,0.0
2025-11-29T02:00,-30.6,-35.2,0.0,1.15,0.0
2025-11-29T03:00,-29.5,-34.3,0.0,1.4,0.0
2025-11-29T04:00,-28.7,-33.6,0.0,1.32,0.0
2025-11-29T05:00,-28.2,-33.1,0.1,1.03,0.0
2025-11-29T06:00,-30.1,-34.1,0.0,0.62,0.0
2025-11-29T07:00,-31.8,-35.8,0.0,0.6,0.0
2025-11-29T08:00,-32.8,-36.7,0.0,0.66,0.0
2025-11-29T09:00,-33.3,-37.3,0.0,0.66,0.0
2025-11-29T10:00,-34.1,-38.2,0.0,0.6,0.0
2025-11-29T11:00,-35.0,-38.9,0.0,0.67,0.0
2025-11-29T12:00,-36.2,-40.7,0.0,0.73,0.0
2025-11-29T13:00,-36.6,-41.0,0.0,0.67,0.0
2025-11-29T14:00,-35.8,-40.4,0.0,0.7,0.0
2025-11-29T15:00,-35.4,-40.0,0.0,0.91,0.0
2025-11-29T16:00,-35.4,-39.7,0.0,0.72,0.0
2025-11-29T17:00,-34.9,-38.9,0.0,0.72,0.0
2025-11-29T18:00,-36.0,-40.7,0.0,0.57,0.0
2025-11-29T19:00,-35.8,-40.5,0.0,0.35,0.0
2025-11-29T20:00,-35.6,-40.3,0.0,0.3,0.0
2025-11-29T21:00,-35.4,-40.2,0.0,0.49,0.0
2025-11-29T22:00,-35.3,-40.0,0.0,0.4,0.0
2025-11-29T23:00,-35.1,-40.0,0.0,0.25,0.0
2025-11-30T00:00,-34.8,-39.8,0.0,0.25,0.0
2025-11-30T01:00,-34.4,-39.7,0.0,0.15,0.0
2025-11-30T02:00,-33.6,-39.4,0.0,0.47,978.96
2025-11-30T03:00,-31.8,-37.6,0.0,0.57,0.0
2025-11-30T04:00,-31.0,-36.6,0.0,0.1,0.0
2025-11-30T05:00,-31.0,-36.6,0.0,0.1,0.0
2025-11-30T06:00,-32.1,-37.4,0.0,0.11,0.0
2025-11-30T07:00,-32.6,-37.7,0.0,0.16,0.0
2025-11-30T08:00,-33.0,-37.7,0.0,0.21,0.0
2025-11-30T09:00,-33.3,-37.9,0.0,0.16,0.0
2025-11-30T10:00,-33.4,-37.8,0.0,0.1,0.0
2025-11-30T11:00,-33.7,-37.9,0.0,0.25,0.0
2025-11-30T12:00,-34.3,-39.0,0.0,0.29,0.0
2025-11-30T13:00,-34.4,-39.1,0.0,0.27,0.0
2025-11-30T14:00,-34.6,-39.3,0.0,0.47,0.0
2025-11-30T15:00,-34.8,-39.1,0.0,0.5,0.0
2025-11-30T16:00,-34.7,-38.9,0.0,0.25,0.0
2025-11-30T17:00,-34.5,-38.8,0.0,0.28,0.0
2025-11-30T18:00,-35.6,-40.1,0.0,0.61,0.0
2025-11-30T19:00,-34.5,-39.0,0.0,0.27,0.0
2025-11-30T20:00,-33.9,-38.5,0.0,0.66,0.0
2025-11-30T21:00,-33.4,-38.0,0.0,0.42,0.0
2025-11-30T22:00,-32.9,-37.5,0.0,0.3,0.0
2025-11-30T23:00,-32.0,-36.4,0.0,0.51,0.0
2025-12-01T00:00,-31.9,-35.8,0.0,0.72,0.0
2025-12-01T01:00,-31.2,-35.2,0.0,0.29,0.0
2025-12-01T02:00,-30.4,-34.6,0.0,0.16,0.0
2025-12-01T03:00,-29.6,-34.1,0.0,0.3,0.0
2025-12-01T04:00,-29.6,-33.7,0.0,0.1,0.0
2025-12-01T05:00,-30.4,-34.1,0.0,0.16,0.0
2025-12-01T06:00,-31.7,-35.1,0.0,0.11,0.0
2025-12-01T07:00,-32.9,-36.1,0.0,0.3,0.0
2025-12-01T08:00,-34.0,-37.0,0.0,0.68,0.0
2025-12-01T09:00,-34.9,-37.9,0.0,0.64,0.0
2025-12-01T10:00,-35.2,-38.4,0.0,0.45,0.0
2025-12-01T11:00,-35.2,-38.7,0.0,0.16,0.0
2025-12-01T12:00,-35.3,-38.5,0.0,0.21,0.0
2025-12-01T13:00,-35.0,-38.3,0.0,0.29,0.0
2025-12-01T14:00,-34.7,-38.2,0.0,0.25,0.0
2025-12-01T15:00,-34.0,-37.4,0.0,0.4,0.0
2025-12-01T16:00,-33.3,-37.0,0.0,0.51,0.0
2025-12-01T17:00,-33.1,-36.6,0.0,0.25,0.0
2025-12-01T18:00,-32.7,-36.0,0.0,0.18,0.0
2025-12-01T19:00,-32.5,-35.8,0.1,0.81,0.0
2025-12-01T20:00,-31.9,-35.2,0.1,0.64,0.0
2025-12-01T21:00,-31.1,-34.6,0.1,0.78,0.0
2025-12-01T22:00,-31.0,-34.3,0.1,0.62,0.0
2025-12-01T23:00,-30.7,-34.0,0.0,0.76,0.0
2025-12-02T00:00,-31.7,-34.9,0.0,0.56,0.0
2025-12-02T01:00,-33.0,-36.1,0.0,1.18,3519.12
2025-12-02T02:00,-33.2,-36.4,0.0,0.16,3600.0
2025-12-02T03:00,-33.0,-36.2,0.0,0.3,3600.0
2025-12-02T04:00,-33.4,-36.5,0.0,0.38,3600.0
2025-12-02T05:00,-34.4,-37.2,0.0,0.32,766.19
2025-12-02T06:00,-35.5,-38.4,0.0,0.43,0.0
2025-12-02T07:00,-35.9,-38.8,0.0,0.29,0.0
2025-12-02T08:00,-36.0,-38.9,0.0,0.11,0.0
2025-12-02T09:00,-36.3,-38.9,0.0,0.05,0.0
2025-12-02T10:00,-36.8,-39.6,0.0,0.14,0.0
2025-12-02T11:00,-36.5,-39.5,0.0,0.11,0.0
2025-12-02T12:00,-35.4,-38.5,0.0,0.16,0.0
2025-12-02T13:00,-34.3,-37.4,0.0,0.18,0.0
2025-12-02T14:00,-33.5,-36.8,0.0,0.58,0.0
2025-12-02T15:00,-33.3,-36.5,0.0,1.32,0.0
2025-12-02T16:00,-33.2,-36.4,0.0,1.55,0.0
2025-12-02T17:00,-32.8,-36.0,0.0,1.46,0.0
2025-12-02T18:00,-32.9,-36.4,0.1,0.85,0.0
2025-12-02T19:00,-32.4,-35.8,0.1,1.12,0.0
2025-12-02T20:00,-32.2,-35.6,0.1,0.89,0.0
2025-12-02T21:00,-32.1,-35.5,0.0,0.51,0.0
2025-12-02T22:00,-33.0,-36.1,0.0,0.43,0.0
2025-12-02T23:00,-33.4,-36.6,0.0,0.25,0.0
2025-12-03T00:00,-32.5,-35.9,0.0,0.18,0.0
2025-12-03T01:00,-32.3,-35.7,0.0,0.47,0.0
2025-12-03T02:00,-32.1,-35.7,0.0,0.3,0.0
2025-12-03T03:00,-31.7,-35.5,0.0,0.76,177.4
2025-12-03T04:00,-32.5,-35.9,0.0,0.15,1921.1
2025-12-03T05:00,-33.6,-37.0,0.0,0.18,849.29
2025-12-03T06:00,-35.6,-38.8,0.0,0.18,0.0
2025-12-03T07:00,-36.2,-39.5,0.0,0.89,0.0
2025-12-03T08:00,-36.4,-39.6,0.0,0.6,0.0
2025-12-03T09:00,-35.9,-39.4,0.0,0.22,0.0
2025-12-03T10:00,-35.1,-38.7,0.0,0.14,0.0
2025-12-03T11:00,-35.7,-39.1,0.0,0.18,0.0
2025-12-03T12:00,-37.5,-41.3,0.0,0.15,0.0
2025-12-03T13:00,-37.8,-41.2,0.0,0.25,0.0
2025-12-03T14:00,-38.3,-41.5,0.0,0.36,0.0
2025-12-03T15:00,-38.7,-41.8,0.0,0.51,0.0
2025-12-03T16:00,-39.3,-41.9,0.0,0.71,0.0
2025-12-03T17:00,-39.5,-41.7,0.0,0.85,0.0
2025-12-03T18:00,-40.5,-43.4,0.0,0.61,0.0
2025-12-03T19:00,-40.4,-43.2,0.0,0.46,0.0
2025-12-03T20:00,-39.9,-43.3,0.0,0.66,0.0
2025-12-03T21:00,-39.8,-43.1,0.0,1.37,0.0
2025-12-03T22:00,-39.2,-42.8,0.0,1.38,0.0
2025-12-03T23:00,-38.9,-42.5,0.0,0.9,0.0
2025-12-04T00:00,-39.0,-42.6,0.0,0.5,0.0
2025-12-04T01:00,-38.1,-41.7,0.0,1.04,0.0
2025-12-04T02:00,-36.1,-40.1,0.0,2.07,0.0
2025-12-04T03:00,-34.6,-38.6,0.0,2.01,0.0
2025-12-04T04:00,-34.1,-37.5,0.0,1.74,0.0
2025-12-04T05:00,-33.9,-37.0,0.0,0.63,0.0
2025-12-04T06:00,-33.7,-37.2,0.0,0.91,0.0
2025-12-04T07:00,-33.1,-36.7,0.1,0.65,0.0
2025-12-04T08:00,-33.4,-37.0,0.1,0.22,0.0
2025-12-04T09:00,-32.6,-36.0,0.1,0.78,0.0
2025-12-04T10:00,-32.1,-35.5,0.1,0.74,0.0
2025-12-04T11:00,-33.0,-36.1,0.0,0.11,0.0
2025-12-04T12:00,-34.2,-37.6,0.0,0.29,0.0
2025-12-04T13:00,-34.4,-37.8,0.0,0.39,0.0
2025-12-04T14:00,-35.4,-38.8,0.0,0.55,0.0
2025-12-04T15:00,-35.3,-38.8,0.0,0.47,0.0
2025-12-04T16:00,-36.0,-39.0,0.0,1.25,0.0
2025-12-04T17:00,-34.8,-37.9,0.0,1.25,0.0
2025-12-04T18:00,-34.2,-37.8,0.0,2.15,0.0
2025-12-04T19:00,-32.8,-36.5,0.1,2.41,0.0
2025-12-04T20:00,-31.2,-34.8,0.2,2.74,0.0
2025-12-04T21:00,-29.8,-33.4,0.2,2.91,0.0
2025-12-04T22:00,-28.6,-32.0,0.2,2.72,0.0
2025-12-04T23:00,-27.5,-31.0,0.1,3.03,0.0
2025-12-05T00:00,-29.2,-32.5,0.1,2.85,0.0
2025-12-05T01:00,-28.0,-30.9,0.0,2.09,479.21
2025-12-05T02:00,-26.4,-29.5,0.0,2.18,0.0
2025-12-05T03:00,-24.9,-28.4,0.1,2.9,0.0
2025-12-05T04:00,-24.1,-27.6,0.1,2.81,0.0
2025-12-05T05:00,-22.7,-26.2,0.2,2.33,0.0
2025-12-05T06:00,-23.0,-26.3,0.2,2.86,0.0
2025-12-05T07:00,-21.9,-25.4,0.2,3.12,0.0
2025-12-05T08:00,-20.9,-24.6,0.3,2.87,0.0
2025-12-05T09:00,-20.3,-23.9,0.3,2.85,0.0
2025-12-05T10:00,-19.9,-23.4,0.1,2.73,0.0
2025-12-05T11:00,-19.7,-23.1,0.1,2.65,0.0
2025-12-05T12:00,-19.7,-22.6,0.1,1.99,0.0
2025-12-05T13:00,-18.9,-22.0,0.2,1.87,0.0
2025-12-05T14:00,-19.5,-22.2,0.1,1.87,0.0
2025-12-05T15:00,-19.5,-22.3,0.1,1.08,0.0
2025-12-05T16:00,-19.1,-22.1,0.1,0.64,0.0
2025-12-05T17:00,-19.4,-22.5,0.2,0.38,0.0
2025-12-05T18:00,-19.0,-22.0,0.1,0.25,0.0
2025-12-05T19:00,-19.1,-22.0,0.2,0.91,0.0
2025-12-05T20:00,-19.1,-22.0,0.2,0.43,0.0
2025-12-05T21:00,-18.9,-21.9,0.1,0.11,0.0
2025-12-05T22:00,-19.6,-22.3,0.1,0.18,0.0
2025-12-05T23:00,-19.7,-22.3,0.1,0.16,0.0
2025-12-06T00:00,-20.1,-22.8,0.1,0.4,0.0
2025-12-06T01:00,-20.7,-23.2,0.1,0.61,0.0
2025-12-06T02:00,-20.4,-23.2,0.0,0.72,0.0
2025-12-06T03:00,-19.6,-22.9,0.1,0.7,0.0
2025-12-06T04:00,-20.0,-22.8,0.1,0.67,0.0
2025-12-06T05:00,-20.3,-23.1,0.0,0.22,0.0
2025-12-06T06:00,-20.8,-23.3,0.1,0.5,0.0
2025-12-06T07:00,-20.4,-22.9,0.1,0.16,0.0
2025-12-06T08:00,-21.3,-23.4,0.0,0.16,0.0
2025-12-06T09:00,-22.1,-23.6,0.0,0.15,0.0
2025-12-06T10:00,-23.4,-24.2,0.0,0.11,0.0
2025-12-06T11:00,-23.9,-24.9,0.0,0.05,0.0
2025-12-06T12:00,-24.0,-26.0,0.0,0.25,0.0
2025-12-06T13:00,-24.4,-26.4,0.0,0.16,0.0
2025-12-06T14:00,-25.2,-27.2,0.0,0.34,0.0
2025-12-06T15:00,-26.0,-28.1,0.0,0.38,0.0
2025-12-06T16:00,-26.5,-28.5,0.0,0.49,0.0
2025-12-06T17:00,-26.1,-28.4,0.0,0.54,0.0
2025-12-06T18:00,-26.7,-29.1,0.0,0.2,0.0
2025-12-06T19:00,-27.1,-30.0,0.0,0.72,0.0
2025-12-06T20:00,-27.7,-30.4,0.0,0.72,0.0
2025-12-06T21:00,-27.9,-30.5,0.0,0.68,0.0
2025-12-06T22:00,-27.7,-30.5,0.0,0.74,0.0
2025-12-06T23:00,-28.2,-31.3,0.0,0.62,0.0
2025-12-07T00:00,-28.7,-33.1,0.0,0.3,0.0
2025-12-07T01:00,-28.5,-32.8,0.0,0.71,0.0
2025-12-07T02:00,-27.7,-31.7,0.0,0.76,1323.42
2025-12-07T03:00,-26.8,-30.9,0.0,0.72,0.0
2025-12-07T04:00,-27.5,-31.2,0.0,0.6,0.0
2025-12-07T05:00,-29.3,-32.4,0.0,0.35,62.04
2025-12-07T06:00,-30.6,-33.8,0.0,0.35,0.0
2025-12-07T07:00,-31.0,-33.9,0.0,0.21,0.0
2025-12-07T08:00,-31.5,-34.3,0.0,0.32,0.0
2025-12-07T09:00,-31.6,-34.7,0.0,0.5,0.0
2025-12-07T10:00,-30.8,-34.4,0.0,0.55,0.0
2025-12-07T11:00,-30.9,-34.5,0.0,0.56,0.0
2025-12-07T12:00,-30.6,-34.7,0.0,0.32,0.0
2025-12-07T13:00,-31.0,-35.0,0.0,0.18,0.0
2025-12-07T14:00,-31.4,-35.2,0.0,0.18,0.0
2025-12-07T15:00,-32.3,-35.9,0.0,0.18,0.0
2025-12-07T16:00,-32.4,-36.2,0.0,0.16,0.0
2025-12-07T17:00,-33.1,-37.0,0.0,0.15,0.0
2025-12-07T18:00,-33.5,-37.4,0.0,0.05,0.0
2025-12-07T19:00,-35.0,-38.7,0.0,0.21,0.0
2025-12-07T20:00,-36.4,-39.9,0.0,0.22,0.0
2025-12-07T21:00,-37.8,-40.8,0.0,0.11,0.0
2025-12-07T22:00,-38.9,-42.0,0.0,0.07,0.0
2025-12-07T23:00,-39.6,-43.1,0.0,0.16,0.0
2025-12-08T00:00,-40.2,-42.4,0.0,0.25,0.0
2025-12-08T01:00,-40.6,-43.5,0.0,0.05,3075.6
2025-12-08T02:00,-39.3,-42.9,0.0,0.07,3600.0
2025-12-08T03:00,-38.6,-42.8,0.0,0.34,3600.0
2025-12-08T04:00,-38.9,-43.2,0.0,0.45,3600.0
2025-12-08T05:00,-39.7,-44.0,0.0,0.54,117.2
2025-12-08T06:00,-40.5,-45.5,0.0,0.35,0.0
2025-12-08T07:00,-40.9,-45.4,0.0,0.34,0.0
2025-12-08T08:00,-41.5,-45.8,0.0,0.11,0.0
2025-12-08T09:00,-42.0,-45.7,0.0,0.18,0.0
2025-12-08T10:00,-42.7,-45.8,0.0,0.45,0.0
2025-12-08T11:00,-43.0,-46.5,0.0,0.32,0.0
2025-12-08T12:00,-42.5,-45.8,0.0,0.29,0.0
2025-12-08T13:00,-42.9,-46.4,0.0,0.29,0.0
2025-12-08T14:00,-42.7,-46.8,0.0,0.36,0.0
2025-12-08T15:00,-42.8,-47.0,0.0,0.34,0.0
2025-12-08T16:00,-42.9,-47.2,0.0,0.36,0.0
2025-12-08T17:00,-43.1,-47.5,0.0,0.32,0.0
2025-12-08T18:00,-43.7,-48.3,0.0,0.41,0.0
2025-12-08T19:00,-43.3,-47.8,0.0,0.25,0.0
2025-12-08T20:00,-43.0,-47.7,0.0,0.29,0.0
2025-12-08T21:00,-42.8,-47.4,0.0,0.45,0.0
2025-12-08T22:00,-41.7,-46.1,0.0,1.02,0.0
2025-12-08T23:00,-41.2,-45.2,0.0,0.97,0.0
2025-12-09T00:00,-40.4,-44.3,0.0,1.12,0.0
2025-12-09T01:00,-39.1,-43.2,0.0,1.31,0.0
2025-12-09T02:00,-37.7,-41.8,0.0,1.43,0.0
2025-12-09T03:00,-35.9,-40.2,0.0,1.33,0.0
2025-12-09T04:00,-34.9,-38.9,0.0,0.97,0.0
2025-12-09T05:00,-34.1,-37.9,0.1,0.81,0.0
2025-12-09T06:00,-33.8,-37.7,0.1,0.75,0.0
2025-12-09T07:00,-33.1,-37.1,0.1,0.85,0.0
2025-12-09T08:00,-32.9,-36.7,0.0,0.9,0.0
2025-12-09T09:00,-33.4,-36.7,0.0,0.71,0.0
2025-12-09T10:00,-33.5,-36.8,0.0,1.14,0.0
2025-12-09T11:00,-34.2,-37.6,0.0,0.63,0.0
2025-12-09T12:00,-35.7,-39.0,0.0,0.9,0.0
2025-12-09T13:00,-36.1,-39.3,0.0,0.43,0.0
2025-12-09T14:00,-36.1,-39.4,0.0,0.82,0.0
2025-12-09T15:00,-35.8,-39.2,0.0,0.78,0.0
2025-12-09T16:00,-34.6,-38.0,0.0,0.54,0.0
2025-12-09T17:00,-33.6,-37.2,0.1,0.71,0.0
2025-12-09T18:00,-33.7,-37.4,0.1,0.1,0.0
2025-12-09T19:00,-33.0,-36.8,0.1,0.43,0.0
2025-12-09T20:00,-32.3,-36.1,0.1,0.46,0.0
2025-12-09T21:00,-31.9,-35.6,0.1,0.36,0.0
2025-12-09T22:00,-32.0,-35.3,0.0,0.25,0.0
2025-12-09T23:00,-33.9,-36.5,0.0,0.18,0.0
2025-12-10T00:00,-34.7,-37.5,0.0,0.34,0.0
2025-12-10T01:00,-36.1,-38.6,0.0,0.2,933.28
2025-12-10T02:00,-36.0,-38.8,0.0,0.07,3410.76
2025-12-10T03:00,-36.1,-38.9,0.0,0.36,3600.0
2025-12-10T04:00,-36.5,-39.4,0.0,0.5,2976.43
2025-12-10T05:00,-37.8,-40.4,0.0,0.45,215.78
2025-12-10T06:00,-39.2,-42.3,0.0,0.32,0.0
2025-12-10T07:00,-38.6,-41.6,0.0,0.07,0.0
2025-12-10T08:00,-37.4,-40.9,0.0,0.16,0.0
2025-12-10T09:00,-36.4,-40.1,0.0,0.83,0.0
2025-12-10T10:00,-35.5,-39.2,0.0,0.83,0.0
2025-12-10T11:00,-34.7,-38.4,0.0,0.35,0.0
2025-12-10T12:00,-34.6,-38.3,0.0,0.87,0.0
2025-12-10T13:00,-34.4,-37.9,0.0,0.28,0.0
2025-12-10T14:00,-33.7,-37.3,0.0,0.51,0.0
2025-12-10T15:00,-33.1,-36.6,0.1,0.72,0.0
2025-12-10T16:00,-32.9,-36.3,0.0,0.98,0.0
2025-12-10T17:00,-33.0,-36.2,0.1,1.4,0.0
2025-12-10T18:00,-33.0,-36.3,0.1,1.37,0.0
2025-12-10T19:00,-33.4,-36.7,0.1,1.75,0.0
2025-12-10T20:00,-33.6,-36.9,0.1,1.72,0.0
2025-12-10T21:00,-33.4,-36.9,0.1,1.4,0.0
2025-12-10T22:00,-33.4,-36.7,0.0,1.49,0.0
2025-12-10T23:00,-33.5,-36.9,0.0,1.81,0.0
2025-12-11T00:00,-33.8,-37.2,0.0,1.13,0.0
2025-12-11T01:00,-33.8,-37.2,0.0,0.92,0.0
2025-12-11T02:00,-33.5,-37.0,0.0,0.4,0.0
2025-12-11T03:00,-33.0,-36.8,0.0,0.25,0.0
2025-12-11T04:00,-32.6,-36.5,0.0,0.46,0.0
2025-12-11T05:00,-32.8,-36.4,0.0,0.2,0.0
2025-12-11T06:00,-33.5,-37.0,0.0,0.35,0.0
2025-12-11T07:00,-33.2,-36.7,0.0,0.05,0.0
2025-12-11T08:00,-32.9,-36.4,0.1,0.1,0.0
2025-12-11T09:00,-33.1,-36.5,0.1,0.14,0.0
2025-12-11T10:00,-33.2,-36.7,0.0,0.11,0.0
2025-12-11T11:00,-32.8,-36.5,0.0,0.15,0.0
2025-12-11T12:00,-33.8,-37.2,0.0,0.21,0.0
2025-12-11T13:00,-34.0,-37.5,0.0,0.18,0.0
2025-12-11T14:00,-33.4,-37.1,0.0,0.05,0.0
2025-12-11T15:00,-33.3,-37.0,0.0,0.07,0.0
2025-12-11T16:00,-33.1,-37.0,0.0,0.18,0.0
2025-12-11T17:00,-33.4,-37.2,0.0,0.11,0.0
2025-12-11T18:00,-34.4,-37.8,0.0,0.7,0.0
2025-12-11T19:00,-34.7,-38.2,0.0,0.4,0.0
2025-12-11T20:00,-34.2,-37.9,0.0,0.28,0.0
2025-12-11T21:00,-34.6,-38.3,0.0,0.1,0.0
2025-12-11T22:00,-34.7,-38.5,0.0,0.16,0.0
2025-12-11T23:00,-35.8,-39.2,0.0,0.41,0.0
2025-12-12T00:00,-38.5,-41.6,0.0,0.45,0.0
2025-12-12T01:00,-39.9,-42.0,0.0,0.27,2274.84
2025-12-12T02:00,-39.6,-41.7,0.0,0.05,3600.0
2025-12-12T03:00,-39.3,-41.8,0.0,0.16,3600.0
2025-12-12T04:00,-39.2,-41.8,0.0,0.11,3600.0
2025-12-12T05:00,-39.6,-41.9,0.0,0.14,296.47
2025-12-12T06:00,-42.8,-45.5,0.0,0.14,0.0
2025-12-12T07:00,-43.3,-45.7,0.0,0.21,0.0
2025-12-12T08:00,-42.7,-45.2,0.0,0.07,0.0
2025-12-12T09:00,-43.6,-46.5,0.0,0.36,0.0
2025-12-12T10:00,-44.1,-46.6,0.0,0.16,0.0
2025-12-12T11:00,-44.8,-47.0,0.0,0.1,0.0
2025-12-12T12:00,-43.4,-46.3,0.0,0.3,0.0
2025-12-12T13:00,-43.9,-47.1,0.0,0.18,0.0
2025-12-12T14:00,-43.4,-47.2,0.0,0.61,0.0
2025-12-12T15:00,-43.4,-47.5,0.0,0.32,0.0
2025-12-12T16:00,-42.8,-46.9,0.0,0.18,0.0
2025-12-12T17:00,-40.4,-45.2,0.1,0.56,0.0
2025-12-12T18:00,-40.8,-45.3,0.1,0.87,0.0
2025-12-12T19:00,-40.7,-45.0,0.0,0.54,0.0
2025-12-12T20:00,-39.3,-43.9,0.0,0.6,0.0
2025-12-12T21:00,-38.5,-42.9,0.0,0.66,0.0
2025-12-12T22:00,-38.6,-43.0,0.0,0.73,0.0
2025-12-12T23:00,-38.4,-42.8,0.0,0.75,0.0
2025-12-13T00:00,-39.3,-43.3,0.0,0.22,0.0
2025-12-13T01:00,-38.7,-42.9,0.0,0.69,0.0
2025-12-13T02:00,-38.2,-42.3,0.0,0.56,0.0
2025-12-13T03:00,-37.4,-41.5,0.0,0.43,0.0
2025-12-13T04:00,-36.7,-40.8,0.0,0.25,0.0
2025-12-13T05:00,-36.5,-40.3,0.0,0.94,0.0
2025-12-13T06:00,-36.6,-40.2,0.0,0.46,0.0
2025-12-13T07:00,-36.1,-39.7,0.1,0.32,0.0
2025-12-13T08:00,-35.6,-39.2,0.1,0.54,0.0
2025-12-13T09:00,-34.9,-38.7,0.1,0.22,0.0
2025-12-13T10:00,-34.2,-38.1,0.1,0.47,0.0
2025-12-13T11:00,-33.5,-37.5,0.2,0.66,0.0
2025-12-13T12:00,-34.8,-38.4,0.1,0.85,0.0
2025-12-13T13:00,-34.3,-37.8,0.1,0.75,0.0
2025-12-13T14:00,-34.0,-37.5,0.1,0.54,0.0
2025-12-13T15:00,-33.3,-36.9,0.2,0.7,0.0
2025-12-13T16:00,-32.7,-36.3,0.2,0.75,0.0
2025-12-13T17:00,-32.1,-35.8,0.3,0.54,0.0
2025-12-13T18:00,-32.0,-36.0,0.3,0.32,0.0
2025-12-13T19:00,-31.6,-35.4,0.2,0.38,0.0
2025-12-13T20:00,-31.3,-34.8,0.2,0.55,0.0
2025-12-13T21:00,-30.9,-34.4,0.2,0.25,0.0
2025-12-13T22:00,-30.5,-33.9,0.1,0.43,0.0
2025-12-13T23:00,-29.9,-33.4,0.1,0.07,0.0
2025-12-14T00:00,-32.5,-35.4,0.2,0.32,0.0
2025-12-14T01:00,-31.7,-34.8,0.1,0.76,0.0
2025-12-14T02:00,-31.1,-34.5,0.1,1.04,0.0
2025-12-14T03:00,-30.8,-34.1,0.1,1.31,0.0
2025-12-14T04:00,-30.1,-33.6,0.1,1.35,0.0
2025-12-14T05:00,-30.2,-33.3,0.0,1.4,0.0
2025-12-14T06:00,-31.2,-34.2,0.1,0.69,0.0
2025-12-14T07:00,-30.5,-33.8,0.1,1.02,0.0
2025-12-14T08:00,-30.4,-33.7,0.0,1.14,0.0
2025-12-14T09:00,-31.8,-35.2,0.0,0.7,0.0
2025-12-14T10:00,-32.0,-35.5,0.0,0.51,0.0
2025-12-14T11:00,-31.4,-35.1,0.0,0.5,0.0
2025-12-14T12:00,-32.9,-37.2,0.0,0.36,0.0
2025-12-14T13:00,-33.0,-36.1,0.0,0.07,0.0
2025-12-14T14:00,-34.8,-37.6,0.0,0.1,0.0
2025-12-14T15:00,-35.8,-38.1,0.0,0.14,0.0
2025-12-14T16:00,-35.9,-37.8,0.0,0.4,0.0
2025-12-14T17:00,-37.0,-38.1,0.0,0.53,0.0
2025-12-14T18:00,-40.2,-43.1,0.0,0.51,0.0
2025-12-14T19:00,-39.3,-41.3,0.0,0.14,0.0
2025-12-14T20:00,-39.0,-41.6,0.0,0.1,0.0
2025-12-14T21:00,-38.4,-41.1,0.0,0.05,0.0
2025-12-14T22:00,-39.5,-42.1,0.0,0.3,0.0
2025-12-14T23:00,-40.0,-42.2,0.0,0.21,0.0
2025-12-15T00:00,-41.3,-43.4,0.0,0.51,0.0
2025-12-15T01:00,-40.6,-42.0,0.0,0.25,1260.69
2025-12-15T02:00,-40.2,-42.3,0.0,0.34,3600.0
2025-12-15T03:00,-39.7,-42.0,0.0,0.32,3600.0
2025-12-15T04:00,-40.1,-42.0,0.0,0.32,3600.0
2025-12-15T05:00,-41.6,-42.5,0.0,0.32,380.15
2025-12-15T06:00,-43.5,-46.4,0.0,0.25,0.0
2025-12-15T07:00,-44.5,-46.3,0.0,0.11,0.0
2025-12-15T08:00,-44.8,-47.0,0.0,0.18,0.0
2025-12-15T09:00,-45.4,-48.5,0.0,0.47,0.0
2025-12-15T10:00,-46.0,-50.0,0.0,0.32,0.0
2025-12-15T11:00,-46.0,-49.7,0.0,0.41,0.0
2025-12-15T12:00,-45.6,-48.4,0.0,0.27,0.0
2025-12-15T13:00,-46.0,-49.4,0.0,0.25,0.0
2025-12-15T14:00,-46.1,-49.4,0.0,0.25,0.0
2025-12-15T15:00,-46.0,-49.4,0.0,0.32,0.0
2025-12-15T16:00,-45.7,-49.5,0.0,0.25,0.0
2025-12-15T17:00,-45.8,-50.0,0.0,0.25,0.0
2025-12-15T18:00,-45.5,-51.5,0.0,0.11,0.0
2025-12-15T19:00,-44.2,-49.9,0.0,0.18,0.0
2025-12-15T20:00,-43.7,-49.7,0.0,0.34,0.0
2025-12-15T21:00,-43.9,-49.7,0.0,0.5,0.0
2025-12-15T22:00,-44.4,-49.5,0.0,0.51,0.0
2025-12-15T23:00,-44.8,-49.1,0.0,0.6,0.0
2025-12-16T00:00,-45.8,-49.8,0.0,0.21,0.0
2025-12-16T01:00,-46.1,-49.4,0.0,0.29,1309.28
2025-12-16T02:00,-45.2,-48.7,0.0,0.25,3600.0
2025-12-16T03:00,-44.4,-47.9,0.0,0.6,3084.68
2025-12-16T04:00,-42.7,-46.8,0.0,0.92,0.0
2025-12-16T05:00,-41.3,-45.6,0.0,1.79,0.0
2025-12-16T06:00,-41.3,-45.5,0.0,1.96,0.0
2025-12-16T07:00,-40.3,-44.5,0.0,1.53,0.0
2025-12-16T08:00,-39.0,-43.2,0.0,1.47,0.0
2025-12-16T09:00,-37.9,-41.9,0.0,1.1,0.0
2025-12-16T10:00,-37.1,-41.1,0.0,0.95,0.0
2025-12-16T11:00,-36.4,-40.2,0.0,0.4,0.0
2025-12-16T12:00,-37.4,-41.1,0.0,0.57,0.0
2025-12-16T13:00,-38.2,-41.1,0.0,0.27,0.0
2025-12-16T14:00,-38.2,-41.0,0.0,0.14,0.0
2025-12-16T15:00,-37.5,-40.6,0.0,0.5,0.0
2025-12-16T16:00,-37.6,-40.9,0.0,0.11,0.0
2025-12-16T17:00,-36.5,-40.1,0.1,0.67,0.0
2025-12-16T18:00,-36.7,-40.5,0.1,0.74,0.0
2025-12-16T19:00,-35.9,-39.7,0.1,0.46,0.0
2025-12-16T20:00,-34.8,-38.6,0.2,0.39,0.0
2025-12-16T21:00,-34.0,-37.9,0.3,0.82,0.0
2025-12-16T22:00,-33.2,-37.1,0.2,0.46,0.0
2025-12-16T23:00,-32.6,-36.4,0.2,0.29,0.0
2025-12-17T00:00,-33.9,-37.8,0.1,0.4,0.0
2025-12-17T01:00,-33.2,-37.0,0.1,0.43,0.0
2025-12-17T02:00,-32.5,-36.4,0.1,0.49,0.0
2025-12-17T03:00,-31.8,-35.8,0.1,0.36,0.0
2025-12-17T04:00,-31.4,-35.1,0.1,0.25,0.0
2025-12-17T05:00,-32.0,-35.2,0.0,0.11,0.0
2025-12-17T06:00,-33.2,-36.5,0.1,0.35,0.0
2025-12-17T07:00,-32.6,-35.7,0.1,0.4,0.0
2025-12-17T08:00,-32.1,-35.4,0.1,0.7,0.0
2025-12-17T09:00,-32.4,-35.7,0.1,0.83,0.0
2025-12-17T10:00,-33.1,-36.3,0.0,0.6,0.0
2025-12-17T11:00,-33.6,-37.0,0.0,0.4,0.0
2025-12-17T12:00,-36.0,-38.6,0.0,0.15,0.0
2025-12-17T13:00,-36.6,-39.1,0.0,0.28,0.0
2025-12-17T14:00,-37.4,-40.1,0.0,0.21,0.0
2025-12-17T15:00,-38.2,-40.9,0.0,0.29,0.0
2025-12-17T16:00,-38.6,-41.3,0.0,0.16,0.0
2025-12-17T17:00,-36.9,-40.5,0.0,0.11,0.0
2025-12-17T18:00,-36.3,-40.5,0.1,0.76,0.0
2025-12-17T19:00,-36.2,-39.8,0.0,0.87,0.0
2025-12-17T20:00,-35.8,-39.3,0.0,0.81,0.0
2025-12-17T21:00,-36.3,-39.6,0.0,0.65,0.0
2025-12-17T22:00,-36.5,-39.6,0.0,0.57,0.0
2025-12-17T23:00,-35.7,-38.9,0.0,0.49,0.0
2025-12-18T00:00,-34.5,-39.1,0.1,0.21,0.0
2025-12-18T01:00,-33.1,-37.9,0.0,0.57,0.0
2025-12-18T02:00,-33.3,-37.8,0.0,0.2,323.06
2025-12-18T03:00,-32.7,-37.4,0.0,0.25,0.0
2025-12-18T04:00,-33.6,-37.8,0.0,0.36,1353.89
2025-12-18T05:00,-34.0,-37.8,0.0,0.25,0.0
2025-12-18T06:00,-35.1,-38.9,0.0,0.14,0.0
2025-12-18T07:00,-34.2,-38.2,0.0,0.16,0.0
2025-12-18T08:00,-33.1,-37.1,0.1,0.59,0.0
2025-12-18T09:00,-32.9,-36.8,0.0,0.7,0.0
2025-12-18T10:00,-32.7,-36.5,0.1,0.25,0.0
2025-12-18T11:00,-33.5,-37.4,0.0,0.15,0.0
2025-12-18T12:00,-36.1,-39.8,0.0,0.25,0.0
2025-12-18T13:00,-37.4,-40.7,0.0,0.15,0.0
2025-12-18T14:00,-37.5,-40.9,0.0,0.0,0.0
2025-12-18T15:00,-38.5,-41.6,0.0,0.25,0.0
2025-12-18T16:00,-39.5,-42.5,0.0,0.16,0.0
2025-12-18T17:00,-39.4,-42.7,0.0,0.07,0.0
2025-12-18T18:00,-40.0,-43.9,0.0,1.04,0.0
2025-12-18T19:00,-40.6,-44.4,0.0,0.45,0.0
2025-12-18T20:00,-40.5,-44.4,0.0,0.65,0.0
2025-12-18T21:00,-40.9,-44.7,0.0,0.63,0.0
2025-12-18T22:00,-42.2,-45.7,0.0,0.46,0.0
2025-12-18T23:00,-43.1,-46.3,0.0,0.35,0.0
2025-12-19T00:00,-42.2,-46.0,0.0,0.29,0.0
2025-12-19T01:00,-44.2,-47.0,0.0,0.45,195.54
2025-12-19T02:00,-43.6,-46.6,0.0,0.25,3600.0
2025-12-19T03:00,-42.7,-46.1,0.0,0.11,3600.0
2025-12-19T04:00,-42.8,-46.0,0.0,0.0,3600.0
2025-12-19T05:00,-43.3,-46.9,0.0,0.14,0.0
2025-12-19T06:00,-43.4,-48.4,0.0,0.14,0.0
2025-12-19T07:00,-44.1,-48.7,0.0,0.11,0.0
2025-12-19T08:00,-44.7,-48.8,0.0,0.14,0.0
2025-12-19T09:00,-45.1,-49.1,0.0,0.18,0.0
2025-12-19T10:00,-45.1,-49.2,0.0,0.16,0.0
2025-12-19T11:00,-45.3,-49.6,0.0,0.11,0.0
2025-12-19T12:00,-43.9,-47.9,0.0,0.25,0.0
2025-12-19T13:00,-44.0,-47.9,0.0,0.11,0.0
2025-12-19T14:00,-44.4,-48.4,0.0,0.32,0.0
2025-12-19T15:00,-44.4,-48.6,0.0,0.21,0.0
2025-12-19T16:00,-44.3,-48.7,0.0,0.16,0.0
2025-12-19T17:00,-44.1,-48.3,0.0,0.1,0.0
2025-12-19T18:00,-44.1,-48.7,0.0,0.25,0.0
2025-12-19T19:00,-42.3,-47.3,0.0,0.2,0.0
2025-12-19T20:00,-42.2,-47.0,0.0,0.18,0.0
2025-12-19T21:00,-42.5,-47.0,0.0,0.2,0.0
2025-12-19T22:00,-42.4,-46.7,0.0,0.07,0.0
2025-12-19T23:00,-42.7,-46.8,0.0,0.34,0.0
2025-12-20T00:00,-43.4,-47.1,0.0,0.27,0.0
2025-12-20T01:00,-43.3,-47.0,0.0,0.54,0.0
2025-12-20T02:00,-42.1,-46.3,0.0,0.98,0.0
2025-12-20T03:00,-41.2,-45.4,0.0,1.21,0.0
2025-12-20T04:00,-40.7,-44.7,0.0,1.3,0.0
2025-12-20T05:00,-41.2,-44.9,0.0,1.36,0.0
2025-12-20T06:00,-42.5,-46.3,0.0,1.1,0.0
2025-12-20T07:00,-42.6,-46.3,0.0,1.45,0.0
2025-12-20T08:00,-42.9,-46.6,0.0,1.66,0.0
2025-12-20T09:00,-42.7,-46.4,0.0,1.9,0.0
2025-12-20T10:00,-42.2,-45.8,0.0,1.73,0.0
2025-12-20T11:00,-42.2,-45.8,0.0,1.39,0.0
2025-12-20T12:00,-43.2,-46.9,0.0,0.62,0.0
2025-12-20T13:00,-42.7,-46.2,0.0,1.1,0.0
2025-12-20T14:00,-42.3,-46.0,0.0,0.72,0.0
2025-12-20T15:00,-42.1,-45.9,0.0,0.46,0.0
2025-12-20T16:00,-42.0,-45.9,0.0,0.5,0.0
2025-12-20T17:00,-41.9,-46.0,0.0,0.46,0.0
2025-12-20T18:00,-42.3,-46.1,0.0,0.32,0.0
2025-12-20T19:00,-42.5,-46.4,0.0,0.07,0.0
2025-12-20T20:00,-42.3,-46.2,0.0,0.05,0.0
2025-12-20T21:00,-42.1,-46.0,0.0,0.05,0.0
2025-12-20T22:00,-42.0,-45.9,0.0,0.1,0.0
2025-12-20T23:00,-42.3,-46.2,0.0,0.27,0.0
2025-12-21T00:00,-43.4,-47.3,0.0,0.11,0.0
2025-12-21T01:00,-43.7,-47.5,0.0,0.07,0.0
2025-12-21T02:00,-43.3,-46.9,0.0,0.07,397.06
2025-12-21T03:00,-42.7,-46.4,0.0,0.16,1007.08
2025-12-21T04:00,-42.2,-45.8,0.0,0.21,0.0
2025-12-21T05:00,-42.3,-46.0,0.0,0.07,0.0
2025-12-21T06:00,-42.9,-46.8,0.0,0.3,0.0
2025-12-21T07:00,-43.2,-47.0,0.0,0.18,0.0
2025-12-21T08:00,-43.4,-47.1,0.0,0.27,0.0
2025-12-21T09:00,-42.6,-46.5,0.0,0.11,0.0
2025-12-21T10:00,-42.8,-46.7,0.0,0.11,0.0
2025-12-21T11:00,-42.7,-46.6,0.0,0.18,0.0
2025-12-21T12:00,-44.4,-48.1,0.0,0.05,0.0
2025-12-21T13:00,-44.5,-48.2,0.0,0.05,0.0
2025-12-21T14:00,-45.0,-48.0,0.0,0.11,0.0
2025-12-21T15:00,-45.8,-49.0,0.0,0.18,0.0
2025-12-21T16:00,-46.5,-50.1,0.0,0.1,0.0
2025-12-21T17:00,-46.7,-50.4,0.0,0.1,0.0
2025-12-21T18:00,-45.8,-50.3,0.0,0.9,0.0
2025-12-21T19:00,-46.3,-50.4,0.0,0.4,0.0
2025-12-21T20:00,-45.8,-50.0,0.0,0.34,0.0
2025-12-21T21:00,-45.5,-49.7,0.0,0.11,0.0
2025-12-21T22:00,-46.0,-50.1,0.0,0.29,0.0
2025-12-21T23:00,-46.5,-50.5,0.0,0.43,0.0
2025-12-22T00:00,-49.1,-52.4,0.0,0.35,0.0
2025-12-22T01:00,-49.8,-53.0,0.0,0.28,252.28
2025-12-22T02:00,-49.1,-52.7,0.0,0.2,3354.43
2025-12-22T03:00,-48.7,-52.3,0.0,0.11,3600.0
2025-12-22T04:00,-48.6,-52.2,0.0,0.05,3600.0
2025-12-22T05:00,-49.2,-52.4,0.0,0.05,391.65
2025-12-22T06:00,-50.5,-55.1,0.0,0.22,0.0
2025-12-22T07:00,-51.6,-55.6,0.0,0.36,0.0
2025-12-22T08:00,-51.5,-55.5,0.0,0.27,0.0
2025-12-22T09:00,-51.5,-55.3,0.0,0.11,0.0
2025-12-22T10:00,-51.6,-55.2,0.0,0.11,0.0
2025-12-22T11:00,-51.8,-55.1,0.0,0.14,0.0
2025-12-22T12:00,-52.6,-56.5,0.0,0.22,0.0
2025-12-22T13:00,-53.1,-56.5,0.0,0.39,0.0
2025-12-22T14:00,-53.1,-56.3,0.0,0.46,0.0
2025-12-22T15:00,-53.1,-56.3,0.0,0.43,0.0
2025-12-22T16:00,-53.0,-56.2,0.0,0.35,0.0
2025-12-22T17:00,-53.2,-56.4,0.0,0.32,0.0
2025-12-22T18:00,-54.5,-58.3,0.0,0.16,0.0
2025-12-22T19:00,-53.9,-57.8,0.0,0.11,0.0
2025-12-22T20:00,-53.8,-57.8,0.0,0.16,0.0
2025-12-22T21:00,-53.9,-57.9,0.0,0.21,0.0
2025-12-22T22:00,-54.3,-57.9,0.0,0.46,0.0
2025-12-22T23:00,-54.4,-57.8,0.0,0.49,0.0
2025-12-23T00:00,-54.5,-58.9,0.0,0.25,0.0
2025-12-23T01:00,-54.6,-58.7,0.0,0.25,1479.7
2025-12-23T02:00,-53.9,-58.1,0.0,0.25,3600.0
2025-12-23T03:00,-53.0,-57.6,0.0,0.11,3600.0
2025-12-23T04:00,-53.0,-57.5,0.0,0.16,3600.0
2025-12-23T05:00,-53.4,-57.8,0.0,0.34,371.85
2025-12-23T06:00,-55.0,-60.0,0.0,0.54,0.0
2025-12-23T07:00,-55.2,-59.6,0.0,0.67,0.0
2025-12-23T08:00,-55.4,-59.4,0.0,0.75,0.0
2025-12-23T09:00,-55.6,-59.4,0.0,0.57,0.0
2025-12-23T10:00,-55.5,-59.4,0.0,0.39,0.0
2025-12-23T11:00,-55.4,-59.5,0.0,0.36,0.0
2025-12-23T12:00,-56.5,-60.9,0.0,0.35,0.0
2025-12-23T13:00,-56.7,-61.0,0.0,0.52,0.0
2025-12-23T14:00,-56.6,-61.0,0.0,0.45,0.0
2025-12-23T15:00,-56.4,-60.7,0.0,0.25,0.0
2025-12-23T16:00,-56.0,-60.5,0.0,0.1,0.0
2025-12-23T17:00,-55.6,-60.1,0.0,0.16,0.0
2025-12-23T18:00,-57.0,-61.1,0.0,0.51,0.0
2025-12-23T19:00,-56.3,-60.5,0.0,1.1,0.0
2025-12-23T20:00,-56.5,-60.1,0.0,0.81,0.0
2025-12-23T21:00,-56.5,-59.3,0.0,0.74,0.0
2025-12-23T22:00,-56.5,-59.0,0.0,0.92,0.0
2025-12-23T23:00,-56.7,-60.5,0.0,1.06,0.0
2025-12-24T00:00,-57.6,-61.3,0.0,0.72,0.0
2025-12-24T01:00,-57.9,-61.4,0.0,0.89,1479.04
2025-12-24T02:00,-57.0,-60.8,0.0,0.65,3600.0
2025-12-24T03:00,-55.6,-60.5,0.0,0.25,3600.0
2025-12-24T04:00,-55.3,-60.3,0.0,0.21,3600.0
2025-12-24T05:00,-55.4,-60.2,0.0,0.15,346.73
2025-12-24T06:00,-56.5,-61.1,0.0,0.16,0.0
2025-12-24T07:00,-56.6,-61.2,0.0,0.57,0.0
2025-12-24T08:00,-56.8,-61.2,0.0,0.71,0.0
2025-12-24T09:00,-57.0,-61.3,0.0,0.78,0.0
2025-12-24T10:00,-57.1,-61.2,0.0,0.78,0.0
2025-12-24T11:00,-57.3,-61.0,0.0,0.71,0.0
2025-12-24T12:00,-57.5,-61.2,0.0,0.27,0.0
2025-12-24T13:00,-57.6,-61.3,0.0,0.35,0.0
2025-12-24T14:00,-57.2,-61.3,0.0,0.35,0.0
2025-12-24T15:00,-56.7,-61.2,0.0,0.15,0.0
2025-12-24T16:00,-56.1,-61.2,0.0,0.05,0.0
2025-12-24T17:00,-55.9,-61.2,0.0,0.05,0.0
2025-12-24T18:00,-56.6,-61.3,0.0,0.2,0.0
2025-12-24T19:00,-56.3,-61.0,0.0,0.65,0.0
2025-12-24T20:00,-56.6,-60.9,0.0,0.85,0.0
2025-12-24T21:00,-56.9,-60.7,0.0,1.04,0.0
2025-12-24T22:00,-57.2,-60.7,0.0,1.1,0.0
2025-12-24T23:00,-57.5,-60.8,0.0,1.1,0.0
2025-12-25T00:00,-57.7,-61.2,0.0,0.61,0.0
2025-12-25T01:00,-58.1,-61.4,0.0,0.81,1471.91
2025-12-25T02:00,-57.2,-60.8,0.0,0.82,3600.0
2025-12-25T03:00,-56.0,-60.6,0.0,0.16,3600.0
2025-12-25T04:00,-55.6,-60.6,0.0,0.32,3600.0
2025-12-25T05:00,-55.8,-60.8,0.0,0.25,316.43
2025-12-25T06:00,-56.2,-61.0,0.0,0.61,0.0
2025-12-25T07:00,-56.2,-61.3,0.0,0.11,0.0
2025-12-25T08:00,-56.0,-61.2,0.0,0.16,0.0
2025-12-25T09:00,-56.4,-61.2,0.0,0.29,0.0
2025-12-25T10:00,-56.6,-61.0,0.0,0.22,0.0
2025-12-25T11:00,-56.2,-60.8,0.0,0.05,0.0
2025-12-25T12:00,-55.4,-60.3,0.0,0.25,0.0
2025-12-25T13:00,-55.4,-60.2,0.0,0.39,0.0
2025-12-25T14:00,-54.1,-59.2,0.0,0.83,0.0
2025-12-25T15:00,-53.3,-58.0,0.0,1.38,0.0
2025-12-25T16:00,-51.9,-56.9,0.0,1.33,0.0
2025-12-25T17:00,-50.9,-55.8,0.0,1.56,0.0
2025-12-25T18:00,-49.1,-54.8,0.0,1.9,0.0
2025-12-25T19:00,-47.5,-53.2,0.0,1.44,0.0
2025-12-25T20:00,-46.1,-51.5,0.0,1.1,0.0
2025-12-25T21:00,-44.6,-49.7,0.1,0.92,0.0
2025-12-25T22:00,-43.7,-48.4,0.1,1.54,0.0
2025-12-25T23:00,-42.7,-47.3,0.1,1.5,0.0
2025-12-26T00:00,-45.8,-50.3,0.2,1.95,0.0
2025-12-26T01:00,-44.2,-48.5,0.2,0.93,0.0
2025-12-26T02:00,-43.2,-47.2,0.1,1.35,0.0
2025-12-26T03:00,-42.1,-46.2,0.2,1.19,0.0
2025-12-26T04:00,-41.1,-45.3,0.2,1.4,0.0
2025-12-26T05:00,-40.2,-44.2,0.2,1.35,0.0
2025-12-26T06:00,-42.6,-46.5,0.2,1.04,0.0
2025-12-26T07:00,-41.5,-45.1,0.2,1.45,0.0
2025-12-26T08:00,-40.5,-44.1,0.1,1.21,0.0
2025-12-26T09:00,-39.2,-43.3,0.1,1.26,0.0
2025-12-26T10:00,-38.2,-42.3,0.1,1.2,0.0
2025-12-26T11:00,-37.7,-41.6,0.0,1.28,0.0
2025-12-26T12:00,-41.2,-44.8,0.0,1.08,0.0
2025-12-26T13:00,-40.3,-44.0,0.0,1.03,0.0
2025-12-26T14:00,-40.0,-43.6,0.0,1.66,0.0
2025-12-26T15:00,-39.4,-43.2,0.0,2.06,0.0
2025-12-26T16:00,-38.5,-42.3,0.0,2.04,0.0
2025-12-26T17:00,-37.6,-41.3,0.0,1.8,0.0
2025-12-26T18:00,-40.1,-43.7,0.1,1.33,0.0
2025-12-26T19:00,-38.7,-42.3,0.2,1.49,0.0
2025-12-26T20:00,-37.8,-41.3,0.2,1.35,0.0
2025-12-26T21:00,-36.9,-40.5,0.2,1.57,0.0
2025-12-26T22:00,-35.9,-39.6,0.2,1.21,0.0
2025-12-26T23:00,-35.1,-38.9,0.2,1.0,0.0
2025-12-27T00:00,-37.3,-41.0,0.2,0.57,0.0
2025-12-27T01:00,-35.7,-39.7,0.3,0.2,0.0
2025-12-27T02:00,-34.3,-38.9,0.2,0.4,0.0
2025-12-27T03:00,-33.3,-38.1,0.1,0.46,0.0
2025-12-27T04:00,-32.4,-37.2,0.1,0.15,0.0
2025-12-27T05:00,-32.0,-36.6,0.1,0.25,0.0
2025-12-27T06:00,-32.8,-37.1,0.0,0.3,0.0
2025-12-27T07:00,-32.4,-36.6,0.1,0.71,0.0
2025-12-27T08:00,-32.2,-36.1,0.1,0.97,0.0
2025-12-27T09:00,-31.8,-35.7,0.1,1.1,0.0
2025-12-27T10:00,-31.3,-35.2,0.1,1.18,0.0
2025-12-27T11:00,-31.0,-34.6,0.2,1.21,0.0
2025-12-27T12:00,-32.7,-36.0,0.2,1.59,0.0
2025-12-27T13:00,-32.1,-35.1,0.1,1.17,0.0
2025-12-27T14:00,-30.8,-34.2,0.3,1.23,0.0
2025-12-27T15:00,-29.8,-33.4,0.5,0.85,0.0
2025-12-27T16:00,-28.9,-32.6,0.6,0.54,0.0
2025-12-27T17:00,-28.4,-31.9,0.1,0.4,0.0
2025-12-27T18:00,-29.2,-32.7,0.0,0.57,0.0
2025-12-27T19:00,-28.4,-32.2,0.1,1.57,0.0
2025-12-27T20:00,-29.5,-32.9,0.0,0.92,0.0
2025-12-27T21:00,-30.7,-34.1,0.0,1.09,0.0
2025-12-27T22:00,-31.2,-34.8,0.0,0.58,0.0
2025-12-27T23:00,-30.6,-34.3,0.0,0.67,0.0
2025-12-28T00:00,-33.2,-36.5,0.0,1.39,0.0
2025-12-28T01:00,-32.4,-35.7,0.0,0.35,0.0
2025-12-28T02:00,-30.4,-34.7,0.1,0.16,0.0
2025-12-28T03:00,-30.1,-33.9,0.0,0.6,0.0
2025-12-28T04:00,-29.4,-32.7,0.1,0.91,0.0
2025-12-28T05:00,-28.7,-31.6,0.1,1.05,0.0
2025-12-28T06:00,-28.9,-31.9,0.1,0.6,0.0
2025-12-28T07:00,-27.3,-31.1,0.1,0.41,0.0
2025-12-28T08:00,-27.0,-31.2,0.1,0.05,0.0
2025-12-28T09:00,-27.5,-32.0,0.0,0.15,0.0
2025-12-28T10:00,-28.0,-32.3,0.0,0.25,0.0
2025-12-28T11:00,-28.8,-32.4,0.0,0.4,0.0
2025-12-28T12:00,-23.5,-25.9,0.0,1.88,0.0
2025-12-28T13:00,-24.9,-26.9,0.0,2.14,0.0
2025-12-28T14:00,-26.0,-27.8,0.0,1.96,0.0
2025-12-28T15:00,-27.5,-29.3,0.0,1.69,0.0
2025-12-28T16:00,-29.3,-30.8,0.0,0.79,0.0
2025-12-28T17:00,-31.3,-32.6,0.0,0.85,0.0
2025-12-28T18:00,-35.3,-36.9,0.0,0.79,0.0
2025-12-28T19:00,-35.8,-37.6,0.0,0.67,0.0
2025-12-28T20:00,-37.2,-39.5,0.0,0.54,0.0
2025-12-28T21:00,-38.1,-40.8,0.0,0.46,0.0
2025-12-28T22:00,-38.9,-41.5,0.0,0.5,0.0
2025-12-28T23:00,-38.9,-42.0,0.0,0.57,0.0
2025-12-29T00:00,-39.7,-43.8,0.0,0.38,0.0
2025-12-29T01:00,-39.6,-44.3,0.0,0.25,0.0
2025-12-29T02:00,-39.7,-44.3,0.0,0.43,1004.26
2025-12-29T03:00,-39.6,-43.8,0.0,0.71,1871.06
2025-12-29T04:00,-39.7,-43.4,0.0,1.06,0.0
2025-12-29T05:00,-40.2,-43.5,0.0,1.2,0.0
2025-12-29T06:00,-39.9,-43.8,0.0,1.55,0.0
2025-12-29T07:00,-40.0,-43.9,0.0,1.41,0.0
2025-12-29T08:00,-39.8,-43.7,0.0,1.6,0.0
2025-12-29T09:00,-39.8,-43.6,0.0,1.59,0.0
2025-12-29T10:00,-39.9,-43.7,0.0,1.21,0.0
2025-12-29T11:00,-41.2,-44.7,0.0,0.92,0.0
2025-12-29T12:00,-42.9,-46.7,0.0,0.92,0.0
2025-12-29T13:00,-43.9,-47.2,0.0,0.71,0.0
2025-12-29T14:00,-44.1,-47.4,0.0,0.65,0.0
2025-12-29T15:00,-44.2,-47.3,0.0,0.43,0.0
2025-12-29T16:00,-44.0,-47.1,0.0,0.22,0.0
2025-12-29T17:00,-43.8,-46.7,0.0,0.16,0.0
2025-12-29T18:00,-44.3,-49.0,0.0,0.27,0.0
2025-12-29T19:00,-45.2,-49.4,0.0,0.4,0.0
2025-12-29T20:00,-45.2,-49.2,0.0,0.3,0.0
2025-12-29T21:00,-45.3,-49.1,0.0,0.18,0.0
2025-12-29T22:00,-45.2,-49.1,0.0,0.32,0.0
2025-12-29T23:00,-45.5,-49.2,0.0,0.43,0.0
2025-12-30T00:00,-45.0,-48.1,0.0,0.32,0.0
2025-12-30T01:00,-45.4,-48.5,0.0,0.36,173.22
2025-12-30T02:00,-44.8,-48.3,0.0,0.36,3600.0
2025-12-30T03:00,-44.2,-48.0,0.0,0.41,3600.0
2025-12-30T04:00,-44.4,-48.3,0.0,0.3,3600.0
2025-12-30T05:00,-44.7,-48.7,0.0,0.25,1272.66
2025-12-30T06:00,-46.1,-50.4,0.0,0.21,0.0
2025-12-30T07:00,-46.2,-50.5,0.0,0.07,0.0
2025-12-30T08:00,-45.9,-50.2,0.0,0.16,0.0
2025-12-30T09:00,-45.8,-50.1,0.0,0.18,0.0
2025-12-30T10:00,-45.8,-50.1,0.0,0.18,0.0
2025-12-30T11:00,-45.9,-50.1,0.0,0.11,0.0
2025-12-30T12:00,-45.5,-49.5,0.0,0.21,0.0
2025-12-30T13:00,-46.1,-49.4,0.0,0.36,0.0
2025-12-30T14:00,-46.3,-49.8,0.0,0.41,0.0
2025-12-30T15:00,-46.3,-50.1,0.0,0.2,0.0
2025-12-30T16:00,-46.4,-50.4,0.0,0.15,0.0
2025-12-30T17:00,-46.6,-50.7,0.0,0.1,0.0
2025-12-30T18:00,-47.4,-52.4,0.0,0.22,0.0
2025-12-30T19:00,-47.9,-52.6,0.0,0.16,0.0
2025-12-30T20:00,-48.4,-52.9,0.0,0.32,0.0
2025-12-30T21:00,-48.6,-52.7,0.0,0.35,0.0
2025-12-30T22:00,-48.7,-52.8,0.0,0.34,0.0
2025-12-30T23:00,-49.1,-52.8,0.0,0.57,0.0
2025-12-31T00:00,-48.6,-52.9,0.0,0.64,0.0
2025-12-31T01:00,-49.2,-53.2,0.0,0.43,1304.36
2025-12-31T02:00,-48.3,-52.4,0.0,0.74,3600.0
2025-12-31T03:00,-47.4,-51.8,0.0,0.65,3600.0
2025-12-31T04:00,-47.3,-51.7,0.0,0.22,3600.0
2025-12-31T05:00,-47.6,-51.9,0.0,0.29,1207.35
2025-12-31T06:00,-49.0,-53.7,0.0,0.3,0.0
2025-12-31T07:00,-49.8,-54.2,0.0,0.4,0.0
2025-12-31T08:00,-49.4,-53.9,0.0,0.34,0.0
2025-12-31T09:00,-49.6,-53.8,0.0,0.9,0.0
2025-12-31T10:00,-49.5,-53.7,0.0,0.4,0.0
2025-12-31T11:00,-49.4,-53.7,0.0,0.36,0.0
2025-12-31T12:00,-49.5,-54.2,0.0,0.4,0.0
2025-12-31T13:00,-50.1,-54.6,0.0,0.97,0.0
2025-12-31T14:00,-49.8,-54.4,0.0,0.74,0.0
2025-12-31T15:00,-49.8,-54.2,0.0,0.56,0.0
2025-12-31T16:00,-49.5,-53.7,0.0,0.46,0.0
2025-12-31T17:00,-49.5,-53.6,0.0,0.9,0.0
2025-12-31T18:00,-50.1,-55.3,0.0,0.67,0.0
2025-12-31T19:00,-50.9,-55.8,0.0,0.95,0.0
2025-12-31T20:00,-50.4,-55.4,0.0,0.49,0.0
2025-12-31T21:00,-50.1,-54.9,0.0,1.2,0.0
2025-12-31T22:00,-49.9,-54.6,0.0,1.31,0.0
2025-12-31T23:00,-49.6,-54.1,0.0,0.47,0.0
2026-01-01T00:00,-49.5,-54.2,0.0,0.72,0.0
2026-01-01T01:00,-49.6,-54.5,0.0,1.66,1257.12
2026-01-01T02:00,-48.6,-53.7,0.0,1.22,3600.0
2026-01-01T03:00,-47.5,-52.8,0.0,0.56,3600.0
2026-01-01T04:00,-47.3,-52.4,0.0,0.36,3600.0
2026-01-01T05:00,-47.5,-52.0,0.0,0.25,2303.34
2026-01-01T06:00,-48.4,-53.1,0.0,1.3,0.0
2026-01-01T07:00,-49.2,-53.5,0.0,0.35,0.0
2026-01-01T08:00,-49.0,-53.5,0.0,1.2,0.0
2026-01-01T09:00,-49.3,-53.6,0.0,0.72,0.0
2026-01-01T10:00,-48.8,-53.4,0.0,0.25,0.0
2026-01-01T11:00,-48.6,-53.4,0.0,0.18,0.0
2026-01-01T12:00,-49.5,-54.1,0.0,0.15,0.0
2026-01-01T13:00,-49.9,-54.6,0.0,0.7,0.0
2026-01-01T14:00,-49.1,-54.1,0.0,1.0,0.0
2026-01-01T15:00,-48.5,-53.3,0.0,0.78,0.0
2026-01-01T16:00,-48.1,-52.4,0.0,0.78,0.0
2026-01-01T17:00,-47.1,-51.5,0.0,0.21,0.0
2026-01-01T18:00,-48.0,-52.8,0.0,0.39,0.0
2026-01-01T19:00,-48.0,-52.5,0.0,0.54,0.0
2026-01-01T20:00,-48.0,-52.5,0.0,0.32,0.0
2026-01-01T21:00,-48.1,-52.3,0.0,0.54,0.0
2026-01-01T22:00,-48.0,-52.0,0.0,0.57,0.0
2026-01-01T23:00,-47.6,-51.8,0.0,0.64,0.0
2026-01-02T00:00,-47.7,-52.1,0.0,1.32,0.0
2026-01-02T01:00,-47.5,-52.3,0.0,1.35,62.36
2026-01-02T02:00,-46.9,-51.9,0.0,1.03,2682.34
2026-01-02T03:00,-46.3,-51.3,0.0,0.74,3600.0
2026-01-02T04:00,-46.1,-50.7,0.0,0.27,3600.0
2026-01-02T05:00,-46.3,-50.5,0.0,0.11,1062.6
2026-01-02T06:00,-47.7,-51.8,0.0,0.1,0.0
2026-01-02T07:00,-47.7,-52.4,0.0,0.11,0.0
2026-01-02T08:00,-47.3,-52.0,0.0,0.46,0.0
2026-01-02T09:00,-46.7,-51.5,0.0,0.16,0.0
2026-01-02T10:00,-46.6,-50.9,0.0,0.47,0.0
2026-01-02T11:00,-46.6,-50.7,0.0,0.61,0.0
2026-01-02T12:00,-48.0,-52.6,0.0,1.2,0.0
2026-01-02T13:00,-47.7,-52.4,0.0,1.89,0.0
2026-01-02T14:00,-47.4,-52.6,0.0,1.39,0.0
2026-01-02T15:00,-47.1,-52.1,0.0,1.06,0.0
2026-01-02T16:00,-47.3,-51.4,0.0,1.24,0.0
2026-01-02T17:00,-47.6,-51.4,0.0,1.27,0.0
2026-01-02T18:00,-49.1,-53.2,0.0,0.9,0.0
2026-01-02T19:00,-50.0,-54.3,0.0,0.74,0.0
2026-01-02T20:00,-50.1,-54.1,0.0,0.7,0.0
2026-01-02T21:00,-50.3,-54.2,0.0,1.33,0.0
2026-01-02T22:00,-50.3,-54.2,0.0,1.59,0.0
2026-01-02T23:00,-50.2,-54.3,0.0,1.04,0.0
2026-01-03T00:00,-50.8,-55.2,0.0,1.37,0.0
2026-01-03T01:00,-51.0,-55.6,0.0,0.85,1147.46
2026-01-03T02:00,-50.3,-54.7,0.0,0.68,3600.0
2026-01-03T03:00,-49.4,-53.9,0.0,0.89,3600.0
2026-01-03T04:00,-48.9,-53.2,0.0,0.21,3600.0
2026-01-03T05:00,-49.2,-53.3,0.0,0.34,2628.54
2026-01-03T06:00,-50.5,-54.8,0.0,0.35,0.0
2026-01-03T07:00,-51.2,-55.3,0.0,0.63,0.0
2026-01-03T08:00,-51.2,-55.3,0.0,0.72,0.0
2026-01-03T09:00,-51.0,-55.1,0.0,1.13,0.0
2026-01-03T10:00,-50.9,-55.1,0.0,0.5,0.0
2026-01-03T11:00,-50.7,-54.9,0.0,0.14,0.0
2026-01-03T12:00,-50.8,-55.5,0.0,0.46,0.0
2026-01-03T13:00,-51.1,-55.6,0.0,0.05,0.0
2026-01-03T14:00,-51.0,-55.2,0.0,0.45,0.0
2026-01-03T15:00,-50.5,-54.4,0.0,0.56,0.0
2026-01-03T16:00,-50.0,-53.9,0.0,0.47,0.0
2026-01-03T17:00,-50.2,-53.9,0.0,0.47,0.0
2026-01-03T18:00,-50.9,-54.6,0.0,0.4,0.0
2026-01-03T19:00,-51.2,-54.7,0.0,0.39,0.0
2026-01-03T20:00,-50.9,-54.5,0.0,0.1,0.0
2026-01-03T21:00,-50.4,-54.2,0.0,0.05,0.0
2026-01-03T22:00,-50.2,-54.0,0.0,0.1,0.0
2026-01-03T23:00,-50.0,-53.6,0.0,0.3,0.0
2026-01-04T00:00,-50.3,-53.9,0.0,0.36,0.0
2026-01-04T01:00,-49.8,-53.5,0.0,0.2,0.0
2026-01-04T02:00,-48.8,-52.8,0.0,0.25,0.0
2026-01-04T03:00,-47.9,-52.0,0.0,0.75,949.26
2026-01-04T04:00,-47.4,-51.3,0.0,0.93,2145.25
2026-01-04T05:00,-47.5,-51.2,0.0,0.63,0.0
2026-01-04T06:00,-48.0,-51.6,0.0,0.36,0.0
2026-01-04T07:00,-48.0,-51.6,0.0,0.78,0.0
2026-01-04T08:00,-48.4,-52.2,0.0,0.51,0.0
2026-01-04T09:00,-48.5,-52.5,0.0,0.27,0.0
2026-01-04T10:00,-48.5,-52.5,0.0,0.59,0.0
2026-01-04T11:00,-48.4,-52.5,0.0,0.75,0.0
2026-01-04T12:00,-49.0,-52.8,0.0,0.28,0.0
2026-01-04T13:00,-48.7,-52.5,0.0,0.18,0.0
2026-01-04T14:00,-48.6,-52.2,0.0,0.0,0.0
2026-01-04T15:00,-48.6,-52.1,0.0,0.11,0.0
2026-01-04T16:00,-48.4,-52.0,0.0,0.16,0.0
2026-01-04T17:00,-48.4,-52.0,0.0,0.6,0.0
2026-01-04T18:00,-48.6,-52.0,0.0,0.5,0.0
2026-01-04T19:00,-48.4,-51.8,0.0,0.62,0.0
2026-01-04T20:00,-48.1,-51.3,0.0,0.39,0.0
2026-01-04T21:00,-47.6,-51.2,0.0,0.38,0.0
2026-01-04T22:00,-47.4,-51.1,0.0,0.16,0.0
2026-01-04T23:00,-47.2,-50.9,0.0,0.1,0.0
2026-01-05T00:00,-47.8,-51.8,0.0,0.78,0.0
2026-01-05T01:00,-46.9,-50.5,0.0,0.34,0.0
2026-01-05T02:00,-46.3,-50.1,0.0,0.58,3456.12
2026-01-05T03:00,-45.9,-49.6,0.0,0.32,3600.0
2026-01-05T04:00,-45.9,-49.2,0.0,0.56,3600.0
2026-01-05T05:00,-46.3,-49.6,0.0,1.3,1936.1
2026-01-05T06:00,-46.3,-49.7,0.0,1.3,0.0
2026-01-05T07:00,-45.8,-49.4,0.0,1.72,0.0
2026-01-05T08:00,-45.7,-49.4,0.0,0.74,0.0
2026-01-05T09:00,-45.9,-49.7,0.0,0.78,0.0
2026-01-05T10:00,-46.4,-50.2,0.0,0.46,0.0
2026-01-05T11:00,-46.6,-50.5,0.0,0.58,0.0
2026-01-05T12:00,-47.8,-51.8,0.0,0.16,0.0
2026-01-05T13:00,-47.8,-52.0,0.0,0.05,0.0
2026-01-05T14:00,-47.9,-52.1,0.0,0.34,0.0
2026-01-05T15:00,-47.8,-51.8,0.0,0.39,0.0
2026-01-05T16:00,-47.6,-51.6,0.0,0.4,0.0
2026-01-05T17:00,-47.3,-51.2,0.0,0.5,0.0
2026-01-05T18:00,-47.5,-51.2,0.0,0.21,0.0
2026-01-05T19:00,-46.4,-49.7,0.0,0.65,0.0
2026-01-05T20:00,-45.6,-49.1,0.0,0.6,0.0
2026-01-05T21:00,-45.5,-49.0,0.0,0.38,0.0
2026-01-05T22:00,-45.6,-49.0,0.0,0.07,0.0
2026-01-05T23:00,-45.6,-48.9,0.0,0.35,0.0
2026-01-06T00:00,-46.1,-49.2,0.0,0.1,0.0
2026-01-06T01:00,-45.4,-48.6,0.0,0.45,0.0
2026-01-06T02:00,-43.9,-47.7,0.0,0.2,0.0
2026-01-06T03:00,-42.6,-46.8,0.0,0.11,0.0
2026-01-06T04:00,-42.0,-46.0,0.0,0.32,0.0
2026-01-06T05:00,-41.8,-45.4,0.0,0.36,0.0
2026-01-06T06:00,-42.3,-45.9,0.0,0.18,0.0
2026-01-06T07:00,-41.7,-45.6,0.0,0.4,0.0
2026-01-06T08:00,-40.8,-45.1,0.0,0.36,0.0
2026-01-06T09:00,-40.5,-44.6,0.0,0.16,0.0
2026-01-06T10:00,-40.1,-44.2,0.0,0.25,0.0
2026-01-06T11:00,-39.5,-43.6,0.0,0.39,0.0
2026-01-06T12:00,-41.1,-45.5,0.0,0.2,0.0
2026-01-06T13:00,-40.0,-44.4,0.1,0.25,0.0
2026-01-06T14:00,-39.5,-43.8,0.0,0.07,0.0
2026-01-06T15:00,-39.3,-43.3,0.0,0.28,0.0
2026-01-06T16:00,-38.8,-42.9,0.0,0.64,0.0
2026-01-06T17:00,-38.6,-42.5,0.0,0.63,0.0
2026-01-06T18:00,-39.9,-43.9,0.0,0.66,0.0
2026-01-06T19:00,-39.3,-43.2,0.0,0.61,0.0
2026-01-06T20:00,-38.5,-42.7,0.1,0.78,0.0
2026-01-06T21:00,-38.3,-42.4,0.1,0.5,0.0
2026-01-06T22:00,-38.0,-42.1,0.1,0.4,0.0
2026-01-06T23:00,-37.9,-41.8,0.0,0.46,0.0
2026-01-07T00:00,-38.8,-42.8,0.0,0.65,0.0
2026-01-07T01:00,-39.1,-42.9,0.0,0.85,0.0
2026-01-07T02:00,-39.3,-43.1,0.0,0.5,1467.14
2026-01-07T03:00,-39.4,-43.2,0.0,0.35,3600.0
2026-01-07T04:00,-39.9,-43.7,0.0,0.57,3600.0
2026-01-07T05:00,-41.1,-44.8,0.0,0.71,1721.61
2026-01-07T06:00,-42.2,-46.0,0.0,0.65,0.0
2026-01-07T07:00,-42.6,-46.5,0.0,0.63,0.0
2026-01-07T08:00,-41.5,-45.5,0.0,1.1,0.0
2026-01-07T09:00,-41.3,-45.1,0.0,1.28,0.0
2026-01-07T10:00,-41.0,-44.8,0.0,0.92,0.0
2026-01-07T11:00,-41.5,-45.4,0.0,0.58,0.0
2026-01-07T12:00,-41.6,-45.4,0.0,0.45,0.0
2026-01-07T13:00,-41.6,-45.4,0.0,0.25,0.0
2026-01-07T14:00,-40.9,-44.8,0.0,0.3,0.0
2026-01-07T15:00,-40.2,-44.3,0.0,0.3,0.0
2026-01-07T16:00,-40.3,-44.3,0.0,0.29,0.0
2026-01-07T17:00,-40.4,-44.5,0.0,0.35,0.0
2026-01-07T18:00,-41.4,-45.5,0.0,0.16,0.0
2026-01-07T19:00,-41.5,-45.7,0.0,0.28,0.0
2026-01-07T20:00,-41.7,-46.0,0.0,0.41,0.0
2026-01-07T21:00,-42.3,-46.4,0.0,0.45,0.0
2026-01-07T22:00,-43.3,-47.4,0.0,0.16,0.0
2026-01-07T23:00,-44.2,-48.4,0.0,0.16,0.0
2026-01-08T00:00,-44.7,-48.5,0.0,0.53,0.0
2026-01-08T01:00,-45.8,-49.2,0.0,0.25,792.9
2026-01-08T02:00,-44.7,-48.7,0.0,0.15,3600.0
2026-01-08T03:00,-43.7,-48.2,0.0,0.11,3600.0
2026-01-08T04:00,-43.7,-48.4,0.0,0.35,3600.0
2026-01-08T05:00,-44.4,-48.8,0.0,0.56,3349.11
2026-01-08T06:00,-45.5,-50.0,0.0,0.29,0.0
2026-01-08T07:00,-45.9,-50.1,0.0,0.38,0.0
2026-01-08T08:00,-46.1,-50.3,0.0,0.59,0.0
2026-01-08T09:00,-46.1,-50.4,0.0,0.66,0.0
2026-01-08T10:00,-45.7,-50.3,0.0,0.68,0.0
2026-01-08T11:00,-44.9,-49.8,0.0,0.63,0.0
2026-01-08T12:00,-44.6,-50.3,0.0,0.21,0.0
2026-01-08T13:00,-44.5,-49.7,0.0,0.67,0.0
2026-01-08T14:00,-44.2,-49.0,0.0,0.76,0.0
2026-01-08T15:00,-43.6,-48.2,0.0,0.78,0.0
2026-01-08T16:00,-43.2,-47.7,0.0,0.87,0.0
2026-01-08T17:00,-43.4,-47.6,0.0,0.7,0.0
2026-01-08T18:00,-43.7,-48.7,0.0,0.63,0.0
2026-01-08T19:00,-44.6,-49.2,0.0,0.43,0.0
2026-01-08T20:00,-45.0,-48.9,0.0,0.4,0.0
2026-01-08T21:00,-45.7,-49.1,0.0,0.54,0.0
2026-01-08T22:00,-45.9,-49.1,0.0,0.36,0.0
2026-01-08T23:00,-45.9,-49.2,0.0,0.4,0.0
2026-01-09T00:00,-46.1,-50.8,0.0,0.29,0.0
2026-01-09T01:00,-45.9,-50.7,0.0,0.67,711.28
2026-01-09T02:00,-44.7,-49.9,0.0,0.62,3600.0
2026-01-09T03:00,-43.9,-49.1,0.0,0.9,3600.0
2026-01-09T04:00,-43.6,-48.3,0.0,1.0,3600.0
2026-01-09T05:00,-44.0,-48.4,0.0,1.07,3510.42
2026-01-09T06:00,-45.4,-49.6,0.0,0.55,0.0
2026-01-09T07:00,-45.8,-49.9,0.0,0.52,0.0
2026-01-09T08:00,-46.1,-50.1,0.0,0.81,0.0
2026-01-09T09:00,-46.2,-50.2,0.0,0.72,0.0
2026-01-09T10:00,-46.4,-50.2,0.0,0.82,0.0
2026-01-09T11:00,-45.5,-49.6,0.0,1.21,0.0
2026-01-09T12:00,-45.2,-50.0,0.0,1.03,0.0
2026-01-09T13:00,-44.5,-49.3,0.0,1.12,0.0
2026-01-09T14:00,-43.1,-48.2,0.0,1.17,0.0
2026-01-09T15:00,-41.9,-46.9,0.0,1.73,0.0
2026-01-09T16:00,-41.1,-45.9,0.0,1.96,0.0
2026-01-09T17:00,-41.0,-45.3,0.0,0.75,0.0
2026-01-09T18:00,-41.0,-45.7,0.1,0.79,0.0
2026-01-09T19:00,-40.8,-45.0,0.1,0.51,0.0
2026-01-09T20:00,-39.8,-44.1,0.1,0.67,0.0
2026-01-09T21:00,-38.8,-43.1,0.1,0.95,0.0
2026-01-09T22:00,-37.8,-42.3,0.1,1.1,0.0
2026-01-09T23:00,-37.1,-41.3,0.1,1.05,0.0
2026-01-10T00:00,-37.2,-41.4,0.0,0.15,0.0
2026-01-10T01:00,-36.6,-40.5,0.0,0.58,0.0
2026-01-10T02:00,-36.1,-40.1,0.0,0.81,0.0
2026-01-10T03:00,-34.6,-38.9,0.0,0.85,0.0
2026-01-10T04:00,-34.1,-38.3,0.0,0.75,0.0
2026-01-10T05:00,-33.6,-37.5,0.0,0.98,0.0
2026-01-10T06:00,-34.6,-38.2,0.1,0.78,0.0
2026-01-10T07:00,-34.6,-37.7,0.0,1.32,0.0
2026-01-10T08:00,-34.5,-37.7,0.0,1.6,0.0
2026-01-10T09:00,-34.3,-37.4,0.0,1.52,0.0
2026-01-10T10:00,-33.6,-37.1,0.0,1.35,0.0
2026-01-10T11:00,-33.8,-37.3,0.0,1.44,0.0
2026-01-10T12:00,-36.6,-40.1,0.0,1.7,0.0
2026-01-10T13:00,-36.1,-40.0,0.0,1.61,0.0
2026-01-10T14:00,-36.0,-39.9,0.0,1.66,0.0
2026-01-10T15:00,-36.0,-39.9,0.0,1.51,0.0
2026-01-10T16:00,-36.5,-40.4,0.0,1.6,0.0
2026-01-10T17:00,-36.1,-39.5,0.0,2.25,0.0
2026-01-10T18:00,-39.9,-44.3,0.0,2.11,0.0
2026-01-10T19:00,-38.3,-42.3,0.0,2.35,0.0
2026-01-10T20:00,-37.0,-41.0,0.0,2.64,0.0
2026-01-10T21:00,-35.7,-39.9,0.1,2.37,0.0
2026-01-10T22:00,-34.8,-38.9,0.1,2.08,0.0
2026-01-10T23:00,-34.0,-38.0,0.1,1.99,0.0
2026-01-11T00:00,-38.1,-42.2,0.1,1.91,0.0
2026-01-11T01:00,-36.0,-39.9,0.0,2.19,0.0
2026-01-11T02:00,-34.9,-38.7,0.0,2.05,0.0
2026-01-11T03:00,-33.8,-37.6,0.1,1.81,0.0
2026-01-11T04:00,-33.2,-36.9,0.1,1.61,0.0
2026-01-11T05:00,-32.9,-36.6,0.0,1.52,0.0
2026-01-11T06:00,-35.7,-39.2,0.0,1.55,0.0
2026-01-11T07:00,-33.9,-38.1,0.1,1.5,0.0
2026-01-11T08:00,-32.8,-37.2,0.0,1.86,0.0
2026-01-11T09:00,-34.0,-37.8,0.0,1.11,0.0
2026-01-11T10:00,-35.6,-39.1,0.0,0.6,0.0
2026-01-11T11:00,-37.0,-40.2,0.0,0.14,0.0
2026-01-11T12:00,-37.6,-42.2,0.0,0.18,0.0
2026-01-11T13:00,-38.9,-43.5,0.0,0.05,0.0
2026-01-11T14:00,-39.0,-43.4,0.0,0.27,0.0
2026-01-11T15:00,-38.8,-43.2,0.0,0.29,0.0
2026-01-11T16:00,-38.4,-42.3,0.0,0.43,0.0
2026-01-11T17:00,-38.3,-42.1,0.0,0.87,0.0
2026-01-11T18:00,-39.9,-43.3,0.0,0.87,0.0
2026-01-11T19:00,-39.1,-42.5,0.0,1.47,0.0
2026-01-11T20:00,-36.3,-40.5,0.0,1.93,0.0
2026-01-11T21:00,-34.6,-39.1,0.0,2.17,0.0
2026-01-11T22:00,-33.2,-37.7,0.0,2.15,0.0
2026-01-11T23:00,-32.2,-36.6,0.1,2.26,0.0
2026-01-12T00:00,-33.6,-38.3,0.1,1.66,0.0
2026-01-12T01:00,-32.2,-36.2,0.0,2.37,0.0
2026-01-12T02:00,-30.9,-35.1,0.0,2.6,0.0
2026-01-12T03:00,-29.9,-34.2,0.0,2.28,0.0
2026-01-12T04:00,-29.1,-33.3,0.0,2.75,0.0
2026-01-12T05:00,-28.7,-32.1,0.0,1.85,0.0
2026-01-12T06:00,-28.7,-32.2,0.1,1.89,0.0
2026-01-12T07:00,-27.9,-31.4,0.2,1.83,0.0
2026-01-12T08:00,-27.1,-30.7,0.2,2.24,0.0
2026-01-12T09:00,-26.9,-30.4,0.1,2.05,0.0
2026-01-12T10:00,-26.5,-29.9,0.0,1.7,0.0
2026-01-12T11:00,-26.4,-29.7,0.0,1.57,0.0
2026-01-12T12:00,-26.9,-29.8,0.0,1.45,0.0
2026-01-12T13:00,-27.3,-30.3,0.0,1.6,0.0
2026-01-12T14:00,-28.3,-31.4,0.0,1.25,0.0
2026-01-12T15:00,-28.3,-31.5,0.0,1.27,0.0
2026-01-12T16:00,-28.4,-31.8,0.0,0.54,0.0
2026-01-12T17:00,-28.8,-32.3,0.0,0.46,0.0
2026-01-12T18:00,-30.4,-33.5,0.0,0.41,0.0
2026-01-12T19:00,-31.0,-34.3,0.0,0.55,0.0
2026-01-12T20:00,-31.8,-34.6,0.0,0.32,0.0
2026-01-12T21:00,-33.1,-34.9,0.0,0.38,0.0
2026-01-12T22:00,-33.3,-35.1,0.0,0.39,0.0
2026-01-12T23:00,-33.8,-35.0,0.0,0.29,0.0
2026-01-13T00:00,-37.4,-40.4,0.0,0.52,0.0
2026-01-13T01:00,-36.9,-40.1,0.0,0.18,0.0
2026-01-13T02:00,-35.1,-39.1,0.0,0.18,0.0
2026-01-13T03:00,-34.3,-38.9,0.0,0.82,266.24
2026-01-13T04:00,-34.1,-38.8,0.0,0.28,2901.02
2026-01-13T05:00,-34.3,-38.9,0.0,0.53,536.07
2026-01-13T06:00,-34.6,-39.3,0.0,0.2,0.0
2026-01-13T07:00,-34.9,-39.2,0.0,0.1,0.0
2026-01-13T08:00,-35.8,-39.7,0.0,0.7,0.0
2026-01-13T09:00,-36.6,-40.1,0.0,0.6,0.0
2026-01-13T10:00,-36.8,-40.0,0.0,0.22,0.0
2026-01-13T11:00,-36.7,-39.9,0.0,0.25,0.0
2026-01-13T12:00,-37.7,-43.0,0.0,0.36,0.0
2026-01-13T13:00,-37.6,-42.6,0.0,0.25,0.0
2026-01-13T14:00,-37.2,-42.0,0.0,0.47,0.0
2026-01-13T15:00,-37.5,-41.9,0.0,0.21,0.0
2026-01-13T16:00,-37.4,-41.6,0.0,0.58,0.0
2026-01-13T17:00,-37.3,-41.0,0.0,0.47,0.0
2026-01-13T18:00,-38.1,-41.9,0.0,0.66,0.0
2026-01-13T19:00,-38.5,-41.8,0.0,0.47,0.0
2026-01-13T20:00,-38.0,-41.1,0.0,0.21,0.0
2026-01-13T21:00,-37.7,-41.2,0.0,0.32,0.0
2026-01-13T22:00,-38.1,-41.8,0.0,0.36,0.0
2026-01-13T23:00,-38.0,-42.1,0.0,0.11,0.0
2026-01-14T00:00,-37.7,-42.2,0.0,0.3,0.0
2026-01-14T01:00,-37.1,-41.6,0.0,0.51,0.0
2026-01-14T02:00,-35.9,-40.8,0.0,0.32,2354.0
2026-01-14T03:00,-34.2,-39.7,0.0,0.1,3600.0
2026-01-14T04:00,-33.5,-39.2,0.0,0.15,456.62
2026-01-14T05:00,-33.3,-38.8,0.0,0.11,0.0
2026-01-14T06:00,-33.4,-38.9,0.0,0.16,0.0
2026-01-14T07:00,-34.0,-38.8,0.0,0.11,0.0
2026-01-14T08:00,-33.5,-38.5,0.0,0.11,0.0
2026-01-14T09:00,-33.6,-38.6,0.0,0.28,0.0
2026-01-14T10:00,-33.7,-38.6,0.0,0.34,0.0
2026-01-14T11:00,-33.8,-38.5,0.0,0.25,0.0
2026-01-14T12:00,-34.6,-38.7,0.1,0.63,0.0
2026-01-14T13:00,-33.4,-37.7,0.0,0.35,0.0
2026-01-14T14:00,-33.7,-37.8,0.0,0.35,0.0
2026-01-14T15:00,-32.2,-37.1,0.0,0.27,0.0
2026-01-14T16:00,-32.7,-37.3,0.0,0.41,0.0
2026-01-14T17:00,-33.7,-38.0,0.0,0.15,0.0
2026-01-14T18:00,-35.3,-39.2,0.0,0.32,0.0
2026-01-14T19:00,-36.1,-39.6,0.0,0.14,0.0
2026-01-14T20:00,-37.1,-40.4,0.0,0.45,0.0
2026-01-14T21:00,-37.8,-41.1,0.0,0.05,0.0
2026-01-14T22:00,-37.9,-41.4,0.0,0.1,0.0
2026-01-14T23:00,-38.6,-42.1,0.0,0.15,0.0
2026-01-15T00:00,-38.6,-42.5,0.0,0.32,0.0
2026-01-15T01:00,-39.5,-42.8,0.0,0.93,2122.92
2026-01-15T02:00,-38.3,-42.0,0.0,0.63,3600.0
2026-01-15T03:00,-37.6,-41.8,0.0,0.3,3600.0
2026-01-15T04:00,-37.2,-41.5,0.0,0.11,3600.0
2026-01-15T05:00,-37.6,-41.6,0.0,0.1,3600.0
2026-01-15T06:00,-37.2,-40.8,0.0,0.07,0.0
2026-01-15T07:00,-37.5,-41.3,0.0,0.66,0.0
2026-01-15T08:00,-37.7,-41.4,0.0,1.66,0.0
2026-01-15T09:00,-38.1,-41.8,0.0,0.84,0.0
2026-01-15T10:00,-38.0,-42.1,0.0,0.05,0.0
2026-01-15T11:00,-38.4,-42.4,0.0,0.39,0.0
2026-01-15T12:00,-38.5,-41.8,0.0,0.56,0.0
2026-01-15T13:00,-39.0,-42.2,0.0,0.49,0.0
2026-01-15T14:00,-39.0,-42.5,0.0,0.27,0.0
2026-01-15T15:00,-38.8,-42.5,0.0,0.18,0.0
2026-01-15T16:00,-38.9,-42.5,0.0,0.71,0.0
2026-01-15T17:00,-39.2,-42.8,0.0,0.83,0.0
2026-01-15T18:00,-39.9,-43.5,0.0,0.4,0.0
2026-01-15T19:00,-40.2,-43.9,0.0,0.47,0.0
2026-01-15T20:00,-40.6,-44.2,0.0,0.81,0.0
2026-01-15T21:00,-40.4,-44.3,0.0,0.51,0.0
2026-01-15T22:00,-40.1,-44.3,0.0,0.16,0.0
2026-01-15T23:00,-39.5,-44.0,0.0,0.15,0.0
2026-01-16T00:00,-40.1,-44.9,0.0,0.15,0.0
2026-01-16T01:00,-39.7,-44.4,0.0,0.55,1861.77
2026-01-16T02:00,-38.4,-43.8,0.0,0.56,2805.14
2026-01-16T03:00,-37.4,-43.1,0.0,0.27,3600.0
2026-01-16T04:00,-37.2,-42.5,0.0,0.38,2711.68
2026-01-16T05:00,-37.7,-42.3,0.0,0.67,2507.25
2026-01-16T06:00,-38.9,-43.1,0.0,0.57,0.0
2026-01-16T07:00,-39.2,-43.5,0.0,0.21,0.0
2026-01-16T08:00,-39.3,-43.8,0.0,0.25,0.0
2026-01-16T09:00,-39.7,-44.3,0.0,0.21,0.0
2026-01-16T10:00,-40.0,-44.7,0.0,0.25,0.0
2026-01-16T11:00,-39.9,-44.9,0.0,0.14,0.0
2026-01-16T12:00,-41.2,-45.7,0.0,0.59,0.0
2026-01-16T13:00,-42.2,-46.1,0.0,0.75,0.0
2026-01-16T14:00,-42.2,-46.2,0.0,0.32,0.0
2026-01-16T15:00,-42.1,-46.2,0.0,0.11,0.0
2026-01-16T16:00,-42.0,-46.3,0.0,0.11,0.0
2026-01-16T17:00,-42.0,-46.5,0.0,0.18,0.0
2026-01-16T18:00,-42.3,-46.7,0.0,0.16,0.0
2026-01-16T19:00,-42.2,-46.6,0.0,0.21,0.0
2026-01-16T20:00,-42.0,-46.5,0.0,0.25,0.0
2026-01-16T21:00,-41.8,-46.3,0.0,0.18,0.0
2026-01-16T22:00,-42.3,-46.6,0.0,0.5,0.0
2026-01-16T23:00,-42.0,-46.4,0.0,0.15,0.0
2026-01-17T00:00,-42.7,-47.1,0.0,0.25,0.0
2026-01-17T01:00,-41.9,-46.4,0.0,0.47,3600.0
2026-01-17T02:00,-40.9,-45.6,0.0,0.39,3600.0
2026-01-17T03:00,-40.2,-45.0,0.0,0.27,3600.0
2026-01-17T04:00,-40.0,-44.5,0.0,0.27,3600.0
2026-01-17T05:00,-40.3,-44.5,0.0,0.27,3600.0
2026-01-17T06:00,-41.5,-45.7,0.0,0.16,205.68
2026-01-17T07:00,-41.6,-45.8,0.0,0.5,0.0
2026-01-17T08:00,-41.8,-45.9,0.0,0.34,0.0
2026-01-17T09:00,-42.1,-45.9,0.0,0.36,0.0
2026-01-17T10:00,-42.2,-45.9,0.0,0.21,0.0
2026-01-17T11:00,-42.5,-46.1,0.0,0.11,0.0
2026-01-17T12:00,-43.6,-46.9,0.0,0.27,0.0
2026-01-17T13:00,-44.1,-47.2,0.0,0.43,0.0
2026-01-17T14:00,-44.4,-47.5,0.0,0.58,0.0
2026-01-17T15:00,-44.5,-47.8,0.0,0.78,0.0
2026-01-17T16:00,-44.6,-48.0,0.0,0.57,0.0
2026-01-17T17:00,-44.5,-48.1,0.0,0.47,0.0
2026-01-17T18:00,-44.8,-48.7,0.0,0.16,0.0
2026-01-17T19:00,-44.8,-48.8,0.0,0.18,0.0
2026-01-17T20:00,-44.7,-48.8,0.0,0.2,0.0
2026-01-17T21:00,-44.6,-48.9,0.0,0.3,0.0
2026-01-17T22:00,-44.7,-49.0,0.0,0.38,0.0
2026-01-17T23:00,-44.8,-49.0,0.0,0.39,0.0
2026-01-18T00:00,-45.0,-49.1,0.0,0.21,0.0
2026-01-18T01:00,-44.7,-48.6,0.0,0.4,3600.0
2026-01-18T02:00,-43.3,-47.6,0.0,0.78,3600.0
2026-01-18T03:00,-42.4,-47.1,0.0,0.93,3600.0
2026-01-18T04:00,-41.9,-46.5,0.0,0.85,3600.0
2026-01-18T05:00,-42.3,-46.3,0.0,0.89,3600.0
2026-01-18T06:00,-43.8,-47.7,0.0,0.5,103.53
2026-01-18T07:00,-44.7,-48.4,0.0,0.47,0.0
2026-01-18T08:00,-45.2,-48.8,0.0,0.54,0.0
2026-01-18T09:00,-45.6,-49.2,0.0,0.57,0.0
2026-01-18T10:00,-45.9,-49.4,0.0,0.5,0.0
2026-01-18T11:00,-46.1,-49.6,0.0,0.5,0.0
2026-01-18T12:00,-46.0,-49.7,0.0,0.35,0.0
2026-01-18T13:00,-47.1,-50.5,0.0,0.71,0.0
2026-01-18T14:00,-47.1,-50.7,0.0,0.54,0.0
2026-01-18T15:00,-47.3,-50.8,0.0,0.5,0.0
2026-01-18T16:00,-47.5,-51.0,0.0,0.68,0.0
2026-01-18T17:00,-47.4,-50.7,0.0,0.6,0.0
2026-01-18T18:00,-47.4,-51.7,0.0,0.22,0.0
2026-01-18T19:00,-47.7,-51.6,0.0,0.21,0.0
2026-01-18T20:00,-47.4,-51.1,0.0,0.16,0.0
2026-01-18T21:00,-47.3,-50.9,0.0,0.36,0.0
2026-01-18T22:00,-47.2,-50.7,0.0,0.47,0.0
2026-01-18T23:00,-46.9,-50.3,0.0,0.2,0.0
2026-01-19T00:00,-47.2,-51.1,0.0,0.11,0.0
2026-01-19T01:00,-46.4,-50.4,0.0,0.6,3600.0
2026-01-19T02:00,-44.7,-49.1,0.0,1.7,3600.0
2026-01-19T03:00,-43.6,-48.3,0.0,0.65,3600.0
2026-01-19T04:00,-42.9,-47.4,0.0,0.29,3600.0
2026-01-19T05:00,-43.1,-47.2,0.0,1.74,3600.0
2026-01-19T06:00,-44.4,-48.4,0.0,0.45,854.64
2026-01-19T07:00,-44.8,-49.0,0.0,1.2,0.0
2026-01-19T08:00,-45.4,-49.5,0.0,0.86,0.0
2026-01-19T09:00,-45.4,-49.4,0.0,0.21,0.0
2026-01-19T10:00,-46.3,-49.9,0.0,0.94,0.0
2026-01-19T11:00,-46.3,-50.1,0.0,0.18,0.0
2026-01-19T12:00,-46.5,-50.4,0.0,0.11,0.0
2026-01-19T13:00,-47.3,-51.0,0.0,0.89,0.0
2026-01-19T14:00,-47.2,-50.9,0.0,0.16,0.0
2026-01-19T15:00,-47.0,-51.0,0.0,0.25,0.0
2026-01-19T16:00,-46.9,-50.9,0.0,0.82,0.0
2026-01-19T17:00,-46.8,-50.8,0.0,0.34,0.0
2026-01-19T18:00,-47.4,-51.2,0.0,1.45,0.0
2026-01-19T19:00,-48.2,-51.7,0.0,0.49,0.0
2026-01-19T20:00,-47.8,-51.5,0.0,1.56,0.0
2026-01-19T21:00,-47.9,-51.5,0.0,0.81,0.0
2026-01-19T22:00,-47.6,-51.3,0.0,1.33,0.0
2026-01-19T23:00,-47.8,-51.4,0.0,0.5,0.0
2026-01-20T00:00,-48.4,-52.3,0.0,0.76,0.0
2026-01-20T01:00,-47.6,-51.4,0.0,0.11,3600.0
2026-01-20T02:00,-46.5,-51.1,0.0,0.54,3600.0
2026-01-20T03:00,-45.5,-50.2,0.0,0.67,3600.0
2026-01-20T04:00,-44.7,-49.3,0.0,0.27,3600.0
2026-01-20T05:00,-45.3,-48.9,0.0,0.35,3600.0
2026-01-20T06:00,-46.5,-49.6,0.0,0.29,743.1
2026-01-20T07:00,-47.3,-49.6,0.0,0.63,0.0
2026-01-20T08:00,-47.3,-50.5,0.0,0.68,0.0
2026-01-20T09:00,-46.9,-50.1,0.0,0.56,0.0
2026-01-20T10:00,-47.0,-49.8,0.0,0.6,0.0
2026-01-20T11:00,-47.1,-50.0,0.0,0.25,0.0
2026-01-20T12:00,-47.1,-50.3,0.0,0.38,0.0
2026-01-20T13:00,-48.1,-51.1,0.0,0.18,0.0
2026-01-20T14:00,-48.4,-51.3,0.0,0.11,0.0
2026-01-20T15:00,-48.3,-51.3,0.0,0.45,0.0
2026-01-20T16:00,-48.4,-51.3,0.0,0.46,0.0
2026-01-20T17:00,-48.2,-51.3,0.0,0.11,0.0
2026-01-20T18:00,-48.6,-53.1,0.0,0.14,0.0
2026-01-20T19:00,-49.0,-53.4,0.0,0.21,0.0
2026-01-20T20:00,-48.9,-53.3,0.0,0.29,0.0
2026-01-20T21:00,-49.1,-52.7,0.0,0.39,0.0
2026-01-20T22:00,-49.1,-52.0,0.0,0.51,0.0
2026-01-20T23:00,-49.1,-52.5,0.0,0.53,0.0
2026-01-21T00:00,-49.0,-55.1,0.0,0.27,0.0
2026-01-21T01:00,-47.8,-53.8,0.0,0.38,3600.0
2026-01-21T02:00,-46.4,-52.3,0.0,0.46,3600.0
2026-01-21T03:00,-44.9,-50.5,0.0,0.71,3600.0
2026-01-21T04:00,-43.5,-48.8,0.0,0.97,3600.0
2026-01-21T05:00,-43.1,-47.6,0.0,0.57,3600.0
2026-01-21T06:00,-43.1,-48.1,0.0,0.4,631.77
2026-01-21T07:00,-42.9,-47.5,0.0,0.45,0.0
2026-01-21T08:00,-42.5,-46.8,0.0,0.29,0.0
2026-01-21T09:00,-42.1,-46.3,0.0,0.3,0.0
2026-01-21T10:00,-42.0,-46.0,0.0,0.3,0.0
2026-01-21T11:00,-41.7,-45.5,0.0,0.32,0.0
2026-01-21T12:00,-42.8,-47.3,0.0,0.54,0.0
2026-01-21T13:00,-42.3,-46.2,0.0,1.09,0.0
2026-01-21T14:00,-41.0,-44.6,0.0,1.12,0.0
2026-01-21T15:00,-40.1,-43.6,0.0,1.13,0.0
2026-01-21T16:00,-38.9,-42.4,0.0,1.09,0.0
2026-01-21T17:00,-37.6,-41.2,0.0,1.12,0.0
2026-01-21T18:00,-37.4,-41.4,0.0,1.35,0.0
2026-01-21T19:00,-36.2,-39.8,0.0,1.45,0.0
2026-01-21T20:00,-36.3,-39.7,0.0,0.9,0.0
2026-01-21T21:00,-36.0,-39.2,0.0,0.54,0.0
2026-01-21T22:00,-35.4,-38.5,0.0,0.4,0.0
2026-01-21T23:00,-34.8,-38.2,0.0,0.57,0.0
2026-01-22T00:00,-36.3,-40.1,0.0,0.76,0.0
2026-01-22T01:00,-34.3,-38.3,0.0,1.64,0.0
2026-01-22T02:00,-32.5,-36.9,0.1,1.93,636.99
2026-01-22T03:00,-31.0,-35.4,0.1,1.76,491.46
2026-01-22T04:00,-29.7,-34.0,0.1,1.81,0.0
2026-01-22T05:00,-29.0,-33.1,0.1,1.46,0.0
2026-01-22T06:00,-30.0,-33.2,0.1,1.43,0.0
2026-01-22T07:00,-29.4,-32.4,0.1,1.96,0.0
2026-01-22T08:00,-29.2,-32.2,0.1,1.65,0.0
2026-01-22T09:00,-28.6,-31.8,0.1,1.6,0.0
2026-01-22T10:00,-28.1,-31.3,0.2,1.65,0.0
2026-01-22T11:00,-27.9,-31.1,0.2,1.76,0.0
2026-01-22T12:00,-27.8,-30.8,0.2,1.6,0.0
2026-01-22T13:00,-27.5,-30.5,0.2,1.8,0.0
2026-01-22T14:00,-27.2,-30.3,0.2,1.7,0.0
2026-01-22T15:00,-27.3,-30.3,0.1,1.65,0.0
2026-01-22T16:00,-27.3,-30.4,0.1,1.7,0.0
2026-01-22T17:00,-27.2,-30.4,0.1,1.7,0.0
2026-01-22T18:00,-29.0,-32.0,0.0,1.4,0.0
2026-01-22T19:00,-29.7,-32.6,0.0,0.86,0.0
2026-01-22T20:00,-30.1,-33.0,0.0,0.45,0.0
2026-01-22T21:00,-30.2,-33.0,0.0,0.36,0.0
2026-01-22T22:00,-30.6,-33.2,0.0,0.32,0.0
2026-01-22T23:00,-31.1,-33.4,0.0,0.27,0.0
2026-01-23T00:00,-32.1,-34.1,0.0,0.35,0.0
2026-01-23T01:00,-31.4,-33.8,0.0,0.32,3069.59
2026-01-23T02:00,-30.0,-33.1,0.0,0.28,3600.0
2026-01-23T03:00,-28.9,-33.2,0.0,0.21,3600.0
2026-01-23T04:00,-28.8,-33.0,0.0,0.32,3261.33
2026-01-23T05:00,-28.9,-33.0,0.0,0.3,2568.52
2026-01-23T06:00,-30.8,-34.7,0.0,0.35,0.0
2026-01-23T07:00,-31.6,-35.3,0.0,0.36,0.0
2026-01-23T08:00,-32.5,-36.2,0.0,0.4,0.0
2026-01-23T09:00,-33.6,-37.4,0.0,0.35,0.0
2026-01-23T10:00,-34.1,-38.2,0.0,0.32,0.0
2026-01-23T11:00,-34.5,-38.5,0.0,0.5,0.0
2026-01-23T12:00,-34.1,-38.0,0.0,0.11,0.0
2026-01-23T13:00,-34.8,-38.4,0.0,0.25,0.0
2026-01-23T14:00,-35.3,-38.7,0.0,0.32,0.0
2026-01-23T15:00,-35.9,-39.1,0.0,0.54,0.0
2026-01-23T16:00,-35.9,-39.0,0.0,0.36,0.0
2026-01-23T17:00,-35.3,-38.5,0.0,0.42,0.0
2026-01-23T18:00,-35.5,-38.8,0.0,0.07,0.0
2026-01-23T19:00,-35.6,-38.8,0.0,0.47,0.0
2026-01-23T20:00,-36.3,-39.6,0.0,0.61,0.0
2026-01-23T21:00,-37.3,-40.5,0.0,0.83,0.0
2026-01-23T22:00,-37.8,-41.0,0.0,0.34,0.0
2026-01-23T23:00,-38.3,-41.5,0.0,0.16,0.0
2026-01-24T00:00,-38.1,-41.7,0.0,0.05,0.0
2026-01-24T01:00,-37.3,-41.1,0.0,0.11,2764.68
2026-01-24T02:00,-36.0,-40.7,0.0,0.25,3600.0
2026-01-24T03:00,-35.0,-40.2,0.0,0.11,2732.83
2026-01-24T04:00,-34.0,-39.3,0.0,0.05,2825.15
2026-01-24T05:00,-33.7,-38.7,0.0,0.16,0.0
2026-01-24T06:00,-34.9,-39.7,0.0,0.35,295.57
2026-01-24T07:00,-35.3,-40.1,0.0,0.2,0.0
2026-01-24T08:00,-35.6,-40.2,0.0,0.05,0.0
2026-01-24T09:00,-36.1,-40.3,0.0,0.11,0.0
2026-01-24T10:00,-36.5,-40.3,0.0,0.11,0.0
2026-01-24T11:00,-36.9,-40.4,0.0,0.22,0.0
2026-01-24T12:00,-37.1,-40.1,0.0,0.4,0.0
2026-01-24T13:00,-37.2,-39.9,0.0,0.6,0.0
2026-01-24T14:00,-37.5,-40.0,0.0,0.21,0.0
2026-01-24T15:00,-38.0,-40.2,0.0,0.25,0.0
2026-01-24T16:00,-38.5,-40.4,0.0,0.21,0.0
2026-01-24T17:00,-38.2,-40.5,0.0,0.3,0.0
2026-01-24T18:00,-38.6,-41.0,0.0,0.25,0.0
2026-01-24T19:00,-38.4,-41.1,0.0,0.54,0.0
2026-01-24T20:00,-37.3,-40.5,0.0,0.68,0.0
2026-01-24T21:00,-35.4,-38.9,0.1,1.5,0.0
2026-01-24T22:00,-33.8,-37.8,0.2,1.78,0.0
2026-01-24T23:00,-32.5,-36.9,0.2,2.06,0.0
2026-01-25T00:00,-31.6,-36.7,0.1,1.7,0.0
2026-01-25T01:00,-30.0,-35.4,0.0,1.71,0.0
2026-01-25T02:00,-28.5,-33.4,0.0,0.71,379.46
2026-01-25T03:00,-27.1,-32.2,0.0,0.27,3600.0
2026-01-25T04:00,-26.3,-31.2,0.0,0.2,2910.4
2026-01-25T05:00,-25.3,-30.0,0.1,0.15,0.0
2026-01-25T06:00,-25.6,-29.8,0.1,0.32,0.0
2026-01-25T07:00,-25.8,-29.7,0.0,0.55,0.0
2026-01-25T08:00,-26.1,-29.8,0.0,0.75,0.0
2026-01-25T09:00,-25.8,-29.4,0.0,0.51,0.0
2026-01-25T10:00,-25.6,-29.3,0.0,0.32,0.0
2026-01-25T11:00,-25.4,-29.0,0.0,0.29,0.0
2026-01-25T12:00,-26.5,-30.3,0.1,0.18,0.0
2026-01-25T13:00,-26.0,-30.0,0.1,0.43,0.0
2026-01-25T14:00,-25.8,-29.8,0.1,0.28,0.0
2026-01-25T15:00,-26.3,-30.0,0.0,0.28,0.0
2026-01-25T16:00,-26.1,-29.6,0.0,0.34,0.0
2026-01-25T17:00,-25.6,-29.1,0.1,0.29,0.0
2026-01-25T18:00,-26.3,-29.8,0.1,0.35,0.0
2026-01-25T19:00,-26.5,-30.1,0.0,0.25,0.0
2026-01-25T20:00,-26.1,-29.7,0.0,0.11,0.0
2026-01-25T21:00,-25.7,-29.4,0.0,0.07,0.0
2026-01-25T22:00,-26.1,-29.7,0.0,0.07,0.0
2026-01-25T23:00,-26.1,-29.6,0.0,0.14,0.0
2026-01-26T00:00,-28.0,-31.3,0.0,0.11,0.0
2026-01-26T01:00,-27.8,-31.1,0.0,0.3,3600.0
2026-01-26T02:00,-26.7,-30.7,0.0,0.1,3600.0
2026-01-26T03:00,-25.6,-30.1,0.0,0.05,3600.0
2026-01-26T04:00,-25.0,-29.7,0.0,0.21,3600.0
2026-01-26T05:00,-25.5,-29.4,0.0,0.35,3600.0
2026-01-26T06:00,-27.0,-30.8,0.0,0.61,1652.84
2026-01-26T07:00,-27.3,-30.9,0.0,0.55,0.0
2026-01-26T08:00,-27.7,-31.1,0.0,0.38,0.0
2026-01-26T09:00,-27.7,-31.1,0.0,0.41,0.0
2026-01-26T10:00,-28.2,-31.2,0.0,0.81,0.0
2026-01-26T11:00,-28.8,-31.4,0.0,0.92,0.0
2026-01-26T12:00,-29.4,-32.0,0.0,0.65,0.0
2026-01-26T13:00,-29.1,-32.0,0.0,0.32,0.0
2026-01-26T14:00,-27.6,-30.8,0.1,0.25,0.0
2026-01-26T15:00,-26.3,-30.2,0.2,0.49,0.0
2026-01-26T16:00,-25.4,-29.9,0.1,0.65,0.0
2026-01-26T17:00,-24.7,-28.9,0.2,0.5,0.0
2026-01-26T18:00,-25.0,-29.4,0.3,0.95,0.0
2026-01-26T19:00,-24.8,-28.3,0.2,1.07,0.0
2026-01-26T20:00,-24.7,-28.0,0.1,1.03,0.0
2026-01-26T21:00,-27.1,-30.1,0.0,0.88,0.0
2026-01-26T22:00,-29.0,-32.4,0.0,0.99,0.0
2026-01-26T23:00,-30.9,-34.4,0.0,1.27,0.0
2026-01-27T00:00,-32.3,-36.2,0.0,0.46,614.36
2026-01-27T01:00,-31.7,-36.0,0.0,0.28,3600.0
2026-01-27T02:00,-29.8,-34.9,0.0,0.39,3600.0
2026-01-27T03:00,-28.4,-34.0,0.0,0.39,3600.0
2026-01-27T04:00,-27.6,-33.0,0.0,0.3,3600.0
2026-01-27T05:00,-27.9,-32.5,0.0,0.25,3600.0
2026-01-27T06:00,-29.3,-34.1,0.0,0.14,3235.95
2026-01-27T07:00,-30.0,-34.3,0.0,0.25,0.0
2026-01-27T08:00,-30.6,-34.5,0.0,0.18,0.0
2026-01-27T09:00,-31.9,-34.5,0.0,0.29,0.0
2026-01-27T10:00,-32.5,-34.5,0.0,0.1,0.0
2026-01-27T11:00,-32.4,-34.6,0.0,0.32,0.0
2026-01-27T12:00,-32.7,-36.2,0.0,0.27,0.0
2026-01-27T13:00,-33.1,-36.6,0.0,0.39,0.0
2026-01-27T14:00,-31.9,-35.9,0.0,0.25,0.0
2026-01-27T15:00,-31.2,-35.1,0.0,0.25,0.0
2026-01-27T16:00,-30.6,-34.4,0.0,0.18,0.0
2026-01-27T17:00,-29.9,-33.7,0.0,0.6,0.0
2026-01-27T18:00,-29.7,-34.0,0.0,0.21,0.0
2026-01-27T19:00,-29.1,-33.5,0.0,0.94,0.0
2026-01-27T20:00,-28.6,-32.8,0.0,0.72,0.0
2026-01-27T21:00,-28.6,-32.6,0.0,0.36,0.0
2026-01-27T22:00,-28.3,-32.3,0.0,0.05,0.0
2026-01-27T23:00,-28.8,-32.6,0.0,0.05,0.0
2026-01-28T00:00,-28.8,-32.3,0.0,0.21,0.0
2026-01-28T01:00,-27.8,-31.5,0.0,0.14,590.93
2026-01-28T02:00,-26.4,-31.2,0.0,0.11,3600.0
2026-01-28T03:00,-25.2,-30.9,0.0,0.07,3600.0
2026-01-28T04:00,-24.6,-30.4,0.0,0.07,3600.0
2026-01-28T05:00,-25.1,-30.1,0.0,0.05,3600.0
2026-01-28T06:00,-25.9,-30.1,0.0,0.05,2165.64
2026-01-28T07:00,-26.9,-30.5,0.0,0.27,0.0
2026-01-28T08:00,-27.8,-31.1,0.0,0.3,0.0
2026-01-28T09:00,-28.6,-31.7,0.0,0.47,0.0
2026-01-28T10:00,-29.4,-32.4,0.0,0.51,0.0
2026-01-28T11:00,-30.1,-33.0,0.0,0.53,0.0
2026-01-28T12:00,-32.0,-35.3,0.0,0.18,0.0
2026-01-28T13:00,-33.0,-35.8,0.0,1.03,0.0
2026-01-28T14:00,-33.2,-36.1,0.0,1.75,0.0
2026-01-28T15:00,-34.0,-37.3,0.0,1.61,0.0
2026-01-28T16:00,-33.9,-37.3,0.0,1.59,0.0
2026-01-28T17:00,-33.7,-37.2,0.0,1.21,0.0
2026-01-28T18:00,-34.5,-37.6,0.0,0.55,0.0
2026-01-28T19:00,-34.6,-37.8,0.0,0.69,0.0
2026-01-28T20:00,-34.3,-37.7,0.0,0.49,0.0
2026-01-28T21:00,-34.2,-37.7,0.0,0.25,0.0
2026-01-28T22:00,-34.0,-37.6,0.0,0.3,0.0
2026-01-28T23:00,-33.9,-37.6,0.0,0.4,0.0
2026-01-29T00:00,-33.9,-37.1,0.0,0.28,406.63
2026-01-29T01:00,-32.7,-36.2,0.0,0.25,2344.7
2026-01-29T02:00,-31.3,-35.4,0.0,0.55,3600.0
2026-01-29T03:00,-30.1,-34.3,0.0,0.45,3600.0
2026-01-29T04:00,-29.6,-33.6,0.0,0.25,3600.0
2026-01-29T05:00,-29.6,-33.2,0.0,0.25,3600.0
2026-01-29T06:00,-30.5,-33.6,0.0,0.14,463.33
2026-01-29T07:00,-31.2,-33.8,0.0,0.22,0.0
2026-01-29T08:00,-32.3,-34.6,0.0,0.36,0.0
2026-01-29T09:00,-33.4,-35.6,0.0,0.47,0.0
2026-01-29T10:00,-34.3,-36.6,0.0,0.71,0.0
2026-01-29T11:00,-35.2,-37.3,0.0,1.03,0.0
2026-01-29T12:00,-35.5,-37.7,0.0,0.35,0.0
2026-01-29T13:00,-35.5,-38.2,0.0,0.63,0.0
2026-01-29T14:00,-35.8,-38.4,0.0,0.76,0.0
2026-01-29T15:00,-36.2,-39.0,0.0,0.85,0.0
2026-01-29T16:00,-36.8,-40.0,0.0,0.88,0.0
2026-01-29T17:00,-37.2,-40.7,0.0,1.03,0.0
2026-01-29T18:00,-37.6,-41.1,0.0,1.13,0.0
2026-01-29T19:00,-37.6,-41.3,0.0,1.17,0.0
2026-01-29T20:00,-38.0,-41.7,0.0,1.0,0.0
2026-01-29T21:00,-38.0,-41.8,0.0,0.78,0.0
2026-01-29T22:00,-38.0,-41.8,0.0,0.67,0.0
2026-01-29T23:00,-38.1,-42.0,0.0,0.5,0.0
2026-01-30T00:00,-37.7,-41.6,0.0,0.16,301.65
2026-01-30T01:00,-36.7,-40.9,0.0,0.21,3600.0
2026-01-30T02:00,-35.3,-39.9,0.0,0.22,3600.0
2026-01-30T03:00,-34.0,-38.9,0.0,0.25,3600.0
2026-01-30T04:00,-33.1,-38.0,0.0,0.07,3600.0
2026-01-30T05:00,-33.0,-37.7,0.0,0.07,3600.0
2026-01-30T06:00,-33.7,-38.0,0.0,0.11,3600.0
2026-01-30T07:00,-35.2,-38.6,0.0,0.32,0.0
2026-01-30T08:00,-36.4,-39.6,0.0,0.85,0.0
2026-01-30T09:00,-36.8,-40.3,0.0,0.67,0.0
2026-01-30T10:00,-37.0,-40.8,0.0,0.56,0.0
2026-01-30T11:00,-37.1,-41.0,0.0,0.57,0.0
2026-01-30T12:00,-36.9,-41.6,0.0,0.11,0.0
2026-01-30T13:00,-36.8,-41.4,0.0,0.35,0.0
2026-01-30T14:00,-36.7,-41.2,0.0,0.1,0.0
2026-01-30T15:00,-36.7,-41.1,0.0,0.21,0.0
2026-01-30T16:00,-36.9,-41.2,0.0,0.16,0.0
2026-01-30T17:00,-37.0,-41.3,0.0,0.1,0.0
2026-01-30T18:00,-37.3,-41.4,0.0,0.59,0.0
2026-01-30T19:00,-37.0,-40.7,0.0,0.68,0.0
2026-01-30T20:00,-37.1,-40.4,0.0,0.27,0.0
2026-01-30T21:00,-37.4,-40.7,0.0,0.39,0.0
2026-01-30T22:00,-37.5,-41.1,0.0,0.32,0.0
2026-01-30T23:00,-37.3,-41.2,0.0,0.25,0.0
2026-01-31T00:00,-37.2,-41.9,0.0,0.35,2382.85
2026-01-31T01:00,-35.7,-40.0,0.0,0.43,3600.0
2026-01-31T02:00,-33.2,-38.7,0.0,0.38,3600.0
2026-01-31T03:00,-31.0,-37.1,0.0,0.39,3600.0
2026-01-31T04:00,-29.5,-35.0,0.0,0.54,3600.0
2026-01-31T05:00,-29.4,-34.1,0.0,0.81,3600.0
2026-01-31T06:00,-31.2,-35.6,0.0,0.91,3600.0
2026-01-31T07:00,-32.4,-36.0,0.0,0.9,0.0
2026-01-31T08:00,-32.9,-36.1,0.0,0.34,0.0
2026-01-31T09:00,-33.7,-36.3,0.0,0.25,0.0
2026-01-31T10:00,-34.5,-36.6,0.0,0.3,0.0
2026-01-31T11:00,-35.1,-36.7,0.0,0.27,0.0
2026-01-31T12:00,-38.4,-40.2,0.0,0.43,0.0
2026-01-31T13:00,-38.3,-40.5,0.0,0.34,0.0
2026-01-31T14:00,-37.7,-40.4,0.0,0.25,0.0
2026-01-31T15:00,-37.8,-40.5,0.0,0.29,0.0
2026-01-31T16:00,-38.4,-41.1,0.0,0.22,0.0
2026-01-31T17:00,-39.1,-41.9,0.0,0.34,0.0
2026-01-31T18:00,-40.0,-42.6,0.0,0.16,0.0
2026-01-31T19:00,-40.2,-42.8,0.0,0.11,0.0
2026-01-31T20:00,-40.8,-43.1,0.0,0.47,0.0
2026-01-31T21:00,-41.6,-43.9,0.0,0.81,0.0
2026-01-31T22:00,-41.7,-44.4,0.0,1.32,0.0
2026-01-31T23:00,-41.4,-44.6,0.0,1.32,0.0
2026-02-01T00:00,-40.6,-44.3,0.0,0.05,90.13
2026-02-01T01:00,-39.3,-43.6,0.0,0.49,3600.0
2026-02-01T02:00,-37.7,-42.5,0.0,0.71,3600.0
2026-02-01T03:00,-36.0,-41.2,0.0,0.78,3600.0
2026-02-01T04:00,-35.1,-40.0,0.0,0.72,3600.0
2026-02-01T05:00,-34.7,-39.4,0.0,0.63,3600.0
2026-02-01T06:00,-36.2,-40.5,0.0,0.4,1513.83
2026-02-01T07:00,-37.5,-41.3,0.0,0.94,0.0
2026-02-01T08:00,-38.3,-42.1,0.0,0.99,0.0
2026-02-01T09:00,-38.6,-42.4,0.0,1.01,0.0
2026-02-01T10:00,-38.7,-42.6,0.0,0.67,0.0
2026-02-01T11:00,-38.8,-42.8,0.0,0.81,0.0
2026-02-01T12:00,-38.0,-41.2,0.0,0.61,0.0
2026-02-01T13:00,-38.9,-42.4,0.0,0.25,0.0
2026-02-01T14:00,-39.2,-43.1,0.0,0.36,0.0
2026-02-01T15:00,-39.6,-43.4,0.0,0.32,0.0
2026-02-01T16:00,-40.1,-43.8,0.0,0.2,0.0
2026-02-01T17:00,-40.5,-44.3,0.0,0.15,0.0
2026-02-01T18:00,-43.1,-47.7,0.0,0.05,0.0
2026-02-01T19:00,-44.1,-47.9,0.0,0.3,0.0
2026-02-01T20:00,-44.1,-47.9,0.0,0.16,0.0
2026-02-01T21:00,-44.2,-47.9,0.0,0.14,0.0
2026-02-01T22:00,-44.1,-47.5,0.0,0.1,0.0
2026-02-01T23:00,-43.7,-47.3,0.0,0.14,0.0
2026-02-02T00:00,-42.7,-48.6,0.0,0.07,2890.54
2026-02-02T01:00,-42.0,-47.8,0.0,0.43,3600.0
2026-02-02T02:00,-39.9,-47.0,0.0,0.05,3600.0
2026-02-02T03:00,-38.4,-46.0,0.0,0.0,3600.0
2026-02-02T04:00,-37.6,-44.9,0.0,0.11,3600.0
2026-02-02T05:00,-37.6,-44.0,0.0,0.07,3600.0
2026-02-02T06:00,-40.0,-44.9,0.0,0.21,3600.0
2026-02-02T07:00,-41.0,-45.5,0.0,0.1,0.0
2026-02-02T08:00,-41.3,-45.7,0.0,0.11,0.0
2026-02-02T09:00,-41.6,-45.9,0.0,0.11,0.0
2026-02-02T10:00,-41.8,-46.1,0.0,0.05,0.0
2026-02-02T11:00,-42.2,-46.4,0.0,0.1,0.0
2026-02-02T12:00,-43.4,-47.6,0.0,0.34,0.0
2026-02-02T13:00,-44.6,-48.2,0.0,0.5,0.0
2026-02-02T14:00,-44.4,-48.0,0.0,0.18,0.0
2026-02-02T15:00,-44.4,-48.0,0.0,0.05,0.0
2026-02-02T16:00,-44.4,-48.0,0.0,0.14,0.0
2026-02-02T17:00,-44.3,-48.0,0.0,0.25,0.0
2026-02-02T18:00,-45.6,-50.3,0.0,0.22,0.0
2026-02-02T19:00,-46.2,-50.4,0.0,0.2,0.0
2026-02-02T20:00,-46.3,-50.3,0.0,0.29,0.0
2026-02-02T21:00,-46.3,-50.0,0.0,0.22,0.0
2026-02-02T22:00,-46.3,-50.1,0.0,0.28,0.0
2026-02-02T23:00,-45.9,-49.9,0.0,0.45,0.0
2026-02-03T00:00,-43.6,-47.9,0.0,0.11,1292.79
2026-02-03T01:00,-41.9,-47.3,0.0,0.22,3600.0
2026-02-03T02:00,-39.2,-46.6,0.0,0.34,3600.0
2026-02-03T03:00,-37.1,-45.1,0.0,0.32,3600.0
2026-02-03T04:00,-35.8,-43.2,0.0,0.65,3600.0
2026-02-03T05:00,-35.6,-42.0,0.0,0.85,3600.0
2026-02-03T06:00,-37.3,-42.2,0.0,0.92,3600.0
2026-02-03T07:00,-38.7,-43.1,0.0,0.87,0.0
2026-02-03T08:00,-39.5,-43.6,0.0,1.21,0.0
2026-02-03T09:00,-40.2,-44.2,0.0,1.2,0.0
2026-02-03T10:00,-40.6,-44.8,0.0,0.81,0.0
2026-02-03T11:00,-40.9,-45.3,0.0,0.76,0.0
2026-02-03T12:00,-42.3,-46.7,0.0,0.21,0.0
2026-02-03T13:00,-43.0,-46.8,0.0,0.36,0.0
2026-02-03T14:00,-43.3,-46.9,0.0,0.28,0.0
2026-02-03T15:00,-43.8,-46.2,0.0,0.22,0.0
2026-02-03T16:00,-43.8,-46.0,0.0,0.11,0.0
2026-02-03T17:00,-43.8,-46.2,0.0,0.0,0.0
2026-02-03T18:00,-43.4,-46.5,0.0,0.14,0.0
2026-02-03T19:00,-42.7,-46.1,0.1,0.27,0.0
2026-02-03T20:00,-42.2,-46.0,0.0,0.38,0.0
2026-02-03T21:00,-42.1,-45.9,0.0,0.32,0.0
2026-02-03T22:00,-41.6,-45.5,0.0,0.61,0.0
2026-02-03T23:00,-41.4,-45.2,0.0,0.84,0.0
2026-02-04T00:00,-41.4,-45.7,0.0,0.65,1873.86
2026-02-04T01:00,-39.9,-44.8,0.0,0.81,3600.0
2026-02-04T02:00,-38.2,-43.6,0.0,0.41,3600.0
2026-02-04T03:00,-36.8,-42.6,0.0,0.3,3600.0
2026-02-04T04:00,-35.6,-41.8,0.0,0.14,3600.0
2026-02-04T05:00,-35.1,-40.7,0.0,0.32,2056.05
2026-02-04T06:00,-35.8,-40.0,0.0,0.42,359.62
2026-02-04T07:00,-37.9,-40.9,0.0,0.32,0.0
2026-02-04T08:00,-38.5,-41.0,0.0,0.25,0.0
2026-02-04T09:00,-38.4,-40.9,0.0,0.21,0.0
2026-02-04T10:00,-38.2,-40.9,0.0,0.25,0.0
2026-02-04T11:00,-38.0,-40.8,0.0,0.21,0.0
2026-02-04T12:00,-39.4,-42.2,0.0,0.76,0.0
2026-02-04T13:00,-39.0,-42.2,0.0,0.84,0.0
2026-02-04T14:00,-38.8,-42.0,0.0,1.03,0.0
2026-02-04T15:00,-39.1,-42.4,0.0,0.67,0.0
2026-02-04T16:00,-39.7,-43.0,0.0,0.67,0.0
2026-02-04T17:00,-40.3,-43.7,0.0,0.97,0.0
2026-02-04T18:00,-40.3,-43.3,0.0,0.34,0.0
2026-02-04T19:00,-39.5,-42.9,0.0,1.39,0.0
2026-02-04T20:00,-39.4,-42.9,0.0,1.55,0.0
2026-02-04T21:00,-39.2,-42.7,0.0,1.48,0.0
2026-02-04T22:00,-39.0,-42.5,0.0,1.59,0.0
2026-02-04T23:00,-38.8,-42.2,0.0,1.38,0.0
2026-02-05T00:00,-38.6,-41.9,0.0,0.5,0.0
2026-02-05T01:00,-37.1,-40.7,0.0,0.54,861.18
2026-02-05T02:00,-35.6,-39.7,0.0,0.62,3600.0
2026-02-05T03:00,-34.4,-38.8,0.0,0.87,3600.0
2026-02-05T04:00,-33.7,-38.0,0.0,0.8,3600.0
2026-02-05T05:00,-33.7,-37.5,0.0,0.55,3600.0
2026-02-05T06:00,-36.0,-38.8,0.0,0.54,3600.0
2026-02-05T07:00,-38.3,-40.5,0.0,0.76,0.0
2026-02-05T08:00,-39.3,-41.8,0.0,0.98,0.0
2026-02-05T09:00,-40.2,-43.2,0.0,1.12,0.0
2026-02-05T10:00,-40.9,-43.9,0.0,1.14,0.0
2026-02-05T11:00,-41.2,-44.2,0.0,1.01,0.0
2026-02-05T12:00,-41.9,-44.6,0.0,0.2,0.0
2026-02-05T13:00,-42.1,-45.0,0.0,0.29,0.0
2026-02-05T14:00,-41.8,-44.8,0.0,0.39,0.0
2026-02-05T15:00,-41.8,-45.0,0.0,0.39,0.0
2026-02-05T16:00,-41.7,-44.9,0.0,0.49,0.0
2026-02-05T17:00,-41.8,-44.8,0.0,0.36,0.0
2026-02-05T18:00,-42.8,-45.9,0.0,0.32,0.0
2026-02-05T19:00,-42.9,-45.9,0.0,0.11,0.0
2026-02-05T20:00,-43.2,-46.4,0.0,0.25,0.0
2026-02-05T21:00,-43.5,-46.7,0.0,0.32,0.0
2026-02-05T22:00,-43.7,-46.7,0.0,0.29,0.0
2026-02-05T23:00,-43.8,-46.7,0.0,0.22,0.0
2026-02-06T00:00,-43.4,-47.2,0.0,0.18,3600.0
2026-02-06T01:00,-42.2,-46.4,0.0,0.54,3600.0
2026-02-06T02:00,-40.8,-45.5,0.0,0.61,3600.0
2026-02-06T03:00,-39.0,-44.2,0.0,0.45,3600.0
2026-02-06T04:00,-37.9,-42.9,0.0,0.46,3600.0
2026-02-06T05:00,-37.9,-42.1,0.0,0.2,3600.0
2026-02-06T06:00,-39.3,-42.5,0.0,0.1,3600.0
2026-02-06T07:00,-41.3,-43.4,0.0,0.25,500.97
2026-02-06T08:00,-42.3,-44.3,0.0,0.32,0.0
2026-02-06T09:00,-42.7,-45.1,0.0,0.32,0.0
2026-02-06T10:00,-43.0,-45.7,0.0,0.32,0.0
2026-02-06T11:00,-43.4,-46.2,0.0,0.32,0.0
2026-02-06T12:00,-43.4,-47.0,0.0,0.25,0.0
2026-02-06T13:00,-44.0,-47.0,0.0,0.32,0.0
2026-02-06T14:00,-44.6,-47.6,0.0,0.57,0.0
2026-02-06T15:00,-45.2,-48.0,0.0,0.74,0.0
2026-02-06T16:00,-45.4,-48.2,0.0,0.5,0.0
2026-02-06T17:00,-45.5,-48.4,0.0,0.21,0.0
2026-02-06T18:00,-47.0,-51.2,0.0,0.15,0.0
2026-02-06T19:00,-47.2,-51.1,0.0,0.2,0.0
2026-02-06T20:00,-47.1,-51.0,0.0,0.15,0.0
2026-02-06T21:00,-47.4,-51.2,0.0,0.3,0.0
2026-02-06T22:00,-47.5,-51.1,0.0,0.36,0.0
2026-02-06T23:00,-47.6,-51.0,0.0,0.32,0.0
2026-02-07T00:00,-45.9,-49.9,0.0,0.27,3600.0
2026-02-07T01:00,-44.3,-48.9,0.0,0.72,3600.0
2026-02-07T02:00,-42.1,-48.0,0.0,0.78,3600.0
2026-02-07T03:00,-40.4,-46.5,0.0,0.75,3600.0
2026-02-07T04:00,-39.0,-45.2,0.0,0.47,3600.0
2026-02-07T05:00,-38.7,-44.4,0.0,0.21,3600.0
2026-02-07T06:00,-39.9,-45.3,0.0,0.07,3600.0
2026-02-07T07:00,-41.4,-46.3,0.0,0.22,1046.41
2026-02-07T08:00,-42.2,-46.9,0.0,0.16,0.0
2026-02-07T09:00,-42.8,-47.3,0.0,0.07,0.0
2026-02-07T10:00,-43.3,-47.7,0.0,0.11,0.0
2026-02-07T11:00,-44.1,-48.1,0.0,0.1,0.0
2026-02-07T12:00,-45.2,-49.6,0.0,0.22,0.0
2026-02-07T13:00,-47.3,-50.8,0.0,0.52,0.0
2026-02-07T14:00,-47.5,-51.1,0.0,0.25,0.0
2026-02-07T15:00,-47.4,-51.0,0.0,0.05,0.0
2026-02-07T16:00,-47.2,-50.7,0.0,0.18,0.0
2026-02-07T17:00,-47.5,-50.9,0.0,0.15,0.0
2026-02-07T18:00,-49.3,-53.8,0.0,0.41,0.0
2026-02-07T19:00,-49.9,-54.0,0.0,0.21,0.0
2026-02-07T20:00,-49.5,-53.8,0.0,0.07,0.0
2026-02-07T21:00,-49.6,-53.6,0.0,0.1,0.0
2026-02-07T22:00,-50.1,-53.7,0.0,0.2,0.0
2026-02-07T23:00,-50.7,-54.3,0.0,0.2,0.0
2026-02-08T00:00,-49.2,-53.7,0.0,0.25,3600.0
2026-02-08T01:00,-47.7,-53.4,0.0,0.72,3600.0
2026-02-08T02:00,-45.5,-52.4,0.0,0.85,3600.0
2026-02-08T03:00,-43.8,-51.1,0.0,0.66,3600.0
2026-02-08T04:00,-42.6,-49.9,0.0,0.5,3600.0
2026-02-08T05:00,-42.1,-48.7,0.0,0.3,3600.0
2026-02-08T06:00,-43.3,-49.5,0.0,0.25,3600.0
2026-02-08T07:00,-45.4,-50.4,0.0,0.51,2027.43
2026-02-08T08:00,-46.6,-50.7,0.0,0.51,0.0
2026-02-08T09:00,-47.4,-51.1,0.0,0.5,0.0
2026-02-08T10:00,-47.9,-51.5,0.0,0.62,0.0
2026-02-08T11:00,-48.5,-51.9,0.0,1.25,0.0
2026-02-08T12:00,-49.0,-52.1,0.0,1.16,0.0
2026-02-08T13:00,-50.3,-53.2,0.0,1.39,0.0
2026-02-08T14:00,-50.1,-53.3,0.0,0.93,0.0
2026-02-08T15:00,-49.8,-53.1,0.0,0.4,0.0
2026-02-08T16:00,-49.7,-52.8,0.0,0.28,0.0
2026-02-08T17:00,-49.7,-52.8,0.0,0.21,0.0
2026-02-08T18:00,-51.3,-54.3,0.0,0.22,0.0
2026-02-08T19:00,-52.3,-55.1,0.0,0.36,0.0
2026-02-08T20:00,-52.1,-55.5,0.0,0.25,0.0
2026-02-08T21:00,-52.3,-55.7,0.0,0.3,0.0
2026-02-08T22:00,-52.4,-55.7,0.0,0.47,0.0
2026-02-08T23:00,-52.2,-55.4,0.0,0.25,0.0
2026-02-09T00:00,-51.0,-54.4,0.0,0.22,3600.0
2026-02-09T01:00,-49.4,-53.9,0.0,0.36,3600.0
2026-02-09T02:00,-47.2,-52.9,0.0,0.05,3600.0
2026-02-09T03:00,-45.3,-52.0,0.0,0.18,3600.0
2026-02-09T04:00,-44.0,-50.7,0.0,0.21,3600.0
2026-02-09T05:00,-43.2,-49.7,0.0,0.32,3600.0
2026-02-09T06:00,-44.2,-49.5,0.0,0.56,3600.0
2026-02-09T07:00,-46.3,-50.4,0.0,0.35,2109.71
2026-02-09T08:00,-46.7,-50.5,0.0,0.61,0.0
2026-02-09T09:00,-46.5,-50.5,0.0,1.21,0.0
2026-02-09T10:00,-45.6,-49.6,0.0,1.35,0.0
2026-02-09T11:00,-44.5,-48.7,0.0,1.7,0.0
2026-02-09T12:00,-44.1,-48.5,0.0,0.43,0.0
2026-02-09T13:00,-43.9,-48.3,0.1,0.76,0.0
2026-02-09T14:00,-43.3,-47.5,0.1,0.95,0.0
2026-02-09T15:00,-43.0,-46.9,0.0,0.76,0.0
2026-02-09T16:00,-42.7,-46.5,0.0,0.3,0.0
2026-02-09T17:00,-42.7,-46.2,0.0,0.96,0.0
2026-02-09T18:00,-43.6,-47.2,0.0,0.92,0.0
2026-02-09T19:00,-44.9,-48.5,0.0,0.6,0.0
2026-02-09T20:00,-45.2,-48.7,0.0,0.6,0.0
2026-02-09T21:00,-45.0,-48.5,0.0,0.71,0.0
2026-02-09T22:00,-45.5,-48.9,0.0,0.74,0.0
2026-02-09T23:00,-46.2,-49.6,0.0,0.67,0.0
2026-02-10T00:00,-45.2,-47.9,0.0,0.61,3600.0
2026-02-10T01:00,-43.3,-46.8,0.0,1.1,3600.0
2026-02-10T02:00,-41.2,-46.1,0.0,0.79,3600.0
2026-02-10T03:00,-39.5,-45.2,0.0,0.72,3600.0
2026-02-10T04:00,-38.2,-44.1,0.0,0.55,3600.0
2026-02-10T05:00,-37.7,-43.2,0.0,0.59,3600.0
2026-02-10T06:00,-37.3,-42.6,0.0,0.76,3600.0
2026-02-10T07:00,-39.2,-43.0,0.0,0.91,0.0
2026-02-10T08:00,-39.8,-43.3,0.0,1.25,0.0
2026-02-10T09:00,-40.0,-43.5,0.0,1.23,0.0
2026-02-10T10:00,-40.2,-43.6,0.0,1.46,0.0
2026-02-10T11:00,-40.1,-43.4,0.0,1.66,0.0
2026-02-10T12:00,-39.6,-43.2,0.0,1.36,0.0
2026-02-10T13:00,-40.3,-43.6,0.0,1.55,0.0
2026-02-10T14:00,-39.7,-43.4,0.1,1.66,0.0
2026-02-10T15:00,-39.1,-43.1,0.1,1.29,0.0
2026-02-10T16:00,-38.6,-42.6,0.1,1.16,0.0
2026-02-10T17:00,-38.2,-42.1,0.1,1.18,0.0
2026-02-10T18:00,-38.5,-42.6,0.1,0.81,0.0
2026-02-10T19:00,-38.3,-42.4,0.1,0.96,0.0
2026-02-10T20:00,-38.0,-42.0,0.1,1.07,0.0
2026-02-10T21:00,-37.5,-41.5,0.1,1.2,0.0
2026-02-10T22:00,-36.9,-41.0,0.1,1.3,0.0
2026-02-10T23:00,-36.5,-40.7,0.1,1.57,0.0
2026-02-11T00:00,-36.5,-41.1,0.1,1.27,0.0
2026-02-11T01:00,-35.4,-40.3,0.1,0.9,0.0
2026-02-11T02:00,-34.0,-39.3,0.1,0.86,0.0
2026-02-11T03:00,-32.6,-38.3,0.0,0.83,1136.23
2026-02-11T04:00,-31.6,-37.3,0.0,0.96,3600.0
2026-02-11T05:00,-31.3,-36.8,0.0,0.43,3600.0
2026-02-11T06:00,-31.5,-36.6,0.0,0.11,177.29
2026-02-11T07:00,-33.0,-37.4,0.0,0.61,0.0
2026-02-11T08:00,-33.1,-37.3,0.0,0.3,0.0
2026-02-11T09:00,-33.4,-37.5,0.0,0.05,0.0
2026-02-11T10:00,-33.2,-37.5,0.0,0.05,0.0
2026-02-11T11:00,-33.5,-37.7,0.0,0.18,0.0
2026-02-11T12:00,-35.4,-40.0,0.0,0.11,0.0
2026-02-11T13:00,-36.0,-40.5,0.0,0.07,0.0
2026-02-11T14:00,-36.3,-40.5,0.0,0.07,0.0
2026-02-11T15:00,-36.3,-40.6,0.0,0.16,0.0
2026-02-11T16:00,-36.8,-41.0,0.0,0.05,0.0
2026-02-11T17:00,-37.4,-41.2,0.0,0.05,0.0
2026-02-11T18:00,-39.5,-44.2,0.0,0.11,0.0
2026-02-11T19:00,-40.3,-44.6,0.0,0.11,0.0
2026-02-11T20:00,-40.7,-44.9,0.0,0.16,0.0
2026-02-11T21:00,-41.0,-45.0,0.0,0.16,0.0
2026-02-11T22:00,-41.5,-45.2,0.0,0.16,0.0
2026-02-11T23:00,-42.0,-45.5,0.0,0.15,35.35
2026-02-12T00:00,-40.3,-45.3,0.0,0.21,3600.0
2026-02-12T01:00,-38.6,-44.4,0.0,0.65,3600.0
2026-02-12T02:00,-36.3,-43.2,0.0,0.14,3600.0
2026-02-12T03:00,-34.3,-41.2,0.0,0.11,3600.0
2026-02-12T04:00,-32.9,-39.7,0.0,0.16,3600.0
2026-02-12T05:00,-32.2,-39.1,0.0,0.15,2143.73
2026-02-12T06:00,-32.4,-38.6,0.0,0.25,0.0
2026-02-12T07:00,-33.3,-38.2,0.0,0.16,0.0
2026-02-12T08:00,-33.9,-38.2,0.0,0.21,0.0
2026-02-12T09:00,-33.8,-38.0,0.0,0.0,0.0
2026-02-12T10:00,-34.0,-37.9,0.0,0.25,0.0
2026-02-12T11:00,-33.9,-37.7,0.0,0.67,0.0
2026-02-12T12:00,-34.1,-37.7,0.0,0.53,0.0
2026-02-12T13:00,-35.6,-39.1,0.0,0.68,0.0
2026-02-12T14:00,-36.3,-39.9,0.0,0.6,0.0
2026-02-12T15:00,-36.9,-40.7,0.0,0.22,0.0
2026-02-12T16:00,-36.9,-40.8,0.0,0.1,0.0
2026-02-12T17:00,-37.0,-40.9,0.0,0.15,0.0
2026-02-12T18:00,-37.6,-41.9,0.0,0.1,0.0
2026-02-12T19:00,-37.6,-41.6,0.0,0.14,0.0
2026-02-12T20:00,-38.5,-41.7,0.0,0.11,0.0
2026-02-12T21:00,-39.3,-41.7,0.0,0.1,0.0
2026-02-12T22:00,-40.3,-41.9,0.0,0.11,0.0
2026-02-12T23:00,-40.9,-42.2,0.0,0.11,0.0
2026-02-13T00:00,-40.1,-42.0,0.0,0.1,3600.0
2026-02-13T01:00,-37.4,-41.4,0.0,0.22,3600.0
2026-02-13T02:00,-34.8,-40.9,0.0,0.18,3600.0
2026-02-13T03:00,-32.6,-39.3,0.0,0.07,3600.0
2026-02-13T04:00,-31.0,-38.3,0.0,0.25,3600.0
2026-02-13T05:00,-30.4,-37.3,0.0,0.07,3600.0
2026-02-13T06:00,-31.9,-36.8,0.0,0.38,3600.0
2026-02-13T07:00,-33.9,-37.8,0.0,0.25,2984.78
2026-02-13T08:00,-34.6,-38.1,0.0,0.11,0.0
2026-02-13T09:00,-35.3,-38.6,0.0,0.07,0.0
2026-02-13T10:00,-36.5,-39.8,0.0,0.39,0.0
2026-02-13T11:00,-37.8,-40.8,0.0,0.57,0.0
2026-02-13T12:00,-39.3,-42.6,0.0,0.57,0.0
2026-02-13T13:00,-40.5,-43.4,0.0,1.1,0.0
2026-02-13T14:00,-41.5,-44.8,0.0,1.38,0.0
2026-02-13T15:00,-42.4,-45.8,0.0,1.17,0.0
2026-02-13T16:00,-42.8,-46.1,0.0,0.82,0.0
2026-02-13T17:00,-43.3,-46.3,0.0,0.89,0.0
2026-02-13T18:00,-45.1,-48.8,0.0,0.4,0.0
2026-02-13T19:00,-45.9,-48.8,0.0,0.53,0.0
2026-02-13T20:00,-46.0,-48.8,0.0,0.78,0.0
2026-02-13T21:00,-46.1,-49.0,0.0,0.57,0.0
2026-02-13T22:00,-46.3,-49.0,0.0,0.53,0.0
2026-02-13T23:00,-46.0,-48.8,0.0,0.54,0.0
2026-02-14T00:00,-44.6,-47.8,0.0,1.04,3600.0
2026-02-14T01:00,-42.6,-46.9,0.0,0.82,3600.0
2026-02-14T02:00,-39.9,-45.1,0.0,0.6,3600.0
2026-02-14T03:00,-37.7,-43.1,0.0,0.55,3600.0
2026-02-14T04:00,-36.2,-41.5,0.0,0.45,3600.0
2026-02-14T05:00,-35.5,-40.5,0.0,0.45,3600.0
2026-02-14T06:00,-36.9,-40.9,0.0,0.25,3600.0
2026-02-14T07:00,-38.6,-41.9,0.0,0.43,2758.37
2026-02-14T08:00,-40.2,-42.8,0.0,0.7,0.0
2026-02-14T09:00,-41.0,-43.6,0.0,0.81,0.0
2026-02-14T10:00,-41.7,-44.3,0.0,0.78,0.0
2026-02-14T11:00,-42.2,-44.9,0.0,0.56,0.0
2026-02-14T12:00,-41.6,-44.3,0.0,0.5,0.0
2026-02-14T13:00,-42.3,-44.5,0.0,0.25,0.0
2026-02-14T14:00,-42.4,-44.5,0.0,0.25,0.0
2026-02-14T15:00,-42.5,-44.5,0.0,0.11,0.0
2026-02-14T16:00,-42.3,-44.5,0.0,0.11,0.0
2026-02-14T17:00,-41.9,-44.4,0.0,0.14,0.0
2026-02-14T18:00,-42.6,-46.2,0.0,0.36,0.0
2026-02-14T19:00,-42.5,-44.8,0.0,0.43,0.0
2026-02-14T20:00,-42.2,-44.9,0.0,0.86,0.0
2026-02-14T21:00,-42.2,-45.0,0.0,0.76,0.0
2026-02-14T22:00,-42.5,-45.5,0.0,0.47,0.0
2026-02-14T23:00,-42.6,-45.9,0.0,0.53,0.0
2026-02-15T00:00,-42.1,-46.8,0.0,0.67,2771.5
2026-02-15T01:00,-39.9,-45.8,0.0,0.4,3600.0
2026-02-15T02:00,-37.8,-43.8,0.0,0.39,3600.0
2026-02-15T03:00,-36.1,-42.2,0.0,0.54,3600.0
2026-02-15T04:00,-34.9,-41.1,0.0,0.71,3600.0
2026-02-15T05:00,-34.4,-40.2,0.0,0.49,3600.0
2026-02-15T06:00,-35.9,-40.9,0.0,0.21,3600.0
2026-02-15T07:00,-37.7,-42.3,0.0,0.39,3366.78
2026-02-15T08:00,-38.4,-42.8,0.0,0.27,0.0
2026-02-15T09:00,-38.5,-42.9,0.0,0.15,0.0
2026-02-15T10:00,-38.6,-43.0,0.0,0.1,0.0
2026-02-15T11:00,-38.5,-43.0,0.0,0.07,0.0
2026-02-15T12:00,-40.1,-44.3,0.0,0.32,0.0
2026-02-15T13:00,-40.3,-44.4,0.0,0.18,0.0
2026-02-15T14:00,-40.1,-44.3,0.0,0.11,0.0
2026-02-15T15:00,-39.8,-44.2,0.0,0.11,0.0
2026-02-15T16:00,-39.5,-44.2,0.0,0.11,0.0
2026-02-15T17:00,-40.2,-44.7,0.0,0.11,0.0
2026-02-15T18:00,-41.3,-46.2,0.0,0.11,0.0
2026-02-15T19:00,-42.7,-46.8,0.0,0.1,0.0
2026-02-15T20:00,-43.2,-47.2,0.0,0.16,0.0
2026-02-15T21:00,-43.8,-47.6,0.0,0.16,0.0
2026-02-15T22:00,-44.3,-47.8,0.0,0.1,0.0
2026-02-15T23:00,-44.2,-47.7,0.0,0.1,829.22
2026-02-16T00:00,-43.8,-48.6,0.0,0.28,3600.0
2026-02-16T01:00,-41.4,-48.3,0.0,0.22,3600.0
2026-02-16T02:00,-38.9,-46.3,0.0,0.22,3600.0
2026-02-16T03:00,-36.7,-44.1,0.0,0.25,3600.0
2026-02-16T04:00,-35.3,-42.3,0.0,0.5,3600.0
2026-02-16T05:00,-34.5,-41.0,0.0,0.68,3363.64
2026-02-16T06:00,-35.1,-41.0,0.0,0.63,2237.02
2026-02-16T07:00,-36.7,-41.7,0.0,0.4,58.1
2026-02-16T08:00,-37.2,-42.1,0.0,0.29,0.0
2026-02-16T09:00,-37.4,-42.3,0.0,0.39,0.0
2026-02-16T10:00,-37.4,-42.3,0.0,0.45,0.0
2026-02-16T11:00,-38.1,-42.6,0.0,0.35,0.0
2026-02-16T12:00,-40.2,-43.9,0.0,0.35,0.0
2026-02-16T13:00,-41.2,-44.5,0.0,0.25,0.0
2026-02-16T14:00,-42.1,-45.2,0.0,0.16,0.0
2026-02-16T15:00,-42.7,-45.9,0.0,0.15,0.0
2026-02-16T16:00,-43.5,-46.6,0.0,0.16,0.0
2026-02-16T17:00,-44.2,-47.4,0.0,0.21,0.0
2026-02-16T18:00,-43.5,-47.9,0.0,0.16,0.0
2026-02-16T19:00,-44.8,-48.8,0.0,0.18,0.0
2026-02-16T20:00,-45.5,-50.1,0.0,0.16,0.0
2026-02-16T21:00,-46.0,-50.6,0.0,0.16,0.0
2026-02-16T22:00,-46.5,-50.2,0.0,0.1,0.0
2026-02-16T23:00,-46.4,-50.3,0.0,0.11,718.38
2026-02-17T00:00,-44.5,-50.4,0.0,0.16,3600.0
2026-02-17T01:00,-41.9,-49.7,0.0,0.07,3600.0
2026-02-17T02:00,-39.0,-47.7,0.0,0.0,3600.0
2026-02-17T03:00,-36.7,-45.1,0.0,0.05,3600.0
2026-02-17T04:00,-35.2,-43.1,0.0,0.16,3600.0
2026-02-17T05:00,-34.5,-41.6,0.0,0.3,3600.0
2026-02-17T06:00,-35.6,-41.8,0.0,0.46,1857.37
2026-02-17T07:00,-37.0,-41.9,0.0,0.27,0.0
2026-02-17T08:00,-37.8,-42.1,0.0,0.25,0.0
2026-02-17T09:00,-37.9,-42.1,0.0,0.22,0.0
2026-02-17T10:00,-37.9,-42.0,0.0,0.36,0.0
2026-02-17T11:00,-38.0,-41.9,0.0,0.5,0.0
2026-02-17T12:00,-38.5,-42.4,0.0,0.57,0.0
2026-02-17T13:00,-38.9,-42.7,0.0,1.01,0.0
2026-02-17T14:00,-39.2,-42.8,0.0,1.07,0.0
2026-02-17T15:00,-39.3,-42.8,0.0,1.39,0.0
2026-02-17T16:00,-38.9,-42.5,0.0,1.39,0.0
2026-02-17T17:00,-38.9,-42.4,0.0,1.32,0.0
2026-02-17T18:00,-40.3,-43.7,0.0,0.45,0.0
2026-02-17T19:00,-40.2,-44.0,0.0,1.03,0.0
2026-02-17T20:00,-40.0,-43.9,0.0,0.68,0.0
2026-02-17T21:00,-39.9,-43.9,0.0,0.45,0.0
2026-02-17T22:00,-40.3,-44.2,0.0,0.41,0.0
2026-02-17T23:00,-40.5,-44.4,0.0,0.49,0.0
2026-02-18T00:00,-40.5,-45.3,0.0,0.68,0.0
2026-02-18T01:00,-38.7,-44.2,0.0,0.55,0.0
2026-02-18T02:00,-36.9,-43.0,0.0,0.57,3600.0
2026-02-18T03:00,-35.7,-42.0,0.0,0.25,3600.0
2026-02-18T04:00,-34.5,-41.1,0.0,0.27,3600.0
2026-02-18T05:00,-33.8,-40.4,0.0,0.32,3600.0
2026-02-18T06:00,-35.4,-41.1,0.0,0.18,3600.0
2026-02-18T07:00,-37.2,-42.4,0.0,0.11,3600.0
2026-02-18T08:00,-38.6,-43.2,0.0,0.22,0.0
2026-02-18T09:00,-39.7,-43.6,0.0,0.29,0.0
2026-02-18T10:00,-40.7,-43.8,0.0,0.25,0.0
2026-02-18T11:00,-41.8,-44.1,0.0,0.27,0.0
2026-02-18T12:00,-43.6,-46.1,0.0,0.28,0.0
2026-02-18T13:00,-45.1,-46.8,0.0,0.28,0.0
2026-02-18T14:00,-45.7,-47.6,0.0,0.28,0.0
2026-02-18T15:00,-46.3,-48.6,0.0,0.16,0.0
2026-02-18T16:00,-47.0,-49.7,0.0,0.22,0.0
2026-02-18T17:00,-47.3,-50.6,0.0,0.32,0.0
2026-02-18T18:00,-47.9,-52.3,0.0,0.38,0.0
2026-02-18T19:00,-48.4,-52.6,0.0,0.36,0.0
2026-02-18T20:00,-47.0,-51.6,0.0,0.25,0.0
2026-02-18T21:00,-48.0,-51.7,0.0,0.21,0.0
2026-02-18T22:00,-49.0,-52.6,0.0,0.25,0.0
2026-02-18T23:00,-48.7,-53.1,0.0,0.25,2540.91
2026-02-19T00:00,-48.5,-54.6,0.0,0.81,3600.0
2026-02-19T01:00,-46.5,-53.3,0.0,0.54,3600.0
2026-02-19T02:00,-43.7,-50.9,0.0,0.63,3600.0
2026-02-19T03:00,-41.1,-48.7,0.0,0.55,3600.0
2026-02-19T04:00,-39.1,-46.6,0.0,0.66,3600.0
2026-02-19T05:00,-37.8,-44.9,0.0,0.86,3600.0
2026-02-19T06:00,-39.0,-45.2,0.0,0.86,3600.0
2026-02-19T07:00,-41.0,-46.1,0.0,0.76,3600.0
2026-02-19T08:00,-42.5,-47.0,0.0,0.55,0.0
2026-02-19T09:00,-43.6,-47.7,0.0,0.6,0.0
2026-02-19T10:00,-44.3,-48.3,0.0,0.55,0.0
2026-02-19T11:00,-44.6,-48.9,0.0,0.4,0.0
2026-02-19T12:00,-48.5,-51.5,0.0,0.25,0.0
2026-02-19T13:00,-49.2,-52.7,0.0,0.45,0.0
2026-02-19T14:00,-49.0,-52.5,0.0,0.4,0.0
2026-02-19T15:00,-49.0,-52.4,0.0,0.4,0.0
2026-02-19T16:00,-49.1,-52.3,0.0,0.45,0.0
2026-02-19T17:00,-49.1,-52.0,0.0,0.5,0.0
2026-02-19T18:00,-51.4,-54.3,0.0,0.45,0.0
2026-02-19T19:00,-51.8,-55.2,0.0,0.36,0.0
2026-02-19T20:00,-51.8,-55.8,0.0,0.29,0.0
2026-02-19T21:00,-52.3,-56.8,0.0,0.21,0.0
2026-02-19T22:00,-52.0,-56.0,0.0,0.32,0.0
2026-02-19T23:00,-50.8,-55.4,0.0,0.46,2743.03
2026-02-20T00:00,-47.9,-54.8,0.0,0.34,3600.0
2026-02-20T01:00,-44.6,-53.1,0.0,0.72,3600.0
2026-02-20T02:00,-41.4,-49.8,0.0,0.81,3600.0
2026-02-20T03:00,-38.8,-47.0,0.0,1.0,3600.0
2026-02-20T04:00,-36.7,-44.6,0.0,1.19,3600.0
2026-02-20T05:00,-35.4,-42.9,0.0,1.29,3600.0
2026-02-20T06:00,-37.0,-43.5,0.0,1.15,3600.0
2026-02-20T07:00,-39.0,-43.7,0.0,1.11,3600.0
2026-02-20T08:00,-39.9,-44.4,0.0,0.92,0.0
2026-02-20T09:00,-40.8,-45.0,0.0,1.07,0.0
2026-02-20T10:00,-41.8,-45.8,0.0,1.0,0.0
2026-02-20T11:00,-42.4,-46.4,0.0,0.91,0.0
2026-02-20T12:00,-43.3,-47.4,0.0,0.85,0.0
2026-02-20T13:00,-44.3,-48.2,0.0,0.75,0.0
2026-02-20T14:00,-44.4,-48.6,0.0,0.6,0.0
2026-02-20T15:00,-44.5,-48.8,0.0,0.65,0.0
2026-02-20T16:00,-44.4,-48.3,0.0,0.7,0.0
2026-02-20T17:00,-44.2,-47.7,0.0,0.57,0.0
2026-02-20T18:00,-45.3,-49.4,0.0,0.45,0.0
2026-02-20T19:00,-45.9,-49.1,0.0,0.42,0.0
2026-02-20T20:00,-45.6,-49.0,0.0,0.34,0.0
2026-02-20T21:00,-45.3,-48.5,0.0,0.36,0.0
2026-02-20T22:00,-45.6,-48.7,0.0,0.32,0.0
2026-02-20T23:00,-44.7,-48.3,0.0,0.25,2945.82
2026-02-21T00:00,-43.1,-48.4,0.0,0.56,3600.0
2026-02-21T01:00,-40.3,-46.8,0.0,0.29,3600.0
2026-02-21T02:00,-37.5,-44.4,0.0,0.07,3600.0
2026-02-21T03:00,-35.2,-42.5,0.0,0.16,3600.0
2026-02-21T04:00,-33.4,-41.9,0.0,0.54,3600.0
2026-02-21T05:00,-32.5,-40.5,0.0,0.51,3600.0
2026-02-21T06:00,-33.3,-40.1,0.0,0.21,3600.0
2026-02-21T07:00,-35.6,-40.5,0.0,0.25,3600.0
2026-02-21T08:00,-37.6,-41.4,0.0,0.6,109.37
2026-02-21T09:00,-38.7,-42.1,0.0,0.56,0.0
2026-02-21T10:00,-39.7,-42.8,0.0,0.7,0.0
2026-02-21T11:00,-40.6,-43.5,0.0,0.81,0.0
2026-02-21T12:00,-41.5,-44.7,0.0,0.61,0.0
2026-02-21T13:00,-43.0,-45.7,0.0,0.56,0.0
2026-02-21T14:00,-43.4,-46.2,0.0,0.49,0.0
2026-02-21T15:00,-43.7,-46.7,0.0,0.49,0.0
2026-02-21T16:00,-43.9,-47.0,0.0,0.45,0.0
2026-02-21T17:00,-44.2,-47.3,0.0,0.47,0.0
2026-02-21T18:00,-45.2,-49.4,0.0,0.3,0.0
2026-02-21T19:00,-45.8,-49.7,0.0,0.36,0.0
2026-02-21T20:00,-46.1,-49.8,0.0,0.29,0.0
2026-02-21T21:00,-46.2,-49.8,0.0,0.25,0.0
2026-02-21T22:00,-46.3,-49.8,0.0,0.32,0.0
2026-02-21T23:00,-45.3,-49.0,0.0,0.36,3149.1
2026-02-22T00:00,-42.3,-47.4,0.0,0.71,3600.0
2026-02-22T01:00,-39.4,-46.3,0.0,0.81,3600.0
2026-02-22T02:00,-36.8,-43.4,0.0,0.61,3600.0
2026-02-22T03:00,-34.7,-41.5,0.0,0.5,3600.0
2026-02-22T04:00,-33.3,-40.0,0.0,0.3,3518.62
2026-02-22T05:00,-32.3,-39.8,0.0,0.38,1548.76
2026-02-22T06:00,-32.3,-39.9,0.0,0.3,0.0
2026-02-22T07:00,-33.5,-39.0,0.0,0.87,0.0
2026-02-22T08:00,-34.6,-39.5,0.0,0.55,0.0
2026-02-22T09:00,-36.0,-40.3,0.0,0.4,0.0
2026-02-22T10:00,-37.0,-41.1,0.0,0.25,0.0
2026-02-22T11:00,-37.7,-41.6,0.0,0.21,0.0
2026-02-22T12:00,-38.2,-41.9,0.0,0.05,0.0
2026-02-22T13:00,-39.6,-42.6,0.0,0.29,0.0
2026-02-22T14:00,-40.2,-43.1,0.0,0.25,0.0
2026-02-22T15:00,-40.5,-43.4,0.0,0.15,0.0
2026-02-22T16:00,-40.7,-43.4,0.0,0.11,0.0
2026-02-22T17:00,-40.8,-43.5,0.0,0.22,0.0
2026-02-22T18:00,-40.9,-44.2,0.0,0.18,0.0
2026-02-22T19:00,-41.4,-44.7,0.0,0.25,0.0
2026-02-22T20:00,-41.8,-45.3,0.0,0.1,0.0
2026-02-22T21:00,-41.8,-45.8,0.0,0.1,0.0
2026-02-22T22:00,-40.9,-45.3,0.0,0.25,0.0
2026-02-22T23:00,-38.7,-43.6,0.0,0.22,0.0
2026-02-23T00:00,-36.4,-43.7,0.0,0.55,132.25
2026-02-23T01:00,-34.2,-43.0,0.0,0.25,3600.0
2026-02-23T02:00,-31.6,-40.7,0.0,0.3,3600.0
2026-02-23T03:00,-29.5,-39.0,0.0,0.36,3600.0
2026-02-23T04:00,-27.9,-37.1,0.0,0.27,3600.0
2026-02-23T05:00,-27.0,-35.7,0.0,0.36,3600.0
2026-02-23T06:00,-27.9,-34.8,0.0,0.05,3600.0
2026-02-23T07:00,-28.8,-34.9,0.0,0.05,0.0
2026-02-23T08:00,-30.0,-35.2,0.0,0.4,0.0
2026-02-23T09:00,-29.9,-34.6,0.0,0.54,0.0
2026-02-23T10:00,-29.4,-34.1,0.0,0.28,0.0
2026-02-23T11:00,-30.6,-35.1,0.0,0.46,0.0
2026-02-23T12:00,-31.9,-35.0,0.0,0.25,0.0
2026-02-23T13:00,-33.4,-35.9,0.0,0.22,0.0
2026-02-23T14:00,-34.3,-36.6,0.0,0.1,0.0
2026-02-23T15:00,-35.1,-37.5,0.0,0.1,0.0
2026-02-23T16:00,-35.8,-38.2,0.0,0.1,0.0
2026-02-23T17:00,-36.3,-39.0,0.0,0.05,0.0
2026-02-23T18:00,-37.2,-40.8,0.0,0.1,0.0
2026-02-23T19:00,-37.5,-41.1,0.0,0.1,0.0
2026-02-23T20:00,-37.7,-41.6,0.0,0.29,0.0
2026-02-23T21:00,-37.6,-41.6,0.0,0.27,0.0
2026-02-23T22:00,-37.9,-41.9,0.0,0.25,0.0
2026-02-23T23:00,-37.2,-41.6,0.0,0.21,3556.49
2026-02-24T00:00,-35.1,-42.8,0.0,0.63,3600.0
2026-02-24T01:00,-32.0,-41.6,0.0,0.25,3600.0
2026-02-24T02:00,-28.8,-37.8,0.0,0.72,3600.0
2026-02-24T03:00,-26.4,-34.9,0.0,0.6,3600.0
2026-02-24T04:00,-24.5,-32.8,0.0,0.67,3600.0
2026-02-24T05:00,-23.2,-31.0,0.0,0.89,3600.0
2026-02-24T06:00,-24.4,-30.6,0.0,0.78,3600.0
2026-02-24T07:00,-26.0,-30.1,0.0,1.03,2064.75
2026-02-24T08:00,-27.6,-30.9,0.0,1.26,0.0
2026-02-24T09:00,-27.8,-31.3,0.0,1.19,0.0
2026-02-24T10:00,-28.2,-31.6,0.0,1.2,0.0
2026-02-24T11:00,-28.5,-31.8,0.0,1.05,0.0
2026-02-24T12:00,-30.1,-32.8,0.0,0.56,0.0
2026-02-24T13:00,-31.6,-33.6,0.0,0.45,0.0
2026-02-24T14:00,-32.2,-34.2,0.0,0.36,0.0
2026-02-24T15:00,-33.0,-35.2,0.0,0.51,0.0
2026-02-24T16:00,-33.6,-36.3,0.0,0.63,0.0
2026-02-24T17:00,-34.0,-37.1,0.0,0.54,0.0
2026-02-24T18:00,-35.0,-39.4,0.0,0.35,0.0
2026-02-24T19:00,-36.0,-40.7,0.0,0.25,0.0
2026-02-24T20:00,-36.2,-41.5,0.0,0.25,0.0
2026-02-24T21:00,-36.3,-41.2,0.0,0.34,0.0
2026-02-24T22:00,-36.6,-41.4,0.0,0.34,0.0
2026-02-24T23:00,-35.0,-40.0,0.0,0.36,3600.0
2026-02-25T00:00,-33.7,-43.0,0.0,0.35,3600.0
2026-02-25T01:00,-30.7,-40.0,0.0,0.4,3600.0
2026-02-25T02:00,-27.7,-36.5,0.0,0.39,3600.0
2026-02-25T03:00,-25.2,-33.4,0.0,0.73,3600.0
2026-02-25T04:00,-23.3,-30.7,0.0,0.74,3600.0
2026-02-25T05:00,-22.1,-29.0,0.0,0.74,3600.0
2026-02-25T06:00,-25.1,-30.2,0.0,0.74,3600.0
2026-02-25T07:00,-26.7,-30.2,0.0,0.45,3600.0
2026-02-25T08:00,-28.4,-31.3,0.0,0.45,836.39
2026-02-25T09:00,-29.0,-31.8,0.0,0.36,0.0
2026-02-25T10:00,-29.6,-32.3,0.0,0.45,0.0
2026-02-25T11:00,-29.8,-32.6,0.0,0.4,0.0
2026-02-25T12:00,-31.1,-34.0,0.0,0.15,0.0
2026-02-25T13:00,-31.5,-33.8,0.0,0.35,0.0
2026-02-25T14:00,-31.9,-33.8,0.0,0.22,0.0
2026-02-25T15:00,-32.3,-34.1,0.0,0.11,0.0
2026-02-25T16:00,-33.0,-34.7,0.0,0.1,0.0
2026-02-25T17:00,-33.9,-35.4,0.0,0.25,0.0
2026-02-25T18:00,-37.2,-39.5,0.0,0.18,0.0
2026-02-25T19:00,-38.2,-40.7,0.0,0.46,0.0
2026-02-25T20:00,-38.5,-41.2,0.0,0.34,0.0
2026-02-25T21:00,-38.3,-41.1,0.0,0.22,0.0
2026-02-25T22:00,-38.1,-41.1,0.0,0.16,0.0
2026-02-25T23:00,-36.5,-39.9,0.0,0.18,2447.44
2026-02-26T00:00,-34.5,-40.2,0.0,0.6,3600.0
2026-02-26T01:00,-31.2,-38.1,0.0,0.2,3600.0
2026-02-26T02:00,-28.1,-35.7,0.0,0.16,3600.0
2026-02-26T03:00,-25.8,-33.5,0.0,0.18,3600.0
2026-02-26T04:00,-24.0,-31.8,0.0,0.16,3600.0
2026-02-26T05:00,-22.8,-30.6,0.0,0.36,3600.0
2026-02-26T06:00,-24.3,-30.8,0.0,0.35,3600.0
2026-02-26T07:00,-25.3,-30.7,0.0,0.07,3600.0
2026-02-26T08:00,-26.7,-31.5,0.0,0.1,183.6
2026-02-26T09:00,-27.3,-31.9,0.0,0.07,0.0
2026-02-26T10:00,-27.9,-32.4,0.0,0.11,0.0
2026-02-26T11:00,-28.7,-32.8,0.0,0.1,0.0
2026-02-26T12:00,-29.5,-32.8,0.0,0.15,0.0
2026-02-26T13:00,-31.0,-33.6,0.0,0.29,0.0
2026-02-26T14:00,-31.6,-34.2,0.0,0.4,0.0
2026-02-26T15:00,-31.6,-34.4,0.0,0.28,0.0
2026-02-26T16:00,-31.8,-34.6,0.0,0.45,0.0
2026-02-26T17:00,-31.6,-34.6,0.0,0.41,0.0
2026-02-26T18:00,-32.0,-35.8,0.0,0.16,0.0
2026-02-26T19:00,-31.6,-35.4,0.0,0.2,0.0
2026-02-26T20:00,-31.5,-35.3,0.0,0.91,0.0
2026-02-26T21:00,-31.0,-34.7,0.1,0.4,0.0
2026-02-26T22:00,-30.1,-34.2,0.1,0.18,0.0
2026-02-26T23:00,-28.7,-33.6,0.1,0.43,0.0
2026-02-27T00:00,-27.6,-32.9,0.1,0.6,0.0
2026-02-27T01:00,-25.9,-31.6,0.0,0.25,0.0
2026-02-27T02:00,-23.9,-29.9,0.0,0.25,3487.11
2026-02-27T03:00,-21.9,-28.3,0.0,0.38,3600.0
2026-02-27T04:00,-20.2,-27.0,0.0,0.34,3600.0
2026-02-27T05:00,-19.0,-25.8,0.0,0.3,3600.0
2026-02-27T06:00,-20.7,-26.4,0.0,0.11,3600.0
2026-02-27T07:00,-22.2,-27.1,0.0,0.32,3600.0
2026-02-27T08:00,-24.1,-28.5,0.0,0.47,1188.81
2026-02-27T09:00,-25.8,-29.2,0.0,0.56,0.0
2026-02-27T10:00,-27.0,-29.7,0.0,0.49,0.0
2026-02-27T11:00,-27.9,-30.1,0.0,0.36,0.0
2026-02-27T12:00,-28.5,-30.3,0.0,0.14,0.0
2026-02-27T13:00,-29.4,-30.5,0.0,0.05,0.0
2026-02-27T14:00,-30.3,-30.9,0.0,0.21,0.0
2026-02-27T15:00,-31.6,-32.6,0.0,0.45,0.0
2026-02-27T16:00,-32.5,-33.7,0.0,0.52,0.0
2026-02-27T17:00,-32.6,-34.1,0.0,0.56,0.0
2026-02-27T18:00,-33.4,-37.3,0.0,0.81,0.0
2026-02-27T19:00,-34.0,-37.7,0.0,0.75,0.0
2026-02-27T20:00,-34.1,-37.9,0.0,0.7,0.0
2026-02-27T21:00,-33.8,-38.0,0.0,0.76,0.0
2026-02-27T22:00,-34.1,-38.6,0.0,0.76,0.0
2026-02-27T23:00,-32.1,-37.3,0.0,0.86,2928.6
2026-02-28T00:00,-31.1,-38.3,0.0,0.57,3600.0
2026-02-28T01:00,-27.8,-36.2,0.0,0.51,3600.0
2026-02-28T02:00,-24.8,-34.0,0.0,0.46,3600.0
2026-02-28T03:00,-22.6,-31.5,0.0,0.3,3600.0
2026-02-28T04:00,-20.8,-29.2,0.0,0.25,3600.0
2026-02-28T05:00,-19.7,-27.5,0.0,0.15,3600.0
2026-02-28T06:00,-20.8,-27.2,0.0,0.3,3600.0
2026-02-28T07:00,-22.6,-27.6,0.0,0.55,3600.0
2026-02-28T08:00,-24.8,-29.0,0.0,0.72,2185.58
2026-02-28T09:00,-26.3,-29.8,0.0,0.75,0.0
2026-02-28T10:00,-27.2,-30.0,0.0,0.34,0.0
2026-02-28T11:00,-28.2,-30.2,0.0,0.21,0.0
2026-02-28T12:00,-30.6,-32.3,0.0,0.25,0.0
2026-02-28T13:00,-31.4,-32.7,0.0,0.16,0.0
2026-02-28T14:00,-31.2,-33.5,0.0,0.35,0.0
2026-02-28T15:00,-30.9,-33.7,0.0,0.47,0.0
2026-02-28T16:00,-30.8,-33.6,0.0,0.56,0.0
2026-02-28T17:00,-30.6,-33.3,0.0,0.68,0.0
2026-02-28T18:00,-32.7,-36.1,0.0,0.46,0.0
2026-02-28T19:00,-32.8,-35.7,0.0,0.43,0.0
2026-02-28T20:00,-32.9,-35.7,0.0,0.66,0.0
2026-02-28T21:00,-32.5,-35.7,0.0,0.91,0.0
2026-02-28T22:00,-31.6,-34.9,0.0,1.18,0.0
2026-02-28T23:00,-29.2,-32.9,0.0,1.22,0.0
2026-03-01T00:00,-27.6,-32.8,0.0,1.36,1917.5
2026-03-01T01:00,-24.0,-30.7,0.0,1.19,3600.0
2026-03-01T02:00,-20.8,-28.1,0.0,1.11,3600.0
2026-03-01T03:00,-18.3,-25.7,0.0,1.01,3600.0
2026-03-01T04:00,-16.4,-24.0,0.0,0.81,3600.0
2026-03-01T05:00,-15.3,-22.7,0.0,0.87,3600.0
2026-03-01T06:00,-16.6,-22.6,0.0,0.76,2635.52
2026-03-01T07:00,-17.6,-22.3,0.0,1.01,0.0
2026-03-01T08:00,-19.0,-22.3,0.0,1.22,0.0
2026-03-01T09:00,-19.9,-22.9,0.1,1.25,0.0
2026-03-01T10:00,-20.1,-23.0,0.1,1.0,0.0
2026-03-01T11:00,-20.3,-23.2,0.1,0.64,0.0
2026-03-01T12:00,-20.1,-23.0,0.1,0.07,0.0
2026-03-01T13:00,-19.8,-22.7,0.1,0.35,0.0
2026-03-01T14:00,-19.3,-22.3,0.1,0.38,0.0
2026-03-01T15:00,-18.9,-21.8,0.1,0.32,0.0
2026-03-01T16:00,-18.3,-21.2,0.1,0.41,0.0
2026-03-01T17:00,-17.9,-20.6,0.1,0.46,0.0
2026-03-01T18:00,-19.3,-22.0,0.1,0.32,0.0
2026-03-01T19:00,-18.9,-21.7,0.1,0.21,0.0
2026-03-01T20:00,-18.8,-21.5,0.1,0.21,0.0
2026-03-01T21:00,-18.4,-21.2,0.1,0.16,0.0
2026-03-01T22:00,-18.3,-21.2,0.1,0.15,0.0
2026-03-01T23:00,-17.3,-20.3,0.1,0.27,0.0
2026-03-02T00:00,-14.4,-18.1,0.1,0.99,0.0
2026-03-02T01:00,-12.6,-16.8,0.1,1.02,0.0
2026-03-02T02:00,-11.2,-15.9,0.1,1.46,0.0
2026-03-02T03:00,-9.9,-15.1,0.1,1.9,0.0
2026-03-02T04:00,-9.2,-14.7,0.1,2.14,0.0
2026-03-02T05:00,-8.8,-14.2,0.0,2.33,0.0
2026-03-02T06:00,-9.7,-14.1,0.0,2.38,0.0
2026-03-02T07:00,-10.5,-14.0,0.1,1.86,0.0
2026-03-02T08:00,-11.8,-14.5,0.0,1.75,0.0
2026-03-02T09:00,-13.1,-15.6,0.0,1.71,0.0
2026-03-02T10:00,-14.1,-16.4,0.0,1.68,0.0
2026-03-02T11:00,-15.2,-17.2,0.0,1.74,0.0
2026-03-02T12:00,-14.5,-16.6,0.0,2.03,0.0
2026-03-02T13:00,-15.8,-17.8,0.0,1.88,0.0
2026-03-02T14:00,-16.7,-18.6,0.0,1.85,0.0
2026-03-02T15:00,-17.5,-19.2,0.0,1.82,0.0
2026-03-02T16:00,-18.1,-19.6,0.0,1.66,0.0
2026-03-02T17:00,-18.7,-19.9,0.0,1.35,0.0
2026-03-02T18:00,-19.4,-20.8,0.0,1.15,0.0
2026-03-02T19:00,-19.8,-21.2,0.0,1.55,0.0
2026-03-02T20:00,-19.9,-21.4,0.0,1.4,0.0
2026-03-02T21:00,-21.1,-22.3,0.0,1.45,0.0
2026-03-02T22:00,-21.5,-22.8,0.0,1.75,0.0
2026-03-02T23:00,-19.2,-21.5,0.0,1.71,1671.53
2026-03-03T00:00,-17.4,-20.3,0.0,1.56,2458.37
2026-03-03T01:00,-13.9,-18.9,0.0,1.6,3600.0
2026-03-03T02:00,-11.5,-17.5,0.0,2.34,3600.0
2026-03-03T03:00,-9.7,-16.4,0.0,2.48,3600.0
2026-03-03T04:00,-8.5,-15.7,0.0,2.38,3600.0
2026-03-03T05:00,-7.9,-15.1,0.0,2.02,3600.0
2026-03-03T06:00,-8.5,-14.5,0.1,0.51,3600.0
2026-03-03T07:00,-11.2,-15.6,0.3,6.24,0.0
2026-03-03T08:00,-13.8,-18.8,0.4,7.04,0.0
2026-03-03T09:00,-16.7,-23.1,0.1,6.44,0.0
2026-03-03T10:00,-18.1,-24.8,0.0,5.82,0.0
2026-03-03T11:00,-20.1,-26.2,0.0,4.49,0.0
2026-03-03T12:00,-21.9,-27.3,0.0,3.64,0.0
2026-03-03T13:00,-24.0,-28.7,0.0,2.95,0.0
2026-03-03T14:00,-25.8,-30.6,0.0,2.16,0.0
2026-03-03T15:00,-28.2,-33.0,0.0,1.64,0.0
2026-03-03T16:00,-30.0,-33.7,0.0,0.71,0.0
2026-03-03T17:00,-31.9,-34.2,0.0,0.5,0.0
2026-03-03T18:00,-34.8,-35.9,0.0,0.54,0.0
2026-03-03T19:00,-35.8,-37.1,0.0,0.5,0.0
2026-03-03T20:00,-36.8,-38.1,0.0,0.47,0.0
2026-03-03T21:00,-37.6,-38.8,0.0,0.43,0.0
2026-03-03T22:00,-38.0,-39.0,0.0,0.3,823.6
2026-03-03T23:00,-36.4,-38.4,0.0,0.14,3600.0
2026-03-04T00:00,-33.0,-38.6,0.0,0.18,3600.0
2026-03-04T01:00,-29.6,-37.2,0.0,0.11,3600.0
2026-03-04T02:00,-26.7,-34.7,0.0,0.2,3600.0
2026-03-04T03:00,-24.6,-33.0,0.0,0.55,3600.0
2026-03-04T04:00,-23.4,-32.2,0.0,0.86,3600.0
2026-03-04T05:00,-22.7,-31.7,0.0,0.94,3600.0
2026-03-04T06:00,-23.8,-31.9,0.0,1.11,3600.0
2026-03-04T07:00,-25.0,-31.6,0.0,0.4,3600.0
2026-03-04T08:00,-26.9,-32.6,0.0,0.21,2925.38
2026-03-04T09:00,-28.4,-33.1,0.0,0.16,0.0
2026-03-04T10:00,-29.8,-33.4,0.0,0.1,0.0
2026-03-04T11:00,-31.2,-33.9,0.0,0.11,0.0
2026-03-04T12:00,-31.9,-35.2,0.0,0.3,0.0
2026-03-04T13:00,-32.9,-36.0,0.0,0.25,0.0
2026-03-04T14:00,-33.0,-36.0,0.0,0.11,0.0
2026-03-04T15:00,-33.2,-35.9,0.0,0.18,0.0
2026-03-04T16:00,-34.0,-36.1,0.0,0.25,0.0
2026-03-04T17:00,-34.7,-36.3,0.0,0.32,0.0
2026-03-04T18:00,-35.7,-38.0,0.0,0.21,0.0
2026-03-04T19:00,-36.3,-37.8,0.0,0.25,0.0
2026-03-04T20:00,-36.4,-37.8,0.0,0.18,0.0
2026-03-04T21:00,-37.5,-38.3,0.0,0.15,0.0
2026-03-04T22:00,-38.4,-41.0,0.0,0.15,717.54
2026-03-04T23:00,-36.0,-39.9,0.0,0.16,3600.0
2026-03-05T00:00,-32.0,-37.8,0.0,0.3,3600.0
2026-03-05T01:00,-28.8,-37.0,0.0,0.42,3600.0
2026-03-05T02:00,-26.0,-34.9,0.0,0.21,3600.0
2026-03-05T03:00,-23.9,-33.2,0.0,0.0,3600.0
2026-03-05T04:00,-22.2,-31.8,0.0,0.07,3600.0
2026-03-05T05:00,-21.2,-31.0,0.0,0.05,3600.0
2026-03-05T06:00,-21.9,-31.0,0.0,0.1,3600.0
2026-03-05T07:00,-23.1,-30.6,0.0,0.11,3600.0
2026-03-05T08:00,-25.0,-31.2,0.0,0.29,3102.94
2026-03-05T09:00,-26.3,-31.9,0.0,0.43,0.0
2026-03-05T10:00,-27.4,-32.4,0.0,0.51,0.0
2026-03-05T11:00,-28.2,-32.9,0.0,0.47,0.0
2026-03-05T12:00,-29.7,-33.6,0.0,0.25,0.0
2026-03-05T13:00,-30.6,-34.2,0.0,0.21,0.0
2026-03-05T14:00,-31.0,-34.5,0.0,0.21,0.0
2026-03-05T15:00,-31.4,-34.9,0.0,0.14,0.0
2026-03-05T16:00,-32.0,-35.5,0.0,0.21,0.0
2026-03-05T17:00,-32.6,-36.0,0.0,0.21,0.0
2026-03-05T18:00,-33.9,-37.3,0.0,0.18,0.0
2026-03-05T19:00,-34.7,-38.0,0.0,0.18,0.0
2026-03-05T20:00,-35.3,-38.9,0.0,0.34,0.0
2026-03-05T21:00,-35.4,-38.6,0.0,0.27,0.0
2026-03-05T22:00,-34.8,-38.3,0.0,0.16,0.0
2026-03-05T23:00,-32.4,-37.3,0.0,0.16,562.18
2026-03-06T00:00,-29.7,-37.4,0.0,0.34,3600.0
2026-03-06T01:00,-26.9,-35.1,0.0,0.14,3600.0
2026-03-06T02:00,-24.2,-32.0,0.0,0.21,3600.0
2026-03-06T03:00,-22.0,-29.9,0.0,0.22,3600.0
2026-03-06T04:00,-20.4,-28.5,0.0,0.21,3600.0
2026-03-06T05:00,-19.3,-27.4,0.0,0.29,3600.0
2026-03-06T06:00,-20.3,-27.7,0.0,0.16,3600.0
2026-03-06T07:00,-21.2,-27.5,0.0,0.11,589.56
2026-03-06T08:00,-22.6,-28.0,0.0,0.21,0.0
2026-03-06T09:00,-23.4,-28.3,0.0,0.3,0.0
2026-03-06T10:00,-24.5,-28.8,0.0,0.3,0.0
2026-03-06T11:00,-25.9,-29.2,0.0,0.2,0.0
2026-03-06T12:00,-26.6,-29.5,0.0,0.16,0.0
2026-03-06T13:00,-27.9,-30.2,0.0,0.21,0.0
2026-03-06T14:00,-28.9,-30.6,0.0,0.14,0.0
2026-03-06T15:00,-29.9,-31.0,0.0,0.11,0.0
2026-03-06T16:00,-30.5,-31.7,0.0,0.11,0.0
2026-03-06T17:00,-31.1,-32.1,0.0,0.1,0.0
2026-03-06T18:00,-32.3,-34.5,0.0,0.05,0.0
2026-03-06T19:00,-33.0,-35.1,0.0,0.1,0.0
2026-03-06T20:00,-33.2,-35.6,0.0,0.15,0.0
2026-03-06T21:00,-33.6,-36.4,0.0,0.18,0.0
2026-03-06T22:00,-33.3,-36.8,0.0,0.05,0.0
2026-03-06T23:00,-31.2,-35.4,0.0,0.18,2420.35
2026-03-07T00:00,-29.1,-35.7,0.0,0.38,3600.0
2026-03-07T01:00,-26.8,-33.7,0.0,0.41,3600.0
2026-03-07T02:00,-24.2,-31.1,0.0,0.4,3600.0
2026-03-07T03:00,-22.3,-28.5,0.0,0.3,3600.0
2026-03-07T04:00,-20.8,-26.9,0.0,0.21,3600.0
2026-03-07T05:00,-19.9,-25.9,0.0,0.21,3600.0
2026-03-07T06:00,-20.6,-26.5,0.0,0.1,3600.0
2026-03-07T07:00,-21.8,-26.6,0.0,0.07,3600.0
2026-03-07T08:00,-23.6,-27.6,0.0,0.07,3457.82
2026-03-07T09:00,-24.8,-28.1,0.0,0.14,0.0
2026-03-07T10:00,-26.0,-28.6,0.0,0.18,0.0
2026-03-07T11:00,-27.4,-29.1,0.0,0.11,0.0
2026-03-07T12:00,-28.5,-29.4,0.0,0.21,0.0
2026-03-07T13:00,-30.4,-31.7,0.0,0.32,0.0
2026-03-07T14:00,-31.6,-33.1,0.0,0.38,0.0
2026-03-07T15:00,-32.6,-34.1,0.0,0.39,0.0
2026-03-07T16:00,-33.4,-34.9,0.0,0.34,0.0
2026-03-07T17:00,-34.0,-35.3,0.0,0.27,0.0
2026-03-07T18:00,-34.7,-36.8,0.0,0.21,0.0
2026-03-07T19:00,-35.5,-36.5,0.0,0.15,0.0
2026-03-07T20:00,-36.3,-37.5,0.0,0.32,0.0
2026-03-07T21:00,-37.0,-39.0,0.0,0.27,0.0
2026-03-07T22:00,-37.0,-39.7,0.0,0.16,1985.24
2026-03-07T23:00,-34.1,-37.7,0.0,0.32,3600.0
2026-03-08T00:00,-31.7,-37.4,0.0,0.75,3600.0
2026-03-08T01:00,-28.4,-35.3,0.0,0.96,3600.0
2026-03-08T02:00,-25.9,-32.6,0.0,0.62,3600.0
2026-03-08T03:00,-23.6,-30.6,0.0,0.49,3600.0
2026-03-08T04:00,-21.6,-28.9,0.0,0.47,3600.0
2026-03-08T05:00,-20.3,-27.6,0.0,0.57,3600.0
2026-03-08T06:00,-20.7,-27.9,0.0,0.27,3600.0
2026-03-08T07:00,-21.6,-27.9,0.0,0.07,3600.0
2026-03-08T08:00,-23.1,-28.9,0.0,0.05,3600.0
2026-03-08T09:00,-24.8,-29.5,0.0,0.15,0.0
2026-03-08T10:00,-26.7,-29.8,0.0,0.14,0.0
2026-03-08T11:00,-28.6,-30.1,0.0,0.14,0.0
2026-03-08T12:00,-30.3,-30.9,0.0,0.11,0.0
2026-03-08T13:00,-32.0,-32.4,0.0,0.16,0.0
2026-03-08T14:00,-32.7,-33.2,0.0,0.11,0.0
2026-03-08T15:00,-33.3,-35.2,0.0,0.11,0.0
2026-03-08T16:00,-33.8,-35.9,0.0,0.16,0.0
2026-03-08T17:00,-34.5,-36.8,0.0,0.2,0.0
2026-03-08T18:00,-34.6,-38.0,0.0,0.21,0.0
2026-03-08T19:00,-35.4,-38.2,0.0,0.11,0.0
2026-03-08T20:00,-36.2,-38.5,0.0,0.18,0.0
2026-03-08T21:00,-36.7,-39.2,0.0,0.36,0.0
2026-03-08T22:00,-36.0,-39.7,0.0,0.42,2401.9
2026-03-08T23:00,-32.6,-37.6,0.0,0.25,3600.0
2026-03-09T00:00,-30.4,-39.3,0.0,0.56,3600.0
2026-03-09T01:00,-27.4,-35.7,0.0,0.4,3600.0
2026-03-09T02:00,-24.9,-32.7,0.0,0.66,3600.0
2026-03-09T03:00,-23.2,-30.5,0.0,0.81,3600.0
2026-03-09T04:00,-21.5,-28.6,0.0,0.97,3600.0
2026-03-09T05:00,-20.4,-27.4,0.0,0.85,3600.0
2026-03-09T06:00,-21.0,-27.3,0.0,0.6,3600.0
2026-03-09T07:00,-21.8,-27.1,0.0,0.67,3600.0
2026-03-09T08:00,-23.5,-27.6,0.0,0.76,102.86
2026-03-09T09:00,-24.2,-28.3,0.0,0.9,0.0
2026-03-09T10:00,-25.2,-28.8,0.0,1.21,0.0
2026-03-09T11:00,-26.7,-29.4,0.0,0.81,0.0
2026-03-09T12:00,-29.2,-30.9,0.0,0.9,0.0
2026-03-09T13:00,-30.8,-32.2,0.0,0.74,0.0
2026-03-09T14:00,-30.4,-32.6,0.0,0.69,0.0
2026-03-09T15:00,-30.0,-32.8,0.0,1.24,0.0
2026-03-09T16:00,-28.8,-32.1,0.1,1.21,0.0
2026-03-09T17:00,-27.4,-31.0,0.1,1.33,0.0
2026-03-09T18:00,-26.9,-30.5,0.2,1.05,0.0
2026-03-09T19:00,-26.5,-29.9,0.2,1.54,0.0
2026-03-09T20:00,-25.9,-29.4,0.1,1.61,0.0
2026-03-09T21:00,-25.5,-29.0,0.2,1.41,0.0
2026-03-09T22:00,-24.7,-28.6,0.1,1.6,0.0
2026-03-09T23:00,-23.1,-27.9,0.1,1.1,0.0
2026-03-10T00:00,-21.9,-26.9,0.2,1.12,0.0
2026-03-10T01:00,-20.4,-25.5,0.1,1.5,0.0
2026-03-10T02:00,-19.0,-24.2,0.2,1.48,0.0
2026-03-10T03:00,-17.5,-23.0,0.1,1.57,0.0
2026-03-10T04:00,-16.4,-21.8,0.2,1.83,0.0
2026-03-10T05:00,-15.6,-20.7,0.3,1.85,0.0
2026-03-10T06:00,-16.6,-20.8,0.3,1.6,0.0
2026-03-10T07:00,-16.6,-20.5,0.2,1.5,0.0
2026-03-10T08:00,-17.0,-20.0,0.2,0.76,0.0
2026-03-10T09:00,-17.6,-20.3,0.2,0.7,0.0
2026-03-10T10:00,-17.9,-20.4,0.1,0.56,0.0
2026-03-10T11:00,-18.1,-20.5,0.1,0.5,0.0
2026-03-10T12:00,-18.6,-20.9,0.1,0.6,0.0
2026-03-10T13:00,-19.6,-21.8,0.1,1.09,0.0
2026-03-10T14:00,-20.4,-22.6,0.0,1.23,0.0
2026-03-10T15:00,-21.4,-23.5,0.0,1.13,0.0
2026-03-10T16:00,-21.8,-23.8,0.0,0.96,0.0
2026-03-10T17:00,-22.3,-24.1,0.0,0.4,0.0
2026-03-10T18:00,-23.9,-25.6,0.0,0.25,0.0
2026-03-10T19:00,-26.1,-26.7,0.0,0.1,0.0
2026-03-10T20:00,-28.1,-28.8,0.0,0.07,0.0
2026-03-10T21:00,-29.9,-32.3,0.0,0.11,0.0
2026-03-10T22:00,-30.3,-33.4,0.0,0.11,3007.02
2026-03-10T23:00,-26.8,-31.8,0.0,0.16,3600.0
2026-03-11T00:00,-23.5,-30.9,0.0,0.29,3600.0
2026-03-11T01:00,-20.1,-26.4,0.0,0.49,3600.0
2026-03-11T02:00,-17.3,-23.6,0.0,0.45,3600.0
2026-03-11T03:00,-15.5,-22.3,0.0,0.51,3600.0
2026-03-11T04:00,-14.2,-21.4,0.0,0.67,3600.0
2026-03-11T05:00,-13.3,-20.7,0.0,0.76,3600.0
2026-03-11T06:00,-13.8,-20.6,0.0,0.51,3600.0
2026-03-11T07:00,-14.3,-20.2,0.0,0.51,3600.0
2026-03-11T08:00,-16.7,-21.0,0.0,0.46,3600.0
2026-03-11T09:00,-18.6,-22.2,0.0,0.22,0.0
2026-03-11T10:00,-20.8,-23.1,0.0,0.4,0.0
2026-03-11T11:00,-22.8,-24.3,0.0,0.5,0.0
2026-03-11T12:00,-23.5,-24.9,0.0,0.46,0.0
2026-03-11T13:00,-25.2,-25.8,0.0,0.57,0.0
2026-03-11T14:00,-26.7,-28.2,0.0,0.74,0.0
2026-03-11T15:00,-27.9,-29.4,0.0,0.72,0.0
2026-03-11T16:00,-29.1,-31.1,0.0,0.57,0.0
2026-03-11T17:00,-30.2,-32.4,0.0,0.53,0.0
2026-03-11T18:00,-30.8,-32.1,0.0,0.85,0.0
2026-03-11T19:00,-31.4,-32.5,0.0,0.25,0.0
2026-03-11T20:00,-32.1,-33.1,0.0,0.15,0.0
2026-03-11T21:00,-33.9,-35.2,0.0,0.4,0.0
2026-03-11T22:00,-32.7,-34.8,0.0,0.4,490.65
2026-03-11T23:00,-29.1,-32.5,0.0,0.75,3600.0
2026-03-12T00:00,-23.7,-30.1,0.0,1.01,3600.0
2026-03-12T01:00,-20.4,-26.7,0.0,1.1,3600.0
2026-03-12T02:00,-17.4,-24.6,0.0,1.38,3600.0
2026-03-12T03:00,-15.1,-23.1,0.0,1.9,3600.0
2026-03-12T04:00,-13.0,-21.6,0.0,2.1,3600.0
2026-03-12T05:00,-11.2,-20.0,0.0,2.29,3600.0
2026-03-12T06:00,-10.5,-19.2,0.0,3.09,3600.0
2026-03-12T07:00,-10.4,-18.5,0.0,2.78,3600.0
2026-03-12T08:00,-11.9,-18.5,0.0,3.52,2687.1
2026-03-12T09:00,-13.1,-18.9,0.0,3.47,0.0
2026-03-12T10:00,-13.5,-19.0,0.0,3.98,0.0
2026-03-12T11:00,-14.1,-19.2,0.0,4.26,0.0
2026-03-12T12:00,-14.4,-19.7,0.0,4.49,0.0
2026-03-12T13:00,-15.4,-20.6,0.0,4.59,0.0
2026-03-12T14:00,-15.4,-21.1,0.0,4.45,0.0
2026-03-12T15:00,-15.5,-21.3,0.0,4.14,0.0
2026-03-12T16:00,-15.5,-21.2,0.0,3.85,0.0
2026-03-12T17:00,-15.6,-20.9,0.0,3.54,0.0
2026-03-12T18:00,-15.8,-20.8,0.0,2.74,0.0
2026-03-12T19:00,-16.2,-20.7,0.0,2.22,0.0
2026-03-12T20:00,-16.5,-20.5,0.0,1.63,0.0
2026-03-12T21:00,-17.4,-21.1,0.0,1.14,0.0
2026-03-12T22:00,-17.5,-21.0,0.0,1.0,0.0
2026-03-12T23:00,-15.5,-20.3,0.0,1.01,0.0
2026-03-13T00:00,-13.5,-19.5,0.0,1.92,0.0
2026-03-13T01:00,-12.3,-19.1,0.0,2.28,0.0
2026-03-13T02:00,-11.4,-18.3,0.1,2.42,0.0
2026-03-13T03:00,-10.5,-17.4,0.1,2.3,0.0
2026-03-13T04:00,-9.7,-16.7,0.1,2.02,0.0
2026-03-13T05:00,-9.2,-16.1,0.1,1.66,0.0
2026-03-13T06:00,-9.3,-15.7,0.1,1.82,0.0
2026-03-13T07:00,-9.3,-14.8,0.1,1.1,0.0
2026-03-13T08:00,-10.7,-14.6,0.1,1.23,0.0
2026-03-13T09:00,-11.6,-14.8,0.1,1.61,0.0
2026-03-13T10:00,-12.9,-15.7,0.1,1.5,0.0
2026-03-13T11:00,-14.5,-16.9,0.0,1.65,0.0
2026-03-13T12:00,-15.3,-17.7,0.0,1.65,0.0
2026-03-13T13:00,-17.5,-19.4,0.0,1.63,0.0
2026-03-13T14:00,-19.1,-20.5,0.0,1.41,0.0
2026-03-13T15:00,-20.0,-21.2,0.0,1.11,0.0
2026-03-13T16:00,-21.0,-22.0,0.0,0.87,0.0
2026-03-13T17:00,-21.5,-22.6,0.0,0.89,0.0
2026-03-13T18:00,-22.4,-24.0,0.0,0.92,0.0
2026-03-13T19:00,-22.9,-24.7,0.0,1.14,0.0
2026-03-13T20:00,-22.3,-24.3,0.0,0.83,0.0
2026-03-13T21:00,-22.2,-24.2,0.0,0.43,0.0
2026-03-13T22:00,-21.1,-23.5,0.0,0.34,0.0
2026-03-13T23:00,-17.9,-22.4,0.0,0.35,0.0
2026-03-14T00:00,-15.3,-20.5,0.0,0.71,1512.02
2026-03-14T01:00,-13.1,-19.2,0.0,1.0,3600.0
2026-03-14T02:00,-10.9,-17.8,0.0,1.22,3600.0
2026-03-14T03:00,-9.3,-16.9,0.0,1.32,3600.0
2026-03-14T04:00,-8.2,-16.3,0.0,1.4,3600.0
2026-03-14T05:00,-7.3,-15.7,0.0,1.13,3600.0
2026-03-14T06:00,-7.7,-15.4,0.0,1.49,3600.0
2026-03-14T07:00,-8.4,-15.1,0.0,0.7,3600.0
2026-03-14T08:00,-11.0,-16.0,0.0,0.85,3600.0
2026-03-14T09:00,-13.5,-17.4,0.0,0.6,0.0
2026-03-14T10:00,-15.9,-18.6,0.0,0.86,0.0
2026-03-14T11:00,-18.1,-20.0,0.0,1.35,0.0
2026-03-14T12:00,-20.0,-21.7,0.0,1.37,0.0
2026-03-14T13:00,-21.5,-22.7,0.0,0.72,0.0
2026-03-14T14:00,-23.0,-23.7,0.0,0.54,0.0
2026-03-14T15:00,-24.2,-24.8,0.0,0.47,0.0
2026-03-14T16:00,-25.2,-25.8,0.0,0.35,0.0
2026-03-14T17:00,-26.3,-27.3,0.0,0.38,0.0
2026-03-14T18:00,-26.6,-28.6,0.0,0.34,0.0
2026-03-14T19:00,-27.2,-28.9,0.0,0.21,0.0
2026-03-14T20:00,-26.6,-28.1,0.0,0.14,0.0
2026-03-14T21:00,-25.3,-27.6,0.0,0.15,0.0
2026-03-14T22:00,-23.3,-26.4,0.1,0.16,0.0
2026-03-14T23:00,-20.4,-25.9,0.0,0.18,3600.0
2026-03-15T00:00,-16.5,-24.6,0.0,0.29,3600.0
2026-03-15T01:00,-13.8,-23.1,0.0,0.34,3600.0
2026-03-15T02:00,-11.3,-21.4,0.0,0.36,3600.0
2026-03-15T03:00,-9.0,-19.3,0.0,0.6,3600.0
2026-03-15T04:00,-7.2,-17.3,0.0,0.89,3600.0
2026-03-15T05:00,-5.9,-15.5,0.0,1.01,3600.0
2026-03-15T06:00,-5.5,-14.5,0.0,1.25,3600.0
2026-03-15T07:00,-6.2,-13.6,0.0,0.75,2485.49
2026-03-15T08:00,-7.7,-13.4,0.0,1.01,0.0
2026-03-15T09:00,-9.3,-13.7,0.0,1.45,0.0
2026-03-15T10:00,-10.1,-13.3,0.0,1.68,0.0
2026-03-15T11:00,-10.9,-13.2,0.0,1.83,0.0
2026-03-15T12:00,-11.9,-13.7,0.0,1.92,0.0
2026-03-15T13:00,-12.8,-14.2,0.0,1.91,0.0
2026-03-15T14:00,-13.4,-14.6,0.0,1.98,0.0
2026-03-15T15:00,-13.6,-14.8,0.0,2.02,0.0
2026-03-15T16:00,-13.6,-15.0,0.0,1.92,0.0
2026-03-15T17:00,-13.8,-15.3,0.0,1.79,0.0
2026-03-15T18:00,-14.7,-16.2,0.1,1.74,0.0
2026-03-15T19:00,-15.2,-16.7,0.1,1.65,0.0
2026-03-15T20:00,-15.5,-17.0,0.1,1.54,0.0
2026-03-15T21:00,-16.1,-17.6,0.1,1.39,0.0
2026-03-15T22:00,-15.4,-17.2,0.0,1.06,3196.09
2026-03-15T23:00,-12.3,-16.4,0.0,0.41,3600.0
2026-03-16T00:00,-10.5,-15.6,0.0,0.68,3600.0
2026-03-16T01:00,-8.3,-14.3,0.0,0.75,3600.0
2026-03-16T02:00,-6.2,-12.8,0.0,1.0,3600.0
2026-03-16T03:00,-4.4,-11.7,0.0,1.06,3600.0
2026-03-16T04:00,-3.2,-11.0,0.0,1.0,3600.0
2026-03-16T05:00,-2.6,-10.5,0.0,0.59,3600.0
2026-03-16T06:00,-3.2,-10.1,0.0,0.05,3600.0
2026-03-16T07:00,-4.1,-10.9,0.0,0.11,3600.0
2026-03-16T08:00,-6.0,-11.3,0.0,0.2,3600.0
2026-03-16T09:00,-7.9,-12.3,0.0,0.21,0.0
2026-03-16T10:00,-10.4,-13.2,0.0,0.35,0.0
2026-03-16T11:00,-13.2,-14.4,0.0,0.35,0.0
2026-03-16T12:00,-15.6,-16.3,0.0,0.16,0.0
2026-03-16T13:00,-16.8,-18.0,0.0,0.32,0.0
2026-03-16T14:00,-17.3,-18.9,0.0,0.4,0.0
2026-03-16T15:00,-17.9,-19.3,0.0,0.16,0.0
2026-03-16T16:00,-18.8,-20.2,0.0,0.07,0.0
2026-03-16T17:00,-19.5,-21.1,0.0,0.07,0.0
2026-03-16T18:00,-19.1,-21.0,0.0,0.07,0.0
2026-03-16T19:00,-18.7,-21.1,0.0,0.16,0.0
2026-03-16T20:00,-18.2,-21.2,0.0,0.32,0.0
2026-03-16T21:00,-17.5,-20.8,0.0,0.32,0.0
2026-03-16T22:00,-16.6,-19.7,0.0,0.34,0.0
2026-03-16T23:00,-14.5,-18.8,0.0,0.4,2988.13
2026-03-17T00:00,-13.2,-18.2,0.0,0.18,3600.0
2026-03-17T01:00,-10.8,-16.4,0.0,0.27,2320.4
2026-03-17T02:00,-9.1,-14.7,0.0,0.43,3600.0
2026-03-17T03:00,-7.5,-13.7,0.0,0.18,3600.0
2026-03-17T04:00,-5.9,-12.9,0.0,0.05,3600.0
2026-03-17T05:00,-4.8,-12.3,0.0,0.28,3600.0
2026-03-17T06:00,-5.1,-12.0,0.0,0.61,3600.0
2026-03-17T07:00,-6.0,-11.9,0.0,0.3,3600.0
2026-03-17T08:00,-8.1,-12.5,0.0,0.11,3600.0
2026-03-17T09:00,-9.9,-13.5,0.0,0.22,0.0
2026-03-17T10:00,-11.6,-14.2,0.0,0.3,0.0
2026-03-17T11:00,-13.6,-14.9,0.0,0.22,0.0
2026-03-17T12:00,-15.0,-15.7,0.0,0.05,0.0
2026-03-17T13:00,-16.8,-17.8,0.0,0.05,0.0
2026-03-17T14:00,-18.6,-20.0,0.0,0.11,0.0
2026-03-17T15:00,-19.6,-21.1,0.0,0.05,0.0
2026-03-17T16:00,-19.9,-21.6,0.0,0.16,0.0
2026-03-17T17:00,-20.0,-21.9,0.0,0.32,0.0
2026-03-17T18:00,-19.5,-21.6,0.0,0.21,0.0
2026-03-17T19:00,-19.8,-21.8,0.0,0.35,0.0
2026-03-17T20:00,-19.9,-21.9,0.0,0.36,0.0
2026-03-17T21:00,-19.7,-21.8,0.0,0.42,0.0
2026-03-17T22:00,-18.1,-20.5,0.0,0.76,0.0
2026-03-17T23:00,-15.8,-19.2,0.0,0.96,203.16
2026-03-18T00:00,-14.4,-18.3,0.0,0.43,0.0
2026-03-18T01:00,-11.8,-16.6,0.0,0.49,3600.0
2026-03-18T02:00,-9.2,-14.5,0.0,0.43,3600.0
2026-03-18T03:00,-7.3,-12.9,0.0,0.43,3600.0
2026-03-18T04:00,-5.7,-11.8,0.0,0.58,1565.73
2026-03-18T05:00,-4.3,-10.7,0.0,0.79,184.44
2026-03-18T06:00,-4.0,-10.4,0.0,0.93,521.18
2026-03-18T07:00,-4.3,-9.8,0.0,0.86,106.46
2026-03-18T08:00,-5.5,-9.2,0.0,0.75,0.0
2026-03-18T09:00,-6.2,-9.4,0.0,1.67,0.0
2026-03-18T10:00,-4.9,-7.7,0.0,3.1,0.0
2026-03-18T11:00,-4.2,-7.1,0.0,3.56,0.0
2026-03-18T12:00,-4.2,-6.6,0.0,3.83,0.0
2026-03-18T13:00,-4.2,-6.6,0.1,3.66,0.0
2026-03-18T14:00,-4.1,-6.5,0.1,3.71,0.0
2026-03-18T15:00,-4.2,-6.4,0.0,3.62,0.0
2026-03-18T16:00,-4.3,-6.3,0.1,3.47,0.0
2026-03-18T17:00,-4.5,-6.4,0.1,3.4,0.0
2026-03-18T18:00,-4.9,-6.6,0.1,3.18,0.0
2026-03-18T19:00,-5.2,-6.8,0.1,2.62,0.0
2026-03-18T20:00,-5.6,-7.2,0.0,2.49,0.0
2026-03-18T21:00,-5.9,-7.5,0.0,2.28,0.0
2026-03-18T22:00,-5.4,-7.5,0.0,2.2,0.0
2026-03-18T23:00,-4.2,-7.3,0.0,1.66,0.0
2026-03-19T00:00,-3.3,-7.2,0.0,2.61,0.0
2026-03-19T01:00,-2.3,-7.1,0.0,2.64,0.0
2026-03-19T02:00,-1.5,-6.9,0.0,2.67,0.0
2026-03-19T03:00,-0.7,-6.9,0.0,2.84,1086.1
2026-03-19T04:00,0.0,-7.0,0.0,2.66,388.15
2026-03-19T05:00,0.4,-6.9,0.0,2.71,0.0
2026-03-19T06:00,-0.1,-6.2,0.0,2.93,0.0
2026-03-19T07:00,-0.5,-5.8,0.0,1.83,0.0
2026-03-19T08:00,-1.9,-5.6,0.0,1.74,0.0
2026-03-19T09:00,-3.7,-5.9,0.0,2.12,0.0
2026-03-19T10:00,-4.5,-6.5,0.0,1.93,0.0
2026-03-19T11:00,-5.5,-7.3,0.0,1.5,0.0
2026-03-19T12:00,-6.5,-8.4,0.0,1.61,0.0
2026-03-19T13:00,-6.5,-8.4,0.0,2.04,0.0
2026-03-19T14:00,-6.3,-8.2,0.0,2.23,0.0
2026-03-19T15:00,-7.1,-8.7,0.0,1.99,0.0
2026-03-19T16:00,-9.0,-10.4,0.0,1.66,0.0
2026-03-19T17:00,-10.8,-11.7,0.0,1.76,0.0
2026-03-19T18:00,-12.2,-12.8,0.0,1.62,0.0
2026-03-19T19:00,-13.1,-13.6,0.0,1.68,0.0
2026-03-19T20:00,-14.1,-14.4,0.0,1.49,0.0
2026-03-19T21:00,-15.0,-15.7,0.0,0.92,0.0
2026-03-19T22:00,-14.4,-15.7,0.0,1.35,17.08
2026-03-19T23:00,-11.2,-13.8,0.0,0.6,1804.64
2026-03-20T00:00,-7.1,-11.9,0.0,1.17,3600.0
2026-03-20T01:00,-5.2,-11.3,0.0,1.2,3600.0
2026-03-20T02:00,-3.5,-10.6,0.0,1.07,2585.77
2026-03-20T03:00,-2.3,-10.1,0.0,0.76,1926.53
2026-03-20T04:00,-1.4,-9.7,0.0,0.76,1262.2
2026-03-20T05:00,-0.8,-9.2,0.0,0.61,3279.63
2026-03-20T06:00,-1.6,-9.6,0.0,0.4,344.27
2026-03-20T07:00,-2.0,-9.2,0.0,0.07,0.0
2026-03-20T08:00,-3.6,-9.5,0.0,0.11,0.0
2026-03-20T09:00,-5.2,-9.8,0.0,0.36,0.0
2026-03-20T10:00,-7.0,-10.4,0.0,0.4,0.0
2026-03-20T11:00,-8.4,-11.0,0.0,0.3,0.0
2026-03-20T12:00,-10.2,-12.6,0.0,0.98,0.0
2026-03-20T13:00,-10.5,-12.9,0.0,1.23,0.0
2026-03-20T14:00,-10.4,-12.7,0.0,1.14,0.0
2026-03-20T15:00,-10.0,-12.2,0.0,0.87,0.0
2026-03-20T16:00,-10.8,-12.7,0.0,0.52,0.0
2026-03-20T17:00,-11.8,-13.4,0.0,0.8,0.0
2026-03-20T18:00,-13.0,-14.1,0.0,1.01,0.0
2026-03-20T19:00,-13.4,-14.5,0.0,0.82,0.0
2026-03-20T20:00,-14.0,-14.7,0.0,0.41,0.0
2026-03-20T21:00,-14.6,-15.5,0.0,0.18,0.0
2026-03-20T22:00,-13.3,-14.9,0.0,0.18,1888.13
2026-03-20T23:00,-10.6,-13.7,0.0,0.51,3600.0
2026-03-21T00:00,-8.0,-12.9,0.0,0.5,3600.0
2026-03-21T01:00,-5.4,-11.3,0.0,0.16,3600.0
2026-03-21T02:00,-3.4,-10.1,0.0,0.28,3600.0
2026-03-21T03:00,-1.8,-8.8,0.0,1.03,3600.0
2026-03-21T04:00,-0.8,-7.7,0.0,2.02,3600.0
2026-03-21T05:00,-0.3,-6.9,0.0,2.14,3600.0
2026-03-21T06:00,-0.5,-6.3,0.0,2.26,3329.28
2026-03-21T07:00,-0.8,-5.7,0.0,0.96,0.0
2026-03-21T08:00,-1.9,-5.4,0.1,1.63,0.0
2026-03-21T09:00,-2.9,-5.3,0.1,2.26,0.0
2026-03-21T10:00,-4.1,-5.9,0.0,2.42,0.0
2026-03-21T11:00,-5.4,-7.0,0.0,1.98,0.0
2026-03-21T12:00,-6.8,-8.5,0.0,1.68,0.0
2026-03-21T13:00,-7.5,-9.1,0.0,1.55,0.0
2026-03-21T14:00,-7.8,-9.5,0.0,1.54,0.0
2026-03-21T15:00,-8.0,-9.5,0.0,1.32,0.0
2026-03-21T16:00,-8.7,-9.9,0.0,1.21,0.0
2026-03-21T17:00,-9.6,-10.5,0.0,1.08,0.0
2026-03-21T18:00,-10.6,-11.4,0.0,1.52,0.0
2026-03-21T19:00,-9.4,-10.6,0.1,1.6,0.0
2026-03-21T20:00,-9.7,-10.8,0.1,1.7,0.0
2026-03-21T21:00,-9.0,-10.2,0.1,2.04,0.0
2026-03-21T22:00,-7.1,-8.6,0.0,2.55,602.37
2026-03-21T23:00,-5.1,-8.5,0.0,2.62,3600.0
2026-03-22T00:00,-3.4,-8.9,0.0,3.83,3600.0
2026-03-22T01:00,-2.0,-8.8,0.0,3.47,3600.0
2026-03-22T02:00,-0.5,-9.2,0.0,3.43,3600.0
2026-03-22T03:00,0.3,-10.4,0.0,3.6,3600.0
2026-03-22T04:00,0.6,-11.2,0.0,3.45,3600.0
2026-03-22T05:00,0.6,-11.7,0.0,3.16,3600.0
2026-03-22T06:00,-0.2,-11.4,0.0,3.45,3600.0
2026-03-22T07:00,-1.0,-11.1,0.0,2.4,3600.0
2026-03-22T08:00,-3.6,-10.6,0.0,2.02,3600.0
2026-03-22T09:00,-7.2,-11.1,0.0,2.15,812.96
2026-03-22T10:00,-9.8,-12.8,0.0,1.94,0.0
2026-03-22T11:00,-12.2,-14.5,0.0,2.02,0.0
2026-03-22T12:00,-13.4,-15.7,0.0,2.39,0.0
2026-03-22T13:00,-14.1,-16.2,0.0,2.28,0.0
2026-03-22T14:00,-14.2,-16.0,0.0,2.02,0.0
2026-03-22T15:00,-14.7,-16.5,0.0,1.64,0.0
2026-03-22T16:00,-15.5,-17.0,0.0,1.48,0.0
2026-03-22T17:00,-16.0,-17.3,0.0,1.12,0.0
2026-03-22T18:00,-16.6,-17.9,0.0,0.94,0.0
2026-03-22T19:00,-17.1,-18.3,0.0,0.4,0.0
2026-03-22T20:00,-17.3,-18.4,0.0,0.36,0.0
2026-03-22T21:00,-17.5,-18.4,0.0,0.27,0.0
2026-03-22T22:00,-16.0,-17.3,0.0,0.18,1729.85
2026-03-22T23:00,-13.5,-17.0,0.1,0.25,3600.0
2026-03-23T00:00,-10.8,-15.5,0.1,0.34,2763.78
2026-03-23T01:00,-8.9,-14.5,0.0,0.11,3600.0
2026-03-23T02:00,-7.1,-13.6,0.0,0.35,3600.0
2026-03-23T03:00,-5.7,-12.6,0.0,0.67,3600.0
2026-03-23T04:00,-4.8,-12.0,0.0,0.99,3600.0
2026-03-23T05:00,-4.3,-11.8,0.0,0.96,3600.0
2026-03-23T06:00,-4.9,-12.0,0.0,0.96,3600.0
2026-03-23T07:00,-5.4,-12.3,0.0,0.28,3600.0
2026-03-23T08:00,-7.4,-12.6,0.0,0.51,3600.0
2026-03-23T09:00,-9.9,-14.2,0.0,0.46,2651.7
2026-03-23T10:00,-11.8,-15.3,0.0,0.35,0.0
2026-03-23T11:00,-14.1,-16.3,0.0,0.32,0.0
2026-03-23T12:00,-17.3,-18.6,0.0,0.22,0.0
2026-03-23T13:00,-20.5,-21.7,0.0,0.16,0.0
2026-03-23T14:00,-22.4,-24.0,0.0,0.25,0.0
2026-03-23T15:00,-23.1,-25.4,0.0,0.45,0.0
2026-03-23T16:00,-23.2,-25.4,0.0,0.49,0.0
2026-03-23T17:00,-22.7,-24.3,0.0,0.36,0.0
2026-03-23T18:00,-22.3,-24.1,0.0,0.35,0.0
2026-03-23T19:00,-22.4,-24.3,0.0,0.22,0.0
2026-03-23T20:00,-22.3,-24.5,0.0,0.18,0.0
2026-03-23T21:00,-21.8,-24.4,0.0,0.52,0.0
2026-03-23T22:00,-20.5,-23.7,0.0,0.65,0.0
2026-03-23T23:00,-18.6,-22.4,0.0,0.43,0.0
2026-03-24T00:00,-16.5,-20.4,0.0,0.58,0.0
2026-03-24T01:00,-14.7,-19.1,0.0,0.35,2381.96
2026-03-24T02:00,-12.9,-18.1,0.0,0.21,3600.0
2026-03-24T03:00,-10.8,-17.0,0.0,0.11,3600.0
2026-03-24T04:00,-9.2,-16.0,0.0,0.11,3600.0
2026-03-24T05:00,-8.1,-15.4,0.0,0.4,3600.0
2026-03-24T06:00,-8.1,-15.5,0.0,0.61,3600.0
2026-03-24T07:00,-8.5,-15.1,0.0,0.57,3600.0
2026-03-24T08:00,-10.1,-15.3,0.0,0.49,3600.0
2026-03-24T09:00,-12.6,-16.6,0.0,0.62,643.09
2026-03-24T10:00,-14.7,-17.9,0.0,0.7,0.0
2026-03-24T11:00,-16.8,-19.3,0.0,0.63,0.0
2026-03-24T12:00,-18.4,-19.8,0.0,0.35,0.0
2026-03-24T13:00,-20.4,-20.6,0.0,0.22,0.0
2026-03-24T14:00,-21.4,-22.2,0.0,0.21,0.0
2026-03-24T15:00,-22.2,-22.7,0.0,0.11,0.0
2026-03-24T16:00,-22.7,-23.4,0.0,0.05,0.0
2026-03-24T17:00,-24.0,-25.0,0.0,0.05,0.0
2026-03-24T18:00,-25.3,-27.2,0.0,0.07,0.0
2026-03-24T19:00,-26.8,-29.3,0.0,0.22,0.0
2026-03-24T20:00,-26.8,-29.1,0.0,0.25,0.0
2026-03-24T21:00,-25.8,-28.4,0.0,0.16,0.0
2026-03-24T22:00,-23.6,-27.0,0.0,0.07,0.0
2026-03-24T23:00,-21.4,-25.4,0.0,0.11,0.0
2026-03-25T00:00,-19.2,-23.6,0.0,0.3,2678.3
2026-03-25T01:00,-16.7,-21.9,0.0,0.14,3493.76
2026-03-25T02:00,-14.3,-20.2,0.0,0.32,3600.0
2026-03-25T03:00,-12.2,-18.3,0.0,0.57,3600.0
2026-03-25T04:00,-10.3,-16.8,0.0,0.83,3600.0
2026-03-25T05:00,-8.9,-15.8,0.0,0.93,3600.0
2026-03-25T06:00,-9.0,-15.9,0.0,0.81,3600.0
2026-03-25T07:00,-9.3,-15.6,0.0,0.74,3600.0
2026-03-25T08:00,-11.0,-15.9,0.0,0.49,3600.0
2026-03-25T09:00,-13.3,-17.3,0.0,0.38,2992.04
2026-03-25T10:00,-15.1,-18.2,0.0,0.3,0.0
2026-03-25T11:00,-16.7,-18.9,0.0,0.22,0.0
2026-03-25T12:00,-19.3,-19.8,0.0,0.25,0.0
2026-03-25T13:00,-21.3,-22.3,0.0,0.21,0.0
2026-03-25T14:00,-22.5,-23.7,0.0,0.2,0.0
2026-03-25T15:00,-23.2,-24.7,0.0,0.36,0.0
2026-03-25T16:00,-24.2,-25.9,0.0,0.46,0.0
2026-03-25T17:00,-25.5,-27.1,0.0,0.51,0.0
2026-03-25T18:00,-25.8,-27.6,0.0,0.76,0.0
2026-03-25T19:00,-26.1,-28.3,0.0,0.47,0.0
2026-03-25T20:00,-26.1,-28.7,0.0,0.45,0.0
2026-03-25T21:00,-24.6,-27.5,0.0,0.45,801.21
2026-03-25T22:00,-22.8,-26.1,0.0,0.28,3600.0
2026-03-25T23:00,-20.7,-24.6,0.0,0.5,3600.0
2026-03-26T00:00,-18.7,-24.3,0.0,0.59,3600.0
2026-03-26T01:00,-15.4,-22.3,0.0,0.47,3600.0
2026-03-26T02:00,-12.5,-20.7,0.0,0.81,3600.0
2026-03-26T03:00,-9.8,-19.3,0.0,0.84,3600.0
2026-03-26T04:00,-7.7,-18.3,0.0,0.87,3600.0
2026-03-26T05:00,-6.0,-17.6,0.0,0.81,3600.0
2026-03-26T06:00,-5.6,-17.4,0.0,0.9,3600.0
2026-03-26T07:00,-5.8,-16.5,0.0,0.57,3600.0
2026-03-26T08:00,-7.9,-16.3,0.0,0.56,3600.0
2026-03-26T09:00,-10.6,-17.1,0.0,0.52,3162.7
2026-03-26T10:00,-12.9,-18.1,0.0,1.09,0.0
2026-03-26T11:00,-15.8,-19.1,0.0,1.52,0.0
2026-03-26T12:00,-17.5,-19.6,0.0,1.87,0.0
2026-03-26T13:00,-18.5,-19.9,0.0,1.52,0.0
2026-03-26T14:00,-19.4,-20.3,0.0,1.01,0.0
2026-03-26T15:00,-20.6,-21.8,0.0,0.88,0.0
2026-03-26T16:00,-21.6,-23.1,0.0,0.67,0.0
2026-03-26T17:00,-22.4,-23.9,0.0,0.6,0.0
2026-03-26T18:00,-23.2,-24.7,0.0,0.76,0.0
2026-03-26T19:00,-23.1,-24.8,0.0,0.43,0.0
2026-03-26T20:00,-23.3,-25.0,0.0,0.45,0.0
2026-03-26T21:00,-22.5,-24.5,0.0,0.43,699.1
2026-03-26T22:00,-19.3,-22.1,0.0,0.65,3600.0
2026-03-26T23:00,-14.7,-19.9,0.0,0.72,3600.0
2026-03-27T00:00,-11.2,-17.3,0.0,1.05,3600.0
2026-03-27T01:00,-7.6,-14.3,0.0,1.74,3600.0
2026-03-27T02:00,-4.8,-11.8,0.0,2.63,3600.0
2026-03-27T03:00,-3.1,-10.4,0.0,3.48,3600.0
2026-03-27T04:00,-2.1,-10.1,0.0,4.32,3600.0
2026-03-27T05:00,-1.6,-11.0,0.0,4.02,710.69
2026-03-27T06:00,-1.4,-11.0,0.0,3.85,358.31
2026-03-27T07:00,-2.1,-10.8,0.0,3.13,83.62
2026-03-27T08:00,-3.6,-10.6,0.0,2.62,2031.11
2026-03-27T09:00,-6.7,-11.0,0.0,2.62,1417.57
2026-03-27T10:00,-9.1,-12.4,0.0,2.21,0.0
2026-03-27T11:00,-11.2,-14.4,0.0,1.73,0.0
2026-03-27T12:00,-12.6,-15.5,0.0,1.91,0.0
2026-03-27T13:00,-15.2,-17.0,0.0,1.79,0.0
2026-03-27T14:00,-16.5,-17.7,0.0,1.1,0.0
2026-03-27T15:00,-17.8,-18.4,0.0,0.65,0.0
2026-03-27T16:00,-18.7,-19.2,0.0,0.49,0.0
2026-03-27T17:00,-19.4,-20.2,0.0,0.4,0.0
2026-03-27T18:00,-19.6,-20.3,0.0,0.39,0.0
2026-03-27T19:00,-21.1,-22.2,0.0,0.45,0.0
2026-03-27T20:00,-22.0,-23.8,0.0,0.35,0.0
2026-03-27T21:00,-21.4,-23.9,0.0,0.25,2919.22
2026-03-27T22:00,-19.4,-22.7,0.0,0.21,3600.0
2026-03-27T23:00,-15.8,-20.9,0.0,0.34,3600.0
2026-03-28T00:00,-13.1,-18.6,0.0,0.45,3600.0
2026-03-28T01:00,-10.3,-17.0,0.0,0.71,3600.0
2026-03-28T02:00,-7.6,-15.6,0.0,0.99,3600.0
2026-03-28T03:00,-5.7,-14.7,0.0,1.03,3600.0
2026-03-28T04:00,-4.2,-14.1,0.0,0.93,3600.0
2026-03-28T05:00,-3.4,-13.5,0.0,0.96,3600.0
2026-03-28T06:00,-3.6,-13.1,0.0,0.86,3600.0
2026-03-28T07:00,-3.7,-12.3,0.0,0.46,3600.0
2026-03-28T08:00,-5.3,-12.6,0.0,0.25,3600.0
2026-03-28T09:00,-8.0,-13.7,0.0,0.55,3504.85
2026-03-28T10:00,-11.1,-14.7,0.0,0.16,0.0
2026-03-28T11:00,-13.9,-15.5,0.0,0.3,0.0
2026-03-28T12:00,-15.6,-17.2,0.0,0.8,0.0
2026-03-28T13:00,-17.3,-18.0,0.0,0.5,0.0
2026-03-28T14:00,-18.3,-19.2,0.0,0.57,0.0
2026-03-28T15:00,-19.2,-20.4,0.0,0.47,0.0
2026-03-28T16:00,-19.6,-20.9,0.0,0.4,0.0
2026-03-28T17:00,-20.1,-21.6,0.0,0.49,0.0
2026-03-28T18:00,-20.5,-21.9,0.0,0.57,0.0
2026-03-28T19:00,-21.1,-22.9,0.0,0.35,0.0
2026-03-28T20:00,-21.6,-23.7,0.0,0.3,0.0
2026-03-28T21:00,-20.8,-23.6,0.0,0.25,1009.27
2026-03-28T22:00,-18.2,-22.5,0.0,0.18,2736.86
2026-03-28T23:00,-14.7,-19.9,0.0,0.57,3600.0
2026-03-29T00:00,-12.0,-16.9,0.0,0.65,3600.0
2026-03-29T01:00,-9.1,-15.1,0.0,0.67,3600.0
2026-03-29T02:00,-6.6,-13.7,0.0,0.67,3600.0
2026-03-29T03:00,-4.5,-12.5,0.0,0.97,3600.0
2026-03-29T04:00,-2.9,-11.8,0.0,1.23,3600.0
2026-03-29T05:00,-2.3,-11.6,0.0,1.45,3600.0
2026-03-29T06:00,-2.5,-11.6,0.0,1.36,3600.0
2026-03-29T07:00,-3.0,-11.4,0.0,1.45,3600.0
2026-03-29T08:00,-5.1,-11.2,0.0,1.13,3600.0
2026-03-29T09:00,-7.8,-12.8,0.0,0.9,3600.0
2026-03-29T10:00,-9.5,-14.1,0.0,1.06,0.0
2026-03-29T11:00,-11.5,-15.1,0.0,0.68,0.0
2026-03-29T12:00,-13.5,-16.4,0.0,0.11,0.0
2026-03-29T13:00,-15.7,-17.5,0.0,0.57,0.0
2026-03-29T14:00,-17.9,-18.4,0.0,0.96,0.0
2026-03-29T15:00,-19.1,-20.2,0.0,0.96,0.0
2026-03-29T16:00,-19.9,-21.1,0.0,0.85,0.0
2026-03-29T17:00,-20.8,-22.0,0.0,0.96,0.0
2026-03-29T18:00,-21.9,-23.1,0.0,1.03,0.0
2026-03-29T19:00,-22.5,-23.9,0.0,0.78,0.0
2026-03-29T20:00,-23.1,-25.0,0.0,0.78,0.0
2026-03-29T21:00,-22.3,-24.6,0.0,0.85,3335.43
2026-03-29T22:00,-19.1,-21.8,0.0,0.72,3600.0
2026-03-29T23:00,-15.6,-19.4,0.0,0.59,3600.0
2026-03-30T00:00,-12.3,-16.8,0.0,1.16,3600.0
2026-03-30T01:00,-9.3,-15.2,0.0,1.12,3600.0
2026-03-30T02:00,-6.9,-13.9,0.0,1.52,3600.0
2026-03-30T03:00,-4.8,-13.1,0.0,1.68,3600.0
2026-03-30T04:00,-3.1,-12.2,0.0,1.81,3600.0
2026-03-30T05:00,-1.8,-11.5,0.0,2.04,3600.0
2026-03-30T06:00,-1.3,-11.5,0.0,2.04,3600.0
2026-03-30T07:00,-1.0,-11.7,0.0,1.48,3600.0
2026-03-30T08:00,-3.1,-10.7,0.0,1.55,3600.0
2026-03-30T09:00,-7.0,-11.6,0.0,2.09,3600.0
2026-03-30T10:00,-9.5,-12.8,0.0,1.93,0.0
2026-03-30T11:00,-11.8,-14.2,0.0,1.63,0.0
2026-03-30T12:00,-13.7,-16.2,0.0,1.76,0.0
2026-03-30T13:00,-15.3,-17.3,0.0,1.9,0.0
2026-03-30T14:00,-16.5,-17.8,0.0,1.66,0.0
2026-03-30T15:00,-17.5,-18.2,0.0,0.72,0.0
2026-03-30T16:00,-18.9,-19.7,0.0,0.53,0.0
2026-03-30T17:00,-19.8,-21.1,0.0,0.53,0.0
2026-03-30T18:00,-20.6,-21.8,0.0,0.78,0.0
2026-03-30T19:00,-21.6,-22.7,0.0,0.46,0.0
2026-03-30T20:00,-22.6,-24.0,0.0,0.35,0.0
2026-03-30T21:00,-22.1,-24.1,0.0,0.36,3544.08
2026-03-30T22:00,-19.0,-22.3,0.0,0.43,3600.0
2026-03-30T23:00,-15.0,-20.1,0.0,0.67,3600.0
2026-03-31T00:00,-12.1,-18.0,0.0,0.86,3600.0
2026-03-31T01:00,-9.2,-16.2,0.0,1.11,3600.0
2026-03-31T02:00,-6.8,-14.9,0.0,1.35,3600.0
2026-03-31T03:00,-5.1,-14.0,0.0,1.7,3600.0
2026-03-31T04:00,-3.5,-13.0,0.0,1.77,3600.0
2026-03-31T05:00,-2.0,-12.2,0.0,2.03,3600.0
2026-03-31T06:00,-1.5,-12.1,0.0,2.17,3600.0
2026-03-31T07:00,-1.5,-11.9,0.0,1.79,3600.0
2026-03-31T08:00,-3.1,-10.8,0.0,1.87,3600.0
2026-03-31T09:00,-6.5,-10.9,0.0,2.51,3600.0
2026-03-31T10:00,-9.5,-12.7,0.0,1.95,0.0
2026-03-31T11:00,-12.7,-15.0,0.0,1.63,0.0
2026-03-31T12:00,-14.8,-16.9,0.0,1.6,0.0
2026-03-31T13:00,-16.3,-18.0,0.0,1.44,0.0
2026-03-31T14:00,-17.7,-18.8,0.0,0.94,0.0
2026-03-31T15:00,-19.1,-19.8,0.0,0.57,0.0
2026-03-31T16:00,-20.7,-21.6,0.0,0.47,0.0
2026-03-31T17:00,-22.1,-23.3,0.0,0.38,0.0
2026-03-31T18:00,-22.3,-23.1,0.0,0.25,0.0
2026-03-31T19:00,-23.8,-24.7,0.0,0.11,0.0
2026-03-31T20:00,-25.5,-26.8,0.0,0.15,0.0
2026-03-31T21:00,-24.2,-26.2,0.0,0.32,3600.0
2026-03-31T22:00,-20.8,-24.0,0.0,0.43,3600.0
2026-03-31T23:00,-16.9,-21.9,0.0,0.5,3600.0
