data_czas,temperatura_powietrza_C,punkt_rosy_C,opad_mm,wiatr_m_s,naslonecznienie_sekundy
2021-11-01 00:00:00,-23.5,-27.3,0.0,0.54,3600.0
2021-11-01 01:00:00,-22.6,-26.4,0.0,0.91,3600.0
2021-11-01 02:00:00,-23.1,-26.6,0.0,1.0,3600.0
2021-11-01 03:00:00,-22.1,-25.5,0.0,1.0,3600.0
2021-11-01 04:00:00,-20.8,-24.6,0.0,0.9,3600.0
2021-11-01 05:00:00,-19.8,-24.3,0.0,0.81,3600.0
2021-11-01 06:00:00,-19.8,-24.2,0.0,0.81,3600.0
2021-11-01 07:00:00,-19.9,-24.2,0.0,1.0,0.0
2021-11-01 08:00:00,-20.3,-24.4,0.0,1.04,0.0
2021-11-01 09:00:00,-20.5,-24.3,0.0,0.9,0.0
2021-11-01 10:00:00,-20.7,-24.3,0.0,0.81,0.0
2021-11-01 11:00:00,-20.8,-24.3,0.0,0.86,0.0
2021-11-01 12:00:00,-21.7,-24.6,0.0,0.58,0.0
2021-11-01 13:00:00,-22.0,-24.7,0.0,0.41,0.0
2021-11-01 14:00:00,-22.2,-24.7,0.0,0.22,0.0
2021-11-01 15:00:00,-22.2,-24.7,0.0,0.54,0.0
2021-11-01 16:00:00,-22.2,-24.7,0.0,0.76,0.0
2021-11-01 17:00:00,-22.2,-24.6,0.0,0.45,0.0
2021-11-01 18:00:00,-22.2,-24.6,0.0,0.61,0.0
2021-11-01 19:00:00,-22.0,-24.6,0.0,0.22,0.0
2021-11-01 20:00:00,-21.8,-24.6,0.0,0.5,0.0
2021-11-01 21:00:00,-21.6,-24.6,0.0,0.42,0.0
2021-11-01 22:00:00,-21.6,-24.8,0.0,0.57,0.0
2021-11-01 23:00:00,-21.7,-24.9,0.0,0.5,1380.67
2021-11-02 00:00:00,-21.7,-25.4,0.0,1.02,3600.0
2021-11-02 01:00:00,-20.9,-25.0,0.0,1.04,3600.0
2021-11-02 02:00:00,-20.1,-25.0,0.0,0.82,3600.0
2021-11-02 03:00:00,-19.2,-24.5,0.0,0.7,3600.0
2021-11-02 04:00:00,-18.7,-23.8,0.0,1.02,3600.0
2021-11-02 05:00:00,-18.6,-23.5,0.0,1.21,3600.0
2021-11-02 06:00:00,-19.3,-23.9,0.0,1.71,3600.0
2021-11-02 07:00:00,-20.4,-24.4,0.0,2.02,0.0
2021-11-02 08:00:00,-21.7,-25.2,0.0,2.45,0.0
2021-11-02 09:00:00,-23.0,-26.3,0.0,2.88,0.0
2021-11-02 10:00:00,-25.9,-28.4,0.0,3.08,0.0
2021-11-02 11:00:00,-24.9,-27.6,0.0,2.31,0.0
2021-11-02 12:00:00,-25.6,-27.9,0.0,3.23,0.0
2021-11-02 13:00:00,-23.1,-25.7,0.0,2.4,0.0
2021-11-02 14:00:00,-22.5,-25.5,0.0,2.45,0.0
2021-11-02 15:00:00,-20.9,-24.5,0.0,2.72,0.0
2021-11-02 16:00:00,-19.6,-23.4,0.0,2.69,0.0
2021-11-02 17:00:00,-19.3,-23.3,0.0,1.96,0.0
2021-11-02 18:00:00,-18.1,-22.4,0.0,1.92,0.0
2021-11-02 19:00:00,-17.6,-21.9,0.1,1.51,0.0
2021-11-02 20:00:00,-16.7,-21.1,0.0,1.39,0.0
2021-11-02 21:00:00,-16.6,-20.7,0.0,1.66,0.0
2021-11-02 22:00:00,-15.5,-20.5,0.0,1.48,0.0
2021-11-02 23:00:00,-13.7,-20.1,0.0,1.08,0.0
2021-11-03 00:00:00,-14.8,-18.2,0.0,1.0,0.0
2021-11-03 01:00:00,-13.9,-17.6,0.1,0.51,0.0
2021-11-03 02:00:00,-12.7,-16.9,0.1,0.81,0.0
2021-11-03 03:00:00,-12.0,-16.1,0.1,0.81,0.0
2021-11-03 04:00:00,-11.7,-15.4,0.1,0.85,0.0
2021-11-03 05:00:00,-12.4,-15.1,0.1,1.58,0.0
2021-11-03 06:00:00,-13.3,-16.0,0.1,1.6,0.0
2021-11-03 07:00:00,-13.5,-16.2,0.0,1.55,0.0
2021-11-03 08:00:00,-14.2,-16.8,0.0,1.71,0.0
2021-11-03 09:00:00,-16.5,-18.5,0.0,2.25,0.0
2021-11-03 10:00:00,-14.8,-17.0,0.0,1.84,0.0
2021-11-03 11:00:00,-15.4,-17.0,0.0,1.41,0.0
2021-11-03 12:00:00,-17.0,-18.2,0.0,1.75,0.0
2021-11-03 13:00:00,-17.5,-18.9,0.0,1.94,0.0
2021-11-03 14:00:00,-16.9,-18.6,0.0,1.75,0.0
2021-11-03 15:00:00,-17.0,-18.7,0.0,1.55,0.0
2021-11-03 16:00:00,-17.4,-18.8,0.0,1.55,0.0
2021-11-03 17:00:00,-17.6,-19.1,0.0,1.55,0.0
2021-11-03 18:00:00,-17.7,-19.3,0.0,1.52,0.0
2021-11-03 19:00:00,-17.9,-19.6,0.0,1.71,0.0
2021-11-03 20:00:00,-18.2,-19.7,0.0,1.92,0.0
2021-11-03 21:00:00,-18.8,-20.0,0.0,2.09,0.0
2021-11-03 22:00:00,-18.6,-20.0,0.0,1.92,0.0
2021-11-03 23:00:00,-18.7,-20.4,0.0,1.43,291.23
2021-11-04 00:00:00,-19.8,-22.2,0.0,1.7,3600.0
2021-11-04 01:00:00,-19.1,-21.6,0.0,1.3,3600.0
2021-11-04 02:00:00,-18.3,-21.2,0.0,1.08,3600.0
2021-11-04 03:00:00,-17.3,-20.3,0.0,0.95,3600.0
2021-11-04 04:00:00,-15.6,-19.4,0.0,0.9,3600.0
2021-11-04 05:00:00,-15.6,-19.0,0.0,1.21,3600.0
2021-11-04 06:00:00,-15.9,-19.0,0.0,1.0,3493.68
2021-11-04 07:00:00,-16.6,-19.0,0.0,0.81,0.0
2021-11-04 08:00:00,-17.6,-19.1,0.0,0.82,0.0
2021-11-04 09:00:00,-18.5,-19.8,0.0,0.94,0.0
2021-11-04 10:00:00,-18.7,-20.4,0.0,0.91,0.0
2021-11-04 11:00:00,-18.8,-20.6,0.0,1.34,0.0
2021-11-04 12:00:00,-19.3,-21.6,0.0,1.62,0.0
2021-11-04 13:00:00,-20.0,-22.1,0.0,1.96,0.0
2021-11-04 14:00:00,-20.2,-22.6,0.0,2.2,0.0
2021-11-04 15:00:00,-20.3,-22.9,0.0,2.15,0.0
2021-11-04 16:00:00,-20.2,-23.0,0.0,2.18,0.0
2021-11-04 17:00:00,-20.1,-22.9,0.0,2.26,0.0
2021-11-04 18:00:00,-20.0,-22.7,0.0,2.5,0.0
2021-11-04 19:00:00,-20.1,-22.7,0.0,2.02,0.0
2021-11-04 20:00:00,-19.9,-22.4,0.0,1.6,0.0
2021-11-04 21:00:00,-19.9,-22.4,0.0,1.66,0.0
2021-11-04 22:00:00,-19.9,-22.8,0.0,1.58,0.0
2021-11-04 23:00:00,-19.9,-23.1,0.0,1.5,395.73
2021-11-05 00:00:00,-20.5,-25.0,0.0,0.45,2473.89
2021-11-05 01:00:00,-19.2,-24.0,0.0,0.57,3600.0
2021-11-05 02:00:00,-17.7,-22.9,0.0,0.7,3600.0
2021-11-05 03:00:00,-16.6,-22.0,0.0,0.67,1753.0
2021-11-05 04:00:00,-17.3,-21.2,0.0,0.92,969.49
2021-11-05 05:00:00,-18.2,-21.8,0.0,0.94,618.69
2021-11-05 06:00:00,-19.2,-22.5,0.0,1.7,2460.14
2021-11-05 07:00:00,-17.6,-21.2,0.0,0.64,0.0
2021-11-05 08:00:00,-17.9,-21.2,0.0,1.0,0.0
2021-11-05 09:00:00,-18.1,-21.2,0.0,0.58,0.0
2021-11-05 10:00:00,-18.1,-21.0,0.0,0.5,0.0
2021-11-05 11:00:00,-18.0,-21.1,0.0,0.3,0.0
2021-11-05 12:00:00,-17.7,-21.3,0.0,1.46,0.0
2021-11-05 13:00:00,-18.4,-21.8,0.0,1.89,0.0
2021-11-05 14:00:00,-18.5,-22.0,0.0,2.55,0.0
2021-11-05 15:00:00,-21.7,-24.1,0.0,2.95,0.0
2021-11-05 16:00:00,-17.3,-20.1,0.1,1.8,0.0
2021-11-05 17:00:00,-15.4,-18.4,0.1,1.9,0.0
2021-11-05 18:00:00,-13.9,-17.1,0.1,2.46,0.0
2021-11-05 19:00:00,-12.8,-15.7,0.0,2.78,0.0
2021-11-05 20:00:00,-13.4,-16.0,0.0,1.92,0.0
2021-11-05 21:00:00,-15.9,-17.9,0.0,2.48,0.0
2021-11-05 22:00:00,-17.5,-19.1,0.0,3.06,0.0
2021-11-05 23:00:00,-15.3,-17.8,0.0,2.44,0.0
2021-11-06 00:00:00,-12.4,-15.8,0.0,2.14,0.0
2021-11-06 01:00:00,-12.0,-15.5,0.0,2.21,2908.21
2021-11-06 02:00:00,-10.3,-14.4,0.0,2.65,2147.8
2021-11-06 03:00:00,-9.5,-13.6,0.0,2.89,0.0
2021-11-06 04:00:00,-8.9,-13.0,0.0,2.69,0.0
2021-11-06 05:00:00,-8.7,-12.7,0.0,2.19,0.0
2021-11-06 06:00:00,-10.9,-14.0,0.0,2.16,0.0
2021-11-06 07:00:00,-13.0,-15.3,0.0,1.91,0.0
2021-11-06 08:00:00,-12.0,-14.8,0.1,3.38,0.0
2021-11-06 09:00:00,-12.3,-15.7,0.1,4.58,0.0
2021-11-06 10:00:00,-13.2,-17.1,0.2,3.89,0.0
2021-11-06 11:00:00,-14.0,-17.9,0.2,3.62,0.0
2021-11-06 12:00:00,-15.0,-19.2,0.2,3.82,0.0
2021-11-06 13:00:00,-16.4,-21.3,0.1,3.75,0.0
2021-11-06 14:00:00,-18.3,-22.9,0.0,3.47,0.0
2021-11-06 15:00:00,-20.2,-24.3,0.0,3.18,0.0
2021-11-06 16:00:00,-21.9,-25.7,0.0,3.13,0.0
2021-11-06 17:00:00,-23.2,-27.0,0.0,2.91,0.0
2021-11-06 18:00:00,-23.7,-27.7,0.0,2.87,0.0
2021-11-06 19:00:00,-23.8,-28.1,0.0,3.01,0.0
2021-11-06 20:00:00,-24.0,-28.3,0.0,2.88,0.0
2021-11-06 21:00:00,-23.7,-28.3,0.0,2.79,0.0
2021-11-06 22:00:00,-23.3,-28.3,0.0,2.79,0.0
2021-11-06 23:00:00,-23.3,-28.1,0.0,3.1,0.0
2021-11-07 00:00:00,-23.7,-28.5,0.1,2.86,0.0
2021-11-07 01:00:00,-22.9,-28.2,0.0,2.72,0.0
2021-11-07 02:00:00,-22.3,-28.1,0.1,3.01,0.0
2021-11-07 03:00:00,-21.9,-27.9,0.1,3.18,0.0
2021-11-07 04:00:00,-21.6,-27.5,0.1,3.49,0.0
2021-11-07 05:00:00,-21.8,-27.2,0.1,3.58,0.0
2021-11-07 06:00:00,-22.1,-26.8,0.1,3.49,0.0
2021-11-07 07:00:00,-22.2,-26.6,0.1,3.45,0.0
2021-11-07 08:00:00,-22.2,-26.5,0.1,3.71,0.0
2021-11-07 09:00:00,-22.3,-26.5,0.1,3.55,0.0
2021-11-07 10:00:00,-22.2,-26.4,0.1,3.92,0.0
2021-11-07 11:00:00,-21.9,-26.2,0.2,3.76,0.0
2021-11-07 12:00:00,-22.6,-26.4,0.3,4.1,0.0
2021-11-07 13:00:00,-22.1,-26.2,0.2,3.69,0.0
2021-11-07 14:00:00,-21.7,-25.8,0.3,3.64,0.0
2021-11-07 15:00:00,-21.4,-25.5,0.3,3.61,0.0
2021-11-07 16:00:00,-21.1,-25.3,0.2,3.45,0.0
2021-11-07 17:00:00,-21.0,-25.2,0.2,3.32,0.0
2021-11-07 18:00:00,-21.1,-25.1,0.1,3.1,0.0
2021-11-07 19:00:00,-21.0,-25.0,0.1,2.92,0.0
2021-11-07 20:00:00,-21.3,-25.3,0.1,2.91,0.0
2021-11-07 21:00:00,-21.5,-25.7,0.0,2.37,0.0
2021-11-07 22:00:00,-21.9,-26.0,0.0,1.92,0.0
2021-11-07 23:00:00,-23.0,-27.2,0.0,1.53,0.0
2021-11-08 00:00:00,-25.1,-28.9,0.0,1.91,3600.0
2021-11-08 01:00:00,-23.9,-28.4,0.0,1.1,3600.0
2021-11-08 02:00:00,-23.3,-28.5,0.0,0.41,3600.0
2021-11-08 03:00:00,-23.5,-28.3,0.0,0.91,3600.0
2021-11-08 04:00:00,-24.9,-28.6,0.0,1.4,3600.0
2021-11-08 05:00:00,-26.0,-28.8,0.0,1.4,3600.0
2021-11-08 06:00:00,-28.5,-31.5,0.0,1.61,2755.86
2021-11-08 07:00:00,-30.3,-33.2,0.0,1.65,0.0
2021-11-08 08:00:00,-32.6,-35.0,0.0,2.5,0.0
2021-11-08 09:00:00,-33.6,-35.4,0.0,2.82,0.0
2021-11-08 10:00:00,-34.0,-35.5,0.0,2.73,0.0
2021-11-08 11:00:00,-33.7,-35.1,0.0,2.55,0.0
2021-11-08 12:00:00,-34.0,-36.1,0.0,2.47,0.0
2021-11-08 13:00:00,-33.1,-35.7,0.0,2.25,0.0
2021-11-08 14:00:00,-32.6,-36.1,0.0,1.77,0.0
2021-11-08 15:00:00,-32.7,-36.5,0.0,1.39,0.0
2021-11-08 16:00:00,-32.8,-37.0,0.0,1.42,0.0
2021-11-08 17:00:00,-33.1,-37.7,0.0,1.58,0.0
2021-11-08 18:00:00,-33.7,-38.4,0.0,1.64,0.0
2021-11-08 19:00:00,-34.5,-39.1,0.0,1.78,0.0
2021-11-08 20:00:00,-35.2,-39.5,0.0,1.84,0.0
2021-11-08 21:00:00,-35.2,-39.5,0.0,1.84,0.0
2021-11-08 22:00:00,-35.4,-39.8,0.0,1.86,0.0
2021-11-08 23:00:00,-35.8,-40.1,0.0,1.92,136.85
2021-11-09 00:00:00,-34.6,-39.8,0.0,1.24,3600.0
2021-11-09 01:00:00,-32.1,-36.6,0.0,1.36,3600.0
2021-11-09 02:00:00,-30.2,-34.6,0.0,0.95,3600.0
2021-11-09 03:00:00,-28.8,-32.9,0.0,0.91,3600.0
2021-11-09 04:00:00,-27.8,-31.8,0.0,1.12,3600.0
2021-11-09 05:00:00,-28.4,-31.9,0.0,0.94,3600.0
2021-11-09 06:00:00,-29.5,-33.0,0.0,1.7,2269.08
2021-11-09 07:00:00,-28.3,-32.7,0.0,1.21,0.0
2021-11-09 08:00:00,-28.3,-32.8,0.0,1.3,0.0
2021-11-09 09:00:00,-28.4,-33.0,0.0,1.28,0.0
2021-11-09 10:00:00,-28.7,-33.2,0.0,1.08,0.0
2021-11-09 11:00:00,-28.9,-33.4,0.0,1.12,0.0
2021-11-09 12:00:00,-29.8,-35.0,0.0,1.06,0.0
2021-11-09 13:00:00,-30.0,-35.1,0.0,1.22,0.0
2021-11-09 14:00:00,-31.1,-35.7,0.0,1.58,0.0
2021-11-09 15:00:00,-31.8,-36.1,0.0,1.77,0.0
2021-11-09 16:00:00,-32.6,-36.7,0.0,1.94,0.0
2021-11-09 17:00:00,-33.0,-37.0,0.0,1.86,0.0
2021-11-09 18:00:00,-31.9,-36.4,0.0,1.63,0.0
2021-11-09 19:00:00,-31.6,-36.5,0.0,1.63,0.0
2021-11-09 20:00:00,-32.6,-36.0,0.0,1.84,0.0
2021-11-09 21:00:00,-30.7,-34.5,0.0,1.49,0.0
2021-11-09 22:00:00,-30.0,-34.6,0.0,0.99,0.0
2021-11-09 23:00:00,-29.2,-34.5,0.0,0.8,0.0
2021-11-10 00:00:00,-29.4,-35.7,0.0,1.0,3600.0
2021-11-10 01:00:00,-27.1,-33.6,0.0,0.86,3600.0
2021-11-10 02:00:00,-25.4,-30.4,0.0,0.76,3600.0
2021-11-10 03:00:00,-23.6,-28.6,0.0,0.42,3600.0
2021-11-10 04:00:00,-22.0,-27.9,0.0,0.2,0.0
2021-11-10 05:00:00,-21.2,-27.3,0.0,0.36,596.63
2021-11-10 06:00:00,-20.4,-27.0,0.0,0.32,0.0
2021-11-10 07:00:00,-20.8,-25.3,0.0,0.64,0.0
2021-11-10 08:00:00,-20.3,-25.1,0.0,1.12,0.0
2021-11-10 09:00:00,-19.0,-25.2,0.0,0.64,0.0
2021-11-10 10:00:00,-18.8,-24.8,0.0,0.51,0.0
2021-11-10 11:00:00,-19.0,-24.7,0.0,0.54,0.0
2021-11-10 12:00:00,-22.0,-26.2,0.0,1.49,0.0
2021-11-10 13:00:00,-22.7,-27.2,0.0,1.66,0.0
2021-11-10 14:00:00,-24.8,-28.7,0.0,2.0,0.0
2021-11-10 15:00:00,-24.5,-28.4,0.0,1.84,0.0
2021-11-10 16:00:00,-22.9,-27.5,0.0,1.27,0.0
2021-11-10 17:00:00,-23.2,-27.9,0.0,1.34,0.0
2021-11-10 18:00:00,-21.9,-27.3,0.0,1.0,0.0
2021-11-10 19:00:00,-22.5,-27.6,0.0,1.2,0.0
2021-11-10 20:00:00,-20.2,-26.7,0.0,0.54,0.0
2021-11-10 21:00:00,-20.4,-24.9,0.0,0.86,0.0
2021-11-10 22:00:00,-19.4,-23.8,0.1,0.9,0.0
2021-11-10 23:00:00,-18.1,-22.7,0.2,1.3,0.0
2021-11-11 00:00:00,-18.5,-22.1,0.2,1.39,0.0
2021-11-11 01:00:00,-17.5,-21.2,0.3,1.1,0.0
2021-11-11 02:00:00,-16.4,-20.3,0.4,1.04,0.0
2021-11-11 03:00:00,-15.7,-19.5,0.4,1.12,0.0
2021-11-11 04:00:00,-15.3,-18.8,0.5,0.98,0.0
2021-11-11 05:00:00,-15.0,-18.2,0.7,0.82,0.0
2021-11-11 06:00:00,-15.0,-17.6,0.7,1.0,0.0
2021-11-11 07:00:00,-14.9,-17.3,0.7,1.12,0.0
2021-11-11 08:00:00,-14.7,-17.0,0.5,0.89,0.0
2021-11-11 09:00:00,-14.6,-16.8,0.3,1.1,0.0
2021-11-11 10:00:00,-14.8,-16.9,0.1,1.2,0.0
2021-11-11 11:00:00,-14.8,-17.1,0.1,1.12,0.0
2021-11-11 12:00:00,-16.3,-18.8,0.1,0.89,0.0
2021-11-11 13:00:00,-18.1,-20.4,0.0,1.39,0.0
2021-11-11 14:00:00,-20.2,-22.6,0.0,1.5,0.0
2021-11-11 15:00:00,-18.5,-21.6,0.0,0.91,0.0
2021-11-11 16:00:00,-21.4,-24.1,0.0,2.24,0.0
2021-11-11 17:00:00,-22.1,-24.7,0.0,2.3,0.0
2021-11-11 18:00:00,-22.4,-25.1,0.0,2.31,0.0
2021-11-11 19:00:00,-19.0,-22.2,0.0,2.09,0.0
2021-11-11 20:00:00,-18.6,-21.5,0.0,1.75,0.0
2021-11-11 21:00:00,-17.6,-20.7,0.0,1.99,0.0
2021-11-11 22:00:00,-17.3,-20.1,0.0,1.91,0.0
2021-11-11 23:00:00,-16.8,-19.5,0.1,2.1,0.0
2021-11-12 00:00:00,-16.4,-19.0,0.1,2.28,0.0
2021-11-12 01:00:00,-15.6,-18.6,0.2,1.51,0.0
2021-11-12 02:00:00,-14.8,-18.0,0.2,1.51,0.0
2021-11-12 03:00:00,-14.2,-17.3,0.2,1.4,0.0
2021-11-12 04:00:00,-13.9,-16.7,0.1,1.5,0.0
2021-11-12 05:00:00,-13.8,-16.3,0.1,1.5,0.0
2021-11-12 06:00:00,-14.0,-15.8,0.2,1.8,0.0
2021-11-12 07:00:00,-13.7,-15.6,0.2,1.81,0.0
2021-11-12 08:00:00,-13.6,-15.4,0.1,2.12,0.0
2021-11-12 09:00:00,-13.6,-15.2,0.1,2.04,0.0
2021-11-12 10:00:00,-13.6,-15.1,0.1,1.73,0.0
2021-11-12 11:00:00,-13.4,-14.9,0.1,1.7,0.0
2021-11-12 12:00:00,-13.4,-15.1,0.2,1.82,0.0
2021-11-12 13:00:00,-13.1,-15.1,0.2,1.33,0.0
2021-11-12 14:00:00,-13.1,-15.1,0.1,1.0,0.0
2021-11-12 15:00:00,-13.6,-15.5,0.1,0.8,0.0
2021-11-12 16:00:00,-14.1,-15.9,0.1,1.0,0.0
2021-11-12 17:00:00,-16.1,-17.8,0.0,2.3,0.0
2021-11-12 18:00:00,-16.2,-17.9,0.0,2.3,0.0
2021-11-12 19:00:00,-15.9,-17.8,0.0,2.3,0.0
2021-11-12 20:00:00,-16.5,-18.2,0.0,2.5,0.0
2021-11-12 21:00:00,-16.0,-18.2,0.0,2.06,0.0
2021-11-12 22:00:00,-16.8,-19.4,0.0,1.82,0.0
2021-11-12 23:00:00,-17.6,-20.1,0.0,1.93,0.0
2021-11-13 00:00:00,-16.1,-19.0,0.0,1.33,844.69
2021-11-13 01:00:00,-15.6,-18.7,0.0,1.12,0.0
2021-11-13 02:00:00,-14.3,-17.9,0.0,1.36,0.0
2021-11-13 03:00:00,-13.5,-16.9,0.0,1.22,0.0
2021-11-13 04:00:00,-12.8,-15.9,0.0,1.3,0.0
2021-11-13 05:00:00,-13.3,-15.6,0.0,1.2,628.12
2021-11-13 06:00:00,-12.7,-15.1,0.0,1.41,0.0
2021-11-13 07:00:00,-12.4,-14.8,0.0,1.3,0.0
2021-11-13 08:00:00,-12.3,-14.6,0.0,1.4,0.0
2021-11-13 09:00:00,-12.2,-14.4,0.0,1.7,0.0
2021-11-13 10:00:00,-12.2,-14.2,0.0,1.71,0.0
2021-11-13 11:00:00,-12.0,-14.0,0.0,1.63,0.0
2021-11-13 12:00:00,-12.3,-14.1,0.1,2.41,0.0
2021-11-13 13:00:00,-12.4,-14.5,0.0,2.22,0.0
2021-11-13 14:00:00,-12.0,-14.1,0.0,2.0,0.0
2021-11-13 15:00:00,-12.0,-14.0,0.0,2.01,0.0
2021-11-13 16:00:00,-12.5,-14.3,0.0,1.9,0.0
2021-11-13 17:00:00,-12.2,-14.1,0.0,1.8,0.0
2021-11-13 18:00:00,-12.2,-13.9,0.0,1.81,0.0
2021-11-13 19:00:00,-12.4,-14.1,0.0,1.5,0.0
2021-11-13 20:00:00,-12.4,-14.1,0.0,1.32,0.0
2021-11-13 21:00:00,-13.4,-15.1,0.0,1.82,0.0
2021-11-13 22:00:00,-13.2,-14.9,0.0,1.68,0.0
2021-11-13 23:00:00,-12.9,-14.8,0.0,1.39,0.0
2021-11-14 00:00:00,-12.4,-14.4,0.1,0.89,0.0
2021-11-14 01:00:00,-11.9,-14.3,0.0,0.76,0.0
2021-11-14 02:00:00,-11.6,-14.1,0.0,0.71,0.0
2021-11-14 03:00:00,-11.0,-13.7,0.1,0.95,0.0
2021-11-14 04:00:00,-11.0,-13.6,0.0,0.98,0.0
2021-11-14 05:00:00,-11.3,-13.5,0.0,0.98,0.0
2021-11-14 06:00:00,-11.9,-13.6,0.0,1.49,0.0
2021-11-14 07:00:00,-12.5,-14.4,0.0,1.3,0.0
2021-11-14 08:00:00,-12.4,-14.3,0.0,1.34,0.0
2021-11-14 09:00:00,-12.5,-14.5,0.0,1.17,0.0
2021-11-14 10:00:00,-12.6,-14.6,0.0,1.26,0.0
2021-11-14 11:00:00,-12.8,-14.8,0.0,1.33,0.0
2021-11-14 12:00:00,-13.1,-15.0,0.0,1.66,0.0
2021-11-14 13:00:00,-13.3,-15.3,0.0,1.79,0.0
2021-11-14 14:00:00,-13.6,-15.5,0.0,1.65,0.0
2021-11-14 15:00:00,-13.9,-16.0,0.0,1.3,0.0
2021-11-14 16:00:00,-13.9,-15.9,0.0,1.39,0.0
2021-11-14 17:00:00,-13.7,-15.7,0.0,1.66,0.0
2021-11-14 18:00:00,-13.7,-15.7,0.0,1.42,0.0
2021-11-14 19:00:00,-13.6,-15.7,0.1,1.06,0.0
2021-11-14 20:00:00,-13.4,-15.4,0.2,1.36,0.0
2021-11-14 21:00:00,-13.5,-15.3,0.1,0.95,0.0
2021-11-14 22:00:00,-13.4,-15.3,0.1,1.08,0.0
2021-11-14 23:00:00,-13.4,-15.3,0.1,1.25,0.0
2021-11-15 00:00:00,-12.8,-14.7,0.1,1.3,0.0
2021-11-15 01:00:00,-12.3,-14.6,0.1,0.71,0.0
2021-11-15 02:00:00,-11.7,-14.4,0.2,0.85,0.0
2021-11-15 03:00:00,-11.6,-14.2,0.1,0.4,0.0
2021-11-15 04:00:00,-11.7,-14.0,0.1,0.61,0.0
2021-11-15 05:00:00,-11.4,-13.9,0.1,0.6,0.0
2021-11-15 06:00:00,-12.2,-14.4,0.1,0.73,0.0
2021-11-15 07:00:00,-12.8,-14.9,0.0,1.04,0.0
2021-11-15 08:00:00,-13.7,-15.6,0.0,1.22,0.0
2021-11-15 09:00:00,-15.3,-17.0,0.0,1.7,0.0
2021-11-15 10:00:00,-16.3,-17.7,0.0,2.06,0.0
2021-11-15 11:00:00,-16.3,-17.5,0.0,1.98,0.0
2021-11-15 12:00:00,-17.8,-19.2,0.0,1.94,0.0
2021-11-15 13:00:00,-17.2,-18.5,0.0,2.06,0.0
2021-11-15 14:00:00,-16.6,-18.1,0.0,1.56,0.0
2021-11-15 15:00:00,-16.8,-18.5,0.1,1.56,0.0
2021-11-15 16:00:00,-17.0,-18.9,0.1,1.57,0.0
2021-11-15 17:00:00,-17.3,-19.0,0.0,1.8,0.0
2021-11-15 18:00:00,-16.2,-17.8,0.0,1.32,0.0
2021-11-15 19:00:00,-16.0,-17.7,0.1,0.58,0.0
2021-11-15 20:00:00,-16.0,-17.8,0.1,0.32,0.0
2021-11-15 21:00:00,-16.4,-18.3,0.1,0.42,0.0
2021-11-15 22:00:00,-16.8,-18.9,0.0,0.64,0.0
2021-11-15 23:00:00,-16.5,-18.8,0.0,0.36,0.0
2021-11-16 00:00:00,-17.2,-19.6,0.0,0.71,0.0
2021-11-16 01:00:00,-18.0,-20.4,0.0,0.92,0.0
2021-11-16 02:00:00,-17.4,-20.0,0.0,1.17,0.0
2021-11-16 03:00:00,-16.3,-19.4,0.1,0.67,0.0
2021-11-16 04:00:00,-16.0,-19.0,0.1,0.72,0.0
2021-11-16 05:00:00,-17.1,-19.3,0.0,0.89,0.0
2021-11-16 06:00:00,-19.1,-21.1,0.0,1.42,0.0
2021-11-16 07:00:00,-19.3,-21.0,0.0,1.28,0.0
2021-11-16 08:00:00,-20.2,-21.8,0.0,1.3,0.0
2021-11-16 09:00:00,-20.9,-22.6,0.0,1.2,0.0
2021-11-16 10:00:00,-21.9,-23.6,0.0,0.72,0.0
2021-11-16 11:00:00,-22.4,-24.7,0.0,0.51,0.0
2021-11-16 12:00:00,-23.1,-25.4,0.0,0.3,0.0
2021-11-16 13:00:00,-23.4,-25.8,0.0,0.45,0.0
2021-11-16 14:00:00,-23.7,-26.1,0.0,0.85,0.0
2021-11-16 15:00:00,-23.6,-26.2,0.0,1.26,0.0
2021-11-16 16:00:00,-23.5,-26.4,0.0,1.25,0.0
2021-11-16 17:00:00,-23.6,-26.7,0.0,1.55,0.0
2021-11-16 18:00:00,-23.7,-26.7,0.0,1.8,0.0
2021-11-16 19:00:00,-24.5,-27.1,0.0,1.62,0.0
2021-11-16 20:00:00,-23.3,-25.7,0.0,1.55,0.0
2021-11-16 21:00:00,-23.1,-25.4,0.0,1.55,0.0
2021-11-16 22:00:00,-22.9,-25.2,0.0,1.84,0.0
2021-11-16 23:00:00,-21.6,-23.8,0.0,1.92,0.0
2021-11-17 00:00:00,-21.0,-23.2,0.1,1.91,0.0
2021-11-17 01:00:00,-20.4,-22.8,0.0,2.12,0.0
2021-11-17 02:00:00,-19.3,-22.0,0.1,2.02,0.0
2021-11-17 03:00:00,-18.2,-21.1,0.1,1.71,0.0
2021-11-17 04:00:00,-17.7,-20.4,0.1,1.75,0.0
2021-11-17 05:00:00,-17.6,-20.1,0.0,1.7,0.0
2021-11-17 06:00:00,-17.8,-20.1,0.0,1.71,0.0
2021-11-17 07:00:00,-18.0,-20.4,0.0,1.71,0.0
2021-11-17 08:00:00,-18.3,-20.7,0.0,1.3,0.0
2021-11-17 09:00:00,-19.2,-21.5,0.0,1.9,0.0
2021-11-17 10:00:00,-20.7,-22.7,0.0,2.5,0.0
2021-11-17 11:00:00,-20.6,-22.7,0.0,2.22,0.0
2021-11-17 12:00:00,-19.8,-21.9,0.0,1.63,0.0
2021-11-17 13:00:00,-20.7,-22.7,0.0,1.53,0.0
2021-11-17 14:00:00,-22.6,-24.5,0.0,2.72,0.0
2021-11-17 15:00:00,-22.6,-24.5,0.0,2.61,0.0
2021-11-17 16:00:00,-21.7,-23.7,0.0,2.12,0.0
2021-11-17 17:00:00,-22.4,-24.4,0.0,2.71,0.0
2021-11-17 18:00:00,-22.0,-23.9,0.0,2.53,0.0
2021-11-17 19:00:00,-21.7,-23.8,0.1,2.45,0.0
2021-11-17 20:00:00,-21.1,-23.4,0.1,2.26,0.0
2021-11-17 21:00:00,-20.9,-23.3,0.1,1.9,0.0
2021-11-17 22:00:00,-20.8,-23.2,0.0,1.46,0.0
2021-11-17 23:00:00,-21.7,-23.9,0.0,2.22,0.0
2021-11-18 00:00:00,-21.4,-23.6,0.0,2.1,984.92
2021-11-18 01:00:00,-20.4,-22.7,0.0,1.41,354.91
2021-11-18 02:00:00,-19.0,-22.3,0.0,1.06,0.0
2021-11-18 03:00:00,-18.7,-22.2,0.0,1.04,3600.0
2021-11-18 04:00:00,-19.8,-22.8,0.0,1.39,3600.0
2021-11-18 05:00:00,-20.8,-23.4,0.0,1.39,3600.0
2021-11-18 06:00:00,-19.6,-22.5,0.0,0.89,0.0
2021-11-18 07:00:00,-19.8,-22.9,0.0,0.36,0.0
2021-11-18 08:00:00,-21.9,-24.6,0.0,0.71,0.0
2021-11-18 09:00:00,-20.8,-23.7,0.0,0.72,0.0
2021-11-18 10:00:00,-20.7,-23.5,0.0,0.22,0.0
2021-11-18 11:00:00,-22.2,-24.7,0.0,0.98,0.0
2021-11-18 12:00:00,-22.2,-25.0,0.0,1.04,0.0
2021-11-18 13:00:00,-22.4,-24.9,0.0,0.5,0.0
2021-11-18 14:00:00,-23.1,-25.1,0.0,0.32,0.0
2021-11-18 15:00:00,-23.8,-25.3,0.0,0.1,0.0
2021-11-18 16:00:00,-24.3,-25.8,0.0,0.76,0.0
2021-11-18 17:00:00,-24.8,-27.6,0.0,1.22,0.0
2021-11-18 18:00:00,-25.3,-28.1,0.0,1.0,0.0
2021-11-18 19:00:00,-25.8,-28.6,0.0,0.72,0.0
2021-11-18 20:00:00,-26.0,-29.0,0.0,0.42,0.0
2021-11-18 21:00:00,-26.7,-29.7,0.0,0.57,0.0
2021-11-18 22:00:00,-27.4,-30.6,0.0,0.5,0.0
2021-11-18 23:00:00,-28.1,-31.7,0.0,0.57,0.0
2021-11-19 00:00:00,-30.0,-33.3,0.0,1.06,1107.77
2021-11-19 01:00:00,-29.9,-33.9,0.0,1.22,3600.0
2021-11-19 02:00:00,-28.2,-33.8,0.0,0.81,3600.0
2021-11-19 03:00:00,-27.3,-33.5,0.0,0.81,3600.0
2021-11-19 04:00:00,-28.1,-33.4,0.0,1.13,3600.0
2021-11-19 05:00:00,-28.1,-33.0,0.0,1.3,3600.0
2021-11-19 06:00:00,-28.3,-32.5,0.0,1.43,0.0
2021-11-19 07:00:00,-28.2,-32.3,0.0,1.34,0.0
2021-11-19 08:00:00,-28.4,-32.7,0.0,1.13,0.0
2021-11-19 09:00:00,-29.1,-33.6,0.0,1.17,0.0
2021-11-19 10:00:00,-29.8,-34.2,0.0,0.85,0.0
2021-11-19 11:00:00,-30.3,-35.0,0.0,0.32,0.0
2021-11-19 12:00:00,-30.6,-35.2,0.0,0.3,0.0
2021-11-19 13:00:00,-31.9,-36.3,0.0,0.22,0.0
2021-11-19 14:00:00,-33.1,-37.1,0.0,0.89,0.0
2021-11-19 15:00:00,-31.7,-36.6,0.0,1.0,0.0
2021-11-19 16:00:00,-31.7,-36.7,0.0,1.06,0.0
2021-11-19 17:00:00,-31.5,-36.6,0.0,1.3,0.0
2021-11-19 18:00:00,-31.9,-36.7,0.0,1.48,0.0
2021-11-19 19:00:00,-31.7,-36.6,0.0,1.34,0.0
2021-11-19 20:00:00,-31.9,-36.7,0.0,1.25,0.0
2021-11-19 21:00:00,-31.8,-36.7,0.0,1.14,0.0
2021-11-19 22:00:00,-31.7,-36.9,0.0,0.92,0.0
2021-11-19 23:00:00,-31.7,-37.0,0.0,0.58,0.0
2021-11-20 00:00:00,-31.3,-36.9,0.0,0.32,1230.15
2021-11-20 01:00:00,-31.8,-36.9,0.0,0.63,3384.78
2021-11-20 02:00:00,-31.4,-36.2,0.0,0.81,3600.0
2021-11-20 03:00:00,-30.4,-35.1,0.0,0.71,3600.0
2021-11-20 04:00:00,-30.2,-34.2,0.0,0.92,3600.0
2021-11-20 05:00:00,-30.1,-34.0,0.0,0.89,2743.14
2021-11-20 06:00:00,-30.4,-34.1,0.0,0.72,0.0
2021-11-20 07:00:00,-31.0,-34.4,0.0,1.2,0.0
2021-11-20 08:00:00,-31.2,-34.7,0.0,1.43,0.0
2021-11-20 09:00:00,-31.5,-35.0,0.0,1.25,0.0
2021-11-20 10:00:00,-32.3,-35.8,0.0,1.3,0.0
2021-11-20 11:00:00,-32.0,-35.6,0.0,1.12,0.0
2021-11-20 12:00:00,-31.5,-35.3,0.0,1.02,0.0
2021-11-20 13:00:00,-32.4,-36.0,0.0,0.82,0.0
2021-11-20 14:00:00,-33.3,-36.8,0.0,1.0,0.0
2021-11-20 15:00:00,-32.0,-35.9,0.0,0.58,0.0
2021-11-20 16:00:00,-31.7,-35.5,0.0,0.61,0.0
2021-11-20 17:00:00,-32.0,-35.5,0.0,0.63,0.0
2021-11-20 18:00:00,-31.9,-35.5,0.0,0.58,0.0
2021-11-20 19:00:00,-32.1,-35.6,0.0,0.67,0.0
2021-11-20 20:00:00,-32.7,-36.2,0.0,0.71,0.0
2021-11-20 21:00:00,-34.0,-37.2,0.0,1.04,0.0
2021-11-20 22:00:00,-34.4,-37.6,0.0,1.06,0.0
2021-11-20 23:00:00,-34.0,-37.4,0.0,0.89,0.0
2021-11-21 00:00:00,-33.8,-38.0,0.0,0.54,1351.69
2021-11-21 01:00:00,-33.9,-38.0,0.0,0.54,3600.0
2021-11-21 02:00:00,-32.2,-36.8,0.0,0.32,3600.0
2021-11-21 03:00:00,-31.7,-36.1,0.0,0.41,3600.0
2021-11-21 04:00:00,-31.5,-35.6,0.0,0.54,3600.0
2021-11-21 05:00:00,-31.4,-35.5,0.0,0.58,3600.0
2021-11-21 06:00:00,-31.4,-35.4,0.0,0.22,0.0
2021-11-21 07:00:00,-31.2,-35.3,0.0,0.28,0.0
2021-11-21 08:00:00,-31.2,-35.2,0.0,0.32,0.0
2021-11-21 09:00:00,-31.0,-35.3,0.0,0.2,0.0
2021-11-21 10:00:00,-30.9,-34.8,0.1,0.2,0.0
2021-11-21 11:00:00,-30.3,-34.4,0.0,0.3,0.0
2021-11-21 12:00:00,-30.7,-34.0,0.1,0.22,0.0
2021-11-21 13:00:00,-29.6,-33.0,0.1,0.22,0.0
2021-11-21 14:00:00,-29.0,-32.4,0.1,0.14,0.0
2021-11-21 15:00:00,-28.4,-31.8,0.1,0.14,0.0
2021-11-21 16:00:00,-28.0,-31.2,0.1,0.0,0.0
2021-11-21 17:00:00,-27.4,-30.6,0.2,0.22,0.0
2021-11-21 18:00:00,-26.9,-30.0,0.2,0.28,0.0
2021-11-21 19:00:00,-26.4,-29.5,0.1,0.36,0.0
2021-11-21 20:00:00,-26.0,-29.0,0.1,0.0,0.0
2021-11-21 21:00:00,-25.5,-28.6,0.1,0.0,0.0
2021-11-21 22:00:00,-25.0,-28.2,0.1,0.22,0.0
2021-11-21 23:00:00,-24.8,-27.8,0.1,0.36,0.0
2021-11-22 00:00:00,-24.7,-27.9,0.1,0.28,0.0
2021-11-22 01:00:00,-24.2,-27.7,0.1,0.32,0.0
2021-11-22 02:00:00,-23.8,-27.5,0.0,0.41,0.0
2021-11-22 03:00:00,-23.6,-27.3,0.1,0.51,0.0
2021-11-22 04:00:00,-24.0,-27.2,0.0,1.0,933.18
2021-11-22 05:00:00,-24.8,-27.7,0.0,1.5,1249.25
2021-11-22 06:00:00,-25.8,-28.7,0.0,1.91,0.0
2021-11-22 07:00:00,-27.0,-29.9,0.0,2.06,0.0
2021-11-22 08:00:00,-28.1,-31.0,0.0,2.06,0.0
2021-11-22 09:00:00,-28.9,-31.8,0.0,2.14,0.0
2021-11-22 10:00:00,-28.9,-31.8,0.0,2.01,0.0
2021-11-22 11:00:00,-29.3,-32.5,0.0,1.73,0.0
2021-11-22 12:00:00,-32.0,-35.2,0.0,1.36,0.0
2021-11-22 13:00:00,-33.8,-37.0,0.0,1.8,0.0
2021-11-22 14:00:00,-33.7,-36.5,0.0,1.91,0.0
2021-11-22 15:00:00,-33.6,-36.4,0.0,1.53,0.0
2021-11-22 16:00:00,-34.0,-36.8,0.0,1.39,0.0
2021-11-22 17:00:00,-34.9,-38.0,0.0,1.22,0.0
2021-11-22 18:00:00,-36.1,-39.4,0.0,1.08,0.0
2021-11-22 19:00:00,-36.9,-40.2,0.0,0.81,0.0
2021-11-22 20:00:00,-37.2,-40.6,0.0,0.4,0.0
2021-11-22 21:00:00,-37.9,-41.9,0.0,0.76,0.0
2021-11-22 22:00:00,-38.4,-42.3,0.0,0.86,0.0
2021-11-22 23:00:00,-38.6,-42.6,0.0,0.94,0.0
2021-11-23 00:00:00,-40.1,-44.4,0.0,0.57,728.56
2021-11-23 01:00:00,-40.2,-44.3,0.0,1.21,3600.0
2021-11-23 02:00:00,-39.0,-43.3,0.0,1.8,3600.0
2021-11-23 03:00:00,-37.3,-41.6,0.0,1.25,3600.0
2021-11-23 04:00:00,-37.5,-41.7,0.0,1.61,3600.0
2021-11-23 05:00:00,-36.6,-41.0,0.0,0.86,3600.0
2021-11-23 06:00:00,-36.5,-40.9,0.0,0.22,0.0
2021-11-23 07:00:00,-36.3,-40.9,0.0,0.81,0.0
2021-11-23 08:00:00,-36.1,-40.9,0.0,0.81,0.0
2021-11-23 09:00:00,-36.2,-40.8,0.0,0.51,0.0
2021-11-23 10:00:00,-35.9,-40.7,0.0,0.72,0.0
2021-11-23 11:00:00,-35.6,-40.6,0.0,0.51,0.0
2021-11-23 12:00:00,-37.9,-42.0,0.0,0.81,0.0
2021-11-23 13:00:00,-38.3,-42.2,0.0,0.98,0.0
2021-11-23 14:00:00,-37.9,-41.9,0.0,0.86,0.0
2021-11-23 15:00:00,-38.6,-42.7,0.0,0.92,0.0
2021-11-23 16:00:00,-36.9,-41.7,0.0,0.32,0.0
2021-11-23 17:00:00,-36.5,-41.6,0.0,0.32,0.0
2021-11-23 18:00:00,-36.3,-41.5,0.0,0.73,0.0
2021-11-23 19:00:00,-36.5,-41.6,0.0,0.63,0.0
2021-11-23 20:00:00,-37.2,-42.1,0.0,0.72,0.0
2021-11-23 21:00:00,-38.8,-43.1,0.0,1.08,0.0
2021-11-23 22:00:00,-38.5,-42.8,0.0,1.14,0.0
2021-11-23 23:00:00,-38.0,-42.4,0.0,0.72,0.0
2021-11-24 00:00:00,-37.6,-41.8,0.0,0.81,0.0
2021-11-24 01:00:00,-37.2,-41.4,0.0,0.71,0.0
2021-11-24 02:00:00,-36.0,-40.3,0.0,0.81,724.38
2021-11-24 03:00:00,-35.2,-39.6,0.0,0.78,839.44
2021-11-24 04:00:00,-34.9,-38.8,0.0,0.92,0.0
2021-11-24 05:00:00,-34.9,-38.6,0.0,1.17,0.0
2021-11-24 06:00:00,-35.0,-38.5,0.0,1.32,0.0
2021-11-24 07:00:00,-34.5,-38.1,0.0,1.33,0.0
2021-11-24 08:00:00,-34.3,-38.1,0.0,0.86,0.0
2021-11-24 09:00:00,-35.1,-38.7,0.0,0.54,0.0
2021-11-24 10:00:00,-34.7,-38.3,0.0,0.71,0.0
2021-11-24 11:00:00,-35.0,-38.6,0.0,1.49,0.0
2021-11-24 12:00:00,-36.2,-39.9,0.0,1.93,0.0
2021-11-24 13:00:00,-37.0,-40.9,0.0,1.71,0.0
2021-11-24 14:00:00,-37.4,-41.0,0.0,1.58,0.0
2021-11-24 15:00:00,-37.9,-41.5,0.0,1.08,0.0
2021-11-24 16:00:00,-39.2,-42.8,0.0,1.99,0.0
2021-11-24 17:00:00,-39.2,-42.8,0.0,1.75,0.0
2021-11-24 18:00:00,-39.0,-42.6,0.0,1.61,0.0
2021-11-24 19:00:00,-39.2,-43.0,0.0,1.65,0.0
2021-11-24 20:00:00,-40.1,-43.8,0.0,2.01,0.0
2021-11-24 21:00:00,-40.0,-43.8,0.0,1.44,0.0
2021-11-24 22:00:00,-40.4,-44.1,0.0,1.3,0.0
2021-11-24 23:00:00,-41.0,-44.8,0.0,1.56,0.0
2021-11-25 00:00:00,-41.3,-45.3,0.0,0.86,944.42
2021-11-25 01:00:00,-42.2,-46.0,0.0,1.56,3600.0
2021-11-25 02:00:00,-40.7,-44.8,0.0,1.3,3600.0
2021-11-25 03:00:00,-39.5,-43.9,0.0,1.4,3600.0
2021-11-25 04:00:00,-39.4,-43.2,0.0,1.2,3600.0
2021-11-25 05:00:00,-39.8,-43.3,0.0,1.02,3496.98
2021-11-25 06:00:00,-39.4,-43.1,0.0,0.71,0.0
2021-11-25 07:00:00,-39.5,-43.3,0.0,0.41,0.0
2021-11-25 08:00:00,-39.3,-43.3,0.0,0.1,0.0
2021-11-25 09:00:00,-39.1,-43.2,0.0,0.36,0.0
2021-11-25 10:00:00,-38.9,-43.2,0.0,0.2,0.0
2021-11-25 11:00:00,-39.0,-43.2,0.0,0.14,0.0
2021-11-25 12:00:00,-40.1,-44.8,0.0,0.36,0.0
2021-11-25 13:00:00,-40.2,-45.0,0.0,0.54,0.0
2021-11-25 14:00:00,-40.3,-45.4,0.0,0.41,0.0
2021-11-25 15:00:00,-40.1,-45.5,0.0,0.22,0.0
2021-11-25 16:00:00,-39.9,-45.5,0.0,0.45,0.0
2021-11-25 17:00:00,-39.9,-45.5,0.0,0.58,0.0
2021-11-25 18:00:00,-39.8,-45.4,0.0,0.67,0.0
2021-11-25 19:00:00,-39.7,-45.1,0.0,0.58,0.0
2021-11-25 20:00:00,-39.4,-44.8,0.0,0.58,0.0
2021-11-25 21:00:00,-39.0,-44.6,0.0,0.3,0.0
2021-11-25 22:00:00,-38.7,-44.6,0.0,0.3,0.0
2021-11-25 23:00:00,-38.7,-44.7,0.0,0.51,0.0
2021-11-26 00:00:00,-39.8,-46.5,0.0,0.54,161.3
2021-11-26 01:00:00,-42.0,-47.0,0.0,1.26,3600.0
2021-11-26 02:00:00,-40.0,-45.5,0.0,0.81,3600.0
2021-11-26 03:00:00,-39.6,-45.3,0.0,0.81,3600.0
2021-11-26 04:00:00,-39.3,-45.0,0.0,0.76,3600.0
2021-11-26 05:00:00,-39.4,-44.7,0.0,1.0,3356.08
2021-11-26 06:00:00,-39.0,-44.1,0.0,0.81,0.0
2021-11-26 07:00:00,-38.9,-44.1,0.0,0.45,0.0
2021-11-26 08:00:00,-41.0,-45.5,0.0,1.3,0.0
2021-11-26 09:00:00,-41.7,-45.9,0.0,1.7,0.0
2021-11-26 10:00:00,-41.6,-46.0,0.0,1.35,0.0
2021-11-26 11:00:00,-41.5,-46.0,0.0,1.14,0.0
2021-11-26 12:00:00,-42.1,-47.1,0.0,0.94,0.0
2021-11-26 13:00:00,-44.0,-48.6,0.0,1.89,0.0
2021-11-26 14:00:00,-43.6,-48.5,0.0,1.48,0.0
2021-11-26 15:00:00,-43.9,-48.7,0.0,1.48,0.0
2021-11-26 16:00:00,-44.2,-48.7,0.0,1.72,0.0
2021-11-26 17:00:00,-44.4,-48.7,0.0,1.78,0.0
2021-11-26 18:00:00,-44.2,-48.6,0.0,1.5,0.0
2021-11-26 19:00:00,-44.0,-48.6,0.0,1.2,0.0
2021-11-26 20:00:00,-44.1,-48.8,0.0,1.39,0.0
2021-11-26 21:00:00,-43.8,-48.6,0.0,1.44,0.0
2021-11-26 22:00:00,-43.5,-48.5,0.0,1.3,0.0
2021-11-26 23:00:00,-43.3,-48.3,0.0,1.3,0.0
2021-11-27 00:00:00,-42.8,-48.2,0.0,1.49,259.0
2021-11-27 01:00:00,-42.7,-47.8,0.0,1.58,3600.0
2021-11-27 02:00:00,-41.9,-46.8,0.0,0.92,3600.0
2021-11-27 03:00:00,-41.1,-45.8,0.0,0.89,3600.0
2021-11-27 04:00:00,-40.6,-45.1,0.0,0.89,3600.0
2021-11-27 05:00:00,-39.9,-44.8,0.0,1.0,3218.31
2021-11-27 06:00:00,-39.7,-45.0,0.0,0.63,0.0
2021-11-27 07:00:00,-40.7,-45.6,0.0,0.98,0.0
2021-11-27 08:00:00,-40.6,-45.2,0.0,1.22,0.0
2021-11-27 09:00:00,-39.6,-45.1,0.0,0.92,0.0
2021-11-27 10:00:00,-40.8,-45.7,0.0,1.28,0.0
2021-11-27 11:00:00,-40.5,-45.7,0.0,1.36,0.0
2021-11-27 12:00:00,-41.0,-45.5,0.0,1.41,0.0
2021-11-27 13:00:00,-40.6,-45.4,0.0,0.72,0.0
2021-11-27 14:00:00,-38.9,-44.4,0.0,0.54,0.0
2021-11-27 15:00:00,-38.0,-43.6,0.0,0.5,0.0
2021-11-27 16:00:00,-37.1,-42.4,0.0,0.41,0.0
2021-11-27 17:00:00,-35.1,-40.4,0.1,0.2,0.0
2021-11-27 18:00:00,-33.6,-38.8,0.2,0.41,0.0
2021-11-27 19:00:00,-32.6,-37.8,0.1,0.41,0.0
2021-11-27 20:00:00,-32.1,-37.1,0.1,0.89,0.0
2021-11-27 21:00:00,-32.1,-36.1,0.0,0.92,0.0
2021-11-27 22:00:00,-32.4,-35.6,0.0,0.92,0.0
2021-11-27 23:00:00,-32.7,-36.2,0.0,0.5,0.0
2021-11-28 00:00:00,-34.3,-38.0,0.0,0.71,0.0
2021-11-28 01:00:00,-32.8,-37.4,0.0,0.41,1438.93
2021-11-28 02:00:00,-32.0,-37.0,0.0,1.04,3600.0
2021-11-28 03:00:00,-33.9,-38.0,0.0,1.8,3600.0
2021-11-28 04:00:00,-34.9,-38.4,0.0,2.25,3600.0
2021-11-28 05:00:00,-34.5,-37.6,0.0,2.16,3083.84
2021-11-28 06:00:00,-32.8,-36.3,0.0,2.0,0.0
2021-11-28 07:00:00,-36.5,-39.1,0.0,2.51,0.0
2021-11-28 08:00:00,-37.2,-39.7,0.0,2.87,0.0
2021-11-28 09:00:00,-36.8,-39.5,0.0,3.0,0.0
2021-11-28 10:00:00,-36.2,-38.9,0.0,2.83,0.0
2021-11-28 11:00:00,-35.7,-38.7,0.0,2.73,0.0
2021-11-28 12:00:00,-35.9,-38.8,0.0,3.36,0.0
2021-11-28 13:00:00,-35.3,-38.4,0.0,2.39,0.0
2021-11-28 14:00:00,-34.3,-37.8,0.0,2.06,0.0
2021-11-28 15:00:00,-33.3,-37.1,0.0,1.78,0.0
2021-11-28 16:00:00,-32.5,-36.4,0.0,1.36,0.0
2021-11-28 17:00:00,-31.4,-35.4,0.0,1.39,0.0
2021-11-28 18:00:00,-31.0,-34.9,0.0,1.39,0.0
2021-11-28 19:00:00,-30.6,-34.4,0.0,1.39,0.0
2021-11-28 20:00:00,-30.1,-33.9,0.1,1.25,0.0
2021-11-28 21:00:00,-29.7,-33.4,0.1,1.24,0.0
2021-11-28 22:00:00,-29.6,-33.3,0.1,1.43,0.0
2021-11-28 23:00:00,-29.5,-33.1,0.0,1.77,0.0
2021-11-29 00:00:00,-28.7,-32.8,0.0,1.17,0.0
2021-11-29 01:00:00,-28.5,-32.6,0.0,1.22,0.0
2021-11-29 02:00:00,-28.7,-32.5,0.0,1.5,0.0
2021-11-29 03:00:00,-28.3,-32.0,0.0,1.43,0.0
2021-11-29 04:00:00,-27.0,-31.2,0.0,1.12,0.0
2021-11-29 05:00:00,-27.2,-31.3,0.0,1.2,0.0
2021-11-29 06:00:00,-28.1,-31.7,0.0,1.3,0.0
2021-11-29 07:00:00,-27.6,-31.4,0.0,1.41,0.0
2021-11-29 08:00:00,-27.3,-31.1,0.0,1.3,0.0
2021-11-29 09:00:00,-27.8,-31.5,0.0,1.32,0.0
2021-11-29 10:00:00,-28.1,-31.7,0.0,1.3,0.0
2021-11-29 11:00:00,-28.3,-31.9,0.0,1.4,0.0
2021-11-29 12:00:00,-28.5,-32.1,0.0,1.63,0.0
2021-11-29 13:00:00,-29.2,-32.7,0.0,1.4,0.0
2021-11-29 14:00:00,-28.1,-32.1,0.0,0.94,0.0
2021-11-29 15:00:00,-28.3,-32.4,0.0,0.71,0.0
2021-11-29 16:00:00,-29.1,-33.3,0.0,0.45,0.0
2021-11-29 17:00:00,-29.9,-34.2,0.0,0.41,0.0
2021-11-29 18:00:00,-31.1,-35.3,0.0,0.6,0.0
2021-11-29 19:00:00,-32.3,-36.4,0.0,1.02,0.0
2021-11-29 20:00:00,-32.8,-36.8,0.0,1.24,0.0
2021-11-29 21:00:00,-32.9,-36.9,0.0,1.14,0.0
2021-11-29 22:00:00,-32.8,-36.9,0.0,0.76,0.0
2021-11-29 23:00:00,-32.9,-37.0,0.0,0.85,0.0
2021-11-30 00:00:00,-33.8,-37.2,0.0,1.41,0.0
2021-11-30 01:00:00,-34.5,-38.1,0.0,1.36,0.0
2021-11-30 02:00:00,-34.5,-38.2,0.0,1.49,973.45
2021-11-30 03:00:00,-34.6,-38.1,0.0,1.46,2136.21
2021-11-30 04:00:00,-34.6,-38.1,0.0,1.33,552.02
2021-11-30 05:00:00,-35.2,-38.8,0.0,1.52,0.0
2021-11-30 06:00:00,-35.8,-39.3,0.0,1.84,0.0
2021-11-30 07:00:00,-36.5,-40.0,0.0,1.84,0.0
2021-11-30 08:00:00,-36.9,-40.6,0.0,1.57,0.0
2021-11-30 09:00:00,-37.5,-41.2,0.0,1.3,0.0
2021-11-30 10:00:00,-39.1,-42.6,0.0,1.94,0.0
2021-11-30 11:00:00,-40.1,-43.3,0.0,2.28,0.0
2021-11-30 12:00:00,-40.4,-43.9,0.0,1.89,0.0
2021-11-30 13:00:00,-41.7,-44.8,0.0,2.24,0.0
2021-11-30 14:00:00,-43.1,-46.0,0.0,2.52,0.0
2021-11-30 15:00:00,-42.9,-45.7,0.0,2.37,0.0
2021-11-30 16:00:00,-42.4,-45.2,0.0,2.19,0.0
2021-11-30 17:00:00,-42.8,-45.7,0.0,2.2,0.0
2021-11-30 18:00:00,-43.4,-46.5,0.0,2.25,0.0
2021-11-30 19:00:00,-43.0,-46.4,0.0,2.06,0.0
2021-11-30 20:00:00,-42.5,-46.3,0.0,1.84,0.0
2021-11-30 21:00:00,-42.4,-46.6,0.0,1.63,0.0
2021-11-30 22:00:00,-42.4,-46.9,0.0,1.41,0.0
2021-11-30 23:00:00,-42.4,-47.1,0.0,1.35,0.0
2021-12-01 00:00:00,-43.2,-48.2,0.0,1.57,0.0
2021-12-01 01:00:00,-43.5,-48.6,0.0,1.61,3600.0
2021-12-01 02:00:00,-43.5,-48.9,0.0,1.48,3600.0
2021-12-01 03:00:00,-43.4,-48.9,0.0,1.36,3600.0
2021-12-01 04:00:00,-43.3,-48.8,0.0,1.17,3600.0
2021-12-01 05:00:00,-43.3,-48.8,0.0,1.28,2702.58
2021-12-01 06:00:00,-43.2,-48.7,0.0,1.36,0.0
2021-12-01 07:00:00,-43.2,-48.8,0.0,1.24,0.0
2021-12-01 08:00:00,-43.2,-48.9,0.0,1.0,0.0
2021-12-01 09:00:00,-43.1,-48.9,0.0,0.82,0.0
2021-12-01 10:00:00,-42.9,-48.8,0.0,0.36,0.0
2021-12-01 11:00:00,-42.7,-48.5,0.0,0.36,0.0
2021-12-01 12:00:00,-43.9,-49.1,0.0,0.36,0.0
2021-12-01 13:00:00,-43.9,-49.0,0.0,0.63,0.0
2021-12-01 14:00:00,-45.1,-49.9,0.0,0.94,0.0
2021-12-01 15:00:00,-46.7,-50.8,0.0,1.63,0.0
2021-12-01 16:00:00,-46.1,-50.0,0.0,1.8,0.0
2021-12-01 17:00:00,-45.5,-49.1,0.0,1.84,0.0
2021-12-01 18:00:00,-46.8,-50.2,0.0,2.31,0.0
2021-12-01 19:00:00,-47.9,-50.9,0.0,3.0,0.0
2021-12-01 20:00:00,-45.2,-48.2,0.0,2.57,0.0
2021-12-01 21:00:00,-44.5,-47.6,0.0,1.93,0.0
2021-12-01 22:00:00,-46.3,-49.4,0.0,2.72,0.0
2021-12-01 23:00:00,-45.6,-49.1,0.0,2.48,0.0
2021-12-02 00:00:00,-46.5,-49.8,0.0,2.08,0.0
2021-12-02 01:00:00,-47.7,-51.1,0.0,2.1,3600.0
2021-12-02 02:00:00,-45.9,-49.6,0.0,2.0,2912.27
2021-12-02 03:00:00,-45.8,-49.6,0.0,2.22,110.78
2021-12-02 04:00:00,-45.3,-48.8,0.0,2.2,0.0
2021-12-02 05:00:00,-45.2,-48.2,0.0,2.41,0.0
2021-12-02 06:00:00,-43.2,-46.0,0.0,1.6,0.0
2021-12-02 07:00:00,-41.8,-44.7,0.0,1.32,0.0
2021-12-02 08:00:00,-40.3,-43.5,0.0,1.44,0.0
2021-12-02 09:00:00,-39.1,-42.4,0.0,2.32,0.0
2021-12-02 10:00:00,-37.8,-41.1,0.0,2.06,0.0
2021-12-02 11:00:00,-36.9,-40.3,0.0,2.14,0.0
2021-12-02 12:00:00,-38.2,-41.7,0.0,2.5,0.0
2021-12-02 13:00:00,-36.7,-40.2,0.0,2.7,0.0
2021-12-02 14:00:00,-36.1,-39.6,0.0,2.35,0.0
2021-12-02 15:00:00,-35.2,-38.8,0.0,1.7,0.0
2021-12-02 16:00:00,-34.2,-37.8,0.1,2.7,0.0
2021-12-02 17:00:00,-33.0,-36.9,0.1,1.8,0.0
2021-12-02 18:00:00,-32.1,-35.9,0.1,2.62,0.0
2021-12-02 19:00:00,-31.2,-35.1,0.1,1.94,0.0
2021-12-02 20:00:00,-30.9,-34.6,0.1,1.82,0.0
2021-12-02 21:00:00,-31.0,-34.7,0.0,1.77,0.0
2021-12-02 22:00:00,-30.5,-34.1,0.0,1.92,0.0
2021-12-02 23:00:00,-32.0,-35.4,0.0,2.11,0.0
2021-12-03 00:00:00,-32.8,-36.2,0.0,1.41,0.0
2021-12-03 01:00:00,-32.9,-36.3,0.0,2.02,0.0
2021-12-03 02:00:00,-31.1,-34.9,0.0,1.3,0.0
2021-12-03 03:00:00,-30.9,-34.7,0.0,1.14,0.0
2021-12-03 04:00:00,-30.9,-34.6,0.0,1.5,0.0
2021-12-03 05:00:00,-29.8,-33.9,0.0,1.58,0.0
2021-12-03 06:00:00,-29.8,-33.7,0.0,0.67,0.0
2021-12-03 07:00:00,-31.1,-34.7,0.0,0.45,0.0
2021-12-03 08:00:00,-33.0,-36.4,0.0,1.21,0.0
2021-12-03 09:00:00,-32.5,-36.3,0.0,1.3,0.0
2021-12-03 10:00:00,-33.8,-37.7,0.0,1.0,0.0
2021-12-03 11:00:00,-34.3,-38.2,0.0,1.08,0.0
2021-12-03 12:00:00,-34.8,-38.7,0.0,1.36,0.0
2021-12-03 13:00:00,-35.4,-39.3,0.0,1.3,0.0
2021-12-03 14:00:00,-35.7,-39.4,0.0,1.53,0.0
2021-12-03 15:00:00,-35.6,-39.1,0.0,1.39,0.0
2021-12-03 16:00:00,-35.6,-39.1,0.0,1.32,0.0
2021-12-03 17:00:00,-35.5,-39.0,0.0,1.61,0.0
2021-12-03 18:00:00,-35.7,-39.1,0.0,1.81,0.0
2021-12-03 19:00:00,-35.6,-38.9,0.0,1.65,0.0
2021-12-03 20:00:00,-35.9,-39.3,0.0,1.17,0.0
2021-12-03 21:00:00,-36.5,-40.0,0.0,1.22,0.0
2021-12-03 22:00:00,-36.8,-40.4,0.0,1.5,0.0
2021-12-03 23:00:00,-35.6,-39.6,0.0,1.36,0.0
2021-12-04 00:00:00,-39.6,-43.3,0.0,1.56,0.0
2021-12-04 01:00:00,-39.9,-43.7,0.0,1.77,3600.0
2021-12-04 02:00:00,-39.2,-43.4,0.0,1.35,3600.0
2021-12-04 03:00:00,-39.0,-43.5,0.0,1.0,3600.0
2021-12-04 04:00:00,-38.8,-43.5,0.0,0.54,3600.0
2021-12-04 05:00:00,-39.1,-43.6,0.0,0.28,1977.54
2021-12-04 06:00:00,-39.6,-43.8,0.0,0.45,0.0
2021-12-04 07:00:00,-40.3,-44.2,0.0,0.41,0.0
2021-12-04 08:00:00,-40.7,-44.1,0.0,0.63,0.0
2021-12-04 09:00:00,-40.4,-43.8,0.0,0.57,0.0
2021-12-04 10:00:00,-40.8,-44.0,0.0,0.32,0.0
2021-12-04 11:00:00,-42.9,-45.7,0.0,1.2,0.0
2021-12-04 12:00:00,-45.4,-48.1,0.0,1.7,0.0
2021-12-04 13:00:00,-45.0,-47.9,0.0,1.39,0.0
2021-12-04 14:00:00,-45.2,-48.6,0.0,1.48,0.0
2021-12-04 15:00:00,-45.4,-49.2,0.0,1.28,0.0
2021-12-04 16:00:00,-45.6,-49.7,0.0,1.39,0.0
2021-12-04 17:00:00,-45.6,-49.9,0.0,0.94,0.0
2021-12-04 18:00:00,-45.7,-50.0,0.0,1.42,0.0
2021-12-04 19:00:00,-46.3,-50.8,0.0,1.78,0.0
2021-12-04 20:00:00,-46.3,-51.0,0.0,1.06,0.0
2021-12-04 21:00:00,-46.2,-51.3,0.0,1.14,0.0
2021-12-04 22:00:00,-46.0,-51.4,0.0,1.08,0.0
2021-12-04 23:00:00,-46.2,-51.7,0.0,1.36,0.0
2021-12-05 00:00:00,-49.1,-54.0,0.0,1.58,0.0
2021-12-05 01:00:00,-49.5,-54.2,0.0,1.7,3538.92
2021-12-05 02:00:00,-48.7,-53.6,0.0,1.41,3600.0
2021-12-05 03:00:00,-47.4,-52.5,0.0,1.22,722.53
2021-12-05 04:00:00,-46.7,-52.5,0.0,1.06,492.33
2021-12-05 05:00:00,-46.7,-52.4,0.0,1.0,0.0
2021-12-05 06:00:00,-46.5,-52.4,0.0,1.03,0.0
2021-12-05 07:00:00,-47.4,-52.7,0.0,1.5,0.0
2021-12-05 08:00:00,-47.8,-52.8,0.0,1.91,0.0
2021-12-05 09:00:00,-48.0,-53.0,0.0,1.72,0.0
2021-12-05 10:00:00,-47.9,-52.9,0.0,1.84,0.0
2021-12-05 11:00:00,-47.3,-52.4,0.0,1.5,0.0
2021-12-05 12:00:00,-47.3,-52.2,0.0,1.3,0.0
2021-12-05 13:00:00,-47.7,-52.7,0.0,1.17,0.0
2021-12-05 14:00:00,-48.0,-53.1,0.0,1.3,0.0
2021-12-05 15:00:00,-47.0,-52.5,0.0,0.85,0.0
2021-12-05 16:00:00,-46.8,-52.3,0.0,0.98,0.0
2021-12-05 17:00:00,-46.2,-51.7,0.0,0.58,0.0
2021-12-05 18:00:00,-44.9,-50.3,0.0,0.71,0.0
2021-12-05 19:00:00,-44.7,-49.9,0.0,1.14,0.0
2021-12-05 20:00:00,-44.8,-49.7,0.0,1.3,0.0
2021-12-05 21:00:00,-44.6,-49.1,0.0,1.0,0.0
2021-12-05 22:00:00,-44.3,-48.6,0.0,1.13,0.0
2021-12-05 23:00:00,-44.6,-48.8,0.0,0.99,0.0
2021-12-06 00:00:00,-44.5,-49.0,0.0,1.0,0.0
2021-12-06 01:00:00,-44.8,-49.5,0.0,1.42,3388.2
2021-12-06 02:00:00,-43.9,-48.9,0.0,1.27,3600.0
2021-12-06 03:00:00,-43.2,-48.5,0.0,1.28,3600.0
2021-12-06 04:00:00,-42.4,-47.9,0.0,1.2,2959.26
2021-12-06 05:00:00,-42.5,-47.8,0.0,1.36,0.0
2021-12-06 06:00:00,-41.9,-47.3,0.0,1.25,0.0
2021-12-06 07:00:00,-42.4,-47.7,0.0,1.53,0.0
2021-12-06 08:00:00,-42.8,-47.9,0.0,1.7,0.0
2021-12-06 09:00:00,-43.2,-48.0,0.0,1.75,0.0
2021-12-06 10:00:00,-44.1,-48.3,0.0,2.34,0.0
2021-12-06 11:00:00,-43.6,-47.7,0.0,1.49,0.0
2021-12-06 12:00:00,-43.8,-48.3,0.0,1.7,0.0
2021-12-06 13:00:00,-44.4,-48.9,0.0,1.75,0.0
2021-12-06 14:00:00,-44.5,-49.0,0.0,1.89,0.0
2021-12-06 15:00:00,-45.1,-49.2,0.0,2.27,0.0
2021-12-06 16:00:00,-44.3,-48.4,0.0,1.92,0.0
2021-12-06 17:00:00,-43.3,-47.8,0.0,1.25,0.0
2021-12-06 18:00:00,-43.1,-47.9,0.0,0.82,0.0
2021-12-06 19:00:00,-42.9,-48.0,0.0,0.76,0.0
2021-12-06 20:00:00,-43.9,-48.6,0.0,1.06,0.0
2021-12-06 21:00:00,-44.5,-49.1,0.0,1.13,0.0
2021-12-06 22:00:00,-43.1,-48.4,0.0,0.57,0.0
2021-12-06 23:00:00,-42.8,-48.3,0.0,0.36,0.0
2021-12-07 00:00:00,-44.3,-51.4,0.0,0.14,0.0
2021-12-07 01:00:00,-44.5,-51.1,0.0,0.36,3242.63
2021-12-07 02:00:00,-44.4,-51.0,0.0,0.5,3600.0
2021-12-07 03:00:00,-44.5,-50.7,0.0,0.67,3600.0
2021-12-07 04:00:00,-44.6,-50.6,0.0,0.36,3600.0
2021-12-07 05:00:00,-44.3,-50.6,0.0,0.61,1148.44
2021-12-07 06:00:00,-44.1,-50.4,0.0,0.63,0.0
2021-12-07 07:00:00,-44.1,-50.6,0.0,0.63,0.0
2021-12-07 08:00:00,-44.3,-51.1,0.0,0.82,0.0
2021-12-07 09:00:00,-44.0,-50.8,0.0,0.82,0.0
2021-12-07 10:00:00,-44.0,-50.3,0.0,1.0,0.0
2021-12-07 11:00:00,-44.6,-50.1,0.0,1.06,0.0
2021-12-07 12:00:00,-45.5,-49.9,0.0,0.94,0.0
2021-12-07 13:00:00,-46.0,-50.2,0.0,0.42,0.0
2021-12-07 14:00:00,-46.6,-50.9,0.0,0.45,0.0
2021-12-07 15:00:00,-46.6,-51.0,0.0,0.71,0.0
2021-12-07 16:00:00,-46.5,-50.9,0.0,1.2,0.0
2021-12-07 17:00:00,-46.1,-50.3,0.0,0.76,0.0
2021-12-07 18:00:00,-46.3,-50.4,0.0,0.57,0.0
2021-12-07 19:00:00,-46.5,-50.5,0.0,0.64,0.0
2021-12-07 20:00:00,-46.5,-50.4,0.0,0.45,0.0
2021-12-07 21:00:00,-46.5,-50.5,0.0,0.36,0.0
2021-12-07 22:00:00,-46.9,-51.0,0.0,0.45,0.0
2021-12-07 23:00:00,-47.8,-52.3,0.0,0.89,0.0
2021-12-08 00:00:00,-49.6,-53.6,0.0,1.36,0.0
2021-12-08 01:00:00,-50.7,-55.1,0.0,1.53,3102.74
2021-12-08 02:00:00,-52.1,-56.4,0.0,1.92,3600.0
2021-12-08 03:00:00,-52.1,-56.6,0.0,1.88,3600.0
2021-12-08 04:00:00,-52.3,-57.0,0.0,1.97,3600.0
2021-12-08 05:00:00,-52.2,-57.1,0.0,2.05,1215.93
2021-12-08 06:00:00,-51.8,-56.9,0.0,1.92,0.0
2021-12-08 07:00:00,-52.4,-57.2,0.0,2.24,0.0
2021-12-08 08:00:00,-52.1,-56.8,0.0,2.15,0.0
2021-12-08 09:00:00,-52.7,-57.0,0.0,2.4,0.0
2021-12-08 10:00:00,-52.7,-56.9,0.0,2.41,0.0
2021-12-08 11:00:00,-52.9,-57.1,0.0,2.33,0.0
2021-12-08 12:00:00,-53.1,-58.0,0.0,2.11,0.0
2021-12-08 13:00:00,-54.1,-58.6,0.0,2.42,0.0
2021-12-08 14:00:00,-53.1,-57.7,0.0,2.12,0.0
2021-12-08 15:00:00,-52.0,-57.1,0.0,1.84,0.0
2021-12-08 16:00:00,-52.6,-57.5,0.0,1.86,0.0
2021-12-08 17:00:00,-52.8,-57.5,0.0,1.72,0.0
2021-12-08 18:00:00,-51.5,-56.8,0.0,1.5,0.0
2021-12-08 19:00:00,-51.2,-56.8,0.0,1.28,0.0
2021-12-08 20:00:00,-50.8,-56.6,0.0,1.41,0.0
2021-12-08 21:00:00,-50.4,-56.5,0.0,1.3,0.0
2021-12-08 22:00:00,-50.1,-56.4,0.0,1.3,0.0
2021-12-08 23:00:00,-49.4,-56.2,0.0,1.0,0.0
2021-12-09 00:00:00,-50.2,-56.3,0.0,1.0,0.0
2021-12-09 01:00:00,-49.6,-56.4,0.0,0.61,2969.07
2021-12-09 02:00:00,-48.7,-56.4,0.0,0.42,3600.0
2021-12-09 03:00:00,-47.9,-56.2,0.0,0.61,3600.0
2021-12-09 04:00:00,-47.4,-55.6,0.0,0.73,3600.0
2021-12-09 05:00:00,-47.1,-55.0,0.0,0.42,164.9
2021-12-09 06:00:00,-46.9,-54.5,0.0,0.5,0.0
2021-12-09 07:00:00,-46.9,-54.2,0.0,0.57,0.0
2021-12-09 08:00:00,-47.6,-54.1,0.0,0.85,0.0
2021-12-09 09:00:00,-48.6,-54.2,0.0,1.27,0.0
2021-12-09 10:00:00,-48.5,-53.8,0.0,1.42,0.0
2021-12-09 11:00:00,-48.6,-53.8,0.0,1.48,0.0
2021-12-09 12:00:00,-49.2,-53.9,0.0,1.14,0.0
2021-12-09 13:00:00,-48.9,-54.3,0.0,1.02,0.0
2021-12-09 14:00:00,-47.4,-54.0,0.0,0.1,0.0
2021-12-09 15:00:00,-46.7,-54.1,0.0,0.64,0.0
2021-12-09 16:00:00,-47.5,-54.3,0.0,0.67,0.0
2021-12-09 17:00:00,-46.9,-54.2,0.0,0.36,0.0
2021-12-09 18:00:00,-46.9,-54.2,0.0,0.28,0.0
2021-12-09 19:00:00,-47.4,-54.3,0.0,0.71,0.0
2021-12-09 20:00:00,-48.4,-54.4,0.0,1.13,0.0
2021-12-09 21:00:00,-48.3,-54.3,0.0,1.2,0.0
2021-12-09 22:00:00,-48.5,-54.2,0.0,1.35,0.0
2021-12-09 23:00:00,-47.6,-53.7,0.0,1.06,0.0
2021-12-10 00:00:00,-47.4,-52.7,0.0,0.67,0.0
2021-12-10 01:00:00,-47.9,-53.4,0.0,1.22,929.34
2021-12-10 02:00:00,-47.3,-52.8,0.0,1.36,3600.0
2021-12-10 03:00:00,-46.7,-52.3,0.0,1.52,3600.0
2021-12-10 04:00:00,-46.4,-52.0,0.0,1.7,3600.0
2021-12-10 05:00:00,-46.6,-52.0,0.0,1.56,212.53
2021-12-10 06:00:00,-46.9,-52.2,0.0,1.7,0.0
2021-12-10 07:00:00,-47.0,-52.3,0.0,1.72,0.0
2021-12-10 08:00:00,-46.7,-52.2,0.0,1.63,0.0
2021-12-10 09:00:00,-46.3,-52.0,0.0,1.5,0.0
2021-12-10 10:00:00,-45.8,-52.0,0.0,1.5,0.0
2021-12-10 11:00:00,-45.4,-51.8,0.0,1.49,0.0
2021-12-10 12:00:00,-46.6,-52.0,0.0,1.7,0.0
2021-12-10 13:00:00,-46.6,-52.4,0.0,1.56,0.0
2021-12-10 14:00:00,-45.8,-52.2,0.0,1.17,0.0
2021-12-10 15:00:00,-45.7,-52.0,0.0,1.17,0.0
2021-12-10 16:00:00,-44.7,-51.4,0.0,1.14,0.0
2021-12-10 17:00:00,-44.5,-51.3,0.0,1.03,0.0
2021-12-10 18:00:00,-44.0,-51.0,0.0,0.85,0.0
2021-12-10 19:00:00,-43.7,-50.8,0.0,0.81,0.0
2021-12-10 20:00:00,-43.4,-50.6,0.0,0.81,0.0
2021-12-10 21:00:00,-43.3,-50.5,0.0,0.67,0.0
2021-12-10 22:00:00,-42.9,-50.2,0.0,0.32,0.0
2021-12-10 23:00:00,-42.5,-49.8,0.0,0.2,0.0
2021-12-11 00:00:00,-43.0,-48.1,0.0,0.42,0.0
2021-12-11 01:00:00,-42.7,-48.0,0.0,0.51,2191.79
2021-12-11 02:00:00,-43.1,-48.4,0.0,0.89,3600.0
2021-12-11 03:00:00,-43.0,-48.5,0.0,0.58,184.24
2021-12-11 04:00:00,-42.5,-48.5,0.0,0.2,0.0
2021-12-11 05:00:00,-42.1,-48.1,0.0,0.36,0.0
2021-12-11 06:00:00,-42.1,-47.4,0.0,0.78,0.0
2021-12-11 07:00:00,-41.8,-46.2,0.0,1.43,0.0
2021-12-11 08:00:00,-40.6,-44.8,0.0,1.4,0.0
2021-12-11 09:00:00,-39.5,-43.9,0.0,1.14,0.0
2021-12-11 10:00:00,-38.6,-43.3,0.0,0.67,0.0
2021-12-11 11:00:00,-38.7,-43.3,0.0,0.1,0.0
2021-12-11 12:00:00,-39.4,-44.0,0.0,0.5,0.0
2021-12-11 13:00:00,-41.3,-45.6,0.0,1.14,0.0
2021-12-11 14:00:00,-42.1,-46.4,0.0,1.36,0.0
2021-12-11 15:00:00,-41.9,-46.6,0.0,1.06,0.0
2021-12-11 16:00:00,-41.9,-46.7,0.0,0.78,0.0
2021-12-11 17:00:00,-42.3,-47.0,0.0,0.63,0.0
2021-12-11 18:00:00,-42.8,-47.4,0.0,0.5,0.0
2021-12-11 19:00:00,-43.1,-47.5,0.0,0.3,0.0
2021-12-11 20:00:00,-43.1,-47.6,0.0,0.2,0.0
2021-12-11 21:00:00,-43.2,-48.0,0.0,0.5,0.0
2021-12-11 22:00:00,-43.5,-48.4,0.0,0.41,0.0
2021-12-11 23:00:00,-43.5,-48.6,0.0,0.41,0.0
2021-12-12 00:00:00,-45.7,-50.2,0.0,0.36,0.0
2021-12-12 01:00:00,-46.4,-50.8,0.0,1.0,1079.95
2021-12-12 02:00:00,-46.0,-50.9,0.0,0.64,3600.0
2021-12-12 03:00:00,-45.6,-50.9,0.0,0.58,3600.0
2021-12-12 04:00:00,-45.3,-50.9,0.0,0.32,3600.0
2021-12-12 05:00:00,-45.0,-50.9,0.0,0.2,294.47
2021-12-12 06:00:00,-44.8,-50.9,0.0,0.36,0.0
2021-12-12 07:00:00,-44.6,-50.9,0.0,0.54,0.0
2021-12-12 08:00:00,-44.4,-51.0,0.0,0.1,0.0
2021-12-12 09:00:00,-45.3,-51.6,0.0,0.54,0.0
2021-12-12 10:00:00,-45.1,-51.6,0.0,0.32,0.0
2021-12-12 11:00:00,-45.1,-51.8,0.0,0.1,0.0
2021-12-12 12:00:00,-48.5,-52.7,0.0,0.92,0.0
2021-12-12 13:00:00,-48.0,-52.4,0.0,0.94,0.0
2021-12-12 14:00:00,-49.6,-53.8,0.0,1.58,0.0
2021-12-12 15:00:00,-48.8,-53.0,0.0,1.44,0.0
2021-12-12 16:00:00,-48.0,-52.4,0.0,0.92,0.0
2021-12-12 17:00:00,-47.8,-52.6,0.0,0.51,0.0
2021-12-12 18:00:00,-47.4,-52.9,0.0,0.3,0.0
2021-12-12 19:00:00,-47.2,-53.0,0.0,0.45,0.0
2021-12-12 20:00:00,-46.9,-52.8,0.0,0.78,0.0
2021-12-12 21:00:00,-47.6,-52.9,0.0,1.06,0.0
2021-12-12 22:00:00,-46.9,-52.3,0.0,0.92,0.0
2021-12-12 23:00:00,-47.6,-52.5,0.0,0.92,0.0
2021-12-13 00:00:00,-48.5,-52.2,0.0,1.43,0.0
2021-12-13 01:00:00,-48.8,-52.9,0.0,1.04,0.0
2021-12-13 02:00:00,-48.4,-52.8,0.0,0.81,3600.0
2021-12-13 03:00:00,-47.8,-51.9,0.0,0.92,788.06
2021-12-13 04:00:00,-47.1,-51.0,0.0,0.6,0.0
2021-12-13 05:00:00,-46.4,-50.1,0.0,0.86,0.0
2021-12-13 06:00:00,-45.6,-49.2,0.0,0.73,0.0
2021-12-13 07:00:00,-44.7,-48.4,0.0,0.3,0.0
2021-12-13 08:00:00,-44.0,-47.7,0.0,0.51,0.0
2021-12-13 09:00:00,-43.3,-47.1,0.0,0.45,0.0
2021-12-13 10:00:00,-42.1,-46.3,0.0,0.41,0.0
2021-12-13 11:00:00,-41.5,-45.7,0.1,0.0,0.0
2021-12-13 12:00:00,-42.2,-46.5,0.0,0.45,0.0
2021-12-13 13:00:00,-41.6,-46.1,0.1,0.41,0.0
2021-12-13 14:00:00,-41.0,-45.4,0.1,0.22,0.0
2021-12-13 15:00:00,-40.3,-44.7,0.1,0.41,0.0
2021-12-13 16:00:00,-39.4,-43.9,0.1,0.45,0.0
2021-12-13 17:00:00,-38.7,-43.1,0.1,0.41,0.0
2021-12-13 18:00:00,-38.2,-42.5,0.1,0.73,0.0
2021-12-13 19:00:00,-37.7,-41.7,0.1,0.73,0.0
2021-12-13 20:00:00,-37.3,-41.2,0.1,0.63,0.0
2021-12-13 21:00:00,-37.2,-40.9,0.0,0.73,0.0
2021-12-13 22:00:00,-36.9,-40.6,0.0,0.71,0.0
2021-12-13 23:00:00,-37.1,-40.4,0.0,0.5,0.0
2021-12-14 00:00:00,-37.8,-41.3,0.0,0.85,0.0
2021-12-14 01:00:00,-36.9,-40.7,0.0,0.78,0.0
2021-12-14 02:00:00,-36.1,-40.0,0.1,0.63,0.0
2021-12-14 03:00:00,-35.0,-39.2,0.1,0.51,0.0
2021-12-14 04:00:00,-34.2,-38.5,0.1,0.5,0.0
2021-12-14 05:00:00,-33.8,-37.9,0.1,1.0,0.0
2021-12-14 06:00:00,-33.3,-37.4,0.1,1.22,0.0
2021-12-14 07:00:00,-33.0,-36.8,0.1,1.24,0.0
2021-12-14 08:00:00,-32.9,-36.5,0.1,1.34,0.0
2021-12-14 09:00:00,-32.7,-36.3,0.1,1.2,0.0
2021-12-14 10:00:00,-32.5,-36.0,0.1,0.89,0.0
2021-12-14 11:00:00,-32.9,-36.0,0.0,0.78,0.0
2021-12-14 12:00:00,-34.5,-37.6,0.0,0.85,0.0
2021-12-14 13:00:00,-35.6,-38.8,0.0,1.08,0.0
2021-12-14 14:00:00,-36.7,-40.1,0.0,1.58,0.0
2021-12-14 15:00:00,-37.2,-40.7,0.0,1.25,0.0
2021-12-14 16:00:00,-37.7,-41.3,0.0,1.06,0.0
2021-12-14 17:00:00,-38.1,-41.7,0.0,1.08,0.0
2021-12-14 18:00:00,-38.3,-41.9,0.0,1.03,0.0
2021-12-14 19:00:00,-38.2,-41.7,0.0,1.08,0.0
2021-12-14 20:00:00,-38.1,-41.6,0.0,1.27,0.0
2021-12-14 21:00:00,-37.9,-41.4,0.0,0.81,0.0
2021-12-14 22:00:00,-37.8,-41.4,0.0,0.57,0.0
2021-12-14 23:00:00,-38.3,-41.8,0.0,0.67,0.0
2021-12-15 00:00:00,-38.5,-42.0,0.0,0.54,0.0
2021-12-15 01:00:00,-38.5,-42.2,0.0,0.63,0.0
2021-12-15 02:00:00,-38.0,-41.5,0.0,0.32,0.0
2021-12-15 03:00:00,-37.4,-41.0,0.0,0.14,0.0
2021-12-15 04:00:00,-37.5,-41.1,0.0,0.36,0.0
2021-12-15 05:00:00,-37.2,-40.6,0.0,0.57,0.0
2021-12-15 06:00:00,-37.4,-40.8,0.0,0.78,0.0
2021-12-15 07:00:00,-38.4,-42.0,0.0,0.72,0.0
2021-12-15 08:00:00,-38.7,-42.4,0.0,0.94,0.0
2021-12-15 09:00:00,-39.4,-43.0,0.0,1.08,0.0
2021-12-15 10:00:00,-39.1,-42.9,0.0,0.78,0.0
2021-12-15 11:00:00,-40.6,-44.3,0.0,1.35,0.0
2021-12-15 12:00:00,-41.3,-45.0,0.0,0.91,0.0
2021-12-15 13:00:00,-42.6,-46.2,0.0,1.03,0.0
2021-12-15 14:00:00,-43.1,-46.7,0.0,1.14,0.0
2021-12-15 15:00:00,-43.4,-46.9,0.0,1.04,0.0
2021-12-15 16:00:00,-43.8,-47.2,0.0,1.22,0.0
2021-12-15 17:00:00,-43.6,-47.2,0.0,1.28,0.0
2021-12-15 18:00:00,-42.2,-45.7,0.0,1.14,0.0
2021-12-15 19:00:00,-41.6,-45.0,0.0,1.22,0.0
2021-12-15 20:00:00,-41.1,-44.6,0.0,1.08,0.0
2021-12-15 21:00:00,-40.3,-43.9,0.1,0.91,0.0
2021-12-15 22:00:00,-40.0,-43.4,0.0,0.92,0.0
2021-12-15 23:00:00,-39.8,-43.3,0.0,0.81,0.0
2021-12-16 00:00:00,-39.9,-43.3,0.0,1.02,0.0
2021-12-16 01:00:00,-40.1,-43.6,0.0,0.98,0.0
2021-12-16 02:00:00,-39.0,-43.0,0.0,1.6,0.0
2021-12-16 03:00:00,-38.1,-42.4,0.1,0.78,0.0
2021-12-16 04:00:00,-37.5,-41.9,0.1,0.85,0.0
2021-12-16 05:00:00,-37.3,-41.4,0.1,1.06,0.0
2021-12-16 06:00:00,-37.0,-40.8,0.1,0.92,0.0
2021-12-16 07:00:00,-36.6,-40.5,0.1,0.78,0.0
2021-12-16 08:00:00,-36.4,-40.2,0.0,0.94,0.0
2021-12-16 09:00:00,-36.1,-39.8,0.1,0.94,0.0
2021-12-16 10:00:00,-36.1,-39.7,0.1,1.03,0.0
2021-12-16 11:00:00,-36.1,-39.6,0.0,0.81,0.0
2021-12-16 12:00:00,-37.4,-40.8,0.0,1.06,0.0
2021-12-16 13:00:00,-39.8,-43.3,0.0,1.3,0.0
2021-12-16 14:00:00,-40.7,-44.2,0.0,1.2,0.0
2021-12-16 15:00:00,-40.7,-44.2,0.0,1.04,0.0
2021-12-16 16:00:00,-39.6,-43.5,0.0,0.61,0.0
2021-12-16 17:00:00,-39.7,-43.9,0.0,0.51,0.0
2021-12-16 18:00:00,-40.0,-44.3,0.0,0.45,0.0
2021-12-16 19:00:00,-40.0,-44.3,0.0,0.72,0.0
2021-12-16 20:00:00,-40.2,-44.4,0.0,0.89,0.0
2021-12-16 21:00:00,-40.2,-44.5,0.0,0.71,0.0
2021-12-16 22:00:00,-39.9,-44.5,0.0,0.41,0.0
2021-12-16 23:00:00,-39.8,-44.4,0.0,0.51,0.0
2021-12-17 00:00:00,-41.4,-45.4,0.0,0.91,0.0
2021-12-17 01:00:00,-41.3,-45.4,0.0,0.89,132.19
2021-12-17 02:00:00,-41.5,-45.5,0.0,0.92,3600.0
2021-12-17 03:00:00,-41.4,-45.4,0.0,0.81,3600.0
2021-12-17 04:00:00,-41.5,-45.6,0.0,0.67,3600.0
2021-12-17 05:00:00,-41.7,-45.9,0.0,0.61,410.94
2021-12-17 06:00:00,-42.0,-46.3,0.0,0.61,0.0
2021-12-17 07:00:00,-42.4,-46.6,0.0,0.51,0.0
2021-12-17 08:00:00,-42.8,-47.0,0.0,0.41,0.0
2021-12-17 09:00:00,-43.1,-47.3,0.0,0.7,0.0
2021-12-17 10:00:00,-43.7,-47.9,0.0,0.6,0.0
2021-12-17 11:00:00,-44.1,-48.3,0.0,0.5,0.0
2021-12-17 12:00:00,-46.1,-50.1,0.0,0.76,0.0
2021-12-17 13:00:00,-47.7,-51.5,0.0,1.0,0.0
2021-12-17 14:00:00,-48.9,-51.8,0.0,1.4,0.0
2021-12-17 15:00:00,-48.0,-50.9,0.0,0.61,0.0
2021-12-17 16:00:00,-47.8,-51.1,0.0,0.1,0.0
2021-12-17 17:00:00,-47.9,-51.6,0.0,0.3,0.0
2021-12-17 18:00:00,-48.7,-52.4,0.0,0.98,0.0
2021-12-17 19:00:00,-48.5,-52.4,0.0,0.94,0.0
2021-12-17 20:00:00,-48.7,-53.0,0.0,0.6,0.0
2021-12-17 21:00:00,-48.8,-53.3,0.0,0.85,0.0
2021-12-17 22:00:00,-48.6,-53.4,0.0,0.57,0.0
2021-12-17 23:00:00,-50.8,-55.1,0.0,1.21,0.0
2021-12-18 00:00:00,-50.5,-54.9,0.0,1.41,0.0
2021-12-18 01:00:00,-49.6,-54.3,0.0,1.03,0.0
2021-12-18 02:00:00,-48.6,-53.7,0.0,1.08,0.0
2021-12-18 03:00:00,-48.1,-53.6,0.0,0.3,2633.53
2021-12-18 04:00:00,-48.7,-54.0,0.0,0.51,3600.0
2021-12-18 05:00:00,-47.9,-53.6,0.0,0.51,418.3
2021-12-18 06:00:00,-49.8,-54.4,0.0,1.35,0.0
2021-12-18 07:00:00,-49.6,-54.0,0.0,1.27,0.0
2021-12-18 08:00:00,-49.6,-53.9,0.0,0.94,0.0
2021-12-18 09:00:00,-49.2,-53.7,0.0,0.8,0.0
2021-12-18 10:00:00,-48.4,-53.5,0.0,0.36,0.0
2021-12-18 11:00:00,-47.9,-53.5,0.0,0.32,0.0
2021-12-18 12:00:00,-50.6,-55.1,0.0,1.0,0.0
2021-12-18 13:00:00,-51.8,-55.9,0.0,1.5,0.0
2021-12-18 14:00:00,-51.9,-56.2,0.0,1.53,0.0
2021-12-18 15:00:00,-50.1,-55.2,0.0,0.54,0.0
2021-12-18 16:00:00,-49.6,-55.0,0.0,0.67,0.0
2021-12-18 17:00:00,-49.6,-55.2,0.0,0.54,0.0
2021-12-18 18:00:00,-49.5,-55.3,0.0,0.32,0.0
2021-12-18 19:00:00,-51.7,-56.6,0.0,1.04,0.0
2021-12-18 20:00:00,-51.9,-56.6,0.0,1.22,0.0
2021-12-18 21:00:00,-51.1,-55.7,0.0,1.12,0.0
2021-12-18 22:00:00,-50.5,-55.6,0.0,0.82,0.0
2021-12-18 23:00:00,-49.9,-55.2,0.0,0.45,0.0
2021-12-19 00:00:00,-50.8,-55.2,0.0,1.35,0.0
2021-12-19 01:00:00,-50.7,-55.2,0.0,0.64,0.0
2021-12-19 02:00:00,-49.0,-53.8,0.0,1.92,1072.11
2021-12-19 03:00:00,-48.1,-53.0,0.0,1.08,0.0
2021-12-19 04:00:00,-47.9,-52.3,0.0,0.45,0.0
2021-12-19 05:00:00,-47.6,-52.2,0.0,0.89,0.0
2021-12-19 06:00:00,-47.2,-52.2,0.0,0.14,0.0
2021-12-19 07:00:00,-47.1,-52.2,0.0,0.28,0.0
2021-12-19 08:00:00,-49.1,-53.5,0.0,0.89,0.0
2021-12-19 09:00:00,-49.1,-53.4,0.0,0.85,0.0
2021-12-19 10:00:00,-48.9,-53.2,0.0,0.67,0.0
2021-12-19 11:00:00,-48.2,-52.5,0.0,0.54,0.0
2021-12-19 12:00:00,-48.7,-52.7,0.0,0.71,0.0
2021-12-19 13:00:00,-48.9,-52.8,0.0,0.7,0.0
2021-12-19 14:00:00,-47.9,-51.7,0.0,1.08,0.0
2021-12-19 15:00:00,-47.9,-51.5,0.0,0.8,0.0
2021-12-19 16:00:00,-47.5,-51.4,0.0,0.54,0.0
2021-12-19 17:00:00,-47.3,-51.4,0.0,0.4,0.0
2021-12-19 18:00:00,-47.0,-51.0,0.0,0.22,0.0
2021-12-19 19:00:00,-47.0,-51.0,0.0,0.28,0.0
2021-12-19 20:00:00,-46.4,-50.7,0.0,0.32,0.0
2021-12-19 21:00:00,-46.1,-50.7,0.0,0.61,0.0
2021-12-19 22:00:00,-46.0,-50.6,0.0,0.63,0.0
2021-12-19 23:00:00,-46.0,-50.6,0.0,0.51,0.0
2021-12-20 00:00:00,-49.0,-52.9,0.0,0.67,0.0
2021-12-20 01:00:00,-49.5,-53.6,0.0,0.91,219.75
2021-12-20 02:00:00,-48.3,-52.8,0.0,0.82,1831.29
2021-12-20 03:00:00,-47.9,-52.6,0.0,0.76,3600.0
2021-12-20 04:00:00,-47.3,-52.1,0.0,0.94,575.17
2021-12-20 05:00:00,-47.6,-51.7,0.0,1.3,0.0
2021-12-20 06:00:00,-47.6,-51.2,0.0,1.63,0.0
2021-12-20 07:00:00,-46.0,-49.2,0.0,1.57,0.0
2021-12-20 08:00:00,-45.7,-49.3,0.0,0.95,0.0
2021-12-20 09:00:00,-45.8,-49.8,0.0,0.51,0.0
2021-12-20 10:00:00,-46.3,-50.3,0.0,0.4,0.0
2021-12-20 11:00:00,-46.4,-50.7,0.0,0.41,0.0
2021-12-20 12:00:00,-47.8,-51.4,0.0,1.0,0.0
2021-12-20 13:00:00,-47.1,-51.2,0.0,1.0,0.0
2021-12-20 14:00:00,-47.4,-51.4,0.0,0.5,0.0
2021-12-20 15:00:00,-47.9,-52.0,0.0,0.22,0.0
2021-12-20 16:00:00,-47.7,-51.9,0.0,0.54,0.0
2021-12-20 17:00:00,-47.8,-52.0,0.0,0.51,0.0
2021-12-20 18:00:00,-48.2,-52.1,0.0,1.06,0.0
2021-12-20 19:00:00,-50.5,-54.0,0.0,1.25,0.0
2021-12-20 20:00:00,-50.4,-53.9,0.0,1.2,0.0
2021-12-20 21:00:00,-50.1,-53.6,0.0,0.99,0.0
2021-12-20 22:00:00,-50.9,-54.6,0.0,1.3,0.0
2021-12-20 23:00:00,-50.4,-54.3,0.0,0.98,0.0
2021-12-21 00:00:00,-50.7,-54.5,0.0,1.41,0.0
2021-12-21 01:00:00,-50.9,-55.2,0.0,0.71,238.5
2021-12-21 02:00:00,-50.7,-55.2,0.0,0.71,3600.0
2021-12-21 03:00:00,-50.1,-54.9,0.0,0.78,3600.0
2021-12-21 04:00:00,-50.1,-54.9,0.0,0.72,3600.0
2021-12-21 05:00:00,-49.7,-54.8,0.0,0.58,407.51
2021-12-21 06:00:00,-50.3,-55.3,0.0,0.51,0.0
2021-12-21 07:00:00,-50.6,-55.3,0.0,0.81,0.0
2021-12-21 08:00:00,-50.4,-55.2,0.0,0.57,0.0
2021-12-21 09:00:00,-50.6,-55.6,0.0,0.71,0.0
2021-12-21 10:00:00,-50.9,-55.8,0.0,0.81,0.0
2021-12-21 11:00:00,-48.8,-54.8,0.0,0.2,0.0
2021-12-21 12:00:00,-49.5,-53.8,0.0,0.28,0.0
2021-12-21 13:00:00,-52.2,-56.2,0.0,0.8,0.0
2021-12-21 14:00:00,-51.2,-55.4,0.0,0.81,0.0
2021-12-21 15:00:00,-50.2,-55.2,0.0,0.2,0.0
2021-12-21 16:00:00,-49.7,-55.1,0.0,0.36,0.0
2021-12-21 17:00:00,-49.5,-55.1,0.0,0.45,0.0
2021-12-21 18:00:00,-49.6,-55.2,0.0,0.72,0.0
2021-12-21 19:00:00,-49.6,-55.2,0.0,0.76,0.0
2021-12-21 20:00:00,-49.5,-55.2,0.0,0.41,0.0
2021-12-21 21:00:00,-49.7,-55.6,0.0,0.2,0.0
2021-12-21 22:00:00,-49.9,-55.9,0.0,0.51,0.0
2021-12-21 23:00:00,-49.7,-56.0,0.0,0.1,0.0
2021-12-22 00:00:00,-51.7,-56.0,0.0,0.64,0.0
2021-12-22 01:00:00,-53.5,-57.7,0.0,0.92,251.93
2021-12-22 02:00:00,-53.0,-57.4,0.0,1.06,3600.0
2021-12-22 03:00:00,-51.8,-56.7,0.0,0.14,3600.0
2021-12-22 04:00:00,-51.1,-56.5,0.0,0.32,3600.0
2021-12-22 05:00:00,-51.5,-56.9,0.0,0.1,393.08
2021-12-22 06:00:00,-52.1,-57.0,0.0,0.92,0.0
2021-12-22 07:00:00,-52.0,-56.7,0.0,1.66,0.0
2021-12-22 08:00:00,-52.3,-56.7,0.0,0.89,0.0
2021-12-22 09:00:00,-52.0,-56.8,0.0,1.2,0.0
2021-12-22 10:00:00,-52.1,-56.8,0.0,1.2,0.0
2021-12-22 11:00:00,-51.2,-56.3,0.0,1.56,0.0
2021-12-22 12:00:00,-52.3,-56.7,0.0,1.89,0.0
2021-12-22 13:00:00,-53.5,-58.1,0.0,1.72,0.0
2021-12-22 14:00:00,-53.6,-58.2,0.0,1.63,0.0
2021-12-22 15:00:00,-53.4,-57.7,0.0,1.78,0.0
2021-12-22 16:00:00,-53.3,-57.4,0.0,1.89,0.0
2021-12-22 17:00:00,-53.1,-57.0,0.0,1.36,0.0
2021-12-22 18:00:00,-53.0,-57.1,0.0,1.2,0.0
2021-12-22 19:00:00,-52.6,-56.8,0.0,1.0,0.0
2021-12-22 20:00:00,-52.6,-56.9,0.0,0.99,0.0
2021-12-22 21:00:00,-52.0,-56.7,0.0,1.06,0.0
2021-12-22 22:00:00,-51.9,-56.6,0.0,1.08,0.0
2021-12-22 23:00:00,-51.3,-56.3,0.0,0.98,0.0
2021-12-23 00:00:00,-51.9,-56.6,0.0,0.61,0.0
2021-12-23 01:00:00,-51.4,-56.6,0.0,0.41,260.14
2021-12-23 02:00:00,-51.5,-56.7,0.0,0.94,3600.0
2021-12-23 03:00:00,-51.6,-56.4,0.0,1.0,3600.0
2021-12-23 04:00:00,-51.4,-56.2,0.0,1.14,3600.0
2021-12-23 05:00:00,-50.3,-55.5,0.0,0.5,373.19
2021-12-23 06:00:00,-50.2,-55.5,0.0,0.4,0.0
2021-12-23 07:00:00,-50.0,-55.4,0.0,0.45,0.0
2021-12-23 08:00:00,-49.8,-55.3,0.0,0.64,0.0
2021-12-23 09:00:00,-50.7,-55.7,0.0,0.76,0.0
2021-12-23 10:00:00,-51.2,-56.1,0.0,0.82,0.0
2021-12-23 11:00:00,-51.4,-56.2,0.0,0.89,0.0
2021-12-23 12:00:00,-52.3,-56.6,0.0,1.14,0.0
2021-12-23 13:00:00,-53.4,-57.3,0.0,1.5,0.0
2021-12-23 14:00:00,-52.9,-57.1,0.0,0.94,0.0
2021-12-23 15:00:00,-52.2,-56.8,0.0,1.12,0.0
2021-12-23 16:00:00,-52.4,-57.0,0.0,1.0,0.0
2021-12-23 17:00:00,-52.7,-57.3,0.0,1.06,0.0
2021-12-23 18:00:00,-53.5,-57.8,0.0,1.49,0.0
2021-12-23 19:00:00,-53.0,-57.4,0.0,1.14,0.0
2021-12-23 20:00:00,-52.8,-57.2,0.0,1.22,0.0
2021-12-23 21:00:00,-51.7,-56.5,0.0,0.58,0.0
2021-12-23 22:00:00,-51.9,-56.6,0.0,0.63,0.0
2021-12-23 23:00:00,-52.6,-56.8,0.0,0.85,0.0
2021-12-24 00:00:00,-53.7,-57.2,0.0,1.48,0.0
2021-12-24 01:00:00,-54.5,-57.9,0.0,1.55,1478.56
2021-12-24 02:00:00,-53.1,-56.7,0.0,1.17,3600.0
2021-12-24 03:00:00,-53.1,-57.1,0.0,1.56,3600.0
2021-12-24 04:00:00,-53.1,-57.2,0.0,1.03,3600.0
2021-12-24 05:00:00,-53.4,-57.4,0.0,1.12,347.99
2021-12-24 06:00:00,-53.4,-57.4,0.0,1.22,0.0
2021-12-24 07:00:00,-53.4,-57.4,0.0,1.28,0.0
2021-12-24 08:00:00,-53.3,-57.3,0.0,1.5,0.0
2021-12-24 09:00:00,-52.5,-56.6,0.0,1.2,0.0
2021-12-24 10:00:00,-51.7,-55.9,0.0,0.86,0.0
2021-12-24 11:00:00,-51.7,-55.8,0.0,0.92,0.0
2021-12-24 12:00:00,-52.7,-56.2,0.0,0.92,0.0
2021-12-24 13:00:00,-52.3,-55.6,0.0,0.45,0.0
2021-12-24 14:00:00,-52.4,-55.7,0.0,0.5,0.0
2021-12-24 15:00:00,-53.3,-56.6,0.0,0.9,0.0
2021-12-24 16:00:00,-52.6,-55.6,0.0,0.71,0.0
2021-12-24 17:00:00,-52.4,-55.7,0.0,0.76,0.0
2021-12-24 18:00:00,-52.3,-56.0,0.0,1.13,0.0
2021-12-24 19:00:00,-52.3,-56.2,0.0,1.17,0.0
2021-12-24 20:00:00,-52.1,-56.1,0.0,0.76,0.0
2021-12-24 21:00:00,-51.8,-55.7,0.0,0.85,0.0
2021-12-24 22:00:00,-52.1,-56.0,0.0,0.54,0.0
2021-12-24 23:00:00,-51.9,-55.8,0.0,0.64,0.0
2021-12-25 00:00:00,-51.8,-55.6,0.0,0.63,0.0
2021-12-25 01:00:00,-51.7,-55.6,0.0,0.5,260.81
2021-12-25 02:00:00,-51.5,-55.2,0.0,0.67,3600.0
2021-12-25 03:00:00,-51.2,-54.9,0.0,0.85,3600.0
2021-12-25 04:00:00,-51.2,-55.0,0.0,0.72,3600.0
2021-12-25 05:00:00,-51.4,-55.4,0.0,0.63,317.63
2021-12-25 06:00:00,-51.5,-55.5,0.0,0.76,0.0
2021-12-25 07:00:00,-51.6,-55.5,0.0,1.0,0.0
2021-12-25 08:00:00,-51.7,-55.6,0.0,1.13,0.0
2021-12-25 09:00:00,-51.7,-55.6,0.0,1.13,0.0
2021-12-25 10:00:00,-51.9,-55.8,0.0,0.89,0.0
2021-12-25 11:00:00,-51.9,-55.9,0.0,0.76,0.0
2021-12-25 12:00:00,-51.9,-55.5,0.0,1.17,0.0
2021-12-25 13:00:00,-52.7,-56.4,0.0,0.78,0.0
2021-12-25 14:00:00,-52.4,-56.4,0.0,0.94,0.0
2021-12-25 15:00:00,-52.4,-56.5,0.0,0.92,0.0
2021-12-25 16:00:00,-52.1,-56.2,0.0,1.2,0.0
2021-12-25 17:00:00,-52.1,-56.1,0.0,1.13,0.0
2021-12-25 18:00:00,-52.2,-56.2,0.0,1.3,0.0
2021-12-25 19:00:00,-52.3,-56.2,0.0,1.08,0.0
2021-12-25 20:00:00,-52.5,-56.7,0.0,0.92,0.0
2021-12-25 21:00:00,-52.6,-56.9,0.0,1.03,0.0
2021-12-25 22:00:00,-52.2,-56.7,0.0,0.78,0.0
2021-12-25 23:00:00,-52.0,-56.3,0.0,1.14,0.0
2021-12-26 00:00:00,-52.9,-57.2,0.0,1.17,0.0
2021-12-26 01:00:00,-53.7,-57.8,0.0,1.06,253.24
2021-12-26 02:00:00,-52.9,-57.0,0.0,0.94,3600.0
2021-12-26 03:00:00,-52.6,-56.5,0.0,0.94,3600.0
2021-12-26 04:00:00,-52.5,-56.4,0.0,0.89,3600.0
2021-12-26 05:00:00,-52.7,-56.9,0.0,0.72,282.06
2021-12-26 06:00:00,-52.6,-56.8,0.0,0.81,0.0
2021-12-26 07:00:00,-52.6,-56.9,0.0,0.86,0.0
2021-12-26 08:00:00,-52.4,-56.6,0.0,1.13,0.0
2021-12-26 09:00:00,-52.3,-56.5,0.0,1.49,0.0
2021-12-26 10:00:00,-52.2,-56.2,0.0,1.27,0.0
2021-12-26 11:00:00,-52.0,-56.2,0.0,1.41,0.0
2021-12-26 12:00:00,-52.6,-56.4,0.0,1.62,0.0
2021-12-26 13:00:00,-53.4,-57.4,0.0,1.06,0.0
2021-12-26 14:00:00,-52.9,-57.2,0.0,0.98,0.0
2021-12-26 15:00:00,-53.0,-57.4,0.0,0.99,0.0
2021-12-26 16:00:00,-52.9,-57.1,0.0,1.39,0.0
2021-12-26 17:00:00,-52.9,-57.0,0.0,1.8,0.0
2021-12-26 18:00:00,-52.8,-56.9,0.0,1.49,0.0
2021-12-26 19:00:00,-52.8,-57.1,0.0,1.0,0.0
2021-12-26 20:00:00,-52.7,-57.1,0.0,0.89,0.0
2021-12-26 21:00:00,-52.6,-56.9,0.0,1.35,0.0
2021-12-26 22:00:00,-52.6,-56.8,0.0,1.08,0.0
2021-12-26 23:00:00,-52.8,-57.0,0.0,1.2,0.0
2021-12-27 00:00:00,-53.2,-57.1,0.0,0.61,0.0
2021-12-27 01:00:00,-53.9,-57.8,0.0,0.78,240.46
2021-12-27 02:00:00,-53.4,-57.3,0.0,0.81,3251.59
2021-12-27 03:00:00,-52.9,-56.8,0.0,0.32,3600.0
2021-12-27 04:00:00,-52.9,-56.8,0.0,0.0,3600.0
2021-12-27 05:00:00,-53.4,-57.2,0.0,0.28,241.65
2021-12-27 06:00:00,-53.2,-56.9,0.0,0.78,0.0
2021-12-27 07:00:00,-53.4,-57.3,0.0,1.08,0.0
2021-12-27 08:00:00,-53.2,-57.1,0.0,0.71,0.0
2021-12-27 09:00:00,-53.3,-57.3,0.0,0.58,0.0
2021-12-27 10:00:00,-53.5,-57.3,0.0,0.85,0.0
2021-12-27 11:00:00,-53.4,-57.3,0.0,1.0,0.0
2021-12-27 12:00:00,-53.7,-57.4,0.0,0.58,0.0
2021-12-27 13:00:00,-54.3,-58.0,0.0,0.45,0.0
2021-12-27 14:00:00,-54.2,-57.7,0.0,0.36,0.0
2021-12-27 15:00:00,-54.2,-57.8,0.0,0.22,0.0
2021-12-27 16:00:00,-54.1,-57.9,0.0,0.28,0.0
2021-12-27 17:00:00,-53.5,-57.2,0.0,0.5,0.0
2021-12-27 18:00:00,-53.6,-57.6,0.0,0.81,0.0
2021-12-27 19:00:00,-53.6,-57.7,0.0,1.22,0.0
2021-12-27 20:00:00,-53.6,-57.6,0.0,1.53,0.0
2021-12-27 21:00:00,-53.5,-57.5,0.0,1.06,0.0
2021-12-27 22:00:00,-53.6,-57.7,0.0,0.58,0.0
2021-12-27 23:00:00,-53.6,-57.9,0.0,0.4,0.0
2021-12-28 00:00:00,-53.6,-57.4,0.0,0.1,0.0
2021-12-28 01:00:00,-53.1,-56.8,0.0,0.22,0.0
2021-12-28 02:00:00,-52.2,-55.9,0.0,0.14,0.0
2021-12-28 03:00:00,-51.7,-55.4,0.0,0.81,1931.04
2021-12-28 04:00:00,-51.3,-55.2,0.0,0.51,1019.91
2021-12-28 05:00:00,-51.3,-55.3,0.0,0.58,196.41
2021-12-28 06:00:00,-51.3,-55.3,0.0,0.67,0.0
2021-12-28 07:00:00,-50.4,-54.3,0.0,1.08,0.0
2021-12-28 08:00:00,-50.7,-54.6,0.0,0.95,0.0
2021-12-28 09:00:00,-50.8,-54.8,0.0,0.76,0.0
2021-12-28 10:00:00,-51.0,-55.2,0.0,0.36,0.0
2021-12-28 11:00:00,-51.2,-55.5,0.0,0.28,0.0
2021-12-28 12:00:00,-51.7,-55.7,0.0,0.41,0.0
2021-12-28 13:00:00,-51.2,-55.1,0.0,0.51,0.0
2021-12-28 14:00:00,-50.4,-54.3,0.0,0.32,0.0
2021-12-28 15:00:00,-50.8,-54.5,0.0,0.42,0.0
2021-12-28 16:00:00,-50.9,-55.0,0.0,1.0,0.0
2021-12-28 17:00:00,-50.9,-55.1,0.0,1.03,0.0
2021-12-28 18:00:00,-50.6,-54.7,0.0,0.98,0.0
2021-12-28 19:00:00,-50.3,-54.3,0.0,0.94,0.0
2021-12-28 20:00:00,-49.4,-53.6,0.0,0.36,0.0
2021-12-28 21:00:00,-48.4,-52.7,0.0,0.3,0.0
2021-12-28 22:00:00,-47.3,-51.5,0.0,0.32,0.0
2021-12-28 23:00:00,-46.5,-50.7,0.0,0.45,0.0
2021-12-29 00:00:00,-46.7,-50.3,0.0,0.45,0.0
2021-12-29 01:00:00,-45.8,-49.4,0.0,0.45,0.0
2021-12-29 02:00:00,-44.8,-48.7,0.0,1.06,0.0
2021-12-29 03:00:00,-44.2,-47.9,0.0,1.55,1346.52
2021-12-29 04:00:00,-44.9,-48.7,0.0,0.32,3600.0
2021-12-29 05:00:00,-45.4,-49.5,0.0,0.5,1333.42
2021-12-29 06:00:00,-45.6,-49.6,0.0,0.94,0.0
2021-12-29 07:00:00,-46.0,-50.3,0.0,0.76,0.0
2021-12-29 08:00:00,-46.0,-50.4,0.0,0.64,0.0
2021-12-29 09:00:00,-45.7,-50.0,0.0,0.57,0.0
2021-12-29 10:00:00,-45.3,-49.7,0.0,0.14,0.0
2021-12-29 11:00:00,-44.1,-49.3,0.0,0.61,0.0
2021-12-29 12:00:00,-44.7,-48.7,0.0,0.67,0.0
2021-12-29 13:00:00,-44.1,-48.1,0.0,0.1,0.0
2021-12-29 14:00:00,-45.0,-48.9,0.0,0.58,0.0
2021-12-29 15:00:00,-45.5,-49.6,0.0,0.86,0.0
2021-12-29 16:00:00,-45.4,-49.8,0.0,0.94,0.0
2021-12-29 17:00:00,-44.1,-49.0,0.0,1.14,0.0
2021-12-29 18:00:00,-44.0,-48.4,0.0,0.85,0.0
2021-12-29 19:00:00,-43.6,-47.8,0.0,0.92,0.0
2021-12-29 20:00:00,-43.8,-47.7,0.0,1.08,0.0
2021-12-29 21:00:00,-44.2,-48.1,0.0,1.06,0.0
2021-12-29 22:00:00,-44.4,-48.5,0.0,0.71,0.0
2021-12-29 23:00:00,-44.4,-48.9,0.0,0.72,0.0
2021-12-30 00:00:00,-44.7,-48.6,0.0,0.82,0.0
2021-12-30 01:00:00,-44.1,-48.3,0.0,0.67,0.0
2021-12-30 02:00:00,-43.1,-47.3,0.0,0.76,0.0
2021-12-30 03:00:00,-42.4,-46.4,0.0,0.91,0.0
2021-12-30 04:00:00,-42.4,-46.0,0.0,0.89,0.0
2021-12-30 05:00:00,-42.7,-46.2,0.0,1.27,0.0
2021-12-30 06:00:00,-42.9,-46.5,0.0,0.82,0.0
2021-12-30 07:00:00,-43.1,-47.0,0.0,0.73,0.0
2021-12-30 08:00:00,-43.5,-47.3,0.0,0.92,0.0
2021-12-30 09:00:00,-43.5,-47.1,0.0,0.91,0.0
2021-12-30 10:00:00,-44.1,-47.3,0.0,0.89,0.0
2021-12-30 11:00:00,-44.0,-47.6,0.0,0.99,0.0
2021-12-30 12:00:00,-44.4,-48.3,0.0,1.08,0.0
2021-12-30 13:00:00,-44.3,-48.4,0.0,0.99,0.0
2021-12-30 14:00:00,-45.3,-49.5,0.0,1.39,0.0
2021-12-30 15:00:00,-44.3,-48.8,0.0,1.08,0.0
2021-12-30 16:00:00,-45.1,-49.5,0.0,1.08,0.0
2021-12-30 17:00:00,-44.5,-49.1,0.0,0.82,0.0
2021-12-30 18:00:00,-44.1,-48.7,0.0,0.61,0.0
2021-12-30 19:00:00,-43.5,-48.5,0.0,0.58,0.0
2021-12-30 20:00:00,-44.3,-48.5,0.0,1.08,0.0
2021-12-30 21:00:00,-43.8,-47.6,0.0,1.03,0.0
2021-12-30 22:00:00,-43.1,-46.9,0.0,0.5,0.0
2021-12-30 23:00:00,-42.9,-46.8,0.0,0.1,0.0
2021-12-31 00:00:00,-43.8,-48.5,0.0,0.54,0.0
2021-12-31 01:00:00,-44.4,-48.8,0.0,0.8,140.47
2021-12-31 02:00:00,-44.5,-48.9,0.0,0.36,3600.0
2021-12-31 03:00:00,-44.2,-48.8,0.0,0.36,3600.0
2021-12-31 04:00:00,-44.2,-48.8,0.0,0.54,3375.58
2021-12-31 05:00:00,-44.4,-48.9,0.0,0.6,1207.58
2021-12-31 06:00:00,-44.5,-48.9,0.0,0.76,0.0
2021-12-31 07:00:00,-44.8,-49.1,0.0,0.51,0.0
2021-12-31 08:00:00,-45.2,-49.6,0.0,0.54,0.0
2021-12-31 09:00:00,-45.4,-50.0,0.0,0.73,0.0
2021-12-31 10:00:00,-45.7,-50.4,0.0,0.71,0.0
2021-12-31 11:00:00,-45.9,-50.8,0.0,0.5,0.0
2021-12-31 12:00:00,-48.3,-52.4,0.0,1.28,0.0
2021-12-31 13:00:00,-49.3,-52.7,0.0,1.97,0.0
2021-12-31 14:00:00,-49.5,-52.7,0.0,1.17,0.0
2021-12-31 15:00:00,-49.8,-53.0,0.0,0.91,0.0
2021-12-31 16:00:00,-50.1,-53.6,0.0,1.0,0.0
2021-12-31 17:00:00,-50.5,-54.1,0.0,1.12,0.0
2021-12-31 18:00:00,-50.8,-54.5,0.0,1.0,0.0
2021-12-31 19:00:00,-50.8,-54.9,0.0,0.54,0.0
2021-12-31 20:00:00,-51.4,-55.8,0.0,0.71,0.0
2021-12-31 21:00:00,-51.7,-56.2,0.0,0.81,0.0
2021-12-31 22:00:00,-51.2,-56.0,0.0,0.64,0.0
2021-12-31 23:00:00,-51.7,-56.5,0.0,0.85,0.0
2022-01-01 00:00:00,-52.8,-57.2,0.0,1.17,0.0
2022-01-01 01:00:00,-53.3,-58.0,0.0,1.34,103.74
2022-01-01 02:00:00,-52.8,-58.0,0.0,0.76,3600.0
2022-01-01 03:00:00,-52.9,-58.2,0.0,0.58,3600.0
2022-01-01 04:00:00,-52.7,-58.2,0.0,0.63,3600.0
2022-01-01 05:00:00,-53.3,-58.4,0.0,1.06,1137.37
2022-01-01 06:00:00,-53.7,-58.4,0.0,1.14,0.0
2022-01-01 07:00:00,-53.4,-58.0,0.0,1.22,0.0
2022-01-01 08:00:00,-54.0,-58.4,0.0,1.53,0.0
2022-01-01 09:00:00,-53.6,-57.9,0.0,1.08,0.0
2022-01-01 10:00:00,-54.3,-58.4,0.0,1.63,0.0
2022-01-01 11:00:00,-54.4,-58.4,0.0,1.7,0.0
2022-01-01 12:00:00,-53.9,-58.2,0.0,1.62,0.0
2022-01-01 13:00:00,-54.7,-58.5,0.0,1.84,0.0
2022-01-01 14:00:00,-55.4,-59.0,0.0,1.94,0.0
2022-01-01 15:00:00,-55.2,-58.9,0.0,1.7,0.0
2022-01-01 16:00:00,-53.6,-57.8,0.0,1.22,0.0
2022-01-01 17:00:00,-54.1,-58.7,0.0,1.44,0.0
2022-01-01 18:00:00,-53.5,-58.0,0.0,1.36,0.0
2022-01-01 19:00:00,-53.0,-58.0,0.0,0.6,0.0
2022-01-01 20:00:00,-52.8,-57.8,0.0,0.85,0.0
2022-01-01 21:00:00,-52.6,-57.7,0.0,0.95,0.0
2022-01-01 22:00:00,-52.2,-57.6,0.0,0.67,0.0
2022-01-01 23:00:00,-52.1,-56.8,0.0,0.76,0.0
2022-01-02 00:00:00,-53.8,-57.5,0.0,1.58,0.0
2022-01-02 01:00:00,-54.1,-57.5,0.0,0.54,62.74
2022-01-02 02:00:00,-53.5,-57.7,0.0,2.15,2042.6
2022-01-02 03:00:00,-51.7,-56.3,0.0,1.91,0.0
2022-01-02 04:00:00,-50.0,-55.1,0.1,1.14,0.0
2022-01-02 05:00:00,-49.6,-54.3,0.0,1.32,0.0
2022-01-02 06:00:00,-49.1,-53.6,0.1,1.7,0.0
2022-01-02 07:00:00,-48.3,-52.8,0.1,1.55,0.0
2022-01-02 08:00:00,-47.8,-52.1,0.0,1.43,0.0
2022-01-02 09:00:00,-47.4,-51.6,0.0,1.58,0.0
2022-01-02 10:00:00,-46.9,-51.0,0.0,1.14,0.0
2022-01-02 11:00:00,-46.8,-50.8,0.0,1.43,0.0
2022-01-02 12:00:00,-47.1,-51.0,0.0,1.41,0.0
2022-01-02 13:00:00,-46.4,-50.5,0.0,0.98,0.0
2022-01-02 14:00:00,-45.6,-49.8,0.1,1.08,0.0
2022-01-02 15:00:00,-44.9,-49.2,0.1,0.81,0.0
2022-01-02 16:00:00,-44.2,-48.6,0.0,0.71,0.0
2022-01-02 17:00:00,-43.5,-47.8,0.0,0.57,0.0
2022-01-02 18:00:00,-42.7,-47.1,0.1,0.45,0.0
2022-01-02 19:00:00,-42.1,-46.3,0.1,0.22,0.0
2022-01-02 20:00:00,-41.4,-45.7,0.1,0.28,0.0
2022-01-02 21:00:00,-40.9,-45.2,0.0,0.28,0.0
2022-01-02 22:00:00,-40.2,-44.6,0.1,0.1,0.0
2022-01-02 23:00:00,-39.8,-44.0,0.0,0.3,0.0
2022-01-03 00:00:00,-41.7,-45.4,0.0,0.36,0.0
2022-01-03 01:00:00,-42.8,-46.2,0.0,0.58,1148.67
2022-01-03 02:00:00,-42.4,-46.1,0.0,0.58,2558.47
2022-01-03 03:00:00,-42.0,-45.8,0.0,0.32,1024.87
2022-01-03 04:00:00,-41.7,-45.4,0.0,0.4,0.0
2022-01-03 05:00:00,-41.0,-44.9,0.0,1.2,0.0
2022-01-03 06:00:00,-39.8,-44.1,0.1,1.9,0.0
2022-01-03 07:00:00,-39.4,-43.6,0.1,2.41,0.0
2022-01-03 08:00:00,-38.9,-43.1,0.1,1.75,0.0
2022-01-03 09:00:00,-38.8,-42.8,0.1,1.49,0.0
2022-01-03 10:00:00,-38.5,-42.6,0.1,1.57,0.0
2022-01-03 11:00:00,-38.1,-42.2,0.1,1.42,0.0
2022-01-03 12:00:00,-39.0,-43.0,0.0,1.13,0.0
2022-01-03 13:00:00,-39.0,-43.0,0.0,1.22,0.0
2022-01-03 14:00:00,-38.9,-42.7,0.0,1.56,0.0
2022-01-03 15:00:00,-39.4,-43.0,0.0,0.63,0.0
2022-01-03 16:00:00,-39.8,-43.4,0.0,0.32,0.0
2022-01-03 17:00:00,-39.8,-43.4,0.0,0.54,0.0
2022-01-03 18:00:00,-39.8,-43.5,0.0,1.28,0.0
2022-01-03 19:00:00,-39.6,-43.5,0.0,1.78,0.0
2022-01-03 20:00:00,-38.9,-43.1,0.0,1.79,0.0
2022-01-03 21:00:00,-37.9,-42.7,0.0,1.65,0.0
2022-01-03 22:00:00,-38.9,-43.4,0.0,2.14,0.0
2022-01-03 23:00:00,-37.9,-42.6,0.0,1.75,0.0
2022-01-04 00:00:00,-40.7,-45.2,0.0,0.78,0.0
2022-01-04 01:00:00,-41.5,-45.8,0.0,0.45,2206.6
2022-01-04 02:00:00,-41.9,-46.5,0.0,0.32,3600.0
2022-01-04 03:00:00,-42.1,-46.7,0.0,0.32,3600.0
2022-01-04 04:00:00,-42.2,-46.8,0.0,0.1,3600.0
2022-01-04 05:00:00,-42.6,-47.2,0.0,0.36,2755.9
2022-01-04 06:00:00,-43.1,-47.6,0.0,0.71,0.0
2022-01-04 07:00:00,-43.4,-48.0,0.0,0.85,0.0
2022-01-04 08:00:00,-43.5,-48.3,0.0,0.94,0.0
2022-01-04 09:00:00,-43.4,-48.4,0.0,0.51,0.0
2022-01-04 10:00:00,-43.6,-48.5,0.0,0.2,0.0
2022-01-04 11:00:00,-43.9,-48.6,0.0,0.2,0.0
2022-01-04 12:00:00,-45.0,-49.6,0.0,0.32,0.0
2022-01-04 13:00:00,-44.8,-49.5,0.0,0.58,0.0
2022-01-04 14:00:00,-46.7,-50.8,0.0,1.0,0.0
2022-01-04 15:00:00,-45.5,-50.1,0.0,0.76,0.0
2022-01-04 16:00:00,-45.4,-50.4,0.0,0.14,0.0
2022-01-04 17:00:00,-45.0,-50.4,0.0,0.1,0.0
2022-01-04 18:00:00,-45.0,-50.7,0.0,0.2,0.0
2022-01-04 19:00:00,-44.8,-50.8,0.0,0.4,0.0
2022-01-04 20:00:00,-44.7,-50.8,0.0,0.32,0.0
2022-01-04 21:00:00,-44.6,-50.9,0.0,0.1,0.0
2022-01-04 22:00:00,-44.5,-51.0,0.0,0.32,0.0
2022-01-04 23:00:00,-44.2,-50.9,0.0,0.41,0.0
2022-01-05 00:00:00,-44.0,-50.4,0.0,0.45,0.0
2022-01-05 01:00:00,-45.0,-50.1,0.0,0.58,0.0
2022-01-05 02:00:00,-43.6,-48.7,0.0,0.5,539.43
2022-01-05 03:00:00,-43.0,-47.9,0.0,0.45,875.95
2022-01-05 04:00:00,-42.8,-47.6,0.0,0.89,373.25
2022-01-05 05:00:00,-41.4,-47.2,0.0,0.64,0.0
2022-01-05 06:00:00,-41.2,-47.0,0.0,0.67,0.0
2022-01-05 07:00:00,-40.8,-46.7,0.0,0.51,0.0
2022-01-05 08:00:00,-40.3,-45.6,0.0,0.57,0.0
2022-01-05 09:00:00,-39.0,-44.3,0.1,0.42,0.0
2022-01-05 10:00:00,-38.0,-43.1,0.1,0.3,0.0
2022-01-05 11:00:00,-37.0,-42.1,0.1,0.4,0.0
2022-01-05 12:00:00,-37.3,-41.9,0.2,0.73,0.0
2022-01-05 13:00:00,-36.5,-41.1,0.2,0.36,0.0
2022-01-05 14:00:00,-35.6,-40.4,0.1,0.22,0.0
2022-01-05 15:00:00,-35.5,-39.8,0.0,0.64,0.0
2022-01-05 16:00:00,-35.3,-39.2,0.0,0.81,0.0
2022-01-05 17:00:00,-33.9,-38.7,0.0,0.54,0.0
2022-01-05 18:00:00,-34.0,-38.3,0.0,0.71,0.0
2022-01-05 19:00:00,-33.4,-37.6,0.0,0.51,0.0
2022-01-05 20:00:00,-33.8,-37.6,0.0,0.5,0.0
2022-01-05 21:00:00,-35.5,-39.3,0.0,0.94,0.0
2022-01-05 22:00:00,-34.9,-38.8,0.0,1.1,0.0
2022-01-05 23:00:00,-35.9,-39.8,0.0,1.79,0.0
2022-01-06 00:00:00,-34.5,-38.9,0.0,1.3,0.0
2022-01-06 01:00:00,-37.1,-41.2,0.0,2.2,950.3
2022-01-06 02:00:00,-36.8,-40.7,0.0,2.64,3600.0
2022-01-06 03:00:00,-35.7,-39.6,0.0,2.75,3600.0
2022-01-06 04:00:00,-35.6,-38.9,0.0,2.3,3600.0
2022-01-06 05:00:00,-36.4,-39.3,0.0,2.8,2953.82
2022-01-06 06:00:00,-35.7,-38.3,0.0,2.53,0.0
2022-01-06 07:00:00,-35.5,-38.2,0.0,2.42,0.0
2022-01-06 08:00:00,-36.3,-39.2,0.0,2.92,0.0
2022-01-06 09:00:00,-35.8,-38.7,0.0,2.51,0.0
2022-01-06 10:00:00,-35.8,-38.9,0.0,2.7,0.0
2022-01-06 11:00:00,-36.2,-39.4,0.0,2.63,0.0
2022-01-06 12:00:00,-35.8,-38.5,0.0,1.75,0.0
2022-01-06 13:00:00,-35.8,-38.7,0.0,1.27,0.0
2022-01-06 14:00:00,-35.2,-38.4,0.0,1.08,0.0
2022-01-06 15:00:00,-34.9,-38.3,0.0,1.1,0.0
2022-01-06 16:00:00,-34.6,-38.3,0.0,1.14,0.0
2022-01-06 17:00:00,-34.4,-38.1,0.0,0.92,0.0
2022-01-06 18:00:00,-34.1,-38.0,0.0,0.4,0.0
2022-01-06 19:00:00,-34.5,-38.3,0.0,0.36,0.0
2022-01-06 20:00:00,-33.8,-37.9,0.0,0.63,0.0
2022-01-06 21:00:00,-34.8,-38.7,0.0,0.71,0.0
2022-01-06 22:00:00,-35.2,-39.0,0.0,1.03,0.0
2022-01-06 23:00:00,-35.5,-39.5,0.0,1.06,0.0
2022-01-07 00:00:00,-36.2,-40.2,0.0,1.06,0.0
2022-01-07 01:00:00,-37.2,-41.2,0.0,1.03,875.54
2022-01-07 02:00:00,-36.8,-41.1,0.0,0.85,3600.0
2022-01-07 03:00:00,-36.6,-41.2,0.0,0.92,3600.0
2022-01-07 04:00:00,-36.9,-41.5,0.0,0.92,3600.0
2022-01-07 05:00:00,-35.4,-41.2,0.0,0.78,2834.09
2022-01-07 06:00:00,-35.5,-41.0,0.0,0.71,0.0
2022-01-07 07:00:00,-35.7,-40.9,0.0,0.67,0.0
2022-01-07 08:00:00,-35.9,-40.7,0.0,0.28,0.0
2022-01-07 09:00:00,-35.9,-40.5,0.0,0.7,0.0
2022-01-07 10:00:00,-36.0,-40.3,0.0,0.58,0.0
2022-01-07 11:00:00,-36.0,-40.3,0.0,0.14,0.0
2022-01-07 12:00:00,-38.9,-43.2,0.0,0.85,0.0
2022-01-07 13:00:00,-37.9,-42.3,0.0,0.57,0.0
2022-01-07 14:00:00,-37.0,-41.6,0.0,1.2,0.0
2022-01-07 15:00:00,-35.3,-40.3,0.0,1.4,0.0
2022-01-07 16:00:00,-34.5,-39.2,0.1,1.91,0.0
2022-01-07 17:00:00,-34.1,-38.3,0.1,2.31,0.0
2022-01-07 18:00:00,-33.7,-37.6,0.1,2.24,0.0
2022-01-07 19:00:00,-33.2,-37.1,0.1,1.75,0.0
2022-01-07 20:00:00,-32.6,-36.7,0.2,1.39,0.0
2022-01-07 21:00:00,-32.0,-36.1,0.2,1.04,0.0
2022-01-07 22:00:00,-31.7,-35.6,0.2,1.12,0.0
2022-01-07 23:00:00,-31.4,-35.2,0.2,0.92,0.0
2022-01-08 00:00:00,-31.2,-35.0,0.1,0.92,0.0
2022-01-08 01:00:00,-31.2,-35.1,0.1,0.95,0.0
2022-01-08 02:00:00,-30.9,-34.8,0.1,0.67,0.0
2022-01-08 03:00:00,-31.1,-34.7,0.0,0.36,0.0
2022-01-08 04:00:00,-31.9,-35.1,0.0,0.63,2058.57
2022-01-08 05:00:00,-32.3,-35.4,0.0,0.45,519.89
2022-01-08 06:00:00,-31.9,-34.9,0.0,0.2,0.0
2022-01-08 07:00:00,-31.9,-35.1,0.0,0.28,0.0
2022-01-08 08:00:00,-34.2,-37.3,0.0,0.64,0.0
2022-01-08 09:00:00,-32.5,-35.8,0.0,0.36,0.0
2022-01-08 10:00:00,-32.2,-35.8,0.0,0.36,0.0
2022-01-08 11:00:00,-32.9,-36.8,0.0,0.72,0.0
2022-01-08 12:00:00,-31.6,-35.8,0.0,0.81,0.0
2022-01-08 13:00:00,-31.3,-35.7,0.0,0.22,0.0
2022-01-08 14:00:00,-31.6,-36.0,0.0,1.0,0.0
2022-01-08 15:00:00,-32.2,-36.5,0.0,1.21,0.0
2022-01-08 16:00:00,-32.6,-36.3,0.0,0.94,0.0
2022-01-08 17:00:00,-33.0,-36.4,0.0,1.06,0.0
2022-01-08 18:00:00,-33.9,-36.9,0.0,1.8,0.0
2022-01-08 19:00:00,-34.0,-36.6,0.0,1.49,0.0
2022-01-08 20:00:00,-34.3,-37.1,0.0,0.63,0.0
2022-01-08 21:00:00,-36.1,-39.4,0.0,0.51,0.0
2022-01-08 22:00:00,-36.4,-39.8,0.0,0.2,0.0
2022-01-08 23:00:00,-36.8,-40.5,0.0,0.0,0.0
2022-01-09 00:00:00,-37.4,-41.7,0.0,0.63,0.0
2022-01-09 01:00:00,-37.5,-42.1,0.0,0.85,2788.77
2022-01-09 02:00:00,-37.2,-42.4,0.0,0.5,3600.0
2022-01-09 03:00:00,-38.4,-43.1,0.0,0.36,3600.0
2022-01-09 04:00:00,-38.6,-42.7,0.0,0.92,3600.0
2022-01-09 05:00:00,-39.1,-42.9,0.0,1.28,415.82
2022-01-09 06:00:00,-38.4,-42.3,0.0,1.06,0.0
2022-01-09 07:00:00,-38.3,-42.1,0.0,1.13,0.0
2022-01-09 08:00:00,-37.9,-41.7,0.0,1.14,0.0
2022-01-09 09:00:00,-36.7,-40.7,0.0,0.81,0.0
2022-01-09 10:00:00,-36.4,-40.5,0.0,0.72,0.0
2022-01-09 11:00:00,-36.4,-40.5,0.0,0.78,0.0
2022-01-09 12:00:00,-37.5,-42.1,0.0,1.33,0.0
2022-01-09 13:00:00,-36.9,-41.8,0.0,1.52,0.0
2022-01-09 14:00:00,-37.3,-41.8,0.0,1.34,0.0
2022-01-09 15:00:00,-37.8,-42.1,0.0,1.04,0.0
2022-01-09 16:00:00,-37.1,-41.6,0.0,1.36,0.0
2022-01-09 17:00:00,-37.0,-41.3,0.0,1.17,0.0
2022-01-09 18:00:00,-37.7,-41.9,0.0,1.43,0.0
2022-01-09 19:00:00,-37.5,-41.9,0.0,1.44,0.0
2022-01-09 20:00:00,-36.3,-41.4,0.0,1.03,0.0
2022-01-09 21:00:00,-36.2,-41.4,0.0,0.14,0.0
2022-01-09 22:00:00,-36.0,-41.2,0.0,0.3,0.0
2022-01-09 23:00:00,-35.9,-41.0,0.0,0.42,0.0
2022-01-10 00:00:00,-36.0,-40.3,0.0,0.71,0.0
2022-01-10 01:00:00,-36.4,-40.5,0.0,0.71,0.0
2022-01-10 02:00:00,-35.7,-40.0,0.0,0.72,1611.53
2022-01-10 03:00:00,-34.7,-39.1,0.0,0.22,1634.65
2022-01-10 04:00:00,-34.4,-39.3,0.0,0.32,1754.56
2022-01-10 05:00:00,-34.3,-39.0,0.0,0.42,1299.25
2022-01-10 06:00:00,-34.3,-38.7,0.0,0.54,0.0
2022-01-10 07:00:00,-34.4,-38.5,0.0,0.45,0.0
2022-01-10 08:00:00,-34.4,-38.5,0.0,0.4,0.0
2022-01-10 09:00:00,-34.4,-38.5,0.0,0.22,0.0
2022-01-10 10:00:00,-34.9,-38.5,0.0,0.5,0.0
2022-01-10 11:00:00,-34.9,-38.5,0.0,0.6,0.0
2022-01-10 12:00:00,-34.8,-38.6,0.0,0.71,0.0
2022-01-10 13:00:00,-34.1,-38.3,0.0,0.28,0.0
2022-01-10 14:00:00,-34.2,-38.3,0.0,0.1,0.0
2022-01-10 15:00:00,-34.4,-38.4,0.0,0.32,0.0
2022-01-10 16:00:00,-34.2,-38.4,0.0,0.61,0.0
2022-01-10 17:00:00,-34.3,-38.6,0.0,0.78,0.0
2022-01-10 18:00:00,-34.6,-38.9,0.0,0.76,0.0
2022-01-10 19:00:00,-35.2,-39.5,0.0,0.92,0.0
2022-01-10 20:00:00,-35.7,-39.9,0.0,1.28,0.0
2022-01-10 21:00:00,-35.6,-40.0,0.0,1.28,0.0
2022-01-10 22:00:00,-35.9,-40.3,0.0,1.28,0.0
2022-01-10 23:00:00,-35.8,-40.2,0.0,1.22,0.0
2022-01-11 00:00:00,-34.3,-38.8,0.0,0.57,0.0
2022-01-11 01:00:00,-34.5,-38.9,0.0,0.63,0.0
2022-01-11 02:00:00,-34.0,-38.8,0.0,0.22,0.0
2022-01-11 03:00:00,-33.6,-38.6,0.0,0.54,783.87
2022-01-11 04:00:00,-33.3,-38.3,0.0,0.51,0.0
2022-01-11 05:00:00,-33.2,-38.2,0.0,0.14,0.0
2022-01-11 06:00:00,-33.0,-38.2,0.0,0.1,0.0
2022-01-11 07:00:00,-33.0,-38.1,0.0,0.41,0.0
2022-01-11 08:00:00,-33.2,-38.2,0.0,0.61,0.0
2022-01-11 09:00:00,-33.5,-38.4,0.0,0.67,0.0
2022-01-11 10:00:00,-34.6,-39.3,0.0,0.86,0.0
2022-01-11 11:00:00,-36.0,-40.4,0.0,1.17,0.0
2022-01-11 12:00:00,-37.1,-41.6,0.0,1.2,0.0
2022-01-11 13:00:00,-38.2,-42.4,0.0,1.41,0.0
2022-01-11 14:00:00,-37.4,-42.0,0.0,1.14,0.0
2022-01-11 15:00:00,-37.1,-42.0,0.0,1.2,0.0
2022-01-11 16:00:00,-37.4,-42.3,0.0,1.22,0.0
2022-01-11 17:00:00,-37.1,-42.0,0.0,0.98,0.0
2022-01-11 18:00:00,-37.2,-42.1,0.0,0.72,0.0
2022-01-11 19:00:00,-37.2,-42.2,0.0,0.72,0.0
2022-01-11 20:00:00,-38.2,-42.8,0.0,1.08,0.0
2022-01-11 21:00:00,-37.8,-42.5,0.0,0.86,0.0
2022-01-11 22:00:00,-37.9,-42.7,0.0,0.67,0.0
2022-01-11 23:00:00,-38.1,-42.8,0.0,0.71,0.0
2022-01-12 00:00:00,-40.5,-44.5,0.0,1.39,0.0
2022-01-12 01:00:00,-40.1,-44.2,0.0,0.94,3148.4
2022-01-12 02:00:00,-39.3,-43.5,0.0,0.94,3600.0
2022-01-12 03:00:00,-38.5,-42.7,0.0,0.7,3600.0
2022-01-12 04:00:00,-38.1,-42.4,0.0,0.7,3600.0
2022-01-12 05:00:00,-37.9,-42.2,0.0,0.81,761.92
2022-01-12 06:00:00,-37.9,-42.2,0.0,1.02,0.0
2022-01-12 07:00:00,-37.8,-42.0,0.0,0.95,0.0
2022-01-12 08:00:00,-37.6,-42.0,0.0,1.03,0.0
2022-01-12 09:00:00,-37.7,-42.1,0.0,0.82,0.0
2022-01-12 10:00:00,-37.7,-42.0,0.0,0.71,0.0
2022-01-12 11:00:00,-37.7,-42.1,0.0,0.61,0.0
2022-01-12 12:00:00,-37.9,-42.2,0.0,1.22,0.0
2022-01-12 13:00:00,-37.5,-41.7,0.0,1.88,0.0
2022-01-12 14:00:00,-37.3,-41.5,0.0,1.61,0.0
2022-01-12 15:00:00,-37.2,-41.4,0.0,1.36,0.0
2022-01-12 16:00:00,-37.6,-41.6,0.0,1.0,0.0
2022-01-12 17:00:00,-38.3,-42.3,0.0,1.3,0.0
2022-01-12 18:00:00,-37.2,-41.9,0.0,0.67,0.0
2022-01-12 19:00:00,-37.4,-41.9,0.0,0.71,0.0
2022-01-12 20:00:00,-36.9,-41.7,0.0,0.5,0.0
2022-01-12 21:00:00,-37.0,-42.1,0.0,0.41,0.0
2022-01-12 22:00:00,-37.0,-42.3,0.0,0.5,0.0
2022-01-12 23:00:00,-37.0,-41.9,0.0,0.67,0.0
2022-01-13 00:00:00,-36.4,-41.7,0.0,0.2,0.0
2022-01-13 01:00:00,-36.1,-41.1,0.0,0.61,0.0
2022-01-13 02:00:00,-34.9,-39.9,0.0,0.98,0.0
2022-01-13 03:00:00,-34.0,-39.1,0.1,0.76,0.0
2022-01-13 04:00:00,-33.5,-38.5,0.1,0.85,0.0
2022-01-13 05:00:00,-33.2,-38.0,0.1,0.95,0.0
2022-01-13 06:00:00,-32.8,-37.5,0.1,0.73,0.0
2022-01-13 07:00:00,-33.9,-37.9,0.0,1.43,0.0
2022-01-13 08:00:00,-34.8,-38.7,0.0,1.44,0.0
2022-01-13 09:00:00,-35.0,-38.9,0.0,1.42,0.0
2022-01-13 10:00:00,-35.3,-39.2,0.0,1.53,0.0
2022-01-13 11:00:00,-36.1,-39.9,0.0,1.65,0.0
2022-01-13 12:00:00,-38.0,-41.6,0.0,1.92,0.0
2022-01-13 13:00:00,-38.6,-42.3,0.0,2.14,0.0
2022-01-13 14:00:00,-37.9,-41.9,0.0,1.77,0.0
2022-01-13 15:00:00,-37.3,-41.7,0.0,1.39,0.0
2022-01-13 16:00:00,-37.1,-41.9,0.0,1.2,0.0
2022-01-13 17:00:00,-36.7,-41.8,0.0,0.64,0.0
2022-01-13 18:00:00,-36.5,-41.8,0.0,0.14,0.0
2022-01-13 19:00:00,-36.4,-41.8,0.0,0.22,0.0
2022-01-13 20:00:00,-36.5,-41.8,0.0,0.42,0.0
2022-01-13 21:00:00,-36.3,-41.7,0.0,0.2,0.0
2022-01-13 22:00:00,-36.9,-42.3,0.0,0.6,0.0
2022-01-13 23:00:00,-37.5,-42.9,0.0,0.4,0.0
2022-01-14 00:00:00,-38.0,-43.4,0.0,0.22,0.0
2022-01-14 01:00:00,-39.0,-43.8,0.0,1.27,3410.37
2022-01-14 02:00:00,-41.2,-45.4,0.0,1.48,1529.15
2022-01-14 03:00:00,-39.7,-44.6,0.0,1.1,200.43
2022-01-14 04:00:00,-38.5,-44.1,0.0,0.36,461.33
2022-01-14 05:00:00,-38.3,-44.0,0.0,1.14,0.0
2022-01-14 06:00:00,-37.8,-43.4,0.0,1.34,0.0
2022-01-14 07:00:00,-36.6,-42.5,0.0,1.14,0.0
2022-01-14 08:00:00,-36.2,-42.1,0.0,0.76,0.0
2022-01-14 09:00:00,-37.8,-43.0,0.0,0.32,0.0
2022-01-14 10:00:00,-38.2,-43.1,0.0,0.36,0.0
2022-01-14 11:00:00,-38.8,-43.3,0.0,0.51,0.0
2022-01-14 12:00:00,-38.3,-44.5,0.0,0.54,0.0
2022-01-14 13:00:00,-38.3,-44.4,0.0,0.22,0.0
2022-01-14 14:00:00,-39.9,-44.8,0.0,0.4,0.0
2022-01-14 15:00:00,-39.6,-44.7,0.0,0.6,0.0
2022-01-14 16:00:00,-38.5,-44.3,0.0,0.51,0.0
2022-01-14 17:00:00,-38.3,-44.0,0.0,0.6,0.0
2022-01-14 18:00:00,-38.0,-43.7,0.0,0.61,0.0
2022-01-14 19:00:00,-40.0,-44.7,0.0,0.51,0.0
2022-01-14 20:00:00,-40.8,-45.0,0.0,0.45,0.0
2022-01-14 21:00:00,-40.7,-44.8,0.0,0.5,0.0
2022-01-14 22:00:00,-40.3,-44.6,0.0,0.0,0.0
2022-01-14 23:00:00,-41.6,-45.6,0.0,0.51,0.0
2022-01-15 00:00:00,-39.1,-44.3,0.0,0.76,0.0
2022-01-15 01:00:00,-38.8,-43.7,0.0,0.41,0.0
2022-01-15 02:00:00,-39.3,-43.8,0.0,0.32,199.48
2022-01-15 03:00:00,-39.7,-43.8,0.0,0.32,3600.0
2022-01-15 04:00:00,-39.3,-43.1,0.0,0.41,3600.0
2022-01-15 05:00:00,-38.5,-42.4,0.0,0.41,3600.0
2022-01-15 06:00:00,-40.4,-44.0,0.0,0.58,0.0
2022-01-15 07:00:00,-41.4,-44.7,0.0,0.72,0.0
2022-01-15 08:00:00,-40.5,-43.9,0.0,0.54,0.0
2022-01-15 09:00:00,-40.5,-43.9,0.0,0.67,0.0
2022-01-15 10:00:00,-40.0,-43.1,0.0,0.72,0.0
2022-01-15 11:00:00,-38.7,-42.1,0.0,0.54,0.0
2022-01-15 12:00:00,-40.0,-44.3,0.0,0.72,0.0
2022-01-15 13:00:00,-41.2,-45.3,0.0,0.61,0.0
2022-01-15 14:00:00,-41.8,-45.8,0.0,0.22,0.0
2022-01-15 15:00:00,-42.3,-46.3,0.0,0.6,0.0
2022-01-15 16:00:00,-42.4,-46.6,0.0,0.95,0.0
2022-01-15 17:00:00,-42.6,-46.9,0.0,0.71,0.0
2022-01-15 18:00:00,-42.5,-46.9,0.0,0.14,0.0
2022-01-15 19:00:00,-42.6,-47.3,0.0,0.22,0.0
2022-01-15 20:00:00,-44.3,-48.6,0.0,0.61,0.0
2022-01-15 21:00:00,-43.7,-48.4,0.0,0.6,0.0
2022-01-15 22:00:00,-42.5,-47.9,0.0,0.73,0.0
2022-01-15 23:00:00,-42.1,-47.6,0.0,0.98,0.0
2022-01-16 00:00:00,-44.7,-50.8,0.0,0.45,0.0
2022-01-16 01:00:00,-45.2,-50.8,0.0,0.92,3600.0
2022-01-16 02:00:00,-44.0,-49.8,0.0,0.71,3600.0
2022-01-16 03:00:00,-43.0,-48.9,0.0,0.81,3600.0
2022-01-16 04:00:00,-42.9,-48.2,0.0,1.12,3600.0
2022-01-16 05:00:00,-43.1,-48.7,0.0,1.0,3600.0
2022-01-16 06:00:00,-42.0,-48.4,0.0,0.54,312.03
2022-01-16 07:00:00,-43.9,-49.0,0.0,1.0,0.0
2022-01-16 08:00:00,-44.1,-49.1,0.0,1.42,0.0
2022-01-16 09:00:00,-43.8,-48.9,0.0,1.35,0.0
2022-01-16 10:00:00,-43.6,-48.8,0.0,1.13,0.0
2022-01-16 11:00:00,-43.5,-48.9,0.0,1.57,0.0
2022-01-16 12:00:00,-44.6,-49.4,0.0,1.92,0.0
2022-01-16 13:00:00,-46.4,-50.6,0.0,1.5,0.0
2022-01-16 14:00:00,-44.6,-49.5,0.0,0.63,0.0
2022-01-16 15:00:00,-47.1,-51.3,0.0,1.61,0.0
2022-01-16 16:00:00,-44.4,-49.6,0.0,0.98,0.0
2022-01-16 17:00:00,-44.6,-49.7,0.0,1.17,0.0
2022-01-16 18:00:00,-45.8,-50.4,0.0,1.34,0.0
2022-01-16 19:00:00,-44.9,-50.0,0.0,0.85,0.0
2022-01-16 20:00:00,-47.8,-52.2,0.0,1.48,0.0
2022-01-16 21:00:00,-45.1,-50.6,0.0,0.89,0.0
2022-01-16 22:00:00,-47.4,-52.3,0.0,1.04,0.0
2022-01-16 23:00:00,-45.2,-51.2,0.0,0.61,0.0
2022-01-17 00:00:00,-48.1,-53.6,0.0,1.17,0.0
2022-01-17 01:00:00,-48.0,-53.8,0.0,0.81,3600.0
2022-01-17 02:00:00,-46.5,-53.3,0.0,0.32,3600.0
2022-01-17 03:00:00,-46.8,-52.4,0.0,0.1,3600.0
2022-01-17 04:00:00,-45.4,-52.4,0.0,0.41,3600.0
2022-01-17 05:00:00,-45.5,-52.0,0.0,0.4,3600.0
2022-01-17 06:00:00,-45.4,-51.5,0.0,0.67,210.03
2022-01-17 07:00:00,-45.1,-51.0,0.0,0.81,0.0
2022-01-17 08:00:00,-44.7,-50.7,0.0,0.5,0.0
2022-01-17 09:00:00,-46.2,-51.3,0.0,0.3,0.0
2022-01-17 10:00:00,-44.8,-50.3,0.0,0.22,0.0
2022-01-17 11:00:00,-43.8,-50.0,0.0,0.3,0.0
2022-01-17 12:00:00,-45.0,-52.1,0.0,0.14,0.0
2022-01-17 13:00:00,-45.1,-51.5,0.0,0.1,0.0
2022-01-17 14:00:00,-44.4,-51.3,0.0,0.57,0.0
2022-01-17 15:00:00,-44.0,-50.9,0.0,1.36,0.0
2022-01-17 16:00:00,-45.5,-51.0,0.0,0.54,0.0
2022-01-17 17:00:00,-44.4,-49.9,0.0,1.53,0.0
2022-01-17 18:00:00,-43.7,-49.1,0.0,0.2,0.0
2022-01-17 19:00:00,-45.2,-49.9,0.0,0.85,0.0
2022-01-17 20:00:00,-43.5,-48.3,0.0,1.0,0.0
2022-01-17 21:00:00,-44.3,-48.8,0.0,0.64,0.0
2022-01-17 22:00:00,-42.9,-47.4,0.0,1.43,0.0
2022-01-17 23:00:00,-43.3,-47.8,0.0,0.92,0.0
2022-01-18 00:00:00,-44.3,-48.3,0.0,0.22,0.0
2022-01-18 01:00:00,-43.9,-48.2,0.0,1.44,3600.0
2022-01-18 02:00:00,-42.6,-46.5,0.0,0.2,3600.0
2022-01-18 03:00:00,-41.1,-46.2,0.0,1.24,3600.0
2022-01-18 04:00:00,-40.4,-45.1,0.0,1.1,3600.0
2022-01-18 05:00:00,-40.2,-44.9,0.0,1.81,3600.0
2022-01-18 06:00:00,-40.7,-44.8,0.0,1.8,107.48
2022-01-18 07:00:00,-40.6,-45.1,0.0,1.61,0.0
2022-01-18 08:00:00,-41.3,-45.4,0.0,2.1,0.0
2022-01-18 09:00:00,-40.9,-45.1,0.0,0.64,0.0
2022-01-18 10:00:00,-40.9,-45.1,0.0,0.22,0.0
2022-01-18 11:00:00,-40.9,-44.8,0.0,1.89,0.0
2022-01-18 12:00:00,-41.8,-45.6,0.0,0.86,0.0
2022-01-18 13:00:00,-42.9,-47.3,0.0,0.8,0.0
2022-01-18 14:00:00,-43.0,-47.3,0.0,2.46,0.0
2022-01-18 15:00:00,-43.6,-47.8,0.0,1.22,0.0
2022-01-18 16:00:00,-43.4,-47.9,0.0,1.68,0.0
2022-01-18 17:00:00,-44.0,-47.8,0.0,1.61,0.0
2022-01-18 18:00:00,-43.3,-47.6,0.0,1.43,0.0
2022-01-18 19:00:00,-43.7,-47.8,0.0,2.42,0.0
2022-01-18 20:00:00,-44.5,-48.5,0.0,0.64,0.0
2022-01-18 21:00:00,-43.5,-47.8,0.0,1.24,0.0
2022-01-18 22:00:00,-43.5,-47.6,0.0,0.42,0.0
2022-01-18 23:00:00,-43.4,-47.6,0.0,0.42,0.0
2022-01-19 00:00:00,-44.4,-48.2,0.0,2.7,0.0
2022-01-19 01:00:00,-43.8,-48.0,0.0,0.2,3600.0
2022-01-19 02:00:00,-42.7,-47.5,0.0,0.42,3600.0
2022-01-19 03:00:00,-41.5,-46.2,0.0,1.5,3600.0
2022-01-19 04:00:00,-40.7,-45.6,0.0,1.2,3600.0
2022-01-19 05:00:00,-41.1,-45.5,0.0,1.66,3600.0
2022-01-19 06:00:00,-41.7,-46.0,0.0,0.76,858.13
2022-01-19 07:00:00,-41.8,-46.1,0.0,1.44,0.0
2022-01-19 08:00:00,-41.7,-45.9,0.0,0.76,0.0
2022-01-19 09:00:00,-42.6,-46.6,0.0,1.52,0.0
2022-01-19 10:00:00,-40.6,-45.4,0.0,0.45,0.0
2022-01-19 11:00:00,-42.4,-46.8,0.0,1.21,0.0
2022-01-19 12:00:00,-42.5,-47.5,0.0,0.22,0.0
2022-01-19 13:00:00,-43.9,-48.5,0.0,1.1,0.0
2022-01-19 14:00:00,-42.9,-47.7,0.0,0.92,0.0
2022-01-19 15:00:00,-45.6,-49.6,0.0,1.21,0.0
2022-01-19 16:00:00,-42.6,-47.8,0.0,0.7,0.0
2022-01-19 17:00:00,-45.7,-50.0,0.0,0.94,0.0
2022-01-19 18:00:00,-42.7,-48.2,0.0,1.1,0.0
2022-01-19 19:00:00,-42.5,-48.4,0.0,0.45,0.0
2022-01-19 20:00:00,-43.7,-49.1,0.0,1.26,0.0
2022-01-19 21:00:00,-42.6,-48.7,0.0,0.1,0.0
2022-01-19 22:00:00,-42.4,-48.7,0.0,0.67,0.0
2022-01-19 23:00:00,-42.6,-49.1,0.0,0.73,0.0
2022-01-20 00:00:00,-45.0,-51.4,0.0,1.06,0.0
2022-01-20 01:00:00,-44.1,-51.2,0.0,1.04,3600.0
2022-01-20 02:00:00,-44.1,-50.8,0.0,1.1,3600.0
2022-01-20 03:00:00,-43.3,-50.5,0.0,0.6,3600.0
2022-01-20 04:00:00,-43.0,-50.0,0.0,0.72,3600.0
2022-01-20 05:00:00,-42.3,-49.3,0.0,0.61,3600.0
2022-01-20 06:00:00,-42.4,-48.5,0.0,0.9,1590.69
2022-01-20 07:00:00,-42.8,-48.2,0.0,0.58,0.0
2022-01-20 08:00:00,-43.3,-48.6,0.0,0.85,0.0
2022-01-20 09:00:00,-45.0,-49.9,0.0,1.14,0.0
2022-01-20 10:00:00,-43.6,-49.3,0.0,0.72,0.0
2022-01-20 11:00:00,-43.9,-49.5,0.0,0.89,0.0
2022-01-20 12:00:00,-46.2,-50.7,0.0,1.4,0.0
2022-01-20 13:00:00,-47.4,-51.9,0.0,1.91,0.0
2022-01-20 14:00:00,-48.0,-52.3,0.0,1.91,0.0
2022-01-20 15:00:00,-47.3,-52.0,0.0,1.86,0.0
2022-01-20 16:00:00,-47.7,-52.5,0.0,1.86,0.0
2022-01-20 17:00:00,-47.4,-52.7,0.0,1.84,0.0
2022-01-20 18:00:00,-47.3,-52.8,0.0,1.53,0.0
2022-01-20 19:00:00,-45.9,-52.4,0.0,1.14,0.0
2022-01-20 20:00:00,-45.9,-52.6,0.0,1.22,0.0
2022-01-20 21:00:00,-46.7,-52.9,0.0,1.62,0.0
2022-01-20 22:00:00,-47.4,-53.3,0.0,1.86,0.0
2022-01-20 23:00:00,-47.5,-53.3,0.0,2.05,0.0
2022-01-21 00:00:00,-48.0,-53.0,0.0,1.58,0.0
2022-01-21 01:00:00,-47.3,-52.7,0.0,1.84,3600.0
2022-01-21 02:00:00,-46.5,-52.3,0.0,1.42,3600.0
2022-01-21 03:00:00,-45.2,-51.5,0.0,1.06,3600.0
2022-01-21 04:00:00,-44.9,-50.8,0.0,0.86,3600.0
2022-01-21 05:00:00,-45.7,-51.1,0.0,1.43,3600.0
2022-01-21 06:00:00,-45.9,-51.6,0.0,1.39,1469.76
2022-01-21 07:00:00,-46.0,-51.7,0.0,1.41,0.0
2022-01-21 08:00:00,-46.5,-52.0,0.0,1.49,0.0
2022-01-21 09:00:00,-46.7,-52.0,0.0,1.5,0.0
2022-01-21 10:00:00,-46.2,-51.7,0.0,1.14,0.0
2022-01-21 11:00:00,-46.4,-51.8,0.0,1.44,0.0
2022-01-21 12:00:00,-47.0,-52.1,0.0,1.3,0.0
2022-01-21 13:00:00,-47.8,-52.7,0.0,1.94,0.0
2022-01-21 14:00:00,-48.0,-53.0,0.0,1.64,0.0
2022-01-21 15:00:00,-49.2,-53.8,0.0,1.64,0.0
2022-01-21 16:00:00,-48.9,-53.8,0.0,1.0,0.0
2022-01-21 17:00:00,-48.8,-53.9,0.0,0.98,0.0
2022-01-21 18:00:00,-49.4,-54.3,0.0,1.34,0.0
2022-01-21 19:00:00,-49.6,-54.5,0.0,1.7,0.0
2022-01-21 20:00:00,-49.7,-54.7,0.0,1.66,0.0
2022-01-21 21:00:00,-49.3,-54.6,0.0,1.44,0.0
2022-01-21 22:00:00,-49.6,-54.7,0.0,1.58,0.0
2022-01-21 23:00:00,-49.5,-54.6,0.0,1.64,0.0
2022-01-22 00:00:00,-48.7,-54.3,0.0,1.06,0.0
2022-01-22 01:00:00,-48.8,-54.2,0.0,1.28,3600.0
2022-01-22 02:00:00,-46.8,-53.2,0.0,0.72,3600.0
2022-01-22 03:00:00,-45.5,-51.9,0.0,0.86,3600.0
2022-01-22 04:00:00,-44.9,-51.5,0.0,1.03,3600.0
2022-01-22 05:00:00,-44.1,-52.1,0.0,0.64,3600.0
2022-01-22 06:00:00,-44.6,-51.8,0.0,0.71,1349.31
2022-01-22 07:00:00,-44.7,-51.5,0.0,0.71,0.0
2022-01-22 08:00:00,-45.4,-51.6,0.0,0.85,0.0
2022-01-22 09:00:00,-46.1,-51.5,0.0,1.2,0.0
2022-01-22 10:00:00,-45.1,-50.9,0.0,1.36,0.0
2022-01-22 11:00:00,-45.2,-50.2,0.0,1.72,0.0
2022-01-22 12:00:00,-45.4,-50.0,0.0,1.36,0.0
2022-01-22 13:00:00,-46.3,-50.7,0.0,1.79,0.0
2022-01-22 14:00:00,-47.0,-51.3,0.0,1.28,0.0
2022-01-22 15:00:00,-46.5,-51.2,0.0,0.99,0.0
2022-01-22 16:00:00,-46.3,-51.2,0.0,1.08,0.0
2022-01-22 17:00:00,-46.2,-51.0,0.0,1.39,0.0
2022-01-22 18:00:00,-46.2,-50.9,0.0,1.53,0.0
2022-01-22 19:00:00,-46.1,-50.7,0.0,1.64,0.0
2022-01-22 20:00:00,-46.0,-50.5,0.0,1.63,0.0
2022-01-22 21:00:00,-46.1,-50.4,0.0,1.36,0.0
2022-01-22 22:00:00,-46.2,-50.6,0.0,1.03,0.0
2022-01-22 23:00:00,-46.5,-51.0,0.0,1.3,0.0
2022-01-23 00:00:00,-47.1,-51.7,0.0,1.06,0.0
2022-01-23 01:00:00,-46.5,-51.7,0.0,0.85,3600.0
2022-01-23 02:00:00,-44.8,-50.8,0.0,0.85,3600.0
2022-01-23 03:00:00,-43.5,-49.9,0.0,0.98,3600.0
2022-01-23 04:00:00,-43.0,-49.0,0.0,0.89,3600.0
2022-01-23 05:00:00,-43.2,-48.9,0.0,1.22,3600.0
2022-01-23 06:00:00,-43.9,-49.3,0.0,1.14,1229.24
2022-01-23 07:00:00,-45.0,-49.9,0.0,1.22,0.0
2022-01-23 08:00:00,-45.3,-50.3,0.0,1.14,0.0
2022-01-23 09:00:00,-45.1,-50.2,0.0,1.14,0.0
2022-01-23 10:00:00,-45.3,-50.1,0.0,1.36,0.0
2022-01-23 11:00:00,-45.5,-50.1,0.0,0.86,0.0
2022-01-23 12:00:00,-45.8,-50.2,0.0,0.5,0.0
2022-01-23 13:00:00,-47.4,-51.5,0.0,1.17,0.0
2022-01-23 14:00:00,-47.0,-51.2,0.0,0.72,0.0
2022-01-23 15:00:00,-46.6,-51.1,0.0,1.06,0.0
2022-01-23 16:00:00,-46.2,-50.7,0.0,1.2,0.0
2022-01-23 17:00:00,-45.4,-50.0,0.0,1.49,0.0
2022-01-23 18:00:00,-45.3,-49.6,0.0,1.35,0.0
2022-01-23 19:00:00,-45.2,-49.2,0.0,1.41,0.0
2022-01-23 20:00:00,-45.3,-49.1,0.0,1.14,0.0
2022-01-23 21:00:00,-45.4,-49.4,0.0,1.14,0.0
2022-01-23 22:00:00,-44.8,-48.7,0.0,1.28,0.0
2022-01-23 23:00:00,-44.9,-48.8,0.0,1.14,0.0
2022-01-24 00:00:00,-45.8,-49.5,0.0,1.17,135.26
2022-01-24 01:00:00,-46.3,-50.1,0.0,1.53,3600.0
2022-01-24 02:00:00,-45.0,-49.9,0.0,1.42,3600.0
2022-01-24 03:00:00,-43.8,-49.4,0.0,1.27,3600.0
2022-01-24 04:00:00,-43.2,-48.8,0.0,0.78,3600.0
2022-01-24 05:00:00,-44.0,-49.1,0.0,1.35,3600.0
2022-01-24 06:00:00,-43.2,-49.2,0.0,0.76,2643.9
2022-01-24 07:00:00,-43.1,-49.3,0.0,0.54,0.0
2022-01-24 08:00:00,-42.9,-49.4,0.0,0.81,0.0
2022-01-24 09:00:00,-42.9,-49.6,0.0,0.76,0.0
2022-01-24 10:00:00,-43.2,-49.9,0.0,0.99,0.0
2022-01-24 11:00:00,-43.7,-50.3,0.0,1.13,0.0
2022-01-24 12:00:00,-44.9,-50.8,0.0,1.12,0.0
2022-01-24 13:00:00,-45.5,-51.3,0.0,1.41,0.0
2022-01-24 14:00:00,-46.3,-52.2,0.0,1.0,0.0
2022-01-24 15:00:00,-45.6,-51.9,0.0,0.73,0.0
2022-01-24 16:00:00,-45.3,-51.7,0.0,0.73,0.0
2022-01-24 17:00:00,-45.0,-51.3,0.0,0.54,0.0
2022-01-24 18:00:00,-44.8,-50.9,0.0,0.36,0.0
2022-01-24 19:00:00,-44.6,-50.5,0.0,0.32,0.0
2022-01-24 20:00:00,-44.5,-50.2,0.0,0.71,0.0
2022-01-24 21:00:00,-45.0,-50.3,0.0,0.95,0.0
2022-01-24 22:00:00,-45.2,-50.5,0.0,0.85,0.0
2022-01-24 23:00:00,-45.1,-50.4,0.0,0.63,0.0
2022-01-25 00:00:00,-45.3,-47.9,0.0,0.41,44.62
2022-01-25 01:00:00,-45.0,-48.0,0.0,0.5,1062.75
2022-01-25 02:00:00,-44.0,-48.1,0.0,0.73,654.6
2022-01-25 03:00:00,-42.7,-47.5,0.0,0.5,0.0
2022-01-25 04:00:00,-41.7,-47.6,0.0,0.45,0.0
2022-01-25 05:00:00,-41.3,-47.4,0.0,0.42,0.0
2022-01-25 06:00:00,-41.5,-47.1,0.0,0.28,0.0
2022-01-25 07:00:00,-41.5,-46.6,0.0,0.36,0.0
2022-01-25 08:00:00,-41.0,-46.0,0.0,0.73,0.0
2022-01-25 09:00:00,-40.9,-45.5,0.0,0.94,0.0
2022-01-25 10:00:00,-41.0,-45.0,0.0,1.06,0.0
2022-01-25 11:00:00,-41.2,-45.0,0.0,0.86,0.0
2022-01-25 12:00:00,-41.3,-45.1,0.0,0.22,0.0
2022-01-25 13:00:00,-42.4,-46.3,0.0,0.73,0.0
2022-01-25 14:00:00,-42.8,-46.9,0.0,1.48,0.0
2022-01-25 15:00:00,-43.1,-47.1,0.0,1.61,0.0
2022-01-25 16:00:00,-43.7,-47.7,0.0,1.12,0.0
2022-01-25 17:00:00,-44.4,-48.4,0.0,1.03,0.0
2022-01-25 18:00:00,-43.7,-47.8,0.0,1.17,0.0
2022-01-25 19:00:00,-43.3,-47.5,0.0,0.94,0.0
2022-01-25 20:00:00,-43.0,-47.2,0.0,0.89,0.0
2022-01-25 21:00:00,-43.0,-47.1,0.0,0.76,0.0
2022-01-25 22:00:00,-42.8,-46.9,0.0,0.86,0.0
2022-01-25 23:00:00,-42.2,-46.3,0.0,1.06,0.0
2022-01-26 00:00:00,-42.4,-46.6,0.0,1.06,0.0
2022-01-26 01:00:00,-42.2,-46.9,0.0,1.06,0.0
2022-01-26 02:00:00,-41.1,-46.4,0.0,1.0,0.0
2022-01-26 03:00:00,-40.2,-45.7,0.0,0.54,0.0
2022-01-26 04:00:00,-39.6,-45.0,0.0,0.45,0.0
2022-01-26 05:00:00,-39.4,-44.4,0.0,0.36,0.0
2022-01-26 06:00:00,-39.6,-44.4,0.0,0.22,0.0
2022-01-26 07:00:00,-40.0,-44.4,0.0,0.14,0.0
2022-01-26 08:00:00,-40.3,-44.4,0.0,0.14,0.0
2022-01-26 09:00:00,-40.5,-44.5,0.0,0.14,0.0
2022-01-26 10:00:00,-40.7,-44.8,0.0,0.22,0.0
2022-01-26 11:00:00,-41.1,-45.2,0.0,0.32,0.0
2022-01-26 12:00:00,-42.7,-47.0,0.0,0.61,0.0
2022-01-26 13:00:00,-42.2,-46.9,0.0,0.54,0.0
2022-01-26 14:00:00,-42.4,-47.0,0.0,0.67,0.0
2022-01-26 15:00:00,-42.7,-47.2,0.0,0.76,0.0
2022-01-26 16:00:00,-43.4,-48.0,0.0,1.02,0.0
2022-01-26 17:00:00,-44.0,-48.8,0.0,0.91,0.0
2022-01-26 18:00:00,-44.2,-49.2,0.0,0.5,0.0
2022-01-26 19:00:00,-44.3,-49.4,0.0,0.32,0.0
2022-01-26 20:00:00,-44.3,-49.5,0.0,0.0,0.0
2022-01-26 21:00:00,-44.2,-49.5,0.0,0.32,0.0
2022-01-26 22:00:00,-44.2,-49.6,0.0,0.5,0.0
2022-01-26 23:00:00,-44.5,-50.0,0.0,0.81,0.0
2022-01-27 00:00:00,-47.3,-51.9,0.0,1.3,618.52
2022-01-27 01:00:00,-47.7,-52.2,0.0,1.64,3600.0
2022-01-27 02:00:00,-47.0,-51.5,0.0,1.25,3600.0
2022-01-27 03:00:00,-45.2,-51.1,0.0,0.72,3600.0
2022-01-27 04:00:00,-44.6,-50.9,0.0,0.32,3600.0
2022-01-27 05:00:00,-44.6,-50.7,0.0,0.45,3600.0
2022-01-27 06:00:00,-44.6,-50.5,0.0,0.32,3228.23
2022-01-27 07:00:00,-44.6,-50.4,0.0,0.36,0.0
2022-01-27 08:00:00,-44.9,-50.5,0.0,0.41,0.0
2022-01-27 09:00:00,-46.4,-51.5,0.0,0.85,0.0
2022-01-27 10:00:00,-47.0,-52.1,0.0,0.85,0.0
2022-01-27 11:00:00,-46.7,-52.1,0.0,0.61,0.0
2022-01-27 12:00:00,-48.7,-53.5,0.0,1.12,0.0
2022-01-27 13:00:00,-49.9,-54.4,0.0,1.25,0.0
2022-01-27 14:00:00,-49.4,-54.2,0.0,1.2,0.0
2022-01-27 15:00:00,-48.6,-53.8,0.0,0.76,0.0
2022-01-27 16:00:00,-48.6,-54.1,0.0,0.63,0.0
2022-01-27 17:00:00,-49.7,-54.7,0.0,0.94,0.0
2022-01-27 18:00:00,-51.2,-55.5,0.0,1.13,0.0
2022-01-27 19:00:00,-50.3,-54.7,0.0,1.35,0.0
2022-01-27 20:00:00,-50.6,-55.1,0.0,1.3,0.0
2022-01-27 21:00:00,-50.7,-55.3,0.0,1.3,0.0
2022-01-27 22:00:00,-50.3,-54.9,0.0,0.89,0.0
2022-01-27 23:00:00,-50.2,-54.5,0.0,0.82,0.0
2022-01-28 00:00:00,-49.9,-53.4,0.0,0.81,0.0
2022-01-28 01:00:00,-49.3,-53.4,0.0,1.0,596.86
2022-01-28 02:00:00,-47.3,-51.6,0.0,1.32,2600.47
2022-01-28 03:00:00,-46.0,-50.2,0.0,1.6,3600.0
2022-01-28 04:00:00,-45.1,-49.2,0.0,2.0,3600.0
2022-01-28 05:00:00,-44.2,-48.2,0.0,1.6,47.8
2022-01-28 06:00:00,-44.5,-48.1,0.0,1.3,0.0
2022-01-28 07:00:00,-43.8,-47.3,0.0,1.12,0.0
2022-01-28 08:00:00,-43.4,-46.9,0.0,1.0,0.0
2022-01-28 09:00:00,-42.9,-46.3,0.0,0.82,0.0
2022-01-28 10:00:00,-42.6,-46.0,0.0,1.2,0.0
2022-01-28 11:00:00,-42.7,-45.9,0.0,1.32,0.0
2022-01-28 12:00:00,-41.6,-44.9,0.0,1.73,0.0
2022-01-28 13:00:00,-41.0,-44.5,0.0,1.63,0.0
2022-01-28 14:00:00,-41.1,-44.5,0.0,1.55,0.0
2022-01-28 15:00:00,-40.6,-44.0,0.0,1.6,0.0
2022-01-28 16:00:00,-40.5,-43.8,0.0,1.61,0.0
2022-01-28 17:00:00,-40.1,-43.6,0.0,1.1,0.0
2022-01-28 18:00:00,-40.2,-43.5,0.0,1.04,0.0
2022-01-28 19:00:00,-40.5,-43.8,0.0,1.24,0.0
2022-01-28 20:00:00,-40.5,-43.8,0.0,1.41,0.0
2022-01-28 21:00:00,-40.4,-43.9,0.0,1.51,0.0
2022-01-28 22:00:00,-40.4,-44.0,0.0,1.22,0.0
2022-01-28 23:00:00,-40.5,-44.1,0.0,1.2,0.0
2022-01-29 00:00:00,-41.2,-44.3,0.0,1.2,411.44
2022-01-29 01:00:00,-39.5,-43.0,0.0,1.3,0.0
2022-01-29 02:00:00,-37.6,-41.7,0.0,1.43,322.8
2022-01-29 03:00:00,-36.4,-40.4,0.0,0.71,2471.58
2022-01-29 04:00:00,-35.4,-39.5,0.0,0.61,2086.81
2022-01-29 05:00:00,-36.1,-39.5,0.0,1.22,1137.83
2022-01-29 06:00:00,-36.9,-40.1,0.0,1.04,0.0
2022-01-29 07:00:00,-36.8,-40.2,0.0,1.2,0.0
2022-01-29 08:00:00,-37.1,-40.4,0.0,1.36,0.0
2022-01-29 09:00:00,-37.5,-40.9,0.0,1.12,0.0
2022-01-29 10:00:00,-37.6,-41.1,0.0,0.67,0.0
2022-01-29 11:00:00,-38.1,-41.7,0.0,0.5,0.0
2022-01-29 12:00:00,-38.1,-41.5,0.0,1.0,0.0
2022-01-29 13:00:00,-38.8,-42.3,0.0,1.7,0.0
2022-01-29 14:00:00,-39.4,-43.0,0.0,1.49,0.0
2022-01-29 15:00:00,-39.5,-43.3,0.0,0.95,0.0
2022-01-29 16:00:00,-39.3,-43.3,0.0,0.5,0.0
2022-01-29 17:00:00,-38.9,-43.1,0.0,0.51,0.0
2022-01-29 18:00:00,-39.6,-43.5,0.0,0.81,0.0
2022-01-29 19:00:00,-39.7,-43.5,0.0,0.81,0.0
2022-01-29 20:00:00,-39.7,-43.5,0.0,0.22,0.0
2022-01-29 21:00:00,-39.5,-43.2,0.0,0.5,0.0
2022-01-29 22:00:00,-37.8,-41.6,0.0,0.58,0.0
2022-01-29 23:00:00,-37.0,-41.1,0.0,0.57,0.0
2022-01-30 00:00:00,-37.1,-41.3,0.0,0.3,1043.33
2022-01-30 01:00:00,-36.8,-40.8,0.0,0.22,3600.0
2022-01-30 02:00:00,-35.4,-40.4,0.0,0.41,3600.0
2022-01-30 03:00:00,-34.2,-39.9,0.0,0.41,3600.0
2022-01-30 04:00:00,-33.6,-38.9,0.0,0.5,3600.0
2022-01-30 05:00:00,-33.3,-39.0,0.0,0.76,3600.0
2022-01-30 06:00:00,-33.2,-38.7,0.0,0.51,3600.0
2022-01-30 07:00:00,-33.6,-38.5,0.0,0.28,0.0
2022-01-30 08:00:00,-33.7,-38.6,0.0,0.2,0.0
2022-01-30 09:00:00,-33.4,-38.4,0.0,0.81,0.0
2022-01-30 10:00:00,-33.7,-38.4,0.0,0.41,0.0
2022-01-30 11:00:00,-33.8,-38.2,0.0,0.3,0.0
2022-01-30 12:00:00,-37.0,-41.1,0.0,0.64,0.0
2022-01-30 13:00:00,-37.3,-41.6,0.0,0.5,0.0
2022-01-30 14:00:00,-36.3,-41.0,0.0,0.3,0.0
2022-01-30 15:00:00,-36.4,-41.2,0.0,0.2,0.0
2022-01-30 16:00:00,-38.0,-42.3,0.0,0.32,0.0
2022-01-30 17:00:00,-38.4,-42.4,0.0,0.51,0.0
2022-01-30 18:00:00,-38.4,-42.4,0.0,0.72,0.0
2022-01-30 19:00:00,-37.2,-41.4,0.0,1.0,0.0
2022-01-30 20:00:00,-37.2,-41.3,0.0,1.2,0.0
2022-01-30 21:00:00,-37.3,-41.4,0.0,1.13,0.0
2022-01-30 22:00:00,-37.1,-41.2,0.0,1.06,0.0
2022-01-30 23:00:00,-36.7,-40.9,0.0,0.78,0.0
2022-01-31 00:00:00,-35.6,-39.7,0.0,0.95,0.0
2022-01-31 01:00:00,-35.1,-39.0,0.1,0.86,0.0
2022-01-31 02:00:00,-33.6,-37.8,0.0,1.56,838.04
2022-01-31 03:00:00,-32.7,-37.1,0.0,0.72,3600.0
2022-01-31 04:00:00,-32.3,-36.5,0.0,0.85,3600.0
2022-01-31 05:00:00,-32.9,-36.5,0.0,0.57,3600.0
2022-01-31 06:00:00,-34.6,-37.7,0.0,0.99,3600.0
2022-01-31 07:00:00,-35.6,-38.5,0.0,0.85,0.0
2022-01-31 08:00:00,-35.4,-38.7,0.0,1.22,0.0
2022-01-31 09:00:00,-36.7,-40.3,0.0,1.13,0.0
2022-01-31 10:00:00,-36.0,-40.1,0.0,0.67,0.0
2022-01-31 11:00:00,-36.5,-40.6,0.0,0.91,0.0
2022-01-31 12:00:00,-36.2,-40.3,0.0,0.5,0.0
2022-01-31 13:00:00,-35.2,-39.6,0.0,0.57,0.0
2022-01-31 14:00:00,-34.9,-39.2,0.0,0.22,0.0
2022-01-31 15:00:00,-34.7,-39.1,0.0,0.32,0.0
2022-01-31 16:00:00,-35.5,-39.5,0.0,0.57,0.0
2022-01-31 17:00:00,-35.0,-39.0,0.0,0.42,0.0
2022-01-31 18:00:00,-35.1,-39.1,0.0,0.14,0.0
2022-01-31 19:00:00,-36.1,-39.8,0.0,0.3,0.0
2022-01-31 20:00:00,-36.5,-40.2,0.0,0.54,0.0
2022-01-31 21:00:00,-35.8,-39.3,0.0,1.25,0.0
2022-01-31 22:00:00,-35.0,-38.6,0.2,0.94,0.0
2022-01-31 23:00:00,-34.7,-38.4,0.1,0.94,0.0
2022-02-01 00:00:00,-34.9,-38.7,0.1,1.3,0.0
2022-02-01 01:00:00,-34.1,-38.0,0.1,1.51,0.0
2022-02-01 02:00:00,-32.5,-36.8,0.1,1.33,111.49
2022-02-01 03:00:00,-31.7,-35.9,0.0,1.21,1721.24
2022-02-01 04:00:00,-31.2,-35.2,0.0,1.03,1326.72
2022-02-01 05:00:00,-31.3,-35.0,0.0,0.86,1540.44
2022-02-01 06:00:00,-32.0,-35.0,0.0,0.81,0.0
2022-02-01 07:00:00,-32.3,-35.3,0.0,0.67,0.0
2022-02-01 08:00:00,-31.6,-34.8,0.1,0.54,0.0
2022-02-01 09:00:00,-31.4,-34.6,0.0,0.91,0.0
2022-02-01 10:00:00,-31.1,-34.3,0.0,0.81,0.0
2022-02-01 11:00:00,-31.3,-34.4,0.0,0.91,0.0
2022-02-01 12:00:00,-32.3,-35.3,0.0,0.8,0.0
2022-02-01 13:00:00,-31.5,-34.9,0.0,0.61,0.0
2022-02-01 14:00:00,-31.7,-35.1,0.0,0.71,0.0
2022-02-01 15:00:00,-31.1,-34.7,0.0,0.6,0.0
2022-02-01 16:00:00,-30.4,-34.0,0.0,0.63,0.0
2022-02-01 17:00:00,-30.3,-33.8,0.1,0.41,0.0
2022-02-01 18:00:00,-29.8,-33.6,0.1,0.63,0.0
2022-02-01 19:00:00,-29.8,-33.4,0.1,0.81,0.0
2022-02-01 20:00:00,-29.4,-32.9,0.1,1.0,0.0
2022-02-01 21:00:00,-29.4,-32.9,0.1,1.14,0.0
2022-02-01 22:00:00,-29.2,-32.7,0.1,1.17,0.0
2022-02-01 23:00:00,-29.0,-32.3,0.0,1.64,0.0
2022-02-02 00:00:00,-29.8,-32.8,0.0,1.4,0.0
2022-02-02 01:00:00,-29.6,-33.1,0.0,1.81,2802.05
2022-02-02 02:00:00,-28.5,-32.5,0.0,1.88,3600.0
2022-02-02 03:00:00,-27.6,-31.9,0.0,1.88,3600.0
2022-02-02 04:00:00,-27.2,-31.5,0.0,0.73,3600.0
2022-02-02 05:00:00,-28.4,-32.1,0.0,1.26,3600.0
2022-02-02 06:00:00,-28.8,-32.5,0.0,1.06,2769.57
2022-02-02 07:00:00,-29.5,-33.1,0.0,0.92,0.0
2022-02-02 08:00:00,-30.3,-33.8,0.0,1.0,0.0
2022-02-02 09:00:00,-29.3,-33.3,0.0,0.73,0.0
2022-02-02 10:00:00,-29.2,-33.3,0.0,0.85,0.0
2022-02-02 11:00:00,-31.6,-35.1,0.0,1.5,0.0
2022-02-02 12:00:00,-32.0,-35.3,0.0,1.73,0.0
2022-02-02 13:00:00,-30.2,-33.6,0.0,1.14,0.0
2022-02-02 14:00:00,-30.2,-33.6,0.0,0.3,0.0
2022-02-02 15:00:00,-31.7,-34.9,0.0,0.61,0.0
2022-02-02 16:00:00,-32.4,-35.6,0.0,0.6,0.0
2022-02-02 17:00:00,-33.0,-36.6,0.0,0.82,0.0
2022-02-02 18:00:00,-33.3,-37.2,0.0,1.0,0.0
2022-02-02 19:00:00,-33.4,-37.5,0.0,1.28,0.0
2022-02-02 20:00:00,-34.1,-38.0,0.0,0.73,0.0
2022-02-02 21:00:00,-33.5,-37.8,0.0,1.08,0.0
2022-02-02 22:00:00,-34.2,-38.1,0.0,1.9,0.0
2022-02-02 23:00:00,-34.8,-38.3,0.0,0.51,0.0
2022-02-03 00:00:00,-36.1,-39.9,0.0,0.64,0.0
2022-02-03 01:00:00,-35.0,-39.3,0.0,0.5,246.48
2022-02-03 02:00:00,-33.2,-38.7,0.0,0.1,0.0
2022-02-03 03:00:00,-31.8,-37.9,0.0,0.4,0.0
2022-02-03 04:00:00,-30.9,-36.7,0.0,0.4,0.0
2022-02-03 05:00:00,-31.2,-36.0,0.0,0.41,564.31
2022-02-03 06:00:00,-32.0,-36.1,0.0,1.0,0.0
2022-02-03 07:00:00,-32.9,-36.8,0.0,0.71,0.0
2022-02-03 08:00:00,-33.9,-37.9,0.0,0.63,0.0
2022-02-03 09:00:00,-34.3,-38.3,0.0,0.78,0.0
2022-02-03 10:00:00,-35.7,-39.5,0.0,1.02,0.0
2022-02-03 11:00:00,-33.6,-38.4,0.0,0.5,0.0
2022-02-03 12:00:00,-34.8,-39.1,0.0,0.6,0.0
2022-02-03 13:00:00,-34.4,-39.0,0.0,0.63,0.0
2022-02-03 14:00:00,-36.3,-40.2,0.0,0.95,0.0
2022-02-03 15:00:00,-36.2,-40.1,0.0,0.94,0.0
2022-02-03 16:00:00,-37.3,-41.1,0.0,0.95,0.0
2022-02-03 17:00:00,-37.4,-41.1,0.0,0.92,0.0
2022-02-03 18:00:00,-35.5,-39.4,0.0,0.2,0.0
2022-02-03 19:00:00,-36.6,-40.4,0.0,0.41,0.0
2022-02-03 20:00:00,-37.6,-41.2,0.0,0.92,0.0
2022-02-03 21:00:00,-38.0,-41.7,0.0,1.06,0.0
2022-02-03 22:00:00,-38.0,-42.1,0.0,0.72,0.0
2022-02-03 23:00:00,-37.3,-42.0,0.0,0.89,0.0
2022-02-04 00:00:00,-38.6,-42.8,0.0,1.64,3254.27
2022-02-04 01:00:00,-37.7,-42.0,0.0,1.63,3600.0
2022-02-04 02:00:00,-36.2,-40.6,0.0,0.78,3600.0
2022-02-04 03:00:00,-34.7,-39.2,0.0,0.6,3600.0
2022-02-04 04:00:00,-33.2,-38.1,0.0,0.98,3600.0
2022-02-04 05:00:00,-33.0,-37.5,0.0,0.82,3600.0
2022-02-04 06:00:00,-34.5,-38.4,0.0,0.1,3600.0
2022-02-04 07:00:00,-35.8,-39.3,0.0,0.41,54.45
2022-02-04 08:00:00,-36.2,-39.6,0.0,0.86,0.0
2022-02-04 09:00:00,-36.4,-39.9,0.0,1.0,0.0
2022-02-04 10:00:00,-37.1,-40.7,0.0,0.92,0.0
2022-02-04 11:00:00,-37.4,-41.3,0.0,0.72,0.0
2022-02-04 12:00:00,-38.1,-42.0,0.0,0.76,0.0
2022-02-04 13:00:00,-38.8,-42.3,0.0,0.86,0.0
2022-02-04 14:00:00,-39.4,-43.2,0.0,1.0,0.0
2022-02-04 15:00:00,-40.3,-44.4,0.0,1.08,0.0
2022-02-04 16:00:00,-40.3,-44.9,0.0,0.99,0.0
2022-02-04 17:00:00,-40.1,-45.2,0.0,0.89,0.0
2022-02-04 18:00:00,-40.8,-45.8,0.0,1.22,0.0
2022-02-04 19:00:00,-40.4,-45.6,0.0,0.95,0.0
2022-02-04 20:00:00,-41.0,-45.7,0.0,1.08,0.0
2022-02-04 21:00:00,-40.8,-45.6,0.0,1.06,0.0
2022-02-04 22:00:00,-40.3,-45.5,0.0,0.98,0.0
2022-02-04 23:00:00,-39.9,-45.1,0.0,0.76,0.0
2022-02-05 00:00:00,-40.0,-45.8,0.0,0.86,0.0
2022-02-05 01:00:00,-39.5,-45.5,0.0,0.58,3600.0
2022-02-05 02:00:00,-38.1,-44.4,0.0,0.28,3600.0
2022-02-05 03:00:00,-36.5,-42.9,0.0,0.32,3600.0
2022-02-05 04:00:00,-35.8,-41.9,0.0,0.42,3600.0
2022-02-05 05:00:00,-36.3,-41.1,0.0,0.42,3600.0
2022-02-05 06:00:00,-37.8,-41.7,0.0,0.67,3600.0
2022-02-05 07:00:00,-38.1,-41.7,0.0,0.64,0.0
2022-02-05 08:00:00,-38.6,-42.3,0.0,1.0,0.0
2022-02-05 09:00:00,-39.0,-43.0,0.0,1.27,0.0
2022-02-05 10:00:00,-39.6,-43.6,0.0,1.2,0.0
2022-02-05 11:00:00,-40.8,-44.8,0.0,1.5,0.0
2022-02-05 12:00:00,-41.5,-45.7,0.0,1.03,0.0
2022-02-05 13:00:00,-39.7,-45.2,0.0,0.41,0.0
2022-02-05 14:00:00,-42.5,-47.0,0.0,1.03,0.0
2022-02-05 15:00:00,-42.5,-46.7,0.0,1.13,0.0
2022-02-05 16:00:00,-41.9,-46.4,0.0,0.86,0.0
2022-02-05 17:00:00,-42.3,-46.9,0.0,1.2,0.0
2022-02-05 18:00:00,-42.7,-47.2,0.0,1.63,0.0
2022-02-05 19:00:00,-43.2,-47.8,0.0,1.5,0.0
2022-02-05 20:00:00,-43.6,-48.3,0.0,1.13,0.0
2022-02-05 21:00:00,-44.1,-48.8,0.0,1.41,0.0
2022-02-05 22:00:00,-44.5,-49.4,0.0,1.21,0.0
2022-02-05 23:00:00,-44.0,-49.4,0.0,1.02,0.0
2022-02-06 00:00:00,-42.9,-49.4,0.0,1.03,3600.0
2022-02-06 01:00:00,-41.5,-48.4,0.0,1.08,3600.0
2022-02-06 02:00:00,-39.1,-46.8,0.0,0.92,3600.0
2022-02-06 03:00:00,-37.3,-44.9,0.0,0.73,3600.0
2022-02-06 04:00:00,-35.9,-43.5,0.0,0.41,3600.0
2022-02-06 05:00:00,-35.4,-43.6,0.0,0.14,3600.0
2022-02-06 06:00:00,-36.1,-43.4,0.0,0.41,3600.0
2022-02-06 07:00:00,-37.4,-43.6,0.0,0.63,504.54
2022-02-06 08:00:00,-36.3,-43.3,0.0,0.51,0.0
2022-02-06 09:00:00,-36.2,-43.2,0.0,0.9,0.0
2022-02-06 10:00:00,-35.8,-43.0,0.0,0.63,0.0
2022-02-06 11:00:00,-35.4,-43.0,0.0,0.3,0.0
2022-02-06 12:00:00,-36.2,-43.5,0.0,0.32,0.0
2022-02-06 13:00:00,-37.5,-44.2,0.0,0.92,0.0
2022-02-06 14:00:00,-37.2,-44.1,0.0,0.5,0.0
2022-02-06 15:00:00,-37.5,-44.0,0.0,0.5,0.0
2022-02-06 16:00:00,-38.1,-44.2,0.0,0.45,0.0
2022-02-06 17:00:00,-38.8,-44.7,0.0,0.2,0.0
2022-02-06 18:00:00,-42.2,-46.9,0.0,0.91,0.0
2022-02-06 19:00:00,-40.5,-46.0,0.0,0.73,0.0
2022-02-06 20:00:00,-42.2,-47.1,0.0,1.21,0.0
2022-02-06 21:00:00,-42.9,-47.4,0.0,1.48,0.0
2022-02-06 22:00:00,-42.5,-47.0,0.0,1.5,0.0
2022-02-06 23:00:00,-41.8,-46.5,0.0,1.3,0.0
2022-02-07 00:00:00,-41.7,-46.0,0.0,1.08,3600.0
2022-02-07 01:00:00,-40.9,-45.9,0.0,1.08,3600.0
2022-02-07 02:00:00,-38.4,-45.2,0.0,0.94,3600.0
2022-02-07 03:00:00,-36.6,-44.0,0.0,0.72,3600.0
2022-02-07 04:00:00,-35.3,-42.6,0.0,0.45,3600.0
2022-02-07 05:00:00,-35.1,-42.5,0.0,0.6,3600.0
2022-02-07 06:00:00,-35.9,-42.1,0.0,0.63,3600.0
2022-02-07 07:00:00,-37.3,-42.5,0.0,0.85,1049.69
2022-02-07 08:00:00,-39.4,-43.7,0.0,1.2,0.0
2022-02-07 09:00:00,-39.8,-44.3,0.0,1.49,0.0
2022-02-07 10:00:00,-40.3,-44.9,0.0,1.5,0.0
2022-02-07 11:00:00,-41.1,-45.6,0.0,1.53,0.0
2022-02-07 12:00:00,-39.2,-44.6,0.0,1.12,0.0
2022-02-07 13:00:00,-40.6,-45.5,0.0,1.04,0.0
2022-02-07 14:00:00,-42.7,-47.1,0.0,1.39,0.0
2022-02-07 15:00:00,-43.1,-47.4,0.0,1.57,0.0
2022-02-07 16:00:00,-43.5,-47.8,0.0,1.48,0.0
2022-02-07 17:00:00,-42.7,-47.4,0.0,1.08,0.0
2022-02-07 18:00:00,-42.2,-47.4,0.0,0.82,0.0
2022-02-07 19:00:00,-41.0,-47.2,0.0,0.4,0.0
2022-02-07 20:00:00,-40.6,-47.1,0.0,0.2,0.0
2022-02-07 21:00:00,-40.5,-47.0,0.0,0.6,0.0
2022-02-07 22:00:00,-43.3,-48.3,0.0,1.08,0.0
2022-02-07 23:00:00,-44.0,-48.6,0.0,1.39,0.0
2022-02-08 00:00:00,-42.8,-47.8,0.0,0.81,3600.0
2022-02-08 01:00:00,-41.4,-47.3,0.0,0.58,3600.0
2022-02-08 02:00:00,-39.2,-46.4,0.0,0.54,3600.0
2022-02-08 03:00:00,-37.1,-44.7,0.0,0.64,3600.0
2022-02-08 04:00:00,-35.9,-43.4,0.0,0.3,3600.0
2022-02-08 05:00:00,-35.6,-43.1,0.0,0.54,3600.0
2022-02-08 06:00:00,-35.8,-42.7,0.0,0.5,3600.0
2022-02-08 07:00:00,-36.4,-42.7,0.0,0.57,1585.36
2022-02-08 08:00:00,-36.6,-42.8,0.0,0.36,0.0
2022-02-08 09:00:00,-36.8,-43.0,0.0,0.14,0.0
2022-02-08 10:00:00,-37.2,-43.3,0.0,0.5,0.0
2022-02-08 11:00:00,-38.7,-44.3,0.0,0.81,0.0
2022-02-08 12:00:00,-39.9,-45.5,0.0,1.0,0.0
2022-02-08 13:00:00,-41.9,-46.9,0.0,1.56,0.0
2022-02-08 14:00:00,-42.7,-47.5,0.0,1.7,0.0
2022-02-08 15:00:00,-41.5,-47.0,0.0,1.51,0.0
2022-02-08 16:00:00,-40.8,-46.9,0.0,1.02,0.0
2022-02-08 17:00:00,-40.7,-47.0,0.0,0.73,0.0
2022-02-08 18:00:00,-40.5,-46.8,0.0,0.89,0.0
2022-02-08 19:00:00,-40.5,-46.4,0.0,0.98,0.0
2022-02-08 20:00:00,-40.6,-46.3,0.0,0.95,0.0
2022-02-08 21:00:00,-40.7,-46.1,0.0,0.89,0.0
2022-02-08 22:00:00,-40.6,-45.9,0.0,0.78,0.0
2022-02-08 23:00:00,-40.4,-45.7,0.0,0.72,0.0
2022-02-09 00:00:00,-39.9,-45.7,0.0,0.42,3600.0
2022-02-09 01:00:00,-40.2,-45.3,0.0,0.81,3600.0
2022-02-09 02:00:00,-37.7,-44.7,0.0,0.71,3600.0
2022-02-09 03:00:00,-36.0,-43.5,0.0,0.71,3600.0
2022-02-09 04:00:00,-34.8,-42.3,0.0,0.41,3600.0
2022-02-09 05:00:00,-34.5,-42.1,0.0,0.36,3600.0
2022-02-09 06:00:00,-34.7,-41.9,0.0,0.57,3600.0
2022-02-09 07:00:00,-35.2,-41.9,0.0,0.57,2112.05
2022-02-09 08:00:00,-35.8,-42.3,0.0,0.64,0.0
2022-02-09 09:00:00,-36.2,-42.6,0.0,0.71,0.0
2022-02-09 10:00:00,-37.1,-43.2,0.0,0.99,0.0
2022-02-09 11:00:00,-38.0,-43.9,0.0,1.22,0.0
2022-02-09 12:00:00,-39.6,-44.0,0.0,1.92,0.0
2022-02-09 13:00:00,-40.0,-44.4,0.0,1.98,0.0
2022-02-09 14:00:00,-39.3,-44.4,0.0,1.35,0.0
2022-02-09 15:00:00,-39.3,-44.7,0.0,0.98,0.0
2022-02-09 16:00:00,-39.3,-44.9,0.0,0.92,0.0
2022-02-09 17:00:00,-39.1,-44.8,0.0,0.72,0.0
2022-02-09 18:00:00,-38.7,-44.7,0.0,0.72,0.0
2022-02-09 19:00:00,-38.7,-44.7,0.0,1.0,0.0
2022-02-09 20:00:00,-39.3,-44.9,0.0,1.3,0.0
2022-02-09 21:00:00,-40.0,-45.3,0.0,1.49,0.0
2022-02-09 22:00:00,-41.2,-46.0,0.0,1.7,0.0
2022-02-09 23:00:00,-41.3,-46.0,0.0,1.56,0.0
2022-02-10 00:00:00,-41.7,-46.1,0.0,1.5,3600.0
2022-02-10 01:00:00,-40.4,-45.3,0.0,0.94,3600.0
2022-02-10 02:00:00,-38.4,-44.5,0.0,1.32,3600.0
2022-02-10 03:00:00,-36.6,-43.3,0.0,1.55,3600.0
2022-02-10 04:00:00,-35.7,-41.8,0.0,0.95,3600.0
2022-02-10 05:00:00,-35.7,-40.8,0.0,0.51,3600.0
2022-02-10 06:00:00,-37.0,-41.9,0.0,0.95,3600.0
2022-02-10 07:00:00,-38.4,-42.8,0.0,1.03,1991.0
2022-02-10 08:00:00,-39.3,-43.5,0.0,1.08,0.0
2022-02-10 09:00:00,-39.8,-43.9,0.0,1.17,0.0
2022-02-10 10:00:00,-40.1,-44.4,0.0,1.28,0.0
2022-02-10 11:00:00,-40.6,-45.0,0.0,1.49,0.0
2022-02-10 12:00:00,-40.9,-45.3,0.0,1.06,0.0
2022-02-10 13:00:00,-42.1,-46.3,0.0,1.7,0.0
2022-02-10 14:00:00,-43.1,-47.2,0.0,1.39,0.0
2022-02-10 15:00:00,-43.6,-47.5,0.0,1.84,0.0
2022-02-10 16:00:00,-42.5,-47.1,0.0,1.26,0.0
2022-02-10 17:00:00,-42.2,-47.3,0.0,1.12,0.0
2022-02-10 18:00:00,-41.9,-47.2,0.0,1.12,0.0
2022-02-10 19:00:00,-41.7,-46.9,0.0,1.2,0.0
2022-02-10 20:00:00,-41.5,-46.8,0.0,1.06,0.0
2022-02-10 21:00:00,-41.3,-46.7,0.0,0.81,0.0
2022-02-10 22:00:00,-41.4,-46.9,0.0,0.89,0.0
2022-02-10 23:00:00,-41.9,-47.2,0.0,1.22,0.0
2022-02-11 00:00:00,-42.8,-48.6,0.0,0.81,3600.0
2022-02-11 01:00:00,-41.6,-47.4,0.0,1.89,3600.0
2022-02-11 02:00:00,-39.7,-46.1,0.0,1.8,3600.0
2022-02-11 03:00:00,-37.8,-44.4,0.0,0.86,3600.0
2022-02-11 04:00:00,-36.6,-43.2,0.0,0.42,3600.0
2022-02-11 05:00:00,-36.4,-41.6,0.0,0.41,3600.0
2022-02-11 06:00:00,-36.6,-42.8,0.0,0.5,3600.0
2022-02-11 07:00:00,-37.1,-42.8,0.0,0.42,2602.31
2022-02-11 08:00:00,-37.3,-42.8,0.0,0.2,0.0
2022-02-11 09:00:00,-39.1,-43.9,0.0,0.5,0.0
2022-02-11 10:00:00,-41.3,-45.4,0.0,1.35,0.0
2022-02-11 11:00:00,-41.8,-45.7,0.0,1.63,0.0
2022-02-11 12:00:00,-41.7,-45.6,0.0,1.5,0.0
2022-02-11 13:00:00,-42.7,-46.5,0.0,1.79,0.0
2022-02-11 14:00:00,-42.8,-46.8,0.0,1.79,0.0
2022-02-11 15:00:00,-42.4,-46.6,0.0,1.49,0.0
2022-02-11 16:00:00,-42.3,-46.7,0.0,1.22,0.0
2022-02-11 17:00:00,-42.3,-47.0,0.0,1.08,0.0
2022-02-11 18:00:00,-42.1,-47.0,0.0,0.78,0.0
2022-02-11 19:00:00,-42.0,-47.0,0.0,0.78,0.0
2022-02-11 20:00:00,-41.9,-47.1,0.0,0.58,0.0
2022-02-11 21:00:00,-41.7,-47.1,0.0,0.71,0.0
2022-02-11 22:00:00,-42.6,-47.8,0.0,0.99,0.0
2022-02-11 23:00:00,-43.8,-48.5,0.0,1.36,36.71
2022-02-12 00:00:00,-42.8,-48.6,0.0,0.86,3600.0
2022-02-12 01:00:00,-41.4,-47.5,0.0,1.28,3600.0
2022-02-12 02:00:00,-39.0,-45.9,0.0,0.98,3600.0
2022-02-12 03:00:00,-37.4,-44.0,0.0,0.41,3600.0
2022-02-12 04:00:00,-36.4,-42.9,0.0,0.4,3600.0
2022-02-12 05:00:00,-36.1,-42.1,0.0,0.4,3600.0
2022-02-12 06:00:00,-36.6,-42.3,0.0,0.91,3600.0
2022-02-12 07:00:00,-38.3,-43.0,0.0,0.81,2792.35
2022-02-12 08:00:00,-39.5,-43.7,0.0,0.85,0.0
2022-02-12 09:00:00,-40.2,-44.2,0.0,0.85,0.0
2022-02-12 10:00:00,-40.2,-44.3,0.0,0.85,0.0
2022-02-12 11:00:00,-40.2,-44.5,0.0,0.78,0.0
2022-02-12 12:00:00,-40.9,-45.1,0.0,1.03,0.0
2022-02-12 13:00:00,-42.4,-46.3,0.0,1.84,0.0
2022-02-12 14:00:00,-42.3,-46.3,0.0,1.7,0.0
2022-02-12 15:00:00,-41.6,-46.1,0.0,1.22,0.0
2022-02-12 16:00:00,-41.5,-46.3,0.0,0.95,0.0
2022-02-12 17:00:00,-41.4,-46.5,0.0,0.82,0.0
2022-02-12 18:00:00,-41.3,-46.6,0.0,0.76,0.0
2022-02-12 19:00:00,-41.3,-46.6,0.0,0.81,0.0
2022-02-12 20:00:00,-41.5,-46.5,0.0,0.92,0.0
2022-02-12 21:00:00,-42.5,-47.0,0.0,1.2,0.0
2022-02-12 22:00:00,-42.9,-47.1,0.0,1.22,0.0
2022-02-12 23:00:00,-43.2,-47.5,0.0,1.12,0.0
2022-02-13 00:00:00,-42.4,-47.6,0.0,0.78,3600.0
2022-02-13 01:00:00,-40.8,-46.8,0.0,1.27,3600.0
2022-02-13 02:00:00,-38.4,-45.5,0.0,0.78,3600.0
2022-02-13 03:00:00,-36.8,-43.5,0.0,0.32,3600.0
2022-02-13 04:00:00,-35.8,-42.6,0.0,0.3,3600.0
2022-02-13 05:00:00,-35.4,-41.9,0.0,0.32,3600.0
2022-02-13 06:00:00,-35.8,-41.9,0.0,0.58,3600.0
2022-02-13 07:00:00,-37.3,-42.4,0.0,0.86,2982.25
2022-02-13 08:00:00,-37.9,-42.7,0.0,0.86,0.0
2022-02-13 09:00:00,-38.0,-42.7,0.0,0.71,0.0
2022-02-13 10:00:00,-38.7,-43.3,0.0,0.57,0.0
2022-02-13 11:00:00,-39.7,-44.1,0.0,0.71,0.0
2022-02-13 12:00:00,-41.0,-45.3,0.0,0.92,0.0
2022-02-13 13:00:00,-41.8,-46.0,0.0,1.35,0.0
2022-02-13 14:00:00,-41.5,-45.9,0.0,1.06,0.0
2022-02-13 15:00:00,-41.0,-45.9,0.0,0.72,0.0
2022-02-13 16:00:00,-41.1,-46.2,0.0,0.86,0.0
2022-02-13 17:00:00,-41.9,-46.8,0.0,1.22,0.0
2022-02-13 18:00:00,-42.7,-47.5,0.0,1.42,0.0
2022-02-13 19:00:00,-43.1,-47.9,0.0,1.36,0.0
2022-02-13 20:00:00,-42.8,-48.0,0.0,1.03,0.0
2022-02-13 21:00:00,-42.5,-48.2,0.0,0.85,0.0
2022-02-13 22:00:00,-42.4,-48.5,0.0,0.76,0.0
2022-02-13 23:00:00,-42.4,-48.5,0.0,0.92,444.73
2022-02-14 00:00:00,-43.4,-49.3,0.0,0.92,3600.0
2022-02-14 01:00:00,-42.3,-48.7,0.0,1.3,3600.0
2022-02-14 02:00:00,-40.2,-47.3,0.0,0.94,3600.0
2022-02-14 03:00:00,-38.5,-45.5,0.0,0.36,3600.0
2022-02-14 04:00:00,-37.3,-44.2,0.0,0.36,3600.0
2022-02-14 05:00:00,-36.9,-43.7,0.0,0.28,3600.0
2022-02-14 06:00:00,-37.3,-43.4,0.0,0.41,3600.0
2022-02-14 07:00:00,-38.3,-43.4,0.0,0.51,3172.44
2022-02-14 08:00:00,-39.6,-43.9,0.0,0.63,0.0
2022-02-14 09:00:00,-40.9,-44.9,0.0,0.85,0.0
2022-02-14 10:00:00,-41.7,-45.7,0.0,0.92,0.0
2022-02-14 11:00:00,-42.4,-46.5,0.0,1.06,0.0
2022-02-14 12:00:00,-43.3,-47.4,0.0,1.42,0.0
2022-02-14 13:00:00,-43.0,-47.4,0.0,1.3,0.0
2022-02-14 14:00:00,-43.9,-48.6,0.0,1.39,0.0
2022-02-14 15:00:00,-44.1,-49.0,0.0,1.39,0.0
2022-02-14 16:00:00,-45.2,-49.8,0.0,1.56,0.0
2022-02-14 17:00:00,-45.3,-50.0,0.0,1.44,0.0
2022-02-14 18:00:00,-44.0,-49.3,0.0,1.21,0.0
2022-02-14 19:00:00,-43.8,-49.4,0.0,1.17,0.0
2022-02-14 20:00:00,-44.3,-49.6,0.0,1.28,0.0
2022-02-14 21:00:00,-46.3,-50.8,0.0,1.44,0.0
2022-02-14 22:00:00,-46.8,-51.2,0.0,1.44,0.0
2022-02-14 23:00:00,-46.6,-51.0,0.0,1.35,943.22
2022-02-15 00:00:00,-45.5,-51.0,0.0,1.61,3600.0
2022-02-15 01:00:00,-43.2,-49.6,0.0,1.2,3600.0
2022-02-15 02:00:00,-40.8,-47.3,0.0,0.45,3600.0
2022-02-15 03:00:00,-39.0,-45.7,0.0,0.32,3600.0
2022-02-15 04:00:00,-37.7,-44.5,0.0,0.2,3600.0
2022-02-15 05:00:00,-37.0,-43.8,0.0,0.2,3600.0
2022-02-15 06:00:00,-37.4,-43.6,0.0,0.1,3600.0
2022-02-15 07:00:00,-38.2,-43.4,0.0,0.3,3362.78
2022-02-15 08:00:00,-41.6,-45.4,0.0,0.81,0.0
2022-02-15 09:00:00,-42.3,-45.8,0.0,1.14,0.0
2022-02-15 10:00:00,-42.7,-46.4,0.0,1.14,0.0
2022-02-15 11:00:00,-43.4,-47.2,0.0,1.27,0.0
2022-02-15 12:00:00,-43.3,-47.2,0.0,1.03,0.0
2022-02-15 13:00:00,-46.3,-49.8,0.0,1.77,0.0
2022-02-15 14:00:00,-45.0,-49.3,0.0,1.25,0.0
2022-02-15 15:00:00,-44.6,-49.4,0.0,1.17,0.0
2022-02-15 16:00:00,-44.9,-49.7,0.0,1.22,0.0
2022-02-15 17:00:00,-44.7,-49.8,0.0,1.17,0.0
2022-02-15 18:00:00,-45.2,-50.4,0.0,1.08,0.0
2022-02-15 19:00:00,-45.3,-50.6,0.0,1.03,0.0
2022-02-15 20:00:00,-46.2,-51.1,0.0,1.17,0.0
2022-02-15 21:00:00,-46.7,-51.4,0.0,1.21,0.0
2022-02-15 22:00:00,-46.8,-51.6,0.0,1.22,0.0
2022-02-15 23:00:00,-46.4,-51.2,0.0,1.06,833.38
2022-02-16 00:00:00,-45.3,-50.7,0.0,1.39,3600.0
2022-02-16 01:00:00,-43.8,-50.3,0.0,1.08,3600.0
2022-02-16 02:00:00,-41.2,-48.3,0.0,0.86,3600.0
2022-02-16 03:00:00,-39.2,-46.2,0.0,0.3,3600.0
2022-02-16 04:00:00,-37.8,-44.7,0.0,0.36,3600.0
2022-02-16 05:00:00,-37.2,-43.8,0.0,0.36,3600.0
2022-02-16 06:00:00,-37.7,-43.6,0.0,0.51,3600.0
2022-02-16 07:00:00,-38.4,-43.5,0.0,0.64,3553.12
2022-02-16 08:00:00,-38.9,-43.7,0.0,0.4,0.0
2022-02-16 09:00:00,-39.1,-43.8,0.0,0.28,0.0
2022-02-16 10:00:00,-39.3,-44.0,0.0,0.36,0.0
2022-02-16 11:00:00,-41.5,-45.7,0.0,1.06,0.0
2022-02-16 12:00:00,-41.9,-46.0,0.0,1.08,0.0
2022-02-16 13:00:00,-42.3,-46.6,0.0,1.22,0.0
2022-02-16 14:00:00,-42.1,-46.9,0.0,1.08,0.0
2022-02-16 15:00:00,-42.3,-47.4,0.0,0.91,0.0
2022-02-16 16:00:00,-42.6,-47.8,0.0,0.71,0.0
2022-02-16 17:00:00,-42.5,-47.9,0.0,0.61,0.0
2022-02-16 18:00:00,-43.3,-48.5,0.0,0.9,0.0
2022-02-16 19:00:00,-45.0,-49.6,0.0,1.22,0.0
2022-02-16 20:00:00,-45.4,-49.8,0.0,1.46,0.0
2022-02-16 21:00:00,-45.8,-50.2,0.0,1.43,0.0
2022-02-16 22:00:00,-46.0,-50.5,0.0,1.39,0.0
2022-02-16 23:00:00,-45.4,-50.1,0.0,1.08,1319.16
2022-02-17 00:00:00,-44.0,-49.2,0.0,1.17,3600.0
2022-02-17 01:00:00,-42.3,-48.5,0.0,0.98,3600.0
2022-02-17 02:00:00,-40.1,-46.1,0.0,0.67,3600.0
2022-02-17 03:00:00,-38.1,-44.3,0.0,0.1,3600.0
2022-02-17 04:00:00,-36.8,-42.6,0.0,0.0,3600.0
2022-02-17 05:00:00,-36.1,-41.6,0.0,0.0,3600.0
2022-02-17 06:00:00,-36.8,-41.5,0.0,0.28,3600.0
2022-02-17 07:00:00,-37.8,-41.5,0.0,0.22,3600.0
2022-02-17 08:00:00,-38.2,-41.9,0.0,0.32,0.0
2022-02-17 09:00:00,-39.6,-43.2,0.0,0.72,0.0
2022-02-17 10:00:00,-41.1,-44.7,0.0,1.17,0.0
2022-02-17 11:00:00,-41.3,-45.1,0.0,1.22,0.0
2022-02-17 12:00:00,-41.4,-45.7,0.0,1.27,0.0
2022-02-17 13:00:00,-42.6,-46.9,0.0,1.3,0.0
2022-02-17 14:00:00,-43.3,-47.7,0.0,1.53,0.0
2022-02-17 15:00:00,-41.3,-46.4,0.0,1.0,0.0
2022-02-17 16:00:00,-40.9,-46.3,0.0,0.61,0.0
2022-02-17 17:00:00,-40.7,-46.4,0.0,0.6,0.0
2022-02-17 18:00:00,-41.5,-46.8,0.0,0.8,0.0
2022-02-17 19:00:00,-41.9,-46.8,0.0,0.82,0.0
2022-02-17 20:00:00,-43.2,-47.8,0.0,1.04,0.0
2022-02-17 21:00:00,-43.4,-48.1,0.0,1.08,0.0
2022-02-17 22:00:00,-43.6,-48.5,0.0,1.04,0.0
2022-02-17 23:00:00,-43.7,-48.7,0.0,0.95,2330.53
2022-02-18 00:00:00,-41.4,-46.4,0.0,0.72,3600.0
2022-02-18 01:00:00,-39.9,-45.4,0.0,0.86,3600.0
2022-02-18 02:00:00,-37.4,-43.1,0.0,0.5,3600.0
2022-02-18 03:00:00,-35.5,-41.2,0.0,0.28,3600.0
2022-02-18 04:00:00,-34.0,-39.5,0.0,0.22,3600.0
2022-02-18 05:00:00,-33.4,-38.6,0.0,0.2,3600.0
2022-02-18 06:00:00,-34.4,-38.7,0.0,0.22,3600.0
2022-02-18 07:00:00,-36.1,-39.6,0.0,0.41,3600.0
2022-02-18 08:00:00,-37.1,-40.3,0.0,0.73,0.0
2022-02-18 09:00:00,-38.4,-41.8,0.0,1.06,0.0
2022-02-18 10:00:00,-39.2,-42.6,0.0,1.28,0.0
2022-02-18 11:00:00,-39.7,-43.2,0.0,1.42,0.0
2022-02-18 12:00:00,-39.9,-44.0,0.0,1.41,0.0
2022-02-18 13:00:00,-41.4,-45.4,0.0,1.58,0.0
2022-02-18 14:00:00,-41.6,-45.8,0.0,1.48,0.0
2022-02-18 15:00:00,-42.2,-46.3,0.0,1.48,0.0
2022-02-18 16:00:00,-41.8,-46.1,0.0,1.36,0.0
2022-02-18 17:00:00,-41.8,-46.2,0.0,1.3,0.0
2022-02-18 18:00:00,-41.6,-46.3,0.0,1.3,0.0
2022-02-18 19:00:00,-40.7,-46.1,0.0,1.02,0.0
2022-02-18 20:00:00,-40.5,-46.5,0.0,0.92,0.0
2022-02-18 21:00:00,-40.5,-46.6,0.0,0.98,0.0
2022-02-18 22:00:00,-40.9,-46.9,0.0,1.17,0.0
2022-02-18 23:00:00,-41.6,-47.4,0.0,1.02,2531.34
2022-02-19 00:00:00,-40.9,-47.4,0.0,0.78,3600.0
2022-02-19 01:00:00,-38.9,-45.9,0.0,0.71,3600.0
2022-02-19 02:00:00,-36.7,-43.7,0.0,0.3,3600.0
2022-02-19 03:00:00,-34.6,-41.8,0.0,0.0,3600.0
2022-02-19 04:00:00,-33.2,-40.9,0.0,0.1,3600.0
2022-02-19 05:00:00,-32.6,-39.5,0.0,0.14,3600.0
2022-02-19 06:00:00,-33.0,-38.6,0.0,0.41,3600.0
2022-02-19 07:00:00,-33.9,-38.6,0.0,0.36,3600.0
2022-02-19 08:00:00,-34.5,-38.8,0.0,0.2,0.0
2022-02-19 09:00:00,-34.7,-39.0,0.0,0.14,0.0
2022-02-19 10:00:00,-35.0,-39.5,0.0,0.2,0.0
2022-02-19 11:00:00,-35.3,-40.1,0.0,0.41,0.0
2022-02-19 12:00:00,-38.0,-42.4,0.0,0.89,0.0
2022-02-19 13:00:00,-38.7,-42.8,0.0,1.14,0.0
2022-02-19 14:00:00,-39.9,-43.9,0.0,1.3,0.0
2022-02-19 15:00:00,-40.4,-44.4,0.0,1.3,0.0
2022-02-19 16:00:00,-40.6,-44.6,0.0,1.21,0.0
2022-02-19 17:00:00,-40.0,-44.5,0.0,0.98,0.0
2022-02-19 18:00:00,-40.0,-44.9,0.0,0.98,0.0
2022-02-19 19:00:00,-40.3,-45.2,0.0,0.92,0.0
2022-02-19 20:00:00,-40.4,-45.5,0.0,0.82,0.0
2022-02-19 21:00:00,-40.6,-45.6,0.0,0.82,0.0
2022-02-19 22:00:00,-40.8,-45.8,0.0,0.81,0.0
2022-02-19 23:00:00,-41.0,-45.8,0.0,0.82,2733.15
2022-02-20 00:00:00,-41.8,-47.2,0.0,1.14,3600.0
2022-02-20 01:00:00,-39.6,-45.4,0.0,1.14,3600.0
2022-02-20 02:00:00,-37.1,-43.2,0.0,0.64,3600.0
2022-02-20 03:00:00,-35.1,-41.3,0.0,0.5,3600.0
2022-02-20 04:00:00,-33.6,-39.9,0.0,0.41,3600.0
2022-02-20 05:00:00,-32.9,-39.0,0.0,0.4,3600.0
2022-02-20 06:00:00,-33.2,-38.7,0.0,0.51,3600.0
2022-02-20 07:00:00,-34.3,-38.9,0.0,0.7,3600.0
2022-02-20 08:00:00,-36.0,-39.7,0.0,0.81,0.0
2022-02-20 09:00:00,-36.9,-40.5,0.0,0.98,0.0
2022-02-20 10:00:00,-37.9,-41.6,0.0,1.22,0.0
2022-02-20 11:00:00,-39.0,-42.6,0.0,1.41,0.0
2022-02-20 12:00:00,-40.9,-44.8,0.0,1.71,0.0
2022-02-20 13:00:00,-43.1,-46.5,0.0,2.14,0.0
2022-02-20 14:00:00,-43.9,-47.1,0.0,2.2,0.0
2022-02-20 15:00:00,-41.7,-45.4,0.0,1.7,0.0
2022-02-20 16:00:00,-41.6,-45.7,0.0,1.43,0.0
2022-02-20 17:00:00,-41.9,-45.9,0.0,1.48,0.0
2022-02-20 18:00:00,-42.2,-46.2,0.0,1.56,0.0
2022-02-20 19:00:00,-42.7,-46.6,0.0,1.64,0.0
2022-02-20 20:00:00,-43.2,-47.1,0.0,1.64,0.0
2022-02-20 21:00:00,-44.1,-47.8,0.0,1.78,0.0
2022-02-20 22:00:00,-43.9,-47.7,0.0,1.77,0.0
2022-02-20 23:00:00,-45.2,-49.0,0.0,1.7,2935.81
2022-02-21 00:00:00,-42.3,-47.3,0.0,1.4,3600.0
2022-02-21 01:00:00,-40.0,-46.7,0.0,1.64,3600.0
2022-02-21 02:00:00,-37.4,-44.3,0.0,0.64,3600.0
2022-02-21 03:00:00,-35.7,-42.3,0.0,0.5,3600.0
2022-02-21 04:00:00,-34.5,-41.0,0.0,0.45,3600.0
2022-02-21 05:00:00,-34.0,-40.2,0.0,0.5,3600.0
2022-02-21 06:00:00,-35.0,-39.7,0.0,0.85,3600.0
2022-02-21 07:00:00,-36.0,-40.9,0.0,1.14,3600.0
2022-02-21 08:00:00,-37.9,-42.1,0.0,1.68,112.63
2022-02-21 09:00:00,-39.7,-43.4,0.0,2.38,0.0
2022-02-21 10:00:00,-40.3,-43.9,0.0,2.31,0.0
2022-02-21 11:00:00,-39.8,-43.5,0.0,2.1,0.0
2022-02-21 12:00:00,-40.2,-44.5,0.0,1.63,0.0
2022-02-21 13:00:00,-40.0,-44.4,0.0,2.12,0.0
2022-02-21 14:00:00,-40.3,-44.7,0.0,1.94,0.0
2022-02-21 15:00:00,-40.8,-45.1,0.0,1.44,0.0
2022-02-21 16:00:00,-41.0,-45.4,0.0,1.36,0.0
2022-02-21 17:00:00,-41.2,-45.6,0.0,1.44,0.0
2022-02-21 18:00:00,-41.4,-45.6,0.0,1.14,0.0
2022-02-21 19:00:00,-41.6,-45.7,0.0,1.21,0.0
2022-02-21 20:00:00,-41.8,-45.7,0.0,1.13,0.0
2022-02-21 21:00:00,-41.9,-45.7,0.0,1.03,0.0
2022-02-21 22:00:00,-42.1,-45.7,0.0,1.08,0.0
2022-02-21 23:00:00,-42.6,-46.3,0.0,1.56,3139.12
2022-02-22 00:00:00,-42.5,-47.4,0.0,1.43,3600.0
2022-02-22 01:00:00,-40.0,-47.0,0.0,1.3,3600.0
2022-02-22 02:00:00,-37.8,-44.0,0.0,0.81,3600.0
2022-02-22 03:00:00,-36.1,-42.2,0.0,0.54,3600.0
2022-02-22 04:00:00,-34.9,-41.0,0.0,0.45,3600.0
2022-02-22 05:00:00,-34.3,-40.2,0.0,0.36,3600.0
2022-02-22 06:00:00,-34.3,-40.2,0.0,0.5,3600.0
2022-02-22 07:00:00,-36.2,-41.0,0.0,0.73,3600.0
2022-02-22 08:00:00,-38.4,-42.4,0.0,1.25,15.77
2022-02-22 09:00:00,-39.0,-42.9,0.0,1.3,0.0
2022-02-22 10:00:00,-39.4,-43.2,0.0,1.28,0.0
2022-02-22 11:00:00,-39.9,-43.7,0.0,1.27,0.0
2022-02-22 12:00:00,-40.5,-44.7,0.0,1.2,0.0
2022-02-22 13:00:00,-43.0,-46.5,0.0,2.08,0.0
2022-02-22 14:00:00,-43.5,-46.8,0.0,1.98,0.0
2022-02-22 15:00:00,-43.1,-46.6,0.0,1.5,0.0
2022-02-22 16:00:00,-44.5,-47.9,0.0,2.11,0.0
2022-02-22 17:00:00,-42.6,-46.3,0.0,1.35,0.0
2022-02-22 18:00:00,-42.3,-46.4,0.0,0.7,0.0
2022-02-22 19:00:00,-42.3,-46.5,0.0,0.5,0.0
2022-02-22 20:00:00,-42.1,-46.4,0.0,0.36,0.0
2022-02-22 21:00:00,-41.8,-46.4,0.0,0.32,0.0
2022-02-22 22:00:00,-44.0,-48.0,0.0,1.36,0.0
2022-02-22 23:00:00,-44.3,-48.4,0.0,1.06,3342.9
2022-02-23 00:00:00,-42.2,-48.5,0.0,1.3,3600.0
2022-02-23 01:00:00,-39.6,-47.3,0.0,1.3,3600.0
2022-02-23 02:00:00,-37.4,-44.4,0.0,0.73,3600.0
2022-02-23 03:00:00,-35.6,-42.4,0.0,0.6,3600.0
2022-02-23 04:00:00,-34.4,-41.0,0.0,0.5,3600.0
2022-02-23 05:00:00,-33.7,-40.1,0.0,0.73,3600.0
2022-02-23 06:00:00,-34.1,-39.2,0.0,0.63,3600.0
2022-02-23 07:00:00,-36.0,-40.6,0.0,1.49,3600.0
2022-02-23 08:00:00,-37.4,-41.4,0.0,1.58,480.52
2022-02-23 09:00:00,-39.1,-42.6,0.0,1.8,0.0
2022-02-23 10:00:00,-40.4,-43.8,0.0,2.15,0.0
2022-02-23 11:00:00,-40.6,-44.0,0.0,2.12,0.0
2022-02-23 12:00:00,-39.8,-43.6,0.0,1.43,0.0
2022-02-23 13:00:00,-39.2,-43.4,0.0,1.62,0.0
2022-02-23 14:00:00,-39.6,-44.0,0.0,1.44,0.0
2022-02-23 15:00:00,-40.3,-44.7,0.0,1.8,0.0
2022-02-23 16:00:00,-41.5,-45.6,0.0,1.9,0.0
2022-02-23 17:00:00,-41.1,-45.6,0.0,1.66,0.0
2022-02-23 18:00:00,-41.5,-46.0,0.0,1.42,0.0
2022-02-23 19:00:00,-41.4,-46.3,0.0,0.76,0.0
2022-02-23 20:00:00,-41.1,-46.3,0.0,0.54,0.0
2022-02-23 21:00:00,-41.2,-46.5,0.0,1.06,0.0
2022-02-23 22:00:00,-43.6,-47.9,0.0,1.63,0.0
2022-02-23 23:00:00,-43.2,-47.5,0.0,0.86,3546.97
2022-02-24 00:00:00,-41.5,-47.5,0.0,0.95,3600.0
2022-02-24 01:00:00,-39.2,-46.6,0.0,0.63,3600.0
2022-02-24 02:00:00,-37.1,-44.2,0.0,0.32,3600.0
2022-02-24 03:00:00,-35.2,-42.8,0.0,0.32,3600.0
2022-02-24 04:00:00,-34.0,-42.6,0.0,0.45,3600.0
2022-02-24 05:00:00,-33.2,-41.4,0.0,0.3,3600.0
2022-02-24 06:00:00,-33.7,-39.5,0.0,0.32,3600.0
2022-02-24 07:00:00,-35.5,-40.7,0.0,0.42,3600.0
2022-02-24 08:00:00,-37.0,-41.3,0.0,0.41,381.88
2022-02-24 09:00:00,-39.2,-42.8,0.0,1.36,0.0
2022-02-24 10:00:00,-40.1,-43.4,0.0,1.53,0.0
2022-02-24 11:00:00,-40.6,-43.9,0.0,1.39,0.0
2022-02-24 12:00:00,-39.6,-43.3,0.0,1.03,0.0
2022-02-24 13:00:00,-41.0,-44.5,0.0,1.53,0.0
2022-02-24 14:00:00,-41.3,-45.0,0.0,1.49,0.0
2022-02-24 15:00:00,-41.3,-45.3,0.0,1.33,0.0
2022-02-24 16:00:00,-40.0,-44.6,0.0,1.02,0.0
2022-02-24 17:00:00,-40.0,-44.9,0.0,1.12,0.0
2022-02-24 18:00:00,-41.3,-46.0,0.0,1.43,0.0
2022-02-24 19:00:00,-42.5,-47.0,0.0,1.58,0.0
2022-02-24 20:00:00,-42.7,-47.2,0.0,1.36,0.0
2022-02-24 21:00:00,-41.9,-46.9,0.0,0.92,0.0
2022-02-24 22:00:00,-42.7,-47.5,0.0,1.34,0.0
2022-02-24 23:00:00,-41.4,-46.0,0.0,0.92,3600.0
2022-02-25 00:00:00,-39.7,-44.2,0.0,1.36,3600.0
2022-02-25 01:00:00,-37.6,-42.0,0.0,0.73,3600.0
2022-02-25 02:00:00,-35.0,-39.7,0.0,0.61,3600.0
2022-02-25 03:00:00,-32.9,-37.2,0.0,0.36,3600.0
2022-02-25 04:00:00,-31.0,-35.2,0.0,0.28,2145.98
2022-02-25 05:00:00,-30.1,-34.0,0.0,0.63,0.0
2022-02-25 06:00:00,-29.5,-33.3,0.1,0.2,0.0
2022-02-25 07:00:00,-29.5,-33.1,0.1,0.8,0.0
2022-02-25 08:00:00,-30.1,-33.1,0.1,1.12,0.0
2022-02-25 09:00:00,-30.2,-33.0,0.1,1.75,0.0
2022-02-25 10:00:00,-30.3,-33.1,0.2,2.1,0.0
2022-02-25 11:00:00,-30.3,-33.2,0.1,1.27,0.0
2022-02-25 12:00:00,-30.8,-33.8,0.1,1.27,0.0
2022-02-25 13:00:00,-31.8,-34.7,0.0,1.94,0.0
2022-02-25 14:00:00,-32.5,-35.5,0.0,2.26,0.0
2022-02-25 15:00:00,-32.7,-36.0,0.0,1.53,0.0
2022-02-25 16:00:00,-32.6,-36.2,0.0,1.43,0.0
2022-02-25 17:00:00,-32.9,-36.5,0.0,1.63,0.0
2022-02-25 18:00:00,-33.1,-36.9,0.0,1.49,0.0
2022-02-25 19:00:00,-33.0,-37.1,0.0,1.02,0.0
2022-02-25 20:00:00,-32.6,-36.8,0.0,1.33,0.0
2022-02-25 21:00:00,-32.1,-36.1,0.0,1.08,0.0
2022-02-25 22:00:00,-32.0,-35.9,0.0,0.54,0.0
2022-02-25 23:00:00,-31.1,-35.4,0.0,1.0,0.0
2022-02-26 00:00:00,-29.3,-33.8,0.0,0.71,3127.7
2022-02-26 01:00:00,-27.1,-32.4,0.0,0.63,3600.0
2022-02-26 02:00:00,-24.9,-30.0,0.0,0.36,3600.0
2022-02-26 03:00:00,-23.4,-28.6,0.0,0.64,2542.85
2022-02-26 04:00:00,-22.3,-27.6,0.0,0.76,3600.0
2022-02-26 05:00:00,-21.7,-26.9,0.0,0.67,3600.0
2022-02-26 06:00:00,-22.0,-26.1,0.0,0.72,3600.0
2022-02-26 07:00:00,-22.3,-26.6,0.0,1.0,0.0
2022-02-26 08:00:00,-22.6,-26.5,0.0,0.9,0.0
2022-02-26 09:00:00,-22.7,-26.7,0.0,0.91,0.0
2022-02-26 10:00:00,-22.8,-26.9,0.0,0.81,0.0
2022-02-26 11:00:00,-23.2,-27.2,0.0,0.81,0.0
2022-02-26 12:00:00,-23.9,-27.0,0.0,1.12,0.0
2022-02-26 13:00:00,-24.6,-26.8,0.0,1.3,0.0
2022-02-26 14:00:00,-25.5,-26.7,0.0,1.35,0.0
2022-02-26 15:00:00,-26.3,-27.5,0.0,1.35,0.0
2022-02-26 16:00:00,-27.0,-28.3,0.0,1.17,0.0
2022-02-26 17:00:00,-27.4,-28.7,0.0,1.08,0.0
2022-02-26 18:00:00,-27.6,-29.0,0.0,0.63,0.0
2022-02-26 19:00:00,-28.2,-31.1,0.0,0.5,0.0
2022-02-26 20:00:00,-29.3,-32.4,0.0,0.61,0.0
2022-02-26 21:00:00,-30.4,-33.7,0.0,0.3,0.0
2022-02-26 22:00:00,-31.2,-34.6,0.0,0.3,0.0
2022-02-26 23:00:00,-30.7,-34.9,0.0,0.86,355.08
2022-02-27 00:00:00,-29.1,-34.0,0.0,1.3,3600.0
2022-02-27 01:00:00,-26.2,-32.0,0.0,1.04,3600.0
2022-02-27 02:00:00,-23.9,-29.5,0.0,0.82,3600.0
2022-02-27 03:00:00,-22.2,-27.9,0.0,0.92,1874.95
2022-02-27 04:00:00,-21.1,-26.6,0.1,0.91,490.6
2022-02-27 05:00:00,-20.4,-25.8,0.0,0.92,1281.55
2022-02-27 06:00:00,-20.3,-25.2,0.0,0.82,1993.41
2022-02-27 07:00:00,-22.0,-25.3,0.1,1.52,0.0
2022-02-27 08:00:00,-22.5,-25.9,0.0,1.71,0.0
2022-02-27 09:00:00,-22.7,-26.1,0.0,1.91,0.0
2022-02-27 10:00:00,-22.4,-25.7,0.0,1.8,0.0
2022-02-27 11:00:00,-22.2,-25.5,0.0,1.77,0.0
2022-02-27 12:00:00,-23.7,-26.9,0.0,1.35,0.0
2022-02-27 13:00:00,-23.5,-26.9,0.0,1.52,0.0
2022-02-27 14:00:00,-23.9,-27.1,0.0,1.71,0.0
2022-02-27 15:00:00,-24.3,-27.2,0.0,2.01,0.0
2022-02-27 16:00:00,-25.5,-27.9,0.0,2.33,0.0
2022-02-27 17:00:00,-26.5,-28.5,0.0,2.53,0.0
2022-02-27 18:00:00,-26.0,-27.8,0.0,2.47,0.0
2022-02-27 19:00:00,-26.4,-28.5,0.1,2.6,0.0
2022-02-27 20:00:00,-25.7,-28.0,0.1,2.43,0.0
2022-02-27 21:00:00,-25.1,-27.5,0.1,2.12,0.0
2022-02-27 22:00:00,-24.6,-27.0,0.1,1.94,0.0
2022-02-27 23:00:00,-23.0,-25.6,0.1,1.41,0.0
2022-02-28 00:00:00,-22.0,-25.2,0.1,1.7,0.0
2022-02-28 01:00:00,-20.3,-24.5,0.1,1.5,0.0
2022-02-28 02:00:00,-19.0,-23.5,0.1,1.6,27.45
2022-02-28 03:00:00,-17.8,-22.7,0.1,1.61,759.47
2022-02-28 04:00:00,-17.0,-22.0,0.1,1.7,54.28
2022-02-28 05:00:00,-16.4,-21.3,0.1,1.7,0.0
2022-02-28 06:00:00,-16.1,-20.8,0.1,1.5,0.0
2022-02-28 07:00:00,-16.5,-20.3,0.1,1.24,0.0
2022-02-28 08:00:00,-17.8,-20.9,0.1,1.5,0.0
2022-02-28 09:00:00,-18.7,-21.5,0.1,1.94,0.0
2022-02-28 10:00:00,-19.7,-22.3,0.1,2.06,0.0
2022-02-28 11:00:00,-20.0,-22.4,0.1,1.92,0.0
2022-02-28 12:00:00,-20.4,-22.7,0.1,1.97,0.0
2022-02-28 13:00:00,-21.9,-24.0,0.1,2.16,0.0
2022-02-28 14:00:00,-22.5,-24.5,0.0,2.16,0.0
2022-02-28 15:00:00,-23.0,-24.8,0.0,2.12,0.0
2022-02-28 16:00:00,-23.3,-25.2,0.0,2.26,0.0
2022-02-28 17:00:00,-24.1,-26.2,0.0,2.31,0.0
2022-02-28 18:00:00,-23.6,-25.6,0.0,2.28,0.0
2022-02-28 19:00:00,-23.4,-25.6,0.0,1.99,0.0
2022-02-28 20:00:00,-23.6,-25.8,0.0,1.88,0.0
2022-02-28 21:00:00,-24.4,-26.4,0.0,1.62,0.0
2022-02-28 22:00:00,-25.3,-27.2,0.0,1.61,0.0
2022-02-28 23:00:00,-25.9,-27.8,0.0,1.64,3600.0
2022-03-01 00:00:00,-23.9,-27.3,0.0,0.98,3600.0
2022-03-01 01:00:00,-21.3,-26.5,0.0,0.41,3600.0
2022-03-01 02:00:00,-19.5,-25.2,0.0,0.42,3600.0
2022-03-01 03:00:00,-18.3,-24.5,0.0,0.42,3600.0
2022-03-01 04:00:00,-17.5,-24.1,0.0,0.0,3600.0
2022-03-01 05:00:00,-17.3,-22.5,0.0,0.32,3600.0
2022-03-01 06:00:00,-17.6,-23.5,0.0,0.86,3600.0
2022-03-01 07:00:00,-19.5,-24.0,0.0,1.61,3600.0
2022-03-01 08:00:00,-19.5,-24.1,0.0,1.8,0.0
2022-03-01 09:00:00,-19.7,-24.0,0.0,1.92,0.0
2022-03-01 10:00:00,-21.2,-24.6,0.0,1.48,0.0
2022-03-01 11:00:00,-22.6,-25.1,0.0,1.0,0.0
2022-03-01 12:00:00,-24.1,-25.3,0.0,0.78,0.0
2022-03-01 13:00:00,-25.6,-26.8,0.0,0.3,0.0
2022-03-01 14:00:00,-26.8,-28.0,0.0,0.63,0.0
2022-03-01 15:00:00,-27.7,-29.0,0.0,0.86,0.0
2022-03-01 16:00:00,-28.4,-29.8,0.0,1.14,0.0
2022-03-01 17:00:00,-28.9,-31.4,0.0,1.41,0.0
2022-03-01 18:00:00,-29.4,-32.0,0.0,1.33,0.0
2022-03-01 19:00:00,-29.7,-32.8,0.0,1.08,0.0
2022-03-01 20:00:00,-30.0,-33.4,0.0,1.04,0.0
2022-03-01 21:00:00,-30.3,-34.0,0.0,1.12,0.0
2022-03-01 22:00:00,-30.6,-34.7,0.0,0.85,0.0
2022-03-01 23:00:00,-29.7,-34.8,0.0,0.67,0.0
2022-03-02 00:00:00,-28.2,-33.2,0.0,0.32,1139.06
2022-03-02 01:00:00,-25.9,-32.9,0.0,0.71,3600.0
2022-03-02 02:00:00,-23.8,-30.6,0.0,0.61,3600.0
2022-03-02 03:00:00,-22.2,-28.9,0.0,0.54,3600.0
2022-03-02 04:00:00,-21.1,-27.9,0.0,0.58,3600.0
2022-03-02 05:00:00,-20.6,-26.7,0.0,0.45,3600.0
2022-03-02 06:00:00,-20.6,-27.4,0.0,0.7,3600.0
2022-03-02 07:00:00,-22.9,-27.6,0.0,1.68,3600.0
2022-03-02 08:00:00,-24.0,-28.3,0.0,2.15,0.0
2022-03-02 09:00:00,-24.1,-28.4,0.0,2.06,0.0
2022-03-02 10:00:00,-25.1,-29.1,0.0,2.28,0.0
2022-03-02 11:00:00,-26.3,-29.7,0.0,2.52,0.0
2022-03-02 12:00:00,-27.0,-30.0,0.0,2.68,0.0
2022-03-02 13:00:00,-26.7,-29.3,0.0,2.59,0.0
2022-03-02 14:00:00,-30.3,-32.1,0.0,2.92,0.0
2022-03-02 15:00:00,-28.9,-30.7,0.0,2.69,0.0
2022-03-02 16:00:00,-29.2,-31.0,0.0,2.57,0.0
2022-03-02 17:00:00,-29.4,-31.2,0.0,2.24,0.0
2022-03-02 18:00:00,-29.7,-31.4,0.0,2.06,0.0
2022-03-02 19:00:00,-29.9,-31.7,0.0,2.0,0.0
2022-03-02 20:00:00,-30.2,-32.2,0.0,2.1,0.0
2022-03-02 21:00:00,-30.1,-32.3,0.0,1.91,0.0
2022-03-02 22:00:00,-30.5,-33.0,0.0,1.84,0.0
2022-03-02 23:00:00,-30.0,-32.7,0.0,1.66,95.77
2022-03-03 00:00:00,-28.7,-33.0,0.0,0.95,2145.21
2022-03-03 01:00:00,-26.6,-32.0,0.0,0.36,3600.0
2022-03-03 02:00:00,-24.3,-30.0,0.0,0.0,3600.0
2022-03-03 03:00:00,-22.5,-28.5,0.0,0.22,3600.0
2022-03-03 04:00:00,-21.4,-27.5,0.1,0.4,3600.0
2022-03-03 05:00:00,-20.7,-26.8,0.1,0.28,3217.88
2022-03-03 06:00:00,-20.6,-24.9,0.0,0.28,640.2
2022-03-03 07:00:00,-22.0,-26.1,0.0,0.82,0.62
2022-03-03 08:00:00,-21.9,-26.3,0.0,0.67,254.0
2022-03-03 09:00:00,-22.4,-26.7,0.0,1.14,0.0
2022-03-03 10:00:00,-23.9,-27.7,0.0,1.63,0.0
2022-03-03 11:00:00,-24.0,-27.8,0.0,1.36,0.0
2022-03-03 12:00:00,-26.9,-30.1,0.0,1.53,0.0
2022-03-03 13:00:00,-26.9,-29.8,0.0,1.71,0.0
2022-03-03 14:00:00,-26.8,-29.7,0.0,1.73,0.0
2022-03-03 15:00:00,-27.5,-30.3,0.0,1.62,0.0
2022-03-03 16:00:00,-29.6,-32.4,0.0,1.87,0.0
2022-03-03 17:00:00,-30.1,-33.3,0.0,1.8,0.0
2022-03-03 18:00:00,-30.1,-33.6,0.0,1.53,0.0
2022-03-03 19:00:00,-29.6,-33.5,0.0,1.49,0.0
2022-03-03 20:00:00,-29.6,-33.5,0.0,1.21,0.0
2022-03-03 21:00:00,-30.3,-34.4,0.0,0.72,0.0
2022-03-03 22:00:00,-31.3,-35.6,0.0,0.58,289.75
2022-03-03 23:00:00,-30.3,-35.6,0.0,0.54,3600.0
2022-03-04 00:00:00,-28.6,-35.2,0.0,0.51,3600.0
2022-03-04 01:00:00,-25.3,-32.7,0.0,0.32,3600.0
2022-03-04 02:00:00,-23.0,-29.6,0.0,0.51,3600.0
2022-03-04 03:00:00,-21.0,-27.5,0.0,0.5,3600.0
2022-03-04 04:00:00,-19.7,-26.0,0.0,0.57,3600.0
2022-03-04 05:00:00,-19.0,-25.0,0.0,0.72,3600.0
2022-03-04 06:00:00,-19.8,-24.2,0.0,0.78,3600.0
2022-03-04 07:00:00,-19.8,-24.7,0.0,1.0,3600.0
2022-03-04 08:00:00,-20.6,-25.1,0.0,1.2,2922.17
2022-03-04 09:00:00,-21.1,-25.5,0.0,1.39,0.0
2022-03-04 10:00:00,-21.8,-26.0,0.0,1.51,0.0
2022-03-04 11:00:00,-23.0,-26.7,0.0,1.46,0.0
2022-03-04 12:00:00,-24.5,-26.9,0.0,1.0,0.0
2022-03-04 13:00:00,-26.5,-28.2,0.0,0.82,0.0
2022-03-04 14:00:00,-28.1,-29.8,0.0,1.02,0.0
2022-03-04 15:00:00,-28.9,-31.1,0.0,0.92,0.0
2022-03-04 16:00:00,-29.6,-31.7,0.0,0.71,0.0
2022-03-04 17:00:00,-30.3,-32.7,0.0,0.73,0.0
2022-03-04 18:00:00,-31.0,-34.3,0.0,0.85,0.0
2022-03-04 19:00:00,-31.6,-35.6,0.0,0.51,0.0
2022-03-04 20:00:00,-32.4,-37.1,0.0,0.6,0.0
2022-03-04 21:00:00,-33.1,-38.2,0.0,0.54,0.0
2022-03-04 22:00:00,-33.9,-38.5,0.0,0.98,185.99
2022-03-04 23:00:00,-32.5,-37.8,0.0,0.99,3600.0
2022-03-05 00:00:00,-30.5,-37.3,0.0,0.58,3600.0
2022-03-05 01:00:00,-27.8,-36.0,0.0,0.36,3600.0
2022-03-05 02:00:00,-25.4,-33.0,0.0,0.22,3600.0
2022-03-05 03:00:00,-23.5,-31.0,0.0,0.14,3600.0
2022-03-05 04:00:00,-22.2,-29.9,0.0,0.32,3600.0
2022-03-05 05:00:00,-21.5,-29.1,0.0,0.32,3600.0
2022-03-05 06:00:00,-21.4,-29.4,0.0,0.2,3600.0
2022-03-05 07:00:00,-21.8,-28.8,0.0,0.51,3174.11
2022-03-05 08:00:00,-22.2,-28.8,0.0,0.91,65.58
2022-03-05 09:00:00,-22.5,-28.9,0.0,0.72,0.0
2022-03-05 10:00:00,-22.8,-28.8,0.0,0.82,0.0
2022-03-05 11:00:00,-23.8,-29.1,0.0,0.6,0.0
2022-03-05 12:00:00,-25.6,-30.2,0.0,0.61,0.0
2022-03-05 13:00:00,-29.8,-33.1,0.0,1.56,0.0
2022-03-05 14:00:00,-32.2,-34.8,0.0,2.55,0.0
2022-03-05 15:00:00,-33.3,-35.7,0.0,2.61,0.0
2022-03-05 16:00:00,-33.7,-36.0,0.0,2.37,0.0
2022-03-05 17:00:00,-34.6,-36.8,0.0,2.66,0.0
2022-03-05 18:00:00,-35.3,-37.5,0.0,2.5,0.0
2022-03-05 19:00:00,-35.0,-37.3,0.0,2.2,0.0
2022-03-05 20:00:00,-34.5,-37.3,0.0,1.91,0.0
2022-03-05 21:00:00,-35.2,-38.4,0.0,1.91,0.0
2022-03-05 22:00:00,-35.5,-38.9,0.0,1.91,614.01
2022-03-05 23:00:00,-32.6,-36.7,0.0,0.92,3600.0
2022-03-06 00:00:00,-30.4,-36.1,0.0,0.92,3600.0
2022-03-06 01:00:00,-27.7,-34.2,0.0,0.71,3600.0
2022-03-06 02:00:00,-25.8,-32.1,0.0,0.71,3600.0
2022-03-06 03:00:00,-24.1,-30.7,0.0,0.67,3600.0
2022-03-06 04:00:00,-22.9,-29.6,0.0,0.67,3600.0
2022-03-06 05:00:00,-22.0,-28.8,0.0,0.67,3600.0
2022-03-06 06:00:00,-22.2,-27.5,0.0,0.58,3600.0
2022-03-06 07:00:00,-22.4,-28.3,0.0,1.14,3600.0
2022-03-06 08:00:00,-23.5,-28.5,0.0,1.17,3276.09
2022-03-06 09:00:00,-24.6,-29.2,0.0,0.81,0.0
2022-03-06 10:00:00,-25.6,-29.8,0.0,0.57,0.0
2022-03-06 11:00:00,-26.2,-30.2,0.0,0.36,0.0
2022-03-06 12:00:00,-26.3,-30.0,0.0,0.32,0.0
2022-03-06 13:00:00,-27.2,-30.1,0.0,0.45,0.0
2022-03-06 14:00:00,-28.4,-30.7,0.0,0.41,0.0
2022-03-06 15:00:00,-29.5,-31.4,0.0,0.1,0.0
2022-03-06 16:00:00,-30.3,-32.1,0.0,0.3,0.0
2022-03-06 17:00:00,-31.1,-33.2,0.0,0.51,0.0
2022-03-06 18:00:00,-32.0,-34.5,0.0,0.63,0.0
2022-03-06 19:00:00,-32.7,-35.4,0.0,0.45,0.0
2022-03-06 20:00:00,-33.1,-36.1,0.0,0.22,0.0
2022-03-06 21:00:00,-33.7,-36.6,0.0,0.2,0.0
2022-03-06 22:00:00,-34.4,-37.6,0.0,0.4,1038.54
2022-03-06 23:00:00,-33.9,-38.0,0.0,0.32,3600.0
2022-03-07 00:00:00,-31.6,-38.2,0.0,0.14,3600.0
2022-03-07 01:00:00,-29.1,-37.0,0.0,0.1,3600.0
2022-03-07 02:00:00,-26.7,-34.6,0.0,0.1,3600.0
2022-03-07 03:00:00,-24.8,-32.5,0.0,0.22,3600.0
2022-03-07 04:00:00,-23.4,-30.9,0.0,0.22,3600.0
2022-03-07 05:00:00,-22.6,-29.9,0.0,0.2,3600.0
2022-03-07 06:00:00,-22.4,-30.1,0.0,0.0,3600.0
2022-03-07 07:00:00,-22.8,-29.7,0.0,0.36,3600.0
2022-03-07 08:00:00,-23.6,-29.6,0.0,0.42,3452.99
2022-03-07 09:00:00,-24.5,-29.8,0.0,0.28,0.0
2022-03-07 10:00:00,-25.6,-30.1,0.0,0.5,0.0
2022-03-07 11:00:00,-26.5,-30.5,0.0,0.5,0.0
2022-03-07 12:00:00,-26.9,-29.9,0.0,0.41,0.0
2022-03-07 13:00:00,-28.0,-30.1,0.0,0.51,0.0
2022-03-07 14:00:00,-28.9,-30.3,0.0,0.4,0.0
2022-03-07 15:00:00,-29.8,-32.8,0.0,0.73,0.0
2022-03-07 16:00:00,-30.8,-34.0,0.0,0.85,0.0
2022-03-07 17:00:00,-31.5,-34.7,0.0,0.63,0.0
2022-03-07 18:00:00,-32.0,-35.2,0.0,0.63,0.0
2022-03-07 19:00:00,-32.6,-35.8,0.0,0.76,0.0
2022-03-07 20:00:00,-33.1,-36.4,0.0,0.86,0.0
2022-03-07 21:00:00,-33.5,-37.0,0.0,0.94,0.0
2022-03-07 22:00:00,-33.9,-37.8,0.0,0.98,2375.84
2022-03-07 23:00:00,-33.8,-38.1,0.0,0.71,3600.0
2022-03-08 00:00:00,-30.2,-36.3,0.0,0.14,3600.0
2022-03-08 01:00:00,-27.7,-36.0,0.0,0.3,3600.0
2022-03-08 02:00:00,-25.1,-33.1,0.0,0.32,3600.0
2022-03-08 03:00:00,-23.4,-31.5,0.0,0.32,3600.0
2022-03-08 04:00:00,-22.2,-30.3,0.0,0.22,3600.0
2022-03-08 05:00:00,-21.4,-29.5,0.0,0.42,3600.0
2022-03-08 06:00:00,-21.7,-27.2,0.0,0.63,3600.0
2022-03-08 07:00:00,-22.6,-28.9,0.0,1.48,3600.0
2022-03-08 08:00:00,-22.9,-29.1,0.0,1.84,3600.0
2022-03-08 09:00:00,-24.5,-29.9,0.0,2.1,0.0
2022-03-08 10:00:00,-24.3,-29.7,0.0,2.31,0.0
2022-03-08 11:00:00,-25.0,-30.0,0.0,1.9,0.0
2022-03-08 12:00:00,-29.6,-32.9,0.0,3.18,0.0
2022-03-08 13:00:00,-28.7,-32.3,0.0,2.63,0.0
2022-03-08 14:00:00,-29.8,-33.3,0.0,2.7,0.0
2022-03-08 15:00:00,-31.7,-34.9,0.0,2.82,0.0
2022-03-08 16:00:00,-29.1,-32.8,0.0,2.41,0.0
2022-03-08 17:00:00,-30.8,-34.2,0.0,2.33,0.0
2022-03-08 18:00:00,-29.4,-32.9,0.0,1.46,0.0
2022-03-08 19:00:00,-29.7,-32.9,0.0,2.1,0.0
2022-03-08 20:00:00,-28.1,-31.3,0.1,1.2,0.0
2022-03-08 21:00:00,-27.8,-31.1,0.1,0.91,0.0
2022-03-08 22:00:00,-27.3,-30.7,0.2,0.54,0.0
2022-03-08 23:00:00,-26.1,-30.6,0.2,0.28,0.0
2022-03-09 00:00:00,-24.6,-30.0,0.1,0.5,0.0
2022-03-09 01:00:00,-23.3,-28.7,0.1,0.51,0.0
2022-03-09 02:00:00,-21.8,-27.5,0.1,0.14,0.0
2022-03-09 03:00:00,-20.2,-26.3,0.0,0.42,3589.96
2022-03-09 04:00:00,-18.7,-25.1,0.0,0.45,3600.0
2022-03-09 05:00:00,-17.9,-24.2,0.0,0.45,3600.0
2022-03-09 06:00:00,-17.5,-23.4,0.0,0.36,3600.0
2022-03-09 07:00:00,-17.8,-23.4,0.0,0.5,2309.66
2022-03-09 08:00:00,-20.2,-24.1,0.0,0.76,585.48
2022-03-09 09:00:00,-21.7,-25.4,0.0,1.46,0.0
2022-03-09 10:00:00,-23.6,-26.9,0.0,1.87,0.0
2022-03-09 11:00:00,-23.1,-26.5,0.0,2.06,0.0
2022-03-09 12:00:00,-22.8,-26.2,0.0,1.66,0.0
2022-03-09 13:00:00,-24.0,-27.3,0.0,1.94,0.0
2022-03-09 14:00:00,-24.6,-28.0,0.0,2.38,0.0
2022-03-09 15:00:00,-25.1,-28.3,0.0,2.56,0.0
2022-03-09 16:00:00,-25.1,-28.3,0.0,2.55,0.0
2022-03-09 17:00:00,-25.5,-28.6,0.0,2.65,0.0
2022-03-09 18:00:00,-25.9,-29.0,0.0,2.67,0.0
2022-03-09 19:00:00,-25.4,-28.7,0.0,2.47,0.0
2022-03-09 20:00:00,-25.9,-29.2,0.0,2.69,0.0
2022-03-09 21:00:00,-26.0,-29.2,0.0,2.79,0.0
2022-03-09 22:00:00,-23.6,-27.0,0.0,1.36,0.0
2022-03-09 23:00:00,-22.3,-25.9,0.0,1.9,0.0
2022-03-10 00:00:00,-20.9,-25.1,0.1,1.21,0.0
2022-03-10 01:00:00,-19.3,-24.3,0.1,0.92,0.0
2022-03-10 02:00:00,-17.9,-23.2,0.1,0.98,0.0
2022-03-10 03:00:00,-16.7,-22.1,0.1,0.98,0.0
2022-03-10 04:00:00,-15.7,-21.0,0.1,0.86,0.0
2022-03-10 05:00:00,-15.3,-20.3,0.1,0.85,0.0
2022-03-10 06:00:00,-15.1,-19.8,0.1,0.85,0.0
2022-03-10 07:00:00,-15.4,-19.3,0.1,0.72,0.0
2022-03-10 08:00:00,-16.6,-19.4,0.1,0.78,0.0
2022-03-10 09:00:00,-17.0,-19.5,0.1,0.72,0.0
2022-03-10 10:00:00,-17.1,-19.5,0.1,0.58,0.0
2022-03-10 11:00:00,-17.3,-19.8,0.1,0.58,0.0
2022-03-10 12:00:00,-17.5,-20.0,0.0,0.73,0.0
2022-03-10 13:00:00,-18.1,-20.7,0.0,0.85,0.0
2022-03-10 14:00:00,-17.1,-19.9,0.0,0.9,0.0
2022-03-10 15:00:00,-17.3,-19.8,0.0,0.63,0.0
2022-03-10 16:00:00,-17.6,-19.8,0.0,0.58,0.0
2022-03-10 17:00:00,-17.8,-19.7,0.0,0.63,0.0
2022-03-10 18:00:00,-18.3,-19.9,0.0,0.9,0.0
2022-03-10 19:00:00,-18.9,-20.5,0.0,1.17,0.0
2022-03-10 20:00:00,-19.2,-20.7,0.0,1.3,0.0
2022-03-10 21:00:00,-19.7,-21.2,0.0,1.39,0.0
2022-03-10 22:00:00,-20.3,-21.9,0.0,1.02,2997.4
2022-03-10 23:00:00,-20.2,-22.0,0.0,0.81,3600.0
2022-03-11 00:00:00,-18.9,-22.9,0.0,0.45,3600.0
2022-03-11 01:00:00,-16.9,-22.2,0.0,0.64,3600.0
2022-03-11 02:00:00,-14.9,-20.7,0.0,0.5,3600.0
2022-03-11 03:00:00,-13.3,-19.5,0.0,0.41,3600.0
2022-03-11 04:00:00,-12.1,-18.6,0.0,0.32,3600.0
2022-03-11 05:00:00,-11.4,-17.4,0.0,0.3,3600.0
2022-03-11 06:00:00,-11.1,-18.3,0.0,0.54,3600.0
2022-03-11 07:00:00,-12.0,-18.1,0.0,1.35,3600.0
2022-03-11 08:00:00,-12.5,-18.1,0.0,1.84,3600.0
2022-03-11 09:00:00,-18.6,-21.6,0.0,2.69,0.0
2022-03-11 10:00:00,-18.2,-21.1,0.0,1.9,0.0
2022-03-11 11:00:00,-19.1,-21.9,0.0,1.77,0.0
2022-03-11 12:00:00,-17.7,-20.5,0.0,1.93,0.0
2022-03-11 13:00:00,-19.5,-22.0,0.0,1.97,0.0
2022-03-11 14:00:00,-22.6,-24.5,0.0,2.82,0.0
2022-03-11 15:00:00,-24.1,-25.8,0.0,2.88,0.0
2022-03-11 16:00:00,-25.1,-26.7,0.0,2.75,0.0
2022-03-11 17:00:00,-25.9,-27.5,0.0,2.48,0.0
2022-03-11 18:00:00,-27.4,-29.1,0.0,2.55,0.0
2022-03-11 19:00:00,-29.3,-31.0,0.0,2.78,0.0
2022-03-11 20:00:00,-30.1,-31.8,0.0,2.56,0.0
2022-03-11 21:00:00,-30.2,-32.0,0.0,2.44,0.0
2022-03-11 22:00:00,-31.0,-33.4,0.0,2.39,3206.01
2022-03-11 23:00:00,-27.5,-31.2,0.0,2.1,3600.0
2022-03-12 00:00:00,-23.6,-29.4,0.0,0.85,3600.0
2022-03-12 01:00:00,-21.1,-28.6,0.0,0.98,3600.0
2022-03-12 02:00:00,-18.8,-25.9,0.0,1.22,3600.0
2022-03-12 03:00:00,-17.2,-24.3,0.0,1.44,3600.0
2022-03-12 04:00:00,-16.1,-23.4,0.0,1.48,3600.0
2022-03-12 05:00:00,-15.5,-22.8,0.0,1.21,3600.0
2022-03-12 06:00:00,-16.1,-22.0,0.0,0.85,3600.0
2022-03-12 07:00:00,-15.7,-23.0,0.0,0.95,3600.0
2022-03-12 08:00:00,-16.3,-23.1,0.0,0.42,3073.64
2022-03-12 09:00:00,-17.6,-23.3,0.0,0.57,0.0
2022-03-12 10:00:00,-19.4,-23.5,0.0,0.14,0.0
2022-03-12 11:00:00,-21.4,-23.8,0.0,0.22,0.0
2022-03-12 12:00:00,-22.9,-24.0,0.0,0.45,0.0
2022-03-12 13:00:00,-24.6,-25.8,0.0,0.36,0.0
2022-03-12 14:00:00,-25.6,-26.8,0.0,0.76,0.0
2022-03-12 15:00:00,-25.8,-27.1,0.0,0.92,0.0
2022-03-12 16:00:00,-25.8,-28.6,0.0,1.06,0.0
2022-03-12 17:00:00,-26.2,-29.1,0.0,1.2,0.0
2022-03-12 18:00:00,-26.3,-29.3,0.0,1.14,0.0
2022-03-12 19:00:00,-27.2,-30.1,0.0,1.39,0.0
2022-03-12 20:00:00,-27.1,-30.0,0.0,1.52,0.0
2022-03-12 21:00:00,-27.1,-30.0,0.0,1.52,0.0
2022-03-12 22:00:00,-28.1,-30.9,0.0,1.75,1958.19
2022-03-12 23:00:00,-25.4,-28.5,0.0,1.0,3600.0
2022-03-13 00:00:00,-22.0,-27.3,0.0,1.0,3600.0
2022-03-13 01:00:00,-19.6,-25.4,0.0,0.81,3600.0
2022-03-13 02:00:00,-17.6,-23.9,0.0,0.73,3600.0
2022-03-13 03:00:00,-16.0,-22.7,0.0,0.5,3600.0
2022-03-13 04:00:00,-14.8,-21.7,0.0,0.36,3600.0
2022-03-13 05:00:00,-14.2,-21.1,0.0,0.5,3600.0
2022-03-13 06:00:00,-13.9,-20.0,0.0,0.42,3600.0
2022-03-13 07:00:00,-15.8,-20.3,0.0,1.5,3600.0
2022-03-13 08:00:00,-18.2,-22.0,0.0,2.0,3600.0
2022-03-13 09:00:00,-19.1,-22.6,0.0,1.98,0.0
2022-03-13 10:00:00,-19.7,-23.1,0.0,2.36,0.0
2022-03-13 11:00:00,-20.3,-23.5,0.0,2.61,0.0
2022-03-13 12:00:00,-21.5,-24.2,0.0,2.6,0.0
2022-03-13 13:00:00,-23.0,-25.6,0.0,2.63,0.0
2022-03-13 14:00:00,-23.1,-25.8,0.0,2.42,0.0
2022-03-13 15:00:00,-23.8,-26.6,0.0,2.32,0.0
2022-03-13 16:00:00,-23.7,-26.7,0.0,2.22,0.0
2022-03-13 17:00:00,-23.3,-26.4,0.1,2.0,0.0
2022-03-13 18:00:00,-23.4,-26.5,0.1,1.91,0.0
2022-03-13 19:00:00,-23.3,-26.4,0.0,1.8,0.0
2022-03-13 20:00:00,-23.4,-26.5,0.0,1.7,0.0
2022-03-13 21:00:00,-23.2,-26.3,0.0,1.7,0.0
2022-03-13 22:00:00,-22.0,-25.2,0.0,1.12,0.0
2022-03-13 23:00:00,-20.3,-24.5,0.1,0.91,0.0
2022-03-14 00:00:00,-18.7,-23.6,0.1,0.73,0.0
2022-03-14 01:00:00,-17.1,-22.3,0.1,0.63,1140.58
2022-03-14 02:00:00,-15.9,-21.2,0.1,0.58,1003.44
2022-03-14 03:00:00,-15.0,-20.4,0.0,0.42,1016.29
2022-03-14 04:00:00,-14.3,-19.8,0.0,0.41,1626.45
2022-03-14 05:00:00,-13.8,-19.3,0.0,0.32,1169.36
2022-03-14 06:00:00,-13.8,-19.0,0.0,0.2,1342.35
2022-03-14 07:00:00,-13.9,-19.1,0.0,0.2,0.0
2022-03-14 08:00:00,-14.4,-18.9,0.1,0.32,0.0
2022-03-14 09:00:00,-14.9,-18.7,0.0,0.0,0.0
2022-03-14 10:00:00,-15.3,-18.6,0.1,0.41,0.0
2022-03-14 11:00:00,-15.7,-18.7,0.1,0.5,0.0
2022-03-14 12:00:00,-16.0,-18.5,0.1,0.14,0.0
2022-03-14 13:00:00,-16.6,-18.7,0.0,0.5,0.0
2022-03-14 14:00:00,-17.5,-18.9,0.0,0.54,0.0
2022-03-14 15:00:00,-18.6,-20.0,0.0,0.51,0.0
2022-03-14 16:00:00,-19.8,-21.3,0.0,0.42,0.0
2022-03-14 17:00:00,-20.4,-22.1,0.0,0.2,0.0
2022-03-14 18:00:00,-21.2,-22.9,0.0,0.0,0.0
2022-03-14 19:00:00,-22.5,-24.7,0.0,0.32,0.0
2022-03-14 20:00:00,-23.6,-26.6,0.0,0.51,0.0
2022-03-14 21:00:00,-24.1,-27.9,0.0,0.6,0.0
2022-03-14 22:00:00,-24.2,-28.9,0.0,0.32,509.42
2022-03-14 23:00:00,-22.9,-28.9,0.0,0.14,1645.44
2022-03-15 00:00:00,-20.6,-27.0,0.0,0.14,3600.0
2022-03-15 01:00:00,-18.8,-24.7,0.0,0.22,3600.0
2022-03-15 02:00:00,-17.4,-22.8,0.0,0.28,3600.0
2022-03-15 03:00:00,-16.4,-21.9,0.0,0.41,1994.26
2022-03-15 04:00:00,-15.6,-21.1,0.0,0.4,3597.25
2022-03-15 05:00:00,-15.2,-20.7,0.0,0.3,2620.7
2022-03-15 06:00:00,-15.0,-20.4,0.0,0.4,3125.92
2022-03-15 07:00:00,-16.3,-20.2,0.0,1.0,2342.21
2022-03-15 08:00:00,-18.3,-21.5,0.0,1.65,52.4
2022-03-15 09:00:00,-19.4,-22.3,0.0,1.39,0.0
2022-03-15 10:00:00,-18.0,-21.2,0.0,1.0,0.0
2022-03-15 11:00:00,-19.3,-21.6,0.0,0.81,0.0
2022-03-15 12:00:00,-20.4,-21.9,0.0,0.36,0.0
2022-03-15 13:00:00,-21.8,-23.0,0.0,0.54,0.0
2022-03-15 14:00:00,-23.1,-24.5,0.0,0.95,0.0
2022-03-15 15:00:00,-23.5,-25.1,0.0,0.64,0.0
2022-03-15 16:00:00,-23.9,-25.3,0.0,0.32,0.0
2022-03-15 17:00:00,-24.8,-27.4,0.0,0.14,0.0
2022-03-15 18:00:00,-26.1,-28.9,0.0,0.85,0.0
2022-03-15 19:00:00,-27.4,-30.3,0.0,1.42,0.0
2022-03-15 20:00:00,-29.6,-32.3,0.0,1.91,0.0
2022-03-15 21:00:00,-29.6,-32.7,0.0,1.7,0.0
2022-03-15 22:00:00,-29.5,-33.4,0.0,1.57,3600.0
2022-03-15 23:00:00,-28.3,-32.3,0.0,1.22,3600.0
2022-03-16 00:00:00,-25.4,-31.0,0.0,0.9,3600.0
2022-03-16 01:00:00,-23.0,-28.2,0.0,1.08,3600.0
2022-03-16 02:00:00,-20.9,-26.5,0.0,1.39,3600.0
2022-03-16 03:00:00,-19.1,-25.4,0.0,1.65,3600.0
2022-03-16 04:00:00,-17.8,-24.3,0.0,1.82,3600.0
2022-03-16 05:00:00,-16.9,-23.6,0.0,1.73,3600.0
2022-03-16 06:00:00,-16.5,-23.1,0.0,1.33,3600.0
2022-03-16 07:00:00,-18.6,-23.2,0.0,1.82,3600.0
2022-03-16 08:00:00,-17.9,-23.8,0.0,1.7,3600.0
2022-03-16 09:00:00,-18.6,-24.0,0.0,1.12,309.47
2022-03-16 10:00:00,-20.3,-24.4,0.0,0.63,0.0
2022-03-16 11:00:00,-22.2,-25.2,0.0,0.4,0.0
2022-03-16 12:00:00,-23.2,-25.9,0.0,0.32,0.0
2022-03-16 13:00:00,-24.0,-26.6,0.0,0.5,0.0
2022-03-16 14:00:00,-24.5,-26.8,0.0,0.61,0.0
2022-03-16 15:00:00,-25.5,-27.4,0.0,0.95,0.0
2022-03-16 16:00:00,-26.9,-28.2,0.0,0.85,0.0
2022-03-16 17:00:00,-28.2,-31.1,0.0,0.94,0.0
2022-03-16 18:00:00,-29.3,-32.5,0.0,1.43,0.0
2022-03-16 19:00:00,-29.7,-33.1,0.0,1.62,0.0
2022-03-16 20:00:00,-30.0,-33.7,0.0,1.57,0.0
2022-03-16 21:00:00,-30.6,-34.3,0.0,1.7,0.0
2022-03-16 22:00:00,-30.5,-34.6,0.0,1.42,3600.0
2022-03-16 23:00:00,-27.6,-33.2,0.0,0.98,3600.0
2022-03-17 00:00:00,-25.1,-33.1,0.0,0.54,3600.0
2022-03-17 01:00:00,-22.5,-31.1,0.0,0.1,3600.0
2022-03-17 02:00:00,-20.0,-28.0,0.0,0.2,3600.0
2022-03-17 03:00:00,-18.1,-26.6,0.0,0.32,3600.0
2022-03-17 04:00:00,-16.8,-25.8,0.0,0.5,3600.0
2022-03-17 05:00:00,-16.0,-25.5,0.0,0.32,3600.0
2022-03-17 06:00:00,-15.8,-26.3,0.0,0.2,3600.0
2022-03-17 07:00:00,-16.0,-25.6,0.0,0.41,3600.0
2022-03-17 08:00:00,-16.6,-25.2,0.0,0.71,963.37
2022-03-17 09:00:00,-17.6,-25.2,0.0,0.41,0.0
2022-03-17 10:00:00,-18.8,-25.2,0.0,0.45,0.0
2022-03-17 11:00:00,-20.1,-25.3,0.0,0.81,0.0
2022-03-17 12:00:00,-21.3,-25.7,0.0,1.53,0.0
2022-03-17 13:00:00,-22.9,-26.5,0.0,1.32,0.0
2022-03-17 14:00:00,-24.3,-27.5,0.0,1.34,0.0
2022-03-17 15:00:00,-25.2,-28.3,0.0,1.32,0.0
2022-03-17 16:00:00,-25.7,-28.9,0.0,1.33,0.0
2022-03-17 17:00:00,-26.8,-30.2,0.0,1.36,0.0
2022-03-17 18:00:00,-28.0,-31.4,0.0,1.49,0.0
2022-03-17 19:00:00,-27.6,-31.0,0.0,1.53,0.0
2022-03-17 20:00:00,-27.5,-31.0,0.0,1.53,0.0
2022-03-17 21:00:00,-27.2,-30.8,0.0,1.55,0.0
2022-03-17 22:00:00,-26.4,-30.4,0.0,1.3,3474.82
2022-03-17 23:00:00,-24.5,-30.4,0.0,0.91,3600.0
2022-03-18 00:00:00,-21.7,-29.4,0.0,0.51,3600.0
2022-03-18 01:00:00,-19.5,-27.7,0.0,0.14,3600.0
2022-03-18 02:00:00,-17.6,-26.0,0.0,0.1,3600.0
2022-03-18 03:00:00,-16.1,-24.9,0.0,0.32,3600.0
2022-03-18 04:00:00,-15.0,-23.9,0.0,0.51,3600.0
2022-03-18 05:00:00,-14.3,-23.2,0.0,0.51,3600.0
2022-03-18 06:00:00,-14.2,-20.9,0.0,0.32,3600.0
2022-03-18 07:00:00,-14.1,-23.1,0.0,0.67,3600.0
2022-03-18 08:00:00,-14.7,-23.0,0.0,0.58,3600.0
2022-03-18 09:00:00,-15.4,-23.0,0.0,0.45,0.0
2022-03-18 10:00:00,-16.4,-23.1,0.0,0.63,0.0
2022-03-18 11:00:00,-17.7,-23.2,0.0,0.54,0.0
2022-03-18 12:00:00,-19.4,-23.0,0.0,0.54,0.0
2022-03-18 13:00:00,-21.0,-23.2,0.0,0.54,0.0
2022-03-18 14:00:00,-22.3,-24.1,0.0,0.5,0.0
2022-03-18 15:00:00,-23.4,-24.6,0.0,0.22,0.0
2022-03-18 16:00:00,-24.2,-25.5,0.0,0.28,0.0
2022-03-18 17:00:00,-25.0,-27.8,0.0,0.64,0.0
2022-03-18 18:00:00,-26.0,-28.8,0.0,0.85,0.0
2022-03-18 19:00:00,-26.8,-29.6,0.0,0.76,0.0
2022-03-18 20:00:00,-27.3,-30.3,0.0,0.72,0.0
2022-03-18 21:00:00,-28.0,-31.0,0.0,0.81,0.0
2022-03-18 22:00:00,-27.9,-31.6,0.0,0.89,2761.37
2022-03-18 23:00:00,-25.7,-32.1,0.0,0.64,3600.0
2022-03-19 00:00:00,-23.5,-31.4,0.0,0.1,3600.0
2022-03-19 01:00:00,-21.4,-29.5,0.0,0.3,3600.0
2022-03-19 02:00:00,-19.5,-26.9,0.0,0.71,3600.0
2022-03-19 03:00:00,-17.9,-25.3,0.0,0.8,3600.0
2022-03-19 04:00:00,-16.6,-24.5,0.0,0.73,3600.0
2022-03-19 05:00:00,-15.8,-23.9,0.0,0.81,3600.0
2022-03-19 06:00:00,-15.5,-22.7,0.0,0.4,3600.0
2022-03-19 07:00:00,-16.4,-22.7,0.0,1.27,3513.81
2022-03-19 08:00:00,-19.0,-23.6,0.0,1.84,952.47
2022-03-19 09:00:00,-19.9,-24.3,0.0,1.78,0.0
2022-03-19 10:00:00,-17.9,-23.6,0.0,1.53,0.0
2022-03-19 11:00:00,-18.8,-24.0,0.0,1.82,0.0
2022-03-19 12:00:00,-22.7,-25.8,0.0,2.51,0.0
2022-03-19 13:00:00,-26.2,-28.3,0.0,2.95,0.0
2022-03-19 14:00:00,-27.2,-29.1,0.0,2.86,0.0
2022-03-19 15:00:00,-25.7,-27.7,0.0,2.5,0.0
2022-03-19 16:00:00,-24.4,-26.8,0.0,2.11,0.0
2022-03-19 17:00:00,-24.7,-27.0,0.0,1.84,0.0
2022-03-19 18:00:00,-25.0,-27.2,0.0,1.62,0.0
2022-03-19 19:00:00,-25.1,-27.1,0.0,1.41,0.0
2022-03-19 20:00:00,-25.2,-26.9,0.0,1.03,0.0
2022-03-19 21:00:00,-25.5,-26.8,0.0,0.63,0.0
2022-03-19 22:00:00,-25.3,-27.1,0.0,0.4,3600.0
2022-03-19 23:00:00,-24.2,-27.3,0.0,0.0,3600.0
2022-03-20 00:00:00,-20.2,-27.5,0.0,0.22,3600.0
2022-03-20 01:00:00,-17.8,-24.9,0.0,0.0,3600.0
2022-03-20 02:00:00,-15.6,-23.1,0.0,0.4,3600.0
2022-03-20 03:00:00,-13.9,-21.7,0.0,0.6,3600.0
2022-03-20 04:00:00,-12.5,-20.7,0.0,0.51,3600.0
2022-03-20 05:00:00,-11.7,-20.1,0.0,0.54,3600.0
2022-03-20 06:00:00,-11.5,-18.4,0.0,0.5,3600.0
2022-03-20 07:00:00,-11.8,-19.5,0.0,1.34,3600.0
2022-03-20 08:00:00,-14.2,-20.2,0.0,1.68,3600.0
2022-03-20 09:00:00,-14.0,-19.9,0.0,1.41,1501.47
2022-03-20 10:00:00,-16.4,-20.6,0.0,1.39,0.0
2022-03-20 11:00:00,-18.5,-21.5,0.0,1.5,0.0
2022-03-20 12:00:00,-19.4,-22.0,0.0,1.49,0.0
2022-03-20 13:00:00,-20.6,-23.1,0.0,1.49,0.0
2022-03-20 14:00:00,-22.0,-24.5,0.0,1.86,0.0
2022-03-20 15:00:00,-23.6,-26.2,0.0,2.08,0.0
2022-03-20 16:00:00,-23.3,-26.4,0.0,1.92,0.0
2022-03-20 17:00:00,-23.1,-26.6,0.0,1.89,0.0
2022-03-20 18:00:00,-26.0,-29.0,0.0,2.56,0.0
2022-03-20 19:00:00,-24.0,-27.3,0.0,2.26,0.0
2022-03-20 20:00:00,-27.8,-30.3,0.0,2.8,0.0
2022-03-20 21:00:00,-26.0,-28.5,0.0,1.84,0.0
2022-03-20 22:00:00,-23.4,-26.3,0.0,2.28,0.0
2022-03-20 23:00:00,-21.2,-25.1,0.0,2.45,0.0
2022-03-21 00:00:00,-19.6,-24.8,0.0,2.21,1112.92
2022-03-21 01:00:00,-17.1,-23.3,0.0,2.0,3600.0
2022-03-21 02:00:00,-15.1,-22.0,0.0,2.02,3220.86
2022-03-21 03:00:00,-13.4,-20.8,0.0,2.4,2679.23
2022-03-21 04:00:00,-12.3,-19.6,0.0,2.55,0.0
2022-03-21 05:00:00,-11.4,-18.4,0.0,2.58,0.0
2022-03-21 06:00:00,-10.8,-17.4,0.0,2.48,0.0
2022-03-21 07:00:00,-10.9,-16.6,0.0,2.27,0.0
2022-03-21 08:00:00,-11.9,-16.4,0.0,2.41,0.0
2022-03-21 09:00:00,-12.9,-16.5,0.1,2.48,0.0
2022-03-21 10:00:00,-13.5,-16.8,0.1,2.47,0.0
2022-03-21 11:00:00,-13.6,-16.8,0.1,2.51,0.0
2022-03-21 12:00:00,-14.1,-16.9,0.1,2.52,0.0
2022-03-21 13:00:00,-14.4,-17.3,0.0,2.66,0.0
2022-03-21 14:00:00,-14.6,-17.6,0.0,2.42,0.0
2022-03-21 15:00:00,-14.8,-17.7,0.1,2.37,0.0
2022-03-21 16:00:00,-14.9,-17.8,0.1,2.3,0.0
2022-03-21 17:00:00,-15.1,-18.0,0.1,2.2,0.0
2022-03-21 18:00:00,-15.4,-18.2,0.1,2.08,0.0
2022-03-21 19:00:00,-15.7,-18.6,0.0,2.24,0.0
2022-03-21 20:00:00,-16.3,-19.2,0.0,2.1,0.0
2022-03-21 21:00:00,-16.4,-19.2,0.0,2.15,0.0
2022-03-21 22:00:00,-15.7,-18.9,0.0,2.06,0.0
2022-03-21 23:00:00,-14.4,-18.5,0.0,1.87,0.0
2022-03-22 00:00:00,-13.1,-18.1,0.0,1.94,2193.7
2022-03-22 01:00:00,-11.7,-17.6,0.0,1.89,3600.0
2022-03-22 02:00:00,-10.5,-17.4,0.0,2.16,3600.0
2022-03-22 03:00:00,-9.7,-16.9,0.0,2.18,3600.0
2022-03-22 04:00:00,-9.3,-16.4,0.0,2.25,3551.51
2022-03-22 05:00:00,-9.1,-16.0,0.0,2.28,1638.61
2022-03-22 06:00:00,-9.2,-15.7,0.0,2.25,1442.38
2022-03-22 07:00:00,-9.6,-15.8,0.0,1.99,0.0
2022-03-22 08:00:00,-10.4,-15.1,0.0,1.4,0.0
2022-03-22 09:00:00,-11.5,-15.3,0.0,1.75,0.0
2022-03-22 10:00:00,-12.3,-15.5,0.0,1.72,0.0
2022-03-22 11:00:00,-12.9,-15.7,0.0,1.56,0.0
2022-03-22 12:00:00,-13.6,-16.2,0.0,1.2,0.0
2022-03-22 13:00:00,-14.3,-16.6,0.0,1.28,0.0
2022-03-22 14:00:00,-14.7,-16.8,0.0,1.66,0.0
2022-03-22 15:00:00,-15.3,-17.3,0.0,1.7,0.0
2022-03-22 16:00:00,-15.8,-17.9,0.0,1.53,0.0
2022-03-22 17:00:00,-16.5,-18.5,0.0,1.34,0.0
2022-03-22 18:00:00,-17.6,-19.6,0.0,1.7,0.0
2022-03-22 19:00:00,-18.4,-20.4,0.0,2.02,0.0
2022-03-22 20:00:00,-18.5,-20.5,0.0,1.92,0.0
2022-03-22 21:00:00,-17.8,-20.0,0.0,1.25,0.0
2022-03-22 22:00:00,-16.5,-19.4,0.0,1.26,0.0
2022-03-22 23:00:00,-14.7,-19.0,0.0,1.39,1889.26
2022-03-23 00:00:00,-14.2,-18.8,0.0,1.3,3600.0
2022-03-23 01:00:00,-12.4,-18.0,0.0,1.08,3600.0
2022-03-23 02:00:00,-11.0,-17.0,0.0,0.89,3600.0
2022-03-23 03:00:00,-10.3,-16.6,0.0,0.85,3600.0
2022-03-23 04:00:00,-9.8,-16.3,0.0,0.91,3600.0
2022-03-23 05:00:00,-9.4,-16.1,0.0,1.0,3600.0
2022-03-23 06:00:00,-9.5,-16.0,0.0,0.92,3600.0
2022-03-23 07:00:00,-9.8,-15.5,0.0,0.63,3600.0
2022-03-23 08:00:00,-11.4,-15.6,0.0,1.46,308.84
2022-03-23 09:00:00,-12.9,-16.6,0.0,1.77,0.0
2022-03-23 10:00:00,-13.8,-16.7,0.0,1.92,0.0
2022-03-23 11:00:00,-13.3,-16.0,0.0,1.43,0.0
2022-03-23 12:00:00,-14.3,-16.6,0.0,1.36,0.0
2022-03-23 13:00:00,-18.4,-20.2,0.0,2.56,0.0
2022-03-23 14:00:00,-19.5,-21.4,0.0,2.4,0.0
2022-03-23 15:00:00,-19.4,-21.7,0.0,2.22,0.0
2022-03-23 16:00:00,-20.9,-23.2,0.0,2.3,0.0
2022-03-23 17:00:00,-21.8,-24.2,0.0,2.5,0.0
2022-03-23 18:00:00,-22.3,-24.7,0.0,2.62,0.0
2022-03-23 19:00:00,-23.2,-25.5,0.0,2.84,0.0
2022-03-23 20:00:00,-24.4,-26.6,0.0,2.98,0.0
2022-03-23 21:00:00,-24.1,-26.5,0.0,2.6,0.0
2022-03-23 22:00:00,-21.9,-24.8,0.0,1.89,3600.0
2022-03-23 23:00:00,-18.5,-23.1,0.0,0.89,3600.0
2022-03-24 00:00:00,-17.0,-22.7,0.0,1.3,3600.0
2022-03-24 01:00:00,-15.4,-21.5,0.0,1.3,3600.0
2022-03-24 02:00:00,-14.1,-20.7,0.0,1.34,3600.0
2022-03-24 03:00:00,-13.0,-20.3,0.0,1.43,3600.0
2022-03-24 04:00:00,-12.1,-19.8,0.0,1.62,3600.0
2022-03-24 05:00:00,-11.7,-19.7,0.0,1.49,3600.0
2022-03-24 06:00:00,-11.7,-19.5,0.0,1.26,3600.0
2022-03-24 07:00:00,-12.5,-19.2,0.0,0.92,3600.0
2022-03-24 08:00:00,-14.8,-20.2,0.0,1.92,3600.0
2022-03-24 09:00:00,-18.6,-22.0,0.0,2.64,2817.72
2022-03-24 10:00:00,-20.0,-22.8,0.0,2.92,0.0
2022-03-24 11:00:00,-17.5,-20.9,0.0,2.13,0.0
2022-03-24 12:00:00,-18.3,-21.6,0.0,1.61,0.0
2022-03-24 13:00:00,-19.9,-22.3,0.0,1.26,0.0
2022-03-24 14:00:00,-21.3,-22.8,0.0,1.12,0.0
2022-03-24 15:00:00,-22.4,-24.9,0.0,1.17,0.0
2022-03-24 16:00:00,-23.5,-26.0,0.0,0.76,0.0
2022-03-24 17:00:00,-24.7,-27.1,0.0,0.4,0.0
2022-03-24 18:00:00,-25.9,-28.4,0.0,0.4,0.0
2022-03-24 19:00:00,-27.0,-29.6,0.0,0.51,0.0
2022-03-24 20:00:00,-27.7,-30.6,0.0,0.51,0.0
2022-03-24 21:00:00,-28.5,-31.8,0.0,0.5,1932.11
2022-03-24 22:00:00,-27.5,-32.1,0.0,0.41,3600.0
2022-03-24 23:00:00,-24.4,-30.5,0.0,0.3,3600.0
2022-03-25 00:00:00,-21.9,-31.4,0.0,0.36,3600.0
2022-03-25 01:00:00,-19.2,-27.6,0.0,0.22,3600.0
2022-03-25 02:00:00,-17.3,-25.3,0.0,0.2,3600.0
2022-03-25 03:00:00,-15.6,-23.5,0.0,0.45,3600.0
2022-03-25 04:00:00,-14.4,-22.1,0.0,0.58,3600.0
2022-03-25 05:00:00,-13.5,-21.2,0.0,0.72,3600.0
2022-03-25 06:00:00,-13.2,-20.7,0.0,0.81,3600.0
2022-03-25 07:00:00,-14.1,-19.7,0.0,0.86,3600.0
2022-03-25 08:00:00,-13.7,-20.9,0.0,1.0,3600.0
2022-03-25 09:00:00,-14.4,-21.0,0.0,0.81,2987.69
2022-03-25 10:00:00,-15.5,-21.2,0.0,1.12,0.0
2022-03-25 11:00:00,-17.3,-21.7,0.0,1.21,0.0
2022-03-25 12:00:00,-18.1,-21.5,0.0,0.81,0.0
2022-03-25 13:00:00,-19.5,-21.5,0.0,0.85,0.0
2022-03-25 14:00:00,-21.1,-22.1,0.0,0.81,0.0
2022-03-25 15:00:00,-22.5,-23.7,0.0,0.92,0.0
2022-03-25 16:00:00,-23.7,-25.0,0.0,1.02,0.0
2022-03-25 17:00:00,-24.4,-25.7,0.0,1.08,0.0
2022-03-25 18:00:00,-24.6,-26.6,0.0,1.0,0.0
2022-03-25 19:00:00,-24.8,-27.6,0.0,0.64,0.0
2022-03-25 20:00:00,-24.8,-27.8,0.0,0.41,0.0
2022-03-25 21:00:00,-24.9,-28.1,0.0,0.41,290.7
2022-03-25 22:00:00,-24.7,-28.4,0.0,0.32,3600.0
2022-03-25 23:00:00,-22.7,-27.4,0.0,0.32,3600.0
2022-03-26 00:00:00,-19.6,-26.5,0.0,0.32,3600.0
2022-03-26 01:00:00,-17.0,-23.3,0.0,0.5,3600.0
2022-03-26 02:00:00,-14.9,-21.5,0.0,1.0,3600.0
2022-03-26 03:00:00,-13.3,-20.3,0.0,1.14,3600.0
2022-03-26 04:00:00,-12.2,-19.7,0.0,1.22,3600.0
2022-03-26 05:00:00,-11.4,-19.3,0.0,1.17,3600.0
2022-03-26 06:00:00,-10.8,-18.7,0.0,1.13,3600.0
2022-03-26 07:00:00,-11.2,-17.7,0.0,0.92,3600.0
2022-03-26 08:00:00,-11.0,-18.7,0.0,1.3,3600.0
2022-03-26 09:00:00,-12.3,-18.7,0.0,1.24,3158.05
2022-03-26 10:00:00,-14.3,-19.3,0.0,1.2,0.0
2022-03-26 11:00:00,-17.8,-21.3,0.0,1.57,0.0
2022-03-26 12:00:00,-19.6,-22.2,0.0,0.67,0.0
2022-03-26 13:00:00,-21.7,-23.9,0.0,0.54,0.0
2022-03-26 14:00:00,-22.9,-25.3,0.0,1.1,0.0
2022-03-26 15:00:00,-23.6,-26.3,0.0,0.76,0.0
2022-03-26 16:00:00,-24.2,-27.0,0.0,0.2,0.0
2022-03-26 17:00:00,-24.3,-27.2,0.0,0.57,0.0
2022-03-26 18:00:00,-24.7,-27.4,0.0,0.85,0.0
2022-03-26 19:00:00,-25.3,-27.8,0.0,0.61,0.0
2022-03-26 20:00:00,-25.7,-28.2,0.0,0.51,0.0
2022-03-26 21:00:00,-26.3,-29.1,0.0,0.54,1730.06
2022-03-26 22:00:00,-25.9,-29.7,0.0,0.63,3600.0
2022-03-26 23:00:00,-23.0,-29.1,0.0,0.63,3600.0
2022-03-27 00:00:00,-20.9,-27.4,0.0,0.51,3600.0
2022-03-27 01:00:00,-18.3,-24.8,0.0,0.28,3600.0
2022-03-27 02:00:00,-16.4,-23.1,0.0,0.28,3600.0
2022-03-27 03:00:00,-14.8,-21.7,0.0,0.1,3600.0
2022-03-27 04:00:00,-13.6,-20.9,0.0,0.22,3600.0
2022-03-27 05:00:00,-12.9,-20.5,0.0,0.32,3600.0
2022-03-27 06:00:00,-12.7,-20.2,0.0,0.42,3600.0
2022-03-27 07:00:00,-13.5,-19.0,0.0,0.54,3600.0
2022-03-27 08:00:00,-15.9,-20.0,0.0,1.61,3600.0
2022-03-27 09:00:00,-17.2,-20.7,0.0,1.96,3328.77
2022-03-27 10:00:00,-21.0,-23.7,0.0,2.73,0.0
2022-03-27 11:00:00,-18.5,-21.6,0.0,1.92,0.0
2022-03-27 12:00:00,-19.2,-22.0,0.0,1.2,0.0
2022-03-27 13:00:00,-20.3,-22.3,0.0,1.03,0.0
2022-03-27 14:00:00,-21.0,-22.4,0.0,0.89,0.0
2022-03-27 15:00:00,-21.7,-22.9,0.0,1.03,0.0
2022-03-27 16:00:00,-22.8,-24.3,0.0,1.53,0.0
2022-03-27 17:00:00,-24.0,-25.6,0.0,1.72,0.0
2022-03-27 18:00:00,-25.2,-26.5,0.0,1.27,0.0
2022-03-27 19:00:00,-25.7,-28.4,0.0,0.54,0.0
2022-03-27 20:00:00,-26.2,-28.9,0.0,0.64,0.0
2022-03-27 21:00:00,-26.7,-29.7,0.0,0.67,2911.48
2022-03-27 22:00:00,-26.7,-30.0,0.0,0.51,3600.0
2022-03-27 23:00:00,-24.5,-29.6,0.0,0.22,3600.0
2022-03-28 00:00:00,-21.9,-27.6,0.0,0.51,3600.0
2022-03-28 01:00:00,-19.3,-25.2,0.0,0.63,3600.0
2022-03-28 02:00:00,-17.0,-23.2,0.0,0.63,3600.0
2022-03-28 03:00:00,-15.1,-21.8,0.0,0.54,3600.0
2022-03-28 04:00:00,-13.6,-21.0,0.0,0.58,3600.0
2022-03-28 05:00:00,-12.6,-20.5,0.0,0.78,3600.0
2022-03-28 06:00:00,-12.1,-20.3,0.0,0.78,3600.0
2022-03-28 07:00:00,-13.0,-18.5,0.0,0.81,3600.0
2022-03-28 08:00:00,-12.6,-20.7,0.0,0.82,3600.0
2022-03-28 09:00:00,-13.4,-20.7,0.0,1.08,3499.83
2022-03-28 10:00:00,-14.5,-20.9,0.0,0.64,0.0
2022-03-28 11:00:00,-15.9,-20.9,0.0,0.2,0.0
2022-03-28 12:00:00,-18.1,-20.7,0.0,0.41,0.0
2022-03-28 13:00:00,-20.4,-21.3,0.0,1.0,0.0
2022-03-28 14:00:00,-22.4,-23.6,0.0,0.4,0.0
2022-03-28 15:00:00,-23.5,-24.9,0.0,0.42,0.0
2022-03-28 16:00:00,-24.1,-26.1,0.0,0.36,0.0
2022-03-28 17:00:00,-24.7,-27.7,0.0,0.45,0.0
2022-03-28 18:00:00,-25.7,-28.5,0.0,0.41,0.0
2022-03-28 19:00:00,-26.9,-29.9,0.0,0.54,0.0
2022-03-28 20:00:00,-30.1,-32.8,0.0,1.48,0.0
2022-03-28 21:00:00,-31.2,-34.1,0.0,1.84,3118.65
2022-03-28 22:00:00,-28.9,-32.3,0.0,0.94,3600.0
2022-03-28 23:00:00,-25.3,-30.7,0.0,0.92,3600.0
2022-03-29 00:00:00,-22.8,-28.8,0.0,0.4,3600.0
2022-03-29 01:00:00,-19.7,-25.9,0.0,0.22,3600.0
2022-03-29 02:00:00,-17.3,-23.7,0.0,0.22,3600.0
2022-03-29 03:00:00,-15.3,-22.0,0.0,0.22,3600.0
2022-03-29 04:00:00,-13.8,-20.9,0.0,0.36,3600.0
2022-03-29 05:00:00,-12.8,-20.4,0.0,0.41,3600.0
2022-03-29 06:00:00,-12.2,-20.2,0.0,0.41,3600.0
2022-03-29 07:00:00,-13.0,-18.3,0.0,0.64,3600.0
2022-03-29 08:00:00,-13.0,-20.2,0.0,1.06,3600.0
2022-03-29 09:00:00,-14.2,-20.2,0.0,1.28,3600.0
2022-03-29 10:00:00,-15.6,-20.8,0.0,1.42,0.0
2022-03-29 11:00:00,-17.2,-21.6,0.0,1.56,0.0
2022-03-29 12:00:00,-19.2,-22.8,0.0,1.64,0.0
2022-03-29 13:00:00,-20.7,-23.5,0.0,1.62,0.0
2022-03-29 14:00:00,-22.4,-24.6,0.0,1.56,0.0
2022-03-29 15:00:00,-23.9,-26.2,0.0,1.26,0.0
2022-03-29 16:00:00,-25.0,-28.2,0.0,1.33,0.0
2022-03-29 17:00:00,-26.0,-29.6,0.0,1.36,0.0
2022-03-29 18:00:00,-26.7,-30.4,0.0,1.1,0.0
2022-03-29 19:00:00,-27.1,-30.9,0.0,0.45,0.0
2022-03-29 20:00:00,-27.4,-31.0,0.0,0.7,0.0
2022-03-29 21:00:00,-27.6,-31.6,0.0,1.0,3326.41
2022-03-29 22:00:00,-26.9,-31.8,0.0,0.58,3600.0
2022-03-29 23:00:00,-23.6,-30.8,0.0,0.6,3600.0
2022-03-30 00:00:00,-20.9,-27.9,0.0,0.22,3600.0
2022-03-30 01:00:00,-18.0,-24.8,0.0,0.14,3600.0
2022-03-30 02:00:00,-15.8,-23.2,0.0,0.1,3600.0
2022-03-30 03:00:00,-14.1,-21.9,0.0,0.22,3600.0
2022-03-30 04:00:00,-12.7,-20.9,0.0,0.22,3600.0
2022-03-30 05:00:00,-11.8,-20.3,0.0,0.22,3600.0
2022-03-30 06:00:00,-11.4,-20.1,0.0,0.1,3600.0
2022-03-30 07:00:00,-11.7,-18.8,0.0,0.41,3600.0
2022-03-30 08:00:00,-11.9,-20.4,0.0,0.61,3600.0
2022-03-30 09:00:00,-12.4,-20.5,0.0,0.5,3600.0
2022-03-30 10:00:00,-13.2,-20.5,0.0,0.95,0.0
2022-03-30 11:00:00,-15.1,-21.0,0.0,1.55,0.0
2022-03-30 12:00:00,-17.3,-21.7,0.0,2.1,0.0
2022-03-30 13:00:00,-19.5,-22.6,0.0,2.11,0.0
2022-03-30 14:00:00,-21.2,-23.6,0.0,2.1,0.0
2022-03-30 15:00:00,-22.3,-24.9,0.0,2.19,0.0
2022-03-30 16:00:00,-23.1,-25.9,0.0,1.93,0.0
2022-03-30 17:00:00,-23.7,-26.6,0.0,1.61,0.0
2022-03-30 18:00:00,-24.3,-26.8,0.0,0.94,0.0
2022-03-30 19:00:00,-24.9,-27.0,0.0,0.72,0.0
2022-03-30 20:00:00,-25.5,-27.3,0.0,0.71,0.0
2022-03-30 21:00:00,-25.9,-27.8,0.0,0.63,3534.6
2022-03-30 22:00:00,-25.5,-28.5,0.0,0.57,3600.0
2022-03-30 23:00:00,-22.3,-27.8,0.0,0.41,3600.0
2022-03-31 00:00:00,-19.8,-25.8,0.0,0.22,3600.0
2022-03-31 01:00:00,-16.7,-22.9,0.0,0.36,3600.0
2022-03-31 02:00:00,-14.1,-21.0,0.0,0.8,3600.0
2022-03-31 03:00:00,-12.3,-20.0,0.0,0.95,3600.0
2022-03-31 04:00:00,-11.0,-19.4,0.0,1.03,3600.0
2022-03-31 05:00:00,-10.1,-18.9,0.0,1.03,3600.0
2022-03-31 06:00:00,-9.7,-18.3,0.0,1.08,3600.0
2022-03-31 07:00:00,-10.1,-16.8,0.0,0.64,3600.0
2022-03-31 08:00:00,-10.1,-18.4,0.0,1.03,3600.0
2022-03-31 09:00:00,-11.4,-18.3,0.0,1.49,3600.0
2022-03-31 10:00:00,-14.0,-18.9,0.0,1.61,0.0
2022-03-31 11:00:00,-16.8,-19.9,0.0,1.26,0.0
2022-03-31 12:00:00,-19.0,-20.8,0.0,1.0,0.0
2022-03-31 13:00:00,-21.2,-22.4,0.0,1.1,0.0
2022-03-31 14:00:00,-23.0,-24.3,0.0,1.52,0.0
2022-03-31 15:00:00,-24.1,-26.7,0.0,1.97,0.0
2022-03-31 16:00:00,-24.6,-27.6,0.0,2.15,0.0
2022-03-31 17:00:00,-24.9,-28.1,0.0,2.2,0.0
2022-03-31 18:00:00,-25.6,-28.5,0.0,1.94,0.0
2022-03-31 19:00:00,-26.5,-28.9,0.0,1.98,0.0
2022-03-31 20:00:00,-27.3,-29.1,0.0,1.77,0.0
2022-03-31 21:00:00,-27.5,-29.0,0.0,1.66,3600.0
2022-03-31 22:00:00,-25.3,-28.7,0.0,1.26,3600.0
2022-03-31 23:00:00,-22.0,-27.7,0.0,0.36,3600.0
