data_czas,temperatura_powietrza_C,punkt_rosy_C,opad_mm,wiatr_m_s,naslonecznienie_sekundy
2024-11-01 00:00:00,-27.6,-30.6,0.0,1.03,3600.0
2024-11-01 01:00:00,-28.3,-31.6,0.0,0.21,3600.0
2024-11-01 02:00:00,-26.9,-30.6,0.0,0.07,3600.0
2024-11-01 03:00:00,-25.7,-30.5,0.0,0.36,3600.0
2024-11-01 04:00:00,-25.0,-29.7,0.0,0.38,3600.0
2024-11-01 05:00:00,-25.0,-29.0,0.0,0.49,3600.0
2024-11-01 06:00:00,-26.1,-29.1,0.0,0.92,3600.0
2024-11-01 07:00:00,-26.8,-29.3,0.0,0.79,0.0
2024-11-01 08:00:00,-27.5,-29.7,0.0,0.71,0.0
2024-11-01 09:00:00,-28.0,-30.1,0.0,0.7,0.0
2024-11-01 10:00:00,-28.4,-30.5,0.0,1.08,0.0
2024-11-01 11:00:00,-28.9,-31.0,0.0,1.19,0.0
2024-11-01 12:00:00,-29.3,-31.5,0.0,1.28,0.0
2024-11-01 13:00:00,-30.0,-32.4,0.0,0.92,0.0
2024-11-01 14:00:00,-29.9,-32.6,0.0,1.06,0.0
2024-11-01 15:00:00,-30.1,-32.7,0.0,0.78,0.0
2024-11-01 16:00:00,-30.2,-32.9,0.0,1.01,0.0
2024-11-01 17:00:00,-30.4,-33.1,0.0,1.15,0.0
2024-11-01 18:00:00,-30.6,-33.3,0.0,1.2,0.0
2024-11-01 19:00:00,-30.8,-33.5,0.0,1.03,0.0
2024-11-01 20:00:00,-31.3,-34.1,0.0,1.22,0.0
2024-11-01 21:00:00,-32.2,-34.9,0.0,1.41,0.0
2024-11-01 22:00:00,-32.0,-34.5,0.0,1.3,0.0
2024-11-01 23:00:00,-32.5,-35.1,0.0,1.23,2064.48
2024-11-02 00:00:00,-31.1,-34.0,0.0,0.92,3600.0
2024-11-02 01:00:00,-30.1,-34.1,0.0,0.21,3600.0
2024-11-02 02:00:00,-28.6,-32.9,0.0,0.18,3600.0
2024-11-02 03:00:00,-27.5,-31.8,0.0,0.11,3600.0
2024-11-02 04:00:00,-26.8,-31.2,0.0,0.22,3600.0
2024-11-02 05:00:00,-26.6,-30.5,0.0,0.42,3600.0
2024-11-02 06:00:00,-27.2,-30.3,0.0,0.47,3600.0
2024-11-02 07:00:00,-28.8,-31.5,0.0,0.54,0.0
2024-11-02 08:00:00,-28.2,-31.0,0.0,0.47,0.0
2024-11-02 09:00:00,-28.3,-31.3,0.0,0.2,0.0
2024-11-02 10:00:00,-28.4,-31.4,0.0,0.3,0.0
2024-11-02 11:00:00,-28.2,-31.6,0.0,0.45,0.0
2024-11-02 12:00:00,-28.7,-32.0,0.0,0.55,0.0
2024-11-02 13:00:00,-27.4,-30.2,0.0,0.72,0.0
2024-11-02 14:00:00,-27.4,-30.2,0.0,0.4,0.0
2024-11-02 15:00:00,-27.6,-30.3,0.0,0.57,0.0
2024-11-02 16:00:00,-27.8,-30.4,0.0,0.56,0.0
2024-11-02 17:00:00,-27.7,-30.1,0.0,0.32,0.0
2024-11-02 18:00:00,-27.4,-29.9,0.0,0.18,0.0
2024-11-02 19:00:00,-27.4,-29.9,0.0,0.36,0.0
2024-11-02 20:00:00,-27.9,-30.2,0.0,0.5,0.0
2024-11-02 21:00:00,-28.2,-30.6,0.0,0.71,0.0
2024-11-02 22:00:00,-28.5,-30.9,0.0,0.83,0.0
2024-11-02 23:00:00,-28.5,-30.8,0.0,0.72,0.0
2024-11-03 00:00:00,-27.8,-30.6,0.0,0.11,3600.0
2024-11-03 01:00:00,-25.5,-28.6,0.0,0.35,3600.0
2024-11-03 02:00:00,-24.3,-27.3,0.0,0.32,3600.0
2024-11-03 03:00:00,-23.6,-26.7,0.0,0.51,3600.0
2024-11-03 04:00:00,-22.7,-26.1,0.0,0.61,3600.0
2024-11-03 05:00:00,-22.8,-25.4,0.0,0.81,2946.79
2024-11-03 06:00:00,-23.6,-25.9,0.0,1.07,204.49
2024-11-03 07:00:00,-23.8,-26.2,0.0,1.21,0.0
2024-11-03 08:00:00,-23.6,-26.1,0.0,1.08,0.0
2024-11-03 09:00:00,-23.5,-26.1,0.0,0.8,0.0
2024-11-03 10:00:00,-23.5,-26.0,0.0,0.8,0.0
2024-11-03 11:00:00,-23.5,-26.0,0.0,0.61,0.0
2024-11-03 12:00:00,-23.7,-26.2,0.0,0.81,0.0
2024-11-03 13:00:00,-24.2,-26.4,0.0,1.57,0.0
2024-11-03 14:00:00,-24.2,-26.4,0.0,1.1,0.0
2024-11-03 15:00:00,-24.2,-26.2,0.0,0.4,0.0
2024-11-03 16:00:00,-24.6,-26.6,0.0,0.7,0.0
2024-11-03 17:00:00,-25.1,-27.3,0.0,0.5,0.0
2024-11-03 18:00:00,-25.4,-27.6,0.0,0.5,0.0
2024-11-03 19:00:00,-25.8,-28.2,0.0,0.76,0.0
2024-11-03 20:00:00,-26.1,-28.5,0.0,0.61,0.0
2024-11-03 21:00:00,-26.5,-28.8,0.0,0.73,0.0
2024-11-03 22:00:00,-26.7,-29.4,0.0,0.5,0.0
2024-11-03 23:00:00,-26.8,-29.9,0.0,0.65,986.9
2024-11-04 00:00:00,-26.5,-29.7,0.0,0.81,3600.0
2024-11-04 01:00:00,-24.7,-27.9,0.0,0.3,3600.0
2024-11-04 02:00:00,-23.8,-27.2,0.0,0.11,3600.0
2024-11-04 03:00:00,-23.0,-26.8,0.0,0.35,3600.0
2024-11-04 04:00:00,-22.6,-26.1,0.0,0.56,3600.0
2024-11-04 05:00:00,-23.0,-25.4,0.0,0.81,3600.0
2024-11-04 06:00:00,-23.9,-25.9,0.0,1.08,3431.04
2024-11-04 07:00:00,-24.3,-26.3,0.0,1.21,0.0
2024-11-04 08:00:00,-24.5,-26.6,0.0,1.43,0.0
2024-11-04 09:00:00,-24.7,-26.9,0.0,1.52,0.0
2024-11-04 10:00:00,-25.3,-27.3,0.0,1.45,0.0
2024-11-04 11:00:00,-25.9,-27.5,0.0,1.2,0.0
2024-11-04 12:00:00,-25.9,-27.4,0.0,0.82,0.0
2024-11-04 13:00:00,-24.7,-27.1,0.0,0.99,0.0
2024-11-04 14:00:00,-25.2,-27.4,0.0,0.56,0.0
2024-11-04 15:00:00,-25.3,-27.5,0.0,0.25,0.0
2024-11-04 16:00:00,-26.1,-28.5,0.0,0.5,0.0
2024-11-04 17:00:00,-26.7,-29.4,0.0,0.35,0.0
2024-11-04 18:00:00,-27.1,-29.8,0.0,0.22,0.0
2024-11-04 19:00:00,-27.0,-29.8,0.0,0.49,0.0
2024-11-04 20:00:00,-27.2,-29.8,0.0,0.67,0.0
2024-11-04 21:00:00,-27.6,-29.9,0.0,0.61,0.0
2024-11-04 22:00:00,-27.5,-29.8,0.0,0.67,0.0
2024-11-04 23:00:00,-27.7,-29.8,0.0,0.95,0.0
2024-11-05 00:00:00,-27.5,-29.9,0.0,0.67,3600.0
2024-11-05 01:00:00,-24.6,-27.4,0.0,0.63,3600.0
2024-11-05 02:00:00,-23.1,-26.2,0.0,0.57,3600.0
2024-11-05 03:00:00,-22.5,-25.7,0.0,0.35,3600.0
2024-11-05 04:00:00,-22.9,-26.0,0.0,0.7,3600.0
2024-11-05 05:00:00,-22.5,-25.3,0.0,1.11,3600.0
2024-11-05 06:00:00,-23.8,-26.2,0.0,1.25,3242.91
2024-11-05 07:00:00,-24.3,-26.4,0.0,1.2,0.0
2024-11-05 08:00:00,-25.2,-27.0,0.0,1.2,0.0
2024-11-05 09:00:00,-25.8,-27.6,0.0,1.3,0.0
2024-11-05 10:00:00,-26.6,-28.3,0.0,1.55,0.0
2024-11-05 11:00:00,-27.8,-29.6,0.0,1.75,0.0
2024-11-05 12:00:00,-28.2,-30.2,0.0,1.9,0.0
2024-11-05 13:00:00,-25.4,-27.8,0.0,1.18,0.0
2024-11-05 14:00:00,-25.7,-28.1,0.0,0.5,0.0
2024-11-05 15:00:00,-26.0,-28.6,0.0,0.83,0.0
2024-11-05 16:00:00,-26.1,-28.9,0.0,1.14,0.0
2024-11-05 17:00:00,-26.3,-29.1,0.0,1.36,0.0
2024-11-05 18:00:00,-26.7,-29.5,0.0,1.4,0.0
2024-11-05 19:00:00,-27.4,-30.1,0.0,1.4,0.0
2024-11-05 20:00:00,-27.7,-30.4,0.0,1.27,0.0
2024-11-05 21:00:00,-27.6,-30.4,0.0,1.08,0.0
2024-11-05 22:00:00,-28.2,-30.9,0.0,1.12,0.0
2024-11-05 23:00:00,-28.6,-31.4,0.0,1.21,0.0
2024-11-06 00:00:00,-27.3,-29.9,0.0,0.82,3600.0
2024-11-06 01:00:00,-26.3,-29.2,0.0,0.6,3600.0
2024-11-06 02:00:00,-24.7,-28.0,0.0,0.32,3600.0
2024-11-06 03:00:00,-24.2,-27.4,0.0,0.39,3600.0
2024-11-06 04:00:00,-24.6,-27.7,0.0,0.79,3600.0
2024-11-06 05:00:00,-23.9,-26.8,0.0,0.81,3600.0
2024-11-06 06:00:00,-24.4,-27.1,0.0,0.83,3057.13
2024-11-06 07:00:00,-24.9,-27.5,0.0,0.95,0.0
2024-11-06 08:00:00,-25.7,-28.1,0.0,0.98,0.0
2024-11-06 09:00:00,-26.2,-28.5,0.0,0.85,0.0
2024-11-06 10:00:00,-26.5,-28.9,0.0,0.89,0.0
2024-11-06 11:00:00,-26.6,-29.1,0.0,0.71,0.0
2024-11-06 12:00:00,-27.2,-29.6,0.0,0.35,0.0
2024-11-06 13:00:00,-26.6,-29.2,0.0,0.38,0.0
2024-11-06 14:00:00,-26.8,-29.2,0.0,0.36,0.0
2024-11-06 15:00:00,-27.0,-29.4,0.0,0.58,0.0
2024-11-06 16:00:00,-27.9,-30.2,0.0,0.92,0.0
2024-11-06 17:00:00,-27.5,-29.7,0.0,1.0,0.0
2024-11-06 18:00:00,-27.8,-29.6,0.0,0.29,0.0
2024-11-06 19:00:00,-27.8,-29.2,0.0,0.45,0.0
2024-11-06 20:00:00,-28.0,-29.5,0.0,0.72,0.0
2024-11-06 21:00:00,-28.2,-29.8,0.0,0.8,0.0
2024-11-06 22:00:00,-28.4,-30.2,0.0,1.15,0.0
2024-11-06 23:00:00,-29.2,-31.3,0.0,1.56,0.0
2024-11-07 00:00:00,-29.0,-31.8,0.0,1.4,3600.0
2024-11-07 01:00:00,-26.6,-29.2,0.0,0.73,3600.0
2024-11-07 02:00:00,-25.5,-28.4,0.0,0.45,3600.0
2024-11-07 03:00:00,-25.0,-28.0,0.0,0.3,3600.0
2024-11-07 04:00:00,-24.7,-27.8,0.0,0.49,3600.0
2024-11-07 05:00:00,-24.9,-27.3,0.0,0.47,3600.0
2024-11-07 06:00:00,-25.6,-28.1,0.0,0.85,2873.94
2024-11-07 07:00:00,-26.3,-28.7,0.0,0.65,0.0
2024-11-07 08:00:00,-26.7,-28.8,0.0,0.16,0.0
2024-11-07 09:00:00,-27.2,-29.3,0.0,0.32,0.0
2024-11-07 10:00:00,-27.9,-29.9,0.0,0.49,0.0
2024-11-07 11:00:00,-28.3,-30.2,0.0,0.34,0.0
2024-11-07 12:00:00,-28.3,-29.9,0.0,0.1,0.0
2024-11-07 13:00:00,-28.6,-30.9,0.0,0.56,0.0
2024-11-07 14:00:00,-28.8,-31.2,0.0,0.9,0.0
2024-11-07 15:00:00,-29.1,-31.4,0.0,0.95,0.0
2024-11-07 16:00:00,-29.2,-31.5,0.0,0.59,0.0
2024-11-07 17:00:00,-29.6,-31.6,0.0,0.34,0.0
2024-11-07 18:00:00,-29.9,-31.8,0.0,0.05,0.0
2024-11-07 19:00:00,-30.0,-31.9,0.0,0.43,0.0
2024-11-07 20:00:00,-30.2,-32.2,0.0,0.82,0.0
2024-11-07 21:00:00,-30.5,-32.5,0.0,0.96,0.0
2024-11-07 22:00:00,-30.7,-32.7,0.0,1.0,0.0
2024-11-07 23:00:00,-31.3,-33.7,0.0,1.13,67.83
2024-11-08 00:00:00,-30.7,-33.5,0.0,1.0,3600.0
2024-11-08 01:00:00,-30.3,-33.2,0.0,0.35,3600.0
2024-11-08 02:00:00,-29.2,-32.4,0.0,0.15,3600.0
2024-11-08 03:00:00,-28.5,-32.0,0.0,0.05,3600.0
2024-11-08 04:00:00,-28.5,-31.7,0.0,0.36,3600.0
2024-11-08 05:00:00,-28.8,-31.6,0.0,0.75,3600.0
2024-11-08 06:00:00,-29.6,-32.4,0.0,1.03,2693.57
2024-11-08 07:00:00,-30.8,-33.6,0.0,1.2,0.0
2024-11-08 08:00:00,-31.6,-34.1,0.0,1.36,0.0
2024-11-08 09:00:00,-32.5,-34.9,0.0,1.57,0.0
2024-11-08 10:00:00,-32.8,-35.3,0.0,1.68,0.0
2024-11-08 11:00:00,-32.1,-34.5,0.0,1.44,0.0
2024-11-08 12:00:00,-32.1,-34.7,0.0,1.38,0.0
2024-11-08 13:00:00,-34.4,-37.1,0.0,1.55,0.0
2024-11-08 14:00:00,-33.6,-36.2,0.0,1.57,0.0
2024-11-08 15:00:00,-32.9,-35.4,0.0,1.12,0.0
2024-11-08 16:00:00,-34.0,-36.7,0.0,1.17,0.0
2024-11-08 17:00:00,-34.7,-37.8,0.0,1.48,0.0
2024-11-08 18:00:00,-34.9,-38.0,0.0,1.55,0.0
2024-11-08 19:00:00,-35.0,-38.1,0.0,1.59,0.0
2024-11-08 20:00:00,-34.7,-37.9,0.0,1.49,0.0
2024-11-08 21:00:00,-33.4,-36.6,0.0,1.15,0.0
2024-11-08 22:00:00,-34.8,-38.0,0.0,1.19,0.0
2024-11-08 23:00:00,-34.8,-38.0,0.0,1.61,168.2
2024-11-09 00:00:00,-33.0,-36.1,0.0,1.35,3600.0
2024-11-09 01:00:00,-33.0,-36.1,0.0,0.47,3600.0
2024-11-09 02:00:00,-31.8,-35.2,0.0,0.68,3600.0
2024-11-09 03:00:00,-31.0,-34.5,0.0,0.38,3600.0
2024-11-09 04:00:00,-30.6,-33.8,0.0,0.38,3600.0
2024-11-09 05:00:00,-30.3,-33.3,0.0,0.3,3600.0
2024-11-09 06:00:00,-31.8,-35.0,0.0,0.97,2514.33
2024-11-09 07:00:00,-31.5,-35.0,0.0,1.01,0.0
2024-11-09 08:00:00,-31.3,-34.9,0.0,0.46,0.0
2024-11-09 09:00:00,-31.4,-34.3,0.0,0.46,0.0
2024-11-09 10:00:00,-29.8,-32.6,0.0,0.4,0.0
2024-11-09 11:00:00,-29.1,-32.0,0.0,0.35,0.0
2024-11-09 12:00:00,-28.7,-31.7,0.0,0.43,0.0
2024-11-09 13:00:00,-29.5,-32.2,0.0,0.74,0.0
2024-11-09 14:00:00,-29.1,-31.8,0.1,0.51,0.0
2024-11-09 15:00:00,-28.9,-31.6,0.0,0.5,0.0
2024-11-09 16:00:00,-29.0,-31.9,0.0,0.45,0.0
2024-11-09 17:00:00,-29.0,-31.8,0.0,0.4,0.0
2024-11-09 18:00:00,-29.4,-32.3,0.0,0.43,0.0
2024-11-09 19:00:00,-29.1,-32.3,0.0,0.43,0.0
2024-11-09 20:00:00,-29.9,-32.9,0.0,0.7,0.0
2024-11-09 21:00:00,-29.9,-32.8,0.0,1.0,0.0
2024-11-09 22:00:00,-30.5,-33.4,0.0,1.05,0.0
2024-11-09 23:00:00,-30.2,-33.0,0.0,1.05,0.0
2024-11-10 00:00:00,-29.7,-32.5,0.0,0.87,3351.33
2024-11-10 01:00:00,-30.0,-33.2,0.0,0.89,3600.0
2024-11-10 02:00:00,-29.4,-33.1,0.0,0.85,3600.0
2024-11-10 03:00:00,-28.8,-32.7,0.0,0.71,3600.0
2024-11-10 04:00:00,-28.6,-32.4,0.0,0.51,3600.0
2024-11-10 05:00:00,-28.8,-31.9,0.0,0.81,3600.0
2024-11-10 06:00:00,-29.4,-32.3,0.0,1.07,1711.6
2024-11-10 07:00:00,-30.3,-33.0,0.0,1.25,0.0
2024-11-10 08:00:00,-31.0,-33.6,0.0,1.28,0.0
2024-11-10 09:00:00,-31.1,-33.8,0.0,1.33,0.0
2024-11-10 10:00:00,-31.1,-33.7,0.0,1.32,0.0
2024-11-10 11:00:00,-31.1,-33.6,0.0,1.25,0.0
2024-11-10 12:00:00,-31.5,-33.7,0.0,1.26,0.0
2024-11-10 13:00:00,-30.9,-33.7,0.0,0.64,0.0
2024-11-10 14:00:00,-31.0,-34.0,0.0,0.36,0.0
2024-11-10 15:00:00,-31.1,-34.0,0.0,0.67,0.0
2024-11-10 16:00:00,-31.1,-34.0,0.0,0.9,0.0
2024-11-10 17:00:00,-32.0,-34.6,0.0,1.39,0.0
2024-11-10 18:00:00,-32.5,-34.9,0.0,1.46,0.0
2024-11-10 19:00:00,-32.0,-34.4,0.0,1.27,0.0
2024-11-10 20:00:00,-32.2,-34.5,0.0,0.78,0.0
2024-11-10 21:00:00,-32.3,-34.5,0.0,0.75,0.0
2024-11-10 22:00:00,-32.5,-34.8,0.0,0.71,0.0
2024-11-10 23:00:00,-32.5,-34.8,0.0,0.65,0.0
2024-11-11 00:00:00,-32.3,-35.2,0.0,0.62,3600.0
2024-11-11 01:00:00,-31.2,-34.0,0.0,0.85,3600.0
2024-11-11 02:00:00,-30.2,-33.2,0.0,0.49,3600.0
2024-11-11 03:00:00,-29.4,-32.8,0.0,0.27,3600.0
2024-11-11 04:00:00,-29.5,-32.7,0.0,0.58,3600.0
2024-11-11 05:00:00,-29.1,-31.9,0.0,0.41,3600.0
2024-11-11 06:00:00,-29.5,-32.2,0.0,0.29,1828.41
2024-11-11 07:00:00,-30.0,-32.6,0.0,0.05,0.0
2024-11-11 08:00:00,-30.6,-33.1,0.0,0.29,0.0
2024-11-11 09:00:00,-30.8,-33.2,0.0,0.74,0.0
2024-11-11 10:00:00,-31.2,-33.3,0.0,0.98,0.0
2024-11-11 11:00:00,-31.3,-33.3,0.0,0.5,0.0
2024-11-11 12:00:00,-31.7,-33.5,0.0,0.27,0.0
2024-11-11 13:00:00,-33.2,-35.6,0.0,0.66,0.0
2024-11-11 14:00:00,-33.6,-36.2,0.0,0.81,0.0
2024-11-11 15:00:00,-33.7,-36.1,0.0,0.32,0.0
2024-11-11 16:00:00,-35.7,-38.4,0.0,1.45,0.0
2024-11-11 17:00:00,-35.7,-38.8,0.0,1.38,0.0
2024-11-11 18:00:00,-35.2,-38.3,0.0,1.07,0.0
2024-11-11 19:00:00,-34.8,-38.0,0.0,0.89,0.0
2024-11-11 20:00:00,-36.1,-39.2,0.0,1.35,0.0
2024-11-11 21:00:00,-35.7,-38.9,0.0,1.13,0.0
2024-11-11 22:00:00,-35.9,-39.1,0.0,1.19,0.0
2024-11-11 23:00:00,-36.0,-39.2,0.0,1.21,0.0
2024-11-12 00:00:00,-34.8,-37.7,0.0,1.32,3600.0
2024-11-12 01:00:00,-35.2,-38.1,0.0,0.7,3600.0
2024-11-12 02:00:00,-33.9,-36.9,0.0,0.35,3600.0
2024-11-12 03:00:00,-33.1,-36.0,0.0,0.5,3600.0
2024-11-12 04:00:00,-32.8,-35.7,0.0,0.54,3600.0
2024-11-12 05:00:00,-33.0,-35.9,0.0,0.47,3600.0
2024-11-12 06:00:00,-33.8,-36.8,0.0,0.46,0.0
2024-11-12 07:00:00,-35.1,-38.3,0.0,0.74,0.0
2024-11-12 08:00:00,-35.2,-38.4,0.0,1.1,0.0
2024-11-12 09:00:00,-35.2,-38.4,0.0,1.18,0.0
2024-11-12 10:00:00,-35.3,-38.6,0.0,1.21,0.0
2024-11-12 11:00:00,-35.4,-38.5,0.0,1.35,0.0
2024-11-12 12:00:00,-35.3,-38.5,0.0,1.42,0.0
2024-11-12 13:00:00,-40.5,-43.2,0.0,0.46,0.0
2024-11-12 14:00:00,-40.2,-42.8,0.0,0.25,0.0
2024-11-12 15:00:00,-39.7,-42.5,0.0,0.4,0.0
2024-11-12 16:00:00,-38.9,-41.9,0.0,1.05,0.0
2024-11-12 17:00:00,-38.5,-41.6,0.0,1.0,0.0
2024-11-12 18:00:00,-38.0,-41.2,0.0,0.68,0.0
2024-11-12 19:00:00,-37.5,-40.8,0.0,0.32,0.0
2024-11-12 20:00:00,-38.3,-41.3,0.0,0.11,0.0
2024-11-12 21:00:00,-38.7,-41.3,0.0,0.2,0.0
2024-11-12 22:00:00,-38.4,-40.9,0.0,0.21,0.0
2024-11-12 23:00:00,-38.6,-40.9,0.0,0.16,0.0
2024-11-13 00:00:00,-38.0,-40.2,0.0,0.3,3600.0
2024-11-13 01:00:00,-38.1,-41.3,0.0,0.21,3600.0
2024-11-13 02:00:00,-36.2,-40.3,0.0,0.35,3600.0
2024-11-13 03:00:00,-34.9,-39.6,0.0,0.2,3600.0
2024-11-13 04:00:00,-34.6,-38.9,0.0,0.05,3600.0
2024-11-13 05:00:00,-35.2,-38.7,0.0,0.16,3600.0
2024-11-13 06:00:00,-36.2,-39.3,0.0,0.18,0.0
2024-11-13 07:00:00,-36.7,-39.5,0.0,0.05,0.0
2024-11-13 08:00:00,-37.3,-40.0,0.0,0.15,0.0
2024-11-13 09:00:00,-37.7,-40.4,0.0,0.32,0.0
2024-11-13 10:00:00,-37.9,-40.5,0.0,0.34,0.0
2024-11-13 11:00:00,-38.0,-40.8,0.0,0.22,0.0
2024-11-13 12:00:00,-38.1,-41.0,0.0,0.38,0.0
2024-11-13 13:00:00,-39.2,-41.6,0.0,0.32,0.0
2024-11-13 14:00:00,-39.4,-41.8,0.0,0.25,0.0
2024-11-13 15:00:00,-38.9,-41.4,0.0,0.0,0.0
2024-11-13 16:00:00,-38.9,-41.6,0.0,0.16,0.0
2024-11-13 17:00:00,-39.0,-41.7,0.0,0.36,0.0
2024-11-13 18:00:00,-39.8,-42.3,0.0,0.86,0.0
2024-11-13 19:00:00,-39.8,-42.3,0.0,0.65,0.0
2024-11-13 20:00:00,-39.7,-42.4,0.0,0.25,0.0
2024-11-13 21:00:00,-39.7,-42.6,0.0,0.27,0.0
2024-11-13 22:00:00,-39.8,-42.8,0.0,0.38,0.0
2024-11-13 23:00:00,-40.0,-43.0,0.0,0.62,0.0
2024-11-14 00:00:00,-39.2,-42.5,0.0,0.84,3600.0
2024-11-14 01:00:00,-38.0,-41.7,0.0,0.36,3600.0
2024-11-14 02:00:00,-36.3,-40.8,0.0,0.65,3600.0
2024-11-14 03:00:00,-35.2,-39.8,0.0,0.4,2666.23
2024-11-14 04:00:00,-34.6,-39.0,0.0,0.25,1742.7
2024-11-14 05:00:00,-35.5,-38.9,0.0,0.25,2559.38
2024-11-14 06:00:00,-36.4,-39.5,0.0,0.35,0.0
2024-11-14 07:00:00,-36.7,-39.8,0.0,0.46,0.0
2024-11-14 08:00:00,-36.9,-40.0,0.0,0.45,0.0
2024-11-14 09:00:00,-36.9,-40.2,0.0,0.45,0.0
2024-11-14 10:00:00,-37.3,-40.7,0.0,0.52,0.0
2024-11-14 11:00:00,-37.7,-41.1,0.0,0.41,0.0
2024-11-14 12:00:00,-38.0,-41.4,0.0,0.41,0.0
2024-11-14 13:00:00,-39.8,-42.9,0.0,0.35,0.0
2024-11-14 14:00:00,-39.7,-43.1,0.0,0.34,0.0
2024-11-14 15:00:00,-39.4,-43.1,0.0,0.21,0.0
2024-11-14 16:00:00,-39.2,-42.9,0.0,0.0,0.0
2024-11-14 17:00:00,-39.2,-42.7,0.0,0.11,0.0
2024-11-14 18:00:00,-39.2,-42.7,0.0,0.11,0.0
2024-11-14 19:00:00,-39.3,-42.7,0.0,0.14,0.0
2024-11-14 20:00:00,-39.4,-42.9,0.0,0.11,0.0
2024-11-14 21:00:00,-39.1,-42.7,0.0,0.11,0.0
2024-11-14 22:00:00,-39.4,-42.8,0.0,0.21,0.0
2024-11-14 23:00:00,-39.6,-43.0,0.0,0.21,0.0
2024-11-15 00:00:00,-39.0,-42.5,0.0,0.22,3475.72
2024-11-15 01:00:00,-38.1,-41.9,0.0,0.5,3600.0
2024-11-15 02:00:00,-36.5,-41.4,0.0,0.27,3600.0
2024-11-15 03:00:00,-35.7,-40.9,0.0,0.11,3600.0
2024-11-15 04:00:00,-35.6,-40.3,0.0,0.0,3600.0
2024-11-15 05:00:00,-36.1,-40.1,0.0,0.0,3600.0
2024-11-15 06:00:00,-36.0,-40.0,0.0,0.11,0.0
2024-11-15 07:00:00,-36.8,-40.4,0.0,0.14,0.0
2024-11-15 08:00:00,-36.7,-40.2,0.0,0.05,0.0
2024-11-15 09:00:00,-36.8,-40.2,0.0,0.11,0.0
2024-11-15 10:00:00,-36.6,-39.9,0.0,0.1,0.0
2024-11-15 11:00:00,-36.4,-39.6,0.0,0.05,0.0
2024-11-15 12:00:00,-35.9,-39.1,0.0,0.41,0.0
2024-11-15 13:00:00,-35.6,-38.8,0.0,0.4,0.0
2024-11-15 14:00:00,-35.4,-38.7,0.0,0.5,0.0
2024-11-15 15:00:00,-35.0,-38.4,0.0,0.6,0.0
2024-11-15 16:00:00,-34.7,-38.1,0.0,0.66,0.0
2024-11-15 17:00:00,-34.6,-37.9,0.0,0.97,0.0
2024-11-15 18:00:00,-34.6,-37.8,0.0,1.14,0.0
2024-11-15 19:00:00,-34.3,-37.5,0.0,1.05,0.0
2024-11-15 20:00:00,-34.2,-37.3,0.0,1.15,0.0
2024-11-15 21:00:00,-34.0,-37.2,0.0,1.17,0.0
2024-11-15 22:00:00,-33.9,-37.1,0.0,0.87,0.0
2024-11-15 23:00:00,-33.8,-37.1,0.0,0.81,0.0
2024-11-16 00:00:00,-33.3,-36.7,0.0,1.0,0.0
2024-11-16 01:00:00,-31.8,-35.5,0.0,0.62,0.0
2024-11-16 02:00:00,-31.0,-35.0,0.0,0.47,0.0
2024-11-16 03:00:00,-30.3,-34.5,0.0,0.46,0.0
2024-11-16 04:00:00,-29.8,-34.0,0.0,0.56,0.0
2024-11-16 05:00:00,-29.6,-33.6,0.0,0.35,0.0
2024-11-16 06:00:00,-30.1,-33.7,0.0,0.49,0.0
2024-11-16 07:00:00,-30.5,-34.1,0.0,0.53,0.0
2024-11-16 08:00:00,-31.2,-34.6,0.0,0.36,0.0
2024-11-16 09:00:00,-31.5,-34.7,0.0,0.45,0.0
2024-11-16 10:00:00,-31.8,-34.9,0.0,0.52,0.0
2024-11-16 11:00:00,-31.7,-34.9,0.0,0.65,0.0
2024-11-16 12:00:00,-31.4,-34.5,0.0,1.14,0.0
2024-11-16 13:00:00,-31.9,-35.0,0.0,0.18,0.0
2024-11-16 14:00:00,-31.9,-35.1,0.0,0.05,0.0
2024-11-16 15:00:00,-31.8,-35.2,0.0,0.07,0.0
2024-11-16 16:00:00,-32.1,-35.4,0.0,0.15,0.0
2024-11-16 17:00:00,-32.6,-36.0,0.0,0.15,0.0
2024-11-16 18:00:00,-32.8,-36.2,0.0,0.05,0.0
2024-11-16 19:00:00,-33.0,-36.2,0.0,0.16,0.0
2024-11-16 20:00:00,-34.0,-36.7,0.0,0.18,0.0
2024-11-16 21:00:00,-35.0,-37.4,0.0,0.18,0.0
2024-11-16 22:00:00,-35.5,-37.8,0.0,0.14,0.0
2024-11-16 23:00:00,-36.2,-38.7,0.0,0.11,0.0
2024-11-17 00:00:00,-36.3,-39.4,0.0,0.11,1700.23
2024-11-17 01:00:00,-36.6,-39.7,0.0,0.71,3600.0
2024-11-17 02:00:00,-35.4,-39.0,0.0,0.61,3600.0
2024-11-17 03:00:00,-34.6,-38.6,0.0,0.29,3600.0
2024-11-17 04:00:00,-34.6,-38.2,0.0,0.18,3600.0
2024-11-17 05:00:00,-35.3,-38.6,0.0,0.22,3600.0
2024-11-17 06:00:00,-36.0,-39.2,0.0,0.0,216.88
2024-11-17 07:00:00,-36.2,-39.3,0.0,0.11,0.0
2024-11-17 08:00:00,-36.4,-39.3,0.0,0.11,0.0
2024-11-17 09:00:00,-36.9,-39.5,0.0,0.07,0.0
2024-11-17 10:00:00,-37.6,-40.2,0.0,0.0,0.0
2024-11-17 11:00:00,-38.1,-40.8,0.0,0.05,0.0
2024-11-17 12:00:00,-38.5,-41.4,0.0,0.05,0.0
2024-11-17 13:00:00,-39.0,-42.1,0.0,0.18,0.0
2024-11-17 14:00:00,-39.8,-42.9,0.0,0.63,0.0
2024-11-17 15:00:00,-39.9,-42.9,0.0,0.11,0.0
2024-11-17 16:00:00,-39.7,-42.8,0.0,0.1,0.0
2024-11-17 17:00:00,-40.5,-43.7,0.0,0.21,0.0
2024-11-17 18:00:00,-40.1,-43.3,0.0,0.16,0.0
2024-11-17 19:00:00,-39.8,-43.1,0.0,0.07,0.0
2024-11-17 20:00:00,-39.8,-43.1,0.0,0.16,0.0
2024-11-17 21:00:00,-39.9,-43.2,0.0,0.46,0.0
2024-11-17 22:00:00,-39.7,-43.1,0.0,0.18,0.0
2024-11-17 23:00:00,-39.9,-43.2,0.0,0.16,0.0
2024-11-18 00:00:00,-39.0,-42.0,0.0,0.36,193.38
2024-11-18 01:00:00,-37.3,-41.1,0.0,0.67,0.0
2024-11-18 02:00:00,-35.5,-39.7,0.0,0.3,0.0
2024-11-18 03:00:00,-34.2,-38.3,0.0,0.5,0.0
2024-11-18 04:00:00,-33.3,-37.1,0.0,0.25,0.0
2024-11-18 05:00:00,-32.9,-36.5,0.1,0.58,0.0
2024-11-18 06:00:00,-33.1,-36.3,0.1,0.72,0.0
2024-11-18 07:00:00,-33.2,-36.4,0.1,0.35,0.0
2024-11-18 08:00:00,-33.6,-36.8,0.0,0.15,0.0
2024-11-18 09:00:00,-33.7,-37.0,0.0,0.52,0.0
2024-11-18 10:00:00,-34.1,-37.4,0.0,0.43,0.0
2024-11-18 11:00:00,-34.1,-37.2,0.0,1.2,0.0
2024-11-18 12:00:00,-34.1,-37.1,0.0,1.7,0.0
2024-11-18 13:00:00,-35.2,-38.5,0.0,1.77,0.0
2024-11-18 14:00:00,-35.4,-38.8,0.0,1.66,0.0
2024-11-18 15:00:00,-35.7,-39.0,0.0,1.75,0.0
2024-11-18 16:00:00,-35.7,-39.1,0.0,1.92,0.0
2024-11-18 17:00:00,-35.9,-39.3,0.0,1.44,0.0
2024-11-18 18:00:00,-36.1,-39.5,0.0,1.31,0.0
2024-11-18 19:00:00,-36.6,-39.9,0.0,1.4,0.0
2024-11-18 20:00:00,-37.0,-40.1,0.0,1.71,0.0
2024-11-18 21:00:00,-36.8,-39.9,0.0,1.82,0.0
2024-11-18 22:00:00,-36.6,-39.8,0.0,1.7,0.0
2024-11-18 23:00:00,-36.4,-39.6,0.0,1.41,0.0
2024-11-19 00:00:00,-36.0,-39.2,0.0,1.3,0.0
2024-11-19 01:00:00,-36.5,-40.1,0.0,1.21,0.0
2024-11-19 02:00:00,-35.2,-39.2,0.0,0.81,0.0
2024-11-19 03:00:00,-34.4,-38.5,0.0,0.6,0.0
2024-11-19 04:00:00,-33.9,-37.9,0.0,0.65,0.0
2024-11-19 05:00:00,-33.9,-37.5,0.0,0.9,0.0
2024-11-19 06:00:00,-34.4,-37.9,0.0,1.05,0.0
2024-11-19 07:00:00,-35.2,-38.8,0.0,1.18,0.0
2024-11-19 08:00:00,-36.4,-39.9,0.0,1.41,0.0
2024-11-19 09:00:00,-37.7,-41.1,0.0,1.2,0.0
2024-11-19 10:00:00,-38.1,-41.3,0.0,0.65,0.0
2024-11-19 11:00:00,-38.4,-41.6,0.0,0.45,0.0
2024-11-19 12:00:00,-38.4,-41.6,0.0,0.41,0.0
2024-11-19 13:00:00,-37.6,-41.2,0.0,0.74,0.0
2024-11-19 14:00:00,-36.8,-40.6,0.0,1.13,0.0
2024-11-19 15:00:00,-36.4,-40.1,0.0,0.51,0.0
2024-11-19 16:00:00,-36.0,-39.7,0.0,0.34,0.0
2024-11-19 17:00:00,-35.8,-39.4,0.0,0.36,0.0
2024-11-19 18:00:00,-36.4,-39.9,0.0,0.18,0.0
2024-11-19 19:00:00,-37.1,-40.5,0.0,0.16,0.0
2024-11-19 20:00:00,-36.9,-40.4,0.0,0.14,0.0
2024-11-19 21:00:00,-37.4,-40.7,0.0,0.22,0.0
2024-11-19 22:00:00,-38.1,-41.2,0.0,0.25,0.0
2024-11-19 23:00:00,-38.5,-41.3,0.0,0.07,0.0
2024-11-20 00:00:00,-38.5,-41.2,0.0,0.05,1260.4
2024-11-20 01:00:00,-37.0,-40.1,0.0,0.05,2646.43
2024-11-20 02:00:00,-35.9,-39.8,0.0,0.11,3600.0
2024-11-20 03:00:00,-34.9,-39.4,0.0,0.18,3600.0
2024-11-20 04:00:00,-35.1,-39.3,0.0,0.14,3600.0
2024-11-20 05:00:00,-36.0,-40.0,0.0,0.1,3600.0
2024-11-20 06:00:00,-36.8,-40.5,0.0,0.0,0.0
2024-11-20 07:00:00,-37.3,-40.6,0.0,0.05,0.0
2024-11-20 08:00:00,-37.7,-40.6,0.0,0.05,0.0
2024-11-20 09:00:00,-38.2,-40.7,0.0,0.1,0.0
2024-11-20 10:00:00,-38.8,-41.0,0.0,0.16,0.0
2024-11-20 11:00:00,-39.4,-41.4,0.0,0.11,0.0
2024-11-20 12:00:00,-39.6,-41.7,0.0,0.07,0.0
2024-11-20 13:00:00,-41.3,-43.6,0.0,0.11,0.0
2024-11-20 14:00:00,-41.4,-43.7,0.0,0.14,0.0
2024-11-20 15:00:00,-41.2,-43.5,0.0,0.07,0.0
2024-11-20 16:00:00,-41.1,-43.8,0.0,0.05,0.0
2024-11-20 17:00:00,-41.2,-44.4,0.0,0.05,0.0
2024-11-20 18:00:00,-41.2,-45.0,0.0,0.11,0.0
2024-11-20 19:00:00,-41.4,-45.2,0.0,0.15,0.0
2024-11-20 20:00:00,-41.4,-45.1,0.0,0.21,0.0
2024-11-20 21:00:00,-41.5,-45.0,0.0,0.32,0.0
2024-11-20 22:00:00,-41.6,-45.0,0.0,0.32,0.0
2024-11-20 23:00:00,-41.7,-45.1,0.0,0.3,0.0
2024-11-21 00:00:00,-41.4,-45.1,0.0,0.21,1383.76
2024-11-21 01:00:00,-39.9,-44.4,0.0,0.18,3600.0
2024-11-21 02:00:00,-38.5,-43.7,0.0,0.11,3600.0
2024-11-21 03:00:00,-37.4,-42.8,0.0,0.11,3600.0
2024-11-21 04:00:00,-37.1,-42.2,0.0,0.14,3600.0
2024-11-21 05:00:00,-37.6,-42.6,0.0,0.16,3600.0
2024-11-21 06:00:00,-38.3,-43.2,0.0,0.27,0.0
2024-11-21 07:00:00,-38.8,-43.5,0.0,0.32,0.0
2024-11-21 08:00:00,-39.3,-43.9,0.0,0.27,0.0
2024-11-21 09:00:00,-39.6,-44.2,0.0,0.16,0.0
2024-11-21 10:00:00,-39.7,-44.4,0.0,0.11,0.0
2024-11-21 11:00:00,-39.9,-44.6,0.0,0.11,0.0
2024-11-21 12:00:00,-40.1,-44.7,0.0,0.07,0.0
2024-11-21 13:00:00,-41.7,-46.4,0.0,0.25,0.0
2024-11-21 14:00:00,-42.5,-46.4,0.0,0.45,0.0
2024-11-21 15:00:00,-42.9,-46.5,0.0,0.27,0.0
2024-11-21 16:00:00,-42.9,-46.7,0.0,0.15,0.0
2024-11-21 17:00:00,-43.1,-46.8,0.0,0.25,0.0
2024-11-21 18:00:00,-43.4,-46.7,0.0,0.32,0.0
2024-11-21 19:00:00,-43.5,-46.6,0.0,0.25,0.0
2024-11-21 20:00:00,-43.5,-46.5,0.0,0.21,0.0
2024-11-21 21:00:00,-43.5,-46.5,0.0,0.3,0.0
2024-11-21 22:00:00,-43.5,-46.7,0.0,0.27,0.0
2024-11-21 23:00:00,-43.5,-46.8,0.0,0.22,0.0
2024-11-22 00:00:00,-43.1,-46.8,0.0,0.25,1506.48
2024-11-22 01:00:00,-42.3,-46.9,0.0,0.94,3600.0
2024-11-22 02:00:00,-40.5,-45.9,0.0,0.82,3600.0
2024-11-22 03:00:00,-39.3,-44.9,0.0,0.51,3600.0
2024-11-22 04:00:00,-38.9,-44.0,0.0,0.38,3600.0
2024-11-22 05:00:00,-39.5,-44.4,0.0,0.28,3600.0
2024-11-22 06:00:00,-40.0,-45.0,0.0,0.11,0.0
2024-11-22 07:00:00,-40.3,-45.2,0.0,0.14,0.0
2024-11-22 08:00:00,-40.4,-45.1,0.0,0.11,0.0
2024-11-22 09:00:00,-40.4,-45.1,0.0,0.05,0.0
2024-11-22 10:00:00,-40.8,-45.3,0.0,0.22,0.0
2024-11-22 11:00:00,-41.5,-45.7,0.0,0.53,0.0
2024-11-22 12:00:00,-42.0,-45.9,0.0,0.6,0.0
2024-11-22 13:00:00,-43.9,-47.8,0.0,1.0,0.0
2024-11-22 14:00:00,-44.1,-47.9,0.0,1.22,0.0
2024-11-22 15:00:00,-44.1,-47.7,0.0,0.92,0.0
2024-11-22 16:00:00,-43.8,-47.6,0.0,0.47,0.0
2024-11-22 17:00:00,-43.5,-47.6,0.0,0.35,0.0
2024-11-22 18:00:00,-43.2,-47.5,0.0,0.25,0.0
2024-11-22 19:00:00,-42.9,-47.4,0.0,0.16,0.0
2024-11-22 20:00:00,-42.6,-47.3,0.0,0.21,0.0
2024-11-22 21:00:00,-42.4,-47.1,0.0,0.15,0.0
2024-11-22 22:00:00,-42.2,-47.0,0.0,0.11,0.0
2024-11-22 23:00:00,-42.1,-47.0,0.0,0.11,0.0
2024-11-23 00:00:00,-41.8,-46.8,0.0,0.18,1628.66
2024-11-23 01:00:00,-42.2,-47.6,0.0,0.87,3600.0
2024-11-23 02:00:00,-40.6,-46.3,0.0,0.85,3600.0
2024-11-23 03:00:00,-39.6,-45.4,0.0,0.4,3600.0
2024-11-23 04:00:00,-39.1,-44.4,0.0,0.21,3600.0
2024-11-23 05:00:00,-39.7,-44.4,0.0,0.46,3600.0
2024-11-23 06:00:00,-40.1,-45.0,0.0,0.32,0.0
2024-11-23 07:00:00,-40.3,-45.4,0.0,0.27,0.0
2024-11-23 08:00:00,-40.6,-45.8,0.0,0.4,0.0
2024-11-23 09:00:00,-40.9,-46.0,0.0,0.5,0.0
2024-11-23 10:00:00,-41.2,-46.0,0.0,0.51,0.0
2024-11-23 11:00:00,-41.4,-46.0,0.0,0.61,0.0
2024-11-23 12:00:00,-41.6,-45.9,0.0,0.85,0.0
2024-11-23 13:00:00,-44.2,-47.9,0.0,1.25,0.0
2024-11-23 14:00:00,-44.3,-48.0,0.0,1.17,0.0
2024-11-23 15:00:00,-44.2,-47.9,0.0,0.81,0.0
2024-11-23 16:00:00,-43.9,-47.6,0.0,0.61,0.0
2024-11-23 17:00:00,-43.7,-47.4,0.0,0.64,0.0
2024-11-23 18:00:00,-43.4,-47.1,0.0,0.43,0.0
2024-11-23 19:00:00,-43.3,-47.2,0.0,1.03,0.0
2024-11-23 20:00:00,-43.0,-47.1,0.0,0.63,0.0
2024-11-23 21:00:00,-42.9,-47.1,0.0,1.11,0.0
2024-11-23 22:00:00,-42.8,-47.1,0.0,0.56,0.0
2024-11-23 23:00:00,-42.6,-47.0,0.0,1.1,0.0
2024-11-24 00:00:00,-42.2,-46.7,0.0,0.54,874.65
2024-11-24 01:00:00,-42.2,-47.6,0.0,1.06,3600.0
2024-11-24 02:00:00,-41.0,-46.2,0.0,0.36,3600.0
2024-11-24 03:00:00,-40.0,-45.1,0.0,0.9,3600.0
2024-11-24 04:00:00,-39.5,-44.2,0.0,0.45,3600.0
2024-11-24 05:00:00,-39.7,-44.0,0.0,0.78,3593.35
2024-11-24 06:00:00,-40.0,-44.1,0.0,0.86,0.0
2024-11-24 07:00:00,-40.3,-44.5,0.0,0.74,0.0
2024-11-24 08:00:00,-40.2,-44.5,0.0,1.0,0.0
2024-11-24 09:00:00,-40.4,-44.6,0.0,0.71,0.0
2024-11-24 10:00:00,-40.6,-44.8,0.0,0.85,0.0
2024-11-24 11:00:00,-40.7,-44.9,0.0,0.9,0.0
2024-11-24 12:00:00,-40.7,-44.9,0.0,1.05,0.0
2024-11-24 13:00:00,-43.1,-47.2,0.0,0.85,0.0
2024-11-24 14:00:00,-43.0,-47.0,0.0,1.03,0.0
2024-11-24 15:00:00,-42.9,-46.9,0.0,0.96,0.0
2024-11-24 16:00:00,-42.8,-46.9,0.0,0.78,0.0
2024-11-24 17:00:00,-42.7,-46.9,0.0,0.79,0.0
2024-11-24 18:00:00,-42.7,-46.9,0.0,0.63,0.0
2024-11-24 19:00:00,-42.6,-46.8,0.0,0.29,0.0
2024-11-24 20:00:00,-42.4,-46.8,0.0,0.28,0.0
2024-11-24 21:00:00,-42.3,-46.8,0.0,0.18,0.0
2024-11-24 22:00:00,-42.3,-46.9,0.0,0.16,0.0
2024-11-24 23:00:00,-42.2,-47.0,0.0,0.25,0.0
2024-11-25 00:00:00,-42.1,-46.7,0.0,0.41,100.25
2024-11-25 01:00:00,-41.4,-47.0,0.0,0.29,3600.0
2024-11-25 02:00:00,-40.1,-45.6,0.0,0.57,3600.0
2024-11-25 03:00:00,-39.3,-44.2,0.0,0.59,3600.0
2024-11-25 04:00:00,-39.0,-43.4,0.0,0.32,3600.0
2024-11-25 05:00:00,-39.6,-43.2,0.0,0.21,3446.26
2024-11-25 06:00:00,-40.3,-43.7,0.0,0.1,0.0
2024-11-25 07:00:00,-40.7,-44.1,0.0,0.1,0.0
2024-11-25 08:00:00,-40.9,-44.4,0.0,0.16,0.0
2024-11-25 09:00:00,-41.1,-44.9,0.0,0.18,0.0
2024-11-25 10:00:00,-41.3,-45.3,0.0,0.14,0.0
2024-11-25 11:00:00,-41.4,-45.4,0.0,0.07,0.0
2024-11-25 12:00:00,-41.3,-45.5,0.0,0.11,0.0
2024-11-25 13:00:00,-41.9,-45.5,0.0,0.15,0.0
2024-11-25 14:00:00,-42.0,-45.7,0.0,0.5,0.0
2024-11-25 15:00:00,-42.2,-46.1,0.0,0.46,0.0
2024-11-25 16:00:00,-42.3,-46.3,0.0,0.4,0.0
2024-11-25 17:00:00,-42.0,-46.2,0.0,0.25,0.0
2024-11-25 18:00:00,-41.3,-46.0,0.0,0.05,0.0
2024-11-25 19:00:00,-40.7,-45.8,0.0,0.0,0.0
2024-11-25 20:00:00,-40.4,-45.6,0.0,0.11,0.0
2024-11-25 21:00:00,-40.5,-45.6,0.0,0.25,0.0
2024-11-25 22:00:00,-40.5,-45.5,0.0,0.43,0.0
2024-11-25 23:00:00,-40.5,-45.4,0.0,0.46,0.0
2024-11-26 00:00:00,-40.3,-45.2,0.0,0.49,199.25
2024-11-26 01:00:00,-39.7,-44.5,0.0,0.65,3600.0
2024-11-26 02:00:00,-38.3,-43.4,0.0,0.58,3600.0
2024-11-26 03:00:00,-37.4,-42.3,0.0,0.32,3600.0
2024-11-26 04:00:00,-37.2,-41.4,0.0,0.11,3600.0
2024-11-26 05:00:00,-37.6,-41.8,0.0,0.11,3303.7
2024-11-26 06:00:00,-37.8,-41.5,0.0,0.16,0.0
2024-11-26 07:00:00,-37.9,-41.6,0.0,0.21,0.0
2024-11-26 08:00:00,-38.0,-41.3,0.0,0.22,0.0
2024-11-26 09:00:00,-38.0,-40.5,0.0,0.18,0.0
2024-11-26 10:00:00,-37.9,-39.7,0.0,0.11,0.0
2024-11-26 11:00:00,-37.7,-39.4,0.0,0.05,0.0
2024-11-26 12:00:00,-37.6,-39.6,0.0,0.05,0.0
2024-11-26 13:00:00,-38.6,-43.4,0.0,0.46,0.0
2024-11-26 14:00:00,-38.5,-43.4,0.0,0.25,0.0
2024-11-26 15:00:00,-38.0,-43.0,0.0,0.07,0.0
2024-11-26 16:00:00,-37.8,-42.7,0.0,0.35,0.0
2024-11-26 17:00:00,-38.1,-42.7,0.0,0.36,0.0
2024-11-26 18:00:00,-38.0,-42.7,0.0,0.14,0.0
2024-11-26 19:00:00,-37.7,-42.5,0.0,0.18,0.0
2024-11-26 20:00:00,-37.3,-42.1,0.0,0.11,0.0
2024-11-26 21:00:00,-37.1,-42.0,0.0,0.07,0.0
2024-11-26 22:00:00,-37.4,-42.3,0.0,0.11,0.0
2024-11-26 23:00:00,-37.6,-42.4,0.0,0.25,0.0
2024-11-27 00:00:00,-37.8,-42.4,0.0,0.76,296.38
2024-11-27 01:00:00,-36.9,-42.3,0.0,1.24,3600.0
2024-11-27 02:00:00,-35.8,-41.1,0.0,0.99,3600.0
2024-11-27 03:00:00,-34.8,-40.5,0.0,0.43,3600.0
2024-11-27 04:00:00,-34.5,-39.8,0.0,0.36,3600.0
2024-11-27 05:00:00,-35.1,-40.0,0.0,0.32,3166.09
2024-11-27 06:00:00,-35.5,-40.4,0.0,0.25,0.0
2024-11-27 07:00:00,-35.9,-40.8,0.0,0.32,0.0
2024-11-27 08:00:00,-36.2,-41.0,0.0,0.25,0.0
2024-11-27 09:00:00,-36.3,-41.2,0.0,0.29,0.0
2024-11-27 10:00:00,-36.6,-41.3,0.0,0.36,0.0
2024-11-27 11:00:00,-36.5,-41.4,0.0,0.27,0.0
2024-11-27 12:00:00,-36.5,-41.4,0.0,0.7,0.0
2024-11-27 13:00:00,-37.0,-41.9,0.0,1.67,0.0
2024-11-27 14:00:00,-36.5,-41.1,0.0,0.67,0.0
2024-11-27 15:00:00,-35.5,-40.3,0.0,0.79,0.0
2024-11-27 16:00:00,-34.3,-38.8,0.0,0.89,0.0
2024-11-27 17:00:00,-33.2,-37.7,0.0,0.47,0.0
2024-11-27 18:00:00,-33.2,-37.2,0.0,0.65,0.0
2024-11-27 19:00:00,-33.5,-37.6,0.0,0.29,0.0
2024-11-27 20:00:00,-32.9,-37.3,0.0,0.27,0.0
2024-11-27 21:00:00,-33.4,-37.8,0.0,0.5,0.0
2024-11-27 22:00:00,-33.0,-37.5,0.0,0.16,0.0
2024-11-27 23:00:00,-32.5,-37.4,0.0,0.4,0.0
2024-11-28 00:00:00,-32.9,-37.4,0.0,0.72,0.0
2024-11-28 01:00:00,-33.2,-38.3,0.0,1.38,1523.51
2024-11-28 02:00:00,-31.9,-37.4,0.0,0.99,2662.88
2024-11-28 03:00:00,-31.3,-36.7,0.0,0.51,3600.0
2024-11-28 04:00:00,-31.5,-36.4,0.0,0.35,3600.0
2024-11-28 05:00:00,-32.5,-36.9,0.0,0.57,3033.83
2024-11-28 06:00:00,-33.2,-37.5,0.0,0.36,0.0
2024-11-28 07:00:00,-33.4,-37.9,0.0,0.21,0.0
2024-11-28 08:00:00,-33.4,-38.1,0.0,0.16,0.0
2024-11-28 09:00:00,-33.5,-38.4,0.0,0.11,0.0
2024-11-28 10:00:00,-33.9,-38.7,0.0,0.11,0.0
2024-11-28 11:00:00,-34.7,-39.1,0.0,0.47,0.0
2024-11-28 12:00:00,-35.1,-39.2,0.0,0.14,0.0
2024-11-28 13:00:00,-37.0,-42.0,0.0,0.39,0.0
2024-11-28 14:00:00,-36.8,-41.3,0.0,0.81,0.0
2024-11-28 15:00:00,-36.6,-40.7,0.0,0.36,0.0
2024-11-28 16:00:00,-36.2,-40.5,0.0,0.29,0.0
2024-11-28 17:00:00,-36.1,-40.2,0.0,0.14,0.0
2024-11-28 18:00:00,-35.8,-40.0,0.0,0.34,0.0
2024-11-28 19:00:00,-35.7,-39.7,0.0,0.3,0.0
2024-11-28 20:00:00,-35.3,-39.7,0.0,0.21,0.0
2024-11-28 21:00:00,-35.3,-39.6,0.0,0.2,0.0
2024-11-28 22:00:00,-35.3,-39.6,0.0,0.16,0.0
2024-11-28 23:00:00,-35.2,-39.6,0.0,0.11,0.0
2024-11-29 00:00:00,-35.1,-39.5,0.0,0.07,0.0
2024-11-29 01:00:00,-34.9,-40.3,0.0,0.39,1054.63
2024-11-29 02:00:00,-33.5,-39.5,0.0,0.3,131.0
2024-11-29 03:00:00,-32.5,-38.1,0.0,0.27,0.0
2024-11-29 04:00:00,-32.2,-37.4,0.0,0.18,949.72
2024-11-29 05:00:00,-32.5,-37.6,0.0,0.18,532.69
2024-11-29 06:00:00,-33.0,-37.9,0.0,0.14,0.0
2024-11-29 07:00:00,-33.3,-38.1,0.0,0.18,0.0
2024-11-29 08:00:00,-33.6,-38.1,0.0,0.27,0.0
2024-11-29 09:00:00,-34.0,-38.1,0.0,0.32,0.0
2024-11-29 10:00:00,-34.4,-38.1,0.0,0.21,0.0
2024-11-29 11:00:00,-34.7,-38.2,0.0,0.16,0.0
2024-11-29 12:00:00,-35.0,-38.4,0.0,0.16,0.0
2024-11-29 13:00:00,-37.7,-42.2,0.0,0.35,0.0
2024-11-29 14:00:00,-37.9,-42.0,0.0,0.05,0.0
2024-11-29 15:00:00,-38.1,-42.0,0.0,0.46,0.0
2024-11-29 16:00:00,-37.9,-41.7,0.0,0.11,0.0
2024-11-29 17:00:00,-38.0,-41.7,0.0,0.11,0.0
2024-11-29 18:00:00,-38.3,-41.7,0.0,0.25,0.0
2024-11-29 19:00:00,-38.3,-41.6,0.0,0.75,0.0
2024-11-29 20:00:00,-38.3,-41.8,0.0,0.89,0.0
2024-11-29 21:00:00,-38.1,-41.7,0.0,0.96,0.0
2024-11-29 22:00:00,-38.2,-41.8,0.0,0.71,0.0
2024-11-29 23:00:00,-38.3,-41.9,0.0,0.69,0.0
2024-11-30 00:00:00,-38.0,-41.8,0.0,0.64,0.0
2024-11-30 01:00:00,-38.5,-42.0,0.0,1.35,506.32
2024-11-30 02:00:00,-35.9,-40.3,0.1,0.86,0.0
2024-11-30 03:00:00,-34.1,-38.8,0.1,0.5,0.0
2024-11-30 04:00:00,-32.6,-37.4,0.1,0.4,0.0
2024-11-30 05:00:00,-32.3,-36.6,0.0,0.38,0.0
2024-11-30 06:00:00,-32.8,-36.1,0.0,0.11,0.0
2024-11-30 07:00:00,-34.1,-37.0,0.0,0.14,0.0
2024-11-30 08:00:00,-35.0,-37.6,0.0,0.16,0.0
2024-11-30 09:00:00,-35.2,-38.0,0.0,0.16,0.0
2024-11-30 10:00:00,-35.1,-38.2,0.0,0.11,0.0
2024-11-30 11:00:00,-35.0,-38.3,0.0,0.15,0.0
2024-11-30 12:00:00,-34.7,-38.3,0.0,0.18,0.0
2024-11-30 13:00:00,-36.4,-41.3,0.0,0.14,0.0
2024-11-30 14:00:00,-36.4,-40.7,0.0,0.51,0.0
2024-11-30 15:00:00,-36.5,-40.5,0.0,0.18,0.0
2024-11-30 16:00:00,-36.3,-40.0,0.0,0.11,0.0
2024-11-30 17:00:00,-36.7,-40.5,0.0,0.4,0.0
2024-11-30 18:00:00,-36.6,-40.3,0.0,0.25,0.0
2024-11-30 19:00:00,-36.2,-40.1,0.0,0.11,0.0
2024-11-30 20:00:00,-36.3,-39.8,0.0,0.41,0.0
2024-11-30 21:00:00,-36.2,-39.5,0.0,0.3,0.0
2024-11-30 22:00:00,-35.8,-39.3,0.0,0.16,0.0
2024-11-30 23:00:00,-35.6,-39.2,0.0,0.18,0.0
2024-12-01 00:00:00,-35.0,-38.7,0.0,0.11,0.0
2024-12-01 01:00:00,-37.0,-41.0,0.0,0.61,3186.61
2024-12-01 02:00:00,-35.7,-39.8,0.0,0.36,3600.0
2024-12-01 03:00:00,-34.4,-38.5,0.0,0.81,67.81
2024-12-01 04:00:00,-33.7,-37.3,0.0,1.05,0.0
2024-12-01 05:00:00,-33.5,-36.8,0.0,1.0,0.0
2024-12-01 06:00:00,-33.4,-36.7,0.0,0.7,0.0
2024-12-01 07:00:00,-32.9,-36.1,0.0,1.06,0.0
2024-12-01 08:00:00,-33.1,-36.3,0.0,0.66,0.0
2024-12-01 09:00:00,-32.9,-36.2,0.0,0.8,0.0
2024-12-01 10:00:00,-33.0,-36.3,0.0,0.71,0.0
2024-12-01 11:00:00,-32.9,-36.1,0.0,0.07,0.0
2024-12-01 12:00:00,-32.5,-35.6,0.0,0.1,0.0
2024-12-01 13:00:00,-33.0,-36.0,0.0,0.72,0.0
2024-12-01 14:00:00,-31.6,-35.0,0.1,0.38,0.0
2024-12-01 15:00:00,-31.4,-34.5,0.0,0.92,0.0
2024-12-01 16:00:00,-31.3,-34.2,0.0,0.63,0.0
2024-12-01 17:00:00,-30.9,-33.8,0.0,0.65,0.0
2024-12-01 18:00:00,-32.1,-34.9,0.0,0.36,0.0
2024-12-01 19:00:00,-31.8,-34.8,0.0,0.18,0.0
2024-12-01 20:00:00,-30.8,-34.0,0.0,0.32,0.0
2024-12-01 21:00:00,-29.5,-32.9,0.0,0.11,0.0
2024-12-01 22:00:00,-28.9,-32.4,0.0,0.4,0.0
2024-12-01 23:00:00,-28.6,-32.0,0.0,0.18,0.0
2024-12-02 00:00:00,-28.2,-31.6,0.1,0.32,0.0
2024-12-02 01:00:00,-25.8,-29.9,0.1,0.39,0.0
2024-12-02 02:00:00,-24.9,-29.8,0.1,0.21,0.0
2024-12-02 03:00:00,-24.1,-29.1,0.0,0.21,0.0
2024-12-02 04:00:00,-24.1,-29.0,0.0,0.2,263.19
2024-12-02 05:00:00,-25.7,-29.5,0.0,0.21,786.81
2024-12-02 06:00:00,-27.4,-30.5,0.0,0.4,0.0
2024-12-02 07:00:00,-28.4,-31.2,0.0,0.15,0.0
2024-12-02 08:00:00,-29.0,-31.8,0.0,0.1,0.0
2024-12-02 09:00:00,-29.4,-32.4,0.0,0.11,0.0
2024-12-02 10:00:00,-29.5,-32.8,0.0,0.16,0.0
2024-12-02 11:00:00,-29.7,-33.1,0.0,0.22,0.0
2024-12-02 12:00:00,-30.0,-33.5,0.0,0.25,0.0
2024-12-02 13:00:00,-29.0,-33.1,0.0,0.65,0.0
2024-12-02 14:00:00,-29.4,-33.1,0.0,0.3,0.0
2024-12-02 15:00:00,-29.4,-33.0,0.0,0.15,0.0
2024-12-02 16:00:00,-29.0,-32.7,0.0,0.32,0.0
2024-12-02 17:00:00,-27.5,-31.6,0.0,0.1,0.0
2024-12-02 18:00:00,-26.7,-30.7,0.0,0.54,0.0
2024-12-02 19:00:00,-26.3,-30.0,0.0,0.32,0.0
2024-12-02 20:00:00,-25.5,-29.5,0.0,0.32,0.0
2024-12-02 21:00:00,-24.9,-29.4,0.0,0.11,0.0
2024-12-02 22:00:00,-24.2,-28.7,0.0,0.25,0.0
2024-12-02 23:00:00,-23.8,-28.4,0.0,0.11,0.0
2024-12-03 00:00:00,-23.5,-27.8,0.0,0.07,0.0
2024-12-03 01:00:00,-24.0,-28.5,0.0,0.46,0.0
2024-12-03 02:00:00,-23.3,-27.9,0.0,0.21,0.0
2024-12-03 03:00:00,-22.8,-27.5,0.0,0.36,0.0
2024-12-03 04:00:00,-22.5,-27.0,0.0,0.36,0.0
2024-12-03 05:00:00,-22.6,-26.7,0.0,0.25,0.0
2024-12-03 06:00:00,-22.6,-26.3,0.0,0.11,0.0
2024-12-03 07:00:00,-22.5,-25.9,0.0,0.22,0.0
2024-12-03 08:00:00,-22.3,-25.3,0.1,0.25,0.0
2024-12-03 09:00:00,-22.1,-25.1,0.0,0.45,0.0
2024-12-03 10:00:00,-21.9,-24.9,0.0,0.41,0.0
2024-12-03 11:00:00,-21.6,-24.6,0.0,0.16,0.0
2024-12-03 12:00:00,-21.5,-24.5,0.0,0.05,0.0
2024-12-03 13:00:00,-22.6,-25.7,0.0,0.4,0.0
2024-12-03 14:00:00,-22.0,-25.6,0.1,0.3,0.0
2024-12-03 15:00:00,-21.7,-25.3,0.1,0.39,0.0
2024-12-03 16:00:00,-21.6,-25.0,0.0,0.29,0.0
2024-12-03 17:00:00,-22.0,-24.9,0.0,0.07,0.0
2024-12-03 18:00:00,-21.8,-24.6,0.0,0.07,0.0
2024-12-03 19:00:00,-21.9,-24.5,0.0,0.32,0.0
2024-12-03 20:00:00,-22.3,-24.8,0.0,0.11,0.0
2024-12-03 21:00:00,-23.0,-25.4,0.0,0.07,0.0
2024-12-03 22:00:00,-23.3,-25.6,0.0,0.11,0.0
2024-12-03 23:00:00,-23.8,-25.9,0.0,0.11,0.0
2024-12-04 00:00:00,-24.2,-26.1,0.0,0.05,0.0
2024-12-04 01:00:00,-24.9,-27.6,0.0,0.47,0.0
2024-12-04 02:00:00,-24.4,-27.2,0.0,0.68,0.0
2024-12-04 03:00:00,-23.9,-27.0,0.0,0.6,253.07
2024-12-04 04:00:00,-24.3,-27.1,0.0,0.11,0.0
2024-12-04 05:00:00,-25.0,-27.5,0.0,0.11,0.0
2024-12-04 06:00:00,-25.4,-27.7,0.0,0.18,0.0
2024-12-04 07:00:00,-25.2,-27.5,0.0,0.1,0.0
2024-12-04 08:00:00,-25.2,-27.6,0.0,0.05,0.0
2024-12-04 09:00:00,-25.1,-27.6,0.0,0.16,0.0
2024-12-04 10:00:00,-24.5,-27.1,0.0,0.27,0.0
2024-12-04 11:00:00,-24.3,-26.8,0.0,0.16,0.0
2024-12-04 12:00:00,-24.6,-27.1,0.0,0.07,0.0
2024-12-04 13:00:00,-24.7,-27.5,0.1,0.4,0.0
2024-12-04 14:00:00,-24.7,-27.4,0.0,0.6,0.0
2024-12-04 15:00:00,-24.7,-27.4,0.0,0.75,0.0
2024-12-04 16:00:00,-25.1,-27.9,0.0,0.75,0.0
2024-12-04 17:00:00,-26.7,-29.4,0.0,0.74,0.0
2024-12-04 18:00:00,-27.6,-30.0,0.0,0.74,0.0
2024-12-04 19:00:00,-28.1,-30.5,0.0,0.66,0.0
2024-12-04 20:00:00,-29.1,-31.5,0.0,1.07,0.0
2024-12-04 21:00:00,-29.2,-31.8,0.0,1.1,0.0
2024-12-04 22:00:00,-28.9,-31.6,0.0,0.83,0.0
2024-12-04 23:00:00,-29.0,-31.7,0.0,0.71,0.0
2024-12-05 00:00:00,-29.3,-32.0,0.0,0.35,0.0
2024-12-05 01:00:00,-30.7,-33.2,0.0,0.92,0.0
2024-12-05 02:00:00,-29.9,-32.8,0.0,0.91,2082.95
2024-12-05 03:00:00,-30.0,-32.8,0.0,0.75,3600.0
2024-12-05 04:00:00,-30.5,-33.3,0.0,0.3,3600.0
2024-12-05 05:00:00,-31.2,-33.7,0.0,0.07,0.0
2024-12-05 06:00:00,-31.4,-34.0,0.0,0.05,0.0
2024-12-05 07:00:00,-31.7,-34.4,0.0,0.1,0.0
2024-12-05 08:00:00,-32.1,-34.8,0.0,0.29,0.0
2024-12-05 09:00:00,-32.5,-35.1,0.0,0.99,0.0
2024-12-05 10:00:00,-32.5,-35.2,0.0,1.1,0.0
2024-12-05 11:00:00,-32.7,-35.5,0.0,1.05,0.0
2024-12-05 12:00:00,-32.5,-35.5,0.0,1.26,0.0
2024-12-05 13:00:00,-31.8,-34.9,0.0,0.87,0.0
2024-12-05 14:00:00,-31.6,-34.8,0.0,0.72,0.0
2024-12-05 15:00:00,-31.5,-34.7,0.0,1.11,0.0
2024-12-05 16:00:00,-31.0,-34.1,0.0,1.3,0.0
2024-12-05 17:00:00,-30.7,-33.9,0.0,1.16,0.0
2024-12-05 18:00:00,-30.4,-33.7,0.0,0.86,0.0
2024-12-05 19:00:00,-30.2,-33.4,0.0,1.21,0.0
2024-12-05 20:00:00,-30.1,-33.2,0.0,1.15,0.0
2024-12-05 21:00:00,-30.1,-33.3,0.0,1.0,0.0
2024-12-05 22:00:00,-29.9,-33.0,0.0,0.9,0.0
2024-12-05 23:00:00,-30.1,-33.2,0.0,0.66,0.0
2024-12-06 00:00:00,-30.0,-33.2,0.0,0.85,0.0
2024-12-06 01:00:00,-30.6,-33.7,0.0,0.61,0.0
2024-12-06 02:00:00,-30.4,-33.6,0.0,0.52,2231.37
2024-12-06 03:00:00,-30.2,-33.5,0.0,0.07,3600.0
2024-12-06 04:00:00,-30.7,-34.0,0.0,0.15,3600.0
2024-12-06 05:00:00,-31.3,-34.4,0.0,0.29,12.4
2024-12-06 06:00:00,-31.6,-34.4,0.0,0.27,0.0
2024-12-06 07:00:00,-31.7,-34.5,0.0,0.22,0.0
2024-12-06 08:00:00,-31.8,-34.6,0.0,0.05,0.0
2024-12-06 09:00:00,-31.8,-34.6,0.0,0.07,0.0
2024-12-06 10:00:00,-32.1,-34.8,0.0,0.07,0.0
2024-12-06 11:00:00,-32.2,-34.8,0.0,0.1,0.0
2024-12-06 12:00:00,-32.4,-34.7,0.0,0.05,0.0
2024-12-06 13:00:00,-31.9,-34.1,0.0,0.11,0.0
2024-12-06 14:00:00,-32.7,-35.4,0.0,0.29,0.0
2024-12-06 15:00:00,-33.5,-36.0,0.0,0.92,0.0
2024-12-06 16:00:00,-33.9,-36.6,0.0,1.07,0.0
2024-12-06 17:00:00,-33.4,-36.4,0.0,1.19,0.0
2024-12-06 18:00:00,-32.8,-36.0,0.0,1.22,0.0
2024-12-06 19:00:00,-32.6,-35.8,0.0,0.84,0.0
2024-12-06 20:00:00,-32.6,-35.8,0.0,0.74,0.0
2024-12-06 21:00:00,-32.5,-35.7,0.0,0.76,0.0
2024-12-06 22:00:00,-32.7,-35.9,0.0,0.3,0.0
2024-12-06 23:00:00,-32.8,-36.0,0.0,0.18,0.0
2024-12-07 00:00:00,-33.5,-36.4,0.0,0.16,0.0
2024-12-07 01:00:00,-30.5,-33.6,0.0,0.21,0.0
2024-12-07 02:00:00,-30.2,-33.4,0.0,0.25,1337.44
2024-12-07 03:00:00,-30.3,-33.7,0.0,0.29,3600.0
2024-12-07 04:00:00,-30.8,-34.1,0.0,0.27,3600.0
2024-12-07 05:00:00,-31.6,-34.8,0.0,0.22,69.2
2024-12-07 06:00:00,-32.1,-35.0,0.0,0.16,0.0
2024-12-07 07:00:00,-32.2,-35.0,0.0,0.1,0.0
2024-12-07 08:00:00,-32.3,-35.0,0.0,0.0,0.0
2024-12-07 09:00:00,-32.9,-35.3,0.0,0.07,0.0
2024-12-07 10:00:00,-33.4,-35.5,0.0,0.05,0.0
2024-12-07 11:00:00,-33.8,-35.8,0.0,0.11,0.0
2024-12-07 12:00:00,-34.1,-35.9,0.0,0.05,0.0
2024-12-07 13:00:00,-34.5,-37.1,0.0,0.28,0.0
2024-12-07 14:00:00,-35.4,-38.2,0.0,0.25,0.0
2024-12-07 15:00:00,-36.1,-39.1,0.0,0.21,0.0
2024-12-07 16:00:00,-36.5,-39.6,0.0,0.11,0.0
2024-12-07 17:00:00,-36.3,-39.3,0.0,0.11,0.0
2024-12-07 18:00:00,-36.3,-39.4,0.0,0.1,0.0
2024-12-07 19:00:00,-36.3,-39.3,0.0,0.05,0.0
2024-12-07 20:00:00,-36.3,-39.3,0.0,0.0,0.0
2024-12-07 21:00:00,-36.3,-39.7,0.0,0.18,0.0
2024-12-07 22:00:00,-35.9,-39.3,0.0,0.22,0.0
2024-12-07 23:00:00,-35.8,-39.2,0.0,0.22,0.0
2024-12-08 00:00:00,-36.0,-39.4,0.0,0.11,0.0
2024-12-08 01:00:00,-34.6,-38.0,0.0,1.01,0.0
2024-12-08 02:00:00,-34.5,-37.8,0.0,1.26,1453.41
2024-12-08 03:00:00,-34.4,-37.7,0.0,1.11,1892.42
2024-12-08 04:00:00,-34.4,-37.6,0.0,0.84,1412.51
2024-12-08 05:00:00,-35.0,-38.4,0.0,0.74,0.0
2024-12-08 06:00:00,-35.0,-38.5,0.0,0.61,0.0
2024-12-08 07:00:00,-35.0,-38.6,0.0,0.2,0.0
2024-12-08 08:00:00,-35.0,-38.7,0.0,0.05,0.0
2024-12-08 09:00:00,-35.3,-38.9,0.0,0.11,0.0
2024-12-08 10:00:00,-35.5,-39.0,0.0,0.2,0.0
2024-12-08 11:00:00,-35.9,-39.2,0.0,0.39,0.0
2024-12-08 12:00:00,-36.5,-39.6,0.0,0.96,0.0
2024-12-08 13:00:00,-34.2,-37.8,0.0,1.01,0.0
2024-12-08 14:00:00,-35.4,-38.9,0.0,1.19,0.0
2024-12-08 15:00:00,-35.3,-38.8,0.0,1.1,0.0
2024-12-08 16:00:00,-35.0,-38.4,0.0,0.97,0.0
2024-12-08 17:00:00,-34.8,-38.2,0.0,0.81,0.0
2024-12-08 18:00:00,-34.1,-37.5,0.0,0.75,0.0
2024-12-08 19:00:00,-33.5,-36.8,0.0,0.59,0.0
2024-12-08 20:00:00,-33.3,-36.5,0.0,0.51,0.0
2024-12-08 21:00:00,-33.3,-36.5,0.0,0.63,0.0
2024-12-08 22:00:00,-33.5,-36.9,0.0,0.81,0.0
2024-12-08 23:00:00,-33.9,-37.3,0.0,0.92,0.0
2024-12-09 00:00:00,-33.9,-37.4,0.0,1.03,0.0
2024-12-09 01:00:00,-32.8,-36.2,0.1,1.1,0.0
2024-12-09 02:00:00,-31.6,-35.2,0.1,0.68,0.0
2024-12-09 03:00:00,-31.1,-34.6,0.1,0.97,0.0
2024-12-09 04:00:00,-30.9,-34.3,0.0,1.09,0.0
2024-12-09 05:00:00,-31.5,-34.7,0.0,1.15,0.0
2024-12-09 06:00:00,-32.0,-35.2,0.0,1.28,0.0
2024-12-09 07:00:00,-32.2,-35.4,0.0,1.32,0.0
2024-12-09 08:00:00,-32.1,-35.3,0.1,1.38,0.0
2024-12-09 09:00:00,-32.0,-35.3,0.1,1.6,0.0
2024-12-09 10:00:00,-31.5,-34.9,0.0,1.69,0.0
2024-12-09 11:00:00,-31.4,-34.9,0.0,1.34,0.0
2024-12-09 12:00:00,-31.2,-34.6,0.1,1.39,0.0
2024-12-09 13:00:00,-31.0,-34.2,0.1,0.8,0.0
2024-12-09 14:00:00,-30.4,-33.8,0.1,0.86,0.0
2024-12-09 15:00:00,-29.9,-33.4,0.1,0.91,0.0
2024-12-09 16:00:00,-29.6,-33.1,0.1,0.94,0.0
2024-12-09 17:00:00,-29.4,-32.8,0.1,0.98,0.0
2024-12-09 18:00:00,-29.3,-32.7,0.1,1.08,0.0
2024-12-09 19:00:00,-29.4,-32.6,0.0,0.81,0.0
2024-12-09 20:00:00,-29.4,-32.5,0.0,0.74,0.0
2024-12-09 21:00:00,-29.4,-32.5,0.0,0.76,0.0
2024-12-09 22:00:00,-29.5,-32.7,0.1,0.62,0.0
2024-12-09 23:00:00,-29.3,-32.5,0.1,0.56,0.0
2024-12-10 00:00:00,-29.4,-32.6,0.0,0.4,0.0
2024-12-10 01:00:00,-28.9,-31.9,0.0,0.16,0.0
2024-12-10 02:00:00,-28.5,-31.7,0.0,0.18,0.0
2024-12-10 03:00:00,-28.5,-31.7,0.0,0.27,0.0
2024-12-10 04:00:00,-29.1,-32.3,0.0,0.47,0.0
2024-12-10 05:00:00,-29.6,-32.9,0.0,0.73,0.0
2024-12-10 06:00:00,-30.4,-33.7,0.0,0.93,0.0
2024-12-10 07:00:00,-31.1,-34.5,0.0,1.08,0.0
2024-12-10 08:00:00,-31.6,-35.1,0.0,1.04,0.0
2024-12-10 09:00:00,-31.5,-35.1,0.0,0.93,0.0
2024-12-10 10:00:00,-31.3,-35.0,0.0,0.87,0.0
2024-12-10 11:00:00,-31.6,-35.2,0.0,0.81,0.0
2024-12-10 12:00:00,-31.7,-35.3,0.0,0.76,0.0
2024-12-10 13:00:00,-30.4,-33.9,0.0,1.07,0.0
2024-12-10 14:00:00,-30.5,-33.7,0.0,1.04,0.0
2024-12-10 15:00:00,-30.4,-33.5,0.0,1.02,0.0
2024-12-10 16:00:00,-30.1,-33.3,0.0,1.02,0.0
2024-12-10 17:00:00,-30.1,-33.4,0.0,0.72,0.0
2024-12-10 18:00:00,-30.8,-34.1,0.0,0.61,0.0
2024-12-10 19:00:00,-31.6,-34.8,0.0,0.36,0.0
2024-12-10 20:00:00,-32.4,-35.5,0.0,0.27,0.0
2024-12-10 21:00:00,-33.2,-36.2,0.0,0.18,0.0
2024-12-10 22:00:00,-33.9,-36.9,0.0,0.14,0.0
2024-12-10 23:00:00,-34.4,-37.4,0.0,0.14,0.0
2024-12-11 00:00:00,-34.7,-37.9,0.0,0.14,0.0
2024-12-11 01:00:00,-33.1,-36.3,0.0,0.22,0.0
2024-12-11 02:00:00,-33.2,-36.4,0.0,0.25,1805.29
2024-12-11 03:00:00,-33.1,-36.4,0.0,0.2,3180.15
2024-12-11 04:00:00,-33.6,-36.8,0.0,0.14,1718.97
2024-12-11 05:00:00,-34.7,-37.8,0.0,0.05,0.0
2024-12-11 06:00:00,-35.6,-38.7,0.0,0.05,0.0
2024-12-11 07:00:00,-36.2,-39.3,0.0,0.21,0.0
2024-12-11 08:00:00,-36.8,-39.9,0.0,0.25,0.0
2024-12-11 09:00:00,-37.1,-40.1,0.0,0.38,0.0
2024-12-11 10:00:00,-37.2,-40.1,0.0,0.38,0.0
2024-12-11 11:00:00,-37.3,-40.2,0.0,0.32,0.0
2024-12-11 12:00:00,-37.6,-40.5,0.0,0.16,0.0
2024-12-11 13:00:00,-39.1,-42.8,0.0,0.2,0.0
2024-12-11 14:00:00,-39.1,-42.7,0.0,0.15,0.0
2024-12-11 15:00:00,-39.6,-43.1,0.0,0.21,0.0
2024-12-11 16:00:00,-40.2,-43.5,0.0,0.38,0.0
2024-12-11 17:00:00,-40.7,-43.8,0.0,0.54,0.0
2024-12-11 18:00:00,-40.8,-43.8,0.0,0.61,0.0
2024-12-11 19:00:00,-41.1,-44.0,0.0,0.63,0.0
2024-12-11 20:00:00,-41.3,-44.3,0.0,0.46,0.0
2024-12-11 21:00:00,-41.6,-44.6,0.0,0.41,0.0
2024-12-11 22:00:00,-41.7,-44.7,0.0,0.41,0.0
2024-12-11 23:00:00,-41.9,-44.8,0.0,0.43,0.0
2024-12-12 00:00:00,-42.1,-45.0,0.0,0.43,0.0
2024-12-12 01:00:00,-41.6,-45.0,0.0,0.25,2288.45
2024-12-12 02:00:00,-40.9,-44.4,0.0,0.16,3600.0
2024-12-12 03:00:00,-40.5,-43.9,0.0,0.11,3600.0
2024-12-12 04:00:00,-40.4,-43.9,0.0,0.18,3600.0
2024-12-12 05:00:00,-41.0,-44.4,0.0,0.32,299.46
2024-12-12 06:00:00,-41.5,-44.9,0.0,0.53,0.0
2024-12-12 07:00:00,-41.9,-45.3,0.0,0.67,0.0
2024-12-12 08:00:00,-42.3,-45.6,0.0,0.88,0.0
2024-12-12 09:00:00,-42.5,-45.7,0.0,0.88,0.0
2024-12-12 10:00:00,-42.5,-45.8,0.0,0.46,0.0
2024-12-12 11:00:00,-42.4,-45.8,0.0,0.39,0.0
2024-12-12 12:00:00,-42.3,-45.7,0.0,0.36,0.0
2024-12-12 13:00:00,-42.6,-46.0,0.0,0.22,0.0
2024-12-12 14:00:00,-42.9,-46.2,0.0,0.27,0.0
2024-12-12 15:00:00,-42.9,-46.3,0.0,0.63,0.0
2024-12-12 16:00:00,-42.5,-45.8,0.0,1.25,0.0
2024-12-12 17:00:00,-42.3,-45.7,0.0,0.84,0.0
2024-12-12 18:00:00,-41.7,-45.0,0.0,1.32,0.0
2024-12-12 19:00:00,-40.7,-44.1,0.1,0.85,0.0
2024-12-12 20:00:00,-40.5,-43.8,0.0,0.51,0.0
2024-12-12 21:00:00,-40.0,-43.3,0.0,0.35,0.0
2024-12-12 22:00:00,-39.4,-42.7,0.0,0.22,0.0
2024-12-12 23:00:00,-39.0,-42.2,0.0,0.3,0.0
2024-12-13 00:00:00,-38.6,-41.9,0.1,0.45,0.0
2024-12-13 01:00:00,-37.9,-41.5,0.1,0.18,0.0
2024-12-13 02:00:00,-37.1,-40.9,0.1,0.07,0.0
2024-12-13 03:00:00,-36.4,-40.2,0.1,0.6,0.0
2024-12-13 04:00:00,-36.1,-39.6,0.1,0.73,0.0
2024-12-13 05:00:00,-36.0,-39.2,0.1,0.9,0.0
2024-12-13 06:00:00,-36.3,-39.4,0.0,1.0,0.0
2024-12-13 07:00:00,-36.7,-40.0,0.0,1.15,0.0
2024-12-13 08:00:00,-36.6,-39.8,0.0,1.7,0.0
2024-12-13 09:00:00,-37.3,-40.6,0.0,1.78,0.0
2024-12-13 10:00:00,-38.0,-41.4,0.0,1.8,0.0
2024-12-13 11:00:00,-38.9,-42.3,0.0,1.81,0.0
2024-12-13 12:00:00,-39.7,-43.0,0.0,1.92,0.0
2024-12-13 13:00:00,-39.4,-42.7,0.0,1.75,0.0
2024-12-13 14:00:00,-38.7,-41.9,0.0,1.92,0.0
2024-12-13 15:00:00,-38.0,-41.4,0.0,1.74,0.0
2024-12-13 16:00:00,-37.6,-41.1,0.0,1.2,0.0
2024-12-13 17:00:00,-37.0,-40.5,0.0,1.01,0.0
2024-12-13 18:00:00,-36.5,-39.9,0.1,0.85,0.0
2024-12-13 19:00:00,-35.9,-39.4,0.1,0.8,0.0
2024-12-13 20:00:00,-35.6,-39.0,0.0,0.87,0.0
2024-12-13 21:00:00,-35.7,-38.9,0.0,0.94,0.0
2024-12-13 22:00:00,-36.0,-39.2,0.0,0.72,0.0
2024-12-13 23:00:00,-37.5,-40.6,0.0,0.68,0.0
2024-12-14 00:00:00,-38.9,-41.7,0.0,0.51,0.0
2024-12-14 01:00:00,-40.2,-43.4,0.0,0.21,2383.62
2024-12-14 02:00:00,-39.9,-43.1,0.0,0.07,3600.0
2024-12-14 03:00:00,-39.7,-42.9,0.0,0.1,3600.0
2024-12-14 04:00:00,-39.9,-43.0,0.0,0.18,3600.0
2024-12-14 05:00:00,-40.7,-43.5,0.0,0.39,361.77
2024-12-14 06:00:00,-41.1,-43.7,0.0,0.25,0.0
2024-12-14 07:00:00,-41.2,-43.9,0.0,0.32,0.0
2024-12-14 08:00:00,-41.3,-44.1,0.0,0.18,0.0
2024-12-14 09:00:00,-41.4,-44.3,0.0,0.15,0.0
2024-12-14 10:00:00,-41.4,-44.6,0.0,0.1,0.0
2024-12-14 11:00:00,-41.3,-44.6,0.0,0.1,0.0
2024-12-14 12:00:00,-41.6,-44.8,0.0,0.1,0.0
2024-12-14 13:00:00,-42.9,-46.3,0.0,0.25,0.0
2024-12-14 14:00:00,-42.9,-46.3,0.0,0.05,0.0
2024-12-14 15:00:00,-42.8,-46.3,0.0,0.39,0.0
2024-12-14 16:00:00,-42.8,-46.1,0.0,0.82,0.0
2024-12-14 17:00:00,-42.3,-45.8,0.0,1.28,0.0
2024-12-14 18:00:00,-42.1,-45.4,0.0,2.07,0.0
2024-12-14 19:00:00,-42.1,-45.5,0.0,2.14,0.0
2024-12-14 20:00:00,-42.0,-45.5,0.0,1.76,0.0
2024-12-14 21:00:00,-41.6,-45.0,0.0,1.68,0.0
2024-12-14 22:00:00,-41.4,-44.5,0.0,1.63,0.0
2024-12-14 23:00:00,-41.1,-44.3,0.0,1.31,0.0
2024-12-15 00:00:00,-40.7,-44.0,0.0,0.97,0.0
2024-12-15 01:00:00,-41.3,-44.7,0.0,0.43,0.0
2024-12-15 02:00:00,-40.7,-44.1,0.0,0.29,0.0
2024-12-15 03:00:00,-40.1,-43.6,0.0,0.36,0.0
2024-12-15 04:00:00,-40.0,-43.3,0.0,0.49,0.0
2024-12-15 05:00:00,-40.6,-43.9,0.0,0.57,0.0
2024-12-15 06:00:00,-40.7,-44.0,0.0,0.65,0.0
2024-12-15 07:00:00,-40.8,-44.2,0.0,0.59,0.0
2024-12-15 08:00:00,-41.0,-44.4,0.0,0.35,0.0
2024-12-15 09:00:00,-40.8,-44.3,0.0,0.07,0.0
2024-12-15 10:00:00,-40.7,-44.3,0.0,0.05,0.0
2024-12-15 11:00:00,-40.7,-44.2,0.0,0.25,0.0
2024-12-15 12:00:00,-40.9,-44.1,0.0,0.56,0.0
2024-12-15 13:00:00,-42.0,-45.0,0.0,0.79,0.0
2024-12-15 14:00:00,-42.2,-45.4,0.0,1.7,0.0
2024-12-15 15:00:00,-42.5,-45.9,0.0,1.7,0.0
2024-12-15 16:00:00,-42.7,-46.3,0.0,1.8,0.0
2024-12-15 17:00:00,-42.9,-46.5,0.0,1.73,0.0
2024-12-15 18:00:00,-43.0,-46.6,0.0,1.58,0.0
2024-12-15 19:00:00,-43.0,-46.7,0.0,1.47,0.0
2024-12-15 20:00:00,-42.9,-46.6,0.0,1.18,0.0
2024-12-15 21:00:00,-42.5,-45.9,0.0,1.0,0.0
2024-12-15 22:00:00,-41.9,-45.4,0.0,1.08,0.0
2024-12-15 23:00:00,-41.7,-45.2,0.0,0.97,0.0
2024-12-16 00:00:00,-41.5,-45.0,0.0,1.25,0.0
2024-12-16 01:00:00,-42.6,-45.8,0.0,1.21,0.0
2024-12-16 02:00:00,-41.8,-45.3,0.0,0.57,3020.49
2024-12-16 03:00:00,-41.2,-44.7,0.0,0.53,3600.0
2024-12-16 04:00:00,-41.0,-44.3,0.0,1.14,2874.34
2024-12-16 05:00:00,-41.2,-44.7,0.0,1.33,0.0
2024-12-16 06:00:00,-41.1,-44.8,0.0,1.12,0.0
2024-12-16 07:00:00,-41.2,-45.0,0.0,0.96,0.0
2024-12-16 08:00:00,-41.5,-45.3,0.0,0.78,0.0
2024-12-16 09:00:00,-41.6,-45.4,0.0,0.35,0.0
2024-12-16 10:00:00,-41.6,-45.4,0.0,0.29,0.0
2024-12-16 11:00:00,-42.0,-45.8,0.0,0.83,0.0
2024-12-16 12:00:00,-42.1,-45.9,0.0,0.94,0.0
2024-12-16 13:00:00,-42.9,-47.3,0.0,1.03,0.0
2024-12-16 14:00:00,-42.8,-47.0,0.0,0.96,0.0
2024-12-16 15:00:00,-42.8,-46.9,0.0,0.92,0.0
2024-12-16 16:00:00,-42.6,-46.8,0.0,0.36,0.0
2024-12-16 17:00:00,-42.1,-46.7,0.0,0.11,0.0
2024-12-16 18:00:00,-41.9,-46.5,0.0,0.42,0.0
2024-12-16 19:00:00,-41.8,-46.2,0.0,0.39,0.0
2024-12-16 20:00:00,-41.6,-45.9,0.0,0.1,0.0
2024-12-16 21:00:00,-41.5,-45.7,0.0,0.21,0.0
2024-12-16 22:00:00,-41.2,-45.5,0.0,0.25,0.0
2024-12-16 23:00:00,-41.0,-45.5,0.0,0.18,0.0
2024-12-17 00:00:00,-41.1,-45.5,0.0,0.11,0.0
2024-12-17 01:00:00,-43.0,-47.1,0.0,0.78,1372.26
2024-12-17 02:00:00,-42.1,-46.3,0.0,0.51,3600.0
2024-12-17 03:00:00,-41.5,-45.5,0.0,0.11,3600.0
2024-12-17 04:00:00,-41.3,-45.1,0.0,0.16,3600.0
2024-12-17 05:00:00,-41.5,-45.4,0.0,0.16,417.09
2024-12-17 06:00:00,-41.6,-45.0,0.0,0.07,0.0
2024-12-17 07:00:00,-41.7,-45.2,0.0,0.22,0.0
2024-12-17 08:00:00,-41.8,-45.3,0.0,0.1,0.0
2024-12-17 09:00:00,-42.2,-45.5,0.0,0.57,0.0
2024-12-17 10:00:00,-42.4,-45.5,0.0,0.83,0.0
2024-12-17 11:00:00,-42.4,-45.6,0.0,0.82,0.0
2024-12-17 12:00:00,-42.1,-45.4,0.0,0.58,0.0
2024-12-17 13:00:00,-43.6,-47.3,0.0,0.32,0.0
2024-12-17 14:00:00,-43.4,-47.2,0.0,0.18,0.0
2024-12-17 15:00:00,-43.5,-47.1,0.0,0.49,0.0
2024-12-17 16:00:00,-43.5,-47.1,0.0,0.78,0.0
2024-12-17 17:00:00,-43.4,-46.9,0.0,0.79,0.0
2024-12-17 18:00:00,-43.4,-46.9,0.0,0.87,0.0
2024-12-17 19:00:00,-43.3,-46.9,0.0,1.03,0.0
2024-12-17 20:00:00,-43.2,-46.8,0.0,0.85,0.0
2024-12-17 21:00:00,-43.2,-46.9,0.0,0.81,0.0
2024-12-17 22:00:00,-43.0,-46.8,0.0,0.78,0.0
2024-12-17 23:00:00,-42.9,-47.0,0.0,0.67,0.0
2024-12-18 00:00:00,-42.5,-46.7,0.0,0.96,0.0
2024-12-18 01:00:00,-42.3,-45.7,0.0,0.81,0.0
2024-12-18 02:00:00,-41.5,-45.0,0.0,0.7,0.0
2024-12-18 03:00:00,-41.0,-44.5,0.0,0.86,0.0
2024-12-18 04:00:00,-40.7,-44.1,0.0,0.45,0.0
2024-12-18 05:00:00,-41.1,-44.5,0.0,0.05,0.0
2024-12-18 06:00:00,-41.2,-44.6,0.0,0.28,0.0
2024-12-18 07:00:00,-40.6,-44.0,0.0,0.81,0.0
2024-12-18 08:00:00,-40.3,-43.7,0.0,0.74,0.0
2024-12-18 09:00:00,-40.4,-43.9,0.0,0.56,0.0
2024-12-18 10:00:00,-40.5,-44.1,0.0,0.46,0.0
2024-12-18 11:00:00,-39.9,-43.4,0.0,0.67,0.0
2024-12-18 12:00:00,-39.0,-42.6,0.0,0.56,0.0
2024-12-18 13:00:00,-39.8,-43.0,0.0,0.35,0.0
2024-12-18 14:00:00,-39.1,-42.8,0.1,0.39,0.0
2024-12-18 15:00:00,-38.2,-41.7,0.0,0.36,0.0
2024-12-18 16:00:00,-37.6,-41.1,0.0,0.43,0.0
2024-12-18 17:00:00,-37.5,-40.8,0.0,0.45,0.0
2024-12-18 18:00:00,-37.8,-40.8,0.0,0.57,0.0
2024-12-18 19:00:00,-38.5,-41.4,0.0,0.76,0.0
2024-12-18 20:00:00,-39.1,-42.4,0.0,0.91,0.0
2024-12-18 21:00:00,-39.9,-43.2,0.0,0.84,0.0
2024-12-18 22:00:00,-40.7,-44.2,0.0,0.86,0.0
2024-12-18 23:00:00,-41.2,-44.8,0.0,0.96,0.0
2024-12-19 00:00:00,-41.5,-45.1,0.0,1.13,0.0
2024-12-19 01:00:00,-43.0,-46.3,0.0,0.88,210.41
2024-12-19 02:00:00,-42.9,-46.2,0.0,1.35,3600.0
2024-12-19 03:00:00,-42.7,-46.1,0.0,1.4,3600.0
2024-12-19 04:00:00,-43.0,-46.3,0.0,1.22,3600.0
2024-12-19 05:00:00,-43.8,-47.2,0.0,1.28,426.01
2024-12-19 06:00:00,-44.3,-47.6,0.0,1.41,0.0
2024-12-19 07:00:00,-44.4,-47.8,0.0,1.53,0.0
2024-12-19 08:00:00,-44.5,-48.0,0.0,1.4,0.0
2024-12-19 09:00:00,-43.9,-47.5,0.0,1.17,0.0
2024-12-19 10:00:00,-43.5,-47.2,0.0,1.04,0.0
2024-12-19 11:00:00,-43.9,-47.6,0.0,0.58,0.0
2024-12-19 12:00:00,-43.6,-47.5,0.0,0.22,0.0
2024-12-19 13:00:00,-43.2,-46.9,0.0,0.05,0.0
2024-12-19 14:00:00,-43.4,-47.1,0.0,0.05,0.0
2024-12-19 15:00:00,-43.6,-47.0,0.0,0.65,0.0
2024-12-19 16:00:00,-43.7,-46.9,0.0,0.76,0.0
2024-12-19 17:00:00,-43.7,-46.9,0.0,0.9,0.0
2024-12-19 18:00:00,-43.7,-47.3,0.0,1.08,0.0
2024-12-19 19:00:00,-43.7,-47.4,0.0,1.36,0.0
2024-12-19 20:00:00,-43.8,-47.6,0.0,0.83,0.0
2024-12-19 21:00:00,-43.2,-47.0,0.0,0.41,0.0
2024-12-19 22:00:00,-42.8,-46.5,0.0,0.29,0.0
2024-12-19 23:00:00,-42.7,-46.1,0.0,0.25,0.0
2024-12-20 00:00:00,-42.2,-45.7,0.0,0.25,0.0
2024-12-20 01:00:00,-41.7,-45.1,0.0,0.55,232.16
2024-12-20 02:00:00,-41.5,-44.8,0.0,0.35,3600.0
2024-12-20 03:00:00,-41.1,-44.4,0.0,0.3,3600.0
2024-12-20 04:00:00,-40.7,-43.9,0.0,0.85,584.19
2024-12-20 05:00:00,-40.1,-43.4,0.0,1.0,0.0
2024-12-20 06:00:00,-40.2,-43.5,0.0,0.83,0.0
2024-12-20 07:00:00,-40.5,-43.8,0.0,0.43,0.0
2024-12-20 08:00:00,-41.1,-44.2,0.0,0.62,0.0
2024-12-20 09:00:00,-41.2,-44.3,0.0,0.68,0.0
2024-12-20 10:00:00,-40.8,-43.9,0.0,0.68,0.0
2024-12-20 11:00:00,-40.4,-43.5,0.0,0.9,0.0
2024-12-20 12:00:00,-40.5,-43.5,0.0,1.04,0.0
2024-12-20 13:00:00,-38.0,-41.1,0.0,0.57,0.0
2024-12-20 14:00:00,-37.9,-41.0,0.0,0.61,0.0
2024-12-20 15:00:00,-37.7,-40.8,0.0,0.78,0.0
2024-12-20 16:00:00,-37.9,-41.0,0.0,1.11,0.0
2024-12-20 17:00:00,-38.4,-41.5,0.0,1.37,0.0
2024-12-20 18:00:00,-38.7,-42.0,0.0,1.27,0.0
2024-12-20 19:00:00,-38.9,-42.3,0.0,0.93,0.0
2024-12-20 20:00:00,-39.1,-42.4,0.0,0.97,0.0
2024-12-20 21:00:00,-39.3,-42.6,0.0,0.86,0.0
2024-12-20 22:00:00,-39.3,-42.7,0.0,0.51,0.0
2024-12-20 23:00:00,-39.2,-42.5,0.0,0.16,0.0
2024-12-21 00:00:00,-39.2,-42.4,0.0,0.32,0.0
2024-12-21 01:00:00,-37.9,-41.1,0.0,0.5,0.0
2024-12-21 02:00:00,-37.1,-40.4,0.0,0.57,408.93
2024-12-21 03:00:00,-37.0,-40.0,0.0,0.41,3600.0
2024-12-21 04:00:00,-36.9,-39.9,0.0,0.72,2156.24
2024-12-21 05:00:00,-37.0,-39.9,0.0,0.9,0.0
2024-12-21 06:00:00,-36.4,-39.5,0.0,0.96,0.0
2024-12-21 07:00:00,-35.6,-38.8,0.0,0.83,0.0
2024-12-21 08:00:00,-34.4,-37.8,0.0,0.45,0.0
2024-12-21 09:00:00,-33.4,-36.8,0.1,0.21,0.0
2024-12-21 10:00:00,-32.8,-36.1,0.0,0.27,0.0
2024-12-21 11:00:00,-33.0,-35.9,0.0,0.43,0.0
2024-12-21 12:00:00,-33.1,-36.1,0.0,0.47,0.0
2024-12-21 13:00:00,-34.0,-36.9,0.0,0.9,0.0
2024-12-21 14:00:00,-33.9,-37.1,0.0,0.9,0.0
2024-12-21 15:00:00,-34.1,-37.4,0.0,0.68,0.0
2024-12-21 16:00:00,-34.4,-37.8,0.0,0.67,0.0
2024-12-21 17:00:00,-34.6,-38.2,0.0,0.25,0.0
2024-12-21 18:00:00,-34.6,-38.4,0.0,0.16,0.0
2024-12-21 19:00:00,-34.6,-38.6,0.0,0.05,0.0
2024-12-21 20:00:00,-34.4,-38.6,0.0,0.11,0.0
2024-12-21 21:00:00,-34.2,-38.4,0.0,0.07,0.0
2024-12-21 22:00:00,-33.9,-38.2,0.0,0.22,0.0
2024-12-21 23:00:00,-34.0,-38.0,0.0,0.38,0.0
2024-12-22 00:00:00,-34.5,-38.2,0.0,0.54,0.0
2024-12-22 01:00:00,-33.6,-37.0,0.0,0.21,0.0
2024-12-22 02:00:00,-33.1,-36.4,0.0,0.3,0.0
2024-12-22 03:00:00,-32.4,-36.0,0.0,0.29,450.17
2024-12-22 04:00:00,-32.5,-36.0,0.0,0.1,1339.67
2024-12-22 05:00:00,-33.1,-36.5,0.0,0.07,395.09
2024-12-22 06:00:00,-33.5,-36.9,0.0,0.07,0.0
2024-12-22 07:00:00,-34.0,-37.4,0.0,0.5,0.0
2024-12-22 08:00:00,-34.6,-37.8,0.0,0.67,0.0
2024-12-22 09:00:00,-35.0,-38.3,0.0,0.78,0.0
2024-12-22 10:00:00,-35.3,-38.7,0.0,0.81,0.0
2024-12-22 11:00:00,-35.5,-39.0,0.0,0.92,0.0
2024-12-22 12:00:00,-36.1,-39.6,0.0,0.85,0.0
2024-12-22 13:00:00,-36.5,-40.1,0.0,0.64,0.0
2024-12-22 14:00:00,-36.6,-40.4,0.0,0.85,0.0
2024-12-22 15:00:00,-36.8,-40.6,0.0,0.76,0.0
2024-12-22 16:00:00,-36.5,-40.5,0.0,0.83,0.0
2024-12-22 17:00:00,-36.3,-40.3,0.0,0.9,0.0
2024-12-22 18:00:00,-36.1,-40.0,0.0,1.25,0.0
2024-12-22 19:00:00,-36.0,-39.7,0.0,1.53,0.0
2024-12-22 20:00:00,-36.0,-39.6,0.0,1.42,0.0
2024-12-22 21:00:00,-35.8,-39.6,0.0,1.08,0.0
2024-12-22 22:00:00,-35.7,-39.6,0.0,0.81,0.0
2024-12-22 23:00:00,-35.6,-39.4,0.0,1.08,0.0
2024-12-23 00:00:00,-35.8,-39.6,0.0,0.82,0.0
2024-12-23 01:00:00,-37.1,-40.8,0.0,0.21,0.0
2024-12-23 02:00:00,-35.6,-39.8,0.0,0.1,0.0
2024-12-23 03:00:00,-34.7,-38.6,0.0,0.11,0.0
2024-12-23 04:00:00,-34.6,-38.1,0.0,0.36,0.0
2024-12-23 05:00:00,-35.2,-38.3,0.0,0.35,0.0
2024-12-23 06:00:00,-36.1,-39.1,0.0,0.1,0.0
2024-12-23 07:00:00,-36.7,-39.6,0.0,0.21,0.0
2024-12-23 08:00:00,-37.2,-40.3,0.0,0.9,0.0
2024-12-23 09:00:00,-37.4,-40.7,0.0,0.87,0.0
2024-12-23 10:00:00,-37.2,-40.8,0.0,0.58,0.0
2024-12-23 11:00:00,-37.1,-40.9,0.0,0.39,0.0
2024-12-23 12:00:00,-36.8,-40.8,0.0,0.18,0.0
2024-12-23 13:00:00,-37.2,-41.2,0.0,0.0,0.0
2024-12-23 14:00:00,-37.1,-41.1,0.0,0.11,0.0
2024-12-23 15:00:00,-37.3,-41.3,0.0,0.07,0.0
2024-12-23 16:00:00,-37.7,-41.5,0.0,0.1,0.0
2024-12-23 17:00:00,-37.9,-41.4,0.0,0.21,0.0
2024-12-23 18:00:00,-38.3,-41.5,0.0,0.36,0.0
2024-12-23 19:00:00,-38.5,-41.7,0.0,0.72,0.0
2024-12-23 20:00:00,-38.2,-41.7,0.0,0.79,0.0
2024-12-23 21:00:00,-36.9,-40.6,0.0,1.07,0.0
2024-12-23 22:00:00,-36.0,-39.7,0.0,0.68,0.0
2024-12-23 23:00:00,-35.1,-38.7,0.0,0.45,0.0
2024-12-24 00:00:00,-34.8,-38.1,0.0,0.15,0.0
2024-12-24 01:00:00,-33.9,-37.3,0.0,0.07,0.0
2024-12-24 02:00:00,-33.5,-36.9,0.0,0.16,0.0
2024-12-24 03:00:00,-33.5,-36.7,0.0,0.21,0.0
2024-12-24 04:00:00,-34.3,-37.3,0.0,0.2,0.0
2024-12-24 05:00:00,-35.3,-38.1,0.0,0.25,0.0
2024-12-24 06:00:00,-36.2,-38.9,0.0,0.39,0.0
2024-12-24 07:00:00,-37.1,-39.8,0.0,0.74,0.0
2024-12-24 08:00:00,-37.9,-41.0,0.0,0.94,0.0
2024-12-24 09:00:00,-38.3,-41.8,0.0,1.03,0.0
2024-12-24 10:00:00,-38.5,-42.2,0.0,0.82,0.0
2024-12-24 11:00:00,-38.2,-42.0,0.0,0.68,0.0
2024-12-24 12:00:00,-37.9,-41.8,0.0,0.4,0.0
2024-12-24 13:00:00,-39.2,-42.8,0.0,0.29,0.0
2024-12-24 14:00:00,-38.7,-42.5,0.0,0.27,0.0
2024-12-24 15:00:00,-38.8,-42.5,0.0,0.32,0.0
2024-12-24 16:00:00,-38.8,-42.5,0.0,0.46,0.0
2024-12-24 17:00:00,-39.1,-42.6,0.0,0.6,0.0
2024-12-24 18:00:00,-39.2,-42.7,0.0,0.81,0.0
2024-12-24 19:00:00,-39.3,-42.8,0.0,0.43,0.0
2024-12-24 20:00:00,-38.9,-42.6,0.0,0.18,0.0
2024-12-24 21:00:00,-38.7,-42.6,0.0,0.18,0.0
2024-12-24 22:00:00,-37.9,-42.2,0.0,0.14,0.0
2024-12-24 23:00:00,-37.1,-41.4,0.0,0.39,0.0
2024-12-25 00:00:00,-36.9,-41.0,0.0,0.63,0.0
2024-12-25 01:00:00,-37.3,-40.7,0.0,0.65,0.0
2024-12-25 02:00:00,-36.5,-40.1,0.0,0.54,0.0
2024-12-25 03:00:00,-35.9,-39.5,0.0,0.47,0.0
2024-12-25 04:00:00,-35.5,-39.0,0.0,0.3,0.0
2024-12-25 05:00:00,-35.2,-38.6,0.0,0.27,0.0
2024-12-25 06:00:00,-35.1,-38.4,0.0,0.32,0.0
2024-12-25 07:00:00,-35.3,-38.6,0.0,0.4,0.0
2024-12-25 08:00:00,-35.8,-39.1,0.0,0.5,0.0
2024-12-25 09:00:00,-36.0,-39.4,0.0,0.56,0.0
2024-12-25 10:00:00,-36.1,-39.5,0.0,0.57,0.0
2024-12-25 11:00:00,-36.2,-39.6,0.0,0.55,0.0
2024-12-25 12:00:00,-36.2,-39.5,0.0,0.45,0.0
2024-12-25 13:00:00,-37.4,-40.5,0.0,0.67,0.0
2024-12-25 14:00:00,-37.2,-40.4,0.0,0.51,0.0
2024-12-25 15:00:00,-37.0,-40.1,0.0,0.38,0.0
2024-12-25 16:00:00,-36.7,-39.9,0.0,0.35,0.0
2024-12-25 17:00:00,-36.4,-39.5,0.0,0.5,0.0
2024-12-25 18:00:00,-36.4,-39.4,0.0,0.57,0.0
2024-12-25 19:00:00,-36.3,-39.3,0.0,0.67,0.0
2024-12-25 20:00:00,-36.2,-39.3,0.0,1.0,0.0
2024-12-25 21:00:00,-35.9,-39.0,0.0,1.27,0.0
2024-12-25 22:00:00,-35.9,-39.1,0.0,1.4,0.0
2024-12-25 23:00:00,-35.7,-38.8,0.0,1.35,0.0
2024-12-26 00:00:00,-35.4,-38.5,0.0,0.95,0.0
2024-12-26 01:00:00,-37.1,-40.3,0.0,0.39,0.0
2024-12-26 02:00:00,-36.3,-39.6,0.0,0.53,0.0
2024-12-26 03:00:00,-35.6,-39.0,0.0,0.22,0.0
2024-12-26 04:00:00,-35.0,-38.6,0.0,0.49,0.0
2024-12-26 05:00:00,-34.8,-38.3,0.1,0.57,0.0
2024-12-26 06:00:00,-34.5,-37.8,0.0,0.81,0.0
2024-12-26 07:00:00,-34.6,-37.7,0.0,0.95,0.0
2024-12-26 08:00:00,-34.8,-37.9,0.0,1.04,0.0
2024-12-26 09:00:00,-34.6,-37.8,0.0,1.22,0.0
2024-12-26 10:00:00,-34.7,-38.0,0.0,0.95,0.0
2024-12-26 11:00:00,-34.7,-37.9,0.0,0.92,0.0
2024-12-26 12:00:00,-35.1,-38.3,0.0,0.62,0.0
2024-12-26 13:00:00,-38.4,-41.4,0.0,0.58,0.0
2024-12-26 14:00:00,-39.0,-41.7,0.0,0.36,0.0
2024-12-26 15:00:00,-38.8,-41.6,0.0,0.2,0.0
2024-12-26 16:00:00,-39.0,-41.7,0.0,0.1,0.0
2024-12-26 17:00:00,-39.1,-41.7,0.0,0.07,0.0
2024-12-26 18:00:00,-39.3,-41.8,0.0,0.21,0.0
2024-12-26 19:00:00,-39.2,-41.8,0.0,0.32,0.0
2024-12-26 20:00:00,-39.0,-41.8,0.0,0.54,0.0
2024-12-26 21:00:00,-38.7,-41.8,0.0,0.74,0.0
2024-12-26 22:00:00,-38.9,-42.2,0.0,0.45,0.0
2024-12-26 23:00:00,-38.9,-42.2,0.0,0.25,0.0
2024-12-27 00:00:00,-39.3,-42.6,0.0,0.16,0.0
2024-12-27 01:00:00,-40.6,-43.8,0.0,0.05,0.0
2024-12-27 02:00:00,-40.4,-43.7,0.0,0.14,356.03
2024-12-27 03:00:00,-40.5,-43.7,0.0,0.05,3600.0
2024-12-27 04:00:00,-40.9,-43.9,0.0,0.11,3600.0
2024-12-27 05:00:00,-41.6,-44.4,0.0,0.1,231.59
2024-12-27 06:00:00,-42.1,-44.6,0.0,0.05,0.0
2024-12-27 07:00:00,-42.5,-44.7,0.0,0.11,0.0
2024-12-27 08:00:00,-43.0,-44.9,0.0,0.14,0.0
2024-12-27 09:00:00,-43.8,-45.5,0.0,0.28,0.0
2024-12-27 10:00:00,-44.7,-46.5,0.0,0.53,0.0
2024-12-27 11:00:00,-45.4,-47.4,0.0,0.67,0.0
2024-12-27 12:00:00,-45.9,-48.0,0.0,0.64,0.0
2024-12-27 13:00:00,-48.5,-50.8,0.0,0.74,0.0
2024-12-27 14:00:00,-48.7,-51.1,0.0,0.6,0.0
2024-12-27 15:00:00,-48.8,-51.5,0.0,0.4,0.0
2024-12-27 16:00:00,-48.7,-51.4,0.0,0.25,0.0
2024-12-27 17:00:00,-48.5,-51.5,0.0,0.38,0.0
2024-12-27 18:00:00,-48.2,-51.2,0.0,0.42,0.0
2024-12-27 19:00:00,-48.1,-51.0,0.0,0.39,0.0
2024-12-27 20:00:00,-48.3,-51.2,0.0,0.39,0.0
2024-12-27 21:00:00,-48.5,-51.5,0.0,0.35,0.0
2024-12-27 22:00:00,-48.7,-51.7,0.0,0.25,0.0
2024-12-27 23:00:00,-48.0,-51.2,0.0,0.1,0.0
2024-12-28 00:00:00,-47.5,-51.0,0.0,0.25,0.0
2024-12-28 01:00:00,-49.8,-53.2,0.0,0.45,213.98
2024-12-28 02:00:00,-48.9,-52.6,0.0,0.25,3600.0
2024-12-28 03:00:00,-48.4,-52.0,0.0,0.07,3504.11
2024-12-28 04:00:00,-48.4,-50.9,0.0,0.0,1699.51
2024-12-28 05:00:00,-48.9,-51.3,0.0,0.05,0.0
2024-12-28 06:00:00,-49.5,-51.7,0.0,0.15,0.0
2024-12-28 07:00:00,-50.0,-52.7,0.0,0.22,0.0
2024-12-28 08:00:00,-50.5,-53.4,0.0,0.42,0.0
2024-12-28 09:00:00,-51.0,-54.1,0.0,0.53,0.0
2024-12-28 10:00:00,-51.6,-54.6,0.0,0.53,0.0
2024-12-28 11:00:00,-52.0,-55.0,0.0,0.42,0.0
2024-12-28 12:00:00,-52.2,-55.2,0.0,0.27,0.0
2024-12-28 13:00:00,-54.2,-58.6,0.0,0.25,0.0
2024-12-28 14:00:00,-54.2,-58.2,0.0,0.27,0.0
2024-12-28 15:00:00,-54.3,-57.9,0.0,0.27,0.0
2024-12-28 16:00:00,-54.6,-57.8,0.0,0.4,0.0
2024-12-28 17:00:00,-54.9,-57.9,0.0,0.47,0.0
2024-12-28 18:00:00,-55.0,-58.0,0.0,0.29,0.0
2024-12-28 19:00:00,-55.0,-58.1,0.0,0.29,0.0
2024-12-28 20:00:00,-54.9,-58.1,0.0,0.25,0.0
2024-12-28 21:00:00,-55.0,-58.1,0.0,0.29,0.0
2024-12-28 22:00:00,-55.2,-58.3,0.0,0.43,0.0
2024-12-28 23:00:00,-55.3,-58.3,0.0,0.29,0.0
2024-12-29 00:00:00,-55.1,-58.5,0.0,0.16,0.0
2024-12-29 01:00:00,-56.7,-61.2,0.0,0.21,1368.67
2024-12-29 02:00:00,-55.8,-60.4,0.0,0.29,3600.0
2024-12-29 03:00:00,-55.2,-59.3,0.0,0.54,3600.0
2024-12-29 04:00:00,-55.4,-59.1,0.0,0.64,3600.0
2024-12-29 05:00:00,-56.0,-59.5,0.0,0.6,1315.26
2024-12-29 06:00:00,-56.1,-59.4,0.0,0.39,0.0
2024-12-29 07:00:00,-56.0,-59.4,0.0,0.28,0.0
2024-12-29 08:00:00,-55.7,-59.4,0.0,0.43,0.0
2024-12-29 09:00:00,-55.3,-59.1,0.0,0.58,0.0
2024-12-29 10:00:00,-55.4,-59.1,0.0,0.46,0.0
2024-12-29 11:00:00,-55.5,-59.2,0.0,0.39,0.0
2024-12-29 12:00:00,-55.6,-59.3,0.0,0.35,0.0
2024-12-29 13:00:00,-57.2,-61.1,0.0,0.21,0.0
2024-12-29 14:00:00,-56.9,-61.0,0.0,0.22,0.0
2024-12-29 15:00:00,-56.1,-60.5,0.0,0.54,0.0
2024-12-29 16:00:00,-55.5,-59.7,0.0,1.06,0.0
2024-12-29 17:00:00,-55.0,-59.0,0.0,1.07,0.0
2024-12-29 18:00:00,-54.7,-58.7,0.0,0.81,0.0
2024-12-29 19:00:00,-54.8,-58.7,0.0,0.57,0.0
2024-12-29 20:00:00,-54.8,-58.6,0.0,0.64,0.0
2024-12-29 21:00:00,-54.8,-58.6,0.0,0.65,0.0
2024-12-29 22:00:00,-54.7,-58.5,0.0,0.57,0.0
2024-12-29 23:00:00,-54.6,-58.4,0.0,0.59,0.0
2024-12-30 00:00:00,-54.5,-58.3,0.0,0.63,0.0
2024-12-30 01:00:00,-54.3,-58.2,0.0,0.32,159.31
2024-12-30 02:00:00,-53.9,-57.7,0.0,0.4,3600.0
2024-12-30 03:00:00,-53.4,-57.1,0.0,0.52,3600.0
2024-12-30 04:00:00,-53.3,-57.1,0.0,0.6,3600.0
2024-12-30 05:00:00,-53.7,-57.4,0.0,0.75,1251.57
2024-12-30 06:00:00,-54.0,-57.6,0.0,0.69,0.0
2024-12-30 07:00:00,-54.0,-57.7,0.0,0.7,0.0
2024-12-30 08:00:00,-53.7,-57.5,0.0,0.76,0.0
2024-12-30 09:00:00,-53.4,-57.2,0.0,0.92,0.0
2024-12-30 10:00:00,-52.9,-56.7,0.0,1.0,0.0
2024-12-30 11:00:00,-52.5,-56.3,0.0,0.97,0.0
2024-12-30 12:00:00,-52.3,-56.0,0.0,0.99,0.0
2024-12-30 13:00:00,-52.9,-56.7,0.0,1.08,0.0
2024-12-30 14:00:00,-52.6,-56.2,0.0,0.89,0.0
2024-12-30 15:00:00,-52.4,-56.2,0.0,0.92,0.0
2024-12-30 16:00:00,-52.4,-56.2,0.0,0.96,0.0
2024-12-30 17:00:00,-52.1,-55.9,0.0,1.31,0.0
2024-12-30 18:00:00,-52.1,-56.0,0.0,0.79,0.0
2024-12-30 19:00:00,-52.1,-55.9,0.0,0.71,0.0
2024-12-30 20:00:00,-52.2,-56.1,0.0,0.96,0.0
2024-12-30 21:00:00,-52.3,-56.2,0.0,0.86,0.0
2024-12-30 22:00:00,-52.5,-56.5,0.0,0.71,0.0
2024-12-30 23:00:00,-52.9,-56.9,0.0,0.81,0.0
2024-12-31 00:00:00,-53.1,-57.1,0.0,0.71,0.0
2024-12-31 01:00:00,-55.0,-58.9,0.0,1.22,125.18
2024-12-31 02:00:00,-54.5,-58.7,0.0,0.96,3600.0
2024-12-31 03:00:00,-53.9,-58.0,0.0,1.07,3600.0
2024-12-31 04:00:00,-53.9,-57.8,0.0,0.43,3600.0
2024-12-31 05:00:00,-54.4,-58.3,0.0,0.57,1182.88
2024-12-31 06:00:00,-54.7,-58.6,0.0,0.78,0.0
2024-12-31 07:00:00,-54.8,-58.8,0.0,0.38,0.0
2024-12-31 08:00:00,-55.2,-59.2,0.0,0.81,0.0
2024-12-31 09:00:00,-55.4,-59.4,0.0,0.83,0.0
2024-12-31 10:00:00,-55.5,-59.5,0.0,0.27,0.0
2024-12-31 11:00:00,-55.8,-59.9,0.0,0.96,0.0
2024-12-31 12:00:00,-55.6,-59.8,0.0,0.28,0.0
2024-12-31 13:00:00,-56.1,-60.2,0.0,1.37,0.0
2024-12-31 14:00:00,-55.2,-59.8,0.0,1.7,0.0
2024-12-31 15:00:00,-53.9,-57.8,0.0,1.23,0.0
2024-12-31 16:00:00,-53.2,-57.8,0.0,1.88,0.0
2024-12-31 17:00:00,-52.2,-56.3,0.0,1.48,0.0
2024-12-31 18:00:00,-52.4,-56.9,0.0,1.55,0.0
2024-12-31 19:00:00,-52.2,-56.4,0.0,1.15,0.0
2024-12-31 20:00:00,-52.8,-57.1,0.0,0.73,0.0
2024-12-31 21:00:00,-53.2,-57.5,0.0,0.85,0.0
2024-12-31 22:00:00,-54.0,-58.3,0.0,0.15,0.0
2024-12-31 23:00:00,-54.5,-58.5,0.0,0.8,0.0
2025-01-01 00:00:00,-54.5,-58.7,0.0,0.32,0.0
2025-01-01 01:00:00,-56.0,-60.2,0.0,1.08,1236.21
2025-01-01 02:00:00,-54.7,-59.3,0.0,0.3,3600.0
2025-01-01 03:00:00,-54.0,-58.3,0.0,0.85,3600.0
2025-01-01 04:00:00,-53.5,-57.7,0.0,0.11,3600.0
2025-01-01 05:00:00,-53.9,-58.0,0.0,0.25,2272.27
2025-01-01 06:00:00,-54.2,-58.1,0.0,0.43,0.0
2025-01-01 07:00:00,-54.3,-58.3,0.0,0.21,0.0
2025-01-01 08:00:00,-54.6,-58.6,0.0,0.39,0.0
2025-01-01 09:00:00,-54.6,-58.7,0.0,0.22,0.0
2025-01-01 10:00:00,-54.6,-58.8,0.0,0.14,0.0
2025-01-01 11:00:00,-54.6,-58.8,0.0,0.16,0.0
2025-01-01 12:00:00,-54.5,-58.8,0.0,0.05,0.0
2025-01-01 13:00:00,-56.8,-61.2,0.0,0.43,0.0
2025-01-01 14:00:00,-56.5,-61.0,0.0,0.45,0.0
2025-01-01 15:00:00,-56.1,-60.9,0.0,0.27,0.0
2025-01-01 16:00:00,-55.8,-60.8,0.0,0.25,0.0
2025-01-01 17:00:00,-55.7,-60.7,0.0,0.22,0.0
2025-01-01 18:00:00,-55.5,-60.7,0.0,0.21,0.0
2025-01-01 19:00:00,-55.4,-60.7,0.0,0.25,0.0
2025-01-01 20:00:00,-55.4,-60.7,0.0,0.18,0.0
2025-01-01 21:00:00,-55.3,-60.6,0.0,0.11,0.0
2025-01-01 22:00:00,-55.2,-60.6,0.0,0.07,0.0
2025-01-01 23:00:00,-55.2,-60.6,0.0,0.05,0.0
2025-01-02 00:00:00,-55.1,-60.5,0.0,0.0,0.0
2025-01-02 01:00:00,-56.3,-60.9,0.0,0.45,2187.14
2025-01-02 02:00:00,-55.1,-60.2,0.0,0.16,3600.0
2025-01-02 03:00:00,-54.0,-59.1,0.0,0.0,3600.0
2025-01-02 04:00:00,-53.7,-58.2,0.0,0.05,3600.0
2025-01-02 05:00:00,-54.1,-58.3,0.0,0.05,2552.89
2025-01-02 06:00:00,-54.2,-58.5,0.0,0.05,0.0
2025-01-02 07:00:00,-54.2,-58.6,0.0,0.0,0.0
2025-01-02 08:00:00,-54.2,-58.7,0.0,0.07,0.0
2025-01-02 09:00:00,-54.1,-58.7,0.0,0.1,0.0
2025-01-02 10:00:00,-54.0,-58.7,0.0,0.1,0.0
2025-01-02 11:00:00,-53.8,-58.7,0.0,0.1,0.0
2025-01-02 12:00:00,-53.7,-58.7,0.0,0.1,0.0
2025-01-02 13:00:00,-55.6,-60.7,0.0,0.27,0.0
2025-01-02 14:00:00,-55.1,-60.5,0.0,0.21,0.0
2025-01-02 15:00:00,-54.7,-60.4,0.0,0.1,0.0
2025-01-02 16:00:00,-54.5,-60.4,0.0,0.16,0.0
2025-01-02 17:00:00,-54.3,-60.1,0.0,0.15,0.0
2025-01-02 18:00:00,-54.1,-60.0,0.0,0.1,0.0
2025-01-02 19:00:00,-54.1,-59.9,0.0,0.11,0.0
2025-01-02 20:00:00,-54.1,-59.8,0.0,0.32,0.0
2025-01-02 21:00:00,-54.2,-59.5,0.0,0.71,0.0
2025-01-02 22:00:00,-53.4,-58.4,0.0,1.68,0.0
2025-01-02 23:00:00,-52.4,-57.3,0.0,1.2,0.0
2025-01-03 00:00:00,-51.5,-56.5,0.0,2.63,0.0
2025-01-03 01:00:00,-51.6,-56.1,0.0,1.83,1124.77
2025-01-03 02:00:00,-50.1,-55.0,0.0,2.57,3600.0
2025-01-03 03:00:00,-48.8,-53.6,0.0,1.55,3600.0
2025-01-03 04:00:00,-47.9,-52.6,0.0,2.08,3600.0
2025-01-03 05:00:00,-48.1,-52.3,0.0,1.39,2095.21
2025-01-03 06:00:00,-48.0,-52.3,0.0,1.15,0.0
2025-01-03 07:00:00,-47.4,-51.6,0.0,0.67,0.0
2025-01-03 08:00:00,-45.9,-50.2,0.0,0.67,0.0
2025-01-03 09:00:00,-45.0,-49.5,0.0,1.1,0.0
2025-01-03 10:00:00,-44.2,-48.5,0.0,0.85,0.0
2025-01-03 11:00:00,-42.9,-47.6,0.0,0.47,0.0
2025-01-03 12:00:00,-41.8,-46.4,0.1,0.9,0.0
2025-01-03 13:00:00,-43.7,-48.3,0.1,0.78,0.0
2025-01-03 14:00:00,-42.7,-47.3,0.2,0.81,0.0
2025-01-03 15:00:00,-41.9,-46.3,0.2,0.57,0.0
2025-01-03 16:00:00,-41.2,-45.5,0.2,1.29,0.0
2025-01-03 17:00:00,-40.7,-44.9,0.1,0.75,0.0
2025-01-03 18:00:00,-40.2,-44.5,0.1,1.49,0.0
2025-01-03 19:00:00,-39.5,-44.1,0.1,0.85,0.0
2025-01-03 20:00:00,-39.1,-43.6,0.1,1.25,0.0
2025-01-03 21:00:00,-38.5,-43.2,0.1,1.07,0.0
2025-01-03 22:00:00,-37.8,-42.5,0.1,0.61,0.0
2025-01-03 23:00:00,-37.2,-41.7,0.1,0.99,0.0
2025-01-04 00:00:00,-36.7,-41.1,0.1,0.46,0.0
2025-01-04 01:00:00,-38.8,-42.8,0.0,0.67,0.0
2025-01-04 02:00:00,-37.9,-42.1,0.0,0.6,0.0
2025-01-04 03:00:00,-37.5,-41.6,0.0,0.64,468.58
2025-01-04 04:00:00,-36.7,-41.0,0.0,0.5,0.0
2025-01-04 05:00:00,-36.6,-40.4,0.0,0.53,0.0
2025-01-04 06:00:00,-36.5,-40.1,0.1,0.75,0.0
2025-01-04 07:00:00,-36.6,-40.1,0.0,1.21,0.0
2025-01-04 08:00:00,-35.8,-39.7,0.0,0.97,0.0
2025-01-04 09:00:00,-35.6,-39.2,0.0,0.84,0.0
2025-01-04 10:00:00,-35.5,-38.8,0.0,0.87,0.0
2025-01-04 11:00:00,-36.2,-39.3,0.0,1.32,0.0
2025-01-04 12:00:00,-36.7,-39.8,0.0,1.17,0.0
2025-01-04 13:00:00,-36.9,-40.3,0.0,1.05,0.0
2025-01-04 14:00:00,-36.9,-40.4,0.0,1.18,0.0
2025-01-04 15:00:00,-37.3,-40.6,0.0,0.69,0.0
2025-01-04 16:00:00,-38.0,-41.2,0.0,0.86,0.0
2025-01-04 17:00:00,-38.6,-42.0,0.0,0.7,0.0
2025-01-04 18:00:00,-38.9,-42.3,0.0,0.45,0.0
2025-01-04 19:00:00,-38.4,-41.8,0.0,0.36,0.0
2025-01-04 20:00:00,-38.2,-41.7,0.0,0.2,0.0
2025-01-04 21:00:00,-38.7,-42.2,0.0,0.1,0.0
2025-01-04 22:00:00,-38.6,-42.1,0.0,0.07,0.0
2025-01-04 23:00:00,-38.5,-42.1,0.0,0.11,0.0
2025-01-05 00:00:00,-38.8,-42.2,0.0,0.16,0.0
2025-01-05 01:00:00,-40.7,-44.2,0.0,1.08,0.0
2025-01-05 02:00:00,-39.8,-43.4,0.0,1.11,2824.88
2025-01-05 03:00:00,-39.0,-42.7,0.0,0.54,2172.07
2025-01-05 04:00:00,-38.7,-42.2,0.0,0.21,1948.06
2025-01-05 05:00:00,-39.0,-42.5,0.0,0.45,0.0
2025-01-05 06:00:00,-38.9,-42.3,0.0,0.55,0.0
2025-01-05 07:00:00,-38.5,-41.9,0.0,0.39,0.0
2025-01-05 08:00:00,-38.1,-41.6,0.0,0.9,0.0
2025-01-05 09:00:00,-37.3,-40.9,0.0,0.72,0.0
2025-01-05 10:00:00,-36.7,-40.4,0.0,0.35,0.0
2025-01-05 11:00:00,-36.4,-40.1,0.0,1.59,0.0
2025-01-05 12:00:00,-36.2,-39.9,0.0,0.4,0.0
2025-01-05 13:00:00,-37.2,-40.8,0.0,0.07,0.0
2025-01-05 14:00:00,-37.5,-41.1,0.0,1.28,0.0
2025-01-05 15:00:00,-38.0,-41.7,0.0,0.25,0.0
2025-01-05 16:00:00,-38.6,-42.2,0.0,1.03,0.0
2025-01-05 17:00:00,-39.5,-43.2,0.0,0.25,0.0
2025-01-05 18:00:00,-39.5,-43.3,0.0,0.71,0.0
2025-01-05 19:00:00,-40.0,-43.9,0.0,0.32,0.0
2025-01-05 20:00:00,-39.3,-43.3,0.0,0.67,0.0
2025-01-05 21:00:00,-39.6,-43.6,0.0,0.89,0.0
2025-01-05 22:00:00,-38.9,-43.1,0.0,0.74,0.0
2025-01-05 23:00:00,-39.2,-43.4,0.0,0.93,0.0
2025-01-06 00:00:00,-38.7,-42.9,0.0,0.55,0.0
2025-01-06 01:00:00,-38.9,-43.1,0.0,1.4,2017.85
2025-01-06 02:00:00,-37.5,-42.0,0.0,0.71,3600.0
2025-01-06 03:00:00,-36.8,-41.3,0.0,1.0,3600.0
2025-01-06 04:00:00,-36.4,-40.5,0.0,0.36,3600.0
2025-01-06 05:00:00,-37.3,-41.3,0.0,0.35,3088.93
2025-01-06 06:00:00,-38.3,-42.0,0.0,0.6,0.0
2025-01-06 07:00:00,-39.0,-42.7,0.0,0.27,0.0
2025-01-06 08:00:00,-39.3,-43.0,0.0,1.46,0.0
2025-01-06 09:00:00,-39.5,-43.3,0.0,0.21,0.0
2025-01-06 10:00:00,-39.8,-43.7,0.0,1.21,0.0
2025-01-06 11:00:00,-39.7,-43.3,0.0,0.16,0.0
2025-01-06 12:00:00,-39.9,-43.5,0.0,0.35,0.0
2025-01-06 13:00:00,-41.3,-45.3,0.0,1.27,0.0
2025-01-06 14:00:00,-41.2,-45.3,0.0,0.14,0.0
2025-01-06 15:00:00,-41.3,-45.4,0.0,0.49,0.0
2025-01-06 16:00:00,-41.3,-45.4,0.0,0.58,0.0
2025-01-06 17:00:00,-41.1,-45.1,0.0,0.25,0.0
2025-01-06 18:00:00,-41.4,-45.5,0.0,0.79,0.0
2025-01-06 19:00:00,-41.3,-45.5,0.0,0.21,0.0
2025-01-06 20:00:00,-41.8,-45.9,0.0,0.82,0.0
2025-01-06 21:00:00,-41.8,-45.9,0.0,0.25,0.0
2025-01-06 22:00:00,-42.1,-46.3,0.0,0.82,0.0
2025-01-06 23:00:00,-42.3,-46.5,0.0,0.4,0.0
2025-01-07 00:00:00,-42.6,-46.7,0.0,0.54,0.0
2025-01-07 01:00:00,-43.6,-48.7,0.0,0.57,1932.51
2025-01-07 02:00:00,-42.5,-47.9,0.0,0.3,3600.0
2025-01-07 03:00:00,-41.3,-47.4,0.0,0.16,3600.0
2025-01-07 04:00:00,-41.1,-46.9,0.0,0.11,3600.0
2025-01-07 05:00:00,-41.6,-47.2,0.0,0.34,2797.13
2025-01-07 06:00:00,-42.0,-47.3,0.0,0.29,0.0
2025-01-07 07:00:00,-42.4,-47.3,0.0,0.74,0.0
2025-01-07 08:00:00,-42.7,-47.2,0.0,0.74,0.0
2025-01-07 09:00:00,-42.9,-46.9,0.0,0.47,0.0
2025-01-07 10:00:00,-43.2,-47.2,0.0,0.56,0.0
2025-01-07 11:00:00,-43.3,-47.3,0.0,0.5,0.0
2025-01-07 12:00:00,-43.1,-47.4,0.0,0.32,0.0
2025-01-07 13:00:00,-44.2,-49.4,0.0,0.11,0.0
2025-01-07 14:00:00,-44.1,-49.2,0.0,0.32,0.0
2025-01-07 15:00:00,-44.2,-49.1,0.0,0.49,0.0
2025-01-07 16:00:00,-44.3,-48.9,0.0,0.67,0.0
2025-01-07 17:00:00,-44.4,-48.7,0.0,0.74,0.0
2025-01-07 18:00:00,-44.7,-48.5,0.0,0.99,0.0
2025-01-07 19:00:00,-44.6,-48.2,0.0,0.89,0.0
2025-01-07 20:00:00,-44.5,-47.9,0.0,0.67,0.0
2025-01-07 21:00:00,-44.2,-48.0,0.0,0.78,0.0
2025-01-07 22:00:00,-43.9,-47.9,0.0,0.92,0.0
2025-01-07 23:00:00,-43.7,-47.9,0.0,0.79,0.0
2025-01-08 00:00:00,-43.6,-47.8,0.0,0.72,0.0
2025-01-08 01:00:00,-44.3,-48.8,0.0,0.9,0.0
2025-01-08 02:00:00,-43.5,-47.9,0.0,1.24,1327.53
2025-01-08 03:00:00,-42.8,-47.0,0.0,0.89,1835.48
2025-01-08 04:00:00,-42.2,-46.3,0.0,0.47,2016.6
2025-01-08 05:00:00,-42.3,-46.4,0.0,0.29,0.0
2025-01-08 06:00:00,-42.2,-46.6,0.0,0.32,0.0
2025-01-08 07:00:00,-42.2,-46.7,0.0,0.29,0.0
2025-01-08 08:00:00,-42.3,-46.9,0.0,0.46,0.0
2025-01-08 09:00:00,-42.3,-47.0,0.0,0.39,0.0
2025-01-08 10:00:00,-42.3,-47.1,0.0,0.65,0.0
2025-01-08 11:00:00,-42.2,-47.2,0.0,0.78,0.0
2025-01-08 12:00:00,-42.1,-47.1,0.0,0.88,0.0
2025-01-08 13:00:00,-43.5,-47.5,0.0,1.17,0.0
2025-01-08 14:00:00,-43.5,-47.5,0.0,1.03,0.0
2025-01-08 15:00:00,-43.6,-47.6,0.0,1.06,0.0
2025-01-08 16:00:00,-43.9,-47.9,0.0,0.96,0.0
2025-01-08 17:00:00,-43.9,-48.1,0.0,0.79,0.0
2025-01-08 18:00:00,-44.0,-48.2,0.0,0.88,0.0
2025-01-08 19:00:00,-43.9,-48.3,0.0,0.88,0.0
2025-01-08 20:00:00,-43.9,-48.3,0.0,1.06,0.0
2025-01-08 21:00:00,-44.0,-48.4,0.0,1.36,0.0
2025-01-08 22:00:00,-44.1,-48.5,0.0,1.23,0.0
2025-01-08 23:00:00,-44.3,-48.6,0.0,1.05,0.0
2025-01-09 00:00:00,-44.5,-48.6,0.0,1.12,0.0
2025-01-09 01:00:00,-46.5,-49.9,0.0,0.65,2810.77
2025-01-09 02:00:00,-45.2,-48.9,0.0,0.83,3600.0
2025-01-09 03:00:00,-43.9,-48.1,0.0,0.92,3600.0
2025-01-09 04:00:00,-43.4,-47.3,0.0,0.54,3600.0
2025-01-09 05:00:00,-43.7,-47.4,0.0,0.49,3542.72
2025-01-09 06:00:00,-43.8,-47.7,0.0,0.47,0.0
2025-01-09 07:00:00,-44.1,-48.0,0.0,0.75,0.0
2025-01-09 08:00:00,-44.3,-48.3,0.0,0.83,0.0
2025-01-09 09:00:00,-44.1,-48.4,0.0,0.92,0.0
2025-01-09 10:00:00,-43.7,-48.3,0.0,0.21,0.0
2025-01-09 11:00:00,-43.6,-48.5,0.0,0.71,0.0
2025-01-09 12:00:00,-43.3,-48.5,0.0,0.18,0.0
2025-01-09 13:00:00,-45.0,-49.4,0.0,0.16,0.0
2025-01-09 14:00:00,-45.0,-49.3,0.0,0.86,0.0
2025-01-09 15:00:00,-44.6,-49.0,0.0,0.15,0.0
2025-01-09 16:00:00,-43.6,-48.1,0.0,1.25,0.0
2025-01-09 17:00:00,-41.7,-46.8,0.0,0.27,0.0
2025-01-09 18:00:00,-41.1,-46.0,0.0,1.14,0.0
2025-01-09 19:00:00,-41.4,-45.7,0.0,0.99,0.0
2025-01-09 20:00:00,-41.7,-46.0,0.0,0.21,0.0
2025-01-09 21:00:00,-42.3,-46.6,0.0,0.54,0.0
2025-01-09 22:00:00,-42.6,-46.9,0.0,0.78,0.0
2025-01-09 23:00:00,-43.3,-47.5,0.0,0.46,0.0
2025-01-10 00:00:00,-44.1,-48.1,0.0,0.72,0.0
2025-01-10 01:00:00,-45.1,-48.3,0.0,0.98,2691.95
2025-01-10 02:00:00,-44.7,-48.1,0.0,0.98,3600.0
2025-01-10 03:00:00,-44.2,-47.4,0.0,1.71,3600.0
2025-01-10 04:00:00,-43.9,-47.3,0.0,1.03,3600.0
2025-01-10 05:00:00,-44.4,-48.0,0.0,0.83,3600.0
2025-01-10 06:00:00,-44.9,-48.5,0.0,1.25,0.0
2025-01-10 07:00:00,-45.5,-49.1,0.0,0.84,0.0
2025-01-10 08:00:00,-45.7,-49.2,0.0,1.17,0.0
2025-01-10 09:00:00,-45.9,-49.5,0.0,1.0,0.0
2025-01-10 10:00:00,-46.0,-49.5,0.0,0.49,0.0
2025-01-10 11:00:00,-46.1,-49.5,0.0,0.67,0.0
2025-01-10 12:00:00,-45.9,-49.3,0.0,0.34,0.0
2025-01-10 13:00:00,-48.0,-51.3,0.0,0.27,0.0
2025-01-10 14:00:00,-48.0,-51.3,0.0,0.4,0.0
2025-01-10 15:00:00,-48.1,-51.3,0.0,0.35,0.0
2025-01-10 16:00:00,-48.1,-51.2,0.0,0.45,0.0
2025-01-10 17:00:00,-48.0,-51.5,0.0,0.32,0.0
2025-01-10 18:00:00,-47.8,-51.8,0.0,0.25,0.0
2025-01-10 19:00:00,-47.9,-51.9,0.0,0.47,0.0
2025-01-10 20:00:00,-48.0,-51.9,0.0,0.6,0.0
2025-01-10 21:00:00,-48.3,-52.1,0.0,0.99,0.0
2025-01-10 22:00:00,-48.2,-52.1,0.0,0.79,0.0
2025-01-10 23:00:00,-48.1,-52.2,0.0,0.57,0.0
2025-01-11 00:00:00,-47.8,-52.1,0.0,0.61,0.0
2025-01-11 01:00:00,-48.7,-52.3,0.0,0.83,2578.6
2025-01-11 02:00:00,-47.4,-51.8,0.0,1.07,3600.0
2025-01-11 03:00:00,-46.2,-51.1,0.0,0.57,3600.0
2025-01-11 04:00:00,-45.6,-50.4,0.0,0.16,3600.0
2025-01-11 05:00:00,-45.9,-50.5,0.0,0.22,3600.0
2025-01-11 06:00:00,-46.2,-50.9,0.0,0.34,0.0
2025-01-11 07:00:00,-46.4,-51.1,0.0,0.32,0.0
2025-01-11 08:00:00,-46.5,-51.3,0.0,0.32,0.0
2025-01-11 09:00:00,-46.6,-51.3,0.0,0.5,0.0
2025-01-11 10:00:00,-46.9,-51.3,0.0,0.68,0.0
2025-01-11 11:00:00,-46.8,-51.1,0.0,0.64,0.0
2025-01-11 12:00:00,-46.9,-51.1,0.0,0.53,0.0
2025-01-11 13:00:00,-49.2,-52.9,0.0,0.79,0.0
2025-01-11 14:00:00,-49.3,-53.0,0.0,0.74,0.0
2025-01-11 15:00:00,-49.2,-52.9,0.0,0.3,0.0
2025-01-11 16:00:00,-48.7,-52.8,0.0,0.18,0.0
2025-01-11 17:00:00,-48.4,-52.9,0.0,0.11,0.0
2025-01-11 18:00:00,-48.1,-52.8,0.0,0.11,0.0
2025-01-11 19:00:00,-48.1,-52.7,0.0,0.14,0.0
2025-01-11 20:00:00,-48.4,-52.7,0.0,0.28,0.0
2025-01-11 21:00:00,-48.5,-52.7,0.0,0.22,0.0
2025-01-11 22:00:00,-48.4,-52.8,0.0,0.16,0.0
2025-01-11 23:00:00,-48.3,-52.8,0.0,0.11,0.0
2025-01-12 00:00:00,-48.1,-52.7,0.0,0.14,0.0
2025-01-12 01:00:00,-48.2,-53.4,0.0,0.15,438.29
2025-01-12 02:00:00,-46.5,-52.1,0.0,0.43,1329.95
2025-01-12 03:00:00,-45.0,-50.5,0.0,0.74,0.0
2025-01-12 04:00:00,-44.1,-49.5,0.0,0.35,0.0
2025-01-12 05:00:00,-44.0,-48.6,0.0,0.11,0.0
2025-01-12 06:00:00,-44.1,-48.1,0.0,0.16,0.0
2025-01-12 07:00:00,-44.3,-48.4,0.0,0.14,0.0
2025-01-12 08:00:00,-44.6,-48.9,0.0,0.18,0.0
2025-01-12 09:00:00,-44.8,-49.3,0.0,0.21,0.0
2025-01-12 10:00:00,-45.0,-49.5,0.0,0.21,0.0
2025-01-12 11:00:00,-45.2,-49.9,0.0,0.25,0.0
2025-01-12 12:00:00,-45.3,-50.1,0.0,0.15,0.0
2025-01-12 13:00:00,-47.8,-52.9,0.0,0.59,0.0
2025-01-12 14:00:00,-48.0,-52.9,0.0,0.4,0.0
2025-01-12 15:00:00,-47.7,-52.5,0.0,0.36,0.0
2025-01-12 16:00:00,-46.4,-51.2,0.0,0.71,0.0
2025-01-12 17:00:00,-45.3,-49.9,0.0,0.51,0.0
2025-01-12 18:00:00,-44.9,-49.2,0.0,0.25,0.0
2025-01-12 19:00:00,-45.0,-49.1,0.0,0.21,0.0
2025-01-12 20:00:00,-45.0,-49.2,0.0,0.35,0.0
2025-01-12 21:00:00,-45.2,-49.4,0.0,0.39,0.0
2025-01-12 22:00:00,-45.4,-49.6,0.0,0.42,0.0
2025-01-12 23:00:00,-45.1,-49.3,0.0,0.38,0.0
2025-01-13 00:00:00,-45.3,-49.5,0.0,0.45,0.0
2025-01-13 01:00:00,-46.3,-50.6,0.0,0.6,1345.33
2025-01-13 02:00:00,-45.4,-49.8,0.0,0.94,3600.0
2025-01-13 03:00:00,-44.2,-49.0,0.0,0.58,941.04
2025-01-13 04:00:00,-43.2,-48.0,0.0,0.18,0.0
2025-01-13 05:00:00,-43.0,-47.5,0.0,0.36,0.0
2025-01-13 06:00:00,-43.2,-47.0,0.0,0.21,0.0
2025-01-13 07:00:00,-43.7,-47.4,0.0,0.16,0.0
2025-01-13 08:00:00,-44.1,-47.9,0.0,0.27,0.0
2025-01-13 09:00:00,-44.7,-48.7,0.0,0.54,0.0
2025-01-13 10:00:00,-45.2,-49.4,0.0,0.83,0.0
2025-01-13 11:00:00,-45.3,-49.6,0.0,1.07,0.0
2025-01-13 12:00:00,-44.9,-49.0,0.0,1.22,0.0
2025-01-13 13:00:00,-45.7,-49.4,0.0,1.03,0.0
2025-01-13 14:00:00,-45.2,-49.0,0.0,1.13,0.0
2025-01-13 15:00:00,-44.8,-48.7,0.0,1.3,0.0
2025-01-13 16:00:00,-44.7,-48.4,0.0,1.48,0.0
2025-01-13 17:00:00,-45.5,-49.4,0.0,1.1,0.0
2025-01-13 18:00:00,-46.1,-50.1,0.0,0.94,0.0
2025-01-13 19:00:00,-46.3,-50.3,0.0,0.43,0.0
2025-01-13 20:00:00,-46.4,-50.5,0.0,0.27,0.0
2025-01-13 21:00:00,-46.4,-50.7,0.0,0.29,0.0
2025-01-13 22:00:00,-46.6,-50.9,0.0,0.43,0.0
2025-01-13 23:00:00,-46.8,-51.0,0.0,0.65,0.0
2025-01-14 00:00:00,-46.9,-51.0,0.0,0.69,0.0
2025-01-14 01:00:00,-46.2,-50.8,0.0,1.45,0.0
2025-01-14 02:00:00,-44.3,-49.3,0.0,0.88,0.0
2025-01-14 03:00:00,-43.1,-48.2,0.0,0.51,0.0
2025-01-14 04:00:00,-42.5,-47.3,0.0,0.65,0.0
2025-01-14 05:00:00,-43.0,-47.0,0.0,0.21,324.79
2025-01-14 06:00:00,-43.8,-47.6,0.0,0.35,0.0
2025-01-14 07:00:00,-44.0,-47.9,0.0,0.67,0.0
2025-01-14 08:00:00,-43.8,-47.9,0.0,0.73,0.0
2025-01-14 09:00:00,-43.5,-47.6,0.0,0.81,0.0
2025-01-14 10:00:00,-43.3,-47.1,0.0,1.25,0.0
2025-01-14 11:00:00,-42.5,-46.5,0.0,1.56,0.0
2025-01-14 12:00:00,-42.5,-46.5,0.0,0.87,0.0
2025-01-14 13:00:00,-44.8,-49.1,0.0,0.92,0.0
2025-01-14 14:00:00,-44.6,-49.1,0.0,0.64,0.0
2025-01-14 15:00:00,-44.5,-48.7,0.0,0.58,0.0
2025-01-14 16:00:00,-44.7,-48.8,0.0,0.29,0.0
2025-01-14 17:00:00,-45.1,-49.4,0.0,0.32,0.0
2025-01-14 18:00:00,-45.3,-49.7,0.0,0.36,0.0
2025-01-14 19:00:00,-45.6,-50.0,0.0,0.35,0.0
2025-01-14 20:00:00,-45.9,-50.3,0.0,0.32,0.0
2025-01-14 21:00:00,-46.0,-50.5,0.0,0.36,0.0
2025-01-14 22:00:00,-46.1,-50.8,0.0,0.36,0.0
2025-01-14 23:00:00,-46.1,-51.0,0.0,0.29,0.0
2025-01-15 00:00:00,-46.0,-51.1,0.0,0.16,0.0
2025-01-15 01:00:00,-46.7,-50.9,0.0,0.05,3576.86
2025-01-15 02:00:00,-45.0,-50.1,0.0,0.14,3600.0
2025-01-15 03:00:00,-43.9,-49.3,0.0,0.27,3600.0
2025-01-15 04:00:00,-43.4,-48.9,0.0,0.07,3600.0
2025-01-15 05:00:00,-43.7,-48.8,0.0,0.07,3600.0
2025-01-15 06:00:00,-44.1,-49.2,0.0,0.16,0.0
2025-01-15 07:00:00,-44.3,-49.4,0.0,0.11,0.0
2025-01-15 08:00:00,-44.6,-49.7,0.0,0.11,0.0
2025-01-15 09:00:00,-44.7,-49.9,0.0,0.11,0.0
2025-01-15 10:00:00,-44.9,-50.1,0.0,0.11,0.0
2025-01-15 11:00:00,-45.0,-50.3,0.0,0.16,0.0
2025-01-15 12:00:00,-45.2,-50.4,0.0,0.16,0.0
2025-01-15 13:00:00,-47.8,-52.1,0.0,0.38,0.0
2025-01-15 14:00:00,-47.7,-52.0,0.0,0.69,0.0
2025-01-15 15:00:00,-47.6,-51.8,0.0,0.25,0.0
2025-01-15 16:00:00,-47.5,-51.9,0.0,0.16,0.0
2025-01-15 17:00:00,-47.5,-51.9,0.0,0.16,0.0
2025-01-15 18:00:00,-47.7,-52.0,0.0,0.25,0.0
2025-01-15 19:00:00,-47.8,-52.1,0.0,0.18,0.0
2025-01-15 20:00:00,-48.2,-52.2,0.0,0.6,0.0
2025-01-15 21:00:00,-48.4,-52.2,0.0,0.51,0.0
2025-01-15 22:00:00,-48.6,-52.3,0.0,0.54,0.0
2025-01-15 23:00:00,-48.5,-52.2,0.0,0.46,0.0
2025-01-16 00:00:00,-48.6,-52.2,0.0,0.82,0.0
2025-01-16 01:00:00,-48.5,-52.7,0.0,0.93,3600.0
2025-01-16 02:00:00,-47.3,-52.3,0.0,1.32,3600.0
2025-01-16 03:00:00,-46.0,-51.7,0.0,0.61,3600.0
2025-01-16 04:00:00,-45.2,-50.7,0.0,0.34,3600.0
2025-01-16 05:00:00,-45.4,-50.2,0.0,0.1,3600.0
2025-01-16 06:00:00,-45.9,-50.7,0.0,0.18,289.72
2025-01-16 07:00:00,-46.1,-51.0,0.0,0.16,0.0
2025-01-16 08:00:00,-46.3,-51.3,0.0,0.25,0.0
2025-01-16 09:00:00,-46.6,-51.6,0.0,0.45,0.0
2025-01-16 10:00:00,-46.6,-51.7,0.0,0.18,0.0
2025-01-16 11:00:00,-46.7,-51.8,0.0,0.34,0.0
2025-01-16 12:00:00,-46.7,-51.8,0.0,0.25,0.0
2025-01-16 13:00:00,-48.7,-54.1,0.0,0.54,0.0
2025-01-16 14:00:00,-48.7,-53.7,0.0,0.64,0.0
2025-01-16 15:00:00,-48.8,-53.6,0.0,0.6,0.0
2025-01-16 16:00:00,-48.7,-53.5,0.0,0.32,0.0
2025-01-16 17:00:00,-48.5,-53.4,0.0,0.16,0.0
2025-01-16 18:00:00,-48.2,-53.2,0.0,0.21,0.0
2025-01-16 19:00:00,-47.8,-53.0,0.0,0.11,0.0
2025-01-16 20:00:00,-47.7,-53.0,0.0,0.29,0.0
2025-01-16 21:00:00,-47.4,-52.6,0.0,0.14,0.0
2025-01-16 22:00:00,-47.1,-52.4,0.0,0.07,0.0
2025-01-16 23:00:00,-46.8,-51.8,0.0,0.62,0.0
2025-01-17 00:00:00,-46.3,-51.5,0.0,0.22,0.0
2025-01-17 01:00:00,-47.1,-53.8,0.0,0.78,0.0
2025-01-17 02:00:00,-45.8,-51.9,0.0,0.21,761.56
2025-01-17 03:00:00,-44.5,-50.7,0.0,0.38,2677.95
2025-01-17 04:00:00,-43.5,-49.4,0.0,0.4,3600.0
2025-01-17 05:00:00,-43.5,-49.0,0.0,0.1,3600.0
2025-01-17 06:00:00,-44.1,-49.4,0.0,0.16,186.35
2025-01-17 07:00:00,-44.2,-49.6,0.0,0.05,0.0
2025-01-17 08:00:00,-44.2,-49.6,0.0,0.0,0.0
2025-01-17 09:00:00,-44.4,-49.7,0.0,0.58,0.0
2025-01-17 10:00:00,-44.4,-49.8,0.0,0.1,0.0
2025-01-17 11:00:00,-44.6,-49.8,0.0,0.05,0.0
2025-01-17 12:00:00,-44.7,-49.8,0.0,0.11,0.0
2025-01-17 13:00:00,-47.6,-52.6,0.0,0.74,0.0
2025-01-17 14:00:00,-47.4,-52.4,0.0,0.07,0.0
2025-01-17 15:00:00,-47.9,-52.5,0.0,0.28,0.0
2025-01-17 16:00:00,-48.1,-52.4,0.0,0.18,0.0
2025-01-17 17:00:00,-48.5,-52.5,0.0,0.35,0.0
2025-01-17 18:00:00,-48.9,-52.5,0.0,0.51,0.0
2025-01-17 19:00:00,-49.1,-52.5,0.0,0.34,0.0
2025-01-17 20:00:00,-49.1,-52.3,0.0,0.42,0.0
2025-01-17 21:00:00,-49.0,-52.1,0.0,0.36,0.0
2025-01-17 22:00:00,-48.8,-51.9,0.0,0.18,0.0
2025-01-17 23:00:00,-48.6,-52.0,0.0,0.25,0.0
2025-01-18 00:00:00,-48.4,-52.1,0.0,0.21,0.0
2025-01-18 01:00:00,-49.2,-53.4,0.0,0.32,3600.0
2025-01-18 02:00:00,-47.4,-52.7,0.0,0.5,3600.0
2025-01-18 03:00:00,-45.9,-52.0,0.0,0.4,3600.0
2025-01-18 04:00:00,-45.3,-51.0,0.0,0.11,3600.0
2025-01-18 05:00:00,-45.5,-50.5,0.0,0.21,3600.0
2025-01-18 06:00:00,-46.1,-50.8,0.0,0.35,82.17
2025-01-18 07:00:00,-46.8,-50.9,0.0,0.46,0.0
2025-01-18 08:00:00,-47.5,-51.1,0.0,0.57,0.0
2025-01-18 09:00:00,-48.0,-51.1,0.0,0.53,0.0
2025-01-18 10:00:00,-48.2,-51.5,0.0,0.46,0.0
2025-01-18 11:00:00,-48.5,-51.9,0.0,0.5,0.0
2025-01-18 12:00:00,-48.8,-52.1,0.0,0.53,0.0
2025-01-18 13:00:00,-50.6,-54.6,0.0,0.52,0.0
2025-01-18 14:00:00,-50.8,-54.5,0.0,0.5,0.0
2025-01-18 15:00:00,-50.7,-54.1,0.0,0.3,0.0
2025-01-18 16:00:00,-50.5,-53.4,0.0,0.22,0.0
2025-01-18 17:00:00,-50.6,-53.6,0.0,0.34,0.0
2025-01-18 18:00:00,-50.8,-53.6,0.0,0.43,0.0
2025-01-18 19:00:00,-51.0,-53.5,0.0,0.45,0.0
2025-01-18 20:00:00,-51.1,-54.2,0.0,0.54,0.0
2025-01-18 21:00:00,-51.4,-54.7,0.0,0.57,0.0
2025-01-18 22:00:00,-51.6,-55.2,0.0,0.56,0.0
2025-01-18 23:00:00,-51.8,-55.4,0.0,0.36,0.0
2025-01-19 00:00:00,-51.8,-55.7,0.0,0.3,0.0
2025-01-19 01:00:00,-51.3,-54.6,0.0,0.45,3600.0
2025-01-19 02:00:00,-49.6,-53.1,0.0,0.83,3600.0
2025-01-19 03:00:00,-48.1,-52.7,0.0,0.89,3600.0
2025-01-19 04:00:00,-47.4,-52.3,0.0,0.57,3600.0
2025-01-19 05:00:00,-47.7,-52.6,0.0,0.39,3600.0
2025-01-19 06:00:00,-48.4,-53.3,0.0,0.22,828.56
2025-01-19 07:00:00,-48.6,-53.8,0.0,0.1,0.0
2025-01-19 08:00:00,-48.8,-54.0,0.0,0.1,0.0
2025-01-19 09:00:00,-49.0,-53.3,0.0,0.1,0.0
2025-01-19 10:00:00,-49.5,-53.2,0.0,0.25,0.0
2025-01-19 11:00:00,-50.1,-52.5,0.0,0.34,0.0
2025-01-19 12:00:00,-50.5,-52.4,0.0,0.43,0.0
2025-01-19 13:00:00,-51.9,-57.1,0.0,0.5,0.0
2025-01-19 14:00:00,-52.2,-56.7,0.0,0.65,0.0
2025-01-19 15:00:00,-52.2,-56.7,0.0,0.52,0.0
2025-01-19 16:00:00,-52.1,-56.6,0.0,0.3,0.0
2025-01-19 17:00:00,-51.9,-56.4,0.0,0.25,0.0
2025-01-19 18:00:00,-51.9,-56.1,0.0,0.25,0.0
2025-01-19 19:00:00,-51.9,-55.7,0.0,0.32,0.0
2025-01-19 20:00:00,-52.0,-55.5,0.0,0.49,0.0
2025-01-19 21:00:00,-52.3,-55.0,0.0,0.54,0.0
2025-01-19 22:00:00,-52.5,-54.7,0.0,0.64,0.0
2025-01-19 23:00:00,-52.8,-55.5,0.0,0.74,0.0
2025-01-20 00:00:00,-52.8,-55.7,0.0,0.88,0.0
2025-01-20 01:00:00,-52.3,-57.2,0.0,1.07,3600.0
2025-01-20 02:00:00,-49.8,-55.7,0.0,1.32,3600.0
2025-01-20 03:00:00,-47.8,-53.8,0.0,1.14,3600.0
2025-01-20 04:00:00,-46.3,-52.0,0.0,0.7,3600.0
2025-01-20 05:00:00,-46.2,-51.6,0.0,0.62,3600.0
2025-01-20 06:00:00,-46.7,-51.7,0.0,0.61,0.0
2025-01-20 07:00:00,-46.3,-51.4,0.0,0.67,0.0
2025-01-20 08:00:00,-45.3,-50.9,0.0,0.67,0.0
2025-01-20 09:00:00,-44.7,-50.1,0.0,0.99,0.0
2025-01-20 10:00:00,-44.0,-49.0,0.0,1.34,0.0
2025-01-20 11:00:00,-43.6,-48.2,0.0,1.31,0.0
2025-01-20 12:00:00,-43.2,-47.7,0.0,1.28,0.0
2025-01-20 13:00:00,-44.6,-49.3,0.0,1.09,0.0
2025-01-20 14:00:00,-44.1,-48.9,0.1,1.05,0.0
2025-01-20 15:00:00,-43.1,-47.9,0.1,1.13,0.0
2025-01-20 16:00:00,-42.1,-46.9,0.1,1.11,0.0
2025-01-20 17:00:00,-41.0,-45.9,0.0,0.95,0.0
2025-01-20 18:00:00,-40.3,-45.0,0.0,0.45,0.0
2025-01-20 19:00:00,-41.3,-45.9,0.0,0.35,0.0
2025-01-20 20:00:00,-42.3,-46.9,0.0,0.43,0.0
2025-01-20 21:00:00,-43.4,-47.8,0.0,0.4,0.0
2025-01-20 22:00:00,-44.3,-48.7,0.0,0.32,0.0
2025-01-20 23:00:00,-45.6,-49.6,0.0,0.9,0.0
2025-01-21 00:00:00,-46.5,-49.6,0.0,1.24,0.0
2025-01-21 01:00:00,-46.9,-51.1,0.0,1.17,3600.0
2025-01-21 02:00:00,-44.4,-49.7,0.0,0.65,3600.0
2025-01-21 03:00:00,-41.9,-47.8,0.0,0.73,3600.0
2025-01-21 04:00:00,-40.8,-46.7,0.0,0.3,3600.0
2025-01-21 05:00:00,-41.1,-46.4,0.0,0.49,3600.0
2025-01-21 06:00:00,-42.0,-47.1,0.0,0.56,0.0
2025-01-21 07:00:00,-43.0,-47.8,0.0,0.63,0.0
2025-01-21 08:00:00,-44.1,-48.5,0.0,0.57,0.0
2025-01-21 09:00:00,-44.9,-49.0,0.0,0.57,0.0
2025-01-21 10:00:00,-45.4,-49.3,0.0,0.53,0.0
2025-01-21 11:00:00,-46.0,-49.5,0.0,0.68,0.0
2025-01-21 12:00:00,-46.4,-49.8,0.0,0.71,0.0
2025-01-21 13:00:00,-48.3,-53.0,0.0,0.71,0.0
2025-01-21 14:00:00,-47.2,-52.1,0.0,0.85,0.0
2025-01-21 15:00:00,-46.4,-51.4,0.0,0.92,0.0
2025-01-21 16:00:00,-45.2,-50.2,0.0,0.96,0.0
2025-01-21 17:00:00,-45.5,-50.3,0.0,0.96,0.0
2025-01-21 18:00:00,-46.0,-50.7,0.0,0.68,0.0
2025-01-21 19:00:00,-46.0,-50.7,0.0,0.71,0.0
2025-01-21 20:00:00,-45.9,-50.5,0.0,0.67,0.0
2025-01-21 21:00:00,-46.0,-50.5,0.0,0.64,0.0
2025-01-21 22:00:00,-45.6,-50.1,0.0,0.68,0.0
2025-01-21 23:00:00,-45.4,-49.6,0.0,0.58,0.0
2025-01-22 00:00:00,-45.1,-49.2,0.0,0.56,0.0
2025-01-22 01:00:00,-45.1,-50.3,0.0,1.06,2159.02
2025-01-22 02:00:00,-42.5,-48.8,0.0,0.99,3600.0
2025-01-22 03:00:00,-40.4,-46.9,0.0,0.69,3600.0
2025-01-22 04:00:00,-38.9,-45.0,0.0,0.78,2568.37
2025-01-22 05:00:00,-38.3,-44.1,0.0,0.71,2323.82
2025-01-22 06:00:00,-39.8,-44.6,0.0,0.92,0.0
2025-01-22 07:00:00,-40.9,-45.7,0.0,0.92,0.0
2025-01-22 08:00:00,-41.5,-45.5,0.0,0.85,0.0
2025-01-22 09:00:00,-41.7,-45.0,0.0,0.68,0.0
2025-01-22 10:00:00,-42.0,-44.8,0.0,0.53,0.0
2025-01-22 11:00:00,-42.3,-45.8,0.0,0.61,0.0
2025-01-22 12:00:00,-42.6,-46.9,0.0,0.79,0.0
2025-01-22 13:00:00,-45.9,-50.2,0.0,1.13,0.0
2025-01-22 14:00:00,-45.8,-50.2,0.0,1.17,0.0
2025-01-22 15:00:00,-45.6,-50.2,0.0,1.03,0.0
2025-01-22 16:00:00,-44.8,-49.5,0.0,1.24,0.0
2025-01-22 17:00:00,-44.0,-48.9,0.0,1.0,0.0
2025-01-22 18:00:00,-43.9,-48.8,0.0,0.96,0.0
2025-01-22 19:00:00,-43.3,-48.3,0.0,1.26,0.0
2025-01-22 20:00:00,-42.7,-47.4,0.0,1.01,0.0
2025-01-22 21:00:00,-42.5,-47.2,0.0,0.71,0.0
2025-01-22 22:00:00,-42.7,-47.4,0.0,0.71,0.0
2025-01-22 23:00:00,-43.3,-48.2,0.0,1.31,0.0
2025-01-23 00:00:00,-43.6,-48.2,0.0,1.52,0.0
2025-01-23 01:00:00,-42.5,-47.9,0.0,1.49,0.0
2025-01-23 02:00:00,-40.2,-46.6,0.0,0.94,2257.09
2025-01-23 03:00:00,-38.5,-44.9,0.0,0.88,1856.65
2025-01-23 04:00:00,-37.4,-43.3,0.0,0.92,305.43
2025-01-23 05:00:00,-36.8,-42.1,0.0,1.04,0.0
2025-01-23 06:00:00,-36.9,-41.4,0.0,1.39,0.0
2025-01-23 07:00:00,-36.7,-40.9,0.0,1.37,0.0
2025-01-23 08:00:00,-36.1,-40.2,0.0,1.35,0.0
2025-01-23 09:00:00,-35.5,-39.8,0.1,1.23,0.0
2025-01-23 10:00:00,-34.7,-39.1,0.1,0.74,0.0
2025-01-23 11:00:00,-34.0,-38.5,0.1,0.47,0.0
2025-01-23 12:00:00,-33.1,-37.7,0.1,0.22,0.0
2025-01-23 13:00:00,-34.7,-39.0,0.1,0.66,0.0
2025-01-23 14:00:00,-34.0,-38.3,0.1,0.71,0.0
2025-01-23 15:00:00,-33.4,-37.7,0.1,0.35,0.0
2025-01-23 16:00:00,-32.9,-37.2,0.1,0.22,0.0
2025-01-23 17:00:00,-32.5,-36.7,0.1,0.34,0.0
2025-01-23 18:00:00,-31.9,-36.1,0.1,0.18,0.0
2025-01-23 19:00:00,-31.5,-35.6,0.1,0.18,0.0
2025-01-23 20:00:00,-31.3,-35.3,0.1,0.07,0.0
2025-01-23 21:00:00,-31.2,-35.2,0.1,0.36,0.0
2025-01-23 22:00:00,-31.7,-35.4,0.0,0.47,0.0
2025-01-23 23:00:00,-32.3,-35.8,0.0,0.47,0.0
2025-01-24 00:00:00,-33.7,-37.0,0.0,0.18,0.0
2025-01-24 01:00:00,-33.1,-36.3,0.0,0.43,682.05
2025-01-24 02:00:00,-31.7,-35.9,0.0,0.85,2388.16
2025-01-24 03:00:00,-31.0,-35.3,0.0,0.71,3600.0
2025-01-24 04:00:00,-30.8,-34.9,0.0,0.79,3600.0
2025-01-24 05:00:00,-31.5,-35.1,0.0,0.98,3600.0
2025-01-24 06:00:00,-33.0,-36.4,0.0,1.32,1064.2
2025-01-24 07:00:00,-33.8,-36.9,0.0,1.0,0.0
2025-01-24 08:00:00,-32.1,-35.8,0.1,1.77,0.0
2025-01-24 09:00:00,-31.0,-35.1,0.2,1.42,0.0
2025-01-24 10:00:00,-30.2,-34.4,0.1,1.46,0.0
2025-01-24 11:00:00,-29.8,-34.3,0.1,1.08,0.0
2025-01-24 12:00:00,-30.1,-34.5,0.1,0.57,0.0
2025-01-24 13:00:00,-31.0,-35.5,0.1,0.6,0.0
2025-01-24 14:00:00,-31.9,-36.0,0.0,0.46,0.0
2025-01-24 15:00:00,-33.7,-37.6,0.0,0.35,0.0
2025-01-24 16:00:00,-34.7,-38.4,0.0,0.29,0.0
2025-01-24 17:00:00,-35.1,-39.0,0.0,0.22,0.0
2025-01-24 18:00:00,-36.1,-40.3,0.0,0.25,0.0
2025-01-24 19:00:00,-37.3,-42.2,0.0,0.65,0.0
2025-01-24 20:00:00,-38.7,-43.1,0.0,1.1,0.0
2025-01-24 21:00:00,-39.7,-43.7,0.0,1.36,0.0
2025-01-24 22:00:00,-40.0,-43.3,0.0,1.5,0.0
2025-01-24 23:00:00,-40.3,-42.8,0.0,1.14,0.0
2025-01-25 00:00:00,-40.0,-42.5,0.0,0.78,11.92
2025-01-25 01:00:00,-39.8,-44.5,0.0,0.4,2868.04
2025-01-25 02:00:00,-36.8,-43.9,0.0,0.7,3600.0
2025-01-25 03:00:00,-34.6,-41.9,0.0,0.16,3600.0
2025-01-25 04:00:00,-33.6,-42.0,0.0,0.0,3600.0
2025-01-25 05:00:00,-34.1,-41.0,0.0,0.05,3600.0
2025-01-25 06:00:00,-35.5,-41.7,0.0,0.11,2907.4
2025-01-25 07:00:00,-36.6,-42.3,0.0,0.27,0.0
2025-01-25 08:00:00,-37.8,-42.9,0.0,0.45,0.0
2025-01-25 09:00:00,-38.6,-43.1,0.0,0.43,0.0
2025-01-25 10:00:00,-39.4,-43.1,0.0,0.43,0.0
2025-01-25 11:00:00,-40.0,-43.3,0.0,0.49,0.0
2025-01-25 12:00:00,-40.0,-43.1,0.0,0.51,0.0
2025-01-25 13:00:00,-44.5,-48.1,0.0,0.36,0.0
2025-01-25 14:00:00,-44.7,-48.5,0.0,0.32,0.0
2025-01-25 15:00:00,-44.6,-48.7,0.0,0.7,0.0
2025-01-25 16:00:00,-44.9,-48.9,0.0,1.5,0.0
2025-01-25 17:00:00,-44.2,-48.1,0.0,1.86,0.0
2025-01-25 18:00:00,-43.3,-47.2,0.0,1.55,0.0
2025-01-25 19:00:00,-42.5,-46.4,0.0,1.46,0.0
2025-01-25 20:00:00,-42.6,-46.3,0.0,1.5,0.0
2025-01-25 21:00:00,-42.9,-46.5,0.0,1.72,0.0
2025-01-25 22:00:00,-43.6,-47.3,0.0,1.72,0.0
2025-01-25 23:00:00,-44.4,-48.2,0.0,1.5,0.0
2025-01-26 00:00:00,-45.0,-48.8,0.0,1.24,686.01
2025-01-26 01:00:00,-45.2,-48.5,0.0,1.33,3600.0
2025-01-26 02:00:00,-43.0,-47.0,0.0,1.22,3600.0
2025-01-26 03:00:00,-41.1,-45.5,0.0,0.71,3600.0
2025-01-26 04:00:00,-40.2,-44.6,0.0,0.35,3600.0
2025-01-26 05:00:00,-40.6,-44.6,0.0,0.11,3600.0
2025-01-26 06:00:00,-41.8,-45.5,0.0,0.16,3100.21
2025-01-26 07:00:00,-41.9,-45.9,0.0,0.14,0.0
2025-01-26 08:00:00,-42.1,-46.1,0.0,0.21,0.0
2025-01-26 09:00:00,-42.8,-46.5,0.0,0.27,0.0
2025-01-26 10:00:00,-44.1,-47.2,0.0,0.45,0.0
2025-01-26 11:00:00,-45.2,-48.2,0.0,0.65,0.0
2025-01-26 12:00:00,-46.1,-49.2,0.0,0.78,0.0
2025-01-26 13:00:00,-48.1,-50.9,0.0,0.65,0.0
2025-01-26 14:00:00,-48.8,-51.6,0.0,0.67,0.0
2025-01-26 15:00:00,-49.0,-51.9,0.0,0.4,0.0
2025-01-26 16:00:00,-48.8,-51.8,0.0,0.21,0.0
2025-01-26 17:00:00,-49.3,-52.1,0.0,0.25,0.0
2025-01-26 18:00:00,-50.1,-52.4,0.0,0.15,0.0
2025-01-26 19:00:00,-51.0,-53.4,0.0,0.16,0.0
2025-01-26 20:00:00,-51.6,-54.0,0.0,0.16,0.0
2025-01-26 21:00:00,-51.9,-54.3,0.0,0.05,0.0
2025-01-26 22:00:00,-52.0,-54.5,0.0,0.1,0.0
2025-01-26 23:00:00,-52.3,-54.6,0.0,0.05,0.0
2025-01-27 00:00:00,-52.3,-54.9,0.0,0.16,1343.88
2025-01-27 01:00:00,-50.7,-55.3,0.0,0.35,3600.0
2025-01-27 02:00:00,-48.0,-53.8,0.0,0.7,3600.0
2025-01-27 03:00:00,-46.2,-52.2,0.0,0.87,3600.0
2025-01-27 04:00:00,-45.3,-50.5,0.0,0.67,3600.0
2025-01-27 05:00:00,-45.7,-50.0,0.0,0.53,3600.0
2025-01-27 06:00:00,-47.5,-51.2,0.0,0.64,3292.31
2025-01-27 07:00:00,-48.8,-52.0,0.0,0.53,0.0
2025-01-27 08:00:00,-49.7,-52.6,0.0,0.65,0.0
2025-01-27 09:00:00,-50.3,-53.1,0.0,0.78,0.0
2025-01-27 10:00:00,-50.6,-53.4,0.0,0.71,0.0
2025-01-27 11:00:00,-50.9,-53.8,0.0,0.67,0.0
2025-01-27 12:00:00,-51.2,-54.3,0.0,0.74,0.0
2025-01-27 13:00:00,-53.1,-55.3,0.0,0.79,0.0
2025-01-27 14:00:00,-53.1,-55.4,0.0,0.75,0.0
2025-01-27 15:00:00,-52.9,-55.4,0.0,0.71,0.0
2025-01-27 16:00:00,-52.6,-55.5,0.0,0.53,0.0
2025-01-27 17:00:00,-52.3,-55.6,0.0,0.43,0.0
2025-01-27 18:00:00,-51.9,-55.5,0.0,0.22,0.0
2025-01-27 19:00:00,-51.7,-55.4,0.0,0.18,0.0
2025-01-27 20:00:00,-51.6,-55.4,0.0,0.18,0.0
2025-01-27 21:00:00,-51.5,-55.5,0.0,0.22,0.0
2025-01-27 22:00:00,-51.4,-55.6,0.0,0.32,0.0
2025-01-27 23:00:00,-51.4,-55.7,0.0,0.43,0.0
2025-01-28 00:00:00,-51.0,-55.6,0.0,0.47,1985.7
2025-01-28 01:00:00,-50.5,-55.7,0.0,0.64,3600.0
2025-01-28 02:00:00,-47.2,-54.0,0.0,0.25,3600.0
2025-01-28 03:00:00,-44.6,-52.3,0.0,0.53,3600.0
2025-01-28 04:00:00,-43.2,-50.2,0.0,0.51,3600.0
2025-01-28 05:00:00,-43.0,-49.3,0.0,0.4,3600.0
2025-01-28 06:00:00,-44.4,-49.8,0.0,0.43,3485.53
2025-01-28 07:00:00,-45.5,-50.4,0.0,0.28,0.0
2025-01-28 08:00:00,-46.3,-50.9,0.0,0.21,0.0
2025-01-28 09:00:00,-47.0,-51.3,0.0,0.22,0.0
2025-01-28 10:00:00,-47.7,-51.5,0.0,0.32,0.0
2025-01-28 11:00:00,-48.2,-51.6,0.0,0.43,0.0
2025-01-28 12:00:00,-48.9,-52.0,0.0,0.85,0.0
2025-01-28 13:00:00,-51.1,-54.5,0.0,1.21,0.0
2025-01-28 14:00:00,-51.1,-54.7,0.0,0.74,0.0
2025-01-28 15:00:00,-50.8,-54.6,0.0,0.58,0.0
2025-01-28 16:00:00,-50.6,-54.6,0.0,0.58,0.0
2025-01-28 17:00:00,-50.4,-54.7,0.0,0.32,0.0
2025-01-28 18:00:00,-49.8,-54.7,0.0,0.11,0.0
2025-01-28 19:00:00,-49.2,-54.8,0.0,0.07,0.0
2025-01-28 20:00:00,-49.0,-54.8,0.0,0.18,0.0
2025-01-28 21:00:00,-49.0,-54.8,0.0,0.29,0.0
2025-01-28 22:00:00,-49.1,-54.5,0.0,0.38,0.0
2025-01-28 23:00:00,-49.2,-54.3,0.0,0.6,0.0
2025-01-29 00:00:00,-49.0,-53.6,0.0,1.04,1868.69
2025-01-29 01:00:00,-48.2,-53.2,0.0,1.44,3600.0
2025-01-29 02:00:00,-45.7,-51.4,0.0,1.49,3600.0
2025-01-29 03:00:00,-43.6,-49.4,0.0,1.05,3600.0
2025-01-29 04:00:00,-42.4,-47.9,0.0,0.92,3600.0
2025-01-29 05:00:00,-42.2,-47.1,0.0,0.7,3600.0
2025-01-29 06:00:00,-43.5,-47.7,0.0,0.75,3600.0
2025-01-29 07:00:00,-44.5,-48.7,0.0,0.76,0.0
2025-01-29 08:00:00,-45.1,-49.2,0.0,0.89,0.0
2025-01-29 09:00:00,-45.5,-49.5,0.0,0.89,0.0
2025-01-29 10:00:00,-45.7,-49.8,0.0,0.81,0.0
2025-01-29 11:00:00,-45.9,-50.4,0.0,0.74,0.0
2025-01-29 12:00:00,-46.1,-51.0,0.0,0.72,0.0
2025-01-29 13:00:00,-48.2,-52.5,0.0,1.32,0.0
2025-01-29 14:00:00,-48.4,-53.0,0.0,1.71,0.0
2025-01-29 15:00:00,-48.8,-53.4,0.0,1.17,0.0
2025-01-29 16:00:00,-49.0,-53.7,0.0,0.68,0.0
2025-01-29 17:00:00,-48.7,-53.9,0.0,0.57,0.0
2025-01-29 18:00:00,-48.4,-54.0,0.0,0.46,0.0
2025-01-29 19:00:00,-48.4,-54.1,0.0,0.6,0.0
2025-01-29 20:00:00,-48.5,-54.1,0.0,0.76,0.0
2025-01-29 21:00:00,-48.8,-54.2,0.0,0.96,0.0
2025-01-29 22:00:00,-49.1,-54.2,0.0,1.0,0.0
2025-01-29 23:00:00,-49.3,-54.2,0.0,0.87,0.0
2025-01-30 00:00:00,-48.8,-53.8,0.0,0.92,2376.61
2025-01-30 01:00:00,-48.2,-52.5,0.0,0.85,3600.0
2025-01-30 02:00:00,-45.2,-51.3,0.0,1.35,3600.0
2025-01-30 03:00:00,-43.1,-49.5,0.0,0.81,3600.0
2025-01-30 04:00:00,-41.8,-48.1,0.0,0.63,3600.0
2025-01-30 05:00:00,-41.6,-47.3,0.0,0.41,3600.0
2025-01-30 06:00:00,-42.9,-47.8,0.0,0.74,3600.0
2025-01-30 07:00:00,-44.4,-48.8,0.0,0.87,0.0
2025-01-30 08:00:00,-45.2,-49.5,0.0,0.79,0.0
2025-01-30 09:00:00,-45.7,-49.9,0.0,0.64,0.0
2025-01-30 10:00:00,-46.0,-50.2,0.0,0.67,0.0
2025-01-30 11:00:00,-46.3,-50.6,0.0,0.64,0.0
2025-01-30 12:00:00,-46.6,-50.9,0.0,0.68,0.0
2025-01-30 13:00:00,-48.3,-52.7,0.0,0.39,0.0
2025-01-30 14:00:00,-48.5,-52.9,0.0,0.53,0.0
2025-01-30 15:00:00,-48.7,-53.0,0.0,0.58,0.0
2025-01-30 16:00:00,-48.7,-53.1,0.0,0.38,0.0
2025-01-30 17:00:00,-48.5,-53.2,0.0,0.27,0.0
2025-01-30 18:00:00,-48.3,-53.4,0.0,0.25,0.0
2025-01-30 19:00:00,-47.9,-53.5,0.0,0.21,0.0
2025-01-30 20:00:00,-47.7,-53.5,0.0,0.22,0.0
2025-01-30 21:00:00,-47.7,-53.7,0.0,0.36,0.0
2025-01-30 22:00:00,-48.0,-53.9,0.0,0.6,0.0
2025-01-30 23:00:00,-48.6,-54.2,0.0,0.92,0.0
2025-01-31 00:00:00,-48.5,-54.0,0.0,1.1,2555.88
2025-01-31 01:00:00,-47.8,-52.7,0.0,0.96,3600.0
2025-01-31 02:00:00,-45.3,-51.1,0.0,1.3,3600.0
2025-01-31 03:00:00,-43.4,-49.1,0.0,0.7,3600.0
2025-01-31 04:00:00,-42.1,-47.9,0.0,0.52,3600.0
2025-01-31 05:00:00,-41.8,-47.2,0.0,0.3,3600.0
2025-01-31 06:00:00,-43.0,-47.7,0.0,0.41,3600.0
2025-01-31 07:00:00,-44.3,-48.7,0.0,0.46,0.0
2025-01-31 08:00:00,-45.4,-49.5,0.0,0.67,0.0
2025-01-31 09:00:00,-46.4,-50.3,0.0,0.94,0.0
2025-01-31 10:00:00,-47.3,-51.2,0.0,1.15,0.0
2025-01-31 11:00:00,-47.7,-51.8,0.0,1.03,0.0
2025-01-31 12:00:00,-47.9,-52.2,0.0,0.78,0.0
2025-01-31 13:00:00,-49.9,-53.8,0.0,0.6,0.0
2025-01-31 14:00:00,-50.1,-53.8,0.0,0.83,0.0
2025-01-31 15:00:00,-50.0,-53.8,0.0,0.71,0.0
2025-01-31 16:00:00,-49.7,-53.9,0.0,0.47,0.0
2025-01-31 17:00:00,-49.4,-54.1,0.0,0.47,0.0
2025-01-31 18:00:00,-49.3,-54.1,0.0,0.5,0.0
2025-01-31 19:00:00,-49.3,-54.3,0.0,0.53,0.0
2025-01-31 20:00:00,-49.3,-54.4,0.0,0.6,0.0
2025-01-31 21:00:00,-49.2,-54.5,0.0,0.6,0.0
2025-01-31 22:00:00,-49.3,-54.6,0.0,0.61,0.0
2025-01-31 23:00:00,-49.2,-54.6,0.0,0.58,0.0
2025-02-01 00:00:00,-48.4,-54.0,0.0,0.65,2232.67
2025-02-01 01:00:00,-47.5,-55.0,0.0,0.53,3600.0
2025-02-01 02:00:00,-44.6,-52.3,0.0,0.94,3600.0
2025-02-01 03:00:00,-42.6,-49.6,0.0,0.68,3600.0
2025-02-01 04:00:00,-41.5,-47.9,0.0,0.67,3600.0
2025-02-01 05:00:00,-41.4,-47.0,0.0,0.29,3600.0
2025-02-01 06:00:00,-42.5,-47.3,0.0,0.4,3600.0
2025-02-01 07:00:00,-43.6,-48.2,0.0,0.4,0.0
2025-02-01 08:00:00,-44.2,-48.8,0.0,0.4,0.0
2025-02-01 09:00:00,-45.2,-49.6,0.0,0.74,0.0
2025-02-01 10:00:00,-46.2,-50.4,0.0,1.17,0.0
2025-02-01 11:00:00,-46.8,-51.3,0.0,1.82,0.0
2025-02-01 12:00:00,-47.2,-51.8,0.0,1.82,0.0
2025-02-01 13:00:00,-50.0,-53.7,0.0,1.12,0.0
2025-02-01 14:00:00,-50.3,-54.1,0.0,1.18,0.0
2025-02-01 15:00:00,-50.4,-54.3,0.0,0.7,0.0
2025-02-01 16:00:00,-50.2,-54.5,0.0,0.46,0.0
2025-02-01 17:00:00,-49.9,-54.4,0.0,0.32,0.0
2025-02-01 18:00:00,-49.6,-54.3,0.0,0.21,0.0
2025-02-01 19:00:00,-49.3,-54.2,0.0,0.22,0.0
2025-02-01 20:00:00,-49.1,-54.1,0.0,0.32,0.0
2025-02-01 21:00:00,-48.8,-53.9,0.0,0.53,0.0
2025-02-01 22:00:00,-48.5,-53.5,0.0,0.74,0.0
2025-02-01 23:00:00,-48.0,-52.8,0.0,0.86,0.0
2025-02-02 00:00:00,-46.7,-51.5,0.0,1.0,0.0
2025-02-02 01:00:00,-46.6,-52.2,0.0,0.62,0.0
2025-02-02 02:00:00,-44.4,-50.2,0.0,0.54,0.0
2025-02-02 03:00:00,-42.8,-48.2,0.0,0.34,521.9
2025-02-02 04:00:00,-41.7,-46.7,0.0,0.38,0.0
2025-02-02 05:00:00,-41.1,-45.7,0.0,0.38,0.0
2025-02-02 06:00:00,-41.3,-45.2,0.0,0.45,0.0
2025-02-02 07:00:00,-41.9,-45.2,0.0,0.7,0.0
2025-02-02 08:00:00,-42.6,-46.0,0.0,0.95,0.0
2025-02-02 09:00:00,-42.8,-46.5,0.0,1.15,0.0
2025-02-02 10:00:00,-42.7,-46.6,0.0,1.11,0.0
2025-02-02 11:00:00,-42.5,-46.5,0.0,0.97,0.0
2025-02-02 12:00:00,-42.5,-46.8,0.0,0.57,0.0
2025-02-02 13:00:00,-44.2,-48.4,0.0,0.68,0.0
2025-02-02 14:00:00,-44.3,-48.7,0.0,0.88,0.0
2025-02-02 15:00:00,-45.2,-49.6,0.0,0.85,0.0
2025-02-02 16:00:00,-45.9,-50.1,0.0,0.7,0.0
2025-02-02 17:00:00,-47.0,-50.9,0.0,0.65,0.0
2025-02-02 18:00:00,-47.9,-51.6,0.0,0.53,0.0
2025-02-02 19:00:00,-48.6,-52.2,0.0,0.46,0.0
2025-02-02 20:00:00,-49.3,-52.8,0.0,0.53,0.0
2025-02-02 21:00:00,-50.0,-53.4,0.0,0.71,0.0
2025-02-02 22:00:00,-50.7,-53.9,0.0,0.78,0.0
2025-02-02 23:00:00,-51.4,-54.4,0.0,0.74,0.0
2025-02-03 00:00:00,-51.2,-54.3,0.0,0.75,3107.49
2025-02-03 01:00:00,-49.9,-54.2,0.0,0.86,3600.0
2025-02-03 02:00:00,-46.8,-53.2,0.0,1.17,3600.0
2025-02-03 03:00:00,-44.7,-51.5,0.0,0.47,3600.0
2025-02-03 04:00:00,-43.3,-49.8,0.0,0.71,3600.0
2025-02-03 05:00:00,-42.9,-48.8,0.0,0.57,3600.0
2025-02-03 06:00:00,-44.2,-49.1,0.0,0.85,3600.0
2025-02-03 07:00:00,-46.0,-50.4,0.0,0.92,136.24
2025-02-03 08:00:00,-47.5,-51.2,0.0,0.74,0.0
2025-02-03 09:00:00,-48.4,-51.8,0.0,0.43,0.0
2025-02-03 10:00:00,-48.8,-52.1,0.0,0.25,0.0
2025-02-03 11:00:00,-48.9,-52.3,0.0,0.18,0.0
2025-02-03 12:00:00,-48.0,-52.0,0.0,0.07,0.0
2025-02-03 13:00:00,-48.9,-54.6,0.0,0.11,0.0
2025-02-03 14:00:00,-49.3,-54.6,0.0,0.16,0.0
2025-02-03 15:00:00,-49.7,-54.5,0.0,0.11,0.0
2025-02-03 16:00:00,-50.3,-54.6,0.0,0.05,0.0
2025-02-03 17:00:00,-50.9,-55.1,0.0,0.11,0.0
2025-02-03 18:00:00,-51.6,-55.4,0.0,0.29,0.0
2025-02-03 19:00:00,-51.9,-55.7,0.0,0.39,0.0
2025-02-03 20:00:00,-52.0,-55.8,0.0,0.32,0.0
2025-02-03 21:00:00,-52.0,-55.8,0.0,0.34,0.0
2025-02-03 22:00:00,-52.0,-55.8,0.0,0.32,0.0
2025-02-03 23:00:00,-51.9,-55.9,0.0,0.27,0.0
2025-02-04 00:00:00,-50.6,-55.2,0.0,0.18,3295.06
2025-02-04 01:00:00,-47.4,-55.1,0.0,0.18,3600.0
2025-02-04 02:00:00,-44.5,-52.8,0.0,0.46,3600.0
2025-02-04 03:00:00,-42.4,-50.6,0.0,0.22,3600.0
2025-02-04 04:00:00,-41.0,-48.9,0.0,0.35,3600.0
2025-02-04 05:00:00,-40.7,-47.6,0.0,0.15,3600.0
2025-02-04 06:00:00,-42.0,-47.7,0.0,0.29,3600.0
2025-02-04 07:00:00,-43.2,-48.5,0.0,0.38,30.93
2025-02-04 08:00:00,-43.3,-48.7,0.0,0.1,0.0
2025-02-04 09:00:00,-44.0,-49.1,0.0,0.15,0.0
2025-02-04 10:00:00,-44.7,-49.7,0.0,0.14,0.0
2025-02-04 11:00:00,-45.3,-50.3,0.0,0.22,0.0
2025-02-04 12:00:00,-45.6,-50.7,0.0,0.05,0.0
2025-02-04 13:00:00,-47.5,-54.4,0.0,0.22,0.0
2025-02-04 14:00:00,-47.8,-54.6,0.0,0.21,0.0
2025-02-04 15:00:00,-48.3,-54.7,0.0,0.34,0.0
2025-02-04 16:00:00,-48.7,-54.9,0.0,0.3,0.0
2025-02-04 17:00:00,-49.0,-55.1,0.0,0.32,0.0
2025-02-04 18:00:00,-49.0,-55.2,0.0,0.21,0.0
2025-02-04 19:00:00,-49.2,-55.3,0.0,0.25,0.0
2025-02-04 20:00:00,-49.5,-55.4,0.0,0.34,0.0
2025-02-04 21:00:00,-49.6,-55.3,0.0,0.27,0.0
2025-02-04 22:00:00,-49.6,-55.6,0.0,0.22,0.0
2025-02-04 23:00:00,-49.7,-55.7,0.0,0.25,0.0
2025-02-05 00:00:00,-48.6,-54.9,0.0,0.07,3484.11
2025-02-05 01:00:00,-46.8,-53.8,0.0,0.39,3600.0
2025-02-05 02:00:00,-44.6,-51.9,0.0,0.34,3600.0
2025-02-05 03:00:00,-42.6,-49.8,0.0,0.25,3600.0
2025-02-05 04:00:00,-41.2,-48.8,0.0,0.22,3600.0
2025-02-05 05:00:00,-40.5,-47.8,0.0,0.0,3600.0
2025-02-05 06:00:00,-41.1,-48.0,0.0,0.05,3600.0
2025-02-05 07:00:00,-41.9,-48.6,0.0,0.05,589.71
2025-02-05 08:00:00,-42.4,-48.9,0.0,0.1,0.0
2025-02-05 09:00:00,-43.0,-49.1,0.0,0.16,0.0
2025-02-05 10:00:00,-43.5,-49.2,0.0,0.16,0.0
2025-02-05 11:00:00,-43.9,-49.3,0.0,0.11,0.0
2025-02-05 12:00:00,-44.4,-49.6,0.0,0.21,0.0
2025-02-05 13:00:00,-46.6,-53.2,0.0,0.34,0.0
2025-02-05 14:00:00,-47.1,-52.7,0.0,0.56,0.0
2025-02-05 15:00:00,-47.9,-52.5,0.0,0.81,0.0
2025-02-05 16:00:00,-48.6,-52.6,0.0,0.74,0.0
2025-02-05 17:00:00,-48.7,-52.7,0.0,0.39,0.0
2025-02-05 18:00:00,-48.6,-53.0,0.0,0.2,0.0
2025-02-05 19:00:00,-48.5,-53.3,0.0,0.05,0.0
2025-02-05 20:00:00,-48.6,-53.6,0.0,0.22,0.0
2025-02-05 21:00:00,-48.9,-54.0,0.0,0.39,0.0
2025-02-05 22:00:00,-49.3,-54.2,0.0,0.57,0.0
2025-02-05 23:00:00,-49.5,-54.4,0.0,0.5,0.0
2025-02-06 00:00:00,-48.3,-53.3,0.0,0.42,3600.0
2025-02-06 01:00:00,-46.8,-52.4,0.0,1.3,3600.0
2025-02-06 02:00:00,-44.4,-50.6,0.0,0.82,3600.0
2025-02-06 03:00:00,-42.6,-49.3,0.0,0.67,3600.0
2025-02-06 04:00:00,-41.3,-48.0,0.0,0.52,3600.0
2025-02-06 05:00:00,-40.8,-47.2,0.0,0.52,3600.0
2025-02-06 06:00:00,-41.8,-47.0,0.0,0.3,3600.0
2025-02-06 07:00:00,-43.2,-48.0,0.0,0.3,1137.8
2025-02-06 08:00:00,-44.0,-48.7,0.0,0.41,0.0
2025-02-06 09:00:00,-44.7,-49.4,0.0,0.59,0.0
2025-02-06 10:00:00,-45.5,-50.1,0.0,0.78,0.0
2025-02-06 11:00:00,-46.3,-50.8,0.0,0.9,0.0
2025-02-06 12:00:00,-47.0,-51.3,0.0,0.82,0.0
2025-02-06 13:00:00,-48.3,-54.2,0.0,0.43,0.0
2025-02-06 14:00:00,-48.5,-54.2,0.0,0.49,0.0
2025-02-06 15:00:00,-48.7,-54.4,0.0,0.47,0.0
2025-02-06 16:00:00,-48.9,-54.5,0.0,0.27,0.0
2025-02-06 17:00:00,-48.9,-54.5,0.0,0.16,0.0
2025-02-06 18:00:00,-48.9,-54.4,0.0,0.25,0.0
2025-02-06 19:00:00,-49.0,-54.3,0.0,0.3,0.0
2025-02-06 20:00:00,-49.4,-54.4,0.0,0.65,0.0
2025-02-06 21:00:00,-49.7,-54.2,0.0,0.45,0.0
2025-02-06 22:00:00,-49.9,-54.0,0.0,0.81,0.0
2025-02-06 23:00:00,-50.1,-54.0,0.0,0.51,0.0
2025-02-07 00:00:00,-48.7,-53.2,0.0,0.71,3600.0
2025-02-07 01:00:00,-46.5,-53.1,0.0,0.28,3600.0
2025-02-07 02:00:00,-43.7,-50.6,0.0,0.71,3600.0
2025-02-07 03:00:00,-41.8,-48.9,0.0,0.39,3600.0
2025-02-07 04:00:00,-40.5,-47.7,0.0,0.69,3600.0
2025-02-07 05:00:00,-39.9,-46.9,0.0,0.59,3600.0
2025-02-07 06:00:00,-40.9,-46.9,0.0,0.47,3600.0
2025-02-07 07:00:00,-42.8,-48.0,0.0,0.82,1675.73
2025-02-07 08:00:00,-44.0,-48.9,0.0,0.79,0.0
2025-02-07 09:00:00,-45.0,-49.7,0.0,0.74,0.0
2025-02-07 10:00:00,-45.7,-50.4,0.0,0.83,0.0
2025-02-07 11:00:00,-46.4,-51.0,0.0,0.82,0.0
2025-02-07 12:00:00,-46.9,-51.5,0.0,0.68,0.0
2025-02-07 13:00:00,-48.3,-54.1,0.0,0.45,0.0
2025-02-07 14:00:00,-48.8,-54.3,0.0,0.78,0.0
2025-02-07 15:00:00,-49.4,-54.3,0.0,0.88,0.0
2025-02-07 16:00:00,-49.8,-54.2,0.0,0.75,0.0
2025-02-07 17:00:00,-49.9,-54.3,0.0,0.64,0.0
2025-02-07 18:00:00,-50.0,-54.4,0.0,0.54,0.0
2025-02-07 19:00:00,-50.0,-54.6,0.0,0.45,0.0
2025-02-07 20:00:00,-49.9,-54.6,0.0,0.3,0.0
2025-02-07 21:00:00,-49.8,-54.4,0.0,0.21,0.0
2025-02-07 22:00:00,-49.6,-54.2,0.0,0.22,0.0
2025-02-07 23:00:00,-49.4,-54.1,0.0,0.34,0.0
2025-02-08 00:00:00,-48.0,-53.1,0.0,0.57,3600.0
2025-02-08 01:00:00,-47.0,-54.3,0.0,1.06,3600.0
2025-02-08 02:00:00,-44.3,-51.1,0.0,1.11,3600.0
2025-02-08 03:00:00,-42.3,-48.5,0.0,0.93,3600.0
2025-02-08 04:00:00,-41.0,-46.9,0.0,0.86,3600.0
2025-02-08 05:00:00,-40.4,-45.9,0.0,0.76,3600.0
2025-02-08 06:00:00,-41.1,-45.8,0.0,0.45,3600.0
2025-02-08 07:00:00,-42.8,-47.1,0.0,0.62,1556.04
2025-02-08 08:00:00,-44.0,-48.1,0.0,0.63,0.0
2025-02-08 09:00:00,-44.9,-48.8,0.0,0.76,0.0
2025-02-08 10:00:00,-45.6,-49.5,0.0,0.92,0.0
2025-02-08 11:00:00,-46.2,-50.2,0.0,0.9,0.0
2025-02-08 12:00:00,-46.8,-50.8,0.0,0.88,0.0
2025-02-08 13:00:00,-48.4,-53.0,0.0,0.65,0.0
2025-02-08 14:00:00,-48.7,-53.2,0.0,0.71,0.0
2025-02-08 15:00:00,-48.9,-53.3,0.0,0.64,0.0
2025-02-08 16:00:00,-48.8,-53.4,0.0,0.46,0.0
2025-02-08 17:00:00,-48.8,-53.4,0.0,0.32,0.0
2025-02-08 18:00:00,-48.7,-53.4,0.0,0.25,0.0
2025-02-08 19:00:00,-48.6,-53.2,0.0,0.25,0.0
2025-02-08 20:00:00,-48.5,-53.0,0.0,0.21,0.0
2025-02-08 21:00:00,-48.4,-52.8,0.0,0.32,0.0
2025-02-08 22:00:00,-49.0,-52.9,0.0,0.81,0.0
2025-02-08 23:00:00,-48.9,-52.8,0.0,0.78,0.0
2025-02-09 00:00:00,-47.4,-51.9,0.0,0.85,3600.0
2025-02-09 01:00:00,-45.4,-51.2,0.0,0.78,3600.0
2025-02-09 02:00:00,-42.6,-48.5,0.0,0.72,3600.0
2025-02-09 03:00:00,-40.7,-46.6,0.0,0.72,3600.0
2025-02-09 04:00:00,-39.4,-45.3,0.0,0.73,3600.0
2025-02-09 05:00:00,-38.9,-44.5,0.0,0.62,3600.0
2025-02-09 06:00:00,-39.9,-44.3,0.0,0.4,3600.0
2025-02-09 07:00:00,-41.9,-45.7,0.0,0.45,2080.18
2025-02-09 08:00:00,-43.2,-46.8,0.0,0.49,0.0
2025-02-09 09:00:00,-44.1,-47.7,0.0,0.39,0.0
2025-02-09 10:00:00,-44.8,-48.5,0.0,0.32,0.0
2025-02-09 11:00:00,-45.3,-49.2,0.0,0.36,0.0
2025-02-09 12:00:00,-45.7,-49.8,0.0,0.43,0.0
2025-02-09 13:00:00,-46.3,-51.8,0.0,0.16,0.0
2025-02-09 14:00:00,-47.0,-52.0,0.0,0.49,0.0
2025-02-09 15:00:00,-47.9,-52.3,0.0,0.65,0.0
2025-02-09 16:00:00,-48.4,-52.7,0.0,0.56,0.0
2025-02-09 17:00:00,-48.7,-53.1,0.0,0.49,0.0
2025-02-09 18:00:00,-49.1,-53.5,0.0,0.5,0.0
2025-02-09 19:00:00,-49.5,-53.7,0.0,0.53,0.0
2025-02-09 20:00:00,-49.7,-53.9,0.0,0.46,0.0
2025-02-09 21:00:00,-50.0,-54.1,0.0,0.49,0.0
2025-02-09 22:00:00,-50.3,-54.3,0.0,0.6,0.0
2025-02-09 23:00:00,-50.6,-54.3,0.0,0.64,0.0
2025-02-10 00:00:00,-48.7,-52.8,0.0,0.89,3600.0
2025-02-10 01:00:00,-48.3,-54.0,0.0,0.91,3600.0
2025-02-10 02:00:00,-45.6,-51.5,0.0,0.57,3600.0
2025-02-10 03:00:00,-43.5,-49.3,0.0,0.55,3600.0
2025-02-10 04:00:00,-41.8,-47.4,0.0,0.6,3600.0
2025-02-10 05:00:00,-41.0,-46.2,0.0,0.65,3600.0
2025-02-10 06:00:00,-41.4,-45.8,0.0,0.65,3600.0
2025-02-10 07:00:00,-43.1,-47.1,0.0,0.8,2463.43
2025-02-10 08:00:00,-44.5,-48.2,0.0,0.81,0.0
2025-02-10 09:00:00,-45.6,-49.3,0.0,0.76,0.0
2025-02-10 10:00:00,-46.6,-50.1,0.0,0.67,0.0
2025-02-10 11:00:00,-47.2,-50.8,0.0,0.5,0.0
2025-02-10 12:00:00,-47.7,-51.3,0.0,0.35,0.0
2025-02-10 13:00:00,-49.0,-52.4,0.0,0.25,0.0
2025-02-10 14:00:00,-49.2,-52.6,0.0,0.43,0.0
2025-02-10 15:00:00,-49.3,-52.8,0.0,0.38,0.0
2025-02-10 16:00:00,-49.2,-52.8,0.0,0.29,0.0
2025-02-10 17:00:00,-49.2,-52.8,0.0,0.29,0.0
2025-02-10 18:00:00,-49.2,-52.8,0.0,0.27,0.0
2025-02-10 19:00:00,-49.2,-52.7,0.0,0.16,0.0
2025-02-10 20:00:00,-49.0,-52.4,0.0,0.11,0.0
2025-02-10 21:00:00,-49.0,-52.4,0.0,0.14,0.0
2025-02-10 22:00:00,-48.9,-52.4,0.0,0.27,0.0
2025-02-10 23:00:00,-48.4,-52.2,0.0,0.21,104.26
2025-02-11 00:00:00,-46.4,-51.1,0.0,0.1,3600.0
2025-02-11 01:00:00,-46.4,-53.2,0.0,0.29,3600.0
2025-02-11 02:00:00,-43.6,-50.5,0.0,0.42,3600.0
2025-02-11 03:00:00,-41.5,-48.4,0.0,0.1,3600.0
2025-02-11 04:00:00,-40.1,-46.9,0.0,0.62,3600.0
2025-02-11 05:00:00,-39.3,-45.9,0.0,0.71,3600.0
2025-02-11 06:00:00,-39.9,-45.5,0.0,0.22,3600.0
2025-02-11 07:00:00,-42.2,-46.5,0.0,0.88,2658.18
2025-02-11 08:00:00,-42.8,-47.1,0.0,0.36,0.0
2025-02-11 09:00:00,-43.0,-47.5,0.0,0.47,0.0
2025-02-11 10:00:00,-43.1,-47.6,0.0,0.25,0.0
2025-02-11 11:00:00,-43.2,-47.6,0.0,0.27,0.0
2025-02-11 12:00:00,-43.2,-47.5,0.0,0.25,0.0
2025-02-11 13:00:00,-43.4,-47.6,0.0,0.46,0.0
2025-02-11 14:00:00,-42.7,-46.9,0.0,0.16,0.0
2025-02-11 15:00:00,-41.6,-45.9,0.0,0.29,0.0
2025-02-11 16:00:00,-40.7,-44.6,0.0,0.89,0.0
2025-02-11 17:00:00,-40.1,-43.8,0.1,1.07,0.0
2025-02-11 18:00:00,-39.7,-43.4,0.3,1.21,0.0
2025-02-11 19:00:00,-39.4,-43.2,0.3,0.85,0.0
2025-02-11 20:00:00,-39.0,-42.8,0.2,1.25,0.0
2025-02-11 21:00:00,-38.8,-42.3,0.2,0.73,0.0
2025-02-11 22:00:00,-38.3,-41.8,0.1,0.92,0.0
2025-02-11 23:00:00,-38.3,-41.6,0.1,1.46,0.0
2025-02-12 00:00:00,-37.3,-41.2,0.0,1.11,0.0
2025-02-12 01:00:00,-36.5,-41.7,0.0,0.58,582.43
2025-02-12 02:00:00,-34.7,-40.2,0.0,0.4,0.0
2025-02-12 03:00:00,-32.7,-38.2,0.0,0.34,2527.6
2025-02-12 04:00:00,-31.2,-36.6,0.0,0.07,3534.53
2025-02-12 05:00:00,-30.6,-35.6,0.0,0.11,3600.0
2025-02-12 06:00:00,-31.0,-35.0,0.0,0.05,3498.33
2025-02-12 07:00:00,-32.5,-35.5,0.0,0.16,0.0
2025-02-12 08:00:00,-32.7,-36.0,0.0,0.2,0.0
2025-02-12 09:00:00,-32.4,-36.1,0.0,0.25,0.0
2025-02-12 10:00:00,-32.2,-36.1,0.0,0.28,0.0
2025-02-12 11:00:00,-32.4,-36.3,0.0,0.5,0.0
2025-02-12 12:00:00,-33.0,-36.9,0.0,0.39,0.0
2025-02-12 13:00:00,-34.1,-37.6,0.0,0.25,0.0
2025-02-12 14:00:00,-35.1,-38.5,0.0,0.42,0.0
2025-02-12 15:00:00,-35.2,-38.8,0.0,0.25,0.0
2025-02-12 16:00:00,-35.6,-39.4,0.0,0.07,0.0
2025-02-12 17:00:00,-35.6,-39.5,0.0,0.05,0.0
2025-02-12 18:00:00,-35.3,-39.3,0.0,0.05,0.0
2025-02-12 19:00:00,-35.2,-39.3,0.0,0.05,0.0
2025-02-12 20:00:00,-35.2,-39.3,0.0,0.21,0.0
2025-02-12 21:00:00,-34.9,-39.1,0.0,0.11,0.0
2025-02-12 22:00:00,-35.1,-39.2,0.0,0.15,0.0
2025-02-12 23:00:00,-35.3,-39.3,0.0,0.1,0.0
2025-02-13 00:00:00,-33.9,-38.1,0.0,0.11,3600.0
2025-02-13 01:00:00,-33.5,-38.9,0.0,0.05,3600.0
2025-02-13 02:00:00,-31.2,-37.1,0.0,0.22,3600.0
2025-02-13 03:00:00,-29.2,-35.8,0.0,0.18,3600.0
2025-02-13 04:00:00,-27.8,-34.2,0.0,0.51,3600.0
2025-02-13 05:00:00,-27.1,-33.1,0.0,0.67,3600.0
2025-02-13 06:00:00,-27.8,-32.5,0.0,0.47,3600.0
2025-02-13 07:00:00,-30.2,-33.5,0.0,0.85,3043.84
2025-02-13 08:00:00,-31.1,-34.1,0.0,0.43,0.0
2025-02-13 09:00:00,-31.4,-34.4,0.0,0.32,0.0
2025-02-13 10:00:00,-31.2,-34.3,0.0,0.27,0.0
2025-02-13 11:00:00,-31.3,-34.4,0.0,0.32,0.0
2025-02-13 12:00:00,-31.5,-34.7,0.0,0.32,0.0
2025-02-13 13:00:00,-32.4,-35.6,0.0,0.14,0.0
2025-02-13 14:00:00,-32.5,-35.6,0.0,0.11,0.0
2025-02-13 15:00:00,-32.7,-35.6,0.0,0.05,0.0
2025-02-13 16:00:00,-33.0,-36.0,0.0,0.05,0.0
2025-02-13 17:00:00,-33.3,-36.5,0.0,0.0,0.0
2025-02-13 18:00:00,-33.9,-37.2,0.0,0.07,0.0
2025-02-13 19:00:00,-34.6,-38.0,0.0,0.14,0.0
2025-02-13 20:00:00,-35.1,-38.5,0.0,0.32,0.0
2025-02-13 21:00:00,-34.7,-38.3,0.0,0.32,0.0
2025-02-13 22:00:00,-34.4,-38.0,0.0,0.32,0.0
2025-02-13 23:00:00,-34.0,-37.7,0.0,0.18,0.0
2025-02-14 00:00:00,-32.4,-37.0,0.0,0.27,0.0
2025-02-14 01:00:00,-30.8,-35.7,0.0,0.42,0.0
2025-02-14 02:00:00,-28.8,-34.6,0.0,0.14,3600.0
2025-02-14 03:00:00,-26.9,-33.3,0.0,0.32,3600.0
2025-02-14 04:00:00,-25.6,-31.7,0.0,0.61,3600.0
2025-02-14 05:00:00,-25.1,-30.3,0.0,0.67,3600.0
2025-02-14 06:00:00,-25.9,-29.9,0.0,0.35,3600.0
2025-02-14 07:00:00,-28.0,-31.1,0.0,0.49,3234.53
2025-02-14 08:00:00,-29.1,-31.8,0.0,0.41,0.0
2025-02-14 09:00:00,-29.1,-31.8,0.0,0.25,0.0
2025-02-14 10:00:00,-28.9,-31.8,0.0,0.22,0.0
2025-02-14 11:00:00,-28.3,-31.5,0.0,0.11,0.0
2025-02-14 12:00:00,-28.2,-31.4,0.0,0.05,0.0
2025-02-14 13:00:00,-30.5,-33.1,0.0,0.27,0.0
2025-02-14 14:00:00,-31.5,-34.4,0.0,0.51,0.0
2025-02-14 15:00:00,-33.5,-36.2,0.0,1.06,0.0
2025-02-14 16:00:00,-34.8,-37.9,0.0,1.42,0.0
2025-02-14 17:00:00,-35.6,-39.0,0.0,1.13,0.0
2025-02-14 18:00:00,-36.6,-40.0,0.0,1.05,0.0
2025-02-14 19:00:00,-37.2,-40.3,0.0,0.69,0.0
2025-02-14 20:00:00,-37.3,-40.4,0.0,0.57,0.0
2025-02-14 21:00:00,-37.7,-40.8,0.0,0.6,0.0
2025-02-14 22:00:00,-38.1,-41.2,0.0,0.43,0.0
2025-02-14 23:00:00,-38.0,-41.5,0.0,0.18,905.57
2025-02-15 00:00:00,-35.6,-40.3,0.0,0.11,3600.0
2025-02-15 01:00:00,-35.2,-44.2,0.0,0.43,3600.0
2025-02-15 02:00:00,-32.6,-40.7,0.0,0.43,3600.0
2025-02-15 03:00:00,-30.5,-38.1,0.0,0.51,3600.0
2025-02-15 04:00:00,-29.2,-36.3,0.0,0.25,3600.0
2025-02-15 05:00:00,-28.6,-34.9,0.0,0.25,3600.0
2025-02-15 06:00:00,-28.7,-33.8,0.0,0.56,511.12
2025-02-15 07:00:00,-30.4,-34.2,0.0,0.49,0.0
2025-02-15 08:00:00,-31.2,-34.8,0.0,1.2,0.0
2025-02-15 09:00:00,-30.4,-34.4,0.0,0.92,0.0
2025-02-15 10:00:00,-30.1,-34.0,0.0,1.44,0.0
2025-02-15 11:00:00,-29.8,-33.6,0.0,1.27,0.0
2025-02-15 12:00:00,-29.5,-33.4,0.0,0.34,0.0
2025-02-15 13:00:00,-29.9,-33.6,0.0,0.22,0.0
2025-02-15 14:00:00,-30.0,-33.8,0.0,0.11,0.0
2025-02-15 15:00:00,-30.9,-34.3,0.0,0.49,0.0
2025-02-15 16:00:00,-32.1,-35.2,0.0,0.71,0.0
2025-02-15 17:00:00,-32.6,-36.0,0.0,0.97,0.0
2025-02-15 18:00:00,-33.1,-36.4,0.0,0.6,0.0
2025-02-15 19:00:00,-32.9,-36.3,0.0,0.14,0.0
2025-02-15 20:00:00,-33.1,-36.5,0.0,0.1,0.0
2025-02-15 21:00:00,-33.0,-36.6,0.0,0.1,0.0
2025-02-15 22:00:00,-33.0,-36.7,0.0,0.25,0.0
2025-02-15 23:00:00,-33.2,-36.9,0.0,0.4,0.0
2025-02-16 00:00:00,-31.0,-35.5,0.0,0.57,921.08
2025-02-16 01:00:00,-28.6,-34.3,0.0,0.43,3600.0
2025-02-16 02:00:00,-26.1,-32.5,0.0,0.45,3600.0
2025-02-16 03:00:00,-23.9,-30.1,0.0,0.97,3600.0
2025-02-16 04:00:00,-22.4,-28.2,0.0,1.05,3600.0
2025-02-16 05:00:00,-21.7,-27.0,0.0,1.13,3600.0
2025-02-16 06:00:00,-22.2,-26.6,0.0,1.05,3600.0
2025-02-16 07:00:00,-25.0,-28.0,0.0,1.32,3600.0
2025-02-16 08:00:00,-26.4,-29.2,0.0,0.95,0.0
2025-02-16 09:00:00,-27.0,-29.8,0.0,0.7,0.0
2025-02-16 10:00:00,-27.8,-30.1,0.0,0.5,0.0
2025-02-16 11:00:00,-28.7,-30.3,0.0,0.42,0.0
2025-02-16 12:00:00,-29.6,-30.6,0.0,0.36,0.0
2025-02-16 13:00:00,-32.1,-32.8,0.0,0.28,0.0
2025-02-16 14:00:00,-32.2,-33.0,0.0,0.25,0.0
2025-02-16 15:00:00,-32.4,-33.2,0.0,0.25,0.0
2025-02-16 16:00:00,-32.8,-34.1,0.0,0.18,0.0
2025-02-16 17:00:00,-33.5,-34.3,0.0,0.22,0.0
2025-02-16 18:00:00,-34.5,-35.9,0.0,0.46,0.0
2025-02-16 19:00:00,-35.9,-38.0,0.0,0.6,0.0
2025-02-16 20:00:00,-37.2,-39.8,0.0,0.81,0.0
2025-02-16 21:00:00,-37.8,-40.7,0.0,0.99,0.0
2025-02-16 22:00:00,-38.2,-41.3,0.0,0.92,0.0
2025-02-16 23:00:00,-37.7,-41.1,0.0,0.49,690.01
2025-02-17 00:00:00,-35.0,-39.7,0.0,0.25,3600.0
2025-02-17 01:00:00,-34.5,-40.7,0.0,0.66,3600.0
2025-02-17 02:00:00,-31.7,-38.1,0.0,0.6,3600.0
2025-02-17 03:00:00,-29.0,-36.1,0.0,0.4,3600.0
2025-02-17 04:00:00,-27.3,-33.9,0.0,0.15,3600.0
2025-02-17 05:00:00,-26.4,-32.2,0.0,0.25,3600.0
2025-02-17 06:00:00,-26.8,-31.2,0.0,0.11,3600.0
2025-02-17 07:00:00,-28.2,-31.8,0.0,0.27,3600.0
2025-02-17 08:00:00,-28.4,-32.1,0.0,0.21,0.0
2025-02-17 09:00:00,-28.7,-32.0,0.0,0.34,0.0
2025-02-17 10:00:00,-29.3,-31.7,0.0,0.34,0.0
2025-02-17 11:00:00,-29.7,-31.4,0.0,0.25,0.0
2025-02-17 12:00:00,-29.9,-31.2,0.0,0.25,0.0
2025-02-17 13:00:00,-29.8,-31.8,0.0,0.34,0.0
2025-02-17 14:00:00,-29.6,-31.7,0.0,0.41,0.0
2025-02-17 15:00:00,-30.6,-32.3,0.0,0.39,0.0
2025-02-17 16:00:00,-31.7,-32.9,0.0,0.3,0.0
2025-02-17 17:00:00,-32.7,-33.3,0.0,0.25,0.0
2025-02-17 18:00:00,-33.7,-34.2,0.0,0.28,0.0
2025-02-17 19:00:00,-34.4,-35.1,0.0,0.22,0.0
2025-02-17 20:00:00,-34.9,-35.8,0.0,0.29,0.0
2025-02-17 21:00:00,-35.4,-36.3,0.0,0.25,0.0
2025-02-17 22:00:00,-35.9,-36.6,0.0,0.3,0.0
2025-02-17 23:00:00,-35.6,-36.7,0.0,0.28,2355.97
2025-02-18 00:00:00,-32.9,-35.0,0.0,0.15,3600.0
2025-02-18 01:00:00,-30.6,-36.4,0.0,0.64,3600.0
2025-02-18 02:00:00,-27.9,-34.6,0.0,0.62,3600.0
2025-02-18 03:00:00,-25.7,-32.2,0.0,0.73,3600.0
2025-02-18 04:00:00,-24.2,-30.2,0.0,0.65,3600.0
2025-02-18 05:00:00,-23.5,-29.0,0.0,0.68,3600.0
2025-02-18 06:00:00,-24.1,-28.6,0.0,0.4,3600.0
2025-02-18 07:00:00,-26.6,-29.6,0.0,0.58,3600.0
2025-02-18 08:00:00,-28.0,-30.6,0.0,0.51,0.0
2025-02-18 09:00:00,-28.5,-31.0,0.0,0.45,0.0
2025-02-18 10:00:00,-28.8,-31.2,0.0,0.3,0.0
2025-02-18 11:00:00,-29.3,-31.3,0.0,0.22,0.0
2025-02-18 12:00:00,-30.1,-31.4,0.0,0.05,0.0
2025-02-18 13:00:00,-30.6,-32.3,0.0,0.2,0.0
2025-02-18 14:00:00,-31.4,-32.5,0.0,0.1,0.0
2025-02-18 15:00:00,-32.5,-33.2,0.0,0.1,0.0
2025-02-18 16:00:00,-33.9,-36.0,0.0,0.05,0.0
2025-02-18 17:00:00,-35.2,-37.7,0.0,0.05,0.0
2025-02-18 18:00:00,-36.1,-38.9,0.0,0.05,0.0
2025-02-18 19:00:00,-36.9,-39.8,0.0,0.11,0.0
2025-02-18 20:00:00,-37.5,-40.6,0.0,0.25,0.0
2025-02-18 21:00:00,-38.2,-41.1,0.0,0.39,0.0
2025-02-18 22:00:00,-38.9,-41.6,0.0,0.49,0.0
2025-02-18 23:00:00,-38.4,-41.4,0.0,0.88,2236.33
2025-02-19 00:00:00,-35.4,-39.3,0.0,1.33,3600.0
2025-02-19 01:00:00,-34.4,-39.4,0.0,0.85,3600.0
2025-02-19 02:00:00,-31.6,-37.3,0.0,0.53,3600.0
2025-02-19 03:00:00,-29.2,-35.9,0.0,0.32,3600.0
2025-02-19 04:00:00,-27.6,-34.7,0.0,0.16,3600.0
2025-02-19 05:00:00,-26.7,-33.9,0.0,0.14,3600.0
2025-02-19 06:00:00,-26.9,-33.5,0.0,0.0,3600.0
2025-02-19 07:00:00,-28.7,-33.8,0.0,0.11,3600.0
2025-02-19 08:00:00,-30.5,-34.7,0.0,0.21,0.0
2025-02-19 09:00:00,-31.7,-35.2,0.0,0.2,0.0
2025-02-19 10:00:00,-32.6,-35.8,0.0,0.07,0.0
2025-02-19 11:00:00,-33.6,-36.6,0.0,0.27,0.0
2025-02-19 12:00:00,-34.4,-37.3,0.0,0.16,0.0
2025-02-19 13:00:00,-35.1,-37.7,0.0,0.05,0.0
2025-02-19 14:00:00,-35.9,-38.3,0.0,0.25,0.0
2025-02-19 15:00:00,-36.5,-38.8,0.0,0.18,0.0
2025-02-19 16:00:00,-36.7,-39.3,0.0,0.21,0.0
2025-02-19 17:00:00,-36.8,-39.8,0.0,0.25,0.0
2025-02-19 18:00:00,-37.0,-40.2,0.0,0.21,0.0
2025-02-19 19:00:00,-37.2,-40.6,0.0,0.2,0.0
2025-02-19 20:00:00,-37.6,-41.2,0.0,0.25,0.0
2025-02-19 21:00:00,-38.0,-41.6,0.0,0.21,0.0
2025-02-19 22:00:00,-38.5,-42.0,0.0,0.22,0.0
2025-02-19 23:00:00,-38.1,-41.7,0.0,0.25,2783.08
2025-02-20 00:00:00,-35.4,-40.1,0.0,0.49,3600.0
2025-02-20 01:00:00,-34.1,-40.2,0.0,0.4,3600.0
2025-02-20 02:00:00,-31.5,-37.9,0.0,0.28,3600.0
2025-02-20 03:00:00,-29.4,-36.7,0.0,0.1,3600.0
2025-02-20 04:00:00,-27.8,-35.2,0.0,0.11,3600.0
2025-02-20 05:00:00,-26.9,-34.1,0.0,0.21,3600.0
2025-02-20 06:00:00,-27.1,-33.4,0.0,0.1,3600.0
2025-02-20 07:00:00,-29.0,-33.7,0.0,0.16,3600.0
2025-02-20 08:00:00,-30.8,-34.7,0.0,0.16,0.0
2025-02-20 09:00:00,-31.6,-35.1,0.0,0.07,0.0
2025-02-20 10:00:00,-32.3,-35.5,0.0,0.05,0.0
2025-02-20 11:00:00,-33.4,-36.4,0.0,0.27,0.0
2025-02-20 12:00:00,-34.6,-37.4,0.0,0.51,0.0
2025-02-20 13:00:00,-35.1,-38.1,0.0,0.35,0.0
2025-02-20 14:00:00,-35.8,-38.9,0.0,0.35,0.0
2025-02-20 15:00:00,-36.4,-39.4,0.0,0.32,0.0
2025-02-20 16:00:00,-36.8,-39.6,0.0,0.25,0.0
2025-02-20 17:00:00,-37.5,-39.8,0.0,0.39,0.0
2025-02-20 18:00:00,-38.1,-40.5,0.0,0.47,0.0
2025-02-20 19:00:00,-38.7,-41.3,0.0,0.46,0.0
2025-02-20 20:00:00,-39.1,-41.8,0.0,0.46,0.0
2025-02-20 21:00:00,-39.5,-42.2,0.0,0.43,0.0
2025-02-20 22:00:00,-39.8,-42.3,0.0,0.32,0.0
2025-02-20 23:00:00,-38.8,-41.7,0.0,0.39,2983.88
2025-02-21 00:00:00,-35.8,-39.3,0.0,0.95,3600.0
2025-02-21 01:00:00,-34.2,-39.3,0.0,0.51,3600.0
2025-02-21 02:00:00,-31.4,-37.1,0.0,0.36,3600.0
2025-02-21 03:00:00,-29.1,-36.0,0.0,0.16,3600.0
2025-02-21 04:00:00,-27.6,-34.8,0.0,0.0,3600.0
2025-02-21 05:00:00,-26.6,-34.0,0.0,0.11,3600.0
2025-02-21 06:00:00,-26.5,-33.5,0.0,0.05,3600.0
2025-02-21 07:00:00,-28.1,-33.9,0.0,0.18,3600.0
2025-02-21 08:00:00,-29.8,-34.8,0.0,0.16,88.57
2025-02-21 09:00:00,-31.3,-35.5,0.0,0.25,0.0
2025-02-21 10:00:00,-32.8,-36.2,0.0,0.36,0.0
2025-02-21 11:00:00,-34.2,-37.0,0.0,0.51,0.0
2025-02-21 12:00:00,-35.5,-37.8,0.0,0.68,0.0
2025-02-21 13:00:00,-37.0,-39.2,0.0,0.53,0.0
2025-02-21 14:00:00,-37.7,-39.9,0.0,0.46,0.0
2025-02-21 15:00:00,-38.2,-40.6,0.0,0.46,0.0
2025-02-21 16:00:00,-38.7,-41.5,0.0,0.5,0.0
2025-02-21 17:00:00,-39.1,-42.2,0.0,0.46,0.0
2025-02-21 18:00:00,-39.7,-42.7,0.0,0.32,0.0
2025-02-21 19:00:00,-40.5,-43.5,0.0,0.53,0.0
2025-02-21 20:00:00,-41.1,-43.9,0.0,0.68,0.0
2025-02-21 21:00:00,-41.5,-44.2,0.0,0.53,0.0
2025-02-21 22:00:00,-41.5,-44.3,0.0,0.39,0.0
2025-02-21 23:00:00,-40.2,-43.4,0.0,0.65,2454.64
2025-02-22 00:00:00,-36.8,-41.4,0.0,1.39,3600.0
2025-02-22 01:00:00,-36.0,-42.3,0.0,0.78,3600.0
2025-02-22 02:00:00,-33.3,-39.6,0.0,0.65,3600.0
2025-02-22 03:00:00,-31.1,-38.3,0.0,0.63,3600.0
2025-02-22 04:00:00,-29.5,-36.6,0.0,0.59,3600.0
2025-02-22 05:00:00,-28.5,-35.4,0.0,0.57,3600.0
2025-02-22 06:00:00,-28.4,-34.7,0.0,0.36,3600.0
2025-02-22 07:00:00,-30.1,-35.0,0.0,0.4,3600.0
2025-02-22 08:00:00,-32.1,-36.2,0.0,0.5,0.0
2025-02-22 09:00:00,-33.5,-37.1,0.0,0.51,0.0
2025-02-22 10:00:00,-34.6,-38.0,0.0,0.54,0.0
2025-02-22 11:00:00,-35.3,-38.6,0.0,0.51,0.0
2025-02-22 12:00:00,-35.7,-39.1,0.0,0.6,0.0
2025-02-22 13:00:00,-36.8,-39.5,0.0,0.25,0.0
2025-02-22 14:00:00,-36.9,-39.9,0.0,0.35,0.0
2025-02-22 15:00:00,-37.4,-40.4,0.0,0.39,0.0
2025-02-22 16:00:00,-37.8,-40.8,0.0,0.39,0.0
2025-02-22 17:00:00,-38.3,-41.3,0.0,0.39,0.0
2025-02-22 18:00:00,-38.7,-41.7,0.0,0.49,0.0
2025-02-22 19:00:00,-38.8,-42.1,0.0,0.67,0.0
2025-02-22 20:00:00,-39.1,-42.5,0.0,0.81,0.0
2025-02-22 21:00:00,-39.5,-42.9,0.0,0.99,0.0
2025-02-22 22:00:00,-39.9,-43.1,0.0,0.67,0.0
2025-02-22 23:00:00,-38.8,-42.5,0.0,0.57,1181.28
2025-02-23 00:00:00,-35.6,-40.7,0.0,0.89,3098.33
2025-02-23 01:00:00,-35.2,-41.3,0.0,0.34,2650.92
2025-02-23 02:00:00,-33.0,-39.1,0.0,0.36,3286.3
2025-02-23 03:00:00,-31.2,-38.3,0.0,0.35,3118.24
2025-02-23 04:00:00,-29.6,-36.8,0.0,0.18,2731.46
2025-02-23 05:00:00,-28.7,-35.6,0.0,0.38,823.63
2025-02-23 06:00:00,-28.4,-34.7,0.0,0.25,0.0
2025-02-23 07:00:00,-28.9,-34.0,0.0,0.16,0.0
2025-02-23 08:00:00,-30.0,-34.2,0.0,0.25,0.0
2025-02-23 09:00:00,-30.9,-34.6,0.0,0.14,0.0
2025-02-23 10:00:00,-31.3,-34.6,0.0,0.05,0.0
2025-02-23 11:00:00,-31.5,-34.6,0.0,0.11,0.0
2025-02-23 12:00:00,-31.6,-34.6,0.0,0.1,0.0
2025-02-23 13:00:00,-33.0,-36.7,0.0,0.07,0.0
2025-02-23 14:00:00,-32.8,-36.6,0.0,0.07,0.0
2025-02-23 15:00:00,-32.7,-36.5,0.0,0.07,0.0
2025-02-23 16:00:00,-32.7,-36.4,0.0,0.0,0.0
2025-02-23 17:00:00,-32.5,-36.3,0.0,0.11,0.0
2025-02-23 18:00:00,-32.8,-36.5,0.0,0.05,0.0
2025-02-23 19:00:00,-33.2,-36.7,0.0,0.16,0.0
2025-02-23 20:00:00,-33.5,-37.1,0.0,0.2,0.0
2025-02-23 21:00:00,-33.8,-37.5,0.0,0.25,0.0
2025-02-23 22:00:00,-34.2,-37.9,0.0,0.38,0.0
2025-02-23 23:00:00,-33.4,-37.2,0.0,0.52,0.0
2025-02-24 00:00:00,-31.4,-36.1,0.0,0.45,0.0
2025-02-24 01:00:00,-32.5,-38.2,0.0,0.22,632.8
2025-02-24 02:00:00,-30.6,-37.5,0.0,0.18,3500.2
2025-02-24 03:00:00,-29.1,-36.1,0.0,0.47,3600.0
2025-02-24 04:00:00,-28.0,-34.7,0.0,0.6,3600.0
2025-02-24 05:00:00,-27.3,-33.6,0.0,0.68,3600.0
2025-02-24 06:00:00,-27.2,-33.0,0.0,0.57,1673.28
2025-02-24 07:00:00,-28.0,-32.6,0.0,0.25,0.0
2025-02-24 08:00:00,-29.3,-33.3,0.0,0.32,0.0
2025-02-24 09:00:00,-30.4,-33.9,0.0,0.21,0.0
2025-02-24 10:00:00,-30.8,-34.3,0.0,0.16,0.0
2025-02-24 11:00:00,-31.7,-35.0,0.0,0.2,0.0
2025-02-24 12:00:00,-32.9,-35.9,0.0,0.3,0.0
2025-02-24 13:00:00,-35.3,-38.1,0.0,0.3,0.0
2025-02-24 14:00:00,-36.8,-39.2,0.0,0.57,0.0
2025-02-24 15:00:00,-37.7,-40.0,0.0,0.72,0.0
2025-02-24 16:00:00,-38.4,-40.7,0.0,0.69,0.0
2025-02-24 17:00:00,-39.2,-41.3,0.0,0.67,0.0
2025-02-24 18:00:00,-40.0,-41.9,0.0,0.57,0.0
2025-02-24 19:00:00,-40.5,-42.2,0.0,0.42,0.0
2025-02-24 20:00:00,-40.8,-42.6,0.0,0.39,0.0
2025-02-24 21:00:00,-41.0,-42.8,0.0,0.35,0.0
2025-02-24 22:00:00,-41.3,-42.9,0.0,0.28,0.0
2025-02-24 23:00:00,-40.2,-42.4,0.0,0.25,3600.0
2025-02-25 00:00:00,-37.0,-40.8,0.0,0.25,3600.0
2025-02-25 01:00:00,-37.7,-43.6,0.0,0.47,3600.0
2025-02-25 02:00:00,-35.1,-41.0,0.0,0.59,3600.0
2025-02-25 03:00:00,-33.0,-39.1,0.0,0.59,3600.0
2025-02-25 04:00:00,-31.4,-37.3,0.0,0.79,3600.0
2025-02-25 05:00:00,-30.4,-36.4,0.0,0.87,3600.0
2025-02-25 06:00:00,-30.2,-35.7,0.0,0.58,3600.0
2025-02-25 07:00:00,-31.6,-36.2,0.0,0.25,3600.0
2025-02-25 08:00:00,-33.2,-37.3,0.0,0.16,815.63
2025-02-25 09:00:00,-34.5,-37.7,0.0,0.11,0.0
2025-02-25 10:00:00,-36.1,-38.0,0.0,0.1,0.0
2025-02-25 11:00:00,-37.5,-38.3,0.0,0.16,0.0
2025-02-25 12:00:00,-38.5,-40.6,0.0,0.16,0.0
2025-02-25 13:00:00,-41.0,-41.2,0.0,0.16,0.0
2025-02-25 14:00:00,-41.7,-41.8,0.0,0.22,0.0
2025-02-25 15:00:00,-42.5,-42.8,0.0,0.25,0.0
2025-02-25 16:00:00,-43.1,-43.3,0.0,0.16,0.0
2025-02-25 17:00:00,-43.3,-43.4,0.0,0.11,0.0
2025-02-25 18:00:00,-43.6,-43.9,0.0,0.16,0.0
2025-02-25 19:00:00,-44.1,-44.6,0.0,0.18,0.0
2025-02-25 20:00:00,-44.5,-45.2,0.0,0.18,0.0
2025-02-25 21:00:00,-44.9,-45.7,0.0,0.14,0.0
2025-02-25 22:00:00,-45.2,-46.1,0.0,0.11,0.0
2025-02-25 23:00:00,-43.7,-46.0,0.0,0.11,3600.0
2025-02-26 00:00:00,-39.7,-44.6,0.0,0.18,3600.0
2025-02-26 01:00:00,-38.1,-46.2,0.0,0.49,3600.0
2025-02-26 02:00:00,-35.4,-42.8,0.0,0.46,3600.0
2025-02-26 03:00:00,-33.3,-40.2,0.0,0.63,3600.0
2025-02-26 04:00:00,-31.6,-39.0,0.0,0.57,3600.0
2025-02-26 05:00:00,-30.3,-37.7,0.0,0.61,3600.0
2025-02-26 06:00:00,-30.0,-36.8,0.0,0.22,3600.0
2025-02-26 07:00:00,-31.5,-37.1,0.0,0.21,3600.0
2025-02-26 08:00:00,-33.3,-38.4,0.0,0.11,1268.39
2025-02-26 09:00:00,-34.7,-38.8,0.0,0.1,0.0
2025-02-26 10:00:00,-36.2,-39.2,0.0,0.21,0.0
2025-02-26 11:00:00,-37.3,-39.4,0.0,0.28,0.0
2025-02-26 12:00:00,-38.2,-39.5,0.0,0.21,0.0
2025-02-26 13:00:00,-39.8,-41.6,0.0,0.2,0.0
2025-02-26 14:00:00,-39.9,-42.1,0.0,0.16,0.0
2025-02-26 15:00:00,-40.4,-43.2,0.0,0.16,0.0
2025-02-26 16:00:00,-41.3,-44.3,0.0,0.05,0.0
2025-02-26 17:00:00,-42.4,-45.5,0.0,0.15,0.0
2025-02-26 18:00:00,-43.1,-46.0,0.0,0.2,0.0
2025-02-26 19:00:00,-43.7,-46.5,0.0,0.2,0.0
2025-02-26 20:00:00,-44.1,-46.8,0.0,0.2,0.0
2025-02-26 21:00:00,-44.4,-46.9,0.0,0.16,0.0
2025-02-26 22:00:00,-44.6,-47.3,0.0,0.25,0.0
2025-02-26 23:00:00,-42.7,-46.5,0.0,0.22,3600.0
2025-02-27 00:00:00,-38.9,-45.1,0.0,0.64,3600.0
2025-02-27 01:00:00,-37.0,-44.4,0.0,0.4,3600.0
2025-02-27 02:00:00,-33.9,-42.1,0.0,0.27,3600.0
2025-02-27 03:00:00,-31.5,-39.9,0.0,0.05,3600.0
2025-02-27 04:00:00,-29.3,-38.1,0.0,0.0,3600.0
2025-02-27 05:00:00,-27.9,-36.9,0.0,0.11,3600.0
2025-02-27 06:00:00,-27.5,-35.7,0.0,0.3,3600.0
2025-02-27 07:00:00,-28.6,-35.4,0.0,0.56,3600.0
2025-02-27 08:00:00,-29.9,-35.8,0.0,0.57,0.0
2025-02-27 09:00:00,-31.1,-36.4,0.0,0.39,0.0
2025-02-27 10:00:00,-31.7,-36.5,0.0,0.38,0.0
2025-02-27 11:00:00,-32.5,-37.2,0.0,0.36,0.0
2025-02-27 12:00:00,-32.9,-37.7,0.0,0.3,0.0
2025-02-27 13:00:00,-33.9,-38.6,0.0,0.25,0.0
2025-02-27 14:00:00,-33.8,-38.8,0.0,0.32,0.0
2025-02-27 15:00:00,-33.9,-38.9,0.0,0.36,0.0
2025-02-27 16:00:00,-34.0,-39.0,0.0,0.27,0.0
2025-02-27 17:00:00,-34.5,-39.3,0.0,0.21,0.0
2025-02-27 18:00:00,-35.2,-39.9,0.0,0.22,0.0
2025-02-27 19:00:00,-36.5,-41.2,0.0,0.21,0.0
2025-02-27 20:00:00,-37.8,-42.3,0.0,0.1,0.0
2025-02-27 21:00:00,-38.8,-42.9,0.0,0.11,0.0
2025-02-27 22:00:00,-39.4,-43.3,0.0,0.21,0.0
2025-02-27 23:00:00,-37.6,-42.3,0.0,0.22,3600.0
2025-02-28 00:00:00,-33.5,-41.3,0.0,0.4,3600.0
2025-02-28 01:00:00,-31.6,-40.6,0.0,0.16,3600.0
2025-02-28 02:00:00,-28.7,-37.6,0.0,0.35,3600.0
2025-02-28 03:00:00,-26.5,-34.6,0.0,0.47,3600.0
2025-02-28 04:00:00,-24.9,-32.6,0.0,0.59,3600.0
2025-02-28 05:00:00,-24.0,-31.5,0.0,0.7,3600.0
2025-02-28 06:00:00,-24.0,-30.7,0.0,0.45,3600.0
2025-02-28 07:00:00,-25.7,-30.9,0.0,0.29,3600.0
2025-02-28 08:00:00,-27.6,-32.3,0.0,0.27,1613.69
2025-02-28 09:00:00,-28.6,-32.8,0.0,0.21,0.0
2025-02-28 10:00:00,-29.8,-33.1,0.0,0.25,0.0
2025-02-28 11:00:00,-31.4,-33.3,0.0,0.22,0.0
2025-02-28 12:00:00,-32.8,-33.6,0.0,0.25,0.0
2025-02-28 13:00:00,-35.4,-35.5,0.0,0.27,0.0
2025-02-28 14:00:00,-36.2,-36.3,0.0,0.21,0.0
2025-02-28 15:00:00,-37.2,-37.4,0.0,0.22,0.0
2025-02-28 16:00:00,-37.9,-38.1,0.0,0.3,0.0
2025-02-28 17:00:00,-38.7,-38.9,0.0,0.29,0.0
2025-02-28 18:00:00,-39.7,-40.1,0.0,0.25,0.0
2025-02-28 19:00:00,-40.6,-41.2,0.0,0.11,0.0
2025-02-28 20:00:00,-41.5,-44.0,0.0,0.07,0.0
2025-02-28 21:00:00,-42.3,-45.3,0.0,0.0,0.0
2025-02-28 22:00:00,-42.9,-46.6,0.0,0.1,0.0
2025-02-28 23:00:00,-40.7,-45.9,0.0,0.11,3600.0
2025-03-01 00:00:00,-36.4,-44.2,0.0,0.3,3600.0
2025-03-01 01:00:00,-34.0,-43.8,0.0,0.45,3600.0
2025-03-01 02:00:00,-30.9,-40.2,0.0,0.3,3600.0
2025-03-01 03:00:00,-28.6,-36.9,0.0,0.58,3600.0
2025-03-01 04:00:00,-26.9,-34.6,0.0,0.67,3600.0
2025-03-01 05:00:00,-25.9,-33.0,0.0,0.64,3600.0
2025-03-01 06:00:00,-25.8,-32.1,0.0,0.5,3600.0
2025-03-01 07:00:00,-27.4,-32.4,0.0,0.3,3600.0
2025-03-01 08:00:00,-30.0,-33.6,0.0,0.25,2057.07
2025-03-01 09:00:00,-31.3,-34.2,0.0,0.25,0.0
2025-03-01 10:00:00,-32.4,-34.5,0.0,0.16,0.0
2025-03-01 11:00:00,-33.4,-35.0,0.0,0.05,0.0
2025-03-01 12:00:00,-34.4,-35.4,0.0,0.11,0.0
2025-03-01 13:00:00,-36.5,-36.7,0.0,0.1,0.0
2025-03-01 14:00:00,-37.3,-37.4,0.0,0.07,0.0
2025-03-01 15:00:00,-38.5,-38.7,0.0,0.14,0.0
2025-03-01 16:00:00,-39.7,-39.7,0.0,0.29,0.0
2025-03-01 17:00:00,-40.7,-40.7,0.0,0.28,0.0
2025-03-01 18:00:00,-41.7,-43.2,0.0,0.32,0.0
2025-03-01 19:00:00,-42.8,-44.7,0.0,0.32,0.0
2025-03-01 20:00:00,-43.3,-45.6,0.0,0.18,0.0
2025-03-01 21:00:00,-43.7,-46.1,0.0,0.18,0.0
2025-03-01 22:00:00,-44.3,-46.6,0.0,0.16,0.0
2025-03-01 23:00:00,-41.5,-45.3,0.0,0.21,3600.0
2025-03-02 00:00:00,-38.0,-43.9,0.0,0.28,3600.0
2025-03-02 01:00:00,-36.2,-43.9,0.0,0.21,3600.0
2025-03-02 02:00:00,-33.1,-42.0,0.0,0.27,3600.0
2025-03-02 03:00:00,-30.6,-39.0,0.0,0.54,3600.0
2025-03-02 04:00:00,-28.8,-36.5,0.0,0.67,3600.0
2025-03-02 05:00:00,-27.7,-34.9,0.0,0.75,3600.0
2025-03-02 06:00:00,-27.5,-34.0,0.0,0.78,3600.0
2025-03-02 07:00:00,-29.1,-33.6,0.0,0.46,3600.0
2025-03-02 08:00:00,-31.2,-34.9,0.0,0.45,1953.56
2025-03-02 09:00:00,-32.2,-35.6,0.0,0.39,0.0
2025-03-02 10:00:00,-32.7,-35.7,0.0,0.22,0.0
2025-03-02 11:00:00,-33.6,-35.9,0.0,0.07,0.0
2025-03-02 12:00:00,-34.9,-36.1,0.0,0.11,0.0
2025-03-02 13:00:00,-36.4,-38.3,0.0,0.07,0.0
2025-03-02 14:00:00,-37.3,-38.4,0.0,0.15,0.0
2025-03-02 15:00:00,-38.1,-38.9,0.0,0.21,0.0
2025-03-02 16:00:00,-38.5,-39.6,0.0,0.16,0.0
2025-03-02 17:00:00,-38.7,-40.1,0.0,0.16,0.0
2025-03-02 18:00:00,-38.5,-40.3,0.0,0.16,0.0
2025-03-02 19:00:00,-37.9,-39.8,0.0,0.11,0.0
2025-03-02 20:00:00,-37.4,-39.2,0.0,0.11,0.0
2025-03-02 21:00:00,-37.3,-39.5,0.0,0.18,0.0
2025-03-02 22:00:00,-36.7,-39.4,0.0,0.14,0.0
2025-03-02 23:00:00,-35.2,-38.4,0.0,0.11,0.0
2025-03-03 00:00:00,-32.8,-37.9,0.0,0.27,1011.76
2025-03-03 01:00:00,-31.8,-38.0,0.0,0.29,3600.0
2025-03-03 02:00:00,-28.8,-35.4,0.0,0.52,3600.0
2025-03-03 03:00:00,-26.4,-33.1,0.0,0.87,3600.0
2025-03-03 04:00:00,-24.6,-31.4,0.0,1.32,3235.76
2025-03-03 05:00:00,-23.3,-30.3,0.0,1.41,3600.0
2025-03-03 06:00:00,-22.8,-29.4,0.0,1.54,3600.0
2025-03-03 07:00:00,-23.6,-28.6,0.0,1.31,3535.11
2025-03-03 08:00:00,-25.9,-30.0,0.0,1.46,226.48
2025-03-03 09:00:00,-27.1,-30.9,0.0,0.83,0.0
2025-03-03 10:00:00,-29.3,-32.0,0.0,0.68,0.0
2025-03-03 11:00:00,-31.6,-33.7,0.0,0.52,0.0
2025-03-03 12:00:00,-33.8,-35.5,0.0,0.56,0.0
2025-03-03 13:00:00,-34.6,-37.2,0.0,0.58,0.0
2025-03-03 14:00:00,-35.6,-38.1,0.0,0.47,0.0
2025-03-03 15:00:00,-36.5,-38.7,0.0,0.3,0.0
2025-03-03 16:00:00,-37.7,-39.6,0.0,0.21,0.0
2025-03-03 17:00:00,-38.6,-40.1,0.0,0.18,0.0
2025-03-03 18:00:00,-39.5,-40.9,0.0,0.21,0.0
2025-03-03 19:00:00,-40.0,-41.5,0.0,0.25,0.0
2025-03-03 20:00:00,-40.7,-42.0,0.0,0.29,0.0
2025-03-03 21:00:00,-41.0,-42.2,0.0,0.22,0.0
2025-03-03 22:00:00,-40.8,-42.0,0.0,0.25,0.0
2025-03-03 23:00:00,-38.5,-41.0,0.0,0.05,3600.0
2025-03-04 00:00:00,-34.9,-40.6,0.0,0.32,3600.0
2025-03-04 01:00:00,-33.0,-39.9,0.0,0.53,3600.0
2025-03-04 02:00:00,-30.1,-36.9,0.0,0.75,3600.0
2025-03-04 03:00:00,-27.9,-34.6,0.0,1.3,3600.0
2025-03-04 04:00:00,-26.3,-33.3,0.0,1.45,3600.0
2025-03-04 05:00:00,-25.1,-32.4,0.0,1.58,3600.0
2025-03-04 06:00:00,-24.8,-31.5,0.0,1.62,3310.18
2025-03-04 07:00:00,-25.2,-30.6,0.0,1.2,1823.13
2025-03-04 08:00:00,-27.8,-31.9,0.0,1.05,130.92
2025-03-04 09:00:00,-28.8,-33.0,0.0,0.83,0.0
2025-03-04 10:00:00,-30.6,-33.9,0.0,0.74,0.0
2025-03-04 11:00:00,-33.0,-35.3,0.0,0.63,0.0
2025-03-04 12:00:00,-35.3,-37.4,0.0,0.52,0.0
2025-03-04 13:00:00,-35.2,-38.1,0.0,0.47,0.0
2025-03-04 14:00:00,-36.4,-39.0,0.0,0.4,0.0
2025-03-04 15:00:00,-37.6,-39.6,0.0,0.45,0.0
2025-03-04 16:00:00,-38.5,-40.2,0.0,0.47,0.0
2025-03-04 17:00:00,-39.0,-40.5,0.0,0.49,0.0
2025-03-04 18:00:00,-39.0,-40.5,0.0,0.38,0.0
2025-03-04 19:00:00,-38.8,-40.6,0.0,0.43,0.0
2025-03-04 20:00:00,-38.5,-40.8,0.0,0.5,0.0
2025-03-04 21:00:00,-37.8,-40.7,0.0,0.47,0.0
2025-03-04 22:00:00,-37.2,-40.5,0.0,0.51,0.0
2025-03-04 23:00:00,-34.8,-39.5,0.0,1.07,657.32
2025-03-05 00:00:00,-32.0,-38.1,0.0,0.7,2735.41
2025-03-05 01:00:00,-30.7,-37.7,0.0,0.95,3600.0
2025-03-05 02:00:00,-28.2,-35.1,0.0,1.2,3600.0
2025-03-05 03:00:00,-26.5,-33.6,0.0,1.08,3600.0
2025-03-05 04:00:00,-25.2,-32.5,0.0,1.08,3600.0
2025-03-05 05:00:00,-24.3,-31.6,0.0,1.14,3600.0
2025-03-05 06:00:00,-24.3,-31.0,0.0,1.41,3600.0
2025-03-05 07:00:00,-25.1,-30.3,0.0,0.98,3600.0
2025-03-05 08:00:00,-27.5,-31.2,0.0,1.3,573.96
2025-03-05 09:00:00,-28.4,-32.1,0.0,1.38,0.0
2025-03-05 10:00:00,-29.0,-32.6,0.0,1.48,0.0
2025-03-05 11:00:00,-29.8,-32.9,0.0,1.2,0.0
2025-03-05 12:00:00,-30.4,-33.1,0.0,0.85,0.0
2025-03-05 13:00:00,-33.4,-35.5,0.0,0.34,0.0
2025-03-05 14:00:00,-34.4,-36.1,0.0,0.38,0.0
2025-03-05 15:00:00,-35.2,-36.8,0.0,0.4,0.0
2025-03-05 16:00:00,-35.6,-37.3,0.0,0.25,0.0
2025-03-05 17:00:00,-36.1,-37.7,0.0,0.18,0.0
2025-03-05 18:00:00,-36.6,-38.1,0.0,0.18,0.0
2025-03-05 19:00:00,-37.4,-38.4,0.0,0.16,0.0
2025-03-05 20:00:00,-38.0,-38.9,0.0,0.16,0.0
2025-03-05 21:00:00,-38.4,-39.4,0.0,0.16,0.0
2025-03-05 22:00:00,-38.1,-39.7,0.0,0.07,0.0
2025-03-05 23:00:00,-35.8,-39.1,0.0,0.34,0.0
2025-03-06 00:00:00,-33.1,-38.5,0.0,0.63,327.18
2025-03-06 01:00:00,-34.1,-40.1,0.0,0.79,1972.06
2025-03-06 02:00:00,-31.7,-38.1,0.0,0.62,3600.0
2025-03-06 03:00:00,-29.8,-37.5,0.0,0.25,3600.0
2025-03-06 04:00:00,-28.3,-36.1,0.0,0.05,3600.0
2025-03-06 05:00:00,-27.2,-35.0,0.0,0.21,3600.0
2025-03-06 06:00:00,-26.8,-34.4,0.0,0.25,3600.0
2025-03-06 07:00:00,-27.2,-34.0,0.0,0.07,2926.34
2025-03-06 08:00:00,-28.4,-34.4,0.0,0.0,0.0
2025-03-06 09:00:00,-29.3,-34.8,0.0,0.11,0.0
2025-03-06 10:00:00,-30.8,-35.4,0.0,0.4,0.0
2025-03-06 11:00:00,-32.4,-36.2,0.0,0.52,0.0
2025-03-06 12:00:00,-33.9,-36.9,0.0,0.56,0.0
2025-03-06 13:00:00,-37.5,-40.4,0.0,0.35,0.0
2025-03-06 14:00:00,-38.0,-41.1,0.0,0.32,0.0
2025-03-06 15:00:00,-38.7,-41.7,0.0,0.53,0.0
2025-03-06 16:00:00,-39.1,-42.2,0.0,0.82,0.0
2025-03-06 17:00:00,-39.7,-42.7,0.0,0.97,0.0
2025-03-06 18:00:00,-40.1,-43.0,0.0,1.22,0.0
2025-03-06 19:00:00,-40.5,-43.2,0.0,1.23,0.0
2025-03-06 20:00:00,-40.8,-43.4,0.0,1.3,0.0
2025-03-06 21:00:00,-41.1,-43.6,0.0,1.33,0.0
2025-03-06 22:00:00,-41.0,-43.7,0.0,1.36,0.0
2025-03-06 23:00:00,-38.5,-41.9,0.0,1.64,3572.28
2025-03-07 00:00:00,-35.8,-40.8,0.0,0.94,3600.0
2025-03-07 01:00:00,-36.9,-42.7,0.0,0.67,3600.0
2025-03-07 02:00:00,-34.1,-40.1,0.0,0.78,3600.0
2025-03-07 03:00:00,-31.8,-37.9,0.0,0.74,3600.0
2025-03-07 04:00:00,-29.8,-36.5,0.0,0.0,3600.0
2025-03-07 05:00:00,-28.7,-36.5,0.0,0.0,3600.0
2025-03-07 06:00:00,-28.2,-36.0,0.0,0.25,3600.0
2025-03-07 07:00:00,-29.1,-35.5,0.0,0.72,3600.0
2025-03-07 08:00:00,-31.8,-36.5,0.0,0.94,3507.6
2025-03-07 09:00:00,-33.9,-38.0,0.0,0.76,0.0
2025-03-07 10:00:00,-35.7,-39.2,0.0,0.62,0.0
2025-03-07 11:00:00,-37.2,-40.3,0.0,0.55,0.0
2025-03-07 12:00:00,-38.2,-40.9,0.0,0.4,0.0
2025-03-07 13:00:00,-41.5,-43.6,0.0,0.22,0.0
2025-03-07 14:00:00,-42.6,-44.0,0.0,0.21,0.0
2025-03-07 15:00:00,-43.6,-44.4,0.0,0.27,0.0
2025-03-07 16:00:00,-44.3,-46.9,0.0,0.49,0.0
2025-03-07 17:00:00,-44.9,-47.2,0.0,0.58,0.0
2025-03-07 18:00:00,-45.5,-47.4,0.0,0.49,0.0
2025-03-07 19:00:00,-46.0,-47.8,0.0,0.6,0.0
2025-03-07 20:00:00,-46.3,-48.2,0.0,0.63,0.0
2025-03-07 21:00:00,-46.6,-48.7,0.0,0.5,0.0
2025-03-07 22:00:00,-45.7,-48.3,0.0,0.6,365.98
2025-03-07 23:00:00,-42.1,-45.4,0.0,1.12,3600.0
2025-03-08 00:00:00,-38.4,-44.1,0.0,0.74,3600.0
2025-03-08 01:00:00,-37.2,-43.2,0.0,0.62,3600.0
2025-03-08 02:00:00,-34.1,-40.6,0.0,0.4,3600.0
2025-03-08 03:00:00,-31.4,-39.7,0.0,0.3,3600.0
2025-03-08 04:00:00,-29.3,-37.5,0.0,0.25,3600.0
2025-03-08 05:00:00,-28.1,-35.9,0.0,0.3,3600.0
2025-03-08 06:00:00,-27.5,-35.0,0.0,0.65,3600.0
2025-03-08 07:00:00,-27.7,-34.3,0.0,0.92,2228.48
2025-03-08 08:00:00,-29.2,-33.5,0.0,1.16,0.0
2025-03-08 09:00:00,-30.9,-34.5,0.0,1.03,0.0
2025-03-08 10:00:00,-32.6,-35.9,0.0,0.92,0.0
2025-03-08 11:00:00,-33.8,-37.0,0.0,0.7,0.0
2025-03-08 12:00:00,-34.5,-37.7,0.0,0.35,0.0
2025-03-08 13:00:00,-37.4,-40.5,0.0,0.07,0.0
2025-03-08 14:00:00,-38.7,-41.0,0.0,0.07,0.0
2025-03-08 15:00:00,-40.1,-42.0,0.0,0.07,0.0
2025-03-08 16:00:00,-41.2,-43.3,0.0,0.11,0.0
2025-03-08 17:00:00,-41.5,-44.4,0.0,0.05,0.0
2025-03-08 18:00:00,-41.3,-44.9,0.0,0.05,0.0
2025-03-08 19:00:00,-41.3,-45.4,0.0,0.0,0.0
2025-03-08 20:00:00,-40.9,-45.4,0.0,0.0,0.0
2025-03-08 21:00:00,-41.0,-45.6,0.0,0.05,0.0
2025-03-08 22:00:00,-40.2,-45.1,0.0,0.07,0.0
2025-03-08 23:00:00,-37.7,-43.8,0.0,0.07,3600.0
2025-03-09 00:00:00,-34.3,-41.9,0.0,0.07,3600.0
2025-03-09 01:00:00,-32.6,-40.5,0.0,0.66,3600.0
2025-03-09 02:00:00,-29.6,-36.5,0.0,0.81,3600.0
2025-03-09 03:00:00,-27.1,-34.3,0.0,1.32,3600.0
2025-03-09 04:00:00,-25.3,-32.9,0.0,1.64,3600.0
2025-03-09 05:00:00,-24.2,-32.0,0.0,1.72,3600.0
2025-03-09 06:00:00,-23.7,-31.3,0.0,1.71,3600.0
2025-03-09 07:00:00,-24.4,-30.6,0.0,1.0,3600.0
2025-03-09 08:00:00,-27.0,-32.0,0.0,0.65,3600.0
2025-03-09 09:00:00,-28.7,-33.2,0.0,0.5,0.0
2025-03-09 10:00:00,-31.3,-34.3,0.0,0.4,0.0
2025-03-09 11:00:00,-35.0,-36.4,0.0,0.32,0.0
2025-03-09 12:00:00,-37.9,-39.2,0.0,0.32,0.0
2025-03-09 13:00:00,-40.4,-43.2,0.0,0.27,0.0
2025-03-09 14:00:00,-41.7,-45.5,0.0,0.29,0.0
2025-03-09 15:00:00,-42.6,-47.3,0.0,0.21,0.0
2025-03-09 16:00:00,-43.3,-48.3,0.0,0.05,0.0
2025-03-09 17:00:00,-44.0,-48.6,0.0,0.21,0.0
2025-03-09 18:00:00,-43.9,-48.5,0.0,0.18,0.0
2025-03-09 19:00:00,-43.8,-48.2,0.0,0.07,0.0
2025-03-09 20:00:00,-43.6,-47.9,0.0,0.18,0.0
2025-03-09 21:00:00,-43.8,-48.0,0.0,0.16,0.0
2025-03-09 22:00:00,-43.5,-47.6,0.0,0.27,2848.48
2025-03-09 23:00:00,-39.9,-45.4,0.0,0.56,3600.0
2025-03-10 00:00:00,-36.1,-43.0,0.0,0.32,3600.0
2025-03-10 01:00:00,-33.8,-41.0,0.0,0.18,3600.0
2025-03-10 02:00:00,-30.6,-39.6,0.0,0.21,3600.0
2025-03-10 03:00:00,-28.0,-37.5,0.0,0.21,3600.0
2025-03-10 04:00:00,-26.1,-35.5,0.0,0.41,3600.0
2025-03-10 05:00:00,-24.8,-33.9,0.0,0.29,3600.0
2025-03-10 06:00:00,-24.1,-33.1,0.0,0.21,3600.0
2025-03-10 07:00:00,-24.5,-32.5,0.0,0.11,3600.0
2025-03-10 08:00:00,-26.4,-32.9,0.0,0.1,3600.0
2025-03-10 09:00:00,-28.3,-34.0,0.0,0.21,0.0
2025-03-10 10:00:00,-30.0,-34.9,0.0,0.11,0.0
2025-03-10 11:00:00,-31.6,-35.4,0.0,0.0,0.0
2025-03-10 12:00:00,-32.9,-35.7,0.0,0.0,0.0
2025-03-10 13:00:00,-34.7,-36.9,0.0,0.05,0.0
2025-03-10 14:00:00,-35.8,-37.0,0.0,0.1,0.0
2025-03-10 15:00:00,-36.7,-37.2,0.0,0.11,0.0
2025-03-10 16:00:00,-37.6,-37.9,0.0,0.11,0.0
2025-03-10 17:00:00,-38.4,-38.8,0.0,0.18,0.0
2025-03-10 18:00:00,-39.3,-41.3,0.0,0.27,0.0
2025-03-10 19:00:00,-40.2,-42.1,0.0,0.27,0.0
2025-03-10 20:00:00,-41.1,-42.8,0.0,0.27,0.0
2025-03-10 21:00:00,-42.0,-44.5,0.0,0.25,0.0
2025-03-10 22:00:00,-41.4,-44.5,0.0,0.22,3053.35
2025-03-10 23:00:00,-37.4,-42.5,0.0,0.27,3600.0
2025-03-11 00:00:00,-33.1,-40.3,0.0,0.47,3600.0
2025-03-11 01:00:00,-31.6,-37.8,0.0,0.27,3600.0
2025-03-11 02:00:00,-28.8,-35.9,0.0,0.16,3600.0
2025-03-11 03:00:00,-26.4,-33.9,0.0,0.16,3600.0
2025-03-11 04:00:00,-24.4,-32.5,0.0,0.21,3600.0
2025-03-11 05:00:00,-23.1,-31.4,0.0,0.22,3600.0
2025-03-11 06:00:00,-22.4,-30.7,0.0,0.25,3600.0
2025-03-11 07:00:00,-22.9,-30.4,0.0,0.11,3600.0
2025-03-11 08:00:00,-25.1,-31.0,0.0,0.11,3600.0
2025-03-11 09:00:00,-26.8,-31.9,0.0,0.14,0.0
2025-03-11 10:00:00,-28.4,-32.4,0.0,0.16,0.0
2025-03-11 11:00:00,-30.1,-33.3,0.0,0.18,0.0
2025-03-11 12:00:00,-31.6,-33.8,0.0,0.21,0.0
2025-03-11 13:00:00,-34.1,-34.2,0.0,0.1,0.0
2025-03-11 14:00:00,-34.9,-35.0,0.0,0.11,0.0
2025-03-11 15:00:00,-35.6,-35.7,0.0,0.18,0.0
2025-03-11 16:00:00,-35.8,-36.1,0.0,0.16,0.0
2025-03-11 17:00:00,-35.9,-37.9,0.0,0.15,0.0
2025-03-11 18:00:00,-36.3,-38.4,0.0,0.11,0.0
2025-03-11 19:00:00,-36.9,-39.3,0.0,0.07,0.0
2025-03-11 20:00:00,-37.5,-40.2,0.0,0.05,0.0
2025-03-11 21:00:00,-38.1,-41.2,0.0,0.16,0.0
2025-03-11 22:00:00,-37.1,-40.9,0.0,0.18,992.4
2025-03-11 23:00:00,-34.0,-39.3,0.0,0.25,3600.0
2025-03-12 00:00:00,-30.1,-37.6,0.0,0.21,3600.0
2025-03-12 01:00:00,-29.2,-36.1,0.0,0.21,3600.0
2025-03-12 02:00:00,-26.4,-33.7,0.0,0.35,3600.0
2025-03-12 03:00:00,-24.1,-32.0,0.0,0.55,3600.0
2025-03-12 04:00:00,-22.4,-30.9,0.0,0.58,3600.0
2025-03-12 05:00:00,-21.3,-30.0,0.0,0.67,3600.0
2025-03-12 06:00:00,-20.9,-29.5,0.0,0.67,3600.0
2025-03-12 07:00:00,-21.7,-29.1,0.0,0.4,3600.0
2025-03-12 08:00:00,-24.3,-29.6,0.0,0.46,3600.0
2025-03-12 09:00:00,-26.4,-30.9,0.0,0.35,0.0
2025-03-12 10:00:00,-28.1,-31.7,0.0,0.27,0.0
2025-03-12 11:00:00,-30.2,-32.4,0.0,0.18,0.0
2025-03-12 12:00:00,-32.6,-33.4,0.0,0.11,0.0
2025-03-12 13:00:00,-35.8,-36.3,0.0,0.14,0.0
2025-03-12 14:00:00,-37.9,-40.4,0.0,0.11,0.0
2025-03-12 15:00:00,-39.3,-42.3,0.0,0.07,0.0
2025-03-12 16:00:00,-40.4,-44.0,0.0,0.05,0.0
2025-03-12 17:00:00,-41.0,-45.0,0.0,0.05,0.0
2025-03-12 18:00:00,-41.4,-45.1,0.0,0.07,0.0
2025-03-12 19:00:00,-41.5,-44.7,0.0,0.0,0.0
2025-03-12 20:00:00,-41.7,-44.8,0.0,0.0,0.0
2025-03-12 21:00:00,-42.4,-45.0,0.0,0.05,0.0
2025-03-12 22:00:00,-41.2,-44.8,0.0,0.05,3466.39
2025-03-12 23:00:00,-37.0,-43.1,0.0,0.14,3600.0
2025-03-13 00:00:00,-32.6,-42.0,0.0,0.25,3600.0
2025-03-13 01:00:00,-31.3,-39.7,0.0,0.22,3600.0
2025-03-13 02:00:00,-28.1,-35.6,0.0,0.11,3600.0
2025-03-13 03:00:00,-25.4,-33.0,0.0,0.29,3600.0
2025-03-13 04:00:00,-23.4,-31.5,0.0,0.4,3600.0
2025-03-13 05:00:00,-22.1,-30.7,0.0,0.47,3600.0
2025-03-13 06:00:00,-21.6,-30.2,0.0,0.56,3600.0
2025-03-13 07:00:00,-22.2,-29.8,0.0,0.16,3600.0
2025-03-13 08:00:00,-24.6,-30.3,0.0,0.25,3600.0
2025-03-13 09:00:00,-26.6,-31.5,0.0,0.3,35.47
2025-03-13 10:00:00,-28.2,-32.3,0.0,0.22,0.0
2025-03-13 11:00:00,-30.3,-33.1,0.0,0.14,0.0
2025-03-13 12:00:00,-33.0,-34.3,0.0,0.11,0.0
2025-03-13 13:00:00,-36.4,-37.9,0.0,0.14,0.0
2025-03-13 14:00:00,-38.2,-40.1,0.0,0.11,0.0
2025-03-13 15:00:00,-39.7,-42.6,0.0,0.05,0.0
2025-03-13 16:00:00,-40.8,-44.4,0.0,0.15,0.0
2025-03-13 17:00:00,-41.2,-45.0,0.0,0.2,0.0
2025-03-13 18:00:00,-41.1,-44.9,0.0,0.18,0.0
2025-03-13 19:00:00,-41.2,-45.0,0.0,0.16,0.0
2025-03-13 20:00:00,-41.8,-45.1,0.0,0.15,0.0
2025-03-13 21:00:00,-42.5,-45.6,0.0,0.1,0.0
2025-03-13 22:00:00,-41.3,-45.3,0.0,0.15,3600.0
2025-03-13 23:00:00,-37.1,-43.1,0.0,0.32,3600.0
2025-03-14 00:00:00,-32.9,-41.0,0.0,0.32,3600.0
2025-03-14 01:00:00,-31.3,-38.3,0.0,0.2,3600.0
2025-03-14 02:00:00,-28.2,-35.2,0.0,0.16,3600.0
2025-03-14 03:00:00,-25.5,-33.1,0.0,0.05,3600.0
2025-03-14 04:00:00,-23.5,-31.5,0.0,0.34,3600.0
2025-03-14 05:00:00,-22.1,-30.4,0.0,0.38,3600.0
2025-03-14 06:00:00,-21.5,-29.7,0.0,0.36,3600.0
2025-03-14 07:00:00,-22.0,-29.3,0.0,0.16,3600.0
2025-03-14 08:00:00,-24.5,-29.8,0.0,0.39,3600.0
2025-03-14 09:00:00,-26.7,-31.4,0.0,0.28,0.0
2025-03-14 10:00:00,-28.2,-32.4,0.0,0.14,0.0
2025-03-14 11:00:00,-30.1,-33.3,0.0,0.07,0.0
2025-03-14 12:00:00,-32.2,-34.4,0.0,0.05,0.0
2025-03-14 13:00:00,-34.5,-35.8,0.0,0.0,0.0
2025-03-14 14:00:00,-36.1,-36.6,0.0,0.1,0.0
2025-03-14 15:00:00,-37.9,-40.2,0.0,0.25,0.0
2025-03-14 16:00:00,-39.4,-42.0,0.0,0.41,0.0
2025-03-14 17:00:00,-40.5,-43.3,0.0,0.4,0.0
2025-03-14 18:00:00,-41.0,-43.8,0.0,0.39,0.0
2025-03-14 19:00:00,-41.9,-44.5,0.0,0.43,0.0
2025-03-14 20:00:00,-42.9,-45.1,0.0,0.35,0.0
2025-03-14 21:00:00,-43.7,-45.5,0.0,0.35,0.0
2025-03-14 22:00:00,-42.0,-45.5,0.0,0.43,3600.0
2025-03-14 23:00:00,-37.5,-42.6,0.0,0.96,3600.0
2025-03-15 00:00:00,-33.0,-39.7,0.0,0.6,3600.0
2025-03-15 01:00:00,-31.7,-37.8,0.0,0.25,3600.0
2025-03-15 02:00:00,-28.6,-35.7,0.0,0.21,3600.0
2025-03-15 03:00:00,-25.7,-33.6,0.0,0.0,3600.0
2025-03-15 04:00:00,-23.5,-32.0,0.0,0.18,3600.0
2025-03-15 05:00:00,-22.0,-31.0,0.0,0.27,3600.0
2025-03-15 06:00:00,-21.2,-30.4,0.0,0.35,3600.0
2025-03-15 07:00:00,-21.6,-29.9,0.0,0.21,3600.0
2025-03-15 08:00:00,-24.1,-30.3,0.0,0.36,3600.0
2025-03-15 09:00:00,-26.4,-31.8,0.0,0.25,375.48
2025-03-15 10:00:00,-28.1,-32.8,0.0,0.18,0.0
2025-03-15 11:00:00,-30.3,-33.8,0.0,0.07,0.0
2025-03-15 12:00:00,-32.8,-35.3,0.0,0.0,0.0
2025-03-15 13:00:00,-36.2,-38.7,0.0,0.07,0.0
2025-03-15 14:00:00,-38.1,-40.6,0.0,0.11,0.0
2025-03-15 15:00:00,-39.8,-42.4,0.0,0.05,0.0
2025-03-15 16:00:00,-40.9,-44.2,0.0,0.21,0.0
2025-03-15 17:00:00,-41.5,-45.1,0.0,0.18,0.0
2025-03-15 18:00:00,-41.6,-45.3,0.0,0.11,0.0
2025-03-15 19:00:00,-42.0,-45.4,0.0,0.07,0.0
2025-03-15 20:00:00,-42.4,-45.5,0.0,0.07,0.0
2025-03-15 21:00:00,-43.1,-46.0,0.0,0.11,0.0
2025-03-15 22:00:00,-41.5,-45.2,0.0,0.18,3600.0
2025-03-15 23:00:00,-37.1,-43.7,0.0,0.46,3600.0
2025-03-16 00:00:00,-32.6,-41.5,0.0,0.28,3600.0
2025-03-16 01:00:00,-31.1,-38.4,0.0,0.07,3600.0
2025-03-16 02:00:00,-27.7,-35.2,0.0,0.39,3600.0
2025-03-16 03:00:00,-24.8,-32.3,0.0,0.57,3600.0
2025-03-16 04:00:00,-22.6,-30.4,0.0,0.81,3600.0
2025-03-16 05:00:00,-21.1,-29.2,0.0,0.89,3600.0
2025-03-16 06:00:00,-20.3,-28.5,0.0,0.83,3600.0
2025-03-16 07:00:00,-20.7,-28.0,0.0,0.29,3600.0
2025-03-16 08:00:00,-22.9,-28.4,0.0,0.18,3600.0
2025-03-16 09:00:00,-24.7,-29.5,0.0,0.21,287.32
2025-03-16 10:00:00,-26.3,-30.0,0.0,0.16,0.0
2025-03-16 11:00:00,-28.6,-30.7,0.0,0.05,0.0
2025-03-16 12:00:00,-31.2,-32.4,0.0,0.16,0.0
2025-03-16 13:00:00,-34.6,-36.0,0.0,0.16,0.0
2025-03-16 14:00:00,-36.9,-38.4,0.0,0.3,0.0
2025-03-16 15:00:00,-38.6,-40.7,0.0,0.35,0.0
2025-03-16 16:00:00,-39.8,-42.3,0.0,0.2,0.0
2025-03-16 17:00:00,-40.5,-43.2,0.0,0.1,0.0
2025-03-16 18:00:00,-40.9,-43.5,0.0,0.14,0.0
2025-03-16 19:00:00,-40.9,-43.5,0.0,0.22,0.0
2025-03-16 20:00:00,-41.2,-44.0,0.0,0.25,0.0
2025-03-16 21:00:00,-41.7,-44.5,0.0,0.11,0.0
2025-03-16 22:00:00,-39.9,-43.7,0.0,0.05,3600.0
2025-03-16 23:00:00,-35.2,-42.3,0.0,0.25,3600.0
2025-03-17 00:00:00,-31.1,-39.6,0.0,0.16,3600.0
2025-03-17 01:00:00,-29.8,-36.7,0.0,0.11,3600.0
2025-03-17 02:00:00,-26.6,-33.8,0.0,0.21,3600.0
2025-03-17 03:00:00,-23.9,-31.8,0.0,0.25,3600.0
2025-03-17 04:00:00,-21.9,-30.5,0.0,0.29,3600.0
2025-03-17 05:00:00,-20.5,-29.6,0.0,0.36,3600.0
2025-03-17 06:00:00,-19.9,-29.2,0.0,0.36,3600.0
2025-03-17 07:00:00,-20.2,-28.7,0.0,0.16,3600.0
2025-03-17 08:00:00,-22.4,-28.9,0.0,0.22,3600.0
2025-03-17 09:00:00,-24.7,-30.2,0.0,0.21,714.08
2025-03-17 10:00:00,-26.4,-31.1,0.0,0.11,0.0
2025-03-17 11:00:00,-28.2,-31.8,0.0,0.11,0.0
2025-03-17 12:00:00,-30.1,-32.2,0.0,0.05,0.0
2025-03-17 13:00:00,-33.0,-34.3,0.0,0.05,0.0
2025-03-17 14:00:00,-34.8,-35.1,0.0,0.15,0.0
2025-03-17 15:00:00,-36.4,-38.7,0.0,0.3,0.0
2025-03-17 16:00:00,-37.4,-40.0,0.0,0.21,0.0
2025-03-17 17:00:00,-38.2,-40.7,0.0,0.21,0.0
2025-03-17 18:00:00,-38.9,-41.3,0.0,0.32,0.0
2025-03-17 19:00:00,-39.9,-42.0,0.0,0.49,0.0
2025-03-17 20:00:00,-40.8,-42.7,0.0,0.47,0.0
2025-03-17 21:00:00,-41.3,-43.5,0.0,0.38,62.45
2025-03-17 22:00:00,-39.0,-42.2,0.0,0.5,3600.0
2025-03-17 23:00:00,-34.4,-39.7,0.0,0.88,3600.0
2025-03-18 00:00:00,-30.0,-35.6,0.0,0.41,3600.0
2025-03-18 01:00:00,-28.6,-35.1,0.0,0.2,3600.0
2025-03-18 02:00:00,-25.3,-32.8,0.0,0.29,3600.0
2025-03-18 03:00:00,-22.6,-30.9,0.0,0.69,3600.0
2025-03-18 04:00:00,-20.4,-29.5,0.0,0.92,3600.0
2025-03-18 05:00:00,-19.0,-28.6,0.0,1.14,3600.0
2025-03-18 06:00:00,-18.3,-28.0,0.0,1.25,3600.0
2025-03-18 07:00:00,-18.4,-27.2,0.0,0.92,3600.0
2025-03-18 08:00:00,-20.1,-26.5,0.0,1.0,1052.88
2025-03-18 09:00:00,-21.6,-27.3,0.0,0.87,0.0
2025-03-18 10:00:00,-22.8,-28.3,0.0,0.5,0.0
2025-03-18 11:00:00,-24.9,-29.1,0.0,0.25,0.0
2025-03-18 12:00:00,-27.6,-30.1,0.0,0.14,0.0
2025-03-18 13:00:00,-31.8,-33.6,0.0,0.07,0.0
2025-03-18 14:00:00,-33.4,-35.3,0.0,0.0,0.0
2025-03-18 15:00:00,-34.5,-37.0,0.0,0.07,0.0
2025-03-18 16:00:00,-35.1,-38.1,0.0,0.05,0.0
2025-03-18 17:00:00,-35.1,-38.6,0.0,0.11,0.0
2025-03-18 18:00:00,-35.7,-39.0,0.0,0.11,0.0
2025-03-18 19:00:00,-36.2,-39.2,0.0,0.11,0.0
2025-03-18 20:00:00,-36.4,-39.1,0.0,0.1,0.0
2025-03-18 21:00:00,-36.5,-39.4,0.0,0.11,0.0
2025-03-18 22:00:00,-34.9,-38.5,0.0,0.05,3600.0
2025-03-18 23:00:00,-30.9,-37.0,0.0,0.25,3600.0
2025-03-19 00:00:00,-27.3,-35.6,0.0,0.2,3600.0
2025-03-19 01:00:00,-25.7,-34.4,0.0,0.38,3600.0
2025-03-19 02:00:00,-22.7,-31.8,0.0,0.3,3600.0
2025-03-19 03:00:00,-20.1,-29.9,0.0,0.18,3600.0
2025-03-19 04:00:00,-18.0,-28.2,0.0,0.21,3600.0
2025-03-19 05:00:00,-16.8,-26.9,0.0,0.25,3600.0
2025-03-19 06:00:00,-16.2,-26.2,0.0,0.36,3600.0
2025-03-19 07:00:00,-16.6,-25.6,0.0,0.22,3600.0
2025-03-19 08:00:00,-18.9,-25.7,0.0,0.51,3600.0
2025-03-19 09:00:00,-21.4,-27.2,0.0,0.46,1566.37
2025-03-19 10:00:00,-22.6,-28.0,0.0,0.25,0.0
2025-03-19 11:00:00,-24.4,-28.7,0.0,0.27,0.0
2025-03-19 12:00:00,-27.1,-30.0,0.0,0.21,0.0
2025-03-19 13:00:00,-30.7,-32.4,0.0,0.07,0.0
2025-03-19 14:00:00,-32.9,-34.0,0.0,0.22,0.0
2025-03-19 15:00:00,-34.4,-35.4,0.0,0.25,0.0
2025-03-19 16:00:00,-35.4,-36.3,0.0,0.21,0.0
2025-03-19 17:00:00,-36.1,-38.3,0.0,0.11,0.0
2025-03-19 18:00:00,-36.7,-39.2,0.0,0.11,0.0
2025-03-19 19:00:00,-37.3,-39.9,0.0,0.22,0.0
2025-03-19 20:00:00,-37.2,-40.4,0.0,0.18,0.0
2025-03-19 21:00:00,-36.9,-40.5,0.0,0.11,0.0
2025-03-19 22:00:00,-34.7,-39.3,0.0,0.29,3600.0
2025-03-19 23:00:00,-31.0,-38.0,0.0,0.32,3600.0
2025-03-20 00:00:00,-27.2,-35.0,0.0,0.21,3600.0
2025-03-20 01:00:00,-25.4,-32.1,0.0,0.14,3600.0
2025-03-20 02:00:00,-22.3,-29.8,0.0,0.11,3600.0
2025-03-20 03:00:00,-19.7,-27.8,0.0,0.27,3600.0
2025-03-20 04:00:00,-17.7,-26.2,0.0,0.56,3600.0
2025-03-20 05:00:00,-16.5,-25.3,0.0,0.75,3600.0
2025-03-20 06:00:00,-15.8,-24.8,0.0,0.95,3600.0
2025-03-20 07:00:00,-16.0,-24.3,0.0,0.8,3600.0
2025-03-20 08:00:00,-17.9,-24.3,0.0,0.67,3600.0
2025-03-20 09:00:00,-20.6,-25.6,0.0,0.83,451.23
2025-03-20 10:00:00,-23.0,-26.7,0.0,0.7,0.0
2025-03-20 11:00:00,-25.1,-27.9,0.0,1.12,0.0
2025-03-20 12:00:00,-26.7,-28.9,0.0,1.73,0.0
2025-03-20 13:00:00,-29.5,-30.6,0.0,1.24,0.0
2025-03-20 14:00:00,-30.8,-31.5,0.0,1.01,0.0
2025-03-20 15:00:00,-31.9,-32.4,0.0,1.17,0.0
2025-03-20 16:00:00,-32.8,-33.2,0.0,1.23,0.0
2025-03-20 17:00:00,-33.6,-34.1,0.0,0.88,0.0
2025-03-20 18:00:00,-34.5,-36.5,0.0,0.5,0.0
2025-03-20 19:00:00,-35.6,-37.1,0.0,0.25,0.0
2025-03-20 20:00:00,-36.4,-37.7,0.0,0.1,0.0
2025-03-20 21:00:00,-36.4,-37.4,0.0,0.05,260.48
2025-03-20 22:00:00,-34.2,-36.5,0.0,0.25,3600.0
2025-03-20 23:00:00,-30.1,-35.5,0.0,0.73,3600.0
2025-03-21 00:00:00,-26.5,-33.3,0.0,0.85,3600.0
2025-03-21 01:00:00,-25.2,-32.3,0.0,0.75,3600.0
2025-03-21 02:00:00,-22.4,-30.0,0.0,0.85,3600.0
2025-03-21 03:00:00,-20.0,-28.4,0.0,1.07,3600.0
2025-03-21 04:00:00,-18.2,-27.4,0.0,1.28,3600.0
2025-03-21 05:00:00,-16.9,-26.7,0.0,1.52,3600.0
2025-03-21 06:00:00,-16.3,-26.0,0.0,1.79,3600.0
2025-03-21 07:00:00,-16.4,-25.3,0.0,1.65,3600.0
2025-03-21 08:00:00,-18.9,-24.9,0.0,1.4,3600.0
2025-03-21 09:00:00,-21.0,-26.7,0.0,0.86,2352.46
2025-03-21 10:00:00,-23.2,-28.0,0.0,0.69,0.0
2025-03-21 11:00:00,-26.9,-29.7,0.0,0.76,0.0
2025-03-21 12:00:00,-30.1,-32.1,0.0,0.66,0.0
2025-03-21 13:00:00,-33.0,-35.0,0.0,0.45,0.0
2025-03-21 14:00:00,-34.6,-37.0,0.0,0.4,0.0
2025-03-21 15:00:00,-35.8,-38.5,0.0,0.25,0.0
2025-03-21 16:00:00,-36.8,-39.6,0.0,0.11,0.0
2025-03-21 17:00:00,-37.5,-39.8,0.0,0.05,0.0
2025-03-21 18:00:00,-37.7,-39.8,0.0,0.11,0.0
2025-03-21 19:00:00,-37.9,-39.8,0.0,0.1,0.0
2025-03-21 20:00:00,-38.8,-40.4,0.0,0.05,0.0
2025-03-21 21:00:00,-39.6,-41.6,0.0,0.05,668.85
2025-03-21 22:00:00,-36.7,-40.0,0.0,0.18,3600.0
2025-03-21 23:00:00,-32.0,-39.0,0.0,0.51,3600.0
2025-03-22 00:00:00,-27.6,-36.5,0.0,0.32,3600.0
2025-03-22 01:00:00,-26.0,-34.4,0.0,0.07,3600.0
2025-03-22 02:00:00,-23.0,-31.6,0.0,0.14,3600.0
2025-03-22 03:00:00,-20.3,-29.4,0.0,0.18,3600.0
2025-03-22 04:00:00,-18.2,-27.6,0.0,0.07,3600.0
2025-03-22 05:00:00,-16.7,-26.5,0.0,0.18,3600.0
2025-03-22 06:00:00,-16.0,-25.9,0.0,0.3,3600.0
2025-03-22 07:00:00,-16.0,-25.2,0.0,0.29,3600.0
2025-03-22 08:00:00,-17.5,-25.8,0.0,0.11,3600.0
2025-03-22 09:00:00,-19.6,-26.7,0.0,0.07,1818.38
2025-03-22 10:00:00,-21.5,-27.4,0.0,0.43,0.0
2025-03-22 11:00:00,-23.5,-28.1,0.0,0.66,0.0
2025-03-22 12:00:00,-25.8,-29.2,0.0,0.49,0.0
2025-03-22 13:00:00,-29.6,-31.4,0.0,0.27,0.0
2025-03-22 14:00:00,-30.8,-32.8,0.0,0.18,0.0
2025-03-22 15:00:00,-31.4,-33.6,0.0,0.21,0.0
2025-03-22 16:00:00,-31.2,-33.9,0.0,0.3,0.0
2025-03-22 17:00:00,-30.7,-33.6,0.0,0.43,0.0
2025-03-22 18:00:00,-30.0,-33.1,0.0,0.49,0.0
2025-03-22 19:00:00,-29.7,-32.8,0.0,0.39,0.0
2025-03-22 20:00:00,-29.7,-32.6,0.0,0.39,0.0
2025-03-22 21:00:00,-29.2,-32.2,0.0,0.4,0.0
2025-03-22 22:00:00,-27.6,-30.9,0.0,0.7,0.0
2025-03-22 23:00:00,-24.1,-30.1,0.0,0.71,2118.88
2025-03-23 00:00:00,-20.9,-28.2,0.0,0.65,3600.0
2025-03-23 01:00:00,-20.1,-27.6,0.0,0.22,3600.0
2025-03-23 02:00:00,-17.6,-25.3,0.0,0.16,3600.0
2025-03-23 03:00:00,-15.4,-23.7,0.0,0.28,3600.0
2025-03-23 04:00:00,-13.6,-22.6,0.0,0.65,3600.0
2025-03-23 05:00:00,-12.2,-21.5,0.0,1.13,3600.0
2025-03-23 06:00:00,-11.4,-20.6,0.0,0.86,3600.0
2025-03-23 07:00:00,-11.5,-19.9,0.0,0.07,2279.61
2025-03-23 08:00:00,-12.8,-19.8,0.0,0.25,0.0
2025-03-23 09:00:00,-14.5,-20.1,0.0,0.18,0.0
2025-03-23 10:00:00,-16.8,-21.1,0.0,1.8,0.0
2025-03-23 11:00:00,-17.3,-21.4,0.0,2.58,0.0
2025-03-23 12:00:00,-18.5,-22.1,0.0,2.21,0.0
2025-03-23 13:00:00,-21.0,-24.4,0.0,1.74,0.0
2025-03-23 14:00:00,-22.0,-25.1,0.0,1.42,0.0
2025-03-23 15:00:00,-22.9,-25.8,0.0,0.91,0.0
2025-03-23 16:00:00,-23.9,-26.5,0.0,0.4,0.0
2025-03-23 17:00:00,-25.4,-27.2,0.0,0.18,0.0
2025-03-23 18:00:00,-26.1,-27.3,0.0,0.05,0.0
2025-03-23 19:00:00,-26.8,-27.9,0.0,0.15,0.0
2025-03-23 20:00:00,-27.6,-28.7,0.0,0.21,0.0
2025-03-23 21:00:00,-27.8,-29.1,0.0,0.25,0.0
2025-03-23 22:00:00,-25.0,-27.0,0.0,0.59,1022.22
2025-03-23 23:00:00,-21.7,-26.4,0.0,0.95,3600.0
2025-03-24 00:00:00,-18.2,-24.0,0.0,0.85,3600.0
2025-03-24 01:00:00,-17.0,-22.6,0.0,1.06,3600.0
2025-03-24 02:00:00,-14.6,-21.2,0.0,1.23,3600.0
2025-03-24 03:00:00,-12.7,-20.5,0.0,0.75,3600.0
2025-03-24 04:00:00,-11.2,-20.6,0.0,1.99,3600.0
2025-03-24 05:00:00,-10.5,-20.0,0.0,2.45,3600.0
2025-03-24 06:00:00,-10.4,-19.7,0.0,2.04,3600.0
2025-03-24 07:00:00,-10.6,-19.6,0.0,1.33,3600.0
2025-03-24 08:00:00,-12.4,-19.7,0.0,0.49,3600.0
2025-03-24 09:00:00,-15.1,-21.1,0.0,0.64,1133.57
2025-03-24 10:00:00,-17.1,-22.2,0.0,0.74,0.0
2025-03-24 11:00:00,-19.2,-23.5,0.0,0.54,0.0
2025-03-24 12:00:00,-21.6,-24.8,0.0,0.55,0.0
2025-03-24 13:00:00,-24.9,-26.4,0.0,0.25,0.0
2025-03-24 14:00:00,-27.5,-28.6,0.0,0.11,0.0
2025-03-24 15:00:00,-29.5,-30.6,0.0,0.16,0.0
2025-03-24 16:00:00,-30.4,-32.7,0.0,0.21,0.0
2025-03-24 17:00:00,-31.2,-33.4,0.0,0.16,0.0
2025-03-24 18:00:00,-32.1,-34.3,0.0,0.16,0.0
2025-03-24 19:00:00,-32.2,-34.8,0.0,0.15,0.0
2025-03-24 20:00:00,-32.7,-35.1,0.0,0.18,0.0
2025-03-24 21:00:00,-32.8,-35.2,0.0,0.22,0.0
2025-03-24 22:00:00,-30.0,-33.8,0.0,0.2,3600.0
2025-03-24 23:00:00,-27.0,-33.3,0.0,0.45,3600.0
2025-03-25 00:00:00,-23.9,-30.7,0.0,0.49,3600.0
2025-03-25 01:00:00,-22.1,-28.2,0.0,0.32,3600.0
2025-03-25 02:00:00,-19.2,-25.8,0.0,0.45,3600.0
2025-03-25 03:00:00,-16.8,-24.0,0.0,0.61,3600.0
2025-03-25 04:00:00,-15.3,-22.9,0.0,0.8,3600.0
2025-03-25 05:00:00,-14.2,-22.0,0.0,0.91,3600.0
2025-03-25 06:00:00,-13.6,-21.4,0.0,1.0,3600.0
2025-03-25 07:00:00,-13.6,-20.7,0.0,1.5,3600.0
2025-03-25 08:00:00,-14.8,-19.9,0.0,0.92,523.48
2025-03-25 09:00:00,-16.3,-20.2,0.0,0.72,0.0
2025-03-25 10:00:00,-16.6,-20.6,0.0,0.6,0.0
2025-03-25 11:00:00,-17.7,-21.2,0.0,0.58,0.0
2025-03-25 12:00:00,-18.9,-21.8,0.0,0.45,0.0
2025-03-25 13:00:00,-20.8,-22.9,0.0,0.21,0.0
2025-03-25 14:00:00,-22.2,-23.7,0.0,0.22,0.0
2025-03-25 15:00:00,-23.0,-24.5,0.0,0.18,0.0
2025-03-25 16:00:00,-23.5,-24.9,0.0,0.21,0.0
2025-03-25 17:00:00,-24.2,-25.3,0.0,0.21,0.0
2025-03-25 18:00:00,-24.9,-26.0,0.0,0.22,0.0
2025-03-25 19:00:00,-25.4,-26.6,0.0,0.22,0.0
2025-03-25 20:00:00,-25.9,-27.1,0.0,0.25,0.0
2025-03-25 21:00:00,-25.2,-27.3,0.0,0.3,0.0
2025-03-25 22:00:00,-22.4,-26.2,0.0,0.15,329.71
2025-03-25 23:00:00,-19.1,-24.6,0.0,0.43,3251.22
2025-03-26 00:00:00,-16.1,-22.2,0.0,0.6,3600.0
2025-03-26 01:00:00,-13.4,-20.3,0.0,0.91,3600.0
2025-03-26 02:00:00,-11.0,-18.7,0.0,0.96,3600.0
2025-03-26 03:00:00,-9.2,-17.6,0.0,1.05,3600.0
2025-03-26 04:00:00,-8.0,-16.8,0.0,1.0,3600.0
2025-03-26 05:00:00,-7.3,-16.2,0.0,1.35,3600.0
2025-03-26 06:00:00,-7.2,-15.8,0.0,1.48,3600.0
2025-03-26 07:00:00,-7.5,-15.4,0.0,0.99,3600.0
2025-03-26 08:00:00,-9.4,-15.4,0.0,0.43,3600.0
2025-03-26 09:00:00,-11.5,-16.5,0.0,0.34,0.0
2025-03-26 10:00:00,-12.6,-16.7,0.0,0.55,0.0
2025-03-26 11:00:00,-14.1,-17.1,0.0,0.5,0.0
2025-03-26 12:00:00,-14.9,-17.4,0.0,0.45,0.0
2025-03-26 13:00:00,-16.2,-18.0,0.0,0.21,0.0
2025-03-26 14:00:00,-17.4,-18.7,0.0,0.11,0.0
2025-03-26 15:00:00,-18.4,-19.3,0.0,0.1,0.0
2025-03-26 16:00:00,-18.8,-20.0,0.0,0.15,0.0
2025-03-26 17:00:00,-19.3,-20.9,0.1,0.16,0.0
2025-03-26 18:00:00,-20.4,-22.1,0.0,0.22,0.0
2025-03-26 19:00:00,-21.4,-23.1,0.0,0.52,0.0
2025-03-26 20:00:00,-22.3,-24.0,0.0,0.6,0.0
2025-03-26 21:00:00,-21.8,-23.8,0.0,0.93,0.0
2025-03-26 22:00:00,-18.9,-22.8,0.0,1.03,845.14
2025-03-26 23:00:00,-14.6,-20.3,0.0,1.19,3600.0
2025-03-27 00:00:00,-11.9,-18.2,0.0,1.95,3600.0
2025-03-27 01:00:00,-11.1,-17.7,0.0,2.17,3600.0
2025-03-27 02:00:00,-9.6,-17.1,0.0,2.35,3600.0
2025-03-27 03:00:00,-8.3,-16.9,0.0,2.33,3600.0
2025-03-27 04:00:00,-7.4,-16.9,0.0,2.3,3600.0
2025-03-27 05:00:00,-6.7,-17.3,0.0,2.41,3600.0
2025-03-27 06:00:00,-6.6,-17.2,0.0,2.15,3600.0
2025-03-27 07:00:00,-6.9,-17.2,0.0,1.99,3600.0
2025-03-27 08:00:00,-8.6,-16.1,0.0,1.45,3600.0
2025-03-27 09:00:00,-12.1,-17.1,0.0,1.9,2937.85
2025-03-27 10:00:00,-14.7,-18.8,0.0,1.92,0.0
2025-03-27 11:00:00,-17.6,-20.5,0.0,1.88,0.0
2025-03-27 12:00:00,-19.9,-21.7,0.0,1.68,0.0
2025-03-27 13:00:00,-23.1,-24.2,0.0,0.9,0.0
2025-03-27 14:00:00,-24.2,-24.7,0.0,0.57,0.0
2025-03-27 15:00:00,-25.2,-26.8,0.0,0.45,0.0
2025-03-27 16:00:00,-25.8,-27.5,0.0,0.35,0.0
2025-03-27 17:00:00,-26.0,-27.6,0.0,0.16,0.0
2025-03-27 18:00:00,-26.3,-27.6,0.0,0.11,0.0
2025-03-27 19:00:00,-26.3,-27.2,0.0,0.14,0.0
2025-03-27 20:00:00,-26.9,-27.1,0.0,0.2,0.0
2025-03-27 21:00:00,-26.7,-27.4,0.0,0.21,2624.58
2025-03-27 22:00:00,-24.4,-26.5,0.0,0.16,3600.0
2025-03-27 23:00:00,-21.1,-25.8,0.0,0.62,3600.0
2025-03-28 00:00:00,-18.2,-23.8,0.0,0.75,3600.0
2025-03-28 01:00:00,-16.9,-23.5,0.0,0.56,3600.0
2025-03-28 02:00:00,-14.3,-21.9,0.0,0.29,3600.0
2025-03-28 03:00:00,-12.1,-20.6,0.0,0.1,3600.0
2025-03-28 04:00:00,-10.4,-19.8,0.0,0.27,3600.0
2025-03-28 05:00:00,-9.2,-19.7,0.0,0.39,3600.0
2025-03-28 06:00:00,-8.8,-19.8,0.0,0.71,3600.0
2025-03-28 07:00:00,-9.1,-19.0,0.0,0.88,3600.0
2025-03-28 08:00:00,-11.0,-18.0,0.0,1.35,3600.0
2025-03-28 09:00:00,-14.7,-19.7,0.0,1.87,3548.36
2025-03-28 10:00:00,-17.5,-21.3,0.0,1.39,0.0
2025-03-28 11:00:00,-20.1,-22.7,0.0,0.76,0.0
2025-03-28 12:00:00,-23.0,-24.8,0.0,0.45,0.0
2025-03-28 13:00:00,-26.1,-26.8,0.0,0.35,0.0
2025-03-28 14:00:00,-27.8,-28.8,0.0,0.63,0.0
2025-03-28 15:00:00,-28.8,-30.3,0.0,0.79,0.0
2025-03-28 16:00:00,-29.0,-30.6,0.0,0.74,0.0
2025-03-28 17:00:00,-29.5,-30.8,0.0,0.54,0.0
2025-03-28 18:00:00,-30.3,-31.2,0.0,0.46,0.0
2025-03-28 19:00:00,-30.8,-31.6,0.0,0.36,0.0
2025-03-28 20:00:00,-31.2,-32.1,0.0,0.18,0.0
2025-03-28 21:00:00,-30.8,-32.5,0.0,0.21,3181.93
2025-03-28 22:00:00,-27.5,-31.4,0.0,0.41,3600.0
2025-03-28 23:00:00,-24.2,-30.0,0.0,0.18,3600.0
2025-03-29 00:00:00,-20.7,-27.0,0.0,0.07,3600.0
2025-03-29 01:00:00,-18.4,-24.7,0.0,0.46,3600.0
2025-03-29 02:00:00,-15.4,-21.9,0.0,0.85,3600.0
2025-03-29 03:00:00,-12.8,-19.9,0.0,1.2,3600.0
2025-03-29 04:00:00,-11.1,-18.7,0.0,1.68,3600.0
2025-03-29 05:00:00,-9.9,-18.0,0.0,2.12,3600.0
2025-03-29 06:00:00,-9.6,-17.5,0.0,2.55,3600.0
2025-03-29 07:00:00,-9.7,-17.5,0.0,2.71,3600.0
2025-03-29 08:00:00,-10.8,-17.6,0.0,1.72,3600.0
2025-03-29 09:00:00,-15.2,-19.5,0.0,1.79,3600.0
2025-03-29 10:00:00,-18.8,-21.7,0.0,1.68,0.0
2025-03-29 11:00:00,-21.9,-23.6,0.0,1.78,0.0
2025-03-29 12:00:00,-24.0,-25.3,0.0,1.74,0.0
2025-03-29 13:00:00,-25.8,-27.0,0.0,1.94,0.0
2025-03-29 14:00:00,-26.7,-27.9,0.0,1.68,0.0
2025-03-29 15:00:00,-27.7,-28.8,0.0,1.57,0.0
2025-03-29 16:00:00,-28.6,-29.7,0.0,1.67,0.0
2025-03-29 17:00:00,-28.9,-30.2,0.0,1.7,0.0
2025-03-29 18:00:00,-29.0,-30.5,0.0,1.57,0.0
2025-03-29 19:00:00,-29.3,-31.0,0.0,1.58,0.0
2025-03-29 20:00:00,-30.0,-31.7,0.0,1.48,0.0
2025-03-29 21:00:00,-29.2,-31.5,0.0,1.36,1398.09
2025-03-29 22:00:00,-25.3,-29.7,0.0,1.18,3600.0
2025-03-29 23:00:00,-21.4,-27.5,0.0,0.96,3600.0
2025-03-30 00:00:00,-18.1,-24.6,0.0,1.3,3600.0
2025-03-30 01:00:00,-16.5,-23.4,0.0,1.29,3600.0
2025-03-30 02:00:00,-14.3,-22.0,0.0,1.35,3600.0
2025-03-30 03:00:00,-12.6,-21.2,0.0,1.42,3600.0
2025-03-30 04:00:00,-11.3,-20.6,0.0,1.59,3600.0
2025-03-30 05:00:00,-10.6,-20.3,0.0,1.39,3600.0
2025-03-30 06:00:00,-10.4,-20.1,0.0,1.17,3600.0
2025-03-30 07:00:00,-10.6,-19.9,0.0,0.53,3600.0
2025-03-30 08:00:00,-11.8,-20.3,0.0,0.14,3600.0
2025-03-30 09:00:00,-14.7,-21.2,0.0,0.52,3600.0
2025-03-30 10:00:00,-17.6,-23.0,0.0,1.01,0.0
2025-03-30 11:00:00,-20.1,-24.3,0.0,1.17,0.0
2025-03-30 12:00:00,-22.0,-25.4,0.0,0.73,0.0
2025-03-30 13:00:00,-25.3,-27.3,0.0,0.55,0.0
2025-03-30 14:00:00,-26.4,-28.2,0.0,0.36,0.0
2025-03-30 15:00:00,-27.5,-28.8,0.0,0.3,0.0
2025-03-30 16:00:00,-28.0,-29.5,0.0,0.46,0.0
2025-03-30 17:00:00,-28.1,-29.7,0.0,0.32,0.0
2025-03-30 18:00:00,-28.7,-29.7,0.0,0.25,0.0
2025-03-30 19:00:00,-29.8,-30.1,0.0,0.3,0.0
2025-03-30 20:00:00,-31.2,-32.0,0.0,0.41,0.0
2025-03-30 21:00:00,-30.5,-33.3,0.0,0.58,3591.34
2025-03-30 22:00:00,-26.3,-30.0,0.0,0.88,3600.0
2025-03-30 23:00:00,-22.4,-27.0,0.0,1.14,3600.0
2025-03-31 00:00:00,-19.6,-25.5,0.0,0.91,3600.0
2025-03-31 01:00:00,-18.1,-24.9,0.0,0.82,3600.0
2025-03-31 02:00:00,-15.3,-22.8,0.0,1.0,3600.0
2025-03-31 03:00:00,-12.7,-21.3,0.0,1.02,3600.0
2025-03-31 04:00:00,-11.0,-20.4,0.0,1.21,3600.0
2025-03-31 05:00:00,-9.8,-19.9,0.0,1.03,3600.0
2025-03-31 06:00:00,-9.4,-19.4,0.0,1.31,3600.0
2025-03-31 07:00:00,-9.4,-18.8,0.0,1.43,3600.0
2025-03-31 08:00:00,-10.1,-17.5,0.0,1.25,3600.0
2025-03-31 09:00:00,-11.7,-17.2,0.0,3.11,3134.88
2025-03-31 10:00:00,-13.3,-18.7,0.0,3.23,0.0
2025-03-31 11:00:00,-16.2,-20.4,0.0,1.8,0.0
2025-03-31 12:00:00,-18.5,-22.5,0.0,1.57,0.0
2025-03-31 13:00:00,-21.0,-24.8,0.0,1.85,0.0
2025-03-31 14:00:00,-22.1,-25.7,0.0,2.0,0.0
2025-03-31 15:00:00,-23.7,-26.4,0.0,1.86,0.0
2025-03-31 16:00:00,-24.9,-26.9,0.0,1.3,0.0
2025-03-31 17:00:00,-26.1,-27.6,0.0,0.84,0.0
2025-03-31 18:00:00,-27.6,-28.7,0.0,0.87,0.0
2025-03-31 19:00:00,-28.5,-29.6,0.0,0.96,0.0
2025-03-31 20:00:00,-29.1,-30.1,0.0,0.73,0.0
2025-03-31 21:00:00,-27.9,-29.6,0.0,0.56,3600.0
2025-03-31 22:00:00,-24.5,-27.7,0.0,0.4,3600.0
2025-03-31 23:00:00,-20.7,-26.6,0.0,0.61,3600.0
