data_czas,temperatura_powietrza_C,punkt_rosy_C,opad_mm,wiatr_m_s,naslonecznienie_sekundy
2023-12-01 00:00:00,-1.5,-2.5,0.1,1.5,0.0
2023-12-01 00:15:00,-1.6,-2.6,0.0,1.56,0.0
2023-12-01 00:30:00,-1.7,-2.6,0.0,1.69,0.0
2023-12-01 00:45:00,-1.7,-2.7,0.0,1.81,0.0
2023-12-01 01:00:00,-1.7,-2.7,0.0,1.75,0.0
2023-12-01 01:15:00,-1.5,-2.6,0.0,1.56,0.0
2023-12-01 01:30:00,-1.2,-2.4,0.0,1.22,0.0
2023-12-01 01:45:00,-0.9,-2.3,0.0,0.89,0.0
2023-12-01 02:00:00,-0.8,-2.2,0.0,0.69,0.0
2023-12-01 02:15:00,-0.8,-2.1,0.1,0.67,0.0
2023-12-01 02:30:00,-1.0,-2.1,0.1,0.67,0.0
2023-12-01 02:45:00,-1.2,-2.1,0.1,0.75,0.0
2023-12-01 03:00:00,-1.3,-2.1,0.1,0.81,0.0
2023-12-01 03:15:00,-1.3,-2.1,0.0,0.86,0.0
2023-12-01 03:30:00,-1.2,-2.0,0.0,0.92,0.0
2023-12-01 03:45:00,-1.1,-1.9,0.0,1.0,0.0
2023-12-01 04:00:00,-1.0,-1.9,0.0,1.0,0.0
2023-12-01 04:15:00,-1.0,-1.8,0.0,0.89,0.0
2023-12-01 04:30:00,-1.0,-1.8,0.0,0.81,0.0
2023-12-01 04:45:00,-1.0,-1.8,0.0,0.61,0.0
2023-12-01 05:00:00,-1.1,-1.9,0.0,0.42,0.0
2023-12-01 05:15:00,-1.3,-1.9,0.0,0.25,0.0
2023-12-01 05:30:00,-1.4,-2.0,0.0,0.67,0.0
2023-12-01 05:45:00,-1.6,-2.1,0.0,1.17,0.0
2023-12-01 06:00:00,-1.8,-2.2,0.0,1.5,0.0
2023-12-01 06:15:00,-2.0,-2.3,0.0,1.5,0.0
2023-12-01 06:30:00,-2.1,-2.4,0.0,1.42,0.0
2023-12-01 06:45:00,-2.2,-2.4,0.0,1.31,0.0
2023-12-01 07:00:00,-2.4,-2.6,0.0,1.25,0.0
2023-12-01 07:15:00,-2.7,-3.0,0.0,1.19,0.0
2023-12-01 07:30:00,-3.1,-3.4,0.0,1.11,0.0
2023-12-01 07:45:00,-3.5,-3.8,0.0,1.14,0.0
2023-12-01 08:00:00,-3.8,-4.2,0.0,1.14,0.0
2023-12-01 08:15:00,-4.0,-4.4,0.0,1.19,0.0
2023-12-01 08:30:00,-4.1,-4.6,0.0,1.33,0.0
2023-12-01 08:45:00,-4.1,-4.6,0.0,1.47,0.0
2023-12-01 09:00:00,-4.0,-4.6,0.0,1.53,0.0
2023-12-01 09:15:00,-3.8,-4.4,0.0,1.56,0.0
2023-12-01 09:30:00,-3.3,-4.0,0.0,1.53,0.0
2023-12-01 09:45:00,-2.9,-3.6,0.0,1.44,0.0
2023-12-01 10:00:00,-2.5,-3.3,0.0,1.31,0.0
2023-12-01 10:15:00,-2.2,-3.0,0.0,1.11,0.0
2023-12-01 10:30:00,-1.9,-2.8,0.0,0.89,0.0
2023-12-01 10:45:00,-1.6,-2.6,0.0,0.75,0.0
2023-12-01 11:00:00,-1.4,-2.5,0.0,0.81,0.0
2023-12-01 11:15:00,-1.1,-2.3,0.0,0.94,0.0
2023-12-01 11:30:00,-0.9,-2.2,0.0,1.08,0.0
2023-12-01 11:45:00,-0.7,-2.0,0.0,1.17,0.0
2023-12-01 12:00:00,-0.5,-1.9,0.0,1.19,0.0
2023-12-01 12:15:00,-0.4,-1.8,0.0,1.11,0.0
2023-12-01 12:30:00,-0.4,-1.8,0.0,0.94,0.0
2023-12-01 12:45:00,-0.3,-1.7,0.0,0.81,0.0
2023-12-01 13:00:00,-0.3,-1.6,0.0,0.75,0.0
2023-12-01 13:15:00,-0.2,-1.6,0.0,0.72,0.0
2023-12-01 13:30:00,-0.1,-1.5,0.0,0.61,0.0
2023-12-01 13:45:00,0.0,-1.4,0.0,0.53,0.0
2023-12-01 14:00:00,0.1,-1.4,0.0,0.53,0.0
2023-12-01 14:15:00,0.2,-1.3,0.0,0.61,0.0
2023-12-01 14:30:00,0.3,-1.2,0.0,0.81,0.0
2023-12-01 14:45:00,0.3,-1.1,0.0,1.03,0.0
2023-12-01 15:00:00,0.3,-1.1,0.0,1.17,0.0
2023-12-01 15:15:00,0.2,-1.1,0.0,1.14,0.0
2023-12-01 15:30:00,0.1,-1.1,0.0,1.06,0.0
2023-12-01 15:45:00,-0.1,-1.1,0.0,0.97,0.0
2023-12-01 16:00:00,-0.2,-1.1,0.0,0.94,0.0
2023-12-01 16:15:00,-0.3,-1.1,0.0,1.06,0.0
2023-12-01 16:30:00,-0.4,-1.1,0.0,1.25,0.0
2023-12-01 16:45:00,-0.4,-1.1,0.0,1.44,0.0
2023-12-01 17:00:00,-0.5,-1.1,0.0,1.58,0.0
2023-12-01 17:15:00,-0.5,-1.1,0.0,1.67,0.0
2023-12-01 17:30:00,-0.6,-1.2,0.0,1.67,0.0
2023-12-01 17:45:00,-0.7,-1.2,0.0,1.69,0.0
2023-12-01 18:00:00,-0.7,-1.2,0.0,1.75,0.0
2023-12-01 18:15:00,-0.8,-1.2,0.0,1.83,0.0
2023-12-01 18:30:00,-0.8,-1.2,0.0,1.92,0.0
2023-12-01 18:45:00,-0.8,-1.2,0.0,2.06,0.0
2023-12-01 19:00:00,-0.8,-1.2,0.0,2.14,0.0
2023-12-01 19:15:00,-0.8,-1.2,0.1,2.14,0.0
2023-12-01 19:30:00,-0.8,-1.2,0.1,2.08,0.0
2023-12-01 19:45:00,-0.9,-1.3,0.1,2.0,0.0
2023-12-01 20:00:00,-0.9,-1.3,0.1,1.97,0.0
2023-12-01 20:15:00,-0.9,-1.3,0.1,1.97,0.0
2023-12-01 20:30:00,-0.9,-1.3,0.1,2.0,0.0
2023-12-01 20:45:00,-0.9,-1.3,0.1,2.11,0.0
2023-12-01 21:00:00,-0.9,-1.3,0.1,2.17,0.0
2023-12-01 21:15:00,-0.9,-1.3,0.1,2.17,0.0
2023-12-01 21:30:00,-1.0,-1.3,0.1,2.17,0.0
2023-12-01 21:45:00,-1.0,-1.4,0.1,2.17,0.0
2023-12-01 22:00:00,-1.0,-1.4,0.1,2.22,0.0
2023-12-01 22:15:00,-1.0,-1.4,0.1,2.28,0.0
2023-12-01 22:30:00,-1.0,-1.4,0.1,2.31,0.0
2023-12-01 22:45:00,-1.0,-1.4,0.1,2.42,0.0
2023-12-01 23:00:00,-1.0,-1.4,0.1,2.53,0.0
2023-12-01 23:15:00,-1.0,-1.4,0.1,2.58,0.0
2023-12-01 23:30:00,-1.0,-1.4,0.1,2.69,0.0
2023-12-01 23:45:00,-1.0,-1.4,0.1,2.75,0.0
2023-12-02 00:00:00,-1.0,-1.4,0.1,2.81,0.0
2023-12-02 00:15:00,-1.0,-1.4,0.1,2.89,0.0
2023-12-02 00:30:00,-1.0,-1.4,0.1,2.94,0.0
2023-12-02 00:45:00,-1.0,-1.4,0.1,3.03,0.0
2023-12-02 01:00:00,-1.0,-1.4,0.1,3.08,0.0
2023-12-02 01:15:00,-1.0,-1.4,0.1,3.25,0.0
2023-12-02 01:30:00,-1.0,-1.4,0.1,3.44,0.0
2023-12-02 01:45:00,-1.0,-1.4,0.1,3.61,0.0
2023-12-02 02:00:00,-1.0,-1.4,0.1,3.75,0.0
2023-12-02 02:15:00,-1.1,-1.5,0.3,3.83,0.0
2023-12-02 02:30:00,-1.1,-1.5,0.3,3.86,0.0
2023-12-02 02:45:00,-1.1,-1.5,0.3,3.89,0.0
2023-12-02 03:00:00,-1.2,-1.6,0.3,3.97,0.0
2023-12-02 03:15:00,-1.2,-1.6,0.3,4.11,0.0
2023-12-02 03:30:00,-1.2,-1.7,0.3,4.25,0.0
2023-12-02 03:45:00,-1.2,-1.7,0.3,4.39,0.0
2023-12-02 04:00:00,-1.2,-1.7,0.3,4.53,0.0
2023-12-02 04:15:00,-1.2,-1.8,0.4,4.58,0.0
2023-12-02 04:30:00,-1.3,-1.8,0.4,4.58,0.0
2023-12-02 04:45:00,-1.3,-1.8,0.4,4.58,0.0
2023-12-02 05:00:00,-1.3,-1.8,0.4,4.56,0.0
2023-12-02 05:15:00,-1.3,-1.8,0.2,4.53,0.0
2023-12-02 05:30:00,-1.3,-1.9,0.2,4.56,0.0
2023-12-02 05:45:00,-1.2,-1.9,0.2,4.56,0.0
2023-12-02 06:00:00,-1.2,-1.9,0.2,4.56,0.0
2023-12-02 06:15:00,-1.2,-1.9,0.2,4.56,0.0
2023-12-02 06:30:00,-1.2,-1.9,0.2,4.61,0.0
2023-12-02 06:45:00,-1.3,-1.9,0.2,4.67,0.0
2023-12-02 07:00:00,-1.3,-1.9,0.2,4.67,0.0
2023-12-02 07:15:00,-1.3,-1.9,0.3,4.67,0.0
2023-12-02 07:30:00,-1.3,-1.9,0.3,4.67,0.0
2023-12-02 07:45:00,-1.3,-1.9,0.3,4.69,0.0
2023-12-02 08:00:00,-1.3,-1.9,0.3,4.69,0.0
2023-12-02 08:15:00,-1.3,-1.9,0.3,4.75,0.0
2023-12-02 08:30:00,-1.3,-1.9,0.3,4.78,0.0
2023-12-02 08:45:00,-1.2,-1.9,0.3,4.81,0.0
2023-12-02 09:00:00,-1.2,-1.9,0.3,4.83,0.0
2023-12-02 09:15:00,-1.2,-1.9,0.3,4.86,0.0
2023-12-02 09:30:00,-1.2,-1.9,0.3,4.89,0.0
2023-12-02 09:45:00,-1.1,-1.8,0.3,4.92,0.0
2023-12-02 10:00:00,-1.1,-1.8,0.3,4.89,0.0
2023-12-02 10:15:00,-1.1,-1.8,0.4,4.81,0.0
2023-12-02 10:30:00,-1.1,-1.8,0.4,4.72,0.0
2023-12-02 10:45:00,-1.1,-1.7,0.4,4.64,0.0
2023-12-02 11:00:00,-1.1,-1.7,0.4,4.53,0.0
2023-12-02 11:15:00,-1.1,-1.7,0.4,4.42,0.0
2023-12-02 11:30:00,-1.1,-1.6,0.4,4.28,0.0
2023-12-02 11:45:00,-1.1,-1.6,0.4,4.14,0.0
2023-12-02 12:00:00,-1.1,-1.6,0.4,4.06,0.0
2023-12-02 12:15:00,-1.1,-1.6,0.3,3.94,0.0
2023-12-02 12:30:00,-1.2,-1.6,0.3,3.86,0.0
2023-12-02 12:45:00,-1.2,-1.6,0.3,3.81,0.0
2023-12-02 13:00:00,-1.2,-1.6,0.3,3.78,0.0
2023-12-02 13:15:00,-1.1,-1.6,0.3,3.75,0.0
2023-12-02 13:30:00,-1.1,-1.6,0.3,3.75,0.0
2023-12-02 13:45:00,-1.1,-1.6,0.3,3.78,0.0
2023-12-02 14:00:00,-1.1,-1.6,0.3,3.75,0.0
2023-12-02 14:15:00,-1.3,-1.8,0.3,3.61,0.0
2023-12-02 14:30:00,-1.5,-2.1,0.3,3.42,0.0
2023-12-02 14:45:00,-1.8,-2.3,0.3,3.25,0.0
2023-12-02 15:00:00,-2.0,-2.5,0.3,3.19,0.0
2023-12-02 15:15:00,-2.1,-2.6,0.4,3.25,0.0
2023-12-02 15:30:00,-2.1,-2.6,0.4,3.39,0.0
2023-12-02 15:45:00,-2.1,-2.6,0.4,3.56,0.0
2023-12-02 16:00:00,-2.1,-2.6,0.4,3.64,0.0
2023-12-02 16:15:00,-2.1,-2.6,0.5,3.58,0.0
2023-12-02 16:30:00,-2.1,-2.7,0.5,3.47,0.0
2023-12-02 16:45:00,-2.1,-2.7,0.5,3.42,0.0
2023-12-02 17:00:00,-2.1,-2.7,0.5,3.47,0.0
2023-12-02 17:15:00,-2.1,-2.7,0.4,3.75,0.0
2023-12-02 17:30:00,-2.1,-2.8,0.4,4.17,0.0
2023-12-02 17:45:00,-2.1,-2.8,0.4,4.53,0.0
2023-12-02 18:00:00,-2.1,-2.8,0.4,4.69,0.0
2023-12-02 18:15:00,-2.1,-2.8,0.4,4.58,0.0
2023-12-02 18:30:00,-2.0,-2.7,0.4,4.31,0.0
2023-12-02 18:45:00,-2.0,-2.7,0.4,4.03,0.0
2023-12-02 19:00:00,-2.0,-2.7,0.4,3.83,0.0
2023-12-02 19:15:00,-2.0,-2.7,0.4,3.67,0.0
2023-12-02 19:30:00,-2.0,-2.8,0.4,3.47,0.0
2023-12-02 19:45:00,-2.0,-2.8,0.4,3.36,0.0
2023-12-02 20:00:00,-2.1,-2.8,0.4,3.39,0.0
2023-12-02 20:15:00,-2.1,-2.9,0.5,3.69,0.0
2023-12-02 20:30:00,-2.2,-2.9,0.5,4.19,0.0
2023-12-02 20:45:00,-2.2,-2.9,0.5,4.61,0.0
2023-12-02 21:00:00,-2.2,-3.0,0.5,4.67,0.0
2023-12-02 21:15:00,-2.2,-3.0,0.2,4.19,0.0
2023-12-02 21:30:00,-2.3,-3.0,0.2,3.56,0.0
2023-12-02 21:45:00,-2.3,-3.1,0.2,3.17,0.0
2023-12-02 22:00:00,-2.3,-3.1,0.2,3.44,0.0
2023-12-02 22:15:00,-2.4,-3.2,0.3,4.14,0.0
2023-12-02 22:30:00,-2.6,-3.4,0.3,5.03,0.0
2023-12-02 22:45:00,-2.7,-3.5,0.3,5.83,0.0
2023-12-02 23:00:00,-2.9,-3.7,0.3,6.36,0.0
2023-12-02 23:15:00,-3.0,-3.8,0.1,6.42,0.0
2023-12-02 23:30:00,-3.1,-4.0,0.1,6.17,0.0
2023-12-02 23:45:00,-3.2,-4.2,0.1,5.83,0.0
2023-12-03 00:00:00,-3.3,-4.3,0.1,5.64,0.0
2023-12-03 00:15:00,-3.4,-4.4,0.1,5.61,0.0
2023-12-03 00:30:00,-3.4,-4.4,0.1,5.61,0.0
2023-12-03 00:45:00,-3.3,-4.5,0.1,5.69,0.0
2023-12-03 01:00:00,-3.3,-4.5,0.1,5.75,0.0
2023-12-03 01:15:00,-3.3,-4.5,0.1,5.72,0.0
2023-12-03 01:30:00,-3.3,-4.5,0.1,5.69,0.0
2023-12-03 01:45:00,-3.3,-4.5,0.1,5.61,0.0
2023-12-03 02:00:00,-3.2,-4.4,0.1,5.56,0.0
2023-12-03 02:15:00,-3.2,-4.4,0.0,5.56,0.0
2023-12-03 02:30:00,-3.2,-4.3,0.0,5.56,0.0
2023-12-03 02:45:00,-3.1,-4.3,0.0,5.58,0.0
2023-12-03 03:00:00,-3.1,-4.3,0.0,5.58,0.0
2023-12-03 03:15:00,-3.1,-4.3,0.0,5.64,0.0
2023-12-03 03:30:00,-3.1,-4.3,0.0,5.69,0.0
2023-12-03 03:45:00,-3.1,-4.3,0.0,5.78,0.0
2023-12-03 04:00:00,-3.1,-4.3,0.0,5.81,0.0
2023-12-03 04:15:00,-3.1,-4.4,0.0,5.83,0.0
2023-12-03 04:30:00,-3.1,-4.4,0.0,5.83,0.0
2023-12-03 04:45:00,-3.2,-4.5,0.0,5.86,0.0
2023-12-03 05:00:00,-3.2,-4.5,0.0,5.86,0.0
2023-12-03 05:15:00,-3.2,-4.5,0.0,5.92,0.0
2023-12-03 05:30:00,-3.2,-4.6,0.0,5.94,0.0
2023-12-03 05:45:00,-3.2,-4.6,0.0,6.06,0.0
2023-12-03 06:00:00,-3.2,-4.6,0.0,6.06,0.0
2023-12-03 06:15:00,-3.3,-4.6,0.0,6.03,0.0
2023-12-03 06:30:00,-3.3,-4.6,0.0,5.94,0.0
2023-12-03 06:45:00,-3.3,-4.6,0.0,5.89,0.0
2023-12-03 07:00:00,-3.4,-4.6,0.0,5.75,0.0
2023-12-03 07:15:00,-3.4,-4.5,0.0,5.58,0.0
2023-12-03 07:30:00,-3.4,-4.5,0.0,5.39,0.0
2023-12-03 07:45:00,-3.4,-4.5,0.0,5.17,0.0
2023-12-03 08:00:00,-3.4,-4.4,0.0,4.94,0.0
2023-12-03 08:15:00,-3.4,-4.4,0.0,4.78,0.0
2023-12-03 08:30:00,-3.3,-4.3,0.0,4.64,0.0
2023-12-03 08:45:00,-3.3,-4.3,0.0,4.53,0.0
2023-12-03 09:00:00,-3.2,-4.2,0.0,4.42,0.0
2023-12-03 09:15:00,-3.1,-4.2,0.0,4.28,0.0
2023-12-03 09:30:00,-3.1,-4.1,0.0,4.11,0.0
2023-12-03 09:45:00,-3.0,-4.1,0.0,4.06,0.0
2023-12-03 10:00:00,-2.9,-4.1,0.0,4.11,0.0
2023-12-03 10:15:00,-2.9,-4.1,0.0,4.25,0.0
2023-12-03 10:30:00,-2.9,-4.3,0.0,4.47,0.0
2023-12-03 10:45:00,-3.0,-4.4,0.0,4.69,0.0
2023-12-03 11:00:00,-3.0,-4.5,0.0,4.92,0.0
2023-12-03 11:15:00,-3.0,-4.5,0.0,5.11,0.0
2023-12-03 11:30:00,-2.9,-4.6,0.0,5.25,0.0
2023-12-03 11:45:00,-2.9,-4.6,0.0,5.39,0.0
2023-12-03 12:00:00,-2.9,-4.6,0.0,5.5,0.0
2023-12-03 12:15:00,-2.9,-4.6,0.1,5.56,0.0
2023-12-03 12:30:00,-2.8,-4.6,0.1,5.56,0.0
2023-12-03 12:45:00,-2.8,-4.6,0.1,5.5,0.0
2023-12-03 13:00:00,-2.8,-4.5,0.1,5.5,0.0
2023-12-03 13:15:00,-2.7,-4.5,0.0,5.56,0.0
2023-12-03 13:30:00,-2.6,-4.4,0.0,5.61,0.0
2023-12-03 13:45:00,-2.5,-4.3,0.0,5.69,0.0
2023-12-03 14:00:00,-2.5,-4.3,0.0,5.69,0.0
2023-12-03 14:15:00,-2.4,-4.2,0.0,5.67,0.0
2023-12-03 14:30:00,-2.4,-4.1,0.0,5.56,0.0
2023-12-03 14:45:00,-2.4,-4.0,0.0,5.44,0.0
2023-12-03 15:00:00,-2.4,-4.0,0.0,5.39,0.0
2023-12-03 15:15:00,-2.4,-3.9,0.1,5.44,0.0
2023-12-03 15:30:00,-2.4,-3.9,0.1,5.56,0.0
2023-12-03 15:45:00,-2.4,-3.8,0.1,5.64,0.0
2023-12-03 16:00:00,-2.4,-3.8,0.1,5.69,0.0
2023-12-03 16:15:00,-2.4,-3.7,0.1,5.69,0.0
2023-12-03 16:30:00,-2.5,-3.7,0.1,5.64,0.0
2023-12-03 16:45:00,-2.5,-3.7,0.1,5.64,0.0
2023-12-03 17:00:00,-2.5,-3.7,0.1,5.61,0.0
2023-12-03 17:15:00,-2.5,-3.7,0.0,5.61,0.0
2023-12-03 17:30:00,-2.5,-3.7,0.0,5.61,0.0
2023-12-03 17:45:00,-2.5,-3.7,0.0,5.61,0.0
2023-12-03 18:00:00,-2.5,-3.8,0.0,5.61,0.0
2023-12-03 18:15:00,-2.5,-3.8,0.0,5.56,0.0
2023-12-03 18:30:00,-2.6,-3.9,0.0,5.53,0.0
2023-12-03 18:45:00,-2.6,-3.9,0.0,5.47,0.0
2023-12-03 19:00:00,-2.7,-4.0,0.0,5.42,0.0
2023-12-03 19:15:00,-2.7,-4.0,0.0,5.39,0.0
2023-12-03 19:30:00,-2.7,-4.1,0.0,5.33,0.0
2023-12-03 19:45:00,-2.7,-4.1,0.0,5.31,0.0
2023-12-03 20:00:00,-2.8,-4.2,0.0,5.25,0.0
2023-12-03 20:15:00,-2.8,-4.3,0.0,5.22,0.0
2023-12-03 20:30:00,-2.9,-4.3,0.0,5.25,0.0
2023-12-03 20:45:00,-3.0,-4.4,0.0,5.19,0.0
2023-12-03 21:00:00,-3.0,-4.5,0.0,5.22,0.0
2023-12-03 21:15:00,-3.0,-4.6,0.0,5.19,0.0
2023-12-03 21:30:00,-3.1,-4.6,0.0,5.22,0.0
2023-12-03 21:45:00,-3.1,-4.7,0.0,5.25,0.0
2023-12-03 22:00:00,-3.1,-4.8,0.0,5.25,0.0
2023-12-03 22:15:00,-3.2,-5.0,0.0,5.19,0.0
2023-12-03 22:30:00,-3.4,-5.3,0.0,5.19,0.0
2023-12-03 22:45:00,-3.5,-5.5,0.0,5.11,0.0
2023-12-03 23:00:00,-3.7,-5.8,0.0,4.94,0.0
2023-12-03 23:15:00,-3.9,-6.0,0.0,4.69,0.0
2023-12-03 23:30:00,-4.2,-6.3,0.0,4.42,0.0
2023-12-03 23:45:00,-4.4,-6.5,0.0,4.06,0.0
2023-12-04 00:00:00,-4.7,-6.8,0.0,3.81,0.0
2023-12-04 00:15:00,-5.0,-7.0,0.0,3.64,0.0
2023-12-04 00:30:00,-5.4,-7.3,0.0,3.47,0.0
2023-12-04 00:45:00,-5.8,-7.5,0.0,3.36,0.0
2023-12-04 01:00:00,-6.0,-7.7,0.0,3.33,0.0
2023-12-04 01:15:00,-6.2,-7.9,0.0,3.31,0.0
2023-12-04 01:30:00,-6.3,-8.0,0.0,3.28,0.0
2023-12-04 01:45:00,-6.4,-8.2,0.0,3.28,0.0
2023-12-04 02:00:00,-6.4,-8.3,0.0,3.28,0.0
2023-12-04 02:15:00,-6.5,-8.4,0.0,3.25,0.0
2023-12-04 02:30:00,-6.5,-8.5,0.0,3.17,0.0
2023-12-04 02:45:00,-6.6,-8.6,0.0,3.14,0.0
2023-12-04 03:00:00,-6.7,-8.8,0.0,3.14,0.0
2023-12-04 03:15:00,-6.8,-8.9,0.0,3.22,0.0
2023-12-04 03:30:00,-6.9,-9.1,0.0,3.36,0.0
2023-12-04 03:45:00,-7.0,-9.3,0.0,3.47,0.0
2023-12-04 04:00:00,-7.2,-9.5,0.0,3.56,0.0
2023-12-04 04:15:00,-7.3,-9.7,0.0,3.58,0.0
2023-12-04 04:30:00,-7.4,-9.8,0.0,3.5,0.0
2023-12-04 04:45:00,-7.6,-10.0,0.0,3.44,0.0
2023-12-04 05:00:00,-7.7,-10.1,0.0,3.47,0.0
2023-12-04 05:15:00,-7.8,-10.2,0.0,3.56,0.0
2023-12-04 05:30:00,-7.8,-10.3,0.0,3.64,0.0
2023-12-04 05:45:00,-7.9,-10.4,0.0,3.78,0.0
2023-12-04 06:00:00,-7.9,-10.5,0.0,3.83,0.0
2023-12-04 06:15:00,-7.9,-10.5,0.0,3.86,0.0
2023-12-04 06:30:00,-7.9,-10.5,0.0,3.83,0.0
2023-12-04 06:45:00,-7.8,-10.5,0.0,3.78,0.0
2023-12-04 07:00:00,-7.8,-10.4,0.0,3.78,0.0
2023-12-04 07:15:00,-7.7,-10.3,0.0,3.81,0.0
2023-12-04 07:30:00,-7.5,-10.2,0.0,3.81,0.0
2023-12-04 07:45:00,-7.4,-10.0,0.0,3.83,0.0
2023-12-04 08:00:00,-7.3,-9.9,0.0,3.83,0.0
2023-12-04 08:15:00,-7.2,-9.9,0.0,3.75,0.0
2023-12-04 08:30:00,-7.2,-9.8,0.0,3.64,100.57
2023-12-04 08:45:00,-7.1,-9.8,0.0,3.56,444.43
2023-12-04 09:00:00,-7.0,-9.8,0.0,3.42,672.63
2023-12-04 09:15:00,-6.9,-9.7,0.0,3.31,900.0
2023-12-04 09:30:00,-6.7,-9.6,0.0,3.22,900.0
2023-12-04 09:45:00,-6.5,-9.5,0.0,3.08,900.0
2023-12-04 10:00:00,-6.3,-9.4,0.0,2.97,900.0
2023-12-04 10:15:00,-6.0,-9.2,0.0,2.83,900.0
2023-12-04 10:30:00,-5.8,-8.9,0.0,2.67,900.0
2023-12-04 10:45:00,-5.5,-8.6,0.0,2.47,900.0
2023-12-04 11:00:00,-5.2,-8.4,0.0,2.33,900.0
2023-12-04 11:15:00,-4.9,-8.2,0.0,2.19,900.0
2023-12-04 11:30:00,-4.7,-8.0,0.0,2.06,900.0
2023-12-04 11:45:00,-4.4,-7.9,0.0,1.92,900.0
2023-12-04 12:00:00,-4.1,-7.7,0.0,1.78,900.0
2023-12-04 12:15:00,-3.9,-7.6,0.0,1.67,900.0
2023-12-04 12:30:00,-3.7,-7.5,0.0,1.64,900.0
2023-12-04 12:45:00,-3.5,-7.5,0.0,1.64,900.0
2023-12-04 13:00:00,-3.4,-7.4,0.0,1.58,900.0
2023-12-04 13:15:00,-3.4,-7.4,0.0,1.44,900.0
2023-12-04 13:30:00,-3.5,-7.5,0.0,1.33,900.0
2023-12-04 13:45:00,-3.6,-7.4,0.0,1.31,900.0
2023-12-04 14:00:00,-3.6,-7.3,0.0,1.36,900.0
2023-12-04 14:15:00,-3.5,-7.0,0.0,1.56,900.0
2023-12-04 14:30:00,-3.3,-6.5,0.0,1.92,900.0
2023-12-04 14:45:00,-3.1,-6.1,0.0,2.28,900.0
2023-12-04 15:00:00,-3.0,-5.8,0.0,2.58,900.0
2023-12-04 15:15:00,-3.1,-5.6,0.0,2.83,900.0
2023-12-04 15:30:00,-3.3,-5.6,0.0,3.14,900.0
2023-12-04 15:45:00,-3.6,-5.7,0.0,3.33,900.0
2023-12-04 16:00:00,-3.9,-5.8,0.0,3.5,900.0
2023-12-04 16:15:00,-4.2,-6.0,0.0,3.53,900.0
2023-12-04 16:30:00,-4.5,-6.3,0.0,3.53,580.01
2023-12-04 16:45:00,-4.8,-6.7,0.0,3.44,0.0
2023-12-04 17:00:00,-5.0,-6.9,0.0,3.44,0.0
2023-12-04 17:15:00,-5.1,-7.0,0.0,3.47,0.0
2023-12-04 17:30:00,-5.1,-7.1,0.0,3.53,0.0
2023-12-04 17:45:00,-5.0,-7.1,0.0,3.56,0.0
2023-12-04 18:00:00,-5.0,-7.1,0.0,3.61,0.0
2023-12-04 18:15:00,-5.0,-7.1,0.0,3.67,0.0
2023-12-04 18:30:00,-5.0,-7.1,0.0,3.75,0.0
2023-12-04 18:45:00,-5.1,-7.1,0.0,3.81,0.0
2023-12-04 19:00:00,-5.1,-7.1,0.0,3.89,0.0
2023-12-04 19:15:00,-5.1,-7.1,0.0,4.0,0.0
2023-12-04 19:30:00,-5.2,-7.1,0.0,4.06,0.0
2023-12-04 19:45:00,-5.2,-7.1,0.0,4.14,0.0
2023-12-04 20:00:00,-5.3,-7.2,0.0,4.19,0.0
2023-12-04 20:15:00,-5.4,-7.2,0.0,4.25,0.0
2023-12-04 20:30:00,-5.5,-7.3,0.0,4.25,0.0
2023-12-04 20:45:00,-5.6,-7.4,0.0,4.19,0.0
2023-12-04 21:00:00,-5.6,-7.5,0.0,4.19,0.0
2023-12-04 21:15:00,-5.6,-7.5,0.0,4.14,0.0
2023-12-04 21:30:00,-5.6,-7.5,0.0,4.11,0.0
2023-12-04 21:45:00,-5.6,-7.4,0.0,4.06,0.0
2023-12-04 22:00:00,-5.5,-7.3,0.0,4.0,0.0
2023-12-04 22:15:00,-5.3,-7.2,0.0,4.0,0.0
2023-12-04 22:30:00,-5.2,-7.0,0.0,4.0,0.0
2023-12-04 22:45:00,-5.0,-6.9,0.0,4.0,0.0
2023-12-04 23:00:00,-4.8,-6.8,0.0,4.0,0.0
2023-12-04 23:15:00,-4.7,-6.7,0.0,4.0,0.0
2023-12-04 23:30:00,-4.7,-6.7,0.0,4.0,0.0
2023-12-04 23:45:00,-4.6,-6.7,0.0,3.97,0.0
2023-12-05 00:00:00,-4.6,-6.7,0.0,3.94,0.0
2023-12-05 00:15:00,-4.6,-6.7,0.0,3.86,0.0
2023-12-05 00:30:00,-4.6,-6.8,0.0,3.69,0.0
2023-12-05 00:45:00,-4.6,-6.8,0.0,3.61,0.0
2023-12-05 01:00:00,-4.6,-6.8,0.0,3.5,0.0
2023-12-05 01:15:00,-4.5,-6.8,0.0,3.47,0.0
2023-12-05 01:30:00,-4.4,-6.7,0.0,3.39,0.0
2023-12-05 01:45:00,-4.3,-6.6,0.0,3.42,0.0
2023-12-05 02:00:00,-4.1,-6.6,0.0,3.44,0.0
2023-12-05 02:15:00,-4.0,-6.5,0.0,3.56,0.0
2023-12-05 02:30:00,-3.9,-6.5,0.0,3.72,0.0
2023-12-05 02:45:00,-3.9,-6.5,0.0,3.89,0.0
2023-12-05 03:00:00,-3.8,-6.5,0.0,4.03,0.0
2023-12-05 03:15:00,-3.7,-6.4,0.0,4.08,0.0
2023-12-05 03:30:00,-3.6,-6.3,0.0,4.17,0.0
2023-12-05 03:45:00,-3.6,-6.2,0.0,4.17,0.0
2023-12-05 04:00:00,-3.5,-6.1,0.0,4.17,0.0
2023-12-05 04:15:00,-3.5,-6.1,0.0,4.08,0.0
2023-12-05 04:30:00,-3.4,-6.0,0.0,4.03,0.0
2023-12-05 04:45:00,-3.3,-6.0,0.0,3.97,0.0
2023-12-05 05:00:00,-3.3,-6.0,0.0,3.81,0.0
2023-12-05 05:15:00,-3.3,-6.1,0.0,3.61,0.0
2023-12-05 05:30:00,-3.4,-6.2,0.0,3.42,0.0
2023-12-05 05:45:00,-3.5,-6.3,0.0,3.22,0.0
2023-12-05 06:00:00,-3.6,-6.5,0.0,3.11,0.0
2023-12-05 06:15:00,-3.7,-6.6,0.0,3.06,0.0
2023-12-05 06:30:00,-3.9,-6.8,0.0,3.03,0.0
2023-12-05 06:45:00,-4.0,-6.9,0.0,2.97,0.0
2023-12-05 07:00:00,-4.1,-7.1,0.0,2.97,0.0
2023-12-05 07:15:00,-4.2,-7.2,0.0,2.97,0.0
2023-12-05 07:30:00,-4.3,-7.3,0.0,3.0,0.0
2023-12-05 07:45:00,-4.3,-7.4,0.0,2.97,0.0
2023-12-05 08:00:00,-4.3,-7.5,0.0,2.94,0.0
2023-12-05 08:15:00,-4.4,-7.5,0.0,2.81,0.0
2023-12-05 08:30:00,-4.4,-7.6,0.0,2.64,0.0
2023-12-05 08:45:00,-4.4,-7.6,0.0,2.42,0.0
2023-12-05 09:00:00,-4.4,-7.5,0.0,2.33,0.0
2023-12-05 09:15:00,-4.2,-7.4,0.0,2.33,219.66
2023-12-05 09:30:00,-4.0,-7.3,0.0,2.39,363.08
2023-12-05 09:45:00,-3.7,-7.1,0.0,2.5,320.8
2023-12-05 10:00:00,-3.4,-6.9,0.0,2.58,90.73
2023-12-05 10:15:00,-3.1,-6.6,0.0,2.61,0.0
2023-12-05 10:30:00,-2.7,-6.4,0.0,2.69,0.0
2023-12-05 10:45:00,-2.3,-6.1,0.0,2.78,0.0
2023-12-05 11:00:00,-1.9,-5.9,0.0,2.92,0.0
2023-12-05 11:15:00,-1.5,-5.7,0.0,3.17,0.0
2023-12-05 11:30:00,-1.2,-5.6,0.0,3.47,133.79
2023-12-05 11:45:00,-0.9,-5.6,0.0,3.81,476.45
2023-12-05 12:00:00,-0.7,-5.5,0.0,4.03,900.0
2023-12-05 12:15:00,-0.5,-5.4,0.0,4.03,900.0
2023-12-05 12:30:00,-0.5,-5.3,0.0,3.89,900.0
2023-12-05 12:45:00,-0.5,-5.3,0.0,3.69,900.0
2023-12-05 13:00:00,-0.4,-5.2,0.0,3.53,900.0
2023-12-05 13:15:00,-0.4,-5.2,0.0,3.47,900.0
2023-12-05 13:30:00,-0.4,-5.3,0.0,3.56,900.0
2023-12-05 13:45:00,-0.3,-5.3,0.0,3.56,900.0
2023-12-05 14:00:00,-0.3,-5.2,0.0,3.53,900.0
2023-12-05 14:15:00,-0.3,-4.9,0.0,3.42,900.0
2023-12-05 14:30:00,-0.3,-4.4,0.0,3.31,900.0
2023-12-05 14:45:00,-0.3,-4.0,0.0,3.19,900.0
2023-12-05 15:00:00,-0.4,-3.7,0.0,3.11,900.0
2023-12-05 15:15:00,-0.6,-3.7,0.0,3.06,900.0
2023-12-05 15:30:00,-0.9,-3.9,0.0,3.11,900.0
2023-12-05 15:45:00,-1.2,-4.1,0.0,3.11,900.0
2023-12-05 16:00:00,-1.5,-4.3,0.0,3.14,900.0
2023-12-05 16:15:00,-1.8,-4.4,0.0,3.14,900.0
2023-12-05 16:30:00,-2.0,-4.6,0.0,3.08,148.26
2023-12-05 16:45:00,-2.2,-4.7,0.0,3.08,0.0
2023-12-05 17:00:00,-2.4,-4.8,0.0,3.03,0.0
2023-12-05 17:15:00,-2.6,-4.9,0.0,2.94,0.0
2023-12-05 17:30:00,-2.9,-5.0,0.0,2.83,0.0
2023-12-05 17:45:00,-3.1,-5.1,0.0,2.75,0.0
2023-12-05 18:00:00,-3.3,-5.3,0.0,2.67,0.0
2023-12-05 18:15:00,-3.5,-5.4,0.0,2.58,0.0
2023-12-05 18:30:00,-3.7,-5.6,0.0,2.56,0.0
2023-12-05 18:45:00,-4.0,-5.7,0.0,2.53,0.0
2023-12-05 19:00:00,-4.1,-5.8,0.0,2.53,0.0
2023-12-05 19:15:00,-4.1,-5.8,0.0,2.58,0.0
2023-12-05 19:30:00,-4.0,-5.7,0.0,2.69,0.0
2023-12-05 19:45:00,-3.9,-5.6,0.0,2.78,0.0
2023-12-05 20:00:00,-3.8,-5.5,0.0,2.81,0.0
2023-12-05 20:15:00,-3.6,-5.3,0.0,2.86,0.0
2023-12-05 20:30:00,-3.4,-5.1,0.0,2.89,0.0
2023-12-05 20:45:00,-3.3,-4.9,0.0,2.86,0.0
2023-12-05 21:00:00,-3.1,-4.7,0.0,2.86,0.0
2023-12-05 21:15:00,-3.0,-4.6,0.0,2.83,0.0
2023-12-05 21:30:00,-3.0,-4.5,0.0,2.75,0.0
2023-12-05 21:45:00,-2.9,-4.4,0.0,2.69,0.0
2023-12-05 22:00:00,-2.9,-4.4,0.0,2.56,0.0
2023-12-05 22:15:00,-2.8,-4.3,0.0,2.44,0.0
2023-12-05 22:30:00,-2.8,-4.2,0.0,2.25,0.0
2023-12-05 22:45:00,-2.7,-4.2,0.0,2.11,0.0
2023-12-05 23:00:00,-2.6,-4.1,0.0,1.97,0.0
2023-12-05 23:15:00,-2.5,-4.0,0.0,1.94,0.0
2023-12-05 23:30:00,-2.5,-3.9,0.0,1.92,0.0
2023-12-05 23:45:00,-2.4,-3.7,0.0,1.94,0.0
2023-12-06 00:00:00,-2.3,-3.6,0.0,1.94,0.0
2023-12-06 00:15:00,-2.2,-3.5,0.0,1.94,0.0
2023-12-06 00:30:00,-2.1,-3.4,0.0,1.94,0.0
2023-12-06 00:45:00,-2.1,-3.4,0.0,1.92,0.0
2023-12-06 01:00:00,-2.0,-3.3,0.0,1.89,0.0
2023-12-06 01:15:00,-2.1,-3.3,0.0,1.83,0.0
2023-12-06 01:30:00,-2.2,-3.4,0.0,1.78,0.0
2023-12-06 01:45:00,-2.3,-3.5,0.0,1.78,0.0
2023-12-06 02:00:00,-2.3,-3.5,0.0,1.78,0.0
2023-12-06 02:15:00,-2.2,-3.4,0.0,1.86,0.0
2023-12-06 02:30:00,-2.0,-3.2,0.0,1.97,0.0
2023-12-06 02:45:00,-1.9,-3.0,0.0,2.08,0.0
2023-12-06 03:00:00,-1.8,-2.9,0.0,2.17,0.0
2023-12-06 03:15:00,-1.8,-2.9,0.0,2.17,0.0
2023-12-06 03:30:00,-1.9,-3.0,0.0,2.19,0.0
2023-12-06 03:45:00,-2.1,-3.1,0.0,2.17,0.0
2023-12-06 04:00:00,-2.3,-3.4,0.0,2.14,0.0
2023-12-06 04:15:00,-2.6,-3.7,0.0,2.11,0.0
2023-12-06 04:30:00,-3.0,-4.1,0.0,2.06,0.0
2023-12-06 04:45:00,-3.5,-4.6,0.0,2.03,0.0
2023-12-06 05:00:00,-4.0,-5.1,0.0,1.97,0.0
2023-12-06 05:15:00,-4.6,-5.7,0.0,1.92,0.0
2023-12-06 05:30:00,-5.2,-6.4,0.0,1.89,0.0
2023-12-06 05:45:00,-5.9,-7.0,0.0,1.81,0.0
2023-12-06 06:00:00,-6.5,-7.6,0.0,1.78,0.0
2023-12-06 06:15:00,-7.1,-8.2,0.0,1.78,0.0
2023-12-06 06:30:00,-7.7,-8.8,0.0,1.69,0.0
2023-12-06 06:45:00,-8.3,-9.4,0.0,1.69,0.0
2023-12-06 07:00:00,-8.7,-9.8,0.0,1.72,0.0
2023-12-06 07:15:00,-8.9,-10.0,0.0,1.78,0.0
2023-12-06 07:30:00,-9.0,-10.1,0.0,1.83,0.0
2023-12-06 07:45:00,-9.0,-10.2,0.0,1.97,0.0
2023-12-06 08:00:00,-9.0,-10.2,0.0,2.11,0.0
2023-12-06 08:15:00,-9.1,-10.2,0.0,2.31,0.0
2023-12-06 08:30:00,-9.1,-10.1,0.0,2.56,0.0
2023-12-06 08:45:00,-9.2,-10.0,0.0,2.75,0.0
2023-12-06 09:00:00,-9.1,-9.9,0.0,2.92,0.0
2023-12-06 09:15:00,-9.0,-9.8,0.0,2.94,0.0
2023-12-06 09:30:00,-8.9,-9.7,0.0,2.92,0.0
2023-12-06 09:45:00,-8.7,-9.5,0.0,2.86,0.0
2023-12-06 10:00:00,-8.5,-9.3,0.0,2.81,0.0
2023-12-06 10:15:00,-8.3,-9.1,0.0,2.75,0.0
2023-12-06 10:30:00,-8.1,-8.8,0.0,2.75,0.0
2023-12-06 10:45:00,-7.8,-8.5,0.0,2.75,0.0
2023-12-06 11:00:00,-7.6,-8.3,0.0,2.72,0.0
2023-12-06 11:15:00,-7.3,-8.0,0.0,2.67,0.0
2023-12-06 11:30:00,-7.1,-7.8,0.0,2.67,85.01
2023-12-06 11:45:00,-6.9,-7.5,0.0,2.61,94.55
2023-12-06 12:00:00,-6.6,-7.3,0.0,2.61,0.0
2023-12-06 12:15:00,-6.4,-7.2,0.0,2.61,0.0
2023-12-06 12:30:00,-6.2,-7.0,0.0,2.64,0.0
2023-12-06 12:45:00,-6.0,-6.9,0.0,2.69,0.0
2023-12-06 13:00:00,-5.8,-6.8,0.0,2.81,0.0
2023-12-06 13:15:00,-5.6,-6.7,0.0,2.89,0.0
2023-12-06 13:30:00,-5.4,-6.6,0.0,3.11,0.0
2023-12-06 13:45:00,-5.2,-6.5,0.0,3.25,0.0
2023-12-06 14:00:00,-5.1,-6.3,0.0,3.39,0.0
2023-12-06 14:15:00,-5.0,-6.1,0.0,3.56,0.0
2023-12-06 14:30:00,-4.9,-5.9,0.0,3.69,0.0
2023-12-06 14:45:00,-4.9,-5.7,0.0,3.86,0.0
2023-12-06 15:00:00,-4.8,-5.6,0.0,4.0,0.0
2023-12-06 15:15:00,-4.8,-5.5,0.0,4.11,0.0
2023-12-06 15:30:00,-4.8,-5.5,0.0,4.14,0.0
2023-12-06 15:45:00,-4.8,-5.5,0.0,4.19,0.0
2023-12-06 16:00:00,-4.8,-5.4,0.0,4.31,0.0
2023-12-06 16:15:00,-4.7,-5.4,0.0,4.44,0.0
2023-12-06 16:30:00,-4.7,-5.3,0.0,4.61,0.0
2023-12-06 16:45:00,-4.6,-5.2,0.0,4.75,0.0
2023-12-06 17:00:00,-4.6,-5.1,0.0,4.81,0.0
2023-12-06 17:15:00,-4.5,-5.1,0.0,4.81,0.0
2023-12-06 17:30:00,-4.4,-5.0,0.0,4.75,0.0
2023-12-06 17:45:00,-4.3,-4.9,0.0,4.69,0.0
2023-12-06 18:00:00,-4.2,-4.8,0.0,4.64,0.0
2023-12-06 18:15:00,-3.9,-4.5,0.0,4.5,0.0
2023-12-06 18:30:00,-3.5,-4.1,0.0,4.39,0.0
2023-12-06 18:45:00,-3.1,-3.7,0.0,4.25,0.0
2023-12-06 19:00:00,-2.8,-3.4,0.0,4.19,0.0
2023-12-06 19:15:00,-2.6,-3.2,0.0,4.14,0.0
2023-12-06 19:30:00,-2.4,-3.0,0.0,4.11,0.0
2023-12-06 19:45:00,-2.2,-2.8,0.0,4.06,0.0
2023-12-06 20:00:00,-2.1,-2.7,0.0,4.0,0.0
2023-12-06 20:15:00,-1.9,-2.5,0.0,3.92,0.0
2023-12-06 20:30:00,-1.7,-2.3,0.0,3.83,0.0
2023-12-06 20:45:00,-1.6,-2.2,0.0,3.72,0.0
2023-12-06 21:00:00,-1.4,-2.0,0.0,3.61,0.0
2023-12-06 21:15:00,-1.2,-1.8,0.0,3.53,0.0
2023-12-06 21:30:00,-1.1,-1.7,0.0,3.47,0.0
2023-12-06 21:45:00,-0.9,-1.5,0.0,3.36,0.0
2023-12-06 22:00:00,-0.7,-1.3,0.0,3.31,0.0
2023-12-06 22:15:00,-0.6,-1.2,0.0,3.25,0.0
2023-12-06 22:30:00,-0.5,-1.0,0.0,3.25,0.0
2023-12-06 22:45:00,-0.4,-0.9,0.0,3.19,0.0
2023-12-06 23:00:00,-0.3,-0.8,0.0,3.19,0.0
2023-12-06 23:15:00,-0.2,-0.7,0.1,3.19,0.0
2023-12-06 23:30:00,-0.1,-0.7,0.1,3.17,0.0
2023-12-06 23:45:00,-0.1,-0.6,0.1,3.17,0.0
2023-12-07 00:00:00,0.0,-0.5,0.1,3.11,0.0
2023-12-07 00:15:00,0.1,-0.5,0.1,3.06,0.0
2023-12-07 00:30:00,0.1,-0.5,0.1,3.0,0.0
2023-12-07 00:45:00,0.1,-0.4,0.1,2.92,0.0
2023-12-07 01:00:00,0.1,-0.4,0.1,2.92,0.0
2023-12-07 01:15:00,0.1,-0.4,0.1,2.94,0.0
2023-12-07 01:30:00,0.1,-0.4,0.1,3.0,0.0
2023-12-07 01:45:00,0.1,-0.4,0.1,3.06,0.0
2023-12-07 02:00:00,0.0,-0.5,0.1,3.11,0.0
2023-12-07 02:15:00,-0.1,-0.6,0.0,3.11,0.0
2023-12-07 02:30:00,-0.2,-0.7,0.0,3.11,0.0
2023-12-07 02:45:00,-0.3,-0.8,0.0,3.11,0.0
2023-12-07 03:00:00,-0.4,-0.9,0.0,3.11,0.0
2023-12-07 03:15:00,-0.4,-0.9,0.0,3.06,0.0
2023-12-07 03:30:00,-0.4,-0.9,0.0,3.0,0.0
2023-12-07 03:45:00,-0.4,-0.9,0.0,2.97,0.0
2023-12-07 04:00:00,-0.4,-0.9,0.0,2.92,0.0
2023-12-07 04:15:00,-0.4,-0.9,0.0,2.86,0.0
2023-12-07 04:30:00,-0.4,-0.9,0.0,2.86,0.0
2023-12-07 04:45:00,-0.4,-0.9,0.0,2.81,0.0
2023-12-07 05:00:00,-0.4,-0.9,0.0,2.81,0.0
2023-12-07 05:15:00,-0.4,-0.9,0.1,2.75,0.0
2023-12-07 05:30:00,-0.4,-0.9,0.1,2.75,0.0
2023-12-07 05:45:00,-0.4,-0.9,0.1,2.69,0.0
2023-12-07 06:00:00,-0.4,-0.9,0.1,2.69,0.0
2023-12-07 06:15:00,-0.4,-0.9,0.0,2.69,0.0
2023-12-07 06:30:00,-0.4,-1.0,0.0,2.69,0.0
2023-12-07 06:45:00,-0.5,-1.0,0.0,2.69,0.0
2023-12-07 07:00:00,-0.5,-1.0,0.0,2.69,0.0
2023-12-07 07:15:00,-0.5,-1.0,0.1,2.69,0.0
2023-12-07 07:30:00,-0.5,-1.0,0.1,2.64,0.0
2023-12-07 07:45:00,-0.6,-1.1,0.1,2.61,0.0
2023-12-07 08:00:00,-0.6,-1.1,0.1,2.61,0.0
2023-12-07 08:15:00,-0.6,-1.1,0.1,2.64,0.0
2023-12-07 08:30:00,-0.6,-1.2,0.1,2.69,0.0
2023-12-07 08:45:00,-0.6,-1.2,0.1,2.75,0.0
2023-12-07 09:00:00,-0.6,-1.2,0.1,2.81,0.0
2023-12-07 09:15:00,-0.6,-1.2,0.1,2.86,0.0
2023-12-07 09:30:00,-0.5,-1.3,0.1,2.89,0.0
2023-12-07 09:45:00,-0.5,-1.3,0.1,2.94,0.0
2023-12-07 10:00:00,-0.5,-1.3,0.1,3.0,0.0
2023-12-07 10:15:00,-0.5,-1.3,0.1,3.06,0.0
2023-12-07 10:30:00,-0.5,-1.3,0.1,3.11,0.0
2023-12-07 10:45:00,-0.5,-1.3,0.1,3.11,0.0
2023-12-07 11:00:00,-0.5,-1.3,0.1,3.11,0.0
2023-12-07 11:15:00,-0.5,-1.4,0.1,3.06,0.0
2023-12-07 11:30:00,-0.4,-1.4,0.1,3.0,0.0
2023-12-07 11:45:00,-0.4,-1.4,0.1,2.94,0.0
2023-12-07 12:00:00,-0.4,-1.5,0.1,2.92,0.0
2023-12-07 12:15:00,-0.4,-1.5,0.1,2.92,0.0
2023-12-07 12:30:00,-0.5,-1.6,0.1,2.97,0.0
2023-12-07 12:45:00,-0.5,-1.6,0.1,3.03,0.0
2023-12-07 13:00:00,-0.5,-1.7,0.1,3.03,0.0
2023-12-07 13:15:00,-0.6,-1.7,0.1,3.03,0.0
2023-12-07 13:30:00,-0.6,-1.8,0.1,2.97,0.0
2023-12-07 13:45:00,-0.6,-1.8,0.1,2.94,0.0
2023-12-07 14:00:00,-0.7,-1.8,0.1,2.83,0.0
2023-12-07 14:15:00,-0.8,-1.9,0.1,2.69,0.0
2023-12-07 14:30:00,-0.9,-1.9,0.1,2.5,0.0
2023-12-07 14:45:00,-1.0,-1.9,0.1,2.31,0.0
2023-12-07 15:00:00,-1.1,-1.9,0.1,2.19,0.0
2023-12-07 15:15:00,-1.1,-1.9,0.1,2.11,0.0
2023-12-07 15:30:00,-1.2,-1.9,0.1,2.06,0.0
2023-12-07 15:45:00,-1.2,-1.9,0.1,2.03,0.0
2023-12-07 16:00:00,-1.3,-1.9,0.1,2.0,0.0
2023-12-07 16:15:00,-1.3,-2.0,0.1,1.94,0.0
2023-12-07 16:30:00,-1.4,-2.0,0.1,1.92,0.0
2023-12-07 16:45:00,-1.4,-2.0,0.1,1.86,0.0
2023-12-07 17:00:00,-1.5,-2.1,0.1,1.86,0.0
2023-12-07 17:15:00,-1.5,-2.1,0.1,1.89,0.0
2023-12-07 17:30:00,-1.6,-2.1,0.1,1.94,0.0
2023-12-07 17:45:00,-1.6,-2.2,0.1,2.03,0.0
2023-12-07 18:00:00,-1.6,-2.2,0.1,2.06,0.0
2023-12-07 18:15:00,-1.7,-2.2,0.1,2.08,0.0
2023-12-07 18:30:00,-1.7,-2.2,0.1,2.06,0.0
2023-12-07 18:45:00,-1.7,-2.3,0.1,2.11,0.0
2023-12-07 19:00:00,-1.7,-2.3,0.1,2.11,0.0
2023-12-07 19:15:00,-1.8,-2.3,0.0,2.14,0.0
2023-12-07 19:30:00,-1.8,-2.3,0.0,2.08,0.0
2023-12-07 19:45:00,-1.8,-2.4,0.0,2.08,0.0
2023-12-07 20:00:00,-1.8,-2.4,0.0,2.03,0.0
2023-12-07 20:15:00,-1.9,-2.4,0.0,1.97,0.0
2023-12-07 20:30:00,-1.9,-2.4,0.0,1.83,0.0
2023-12-07 20:45:00,-1.9,-2.4,0.0,1.78,0.0
2023-12-07 21:00:00,-1.9,-2.4,0.0,1.69,0.0
2023-12-07 21:15:00,-1.9,-2.4,0.0,1.64,0.0
2023-12-07 21:30:00,-2.0,-2.4,0.0,1.58,0.0
2023-12-07 21:45:00,-2.0,-2.5,0.0,1.58,0.0
2023-12-07 22:00:00,-2.0,-2.5,0.0,1.56,0.0
2023-12-07 22:15:00,-2.0,-2.5,0.0,1.56,0.0
2023-12-07 22:30:00,-2.0,-2.5,0.0,1.58,0.0
2023-12-07 22:45:00,-2.0,-2.6,0.0,1.58,0.0
2023-12-07 23:00:00,-2.1,-2.6,0.0,1.58,0.0
2023-12-07 23:15:00,-2.1,-2.6,0.0,1.58,0.0
2023-12-07 23:30:00,-2.1,-2.6,0.0,1.58,0.0
2023-12-07 23:45:00,-2.1,-2.6,0.0,1.58,0.0
2023-12-08 00:00:00,-2.2,-2.6,0.0,1.58,0.0
2023-12-08 00:15:00,-2.2,-2.7,0.0,1.53,0.0
2023-12-08 00:30:00,-2.3,-2.7,0.0,1.5,0.0
2023-12-08 00:45:00,-2.3,-2.7,0.0,1.44,0.0
2023-12-08 01:00:00,-2.3,-2.8,0.0,1.42,0.0
2023-12-08 01:15:00,-2.3,-2.8,0.0,1.44,0.0
2023-12-08 01:30:00,-2.4,-2.9,0.0,1.56,0.0
2023-12-08 01:45:00,-2.4,-2.9,0.0,1.61,0.0
2023-12-08 02:00:00,-2.4,-2.9,0.0,1.67,0.0
2023-12-08 02:15:00,-2.4,-2.9,0.0,1.72,0.0
2023-12-08 02:30:00,-2.3,-2.9,0.0,1.94,0.0
2023-12-08 02:45:00,-2.3,-2.9,0.0,2.14,0.0
2023-12-08 03:00:00,-2.3,-3.0,0.0,2.31,0.0
2023-12-08 03:15:00,-2.4,-3.0,0.0,2.36,0.0
2023-12-08 03:30:00,-2.5,-3.1,0.0,2.33,0.0
2023-12-08 03:45:00,-2.6,-3.2,0.0,2.28,0.0
2023-12-08 04:00:00,-2.7,-3.3,0.0,2.22,0.0
2023-12-08 04:15:00,-2.8,-3.4,0.0,2.17,0.0
2023-12-08 04:30:00,-2.8,-3.5,0.0,2.11,0.0
2023-12-08 04:45:00,-2.9,-3.6,0.0,2.06,0.0
2023-12-08 05:00:00,-3.0,-3.7,0.0,2.0,0.0
2023-12-08 05:15:00,-3.0,-3.7,0.0,2.06,0.0
2023-12-08 05:30:00,-3.0,-3.7,0.0,2.11,0.0
2023-12-08 05:45:00,-3.0,-3.7,0.0,2.17,0.0
2023-12-08 06:00:00,-3.0,-3.7,0.0,2.11,0.0
2023-12-08 06:15:00,-3.0,-3.8,0.0,1.86,0.0
2023-12-08 06:30:00,-3.1,-3.8,0.0,1.53,0.0
2023-12-08 06:45:00,-3.1,-3.9,0.0,1.22,0.0
2023-12-08 07:00:00,-3.2,-3.9,0.0,1.19,0.0
2023-12-08 07:15:00,-3.2,-4.0,0.0,1.28,0.0
2023-12-08 07:30:00,-3.3,-4.0,0.0,1.33,0.0
2023-12-08 07:45:00,-3.4,-4.1,0.0,1.5,0.0
2023-12-08 08:00:00,-3.4,-4.2,0.0,1.58,0.0
2023-12-08 08:15:00,-3.5,-4.2,0.0,1.69,0.0
2023-12-08 08:30:00,-3.5,-4.3,0.0,1.86,0.0
2023-12-08 08:45:00,-3.6,-4.4,0.0,2.03,0.0
2023-12-08 09:00:00,-3.6,-4.5,0.0,2.22,0.0
2023-12-08 09:15:00,-3.7,-4.6,0.0,2.36,0.0
2023-12-08 09:30:00,-3.7,-4.6,0.0,2.44,0.0
2023-12-08 09:45:00,-3.8,-4.7,0.0,2.56,0.0
2023-12-08 10:00:00,-3.8,-4.8,0.0,2.61,0.0
2023-12-08 10:15:00,-3.7,-4.8,0.0,2.67,0.0
2023-12-08 10:30:00,-3.7,-4.8,0.0,2.69,0.0
2023-12-08 10:45:00,-3.6,-4.8,0.0,2.67,0.0
2023-12-08 11:00:00,-3.5,-4.7,0.0,2.67,0.0
2023-12-08 11:15:00,-3.4,-4.7,0.0,2.67,0.0
2023-12-08 11:30:00,-3.3,-4.6,0.0,2.64,0.0
2023-12-08 11:45:00,-3.2,-4.5,0.0,2.64,0.0
2023-12-08 12:00:00,-3.1,-4.4,0.0,2.58,0.0
2023-12-08 12:15:00,-3.0,-4.3,0.0,2.5,0.0
2023-12-08 12:30:00,-2.9,-4.2,0.0,2.44,0.0
2023-12-08 12:45:00,-2.8,-4.1,0.0,2.42,0.0
2023-12-08 13:00:00,-2.7,-4.0,0.0,2.42,0.0
2023-12-08 13:15:00,-2.6,-4.0,0.0,2.47,0.0
2023-12-08 13:30:00,-2.6,-3.9,0.0,2.61,0.0
2023-12-08 13:45:00,-2.6,-3.9,0.0,2.72,0.0
2023-12-08 14:00:00,-2.6,-3.8,0.0,2.83,0.0
2023-12-08 14:15:00,-2.6,-3.8,0.0,2.89,0.0
2023-12-08 14:30:00,-2.6,-3.7,0.0,2.97,0.0
2023-12-08 14:45:00,-2.7,-3.7,0.0,3.0,0.0
2023-12-08 15:00:00,-2.7,-3.7,0.0,3.03,0.0
2023-12-08 15:15:00,-2.8,-3.7,0.0,2.94,0.0
2023-12-08 15:30:00,-2.8,-3.7,0.0,2.81,0.0
2023-12-08 15:45:00,-2.8,-3.7,0.0,2.69,0.0
2023-12-08 16:00:00,-2.8,-3.7,0.0,2.61,0.0
2023-12-08 16:15:00,-2.9,-3.7,0.0,2.69,0.0
2023-12-08 16:30:00,-2.9,-3.7,0.0,2.89,0.0
2023-12-08 16:45:00,-3.0,-3.7,0.0,3.08,0.0
2023-12-08 17:00:00,-3.1,-3.8,0.0,3.17,0.0
2023-12-08 17:15:00,-3.1,-3.8,0.0,3.17,0.0
2023-12-08 17:30:00,-3.1,-3.9,0.0,3.06,0.0
2023-12-08 17:45:00,-3.2,-3.9,0.0,2.92,0.0
2023-12-08 18:00:00,-3.2,-4.0,0.0,2.89,0.0
2023-12-08 18:15:00,-3.3,-4.1,0.0,2.92,0.0
2023-12-08 18:30:00,-3.5,-4.2,0.0,2.94,0.0
2023-12-08 18:45:00,-3.7,-4.3,0.0,3.03,0.0
2023-12-08 19:00:00,-3.8,-4.5,0.0,3.0,0.0
2023-12-08 19:15:00,-4.0,-4.6,0.0,2.94,0.0
2023-12-08 19:30:00,-4.2,-4.8,0.0,2.86,0.0
2023-12-08 19:45:00,-4.3,-5.0,0.0,2.78,0.0
2023-12-08 20:00:00,-4.5,-5.2,0.0,2.75,0.0
2023-12-08 20:15:00,-4.7,-5.4,0.0,2.72,0.0
2023-12-08 20:30:00,-5.0,-5.6,0.0,2.69,0.0
2023-12-08 20:45:00,-5.2,-5.8,0.0,2.64,0.0
2023-12-08 21:00:00,-5.3,-5.9,0.0,2.64,0.0
2023-12-08 21:15:00,-5.3,-6.0,0.0,2.64,0.0
2023-12-08 21:30:00,-5.3,-6.0,0.0,2.58,0.0
2023-12-08 21:45:00,-5.2,-5.9,0.0,2.56,0.0
2023-12-08 22:00:00,-5.1,-5.8,0.0,2.56,0.0
2023-12-08 22:15:00,-4.9,-5.7,0.0,2.58,0.0
2023-12-08 22:30:00,-4.7,-5.5,0.0,2.61,0.0
2023-12-08 22:45:00,-4.5,-5.2,0.0,2.67,0.0
2023-12-08 23:00:00,-4.2,-5.0,0.0,2.72,0.0
2023-12-08 23:15:00,-3.9,-4.7,0.0,2.69,0.0
2023-12-08 23:30:00,-3.6,-4.4,0.0,2.72,0.0
2023-12-08 23:45:00,-3.2,-4.0,0.0,2.69,0.0
2023-12-09 00:00:00,-2.9,-3.7,0.0,2.72,0.0
2023-12-09 00:15:00,-2.6,-3.4,0.0,2.83,0.0
2023-12-09 00:30:00,-2.3,-3.2,0.0,3.0,0.0
2023-12-09 00:45:00,-2.0,-2.9,0.0,3.14,0.0
2023-12-09 01:00:00,-1.8,-2.7,0.0,3.33,0.0
2023-12-09 01:15:00,-1.6,-2.5,0.0,3.53,0.0
2023-12-09 01:30:00,-1.5,-2.4,0.0,3.72,0.0
2023-12-09 01:45:00,-1.3,-2.3,0.0,3.89,0.0
2023-12-09 02:00:00,-1.2,-2.2,0.0,4.0,0.0
2023-12-09 02:15:00,-1.1,-2.2,0.0,4.06,0.0
2023-12-09 02:30:00,-1.0,-2.1,0.0,4.17,0.0
2023-12-09 02:45:00,-0.9,-2.1,0.0,4.19,0.0
2023-12-09 03:00:00,-0.8,-2.1,0.0,4.22,0.0
2023-12-09 03:15:00,-0.8,-2.1,0.0,4.14,0.0
2023-12-09 03:30:00,-0.8,-2.1,0.0,4.03,0.0
2023-12-09 03:45:00,-0.8,-2.2,0.0,3.92,0.0
2023-12-09 04:00:00,-0.9,-2.2,0.0,3.83,0.0
2023-12-09 04:15:00,-0.9,-2.3,0.0,3.81,0.0
2023-12-09 04:30:00,-1.0,-2.3,0.0,3.81,0.0
2023-12-09 04:45:00,-1.0,-2.4,0.0,3.81,0.0
2023-12-09 05:00:00,-1.1,-2.4,0.0,3.78,0.0
2023-12-09 05:15:00,-1.1,-2.5,0.0,3.67,0.0
2023-12-09 05:30:00,-1.1,-2.5,0.0,3.58,0.0
2023-12-09 05:45:00,-1.1,-2.5,0.0,3.47,0.0
2023-12-09 06:00:00,-1.2,-2.5,0.0,3.36,0.0
2023-12-09 06:15:00,-1.2,-2.5,0.0,3.22,0.0
2023-12-09 06:30:00,-1.2,-2.5,0.0,3.08,0.0
2023-12-09 06:45:00,-1.3,-2.5,0.0,2.97,0.0
2023-12-09 07:00:00,-1.4,-2.6,0.0,2.83,0.0
2023-12-09 07:15:00,-1.5,-2.7,0.0,2.75,0.0
2023-12-09 07:30:00,-1.7,-2.8,0.0,2.64,0.0
2023-12-09 07:45:00,-1.8,-3.0,0.0,2.61,0.0
2023-12-09 08:00:00,-1.9,-3.0,0.0,2.56,0.0
2023-12-09 08:15:00,-1.9,-3.0,0.0,2.58,0.0
2023-12-09 08:30:00,-1.8,-2.8,0.0,2.67,0.0
2023-12-09 08:45:00,-1.6,-2.7,0.0,2.75,0.0
2023-12-09 09:00:00,-1.5,-2.5,0.0,2.81,0.0
2023-12-09 09:15:00,-1.3,-2.4,0.0,2.81,46.16
2023-12-09 09:30:00,-1.1,-2.3,0.0,2.69,179.48
2023-12-09 09:45:00,-0.9,-2.2,0.0,2.64,218.65
2023-12-09 10:00:00,-0.8,-2.1,0.0,2.69,77.57
2023-12-09 10:15:00,-0.6,-2.0,0.0,2.92,0.0
2023-12-09 10:30:00,-0.5,-2.0,0.0,3.25,0.0
2023-12-09 10:45:00,-0.4,-2.0,0.0,3.56,0.0
2023-12-09 11:00:00,-0.3,-2.0,0.0,3.78,0.0
2023-12-09 11:15:00,-0.2,-2.0,0.0,3.81,0.0
2023-12-09 11:30:00,-0.1,-2.0,0.0,3.72,0.0
2023-12-09 11:45:00,0.1,-2.0,0.0,3.58,0.0
2023-12-09 12:00:00,0.2,-2.0,0.0,3.56,0.0
2023-12-09 12:15:00,0.3,-2.0,0.0,3.58,0.0
2023-12-09 12:30:00,0.5,-1.9,0.0,3.69,0.0
2023-12-09 12:45:00,0.6,-1.9,0.0,3.75,0.0
2023-12-09 13:00:00,0.6,-1.9,0.0,3.83,0.0
2023-12-09 13:15:00,0.6,-1.9,0.0,3.83,0.0
2023-12-09 13:30:00,0.6,-2.0,0.0,3.89,0.0
2023-12-09 13:45:00,0.6,-2.0,0.0,3.89,0.0
2023-12-09 14:00:00,0.6,-1.9,0.0,3.83,0.0
2023-12-09 14:15:00,0.7,-1.7,0.0,3.75,0.0
2023-12-09 14:30:00,0.8,-1.4,0.0,3.61,0.0
2023-12-09 14:45:00,0.9,-1.2,0.0,3.56,0.0
2023-12-09 15:00:00,1.0,-1.0,0.0,3.42,0.0
2023-12-09 15:15:00,0.9,-1.0,0.0,3.31,0.0
2023-12-09 15:30:00,0.8,-1.0,0.0,3.22,0.0
2023-12-09 15:45:00,0.6,-1.1,0.0,3.14,0.0
2023-12-09 16:00:00,0.5,-1.2,0.0,3.14,0.0
2023-12-09 16:15:00,0.4,-1.3,0.0,3.22,0.0
2023-12-09 16:30:00,0.3,-1.3,0.0,3.36,0.0
2023-12-09 16:45:00,0.2,-1.4,0.0,3.56,0.0
2023-12-09 17:00:00,0.1,-1.4,0.0,3.72,0.0
2023-12-09 17:15:00,0.0,-1.5,0.0,3.83,0.0
2023-12-09 17:30:00,-0.1,-1.5,0.0,3.92,0.0
2023-12-09 17:45:00,-0.2,-1.6,0.0,4.03,0.0
2023-12-09 18:00:00,-0.3,-1.6,0.0,4.11,0.0
2023-12-09 18:15:00,-0.3,-1.7,0.0,4.22,0.0
2023-12-09 18:30:00,-0.4,-1.7,0.0,4.25,0.0
2023-12-09 18:45:00,-0.4,-1.7,0.0,4.28,0.0
2023-12-09 19:00:00,-0.5,-1.7,0.0,4.36,0.0
2023-12-09 19:15:00,-0.5,-1.7,0.0,4.5,0.0
2023-12-09 19:30:00,-0.5,-1.6,0.0,4.64,0.0
2023-12-09 19:45:00,-0.5,-1.6,0.0,4.78,0.0
2023-12-09 20:00:00,-0.4,-1.6,0.0,4.92,0.0
2023-12-09 20:15:00,-0.4,-1.5,0.0,5.06,0.0
2023-12-09 20:30:00,-0.3,-1.4,0.0,5.19,0.0
2023-12-09 20:45:00,-0.2,-1.3,0.0,5.36,0.0
2023-12-09 21:00:00,-0.1,-1.3,0.0,5.39,0.0
2023-12-09 21:15:00,-0.1,-1.3,0.0,5.33,0.0
2023-12-09 21:30:00,0.0,-1.3,0.0,5.28,0.0
2023-12-09 21:45:00,0.1,-1.3,0.0,5.11,0.0
2023-12-09 22:00:00,0.1,-1.3,0.0,5.06,0.0
2023-12-09 22:15:00,0.0,-1.4,0.0,4.97,0.0
2023-12-09 22:30:00,-0.1,-1.5,0.0,4.94,0.0
2023-12-09 22:45:00,-0.1,-1.6,0.0,4.92,0.0
2023-12-09 23:00:00,-0.2,-1.7,0.0,4.94,0.0
2023-12-09 23:15:00,-0.2,-1.7,0.0,5.06,0.0
2023-12-09 23:30:00,-0.2,-1.7,0.0,5.17,0.0
2023-12-09 23:45:00,-0.1,-1.7,0.0,5.33,0.0
2023-12-10 00:00:00,-0.1,-1.7,0.0,5.39,0.0
2023-12-10 00:15:00,-0.1,-1.7,0.0,5.42,0.0
2023-12-10 00:30:00,-0.1,-1.8,0.0,5.42,0.0
2023-12-10 00:45:00,-0.1,-1.9,0.0,5.36,0.0
2023-12-10 01:00:00,-0.2,-1.9,0.0,5.31,0.0
2023-12-10 01:15:00,-0.2,-1.9,0.0,5.25,0.0
2023-12-10 01:30:00,-0.3,-1.8,0.0,5.17,0.0
2023-12-10 01:45:00,-0.4,-1.7,0.0,5.11,0.0
2023-12-10 02:00:00,-0.4,-1.6,0.0,5.14,0.0
2023-12-10 02:15:00,-0.3,-1.5,0.0,5.31,0.0
2023-12-10 02:30:00,-0.2,-1.4,0.0,5.56,0.0
2023-12-10 02:45:00,-0.1,-1.3,0.0,5.86,0.0
2023-12-10 03:00:00,-0.1,-1.3,0.0,6.11,0.0
2023-12-10 03:15:00,0.0,-1.3,0.0,6.25,0.0
2023-12-10 03:30:00,0.0,-1.4,0.0,6.36,0.0
2023-12-10 03:45:00,0.1,-1.4,0.0,6.47,0.0
2023-12-10 04:00:00,0.1,-1.5,0.0,6.53,0.0
2023-12-10 04:15:00,0.1,-1.5,0.0,6.53,0.0
2023-12-10 04:30:00,0.1,-1.4,0.0,6.53,0.0
2023-12-10 04:45:00,0.1,-1.4,0.0,6.47,0.0
2023-12-10 05:00:00,0.1,-1.4,0.0,6.42,0.0
2023-12-10 05:15:00,0.1,-1.3,0.0,6.36,0.0
2023-12-10 05:30:00,0.1,-1.3,0.0,6.28,0.0
2023-12-10 05:45:00,0.1,-1.3,0.0,6.17,0.0
2023-12-10 06:00:00,0.1,-1.3,0.0,6.11,0.0
2023-12-10 06:15:00,0.1,-1.3,0.0,6.11,0.0
2023-12-10 06:30:00,0.1,-1.3,0.0,6.17,0.0
2023-12-10 06:45:00,0.0,-1.4,0.0,6.22,0.0
2023-12-10 07:00:00,0.0,-1.4,0.0,6.25,0.0
2023-12-10 07:15:00,0.0,-1.4,0.0,6.22,0.0
2023-12-10 07:30:00,0.1,-1.5,0.0,6.08,0.0
2023-12-10 07:45:00,0.1,-1.5,0.0,6.0,0.0
2023-12-10 08:00:00,0.2,-1.5,0.0,5.92,0.0
2023-12-10 08:15:00,0.2,-1.5,0.0,5.92,0.0
2023-12-10 08:30:00,0.2,-1.5,0.0,5.92,0.0
2023-12-10 08:45:00,0.2,-1.5,0.0,5.92,0.0
2023-12-10 09:00:00,0.2,-1.5,0.0,5.92,0.0
2023-12-10 09:15:00,0.2,-1.5,0.0,5.86,0.0
2023-12-10 09:30:00,0.3,-1.5,0.0,5.78,0.0
2023-12-10 09:45:00,0.4,-1.5,0.0,5.72,0.0
2023-12-10 10:00:00,0.5,-1.4,0.0,5.69,0.0
2023-12-10 10:15:00,0.6,-1.4,0.0,5.69,0.0
2023-12-10 10:30:00,0.7,-1.4,0.0,5.75,0.0
2023-12-10 10:45:00,0.8,-1.4,0.0,5.78,0.0
2023-12-10 11:00:00,0.8,-1.3,0.0,5.81,0.0
2023-12-10 11:15:00,0.9,-1.3,0.0,5.81,67.79
2023-12-10 11:30:00,1.0,-1.3,0.0,5.83,238.61
2023-12-10 11:45:00,1.0,-1.2,0.0,5.83,402.85
2023-12-10 12:00:00,1.1,-1.2,0.0,5.78,669.58
2023-12-10 12:15:00,1.1,-1.1,0.0,5.61,900.0
2023-12-10 12:30:00,1.2,-1.1,0.0,5.36,900.0
2023-12-10 12:45:00,1.2,-1.0,0.0,5.17,900.0
2023-12-10 13:00:00,1.2,-1.0,0.0,4.92,900.0
2023-12-10 13:15:00,1.3,-0.9,0.0,4.72,714.18
2023-12-10 13:30:00,1.3,-0.9,0.0,4.47,449.97
2023-12-10 13:45:00,1.3,-0.9,0.0,4.28,231.55
2023-12-10 14:00:00,1.3,-0.8,0.0,4.14,0.0
2023-12-10 14:15:00,1.3,-0.8,0.0,4.08,0.0
2023-12-10 14:30:00,1.2,-0.7,0.0,4.06,0.0
2023-12-10 14:45:00,1.1,-0.6,0.0,4.06,0.0
2023-12-10 15:00:00,1.1,-0.6,0.0,4.08,0.0
2023-12-10 15:15:00,1.0,-0.6,0.0,4.08,0.0
2023-12-10 15:30:00,1.0,-0.6,0.0,4.03,0.0
2023-12-10 15:45:00,1.0,-0.6,0.0,4.03,0.0
2023-12-10 16:00:00,1.0,-0.6,0.0,4.0,0.0
2023-12-10 16:15:00,0.9,-0.6,0.1,3.92,0.0
2023-12-10 16:30:00,0.9,-0.6,0.1,3.81,0.0
2023-12-10 16:45:00,0.9,-0.6,0.1,3.75,0.0
2023-12-10 17:00:00,0.8,-0.6,0.1,3.72,0.0
2023-12-10 17:15:00,0.8,-0.6,0.0,3.81,0.0
2023-12-10 17:30:00,0.8,-0.6,0.0,3.89,0.0
2023-12-10 17:45:00,0.8,-0.7,0.0,4.03,0.0
2023-12-10 18:00:00,0.8,-0.7,0.0,4.17,0.0
2023-12-10 18:15:00,0.8,-0.8,0.0,4.28,0.0
2023-12-10 18:30:00,0.7,-0.8,0.0,4.36,0.0
2023-12-10 18:45:00,0.7,-0.8,0.0,4.5,0.0
2023-12-10 19:00:00,0.7,-0.8,0.0,4.56,0.0
2023-12-10 19:15:00,0.8,-0.8,0.0,4.61,0.0
2023-12-10 19:30:00,0.8,-0.7,0.0,4.64,0.0
2023-12-10 19:45:00,0.9,-0.7,0.0,4.69,0.0
2023-12-10 20:00:00,0.9,-0.6,0.0,4.75,0.0
2023-12-10 20:15:00,1.0,-0.6,0.0,4.86,0.0
2023-12-10 20:30:00,1.0,-0.6,0.0,4.92,0.0
2023-12-10 20:45:00,1.1,-0.6,0.0,5.03,0.0
2023-12-10 21:00:00,1.1,-0.6,0.0,5.08,0.0
2023-12-10 21:15:00,1.1,-0.5,0.0,5.08,0.0
2023-12-10 21:30:00,1.2,-0.5,0.0,5.08,0.0
2023-12-10 21:45:00,1.2,-0.5,0.0,5.08,0.0
2023-12-10 22:00:00,1.2,-0.4,0.0,5.08,0.0
2023-12-10 22:15:00,1.2,-0.4,0.0,5.17,0.0
2023-12-10 22:30:00,1.2,-0.4,0.0,5.22,0.0
2023-12-10 22:45:00,1.3,-0.4,0.0,5.28,0.0
2023-12-10 23:00:00,1.3,-0.4,0.0,5.36,0.0
2023-12-10 23:15:00,1.3,-0.4,0.0,5.39,0.0
2023-12-10 23:30:00,1.3,-0.4,0.0,5.44,0.0
2023-12-10 23:45:00,1.3,-0.4,0.0,5.5,0.0
2023-12-11 00:00:00,1.3,-0.4,0.0,5.53,0.0
2023-12-11 00:15:00,1.3,-0.4,0.0,5.58,0.0
2023-12-11 00:30:00,1.3,-0.4,0.0,5.69,0.0
2023-12-11 00:45:00,1.2,-0.4,0.0,5.75,0.0
2023-12-11 01:00:00,1.1,-0.5,0.0,5.86,0.0
2023-12-11 01:15:00,1.0,-0.5,0.0,5.97,0.0
2023-12-11 01:30:00,0.9,-0.6,0.0,6.08,0.0
2023-12-11 01:45:00,0.7,-0.6,0.0,6.28,0.0
2023-12-11 02:00:00,0.5,-0.7,0.0,6.42,0.0
2023-12-11 02:15:00,0.3,-0.9,0.0,6.61,0.0
2023-12-11 02:30:00,0.1,-1.0,0.0,6.86,0.0
2023-12-11 02:45:00,-0.2,-1.1,0.0,7.03,0.0
2023-12-11 03:00:00,-0.3,-1.2,0.0,7.14,0.0
2023-12-11 03:15:00,-0.3,-1.2,0.0,7.14,0.0
2023-12-11 03:30:00,-0.2,-1.1,0.0,7.06,0.0
2023-12-11 03:45:00,0.0,-1.0,0.0,6.97,0.0
2023-12-11 04:00:00,0.1,-1.0,0.0,6.89,0.0
2023-12-11 04:15:00,0.1,-1.0,0.0,6.83,0.0
2023-12-11 04:30:00,0.1,-1.0,0.0,6.81,0.0
2023-12-11 04:45:00,0.0,-1.0,0.0,6.75,0.0
2023-12-11 05:00:00,-0.1,-1.0,0.0,6.75,0.0
2023-12-11 05:15:00,-0.1,-1.0,0.0,6.75,0.0
2023-12-11 05:30:00,-0.1,-1.0,0.0,6.81,0.0
2023-12-11 05:45:00,0.0,-1.0,0.0,6.89,0.0
2023-12-11 06:00:00,0.0,-0.9,0.0,6.92,0.0
2023-12-11 06:15:00,0.0,-0.9,0.0,7.03,0.0
2023-12-11 06:30:00,0.1,-0.9,0.0,7.11,0.0
2023-12-11 06:45:00,0.1,-0.8,0.0,7.19,0.0
2023-12-11 07:00:00,0.2,-0.8,0.0,7.33,0.0
2023-12-11 07:15:00,0.3,-0.8,0.0,7.42,0.0
2023-12-11 07:30:00,0.4,-0.8,0.0,7.5,0.0
2023-12-11 07:45:00,0.5,-0.7,0.0,7.56,0.0
2023-12-11 08:00:00,0.7,-0.7,0.0,7.58,0.0
2023-12-11 08:15:00,0.8,-0.7,0.0,7.64,0.0
2023-12-11 08:30:00,0.9,-0.7,0.0,7.67,0.0
2023-12-11 08:45:00,1.1,-0.7,0.0,7.69,0.0
2023-12-11 09:00:00,1.2,-0.7,0.0,7.72,0.0
2023-12-11 09:15:00,1.2,-0.7,0.0,7.69,0.0
2023-12-11 09:30:00,1.3,-0.7,0.0,7.72,0.0
2023-12-11 09:45:00,1.3,-0.7,0.0,7.69,0.0
2023-12-11 10:00:00,1.3,-0.7,0.0,7.72,0.0
2023-12-11 10:15:00,1.3,-0.7,0.0,7.78,0.0
2023-12-11 10:30:00,1.3,-0.7,0.0,7.83,0.0
2023-12-11 10:45:00,1.3,-0.8,0.0,7.92,0.0
2023-12-11 11:00:00,1.3,-0.8,0.0,8.0,0.0
2023-12-11 11:15:00,1.3,-0.8,0.0,8.14,0.0
2023-12-11 11:30:00,1.3,-0.7,0.0,8.36,0.0
2023-12-11 11:45:00,1.4,-0.7,0.0,8.56,0.0
2023-12-11 12:00:00,1.4,-0.6,0.0,8.64,0.0
2023-12-11 12:15:00,1.4,-0.6,0.0,8.61,0.0
2023-12-11 12:30:00,1.5,-0.6,0.0,8.5,0.0
2023-12-11 12:45:00,1.5,-0.5,0.0,8.36,0.0
2023-12-11 13:00:00,1.5,-0.5,0.0,8.28,0.0
2023-12-11 13:15:00,1.5,-0.4,0.0,8.28,0.0
2023-12-11 13:30:00,1.4,-0.3,0.0,8.31,42.91
2023-12-11 13:45:00,1.4,-0.3,0.0,8.36,34.68
2023-12-11 14:00:00,1.3,-0.2,0.0,8.36,0.0
2023-12-11 14:15:00,1.3,-0.2,0.0,8.31,0.0
2023-12-11 14:30:00,1.3,-0.2,0.0,8.22,0.0
2023-12-11 14:45:00,1.2,-0.1,0.0,8.08,0.0
2023-12-11 15:00:00,1.2,-0.1,0.0,8.0,0.0
2023-12-11 15:15:00,1.2,-0.1,0.0,7.94,0.0
2023-12-11 15:30:00,1.2,-0.1,0.0,7.92,0.0
2023-12-11 15:45:00,1.2,-0.1,0.0,7.92,0.0
2023-12-11 16:00:00,1.2,-0.1,0.0,7.86,0.0
2023-12-11 16:15:00,1.2,-0.1,0.0,7.83,0.0
2023-12-11 16:30:00,1.2,-0.1,0.0,7.78,0.0
2023-12-11 16:45:00,1.2,-0.1,0.0,7.72,0.0
2023-12-11 17:00:00,1.2,-0.1,0.0,7.69,0.0
2023-12-11 17:15:00,1.2,0.0,0.0,7.69,0.0
2023-12-11 17:30:00,1.2,0.0,0.0,7.67,0.0
2023-12-11 17:45:00,1.2,0.1,0.0,7.67,0.0
2023-12-11 18:00:00,1.2,0.1,0.0,7.67,0.0
2023-12-11 18:15:00,1.2,0.2,0.0,7.64,0.0
2023-12-11 18:30:00,1.2,0.2,0.0,7.58,0.0
2023-12-11 18:45:00,1.3,0.2,0.0,7.56,0.0
2023-12-11 19:00:00,1.3,0.3,0.0,7.5,0.0
2023-12-11 19:15:00,1.3,0.3,0.0,7.44,0.0
2023-12-11 19:30:00,1.3,0.3,0.0,7.42,0.0
2023-12-11 19:45:00,1.4,0.3,0.0,7.36,0.0
2023-12-11 20:00:00,1.4,0.4,0.0,7.36,0.0
2023-12-11 20:15:00,1.5,0.4,0.0,7.39,0.0
2023-12-11 20:30:00,1.5,0.5,0.0,7.47,0.0
2023-12-11 20:45:00,1.6,0.5,0.0,7.53,0.0
2023-12-11 21:00:00,1.6,0.6,0.0,7.58,0.0
2023-12-11 21:15:00,1.7,0.6,0.0,7.67,0.0
2023-12-11 21:30:00,1.7,0.7,0.0,7.75,0.0
2023-12-11 21:45:00,1.7,0.7,0.0,7.81,0.0
2023-12-11 22:00:00,1.8,0.7,0.0,7.81,0.0
2023-12-11 22:15:00,1.8,0.8,0.0,7.75,0.0
2023-12-11 22:30:00,1.9,0.8,0.0,7.69,0.0
2023-12-11 22:45:00,2.0,0.9,0.0,7.64,0.0
2023-12-11 23:00:00,2.0,0.9,0.0,7.5,0.0
2023-12-11 23:15:00,2.1,0.9,0.3,7.36,0.0
2023-12-11 23:30:00,2.1,0.9,0.3,7.19,0.0
2023-12-11 23:45:00,2.1,0.8,0.3,7.11,0.0
2023-12-12 00:00:00,2.2,0.8,0.3,7.06,0.0
2023-12-12 00:15:00,2.3,0.8,0.1,7.14,0.0
2023-12-12 00:30:00,2.4,0.7,0.1,7.17,0.0
2023-12-12 00:45:00,2.5,0.7,0.1,7.31,0.0
2023-12-12 01:00:00,2.6,0.7,0.1,7.33,0.0
2023-12-12 01:15:00,2.6,0.7,0.0,7.31,0.0
2023-12-12 01:30:00,2.5,0.8,0.0,7.19,0.0
2023-12-12 01:45:00,2.4,0.8,0.0,7.06,0.0
2023-12-12 02:00:00,2.4,0.9,0.0,6.97,0.0
2023-12-12 02:15:00,2.5,0.9,0.1,6.89,0.0
2023-12-12 02:30:00,2.6,1.0,0.1,6.78,0.0
2023-12-12 02:45:00,2.7,1.0,0.1,6.61,0.0
2023-12-12 03:00:00,2.7,1.0,0.1,6.58,0.0
2023-12-12 03:15:00,2.7,1.1,0.1,6.58,0.0
2023-12-12 03:30:00,2.7,1.1,0.1,6.58,0.0
2023-12-12 03:45:00,2.7,1.1,0.1,6.58,0.0
2023-12-12 04:00:00,2.7,1.2,0.1,6.61,0.0
2023-12-12 04:15:00,2.7,1.2,0.2,6.58,0.0
2023-12-12 04:30:00,2.8,1.2,0.2,6.5,0.0
2023-12-12 04:45:00,2.8,1.2,0.2,6.39,0.0
2023-12-12 05:00:00,2.8,1.2,0.2,6.31,0.0
2023-12-12 05:15:00,2.8,1.2,0.2,6.28,0.0
2023-12-12 05:30:00,2.8,1.3,0.2,6.28,0.0
2023-12-12 05:45:00,2.7,1.3,0.2,6.25,0.0
2023-12-12 06:00:00,2.7,1.3,0.2,6.19,0.0
2023-12-12 06:15:00,2.7,1.3,0.2,6.03,0.0
2023-12-12 06:30:00,2.8,1.3,0.2,5.78,0.0
2023-12-12 06:45:00,2.8,1.3,0.2,5.58,0.0
2023-12-12 07:00:00,2.9,1.3,0.2,5.39,0.0
2023-12-12 07:15:00,3.0,1.4,0.2,5.28,0.0
2023-12-12 07:30:00,3.1,1.5,0.2,5.28,0.0
2023-12-12 07:45:00,3.2,1.6,0.2,5.19,0.0
2023-12-12 08:00:00,3.3,1.7,0.2,5.17,0.0
2023-12-12 08:15:00,3.4,1.9,0.1,5.11,0.0
2023-12-12 08:30:00,3.6,2.0,0.1,5.08,0.0
2023-12-12 08:45:00,3.7,2.2,0.1,5.0,0.0
2023-12-12 09:00:00,3.7,2.3,0.1,4.97,0.0
2023-12-12 09:15:00,3.7,2.3,0.3,4.89,0.0
2023-12-12 09:30:00,3.7,2.3,0.3,4.78,0.0
2023-12-12 09:45:00,3.7,2.3,0.3,4.69,0.0
2023-12-12 10:00:00,3.7,2.3,0.3,4.61,0.0
2023-12-12 10:15:00,3.7,2.4,0.4,4.5,0.0
2023-12-12 10:30:00,3.8,2.5,0.4,4.44,0.0
2023-12-12 10:45:00,3.9,2.5,0.4,4.39,0.0
2023-12-12 11:00:00,4.0,2.6,0.4,4.44,0.0
2023-12-12 11:15:00,4.1,2.7,0.3,4.61,0.0
2023-12-12 11:30:00,4.2,2.8,0.3,4.86,0.0
2023-12-12 11:45:00,4.3,2.9,0.3,5.17,0.0
2023-12-12 12:00:00,4.5,2.9,0.3,5.42,0.0
2023-12-12 12:15:00,4.6,3.0,0.0,5.67,0.0
2023-12-12 12:30:00,4.8,3.1,0.0,5.92,0.0
2023-12-12 12:45:00,4.9,3.2,0.0,6.14,0.0
2023-12-12 13:00:00,5.0,3.2,0.0,6.22,0.0
2023-12-12 13:15:00,5.1,3.3,0.0,6.17,0.0
2023-12-12 13:30:00,5.1,3.3,0.0,5.97,0.0
2023-12-12 13:45:00,5.1,3.3,0.0,5.78,0.0
2023-12-12 14:00:00,5.1,3.3,0.0,5.53,0.0
2023-12-12 14:15:00,5.1,3.3,0.0,5.33,0.0
2023-12-12 14:30:00,5.0,3.1,0.0,5.11,0.0
2023-12-12 14:45:00,4.9,3.0,0.0,4.86,0.0
2023-12-12 15:00:00,4.9,2.9,0.0,4.69,0.0
2023-12-12 15:15:00,4.8,2.9,0.0,4.56,0.0
2023-12-12 15:30:00,4.8,2.9,0.0,4.42,0.0
2023-12-12 15:45:00,4.8,2.9,0.0,4.25,0.0
2023-12-12 16:00:00,4.8,2.9,0.0,4.11,0.0
2023-12-12 16:15:00,4.7,2.9,0.0,3.89,0.0
2023-12-12 16:30:00,4.6,2.9,0.0,3.64,0.0
2023-12-12 16:45:00,4.5,2.9,0.0,3.39,0.0
2023-12-12 17:00:00,4.4,2.8,0.0,3.19,0.0
2023-12-12 17:15:00,4.3,2.8,0.0,3.08,0.0
2023-12-12 17:30:00,4.2,2.8,0.0,3.0,0.0
2023-12-12 17:45:00,4.1,2.8,0.0,2.94,0.0
2023-12-12 18:00:00,4.0,2.7,0.0,2.92,0.0
2023-12-12 18:15:00,3.8,2.6,0.0,2.89,0.0
2023-12-12 18:30:00,3.5,2.4,0.0,2.83,0.0
2023-12-12 18:45:00,3.2,2.2,0.0,2.86,0.0
2023-12-12 19:00:00,3.0,2.0,0.0,2.97,0.0
2023-12-12 19:15:00,2.8,1.8,0.1,3.19,0.0
2023-12-12 19:30:00,2.7,1.5,0.1,3.5,0.0
2023-12-12 19:45:00,2.6,1.3,0.1,3.78,0.0
2023-12-12 20:00:00,2.4,1.1,0.1,3.97,0.0
2023-12-12 20:15:00,2.3,1.0,0.0,4.08,0.0
2023-12-12 20:30:00,2.2,0.9,0.0,4.08,0.0
2023-12-12 20:45:00,2.0,0.9,0.0,4.08,0.0
2023-12-12 21:00:00,1.9,0.9,0.0,4.11,0.0
2023-12-12 21:15:00,1.8,0.9,0.0,4.22,0.0
2023-12-12 21:30:00,1.7,0.9,0.0,4.28,0.0
2023-12-12 21:45:00,1.6,0.9,0.0,4.39,0.0
2023-12-12 22:00:00,1.5,0.9,0.0,4.44,0.0
2023-12-12 22:15:00,1.5,0.9,0.0,4.44,0.0
2023-12-12 22:30:00,1.4,0.9,0.0,4.42,0.0
2023-12-12 22:45:00,1.4,0.9,0.0,4.36,0.0
2023-12-12 23:00:00,1.4,0.9,0.0,4.39,0.0
2023-12-12 23:15:00,1.3,0.9,0.0,4.5,0.0
2023-12-12 23:30:00,1.3,0.8,0.0,4.64,0.0
2023-12-12 23:45:00,1.2,0.8,0.0,4.83,0.0
2023-12-13 00:00:00,1.2,0.8,0.0,4.92,0.0
2023-12-13 00:15:00,1.2,0.8,0.0,4.86,0.0
2023-12-13 00:30:00,1.3,0.8,0.0,4.78,0.0
2023-12-13 00:45:00,1.3,0.9,0.0,4.69,0.0
2023-12-13 01:00:00,1.4,1.0,0.0,4.67,0.0
2023-12-13 01:15:00,1.5,1.0,0.0,4.69,0.0
2023-12-13 01:30:00,1.5,1.1,0.0,4.86,0.0
2023-12-13 01:45:00,1.6,1.2,0.0,4.97,0.0
2023-12-13 02:00:00,1.8,1.3,0.0,5.08,0.0
2023-12-13 02:15:00,2.0,1.4,0.0,5.17,0.0
2023-12-13 02:30:00,2.4,1.6,0.0,5.22,0.0
2023-12-13 02:45:00,2.7,1.7,0.0,5.25,0.0
2023-12-13 03:00:00,2.9,1.8,0.0,5.25,0.0
2023-12-13 03:15:00,2.9,1.8,0.0,5.11,0.0
2023-12-13 03:30:00,2.8,1.7,0.0,4.92,0.0
2023-12-13 03:45:00,2.6,1.6,0.0,4.69,0.0
2023-12-13 04:00:00,2.5,1.5,0.0,4.53,0.0
2023-12-13 04:15:00,2.5,1.4,0.0,4.42,0.0
2023-12-13 04:30:00,2.4,1.4,0.0,4.28,0.0
2023-12-13 04:45:00,2.4,1.3,0.0,4.17,0.0
2023-12-13 05:00:00,2.4,1.3,0.0,4.11,0.0
2023-12-13 05:15:00,2.4,1.4,0.0,4.06,0.0
2023-12-13 05:30:00,2.5,1.5,0.0,4.0,0.0
2023-12-13 05:45:00,2.6,1.5,0.0,4.0,0.0
2023-12-13 06:00:00,2.7,1.6,0.0,4.0,0.0
2023-12-13 06:15:00,2.8,1.7,0.0,4.0,0.0
2023-12-13 06:30:00,2.9,1.8,0.0,4.06,0.0
2023-12-13 06:45:00,3.0,1.8,0.0,4.11,0.0
2023-12-13 07:00:00,3.1,1.9,0.0,4.11,0.0
2023-12-13 07:15:00,3.1,1.9,0.0,4.11,0.0
2023-12-13 07:30:00,3.2,1.9,0.0,4.11,0.0
2023-12-13 07:45:00,3.3,1.9,0.0,4.0,0.0
2023-12-13 08:00:00,3.3,2.0,0.0,3.92,0.0
2023-12-13 08:15:00,3.4,2.0,0.1,3.72,0.0
2023-12-13 08:30:00,3.5,2.1,0.1,3.5,0.0
2023-12-13 08:45:00,3.5,2.2,0.1,3.19,0.0
2023-12-13 09:00:00,3.6,2.3,0.1,2.97,0.0
2023-12-13 09:15:00,3.6,2.3,0.2,2.78,0.0
2023-12-13 09:30:00,3.6,2.4,0.2,2.64,0.0
2023-12-13 09:45:00,3.7,2.4,0.2,2.58,0.0
2023-12-13 10:00:00,3.7,2.5,0.2,2.64,0.0
2023-12-13 10:15:00,3.7,2.5,0.2,2.72,0.0
2023-12-13 10:30:00,3.7,2.6,0.2,2.81,0.0
2023-12-13 10:45:00,3.7,2.6,0.2,2.97,0.0
2023-12-13 11:00:00,3.7,2.7,0.2,3.11,0.0
2023-12-13 11:15:00,3.7,2.7,0.2,3.19,0.0
2023-12-13 11:30:00,3.7,2.7,0.2,3.28,0.0
2023-12-13 11:45:00,3.7,2.7,0.2,3.33,0.0
2023-12-13 12:00:00,3.7,2.7,0.2,3.36,0.0
2023-12-13 12:15:00,3.7,2.7,0.2,3.39,0.0
2023-12-13 12:30:00,3.7,2.7,0.2,3.36,0.0
2023-12-13 12:45:00,3.7,2.8,0.2,3.36,0.0
2023-12-13 13:00:00,3.7,2.8,0.2,3.36,0.0
2023-12-13 13:15:00,3.8,2.8,0.1,3.44,0.0
2023-12-13 13:30:00,3.8,2.9,0.1,3.47,0.0
2023-12-13 13:45:00,3.9,2.9,0.1,3.56,0.0
2023-12-13 14:00:00,3.9,2.9,0.1,3.58,0.0
2023-12-13 14:15:00,3.9,2.9,0.1,3.56,0.0
2023-12-13 14:30:00,3.8,2.9,0.1,3.47,0.0
2023-12-13 14:45:00,3.7,2.9,0.1,3.44,0.0
2023-12-13 15:00:00,3.7,2.8,0.1,3.39,0.0
2023-12-13 15:15:00,3.6,2.8,0.1,3.33,0.0
2023-12-13 15:30:00,3.6,2.8,0.1,3.36,0.0
2023-12-13 15:45:00,3.6,2.8,0.1,3.31,0.0
2023-12-13 16:00:00,3.6,2.8,0.1,3.22,0.0
2023-12-13 16:15:00,3.5,2.7,0.0,3.11,0.0
2023-12-13 16:30:00,3.5,2.7,0.0,3.03,0.0
2023-12-13 16:45:00,3.5,2.6,0.0,2.86,0.0
2023-12-13 17:00:00,3.4,2.5,0.0,2.69,0.0
2023-12-13 17:15:00,3.4,2.5,0.0,2.47,0.0
2023-12-13 17:30:00,3.4,2.4,0.0,2.22,0.0
2023-12-13 17:45:00,3.3,2.4,0.0,1.94,0.0
2023-12-13 18:00:00,3.3,2.4,0.0,1.78,0.0
2023-12-13 18:15:00,3.2,2.4,0.0,1.69,0.0
2023-12-13 18:30:00,3.2,2.3,0.0,1.67,0.0
2023-12-13 18:45:00,3.2,2.3,0.0,1.69,0.0
2023-12-13 19:00:00,3.1,2.3,0.0,1.72,0.0
2023-12-13 19:15:00,3.1,2.3,0.0,1.69,0.0
2023-12-13 19:30:00,3.0,2.3,0.0,1.67,0.0
2023-12-13 19:45:00,2.9,2.3,0.0,1.61,0.0
2023-12-13 20:00:00,2.8,2.2,0.0,1.64,0.0
2023-12-13 20:15:00,2.8,2.2,0.0,1.75,0.0
2023-12-13 20:30:00,2.7,2.1,0.0,1.97,0.0
2023-12-13 20:45:00,2.6,2.1,0.0,2.11,0.0
2023-12-13 21:00:00,2.5,2.0,0.0,2.25,0.0
2023-12-13 21:15:00,2.4,1.9,0.0,2.31,0.0
2023-12-13 21:30:00,2.4,1.8,0.0,2.25,0.0
2023-12-13 21:45:00,2.3,1.8,0.0,2.28,0.0
2023-12-13 22:00:00,2.2,1.7,0.0,2.28,0.0
2023-12-13 22:15:00,2.2,1.6,0.0,2.31,0.0
2023-12-13 22:30:00,2.1,1.6,0.0,2.39,0.0
2023-12-13 22:45:00,2.1,1.6,0.0,2.39,0.0
2023-12-13 23:00:00,2.0,1.5,0.0,2.36,0.0
2023-12-13 23:15:00,2.0,1.5,0.0,2.19,0.0
2023-12-13 23:30:00,2.0,1.5,0.0,1.94,0.0
2023-12-13 23:45:00,2.0,1.5,0.0,1.67,0.0
2023-12-14 00:00:00,2.0,1.5,0.0,1.5,0.0
2023-12-14 00:15:00,2.0,1.5,0.0,1.39,0.0
2023-12-14 00:30:00,1.9,1.5,0.0,1.33,0.0
2023-12-14 00:45:00,1.9,1.5,0.0,1.31,0.0
2023-12-14 01:00:00,1.9,1.5,0.0,1.33,0.0
2023-12-14 01:15:00,1.9,1.5,0.0,1.39,0.0
2023-12-14 01:30:00,1.9,1.4,0.0,1.44,0.0
2023-12-14 01:45:00,1.8,1.4,0.0,1.53,0.0
2023-12-14 02:00:00,1.8,1.4,0.0,1.67,0.0
2023-12-14 02:15:00,1.8,1.4,0.0,1.89,0.0
2023-12-14 02:30:00,1.8,1.4,0.0,2.28,0.0
2023-12-14 02:45:00,1.8,1.3,0.0,2.61,0.0
2023-12-14 03:00:00,1.7,1.3,0.0,2.75,0.0
2023-12-14 03:15:00,1.7,1.3,0.0,2.64,0.0
2023-12-14 03:30:00,1.6,1.2,0.0,2.36,0.0
2023-12-14 03:45:00,1.5,1.2,0.0,2.06,0.0
2023-12-14 04:00:00,1.5,1.1,0.0,1.83,0.0
2023-12-14 04:15:00,1.5,1.1,0.0,1.75,0.0
2023-12-14 04:30:00,1.5,1.1,0.0,1.75,0.0
2023-12-14 04:45:00,1.5,1.1,0.0,1.78,0.0
2023-12-14 05:00:00,1.5,1.1,0.0,1.83,0.0
2023-12-14 05:15:00,1.5,1.1,0.0,1.97,0.0
2023-12-14 05:30:00,1.4,1.0,0.0,2.11,0.0
2023-12-14 05:45:00,1.4,1.0,0.0,2.25,0.0
2023-12-14 06:00:00,1.3,1.0,0.0,2.39,0.0
2023-12-14 06:15:00,1.3,0.9,0.0,2.5,0.0
2023-12-14 06:30:00,1.2,0.9,0.0,2.67,0.0
2023-12-14 06:45:00,1.1,0.8,0.0,2.81,0.0
2023-12-14 07:00:00,1.1,0.7,0.0,3.0,0.0
2023-12-14 07:15:00,1.0,0.7,0.0,3.22,0.0
2023-12-14 07:30:00,0.9,0.6,0.0,3.5,0.0
2023-12-14 07:45:00,0.9,0.5,0.0,3.67,0.0
2023-12-14 08:00:00,0.8,0.5,0.0,3.69,0.0
2023-12-14 08:15:00,0.8,0.5,0.0,3.5,0.0
2023-12-14 08:30:00,0.8,0.5,0.0,3.11,0.0
2023-12-14 08:45:00,0.8,0.5,0.0,2.75,0.0
2023-12-14 09:00:00,0.8,0.5,0.0,2.47,0.0
2023-12-14 09:15:00,0.9,0.5,0.0,2.28,0.0
2023-12-14 09:30:00,0.9,0.5,0.0,2.14,0.0
2023-12-14 09:45:00,0.9,0.4,0.0,2.06,0.0
2023-12-14 10:00:00,1.0,0.4,0.0,2.0,0.0
2023-12-14 10:15:00,1.0,0.4,0.0,2.06,0.0
2023-12-14 10:30:00,1.1,0.4,0.0,2.11,0.0
2023-12-14 10:45:00,1.1,0.3,0.0,2.25,0.0
2023-12-14 11:00:00,1.1,0.3,0.0,2.39,0.0
2023-12-14 11:15:00,1.1,0.3,0.0,2.47,0.0
2023-12-14 11:30:00,1.1,0.3,0.0,2.53,0.0
2023-12-14 11:45:00,1.1,0.3,0.0,2.58,0.0
2023-12-14 12:00:00,1.1,0.3,0.0,2.69,0.0
2023-12-14 12:15:00,1.1,0.3,0.0,2.75,0.0
2023-12-14 12:30:00,1.1,0.3,0.0,2.86,0.0
2023-12-14 12:45:00,1.2,0.3,0.0,2.94,0.0
2023-12-14 13:00:00,1.2,0.3,0.0,3.0,0.0
2023-12-14 13:15:00,1.2,0.3,0.0,3.06,0.0
2023-12-14 13:30:00,1.3,0.3,0.0,3.17,0.0
2023-12-14 13:45:00,1.3,0.3,0.0,3.25,0.0
2023-12-14 14:00:00,1.3,0.4,0.0,3.28,0.0
2023-12-14 14:15:00,1.3,0.5,0.0,3.28,0.0
2023-12-14 14:30:00,1.3,0.7,0.0,3.19,0.0
2023-12-14 14:45:00,1.3,0.8,0.0,3.14,0.0
2023-12-14 15:00:00,1.2,0.9,0.0,3.03,0.0
2023-12-14 15:15:00,1.2,1.0,0.0,2.89,0.0
2023-12-14 15:30:00,1.2,0.9,0.0,2.72,0.0
2023-12-14 15:45:00,1.2,0.9,0.0,2.56,0.0
2023-12-14 16:00:00,1.2,0.9,0.0,2.47,0.0
2023-12-14 16:15:00,1.2,0.9,0.0,2.44,0.0
2023-12-14 16:30:00,1.2,0.9,0.0,2.42,0.0
2023-12-14 16:45:00,1.2,0.9,0.0,2.42,0.0
2023-12-14 17:00:00,1.2,0.9,0.0,2.44,0.0
2023-12-14 17:15:00,1.2,0.9,0.0,2.44,0.0
2023-12-14 17:30:00,1.2,0.9,0.0,2.5,0.0
2023-12-14 17:45:00,1.2,1.0,0.0,2.5,0.0
2023-12-14 18:00:00,1.3,1.0,0.0,2.56,0.0
2023-12-14 18:15:00,1.3,1.0,0.0,2.56,0.0
2023-12-14 18:30:00,1.4,1.0,0.0,2.5,0.0
2023-12-14 18:45:00,1.4,1.0,0.0,2.47,0.0
2023-12-14 19:00:00,1.4,1.0,0.0,2.47,0.0
2023-12-14 19:15:00,1.4,1.0,0.0,2.5,0.0
2023-12-14 19:30:00,1.5,1.0,0.0,2.58,0.0
2023-12-14 19:45:00,1.5,0.9,0.0,2.64,0.0
2023-12-14 20:00:00,1.5,0.9,0.0,2.72,0.0
2023-12-14 20:15:00,1.5,0.9,0.0,2.78,0.0
2023-12-14 20:30:00,1.5,0.9,0.0,2.83,0.0
2023-12-14 20:45:00,1.5,0.9,0.0,2.86,0.0
2023-12-14 21:00:00,1.5,0.9,0.0,2.86,0.0
2023-12-14 21:15:00,1.5,0.9,0.0,2.86,0.0
2023-12-14 21:30:00,1.6,0.9,0.0,2.72,0.0
2023-12-14 21:45:00,1.6,0.9,0.0,2.67,0.0
2023-12-14 22:00:00,1.6,0.8,0.0,2.56,0.0
2023-12-14 22:15:00,1.5,0.8,0.0,2.42,0.0
2023-12-14 22:30:00,1.4,0.7,0.0,2.25,0.0
2023-12-14 22:45:00,1.2,0.6,0.0,2.06,0.0
2023-12-14 23:00:00,1.1,0.5,0.0,1.92,0.0
2023-12-14 23:15:00,1.1,0.5,0.0,1.86,0.0
2023-12-14 23:30:00,1.0,0.5,0.0,1.78,0.0
2023-12-14 23:45:00,1.0,0.5,0.0,1.75,0.0
2023-12-15 00:00:00,1.0,0.5,0.0,1.78,0.0
2023-12-15 00:15:00,1.1,0.5,0.0,1.83,0.0
2023-12-15 00:30:00,1.1,0.5,0.0,1.94,0.0
2023-12-15 00:45:00,1.2,0.6,0.0,2.06,0.0
2023-12-15 01:00:00,1.3,0.6,0.0,2.11,0.0
2023-12-15 01:15:00,1.3,0.6,0.0,2.11,0.0
2023-12-15 01:30:00,1.3,0.6,0.0,2.11,0.0
2023-12-15 01:45:00,1.3,0.6,0.0,2.08,0.0
2023-12-15 02:00:00,1.3,0.7,0.0,2.11,0.0
2023-12-15 02:15:00,1.3,0.7,0.1,2.25,0.0
2023-12-15 02:30:00,1.2,0.8,0.1,2.5,0.0
2023-12-15 02:45:00,1.1,0.9,0.1,2.83,0.0
2023-12-15 03:00:00,1.1,1.0,0.1,3.06,0.0
2023-12-15 03:15:00,1.1,1.1,0.0,3.25,0.0
2023-12-15 03:30:00,1.2,1.1,0.0,3.33,0.0
2023-12-15 03:45:00,1.3,1.2,0.0,3.39,0.0
2023-12-15 04:00:00,1.4,1.2,0.0,3.47,0.0
2023-12-15 04:15:00,1.5,1.2,0.0,3.5,0.0
2023-12-15 04:30:00,1.5,1.1,0.0,3.53,0.0
2023-12-15 04:45:00,1.6,1.1,0.0,3.5,0.0
2023-12-15 05:00:00,1.6,1.1,0.0,3.53,0.0
2023-12-15 05:15:00,1.6,1.0,0.0,3.56,0.0
2023-12-15 05:30:00,1.6,1.0,0.0,3.61,0.0
2023-12-15 05:45:00,1.5,0.9,0.0,3.64,0.0
2023-12-15 06:00:00,1.4,0.9,0.0,3.69,0.0
2023-12-15 06:15:00,1.4,0.8,0.0,3.72,0.0
2023-12-15 06:30:00,1.3,0.8,0.0,3.81,0.0
2023-12-15 06:45:00,1.2,0.7,0.0,3.83,0.0
2023-12-15 07:00:00,1.2,0.7,0.0,3.89,0.0
2023-12-15 07:15:00,1.1,0.6,0.0,3.97,0.0
2023-12-15 07:30:00,1.0,0.5,0.0,4.0,0.0
2023-12-15 07:45:00,0.9,0.4,0.0,4.03,0.0
2023-12-15 08:00:00,0.8,0.3,0.0,4.11,0.0
2023-12-15 08:15:00,0.7,0.1,0.1,4.28,0.0
2023-12-15 08:30:00,0.6,0.0,0.1,4.44,0.0
2023-12-15 08:45:00,0.5,-0.2,0.1,4.61,0.0
2023-12-15 09:00:00,0.4,-0.4,0.1,4.69,0.0
2023-12-15 09:15:00,0.2,-0.7,0.0,4.69,0.0
2023-12-15 09:30:00,0.1,-1.0,0.0,4.61,0.0
2023-12-15 09:45:00,-0.1,-1.3,0.0,4.5,0.0
2023-12-15 10:00:00,-0.2,-1.6,0.0,4.36,0.0
2023-12-15 10:15:00,-0.2,-1.9,0.0,4.14,0.0
2023-12-15 10:30:00,-0.2,-2.0,0.0,3.92,0.0
2023-12-15 10:45:00,-0.2,-2.2,0.0,3.75,0.0
2023-12-15 11:00:00,-0.2,-2.4,0.0,3.61,21.96
2023-12-15 11:15:00,-0.1,-2.5,0.0,3.5,410.81
2023-12-15 11:30:00,0.1,-2.6,0.0,3.47,853.88
2023-12-15 11:45:00,0.3,-2.7,0.0,3.44,900.0
2023-12-15 12:00:00,0.4,-2.8,0.0,3.42,900.0
2023-12-15 12:15:00,0.6,-2.9,0.0,3.42,900.0
2023-12-15 12:30:00,0.7,-2.9,0.0,3.42,900.0
2023-12-15 12:45:00,0.8,-3.0,0.0,3.47,900.0
2023-12-15 13:00:00,0.9,-3.0,0.0,3.44,900.0
2023-12-15 13:15:00,0.9,-3.0,0.0,3.36,900.0
2023-12-15 13:30:00,1.0,-3.0,0.0,3.25,900.0
2023-12-15 13:45:00,1.0,-3.0,0.0,3.14,900.0
2023-12-15 14:00:00,1.1,-2.9,0.0,3.06,900.0
2023-12-15 14:15:00,1.1,-2.7,0.0,2.94,487.61
2023-12-15 14:30:00,1.2,-2.4,0.0,2.89,0.0
2023-12-15 14:45:00,1.3,-2.1,0.0,2.89,0.0
2023-12-15 15:00:00,1.3,-1.9,0.0,2.92,0.0
2023-12-15 15:15:00,1.3,-1.8,0.0,3.06,0.0
2023-12-15 15:30:00,1.2,-1.8,0.0,3.22,220.11
2023-12-15 15:45:00,1.1,-1.8,0.0,3.42,178.53
2023-12-15 16:00:00,1.1,-1.7,0.0,3.53,3.82
2023-12-15 16:15:00,1.1,-1.6,0.0,3.58,0.0
2023-12-15 16:30:00,1.1,-1.5,0.0,3.64,0.0
2023-12-15 16:45:00,1.1,-1.4,0.0,3.67,0.0
2023-12-15 17:00:00,1.0,-1.3,0.0,3.67,0.0
2023-12-15 17:15:00,0.9,-1.2,0.0,3.61,0.0
2023-12-15 17:30:00,0.8,-1.2,0.0,3.56,0.0
2023-12-15 17:45:00,0.7,-1.1,0.0,3.5,0.0
2023-12-15 18:00:00,0.4,-1.2,0.0,3.39,0.0
2023-12-15 18:15:00,0.1,-1.3,0.0,3.31,0.0
2023-12-15 18:30:00,-0.4,-1.6,0.0,3.17,0.0
2023-12-15 18:45:00,-0.8,-1.9,0.0,3.11,0.0
2023-12-15 19:00:00,-1.1,-2.1,0.0,3.06,0.0
2023-12-15 19:15:00,-1.3,-2.2,0.0,3.08,0.0
2023-12-15 19:30:00,-1.4,-2.3,0.0,3.11,0.0
2023-12-15 19:45:00,-1.4,-2.3,0.0,3.17,0.0
2023-12-15 20:00:00,-1.4,-2.3,0.0,3.19,0.0
2023-12-15 20:15:00,-1.3,-2.2,0.0,3.19,0.0
2023-12-15 20:30:00,-1.1,-2.1,0.0,3.25,0.0
2023-12-15 20:45:00,-0.9,-2.0,0.0,3.25,0.0
2023-12-15 21:00:00,-0.7,-1.9,0.0,3.31,0.0
2023-12-15 21:15:00,-0.5,-1.9,0.0,3.42,0.0
2023-12-15 21:30:00,-0.4,-1.8,0.0,3.56,0.0
2023-12-15 21:45:00,-0.2,-1.8,0.0,3.69,0.0
2023-12-15 22:00:00,0.0,-1.7,0.0,3.81,0.0
2023-12-15 22:15:00,0.1,-1.7,0.0,3.89,0.0
2023-12-15 22:30:00,0.2,-1.6,0.0,3.94,0.0
2023-12-15 22:45:00,0.3,-1.5,0.0,4.06,0.0
2023-12-15 23:00:00,0.3,-1.5,0.0,4.11,0.0
2023-12-15 23:15:00,0.4,-1.4,0.0,4.19,0.0
2023-12-15 23:30:00,0.4,-1.3,0.0,4.31,0.0
2023-12-15 23:45:00,0.5,-1.2,0.0,4.39,0.0
2023-12-16 00:00:00,0.5,-1.1,0.0,4.44,0.0
2023-12-16 00:15:00,0.5,-1.1,0.0,4.42,0.0
2023-12-16 00:30:00,0.5,-1.0,0.0,4.36,0.0
2023-12-16 00:45:00,0.5,-1.0,0.0,4.22,0.0
2023-12-16 01:00:00,0.5,-1.0,0.0,4.14,0.0
2023-12-16 01:15:00,0.3,-1.1,0.0,4.08,0.0
2023-12-16 01:30:00,0.1,-1.1,0.0,3.97,0.0
2023-12-16 01:45:00,-0.1,-1.1,0.0,3.94,0.0
2023-12-16 02:00:00,-0.2,-1.2,0.0,3.94,0.0
2023-12-16 02:15:00,0.1,-1.2,0.0,4.0,0.0
2023-12-16 02:30:00,0.4,-1.1,0.0,4.14,0.0
2023-12-16 02:45:00,0.7,-1.1,0.0,4.25,0.0
2023-12-16 03:00:00,1.0,-1.1,0.0,4.36,0.0
2023-12-16 03:15:00,1.1,-1.0,0.0,4.39,0.0
2023-12-16 03:30:00,1.0,-1.0,0.0,4.39,0.0
2023-12-16 03:45:00,1.0,-1.0,0.0,4.33,0.0
2023-12-16 04:00:00,1.0,-0.9,0.0,4.31,0.0
2023-12-16 04:15:00,1.1,-0.9,0.0,4.31,0.0
2023-12-16 04:30:00,1.2,-0.9,0.0,4.31,0.0
2023-12-16 04:45:00,1.3,-0.9,0.0,4.31,0.0
2023-12-16 05:00:00,1.4,-0.8,0.0,4.31,0.0
2023-12-16 05:15:00,1.4,-0.8,0.0,4.36,0.0
2023-12-16 05:30:00,1.5,-0.7,0.0,4.39,0.0
2023-12-16 05:45:00,1.6,-0.7,0.0,4.44,0.0
2023-12-16 06:00:00,1.6,-0.6,0.0,4.5,0.0
2023-12-16 06:15:00,1.7,-0.6,0.0,4.5,0.0
2023-12-16 06:30:00,1.8,-0.5,0.0,4.44,0.0
2023-12-16 06:45:00,1.8,-0.5,0.0,4.39,0.0
2023-12-16 07:00:00,1.9,-0.4,0.0,4.39,0.0
2023-12-16 07:15:00,1.9,-0.4,0.0,4.39,0.0
2023-12-16 07:30:00,2.0,-0.4,0.0,4.44,0.0
2023-12-16 07:45:00,2.0,-0.4,0.0,4.44,0.0
2023-12-16 08:00:00,2.1,-0.3,0.0,4.5,0.0
2023-12-16 08:15:00,2.1,-0.3,0.0,4.56,0.0
2023-12-16 08:30:00,2.2,-0.2,0.0,4.64,0.0
2023-12-16 08:45:00,2.2,-0.1,0.0,4.69,0.0
2023-12-16 09:00:00,2.3,0.0,0.0,4.69,0.0
2023-12-16 09:15:00,2.3,0.1,0.0,4.56,0.0
2023-12-16 09:30:00,2.3,0.1,0.0,4.31,0.0
2023-12-16 09:45:00,2.4,0.1,0.0,4.06,0.0
2023-12-16 10:00:00,2.4,0.2,0.0,3.89,0.0
2023-12-16 10:15:00,2.5,0.3,0.0,3.89,0.0
2023-12-16 10:30:00,2.6,0.4,0.0,3.94,0.0
2023-12-16 10:45:00,2.7,0.6,0.0,4.06,0.0
2023-12-16 11:00:00,2.9,0.7,0.0,4.22,0.0
2023-12-16 11:15:00,3.0,0.8,0.0,4.36,0.0
2023-12-16 11:30:00,3.2,0.9,0.0,4.56,0.0
2023-12-16 11:45:00,3.3,1.0,0.0,4.78,0.0
2023-12-16 12:00:00,3.5,1.0,0.0,4.92,0.0
2023-12-16 12:15:00,3.6,1.1,0.0,4.97,0.0
2023-12-16 12:30:00,3.6,1.1,0.0,4.94,0.0
2023-12-16 12:45:00,3.6,1.2,0.0,4.94,0.0
2023-12-16 13:00:00,3.7,1.2,0.0,4.89,0.0
2023-12-16 13:15:00,3.7,1.2,0.0,4.86,0.0
2023-12-16 13:30:00,3.7,1.1,0.0,4.81,0.0
2023-12-16 13:45:00,3.7,1.1,0.0,4.69,0.0
2023-12-16 14:00:00,3.7,1.2,0.0,4.61,0.0
2023-12-16 14:15:00,3.8,1.4,0.0,4.44,0.0
2023-12-16 14:30:00,3.9,1.8,0.0,4.31,0.0
2023-12-16 14:45:00,3.9,2.1,0.0,4.22,0.0
2023-12-16 15:00:00,4.0,2.4,0.0,4.14,0.0
2023-12-16 15:15:00,4.0,2.4,0.0,4.14,0.0
2023-12-16 15:30:00,4.0,2.4,0.0,4.17,0.0
2023-12-16 15:45:00,4.0,2.3,0.0,4.19,0.0
2023-12-16 16:00:00,4.0,2.2,0.0,4.31,0.0
2023-12-16 16:15:00,4.0,2.2,0.0,4.39,0.0
2023-12-16 16:30:00,4.0,2.1,0.0,4.56,0.0
2023-12-16 16:45:00,3.9,2.0,0.0,4.64,0.0
2023-12-16 17:00:00,3.8,2.0,0.0,4.69,0.0
2023-12-16 17:15:00,3.6,1.9,0.0,4.61,0.0
2023-12-16 17:30:00,3.4,1.8,0.0,4.42,0.0
2023-12-16 17:45:00,3.1,1.7,0.0,4.17,0.0
2023-12-16 18:00:00,2.9,1.6,0.0,4.03,0.0
2023-12-16 18:15:00,2.8,1.6,0.0,4.0,0.0
2023-12-16 18:30:00,2.8,1.5,0.0,4.0,0.0
2023-12-16 18:45:00,2.8,1.5,0.0,4.08,0.0
2023-12-16 19:00:00,2.8,1.4,0.0,4.08,0.0
2023-12-16 19:15:00,2.9,1.4,0.0,4.08,0.0
2023-12-16 19:30:00,3.0,1.5,0.0,4.17,0.0
2023-12-16 19:45:00,3.1,1.5,0.0,4.17,0.0
2023-12-16 20:00:00,3.2,1.5,0.0,4.22,0.0
2023-12-16 20:15:00,3.3,1.5,0.0,4.28,0.0
2023-12-16 20:30:00,3.3,1.6,0.0,4.33,0.0
2023-12-16 20:45:00,3.3,1.6,0.0,4.39,0.0
2023-12-16 21:00:00,3.3,1.6,0.0,4.47,0.0
2023-12-16 21:15:00,3.5,1.7,0.0,4.56,0.0
2023-12-16 21:30:00,3.6,1.8,0.0,4.61,0.0
2023-12-16 21:45:00,3.8,1.8,0.0,4.69,0.0
2023-12-16 22:00:00,4.0,1.9,0.0,4.75,0.0
2023-12-16 22:15:00,4.1,1.9,0.0,4.81,0.0
2023-12-16 22:30:00,4.2,1.9,0.0,4.83,0.0
2023-12-16 22:45:00,4.3,1.9,0.0,4.83,0.0
2023-12-16 23:00:00,4.3,1.9,0.0,4.83,0.0
2023-12-16 23:15:00,4.1,1.8,0.0,4.78,0.0
2023-12-16 23:30:00,3.8,1.7,0.0,4.72,0.0
2023-12-16 23:45:00,3.5,1.6,0.0,4.64,0.0
2023-12-17 00:00:00,3.3,1.5,0.0,4.67,0.0
2023-12-17 00:15:00,3.3,1.4,0.0,4.72,0.0
2023-12-17 00:30:00,3.4,1.3,0.0,4.83,0.0
2023-12-17 00:45:00,3.6,1.3,0.0,4.92,0.0
2023-12-17 01:00:00,3.7,1.2,0.0,5.06,0.0
2023-12-17 01:15:00,3.9,1.1,0.0,5.14,0.0
2023-12-17 01:30:00,4.0,0.9,0.0,5.22,0.0
2023-12-17 01:45:00,4.1,0.8,0.0,5.33,0.0
2023-12-17 02:00:00,4.2,0.6,0.0,5.36,0.0
2023-12-17 02:15:00,4.1,0.4,0.0,5.44,0.0
2023-12-17 02:30:00,4.0,0.2,0.0,5.56,0.0
2023-12-17 02:45:00,3.8,0.0,0.0,5.61,0.0
2023-12-17 03:00:00,3.8,-0.2,0.0,5.67,0.0
2023-12-17 03:15:00,3.8,-0.4,0.0,5.67,0.0
2023-12-17 03:30:00,3.9,-0.5,0.0,5.64,0.0
2023-12-17 03:45:00,4.0,-0.5,0.0,5.58,0.0
2023-12-17 04:00:00,4.1,-0.6,0.0,5.58,0.0
2023-12-17 04:15:00,4.2,-0.7,0.0,5.64,0.0
2023-12-17 04:30:00,4.2,-0.8,0.0,5.75,0.0
2023-12-17 04:45:00,4.2,-0.9,0.0,5.83,0.0
2023-12-17 05:00:00,4.2,-0.9,0.0,5.89,0.0
2023-12-17 05:15:00,4.2,-0.9,0.0,5.89,0.0
2023-12-17 05:30:00,4.3,-0.8,0.0,5.86,0.0
2023-12-17 05:45:00,4.4,-0.7,0.0,5.86,0.0
2023-12-17 06:00:00,4.5,-0.6,0.0,5.86,0.0
2023-12-17 06:15:00,4.5,-0.5,0.0,5.83,0.0
2023-12-17 06:30:00,4.6,-0.3,0.0,5.81,0.0
2023-12-17 06:45:00,4.7,-0.2,0.0,5.78,0.0
2023-12-17 07:00:00,4.7,0.0,0.0,5.81,0.0
2023-12-17 07:15:00,4.8,0.2,0.0,5.89,0.0
2023-12-17 07:30:00,4.8,0.3,0.0,6.0,0.0
2023-12-17 07:45:00,4.9,0.5,0.0,6.17,0.0
2023-12-17 08:00:00,4.9,0.6,0.0,6.19,0.0
2023-12-17 08:15:00,4.9,0.7,0.0,6.19,0.0
2023-12-17 08:30:00,4.9,0.9,0.0,6.14,0.0
2023-12-17 08:45:00,4.9,1.0,0.0,6.08,0.0
2023-12-17 09:00:00,4.9,1.1,0.0,5.94,0.0
2023-12-17 09:15:00,5.0,1.2,0.0,5.81,0.0
2023-12-17 09:30:00,5.1,1.3,0.0,5.64,0.0
2023-12-17 09:45:00,5.2,1.4,0.0,5.5,0.0
2023-12-17 10:00:00,5.3,1.6,0.0,5.42,0.0
2023-12-17 10:15:00,5.4,1.7,0.0,5.39,0.0
2023-12-17 10:30:00,5.5,1.8,0.0,5.47,0.0
2023-12-17 10:45:00,5.6,1.9,0.0,5.53,0.0
2023-12-17 11:00:00,5.8,2.1,0.0,5.56,0.0
2023-12-17 11:15:00,5.9,2.2,0.0,5.56,0.0
2023-12-17 11:30:00,6.1,2.4,0.0,5.47,0.0
2023-12-17 11:45:00,6.2,2.6,0.0,5.42,0.0
2023-12-17 12:00:00,6.4,2.8,0.0,5.39,0.0
2023-12-17 12:15:00,6.5,2.9,0.0,5.39,0.0
2023-12-17 12:30:00,6.5,3.0,0.0,5.39,0.0
2023-12-17 12:45:00,6.6,3.1,0.0,5.39,0.0
2023-12-17 13:00:00,6.7,3.1,0.0,5.42,0.0
2023-12-17 13:15:00,6.8,3.1,0.0,5.47,0.0
2023-12-17 13:30:00,6.9,3.1,0.0,5.61,0.0
2023-12-17 13:45:00,7.0,3.1,0.0,5.61,0.0
2023-12-17 14:00:00,6.9,3.1,0.0,5.5,0.0
2023-12-17 14:15:00,6.7,3.0,0.0,5.14,0.0
2023-12-17 14:30:00,6.3,2.9,0.0,4.67,0.0
2023-12-17 14:45:00,5.9,2.8,0.0,4.39,0.0
2023-12-17 15:00:00,5.6,2.8,0.0,4.28,0.0
2023-12-17 15:15:00,5.6,2.8,0.0,4.33,0.0
2023-12-17 15:30:00,5.7,2.9,0.0,4.42,0.0
2023-12-17 15:45:00,5.9,2.9,0.0,4.61,0.0
2023-12-17 16:00:00,6.0,3.0,0.0,4.75,0.0
2023-12-17 16:15:00,6.0,3.1,0.0,4.89,0.0
2023-12-17 16:30:00,6.1,3.2,0.0,4.97,0.0
2023-12-17 16:45:00,6.1,3.3,0.0,5.03,0.0
2023-12-17 17:00:00,6.0,3.3,0.0,5.11,0.0
2023-12-17 17:15:00,5.9,3.2,0.0,5.08,0.0
2023-12-17 17:30:00,5.6,3.1,0.0,5.06,0.0
2023-12-17 17:45:00,5.3,2.8,0.0,5.03,0.0
2023-12-17 18:00:00,5.0,2.5,0.0,5.03,0.0
2023-12-17 18:15:00,4.5,1.9,0.0,5.03,0.0
2023-12-17 18:30:00,3.9,1.1,0.0,5.11,0.0
2023-12-17 18:45:00,3.3,0.4,0.0,5.17,0.0
2023-12-17 19:00:00,2.8,-0.3,0.0,5.28,0.0
2023-12-17 19:15:00,2.3,-0.7,0.0,5.36,0.0
2023-12-17 19:30:00,1.9,-0.9,0.0,5.47,0.0
2023-12-17 19:45:00,1.6,-1.1,0.0,5.53,0.0
2023-12-17 20:00:00,1.4,-1.2,0.0,5.56,0.0
2023-12-17 20:15:00,1.3,-1.2,0.0,5.56,0.0
2023-12-17 20:30:00,1.2,-1.2,0.0,5.47,0.0
2023-12-17 20:45:00,1.3,-1.1,0.0,5.42,0.0
2023-12-17 21:00:00,1.3,-1.0,0.0,5.36,0.0
2023-12-17 21:15:00,1.3,-1.0,0.0,5.39,0.0
2023-12-17 21:30:00,1.3,-1.0,0.0,5.42,0.0
2023-12-17 21:45:00,1.3,-0.9,0.0,5.5,0.0
2023-12-17 22:00:00,1.3,-0.9,0.0,5.53,0.0
2023-12-17 22:15:00,1.5,-0.8,0.0,5.47,0.0
2023-12-17 22:30:00,1.7,-0.6,0.0,5.39,0.0
2023-12-17 22:45:00,1.9,-0.5,0.0,5.33,0.0
2023-12-17 23:00:00,2.0,-0.4,0.0,5.33,0.0
2023-12-17 23:15:00,1.9,-0.3,0.0,5.36,0.0
2023-12-17 23:30:00,1.7,-0.3,0.0,5.44,0.0
2023-12-17 23:45:00,1.5,-0.4,0.0,5.56,0.0
2023-12-18 00:00:00,1.4,-0.4,0.0,5.61,0.0
2023-12-18 00:15:00,1.3,-0.4,0.0,5.64,0.0
2023-12-18 00:30:00,1.3,-0.4,0.0,5.64,0.0
2023-12-18 00:45:00,1.3,-0.3,0.0,5.61,0.0
2023-12-18 01:00:00,1.3,-0.3,0.0,5.61,0.0
2023-12-18 01:15:00,1.4,-0.3,0.0,5.61,0.0
2023-12-18 01:30:00,1.5,-0.2,0.0,5.61,0.0
2023-12-18 01:45:00,1.6,-0.2,0.0,5.64,0.0
2023-12-18 02:00:00,1.6,-0.2,0.0,5.75,0.0
2023-12-18 02:15:00,1.6,-0.4,0.0,6.03,0.0
2023-12-18 02:30:00,1.6,-0.6,0.0,6.44,0.0
2023-12-18 02:45:00,1.5,-0.8,0.0,6.83,0.0
2023-12-18 03:00:00,1.5,-0.9,0.0,7.14,0.0
2023-12-18 03:15:00,1.4,-1.0,0.0,7.28,0.0
2023-12-18 03:30:00,1.2,-1.0,0.0,7.36,0.0
2023-12-18 03:45:00,1.1,-0.9,0.0,7.36,0.0
2023-12-18 04:00:00,1.1,-0.9,0.0,7.36,0.0
2023-12-18 04:15:00,1.1,-0.9,0.0,7.31,0.0
2023-12-18 04:30:00,1.2,-0.8,0.0,7.22,0.0
2023-12-18 04:45:00,1.3,-0.8,0.0,7.11,0.0
2023-12-18 05:00:00,1.4,-0.8,0.0,7.03,0.0
2023-12-18 05:15:00,1.4,-0.8,0.0,6.94,0.0
2023-12-18 05:30:00,1.4,-0.8,0.0,6.86,0.0
2023-12-18 05:45:00,1.5,-0.8,0.0,6.78,0.0
2023-12-18 06:00:00,1.5,-0.8,0.0,6.72,0.0
2023-12-18 06:15:00,1.5,-0.8,0.0,6.64,0.0
2023-12-18 06:30:00,1.5,-0.8,0.0,6.64,0.0
2023-12-18 06:45:00,1.5,-0.9,0.0,6.61,0.0
2023-12-18 07:00:00,1.5,-0.9,0.0,6.58,0.0
2023-12-18 07:15:00,1.5,-0.9,0.0,6.5,0.0
2023-12-18 07:30:00,1.5,-0.9,0.0,6.5,0.0
2023-12-18 07:45:00,1.5,-1.0,0.0,6.36,0.0
2023-12-18 08:00:00,1.5,-1.0,0.0,6.33,0.0
2023-12-18 08:15:00,1.5,-1.0,0.0,6.25,0.0
2023-12-18 08:30:00,1.4,-1.0,0.0,6.17,0.0
2023-12-18 08:45:00,1.4,-1.0,0.0,6.06,747.57
2023-12-18 09:00:00,1.5,-0.9,0.0,6.03,900.0
2023-12-18 09:15:00,1.8,-0.9,0.0,6.0,900.0
2023-12-18 09:30:00,2.1,-0.9,0.0,6.08,900.0
2023-12-18 09:45:00,2.5,-0.8,0.0,6.08,900.0
2023-12-18 10:00:00,2.8,-0.7,0.0,6.03,900.0
2023-12-18 10:15:00,3.0,-0.5,0.0,5.81,900.0
2023-12-18 10:30:00,3.2,-0.2,0.0,5.47,900.0
2023-12-18 10:45:00,3.4,0.1,0.0,5.17,900.0
2023-12-18 11:00:00,3.6,0.4,0.0,4.89,900.0
2023-12-18 11:15:00,4.0,0.6,0.0,4.67,900.0
2023-12-18 11:30:00,4.4,0.9,0.0,4.47,900.0
2023-12-18 11:45:00,4.8,1.1,0.0,4.28,900.0
2023-12-18 12:00:00,5.2,1.3,0.0,4.11,900.0
2023-12-18 12:15:00,5.6,1.5,0.0,3.94,900.0
2023-12-18 12:30:00,5.9,1.6,0.0,3.78,900.0
2023-12-18 12:45:00,6.3,1.7,0.0,3.64,900.0
2023-12-18 13:00:00,6.6,1.8,0.0,3.53,900.0
2023-12-18 13:15:00,7.0,1.9,0.0,3.44,900.0
2023-12-18 13:30:00,7.4,2.1,0.0,3.36,900.0
2023-12-18 13:45:00,7.7,2.1,0.0,3.36,900.0
2023-12-18 14:00:00,7.7,2.1,0.0,3.47,900.0
2023-12-18 14:15:00,7.3,1.8,0.0,3.78,900.0
2023-12-18 14:30:00,6.6,1.3,0.0,4.19,900.0
2023-12-18 14:45:00,5.9,0.7,0.0,4.69,900.0
2023-12-18 15:00:00,5.4,0.4,0.0,4.94,900.0
2023-12-18 15:15:00,5.2,0.2,0.0,4.94,900.0
2023-12-18 15:30:00,5.1,0.1,0.0,4.81,900.0
2023-12-18 15:45:00,5.1,0.1,0.0,4.58,900.0
2023-12-18 16:00:00,4.9,0.1,0.0,4.44,900.0
2023-12-18 16:15:00,4.7,0.0,0.0,4.42,900.0
2023-12-18 16:30:00,4.4,-0.1,0.0,4.44,173.46
2023-12-18 16:45:00,4.1,-0.2,0.0,4.44,0.0
2023-12-18 17:00:00,3.8,-0.2,0.0,4.53,0.0
2023-12-18 17:15:00,3.6,-0.3,0.0,4.64,0.0
2023-12-18 17:30:00,3.4,-0.4,0.0,4.78,0.0
2023-12-18 17:45:00,3.2,-0.5,0.0,4.92,0.0
2023-12-18 18:00:00,3.1,-0.6,0.0,5.03,0.0
2023-12-18 18:15:00,3.0,-0.7,0.0,5.06,0.0
2023-12-18 18:30:00,3.0,-0.7,0.0,5.06,0.0
2023-12-18 18:45:00,3.0,-0.8,0.0,5.03,0.0
2023-12-18 19:00:00,3.0,-0.8,0.0,4.94,0.0
2023-12-18 19:15:00,3.1,-0.8,0.0,4.86,0.0
2023-12-18 19:30:00,3.3,-0.9,0.0,4.75,0.0
2023-12-18 19:45:00,3.5,-0.9,0.0,4.61,0.0
2023-12-18 20:00:00,3.6,-0.9,0.0,4.53,0.0
2023-12-18 20:15:00,3.6,-0.9,0.0,4.5,0.0
2023-12-18 20:30:00,3.6,-1.0,0.0,4.5,0.0
2023-12-18 20:45:00,3.6,-1.0,0.0,4.53,0.0
2023-12-18 21:00:00,3.5,-1.1,0.0,4.56,0.0
2023-12-18 21:15:00,3.5,-1.1,0.0,4.58,0.0
2023-12-18 21:30:00,3.5,-1.1,0.0,4.61,0.0
2023-12-18 21:45:00,3.5,-1.2,0.0,4.67,0.0
2023-12-18 22:00:00,3.4,-1.2,0.0,4.69,0.0
2023-12-18 22:15:00,3.3,-1.2,0.0,4.78,0.0
2023-12-18 22:30:00,3.2,-1.2,0.0,4.86,0.0
2023-12-18 22:45:00,3.0,-1.2,0.0,4.94,0.0
2023-12-18 23:00:00,2.9,-1.3,0.0,5.03,0.0
2023-12-18 23:15:00,2.8,-1.3,0.0,5.06,0.0
2023-12-18 23:30:00,2.8,-1.3,0.0,5.08,0.0
2023-12-18 23:45:00,2.7,-1.3,0.0,5.11,0.0
2023-12-19 00:00:00,2.6,-1.4,0.0,5.14,0.0
2023-12-19 00:15:00,2.5,-1.4,0.0,5.14,0.0
2023-12-19 00:30:00,2.3,-1.4,0.0,5.14,0.0
2023-12-19 00:45:00,2.0,-1.5,0.0,5.14,0.0
2023-12-19 01:00:00,1.8,-1.5,0.0,5.17,0.0
2023-12-19 01:15:00,1.5,-1.5,0.0,5.17,0.0
2023-12-19 01:30:00,1.1,-1.5,0.0,5.25,0.0
2023-12-19 01:45:00,0.8,-1.4,0.0,5.28,0.0
2023-12-19 02:00:00,0.6,-1.5,0.0,5.36,0.0
2023-12-19 02:15:00,0.5,-1.6,0.0,5.47,0.0
2023-12-19 02:30:00,0.6,-1.7,0.0,5.69,0.0
2023-12-19 02:45:00,0.6,-1.9,0.0,5.86,0.0
2023-12-19 03:00:00,0.7,-1.9,0.0,6.0,0.0
2023-12-19 03:15:00,0.7,-1.9,0.0,6.08,0.0
2023-12-19 03:30:00,0.7,-1.8,0.0,6.17,0.0
2023-12-19 03:45:00,0.7,-1.8,0.0,6.22,0.0
2023-12-19 04:00:00,0.7,-1.7,0.0,6.28,0.0
2023-12-19 04:15:00,0.6,-1.6,0.0,6.42,0.0
2023-12-19 04:30:00,0.6,-1.6,0.0,6.58,0.0
2023-12-19 04:45:00,0.5,-1.5,0.0,6.72,0.0
2023-12-19 05:00:00,0.5,-1.5,0.0,6.81,0.0
2023-12-19 05:15:00,0.6,-1.4,0.0,6.75,0.0
2023-12-19 05:30:00,0.6,-1.3,0.0,6.67,0.0
2023-12-19 05:45:00,0.7,-1.2,0.0,6.53,0.0
2023-12-19 06:00:00,0.8,-1.2,0.0,6.44,0.0
2023-12-19 06:15:00,0.8,-1.1,0.0,6.36,0.0
2023-12-19 06:30:00,0.8,-1.1,0.0,6.33,0.0
2023-12-19 06:45:00,0.9,-1.0,0.0,6.28,0.0
2023-12-19 07:00:00,0.9,-1.0,0.0,6.28,0.0
2023-12-19 07:15:00,0.9,-0.9,0.0,6.39,0.0
2023-12-19 07:30:00,0.9,-0.9,0.0,6.56,0.0
2023-12-19 07:45:00,0.9,-0.9,0.0,6.69,0.0
2023-12-19 08:00:00,1.0,-0.9,0.0,6.81,0.0
2023-12-19 08:15:00,1.0,-0.9,0.0,6.86,0.0
2023-12-19 08:30:00,1.1,-0.9,0.0,6.83,0.0
2023-12-19 08:45:00,1.2,-0.8,0.0,6.81,105.23
2023-12-19 09:00:00,1.4,-0.8,0.0,6.81,821.55
2023-12-19 09:15:00,1.6,-0.8,0.0,6.81,900.0
2023-12-19 09:30:00,1.8,-0.8,0.0,6.86,900.0
2023-12-19 09:45:00,2.0,-0.7,0.0,6.89,900.0
2023-12-19 10:00:00,2.3,-0.6,0.0,6.75,900.0
2023-12-19 10:15:00,2.5,-0.4,0.0,6.42,900.0
2023-12-19 10:30:00,2.7,-0.2,0.0,6.0,900.0
2023-12-19 10:45:00,2.8,0.2,0.0,5.56,900.0
2023-12-19 11:00:00,3.1,0.4,0.0,5.25,900.0
2023-12-19 11:15:00,3.4,0.7,0.0,5.06,900.0
2023-12-19 11:30:00,3.7,0.9,0.0,4.92,900.0
2023-12-19 11:45:00,4.1,1.1,0.0,4.86,900.0
2023-12-19 12:00:00,4.3,1.2,0.0,4.83,900.0
2023-12-19 12:15:00,4.5,1.3,0.0,4.89,900.0
2023-12-19 12:30:00,4.5,1.3,0.0,5.06,900.0
2023-12-19 12:45:00,4.5,1.3,0.0,5.22,900.0
2023-12-19 13:00:00,4.6,1.3,0.0,5.33,900.0
2023-12-19 13:15:00,4.7,1.3,0.0,5.33,900.0
2023-12-19 13:30:00,4.8,1.4,0.0,5.28,900.0
2023-12-19 13:45:00,4.8,1.4,0.0,5.22,900.0
2023-12-19 14:00:00,4.8,1.3,0.0,5.33,900.0
2023-12-19 14:15:00,4.5,1.1,0.0,5.61,900.0
2023-12-19 14:30:00,4.1,0.7,0.0,6.03,900.0
2023-12-19 14:45:00,3.7,0.3,0.0,6.47,900.0
2023-12-19 15:00:00,3.3,-0.1,0.0,6.81,900.0
2023-12-19 15:15:00,3.1,-0.3,0.0,7.06,900.0
2023-12-19 15:30:00,3.0,-0.4,0.0,7.28,900.0
2023-12-19 15:45:00,2.9,-0.6,0.0,7.42,900.0
2023-12-19 16:00:00,2.8,-0.7,0.0,7.56,900.0
2023-12-19 16:15:00,2.6,-0.8,0.0,7.64,560.0
2023-12-19 16:30:00,2.5,-0.9,0.0,7.67,164.03
2023-12-19 16:45:00,2.3,-1.0,0.0,7.69,0.0
2023-12-19 17:00:00,2.2,-1.0,0.0,7.69,0.0
2023-12-19 17:15:00,2.1,-1.0,0.0,7.75,0.0
2023-12-19 17:30:00,2.0,-1.0,0.0,7.81,0.0
2023-12-19 17:45:00,1.9,-1.0,0.0,7.86,0.0
2023-12-19 18:00:00,1.9,-1.0,0.0,7.92,0.0
2023-12-19 18:15:00,1.8,-1.0,0.0,7.94,0.0
2023-12-19 18:30:00,1.8,-1.0,0.0,7.97,0.0
2023-12-19 18:45:00,1.7,-1.1,0.0,7.97,0.0
2023-12-19 19:00:00,1.7,-1.1,0.0,7.97,0.0
2023-12-19 19:15:00,1.6,-1.1,0.0,7.94,0.0
2023-12-19 19:30:00,1.6,-1.1,0.0,7.89,0.0
2023-12-19 19:45:00,1.5,-1.1,0.0,7.86,0.0
2023-12-19 20:00:00,1.5,-1.1,0.0,7.83,0.0
2023-12-19 20:15:00,1.4,-1.1,0.0,7.75,0.0
2023-12-19 20:30:00,1.3,-1.1,0.0,7.67,0.0
2023-12-19 20:45:00,1.3,-1.1,0.0,7.56,0.0
2023-12-19 21:00:00,1.2,-1.1,0.0,7.47,0.0
2023-12-19 21:15:00,1.2,-1.1,0.0,7.36,0.0
2023-12-19 21:30:00,1.2,-1.2,0.0,7.31,0.0
2023-12-19 21:45:00,1.3,-1.2,0.0,7.22,0.0
2023-12-19 22:00:00,1.3,-1.2,0.0,7.19,0.0
2023-12-19 22:15:00,1.4,-1.1,0.0,7.22,0.0
2023-12-19 22:30:00,1.4,-1.1,0.0,7.31,0.0
2023-12-19 22:45:00,1.5,-1.0,0.0,7.42,0.0
2023-12-19 23:00:00,1.5,-1.0,0.0,7.42,0.0
2023-12-19 23:15:00,1.5,-1.0,0.0,7.44,0.0
2023-12-19 23:30:00,1.5,-1.0,0.0,7.47,0.0
2023-12-19 23:45:00,1.4,-1.0,0.0,7.44,0.0
2023-12-20 00:00:00,1.4,-1.0,0.0,7.42,0.0
2023-12-20 00:15:00,1.3,-1.0,0.0,7.42,0.0
2023-12-20 00:30:00,1.3,-1.0,0.0,7.39,0.0
2023-12-20 00:45:00,1.3,-1.0,0.0,7.33,0.0
2023-12-20 01:00:00,1.3,-1.0,0.0,7.31,0.0
2023-12-20 01:15:00,1.3,-1.1,0.0,7.28,0.0
2023-12-20 01:30:00,1.3,-1.1,0.0,7.22,0.0
2023-12-20 01:45:00,1.3,-1.1,0.0,7.17,0.0
2023-12-20 02:00:00,1.3,-1.1,0.0,7.17,0.0
2023-12-20 02:15:00,1.2,-1.1,0.0,7.19,0.0
2023-12-20 02:30:00,1.1,-1.1,0.0,7.28,0.0
2023-12-20 02:45:00,1.0,-1.1,0.0,7.33,0.0
2023-12-20 03:00:00,0.9,-1.1,0.0,7.33,0.0
2023-12-20 03:15:00,0.8,-1.1,0.0,7.28,0.0
2023-12-20 03:30:00,0.8,-1.1,0.0,7.14,0.0
2023-12-20 03:45:00,0.7,-1.2,0.0,7.0,0.0
2023-12-20 04:00:00,0.7,-1.2,0.0,6.94,0.0
2023-12-20 04:15:00,0.6,-1.2,0.0,6.97,0.0
2023-12-20 04:30:00,0.6,-1.2,0.0,7.0,0.0
2023-12-20 04:45:00,0.5,-1.2,0.0,7.08,0.0
2023-12-20 05:00:00,0.5,-1.3,0.0,7.06,0.0
2023-12-20 05:15:00,0.5,-1.3,0.0,6.97,0.0
2023-12-20 05:30:00,0.6,-1.4,0.0,6.83,0.0
2023-12-20 05:45:00,0.6,-1.5,0.0,6.69,0.0
2023-12-20 06:00:00,0.6,-1.6,0.0,6.5,0.0
2023-12-20 06:15:00,0.6,-1.7,0.0,6.28,0.0
2023-12-20 06:30:00,0.5,-1.7,0.0,6.03,0.0
2023-12-20 06:45:00,0.5,-1.8,0.0,5.81,0.0
2023-12-20 07:00:00,0.4,-1.9,0.0,5.64,0.0
2023-12-20 07:15:00,0.3,-1.9,0.0,5.53,0.0
2023-12-20 07:30:00,0.2,-2.0,0.0,5.53,0.0
2023-12-20 07:45:00,0.1,-2.0,0.0,5.47,0.0
2023-12-20 08:00:00,0.1,-2.0,0.0,5.42,0.0
2023-12-20 08:15:00,0.2,-2.0,0.0,5.33,0.0
2023-12-20 08:30:00,0.3,-1.9,0.0,5.28,0.0
2023-12-20 08:45:00,0.5,-1.9,0.0,5.22,0.0
2023-12-20 09:00:00,0.7,-1.8,0.0,5.14,0.0
2023-12-20 09:15:00,0.8,-1.8,0.1,5.06,0.0
2023-12-20 09:30:00,1.0,-1.7,0.1,4.89,0.0
2023-12-20 09:45:00,1.1,-1.6,0.1,4.75,0.0
2023-12-20 10:00:00,1.2,-1.5,0.1,4.67,0.0
2023-12-20 10:15:00,1.4,-1.5,0.1,4.58,0.0
2023-12-20 10:30:00,1.5,-1.4,0.1,4.5,0.0
2023-12-20 10:45:00,1.7,-1.3,0.1,4.47,0.0
2023-12-20 11:00:00,1.8,-1.2,0.1,4.42,0.0
2023-12-20 11:15:00,2.0,-1.0,0.1,4.42,0.0
2023-12-20 11:30:00,2.2,-0.7,0.1,4.36,0.0
2023-12-20 11:45:00,2.3,-0.5,0.1,4.31,0.0
2023-12-20 12:00:00,2.5,-0.3,0.1,4.31,0.0
2023-12-20 12:15:00,2.6,-0.1,0.1,4.31,0.0
2023-12-20 12:30:00,2.8,0.1,0.1,4.39,0.0
2023-12-20 12:45:00,2.9,0.2,0.1,4.36,0.0
2023-12-20 13:00:00,2.9,0.3,0.1,4.31,0.0
2023-12-20 13:15:00,2.7,0.4,0.1,4.14,0.0
2023-12-20 13:30:00,2.4,0.5,0.1,3.86,0.0
2023-12-20 13:45:00,2.1,0.6,0.1,3.61,0.0
2023-12-20 14:00:00,2.0,0.7,0.1,3.47,0.0
2023-12-20 14:15:00,2.0,0.8,0.2,3.58,0.0
2023-12-20 14:30:00,2.1,0.9,0.2,3.81,0.0
2023-12-20 14:45:00,2.3,1.0,0.2,4.08,0.0
2023-12-20 15:00:00,2.5,1.1,0.2,4.25,0.0
2023-12-20 15:15:00,2.7,1.4,0.1,4.33,0.0
2023-12-20 15:30:00,2.9,1.7,0.1,4.42,0.0
2023-12-20 15:45:00,3.1,2.0,0.1,4.5,0.0
2023-12-20 16:00:00,3.3,2.3,0.1,4.61,0.0
2023-12-20 16:15:00,3.4,2.4,0.0,4.78,0.0
2023-12-20 16:30:00,3.6,2.5,0.0,5.03,0.0
2023-12-20 16:45:00,3.7,2.5,0.0,5.22,0.0
2023-12-20 17:00:00,3.8,2.5,0.0,5.39,0.0
2023-12-20 17:15:00,3.9,2.5,0.0,5.47,0.0
2023-12-20 17:30:00,3.9,2.5,0.0,5.5,0.0
2023-12-20 17:45:00,3.9,2.5,0.0,5.47,0.0
2023-12-20 18:00:00,3.8,2.4,0.0,5.42,0.0
2023-12-20 18:15:00,3.7,2.3,0.0,5.31,0.0
2023-12-20 18:30:00,3.5,2.1,0.0,5.17,0.0
2023-12-20 18:45:00,3.3,1.9,0.0,4.97,0.0
2023-12-20 19:00:00,3.1,1.8,0.0,4.83,0.0
2023-12-20 19:15:00,3.0,1.7,0.0,4.75,0.0
2023-12-20 19:30:00,2.8,1.5,0.0,4.67,0.0
2023-12-20 19:45:00,2.7,1.4,0.0,4.61,0.0
2023-12-20 20:00:00,2.6,1.3,0.0,4.64,0.0
2023-12-20 20:15:00,2.6,1.2,0.0,4.69,0.0
2023-12-20 20:30:00,2.5,1.1,0.0,4.86,0.0
2023-12-20 20:45:00,2.5,1.0,0.0,5.0,0.0
2023-12-20 21:00:00,2.5,0.8,0.0,5.08,0.0
2023-12-20 21:15:00,2.4,0.7,0.0,5.11,0.0
2023-12-20 21:30:00,2.3,0.5,0.0,5.08,0.0
2023-12-20 21:45:00,2.2,0.4,0.0,5.06,0.0
2023-12-20 22:00:00,2.1,0.2,0.0,5.08,0.0
2023-12-20 22:15:00,2.1,0.1,0.0,5.19,0.0
2023-12-20 22:30:00,2.1,0.0,0.0,5.39,0.0
2023-12-20 22:45:00,2.1,-0.1,0.0,5.53,0.0
2023-12-20 23:00:00,2.1,-0.2,0.0,5.69,0.0
2023-12-20 23:15:00,2.1,-0.2,0.0,5.78,0.0
2023-12-20 23:30:00,2.1,-0.3,0.0,5.81,0.0
2023-12-20 23:45:00,2.1,-0.3,0.0,5.86,0.0
2023-12-21 00:00:00,2.2,-0.3,0.0,5.86,0.0
2023-12-21 00:15:00,2.2,-0.3,0.0,5.83,0.0
2023-12-21 00:30:00,2.2,-0.3,0.0,5.83,0.0
2023-12-21 00:45:00,2.3,-0.3,0.0,5.78,0.0
2023-12-21 01:00:00,2.4,-0.3,0.0,5.75,0.0
2023-12-21 01:15:00,2.5,-0.3,0.0,5.81,0.0
2023-12-21 01:30:00,2.7,-0.2,0.0,5.83,0.0
2023-12-21 01:45:00,2.8,-0.2,0.0,5.89,0.0
2023-12-21 02:00:00,3.0,-0.1,0.0,5.86,0.0
2023-12-21 02:15:00,3.2,-0.1,0.0,5.83,0.0
2023-12-21 02:30:00,3.5,-0.2,0.0,5.69,0.0
2023-12-21 02:45:00,3.7,-0.2,0.0,5.53,0.0
2023-12-21 03:00:00,3.8,-0.2,0.0,5.39,0.0
2023-12-21 03:15:00,3.8,-0.2,0.0,5.19,0.0
2023-12-21 03:30:00,3.7,-0.2,0.0,4.97,0.0
2023-12-21 03:45:00,3.6,-0.1,0.0,4.75,0.0
2023-12-21 04:00:00,3.5,-0.1,0.0,4.58,0.0
2023-12-21 04:15:00,3.3,0.0,0.0,4.5,0.0
2023-12-21 04:30:00,3.1,0.0,0.0,4.47,0.0
2023-12-21 04:45:00,2.9,0.0,0.0,4.5,0.0
2023-12-21 05:00:00,2.6,-0.1,0.0,4.56,0.0
2023-12-21 05:15:00,2.4,-0.2,0.0,4.64,0.0
2023-12-21 05:30:00,2.2,-0.4,0.0,4.67,0.0
2023-12-21 05:45:00,1.9,-0.6,0.0,4.72,0.0
2023-12-21 06:00:00,1.8,-0.7,0.0,4.83,0.0
2023-12-21 06:15:00,1.7,-0.9,0.0,5.0,0.0
2023-12-21 06:30:00,1.7,-1.0,0.0,5.14,0.0
2023-12-21 06:45:00,1.7,-1.1,0.0,5.28,0.0
2023-12-21 07:00:00,1.6,-1.2,0.0,5.47,0.0
2023-12-21 07:15:00,1.4,-1.3,0.0,5.69,0.0
2023-12-21 07:30:00,1.1,-1.4,0.0,5.89,0.0
2023-12-21 07:45:00,0.7,-1.5,0.0,6.08,0.0
2023-12-21 08:00:00,0.5,-1.6,0.0,6.28,0.0
2023-12-21 08:15:00,0.3,-1.7,0.0,6.42,0.0
2023-12-21 08:30:00,0.1,-1.7,0.0,6.56,0.0
2023-12-21 08:45:00,-0.1,-1.6,0.0,6.69,140.78
2023-12-21 09:00:00,-0.1,-1.6,0.0,6.86,517.25
2023-12-21 09:15:00,-0.1,-1.6,0.0,7.0,739.56
2023-12-21 09:30:00,0.1,-1.6,0.0,7.22,900.0
2023-12-21 09:45:00,0.2,-1.6,0.0,7.33,900.0
2023-12-21 10:00:00,0.4,-1.6,0.0,7.36,692.3
2023-12-21 10:15:00,0.5,-1.5,0.1,7.25,323.74
2023-12-21 10:30:00,0.6,-1.4,0.1,7.0,9.43
2023-12-21 10:45:00,0.7,-1.3,0.1,6.78,0.0
2023-12-21 11:00:00,0.8,-1.3,0.1,6.69,0.0
2023-12-21 11:15:00,0.8,-1.2,0.0,6.78,0.0
2023-12-21 11:30:00,0.8,-1.2,0.0,7.0,0.0
2023-12-21 11:45:00,0.8,-1.2,0.0,7.19,0.0
2023-12-21 12:00:00,0.8,-1.2,0.0,7.36,0.0
2023-12-21 12:15:00,1.0,-1.1,0.0,7.36,55.53
2023-12-21 12:30:00,1.2,-1.0,0.0,7.28,288.38
2023-12-21 12:45:00,1.4,-0.9,0.0,7.14,499.35
2023-12-21 13:00:00,1.6,-0.8,0.0,7.06,667.49
2023-12-21 13:15:00,1.7,-0.7,0.0,7.0,850.34
2023-12-21 13:30:00,1.8,-0.6,0.0,6.89,900.0
2023-12-21 13:45:00,1.9,-0.6,0.0,6.86,900.0
2023-12-21 14:00:00,1.9,-0.6,0.0,6.89,764.75
2023-12-21 14:15:00,1.8,-0.7,0.0,7.06,551.24
2023-12-21 14:30:00,1.6,-0.9,0.0,7.33,316.86
2023-12-21 14:45:00,1.4,-1.0,0.0,7.67,162.59
2023-12-21 15:00:00,1.3,-1.1,0.0,7.94,22.85
2023-12-21 15:15:00,1.4,-1.0,0.0,8.19,0.0
2023-12-21 15:30:00,1.5,-0.9,0.0,8.39,0.0
2023-12-21 15:45:00,1.6,-0.7,0.0,8.61,0.0
2023-12-21 16:00:00,1.8,-0.5,0.0,8.78,0.0
2023-12-21 16:15:00,2.1,-0.3,0.1,8.86,0.0
2023-12-21 16:30:00,2.4,-0.1,0.1,8.78,0.0
2023-12-21 16:45:00,2.6,0.2,0.1,8.78,0.0
2023-12-21 17:00:00,2.9,0.4,0.1,8.75,0.0
2023-12-21 17:15:00,3.0,0.6,0.1,8.83,0.0
2023-12-21 17:30:00,3.1,0.7,0.1,8.92,0.0
2023-12-21 17:45:00,3.2,0.9,0.1,9.06,0.0
2023-12-21 18:00:00,3.3,1.1,0.1,9.11,0.0
2023-12-21 18:15:00,3.4,1.2,0.1,9.17,0.0
2023-12-21 18:30:00,3.5,1.4,0.1,9.17,0.0
2023-12-21 18:45:00,3.6,1.6,0.1,9.17,0.0
2023-12-21 19:00:00,3.6,1.7,0.1,9.22,0.0
2023-12-21 19:15:00,3.7,1.7,0.1,9.31,0.0
2023-12-21 19:30:00,3.7,1.8,0.1,9.36,0.0
2023-12-21 19:45:00,3.7,1.8,0.1,9.47,0.0
2023-12-21 20:00:00,3.8,1.8,0.1,9.58,0.0
2023-12-21 20:15:00,3.8,1.7,0.1,9.72,0.0
2023-12-21 20:30:00,3.9,1.6,0.1,9.86,0.0
2023-12-21 20:45:00,3.9,1.5,0.1,9.94,0.0
2023-12-21 21:00:00,3.9,1.5,0.1,10.03,0.0
2023-12-21 21:15:00,3.8,1.5,0.1,10.06,0.0
2023-12-21 21:30:00,3.6,1.5,0.1,10.03,0.0
2023-12-21 21:45:00,3.4,1.6,0.1,10.0,0.0
2023-12-21 22:00:00,3.3,1.6,0.1,9.94,0.0
2023-12-21 22:15:00,3.2,1.5,0.4,9.83,0.0
2023-12-21 22:30:00,3.1,1.4,0.4,9.69,0.0
2023-12-21 22:45:00,3.0,1.2,0.4,9.61,0.0
2023-12-21 23:00:00,3.0,1.2,0.4,9.47,0.0
2023-12-21 23:15:00,3.0,1.2,0.2,9.42,0.0
2023-12-21 23:30:00,3.0,1.3,0.2,9.36,0.0
2023-12-21 23:45:00,3.0,1.4,0.2,9.28,0.0
2023-12-22 00:00:00,3.1,1.4,0.2,9.14,0.0
2023-12-22 00:15:00,3.1,1.5,0.1,8.94,0.0
2023-12-22 00:30:00,3.3,1.5,0.1,8.67,0.0
2023-12-22 00:45:00,3.3,1.6,0.1,8.39,0.0
2023-12-22 01:00:00,3.3,1.6,0.1,8.08,0.0
2023-12-22 01:15:00,3.0,1.6,0.5,7.72,0.0
2023-12-22 01:30:00,2.6,1.6,0.5,7.39,0.0
2023-12-22 01:45:00,2.3,1.6,0.5,7.08,0.0
2023-12-22 02:00:00,2.1,1.7,0.5,6.86,0.0
2023-12-22 02:15:00,2.3,1.8,0.2,6.75,0.0
2023-12-22 02:30:00,2.7,1.9,0.2,6.75,0.0
2023-12-22 02:45:00,3.1,2.1,0.2,6.69,0.0
2023-12-22 03:00:00,3.4,2.2,0.2,6.58,0.0
2023-12-22 03:15:00,3.5,2.2,0.3,6.31,0.0
2023-12-22 03:30:00,3.5,2.1,0.3,5.94,0.0
2023-12-22 03:45:00,3.5,2.0,0.3,5.67,0.0
2023-12-22 04:00:00,3.6,1.9,0.3,5.56,0.0
2023-12-22 04:15:00,3.7,2.0,0.0,5.78,0.0
2023-12-22 04:30:00,3.9,2.1,0.0,6.22,0.0
2023-12-22 04:45:00,4.0,2.2,0.0,6.67,0.0
2023-12-22 05:00:00,4.0,2.2,0.0,7.03,0.0
2023-12-22 05:15:00,3.8,2.0,0.0,7.22,0.0
2023-12-22 05:30:00,3.5,1.7,0.0,7.25,0.0
2023-12-22 05:45:00,3.2,1.4,0.0,7.25,0.0
2023-12-22 06:00:00,2.9,1.1,0.0,7.31,0.0
2023-12-22 06:15:00,2.8,0.9,0.0,7.36,0.0
2023-12-22 06:30:00,2.7,0.7,0.0,7.44,0.0
2023-12-22 06:45:00,2.6,0.5,0.0,7.44,0.0
2023-12-22 07:00:00,2.5,0.3,0.0,7.5,0.0
2023-12-22 07:15:00,2.4,0.1,0.0,7.5,0.0
2023-12-22 07:30:00,2.3,-0.3,0.0,7.44,0.0
2023-12-22 07:45:00,2.3,-0.6,0.0,7.39,0.0
2023-12-22 08:00:00,2.2,-0.8,0.0,7.39,0.0
2023-12-22 08:15:00,2.1,-1.0,0.0,7.5,0.0
2023-12-22 08:30:00,1.9,-1.1,0.0,7.69,0.0
2023-12-22 08:45:00,1.8,-1.2,0.0,7.89,155.84
2023-12-22 09:00:00,1.8,-1.3,0.0,8.0,900.0
2023-12-22 09:15:00,1.8,-1.4,0.0,8.0,900.0
2023-12-22 09:30:00,1.8,-1.4,0.0,7.94,900.0
2023-12-22 09:45:00,1.9,-1.4,0.0,7.89,900.0
2023-12-22 10:00:00,2.0,-1.4,0.0,7.89,900.0
2023-12-22 10:15:00,2.1,-1.4,0.0,8.0,900.0
2023-12-22 10:30:00,2.2,-1.5,0.0,8.17,900.0
2023-12-22 10:45:00,2.3,-1.5,0.0,8.25,900.0
2023-12-22 11:00:00,2.5,-1.5,0.0,8.19,900.0
2023-12-22 11:15:00,2.6,-1.4,0.0,7.94,900.0
2023-12-22 11:30:00,2.8,-1.4,0.0,7.56,900.0
2023-12-22 11:45:00,3.0,-1.4,0.0,7.22,900.0
2023-12-22 12:00:00,3.2,-1.4,0.0,6.94,900.0
2023-12-22 12:15:00,3.4,-1.5,0.0,6.72,900.0
2023-12-22 12:30:00,3.7,-1.7,0.0,6.56,900.0
2023-12-22 12:45:00,3.9,-1.8,0.0,6.42,900.0
2023-12-22 13:00:00,4.0,-2.0,0.0,6.39,900.0
2023-12-22 13:15:00,4.0,-2.1,0.0,6.5,900.0
2023-12-22 13:30:00,4.0,-2.2,0.0,6.72,900.0
2023-12-22 13:45:00,3.9,-2.2,0.0,6.97,820.84
2023-12-22 14:00:00,3.8,-2.3,0.0,7.25,489.94
2023-12-22 14:15:00,3.7,-2.3,0.0,7.44,323.59
2023-12-22 14:30:00,3.6,-2.4,0.0,7.69,280.16
2023-12-22 14:45:00,3.4,-2.4,0.0,7.92,351.51
2023-12-22 15:00:00,3.2,-2.4,0.0,8.06,620.48
2023-12-22 15:15:00,2.8,-2.5,0.2,8.11,900.0
2023-12-22 15:30:00,2.4,-2.6,0.2,8.14,900.0
2023-12-22 15:45:00,2.0,-2.7,0.2,8.08,900.0
2023-12-22 16:00:00,1.7,-2.7,0.2,8.03,900.0
2023-12-22 16:15:00,1.5,-2.8,0.0,7.97,682.45
2023-12-22 16:30:00,1.4,-2.9,0.0,7.89,127.11
2023-12-22 16:45:00,1.4,-2.9,0.0,7.81,0.0
2023-12-22 17:00:00,1.3,-3.0,0.0,7.78,0.0
2023-12-22 17:15:00,1.3,-3.0,0.0,7.72,0.0
2023-12-22 17:30:00,1.4,-2.9,0.0,7.69,0.0
2023-12-22 17:45:00,1.4,-2.8,0.0,7.69,0.0
2023-12-22 18:00:00,1.4,-2.8,0.0,7.72,0.0
2023-12-22 18:15:00,1.4,-2.9,0.0,7.78,0.0
2023-12-22 18:30:00,1.4,-3.0,0.0,7.86,0.0
2023-12-22 18:45:00,1.4,-3.1,0.0,7.97,0.0
2023-12-22 19:00:00,1.4,-3.3,0.0,8.03,0.0
2023-12-22 19:15:00,1.5,-3.4,0.0,8.08,0.0
2023-12-22 19:30:00,1.5,-3.6,0.0,8.14,0.0
2023-12-22 19:45:00,1.5,-3.8,0.0,8.14,0.0
2023-12-22 20:00:00,1.5,-4.0,0.0,8.14,0.0
2023-12-22 20:15:00,1.5,-4.2,0.0,8.11,0.0
2023-12-22 20:30:00,1.5,-4.4,0.0,8.11,0.0
2023-12-22 20:45:00,1.4,-4.5,0.0,8.11,0.0
2023-12-22 21:00:00,1.3,-4.6,0.0,8.0,0.0
2023-12-22 21:15:00,1.1,-4.7,0.0,7.81,0.0
2023-12-22 21:30:00,0.8,-4.8,0.0,7.53,0.0
2023-12-22 21:45:00,0.6,-4.8,0.0,7.22,0.0
2023-12-22 22:00:00,0.4,-4.8,0.0,7.06,0.0
2023-12-22 22:15:00,0.2,-4.9,0.0,6.94,0.0
2023-12-22 22:30:00,0.1,-4.9,0.0,6.86,0.0
2023-12-22 22:45:00,-0.1,-4.9,0.0,6.81,0.0
2023-12-22 23:00:00,-0.2,-5.0,0.0,6.78,0.0
2023-12-22 23:15:00,-0.3,-5.0,0.0,6.69,0.0
2023-12-22 23:30:00,-0.3,-5.1,0.0,6.56,0.0
2023-12-22 23:45:00,-0.4,-5.2,0.0,6.47,0.0
2023-12-23 00:00:00,-0.4,-5.2,0.0,6.42,0.0
2023-12-23 00:15:00,-0.5,-5.1,0.0,6.5,0.0
2023-12-23 00:30:00,-0.6,-4.9,0.0,6.64,0.0
2023-12-23 00:45:00,-0.6,-4.7,0.0,6.81,0.0
2023-12-23 01:00:00,-0.7,-4.6,0.0,6.83,0.0
2023-12-23 01:15:00,-0.8,-4.6,0.0,6.75,0.0
2023-12-23 01:30:00,-0.9,-4.6,0.0,6.53,0.0
2023-12-23 01:45:00,-1.0,-4.7,0.0,6.33,0.0
2023-12-23 02:00:00,-1.0,-4.8,0.0,6.19,0.0
2023-12-23 02:15:00,-0.9,-4.9,0.0,6.19,0.0
2023-12-23 02:30:00,-0.6,-4.9,0.0,6.19,0.0
2023-12-23 02:45:00,-0.3,-5.0,0.0,6.22,0.0
2023-12-23 03:00:00,-0.2,-5.1,0.0,6.31,0.0
2023-12-23 03:15:00,-0.1,-5.1,0.0,6.42,0.0
2023-12-23 03:30:00,-0.2,-5.0,0.0,6.56,0.0
2023-12-23 03:45:00,-0.3,-5.0,0.0,6.72,0.0
2023-12-23 04:00:00,-0.3,-4.9,0.0,6.81,0.0
2023-12-23 04:15:00,-0.3,-4.9,0.0,6.86,0.0
2023-12-23 04:30:00,-0.3,-4.8,0.0,6.92,0.0
2023-12-23 04:45:00,-0.3,-4.8,0.0,6.94,0.0
2023-12-23 05:00:00,-0.3,-4.9,0.0,6.97,0.0
2023-12-23 05:15:00,-0.3,-5.2,0.0,7.0,0.0
2023-12-23 05:30:00,-0.4,-5.5,0.0,7.06,0.0
2023-12-23 05:45:00,-0.4,-5.9,0.0,7.06,0.0
2023-12-23 06:00:00,-0.5,-6.1,0.0,7.0,0.0
2023-12-23 06:15:00,-0.6,-6.1,0.0,6.92,0.0
2023-12-23 06:30:00,-0.7,-6.0,0.0,6.75,0.0
2023-12-23 06:45:00,-0.9,-5.9,0.0,6.56,0.0
2023-12-23 07:00:00,-1.0,-5.8,0.0,6.47,0.0
2023-12-23 07:15:00,-1.0,-5.7,0.0,6.42,0.0
2023-12-23 07:30:00,-1.0,-5.7,0.0,6.42,0.0
2023-12-23 07:45:00,-1.0,-5.7,0.0,6.42,0.0
2023-12-23 08:00:00,-0.9,-5.7,0.0,6.44,0.0
2023-12-23 08:15:00,-0.9,-5.8,0.0,6.53,0.0
2023-12-23 08:30:00,-0.9,-5.8,0.0,6.58,0.0
2023-12-23 08:45:00,-0.9,-5.9,0.0,6.67,168.97
2023-12-23 09:00:00,-0.8,-5.9,0.0,6.75,900.0
2023-12-23 09:15:00,-0.7,-5.9,0.0,6.86,900.0
2023-12-23 09:30:00,-0.6,-5.8,0.0,7.0,900.0
2023-12-23 09:45:00,-0.4,-5.8,0.0,7.08,900.0
2023-12-23 10:00:00,-0.3,-5.7,0.0,7.11,900.0
2023-12-23 10:15:00,-0.1,-5.7,0.0,6.86,900.0
2023-12-23 10:30:00,0.1,-5.7,0.0,6.56,900.0
2023-12-23 10:45:00,0.2,-5.6,0.0,6.36,900.0
2023-12-23 11:00:00,0.3,-5.7,0.0,6.5,900.0
2023-12-23 11:15:00,0.5,-5.8,0.0,7.17,900.0
2023-12-23 11:30:00,0.6,-5.9,0.0,8.22,900.0
2023-12-23 11:45:00,0.7,-6.1,0.0,9.36,900.0
2023-12-23 12:00:00,0.8,-6.1,0.0,10.17,900.0
2023-12-23 12:15:00,0.9,-6.1,0.0,10.47,900.0
2023-12-23 12:30:00,1.0,-6.0,0.0,10.5,900.0
2023-12-23 12:45:00,1.0,-5.9,0.0,10.39,900.0
2023-12-23 13:00:00,1.1,-5.8,0.0,10.14,900.0
2023-12-23 13:15:00,1.1,-5.8,0.0,9.78,496.64
2023-12-23 13:30:00,1.2,-5.9,0.0,9.31,244.61
2023-12-23 13:45:00,1.3,-5.9,0.0,8.75,270.84
2023-12-23 14:00:00,1.3,-5.8,0.0,8.25,669.51
2023-12-23 14:15:00,1.2,-5.4,0.5,7.75,900.0
2023-12-23 14:30:00,1.1,-5.0,0.5,7.31,900.0
2023-12-23 14:45:00,1.0,-4.5,0.5,7.03,900.0
2023-12-23 15:00:00,1.0,-4.2,0.5,6.86,900.0
2023-12-23 15:15:00,1.0,-4.1,0.0,6.89,336.28
2023-12-23 15:30:00,1.0,-4.2,0.0,6.97,0.0
2023-12-23 15:45:00,1.1,-4.3,0.0,7.14,0.0
2023-12-23 16:00:00,1.1,-4.4,0.0,7.22,0.0
2023-12-23 16:15:00,1.1,-4.5,0.0,7.25,0.0
2023-12-23 16:30:00,1.0,-4.5,0.0,7.25,0.0
2023-12-23 16:45:00,1.0,-4.5,0.0,7.19,0.0
2023-12-23 17:00:00,0.9,-4.4,0.0,7.19,0.0
2023-12-23 17:15:00,0.9,-4.2,0.0,7.19,0.0
2023-12-23 17:30:00,0.9,-4.0,0.0,7.19,0.0
2023-12-23 17:45:00,0.8,-3.7,0.0,7.17,0.0
2023-12-23 18:00:00,0.8,-3.5,0.0,7.11,0.0
2023-12-23 18:15:00,0.7,-3.4,0.1,7.03,0.0
2023-12-23 18:30:00,0.5,-3.3,0.1,6.92,0.0
2023-12-23 18:45:00,0.4,-3.2,0.1,6.81,0.0
2023-12-23 19:00:00,0.3,-3.1,0.1,6.72,0.0
2023-12-23 19:15:00,0.3,-3.0,0.0,6.69,0.0
2023-12-23 19:30:00,0.3,-3.0,0.0,6.67,0.0
2023-12-23 19:45:00,0.3,-2.9,0.0,6.64,0.0
2023-12-23 20:00:00,0.3,-2.9,0.0,6.58,0.0
2023-12-23 20:15:00,0.3,-2.9,0.0,6.5,0.0
2023-12-23 20:30:00,0.4,-3.0,0.0,6.39,0.0
2023-12-23 20:45:00,0.4,-3.0,0.0,6.28,0.0
2023-12-23 21:00:00,0.4,-3.1,0.0,6.14,0.0
2023-12-23 21:15:00,0.2,-3.1,0.0,6.08,0.0
2023-12-23 21:30:00,0.0,-3.2,0.0,6.03,0.0
2023-12-23 21:45:00,-0.2,-3.3,0.0,5.97,0.0
2023-12-23 22:00:00,-0.4,-3.3,0.0,5.92,0.0
2023-12-23 22:15:00,-0.4,-3.3,0.0,5.89,0.0
2023-12-23 22:30:00,-0.3,-3.3,0.0,5.83,0.0
2023-12-23 22:45:00,-0.3,-3.3,0.0,5.81,0.0
2023-12-23 23:00:00,-0.2,-3.3,0.0,5.75,0.0
2023-12-23 23:15:00,-0.2,-3.2,0.0,5.72,0.0
2023-12-23 23:30:00,-0.2,-3.2,0.0,5.72,0.0
2023-12-23 23:45:00,-0.2,-3.1,0.0,5.69,0.0
2023-12-24 00:00:00,-0.2,-3.1,0.0,5.69,0.0
2023-12-24 00:15:00,-0.2,-3.0,0.0,5.69,0.0
2023-12-24 00:30:00,-0.2,-2.9,0.0,5.72,0.0
2023-12-24 00:45:00,-0.2,-2.9,0.0,5.72,0.0
2023-12-24 01:00:00,-0.2,-2.8,0.0,5.75,0.0
2023-12-24 01:15:00,-0.3,-2.8,0.0,5.78,0.0
2023-12-24 01:30:00,-0.3,-2.8,0.0,5.86,0.0
2023-12-24 01:45:00,-0.4,-2.8,0.0,5.97,0.0
2023-12-24 02:00:00,-0.3,-2.8,0.0,6.0,0.0
2023-12-24 02:15:00,-0.2,-2.8,0.0,6.0,0.0
2023-12-24 02:30:00,0.0,-2.7,0.0,6.0,0.0
2023-12-24 02:45:00,0.2,-2.7,0.0,6.0,0.0
2023-12-24 03:00:00,0.4,-2.7,0.0,6.0,0.0
2023-12-24 03:15:00,0.4,-2.7,0.0,6.0,0.0
2023-12-24 03:30:00,0.4,-2.9,0.0,6.06,0.0
2023-12-24 03:45:00,0.4,-3.0,0.0,6.06,0.0
2023-12-24 04:00:00,0.4,-3.0,0.0,6.11,0.0
2023-12-24 04:15:00,0.4,-3.0,0.0,6.17,0.0
2023-12-24 04:30:00,0.5,-2.9,0.0,6.25,0.0
2023-12-24 04:45:00,0.5,-2.8,0.0,6.33,0.0
2023-12-24 05:00:00,0.6,-2.6,0.0,6.33,0.0
2023-12-24 05:15:00,0.6,-2.5,0.0,6.28,0.0
2023-12-24 05:30:00,0.7,-2.3,0.0,6.17,0.0
2023-12-24 05:45:00,0.8,-2.1,0.0,6.06,0.0
2023-12-24 06:00:00,0.9,-1.9,0.0,6.0,0.0
2023-12-24 06:15:00,0.9,-1.8,0.0,6.03,0.0
2023-12-24 06:30:00,0.9,-1.7,0.0,6.03,0.0
2023-12-24 06:45:00,1.0,-1.6,0.0,6.08,0.0
2023-12-24 07:00:00,1.0,-1.5,0.0,6.03,0.0
2023-12-24 07:15:00,1.0,-1.4,0.1,5.92,0.0
2023-12-24 07:30:00,0.9,-1.4,0.1,5.78,0.0
2023-12-24 07:45:00,0.9,-1.3,0.1,5.61,0.0
2023-12-24 08:00:00,0.9,-1.2,0.1,5.5,0.0
2023-12-24 08:15:00,0.9,-1.2,0.1,5.44,0.0
2023-12-24 08:30:00,1.0,-1.1,0.1,5.39,0.0
2023-12-24 08:45:00,1.0,-1.1,0.1,5.36,0.0
2023-12-24 09:00:00,1.1,-1.0,0.1,5.31,0.0
2023-12-24 09:15:00,1.1,-1.0,0.0,5.25,0.0
2023-12-24 09:30:00,1.1,-0.9,0.0,5.22,0.0
2023-12-24 09:45:00,1.2,-0.9,0.0,5.17,0.0
2023-12-24 10:00:00,1.2,-0.8,0.0,5.14,0.0
2023-12-24 10:15:00,1.3,-0.8,0.0,5.08,0.0
2023-12-24 10:30:00,1.4,-0.8,0.0,5.11,0.0
2023-12-24 10:45:00,1.5,-0.8,0.0,5.06,0.0
2023-12-24 11:00:00,1.5,-0.8,0.0,4.97,0.0
2023-12-24 11:15:00,1.6,-0.8,0.0,4.78,0.0
2023-12-24 11:30:00,1.6,-0.9,0.0,4.53,0.0
2023-12-24 11:45:00,1.6,-1.0,0.0,4.25,0.0
2023-12-24 12:00:00,1.6,-1.0,0.0,4.03,0.0
2023-12-24 12:15:00,1.6,-1.1,0.1,3.83,0.0
2023-12-24 12:30:00,1.6,-1.1,0.1,3.64,0.0
2023-12-24 12:45:00,1.7,-1.1,0.1,3.5,0.0
2023-12-24 13:00:00,1.7,-1.1,0.1,3.33,0.0
2023-12-24 13:15:00,1.7,-1.1,0.1,3.17,0.0
2023-12-24 13:30:00,1.7,-1.1,0.1,3.06,0.0
2023-12-24 13:45:00,1.7,-1.0,0.1,2.94,0.0
2023-12-24 14:00:00,1.6,-0.9,0.1,2.83,0.0
2023-12-24 14:15:00,1.5,-0.8,0.2,2.72,0.0
2023-12-24 14:30:00,1.3,-0.7,0.2,2.69,0.0
2023-12-24 14:45:00,1.2,-0.5,0.2,2.61,0.0
2023-12-24 15:00:00,1.1,-0.4,0.2,2.67,0.0
2023-12-24 15:15:00,1.0,-0.4,0.1,2.83,0.0
2023-12-24 15:30:00,1.0,-0.4,0.1,3.03,0.0
2023-12-24 15:45:00,1.0,-0.5,0.1,3.28,0.0
2023-12-24 16:00:00,1.1,-0.5,0.1,3.44,0.0
2023-12-24 16:15:00,1.2,-0.4,0.1,3.56,0.0
2023-12-24 16:30:00,1.4,-0.3,0.1,3.64,0.0
2023-12-24 16:45:00,1.6,-0.2,0.1,3.75,0.0
2023-12-24 17:00:00,1.8,0.0,0.1,3.86,0.0
2023-12-24 17:15:00,2.0,0.2,0.0,4.0,0.0
2023-12-24 17:30:00,2.3,0.4,0.0,4.22,0.0
2023-12-24 17:45:00,2.6,0.6,0.0,4.39,0.0
2023-12-24 18:00:00,2.9,0.9,0.0,4.61,0.0
2023-12-24 18:15:00,3.2,1.2,0.1,4.78,0.0
2023-12-24 18:30:00,3.4,1.5,0.1,4.92,0.0
2023-12-24 18:45:00,3.7,1.9,0.1,5.03,0.0
2023-12-24 19:00:00,3.9,2.1,0.1,5.11,0.0
2023-12-24 19:15:00,3.9,2.3,0.1,5.17,0.0
2023-12-24 19:30:00,3.9,2.3,0.1,5.17,0.0
2023-12-24 19:45:00,3.8,2.3,0.1,5.22,0.0
2023-12-24 20:00:00,3.8,2.3,0.1,5.28,0.0
2023-12-24 20:15:00,3.7,2.3,0.1,5.36,0.0
2023-12-24 20:30:00,3.7,2.2,0.1,5.42,0.0
2023-12-24 20:45:00,3.7,2.1,0.1,5.5,0.0
2023-12-24 21:00:00,3.7,2.1,0.1,5.56,0.0
2023-12-24 21:15:00,3.7,2.2,0.1,5.56,0.0
2023-12-24 21:30:00,3.9,2.3,0.1,5.61,0.0
2023-12-24 21:45:00,4.0,2.4,0.1,5.64,0.0
2023-12-24 22:00:00,4.1,2.5,0.1,5.69,0.0
2023-12-24 22:15:00,4.2,2.6,0.0,5.86,0.0
2023-12-24 22:30:00,4.4,2.6,0.0,6.11,0.0
2023-12-24 22:45:00,4.5,2.5,0.0,6.31,0.0
2023-12-24 23:00:00,4.6,2.5,0.0,6.53,0.0
2023-12-24 23:15:00,4.6,2.5,0.0,6.72,0.0
2023-12-24 23:30:00,4.6,2.5,0.0,6.89,0.0
2023-12-24 23:45:00,4.5,2.5,0.0,7.0,0.0
2023-12-25 00:00:00,4.5,2.5,0.0,7.11,0.0
2023-12-25 00:15:00,4.5,2.5,0.1,7.11,0.0
2023-12-25 00:30:00,4.5,2.7,0.1,7.03,0.0
2023-12-25 00:45:00,4.5,2.8,0.1,6.97,0.0
2023-12-25 01:00:00,4.5,2.9,0.1,6.89,0.0
2023-12-25 01:15:00,4.6,3.0,0.3,6.89,0.0
2023-12-25 01:30:00,4.7,3.1,0.3,6.86,0.0
2023-12-25 01:45:00,4.8,3.1,0.3,6.89,0.0
2023-12-25 02:00:00,4.9,3.2,0.3,6.92,0.0
2023-12-25 02:15:00,4.8,3.2,0.5,7.0,0.0
2023-12-25 02:30:00,4.8,3.1,0.5,7.08,0.0
2023-12-25 02:45:00,4.7,3.1,0.5,7.14,0.0
2023-12-25 03:00:00,4.7,3.1,0.5,7.14,0.0
2023-12-25 03:15:00,4.9,3.2,0.1,7.08,0.0
2023-12-25 03:30:00,5.2,3.3,0.1,6.89,0.0
2023-12-25 03:45:00,5.5,3.5,0.1,6.72,0.0
2023-12-25 04:00:00,5.9,3.8,0.1,6.69,0.0
2023-12-25 04:15:00,6.5,4.2,0.0,6.81,0.0
2023-12-25 04:30:00,7.2,4.8,0.0,7.06,0.0
2023-12-25 04:45:00,8.0,5.4,0.0,7.39,0.0
2023-12-25 05:00:00,8.5,5.8,0.0,7.69,0.0
2023-12-25 05:15:00,8.9,6.1,0.0,7.86,0.0
2023-12-25 05:30:00,9.1,6.2,0.0,7.94,0.0
2023-12-25 05:45:00,9.3,6.3,0.0,8.03,0.0
2023-12-25 06:00:00,9.4,6.3,0.0,8.19,0.0
2023-12-25 06:15:00,9.6,6.3,0.0,8.53,0.0
2023-12-25 06:30:00,9.8,6.3,0.0,9.0,0.0
2023-12-25 06:45:00,10.0,6.2,0.0,9.39,0.0
2023-12-25 07:00:00,10.1,6.2,0.0,9.67,0.0
2023-12-25 07:15:00,10.2,6.2,0.0,9.75,0.0
2023-12-25 07:30:00,10.3,6.2,0.0,9.78,0.0
2023-12-25 07:45:00,10.4,6.3,0.0,9.67,0.0
2023-12-25 08:00:00,10.4,6.3,0.0,9.5,0.0
2023-12-25 08:15:00,10.3,6.3,0.0,9.17,0.0
2023-12-25 08:30:00,10.3,6.2,0.0,8.69,0.0
2023-12-25 08:45:00,10.2,6.2,0.0,8.22,0.0
2023-12-25 09:00:00,10.1,6.2,0.0,7.92,0.0
2023-12-25 09:15:00,10.0,6.2,0.2,7.83,0.0
2023-12-25 09:30:00,10.0,6.3,0.2,7.83,0.0
2023-12-25 09:45:00,9.9,6.4,0.2,7.94,0.0
2023-12-25 10:00:00,9.9,6.4,0.2,7.97,0.0
2023-12-25 10:15:00,10.1,6.4,0.0,7.92,0.0
2023-12-25 10:30:00,10.3,6.4,0.0,7.86,207.58
2023-12-25 10:45:00,10.5,6.3,0.0,7.81,393.28
2023-12-25 11:00:00,10.7,6.3,0.0,7.83,589.89
2023-12-25 11:15:00,10.8,6.4,0.1,8.0,770.27
2023-12-25 11:30:00,11.0,6.5,0.1,8.28,855.38
2023-12-25 11:45:00,11.1,6.6,0.1,8.56,777.51
2023-12-25 12:00:00,11.2,6.6,0.1,8.78,525.88
2023-12-25 12:15:00,11.3,6.5,0.0,9.0,161.64
2023-12-25 12:30:00,11.4,6.3,0.0,9.25,0.0
2023-12-25 12:45:00,11.5,6.1,0.0,9.42,0.0
2023-12-25 13:00:00,11.5,6.0,0.0,9.44,0.0
2023-12-25 13:15:00,11.3,6.1,0.1,9.33,0.0
2023-12-25 13:30:00,11.1,6.3,0.1,9.06,0.0
2023-12-25 13:45:00,10.8,6.5,0.1,8.75,0.0
2023-12-25 14:00:00,10.6,6.6,0.1,8.39,0.0
2023-12-25 14:15:00,10.5,6.8,0.4,7.94,0.0
2023-12-25 14:30:00,10.4,7.0,0.4,7.36,0.0
2023-12-25 14:45:00,10.4,7.1,0.4,6.89,0.0
2023-12-25 15:00:00,10.4,7.2,0.4,6.75,0.0
2023-12-25 15:15:00,10.4,7.1,0.5,7.14,0.0
2023-12-25 15:30:00,10.5,7.0,0.5,7.89,0.0
2023-12-25 15:45:00,10.5,6.9,0.5,8.75,0.0
2023-12-25 16:00:00,10.5,6.7,0.5,9.22,0.0
2023-12-25 16:15:00,10.3,6.6,0.0,9.31,0.0
2023-12-25 16:30:00,10.1,6.6,0.0,9.22,76.21
2023-12-25 16:45:00,9.9,6.5,0.0,9.0,0.0
2023-12-25 17:00:00,9.8,6.4,0.0,8.81,0.0
2023-12-25 17:15:00,9.7,6.4,0.0,8.64,0.0
2023-12-25 17:30:00,9.6,6.4,0.0,8.44,0.0
2023-12-25 17:45:00,9.6,6.4,0.0,8.31,0.0
2023-12-25 18:00:00,9.6,6.4,0.0,8.11,0.0
2023-12-25 18:15:00,9.6,6.3,0.1,7.92,0.0
2023-12-25 18:30:00,9.6,6.3,0.1,7.72,0.0
2023-12-25 18:45:00,9.6,6.3,0.1,7.58,0.0
2023-12-25 19:00:00,9.6,6.3,0.1,7.42,0.0
2023-12-25 19:15:00,9.6,6.3,0.0,7.31,0.0
2023-12-25 19:30:00,9.5,6.4,0.0,7.31,0.0
2023-12-25 19:45:00,9.5,6.4,0.0,7.25,0.0
2023-12-25 20:00:00,9.4,6.5,0.0,7.19,0.0
2023-12-25 20:15:00,9.3,6.5,0.0,7.11,0.0
2023-12-25 20:30:00,9.2,6.4,0.0,6.94,0.0
2023-12-25 20:45:00,9.1,6.3,0.0,6.81,0.0
2023-12-25 21:00:00,9.0,6.3,0.0,6.61,0.0
2023-12-25 21:15:00,8.9,6.4,0.0,6.42,0.0
2023-12-25 21:30:00,8.8,6.5,0.0,6.17,0.0
2023-12-25 21:45:00,8.7,6.5,0.0,5.92,0.0
2023-12-25 22:00:00,8.6,6.6,0.0,5.69,0.0
2023-12-25 22:15:00,8.6,6.7,0.1,5.44,0.0
2023-12-25 22:30:00,8.6,6.8,0.1,5.25,0.0
2023-12-25 22:45:00,8.7,6.8,0.1,5.08,0.0
2023-12-25 23:00:00,8.7,6.8,0.1,5.06,0.0
2023-12-25 23:15:00,8.8,6.8,0.0,5.22,0.0
2023-12-25 23:30:00,8.9,6.8,0.0,5.53,0.0
2023-12-25 23:45:00,9.0,6.8,0.0,5.83,0.0
