dataset,horizon_min,source_row,actual_precipitation,predicted_precipitation,probability,actual_amount_mm,predicted_amount_mm,actual_phase_heuristic,predicted_phase_heuristic
wroclaw_2024_2025,15,11586,0,0,0.0047311410322803385,0.0,0.12324875142438141,none,none
wroclaw_2024_2025,15,11587,0,0,0.0047311410322803385,0.0,0.11615968524392677,none,none
wroclaw_2024_2025,15,11588,0,0,0.019193423096841012,0.0,0.12285613221633623,none,none
wroclaw_2024_2025,15,11589,0,0,0.01473114103228034,0.0,0.14073183362650626,none,none
wroclaw_2024_2025,15,11590,0,0,0.01895200276240653,0.0,0.12445009104946815,none,none
wroclaw_2024_2025,15,11591,0,0,0.033572438829586305,0.0,0.11073452427543522,none,none
wroclaw_2024_2025,15,11592,0,0,0.019592997433894598,0.0,0.12013494576283766,none,none
wroclaw_2024_2025,15,11593,0,0,0.019324138466174937,0.0,0.10691535061717444,none,none
wroclaw_2024_2025,15,11594,0,0,0.0044897206978458505,0.0,0.10623355646095432,none,none
wroclaw_2024_2025,15,11595,0,0,0.009462282064560677,0.0,0.10653829833416423,none,none
wroclaw_2024_2025,15,11596,0,0,0.019324138466174937,0.0,0.10580045842659483,none,none
wroclaw_2024_2025,15,11597,0,0,0.009731141032280339,0.0,0.10998314306972991,none,none
wroclaw_2024_2025,15,11598,0,0,0.038786420530735624,0.0,0.10359508135453703,none,none
wroclaw_2024_2025,15,11599,0,0,0.033414284826967205,0.0,0.11026742575263665,none,none
wroclaw_2024_2025,15,11600,0,0,0.019193423096841012,0.0,0.10842274974191435,none,none
wroclaw_2024_2025,15,11601,0,0,0.018924564129121354,0.0,0.10614790448987255,none,none
wroclaw_2024_2025,15,11602,0,0,0.028517561563015957,0.0,0.10377638227555544,none,none
wroclaw_2024_2025,15,11603,0,0,0.023786420530735618,0.0,0.10654900824639134,none,none
wroclaw_2024_2025,15,11604,0,0,0.014193423096841013,0.0,0.10875507200673885,none,none
wroclaw_2024_2025,15,11605,0,0,0.009462282064560677,0.0,0.10751764027472847,none,none
wroclaw_2024_2025,15,11606,0,0,0.023786420530735618,0.0,0.11231417072006475,none,none
wroclaw_2024_2025,15,11607,0,0,0.014324138466174939,0.0,0.1067041645413725,none,none
wroclaw_2024_2025,15,11608,0,0,0.014324138466174939,0.0,0.11069152321006535,none,none
wroclaw_2024_2025,15,11609,0,0,0.01881385916402079,0.0,0.11080425492365069,none,none
wroclaw_2024_2025,15,11610,0,0,0.0047311410322803385,0.0,0.11880975565314231,none,none
wroclaw_2024_2025,15,11611,0,0,0.013952002762406528,0.0,0.12268578780412871,none,none
wroclaw_2024_2025,15,11612,0,0,0.018683143794686864,0.0,0.1232362668910486,none,none
wroclaw_2024_2025,15,11613,0,0,0.018683143794686864,0.0,0.11335220240536291,none,none
wroclaw_2024_2025,15,11614,0,0,0.018924564129121354,0.0,0.1276592136462335,none,none
wroclaw_2024_2025,15,11615,0,0,0.009462282064560677,0.0,0.11966142405501873,none,none
wroclaw_2024_2025,15,11616,0,0,0.018683143794686864,0.0,0.11430521942087599,none,none
wroclaw_2024_2025,15,11617,0,0,0.009220861730126189,0.0,0.11485959408916394,none,none
wroclaw_2024_2025,15,11618,0,0,0.013952002762406528,0.0,0.11050834683873273,none,none
wroclaw_2024_2025,15,11619,0,0,0.009220861730126189,0.0,0.10905455213970933,none,none
wroclaw_2024_2025,15,11620,0,0,0.033386846193682033,0.0,0.111818914436709,none,none
wroclaw_2024_2025,15,11621,0,0,0.023172864492532717,0.0,0.10611302296023527,none,none
wroclaw_2024_2025,15,11622,0,0,0.04327614122858146,0.0,0.10869387018757724,none,none
wroclaw_2024_2025,15,11623,0,0,0.018683143794686864,0.0,0.1065009635117293,none,none
wroclaw_2024_2025,15,11624,0,0,0.03787656689152788,0.0,0.1077050953812946,none,none
wroclaw_2024_2025,15,11625,0,0,0.028276141228581464,0.0,0.10783896867265567,none,none
wroclaw_2024_2025,15,11626,0,0,0.043007282260861805,0.0,0.1196176333652334,none,none
wroclaw_2024_2025,15,11627,0,0,0.023952002762406527,0.0,0.11649153747938049,none,none
wroclaw_2024_2025,15,11628,0,0,0.014193423096841013,0.0,0.11231736533357783,none,none
wroclaw_2024_2025,15,11629,0,0,0.023683143794686865,0.0,0.11022996510870044,none,none
wroclaw_2024_2025,15,11630,0,0,0.028786420530735615,0.0,0.11360531273443533,none,none
wroclaw_2024_2025,15,11631,0,0,0.01895200276240653,0.0,0.11448783783261798,none,none
wroclaw_2024_2025,15,11632,0,0,0.01881385916402079,0.0,0.10996165687360449,none,none
wroclaw_2024_2025,15,11633,0,0,0.018683143794686864,0.0,0.10707809376791882,none,none
wroclaw_2024_2025,15,11634,0,0,0.0047311410322803385,0.0,0.11105678600042157,none,none
wroclaw_2024_2025,15,11635,0,0,0.009462282064560677,0.0,0.10617408231216624,none,none
wroclaw_2024_2025,15,11636,0,0,0.033414284826967205,0.0,0.11150196032168284,none,none
wroclaw_2024_2025,15,11637,0,0,0.03800728226086181,0.0,0.10720191235447904,none,none
wroclaw_2024_2025,15,11638,0,0,0.019193423096841012,0.0,0.10466254536499543,none,none
wroclaw_2024_2025,15,11639,0,0,0.019193423096841012,0.0,0.10626567765996181,none,none
wroclaw_2024_2025,15,11640,0,0,0.014462282064560676,0.0,0.11579710925936804,none,none
wroclaw_2024_2025,15,11641,0,0,0.028924564129121352,0.0,0.12221235422395799,none,none
wroclaw_2024_2025,15,11642,0,0,0.043786420530735615,0.0,0.11828704932429267,none,none
wroclaw_2024_2025,15,11643,0,0,0.014193423096841013,0.0,0.11841137668407223,none,none
wroclaw_2024_2025,15,11644,0,0,0.018924564129121354,0.0,0.11201786040740082,none,none
wroclaw_2024_2025,15,11645,0,0,0.03755188022527801,0.0,0.1100038904147295,none,none
wroclaw_2024_2025,15,11646,0,0,0.02946228206456068,0.0,0.10788112144645064,none,none
wroclaw_2024_2025,15,11647,0,0,0.03344172346025238,0.0,0.10795544608675738,none,none
wroclaw_2024_2025,15,11648,0,0,0.018952002762406526,0.0,0.10670893229680153,none,none
wroclaw_2024_2025,15,11649,0,0,0.039592997433894606,0.0,0.10822326936557386,none,none
wroclaw_2024_2025,15,11650,0,0,0.04946228206456068,0.0,0.11686128766457081,none,none
wroclaw_2024_2025,15,11651,0,0,0.014193423096841013,0.0,0.11398808837770616,none,none
wroclaw_2024_2025,15,11652,0,0,0.02473114103228034,0.0,0.11378035112843032,none,none
wroclaw_2024_2025,15,11653,0,0,0.038786420530735624,0.0,0.11030689669899894,none,none
wroclaw_2024_2025,15,11654,0,0,0.023683143794686865,0.0,0.11089345797232006,none,none
wroclaw_2024_2025,15,11655,0,0,0.018924564129121354,0.0,0.11587184889752192,none,none
wroclaw_2024_2025,15,11656,0,0,0.0,0.0,0.11654631338504529,none,none
wroclaw_2024_2025,15,11657,0,0,0.0047311410322803385,0.0,0.11685122177019366,none,none
wroclaw_2024_2025,15,11658,0,0,0.009462282064560677,0.0,0.11743850267319143,none,none
wroclaw_2024_2025,15,11659,0,0,0.005,0.0,0.12794107303680965,none,none
wroclaw_2024_2025,15,11660,0,0,0.005,0.0,0.11932633390692719,none,none
wroclaw_2024_2025,15,11661,0,0,0.0,0.0,0.12043051311994511,none,none
wroclaw_2024_2025,15,11662,0,0,0.014193423096841013,0.0,0.12754117979420088,none,none
wroclaw_2024_2025,15,11663,0,0,0.02865570516140169,0.0,0.12098101205554725,none,none
wroclaw_2024_2025,15,11664,0,0,0.014462282064560676,0.0,0.15396015276060301,none,none
wroclaw_2024_2025,15,11665,0,0,0.009462282064560677,0.0,0.14555118302257378,none,none
wroclaw_2024_2025,15,11666,0,0,0.009462282064560677,0.0,0.1290973889049356,none,none
wroclaw_2024_2025,15,11667,0,0,0.009731141032280339,0.0,0.13650026396918546,none,none
wroclaw_2024_2025,15,11668,0,0,0.0047311410322803385,0.0,0.19279894372289377,none,none
wroclaw_2024_2025,15,11669,0,0,0.0047311410322803385,0.0,0.18946447556039747,none,none
wroclaw_2024_2025,15,11670,0,0,0.0,0.0,0.1907876319396391,none,none
wroclaw_2024_2025,15,11671,0,0,0.0044897206978458505,0.0,0.1916513789806869,none,none
wroclaw_2024_2025,15,11672,0,0,0.0044897206978458505,0.0,0.19525414570353086,none,none
wroclaw_2024_2025,15,11673,0,0,0.0,0.0,0.1925157525473476,none,none
wroclaw_2024_2025,15,11674,0,0,0.0,0.0,0.1942434552526866,none,none
wroclaw_2024_2025,15,11675,0,0,0.0,0.0,0.19136339370881333,none,none
wroclaw_2024_2025,15,11676,0,0,0.0047311410322803385,0.0,0.19504374052061835,none,none
wroclaw_2024_2025,15,11677,0,0,0.014193423096841013,0.0,0.1918736403801759,none,none
wroclaw_2024_2025,15,11678,0,0,0.024462282064560678,0.0,0.18281632588945126,none,none
wroclaw_2024_2025,15,11679,0,0,0.0195929974338946,0.0,0.13961675605178867,none,none
wroclaw_2024_2025,15,11680,0,0,0.048924564129121356,0.0,0.1251060374348604,none,none
wroclaw_2024_2025,15,11681,0,0,0.058786420530735614,0.0,0.12473637549320446,none,none
wroclaw_2024_2025,15,11682,0,0,0.10246956432542248,0.0,0.11955336217089678,none,none
wroclaw_2024_2025,15,11683,0,0,0.05749700295870766,0.0,0.12141656213715606,none,none
wroclaw_2024_2025,15,11684,0,0,0.01973114103228034,0.0,0.12340774568352121,none,none
wroclaw_2024_2025,15,11685,0,0,0.01,0.0,0.12096667029091268,none,none
wroclaw_2024_2025,15,11686,0,0,0.03,0.0,0.12136756976163818,none,none
wroclaw_2024_2025,15,11687,0,0,0.028683143794686866,0.0,0.1208526052539135,none,none
wroclaw_2024_2025,15,11688,0,0,0.0047311410322803385,0.0,0.10728734762013993,none,none
wroclaw_2024_2025,15,11689,0,0,0.0047311410322803385,0.0,0.108288805905379,none,none
wroclaw_2024_2025,15,11690,0,0,0.0,0.0,0.10746404487576315,none,none
wroclaw_2024_2025,15,11691,0,0,0.005,0.0,0.10985423213151414,none,none
wroclaw_2024_2025,15,11692,0,0,0.009462282064560677,0.0,0.10935007284383319,none,none
wroclaw_2024_2025,15,11693,0,0,0.019193423096841012,0.0,0.11289518998273475,none,none
wroclaw_2024_2025,15,11694,0,0,0.028786420530735615,0.0,0.1164294917128065,none,none
wroclaw_2024_2025,15,11695,0,0,0.038137997630195736,0.0,0.10939302197417544,none,none
wroclaw_2024_2025,15,11696,0,0,0.03394457453335471,0.0,0.11490115550323905,none,none
wroclaw_2024_2025,15,11697,0,0,0.03894457453335472,0.0,0.10919773125500126,none,none
wroclaw_2024_2025,15,11698,0,0,0.01473114103228034,0.0,0.10810847031547109,none,none
wroclaw_2024_2025,15,11699,0,0,0.0,0.0,0.10948181278262085,none,none
wroclaw_2024_2025,15,11700,0,0,0.0,0.0,0.10384048290849617,none,none
wroclaw_2024_2025,15,11701,0,0,0.0,0.0,0.10304038401403882,none,none
wroclaw_2024_2025,15,11702,0,0,0.0047311410322803385,0.0,0.10504171955285296,none,none
wroclaw_2024_2025,15,11703,0,0,0.0047311410322803385,0.0,0.11431600450722333,none,none
wroclaw_2024_2025,15,11704,0,0,0.009462282064560677,0.0,0.10786562588206997,none,none
wroclaw_2024_2025,15,11705,0,0,0.0,0.0,0.10969863420738592,none,none
wroclaw_2024_2025,15,11706,0,0,0.0047311410322803385,0.0,0.1073516521486381,none,none
wroclaw_2024_2025,15,11707,0,0,0.0047311410322803385,0.0,0.11266931361420085,none,none
wroclaw_2024_2025,15,11708,0,0,0.0,0.0,0.11420013244139182,none,none
wroclaw_2024_2025,15,11709,0,0,0.0047311410322803385,0.0,0.11722816224502015,none,none
wroclaw_2024_2025,15,11710,0,0,0.009462282064560677,0.0,0.10801024262959413,none,none
wroclaw_2024_2025,15,11711,0,0,0.009462282064560677,0.0,0.11413543021782056,none,none
wroclaw_2024_2025,15,11712,0,0,0.0044897206978458505,0.0,0.11410308051503394,none,none
wroclaw_2024_2025,15,11713,0,0,0.009592997433894601,0.0,0.10849551889659734,none,none
wroclaw_2024_2025,15,11714,0,0,0.019185994867789203,0.0,0.10949488336566215,none,none
wroclaw_2024_2025,15,11715,0,0,0.047999854031809994,0.0,0.1044862950920778,none,none
wroclaw_2024_2025,15,11716,0,0,0.029082718131740456,0.0,0.11632699366326371,none,none
wroclaw_2024_2025,15,11717,0,0,0.03381385916402079,0.0,0.10867995534006726,none,none
wroclaw_2024_2025,15,11718,0,0,0.04894457453335471,0.0,0.10938228453570488,none,none
wroclaw_2024_2025,15,11719,0,0,0.058648276932349884,0.0,0.10576835073555367,none,none
wroclaw_2024_2025,15,11720,0,0,0.06303472089414697,0.0,0.10715904805093016,none,none
wroclaw_2024_2025,15,11721,0,0,0.07351756156301596,0.0,0.10316301630130131,none,none
wroclaw_2024_2025,15,11722,0,0,0.04919342309684102,0.0,0.10857583851183483,none,none
wroclaw_2024_2025,15,11723,0,0,0.02973114103228034,0.0,0.10915478968515951,none,none
wroclaw_2024_2025,15,11724,0,0,0.024462282064560678,0.0,0.10406456698870703,none,none
wroclaw_2024_2025,15,11725,0,0,0.0047311410322803385,0.0,0.1098542321315141,none,none
wroclaw_2024_2025,15,11726,0,0,0.02395200276240653,0.0,0.10861035804458818,none,none
wroclaw_2024_2025,15,11727,0,0,0.014462282064560676,0.0,0.1043528269439368,none,none
wroclaw_2024_2025,15,11728,0,0,0.024193423096841013,0.0,0.10355235668613244,none,none
wroclaw_2024_2025,15,11729,0,0,0.029193423096841017,0.0,0.10486858200257815,none,none
wroclaw_2024_2025,15,11730,0,0,0.024324138466174938,0.0,0.10553322066622715,none,none
wroclaw_2024_2025,15,11731,0,0,0.024324138466174938,0.0,0.10633512775907716,none,none
wroclaw_2024_2025,15,11732,0,0,0.014351577099460113,0.0,0.10582186407189634,none,none
wroclaw_2024_2025,15,11733,0,0,0.014324138466174939,0.0,0.10836389607040645,none,none
wroclaw_2024_2025,15,11734,0,0,0.023952002762406527,0.0,0.10562402659824333,none,none
wroclaw_2024_2025,15,11735,0,0,0.014462282064560676,0.0,0.10798879462335123,none,none
wroclaw_2024_2025,15,11736,0,0,0.01473114103228034,0.0,0.10863703381544378,none,none
wroclaw_2024_2025,15,11737,0,0,0.02448972069784585,0.0,0.10680577904942457,none,none
wroclaw_2024_2025,15,11738,0,0,0.02865570516140169,0.0,0.11002059538556044,none,none
wroclaw_2024_2025,15,11739,0,0,0.014220861730126188,0.0,0.1194289078631594,none,none
wroclaw_2024_2025,15,11740,0,0,0.0,0.0,0.11863916373229878,none,none
wroclaw_2024_2025,15,11741,0,0,0.01473114103228034,0.0,0.1186175099796129,none,none
wroclaw_2024_2025,15,11742,0,0,0.023952002762406527,0.0,0.11994848721626693,none,none
wroclaw_2024_2025,15,11743,0,0,0.01,0.0,0.12349726728835818,none,none
wroclaw_2024_2025,15,11744,0,0,0.0047311410322803385,0.0,0.12837392479308993,none,none
wroclaw_2024_2025,15,11745,0,0,0.009731141032280339,0.0,0.12291916621624739,none,none
wroclaw_2024_2025,15,11746,0,0,0.01908271813174045,0.0,0.1260936094372014,none,none
wroclaw_2024_2025,15,11747,0,0,0.018441723460252378,0.0,0.16654551318829194,none,none
wroclaw_2024_2025,15,11748,0,0,0.07222071576193617,0.0,0.12100479522129974,none,none
wroclaw_2024_2025,15,11749,0,0,0.03891713590006954,0.0,0.1272374481505497,none,none
wroclaw_2024_2025,15,11750,0,0,0.028813859164020794,0.0,0.12938022467698462,none,none
wroclaw_2024_2025,15,11751,0,0,0.029193423096841014,0.0,0.13188344168999117,none,none
wroclaw_2024_2025,15,11752,0,0,0.014462282064560676,0.0,0.13200928065054113,none,none
wroclaw_2024_2025,15,11753,0,0,0.009462282064560677,0.0,0.12666796880685238,none,none
wroclaw_2024_2025,15,11754,0,0,0.0,0.0,0.129028650374421,none,none
wroclaw_2024_2025,15,11755,0,0,0.0,0.0,0.14363440908482045,none,none
wroclaw_2024_2025,15,11756,0,0,0.0,0.0,0.16152172216070898,none,none
wroclaw_2024_2025,15,11757,0,0,0.0047311410322803385,0.0,0.1790355021232655,none,none
wroclaw_2024_2025,15,11758,0,0,0.0,0.0,0.1850401994492039,none,none
wroclaw_2024_2025,15,11759,0,0,0.0047311410322803385,0.0,0.1925969642808053,none,none
wroclaw_2024_2025,15,11760,0,0,0.0047311410322803385,0.0,0.20034552657579208,none,none
wroclaw_2024_2025,15,11761,0,0,0.0047311410322803385,0.0,0.19701497624292422,none,none
wroclaw_2024_2025,15,11762,0,0,0.0047311410322803385,0.0,0.19613656102213736,none,none
wroclaw_2024_2025,15,11763,0,0,0.009462282064560677,0.0,0.1917150117880607,none,none
wroclaw_2024_2025,15,11764,0,0,0.0,0.0,0.1959727175655605,none,none
wroclaw_2024_2025,15,11765,0,0,0.0047311410322803385,0.0,0.19485171152881461,none,none
wroclaw_2024_2025,15,11766,0,0,0.0,0.0,0.19745368283459158,none,none
wroclaw_2024_2025,15,11767,0,0,0.0047311410322803385,0.0,0.1970196277978396,none,none
wroclaw_2024_2025,15,11768,0,0,0.005,0.0,0.1970196277978396,none,none
wroclaw_2024_2025,15,11769,0,0,0.005,0.0,0.19578441220557863,none,none
wroclaw_2024_2025,15,11770,0,0,0.009731141032280339,0.0,0.1991068789579123,none,none
wroclaw_2024_2025,15,11771,0,0,0.0,0.0,0.19939673604296768,none,none
wroclaw_2024_2025,15,11772,0,0,0.0,0.0,0.19685660754545606,none,none
wroclaw_2024_2025,15,11773,0,0,0.0,0.0,0.1985935357033362,none,none
wroclaw_2024_2025,15,11774,0,0,0.005,0.0,0.20175824600759465,none,none
wroclaw_2024_2025,15,11775,0,0,0.0044897206978458505,0.0,0.1970759743566521,none,none
wroclaw_2024_2025,15,11776,0,0,0.0044897206978458505,0.0,0.16698808391485115,none,none
wroclaw_2024_2025,15,11777,0,0,0.0044897206978458505,0.0,0.1600758936648779,none,none
wroclaw_2024_2025,15,11778,0,0,0.0,0.0,0.1544499592679487,none,none
wroclaw_2024_2025,15,11779,0,0,0.005,0.0,0.14650671555379968,none,none
wroclaw_2024_2025,15,11780,0,0,0.0,0.0,0.1444421218298111,none,none
wroclaw_2024_2025,15,11781,0,0,0.0,0.0,0.14347603937916237,none,none
wroclaw_2024_2025,15,11782,0,0,0.0047311410322803385,0.0,0.1429295588552907,none,none
wroclaw_2024_2025,15,11783,0,0,0.0,0.0,0.13884851128194525,none,none
wroclaw_2024_2025,15,11784,0,0,0.0047311410322803385,0.0,0.14254275941791397,none,none
wroclaw_2024_2025,15,11785,0,0,0.0047311410322803385,0.0,0.14074918972061412,none,none
wroclaw_2024_2025,15,11786,0,0,0.0047311410322803385,0.0,0.13876033404379773,none,none
wroclaw_2024_2025,15,11787,0,0,0.0,0.0,0.1345350930788962,none,none
wroclaw_2024_2025,15,11788,0,0,0.0047311410322803385,0.0,0.13807245088489473,none,none
wroclaw_2024_2025,15,11789,0,0,0.005,0.0,0.1337785849042838,none,none
wroclaw_2024_2025,15,11790,0,0,0.01473114103228034,0.0,0.13315951424193226,none,none
wroclaw_2024_2025,15,11791,0,0,0.005,0.0,0.1314407502658539,none,none
wroclaw_2024_2025,15,11792,0,0,0.0,0.0,0.1295820086960615,none,none
wroclaw_2024_2025,15,11793,0,0,0.0,0.0,0.12852929274531869,none,none
wroclaw_2024_2025,15,11794,0,0,0.0,0.0,0.12251666201130776,none,none
wroclaw_2024_2025,15,11795,0,0,0.0,0.0,0.11571190236069566,none,none
wroclaw_2024_2025,15,11796,0,0,0.0,0.0,0.12321129824066555,none,none
wroclaw_2024_2025,15,11797,0,0,0.0,0.0,0.12446357188523036,none,none
wroclaw_2024_2025,15,11798,0,0,0.0047311410322803385,0.0,0.13877946243000847,none,none
wroclaw_2024_2025,15,11799,0,0,0.0047311410322803385,0.0,0.12825667948061337,none,none
wroclaw_2024_2025,15,11800,0,0,0.009462282064560677,0.0,0.13464885149508532,none,none
wroclaw_2024_2025,15,11801,0,0,0.013952002762406528,0.0,0.13253300327465642,none,none
wroclaw_2024_2025,15,11802,0,0,0.019193423096841012,0.0,0.11906615751395569,none,none
wroclaw_2024_2025,15,11803,0,0,0.0047311410322803385,0.0,0.11387974213894797,none,none
wroclaw_2024_2025,15,11804,0,0,0.0,0.0,0.12384561122623837,none,none
wroclaw_2024_2025,15,11805,0,0,0.0,0.0,0.117667784301005,none,none
wroclaw_2024_2025,15,11806,0,0,0.005,0.0,0.12062564885527902,none,none
wroclaw_2024_2025,15,11807,0,0,0.009731141032280339,0.0,0.12753571197250824,none,none
wroclaw_2024_2025,15,11808,0,0,0.0,0.0,0.1263427273626699,none,none
wroclaw_2024_2025,15,11809,0,0,0.0,0.0,0.1275316054343839,none,none
wroclaw_2024_2025,15,11810,0,0,0.0047311410322803385,0.0,0.12269268186291948,none,none
wroclaw_2024_2025,15,11811,0,0,0.0,0.0,0.12019647735119271,none,none
wroclaw_2024_2025,15,11812,0,0,0.009592997433894601,0.0,0.12070437508289844,none,none
wroclaw_2024_2025,15,11813,0,0,0.009723712803228524,0.0,0.12466845657349103,none,none
wroclaw_2024_2025,15,11814,0,0,0.004861856401614262,0.0,0.12355387667676801,none,none
wroclaw_2024_2025,15,11815,0,0,0.0,0.0,0.11335699880098296,none,none
wroclaw_2024_2025,15,11816,0,0,0.009723712803228524,0.0,0.11837333995482546,none,none
wroclaw_2024_2025,15,11817,0,0,0.014592997433894599,0.0,0.12058301117640657,none,none
wroclaw_2024_2025,15,11818,0,0,0.014723712803228524,0.0,0.11564678593511299,none,none
wroclaw_2024_2025,15,11819,0,0,0.014592997433894599,0.0,0.11360702772216696,none,none
wroclaw_2024_2025,15,11820,0,0,0.009861856401614261,0.0,0.1215958640629445,none,none
wroclaw_2024_2025,15,11821,0,0,0.009861856401614261,0.0,0.12085561303548811,none,none
wroclaw_2024_2025,15,11822,0,0,0.005,0.0,0.11384141779188213,none,none
wroclaw_2024_2025,15,11823,0,0,0.005,0.0,0.10941971657776482,none,none
wroclaw_2024_2025,15,11824,0,0,0.005,0.0,0.10927491586665415,none,none
wroclaw_2024_2025,15,11825,0,0,0.0,0.0,0.11101899939789957,none,none
wroclaw_2024_2025,15,11826,0,0,0.0,0.0,0.11122303013268921,none,none
wroclaw_2024_2025,15,11827,0,0,0.0,0.0,0.11314778073502611,none,none
wroclaw_2024_2025,15,11828,0,0,0.0,0.0,0.11452064071354454,none,none
wroclaw_2024_2025,15,11829,0,0,0.0,0.0,0.11216825151823666,none,none
wroclaw_2024_2025,15,11830,0,0,0.0,0.0,0.10909271178334647,none,none
wroclaw_2024_2025,15,11831,0,0,0.0,0.0,0.11480638586071663,none,none
wroclaw_2024_2025,15,11832,0,0,0.004861856401614262,0.0,0.11594676393329846,none,none
wroclaw_2024_2025,15,11833,0,0,0.009592997433894601,0.0,0.1279806131909353,none,none
wroclaw_2024_2025,15,11834,0,0,0.009592997433894601,0.0,0.14314221764958598,none,none
wroclaw_2024_2025,15,11835,0,0,0.005,0.0,0.17922843125827506,none,none
wroclaw_2024_2025,15,11836,0,0,0.009220861730126189,0.0,0.18835545908567428,none,none
wroclaw_2024_2025,15,11837,0,0,0.0,0.0,0.20289062120933576,none,none
wroclaw_2024_2025,15,11838,0,0,0.009731141032280339,0.0,0.20851481239331687,none,none
wroclaw_2024_2025,15,11839,0,0,0.0,0.0,0.20793076169129657,none,none
wroclaw_2024_2025,15,11840,0,0,0.004861856401614262,0.0,0.20921016162298717,none,none
wroclaw_2024_2025,15,11841,0,0,0.0,0.0,0.2094673421977703,none,none
wroclaw_2024_2025,15,11842,0,0,0.0,0.0,0.20698807750210924,none,none
wroclaw_2024_2025,15,11843,0,0,0.0,0.0,0.21283079809306077,none,none
wroclaw_2024_2025,15,11844,0,0,0.0,0.0,0.2133058156522071,none,none
wroclaw_2024_2025,15,11845,0,0,0.0047311410322803385,0.0,0.2128542755890926,none,none
wroclaw_2024_2025,15,11846,0,0,0.0,0.0,0.21552818893172376,none,none
wroclaw_2024_2025,15,11847,0,0,0.0047311410322803385,0.0,0.21344419192924435,none,none
wroclaw_2024_2025,15,11848,0,0,0.0047311410322803385,0.0,0.2151381149548821,none,none
wroclaw_2024_2025,15,11849,0,0,0.009462282064560677,0.0,0.211847814244136,none,none
wroclaw_2024_2025,15,11850,0,0,0.028145425859247543,0.0,0.20867993076200436,none,none
wroclaw_2024_2025,15,11851,0,0,0.023414284826967204,0.0,0.20387518694494486,none,none
wroclaw_2024_2025,15,11852,0,0,0.0047311410322803385,0.0,0.20441410638524124,none,none
wroclaw_2024_2025,15,11853,0,0,0.0047311410322803385,0.0,0.20441410638524124,none,none
wroclaw_2024_2025,15,11854,0,0,0.0044897206978458505,0.0,0.20315062449152876,none,none
wroclaw_2024_2025,15,11855,0,0,0.0,0.0,0.20649355814003612,none,none
wroclaw_2024_2025,15,11856,0,0,0.0047311410322803385,0.0,0.2068851271128314,none,none
wroclaw_2024_2025,15,11857,0,0,0.014220861730126188,0.0,0.20350616285179007,none,none
wroclaw_2024_2025,15,11858,0,0,0.02432413846617494,0.0,0.19991336300532292,none,none
wroclaw_2024_2025,15,11859,0,0,0.03327614122858147,0.0,0.20237809558570405,none,none
wroclaw_2024_2025,15,11860,0,0,0.024055279498455276,0.0,0.20408807420100944,none,none
wroclaw_2024_2025,15,11861,0,0,0.024055279498455276,0.0,0.20121914941559987,none,none
wroclaw_2024_2025,15,11862,0,0,0.03303472089414698,0.0,0.20078372946615136,none,none
wroclaw_2024_2025,15,11863,0,0,0.023441723460252376,0.0,0.19745368283459158,none,none
wroclaw_2024_2025,15,11864,0,0,0.028172864492532715,0.0,0.19745368283459158,none,none
wroclaw_2024_2025,15,11865,0,0,0.014220861730126188,0.0,0.19785483389237224,none,none
wroclaw_2024_2025,15,11866,0,0,0.009220861730126189,0.0,0.2004751114415948,none,none
wroclaw_2024_2025,15,11867,0,0,0.0047311410322803385,0.0,0.2042500790902516,none,none
wroclaw_2024_2025,15,11868,0,0,0.0047311410322803385,0.0,0.20465177705962417,none,none
wroclaw_2024_2025,15,11869,0,0,0.0,0.0,0.2014591331131981,none,none
wroclaw_2024_2025,15,11870,0,0,0.032635146557093396,0.0,0.2026212571624108,none,none
wroclaw_2024_2025,15,11871,0,0,0.051345728985065425,0.0,0.21023966409476771,none,none
wroclaw_2024_2025,15,11872,0,0,0.05610430865063095,0.0,0.20910354910369988,none,none
wroclaw_2024_2025,15,11873,0,0,0.027662585190378567,0.0,0.17011295287260775,none,none
wroclaw_2024_2025,15,11874,0,0,0.03265515696132676,0.0,0.16249495280547838,none,none
wroclaw_2024_2025,15,11875,0,0,0.023786420530735618,0.0,0.1519414316221362,none,none
wroclaw_2024_2025,15,11876,0,0,0.0047311410322803385,0.0,0.15334389100567417,none,none
wroclaw_2024_2025,15,11877,0,0,0.019193423096841012,0.0,0.1590124859709647,none,none
wroclaw_2024_2025,15,11878,0,0,0.0047311410322803385,0.0,0.15680297627155587,none,none
wroclaw_2024_2025,15,11879,0,0,0.0,0.0,0.1563244047206426,none,none
wroclaw_2024_2025,15,11880,0,0,0.0047311410322803385,0.0,0.15469128772683063,none,none
wroclaw_2024_2025,15,11881,0,0,0.0047311410322803385,0.0,0.14405404855408666,none,none
wroclaw_2024_2025,15,11882,0,0,0.018683143794686864,0.0,0.14832014248521352,none,none
wroclaw_2024_2025,15,11883,0,0,0.04209742862165407,0.0,0.1477548382257378,none,none
wroclaw_2024_2025,15,11884,0,0,0.018924564129121354,0.0,0.14659594734166465,none,none
wroclaw_2024_2025,15,11885,0,0,0.009731141032280339,0.0,0.14911266260071376,none,none
wroclaw_2024_2025,15,11886,0,0,0.009462282064560677,0.0,0.1398287153304065,none,none
wroclaw_2024_2025,15,11887,0,0,0.018924564129121354,0.0,0.1449676158330654,none,none
wroclaw_2024_2025,15,11888,0,0,0.009462282064560677,0.0,0.1413228500787333,none,none
wroclaw_2024_2025,15,11889,0,0,0.014193423096841013,0.0,0.14286318829789257,none,none
wroclaw_2024_2025,15,11890,0,0,0.029193423096841014,0.0,0.14655485087903125,none,none
wroclaw_2024_2025,15,11891,0,0,0.014462282064560676,0.0,0.14663957480104206,none,none
wroclaw_2024_2025,15,11892,0,0,0.019193423096841012,0.0,0.14847828617265346,none,none
wroclaw_2024_2025,15,11893,0,0,0.009731141032280339,0.0,0.13915863281961127,none,none
wroclaw_2024_2025,15,11894,0,0,0.014462282064560676,0.0,0.13622807214247729,none,none
wroclaw_2024_2025,15,11895,0,0,0.0047311410322803385,0.0,0.13711337831649345,none,none
wroclaw_2024_2025,15,11896,0,0,0.0047311410322803385,0.0,0.13546554342779524,none,none
wroclaw_2024_2025,15,11897,0,0,0.014193423096841013,0.0,0.14454732037863746,none,none
wroclaw_2024_2025,15,11898,0,0,0.02392456412912135,0.0,0.1487088978130824,none,none
wroclaw_2024_2025,15,11899,0,0,0.019193423096841012,0.0,0.1392504461828573,none,none
wroclaw_2024_2025,15,11900,0,0,0.014193423096841013,0.0,0.1401594182661337,none,none
wroclaw_2024_2025,15,11901,0,0,0.014324138466174939,0.0,0.13490210190407248,none,none
wroclaw_2024_2025,15,11902,0,0,0.014324138466174939,0.0,0.13624145781784364,none,none
wroclaw_2024_2025,15,11903,0,0,0.009592997433894601,0.0,0.13457292385155645,none,none
wroclaw_2024_2025,15,11904,0,0,0.009462282064560677,0.0,0.13541787366024755,none,none
wroclaw_2024_2025,15,11905,0,0,0.0047311410322803385,0.0,0.1370656393685937,none,none
wroclaw_2024_2025,15,11906,0,0,0.019324138466174937,0.0,0.13811617903201406,none,none
wroclaw_2024_2025,15,11907,0,0,0.019324138466174937,0.0,0.1397976820054721,none,none
wroclaw_2024_2025,15,11908,0,0,0.014723712803228524,0.0,0.14316333868125708,none,none
wroclaw_2024_2025,15,11909,0,0,0.014454853835508864,0.0,0.13960228191863802,none,none
wroclaw_2024_2025,15,11910,0,0,0.014454853835508864,0.0,0.14216429170392278,none,none
wroclaw_2024_2025,15,11911,0,0,0.009592997433894601,0.0,0.14857350393155402,none,none
wroclaw_2024_2025,15,11912,0,0,0.014454853835508864,0.0,0.13970124808267312,none,none
wroclaw_2024_2025,15,11913,0,0,0.009723712803228524,0.0,0.14233221729588053,none,none
wroclaw_2024_2025,15,11914,0,0,0.004861856401614262,0.0,0.1420168571499237,none,none
wroclaw_2024_2025,15,11915,0,0,0.004861856401614262,0.0,0.14311042114442823,none,none
wroclaw_2024_2025,15,11916,0,0,0.004861856401614262,0.0,0.13951895542113676,none,none
wroclaw_2024_2025,15,11917,0,0,0.009861856401614261,0.0,0.14097178777684688,none,none
wroclaw_2024_2025,15,11918,0,0,0.009351577099460114,0.0,0.1416606630263374,none,none
wroclaw_2024_2025,15,11919,0,0,0.009351577099460114,0.0,0.14419724410730966,none,none
wroclaw_2024_2025,15,11920,0,0,0.004861856401614262,0.0,0.1440257586613713,none,none
wroclaw_2024_2025,15,11921,0,0,0.023952002762406527,0.0,0.1604170093373622,none,none
wroclaw_2024_2025,15,11922,0,0,0.02793144415809823,0.0,0.15761024208449279,none,none
wroclaw_2024_2025,15,11923,0,0,0.018924564129121354,0.0,0.1534131039386568,none,none
wroclaw_2024_2025,15,11924,0,0,0.0,0.0,0.14942734933682866,none,none
wroclaw_2024_2025,15,11925,0,0,0.0,0.0,0.13761227688925182,none,none
wroclaw_2024_2025,15,11926,0,0,0.019351577099460112,0.0,0.14542485171062533,none,none
wroclaw_2024_2025,15,11927,0,0,0.009731141032280339,0.0,0.14200592273825655,none,none
wroclaw_2024_2025,15,11928,0,0,0.0047311410322803385,0.0,0.1469046049045621,none,none
wroclaw_2024_2025,15,11929,0,0,0.0,0.0,0.14695525295149045,none,none
wroclaw_2024_2025,15,11930,0,0,0.0,0.0,0.17314453367750332,none,none
wroclaw_2024_2025,15,11931,0,0,0.0,0.0,0.18145112809930491,none,none
wroclaw_2024_2025,15,11932,0,0,0.0,0.0,0.19785404778324872,none,none
wroclaw_2024_2025,15,11933,0,0,0.0,0.0,0.210514348853906,none,none
wroclaw_2024_2025,15,11934,0,0,0.0044897206978458505,0.0,0.20923356903217882,none,none
wroclaw_2024_2025,15,11935,0,0,0.0047311410322803385,0.0,0.20835707785731808,none,none
wroclaw_2024_2025,15,11936,0,0,0.0,0.0,0.21033292419657781,none,none
wroclaw_2024_2025,15,11937,0,0,0.0047311410322803385,0.0,0.2097714126583446,none,none
wroclaw_2024_2025,15,11938,0,0,0.018924564129121354,0.0,0.21295738027846933,none,none
wroclaw_2024_2025,15,11939,0,0,0.018924564129121354,0.0,0.21208992137298946,none,none
wroclaw_2024_2025,15,11940,0,0,0.009462282064560677,0.0,0.2127346701844056,none,none
wroclaw_2024_2025,15,11941,0,0,0.009220861730126189,0.0,0.21421382238376294,none,none
wroclaw_2024_2025,15,11942,0,0,0.0044897206978458505,0.0,0.21832343923954523,none,none
wroclaw_2024_2025,15,11943,0,0,0.009220861730126189,0.0,0.2171932642829196,none,none
wroclaw_2024_2025,15,11944,0,0,0.0047311410322803385,0.0,0.21853058728947733,none,none
wroclaw_2024_2025,15,11945,0,0,0.009462282064560677,0.0,0.2157183116161539,none,none
wroclaw_2024_2025,15,11946,0,0,0.046345728985065435,0.0,0.2169412615787269,none,none
wroclaw_2024_2025,15,11947,0,0,0.03239372622265891,0.0,0.2173825404615062,none,none
wroclaw_2024_2025,15,11948,0,0,0.04658714931949993,0.0,0.2173825404615062,none,none
wroclaw_2024_2025,15,11949,0,0,0.04209742862165407,0.0,0.22155235248640778,none,none
wroclaw_2024_2025,15,11950,0,0,0.051076870017345774,0.0,0.2209856359022643,none,none
wroclaw_2024_2025,15,11951,0,0,0.03712486725493925,0.0,0.22072425309817212,none,none
wroclaw_2024_2025,15,11952,0,0,0.056449005721114186,0.0,0.22072425309817212,none,none
wroclaw_2024_2025,15,11953,0,0,0.028786420530735615,0.0,0.2203955583041311,none,none
wroclaw_2024_2025,15,11954,0,0,0.014462282064560676,0.0,0.22049362148272195,none,none
wroclaw_2024_2025,15,11955,0,0,0.0047311410322803385,0.0,0.22052555499789897,none,none
wroclaw_2024_2025,15,11956,0,0,0.0,0.0,0.21936360862090729,none,none
wroclaw_2024_2025,15,11957,0,0,0.0,0.0,0.2197047697655536,none,none
wroclaw_2024_2025,15,11958,0,0,0.027662585190378567,0.0,0.21936360862090729,none,none
wroclaw_2024_2025,15,11959,0,0,0.0,0.0,0.21892161163719,none,none
wroclaw_2024_2025,15,11960,0,0,0.0,0.0,0.21476077973893234,none,none
wroclaw_2024_2025,15,11961,0,0,0.019055279498455275,0.0,0.21306738272494938,none,none
wroclaw_2024_2025,15,11962,0,0,0.028517561563015957,0.0,0.2091883535370365,none,none
wroclaw_2024_2025,15,11963,0,0,0.023414284826967204,0.0,0.20831189513581308,none,none
wroclaw_2024_2025,15,11964,0,0,0.023414284826967204,0.0,0.20868332348707683,none,none
wroclaw_2024_2025,15,11965,0,0,0.009462282064560677,0.0,0.2142172306422884,none,none
wroclaw_2024_2025,15,11966,0,0,0.023414284826967204,0.0,0.2142842575334537,none,none
wroclaw_2024_2025,15,11967,0,0,0.04212486725493925,0.0,0.21751396458034833,none,none
wroclaw_2024_2025,15,11968,0,0,0.037635146557093394,0.0,0.22016229706590845,none,none
wroclaw_2024_2025,15,11969,0,0,0.027904005524813057,0.0,0.17701943169377968,none,none
wroclaw_2024_2025,15,11970,0,0,0.023414284826967204,0.0,0.16865176878372065,none,none
wroclaw_2024_2025,15,11971,0,0,0.03760770792380822,0.0,0.15054728643377188,none,none
wroclaw_2024_2025,15,11972,0,0,0.018683143794686864,0.0,0.14714308128321563,none,none
wroclaw_2024_2025,15,11973,0,0,0.028303579861866643,0.0,0.14901883349197473,none,none
wroclaw_2024_2025,15,11974,0,0,0.023441723460252376,0.0,0.1485364001520094,none,none
wroclaw_2024_2025,15,11975,0,0,0.03314542585924754,0.0,0.15079817082642183,none,none
wroclaw_2024_2025,15,11976,0,0,0.01895200276240653,0.0,0.14837296520589388,none,none
wroclaw_2024_2025,15,11977,0,0,0.028145425859247543,0.0,0.15149882625130884,none,none
wroclaw_2024_2025,15,11978,0,0,0.03287656689152788,0.0,0.15151692261333605,none,none
wroclaw_2024_2025,15,11979,0,0,0.03287656689152788,0.0,0.15282251939034228,none,none
wroclaw_2024_2025,15,11980,0,0,0.028145425859247543,0.0,0.14861180281131176,none,none
wroclaw_2024_2025,15,11981,0,0,0.023414284826967204,0.0,0.15316661736435205,none,none
wroclaw_2024_2025,15,11982,0,0,0.05131829035178025,0.0,0.15211499074557705,none,none
wroclaw_2024_2025,15,11983,0,0,0.018924564129121354,0.0,0.15778009986232272,none,none
wroclaw_2024_2025,15,11984,0,0,0.05131829035178025,0.0,0.1567297079840134,none,none
wroclaw_2024_2025,15,11985,0,0,0.05604943138406059,0.0,0.14797892271977342,none,none
wroclaw_2024_2025,15,11986,0,0,0.06078057241634093,0.0,0.1527853982526565,none,none
wroclaw_2024_2025,15,11987,0,0,0.056290851718495086,0.0,0.1498783001112844,none,none
wroclaw_2024_2025,15,11988,0,0,0.018924564129121354,0.0,0.15060507543951251,none,none
wroclaw_2024_2025,15,11989,0,0,0.023655705161401693,0.0,0.1613907631096306,none,none
wroclaw_2024_2025,15,11990,0,0,0.023414284826967204,0.0,0.1584508156731723,none,none
wroclaw_2024_2025,15,11991,0,0,0.037366287589373735,0.0,0.15628016123571908,none,none
wroclaw_2024_2025,15,11992,0,0,0.04733884895608856,0.0,0.15730352722191704,none,none
wroclaw_2024_2025,15,11993,0,0,0.03287656689152788,0.0,0.15305081166230772,none,none
wroclaw_2024_2025,15,11994,0,0,0.023655705161401693,0.0,0.15549376128747874,none,none
wroclaw_2024_2025,15,11995,0,0,0.037979843627576636,0.0,0.13981768331519145,none,none
wroclaw_2024_2025,15,11996,0,0,0.028386846193682033,0.0,0.1512373202239267,none,none
wroclaw_2024_2025,15,11997,0,0,0.028386846193682033,0.0,0.15681007983322418,none,none
wroclaw_2024_2025,15,11998,0,0,0.028145425859247543,0.0,0.155116317805095,none,none
wroclaw_2024_2025,15,11999,0,0,0.032635146557093396,0.0,0.15746447663737348,none,none
wroclaw_2024_2025,15,12000,0,0,0.04209742862165407,0.0,0.1543969770890737,none,none
wroclaw_2024_2025,15,12001,0,0,0.03287656689152788,0.0,0.1585329707826724,none,none
wroclaw_2024_2025,15,12002,0,0,0.028414284826967205,0.0,0.1563181650211892,none,none
wroclaw_2024_2025,15,12003,0,0,0.019193423096841012,0.0,0.15181006887160114,none,none
wroclaw_2024_2025,15,12004,0,0,0.019324138466174937,0.0,0.15530064744971755,none,none
wroclaw_2024_2025,15,12005,0,0,0.014462282064560676,0.0,0.15289854074961695,none,none
wroclaw_2024_2025,15,12006,0,0,0.01895200276240653,0.0,0.15265593173452355,none,none
wroclaw_2024_2025,15,12007,0,0,0.051587149319499925,0.0,0.1510466903969539,none,none
wroclaw_2024_2025,15,12008,0,0,0.0047311410322803385,0.0,0.1501616683868781,none,none
wroclaw_2024_2025,15,12009,0,0,0.0,0.0,0.13655132016812244,none,none
wroclaw_2024_2025,15,12010,0,0,0.0044897206978458505,0.0,0.1357047704927278,none,none
wroclaw_2024_2025,15,12011,0,0,0.019193423096841012,0.0,0.13073563549099498,none,none
wroclaw_2024_2025,15,12012,0,0,0.019324138466174937,0.0,0.13067409100978092,none,none
wroclaw_2024_2025,15,12013,0,0,0.014454853835508864,0.0,0.12140594160529629,none,none
wroclaw_2024_2025,15,12014,0,0,0.004861856401614262,0.0,0.12140185739208409,none,none
wroclaw_2024_2025,15,12015,0,0,0.004861856401614262,0.0,0.12303014722399565,none,none
wroclaw_2024_2025,15,12016,0,0,0.0,0.0,0.12068590000167756,none,none
wroclaw_2024_2025,15,12017,0,0,0.048414284826967205,0.0,0.1239825126304228,none,none
wroclaw_2024_2025,15,12018,0,0,0.03800728226086181,0.0,0.1373239789533726,none,none
wroclaw_2024_2025,15,12019,0,0,0.12257427520793833,0.0,0.13318137992465603,none,none
wroclaw_2024_2025,15,12020,0,0,0.06682114142488259,0.0,0.12874607778791672,none,none
wroclaw_2024_2025,15,12021,0,0,0.024185994867789197,0.0,0.11836016477769733,none,none
wroclaw_2024_2025,15,12022,0,0,0.0191859948677892,0.0,0.12223141625868723,none,none
wroclaw_2024_2025,15,12023,0,0,0.0,0.0,0.12913913501472393,none,none
wroclaw_2024_2025,15,12024,0,0,0.014462282064560676,0.0,0.12850360101768543,none,none
wroclaw_2024_2025,15,12025,0,0,0.009592997433894601,0.0,0.12840613843312612,none,none
wroclaw_2024_2025,15,12026,0,0,0.009592997433894601,0.0,0.1608525977178685,none,none
wroclaw_2024_2025,15,12027,0,0,0.0,0.0,0.1797162819590171,none,none
wroclaw_2024_2025,15,12028,0,0,0.0,0.0,0.19265124344599086,none,none
wroclaw_2024_2025,15,12029,0,0,0.0047311410322803385,0.0,0.2069210334474761,none,none
wroclaw_2024_2025,15,12030,0,0,0.009462282064560677,0.0,0.2063260772528873,none,none
wroclaw_2024_2025,15,12031,0,0,0.009462282064560677,0.0,0.20776141375931745,none,none
wroclaw_2024_2025,15,12032,0,0,0.009462282064560677,0.0,0.2133027531195373,none,none
wroclaw_2024_2025,15,12033,0,0,0.009462282064560677,0.0,0.21158316804031294,none,none
wroclaw_2024_2025,15,12034,0,0,0.009462282064560677,0.0,0.2101432896571713,none,none
wroclaw_2024_2025,15,12035,0,0,0.014193423096841013,0.0,0.21166576818123772,none,none
wroclaw_2024_2025,15,12036,0,0,0.009462282064560677,0.0,0.21279429399441946,none,none
wroclaw_2024_2025,15,12037,0,0,0.009462282064560677,0.0,0.21547983931568046,none,none
wroclaw_2024_2025,15,12038,0,0,0.0047311410322803385,0.0,0.21652369117720746,none,none
wroclaw_2024_2025,15,12039,0,0,0.0047311410322803385,0.0,0.21652369117720746,none,none
wroclaw_2024_2025,15,12040,0,0,0.0047311410322803385,0.0,0.22039555830413113,none,none
wroclaw_2024_2025,15,12041,0,0,0.0047311410322803385,0.0,0.22039555830413113,none,none
wroclaw_2024_2025,15,12042,0,0,0.014193423096841013,0.0,0.22155235248640778,none,none
wroclaw_2024_2025,15,12043,0,0,0.023414284826967204,0.0,0.222666418613545,none,none
wroclaw_2024_2025,15,12044,0,0,0.03760770792380822,0.0,0.22155235248640778,none,none
wroclaw_2024_2025,15,12045,0,0,0.018924564129121354,0.0,0.22168816053221221,none,none
wroclaw_2024_2025,15,12046,0,0,0.027904005524813057,0.0,0.22069056144801427,none,none
wroclaw_2024_2025,15,12047,0,0,0.051076870017345774,0.0,0.22069056144801427,none,none
wroclaw_2024_2025,15,12048,0,0,0.032904005524813054,0.0,0.22276860151237213,none,none
wroclaw_2024_2025,15,12049,0,0,0.01871058242797204,0.0,0.2253128568213392,none,none
wroclaw_2024_2025,15,12050,0,0,0.01371058242797204,0.0,0.2243781238281437,none,none
wroclaw_2024_2025,15,12051,0,0,0.023441723460252376,0.0,0.2260178712260932,none,none
wroclaw_2024_2025,15,12052,0,0,0.01371058242797204,0.0,0.21748428176647064,none,none
wroclaw_2024_2025,15,12053,0,0,0.01871058242797204,0.0,0.21745242782238045,none,none
wroclaw_2024_2025,15,12054,0,0,0.01371058242797204,0.0,0.21745242782238045,none,none
wroclaw_2024_2025,15,12055,0,0,0.01871058242797204,0.0,0.22114420563733453,none,none
wroclaw_2024_2025,15,12056,0,0,0.03317286449253272,0.0,0.21950747408513765,none,none
wroclaw_2024_2025,15,12057,0,0,0.01871058242797204,0.0,0.21570604301986526,none,none
wroclaw_2024_2025,15,12058,0,0,0.03715230588822442,0.0,0.2167990820863882,none,none
wroclaw_2024_2025,15,12059,0,0,0.04276586192642732,0.0,0.21765812579294685,none,none
wroclaw_2024_2025,15,12060,0,0,0.03739372622265891,0.0,0.21765812579294685,none,none
wroclaw_2024_2025,15,12061,0,0,0.023441723460252382,0.0,0.21273807429099909,none,none
wroclaw_2024_2025,15,12062,0,0,0.03266258519037857,0.0,0.21522915000973863,none,none
wroclaw_2024_2025,15,12063,0,0,0.047124867254939244,0.0,0.21772534262747567,none,none
wroclaw_2024_2025,15,12064,0,0,0.04212486725493925,0.0,0.21816690582834009,none,none
wroclaw_2024_2025,15,12065,0,0,0.05185600828721958,0.0,0.1739059276348902,none,none
wroclaw_2024_2025,15,12066,0,0,0.07053915208190645,0.0,0.16919359029845568,none,none
wroclaw_2024_2025,15,12067,0,0,0.06580801104962611,0.0,0.14795118091316328,none,none
wroclaw_2024_2025,15,12068,0,0,0.06631829035178026,0.0,0.14283909012623028,none,none
wroclaw_2024_2025,15,12069,0,0,0.06161458795278509,0.0,0.1439965885729074,none,none
wroclaw_2024_2025,15,12070,0,0,0.07056659071519161,0.0,0.14466513210956325,none,none
wroclaw_2024_2025,15,12071,0,0,0.07602199275077542,0.0,0.14449850709410578,none,none
wroclaw_2024_2025,15,12072,0,0,0.04736628758937373,0.0,0.14353073491252957,none,none
wroclaw_2024_2025,15,12073,0,0,0.03317286449253272,0.0,0.14188389179935532,none,none
wroclaw_2024_2025,15,12074,0,0,0.056587149319499916,0.0,0.1471271558893721,none,none
wroclaw_2024_2025,15,12075,0,0,0.05682856965393441,0.0,0.1490189530032408,none,none
wroclaw_2024_2025,15,12076,0,0,0.04736628758937373,0.0,0.14796253045326185,none,none
wroclaw_2024_2025,15,12077,0,0,0.052338848956088556,0.0,0.1534400628573168,none,none
wroclaw_2024_2025,15,12078,0,0,0.05206998998836889,0.0,0.15098942873748508,none,none
wroclaw_2024_2025,15,12079,0,0,0.04733884895608855,0.0,0.14655957411231268,none,none
wroclaw_2024_2025,15,12080,0,0,0.05680113102064923,0.0,0.1503885212708652,none,none
wroclaw_2024_2025,15,12081,0,0,0.04733884895608855,0.0,0.1530719067150349,none,none
wroclaw_2024_2025,15,12082,0,0,0.03787656689152789,0.0,0.14489716878791184,none,none
wroclaw_2024_2025,15,12083,0,0,0.042849128258242705,0.0,0.145661095782839,none,none
wroclaw_2024_2025,15,12084,0,0,0.03811798722596237,0.0,0.14611684354088653,none,none
wroclaw_2024_2025,15,12085,0,0,0.05182856965393441,0.0,0.14532264594354224,none,none
wroclaw_2024_2025,15,12086,0,0,0.023683143794686865,0.0,0.1538940273539698,none,none
wroclaw_2024_2025,15,12087,0,0,0.019324138466174937,0.0,0.15493686868981582,none,none
wroclaw_2024_2025,15,12088,0,0,0.033386846193682033,0.0,0.14930748995940935,none,none
wroclaw_2024_2025,15,12089,0,0,0.037979843627576636,0.0,0.15467503981196504,none,none
wroclaw_2024_2025,15,12090,0,0,0.05244212569213731,0.0,0.15660788492091698,none,none
wroclaw_2024_2025,15,12091,0,0,0.03287656689152788,0.0,0.15974059198660803,none,none
wroclaw_2024_2025,15,12092,0,0,0.023655705161401693,0.0,0.1574915865916445,none,none
wroclaw_2024_2025,15,12093,0,0,0.033248702595296296,0.0,0.1529425279391982,none,none
wroclaw_2024_2025,15,12094,0,0,0.03760770792380822,0.0,0.15401724849104248,none,none
wroclaw_2024_2025,15,12095,0,0,0.028386846193682033,0.0,0.1502124945685654,none,none
wroclaw_2024_2025,15,12096,0,0,0.023655705161401693,0.0,0.14957090772749246,none,none
wroclaw_2024_2025,15,12097,0,0,0.051690426055548674,0.0,0.14982234500014027,none,none
wroclaw_2024_2025,15,12098,0,0,0.05669042605554868,0.0,0.14629823675063483,none,none
wroclaw_2024_2025,15,12099,0,0,0.03760770792380822,0.0,0.14342601307337088,none,none
wroclaw_2024_2025,15,12100,0,0,0.05193184638998316,0.0,0.1424472106014472,none,none
wroclaw_2024_2025,15,12101,0,0,0.04746956432542248,0.0,0.14376225998036615,none,none
wroclaw_2024_2025,15,12102,0,0,0.051959285023268326,0.0,0.13712180581430997,none,none
wroclaw_2024_2025,15,12103,0,0,0.04746956432542248,0.0,0.1331882205688638,none,none
wroclaw_2024_2025,15,12104,0,0,0.05220070535770282,0.0,0.13233884860082604,none,none
wroclaw_2024_2025,15,12105,0,0,0.03327614122858147,0.0,0.13036540888229714,none,none
wroclaw_2024_2025,15,12106,0,0,0.04273842329314214,0.0,0.13600663587779005,none,none
wroclaw_2024_2025,15,12107,0,0,0.04313799763019573,0.0,0.13265717012305903,none,none
wroclaw_2024_2025,15,12108,0,0,0.02394457453335471,0.0,0.13107052807659342,none,none
wroclaw_2024_2025,15,12109,0,0,0.024075289902688635,0.0,0.1264047862701287,none,none
wroclaw_2024_2025,15,12110,0,0,0.009723712803228524,0.0,0.12497136874338757,none,none
wroclaw_2024_2025,15,12111,0,0,0.019082718131740454,0.0,0.12635557596939181,none,none
wroclaw_2024_2025,15,12112,0,0,0.004861856401614262,0.0,0.12127397725130745,none,none
wroclaw_2024_2025,15,12113,0,0,0.014082718131740453,0.0,0.14242159948575298,none,none
wroclaw_2024_2025,15,12114,0,0,0.009220861730126189,0.0,0.12606232278266855,none,none
wroclaw_2024_2025,15,12115,0,0,0.014082718131740453,0.0,0.13190898253150507,none,none
wroclaw_2024_2025,15,12116,0,0,0.0189794413956917,0.0,0.13111118717658224,none,none
wroclaw_2024_2025,15,12117,0,0,0.013469162093537553,0.0,0.11459861194592708,none,none
wroclaw_2024_2025,15,12118,0,0,0.0044897206978458505,0.0,0.12388018655179245,none,none
wroclaw_2024_2025,15,12119,0,0,0.0047311410322803385,0.0,0.1302313067811557,none,none
wroclaw_2024_2025,15,12120,0,0,0.0,0.0,0.13556311709148852,none,none
wroclaw_2024_2025,15,12121,0,0,0.014351577099460113,0.0,0.13323829180513108,none,none
wroclaw_2024_2025,15,12122,0,0,0.01881385916402079,0.0,0.15221037892860467,none,none
wroclaw_2024_2025,15,12123,0,0,0.018683143794686864,0.0,0.1789694256237948,none,none
wroclaw_2024_2025,15,12124,0,0,0.018683143794686864,0.0,0.1868110850334162,none,none
wroclaw_2024_2025,15,12125,0,0,0.013952002762406528,0.0,0.20761546565655978,none,none
wroclaw_2024_2025,15,12126,0,0,0.009462282064560677,0.0,0.21047920072169307,none,none
wroclaw_2024_2025,15,12127,0,0,0.013952002762406528,0.0,0.2110175983806627,none,none
wroclaw_2024_2025,15,12128,0,0,0.013952002762406528,0.0,0.21154798887418605,none,none
wroclaw_2024_2025,15,12129,0,0,0.018683143794686864,0.0,0.20970463487027058,none,none
wroclaw_2024_2025,15,12130,0,0,0.013952002762406528,0.0,0.21170137233325445,none,none
wroclaw_2024_2025,15,12131,0,0,0.0047311410322803385,0.0,0.21474561273045834,none,none
wroclaw_2024_2025,15,12132,0,0,0.018924564129121354,0.0,0.21390037269777937,none,none
wroclaw_2024_2025,15,12133,0,0,0.0047311410322803385,0.0,0.21622969503695713,none,none
wroclaw_2024_2025,15,12134,0,0,0.0047311410322803385,0.0,0.21751788492175791,none,none
wroclaw_2024_2025,15,12135,0,0,0.0,0.0,0.21830014115456328,none,none
wroclaw_2024_2025,15,12136,0,0,0.0,0.0,0.22031369087776195,none,none
wroclaw_2024_2025,15,12137,0,0,0.0,0.0,0.22031369087776195,none,none
wroclaw_2024_2025,15,12138,0,0,0.009462282064560677,0.0,0.22013430182104776,none,none
wroclaw_2024_2025,15,12139,0,0,0.009462282064560677,0.0,0.2193172141500809,none,none
wroclaw_2024_2025,15,12140,0,0,0.009462282064560677,0.0,0.22069056144801427,none,none
wroclaw_2024_2025,15,12141,0,0,0.0047311410322803385,0.0,0.22155235248640778,none,none
wroclaw_2024_2025,15,12142,0,0,0.01371058242797204,0.0,0.22233720086790987,none,none
wroclaw_2024_2025,15,12143,0,0,0.022931444158098228,0.0,0.22039555830413113,none,none
wroclaw_2024_2025,15,12144,0,0,0.01871058242797204,0.0,0.2228927086986487,none,none
wroclaw_2024_2025,15,12145,0,0,0.037662585190378566,0.0,0.22155235248640778,none,none
wroclaw_2024_2025,15,12146,0,0,0.03317286449253272,0.0,0.22373018284602342,none,none
wroclaw_2024_2025,15,12147,0,0,0.037662585190378566,0.0,0.2187537086883564,none,none
wroclaw_2024_2025,15,12148,0,0,0.02871058242797204,0.0,0.2224016811865832,none,none
wroclaw_2024_2025,15,12149,0,0,0.02371058242797204,0.0,0.22153929095662744,none,none
wroclaw_2024_2025,15,12150,0,0,0.02793144415809823,0.0,0.21736952351771827,none,none
wroclaw_2024_2025,15,12151,0,0,0.02793144415809823,0.0,0.21386462493904232,none,none
wroclaw_2024_2025,15,12152,0,0,0.01871058242797204,0.0,0.21275857880823576,none,none
wroclaw_2024_2025,15,12153,0,0,0.023572438829586304,0.0,0.21020872694610873,none,none
wroclaw_2024_2025,15,12154,0,0,0.028062159527432153,0.0,0.21178339017869002,none,none
wroclaw_2024_2025,15,12155,0,0,0.03739372622265891,0.0,0.21178339017869002,none,none
wroclaw_2024_2025,15,12156,0,0,0.03266258519037857,0.0,0.21222279874956457,none,none
wroclaw_2024_2025,15,12157,0,0,0.028172864492532715,0.0,0.21435222319413436,none,none
wroclaw_2024_2025,15,12158,0,0,0.05620758538667969,0.0,0.21479256325759521,none,none
wroclaw_2024_2025,15,12159,0,0,0.05134572898506543,0.0,0.21435222319413436,none,none
wroclaw_2024_2025,15,12160,0,0,0.051856008287219583,0.0,0.2172878590859261,none,none
wroclaw_2024_2025,15,12161,0,0,0.06566986745124037,0.0,0.19269924354952175,none,none
wroclaw_2024_2025,15,12162,0,0,0.05583544968291129,0.0,0.16710534620543124,none,none
wroclaw_2024_2025,15,12163,0,0,0.06080801104962611,0.0,0.14276251017893266,none,none
wroclaw_2024_2025,15,12164,0,0,0.04739372622265891,0.0,0.14018891628983315,none,none
wroclaw_2024_2025,15,12165,0,0,0.04188344692050476,0.0,0.14341632386731923,none,none
wroclaw_2024_2025,15,12166,0,0,0.04188344692050476,0.0,0.14757467264490606,none,none
wroclaw_2024_2025,15,12167,0,0,0.03314542585924754,0.0,0.1485508152307622,none,none
wroclaw_2024_2025,15,12168,0,0,0.037635146557093394,0.0,0.14635597539726586,none,none
wroclaw_2024_2025,15,12169,0,0,0.027904005524813057,0.0,0.1479015773469796,none,none
wroclaw_2024_2025,15,12170,0,0,0.03276586192642732,0.0,0.14303516409610154,none,none
wroclaw_2024_2025,15,12171,0,0,0.046476444354399356,0.0,0.1467486970692904,none,none
wroclaw_2024_2025,15,12172,0,0,0.018683143794686864,0.0,0.1462006525041732,none,none
wroclaw_2024_2025,15,12173,0,0,0.023414284826967204,0.0,0.15472892391147672,none,none
wroclaw_2024_2025,15,12174,0,0,0.04658714931949993,0.0,0.14704327918115093,none,none
wroclaw_2024_2025,15,12175,0,0,0.04682856965393441,0.0,0.14952264578042754,none,none
wroclaw_2024_2025,15,12176,0,0,0.056828569653934416,0.0,0.1421026969123947,none,none
wroclaw_2024_2025,15,12177,0,0,0.052580269290523056,0.0,0.1560565334666935,none,none
wroclaw_2024_2025,15,12178,0,0,0.04311798722596238,0.0,0.1442751507426931,none,none
wroclaw_2024_2025,15,12179,0,0,0.07636668982125867,0.0,0.14746728781651014,none,none
wroclaw_2024_2025,15,12180,0,0,0.06636668982125866,0.0,0.14024077698778484,none,none
wroclaw_2024_2025,15,12181,0,0,0.08980841328151103,0.0,0.13324884183540017,none,none
wroclaw_2024_2025,15,12182,0,0,0.10413997997673777,0.0,0.13539823834256084,none,none
wroclaw_2024_2025,15,12183,0,0,0.12309198273914428,0.0,0.13288755339748773,none,none
wroclaw_2024_2025,15,12184,0,0,0.11809198273914427,0.0,0.14254958643027046,none,none
wroclaw_2024_2025,15,12185,0,0,0.08021541584761645,0.0,0.14021201059822858,none,none
wroclaw_2024_2025,15,12186,0,0,0.06591128778567486,0.0,0.14102441758125175,none,none
wroclaw_2024_2025,15,12187,0,0,0.04236628758937373,0.0,0.13991078323618075,none,none
wroclaw_2024_2025,15,12188,0,0,0.04236628758937373,0.0,0.14653840855887354,none,none
wroclaw_2024_2025,15,12189,0,0,0.03760770792380822,0.0,0.13884244347868732,none,none
wroclaw_2024_2025,15,12190,0,0,0.028145425859247543,0.0,0.134669304186975,none,none
wroclaw_2024_2025,15,12191,0,0,0.018924564129121354,0.0,0.12896666394801803,none,none
wroclaw_2024_2025,15,12192,0,0,0.04198672365655351,0.0,0.1365804186316309,none,none
wroclaw_2024_2025,15,12193,0,0,0.037497002958707656,0.0,0.14055201084980948,none,none
wroclaw_2024_2025,15,12194,0,0,0.05607687001734577,0.0,0.13925528420865665,none,none
wroclaw_2024_2025,15,12195,0,0,0.041883446920504754,0.0,0.1379887150700792,none,none
wroclaw_2024_2025,15,12196,0,0,0.028172864492532715,0.0,0.1402243502098386,none,none
wroclaw_2024_2025,15,12197,0,0,0.027904005524813057,0.0,0.14198481479496525,none,none
wroclaw_2024_2025,15,12198,0,0,0.027904005524813057,0.0,0.1368788007214033,none,none
wroclaw_2024_2025,15,12199,0,0,0.03287656689152788,0.0,0.14227793551842086,none,none
wroclaw_2024_2025,15,12200,0,0,0.028386846193682033,0.0,0.14512434575394756,none,none
wroclaw_2024_2025,15,12201,0,0,0.028145425859247543,0.0,0.1477843429092661,none,none
wroclaw_2024_2025,15,12202,0,0,0.014193423096841013,0.0,0.1408446451450345,none,none
wroclaw_2024_2025,15,12203,0,0,0.014193423096841013,0.0,0.14098252356431235,none,none
wroclaw_2024_2025,15,12204,0,0,0.014193423096841013,0.0,0.1411810116766017,none,none
wroclaw_2024_2025,15,12205,0,0,0.018924564129121354,0.0,0.13970376230575382,none,none
wroclaw_2024_2025,15,12206,0,0,0.014193423096841013,0.0,0.12994254738847183,none,none
wroclaw_2024_2025,15,12207,0,0,0.009462282064560677,0.0,0.12456981287987838,none,none
wroclaw_2024_2025,15,12208,0,0,0.0047311410322803385,0.0,0.12317898761511042,none,none
wroclaw_2024_2025,15,12209,0,0,0.009462282064560677,0.0,0.12118746281552802,none,none
wroclaw_2024_2025,15,12210,0,0,0.0047311410322803385,0.0,0.12654490529577764,none,none
wroclaw_2024_2025,15,12211,0,0,0.013952002762406525,0.0,0.13373893876141077,none,none
wroclaw_2024_2025,15,12212,0,0,0.0047311410322803385,0.0,0.1398016446900822,none,none
wroclaw_2024_2025,15,12213,0,0,0.0047311410322803385,0.0,0.13725355118051433,none,none
wroclaw_2024_2025,15,12214,0,0,0.0047311410322803385,0.0,0.13673519494610065,none,none
wroclaw_2024_2025,15,12215,0,0,0.0,0.0,0.14005825304465752,none,none
wroclaw_2024_2025,15,12216,0,0,0.0,0.0,0.14343036662736408,none,none
wroclaw_2024_2025,15,12217,0,0,0.009462282064560677,0.0,0.14604981459180902,none,none
wroclaw_2024_2025,15,12218,0,0,0.0,0.0,0.13714217990901115,none,none
wroclaw_2024_2025,15,12219,0,0,0.0,0.0,0.171156424228942,none,none
wroclaw_2024_2025,15,12220,0,0,0.0047311410322803385,0.0,0.18589918899165686,none,none
wroclaw_2024_2025,15,12221,0,0,0.0047311410322803385,0.0,0.20013751652516135,none,none
wroclaw_2024_2025,15,12222,0,0,0.0,0.0,0.2086023792288029,none,none
wroclaw_2024_2025,15,12223,0,0,0.009462282064560677,0.0,0.20805336288326778,none,none
wroclaw_2024_2025,15,12224,0,0,0.009462282064560677,0.0,0.21004042417318144,none,none
wroclaw_2024_2025,15,12225,0,0,0.0047311410322803385,0.0,0.21220418192742255,none,none
wroclaw_2024_2025,15,12226,0,0,0.0047311410322803385,0.0,0.21176478010480518,none,none
wroclaw_2024_2025,15,12227,0,0,0.014193423096841013,0.0,0.21198212170849745,none,none
wroclaw_2024_2025,15,12228,0,0,0.009462282064560677,0.0,0.21335720859337237,none,none
wroclaw_2024_2025,15,12229,0,0,0.009462282064560677,0.0,0.21335720859337237,none,none
wroclaw_2024_2025,15,12230,0,0,0.014193423096841013,0.0,0.2156854886688598,none,none
wroclaw_2024_2025,15,12231,0,0,0.014193423096841013,0.0,0.21708833676395436,none,none
wroclaw_2024_2025,15,12232,0,0,0.014193423096841013,0.0,0.2201443590491359,none,none
wroclaw_2024_2025,15,12233,0,0,0.014193423096841013,0.0,0.2201443590491359,none,none
wroclaw_2024_2025,15,12234,0,0,0.009462282064560677,0.0,0.2201443590491359,none,none
wroclaw_2024_2025,15,12235,0,0,0.03287656689152788,0.0,0.2212571410742921,none,none
wroclaw_2024_2025,15,12236,0,0,0.03760770792380822,0.0,0.22155235248640778,none,none
wroclaw_2024_2025,15,12237,0,0,0.037366287589373735,0.0,0.22155235248640778,none,none
wroclaw_2024_2025,15,12238,0,0,0.04233884895608856,0.0,0.2204729861865169,none,none
wroclaw_2024_2025,15,12239,0,0,0.07027029311418678,0.0,0.22297995012680905,none,none
wroclaw_2024_2025,15,12240,0,0,0.05607687001734577,0.0,0.2185600665948305,none,none
wroclaw_2024_2025,15,12241,0,0,0.07553915208190644,0.0,0.21491056784772658,none,none
wroclaw_2024_2025,15,12242,0,0,0.0526351465570934,0.0,0.2107122117051588,none,none
wroclaw_2024_2025,15,12243,0,0,0.028172864492532715,0.0,0.21058370422122322,none,none
wroclaw_2024_2025,15,12244,0,0,0.03317286449253272,0.0,0.21014488979210627,none,none
wroclaw_2024_2025,15,12245,0,0,0.03817286449253272,0.0,0.20670670437789712,none,none
wroclaw_2024_2025,15,12246,0,0,0.023441723460252382,0.0,0.20806584814510024,none,none
wroclaw_2024_2025,15,12247,0,0,0.023441723460252382,0.0,0.205977777320235,none,none
wroclaw_2024_2025,15,12248,0,0,0.023441723460252382,0.0,0.20889316840709146,none,none
wroclaw_2024_2025,15,12249,0,0,0.028172864492532715,0.0,0.20487891750750195,none,none
wroclaw_2024_2025,15,12250,0,0,0.027904005524813057,0.0,0.20539790585927237,none,none
wroclaw_2024_2025,15,12251,0,0,0.03739372622265891,0.0,0.20539790585927237,none,none
wroclaw_2024_2025,15,12252,0,0,0.03317286449253272,0.0,0.21201114697939472,none,none
wroclaw_2024_2025,15,12253,0,0,0.04736628758937374,0.0,0.21365391705203815,none,none
wroclaw_2024_2025,15,12254,0,0,0.032904005524813054,0.0,0.21451074031459036,none,none
wroclaw_2024_2025,15,12255,0,0,0.07489072918136656,0.0,0.21451074031459036,none,none
wroclaw_2024_2025,15,12256,0,0,0.07924973450987849,0.0,0.21744675941360925,none,none
wroclaw_2024_2025,15,12257,0,0,0.07027029311418678,0.0,0.20931734989369324,none,none
wroclaw_2024_2025,15,12258,0,0,0.08973257517874744,0.0,0.17146882190065554,none,none
wroclaw_2024_2025,15,12259,0,0,0.08027029311418678,0.0,0.15876594525626045,none,none
wroclaw_2024_2025,15,12260,0,0,0.061049431384060604,0.0,0.15046640016671134,none,none
wroclaw_2024_2025,15,12261,0,0,0.046856008287219586,0.0,0.1478726442749785,none,none
wroclaw_2024_2025,15,12262,0,0,0.03712486725493925,0.0,0.1494004575835354,none,none
wroclaw_2024_2025,15,12263,0,0,0.027662585190378567,0.0,0.14995620809957838,none,none
wroclaw_2024_2025,15,12264,0,0,0.036883446920504756,0.0,0.1529874754089538,none,none
wroclaw_2024_2025,15,12265,0,0,0.032635146557093396,0.0,0.15233484231166297,none,none
wroclaw_2024_2025,15,12266,0,0,0.032635146557093396,0.0,0.15150047982687517,none,none
wroclaw_2024_2025,15,12267,0,0,0.04209742862165407,0.0,0.15103763254521663,none,none
wroclaw_2024_2025,15,12268,0,0,0.0470699899883689,0.0,0.16147374551715818,none,none
wroclaw_2024_2025,15,12269,0,0,0.03784912825824271,0.0,0.15570516302327495,none,none
wroclaw_2024_2025,15,12270,0,0,0.04233884895608856,0.0,0.15315711221063114,none,none
wroclaw_2024_2025,15,12271,0,0,0.061021992750775425,0.0,0.15369068967896185,none,none
wroclaw_2024_2025,15,12272,0,0,0.028386846193682033,0.0,0.1490173029911921,none,none
wroclaw_2024_2025,15,12273,0,0,0.037979843627576636,0.0,0.14129605143552038,none,none
wroclaw_2024_2025,15,12274,0,0,0.04233884895608856,0.0,0.14212471562823664,none,none
wroclaw_2024_2025,15,12275,0,0,0.05180113102064923,0.0,0.1414470051684088,none,none
wroclaw_2024_2025,15,12276,0,0,0.028145425859247543,0.0,0.14295432350508075,none,none
wroclaw_2024_2025,15,12277,0,0,0.028386846193682033,0.0,0.13859795708903233,none,none
wroclaw_2024_2025,15,12278,0,0,0.023655705161401693,0.0,0.14466436975849772,none,none
wroclaw_2024_2025,15,12279,0,0,0.0797051365454623,0.0,0.13996046719273353,none,none
wroclaw_2024_2025,15,12280,0,0,0.04258026929052305,0.0,0.13830926459568316,none,none
wroclaw_2024_2025,15,12281,0,0,0.03811798722596237,0.0,0.14320847719952112,none,none
wroclaw_2024_2025,15,12282,0,0,0.03811798722596237,0.0,0.1382871116893389,none,none
wroclaw_2024_2025,15,12283,0,0,0.047607707923808223,0.0,0.13943760464219918,none,none
wroclaw_2024_2025,15,12284,0,0,0.04297984362757663,0.0,0.13661557374626107,none,none
wroclaw_2024_2025,15,12285,0,0,0.03311798722596237,0.0,0.13866931853702447,none,none
wroclaw_2024_2025,15,12286,0,0,0.042841700029190896,0.0,0.13558242034384405,none,none
wroclaw_2024_2025,15,12287,0,0,0.03811055899691056,0.0,0.13463316921176613,none,none
wroclaw_2024_2025,15,12288,0,0,0.05743469746308549,0.0,0.13224440990728756,none,none
wroclaw_2024_2025,15,12289,0,0,0.047572841061471235,0.0,0.14078155336922102,none,none
wroclaw_2024_2025,15,12290,0,0,0.047572841061471235,0.0,0.14375542572198938,none,none
wroclaw_2024_2025,15,12291,0,0,0.033248702595296296,0.0,0.14267230421702112,none,none
wroclaw_2024_2025,15,12292,0,0,0.03337941796463022,0.0,0.14612827185489993,none,none
wroclaw_2024_2025,15,12293,0,0,0.042841700029190896,0.0,0.14236790677549988,none,none
wroclaw_2024_2025,15,12294,0,0,0.033248702595296296,0.0,0.13143467371002032,none,none
wroclaw_2024_2025,15,12295,0,0,0.04297984362757663,0.0,0.13115029282719828,none,none
wroclaw_2024_2025,15,12296,0,0,0.028517561563015957,0.0,0.13803580470264634,none,none
wroclaw_2024_2025,15,12297,0,0,0.024055279498455276,0.0,0.14202550988404278,none,none
wroclaw_2024_2025,15,12298,0,0,0.01905527949845528,0.0,0.13638412618487938,none,none
wroclaw_2024_2025,15,12299,0,0,0.02378642053073561,0.0,0.13153855890485902,none,none
wroclaw_2024_2025,15,12300,0,0,0.024055279498455276,0.0,0.13150570389003818,none,none
wroclaw_2024_2025,15,12301,0,0,0.0432487025952963,0.0,0.12663731989545685,none,none
wroclaw_2024_2025,15,12302,0,0,0.04297984362757663,0.0,0.1212260399206388,none,none
wroclaw_2024_2025,15,12303,0,0,0.038248702595296294,0.0,0.11716842385387209,none,none
wroclaw_2024_2025,15,12304,0,0,0.03864827693234988,0.0,0.11708834185514162,none,none
wroclaw_2024_2025,15,12305,0,0,0.02381385916402079,0.0,0.12397163398522458,none,none
wroclaw_2024_2025,15,12306,0,0,0.019324138466174937,0.0,0.11485404872301896,none,none
wroclaw_2024_2025,15,12307,0,0,0.043007282260861805,0.0,0.11837333995482545,none,none
wroclaw_2024_2025,15,12308,0,0,0.02381385916402079,0.0,0.11742840306623029,none,none
wroclaw_2024_2025,15,12309,0,0,0.028414284826967205,0.0,0.1218067648140162,none,none
wroclaw_2024_2025,15,12310,0,0,0.009220861730126189,0.0,0.12975208149349507,none,none
wroclaw_2024_2025,15,12311,0,0,0.0,0.0,0.13524846009342006,none,none
wroclaw_2024_2025,15,12312,0,0,0.0047311410322803385,0.0,0.14124583445774772,none,none
wroclaw_2024_2025,15,12313,0,0,0.009462282064560677,0.0,0.1420957537791264,none,none
wroclaw_2024_2025,15,12314,0,0,0.009462282064560677,0.0,0.14642940593314033,none,none
wroclaw_2024_2025,15,12315,0,0,0.009462282064560677,0.0,0.15094134596591074,none,none
wroclaw_2024_2025,15,12316,0,0,0.014193423096841013,0.0,0.18354295339391402,none,none
wroclaw_2024_2025,15,12317,0,0,0.009462282064560677,0.0,0.18788132225267207,none,none
wroclaw_2024_2025,15,12318,0,0,0.009462282064560677,0.0,0.20561760478341193,none,none
wroclaw_2024_2025,15,12319,0,0,0.018924564129121354,0.0,0.21505049731710044,none,none
wroclaw_2024_2025,15,12320,0,0,0.028386846193682033,0.0,0.21447772171960233,none,none
wroclaw_2024_2025,15,12321,0,0,0.018924564129121354,0.0,0.2117604338537687,none,none
wroclaw_2024_2025,15,12322,0,0,0.009462282064560677,0.0,0.21236147330528413,none,none
wroclaw_2024_2025,15,12323,0,0,0.013952002762406528,0.0,0.20492115397809277,none,none
wroclaw_2024_2025,15,12324,0,0,0.0047311410322803385,0.0,0.20824815803756272,none,none
wroclaw_2024_2025,15,12325,0,0,0.014193423096841013,0.0,0.20894335384097876,none,none
wroclaw_2024_2025,15,12326,0,0,0.009462282064560677,0.0,0.2073723811201147,none,none
wroclaw_2024_2025,15,12327,0,0,0.009462282064560677,0.0,0.2073723811201147,none,none
wroclaw_2024_2025,15,12328,0,0,0.009462282064560677,0.0,0.20991625693734553,none,none
wroclaw_2024_2025,15,12329,0,0,0.009462282064560677,0.0,0.21025477484309946,none,none
wroclaw_2024_2025,15,12330,0,0,0.03287656689152788,0.0,0.2102087269461088,none,none
wroclaw_2024_2025,15,12331,0,0,0.023172864492532717,0.0,0.20925214023216196,none,none
wroclaw_2024_2025,15,12332,0,0,0.03790400552481306,0.0,0.20561013404663078,none,none
wroclaw_2024_2025,15,12333,0,0,0.04739372622265891,0.0,0.20583499896967614,none,none
wroclaw_2024_2025,15,12334,0,0,0.042393726222658905,0.0,0.20583499896967614,none,none
wroclaw_2024_2025,15,12335,0,0,0.09956699294707655,0.0,0.20336318014709798,none,none
wroclaw_2024_2025,15,12336,0,0,0.08578057241634093,0.0,0.20879603729179186,none,none
wroclaw_2024_2025,15,12337,0,0,0.042393726222658905,0.0,0.19189342167950774,none,none
wroclaw_2024_2025,15,12338,0,0,0.032931444158098226,0.0,0.1711497589656668,none,none
wroclaw_2024_2025,15,12339,0,0,0.032904005524813054,0.0,0.1693447410226757,none,none
wroclaw_2024_2025,15,12340,0,0,0.04736628758937373,0.0,0.19892744472656457,none,none
wroclaw_2024_2025,15,12341,0,0,0.04212486725493925,0.0,0.1986913430699449,none,none
wroclaw_2024_2025,15,12342,0,0,0.04736628758937373,0.0,0.20559240996610667,none,none
wroclaw_2024_2025,15,12343,0,0,0.04736628758937373,0.0,0.20559240996610667,none,none
wroclaw_2024_2025,15,12344,0,0,0.0426351465570934,0.0,0.20413634197055583,none,none
wroclaw_2024_2025,15,12345,0,0,0.046856008287219586,0.0,0.20240905853859878,none,none
wroclaw_2024_2025,15,12346,0,0,0.03739372622265891,0.0,0.20058778127042104,none,none
wroclaw_2024_2025,15,12347,0,0,0.04212486725493925,0.0,0.19408522881773072,none,none
wroclaw_2024_2025,15,12348,0,0,0.037662585190378566,0.0,0.19928561935824726,none,none
wroclaw_2024_2025,15,12349,0,0,0.04266258519037857,0.0,0.20174906249535127,none,none
wroclaw_2024_2025,15,12350,0,0,0.04739372622265891,0.0,0.20262076049503708,none,none
wroclaw_2024_2025,15,12351,0,0,0.094745157353929,0.0,0.20654827677385962,none,none
wroclaw_2024_2025,15,12352,0,0,0.08539358025446889,0.0,0.2066940958999711,none,none
wroclaw_2024_2025,15,12353,0,0,0.1323877321400742,0.0,0.21004983956419587,none,none
wroclaw_2024_2025,15,12354,0,0,0.10918742901425632,0.0,0.16608752028700008,none,none
wroclaw_2024_2025,15,12355,0,0,0.10306359367389926,0.0,0.16456685798894238,none,none
wroclaw_2024_2025,15,12356,0,0,0.08964930884693205,0.0,0.1503403446469843,none,none
wroclaw_2024_2025,15,12357,0,0,0.07566986745124037,0.0,0.15107855290692523,none,none
wroclaw_2024_2025,15,12358,0,0,0.10868457794115396,0.0,0.15002476164863376,none,none
wroclaw_2024_2025,15,12359,0,0,0.08924973450987847,0.0,0.1524981934117765,none,none
wroclaw_2024_2025,15,12360,0,0,0.09419485724330814,0.0,0.15165244630324842,none,none
wroclaw_2024_2025,15,12361,0,0,0.11317429863899982,0.0,0.15037827285948194,none,none
wroclaw_2024_2025,15,12362,0,0,0.09922229587659331,0.0,0.14960789872747146,none,none
wroclaw_2024_2025,15,12363,0,0,0.0854842748153361,0.0,0.14824619135552794,none,none
wroclaw_2024_2025,15,12364,0,0,0.08575313378305577,0.0,0.1473265936016858,none,none
wroclaw_2024_2025,15,12365,0,0,0.10438140031117225,0.0,0.14653244055959236,none,none
wroclaw_2024_2025,15,12366,0,0,0.06629085171849508,0.0,0.1465349698525362,none,none
wroclaw_2024_2025,15,12367,0,0,0.07599455411749025,0.0,0.14902301828787984,none,none
wroclaw_2024_2025,15,12368,0,0,0.08569825651648541,0.0,0.1441226774974267,none,none
wroclaw_2024_2025,15,12369,0,0,0.09029125395038,0.0,0.14574980736530208,none,none
wroclaw_2024_2025,15,12370,0,0,0.10373297741063237,0.0,0.1520770052731271,none,none
wroclaw_2024_2025,15,12371,0,0,0.10846411844291269,0.0,0.14553373922852442,none,none
wroclaw_2024_2025,15,12372,0,0,0.071097830853539,0.0,0.15359924916359224,none,none
wroclaw_2024_2025,15,12373,0,0,0.061635548788978325,0.0,0.14925297390209558,none,none
wroclaw_2024_2025,15,12374,0,0,0.056904407756697986,0.0,0.15351158628860787,none,none
wroclaw_2024_2025,15,12375,0,0,0.05180113102064923,0.0,0.15034233312265968,none,none
wroclaw_2024_2025,15,12376,0,0,0.061504833419644404,0.0,0.15917601165544076,none,none
wroclaw_2024_2025,15,12377,0,0,0.056773692387364065,0.0,0.1547221070775236,none,none
wroclaw_2024_2025,15,12378,0,0,0.052042551355083726,0.0,0.1579295694534092,none,none
wroclaw_2024_2025,15,12379,0,0,0.04258026929052305,0.0,0.15448482733046456,none,none
wroclaw_2024_2025,15,12380,0,0,0.04233884895608856,0.0,0.15247202405755855,none,none
wroclaw_2024_2025,15,12381,0,0,0.042849128258242705,0.0,0.15650280674229214,none,none
wroclaw_2024_2025,15,12382,0,0,0.03784912825824271,0.0,0.15487158367546078,none,none
wroclaw_2024_2025,15,12383,0,0,0.03311798722596237,0.0,0.14421205850746993,none,none
wroclaw_2024_2025,15,12384,0,0,0.019193423096841012,0.0,0.14782326054221537,none,none
wroclaw_2024_2025,15,12385,0,0,0.037979843627576636,0.0,0.14710230082587925,none,none
wroclaw_2024_2025,15,12386,0,0,0.043110558996910554,0.0,0.14132536787912797,none,none
wroclaw_2024_2025,15,12387,0,0,0.047841700029190894,0.0,0.13991621610737942,none,none
wroclaw_2024_2025,15,12388,0,0,0.02864827693234988,0.0,0.13945278291938362,none,none
wroclaw_2024_2025,15,12389,0,0,0.023655705161401693,0.0,0.13315875955364936,none,none
wroclaw_2024_2025,15,12390,0,0,0.05233884895608856,0.0,0.1406989003541962,none,none
wroclaw_2024_2025,15,12391,0,0,0.019324138466174937,0.0,0.14062729307200594,none,none
wroclaw_2024_2025,15,12392,0,0,0.019193423096841012,0.0,0.13847901651254743,none,none
wroclaw_2024_2025,15,12393,0,0,0.028406856597915392,0.0,0.13457292385155645,none,none
wroclaw_2024_2025,15,12394,0,0,0.01905527949845528,0.0,0.14128358151915205,none,none
wroclaw_2024_2025,15,12395,0,0,0.023545000196301128,0.0,0.13227728637157796,none,none
wroclaw_2024_2025,15,12396,0,0,0.03837941796463022,0.0,0.1376317886773012,none,none
wroclaw_2024_2025,15,12397,0,0,0.042841700029190896,0.0,0.12927092055948958,none,none
wroclaw_2024_2025,15,12398,0,0,0.033517561563015955,0.0,0.12576091967789169,none,none
wroclaw_2024_2025,15,12399,0,0,0.04297984362757663,0.0,0.12856692325615499,none,none
wroclaw_2024_2025,15,12400,0,0,0.043110558996910554,0.0,0.1279179474489518,none,none
wroclaw_2024_2025,15,12401,0,0,0.02865570516140169,0.0,0.12829418354557,none,none
wroclaw_2024_2025,15,12402,0,0,0.02865570516140169,0.0,0.13391485415285054,none,none
wroclaw_2024_2025,15,12403,0,0,0.03851756156301596,0.0,0.1241892268957794,none,none
wroclaw_2024_2025,15,12404,0,0,0.028786420530735615,0.0,0.12645756352013304,none,none
wroclaw_2024_2025,15,12405,0,0,0.014462282064560676,0.0,0.12549415313079101,none,none
wroclaw_2024_2025,15,12406,0,0,0.009731141032280339,0.0,0.12559749288350017,none,none
wroclaw_2024_2025,15,12407,0,0,0.0047311410322803385,0.0,0.13342426059669193,none,none
wroclaw_2024_2025,15,12408,0,0,0.009462282064560677,0.0,0.13464679352432654,none,none
wroclaw_2024_2025,15,12409,0,0,0.0047311410322803385,0.0,0.1590164350221947,none,none
wroclaw_2024_2025,15,12410,0,0,0.0047311410322803385,0.0,0.18035747441131622,none,none
wroclaw_2024_2025,15,12411,0,0,0.0047311410322803385,0.0,0.19681204705014407,none,none
wroclaw_2024_2025,15,12412,0,0,0.0047311410322803385,0.0,0.21206942816096894,none,none
wroclaw_2024_2025,15,12413,0,0,0.0,0.0,0.21160011428771364,none,none
wroclaw_2024_2025,15,12414,0,0,0.0,0.0,0.2118595434212849,none,none
wroclaw_2024_2025,15,12415,0,0,0.0047311410322803385,0.0,0.21281819273836108,none,none
wroclaw_2024_2025,15,12416,0,0,0.009462282064560677,0.0,0.21281819273836108,none,none
wroclaw_2024_2025,15,12417,0,0,0.014220861730126188,0.0,0.2151454385101276,none,none
wroclaw_2024_2025,15,12418,0,0,0.0047311410322803385,0.0,0.21708833676395436,none,none
wroclaw_2024_2025,15,12419,0,0,0.0047311410322803385,0.0,0.21988315634159558,none,none
wroclaw_2024_2025,15,12420,0,0,0.005,0.0,0.22066693226321493,none,none
wroclaw_2024_2025,15,12421,0,0,0.029193423096841014,0.0,0.22356827964601655,none,none
wroclaw_2024_2025,15,12422,0,0,0.018924564129121354,0.0,0.22228769872790052,none,none
wroclaw_2024_2025,15,12423,0,0,0.029193423096841014,0.0,0.22243542006447387,none,none
wroclaw_2024_2025,15,12424,0,0,0.018952002762406526,0.0,0.19127716429283378,none,none
wroclaw_2024_2025,15,12425,0,0,0.02392456412912135,0.0,0.19093185631205956,none,none
wroclaw_2024_2025,15,12426,0,0,0.02865570516140169,0.0,0.1978126644454226,none,none
wroclaw_2024_2025,15,12427,0,0,0.027904005524813057,0.0,0.1707156656512111,none,none
wroclaw_2024_2025,15,12428,0,0,0.03803472089414698,0.0,0.17549598854545634,none,none
wroclaw_2024_2025,15,12429,0,0,0.03790400552481306,0.0,0.19964958647250622,none,none
wroclaw_2024_2025,15,12430,0,0,0.032904005524813054,0.0,0.2088148855844193,none,none
wroclaw_2024_2025,15,12431,0,0,0.032904005524813054,0.0,0.21755932994160515,none,none
wroclaw_2024_2025,15,12432,0,0,0.032904005524813054,0.0,0.21896530197300548,none,none
wroclaw_2024_2025,15,12433,0,0,0.042393726222658905,0.0,0.21970207905768258,none,none
wroclaw_2024_2025,15,12434,0,0,0.037635146557093394,0.0,0.21737955795650687,none,none
wroclaw_2024_2025,15,12435,0,0,0.03266258519037857,0.0,0.21919265784127698,none,none
wroclaw_2024_2025,15,12436,0,0,0.028172864492532715,0.0,0.2201553558981375,none,none
wroclaw_2024_2025,15,12437,0,0,0.023441723460252376,0.0,0.21886437544781387,none,none
wroclaw_2024_2025,15,12438,0,0,0.028441723460252376,0.0,0.22161679140302482,none,none
wroclaw_2024_2025,15,12439,0,0,0.028441723460252376,0.0,0.22240168118658324,none,none
wroclaw_2024_2025,15,12440,0,0,0.028441723460252376,0.0,0.21904357779484054,none,none
wroclaw_2024_2025,15,12441,0,0,0.02371058242797204,0.0,0.21600818951618428,none,none
wroclaw_2024_2025,15,12442,0,0,0.02793144415809823,0.0,0.21332147683009908,none,none
wroclaw_2024_2025,15,12443,0,0,0.02820030312581789,0.0,0.21332147683009908,none,none
wroclaw_2024_2025,15,12444,0,0,0.033062159527432154,0.0,0.20937487553991968,none,none
wroclaw_2024_2025,15,12445,0,0,0.04715230588822442,0.0,0.2097700484393888,none,none
wroclaw_2024_2025,15,12446,0,0,0.05137316761835061,0.0,0.2097700484393888,none,none
wroclaw_2024_2025,15,12447,0,0,0.07005631141303746,0.0,0.2050109933815827,none,none
wroclaw_2024_2025,15,12448,0,0,0.06107687001734576,0.0,0.1615528432312994,none,none
wroclaw_2024_2025,15,12449,0,0,0.06556659071519162,0.0,0.15368650891585778,none,none
wroclaw_2024_2025,15,12450,0,0,0.07005631141303746,0.0,0.13877649862007127,none,none
wroclaw_2024_2025,15,12451,0,0,0.07454603211088331,0.0,0.14084431136012746,none,none
wroclaw_2024_2025,15,12452,0,0,0.06556659071519162,0.0,0.14173813299701413,none,none
wroclaw_2024_2025,15,12453,0,0,0.06083544968291129,0.0,0.14173813299701413,none,none
wroclaw_2024_2025,15,12454,0,0,0.05610430865063095,0.0,0.14078297644226898,none,none
wroclaw_2024_2025,15,12455,0,0,0.06556659071519162,0.0,0.1380902400149621,none,none
wroclaw_2024_2025,15,12456,0,0,0.08935301124592723,0.0,0.13301835884676064,none,none
wroclaw_2024_2025,15,12457,0,0,0.07949115484431296,0.0,0.13320600292367424,none,none
wroclaw_2024_2025,15,12458,0,0,0.07924973450987848,0.0,0.14293350595587664,none,none
wroclaw_2024_2025,15,12459,0,0,0.07029773174747195,0.0,0.1428249579974991,none,none
wroclaw_2024_2025,15,12460,0,0,0.0559661650522452,0.0,0.14858724737526594,none,none
wroclaw_2024_2025,15,12461,0,0,0.07951859347759814,0.0,0.13867325092489519,none,none
wroclaw_2024_2025,15,12462,0,0,0.08895343690887364,0.0,0.13826988508365112,none,none
wroclaw_2024_2025,15,12463,0,0,0.07994655687989678,0.0,0.13628121358164455,none,none
wroclaw_2024_2025,15,12464,0,0,0.08470513654546229,0.0,0.13511356464306806,none,none
wroclaw_2024_2025,15,12465,0,0,0.07051171344862127,0.0,0.1459513175329768,none,none
wroclaw_2024_2025,15,12466,0,0,0.06155971068621475,0.0,0.15128430680222932,none,none
wroclaw_2024_2025,15,12467,0,0,0.08128342348944326,0.0,0.15434850825526025,none,none
wroclaw_2024_2025,15,12468,0,0,0.06195928502326833,0.0,0.1535271652856735,none,none
wroclaw_2024_2025,15,12469,0,0,0.09513214951580105,0.0,0.14270131745138906,none,none
wroclaw_2024_2025,15,12470,0,0,0.10446371621102778,0.0,0.1389203358973607,none,none
wroclaw_2024_2025,15,12471,0,0,0.08626341308520992,0.0,0.14707118877675934,none,none
wroclaw_2024_2025,15,12472,0,0,0.0765048334196444,0.0,0.1455481166214069,none,none
wroclaw_2024_2025,15,12473,0,0,0.09075313378305577,0.0,0.14770280406044442,none,none
wroclaw_2024_2025,15,12474,0,0,0.0815048334196444,0.0,0.15229850431220468,none,none
wroclaw_2024_2025,15,12475,0,0,0.0610494313840606,0.0,0.14919326631265856,none,none
wroclaw_2024_2025,15,12476,0,0,0.037635146557093394,0.0,0.1615725762626935,none,none
wroclaw_2024_2025,15,12477,0,0,0.06575313378305576,0.0,0.15698923223937244,none,none
wroclaw_2024_2025,15,12478,0,0,0.06602199275077543,0.0,0.15792944472614276,none,none
wroclaw_2024_2025,15,12479,0,0,0.061421567087829004,0.0,0.15635050749084248,none,none
wroclaw_2024_2025,15,12480,0,0,0.07997399551318195,0.0,0.15280461561946576,none,none
wroclaw_2024_2025,15,12481,0,0,0.0712634130852099,0.0,0.15474550615914934,none,none
wroclaw_2024_2025,15,12482,0,0,0.06655971068621475,0.0,0.14700347821651727,none,none
wroclaw_2024_2025,15,12483,0,0,0.04682856965393441,0.0,0.13648127274975466,none,none
wroclaw_2024_2025,15,12484,0,0,0.052469564325422484,0.0,0.14213835276712453,none,none
wroclaw_2024_2025,15,12485,0,0,0.06669042605554867,0.0,0.13718334220232362,none,none
wroclaw_2024_2025,15,12486,0,0,0.08550428521956946,0.0,0.13854667116910022,none,none
wroclaw_2024_2025,15,12487,0,0,0.07564242881795519,0.0,0.1409315562905234,none,none
wroclaw_2024_2025,15,12488,0,0,0.10378785467720272,0.0,0.14186309374678754,none,none
wroclaw_2024_2025,15,12489,0,0,0.0706424288179552,0.0,0.14457090386858526,none,none
wroclaw_2024_2025,15,12490,0,0,0.09432557261264204,0.0,0.1440714774562642,none,none
wroclaw_2024_2025,15,12491,0,0,0.09953955431379134,0.0,0.14201904235271723,none,none
wroclaw_2024_2025,15,12492,0,0,0.09007727224923069,0.0,0.13768902095290547,none,none
wroclaw_2024_2025,15,12493,0,0,0.07612526948682417,0.0,0.13939446183401244,none,none
wroclaw_2024_2025,15,12494,0,0,0.10429813397935686,0.0,0.13699939493342794,none,none
wroclaw_2024_2025,15,12495,0,0,0.09927069534607169,0.0,0.13580739040620005,none,none
wroclaw_2024_2025,15,12496,0,0,0.08058755155138485,0.0,0.13680087702494784,none,none
wroclaw_2024_2025,15,12497,0,0,0.06129085171849509,0.0,0.14132066198040186,none,none
wroclaw_2024_2025,15,12498,0,0,0.061049431384060604,0.0,0.13940145849549251,none,none
wroclaw_2024_2025,15,12499,0,0,0.08548427481533612,0.0,0.14327389080206002,none,none
wroclaw_2024_2025,15,12500,0,0,0.03838684619368203,0.0,0.14450701852661774,none,none
wroclaw_2024_2025,15,12501,0,0,0.028414284826967205,0.0,0.14165051458228212,none,none
wroclaw_2024_2025,15,12502,0,0,0.02865570516140169,0.0,0.15006930790078576,none,none
wroclaw_2024_2025,15,12503,0,0,0.029193423096841017,0.0,0.15706376896569804,none,none
wroclaw_2024_2025,15,12504,0,0,0.01973114103228034,0.0,0.16068670915244457,none,none
wroclaw_2024_2025,15,12505,0,0,0.009731141032280339,0.0,0.1659743975824036,none,none
wroclaw_2024_2025,15,12506,0,0,0.014462282064560676,0.0,0.16007651387024163,none,none
wroclaw_2024_2025,15,12507,0,0,0.01895200276240653,0.0,0.16228062226735585,none,none
wroclaw_2024_2025,15,12508,0,0,0.01895200276240653,0.0,0.1543195650364495,none,none
wroclaw_2024_2025,15,12509,0,0,0.01895200276240653,0.0,0.1775994468749744,none,none
wroclaw_2024_2025,15,12510,0,0,0.02368314379468687,0.0,0.18775960729265384,none,none
wroclaw_2024_2025,15,12511,0,0,0.03317286449253272,0.0,0.18954868030196795,none,none
wroclaw_2024_2025,15,12512,0,0,0.03317286449253272,0.0,0.21697388971149512,none,none
wroclaw_2024_2025,15,12513,0,0,0.023683143794686865,0.0,0.21494233237789198,none,none
wroclaw_2024_2025,15,12514,0,0,0.03365570516140169,0.0,0.22011162290823216,none,none
wroclaw_2024_2025,15,12515,0,0,0.03314542585924754,0.0,0.22143938974985158,none,none
wroclaw_2024_2025,15,12516,0,0,0.05695928502326834,0.0,0.2206551178423392,none,none
wroclaw_2024_2025,15,12517,0,0,0.032904005524813054,0.0,0.2247865358470638,none,none
wroclaw_2024_2025,15,12518,0,0,0.037366287589373735,0.0,0.1958328831537016,none,none
wroclaw_2024_2025,15,12519,0,0,0.056745303322119016,0.0,0.18909181694598665,none,none
wroclaw_2024_2025,15,12520,0,0,0.06647644435439935,0.0,0.21428597837492525,none,none
wroclaw_2024_2025,15,12521,0,0,0.04303472089414698,0.0,0.21456855806970976,none,none
wroclaw_2024_2025,15,12522,0,0,0.05161458795278509,0.0,0.21751963330202548,none,none
wroclaw_2024_2025,15,12523,0,0,0.03266258519037857,0.0,0.21479728389554112,none,none
wroclaw_2024_2025,15,12524,0,0,0.04225558262427317,0.0,0.21313434614252094,none,none
wroclaw_2024_2025,15,12525,0,0,0.0417727419554042,0.0,0.21225502755962267,none,none
wroclaw_2024_2025,15,12526,0,0,0.041642026586070274,0.0,0.20788652500137686,none,none
wroclaw_2024_2025,15,12527,0,0,0.04674530332211902,0.0,0.17117741029810504,none,none
wroclaw_2024_2025,15,12528,0,0,0.03755188022527801,0.0,0.21304954901290138,none,none
wroclaw_2024_2025,15,12529,0,0,0.041883446920504754,0.0,0.18482293660766502,none,none
wroclaw_2024_2025,15,12530,0,0,0.06147644435439934,0.0,0.21200817763394675,none,none
wroclaw_2024_2025,15,12531,0,0,0.07954603211088332,0.0,0.19701519901867043,none,none
wroclaw_2024_2025,15,12532,0,0,0.09798775557113569,0.0,0.14774989844520386,none,none
wroclaw_2024_2025,15,12533,0,0,0.07406319144201433,0.0,0.15544219706796472,none,none
wroclaw_2024_2025,15,12534,0,0,0.06059402934847679,0.0,0.13666142086702612,none,none
wroclaw_2024_2025,15,12535,0,0,0.05647644435439935,0.0,0.13413828872653658,none,none
wroclaw_2024_2025,15,12536,0,0,0.03242116485594408,0.0,0.1364772808346176,none,none
wroclaw_2024_2025,15,12537,0,0,0.04188344692050476,0.0,0.13557897375473715,none,none
wroclaw_2024_2025,15,12538,0,0,0.056104308650630944,0.0,0.1749503630968011,none,none
wroclaw_2024_2025,15,12539,0,0,0.03739372622265891,0.0,0.18068433906386655,none,none
wroclaw_2024_2025,15,12540,0,0,0.046373167618350614,0.0,0.17863499875379749,none,none
wroclaw_2024_2025,15,12541,0,0,0.04613174728391612,0.0,0.14191696061546358,none,none
wroclaw_2024_2025,15,12542,0,0,0.08884273194377307,0.0,0.13850134208530507,none,none
wroclaw_2024_2025,15,12543,0,0,0.0842497345098785,0.0,0.15388022807418697,none,none
wroclaw_2024_2025,15,12544,0,0,0.089008314175444,0.0,0.13171196319982378,none,none
wroclaw_2024_2025,15,12545,0,0,0.09322917590557019,0.0,0.13259579241826733,none,none
wroclaw_2024_2025,15,12546,0,0,0.1124225990024112,0.0,0.14055052763498604,none,none
wroclaw_2024_2025,15,12547,0,0,0.08822917590557017,0.0,0.140352545927008,none,none
wroclaw_2024_2025,15,12548,0,0,0.06505631141303747,0.0,0.13648202965084474,none,none
wroclaw_2024_2025,15,12549,0,0,0.093201737272285,0.0,0.13277493540496707,none,none
wroclaw_2024_2025,15,12550,0,0,0.09849803487328984,0.0,0.13094347410782797,none,none
wroclaw_2024_2025,15,12551,0,0,0.08478745244531781,0.0,0.13816483849020633,none,none
wroclaw_2024_2025,15,12552,0,0,0.06583544968291127,0.0,0.13535945321221152,none,none
wroclaw_2024_2025,15,12553,0,0,0.056614587952785095,0.0,0.1342945055980519,none,none
wroclaw_2024_2025,15,12554,0,0,0.07051171344862127,0.0,0.1260942436747575,none,none
wroclaw_2024_2025,15,12555,0,0,0.07078057241634093,0.0,0.12682381190353215,none,none
wroclaw_2024_2025,15,12556,0,0,0.08946371621102779,0.0,0.12273904361824724,none,none
wroclaw_2024_2025,15,12557,0,0,0.11263658070356049,0.0,0.13004046158823726,none,none
wroclaw_2024_2025,15,12558,0,0,0.0946776979121771,0.0,0.13436984674342278,none,none
wroclaw_2024_2025,15,12559,0,0,0.07997399551318195,0.0,0.13083380545908896,none,none
wroclaw_2024_2025,15,12560,0,0,0.09465025927889192,0.0,0.13362366572313356,none,none
wroclaw_2024_2025,15,12561,0,0,0.11338828034014913,0.0,0.14082125286615618,none,none
wroclaw_2024_2025,15,12562,0,0,0.09018797721433126,0.0,0.1472245761168445,none,none
wroclaw_2024_2025,15,12563,0,0,0.08991911824661158,0.0,0.14144778758662516,none,none
wroclaw_2024_2025,15,12564,0,0,0.0610494313840606,0.0,0.155605839671983,none,none
wroclaw_2024_2025,15,12565,0,0,0.061532272052929576,0.0,0.14346763577182353,none,none
wroclaw_2024_2025,15,12566,0,0,0.051559710686214746,0.0,0.14865684274511604,none,none
wroclaw_2024_2025,15,12567,0,0,0.0470699899883689,0.0,0.13812198062877687,none,none
wroclaw_2024_2025,15,12568,0,0,0.0988985596423033,0.0,0.1347980480190596,none,none
wroclaw_2024_2025,15,12569,0,0,0.13129228586496214,0.0,0.13675274882127877,none,none
wroclaw_2024_2025,15,12570,0,0,0.10809198273914429,0.0,0.14391922557968057,none,none
wroclaw_2024_2025,15,12571,0,0,0.11309198273914428,0.0,0.13960111955583523,none,none
wroclaw_2024_2025,15,12572,0,0,0.12704398550155077,0.0,0.13686017724749747,none,none
wroclaw_2024_2025,15,12573,0,0,0.1317751265338311,0.0,0.1397760298120374,none,none
wroclaw_2024_2025,15,12574,0,0,0.10311942137242948,0.0,0.14117424147815283,none,none
wroclaw_2024_2025,15,12575,0,0,0.1224435598386044,0.0,0.138842325025896,none,none
wroclaw_2024_2025,15,12576,0,0,0.1032501367417634,0.0,0.13602950100209463,none,none
wroclaw_2024_2025,15,12577,0,0,0.13730541624021864,0.0,0.13088161363752193,none,none
wroclaw_2024_2025,15,12578,0,0,0.16109183677095423,0.0,0.13010241976561474,none,none
wroclaw_2024_2025,15,12579,0,0,0.13283570594660618,0.0,0.12589062501755477,none,none
wroclaw_2024_2025,15,12580,0,0,0.1375394083456013,0.0,0.13034352814201713,none,none
wroclaw_2024_2025,15,12581,0,0,0.12807712628104065,0.0,0.1239445892367254,none,none
wroclaw_2024_2025,15,12582,0,0,0.11856739517896146,0.0,0.1343664970812328,none,none
wroclaw_2024_2025,15,12583,0,0,0.11845669021386089,0.0,0.13115173008528164,none,none
wroclaw_2024_2025,15,12584,0,0,0.09951211568050619,0.0,0.12683549473032762,none,none
wroclaw_2024_2025,15,12585,0,0,0.08980841328151103,0.0,0.12715637431393348,none,none
wroclaw_2024_2025,15,12586,0,0,0.08531869258366517,0.0,0.12987836663420715,none,none
wroclaw_2024_2025,15,12587,0,0,0.09480841328151103,0.0,0.12475910206443472,none,none
wroclaw_2024_2025,15,12588,0,0,0.0765048334196444,0.0,0.12472892508400223,none,none
wroclaw_2024_2025,15,12589,0,0,0.081904407756698,0.0,0.13332854649723275,none,none
wroclaw_2024_2025,15,12590,0,0,0.07271098465985697,0.0,0.12397088541610271,none,none
wroclaw_2024_2025,15,12591,0,0,0.04365570516140169,0.0,0.11808067569646835,none,none
wroclaw_2024_2025,15,12592,0,0,0.04878642053073562,0.0,0.12990435353490407,none,none
wroclaw_2024_2025,15,12593,0,0,0.04405527949845528,0.0,0.11828760913915101,none,none
wroclaw_2024_2025,15,12594,0,0,0.07695928502326833,0.0,0.13345053591680572,none,none
wroclaw_2024_2025,15,12595,0,0,0.09628342348944326,0.0,0.11877652511838475,none,none
wroclaw_2024_2025,15,12596,0,0,0.06273842329314214,0.0,0.12094112213149706,none,none
wroclaw_2024_2025,15,12597,0,0,0.028414284826967205,0.0,0.13530257429640644,none,none
wroclaw_2024_2025,15,12598,0,0,0.009462282064560677,0.0,0.13990629811699876,none,none
wroclaw_2024_2025,15,12599,0,0,0.014193423096841013,0.0,0.14436993019907027,none,none
wroclaw_2024_2025,15,12600,0,0,0.0047311410322803385,0.0,0.15093763302661523,none,none
wroclaw_2024_2025,15,12601,0,0,0.0047311410322803385,0.0,0.1728431412977545,none,none
wroclaw_2024_2025,15,12602,0,0,0.009462282064560677,0.0,0.17994277704803305,none,none
wroclaw_2024_2025,15,12603,0,0,0.009220861730126189,0.0,0.19953437235237517,none,none
wroclaw_2024_2025,15,12604,0,0,0.008979441395691701,0.0,0.20594716477213362,none,none
wroclaw_2024_2025,15,12605,0,0,0.0044897206978458505,0.0,0.2081911401234834,none,none
wroclaw_2024_2025,15,12606,0,0,0.01422086173012619,0.0,0.21066760145288194,none,none
wroclaw_2024_2025,15,12607,0,0,0.02408271813174045,0.0,0.21108583345234935,none,none
wroclaw_2024_2025,15,12608,0,0,0.02408271813174045,0.0,0.21108656122899197,none,none
wroclaw_2024_2025,15,12609,0,0,0.009731141032280339,0.0,0.2157525966104076,none,none
wroclaw_2024_2025,15,12610,0,0,0.018952002762406526,0.0,0.2187952187566291,none,none
wroclaw_2024_2025,15,12611,0,0,0.03854500019630113,0.0,0.22405961585408554,none,none
wroclaw_2024_2025,15,12612,0,0,0.019351577099460112,0.0,0.22519728101285275,none,none
wroclaw_2024_2025,15,12613,0,0,0.02381385916402079,0.0,0.22219738525020652,none,none
wroclaw_2024_2025,15,12614,0,0,0.023683143794686865,0.0,0.22019866593313558,none,none
wroclaw_2024_2025,15,12615,0,0,0.01422086173012619,0.0,0.21952890526743454,none,none
wroclaw_2024_2025,15,12616,0,0,0.019193423096841012,0.0,0.21952890526743454,none,none
wroclaw_2024_2025,15,12617,0,0,0.023441723460252382,0.0,0.21952890526743454,none,none
wroclaw_2024_2025,15,12618,0,0,0.018710582427972043,0.0,0.21952890526743454,none,none
wroclaw_2024_2025,15,12619,0,0,0.02371058242797204,0.0,0.21952890526743454,none,none
wroclaw_2024_2025,15,12620,0,0,0.02371058242797204,0.0,0.21952890526743454,none,none
wroclaw_2024_2025,15,12621,0,0,0.02371058242797204,0.0,0.22064112599351124,none,none
wroclaw_2024_2025,15,12622,0,0,0.037662585190378566,0.0,0.22314843530845552,none,none
wroclaw_2024_2025,15,12623,0,0,0.051856008287219583,0.0,0.2219339883186897,none,none
wroclaw_2024_2025,15,12624,0,0,0.06569730608452554,0.0,0.2210837464957154,none,none
wroclaw_2024_2025,15,12625,0,0,0.06123502401996487,0.0,0.2210837464957154,none,none
wroclaw_2024_2025,15,12626,0,0,0.08926974491411183,0.0,0.22170612124526387,none,none
wroclaw_2024_2025,15,12627,0,0,0.08900088594639217,0.0,0.22071681648191835,none,none
wroclaw_2024_2025,15,12628,0,0,0.09833245264161893,0.0,0.22194406038109368,none,none
wroclaw_2024_2025,15,12629,0,0,0.10317429863899981,0.0,0.17904293940805885,none,none
wroclaw_2024_2025,15,12630,0,0,0.0509661650522452,0.0,0.18373502891535115,none,none
wroclaw_2024_2025,15,12631,0,0,0.06556659071519161,0.0,0.16360089084417917,none,none
wroclaw_2024_2025,15,12632,0,0,0.0750288727797523,0.0,0.14696377561317606,none,none
wroclaw_2024_2025,15,12633,0,0,0.07013214951580105,0.0,0.14522934225374187,none,none
wroclaw_2024_2025,15,12634,0,0,0.07413902954477791,0.0,0.1476164834783934,none,none
wroclaw_2024_2025,15,12635,1,0,0.10322174767651832,0.1,0.1581842030719674,rain,none
wroclaw_2024_2025,15,12636,1,0,0.4510016259245945,0.1,0.15130001696718576,rain,none
wroclaw_2024_2025,15,12637,1,0,0.4694359211557951,0.8,0.16100517228068228,rain,none
wroclaw_2024_2025,15,12638,1,1,0.6447826293857031,0.5,0.5087145609549701,rain,rain
wroclaw_2024_2025,15,12639,0,1,0.6099496457638413,0.0,0.42046087946043,none,rain
wroclaw_2024_2025,15,12640,0,0,0.041159185917201295,0.0,0.2081432851338632,none,none
wroclaw_2024_2025,15,12641,1,0,0.055352609014042306,0.1,0.1513141002523335,rain,none
wroclaw_2024_2025,15,12642,0,0,0.5233618091358788,0.0,0.16237717066678614,none,none
wroclaw_2024_2025,15,12643,0,0,0.05086288831619646,0.0,0.14887398487106795,none,none
wroclaw_2024_2025,15,12644,0,0,0.08464930884693206,0.0,0.1413625010006017,none,none
wroclaw_2024_2025,15,12645,0,0,0.08416646817806309,0.0,0.14173171841233972,none,none
wroclaw_2024_2025,15,12646,0,0,0.05161458795278509,0.0,0.14298449091805474,none,none
wroclaw_2024_2025,15,12647,0,0,0.07027029311418678,0.0,0.13178933504310464,none,none
wroclaw_2024_2025,15,12648,0,0,0.07115270812010935,0.0,0.12898624652103688,none,none
wroclaw_2024_2025,15,12649,0,0,0.06615270812010934,0.0,0.13453838400291754,none,none
wroclaw_2024_2025,15,12650,0,0,0.03287656689152788,0.0,0.12833216865412847,none,none
wroclaw_2024_2025,15,12651,0,0,0.03287656689152788,0.0,0.12403905823470132,none,none
wroclaw_2024_2025,15,12652,0,0,0.018683143794686864,0.0,0.12304585489245393,none,none
wroclaw_2024_2025,15,12653,0,0,0.033414284826967205,0.0,0.12491896419538226,none,none
wroclaw_2024_2025,15,12654,0,0,0.057710984659856975,0.0,0.1269272737418233,none,none
wroclaw_2024_2025,15,12655,0,0,0.07690440775669799,0.0,0.1277944174386003,none,none
wroclaw_2024_2025,15,12656,0,0,0.0812559848561581,0.0,0.1278995880794585,none,none
wroclaw_2024_2025,15,12657,0,0,0.06703512312603191,0.0,0.12540970061012974,none,none
wroclaw_2024_2025,15,12658,0,0,0.038276141228581466,0.0,0.12224800553656956,none,none
wroclaw_2024_2025,15,12659,1,0,0.02865570516140169,0.2,0.12075226415138354,rain,none
wroclaw_2024_2025,15,12660,1,1,0.7313947224645561,0.2,0.3118325249752363,rain,rain
wroclaw_2024_2025,15,12661,0,1,0.8307738484928058,0.0,0.29441866058377963,none,rain
wroclaw_2024_2025,15,12662,0,0,0.023952002762406527,0.0,0.1595064650861105,none,none
wroclaw_2024_2025,15,12663,1,0,0.053276141228581465,0.1,0.12990778555896298,rain,none
wroclaw_2024_2025,15,12664,0,0,0.47553364171382917,0.0,0.13073245601945777,none,none
wroclaw_2024_2025,15,12665,0,0,0.05797984362757663,0.0,0.11613935572708661,none,none
wroclaw_2024_2025,15,12666,0,0,0.12445628798197596,0.0,0.12043395390688981,none,none
wroclaw_2024_2025,15,12667,0,0,0.16942142111963895,0.0,0.12355062376807092,none,none
wroclaw_2024_2025,15,12668,0,0,0.08827614122858148,0.0,0.1153659309234852,none,none
wroclaw_2024_2025,15,12669,0,0,0.03472371280322852,0.0,0.12175268529912202,none,none
wroclaw_2024_2025,15,12670,0,0,0.0245929974338946,0.0,0.12017884725196168,none,none
wroclaw_2024_2025,15,12671,0,0,0.039082718131740454,0.0,0.11611496162250554,none,none
wroclaw_2024_2025,15,12672,0,0,0.03786913866247607,0.0,0.12115941033667639,none,none
wroclaw_2024_2025,15,12673,0,0,0.04201416228983868,0.0,0.11842038454286283,none,none
wroclaw_2024_2025,15,12674,0,0,0.03303472089414698,0.0,0.11689211357653184,none,none
wroclaw_2024_2025,15,12675,0,0,0.00948972069784585,0.0,0.11543595232613446,none,none
wroclaw_2024_2025,15,12676,0,0,0.013979441395691704,0.0,0.11752146386128814,none,none
wroclaw_2024_2025,15,12677,0,0,0.013979441395691704,0.0,0.11594640896041129,none,none
wroclaw_2024_2025,15,12678,0,0,0.009220861730126189,0.0,0.1117467831736101,none,none
wroclaw_2024_2025,15,12679,0,0,0.029055279498455277,0.0,0.10939546933618906,none,none
wroclaw_2024_2025,15,12680,0,0,0.05695928502326833,0.0,0.11024315998370933,none,none
wroclaw_2024_2025,15,12681,0,0,0.028683143794686866,0.0,0.11353786275030633,none,none
wroclaw_2024_2025,15,12682,0,0,0.023952002762406527,0.0,0.10891893952502517,none,none
wroclaw_2024_2025,15,12683,0,0,0.01871058242797204,0.0,0.11026987504361734,none,none
wroclaw_2024_2025,15,12684,0,0,0.008979441395691701,0.0,0.11070472357060572,none,none
wroclaw_2024_2025,15,12685,0,0,0.0044897206978458505,0.0,0.1081763294760861,none,none
wroclaw_2024_2025,15,12686,1,0,0.00948972069784585,0.1,0.10892053195501425,rain,none
wroclaw_2024_2025,15,12687,1,1,0.7282915916966972,0.3,0.12199619348383611,rain,rain
wroclaw_2024_2025,15,12688,1,1,0.9228692489579805,0.4,0.2407832893586957,rain,rain
wroclaw_2024_2025,15,12689,1,1,0.8856276826553561,0.4,0.22528604999784616,rain,rain
wroclaw_2024_2025,15,12690,1,1,0.9173989904642933,0.7,0.21798400727450173,rain,rain
wroclaw_2024_2025,15,12691,1,1,0.9352964078965094,1.0,0.32966489663117815,rain,rain
wroclaw_2024_2025,15,12692,1,1,0.9302964078965094,0.8,0.3320271061886513,rain,rain
wroclaw_2024_2025,15,12693,1,1,0.9602005593895124,0.3,0.2805769288896764,rain,rain
wroclaw_2024_2025,15,12694,1,1,0.9206006174410737,0.3,0.21141385172064073,rain,rain
wroclaw_2024_2025,15,12695,1,1,0.9470551335302652,0.3,0.2406829185599979,rain,rain
wroclaw_2024_2025,15,12696,1,1,0.9821932771286509,0.2,0.21517326921756288,rain,rain
wroclaw_2024_2025,15,12697,1,1,0.9565174155948257,0.2,0.17299652064471022,rain,rain
wroclaw_2024_2025,15,12698,1,1,0.9205801233223326,0.4,0.15859104759679402,rain,rain
wroclaw_2024_2025,15,12699,1,1,0.9562559848561577,0.4,0.2444841318962076,rain,rain
wroclaw_2024_2025,15,12700,1,1,0.9356149901846698,0.4,0.20894461865396685,rain,rain
wroclaw_2024_2025,15,12701,1,1,0.9390069903244814,0.5,0.20966918844405263,rain,rain
wroclaw_2024_2025,15,12702,1,1,0.9345447082599208,0.6,0.2676394661888804,rain,rain
wroclaw_2024_2025,15,12703,1,1,0.9458689926942857,0.7,0.23974368200114043,rain,rain
wroclaw_2024_2025,15,12704,1,1,0.9403312747588463,0.6,0.2747276330386923,rain,rain
wroclaw_2024_2025,15,12705,1,1,0.9388762749551474,0.4,0.23175247414516426,rain,rain
wroclaw_2024_2025,15,12706,1,1,0.9103238465297946,0.3,0.21214533492644883,rain,rain
wroclaw_2024_2025,15,12707,1,1,0.9448135672276404,0.3,0.2199181182182751,rain,rain
wroclaw_2024_2025,15,12708,1,1,0.9668821230695422,0.3,0.212573035566658,rain,rain
wroclaw_2024_2025,15,12709,1,1,0.9729724153985245,0.3,0.19848136494970012,rain,rain
wroclaw_2024_2025,15,12710,1,1,0.9677109846598567,0.3,0.20013365704689484,rain,rain
wroclaw_2024_2025,15,12711,1,1,0.9674421256921372,0.3,0.20291622034742954,rain,rain
wroclaw_2024_2025,15,12712,1,1,0.9724421256921372,0.2,0.19868897313822761,rain,rain
wroclaw_2024_2025,15,12713,1,1,0.9701731207562273,0.1,0.1575370927994783,rain,rain
wroclaw_2024_2025,15,12714,1,1,0.7594568819919877,0.2,0.11663481688433588,rain,rain
wroclaw_2024_2025,15,12715,1,1,0.9161527081201092,0.3,0.1695905670584114,rain,rain
wroclaw_2024_2025,15,12716,1,1,0.9729798436275763,0.4,0.19908247392557019,rain,rain
wroclaw_2024_2025,15,12717,1,1,0.9503238465297944,0.4,0.23057080468945707,rain,rain
wroclaw_2024_2025,15,12718,1,1,0.9398135672276403,0.4,0.20275405027320856,rain,rain
wroclaw_2024_2025,15,12719,1,1,0.9103312747588462,0.4,0.21506541319189645,rain,rain
wroclaw_2024_2025,15,12720,1,1,0.909924272192741,0.4,0.20055611987103109,rain,rain
wroclaw_2024_2025,15,12721,1,1,0.905600133726566,0.4,0.20716431930774662,rain,rain
wroclaw_2024_2025,15,12722,1,1,0.9685175615630157,0.3,0.2435602579394515,rain,rain
wroclaw_2024_2025,15,12723,1,1,0.9377658619264273,0.3,0.246492265858654,mixed,mixed
wroclaw_2024_2025,15,12724,1,1,0.9584068565979154,0.3,0.24091318477806867,mixed,mixed
wroclaw_2024_2025,15,12725,1,1,0.9689171359000694,0.3,0.22726502022836556,mixed,mixed
wroclaw_2024_2025,15,12726,1,1,0.9687789923016836,0.3,0.23343301273553962,mixed,mixed
wroclaw_2024_2025,15,12727,1,1,0.9632412743662444,0.4,0.24080806567622487,mixed,mixed
wroclaw_2024_2025,15,12728,1,1,0.9582412743662444,0.2,0.2868602876273737,mixed,mixed
wroclaw_2024_2025,15,12729,1,1,0.9320825721635504,0.2,0.1930005141018,mixed,mixed
wroclaw_2024_2025,15,12730,1,1,0.9508415540610007,0.3,0.14865286478167222,mixed,mixed
wroclaw_2024_2025,15,12731,1,1,0.9574346974630855,0.3,0.233973154751461,mixed,mixed
wroclaw_2024_2025,15,12732,1,1,0.9504145410906618,0.2,0.22650128184666962,mixed,mixed
wroclaw_2024_2025,15,12733,1,1,0.9241251235186337,0.2,0.1651041877862559,mixed,mixed
wroclaw_2024_2025,15,12734,1,1,0.9229041158203174,0.2,0.13732125656584745,mixed,mixed
wroclaw_2024_2025,15,12735,1,1,0.9132502470372676,0.2,0.1427063750919774,mixed,mixed
wroclaw_2024_2025,15,12736,1,1,0.9019333908319547,0.1,0.1573288666184366,mixed,mixed
wroclaw_2024_2025,15,12737,1,1,0.6829334723145776,0.1,0.11105678600042164,mixed,mixed
wroclaw_2024_2025,15,12738,1,0,0.46665747705418636,0.1,0.11779062252993272,mixed,none
wroclaw_2024_2025,15,12739,1,0,0.488250620456271,0.1,0.12215426308594138,rain,none
wroclaw_2024_2025,15,12740,1,0,0.41531174806912075,0.1,0.12917361214848955,rain,none
wroclaw_2024_2025,15,12741,1,0,0.5430776099955481,0.1,0.132118849818723,rain,none
wroclaw_2024_2025,15,12742,1,1,0.5695526202034804,0.2,0.1310139072649668,rain,rain
wroclaw_2024_2025,15,12743,1,1,0.919835851914796,0.2,0.2090139982340993,rain,rain
wroclaw_2024_2025,15,12744,1,1,0.9493255726126416,0.1,0.2013501551653208,rain,rain
wroclaw_2024_2025,15,12745,0,1,0.7345312859482845,0.0,0.10902075738757575,none,rain
wroclaw_2024_2025,15,12746,0,0,0.12188344692050475,0.0,0.11525935267602902,none,none
wroclaw_2024_2025,15,12747,0,0,0.1851870267823714,0.0,0.11605086842167495,none,none
wroclaw_2024_2025,15,12748,0,0,0.07830357986186665,0.0,0.11940455829385213,none,none
wroclaw_2024_2025,15,12749,0,0,0.2685590165179498,0.0,0.12140463336941285,none,none
wroclaw_2024_2025,15,12750,0,0,0.11174530332211902,0.0,0.11863327227992361,none,none
wroclaw_2024_2025,15,12751,0,0,0.06932413846617494,0.0,0.11894464363661476,none,none
wroclaw_2024_2025,15,12752,0,0,0.09776586192642732,0.0,0.12240521770763874,none,none
wroclaw_2024_2025,15,12753,0,0,0.11475258558298082,0.0,0.12374425792784596,none,none
wroclaw_2024_2025,15,12754,0,0,0.053145425859247544,0.0,0.1278124712463494,none,none
wroclaw_2024_2025,15,12755,0,0,0.05790400552481306,0.0,0.13096181359210185,none,none
wroclaw_2024_2025,15,12756,0,0,0.0534142848269672,0.0,0.12893874713251216,none,none
wroclaw_2024_2025,15,12757,0,0,0.03739372622265891,0.0,0.12348776617286863,none,none
wroclaw_2024_2025,15,12758,0,0,0.018683143794686864,0.0,0.11803224656201237,none,none
wroclaw_2024_2025,15,12759,0,0,0.018710582427972043,0.0,0.11052272505465312,none,none
wroclaw_2024_2025,15,12760,0,0,0.009220861730126189,0.0,0.10990805864617398,none,none
wroclaw_2024_2025,15,12761,0,0,0.023200303125817893,0.0,0.10663236510692452,none,none
wroclaw_2024_2025,15,12762,0,0,0.022931444158098228,0.0,0.10916797178191012,none,none
wroclaw_2024_2025,15,12763,0,0,0.03242116485594408,0.0,0.10486858200257815,none,none
wroclaw_2024_2025,15,12764,0,0,0.03739372622265891,0.0,0.10788951554389264,none,none
wroclaw_2024_2025,15,12765,0,0,0.032179744521509596,0.0,0.11138608144971263,none,none
wroclaw_2024_2025,15,12766,0,0,0.03790400552481306,0.0,0.12445182273850461,none,none
wroclaw_2024_2025,15,12767,0,0,0.01881385916402079,0.0,0.11975511490082737,none,none
wroclaw_2024_2025,15,12768,0,0,0.019193423096841012,0.0,0.12793029745443166,none,none
wroclaw_2024_2025,15,12769,0,0,0.009731141032280339,0.0,0.12475479354891865,none,none
wroclaw_2024_2025,15,12770,0,0,0.013952002762406528,0.0,0.11841836082350492,none,none
wroclaw_2024_2025,15,12771,0,0,0.01371058242797204,0.0,0.12052878351323111,none,none
wroclaw_2024_2025,15,12772,0,0,0.02803472089414698,0.0,0.12049183944464639,none,none
wroclaw_2024_2025,15,12773,0,0,0.01371058242797204,0.0,0.12347817694768275,none,none
wroclaw_2024_2025,15,12774,0,0,0.02803472089414698,0.0,0.1113461313914653,none,none
wroclaw_2024_2025,15,12775,0,0,0.03252444159199283,0.0,0.10856148550274217,none,none
wroclaw_2024_2025,15,12776,0,0,0.023414284826967204,0.0,0.11038489801332385,none,none
wroclaw_2024_2025,15,12777,0,0,0.033248702595296296,0.0,0.11531954731238513,none,none
wroclaw_2024_2025,15,12778,0,0,0.028276141228581467,0.0,0.10647954472094551,none,none
wroclaw_2024_2025,15,12779,0,0,0.032635146557093396,0.0,0.12376848999143732,none,none
wroclaw_2024_2025,15,12780,0,0,0.023655705161401693,0.0,0.12171635725496294,none,none
wroclaw_2024_2025,15,12781,0,0,0.018924564129121354,0.0,0.11953341483640684,none,none
wroclaw_2024_2025,15,12782,0,0,0.014193423096841013,0.0,0.11426163821575314,none,none
wroclaw_2024_2025,15,12783,0,0,0.014193423096841013,0.0,0.11534947183500091,none,none
wroclaw_2024_2025,15,12784,0,0,0.014193423096841013,0.0,0.11081905178028437,none,none
wroclaw_2024_2025,15,12785,0,0,0.014193423096841013,0.0,0.11093743784454159,none,none
wroclaw_2024_2025,15,12786,0,0,0.009592997433894601,0.0,0.11756163590698378,none,none
wroclaw_2024_2025,15,12787,0,0,0.0145929974338946,0.0,0.11461260107745726,none,none
wroclaw_2024_2025,15,12788,0,0,0.03327614122858147,0.0,0.1172990446815842,none,none
wroclaw_2024_2025,15,12789,0,0,0.014193423096841013,0.0,0.11773578558053024,none,none
wroclaw_2024_2025,15,12790,0,0,0.014462282064560676,0.0,0.12358713224505598,none,none
wroclaw_2024_2025,15,12791,0,0,0.0,0.0,0.13151481721257213,none,none
wroclaw_2024_2025,15,12792,0,0,0.019462282064560677,0.0,0.12941757927964992,none,none
wroclaw_2024_2025,15,12793,0,0,0.028952002762406524,0.0,0.12574322807757002,none,none
wroclaw_2024_2025,15,12794,0,0,0.03851756156301596,0.0,0.12407997937803851,none,none
wroclaw_2024_2025,15,12795,0,0,0.023655705161401693,0.0,0.12282619201153962,none,none
wroclaw_2024_2025,15,12796,0,0,0.028386846193682033,0.0,0.1260935889075634,none,none
wroclaw_2024_2025,15,12797,0,0,0.023655705161401693,0.0,0.12047915246783657,none,none
wroclaw_2024_2025,15,12798,0,0,0.03365570516140169,0.0,0.1156474129200994,none,none
wroclaw_2024_2025,15,12799,0,0,0.038406856597915394,0.0,0.11982892973642538,none,none
wroclaw_2024_2025,15,12800,1,0,0.009861856401614261,0.1,0.11927122216176171,rain,none
wroclaw_2024_2025,15,12801,1,1,0.7427590277073878,0.1,0.13520091751362026,rain,rain
wroclaw_2024_2025,15,12802,1,1,0.7834148788369795,0.1,0.12865506287972542,rain,rain
wroclaw_2024_2025,15,12803,1,1,0.784110750775038,0.1,0.12772101514374354,rain,rain
wroclaw_2024_2025,15,12804,1,0,0.5434836621296937,0.1,0.13219699313280767,rain,none
wroclaw_2024_2025,15,12805,1,0,0.5128078005958686,0.1,0.12319233638682443,rain,none
wroclaw_2024_2025,15,12806,1,0,0.5274291870950082,0.1,0.1457328030357651,rain,none
wroclaw_2024_2025,15,12807,1,0,0.5176631792003908,0.1,0.13524510363162098,rain,none
wroclaw_2024_2025,15,12808,1,0,0.48395259677241875,0.1,0.13504972806387625,rain,none
wroclaw_2024_2025,15,12809,1,0,0.5368217354348949,0.1,0.13796045679840122,rain,none
wroclaw_2024_2025,15,12810,1,1,0.5832693070095418,0.1,0.1290106767186057,rain,rain
wroclaw_2024_2025,15,12811,1,1,0.5905718549568263,0.1,0.1443868585972958,rain,rain
wroclaw_2024_2025,15,12812,1,0,0.42495314497249376,0.1,0.13723054313432584,rain,none
wroclaw_2024_2025,15,12813,0,0,0.41447030430362475,0.0,0.13197165309718467,none,none
wroclaw_2024_2025,15,12814,0,0,0.02473114103228034,0.0,0.12540743013316846,none,none
wroclaw_2024_2025,15,12815,0,0,0.05802729266509516,0.0,0.12708106527625904,none,none
wroclaw_2024_2025,15,12816,0,0,0.009861856401614261,0.0,0.12473763286805167,none,none
wroclaw_2024_2025,15,12817,0,0,0.07303472089414698,0.0,0.11868773551269146,none,none
wroclaw_2024_2025,15,12818,0,0,0.04868314379468686,0.0,0.12298616264028994,none,none
wroclaw_2024_2025,15,12819,1,0,0.033545000196301133,0.1,0.11523147435129305,rain,none
wroclaw_2024_2025,15,12820,1,0,0.42380929922790345,0.1,0.12930589771747297,rain,none
wroclaw_2024_2025,15,12821,0,0,0.4242995681258242,0.0,0.13045293607908556,none,none
wroclaw_2024_2025,15,12822,0,0,0.08701416228983866,0.0,0.12061629536843738,none,none
wroclaw_2024_2025,15,12823,0,0,0.2401595881490862,0.0,0.1259814861273498,none,none
wroclaw_2024_2025,15,12824,0,0,0.11279330055971247,0.0,0.1249568246682068,none,none
wroclaw_2024_2025,15,12825,0,0,0.1310968804215791,0.0,0.10942523491314143,none,none
wroclaw_2024_2025,15,12826,0,0,0.1553177421517053,0.0,0.11884177995380756,none,none
wroclaw_2024_2025,15,12827,0,0,0.14131086212272842,0.0,0.11672751072519864,none,none
wroclaw_2024_2025,15,12828,0,0,0.07378642053073561,0.0,0.11849211344595757,none,none
wroclaw_2024_2025,15,12829,0,0,0.09486329054808137,0.0,0.1086584943700431,none,none
wroclaw_2024_2025,15,12830,0,0,0.11095873682319338,0.0,0.11233496163566735,none,none
wroclaw_2024_2025,15,12831,0,0,0.04319287489676608,0.0,0.11147565641413193,none,none
wroclaw_2024_2025,15,12832,0,0,0.05817286449253272,0.0,0.11849241478474212,none,none
wroclaw_2024_2025,15,12833,0,0,0.01922086173012619,0.0,0.11801970372138477,none,none
wroclaw_2024_2025,15,12834,0,0,0.009220861730126189,0.0,0.11147332006924464,none,none
wroclaw_2024_2025,15,12835,0,0,0.009220861730126189,0.0,0.1152998857197552,none,none
wroclaw_2024_2025,15,12836,0,0,0.008979441395691701,0.0,0.11573596121712752,none,none
wroclaw_2024_2025,15,12837,0,0,0.00948972069784585,0.0,0.12307126526227785,none,none
wroclaw_2024_2025,15,12838,0,0,0.018952002762406526,0.0,0.12643749317193206,none,none
wroclaw_2024_2025,15,12839,0,0,0.01922086173012619,0.0,0.11324998687805217,none,none
wroclaw_2024_2025,15,12840,0,0,0.01473114103228034,0.0,0.12210418884376299,none,none
wroclaw_2024_2025,15,12841,0,0,0.01908271813174045,0.0,0.12416435398795228,none,none
wroclaw_2024_2025,15,12842,0,0,0.023655705161401693,0.0,0.12106327145507063,none,none
wroclaw_2024_2025,15,12843,0,0,0.0,0.0,0.12019120723559436,none,none
wroclaw_2024_2025,15,12844,0,0,0.013841297797305965,0.0,0.1109867401828652,none,none
wroclaw_2024_2025,15,12845,0,0,0.019462282064560677,0.0,0.11661845521255779,none,none
wroclaw_2024_2025,15,12846,0,0,0.01922086173012619,0.0,0.11843272512372735,none,none
wroclaw_2024_2025,15,12847,0,0,0.0047311410322803385,0.0,0.11917372852030096,none,none
wroclaw_2024_2025,15,12848,0,0,0.0047311410322803385,0.0,0.11147491616737579,none,none
wroclaw_2024_2025,15,12849,0,0,0.0047311410322803385,0.0,0.11750788141241267,none,none
wroclaw_2024_2025,15,12850,0,0,0.0047311410322803385,0.0,0.11461591822511225,none,none
wroclaw_2024_2025,15,12851,0,0,0.0,0.0,0.11254926106909413,none,none
wroclaw_2024_2025,15,12852,0,0,0.01,0.0,0.12346688365111633,none,none
wroclaw_2024_2025,15,12853,0,0,0.03811798722596237,0.0,0.11517676294944511,none,none
wroclaw_2024_2025,15,12854,0,0,0.005,0.0,0.12003341415470133,none,none
wroclaw_2024_2025,15,12855,0,0,0.057607707923808225,0.0,0.11401436167611746,none,none
wroclaw_2024_2025,15,12856,0,0,0.03368314379468687,0.0,0.12526789885440112,none,none
wroclaw_2024_2025,15,12857,0,0,0.02395200276240653,0.0,0.12979986592324977,none,none
wroclaw_2024_2025,15,12858,0,0,0.023441723460252376,0.0,0.114768471735784,none,none
wroclaw_2024_2025,15,12859,0,0,0.009731141032280339,0.0,0.11124454074597628,none,none
wroclaw_2024_2025,15,12860,0,0,0.005,0.0,0.10951636052617172,none,none
wroclaw_2024_2025,15,12861,0,0,0.0,0.0,0.11844161682358026,none,none
wroclaw_2024_2025,15,12862,0,0,0.0,0.0,0.10929361707178492,none,none
wroclaw_2024_2025,15,12863,0,0,0.0,0.0,0.1149584289859833,none,none
wroclaw_2024_2025,15,12864,0,0,0.0044897206978458505,0.0,0.11201711979953484,none,none
wroclaw_2024_2025,15,12865,0,0,0.0044897206978458505,0.0,0.12267545771764989,none,none
wroclaw_2024_2025,15,12866,0,0,0.0,0.0,0.11888888851088371,none,none
wroclaw_2024_2025,15,12867,0,0,0.0047311410322803385,0.0,0.11862856950417762,none,none
wroclaw_2024_2025,15,12868,0,0,0.0047311410322803385,0.0,0.11422095860860937,none,none
wroclaw_2024_2025,15,12869,0,0,0.0047311410322803385,0.0,0.10908675525068112,none,none
wroclaw_2024_2025,15,12870,0,0,0.0047311410322803385,0.0,0.115755630497321,none,none
wroclaw_2024_2025,15,12871,0,0,0.0047311410322803385,0.0,0.10972489606036956,none,none
wroclaw_2024_2025,15,12872,0,0,0.009462282064560677,0.0,0.10761338085420108,none,none
wroclaw_2024_2025,15,12873,0,0,0.009462282064560677,0.0,0.10577311445943437,none,none
wroclaw_2024_2025,15,12874,0,0,0.0047311410322803385,0.0,0.10543172299023043,none,none
wroclaw_2024_2025,15,12875,0,0,0.0047311410322803385,0.0,0.1084763915371216,none,none
wroclaw_2024_2025,15,12876,0,0,0.009462282064560677,0.0,0.1097762680949262,none,none
wroclaw_2024_2025,15,12877,0,0,0.009462282064560677,0.0,0.10901235471910375,none,none
wroclaw_2024_2025,15,12878,0,0,0.009462282064560677,0.0,0.11408459838004098,none,none
wroclaw_2024_2025,15,12879,0,0,0.009462282064560677,0.0,0.1129058456666567,none,none
wroclaw_2024_2025,15,12880,0,0,0.009462282064560677,0.0,0.11388004223508949,none,none
wroclaw_2024_2025,15,12881,0,0,0.0047311410322803385,0.0,0.11777145104234994,none,none
wroclaw_2024_2025,15,12882,0,0,0.013952002762406528,0.0,0.12202319134935401,none,none
wroclaw_2024_2025,15,12883,0,0,0.0047311410322803385,0.0,0.11391238546161536,none,none
wroclaw_2024_2025,15,12884,0,0,0.01473114103228034,0.0,0.1149898289935535,none,none
wroclaw_2024_2025,15,12885,0,0,0.014220861730126188,0.0,0.1329767587814275,none,none
wroclaw_2024_2025,15,12886,0,0,0.009731141032280339,0.0,0.1387419865423862,none,none
wroclaw_2024_2025,15,12887,0,0,0.014462282064560676,0.0,0.13204064239976365,none,none
wroclaw_2024_2025,15,12888,0,0,0.01973114103228034,0.0,0.13421458876031347,none,none
wroclaw_2024_2025,15,12889,0,0,0.024462282064560678,0.0,0.1304126051909581,none,none
wroclaw_2024_2025,15,12890,0,0,0.0145929974338946,0.0,0.1317404373257798,none,none
wroclaw_2024_2025,15,12891,0,0,0.018952002762406526,0.0,0.1660776029427122,none,none
wroclaw_2024_2025,15,12892,0,0,0.013952002762406525,0.0,0.16738046384117147,none,none
wroclaw_2024_2025,15,12893,0,0,0.009220861730126189,0.0,0.15425515519040855,none,none
wroclaw_2024_2025,15,12894,0,0,0.0047311410322803385,0.0,0.183213773061975,none,none
wroclaw_2024_2025,15,12895,0,0,0.0,0.0,0.1928847442204121,none,none
wroclaw_2024_2025,15,12896,0,0,0.0,0.0,0.19421170529528703,none,none
wroclaw_2024_2025,15,12897,0,0,0.0,0.0,0.1937788254160382,none,none
wroclaw_2024_2025,15,12898,0,0,0.0,0.0,0.19450037908234488,none,none
wroclaw_2024_2025,15,12899,0,0,0.0,0.0,0.1995605422382697,none,none
wroclaw_2024_2025,15,12900,0,0,0.0047311410322803385,0.0,0.1992706455663247,none,none
wroclaw_2024_2025,15,12901,0,0,0.009351577099460114,0.0,0.1961991542943218,none,none
wroclaw_2024_2025,15,12902,0,0,0.013841297797305965,0.0,0.19880112287265278,none,none
wroclaw_2024_2025,15,12903,0,0,0.009220861730126189,0.0,0.1984013758371112,none,none
wroclaw_2024_2025,15,12904,0,0,0.009220861730126189,0.0,0.19883593191384788,none,none
wroclaw_2024_2025,15,12905,0,0,0.009220861730126189,0.0,0.1984013758371112,none,none
wroclaw_2024_2025,15,12906,0,0,0.0047311410322803385,0.0,0.1975008987767319,none,none
wroclaw_2024_2025,15,12907,0,0,0.0,0.0,0.19836951533792818,none,none
wroclaw_2024_2025,15,12908,0,0,0.0,0.0,0.1977903676522438,none,none
wroclaw_2024_2025,15,12909,0,0,0.0044897206978458505,0.0,0.19692217087581743,none,none
wroclaw_2024_2025,15,12910,0,0,0.0,0.0,0.1973561905734096,none,none
wroclaw_2024_2025,15,12911,0,0,0.0,0.0,0.1976456244689721,none,none
wroclaw_2024_2025,15,12912,0,0,0.0,0.0,0.19608933268795084,none,none
wroclaw_2024_2025,15,12913,0,0,0.0,0.0,0.1971818954995353,none,none
wroclaw_2024_2025,15,12914,0,0,0.0047311410322803385,0.0,0.20036317351898283,none,none
wroclaw_2024_2025,15,12915,0,0,0.009731141032280339,0.0,0.20007308287588846,none,none
wroclaw_2024_2025,15,12916,0,0,0.0047311410322803385,0.0,0.19963807835457814,none,none
wroclaw_2024_2025,15,12917,0,0,0.0047311410322803385,0.0,0.1985604548548285,none,none
wroclaw_2024_2025,15,12918,0,0,0.0,0.0,0.1987581552643464,none,none
wroclaw_2024_2025,15,12919,0,0,0.0047311410322803385,0.0,0.1955430714770825,none,none
wroclaw_2024_2025,15,12920,0,0,0.0,0.0,0.19594186507689074,none,none
wroclaw_2024_2025,15,12921,0,0,0.0,0.0,0.19637552930272648,none,none
wroclaw_2024_2025,15,12922,0,0,0.0,0.0,0.19608640234987237,none,none
wroclaw_2024_2025,15,12923,0,0,0.0047311410322803385,0.0,0.1945003790823449,none,none
wroclaw_2024_2025,15,12924,0,0,0.0,0.0,0.1949335206064289,none,none
wroclaw_2024_2025,15,12925,0,0,0.005,0.0,0.19205179488706503,none,none
wroclaw_2024_2025,15,12926,0,0,0.0,0.0,0.19703550687799457,none,none
wroclaw_2024_2025,15,12927,0,0,0.00948972069784585,0.0,0.2039728497294368,none,none
wroclaw_2024_2025,15,12928,0,0,0.018683143794686864,0.0,0.20401600425029784,none,none
wroclaw_2024_2025,15,12929,0,0,0.0,0.0,0.17430558400347665,none,none
wroclaw_2024_2025,15,12930,0,0,0.0,0.0,0.15665421273851063,none,none
wroclaw_2024_2025,15,12931,0,0,0.009462282064560677,0.0,0.14562265697428498,none,none
wroclaw_2024_2025,15,12932,0,0,0.009462282064560677,0.0,0.1392893114576614,none,none
wroclaw_2024_2025,15,12933,0,0,0.0,0.0,0.14997669749348813,none,none
wroclaw_2024_2025,15,12934,0,0,0.0,0.0,0.14285167367098375,none,none
wroclaw_2024_2025,15,12935,0,0,0.0,0.0,0.13554410556695157,none,none
wroclaw_2024_2025,15,12936,0,0,0.0047311410322803385,0.0,0.13668572134301488,none,none
wroclaw_2024_2025,15,12937,0,0,0.0,0.0,0.12879071633037042,none,none
wroclaw_2024_2025,15,12938,0,0,0.0,0.0,0.12616913537128324,none,none
wroclaw_2024_2025,15,12939,0,0,0.0,0.0,0.1232712429294555,none,none
wroclaw_2024_2025,15,12940,0,0,0.0,0.0,0.11720086256363456,none,none
wroclaw_2024_2025,15,12941,0,0,0.0,0.0,0.10941971657776481,none,none
wroclaw_2024_2025,15,12942,0,0,0.009351577099460114,0.0,0.11245383473714102,none,none
wroclaw_2024_2025,15,12943,0,0,0.0047311410322803385,0.0,0.11173283001000604,none,none
wroclaw_2024_2025,15,12944,0,0,0.0047311410322803385,0.0,0.11237249330500176,none,none
wroclaw_2024_2025,15,12945,0,0,0.0047311410322803385,0.0,0.12228969702146687,none,none
wroclaw_2024_2025,15,12946,0,0,0.009462282064560677,0.0,0.12067934615082891,none,none
wroclaw_2024_2025,15,12947,0,0,0.009462282064560677,0.0,0.12341756800439446,none,none
wroclaw_2024_2025,15,12948,0,0,0.0047311410322803385,0.0,0.11994818548519441,none,none
wroclaw_2024_2025,15,12949,0,0,0.0047311410322803385,0.0,0.1143152623687853,none,none
wroclaw_2024_2025,15,12950,0,0,0.0047311410322803385,0.0,0.11658603341340079,none,none
wroclaw_2024_2025,15,12951,0,0,0.0047311410322803385,0.0,0.11475169531300322,none,none
wroclaw_2024_2025,15,12952,0,0,0.0,0.0,0.1119915442909751,none,none
wroclaw_2024_2025,15,12953,0,0,0.0,0.0,0.113502332372346,none,none
wroclaw_2024_2025,15,12954,0,0,0.0047311410322803385,0.0,0.12261489207913175,none,none
wroclaw_2024_2025,15,12955,0,0,0.0,0.0,0.12288551110263964,none,none
wroclaw_2024_2025,15,12956,0,0,0.0,0.0,0.11404670880281563,none,none
wroclaw_2024_2025,15,12957,0,0,0.009462282064560677,0.0,0.12071114040752147,none,none
wroclaw_2024_2025,15,12958,0,0,0.0,0.0,0.1168091706148294,none,none
wroclaw_2024_2025,15,12959,0,0,0.0,0.0,0.12413580724384886,none,none
wroclaw_2024_2025,15,12960,0,0,0.0047311410322803385,0.0,0.1202905147923235,none,none
wroclaw_2024_2025,15,12961,0,0,0.0047311410322803385,0.0,0.11997716060708374,none,none
wroclaw_2024_2025,15,12962,0,0,0.0047311410322803385,0.0,0.11824066054552113,none,none
wroclaw_2024_2025,15,12963,0,0,0.0047311410322803385,0.0,0.11852940926970434,none,none
wroclaw_2024_2025,15,12964,0,0,0.0,0.0,0.11063180938876309,none,none
wroclaw_2024_2025,15,12965,0,0,0.0,0.0,0.11612780964753981,none,none
wroclaw_2024_2025,15,12966,0,0,0.0,0.0,0.11437399010728748,none,none
wroclaw_2024_2025,15,12967,0,0,0.0,0.0,0.12054037511981693,none,none
wroclaw_2024_2025,15,12968,0,0,0.0,0.0,0.11852179583609221,none,none
wroclaw_2024_2025,15,12969,0,0,0.0,0.0,0.1272829767172666,none,none
wroclaw_2024_2025,15,12970,0,0,0.0,0.0,0.12202342475617944,none,none
wroclaw_2024_2025,15,12971,0,0,0.0,0.0,0.12033635898617732,none,none
wroclaw_2024_2025,15,12972,0,0,0.0,0.0,0.12250558588776721,none,none
wroclaw_2024_2025,15,12973,0,0,0.0,0.0,0.1316189451688805,none,none
wroclaw_2024_2025,15,12974,0,0,0.0,0.0,0.11387695898960694,none,none
wroclaw_2024_2025,15,12975,0,0,0.0,0.0,0.12195009579491571,none,none
wroclaw_2024_2025,15,12976,0,0,0.0,0.0,0.12311032658342247,none,none
wroclaw_2024_2025,15,12977,0,0,0.0,0.0,0.10966119275458962,none,none
wroclaw_2024_2025,15,12978,0,0,0.0,0.0,0.1139384469242348,none,none
wroclaw_2024_2025,15,12979,0,0,0.0,0.0,0.11073452427543512,none,none
wroclaw_2024_2025,15,12980,0,0,0.0,0.0,0.1107345242754351,none,none
wroclaw_2024_2025,15,12981,0,0,0.0,0.0,0.11779920797287304,none,none
wroclaw_2024_2025,15,12982,0,0,0.0047311410322803385,0.0,0.12834613999574918,none,none
wroclaw_2024_2025,15,12983,0,0,0.0,0.0,0.13126860674325097,none,none
wroclaw_2024_2025,15,12984,0,0,0.0,0.0,0.16631975174699812,none,none
wroclaw_2024_2025,15,12985,0,0,0.0,0.0,0.1775733027113692,none,none
wroclaw_2024_2025,15,12986,0,0,0.0,0.0,0.19430123942930858,none,none
wroclaw_2024_2025,15,12987,0,0,0.0,0.0,0.2040686661325093,none,none
wroclaw_2024_2025,15,12988,0,0,0.0,0.0,0.2065419340882889,none,none
wroclaw_2024_2025,15,12989,0,0,0.0,0.0,0.2060695646352254,none,none
wroclaw_2024_2025,15,12990,0,0,0.0047311410322803385,0.0,0.20621532590589328,none,none
wroclaw_2024_2025,15,12991,0,0,0.0,0.0,0.2066293579725192,none,none
wroclaw_2024_2025,15,12992,0,0,0.014193423096841013,0.0,0.21214509877851098,none,none
wroclaw_2024_2025,15,12993,0,0,0.0,0.0,0.21159447312707524,none,none
wroclaw_2024_2025,15,12994,0,0,0.0,0.0,0.2107162706933999,none,none
wroclaw_2024_2025,15,12995,0,0,0.0047311410322803385,0.0,0.21015458130866113,none,none
wroclaw_2024_2025,15,12996,0,0,0.0047311410322803385,0.0,0.21157102001732617,none,none
wroclaw_2024_2025,15,12997,0,0,0.009462282064560677,0.0,0.21071627069339993,none,none
wroclaw_2024_2025,15,12998,0,0,0.013952002762406525,0.0,0.21071627069339993,none,none
wroclaw_2024_2025,15,12999,0,0,0.0047311410322803385,0.0,0.21071627069339993,none,none
wroclaw_2024_2025,15,13000,0,0,0.0,0.0,0.2102774082113639,none,none
wroclaw_2024_2025,15,13001,0,0,0.0,0.0,0.21115529231273536,none,none
wroclaw_2024_2025,15,13002,0,0,0.0,0.0,0.21317093942346885,none,none
wroclaw_2024_2025,15,13003,0,0,0.0,0.0,0.2139042142316333,none,none
wroclaw_2024_2025,15,13004,0,0,0.0,0.0,0.2139042142316333,none,none
wroclaw_2024_2025,15,13005,0,0,0.0,0.0,0.21229159431658992,none,none
wroclaw_2024_2025,15,13006,0,0,0.0,0.0,0.21239639219565654,none,none
wroclaw_2024_2025,15,13007,0,0,0.0,0.0,0.21748224834952617,none,none
wroclaw_2024_2025,15,13008,0,0,0.0044897206978458505,0.0,0.21712164398796527,none,none
wroclaw_2024_2025,15,13009,0,0,0.00948972069784585,0.0,0.20909091558193874,none,none
wroclaw_2024_2025,15,13010,0,0,0.0044897206978458505,0.0,0.2115766610687672,none,none
wroclaw_2024_2025,15,13011,0,0,0.0047311410322803385,0.0,0.20777657216082007,none,none
wroclaw_2024_2025,15,13012,0,0,0.0044897206978458505,0.0,0.20661242251622305,none,none
wroclaw_2024_2025,15,13013,0,0,0.07002887277975228,0.0,0.20748764819180573,none,none
wroclaw_2024_2025,15,13014,0,0,0.07424973450987847,0.0,0.20748764819180573,none,none
wroclaw_2024_2025,15,13015,0,0,0.07922229587659331,0.0,0.2081507958446294,none,none
wroclaw_2024_2025,15,13016,0,0,0.051076870017345774,0.0,0.2081507958446294,none,none
wroclaw_2024_2025,15,13017,0,0,0.0044897206978458505,0.0,0.2084428390929303,none,none
wroclaw_2024_2025,15,13018,0,0,0.009220861730126189,0.0,0.21194693095847134,none,none
wroclaw_2024_2025,15,13019,0,0,0.013952002762406525,0.0,0.21011120676800735,none,none
wroclaw_2024_2025,15,13020,0,0,0.018683143794686864,0.0,0.20938022317589403,none,none
wroclaw_2024_2025,15,13021,0,0,0.0044897206978458505,0.0,0.20617504760401692,none,none
wroclaw_2024_2025,15,13022,0,0,0.013952002762406525,0.0,0.21040668931613726,none,none
wroclaw_2024_2025,15,13023,0,0,0.013952002762406528,0.0,0.20832842303805515,none,none
wroclaw_2024_2025,15,13024,0,0,0.01371058242797204,0.0,0.20879871571360015,none,none
wroclaw_2024_2025,15,13025,0,0,0.0285724388295863,0.0,0.20792253973433591,none,none
wroclaw_2024_2025,15,13026,0,0,0.004861856401614262,0.0,0.21108503866019582,none,none
wroclaw_2024_2025,15,13027,0,0,0.01881385916402079,0.0,0.172445180680177,none,none
wroclaw_2024_2025,15,13028,0,0,0.0,0.0,0.16641373082752345,none,none
wroclaw_2024_2025,15,13029,0,0,0.009220861730126189,0.0,0.1517893072132331,none,none
wroclaw_2024_2025,15,13030,0,0,0.01371058242797204,0.0,0.14423363490551527,none,none
wroclaw_2024_2025,15,13031,0,0,0.018441723460252378,0.0,0.14084319557099018,none,none
wroclaw_2024_2025,15,13032,0,0,0.0426351465570934,0.0,0.14238540658355922,none,none
wroclaw_2024_2025,15,13033,0,0,0.019462282064560677,0.0,0.14308531867186097,none,none
wroclaw_2024_2025,15,13034,0,0,0.04327614122858146,0.0,0.149000873540505,none,none
wroclaw_2024_2025,15,13035,0,0,0.06246956432542249,0.0,0.14121269758538021,none,none
wroclaw_2024_2025,15,13036,0,0,0.0918211414248826,0.0,0.13851283226187674,none,none
wroclaw_2024_2025,15,13037,0,0,0.06233142072703674,0.0,0.14044606412034114,none,none
wroclaw_2024_2025,15,13038,0,0,0.02864827693234988,0.0,0.14189679891937737,none,none
wroclaw_2024_2025,15,13039,0,0,0.014193423096841013,0.0,0.13893103022106645,none,none
wroclaw_2024_2025,15,13040,0,0,0.018924564129121354,0.0,0.1440754327383346,none,none
wroclaw_2024_2025,15,13041,0,0,0.018924564129121354,0.0,0.13790754339413858,none,none
wroclaw_2024_2025,15,13042,0,0,0.009592997433894601,0.0,0.14004370739771393,none,none
wroclaw_2024_2025,15,13043,0,0,0.0047311410322803385,0.0,0.13916550954653364,none,none
wroclaw_2024_2025,15,13044,0,0,0.0047311410322803385,0.0,0.13810014220435388,none,none
wroclaw_2024_2025,15,13045,0,0,0.009462282064560677,0.0,0.1352086444768803,none,none
wroclaw_2024_2025,15,13046,0,0,0.02378642053073561,0.0,0.14141538282784433,none,none
wroclaw_2024_2025,15,13047,0,0,0.018441723460252378,0.0,0.1349904305132561,none,none
wroclaw_2024_2025,15,13048,0,0,0.018683143794686864,0.0,0.13593224859429315,none,none
wroclaw_2024_2025,15,13049,0,0,0.028924564129121352,0.0,0.13525944788424651,none,none
wroclaw_2024_2025,15,13050,0,0,0.024220861730126192,0.0,0.1404627749351182,none,none
wroclaw_2024_2025,15,13051,0,0,0.033545000196301133,0.0,0.14620492395217813,none,none
wroclaw_2024_2025,15,13052,0,0,0.07722814399098799,0.0,0.1414664640021729,none,none
wroclaw_2024_2025,15,13053,0,0,0.07803472089414698,0.0,0.13971870704048184,none,none
wroclaw_2024_2025,15,13054,0,0,0.053110558996910556,0.0,0.14579812697018596,none,none
wroclaw_2024_2025,15,13055,0,0,0.02932413846617494,0.0,0.14013198401086993,none,none
wroclaw_2024_2025,15,13056,0,0,0.039055279498455275,0.0,0.13840754858338777,none,none
wroclaw_2024_2025,15,13057,1,0,0.08757284106147123,0.1,0.12483076534720537,rain,none
wroclaw_2024_2025,15,13058,0,1,0.5825055089122793,0.0,0.1299089861910428,none,rain
wroclaw_2024_2025,15,13059,1,0,0.12233142072703675,0.1,0.12087224815159626,rain,none
wroclaw_2024_2025,15,13060,1,1,0.6500917722853871,0.2,0.11792862426530644,rain,rain
wroclaw_2024_2025,15,13061,1,1,0.7369413027755143,0.3,0.30047721305755154,mixed,rain
wroclaw_2024_2025,15,13062,1,1,0.8091317116112304,0.2,0.2918286887598431,mixed,mixed
wroclaw_2024_2025,15,13063,1,1,0.7504219693197137,0.1,0.22506963766466634,snow,mixed
wroclaw_2024_2025,15,13064,0,0,0.4314904606760481,0.0,0.12493572873353032,none,none
wroclaw_2024_2025,15,13065,0,0,0.10705513353026525,0.0,0.12249024569426087,none,none
wroclaw_2024_2025,15,13066,0,0,0.13606944178829394,0.0,0.1249018675919644,none,none
wroclaw_2024_2025,15,13067,0,0,0.1053661416211837,0.0,0.12550116576391762,none,none
wroclaw_2024_2025,15,13068,0,0,0.051745303322119025,0.0,0.12854067960999574,none,none
wroclaw_2024_2025,15,13069,0,0,0.06120758538667969,0.0,0.13919301620066193,none,none
wroclaw_2024_2025,15,13070,0,0,0.0708838491523897,0.0,0.13779649513145656,none,none
wroclaw_2024_2025,15,13071,0,0,0.10453212608473952,0.0,0.14003459067968155,none,none
wroclaw_2024_2025,15,13072,0,0,0.07220070535770282,0.0,0.13063507123418058,none,none
wroclaw_2024_2025,15,13073,0,0,0.1169518567942165,0.0,0.12540171524675892,none,none
wroclaw_2024_2025,15,13074,0,0,0.12534613121695035,0.0,0.1309832577657251,none,none
wroclaw_2024_2025,15,13075,0,0,0.0998358519147962,0.0,0.12749473424543997,none,none
wroclaw_2024_2025,15,13076,0,0,0.051856008287219583,0.0,0.1255156106987186,none,none
wroclaw_2024_2025,15,13077,0,0,0.028172864492532715,0.0,0.11618610000254372,none,none
wroclaw_2024_2025,15,13078,0,0,0.01473114103228034,0.0,0.12112302854875824,none,none
wroclaw_2024_2025,15,13079,0,0,0.009731141032280339,0.0,0.11878496840364572,none,none
wroclaw_2024_2025,15,13080,0,0,0.0047311410322803385,0.0,0.16622116041567425,none,none
wroclaw_2024_2025,15,13081,0,0,0.0,0.0,0.1752078610903059,none,none
wroclaw_2024_2025,15,13082,0,0,0.009462282064560677,0.0,0.18064274394390556,none,none
wroclaw_2024_2025,15,13083,0,0,0.0047311410322803385,0.0,0.18960822999915947,none,none
wroclaw_2024_2025,15,13084,0,0,0.009462282064560677,0.0,0.18960822999915947,none,none
wroclaw_2024_2025,15,13085,0,0,0.009462282064560677,0.0,0.18960822999915947,none,none
wroclaw_2024_2025,15,13086,0,0,0.009731141032280339,0.0,0.19248404852236412,none,none
wroclaw_2024_2025,15,13087,0,0,0.0047311410322803385,0.0,0.19331437634729276,none,none
wroclaw_2024_2025,15,13088,0,0,0.0145929974338946,0.0,0.19594479506086174,none,none
wroclaw_2024_2025,15,13089,0,0,0.0191859948677892,0.0,0.19594479506086174,none,none
wroclaw_2024_2025,15,13090,0,0,0.0191859948677892,0.0,0.19594479506086174,none,none
wroclaw_2024_2025,15,13091,0,0,0.0191859948677892,0.0,0.19594479506086174,none,none
wroclaw_2024_2025,15,13092,0,0,0.023944574533354714,0.0,0.19594479506086174,none,none
wroclaw_2024_2025,15,13093,0,0,0.014213433501074376,0.0,0.19594479506086174,none,none
wroclaw_2024_2025,15,13094,0,0,0.014723712803228524,0.0,0.19565577220314817,none,none
wroclaw_2024_2025,15,13095,0,0,0.009861856401614261,0.0,0.19565577220314817,none,none
wroclaw_2024_2025,15,13096,0,0,0.0,0.0,0.19970257765419536,none,none
wroclaw_2024_2025,15,13097,1,0,0.005,0.1,0.19482381519636538,snow,none
wroclaw_2024_2025,15,13098,0,0,0.21281569554237284,0.0,0.3403644873210019,none,none
wroclaw_2024_2025,15,13099,0,0,0.0735724388295863,0.0,0.25328405283268685,none,none
wroclaw_2024_2025,15,13100,0,0,0.11762771832804156,0.0,0.2291352579206292,none,none
wroclaw_2024_2025,15,13101,0,0,0.0771448776591726,0.0,0.22856502338798618,none,none
wroclaw_2024_2025,15,13102,0,0,0.04260770792380822,0.0,0.21538684573411987,none,none
wroclaw_2024_2025,15,13103,0,0,0.041614587952785095,0.0,0.21479947391774015,none,none
wroclaw_2024_2025,15,13104,0,0,0.032635146557093396,0.0,0.21479947391774015,none,none
wroclaw_2024_2025,15,13105,0,0,0.027904005524813057,0.0,0.21450589446745894,none,none
wroclaw_2024_2025,15,13106,0,0,0.009462282064560677,0.0,0.20646907077195148,none,none
wroclaw_2024_2025,15,13107,0,0,0.014462282064560676,0.0,0.20949669197352722,none,none
wroclaw_2024_2025,15,13108,0,0,0.009462282064560677,0.0,0.20701736711430466,none,none
wroclaw_2024_2025,15,13109,0,0,0.024324138466174938,0.0,0.21242058986093063,none,none
wroclaw_2024_2025,15,13110,0,0,0.018200303125817892,0.0,0.19612406298813173,none,none
wroclaw_2024_2025,15,13111,0,0,0.02371058242797204,0.0,0.19482381519636538,none,none
wroclaw_2024_2025,15,13112,0,0,0.01895200276240653,0.0,0.186059825105135,none,none
wroclaw_2024_2025,15,13113,0,0,0.0044897206978458505,0.0,0.19597659109512186,none,none
wroclaw_2024_2025,15,13114,0,0,0.0044897206978458505,0.0,0.15407726558477225,none,none
wroclaw_2024_2025,15,13115,0,0,0.009220861730126189,0.0,0.15296487553719554,none,none
wroclaw_2024_2025,15,13116,0,0,0.0044897206978458505,0.0,0.1939115456953388,none,none
wroclaw_2024_2025,15,13117,0,0,0.0044897206978458505,0.0,0.19376727123602122,none,none
wroclaw_2024_2025,15,13118,0,0,0.0044897206978458505,0.0,0.19679491307711822,none,none
wroclaw_2024_2025,15,13119,0,0,0.018441723460252378,0.0,0.19194235404477555,none,none
wroclaw_2024_2025,15,13120,0,0,0.018441723460252378,0.0,0.1897376492440784,none,none
wroclaw_2024_2025,15,13121,0,0,0.01871058242797204,0.0,0.17944493291991515,none,none
wroclaw_2024_2025,15,13122,0,0,0.023441723460252376,0.0,0.17607956140017375,none,none
wroclaw_2024_2025,15,13123,0,0,0.023441723460252376,0.0,0.15528774757610364,none,none
wroclaw_2024_2025,15,13124,0,0,0.023441723460252376,0.0,0.15197063818148068,none,none
wroclaw_2024_2025,15,13125,0,0,0.023441723460252376,0.0,0.14805636612409306,none,none
wroclaw_2024_2025,15,13126,0,0,0.018572438829586303,0.0,0.14626798029980395,none,none
wroclaw_2024_2025,15,13127,0,0,0.018572438829586303,0.0,0.1497107966494291,none,none
wroclaw_2024_2025,15,13128,0,0,0.014082718131740451,0.0,0.14694224471228728,none,none
wroclaw_2024_2025,15,13129,0,0,0.009592997433894601,0.0,0.13713254884873996,none,none
wroclaw_2024_2025,15,13130,0,0,0.009592997433894601,0.0,0.13765946927466793,none,none
wroclaw_2024_2025,15,13131,0,0,0.0047311410322803385,0.0,0.13480889133643717,none,none
wroclaw_2024_2025,15,13132,0,0,0.0,0.0,0.13248064734602888,none,none
wroclaw_2024_2025,15,13133,0,0,0.0,0.0,0.13450245670973843,none,none
wroclaw_2024_2025,15,13134,0,0,0.004861856401614262,0.0,0.1398233528522934,none,none
wroclaw_2024_2025,15,13135,0,0,0.0,0.0,0.13844060400392363,none,none
wroclaw_2024_2025,15,13136,0,0,0.0,0.0,0.1292117119764137,none,none
wroclaw_2024_2025,15,13137,0,0,0.0,0.0,0.1271775118535567,none,none
wroclaw_2024_2025,15,13138,0,0,0.0,0.0,0.12572368601638134,none,none
wroclaw_2024_2025,15,13139,0,0,0.0,0.0,0.12385332989304593,none,none
wroclaw_2024_2025,15,13140,0,0,0.0,0.0,0.12648895778712532,none,none
wroclaw_2024_2025,15,13141,0,0,0.0,0.0,0.13010672259049896,none,none
wroclaw_2024_2025,15,13142,0,0,0.0,0.0,0.12927740719684122,none,none
wroclaw_2024_2025,15,13143,0,0,0.0,0.0,0.12951671754724942,none,none
wroclaw_2024_2025,15,13144,0,0,0.0,0.0,0.13205680731056843,none,none
wroclaw_2024_2025,15,13145,0,0,0.0,0.0,0.12385861723767601,none,none
wroclaw_2024_2025,15,13146,0,0,0.0,0.0,0.1289769083459459,none,none
wroclaw_2024_2025,15,13147,0,0,0.0,0.0,0.1273215290439404,none,none
wroclaw_2024_2025,15,13148,0,0,0.0,0.0,0.12705221001295217,none,none
wroclaw_2024_2025,15,13149,0,0,0.0,0.0,0.12411175319182564,none,none
wroclaw_2024_2025,15,13150,0,0,0.0,0.0,0.13141376115741887,none,none
wroclaw_2024_2025,15,13151,0,0,0.0,0.0,0.1268720838449219,none,none
wroclaw_2024_2025,15,13152,0,0,0.0,0.0,0.13000428711757284,none,none
wroclaw_2024_2025,15,13153,0,0,0.0,0.0,0.12708798632506044,none,none
wroclaw_2024_2025,15,13154,0,0,0.0,0.0,0.1359914771939086,none,none
wroclaw_2024_2025,15,13155,0,0,0.0,0.0,0.13848491622221848,none,none
wroclaw_2024_2025,15,13156,0,0,0.0,0.0,0.13786327578858623,none,none
wroclaw_2024_2025,15,13157,0,0,0.0,0.0,0.1425073945149298,none,none
wroclaw_2024_2025,15,13158,0,0,0.0,0.0,0.13072325476913116,none,none
wroclaw_2024_2025,15,13159,0,0,0.0047311410322803385,0.0,0.14027983824285753,none,none
wroclaw_2024_2025,15,13160,0,0,0.0,0.0,0.13553649442926102,none,none
wroclaw_2024_2025,15,13161,0,0,0.0047311410322803385,0.0,0.12987573039605993,none,none
wroclaw_2024_2025,15,13162,0,0,0.0047311410322803385,0.0,0.1240094153472828,none,none
wroclaw_2024_2025,15,13163,0,0,0.0047311410322803385,0.0,0.12268975992075541,none,none
wroclaw_2024_2025,15,13164,0,0,0.0047311410322803385,0.0,0.11908737613397395,none,none
wroclaw_2024_2025,15,13165,0,0,0.0,0.0,0.11935789030619713,none,none
wroclaw_2024_2025,15,13166,0,0,0.0,0.0,0.1250003568112114,none,none
wroclaw_2024_2025,15,13167,0,0,0.0,0.0,0.12074925664714257,none,none
wroclaw_2024_2025,15,13168,0,0,0.0,0.0,0.11803843606546982,none,none
wroclaw_2024_2025,15,13169,0,0,0.0,0.0,0.11940970827696287,none,none
wroclaw_2024_2025,15,13170,0,0,0.0,0.0,0.12150792576118329,none,none
wroclaw_2024_2025,15,13171,0,0,0.0,0.0,0.1276245220617635,none,none
wroclaw_2024_2025,15,13172,0,0,0.0,0.0,0.1299925976100572,none,none
wroclaw_2024_2025,15,13173,0,0,0.0,0.0,0.12344170483616645,none,none
wroclaw_2024_2025,15,13174,0,0,0.0,0.0,0.12479602534066922,none,none
wroclaw_2024_2025,15,13175,0,0,0.0,0.0,0.12243588939915027,none,none
wroclaw_2024_2025,15,13176,0,0,0.0,0.0,0.17077435870522392,none,none
wroclaw_2024_2025,15,13177,0,0,0.0,0.0,0.18275633208331424,none,none
wroclaw_2024_2025,15,13178,0,0,0.0,0.0,0.19643056331759384,none,none
wroclaw_2024_2025,15,13179,0,0,0.0,0.0,0.20624163055276928,none,none
wroclaw_2024_2025,15,13180,0,0,0.0,0.0,0.2082812233384491,none,none
wroclaw_2024_2025,15,13181,0,0,0.0,0.0,0.2082812233384491,none,none
wroclaw_2024_2025,15,13182,0,0,0.0,0.0,0.20883034323827934,none,none
wroclaw_2024_2025,15,13183,0,0,0.0047311410322803385,0.0,0.20883034323827934,none,none
wroclaw_2024_2025,15,13184,0,0,0.0047311410322803385,0.0,0.21105581899948514,none,none
wroclaw_2024_2025,15,13185,0,0,0.0047311410322803385,0.0,0.21105581899948514,none,none
wroclaw_2024_2025,15,13186,0,0,0.0047311410322803385,0.0,0.21105581899948514,none,none
wroclaw_2024_2025,15,13187,0,0,0.0047311410322803385,0.0,0.21090947279476033,none,none
wroclaw_2024_2025,15,13188,0,0,0.0047311410322803385,0.0,0.21076314427477913,none,none
wroclaw_2024_2025,15,13189,0,0,0.0047311410322803385,0.0,0.21047054028049966,none,none
wroclaw_2024_2025,15,13190,0,0,0.0047311410322803385,0.0,0.21047054028049966,none,none
wroclaw_2024_2025,15,13191,0,0,0.028145425859247543,0.0,0.20711362991741913,none,none
wroclaw_2024_2025,15,13192,0,0,0.03773842329314215,0.0,0.20711362991741913,none,none
wroclaw_2024_2025,15,13193,0,0,0.03287656689152788,0.0,0.20852650931116004,none,none
wroclaw_2024_2025,15,13194,0,0,0.04209742862165407,0.0,0.20711362991741913,none,none
wroclaw_2024_2025,15,13195,0,0,0.04209742862165407,0.0,0.20711362991741913,none,none
wroclaw_2024_2025,15,13196,0,0,0.04209742862165407,0.0,0.20896473689426145,none,none
wroclaw_2024_2025,15,13197,0,0,0.023172864492532717,0.0,0.20852650931116004,none,none
wroclaw_2024_2025,15,13198,0,0,0.013952002762406528,0.0,0.20852650931116004,none,none
wroclaw_2024_2025,15,13199,0,0,0.0,0.0,0.2122563945808098,none,none
wroclaw_2024_2025,15,13200,0,0,0.0,0.0,0.21141288658717514,none,none
wroclaw_2024_2025,15,13201,0,0,0.0,0.0,0.21181697383206152,none,none
wroclaw_2024_2025,15,13202,0,0,0.0,0.0,0.21097377159463138,none,none
wroclaw_2024_2025,15,13203,0,0,0.0,0.0,0.210534815773233,none,none
wroclaw_2024_2025,15,13204,0,0,0.0047311410322803385,0.0,0.20795118492830778,none,none
wroclaw_2024_2025,15,13205,0,0,0.0047311410322803385,0.0,0.2089617750123123,none,none
wroclaw_2024_2025,15,13206,0,0,0.028917135900069543,0.0,0.2077964829763905,none,none
wroclaw_2024_2025,15,13207,0,0,0.014454853835508864,0.0,0.20819936390872426,none,none
wroclaw_2024_2025,15,13208,0,0,0.009592997433894601,0.0,0.2067219868078178,none,none
wroclaw_2024_2025,15,13209,0,0,0.0,0.0,0.20551003100368,none,none
wroclaw_2024_2025,15,13210,0,0,0.06091128778567485,0.0,0.20507305568821435,none,none
wroclaw_2024_2025,15,13211,0,0,0.009462282064560677,0.0,0.207548386752663,none,none
wroclaw_2024_2025,15,13212,0,0,0.0044897206978458505,0.0,0.207548386752663,none,none
wroclaw_2024_2025,15,13213,0,0,0.0,0.0,0.20551003100368,none,none
wroclaw_2024_2025,15,13214,0,0,0.014193423096841013,0.0,0.2059471647721336,none,none
wroclaw_2024_2025,15,13215,0,0,0.0,0.0,0.20930083126584062,none,none
wroclaw_2024_2025,15,13216,0,0,0.01922086173012619,0.0,0.2043480660289494,none,none
wroclaw_2024_2025,15,13217,0,0,0.029055279498455277,0.0,0.20275108770767514,none,none
wroclaw_2024_2025,15,13218,0,0,0.009220861730126189,0.0,0.20604629695577079,none,none
wroclaw_2024_2025,15,13219,0,0,0.0,0.0,0.1685694881828437,none,none
wroclaw_2024_2025,15,13220,0,0,0.018572438829586303,0.0,0.15954273918305992,none,none
wroclaw_2024_2025,15,13221,0,0,0.032551880225278,0.0,0.1575599803459629,none,none
wroclaw_2024_2025,15,13222,0,0,0.028172864492532722,0.0,0.1614361311035091,none,none
wroclaw_2024_2025,15,13223,0,0,0.019193423096841012,0.0,0.15985864137513522,none,none
wroclaw_2024_2025,15,13224,0,0,0.019193423096841012,0.0,0.15965779757579557,none,none
wroclaw_2024_2025,15,13225,0,0,0.014220861730126188,0.0,0.15826841811956366,none,none
wroclaw_2024_2025,15,13226,0,0,0.014220861730126188,0.0,0.1543788354663061,none,none
wroclaw_2024_2025,15,13227,0,0,0.009220861730126189,0.0,0.15320586414987783,none,none
wroclaw_2024_2025,15,13228,0,0,0.0047311410322803385,0.0,0.1499017808741682,none,none
wroclaw_2024_2025,15,13229,0,0,0.0,0.0,0.1447944900524559,none,none
wroclaw_2024_2025,15,13230,0,0,0.0,0.0,0.15139797571651709,none,none
wroclaw_2024_2025,15,13231,0,0,0.0044897206978458505,0.0,0.13969021730117026,none,none
wroclaw_2024_2025,15,13232,0,0,0.0,0.0,0.1507470087358269,none,none
wroclaw_2024_2025,15,13233,0,0,0.013952002762406528,0.0,0.15099870324848305,none,none
wroclaw_2024_2025,15,13234,0,0,0.013952002762406528,0.0,0.14863107432838474,none,none
wroclaw_2024_2025,15,13235,0,0,0.009462282064560677,0.0,0.1445739795373776,none,none
wroclaw_2024_2025,15,13236,0,0,0.0047311410322803385,0.0,0.14361107026896064,none,none
wroclaw_2024_2025,15,13237,0,0,0.0047311410322803385,0.0,0.1412136950364637,none,none
wroclaw_2024_2025,15,13238,0,0,0.0047311410322803385,0.0,0.13768772007210792,none,none
wroclaw_2024_2025,15,13239,0,0,0.0047311410322803385,0.0,0.13741026697801328,none,none
wroclaw_2024_2025,15,13240,0,0,0.0047311410322803385,0.0,0.13929630747344632,none,none
wroclaw_2024_2025,15,13241,0,0,0.005,0.0,0.14469091258247704,none,none
wroclaw_2024_2025,15,13242,0,0,0.018683143794686864,0.0,0.14049558276547008,none,none
wroclaw_2024_2025,15,13243,0,0,0.03300728226086181,0.0,0.13667843511946015,none,none
wroclaw_2024_2025,15,13244,0,0,0.01905527949845528,0.0,0.13575275829443129,none,none
wroclaw_2024_2025,15,13245,0,0,0.009462282064560677,0.0,0.13102217191831805,none,none
wroclaw_2024_2025,15,13246,0,0,0.009462282064560677,0.0,0.1421414218992126,none,none
wroclaw_2024_2025,15,13247,0,0,0.0,0.0,0.13605702444987522,none,none
wroclaw_2024_2025,15,13248,0,0,0.0,0.0,0.12882880323887755,none,none
wroclaw_2024_2025,15,13249,0,0,0.0,0.0,0.13376935748454277,none,none
wroclaw_2024_2025,15,13250,0,0,0.0,0.0,0.1274841514825749,none,none
wroclaw_2024_2025,15,13251,0,0,0.0,0.0,0.1316003858395607,none,none
wroclaw_2024_2025,15,13252,0,0,0.0,0.0,0.126269419550798,none,none
wroclaw_2024_2025,15,13253,0,0,0.0,0.0,0.13713520201857365,none,none
wroclaw_2024_2025,15,13254,0,0,0.04209742862165407,0.0,0.14183609778424214,none,none
wroclaw_2024_2025,15,13255,0,0,0.009462282064560677,0.0,0.13965245297347365,none,none
wroclaw_2024_2025,15,13256,0,0,0.027662585190378567,0.0,0.14084849280811937,none,none
wroclaw_2024_2025,15,13257,0,0,0.0047311410322803385,0.0,0.1296741550714312,none,none
wroclaw_2024_2025,15,13258,0,0,0.009462282064560677,0.0,0.13420951490684382,none,none
wroclaw_2024_2025,15,13259,0,0,0.009462282064560677,0.0,0.12988398673241594,none,none
wroclaw_2024_2025,15,13260,0,0,0.0,0.0,0.13215285614850242,none,none
wroclaw_2024_2025,15,13261,0,0,0.0,0.0,0.13113546044710359,none,none
wroclaw_2024_2025,15,13262,0,0,0.0,0.0,0.13162761480452004,none,none
wroclaw_2024_2025,15,13263,0,0,0.0,0.0,0.13337393362973643,none,none
wroclaw_2024_2025,15,13264,0,0,0.0,0.0,0.13402245992449274,none,none
wroclaw_2024_2025,15,13265,0,0,0.0,0.0,0.13611223993535987,none,none
wroclaw_2024_2025,15,13266,0,0,0.0,0.0,0.12659618847533527,none,none
wroclaw_2024_2025,15,13267,0,0,0.0,0.0,0.12185428205848918,none,none
wroclaw_2024_2025,15,13268,0,0,0.0,0.0,0.13146093177540946,none,none
wroclaw_2024_2025,15,13269,0,0,0.0,0.0,0.14037898186033718,none,none
wroclaw_2024_2025,15,13270,0,0,0.0,0.0,0.13866828245690696,none,none
wroclaw_2024_2025,15,13271,0,0,0.0,0.0,0.13361096934156083,none,none
wroclaw_2024_2025,15,13272,0,0,0.0,0.0,0.16939716173530295,none,none
wroclaw_2024_2025,15,13273,0,0,0.0,0.0,0.18062905491817305,none,none
wroclaw_2024_2025,15,13274,0,0,0.0,0.0,0.19792361187600022,none,none
wroclaw_2024_2025,15,13275,0,0,0.0,0.0,0.20755134517189788,none,none
wroclaw_2024_2025,15,13276,0,0,0.0,0.0,0.2069677600940481,none,none
wroclaw_2024_2025,15,13277,0,0,0.0047311410322803385,0.0,0.2069677600940481,none,none
wroclaw_2024_2025,15,13278,0,0,0.0047311410322803385,0.0,0.20836877324848743,none,none
wroclaw_2024_2025,15,13279,0,0,0.0,0.0,0.21029208732280671,none,none
wroclaw_2024_2025,15,13280,0,0,0.009462282064560677,0.0,0.21248504780288804,none,none
wroclaw_2024_2025,15,13281,0,0,0.0047311410322803385,0.0,0.21090947279476033,none,none
wroclaw_2024_2025,15,13282,0,0,0.014193423096841013,0.0,0.21076314427477913,none,none
wroclaw_2024_2025,15,13283,0,0,0.009462282064560677,0.0,0.21305955965790735,none,none
wroclaw_2024_2025,15,13284,0,0,0.009462282064560677,0.0,0.21218029528264562,none,none
wroclaw_2024_2025,15,13285,0,0,0.0,0.0,0.212033813194146,none,none
wroclaw_2024_2025,15,13286,0,0,0.0,0.0,0.21144806183039852,none,none
wroclaw_2024_2025,15,13287,0,0,0.0,0.0,0.21668874124480728,none,none
wroclaw_2024_2025,15,13288,0,0,0.0,0.0,0.21820458894854317,none,none
wroclaw_2024_2025,15,13289,0,0,0.0,0.0,0.21299260036845127,none,none
wroclaw_2024_2025,15,13290,0,0,0.037014162289838684,0.0,0.21537302960746757,none,none
wroclaw_2024_2025,15,13291,0,0,0.041614587952785095,0.0,0.215059280671769,none,none
wroclaw_2024_2025,15,13292,0,0,0.0,0.0,0.2154998771235565,none,none
wroclaw_2024_2025,15,13293,0,0,0.0,0.0,0.21583995724934107,none,none
wroclaw_2024_2025,15,13294,0,0,0.0,0.0,0.22028365406353942,none,none
wroclaw_2024_2025,15,13295,0,0,0.0,0.0,0.2201361927503133,none,none
wroclaw_2024_2025,15,13296,0,0,0.0,0.0,0.2191862486856487,none,none
wroclaw_2024_2025,15,13297,0,0,0.0,0.0,0.2191862486856487,none,none
wroclaw_2024_2025,15,13298,0,0,0.0,0.0,0.2179617745594017,none,none
wroclaw_2024_2025,15,13299,0,0,0.0,0.0,0.21312013356182202,none,none
wroclaw_2024_2025,15,13300,0,0,0.005,0.0,0.2133598853042246,none,none
wroclaw_2024_2025,15,13301,0,0,0.005,0.0,0.21820248316653118,none,none
wroclaw_2024_2025,15,13302,0,0,0.0047311410322803385,0.0,0.21712607681841442,none,none
wroclaw_2024_2025,15,13303,0,0,0.0047311410322803385,0.0,0.21697899707260956,none,none
wroclaw_2024_2025,15,13304,0,0,0.0,0.0,0.21453054495672474,none,none
wroclaw_2024_2025,15,13305,0,0,0.0047311410322803385,0.0,0.20884644588571166,none,none
wroclaw_2024_2025,15,13306,0,0,0.0,0.0,0.21056265775072064,none,none
wroclaw_2024_2025,15,13307,0,0,0.0,0.0,0.20480902791913957,none,none
wroclaw_2024_2025,15,13308,0,0,0.013952002762406525,0.0,0.20608512141464894,none,none
wroclaw_2024_2025,15,13309,0,0,0.009220861730126189,0.0,0.20739762414170915,none,none
wroclaw_2024_2025,15,13310,0,0,0.023172864492532717,0.0,0.20851921387716618,none,none
wroclaw_2024_2025,15,13311,0,0,0.023414284826967204,0.0,0.20851921387716618,none,none
wroclaw_2024_2025,15,13312,0,0,0.019193423096841012,0.0,0.21185657444725534,none,none
wroclaw_2024_2025,15,13313,0,0,0.014462282064560676,0.0,0.2111913927119391,none,none
wroclaw_2024_2025,15,13314,0,0,0.014462282064560676,0.0,0.19155351049105485,none,none
wroclaw_2024_2025,15,13315,0,0,0.03314542585924754,0.0,0.18190133361855268,none,none
wroclaw_2024_2025,15,13316,0,0,0.009462282064560677,0.0,0.15521533980208396,none,none
wroclaw_2024_2025,15,13317,0,0,0.0,0.0,0.1574475167024196,none,none
wroclaw_2024_2025,15,13318,0,0,0.0044897206978458505,0.0,0.15812623481367483,none,none
wroclaw_2024_2025,15,13319,0,0,0.0047311410322803385,0.0,0.15457367092005544,none,none
wroclaw_2024_2025,15,13320,0,0,0.0,0.0,0.14735231467886173,none,none
wroclaw_2024_2025,15,13321,0,0,0.0,0.0,0.14443883495289875,none,none
wroclaw_2024_2025,15,13322,0,0,0.0047311410322803385,0.0,0.14131222979872898,none,none
wroclaw_2024_2025,15,13323,0,0,0.0047311410322803385,0.0,0.14084003769088135,none,none
wroclaw_2024_2025,15,13324,0,0,0.0,0.0,0.1480397605236324,none,none
wroclaw_2024_2025,15,13325,0,0,0.009462282064560677,0.0,0.14947747470485767,none,none
wroclaw_2024_2025,15,13326,0,0,0.027904005524813057,0.0,0.14668783497308382,none,none
wroclaw_2024_2025,15,13327,0,0,0.027904005524813057,0.0,0.1470308657744714,none,none
wroclaw_2024_2025,15,13328,0,0,0.0047311410322803385,0.0,0.14102517750809446,none,none
wroclaw_2024_2025,15,13329,0,0,0.0,0.0,0.1341602691935599,none,none
wroclaw_2024_2025,15,13330,0,0,0.0047311410322803385,0.0,0.1268258769315124,none,none
wroclaw_2024_2025,15,13331,0,0,0.037366287589373735,0.0,0.13344758597603798,none,none
wroclaw_2024_2025,15,13332,0,0,0.014462282064560676,0.0,0.13046237166975685,none,none
wroclaw_2024_2025,15,13333,0,0,0.009462282064560677,0.0,0.13326912516956385,none,none
wroclaw_2024_2025,15,13334,0,0,0.032635146557093396,0.0,0.13289123015043697,none,none
wroclaw_2024_2025,15,13335,0,0,0.009462282064560677,0.0,0.12788738184754508,none,none
wroclaw_2024_2025,15,13336,0,0,0.023172864492532717,0.0,0.12684185017376357,none,none
wroclaw_2024_2025,15,13337,0,0,0.0047311410322803385,0.0,0.1250402605665654,none,none
wroclaw_2024_2025,15,13338,0,0,0.0047311410322803385,0.0,0.12909368259146356,none,none
wroclaw_2024_2025,15,13339,0,0,0.0047311410322803385,0.0,0.12502937168378395,none,none
wroclaw_2024_2025,15,13340,0,0,0.009462282064560677,0.0,0.11604641002608822,none,none
wroclaw_2024_2025,15,13341,0,0,0.009220861730126189,0.0,0.12731517089509214,none,none
wroclaw_2024_2025,15,13342,0,0,0.009220861730126189,0.0,0.1342021265857639,none,none
wroclaw_2024_2025,15,13343,0,0,0.0044897206978458505,0.0,0.13489669293027637,none,none
wroclaw_2024_2025,15,13344,0,0,0.0044897206978458505,0.0,0.13888641596585646,none,none
wroclaw_2024_2025,15,13345,0,0,0.0044897206978458505,0.0,0.12169216944195468,none,none
wroclaw_2024_2025,15,13346,0,0,0.009351577099460114,0.0,0.12770212057142277,none,none
wroclaw_2024_2025,15,13347,0,0,0.009220861730126189,0.0,0.1265416698202833,none,none
wroclaw_2024_2025,15,13348,0,0,0.0044897206978458505,0.0,0.12370807311654979,none,none
wroclaw_2024_2025,15,13349,0,0,0.0044897206978458505,0.0,0.1279747171641165,none,none
wroclaw_2024_2025,15,13350,0,0,0.0,0.0,0.13508998827036323,none,none
wroclaw_2024_2025,15,13351,0,0,0.0,0.0,0.1418650940164424,none,none
wroclaw_2024_2025,15,13352,0,0,0.0,0.0,0.14561402581138255,none,none
wroclaw_2024_2025,15,13353,0,0,0.0,0.0,0.13995818954102487,none,none
wroclaw_2024_2025,15,13354,0,0,0.0,0.0,0.1421519533217194,none,none
wroclaw_2024_2025,15,13355,0,0,0.0,0.0,0.13778173667367175,none,none
wroclaw_2024_2025,15,13356,0,0,0.0,0.0,0.1366150531984518,none,none
wroclaw_2024_2025,15,13357,0,0,0.0,0.0,0.1394285681932116,none,none
wroclaw_2024_2025,15,13358,0,0,0.0,0.0,0.13279981145864075,none,none
wroclaw_2024_2025,15,13359,0,0,0.0,0.0,0.1411178048128573,none,none
wroclaw_2024_2025,15,13360,0,0,0.0,0.0,0.1340931111031389,none,none
wroclaw_2024_2025,15,13361,0,0,0.0,0.0,0.1216326112070765,none,none
wroclaw_2024_2025,15,13362,0,0,0.0,0.0,0.13279818473757332,none,none
wroclaw_2024_2025,15,13363,0,0,0.0047311410322803385,0.0,0.12585350416793312,none,none
wroclaw_2024_2025,15,13364,0,0,0.0047311410322803385,0.0,0.12085377030294749,none,none
wroclaw_2024_2025,15,13365,0,0,0.0047311410322803385,0.0,0.12787439845514817,none,none
wroclaw_2024_2025,15,13366,0,0,0.0,0.0,0.13425215847206617,none,none
wroclaw_2024_2025,15,13367,0,0,0.0044897206978458505,0.0,0.13347931432090412,none,none
wroclaw_2024_2025,15,13368,0,0,0.0044897206978458505,0.0,0.17107707995448473,none,none
wroclaw_2024_2025,15,13369,0,0,0.0,0.0,0.18189018977157043,none,none
wroclaw_2024_2025,15,13370,0,0,0.0,0.0,0.19857806462914737,none,none
wroclaw_2024_2025,15,13371,0,0,0.0,0.0,0.2087952440023493,none,none
wroclaw_2024_2025,15,13372,0,0,0.0047311410322803385,0.0,0.20967205300442046,none,none
wroclaw_2024_2025,15,13373,0,0,0.0047311410322803385,0.0,0.20835707785731808,none,none
wroclaw_2024_2025,15,13374,0,0,0.0047311410322803385,0.0,0.21023351842518764,none,none
wroclaw_2024_2025,15,13375,0,0,0.0047311410322803385,0.0,0.20924527290669084,none,none
wroclaw_2024_2025,15,13376,0,0,0.0047311410322803385,0.0,0.21243810755959766,none,none
wroclaw_2024_2025,15,13377,0,0,0.018924564129121354,0.0,0.2138254600000615,none,none
wroclaw_2024_2025,15,13378,0,0,0.018924564129121354,0.0,0.2128460201195163,none,none
wroclaw_2024_2025,15,13379,0,0,0.014193423096841013,0.0,0.21568207628899358,none,none
wroclaw_2024_2025,15,13380,0,0,0.018683143794686864,0.0,0.21465411226127243,none,none
wroclaw_2024_2025,15,13381,0,0,0.0047311410322803385,0.0,0.21279429399441946,none,none
wroclaw_2024_2025,15,13382,0,0,0.03712486725493925,0.0,0.213460356037062,none,none
wroclaw_2024_2025,15,13383,0,0,0.009220861730126189,0.0,0.2142400053042539,none,none
wroclaw_2024_2025,15,13384,0,0,0.0047311410322803385,0.0,0.213460356037062,none,none
wroclaw_2024_2025,15,13385,0,0,0.0044897206978458505,0.0,0.2183497107785064,none,none
wroclaw_2024_2025,15,13386,0,0,0.0,0.0,0.21882513961861536,none,none
wroclaw_2024_2025,15,13387,0,0,0.0,0.0,0.2200512148900309,none,none
wroclaw_2024_2025,15,13388,0,0,0.0,0.0,0.2214017455022278,none,none
wroclaw_2024_2025,15,13389,0,0,0.0047311410322803385,0.0,0.22032251227899374,none,none
wroclaw_2024_2025,15,13390,0,0,0.009462282064560677,0.0,0.2194409710313417,none,none
wroclaw_2024_2025,15,13391,0,0,0.013952002762406525,0.0,0.2197357434252482,none,none
wroclaw_2024_2025,15,13392,0,0,0.013952002762406525,0.0,0.2191698696232251,none,none
wroclaw_2024_2025,15,13393,0,0,0.0047311410322803385,0.0,0.22295013405299638,none,none
wroclaw_2024_2025,15,13394,0,0,0.0,0.0,0.22672681447988535,none,none
wroclaw_2024_2025,15,13395,0,0,0.0,0.0,0.22506459005907778,none,none
wroclaw_2024_2025,15,13396,0,0,0.0,0.0,0.22058949207671902,none,none
wroclaw_2024_2025,15,13397,0,0,0.0047311410322803385,0.0,0.21869430631379733,none,none
wroclaw_2024_2025,15,13398,0,0,0.0047311410322803385,0.0,0.2194773183983054,none,none
wroclaw_2024_2025,15,13399,0,0,0.0047311410322803385,0.0,0.21443369068233983,none,none
wroclaw_2024_2025,15,13400,0,0,0.0047311410322803385,0.0,0.21259419982118716,none,none
wroclaw_2024_2025,15,13401,0,0,0.0047311410322803385,0.0,0.21318050535800434,none,none
wroclaw_2024_2025,15,13402,0,0,0.04185600828721959,0.0,0.21554345589285034,none,none
wroclaw_2024_2025,15,13403,0,0,0.009220861730126189,0.0,0.21510284364455678,none,none
wroclaw_2024_2025,15,13404,0,0,0.009592997433894601,0.0,0.20852167557048965,none,none
wroclaw_2024_2025,15,13405,0,0,0.03239372622265891,0.0,0.2100624831055402,none,none
wroclaw_2024_2025,15,13406,0,0,0.027904005524813057,0.0,0.213360614447411,none,none
wroclaw_2024_2025,15,13407,0,0,0.018683143794686864,0.0,0.2130673827249494,none,none
wroclaw_2024_2025,15,13408,0,0,0.037635146557093394,0.0,0.21555913487354728,none,none
wroclaw_2024_2025,15,13409,0,0,0.02854500019630113,0.0,0.21641730319413188,none,none
wroclaw_2024_2025,15,13410,0,0,0.04709742862165407,0.0,0.21935793131375644,none,none
wroclaw_2024_2025,15,13411,0,0,0.056856008287219574,0.0,0.17744705369359612,none,none
wroclaw_2024_2025,15,13412,0,0,0.036883446920504756,0.0,0.16527416989366306,none,none
wroclaw_2024_2025,15,13413,0,0,0.01371058242797204,0.0,0.15208732489719776,none,none
wroclaw_2024_2025,15,13414,0,0,0.018441723460252378,0.0,0.14973317187914006,none,none
wroclaw_2024_2025,15,13415,0,0,0.0044897206978458505,0.0,0.15340148301876047,none,none
wroclaw_2024_2025,15,13416,0,0,0.0044897206978458505,0.0,0.152243078981105,none,none
wroclaw_2024_2025,15,13417,0,0,0.0,0.0,0.1487069121609547,none,none
wroclaw_2024_2025,15,13418,0,0,0.0,0.0,0.14905506806625632,none,none
wroclaw_2024_2025,15,13419,0,0,0.009462282064560677,0.0,0.14759935507703859,none,none
wroclaw_2024_2025,15,13420,0,0,0.009462282064560677,0.0,0.1456392541481686,none,none
wroclaw_2024_2025,15,13421,0,0,0.0047311410322803385,0.0,0.15204312370633008,none,none
wroclaw_2024_2025,15,13422,0,0,0.009462282064560677,0.0,0.1571586914257455,none,none
wroclaw_2024_2025,15,13423,0,0,0.014324138466174939,0.0,0.15196749579188096,none,none
wroclaw_2024_2025,15,13424,0,0,0.014193423096841013,0.0,0.15237240595857515,none,none
wroclaw_2024_2025,15,13425,0,0,0.014193423096841013,0.0,0.15225545563592707,none,none
wroclaw_2024_2025,15,13426,0,0,0.014193423096841013,0.0,0.14692708596412385,none,none
wroclaw_2024_2025,15,13427,0,0,0.023655705161401693,0.0,0.14981846707154683,none,none
wroclaw_2024_2025,15,13428,0,0,0.023655705161401693,0.0,0.14722235863120425,none,none
wroclaw_2024_2025,15,13429,0,0,0.018924564129121354,0.0,0.15118733518831512,none,none
wroclaw_2024_2025,15,13430,0,0,0.009462282064560677,0.0,0.15186703434796728,none,none
wroclaw_2024_2025,15,13431,0,0,0.009462282064560677,0.0,0.14872465516280808,none,none
wroclaw_2024_2025,15,13432,0,0,0.014193423096841013,0.0,0.1505641719097301,none,none
wroclaw_2024_2025,15,13433,0,0,0.014193423096841013,0.0,0.1507977410876847,none,none
wroclaw_2024_2025,15,13434,0,0,0.014193423096841013,0.0,0.14752035813715092,none,none
wroclaw_2024_2025,15,13435,0,0,0.019193423096841012,0.0,0.14300516560785476,none,none
wroclaw_2024_2025,15,13436,0,0,0.013952002762406525,0.0,0.13871309599231385,none,none
wroclaw_2024_2025,15,13437,0,0,0.013952002762406525,0.0,0.13134318542684448,none,none
wroclaw_2024_2025,15,13438,0,0,0.014462282064560676,0.0,0.1312064718428536,none,none
wroclaw_2024_2025,15,13439,0,0,0.014462282064560676,0.0,0.12967091060862454,none,none
wroclaw_2024_2025,15,13440,0,0,0.014592997433894599,0.0,0.12304779618693712,none,none
wroclaw_2024_2025,15,13441,0,0,0.009731141032280339,0.0,0.13097612572990683,none,none
wroclaw_2024_2025,15,13442,0,0,0.014324138466174939,0.0,0.12549103773718348,none,none
wroclaw_2024_2025,15,13443,0,0,0.004861856401614262,0.0,0.12028568852678242,none,none
wroclaw_2024_2025,15,13444,0,0,0.009592997433894601,0.0,0.12338139371258544,none,none
wroclaw_2024_2025,15,13445,0,0,0.0145929974338946,0.0,0.1199229622624508,none,none
wroclaw_2024_2025,15,13446,0,0,0.0145929974338946,0.0,0.13506312614759666,none,none
wroclaw_2024_2025,15,13447,0,0,0.009861856401614261,0.0,0.12763588326983968,none,none
wroclaw_2024_2025,15,13448,0,0,0.014351577099460113,0.0,0.1266116424952138,none,none
wroclaw_2024_2025,15,13449,0,0,0.009351577099460114,0.0,0.12290369390968313,none,none
wroclaw_2024_2025,15,13450,0,0,0.014351577099460113,0.0,0.11913286958193292,none,none
wroclaw_2024_2025,15,13451,0,0,0.009861856401614261,0.0,0.11851932834110937,none,none
wroclaw_2024_2025,15,13452,0,0,0.0,0.0,0.12238683132883528,none,none
wroclaw_2024_2025,15,13453,0,0,0.0,0.0,0.11876804853381928,none,none
wroclaw_2024_2025,15,13454,0,0,0.0,0.0,0.11560347866036948,none,none
wroclaw_2024_2025,15,13455,0,0,0.0,0.0,0.13503430264284094,none,none
wroclaw_2024_2025,15,13456,0,0,0.0,0.0,0.12270516035441979,none,none
wroclaw_2024_2025,15,13457,0,0,0.0,0.0,0.12911295280170965,none,none
wroclaw_2024_2025,15,13458,0,0,0.0,0.0,0.11497799441343977,none,none
wroclaw_2024_2025,15,13459,0,0,0.0047311410322803385,0.0,0.12465239716271931,none,none
wroclaw_2024_2025,15,13460,0,0,0.0,0.0,0.12347160676739984,none,none
wroclaw_2024_2025,15,13461,0,0,0.0,0.0,0.12920875870878543,none,none
wroclaw_2024_2025,15,13462,0,0,0.0,0.0,0.13426915455399618,none,none
wroclaw_2024_2025,15,13463,0,0,0.0,0.0,0.13130307944532327,none,none
wroclaw_2024_2025,15,13464,0,0,0.004861856401614262,0.0,0.16938297862079868,none,none
wroclaw_2024_2025,15,13465,0,0,0.004861856401614262,0.0,0.18458155234246965,none,none
wroclaw_2024_2025,15,13466,0,0,0.0,0.0,0.19843903137755947,none,none
wroclaw_2024_2025,15,13467,0,0,0.0,0.0,0.20732362235882174,none,none
wroclaw_2024_2025,15,13468,0,0,0.0,0.0,0.20716604329614066,none,none
wroclaw_2024_2025,15,13469,0,0,0.0,0.0,0.2094673421977703,none,none
wroclaw_2024_2025,15,13470,0,0,0.0047311410322803385,0.0,0.2108829765198769,none,none
wroclaw_2024_2025,15,13471,0,0,0.009462282064560677,0.0,0.2108829765198769,none,none
wroclaw_2024_2025,15,13472,0,0,0.009462282064560677,0.0,0.21523094317871605,none,none
wroclaw_2024_2025,15,13473,0,0,0.009462282064560677,0.0,0.2133737265477465,none,none
wroclaw_2024_2025,15,13474,0,0,0.009462282064560677,0.0,0.21281080428559462,none,none
wroclaw_2024_2025,15,13475,0,0,0.009462282064560677,0.0,0.2146305999253928,none,none
wroclaw_2024_2025,15,13476,0,0,0.014193423096841013,0.0,0.18811812819340978,none,none
wroclaw_2024_2025,15,13477,0,0,0.009220861730126189,0.0,0.21176877183565118,none,none
wroclaw_2024_2025,15,13478,0,0,0.009462282064560677,0.0,0.2085524211016546,none,none
wroclaw_2024_2025,15,13479,0,0,0.013952002762406525,0.0,0.21615914704121655,none,none
wroclaw_2024_2025,15,13480,0,0,0.009220861730126189,0.0,0.21914925670813806,none,none
wroclaw_2024_2025,15,13481,0,0,0.013952002762406525,0.0,0.2173825404615062,none,none
wroclaw_2024_2025,15,13482,0,0,0.014193423096841013,0.0,0.2173825404615062,none,none
wroclaw_2024_2025,15,13483,0,0,0.03239372622265891,0.0,0.22017803562384328,none,none
wroclaw_2024_2025,15,13484,0,0,0.009462282064560677,0.0,0.21664716452462898,none,none
wroclaw_2024_2025,15,13485,0,0,0.009462282064560677,0.0,0.2212908483623218,none,none
wroclaw_2024_2025,15,13486,0,0,0.013952002762406528,0.0,0.2212908483623218,none,none
wroclaw_2024_2025,15,13487,0,0,0.0,0.0,0.22096200100564162,none,none
wroclaw_2024_2025,15,13488,0,0,0.041614587952785095,0.0,0.22284617995226302,none,none
wroclaw_2024_2025,15,13489,0,0,0.05134572898506543,0.0,0.22199530341130486,none,none
wroclaw_2024_2025,15,13490,0,0,0.0047311410322803385,0.0,0.219602328103696,none,none
wroclaw_2024_2025,15,13491,0,0,0.036883446920504756,0.0,0.2187537086883564,none,none
wroclaw_2024_2025,15,13492,0,0,0.0,0.0,0.22235786768355253,none,none
wroclaw_2024_2025,15,13493,0,0,0.0,0.0,0.2186270359937497,none,none
wroclaw_2024_2025,15,13494,0,0,0.009462282064560677,0.0,0.21612899501148777,none,none
wroclaw_2024_2025,15,13495,0,0,0.009731141032280339,0.0,0.21114826461393763,none,none
wroclaw_2024_2025,15,13496,0,0,0.009731141032280339,0.0,0.2111916763263054,none,none
wroclaw_2024_2025,15,13497,0,0,0.008979441395691701,0.0,0.208580582104198,none,none
wroclaw_2024_2025,15,13498,0,0,0.01422086173012619,0.0,0.21472159695851503,none,none
wroclaw_2024_2025,15,13499,0,0,0.013952002762406525,0.0,0.21472159695851503,none,none
wroclaw_2024_2025,15,13500,0,0,0.01371058242797204,0.0,0.21472159695851503,none,none
wroclaw_2024_2025,15,13501,0,0,0.013952002762406525,0.0,0.21472159695851503,none,none
wroclaw_2024_2025,15,13502,0,0,0.019193423096841012,0.0,0.21311086322509967,none,none
wroclaw_2024_2025,15,13503,0,0,0.018952002762406526,0.0,0.2144310116026385,none,none
wroclaw_2024_2025,15,13504,0,0,0.013952002762406528,0.0,0.21671134468442935,none,none
wroclaw_2024_2025,15,13505,0,0,0.032635146557093396,0.0,0.21715254019632343,none,none
wroclaw_2024_2025,15,13506,0,0,0.032635146557093396,0.0,0.21744675941360925,none,none
wroclaw_2024_2025,15,13507,0,0,0.028414284826967205,0.0,0.17312257334320277,none,none
wroclaw_2024_2025,15,13508,0,0,0.032904005524813054,0.0,0.16623386877682117,none,none
wroclaw_2024_2025,15,13509,0,0,0.028414284826967205,0.0,0.14884904031954577,none,none
wroclaw_2024_2025,15,13510,0,0,0.023683143794686865,0.0,0.1466923202156175,none,none
wroclaw_2024_2025,15,13511,0,0,0.023683143794686865,0.0,0.14590223253703102,none,none
wroclaw_2024_2025,15,13512,0,0,0.028414284826967205,0.0,0.14749857383119652,none,none
wroclaw_2024_2025,15,13513,0,0,0.013952002762406525,0.0,0.14906872437033566,none,none
wroclaw_2024_2025,15,13514,0,0,0.013952002762406525,0.0,0.14977273116685227,none,none
wroclaw_2024_2025,15,13515,0,0,0.009462282064560677,0.0,0.14827788350601728,none,none
wroclaw_2024_2025,15,13516,0,0,0.014193423096841013,0.0,0.14755245878099382,none,none
wroclaw_2024_2025,15,13517,0,0,0.018924564129121354,0.0,0.14630412812529478,none,none
wroclaw_2024_2025,15,13518,0,0,0.023655705161401693,0.0,0.1473557292616831,none,none
wroclaw_2024_2025,15,13519,0,0,0.033248702595296296,0.0,0.1460337405519226,none,none
wroclaw_2024_2025,15,13520,0,0,0.014193423096841013,0.0,0.14602545616533721,none,none
wroclaw_2024_2025,15,13521,0,0,0.014193423096841013,0.0,0.14875843913350703,none,none
wroclaw_2024_2025,15,13522,0,0,0.014193423096841013,0.0,0.15602310149495688,none,none
wroclaw_2024_2025,15,13523,0,0,0.04709742862165407,0.0,0.1462182375742049,none,none
wroclaw_2024_2025,15,13524,0,0,0.014193423096841013,0.0,0.15583776656871268,none,none
wroclaw_2024_2025,15,13525,0,0,0.04682856965393441,0.0,0.15799139384363992,none,none
wroclaw_2024_2025,15,13526,0,0,0.028386846193682033,0.0,0.1496308250907565,none,none
wroclaw_2024_2025,15,13527,0,0,0.06551171344862128,0.0,0.1527198975948494,none,none
wroclaw_2024_2025,15,13528,0,0,0.06527029311418678,0.0,0.14604962152545706,none,none
wroclaw_2024_2025,15,13529,0,0,0.06575313378305576,0.0,0.14323334455765532,none,none
wroclaw_2024_2025,15,13530,0,0,0.03760770792380822,0.0,0.14233297809372314,none,none
wroclaw_2024_2025,15,13531,0,0,0.023172864492532717,0.0,0.14346542554802322,none,none
wroclaw_2024_2025,15,13532,0,0,0.028145425859247543,0.0,0.14264228878614488,none,none
wroclaw_2024_2025,15,13533,0,0,0.009462282064560677,0.0,0.14143256052500447,none,none
wroclaw_2024_2025,15,13534,0,0,0.03811798722596237,0.0,0.1380120229099256,none,none
wroclaw_2024_2025,15,13535,0,0,0.023655705161401693,0.0,0.13700036657857723,none,none
wroclaw_2024_2025,15,13536,0,0,0.023655705161401693,0.0,0.13628055289123955,none,none
wroclaw_2024_2025,15,13537,0,0,0.018924564129121354,0.0,0.13612125008359288,none,none
wroclaw_2024_2025,15,13538,0,0,0.014324138466174939,0.0,0.13614324266671537,none,none
wroclaw_2024_2025,15,13539,0,0,0.0047311410322803385,0.0,0.13796796582128804,none,none
wroclaw_2024_2025,15,13540,0,0,0.009462282064560677,0.0,0.13264476836180716,none,none
wroclaw_2024_2025,15,13541,0,0,0.018924564129121354,0.0,0.13932687530326796,none,none
wroclaw_2024_2025,15,13542,0,0,0.047600279694756414,0.0,0.1426304685428283,none,none
wroclaw_2024_2025,15,13543,0,0,0.019185994867789203,0.0,0.14409505537937808,none,none
wroclaw_2024_2025,15,13544,0,0,0.009723712803228524,0.0,0.14996678920473638,none,none
wroclaw_2024_2025,15,13545,0,0,0.014324138466174939,0.0,0.1324031691184433,none,none
wroclaw_2024_2025,15,13546,0,0,0.004861856401614262,0.0,0.1422494519306442,none,none
wroclaw_2024_2025,15,13547,0,0,0.009592997433894601,0.0,0.13723042484919085,none,none
wroclaw_2024_2025,15,13548,0,0,0.009592997433894601,0.0,0.1375383539179464,none,none
wroclaw_2024_2025,15,13549,0,0,0.004861856401614262,0.0,0.13457292385155648,none,none
wroclaw_2024_2025,15,13550,0,0,0.0047311410322803385,0.0,0.13071306394151627,none,none
wroclaw_2024_2025,15,13551,0,0,0.019193423096841012,0.0,0.13380541662741555,none,none
wroclaw_2024_2025,15,13552,0,0,0.019324138466174937,0.0,0.13025944250851482,none,none
wroclaw_2024_2025,15,13553,0,0,0.014592997433894599,0.0,0.1294401943069828,none,none
wroclaw_2024_2025,15,13554,0,0,0.014723712803228524,0.0,0.13164320731656526,none,none
wroclaw_2024_2025,15,13555,0,0,0.014351577099460113,0.0,0.13331276458454694,none,none
wroclaw_2024_2025,15,13556,0,0,0.009861856401614261,0.0,0.13929139933003415,none,none
wroclaw_2024_2025,15,13557,0,0,0.024193423096841013,0.0,0.1407128201975414,none,none
wroclaw_2024_2025,15,13558,0,0,0.0047311410322803385,0.0,0.1494750535286009,none,none
wroclaw_2024_2025,15,13559,0,0,0.0,0.0,0.16414866986524995,none,none
wroclaw_2024_2025,15,13560,0,0,0.009592997433894601,0.0,0.17589837409914424,none,none
wroclaw_2024_2025,15,13561,0,0,0.0047311410322803385,0.0,0.19261091467541172,none,none
wroclaw_2024_2025,15,13562,0,0,0.009462282064560677,0.0,0.20956676374970248,none,none
wroclaw_2024_2025,15,13563,0,0,0.0047311410322803385,0.0,0.21078352557217658,none,none
wroclaw_2024_2025,15,13564,0,0,0.014193423096841013,0.0,0.20990591093923172,none,none
wroclaw_2024_2025,15,13565,0,0,0.009462282064560677,0.0,0.2138811387360541,none,none
wroclaw_2024_2025,15,13566,0,0,0.0047311410322803385,0.0,0.20960824415936688,none,none
wroclaw_2024_2025,15,13567,0,0,0.0047311410322803385,0.0,0.20626928429458802,none,none
wroclaw_2024_2025,15,13568,0,0,0.0,0.0,0.20579054568952895,none,none
wroclaw_2024_2025,15,13569,0,0,0.0,0.0,0.20728943773653347,none,none
wroclaw_2024_2025,15,13570,0,0,0.0,0.0,0.20703098694947475,none,none
wroclaw_2024_2025,15,13571,0,0,0.0,0.0,0.20798581660577484,none,none
wroclaw_2024_2025,15,13572,0,0,0.0,0.0,0.20769388380567003,none,none
wroclaw_2024_2025,15,13573,0,0,0.0,0.0,0.20526778960414888,none,none
wroclaw_2024_2025,15,13574,0,0,0.0047311410322803385,0.0,0.20387856618325853,none,none
wroclaw_2024_2025,15,13575,0,0,0.009462282064560677,0.0,0.2044606575944765,none,none
wroclaw_2024_2025,15,13576,0,0,0.0047311410322803385,0.0,0.20583499896967614,none,none
wroclaw_2024_2025,15,13577,0,0,0.0047311410322803385,0.0,0.20561013404663078,none,none
wroclaw_2024_2025,15,13578,0,0,0.009462282064560677,0.0,0.2076642362041852,none,none
wroclaw_2024_2025,15,13579,0,0,0.009220861730126189,0.0,0.2073723811201147,none,none
wroclaw_2024_2025,15,13580,0,0,0.013952002762406528,0.0,0.2062722505757818,none,none
wroclaw_2024_2025,15,13581,0,0,0.0047311410322803385,0.0,0.20704728147935966,none,none
wroclaw_2024_2025,15,13582,0,0,0.009462282064560677,0.0,0.21127901570340527,none,none
wroclaw_2024_2025,15,13583,0,0,0.0047311410322803385,0.0,0.20806584814510024,none,none
wroclaw_2024_2025,15,13584,0,0,0.0047311410322803385,0.0,0.2088420314365774,none,none
wroclaw_2024_2025,15,13585,0,0,0.028386846193682033,0.0,0.20769460954399166,none,none
wroclaw_2024_2025,15,13586,0,0,0.028386846193682033,0.0,0.2047185580198196,none,none
wroclaw_2024_2025,15,13587,0,0,0.023655705161401693,0.0,0.2071931609134021,none,none
wroclaw_2024_2025,15,13588,0,0,0.028386846193682033,0.0,0.2055103132876903,none,none
wroclaw_2024_2025,15,13589,0,0,0.023655705161401693,0.0,0.20116828154305777,none,none
wroclaw_2024_2025,15,13590,0,0,0.019193423096841012,0.0,0.20087799633026177,none,none
wroclaw_2024_2025,15,13591,0,0,0.018924564129121354,0.0,0.1968272259875872,none,none
wroclaw_2024_2025,15,13592,0,0,0.019193423096841012,0.0,0.1968272259875872,none,none
wroclaw_2024_2025,15,13593,0,0,0.019193423096841012,0.0,0.1968272259875872,none,none
wroclaw_2024_2025,15,13594,0,0,0.029193423096841014,0.0,0.1968272259875872,none,none
wroclaw_2024_2025,15,13595,0,0,0.024193423096841013,0.0,0.1968272259875872,none,none
wroclaw_2024_2025,15,13596,0,0,0.023655705161401693,0.0,0.20392654364112706,none,none
wroclaw_2024_2025,15,13597,0,0,0.018924564129121354,0.0,0.20771236453011396,none,none
wroclaw_2024_2025,15,13598,0,0,0.018924564129121354,0.0,0.20588305439609916,none,none
wroclaw_2024_2025,15,13599,0,0,0.014462282064560676,0.0,0.20094428687262236,none,none
wroclaw_2024_2025,15,13600,0,0,0.023414284826967204,0.0,0.2067067043778971,none,none
wroclaw_2024_2025,15,13601,0,0,0.0520699899883689,0.0,0.21137634633496316,none,none
wroclaw_2024_2025,15,13602,0,0,0.04233884895608856,0.0,0.21196206302330803,none,none
wroclaw_2024_2025,15,13603,0,0,0.04233884895608856,0.0,0.16529982123793618,none,none
wroclaw_2024_2025,15,13604,0,0,0.04706998998836889,0.0,0.15840245987021204,none,none
wroclaw_2024_2025,15,13605,0,0,0.08946371621102779,0.0,0.14722881716885855,none,none
wroclaw_2024_2025,15,13606,0,0,0.08446371621102781,0.0,0.1492329265571652,none,none
wroclaw_2024_2025,15,13607,0,0,0.10827757537504856,0.0,0.14485865880810006,none,none
wroclaw_2024_2025,15,13608,0,0,0.05131829035178025,0.0,0.14707448321390357,none,none
wroclaw_2024_2025,15,13609,0,0,0.05158714931949992,0.0,0.14870504599087542,none,none
wroclaw_2024_2025,15,13610,0,0,0.028145425859247543,0.0,0.14903337413842968,none,none
wroclaw_2024_2025,15,13611,0,0,0.018441723460252378,0.0,0.14827171652407858,none,none
wroclaw_2024_2025,15,13612,0,0,0.018683143794686864,0.0,0.14317418751505023,none,none
wroclaw_2024_2025,15,13613,0,0,0.023683143794686865,0.0,0.14408255064290723,none,none
wroclaw_2024_2025,15,13614,0,0,0.013952002762406528,0.0,0.15117805915735982,none,none
wroclaw_2024_2025,15,13615,0,0,0.018683143794686864,0.0,0.1460207308872647,none,none
wroclaw_2024_2025,15,13616,0,0,0.023414284826967204,0.0,0.1471781570416915,none,none
wroclaw_2024_2025,15,13617,0,0,0.03287656689152788,0.0,0.14445638875374753,none,none
wroclaw_2024_2025,15,13618,0,0,0.013952002762406528,0.0,0.15551413145689383,none,none
wroclaw_2024_2025,15,13619,0,0,0.018683143794686864,0.0,0.14763527262089515,none,none
wroclaw_2024_2025,15,13620,0,0,0.028145425859247543,0.0,0.14366619933668712,none,none
wroclaw_2024_2025,15,13621,0,0,0.028386846193682033,0.0,0.14320902301118973,none,none
wroclaw_2024_2025,15,13622,0,0,0.009462282064560677,0.0,0.14115697809071556,none,none
wroclaw_2024_2025,15,13623,0,0,0.014324138466174939,0.0,0.1341488422506953,none,none
wroclaw_2024_2025,15,13624,0,0,0.009592997433894601,0.0,0.13191491768515679,none,none
wroclaw_2024_2025,15,13625,0,0,0.0145929974338946,0.0,0.12797265003076463,none,none
wroclaw_2024_2025,15,13626,0,0,0.0145929974338946,0.0,0.13040959375863975,none,none
wroclaw_2024_2025,15,13627,0,0,0.03851756156301596,0.0,0.1310607564873813,none,none
wroclaw_2024_2025,15,13628,0,0,0.014324138466174939,0.0,0.1327444255433695,none,none
wroclaw_2024_2025,15,13629,0,0,0.009462282064560677,0.0,0.1283807988557359,none,none
wroclaw_2024_2025,15,13630,0,0,0.0047311410322803385,0.0,0.1347728002794128,none,none
wroclaw_2024_2025,15,13631,0,0,0.009731141032280339,0.0,0.1388743976634916,none,none
wroclaw_2024_2025,15,13632,0,0,0.009462282064560677,0.0,0.13304300454687923,none,none
wroclaw_2024_2025,15,13633,0,0,0.014193423096841013,0.0,0.1355620693044066,none,none
wroclaw_2024_2025,15,13634,0,0,0.0047311410322803385,0.0,0.13646809854783037,none,none
wroclaw_2024_2025,15,13635,0,0,0.009462282064560677,0.0,0.13307177748383264,none,none
wroclaw_2024_2025,15,13636,0,0,0.028924564129121356,0.0,0.13464490672490304,none,none
wroclaw_2024_2025,15,13637,0,0,0.0047311410322803385,0.0,0.13553921358820606,none,none
wroclaw_2024_2025,15,13638,0,0,0.009462282064560677,0.0,0.13708275160441785,none,none
wroclaw_2024_2025,15,13639,0,0,0.023786420530735618,0.0,0.13467785289132417,none,none
wroclaw_2024_2025,15,13640,0,0,0.053379417964630214,0.0,0.13167606632401033,none,none
wroclaw_2024_2025,15,13641,0,0,0.0578417000291909,0.0,0.12587593072544762,none,none
wroclaw_2024_2025,15,13642,0,0,0.047228143990988,0.0,0.12815858976620387,none,none
wroclaw_2024_2025,15,13643,0,0,0.02854500019630113,0.0,0.13302833475525863,none,none
wroclaw_2024_2025,15,13644,0,0,0.029082718131740456,0.0,0.1327223809356768,none,none
wroclaw_2024_2025,15,13645,0,0,0.01473114103228034,0.0,0.12904247247248687,none,none
wroclaw_2024_2025,15,13646,0,0,0.03446228206456068,0.0,0.12924212668627208,none,none
wroclaw_2024_2025,15,13647,0,0,0.018952002762406526,0.0,0.12646391683200625,none,none
wroclaw_2024_2025,15,13648,0,0,0.02,0.0,0.13360344563757895,none,none
wroclaw_2024_2025,15,13649,0,0,0.02473114103228034,0.0,0.1309544202317531,none,none
wroclaw_2024_2025,15,13650,0,0,0.019193423096841012,0.0,0.13298435276202922,none,none
wroclaw_2024_2025,15,13651,0,0,0.01,0.0,0.1321850454217724,none,none
wroclaw_2024_2025,15,13652,0,0,0.023414284826967204,0.0,0.13251885875774352,none,none
wroclaw_2024_2025,15,13653,0,0,0.009462282064560677,0.0,0.13846875578486584,none,none
wroclaw_2024_2025,15,13654,0,0,0.0047311410322803385,0.0,0.13136440148164777,none,none
wroclaw_2024_2025,15,13655,0,0,0.009731141032280339,0.0,0.13259559058752268,none,none
wroclaw_2024_2025,15,13656,0,0,0.0,0.0,0.1337396600265991,none,none
wroclaw_2024_2025,15,13657,0,0,0.0,0.0,0.1660776029427121,none,none
wroclaw_2024_2025,15,13658,0,0,0.0047311410322803385,0.0,0.1674876494788003,none,none
wroclaw_2024_2025,15,13659,0,0,0.0,0.0,0.17295198279899046,none,none
wroclaw_2024_2025,15,13660,0,0,0.009462282064560677,0.0,0.17393897846803819,none,none
wroclaw_2024_2025,15,13661,0,0,0.0,0.0,0.15553374290668534,none,none
wroclaw_2024_2025,15,13662,0,0,0.009462282064560677,0.0,0.1847964778725348,none,none
wroclaw_2024_2025,15,13663,0,0,0.02392456412912135,0.0,0.15631339444252973,none,none
wroclaw_2024_2025,15,13664,0,0,0.01473114103228034,0.0,0.15959004857071404,none,none
wroclaw_2024_2025,15,13665,0,0,0.019462282064560677,0.0,0.1534859200382314,none,none
wroclaw_2024_2025,15,13666,0,0,0.01895200276240653,0.0,0.15654112515114837,none,none
wroclaw_2024_2025,15,13667,0,0,0.03865570516140169,0.0,0.16568378559091218,none,none
wroclaw_2024_2025,15,13668,0,0,0.03368314379468687,0.0,0.16136108942008373,none,none
wroclaw_2024_2025,15,13669,0,0,0.03371058242797204,0.0,0.15663689107831294,none,none
wroclaw_2024_2025,15,13670,0,0,0.04314542585924754,0.0,0.17232696969402161,none,none
wroclaw_2024_2025,15,13671,0,0,0.052662585190378565,0.0,0.1706910449909105,none,none
wroclaw_2024_2025,15,13672,0,0,0.05871058242797203,0.0,0.16195658038370883,none,none
wroclaw_2024_2025,15,13673,0,0,0.08266258519037857,0.0,0.16157958829523883,none,none
wroclaw_2024_2025,15,13674,0,0,0.052690023823663744,0.0,0.16681499807182318,none,none
wroclaw_2024_2025,15,13675,0,0,0.07634572898506542,0.0,0.16067202103679662,none,none
wroclaw_2024_2025,15,13676,0,0,0.07658714931949992,0.0,0.1600844101540299,none,none
wroclaw_2024_2025,15,13677,0,0,0.09615270812010934,0.0,0.15796928602599808,none,none
wroclaw_2024_2025,15,13678,0,0,0.09115270812010932,0.0,0.16079025908454192,none,none
wroclaw_2024_2025,15,13679,0,0,0.07776586192642732,0.0,0.1632809376507894,none,none
wroclaw_2024_2025,15,13680,0,0,0.0768211414248826,0.0,0.17170011746874897,none,none
wroclaw_2024_2025,15,13681,0,0,0.09209000039260226,0.0,0.16079281983076044,none,none
wroclaw_2024_2025,15,13682,0,0,0.09192441816093135,0.0,0.1503708722211057,none,none
wroclaw_2024_2025,15,13683,0,0,0.06725558262427317,0.0,0.14214983375274629,none,none
wroclaw_2024_2025,15,13684,0,0,0.05749700295870766,0.0,0.13088321141297893,none,none
wroclaw_2024_2025,15,13685,0,0,0.04327614122858146,0.0,0.12714543884320365,none,none
wroclaw_2024_2025,15,13686,0,0,0.12811199314337762,0.0,0.12013461803711238,none,none
wroclaw_2024_2025,15,13687,0,0,0.12461444198459505,0.0,0.11581443414752046,none,none
wroclaw_2024_2025,15,13688,0,0,0.10749700295870765,0.0,0.11832938876452445,none,none
wroclaw_2024_2025,15,13689,0,0,0.08131829035178026,0.0,0.11564720254754081,none,none
wroclaw_2024_2025,15,13690,0,0,0.04787656689152789,0.0,0.11612341810539258,none,none
wroclaw_2024_2025,15,13691,0,0,0.018924564129121354,0.0,0.11771233349498678,none,none
wroclaw_2024_2025,15,13692,0,0,0.03314542585924754,0.0,0.12031422807653318,none,none
wroclaw_2024_2025,15,13693,0,0,0.028414284826967205,0.0,0.11845285960523654,none,none
wroclaw_2024_2025,15,13694,0,0,0.03378642053073562,0.0,0.12348860525394564,none,none
wroclaw_2024_2025,15,13695,0,0,0.0432487025952963,0.0,0.12516186898456527,none,none
wroclaw_2024_2025,15,13696,0,0,0.029193423096841017,0.0,0.1199615864079868,none,none
wroclaw_2024_2025,15,13697,0,0,0.07206256175931709,0.0,0.12172849670276419,none,none
wroclaw_2024_2025,15,13698,0,0,0.056828569653934416,0.0,0.11260949346146429,none,none
wroclaw_2024_2025,15,13699,0,0,0.05658714931949992,0.0,0.11571478030005616,none,none
wroclaw_2024_2025,15,13700,0,0,0.06602199275077543,0.0,0.11965680748079939,none,none
wroclaw_2024_2025,15,13701,0,0,0.04260770792380822,0.0,0.11812759167530866,none,none
wroclaw_2024_2025,15,13702,0,0,0.04658714931949993,0.0,0.12185481767484432,none,none
wroclaw_2024_2025,15,13703,0,0,0.038276141228581466,0.0,0.12280833480825956,none,none
wroclaw_2024_2025,15,13704,0,0,0.023172864492532717,0.0,0.11909478239466413,none,none
wroclaw_2024_2025,15,13705,0,0,0.04174530332211902,0.0,0.12285870006125553,none,none
wroclaw_2024_2025,15,13706,0,0,0.01908271813174045,0.0,0.12373681673400976,none,none
wroclaw_2024_2025,15,13707,0,0,0.02803472089414698,0.0,0.1309170368043004,none,none
wroclaw_2024_2025,15,13708,0,0,0.037497002958707656,0.0,0.1204396435665813,none,none
wroclaw_2024_2025,15,13709,0,0,0.04198672365655351,0.0,0.12438909653831082,none,none
wroclaw_2024_2025,15,13710,0,0,0.009462282064560677,0.0,0.1315406283816852,none,none
wroclaw_2024_2025,15,13711,0,0,0.028172864492532715,0.0,0.12823558678921898,none,none
wroclaw_2024_2025,15,13712,0,0,0.03739372622265891,0.0,0.12628549787977217,none,none
wroclaw_2024_2025,15,13713,0,0,0.04671786468883385,0.0,0.1301132360181597,none,none
wroclaw_2024_2025,15,13714,0,0,0.042228143990987996,0.0,0.12515432743521726,none,none
wroclaw_2024_2025,15,13715,0,0,0.04236628758937373,0.0,0.1265856099732087,none,none
wroclaw_2024_2025,15,13716,0,0,0.042228143990987996,0.0,0.12718002038112325,none,none
wroclaw_2024_2025,15,13717,0,0,0.047228143990988,0.0,0.12886646570193716,none,none
wroclaw_2024_2025,15,13718,0,0,0.04671786468883385,0.0,0.12479445044437808,none,none
wroclaw_2024_2025,15,13719,0,0,0.03725558262427317,0.0,0.12321473179008238,none,none
wroclaw_2024_2025,15,13720,0,0,0.04211743902588744,0.0,0.1269210089278176,none,none
wroclaw_2024_2025,15,13721,0,0,0.014324138466174939,0.0,0.1410899171567222,none,none
wroclaw_2024_2025,15,13722,0,0,0.0566145879527851,0.0,0.13364789705626268,none,none
wroclaw_2024_2025,15,13723,0,0,0.06684858005816777,0.0,0.13657343508307268,none,none
wroclaw_2024_2025,15,13724,0,0,0.04790400552481306,0.0,0.150525369770348,none,none
wroclaw_2024_2025,15,13725,0,0,0.03841428482696721,0.0,0.1522389006093718,none,none
wroclaw_2024_2025,15,13726,0,0,0.07184858005816777,0.0,0.14066152433138898,none,none
wroclaw_2024_2025,15,13727,0,0,0.06687601869145295,0.0,0.14463827726045564,none,none
wroclaw_2024_2025,15,13728,0,0,0.08442789891673094,0.0,0.1324272786121809,none,none
wroclaw_2024_2025,15,13729,0,0,0.05198672365655352,0.0,0.12492273209149186,none,none
wroclaw_2024_2025,15,13730,0,0,0.0807731441872891,0.0,0.1265654201677243,none,none
wroclaw_2024_2025,15,13731,0,0,0.051579721090448116,0.0,0.12294737536577904,none,none
wroclaw_2024_2025,15,13732,0,0,0.05235885936032192,0.0,0.1262285097580512,none,none
wroclaw_2024_2025,15,13733,0,0,0.051717864688833846,0.0,0.12128664725666916,none,none
wroclaw_2024_2025,15,13734,0,0,0.023545000196301128,0.0,0.12676625440876121,none,none
wroclaw_2024_2025,15,13735,0,0,0.04235885936032192,0.0,0.1278577506055174,none,none
wroclaw_2024_2025,15,13736,0,0,0.051690426055548674,0.0,0.12420291242565411,none,none
wroclaw_2024_2025,15,13737,0,0,0.042228143990987996,0.0,0.12324907590050033,none,none
wroclaw_2024_2025,15,13738,0,0,0.04684858005816778,0.0,0.12036018977119796,none,none
wroclaw_2024_2025,15,13739,0,0,0.037627718328041584,0.0,0.1189336027589803,none,none
wroclaw_2024_2025,15,13740,0,0,0.04235885936032192,0.0,0.12076322820943612,none,none
wroclaw_2024_2025,15,13741,0,0,0.03276586192642732,0.0,0.11980951213193401,none,none
wroclaw_2024_2025,15,13742,0,0,0.04749700295870766,0.0,0.12334369826349181,none,none
wroclaw_2024_2025,15,13743,0,0,0.046959285023268335,0.0,0.1280547067886436,none,none
wroclaw_2024_2025,15,13744,0,0,0.047228143990988,0.0,0.1259511550679855,none,none
wroclaw_2024_2025,15,13745,0,0,0.042228143990987996,0.0,0.12048635665442117,none,none
wroclaw_2024_2025,15,13746,0,0,0.018683143794686864,0.0,0.13009385318255995,none,none
wroclaw_2024_2025,15,13747,0,0,0.03239372622265891,0.0,0.12944994771194937,none,none
wroclaw_2024_2025,15,13748,0,0,0.05634572898506543,0.0,0.12536257006348772,none,none
wroclaw_2024_2025,15,13749,0,0,0.04610430865063095,0.0,0.12485136600147645,none,none
wroclaw_2024_2025,15,13750,0,0,0.051076870017345774,0.0,0.12784272678195935,none,none
wroclaw_2024_2025,15,13751,0,0,0.037497002958707656,0.0,0.12740602552852365,none,none
wroclaw_2024_2025,15,13752,0,0,0.04647644435439936,0.0,0.13371285946881578,none,none
wroclaw_2024_2025,15,13753,0,0,0.042228143990987996,0.0,0.13791225314596778,none,none
wroclaw_2024_2025,15,13754,0,0,0.04198672365655351,0.0,0.13187663094595384,none,none
wroclaw_2024_2025,15,13755,0,0,0.02854500019630113,0.0,0.14282245912563696,none,none
wroclaw_2024_2025,15,13756,0,0,0.04623502401996487,0.0,0.1323005212960626,none,none
wroclaw_2024_2025,15,13757,0,0,0.055966165052245206,0.0,0.13265054206781599,none,none
wroclaw_2024_2025,15,13758,0,0,0.05623502401996487,0.0,0.1384353886181325,none,none
wroclaw_2024_2025,15,13759,0,0,0.028414284826967205,0.0,0.13401929465832332,none,none
wroclaw_2024_2025,15,13760,0,0,0.04712486725493926,0.0,0.13602240267908078,none,none
wroclaw_2024_2025,15,13761,0,0,0.03766258519037857,0.0,0.1352184476959325,none,none
wroclaw_2024_2025,15,13762,0,0,0.018441723460252378,0.0,0.14564704791827668,none,none
wroclaw_2024_2025,15,13763,0,0,0.014220861730126188,0.0,0.1516713638895727,none,none
wroclaw_2024_2025,15,13764,0,0,0.014220861730126188,0.0,0.15115742790642758,none,none
wroclaw_2024_2025,15,13765,0,0,0.009731141032280339,0.0,0.18013239557803418,none,none
wroclaw_2024_2025,15,13766,0,0,0.009462282064560677,0.0,0.17770679716914053,none,none
wroclaw_2024_2025,15,13767,0,0,0.04736628758937373,0.0,0.1897705965613574,none,none
wroclaw_2024_2025,15,13768,0,0,0.03811055899691056,0.0,0.1809023714426112,none,none
wroclaw_2024_2025,15,13769,0,0,0.009731141032280339,0.0,0.15785568185109145,none,none
wroclaw_2024_2025,15,13770,0,0,0.047442125692137314,0.0,0.14935786591428363,none,none
wroclaw_2024_2025,15,13771,0,0,0.03811798722596237,0.0,0.15053492812680888,none,none
wroclaw_2024_2025,15,13772,0,0,0.06209742862165407,0.0,0.12672671435801222,none,none
wroclaw_2024_2025,15,13773,0,0,0.05236628758937373,0.0,0.13703207679651427,none,none
wroclaw_2024_2025,15,13774,0,0,0.03773842329314215,0.0,0.14395621631576466,none,none
wroclaw_2024_2025,15,13775,0,0,0.03851756156301596,0.0,0.16277807293384058,none,none
wroclaw_2024_2025,15,13776,0,0,0.04300728226086181,0.0,0.1438209630981259,none,none
wroclaw_2024_2025,15,13777,0,0,0.02803472089414698,0.0,0.14375015949671752,none,none
wroclaw_2024_2025,15,13778,0,0,0.01422086173012619,0.0,0.1370677189539265,none,none
wroclaw_2024_2025,15,13779,0,0,0.018952002762406526,0.0,0.1359046058146347,none,none
wroclaw_2024_2025,15,13780,0,0,0.013952002762406525,0.0,0.14145313126895195,none,none
wroclaw_2024_2025,15,13781,0,0,0.01881385916402079,0.0,0.13073052482077377,none,none
wroclaw_2024_2025,15,13782,0,0,0.01905527949845528,0.0,0.1300028733046844,none,none
wroclaw_2024_2025,15,13783,0,0,0.04338684619368203,0.0,0.1363033274499706,none,none
wroclaw_2024_2025,15,13784,0,0,0.05220070535770282,0.0,0.1179407227214734,none,none
wroclaw_2024_2025,15,13785,0,0,0.05733884895608856,0.0,0.11498247159475511,none,none
wroclaw_2024_2025,15,13786,0,0,0.018683143794686864,0.0,0.12339558390146156,none,none
wroclaw_2024_2025,15,13787,0,0,0.014351577099460113,0.0,0.1401596512223441,none,none
wroclaw_2024_2025,15,13788,0,0,0.013952002762406525,0.0,0.12441280566910423,none,none
wroclaw_2024_2025,15,13789,0,0,0.009220861730126189,0.0,0.11925731953414101,none,none
wroclaw_2024_2025,15,13790,0,0,0.023414284826967204,0.0,0.1265518620643029,none,none
wroclaw_2024_2025,15,13791,0,0,0.023414284826967204,0.0,0.1537497599899165,none,none
wroclaw_2024_2025,15,13792,0,0,0.023545000196301128,0.0,0.1603061543903324,none,none
wroclaw_2024_2025,15,13793,0,0,0.06604200315500879,0.0,0.12759384227259438,none,none
wroclaw_2024_2025,15,13794,0,0,0.0712634130852099,0.0,0.1356588900181963,none,none
wroclaw_2024_2025,15,13795,0,0,0.0757256951497706,0.0,0.13034355698187636,none,none
wroclaw_2024_2025,15,13796,0,0,0.0941948572433081,0.0,0.12507543850517125,none,none
wroclaw_2024_2025,15,13797,0,0,0.07075313378305577,0.0,0.12553913134561748,none,none
wroclaw_2024_2025,15,13798,0,0,0.09013214951580101,0.0,0.1301624015671978,none,none
wroclaw_2024_2025,15,13799,0,0,0.04725558262427318,0.0,0.13642192252415733,none,none
wroclaw_2024_2025,15,13800,0,0,0.04188344692050476,0.0,0.13237540288614216,none,none
wroclaw_2024_2025,15,13801,0,0,0.03739372622265891,0.0,0.12294027215481308,none,none
wroclaw_2024_2025,15,13802,0,0,0.0377933005597125,0.0,0.1273779388955631,none,none
wroclaw_2024_2025,15,13803,0,0,0.04658714931949993,0.0,0.12507346500031885,none,none
wroclaw_2024_2025,15,13804,0,0,0.051207585386679695,0.0,0.11983145462948308,none,none
wroclaw_2024_2025,15,13805,0,0,0.06515958814908622,0.0,0.12116587634906112,none,none
wroclaw_2024_2025,15,13806,0,0,0.08908415227820755,0.0,0.11894068477034384,none,none
wroclaw_2024_2025,15,13807,0,0,0.09344315760671948,0.0,0.1185350892579549,none,none
wroclaw_2024_2025,15,13808,0,0,0.07500143414646714,0.0,0.11538956580312416,none,none
wroclaw_2024_2025,15,13809,0,0,0.07524285448090161,0.0,0.11905425374801099,none,none
wroclaw_2024_2025,15,13810,0,0,0.09868457794115396,0.0,0.1228666715398054,none,none
wroclaw_2024_2025,15,13811,0,0,0.08497399551318194,0.0,0.11826551870011855,none,none
wroclaw_2024_2025,15,13812,0,0,0.07524285448090162,0.0,0.12213966538316279,none,none
wroclaw_2024_2025,15,13813,0,0,0.051587149319499925,0.0,0.11815363545735905,none,none
wroclaw_2024_2025,15,13814,0,0,0.0749940059174153,0.0,0.12240769377503716,none,none
wroclaw_2024_2025,15,13815,0,0,0.07050428521956946,0.0,0.12241619793615048,none,none
wroclaw_2024_2025,15,13816,0,0,0.08472514694969564,0.0,0.121385844625866,none,none
wroclaw_2024_2025,15,13817,0,0,0.07489072918136656,0.0,0.12279059883122236,none,none
wroclaw_2024_2025,15,13818,0,0,0.06080801104962611,0.0,0.1254749665805779,none,none
wroclaw_2024_2025,15,13819,0,0,0.06080801104962611,0.0,0.13600554692411854,none,none
wroclaw_2024_2025,15,13820,0,0,0.061049431384060604,0.0,0.13464450509577802,none,none
wroclaw_2024_2025,15,13821,0,0,0.05182856965393441,0.0,0.13527700526554942,none,none
wroclaw_2024_2025,15,13822,0,0,0.06144900572111418,0.0,0.12928046374242572,none,none
wroclaw_2024_2025,15,13823,0,0,0.08015958814908622,0.0,0.12413978449071451,none,none
wroclaw_2024_2025,15,13824,0,0,0.08536614162118372,0.0,0.12595612702395748,none,none
wroclaw_2024_2025,15,13825,0,0,0.08512472128674924,0.0,0.1182731303893312,none,none
wroclaw_2024_2025,15,13826,0,0,0.07066243922218857,0.0,0.12740182831261873,none,none
wroclaw_2024_2025,15,13827,0,0,0.0895870033513099,0.0,0.11442557736042748,none,none
wroclaw_2024_2025,15,13828,0,0,0.08587642092333787,0.0,0.13005076389221415,none,none
wroclaw_2024_2025,15,13829,0,0,0.10431814438359023,0.0,0.11135135989401426,none,none
wroclaw_2024_2025,15,13830,0,0,0.061414138858777195,0.0,0.1083905659108077,none,none
wroclaw_2024_2025,15,13831,0,0,0.08982842368574438,0.0,0.10892648759495,none,none
wroclaw_2024_2025,15,13832,0,0,0.08509728265346406,0.0,0.10825662596342546,none,none
wroclaw_2024_2025,15,13833,0,0,0.09020055938951281,0.0,0.11619381363486497,none,none
wroclaw_2024_2025,15,13834,0,0,0.08546941835723247,0.0,0.10839056591080772,none,none
wroclaw_2024_2025,15,13835,0,0,0.07603457492595696,0.0,0.10890502185274487,none,none
wroclaw_2024_2025,15,13836,0,0,0.08164813096415986,0.0,0.119246458065757,none,none
wroclaw_2024_2025,15,13837,0,0,0.08113785166200571,0.0,0.10907124282350186,none,none
wroclaw_2024_2025,15,13838,0,0,0.10546941835723246,0.0,0.11503195344779822,none,none
wroclaw_2024_2025,15,13839,0,0,0.08086899269428606,0.0,0.10751764027472849,none,none
wroclaw_2024_2025,15,13840,0,0,0.07232399249798493,0.0,0.11222730719946968,none,none
wroclaw_2024_2025,15,13841,0,0,0.08191698993187954,0.0,0.11159688990172464,none,none
wroclaw_2024_2025,15,13842,0,0,0.06746213609637067,0.0,0.10855670976642465,none,none
wroclaw_2024_2025,15,13843,0,0,0.0618211414248826,0.0,0.11383063729889846,none,none
wroclaw_2024_2025,15,13844,0,0,0.0426002796947564,0.0,0.10909271178334638,none,none
wroclaw_2024_2025,15,13845,0,0,0.023414284826967204,0.0,0.1115079298256039,none,none
wroclaw_2024_2025,15,13846,0,0,0.034055279498455285,0.0,0.11911430400650964,none,none
wroclaw_2024_2025,15,13847,0,0,0.02868314379468687,0.0,0.12311785443248713,none,none
wroclaw_2024_2025,15,13848,0,0,0.019462282064560677,0.0,0.127714207503062,none,none
wroclaw_2024_2025,15,13849,0,0,0.014462282064560676,0.0,0.11978546011885717,none,none
wroclaw_2024_2025,15,13850,0,0,0.024193423096841016,0.0,0.11778987807738663,none,none
wroclaw_2024_2025,15,13851,0,0,0.023683143794686865,0.0,0.11671979340467996,none,none
wroclaw_2024_2025,15,13852,0,0,0.04212486725493925,0.0,0.11772571180459807,none,none
wroclaw_2024_2025,15,13853,0,0,0.033414284826967205,0.0,0.12264779139381281,none,none
wroclaw_2024_2025,15,13854,0,0,0.019193423096841012,0.0,0.12257731726854317,none,none
wroclaw_2024_2025,15,13855,0,0,0.009731141032280339,0.0,0.13017316004155746,none,none
wroclaw_2024_2025,15,13856,0,0,0.005,0.0,0.13734504770767772,none,none
wroclaw_2024_2025,15,13857,0,0,0.005,0.0,0.14759437550871085,none,none
wroclaw_2024_2025,15,13858,0,0,0.009462282064560677,0.0,0.17687630228858436,none,none
wroclaw_2024_2025,15,13859,0,0,0.014193423096841013,0.0,0.19828609790615198,none,none
wroclaw_2024_2025,15,13860,0,0,0.009731141032280339,0.0,0.21406853080575583,none,none
wroclaw_2024_2025,15,13861,0,0,0.009731141032280339,0.0,0.21840807887537003,none,none
wroclaw_2024_2025,15,13862,0,0,0.009462282064560677,0.0,0.21458046281148258,none,none
wroclaw_2024_2025,15,13863,0,0,0.014193423096841013,0.0,0.21458046281148258,none,none
wroclaw_2024_2025,15,13864,0,0,0.018952002762406526,0.0,0.21475903532042853,none,none
wroclaw_2024_2025,15,13865,0,0,0.018952002762406526,0.0,0.21431870741023107,none,none
wroclaw_2024_2025,15,13866,0,0,0.018952002762406526,0.0,0.21725426227928799,none,none
wroclaw_2024_2025,15,13867,0,0,0.014462282064560676,0.0,0.2174367244209024,none,none
wroclaw_2024_2025,15,13868,0,0,0.019193423096841012,0.0,0.21629385317454825,none,none
wroclaw_2024_2025,15,13869,0,0,0.018683143794686864,0.0,0.219022542901752,none,none
wroclaw_2024_2025,15,13870,0,0,0.03239372622265891,0.0,0.21931721415008087,none,none
wroclaw_2024_2025,15,13871,0,0,0.04685600828721958,0.0,0.22064112599351124,none,none
wroclaw_2024_2025,15,13872,0,0,0.05161458795278509,0.0,0.21813895636547612,none,none
wroclaw_2024_2025,15,13873,0,0,0.047124867254939244,0.0,0.21813895636547612,none,none
wroclaw_2024_2025,15,13874,0,0,0.042393726222658905,0.0,0.21980576587853523,none,none
wroclaw_2024_2025,15,13875,0,0,0.02371058242797204,0.0,0.21732320491804516,none,none
wroclaw_2024_2025,15,13876,0,0,0.04266258519037857,0.0,0.22538049621025993,none,none
wroclaw_2024_2025,15,13877,0,0,0.03320030312581789,0.0,0.21769740329578027,none,none
wroclaw_2024_2025,15,13878,0,0,0.042931444158098235,0.0,0.22186829379748674,none,none
wroclaw_2024_2025,15,13879,0,0,0.047421164855944074,0.0,0.21468103461269888,none,none
wroclaw_2024_2025,15,13880,0,0,0.061986723656553507,0.0,0.22060743663763835,none,none
wroclaw_2024_2025,15,13881,0,0,0.04188344692050476,0.0,0.20228515594119084,none,none
wroclaw_2024_2025,15,13882,0,0,0.027690023823663742,0.0,0.18169647799147798,none,none
wroclaw_2024_2025,15,13883,0,0,0.018441723460252378,0.0,0.1758526378480465,none,none
wroclaw_2024_2025,15,13884,0,0,0.018200303125817892,0.0,0.1660975135773519,none,none
wroclaw_2024_2025,15,13885,0,0,0.03242116485594408,0.0,0.17898900350132008,none,none
wroclaw_2024_2025,15,13886,0,0,0.03266258519037857,0.0,0.18773375047454047,none,none
wroclaw_2024_2025,15,13887,0,0,0.04140060625163578,0.0,0.18765342685547207,none,none
wroclaw_2024_2025,15,13888,0,0,0.060325170380757125,0.0,0.18544809661299924,none,none
wroclaw_2024_2025,15,13889,0,0,0.07056659071519161,0.0,0.1557898579966145,none,none
wroclaw_2024_2025,15,13890,0,0,0.05134572898506543,0.0,0.14542827722081858,none,none
wroclaw_2024_2025,15,13891,0,0,0.07027029311418678,0.0,0.14370126548825463,none,none
wroclaw_2024_2025,15,13892,0,0,0.061318290351780255,0.0,0.1322587382761403,none,none
wroclaw_2024_2025,15,13893,0,0,0.05583544968291128,0.0,0.13816810734793453,none,none
wroclaw_2024_2025,15,13894,0,0,0.05134572898506543,0.0,0.14261053671959098,none,none
wroclaw_2024_2025,15,13895,0,0,0.05086288831619646,0.0,0.1464082796666757,none,none
wroclaw_2024_2025,15,13896,0,0,0.06083544968291128,0.0,0.1398665076780173,none,none
wroclaw_2024_2025,15,13897,0,0,0.06080801104962611,0.0,0.1340540650244407,none,none
wroclaw_2024_2025,15,13898,0,0,0.07973257517874746,0.0,0.13319503500744448,none,none
wroclaw_2024_2025,15,13899,0,0,0.08494655687989677,0.0,0.12823925262356353,none,none
wroclaw_2024_2025,15,13900,0,0,0.09018797721433126,0.0,0.13121252097208844,none,none
wroclaw_2024_2025,15,13901,0,0,0.07997399551318195,0.0,0.13238266152682565,none,none
wroclaw_2024_2025,15,13902,0,0,0.07075313378305577,0.0,0.13447551256669335,none,none
wroclaw_2024_2025,15,13903,0,0,0.04733884895608856,0.0,0.13507212377111352,none,none
wroclaw_2024_2025,15,13904,0,0,0.04709742862165407,0.0,0.13319470346063747,none,none
wroclaw_2024_2025,15,13905,0,0,0.07585641051910452,0.0,0.13111485816438756,none,none
wroclaw_2024_2025,15,13906,0,0,0.11833340307357877,0.0,0.13536458059863168,none,none
wroclaw_2024_2025,15,13907,0,0,0.0757256951497706,0.0,0.13614250809795875,none,none
wroclaw_2024_2025,15,13908,0,0,0.0757256951497706,0.0,0.13995927806099742,none,none
wroclaw_2024_2025,15,13909,0,0,0.05680113102064924,0.0,0.1382028124425563,none,none
wroclaw_2024_2025,15,13910,0,0,0.03287656689152788,0.0,0.13682813500269908,none,none
wroclaw_2024_2025,15,13911,0,0,0.019462282064560677,0.0,0.1543890176334589,none,none
wroclaw_2024_2025,15,13912,0,0,0.018683143794686864,0.0,0.13911585601785484,none,none
wroclaw_2024_2025,15,13913,0,0,0.02865570516140169,0.0,0.1509614195430925,none,none
wroclaw_2024_2025,15,13914,0,0,0.038145425859247545,0.0,0.15256315362002107,none,none
wroclaw_2024_2025,15,13915,0,0,0.03365570516140169,0.0,0.1597925115303572,none,none
wroclaw_2024_2025,15,13916,0,0,0.04838684619368203,0.0,0.1551986860188145,none,none
wroclaw_2024_2025,15,13917,0,0,0.04838684619368203,0.0,0.1433554187996166,none,none
wroclaw_2024_2025,15,13918,0,0,0.05263514655709339,0.0,0.14330589490164428,none,none
wroclaw_2024_2025,15,13919,0,0,0.02371058242797204,0.0,0.13669369066092654,none,none
wroclaw_2024_2025,15,13920,0,0,0.06655971068621475,0.0,0.1351049863648908,none,none
wroclaw_2024_2025,15,13921,0,0,0.05604943138406059,0.0,0.12527693587316147,none,none
wroclaw_2024_2025,15,13922,0,0,0.051559710686214746,0.0,0.11398968808709527,none,none
wroclaw_2024_2025,15,13923,0,0,0.07591128778567487,0.0,0.119403812766419,none,none
wroclaw_2024_2025,15,13924,0,0,0.07088384915238968,0.0,0.11085375670526948,none,none
wroclaw_2024_2025,15,13925,0,0,0.06680113102064923,0.0,0.1187902393537789,none,none
wroclaw_2024_2025,15,13926,0,0,0.05161458795278509,0.0,0.11912292816985735,none,none
wroclaw_2024_2025,15,13927,0,0,0.08010471088251586,0.0,0.11141994827943341,none,none
wroclaw_2024_2025,15,13928,0,0,0.05706256175931708,0.0,0.1144211925159225,none,none
wroclaw_2024_2025,15,13929,0,0,0.08945628798197597,0.0,0.11563394344726245,none,none
wroclaw_2024_2025,15,13930,0,0,0.07962187021364689,0.0,0.11562228655839424,none,none
wroclaw_2024_2025,15,13931,0,0,0.10313943177666283,0.0,0.1154975263198909,none,none
wroclaw_2024_2025,15,13932,0,0,0.12260171384122348,0.0,0.11389852097659303,none,none
wroclaw_2024_2025,15,13933,0,0,0.07548427481533611,0.0,0.11433479069979184,none,none
wroclaw_2024_2025,15,13934,0,0,0.06693184638998316,0.0,0.12076343954670041,none,none
wroclaw_2024_2025,15,13935,0,0,0.100580123322333,0.0,0.12202417202828462,none,none
wroclaw_2024_2025,15,13936,0,0,0.07679370279159742,0.0,0.12488133832003327,none,none
wroclaw_2024_2025,15,13937,0,0,0.10534613121695033,0.0,0.11842071176704266,none,none
wroclaw_2024_2025,15,13938,0,0,0.10972514694969564,0.0,0.12488456902698512,none,none
wroclaw_2024_2025,15,13939,0,0,0.09064242881795519,0.0,0.12594759604202013,none,none
wroclaw_2024_2025,15,13940,0,0,0.09547684658628425,0.0,0.12579534164213002,none,none
wroclaw_2024_2025,15,13941,0,0,0.09486329054808137,0.0,0.1297409339764486,none,none
wroclaw_2024_2025,15,13942,0,0,0.051717864688833846,0.0,0.13163703398908733,none,none
wroclaw_2024_2025,15,13943,0,0,0.0750288727797523,0.0,0.13018157246526796,none,none
wroclaw_2024_2025,15,13944,0,0,0.10421486764754145,0.0,0.12981834756996086,none,none
wroclaw_2024_2025,15,13945,0,0,0.09418742901425631,0.0,0.12808929427347757,none,none
wroclaw_2024_2025,15,13946,0,0,0.0480072822608618,0.0,0.13200930267681854,none,none
wroclaw_2024_2025,15,13947,0,0,0.047607707923808223,0.0,0.12331774541458848,none,none
wroclaw_2024_2025,15,13948,0,0,0.06655971068621475,0.0,0.1264872448796717,none,none
wroclaw_2024_2025,15,13949,0,0,0.10034613121695035,0.0,0.13346624518698672,none,none
wroclaw_2024_2025,15,13950,0,0,0.08104200315500877,0.0,0.14118438146131987,none,none
wroclaw_2024_2025,15,13951,0,0,0.0570699899883689,0.0,0.1379771311918824,none,none
wroclaw_2024_2025,15,13952,0,0,0.04246956432542248,0.0,0.15503615701794055,none,none
wroclaw_2024_2025,15,13953,0,0,0.02395200276240653,0.0,0.1538741166322016,none,none
wroclaw_2024_2025,15,13954,0,0,0.014462282064560676,0.0,0.15492881216061713,none,none
wroclaw_2024_2025,15,13955,0,0,0.009731141032280339,0.0,0.1508880347545355,none,none
wroclaw_2024_2025,15,13956,0,0,0.014462282064560676,0.0,0.18763041478534637,none,none
wroclaw_2024_2025,15,13957,0,0,0.014462282064560676,0.0,0.19895850842243543,none,none
wroclaw_2024_2025,15,13958,0,0,0.009731141032280339,0.0,0.21356915151556244,none,none
wroclaw_2024_2025,15,13959,0,0,0.009731141032280339,0.0,0.2182616326064978,none,none
wroclaw_2024_2025,15,13960,0,0,0.0047311410322803385,0.0,0.20990966915453493,none,none
wroclaw_2024_2025,15,13961,0,0,0.02392456412912135,0.0,0.2121049062961,none,none
wroclaw_2024_2025,15,13962,0,0,0.018952002762406526,0.0,0.19980927123190872,none,none
wroclaw_2024_2025,15,13963,0,0,0.04236628758937373,0.0,0.21177244593554453,none,none
wroclaw_2024_2025,15,13964,0,0,0.018683143794686864,0.0,0.19513974186557345,none,none
wroclaw_2024_2025,15,13965,0,0,0.05195928502326834,0.0,0.18426687806541928,none,none
wroclaw_2024_2025,15,13966,0,0,0.03787656689152788,0.0,0.2103752929384678,none,none
wroclaw_2024_2025,15,13967,0,0,0.03330357986186665,0.0,0.20728128770371076,none,none
wroclaw_2024_2025,15,13968,0,0,0.023710582427972037,0.0,0.20007824193163093,none,none
wroclaw_2024_2025,15,13969,0,0,0.023441723460252376,0.0,0.15897878451300318,none,none
wroclaw_2024_2025,15,13970,0,0,0.06695928502326833,0.0,0.14191613410159656,none,none
wroclaw_2024_2025,15,13971,0,0,0.05709000039260226,0.0,0.16043855104823543,none,none
wroclaw_2024_2025,15,13972,0,0,0.08797984362757663,0.0,0.12824399580314755,none,none
wroclaw_2024_2025,15,13973,0,0,0.047600279694756414,0.0,0.13784623622368136,none,none
wroclaw_2024_2025,15,13974,1,0,0.07604200315500878,0.1,0.1404949154000089,rain,none
wroclaw_2024_2025,15,13975,1,0,0.25260914207027535,0.2,0.19147182624910447,rain,none
wroclaw_2024_2025,15,13976,1,0,0.4198448245858203,0.1,0.4828386784630229,rain,none
wroclaw_2024_2025,15,13977,0,0,0.5251829505607614,0.0,0.2527164929026625,none,none
wroclaw_2024_2025,15,13978,0,0,0.0044897206978458505,0.0,0.1706404567566735,none,none
wroclaw_2024_2025,15,13979,0,0,0.01371058242797204,0.0,0.16321898235971521,none,none
wroclaw_2024_2025,15,13980,0,0,0.0044897206978458505,0.0,0.13586131971303358,none,none
wroclaw_2024_2025,15,13981,0,0,0.01371058242797204,0.0,0.13005217621096535,none,none
wroclaw_2024_2025,15,13982,0,0,0.0044897206978458505,0.0,0.13492161401758498,none,none
wroclaw_2024_2025,15,13983,0,0,0.009731141032280339,0.0,0.13400508666603708,none,none
wroclaw_2024_2025,15,13984,0,0,0.0,0.0,0.12880578510885998,none,none
wroclaw_2024_2025,15,13985,0,0,0.029055279498455277,0.0,0.12931272115108955,none,none
wroclaw_2024_2025,15,13986,0,0,0.02867571556563505,0.0,0.1290617741429674,none,none
wroclaw_2024_2025,15,13987,0,0,0.0427933005597125,0.0,0.1404667461775336,none,none
wroclaw_2024_2025,15,13988,0,0,0.048248702595296296,0.0,0.1257244576568644,none,none
wroclaw_2024_2025,15,13989,0,0,0.07311055899691056,0.0,0.128462885305265,none,none
wroclaw_2024_2025,15,13990,0,0,0.10587642092333786,0.0,0.12488747062691462,none,none
wroclaw_2024_2025,15,13991,0,0,0.08138670022549203,0.0,0.12895624992103025,none,none
wroclaw_2024_2025,15,13992,0,0,0.07746213609637068,0.0,0.12577064131007779,none,none
wroclaw_2024_2025,15,13993,0,0,0.04827614122858146,0.0,0.12334208512157444,none,none
wroclaw_2024_2025,15,13994,0,0,0.038145425859247545,0.0,0.12340732201178291,none,none
wroclaw_2024_2025,15,13995,0,0,0.03354500019630113,0.0,0.12431647871105726,none,none
wroclaw_2024_2025,15,13996,0,0,0.05273842329314214,0.0,0.12553924841472258,none,none
wroclaw_2024_2025,15,13997,0,0,0.03354500019630113,0.0,0.13358601343082593,none,none
wroclaw_2024_2025,15,13998,0,0,0.07182114142488259,0.0,0.13921193348766012,none,none
wroclaw_2024_2025,15,13999,0,0,0.05881385916402079,0.0,0.1305644222973816,none,none
wroclaw_2024_2025,15,14000,0,0,0.046642026586070265,0.0,0.131525555499719,none,none
wroclaw_2024_2025,15,14001,0,0,0.027931444158098232,0.0,0.12043567941094692,none,none
wroclaw_2024_2025,15,14002,0,0,0.03830357986186664,0.0,0.12426927700995723,none,none
wroclaw_2024_2025,15,14003,0,0,0.02395200276240653,0.0,0.11712045139575046,none,none
wroclaw_2024_2025,15,14004,0,0,0.023172864492532717,0.0,0.1184171724012699,none,none
wroclaw_2024_2025,15,14005,0,0,0.018683143794686864,0.0,0.11975273521677363,none,none
wroclaw_2024_2025,15,14006,0,0,0.018924564129121354,0.0,0.1193528569871302,none,none
wroclaw_2024_2025,15,14007,0,0,0.018924564129121354,0.0,0.11985673775905059,none,none
wroclaw_2024_2025,15,14008,0,0,0.027904005524813057,0.0,0.12190266519764915,none,none
wroclaw_2024_2025,15,14009,0,0,0.014082718131740451,0.0,0.11681644563622487,none,none
wroclaw_2024_2025,15,14010,0,0,0.023414284826967204,0.0,0.12233777056881144,none,none
wroclaw_2024_2025,15,14011,0,0,0.018683143794686864,0.0,0.12048141300213999,none,none
wroclaw_2024_2025,15,14012,0,0,0.018683143794686864,0.0,0.11777489385243645,none,none
wroclaw_2024_2025,15,14013,0,0,0.018683143794686864,0.0,0.11665387445947,none,none
wroclaw_2024_2025,15,14014,0,0,0.01371058242797204,0.0,0.11651967956483177,none,none
wroclaw_2024_2025,15,14015,0,0,0.01371058242797204,0.0,0.11680124213981673,none,none
wroclaw_2024_2025,15,14016,0,0,0.013469162093537553,0.0,0.11236373978943628,none,none
wroclaw_2024_2025,15,14017,0,0,0.01820030312581789,0.0,0.12400609211470673,none,none
wroclaw_2024_2025,15,14018,0,0,0.0044897206978458505,0.0,0.1125389085341647,none,none
wroclaw_2024_2025,15,14019,0,0,0.009220861730126189,0.0,0.1141642549530272,none,none
wroclaw_2024_2025,15,14020,0,0,0.009220861730126189,0.0,0.11169020543092754,none,none
wroclaw_2024_2025,15,14021,0,0,0.013952002762406525,0.0,0.1081620969012173,none,none
wroclaw_2024_2025,15,14022,0,0,0.013952002762406525,0.0,0.10973808493272749,none,none
wroclaw_2024_2025,15,14023,0,0,0.014462282064560676,0.0,0.11159975722655611,none,none
wroclaw_2024_2025,15,14024,0,0,0.028172864492532722,0.0,0.11091667305038637,none,none
wroclaw_2024_2025,15,14025,0,0,0.018683143794686864,0.0,0.10930680081847294,none,none
wroclaw_2024_2025,15,14026,0,0,0.03290400552481306,0.0,0.11585048083508874,none,none
wroclaw_2024_2025,15,14027,0,0,0.051848580058167774,0.0,0.11297464575127542,none,none
wroclaw_2024_2025,15,14028,0,0,0.03354500019630113,0.0,0.11496163119391829,none,none
wroclaw_2024_2025,15,14029,0,0,0.023414284826967204,0.0,0.11058529771904307,none,none
wroclaw_2024_2025,15,14030,0,0,0.0047311410322803385,0.0,0.1221888082120392,none,none
wroclaw_2024_2025,15,14031,0,0,0.013952002762406525,0.0,0.11237376523928622,none,none
wroclaw_2024_2025,15,14032,0,0,0.018683143794686864,0.0,0.10926459380028396,none,none
wroclaw_2024_2025,15,14033,0,0,0.013952002762406525,0.0,0.11342058851382936,none,none
wroclaw_2024_2025,15,14034,0,0,0.013952002762406525,0.0,0.10980093808861734,none,none
wroclaw_2024_2025,15,14035,0,0,0.009220861730126189,0.0,0.11412432091194036,none,none
wroclaw_2024_2025,15,14036,0,0,0.00948972069784585,0.0,0.12113535114428414,none,none
wroclaw_2024_2025,15,14037,0,0,0.013469162093537553,0.0,0.12546646795965152,none,none
wroclaw_2024_2025,15,14038,0,0,0.01371058242797204,0.0,0.1276556004333622,none,none
wroclaw_2024_2025,15,14039,0,0,0.009220861730126189,0.0,0.1351910826487199,none,none
wroclaw_2024_2025,15,14040,0,0,0.0044897206978458505,0.0,0.1702844601230585,none,none
wroclaw_2024_2025,15,14041,0,0,0.013979441395691704,0.0,0.18824172856422505,none,none
wroclaw_2024_2025,15,14042,0,0,0.0044897206978458505,0.0,0.20116978069539657,none,none
wroclaw_2024_2025,15,14043,0,0,0.0047311410322803385,0.0,0.20717758984184792,none,none
wroclaw_2024_2025,15,14044,0,0,0.0047311410322803385,0.0,0.2105346780736293,none,none
wroclaw_2024_2025,15,14045,0,0,0.0,0.0,0.2122423611091089,none,none
wroclaw_2024_2025,15,14046,0,0,0.014220861730126188,0.0,0.20997660692640957,none,none
wroclaw_2024_2025,15,14047,0,0,0.013952002762406525,0.0,0.21236807443781308,none,none
wroclaw_2024_2025,15,14048,0,0,0.013952002762406525,0.0,0.21603347476501217,none,none
wroclaw_2024_2025,15,14049,0,0,0.03252444159199283,0.0,0.2189088755297515,none,none
wroclaw_2024_2025,15,14050,0,0,0.11587642092333784,0.0,0.22182180402814355,none,none
wroclaw_2024_2025,15,14051,0,0,0.17941399289058718,0.0,0.2193172141500809,none,none
wroclaw_2024_2025,15,14052,0,0,0.10142156708782901,0.0,0.22226485265970813,none,none
wroclaw_2024_2025,15,14053,0,0,0.033683143794686864,0.0,0.18548388428843154,none,none
wroclaw_2024_2025,15,14054,0,0,0.034220861730126194,0.0,0.18068029100107783,none,none
wroclaw_2024_2025,15,14055,0,0,0.07236628758937373,0.0,0.1700061794313621,none,none
wroclaw_2024_2025,15,14056,0,0,0.09644900572111417,0.0,0.16992062983345974,none,none
wroclaw_2024_2025,15,14057,0,0,0.04314542585924754,0.0,0.1697354609203033,none,none
wroclaw_2024_2025,15,14058,0,0,0.1307382773249521,0.0,0.16387438389130204,none,none
wroclaw_2024_2025,15,14059,0,0,0.11969770831641044,0.0,0.16735968138714993,none,none
wroclaw_2024_2025,15,14060,0,0,0.028414284826967205,0.0,0.16408019760577797,none,none
wroclaw_2024_2025,15,14061,0,0,0.023683143794686865,0.0,0.16234126639872715,none,none
wroclaw_2024_2025,15,14062,0,0,0.03811798722596237,0.0,0.15525278991704178,none,none
wroclaw_2024_2025,15,14063,0,0,0.024462282064560678,0.0,0.1679711658050973,none,none
wroclaw_2024_2025,15,14064,0,0,0.014193423096841013,0.0,0.14526471264093854,none,none
wroclaw_2024_2025,15,14065,0,0,0.009462282064560677,0.0,0.16655654629200994,none,none
wroclaw_2024_2025,15,14066,0,0,0.018441723460252378,0.0,0.15718069136769997,none,none
wroclaw_2024_2025,15,14067,0,0,0.013952002762406525,0.0,0.1546355322950361,none,none
wroclaw_2024_2025,15,14068,0,0,0.0,0.0,0.15139280103408986,none,none
wroclaw_2024_2025,15,14069,0,0,0.0,0.0,0.15391192059721756,none,none
wroclaw_2024_2025,15,14070,0,0,0.009220861730126189,0.0,0.1602445670515779,none,none
wroclaw_2024_2025,15,14071,0,0,0.009220861730126189,0.0,0.19646076472600732,none,none
wroclaw_2024_2025,15,14072,0,0,0.0,0.0,0.20278612262782833,none,none
wroclaw_2024_2025,15,14073,0,0,0.0,0.0,0.21880502401253918,none,none
wroclaw_2024_2025,15,14074,0,0,0.005,0.0,0.22054305096335403,none,none
wroclaw_2024_2025,15,14075,0,0,0.0,0.0,0.21495381808555986,none,none
wroclaw_2024_2025,15,14076,0,0,0.0,0.0,0.20452124389286308,none,none
wroclaw_2024_2025,15,14077,0,0,0.0,0.0,0.20507038552161744,none,none
wroclaw_2024_2025,15,14078,0,0,0.0,0.0,0.20968766727822405,none,none
wroclaw_2024_2025,15,14079,0,0,0.0047311410322803385,0.0,0.21640161314428655,none,none
wroclaw_2024_2025,15,14080,0,0,0.0047311410322803385,0.0,0.21596068982970068,none,none
wroclaw_2024_2025,15,14081,0,0,0.0,0.0,0.1802343703642164,none,none
wroclaw_2024_2025,15,14082,0,0,0.009220861730126189,0.0,0.16512147600316446,none,none
wroclaw_2024_2025,15,14083,0,0,0.0,0.0,0.14790605969273934,none,none
wroclaw_2024_2025,15,14084,0,0,0.0047311410322803385,0.0,0.14984610777376794,none,none
wroclaw_2024_2025,15,14085,0,0,0.0047311410322803385,0.0,0.14829712282384627,none,none
wroclaw_2024_2025,15,14086,0,0,0.0,0.0,0.14989756624398476,none,none
wroclaw_2024_2025,15,14087,0,0,0.0047311410322803385,0.0,0.15373943745345559,none,none
wroclaw_2024_2025,15,14088,0,0,0.0,0.0,0.1507841572753616,none,none
wroclaw_2024_2025,15,14089,0,0,0.0044897206978458505,0.0,0.15282595025278997,none,none
wroclaw_2024_2025,15,14090,0,0,0.0044897206978458505,0.0,0.14713902264986115,none,none
wroclaw_2024_2025,15,14091,0,0,0.0047311410322803385,0.0,0.13812240984986932,none,none
wroclaw_2024_2025,15,14092,0,0,0.009462282064560677,0.0,0.15264614965870732,none,none
wroclaw_2024_2025,15,14093,0,0,0.009462282064560677,0.0,0.1481499267294124,none,none
wroclaw_2024_2025,15,14094,0,0,0.014193423096841013,0.0,0.14859179325438396,none,none
wroclaw_2024_2025,15,14095,0,0,0.0047311410322803385,0.0,0.14928526917255944,none,none
wroclaw_2024_2025,15,14096,0,0,0.0047311410322803385,0.0,0.1433480940580828,none,none
wroclaw_2024_2025,15,14097,0,0,0.0047311410322803385,0.0,0.1424488511787105,none,none
wroclaw_2024_2025,15,14098,0,0,0.0047311410322803385,0.0,0.13692326653312537,none,none
wroclaw_2024_2025,15,14099,0,0,0.0,0.0,0.1258446706438586,none,none
wroclaw_2024_2025,15,14100,0,0,0.0047311410322803385,0.0,0.1347819661993256,none,none
wroclaw_2024_2025,15,14101,0,0,0.014193423096841013,0.0,0.13752727423526406,none,none
wroclaw_2024_2025,15,14102,0,0,0.0,0.0,0.12525937308693164,none,none
wroclaw_2024_2025,15,14103,0,0,0.0,0.0,0.1392205691895691,none,none
wroclaw_2024_2025,15,14104,0,0,0.013952002762406525,0.0,0.13895867250830798,none,none
wroclaw_2024_2025,15,14105,0,0,0.018683143794686864,0.0,0.14059070967612675,none,none
wroclaw_2024_2025,15,14106,0,0,0.014462282064560676,0.0,0.13887736172822346,none,none
wroclaw_2024_2025,15,14107,0,0,0.0047311410322803385,0.0,0.1396475432957696,none,none
wroclaw_2024_2025,15,14108,0,0,0.013952002762406525,0.0,0.13804009422617475,none,none
wroclaw_2024_2025,15,14109,0,0,0.013952002762406525,0.0,0.12974744948066966,none,none
wroclaw_2024_2025,15,14110,0,0,0.014220861730126188,0.0,0.11630945031933076,none,none
wroclaw_2024_2025,15,14111,0,0,0.014462282064560676,0.0,0.1214602117182814,none,none
wroclaw_2024_2025,15,14112,0,0,0.0047311410322803385,0.0,0.11749587798969816,none,none
wroclaw_2024_2025,15,14113,0,0,0.013952002762406525,0.0,0.12507023375085138,none,none
wroclaw_2024_2025,15,14114,0,0,0.018572438829586303,0.0,0.12455150800871086,none,none
wroclaw_2024_2025,15,14115,0,0,0.023303579861866642,0.0,0.13531769749147277,none,none
wroclaw_2024_2025,15,14116,0,0,0.01908271813174045,0.0,0.12079362670688684,none,none
wroclaw_2024_2025,15,14117,0,0,0.024055279498455276,0.0,0.12851935644927354,none,none
wroclaw_2024_2025,15,14118,0,0,0.014324138466174939,0.0,0.1331768034196276,none,none
wroclaw_2024_2025,15,14119,0,0,0.009462282064560677,0.0,0.12899413370754503,none,none
wroclaw_2024_2025,15,14120,0,0,0.014193423096841013,0.0,0.12923987044990837,none,none
wroclaw_2024_2025,15,14121,0,0,0.018683143794686864,0.0,0.12681884029002255,none,none
wroclaw_2024_2025,15,14122,0,0,0.013952002762406525,0.0,0.132229985985298,none,none
wroclaw_2024_2025,15,14123,0,0,0.009462282064560677,0.0,0.1258272810422791,none,none
wroclaw_2024_2025,15,14124,0,0,0.014193423096841013,0.0,0.1354841661493987,none,none
wroclaw_2024_2025,15,14125,0,0,0.014193423096841013,0.0,0.12806778763915813,none,none
wroclaw_2024_2025,15,14126,0,0,0.014193423096841013,0.0,0.12436344850023631,none,none
wroclaw_2024_2025,15,14127,0,0,0.018924564129121354,0.0,0.12397764442614725,none,none
wroclaw_2024_2025,15,14128,0,0,0.014193423096841013,0.0,0.1159143073187914,none,none
wroclaw_2024_2025,15,14129,0,0,0.0047311410322803385,0.0,0.12316704010003922,none,none
wroclaw_2024_2025,15,14130,0,0,0.0047311410322803385,0.0,0.1152078428215801,none,none
wroclaw_2024_2025,15,14131,0,0,0.0047311410322803385,0.0,0.11072855892519355,none,none
wroclaw_2024_2025,15,14132,0,0,0.014193423096841013,0.0,0.12080596751398985,none,none
wroclaw_2024_2025,15,14133,0,0,0.009462282064560677,0.0,0.1286224089790214,none,none
wroclaw_2024_2025,15,14134,0,0,0.009462282064560677,0.0,0.13569124671010874,none,none
wroclaw_2024_2025,15,14135,0,0,0.0047311410322803385,0.0,0.14016936064389185,none,none
wroclaw_2024_2025,15,14136,0,0,0.0047311410322803385,0.0,0.14429587640058236,none,none
wroclaw_2024_2025,15,14137,0,0,0.009462282064560677,0.0,0.14110388622663417,none,none
wroclaw_2024_2025,15,14138,0,0,0.009462282064560677,0.0,0.13897547788702688,none,none
wroclaw_2024_2025,15,14139,0,0,0.0,0.0,0.17536174314379513,none,none
wroclaw_2024_2025,15,14140,0,0,0.0047311410322803385,0.0,0.18848158747781082,none,none
wroclaw_2024_2025,15,14141,0,0,0.0,0.0,0.20393760961842422,none,none
wroclaw_2024_2025,15,14142,0,0,0.0,0.0,0.209613514111729,none,none
wroclaw_2024_2025,15,14143,0,0,0.0,0.0,0.20735867886394566,none,none
wroclaw_2024_2025,15,14144,0,0,0.0047311410322803385,0.0,0.20933636592544816,none,none
wroclaw_2024_2025,15,14145,0,0,0.01422086173012619,0.0,0.2091902275025842,none,none
wroclaw_2024_2025,15,14146,0,0,0.013952002762406525,0.0,0.21082216006358356,none,none
wroclaw_2024_2025,15,14147,0,0,0.023655705161401693,0.0,0.21453084118188848,none,none
wroclaw_2024_2025,15,14148,0,0,0.033248702595296296,0.0,0.21545878681985856,none,none
wroclaw_2024_2025,15,14149,0,0,0.009462282064560677,0.0,0.20799945913409398,none,none
wroclaw_2024_2025,15,14150,0,0,0.0044897206978458505,0.0,0.21070657467855863,none,none
wroclaw_2024_2025,15,14151,0,0,0.0047311410322803385,0.0,0.2131756419441481,none,none
wroclaw_2024_2025,15,14152,0,0,0.0,0.0,0.21341975684376188,none,none
wroclaw_2024_2025,15,14153,0,0,0.005,0.0,0.21625540804208485,none,none
wroclaw_2024_2025,15,14154,0,0,0.005,0.0,0.21376222861601943,none,none
wroclaw_2024_2025,15,14155,0,0,0.0,0.0,0.21520909375221708,none,none
wroclaw_2024_2025,15,14156,0,0,0.0,0.0,0.21223234615793696,none,none
wroclaw_2024_2025,15,14157,0,0,0.0,0.0,0.21577096031851764,none,none
wroclaw_2024_2025,15,14158,0,0,0.0,0.0,0.21470939456462698,none,none
wroclaw_2024_2025,15,14159,0,0,0.0,0.0,0.21470939456462698,none,none
wroclaw_2024_2025,15,14160,0,0,0.009462282064560677,0.0,0.21202381101400358,none,none
wroclaw_2024_2025,15,14161,0,0,0.009462282064560677,0.0,0.2115383760829986,none,none
wroclaw_2024_2025,15,14162,0,0,0.014324138466174939,0.0,0.21202381101400358,none,none
wroclaw_2024_2025,15,14163,0,0,0.009462282064560677,0.0,0.2098494711540581,none,none
wroclaw_2024_2025,15,14164,0,0,0.014324138466174939,0.0,0.21062680042477144,none,none
wroclaw_2024_2025,15,14165,0,0,0.009462282064560677,0.0,0.2110974764423788,none,none
wroclaw_2024_2025,15,14166,0,0,0.023172864492532717,0.0,0.20555445121162222,none,none
wroclaw_2024_2025,15,14167,0,0,0.018441723460252378,0.0,0.20555445121162222,none,none
wroclaw_2024_2025,15,14168,0,0,0.023414284826967204,0.0,0.20237709149183158,none,none
wroclaw_2024_2025,15,14169,0,0,0.028145425859247543,0.0,0.19809486542499172,none,none
wroclaw_2024_2025,15,14170,0,0,0.038276141228581466,0.0,0.197261211256916,none,none
wroclaw_2024_2025,15,14171,0,0,0.043007282260861805,0.0,0.19812965395891155,none,none
wroclaw_2024_2025,15,14172,0,0,0.04749700295870766,0.0,0.19769535389500287,none,none
wroclaw_2024_2025,15,14173,0,0,0.04236628758937373,0.0,0.19769535389500287,none,none
wroclaw_2024_2025,15,14174,0,0,0.032904005524813054,0.0,0.2016067847916028,none,none
wroclaw_2024_2025,15,14175,0,0,0.052469564325422484,0.0,0.20517312244564473,none,none
wroclaw_2024_2025,15,14176,0,0,0.07005631141303746,0.0,0.2113793141324634,none,none
wroclaw_2024_2025,15,14177,0,0,0.09784961197274994,0.0,0.2129877487647668,none,none
wroclaw_2024_2025,15,14178,0,0,0.08373945520772433,0.0,0.20317348503599947,none,none
wroclaw_2024_2025,15,14179,0,0,0.10408415227820755,0.0,0.16488131323215047,none,none
wroclaw_2024_2025,15,14180,0,0,0.08476001381203263,0.0,0.14654447129297202,none,none
wroclaw_2024_2025,15,14181,0,0,0.09898087554215883,0.0,0.14164566638476223,none,none
wroclaw_2024_2025,15,14182,0,0,0.10424973450987847,0.0,0.1414626364651155,none,none
wroclaw_2024_2025,15,14183,0,0,0.09451859347759814,0.0,0.1352576035606933,none,none
wroclaw_2024_2025,15,14184,0,0,0.08505631141303749,0.0,0.13401254488239622,none,none
wroclaw_2024_2025,15,14185,0,0,0.056587149319499916,0.0,0.1304229108876776,none,none
wroclaw_2024_2025,15,14186,0,0,0.033414284826967205,0.0,0.1279993443520799,none,none
wroclaw_2024_2025,15,14187,0,0,0.023683143794686865,0.0,0.1263421635154188,none,none
wroclaw_2024_2025,15,14188,0,0,0.018952002762406526,0.0,0.12246684800881537,none,none
wroclaw_2024_2025,15,14189,0,0,0.029055279498455277,0.0,0.12410594983740239,none,none
wroclaw_2024_2025,15,14190,0,0,0.04364827693234988,0.0,0.1285371829196883,none,none
wroclaw_2024_2025,15,14191,0,0,0.039055279498455275,0.0,0.12941649664211882,none,none
wroclaw_2024_2025,15,14192,0,0,0.019193423096841012,0.0,0.1322410623272267,none,none
wroclaw_2024_2025,15,14193,0,0,0.019193423096841012,0.0,0.13291695488064598,none,none
wroclaw_2024_2025,15,14194,0,0,0.009462282064560677,0.0,0.13239060487052323,none,none
wroclaw_2024_2025,15,14195,0,0,0.009731141032280339,0.0,0.12857861997492934,none,none
wroclaw_2024_2025,15,14196,0,0,0.0047311410322803385,0.0,0.12871750595315234,none,none
wroclaw_2024_2025,15,14197,0,0,0.01473114103228034,0.0,0.12866774699758993,none,none
wroclaw_2024_2025,15,14198,0,0,0.023683143794686865,0.0,0.1286029562851655,none,none
wroclaw_2024_2025,15,14199,0,0,0.029055279498455277,0.0,0.12588684970901465,none,none
wroclaw_2024_2025,15,14200,0,0,0.04814542585924755,0.0,0.12470239908963691,none,none
wroclaw_2024_2025,15,14201,0,0,0.043786420530735615,0.0,0.13117702176570387,none,none
wroclaw_2024_2025,15,14202,0,0,0.02392456412912135,0.0,0.13249575498637273,none,none
wroclaw_2024_2025,15,14203,0,0,0.009731141032280339,0.0,0.13573273228463512,none,none
wroclaw_2024_2025,15,14204,0,0,0.023917135900069542,0.0,0.1256566029692212,none,none
wroclaw_2024_2025,15,14205,0,0,0.019185994867789203,0.0,0.13037731120943208,none,none
wroclaw_2024_2025,15,14206,0,0,0.018944574533354713,0.0,0.12024068306172105,none,none
wroclaw_2024_2025,15,14207,0,0,0.028909707671017727,0.0,0.11993421993486494,none,none
wroclaw_2024_2025,15,14208,0,0,0.019082718131740454,0.0,0.11971614433785731,none,none
wroclaw_2024_2025,15,14209,0,0,0.01871058242797204,0.0,0.1185005620332718,none,none
wroclaw_2024_2025,15,14210,0,0,0.03405527949845528,0.0,0.11876611463728541,none,none
wroclaw_2024_2025,15,14211,0,0,0.019454853835508865,0.0,0.11922521050608802,none,none
wroclaw_2024_2025,15,14212,0,0,0.024454853835508862,0.0,0.12027451789523301,none,none
wroclaw_2024_2025,15,14213,0,0,0.0145929974338946,0.0,0.12550893343721167,none,none
wroclaw_2024_2025,15,14214,0,0,0.019351577099460112,0.0,0.13354240416308508,none,none
wroclaw_2024_2025,15,14215,0,0,0.029723712803228525,0.0,0.14420471980128916,none,none
wroclaw_2024_2025,15,14216,0,0,0.02881385916402079,0.0,0.13668399293064903,none,none
wroclaw_2024_2025,15,14217,0,0,0.02844172346025238,0.0,0.1372887492445416,none,none
wroclaw_2024_2025,15,14218,0,0,0.018952002762406526,0.0,0.13041133462550075,none,none
wroclaw_2024_2025,15,14219,0,0,0.01,0.0,0.12410917831740566,none,none
wroclaw_2024_2025,15,14220,0,0,0.02473114103228034,0.0,0.12677003266610926,none,none
wroclaw_2024_2025,15,14221,0,0,0.03473114103228034,0.0,0.1318054859748806,none,none
wroclaw_2024_2025,15,14222,0,0,0.02473114103228034,0.0,0.12539827084327204,none,none
wroclaw_2024_2025,15,14223,0,0,0.019324138466174937,0.0,0.12094476011265798,none,none
wroclaw_2024_2025,15,14224,0,0,0.024055279498455276,0.0,0.12167937403182325,none,none
wroclaw_2024_2025,15,14225,0,0,0.014324138466174939,0.0,0.12271408602074275,none,none
wroclaw_2024_2025,15,14226,0,0,0.009723712803228524,0.0,0.12242339273732447,none,none
wroclaw_2024_2025,15,14227,0,0,0.014585569204842788,0.0,0.1257155080578473,none,none
wroclaw_2024_2025,15,14228,0,0,0.048406856597915396,0.0,0.1437723262491442,none,none
wroclaw_2024_2025,15,14229,0,0,0.028303579861866643,0.0,0.13652136942441653,none,none
wroclaw_2024_2025,15,14230,0,0,0.014220861730126188,0.0,0.1451577445345426,none,none
wroclaw_2024_2025,15,14231,0,0,0.014462282064560676,0.0,0.15146304548480682,none,none
wroclaw_2024_2025,15,14232,0,0,0.009731141032280339,0.0,0.1502468931561907,none,none
wroclaw_2024_2025,15,14233,0,0,0.005,0.0,0.18412970801859824,none,none
wroclaw_2024_2025,15,14234,0,0,0.014462282064560676,0.0,0.19557976095180168,none,none
wroclaw_2024_2025,15,14235,0,0,0.005,0.0,0.21243477138563105,none,none
wroclaw_2024_2025,15,14236,0,0,0.005,0.0,0.2191344701719026,none,none
wroclaw_2024_2025,15,14237,0,0,0.005,0.0,0.2166214432373294,none,none
wroclaw_2024_2025,15,14238,0,0,0.005,0.0,0.2181725775900991,none,none
wroclaw_2024_2025,15,14239,0,0,0.005,0.0,0.220360123264079,none,none
wroclaw_2024_2025,15,14240,0,0,0.005,0.0,0.220360123264079,none,none
wroclaw_2024_2025,15,14241,0,0,0.005,0.0,0.22216365294201063,none,none
wroclaw_2024_2025,15,14242,0,0,0.00948972069784585,0.0,0.22268709099547687,none,none
wroclaw_2024_2025,15,14243,0,0,0.019220861730126187,0.0,0.22049362148272195,none,none
wroclaw_2024_2025,15,14244,0,0,0.014220861730126188,0.0,0.22019866593313558,none,none
wroclaw_2024_2025,15,14245,0,0,0.005,0.0,0.22019866593313558,none,none
wroclaw_2024_2025,15,14246,0,0,0.005,0.0,0.22064112599351124,none,none
wroclaw_2024_2025,15,14247,0,0,0.00948972069784585,0.0,0.22064112599351124,none,none
wroclaw_2024_2025,15,14248,0,0,0.013979441395691704,0.0,0.22064112599351124,none,none
wroclaw_2024_2025,15,14249,0,0,0.01871058242797204,0.0,0.21952890526743454,none,none
wroclaw_2024_2025,15,14250,0,0,0.013979441395691704,0.0,0.2186913205950603,none,none
wroclaw_2024_2025,15,14251,0,0,0.013979441395691704,0.0,0.2245906935926715,none,none
wroclaw_2024_2025,15,14252,0,0,0.03817286449253272,0.0,0.22503474625995432,none,none
wroclaw_2024_2025,15,14253,0,0,0.02871058242797204,0.0,0.21839905343165258,none,none
wroclaw_2024_2025,15,14254,0,0,0.013979441395691704,0.0,0.21962470008232476,none,none
wroclaw_2024_2025,15,14255,0,0,0.008979441395691701,0.0,0.21962470008232476,none,none
wroclaw_2024_2025,15,14256,0,0,0.013979441395691704,0.0,0.21658269102457614,none,none
wroclaw_2024_2025,15,14257,0,0,0.01371058242797204,0.0,0.22380219201377827,none,none
wroclaw_2024_2025,15,14258,0,0,0.03739372622265891,0.0,0.22040830994558702,none,none
wroclaw_2024_2025,15,14259,0,0,0.032931444158098226,0.0,0.21620883519789055,none,none
wroclaw_2024_2025,15,14260,0,0,0.02371058242797204,0.0,0.2132758015018163,none,none
wroclaw_2024_2025,15,14261,0,0,0.028441723460252376,0.0,0.21147150076087165,none,none
wroclaw_2024_2025,15,14262,0,0,0.028441723460252376,0.0,0.21134291268443423,none,none
wroclaw_2024_2025,15,14263,0,0,0.02371058242797204,0.0,0.21105016857806658,none,none
wroclaw_2024_2025,15,14264,0,0,0.02371058242797204,0.0,0.21270727832833727,none,none
wroclaw_2024_2025,15,14265,0,0,0.02371058242797204,0.0,0.20950810339455608,none,none
wroclaw_2024_2025,15,14266,0,0,0.02371058242797204,0.0,0.21365094368191434,none,none
wroclaw_2024_2025,15,14267,0,0,0.028441723460252376,0.0,0.21365094368191434,none,none
wroclaw_2024_2025,15,14268,0,0,0.02371058242797204,0.0,0.21199254445553814,none,none
wroclaw_2024_2025,15,14269,0,0,0.023441723460252382,0.0,0.16604925002045023,none,none
wroclaw_2024_2025,15,14270,0,0,0.028172864492532715,0.0,0.17666627165413584,none,none
wroclaw_2024_2025,15,14271,0,0,0.04212486725493925,0.0,0.16174294339544237,none,none
wroclaw_2024_2025,15,14272,0,0,0.06954603211088332,0.0,0.18581142933314024,none,none
wroclaw_2024_2025,15,14273,0,0,0.111912319700257,0.0,0.13271691479249464,none,none
wroclaw_2024_2025,15,14274,0,0,0.07505631141303747,0.0,0.1442352244474587,none,none
wroclaw_2024_2025,15,14275,0,0,0.06981489107860299,0.0,0.13790872617060534,none,none
wroclaw_2024_2025,15,14276,0,0,0.06954603211088331,0.0,0.13392776287372116,none,none
wroclaw_2024_2025,15,14277,0,0,0.10296031693785052,0.0,0.13064370714427034,none,none
wroclaw_2024_2025,15,14278,0,0,0.07951859347759814,0.0,0.13074751971475182,none,none
wroclaw_2024_2025,15,14279,0,0,0.08373945520772434,0.0,0.1292781593001279,none,none
wroclaw_2024_2025,15,14280,0,0,0.08873945520772435,0.0,0.1297913751787972,none,none
wroclaw_2024_2025,15,14281,0,0,0.103201737272285,0.0,0.13467752091067875,none,none
wroclaw_2024_2025,15,14282,0,0,0.09424973450987847,0.0,0.12644858200220477,none,none
wroclaw_2024_2025,15,14283,0,0,0.08924973450987847,0.0,0.12400089911490958,none,none
wroclaw_2024_2025,15,14284,0,0,0.08002887277975229,0.0,0.12534076426777283,none,none
wroclaw_2024_2025,15,14285,0,0,0.09398087554215881,0.0,0.1261344896279465,none,none
wroclaw_2024_2025,15,14286,0,0,0.09911159091149273,0.0,0.12743561878924178,none,none
wroclaw_2024_2025,15,14287,0,0,0.08898087554215882,0.0,0.12474334438219391,none,none
wroclaw_2024_2025,15,14288,0,0,0.10728445540402545,0.0,0.12331440236990014,none,none
wroclaw_2024_2025,15,14289,0,0,0.12661602209925216,0.0,0.12518386159115216,none,none
wroclaw_2024_2025,15,14290,0,0,0.10317429863899984,0.0,0.1257279030586814,none,none
wroclaw_2024_2025,15,14291,0,0,0.11239516036912599,0.0,0.12687304266142452,none,none
wroclaw_2024_2025,15,14292,0,0,0.09398087554215881,0.0,0.12884287552297644,none,none
wroclaw_2024_2025,15,14293,0,0,0.09871201657443915,0.0,0.1375371673127995,none,none
wroclaw_2024_2025,15,14294,0,0,0.09949115484431294,0.0,0.1352448895636151,none,none
wroclaw_2024_2025,15,14295,0,0,0.08973257517874746,0.0,0.13600563876983143,none,none
wroclaw_2024_2025,15,14296,0,0,0.09922229587659329,0.0,0.13453107485053495,none,none
wroclaw_2024_2025,15,14297,0,0,0.09435301124592722,0.0,0.13703231332553564,none,none
wroclaw_2024_2025,15,14298,0,0,0.09959443158036171,0.0,0.1374878954296322,none,none
wroclaw_2024_2025,15,14299,0,0,0.09112526948682417,0.0,0.14462531688112215,none,none
wroclaw_2024_2025,15,14300,0,0,0.07690440775669799,0.0,0.14537435197726375,none,none
wroclaw_2024_2025,15,14301,0,0,0.08676626415831225,0.0,0.1483536009215552,none,none
wroclaw_2024_2025,15,14302,0,0,0.07139412845454383,0.0,0.14645597849504022,none,none
wroclaw_2024_2025,15,14303,0,0,0.06273842329314214,0.0,0.14244423301392314,none,none
wroclaw_2024_2025,15,14304,0,0,0.08629085171849507,0.0,0.13610384202563958,none,none
wroclaw_2024_2025,15,14305,0,0,0.06811055899691056,0.0,0.13750991446773156,none,none
wroclaw_2024_2025,15,14306,0,0,0.0291859948677892,0.0,0.13627752161765017,none,none
wroclaw_2024_2025,15,14307,0,0,0.03851756156301596,0.0,0.1307507892714154,none,none
wroclaw_2024_2025,15,14308,0,0,0.05290400552481305,0.0,0.1253256788214935,none,none
wroclaw_2024_2025,15,14309,0,0,0.033683143794686864,0.0,0.12619569178683268,none,none
wroclaw_2024_2025,15,14310,0,0,0.043952002762406524,0.0,0.1235994088061129,none,none
wroclaw_2024_2025,15,14311,0,0,0.03844172346025238,0.0,0.12318200163947729,none,none
wroclaw_2024_2025,15,14312,0,0,0.03838684619368203,0.0,0.12083582788876093,none,none
wroclaw_2024_2025,15,14313,0,0,0.0620699899883689,0.0,0.1203367773498175,none,none
wroclaw_2024_2025,15,14314,0,0,0.0432487025952963,0.0,0.12644497681700909,none,none
wroclaw_2024_2025,15,14315,0,0,0.04405527949845528,0.0,0.12927136423253818,none,none
wroclaw_2024_2025,15,14316,0,0,0.04405527949845528,0.0,0.12124076417699389,none,none
wroclaw_2024_2025,15,14317,0,0,0.04368314379468687,0.0,0.12233851805027225,none,none
wroclaw_2024_2025,15,14318,0,0,0.08790400552481305,0.0,0.11584523116581788,none,none
wroclaw_2024_2025,15,14319,0,0,0.08266258519037857,0.0,0.11374961110024809,none,none
wroclaw_2024_2025,15,14320,0,0,0.05344172346025238,0.0,0.12059105709867228,none,none
wroclaw_2024_2025,15,14321,0,0,0.014489720697845852,0.0,0.11944554358671802,none,none
wroclaw_2024_2025,15,14322,0,0,0.05293144415809822,0.0,0.1174638480047678,none,none
wroclaw_2024_2025,15,14323,0,0,0.02868314379468687,0.0,0.11469976682810655,none,none
wroclaw_2024_2025,15,14324,0,0,0.08816543626348089,0.0,0.12073658856261521,none,none
wroclaw_2024_2025,15,14325,0,0,0.019193423096841012,0.0,0.12036963585200496,none,none
wroclaw_2024_2025,15,14326,0,0,0.05811798722596237,0.0,0.11528950758961065,none,none
wroclaw_2024_2025,15,14327,0,0,0.048386846193682026,0.0,0.11576631356922189,none,none
wroclaw_2024_2025,15,14328,0,0,0.057607707923808225,0.0,0.11688804580289383,none,none
wroclaw_2024_2025,15,14329,0,0,0.05746956432542248,0.0,0.1166289359881029,none,none
wroclaw_2024_2025,15,14330,0,0,0.04311798722596236,0.0,0.1211344878531657,none,none
wroclaw_2024_2025,15,14331,0,0,0.024193423096841013,0.0,0.12678902882045728,none,none
wroclaw_2024_2025,15,14332,0,0,0.02392456412912135,0.0,0.13036811147144522,none,none
wroclaw_2024_2025,15,14333,0,0,0.06725558262427317,0.0,0.1422950031533518,none,none
wroclaw_2024_2025,15,14334,0,0,0.07695928502326833,0.0,0.15175343892271173,none,none
wroclaw_2024_2025,15,14335,0,0,0.08542844711680589,0.0,0.14516085862421046,none,none
wroclaw_2024_2025,15,14336,0,0,0.04857243882958631,0.0,0.16304493318777952,none,none
wroclaw_2024_2025,15,14337,0,0,0.04803472089414698,0.0,0.17215136744285556,none,none
wroclaw_2024_2025,15,14338,0,0,0.028683143794686866,0.0,0.1656708067251469,none,none
wroclaw_2024_2025,15,14339,0,0,0.03838684619368204,0.0,0.17157151810618962,none,none
wroclaw_2024_2025,15,14340,0,0,0.03838684619368204,0.0,0.18936325498850803,none,none
wroclaw_2024_2025,15,14341,0,0,0.037635146557093394,0.0,0.19435604437691667,none,none
wroclaw_2024_2025,15,14342,0,0,0.009462282064560677,0.0,0.21049125605165847,none,none
wroclaw_2024_2025,15,14343,0,0,0.014193423096841013,0.0,0.21574691319319356,none,none
wroclaw_2024_2025,15,14344,0,0,0.009220861730126189,0.0,0.2176235582196471,none,none
wroclaw_2024_2025,15,14345,0,0,0.014193423096841013,0.0,0.21512757424788187,none,none
wroclaw_2024_2025,15,14346,0,0,0.018441723460252378,0.0,0.21405388489593416,none,none
wroclaw_2024_2025,15,14347,0,0,0.03766258519037857,0.0,0.2076798135528649,none,none
wroclaw_2024_2025,15,14348,0,0,0.0145929974338946,0.0,0.20928629876439456,none,none
wroclaw_2024_2025,15,14349,0,0,0.01905527949845528,0.0,0.20797174295180298,none,none
wroclaw_2024_2025,15,14350,0,0,0.023303579861866642,0.0,0.2068710662824564,none,none
wroclaw_2024_2025,15,14351,0,0,0.03327614122858147,0.0,0.1708993303727406,none,none
wroclaw_2024_2025,15,14352,0,0,0.04225558262427317,0.0,0.20599628752516635,none,none
wroclaw_2024_2025,15,14353,0,0,0.05220070535770282,0.0,0.2061938432808596,none,none
wroclaw_2024_2025,15,14354,0,0,0.061042003155008774,0.0,0.2050430304546882,none,none
wroclaw_2024_2025,15,14355,0,0,0.09910416268244095,0.0,0.20350861433377884,none,none
wroclaw_2024_2025,15,14356,0,0,0.06128342348944327,0.0,0.19845091140536528,none,none
wroclaw_2024_2025,15,14357,0,0,0.1085390061137164,0.0,0.1497967454043296,none,none
wroclaw_2024_2025,15,14358,0,0,0.09023542625184978,0.0,0.1318500245425786,none,none
wroclaw_2024_2025,15,14359,0,0,0.11881529331048787,0.0,0.12234281730993946,none,none
wroclaw_2024_2025,15,14360,0,0,0.13482099545669254,0.0,0.12475174925265359,none,none
wroclaw_2024_2025,15,14361,0,0,0.13896601908405515,0.0,0.1254961896534239,none,none
wroclaw_2024_2025,15,14362,0,0,0.13613785166200568,0.0,0.1296416585334414,none,none
wroclaw_2024_2025,15,14363,0,0,0.13033127475884673,0.0,0.13206387666157174,none,none
wroclaw_2024_2025,15,14364,0,0,0.14995913905507827,0.0,0.1321061971949328,none,none
wroclaw_2024_2025,15,14365,0,0,0.1500824261953604,0.0,0.1394792534596095,none,none
wroclaw_2024_2025,15,14366,1,0,0.16931071615453838,0.1,0.1354206409262669,rain,none
wroclaw_2024_2025,15,14367,0,1,0.5967886761380278,0.0,0.1434227291147576,none,rain
wroclaw_2024_2025,15,14368,0,0,0.013979441395691704,0.0,0.14359961912279184,none,none
wroclaw_2024_2025,15,14369,0,0,0.06715230588822442,0.0,0.14429749043668302,none,none
wroclaw_2024_2025,15,14370,0,0,0.03371058242797204,0.0,0.14249545683428894,none,none
wroclaw_2024_2025,15,14371,0,0,0.05814542585924754,0.0,0.14084397757531808,none,none
wroclaw_2024_2025,15,14372,0,0,0.05763514655709339,0.0,0.13525075042437476,none,none
wroclaw_2024_2025,15,14373,0,0,0.043007282260861805,0.0,0.14376384946263565,none,none
wroclaw_2024_2025,15,14374,0,0,0.019193423096841012,0.0,0.1437342589512248,none,none
wroclaw_2024_2025,15,14375,0,0,0.042876566891527884,0.0,0.13595804237736173,none,none
wroclaw_2024_2025,15,14376,0,0,0.0384142848269672,0.0,0.1338677908390393,none,none
wroclaw_2024_2025,15,14377,0,0,0.06733884895608856,0.0,0.13224982827112905,none,none
wroclaw_2024_2025,15,14378,0,0,0.05722814399098799,0.0,0.1277494402773948,none,none
wroclaw_2024_2025,15,14379,0,0,0.057442125692137316,0.0,0.12452433234386116,none,none
wroclaw_2024_2025,15,14380,0,0,0.07273842329314215,0.0,0.12119390302074551,none,none
wroclaw_2024_2025,15,14381,0,0,0.06760027969475639,0.0,0.11814602458150611,none,none
wroclaw_2024_2025,15,14382,0,0,0.05790400552481306,0.0,0.12383141799649966,none,none
wroclaw_2024_2025,15,14383,0,0,0.07327614122858146,0.0,0.11954585821332295,none,none
wroclaw_2024_2025,15,14384,0,0,0.06303472089414697,0.0,0.1192978269771656,none,none
wroclaw_2024_2025,15,14385,0,0,0.072228143990988,0.0,0.12070243783924067,none,none
wroclaw_2024_2025,15,14386,0,0,0.028924564129121352,0.0,0.12147428696854587,none,none
wroclaw_2024_2025,15,14387,0,0,0.029193423096841017,0.0,0.12184073764866572,none,none
wroclaw_2024_2025,15,14388,0,0,0.018952002762406526,0.0,0.12730890392468858,none,none
wroclaw_2024_2025,15,14389,0,0,0.028683143794686866,0.0,0.12293919572630153,none,none
wroclaw_2024_2025,15,14390,0,0,0.034193423096841015,0.0,0.12246684800881547,none,none
wroclaw_2024_2025,15,14391,0,0,0.044324138466174945,0.0,0.12011132683409421,none,none
wroclaw_2024_2025,15,14392,0,0,0.07249700295870766,0.0,0.11723983591332585,none,none
wroclaw_2024_2025,15,14393,0,0,0.043710582427972045,0.0,0.1154775352265595,none,none
wroclaw_2024_2025,15,14394,0,0,0.053655705161401696,0.0,0.11908481276832081,none,none
wroclaw_2024_2025,15,14395,0,0,0.05371058242797204,0.0,0.1269430359188551,none,none
wroclaw_2024_2025,15,14396,0,0,0.057124867254939246,0.0,0.12504283340633912,none,none
wroclaw_2024_2025,15,14397,0,0,0.03378642053073562,0.0,0.12031348194325672,none,none
wroclaw_2024_2025,15,14398,0,0,0.03405527949845528,0.0,0.11990899702665034,none,none
wroclaw_2024_2025,15,14399,0,0,0.014193423096841013,0.0,0.115799686805113,none,none
wroclaw_2024_2025,15,14400,0,0,0.01905527949845528,0.0,0.11102026978454131,none,none
wroclaw_2024_2025,15,14401,0,0,0.019324138466174937,0.0,0.12091060304594717,none,none
wroclaw_2024_2025,15,14402,0,0,0.02881385916402079,0.0,0.11390097827790394,none,none
wroclaw_2024_2025,15,14403,0,0,0.039047851269403466,0.0,0.1137579338178286,none,none
wroclaw_2024_2025,15,14404,0,0,0.051856008287219583,0.0,0.10869546229436225,none,none
wroclaw_2024_2025,15,14405,0,0,0.05720070535770282,0.0,0.10896346445543234,none,none
wroclaw_2024_2025,15,14406,0,0,0.07233884895608857,0.0,0.11003612109120359,none,none
wroclaw_2024_2025,15,14407,0,0,0.12118014675339449,0.0,0.11096564942409329,none,none
wroclaw_2024_2025,15,14408,0,0,0.07185600828721958,0.0,0.11420259040806881,none,none
wroclaw_2024_2025,15,14409,0,0,0.05273842329314214,0.0,0.11326043603656605,none,none
wroclaw_2024_2025,15,14410,1,0,0.04813799763019573,0.1,0.1157055838488793,rain,none
wroclaw_2024_2025,15,14411,0,1,0.6739539206233812,0.0,0.11833527861645085,none,rain
wroclaw_2024_2025,15,14412,0,0,0.03381385916402079,0.0,0.11410788014548695,none,none
wroclaw_2024_2025,15,14413,0,0,0.05827614122858147,0.0,0.11716563248740318,none,none
wroclaw_2024_2025,15,14414,0,0,0.058517561563015956,0.0,0.11487358649623516,none,none
wroclaw_2024_2025,15,14415,0,0,0.11300728226086176,0.0,0.10888907219453407,none,none
wroclaw_2024_2025,15,14416,0,0,0.14287656689152786,0.0,0.11284601279730855,none,none
wroclaw_2024_2025,15,14417,0,0,0.02973114103228034,0.0,0.11191502684455319,none,none
wroclaw_2024_2025,15,14418,0,0,0.019351577099460112,0.0,0.12185407051552967,none,none
wroclaw_2024_2025,15,14419,0,0,0.024324138466174938,0.0,0.120548002293277,none,none
wroclaw_2024_2025,15,14420,0,0,0.034324138466174936,0.0,0.11239476702802667,none,none
wroclaw_2024_2025,15,14421,0,0,0.03946228206456068,0.0,0.11125006815816274,none,none
wroclaw_2024_2025,15,14422,0,0,0.02881385916402079,0.0,0.10962897296442242,none,none
wroclaw_2024_2025,15,14423,0,0,0.01473114103228034,0.0,0.11523542009419813,none,none
wroclaw_2024_2025,15,14424,0,0,0.03817286449253272,0.0,0.1177506747710427,none,none
wroclaw_2024_2025,15,14425,0,0,0.019324138466174937,0.0,0.12181965237612143,none,none
wroclaw_2024_2025,15,14426,0,0,0.0295929974338946,0.0,0.1271363607120377,none,none
wroclaw_2024_2025,15,14427,0,0,0.02448972069784585,0.0,0.1298789754471178,none,none
wroclaw_2024_2025,15,14428,0,0,0.015,0.0,0.1372773869427003,none,none
wroclaw_2024_2025,15,14429,0,0,0.019462282064560677,0.0,0.1351627336787681,none,none
wroclaw_2024_2025,15,14430,0,0,0.009861856401614261,0.0,0.14407388232329862,none,none
wroclaw_2024_2025,15,14431,0,0,0.019462282064560677,0.0,0.14336141820777512,none,none
wroclaw_2024_2025,15,14432,0,0,0.03881385916402079,0.0,0.1440073263243867,none,none
wroclaw_2024_2025,15,14433,0,0,0.01,0.0,0.1575995638380155,none,none
wroclaw_2024_2025,15,14434,0,0,0.013841297797305965,0.0,0.160528742879653,none,none
wroclaw_2024_2025,15,14435,0,0,0.004861856401614262,0.0,0.15644241577529056,none,none
wroclaw_2024_2025,15,14436,0,0,0.0044897206978458505,0.0,0.15473841527529797,none,none
wroclaw_2024_2025,15,14437,0,0,0.023172864492532717,0.0,0.15151227133915093,none,none
wroclaw_2024_2025,15,14438,0,0,0.01895200276240653,0.0,0.14907628359309397,none,none
wroclaw_2024_2025,15,14439,0,0,0.06784170002919089,0.0,0.17847250037533216,none,none
wroclaw_2024_2025,15,14440,0,0,0.048276141228581475,0.0,0.1556741852546046,none,none
wroclaw_2024_2025,15,14441,0,0,0.0715797210904481,0.0,0.16429882563525675,none,none
wroclaw_2024_2025,15,14442,0,0,0.07184858005816777,0.0,0.15200235533261014,none,none
wroclaw_2024_2025,15,14443,0,0,0.1097525855829808,0.0,0.17694015686956746,none,none
wroclaw_2024_2025,15,14444,0,0,0.06701416228983868,0.0,0.1748383177822297,none,none
wroclaw_2024_2025,15,14445,0,0,0.03793144415809823,0.0,0.1748104156728055,none,none
wroclaw_2024_2025,15,14446,0,0,0.02922086173012619,0.0,0.17472529716554086,none,none
wroclaw_2024_2025,15,14447,0,0,0.01,0.0,0.16702936969877563,none,none
wroclaw_2024_2025,15,14448,0,0,0.048441723460252384,0.0,0.1844316421508724,none,none
wroclaw_2024_2025,15,14449,0,0,0.09722814399098798,0.0,0.18722095071967015,none,none
wroclaw_2024_2025,15,14450,0,0,0.06214487765917261,0.0,0.16298519945996198,none,none
wroclaw_2024_2025,15,14451,0,0,0.04354500019630112,0.0,0.1445070135972558,none,none
wroclaw_2024_2025,15,14452,0,0,0.009731141032280339,0.0,0.1409397483178172,none,none
wroclaw_2024_2025,15,14453,1,0,0.009731141032280339,0.1,0.14802647737310376,rain,none
wroclaw_2024_2025,15,14454,0,0,0.28031269850108054,0.0,0.22777798261296997,none,none
wroclaw_2024_2025,15,14455,0,0,0.019220861730126187,0.0,0.16041697958795645,none,none
wroclaw_2024_2025,15,14456,0,0,0.014220861730126188,0.0,0.20827413147441168,none,none
wroclaw_2024_2025,15,14457,0,0,0.014220861730126188,0.0,0.2134849830821895,none,none
wroclaw_2024_2025,15,14458,0,0,0.023441723460252382,0.0,0.16537451623488497,none,none
wroclaw_2024_2025,15,14459,0,0,0.01371058242797204,0.0,0.1626121305746945,none,none
wroclaw_2024_2025,15,14460,0,0,0.023441723460252376,0.0,0.16334848191549237,none,none
wroclaw_2024_2025,15,14461,0,0,0.0047311410322803385,0.0,0.15827241320416172,none,none
wroclaw_2024_2025,15,14462,0,0,0.06711743902588743,0.0,0.14910053212756524,none,none
wroclaw_2024_2025,15,14463,0,0,0.08066986745124037,0.0,0.14156111843448074,none,none
wroclaw_2024_2025,15,14464,0,0,0.0713383007560136,0.0,0.14480697181391006,none,none
wroclaw_2024_2025,15,14465,0,0,0.04787656689152788,0.0,0.13135410921519478,none,none
wroclaw_2024_2025,15,14466,0,0,0.041883446920504754,0.0,0.12817415643077423,none,none
wroclaw_2024_2025,15,14467,0,0,0.032793300559712496,0.0,0.12835430409622522,none,none
wroclaw_2024_2025,15,14468,0,0,0.03317286449253272,0.0,0.12847131797074104,none,none
wroclaw_2024_2025,15,14469,0,0,0.014193423096841013,0.0,0.13077700946307752,none,none
wroclaw_2024_2025,15,14470,0,0,0.005,0.0,0.12862306521659805,none,none
wroclaw_2024_2025,15,14471,0,0,0.014220861730126188,0.0,0.12604373329310672,none,none
wroclaw_2024_2025,15,14472,0,0,0.047931444158098226,0.0,0.135593857524047,none,none
wroclaw_2024_2025,15,14473,0,0,0.032904005524813054,0.0,0.12117037837774516,none,none
wroclaw_2024_2025,15,14474,0,0,0.019220861730126187,0.0,0.12051072975527818,none,none
wroclaw_2024_2025,15,14475,0,0,0.019454853835508865,0.0,0.11793001883036594,none,none
wroclaw_2024_2025,15,14476,0,0,0.0047311410322803385,0.0,0.12269557780895368,none,none
wroclaw_2024_2025,15,14477,0,0,0.0047311410322803385,0.0,0.1268259056816214,none,none
wroclaw_2024_2025,15,14478,0,0,0.014193423096841013,0.0,0.1356972500989386,none,none
wroclaw_2024_2025,15,14479,0,0,0.019193423096841012,0.0,0.13026108757615837,none,none
wroclaw_2024_2025,15,14480,0,0,0.014193423096841013,0.0,0.13004349402520798,none,none
wroclaw_2024_2025,15,14481,0,0,0.009462282064560677,0.0,0.12493469828246424,none,none
wroclaw_2024_2025,15,14482,0,0,0.01881385916402079,0.0,0.12025840470671777,none,none
wroclaw_2024_2025,30,11585,0,0,0.005,0.0,0.12463187156930376,none,none
wroclaw_2024_2025,30,11586,0,0,0.0047311178247734145,0.0,0.11863124817535721,none,none
wroclaw_2024_2025,30,11587,0,0,0.0047311178247734145,0.0,0.1301178043366838,none,none
wroclaw_2024_2025,30,11588,0,0,0.014731117824773415,0.0,0.13269126216098318,none,none
wroclaw_2024_2025,30,11589,0,0,0.009220796723855984,0.0,0.12465099421180945,none,none
wroclaw_2024_2025,30,11590,0,0,0.0189519145486294,0.0,0.1183516913477509,none,none
wroclaw_2024_2025,30,11591,0,0,0.028951914548629398,0.0,0.11525306255844849,none,none
wroclaw_2024_2025,30,11592,0,0,0.023683032373402812,0.0,0.11126082367445198,none,none
wroclaw_2024_2025,30,11593,0,0,0.009731117824773414,0.0,0.10875507200673887,none,none
wroclaw_2024_2025,30,11594,0,0,0.014351523046862762,0.0,0.11178066099485232,none,none
wroclaw_2024_2025,30,11595,0,0,0.009861844147780192,0.0,0.11231822183537388,none,none
wroclaw_2024_2025,30,11596,0,0,0.014731117824773415,0.0,0.11248016179401786,none,none
wroclaw_2024_2025,30,11597,0,0,0.0047311178247734145,0.0,0.11033190334598532,none,none
wroclaw_2024_2025,30,11598,0,0,0.043441593447711965,0.0,0.1065330924753134,none,none
wroclaw_2024_2025,30,11599,0,0,0.06266239017156794,0.0,0.10886760717658743,none,none
wroclaw_2024_2025,30,11600,0,0,0.08276567324503897,0.0,0.10527674508738245,none,none
wroclaw_2024_2025,30,11601,0,0,0.03817271127248538,0.0,0.11054059216287787,none,none
wroclaw_2024_2025,30,11602,0,0,0.009861844147780192,0.0,0.11426163821575315,none,none
wroclaw_2024_2025,30,11603,0,0,0.03844159344771197,0.0,0.11793579030068017,none,none
wroclaw_2024_2025,30,11604,0,0,0.014351523046862762,0.0,0.1260766420503304,none,none
wroclaw_2024_2025,30,11605,0,0,0.004861844147780192,0.0,0.12013730031468015,none,none
wroclaw_2024_2025,30,11606,0,0,0.0047311178247734145,0.0,0.1191576311647145,none,none
wroclaw_2024_2025,30,11607,0,0,0.009462235649546829,0.0,0.1179326958287941,none,none
wroclaw_2024_2025,30,11608,0,0,0.0,0.0,0.11686075443231779,none,none
wroclaw_2024_2025,30,11609,0,0,0.0,0.0,0.12501070828981076,none,none
wroclaw_2024_2025,30,11610,0,0,0.0,0.0,0.13626120878080003,none,none
wroclaw_2024_2025,30,11611,0,0,0.0,0.0,0.14479780446648782,none,none
wroclaw_2024_2025,30,11612,0,0,0.0047311178247734145,0.0,0.14689139990226668,none,none
wroclaw_2024_2025,30,11613,0,0,0.0,0.0,0.14270803078911531,none,none
wroclaw_2024_2025,30,11614,0,0,0.0,0.0,0.1305002798118947,none,none
wroclaw_2024_2025,30,11615,0,0,0.005,0.0,0.13110162852279605,none,none
wroclaw_2024_2025,30,11616,0,0,0.0047311178247734145,0.0,0.12093412223828448,none,none
wroclaw_2024_2025,30,11617,0,0,0.0047311178247734145,0.0,0.1224461961176745,none,none
wroclaw_2024_2025,30,11618,0,0,0.0047311178247734145,0.0,0.1207167149072718,none,none
wroclaw_2024_2025,30,11619,0,0,0.024193353474320244,0.0,0.12033216214091533,none,none
wroclaw_2024_2025,30,11620,0,0,0.038924471299093655,0.0,0.12423275053256201,none,none
wroclaw_2024_2025,30,11621,0,0,0.02932407979732702,0.0,0.11749811076140787,none,none
wroclaw_2024_2025,30,11622,0,0,0.07238607846712833,0.0,0.12027342222413634,none,none
wroclaw_2024_2025,30,11623,0,0,0.024592961972553607,0.0,0.13258950782946272,none,none
wroclaw_2024_2025,30,11624,0,0,0.0189519145486294,0.0,0.12611008941730065,none,none
wroclaw_2024_2025,30,11625,0,0,0.03779311649457473,0.0,0.1199540579225241,none,none
wroclaw_2024_2025,30,11626,0,0,0.029075211342423146,0.0,0.11903396612873422,none,none
wroclaw_2024_2025,30,11627,0,0,0.009861844147780192,0.0,0.11673734319735338,none,none
wroclaw_2024_2025,30,11628,0,0,0.014723688295560384,0.0,0.11548208766589184,none,none
wroclaw_2024_2025,30,11629,0,0,0.014723688295560384,0.0,0.1177954169366403,none,none
wroclaw_2024_2025,30,11630,0,0,0.02381375869640959,0.0,0.11756666117158678,none,none
wroclaw_2024_2025,30,11631,0,0,0.019213367194642953,0.0,0.11986366204724667,none,none
wroclaw_2024_2025,30,11632,0,0,0.014723688295560384,0.0,0.12191649142868533,none,none
wroclaw_2024_2025,30,11633,0,0,0.014723688295560384,0.0,0.11663407320156047,none,none
wroclaw_2024_2025,30,11634,0,0,0.0194548061203338,0.0,0.12217080139942238,none,none
wroclaw_2024_2025,30,11635,0,0,0.0294548061203338,0.0,0.12439932544196199,none,none
wroclaw_2024_2025,30,11636,0,0,0.04418592394510721,0.0,0.13491669999451011,none,none
wroclaw_2024_2025,30,11637,0,0,0.04904776809288741,0.0,0.12327769510409994,none,none
wroclaw_2024_2025,30,11638,0,0,0.028944485019416367,0.0,0.12070134174962192,none,none
wroclaw_2024_2025,30,11639,0,0,0.038165281743272356,0.0,0.1238206980242338,none,none
wroclaw_2024_2025,30,11640,0,0,0.014592961972553607,0.0,0.13311031411813679,none,none
wroclaw_2024_2025,30,11641,0,0,0.014723688295560384,0.0,0.13566203144162417,none,none
wroclaw_2024_2025,30,11642,0,0,0.0294548061203338,0.0,0.12733556060261528,none,none
wroclaw_2024_2025,30,11643,0,0,0.02881375869640959,0.0,0.12949323126019327,none,none
wroclaw_2024_2025,30,11644,0,0,0.0339519145486294,0.0,0.12150339640096565,none,none
wroclaw_2024_2025,30,11645,0,0,0.029185923945107214,0.0,0.11742314597341119,none,none
wroclaw_2024_2025,30,11646,0,0,0.004861844147780192,0.0,0.11406303279111252,none,none
wroclaw_2024_2025,30,11647,0,0,0.014351523046862762,0.0,0.1155665809482726,none,none
wroclaw_2024_2025,30,11648,0,0,0.0189519145486294,0.0,0.11451015391249594,none,none
wroclaw_2024_2025,30,11649,0,0,0.019082640871636178,0.0,0.11392840737243623,none,none
wroclaw_2024_2025,30,11650,0,0,0.01932407979732702,0.0,0.11342485361223946,none,none
wroclaw_2024_2025,30,11651,0,0,0.028951914548629398,0.0,0.11645066033898892,none,none
wroclaw_2024_2025,30,11652,0,0,0.024454806120333798,0.0,0.11837090132172706,none,none
wroclaw_2024_2025,30,11653,0,0,0.019592961972553606,0.0,0.1199939277538101,none,none
wroclaw_2024_2025,30,11654,0,0,0.02446223564954683,0.0,0.11953651373913216,none,none
wroclaw_2024_2025,30,11655,0,0,0.009731117824773414,0.0,0.12040044206145174,none,none
wroclaw_2024_2025,30,11656,0,0,0.009731117824773414,0.0,0.1256934831564241,none,none
wroclaw_2024_2025,30,11657,0,0,0.028414150198176228,0.0,0.12803851465524518,none,none
wroclaw_2024_2025,30,11658,0,0,0.009731117824773414,0.0,0.13262543646154998,none,none
wroclaw_2024_2025,30,11659,0,0,0.0,0.0,0.1346967711854386,none,none
wroclaw_2024_2025,30,11660,0,0,0.005,0.0,0.11913070224965064,none,none
wroclaw_2024_2025,30,11661,0,0,0.005,0.0,0.1324088120975903,none,none
wroclaw_2024_2025,30,11662,0,0,0.009731117824773414,0.0,0.14423365576586164,none,none
wroclaw_2024_2025,30,11663,0,0,0.01932407979732702,0.0,0.14819009280278841,none,none
wroclaw_2024_2025,30,11664,0,0,0.009731117824773414,0.0,0.17078313553775937,none,none
wroclaw_2024_2025,30,11665,0,0,0.0047311178247734145,0.0,0.1667177524086171,none,none
wroclaw_2024_2025,30,11666,0,0,0.009220796723855984,0.0,0.14077247377932608,none,none
wroclaw_2024_2025,30,11667,0,0,0.005,0.0,0.16348882693966268,none,none
wroclaw_2024_2025,30,11668,0,0,0.0,0.0,0.20678255939177698,none,none
wroclaw_2024_2025,30,11669,0,0,0.005,0.0,0.21232644635352615,none,none
wroclaw_2024_2025,30,11670,0,0,0.0047311178247734145,0.0,0.21338767203443756,none,none
wroclaw_2024_2025,30,11671,0,0,0.0,0.0,0.2020853209728776,none,none
wroclaw_2024_2025,30,11672,0,0,0.0047311178247734145,0.0,0.20324510283246397,none,none
wroclaw_2024_2025,30,11673,0,0,0.0047311178247734145,0.0,0.20748688076298635,none,none
wroclaw_2024_2025,30,11674,0,0,0.0,0.0,0.20271885484060753,none,none
wroclaw_2024_2025,30,11675,0,0,0.004861844147780192,0.0,0.2099001764039384,none,none
wroclaw_2024_2025,30,11676,0,0,0.013841201945945332,0.0,0.21758461216399616,none,none
wroclaw_2024_2025,30,11677,0,0,0.014731117824773415,0.0,0.219654376348237,none,none
wroclaw_2024_2025,30,11678,0,0,0.0047311178247734145,0.0,0.17805685300019583,none,none
wroclaw_2024_2025,30,11679,0,0,0.019592961972553606,0.0,0.14507270943798478,none,none
wroclaw_2024_2025,30,11680,0,0,0.05314526802294964,0.0,0.14093438483925508,none,none
wroclaw_2024_2025,30,11681,0,0,0.039055197622100433,0.0,0.12941335763955777,none,none
wroclaw_2024_2025,30,11682,0,0,0.03919335347432024,0.0,0.1269784674551353,none,none
wroclaw_2024_2025,30,11683,0,0,0.05419335347432025,0.0,0.13054197594282207,none,none
wroclaw_2024_2025,30,11684,0,0,0.019731117824773416,0.0,0.13645948792030385,none,none
wroclaw_2024_2025,30,11685,0,0,0.01448967889908257,0.0,0.13638738992832625,none,none
wroclaw_2024_2025,30,11686,0,0,0.058137838493736604,0.0,0.12280370941781726,none,none
wroclaw_2024_2025,30,11687,0,0,0.03354487652118301,0.0,0.10986497413784954,none,none
wroclaw_2024_2025,30,11688,0,0,0.02881375869640959,0.0,0.11014326434916846,none,none
wroclaw_2024_2025,30,11689,0,0,0.014592961972553607,0.0,0.1112593434675913,none,none
wroclaw_2024_2025,30,11690,0,0,0.014731117824773415,0.0,0.10772580014597062,none,none
wroclaw_2024_2025,30,11691,0,0,0.005,0.0,0.10785967593963579,none,none
wroclaw_2024_2025,30,11692,0,0,0.019731117824773416,0.0,0.1085185685645695,none,none
wroclaw_2024_2025,30,11693,0,0,0.024861844147780192,0.0,0.11369080042990648,none,none
wroclaw_2024_2025,30,11694,0,0,0.06722790889458581,0.0,0.11888190143316686,none,none
wroclaw_2024_2025,30,11695,0,0,0.07669014454413263,0.0,0.12090066488887638,none,none
wroclaw_2024_2025,30,11696,0,0,0.04776567324503899,0.0,0.12017229636639362,none,none
wroclaw_2024_2025,30,11697,0,0,0.02446223564954683,0.0,0.11273147596785178,none,none
wroclaw_2024_2025,30,11698,0,0,0.02,0.0,0.1094056305819655,none,none
wroclaw_2024_2025,30,11699,0,0,0.03946223564954683,0.0,0.10559742332567855,none,none
wroclaw_2024_2025,30,11700,0,0,0.019731117824773416,0.0,0.10700382798277254,none,none
wroclaw_2024_2025,30,11701,0,0,0.0,0.0,0.10962301355169385,none,none
wroclaw_2024_2025,30,11702,0,0,0.014462235649546828,0.0,0.10746955348348473,none,none
wroclaw_2024_2025,30,11703,0,0,0.009731117824773414,0.0,0.10626567765996184,none,none
wroclaw_2024_2025,30,11704,0,0,0.0047311178247734145,0.0,0.10693433590605418,none,none
wroclaw_2024_2025,30,11705,0,0,0.014731117824773415,0.0,0.10653309247531338,none,none
wroclaw_2024_2025,30,11706,0,0,0.005,0.0,0.10706811604617107,none,none
wroclaw_2024_2025,30,11707,0,0,0.004861844147780192,0.0,0.11039638468380122,none,none
wroclaw_2024_2025,30,11708,0,0,0.005,0.0,0.11322799595124407,none,none
wroclaw_2024_2025,30,11709,0,0,0.005,0.0,0.11390012055736157,none,none
wroclaw_2024_2025,30,11710,0,0,0.0,0.0,0.11236651915782551,none,none
wroclaw_2024_2025,30,11711,0,0,0.0,0.0,0.1121622784679686,none,none
wroclaw_2024_2025,30,11712,0,0,0.009861844147780192,0.0,0.11353872019190446,none,none
wroclaw_2024_2025,30,11713,0,0,0.014592961972553607,0.0,0.11246267890396161,none,none
wroclaw_2024_2025,30,11714,0,0,0.024185923945107213,0.0,0.11702068090734694,none,none
wroclaw_2024_2025,30,11715,0,0,0.05238607846712834,0.0,0.11623337916813152,none,none
wroclaw_2024_2025,30,11716,0,0,0.03829600806627913,0.0,0.1219404029993028,none,none
wroclaw_2024_2025,30,11717,0,0,0.057896399568045764,0.0,0.12278519972856479,none,none
wroclaw_2024_2025,30,11718,0,0,0.05289639956804576,0.0,0.11435636154930187,none,none
wroclaw_2024_2025,30,11719,0,0,0.05303455542026556,0.0,0.10959994091875662,none,none
wroclaw_2024_2025,30,11720,0,0,0.0664487056184418,0.0,0.10731428988348365,none,none
wroclaw_2024_2025,30,11721,0,0,0.04378631544687386,0.0,0.10582186407189635,none,none
wroclaw_2024_2025,30,11722,0,0,0.03408264087163618,0.0,0.1135032217238137,none,none
wroclaw_2024_2025,30,11723,0,0,0.038813758696409593,0.0,0.10755953511212207,none,none
wroclaw_2024_2025,30,11724,0,0,0.024193353474320244,0.0,0.11542954519493223,none,none
wroclaw_2024_2025,30,11725,0,0,0.009861844147780192,0.0,0.117971277227901,none,none
wroclaw_2024_2025,30,11726,0,0,0.0047311178247734145,0.0,0.11062702473339044,none,none
wroclaw_2024_2025,30,11727,0,0,0.01932407979732702,0.0,0.10847639153712162,none,none
wroclaw_2024_2025,30,11728,0,0,0.01432407979732702,0.0,0.11152944595386582,none,none
wroclaw_2024_2025,30,11729,0,0,0.01432407979732702,0.0,0.11419693242050726,none,none
wroclaw_2024_2025,30,11730,0,0,0.023951914548629397,0.0,0.1095807945022106,none,none
wroclaw_2024_2025,30,11731,0,0,0.01932407979732702,0.0,0.11334172659844007,none,none
wroclaw_2024_2025,30,11732,0,0,0.01448967889908257,0.0,0.10907675942554441,none,none
wroclaw_2024_2025,30,11733,0,0,0.009351523046862762,0.0,0.11469805015752434,none,none
wroclaw_2024_2025,30,11734,0,0,0.014861844147780192,0.0,0.11671423878581261,none,none
wroclaw_2024_2025,30,11735,0,0,0.029592961972553608,0.0,0.11771352116826485,none,none
wroclaw_2024_2025,30,11736,0,0,0.034055197622100436,0.0,0.11977399279106038,none,none
wroclaw_2024_2025,30,11737,0,0,0.04446223564954683,0.0,0.11963373733724168,none,none
wroclaw_2024_2025,30,11738,0,0,0.0489519145486294,0.0,0.1168454341678632,none,none
wroclaw_2024_2025,30,11739,0,0,0.02932407979732702,0.0,0.1222782729475902,none,none
wroclaw_2024_2025,30,11740,0,0,0.02814526802294964,0.0,0.12359260418355782,none,none
wroclaw_2024_2025,30,11741,0,0,0.019220796723855984,0.0,0.12955281390517798,none,none
wroclaw_2024_2025,30,11742,0,0,0.009462235649546829,0.0,0.1325270455078639,none,none
wroclaw_2024_2025,30,11743,0,0,0.0,0.0,0.13364932229566903,none,none
wroclaw_2024_2025,30,11744,0,0,0.014462235649546828,0.0,0.1425629860416102,none,none
wroclaw_2024_2025,30,11745,0,0,0.014193353474320243,0.0,0.14062685110958525,none,none
wroclaw_2024_2025,30,11746,0,0,0.01881375869640959,0.0,0.16997555281759147,none,none
wroclaw_2024_2025,30,11747,0,0,0.06803455542026557,0.0,0.18598712324719405,none,none
wroclaw_2024_2025,30,11748,0,0,0.07343416391849894,0.0,0.12677453527379715,none,none
wroclaw_2024_2025,30,11749,0,0,0.07755167756888388,0.0,0.12836607206372075,none,none
wroclaw_2024_2025,30,11750,0,0,0.07086254469358907,0.0,0.12384245249816367,none,none
wroclaw_2024_2025,30,11751,0,0,0.04817271127248539,0.0,0.12130558372971585,none,none
wroclaw_2024_2025,30,11752,0,0,0.009462235649546829,0.0,0.12238313225436036,none,none
wroclaw_2024_2025,30,11753,0,0,0.009731117824773414,0.0,0.12090187711864196,none,none
wroclaw_2024_2025,30,11754,0,0,0.0047311178247734145,0.0,0.12909988866381528,none,none
wroclaw_2024_2025,30,11755,0,0,0.0,0.0,0.16460404193580092,none,none
wroclaw_2024_2025,30,11756,0,0,0.004861844147780192,0.0,0.1762184975526716,none,none
wroclaw_2024_2025,30,11757,0,0,0.0,0.0,0.18902645340600657,none,none
wroclaw_2024_2025,30,11758,0,0,0.004861844147780192,0.0,0.18810293831055055,none,none
wroclaw_2024_2025,30,11759,0,0,0.004861844147780192,0.0,0.18675122426627722,none,none
wroclaw_2024_2025,30,11760,0,0,0.004861844147780192,0.0,0.19163162418900428,none,none
wroclaw_2024_2025,30,11761,0,0,0.0,0.0,0.19364651341378603,none,none
wroclaw_2024_2025,30,11762,0,0,0.0,0.0,0.1919825500431539,none,none
wroclaw_2024_2025,30,11763,0,0,0.0047311178247734145,0.0,0.19716605092553136,none,none
wroclaw_2024_2025,30,11764,0,0,0.0,0.0,0.19516386213272224,none,none
wroclaw_2024_2025,30,11765,0,0,0.0,0.0,0.19586310391221204,none,none
wroclaw_2024_2025,30,11766,0,0,0.0,0.0,0.19338577908834303,none,none
wroclaw_2024_2025,30,11767,0,0,0.009220796723855984,0.0,0.19429862949134194,none,none
wroclaw_2024_2025,30,11768,0,0,0.0047311178247734145,0.0,0.20333574385556955,none,none
wroclaw_2024_2025,30,11769,0,0,0.0047311178247734145,0.0,0.20246352761307143,none,none
wroclaw_2024_2025,30,11770,0,0,0.0,0.0,0.20425988916998758,none,none
wroclaw_2024_2025,30,11771,0,0,0.005,0.0,0.22157908325915301,none,none
wroclaw_2024_2025,30,11772,0,0,0.0,0.0,0.2210606619994059,none,none
wroclaw_2024_2025,30,11773,0,0,0.009220796723855984,0.0,0.22569351797657397,none,none
wroclaw_2024_2025,30,11774,0,0,0.01881375869640959,0.0,0.25882449950268344,none,none
wroclaw_2024_2025,30,11775,0,0,0.0,0.0,0.23632143620101867,none,none
wroclaw_2024_2025,30,11776,0,0,0.0,0.0,0.17520799658466377,none,none
wroclaw_2024_2025,30,11777,0,0,0.0,0.0,0.16045267316126904,none,none
wroclaw_2024_2025,30,11778,0,0,0.0047311178247734145,0.0,0.16063682947722752,none,none
wroclaw_2024_2025,30,11779,0,0,0.0047311178247734145,0.0,0.15127490639349864,none,none
wroclaw_2024_2025,30,11780,0,0,0.0,0.0,0.14409926213085106,none,none
wroclaw_2024_2025,30,11781,0,0,0.0,0.0,0.147239328062086,none,none
wroclaw_2024_2025,30,11782,0,0,0.0,0.0,0.15403174131920574,none,none
wroclaw_2024_2025,30,11783,0,0,0.0,0.0,0.13909387133850692,none,none
wroclaw_2024_2025,30,11784,0,0,0.0,0.0,0.13841725653506975,none,none
wroclaw_2024_2025,30,11785,0,0,0.005,0.0,0.1388795100600363,none,none
wroclaw_2024_2025,30,11786,0,0,0.0047311178247734145,0.0,0.13730050975014838,none,none
wroclaw_2024_2025,30,11787,0,0,0.0,0.0,0.12934475415652827,none,none
wroclaw_2024_2025,30,11788,0,0,0.01,0.0,0.12722863738328408,none,none
wroclaw_2024_2025,30,11789,0,0,0.01,0.0,0.12903135810779431,none,none
wroclaw_2024_2025,30,11790,0,0,0.0047311178247734145,0.0,0.12606630684563944,none,none
wroclaw_2024_2025,30,11791,0,0,0.00448967889908257,0.0,0.12449212695271722,none,none
wroclaw_2024_2025,30,11792,0,0,0.00448967889908257,0.0,0.12340786253093756,none,none
wroclaw_2024_2025,30,11793,0,0,0.0,0.0,0.1196964052390994,none,none
wroclaw_2024_2025,30,11794,0,0,0.0,0.0,0.12644989612238225,none,none
wroclaw_2024_2025,30,11795,0,0,0.0,0.0,0.11826905758596497,none,none
wroclaw_2024_2025,30,11796,0,0,0.0047311178247734145,0.0,0.12699499668786812,none,none
wroclaw_2024_2025,30,11797,0,0,0.005,0.0,0.12628151721325878,none,none
wroclaw_2024_2025,30,11798,0,0,0.0,0.0,0.13113666238370217,none,none
wroclaw_2024_2025,30,11799,0,0,0.00948967889908257,0.0,0.12945376112848775,none,none
wroclaw_2024_2025,30,11800,0,0,0.009731117824773414,0.0,0.12605217396246282,none,none
wroclaw_2024_2025,30,11801,0,0,0.01,0.0,0.12471394293850376,none,none
wroclaw_2024_2025,30,11802,0,0,0.009489678899082568,0.0,0.11332872649611245,none,none
wroclaw_2024_2025,30,11803,0,0,0.014220796723855985,0.0,0.10750692098744076,none,none
wroclaw_2024_2025,30,11804,0,0,0.0,0.0,0.10961823324226234,none,none
wroclaw_2024_2025,30,11805,0,0,0.0047311178247734145,0.0,0.1115502222017182,none,none
wroclaw_2024_2025,30,11806,0,0,0.0,0.0,0.11602961437130216,none,none
wroclaw_2024_2025,30,11807,0,0,0.0047311178247734145,0.0,0.12115609968336827,none,none
wroclaw_2024_2025,30,11808,0,0,0.0,0.0,0.11994818548519443,none,none
wroclaw_2024_2025,30,11809,0,0,0.0047311178247734145,0.0,0.13226409139069387,none,none
wroclaw_2024_2025,30,11810,0,0,0.0,0.0,0.13299928391663626,none,none
wroclaw_2024_2025,30,11811,0,0,0.0047311178247734145,0.0,0.133475945916776,none,none
wroclaw_2024_2025,30,11812,0,0,0.0,0.0,0.1305928318812807,none,none
wroclaw_2024_2025,30,11813,0,0,0.0,0.0,0.1286763027701647,none,none
wroclaw_2024_2025,30,11814,0,0,0.005,0.0,0.11781721804257149,none,none
wroclaw_2024_2025,30,11815,0,0,0.005,0.0,0.11065927350353151,none,none
wroclaw_2024_2025,30,11816,0,0,0.005,0.0,0.11568911974824848,none,none
wroclaw_2024_2025,30,11817,0,0,0.005,0.0,0.11734669789898632,none,none
wroclaw_2024_2025,30,11818,0,0,0.0,0.0,0.11963448301780555,none,none
wroclaw_2024_2025,30,11819,0,0,0.0,0.0,0.12082530762696546,none,none
wroclaw_2024_2025,30,11820,0,0,0.0,0.0,0.1175041124686401,none,none
wroclaw_2024_2025,30,11821,0,0,0.0,0.0,0.12038155361012273,none,none
wroclaw_2024_2025,30,11822,0,0,0.0,0.0,0.11394997035533948,none,none
wroclaw_2024_2025,30,11823,0,0,0.0,0.0,0.11307790297216536,none,none
wroclaw_2024_2025,30,11824,0,0,0.0,0.0,0.11348397601853179,none,none
wroclaw_2024_2025,30,11825,0,0,0.0,0.0,0.11374309781331017,none,none
wroclaw_2024_2025,30,11826,0,0,0.0,0.0,0.12737653254466824,none,none
wroclaw_2024_2025,30,11827,0,0,0.0,0.0,0.11987582853242934,none,none
wroclaw_2024_2025,30,11828,0,0,0.0,0.0,0.13105395488322852,none,none
wroclaw_2024_2025,30,11829,0,0,0.01432407979732702,0.0,0.1244755331919573,none,none
wroclaw_2024_2025,30,11830,0,0,0.009462235649546829,0.0,0.11989750664314514,none,none
wroclaw_2024_2025,30,11831,0,0,0.009592961972553606,0.0,0.12408999350498093,none,none
wroclaw_2024_2025,30,11832,0,0,0.009731117824773414,0.0,0.12470118210595525,none,none
wroclaw_2024_2025,30,11833,0,0,0.019731117824773416,0.0,0.13661302137062187,none,none
wroclaw_2024_2025,30,11834,0,0,0.014731117824773415,0.0,0.18242122157855967,none,none
wroclaw_2024_2025,30,11835,0,0,0.024193353474320244,0.0,0.2044648578918249,none,none
wroclaw_2024_2025,30,11836,0,0,0.019220796723855984,0.0,0.2095904786123881,none,none
wroclaw_2024_2025,30,11837,0,0,0.0,0.0,0.20665589294676323,none,none
wroclaw_2024_2025,30,11838,0,0,0.0,0.0,0.2121335891404948,none,none
wroclaw_2024_2025,30,11839,0,0,0.0,0.0,0.2184899745025526,none,none
wroclaw_2024_2025,30,11840,0,0,0.0,0.0,0.22490924571822615,none,none
wroclaw_2024_2025,30,11841,0,0,0.0,0.0,0.2291471286776811,none,none
wroclaw_2024_2025,30,11842,0,0,0.0,0.0,0.2294442473166237,none,none
wroclaw_2024_2025,30,11843,0,0,0.005,0.0,0.22858877973156846,none,none
wroclaw_2024_2025,30,11844,0,0,0.005,0.0,0.23206546238686637,none,none
wroclaw_2024_2025,30,11845,0,0,0.009731117824773414,0.0,0.23401144629030612,none,none
wroclaw_2024_2025,30,11846,0,0,0.009731117824773414,0.0,0.22559609808792447,none,none
wroclaw_2024_2025,30,11847,0,0,0.0047311178247734145,0.0,0.2184013915569947,none,none
wroclaw_2024_2025,30,11848,0,0,0.0,0.0,0.22284211365299142,none,none
wroclaw_2024_2025,30,11849,0,0,0.0047311178247734145,0.0,0.22722438107568277,none,none
wroclaw_2024_2025,30,11850,0,0,0.009462235649546829,0.0,0.2310604611327268,none,none
wroclaw_2024_2025,30,11851,0,0,0.0,0.0,0.23116482953549908,none,none
wroclaw_2024_2025,30,11852,0,0,0.0,0.0,0.23027244188143278,none,none
wroclaw_2024_2025,30,11853,0,0,0.009220796723855984,0.0,0.2238943486948086,none,none
wroclaw_2024_2025,30,11854,0,0,0.0047311178247734145,0.0,0.21936889708110635,none,none
wroclaw_2024_2025,30,11855,0,0,0.009731117824773414,0.0,0.21804338097049697,none,none
wroclaw_2024_2025,30,11856,0,0,0.009731117824773414,0.0,0.20612282843001997,none,none
wroclaw_2024_2025,30,11857,0,0,0.009731117824773414,0.0,0.20156876228430756,none,none
wroclaw_2024_2025,30,11858,0,0,0.009731117824773414,0.0,0.20519272210093853,none,none
wroclaw_2024_2025,30,11859,0,0,0.014731117824773415,0.0,0.2044286677527459,none,none
wroclaw_2024_2025,30,11860,0,0,0.005,0.0,0.21165826934410123,none,none
wroclaw_2024_2025,30,11861,0,0,0.009731117824773414,0.0,0.2121919102211827,none,none
wroclaw_2024_2025,30,11862,0,0,0.014220796723855985,0.0,0.20994157848152176,none,none
wroclaw_2024_2025,30,11863,0,0,0.014731117824773415,0.0,0.210819218986195,none,none
wroclaw_2024_2025,30,11864,0,0,0.01,0.0,0.21094211334754195,none,none
wroclaw_2024_2025,30,11865,0,0,0.015,0.0,0.2134874153757882,none,none
wroclaw_2024_2025,30,11866,0,0,0.024731117824773413,0.0,0.238139678794537,none,none
wroclaw_2024_2025,30,11867,0,0,0.024731117824773413,0.0,0.2448509687095493,none,none
wroclaw_2024_2025,30,11868,0,0,0.024731117824773413,0.0,0.2581071721265424,none,none
wroclaw_2024_2025,30,11869,0,0,0.01,0.0,0.2582910127457273,none,none
wroclaw_2024_2025,30,11870,0,0,0.03368303237340281,0.0,0.25126494091176355,none,none
wroclaw_2024_2025,30,11871,0,0,0.02919335347432024,0.0,0.2506354920289909,none,none
wroclaw_2024_2025,30,11872,0,0,0.038917041769880624,0.0,0.266858025222069,none,none
wroclaw_2024_2025,30,11873,0,0,0.02919335347432024,0.0,0.21943049030450365,none,none
wroclaw_2024_2025,30,11874,0,0,0.028710475622938554,0.0,0.19099011518193007,none,none
wroclaw_2024_2025,30,11875,0,0,0.019220796723855984,0.0,0.17108326038945088,none,none
wroclaw_2024_2025,30,11876,0,0,0.014731117824773415,0.0,0.16519200557708827,none,none
wroclaw_2024_2025,30,11877,0,0,0.01,0.0,0.16566279065805933,none,none
wroclaw_2024_2025,30,11878,0,0,0.014462235649546828,0.0,0.15577555949158298,none,none
wroclaw_2024_2025,30,11879,0,0,0.014220796723855985,0.0,0.15768928124392687,none,none
wroclaw_2024_2025,30,11880,0,0,0.014220796723855985,0.0,0.15628227481537205,none,none
wroclaw_2024_2025,30,11881,0,0,0.00948967889908257,0.0,0.14333401776764434,none,none
wroclaw_2024_2025,30,11882,0,0,0.0047311178247734145,0.0,0.15027107294663528,none,none
wroclaw_2024_2025,30,11883,0,0,0.023951914548629397,0.0,0.15880908104776353,none,none
wroclaw_2024_2025,30,11884,0,0,0.014220796723855985,0.0,0.15480922375149125,none,none
wroclaw_2024_2025,30,11885,0,0,0.0047311178247734145,0.0,0.15934637620584002,none,none
wroclaw_2024_2025,30,11886,0,0,0.0,0.0,0.1555083219058113,none,none
wroclaw_2024_2025,30,11887,0,0,0.0047311178247734145,0.0,0.14077603749228895,none,none
wroclaw_2024_2025,30,11888,0,0,0.014731117824773415,0.0,0.1344886592022915,none,none
wroclaw_2024_2025,30,11889,0,0,0.009731117824773414,0.0,0.13135671824289535,none,none
wroclaw_2024_2025,30,11890,0,0,0.005,0.0,0.14103882613747198,none,none
wroclaw_2024_2025,30,11891,0,0,0.0,0.0,0.14322688792843336,none,none
wroclaw_2024_2025,30,11892,0,0,0.0,0.0,0.14690609456370263,none,none
wroclaw_2024_2025,30,11893,0,0,0.0,0.0,0.13858311462047795,none,none
wroclaw_2024_2025,30,11894,0,0,0.004861844147780192,0.0,0.14172938140625962,none,none
wroclaw_2024_2025,30,11895,0,0,0.009592961972553606,0.0,0.13706979827701574,none,none
wroclaw_2024_2025,30,11896,0,0,0.005,0.0,0.14327488555227397,none,none
wroclaw_2024_2025,30,11897,0,0,0.0,0.0,0.13083509404940866,none,none
wroclaw_2024_2025,30,11898,0,0,0.0047311178247734145,0.0,0.12893676506072718,none,none
wroclaw_2024_2025,30,11899,0,0,0.0,0.0,0.12833050741227375,none,none
wroclaw_2024_2025,30,11900,0,0,0.0,0.0,0.12486697771396268,none,none
wroclaw_2024_2025,30,11901,0,0,0.0,0.0,0.12445923402888173,none,none
wroclaw_2024_2025,30,11902,0,0,0.0,0.0,0.12364419000400752,none,none
wroclaw_2024_2025,30,11903,0,0,0.005,0.0,0.12483431641317591,none,none
wroclaw_2024_2025,30,11904,0,0,0.0,0.0,0.12373723194200593,none,none
wroclaw_2024_2025,30,11905,0,0,0.004861844147780192,0.0,0.13077667417054054,none,none
wroclaw_2024_2025,30,11906,0,0,0.004861844147780192,0.0,0.1284887178301943,none,none
wroclaw_2024_2025,30,11907,0,0,0.004861844147780192,0.0,0.13908341666083848,none,none
wroclaw_2024_2025,30,11908,0,0,0.019592961972553606,0.0,0.1413146465784043,none,none
wroclaw_2024_2025,30,11909,0,0,0.02878631544687385,0.0,0.13839981751373245,none,none
wroclaw_2024_2025,30,11910,0,0,0.038248551096420676,0.0,0.13940169103024472,none,none
wroclaw_2024_2025,30,11911,0,0,0.029055197622100435,0.0,0.13836064952453617,none,none
wroclaw_2024_2025,30,11912,0,0,0.019592961972553606,0.0,0.139280697135859,none,none
wroclaw_2024_2025,30,11913,0,0,0.014592961972553607,0.0,0.13439135106935893,none,none
wroclaw_2024_2025,30,11914,0,0,0.009592961972553606,0.0,0.12572239021406775,none,none
wroclaw_2024_2025,30,11915,0,0,0.01932407979732702,0.0,0.13326800812840436,none,none
wroclaw_2024_2025,30,11916,0,0,0.01932407979732702,0.0,0.13670218035622395,none,none
wroclaw_2024_2025,30,11917,0,0,0.009592961972553606,0.0,0.14539752027534486,none,none
wroclaw_2024_2025,30,11918,0,0,0.034055197622100436,0.0,0.14666694065918143,none,none
wroclaw_2024_2025,30,11919,0,0,0.03432407979732702,0.0,0.154477631608832,none,none
wroclaw_2024_2025,30,11920,0,0,0.014592961972553607,0.0,0.14259302473073313,none,none
wroclaw_2024_2025,30,11921,0,0,0.024055197622100434,0.0,0.15212052208057847,none,none
wroclaw_2024_2025,30,11922,0,0,0.009731117824773414,0.0,0.14526290045201679,none,none
wroclaw_2024_2025,30,11923,0,0,0.009731117824773414,0.0,0.13477291830892635,none,none
wroclaw_2024_2025,30,11924,0,0,0.0,0.0,0.13340563854261786,none,none
wroclaw_2024_2025,30,11925,0,0,0.009731117824773414,0.0,0.13066420524331152,none,none
wroclaw_2024_2025,30,11926,0,0,0.0047311178247734145,0.0,0.15001980728652392,none,none
wroclaw_2024_2025,30,11927,0,0,0.005,0.0,0.14784590828448388,none,none
wroclaw_2024_2025,30,11928,0,0,0.0,0.0,0.16014132018963603,none,none
wroclaw_2024_2025,30,11929,0,0,0.0,0.0,0.1796584977913241,none,none
wroclaw_2024_2025,30,11930,0,0,0.0,0.0,0.1983168946536314,none,none
wroclaw_2024_2025,30,11931,0,0,0.0,0.0,0.21587612447716992,none,none
wroclaw_2024_2025,30,11932,0,0,0.0,0.0,0.21517767225966417,none,none
wroclaw_2024_2025,30,11933,0,0,0.0,0.0,0.22336106434028402,none,none
wroclaw_2024_2025,30,11934,0,0,0.0,0.0,0.22707149676608518,none,none
wroclaw_2024_2025,30,11935,0,0,0.0,0.0,0.23038202852593873,none,none
wroclaw_2024_2025,30,11936,0,0,0.0,0.0,0.22740074513933528,none,none
wroclaw_2024_2025,30,11937,0,0,0.005,0.0,0.23161972943194545,none,none
wroclaw_2024_2025,30,11938,0,0,0.005,0.0,0.2209726573383495,none,none
wroclaw_2024_2025,30,11939,0,0,0.009861844147780192,0.0,0.21617128786631903,none,none
wroclaw_2024_2025,30,11940,0,0,0.005,0.0,0.22025063146975593,none,none
wroclaw_2024_2025,30,11941,0,0,0.0,0.0,0.23622459056223788,none,none
wroclaw_2024_2025,30,11942,0,0,0.009462235649546829,0.0,0.2361133270301642,none,none
wroclaw_2024_2025,30,11943,0,0,0.009462235649546829,0.0,0.21060461072998882,none,none
wroclaw_2024_2025,30,11944,0,0,0.0047311178247734145,0.0,0.20653662106337914,none,none
wroclaw_2024_2025,30,11945,0,0,0.0047311178247734145,0.0,0.19825593061642122,none,none
wroclaw_2024_2025,30,11946,0,0,0.018924471299093658,0.0,0.19110162134440586,none,none
wroclaw_2024_2025,30,11947,0,0,0.0,0.0,0.2298217566891925,none,none
wroclaw_2024_2025,30,11948,0,0,0.009220796723855984,0.0,0.24021321402780066,none,none
wroclaw_2024_2025,30,11949,0,0,0.004489678899082568,0.0,0.23840209610483368,none,none
wroclaw_2024_2025,30,11950,0,0,0.014454806120333799,0.0,0.24740318051972526,none,none
wroclaw_2024_2025,30,11951,0,0,0.03327599434595642,0.0,0.2542484146245965,none,none
wroclaw_2024_2025,30,11952,0,0,0.038406720668963196,0.0,0.23806843151462662,none,none
wroclaw_2024_2025,30,11953,0,0,0.04829600806627913,0.0,0.23514901431584895,none,none
wroclaw_2024_2025,30,11954,0,0,0.01986184414778019,0.0,0.2283320949022995,none,none
wroclaw_2024_2025,30,11955,0,0,0.019723688295560385,0.0,0.22305945113478995,none,none
wroclaw_2024_2025,30,11956,0,0,0.014861844147780192,0.0,0.22806860907102802,none,none
wroclaw_2024_2025,30,11957,0,0,0.014861844147780192,0.0,0.22520841754136162,none,none
wroclaw_2024_2025,30,11958,0,0,0.02931665026811399,0.0,0.2172164645289128,none,none
wroclaw_2024_2025,30,11959,0,0,0.034585532443340575,0.0,0.22363553875492978,none,none
wroclaw_2024_2025,30,11960,0,0,0.029723688295560383,0.0,0.22096022107882965,none,none
wroclaw_2024_2025,30,11961,0,0,0.02394448501941637,0.0,0.23503203250218965,none,none
wroclaw_2024_2025,30,11962,0,0,0.01897935779816514,0.0,0.23492223628792042,none,none
wroclaw_2024_2025,30,11963,0,0,0.00948967889908257,0.0,0.24173285277629855,none,none
wroclaw_2024_2025,30,11964,0,0,0.014220796723855985,0.0,0.22924875412811552,none,none
wroclaw_2024_2025,30,11965,0,0,0.019220796723855984,0.0,0.2271956218609761,none,none
wroclaw_2024_2025,30,11966,0,0,0.029592961972553608,0.0,0.2647121041742325,none,none
wroclaw_2024_2025,30,11967,0,0,0.029861844147780193,0.0,0.2741699777416113,none,none
wroclaw_2024_2025,30,11968,0,0,0.04932407979732702,0.0,0.2937804241353911,none,none
wroclaw_2024_2025,30,11969,0,0,0.04908264087163618,0.0,0.22657014490277755,none,none
wroclaw_2024_2025,30,11970,0,0,0.03932407979732702,0.0,0.19493033311656402,none,none
wroclaw_2024_2025,30,11971,0,0,0.0339519145486294,0.0,0.18495122030960945,none,none
wroclaw_2024_2025,30,11972,0,0,0.0439519145486294,0.0,0.18665343670583867,none,none
wroclaw_2024_2025,30,11973,0,0,0.03448967889908257,0.0,0.17913352453036954,none,none
wroclaw_2024_2025,30,11974,0,0,0.03986184414778019,0.0,0.17848888923407816,none,none
wroclaw_2024_2025,30,11975,0,0,0.059454806120333804,0.0,0.17349886649281296,none,none
wroclaw_2024_2025,30,11976,0,0,0.0544548061203338,0.0,0.18227974392867966,none,none
wroclaw_2024_2025,30,11977,0,0,0.029731117824773414,0.0,0.17490239111021796,none,none
wroclaw_2024_2025,30,11978,0,0,0.019731117824773416,0.0,0.17259485373092376,none,none
wroclaw_2024_2025,30,11979,0,0,0.019731117824773416,0.0,0.17295193409471254,none,none
wroclaw_2024_2025,30,11980,0,0,0.014731117824773415,0.0,0.1608938828430746,none,none
wroclaw_2024_2025,30,11981,0,0,0.014731117824773415,0.0,0.1628913738315086,none,none
wroclaw_2024_2025,30,11982,0,0,0.02446223564954683,0.0,0.16212760983791696,none,none
wroclaw_2024_2025,30,11983,0,0,0.019731117824773416,0.0,0.17537827746099371,none,none
wroclaw_2024_2025,30,11984,0,0,0.0339519145486294,0.0,0.17136103596765645,none,none
wroclaw_2024_2025,30,11985,0,0,0.024220796723855985,0.0,0.1638299813310726,none,none
wroclaw_2024_2025,30,11986,0,0,0.023951914548629397,0.0,0.1719574703854657,none,none
wroclaw_2024_2025,30,11987,0,0,0.014220796723855985,0.0,0.16697683204653502,none,none
wroclaw_2024_2025,30,11988,0,0,0.0,0.0,0.16731733424347825,none,none
wroclaw_2024_2025,30,11989,0,0,0.0047311178247734145,0.0,0.17239154391269715,none,none
wroclaw_2024_2025,30,11990,0,0,0.013951914548629398,0.0,0.16680800783960859,none,none
wroclaw_2024_2025,30,11991,0,0,0.0047311178247734145,0.0,0.16155775991152604,none,none
wroclaw_2024_2025,30,11992,0,0,0.0047311178247734145,0.0,0.15485205670275365,none,none
wroclaw_2024_2025,30,11993,0,0,0.014462235649546828,0.0,0.1610731165243842,none,none
wroclaw_2024_2025,30,11994,0,0,0.014462235649546828,0.0,0.15209733308863052,none,none
wroclaw_2024_2025,30,11995,0,0,0.019193353474320243,0.0,0.14682354534484007,none,none
wroclaw_2024_2025,30,11996,0,0,0.014592961972553607,0.0,0.14265433811769723,none,none
wroclaw_2024_2025,30,11997,0,0,0.009592961972553606,0.0,0.14293580729011593,none,none
wroclaw_2024_2025,30,11998,0,0,0.004861844147780192,0.0,0.13602466799317853,none,none
wroclaw_2024_2025,30,11999,0,0,0.004861844147780192,0.0,0.1430415097568802,none,none
wroclaw_2024_2025,30,12000,0,0,0.004861844147780192,0.0,0.13824663735913112,none,none
wroclaw_2024_2025,30,12001,0,0,0.014454806120333799,0.0,0.14820393057596448,none,none
wroclaw_2024_2025,30,12002,0,0,0.004861844147780192,0.0,0.1438760052971606,none,none
wroclaw_2024_2025,30,12003,0,0,0.004861844147780192,0.0,0.14217369751797504,none,none
wroclaw_2024_2025,30,12004,0,0,0.01932407979732702,0.0,0.1477247998934604,none,none
wroclaw_2024_2025,30,12005,0,0,0.009861844147780192,0.0,0.14414829639674778,none,none
wroclaw_2024_2025,30,12006,0,0,0.004861844147780192,0.0,0.1414600173517472,none,none
wroclaw_2024_2025,30,12007,0,0,0.0189519145486294,0.0,0.137232579416341,none,none
wroclaw_2024_2025,30,12008,0,0,0.0047311178247734145,0.0,0.13190679045677908,none,none
wroclaw_2024_2025,30,12009,0,0,0.004861844147780192,0.0,0.12538726144212187,none,none
wroclaw_2024_2025,30,12010,0,0,0.009592961972553606,0.0,0.12246437181092093,none,none
wroclaw_2024_2025,30,12011,0,0,0.014592961972553607,0.0,0.12250708107471803,none,none
wroclaw_2024_2025,30,12012,0,0,0.009462235649546829,0.0,0.11636668003239214,none,none
wroclaw_2024_2025,30,12013,0,0,0.009592961972553606,0.0,0.12107615047576104,none,none
wroclaw_2024_2025,30,12014,0,0,0.0047311178247734145,0.0,0.12115738166120399,none,none
wroclaw_2024_2025,30,12015,0,0,0.0047311178247734145,0.0,0.11877608142443262,none,none
wroclaw_2024_2025,30,12016,0,0,0.0047311178247734145,0.0,0.11576310905021159,none,none
wroclaw_2024_2025,30,12017,0,0,0.0047311178247734145,0.0,0.11708234238086185,none,none
wroclaw_2024_2025,30,12018,0,0,0.009220796723855984,0.0,0.1240684680715853,none,none
wroclaw_2024_2025,30,12019,0,0,0.07685574364588818,0.0,0.12059793829438356,none,none
wroclaw_2024_2025,30,12020,0,0,0.06803455542026558,0.0,0.1211466469717132,none,none
wroclaw_2024_2025,30,12021,0,0,0.03408264087163618,0.0,0.11601207570075542,none,none
wroclaw_2024_2025,30,12022,0,0,0.029731117824773414,0.0,0.11868431165800496,none,none
wroclaw_2024_2025,30,12023,0,0,0.01,0.0,0.12937796816469974,none,none
wroclaw_2024_2025,30,12024,0,0,0.015,0.0,0.13548078689688892,none,none
wroclaw_2024_2025,30,12025,0,0,0.0,0.0,0.15892826109932967,none,none
wroclaw_2024_2025,30,12026,0,0,0.0,0.0,0.18097434870700874,none,none
wroclaw_2024_2025,30,12027,0,0,0.009731117824773414,0.0,0.20421318293490617,none,none
wroclaw_2024_2025,30,12028,0,0,0.009462235649546829,0.0,0.20596078726139247,none,none
wroclaw_2024_2025,30,12029,0,0,0.009462235649546829,0.0,0.21575505610975404,none,none
wroclaw_2024_2025,30,12030,0,0,0.0,0.0,0.22887994724526806,none,none
wroclaw_2024_2025,30,12031,0,0,0.00948967889908257,0.0,0.24391113796418368,none,none
wroclaw_2024_2025,30,12032,0,0,0.005,0.0,0.22467947930642465,none,none
wroclaw_2024_2025,30,12033,0,0,0.005,0.0,0.2175159955089741,none,none
wroclaw_2024_2025,30,12034,0,0,0.005,0.0,0.20982649854181093,none,none
wroclaw_2024_2025,30,12035,0,0,0.005,0.0,0.20290187362101386,none,none
wroclaw_2024_2025,30,12036,0,0,0.005,0.0,0.20443788405182212,none,none
wroclaw_2024_2025,30,12037,0,0,0.0,0.0,0.1949783221979198,none,none
wroclaw_2024_2025,30,12038,0,0,0.0,0.0,0.20413120790551062,none,none
wroclaw_2024_2025,30,12039,0,0,0.0,0.0,0.2309241202663751,none,none
wroclaw_2024_2025,30,12040,0,0,0.0047311178247734145,0.0,0.23282756515424377,none,none
wroclaw_2024_2025,30,12041,0,0,0.0047311178247734145,0.0,0.23282756515424377,none,none
wroclaw_2024_2025,30,12042,0,0,0.024185923945107213,0.0,0.2294443514498737,none,none
wroclaw_2024_2025,30,12043,0,0,0.024454806120333798,0.0,0.23256835677259316,none,none
wroclaw_2024_2025,30,12044,0,0,0.034454806120333796,0.0,0.23506430371963125,none,none
wroclaw_2024_2025,30,12045,0,0,0.0294548061203338,0.0,0.23402622834461145,none,none
wroclaw_2024_2025,30,12046,0,0,0.024454806120333798,0.0,0.23228867913394927,none,none
wroclaw_2024_2025,30,12047,0,0,0.048778885917660816,0.0,0.22859586940313226,none,none
wroclaw_2024_2025,30,12048,0,0,0.034585532443340575,0.0,0.23969927504006336,none,none
wroclaw_2024_2025,30,12049,0,0,0.019723688295560385,0.0,0.23728065538919493,none,none
wroclaw_2024_2025,30,12050,0,0,0.014861844147780192,0.0,0.23063142567732436,none,none
wroclaw_2024_2025,30,12051,0,0,0.014731117824773415,0.0,0.22977513203398506,none,none
wroclaw_2024_2025,30,12052,0,0,0.015,0.0,0.22674342494780714,none,none
wroclaw_2024_2025,30,12053,0,0,0.024731117824773413,0.0,0.23203392797332478,none,none
wroclaw_2024_2025,30,12054,0,0,0.02,0.0,0.23220452094851146,none,none
wroclaw_2024_2025,30,12055,0,0,0.015,0.0,0.22869258724461697,none,none
wroclaw_2024_2025,30,12056,0,0,0.029592961972553608,0.0,0.22095827670187146,none,none
wroclaw_2024_2025,30,12057,0,0,0.0294548061203338,0.0,0.24528059708444683,none,none
wroclaw_2024_2025,30,12058,0,0,0.0294548061203338,0.0,0.2383010243481338,none,none
wroclaw_2024_2025,30,12059,0,0,0.029185923945107214,0.0,0.2695772285408586,none,none
wroclaw_2024_2025,30,12060,0,0,0.02394448501941637,0.0,0.2725255789996027,none,none
wroclaw_2024_2025,30,12061,0,0,0.0194548061203338,0.0,0.26614576874817353,none,none
wroclaw_2024_2025,30,12062,0,0,0.03880632916719656,0.0,0.26684312574660496,none,none
wroclaw_2024_2025,30,12063,0,0,0.0667376015139911,0.0,0.260049285921547,none,none
wroclaw_2024_2025,30,12064,0,0,0.05379889963798354,0.0,0.2756629910181728,none,none
wroclaw_2024_2025,30,12065,0,0,0.05339929113975018,0.0,0.22432775206128996,none,none
wroclaw_2024_2025,30,12066,0,0,0.03931665026811399,0.0,0.19305620032945991,none,none
wroclaw_2024_2025,30,12067,0,0,0.05380632916719657,0.0,0.18938950455030726,none,none
wroclaw_2024_2025,30,12068,0,0,0.11757778555564435,0.0,0.17428135818526416,none,none
wroclaw_2024_2025,30,12069,0,0,0.11298482358309075,0.0,0.19074324327872105,none,none
wroclaw_2024_2025,30,12070,0,0,0.07842673438928592,0.0,0.2135880920360508,none,none
wroclaw_2024_2025,30,12071,0,0,0.044454806120333805,0.0,0.22741974240433346,none,none
wroclaw_2024_2025,30,12072,0,0,0.06378631544687385,0.0,0.23334004034688197,none,none
wroclaw_2024_2025,30,12073,0,0,0.05432407979732703,0.0,0.21323300213825946,none,none
wroclaw_2024_2025,30,12074,0,0,0.03422079672385599,0.0,0.1935649492061993,none,none
wroclaw_2024_2025,30,12075,0,0,0.04908264087163618,0.0,0.18441604846686407,none,none
wroclaw_2024_2025,30,12076,0,0,0.05421336719464295,0.0,0.18014609611094393,none,none
wroclaw_2024_2025,30,12077,0,0,0.0395929619725536,0.0,0.1820754007802243,none,none
wroclaw_2024_2025,30,12078,0,0,0.058544876521182995,0.0,0.17980437345186157,none,none
wroclaw_2024_2025,30,12079,0,0,0.034055197622100436,0.0,0.18549987721422567,none,none
wroclaw_2024_2025,30,12080,0,0,0.03381375869640959,0.0,0.17834167259481357,none,none
wroclaw_2024_2025,30,12081,0,0,0.043145268022949636,0.0,0.199278167340086,none,none
wroclaw_2024_2025,30,12082,0,0,0.03368303237340281,0.0,0.1863649357429208,none,none
wroclaw_2024_2025,30,12083,0,0,0.03368303237340281,0.0,0.17787435326584106,none,none
wroclaw_2024_2025,30,12084,0,0,0.038414150198176227,0.0,0.172389804107231,none,none
wroclaw_2024_2025,30,12085,0,0,0.04814526802294963,0.0,0.17777435323171717,none,none
wroclaw_2024_2025,30,12086,0,0,0.04841415019817623,0.0,0.17351975824316368,none,none
wroclaw_2024_2025,30,12087,0,0,0.07286895631851004,0.0,0.18206034572664234,none,none
wroclaw_2024_2025,30,12088,0,0,0.03317271127248538,0.0,0.1847159211900012,none,none
wroclaw_2024_2025,30,12089,0,0,0.04263494692203221,0.0,0.19194278748405194,none,none
wroclaw_2024_2025,30,12090,0,0,0.03341415019817623,0.0,0.18123476927459048,none,none
wroclaw_2024_2025,30,12091,0,0,0.03314526802294964,0.0,0.16479810317893076,none,none
wroclaw_2024_2025,30,12092,0,0,0.02817271127248538,0.0,0.16700656092089883,none,none
wroclaw_2024_2025,30,12093,0,0,0.0189519145486294,0.0,0.16352269716486698,none,none
wroclaw_2024_2025,30,12094,0,0,0.0189519145486294,0.0,0.1514430825243653,none,none
wroclaw_2024_2025,30,12095,0,0,0.043683032373402805,0.0,0.14506832687993287,none,none
wroclaw_2024_2025,30,12096,0,0,0.043275994345956414,0.0,0.15030306027448007,none,none
wroclaw_2024_2025,30,12097,0,0,0.034055197622100436,0.0,0.14858205640844904,none,none
wroclaw_2024_2025,30,12098,0,0,0.04324855109642067,0.0,0.14514009385733453,none,none
wroclaw_2024_2025,30,12099,0,0,0.042738229995503245,0.0,0.14676296657448584,none,none
wroclaw_2024_2025,30,12100,0,0,0.03378631544687385,0.0,0.14763350136595105,none,none
wroclaw_2024_2025,30,12101,0,0,0.01932407979732702,0.0,0.13656527861626994,none,none
wroclaw_2024_2025,30,12102,0,0,0.009731117824773414,0.0,0.13466592735953162,none,none
wroclaw_2024_2025,30,12103,0,0,0.009731117824773414,0.0,0.14313247884193062,none,none
wroclaw_2024_2025,30,12104,0,0,0.014462235649546828,0.0,0.13374014346444715,none,none
wroclaw_2024_2025,30,12105,0,0,0.019462235649546827,0.0,0.13938642580167834,none,none
wroclaw_2024_2025,30,12106,0,0,0.024592961972553607,0.0,0.14343379602232503,none,none
wroclaw_2024_2025,30,12107,0,0,0.01,0.0,0.13149294043043128,none,none
wroclaw_2024_2025,30,12108,0,0,0.01,0.0,0.13858556517832815,none,none
wroclaw_2024_2025,30,12109,0,0,0.014462235649546828,0.0,0.1368569121461894,none,none
wroclaw_2024_2025,30,12110,0,0,0.005,0.0,0.15317948371519272,none,none
wroclaw_2024_2025,30,12111,0,0,0.024731117824773413,0.0,0.18226586887105103,none,none
wroclaw_2024_2025,30,12112,0,0,0.005,0.0,0.17619403518434565,none,none
wroclaw_2024_2025,30,12113,0,0,0.0,0.0,0.1615612893893734,none,none
wroclaw_2024_2025,30,12114,0,0,0.0,0.0,0.1342490816002908,none,none
wroclaw_2024_2025,30,12115,0,0,0.0047311178247734145,0.0,0.14262392743750266,none,none
wroclaw_2024_2025,30,12116,0,0,0.0047311178247734145,0.0,0.143573722007209,none,none
wroclaw_2024_2025,30,12117,0,0,0.005,0.0,0.13588741947285168,none,none
wroclaw_2024_2025,30,12118,0,0,0.005,0.0,0.14095245604819598,none,none
wroclaw_2024_2025,30,12119,0,0,0.005,0.0,0.13674271800227025,none,none
wroclaw_2024_2025,30,12120,0,0,0.0,0.0,0.1492000135335419,none,none
wroclaw_2024_2025,30,12121,0,0,0.0047311178247734145,0.0,0.15863834050182302,none,none
wroclaw_2024_2025,30,12122,0,0,0.0047311178247734145,0.0,0.17747292149261615,none,none
wroclaw_2024_2025,30,12123,0,0,0.0047311178247734145,0.0,0.19512320907033676,none,none
wroclaw_2024_2025,30,12124,0,0,0.0,0.0,0.21453089478248955,none,none
wroclaw_2024_2025,30,12125,0,0,0.0,0.0,0.22318955313046954,none,none
wroclaw_2024_2025,30,12126,0,0,0.005,0.0,0.22693509028575595,none,none
wroclaw_2024_2025,30,12127,0,0,0.005,0.0,0.2273147432773412,none,none
wroclaw_2024_2025,30,12128,0,0,0.005,0.0,0.21781030258339706,none,none
wroclaw_2024_2025,30,12129,0,0,0.005,0.0,0.2101189468535034,none,none
wroclaw_2024_2025,30,12130,0,0,0.005,0.0,0.19181521400669607,none,none
wroclaw_2024_2025,30,12131,0,0,0.005,0.0,0.20126578221203745,none,none
wroclaw_2024_2025,30,12132,0,0,0.01,0.0,0.2060633243285413,none,none
wroclaw_2024_2025,30,12133,0,0,0.0047311178247734145,0.0,0.21093972163239286,none,none
wroclaw_2024_2025,30,12134,0,0,0.0,0.0,0.2407781935634988,none,none
wroclaw_2024_2025,30,12135,0,0,0.0,0.0,0.2415047436116725,none,none
wroclaw_2024_2025,30,12136,0,0,0.0,0.0,0.23352630348976278,none,none
wroclaw_2024_2025,30,12137,0,0,0.0,0.0,0.2348686686416783,none,none
wroclaw_2024_2025,30,12138,0,0,0.009592961972553606,0.0,0.2354142255705197,none,none
wroclaw_2024_2025,30,12139,0,0,0.014723688295560384,0.0,0.2296157898039983,none,none
wroclaw_2024_2025,30,12140,0,0,0.014723688295560384,0.0,0.230622529755578,none,none
wroclaw_2024_2025,30,12141,0,0,0.014454806120333799,0.0,0.2262861590188615,none,none
wroclaw_2024_2025,30,12142,0,0,0.014723688295560384,0.0,0.23141100897831135,none,none
wroclaw_2024_2025,30,12143,0,0,0.029185923945107214,0.0,0.2288043253274462,none,none
wroclaw_2024_2025,30,12144,0,0,0.024454806120333798,0.0,0.23338526761324702,none,none
wroclaw_2024_2025,30,12145,0,0,0.0390477680928874,0.0,0.21666530951363677,none,none
wroclaw_2024_2025,30,12146,0,0,0.02931665026811399,0.0,0.22604852881431411,none,none
wroclaw_2024_2025,30,12147,0,0,0.03431665026811399,0.0,0.22047856267002466,none,none
wroclaw_2024_2025,30,12148,0,0,0.02931665026811399,0.0,0.22910223060110915,none,none
wroclaw_2024_2025,30,12149,0,0,0.03931665026811399,0.0,0.22433763831418016,none,none
wroclaw_2024_2025,30,12150,0,0,0.03931665026811399,0.0,0.2196054914420734,none,none
wroclaw_2024_2025,30,12151,0,0,0.03931665026811399,0.0,0.21981652684301578,none,none
wroclaw_2024_2025,30,12152,0,0,0.01986184414778019,0.0,0.22889224718525558,none,none
wroclaw_2024_2025,30,12153,0,0,0.02,0.0,0.2277240307732286,none,none
wroclaw_2024_2025,30,12154,0,0,0.02446223564954683,0.0,0.23110251045894842,none,none
wroclaw_2024_2025,30,12155,0,0,0.014731117824773415,0.0,0.23240645313326197,none,none
wroclaw_2024_2025,30,12156,0,0,0.014731117824773415,0.0,0.23320705849037685,none,none
wroclaw_2024_2025,30,12157,0,0,0.024592961972553607,0.0,0.23817175838854468,none,none
wroclaw_2024_2025,30,12158,0,0,0.04378631544687386,0.0,0.24021287670322802,none,none
wroclaw_2024_2025,30,12159,0,0,0.05351743327164726,0.0,0.2383867229276878,none,none
wroclaw_2024_2025,30,12160,0,0,0.039082640871636175,0.0,0.2674655693784794,none,none
wroclaw_2024_2025,30,12161,0,0,0.07377888591766082,0.0,0.2551204651105577,none,none
wroclaw_2024_2025,30,12162,0,0,0.0939096122406676,0.0,0.20530273900384227,none,none
wroclaw_2024_2025,30,12163,0,0,0.10364073006544101,0.0,0.2124884175231364,none,none
wroclaw_2024_2025,30,12164,0,0,0.10351000374243424,0.0,0.18271666272551448,none,none
wroclaw_2024_2025,30,12165,0,0,0.10339929113975017,0.0,0.19037618996650854,none,none
wroclaw_2024_2025,30,12166,0,0,0.0894548061203338,0.0,0.19949610094664924,none,none
wroclaw_2024_2025,30,12167,0,0,0.08377888591766082,0.0,0.18391030010741047,none,none
wroclaw_2024_2025,30,12168,0,0,0.05394448501941637,0.0,0.1960048208738601,none,none
wroclaw_2024_2025,30,12169,0,0,0.04881375869640959,0.0,0.1950537731886709,none,none
wroclaw_2024_2025,30,12170,0,0,0.0438137586964096,0.0,0.21502715702436748,none,none
wroclaw_2024_2025,30,12171,0,0,0.034731117824773415,0.0,0.19726860836441498,none,none
wroclaw_2024_2025,30,12172,0,0,0.015,0.0,0.18857362231588543,none,none
wroclaw_2024_2025,30,12173,0,0,0.01,0.0,0.19026063064576024,none,none
wroclaw_2024_2025,30,12174,0,0,0.018710475622938552,0.0,0.1937833398562911,none,none
wroclaw_2024_2025,30,12175,0,0,0.023683032373402812,0.0,0.18408754938022653,none,none
wroclaw_2024_2025,30,12176,0,0,0.03803455542026558,0.0,0.15874936881165483,none,none
wroclaw_2024_2025,30,12177,0,0,0.05279311649457472,0.0,0.15219912000813246,none,none
wroclaw_2024_2025,30,12178,0,0,0.03793127234679454,0.0,0.13688985826067404,none,none
wroclaw_2024_2025,30,12179,0,0,0.04293127234679454,0.0,0.128362698286509,none,none
wroclaw_2024_2025,30,12180,0,0,0.09185574364588817,0.0,0.14116505654668093,none,none
wroclaw_2024_2025,30,12181,0,0,0.06736606474680562,0.0,0.13229124607906081,none,none
wroclaw_2024_2025,30,12182,0,0,0.052366064746805614,0.0,0.13551338720668799,none,none
wroclaw_2024_2025,30,12183,0,0,0.03763494692203221,0.0,0.1429057633534671,none,none
wroclaw_2024_2025,30,12184,0,0,0.03787638584772306,0.0,0.14459193670871542,none,none
wroclaw_2024_2025,30,12185,0,0,0.057097182571579023,0.0,0.14287950840277716,none,none
wroclaw_2024_2025,30,12186,0,0,0.06671758779366838,0.0,0.1445268574563465,none,none
wroclaw_2024_2025,30,12187,0,0,0.03865558912386707,0.0,0.13282631481772625,none,none
wroclaw_2024_2025,30,12188,0,0,0.024193353474320244,0.0,0.15404566608343875,none,none
wroclaw_2024_2025,30,12189,0,0,0.019193353474320243,0.0,0.13694778278466468,none,none
wroclaw_2024_2025,30,12190,0,0,0.029055197622100435,0.0,0.12936835482358003,none,none
wroclaw_2024_2025,30,12191,0,0,0.038544876521183005,0.0,0.13403877108770357,none,none
wroclaw_2024_2025,30,12192,0,0,0.009462235649546829,0.0,0.14085264784715096,none,none
wroclaw_2024_2025,30,12193,0,0,0.009731117824773414,0.0,0.1413412613710792,none,none
wroclaw_2024_2025,30,12194,0,0,0.014731117824773415,0.0,0.141438793718649,none,none
wroclaw_2024_2025,30,12195,0,0,0.023951914548629397,0.0,0.13553518031104225,none,none
wroclaw_2024_2025,30,12196,0,0,0.019462235649546827,0.0,0.13663291565477345,none,none
wroclaw_2024_2025,30,12197,0,0,0.019462235649546827,0.0,0.1382171020424385,none,none
wroclaw_2024_2025,30,12198,0,0,0.028951914548629398,0.0,0.14439059917713035,none,none
wroclaw_2024_2025,30,12199,0,0,0.02881375869640959,0.0,0.1481592711884329,none,none
wroclaw_2024_2025,30,12200,0,0,0.028683032373402813,0.0,0.1417667003751539,none,none
wroclaw_2024_2025,30,12201,0,0,0.009731117824773414,0.0,0.1473303437904331,none,none
wroclaw_2024_2025,30,12202,0,0,0.0047311178247734145,0.0,0.14350038885621583,none,none
wroclaw_2024_2025,30,12203,0,0,0.0047311178247734145,0.0,0.1449882545265603,none,none
wroclaw_2024_2025,30,12204,0,0,0.0,0.0,0.14958586227811715,none,none
wroclaw_2024_2025,30,12205,0,0,0.0047311178247734145,0.0,0.1465599095693747,none,none
wroclaw_2024_2025,30,12206,0,0,0.0047311178247734145,0.0,0.14526996353107816,none,none
wroclaw_2024_2025,30,12207,0,0,0.0047311178247734145,0.0,0.14442425568332348,none,none
wroclaw_2024_2025,30,12208,0,0,0.0,0.0,0.1416663417305562,none,none
wroclaw_2024_2025,30,12209,0,0,0.009731117824773414,0.0,0.13337662135907957,none,none
wroclaw_2024_2025,30,12210,0,0,0.0,0.0,0.13486893522931034,none,none
wroclaw_2024_2025,30,12211,0,0,0.005,0.0,0.13702838660461375,none,none
wroclaw_2024_2025,30,12212,0,0,0.009731117824773414,0.0,0.1469711543328038,none,none
wroclaw_2024_2025,30,12213,0,0,0.0047311178247734145,0.0,0.14752649450493058,none,none
wroclaw_2024_2025,30,12214,0,0,0.013951914548629398,0.0,0.15362146008887417,none,none
wroclaw_2024_2025,30,12215,0,0,0.009462235649546829,0.0,0.1531182044601369,none,none
wroclaw_2024_2025,30,12216,0,0,0.009462235649546829,0.0,0.1518630521288773,none,none
wroclaw_2024_2025,30,12217,0,0,0.014462235649546828,0.0,0.15388313295440717,none,none
wroclaw_2024_2025,30,12218,0,0,0.0047311178247734145,0.0,0.18618476330927794,none,none
wroclaw_2024_2025,30,12219,0,0,0.0047311178247734145,0.0,0.2220425855119677,none,none
wroclaw_2024_2025,30,12220,0,0,0.0047311178247734145,0.0,0.2242598363867084,none,none
wroclaw_2024_2025,30,12221,0,0,0.0047311178247734145,0.0,0.22674782645495745,none,none
wroclaw_2024_2025,30,12222,0,0,0.0047311178247734145,0.0,0.23182015088847185,none,none
wroclaw_2024_2025,30,12223,0,0,0.009731117824773414,0.0,0.23753377371370651,none,none
wroclaw_2024_2025,30,12224,0,0,0.0047311178247734145,0.0,0.2314639961038715,none,none
wroclaw_2024_2025,30,12225,0,0,0.0047311178247734145,0.0,0.22257607460080772,none,none
wroclaw_2024_2025,30,12226,0,0,0.009462235649546829,0.0,0.22527914726698597,none,none
wroclaw_2024_2025,30,12227,0,0,0.0047311178247734145,0.0,0.2094148473300858,none,none
wroclaw_2024_2025,30,12228,0,0,0.0047311178247734145,0.0,0.21725437543015455,none,none
wroclaw_2024_2025,30,12229,0,0,0.0,0.0,0.2037665800683536,none,none
wroclaw_2024_2025,30,12230,0,0,0.0,0.0,0.21991723724686563,none,none
wroclaw_2024_2025,30,12231,0,0,0.0047311178247734145,0.0,0.22543126012310802,none,none
wroclaw_2024_2025,30,12232,0,0,0.0047311178247734145,0.0,0.22498706372680932,none,none
wroclaw_2024_2025,30,12233,0,0,0.0047311178247734145,0.0,0.22555563756090055,none,none
wroclaw_2024_2025,30,12234,0,0,0.004861844147780192,0.0,0.22672919599842078,none,none
wroclaw_2024_2025,30,12235,0,0,0.014723688295560384,0.0,0.2237826357652913,none,none
wroclaw_2024_2025,30,12236,0,0,0.024585532443340576,0.0,0.23461661552139296,none,none
wroclaw_2024_2025,30,12237,0,0,0.03431665026811399,0.0,0.23835105855476948,none,none
wroclaw_2024_2025,30,12238,0,0,0.029185923945107214,0.0,0.25132386326621814,none,none
wroclaw_2024_2025,30,12239,0,0,0.04786895631851003,0.0,0.25046750505901827,none,none
wroclaw_2024_2025,30,12240,0,0,0.03877888591766082,0.0,0.2570729661396475,none,none
wroclaw_2024_2025,30,12241,0,0,0.034047768092887405,0.0,0.2629653344139879,none,none
wroclaw_2024_2025,30,12242,0,0,0.048640730065441014,0.0,0.2403758936954876,none,none
wroclaw_2024_2025,30,12243,0,0,0.029185923945107214,0.0,0.22850943684331831,none,none
wroclaw_2024_2025,30,12244,0,0,0.029185923945107214,0.0,0.22578497204523715,none,none
wroclaw_2024_2025,30,12245,0,0,0.034047768092887405,0.0,0.22301038582916852,none,none
wroclaw_2024_2025,30,12246,0,0,0.03380632916719656,0.0,0.21886979056833727,none,none
wroclaw_2024_2025,30,12247,0,0,0.034178494415894184,0.0,0.20898306142567422,none,none
wroclaw_2024_2025,30,12248,0,0,0.044178494415894186,0.0,0.21957962824835048,none,none
wroclaw_2024_2025,30,12249,0,0,0.024723688295560386,0.0,0.22826945590861245,none,none
wroclaw_2024_2025,30,12250,0,0,0.0294548061203338,0.0,0.25258593822023545,none,none
wroclaw_2024_2025,30,12251,0,0,0.01986184414778019,0.0,0.2590802818995131,none,none
wroclaw_2024_2025,30,12252,0,0,0.029592961972553608,0.0,0.2500423199651998,none,none
wroclaw_2024_2025,30,12253,0,0,0.029592961972553608,0.0,0.2524818672846315,none,none
wroclaw_2024_2025,30,12254,0,0,0.03432407979732702,0.0,0.26806985362864383,none,none
wroclaw_2024_2025,30,12255,0,0,0.053414150198176226,0.0,0.261524628738149,none,none
wroclaw_2024_2025,30,12256,0,0,0.07273822999550324,0.0,0.28358175233758337,none,none
wroclaw_2024_2025,30,12257,0,0,0.06837184789021443,0.0,0.2607942936231266,none,none
wroclaw_2024_2025,30,12258,0,0,0.07366817331497677,0.0,0.20179110268499048,none,none
wroclaw_2024_2025,30,12259,0,0,0.06380632916719657,0.0,0.1957985419975078,none,none
wroclaw_2024_2025,30,12260,0,0,0.05843416391849894,0.0,0.1780077334137878,none,none
wroclaw_2024_2025,30,12261,0,0,0.0677856869653617,0.0,0.17970283888585573,none,none
wroclaw_2024_2025,30,12262,0,0,0.07880632916719657,0.0,0.17611768046417933,none,none
wroclaw_2024_2025,30,12263,0,0,0.07880632916719657,0.0,0.1762076036783677,none,none
wroclaw_2024_2025,30,12264,0,0,0.06880632916719658,0.0,0.17993084123705272,none,none
wroclaw_2024_2025,30,12265,0,0,0.04880632916719656,0.0,0.18121289764459678,none,none
wroclaw_2024_2025,30,12266,0,0,0.03408264087163618,0.0,0.17743595026938971,none,none
wroclaw_2024_2025,30,12267,0,0,0.03435152304686276,0.0,0.18280930376424698,none,none
wroclaw_2024_2025,30,12268,0,0,0.02448967889908257,0.0,0.18767865581735438,none,none
wroclaw_2024_2025,30,12269,0,0,0.01948967889908257,0.0,0.17696949247699048,none,none
wroclaw_2024_2025,30,12270,0,0,0.014731117824773415,0.0,0.16265477542637163,none,none
wroclaw_2024_2025,30,12271,0,0,0.024324079797327022,0.0,0.17542055802804696,none,none
wroclaw_2024_2025,30,12272,0,0,0.019462235649546827,0.0,0.1599379391178767,none,none
wroclaw_2024_2025,30,12273,0,0,0.02946223564954683,0.0,0.14639527864398152,none,none
wroclaw_2024_2025,30,12274,0,0,0.02919335347432024,0.0,0.1429996675031885,none,none
wroclaw_2024_2025,30,12275,0,0,0.03392447129909366,0.0,0.15134633910835887,none,none
wroclaw_2024_2025,30,12276,0,0,0.02446223564954683,0.0,0.15137516569929552,none,none
wroclaw_2024_2025,30,12277,0,0,0.02446223564954683,0.0,0.14566703515301352,none,none
wroclaw_2024_2025,30,12278,0,0,0.02446223564954683,0.0,0.13518037598557273,none,none
wroclaw_2024_2025,30,12279,0,0,0.014731117824773415,0.0,0.14432412363117253,none,none
wroclaw_2024_2025,30,12280,0,0,0.0189519145486294,0.0,0.13863850128063365,none,none
wroclaw_2024_2025,30,12281,0,0,0.01948967889908257,0.0,0.13236806599186215,none,none
wroclaw_2024_2025,30,12282,0,0,0.023710475622938553,0.0,0.12338083134777814,none,none
wroclaw_2024_2025,30,12283,0,0,0.02344159344771197,0.0,0.12082680057577141,none,none
wroclaw_2024_2025,30,12284,0,0,0.02830343759549216,0.0,0.1225665689836659,none,none
wroclaw_2024_2025,30,12285,0,0,0.02817271127248538,0.0,0.12451021881349301,none,none
wroclaw_2024_2025,30,12286,0,0,0.024193353474320244,0.0,0.12174365060168013,none,none
wroclaw_2024_2025,30,12287,0,0,0.028683032373402813,0.0,0.12479076948732352,none,none
wroclaw_2024_2025,30,12288,0,0,0.019462235649546827,0.0,0.12947093699629017,none,none
wroclaw_2024_2025,30,12289,0,0,0.014861844147780192,0.0,0.13519145998951457,none,none
wroclaw_2024_2025,30,12290,0,0,0.009861844147780192,0.0,0.13817487737593373,none,none
wroclaw_2024_2025,30,12291,0,0,0.009861844147780192,0.0,0.1352900431057676,none,none
wroclaw_2024_2025,30,12292,0,0,0.009592961972553606,0.0,0.13305875199708864,none,none
wroclaw_2024_2025,30,12293,0,0,0.024324079797327022,0.0,0.12871294303101646,none,none
wroclaw_2024_2025,30,12294,0,0,0.009861844147780192,0.0,0.1279713516397051,none,none
wroclaw_2024_2025,30,12295,0,0,0.023572319770718747,0.0,0.12440481878611138,none,none
wroclaw_2024_2025,30,12296,0,0,0.009220796723855984,0.0,0.12486536238458838,none,none
wroclaw_2024_2025,30,12297,0,0,0.00948967889908257,0.0,0.12345135591674646,none,none
wroclaw_2024_2025,30,12298,0,0,0.03827599434595642,0.0,0.1221323556859371,none,none
wroclaw_2024_2025,30,12299,0,0,0.038137838493736614,0.0,0.12338611646946454,none,none
wroclaw_2024_2025,30,12300,0,0,0.024324079797327022,0.0,0.12162261897209864,none,none
wroclaw_2024_2025,30,12301,0,0,0.005,0.0,0.12064165076632434,none,none
wroclaw_2024_2025,30,12302,0,0,0.0,0.0,0.12043278929422567,none,none
wroclaw_2024_2025,30,12303,0,0,0.014193353474320243,0.0,0.12115180496955566,none,none
wroclaw_2024_2025,30,12304,0,0,0.009462235649546829,0.0,0.11975993888062185,none,none
wroclaw_2024_2025,30,12305,0,0,0.03365558912386707,0.0,0.11998800059075586,none,none
wroclaw_2024_2025,30,12306,0,0,0.023924471299093655,0.0,0.11548266714283069,none,none
wroclaw_2024_2025,30,12307,0,0,0.041614304720197344,0.0,0.11984256633351115,none,none
wroclaw_2024_2025,30,12308,0,0,0.03263494692203221,0.0,0.1275612931544368,none,none
wroclaw_2024_2025,30,12309,0,0,0.0189519145486294,0.0,0.13105913226362836,none,none
wroclaw_2024_2025,30,12310,0,0,0.03803455542026558,0.0,0.13320012190938307,none,none
wroclaw_2024_2025,30,12311,0,0,0.02932407979732702,0.0,0.137684325567128,none,none
wroclaw_2024_2025,30,12312,0,0,0.005,0.0,0.1434292395704681,none,none
wroclaw_2024_2025,30,12313,0,0,0.005,0.0,0.14982228720786564,none,none
wroclaw_2024_2025,30,12314,0,0,0.0,0.0,0.14934205201088033,none,none
wroclaw_2024_2025,30,12315,0,0,0.0,0.0,0.16834542173855288,none,none
wroclaw_2024_2025,30,12316,0,0,0.009861844147780192,0.0,0.21441918481913852,none,none
wroclaw_2024_2025,30,12317,0,0,0.005,0.0,0.1933627857690124,none,none
wroclaw_2024_2025,30,12318,0,0,0.005,0.0,0.20524706513002955,none,none
wroclaw_2024_2025,30,12319,0,0,0.0,0.0,0.1813967615781719,none,none
wroclaw_2024_2025,30,12320,0,0,0.0047311178247734145,0.0,0.1906844564060025,none,none
wroclaw_2024_2025,30,12321,0,0,0.014193353474320243,0.0,0.20129644173286904,none,none
wroclaw_2024_2025,30,12322,0,0,0.009462235649546829,0.0,0.19798266798906675,none,none
wroclaw_2024_2025,30,12323,0,0,0.009462235649546829,0.0,0.24912197386558269,none,none
wroclaw_2024_2025,30,12324,0,0,0.0047311178247734145,0.0,0.24832745083524665,none,none
wroclaw_2024_2025,30,12325,0,0,0.009592961972553606,0.0,0.23733346959559007,none,none
wroclaw_2024_2025,30,12326,0,0,0.018924471299093658,0.0,0.2522433817622397,none,none
wroclaw_2024_2025,30,12327,0,0,0.019185923945107212,0.0,0.24127059701724884,none,none
wroclaw_2024_2025,30,12328,0,0,0.02378631544687385,0.0,0.23210335131374035,none,none
wroclaw_2024_2025,30,12329,0,0,0.019055197622100437,0.0,0.24438490115419087,none,none
wroclaw_2024_2025,30,12330,0,0,0.0194548061203338,0.0,0.2250064749542722,none,none
wroclaw_2024_2025,30,12331,0,0,0.014723688295560384,0.0,0.23070311743248095,none,none
wroclaw_2024_2025,30,12332,0,0,0.02931665026811399,0.0,0.21316328393039666,none,none
wroclaw_2024_2025,30,12333,0,0,0.03917849441589418,0.0,0.2089008891616831,none,none
wroclaw_2024_2025,30,12334,0,0,0.0537714563884478,0.0,0.2128149959570161,none,none
wroclaw_2024_2025,30,12335,0,0,0.10191672441139742,0.0,0.2054675270692106,none,none
wroclaw_2024_2025,30,12336,0,0,0.10538576110864514,0.0,0.22004384767530985,none,none
wroclaw_2024_2025,30,12337,0,0,0.043640730065441016,0.0,0.19130532541979786,none,none
wroclaw_2024_2025,30,12338,0,0,0.019723688295560385,0.0,0.16734477531376832,none,none
wroclaw_2024_2025,30,12339,0,0,0.0294548061203338,0.0,0.19951958695907215,none,none
wroclaw_2024_2025,30,12340,0,0,0.034585532443340575,0.0,0.2012112858416484,none,none
wroclaw_2024_2025,30,12341,0,0,0.054316650268114,0.0,0.19982905041832916,none,none
wroclaw_2024_2025,30,12342,0,0,0.05417849441589419,0.0,0.20865525926454234,none,none
wroclaw_2024_2025,30,12343,0,0,0.04917849441589419,0.0,0.2216492943693228,none,none
wroclaw_2024_2025,30,12344,0,0,0.044178494415894186,0.0,0.21772483683550056,none,none
wroclaw_2024_2025,30,12345,0,0,0.04917849441589419,0.0,0.2294314194313062,none,none
wroclaw_2024_2025,30,12346,0,0,0.029447376591120768,0.0,0.21786196890377058,none,none
wroclaw_2024_2025,30,12347,0,0,0.024723688295560386,0.0,0.22500043896609814,none,none
wroclaw_2024_2025,30,12348,0,0,0.0294548061203338,0.0,0.24293083363327386,none,none
wroclaw_2024_2025,30,12349,0,0,0.03972368829556038,0.0,0.25044486303711666,none,none
wroclaw_2024_2025,30,12350,0,0,0.059316650268114,0.0,0.2592188234738787,none,none
wroclaw_2024_2025,30,12351,0,0,0.08748936154059937,0.0,0.2683183950200672,none,none
wroclaw_2024_2025,30,12352,0,0,0.11208232351315298,0.0,0.2996689619536968,none,none
wroclaw_2024_2025,30,12353,0,0,0.12743962970342454,0.0,0.2788169721496903,none,none
wroclaw_2024_2025,30,12354,0,0,0.09796480986276804,0.0,0.24481422300453212,none,none
wroclaw_2024_2025,30,12355,0,0,0.11667528548570658,0.0,0.22620317726067707,none,none
wroclaw_2024_2025,30,12356,0,0,0.0966827150149196,0.0,0.19656653571497634,none,none
wroclaw_2024_2025,30,12357,0,0,0.08246191829106361,0.0,0.2088496862838052,none,none
wroclaw_2024_2025,30,12358,0,0,0.0966827150149196,0.0,0.20134746418332625,none,none
wroclaw_2024_2025,30,12359,0,0,0.08208975304236601,0.0,0.19705489196558576,none,none
wroclaw_2024_2025,30,12360,0,0,0.08246191829106364,0.0,0.2058423351994466,none,none
wroclaw_2024_2025,30,12361,0,0,0.06826856481674339,0.0,0.18446120605782965,none,none
wroclaw_2024_2025,30,12362,0,0,0.05404776809288741,0.0,0.18487298136040567,none,none
wroclaw_2024_2025,30,12363,0,0,0.05458553244334058,0.0,0.18055999066539152,none,none
wroclaw_2024_2025,30,12364,0,0,0.049213367194642955,0.0,0.17706387791239597,none,none
wroclaw_2024_2025,30,12365,0,0,0.038951914548629396,0.0,0.17463499014550393,none,none
wroclaw_2024_2025,30,12366,0,0,0.043172711272485384,0.0,0.17614230313268742,none,none
wroclaw_2024_2025,30,12367,0,0,0.038386706948640485,0.0,0.17814529121018055,none,none
wroclaw_2024_2025,30,12368,0,0,0.043145268022949636,0.0,0.17426851511846167,none,none
wroclaw_2024_2025,30,12369,0,0,0.03341415019817623,0.0,0.16942096608762833,none,none
wroclaw_2024_2025,30,12370,0,0,0.024220796723855985,0.0,0.1730065538484827,none,none
wroclaw_2024_2025,30,12371,0,0,0.034193353474320246,0.0,0.16964318956862526,none,none
wroclaw_2024_2025,30,12372,0,0,0.038683032373402815,0.0,0.17114198223204466,none,none
wroclaw_2024_2025,30,12373,0,0,0.024220796723855985,0.0,0.15528079204405465,none,none
wroclaw_2024_2025,30,12374,0,0,0.029220796723855982,0.0,0.1494975683275436,none,none
wroclaw_2024_2025,30,12375,0,0,0.02817271127248538,0.0,0.1476031293552411,none,none
wroclaw_2024_2025,30,12376,0,0,0.02817271127248538,0.0,0.1464631616046287,none,none
wroclaw_2024_2025,30,12377,0,0,0.014220796723855985,0.0,0.145239271834375,none,none
wroclaw_2024_2025,30,12378,0,0,0.014220796723855985,0.0,0.1464412495154164,none,none
wroclaw_2024_2025,30,12379,0,0,0.014220796723855985,0.0,0.14594804385112303,none,none
wroclaw_2024_2025,30,12380,0,0,0.009731117824773414,0.0,0.14957912341439603,none,none
wroclaw_2024_2025,30,12381,0,0,0.009731117824773414,0.0,0.14254426538864773,none,none
wroclaw_2024_2025,30,12382,0,0,0.009731117824773414,0.0,0.1332681489484543,none,none
wroclaw_2024_2025,30,12383,0,0,0.019462235649546827,0.0,0.12349162427079294,none,none
wroclaw_2024_2025,30,12384,0,0,0.018710475622938552,0.0,0.1250618743231367,none,none
wroclaw_2024_2025,30,12385,0,0,0.023710475622938553,0.0,0.126416195733428,none,none
wroclaw_2024_2025,30,12386,0,0,0.014462235649546828,0.0,0.12653819139861877,none,none
wroclaw_2024_2025,30,12387,0,0,0.02381375869640959,0.0,0.12626594196976035,none,none
wroclaw_2024_2025,30,12388,0,0,0.009351523046862762,0.0,0.12765821942415642,none,none
wroclaw_2024_2025,30,12389,0,0,0.009592961972553606,0.0,0.13112189097975244,none,none
wroclaw_2024_2025,30,12390,0,0,0.03357231977071875,0.0,0.13346527209821085,none,none
wroclaw_2024_2025,30,12391,0,0,0.03357231977071875,0.0,0.13856533994028566,none,none
wroclaw_2024_2025,30,12392,0,0,0.038813758696409593,0.0,0.1366303995195399,none,none
wroclaw_2024_2025,30,12393,0,0,0.048034555420265565,0.0,0.12466896305486365,none,none
wroclaw_2024_2025,30,12394,0,0,0.05351743327164726,0.0,0.12142010242456217,none,none
wroclaw_2024_2025,30,12395,0,0,0.05800711217072983,0.0,0.12275441430126485,none,none
wroclaw_2024_2025,30,12396,0,0,0.04837927741942746,0.0,0.1272451545247459,none,none
wroclaw_2024_2025,30,12397,0,0,0.039055197622100433,0.0,0.12929571966401954,none,none
wroclaw_2024_2025,30,12398,0,0,0.014861844147780192,0.0,0.12416833133581766,none,none
wroclaw_2024_2025,30,12399,0,0,0.029055197622100435,0.0,0.11978837450221354,none,none
wroclaw_2024_2025,30,12400,0,0,0.02932407979732702,0.0,0.11757673351403626,none,none
wroclaw_2024_2025,30,12401,0,0,0.014861844147780192,0.0,0.11712077823959967,none,none
wroclaw_2024_2025,30,12402,0,0,0.014462235649546828,0.0,0.11867702446919809,none,none
wroclaw_2024_2025,30,12403,0,0,0.009731117824773414,0.0,0.11791705967638923,none,none
wroclaw_2024_2025,30,12404,0,0,0.029055197622100435,0.0,0.12100094566320768,none,none
wroclaw_2024_2025,30,12405,0,0,0.014193353474320243,0.0,0.1308280630172202,none,none
wroclaw_2024_2025,30,12406,0,0,0.009731117824773414,0.0,0.13937122201844138,none,none
wroclaw_2024_2025,30,12407,0,0,0.009731117824773414,0.0,0.14143847554022956,none,none
wroclaw_2024_2025,30,12408,0,0,0.009489678899082568,0.0,0.14765860913367526,none,none
wroclaw_2024_2025,30,12409,0,0,0.014220796723855985,0.0,0.19104217153738468,none,none
wroclaw_2024_2025,30,12410,0,0,0.005,0.0,0.21529005589196917,none,none
wroclaw_2024_2025,30,12411,0,0,0.005,0.0,0.21445363852387325,none,none
wroclaw_2024_2025,30,12412,0,0,0.005,0.0,0.21122207435711907,none,none
wroclaw_2024_2025,30,12413,0,0,0.005,0.0,0.1988673126633237,none,none
wroclaw_2024_2025,30,12414,0,0,0.009731117824773414,0.0,0.193517265464681,none,none
wroclaw_2024_2025,30,12415,0,0,0.009731117824773414,0.0,0.21784202292038957,none,none
wroclaw_2024_2025,30,12416,0,0,0.0047311178247734145,0.0,0.2154449828391744,none,none
wroclaw_2024_2025,30,12417,0,0,0.0047311178247734145,0.0,0.24387439640780034,none,none
wroclaw_2024_2025,30,12418,0,0,0.0,0.0,0.24369852277260326,none,none
wroclaw_2024_2025,30,12419,0,0,0.009462235649546829,0.0,0.23570857062884415,none,none
wroclaw_2024_2025,30,12420,0,0,0.0,0.0,0.23804261694129983,none,none
wroclaw_2024_2025,30,12421,0,0,0.014082640871636177,0.0,0.2418515784396069,none,none
wroclaw_2024_2025,30,12422,0,0,0.018441593447711967,0.0,0.23591584010214667,none,none
wroclaw_2024_2025,30,12423,0,0,0.028406720668963197,0.0,0.22511003573268118,none,none
wroclaw_2024_2025,30,12424,0,0,0.037999682641516805,0.0,0.19673115768101596,none,none
wroclaw_2024_2025,30,12425,0,0,0.06297223939198107,0.0,0.19859143977116225,none,none
wroclaw_2024_2025,30,12426,0,0,0.04837927741942746,0.0,0.22757099110604506,none,none
wroclaw_2024_2025,30,12427,0,0,0.04364815959465404,0.0,0.2270367385554179,none,none
wroclaw_2024_2025,30,12428,0,0,0.03432407979732702,0.0,0.23140775721166304,none,none
wroclaw_2024_2025,30,12429,0,0,0.03432407979732702,0.0,0.21690955415477048,none,none
wroclaw_2024_2025,30,12430,0,0,0.034055197622100436,0.0,0.21344463883349218,none,none
wroclaw_2024_2025,30,12431,0,0,0.03918592394510721,0.0,0.22525741322385315,none,none
wroclaw_2024_2025,30,12432,0,0,0.024592961972553607,0.0,0.2267195515137215,none,none
wroclaw_2024_2025,30,12433,0,0,0.01986184414778019,0.0,0.22469009201655266,none,none
wroclaw_2024_2025,30,12434,0,0,0.01,0.0,0.2259961052855469,none,none
wroclaw_2024_2025,30,12435,0,0,0.024454806120333798,0.0,0.21869482350577787,none,none
wroclaw_2024_2025,30,12436,0,0,0.024723688295560386,0.0,0.22419878363916515,none,none
wroclaw_2024_2025,30,12437,0,0,0.024454806120333798,0.0,0.22024479859726187,none,none
wroclaw_2024_2025,30,12438,0,0,0.0390477680928874,0.0,0.22156237498431208,none,none
wroclaw_2024_2025,30,12439,0,0,0.04391704176988062,0.0,0.23238184792326844,none,none
wroclaw_2024_2025,30,12440,0,0,0.04404776809288741,0.0,0.22234061347748,none,none
wroclaw_2024_2025,30,12441,0,0,0.03431665026811399,0.0,0.21595071669651628,none,none
wroclaw_2024_2025,30,12442,0,0,0.04431665026811399,0.0,0.22470734030711717,none,none
wroclaw_2024_2025,30,12443,0,0,0.019723688295560385,0.0,0.22622338533887093,none,none
wroclaw_2024_2025,30,12444,0,0,0.024723688295560386,0.0,0.2256307764426485,none,none
wroclaw_2024_2025,30,12445,0,0,0.039055197622100433,0.0,0.2336907979800265,none,none
wroclaw_2024_2025,30,12446,0,0,0.0394548061203338,0.0,0.2537179459542989,none,none
wroclaw_2024_2025,30,12447,0,0,0.049185923945107214,0.0,0.2226265751291237,none,none
wroclaw_2024_2025,30,12448,0,0,0.0544548061203338,0.0,0.18316830809763945,none,none
wroclaw_2024_2025,30,12449,0,0,0.064316650268114,0.0,0.17589873550352209,none,none
wroclaw_2024_2025,30,12450,0,0,0.06904776809288742,0.0,0.1757398598273132,none,none
wroclaw_2024_2025,30,12451,0,0,0.08404776809288741,0.0,0.17660498580525075,none,none
wroclaw_2024_2025,30,12452,0,0,0.08380632916719657,0.0,0.17249187871747665,none,none
wroclaw_2024_2025,30,12453,0,0,0.09379889963798355,0.0,0.16801984937099276,none,none
wroclaw_2024_2025,30,12454,0,0,0.10853001746275696,0.0,0.18051444063891964,none,none
wroclaw_2024_2025,30,12455,0,0,0.10329600806627914,0.0,0.18453526888746893,none,none
wroclaw_2024_2025,30,12456,0,0,0.12748193201138636,0.0,0.17861083273200598,none,none
wroclaw_2024_2025,30,12457,0,0,0.09863330053622799,0.0,0.17623643671620093,none,none
wroclaw_2024_2025,30,12458,0,0,0.11707489398393996,0.0,0.19243651168207104,none,none
wroclaw_2024_2025,30,12459,0,0,0.12221304983615976,0.0,0.1972923478132636,none,none
wroclaw_2024_2025,30,12460,0,0,0.15027504850596107,0.0,0.1901298354095237,none,none
wroclaw_2024_2025,30,12461,0,0,0.13095096870863407,0.0,0.1866296608514272,none,none
wroclaw_2024_2025,30,12462,0,0,0.10649616258830026,0.0,0.20391413589665386,none,none
wroclaw_2024_2025,30,12463,0,0,0.11163431844052006,0.0,0.19063168359002855,none,none
wroclaw_2024_2025,30,12464,0,0,0.14680601180871336,0.0,0.1782887419312354,none,none
wroclaw_2024_2025,30,12465,0,0,0.12079279913609152,0.0,0.21078891449090054,none,none
wroclaw_2024_2025,30,12466,0,0,0.11628310651668623,0.0,0.23138504105593816,none,none
wroclaw_2024_2025,30,12467,0,0,0.11655941822112585,0.0,0.24294536536108846,none,none
wroclaw_2024_2025,30,12468,0,0,0.08760750367249645,0.0,0.2529183034524716,none,none
wroclaw_2024_2025,30,12469,0,0,0.07341415019817622,0.0,0.22534784005432146,none,none
wroclaw_2024_2025,30,12470,0,0,0.09286895631851001,0.0,0.21429324247548698,none,none
wroclaw_2024_2025,30,12471,0,0,0.09719303611583704,0.0,0.19234175384854055,none,none
wroclaw_2024_2025,30,12472,0,0,0.07224792261490853,0.0,0.18216568872505343,none,none
wroclaw_2024_2025,30,12473,0,0,0.03844159344771197,0.0,0.19157707190488088,none,none
wroclaw_2024_2025,30,12474,0,0,0.04817271127248539,0.0,0.18320078548724958,none,none
wroclaw_2024_2025,30,12475,0,0,0.05405519762210043,0.0,0.20541549026870798,none,none
wroclaw_2024_2025,30,12476,0,0,0.02881375869640959,0.0,0.20016044037129388,none,none
wroclaw_2024_2025,30,12477,0,0,0.048275994345956426,0.0,0.18017119413262359,none,none
wroclaw_2024_2025,30,12478,0,0,0.06800711217072983,0.0,0.17865430653843345,none,none
wroclaw_2024_2025,30,12479,0,0,0.08220046564505007,0.0,0.1742319803967309,none,none
wroclaw_2024_2025,30,12480,0,0,0.05338670694864048,0.0,0.17469146726634763,none,none
wroclaw_2024_2025,30,12481,0,0,0.043655589123867064,0.0,0.16628429054125024,none,none
wroclaw_2024_2025,30,12482,0,0,0.04841415019817623,0.0,0.1646384952417965,none,none
wroclaw_2024_2025,30,12483,0,0,0.05739350799634137,0.0,0.16614180129931977,none,none
wroclaw_2024_2025,30,12484,0,0,0.04762751739281918,0.0,0.16218830575314347,none,none
wroclaw_2024_2025,30,12485,0,0,0.04725535214412156,0.0,0.15982457730197,none,none
wroclaw_2024_2025,30,12486,0,0,0.062227908894585814,0.0,0.15931426736696214,none,none
wroclaw_2024_2025,30,12487,0,0,0.0474967910698124,0.0,0.16311113446641548,none,none
wroclaw_2024_2025,30,12488,0,0,0.07590351173877559,0.0,0.16379676364380746,none,none
wroclaw_2024_2025,30,12489,0,0,0.057097182571579044,0.0,0.16943984633498782,none,none
wroclaw_2024_2025,30,12490,0,0,0.0474967910698124,0.0,0.1616124836568036,none,none
wroclaw_2024_2025,30,12491,0,0,0.07502845491837357,0.0,0.1575599555856863,none,none
wroclaw_2024_2025,30,12492,0,0,0.052124625821114774,0.0,0.15132259391453667,none,none
wroclaw_2024_2025,30,12493,0,0,0.08537317691753545,0.0,0.14903615345337376,none,none
wroclaw_2024_2025,30,12494,0,0,0.06566950234229778,0.0,0.14637650032065028,none,none
wroclaw_2024_2025,30,12495,0,0,0.08513173799184459,0.0,0.14723626680190463,none,none
wroclaw_2024_2025,30,12496,0,0,0.04327599434595642,0.0,0.14463035603498128,none,none
wroclaw_2024_2025,30,12497,0,0,0.07986285581661802,0.0,0.15059490740615658,none,none
wroclaw_2024_2025,30,12498,0,0,0.038137838493736614,0.0,0.15086249676132021,none,none
wroclaw_2024_2025,30,12499,0,0,0.03313783849373661,0.0,0.15458295794957516,none,none
wroclaw_2024_2025,30,12500,0,0,0.03354487652118301,0.0,0.16030689482852276,none,none
wroclaw_2024_2025,30,12501,0,0,0.014220796723855985,0.0,0.14799350052930743,none,none
wroclaw_2024_2025,30,12502,0,0,0.023951914548629397,0.0,0.15537075841405454,none,none
wroclaw_2024_2025,30,12503,0,0,0.03344159344771197,0.0,0.14969320099435535,none,none
wroclaw_2024_2025,30,12504,0,0,0.02817271127248538,0.0,0.1730027436082279,none,none
wroclaw_2024_2025,30,12505,0,0,0.014462235649546828,0.0,0.16314339722802923,none,none
wroclaw_2024_2025,30,12506,0,0,0.009462235649546829,0.0,0.17440936730146672,none,none
wroclaw_2024_2025,30,12507,0,0,0.009731117824773414,0.0,0.18856348786865362,none,none
wroclaw_2024_2025,30,12508,0,0,0.0047311178247734145,0.0,0.20185635629530568,none,none
wroclaw_2024_2025,30,12509,0,0,0.009731117824773414,0.0,0.21063138521390531,none,none
wroclaw_2024_2025,30,12510,0,0,0.015,0.0,0.22709557359189303,none,none
wroclaw_2024_2025,30,12511,0,0,0.02,0.0,0.20878191488192607,none,none
wroclaw_2024_2025,30,12512,0,0,0.015,0.0,0.2244300615535899,none,none
wroclaw_2024_2025,30,12513,0,0,0.009861844147780192,0.0,0.24050279646430067,none,none
wroclaw_2024_2025,30,12514,0,0,0.01432407979732702,0.0,0.24278658171231457,none,none
wroclaw_2024_2025,30,12515,0,0,0.03765496064235492,0.0,0.250606749268766,none,none
wroclaw_2024_2025,30,12516,0,0,0.023544876521183006,0.0,0.25697571479765835,none,none
wroclaw_2024_2025,30,12517,0,0,0.019055197622100437,0.0,0.23726814605363367,none,none
wroclaw_2024_2025,30,12518,0,0,0.01432407979732702,0.0,0.2221896484017727,none,none
wroclaw_2024_2025,30,12519,0,0,0.033517433271647266,0.0,0.2464872467292607,none,none
wroclaw_2024_2025,30,12520,0,0,0.04391704176988063,0.0,0.2637591459814993,none,none
wroclaw_2024_2025,30,12521,0,0,0.048371847890214426,0.0,0.24842003049173525,none,none
wroclaw_2024_2025,30,12522,0,0,0.058909612240667604,0.0,0.2968516009520575,none,none
wroclaw_2024_2025,30,12523,0,0,0.05837927741942746,0.0,0.3063873095512475,none,none
wroclaw_2024_2025,30,12524,0,0,0.04432407979732702,0.0,0.2710756936368616,none,none
wroclaw_2024_2025,30,12525,0,0,0.024861844147780192,0.0,0.23871776358075336,none,none
wroclaw_2024_2025,30,12526,0,0,0.0294548061203338,0.0,0.23462048355103193,none,none
wroclaw_2024_2025,30,12527,0,0,0.0389096122406676,0.0,0.22375115798975842,none,none
wroclaw_2024_2025,30,12528,0,0,0.034723688295560384,0.0,0.26289050766653577,none,none
wroclaw_2024_2025,30,12529,0,0,0.07760007414328345,0.0,0.21462560906249936,none,none
wroclaw_2024_2025,30,12530,0,0,0.09722047936537277,0.0,0.23690565875360609,none,none
wroclaw_2024_2025,30,12531,0,0,0.1051317379918446,0.0,0.2534974548441172,none,none
wroclaw_2024_2025,30,12532,0,0,0.12488286953694072,0.0,0.21401512323681815,none,none
wroclaw_2024_2025,30,12533,0,0,0.10666270129459689,0.0,0.2308738471619664,none,none
wroclaw_2024_2025,30,12534,0,0,0.09182087086713941,0.0,0.18931182122457277,none,none
wroclaw_2024_2025,30,12535,0,0,0.06313783849373661,0.0,0.16684551394886432,none,none
wroclaw_2024_2025,30,12536,0,0,0.05826856481674339,0.0,0.15137888739588604,none,none
wroclaw_2024_2025,30,12537,0,0,0.05880632916719657,0.0,0.15918889981866738,none,none
wroclaw_2024_2025,30,12538,0,0,0.06353744699196998,0.0,0.1910080304159756,none,none
wroclaw_2024_2025,30,12539,0,0,0.06288897003883274,0.0,0.21295983909002605,none,none
wroclaw_2024_2025,30,12540,0,0,0.07312297943531057,0.0,0.1876637927935348,none,none
wroclaw_2024_2025,30,12541,0,0,0.05853001746275695,0.0,0.1888902800114005,none,none
wroclaw_2024_2025,30,12542,0,0,0.12078536960687851,0.0,0.20653950982663616,none,none
wroclaw_2024_2025,30,12543,0,0,0.12130312023700895,0.0,0.24323171432188193,none,none
wroclaw_2024_2025,30,12544,0,0,0.11655198869191283,0.0,0.19647253538134324,none,none
wroclaw_2024_2025,30,12545,0,0,0.10667528548570658,0.0,0.18659808875509024,none,none
wroclaw_2024_2025,30,12546,0,0,0.0875926446140704,0.0,0.17105883101562777,none,none
wroclaw_2024_2025,30,12547,0,0,0.09259264461407041,0.0,0.15886825317883152,none,none
wroclaw_2024_2025,30,12548,0,0,0.09288897003883274,0.0,0.1664947781305965,none,none
wroclaw_2024_2025,30,12549,0,0,0.13116496438478914,0.0,0.16985667560224935,none,none
wroclaw_2024_2025,30,12550,0,0,0.14079279913609155,0.0,0.17669847750364473,none,none
wroclaw_2024_2025,30,12551,0,0,0.10248936154059937,0.0,0.2014853960653989,none,none
wroclaw_2024_2025,30,12552,0,0,0.14184088458746213,0.0,0.21028636317423885,none,none
wroclaw_2024_2025,30,12553,0,0,0.12235120568837957,0.0,0.2034377915887989,none,none
wroclaw_2024_2025,30,12554,0,0,0.11221304983615976,0.0,0.19855750288653215,none,none
wroclaw_2024_2025,30,12555,0,0,0.11326856481674338,0.0,0.2192951130510401,none,none
wroclaw_2024_2025,30,12556,0,0,0.10761265833439314,0.0,0.18283869634000746,none,none
wroclaw_2024_2025,30,12557,0,0,0.09210976676268873,0.0,0.19020719533429495,none,none
wroclaw_2024_2025,30,12558,0,0,0.08211719629190176,0.0,0.18424193425983176,none,none
wroclaw_2024_2025,30,12559,0,0,0.0949177423156895,0.0,0.1987340032071214,none,none
wroclaw_2024_2025,30,12560,0,0,0.07569694559183353,0.0,0.1850091822459645,none,none
wroclaw_2024_2025,30,12561,0,0,0.056986469968894976,0.0,0.19356143144831575,none,none
wroclaw_2024_2025,30,12562,0,0,0.05198646996889497,0.0,0.20956697386210568,none,none
wroclaw_2024_2025,30,12563,0,0,0.056986469968894976,0.0,0.20339969617512338,none,none
wroclaw_2024_2025,30,12564,0,0,0.05198646996889497,0.0,0.19984806379698716,none,none
wroclaw_2024_2025,30,12565,0,0,0.056986469968894976,0.0,0.18881379320670946,none,none
wroclaw_2024_2025,30,12566,0,0,0.07157200241223555,0.0,0.19045629850650175,none,none
wroclaw_2024_2025,30,12567,0,0,0.03752423431934814,0.0,0.19857503797741344,none,none
wroclaw_2024_2025,30,12568,0,0,0.07082767191484031,0.0,0.18514022870623867,none,none
wroclaw_2024_2025,30,12569,0,0,0.09911109579000973,0.0,0.20844309079288942,none,none
wroclaw_2024_2025,30,12570,0,0,0.07091094126798864,0.0,0.21733809962289022,none,none
wroclaw_2024_2025,30,12571,0,0,0.08564205909276203,0.0,0.1845695033294083,none,none
wroclaw_2024_2025,30,12572,0,0,0.08475214321393394,0.0,0.18524986922136025,none,none
wroclaw_2024_2025,30,12573,0,0,0.07977958646346969,0.0,0.17735102945577097,none,none
wroclaw_2024_2025,30,12574,0,0,0.09873150101209908,0.0,0.16048910107108472,none,none
wroclaw_2024_2025,30,12575,0,0,0.07926926536255227,0.0,0.15042635470894575,none,none
wroclaw_2024_2025,30,12576,0,0,0.11319373666164591,0.0,0.15121846717957296,none,none
wroclaw_2024_2025,30,12577,0,0,0.10843517558733674,0.0,0.13451920172833282,none,none
wroclaw_2024_2025,30,12578,0,0,0.09891805343871844,0.0,0.13333925698280383,none,none
wroclaw_2024_2025,30,12579,0,0,0.11375245433696289,0.0,0.1360920706107969,none,none
wroclaw_2024_2025,30,12580,0,0,0.10851101541127203,0.0,0.1301300969914429,none,none
wroclaw_2024_2025,30,12581,0,0,0.11351101541127205,0.0,0.12248240984887404,none,none
wroclaw_2024_2025,30,12582,0,0,0.10908365254047397,0.0,0.1295436620495051,none,none
wroclaw_2024_2025,30,12583,0,0,0.14698748163773276,0.0,0.14113286523004173,none,none
wroclaw_2024_2025,30,12584,0,0,0.11405620929093824,0.0,0.13628414943819833,none,none
wroclaw_2024_2025,30,12585,0,0,0.14351844494048505,0.0,0.14339217084570557,none,none
wroclaw_2024_2025,30,12586,0,0,0.128407732337801,0.0,0.13298030716268103,none,none
wroclaw_2024_2025,30,12587,0,0,0.10550390324054222,0.0,0.13870281741245094,none,none
wroclaw_2024_2025,30,12588,0,0,0.08115238019367946,0.0,0.1309025007194807,none,none
wroclaw_2024_2025,30,12589,0,0,0.09115238019367945,0.0,0.1338157318431,none,none
wroclaw_2024_2025,30,12590,0,0,0.09628310651668624,0.0,0.12624243665575263,none,none
wroclaw_2024_2025,30,12591,0,0,0.07642126236890605,0.0,0.1334266367391595,none,none
wroclaw_2024_2025,30,12592,0,0,0.07182087086713942,0.0,0.1305152915013215,none,none
wroclaw_2024_2025,30,12593,0,0,0.057227908894585816,0.0,0.12352625832447953,none,none
wroclaw_2024_2025,30,12594,0,0,0.07695902671935922,0.0,0.1386738693463603,none,none
wroclaw_2024_2025,30,12595,0,0,0.04776567324503899,0.0,0.14618121106243118,none,none
wroclaw_2024_2025,30,12596,0,0,0.038544876521183005,0.0,0.1394999337868491,none,none
wroclaw_2024_2025,30,12597,0,0,0.03381375869640959,0.0,0.15782540569808115,none,none
wroclaw_2024_2025,30,12598,0,0,0.024082640871636175,0.0,0.16462649236600846,none,none
wroclaw_2024_2025,30,12599,0,0,0.014861844147780192,0.0,0.16578975194379755,none,none
wroclaw_2024_2025,30,12600,0,0,0.024082640871636175,0.0,0.18528136296824363,none,none
wroclaw_2024_2025,30,12601,0,0,0.009861844147780192,0.0,0.22061301220908083,none,none
wroclaw_2024_2025,30,12602,0,0,0.014592961972553607,0.0,0.22002311469242228,none,none
wroclaw_2024_2025,30,12603,0,0,0.014592961972553607,0.0,0.22541347294191433,none,none
wroclaw_2024_2025,30,12604,0,0,0.014592961972553607,0.0,0.2174295759558898,none,none
wroclaw_2024_2025,30,12605,0,0,0.014861844147780192,0.0,0.20435288428588677,none,none
wroclaw_2024_2025,30,12606,0,0,0.014731117824773415,0.0,0.2302112983736281,none,none
wroclaw_2024_2025,30,12607,0,0,0.009731117824773414,0.0,0.2420248530758284,none,none
wroclaw_2024_2025,30,12608,0,0,0.019462235649546827,0.0,0.22024721323651772,none,none
wroclaw_2024_2025,30,12609,0,0,0.0189519145486294,0.0,0.2723160258161818,none,none
wroclaw_2024_2025,30,12610,0,0,0.01868303237340281,0.0,0.29078868651865497,none,none
wroclaw_2024_2025,30,12611,0,0,0.0047311178247734145,0.0,0.3057952550374956,none,none
wroclaw_2024_2025,30,12612,0,0,0.014462235649546828,0.0,0.31338798834494996,none,none
wroclaw_2024_2025,30,12613,0,0,0.014462235649546828,0.0,0.2732001048877071,none,none
wroclaw_2024_2025,30,12614,0,0,0.004861844147780192,0.0,0.26086425722900725,none,none
wroclaw_2024_2025,30,12615,0,0,0.019193353474320243,0.0,0.2601455424134015,none,none
wroclaw_2024_2025,30,12616,0,0,0.0047311178247734145,0.0,0.2750378751975992,none,none
wroclaw_2024_2025,30,12617,0,0,0.01432407979732702,0.0,0.2547503766814396,none,none
wroclaw_2024_2025,30,12618,0,0,0.03364815959465404,0.0,0.24548505864026243,none,none
wroclaw_2024_2025,30,12619,0,0,0.024324079797327022,0.0,0.2584213417496414,none,none
wroclaw_2024_2025,30,12620,0,0,0.0390477680928874,0.0,0.2402462809593438,none,none
wroclaw_2024_2025,30,12621,0,0,0.0439096122406676,0.0,0.24924729010993718,none,none
wroclaw_2024_2025,30,12622,0,0,0.053502574213221216,0.0,0.24884556433087468,none,none
wroclaw_2024_2025,30,12623,0,0,0.058233692037994625,0.0,0.2528597220230548,none,none
wroclaw_2024_2025,30,12624,0,0,0.053502574213221216,0.0,0.26092535935984784,none,none
wroclaw_2024_2025,30,12625,0,0,0.06795738033355501,0.0,0.2712068141797828,none,none
wroclaw_2024_2025,30,12626,0,0,0.0723163329096308,0.0,0.2737599513613404,none,none
wroclaw_2024_2025,30,12627,0,0,0.09602680853256934,0.0,0.2850490407862726,none,none
wroclaw_2024_2025,30,12628,0,0,0.12102680853256935,0.0,0.2817302297867816,none,none
wroclaw_2024_2025,30,12629,0,0,0.09285409726008398,0.0,0.20109111503365446,none,none
wroclaw_2024_2025,30,12630,0,0,0.12616496438478916,0.0,0.17419537041848845,none,none
wroclaw_2024_2025,30,12631,0,0,0.048917041769880626,0.0,0.16427469998537425,none,none
wroclaw_2024_2025,30,12632,0,0,0.08837927741942744,0.0,0.16830597211034865,none,none
wroclaw_2024_2025,30,12633,0,0,0.09286895631851001,0.0,0.17086563612273273,none,none
wroclaw_2024_2025,30,12634,1,0,0.0927107867459675,0.1,0.23171807528048757,rain,none
wroclaw_2024_2025,30,12635,1,0,0.10690414022028773,0.1,0.24164775228256197,rain,none
wroclaw_2024_2025,30,12636,1,0,0.13956653039185565,0.8,0.2854271959821766,rain,none
wroclaw_2024_2025,30,12637,1,0,0.06682830039635246,0.5,0.307722570569205,rain,none
wroclaw_2024_2025,30,12638,0,0,0.16322868150469141,0.0,0.35301348773536206,none,none
wroclaw_2024_2025,30,12639,0,0,0.1432286815046914,0.0,0.3493579019161113,none,none
wroclaw_2024_2025,30,12640,1,0,0.06903525596607445,0.1,0.2977465497946252,rain,none
wroclaw_2024_2025,30,12641,0,0,0.08795972726516808,0.0,0.2510986526971405,none,none
wroclaw_2024_2025,30,12642,0,0,0.05419335347432025,0.0,0.2513059647983657,none,none
wroclaw_2024_2025,30,12643,0,0,0.06481445924221846,0.0,0.21309777290613752,none,none
wroclaw_2024_2025,30,12644,0,0,0.11688419856426173,0.0,0.21005922956183884,none,none
wroclaw_2024_2025,30,12645,0,0,0.12161531638903514,0.0,0.19863530355004336,none,none
wroclaw_2024_2025,30,12646,0,0,0.07540062016707118,0.0,0.20513593978429862,none,none
wroclaw_2024_2025,30,12647,0,0,0.08018662449091607,0.0,0.19051144627516053,none,none
wroclaw_2024_2025,30,12648,0,0,0.07505589816790931,0.0,0.19945506723989007,none,none
wroclaw_2024_2025,30,12649,0,0,0.07056621926882674,0.0,0.1975818072933731,none,none
wroclaw_2024_2025,30,12650,0,0,0.08093838451752436,0.0,0.2005481942301465,none,none
wroclaw_2024_2025,30,12651,0,0,0.038813758696409593,0.0,0.1998057450297042,none,none
wroclaw_2024_2025,30,12652,0,0,0.061986469968894974,0.0,0.18767618419796067,none,none
wroclaw_2024_2025,30,12653,0,0,0.06262751739281919,0.0,0.19026909818483087,none,none
wroclaw_2024_2025,30,12654,0,0,0.10606911084053115,0.0,0.19430444593019577,none,none
wroclaw_2024_2025,30,12655,0,0,0.09724792261490853,0.0,0.17320002354770767,none,none
wroclaw_2024_2025,30,12656,0,0,0.08789639956804578,0.0,0.1708625386657944,none,none
wroclaw_2024_2025,30,12657,0,0,0.09765496064235492,0.0,0.16391558920013863,none,none
wroclaw_2024_2025,30,12658,1,0,0.048200154522021116,0.2,0.17303144547296928,rain,none
wroclaw_2024_2025,30,12659,1,0,0.04320015452202112,0.2,0.15311043962586537,rain,none
wroclaw_2024_2025,30,12660,0,1,0.4127044409498889,0.0,0.25805305599565914,none,rain
wroclaw_2024_2025,30,12661,0,1,0.4620834072462875,0.0,0.2330625170317721,none,rain
wroclaw_2024_2025,30,12662,1,0,0.02844159344771197,0.1,0.18909181634696873,rain,none
wroclaw_2024_2025,30,12663,0,0,0.04725535214412156,0.0,0.15029901052684963,none,none
wroclaw_2024_2025,30,12664,0,1,0.3653467453368377,0.0,0.1597309258659519,none,rain
wroclaw_2024_2025,30,12665,0,0,0.07661430472019734,0.0,0.14548738780794598,none,none
wroclaw_2024_2025,30,12666,0,0,0.13526246431485137,0.0,0.13289995157192078,none,none
wroclaw_2024_2025,30,12667,0,0,0.13053134649007797,0.0,0.138583979836991,none,none
wroclaw_2024_2025,30,12668,0,0,0.08177247429273987,0.0,0.13708786211013482,none,none
wroclaw_2024_2025,30,12669,0,0,0.05263494692203221,0.0,0.13345501258976472,none,none
wroclaw_2024_2025,30,12670,0,0,0.01448967889908257,0.0,0.14057656827741477,none,none
wroclaw_2024_2025,30,12671,0,0,0.01948967889908257,0.0,0.12557316545149333,none,none
wroclaw_2024_2025,30,12672,0,0,0.052765673245038995,0.0,0.12344113563697902,none,none
wroclaw_2024_2025,30,12673,0,0,0.034185923945107215,0.0,0.13536200804157558,none,none
wroclaw_2024_2025,30,12674,0,0,0.005,0.0,0.14424581743825088,none,none
wroclaw_2024_2025,30,12675,0,0,0.024055197622100434,0.0,0.14429511249489788,none,none
wroclaw_2024_2025,30,12676,0,0,0.01448967889908257,0.0,0.1335449414610224,none,none
wroclaw_2024_2025,30,12677,0,0,0.01448967889908257,0.0,0.15036290736686242,none,none
wroclaw_2024_2025,30,12678,0,0,0.019220796723855984,0.0,0.12686879481436952,none,none
wroclaw_2024_2025,30,12679,0,0,0.038544876521183005,0.0,0.12841146864523742,none,none
wroclaw_2024_2025,30,12680,0,0,0.029055197622100435,0.0,0.13240222289140213,none,none
wroclaw_2024_2025,30,12681,0,0,0.03918592394510721,0.0,0.12319041615716453,none,none
wroclaw_2024_2025,30,12682,0,0,0.01986184414778019,0.0,0.12656414912701727,none,none
wroclaw_2024_2025,30,12683,0,0,0.015,0.0,0.12076783041845433,none,none
wroclaw_2024_2025,30,12684,0,0,0.015,0.0,0.11311496065451526,none,none
wroclaw_2024_2025,30,12685,1,0,0.014731117824773415,0.1,0.12879989517654397,rain,none
wroclaw_2024_2025,30,12686,1,0,0.02446223564954683,0.3,0.13619700829579726,rain,none
wroclaw_2024_2025,30,12687,1,1,0.6109096780695097,0.4,0.15716061523064273,rain,rain
wroclaw_2024_2025,30,12688,1,1,0.6751104610730431,0.4,0.18211213271079904,rain,rain
wroclaw_2024_2025,30,12689,1,1,0.6163115614350596,0.7,0.1987970274971369,rain,rain
wroclaw_2024_2025,30,12690,1,1,0.6790088964496732,1.0,0.20111045018078014,rain,rain
wroclaw_2024_2025,30,12691,1,1,0.7351602649745148,0.8,0.22873131313390585,rain,rain
wroclaw_2024_2025,30,12692,1,1,0.7579807526543287,0.3,0.23474466427627652,rain,rain
wroclaw_2024_2025,30,12693,1,1,0.8103183624827609,0.3,0.21218856022984048,rain,rain
wroclaw_2024_2025,30,12694,1,1,0.7696214889552241,0.3,0.202062705645046,rain,rain
wroclaw_2024_2025,30,12695,1,1,0.8222773892021202,0.2,0.19928345734064015,rain,rain
wroclaw_2024_2025,30,12696,1,1,0.8276844272295666,0.2,0.18608296652851067,rain,rain
wroclaw_2024_2025,30,12697,1,1,0.7624704315534113,0.4,0.15566396393900714,rain,rain
wroclaw_2024_2025,30,12698,1,1,0.6635659739746401,0.4,0.13676207569386895,rain,rain
wroclaw_2024_2025,30,12699,1,1,0.7179458798755799,0.4,0.19509018881543502,rain,rain
wroclaw_2024_2025,30,12700,1,1,0.7301043668066055,0.5,0.1773851683275056,rain,rain
wroclaw_2024_2025,30,12701,1,1,0.7236218000782527,0.6,0.19034243309709784,rain,rain
wroclaw_2024_2025,30,12702,1,1,0.7434361872561744,0.7,0.21277288181772488,rain,rain
wroclaw_2024_2025,30,12703,1,1,0.7330565924782638,0.6,0.2107636635079362,rain,rain
wroclaw_2024_2025,30,12704,1,1,0.7268503374543509,0.4,0.21474000745436247,rain,rain
wroclaw_2024_2025,30,12705,1,1,0.715573397268399,0.3,0.21226970774618814,rain,rain
wroclaw_2024_2025,30,12706,1,1,0.6620159365561062,0.3,0.21052170981667656,rain,rain
wroclaw_2024_2025,30,12707,1,1,0.7231947483304837,0.3,0.20726592746636816,rain,rain
wroclaw_2024_2025,30,12708,1,1,0.7391395507083836,0.3,0.20513666024193442,rain,rain
wroclaw_2024_2025,30,12709,1,1,0.7731463517560843,0.3,0.21349230451618997,rain,rain
wroclaw_2024_2025,30,12710,1,1,0.7657802870092786,0.3,0.2035253319606289,rain,rain
wroclaw_2024_2025,30,12711,1,1,0.7744633193826814,0.2,0.19262461123982613,rain,rain
wroclaw_2024_2025,30,12712,1,1,0.7696773150588366,0.1,0.18784216694443445,rain,rain
wroclaw_2024_2025,30,12713,1,1,0.7477118704791024,0.2,0.14517641410577187,rain,rain
wroclaw_2024_2025,30,12714,1,1,0.4184487714472842,0.3,0.14189387950094967,rain,rain
wroclaw_2024_2025,30,12715,1,1,0.6687250831517236,0.4,0.15105232185180711,rain,rain
wroclaw_2024_2025,30,12716,1,1,0.7375188281278108,0.4,0.168913856634537,rain,rain
wroclaw_2024_2025,30,12717,1,1,0.7456841098710829,0.4,0.21023611673545473,rain,rain
wroclaw_2024_2025,30,12718,1,1,0.7209529920463095,0.4,0.19673511052111656,rain,rain
wroclaw_2024_2025,30,12719,1,1,0.7157948224737669,0.4,0.19899745527207915,rain,rain
wroclaw_2024_2025,30,12720,1,1,0.7200156191976229,0.4,0.20515718263900082,rain,rain
wroclaw_2024_2025,30,12721,1,1,0.6775188281278105,0.3,0.2078469578958315,rain,rain
wroclaw_2024_2025,30,12722,1,1,0.7486218000782529,0.3,0.22518274180367703,mixed,rain
wroclaw_2024_2025,30,12723,1,1,0.7358635563624267,0.3,0.21538430594250943,mixed,mixed
wroclaw_2024_2025,30,12724,1,1,0.7703257920119738,0.3,0.19157015700425106,mixed,mixed
wroclaw_2024_2025,30,12725,1,1,0.8040911541339838,0.3,0.18227740123396324,mixed,mixed
wroclaw_2024_2025,30,12726,1,1,0.7990637108844482,0.4,0.18712427564000708,mixed,mixed
wroclaw_2024_2025,30,12727,1,1,0.8087873991800087,0.2,0.17996600114561875,mixed,mixed
wroclaw_2024_2025,30,12728,1,1,0.7999461972340631,0.2,0.23546824002127567,mixed,mixed
wroclaw_2024_2025,30,12729,1,1,0.7618503374543509,0.3,0.17386532652879963,mixed,mixed
wroclaw_2024_2025,30,12730,1,1,0.7437599559304728,0.3,0.13248878400891864,mixed,mixed
wroclaw_2024_2025,30,12731,1,1,0.7764981859259761,0.2,0.1743418876626737,mixed,mixed
wroclaw_2024_2025,30,12732,1,1,0.7525188281278109,0.2,0.15864413493565366,mixed,mixed
wroclaw_2024_2025,30,12733,1,1,0.6782980314039547,0.2,0.1282582996799876,mixed,mixed
wroclaw_2024_2025,30,12734,1,1,0.6806979572606714,0.2,0.12064326003036349,mixed,mixed
wroclaw_2024_2025,30,12735,1,1,0.6539813811358406,0.1,0.11507512255543768,mixed,mixed
wroclaw_2024_2025,30,12736,1,1,0.6722089789073975,0.1,0.11871064867773198,mixed,mixed
wroclaw_2024_2025,30,12737,1,1,0.3068418962563001,0.1,0.11852498766843707,mixed,rain
wroclaw_2024_2025,30,12738,1,0,0.12424925164222954,0.1,0.12175591284861077,rain,none
wroclaw_2024_2025,30,12739,1,0,0.1084626188368725,0.1,0.12668617082503514,rain,none
wroclaw_2024_2025,30,12740,1,0,0.13375894426163482,0.1,0.1280898653747775,rain,none
wroclaw_2024_2025,30,12741,1,0,0.16217309445981104,0.2,0.13518555110466374,rain,none
wroclaw_2024_2025,30,12742,1,0,0.17809045358817488,0.2,0.13057265243126143,rain,none
wroclaw_2024_2025,30,12743,1,1,0.6651527633810049,0.1,0.21652662193018393,rain,rain
wroclaw_2024_2025,30,12744,0,1,0.7195740319853655,0.0,0.19885200517135967,none,rain
wroclaw_2024_2025,30,12745,0,1,0.4214846621303252,0.0,0.16026496872133064,none,rain
wroclaw_2024_2025,30,12746,0,1,0.3091869356139451,0.0,0.13475229800883048,none,rain
wroclaw_2024_2025,30,12747,0,0,0.1865171159131641,0.0,0.13564275762691416,none,none
wroclaw_2024_2025,30,12748,0,1,0.24088349801845294,0.0,0.13751098390389815,none,rain
wroclaw_2024_2025,30,12749,0,1,0.2984700483660856,0.0,0.13283020545570678,none,rain
wroclaw_2024_2025,30,12750,0,0,0.13171758779366838,0.0,0.14457686165755826,none,none
wroclaw_2024_2025,30,12751,0,0,0.0765868614706616,0.0,0.1441012221914301,none,none
wroclaw_2024_2025,30,12752,0,0,0.07766239017156795,0.0,0.14797103835748965,none,none
wroclaw_2024_2025,30,12753,0,0,0.11607654036974417,0.0,0.15246631402967092,none,none
wroclaw_2024_2025,30,12754,0,0,0.10083510144405333,0.0,0.12954163953494988,none,none
wroclaw_2024_2025,30,12755,0,0,0.07647614886797754,0.0,0.12979356315676505,none,none
wroclaw_2024_2025,30,12756,0,0,0.08290382909725878,0.0,0.12502407883118155,none,none
wroclaw_2024_2025,30,12757,0,0,0.03394448501941637,0.0,0.12521093615945694,none,none
wroclaw_2024_2025,30,12758,0,0,0.014731117824773415,0.0,0.12471792223084147,none,none
wroclaw_2024_2025,30,12759,0,0,0.024082640871636175,0.0,0.12817667135535113,none,none
wroclaw_2024_2025,30,12760,0,0,0.019462235649546827,0.0,0.13507552809789647,none,none
wroclaw_2024_2025,30,12761,0,0,0.04404776809288741,0.0,0.13410278672905565,none,none
wroclaw_2024_2025,30,12762,0,0,0.034185923945107215,0.0,0.12066656229421442,none,none
wroclaw_2024_2025,30,12763,0,0,0.03931665026811399,0.0,0.14008675263659476,none,none
wroclaw_2024_2025,30,12764,0,0,0.04904776809288741,0.0,0.15982578165000388,none,none
wroclaw_2024_2025,30,12765,0,0,0.0394548061203338,0.0,0.16870423587980346,none,none
wroclaw_2024_2025,30,12766,0,0,0.035,0.0,0.17782619488536144,none,none
wroclaw_2024_2025,30,12767,0,0,0.015,0.0,0.17318101678795889,none,none
wroclaw_2024_2025,30,12768,0,0,0.0,0.0,0.17014105949343736,none,none
wroclaw_2024_2025,30,12769,0,0,0.0,0.0,0.13990368706381853,none,none
wroclaw_2024_2025,30,12770,0,0,0.014861844147780192,0.0,0.12744784624588693,none,none
wroclaw_2024_2025,30,12771,0,0,0.009861844147780192,0.0,0.1263632166364504,none,none
wroclaw_2024_2025,30,12772,0,0,0.01,0.0,0.13174701596476074,none,none
wroclaw_2024_2025,30,12773,0,0,0.01,0.0,0.12054422309629302,none,none
wroclaw_2024_2025,30,12774,0,0,0.024731117824773413,0.0,0.1335330387090423,none,none
wroclaw_2024_2025,30,12775,0,0,0.02919335347432024,0.0,0.1209103698706144,none,none
wroclaw_2024_2025,30,12776,0,0,0.029055197622100435,0.0,0.13506373775421376,none,none
wroclaw_2024_2025,30,12777,0,0,0.04892447129909366,0.0,0.12947298934654433,none,none
wroclaw_2024_2025,30,12778,0,0,0.024731117824773413,0.0,0.1248107239840341,none,none
wroclaw_2024_2025,30,12779,0,0,0.019462235649546827,0.0,0.12550148472714598,none,none
wroclaw_2024_2025,30,12780,0,0,0.009731117824773414,0.0,0.12173106612401623,none,none
wroclaw_2024_2025,30,12781,0,0,0.009731117824773414,0.0,0.12978737793640105,none,none
wroclaw_2024_2025,30,12782,0,0,0.014731117824773415,0.0,0.12300375624852859,none,none
wroclaw_2024_2025,30,12783,0,0,0.005,0.0,0.12187394251051842,none,none
wroclaw_2024_2025,30,12784,0,0,0.005,0.0,0.12002930899831993,none,none
wroclaw_2024_2025,30,12785,0,0,0.005,0.0,0.12289548858001982,none,none
wroclaw_2024_2025,30,12786,0,0,0.013710475622938555,0.0,0.1199966716700085,none,none
wroclaw_2024_2025,30,12787,0,0,0.02346903669724771,0.0,0.13628360207334828,none,none
wroclaw_2024_2025,30,12788,0,0,0.005,0.0,0.13833335928429588,none,none
wroclaw_2024_2025,30,12789,0,0,0.005,0.0,0.13440493348373747,none,none
wroclaw_2024_2025,30,12790,0,0,0.005,0.0,0.13760571602682586,none,none
wroclaw_2024_2025,30,12791,0,0,0.014731117824773415,0.0,0.1399734447381115,none,none
wroclaw_2024_2025,30,12792,0,0,0.023924471299093655,0.0,0.14234282060839723,none,none
wroclaw_2024_2025,30,12793,0,0,0.02919335347432024,0.0,0.14424394759057774,none,none
wroclaw_2024_2025,30,12794,0,0,0.038924471299093655,0.0,0.1418636431458007,none,none
wroclaw_2024_2025,30,12795,0,0,0.02919335347432024,0.0,0.14458253259624,none,none
wroclaw_2024_2025,30,12796,0,0,0.024193353474320244,0.0,0.14604721250537783,none,none
wroclaw_2024_2025,30,12797,0,0,0.03793127234679454,0.0,0.14458341394272034,none,none
wroclaw_2024_2025,30,12798,0,0,0.03354487652118301,0.0,0.14510522989521138,none,none
wroclaw_2024_2025,30,12799,1,0,0.05837927741942746,0.1,0.13395103586722285,rain,none
wroclaw_2024_2025,30,12800,1,0,0.033517433271647266,0.1,0.12615898558841157,rain,none
wroclaw_2024_2025,30,12801,1,1,0.5771033489023132,0.1,0.16949654629719524,rain,rain
wroclaw_2024_2025,30,12802,1,1,0.5849723052208232,0.1,0.16513094849734375,rain,rain
wroclaw_2024_2025,30,12803,1,1,0.3882347037068324,0.1,0.1656868213265419,rain,rain
wroclaw_2024_2025,30,12804,1,1,0.3026620665776307,0.1,0.17059156799622308,rain,rain
wroclaw_2024_2025,30,12805,1,1,0.25360686895553014,0.1,0.175509357184926,rain,rain
wroclaw_2024_2025,30,12806,1,0,0.17106168131131813,0.1,0.17332224066526006,rain,none
wroclaw_2024_2025,30,12807,1,1,0.2007653558865558,0.1,0.16749334473669494,rain,rain
wroclaw_2024_2025,30,12808,1,0,0.19100679481224664,0.1,0.1895556269628621,rain,none
wroclaw_2024_2025,30,12809,1,1,0.20483541256708232,0.1,0.18055569417174583,rain,rain
wroclaw_2024_2025,30,12810,1,1,0.23969725671486253,0.1,0.18229949210558088,rain,rain
wroclaw_2024_2025,30,12811,1,1,0.28811140691303877,0.1,0.18932585776333766,rain,rain
wroclaw_2024_2025,30,12812,0,0,0.12736606474680562,0.0,0.1879100140680934,none,none
wroclaw_2024_2025,30,12813,0,0,0.13671758779366835,0.0,0.16854696381225892,none,none
wroclaw_2024_2025,30,12814,0,0,0.0923037487185211,0.0,0.151440404951195,none,none
wroclaw_2024_2025,30,12815,0,0,0.1024544887618506,0.0,0.14406207376925909,none,none
wroclaw_2024_2025,30,12816,0,0,0.08843416391849894,0.0,0.14112502723359854,none,none
wroclaw_2024_2025,30,12817,0,0,0.1267376015139911,0.0,0.14192988555030006,none,none
wroclaw_2024_2025,30,12818,1,0,0.05459296197255361,0.1,0.13813387682780523,rain,none
wroclaw_2024_2025,30,12819,1,0,0.049723688295560384,0.1,0.13942517720198205,rain,none
wroclaw_2024_2025,30,12820,0,0,0.03,0.0,0.1932635118891488,none,none
wroclaw_2024_2025,30,12821,0,0,0.04868303237340282,0.0,0.18379473306111732,none,none
wroclaw_2024_2025,30,12822,0,0,0.13171015826445534,0.0,0.13288050146670063,none,none
wroclaw_2024_2025,30,12823,0,0,0.14021406774045184,0.0,0.12317996930423855,none,none
wroclaw_2024_2025,30,12824,0,0,0.09755167756888389,0.0,0.12264802493056945,none,none
wroclaw_2024_2025,30,12825,0,0,0.14184831411667514,0.0,0.11827473625212721,none,none
wroclaw_2024_2025,30,12826,0,0,0.07813783849373662,0.0,0.11815889598688077,none,none
wroclaw_2024_2025,30,12827,0,0,0.11142126236890604,0.0,0.11714605454687542,none,none
wroclaw_2024_2025,30,12828,0,0,0.10193158346982348,0.0,0.1179556405358709,none,none
wroclaw_2024_2025,30,12829,0,0,0.08208975304236599,0.0,0.11288122240585928,none,none
wroclaw_2024_2025,30,12830,0,0,0.07793127234679453,0.0,0.119492124718184,none,none
wroclaw_2024_2025,30,12831,0,0,0.053414150198176226,0.0,0.12416521961211513,none,none
wroclaw_2024_2025,30,12832,0,0,0.05892447129909366,0.0,0.1258034510652804,none,none
wroclaw_2024_2025,30,12833,0,0,0.02,0.0,0.12494151519991469,none,none
wroclaw_2024_2025,30,12834,0,0,0.025,0.0,0.13009193006942496,none,none
wroclaw_2024_2025,30,12835,0,0,0.014731117824773415,0.0,0.13327728842849673,none,none
wroclaw_2024_2025,30,12836,0,0,0.019731117824773416,0.0,0.14302032123565586,none,none
wroclaw_2024_2025,30,12837,0,0,0.009731117824773414,0.0,0.1302690202243491,none,none
wroclaw_2024_2025,30,12838,0,0,0.014731117824773415,0.0,0.1387410661596572,none,none
wroclaw_2024_2025,30,12839,0,0,0.015,0.0,0.14005260874490583,none,none
wroclaw_2024_2025,30,12840,0,0,0.019731117824773416,0.0,0.15104487374642306,none,none
wroclaw_2024_2025,30,12841,0,0,0.015,0.0,0.13836222304683296,none,none
wroclaw_2024_2025,30,12842,0,0,0.029731117824773414,0.0,0.13534220541768574,none,none
wroclaw_2024_2025,30,12843,0,0,0.01,0.0,0.1380814552143528,none,none
wroclaw_2024_2025,30,12844,0,0,0.03378631544687385,0.0,0.13850570126680087,none,none
wroclaw_2024_2025,30,12845,0,0,0.009462235649546829,0.0,0.14325783002389003,none,none
wroclaw_2024_2025,30,12846,0,0,0.014220796723855985,0.0,0.11768620962704222,none,none
wroclaw_2024_2025,30,12847,0,0,0.023951914548629397,0.0,0.11552190692964218,none,none
wroclaw_2024_2025,30,12848,0,0,0.014731117824773415,0.0,0.11344172587757792,none,none
wroclaw_2024_2025,30,12849,0,0,0.01,0.0,0.11706511399400733,none,none
wroclaw_2024_2025,30,12850,0,0,0.009731117824773414,0.0,0.11509116119043737,none,none
wroclaw_2024_2025,30,12851,0,0,0.009731117824773414,0.0,0.12452112871753865,none,none
wroclaw_2024_2025,30,12852,0,0,0.0047311178247734145,0.0,0.1231685621827419,none,none
wroclaw_2024_2025,30,12853,0,0,0.014462235649546828,0.0,0.12184461607465827,none,none
wroclaw_2024_2025,30,12854,0,0,0.004489678899082568,0.0,0.13346573028008354,none,none
wroclaw_2024_2025,30,12855,0,0,0.03371047562293855,0.0,0.12822154820737672,none,none
wroclaw_2024_2025,30,12856,0,0,0.024220796723855985,0.0,0.11969318943273137,none,none
wroclaw_2024_2025,30,12857,0,0,0.01948967889908257,0.0,0.12145967629032628,none,none
wroclaw_2024_2025,30,12858,0,0,0.042793116494574734,0.0,0.11281967708249738,none,none
wroclaw_2024_2025,30,12859,0,0,0.009489678899082568,0.0,0.11295416850398099,none,none
wroclaw_2024_2025,30,12860,0,0,0.005,0.0,0.12038080743200723,none,none
wroclaw_2024_2025,30,12861,0,0,0.0,0.0,0.1266474739894332,none,none
wroclaw_2024_2025,30,12862,0,0,0.01,0.0,0.11993615585058305,none,none
wroclaw_2024_2025,30,12863,0,0,0.005,0.0,0.11714154280265975,none,none
wroclaw_2024_2025,30,12864,0,0,0.005,0.0,0.12207191006564143,none,none
wroclaw_2024_2025,30,12865,0,0,0.014731117824773415,0.0,0.1268154868259166,none,none
wroclaw_2024_2025,30,12866,0,0,0.01,0.0,0.12390224497355215,none,none
wroclaw_2024_2025,30,12867,0,0,0.005,0.0,0.12113717252502454,none,none
wroclaw_2024_2025,30,12868,0,0,0.005,0.0,0.12244694367134722,none,none
wroclaw_2024_2025,30,12869,0,0,0.005,0.0,0.1274795979865678,none,none
wroclaw_2024_2025,30,12870,0,0,0.005,0.0,0.12731904213646367,none,none
wroclaw_2024_2025,30,12871,0,0,0.005,0.0,0.12105874389064901,none,none
wroclaw_2024_2025,30,12872,0,0,0.005,0.0,0.12816107852575373,none,none
wroclaw_2024_2025,30,12873,0,0,0.005,0.0,0.1171098498144372,none,none
wroclaw_2024_2025,30,12874,0,0,0.005,0.0,0.11576150679415773,none,none
wroclaw_2024_2025,30,12875,0,0,0.009861844147780192,0.0,0.11666649639562685,none,none
wroclaw_2024_2025,30,12876,0,0,0.005,0.0,0.11542097795258145,none,none
wroclaw_2024_2025,30,12877,0,0,0.005,0.0,0.12093969784716292,none,none
wroclaw_2024_2025,30,12878,0,0,0.014861844147780192,0.0,0.11676976939002354,none,none
wroclaw_2024_2025,30,12879,0,0,0.005,0.0,0.12478796767163225,none,none
wroclaw_2024_2025,30,12880,0,0,0.0,0.0,0.12839247168957274,none,none
wroclaw_2024_2025,30,12881,0,0,0.0,0.0,0.13130548423027386,none,none
wroclaw_2024_2025,30,12882,0,0,0.01,0.0,0.13046434765304904,none,none
wroclaw_2024_2025,30,12883,0,0,0.0047311178247734145,0.0,0.1302122744583692,none,none
wroclaw_2024_2025,30,12884,0,0,0.033517433271647266,0.0,0.13855271589453913,none,none
wroclaw_2024_2025,30,12885,0,0,0.023924471299093655,0.0,0.1371984683235697,none,none
wroclaw_2024_2025,30,12886,0,0,0.01932407979732702,0.0,0.14003834390814163,none,none
wroclaw_2024_2025,30,12887,0,0,0.009592961972553606,0.0,0.14519120483577433,none,none
wroclaw_2024_2025,30,12888,0,0,0.024185923945107213,0.0,0.14625452522887217,none,none
wroclaw_2024_2025,30,12889,0,0,0.0394548061203338,0.0,0.1489926529494445,none,none
wroclaw_2024_2025,30,12890,0,0,0.019731117824773416,0.0,0.16689955548406005,none,none
wroclaw_2024_2025,30,12891,0,0,0.014731117824773415,0.0,0.2067897119988452,none,none
wroclaw_2024_2025,30,12892,0,0,0.014861844147780192,0.0,0.20196034785891462,none,none
wroclaw_2024_2025,30,12893,0,0,0.004861844147780192,0.0,0.1892567431468139,none,none
wroclaw_2024_2025,30,12894,0,0,0.009861844147780192,0.0,0.1958512791835337,none,none
wroclaw_2024_2025,30,12895,0,0,0.009861844147780192,0.0,0.2171148845266011,none,none
wroclaw_2024_2025,30,12896,0,0,0.009731117824773414,0.0,0.21654724615762488,none,none
wroclaw_2024_2025,30,12897,0,0,0.009731117824773414,0.0,0.2217096360613888,none,none
wroclaw_2024_2025,30,12898,0,0,0.0,0.0,0.21267521235811387,none,none
wroclaw_2024_2025,30,12899,0,0,0.0,0.0,0.21123164776237466,none,none
wroclaw_2024_2025,30,12900,0,0,0.0,0.0,0.1994709202802432,none,none
wroclaw_2024_2025,30,12901,0,0,0.0,0.0,0.19949944310622925,none,none
wroclaw_2024_2025,30,12902,0,0,0.0,0.0,0.2052983464472962,none,none
wroclaw_2024_2025,30,12903,0,0,0.0,0.0,0.20573540345614968,none,none
wroclaw_2024_2025,30,12904,0,0,0.0047311178247734145,0.0,0.21431009598562392,none,none
wroclaw_2024_2025,30,12905,0,0,0.009220796723855984,0.0,0.212406835856736,none,none
wroclaw_2024_2025,30,12906,0,0,0.0,0.0,0.2168014196931385,none,none
wroclaw_2024_2025,30,12907,0,0,0.0,0.0,0.22280815204539245,none,none
wroclaw_2024_2025,30,12908,0,0,0.0,0.0,0.2158913365864907,none,none
wroclaw_2024_2025,30,12909,0,0,0.0,0.0,0.20872608629963088,none,none
wroclaw_2024_2025,30,12910,0,0,0.0,0.0,0.2082879452230008,none,none
wroclaw_2024_2025,30,12911,0,0,0.0,0.0,0.20872608629963088,none,none
wroclaw_2024_2025,30,12912,0,0,0.0,0.0,0.2082879452230008,none,none
wroclaw_2024_2025,30,12913,0,0,0.0,0.0,0.2107698799667008,none,none
wroclaw_2024_2025,30,12914,0,0,0.0,0.0,0.19978645568184578,none,none
wroclaw_2024_2025,30,12915,0,0,0.0,0.0,0.20250662803464545,none,none
wroclaw_2024_2025,30,12916,0,0,0.0,0.0,0.20585072660273035,none,none
wroclaw_2024_2025,30,12917,0,0,0.0,0.0,0.20312298961431216,none,none
wroclaw_2024_2025,30,12918,0,0,0.005,0.0,0.19863000753723947,none,none
wroclaw_2024_2025,30,12919,0,0,0.005,0.0,0.20152763575736946,none,none
wroclaw_2024_2025,30,12920,0,0,0.0,0.0,0.2064476005740448,none,none
wroclaw_2024_2025,30,12921,0,0,0.0,0.0,0.22241257726293995,none,none
wroclaw_2024_2025,30,12922,0,0,0.0,0.0,0.22427537536299783,none,none
wroclaw_2024_2025,30,12923,0,0,0.0,0.0,0.22219695491837504,none,none
wroclaw_2024_2025,30,12924,0,0,0.0,0.0,0.23221386518821893,none,none
wroclaw_2024_2025,30,12925,0,0,0.0,0.0,0.23039926090947535,none,none
wroclaw_2024_2025,30,12926,0,0,0.0,0.0,0.23606296133141322,none,none
wroclaw_2024_2025,30,12927,0,0,0.0047311178247734145,0.0,0.23664296731782142,none,none
wroclaw_2024_2025,30,12928,0,0,0.0189519145486294,0.0,0.24308981413325936,none,none
wroclaw_2024_2025,30,12929,0,0,0.009462235649546829,0.0,0.20249288207222105,none,none
wroclaw_2024_2025,30,12930,0,0,0.0047311178247734145,0.0,0.14907286569700295,none,none
wroclaw_2024_2025,30,12931,0,0,0.00948967889908257,0.0,0.14513390198702808,none,none
wroclaw_2024_2025,30,12932,0,0,0.009731117824773414,0.0,0.14583790658747012,none,none
wroclaw_2024_2025,30,12933,0,0,0.005,0.0,0.14833780591962983,none,none
wroclaw_2024_2025,30,12934,0,0,0.0,0.0,0.14369669705010413,none,none
wroclaw_2024_2025,30,12935,0,0,0.0,0.0,0.13488826049060865,none,none
wroclaw_2024_2025,30,12936,0,0,0.0,0.0,0.13528377303963535,none,none
wroclaw_2024_2025,30,12937,0,0,0.0,0.0,0.12566932666642236,none,none
wroclaw_2024_2025,30,12938,0,0,0.0,0.0,0.12157466673610458,none,none
wroclaw_2024_2025,30,12939,0,0,0.0,0.0,0.12160648639350846,none,none
wroclaw_2024_2025,30,12940,0,0,0.0,0.0,0.11848480160293827,none,none
wroclaw_2024_2025,30,12941,0,0,0.0,0.0,0.11468491827773927,none,none
wroclaw_2024_2025,30,12942,0,0,0.004489678899082568,0.0,0.1128033245224132,none,none
wroclaw_2024_2025,30,12943,0,0,0.0,0.0,0.1085698847551075,none,none
wroclaw_2024_2025,30,12944,0,0,0.0,0.0,0.11646437192277323,none,none
wroclaw_2024_2025,30,12945,0,0,0.0,0.0,0.12223291108044178,none,none
wroclaw_2024_2025,30,12946,0,0,0.005,0.0,0.12306308472037633,none,none
wroclaw_2024_2025,30,12947,0,0,0.005,0.0,0.12606912045146404,none,none
wroclaw_2024_2025,30,12948,0,0,0.01,0.0,0.12093703961117935,none,none
wroclaw_2024_2025,30,12949,0,0,0.005,0.0,0.11404670880281569,none,none
wroclaw_2024_2025,30,12950,0,0,0.005,0.0,0.11500032030802639,none,none
wroclaw_2024_2025,30,12951,0,0,0.0,0.0,0.11260981898551053,none,none
wroclaw_2024_2025,30,12952,0,0,0.0,0.0,0.11223881292923651,none,none
wroclaw_2024_2025,30,12953,0,0,0.0,0.0,0.11876879363783094,none,none
wroclaw_2024_2025,30,12954,0,0,0.0,0.0,0.11750936994237882,none,none
wroclaw_2024_2025,30,12955,0,0,0.0,0.0,0.12771129861168348,none,none
wroclaw_2024_2025,30,12956,0,0,0.005,0.0,0.12297804485878645,none,none
wroclaw_2024_2025,30,12957,0,0,0.015,0.0,0.1257324494802049,none,none
wroclaw_2024_2025,30,12958,0,0,0.01,0.0,0.12724775851603376,none,none
wroclaw_2024_2025,30,12959,0,0,0.005,0.0,0.13754787078276534,none,none
wroclaw_2024_2025,30,12960,0,0,0.0,0.0,0.12927214248785995,none,none
wroclaw_2024_2025,30,12961,0,0,0.0,0.0,0.14318056492787176,none,none
wroclaw_2024_2025,30,12962,0,0,0.0,0.0,0.13386271853695336,none,none
wroclaw_2024_2025,30,12963,0,0,0.0,0.0,0.13655437007682877,none,none
wroclaw_2024_2025,30,12964,0,0,0.0,0.0,0.13510423458556078,none,none
wroclaw_2024_2025,30,12965,0,0,0.0,0.0,0.13482382025127196,none,none
wroclaw_2024_2025,30,12966,0,0,0.0,0.0,0.1470882618582666,none,none
wroclaw_2024_2025,30,12967,0,0,0.0,0.0,0.15119001688669773,none,none
wroclaw_2024_2025,30,12968,0,0,0.0,0.0,0.16518759073321188,none,none
wroclaw_2024_2025,30,12969,0,0,0.0,0.0,0.14080026327847514,none,none
wroclaw_2024_2025,30,12970,0,0,0.0,0.0,0.13433428915264134,none,none
wroclaw_2024_2025,30,12971,0,0,0.0,0.0,0.13033776200906397,none,none
wroclaw_2024_2025,30,12972,0,0,0.0,0.0,0.1319578688012399,none,none
wroclaw_2024_2025,30,12973,0,0,0.005,0.0,0.1289624086242448,none,none
wroclaw_2024_2025,30,12974,0,0,0.0,0.0,0.13066321701276237,none,none
wroclaw_2024_2025,30,12975,0,0,0.005,0.0,0.1455652373619704,none,none
wroclaw_2024_2025,30,12976,0,0,0.005,0.0,0.14409307770271398,none,none
wroclaw_2024_2025,30,12977,0,0,0.005,0.0,0.13212266805280476,none,none
wroclaw_2024_2025,30,12978,0,0,0.005,0.0,0.14517830862986333,none,none
wroclaw_2024_2025,30,12979,0,0,0.0,0.0,0.13351359721960926,none,none
wroclaw_2024_2025,30,12980,0,0,0.0,0.0,0.13747184532234705,none,none
wroclaw_2024_2025,30,12981,0,0,0.0,0.0,0.14275704911682588,none,none
wroclaw_2024_2025,30,12982,0,0,0.0,0.0,0.15347922840421846,none,none
wroclaw_2024_2025,30,12983,0,0,0.0,0.0,0.17866978863514252,none,none
wroclaw_2024_2025,30,12984,0,0,0.0,0.0,0.1933459479012155,none,none
wroclaw_2024_2025,30,12985,0,0,0.005,0.0,0.20707916057391776,none,none
wroclaw_2024_2025,30,12986,0,0,0.0,0.0,0.20658179684451186,none,none
wroclaw_2024_2025,30,12987,0,0,0.0,0.0,0.21443725253519194,none,none
wroclaw_2024_2025,30,12988,0,0,0.0,0.0,0.21612028905979994,none,none
wroclaw_2024_2025,30,12989,0,0,0.0,0.0,0.2195257736786606,none,none
wroclaw_2024_2025,30,12990,0,0,0.0,0.0,0.21599389007296363,none,none
wroclaw_2024_2025,30,12991,0,0,0.0,0.0,0.21382097426992466,none,none
wroclaw_2024_2025,30,12992,0,0,0.0047311178247734145,0.0,0.2211397073146807,none,none
wroclaw_2024_2025,30,12993,0,0,0.0047311178247734145,0.0,0.22500546316247372,none,none
wroclaw_2024_2025,30,12994,0,0,0.0047311178247734145,0.0,0.22124641771499445,none,none
wroclaw_2024_2025,30,12995,0,0,0.0,0.0,0.22265217137102336,none,none
wroclaw_2024_2025,30,12996,0,0,0.0,0.0,0.22261748507624074,none,none
wroclaw_2024_2025,30,12997,0,0,0.0,0.0,0.22128843758498468,none,none
wroclaw_2024_2025,30,12998,0,0,0.0047311178247734145,0.0,0.21904723505408857,none,none
wroclaw_2024_2025,30,12999,0,0,0.0047311178247734145,0.0,0.22217430862188117,none,none
wroclaw_2024_2025,30,13000,0,0,0.0047311178247734145,0.0,0.22180224354909298,none,none
wroclaw_2024_2025,30,13001,0,0,0.0047311178247734145,0.0,0.22482092353222446,none,none
wroclaw_2024_2025,30,13002,0,0,0.009462235649546829,0.0,0.22632282860847014,none,none
wroclaw_2024_2025,30,13003,0,0,0.0,0.0,0.2237557853806154,none,none
wroclaw_2024_2025,30,13004,0,0,0.0,0.0,0.2226170597124034,none,none
wroclaw_2024_2025,30,13005,0,0,0.0,0.0,0.21714833049211332,none,none
wroclaw_2024_2025,30,13006,0,0,0.0,0.0,0.22406159615656213,none,none
wroclaw_2024_2025,30,13007,0,0,0.0,0.0,0.21952046054131827,none,none
wroclaw_2024_2025,30,13008,0,0,0.0,0.0,0.2178326391357682,none,none
wroclaw_2024_2025,30,13009,0,0,0.004489678899082568,0.0,0.2165794404629386,none,none
wroclaw_2024_2025,30,13010,0,0,0.0047311178247734145,0.0,0.22011011501796224,none,none
wroclaw_2024_2025,30,13011,0,0,0.0,0.0,0.22504762096906625,none,none
wroclaw_2024_2025,30,13012,0,0,0.0,0.0,0.22942265051722455,none,none
wroclaw_2024_2025,30,13013,0,0,0.004861844147780192,0.0,0.2234557214080261,none,none
wroclaw_2024_2025,30,13014,0,0,0.009731117824773414,0.0,0.2163088960680214,none,none
wroclaw_2024_2025,30,13015,0,0,0.02844159344771197,0.0,0.2162329766034617,none,none
wroclaw_2024_2025,30,13016,0,0,0.01,0.0,0.21733826054234695,none,none
wroclaw_2024_2025,30,13017,0,0,0.014731117824773415,0.0,0.2192138603622898,none,none
wroclaw_2024_2025,30,13018,0,0,0.019193353474320243,0.0,0.23221841227622686,none,none
wroclaw_2024_2025,30,13019,0,0,0.028544876521183003,0.0,0.2266547302804216,none,none
wroclaw_2024_2025,30,13020,0,0,0.014193353474320243,0.0,0.23654711119705107,none,none
wroclaw_2024_2025,30,13021,0,0,0.0047311178247734145,0.0,0.23899500374658564,none,none
wroclaw_2024_2025,30,13022,0,0,0.018572319770718746,0.0,0.24342551423136244,none,none
wroclaw_2024_2025,30,13023,0,0,0.009592961972553606,0.0,0.2295194643788622,none,none
wroclaw_2024_2025,30,13024,0,0,0.013710475622938555,0.0,0.23416008041749808,none,none
wroclaw_2024_2025,30,13025,0,0,0.014220796723855985,0.0,0.260164082963065,none,none
wroclaw_2024_2025,30,13026,0,0,0.009731117824773414,0.0,0.23303840802341313,none,none
wroclaw_2024_2025,30,13027,0,0,0.009731117824773414,0.0,0.16160234153558792,none,none
wroclaw_2024_2025,30,13028,0,0,0.0047311178247734145,0.0,0.15981536944360236,none,none
wroclaw_2024_2025,30,13029,0,0,0.0,0.0,0.15625128883669892,none,none
wroclaw_2024_2025,30,13030,0,0,0.009220796723855984,0.0,0.15037178648902433,none,none
wroclaw_2024_2025,30,13031,0,0,0.0047311178247734145,0.0,0.14988616706899194,none,none
wroclaw_2024_2025,30,13032,0,0,0.013710475622938555,0.0,0.1423127835294071,none,none
wroclaw_2024_2025,30,13033,0,0,0.005,0.0,0.13624830825111867,none,none
wroclaw_2024_2025,30,13034,0,0,0.03392447129909366,0.0,0.13286134515793735,none,none
wroclaw_2024_2025,30,13035,0,0,0.034193353474320246,0.0,0.12025527344681546,none,none
wroclaw_2024_2025,30,13036,0,0,0.04378631544687386,0.0,0.118227129459794,none,none
wroclaw_2024_2025,30,13037,0,0,0.019055197622100437,0.0,0.12533537036693063,none,none
wroclaw_2024_2025,30,13038,0,0,0.013951914548629398,0.0,0.13046038692295236,none,none
wroclaw_2024_2025,30,13039,0,0,0.018441593447711967,0.0,0.1276278473748388,none,none
wroclaw_2024_2025,30,13040,0,0,0.004489678899082568,0.0,0.13721873233300375,none,none
wroclaw_2024_2025,30,13041,0,0,0.004489678899082568,0.0,0.1315968917981034,none,none
wroclaw_2024_2025,30,13042,0,0,0.009489678899082568,0.0,0.13736044887975618,none,none
wroclaw_2024_2025,30,13043,0,0,0.008979357798165138,0.0,0.13260449465766694,none,none
wroclaw_2024_2025,30,13044,0,0,0.00448967889908257,0.0,0.13276330435860242,none,none
wroclaw_2024_2025,30,13045,0,0,0.00448967889908257,0.0,0.13416035642356844,none,none
wroclaw_2024_2025,30,13046,0,0,0.0047311178247734145,0.0,0.13752527708464754,none,none
wroclaw_2024_2025,30,13047,0,0,0.005,0.0,0.14272224512758322,none,none
wroclaw_2024_2025,30,13048,0,0,0.0,0.0,0.13746947198590517,none,none
wroclaw_2024_2025,30,13049,0,0,0.02344159344771197,0.0,0.12646301955536227,none,none
wroclaw_2024_2025,30,13050,0,0,0.009731117824773414,0.0,0.12208103370790532,none,none
wroclaw_2024_2025,30,13051,0,0,0.047634946922032205,0.0,0.11590456791910062,none,none
wroclaw_2024_2025,30,13052,0,0,0.038414150198176227,0.0,0.1222694588982383,none,none
wroclaw_2024_2025,30,13053,0,0,0.05263494692203221,0.0,0.12281209121303063,none,none
wroclaw_2024_2025,30,13054,0,0,0.08107654036974417,0.0,0.12236238700336374,none,none
wroclaw_2024_2025,30,13055,0,0,0.043414150198176224,0.0,0.11967354126390542,none,none
wroclaw_2024_2025,30,13056,1,0,0.09212462582111478,0.1,0.11510397160221557,rain,none
wroclaw_2024_2025,30,13057,0,0,0.08664174796973308,0.0,0.11103773000643925,none,none
wroclaw_2024_2025,30,13058,1,1,0.3279248544864194,0.1,0.17929243691472208,rain,rain
wroclaw_2024_2025,30,13059,1,0,0.12722790889458582,0.2,0.11686584575121452,rain,none
wroclaw_2024_2025,30,13060,1,1,0.24193908506333325,0.3,0.15459476692913562,mixed,rain
wroclaw_2024_2025,30,13061,1,1,0.5058012403341423,0.2,0.23737043758870086,mixed,rain
wroclaw_2024_2025,30,13062,1,1,0.6466762971545441,0.1,0.21872581525868573,snow,mixed
wroclaw_2024_2025,30,13063,0,1,0.4915391529711622,0.0,0.221410828787402,none,mixed
wroclaw_2024_2025,30,13064,0,1,0.2523522173572175,0.0,0.1612020548213036,none,snow
wroclaw_2024_2025,30,13065,0,0,0.0811798234432152,0.0,0.12508452948409882,none,none
wroclaw_2024_2025,30,13066,0,0,0.13904877976172522,0.0,0.14440681546987122,none,none
wroclaw_2024_2025,30,13067,0,0,0.13862172801395609,0.0,0.14565041759611932,none,none
wroclaw_2024_2025,30,13068,0,0,0.07139381911937032,0.0,0.15127204873530728,none,none
wroclaw_2024_2025,30,13069,0,0,0.06704229607250754,0.0,0.1499262630358427,none,none
wroclaw_2024_2025,30,13070,0,0,0.0581178247734139,0.0,0.14463936409321532,none,none
wroclaw_2024_2025,30,13071,0,0,0.05258006042296073,0.0,0.15821423235345025,none,none
wroclaw_2024_2025,30,13072,0,0,0.058145268022949635,0.0,0.1416340442340811,none,none
wroclaw_2024_2025,30,13073,0,0,0.08752423431934814,0.0,0.12860782765356177,none,none
wroclaw_2024_2025,30,13074,0,0,0.12171758779366838,0.0,0.11649310517697821,none,none
wroclaw_2024_2025,30,13075,0,0,0.08736606474680561,0.0,0.11797026443740417,none,none
wroclaw_2024_2025,30,13076,0,0,0.03865558912386707,0.0,0.11123334468469602,none,none
wroclaw_2024_2025,30,13077,0,0,0.014731117824773415,0.0,0.10798358194044472,none,none
wroclaw_2024_2025,30,13078,0,0,0.005,0.0,0.1161680544494522,none,none
wroclaw_2024_2025,30,13079,0,0,0.0,0.0,0.14292952615236554,none,none
wroclaw_2024_2025,30,13080,0,0,0.0,0.0,0.1891509763756845,none,none
wroclaw_2024_2025,30,13081,0,0,0.0,0.0,0.1931816121765865,none,none
wroclaw_2024_2025,30,13082,0,0,0.0,0.0,0.18659009249860004,none,none
wroclaw_2024_2025,30,13083,0,0,0.0,0.0,0.1968467677988132,none,none
wroclaw_2024_2025,30,13084,0,0,0.0,0.0,0.20584193134426804,none,none
wroclaw_2024_2025,30,13085,0,0,0.0,0.0,0.20700829470140783,none,none
wroclaw_2024_2025,30,13086,0,0,0.0,0.0,0.20917486091837395,none,none
wroclaw_2024_2025,30,13087,0,0,0.0,0.0,0.21252989135622677,none,none
wroclaw_2024_2025,30,13088,0,0,0.0047311178247734145,0.0,0.2151233153842744,none,none
wroclaw_2024_2025,30,13089,0,0,0.009462235649546829,0.0,0.21556393505588972,none,none
wroclaw_2024_2025,30,13090,0,0,0.0047311178247734145,0.0,0.2158577702636569,none,none
wroclaw_2024_2025,30,13091,0,0,0.0047311178247734145,0.0,0.21670437323420105,none,none
wroclaw_2024_2025,30,13092,0,0,0.0047311178247734145,0.0,0.21670437323420105,none,none
wroclaw_2024_2025,30,13093,0,0,0.0047311178247734145,0.0,0.2162633401746256,none,none
wroclaw_2024_2025,30,13094,0,0,0.0,0.0,0.21876165711422804,none,none
wroclaw_2024_2025,30,13095,0,0,0.0,0.0,0.21787825967631683,none,none
wroclaw_2024_2025,30,13096,1,0,0.0,0.1,0.21481500257985747,snow,none
wroclaw_2024_2025,30,13097,0,0,0.0,0.0,0.2142557079506026,none,none
wroclaw_2024_2025,30,13098,0,0,0.014731117824773415,0.0,0.2253922893346157,none,none
wroclaw_2024_2025,30,13099,0,0,0.03814526802294964,0.0,0.22411808392074797,none,none
wroclaw_2024_2025,30,13100,0,0,0.03381375869640959,0.0,0.21491478466371935,none,none
wroclaw_2024_2025,30,13101,0,0,0.009731117824773414,0.0,0.2112879269154652,none,none
wroclaw_2024_2025,30,13102,0,0,0.009731117824773414,0.0,0.2123591700995216,none,none
wroclaw_2024_2025,30,13103,0,0,0.014462235649546828,0.0,0.21384859907243733,none,none
wroclaw_2024_2025,30,13104,0,0,0.013951914548629398,0.0,0.2142887565151779,none,none
wroclaw_2024_2025,30,13105,0,0,0.014462235649546828,0.0,0.21182090421870006,none,none
wroclaw_2024_2025,30,13106,0,0,0.023951914548629397,0.0,0.21805783118622404,none,none
wroclaw_2024_2025,30,13107,0,0,0.019462235649546827,0.0,0.21934795737179513,none,none
wroclaw_2024_2025,30,13108,0,0,0.019193353474320243,0.0,0.2222956702016265,none,none
wroclaw_2024_2025,30,13109,0,0,0.03354487652118301,0.0,0.22100242520039132,none,none
wroclaw_2024_2025,30,13110,0,0,0.00948967889908257,0.0,0.21853780200545664,none,none
wroclaw_2024_2025,30,13111,0,0,0.014193353474320243,0.0,0.2221719212196789,none,none
wroclaw_2024_2025,30,13112,0,0,0.004861844147780192,0.0,0.20434643170316452,none,none
wroclaw_2024_2025,30,13113,0,0,0.009462235649546829,0.0,0.22374911293402736,none,none
wroclaw_2024_2025,30,13114,0,0,0.0047311178247734145,0.0,0.16856435986595458,none,none
wroclaw_2024_2025,30,13115,0,0,0.0047311178247734145,0.0,0.1710524555888275,none,none
wroclaw_2024_2025,30,13116,0,0,0.009731117824773414,0.0,0.23278938528756735,none,none
wroclaw_2024_2025,30,13117,0,0,0.0,0.0,0.2632746977340582,none,none
wroclaw_2024_2025,30,13118,0,0,0.0047311178247734145,0.0,0.23289374448217862,none,none
wroclaw_2024_2025,30,13119,0,0,0.005,0.0,0.23399383756320205,none,none
wroclaw_2024_2025,30,13120,0,0,0.009220796723855984,0.0,0.2320418445671875,none,none
wroclaw_2024_2025,30,13121,0,0,0.009731117824773414,0.0,0.22385411856555437,none,none
wroclaw_2024_2025,30,13122,0,0,0.019220796723855984,0.0,0.1800961508471437,none,none
wroclaw_2024_2025,30,13123,0,0,0.019220796723855984,0.0,0.16056653216412334,none,none
wroclaw_2024_2025,30,13124,0,0,0.019193353474320243,0.0,0.16770841295754013,none,none
wroclaw_2024_2025,30,13125,0,0,0.03327599434595642,0.0,0.1645007646050726,none,none
wroclaw_2024_2025,30,13126,0,0,0.02830343759549216,0.0,0.16158577754676437,none,none
wroclaw_2024_2025,30,13127,0,0,0.028544876521183003,0.0,0.15605621412479512,none,none
wroclaw_2024_2025,30,13128,0,0,0.023683032373402812,0.0,0.15366382771871723,none,none
wroclaw_2024_2025,30,13129,0,0,0.014220796723855985,0.0,0.14000326217895098,none,none
wroclaw_2024_2025,30,13130,0,0,0.009861844147780192,0.0,0.147329624869486,none,none
wroclaw_2024_2025,30,13131,0,0,0.0,0.0,0.1269575963809675,none,none
wroclaw_2024_2025,30,13132,0,0,0.0,0.0,0.12800473795885717,none,none
wroclaw_2024_2025,30,13133,0,0,0.0,0.0,0.12718712403931193,none,none
wroclaw_2024_2025,30,13134,0,0,0.0047311178247734145,0.0,0.12827316551128423,none,none
wroclaw_2024_2025,30,13135,0,0,0.009731117824773414,0.0,0.12733002429980755,none,none
wroclaw_2024_2025,30,13136,0,0,0.009731117824773414,0.0,0.12145341148035196,none,none
wroclaw_2024_2025,30,13137,0,0,0.009592961972553606,0.0,0.11619004912296052,none,none
wroclaw_2024_2025,30,13138,0,0,0.0,0.0,0.11882614943377405,none,none
wroclaw_2024_2025,30,13139,0,0,0.00448967889908257,0.0,0.12131780675249518,none,none
wroclaw_2024_2025,30,13140,0,0,0.0,0.0,0.12541326210459977,none,none
wroclaw_2024_2025,30,13141,0,0,0.0,0.0,0.12663548957926887,none,none
wroclaw_2024_2025,30,13142,0,0,0.0,0.0,0.13217368663251222,none,none
wroclaw_2024_2025,30,13143,0,0,0.0,0.0,0.1360857778655483,none,none
wroclaw_2024_2025,30,13144,0,0,0.0,0.0,0.12955755576581263,none,none
wroclaw_2024_2025,30,13145,0,0,0.0,0.0,0.13430222639164505,none,none
wroclaw_2024_2025,30,13146,0,0,0.00448967889908257,0.0,0.12716014970420858,none,none
wroclaw_2024_2025,30,13147,0,0,0.0,0.0,0.12247051694019562,none,none
wroclaw_2024_2025,30,13148,0,0,0.0,0.0,0.12411112144994717,none,none
wroclaw_2024_2025,30,13149,0,0,0.0,0.0,0.1164058347973476,none,none
wroclaw_2024_2025,30,13150,0,0,0.0,0.0,0.13351850672627763,none,none
wroclaw_2024_2025,30,13151,0,0,0.0,0.0,0.13843299982030335,none,none
wroclaw_2024_2025,30,13152,0,0,0.0,0.0,0.14490005596283623,none,none
wroclaw_2024_2025,30,13153,0,0,0.0,0.0,0.13887321388327703,none,none
wroclaw_2024_2025,30,13154,0,0,0.0,0.0,0.13303649627970987,none,none
wroclaw_2024_2025,30,13155,0,0,0.0,0.0,0.13282846039257404,none,none
wroclaw_2024_2025,30,13156,0,0,0.0,0.0,0.12944388603166787,none,none
wroclaw_2024_2025,30,13157,0,0,0.00448967889908257,0.0,0.12504056366952032,none,none
wroclaw_2024_2025,30,13158,0,0,0.0,0.0,0.124660567398097,none,none
wroclaw_2024_2025,30,13159,0,0,0.00448967889908257,0.0,0.12173956515851594,none,none
wroclaw_2024_2025,30,13160,0,0,0.00448967889908257,0.0,0.11858824276018763,none,none
wroclaw_2024_2025,30,13161,0,0,0.0,0.0,0.12014653329526467,none,none
wroclaw_2024_2025,30,13162,0,0,0.00448967889908257,0.0,0.11720481527433046,none,none
wroclaw_2024_2025,30,13163,0,0,0.0,0.0,0.12367165572066834,none,none
wroclaw_2024_2025,30,13164,0,0,0.0,0.0,0.12286805041644369,none,none
wroclaw_2024_2025,30,13165,0,0,0.0,0.0,0.12245016738661431,none,none
wroclaw_2024_2025,30,13166,0,0,0.0,0.0,0.12691894789982225,none,none
wroclaw_2024_2025,30,13167,0,0,0.00448967889908257,0.0,0.11798272609453472,none,none
wroclaw_2024_2025,30,13168,0,0,0.0,0.0,0.11842059543834776,none,none
wroclaw_2024_2025,30,13169,0,0,0.0,0.0,0.127850829007642,none,none
wroclaw_2024_2025,30,13170,0,0,0.0,0.0,0.13051933885427527,none,none
wroclaw_2024_2025,30,13171,0,0,0.0,0.0,0.13288252879070736,none,none
wroclaw_2024_2025,30,13172,0,0,0.0,0.0,0.1369585505090916,none,none
wroclaw_2024_2025,30,13173,0,0,0.0,0.0,0.13553682666122246,none,none
wroclaw_2024_2025,30,13174,0,0,0.0047311178247734145,0.0,0.1307219907027941,none,none
wroclaw_2024_2025,30,13175,0,0,0.0,0.0,0.15498717880112153,none,none
wroclaw_2024_2025,30,13176,0,0,0.0,0.0,0.20648630146531297,none,none
wroclaw_2024_2025,30,13177,0,0,0.0,0.0,0.1968266880747504,none,none
wroclaw_2024_2025,30,13178,0,0,0.0,0.0,0.20428671206873472,none,none
wroclaw_2024_2025,30,13179,0,0,0.0,0.0,0.213403531680272,none,none
wroclaw_2024_2025,30,13180,0,0,0.005,0.0,0.21671324772193998,none,none
wroclaw_2024_2025,30,13181,0,0,0.0,0.0,0.21627221144552516,none,none
wroclaw_2024_2025,30,13182,0,0,0.0,0.0,0.2164192057717372,none,none
wroclaw_2024_2025,30,13183,0,0,0.0,0.0,0.21612523488237695,none,none
wroclaw_2024_2025,30,13184,0,0,0.009731117824773414,0.0,0.22026835615374274,none,none
wroclaw_2024_2025,30,13185,0,0,0.0,0.0,0.21982603121560915,none,none
wroclaw_2024_2025,30,13186,0,0,0.0047311178247734145,0.0,0.21857078126230917,none,none
wroclaw_2024_2025,30,13187,0,0,0.009592961972553606,0.0,0.23016781748065424,none,none
wroclaw_2024_2025,30,13188,0,0,0.009592961972553606,0.0,0.23188154805036443,none,none
wroclaw_2024_2025,30,13189,0,0,0.01432407979732702,0.0,0.23215547609815357,none,none
wroclaw_2024_2025,30,13190,0,0,0.004861844147780192,0.0,0.2312623703917674,none,none
wroclaw_2024_2025,30,13191,0,0,0.0047311178247734145,0.0,0.23245332193733942,none,none
wroclaw_2024_2025,30,13192,0,0,0.0047311178247734145,0.0,0.23375869534606916,none,none
wroclaw_2024_2025,30,13193,0,0,0.0047311178247734145,0.0,0.2345513863128014,none,none
wroclaw_2024_2025,30,13194,0,0,0.009462235649546829,0.0,0.23205647592283302,none,none
wroclaw_2024_2025,30,13195,0,0,0.009462235649546829,0.0,0.2301700120179359,none,none
wroclaw_2024_2025,30,13196,0,0,0.009462235649546829,0.0,0.23101466592820372,none,none
wroclaw_2024_2025,30,13197,0,0,0.013951914548629398,0.0,0.23002135601909537,none,none
wroclaw_2024_2025,30,13198,0,0,0.00948967889908257,0.0,0.23359104079215037,none,none
wroclaw_2024_2025,30,13199,0,0,0.01448967889908257,0.0,0.23091054589099763,none,none
wroclaw_2024_2025,30,13200,0,0,0.01448967889908257,0.0,0.2297687745607499,none,none
wroclaw_2024_2025,30,13201,0,0,0.00948967889908257,0.0,0.22942397963245048,none,none
wroclaw_2024_2025,30,13202,0,0,0.005,0.0,0.2294477783326885,none,none
wroclaw_2024_2025,30,13203,0,0,0.0,0.0,0.2241521415403182,none,none
wroclaw_2024_2025,30,13204,0,0,0.005,0.0,0.2234126763368628,none,none
wroclaw_2024_2025,30,13205,0,0,0.005,0.0,0.2229692116402299,none,none
wroclaw_2024_2025,30,13206,0,0,0.009861844147780192,0.0,0.22677929193666752,none,none
wroclaw_2024_2025,30,13207,0,0,0.009592961972553606,0.0,0.2292992096098902,none,none
wroclaw_2024_2025,30,13208,0,0,0.005,0.0,0.22807366116668962,none,none
wroclaw_2024_2025,30,13209,0,0,0.005,0.0,0.22643116423605797,none,none
wroclaw_2024_2025,30,13210,0,0,0.009351523046862762,0.0,0.22911332982291055,none,none
wroclaw_2024_2025,30,13211,0,0,0.014082640871636177,0.0,0.2515127359285465,none,none
wroclaw_2024_2025,30,13212,0,0,0.0047311178247734145,0.0,0.25143110638749816,none,none
wroclaw_2024_2025,30,13213,0,0,0.0047311178247734145,0.0,0.2535924760877959,none,none
wroclaw_2024_2025,30,13214,0,0,0.0047311178247734145,0.0,0.252260449621427,none,none
wroclaw_2024_2025,30,13215,0,0,0.023703046093725522,0.0,0.2513925404321153,none,none
wroclaw_2024_2025,30,13216,0,0,0.009861844147780192,0.0,0.24336607817262448,none,none
wroclaw_2024_2025,30,13217,0,0,0.028165281743272354,0.0,0.26422600676412583,none,none
wroclaw_2024_2025,30,13218,0,0,0.0047311178247734145,0.0,0.22193927228371865,none,none
wroclaw_2024_2025,30,13219,0,0,0.014731117824773415,0.0,0.1641600794702537,none,none
wroclaw_2024_2025,30,13220,0,0,0.014731117824773415,0.0,0.16889818517652982,none,none
wroclaw_2024_2025,30,13221,0,0,0.014462235649546828,0.0,0.16058868693226247,none,none
wroclaw_2024_2025,30,13222,0,0,0.014861844147780192,0.0,0.17001711782055978,none,none
wroclaw_2024_2025,30,13223,0,0,0.00948967889908257,0.0,0.15942708828054483,none,none
wroclaw_2024_2025,30,13224,0,0,0.00948967889908257,0.0,0.16119174992017066,none,none
wroclaw_2024_2025,30,13225,0,0,0.00948967889908257,0.0,0.15947612719218898,none,none
wroclaw_2024_2025,30,13226,0,0,0.00448967889908257,0.0,0.15381931495200293,none,none
wroclaw_2024_2025,30,13227,0,0,0.009220796723855984,0.0,0.14359042606274897,none,none
wroclaw_2024_2025,30,13228,0,0,0.0047311178247734145,0.0,0.14566457181107736,none,none
wroclaw_2024_2025,30,13229,0,0,0.0047311178247734145,0.0,0.14079614820333466,none,none
wroclaw_2024_2025,30,13230,0,0,0.009592961972553606,0.0,0.13511823627367872,none,none
wroclaw_2024_2025,30,13231,0,0,0.009220796723855984,0.0,0.13996926266044027,none,none
wroclaw_2024_2025,30,13232,0,0,0.01432407979732702,0.0,0.13243887105940552,none,none
wroclaw_2024_2025,30,13233,0,0,0.009220796723855984,0.0,0.13834427619866715,none,none
wroclaw_2024_2025,30,13234,0,0,0.0,0.0,0.13035996471644054,none,none
wroclaw_2024_2025,30,13235,0,0,0.0047311178247734145,0.0,0.13004379402580765,none,none
wroclaw_2024_2025,30,13236,0,0,0.0,0.0,0.1314616546702725,none,none
wroclaw_2024_2025,30,13237,0,0,0.0,0.0,0.13966224150743978,none,none
wroclaw_2024_2025,30,13238,0,0,0.0,0.0,0.13709169095105164,none,none
wroclaw_2024_2025,30,13239,0,0,0.0,0.0,0.14357907113848103,none,none
wroclaw_2024_2025,30,13240,0,0,0.00448967889908257,0.0,0.13842792041839136,none,none
wroclaw_2024_2025,30,13241,0,0,0.00448967889908257,0.0,0.13590488591929917,none,none
wroclaw_2024_2025,30,13242,0,0,0.00948967889908257,0.0,0.12861828985778784,none,none
wroclaw_2024_2025,30,13243,0,0,0.009351523046862762,0.0,0.12984649055187386,none,none
wroclaw_2024_2025,30,13244,0,0,0.009351523046862762,0.0,0.12996116643469702,none,none
wroclaw_2024_2025,30,13245,0,0,0.009351523046862762,0.0,0.12155865150230037,none,none
wroclaw_2024_2025,30,13246,0,0,0.00448967889908257,0.0,0.12159649439126746,none,none
wroclaw_2024_2025,30,13247,0,0,0.0,0.0,0.11880374693377657,none,none
wroclaw_2024_2025,30,13248,0,0,0.00448967889908257,0.0,0.11807788205063935,none,none
wroclaw_2024_2025,30,13249,0,0,0.00448967889908257,0.0,0.11894904627926459,none,none
wroclaw_2024_2025,30,13250,0,0,0.0,0.0,0.11832317589036423,none,none
wroclaw_2024_2025,30,13251,0,0,0.00448967889908257,0.0,0.11976068464523645,none,none
wroclaw_2024_2025,30,13252,0,0,0.00448967889908257,0.0,0.119522579252516,none,none
wroclaw_2024_2025,30,13253,0,0,0.00448967889908257,0.0,0.1288596078627221,none,none
wroclaw_2024_2025,30,13254,0,0,0.0189519145486294,0.0,0.13265299730746255,none,none
wroclaw_2024_2025,30,13255,0,0,0.008979357798165138,0.0,0.12684670468368672,none,none
wroclaw_2024_2025,30,13256,0,0,0.008979357798165138,0.0,0.13087495261129597,none,none
wroclaw_2024_2025,30,13257,0,0,0.00448967889908257,0.0,0.12314885302871828,none,none
wroclaw_2024_2025,30,13258,0,0,0.005,0.0,0.12080510447650167,none,none
wroclaw_2024_2025,30,13259,0,0,0.0,0.0,0.13113089220479537,none,none
wroclaw_2024_2025,30,13260,0,0,0.0047311178247734145,0.0,0.1293729852821011,none,none
wroclaw_2024_2025,30,13261,0,0,0.0047311178247734145,0.0,0.132135582593441,none,none
wroclaw_2024_2025,30,13262,0,0,0.0,0.0,0.13406612834854992,none,none
wroclaw_2024_2025,30,13263,0,0,0.00448967889908257,0.0,0.1451952344240531,none,none
wroclaw_2024_2025,30,13264,0,0,0.0,0.0,0.1454560382467732,none,none
wroclaw_2024_2025,30,13265,0,0,0.0,0.0,0.14596627808249044,none,none
wroclaw_2024_2025,30,13266,0,0,0.0,0.0,0.1489219555509565,none,none
wroclaw_2024_2025,30,13267,0,0,0.0,0.0,0.13468047405250771,none,none
wroclaw_2024_2025,30,13268,0,0,0.0,0.0,0.14155584853328748,none,none
wroclaw_2024_2025,30,13269,0,0,0.0,0.0,0.15537437683916935,none,none
wroclaw_2024_2025,30,13270,0,0,0.00448967889908257,0.0,0.15663307325695203,none,none
wroclaw_2024_2025,30,13271,0,0,0.0,0.0,0.18656429363300647,none,none
wroclaw_2024_2025,30,13272,0,0,0.0,0.0,0.19952835039012948,none,none
wroclaw_2024_2025,30,13273,0,0,0.0,0.0,0.20350035885916473,none,none
wroclaw_2024_2025,30,13274,0,0,0.0,0.0,0.2076496037155646,none,none
wroclaw_2024_2025,30,13275,0,0,0.0,0.0,0.21355698956405966,none,none
wroclaw_2024_2025,30,13276,0,0,0.0,0.0,0.21773501862233288,none,none
wroclaw_2024_2025,30,13277,0,0,0.0047311178247734145,0.0,0.21789811923152325,none,none
wroclaw_2024_2025,30,13278,0,0,0.0,0.0,0.21657718246329025,none,none
wroclaw_2024_2025,30,13279,0,0,0.0,0.0,0.21907696708587143,none,none
wroclaw_2024_2025,30,13280,0,0,0.0,0.0,0.2167485768693311,none,none
wroclaw_2024_2025,30,13281,0,0,0.0047311178247734145,0.0,0.22059876948980192,none,none
wroclaw_2024_2025,30,13282,0,0,0.0047311178247734145,0.0,0.22094027621544873,none,none
wroclaw_2024_2025,30,13283,0,0,0.013951914548629398,0.0,0.22945071039765486,none,none
wroclaw_2024_2025,30,13284,0,0,0.009462235649546829,0.0,0.2347005897949639,none,none
wroclaw_2024_2025,30,13285,0,0,0.0,0.0,0.23512439939668078,none,none
wroclaw_2024_2025,30,13286,0,0,0.0047311178247734145,0.0,0.23613691457458527,none,none
wroclaw_2024_2025,30,13287,0,0,0.0,0.0,0.23864008783966265,none,none
wroclaw_2024_2025,30,13288,0,0,0.0,0.0,0.22089228353474388,none,none
wroclaw_2024_2025,30,13289,0,0,0.0,0.0,0.21899050494879624,none,none
wroclaw_2024_2025,30,13290,0,0,0.0,0.0,0.21852505548512843,none,none
wroclaw_2024_2025,30,13291,0,0,0.0,0.0,0.21603899317944605,none,none
wroclaw_2024_2025,30,13292,0,0,0.0,0.0,0.21535148004455543,none,none
wroclaw_2024_2025,30,13293,0,0,0.0,0.0,0.22246245026567002,none,none
wroclaw_2024_2025,30,13294,0,0,0.0,0.0,0.22269586492121005,none,none
wroclaw_2024_2025,30,13295,0,0,0.0,0.0,0.21959979048818157,none,none
wroclaw_2024_2025,30,13296,0,0,0.0,0.0,0.22210496080407285,none,none
wroclaw_2024_2025,30,13297,0,0,0.0,0.0,0.22166197013037858,none,none
wroclaw_2024_2025,30,13298,0,0,0.005,0.0,0.21827402338467608,none,none
wroclaw_2024_2025,30,13299,0,0,0.005,0.0,0.2178324213556586,none,none
wroclaw_2024_2025,30,13300,0,0,0.0,0.0,0.2184654463618754,none,none
wroclaw_2024_2025,30,13301,0,0,0.005,0.0,0.2162969854720263,none,none
wroclaw_2024_2025,30,13302,0,0,0.0,0.0,0.21835656540529125,none,none
wroclaw_2024_2025,30,13303,0,0,0.0,0.0,0.21801236196897525,none,none
wroclaw_2024_2025,30,13304,0,0,0.005,0.0,0.22411169828517818,none,none
wroclaw_2024_2025,30,13305,0,0,0.005,0.0,0.21900427128518646,none,none
wroclaw_2024_2025,30,13306,0,0,0.0,0.0,0.21655917868072933,none,none
wroclaw_2024_2025,30,13307,0,0,0.0,0.0,0.22689099481769656,none,none
wroclaw_2024_2025,30,13308,0,0,0.004861844147780192,0.0,0.2280989092490598,none,none
wroclaw_2024_2025,30,13309,0,0,0.004861844147780192,0.0,0.23375398949000337,none,none
wroclaw_2024_2025,30,13310,0,0,0.009731117824773414,0.0,0.228853100596172,none,none
wroclaw_2024_2025,30,13311,0,0,0.014462235649546828,0.0,0.23389764053044101,none,none
wroclaw_2024_2025,30,13312,0,0,0.009731117824773414,0.0,0.25719266519347644,none,none
wroclaw_2024_2025,30,13313,0,0,0.019351523046862763,0.0,0.27930938294486435,none,none
wroclaw_2024_2025,30,13314,0,0,0.009731117824773414,0.0,0.2272250943727636,none,none
wroclaw_2024_2025,30,13315,0,0,0.005,0.0,0.1599715674247742,none,none
wroclaw_2024_2025,30,13316,0,0,0.005,0.0,0.1591272473026092,none,none
wroclaw_2024_2025,30,13317,0,0,0.01,0.0,0.15860545997195494,none,none
wroclaw_2024_2025,30,13318,0,0,0.0047311178247734145,0.0,0.15245704090990791,none,none
wroclaw_2024_2025,30,13319,0,0,0.0047311178247734145,0.0,0.14699405933555618,none,none
wroclaw_2024_2025,30,13320,0,0,0.0047311178247734145,0.0,0.15529603982132564,none,none
wroclaw_2024_2025,30,13321,0,0,0.0047311178247734145,0.0,0.16051257372037653,none,none
wroclaw_2024_2025,30,13322,0,0,0.0047311178247734145,0.0,0.15457836526946117,none,none
wroclaw_2024_2025,30,13323,0,0,0.0,0.0,0.1297642079304077,none,none
wroclaw_2024_2025,30,13324,0,0,0.0047311178247734145,0.0,0.13113034351518224,none,none
wroclaw_2024_2025,30,13325,0,0,0.00897935779816514,0.0,0.13214476668318909,none,none
wroclaw_2024_2025,30,13326,0,0,0.009220796723855984,0.0,0.12665005584060776,none,none
wroclaw_2024_2025,30,13327,0,0,0.013710475622938555,0.0,0.12687848803959303,none,none
wroclaw_2024_2025,30,13328,0,0,0.00448967889908257,0.0,0.1475066937115384,none,none
wroclaw_2024_2025,30,13329,0,0,0.0,0.0,0.14039144129483938,none,none
wroclaw_2024_2025,30,13330,0,0,0.009462235649546829,0.0,0.13658008609433853,none,none
wroclaw_2024_2025,30,13331,0,0,0.0,0.0,0.14296410120448586,none,none
wroclaw_2024_2025,30,13332,0,0,0.0,0.0,0.1509644193292216,none,none
wroclaw_2024_2025,30,13333,0,0,0.0,0.0,0.14985221261948278,none,none
wroclaw_2024_2025,30,13334,0,0,0.0,0.0,0.139309777851956,none,none
wroclaw_2024_2025,30,13335,0,0,0.004861844147780192,0.0,0.12855137313114132,none,none
wroclaw_2024_2025,30,13336,0,0,0.00448967889908257,0.0,0.13843977590729792,none,none
wroclaw_2024_2025,30,13337,0,0,0.0,0.0,0.12689326408094306,none,none
wroclaw_2024_2025,30,13338,0,0,0.0,0.0,0.13120246959379478,none,none
wroclaw_2024_2025,30,13339,0,0,0.0,0.0,0.12490517483350587,none,none
wroclaw_2024_2025,30,13340,0,0,0.0,0.0,0.12241619793615051,none,none
wroclaw_2024_2025,30,13341,0,0,0.0,0.0,0.12239521858977817,none,none
wroclaw_2024_2025,30,13342,0,0,0.0,0.0,0.12440581013976379,none,none
wroclaw_2024_2025,30,13343,0,0,0.0,0.0,0.12468245510987273,none,none
wroclaw_2024_2025,30,13344,0,0,0.0,0.0,0.12712191073518836,none,none
wroclaw_2024_2025,30,13345,0,0,0.0,0.0,0.12563957168066947,none,none
wroclaw_2024_2025,30,13346,0,0,0.0,0.0,0.11615369075712319,none,none
wroclaw_2024_2025,30,13347,0,0,0.0,0.0,0.1211867161006742,none,none
wroclaw_2024_2025,30,13348,0,0,0.0,0.0,0.11872794948287763,none,none
wroclaw_2024_2025,30,13349,0,0,0.0,0.0,0.12189052386498053,none,none
wroclaw_2024_2025,30,13350,0,0,0.0,0.0,0.1330090460107819,none,none
wroclaw_2024_2025,30,13351,0,0,0.0,0.0,0.12881757356745716,none,none
wroclaw_2024_2025,30,13352,0,0,0.0,0.0,0.13404061343115858,none,none
wroclaw_2024_2025,30,13353,0,0,0.0,0.0,0.13904971114356807,none,none
wroclaw_2024_2025,30,13354,0,0,0.0,0.0,0.13102424464025264,none,none
wroclaw_2024_2025,30,13355,0,0,0.0,0.0,0.12914388197746274,none,none
wroclaw_2024_2025,30,13356,0,0,0.0,0.0,0.12527661081124905,none,none
wroclaw_2024_2025,30,13357,0,0,0.0,0.0,0.12995567211658435,none,none
wroclaw_2024_2025,30,13358,0,0,0.0,0.0,0.13022881345461598,none,none
wroclaw_2024_2025,30,13359,0,0,0.0,0.0,0.1320058422433227,none,none
wroclaw_2024_2025,30,13360,0,0,0.0,0.0,0.14293441250508404,none,none
wroclaw_2024_2025,30,13361,0,0,0.0,0.0,0.13680492541197603,none,none
wroclaw_2024_2025,30,13362,0,0,0.0,0.0,0.1399021465246176,none,none
wroclaw_2024_2025,30,13363,0,0,0.005,0.0,0.13252755732422353,none,none
wroclaw_2024_2025,30,13364,0,0,0.0,0.0,0.12951034701743006,none,none
wroclaw_2024_2025,30,13365,0,0,0.0,0.0,0.1359111347641255,none,none
wroclaw_2024_2025,30,13366,0,0,0.0,0.0,0.14061515995526774,none,none
wroclaw_2024_2025,30,13367,0,0,0.0,0.0,0.16935449130350405,none,none
wroclaw_2024_2025,30,13368,0,0,0.0047311178247734145,0.0,0.1963010374669092,none,none
wroclaw_2024_2025,30,13369,0,0,0.0,0.0,0.2098662394379108,none,none
wroclaw_2024_2025,30,13370,0,0,0.0,0.0,0.21654708814666196,none,none
wroclaw_2024_2025,30,13371,0,0,0.0,0.0,0.220839325040302,none,none
wroclaw_2024_2025,30,13372,0,0,0.0,0.0,0.2257591482056211,none,none
wroclaw_2024_2025,30,13373,0,0,0.0,0.0,0.23003788086692378,none,none
wroclaw_2024_2025,30,13374,0,0,0.0047311178247734145,0.0,0.2330465087100208,none,none
wroclaw_2024_2025,30,13375,0,0,0.009462235649546829,0.0,0.2383117425313155,none,none
wroclaw_2024_2025,30,13376,0,0,0.0047311178247734145,0.0,0.23028744358256062,none,none
wroclaw_2024_2025,30,13377,0,0,0.004861844147780192,0.0,0.22319731429953588,none,none
wroclaw_2024_2025,30,13378,0,0,0.004861844147780192,0.0,0.21661228754651862,none,none
wroclaw_2024_2025,30,13379,0,0,0.0,0.0,0.21680562011733573,none,none
wroclaw_2024_2025,30,13380,0,0,0.0,0.0,0.2187422834865582,none,none
wroclaw_2024_2025,30,13381,0,0,0.0,0.0,0.2105751049545592,none,none
wroclaw_2024_2025,30,13382,0,0,0.0,0.0,0.22021302385916172,none,none
wroclaw_2024_2025,30,13383,0,0,0.0047311178247734145,0.0,0.2177559720228598,none,none
wroclaw_2024_2025,30,13384,0,0,0.0,0.0,0.19535249053356696,none,none
wroclaw_2024_2025,30,13385,0,0,0.005,0.0,0.19647912088929492,none,none
wroclaw_2024_2025,30,13386,0,0,0.005,0.0,0.20313803052019122,none,none
wroclaw_2024_2025,30,13387,0,0,0.0,0.0,0.20504580813692877,none,none
wroclaw_2024_2025,30,13388,0,0,0.0,0.0,0.21001531266020784,none,none
wroclaw_2024_2025,30,13389,0,0,0.009861844147780192,0.0,0.2329255259519727,none,none
wroclaw_2024_2025,30,13390,0,0,0.019585532443340575,0.0,0.2310912636870766,none,none
wroclaw_2024_2025,30,13391,0,0,0.024075211342423145,0.0,0.23279957952001834,none,none
wroclaw_2024_2025,30,13392,0,0,0.024585532443340576,0.0,0.23093227002625286,none,none
wroclaw_2024_2025,30,13393,0,0,0.024723688295560386,0.0,0.23605910764772978,none,none
wroclaw_2024_2025,30,13394,0,0,0.01986184414778019,0.0,0.23260745425101673,none,none
wroclaw_2024_2025,30,13395,0,0,0.014861844147780192,0.0,0.23120405139030528,none,none
wroclaw_2024_2025,30,13396,0,0,0.009861844147780192,0.0,0.22907524895387446,none,none
wroclaw_2024_2025,30,13397,0,0,0.014861844147780192,0.0,0.22205948208375387,none,none
wroclaw_2024_2025,30,13398,0,0,0.019592961972553606,0.0,0.22479917163527643,none,none
wroclaw_2024_2025,30,13399,0,0,0.014861844147780192,0.0,0.21674341045256082,none,none
wroclaw_2024_2025,30,13400,0,0,0.009861844147780192,0.0,0.21500101937636668,none,none
wroclaw_2024_2025,30,13401,0,0,0.019723688295560385,0.0,0.2157365942193131,none,none
wroclaw_2024_2025,30,13402,0,0,0.024723688295560386,0.0,0.21762278836083743,none,none
wroclaw_2024_2025,30,13403,0,0,0.024723688295560386,0.0,0.22889910769100166,none,none
wroclaw_2024_2025,30,13404,0,0,0.014861844147780192,0.0,0.23307256241209978,none,none
wroclaw_2024_2025,30,13405,0,0,0.005,0.0,0.23443806737868625,none,none
wroclaw_2024_2025,30,13406,0,0,0.019731117824773416,0.0,0.23646011123095576,none,none
wroclaw_2024_2025,30,13407,0,0,0.024193353474320244,0.0,0.23459817543075573,none,none
wroclaw_2024_2025,30,13408,0,0,0.038683032373402815,0.0,0.23713415381092967,none,none
wroclaw_2024_2025,30,13409,0,0,0.053841201945945334,0.0,0.27725783165805196,none,none
wroclaw_2024_2025,30,13410,0,0,0.059723688295560386,0.0,0.2583020361768654,none,none
wroclaw_2024_2025,30,13411,0,0,0.05907521134242315,0.0,0.20271696203179823,none,none
wroclaw_2024_2025,30,13412,0,0,0.04907521134242314,0.0,0.19487592427228814,none,none
wroclaw_2024_2025,30,13413,0,0,0.039213367194642954,0.0,0.18273862785843603,none,none
wroclaw_2024_2025,30,13414,0,0,0.029592961972553608,0.0,0.17967572153086878,none,none
wroclaw_2024_2025,30,13415,0,0,0.03932407979732702,0.0,0.1737148434063,none,none
wroclaw_2024_2025,30,13416,0,0,0.025,0.0,0.1791649837426377,none,none
wroclaw_2024_2025,30,13417,0,0,0.029220796723855982,0.0,0.17668696760592073,none,none
wroclaw_2024_2025,30,13418,0,0,0.02448967889908257,0.0,0.17637849804485747,none,none
wroclaw_2024_2025,30,13419,0,0,0.019462235649546827,0.0,0.15812481690351887,none,none
wroclaw_2024_2025,30,13420,0,0,0.005,0.0,0.16744107834341238,none,none
wroclaw_2024_2025,30,13421,0,0,0.005,0.0,0.16982450147022551,none,none
wroclaw_2024_2025,30,13422,0,0,0.01,0.0,0.15952757346824903,none,none
wroclaw_2024_2025,30,13423,0,0,0.0,0.0,0.15854031764925064,none,none
wroclaw_2024_2025,30,13424,0,0,0.0,0.0,0.1537912482999316,none,none
wroclaw_2024_2025,30,13425,0,0,0.0047311178247734145,0.0,0.15648755311729037,none,none
wroclaw_2024_2025,30,13426,0,0,0.0,0.0,0.14790316419739058,none,none
wroclaw_2024_2025,30,13427,0,0,0.0,0.0,0.14599668082011427,none,none
wroclaw_2024_2025,30,13428,0,0,0.0,0.0,0.14570699458564063,none,none
wroclaw_2024_2025,30,13429,0,0,0.0,0.0,0.13817693684367205,none,none
wroclaw_2024_2025,30,13430,0,0,0.0,0.0,0.14691268249913636,none,none
wroclaw_2024_2025,30,13431,0,0,0.005,0.0,0.1407337790713983,none,none
wroclaw_2024_2025,30,13432,0,0,0.009731117824773414,0.0,0.13680405005504911,none,none
wroclaw_2024_2025,30,13433,0,0,0.005,0.0,0.13488233117895895,none,none
wroclaw_2024_2025,30,13434,0,0,0.005,0.0,0.13289273917115396,none,none
wroclaw_2024_2025,30,13435,0,0,0.0,0.0,0.13044686482844192,none,none
wroclaw_2024_2025,30,13436,0,0,0.0,0.0,0.1214733067702294,none,none
wroclaw_2024_2025,30,13437,0,0,0.0,0.0,0.12624717144061295,none,none
wroclaw_2024_2025,30,13438,0,0,0.005,0.0,0.12355008734207332,none,none
wroclaw_2024_2025,30,13439,0,0,0.005,0.0,0.11994011823887893,none,none
wroclaw_2024_2025,30,13440,0,0,0.005,0.0,0.11863005952690983,none,none
wroclaw_2024_2025,30,13441,0,0,0.005,0.0,0.1122420073263188,none,none
wroclaw_2024_2025,30,13442,0,0,0.014220796723855985,0.0,0.11883662980153571,none,none
wroclaw_2024_2025,30,13443,0,0,0.005,0.0,0.11343488862563685,none,none
wroclaw_2024_2025,30,13444,0,0,0.0,0.0,0.12076859578154159,none,none
wroclaw_2024_2025,30,13445,0,0,0.0047311178247734145,0.0,0.11707987806135957,none,none
wroclaw_2024_2025,30,13446,0,0,0.005,0.0,0.1236553078136276,none,none
wroclaw_2024_2025,30,13447,0,0,0.0,0.0,0.12628636930923032,none,none
wroclaw_2024_2025,30,13448,0,0,0.005,0.0,0.12899413370754512,none,none
wroclaw_2024_2025,30,13449,0,0,0.0,0.0,0.1237358605860112,none,none
wroclaw_2024_2025,30,13450,0,0,0.0,0.0,0.12368632124383225,none,none
wroclaw_2024_2025,30,13451,0,0,0.0047311178247734145,0.0,0.132710475956011,none,none
wroclaw_2024_2025,30,13452,0,0,0.0,0.0,0.13454229591156797,none,none
wroclaw_2024_2025,30,13453,0,0,0.0,0.0,0.13238832030981787,none,none
wroclaw_2024_2025,30,13454,0,0,0.0,0.0,0.12442401756490375,none,none
wroclaw_2024_2025,30,13455,0,0,0.005,0.0,0.14212119090199243,none,none
wroclaw_2024_2025,30,13456,0,0,0.0,0.0,0.13703908528729078,none,none
wroclaw_2024_2025,30,13457,0,0,0.0,0.0,0.13624715799288645,none,none
wroclaw_2024_2025,30,13458,0,0,0.0047311178247734145,0.0,0.13686180980166818,none,none
wroclaw_2024_2025,30,13459,0,0,0.0047311178247734145,0.0,0.12965357940464894,none,none
wroclaw_2024_2025,30,13460,0,0,0.0,0.0,0.13855989583750208,none,none
wroclaw_2024_2025,30,13461,0,0,0.0,0.0,0.15125962781876479,none,none
wroclaw_2024_2025,30,13462,0,0,0.0,0.0,0.15390558938452392,none,none
wroclaw_2024_2025,30,13463,0,0,0.009731117824773414,0.0,0.17355872761724214,none,none
wroclaw_2024_2025,30,13464,0,0,0.009462235649546829,0.0,0.19537667522842314,none,none
wroclaw_2024_2025,30,13465,0,0,0.009731117824773414,0.0,0.20106739971303503,none,none
wroclaw_2024_2025,30,13466,0,0,0.0,0.0,0.2017518532730106,none,none
wroclaw_2024_2025,30,13467,0,0,0.0047311178247734145,0.0,0.2071613553004544,none,none
wroclaw_2024_2025,30,13468,0,0,0.0,0.0,0.2305069084512302,none,none
wroclaw_2024_2025,30,13469,0,0,0.0,0.0,0.23095310641571468,none,none
wroclaw_2024_2025,30,13470,0,0,0.0,0.0,0.22797043927594696,none,none
wroclaw_2024_2025,30,13471,0,0,0.005,0.0,0.23154828872976513,none,none
wroclaw_2024_2025,30,13472,0,0,0.005,0.0,0.23172744702079115,none,none
wroclaw_2024_2025,30,13473,0,0,0.005,0.0,0.22386192044835612,none,none
wroclaw_2024_2025,30,13474,0,0,0.005,0.0,0.21378755213549008,none,none
wroclaw_2024_2025,30,13475,0,0,0.005,0.0,0.21583916234636652,none,none
wroclaw_2024_2025,30,13476,0,0,0.005,0.0,0.19078905226571924,none,none
wroclaw_2024_2025,30,13477,0,0,0.005,0.0,0.1924739704684889,none,none
wroclaw_2024_2025,30,13478,0,0,0.005,0.0,0.20250474493365225,none,none
wroclaw_2024_2025,30,13479,0,0,0.009731117824773414,0.0,0.202772031324284,none,none
wroclaw_2024_2025,30,13480,0,0,0.0047311178247734145,0.0,0.20934219080467137,none,none
wroclaw_2024_2025,30,13481,0,0,0.009462235649546829,0.0,0.24954904474196835,none,none
wroclaw_2024_2025,30,13482,0,0,0.009462235649546829,0.0,0.23526560911334712,none,none
wroclaw_2024_2025,30,13483,0,0,0.0047311178247734145,0.0,0.24258059383013278,none,none
wroclaw_2024_2025,30,13484,0,0,0.0047311178247734145,0.0,0.2338986869820635,none,none
wroclaw_2024_2025,30,13485,0,0,0.014454806120333799,0.0,0.23354735988563993,none,none
wroclaw_2024_2025,30,13486,0,0,0.02431665026811399,0.0,0.23396139645535569,none,none
wroclaw_2024_2025,30,13487,0,0,0.014723688295560384,0.0,0.2388912400272819,none,none
wroclaw_2024_2025,30,13488,0,0,0.024454806120333798,0.0,0.22750454410645893,none,none
wroclaw_2024_2025,30,13489,0,0,0.024585532443340576,0.0,0.22284074612832133,none,none
wroclaw_2024_2025,30,13490,0,0,0.019723688295560385,0.0,0.22526129743266293,none,none
wroclaw_2024_2025,30,13491,0,0,0.024723688295560386,0.0,0.22292102694845817,none,none
wroclaw_2024_2025,30,13492,0,0,0.034585532443340575,0.0,0.22747242799481454,none,none
wroclaw_2024_2025,30,13493,0,0,0.029723688295560383,0.0,0.22253511901535838,none,none
wroclaw_2024_2025,30,13494,0,0,0.01986184414778019,0.0,0.21947310873729625,none,none
wroclaw_2024_2025,30,13495,0,0,0.015,0.0,0.2193983668441325,none,none
wroclaw_2024_2025,30,13496,0,0,0.019731117824773416,0.0,0.2193983668441325,none,none
wroclaw_2024_2025,30,13497,0,0,0.01948967889908257,0.0,0.23733082804275152,none,none
wroclaw_2024_2025,30,13498,0,0,0.024861844147780192,0.0,0.2291798155952549,none,none
wroclaw_2024_2025,30,13499,0,0,0.03958553244334058,0.0,0.2367646027083306,none,none
wroclaw_2024_2025,30,13500,0,0,0.04944737659112077,0.0,0.2524815297137072,none,none
wroclaw_2024_2025,30,13501,0,0,0.04458553244334057,0.0,0.2511706883214245,none,none
wroclaw_2024_2025,30,13502,0,0,0.01986184414778019,0.0,0.258776941158746,none,none
wroclaw_2024_2025,30,13503,0,0,0.024351523046862764,0.0,0.26668174061057803,none,none
wroclaw_2024_2025,30,13504,0,0,0.04868303237340282,0.0,0.2611876998972091,none,none
wroclaw_2024_2025,30,13505,0,0,0.0395929619725536,0.0,0.2611735394638905,none,none
wroclaw_2024_2025,30,13506,0,0,0.04408264087163618,0.0,0.27536133634752763,none,none
wroclaw_2024_2025,30,13507,0,0,0.024220796723855985,0.0,0.2141207365074107,none,none
wroclaw_2024_2025,30,13508,0,0,0.029220796723855982,0.0,0.19433776859990884,none,none
wroclaw_2024_2025,30,13509,0,0,0.04418592394510721,0.0,0.18325859358430022,none,none
wroclaw_2024_2025,30,13510,0,0,0.03918592394510721,0.0,0.1817229318691656,none,none
wroclaw_2024_2025,30,13511,0,0,0.0394548061203338,0.0,0.17399905808682967,none,none
wroclaw_2024_2025,30,13512,0,0,0.029731117824773414,0.0,0.18149216009030214,none,none
wroclaw_2024_2025,30,13513,0,0,0.024731117824773413,0.0,0.1825662946009177,none,none
wroclaw_2024_2025,30,13514,0,0,0.029731117824773414,0.0,0.18173279481314245,none,none
wroclaw_2024_2025,30,13515,0,0,0.019731117824773416,0.0,0.18313469814517963,none,none
wroclaw_2024_2025,30,13516,0,0,0.02446223564954683,0.0,0.17872095285206582,none,none
wroclaw_2024_2025,30,13517,0,0,0.02446223564954683,0.0,0.15618532985306907,none,none
wroclaw_2024_2025,30,13518,0,0,0.029055197622100435,0.0,0.15786875685660967,none,none
wroclaw_2024_2025,30,13519,0,0,0.019462235649546827,0.0,0.14624615154709272,none,none
wroclaw_2024_2025,30,13520,0,0,0.019193353474320243,0.0,0.15286853234343725,none,none
wroclaw_2024_2025,30,13521,0,0,0.009220796723855984,0.0,0.15611428206119596,none,none
wroclaw_2024_2025,30,13522,0,0,0.0,0.0,0.14946740853341772,none,none
wroclaw_2024_2025,30,13523,0,0,0.0,0.0,0.14606222446577408,none,none
wroclaw_2024_2025,30,13524,0,0,0.0,0.0,0.15054958137011323,none,none
wroclaw_2024_2025,30,13525,0,0,0.0,0.0,0.1510002058551433,none,none
wroclaw_2024_2025,30,13526,0,0,0.0,0.0,0.1487171635101663,none,none
wroclaw_2024_2025,30,13527,0,0,0.0,0.0,0.15282241737470525,none,none
wroclaw_2024_2025,30,13528,0,0,0.0,0.0,0.15401325429356313,none,none
wroclaw_2024_2025,30,13529,0,0,0.00448967889908257,0.0,0.1457985726241705,none,none
wroclaw_2024_2025,30,13530,0,0,0.009220796723855984,0.0,0.1496926269324252,none,none
wroclaw_2024_2025,30,13531,0,0,0.009731117824773414,0.0,0.1402866208318108,none,none
wroclaw_2024_2025,30,13532,0,0,0.023951914548629397,0.0,0.14632017911406045,none,none
wroclaw_2024_2025,30,13533,0,0,0.0,0.0,0.14383698355365732,none,none
wroclaw_2024_2025,30,13534,0,0,0.009220796723855984,0.0,0.13596182132205797,none,none
wroclaw_2024_2025,30,13535,0,0,0.00448967889908257,0.0,0.13116184664976413,none,none
wroclaw_2024_2025,30,13536,0,0,0.0,0.0,0.12738806911228368,none,none
wroclaw_2024_2025,30,13537,0,0,0.004861844147780192,0.0,0.12439468490443058,none,none
wroclaw_2024_2025,30,13538,0,0,0.014220796723855985,0.0,0.12716630034300233,none,none
wroclaw_2024_2025,30,13539,0,0,0.01,0.0,0.12573428006082266,none,none
wroclaw_2024_2025,30,13540,0,0,0.015,0.0,0.13142592620435714,none,none
wroclaw_2024_2025,30,13541,0,0,0.0047311178247734145,0.0,0.1323092618570576,none,none
wroclaw_2024_2025,30,13542,0,0,0.014861844147780192,0.0,0.12741930283315886,none,none
wroclaw_2024_2025,30,13543,0,0,0.029082640871636176,0.0,0.1256821589885457,none,none
wroclaw_2024_2025,30,13544,0,0,0.053406720668963195,0.0,0.1265088341144852,none,none
wroclaw_2024_2025,30,13545,0,0,0.024592961972553607,0.0,0.11976806501620382,none,none
wroclaw_2024_2025,30,13546,0,0,0.024324079797327022,0.0,0.1207969318759645,none,none
wroclaw_2024_2025,30,13547,0,0,0.02864815959465404,0.0,0.12571074500130977,none,none
wroclaw_2024_2025,30,13548,0,0,0.028917041769880625,0.0,0.12775321321285205,none,none
wroclaw_2024_2025,30,13549,0,0,0.019055197622100437,0.0,0.1248621317327987,none,none
wroclaw_2024_2025,30,13550,0,0,0.009351523046862762,0.0,0.1247588594927128,none,none
wroclaw_2024_2025,30,13551,0,0,0.009351523046862762,0.0,0.12454749882986678,none,none
wroclaw_2024_2025,30,13552,0,0,0.009462235649546829,0.0,0.11699968622895439,none,none
wroclaw_2024_2025,30,13553,0,0,0.01432407979732702,0.0,0.12247114776006679,none,none
wroclaw_2024_2025,30,13554,0,0,0.01932407979732702,0.0,0.12703212906980071,none,none
wroclaw_2024_2025,30,13555,0,0,0.019055197622100437,0.0,0.13738183494316436,none,none
wroclaw_2024_2025,30,13556,0,0,0.009592961972553606,0.0,0.142929796611125,none,none
wroclaw_2024_2025,30,13557,0,0,0.004861844147780192,0.0,0.1482693911482656,none,none
wroclaw_2024_2025,30,13558,0,0,0.004861844147780192,0.0,0.15146908913144425,none,none
wroclaw_2024_2025,30,13559,0,0,0.004861844147780192,0.0,0.19264291841284867,none,none
wroclaw_2024_2025,30,13560,0,0,0.0,0.0,0.20376122058565396,none,none
wroclaw_2024_2025,30,13561,0,0,0.0,0.0,0.20536249318902278,none,none
wroclaw_2024_2025,30,13562,0,0,0.0047311178247734145,0.0,0.20687533373159014,none,none
wroclaw_2024_2025,30,13563,0,0,0.0,0.0,0.21467036899550157,none,none
wroclaw_2024_2025,30,13564,0,0,0.0,0.0,0.2148993984767936,none,none
wroclaw_2024_2025,30,13565,0,0,0.0,0.0,0.2134737928533258,none,none
wroclaw_2024_2025,30,13566,0,0,0.0047311178247734145,0.0,0.2215124285590775,none,none
wroclaw_2024_2025,30,13567,0,0,0.009462235649546829,0.0,0.23135558515363563,none,none
wroclaw_2024_2025,30,13568,0,0,0.009462235649546829,0.0,0.24078466251467331,none,none
wroclaw_2024_2025,30,13569,0,0,0.009462235649546829,0.0,0.2273140218918935,none,none
wroclaw_2024_2025,30,13570,0,0,0.0047311178247734145,0.0,0.19900815718509995,none,none
wroclaw_2024_2025,30,13571,0,0,0.0047311178247734145,0.0,0.19341088741344534,none,none
wroclaw_2024_2025,30,13572,0,0,0.0047311178247734145,0.0,0.2021437428946447,none,none
wroclaw_2024_2025,30,13573,0,0,0.0047311178247734145,0.0,0.19150830623756895,none,none
wroclaw_2024_2025,30,13574,0,0,0.0047311178247734145,0.0,0.23444515111181172,none,none
wroclaw_2024_2025,30,13575,0,0,0.009462235649546829,0.0,0.22082169810538518,none,none
wroclaw_2024_2025,30,13576,0,0,0.009462235649546829,0.0,0.21314140366114487,none,none
wroclaw_2024_2025,30,13577,0,0,0.0047311178247734145,0.0,0.20541443480950047,none,none
wroclaw_2024_2025,30,13578,0,0,0.014454806120333799,0.0,0.20704292631862956,none,none
wroclaw_2024_2025,30,13579,0,0,0.014723688295560384,0.0,0.21142883706972998,none,none
wroclaw_2024_2025,30,13580,0,0,0.024585532443340576,0.0,0.208996692891741,none,none
wroclaw_2024_2025,30,13581,0,0,0.029585532443340577,0.0,0.21004032759380736,none,none
wroclaw_2024_2025,30,13582,0,0,0.024723688295560386,0.0,0.2065964573421693,none,none
wroclaw_2024_2025,30,13583,0,0,0.019723688295560385,0.0,0.21007392989952164,none,none
wroclaw_2024_2025,30,13584,0,0,0.014861844147780192,0.0,0.21288270116635158,none,none
wroclaw_2024_2025,30,13585,0,0,0.034585532443340575,0.0,0.1959152626109192,none,none
wroclaw_2024_2025,30,13586,0,0,0.034585532443340575,0.0,0.1976478904861951,none,none
wroclaw_2024_2025,30,13587,0,0,0.04444737659112077,0.0,0.20091769804238785,none,none
wroclaw_2024_2025,30,13588,0,0,0.04444737659112077,0.0,0.20871659444600782,none,none
wroclaw_2024_2025,30,13589,0,0,0.04444737659112077,0.0,0.2220763118478453,none,none
wroclaw_2024_2025,30,13590,0,0,0.034585532443340575,0.0,0.2129711666681241,none,none
wroclaw_2024_2025,30,13591,0,0,0.029213367194642955,0.0,0.21082854580764052,none,none
wroclaw_2024_2025,30,13592,0,0,0.03394448501941637,0.0,0.21310508657688498,none,none
wroclaw_2024_2025,30,13593,0,0,0.029723688295560383,0.0,0.21522468577406,none,none
wroclaw_2024_2025,30,13594,0,0,0.024723688295560386,0.0,0.21571457614125278,none,none
wroclaw_2024_2025,30,13595,0,0,0.019723688295560385,0.0,0.23671987539807768,none,none
wroclaw_2024_2025,30,13596,0,0,0.04431665026811399,0.0,0.2386610579953354,none,none
wroclaw_2024_2025,30,13597,0,0,0.03431665026811399,0.0,0.2606026977973894,none,none
wroclaw_2024_2025,30,13598,0,0,0.029585532443340577,0.0,0.263018398750893,none,none
wroclaw_2024_2025,30,13599,0,0,0.0294548061203338,0.0,0.260272804941631,none,none
wroclaw_2024_2025,30,13600,0,0,0.04431665026811399,0.0,0.2632253075907239,none,none
wroclaw_2024_2025,30,13601,0,0,0.10197904043968194,0.0,0.2675834860162162,none,none
wroclaw_2024_2025,30,13602,0,0,0.08824112156720763,0.0,0.2715507936937576,none,none
wroclaw_2024_2025,30,13603,0,0,0.08324112156720766,0.0,0.22105170539003033,none,none
wroclaw_2024_2025,30,13604,0,0,0.09297223939198107,0.0,0.17876334297392457,none,none
wroclaw_2024_2025,30,13605,0,0,0.093633300536228,0.0,0.17250735480673923,none,none
wroclaw_2024_2025,30,13606,0,0,0.0887714563884478,0.0,0.17233667689348917,none,none
wroclaw_2024_2025,30,13607,0,0,0.07417849441589419,0.0,0.15989868779713567,none,none
wroclaw_2024_2025,30,13608,0,0,0.06300711217072984,0.0,0.16349725170643364,none,none
wroclaw_2024_2025,30,13609,0,0,0.05327599434595642,0.0,0.16462265672449475,none,none
wroclaw_2024_2025,30,13610,0,0,0.04891704176988063,0.0,0.16302689964035633,none,none
wroclaw_2024_2025,30,13611,0,0,0.02946223564954683,0.0,0.1608192084676686,none,none
wroclaw_2024_2025,30,13612,0,0,0.02946223564954683,0.0,0.1577074088376684,none,none
wroclaw_2024_2025,30,13613,0,0,0.02946223564954683,0.0,0.15587758875593616,none,none
wroclaw_2024_2025,30,13614,0,0,0.038924471299093655,0.0,0.17062050212734675,none,none
wroclaw_2024_2025,30,13615,0,0,0.029731117824773414,0.0,0.16476563901647784,none,none
wroclaw_2024_2025,30,13616,0,0,0.014462235649546828,0.0,0.1516378465841098,none,none
wroclaw_2024_2025,30,13617,0,0,0.02932407979732702,0.0,0.15050566703925805,none,none
wroclaw_2024_2025,30,13618,0,0,0.02446223564954683,0.0,0.14726962303722138,none,none
wroclaw_2024_2025,30,13619,0,0,0.024082640871636175,0.0,0.14673838135667291,none,none
wroclaw_2024_2025,30,13620,0,0,0.023710475622938553,0.0,0.14603416307829312,none,none
wroclaw_2024_2025,30,13621,0,0,0.02344159344771197,0.0,0.13991798092448376,none,none
wroclaw_2024_2025,30,13622,0,0,0.013951914548629398,0.0,0.13801378477896,none,none
wroclaw_2024_2025,30,13623,0,0,0.02330343759549216,0.0,0.12869995761744535,none,none
wroclaw_2024_2025,30,13624,0,0,0.009462235649546829,0.0,0.12882820820190416,none,none
wroclaw_2024_2025,30,13625,0,0,0.009462235649546829,0.0,0.12184062096424854,none,none
wroclaw_2024_2025,30,13626,0,0,0.009592961972553606,0.0,0.12224495353927328,none,none
wroclaw_2024_2025,30,13627,0,0,0.0047311178247734145,0.0,0.11780316280054397,none,none
wroclaw_2024_2025,30,13628,0,0,0.023710475622938553,0.0,0.11830108474875298,none,none
wroclaw_2024_2025,30,13629,0,0,0.024055197622100434,0.0,0.11615664878064665,none,none
wroclaw_2024_2025,30,13630,0,0,0.009731117824773414,0.0,0.12055171825402324,none,none
wroclaw_2024_2025,30,13631,0,0,0.009731117824773414,0.0,0.12398020346031433,none,none
wroclaw_2024_2025,30,13632,0,0,0.009592961972553606,0.0,0.12199986087681979,none,none
wroclaw_2024_2025,30,13633,0,0,0.024185923945107213,0.0,0.12271062799766429,none,none
wroclaw_2024_2025,30,13634,0,0,0.009592961972553606,0.0,0.13150570563041125,none,none
wroclaw_2024_2025,30,13635,0,0,0.009592961972553606,0.0,0.1318383190214696,none,none
wroclaw_2024_2025,30,13636,0,0,0.009731117824773414,0.0,0.1328571013933476,none,none
wroclaw_2024_2025,30,13637,0,0,0.019193353474320243,0.0,0.12707272968453603,none,none
wroclaw_2024_2025,30,13638,0,0,0.038406720668963196,0.0,0.1280517664487099,none,none
wroclaw_2024_2025,30,13639,0,0,0.06235120568837957,0.0,0.13087633267951312,none,none
wroclaw_2024_2025,30,13640,0,0,0.06201391321843071,0.0,0.1237597332282277,none,none
wroclaw_2024_2025,30,13641,0,0,0.048434163918498946,0.0,0.1222560043669981,none,none
wroclaw_2024_2025,30,13642,0,0,0.049316650268114,0.0,0.12090058686663457,none,none
wroclaw_2024_2025,30,13643,0,0,0.03431665026811399,0.0,0.12473783635909977,none,none
wroclaw_2024_2025,30,13644,0,0,0.02431665026811399,0.0,0.12564612403438083,none,none
wroclaw_2024_2025,30,13645,0,0,0.034047768092887405,0.0,0.12522720712544153,none,none
wroclaw_2024_2025,30,13646,0,0,0.029185923945107214,0.0,0.12963786619832487,none,none
wroclaw_2024_2025,30,13647,0,0,0.024185923945107213,0.0,0.12146190841114211,none,none
wroclaw_2024_2025,30,13648,0,0,0.0194548061203338,0.0,0.11973629751429217,none,none
wroclaw_2024_2025,30,13649,0,0,0.013710475622938555,0.0,0.12059716160392349,none,none
wroclaw_2024_2025,30,13650,0,0,0.019220796723855984,0.0,0.11889218806297576,none,none
wroclaw_2024_2025,30,13651,0,0,0.024220796723855985,0.0,0.12076513518539234,none,none
wroclaw_2024_2025,30,13652,0,0,0.018710475622938552,0.0,0.12199564922528786,none,none
wroclaw_2024_2025,30,13653,0,0,0.005,0.0,0.1288683864655327,none,none
wroclaw_2024_2025,30,13654,0,0,0.0,0.0,0.13828546838922123,none,none
wroclaw_2024_2025,30,13655,0,0,0.01,0.0,0.13862586719870226,none,none
wroclaw_2024_2025,30,13656,0,0,0.009489678899082568,0.0,0.16342354259819,none,none
wroclaw_2024_2025,30,13657,0,0,0.009489678899082568,0.0,0.20871157247727334,none,none
wroclaw_2024_2025,30,13658,0,0,0.009489678899082568,0.0,0.20856550955559477,none,none
wroclaw_2024_2025,30,13659,0,0,0.005,0.0,0.22165381204133255,none,none
wroclaw_2024_2025,30,13660,0,0,0.014462235649546828,0.0,0.19731328480489516,none,none
wroclaw_2024_2025,30,13661,0,0,0.009731117824773414,0.0,0.18796176706532083,none,none
wroclaw_2024_2025,30,13662,0,0,0.02919335347432024,0.0,0.19888147210911825,none,none
wroclaw_2024_2025,30,13663,0,0,0.03408264087163618,0.0,0.1495633794660711,none,none
wroclaw_2024_2025,30,13664,0,0,0.05752423431934815,0.0,0.16062223848244989,none,none
wroclaw_2024_2025,30,13665,0,0,0.06317271127248539,0.0,0.15234946773235933,none,none
wroclaw_2024_2025,30,13666,0,0,0.06263494692203221,0.0,0.1615475362600732,none,none
wroclaw_2024_2025,30,13667,0,0,0.043414150198176224,0.0,0.18983009964253625,none,none
wroclaw_2024_2025,30,13668,0,0,0.038386706948640485,0.0,0.16870450367157716,none,none
wroclaw_2024_2025,30,13669,0,0,0.05233862149726989,0.0,0.16368243173960667,none,none
wroclaw_2024_2025,30,13670,0,0,0.04824855109642067,0.0,0.16012594297044225,none,none
wroclaw_2024_2025,30,13671,0,0,0.047876385847723045,0.0,0.14422922124277807,none,none
wroclaw_2024_2025,30,13672,0,0,0.038248551096420676,0.0,0.1466310447552158,none,none
wroclaw_2024_2025,30,13673,0,0,0.03365558912386707,0.0,0.15297240586717079,none,none
wroclaw_2024_2025,30,13674,0,0,0.047634946922032205,0.0,0.14783795440998163,none,none
wroclaw_2024_2025,30,13675,0,0,0.057738229995503244,0.0,0.14743818755568838,none,none
wroclaw_2024_2025,30,13676,0,0,0.05297966892119408,0.0,0.1394573043985816,none,none
wroclaw_2024_2025,30,13677,0,0,0.05824855109642067,0.0,0.1527000446945649,none,none
wroclaw_2024_2025,30,13678,0,0,0.04327599434595642,0.0,0.18940605902726407,none,none
wroclaw_2024_2025,30,13679,0,0,0.043544876521183,0.0,0.1936502373777412,none,none
wroclaw_2024_2025,30,13680,0,0,0.05367560284418978,0.0,0.19646405656618504,none,none
wroclaw_2024_2025,30,13681,0,0,0.08273822999550323,0.0,0.17121175711051895,none,none
wroclaw_2024_2025,30,13682,0,0,0.06263494692203218,0.0,0.22347731287792616,none,none
wroclaw_2024_2025,30,13683,0,0,0.08685574364588819,0.0,0.2487238834170706,none,none
wroclaw_2024_2025,30,13684,0,0,0.08236606474680562,0.0,0.18607652502191918,none,none
wroclaw_2024_2025,30,13685,0,0,0.09212462582111478,0.0,0.15665398961474636,none,none
wroclaw_2024_2025,30,13686,0,0,0.1311175074149307,0.0,0.14725156602212292,none,none
wroclaw_2024_2025,30,13687,0,0,0.08864815959465404,0.0,0.15494973907314766,none,none
wroclaw_2024_2025,30,13688,0,0,0.14088349801845287,0.0,0.14218309305539814,none,none
wroclaw_2024_2025,30,13689,0,0,0.10246191829106362,0.0,0.1348153352570848,none,none
wroclaw_2024_2025,30,13690,0,0,0.1057178989166973,0.0,0.15940514506548872,none,none
wroclaw_2024_2025,30,13691,0,0,0.07824112156720765,0.0,0.1363354593524911,none,none
wroclaw_2024_2025,30,13692,0,0,0.07904033856367439,0.0,0.16726342685774104,none,none
wroclaw_2024_2025,30,13693,0,0,0.0639096122406676,0.0,0.16861942345275302,none,none
wroclaw_2024_2025,30,13694,0,0,0.07788897003883274,0.0,0.17766984395028113,none,none
wroclaw_2024_2025,30,13695,0,0,0.09272337093707719,0.0,0.18608803517859057,none,none
wroclaw_2024_2025,30,13696,0,0,0.11589608220956257,0.0,0.15990343052772743,none,none
wroclaw_2024_2025,30,13697,0,0,0.1410342380617824,0.0,0.15305342025061539,none,none
wroclaw_2024_2025,30,13698,0,0,0.11712462582111477,0.0,0.14704019248283567,none,none
wroclaw_2024_2025,30,13699,0,0,0.0920139132184307,0.0,0.14382469744648768,none,none
wroclaw_2024_2025,30,13700,0,0,0.1018757573662109,0.0,0.1400090639670346,none,none
wroclaw_2024_2025,30,13701,0,0,0.09133799301575772,0.0,0.14249750014782364,none,none
wroclaw_2024_2025,30,13702,0,0,0.08735863521759259,0.0,0.1483396835583696,none,none
wroclaw_2024_2025,30,13703,0,0,0.08337927741942744,0.0,0.1391708043417901,none,none
wroclaw_2024_2025,30,13704,0,0,0.08692415394061044,0.0,0.13796648738887285,none,none
wroclaw_2024_2025,30,13705,0,0,0.06837927741942744,0.0,0.13821244066637783,none,none
wroclaw_2024_2025,30,13706,0,0,0.03878631544687385,0.0,0.15866994801712528,none,none
wroclaw_2024_2025,30,13707,0,0,0.03877888591766082,0.0,0.1418827174765745,none,none
wroclaw_2024_2025,30,13708,0,0,0.034454806120333796,0.0,0.14545012072299893,none,none
wroclaw_2024_2025,30,13709,0,0,0.029592961972553608,0.0,0.1392651986325157,none,none
wroclaw_2024_2025,30,13710,0,0,0.04392447129909366,0.0,0.16976520996624495,none,none
wroclaw_2024_2025,30,13711,0,0,0.053813758696409586,0.0,0.15866142231267694,none,none
wroclaw_2024_2025,30,13712,0,0,0.04459296197255361,0.0,0.1533094930183746,none,none
wroclaw_2024_2025,30,13713,0,0,0.04932407979732702,0.0,0.14594706783097464,none,none
wroclaw_2024_2025,30,13714,0,0,0.0969515971901462,0.0,0.20087166136017162,none,none
wroclaw_2024_2025,30,13715,0,0,0.08262751739281919,0.0,0.1683271741713104,none,none
wroclaw_2024_2025,30,13716,0,0,0.0823586352175926,0.0,0.18119973946673804,none,none
wroclaw_2024_2025,30,13717,0,0,0.0734067206689632,0.0,0.16289628187796426,none,none
wroclaw_2024_2025,30,13718,0,0,0.0584067206689632,0.0,0.15316932789591983,none,none
wroclaw_2024_2025,30,13719,0,0,0.04405519762210044,0.0,0.15995926455004963,none,none
wroclaw_2024_2025,30,13720,0,0,0.04405519762210044,0.0,0.18209983958366682,none,none
wroclaw_2024_2025,30,13721,0,0,0.053655589123867066,0.0,0.1810280483594202,none,none
wroclaw_2024_2025,30,13722,0,0,0.05892447129909366,0.0,0.1912060362641715,none,none
wroclaw_2024_2025,30,13723,0,0,0.058655589123867063,0.0,0.20259292632854714,none,none
wroclaw_2024_2025,30,13724,0,0,0.06419335347432023,0.0,0.182221382044078,none,none
wroclaw_2024_2025,30,13725,0,0,0.0932759943459564,0.0,0.17609098581226804,none,none
wroclaw_2024_2025,30,13726,0,0,0.08878631544687383,0.0,0.2110927083624424,none,none
wroclaw_2024_2025,30,13727,0,0,0.1125800604229607,0.0,0.19869200687864366,none,none
wroclaw_2024_2025,30,13728,0,0,0.08748936154059937,0.0,0.1800128355090749,none,none
wroclaw_2024_2025,30,13729,0,0,0.07867560284418978,0.0,0.15833779824439315,none,none
wroclaw_2024_2025,30,13730,0,0,0.0794548061203338,0.0,0.1457356899835923,none,none
wroclaw_2024_2025,30,13731,0,0,0.06905519762210043,0.0,0.1635203657278769,none,none
wroclaw_2024_2025,30,13732,0,0,0.0794548061203338,0.0,0.14118964363884284,none,none
wroclaw_2024_2025,30,13733,0,0,0.04418592394510721,0.0,0.1457068392857471,none,none
wroclaw_2024_2025,30,13734,0,0,0.04432407979732702,0.0,0.14803524804196774,none,none
wroclaw_2024_2025,30,13735,0,0,0.09286895631851001,0.0,0.15817250413957337,none,none
wroclaw_2024_2025,30,13736,0,0,0.08786895631851001,0.0,0.15384974525774042,none,none
wroclaw_2024_2025,30,13737,0,0,0.08259264461407043,0.0,0.1360836156631306,none,none
wroclaw_2024_2025,30,13738,0,0,0.05391704176988063,0.0,0.12769176152624934,none,none
wroclaw_2024_2025,30,13739,0,0,0.04418592394510721,0.0,0.1254604119379323,none,none
wroclaw_2024_2025,30,13740,0,0,0.053909612240667606,0.0,0.12628741015786424,none,none
wroclaw_2024_2025,30,13741,0,0,0.07863330053622798,0.0,0.12519856401046503,none,none
wroclaw_2024_2025,30,13742,0,0,0.06904776809288742,0.0,0.12479002421243723,none,none
wroclaw_2024_2025,30,13743,0,0,0.06905519762210043,0.0,0.1413533991271679,none,none
wroclaw_2024_2025,30,13744,0,0,0.05446223564954683,0.0,0.1302894728271714,none,none
wroclaw_2024_2025,30,13745,0,0,0.03446223564954683,0.0,0.13819340999624252,none,none
wroclaw_2024_2025,30,13746,0,0,0.04459296197255361,0.0,0.14284651441174023,none,none
wroclaw_2024_2025,30,13747,0,0,0.053683032373402814,0.0,0.16235141054596258,none,none
wroclaw_2024_2025,30,13748,0,0,0.07313783849373662,0.0,0.13991685167289075,none,none
wroclaw_2024_2025,30,13749,0,0,0.054055197622100426,0.0,0.13762613213588804,none,none
wroclaw_2024_2025,30,13750,0,0,0.058655589123867063,0.0,0.13976054569070892,none,none
wroclaw_2024_2025,30,13751,0,0,0.09273822999550323,0.0,0.1777686621270134,none,none
wroclaw_2024_2025,30,13752,0,0,0.09746934782027665,0.0,0.16657073266740188,none,none
wroclaw_2024_2025,30,13753,0,0,0.07273822999550324,0.0,0.17518565467630226,none,none
wroclaw_2024_2025,30,13754,0,0,0.08198646996889497,0.0,0.18798859947555271,none,none
wroclaw_2024_2025,30,13755,0,0,0.053544876521183,0.0,0.16536749088035055,none,none
wroclaw_2024_2025,30,13756,0,0,0.058544876521182995,0.0,0.1646124862174027,none,none
wroclaw_2024_2025,30,13757,0,0,0.0489519145486294,0.0,0.16138908615861133,none,none
wroclaw_2024_2025,30,13758,0,0,0.0489519145486294,0.0,0.15278736796210882,none,none
wroclaw_2024_2025,30,13759,0,0,0.08326856481674338,0.0,0.17151356923548233,none,none
wroclaw_2024_2025,30,13760,0,0,0.07811039524420087,0.0,0.15923818504455123,none,none
wroclaw_2024_2025,30,13761,0,0,0.05364815959465404,0.0,0.15849736320723556,none,none
wroclaw_2024_2025,30,13762,0,0,0.0047311178247734145,0.0,0.16559017131548054,none,none
wroclaw_2024_2025,30,13763,0,0,0.014462235649546828,0.0,0.19232203579541612,none,none
wroclaw_2024_2025,30,13764,0,0,0.019193353474320243,0.0,0.20336535281654153,none,none
wroclaw_2024_2025,30,13765,0,0,0.019193353474320243,0.0,0.23236826166778218,none,none
wroclaw_2024_2025,30,13766,0,0,0.03864815959465404,0.0,0.23690760122817253,none,none
wroclaw_2024_2025,30,13767,0,0,0.06864815959465405,0.0,0.25826311397555607,none,none
wroclaw_2024_2025,30,13768,0,0,0.06814526802294964,0.0,0.24018992273382458,none,none
wroclaw_2024_2025,30,13769,0,0,0.07236606474680561,0.0,0.18759445378338604,none,none
wroclaw_2024_2025,30,13770,0,0,0.10144870561844177,0.0,0.2545398073538806,none,none
wroclaw_2024_2025,30,13771,0,0,0.09179342761760367,0.0,0.2524094426047549,none,none
wroclaw_2024_2025,30,13772,0,0,0.07297966892119408,0.0,0.20480386380105806,none,none
wroclaw_2024_2025,30,13773,0,0,0.09610398361927991,0.0,0.16894510441482585,none,none
wroclaw_2024_2025,30,13774,0,0,0.09578021494498183,0.0,0.1502174181142714,none,none
wroclaw_2024_2025,30,13775,0,0,0.07314526802294964,0.0,0.17793353473785065,none,none
wroclaw_2024_2025,30,13776,0,0,0.09262751739281917,0.0,0.1623072881098762,none,none
wroclaw_2024_2025,30,13777,0,0,0.05279311649457472,0.0,0.16190611856235843,none,none
wroclaw_2024_2025,30,13778,0,0,0.038951914548629396,0.0,0.16377568209342103,none,none
wroclaw_2024_2025,30,13779,0,0,0.03919335347432024,0.0,0.15993251073102283,none,none
wroclaw_2024_2025,30,13780,0,0,0.04378631544687386,0.0,0.1677518510080063,none,none
wroclaw_2024_2025,30,13781,0,0,0.03946223564954683,0.0,0.17874442100945226,none,none
wroclaw_2024_2025,30,13782,0,0,0.08669014454413264,0.0,0.20821812983739416,none,none
wroclaw_2024_2025,30,13783,0,0,0.06300711217072981,0.0,0.2628029148991865,none,none
wroclaw_2024_2025,30,13784,0,0,0.0624967910698124,0.0,0.1789813841515596,none,none
wroclaw_2024_2025,30,13785,0,0,0.06736606474680562,0.0,0.1543775355748391,none,none
wroclaw_2024_2025,30,13786,0,0,0.024193353474320244,0.0,0.1424355008870042,none,none
wroclaw_2024_2025,30,13787,0,0,0.014861844147780192,0.0,0.1434847828241666,none,none
wroclaw_2024_2025,30,13788,0,0,0.019723688295560385,0.0,0.14740451566151377,none,none
wroclaw_2024_2025,30,13789,0,0,0.01,0.0,0.16467064548630853,none,none
wroclaw_2024_2025,30,13790,0,0,0.029082640871636176,0.0,0.18525616337854045,none,none
wroclaw_2024_2025,30,13791,0,0,0.043544876521183,0.0,0.2019027048884481,none,none
wroclaw_2024_2025,30,13792,0,0,0.04324855109642067,0.0,0.17406684025664493,none,none
wroclaw_2024_2025,30,13793,0,0,0.06669014454413263,0.0,0.15255339964230769,none,none
wroclaw_2024_2025,30,13794,0,0,0.03341415019817623,0.0,0.14718539959560276,none,none
wroclaw_2024_2025,30,13795,0,0,0.03787638584772306,0.0,0.14303608308353075,none,none
wroclaw_2024_2025,30,13796,0,0,0.10102165387067266,0.0,0.1699514366495823,none,none
wroclaw_2024_2025,30,13797,0,0,0.12523502106531562,0.0,0.19730110087403377,none,none
wroclaw_2024_2025,30,13798,0,0,0.12469725671486245,0.0,0.20302329150276988,none,none
wroclaw_2024_2025,30,13799,0,0,0.09469725671486245,0.0,0.2007356835979592,none,none
wroclaw_2024_2025,30,13800,0,0,0.08996613889008903,0.0,0.18904293710757075,none,none
wroclaw_2024_2025,30,13801,0,0,0.10426277543788032,0.0,0.18643366466662215,none,none
wroclaw_2024_2025,30,13802,0,0,0.1099386956405533,0.0,0.18066063901388266,none,none
wroclaw_2024_2025,30,13803,0,0,0.08638638959015728,0.0,0.1719928829128447,none,none
wroclaw_2024_2025,30,13804,0,0,0.06257263089374769,0.0,0.16510072503702533,none,none
wroclaw_2024_2025,30,13805,0,0,0.06679342761760367,0.0,0.15999792917634334,none,none
wroclaw_2024_2025,30,13806,0,0,0.06693158346982347,0.0,0.15153980625662858,none,none
wroclaw_2024_2025,30,13807,0,0,0.042738229995503245,0.0,0.13900603824230404,none,none
wroclaw_2024_2025,30,13808,0,0,0.0524967910698124,0.0,0.1389377452740886,none,none
wroclaw_2024_2025,30,13809,0,0,0.038544876521183005,0.0,0.14351439756912637,none,none
wroclaw_2024_2025,30,13810,0,0,0.04932407979732702,0.0,0.13709795288938187,none,none
wroclaw_2024_2025,30,13811,0,0,0.049193353474320245,0.0,0.14957154321054297,none,none
wroclaw_2024_2025,30,13812,0,0,0.05892447129909366,0.0,0.14464565905511123,none,none
wroclaw_2024_2025,30,13813,0,0,0.04419335347432025,0.0,0.16809842712194842,none,none
wroclaw_2024_2025,30,13814,0,0,0.053414150198176226,0.0,0.1605891803704406,none,none
wroclaw_2024_2025,30,13815,0,0,0.053414150198176226,0.0,0.15301125291642734,none,none
wroclaw_2024_2025,30,13816,0,0,0.04854487652118301,0.0,0.14273550324470172,none,none
wroclaw_2024_2025,30,13817,0,0,0.04881375869640959,0.0,0.1390941571140272,none,none
wroclaw_2024_2025,30,13818,0,0,0.04868303237340282,0.0,0.14063935565981966,none,none
wroclaw_2024_2025,30,13819,0,0,0.05803455542026557,0.0,0.14552848732815074,none,none
wroclaw_2024_2025,30,13820,0,0,0.058544876521182995,0.0,0.14390842002382964,none,none
wroclaw_2024_2025,30,13821,0,0,0.06789639956804576,0.0,0.13614749524671682,none,none
wroclaw_2024_2025,30,13822,0,0,0.0831378384937366,0.0,0.1355352553522867,none,none
wroclaw_2024_2025,30,13823,0,0,0.0935025742132212,0.0,0.13477448913884577,none,none
wroclaw_2024_2025,30,13824,0,0,0.0689096122406676,0.0,0.13296097142072713,none,none
wroclaw_2024_2025,30,13825,0,0,0.07390961224066761,0.0,0.12536500950504204,none,none
wroclaw_2024_2025,30,13826,0,0,0.08813040896452358,0.0,0.12293452258053385,none,none
wroclaw_2024_2025,30,13827,0,0,0.0639096122406676,0.0,0.12343484712724749,none,none
wroclaw_2024_2025,30,13828,0,0,0.09823369203799462,0.0,0.12226631381927247,none,none
wroclaw_2024_2025,30,13829,0,0,0.09364073006544099,0.0,0.12370652908116281,none,none
wroclaw_2024_2025,30,13830,0,0,0.07364073006544102,0.0,0.12286294320308738,none,none
wroclaw_2024_2025,30,13831,0,0,0.058909612240667604,0.0,0.11836246857490161,none,none
wroclaw_2024_2025,30,13832,0,0,0.06364073006544102,0.0,0.11836246857490161,none,none
wroclaw_2024_2025,30,13833,0,0,0.0689096122406676,0.0,0.11389121812676506,none,none
wroclaw_2024_2025,30,13834,0,0,0.09579279913609152,0.0,0.11833320802831375,none,none
wroclaw_2024_2025,30,13835,0,0,0.05904776809288741,0.0,0.13003907442317283,none,none
wroclaw_2024_2025,30,13836,0,0,0.034185923945107215,0.0,0.12003996474273777,none,none
wroclaw_2024_2025,30,13837,0,0,0.034185923945107215,0.0,0.12239372406757645,none,none
wroclaw_2024_2025,30,13838,0,0,0.06378631544687385,0.0,0.12221539216266457,none,none
wroclaw_2024_2025,30,13839,0,0,0.05418592394510721,0.0,0.1177992079728731,none,none
wroclaw_2024_2025,30,13840,0,0,0.07391704176988062,0.0,0.11550511916823131,none,none
wroclaw_2024_2025,30,13841,0,0,0.07418592394510722,0.0,0.11611528817217148,none,none
wroclaw_2024_2025,30,13842,0,0,0.06904776809288742,0.0,0.11511156177175011,none,none
wroclaw_2024_2025,30,13843,0,0,0.06404776809288741,0.0,0.11419020641978322,none,none
wroclaw_2024_2025,30,13844,0,0,0.048640730065441014,0.0,0.1165516824869619,none,none
wroclaw_2024_2025,30,13845,0,0,0.02946223564954683,0.0,0.12159885201532186,none,none
wroclaw_2024_2025,30,13846,0,0,0.02946223564954683,0.0,0.1284787430662733,none,none
wroclaw_2024_2025,30,13847,0,0,0.04378631544687386,0.0,0.13138444258572685,none,none
wroclaw_2024_2025,30,13848,0,0,0.04854487652118301,0.0,0.1337008041019551,none,none
wroclaw_2024_2025,30,13849,0,0,0.029723688295560383,0.0,0.1353215962138123,none,none
wroclaw_2024_2025,30,13850,0,0,0.034454806120333796,0.0,0.1356009268666924,none,none
wroclaw_2024_2025,30,13851,0,0,0.058137838493736604,0.0,0.1317218905869551,none,none
wroclaw_2024_2025,30,13852,0,0,0.08286895631851002,0.0,0.13498556300395806,none,none
wroclaw_2024_2025,30,13853,0,0,0.043544876521183,0.0,0.13933126180773253,none,none
wroclaw_2024_2025,30,13854,0,0,0.019592961972553606,0.0,0.13740250930456333,none,none
wroclaw_2024_2025,30,13855,0,0,0.014592961972553607,0.0,0.15689062245190155,none,none
wroclaw_2024_2025,30,13856,0,0,0.005,0.0,0.1801079155363234,none,none
wroclaw_2024_2025,30,13857,0,0,0.005,0.0,0.21019600522882215,none,none
wroclaw_2024_2025,30,13858,0,0,0.005,0.0,0.21373860359118704,none,none
wroclaw_2024_2025,30,13859,0,0,0.01,0.0,0.2521115331920348,none,none
wroclaw_2024_2025,30,13860,0,0,0.005,0.0,0.25520713607701023,none,none
wroclaw_2024_2025,30,13861,0,0,0.015,0.0,0.2674134178447795,none,none
wroclaw_2024_2025,30,13862,0,0,0.028951914548629398,0.0,0.2648008725233152,none,none
wroclaw_2024_2025,30,13863,0,0,0.028951914548629398,0.0,0.25131167635054785,none,none
wroclaw_2024_2025,30,13864,0,0,0.028951914548629398,0.0,0.24935042145339834,none,none
wroclaw_2024_2025,30,13865,0,0,0.03368303237340281,0.0,0.24889755479903528,none,none
wroclaw_2024_2025,30,13866,0,0,0.02446223564954683,0.0,0.2443261787192856,none,none
wroclaw_2024_2025,30,13867,0,0,0.024193353474320244,0.0,0.26066315043463606,none,none
wroclaw_2024_2025,30,13868,0,0,0.023924471299093655,0.0,0.24656707184574567,none,none
wroclaw_2024_2025,30,13869,0,0,0.028924471299093656,0.0,0.2769573629192696,none,none
wroclaw_2024_2025,30,13870,0,0,0.04864815959465405,0.0,0.30947938675779774,none,none
wroclaw_2024_2025,30,13871,0,0,0.05337927741942746,0.0,0.2621163963613412,none,none
wroclaw_2024_2025,30,13872,0,0,0.05337927741942746,0.0,0.25649332109333023,none,none
wroclaw_2024_2025,30,13873,0,0,0.04404776809288741,0.0,0.25467263989853006,none,none
wroclaw_2024_2025,30,13874,0,0,0.0390477680928874,0.0,0.25679945295540985,none,none
wroclaw_2024_2025,30,13875,0,0,0.03431665026811399,0.0,0.26026666390761394,none,none
wroclaw_2024_2025,30,13876,0,0,0.02931665026811399,0.0,0.26648356684293,none,none
wroclaw_2024_2025,30,13877,0,0,0.034185923945107215,0.0,0.26217879708297637,none,none
wroclaw_2024_2025,30,13878,0,0,0.06259264461407042,0.0,0.2590217669899044,none,none
wroclaw_2024_2025,30,13879,0,0,0.07273080046629023,0.0,0.27045757656825664,none,none
wroclaw_2024_2025,30,13880,0,0,0.09136543626529348,0.0,0.2572396902515137,none,none
wroclaw_2024_2025,30,13881,0,0,0.05880632916719657,0.0,0.2119886213730219,none,none
wroclaw_2024_2025,30,13882,0,0,0.04404776809288741,0.0,0.21919701322621835,none,none
wroclaw_2024_2025,30,13883,0,0,0.02946223564954683,0.0,0.25009520040001126,none,none
wroclaw_2024_2025,30,13884,0,0,0.034193353474320246,0.0,0.22968049112964173,none,none
wroclaw_2024_2025,30,13885,0,0,0.03919335347432024,0.0,0.22040431443691802,none,none
wroclaw_2024_2025,30,13886,0,0,0.04419335347432025,0.0,0.20567885437147332,none,none
wroclaw_2024_2025,30,13887,0,0,0.04840672066896319,0.0,0.2058335791884761,none,none
wroclaw_2024_2025,30,13888,0,0,0.044454806120333805,0.0,0.23060555277151765,none,none
wroclaw_2024_2025,30,13889,0,0,0.06404776809288741,0.0,0.17275945411060414,none,none
wroclaw_2024_2025,30,13890,0,0,0.06877888591766082,0.0,0.17362778950483646,none,none
wroclaw_2024_2025,30,13891,0,0,0.0831378384937366,0.0,0.17189026030153481,none,none
wroclaw_2024_2025,30,13892,0,0,0.09324112156720764,0.0,0.17687596708480388,none,none
wroclaw_2024_2025,30,13893,0,0,0.07377888591766082,0.0,0.18442962331753443,none,none
wroclaw_2024_2025,30,13894,0,0,0.07418592394510722,0.0,0.20795692555018033,none,none
wroclaw_2024_2025,30,13895,0,0,0.07418592394510722,0.0,0.2069407131179518,none,none
wroclaw_2024_2025,30,13896,0,0,0.1335025742132212,0.0,0.19426401210208546,none,none
wroclaw_2024_2025,30,13897,0,0,0.1187714563884478,0.0,0.1895418609544533,none,none
wroclaw_2024_2025,30,13898,0,0,0.11801969636183954,0.0,0.18983349610723063,none,none
wroclaw_2024_2025,30,13899,0,0,0.07353744699196998,0.0,0.1910149476842198,none,none
wroclaw_2024_2025,30,13900,0,0,0.0439519145486294,0.0,0.18535950937420095,none,none
wroclaw_2024_2025,30,13901,0,0,0.05763494692203221,0.0,0.19356485386392325,none,none
wroclaw_2024_2025,30,13902,0,0,0.05787638584772305,0.0,0.2051304442945843,none,none
wroclaw_2024_2025,30,13903,0,0,0.048248551096420685,0.0,0.215207826393904,none,none
wroclaw_2024_2025,30,13904,0,0,0.028683032373402813,0.0,0.2077391106631235,none,none
wroclaw_2024_2025,30,13905,0,0,0.057338621497269884,0.0,0.19565604299288264,none,none
wroclaw_2024_2025,30,13906,0,0,0.023683032373402812,0.0,0.1781523230505831,none,none
wroclaw_2024_2025,30,13907,0,0,0.028414150198176228,0.0,0.18683494764573086,none,none
wroclaw_2024_2025,30,13908,0,0,0.028414150198176228,0.0,0.188377796761231,none,none
wroclaw_2024_2025,30,13909,0,0,0.028414150198176228,0.0,0.1954522048036705,none,none
wroclaw_2024_2025,30,13910,0,0,0.029055197622100435,0.0,0.1883585514539663,none,none
wroclaw_2024_2025,30,13911,0,0,0.023951914548629397,0.0,0.20295185601846158,none,none
wroclaw_2024_2025,30,13912,0,0,0.024220796723855985,0.0,0.20131213660125283,none,none
wroclaw_2024_2025,30,13913,0,0,0.023951914548629397,0.0,0.1869837890493857,none,none
wroclaw_2024_2025,30,13914,0,0,0.013710475622938555,0.0,0.20979522640248346,none,none
wroclaw_2024_2025,30,13915,0,0,0.013710475622938555,0.0,0.20097661472665496,none,none
wroclaw_2024_2025,30,13916,0,0,0.0524209512458771,0.0,0.21412695657561437,none,none
wroclaw_2024_2025,30,13917,0,0,0.06329600806627914,0.0,0.2234306638485907,none,none
wroclaw_2024_2025,30,13918,0,0,0.06367560284418979,0.0,0.18051096922346702,none,none
wroclaw_2024_2025,30,13919,0,0,0.07894448501941637,0.0,0.19469976347400592,none,none
wroclaw_2024_2025,30,13920,0,0,0.014592961972553607,0.0,0.1571175056649778,none,none
wroclaw_2024_2025,30,13921,0,0,0.06314526802294963,0.0,0.15106627123324806,none,none
wroclaw_2024_2025,30,13922,0,0,0.06733119196805686,0.0,0.14368379034525336,none,none
wroclaw_2024_2025,30,13923,0,0,0.05684831411667517,0.0,0.14492105870014904,none,none
wroclaw_2024_2025,30,13924,0,0,0.0815319749715901,0.0,0.13636313161035465,none,none
wroclaw_2024_2025,30,13925,0,0,0.08104909712020843,0.0,0.14014247235505203,none,none
wroclaw_2024_2025,30,13926,0,0,0.08120726669275095,0.0,0.14651122426479524,none,none
wroclaw_2024_2025,30,13927,0,0,0.09537317691753543,0.0,0.13324857887547195,none,none
wroclaw_2024_2025,30,13928,0,0,0.09129053604589926,0.0,0.13810734316454273,none,none
wroclaw_2024_2025,30,13929,0,0,0.0766627012945969,0.0,0.13948356745088172,none,none
wroclaw_2024_2025,30,13930,0,0,0.06720046564505006,0.0,0.13904235885826613,none,none
wroclaw_2024_2025,30,13931,0,0,0.07706973932204328,0.0,0.126486267427275,none,none
wroclaw_2024_2025,30,13932,0,0,0.04868303237340282,0.0,0.12858287224035123,none,none
wroclaw_2024_2025,30,13933,0,0,0.08746191829106363,0.0,0.1245388213869094,none,none
wroclaw_2024_2025,30,13934,0,0,0.11681344133792639,0.0,0.13819625081959025,none,none
wroclaw_2024_2025,30,13935,0,0,0.10692415394061046,0.0,0.13910473367528559,none,none
wroclaw_2024_2025,30,13936,0,0,0.09706230979283026,0.0,0.1427441941997069,none,none
wroclaw_2024_2025,30,13937,0,0,0.08230374871852111,0.0,0.1365219852724479,none,none
wroclaw_2024_2025,30,13938,0,0,0.08168271501491961,0.0,0.1396395282731995,none,none
wroclaw_2024_2025,30,13939,0,0,0.07706230979283026,0.0,0.14356704339178608,none,none
wroclaw_2024_2025,30,13940,0,0,0.07284151306897428,0.0,0.12993268247933498,none,none
wroclaw_2024_2025,30,13941,0,0,0.06257263089374769,0.0,0.1426562094132106,none,none
wroclaw_2024_2025,30,13942,0,0,0.04338670694864048,0.0,0.14484512104797048,none,none
wroclaw_2024_2025,30,13943,0,0,0.049055197622100435,0.0,0.1416996023094591,none,none
wroclaw_2024_2025,30,13944,0,0,0.05337927741942746,0.0,0.13960656367476457,none,none
wroclaw_2024_2025,30,13945,0,0,0.06324855109642068,0.0,0.13302446755398775,none,none
wroclaw_2024_2025,30,13946,0,0,0.05419335347432025,0.0,0.13414783754560516,none,none
wroclaw_2024_2025,30,13947,0,0,0.06365558912386707,0.0,0.14502050190656793,none,none
wroclaw_2024_2025,30,13948,0,0,0.0774419045707409,0.0,0.14617780577511938,none,none
wroclaw_2024_2025,30,13949,0,0,0.09521500734499291,0.0,0.1509565803052598,none,none
wroclaw_2024_2025,30,13950,0,0,0.07233862149726988,0.0,0.15022248680675138,none,none
wroclaw_2024_2025,30,13951,0,0,0.043145268022949636,0.0,0.14789120105132242,none,none
wroclaw_2024_2025,30,13952,0,0,0.028683032373402813,0.0,0.15932434185328503,none,none
wroclaw_2024_2025,30,13953,0,0,0.0189519145486294,0.0,0.17229546200055398,none,none
wroclaw_2024_2025,30,13954,0,0,0.013951914548629398,0.0,0.19173816004842392,none,none
wroclaw_2024_2025,30,13955,0,0,0.013951914548629398,0.0,0.20502899917484216,none,none
wroclaw_2024_2025,30,13956,0,0,0.01868303237340281,0.0,0.22501425628164143,none,none
wroclaw_2024_2025,30,13957,0,0,0.009462235649546829,0.0,0.21833716677397735,none,none
wroclaw_2024_2025,30,13958,0,0,0.01868303237340281,0.0,0.24764242968861622,none,none
wroclaw_2024_2025,30,13959,0,0,0.024193353474320244,0.0,0.22488115015658272,none,none
wroclaw_2024_2025,30,13960,0,0,0.023924471299093655,0.0,0.2307286600283177,none,none
wroclaw_2024_2025,30,13961,0,0,0.024193353474320244,0.0,0.23718592625436952,none,none
wroclaw_2024_2025,30,13962,0,0,0.023683032373402812,0.0,0.22813462623934708,none,none
wroclaw_2024_2025,30,13963,0,0,0.014462235649546828,0.0,0.22828401128815856,none,none
wroclaw_2024_2025,30,13964,0,0,0.019193353474320243,0.0,0.20868229440822836,none,none
wroclaw_2024_2025,30,13965,0,0,0.024185923945107213,0.0,0.1966670502331401,none,none
wroclaw_2024_2025,30,13966,0,0,0.05853744699196998,0.0,0.21425785348965706,none,none
wroclaw_2024_2025,30,13967,0,0,0.06657943194144858,0.0,0.2259726619585341,none,none
wroclaw_2024_2025,30,13968,0,0,0.028414150198176228,0.0,0.23363363298682585,none,none
wroclaw_2024_2025,30,13969,0,0,0.061559418221125865,0.0,0.16810783081164216,none,none
wroclaw_2024_2025,30,13970,0,0,0.058145268022949635,0.0,0.16300792806031364,none,none
wroclaw_2024_2025,30,13971,0,0,0.06290382909725879,0.0,0.17353703364600867,none,none
wroclaw_2024_2025,30,13972,0,0,0.06746934782027665,0.0,0.14110890700070164,none,none
wroclaw_2024_2025,30,13973,1,0,0.023924471299093655,0.1,0.14512542743857657,rain,none
wroclaw_2024_2025,30,13974,1,0,0.06284894259818731,0.2,0.13511049367820477,rain,none
wroclaw_2024_2025,30,13975,1,0,0.009462235649546829,0.1,0.2136918415886566,rain,none
wroclaw_2024_2025,30,13976,0,0,0.023172711272485384,0.0,0.3182559442030135,none,none
wroclaw_2024_2025,30,13977,0,0,0.10954557706699188,0.0,0.2686675729466612,none,none
wroclaw_2024_2025,30,13978,0,0,0.014193353474320243,0.0,0.2299254575901747,none,none
wroclaw_2024_2025,30,13979,0,0,0.0,0.0,0.19274639086603695,none,none
wroclaw_2024_2025,30,13980,0,0,0.0,0.0,0.16663653630100653,none,none
wroclaw_2024_2025,30,13981,0,0,0.0,0.0,0.15804099932478596,none,none
wroclaw_2024_2025,30,13982,0,0,0.013951914548629398,0.0,0.17722111265453122,none,none
wroclaw_2024_2025,30,13983,0,0,0.009462235649546829,0.0,0.1749562227021273,none,none
wroclaw_2024_2025,30,13984,0,0,0.009731117824773414,0.0,0.17927114297782945,none,none
wroclaw_2024_2025,30,13985,0,0,0.038710475622938556,0.0,0.1761696720384093,none,none
wroclaw_2024_2025,30,13986,0,0,0.03817271127248538,0.0,0.1898815249894279,none,none
wroclaw_2024_2025,30,13987,0,0,0.05824855109642067,0.0,0.16351841955140348,none,none
wroclaw_2024_2025,30,13988,0,0,0.04418592394510721,0.0,0.1498548018170537,none,none
wroclaw_2024_2025,30,13989,0,0,0.12179342761760367,0.0,0.16715991922820345,none,none
wroclaw_2024_2025,30,13990,0,0,0.14074534216623305,0.0,0.20243015462356745,none,none
wroclaw_2024_2025,30,13991,0,0,0.10720046564505006,0.0,0.17935752560825802,none,none
wroclaw_2024_2025,30,13992,0,0,0.11276567324503897,0.0,0.1587849951700741,none,none
wroclaw_2024_2025,30,13993,0,0,0.0923586352175926,0.0,0.14341483473349256,none,none
wroclaw_2024_2025,30,13994,0,0,0.05827599434595642,0.0,0.14331020695212943,none,none
wroclaw_2024_2025,30,13995,0,0,0.04854487652118301,0.0,0.1365182043140337,none,none
wroclaw_2024_2025,30,13996,0,0,0.053544876521183005,0.0,0.13419763053609218,none,none
wroclaw_2024_2025,30,13997,0,0,0.04392447129909366,0.0,0.13778057454287732,none,none
wroclaw_2024_2025,30,13998,0,0,0.07739350799634137,0.0,0.14242421718257595,none,none
wroclaw_2024_2025,30,13999,0,0,0.07327599434595643,0.0,0.1488576316712294,none,none
wroclaw_2024_2025,30,14000,0,0,0.04419335347432025,0.0,0.13815766680300967,none,none
wroclaw_2024_2025,30,14001,0,0,0.014462235649546828,0.0,0.13430187784320774,none,none
wroclaw_2024_2025,30,14002,0,0,0.02946223564954683,0.0,0.14534760505852784,none,none
wroclaw_2024_2025,30,14003,0,0,0.02446223564954683,0.0,0.13528763817197434,none,none
wroclaw_2024_2025,30,14004,0,0,0.019193353474320243,0.0,0.1308926829218653,none,none
wroclaw_2024_2025,30,14005,0,0,0.03392447129909366,0.0,0.13456477662763056,none,none
wroclaw_2024_2025,30,14006,0,0,0.06392447129909366,0.0,0.14890040380769104,none,none
wroclaw_2024_2025,30,14007,0,0,0.06854487652118302,0.0,0.1586954241885703,none,none
wroclaw_2024_2025,30,14008,0,0,0.034731117824773415,0.0,0.14261553275361916,none,none
wroclaw_2024_2025,30,14009,0,0,0.014731117824773415,0.0,0.12999132590290813,none,none
wroclaw_2024_2025,30,14010,0,0,0.014462235649546828,0.0,0.12216024971612212,none,none
wroclaw_2024_2025,30,14011,0,0,0.009861844147780192,0.0,0.1446796633422869,none,none
wroclaw_2024_2025,30,14012,0,0,0.019351523046862763,0.0,0.1271852448438589,none,none
wroclaw_2024_2025,30,14013,0,0,0.019220796723855984,0.0,0.1209963229780492,none,none
wroclaw_2024_2025,30,14014,0,0,0.019592961972553606,0.0,0.1416350587544048,none,none
wroclaw_2024_2025,30,14015,0,0,0.005,0.0,0.12094443156218682,none,none
wroclaw_2024_2025,30,14016,0,0,0.005,0.0,0.11964290994540829,none,none
wroclaw_2024_2025,30,14017,0,0,0.009861844147780192,0.0,0.11303755946125492,none,none
wroclaw_2024_2025,30,14018,0,0,0.0194548061203338,0.0,0.11738998856414078,none,none
wroclaw_2024_2025,30,14019,0,0,0.009861844147780192,0.0,0.11306668145023711,none,none
wroclaw_2024_2025,30,14020,0,0,0.014592961972553607,0.0,0.1117354594380352,none,none
wroclaw_2024_2025,30,14021,0,0,0.014592961972553607,0.0,0.11294528766356746,none,none
wroclaw_2024_2025,30,14022,0,0,0.0194548061203338,0.0,0.11930615761446775,none,none
wroclaw_2024_2025,30,14023,0,0,0.02431665026811399,0.0,0.11278168202116512,none,none
wroclaw_2024_2025,30,14024,0,0,0.029178494415894183,0.0,0.11339281751529838,none,none
wroclaw_2024_2025,30,14025,0,0,0.0194548061203338,0.0,0.11393115785509043,none,none
wroclaw_2024_2025,30,14026,0,0,0.029213367194642955,0.0,0.12124834454336259,none,none
wroclaw_2024_2025,30,14027,0,0,0.01986184414778019,0.0,0.11891910095324655,none,none
wroclaw_2024_2025,30,14028,0,0,0.028683032373402813,0.0,0.11942600149806518,none,none
wroclaw_2024_2025,30,14029,0,0,0.024082640871636175,0.0,0.12099144567458402,none,none
wroclaw_2024_2025,30,14030,0,0,0.0334067206689632,0.0,0.12924630359033915,none,none
wroclaw_2024_2025,30,14031,0,0,0.014861844147780192,0.0,0.11442331028249417,none,none
wroclaw_2024_2025,30,14032,0,0,0.01,0.0,0.11876357632243198,none,none
wroclaw_2024_2025,30,14033,0,0,0.024351523046862764,0.0,0.10874304031602636,none,none
wroclaw_2024_2025,30,14034,0,0,0.029213367194642955,0.0,0.11830637793901178,none,none
wroclaw_2024_2025,30,14035,0,0,0.029592961972553608,0.0,0.12209131835200136,none,none
wroclaw_2024_2025,30,14036,0,0,0.009861844147780192,0.0,0.1393479114331446,none,none
wroclaw_2024_2025,30,14037,0,0,0.0,0.0,0.13942960354316142,none,none
wroclaw_2024_2025,30,14038,0,0,0.0,0.0,0.1537068145048011,none,none
wroclaw_2024_2025,30,14039,0,0,0.0047311178247734145,0.0,0.1829315464354418,none,none
wroclaw_2024_2025,30,14040,0,0,0.009731117824773414,0.0,0.21685038092221398,none,none
wroclaw_2024_2025,30,14041,0,0,0.009462235649546829,0.0,0.2141423838862975,none,none
wroclaw_2024_2025,30,14042,0,0,0.0047311178247734145,0.0,0.21932467246726411,none,none
wroclaw_2024_2025,30,14043,0,0,0.0,0.0,0.2186203827826572,none,none
wroclaw_2024_2025,30,14044,0,0,0.0,0.0,0.21071054504074233,none,none
wroclaw_2024_2025,30,14045,0,0,0.0,0.0,0.22565845991879185,none,none
wroclaw_2024_2025,30,14046,0,0,0.0047311178247734145,0.0,0.24729682044725662,none,none
wroclaw_2024_2025,30,14047,0,0,0.0047311178247734145,0.0,0.24761241626227334,none,none
wroclaw_2024_2025,30,14048,0,0,0.009731117824773414,0.0,0.25352776899961016,none,none
wroclaw_2024_2025,30,14049,0,0,0.033917041769880626,0.0,0.2702057214374484,none,none
wroclaw_2024_2025,30,14050,0,0,0.15049647371132918,0.0,0.293525155056022,none,none
wroclaw_2024_2025,30,14051,0,0,0.1626349469220322,0.0,0.3009707641006294,none,none
wroclaw_2024_2025,30,14052,0,0,0.08287638584772304,0.0,0.27376622324067895,none,none
wroclaw_2024_2025,30,14053,0,0,0.08276567324503897,0.0,0.1902508172074827,none,none
wroclaw_2024_2025,30,14054,0,0,0.06776567324503897,0.0,0.17894841112526558,none,none
wroclaw_2024_2025,30,14055,0,0,0.0395929619725536,0.0,0.16172659833332143,none,none
wroclaw_2024_2025,30,14056,0,0,0.04932407979732702,0.0,0.16089411057937222,none,none
wroclaw_2024_2025,30,14057,0,0,0.07919335347432023,0.0,0.16259661191163555,none,none
wroclaw_2024_2025,30,14058,0,0,0.11131797929543501,0.0,0.1553828430847321,none,none
wroclaw_2024_2025,30,14059,0,0,0.07580765819451757,0.0,0.15373261393418333,none,none
wroclaw_2024_2025,30,14060,0,0,0.03354487652118301,0.0,0.15451350495294028,none,none
wroclaw_2024_2025,30,14061,0,0,0.01932407979732702,0.0,0.14896208918989465,none,none
wroclaw_2024_2025,30,14062,0,0,0.03787638584772306,0.0,0.16254983411750815,none,none
wroclaw_2024_2025,30,14063,0,0,0.01881375869640959,0.0,0.17566041370563917,none,none
wroclaw_2024_2025,30,14064,0,0,0.02378631544687385,0.0,0.15184264578090312,none,none
wroclaw_2024_2025,30,14065,0,0,0.029082640871636176,0.0,0.14533613984680904,none,none
wroclaw_2024_2025,30,14066,0,0,0.043172711272485384,0.0,0.15365214991194123,none,none
wroclaw_2024_2025,30,14067,0,0,0.014462235649546828,0.0,0.1619873024555659,none,none
wroclaw_2024_2025,30,14068,0,0,0.009462235649546829,0.0,0.15869256962058848,none,none
wroclaw_2024_2025,30,14069,0,0,0.0047311178247734145,0.0,0.17271579276817906,none,none
wroclaw_2024_2025,30,14070,0,0,0.0047311178247734145,0.0,0.18817785823039745,none,none
wroclaw_2024_2025,30,14071,0,0,0.0047311178247734145,0.0,0.21069416981285186,none,none
wroclaw_2024_2025,30,14072,0,0,0.0,0.0,0.21264806242375514,none,none
wroclaw_2024_2025,30,14073,0,0,0.0,0.0,0.22153860977434284,none,none
wroclaw_2024_2025,30,14074,0,0,0.005,0.0,0.22019373591419386,none,none
wroclaw_2024_2025,30,14075,0,0,0.0,0.0,0.2253808266589454,none,none
wroclaw_2024_2025,30,14076,0,0,0.0,0.0,0.2226027826051242,none,none
wroclaw_2024_2025,30,14077,0,0,0.0,0.0,0.21466613763393852,none,none
wroclaw_2024_2025,30,14078,0,0,0.0,0.0,0.21407911412116873,none,none
wroclaw_2024_2025,30,14079,0,0,0.0,0.0,0.23415073219961718,none,none
wroclaw_2024_2025,30,14080,0,0,0.0,0.0,0.24324804853392235,none,none
wroclaw_2024_2025,30,14081,0,0,0.0,0.0,0.22615809810443144,none,none
wroclaw_2024_2025,30,14082,0,0,0.0,0.0,0.18215547522084005,none,none
wroclaw_2024_2025,30,14083,0,0,0.00448967889908257,0.0,0.18666944052259135,none,none
wroclaw_2024_2025,30,14084,0,0,0.00948967889908257,0.0,0.2144256329125743,none,none
wroclaw_2024_2025,30,14085,0,0,0.00948967889908257,0.0,0.20464809582334542,none,none
wroclaw_2024_2025,30,14086,0,0,0.005,0.0,0.21201800238237156,none,none
wroclaw_2024_2025,30,14087,0,0,0.00948967889908257,0.0,0.18880750103297553,none,none
wroclaw_2024_2025,30,14088,0,0,0.0047311178247734145,0.0,0.18840888671763173,none,none
wroclaw_2024_2025,30,14089,0,0,0.005,0.0,0.1733166873488255,none,none
wroclaw_2024_2025,30,14090,0,0,0.00448967889908257,0.0,0.16978772211473775,none,none
wroclaw_2024_2025,30,14091,0,0,0.005,0.0,0.16128212602128777,none,none
wroclaw_2024_2025,30,14092,0,0,0.009220796723855984,0.0,0.1529978859242119,none,none
wroclaw_2024_2025,30,14093,0,0,0.0047311178247734145,0.0,0.14584235136028334,none,none
wroclaw_2024_2025,30,14094,0,0,0.008979357798165138,0.0,0.14967749447798967,none,none
wroclaw_2024_2025,30,14095,0,0,0.004489678899082568,0.0,0.1412450441093642,none,none
wroclaw_2024_2025,30,14096,0,0,0.004489678899082568,0.0,0.14269187247930396,none,none
wroclaw_2024_2025,30,14097,0,0,0.00448967889908257,0.0,0.13934022753861505,none,none
wroclaw_2024_2025,30,14098,0,0,0.0,0.0,0.13663542310899934,none,none
wroclaw_2024_2025,30,14099,0,0,0.00948967889908257,0.0,0.1392092097538804,none,none
wroclaw_2024_2025,30,14100,0,0,0.0,0.0,0.13050938503658718,none,none
wroclaw_2024_2025,30,14101,0,0,0.0,0.0,0.139028964712219,none,none
wroclaw_2024_2025,30,14102,0,0,0.009731117824773414,0.0,0.1370628467478881,none,none
wroclaw_2024_2025,30,14103,0,0,0.0,0.0,0.12557432223522996,none,none
wroclaw_2024_2025,30,14104,0,0,0.005,0.0,0.12777108426494715,none,none
wroclaw_2024_2025,30,14105,0,0,0.00448967889908257,0.0,0.13652357043583413,none,none
wroclaw_2024_2025,30,14106,0,0,0.005,0.0,0.1393130499979986,none,none
wroclaw_2024_2025,30,14107,0,0,0.005,0.0,0.138793873498888,none,none
wroclaw_2024_2025,30,14108,0,0,0.005,0.0,0.13740910685100513,none,none
wroclaw_2024_2025,30,14109,0,0,0.0047311178247734145,0.0,0.12874812019473675,none,none
wroclaw_2024_2025,30,14110,0,0,0.014731117824773415,0.0,0.12328363287353082,none,none
wroclaw_2024_2025,30,14111,0,0,0.0,0.0,0.11783178126586552,none,none
wroclaw_2024_2025,30,14112,0,0,0.01,0.0,0.11997287040932915,none,none
wroclaw_2024_2025,30,14113,0,0,0.01,0.0,0.1193063075757103,none,none
wroclaw_2024_2025,30,14114,0,0,0.009731117824773414,0.0,0.12049666659829944,none,none
wroclaw_2024_2025,30,14115,0,0,0.0,0.0,0.12753352836713444,none,none
wroclaw_2024_2025,30,14116,0,0,0.0,0.0,0.12349398587845808,none,none
wroclaw_2024_2025,30,14117,0,0,0.005,0.0,0.13730596100169432,none,none
wroclaw_2024_2025,30,14118,0,0,0.024731117824773413,0.0,0.13486763757311573,none,none
wroclaw_2024_2025,30,14119,0,0,0.019731117824773416,0.0,0.13201385244035316,none,none
wroclaw_2024_2025,30,14120,0,0,0.014731117824773415,0.0,0.1299150545529209,none,none
wroclaw_2024_2025,30,14121,0,0,0.014731117824773415,0.0,0.13223802399314918,none,none
wroclaw_2024_2025,30,14122,0,0,0.009731117824773414,0.0,0.1328724363341249,none,none
wroclaw_2024_2025,30,14123,0,0,0.0047311178247734145,0.0,0.13373610599171323,none,none
wroclaw_2024_2025,30,14124,0,0,0.009731117824773414,0.0,0.12323409161205535,none,none
wroclaw_2024_2025,30,14125,0,0,0.009731117824773414,0.0,0.1290096899332844,none,none
wroclaw_2024_2025,30,14126,0,0,0.019592961972553606,0.0,0.12743906942825306,none,none
wroclaw_2024_2025,30,14127,0,0,0.014592961972553607,0.0,0.12952602783976455,none,none
wroclaw_2024_2025,30,14128,0,0,0.019592961972553606,0.0,0.13976961591239062,none,none
wroclaw_2024_2025,30,14129,0,0,0.014592961972553607,0.0,0.13448136945543662,none,none
wroclaw_2024_2025,30,14130,0,0,0.01932407979732702,0.0,0.13145374850529648,none,none
wroclaw_2024_2025,30,14131,0,0,0.01432407979732702,0.0,0.12478677248110487,none,none
wroclaw_2024_2025,30,14132,0,0,0.009462235649546829,0.0,0.12892257863105513,none,none
wroclaw_2024_2025,30,14133,0,0,0.014462235649546828,0.0,0.14280053050785488,none,none
wroclaw_2024_2025,30,14134,0,0,0.0047311178247734145,0.0,0.14486216277221528,none,none
wroclaw_2024_2025,30,14135,0,0,0.014462235649546828,0.0,0.14148090907462027,none,none
wroclaw_2024_2025,30,14136,0,0,0.005,0.0,0.14709497709868516,none,none
wroclaw_2024_2025,30,14137,0,0,0.005,0.0,0.1624874339612636,none,none
wroclaw_2024_2025,30,14138,0,0,0.0047311178247734145,0.0,0.1876650483314089,none,none
wroclaw_2024_2025,30,14139,0,0,0.0,0.0,0.21978375047813228,none,none
wroclaw_2024_2025,30,14140,0,0,0.0,0.0,0.2228958587531839,none,none
wroclaw_2024_2025,30,14141,0,0,0.0047311178247734145,0.0,0.22726532436158758,none,none
wroclaw_2024_2025,30,14142,0,0,0.009462235649546829,0.0,0.23002042872892586,none,none
wroclaw_2024_2025,30,14143,0,0,0.0047311178247734145,0.0,0.23423427008167066,none,none
wroclaw_2024_2025,30,14144,0,0,0.0047311178247734145,0.0,0.2355631586030704,none,none
wroclaw_2024_2025,30,14145,0,0,0.0047311178247734145,0.0,0.2202823862868231,none,none
wroclaw_2024_2025,30,14146,0,0,0.0,0.0,0.21514660445151415,none,none
wroclaw_2024_2025,30,14147,0,0,0.0,0.0,0.23431951013242,none,none
wroclaw_2024_2025,30,14148,0,0,0.0,0.0,0.23637099605264156,none,none
wroclaw_2024_2025,30,14149,0,0,0.004861844147780192,0.0,0.22419376490346532,none,none
wroclaw_2024_2025,30,14150,0,0,0.0,0.0,0.2508532421683396,none,none
wroclaw_2024_2025,30,14151,0,0,0.009462235649546829,0.0,0.24163640050448396,none,none
wroclaw_2024_2025,30,14152,0,0,0.009462235649546829,0.0,0.2359722837306552,none,none
wroclaw_2024_2025,30,14153,0,0,0.014462235649546828,0.0,0.2295344068628151,none,none
wroclaw_2024_2025,30,14154,0,0,0.014462235649546828,0.0,0.22215665882889382,none,none
wroclaw_2024_2025,30,14155,0,0,0.0047311178247734145,0.0,0.22989808022113756,none,none
wroclaw_2024_2025,30,14156,0,0,0.0047311178247734145,0.0,0.22615828952618763,none,none
wroclaw_2024_2025,30,14157,0,0,0.0047311178247734145,0.0,0.23581537675401815,none,none
wroclaw_2024_2025,30,14158,0,0,0.0047311178247734145,0.0,0.23391121468280676,none,none
wroclaw_2024_2025,30,14159,0,0,0.0,0.0,0.23369577615691084,none,none
wroclaw_2024_2025,30,14160,0,0,0.0,0.0,0.23369577615691084,none,none
wroclaw_2024_2025,30,14161,0,0,0.0,0.0,0.23175942992441811,none,none
wroclaw_2024_2025,30,14162,0,0,0.0,0.0,0.23334275127783913,none,none
wroclaw_2024_2025,30,14163,0,0,0.0,0.0,0.22857508820866626,none,none
wroclaw_2024_2025,30,14164,0,0,0.0,0.0,0.22961604109682793,none,none
wroclaw_2024_2025,30,14165,0,0,0.0,0.0,0.2242710398221144,none,none
wroclaw_2024_2025,30,14166,0,0,0.005,0.0,0.2186213530246621,none,none
wroclaw_2024_2025,30,14167,0,0,0.019731117824773416,0.0,0.21626854206555007,none,none
wroclaw_2024_2025,30,14168,0,0,0.014731117824773415,0.0,0.20797897416937594,none,none
wroclaw_2024_2025,30,14169,0,0,0.019731117824773416,0.0,0.21509177966513623,none,none
wroclaw_2024_2025,30,14170,0,0,0.019731117824773416,0.0,0.2208444015523834,none,none
wroclaw_2024_2025,30,14171,0,0,0.019731117824773416,0.0,0.22706533200702841,none,none
wroclaw_2024_2025,30,14172,0,0,0.029592961972553608,0.0,0.22862978182019641,none,none
wroclaw_2024_2025,30,14173,0,0,0.029592961972553608,0.0,0.24423519643289493,none,none
wroclaw_2024_2025,30,14174,0,0,0.029592961972553608,0.0,0.2984185166750628,none,none
wroclaw_2024_2025,30,14175,0,0,0.04905519762210043,0.0,0.2916979595064578,none,none
wroclaw_2024_2025,30,14176,0,0,0.0839096122406676,0.0,0.2798837331317118,none,none
wroclaw_2024_2025,30,14177,0,0,0.10772337093707719,0.0,0.29061387678915607,none,none
wroclaw_2024_2025,30,14178,0,0,0.1127308004662902,0.0,0.27218613289554816,none,none
wroclaw_2024_2025,30,14179,0,0,0.11826113528753038,0.0,0.19248791603178786,none,none
wroclaw_2024_2025,30,14180,0,0,0.107861526789297,0.0,0.18300142874379613,none,none
wroclaw_2024_2025,30,14181,0,0,0.09866817331497676,0.0,0.16711896021078124,none,none
wroclaw_2024_2025,30,14182,0,0,0.09788897003883275,0.0,0.1710960276266711,none,none
wroclaw_2024_2025,30,14183,0,0,0.12720562030694674,0.0,0.1666742525216109,none,none
wroclaw_2024_2025,30,14184,0,0,0.10390218271145459,0.0,0.17596496139509252,none,none
wroclaw_2024_2025,30,14185,0,0,0.1084951446840082,0.0,0.1809798390834403,none,none
wroclaw_2024_2025,30,14186,0,0,0.06891704176988062,0.0,0.19223313980478607,none,none
wroclaw_2024_2025,30,14187,0,0,0.049185923945107214,0.0,0.19495719747899473,none,none
wroclaw_2024_2025,30,14188,0,0,0.03932407979732702,0.0,0.18894991975821954,none,none
wroclaw_2024_2025,30,14189,0,0,0.02935152304686276,0.0,0.18139290855857357,none,none
wroclaw_2024_2025,30,14190,0,0,0.039055197622100433,0.0,0.18259226415533117,none,none
wroclaw_2024_2025,30,14191,0,0,0.02946223564954683,0.0,0.17567536897320876,none,none
wroclaw_2024_2025,30,14192,0,0,0.02919335347432024,0.0,0.16996482942255037,none,none
wroclaw_2024_2025,30,14193,0,0,0.02446223564954683,0.0,0.17137839975016128,none,none
wroclaw_2024_2025,30,14194,0,0,0.02446223564954683,0.0,0.18420894338340174,none,none
wroclaw_2024_2025,30,14195,0,0,0.02919335347432024,0.0,0.177610049431748,none,none
wroclaw_2024_2025,30,14196,0,0,0.02446223564954683,0.0,0.1885811493193847,none,none
wroclaw_2024_2025,30,14197,0,0,0.02919335347432024,0.0,0.17505518594214703,none,none
wroclaw_2024_2025,30,14198,0,0,0.048117824773413906,0.0,0.18036744553864278,none,none
wroclaw_2024_2025,30,14199,0,0,0.05231117824773413,0.0,0.17290342680854182,none,none
wroclaw_2024_2025,30,14200,0,0,0.02919335347432024,0.0,0.1756682302377511,none,none
wroclaw_2024_2025,30,14201,0,0,0.028924471299093656,0.0,0.1698141633817535,none,none
wroclaw_2024_2025,30,14202,0,0,0.019193353474320243,0.0,0.1618617331565791,none,none
wroclaw_2024_2025,30,14203,0,0,0.028675602844189782,0.0,0.15957606359833337,none,none
wroclaw_2024_2025,30,14204,0,0,0.03380632916719656,0.0,0.16052165793152262,none,none
wroclaw_2024_2025,30,14205,0,0,0.019351523046862763,0.0,0.1458133117275604,none,none
wroclaw_2024_2025,30,14206,0,0,0.028572319770718745,0.0,0.1621121581575914,none,none
wroclaw_2024_2025,30,14207,0,0,0.03314526802294964,0.0,0.1386729497274004,none,none
wroclaw_2024_2025,30,14208,0,0,0.023951914548629397,0.0,0.1368488947185113,none,none
wroclaw_2024_2025,30,14209,0,0,0.038951914548629396,0.0,0.13938865946116114,none,none
wroclaw_2024_2025,30,14210,0,0,0.028710475622938554,0.0,0.12932255179947524,none,none
wroclaw_2024_2025,30,14211,0,0,0.03317271127248538,0.0,0.1295311179199705,none,none
wroclaw_2024_2025,30,14212,0,0,0.018710475622938552,0.0,0.13193606398452523,none,none
wroclaw_2024_2025,30,14213,0,0,0.03344159344771197,0.0,0.14027249481209844,none,none
wroclaw_2024_2025,30,14214,0,0,0.023951914548629397,0.0,0.14267501767235394,none,none
wroclaw_2024_2025,30,14215,0,0,0.061476148867977524,0.0,0.14811503653621583,none,none
wroclaw_2024_2025,30,14216,0,0,0.028683032373402813,0.0,0.16451131592046345,none,none
wroclaw_2024_2025,30,14217,0,0,0.019462235649546827,0.0,0.14958137505271454,none,none
wroclaw_2024_2025,30,14218,0,0,0.028951914548629398,0.0,0.16023630014842877,none,none
wroclaw_2024_2025,30,14219,0,0,0.03344159344771197,0.0,0.15482152345504346,none,none
wroclaw_2024_2025,30,14220,0,0,0.018710475622938552,0.0,0.15976655796965253,none,none
wroclaw_2024_2025,30,14221,0,0,0.024220796723855985,0.0,0.14706764289701077,none,none
wroclaw_2024_2025,30,14222,0,0,0.024220796723855985,0.0,0.14682373096535062,none,none
wroclaw_2024_2025,30,14223,0,0,0.01,0.0,0.15101177390161657,none,none
wroclaw_2024_2025,30,14224,0,0,0.029082640871636176,0.0,0.13421655653733267,none,none
wroclaw_2024_2025,30,14225,0,0,0.03357231977071875,0.0,0.1252270177306956,none,none
wroclaw_2024_2025,30,14226,0,0,0.043145268022949636,0.0,0.13892643114718436,none,none
wroclaw_2024_2025,30,14227,0,0,0.028414150198176228,0.0,0.16678134284859,none,none
wroclaw_2024_2025,30,14228,0,0,0.024082640871636175,0.0,0.16072126141451737,none,none
wroclaw_2024_2025,30,14229,0,0,0.014731117824773415,0.0,0.18065154407033795,none,none
wroclaw_2024_2025,30,14230,0,0,0.005,0.0,0.1724984044329163,none,none
wroclaw_2024_2025,30,14231,0,0,0.005,0.0,0.18530817146021553,none,none
wroclaw_2024_2025,30,14232,0,0,0.005,0.0,0.19698283189166738,none,none
wroclaw_2024_2025,30,14233,0,0,0.0,0.0,0.20143982191879242,none,none
wroclaw_2024_2025,30,14234,0,0,0.0,0.0,0.2402806334148607,none,none
wroclaw_2024_2025,30,14235,0,0,0.0,0.0,0.2494824145607333,none,none
wroclaw_2024_2025,30,14236,0,0,0.005,0.0,0.25105369465046873,none,none
wroclaw_2024_2025,30,14237,0,0,0.00948967889908257,0.0,0.24857855479577026,none,none
wroclaw_2024_2025,30,14238,0,0,0.00948967889908257,0.0,0.24797514209947755,none,none
wroclaw_2024_2025,30,14239,0,0,0.01448967889908257,0.0,0.2544710996234689,none,none
wroclaw_2024_2025,30,14240,0,0,0.01,0.0,0.2561600956989068,none,none
wroclaw_2024_2025,30,14241,0,0,0.005,0.0,0.27258911772232125,none,none
wroclaw_2024_2025,30,14242,0,0,0.014462235649546828,0.0,0.2847795496811085,none,none
wroclaw_2024_2025,30,14243,0,0,0.0,0.0,0.2929351049293739,none,none
wroclaw_2024_2025,30,14244,0,0,0.0,0.0,0.28339080917402937,none,none
wroclaw_2024_2025,30,14245,0,0,0.0047311178247734145,0.0,0.26848893370889015,none,none
wroclaw_2024_2025,30,14246,0,0,0.0,0.0,0.25397238744051953,none,none
wroclaw_2024_2025,30,14247,0,0,0.0,0.0,0.24367697010271386,none,none
wroclaw_2024_2025,30,14248,0,0,0.0,0.0,0.24038435336535216,none,none
wroclaw_2024_2025,30,14249,0,0,0.024185923945107213,0.0,0.24433891429737745,none,none
wroclaw_2024_2025,30,14250,0,0,0.024185923945107213,0.0,0.24814846300850518,none,none
wroclaw_2024_2025,30,14251,0,0,0.014861844147780192,0.0,0.24894917291319407,none,none
wroclaw_2024_2025,30,14252,0,0,0.02931665026811399,0.0,0.24702880161066784,none,none
wroclaw_2024_2025,30,14253,0,0,0.049040338563674374,0.0,0.23016316761831193,none,none
wroclaw_2024_2025,30,14254,0,0,0.04431665026811399,0.0,0.2229889210337238,none,none
wroclaw_2024_2025,30,14255,0,0,0.0294548061203338,0.0,0.22639071659940346,none,none
wroclaw_2024_2025,30,14256,0,0,0.034185923945107215,0.0,0.23164393583774529,none,none
wroclaw_2024_2025,30,14257,0,0,0.03931665026811399,0.0,0.23444923425810024,none,none
wroclaw_2024_2025,30,14258,0,0,0.034185923945107215,0.0,0.23177211294427935,none,none
wroclaw_2024_2025,30,14259,0,0,0.04404776809288741,0.0,0.22742802654983862,none,none
wroclaw_2024_2025,30,14260,0,0,0.04904776809288741,0.0,0.22131872534449518,none,none
wroclaw_2024_2025,30,14261,0,0,0.04431665026811399,0.0,0.2213418597106252,none,none
wroclaw_2024_2025,30,14262,0,0,0.04431665026811399,0.0,0.22695082337183706,none,none
wroclaw_2024_2025,30,14263,0,0,0.054316650268114,0.0,0.2418604189762172,none,none
wroclaw_2024_2025,30,14264,0,0,0.059316650268114,0.0,0.22366983729954498,none,none
wroclaw_2024_2025,30,14265,0,0,0.04931665026811399,0.0,0.22554591827222123,none,none
wroclaw_2024_2025,30,14266,0,0,0.06353744699196998,0.0,0.22209893368744993,none,none
wroclaw_2024_2025,30,14267,0,0,0.04880632916719656,0.0,0.2226898348903956,none,none
wroclaw_2024_2025,30,14268,0,0,0.04931665026811399,0.0,0.2195523767904961,none,none
wroclaw_2024_2025,30,14269,0,0,0.0394548061203338,0.0,0.21702284654573717,none,none
wroclaw_2024_2025,30,14270,0,0,0.0494548061203338,0.0,0.22409302177000398,none,none
wroclaw_2024_2025,30,14271,0,0,0.06826856481674339,0.0,0.21465694837233668,none,none
wroclaw_2024_2025,30,14272,0,0,0.08799225311230378,0.0,0.2119398416273056,none,none
wroclaw_2024_2025,30,14273,0,0,0.12255034230610862,0.0,0.16854673031037523,none,none
wroclaw_2024_2025,30,14274,0,0,0.1423163329096308,0.0,0.17647006952202085,none,none
wroclaw_2024_2025,30,14275,0,0,0.11734377615916655,0.0,0.17197518631802722,none,none
wroclaw_2024_2025,30,14276,0,0,0.12197161091046892,0.0,0.17085867632498436,none,none
wroclaw_2024_2025,30,14277,0,0,0.09301969636183953,0.0,0.1673076319800184,none,none
wroclaw_2024_2025,30,14278,0,0,0.10785409726008398,0.0,0.16569202788309403,none,none
wroclaw_2024_2025,30,14279,0,0,0.09299225311230379,0.0,0.17389899198254086,none,none
wroclaw_2024_2025,30,14280,0,0,0.08826113528753038,0.0,0.18081301192272944,none,none
wroclaw_2024_2025,30,14281,0,0,0.0789096122406676,0.0,0.18658381528627652,none,none
wroclaw_2024_2025,30,14282,0,0,0.0729996826415168,0.0,0.18658312874904517,none,none
wroclaw_2024_2025,30,14283,0,0,0.07837184789021442,0.0,0.18146132215297742,none,none
wroclaw_2024_2025,30,14284,0,0,0.11130312023700896,0.0,0.19081298461453494,none,none
wroclaw_2024_2025,30,14285,0,0,0.12642641703080273,0.0,0.17517960460167176,none,none
wroclaw_2024_2025,30,14286,0,0,0.1366752854857066,0.0,0.17111746578194098,none,none
wroclaw_2024_2025,30,14287,0,0,0.1805648840060515,0.0,0.15903783618316825,none,none
wroclaw_2024_2025,30,14288,0,0,0.17653712963348678,0.0,0.1640139216427429,none,none
wroclaw_2024_2025,30,14289,0,0,0.1565371296334868,0.0,0.16636776076371376,none,none
wroclaw_2024_2025,30,14290,0,0,0.16650225685473802,0.0,0.1711451553307089,none,none
wroclaw_2024_2025,30,14291,0,0,0.1811300916060404,0.0,0.20814348133377425,none,none
wroclaw_2024_2025,30,14292,0,0,0.15177856855917762,0.0,0.18780485183364323,none,none
wroclaw_2024_2025,30,14293,0,0,0.14151711591316407,0.0,0.18659154335495734,none,none
wroclaw_2024_2025,30,14294,0,0,0.14665527176538387,0.0,0.1749860649027585,none,none
wroclaw_2024_2025,30,14295,0,0,0.1520274370140815,0.0,0.17614632382476067,none,none
wroclaw_2024_2025,30,14296,0,0,0.14797223939198106,0.0,0.19182570736817933,none,none
wroclaw_2024_2025,30,14297,0,0,0.14796480986276805,0.0,0.19483843759501945,none,none
wroclaw_2024_2025,30,14298,0,0,0.1385025742132212,0.0,0.18992810524676823,none,none
wroclaw_2024_2025,30,14299,0,0,0.10851000374243425,0.0,0.18432131123133866,none,none
wroclaw_2024_2025,30,14300,0,0,0.07864815959465404,0.0,0.18657708837058132,none,none
wroclaw_2024_2025,30,14301,0,0,0.09391704176988062,0.0,0.22227082415417496,none,none
wroclaw_2024_2025,30,14302,0,0,0.06908264087163618,0.0,0.22366759983519177,none,none
wroclaw_2024_2025,30,14303,0,0,0.07878631544687385,0.0,0.21248743141719736,none,none
wroclaw_2024_2025,30,14304,0,0,0.0979038290972588,0.0,0.2102894043677872,none,none
wroclaw_2024_2025,30,14305,0,0,0.0782759943459564,0.0,0.19044532319742158,none,none
wroclaw_2024_2025,30,14306,0,0,0.07787638584772305,0.0,0.1919939506812385,none,none
wroclaw_2024_2025,30,14307,0,0,0.04422079672385598,0.0,0.16034463058969267,none,none
wroclaw_2024_2025,30,14308,0,0,0.08354487652118299,0.0,0.17643889452987047,none,none
wroclaw_2024_2025,30,14309,0,0,0.07851743327164726,0.0,0.16973437786124135,none,none
wroclaw_2024_2025,30,14310,0,0,0.04419335347432025,0.0,0.1609869100292739,none,none
wroclaw_2024_2025,30,14311,0,0,0.08311782477341388,0.0,0.1731913376146487,none,none
wroclaw_2024_2025,30,14312,0,0,0.04892447129909366,0.0,0.15593423552117794,none,none
wroclaw_2024_2025,30,14313,0,0,0.03446223564954683,0.0,0.14108824213707105,none,none
wroclaw_2024_2025,30,14314,0,0,0.038924471299093655,0.0,0.1419888701273551,none,none
wroclaw_2024_2025,30,14315,0,0,0.038683032373402815,0.0,0.15396597291179073,none,none
wroclaw_2024_2025,30,14316,0,0,0.038414150198176227,0.0,0.1453986233032278,none,none
wroclaw_2024_2025,30,14317,0,0,0.043172711272485384,0.0,0.13649938500083494,none,none
wroclaw_2024_2025,30,14318,0,0,0.05763494692203221,0.0,0.13204121330045898,none,none
wroclaw_2024_2025,30,14319,0,0,0.09475957274314696,0.0,0.13010973341414694,none,none
wroclaw_2024_2025,30,14320,0,0,0.03814526802294964,0.0,0.13020567606328798,none,none
wroclaw_2024_2025,30,14321,0,0,0.03338670694864049,0.0,0.12996534965243597,none,none
wroclaw_2024_2025,30,14322,0,0,0.03341415019817623,0.0,0.12537083474655036,none,none
wroclaw_2024_2025,30,14323,0,0,0.0624967910698124,0.0,0.12579716443569872,none,none
wroclaw_2024_2025,30,14324,0,0,0.06814526802294964,0.0,0.12437176578408853,none,none
wroclaw_2024_2025,30,14325,0,0,0.06827599434595642,0.0,0.11668383478268039,none,none
wroclaw_2024_2025,30,14326,0,0,0.05313783849373662,0.0,0.11541338049644624,none,none
wroclaw_2024_2025,30,14327,0,0,0.05695902671935924,0.0,0.11129455573615203,none,none
wroclaw_2024_2025,30,14328,0,0,0.04351743327164726,0.0,0.11628765166619298,none,none
wroclaw_2024_2025,30,14329,0,0,0.033917041769880626,0.0,0.11934919246043044,none,none
wroclaw_2024_2025,30,14330,0,0,0.04364815959465404,0.0,0.14013074859827437,none,none
wroclaw_2024_2025,30,14331,0,0,0.06760007414328344,0.0,0.16396864582435944,none,none
wroclaw_2024_2025,30,14332,0,0,0.04840672066896319,0.0,0.15410201415840016,none,none
wroclaw_2024_2025,30,14333,0,0,0.042903829097258796,0.0,0.17624421658621892,none,none
wroclaw_2024_2025,30,14334,0,0,0.052124625821114774,0.0,0.16192462126303994,none,none
wroclaw_2024_2025,30,14335,0,0,0.06266239017156795,0.0,0.15902255465729448,none,none
wroclaw_2024_2025,30,14336,0,0,0.04263494692203221,0.0,0.1603500403562895,none,none
wroclaw_2024_2025,30,14337,0,0,0.023414150198176227,0.0,0.17168024992969178,none,none
wroclaw_2024_2025,30,14338,0,0,0.014193353474320243,0.0,0.16934155696017048,none,none
wroclaw_2024_2025,30,14339,0,0,0.019193353474320243,0.0,0.1856361993331532,none,none
wroclaw_2024_2025,30,14340,0,0,0.018924471299093658,0.0,0.22338884089649771,none,none
wroclaw_2024_2025,30,14341,0,0,0.023924471299093655,0.0,0.22275910140850425,none,none
wroclaw_2024_2025,30,14342,0,0,0.023924471299093655,0.0,0.24416556673756024,none,none
wroclaw_2024_2025,30,14343,0,0,0.014462235649546828,0.0,0.2374160325426434,none,none
wroclaw_2024_2025,30,14344,0,0,0.019193353474320243,0.0,0.23085335433896617,none,none
wroclaw_2024_2025,30,14345,0,0,0.02865558912386707,0.0,0.2267559746504584,none,none
wroclaw_2024_2025,30,14346,0,0,0.01868303237340281,0.0,0.2413873976812605,none,none
wroclaw_2024_2025,30,14347,0,0,0.014193353474320243,0.0,0.24465485119046382,none,none
wroclaw_2024_2025,30,14348,0,0,0.013951914548629398,0.0,0.24435405661913928,none,none
wroclaw_2024_2025,30,14349,0,0,0.009592961972553606,0.0,0.23224282638213697,none,none
wroclaw_2024_2025,30,14350,0,0,0.02931665026811399,0.0,0.226166105700033,none,none
wroclaw_2024_2025,30,14351,0,0,0.03431665026811399,0.0,0.19662502145974314,none,none
wroclaw_2024_2025,30,14352,0,0,0.03431665026811399,0.0,0.21569182576738494,none,none
wroclaw_2024_2025,30,14353,0,0,0.05866817331497676,0.0,0.20683893834714656,none,none
wroclaw_2024_2025,30,14354,0,0,0.09270335721675448,0.0,0.23036941498513794,none,none
wroclaw_2024_2025,30,14355,0,0,0.08351000374243422,0.0,0.26847080188313205,none,none
wroclaw_2024_2025,30,14356,0,0,0.09733119196805685,0.0,0.2630862311371207,none,none
wroclaw_2024_2025,30,14357,0,0,0.058944485019416376,0.0,0.18571399192936633,none,none
wroclaw_2024_2025,30,14358,0,0,0.06299968264151681,0.0,0.15166088041195533,none,none
wroclaw_2024_2025,30,14359,0,0,0.07660687519098432,0.0,0.1435546062862622,none,none
wroclaw_2024_2025,30,14360,0,0,0.1110416675909954,0.0,0.1467206031313678,none,none
wroclaw_2024_2025,30,14361,0,0,0.09580022866530456,0.0,0.14537534000964886,none,none
wroclaw_2024_2025,30,14362,0,0,0.12413853903954548,0.0,0.15056653176760973,none,none
wroclaw_2024_2025,30,14363,0,0,0.12935253471570057,0.0,0.15006417435510191,none,none
wroclaw_2024_2025,30,14364,0,0,0.14878732711571163,0.0,0.1619265676209133,none,none
wroclaw_2024_2025,30,14365,1,0,0.13523502106531562,0.1,0.1802487033399342,rain,none
wroclaw_2024_2025,30,14366,0,0,0.12934510518648756,0.0,0.2042488236847325,none,none
wroclaw_2024_2025,30,14367,0,0,0.16510429474230887,0.0,0.226295337477419,none,none
wroclaw_2024_2025,30,14368,0,0,0.009462235649546829,0.0,0.21019283179941411,none,none
wroclaw_2024_2025,30,14369,0,0,0.024731117824773413,0.0,0.17865858664610287,none,none
wroclaw_2024_2025,30,14370,0,0,0.005,0.0,0.14448254171890412,none,none
wroclaw_2024_2025,30,14371,0,0,0.05286895631851003,0.0,0.16012858918392717,none,none
wroclaw_2024_2025,30,14372,0,0,0.02381375869640959,0.0,0.15757714497148392,none,none
wroclaw_2024_2025,30,14373,0,0,0.0523586352175926,0.0,0.1480813916056266,none,none
wroclaw_2024_2025,30,14374,0,0,0.04276567324503899,0.0,0.17192959779486694,none,none
wroclaw_2024_2025,30,14375,0,0,0.03432407979732702,0.0,0.1743678802782639,none,none
wroclaw_2024_2025,30,14376,0,0,0.029185923945107214,0.0,0.1658932075943741,none,none
wroclaw_2024_2025,30,14377,0,0,0.033917041769880626,0.0,0.15390021878464089,none,none
wroclaw_2024_2025,30,14378,0,0,0.053137838493736614,0.0,0.14243708675078934,none,none
wroclaw_2024_2025,30,14379,0,0,0.03844159344771197,0.0,0.14742839635419586,none,none
wroclaw_2024_2025,30,14380,0,0,0.0529038290972588,0.0,0.14317853617926,none,none
wroclaw_2024_2025,30,14381,0,0,0.06695902671935922,0.0,0.14125202654951943,none,none
wroclaw_2024_2025,30,14382,0,0,0.09642126236890604,0.0,0.1356140478359841,none,none
wroclaw_2024_2025,30,14383,0,0,0.07814526802294963,0.0,0.13510730424039566,none,none
wroclaw_2024_2025,30,14384,0,0,0.09284151306897429,0.0,0.12815491889455027,none,none
wroclaw_2024_2025,30,14385,0,0,0.043813758696409584,0.0,0.1255234280451622,none,none
wroclaw_2024_2025,30,14386,0,0,0.019462235649546827,0.0,0.12412195417903615,none,none
wroclaw_2024_2025,30,14387,0,0,0.005,0.0,0.12340954537868958,none,none
wroclaw_2024_2025,30,14388,0,0,0.009731117824773414,0.0,0.13103749125775335,none,none
wroclaw_2024_2025,30,14389,0,0,0.009731117824773414,0.0,0.130189409512799,none,none
wroclaw_2024_2025,30,14390,0,0,0.039082640871636175,0.0,0.1355176153946948,none,none
wroclaw_2024_2025,30,14391,0,0,0.04776567324503899,0.0,0.12224298859415092,none,none
wroclaw_2024_2025,30,14392,0,0,0.12637286579450652,0.0,0.1152927107484175,none,none
wroclaw_2024_2025,30,14393,0,0,0.1447037466395344,0.0,0.11318735408044509,none,none
wroclaw_2024_2025,30,14394,0,0,0.11262751739281918,0.0,0.11559395672938184,none,none
wroclaw_2024_2025,30,14395,0,0,0.15133799301575773,0.0,0.1243110140855843,none,none
wroclaw_2024_2025,30,14396,0,0,0.13096582776706012,0.0,0.12144555974473223,none,none
wroclaw_2024_2025,30,14397,0,0,0.043572319770718744,0.0,0.1252332753214169,none,none
wroclaw_2024_2025,30,14398,0,0,0.034861844147780194,0.0,0.11832587610415546,none,none
wroclaw_2024_2025,30,14399,0,0,0.014193353474320243,0.0,0.12454603191704765,none,none
wroclaw_2024_2025,30,14400,0,0,0.03392447129909366,0.0,0.1193105481562438,none,none
wroclaw_2024_2025,30,14401,0,0,0.014731117824773415,0.0,0.11512908629028412,none,none
wroclaw_2024_2025,30,14402,0,0,0.024193353474320244,0.0,0.1147945919051516,none,none
wroclaw_2024_2025,30,14403,0,0,0.043572319770718744,0.0,0.11200709756401002,none,none
wroclaw_2024_2025,30,14404,0,0,0.02932407979732702,0.0,0.11052984361746496,none,none
wroclaw_2024_2025,30,14405,0,0,0.014592961972553607,0.0,0.10956931626873445,none,none
wroclaw_2024_2025,30,14406,0,0,0.04473111782477341,0.0,0.12122450958906017,none,none
wroclaw_2024_2025,30,14407,0,0,0.03973111782477341,0.0,0.12376166927633801,none,none
wroclaw_2024_2025,30,14408,0,0,0.0395929619725536,0.0,0.1279897427458987,none,none
wroclaw_2024_2025,30,14409,1,0,0.03368303237340281,0.1,0.11941365332683151,rain,none
wroclaw_2024_2025,30,14410,0,0,0.05446223564954682,0.0,0.1202549387598161,none,none
wroclaw_2024_2025,30,14411,0,1,0.5177518258554507,0.0,0.1461515445565248,none,rain
wroclaw_2024_2025,30,14412,0,1,0.2062905360458993,0.0,0.12093391086883523,none,rain
wroclaw_2024_2025,30,14413,0,0,0.17252423431934813,0.0,0.11300974366377217,none,none
wroclaw_2024_2025,30,14414,0,0,0.19131797929543504,0.0,0.11524472866830172,none,none
wroclaw_2024_2025,30,14415,0,1,0.25047645999100643,0.0,0.1167672903208229,none,rain
wroclaw_2024_2025,30,14416,0,0,0.08838670694864048,0.0,0.11706967856529042,none,none
wroclaw_2024_2025,30,14417,0,0,0.039082640871636175,0.0,0.12031062427421532,none,none
wroclaw_2024_2025,30,14418,0,0,0.053951914548629396,0.0,0.12147873173040763,none,none
wroclaw_2024_2025,30,14419,0,0,0.033917041769880626,0.0,0.12298741805852428,none,none
wroclaw_2024_2025,30,14420,0,0,0.029592961972553608,0.0,0.11704423466600943,none,none
wroclaw_2024_2025,30,14421,0,0,0.019220796723855984,0.0,0.12059213127630214,none,none
wroclaw_2024_2025,30,14422,0,0,0.023951914548629397,0.0,0.11373391761403041,none,none
wroclaw_2024_2025,30,14423,0,0,0.01,0.0,0.12006141251733111,none,none
wroclaw_2024_2025,30,14424,0,0,0.0395929619725536,0.0,0.11780670022320941,none,none
wroclaw_2024_2025,30,14425,0,0,0.02946223564954683,0.0,0.1256240281068464,none,none
wroclaw_2024_2025,30,14426,0,0,0.015,0.0,0.1321749148588828,none,none
wroclaw_2024_2025,30,14427,0,0,0.0339519145486294,0.0,0.13393600114065043,none,none
wroclaw_2024_2025,30,14428,0,0,0.03368303237340281,0.0,0.14483707115026642,none,none
wroclaw_2024_2025,30,14429,0,0,0.029055197622100435,0.0,0.14515603373814218,none,none
wroclaw_2024_2025,30,14430,0,0,0.043655589123867064,0.0,0.14691578763651003,none,none
wroclaw_2024_2025,30,14431,0,0,0.005,0.0,0.14408662003395536,none,none
wroclaw_2024_2025,30,14432,0,0,0.005,0.0,0.15160075517934804,none,none
wroclaw_2024_2025,30,14433,0,0,0.024731117824773413,0.0,0.16920999977780057,none,none
wroclaw_2024_2025,30,14434,0,0,0.01,0.0,0.19088333543400246,none,none
wroclaw_2024_2025,30,14435,0,0,0.0,0.0,0.19695176122087174,none,none
wroclaw_2024_2025,30,14436,0,0,0.014462235649546828,0.0,0.2075762647793929,none,none
wroclaw_2024_2025,30,14437,0,0,0.038544876521183005,0.0,0.1873436271839788,none,none
wroclaw_2024_2025,30,14438,0,0,0.02448967889908257,0.0,0.18403358723014018,none,none
wroclaw_2024_2025,30,14439,0,0,0.04881375869640959,0.0,0.2112417826910262,none,none
wroclaw_2024_2025,30,14440,0,0,0.054324079797327014,0.0,0.15310585413662628,none,none
wroclaw_2024_2025,30,14441,0,0,0.06932407979732702,0.0,0.1598093951058184,none,none
wroclaw_2024_2025,30,14442,0,0,0.132185606586624,0.0,0.17382895721788483,none,none
wroclaw_2024_2025,30,14443,0,0,0.10104909712020842,0.0,0.16304881688903392,none,none
wroclaw_2024_2025,30,14444,0,0,0.06303455542026558,0.0,0.15418644992372801,none,none
wroclaw_2024_2025,30,14445,0,0,0.024193353474320244,0.0,0.1616880013886603,none,none
wroclaw_2024_2025,30,14446,0,0,0.014462235649546828,0.0,0.20326752882268226,none,none
wroclaw_2024_2025,30,14447,0,0,0.06736606474680562,0.0,0.2132351075499572,none,none
wroclaw_2024_2025,30,14448,0,0,0.052366064746805614,0.0,0.22568279511593267,none,none
wroclaw_2024_2025,30,14449,0,0,0.07766239017156794,0.0,0.21170329113148534,none,none
wroclaw_2024_2025,30,14450,0,0,0.08252423431934815,0.0,0.15956925072005826,none,none
wroclaw_2024_2025,30,14451,0,0,0.07736606474680562,0.0,0.14675559903367894,none,none
wroclaw_2024_2025,30,14452,1,0,0.023200154522021125,0.1,0.1503170753397379,rain,none
wroclaw_2024_2025,30,14453,0,0,0.0,0.0,0.18112667133184035,none,none
wroclaw_2024_2025,30,14454,0,0,0.0,0.0,0.21246719986776466,none,none
wroclaw_2024_2025,30,14455,0,0,0.01448967889908257,0.0,0.26082992208345984,none,none
wroclaw_2024_2025,30,14456,0,0,0.00897935779816514,0.0,0.25609932711422867,none,none
wroclaw_2024_2025,30,14457,0,0,0.008979357798165138,0.0,0.20495938220020296,none,none
wroclaw_2024_2025,30,14458,0,0,0.009462235649546829,0.0,0.16101431197811614,none,none
wroclaw_2024_2025,30,14459,0,0,0.014592961972553607,0.0,0.16347592925342505,none,none
wroclaw_2024_2025,30,14460,0,0,0.014462235649546828,0.0,0.1545755721304035,none,none
wroclaw_2024_2025,30,14461,0,0,0.0047311178247734145,0.0,0.16029879704752933,none,none
wroclaw_2024_2025,30,14462,0,0,0.03803455542026558,0.0,0.17282486797877789,none,none
wroclaw_2024_2025,30,14463,0,0,0.052765673245038995,0.0,0.1443822507245297,none,none
wroclaw_2024_2025,30,14464,0,0,0.04819272499280809,0.0,0.1520194449348727,none,none
wroclaw_2024_2025,30,14465,0,0,0.05394448501941637,0.0,0.14414906264982036,none,none
wroclaw_2024_2025,30,14466,0,0,0.053813758696409586,0.0,0.16231571931064406,none,none
wroclaw_2024_2025,30,14467,0,0,0.009731117824773414,0.0,0.14710441664152407,none,none
wroclaw_2024_2025,30,14468,0,0,0.009731117824773414,0.0,0.14095575210649358,none,none
wroclaw_2024_2025,30,14469,0,0,0.009731117824773414,0.0,0.1447153615878575,none,none
wroclaw_2024_2025,30,14470,0,0,0.01868303237340281,0.0,0.15955614811501515,none,none
wroclaw_2024_2025,30,14471,0,0,0.024055197622100434,0.0,0.17596254395960403,none,none
wroclaw_2024_2025,30,14472,0,0,0.04864815959465405,0.0,0.17878298588134764,none,none
wroclaw_2024_2025,30,14473,0,0,0.04330343759549216,0.0,0.16155237628190836,none,none
wroclaw_2024_2025,30,14474,0,0,0.038951914548629396,0.0,0.14965019417193662,none,none
wroclaw_2024_2025,30,14475,0,0,0.023951914548629397,0.0,0.1555852669431809,none,none
wroclaw_2024_2025,30,14476,0,0,0.005,0.0,0.16293800301200995,none,none
wroclaw_2024_2025,30,14477,0,0,0.005,0.0,0.16085767325256592,none,none
wroclaw_2024_2025,30,14478,0,0,0.0,0.0,0.1539364187537549,none,none
wroclaw_2024_2025,30,14479,0,0,0.014462235649546828,0.0,0.1719328426226601,none,none
wroclaw_2024_2025,30,14480,0,0,0.024082640871636175,0.0,0.16021194179584122,none,none
wroclaw_2024_2025,30,14481,0,0,0.05419335347432025,0.0,0.14213075104924508,none,none
wroclaw_2024_2025,45,11584,0,0,0.0,0.0,0.14761930554614333,none,none
wroclaw_2024_2025,45,11585,0,0,0.009489637093470959,0.0,0.13947909505752693,none,none
wroclaw_2024_2025,45,11586,0,0,0.0,0.0,0.15547871620310563,none,none
wroclaw_2024_2025,45,11587,0,0,0.0,0.0,0.16781035851775436,none,none
wroclaw_2024_2025,45,11588,0,0,0.009731094613259668,0.0,0.15680154149576336,none,none
wroclaw_2024_2025,45,11589,0,0,0.018951826319990296,0.0,0.14324355697613264,none,none
wroclaw_2024_2025,45,11590,0,0,0.02365547306629834,0.0,0.13188489096806608,none,none
wroclaw_2024_2025,45,11591,0,0,0.03841401554650964,0.0,0.12386458462515902,none,none
wroclaw_2024_2025,45,11592,0,0,0.043572200691973595,0.0,0.12991023601907442,none,none
wroclaw_2024_2025,45,11593,0,0,0.03486183189177201,0.0,0.1274733677797827,none,none
wroclaw_2024_2025,45,11594,0,0,0.018441463413461253,0.0,0.14000123275276066,none,none
wroclaw_2024_2025,45,11595,0,0,0.01,0.0,0.14544294247463882,none,none
wroclaw_2024_2025,45,11596,0,0,0.01908256359850264,0.0,0.14889725587064448,none,none
wroclaw_2024_2025,45,11597,0,0,0.024193283839779006,0.0,0.1412801400537189,none,none
wroclaw_2024_2025,45,11598,0,0,0.028951826319990298,0.0,0.1291353551987075,none,none
wroclaw_2024_2025,45,11599,0,0,0.05851730495807035,0.0,0.11859775983321205,none,none
wroclaw_2024_2025,45,11600,0,0,0.12249657914501226,0.0,0.11846701925533681,none,none
wroclaw_2024_2025,45,11601,0,0,0.08263474725324026,0.0,0.13158117171193917,none,none
wroclaw_2024_2025,45,11602,0,0,0.037931100506932214,0.0,0.13036893501598815,none,none
wroclaw_2024_2025,45,11603,0,0,0.033441463413461256,0.0,0.15442182519737768,none,none
wroclaw_2024_2025,45,11604,0,0,0.04344146341346125,0.0,0.13753733583308295,none,none
wroclaw_2024_2025,45,11605,0,0,0.023951826319990297,0.0,0.12760727720607634,none,none
wroclaw_2024_2025,45,11606,0,0,0.023951826319990297,0.0,0.13223279008853703,none,none
wroclaw_2024_2025,45,11607,0,0,0.033951826319990296,0.0,0.12476662191742725,none,none
wroclaw_2024_2025,45,11608,0,0,0.018951826319990296,0.0,0.1365888869579481,none,none
wroclaw_2024_2025,45,11609,0,0,0.023951826319990297,0.0,0.1582001470742785,none,none
wroclaw_2024_2025,45,11610,0,0,0.01922073170673063,0.0,0.16434859724427647,none,none
wroclaw_2024_2025,45,11611,0,0,0.01448963709347096,0.0,0.181590333318805,none,none
wroclaw_2024_2025,45,11612,0,0,0.009489637093470959,0.0,0.16816585997751607,none,none
wroclaw_2024_2025,45,11613,0,0,0.014351468985242971,0.0,0.1518637658278022,none,none
wroclaw_2024_2025,45,11614,0,0,0.01448963709347096,0.0,0.1434265649296521,none,none
wroclaw_2024_2025,45,11615,0,0,0.00448963709347096,0.0,0.14396600404428236,none,none
wroclaw_2024_2025,45,11616,0,0,0.014351468985242971,0.0,0.13876315955952598,none,none
wroclaw_2024_2025,45,11617,0,0,0.00897927418694192,0.0,0.1415057992119497,none,none
wroclaw_2024_2025,45,11618,0,0,0.01884110607871393,0.0,0.13031195861752654,none,none
wroclaw_2024_2025,45,11619,0,0,0.01448963709347096,0.0,0.13127038729184623,none,none
wroclaw_2024_2025,45,11620,0,0,0.009731094613259668,0.0,0.1356601766640048,none,none
wroclaw_2024_2025,45,11621,0,0,0.02448963709347096,0.0,0.14048983684540792,none,none
wroclaw_2024_2025,45,11622,0,0,0.04381365821176231,0.0,0.13849018257791415,none,none
wroclaw_2024_2025,45,11623,0,0,0.0429036526399806,0.0,0.14376337611907455,none,none
wroclaw_2024_2025,45,11624,0,0,0.04854475282502198,0.0,0.13959313325317324,none,none
wroclaw_2024_2025,45,11625,0,0,0.06263474725324027,0.0,0.1326038801037656,none,none
wroclaw_2024_2025,45,11626,0,0,0.019213300877014984,0.0,0.12748798694189267,none,none
wroclaw_2024_2025,45,11627,0,0,0.014723663783544023,0.0,0.12641388511653254,none,none
wroclaw_2024_2025,45,11628,0,0,0.014861831891772011,0.0,0.12651830949744658,none,none
wroclaw_2024_2025,45,11629,0,0,0.005,0.0,0.12815315978761327,none,none
wroclaw_2024_2025,45,11630,0,0,0.005,0.0,0.12701149482495194,none,none
wroclaw_2024_2025,45,11631,0,0,0.014731094613259667,0.0,0.13172920371150937,none,none
wroclaw_2024_2025,45,11632,0,0,0.005,0.0,0.11702424789197191,none,none
wroclaw_2024_2025,45,11633,0,0,0.005,0.0,0.11655906682897166,none,none
wroclaw_2024_2025,45,11634,0,0,0.01422073170673063,0.0,0.1307582409623669,none,none
wroclaw_2024_2025,45,11635,0,0,0.028951826319990298,0.0,0.1262907539990886,none,none
wroclaw_2024_2025,45,11636,0,0,0.01922073170673063,0.0,0.12997353286446997,none,none
wroclaw_2024_2025,45,11637,0,0,0.033441463413461256,0.0,0.11906791352261564,none,none
wroclaw_2024_2025,45,11638,0,0,0.018572200691973597,0.0,0.12621924806710522,none,none
wroclaw_2024_2025,45,11639,0,0,0.01871036880020159,0.0,0.12138920893510981,none,none
wroclaw_2024_2025,45,11640,0,0,0.01919328383977901,0.0,0.13348119940426198,none,none
wroclaw_2024_2025,45,11641,0,0,0.0,0.0,0.12652259867595797,none,none
wroclaw_2024_2025,45,11642,0,0,0.02408256359850264,0.0,0.1306885488941604,none,none
wroclaw_2024_2025,45,11643,0,0,0.028951826319990298,0.0,0.12496978604714679,none,none
wroclaw_2024_2025,45,11644,0,0,0.04779293239870422,0.0,0.122836874364967,none,none
wroclaw_2024_2025,45,11645,0,0,0.062282569492175185,0.0,0.11323858698927165,none,none
wroclaw_2024_2025,45,11646,0,0,0.03908256359850264,0.0,0.10723228903157246,none,none
wroclaw_2024_2025,45,11647,0,0,0.03908256359850264,0.0,0.11672808172559761,none,none
wroclaw_2024_2025,45,11648,0,0,0.038944395490274654,0.0,0.11001172396061953,none,none
wroclaw_2024_2025,45,11649,0,0,0.028572200691973595,0.0,0.10794911370195973,none,none
wroclaw_2024_2025,45,11650,0,0,0.01,0.0,0.11287310121501923,none,none
wroclaw_2024_2025,45,11651,0,0,0.009731094613259668,0.0,0.11066405829783402,none,none
wroclaw_2024_2025,45,11652,0,0,0.0,0.0,0.11478287928886113,none,none
wroclaw_2024_2025,45,11653,0,0,0.009489637093470959,0.0,0.12082080401255431,none,none
wroclaw_2024_2025,45,11654,0,0,0.01,0.0,0.1168669855638977,none,none
wroclaw_2024_2025,45,11655,0,0,0.004731094613259669,0.0,0.11892400950171599,none,none
wroclaw_2024_2025,45,11656,0,0,0.023572200691973598,0.0,0.11979483878862043,none,none
wroclaw_2024_2025,45,11657,0,0,0.01922073170673063,0.0,0.12710747924135699,none,none
wroclaw_2024_2025,45,11658,0,0,0.004731094613259669,0.0,0.1327620488428413,none,none
wroclaw_2024_2025,45,11659,0,0,0.005,0.0,0.12714231887879945,none,none
wroclaw_2024_2025,45,11660,0,0,0.0,0.0,0.12320360850437717,none,none
wroclaw_2024_2025,45,11661,0,0,0.0,0.0,0.14148139015001382,none,none
wroclaw_2024_2025,45,11662,0,0,0.01,0.0,0.13008221707533416,none,none
wroclaw_2024_2025,45,11663,0,0,0.009731094613259668,0.0,0.1492209507127962,none,none
wroclaw_2024_2025,45,11664,0,0,0.0,0.0,0.15127671497169867,none,none
wroclaw_2024_2025,45,11665,0,0,0.004731094613259669,0.0,0.14340316743389508,none,none
wroclaw_2024_2025,45,11666,0,0,0.004731094613259669,0.0,0.15914775959908276,none,none
wroclaw_2024_2025,45,11667,0,0,0.0,0.0,0.18756028425420868,none,none
wroclaw_2024_2025,45,11668,0,0,0.004731094613259669,0.0,0.19158600508662876,none,none
wroclaw_2024_2025,45,11669,0,0,0.0,0.0,0.18766740779963217,none,none
wroclaw_2024_2025,45,11670,0,0,0.00448963709347096,0.0,0.18381722288770874,none,none
wroclaw_2024_2025,45,11671,0,0,0.0,0.0,0.17095774981869866,none,none
wroclaw_2024_2025,45,11672,0,0,0.0,0.0,0.1755413329256885,none,none
wroclaw_2024_2025,45,11673,0,0,0.0,0.0,0.17694004047398937,none,none
wroclaw_2024_2025,45,11674,0,0,0.005,0.0,0.18713192210100937,none,none
wroclaw_2024_2025,45,11675,0,0,0.009489637093470959,0.0,0.18688101648617333,none,none
wroclaw_2024_2025,45,11676,0,0,0.005,0.0,0.186793281320041,none,none
wroclaw_2024_2025,45,11677,0,0,0.00959292650503168,0.0,0.160727209308256,none,none
wroclaw_2024_2025,45,11678,0,0,0.024193283839779003,0.0,0.13888983242919445,none,none
wroclaw_2024_2025,45,11679,0,0,0.01459292650503168,0.0,0.14649653795213288,none,none
wroclaw_2024_2025,45,11680,0,0,0.048517304958070356,0.0,0.13258247046403263,none,none
wroclaw_2024_2025,45,11681,0,0,0.07297206335487404,0.0,0.13481146681661635,none,none
wroclaw_2024_2025,45,11682,0,0,0.06868292093324996,0.0,0.1483674671838764,none,none
wroclaw_2024_2025,45,11683,0,0,0.0720969364797596,0.0,0.14173187200728865,none,none
wroclaw_2024_2025,45,11684,0,0,0.07789622181026495,0.0,0.1527638370908176,none,none
wroclaw_2024_2025,45,11685,0,0,0.044220731706730625,0.0,0.15748537728539777,none,none
wroclaw_2024_2025,45,11686,0,0,0.038682920933249966,0.0,0.1415165943227133,none,none
wroclaw_2024_2025,45,11687,0,0,0.0720969364797596,0.0,0.14802347636188148,none,none
wroclaw_2024_2025,45,11688,0,0,0.029220731706730625,0.0,0.12421294851429726,none,none
wroclaw_2024_2025,45,11689,0,0,0.028682920933249964,0.0,0.13543781092916526,none,none
wroclaw_2024_2025,45,11690,0,0,0.01,0.0,0.12505361072913312,none,none
wroclaw_2024_2025,45,11691,0,0,0.014731094613259667,0.0,0.13498713012696542,none,none
wroclaw_2024_2025,45,11692,0,0,0.029462189226519334,0.0,0.14344836082381704,none,none
wroclaw_2024_2025,45,11693,0,0,0.05728256949217518,0.0,0.14144564384835534,none,none
wroclaw_2024_2025,45,11694,0,0,0.0627654845317526,0.0,0.1460218042347727,none,none
wroclaw_2024_2025,45,11695,0,0,0.06395182631999029,0.0,0.1508783080489082,none,none
wroclaw_2024_2025,45,11696,0,0,0.04448963709347096,0.0,0.14333763009798664,none,none
wroclaw_2024_2025,45,11697,0,0,0.08317255802672091,0.0,0.14089016967550894,none,none
wroclaw_2024_2025,45,11698,0,0,0.023924378453038676,0.0,0.1361468468984824,none,none
wroclaw_2024_2025,45,11699,0,0,0.04817255802672093,0.0,0.12254003142010123,none,none
wroclaw_2024_2025,45,11700,0,0,0.038682920933249966,0.0,0.12712969643686653,none,none
wroclaw_2024_2025,45,11701,0,0,0.01422073170673063,0.0,0.12179329631746151,none,none
wroclaw_2024_2025,45,11702,0,0,0.024731094613259667,0.0,0.12089807104410741,none,none
wroclaw_2024_2025,45,11703,0,0,0.004731094613259669,0.0,0.1327796188545211,none,none
wroclaw_2024_2025,45,11704,0,0,0.005,0.0,0.12631720146682718,none,none
wroclaw_2024_2025,45,11705,0,0,0.029462189226519334,0.0,0.13663455548320733,none,none
wroclaw_2024_2025,45,11706,0,0,0.014462189226519338,0.0,0.1438817454005641,none,none
wroclaw_2024_2025,45,11707,0,0,0.033951826319990296,0.0,0.13837564776016145,none,none
wroclaw_2024_2025,45,11708,0,0,0.014462189226519338,0.0,0.1450684799265748,none,none
wroclaw_2024_2025,45,11709,0,0,0.0,0.0,0.14418455086278137,none,none
wroclaw_2024_2025,45,11710,0,0,0.024220731706730628,0.0,0.12425264510718483,none,none
wroclaw_2024_2025,45,11711,0,0,0.04242073760040317,0.0,0.12174216793615,none,none
wroclaw_2024_2025,45,11712,0,0,0.028710368800201586,0.0,0.12373118580080579,none,none
wroclaw_2024_2025,45,11713,0,0,0.029193283839779007,0.0,0.13893850602718577,none,none
wroclaw_2024_2025,45,11714,0,0,0.03303438991849294,0.0,0.15225121951242046,none,none
wroclaw_2024_2025,45,11715,0,0,0.048275847438281644,0.0,0.17836105460776655,none,none
wroclaw_2024_2025,45,11716,0,0,0.023572200691973598,0.0,0.16470774588750503,none,none
wroclaw_2024_2025,45,11717,0,0,0.03317255802672093,0.0,0.1573452906424018,none,none
wroclaw_2024_2025,45,11718,0,0,0.03817255802672092,0.0,0.14101654575703934,none,none
wroclaw_2024_2025,45,11719,0,0,0.07271058879784936,0.0,0.13122613801077468,none,none
wroclaw_2024_2025,45,11720,0,0,0.06800694205154131,0.0,0.1277109438655039,none,none
wroclaw_2024_2025,45,11721,0,0,0.05837913684984237,0.0,0.11685167615513782,none,none
wroclaw_2024_2025,45,11722,0,0,0.03844146341346126,0.0,0.12628308319951453,none,none
wroclaw_2024_2025,45,11723,0,0,0.033441463413461256,0.0,0.1310360433072959,none,none
wroclaw_2024_2025,45,11724,0,0,0.018979274186941918,0.0,0.1286875437766163,none,none
wroclaw_2024_2025,45,11725,0,0,0.02397927418694192,0.0,0.12839655602565025,none,none
wroclaw_2024_2025,45,11726,0,0,0.01948963709347096,0.0,0.11538728521365055,none,none
wroclaw_2024_2025,45,11727,0,0,0.03459292650503168,0.0,0.12811372244371413,none,none
wroclaw_2024_2025,45,11728,0,0,0.03392437845303867,0.0,0.13416381827594537,none,none
wroclaw_2024_2025,45,11729,0,0,0.028924378453038677,0.0,0.14381271535517812,none,none
wroclaw_2024_2025,45,11730,0,0,0.032931100506932216,0.0,0.1333919454108978,none,none
wroclaw_2024_2025,45,11731,0,0,0.01,0.0,0.13755863489676096,none,none
wroclaw_2024_2025,45,11732,0,0,0.009731094613259668,0.0,0.13232152055583252,none,none
wroclaw_2024_2025,45,11733,0,0,0.009731094613259668,0.0,0.133410195608638,none,none
wroclaw_2024_2025,45,11734,0,0,0.042662195120191884,0.0,0.13477935813431036,none,none
wroclaw_2024_2025,45,11735,0,0,0.023924378453038676,0.0,0.13916090021901714,none,none
wroclaw_2024_2025,45,11736,0,0,0.03368292093324996,0.0,0.13547024374755398,none,none
wroclaw_2024_2025,45,11737,0,0,0.024462189226519337,0.0,0.1273073763835305,none,none
wroclaw_2024_2025,45,11738,0,0,0.05892437845303867,0.0,0.12356308540720065,none,none
wroclaw_2024_2025,45,11739,0,0,0.015,0.0,0.13711095716210406,none,none
wroclaw_2024_2025,45,11740,0,0,0.014731094613259667,0.0,0.14534442604319925,none,none
wroclaw_2024_2025,45,11741,0,0,0.009462189226519337,0.0,0.15014345026870532,none,none
wroclaw_2024_2025,45,11742,0,0,0.0,0.0,0.1677175134737017,none,none
wroclaw_2024_2025,45,11743,0,0,0.00448963709347096,0.0,0.17514811056743956,none,none
wroclaw_2024_2025,45,11744,0,0,0.013951826319990297,0.0,0.16127895352631957,none,none
wroclaw_2024_2025,45,11745,0,0,0.013710368800201586,0.0,0.17158444589965835,none,none
wroclaw_2024_2025,45,11746,0,0,0.047385858903735915,0.0,0.18078049240448885,none,none
wroclaw_2024_2025,45,11747,0,0,0.06289622181026495,0.0,0.1536477738124253,none,none
wroclaw_2024_2025,45,11748,0,0,0.07722767375827194,0.0,0.1488111597152649,none,none
wroclaw_2024_2025,45,11749,0,0,0.10617950007826224,0.0,0.1397320164690457,none,none
wroclaw_2024_2025,45,11750,0,0,0.10185547895997088,0.0,0.1326437795689354,none,none
wroclaw_2024_2025,45,11751,0,0,0.05736584186649993,0.0,0.1314122546266021,none,none
wroclaw_2024_2025,45,11752,0,0,0.039193283839779006,0.0,0.14045689472669273,none,none
wroclaw_2024_2025,45,11753,0,0,0.009731094613259668,0.0,0.14678448032758284,none,none
wroclaw_2024_2025,45,11754,0,0,0.009731094613259668,0.0,0.15168575075320506,none,none
wroclaw_2024_2025,45,11755,0,0,0.019731094613259666,0.0,0.1632738750345039,none,none
wroclaw_2024_2025,45,11756,0,0,0.01,0.0,0.17225756345029714,none,none
wroclaw_2024_2025,45,11757,0,0,0.005,0.0,0.17079881278849549,none,none
wroclaw_2024_2025,45,11758,0,0,0.005,0.0,0.1749316875072335,none,none
wroclaw_2024_2025,45,11759,0,0,0.0,0.0,0.17982044987660903,none,none
wroclaw_2024_2025,45,11760,0,0,0.01,0.0,0.17522991716209077,none,none
wroclaw_2024_2025,45,11761,0,0,0.0,0.0,0.174773180567438,none,none
wroclaw_2024_2025,45,11762,0,0,0.0,0.0,0.16837200640457134,none,none
wroclaw_2024_2025,45,11763,0,0,0.005,0.0,0.17111074828962622,none,none
wroclaw_2024_2025,45,11764,0,0,0.00448963709347096,0.0,0.167694571326508,none,none
wroclaw_2024_2025,45,11765,0,0,0.0,0.0,0.16987533080102457,none,none
wroclaw_2024_2025,45,11766,0,0,0.0,0.0,0.16635409764396192,none,none
wroclaw_2024_2025,45,11767,0,0,0.0,0.0,0.18055778998410507,none,none
wroclaw_2024_2025,45,11768,0,0,0.004861831891772012,0.0,0.18956488910676528,none,none
wroclaw_2024_2025,45,11769,0,0,0.0,0.0,0.19283459535745043,none,none
wroclaw_2024_2025,45,11770,0,0,0.0,0.0,0.18439593411966437,none,none
wroclaw_2024_2025,45,11771,0,0,0.0,0.0,0.18969401454567417,none,none
wroclaw_2024_2025,45,11772,0,0,0.01422073170673063,0.0,0.20789807019386722,none,none
wroclaw_2024_2025,45,11773,0,0,0.005,0.0,0.20037215403042413,none,none
wroclaw_2024_2025,45,11774,0,0,0.009462189226519337,0.0,0.21493879226848145,none,none
wroclaw_2024_2025,45,11775,0,0,0.014731094613259667,0.0,0.19078284723965513,none,none
wroclaw_2024_2025,45,11776,0,0,0.009489637093470959,0.0,0.17477353026980622,none,none
wroclaw_2024_2025,45,11777,0,0,0.009731094613259668,0.0,0.17608449084426786,none,none
wroclaw_2024_2025,45,11778,0,0,0.0,0.0,0.16762109388752067,none,none
wroclaw_2024_2025,45,11779,0,0,0.005,0.0,0.16781656346621904,none,none
wroclaw_2024_2025,45,11780,0,0,0.0,0.0,0.17300307528272926,none,none
wroclaw_2024_2025,45,11781,0,0,0.004731094613259669,0.0,0.17145481639497295,none,none
wroclaw_2024_2025,45,11782,0,0,0.0,0.0,0.1844335119824106,none,none
wroclaw_2024_2025,45,11783,0,0,0.0,0.0,0.16287073927067874,none,none
wroclaw_2024_2025,45,11784,0,0,0.0,0.0,0.17422282519580967,none,none
wroclaw_2024_2025,45,11785,0,0,0.0,0.0,0.1753233446871174,none,none
wroclaw_2024_2025,45,11786,0,0,0.0,0.0,0.16472633977881254,none,none
wroclaw_2024_2025,45,11787,0,0,0.0,0.0,0.16672335020475607,none,none
wroclaw_2024_2025,45,11788,0,0,0.0,0.0,0.1600211799634551,none,none
wroclaw_2024_2025,45,11789,0,0,0.004861831891772012,0.0,0.15803157728334774,none,none
wroclaw_2024_2025,45,11790,0,0,0.0,0.0,0.1552898048902616,none,none
wroclaw_2024_2025,45,11791,0,0,0.0,0.0,0.15725651011132788,none,none
wroclaw_2024_2025,45,11792,0,0,0.0,0.0,0.1575774508781198,none,none
wroclaw_2024_2025,45,11793,0,0,0.0,0.0,0.1717179493723895,none,none
wroclaw_2024_2025,45,11794,0,0,0.0,0.0,0.1700016848334907,none,none
wroclaw_2024_2025,45,11795,0,0,0.0,0.0,0.17591209761495055,none,none
wroclaw_2024_2025,45,11796,0,0,0.0,0.0,0.18366339280671581,none,none
wroclaw_2024_2025,45,11797,0,0,0.0,0.0,0.18893476157777633,none,none
wroclaw_2024_2025,45,11798,0,0,0.0,0.0,0.19183148532875877,none,none
wroclaw_2024_2025,45,11799,0,0,0.0,0.0,0.18629649024540093,none,none
wroclaw_2024_2025,45,11800,0,0,0.00448963709347096,0.0,0.16960886799772928,none,none
wroclaw_2024_2025,45,11801,0,0,0.009489637093470959,0.0,0.1763804507400648,none,none
wroclaw_2024_2025,45,11802,0,0,0.00448963709347096,0.0,0.1460732795426438,none,none
wroclaw_2024_2025,45,11803,0,0,0.00448963709347096,0.0,0.14036715824727908,none,none
wroclaw_2024_2025,45,11804,0,0,0.00448963709347096,0.0,0.15227875771738836,none,none
wroclaw_2024_2025,45,11805,0,0,0.00448963709347096,0.0,0.13752561976564134,none,none
wroclaw_2024_2025,45,11806,0,0,0.00448963709347096,0.0,0.14750292783908292,none,none
wroclaw_2024_2025,45,11807,0,0,0.00448963709347096,0.0,0.1665640982245385,none,none
wroclaw_2024_2025,45,11808,0,0,0.0,0.0,0.18322622416831735,none,none
wroclaw_2024_2025,45,11809,0,0,0.004731094613259669,0.0,0.18115023869818672,none,none
wroclaw_2024_2025,45,11810,0,0,0.0,0.0,0.18334563531506592,none,none
wroclaw_2024_2025,45,11811,0,0,0.0,0.0,0.1694376440189828,none,none
wroclaw_2024_2025,45,11812,0,0,0.0,0.0,0.18051517164660016,none,none
wroclaw_2024_2025,45,11813,0,0,0.0,0.0,0.17696660859779767,none,none
wroclaw_2024_2025,45,11814,0,0,0.0,0.0,0.1470058883476457,none,none
wroclaw_2024_2025,45,11815,0,0,0.0,0.0,0.12734489577663338,none,none
wroclaw_2024_2025,45,11816,0,0,0.0,0.0,0.14835041659663836,none,none
wroclaw_2024_2025,45,11817,0,0,0.0,0.0,0.14912448703786374,none,none
wroclaw_2024_2025,45,11818,0,0,0.0,0.0,0.1548911419378906,none,none
wroclaw_2024_2025,45,11819,0,0,0.0,0.0,0.14969046589114793,none,none
wroclaw_2024_2025,45,11820,0,0,0.0,0.0,0.15087737069003515,none,none
wroclaw_2024_2025,45,11821,0,0,0.0,0.0,0.14721090488653912,none,none
wroclaw_2024_2025,45,11822,0,0,0.0,0.0,0.12881800615660643,none,none
wroclaw_2024_2025,45,11823,0,0,0.0,0.0,0.130372783284191,none,none
wroclaw_2024_2025,45,11824,0,0,0.0,0.0,0.13541709197287424,none,none
wroclaw_2024_2025,45,11825,0,0,0.004731094613259669,0.0,0.14175396912368052,none,none
wroclaw_2024_2025,45,11826,0,0,0.0,0.0,0.14911920392140604,none,none
wroclaw_2024_2025,45,11827,0,0,0.005,0.0,0.13854713385755182,none,none
wroclaw_2024_2025,45,11828,0,0,0.005,0.0,0.1412797442223768,none,none
wroclaw_2024_2025,45,11829,0,0,0.004731094613259669,0.0,0.13584203885227378,none,none
wroclaw_2024_2025,45,11830,0,0,0.0,0.0,0.13891608059275998,none,none
wroclaw_2024_2025,45,11831,0,0,0.013951826319990297,0.0,0.14847819139352403,none,none
wroclaw_2024_2025,45,11832,0,0,0.014193283839779008,0.0,0.15524025981316694,none,none
wroclaw_2024_2025,45,11833,0,0,0.009220731706730628,0.0,0.17429298682646555,none,none
wroclaw_2024_2025,45,11834,0,0,0.009220731706730628,0.0,0.20917174773190256,none,none
wroclaw_2024_2025,45,11835,0,0,0.0,0.0,0.2218988333441448,none,none
wroclaw_2024_2025,45,11836,0,0,0.005,0.0,0.22693758247999865,none,none
wroclaw_2024_2025,45,11837,0,0,0.0,0.0,0.2248304401655964,none,none
wroclaw_2024_2025,45,11838,0,0,0.0,0.0,0.23465990299424794,none,none
wroclaw_2024_2025,45,11839,0,0,0.0,0.0,0.2321333985992571,none,none
wroclaw_2024_2025,45,11840,0,0,0.0,0.0,0.2358585562123631,none,none
wroclaw_2024_2025,45,11841,0,0,0.00448963709347096,0.0,0.23397466997890307,none,none
wroclaw_2024_2025,45,11842,0,0,0.00448963709347096,0.0,0.2357407214135269,none,none
wroclaw_2024_2025,45,11843,0,0,0.00448963709347096,0.0,0.2289552890877753,none,none
wroclaw_2024_2025,45,11844,0,0,0.0,0.0,0.2303863058527059,none,none
wroclaw_2024_2025,45,11845,0,0,0.0,0.0,0.2327747868087083,none,none
wroclaw_2024_2025,45,11846,0,0,0.0,0.0,0.23471102162131638,none,none
wroclaw_2024_2025,45,11847,0,0,0.0,0.0,0.23402944185240362,none,none
wroclaw_2024_2025,45,11848,0,0,0.0,0.0,0.2367897313404601,none,none
wroclaw_2024_2025,45,11849,0,0,0.0,0.0,0.23356335553887791,none,none
wroclaw_2024_2025,45,11850,0,0,0.0,0.0,0.24186057396651572,none,none
wroclaw_2024_2025,45,11851,0,0,0.0,0.0,0.24514301171131408,none,none
wroclaw_2024_2025,45,11852,0,0,0.0,0.0,0.23760148284718965,none,none
wroclaw_2024_2025,45,11853,0,0,0.00448963709347096,0.0,0.22551823524234774,none,none
wroclaw_2024_2025,45,11854,0,0,0.005,0.0,0.20998428981073575,none,none
wroclaw_2024_2025,45,11855,0,0,0.005,0.0,0.20127275039749098,none,none
wroclaw_2024_2025,45,11856,0,0,0.005,0.0,0.194631933350007,none,none
wroclaw_2024_2025,45,11857,0,0,0.01,0.0,0.1799525412760795,none,none
wroclaw_2024_2025,45,11858,0,0,0.015,0.0,0.19997320360243653,none,none
wroclaw_2024_2025,45,11859,0,0,0.019731094613259666,0.0,0.2310983858747707,none,none
wroclaw_2024_2025,45,11860,0,0,0.02,0.0,0.22659617490118703,none,none
wroclaw_2024_2025,45,11861,0,0,0.015,0.0,0.20583098956985396,none,none
wroclaw_2024_2025,45,11862,0,0,0.02486183189177201,0.0,0.19568969480996065,none,none
wroclaw_2024_2025,45,11863,0,0,0.02,0.0,0.1885184055182953,none,none
wroclaw_2024_2025,45,11864,0,0,0.025,0.0,0.18763393961136787,none,none
wroclaw_2024_2025,45,11865,0,0,0.03,0.0,0.1981667335778351,none,none
wroclaw_2024_2025,45,11866,0,0,0.03,0.0,0.2131699250526729,none,none
wroclaw_2024_2025,45,11867,0,0,0.03448963709347096,0.0,0.2331680221703511,none,none
wroclaw_2024_2025,45,11868,0,0,0.038979274186941915,0.0,0.21265915054584442,none,none
wroclaw_2024_2025,45,11869,0,0,0.03422073170673062,0.0,0.2035126286170255,none,none
wroclaw_2024_2025,45,11870,0,0,0.02973109461325967,0.0,0.22334518479144677,none,none
wroclaw_2024_2025,45,11871,0,0,0.03422073170673062,0.0,0.23680994326035915,none,none
wroclaw_2024_2025,45,11872,0,0,0.044220731706730625,0.0,0.2132494295194733,none,none
wroclaw_2024_2025,45,11873,0,0,0.029193283839779004,0.0,0.20573902740620534,none,none
wroclaw_2024_2025,45,11874,0,0,0.024193283839779006,0.0,0.20064536882682665,none,none
wroclaw_2024_2025,45,11875,0,0,0.00448963709347096,0.0,0.19532034502010903,none,none
wroclaw_2024_2025,45,11876,0,0,0.00448963709347096,0.0,0.18904229387229482,none,none
wroclaw_2024_2025,45,11877,0,0,0.009731094613259668,0.0,0.19346832849075307,none,none
wroclaw_2024_2025,45,11878,0,0,0.009731094613259668,0.0,0.18939728223419716,none,none
wroclaw_2024_2025,45,11879,0,0,0.004731094613259669,0.0,0.186170087502562,none,none
wroclaw_2024_2025,45,11880,0,0,0.004731094613259669,0.0,0.18653419765159354,none,none
wroclaw_2024_2025,45,11881,0,0,0.0,0.0,0.18997809094356535,none,none
wroclaw_2024_2025,45,11882,0,0,0.00448963709347096,0.0,0.19567391305304108,none,none
wroclaw_2024_2025,45,11883,0,0,0.009220731706730628,0.0,0.21002631064676258,none,none
wroclaw_2024_2025,45,11884,0,0,0.009220731706730628,0.0,0.2163991564144177,none,none
wroclaw_2024_2025,45,11885,0,0,0.009220731706730628,0.0,0.21126413020203272,none,none
wroclaw_2024_2025,45,11886,0,0,0.009220731706730628,0.0,0.18830383665757144,none,none
wroclaw_2024_2025,45,11887,0,0,0.004731094613259669,0.0,0.16968567128216538,none,none
wroclaw_2024_2025,45,11888,0,0,0.013468911280412879,0.0,0.16294675341969647,none,none
wroclaw_2024_2025,45,11889,0,0,0.00897927418694192,0.0,0.1719616708388452,none,none
wroclaw_2024_2025,45,11890,0,0,0.00448963709347096,0.0,0.17593176243976616,none,none
wroclaw_2024_2025,45,11891,0,0,0.009220731706730628,0.0,0.17859531033326448,none,none
wroclaw_2024_2025,45,11892,0,0,0.00448963709347096,0.0,0.17724747799374477,none,none
wroclaw_2024_2025,45,11893,0,0,0.009220731706730628,0.0,0.1752467990247972,none,none
wroclaw_2024_2025,45,11894,0,0,0.009220731706730628,0.0,0.17197918706396711,none,none
wroclaw_2024_2025,45,11895,0,0,0.00448963709347096,0.0,0.16014895947324972,none,none
wroclaw_2024_2025,45,11896,0,0,0.00448963709347096,0.0,0.16923513881887356,none,none
wroclaw_2024_2025,45,11897,0,0,0.004731094613259669,0.0,0.1553904895534236,none,none
wroclaw_2024_2025,45,11898,0,0,0.005,0.0,0.152165279254826,none,none
wroclaw_2024_2025,45,11899,0,0,0.02368292093324997,0.0,0.15024224317106227,none,none
wroclaw_2024_2025,45,11900,0,0,0.018951826319990296,0.0,0.1615001365714248,none,none
wroclaw_2024_2025,45,11901,0,0,0.019462189226519336,0.0,0.15677212199224932,none,none
wroclaw_2024_2025,45,11902,0,0,0.019220731706730627,0.0,0.1631728588881452,none,none
wroclaw_2024_2025,45,11903,0,0,0.009731094613259668,0.0,0.15504232896357895,none,none
wroclaw_2024_2025,45,11904,0,0,0.018951826319990296,0.0,0.16402980476146897,none,none
wroclaw_2024_2025,45,11905,0,0,0.014193283839779008,0.0,0.1724376508389367,none,none
wroclaw_2024_2025,45,11906,0,0,0.004731094613259669,0.0,0.17793364502100634,none,none
wroclaw_2024_2025,45,11907,0,0,0.004731094613259669,0.0,0.18165380741273898,none,none
wroclaw_2024_2025,45,11908,0,0,0.009462189226519337,0.0,0.1917623657600405,none,none
wroclaw_2024_2025,45,11909,0,0,0.0,0.0,0.18093807401594475,none,none
wroclaw_2024_2025,45,11910,0,0,0.01,0.0,0.18159438741486952,none,none
wroclaw_2024_2025,45,11911,0,0,0.009731094613259668,0.0,0.1688760137048929,none,none
wroclaw_2024_2025,45,11912,0,0,0.009731094613259668,0.0,0.17346805997521858,none,none
wroclaw_2024_2025,45,11913,0,0,0.009462189226519337,0.0,0.17921951043292333,none,none
wroclaw_2024_2025,45,11914,0,0,0.009731094613259668,0.0,0.1646324129083673,none,none
wroclaw_2024_2025,45,11915,0,0,0.014193283839779008,0.0,0.1723204575483255,none,none
wroclaw_2024_2025,45,11916,0,0,0.004731094613259669,0.0,0.15732212087953532,none,none
wroclaw_2024_2025,45,11917,0,0,0.004731094613259669,0.0,0.1535558219867966,none,none
wroclaw_2024_2025,45,11918,0,0,0.014462189226519338,0.0,0.15236685626619936,none,none
wroclaw_2024_2025,45,11919,0,0,0.01919328383977901,0.0,0.1482697333801284,none,none
wroclaw_2024_2025,45,11920,0,0,0.014462189226519338,0.0,0.14989925754673042,none,none
wroclaw_2024_2025,45,11921,0,0,0.014462189226519338,0.0,0.16738072441917815,none,none
wroclaw_2024_2025,45,11922,0,0,0.028682920933249968,0.0,0.17292690455427867,none,none
wroclaw_2024_2025,45,11923,0,0,0.01422073170673063,0.0,0.17527322948041305,none,none
wroclaw_2024_2025,45,11924,0,0,0.004731094613259669,0.0,0.1750305234398575,none,none
wroclaw_2024_2025,45,11925,0,0,0.0,0.0,0.17545406721638304,none,none
wroclaw_2024_2025,45,11926,0,0,0.005,0.0,0.18220840166109104,none,none
wroclaw_2024_2025,45,11927,0,0,0.004731094613259669,0.0,0.18069459719532124,none,none
wroclaw_2024_2025,45,11928,0,0,0.009462189226519337,0.0,0.18631940559078006,none,none
wroclaw_2024_2025,45,11929,0,0,0.004731094613259669,0.0,0.2175393597977712,none,none
wroclaw_2024_2025,45,11930,0,0,0.0,0.0,0.23255270569910402,none,none
wroclaw_2024_2025,45,11931,0,0,0.0,0.0,0.23522893013459692,none,none
wroclaw_2024_2025,45,11932,0,0,0.0,0.0,0.23898130270410006,none,none
wroclaw_2024_2025,45,11933,0,0,0.0,0.0,0.25163101479488725,none,none
wroclaw_2024_2025,45,11934,0,0,0.0,0.0,0.2567482058916005,none,none
wroclaw_2024_2025,45,11935,0,0,0.0,0.0,0.24232381968937877,none,none
wroclaw_2024_2025,45,11936,0,0,0.0,0.0,0.23583818278676472,none,none
wroclaw_2024_2025,45,11937,0,0,0.0,0.0,0.23897504636105588,none,none
wroclaw_2024_2025,45,11938,0,0,0.00448963709347096,0.0,0.23549854410169097,none,none
wroclaw_2024_2025,45,11939,0,0,0.00448963709347096,0.0,0.23586541619497317,none,none
wroclaw_2024_2025,45,11940,0,0,0.009731094613259668,0.0,0.23311450137970066,none,none
wroclaw_2024_2025,45,11941,0,0,0.005,0.0,0.24001731770909004,none,none
wroclaw_2024_2025,45,11942,0,0,0.005,0.0,0.2404995640886931,none,none
wroclaw_2024_2025,45,11943,0,0,0.005,0.0,0.22561689452359762,none,none
wroclaw_2024_2025,45,11944,0,0,0.005,0.0,0.22541624340471067,none,none
wroclaw_2024_2025,45,11945,0,0,0.009489637093470959,0.0,0.2114451982060832,none,none
wroclaw_2024_2025,45,11946,0,0,0.01922073170673063,0.0,0.2272142348223524,none,none
wroclaw_2024_2025,45,11947,0,0,0.01922073170673063,0.0,0.24588299655797924,none,none
wroclaw_2024_2025,45,11948,0,0,0.01448963709347096,0.0,0.2525539667060045,none,none
wroclaw_2024_2025,45,11949,0,0,0.01922073170673063,0.0,0.2608055448374123,none,none
wroclaw_2024_2025,45,11950,0,0,0.028682920933249964,0.0,0.24700932824381772,none,none
wroclaw_2024_2025,45,11951,0,0,0.033951826319990296,0.0,0.2583589567865648,none,none
wroclaw_2024_2025,45,11952,0,0,0.03868292093324996,0.0,0.2471608596135978,none,none
wroclaw_2024_2025,45,11953,0,0,0.033951826319990296,0.0,0.21762132748365728,none,none
wroclaw_2024_2025,45,11954,0,0,0.03973109461325967,0.0,0.21855263660507496,none,none
wroclaw_2024_2025,45,11955,0,0,0.04392437845303867,0.0,0.21456303970422355,none,none
wroclaw_2024_2025,45,11956,0,0,0.039193283839779006,0.0,0.20896850242619572,none,none
wroclaw_2024_2025,45,11957,0,0,0.02973109461325967,0.0,0.21002978823863405,none,none
wroclaw_2024_2025,45,11958,0,0,0.03946218922651933,0.0,0.18707429771727202,none,none
wroclaw_2024_2025,45,11959,0,0,0.044193283839779,0.0,0.18950114478562402,none,none
wroclaw_2024_2025,45,11960,0,0,0.04446218922651934,0.0,0.18640316038010654,none,none
wroclaw_2024_2025,45,11961,0,0,0.04868292093324996,0.0,0.2037729749311546,none,none
wroclaw_2024_2025,45,11962,0,0,0.04395182631999029,0.0,0.22142730255299795,none,none
wroclaw_2024_2025,45,11963,0,0,0.02973109461325967,0.0,0.23841762102905303,none,none
wroclaw_2024_2025,45,11964,0,0,0.039193283839779006,0.0,0.22129423068669182,none,none
wroclaw_2024_2025,45,11965,0,0,0.03473109461325967,0.0,0.21189019927695285,none,none
wroclaw_2024_2025,45,11966,0,0,0.03946218922651933,0.0,0.22907578635833364,none,none
wroclaw_2024_2025,45,11967,0,0,0.054193283839779005,0.0,0.24406431162513895,none,none
wroclaw_2024_2025,45,11968,0,0,0.07419328383977901,0.0,0.21127405672567917,none,none
wroclaw_2024_2025,45,11969,0,0,0.05446218922651933,0.0,0.20160983756143203,none,none
wroclaw_2024_2025,45,11970,0,0,0.044193283839779,0.0,0.19263927657584734,none,none
wroclaw_2024_2025,45,11971,0,0,0.049462189226519335,0.0,0.19174292918017213,none,none
wroclaw_2024_2025,45,11972,0,0,0.05395182631999029,0.0,0.20530693472499084,none,none
wroclaw_2024_2025,45,11973,0,0,0.05368292093324996,0.0,0.21929060810707854,none,none
wroclaw_2024_2025,45,11974,0,0,0.05368292093324996,0.0,0.207350737838189,none,none
wroclaw_2024_2025,45,11975,0,0,0.05422073170673063,0.0,0.21382816612858355,none,none
wroclaw_2024_2025,45,11976,0,0,0.049462189226519335,0.0,0.21490893037537087,none,none
wroclaw_2024_2025,45,11977,0,0,0.039193283839779006,0.0,0.20860670954821853,none,none
wroclaw_2024_2025,45,11978,0,0,0.024731094613259667,0.0,0.21183417589514736,none,none
wroclaw_2024_2025,45,11979,0,0,0.01,0.0,0.20487828275123016,none,none
wroclaw_2024_2025,45,11980,0,0,0.00448963709347096,0.0,0.2178101183180076,none,none
wroclaw_2024_2025,45,11981,0,0,0.0,0.0,0.2215073639343158,none,none
wroclaw_2024_2025,45,11982,0,0,0.0,0.0,0.20933125812017422,none,none
wroclaw_2024_2025,45,11983,0,0,0.0,0.0,0.2206684037790527,none,none
wroclaw_2024_2025,45,11984,0,0,0.0,0.0,0.21346859586096642,none,none
wroclaw_2024_2025,45,11985,0,0,0.009220731706730628,0.0,0.2094418099123677,none,none
wroclaw_2024_2025,45,11986,0,0,0.013951826319990297,0.0,0.20623799858802128,none,none
wroclaw_2024_2025,45,11987,0,0,0.009462189226519337,0.0,0.21788914183773703,none,none
wroclaw_2024_2025,45,11988,0,0,0.0,0.0,0.23382054177503206,none,none
wroclaw_2024_2025,45,11989,0,0,0.0,0.0,0.20801273985183524,none,none
wroclaw_2024_2025,45,11990,0,0,0.0,0.0,0.19580534199474905,none,none
wroclaw_2024_2025,45,11991,0,0,0.0,0.0,0.1837821597320552,none,none
wroclaw_2024_2025,45,11992,0,0,0.004731094613259669,0.0,0.1832618664789467,none,none
wroclaw_2024_2025,45,11993,0,0,0.009489637093470959,0.0,0.18585997455088307,none,none
wroclaw_2024_2025,45,11994,0,0,0.009489637093470959,0.0,0.17578067323832774,none,none
wroclaw_2024_2025,45,11995,0,0,0.009731094613259668,0.0,0.17434834020379839,none,none
wroclaw_2024_2025,45,11996,0,0,0.009731094613259668,0.0,0.17819612241398264,none,none
wroclaw_2024_2025,45,11997,0,0,0.009731094613259668,0.0,0.17877381951563345,none,none
wroclaw_2024_2025,45,11998,0,0,0.009731094613259668,0.0,0.1847501508417436,none,none
wroclaw_2024_2025,45,11999,0,0,0.00448963709347096,0.0,0.17827296521898964,none,none
wroclaw_2024_2025,45,12000,0,0,0.01422073170673063,0.0,0.18648378386947403,none,none
wroclaw_2024_2025,45,12001,0,0,0.01922073170673063,0.0,0.19764842819039363,none,none
wroclaw_2024_2025,45,12002,0,0,0.01922073170673063,0.0,0.18947458865199038,none,none
wroclaw_2024_2025,45,12003,0,0,0.01922073170673063,0.0,0.1942259690274637,none,none
wroclaw_2024_2025,45,12004,0,0,0.01422073170673063,0.0,0.18184619038966987,none,none
wroclaw_2024_2025,45,12005,0,0,0.028710368800201592,0.0,0.18396505240756675,none,none
wroclaw_2024_2025,45,12006,0,0,0.01948963709347096,0.0,0.18668661195664782,none,none
wroclaw_2024_2025,45,12007,0,0,0.043172558026720924,0.0,0.1905996108257536,none,none
wroclaw_2024_2025,45,12008,0,0,0.023951826319990297,0.0,0.18454677500367025,none,none
wroclaw_2024_2025,45,12009,0,0,0.01871036880020159,0.0,0.17748705267452058,none,none
wroclaw_2024_2025,45,12010,0,0,0.018979274186941918,0.0,0.17577633507189538,none,none
wroclaw_2024_2025,45,12011,0,0,0.013979274186941918,0.0,0.16275626612352737,none,none
wroclaw_2024_2025,45,12012,0,0,0.032903652639980595,0.0,0.16738586367588698,none,none
wroclaw_2024_2025,45,12013,0,0,0.013951826319990297,0.0,0.1440936463528107,none,none
wroclaw_2024_2025,45,12014,0,0,0.01959292650503168,0.0,0.1507469675163543,none,none
wroclaw_2024_2025,45,12015,0,0,0.004731094613259669,0.0,0.15590443885941158,none,none
wroclaw_2024_2025,45,12016,0,0,0.004731094613259669,0.0,0.14140193160207862,none,none
wroclaw_2024_2025,45,12017,0,0,0.024220731706730624,0.0,0.14171810864774312,none,none
wroclaw_2024_2025,45,12018,0,0,0.02320000589367255,0.0,0.13639867409476458,none,none
wroclaw_2024_2025,45,12019,0,0,0.07658657357323055,0.0,0.14377856695752675,none,none
wroclaw_2024_2025,45,12020,0,0,0.058414015546509636,0.0,0.148943932149554,none,none
wroclaw_2024_2025,45,12021,0,0,0.034351468985242974,0.0,0.13849238740217704,none,none
wroclaw_2024_2025,45,12022,0,0,0.014454758396803692,0.0,0.1469902161213994,none,none
wroclaw_2024_2025,45,12023,0,0,0.009731094613259668,0.0,0.15261346529133474,none,none
wroclaw_2024_2025,45,12024,0,0,0.01422073170673063,0.0,0.15742414198062082,none,none
wroclaw_2024_2025,45,12025,0,0,0.00448963709347096,0.0,0.18091897885355795,none,none
wroclaw_2024_2025,45,12026,0,0,0.00448963709347096,0.0,0.21740650942676223,none,none
wroclaw_2024_2025,45,12027,0,0,0.00448963709347096,0.0,0.2189905261825639,none,none
wroclaw_2024_2025,45,12028,0,0,0.0,0.0,0.23898952879099974,none,none
wroclaw_2024_2025,45,12029,0,0,0.0,0.0,0.2591839830789954,none,none
wroclaw_2024_2025,45,12030,0,0,0.0,0.0,0.263068276132406,none,none
wroclaw_2024_2025,45,12031,0,0,0.01422073170673063,0.0,0.2460298206571919,none,none
wroclaw_2024_2025,45,12032,0,0,0.009731094613259668,0.0,0.2399374017315611,none,none
wroclaw_2024_2025,45,12033,0,0,0.009731094613259668,0.0,0.23908138855812877,none,none
wroclaw_2024_2025,45,12034,0,0,0.014731094613259667,0.0,0.22805305540080878,none,none
wroclaw_2024_2025,45,12035,0,0,0.014731094613259667,0.0,0.21911810183828181,none,none
wroclaw_2024_2025,45,12036,0,0,0.009731094613259668,0.0,0.22657733724759177,none,none
wroclaw_2024_2025,45,12037,0,0,0.009731094613259668,0.0,0.2280572179033846,none,none
wroclaw_2024_2025,45,12038,0,0,0.005,0.0,0.23216611627137698,none,none
wroclaw_2024_2025,45,12039,0,0,0.005,0.0,0.21731464232017197,none,none
wroclaw_2024_2025,45,12040,0,0,0.005,0.0,0.22133465453814785,none,none
wroclaw_2024_2025,45,12041,0,0,0.005,0.0,0.21704132831719428,none,none
wroclaw_2024_2025,45,12042,0,0,0.005,0.0,0.22258692014527634,none,none
wroclaw_2024_2025,45,12043,0,0,0.005,0.0,0.23535435803158014,none,none
wroclaw_2024_2025,45,12044,0,0,0.01,0.0,0.24527950799053574,none,none
wroclaw_2024_2025,45,12045,0,0,0.01,0.0,0.24923261173753275,none,none
wroclaw_2024_2025,45,12046,0,0,0.014731094613259667,0.0,0.22609626095624538,none,none
wroclaw_2024_2025,45,12047,0,0,0.019462189226519336,0.0,0.22087132770736131,none,none
wroclaw_2024_2025,45,12048,0,0,0.019462189226519336,0.0,0.22145107850088314,none,none
wroclaw_2024_2025,45,12049,0,0,0.019462189226519336,0.0,0.20211338650759092,none,none
wroclaw_2024_2025,45,12050,0,0,0.029462189226519334,0.0,0.20170462209119142,none,none
wroclaw_2024_2025,45,12051,0,0,0.024731094613259667,0.0,0.20870631463105452,none,none
wroclaw_2024_2025,45,12052,0,0,0.029462189226519334,0.0,0.21101384325126193,none,none
wroclaw_2024_2025,45,12053,0,0,0.029462189226519334,0.0,0.2068240122660291,none,none
wroclaw_2024_2025,45,12054,0,0,0.029462189226519334,0.0,0.21164709939745338,none,none
wroclaw_2024_2025,45,12055,0,0,0.029462189226519334,0.0,0.19653228632461914,none,none
wroclaw_2024_2025,45,12056,0,0,0.029462189226519334,0.0,0.21223495102715312,none,none
wroclaw_2024_2025,45,12057,0,0,0.034462189226519335,0.0,0.19555546332377133,none,none
wroclaw_2024_2025,45,12058,0,0,0.03473109461325967,0.0,0.2175876692584003,none,none
wroclaw_2024_2025,45,12059,0,0,0.03946218922651933,0.0,0.2424077009351515,none,none
wroclaw_2024_2025,45,12060,0,0,0.03473109461325967,0.0,0.22539876448804877,none,none
wroclaw_2024_2025,45,12061,0,0,0.03473109461325967,0.0,0.23818541540016,none,none
wroclaw_2024_2025,45,12062,0,0,0.03473109461325967,0.0,0.24164653001827813,none,none
wroclaw_2024_2025,45,12063,0,0,0.04392437845303867,0.0,0.21844810700535228,none,none
wroclaw_2024_2025,45,12064,0,0,0.03865547306629834,0.0,0.1967156048604068,none,none
wroclaw_2024_2025,45,12065,0,0,0.029193283839779004,0.0,0.18804814385473148,none,none
wroclaw_2024_2025,45,12066,0,0,0.03892437845303867,0.0,0.1944261021559582,none,none
wroclaw_2024_2025,45,12067,0,0,0.09338656767955801,0.0,0.19534267838069172,none,none
wroclaw_2024_2025,45,12068,0,0,0.12311766229281768,0.0,0.18917027119292087,none,none
wroclaw_2024_2025,45,12069,0,0,0.10365547306629834,0.0,0.22489498131857602,none,none
wroclaw_2024_2025,45,12070,0,0,0.09338656767955801,0.0,0.2423498221246191,none,none
wroclaw_2024_2025,45,12071,0,0,0.07838656767955801,0.0,0.26066899400086474,none,none
wroclaw_2024_2025,45,12072,0,0,0.09338656767955801,0.0,0.27598239828215143,none,none
wroclaw_2024_2025,45,12073,0,0,0.07892437845303867,0.0,0.2612831876803965,none,none
wroclaw_2024_2025,45,12074,0,0,0.09260729938628863,0.0,0.24203796912431907,none,none
wroclaw_2024_2025,45,12075,0,0,0.06365547306629833,0.0,0.2265600937398724,none,none
wroclaw_2024_2025,45,12076,0,0,0.06392437845303867,0.0,0.2224676300721405,none,none
wroclaw_2024_2025,45,12077,0,0,0.049193283839779,0.0,0.2168391089647688,none,none
wroclaw_2024_2025,45,12078,0,0,0.03973109461325967,0.0,0.22175317721671545,none,none
wroclaw_2024_2025,45,12079,0,0,0.035,0.0,0.20944320264571487,none,none
wroclaw_2024_2025,45,12080,0,0,0.03973109461325967,0.0,0.21577025991261312,none,none
wroclaw_2024_2025,45,12081,0,0,0.024731094613259667,0.0,0.2036850610838926,none,none
wroclaw_2024_2025,45,12082,0,0,0.03895182631999029,0.0,0.21094271321672703,none,none
wroclaw_2024_2025,45,12083,0,0,0.014731094613259667,0.0,0.2132170961839385,none,none
wroclaw_2024_2025,45,12084,0,0,0.01422073170673063,0.0,0.21588653252010723,none,none
wroclaw_2024_2025,45,12085,0,0,0.014731094613259667,0.0,0.20398962804184892,none,none
wroclaw_2024_2025,45,12086,0,0,0.023951826319990297,0.0,0.20228116728041273,none,none
wroclaw_2024_2025,45,12087,0,0,0.03317255802672092,0.0,0.23159361660624977,none,none
wroclaw_2024_2025,45,12088,0,0,0.0381451101597693,0.0,0.2272707163416372,none,none
wroclaw_2024_2025,45,12089,0,0,0.024193283839779006,0.0,0.20743657002210344,none,none
wroclaw_2024_2025,45,12090,0,0,0.014462189226519338,0.0,0.19838595280281415,none,none
wroclaw_2024_2025,45,12091,0,0,0.014731094613259667,0.0,0.19194422227250377,none,none
wroclaw_2024_2025,45,12092,0,0,0.019462189226519336,0.0,0.19429957191454902,none,none
wroclaw_2024_2025,45,12093,0,0,0.019220731706730627,0.0,0.18880589988648488,none,none
wroclaw_2024_2025,45,12094,0,0,0.01422073170673063,0.0,0.1842130787978253,none,none
wroclaw_2024_2025,45,12095,0,0,0.023441463413461257,0.0,0.18120569941234216,none,none
wroclaw_2024_2025,45,12096,0,0,0.018951826319990296,0.0,0.1848368057883758,none,none
wroclaw_2024_2025,45,12097,0,0,0.023441463413461257,0.0,0.1856415110805355,none,none
wroclaw_2024_2025,45,12098,0,0,0.01422073170673063,0.0,0.1880769279623788,none,none
wroclaw_2024_2025,45,12099,0,0,0.01422073170673063,0.0,0.19776879882380896,none,none
wroclaw_2024_2025,45,12100,0,0,0.023441463413461257,0.0,0.20033818116291102,none,none
wroclaw_2024_2025,45,12101,0,0,0.03341401554650963,0.0,0.20377294188757672,none,none
wroclaw_2024_2025,45,12102,0,0,0.028682920933249964,0.0,0.20578078974651628,none,none
wroclaw_2024_2025,45,12103,0,0,0.033951826319990296,0.0,0.19792589122156654,none,none
wroclaw_2024_2025,45,12104,0,0,0.043682920933249964,0.0,0.20865912562503483,none,none
wroclaw_2024_2025,45,12105,0,0,0.03868292093324996,0.0,0.2068769144040153,none,none
wroclaw_2024_2025,45,12106,0,0,0.028682920933249964,0.0,0.18542639489977128,none,none
wroclaw_2024_2025,45,12107,0,0,0.023951826319990297,0.0,0.18780529838306412,none,none
wroclaw_2024_2025,45,12108,0,0,0.01922073170673063,0.0,0.17887718308670247,none,none
wroclaw_2024_2025,45,12109,0,0,0.01871036880020159,0.0,0.1500490179724488,none,none
wroclaw_2024_2025,45,12110,0,0,0.01871036880020159,0.0,0.1709628164245274,none,none
wroclaw_2024_2025,45,12111,0,0,0.009489637093470959,0.0,0.17867974878733184,none,none
wroclaw_2024_2025,45,12112,0,0,0.01422073170673063,0.0,0.14624702213448038,none,none
wroclaw_2024_2025,45,12113,0,0,0.01422073170673063,0.0,0.14997989205964135,none,none
wroclaw_2024_2025,45,12114,0,0,0.01922073170673063,0.0,0.15022679103979814,none,none
wroclaw_2024_2025,45,12115,0,0,0.004731094613259669,0.0,0.13842018141757959,none,none
wroclaw_2024_2025,45,12116,0,0,0.009731094613259668,0.0,0.13741218645145747,none,none
wroclaw_2024_2025,45,12117,0,0,0.009731094613259668,0.0,0.13024729756498882,none,none
wroclaw_2024_2025,45,12118,0,0,0.01922073170673063,0.0,0.14972397479283114,none,none
wroclaw_2024_2025,45,12119,0,0,0.024193283839779006,0.0,0.1529560896845891,none,none
wroclaw_2024_2025,45,12120,0,0,0.014731094613259667,0.0,0.16298310948952263,none,none
wroclaw_2024_2025,45,12121,0,0,0.004731094613259669,0.0,0.1902704767574487,none,none
wroclaw_2024_2025,45,12122,0,0,0.004731094613259669,0.0,0.22747525201013544,none,none
wroclaw_2024_2025,45,12123,0,0,0.004731094613259669,0.0,0.23746656905984204,none,none
wroclaw_2024_2025,45,12124,0,0,0.004731094613259669,0.0,0.2423806084683345,none,none
wroclaw_2024_2025,45,12125,0,0,0.004731094613259669,0.0,0.24751433366839512,none,none
wroclaw_2024_2025,45,12126,0,0,0.004731094613259669,0.0,0.25357705225588356,none,none
wroclaw_2024_2025,45,12127,0,0,0.004731094613259669,0.0,0.23879475405079476,none,none
wroclaw_2024_2025,45,12128,0,0,0.009462189226519337,0.0,0.2327650972515263,none,none
wroclaw_2024_2025,45,12129,0,0,0.014462189226519338,0.0,0.22661834354896992,none,none
wroclaw_2024_2025,45,12130,0,0,0.014462189226519338,0.0,0.2218095347582152,none,none
wroclaw_2024_2025,45,12131,0,0,0.009731094613259668,0.0,0.23143257830710096,none,none
wroclaw_2024_2025,45,12132,0,0,0.005,0.0,0.22248047815973793,none,none
wroclaw_2024_2025,45,12133,0,0,0.005,0.0,0.23634512164607854,none,none
wroclaw_2024_2025,45,12134,0,0,0.01,0.0,0.23324167488464215,none,none
wroclaw_2024_2025,45,12135,0,0,0.005,0.0,0.22992309986178447,none,none
wroclaw_2024_2025,45,12136,0,0,0.005,0.0,0.22665831868541736,none,none
wroclaw_2024_2025,45,12137,0,0,0.005,0.0,0.2223107866445744,none,none
wroclaw_2024_2025,45,12138,0,0,0.005,0.0,0.2068679799387209,none,none
wroclaw_2024_2025,45,12139,0,0,0.014861831891772011,0.0,0.21326460767237013,none,none
wroclaw_2024_2025,45,12140,0,0,0.01,0.0,0.2239708748792789,none,none
wroclaw_2024_2025,45,12141,0,0,0.01,0.0,0.22075524853738376,none,none
wroclaw_2024_2025,45,12142,0,0,0.014731094613259667,0.0,0.20116932712246444,none,none
wroclaw_2024_2025,45,12143,0,0,0.014731094613259667,0.0,0.20454789069694715,none,none
wroclaw_2024_2025,45,12144,0,0,0.014731094613259667,0.0,0.19250309258279355,none,none
wroclaw_2024_2025,45,12145,0,0,0.024462189226519337,0.0,0.1920849845550757,none,none
wroclaw_2024_2025,45,12146,0,0,0.03932402111829134,0.0,0.19442966531049016,none,none
wroclaw_2024_2025,45,12147,0,0,0.04446218922651934,0.0,0.20927098479088072,none,none
wroclaw_2024_2025,45,12148,0,0,0.04432402111829134,0.0,0.21463758205278452,none,none
wroclaw_2024_2025,45,12149,0,0,0.03946218922651933,0.0,0.20729136532744305,none,none
wroclaw_2024_2025,45,12150,0,0,0.03946218922651933,0.0,0.20886223263459863,none,none
wroclaw_2024_2025,45,12151,0,0,0.03946218922651933,0.0,0.194648310062362,none,none
wroclaw_2024_2025,45,12152,0,0,0.034462189226519335,0.0,0.1973426803991446,none,none
wroclaw_2024_2025,45,12153,0,0,0.039193283839779006,0.0,0.19383411093069633,none,none
wroclaw_2024_2025,45,12154,0,0,0.034462189226519335,0.0,0.19425545195220079,none,none
wroclaw_2024_2025,45,12155,0,0,0.024731094613259667,0.0,0.19309143013699795,none,none
wroclaw_2024_2025,45,12156,0,0,0.02973109461325967,0.0,0.19568877182883193,none,none
wroclaw_2024_2025,45,12157,0,0,0.039193283839779006,0.0,0.20619316979350155,none,none
wroclaw_2024_2025,45,12158,0,0,0.04865547306629834,0.0,0.2052832644173426,none,none
wroclaw_2024_2025,45,12159,0,0,0.07365547306629834,0.0,0.21258853801955635,none,none
wroclaw_2024_2025,45,12160,0,0,0.07419328383977901,0.0,0.1987803606038548,none,none
wroclaw_2024_2025,45,12161,0,0,0.06922073170673063,0.0,0.19795734907826695,none,none
wroclaw_2024_2025,45,12162,0,0,0.06473109461325967,0.0,0.20803435922091923,none,none
wroclaw_2024_2025,45,12163,0,0,0.07473109461325966,0.0,0.21301135940497648,none,none
wroclaw_2024_2025,45,12164,0,0,0.0889518263199903,0.0,0.21228382611888705,none,none
wroclaw_2024_2025,45,12165,0,0,0.08932402111829135,0.0,0.20390281835374147,none,none
wroclaw_2024_2025,45,12166,0,0,0.1037862103448107,0.0,0.2096559100817993,none,none
wroclaw_2024_2025,45,12167,0,0,0.102579851519337,0.0,0.21567034015113043,none,none
wroclaw_2024_2025,45,12168,0,0,0.07757985151933701,0.0,0.22602251954529218,none,none
wroclaw_2024_2025,45,12169,0,0,0.057579851519337005,0.0,0.2280813909135104,none,none
wroclaw_2024_2025,45,12170,0,0,0.05324839957133002,0.0,0.22492520437620797,none,none
wroclaw_2024_2025,45,12171,0,0,0.04800694205154131,0.0,0.21701546555249937,none,none
wroclaw_2024_2025,45,12172,0,0,0.04351730495807035,0.0,0.20562531615068658,none,none
wroclaw_2024_2025,45,12173,0,0,0.023924378453038676,0.0,0.2011738681417386,none,none
wroclaw_2024_2025,45,12174,0,0,0.024324021118291347,0.0,0.19665697339401905,none,none
wroclaw_2024_2025,45,12175,0,0,0.034324021118291345,0.0,0.18746335741254316,none,none
wroclaw_2024_2025,45,12176,0,0,0.043655473066298335,0.0,0.17509107748029812,none,none
wroclaw_2024_2025,45,12177,0,0,0.0381451101597693,0.0,0.19639578253916773,none,none
wroclaw_2024_2025,45,12178,0,0,0.03365547306629834,0.0,0.18268454791146907,none,none
wroclaw_2024_2025,45,12179,0,0,0.062200225891320314,0.0,0.1781419274791495,none,none
wroclaw_2024_2025,45,12180,0,0,0.06720022589132033,0.0,0.17724436776504737,none,none
wroclaw_2024_2025,45,12181,0,0,0.05735841103678428,0.0,0.16309817871708834,none,none
wroclaw_2024_2025,45,12182,0,0,0.0429036526399806,0.0,0.16794949758895095,none,none
wroclaw_2024_2025,45,12183,0,0,0.033303295305233266,0.0,0.16950953521418927,none,none
wroclaw_2024_2025,45,12184,0,0,0.028813658211762308,0.0,0.18325110732066824,none,none
wroclaw_2024_2025,45,12185,0,0,0.033414015546509634,0.0,0.16877893330927318,none,none
wroclaw_2024_2025,45,12186,0,0,0.04712438434671122,0.0,0.17539863191756885,none,none
wroclaw_2024_2025,45,12187,0,0,0.033414015546509634,0.0,0.17465768706815918,none,none
wroclaw_2024_2025,45,12188,0,0,0.023951826319990297,0.0,0.17555982062447795,none,none
wroclaw_2024_2025,45,12189,0,0,0.033303295305233266,0.0,0.17041690743629428,none,none
wroclaw_2024_2025,45,12190,0,0,0.023951826319990297,0.0,0.18555014347137888,none,none
wroclaw_2024_2025,45,12191,0,0,0.01422073170673063,0.0,0.20329148161998145,none,none
wroclaw_2024_2025,45,12192,0,0,0.019220731706730627,0.0,0.19034346891965576,none,none
wroclaw_2024_2025,45,12193,0,0,0.019731094613259666,0.0,0.1870696114778331,none,none
wroclaw_2024_2025,45,12194,0,0,0.019731094613259666,0.0,0.17474808306383538,none,none
wroclaw_2024_2025,45,12195,0,0,0.024731094613259667,0.0,0.1766487234587575,none,none
wroclaw_2024_2025,45,12196,0,0,0.019731094613259666,0.0,0.17926515376430385,none,none
wroclaw_2024_2025,45,12197,0,0,0.01948963709347096,0.0,0.17950963074194345,none,none
wroclaw_2024_2025,45,12198,0,0,0.01448963709347096,0.0,0.1770580949590368,none,none
wroclaw_2024_2025,45,12199,0,0,0.01448963709347096,0.0,0.1836713117126697,none,none
wroclaw_2024_2025,45,12200,0,0,0.01448963709347096,0.0,0.1815807984892335,none,none
wroclaw_2024_2025,45,12201,0,0,0.01448963709347096,0.0,0.17696589974907667,none,none
wroclaw_2024_2025,45,12202,0,0,0.01448963709347096,0.0,0.18353881843784967,none,none
wroclaw_2024_2025,45,12203,0,0,0.01448963709347096,0.0,0.19306613615949247,none,none
wroclaw_2024_2025,45,12204,0,0,0.01448963709347096,0.0,0.18389008016801756,none,none
wroclaw_2024_2025,45,12205,0,0,0.01448963709347096,0.0,0.18086829227825857,none,none
wroclaw_2024_2025,45,12206,0,0,0.01448963709347096,0.0,0.17575937004393424,none,none
wroclaw_2024_2025,45,12207,0,0,0.01448963709347096,0.0,0.16159876028892345,none,none
wroclaw_2024_2025,45,12208,0,0,0.009489637093470959,0.0,0.1544044986833497,none,none
wroclaw_2024_2025,45,12209,0,0,0.01448963709347096,0.0,0.14567446933444417,none,none
wroclaw_2024_2025,45,12210,0,0,0.019731094613259666,0.0,0.15773994407578004,none,none
wroclaw_2024_2025,45,12211,0,0,0.024220731706730628,0.0,0.14085569339734985,none,none
wroclaw_2024_2025,45,12212,0,0,0.014731094613259667,0.0,0.13642435961728325,none,none
wroclaw_2024_2025,45,12213,0,0,0.009731094613259668,0.0,0.14761365427978843,none,none
wroclaw_2024_2025,45,12214,0,0,0.01422073170673063,0.0,0.15186165992907708,none,none
wroclaw_2024_2025,45,12215,0,0,0.009731094613259668,0.0,0.1708840421288765,none,none
wroclaw_2024_2025,45,12216,0,0,0.005,0.0,0.16923262985594742,none,none
wroclaw_2024_2025,45,12217,0,0,0.01,0.0,0.18723351464146712,none,none
wroclaw_2024_2025,45,12218,0,0,0.009489637093470959,0.0,0.22651029983595838,none,none
wroclaw_2024_2025,45,12219,0,0,0.009489637093470959,0.0,0.24198779208867863,none,none
wroclaw_2024_2025,45,12220,0,0,0.009489637093470959,0.0,0.24484685505922632,none,none
wroclaw_2024_2025,45,12221,0,0,0.009489637093470959,0.0,0.25730103187717634,none,none
wroclaw_2024_2025,45,12222,0,0,0.005,0.0,0.2682869699071407,none,none
wroclaw_2024_2025,45,12223,0,0,0.005,0.0,0.2551330135346529,none,none
wroclaw_2024_2025,45,12224,0,0,0.005,0.0,0.2517717242448982,none,none
wroclaw_2024_2025,45,12225,0,0,0.005,0.0,0.24799093015655246,none,none
wroclaw_2024_2025,45,12226,0,0,0.01,0.0,0.24308782849920438,none,none
wroclaw_2024_2025,45,12227,0,0,0.01,0.0,0.23852611118541314,none,none
wroclaw_2024_2025,45,12228,0,0,0.014731094613259667,0.0,0.23242115419151665,none,none
wroclaw_2024_2025,45,12229,0,0,0.009731094613259668,0.0,0.22851907278719313,none,none
wroclaw_2024_2025,45,12230,0,0,0.005,0.0,0.23124477299043888,none,none
wroclaw_2024_2025,45,12231,0,0,0.01,0.0,0.22303706256257813,none,none
wroclaw_2024_2025,45,12232,0,0,0.005,0.0,0.21501136490764747,none,none
wroclaw_2024_2025,45,12233,0,0,0.005,0.0,0.2108447639633625,none,none
wroclaw_2024_2025,45,12234,0,0,0.005,0.0,0.21041764889349715,none,none
wroclaw_2024_2025,45,12235,0,0,0.005,0.0,0.21368745017072352,none,none
wroclaw_2024_2025,45,12236,0,0,0.01,0.0,0.24163624017946442,none,none
wroclaw_2024_2025,45,12237,0,0,0.01,0.0,0.24443948854334208,none,none
wroclaw_2024_2025,45,12238,0,0,0.024193283839779006,0.0,0.2532040939414965,none,none
wroclaw_2024_2025,45,12239,0,0,0.024462189226519337,0.0,0.2551921835164297,none,none
wroclaw_2024_2025,45,12240,0,0,0.03868292093324996,0.0,0.2670624939360407,none,none
wroclaw_2024_2025,45,12241,0,0,0.04344146341346125,0.0,0.2617647571858384,none,none
wroclaw_2024_2025,45,12242,0,0,0.0688136582117623,0.0,0.23534080107367794,none,none
wroclaw_2024_2025,45,12243,0,0,0.05317255802672092,0.0,0.22516350390917467,none,none
wroclaw_2024_2025,45,12244,0,0,0.049462189226519335,0.0,0.20425399832153393,none,none
wroclaw_2024_2025,45,12245,0,0,0.034462189226519335,0.0,0.20052858853655064,none,none
wroclaw_2024_2025,45,12246,0,0,0.034462189226519335,0.0,0.20075604909288663,none,none
wroclaw_2024_2025,45,12247,0,0,0.049193283839779,0.0,0.191826752124906,none,none
wroclaw_2024_2025,45,12248,0,0,0.054193283839779005,0.0,0.1944734378376699,none,none
wroclaw_2024_2025,45,12249,0,0,0.048924378453038674,0.0,0.19114571985000658,none,none
wroclaw_2024_2025,45,12250,0,0,0.039193283839779006,0.0,0.22972359655497201,none,none
wroclaw_2024_2025,45,12251,0,0,0.029462189226519334,0.0,0.2333482310369813,none,none
wroclaw_2024_2025,45,12252,0,0,0.029462189226519334,0.0,0.22519727489402389,none,none
wroclaw_2024_2025,45,12253,0,0,0.043414015546509636,0.0,0.24849190890801115,none,none
wroclaw_2024_2025,45,12254,0,0,0.04814511015976929,0.0,0.2709534424654608,none,none
wroclaw_2024_2025,45,12255,0,0,0.0631451101597693,0.0,0.2509566765749754,none,none
wroclaw_2024_2025,45,12256,0,0,0.07341401554650963,0.0,0.2400783852836881,none,none
wroclaw_2024_2025,45,12257,0,0,0.059193283839779,0.0,0.20036360755076207,none,none
wroclaw_2024_2025,45,12258,0,0,0.07392437845303867,0.0,0.2094304190318122,none,none
wroclaw_2024_2025,45,12259,0,0,0.064193283839779,0.0,0.21199740096709005,none,none
wroclaw_2024_2025,45,12260,0,0,0.06946218922651934,0.0,0.2197808627708811,none,none
wroclaw_2024_2025,45,12261,0,0,0.06446218922651933,0.0,0.21963715620470614,none,none
wroclaw_2024_2025,45,12262,0,0,0.06446218922651933,0.0,0.22654591134300078,none,none
wroclaw_2024_2025,45,12263,0,0,0.069193283839779,0.0,0.2152063357176934,none,none
wroclaw_2024_2025,45,12264,0,0,0.049462189226519335,0.0,0.22439747154943168,none,none
wroclaw_2024_2025,45,12265,0,0,0.044193283839779,0.0,0.22777282118409564,none,none
wroclaw_2024_2025,45,12266,0,0,0.034462189226519335,0.0,0.2331699635672414,none,none
wroclaw_2024_2025,45,12267,0,0,0.024731094613259667,0.0,0.2176626112864501,none,none
wroclaw_2024_2025,45,12268,0,0,0.019462189226519336,0.0,0.2118936601291438,none,none
wroclaw_2024_2025,45,12269,0,0,0.01905511573155102,0.0,0.20233222446408958,none,none
wroclaw_2024_2025,45,12270,0,0,0.014193283839779008,0.0,0.20199176095228413,none,none
wroclaw_2024_2025,45,12271,0,0,0.019462189226519336,0.0,0.19733660357604563,none,none
wroclaw_2024_2025,45,12272,0,0,0.01919328383977901,0.0,0.1945365782695032,none,none
wroclaw_2024_2025,45,12273,0,0,0.023924378453038676,0.0,0.18556043805505792,none,none
wroclaw_2024_2025,45,12274,0,0,0.01919328383977901,0.0,0.18222784460540412,none,none
wroclaw_2024_2025,45,12275,0,0,0.03392437845303867,0.0,0.17995771159471832,none,none
wroclaw_2024_2025,45,12276,0,0,0.024193283839779003,0.0,0.17541451749010126,none,none
wroclaw_2024_2025,45,12277,0,0,0.01905511573155102,0.0,0.1763407183996909,none,none
wroclaw_2024_2025,45,12278,0,0,0.014193283839779008,0.0,0.17010797632787392,none,none
wroclaw_2024_2025,45,12279,0,0,0.009462189226519337,0.0,0.1867889567882106,none,none
wroclaw_2024_2025,45,12280,0,0,0.014193283839779008,0.0,0.16872832229169482,none,none
wroclaw_2024_2025,45,12281,0,0,0.018682920933249966,0.0,0.15567518279501708,none,none
wroclaw_2024_2025,45,12282,0,0,0.023951826319990297,0.0,0.13868004592191183,none,none
wroclaw_2024_2025,45,12283,0,0,0.018979274186941918,0.0,0.1415503504076526,none,none
wroclaw_2024_2025,45,12284,0,0,0.019220731706730627,0.0,0.13783046441608657,none,none
wroclaw_2024_2025,45,12285,0,0,0.03368292093324996,0.0,0.1450844669709801,none,none
wroclaw_2024_2025,45,12286,0,0,0.023951826319990297,0.0,0.155378624999698,none,none
wroclaw_2024_2025,45,12287,0,0,0.01922073170673063,0.0,0.14273160548786978,none,none
wroclaw_2024_2025,45,12288,0,0,0.018951826319990296,0.0,0.1602535420789247,none,none
wroclaw_2024_2025,45,12289,0,0,0.014462189226519338,0.0,0.17290125367758222,none,none
wroclaw_2024_2025,45,12290,0,0,0.014462189226519338,0.0,0.16723415490301655,none,none
wroclaw_2024_2025,45,12291,0,0,0.005,0.0,0.16364033903427588,none,none
wroclaw_2024_2025,45,12292,0,0,0.009731094613259668,0.0,0.16729725941650006,none,none
wroclaw_2024_2025,45,12293,0,0,0.014462189226519338,0.0,0.15878804526658302,none,none
wroclaw_2024_2025,45,12294,0,0,0.009731094613259668,0.0,0.15933378060724318,none,none
wroclaw_2024_2025,45,12295,0,0,0.014462189226519338,0.0,0.13946847448163585,none,none
wroclaw_2024_2025,45,12296,0,0,0.01,0.0,0.14244862682894618,none,none
wroclaw_2024_2025,45,12297,0,0,0.01448963709347096,0.0,0.14283573821742548,none,none
wroclaw_2024_2025,45,12298,0,0,0.01935146898524297,0.0,0.15203219772393708,none,none
wroclaw_2024_2025,45,12299,0,0,0.009861831891772012,0.0,0.15173022974014996,none,none
wroclaw_2024_2025,45,12300,0,0,0.009861831891772012,0.0,0.15399828990621497,none,none
wroclaw_2024_2025,45,12301,0,0,0.01422073170673063,0.0,0.15286443475963904,none,none
wroclaw_2024_2025,45,12302,0,0,0.01422073170673063,0.0,0.15942681389050295,none,none
wroclaw_2024_2025,45,12303,0,0,0.005,0.0,0.15667029771116678,none,none
wroclaw_2024_2025,45,12304,0,0,0.005,0.0,0.17113352891346356,none,none
wroclaw_2024_2025,45,12305,0,0,0.009731094613259668,0.0,0.17018991254232743,none,none
wroclaw_2024_2025,45,12306,0,0,0.01948963709347096,0.0,0.14964205877198763,none,none
wroclaw_2024_2025,45,12307,0,0,0.0385722006919736,0.0,0.14952722007524039,none,none
wroclaw_2024_2025,45,12308,0,0,0.04408256359850263,0.0,0.15766414524146127,none,none
wroclaw_2024_2025,45,12309,0,0,0.04395182631999029,0.0,0.1491185803550371,none,none
wroclaw_2024_2025,45,12310,0,0,0.039193283839779006,0.0,0.15379658114867076,none,none
wroclaw_2024_2025,45,12311,0,0,0.034462189226519335,0.0,0.15865198157280624,none,none
wroclaw_2024_2025,45,12312,0,0,0.014731094613259667,0.0,0.1693890941091269,none,none
wroclaw_2024_2025,45,12313,0,0,0.009489637093470959,0.0,0.17386282714008996,none,none
wroclaw_2024_2025,45,12314,0,0,0.009220731706730628,0.0,0.18103239598544138,none,none
wroclaw_2024_2025,45,12315,0,0,0.009462189226519337,0.0,0.215030964763845,none,none
wroclaw_2024_2025,45,12316,0,0,0.014731094613259667,0.0,0.22955532329369635,none,none
wroclaw_2024_2025,45,12317,0,0,0.005,0.0,0.22937447984194095,none,none
wroclaw_2024_2025,45,12318,0,0,0.01,0.0,0.22787700070452002,none,none
wroclaw_2024_2025,45,12319,0,0,0.005,0.0,0.22614642381820318,none,none
wroclaw_2024_2025,45,12320,0,0,0.005,0.0,0.23477955382757087,none,none
wroclaw_2024_2025,45,12321,0,0,0.005,0.0,0.22862334149794994,none,none
wroclaw_2024_2025,45,12322,0,0,0.01448963709347096,0.0,0.2304081099410808,none,none
wroclaw_2024_2025,45,12323,0,0,0.005,0.0,0.2420020372686105,none,none
wroclaw_2024_2025,45,12324,0,0,0.01,0.0,0.24423671663998203,none,none
wroclaw_2024_2025,45,12325,0,0,0.014723663783544023,0.0,0.2277629279305608,none,none
wroclaw_2024_2025,45,12326,0,0,0.005,0.0,0.21823345408082892,none,none
wroclaw_2024_2025,45,12327,0,0,0.009731094613259668,0.0,0.22058632256125757,none,none
wroclaw_2024_2025,45,12328,0,0,0.009731094613259668,0.0,0.21915733492150993,none,none
wroclaw_2024_2025,45,12329,0,0,0.014462189226519338,0.0,0.2092373768415858,none,none
wroclaw_2024_2025,45,12330,0,0,0.024462189226519337,0.0,0.21200685889649873,none,none
wroclaw_2024_2025,45,12331,0,0,0.024462189226519337,0.0,0.20485360881329703,none,none
wroclaw_2024_2025,45,12332,0,0,0.024731094613259667,0.0,0.23541994540050631,none,none
wroclaw_2024_2025,45,12333,0,0,0.039193283839779006,0.0,0.22329727527495918,none,none
wroclaw_2024_2025,45,12334,0,0,0.13090316386180625,0.0,0.1978145668322213,none,none
wroclaw_2024_2025,45,12335,0,0,0.1263935097310993,0.0,0.2105500795148103,none,none
wroclaw_2024_2025,45,12336,0,0,0.09209693647975958,0.0,0.19054410284787665,none,none
wroclaw_2024_2025,45,12337,0,0,0.07252402701196389,0.0,0.16421622618087192,none,none
wroclaw_2024_2025,45,12338,0,0,0.05381365821176231,0.0,0.1696028332511029,none,none
wroclaw_2024_2025,45,12339,0,0,0.04446218922651934,0.0,0.1807930743356125,none,none
wroclaw_2024_2025,45,12340,0,0,0.05395182631999029,0.0,0.1662978290565762,none,none
wroclaw_2024_2025,45,12341,0,0,0.06368292093324995,0.0,0.17850042653852996,none,none
wroclaw_2024_2025,45,12342,0,0,0.059193283839779,0.0,0.20025610742230002,none,none
wroclaw_2024_2025,45,12343,0,0,0.059193283839779,0.0,0.21823360623969407,none,none
wroclaw_2024_2025,45,12344,0,0,0.06392437845303867,0.0,0.2288943190997198,none,none
wroclaw_2024_2025,45,12345,0,0,0.06341401554650963,0.0,0.2085727862397555,none,none
wroclaw_2024_2025,45,12346,0,0,0.07790365263998059,0.0,0.1829421363719089,none,none
wroclaw_2024_2025,45,12347,0,0,0.05344146341346125,0.0,0.19558813565461416,none,none
wroclaw_2024_2025,45,12348,0,0,0.044731094613259664,0.0,0.20291555658404992,none,none
wroclaw_2024_2025,45,12349,0,0,0.03973109461325967,0.0,0.21087514763589543,none,none
wroclaw_2024_2025,45,12350,0,0,0.06841401554650962,0.0,0.23377417858148114,none,none
wroclaw_2024_2025,45,12351,0,0,0.09260729938628863,0.0,0.2810019865037115,none,none
wroclaw_2024_2025,45,12352,0,0,0.08239328973345154,0.0,0.28029105948084215,none,none
wroclaw_2024_2025,45,12353,0,0,0.09787620477302897,0.0,0.2552974701545567,none,none
wroclaw_2024_2025,45,12354,0,0,0.09365547306629834,0.0,0.24185817640043356,none,none
wroclaw_2024_2025,45,12355,0,0,0.0731451101597693,0.0,0.24352378699985855,none,none
wroclaw_2024_2025,45,12356,0,0,0.09706948861280797,0.0,0.23745308878827376,none,none
wroclaw_2024_2025,45,12357,0,0,0.09706948861280797,0.0,0.24744766228846826,none,none
wroclaw_2024_2025,45,12358,0,0,0.08865547306629834,0.0,0.25030092783252267,none,none
wroclaw_2024_2025,45,12359,0,0,0.0781451101597693,0.0,0.260513083102252,none,none
wroclaw_2024_2025,45,12360,0,0,0.07892437845303867,0.0,0.25015171397218555,none,none
wroclaw_2024_2025,45,12361,0,0,0.09368292093324997,0.0,0.23653895629055574,none,none
wroclaw_2024_2025,45,12362,0,0,0.10260729938628863,0.0,0.22943732335334643,none,none
wroclaw_2024_2025,45,12363,0,0,0.09392437845303866,0.0,0.2320396091321784,none,none
wroclaw_2024_2025,45,12364,0,0,0.07892437845303867,0.0,0.21723192787606224,none,none
wroclaw_2024_2025,45,12365,0,0,0.03892437845303867,0.0,0.21068542206649968,none,none
wroclaw_2024_2025,45,12366,0,0,0.043386567679558015,0.0,0.1981708202166008,none,none
wroclaw_2024_2025,45,12367,0,0,0.014462189226519338,0.0,0.20246507311012393,none,none
wroclaw_2024_2025,45,12368,0,0,0.02365547306629834,0.0,0.199938215454765,none,none
wroclaw_2024_2025,45,12369,0,0,0.014193283839779008,0.0,0.2161344745235525,none,none
wroclaw_2024_2025,45,12370,0,0,0.018951826319990296,0.0,0.21557236157933896,none,none
wroclaw_2024_2025,45,12371,0,0,0.014462189226519338,0.0,0.22227461200720283,none,none
wroclaw_2024_2025,45,12372,0,0,0.014462189226519338,0.0,0.2226106233473433,none,none
wroclaw_2024_2025,45,12373,0,0,0.009462189226519337,0.0,0.22132519643614076,none,none
wroclaw_2024_2025,45,12374,0,0,0.009462189226519337,0.0,0.19799880236794065,none,none
wroclaw_2024_2025,45,12375,0,0,0.013951826319990297,0.0,0.19341930854860026,none,none
wroclaw_2024_2025,45,12376,0,0,0.009462189226519337,0.0,0.20764030164657132,none,none
wroclaw_2024_2025,45,12377,0,0,0.009462189226519337,0.0,0.21162902733491964,none,none
wroclaw_2024_2025,45,12378,0,0,0.014462189226519338,0.0,0.19345847926750076,none,none
wroclaw_2024_2025,45,12379,0,0,0.014462189226519338,0.0,0.1980969598929569,none,none
wroclaw_2024_2025,45,12380,0,0,0.019462189226519336,0.0,0.19703760491876793,none,none
wroclaw_2024_2025,45,12381,0,0,0.009731094613259668,0.0,0.18105194728867852,none,none
wroclaw_2024_2025,45,12382,0,0,0.014462189226519338,0.0,0.17564675448774056,none,none
wroclaw_2024_2025,45,12383,0,0,0.01919328383977901,0.0,0.15212792368300293,none,none
wroclaw_2024_2025,45,12384,0,0,0.023441463413461257,0.0,0.14689235093870212,none,none
wroclaw_2024_2025,45,12385,0,0,0.028172558026720928,0.0,0.1443359081398474,none,none
wroclaw_2024_2025,45,12386,0,0,0.009731094613259668,0.0,0.15018183250047412,none,none
wroclaw_2024_2025,45,12387,0,0,0.014462189226519338,0.0,0.155162743692079,none,none
wroclaw_2024_2025,45,12388,0,0,0.01919328383977901,0.0,0.15336095092070784,none,none
wroclaw_2024_2025,45,12389,0,0,0.023951826319990294,0.0,0.14992226097473751,none,none
wroclaw_2024_2025,45,12390,0,0,0.02868292093324996,0.0,0.15226669002934667,none,none
wroclaw_2024_2025,45,12391,0,0,0.034462189226519335,0.0,0.1716714142787821,none,none
wroclaw_2024_2025,45,12392,0,0,0.03946218922651933,0.0,0.16803612035355442,none,none
wroclaw_2024_2025,45,12393,0,0,0.04803438991849293,0.0,0.1456732953920715,none,none
wroclaw_2024_2025,45,12394,0,0,0.029489637093470956,0.0,0.1609098754451586,none,none
wroclaw_2024_2025,45,12395,0,0,0.039489637093470954,0.0,0.15506124016477324,none,none
wroclaw_2024_2025,45,12396,0,0,0.01448963709347096,0.0,0.16660317424697468,none,none
wroclaw_2024_2025,45,12397,0,0,0.01959292650503168,0.0,0.14966053055149411,none,none
wroclaw_2024_2025,45,12398,0,0,0.023441463413461257,0.0,0.1469294110921921,none,none
wroclaw_2024_2025,45,12399,0,0,0.009861831891772012,0.0,0.15561146716878177,none,none
wroclaw_2024_2025,45,12400,0,0,0.024592926505031677,0.0,0.13952733183678262,none,none
wroclaw_2024_2025,45,12401,0,0,0.018951826319990296,0.0,0.1402281425914551,none,none
wroclaw_2024_2025,45,12402,0,0,0.005,0.0,0.13611457455227996,none,none
wroclaw_2024_2025,45,12403,0,0,0.009731094613259668,0.0,0.14501402236062233,none,none
wroclaw_2024_2025,45,12404,0,0,0.01448963709347096,0.0,0.1428494184175722,none,none
wroclaw_2024_2025,45,12405,0,0,0.009731094613259668,0.0,0.15884871144151264,none,none
wroclaw_2024_2025,45,12406,0,0,0.014462189226519338,0.0,0.16322857581278888,none,none
wroclaw_2024_2025,45,12407,0,0,0.014731094613259667,0.0,0.17367594651887006,none,none
wroclaw_2024_2025,45,12408,0,0,0.009731094613259668,0.0,0.1876526251381508,none,none
wroclaw_2024_2025,45,12409,0,0,0.005,0.0,0.2161346472566422,none,none
wroclaw_2024_2025,45,12410,0,0,0.005,0.0,0.2235730178357608,none,none
wroclaw_2024_2025,45,12411,0,0,0.005,0.0,0.2362179496117007,none,none
wroclaw_2024_2025,45,12412,0,0,0.005,0.0,0.24662066895157295,none,none
wroclaw_2024_2025,45,12413,0,0,0.01,0.0,0.23060674851822668,none,none
wroclaw_2024_2025,45,12414,0,0,0.01,0.0,0.21452271341989884,none,none
wroclaw_2024_2025,45,12415,0,0,0.005,0.0,0.2460822025618441,none,none
wroclaw_2024_2025,45,12416,0,0,0.005,0.0,0.2543418524298398,none,none
wroclaw_2024_2025,45,12417,0,0,0.005,0.0,0.2433199455967091,none,none
wroclaw_2024_2025,45,12418,0,0,0.01,0.0,0.23556428549114392,none,none
wroclaw_2024_2025,45,12419,0,0,0.005,0.0,0.2257148634580696,none,none
wroclaw_2024_2025,45,12420,0,0,0.005,0.0,0.22184109369946375,none,none
wroclaw_2024_2025,45,12421,0,0,0.03405511573155102,0.0,0.21057682932850239,none,none
wroclaw_2024_2025,45,12422,0,0,0.005,0.0,0.22517285350994654,none,none
wroclaw_2024_2025,45,12423,0,0,0.019731094613259666,0.0,0.20111719776183434,none,none
wroclaw_2024_2025,45,12424,0,0,0.015,0.0,0.19449631701262868,none,none
wroclaw_2024_2025,45,12425,0,0,0.014731094613259667,0.0,0.1720565670689787,none,none
wroclaw_2024_2025,45,12426,0,0,0.024220731706730628,0.0,0.23360458701148362,none,none
wroclaw_2024_2025,45,12427,0,0,0.03473109461325967,0.0,0.2355530473479438,none,none
wroclaw_2024_2025,45,12428,0,0,0.03473109461325967,0.0,0.22707577493159314,none,none
wroclaw_2024_2025,45,12429,0,0,0.03473109461325967,0.0,0.23377409735413351,none,none
wroclaw_2024_2025,45,12430,0,0,0.044193283839779,0.0,0.23111375773469572,none,none
wroclaw_2024_2025,45,12431,0,0,0.034462189226519335,0.0,0.2108169804798456,none,none
wroclaw_2024_2025,45,12432,0,0,0.029462189226519334,0.0,0.21662294939530558,none,none
wroclaw_2024_2025,45,12433,0,0,0.024731094613259667,0.0,0.20281944077430544,none,none
wroclaw_2024_2025,45,12434,0,0,0.029462189226519334,0.0,0.20571925281217007,none,none
wroclaw_2024_2025,45,12435,0,0,0.024731094613259667,0.0,0.20149086975398353,none,none
wroclaw_2024_2025,45,12436,0,0,0.02973109461325967,0.0,0.19441167582244653,none,none
wroclaw_2024_2025,45,12437,0,0,0.034462189226519335,0.0,0.18564430451948052,none,none
wroclaw_2024_2025,45,12438,0,0,0.0389518263199903,0.0,0.20486730510983553,none,none
wroclaw_2024_2025,45,12439,0,0,0.04392437845303867,0.0,0.2299118030757453,none,none
wroclaw_2024_2025,45,12440,0,0,0.04868292093324996,0.0,0.21055109592998478,none,none
wroclaw_2024_2025,45,12441,0,0,0.04446218922651934,0.0,0.20035268010657634,none,none
wroclaw_2024_2025,45,12442,0,0,0.049462189226519335,0.0,0.18945243147523957,none,none
wroclaw_2024_2025,45,12443,0,0,0.03973109461325967,0.0,0.18079521352165512,none,none
wroclaw_2024_2025,45,12444,0,0,0.05868292093324996,0.0,0.18493781478747956,none,none
wroclaw_2024_2025,45,12445,0,0,0.049193283839779,0.0,0.19241078558589345,none,none
wroclaw_2024_2025,45,12446,0,0,0.06392437845303867,0.0,0.185080823105138,none,none
wroclaw_2024_2025,45,12447,0,0,0.06392437845303867,0.0,0.17787691175592443,none,none
wroclaw_2024_2025,45,12448,0,0,0.08351730495807036,0.0,0.168391330754393,none,none
wroclaw_2024_2025,45,12449,0,0,0.098386567679558,0.0,0.18017944599222746,none,none
wroclaw_2024_2025,45,12450,0,0,0.09365547306629834,0.0,0.18780480494870944,none,none
wroclaw_2024_2025,45,12451,0,0,0.09365547306629834,0.0,0.19241363409972592,none,none
wroclaw_2024_2025,45,12452,0,0,0.098386567679558,0.0,0.20420255928323056,none,none
wroclaw_2024_2025,45,12453,0,0,0.103386567679558,0.0,0.21877345192457123,none,none
wroclaw_2024_2025,45,12454,0,0,0.10811766229281768,0.0,0.21538929770500828,none,none
wroclaw_2024_2025,45,12455,0,0,0.10811766229281768,0.0,0.22317734251373683,none,none
wroclaw_2024_2025,45,12456,0,0,0.11311766229281767,0.0,0.22595286723312394,none,none
wroclaw_2024_2025,45,12457,0,0,0.09865547306629834,0.0,0.22304649743474897,none,none
wroclaw_2024_2025,45,12458,0,0,0.11365547306629833,0.0,0.22978367771703548,none,none
wroclaw_2024_2025,45,12459,0,0,0.12865547306629835,0.0,0.23343202797689633,none,none
wroclaw_2024_2025,45,12460,0,0,0.13263474725324026,0.0,0.22853732595858914,none,none
wroclaw_2024_2025,45,12461,0,0,0.14841401554650963,0.0,0.23111047676470245,none,none
wroclaw_2024_2025,45,12462,0,0,0.13757985151933702,0.0,0.2311382989380826,none,none
wroclaw_2024_2025,45,12463,0,0,0.14204204074585636,0.0,0.22826918274757427,none,none
wroclaw_2024_2025,45,12464,0,0,0.13784875690607734,0.0,0.22240640277483134,none,none
wroclaw_2024_2025,45,12465,0,0,0.10865547306629834,0.0,0.25772804215914974,none,none
wroclaw_2024_2025,45,12466,0,0,0.10317255802672091,0.0,0.2915027594477527,none,none
wroclaw_2024_2025,45,12467,0,0,0.10317255802672091,0.0,0.30647236225581204,none,none
wroclaw_2024_2025,45,12468,0,0,0.09787620477302897,0.0,0.3126959216014735,none,none
wroclaw_2024_2025,45,12469,0,0,0.08851730495807035,0.0,0.2826922041617285,none,none
wroclaw_2024_2025,45,12470,0,0,0.08354475282502198,0.0,0.2775346363196237,none,none
wroclaw_2024_2025,45,12471,0,0,0.07800694205154131,0.0,0.2614611758614159,none,none
wroclaw_2024_2025,45,12472,0,0,0.06341401554650963,0.0,0.27319895692944784,none,none
wroclaw_2024_2025,45,12473,0,0,0.04841401554650963,0.0,0.26527938769299025,none,none
wroclaw_2024_2025,45,12474,0,0,0.052662195120191886,0.0,0.257075964188695,none,none
wroclaw_2024_2025,45,12475,0,0,0.06300694205154131,0.0,0.2552735160668826,none,none
wroclaw_2024_2025,45,12476,0,0,0.04330329530523327,0.0,0.25911499953740674,none,none
wroclaw_2024_2025,45,12477,0,0,0.05773803666480098,0.0,0.2612174425652913,none,none
wroclaw_2024_2025,45,12478,0,0,0.07351730495807036,0.0,0.259504475027364,none,none
wroclaw_2024_2025,45,12479,0,0,0.049193283839779,0.0,0.26654713054673534,none,none
wroclaw_2024_2025,45,12480,0,0,0.04814511015976931,0.0,0.2606499965928231,none,none
wroclaw_2024_2025,45,12481,0,0,0.029193283839779004,0.0,0.2447500525578032,none,none
wroclaw_2024_2025,45,12482,0,0,0.02908256359850264,0.0,0.232702860157973,none,none
wroclaw_2024_2025,45,12483,0,0,0.03368292093324996,0.0,0.22934050622623142,none,none
wroclaw_2024_2025,45,12484,0,0,0.032931100506932216,0.0,0.21378754104878045,none,none
wroclaw_2024_2025,45,12485,0,0,0.02868292093324996,0.0,0.21592449738851874,none,none
wroclaw_2024_2025,45,12486,0,0,0.038145110159769305,0.0,0.22293390660469745,none,none
wroclaw_2024_2025,45,12487,0,0,0.06220022589132032,0.0,0.21445216165024505,none,none
wroclaw_2024_2025,45,12488,0,0,0.03787620477302897,0.0,0.21411357930888208,none,none
wroclaw_2024_2025,45,12489,0,0,0.033414015546509634,0.0,0.20595347724152072,none,none
wroclaw_2024_2025,45,12490,0,0,0.028414015546509637,0.0,0.19885852648896454,none,none
wroclaw_2024_2025,45,12491,0,0,0.028414015546509637,0.0,0.17916957924853352,none,none
wroclaw_2024_2025,45,12492,0,0,0.043145110159769295,0.0,0.16713363392873967,none,none
wroclaw_2024_2025,45,12493,0,0,0.028655473066298343,0.0,0.16864429539675063,none,none
wroclaw_2024_2025,45,12494,0,0,0.023924378453038676,0.0,0.18211403980228374,none,none
wroclaw_2024_2025,45,12495,0,0,0.028414015546509633,0.0,0.18231788689265657,none,none
wroclaw_2024_2025,45,12496,0,0,0.03338656767955801,0.0,0.18713715921325383,none,none
wroclaw_2024_2025,45,12497,0,0,0.04311766229281768,0.0,0.1658089086523093,none,none
wroclaw_2024_2025,45,12498,0,0,0.0578413260763617,0.0,0.17319185195227246,none,none
wroclaw_2024_2025,45,12499,0,0,0.04300694205154131,0.0,0.16639405833514645,none,none
wroclaw_2024_2025,45,12500,0,0,0.047738036664800976,0.0,0.17311917210364525,none,none
wroclaw_2024_2025,45,12501,0,0,0.03405511573155101,0.0,0.17325009802032454,none,none
wroclaw_2024_2025,45,12502,0,0,0.043786210344810686,0.0,0.19413617518606543,none,none
wroclaw_2024_2025,45,12503,0,0,0.024592926505031677,0.0,0.18874632069080094,none,none
wroclaw_2024_2025,45,12504,0,0,0.015,0.0,0.20534650815238759,none,none
wroclaw_2024_2025,45,12505,0,0,0.009861831891772012,0.0,0.20448722244424886,none,none
wroclaw_2024_2025,45,12506,0,0,0.014351468985242971,0.0,0.21405716275583503,none,none
wroclaw_2024_2025,45,12507,0,0,0.03365547306629834,0.0,0.22026828451322394,none,none
wroclaw_2024_2025,45,12508,0,0,0.019220731706730627,0.0,0.2207261326739662,none,none
wroclaw_2024_2025,45,12509,0,0,0.019220731706730627,0.0,0.24369825660217329,none,none
wroclaw_2024_2025,45,12510,0,0,0.02384110607871393,0.0,0.25546581029748566,none,none
wroclaw_2024_2025,45,12511,0,0,0.005,0.0,0.24993654559305323,none,none
wroclaw_2024_2025,45,12512,0,0,0.01,0.0,0.2438857493634626,none,none
wroclaw_2024_2025,45,12513,0,0,0.015,0.0,0.23361591728108447,none,none
wroclaw_2024_2025,45,12514,0,0,0.029462189226519334,0.0,0.22076987330331296,none,none
wroclaw_2024_2025,45,12515,0,0,0.019462189226519336,0.0,0.22036840370889726,none,none
wroclaw_2024_2025,45,12516,0,0,0.02,0.0,0.2260094325329809,none,none
wroclaw_2024_2025,45,12517,0,0,0.02973109461325967,0.0,0.21616488972444012,none,none
wroclaw_2024_2025,45,12518,0,0,0.025,0.0,0.23987605017127536,none,none
wroclaw_2024_2025,45,12519,0,0,0.034462189226519335,0.0,0.24872155986753014,none,none
wroclaw_2024_2025,45,12520,0,0,0.053414015546509624,0.0,0.26158457610283925,none,none
wroclaw_2024_2025,45,12521,0,0,0.07892437845303867,0.0,0.25759802752120076,none,none
wroclaw_2024_2025,45,12522,0,0,0.06341401554650963,0.0,0.24453823608430553,none,none
wroclaw_2024_2025,45,12523,0,0,0.08168986298479128,0.0,0.2368343427101189,none,none
wroclaw_2024_2025,45,12524,0,0,0.03895182631999029,0.0,0.23093791308701975,none,none
wroclaw_2024_2025,45,12525,0,0,0.04341401554650963,0.0,0.23707624952215847,none,none
wroclaw_2024_2025,45,12526,0,0,0.03946218922651933,0.0,0.19318031225546006,none,none
wroclaw_2024_2025,45,12527,0,0,0.05392437845303867,0.0,0.19557422664009758,none,none
wroclaw_2024_2025,45,12528,0,0,0.05838656767955801,0.0,0.19457755719750275,none,none
wroclaw_2024_2025,45,12529,0,0,0.07392437845303867,0.0,0.19197950313171006,none,none
wroclaw_2024_2025,45,12530,0,0,0.11168986298479128,0.0,0.1752265914246502,none,none
wroclaw_2024_2025,45,12531,0,0,0.10706948861280796,0.0,0.1706546909915755,none,none
wroclaw_2024_2025,45,12532,0,0,0.12475913159995146,0.0,0.1837728804483473,none,none
wroclaw_2024_2025,45,12533,0,0,0.09209693647975958,0.0,0.1824448291626286,none,none
wroclaw_2024_2025,45,12534,0,0,0.08698621623848324,0.0,0.18909818788225896,none,none
wroclaw_2024_2025,45,12535,0,0,0.08813767933005366,0.0,0.1892686814610254,none,none
wroclaw_2024_2025,45,12536,0,0,0.08354475282502198,0.0,0.19594763432317336,none,none
wroclaw_2024_2025,45,12537,0,0,0.14155169487656327,0.0,0.19334267645427877,none,none
wroclaw_2024_2025,45,12538,0,0,0.088406584716794,0.0,0.21062296313979606,none,none
wroclaw_2024_2025,45,12539,0,0,0.08367549010353433,0.0,0.21355605310211753,none,none
wroclaw_2024_2025,45,12540,0,0,0.0986480422365827,0.0,0.19176898348112745,none,none
wroclaw_2024_2025,45,12541,0,0,0.11233096316983265,0.0,0.20542658250684598,none,none
wroclaw_2024_2025,45,12542,0,0,0.11786877394331333,0.0,0.20083615849860817,none,none
wroclaw_2024_2025,45,12543,0,0,0.1276273164235246,0.0,0.21396431835741017,none,none
wroclaw_2024_2025,45,12544,0,0,0.12246913127806065,0.0,0.2052337120964863,none,none
wroclaw_2024_2025,45,12545,0,0,0.12249657914501226,0.0,0.19912572914320295,none,none
wroclaw_2024_2025,45,12546,0,0,0.11854475282502197,0.0,0.1844574289446429,none,none
wroclaw_2024_2025,45,12547,0,0,0.12813767933005363,0.0,0.17804221721099775,none,none
wroclaw_2024_2025,45,12548,0,0,0.11827584743828164,0.0,0.17733689651776002,none,none
wroclaw_2024_2025,45,12549,0,0,0.13786877394331332,0.0,0.1894208145278822,none,none
wroclaw_2024_2025,45,12550,0,0,0.13297949418458968,0.0,0.19695024720263113,none,none
wroclaw_2024_2025,45,12551,0,0,0.1037862103448107,0.0,0.2050492668589461,none,none
wroclaw_2024_2025,45,12552,0,0,0.11864804223658271,0.0,0.2194709236511601,none,none
wroclaw_2024_2025,45,12553,0,0,0.12775805370203694,0.0,0.21973973675845387,none,none
wroclaw_2024_2025,45,12554,0,0,0.13799951122182566,0.0,0.22749163549677193,none,none
wroclaw_2024_2025,45,12555,0,0,0.11380622738204665,0.0,0.22698687381142812,none,none
wroclaw_2024_2025,45,12556,0,0,0.1185098741283547,0.0,0.23280027139360143,none,none
wroclaw_2024_2025,45,12557,0,0,0.0886480422365827,0.0,0.23875312115817499,none,none
wroclaw_2024_2025,45,12558,0,0,0.06837913684984236,0.0,0.24685489750229034,none,none
wroclaw_2024_2025,45,12559,0,0,0.07811023146310203,0.0,0.23727434575928594,none,none
wroclaw_2024_2025,45,12560,0,0,0.06297949418458969,0.0,0.24055682368112816,none,none
wroclaw_2024_2025,45,12561,0,0,0.03878621034481069,0.0,0.24542650288449822,none,none
wroclaw_2024_2025,45,12562,0,0,0.033786210344810684,0.0,0.25387138527499076,none,none
wroclaw_2024_2025,45,12563,0,0,0.033786210344810684,0.0,0.2532006165363832,none,none
wroclaw_2024_2025,45,12564,0,0,0.03324839957133002,0.0,0.26752142494915226,none,none
wroclaw_2024_2025,45,12565,0,0,0.023786210344810686,0.0,0.240677553976988,none,none
wroclaw_2024_2025,45,12566,0,0,0.05744168341110902,0.0,0.2614976544017624,none,none
wroclaw_2024_2025,45,12567,0,0,0.06142095759805095,0.0,0.2548797790630697,none,none
wroclaw_2024_2025,45,12568,0,0,0.047200225891320315,0.0,0.26859516670632694,none,none
wroclaw_2024_2025,45,12569,0,0,0.03800694205154131,0.0,0.24942528161639665,none,none
wroclaw_2024_2025,45,12570,0,0,0.06142095759805094,0.0,0.2316586818425101,none,none
wroclaw_2024_2025,45,12571,0,0,0.0519587683715316,0.0,0.2197036475649668,none,none
wroclaw_2024_2025,45,12572,0,0,0.033275847438281644,0.0,0.21351173119080671,none,none
wroclaw_2024_2025,45,12573,0,0,0.03800694205154131,0.0,0.18324325685313897,none,none
wroclaw_2024_2025,45,12574,0,0,0.047738036664800976,0.0,0.1656875327044132,none,none
wroclaw_2024_2025,45,12575,0,0,0.03351730495807035,0.0,0.1719991667213953,none,none
wroclaw_2024_2025,45,12576,0,0,0.04746913127806065,0.0,0.16457968936978815,none,none
wroclaw_2024_2025,45,12577,0,0,0.05262731642352461,0.0,0.16649188111737342,none,none
wroclaw_2024_2025,45,12578,0,0,0.04340658471679399,0.0,0.1810312895579539,none,none
wroclaw_2024_2025,45,12579,0,0,0.07131023735677458,0.0,0.1595617097641248,none,none
wroclaw_2024_2025,45,12580,0,0,0.04789622181026495,0.0,0.17068365435777594,none,none
wroclaw_2024_2025,45,12581,0,0,0.06184804813025524,0.0,0.1582637278956436,none,none
wroclaw_2024_2025,45,12582,0,0,0.028951826319990298,0.0,0.1745097751778445,none,none
wroclaw_2024_2025,45,12583,0,0,0.038544752825021976,0.0,0.148661563167529,none,none
wroclaw_2024_2025,45,12584,0,0,0.024592926505031677,0.0,0.1594474656273229,none,none
wroclaw_2024_2025,45,12585,0,0,0.033813658211762306,0.0,0.14746780923912392,none,none
wroclaw_2024_2025,45,12586,0,0,0.03392437845303867,0.0,0.1647484237435357,none,none
wroclaw_2024_2025,45,12587,0,0,0.033924378453038674,0.0,0.15213436656037174,none,none
wroclaw_2024_2025,45,12588,0,0,0.024193283839779006,0.0,0.15574462361361574,none,none
wroclaw_2024_2025,45,12589,0,0,0.024193283839779006,0.0,0.15841269443951628,none,none
wroclaw_2024_2025,45,12590,0,0,0.023951826319990297,0.0,0.14210575238723827,none,none
wroclaw_2024_2025,45,12591,0,0,0.018951826319990296,0.0,0.14142317615711364,none,none
wroclaw_2024_2025,45,12592,0,0,0.033951826319990296,0.0,0.1351590088926298,none,none
wroclaw_2024_2025,45,12593,0,0,0.029193283839779007,0.0,0.1304119445254232,none,none
wroclaw_2024_2025,45,12594,0,0,0.019462189226519336,0.0,0.14948470288955937,none,none
wroclaw_2024_2025,45,12595,0,0,0.029193283839779004,0.0,0.1376857600332259,none,none
wroclaw_2024_2025,45,12596,0,0,0.03959292650503168,0.0,0.1325142647091113,none,none
wroclaw_2024_2025,45,12597,0,0,0.03986183189177201,0.0,0.14679685959170308,none,none
wroclaw_2024_2025,45,12598,0,0,0.02973109461325967,0.0,0.16886922770994792,none,none
wroclaw_2024_2025,45,12599,0,0,0.02973109461325967,0.0,0.1787618392698932,none,none
wroclaw_2024_2025,45,12600,0,0,0.024731094613259667,0.0,0.20687219257102862,none,none
wroclaw_2024_2025,45,12601,0,0,0.005,0.0,0.21880878575690652,none,none
wroclaw_2024_2025,45,12602,0,0,0.005,0.0,0.22187234807357595,none,none
wroclaw_2024_2025,45,12603,0,0,0.005,0.0,0.24637627344783425,none,none
wroclaw_2024_2025,45,12604,0,0,0.015,0.0,0.2361643489132282,none,none
wroclaw_2024_2025,45,12605,0,0,0.005,0.0,0.24739988001772742,none,none
wroclaw_2024_2025,45,12606,0,0,0.01448963709347096,0.0,0.266116722322556,none,none
wroclaw_2024_2025,45,12607,0,0,0.01948963709347096,0.0,0.27166176651185725,none,none
wroclaw_2024_2025,45,12608,0,0,0.015,0.0,0.2791688450849935,none,none
wroclaw_2024_2025,45,12609,0,0,0.015,0.0,0.2891031589432836,none,none
wroclaw_2024_2025,45,12610,0,0,0.015,0.0,0.27064712333808183,none,none
wroclaw_2024_2025,45,12611,0,0,0.009731094613259668,0.0,0.27991643227617097,none,none
wroclaw_2024_2025,45,12612,0,0,0.009731094613259668,0.0,0.27480359355388323,none,none
wroclaw_2024_2025,45,12613,0,0,0.009731094613259668,0.0,0.26539192279393525,none,none
wroclaw_2024_2025,45,12614,0,0,0.009731094613259668,0.0,0.25003715669917004,none,none
wroclaw_2024_2025,45,12615,0,0,0.005,0.0,0.25669089964288977,none,none
wroclaw_2024_2025,45,12616,0,0,0.015,0.0,0.2513603800103132,none,none
wroclaw_2024_2025,45,12617,0,0,0.01986183189177201,0.0,0.24783761363902682,none,none
wroclaw_2024_2025,45,12618,0,0,0.02,0.0,0.22780170700512672,none,none
wroclaw_2024_2025,45,12619,0,0,0.04486183189177201,0.0,0.24173390813786436,none,none
wroclaw_2024_2025,45,12620,0,0,0.04,0.0,0.21936550153624584,none,none
wroclaw_2024_2025,45,12621,0,0,0.044731094613259664,0.0,0.24705051991734794,none,none
wroclaw_2024_2025,45,12622,0,0,0.07905511573155101,0.0,0.24901517673016704,none,none
wroclaw_2024_2025,45,12623,0,0,0.07432402111829134,0.0,0.25821671818025954,none,none
wroclaw_2024_2025,45,12624,0,0,0.06959292650503167,0.0,0.2510643725961061,none,none
wroclaw_2024_2025,45,12625,0,0,0.08773803666480097,0.0,0.26339469760295564,none,none
wroclaw_2024_2025,45,12626,0,0,0.12139350973109933,0.0,0.26093711073487785,none,none
wroclaw_2024_2025,45,12627,0,0,0.09771058879784937,0.0,0.25036313662716975,none,none
wroclaw_2024_2025,45,12628,0,0,0.14625534162287132,0.0,0.19799527859291546,none,none
wroclaw_2024_2025,45,12629,0,0,0.1456342584750659,0.0,0.17258656228129893,none,none
wroclaw_2024_2025,45,12630,0,0,0.13101388410308262,0.0,0.16024797735082286,none,none
wroclaw_2024_2025,45,12631,0,0,0.07813767933005365,0.0,0.1633380620541683,none,none
wroclaw_2024_2025,45,12632,0,0,0.08287620477302897,0.0,0.16191436049479782,none,none
wroclaw_2024_2025,45,12633,1,0,0.09722767375827195,0.1,0.16682460718696898,rain,none
wroclaw_2024_2025,45,12634,1,0,0.10158657357323055,0.1,0.20191829224909072,rain,none
wroclaw_2024_2025,45,12635,1,0,0.1210762106667015,0.8,0.2095659207225167,rain,none
wroclaw_2024_2025,45,12636,1,0,0.0,0.5,0.3784500990942806,rain,none
wroclaw_2024_2025,45,12637,0,0,0.004731094613259669,0.0,0.3662592601241105,none,none
wroclaw_2024_2025,45,12638,0,0,0.004731094613259669,0.0,0.40518991549365047,none,none
wroclaw_2024_2025,45,12639,1,0,0.004731094613259669,0.1,0.362786441168385,rain,none
wroclaw_2024_2025,45,12640,0,0,0.08889659093235736,0.0,0.21060723243673635,none,none
wroclaw_2024_2025,45,12641,0,0,0.06930366442732568,0.0,0.20231921917871562,none,none
wroclaw_2024_2025,45,12642,0,0,0.005,0.0,0.2510722348442527,none,none
wroclaw_2024_2025,45,12643,0,0,0.07892403879930898,0.0,0.21449147632479246,none,none
wroclaw_2024_2025,45,12644,0,0,0.06879330152079663,0.0,0.20381455612190258,none,none
wroclaw_2024_2025,45,12645,0,0,0.06406220690753696,0.0,0.2220620669933838,none,none
wroclaw_2024_2025,45,12646,0,0,0.0462618436791171,0.0,0.21219672009992543,none,none
wroclaw_2024_2025,45,12647,0,0,0.060482575385847726,0.0,0.2298453841003866,none,none
wroclaw_2024_2025,45,12648,0,0,0.05548257538584773,0.0,0.24322909095845338,none,none
wroclaw_2024_2025,45,12649,0,0,0.05562074349407571,0.0,0.23884980109416878,none,none
wroclaw_2024_2025,45,12650,0,0,0.057255121625223566,0.0,0.23429331484900484,none,none
wroclaw_2024_2025,45,12651,0,0,0.033786210344810684,0.0,0.21152492175090798,none,none
wroclaw_2024_2025,45,12652,0,0,0.033786210344810684,0.0,0.2184303501277333,none,none
wroclaw_2024_2025,45,12653,0,0,0.03432402111829135,0.0,0.2001617480533019,none,none
wroclaw_2024_2025,45,12654,0,0,0.07698621623848323,0.0,0.1907749957572573,none,none
wroclaw_2024_2025,45,12655,0,0,0.07905511573155102,0.0,0.19205242743709766,none,none
wroclaw_2024_2025,45,12656,0,0,0.06354475282502196,0.0,0.18317383478778018,none,none
wroclaw_2024_2025,45,12657,1,0,0.07354475282502197,0.2,0.18333223207444355,rain,none
wroclaw_2024_2025,45,12658,1,0,0.06367549010353431,0.2,0.175730192912407,rain,none
wroclaw_2024_2025,45,12659,0,0,0.058675490103534324,0.0,0.17361883023498206,none,none
wroclaw_2024_2025,45,12660,0,0,0.10837913684984236,0.0,0.2681272691714907,none,none
wroclaw_2024_2025,45,12661,1,0,0.16299951122182565,0.1,0.24026136906748274,rain,none
wroclaw_2024_2025,45,12662,0,0,0.102461700448345,0.0,0.18419123345853625,none,none
wroclaw_2024_2025,45,12663,0,0,0.029324021118291344,0.0,0.17233825072769926,none,none
wroclaw_2024_2025,45,12664,0,0,0.14248914831529663,0.0,0.2091650205992255,none,none
wroclaw_2024_2025,45,12665,0,0,0.24896500164725086,0.0,0.16490572146386615,none,none
wroclaw_2024_2025,45,12666,0,0,0.049324021118291345,0.0,0.15253143376875208,none,none
wroclaw_2024_2025,45,12667,0,0,0.043682920933249964,0.0,0.15111591258123377,none,none
wroclaw_2024_2025,45,12668,0,0,0.01932402111829135,0.0,0.15421660399558162,none,none
wroclaw_2024_2025,45,12669,0,0,0.047255121625223565,0.0,0.144895852022412,none,none
wroclaw_2024_2025,45,12670,0,0,0.024193283839779003,0.0,0.14792782745354935,none,none
wroclaw_2024_2025,45,12671,0,0,0.023682920933249963,0.0,0.13986722076309646,none,none
wroclaw_2024_2025,45,12672,0,0,0.0389518263199903,0.0,0.1413840391704393,none,none
wroclaw_2024_2025,45,12673,0,0,0.014462189226519338,0.0,0.1433158227921439,none,none
wroclaw_2024_2025,45,12674,0,0,0.02986183189177201,0.0,0.1593637893946946,none,none
wroclaw_2024_2025,45,12675,0,0,0.024592926505031677,0.0,0.1469467800771984,none,none
wroclaw_2024_2025,45,12676,0,0,0.03959292650503168,0.0,0.13819049981079154,none,none
wroclaw_2024_2025,45,12677,0,0,0.01948963709347096,0.0,0.14941248689094494,none,none
wroclaw_2024_2025,45,12678,0,0,0.014861831891772011,0.0,0.14680245819347862,none,none
wroclaw_2024_2025,45,12679,0,0,0.014861831891772011,0.0,0.15728225571965648,none,none
wroclaw_2024_2025,45,12680,0,0,0.02408256359850264,0.0,0.151553185841782,none,none
wroclaw_2024_2025,45,12681,0,0,0.013979274186941918,0.0,0.14092285342857033,none,none
wroclaw_2024_2025,45,12682,0,0,0.01948963709347096,0.0,0.12913208501958595,none,none
wroclaw_2024_2025,45,12683,0,0,0.004731094613259669,0.0,0.12607539824528752,none,none
wroclaw_2024_2025,45,12684,1,0,0.01448963709347096,0.1,0.12201763732137541,rain,none
wroclaw_2024_2025,45,12685,1,0,0.004731094613259669,0.3,0.1202996594406298,rain,none
wroclaw_2024_2025,45,12686,1,0,0.004731094613259669,0.4,0.12980187897391557,rain,none
wroclaw_2024_2025,45,12687,1,1,0.4322617948962386,0.4,0.1590355501724856,rain,rain
wroclaw_2024_2025,45,12688,1,1,0.3349104750354402,0.7,0.16830568586570316,rain,rain
wroclaw_2024_2025,45,12689,1,1,0.33964156964869985,1.0,0.18878302626278298,rain,rain
wroclaw_2024_2025,45,12690,1,1,0.41783414471265684,0.8,0.2257613814900859,rain,rain
wroclaw_2024_2025,45,12691,1,1,0.4652752390040258,0.3,0.2096427614236225,rain,rain
wroclaw_2024_2025,45,12692,1,1,0.4843926812991956,0.3,0.20474650128534214,rain,rain
wroclaw_2024_2025,45,12693,1,1,0.4804134071122537,0.3,0.19935423636376248,rain,rain
wroclaw_2024_2025,45,12694,1,1,0.4796341388189843,0.2,0.1796745961569678,rain,rain
wroclaw_2024_2025,45,12695,1,1,0.4824545190846402,0.2,0.17583047660290813,rain,rain
wroclaw_2024_2025,45,12696,1,1,0.5029374341242177,0.4,0.161542676156723,rain,rain
wroclaw_2024_2025,45,12697,1,1,0.45450340154047203,0.4,0.1411551547564197,rain,rain
wroclaw_2024_2025,45,12698,1,1,0.4240279173306101,0.4,0.14632283113286818,rain,rain
wroclaw_2024_2025,45,12699,1,1,0.40050318154282416,0.5,0.16951798247922842,rain,rain
wroclaw_2024_2025,45,12700,1,1,0.3168961021541832,0.6,0.1751035734733085,rain,rain
wroclaw_2024_2025,45,12701,1,1,0.32248973743503695,0.7,0.17247272260116223,rain,rain
wroclaw_2024_2025,45,12702,1,1,0.29286193223333806,0.6,0.19579890461653687,rain,rain
wroclaw_2024_2025,45,12703,1,1,0.30700682239545957,0.4,0.20308477448065976,rain,rain
wroclaw_2024_2025,45,12704,1,1,0.3005241273535299,0.3,0.20228085326194264,rain,rain
wroclaw_2024_2025,45,12705,1,1,0.2670068223954595,0.3,0.19498236512564546,rain,rain
wroclaw_2024_2025,45,12706,1,1,0.2832890227655423,0.3,0.1904921707905717,rain,rain
wroclaw_2024_2025,45,12707,1,1,0.31950281242073164,0.3,0.20566281064852374,rain,rain
wroclaw_2024_2025,45,12708,1,1,0.39689610215418325,0.3,0.18521218407961984,rain,rain
wroclaw_2024_2025,45,12709,1,1,0.48979975479416393,0.3,0.16701128346583663,rain,rain
wroclaw_2024_2025,45,12710,1,1,0.5002342761560838,0.2,0.17298642311967552,rain,rain
wroclaw_2024_2025,45,12711,1,1,0.3646690175156516,0.1,0.16538647305596244,rain,rain
wroclaw_2024_2025,45,12712,1,1,0.3742693748503989,0.2,0.16593302274817778,rain,rain
wroclaw_2024_2025,45,12713,1,1,0.2772282628780124,0.3,0.14911199476275777,rain,rain
wroclaw_2024_2025,45,12714,1,0,0.21354534194476224,0.4,0.15421586678533894,rain,none
wroclaw_2024_2025,45,12715,1,0,0.23647644245169452,0.4,0.15117365542207725,rain,none
wroclaw_2024_2025,45,12716,1,0,0.24481461645359506,0.4,0.1463850752835044,rain,none
wroclaw_2024_2025,45,12717,1,0,0.24032497936012412,0.4,0.16712621704130992,rain,none
wroclaw_2024_2025,45,12718,1,0,0.20371095791994187,0.4,0.17683532868427398,rain,none
wroclaw_2024_2025,45,12719,1,0,0.23432461023803164,0.4,0.18066122938165366,rain,none
wroclaw_2024_2025,45,12720,1,0,0.2290557048512913,0.3,0.1795464623402234,rain,none
wroclaw_2024_2025,45,12721,1,0,0.21408315271824285,0.3,0.17493220462908443,mixed,none
wroclaw_2024_2025,45,12722,1,1,0.3414141158880757,0.3,0.18276982322068303,mixed,mixed
wroclaw_2024_2025,45,12723,1,1,0.34064227842452205,0.3,0.17443456158744258,mixed,mixed
wroclaw_2024_2025,45,12724,1,1,0.39534592517083006,0.3,0.1644492891952234,mixed,mixed
wroclaw_2024_2025,45,12725,1,1,0.42614521050133547,0.4,0.1604177571224694,mixed,mixed
wroclaw_2024_2025,45,12726,1,1,0.4425930268465978,0.2,0.14615718855904564,mixed,mixed
wroclaw_2024_2025,45,12727,1,1,0.4022282628780124,0.2,0.15252233290954925,mixed,mixed
wroclaw_2024_2025,45,12728,1,1,0.38115264133105115,0.3,0.17162686768081728,mixed,mixed
wroclaw_2024_2025,45,12729,1,1,0.3036492204760633,0.3,0.1517230599648708,mixed,mixed
wroclaw_2024_2025,45,12730,1,1,0.30049667948657827,0.2,0.1447137425946499,mixed,mixed
wroclaw_2024_2025,45,12731,1,1,0.2965174052996364,0.2,0.1473183166595473,mixed,mixed
wroclaw_2024_2025,45,12732,1,1,0.30573813700636704,0.2,0.1612542402384545,mixed,mixed
wroclaw_2024_2025,45,12733,1,1,0.26665557340786433,0.2,0.1415698623251492,mixed,mixed
wroclaw_2024_2025,45,12734,1,1,0.2627586428217773,0.1,0.14371687575202105,mixed,mixed
wroclaw_2024_2025,45,12735,1,1,0.26676536487567076,0.1,0.14008767117133122,mixed,mixed
wroclaw_2024_2025,45,12736,1,0,0.2076753704474524,0.1,0.13590252174601414,mixed,none
wroclaw_2024_2025,45,12737,1,0,0.13117206924854657,0.1,0.13907527847321619,rain,none
wroclaw_2024_2025,45,12738,1,0,0.0627654845317526,0.1,0.1468503978615065,rain,none
wroclaw_2024_2025,45,12739,1,0,0.091793152396352,0.1,0.1450023827996185,rain,none
wroclaw_2024_2025,45,12740,1,0,0.1356068106081143,0.2,0.15051066423983434,rain,none
wroclaw_2024_2025,45,12741,1,0,0.13652424700961166,0.2,0.15174025830871843,rain,none
wroclaw_2024_2025,45,12742,1,0,0.1457449787163423,0.1,0.1500983088208062,rain,none
wroclaw_2024_2025,45,12743,0,1,0.30431717940831604,0.0,0.1824831731466289,none,rain
wroclaw_2024_2025,45,12744,0,1,0.3326553534102166,0.0,0.17873497472257754,none,rain
wroclaw_2024_2025,45,12745,0,0,0.19060681060811427,0.0,0.14743898696456004,none,none
wroclaw_2024_2025,45,12746,0,1,0.25133084351375085,0.0,0.15062502899184563,none,rain
wroclaw_2024_2025,45,12747,0,1,0.2654686424998864,0.0,0.1606271249394877,none,rain
wroclaw_2024_2025,45,12748,0,0,0.24526206367676498,0.0,0.14919010783530273,none,none
wroclaw_2024_2025,45,12749,0,0,0.14303438991849293,0.0,0.15418837969227794,none,none
wroclaw_2024_2025,45,12750,0,0,0.08293110050693223,0.0,0.15114846394179107,none,none
wroclaw_2024_2025,45,12751,0,0,0.043710368800201585,0.0,0.14775527925642257,none,none
wroclaw_2024_2025,45,12752,0,0,0.08289622181026494,0.0,0.1495148768792378,none,none
wroclaw_2024_2025,45,12753,0,0,0.07249657914501227,0.0,0.1568755570741226,none,none
wroclaw_2024_2025,45,12754,0,0,0.06817255802672091,0.0,0.12763648062547903,none,none
wroclaw_2024_2025,45,12755,0,0,0.04351730495807035,0.0,0.14000140332861252,none,none
wroclaw_2024_2025,45,12756,0,0,0.0688136582117623,0.0,0.14963782582254406,none,none
wroclaw_2024_2025,45,12757,0,0,0.023951826319990297,0.0,0.1413784303649617,none,none
wroclaw_2024_2025,45,12758,0,0,0.009462189226519337,0.0,0.14616013408696377,none,none
wroclaw_2024_2025,45,12759,0,0,0.014731094613259667,0.0,0.1353328441758158,none,none
wroclaw_2024_2025,45,12760,0,0,0.02,0.0,0.13707912764822563,none,none
wroclaw_2024_2025,45,12761,0,0,0.034462189226519335,0.0,0.12994130052858402,none,none
wroclaw_2024_2025,45,12762,0,0,0.039055115731551016,0.0,0.12904568977844316,none,none
wroclaw_2024_2025,45,12763,0,0,0.034324021118291345,0.0,0.14675246836422667,none,none
wroclaw_2024_2025,45,12764,0,0,0.04803438991849294,0.0,0.14529395228644726,none,none
wroclaw_2024_2025,45,12765,0,0,0.052634747253240265,0.0,0.1562949195174313,none,none
wroclaw_2024_2025,45,12766,0,0,0.013951826319990297,0.0,0.16184465583908217,none,none
wroclaw_2024_2025,45,12767,0,0,0.023951826319990297,0.0,0.14289812858753503,none,none
wroclaw_2024_2025,45,12768,0,0,0.02932402111829135,0.0,0.13719787246183235,none,none
wroclaw_2024_2025,45,12769,0,0,0.02932402111829135,0.0,0.142545134891467,none,none
wroclaw_2024_2025,45,12770,0,0,0.028682920933249964,0.0,0.1291184569988739,none,none
wroclaw_2024_2025,45,12771,0,0,0.019462189226519336,0.0,0.14296136442044804,none,none
wroclaw_2024_2025,45,12772,0,0,0.015,0.0,0.12974011859669093,none,none
wroclaw_2024_2025,45,12773,0,0,0.024731094613259667,0.0,0.13831050221817137,none,none
wroclaw_2024_2025,45,12774,0,0,0.024462189226519337,0.0,0.11809208962411018,none,none
wroclaw_2024_2025,45,12775,0,0,0.025,0.0,0.12729247714278827,none,none
wroclaw_2024_2025,45,12776,0,0,0.028572200691973602,0.0,0.1264934501954611,none,none
wroclaw_2024_2025,45,12777,0,0,0.01948963709347096,0.0,0.15293880376934832,none,none
wroclaw_2024_2025,45,12778,0,0,0.03422073170673063,0.0,0.11809523720795025,none,none
wroclaw_2024_2025,45,12779,0,0,0.033951826319990296,0.0,0.12861841587246958,none,none
wroclaw_2024_2025,45,12780,0,0,0.01922073170673063,0.0,0.13471205463244978,none,none
wroclaw_2024_2025,45,12781,0,0,0.009489637093470959,0.0,0.13667462902086522,none,none
wroclaw_2024_2025,45,12782,0,0,0.00448963709347096,0.0,0.11875008114457711,none,none
wroclaw_2024_2025,45,12783,0,0,0.0,0.0,0.12348116021963854,none,none
wroclaw_2024_2025,45,12784,0,0,0.004861831891772012,0.0,0.1192201520117058,none,none
wroclaw_2024_2025,45,12785,0,0,0.004731094613259669,0.0,0.1241791231883949,none,none
wroclaw_2024_2025,45,12786,0,0,0.01905511573155102,0.0,0.13371539771868848,none,none
wroclaw_2024_2025,45,12787,0,0,0.01932402111829135,0.0,0.12811897537249864,none,none
wroclaw_2024_2025,45,12788,0,0,0.00448963709347096,0.0,0.12132532258687301,none,none
wroclaw_2024_2025,45,12789,0,0,0.018979274186941918,0.0,0.1321857838091537,none,none
wroclaw_2024_2025,45,12790,0,0,0.01448963709347096,0.0,0.14012237130939453,none,none
wroclaw_2024_2025,45,12791,0,0,0.01932402111829135,0.0,0.1535249865007394,none,none
wroclaw_2024_2025,45,12792,0,0,0.029193283839779004,0.0,0.1495714200305192,none,none
wroclaw_2024_2025,45,12793,0,0,0.028951826319990298,0.0,0.14369111063451986,none,none
wroclaw_2024_2025,45,12794,0,0,0.03803438991849293,0.0,0.14494985701079327,none,none
wroclaw_2024_2025,45,12795,0,0,0.02817255802672092,0.0,0.16357944364882482,none,none
wroclaw_2024_2025,45,12796,0,0,0.038544752825021976,0.0,0.16176227230067655,none,none
wroclaw_2024_2025,45,12797,0,0,0.038544752825021976,0.0,0.1735956361885184,none,none
wroclaw_2024_2025,45,12798,1,0,0.033275847438281644,0.1,0.1655523993861352,rain,none
wroclaw_2024_2025,45,12799,1,0,0.05841401554650963,0.1,0.164764540481199,rain,none
wroclaw_2024_2025,45,12800,1,0,0.06354475282502198,0.1,0.15782804405447148,rain,none
wroclaw_2024_2025,45,12801,1,1,0.34879938567207125,0.1,0.21360372809657635,rain,rain
wroclaw_2024_2025,45,12802,1,1,0.31137864807166804,0.1,0.1937127413835691,rain,rain
wroclaw_2024_2025,45,12803,1,1,0.3097852327884621,0.1,0.18053034641965057,rain,rain
wroclaw_2024_2025,45,12804,1,1,0.30887522721668037,0.1,0.1865352696466761,rain,rain
wroclaw_2024_2025,45,12805,1,1,0.31390267508363195,0.1,0.17361549997768047,rain,rain
wroclaw_2024_2025,45,12806,1,1,0.3655999688981391,0.1,0.1713406639483095,rain,rain
wroclaw_2024_2025,45,12807,1,1,0.375599968898139,0.1,0.18051928390753844,rain,rain
wroclaw_2024_2025,45,12808,1,1,0.34525522196678954,0.1,0.1901264347728977,rain,rain
wroclaw_2024_2025,45,12809,1,1,0.2911029009749524,0.1,0.2003099892653592,rain,rain
wroclaw_2024_2025,45,12810,1,1,0.35340033212655897,0.1,0.19661405653713965,rain,rain
wroclaw_2024_2025,45,12811,0,1,0.3484487258042165,0.0,0.19045566899631086,none,rain
wroclaw_2024_2025,45,12812,0,0,0.11526949450648052,0.0,0.18046545526985308,none,none
wroclaw_2024_2025,45,12813,0,0,0.1102694945064805,0.0,0.17325956247784774,none,none
wroclaw_2024_2025,45,12814,0,0,0.07864804223658269,0.0,0.151021420813444,none,none
wroclaw_2024_2025,45,12815,0,0,0.12811766229281768,0.0,0.16486608282338994,none,none
wroclaw_2024_2025,45,12816,0,0,0.07892437845303867,0.0,0.1578353995881788,none,none
wroclaw_2024_2025,45,12817,1,0,0.03473109461325967,0.1,0.1485093140143373,rain,none
wroclaw_2024_2025,45,12818,1,0,0.03392437845303867,0.1,0.14070806263050434,rain,none
wroclaw_2024_2025,45,12819,0,0,0.014462189226519338,0.0,0.13725399866614113,none,none
wroclaw_2024_2025,45,12820,0,0,0.029489637093470956,0.0,0.1697615682785727,none,none
wroclaw_2024_2025,45,12821,0,0,0.07158657357323056,0.0,0.17345418762660517,none,none
wroclaw_2024_2025,45,12822,0,0,0.1376621951201919,0.0,0.1598004958248208,none,none
wroclaw_2024_2025,45,12823,0,0,0.15279293239870423,0.0,0.1514889301830724,none,none
wroclaw_2024_2025,45,12824,0,0,0.1467173108517429,0.0,0.14855501672642313,none,none
wroclaw_2024_2025,45,12825,0,0,0.1353928009552772,0.0,0.1270972402484814,none,none
wroclaw_2024_2025,45,12826,0,0,0.0880069420515413,0.0,0.1295656563789559,none,none
wroclaw_2024_2025,45,12827,0,0,0.13249657914501226,0.0,0.13474471441125027,none,none
wroclaw_2024_2025,45,12828,0,0,0.12593804255847352,0.0,0.12954616544913913,none,none
wroclaw_2024_2025,45,12829,0,0,0.09069658503868482,0.0,0.12500711178693755,none,none
wroclaw_2024_2025,45,12830,0,0,0.06728256949217519,0.0,0.1361339704907558,none,none
wroclaw_2024_2025,45,12831,0,0,0.0671444013839472,0.0,0.1307417691202338,none,none
wroclaw_2024_2025,45,12832,0,0,0.04346891128041288,0.0,0.14523861559922552,none,none
wroclaw_2024_2025,45,12833,0,0,0.015,0.0,0.1506696155124148,none,none
wroclaw_2024_2025,45,12834,0,0,0.014731094613259667,0.0,0.1496625313575014,none,none
wroclaw_2024_2025,45,12835,0,0,0.01448963709347096,0.0,0.14556286882436287,none,none
wroclaw_2024_2025,45,12836,0,0,0.02897927418694192,0.0,0.1563178624169825,none,none
wroclaw_2024_2025,45,12837,0,0,0.01948963709347096,0.0,0.16465149870284268,none,none
wroclaw_2024_2025,45,12838,0,0,0.01948963709347096,0.0,0.17718577102763944,none,none
wroclaw_2024_2025,45,12839,0,0,0.01948963709347096,0.0,0.155991044728239,none,none
wroclaw_2024_2025,45,12840,0,0,0.03895182631999029,0.0,0.17064366606451303,none,none
wroclaw_2024_2025,45,12841,0,0,0.019731094613259666,0.0,0.1477328879246502,none,none
wroclaw_2024_2025,45,12842,0,0,0.014731094613259667,0.0,0.15278285598672817,none,none
wroclaw_2024_2025,45,12843,0,0,0.02,0.0,0.1442319978393422,none,none
wroclaw_2024_2025,45,12844,0,0,0.019731094613259666,0.0,0.14194191505537992,none,none
wroclaw_2024_2025,45,12845,0,0,0.009731094613259668,0.0,0.1315034066391863,none,none
wroclaw_2024_2025,45,12846,0,0,0.014731094613259667,0.0,0.135991552965049,none,none
wroclaw_2024_2025,45,12847,0,0,0.005,0.0,0.12914160513204198,none,none
wroclaw_2024_2025,45,12848,0,0,0.009861831891772012,0.0,0.12822142683266155,none,none
wroclaw_2024_2025,45,12849,0,0,0.005,0.0,0.14007312259825028,none,none
wroclaw_2024_2025,45,12850,0,0,0.009731094613259668,0.0,0.14025429228555952,none,none
wroclaw_2024_2025,45,12851,0,0,0.01932402111829135,0.0,0.1466890488160843,none,none
wroclaw_2024_2025,45,12852,0,0,0.02432402111829135,0.0,0.15243599250174003,none,none
wroclaw_2024_2025,45,12853,0,0,0.029454758396803688,0.0,0.14576828969968833,none,none
wroclaw_2024_2025,45,12854,0,0,0.029462189226519334,0.0,0.148135728555541,none,none
wroclaw_2024_2025,45,12855,0,0,0.014731094613259667,0.0,0.12876388132933772,none,none
wroclaw_2024_2025,45,12856,0,0,0.019462189226519336,0.0,0.13288661254793643,none,none
wroclaw_2024_2025,45,12857,0,0,0.014731094613259667,0.0,0.13601829744660504,none,none
wroclaw_2024_2025,45,12858,0,0,0.034324021118291345,0.0,0.12477506271983556,none,none
wroclaw_2024_2025,45,12859,0,0,0.014462189226519338,0.0,0.13441983044113065,none,none
wroclaw_2024_2025,45,12860,0,0,0.005,0.0,0.13672269040594584,none,none
wroclaw_2024_2025,45,12861,0,0,0.01,0.0,0.14325556805466028,none,none
wroclaw_2024_2025,45,12862,0,0,0.005,0.0,0.12477732674606101,none,none
wroclaw_2024_2025,45,12863,0,0,0.01,0.0,0.14247672571242423,none,none
wroclaw_2024_2025,45,12864,0,0,0.01,0.0,0.1465038840505645,none,none
wroclaw_2024_2025,45,12865,0,0,0.005,0.0,0.1461215758260045,none,none
wroclaw_2024_2025,45,12866,0,0,0.009861831891772012,0.0,0.11846925345345559,none,none
wroclaw_2024_2025,45,12867,0,0,0.005,0.0,0.13995821239990416,none,none
wroclaw_2024_2025,45,12868,0,0,0.005,0.0,0.12228024058309067,none,none
wroclaw_2024_2025,45,12869,0,0,0.01,0.0,0.12023389426705422,none,none
wroclaw_2024_2025,45,12870,0,0,0.0,0.0,0.144895373584907,none,none
wroclaw_2024_2025,45,12871,0,0,0.005,0.0,0.1183058286642555,none,none
wroclaw_2024_2025,45,12872,0,0,0.005,0.0,0.12086760026001529,none,none
wroclaw_2024_2025,45,12873,0,0,0.0,0.0,0.1254082229627117,none,none
wroclaw_2024_2025,45,12874,0,0,0.024462189226519337,0.0,0.11773474054337582,none,none
wroclaw_2024_2025,45,12875,0,0,0.005,0.0,0.11024258322861782,none,none
wroclaw_2024_2025,45,12876,0,0,0.0,0.0,0.109137521563022,none,none
wroclaw_2024_2025,45,12877,0,0,0.0,0.0,0.1176960356017764,none,none
wroclaw_2024_2025,45,12878,0,0,0.0,0.0,0.11723781484348335,none,none
wroclaw_2024_2025,45,12879,0,0,0.0,0.0,0.13952529144587775,none,none
wroclaw_2024_2025,45,12880,0,0,0.0,0.0,0.12577049777684812,none,none
wroclaw_2024_2025,45,12881,0,0,0.009462189226519337,0.0,0.1289472006452786,none,none
wroclaw_2024_2025,45,12882,0,0,0.014731094613259667,0.0,0.14244871760644845,none,none
wroclaw_2024_2025,45,12883,0,0,0.01922073170673063,0.0,0.12759531324600684,none,none
wroclaw_2024_2025,45,12884,0,0,0.02932402111829135,0.0,0.1408332812156269,none,none
wroclaw_2024_2025,45,12885,0,0,0.014731094613259667,0.0,0.14372639900486617,none,none
wroclaw_2024_2025,45,12886,0,0,0.005,0.0,0.13778881018698141,none,none
wroclaw_2024_2025,45,12887,0,0,0.004731094613259669,0.0,0.14665951153437004,none,none
wroclaw_2024_2025,45,12888,0,0,0.0,0.0,0.15324393679740647,none,none
wroclaw_2024_2025,45,12889,0,0,0.004731094613259669,0.0,0.1580636305051857,none,none
wroclaw_2024_2025,45,12890,0,0,0.0,0.0,0.20771169682428078,none,none
wroclaw_2024_2025,45,12891,0,0,0.0,0.0,0.20739535135123915,none,none
wroclaw_2024_2025,45,12892,0,0,0.009861831891772012,0.0,0.1838889564429771,none,none
wroclaw_2024_2025,45,12893,0,0,0.009489637093470959,0.0,0.19096998391693426,none,none
wroclaw_2024_2025,45,12894,0,0,0.005,0.0,0.19194629595246926,none,none
wroclaw_2024_2025,45,12895,0,0,0.005,0.0,0.20010532894179625,none,none
wroclaw_2024_2025,45,12896,0,0,0.005,0.0,0.20242827464629162,none,none
wroclaw_2024_2025,45,12897,0,0,0.005,0.0,0.20463447252395076,none,none
wroclaw_2024_2025,45,12898,0,0,0.0,0.0,0.2072952344427242,none,none
wroclaw_2024_2025,45,12899,0,0,0.005,0.0,0.2114052292373371,none,none
wroclaw_2024_2025,45,12900,0,0,0.005,0.0,0.18708337069008715,none,none
wroclaw_2024_2025,45,12901,0,0,0.0,0.0,0.1792824296565772,none,none
wroclaw_2024_2025,45,12902,0,0,0.004731094613259669,0.0,0.1838857882991584,none,none
wroclaw_2024_2025,45,12903,0,0,0.0,0.0,0.18819196297228613,none,none
wroclaw_2024_2025,45,12904,0,0,0.0,0.0,0.18899204392807678,none,none
wroclaw_2024_2025,45,12905,0,0,0.0,0.0,0.17746614266701422,none,none
wroclaw_2024_2025,45,12906,0,0,0.00448963709347096,0.0,0.1661527344987435,none,none
wroclaw_2024_2025,45,12907,0,0,0.0,0.0,0.17887377762200568,none,none
wroclaw_2024_2025,45,12908,0,0,0.0,0.0,0.17351230954500493,none,none
wroclaw_2024_2025,45,12909,0,0,0.0,0.0,0.16694786711907814,none,none
wroclaw_2024_2025,45,12910,0,0,0.0,0.0,0.16245857160239047,none,none
wroclaw_2024_2025,45,12911,0,0,0.0,0.0,0.16251414902867084,none,none
wroclaw_2024_2025,45,12912,0,0,0.0,0.0,0.16108527006280238,none,none
wroclaw_2024_2025,45,12913,0,0,0.0,0.0,0.15776420710633607,none,none
wroclaw_2024_2025,45,12914,0,0,0.0,0.0,0.16581246911605216,none,none
wroclaw_2024_2025,45,12915,0,0,0.0,0.0,0.16430813171031464,none,none
wroclaw_2024_2025,45,12916,0,0,0.0,0.0,0.16499114596934727,none,none
wroclaw_2024_2025,45,12917,0,0,0.0,0.0,0.16541358705797815,none,none
wroclaw_2024_2025,45,12918,0,0,0.0,0.0,0.1789612349027858,none,none
wroclaw_2024_2025,45,12919,0,0,0.0,0.0,0.18339078146892776,none,none
wroclaw_2024_2025,45,12920,0,0,0.0,0.0,0.18633963964806463,none,none
wroclaw_2024_2025,45,12921,0,0,0.0,0.0,0.1970003790883225,none,none
wroclaw_2024_2025,45,12922,0,0,0.0,0.0,0.1873555083214419,none,none
wroclaw_2024_2025,45,12923,0,0,0.0,0.0,0.19126475376085306,none,none
wroclaw_2024_2025,45,12924,0,0,0.0,0.0,0.18827248448353814,none,none
wroclaw_2024_2025,45,12925,0,0,0.0,0.0,0.20092061052774712,none,none
wroclaw_2024_2025,45,12926,0,0,0.01919328383977901,0.0,0.19524937988378344,none,none
wroclaw_2024_2025,45,12927,0,0,0.004731094613259669,0.0,0.20064330815204506,none,none
wroclaw_2024_2025,45,12928,0,0,0.009731094613259668,0.0,0.18515865729685738,none,none
wroclaw_2024_2025,45,12929,0,0,0.004731094613259669,0.0,0.1650986417756566,none,none
wroclaw_2024_2025,45,12930,0,0,0.0,0.0,0.16683556541230266,none,none
wroclaw_2024_2025,45,12931,0,0,0.004731094613259669,0.0,0.1698842025308922,none,none
wroclaw_2024_2025,45,12932,0,0,0.0,0.0,0.16863513760929447,none,none
wroclaw_2024_2025,45,12933,0,0,0.0,0.0,0.17178176191790126,none,none
wroclaw_2024_2025,45,12934,0,0,0.0,0.0,0.1721980738746663,none,none
wroclaw_2024_2025,45,12935,0,0,0.004731094613259669,0.0,0.1738981456544013,none,none
wroclaw_2024_2025,45,12936,0,0,0.0,0.0,0.16900630914187473,none,none
wroclaw_2024_2025,45,12937,0,0,0.009861831891772012,0.0,0.15368019976934236,none,none
wroclaw_2024_2025,45,12938,0,0,0.009861831891772012,0.0,0.1525290719223483,none,none
wroclaw_2024_2025,45,12939,0,0,0.009861831891772012,0.0,0.15482105935293744,none,none
wroclaw_2024_2025,45,12940,0,0,0.009861831891772012,0.0,0.15791998130494475,none,none
wroclaw_2024_2025,45,12941,0,0,0.005,0.0,0.1647134976574718,none,none
wroclaw_2024_2025,45,12942,0,0,0.004731094613259669,0.0,0.1526797533543218,none,none
wroclaw_2024_2025,45,12943,0,0,0.005,0.0,0.1580055901359231,none,none
wroclaw_2024_2025,45,12944,0,0,0.005,0.0,0.16844578811524807,none,none
wroclaw_2024_2025,45,12945,0,0,0.0,0.0,0.17728557628470187,none,none
wroclaw_2024_2025,45,12946,0,0,0.0,0.0,0.16003739861713903,none,none
wroclaw_2024_2025,45,12947,0,0,0.004731094613259669,0.0,0.1717560891300505,none,none
wroclaw_2024_2025,45,12948,0,0,0.0,0.0,0.15610043693900139,none,none
wroclaw_2024_2025,45,12949,0,0,0.0,0.0,0.14263575302474793,none,none
wroclaw_2024_2025,45,12950,0,0,0.005,0.0,0.14598192798292453,none,none
wroclaw_2024_2025,45,12951,0,0,0.0,0.0,0.1371207426520211,none,none
wroclaw_2024_2025,45,12952,0,0,0.01,0.0,0.1423684898363858,none,none
wroclaw_2024_2025,45,12953,0,0,0.005,0.0,0.14206253330337532,none,none
wroclaw_2024_2025,45,12954,0,0,0.009489637093470959,0.0,0.14075720292849536,none,none
wroclaw_2024_2025,45,12955,0,0,0.009731094613259668,0.0,0.1499390112832717,none,none
wroclaw_2024_2025,45,12956,0,0,0.005,0.0,0.1557439569236424,none,none
wroclaw_2024_2025,45,12957,0,0,0.0,0.0,0.14587378436804807,none,none
wroclaw_2024_2025,45,12958,0,0,0.005,0.0,0.15252127141200977,none,none
wroclaw_2024_2025,45,12959,0,0,0.005,0.0,0.14027100029032757,none,none
wroclaw_2024_2025,45,12960,0,0,0.005,0.0,0.14149826736875643,none,none
wroclaw_2024_2025,45,12961,0,0,0.0,0.0,0.13437461702024922,none,none
wroclaw_2024_2025,45,12962,0,0,0.0,0.0,0.13347263935122866,none,none
wroclaw_2024_2025,45,12963,0,0,0.0,0.0,0.12546816330354815,none,none
wroclaw_2024_2025,45,12964,0,0,0.0,0.0,0.13517038141752805,none,none
wroclaw_2024_2025,45,12965,0,0,0.0,0.0,0.14842703316659014,none,none
wroclaw_2024_2025,45,12966,0,0,0.0,0.0,0.13272195911574455,none,none
wroclaw_2024_2025,45,12967,0,0,0.0,0.0,0.15297960101231609,none,none
wroclaw_2024_2025,45,12968,0,0,0.0,0.0,0.14723158811106413,none,none
wroclaw_2024_2025,45,12969,0,0,0.0,0.0,0.14695104363633496,none,none
wroclaw_2024_2025,45,12970,0,0,0.0,0.0,0.13404490578637204,none,none
wroclaw_2024_2025,45,12971,0,0,0.0,0.0,0.1456234805389893,none,none
wroclaw_2024_2025,45,12972,0,0,0.0,0.0,0.13401473177042192,none,none
wroclaw_2024_2025,45,12973,0,0,0.005,0.0,0.1430680576499264,none,none
wroclaw_2024_2025,45,12974,0,0,0.005,0.0,0.13442594040447037,none,none
wroclaw_2024_2025,45,12975,0,0,0.0,0.0,0.1288867390183971,none,none
wroclaw_2024_2025,45,12976,0,0,0.0,0.0,0.132487158952461,none,none
wroclaw_2024_2025,45,12977,0,0,0.0,0.0,0.12718386468513146,none,none
wroclaw_2024_2025,45,12978,0,0,0.0,0.0,0.12824906455724666,none,none
wroclaw_2024_2025,45,12979,0,0,0.0,0.0,0.12632009002865327,none,none
wroclaw_2024_2025,45,12980,0,0,0.0,0.0,0.12631894056865445,none,none
wroclaw_2024_2025,45,12981,0,0,0.0,0.0,0.1463943125302384,none,none
wroclaw_2024_2025,45,12982,0,0,0.0,0.0,0.1535868911265674,none,none
wroclaw_2024_2025,45,12983,0,0,0.005,0.0,0.17925151507632295,none,none
wroclaw_2024_2025,45,12984,0,0,0.01,0.0,0.19716134845052072,none,none
wroclaw_2024_2025,45,12985,0,0,0.005,0.0,0.19737771232599974,none,none
wroclaw_2024_2025,45,12986,0,0,0.005,0.0,0.21159637216274696,none,none
wroclaw_2024_2025,45,12987,0,0,0.005,0.0,0.21616398536089793,none,none
wroclaw_2024_2025,45,12988,0,0,0.01,0.0,0.22346344287512443,none,none
wroclaw_2024_2025,45,12989,0,0,0.005,0.0,0.22951406066600247,none,none
wroclaw_2024_2025,45,12990,0,0,0.0,0.0,0.24194082279168233,none,none
wroclaw_2024_2025,45,12991,0,0,0.00448963709347096,0.0,0.24180221454433515,none,none
wroclaw_2024_2025,45,12992,0,0,0.00448963709347096,0.0,0.23012792427101403,none,none
wroclaw_2024_2025,45,12993,0,0,0.01,0.0,0.2437558229045117,none,none
wroclaw_2024_2025,45,12994,0,0,0.01,0.0,0.2400690729040707,none,none
wroclaw_2024_2025,45,12995,0,0,0.00448963709347096,0.0,0.23807333816499315,none,none
wroclaw_2024_2025,45,12996,0,0,0.00448963709347096,0.0,0.23535953933329246,none,none
wroclaw_2024_2025,45,12997,0,0,0.00448963709347096,0.0,0.2292170369766937,none,none
wroclaw_2024_2025,45,12998,0,0,0.00448963709347096,0.0,0.2343324233784299,none,none
wroclaw_2024_2025,45,12999,0,0,0.00448963709347096,0.0,0.23844951273410192,none,none
wroclaw_2024_2025,45,13000,0,0,0.00448963709347096,0.0,0.2301190864675239,none,none
wroclaw_2024_2025,45,13001,0,0,0.00448963709347096,0.0,0.22449829453762185,none,none
wroclaw_2024_2025,45,13002,0,0,0.00448963709347096,0.0,0.22630514545556674,none,none
wroclaw_2024_2025,45,13003,0,0,0.00448963709347096,0.0,0.22576450901123424,none,none
wroclaw_2024_2025,45,13004,0,0,0.00448963709347096,0.0,0.21808430009545418,none,none
wroclaw_2024_2025,45,13005,0,0,0.00448963709347096,0.0,0.21691198331222175,none,none
wroclaw_2024_2025,45,13006,0,0,0.00897927418694192,0.0,0.1989809805303419,none,none
wroclaw_2024_2025,45,13007,0,0,0.00448963709347096,0.0,0.2003776999571064,none,none
wroclaw_2024_2025,45,13008,0,0,0.00897927418694192,0.0,0.20473319865435424,none,none
wroclaw_2024_2025,45,13009,0,0,0.013979274186941918,0.0,0.20159687861050246,none,none
wroclaw_2024_2025,45,13010,0,0,0.013979274186941918,0.0,0.20393220664911785,none,none
wroclaw_2024_2025,45,13011,0,0,0.02820000589367255,0.0,0.22663990230011366,none,none
wroclaw_2024_2025,45,13012,0,0,0.018710368800201587,0.0,0.22463171321052175,none,none
wroclaw_2024_2025,45,13013,0,0,0.009220731706730628,0.0,0.2352823733257306,none,none
wroclaw_2024_2025,45,13014,0,0,0.009220731706730628,0.0,0.24398067731064624,none,none
wroclaw_2024_2025,45,13015,0,0,0.023172558026720927,0.0,0.2463634153931196,none,none
wroclaw_2024_2025,45,13016,0,0,0.023414015546509633,0.0,0.23207396939783564,none,none
wroclaw_2024_2025,45,13017,0,0,0.018951826319990296,0.0,0.23233268181576713,none,none
wroclaw_2024_2025,45,13018,0,0,0.03303438991849294,0.0,0.22635984948289964,none,none
wroclaw_2024_2025,45,13019,0,0,0.024220731706730628,0.0,0.22002320176273388,none,none
wroclaw_2024_2025,45,13020,0,0,0.023951826319990297,0.0,0.20668710458248454,none,none
wroclaw_2024_2025,45,13021,0,0,0.009731094613259668,0.0,0.19619886377066223,none,none
wroclaw_2024_2025,45,13022,0,0,0.009220731706730628,0.0,0.19748363445628728,none,none
wroclaw_2024_2025,45,13023,0,0,0.03354475282502198,0.0,0.2113026650832111,none,none
wroclaw_2024_2025,45,13024,0,0,0.00935146898524297,0.0,0.24169185353044711,none,none
wroclaw_2024_2025,45,13025,0,0,0.009220731706730628,0.0,0.23988293576117342,none,none
wroclaw_2024_2025,45,13026,0,0,0.00448963709347096,0.0,0.19251740466234674,none,none
wroclaw_2024_2025,45,13027,0,0,0.0,0.0,0.2001558690456533,none,none
wroclaw_2024_2025,45,13028,0,0,0.0,0.0,0.1958188884173601,none,none
wroclaw_2024_2025,45,13029,0,0,0.0,0.0,0.17302031995416836,none,none
wroclaw_2024_2025,45,13030,0,0,0.004731094613259669,0.0,0.16495764757389986,none,none
wroclaw_2024_2025,45,13031,0,0,0.018951826319990296,0.0,0.1545860203050597,none,none
wroclaw_2024_2025,45,13032,0,0,0.023441463413461257,0.0,0.1530465925550432,none,none
wroclaw_2024_2025,45,13033,0,0,0.033441463413461256,0.0,0.1462463078646535,none,none
wroclaw_2024_2025,45,13034,0,0,0.07249657914501227,0.0,0.15126409738818938,none,none
wroclaw_2024_2025,45,13035,0,0,0.0786480422365827,0.0,0.15017635552396946,none,none
wroclaw_2024_2025,45,13036,0,0,0.04381365821176231,0.0,0.14760309077050665,none,none
wroclaw_2024_2025,45,13037,0,0,0.034324021118291345,0.0,0.15358906133927078,none,none
wroclaw_2024_2025,45,13038,0,0,0.019731094613259666,0.0,0.15491811453742793,none,none
wroclaw_2024_2025,45,13039,0,0,0.01,0.0,0.16605725244170272,none,none
wroclaw_2024_2025,45,13040,0,0,0.005,0.0,0.16556994453309776,none,none
wroclaw_2024_2025,45,13041,0,0,0.009731094613259668,0.0,0.17266880792616554,none,none
wroclaw_2024_2025,45,13042,0,0,0.009731094613259668,0.0,0.16973296759568404,none,none
wroclaw_2024_2025,45,13043,0,0,0.005,0.0,0.15428254972052383,none,none
wroclaw_2024_2025,45,13044,0,0,0.01408256359850264,0.0,0.17156135549156615,none,none
wroclaw_2024_2025,45,13045,0,0,0.01881365821176231,0.0,0.18904316944098845,none,none
wroclaw_2024_2025,45,13046,0,0,0.00935146898524297,0.0,0.18015882973959466,none,none
wroclaw_2024_2025,45,13047,0,0,0.00935146898524297,0.0,0.18839537587447505,none,none
wroclaw_2024_2025,45,13048,0,0,0.00935146898524297,0.0,0.18031651339024968,none,none
wroclaw_2024_2025,45,13049,0,0,0.028414015546509633,0.0,0.1614806248920309,none,none
wroclaw_2024_2025,45,13050,0,0,0.05811766229281767,0.0,0.1677856050006771,none,none
wroclaw_2024_2025,45,13051,0,0,0.13419387295951918,0.0,0.1540111500544436,none,none
wroclaw_2024_2025,45,13052,0,0,0.11104876279974989,0.0,0.15691393233764425,none,none
wroclaw_2024_2025,45,13053,0,0,0.10260729938628863,0.0,0.16716532668666312,none,none
wroclaw_2024_2025,45,13054,0,0,0.12946277834625952,0.0,0.16442320566622473,none,none
wroclaw_2024_2025,45,13055,1,0,0.09155912570627893,0.1,0.16341838859160832,rain,none
wroclaw_2024_2025,45,13056,0,0,0.17341460466624983,0.0,0.1604171954866226,none,none
wroclaw_2024_2025,45,13057,1,0,0.1636760792232745,0.1,0.1556955021108288,rain,none
wroclaw_2024_2025,45,13058,1,0,0.11204204074585634,0.2,0.2176409381018697,rain,none
wroclaw_2024_2025,45,13059,1,0,0.126793152396352,0.3,0.13176097460394773,mixed,none
wroclaw_2024_2025,45,13060,1,0,0.11117950007826223,0.2,0.15363618955394356,mixed,none
wroclaw_2024_2025,45,13061,1,0,0.11720022589132033,0.1,0.1871409871377749,snow,none
wroclaw_2024_2025,45,13062,0,0,0.1420620577830923,0.0,0.18640663261395257,none,none
wroclaw_2024_2025,45,13063,0,0,0.11783389524664603,0.0,0.16991545496615315,none,none
wroclaw_2024_2025,45,13064,0,0,0.17999315829002455,0.0,0.1602176699287058,none,none
wroclaw_2024_2025,45,13065,0,0,0.09531695941066812,0.0,0.14568683879573774,none,none
wroclaw_2024_2025,45,13066,0,0,0.05311766229281768,0.0,0.15583933452525403,none,none
wroclaw_2024_2025,45,13067,0,0,0.04311766229281768,0.0,0.15084172529092482,none,none
wroclaw_2024_2025,45,13068,0,0,0.047200225891320315,0.0,0.1635638164162628,none,none
wroclaw_2024_2025,45,13069,0,0,0.04260729938628864,0.0,0.16076918814045948,none,none
wroclaw_2024_2025,45,13070,0,0,0.03787620477302897,0.0,0.16967829673920573,none,none
wroclaw_2024_2025,45,13071,0,0,0.047365841866499926,0.0,0.18760138238183696,none,none
wroclaw_2024_2025,45,13072,0,0,0.06161402144018217,0.0,0.17955836040870876,none,none
wroclaw_2024_2025,45,13073,0,0,0.058172558026720916,0.0,0.17521205995980063,none,none
wroclaw_2024_2025,45,13074,0,0,0.09222767375827193,0.0,0.15951626180322365,none,none
wroclaw_2024_2025,45,13075,0,0,0.07827584743828163,0.0,0.15256602066079983,none,none
wroclaw_2024_2025,45,13076,0,0,0.0427654845317526,0.0,0.15055074478400152,none,none
wroclaw_2024_2025,45,13077,0,0,0.009220731706730628,0.0,0.14481127148918171,none,none
wroclaw_2024_2025,45,13078,0,0,0.004731094613259669,0.0,0.14220112917423833,none,none
wroclaw_2024_2025,45,13079,0,0,0.0,0.0,0.16749848868749456,none,none
wroclaw_2024_2025,45,13080,0,0,0.0,0.0,0.16706404493249946,none,none
wroclaw_2024_2025,45,13081,0,0,0.0,0.0,0.15890348024315631,none,none
wroclaw_2024_2025,45,13082,0,0,0.0,0.0,0.16540990641034567,none,none
wroclaw_2024_2025,45,13083,0,0,0.0,0.0,0.16795620656671179,none,none
wroclaw_2024_2025,45,13084,0,0,0.0,0.0,0.169956946941626,none,none
wroclaw_2024_2025,45,13085,0,0,0.0,0.0,0.1775500820766218,none,none
wroclaw_2024_2025,45,13086,0,0,0.0,0.0,0.1827378822514339,none,none
wroclaw_2024_2025,45,13087,0,0,0.0,0.0,0.18485619114137988,none,none
wroclaw_2024_2025,45,13088,0,0,0.004731094613259669,0.0,0.19473548975459476,none,none
wroclaw_2024_2025,45,13089,0,0,0.004731094613259669,0.0,0.18835489903710362,none,none
wroclaw_2024_2025,45,13090,0,0,0.004731094613259669,0.0,0.18713203414215326,none,none
wroclaw_2024_2025,45,13091,0,0,0.004731094613259669,0.0,0.18666726379821522,none,none
wroclaw_2024_2025,45,13092,0,0,0.004731094613259669,0.0,0.18655831730325212,none,none
wroclaw_2024_2025,45,13093,0,0,0.004731094613259669,0.0,0.18683365398487142,none,none
wroclaw_2024_2025,45,13094,0,0,0.00448963709347096,0.0,0.18098456022661233,none,none
wroclaw_2024_2025,45,13095,1,0,0.00448963709347096,0.1,0.17114753447300662,snow,none
wroclaw_2024_2025,45,13096,0,0,0.00448963709347096,0.0,0.17023610305242187,none,none
wroclaw_2024_2025,45,13097,0,0,0.013710368800201586,0.0,0.17672493003714795,none,none
wroclaw_2024_2025,45,13098,0,0,0.00448963709347096,0.0,0.29089468952192726,none,none
wroclaw_2024_2025,45,13099,0,0,0.05682803109301927,0.0,0.20468137388611443,none,none
wroclaw_2024_2025,45,13100,0,0,0.014462189226519338,0.0,0.19541301062395935,none,none
wroclaw_2024_2025,45,13101,0,0,0.01932402111829135,0.0,0.18075044922635689,none,none
wroclaw_2024_2025,45,13102,0,0,0.028414015546509637,0.0,0.17138126304173798,none,none
wroclaw_2024_2025,45,13103,0,0,0.018682920933249966,0.0,0.18584444182882914,none,none
wroclaw_2024_2025,45,13104,0,0,0.023682920933249963,0.0,0.18735292684370952,none,none
wroclaw_2024_2025,45,13105,0,0,0.028682920933249964,0.0,0.1924778298973961,none,none
wroclaw_2024_2025,45,13106,0,0,0.028414015546509633,0.0,0.20790718345194648,none,none
wroclaw_2024_2025,45,13107,0,0,0.023924378453038676,0.0,0.21696737688332465,none,none
wroclaw_2024_2025,45,13108,0,0,0.024193283839779006,0.0,0.19520155103702813,none,none
wroclaw_2024_2025,45,13109,0,0,0.043682920933249964,0.0,0.1803619787481154,none,none
wroclaw_2024_2025,45,13110,0,0,0.023303295305233264,0.0,0.1650346415240049,none,none
wroclaw_2024_2025,45,13111,0,0,0.03215183221366284,0.0,0.16816415274943014,none,none
wroclaw_2024_2025,45,13112,0,0,0.018441463413461257,0.0,0.16832053651003662,none,none
wroclaw_2024_2025,45,13113,0,0,0.009220731706730628,0.0,0.14164593932214792,none,none
wroclaw_2024_2025,45,13114,0,0,0.0,0.0,0.17658570828914846,none,none
wroclaw_2024_2025,45,13115,0,0,0.0,0.0,0.2063604892868479,none,none
wroclaw_2024_2025,45,13116,0,0,0.0,0.0,0.20118502379708936,none,none
wroclaw_2024_2025,45,13117,0,0,0.0,0.0,0.20018101252293619,none,none
wroclaw_2024_2025,45,13118,0,0,0.0,0.0,0.1984991399105588,none,none
wroclaw_2024_2025,45,13119,0,0,0.009731094613259668,0.0,0.194621212566765,none,none
wroclaw_2024_2025,45,13120,0,0,0.018951826319990296,0.0,0.19552974545784368,none,none
wroclaw_2024_2025,45,13121,0,0,0.018682920933249966,0.0,0.1867290223703934,none,none
wroclaw_2024_2025,45,13122,0,0,0.0281451101597693,0.0,0.19324150738999318,none,none
wroclaw_2024_2025,45,13123,0,0,0.023682920933249963,0.0,0.18984482979886452,none,none
wroclaw_2024_2025,45,13124,0,0,0.018682920933249966,0.0,0.19078126985833083,none,none
wroclaw_2024_2025,45,13125,0,0,0.018924378453038675,0.0,0.19449353514390286,none,none
wroclaw_2024_2025,45,13126,0,0,0.028172558026720928,0.0,0.1849837602044624,none,none
wroclaw_2024_2025,45,13127,0,0,0.023951826319990297,0.0,0.18608305300673686,none,none
wroclaw_2024_2025,45,13128,0,0,0.014462189226519338,0.0,0.18240056236699906,none,none
wroclaw_2024_2025,45,13129,0,0,0.014462189226519338,0.0,0.17056248980182048,none,none
wroclaw_2024_2025,45,13130,0,0,0.009731094613259668,0.0,0.16548283825258422,none,none
wroclaw_2024_2025,45,13131,0,0,0.004731094613259669,0.0,0.1675665504520008,none,none
wroclaw_2024_2025,45,13132,0,0,0.009220731706730628,0.0,0.1571282544375611,none,none
wroclaw_2024_2025,45,13133,0,0,0.0,0.0,0.154640309668491,none,none
wroclaw_2024_2025,45,13134,0,0,0.005,0.0,0.1587054944935195,none,none
wroclaw_2024_2025,45,13135,0,0,0.00959292650503168,0.0,0.14966968272067352,none,none
wroclaw_2024_2025,45,13136,0,0,0.004731094613259669,0.0,0.147965682684117,none,none
wroclaw_2024_2025,45,13137,0,0,0.004731094613259669,0.0,0.14651757078432934,none,none
wroclaw_2024_2025,45,13138,0,0,0.0,0.0,0.15635297095992176,none,none
wroclaw_2024_2025,45,13139,0,0,0.0,0.0,0.1503894513529571,none,none
wroclaw_2024_2025,45,13140,0,0,0.0,0.0,0.15686854132025416,none,none
wroclaw_2024_2025,45,13141,0,0,0.0,0.0,0.16724768424575914,none,none
wroclaw_2024_2025,45,13142,0,0,0.0,0.0,0.15276401552545466,none,none
wroclaw_2024_2025,45,13143,0,0,0.0,0.0,0.15359022691432622,none,none
wroclaw_2024_2025,45,13144,0,0,0.0,0.0,0.15777210605140848,none,none
wroclaw_2024_2025,45,13145,0,0,0.0,0.0,0.15272225212196033,none,none
wroclaw_2024_2025,45,13146,0,0,0.005,0.0,0.14777785453600137,none,none
wroclaw_2024_2025,45,13147,0,0,0.0,0.0,0.154236706165696,none,none
wroclaw_2024_2025,45,13148,0,0,0.0,0.0,0.14636777555932584,none,none
wroclaw_2024_2025,45,13149,0,0,0.0,0.0,0.14827560101268447,none,none
wroclaw_2024_2025,45,13150,0,0,0.0,0.0,0.16660125534856257,none,none
wroclaw_2024_2025,45,13151,0,0,0.0,0.0,0.17946953675903116,none,none
wroclaw_2024_2025,45,13152,0,0,0.0,0.0,0.17040784250960905,none,none
wroclaw_2024_2025,45,13153,0,0,0.0,0.0,0.16899414748812244,none,none
wroclaw_2024_2025,45,13154,0,0,0.0,0.0,0.15945070277721263,none,none
wroclaw_2024_2025,45,13155,0,0,0.0,0.0,0.17278052820921555,none,none
wroclaw_2024_2025,45,13156,0,0,0.0,0.0,0.16338572959091144,none,none
wroclaw_2024_2025,45,13157,0,0,0.0,0.0,0.15314185007508876,none,none
wroclaw_2024_2025,45,13158,0,0,0.0,0.0,0.1655557004729124,none,none
wroclaw_2024_2025,45,13159,0,0,0.0,0.0,0.1495093921584784,none,none
wroclaw_2024_2025,45,13160,0,0,0.0,0.0,0.14587234951753322,none,none
wroclaw_2024_2025,45,13161,0,0,0.0,0.0,0.16181563548884484,none,none
wroclaw_2024_2025,45,13162,0,0,0.0,0.0,0.15112176421308535,none,none
wroclaw_2024_2025,45,13163,0,0,0.0,0.0,0.1514055261838556,none,none
wroclaw_2024_2025,45,13164,0,0,0.0,0.0,0.1559996936101558,none,none
wroclaw_2024_2025,45,13165,0,0,0.0,0.0,0.14954664693694547,none,none
wroclaw_2024_2025,45,13166,0,0,0.0,0.0,0.16893529715010777,none,none
wroclaw_2024_2025,45,13167,0,0,0.0,0.0,0.15248525926609396,none,none
wroclaw_2024_2025,45,13168,0,0,0.0,0.0,0.15620642438385818,none,none
wroclaw_2024_2025,45,13169,0,0,0.0,0.0,0.16255490879886952,none,none
wroclaw_2024_2025,45,13170,0,0,0.0,0.0,0.1553648328604046,none,none
wroclaw_2024_2025,45,13171,0,0,0.0,0.0,0.1729146583501861,none,none
wroclaw_2024_2025,45,13172,0,0,0.004861831891772012,0.0,0.15479065077947987,none,none
wroclaw_2024_2025,45,13173,0,0,0.004861831891772012,0.0,0.15049761781830365,none,none
wroclaw_2024_2025,45,13174,0,0,0.0,0.0,0.1528362716858967,none,none
wroclaw_2024_2025,45,13175,0,0,0.0,0.0,0.20253954420524004,none,none
wroclaw_2024_2025,45,13176,0,0,0.0,0.0,0.20008375211259868,none,none
wroclaw_2024_2025,45,13177,0,0,0.0,0.0,0.20294386453721017,none,none
wroclaw_2024_2025,45,13178,0,0,0.005,0.0,0.22258871240747802,none,none
wroclaw_2024_2025,45,13179,0,0,0.0,0.0,0.22578058814642388,none,none
wroclaw_2024_2025,45,13180,0,0,0.0,0.0,0.22625516694033848,none,none
wroclaw_2024_2025,45,13181,0,0,0.005,0.0,0.2280008660939574,none,none
wroclaw_2024_2025,45,13182,0,0,0.005,0.0,0.22947617884759938,none,none
wroclaw_2024_2025,45,13183,0,0,0.005,0.0,0.23271502529420077,none,none
wroclaw_2024_2025,45,13184,0,0,0.01,0.0,0.22884863627829805,none,none
wroclaw_2024_2025,45,13185,0,0,0.01,0.0,0.23102219667170018,none,none
wroclaw_2024_2025,45,13186,0,0,0.014731094613259667,0.0,0.24326344592693233,none,none
wroclaw_2024_2025,45,13187,0,0,0.009489637093470959,0.0,0.24947796871097064,none,none
wroclaw_2024_2025,45,13188,0,0,0.009489637093470959,0.0,0.25079201697120507,none,none
wroclaw_2024_2025,45,13189,0,0,0.009489637093470959,0.0,0.25393288591411023,none,none
wroclaw_2024_2025,45,13190,0,0,0.01422073170673063,0.0,0.2536306840513421,none,none
wroclaw_2024_2025,45,13191,0,0,0.009489637093470959,0.0,0.25508474784407814,none,none
wroclaw_2024_2025,45,13192,0,0,0.009489637093470959,0.0,0.25550175903920125,none,none
wroclaw_2024_2025,45,13193,0,0,0.0,0.0,0.2567368739994088,none,none
wroclaw_2024_2025,45,13194,0,0,0.004731094613259669,0.0,0.24679241414963626,none,none
wroclaw_2024_2025,45,13195,0,0,0.0,0.0,0.23611089750651276,none,none
wroclaw_2024_2025,45,13196,0,0,0.0,0.0,0.23064550423135977,none,none
wroclaw_2024_2025,45,13197,0,0,0.0,0.0,0.22801605104895784,none,none
wroclaw_2024_2025,45,13198,0,0,0.0,0.0,0.23267054400410417,none,none
wroclaw_2024_2025,45,13199,0,0,0.0,0.0,0.2249789348592817,none,none
wroclaw_2024_2025,45,13200,0,0,0.0,0.0,0.21570842451310349,none,none
wroclaw_2024_2025,45,13201,0,0,0.0,0.0,0.20686574788514345,none,none
wroclaw_2024_2025,45,13202,0,0,0.009489637093470959,0.0,0.20252513581329332,none,none
wroclaw_2024_2025,45,13203,0,0,0.009489637093470959,0.0,0.20217926996208552,none,none
wroclaw_2024_2025,45,13204,0,0,0.009489637093470959,0.0,0.21436866841761382,none,none
wroclaw_2024_2025,45,13205,0,0,0.009489637093470959,0.0,0.21014270706521762,none,none
wroclaw_2024_2025,45,13206,0,0,0.01,0.0,0.21564432017707091,none,none
wroclaw_2024_2025,45,13207,0,0,0.005,0.0,0.21371558346056968,none,none
wroclaw_2024_2025,45,13208,0,0,0.01448963709347096,0.0,0.21718836058042063,none,none
wroclaw_2024_2025,45,13209,0,0,0.01922073170673063,0.0,0.20879078892460856,none,none
wroclaw_2024_2025,45,13210,0,0,0.00448963709347096,0.0,0.2361964739267457,none,none
wroclaw_2024_2025,45,13211,0,0,0.00448963709347096,0.0,0.2653201559756366,none,none
wroclaw_2024_2025,45,13212,0,0,0.00448963709347096,0.0,0.24904919994863367,none,none
wroclaw_2024_2025,45,13213,0,0,0.00448963709347096,0.0,0.24270129995300926,none,none
wroclaw_2024_2025,45,13214,0,0,0.00448963709347096,0.0,0.21771077465694952,none,none
wroclaw_2024_2025,45,13215,0,0,0.013710368800201586,0.0,0.22677894403969448,none,none
wroclaw_2024_2025,45,13216,0,0,0.009489637093470959,0.0,0.23143683899708933,none,none
wroclaw_2024_2025,45,13217,0,0,0.0,0.0,0.2090568639497232,none,none
wroclaw_2024_2025,45,13218,0,0,0.028441463413461255,0.0,0.15995075725131408,none,none
wroclaw_2024_2025,45,13219,0,0,0.009489637093470959,0.0,0.16244171112465156,none,none
wroclaw_2024_2025,45,13220,0,0,0.033441463413461256,0.0,0.16378834059193115,none,none
wroclaw_2024_2025,45,13221,0,0,0.024220731706730628,0.0,0.16992887187723218,none,none
wroclaw_2024_2025,45,13222,0,0,0.028951826319990298,0.0,0.18129122964430452,none,none
wroclaw_2024_2025,45,13223,0,0,0.028951826319990298,0.0,0.17872549587387823,none,none
wroclaw_2024_2025,45,13224,0,0,0.03841401554650963,0.0,0.16964034369218478,none,none
wroclaw_2024_2025,45,13225,0,0,0.033414015546509634,0.0,0.16516002281699582,none,none
wroclaw_2024_2025,45,13226,0,0,0.023924378453038676,0.0,0.16985463741934512,none,none
wroclaw_2024_2025,45,13227,0,0,0.014193283839779008,0.0,0.17556055709520868,none,none
wroclaw_2024_2025,45,13228,0,0,0.018924378453038675,0.0,0.1746339486552882,none,none
wroclaw_2024_2025,45,13229,0,0,0.014193283839779008,0.0,0.1680931976454948,none,none
wroclaw_2024_2025,45,13230,0,0,0.023786210344810686,0.0,0.17620785956607837,none,none
wroclaw_2024_2025,45,13231,0,0,0.023786210344810686,0.0,0.16841792191028843,none,none
wroclaw_2024_2025,45,13232,0,0,0.04391694762332303,0.0,0.16426676718263902,none,none
wroclaw_2024_2025,45,13233,0,0,0.039055115731551016,0.0,0.16954384975707681,none,none
wroclaw_2024_2025,45,13234,0,0,0.04378621034481068,0.0,0.17251865449378762,none,none
wroclaw_2024_2025,45,13235,0,0,0.014731094613259667,0.0,0.17102199599913856,none,none
wroclaw_2024_2025,45,13236,0,0,0.014861831891772011,0.0,0.17296553843556475,none,none
wroclaw_2024_2025,45,13237,0,0,0.009861831891772012,0.0,0.18312240815263867,none,none
wroclaw_2024_2025,45,13238,0,0,0.009861831891772012,0.0,0.172035606001851,none,none
wroclaw_2024_2025,45,13239,0,0,0.004861831891772012,0.0,0.1684377299097004,none,none
wroclaw_2024_2025,45,13240,0,0,0.004861831891772012,0.0,0.1556445542585987,none,none
wroclaw_2024_2025,45,13241,0,0,0.0,0.0,0.14916151769171557,none,none
wroclaw_2024_2025,45,13242,0,0,0.00448963709347096,0.0,0.1491409403706562,none,none
wroclaw_2024_2025,45,13243,0,0,0.01422073170673063,0.0,0.14859476357154436,none,none
wroclaw_2024_2025,45,13244,0,0,0.01422073170673063,0.0,0.1491473015659424,none,none
wroclaw_2024_2025,45,13245,0,0,0.00959292650503168,0.0,0.15039103365234555,none,none
wroclaw_2024_2025,45,13246,0,0,0.009861831891772012,0.0,0.16071854146622236,none,none
wroclaw_2024_2025,45,13247,0,0,0.009731094613259668,0.0,0.169533898812749,none,none
wroclaw_2024_2025,45,13248,0,0,0.004731094613259669,0.0,0.15927182176909382,none,none
wroclaw_2024_2025,45,13249,0,0,0.005,0.0,0.1646532672123179,none,none
wroclaw_2024_2025,45,13250,0,0,0.009731094613259668,0.0,0.16990889641134085,none,none
wroclaw_2024_2025,45,13251,0,0,0.005,0.0,0.16421841996690317,none,none
wroclaw_2024_2025,45,13252,0,0,0.005,0.0,0.16535502549468162,none,none
wroclaw_2024_2025,45,13253,0,0,0.0,0.0,0.16941842710160968,none,none
wroclaw_2024_2025,45,13254,0,0,0.004731094613259669,0.0,0.17136926267839364,none,none
wroclaw_2024_2025,45,13255,0,0,0.004731094613259669,0.0,0.16718709568077908,none,none
wroclaw_2024_2025,45,13256,0,0,0.004731094613259669,0.0,0.1677427200826444,none,none
wroclaw_2024_2025,45,13257,0,0,0.004731094613259669,0.0,0.15543055968605274,none,none
wroclaw_2024_2025,45,13258,0,0,0.018951826319990296,0.0,0.16898586590783646,none,none
wroclaw_2024_2025,45,13259,0,0,0.014462189226519338,0.0,0.15247231397544328,none,none
wroclaw_2024_2025,45,13260,0,0,0.005,0.0,0.15621670873204932,none,none
wroclaw_2024_2025,45,13261,0,0,0.009731094613259668,0.0,0.16543679014760274,none,none
wroclaw_2024_2025,45,13262,0,0,0.009731094613259668,0.0,0.15653586924536048,none,none
wroclaw_2024_2025,45,13263,0,0,0.0,0.0,0.1746476438926719,none,none
wroclaw_2024_2025,45,13264,0,0,0.0,0.0,0.16801423059400628,none,none
wroclaw_2024_2025,45,13265,0,0,0.0,0.0,0.178233180386452,none,none
wroclaw_2024_2025,45,13266,0,0,0.0,0.0,0.177035854056762,none,none
wroclaw_2024_2025,45,13267,0,0,0.0,0.0,0.13903418975657025,none,none
wroclaw_2024_2025,45,13268,0,0,0.0,0.0,0.14717707094400692,none,none
wroclaw_2024_2025,45,13269,0,0,0.0,0.0,0.15203356864751835,none,none
wroclaw_2024_2025,45,13270,0,0,0.0,0.0,0.15506782107624803,none,none
wroclaw_2024_2025,45,13271,0,0,0.0,0.0,0.19521840319434391,none,none
wroclaw_2024_2025,45,13272,0,0,0.005,0.0,0.20733697564725373,none,none
wroclaw_2024_2025,45,13273,0,0,0.005,0.0,0.21321434564071468,none,none
wroclaw_2024_2025,45,13274,0,0,0.005,0.0,0.23108375634650377,none,none
wroclaw_2024_2025,45,13275,0,0,0.0,0.0,0.24725687597753068,none,none
wroclaw_2024_2025,45,13276,0,0,0.005,0.0,0.25023216398019577,none,none
wroclaw_2024_2025,45,13277,0,0,0.01,0.0,0.23741771270426254,none,none
wroclaw_2024_2025,45,13278,0,0,0.0,0.0,0.24095450639136037,none,none
wroclaw_2024_2025,45,13279,0,0,0.0,0.0,0.2432194295739243,none,none
wroclaw_2024_2025,45,13280,0,0,0.00448963709347096,0.0,0.24176545657400042,none,none
wroclaw_2024_2025,45,13281,0,0,0.009489637093470959,0.0,0.24324185650007785,none,none
wroclaw_2024_2025,45,13282,0,0,0.005,0.0,0.23969155915921853,none,none
wroclaw_2024_2025,45,13283,0,0,0.0,0.0,0.248496716117645,none,none
wroclaw_2024_2025,45,13284,0,0,0.00448963709347096,0.0,0.24962594850347114,none,none
wroclaw_2024_2025,45,13285,0,0,0.00448963709347096,0.0,0.24180497368261697,none,none
wroclaw_2024_2025,45,13286,0,0,0.0,0.0,0.23282452486775512,none,none
wroclaw_2024_2025,45,13287,0,0,0.0,0.0,0.23927121383364952,none,none
wroclaw_2024_2025,45,13288,0,0,0.0,0.0,0.2350639551485551,none,none
wroclaw_2024_2025,45,13289,0,0,0.00448963709347096,0.0,0.2325680089059458,none,none
wroclaw_2024_2025,45,13290,0,0,0.00448963709347096,0.0,0.23187393314264707,none,none
wroclaw_2024_2025,45,13291,0,0,0.00448963709347096,0.0,0.24910887444070767,none,none
wroclaw_2024_2025,45,13292,0,0,0.0,0.0,0.23317357435070543,none,none
wroclaw_2024_2025,45,13293,0,0,0.0,0.0,0.237564068026423,none,none
wroclaw_2024_2025,45,13294,0,0,0.0,0.0,0.22015719077220272,none,none
wroclaw_2024_2025,45,13295,0,0,0.0,0.0,0.21857258141558836,none,none
wroclaw_2024_2025,45,13296,0,0,0.0,0.0,0.21837348491103561,none,none
wroclaw_2024_2025,45,13297,0,0,0.0,0.0,0.21270920872165228,none,none
wroclaw_2024_2025,45,13298,0,0,0.004731094613259669,0.0,0.2099270229398397,none,none
wroclaw_2024_2025,45,13299,0,0,0.004731094613259669,0.0,0.21140143256411892,none,none
wroclaw_2024_2025,45,13300,0,0,0.004731094613259669,0.0,0.2101064566496345,none,none
wroclaw_2024_2025,45,13301,0,0,0.004731094613259669,0.0,0.20867037171056976,none,none
wroclaw_2024_2025,45,13302,0,0,0.0,0.0,0.1901391573311266,none,none
wroclaw_2024_2025,45,13303,0,0,0.004731094613259669,0.0,0.20149532259695221,none,none
wroclaw_2024_2025,45,13304,0,0,0.0,0.0,0.21194420636027136,none,none
wroclaw_2024_2025,45,13305,0,0,0.00448963709347096,0.0,0.2117581500274892,none,none
wroclaw_2024_2025,45,13306,0,0,0.00448963709347096,0.0,0.19540405163263455,none,none
wroclaw_2024_2025,45,13307,0,0,0.004731094613259669,0.0,0.18599301752347855,none,none
wroclaw_2024_2025,45,13308,0,0,0.004731094613259669,0.0,0.19154852811055081,none,none
wroclaw_2024_2025,45,13309,0,0,0.004731094613259669,0.0,0.2148855312521454,none,none
wroclaw_2024_2025,45,13310,0,0,0.005,0.0,0.21029183680085684,none,none
wroclaw_2024_2025,45,13311,0,0,0.019731094613259666,0.0,0.20909015494809774,none,none
wroclaw_2024_2025,45,13312,0,0,0.023951826319990297,0.0,0.23757990583303887,none,none
wroclaw_2024_2025,45,13313,0,0,0.028682920933249964,0.0,0.2067666263426838,none,none
wroclaw_2024_2025,45,13314,0,0,0.014462189226519338,0.0,0.17675135598403438,none,none
wroclaw_2024_2025,45,13315,0,0,0.01919328383977901,0.0,0.20495642992049923,none,none
wroclaw_2024_2025,45,13316,0,0,0.01919328383977901,0.0,0.19946594536883916,none,none
wroclaw_2024_2025,45,13317,0,0,0.014462189226519338,0.0,0.20354346942388035,none,none
wroclaw_2024_2025,45,13318,0,0,0.009731094613259668,0.0,0.2124252778879956,none,none
wroclaw_2024_2025,45,13319,0,0,0.009731094613259668,0.0,0.18860791466726834,none,none
wroclaw_2024_2025,45,13320,0,0,0.004861831891772012,0.0,0.2030993546158126,none,none
wroclaw_2024_2025,45,13321,0,0,0.004861831891772012,0.0,0.20200039321103885,none,none
wroclaw_2024_2025,45,13322,0,0,0.004861831891772012,0.0,0.20259283203636033,none,none
wroclaw_2024_2025,45,13323,0,0,0.004861831891772012,0.0,0.18818745314625301,none,none
wroclaw_2024_2025,45,13324,0,0,0.004861831891772012,0.0,0.1629968206451686,none,none
wroclaw_2024_2025,45,13325,0,0,0.004731094613259669,0.0,0.1486611404518179,none,none
wroclaw_2024_2025,45,13326,0,0,0.00448963709347096,0.0,0.15715204211633096,none,none
wroclaw_2024_2025,45,13327,0,0,0.01422073170673063,0.0,0.15735241502825806,none,none
wroclaw_2024_2025,45,13328,0,0,0.019462189226519336,0.0,0.16670132860727452,none,none
wroclaw_2024_2025,45,13329,0,0,0.0,0.0,0.18039034431630163,none,none
wroclaw_2024_2025,45,13330,0,0,0.0,0.0,0.17494538376320237,none,none
wroclaw_2024_2025,45,13331,0,0,0.0,0.0,0.18326583643681946,none,none
wroclaw_2024_2025,45,13332,0,0,0.00448963709347096,0.0,0.19121287942455467,none,none
wroclaw_2024_2025,45,13333,0,0,0.005,0.0,0.1912927945590199,none,none
wroclaw_2024_2025,45,13334,0,0,0.0,0.0,0.18385624205141596,none,none
wroclaw_2024_2025,45,13335,0,0,0.004731094613259669,0.0,0.19441072672494092,none,none
wroclaw_2024_2025,45,13336,0,0,0.004731094613259669,0.0,0.18295553128286718,none,none
wroclaw_2024_2025,45,13337,0,0,0.009220731706730628,0.0,0.1879619150478184,none,none
wroclaw_2024_2025,45,13338,0,0,0.009462189226519337,0.0,0.170487617529982,none,none
wroclaw_2024_2025,45,13339,0,0,0.009462189226519337,0.0,0.17523387449602928,none,none
wroclaw_2024_2025,45,13340,0,0,0.009462189226519337,0.0,0.15389805462507689,none,none
wroclaw_2024_2025,45,13341,0,0,0.024462189226519337,0.0,0.15938671758898845,none,none
wroclaw_2024_2025,45,13342,0,0,0.005,0.0,0.17096943047460317,none,none
wroclaw_2024_2025,45,13343,0,0,0.009731094613259668,0.0,0.16067586914703433,none,none
wroclaw_2024_2025,45,13344,0,0,0.0,0.0,0.1771769567290763,none,none
wroclaw_2024_2025,45,13345,0,0,0.004731094613259669,0.0,0.15351748193734274,none,none
wroclaw_2024_2025,45,13346,0,0,0.004731094613259669,0.0,0.16644430965647802,none,none
wroclaw_2024_2025,45,13347,0,0,0.004731094613259669,0.0,0.15964208768532592,none,none
wroclaw_2024_2025,45,13348,0,0,0.004731094613259669,0.0,0.16410895624350022,none,none
wroclaw_2024_2025,45,13349,0,0,0.004731094613259669,0.0,0.17311520589558194,none,none
wroclaw_2024_2025,45,13350,0,0,0.004731094613259669,0.0,0.16406458177424874,none,none
wroclaw_2024_2025,45,13351,0,0,0.004731094613259669,0.0,0.17177560533657002,none,none
wroclaw_2024_2025,45,13352,0,0,0.004731094613259669,0.0,0.1832042596069534,none,none
wroclaw_2024_2025,45,13353,0,0,0.009462189226519337,0.0,0.162138130715462,none,none
wroclaw_2024_2025,45,13354,0,0,0.004731094613259669,0.0,0.16644143183260424,none,none
wroclaw_2024_2025,45,13355,0,0,0.0,0.0,0.15286714640754057,none,none
wroclaw_2024_2025,45,13356,0,0,0.0,0.0,0.16019441104649423,none,none
wroclaw_2024_2025,45,13357,0,0,0.0,0.0,0.16247074385459148,none,none
wroclaw_2024_2025,45,13358,0,0,0.0,0.0,0.15862145407605643,none,none
wroclaw_2024_2025,45,13359,0,0,0.0,0.0,0.16254141574254458,none,none
wroclaw_2024_2025,45,13360,0,0,0.0,0.0,0.15212764949613045,none,none
wroclaw_2024_2025,45,13361,0,0,0.005,0.0,0.1424341093471849,none,none
wroclaw_2024_2025,45,13362,0,0,0.005,0.0,0.14196145308706157,none,none
wroclaw_2024_2025,45,13363,0,0,0.0,0.0,0.14629079304038395,none,none
wroclaw_2024_2025,45,13364,0,0,0.0,0.0,0.15189164204641223,none,none
wroclaw_2024_2025,45,13365,0,0,0.0,0.0,0.16472764361337702,none,none
wroclaw_2024_2025,45,13366,0,0,0.0,0.0,0.17598448358653287,none,none
wroclaw_2024_2025,45,13367,0,0,0.0,0.0,0.20725233591874737,none,none
wroclaw_2024_2025,45,13368,0,0,0.005,0.0,0.2214999206690125,none,none
wroclaw_2024_2025,45,13369,0,0,0.0,0.0,0.22501216387760073,none,none
wroclaw_2024_2025,45,13370,0,0,0.0,0.0,0.23889385045589845,none,none
wroclaw_2024_2025,45,13371,0,0,0.0,0.0,0.2543041628524181,none,none
wroclaw_2024_2025,45,13372,0,0,0.00448963709347096,0.0,0.2543958829349971,none,none
wroclaw_2024_2025,45,13373,0,0,0.00448963709347096,0.0,0.24527109794485352,none,none
wroclaw_2024_2025,45,13374,0,0,0.00448963709347096,0.0,0.23714464673773178,none,none
wroclaw_2024_2025,45,13375,0,0,0.0,0.0,0.23798392010103092,none,none
wroclaw_2024_2025,45,13376,0,0,0.0,0.0,0.23870900063325365,none,none
wroclaw_2024_2025,45,13377,0,0,0.00448963709347096,0.0,0.2326397272032467,none,none
wroclaw_2024_2025,45,13378,0,0,0.00448963709347096,0.0,0.2334006412599875,none,none
wroclaw_2024_2025,45,13379,0,0,0.00448963709347096,0.0,0.22886953942780525,none,none
wroclaw_2024_2025,45,13380,0,0,0.00448963709347096,0.0,0.25162662188433055,none,none
wroclaw_2024_2025,45,13381,0,0,0.00448963709347096,0.0,0.22931100470480748,none,none
wroclaw_2024_2025,45,13382,0,0,0.00448963709347096,0.0,0.2469574029913872,none,none
wroclaw_2024_2025,45,13383,0,0,0.00448963709347096,0.0,0.22535848654815507,none,none
wroclaw_2024_2025,45,13384,0,0,0.009489637093470959,0.0,0.2176734114157629,none,none
wroclaw_2024_2025,45,13385,0,0,0.009489637093470959,0.0,0.22375055441813102,none,none
wroclaw_2024_2025,45,13386,0,0,0.005,0.0,0.22544535310666713,none,none
wroclaw_2024_2025,45,13387,0,0,0.005,0.0,0.21403802998728672,none,none
wroclaw_2024_2025,45,13388,0,0,0.005,0.0,0.2247965383746362,none,none
wroclaw_2024_2025,45,13389,0,0,0.009489637093470959,0.0,0.2140886648726614,none,none
wroclaw_2024_2025,45,13390,0,0,0.01922073170673063,0.0,0.21805908133975024,none,none
wroclaw_2024_2025,45,13391,0,0,0.01922073170673063,0.0,0.22698998488145047,none,none
wroclaw_2024_2025,45,13392,0,0,0.028441463413461255,0.0,0.22022597275666309,none,none
wroclaw_2024_2025,45,13393,0,0,0.04317255802672092,0.0,0.20427056126744952,none,none
wroclaw_2024_2025,45,13394,0,0,0.0389518263199903,0.0,0.19659175127331663,none,none
wroclaw_2024_2025,45,13395,0,0,0.039193283839779006,0.0,0.18853304548152805,none,none
wroclaw_2024_2025,45,13396,0,0,0.029462189226519334,0.0,0.1929576347197302,none,none
wroclaw_2024_2025,45,13397,0,0,0.029462189226519334,0.0,0.18475559958722376,none,none
wroclaw_2024_2025,45,13398,0,0,0.024731094613259667,0.0,0.19333666055201343,none,none
wroclaw_2024_2025,45,13399,0,0,0.024731094613259667,0.0,0.21588573099153374,none,none
wroclaw_2024_2025,45,13400,0,0,0.029462189226519334,0.0,0.20436265922946006,none,none
wroclaw_2024_2025,45,13401,0,0,0.034462189226519335,0.0,0.2066020974208175,none,none
wroclaw_2024_2025,45,13402,0,0,0.0389518263199903,0.0,0.23266896279103727,none,none
wroclaw_2024_2025,45,13403,0,0,0.02973109461325967,0.0,0.2228813254359142,none,none
wroclaw_2024_2025,45,13404,0,0,0.02973109461325967,0.0,0.20796006799438949,none,none
wroclaw_2024_2025,45,13405,0,0,0.024731094613259667,0.0,0.20042812839133653,none,none
wroclaw_2024_2025,45,13406,0,0,0.02973109461325967,0.0,0.2049229300048642,none,none
wroclaw_2024_2025,45,13407,0,0,0.048951826319990295,0.0,0.20692524810710253,none,none
wroclaw_2024_2025,45,13408,0,0,0.03973109461325967,0.0,0.22055474064764422,none,none
wroclaw_2024_2025,45,13409,0,0,0.05446218922651933,0.0,0.23425602124269795,none,none
wroclaw_2024_2025,45,13410,0,0,0.05395182631999029,0.0,0.20922881982633557,none,none
wroclaw_2024_2025,45,13411,0,0,0.06392437845303867,0.0,0.20966602597083325,none,none
wroclaw_2024_2025,45,13412,0,0,0.044193283839779,0.0,0.21110596496078138,none,none
wroclaw_2024_2025,45,13413,0,0,0.034462189226519335,0.0,0.20819175976520835,none,none
wroclaw_2024_2025,45,13414,0,0,0.039193283839779006,0.0,0.21348245710790886,none,none
wroclaw_2024_2025,45,13415,0,0,0.019462189226519336,0.0,0.2075716162424832,none,none
wroclaw_2024_2025,45,13416,0,0,0.015,0.0,0.2074433012873905,none,none
wroclaw_2024_2025,45,13417,0,0,0.005,0.0,0.20528456773137901,none,none
wroclaw_2024_2025,45,13418,0,0,0.009489637093470959,0.0,0.19712479441082587,none,none
wroclaw_2024_2025,45,13419,0,0,0.02408256359850264,0.0,0.19226671041899138,none,none
wroclaw_2024_2025,45,13420,0,0,0.013979274186941918,0.0,0.19671544214512987,none,none
wroclaw_2024_2025,45,13421,0,0,0.005,0.0,0.19006075870532418,none,none
wroclaw_2024_2025,45,13422,0,0,0.0,0.0,0.19741864798914754,none,none
wroclaw_2024_2025,45,13423,0,0,0.0,0.0,0.17849418792429447,none,none
wroclaw_2024_2025,45,13424,0,0,0.0,0.0,0.1814773710670972,none,none
wroclaw_2024_2025,45,13425,0,0,0.0,0.0,0.18253134926152453,none,none
wroclaw_2024_2025,45,13426,0,0,0.0,0.0,0.1955460171546022,none,none
wroclaw_2024_2025,45,13427,0,0,0.0,0.0,0.19367694779559338,none,none
wroclaw_2024_2025,45,13428,0,0,0.0,0.0,0.17882768627670423,none,none
wroclaw_2024_2025,45,13429,0,0,0.0,0.0,0.17906807371739228,none,none
wroclaw_2024_2025,45,13430,0,0,0.009861831891772012,0.0,0.17490435924281433,none,none
wroclaw_2024_2025,45,13431,0,0,0.01959292650503168,0.0,0.17224547439706422,none,none
wroclaw_2024_2025,45,13432,0,0,0.01459292650503168,0.0,0.17171947699096538,none,none
wroclaw_2024_2025,45,13433,0,0,0.01459292650503168,0.0,0.17540780553189944,none,none
wroclaw_2024_2025,45,13434,0,0,0.009731094613259668,0.0,0.18013512599454293,none,none
wroclaw_2024_2025,45,13435,0,0,0.014731094613259667,0.0,0.17872775521906759,none,none
wroclaw_2024_2025,45,13436,0,0,0.014731094613259667,0.0,0.18643871901483056,none,none
wroclaw_2024_2025,45,13437,0,0,0.014731094613259667,0.0,0.17553906160666136,none,none
wroclaw_2024_2025,45,13438,0,0,0.014731094613259667,0.0,0.17603652516084692,none,none
wroclaw_2024_2025,45,13439,0,0,0.01,0.0,0.18360349543088025,none,none
wroclaw_2024_2025,45,13440,0,0,0.014731094613259667,0.0,0.17538687999987307,none,none
wroclaw_2024_2025,45,13441,0,0,0.009489637093470959,0.0,0.1768001674457022,none,none
wroclaw_2024_2025,45,13442,0,0,0.01422073170673063,0.0,0.14669847409566872,none,none
wroclaw_2024_2025,45,13443,0,0,0.01422073170673063,0.0,0.14710506010154575,none,none
wroclaw_2024_2025,45,13444,0,0,0.009489637093470959,0.0,0.15932247513342127,none,none
wroclaw_2024_2025,45,13445,0,0,0.009731094613259668,0.0,0.13687977343660956,none,none
wroclaw_2024_2025,45,13446,0,0,0.009731094613259668,0.0,0.1504215711842038,none,none
wroclaw_2024_2025,45,13447,0,0,0.005,0.0,0.16318163171478334,none,none
wroclaw_2024_2025,45,13448,0,0,0.00448963709347096,0.0,0.1430119801063637,none,none
wroclaw_2024_2025,45,13449,0,0,0.004731094613259669,0.0,0.15947504678691446,none,none
wroclaw_2024_2025,45,13450,0,0,0.004731094613259669,0.0,0.1685585080903092,none,none
wroclaw_2024_2025,45,13451,0,0,0.004731094613259669,0.0,0.14215843857458732,none,none
wroclaw_2024_2025,45,13452,0,0,0.00959292650503168,0.0,0.1319141215927836,none,none
wroclaw_2024_2025,45,13453,0,0,0.004731094613259669,0.0,0.1310542874905307,none,none
wroclaw_2024_2025,45,13454,0,0,0.004731094613259669,0.0,0.12737287537078731,none,none
wroclaw_2024_2025,45,13455,0,0,0.004731094613259669,0.0,0.14815981473843357,none,none
wroclaw_2024_2025,45,13456,0,0,0.0,0.0,0.1458595220704667,none,none
wroclaw_2024_2025,45,13457,0,0,0.0,0.0,0.14353069342608207,none,none
wroclaw_2024_2025,45,13458,0,0,0.0,0.0,0.15016932045262146,none,none
wroclaw_2024_2025,45,13459,0,0,0.009462189226519337,0.0,0.14855023101226086,none,none
wroclaw_2024_2025,45,13460,0,0,0.004731094613259669,0.0,0.13298440908040332,none,none
wroclaw_2024_2025,45,13461,0,0,0.004731094613259669,0.0,0.15077638435928245,none,none
wroclaw_2024_2025,45,13462,0,0,0.019462189226519336,0.0,0.1464988022400648,none,none
wroclaw_2024_2025,45,13463,0,0,0.015,0.0,0.19455751007454458,none,none
wroclaw_2024_2025,45,13464,0,0,0.014731094613259667,0.0,0.22377670709252248,none,none
wroclaw_2024_2025,45,13465,0,0,0.0,0.0,0.23198406139030084,none,none
wroclaw_2024_2025,45,13466,0,0,0.0,0.0,0.24396310611731994,none,none
wroclaw_2024_2025,45,13467,0,0,0.0,0.0,0.243972635434604,none,none
wroclaw_2024_2025,45,13468,0,0,0.0,0.0,0.2418621625713141,none,none
wroclaw_2024_2025,45,13469,0,0,0.0,0.0,0.24210132838767223,none,none
wroclaw_2024_2025,45,13470,0,0,0.0,0.0,0.24397889138976164,none,none
wroclaw_2024_2025,45,13471,0,0,0.0,0.0,0.24075643740140787,none,none
wroclaw_2024_2025,45,13472,0,0,0.0,0.0,0.24003839182876618,none,none
wroclaw_2024_2025,45,13473,0,0,0.0,0.0,0.23201602091203516,none,none
wroclaw_2024_2025,45,13474,0,0,0.004731094613259669,0.0,0.22625705232583382,none,none
wroclaw_2024_2025,45,13475,0,0,0.01422073170673063,0.0,0.2125542648257991,none,none
wroclaw_2024_2025,45,13476,0,0,0.009489637093470959,0.0,0.22048559568346038,none,none
wroclaw_2024_2025,45,13477,0,0,0.005,0.0,0.21899469597264837,none,none
wroclaw_2024_2025,45,13478,0,0,0.014462189226519338,0.0,0.2193793563863986,none,none
wroclaw_2024_2025,45,13479,0,0,0.005,0.0,0.2237272454141911,none,none
wroclaw_2024_2025,45,13480,0,0,0.005,0.0,0.24039325133004374,none,none
wroclaw_2024_2025,45,13481,0,0,0.01,0.0,0.2393163387438681,none,none
wroclaw_2024_2025,45,13482,0,0,0.01,0.0,0.24117098434416548,none,none
wroclaw_2024_2025,45,13483,0,0,0.01,0.0,0.24781533422720337,none,none
wroclaw_2024_2025,45,13484,0,0,0.01,0.0,0.24863920064065662,none,none
wroclaw_2024_2025,45,13485,0,0,0.01,0.0,0.23656206819866077,none,none
wroclaw_2024_2025,45,13486,0,0,0.019731094613259666,0.0,0.22870413755580785,none,none
wroclaw_2024_2025,45,13487,0,0,0.019731094613259666,0.0,0.21353863764331568,none,none
wroclaw_2024_2025,45,13488,0,0,0.024462189226519337,0.0,0.20973255521393866,none,none
wroclaw_2024_2025,45,13489,0,0,0.04446218922651934,0.0,0.2196030798878799,none,none
wroclaw_2024_2025,45,13490,0,0,0.03946218922651933,0.0,0.20945440784931152,none,none
wroclaw_2024_2025,45,13491,0,0,0.054055115731551015,0.0,0.21476352845984428,none,none
wroclaw_2024_2025,45,13492,0,0,0.04446218922651934,0.0,0.21170833762240726,none,none
wroclaw_2024_2025,45,13493,0,0,0.03946218922651933,0.0,0.1995369027163565,none,none
wroclaw_2024_2025,45,13494,0,0,0.034462189226519335,0.0,0.20570463013381132,none,none
wroclaw_2024_2025,45,13495,0,0,0.034462189226519335,0.0,0.21355052353828247,none,none
wroclaw_2024_2025,45,13496,0,0,0.034462189226519335,0.0,0.21309621627035985,none,none
wroclaw_2024_2025,45,13497,0,0,0.03973109461325967,0.0,0.20715697403797526,none,none
wroclaw_2024_2025,45,13498,0,0,0.03973109461325967,0.0,0.20075397723436056,none,none
wroclaw_2024_2025,45,13499,0,0,0.05432402111829134,0.0,0.22033181594320475,none,none
wroclaw_2024_2025,45,13500,0,0,0.049462189226519335,0.0,0.24407439757319532,none,none
wroclaw_2024_2025,45,13501,0,0,0.049462189226519335,0.0,0.22683641214767666,none,none
wroclaw_2024_2025,45,13502,0,0,0.03973109461325967,0.0,0.2310431573477682,none,none
wroclaw_2024_2025,45,13503,0,0,0.05865547306629834,0.0,0.2384534251489076,none,none
wroclaw_2024_2025,45,13504,0,0,0.05892437845303867,0.0,0.24649197647388127,none,none
wroclaw_2024_2025,45,13505,0,0,0.03946218922651933,0.0,0.23320008082044874,none,none
wroclaw_2024_2025,45,13506,0,0,0.029462189226519334,0.0,0.2098344958401727,none,none
wroclaw_2024_2025,45,13507,0,0,0.034462189226519335,0.0,0.1934376937309266,none,none
wroclaw_2024_2025,45,13508,0,0,0.044193283839779,0.0,0.1975989487207533,none,none
wroclaw_2024_2025,45,13509,0,0,0.054193283839779005,0.0,0.20532502394943658,none,none
wroclaw_2024_2025,45,13510,0,0,0.039193283839779006,0.0,0.20157770640225187,none,none
wroclaw_2024_2025,45,13511,0,0,0.034193283839779,0.0,0.2005939369994822,none,none
wroclaw_2024_2025,45,13512,0,0,0.009731094613259668,0.0,0.20687096808846248,none,none
wroclaw_2024_2025,45,13513,0,0,0.005,0.0,0.20531562269500542,none,none
wroclaw_2024_2025,45,13514,0,0,0.009731094613259668,0.0,0.2078187446254624,none,none
wroclaw_2024_2025,45,13515,0,0,0.0,0.0,0.20271687639469962,none,none
wroclaw_2024_2025,45,13516,0,0,0.0,0.0,0.19948052767330363,none,none
wroclaw_2024_2025,45,13517,0,0,0.00448963709347096,0.0,0.20483412408652715,none,none
wroclaw_2024_2025,45,13518,0,0,0.00448963709347096,0.0,0.202284791857345,none,none
wroclaw_2024_2025,45,13519,0,0,0.00448963709347096,0.0,0.19910245150410938,none,none
wroclaw_2024_2025,45,13520,0,0,0.004731094613259669,0.0,0.20952385999804884,none,none
wroclaw_2024_2025,45,13521,0,0,0.004731094613259669,0.0,0.19729094933069646,none,none
wroclaw_2024_2025,45,13522,0,0,0.0,0.0,0.20141135747443384,none,none
wroclaw_2024_2025,45,13523,0,0,0.0,0.0,0.20186807220501463,none,none
wroclaw_2024_2025,45,13524,0,0,0.004731094613259669,0.0,0.1961880480785531,none,none
wroclaw_2024_2025,45,13525,0,0,0.0,0.0,0.1963609903375469,none,none
wroclaw_2024_2025,45,13526,0,0,0.004731094613259669,0.0,0.19770281575062748,none,none
wroclaw_2024_2025,45,13527,0,0,0.0,0.0,0.1911645106606381,none,none
wroclaw_2024_2025,45,13528,0,0,0.0,0.0,0.19080109278549426,none,none
wroclaw_2024_2025,45,13529,0,0,0.0,0.0,0.1906326750345539,none,none
wroclaw_2024_2025,45,13530,0,0,0.009731094613259668,0.0,0.1918750225169,none,none
wroclaw_2024_2025,45,13531,0,0,0.01,0.0,0.19490521137904435,none,none
wroclaw_2024_2025,45,13532,0,0,0.024220731706730628,0.0,0.1910232877284926,none,none
wroclaw_2024_2025,45,13533,0,0,0.01422073170673063,0.0,0.20095803577299245,none,none
wroclaw_2024_2025,45,13534,0,0,0.023441463413461257,0.0,0.16946434937097657,none,none
wroclaw_2024_2025,45,13535,0,0,0.014731094613259667,0.0,0.16225688830484725,none,none
wroclaw_2024_2025,45,13536,0,0,0.01922073170673063,0.0,0.1643059962529243,none,none
wroclaw_2024_2025,45,13537,0,0,0.01422073170673063,0.0,0.165301853049567,none,none
wroclaw_2024_2025,45,13538,0,0,0.023710368800201588,0.0,0.16518448777130149,none,none
wroclaw_2024_2025,45,13539,0,0,0.01448963709347096,0.0,0.17317947492863717,none,none
wroclaw_2024_2025,45,13540,0,0,0.015,0.0,0.16777085019227378,none,none
wroclaw_2024_2025,45,13541,0,0,0.014731094613259667,0.0,0.16384459502651777,none,none
wroclaw_2024_2025,45,13542,0,0,0.042876204773028975,0.0,0.1610691309022904,none,none
wroclaw_2024_2025,45,13543,0,0,0.05365547306629834,0.0,0.15448129020948284,none,none
wroclaw_2024_2025,45,13544,0,0,0.048924378453038674,0.0,0.16600302236031086,none,none
wroclaw_2024_2025,45,13545,0,0,0.024462189226519337,0.0,0.14709628816044554,none,none
wroclaw_2024_2025,45,13546,0,0,0.024462189226519337,0.0,0.16736743594004683,none,none
wroclaw_2024_2025,45,13547,0,0,0.014731094613259667,0.0,0.16364701127528725,none,none
wroclaw_2024_2025,45,13548,0,0,0.01,0.0,0.16685519540778637,none,none
wroclaw_2024_2025,45,13549,0,0,0.0,0.0,0.16133520256251216,none,none
wroclaw_2024_2025,45,13550,0,0,0.0,0.0,0.1460585395426489,none,none
wroclaw_2024_2025,45,13551,0,0,0.009731094613259668,0.0,0.14587399080870883,none,none
wroclaw_2024_2025,45,13552,0,0,0.0,0.0,0.15663716448486378,none,none
wroclaw_2024_2025,45,13553,0,0,0.0,0.0,0.16241920621754458,none,none
wroclaw_2024_2025,45,13554,0,0,0.004731094613259669,0.0,0.17191895630282325,none,none
wroclaw_2024_2025,45,13555,0,0,0.0,0.0,0.1826056852732787,none,none
wroclaw_2024_2025,45,13556,0,0,0.004731094613259669,0.0,0.16890851506347448,none,none
wroclaw_2024_2025,45,13557,0,0,0.004731094613259669,0.0,0.1681600602596815,none,none
wroclaw_2024_2025,45,13558,0,0,0.0,0.0,0.18619389615625584,none,none
wroclaw_2024_2025,45,13559,0,0,0.004731094613259669,0.0,0.22510003303541473,none,none
wroclaw_2024_2025,45,13560,0,0,0.004731094613259669,0.0,0.22242856407895298,none,none
wroclaw_2024_2025,45,13561,0,0,0.0,0.0,0.2235271390080442,none,none
wroclaw_2024_2025,45,13562,0,0,0.01,0.0,0.234380437915074,none,none
wroclaw_2024_2025,45,13563,0,0,0.01,0.0,0.23443265522255952,none,none
wroclaw_2024_2025,45,13564,0,0,0.005,0.0,0.23217283032162844,none,none
wroclaw_2024_2025,45,13565,0,0,0.005,0.0,0.23119284016212074,none,none
wroclaw_2024_2025,45,13566,0,0,0.00448963709347096,0.0,0.2458926089533542,none,none
wroclaw_2024_2025,45,13567,0,0,0.005,0.0,0.2358928817878598,none,none
wroclaw_2024_2025,45,13568,0,0,0.005,0.0,0.2354832489526916,none,none
wroclaw_2024_2025,45,13569,0,0,0.01448963709347096,0.0,0.22850568370256866,none,none
wroclaw_2024_2025,45,13570,0,0,0.01935146898524297,0.0,0.2162344360432735,none,none
wroclaw_2024_2025,45,13571,0,0,0.01459292650503168,0.0,0.21016634428018896,none,none
wroclaw_2024_2025,45,13572,0,0,0.009731094613259668,0.0,0.20407865797048863,none,none
wroclaw_2024_2025,45,13573,0,0,0.014861831891772011,0.0,0.20796483746322053,none,none
wroclaw_2024_2025,45,13574,0,0,0.014731094613259667,0.0,0.21409562796923656,none,none
wroclaw_2024_2025,45,13575,0,0,0.01,0.0,0.20801411081655222,none,none
wroclaw_2024_2025,45,13576,0,0,0.01986183189177201,0.0,0.20366461246744938,none,none
wroclaw_2024_2025,45,13577,0,0,0.01,0.0,0.20338190371153225,none,none
wroclaw_2024_2025,45,13578,0,0,0.01,0.0,0.2215083818037777,none,none
wroclaw_2024_2025,45,13579,0,0,0.015,0.0,0.21396386475110715,none,none
wroclaw_2024_2025,45,13580,0,0,0.02,0.0,0.20618812140910286,none,none
wroclaw_2024_2025,45,13581,0,0,0.025,0.0,0.20371706956831348,none,none
wroclaw_2024_2025,45,13582,0,0,0.03973109461325967,0.0,0.18598028133396455,none,none
wroclaw_2024_2025,45,13583,0,0,0.02973109461325967,0.0,0.1858728983366769,none,none
wroclaw_2024_2025,45,13584,0,0,0.03908256359850264,0.0,0.1820182137113264,none,none
wroclaw_2024_2025,45,13585,0,0,0.05932402111829134,0.0,0.16761193743578617,none,none
wroclaw_2024_2025,45,13586,0,0,0.05932402111829134,0.0,0.1855153562810212,none,none
wroclaw_2024_2025,45,13587,0,0,0.06905511573155101,0.0,0.2172195723561841,none,none
wroclaw_2024_2025,45,13588,0,0,0.06905511573155101,0.0,0.21271301244861798,none,none
wroclaw_2024_2025,45,13589,0,0,0.06392437845303867,0.0,0.20867004374522516,none,none
wroclaw_2024_2025,45,13590,0,0,0.05892437845303867,0.0,0.17793603967527089,none,none
wroclaw_2024_2025,45,13591,0,0,0.048951826319990295,0.0,0.17744653749519626,none,none
wroclaw_2024_2025,45,13592,0,0,0.05895182631999029,0.0,0.1835040142410512,none,none
wroclaw_2024_2025,45,13593,0,0,0.05895182631999029,0.0,0.17401480063360947,none,none
wroclaw_2024_2025,45,13594,0,0,0.04922073170673062,0.0,0.17801237230266792,none,none
wroclaw_2024_2025,45,13595,0,0,0.05422073170673063,0.0,0.19478410801036733,none,none
wroclaw_2024_2025,45,13596,0,0,0.06868292093324997,0.0,0.23343965159616295,none,none
wroclaw_2024_2025,45,13597,0,0,0.06868292093324997,0.0,0.25393148061330134,none,none
wroclaw_2024_2025,45,13598,0,0,0.059193283839779,0.0,0.2577048580242654,none,none
wroclaw_2024_2025,45,13599,0,0,0.06446218922651933,0.0,0.2561103612435185,none,none
wroclaw_2024_2025,45,13600,0,0,0.094193283839779,0.0,0.2558415373482295,none,none
wroclaw_2024_2025,45,13601,0,0,0.08392437845303867,0.0,0.2473487754225227,none,none
wroclaw_2024_2025,45,13602,0,0,0.09395182631999029,0.0,0.2206358099115354,none,none
wroclaw_2024_2025,45,13603,0,0,0.09841401554650962,0.0,0.2018011513089303,none,none
wroclaw_2024_2025,45,13604,0,0,0.10290365263998058,0.0,0.19635065347442227,none,none
wroclaw_2024_2025,45,13605,0,0,0.11317255802672092,0.0,0.18433780687719084,none,none
wroclaw_2024_2025,45,13606,0,0,0.1281451101597693,0.0,0.19117744697453254,none,none
wroclaw_2024_2025,45,13607,0,0,0.08865547306629834,0.0,0.19081881444693666,none,none
wroclaw_2024_2025,45,13608,0,0,0.048924378453038674,0.0,0.1924430766372879,none,none
wroclaw_2024_2025,45,13609,0,0,0.03892437845303867,0.0,0.19413721122303007,none,none
wroclaw_2024_2025,45,13610,0,0,0.019731094613259666,0.0,0.19887776794731646,none,none
wroclaw_2024_2025,45,13611,0,0,0.005,0.0,0.19213963903087997,none,none
wroclaw_2024_2025,45,13612,0,0,0.009731094613259668,0.0,0.19535773862546035,none,none
wroclaw_2024_2025,45,13613,0,0,0.01422073170673063,0.0,0.20785415318635936,none,none
wroclaw_2024_2025,45,13614,0,0,0.018951826319990296,0.0,0.20995241947184937,none,none
wroclaw_2024_2025,45,13615,0,0,0.023924378453038676,0.0,0.1921643659428442,none,none
wroclaw_2024_2025,45,13616,0,0,0.024193283839779003,0.0,0.19559807485117583,none,none
wroclaw_2024_2025,45,13617,0,0,0.01919328383977901,0.0,0.1790798687923226,none,none
wroclaw_2024_2025,45,13618,0,0,0.014193283839779008,0.0,0.18997357221758168,none,none
wroclaw_2024_2025,45,13619,0,0,0.004731094613259669,0.0,0.1783411407016137,none,none
wroclaw_2024_2025,45,13620,0,0,0.004731094613259669,0.0,0.17920658872115966,none,none
wroclaw_2024_2025,45,13621,0,0,0.009731094613259668,0.0,0.16874387256807089,none,none
wroclaw_2024_2025,45,13622,0,0,0.009220731706730628,0.0,0.17242088398402322,none,none
wroclaw_2024_2025,45,13623,0,0,0.0,0.0,0.1541705248020039,none,none
wroclaw_2024_2025,45,13624,0,0,0.009489637093470959,0.0,0.15863468878541426,none,none
wroclaw_2024_2025,45,13625,0,0,0.024220731706730628,0.0,0.1412742103762259,none,none
wroclaw_2024_2025,45,13626,0,0,0.01922073170673063,0.0,0.13858102485135976,none,none
wroclaw_2024_2025,45,13627,0,0,0.03405511573155101,0.0,0.1463284790444407,none,none
wroclaw_2024_2025,45,13628,0,0,0.019462189226519336,0.0,0.14130743512376776,none,none
wroclaw_2024_2025,45,13629,0,0,0.0,0.0,0.13484745740488668,none,none
wroclaw_2024_2025,45,13630,0,0,0.0,0.0,0.1495957372530448,none,none
wroclaw_2024_2025,45,13631,0,0,0.0,0.0,0.14207779668141338,none,none
wroclaw_2024_2025,45,13632,0,0,0.009489637093470959,0.0,0.14724530600985014,none,none
wroclaw_2024_2025,45,13633,0,0,0.005,0.0,0.1549090588146938,none,none
wroclaw_2024_2025,45,13634,0,0,0.0,0.0,0.16009776954730157,none,none
wroclaw_2024_2025,45,13635,0,0,0.004731094613259669,0.0,0.1692082003977448,none,none
wroclaw_2024_2025,45,13636,0,0,0.004731094613259669,0.0,0.16125000795903555,none,none
wroclaw_2024_2025,45,13637,0,0,0.00448963709347096,0.0,0.16261066626502613,none,none
wroclaw_2024_2025,45,13638,0,0,0.04330329530523327,0.0,0.16242911323138287,none,none
wroclaw_2024_2025,45,13639,0,0,0.03932402111829134,0.0,0.17975190654849954,none,none
wroclaw_2024_2025,45,13640,0,0,0.03918585301006336,0.0,0.16018515450686757,none,none
wroclaw_2024_2025,45,13641,0,0,0.03908256359850264,0.0,0.15408195964040441,none,none
wroclaw_2024_2025,45,13642,0,0,0.02448963709347096,0.0,0.14140628496739116,none,none
wroclaw_2024_2025,45,13643,0,0,0.01908256359850264,0.0,0.1377774398882775,none,none
wroclaw_2024_2025,45,13644,0,0,0.02408256359850264,0.0,0.147444716016726,none,none
wroclaw_2024_2025,45,13645,0,0,0.01935146898524297,0.0,0.14526729378457187,none,none
wroclaw_2024_2025,45,13646,0,0,0.023572200691973598,0.0,0.1398299567141607,none,none
wroclaw_2024_2025,45,13647,0,0,0.009731094613259668,0.0,0.1412511473809239,none,none
wroclaw_2024_2025,45,13648,0,0,0.028172558026720928,0.0,0.1361006826412756,none,none
wroclaw_2024_2025,45,13649,0,0,0.01905511573155102,0.0,0.1416024359375427,none,none
wroclaw_2024_2025,45,13650,0,0,0.014193283839779008,0.0,0.1392748052929491,none,none
wroclaw_2024_2025,45,13651,0,0,0.029193283839779004,0.0,0.13502835427628057,none,none
wroclaw_2024_2025,45,13652,0,0,0.028682920933249964,0.0,0.14204555130577706,none,none
wroclaw_2024_2025,45,13653,0,0,0.014731094613259667,0.0,0.15174961530747627,none,none
wroclaw_2024_2025,45,13654,0,0,0.009462189226519337,0.0,0.15131982116676798,none,none
wroclaw_2024_2025,45,13655,0,0,0.004731094613259669,0.0,0.16194335238185545,none,none
wroclaw_2024_2025,45,13656,0,0,0.009462189226519337,0.0,0.19152433822473627,none,none
wroclaw_2024_2025,45,13657,0,0,0.0,0.0,0.1947032790860615,none,none
wroclaw_2024_2025,45,13658,0,0,0.009731094613259668,0.0,0.19147053830587563,none,none
wroclaw_2024_2025,45,13659,0,0,0.01,0.0,0.19688355511062638,none,none
wroclaw_2024_2025,45,13660,0,0,0.014462189226519338,0.0,0.20194371078240902,none,none
wroclaw_2024_2025,45,13661,0,0,0.005,0.0,0.2162903668533383,none,none
wroclaw_2024_2025,45,13662,0,0,0.024193283839779006,0.0,0.18411458545844844,none,none
wroclaw_2024_2025,45,13663,0,0,0.005,0.0,0.1876571822318441,none,none
wroclaw_2024_2025,45,13664,0,0,0.033414015546509634,0.0,0.18304523651282043,none,none
wroclaw_2024_2025,45,13665,0,0,0.03405511573155101,0.0,0.1748380227578847,none,none
wroclaw_2024_2025,45,13666,0,0,0.04813767933005366,0.0,0.1860015677368846,none,none
wroclaw_2024_2025,45,13667,0,0,0.0427654845317526,0.0,0.19411098157182793,none,none
wroclaw_2024_2025,45,13668,0,0,0.063268416608566,0.0,0.19909081486605512,none,none
wroclaw_2024_2025,45,13669,0,0,0.0586480422365827,0.0,0.20020899339181336,none,none
wroclaw_2024_2025,45,13670,0,0,0.048916947623323034,0.0,0.19869994471095442,none,none
wroclaw_2024_2025,45,13671,0,0,0.03459292650503168,0.0,0.18257072445565786,none,none
wroclaw_2024_2025,45,13672,0,0,0.06350987412835471,0.0,0.18161598503000162,none,none
wroclaw_2024_2025,45,13673,0,0,0.05826841660856599,0.0,0.18571410882955783,none,none
wroclaw_2024_2025,45,13674,0,0,0.057999511221825666,0.0,0.18610176497773334,none,none
wroclaw_2024_2025,45,13675,0,0,0.04353732199530633,0.0,0.20041715832887938,none,none
wroclaw_2024_2025,45,13676,0,0,0.0485098741283547,0.0,0.18212715977870245,none,none
wroclaw_2024_2025,45,13677,0,0,0.06377877951509504,0.0,0.19630792704543926,none,none
wroclaw_2024_2025,45,13678,0,0,0.06404768490183538,0.0,0.21062128086679066,none,none
wroclaw_2024_2025,45,13679,0,0,0.06378621034481068,0.0,0.20919105976669003,none,none
wroclaw_2024_2025,45,13680,0,0,0.05790365263998058,0.0,0.20147472297114857,none,none
wroclaw_2024_2025,45,13681,0,0,0.07749657914501226,0.0,0.20056531214264522,none,none
wroclaw_2024_2025,45,13682,0,0,0.06736584186649992,0.0,0.1842884138551213,none,none
wroclaw_2024_2025,45,13683,0,0,0.06395182631999029,0.0,0.21405768106675768,none,none
wroclaw_2024_2025,45,13684,0,0,0.08286877394331332,0.0,0.19575067853397807,none,none
wroclaw_2024_2025,45,13685,0,0,0.09786877394331332,0.0,0.16495863334581806,none,none
wroclaw_2024_2025,45,13686,0,0,0.12290365263998058,0.0,0.1428943532550181,none,none
wroclaw_2024_2025,45,13687,0,0,0.10381365821176232,0.0,0.15441185477450056,none,none
wroclaw_2024_2025,45,13688,0,0,0.08905511573155103,0.0,0.14417968421853855,none,none
wroclaw_2024_2025,45,13689,0,0,0.09228256949217517,0.0,0.13784826184201007,none,none
wroclaw_2024_2025,45,13690,0,0,0.11528951154371649,0.0,0.14019582441277936,none,none
wroclaw_2024_2025,45,13691,0,0,0.08773803666480098,0.0,0.14082327332736444,none,none
wroclaw_2024_2025,45,13692,0,0,0.07763474725324025,0.0,0.15813640246214922,none,none
wroclaw_2024_2025,45,13693,0,0,0.08131766818649021,0.0,0.16364861289846597,none,none
wroclaw_2024_2025,45,13694,0,0,0.09300694205154132,0.0,0.1663173780990783,none,none
wroclaw_2024_2025,45,13695,0,0,0.11629022031953859,0.0,0.16471853390607874,none,none
wroclaw_2024_2025,45,13696,0,0,0.11190387263762835,0.0,0.1562416983018243,none,none
wroclaw_2024_2025,45,13697,0,0,0.09695133754181595,0.0,0.14216199872177646,none,none
wroclaw_2024_2025,45,13698,0,0,0.09160659061046653,0.0,0.15448990219116823,none,none
wroclaw_2024_2025,45,13699,0,0,0.07711695351699557,0.0,0.15738821880954143,none,none
wroclaw_2024_2025,45,13700,0,0,0.07749657914501226,0.0,0.15394361911391558,none,none
wroclaw_2024_2025,45,13701,0,0,0.06184804813025524,0.0,0.1617350325779434,none,none
wroclaw_2024_2025,45,13702,0,0,0.11509644770158525,0.0,0.15233459832249674,none,none
wroclaw_2024_2025,45,13703,0,0,0.08093804255847353,0.0,0.14402965834572443,none,none
wroclaw_2024_2025,45,13704,0,0,0.0710762106667015,0.0,0.14934448844336273,none,none
wroclaw_2024_2025,45,13705,0,0,0.09908315271824282,0.0,0.14960200194898662,none,none
wroclaw_2024_2025,45,13706,0,0,0.06661402144018216,0.0,0.15550059737076424,none,none
wroclaw_2024_2025,45,13707,0,0,0.09975170077023582,0.0,0.15107001970071743,none,none
wroclaw_2024_2025,45,13708,0,0,0.10462096349172346,0.0,0.14884624586909143,none,none
wroclaw_2024_2025,45,13709,0,0,0.11857278981171378,0.0,0.15643181045581545,none,none
wroclaw_2024_2025,45,13710,0,0,0.06674475871869451,0.0,0.15445253008560078,none,none
wroclaw_2024_2025,45,13711,0,0,0.06763474725324026,0.0,0.15735045242762422,none,none
wroclaw_2024_2025,45,13712,0,0,0.10093804255847352,0.0,0.15706673295815474,none,none
wroclaw_2024_2025,45,13713,0,0,0.10015877426520416,0.0,0.14321101814185092,none,none
wroclaw_2024_2025,45,13714,0,0,0.11502060615697615,0.0,0.16092619436073569,none,none
wroclaw_2024_2025,45,13715,0,0,0.08593804255847352,0.0,0.1568641015110934,none,none
wroclaw_2024_2025,45,13716,0,0,0.0956691371717332,0.0,0.16445271139638476,none,none
wroclaw_2024_2025,45,13717,0,0,0.08631023735677458,0.0,0.15189693225020665,none,none
wroclaw_2024_2025,45,13718,0,0,0.0719587683715316,0.0,0.16191065868418697,none,none
wroclaw_2024_2025,45,13719,0,0,0.06236584186649992,0.0,0.15486286216994483,none,none
wroclaw_2024_2025,45,13720,0,0,0.07736584186649992,0.0,0.16805299701747492,none,none
wroclaw_2024_2025,45,13721,0,0,0.05881365821176231,0.0,0.15703346246823222,none,none
wroclaw_2024_2025,45,13722,0,0,0.06786877394331331,0.0,0.15722041391454866,none,none
wroclaw_2024_2025,45,13723,0,0,0.058172558026720916,0.0,0.17312057860480004,none,none
wroclaw_2024_2025,45,13724,0,0,0.08314511015976929,0.0,0.15839156393934165,none,none
wroclaw_2024_2025,45,13725,0,0,0.1023858589037359,0.0,0.17830348144421476,none,none
wroclaw_2024_2025,45,13726,0,0,0.10225512162522357,0.0,0.1953778510737687,none,none
wroclaw_2024_2025,45,13727,0,0,0.09623439581216546,0.0,0.18575794962370773,none,none
wroclaw_2024_2025,45,13728,0,0,0.10144097463528691,0.0,0.18570635975459465,none,none
wroclaw_2024_2025,45,13729,0,0,0.09695133754181595,0.0,0.17933740912416932,none,none
wroclaw_2024_2025,45,13730,0,0,0.08657914274351491,0.0,0.15229931253587733,none,none
wroclaw_2024_2025,45,13731,0,0,0.0915791427435149,0.0,0.1554824083472404,none,none
wroclaw_2024_2025,45,13732,0,0,0.0915791427435149,0.0,0.14312992051383483,none,none
wroclaw_2024_2025,45,13733,0,0,0.0915791427435149,0.0,0.14833900596064042,none,none
wroclaw_2024_2025,45,13734,0,0,0.06725512162522355,0.0,0.13753234338296144,none,none
wroclaw_2024_2025,45,13735,0,0,0.10157914274351491,0.0,0.1760481244843148,none,none
wroclaw_2024_2025,45,13736,0,0,0.11577242658329391,0.0,0.1646717087055534,none,none
wroclaw_2024_2025,45,13737,0,0,0.11499315829002453,0.0,0.15285276684837742,none,none
wroclaw_2024_2025,45,13738,0,0,0.11026206367676487,0.0,0.1583988322999369,none,none
wroclaw_2024_2025,45,13739,0,0,0.10502060615697616,0.0,0.15562714891325663,none,none
wroclaw_2024_2025,45,13740,0,0,0.10066913717173319,0.0,0.14216833935340598,none,none
wroclaw_2024_2025,45,13741,0,0,0.11040023178499286,0.0,0.14832809246635847,none,none
wroclaw_2024_2025,45,13742,0,0,0.0906691371717332,0.0,0.14084274705244915,none,none
wroclaw_2024_2025,45,13743,0,0,0.08131766818649021,0.0,0.13875138097435286,none,none
wroclaw_2024_2025,45,13744,0,0,0.08657914274351491,0.0,0.145940349613136,none,none
wroclaw_2024_2025,45,13745,0,0,0.08708950565004395,0.0,0.1421661729430547,none,none
wroclaw_2024_2025,45,13746,0,0,0.07752402701196388,0.0,0.13202629335313057,none,none
wroclaw_2024_2025,45,13747,0,0,0.08303438991849293,0.0,0.14762778907346652,none,none
wroclaw_2024_2025,45,13748,0,0,0.08184804813025524,0.0,0.14288429834197147,none,none
wroclaw_2024_2025,45,13749,0,0,0.09604133197003424,0.0,0.15132179197654072,none,none
wroclaw_2024_2025,45,13750,0,0,0.0817173108517429,0.0,0.1406374147654583,none,none
wroclaw_2024_2025,45,13751,0,0,0.08749657914501227,0.0,0.15879048653787456,none,none
wroclaw_2024_2025,45,13752,0,0,0.08273803666480097,0.0,0.16508350327320787,none,none
wroclaw_2024_2025,45,13753,0,0,0.0730069420515413,0.0,0.15634733324600583,none,none
wroclaw_2024_2025,45,13754,0,0,0.08706205778309231,0.0,0.1567526100502835,none,none
wroclaw_2024_2025,45,13755,0,0,0.07733096316983266,0.0,0.1537742293729642,none,none
wroclaw_2024_2025,45,13756,0,0,0.08155169487656329,0.0,0.1742371524987106,none,none
wroclaw_2024_2025,45,13757,0,0,0.086654984288124,0.0,0.15076601901060385,none,none
wroclaw_2024_2025,45,13758,0,0,0.08206205778309233,0.0,0.1446306231428155,none,none
wroclaw_2024_2025,45,13759,0,0,0.0727654845317526,0.0,0.16803344368633072,none,none
wroclaw_2024_2025,45,13760,0,0,0.08671731085174289,0.0,0.1888311706432166,none,none
wroclaw_2024_2025,45,13761,0,0,0.043675490103534324,0.0,0.18906553120250894,none,none
wroclaw_2024_2025,45,13762,0,0,0.028813658211762308,0.0,0.16757038235598404,none,none
wroclaw_2024_2025,45,13763,0,0,0.03421330087701498,0.0,0.17452174181705343,none,none
wroclaw_2024_2025,45,13764,0,0,0.01986183189177201,0.0,0.19095886635625764,none,none
wroclaw_2024_2025,45,13765,0,0,0.024731094613259667,0.0,0.2199843825149158,none,none
wroclaw_2024_2025,45,13766,0,0,0.07773803666480097,0.0,0.2342792046470758,none,none
wroclaw_2024_2025,45,13767,0,0,0.0627654845317526,0.0,0.23542031970463032,none,none
wroclaw_2024_2025,45,13768,0,0,0.04446218922651934,0.0,0.22224514811009682,none,none
wroclaw_2024_2025,45,13769,0,0,0.09297206335487405,0.0,0.18388287280353519,none,none
wroclaw_2024_2025,45,13770,0,0,0.09631023735677458,0.0,0.21113649480760754,none,none
wroclaw_2024_2025,45,13771,0,0,0.13179315239635198,0.0,0.21368725497184177,none,none
wroclaw_2024_2025,45,13772,0,0,0.14148936831294437,0.0,0.2007019080785035,none,none
wroclaw_2024_2025,45,13773,0,0,0.1449382625561213,0.0,0.18244370995663192,none,none
wroclaw_2024_2025,45,13774,0,0,0.11166241511783966,0.0,0.16659247472612634,none,none
wroclaw_2024_2025,45,13775,0,0,0.07303438991849293,0.0,0.1759787987412625,none,none
wroclaw_2024_2025,45,13776,0,0,0.10735841103678428,0.0,0.16331000207513718,none,none
wroclaw_2024_2025,45,13777,0,0,0.09749657914501228,0.0,0.14846251517054876,none,none
wroclaw_2024_2025,45,13778,0,0,0.06446218922651933,0.0,0.15344068744703857,none,none
wroclaw_2024_2025,45,13779,0,0,0.0738136582117623,0.0,0.15572154998572685,none,none
wroclaw_2024_2025,45,13780,0,0,0.08327584743828165,0.0,0.1648098088495389,none,none
wroclaw_2024_2025,45,13781,0,0,0.10273803666480098,0.0,0.1677775511486652,none,none
wroclaw_2024_2025,45,13782,0,0,0.13959351562477185,0.0,0.18983720487548847,none,none
wroclaw_2024_2025,45,13783,0,0,0.0969587683715316,0.0,0.19372119853455452,none,none
wroclaw_2024_2025,45,13784,0,0,0.09195876837153161,0.0,0.16392769610628427,none,none
wroclaw_2024_2025,45,13785,0,0,0.10631023735677456,0.0,0.14573910719720923,none,none
wroclaw_2024_2025,45,13786,0,0,0.06803438991849294,0.0,0.13017891306390997,none,none
wroclaw_2024_2025,45,13787,0,0,0.03959292650503168,0.0,0.1403629482248502,none,none
wroclaw_2024_2025,45,13788,0,0,0.053544752825021975,0.0,0.14376550619048317,none,none
wroclaw_2024_2025,45,13789,0,0,0.053517304958070354,0.0,0.14436137367622517,none,none
wroclaw_2024_2025,45,13790,0,0,0.05865547306629834,0.0,0.1520503090063009,none,none
wroclaw_2024_2025,45,13791,0,0,0.06814511015976929,0.0,0.15198975615022678,none,none
wroclaw_2024_2025,45,13792,0,0,0.09604876279974989,0.0,0.14168610756880484,none,none
wroclaw_2024_2025,45,13793,0,0,0.11526206367676485,0.0,0.13560360104422736,none,none
wroclaw_2024_2025,45,13794,0,0,0.07144840546500256,0.0,0.14535645378656314,none,none
wroclaw_2024_2025,45,13795,0,0,0.0669587683715316,0.0,0.16463354973799094,none,none
wroclaw_2024_2025,45,13796,0,0,0.0669587683715316,0.0,0.16094955316397827,none,none
wroclaw_2024_2025,45,13797,0,0,0.08115205221131061,0.0,0.1881274627869047,none,none
wroclaw_2024_2025,45,13798,0,0,0.1010138841030826,0.0,0.19116639477020678,none,none
wroclaw_2024_2025,45,13799,0,0,0.057599868556573,0.0,0.1701164961570599,none,none
wroclaw_2024_2025,45,13800,0,0,0.06246913127806065,0.0,0.1836471390979432,none,none
wroclaw_2024_2025,45,13801,0,0,0.08050352119655357,0.0,0.16436583044060862,none,none
wroclaw_2024_2025,45,13802,0,0,0.061179500078262235,0.0,0.16634424907882797,none,none
wroclaw_2024_2025,45,13803,0,0,0.06593804255847352,0.0,0.15578799470080146,none,none
wroclaw_2024_2025,45,13804,0,0,0.06195876837153161,0.0,0.14269077216438683,none,none
wroclaw_2024_2025,45,13805,0,0,0.05634511605344184,0.0,0.13318404244344226,none,none
wroclaw_2024_2025,45,13806,0,0,0.06155912570627893,0.0,0.1341780584050017,none,none
wroclaw_2024_2025,45,13807,0,0,0.05760729938628864,0.0,0.13941657418018016,none,none
wroclaw_2024_2025,45,13808,0,0,0.04787620477302897,0.0,0.13505285362897854,none,none
wroclaw_2024_2025,45,13809,0,0,0.05236584186649993,0.0,0.1453888742437977,none,none
wroclaw_2024_2025,45,13810,0,0,0.047903652639980594,0.0,0.15302989948405296,none,none
wroclaw_2024_2025,45,13811,0,0,0.06263474725324025,0.0,0.14878991316348497,none,none
wroclaw_2024_2025,45,13812,0,0,0.0669587683715316,0.0,0.14475342299950966,none,none
wroclaw_2024_2025,45,13813,0,0,0.04803438991849293,0.0,0.15164763140346949,none,none
wroclaw_2024_2025,45,13814,0,0,0.043172558026720924,0.0,0.13886996613651975,none,none
wroclaw_2024_2025,45,13815,0,0,0.02844146341346126,0.0,0.13669259467985562,none,none
wroclaw_2024_2025,45,13816,0,0,0.028813658211762308,0.0,0.1451246032459712,none,none
wroclaw_2024_2025,45,13817,0,0,0.028813658211762308,0.0,0.1521215877044775,none,none
wroclaw_2024_2025,45,13818,0,0,0.023813658211762307,0.0,0.16690006463419296,none,none
wroclaw_2024_2025,45,13819,0,0,0.028813658211762308,0.0,0.17252078044324434,none,none
wroclaw_2024_2025,45,13820,0,0,0.03830329530523326,0.0,0.17300188164726954,none,none
wroclaw_2024_2025,45,13821,0,0,0.028813658211762308,0.0,0.16538751036983548,none,none
wroclaw_2024_2025,45,13822,0,0,0.03881365821176231,0.0,0.16216003613395963,none,none
wroclaw_2024_2025,45,13823,0,0,0.06354475282502198,0.0,0.15526800026546247,none,none
wroclaw_2024_2025,45,13824,0,0,0.06354475282502198,0.0,0.16482790243596962,none,none
wroclaw_2024_2025,45,13825,0,0,0.05881365821176231,0.0,0.1635144204284395,none,none
wroclaw_2024_2025,45,13826,0,0,0.05908256359850264,0.0,0.15987993521729696,none,none
wroclaw_2024_2025,45,13827,0,0,0.05881365821176231,0.0,0.15247226668190364,none,none
wroclaw_2024_2025,45,13828,0,0,0.07870293797048594,0.0,0.14895378276253665,none,none
wroclaw_2024_2025,45,13829,0,0,0.08779293239870423,0.0,0.14481626399042127,none,none
wroclaw_2024_2025,45,13830,0,0,0.08354475282502197,0.0,0.14441312761633956,none,none
wroclaw_2024_2025,45,13831,0,0,0.08276548453175259,0.0,0.1487817969555664,none,none
wroclaw_2024_2025,45,13832,0,0,0.08276548453175259,0.0,0.14019482141937,none,none
wroclaw_2024_2025,45,13833,0,0,0.08276548453175259,0.0,0.13868074953659315,none,none
wroclaw_2024_2025,45,13834,0,0,0.07289622181026495,0.0,0.1399176234936601,none,none
wroclaw_2024_2025,45,13835,0,0,0.06327584743828164,0.0,0.14935401295451586,none,none
wroclaw_2024_2025,45,13836,0,0,0.053034389918492936,0.0,0.16505239088211707,none,none
wroclaw_2024_2025,45,13837,0,0,0.053034389918492936,0.0,0.14928517315748402,none,none
wroclaw_2024_2025,45,13838,0,0,0.048813658211762305,0.0,0.1408843842606928,none,none
wroclaw_2024_2025,45,13839,0,0,0.058944395490274644,0.0,0.13410169500751654,none,none
wroclaw_2024_2025,45,13840,0,0,0.054082563598502637,0.0,0.1307880450329758,none,none
wroclaw_2024_2025,45,13841,0,0,0.044220731706730625,0.0,0.1372667077775286,none,none
wroclaw_2024_2025,45,13842,0,0,0.04908256359850264,0.0,0.12314856763792253,none,none
wroclaw_2024_2025,45,13843,0,0,0.04908256359850264,0.0,0.13077519340994412,none,none
wroclaw_2024_2025,45,13844,0,0,0.04408256359850264,0.0,0.12288695557382708,none,none
wroclaw_2024_2025,45,13845,0,0,0.034351468985242974,0.0,0.1261162712361996,none,none
wroclaw_2024_2025,45,13846,0,0,0.03422073170673062,0.0,0.14414821418837112,none,none
wroclaw_2024_2025,45,13847,0,0,0.02435146898524297,0.0,0.13645239752155452,none,none
wroclaw_2024_2025,45,13848,0,0,0.03908256359850264,0.0,0.1425657420070031,none,none
wroclaw_2024_2025,45,13849,0,0,0.02986183189177201,0.0,0.14256868343306586,none,none
wroclaw_2024_2025,45,13850,0,0,0.04932402111829135,0.0,0.13318078184235924,none,none
wroclaw_2024_2025,45,13851,0,0,0.07351730495807035,0.0,0.14393694956999575,none,none
wroclaw_2024_2025,45,13852,0,0,0.029462189226519334,0.0,0.13669154825026775,none,none
wroclaw_2024_2025,45,13853,0,0,0.02922073170673063,0.0,0.15415703688301072,none,none
wroclaw_2024_2025,45,13854,0,0,0.019731094613259666,0.0,0.17463670172636286,none,none
wroclaw_2024_2025,45,13855,0,0,0.02922073170673063,0.0,0.19746925731612075,none,none
wroclaw_2024_2025,45,13856,0,0,0.018979274186941918,0.0,0.20656010278820716,none,none
wroclaw_2024_2025,45,13857,0,0,0.00448963709347096,0.0,0.20643309829543668,none,none
wroclaw_2024_2025,45,13858,0,0,0.0,0.0,0.22304360272709856,none,none
wroclaw_2024_2025,45,13859,0,0,0.005,0.0,0.2343943526518474,none,none
wroclaw_2024_2025,45,13860,0,0,0.005,0.0,0.24358467232810288,none,none
wroclaw_2024_2025,45,13861,0,0,0.005,0.0,0.24979633856239797,none,none
wroclaw_2024_2025,45,13862,0,0,0.014731094613259667,0.0,0.25068632744113417,none,none
wroclaw_2024_2025,45,13863,0,0,0.019731094613259666,0.0,0.23897589006734776,none,none
wroclaw_2024_2025,45,13864,0,0,0.024731094613259667,0.0,0.218978231891072,none,none
wroclaw_2024_2025,45,13865,0,0,0.019731094613259666,0.0,0.22586143718876386,none,none
wroclaw_2024_2025,45,13866,0,0,0.02973109461325967,0.0,0.22280416991274002,none,none
wroclaw_2024_2025,45,13867,0,0,0.039193283839779006,0.0,0.23020903931078102,none,none
wroclaw_2024_2025,45,13868,0,0,0.034193283839779,0.0,0.25151523289593797,none,none
wroclaw_2024_2025,45,13869,0,0,0.033951826319990296,0.0,0.27712468745637064,none,none
wroclaw_2024_2025,45,13870,0,0,0.039193283839779006,0.0,0.2711655397911388,none,none
wroclaw_2024_2025,45,13871,0,0,0.06392437845303867,0.0,0.2687314443219606,none,none
wroclaw_2024_2025,45,13872,0,0,0.048924378453038674,0.0,0.2628958351406776,none,none
wroclaw_2024_2025,45,13873,0,0,0.048924378453038674,0.0,0.24325083308778614,none,none
wroclaw_2024_2025,45,13874,0,0,0.03946218922651933,0.0,0.22907832813171994,none,none
wroclaw_2024_2025,45,13875,0,0,0.044193283839779,0.0,0.22922083162552553,none,none
wroclaw_2024_2025,45,13876,0,0,0.05905511573155102,0.0,0.22715285151633652,none,none
wroclaw_2024_2025,45,13877,0,0,0.044193283839779,0.0,0.22865508923824748,none,none
wroclaw_2024_2025,45,13878,0,0,0.07773803666480097,0.0,0.22864571854109075,none,none
wroclaw_2024_2025,45,13879,0,0,0.0631451101597693,0.0,0.21529254803937212,none,none
wroclaw_2024_2025,45,13880,0,0,0.08273803666480097,0.0,0.21355052898232077,none,none
wroclaw_2024_2025,45,13881,0,0,0.07735841103678427,0.0,0.17866700428118623,none,none
wroclaw_2024_2025,45,13882,0,0,0.044731094613259664,0.0,0.18207545259095678,none,none
wroclaw_2024_2025,45,13883,0,0,0.039193283839779006,0.0,0.2137653464509754,none,none
wroclaw_2024_2025,45,13884,0,0,0.039193283839779006,0.0,0.206981074672929,none,none
wroclaw_2024_2025,45,13885,0,0,0.04865547306629834,0.0,0.2056354064610521,none,none
wroclaw_2024_2025,45,13886,0,0,0.06760729938628864,0.0,0.19479715434333253,none,none
wroclaw_2024_2025,45,13887,0,0,0.053414015546509624,0.0,0.18284854504465842,none,none
wroclaw_2024_2025,45,13888,0,0,0.05392437845303867,0.0,0.17039468974354793,none,none
wroclaw_2024_2025,45,13889,0,0,0.06365547306629833,0.0,0.16496861015260844,none,none
wroclaw_2024_2025,45,13890,0,0,0.07811766229281768,0.0,0.17748005455448188,none,none
wroclaw_2024_2025,45,13891,0,0,0.10653167783932732,0.0,0.1918124205791115,none,none
wroclaw_2024_2025,45,13892,0,0,0.12204204074585634,0.0,0.18836195231040187,none,none
wroclaw_2024_2025,45,13893,0,0,0.11206948861280797,0.0,0.20359501903498037,none,none
wroclaw_2024_2025,45,13894,0,0,0.10284875690607734,0.0,0.2140324995987673,none,none
wroclaw_2024_2025,45,13895,0,0,0.1081451101597693,0.0,0.23316277804115007,none,none
wroclaw_2024_2025,45,13896,0,0,0.13736584186649992,0.0,0.2410325029563808,none,none
wroclaw_2024_2025,45,13897,0,0,0.12841401554650964,0.0,0.22161616238586007,none,none
wroclaw_2024_2025,45,13898,0,0,0.08865547306629834,0.0,0.2257397295949092,none,none
wroclaw_2024_2025,45,13899,0,0,0.05446218922651933,0.0,0.23283547485367828,none,none
wroclaw_2024_2025,45,13900,0,0,0.05905511573155102,0.0,0.24328285141405537,none,none
wroclaw_2024_2025,45,13901,0,0,0.07297949418458968,0.0,0.24000910410445214,none,none
wroclaw_2024_2025,45,13902,0,0,0.08599386706584664,0.0,0.2391373699610284,none,none
wroclaw_2024_2025,45,13903,0,0,0.07126277245258698,0.0,0.2579953066080455,none,none
wroclaw_2024_2025,45,13904,0,0,0.06153167783932731,0.0,0.24731995456127334,none,none
wroclaw_2024_2025,45,13905,0,0,0.014193283839779008,0.0,0.24523031710080356,none,none
wroclaw_2024_2025,45,13906,0,0,0.009462189226519337,0.0,0.23284707278978692,none,none
wroclaw_2024_2025,45,13907,0,0,0.014193283839779008,0.0,0.22660642781073745,none,none
wroclaw_2024_2025,45,13908,0,0,0.014193283839779008,0.0,0.2446910263548889,none,none
wroclaw_2024_2025,45,13909,0,0,0.014193283839779008,0.0,0.2396211915234201,none,none
wroclaw_2024_2025,45,13910,0,0,0.03287620477302897,0.0,0.2468080099121042,none,none
wroclaw_2024_2025,45,13911,0,0,0.023414015546509636,0.0,0.24990165454528762,none,none
wroclaw_2024_2025,45,13912,0,0,0.05220022589132031,0.0,0.26259578902238695,none,none
wroclaw_2024_2025,45,13913,0,0,0.05744168341110902,0.0,0.2345850516490008,none,none
wroclaw_2024_2025,45,13914,0,0,0.057710588797849356,0.0,0.2388578859334228,none,none
wroclaw_2024_2025,45,13915,0,0,0.06246913127806065,0.0,0.2389470859606313,none,none
wroclaw_2024_2025,45,13916,0,0,0.05800694205154131,0.0,0.23544728089717476,none,none
wroclaw_2024_2025,45,13917,0,0,0.09158657357323056,0.0,0.22243060704570458,none,none
wroclaw_2024_2025,45,13918,0,0,0.10579987445024554,0.0,0.20444974287640583,none,none
wroclaw_2024_2025,45,13919,0,0,0.11539280095527721,0.0,0.2080545540506373,none,none
wroclaw_2024_2025,45,13920,0,0,0.11002060615697616,0.0,0.17498732403470138,none,none
wroclaw_2024_2025,45,13921,0,0,0.10528951154371649,0.0,0.1804365143396154,none,none
wroclaw_2024_2025,45,13922,0,0,0.13488243804874817,0.0,0.1567196245834135,none,none
wroclaw_2024_2025,45,13923,0,0,0.10055841693045682,0.0,0.15117629231638574,none,none
wroclaw_2024_2025,45,13924,0,0,0.12448279538349549,0.0,0.15267512172060949,none,none
wroclaw_2024_2025,45,13925,0,0,0.10411060058519445,0.0,0.14492412820245373,none,none
wroclaw_2024_2025,45,13926,0,0,0.09080730527996118,0.0,0.13457470465489285,none,none
wroclaw_2024_2025,45,13927,0,0,0.11333133229192507,0.0,0.14710428021711544,none,none
wroclaw_2024_2025,45,13928,0,0,0.10451767408016277,0.0,0.14332944006253728,none,none
wroclaw_2024_2025,45,13929,0,0,0.08553839989322086,0.0,0.1422480760825253,none,none
wroclaw_2024_2025,45,13930,0,0,0.07564168930478156,0.0,0.14277916328194862,none,none
wroclaw_2024_2025,45,13931,0,0,0.06615205221131061,0.0,0.13843817200381325,none,none
wroclaw_2024_2025,45,13932,0,0,0.06682803109301926,0.0,0.1375890559627186,none,none
wroclaw_2024_2025,45,13933,0,0,0.05790365263998058,0.0,0.1424449407515364,none,none
wroclaw_2024_2025,45,13934,0,0,0.058145110159769295,0.0,0.15211398872995882,none,none
wroclaw_2024_2025,45,13935,0,0,0.05300694205154131,0.0,0.1567163073349255,none,none
wroclaw_2024_2025,45,13936,0,0,0.04787620477302897,0.0,0.16247517703706965,none,none
wroclaw_2024_2025,45,13937,0,0,0.037903652639980585,0.0,0.1664492339344688,none,none
wroclaw_2024_2025,45,13938,0,0,0.03790365263998059,0.0,0.16610373307812049,none,none
wroclaw_2024_2025,45,13939,0,0,0.06236584186649993,0.0,0.1687793176699813,none,none
wroclaw_2024_2025,45,13940,0,0,0.04814511015976929,0.0,0.1652027373789851,none,none
wroclaw_2024_2025,45,13941,0,0,0.03838656767955801,0.0,0.16266431444362311,none,none
wroclaw_2024_2025,45,13942,0,0,0.038655473066298345,0.0,0.15520235183400977,none,none
wroclaw_2024_2025,45,13943,0,0,0.0778413260763617,0.0,0.14579561680214564,none,none
wroclaw_2024_2025,45,13944,0,0,0.0486480422365827,0.0,0.148360822068303,none,none
wroclaw_2024_2025,45,13945,0,0,0.06297949418458969,0.0,0.14347133842802046,none,none
wroclaw_2024_2025,45,13946,0,0,0.043655473066298335,0.0,0.14524111170283505,none,none
wroclaw_2024_2025,45,13947,0,0,0.042876204773028975,0.0,0.141307375821615,none,none
wroclaw_2024_2025,45,13948,0,0,0.038172558026720926,0.0,0.14044566356817412,none,none
wroclaw_2024_2025,45,13949,0,0,0.06284875690607734,0.0,0.14456674911593162,none,none
wroclaw_2024_2025,45,13950,0,0,0.023924378453038676,0.0,0.15211530035256612,none,none
wroclaw_2024_2025,45,13951,0,0,0.028655473066298343,0.0,0.17111978669597155,none,none
wroclaw_2024_2025,45,13952,0,0,0.014193283839779008,0.0,0.17383276336911155,none,none
wroclaw_2024_2025,45,13953,0,0,0.009462189226519337,0.0,0.18011754363142599,none,none
wroclaw_2024_2025,45,13954,0,0,0.009220731706730628,0.0,0.21718174994118122,none,none
wroclaw_2024_2025,45,13955,0,0,0.013951826319990297,0.0,0.22936309095929008,none,none
wroclaw_2024_2025,45,13956,0,0,0.009731094613259668,0.0,0.22925850942025644,none,none
wroclaw_2024_2025,45,13957,0,0,0.01422073170673063,0.0,0.21934029080211143,none,none
wroclaw_2024_2025,45,13958,0,0,0.014462189226519338,0.0,0.21930431179819906,none,none
wroclaw_2024_2025,45,13959,0,0,0.01919328383977901,0.0,0.2153370550465382,none,none
wroclaw_2024_2025,45,13960,0,0,0.01919328383977901,0.0,0.20868826444566183,none,none
wroclaw_2024_2025,45,13961,0,0,0.038544752825021976,0.0,0.2087542157623877,none,none
wroclaw_2024_2025,45,13962,0,0,0.01,0.0,0.20735176234901728,none,none
wroclaw_2024_2025,45,13963,0,0,0.019731094613259666,0.0,0.2054687180024634,none,none
wroclaw_2024_2025,45,13964,0,0,0.02,0.0,0.1934648556509817,none,none
wroclaw_2024_2025,45,13965,0,0,0.10161402144018217,0.0,0.20211342610142644,none,none
wroclaw_2024_2025,45,13966,0,0,0.08868292093324996,0.0,0.20652633781941593,none,none
wroclaw_2024_2025,45,13967,0,0,0.04922073170673062,0.0,0.22655827346394966,none,none
wroclaw_2024_2025,45,13968,0,0,0.08168243215507565,0.0,0.20534679627443023,none,none
wroclaw_2024_2025,45,13969,0,0,0.08706205778309233,0.0,0.18795881516782265,none,none
wroclaw_2024_2025,45,13970,0,0,0.07759986855657298,0.0,0.15870832031386878,none,none
wroclaw_2024_2025,45,13971,0,0,0.09249657914501226,0.0,0.1479553811646751,none,none
wroclaw_2024_2025,45,13972,1,0,0.06814511015976929,0.1,0.15043714890219512,rain,none
wroclaw_2024_2025,45,13973,1,0,0.06854475282502198,0.2,0.15735339499610107,rain,none
wroclaw_2024_2025,45,13974,1,0,0.09685547895997088,0.1,0.168109654602343,rain,none
wroclaw_2024_2025,45,13975,0,0,0.0,0.0,0.2512046824122308,none,none
wroclaw_2024_2025,45,13976,0,0,0.004731094613259669,0.0,0.27439690365149405,none,none
wroclaw_2024_2025,45,13977,0,0,0.0,0.0,0.22028049774135564,none,none
wroclaw_2024_2025,45,13978,0,0,0.018924378453038675,0.0,0.20301590626961,none,none
wroclaw_2024_2025,45,13979,0,0,0.014193283839779008,0.0,0.19592238591353456,none,none
wroclaw_2024_2025,45,13980,0,0,0.014193283839779008,0.0,0.17722300244814027,none,none
wroclaw_2024_2025,45,13981,0,0,0.01908256359850264,0.0,0.16274147086684412,none,none
wroclaw_2024_2025,45,13982,0,0,0.02806183778544456,0.0,0.174923489450278,none,none
wroclaw_2024_2025,45,13983,0,0,0.02806183778544456,0.0,0.19899230950155686,none,none
wroclaw_2024_2025,45,13984,0,0,0.04177220658564615,0.0,0.18098759352024948,none,none
wroclaw_2024_2025,45,13985,0,0,0.04188292682692251,0.0,0.1703550256814104,none,none
wroclaw_2024_2025,45,13986,0,0,0.04215183221366284,0.0,0.16794969382983033,none,none
wroclaw_2024_2025,45,13987,0,0,0.06763474725324026,0.0,0.16374236161494796,none,none
wroclaw_2024_2025,45,13988,0,0,0.07786877394331332,0.0,0.15247109797409425,none,none
wroclaw_2024_2025,45,13989,0,0,0.12171731085174288,0.0,0.1704681184176722,none,none
wroclaw_2024_2025,45,13990,0,0,0.15050352119655358,0.0,0.17066877711411071,none,none
wroclaw_2024_2025,45,13991,0,0,0.08157914274351491,0.0,0.17317935478677288,none,none
wroclaw_2024_2025,45,13992,0,0,0.08209693647975959,0.0,0.17603173037825484,none,none
wroclaw_2024_2025,45,13993,0,0,0.07266219512019187,0.0,0.1600613836187045,none,none
wroclaw_2024_2025,45,13994,0,0,0.04922073170673062,0.0,0.14371413984281223,none,none
wroclaw_2024_2025,45,13995,0,0,0.0688136582117623,0.0,0.13946677273582947,none,none
wroclaw_2024_2025,45,13996,0,0,0.049861831891772006,0.0,0.15682560854252342,none,none
wroclaw_2024_2025,45,13997,0,0,0.04932402111829135,0.0,0.14489227036351277,none,none
wroclaw_2024_2025,45,13998,0,0,0.0389518263199903,0.0,0.14110581531972977,none,none
wroclaw_2024_2025,45,13999,0,0,0.0677654845317526,0.0,0.1291465149552429,none,none
wroclaw_2024_2025,45,14000,0,0,0.06303438991849294,0.0,0.1365121273350315,none,none
wroclaw_2024_2025,45,14001,0,0,0.06303438991849293,0.0,0.13601870125978235,none,none
wroclaw_2024_2025,45,14002,0,0,0.048951826319990295,0.0,0.1397862237488067,none,none
wroclaw_2024_2025,45,14003,0,0,0.048786210344810683,0.0,0.1463356147040058,none,none
wroclaw_2024_2025,45,14004,0,0,0.03844146341346126,0.0,0.13206106090859238,none,none
wroclaw_2024_2025,45,14005,0,0,0.05830329530523327,0.0,0.14562578082281025,none,none
wroclaw_2024_2025,45,14006,0,0,0.0673858589037359,0.0,0.14888993261336286,none,none
wroclaw_2024_2025,45,14007,0,0,0.06330329530523326,0.0,0.16371871890686884,none,none
wroclaw_2024_2025,45,14008,0,0,0.04381365821176231,0.0,0.17029430709287838,none,none
wroclaw_2024_2025,45,14009,0,0,0.05841401554650963,0.0,0.15226551334520094,none,none
wroclaw_2024_2025,45,14010,0,0,0.03473109461325967,0.0,0.14635598846680883,none,none
wroclaw_2024_2025,45,14011,0,0,0.038710368800201594,0.0,0.15505589740681458,none,none
wroclaw_2024_2025,45,14012,0,0,0.053710368800201594,0.0,0.1515085032777576,none,none
wroclaw_2024_2025,45,14013,0,0,0.04395182631999029,0.0,0.1492792824907472,none,none
wroclaw_2024_2025,45,14014,0,0,0.02973109461325967,0.0,0.14228122955099193,none,none
wroclaw_2024_2025,45,14015,0,0,0.01922073170673063,0.0,0.12796364791568474,none,none
wroclaw_2024_2025,45,14016,0,0,0.014731094613259667,0.0,0.1313018168007713,none,none
wroclaw_2024_2025,45,14017,0,0,0.019220731706730627,0.0,0.12330709775252606,none,none
wroclaw_2024_2025,45,14018,0,0,0.009731094613259668,0.0,0.12760793417150315,none,none
wroclaw_2024_2025,45,14019,0,0,0.01448963709347096,0.0,0.11903644744279271,none,none
wroclaw_2024_2025,45,14020,0,0,0.024731094613259667,0.0,0.13969661914203285,none,none
wroclaw_2024_2025,45,14021,0,0,0.01922073170673063,0.0,0.13572656665038596,none,none
wroclaw_2024_2025,45,14022,0,0,0.043682920933249964,0.0,0.13638434060769042,none,none
wroclaw_2024_2025,45,14023,0,0,0.028303295305233265,0.0,0.12139652357104436,none,none
wroclaw_2024_2025,45,14024,0,0,0.024462189226519337,0.0,0.13470461429555397,none,none
wroclaw_2024_2025,45,14025,0,0,0.048924378453038674,0.0,0.1337087504458184,none,none
wroclaw_2024_2025,45,14026,0,0,0.06367549010353431,0.0,0.12687584562399176,none,none
wroclaw_2024_2025,45,14027,0,0,0.06880622738204666,0.0,0.13690064730953352,none,none
wroclaw_2024_2025,45,14028,0,0,0.04880622738204666,0.0,0.13384900078793424,none,none
wroclaw_2024_2025,45,14029,0,0,0.03959292650503168,0.0,0.12117677028826257,none,none
wroclaw_2024_2025,45,14030,0,0,0.019731094613259666,0.0,0.12670240757110435,none,none
wroclaw_2024_2025,45,14031,0,0,0.024592926505031677,0.0,0.11509871462312707,none,none
wroclaw_2024_2025,45,14032,0,0,0.01,0.0,0.12062642339084345,none,none
wroclaw_2024_2025,45,14033,0,0,0.043702937970485946,0.0,0.11210800646165223,none,none
wroclaw_2024_2025,45,14034,0,0,0.029723663783544022,0.0,0.12056617544207052,none,none
wroclaw_2024_2025,45,14035,0,0,0.02472366378354402,0.0,0.12946632808893402,none,none
wroclaw_2024_2025,45,14036,0,0,0.01986183189177201,0.0,0.12710805132262262,none,none
wroclaw_2024_2025,45,14037,0,0,0.005,0.0,0.14219818258010875,none,none
wroclaw_2024_2025,45,14038,0,0,0.009731094613259668,0.0,0.14034196261420867,none,none
wroclaw_2024_2025,45,14039,0,0,0.005,0.0,0.1899823494872737,none,none
wroclaw_2024_2025,45,14040,0,0,0.005,0.0,0.20334728626120124,none,none
wroclaw_2024_2025,45,14041,0,0,0.0,0.0,0.2039641018153243,none,none
wroclaw_2024_2025,45,14042,0,0,0.0,0.0,0.20889590372864678,none,none
wroclaw_2024_2025,45,14043,0,0,0.0,0.0,0.2105787320668553,none,none
wroclaw_2024_2025,45,14044,0,0,0.004731094613259669,0.0,0.21179626833270038,none,none
wroclaw_2024_2025,45,14045,0,0,0.0,0.0,0.21170777719815914,none,none
wroclaw_2024_2025,45,14046,0,0,0.009731094613259668,0.0,0.2079432914255376,none,none
wroclaw_2024_2025,45,14047,0,0,0.009731094613259668,0.0,0.21501628775344897,none,none
wroclaw_2024_2025,45,14048,0,0,0.009861831891772012,0.0,0.22915656955980285,none,none
wroclaw_2024_2025,45,14049,0,0,0.11709693647975959,0.0,0.2639156337994572,none,none
wroclaw_2024_2025,45,14050,0,0,0.1361520522113106,0.0,0.2899743368897438,none,none
wroclaw_2024_2025,45,14051,0,0,0.10142095759805095,0.0,0.2997630534035949,none,none
wroclaw_2024_2025,45,14052,0,0,0.100848268127903,0.0,0.20029221222394394,none,none
wroclaw_2024_2025,45,14053,0,0,0.05350987412835471,0.0,0.17771300482300526,none,none
wroclaw_2024_2025,45,14054,0,0,0.024454758396803687,0.0,0.16918553110364112,none,none
wroclaw_2024_2025,45,14055,0,0,0.0389518263199903,0.0,0.16646257683523752,none,none
wroclaw_2024_2025,45,14056,0,0,0.07260729938628863,0.0,0.17596260654343412,none,none
wroclaw_2024_2025,45,14057,0,0,0.049462189226519335,0.0,0.1665522804772828,none,none
wroclaw_2024_2025,45,14058,0,0,0.08273803666480099,0.0,0.15369018716425276,none,none
wroclaw_2024_2025,45,14059,0,0,0.03290365263998059,0.0,0.16723683986208296,none,none
wroclaw_2024_2025,45,14060,0,0,0.01,0.0,0.17390705637666706,none,none
wroclaw_2024_2025,45,14061,0,0,0.03351730495807035,0.0,0.17496344692483187,none,none
wroclaw_2024_2025,45,14062,0,0,0.057469131278060644,0.0,0.19736097641271216,none,none
wroclaw_2024_2025,45,14063,0,0,0.01871036880020159,0.0,0.1838835228359582,none,none
wroclaw_2024_2025,45,14064,0,0,0.024462189226519337,0.0,0.175921686466202,none,none
wroclaw_2024_2025,45,14065,0,0,0.03830329530523327,0.0,0.16717937003277633,none,none
wroclaw_2024_2025,45,14066,0,0,0.013951826319990297,0.0,0.1678463467306133,none,none
wroclaw_2024_2025,45,14067,0,0,0.005,0.0,0.15777668811659049,none,none
wroclaw_2024_2025,45,14068,0,0,0.0,0.0,0.16077641143934604,none,none
wroclaw_2024_2025,45,14069,0,0,0.0,0.0,0.16461232078403354,none,none
wroclaw_2024_2025,45,14070,0,0,0.0,0.0,0.17898875566800942,none,none
wroclaw_2024_2025,45,14071,0,0,0.0,0.0,0.19988720322574596,none,none
wroclaw_2024_2025,45,14072,0,0,0.0,0.0,0.1978878241675391,none,none
wroclaw_2024_2025,45,14073,0,0,0.0,0.0,0.19955689359895823,none,none
wroclaw_2024_2025,45,14074,0,0,0.004731094613259669,0.0,0.1843962693030872,none,none
wroclaw_2024_2025,45,14075,0,0,0.004731094613259669,0.0,0.2047968039521358,none,none
wroclaw_2024_2025,45,14076,0,0,0.0,0.0,0.20865372125356246,none,none
wroclaw_2024_2025,45,14077,0,0,0.004861831891772012,0.0,0.19609074262659748,none,none
wroclaw_2024_2025,45,14078,0,0,0.005,0.0,0.19534458087024117,none,none
wroclaw_2024_2025,45,14079,0,0,0.014731094613259667,0.0,0.19944248914956933,none,none
wroclaw_2024_2025,45,14080,0,0,0.009731094613259668,0.0,0.1876724901462894,none,none
wroclaw_2024_2025,45,14081,0,0,0.0,0.0,0.17622994693467925,none,none
wroclaw_2024_2025,45,14082,0,0,0.004731094613259669,0.0,0.16795332218491515,none,none
wroclaw_2024_2025,45,14083,0,0,0.0,0.0,0.18421264607867371,none,none
wroclaw_2024_2025,45,14084,0,0,0.0,0.0,0.21393872061495903,none,none
wroclaw_2024_2025,45,14085,0,0,0.0,0.0,0.21734690342278734,none,none
wroclaw_2024_2025,45,14086,0,0,0.0,0.0,0.21295980838910095,none,none
wroclaw_2024_2025,45,14087,0,0,0.004731094613259669,0.0,0.1968382481708148,none,none
wroclaw_2024_2025,45,14088,0,0,0.004731094613259669,0.0,0.19526907596225435,none,none
wroclaw_2024_2025,45,14089,0,0,0.004731094613259669,0.0,0.18412668614860084,none,none
wroclaw_2024_2025,45,14090,0,0,0.005,0.0,0.1678671203143076,none,none
wroclaw_2024_2025,45,14091,0,0,0.005,0.0,0.16793571007548544,none,none
wroclaw_2024_2025,45,14092,0,0,0.005,0.0,0.1703452454763877,none,none
wroclaw_2024_2025,45,14093,0,0,0.01,0.0,0.16281363427065862,none,none
wroclaw_2024_2025,45,14094,0,0,0.014861831891772011,0.0,0.16837907681398043,none,none
wroclaw_2024_2025,45,14095,0,0,0.01959292650503168,0.0,0.18609768287126227,none,none
wroclaw_2024_2025,45,14096,0,0,0.014731094613259667,0.0,0.18717215939229595,none,none
wroclaw_2024_2025,45,14097,0,0,0.014731094613259667,0.0,0.18917570255287205,none,none
wroclaw_2024_2025,45,14098,0,0,0.01,0.0,0.1938078930058351,none,none
wroclaw_2024_2025,45,14099,0,0,0.01905511573155102,0.0,0.17820048178679343,none,none
wroclaw_2024_2025,45,14100,0,0,0.014462189226519338,0.0,0.1746960337290552,none,none
wroclaw_2024_2025,45,14101,0,0,0.005,0.0,0.1740395702120394,none,none
wroclaw_2024_2025,45,14102,0,0,0.00448963709347096,0.0,0.1665582374748645,none,none
wroclaw_2024_2025,45,14103,0,0,0.009220731706730628,0.0,0.1635108856851342,none,none
wroclaw_2024_2025,45,14104,0,0,0.009220731706730628,0.0,0.14980379397988466,none,none
wroclaw_2024_2025,45,14105,0,0,0.014731094613259667,0.0,0.13945227275834793,none,none
wroclaw_2024_2025,45,14106,0,0,0.015,0.0,0.1443862594948866,none,none
wroclaw_2024_2025,45,14107,0,0,0.015,0.0,0.14332100015805324,none,none
wroclaw_2024_2025,45,14108,0,0,0.024731094613259667,0.0,0.13727926206261004,none,none
wroclaw_2024_2025,45,14109,0,0,0.019731094613259666,0.0,0.13505830709568592,none,none
wroclaw_2024_2025,45,14110,0,0,0.029055115731551017,0.0,0.14021088136463994,none,none
wroclaw_2024_2025,45,14111,0,0,0.02945475839680369,0.0,0.15307904886486398,none,none
wroclaw_2024_2025,45,14112,0,0,0.014861831891772011,0.0,0.14184811156471636,none,none
wroclaw_2024_2025,45,14113,0,0,0.02,0.0,0.1348448452434225,none,none
wroclaw_2024_2025,45,14114,0,0,0.02486183189177201,0.0,0.12785478302426562,none,none
wroclaw_2024_2025,45,14115,0,0,0.019731094613259666,0.0,0.13491375161289773,none,none
wroclaw_2024_2025,45,14116,0,0,0.009731094613259668,0.0,0.14266949256913597,none,none
wroclaw_2024_2025,45,14117,0,0,0.005,0.0,0.1448431769704839,none,none
wroclaw_2024_2025,45,14118,0,0,0.005,0.0,0.14380523575406456,none,none
wroclaw_2024_2025,45,14119,0,0,0.005,0.0,0.1437127921747722,none,none
wroclaw_2024_2025,45,14120,0,0,0.0,0.0,0.15298424853709877,none,none
wroclaw_2024_2025,45,14121,0,0,0.0,0.0,0.1563666921598553,none,none
wroclaw_2024_2025,45,14122,0,0,0.0,0.0,0.15137716843572124,none,none
wroclaw_2024_2025,45,14123,0,0,0.0,0.0,0.14396470230067268,none,none
wroclaw_2024_2025,45,14124,0,0,0.0,0.0,0.14441090437817986,none,none
wroclaw_2024_2025,45,14125,0,0,0.0,0.0,0.1457121892088042,none,none
wroclaw_2024_2025,45,14126,0,0,0.0,0.0,0.14277390226935419,none,none
wroclaw_2024_2025,45,14127,0,0,0.0,0.0,0.1534522562773218,none,none
wroclaw_2024_2025,45,14128,0,0,0.0,0.0,0.1288535243692208,none,none
wroclaw_2024_2025,45,14129,0,0,0.004731094613259669,0.0,0.1408795072969886,none,none
wroclaw_2024_2025,45,14130,0,0,0.004731094613259669,0.0,0.12813487741808097,none,none
wroclaw_2024_2025,45,14131,0,0,0.004731094613259669,0.0,0.12641176829864378,none,none
wroclaw_2024_2025,45,14132,0,0,0.01959292650503168,0.0,0.13460454429288257,none,none
wroclaw_2024_2025,45,14133,0,0,0.0,0.0,0.13590044669461473,none,none
wroclaw_2024_2025,45,14134,0,0,0.0,0.0,0.14805463101158578,none,none
wroclaw_2024_2025,45,14135,0,0,0.0,0.0,0.1581378561113194,none,none
wroclaw_2024_2025,45,14136,0,0,0.005,0.0,0.1665631295269465,none,none
wroclaw_2024_2025,45,14137,0,0,0.005,0.0,0.1863856757895473,none,none
wroclaw_2024_2025,45,14138,0,0,0.004861831891772012,0.0,0.22954612925582635,none,none
wroclaw_2024_2025,45,14139,0,0,0.004731094613259669,0.0,0.2370635335953923,none,none
wroclaw_2024_2025,45,14140,0,0,0.009220731706730628,0.0,0.23387723674388056,none,none
wroclaw_2024_2025,45,14141,0,0,0.009220731706730628,0.0,0.24950341310399307,none,none
wroclaw_2024_2025,45,14142,0,0,0.0,0.0,0.2530553184279914,none,none
wroclaw_2024_2025,45,14143,0,0,0.0,0.0,0.2550590660340183,none,none
wroclaw_2024_2025,45,14144,0,0,0.0,0.0,0.2506034460227211,none,none
wroclaw_2024_2025,45,14145,0,0,0.005,0.0,0.24077378891845178,none,none
wroclaw_2024_2025,45,14146,0,0,0.009220731706730628,0.0,0.2395584785385358,none,none
wroclaw_2024_2025,45,14147,0,0,0.00448963709347096,0.0,0.2660215070160413,none,none
wroclaw_2024_2025,45,14148,0,0,0.0,0.0,0.26615887649409875,none,none
wroclaw_2024_2025,45,14149,0,0,0.00448963709347096,0.0,0.2700511740725123,none,none
wroclaw_2024_2025,45,14150,0,0,0.00448963709347096,0.0,0.24962235738815722,none,none
wroclaw_2024_2025,45,14151,0,0,0.00448963709347096,0.0,0.22197240429974344,none,none
wroclaw_2024_2025,45,14152,0,0,0.00448963709347096,0.0,0.2168126589691593,none,none
wroclaw_2024_2025,45,14153,0,0,0.00448963709347096,0.0,0.2173957116899361,none,none
wroclaw_2024_2025,45,14154,0,0,0.00448963709347096,0.0,0.2091122989461263,none,none
wroclaw_2024_2025,45,14155,0,0,0.00448963709347096,0.0,0.21075553640281952,none,none
wroclaw_2024_2025,45,14156,0,0,0.0,0.0,0.20785799913249464,none,none
wroclaw_2024_2025,45,14157,0,0,0.0,0.0,0.20743782533527208,none,none
wroclaw_2024_2025,45,14158,0,0,0.004731094613259669,0.0,0.2014331235871183,none,none
wroclaw_2024_2025,45,14159,0,0,0.004731094613259669,0.0,0.20799310241178998,none,none
wroclaw_2024_2025,45,14160,0,0,0.004731094613259669,0.0,0.20495267665280179,none,none
wroclaw_2024_2025,45,14161,0,0,0.004731094613259669,0.0,0.19194996452154792,none,none
wroclaw_2024_2025,45,14162,0,0,0.004731094613259669,0.0,0.19627061689590683,none,none
wroclaw_2024_2025,45,14163,0,0,0.009462189226519337,0.0,0.19544823467458966,none,none
wroclaw_2024_2025,45,14164,0,0,0.014462189226519338,0.0,0.20628277473030723,none,none
wroclaw_2024_2025,45,14165,0,0,0.004731094613259669,0.0,0.21332783913788678,none,none
wroclaw_2024_2025,45,14166,0,0,0.009462189226519337,0.0,0.20826465372240238,none,none
wroclaw_2024_2025,45,14167,0,0,0.004731094613259669,0.0,0.20370415058538566,none,none
wroclaw_2024_2025,45,14168,0,0,0.009731094613259668,0.0,0.20384701662248697,none,none
wroclaw_2024_2025,45,14169,0,0,0.009731094613259668,0.0,0.19380405327446182,none,none
wroclaw_2024_2025,45,14170,0,0,0.014731094613259667,0.0,0.18234398857771678,none,none
wroclaw_2024_2025,45,14171,0,0,0.019731094613259666,0.0,0.19143389346340522,none,none
wroclaw_2024_2025,45,14172,0,0,0.024731094613259667,0.0,0.19777727255476782,none,none
wroclaw_2024_2025,45,14173,0,0,0.02973109461325967,0.0,0.21564969029741116,none,none
wroclaw_2024_2025,45,14174,0,0,0.024731094613259667,0.0,0.23948705685265903,none,none
wroclaw_2024_2025,45,14175,0,0,0.06311766229281768,0.0,0.235115589278694,none,none
wroclaw_2024_2025,45,14176,0,0,0.07851730495807034,0.0,0.24896948848783584,none,none
wroclaw_2024_2025,45,14177,0,0,0.06365547306629833,0.0,0.2511335276125571,none,none
wroclaw_2024_2025,45,14178,0,0,0.08878621034481067,0.0,0.22914285179827548,none,none
wroclaw_2024_2025,45,14179,0,0,0.09824839957133001,0.0,0.22734690964658502,none,none
wroclaw_2024_2025,45,14180,0,0,0.098386567679558,0.0,0.2132725266272829,none,none
wroclaw_2024_2025,45,14181,0,0,0.1231451101597693,0.0,0.22405591559590549,none,none
wroclaw_2024_2025,45,14182,0,0,0.1031451101597693,0.0,0.22479276892444133,none,none
wroclaw_2024_2025,45,14183,0,0,0.1580069420515413,0.0,0.22739275597002093,none,none
wroclaw_2024_2025,45,14184,0,0,0.1381451101597693,0.0,0.2445560699075352,none,none
wroclaw_2024_2025,45,14185,0,0,0.10868292093324997,0.0,0.21995643441904297,none,none
wroclaw_2024_2025,45,14186,0,0,0.08408256359850264,0.0,0.22157771709343693,none,none
wroclaw_2024_2025,45,14187,0,0,0.07932402111829134,0.0,0.22552249100685148,none,none
wroclaw_2024_2025,45,14188,0,0,0.06303438991849293,0.0,0.22739515614464376,none,none
wroclaw_2024_2025,45,14189,0,0,0.04354475282502197,0.0,0.22473552500890454,none,none
wroclaw_2024_2025,45,14190,0,0,0.03392437845303867,0.0,0.21849306759705697,none,none
wroclaw_2024_2025,45,14191,0,0,0.03317255802672093,0.0,0.20796629244487,none,none
wroclaw_2024_2025,45,14192,0,0,0.024462189226519337,0.0,0.2162349372432942,none,none
wroclaw_2024_2025,45,14193,0,0,0.024462189226519337,0.0,0.23088765830474212,none,none
wroclaw_2024_2025,45,14194,0,0,0.024220731706730628,0.0,0.23405928695891795,none,none
wroclaw_2024_2025,45,14195,0,0,0.014731094613259667,0.0,0.2286345555078404,none,none
wroclaw_2024_2025,45,14196,0,0,0.01422073170673063,0.0,0.22057506802748736,none,none
wroclaw_2024_2025,45,14197,0,0,0.009220731706730628,0.0,0.22330778586145478,none,none
wroclaw_2024_2025,45,14198,0,0,0.013710368800201586,0.0,0.21746231867038374,none,none
wroclaw_2024_2025,45,14199,0,0,0.009220731706730628,0.0,0.20059219213440982,none,none
wroclaw_2024_2025,45,14200,0,0,0.027931100506932215,0.0,0.20215319271640042,none,none
wroclaw_2024_2025,45,14201,0,0,0.03266219512019188,0.0,0.19874296182311613,none,none
wroclaw_2024_2025,45,14202,0,0,0.03752402701196389,0.0,0.184342970560991,none,none
wroclaw_2024_2025,45,14203,0,0,0.03365547306629834,0.0,0.2071612192859849,none,none
wroclaw_2024_2025,45,14204,0,0,0.03824839957133002,0.0,0.18139364667359267,none,none
wroclaw_2024_2025,45,14205,0,0,0.023924378453038676,0.0,0.174755599240602,none,none
wroclaw_2024_2025,45,14206,0,0,0.042469131278060644,0.0,0.18442870528730199,none,none
wroclaw_2024_2025,45,14207,0,0,0.028414015546509633,0.0,0.1643942950673277,none,none
wroclaw_2024_2025,45,14208,0,0,0.028682920933249964,0.0,0.15908460150883752,none,none
wroclaw_2024_2025,45,14209,0,0,0.019731094613259666,0.0,0.1623718186116136,none,none
wroclaw_2024_2025,45,14210,0,0,0.014731094613259667,0.0,0.16142502326000283,none,none
wroclaw_2024_2025,45,14211,0,0,0.01919328383977901,0.0,0.17618671952183088,none,none
wroclaw_2024_2025,45,14212,0,0,0.01932402111829135,0.0,0.17175076739413866,none,none
wroclaw_2024_2025,45,14213,0,0,0.01422073170673063,0.0,0.1566800589599506,none,none
wroclaw_2024_2025,45,14214,0,0,0.01871036880020159,0.0,0.1598896972176593,none,none
wroclaw_2024_2025,45,14215,0,0,0.014861831891772011,0.0,0.17930558810972144,none,none
wroclaw_2024_2025,45,14216,0,0,0.009489637093470959,0.0,0.16931968302139466,none,none
wroclaw_2024_2025,45,14217,0,0,0.009861831891772012,0.0,0.17201659690540216,none,none
wroclaw_2024_2025,45,14218,0,0,0.009489637093470959,0.0,0.16130116719362275,none,none
wroclaw_2024_2025,45,14219,0,0,0.024193283839779003,0.0,0.15324661036402681,none,none
wroclaw_2024_2025,45,14220,0,0,0.0,0.0,0.15854249035570128,none,none
wroclaw_2024_2025,45,14221,0,0,0.0,0.0,0.1590661475985677,none,none
wroclaw_2024_2025,45,14222,0,0,0.004731094613259669,0.0,0.14834464582950307,none,none
wroclaw_2024_2025,45,14223,0,0,0.024055115731551016,0.0,0.14742920961463696,none,none
wroclaw_2024_2025,45,14224,0,0,0.014462189226519338,0.0,0.14389799731223563,none,none
wroclaw_2024_2025,45,14225,0,0,0.018682920933249966,0.0,0.1581188570211672,none,none
wroclaw_2024_2025,45,14226,0,0,0.033275847438281644,0.0,0.19013851700667153,none,none
wroclaw_2024_2025,45,14227,0,0,0.04351730495807035,0.0,0.2034947614583776,none,none
wroclaw_2024_2025,45,14228,0,0,0.024193283839779006,0.0,0.1796725826346383,none,none
wroclaw_2024_2025,45,14229,0,0,0.004731094613259669,0.0,0.16571522614626655,none,none
wroclaw_2024_2025,45,14230,0,0,0.004731094613259669,0.0,0.1736742856338727,none,none
wroclaw_2024_2025,45,14231,0,0,0.0,0.0,0.18065037394847655,none,none
wroclaw_2024_2025,45,14232,0,0,0.0,0.0,0.21179143850617516,none,none
wroclaw_2024_2025,45,14233,0,0,0.0,0.0,0.21512839950020382,none,none
wroclaw_2024_2025,45,14234,0,0,0.0,0.0,0.22134244190470662,none,none
wroclaw_2024_2025,45,14235,0,0,0.0,0.0,0.23824288941941188,none,none
wroclaw_2024_2025,45,14236,0,0,0.0,0.0,0.2480485331197924,none,none
wroclaw_2024_2025,45,14237,0,0,0.0,0.0,0.24740619289181676,none,none
wroclaw_2024_2025,45,14238,0,0,0.0,0.0,0.2504247985619436,none,none
wroclaw_2024_2025,45,14239,0,0,0.0,0.0,0.2686165356288072,none,none
wroclaw_2024_2025,45,14240,0,0,0.005,0.0,0.25597972336470315,none,none
wroclaw_2024_2025,45,14241,0,0,0.0,0.0,0.2499826736307654,none,none
wroclaw_2024_2025,45,14242,0,0,0.004731094613259669,0.0,0.2582055868229471,none,none
wroclaw_2024_2025,45,14243,0,0,0.0,0.0,0.2510159993284583,none,none
wroclaw_2024_2025,45,14244,0,0,0.0,0.0,0.24098300761251468,none,none
wroclaw_2024_2025,45,14245,0,0,0.005,0.0,0.2478643785404336,none,none
wroclaw_2024_2025,45,14246,0,0,0.005,0.0,0.23725998130983003,none,none
wroclaw_2024_2025,45,14247,0,0,0.01,0.0,0.23294242240865207,none,none
wroclaw_2024_2025,45,14248,0,0,0.01,0.0,0.23382813935982205,none,none
wroclaw_2024_2025,45,14249,0,0,0.015,0.0,0.22686629170861483,none,none
wroclaw_2024_2025,45,14250,0,0,0.02,0.0,0.21973732830475423,none,none
wroclaw_2024_2025,45,14251,0,0,0.01,0.0,0.2189497180130934,none,none
wroclaw_2024_2025,45,14252,0,0,0.03973109461325967,0.0,0.21310624282770896,none,none
wroclaw_2024_2025,45,14253,0,0,0.03973109461325967,0.0,0.19991671431120828,none,none
wroclaw_2024_2025,45,14254,0,0,0.04973109461325967,0.0,0.19538178922363236,none,none
wroclaw_2024_2025,45,14255,0,0,0.04,0.0,0.19868648219047755,none,none
wroclaw_2024_2025,45,14256,0,0,0.045,0.0,0.1927802890714638,none,none
wroclaw_2024_2025,45,14257,0,0,0.04973109461325967,0.0,0.198317839162957,none,none
wroclaw_2024_2025,45,14258,0,0,0.04973109461325967,0.0,0.20025619862754546,none,none
wroclaw_2024_2025,45,14259,0,0,0.06446218922651933,0.0,0.20313894516949385,none,none
wroclaw_2024_2025,45,14260,0,0,0.06473109461325967,0.0,0.19979886079522186,none,none
wroclaw_2024_2025,45,14261,0,0,0.06973109461325967,0.0,0.1954135377178918,none,none
wroclaw_2024_2025,45,14262,0,0,0.06973109461325967,0.0,0.19345690551187636,none,none
wroclaw_2024_2025,45,14263,0,0,0.07973109461325967,0.0,0.20461594655478263,none,none
wroclaw_2024_2025,45,14264,0,0,0.07473109461325966,0.0,0.21922239758050893,none,none
wroclaw_2024_2025,45,14265,0,0,0.09446218922651933,0.0,0.21392501367079766,none,none
wroclaw_2024_2025,45,14266,0,0,0.07,0.0,0.21969100208814962,none,none
wroclaw_2024_2025,45,14267,0,0,0.065,0.0,0.21989281240345318,none,none
wroclaw_2024_2025,45,14268,0,0,0.07,0.0,0.21566101401937376,none,none
wroclaw_2024_2025,45,14269,0,0,0.065,0.0,0.19783241500404866,none,none
wroclaw_2024_2025,45,14270,0,0,0.06448963709347096,0.0,0.20155563548001304,none,none
wroclaw_2024_2025,45,14271,0,0,0.1375240270119639,0.0,0.18675367804965376,none,none
wroclaw_2024_2025,45,14272,0,0,0.11317255802672092,0.0,0.1864328193646634,none,none
wroclaw_2024_2025,45,14273,0,0,0.12844146341346124,0.0,0.1782546861145673,none,none
wroclaw_2024_2025,45,14274,0,0,0.14773803666480098,0.0,0.190878890810182,none,none
wroclaw_2024_2025,45,14275,0,0,0.1830069420515413,0.0,0.19173625320476323,none,none
wroclaw_2024_2025,45,14276,0,0,0.17354475282502196,0.0,0.1881073171262444,none,none
wroclaw_2024_2025,45,14277,0,0,0.1729036526399806,0.0,0.2056046941841621,none,none
wroclaw_2024_2025,45,14278,0,0,0.15354475282502197,0.0,0.20667013945690405,none,none
wroclaw_2024_2025,45,14279,0,0,0.14892437845303866,0.0,0.20786385523612697,none,none
wroclaw_2024_2025,45,14280,0,0,0.14841401554650963,0.0,0.20669827198901386,none,none
wroclaw_2024_2025,45,14281,0,0,0.114193283839779,0.0,0.20608918114118527,none,none
wroclaw_2024_2025,45,14282,0,0,0.10895182631999029,0.0,0.22081750291412316,none,none
wroclaw_2024_2025,45,14283,0,0,0.10341401554650963,0.0,0.22042424906812022,none,none
wroclaw_2024_2025,45,14284,0,0,0.13208950565004393,0.0,0.22564731421830853,none,none
wroclaw_2024_2025,45,14285,0,0,0.10868292093324997,0.0,0.21144342785215792,none,none
wroclaw_2024_2025,45,14286,0,0,0.11865547306629834,0.0,0.22082629128251163,none,none
wroclaw_2024_2025,45,14287,0,0,0.18259986855657295,0.0,0.21724681887195296,none,none
wroclaw_2024_2025,45,14288,0,0,0.17287620477302895,0.0,0.21939544203199288,none,none
wroclaw_2024_2025,45,14289,0,0,0.15314511015976928,0.0,0.2255020206280149,none,none
wroclaw_2024_2025,45,14290,0,0,0.1828687739433133,0.0,0.23045209816864412,none,none
wroclaw_2024_2025,45,14291,0,0,0.16790365263998058,0.0,0.2513989310998994,none,none
wroclaw_2024_2025,45,14292,0,0,0.15878621034481066,0.0,0.2489444413148177,none,none
wroclaw_2024_2025,45,14293,0,0,0.1488136582117623,0.0,0.24595435733787044,none,none
wroclaw_2024_2025,45,14294,0,0,0.1636754901035343,0.0,0.2425048707859968,none,none
wroclaw_2024_2025,45,14295,0,0,0.1538136582117623,0.0,0.26200385489130296,none,none
wroclaw_2024_2025,45,14296,0,0,0.14381365821176229,0.0,0.2597245755358858,none,none
wroclaw_2024_2025,45,14297,0,0,0.15327584743828163,0.0,0.2599898280634154,none,none
wroclaw_2024_2025,45,14298,0,0,0.12827584743828163,0.0,0.26243864039813264,none,none
wroclaw_2024_2025,45,14299,0,0,0.11300694205154133,0.0,0.2637873909731828,none,none
wroclaw_2024_2025,45,14300,0,0,0.10300694205154132,0.0,0.2608326462642203,none,none
wroclaw_2024_2025,45,14301,0,0,0.07827584743828164,0.0,0.25705705897697223,none,none
wroclaw_2024_2025,45,14302,0,0,0.0631451101597693,0.0,0.2635379545129494,none,none
wroclaw_2024_2025,45,14303,0,0,0.04712438434671122,0.0,0.26093534677071656,none,none
wroclaw_2024_2025,45,14304,0,0,0.06340658471679399,0.0,0.261678295998789,none,none
wroclaw_2024_2025,45,14305,0,0,0.052896221810264946,0.0,0.2579444248945012,none,none
wroclaw_2024_2025,45,14306,0,0,0.043572200691973595,0.0,0.24771957306551246,none,none
wroclaw_2024_2025,45,14307,0,0,0.05368292093324996,0.0,0.2308294160618302,none,none
wroclaw_2024_2025,45,14308,0,0,0.04448963709347096,0.0,0.21667796411584572,none,none
wroclaw_2024_2025,45,14309,0,0,0.04922073170673062,0.0,0.1984538513149606,none,none
wroclaw_2024_2025,45,14310,0,0,0.03868292093324996,0.0,0.19319677927547257,none,none
wroclaw_2024_2025,45,14311,0,0,0.023813658211762307,0.0,0.20152471752936396,none,none
wroclaw_2024_2025,45,14312,0,0,0.014731094613259667,0.0,0.18699676576361862,none,none
wroclaw_2024_2025,45,14313,0,0,0.019462189226519336,0.0,0.18524778524441265,none,none
wroclaw_2024_2025,45,14314,0,0,0.009861831891772012,0.0,0.17688785247045302,none,none
wroclaw_2024_2025,45,14315,0,0,0.029055115731551017,0.0,0.165954749230344,none,none
wroclaw_2024_2025,45,14316,0,0,0.033275847438281644,0.0,0.17463160281330292,none,none
wroclaw_2024_2025,45,14317,0,0,0.023924378453038676,0.0,0.16568225358990726,none,none
wroclaw_2024_2025,45,14318,0,0,0.03317255802672093,0.0,0.1557600592975115,none,none
wroclaw_2024_2025,45,14319,0,0,0.04287620477302896,0.0,0.14799178963156231,none,none
wroclaw_2024_2025,45,14320,0,0,0.014462189226519338,0.0,0.14923778705291146,none,none
wroclaw_2024_2025,45,14321,0,0,0.028813658211762308,0.0,0.14940920297732707,none,none
wroclaw_2024_2025,45,14322,0,0,0.03945475839680369,0.0,0.14660654372518858,none,none
wroclaw_2024_2025,45,14323,0,0,0.09125534162287133,0.0,0.13765440606242818,none,none
wroclaw_2024_2025,45,14324,0,0,0.06786877394331331,0.0,0.13602971367374705,none,none
wroclaw_2024_2025,45,14325,0,0,0.09168243215507563,0.0,0.13640154426093481,none,none
wroclaw_2024_2025,45,14326,0,0,0.07797206335487405,0.0,0.13373913619552272,none,none
wroclaw_2024_2025,45,14327,0,0,0.0685098741283547,0.0,0.13606263221597137,none,none
wroclaw_2024_2025,45,14328,0,0,0.044193283839779,0.0,0.13096122539958463,none,none
wroclaw_2024_2025,45,14329,0,0,0.039055115731551016,0.0,0.13419631867326848,none,none
wroclaw_2024_2025,45,14330,0,0,0.01908256359850264,0.0,0.16153754862884012,none,none
wroclaw_2024_2025,45,14331,0,0,0.03881365821176231,0.0,0.1682917117749797,none,none
wroclaw_2024_2025,45,14332,0,0,0.05877877951509504,0.0,0.18394604099087455,none,none
wroclaw_2024_2025,45,14333,0,0,0.04327584743828164,0.0,0.1882442081127764,none,none
wroclaw_2024_2025,45,14334,0,0,0.054055115731551015,0.0,0.1892773143297517,none,none
wroclaw_2024_2025,45,14335,0,0,0.06263474725324027,0.0,0.1926414488115845,none,none
wroclaw_2024_2025,45,14336,0,0,0.014731094613259667,0.0,0.19608956083343673,none,none
wroclaw_2024_2025,45,14337,0,0,0.01,0.0,0.2072817452790307,none,none
wroclaw_2024_2025,45,14338,0,0,0.009731094613259668,0.0,0.21734752622419212,none,none
wroclaw_2024_2025,45,14339,0,0,0.009731094613259668,0.0,0.23907685326977912,none,none
wroclaw_2024_2025,45,14340,0,0,0.01922073170673063,0.0,0.23486536798542504,none,none
wroclaw_2024_2025,45,14341,0,0,0.024731094613259667,0.0,0.22885759840547093,none,none
wroclaw_2024_2025,45,14342,0,0,0.019731094613259666,0.0,0.24130318969938336,none,none
wroclaw_2024_2025,45,14343,0,0,0.024731094613259667,0.0,0.25034446640064434,none,none
wroclaw_2024_2025,45,14344,0,0,0.02,0.0,0.237528155956983,none,none
wroclaw_2024_2025,45,14345,0,0,0.025,0.0,0.20329320166941311,none,none
wroclaw_2024_2025,45,14346,0,0,0.025,0.0,0.22859642245677272,none,none
wroclaw_2024_2025,45,14347,0,0,0.05868292093324997,0.0,0.24260544491114258,none,none
wroclaw_2024_2025,45,14348,0,0,0.03946218922651933,0.0,0.23489268023438653,none,none
wroclaw_2024_2025,45,14349,0,0,0.04395182631999029,0.0,0.22584252372212282,none,none
wroclaw_2024_2025,45,14350,0,0,0.05446218922651933,0.0,0.18631184571239567,none,none
wroclaw_2024_2025,45,14351,0,0,0.03473109461325967,0.0,0.20415786591057603,none,none
wroclaw_2024_2025,45,14352,0,0,0.04973109461325967,0.0,0.2084874868330597,none,none
wroclaw_2024_2025,45,14353,0,0,0.09290365263998059,0.0,0.20554050339770144,none,none
wroclaw_2024_2025,45,14354,0,0,0.09854475282502197,0.0,0.23084492006893392,none,none
wroclaw_2024_2025,45,14355,0,0,0.09338656767955801,0.0,0.23860109692475773,none,none
wroclaw_2024_2025,45,14356,0,0,0.10892437845303866,0.0,0.18536157036651177,none,none
wroclaw_2024_2025,45,14357,0,0,0.09905511573155103,0.0,0.16356478045562328,none,none
wroclaw_2024_2025,45,14358,0,0,0.11327584743828165,0.0,0.1625333029442533,none,none
wroclaw_2024_2025,45,14359,0,0,0.12300694205154131,0.0,0.16197789114458885,none,none
wroclaw_2024_2025,45,14360,0,0,0.14668986298479128,0.0,0.16129956019448288,none,none
wroclaw_2024_2025,45,14361,0,0,0.13720022589132033,0.0,0.1686510227896191,none,none
wroclaw_2024_2025,45,14362,0,0,0.15983497314456058,0.0,0.17596465509539863,none,none
wroclaw_2024_2025,45,14363,0,0,0.12771058879784936,0.0,0.18496573731664784,none,none
wroclaw_2024_2025,45,14364,1,0,0.1229794941845897,0.1,0.18123985615495275,rain,none
wroclaw_2024_2025,45,14365,0,0,0.11340658471679399,0.0,0.18485290166361648,none,none
wroclaw_2024_2025,45,14366,0,0,0.10316512719700528,0.0,0.19505516645742169,none,none
wroclaw_2024_2025,45,14367,0,0,0.0,0.0,0.3351323378320467,none,none
wroclaw_2024_2025,45,14368,0,0,0.048275847438281644,0.0,0.205125535726189,none,none
wroclaw_2024_2025,45,14369,0,0,0.0381451101597693,0.0,0.19770919834864698,none,none
wroclaw_2024_2025,45,14370,0,0,0.033414015546509634,0.0,0.190352014884518,none,none
wroclaw_2024_2025,45,14371,0,0,0.03368292093324996,0.0,0.17743517638874243,none,none
wroclaw_2024_2025,45,14372,0,0,0.033441463413461256,0.0,0.17981753254827282,none,none
wroclaw_2024_2025,45,14373,0,0,0.05290365263998059,0.0,0.17532017132421876,none,none
wroclaw_2024_2025,45,14374,0,0,0.028441463413461255,0.0,0.19714922799832993,none,none
wroclaw_2024_2025,45,14375,0,0,0.02820000589367255,0.0,0.19306743806332854,none,none
wroclaw_2024_2025,45,14376,0,0,0.023441463413461254,0.0,0.19243384947431727,none,none
wroclaw_2024_2025,45,14377,0,0,0.023813658211762307,0.0,0.19003054007600964,none,none
wroclaw_2024_2025,45,14378,0,0,0.052662195120191886,0.0,0.19586440058807356,none,none
wroclaw_2024_2025,45,14379,0,0,0.038034389918492936,0.0,0.1900186036558681,none,none
wroclaw_2024_2025,45,14380,0,0,0.038544752825021976,0.0,0.18843004439677627,none,none
wroclaw_2024_2025,45,14381,0,0,0.04776548453175261,0.0,0.19023399673781288,none,none
wroclaw_2024_2025,45,14382,0,0,0.024324021118291347,0.0,0.19079392548260085,none,none
wroclaw_2024_2025,45,14383,0,0,0.059324021118291353,0.0,0.21161544221484344,none,none
wroclaw_2024_2025,45,14384,0,0,0.06830329530523327,0.0,0.20192345322285646,none,none
wroclaw_2024_2025,45,14385,0,0,0.043655473066298335,0.0,0.18022841156582886,none,none
wroclaw_2024_2025,45,14386,0,0,0.009731094613259668,0.0,0.1714050593394357,none,none
wroclaw_2024_2025,45,14387,0,0,0.005,0.0,0.1700447748196651,none,none
wroclaw_2024_2025,45,14388,0,0,0.005,0.0,0.1518787017222829,none,none
wroclaw_2024_2025,45,14389,0,0,0.01459292650503168,0.0,0.14801835649791809,none,none
wroclaw_2024_2025,45,14390,0,0,0.028951826319990298,0.0,0.13727450875800024,none,none
wroclaw_2024_2025,45,14391,0,0,0.019462189226519336,0.0,0.1354598919864302,none,none
wroclaw_2024_2025,45,14392,0,0,0.07263474725324026,0.0,0.14679790001753262,none,none
wroclaw_2024_2025,45,14393,0,0,0.10144840546500257,0.0,0.15360103292724472,none,none
wroclaw_2024_2025,45,14394,0,0,0.07773803666480097,0.0,0.1647293833736863,none,none
wroclaw_2024_2025,45,14395,0,0,0.10590316386180625,0.0,0.16700044590332544,none,none
wroclaw_2024_2025,45,14396,0,0,0.11042767965194449,0.0,0.16067337731125247,none,none
wroclaw_2024_2025,45,14397,0,0,0.06371036880020159,0.0,0.1397983404842294,none,none
wroclaw_2024_2025,45,14398,0,0,0.0577654845317526,0.0,0.1355567930225375,none,none
wroclaw_2024_2025,45,14399,0,0,0.038172558026720926,0.0,0.13524104525826167,none,none
wroclaw_2024_2025,45,14400,0,0,0.034193283839779,0.0,0.14471458098725026,none,none
wroclaw_2024_2025,45,14401,0,0,0.033303295305233266,0.0,0.13743865845816722,none,none
wroclaw_2024_2025,45,14402,0,0,0.03242073760040318,0.0,0.13665412093391013,none,none
wroclaw_2024_2025,45,14403,0,0,0.053544752825021975,0.0,0.1280568977825908,none,none
wroclaw_2024_2025,45,14404,0,0,0.033813658211762306,0.0,0.1268985148404196,none,none
wroclaw_2024_2025,45,14405,0,0,0.03317255802672093,0.0,0.12649003476032428,none,none
wroclaw_2024_2025,45,14406,0,0,0.033813658211762306,0.0,0.13662088617112214,none,none
wroclaw_2024_2025,45,14407,0,0,0.04868292093324996,0.0,0.14589407706578483,none,none
wroclaw_2024_2025,45,14408,1,0,0.04395182631999029,0.1,0.14456425555834404,rain,none
wroclaw_2024_2025,45,14409,0,0,0.03868292093324996,0.0,0.14443309738037258,none,none
wroclaw_2024_2025,45,14410,0,0,0.06300694205154131,0.0,0.14641537645031524,none,none
wroclaw_2024_2025,45,14411,0,1,0.38366121756384336,0.0,0.16572686795480543,none,rain
wroclaw_2024_2025,45,14412,0,0,0.15937950597193476,0.0,0.12809989962880142,none,none
wroclaw_2024_2025,45,14413,0,0,0.19110365853365316,0.0,0.12984732871521898,none,none
wroclaw_2024_2025,45,14414,0,0,0.18093804255847354,0.0,0.1381999972566066,none,none
wroclaw_2024_2025,45,14415,0,0,0.06395182631999029,0.0,0.12583363781037035,none,none
wroclaw_2024_2025,45,14416,0,0,0.04820000589367255,0.0,0.12640456466652641,none,none
wroclaw_2024_2025,45,14417,0,0,0.043172558026720924,0.0,0.1266768476043001,none,none
wroclaw_2024_2025,45,14418,0,0,0.03397927418694192,0.0,0.13297021031206446,none,none
wroclaw_2024_2025,45,14419,0,0,0.02908256359850264,0.0,0.1301391277162886,none,none
wroclaw_2024_2025,45,14420,0,0,0.02397927418694192,0.0,0.13279796187616377,none,none
wroclaw_2024_2025,45,14421,0,0,0.023710368800201588,0.0,0.13485328899949972,none,none
wroclaw_2024_2025,45,14422,0,0,0.018979274186941918,0.0,0.13115522622835324,none,none
wroclaw_2024_2025,45,14423,0,0,0.018710368800201587,0.0,0.14282647627594505,none,none
wroclaw_2024_2025,45,14424,0,0,0.01948963709347096,0.0,0.14283088474758154,none,none
wroclaw_2024_2025,45,14425,0,0,0.027689642987143506,0.0,0.12991210856581362,none,none
wroclaw_2024_2025,45,14426,0,0,0.01448963709347096,0.0,0.1334005147388629,none,none
wroclaw_2024_2025,45,14427,0,0,0.04,0.0,0.15020306313435836,none,none
wroclaw_2024_2025,45,14428,0,0,0.02973109461325967,0.0,0.15148334019022422,none,none
wroclaw_2024_2025,45,14429,0,0,0.03946218922651933,0.0,0.15950383625113737,none,none
wroclaw_2024_2025,45,14430,0,0,0.019462189226519336,0.0,0.1613470392030228,none,none
wroclaw_2024_2025,45,14431,0,0,0.014731094613259667,0.0,0.17054833118507765,none,none
wroclaw_2024_2025,45,14432,0,0,0.03946218922651933,0.0,0.16222985691327713,none,none
wroclaw_2024_2025,45,14433,0,0,0.028710368800201592,0.0,0.189371897007295,none,none
wroclaw_2024_2025,45,14434,0,0,0.009731094613259668,0.0,0.18756279701373144,none,none
wroclaw_2024_2025,45,14435,0,0,0.0,0.0,0.19249002320391645,none,none
wroclaw_2024_2025,45,14436,0,0,0.028813658211762308,0.0,0.19741187239377236,none,none
wroclaw_2024_2025,45,14437,0,0,0.024731094613259667,0.0,0.1836686254021522,none,none
wroclaw_2024_2025,45,14438,0,0,0.005,0.0,0.21040628255905566,none,none
wroclaw_2024_2025,45,14439,0,0,0.04344146341346126,0.0,0.22508817546017978,none,none
wroclaw_2024_2025,45,14440,0,0,0.03371036880020159,0.0,0.2145545634578137,none,none
wroclaw_2024_2025,45,14441,0,0,0.05368292093324996,0.0,0.17903040070320006,none,none
wroclaw_2024_2025,45,14442,0,0,0.06392437845303867,0.0,0.15954244213002342,none,none
wroclaw_2024_2025,45,14443,0,0,0.0927654845317526,0.0,0.1676985173552459,none,none
wroclaw_2024_2025,45,14444,0,0,0.037792932398704224,0.0,0.17656682666274906,none,none
wroclaw_2024_2025,45,14445,0,0,0.009861831891772012,0.0,0.19207748829392823,none,none
wroclaw_2024_2025,45,14446,0,0,0.042496579145012266,0.0,0.19750308052720916,none,none
wroclaw_2024_2025,45,14447,0,0,0.03320000589367255,0.0,0.21189425363194395,none,none
wroclaw_2024_2025,45,14448,0,0,0.049185853010063355,0.0,0.20410711910291113,none,none
wroclaw_2024_2025,45,14449,0,0,0.053544752825021975,0.0,0.167490383360013,none,none
wroclaw_2024_2025,45,14450,0,0,0.057662195120191884,0.0,0.15507799394311092,none,none
wroclaw_2024_2025,45,14451,1,0,0.038544752825021976,0.1,0.14511590701437188,rain,none
wroclaw_2024_2025,45,14452,0,0,0.009861831891772012,0.0,0.17327210558129577,none,none
wroclaw_2024_2025,45,14453,0,0,0.0,0.0,0.18244009185514076,none,none
wroclaw_2024_2025,45,14454,0,0,0.02973109461325967,0.0,0.3043923841931106,none,none
wroclaw_2024_2025,45,14455,0,0,0.00448963709347096,0.0,0.22010269178602196,none,none
wroclaw_2024_2025,45,14456,0,0,0.018951826319990296,0.0,0.21730544708093377,none,none
wroclaw_2024_2025,45,14457,0,0,0.00448963709347096,0.0,0.20503294461370103,none,none
wroclaw_2024_2025,45,14458,0,0,0.02365547306629834,0.0,0.1714856591051684,none,none
wroclaw_2024_2025,45,14459,0,0,0.0281451101597693,0.0,0.17759353363873653,none,none
wroclaw_2024_2025,45,14460,0,0,0.018951826319990296,0.0,0.1752535021605016,none,none
wroclaw_2024_2025,45,14461,0,0,0.02844146341346126,0.0,0.16592252889683148,none,none
wroclaw_2024_2025,45,14462,0,0,0.09198621623848321,0.0,0.17565601630752012,none,none
wroclaw_2024_2025,45,14463,0,0,0.09209693647975958,0.0,0.1586009196007742,none,none
wroclaw_2024_2025,45,14464,0,0,0.10629022031953861,0.0,0.16485710472334264,none,none
wroclaw_2024_2025,45,14465,0,0,0.08180058322606763,0.0,0.14713978672965614,none,none
wroclaw_2024_2025,45,14466,0,0,0.03314511015976931,0.0,0.16684199315439951,none,none
wroclaw_2024_2025,45,14467,0,0,0.004731094613259669,0.0,0.17882184610624022,none,none
wroclaw_2024_2025,45,14468,0,0,0.0,0.0,0.17963189994879705,none,none
wroclaw_2024_2025,45,14469,0,0,0.0,0.0,0.17584835406098748,none,none
wroclaw_2024_2025,45,14470,0,0,0.014861831891772011,0.0,0.17550221844149172,none,none
wroclaw_2024_2025,45,14471,0,0,0.03405511573155101,0.0,0.19859533361877824,none,none
wroclaw_2024_2025,45,14472,0,0,0.048924378453038674,0.0,0.2021701760780008,none,none
wroclaw_2024_2025,45,14473,0,0,0.034193283839779,0.0,0.20310085243793968,none,none
wroclaw_2024_2025,45,14474,0,0,0.01922073170673063,0.0,0.19690727276369022,none,none
wroclaw_2024_2025,45,14475,0,0,0.015,0.0,0.1802555260423717,none,none
wroclaw_2024_2025,45,14476,0,0,0.01,0.0,0.18895107932024538,none,none
wroclaw_2024_2025,45,14477,0,0,0.004731094613259669,0.0,0.18825043150406262,none,none
wroclaw_2024_2025,45,14478,0,0,0.009462189226519337,0.0,0.1909815472248057,none,none
wroclaw_2024_2025,45,14479,0,0,0.015,0.0,0.19187400409789984,none,none
wroclaw_2024_2025,45,14480,0,0,0.01459292650503168,0.0,0.1834681306481483,none,none
wroclaw_2024_2025,60,11584,0,0,0.01422073170673063,0.0,0.15294991326402774,none,none
wroclaw_2024_2025,60,11585,0,0,0.024220731706730624,0.0,0.13678366140652895,none,none
wroclaw_2024_2025,60,11586,0,0,0.009489637093470959,0.0,0.13746197494528622,none,none
wroclaw_2024_2025,60,11587,0,0,0.009462189226519337,0.0,0.14847342598238972,none,none
wroclaw_2024_2025,60,11588,0,0,0.004731094613259669,0.0,0.13652063882107446,none,none
wroclaw_2024_2025,60,11589,0,0,0.024055115731551016,0.0,0.13694869086195363,none,none
wroclaw_2024_2025,60,11590,0,0,0.009462189226519337,0.0,0.14281560852973307,none,none
wroclaw_2024_2025,60,11591,0,0,0.03368292093324996,0.0,0.13726217948812905,none,none
wroclaw_2024_2025,60,11592,0,0,0.03392437845303867,0.0,0.13396687082219988,none,none
wroclaw_2024_2025,60,11593,0,0,0.03868292093324996,0.0,0.12576916318874956,none,none
wroclaw_2024_2025,60,11594,0,0,0.005,0.0,0.12206697608814476,none,none
wroclaw_2024_2025,60,11595,0,0,0.014193283839779008,0.0,0.12699651459832964,none,none
wroclaw_2024_2025,60,11596,0,0,0.009462189226519337,0.0,0.12625136969183134,none,none
wroclaw_2024_2025,60,11597,0,0,0.00959292650503168,0.0,0.12350615557048511,none,none
wroclaw_2024_2025,60,11598,0,0,0.04392437845303867,0.0,0.1156153153852258,none,none
wroclaw_2024_2025,60,11599,0,0,0.15440788261235627,0.0,0.11383703524582485,none,none
wroclaw_2024_2025,60,11600,0,0,0.11579987445024553,0.0,0.10991696107697016,none,none
wroclaw_2024_2025,60,11601,0,0,0.05773803666480098,0.0,0.11334098510887457,none,none
wroclaw_2024_2025,60,11602,0,0,0.018682920933249966,0.0,0.11397093966313827,none,none
wroclaw_2024_2025,60,11603,0,0,0.038682920933249966,0.0,0.11810630702667538,none,none
wroclaw_2024_2025,60,11604,0,0,0.02844146341346126,0.0,0.10556532152990378,none,none
wroclaw_2024_2025,60,11605,0,0,0.028710368800201586,0.0,0.11176289008265067,none,none
wroclaw_2024_2025,60,11606,0,0,0.00448963709347096,0.0,0.106377960164075,none,none
wroclaw_2024_2025,60,11607,0,0,0.00959292650503168,0.0,0.10452905591844847,none,none
wroclaw_2024_2025,60,11608,0,0,0.009220731706730628,0.0,0.1063523839829764,none,none
wroclaw_2024_2025,60,11609,0,0,0.009220731706730628,0.0,0.11318435148669725,none,none
wroclaw_2024_2025,60,11610,0,0,0.00448963709347096,0.0,0.12876700526360033,none,none
wroclaw_2024_2025,60,11611,0,0,0.004731094613259669,0.0,0.1262762825594007,none,none
wroclaw_2024_2025,60,11612,0,0,0.009220731706730628,0.0,0.1299958864769645,none,none
wroclaw_2024_2025,60,11613,0,0,0.004731094613259669,0.0,0.12495784553907009,none,none
wroclaw_2024_2025,60,11614,0,0,0.013951826319990297,0.0,0.12977147070070325,none,none
wroclaw_2024_2025,60,11615,0,0,0.009462189226519337,0.0,0.13112537951756156,none,none
wroclaw_2024_2025,60,11616,0,0,0.009731094613259668,0.0,0.12720806990537667,none,none
wroclaw_2024_2025,60,11617,0,0,0.0,0.0,0.1275536991581658,none,none
wroclaw_2024_2025,60,11618,0,0,0.005,0.0,0.12475410897805599,none,none
wroclaw_2024_2025,60,11619,0,0,0.01448963709347096,0.0,0.12017292138206051,none,none
wroclaw_2024_2025,60,11620,0,0,0.03844146341346125,0.0,0.12401366921781787,none,none
wroclaw_2024_2025,60,11621,0,0,0.014731094613259667,0.0,0.13175210097659185,none,none
wroclaw_2024_2025,60,11622,0,0,0.0431451101597693,0.0,0.1288066654145102,none,none
wroclaw_2024_2025,60,11623,0,0,0.02817255802672092,0.0,0.12723501179119706,none,none
wroclaw_2024_2025,60,11624,0,0,0.029462189226519334,0.0,0.13091613942022798,none,none
wroclaw_2024_2025,60,11625,0,0,0.04354475282502197,0.0,0.12296204179433329,none,none
wroclaw_2024_2025,60,11626,0,0,0.00897927418694192,0.0,0.12284538177785852,none,none
wroclaw_2024_2025,60,11627,0,0,0.0,0.0,0.11384215961473786,none,none
wroclaw_2024_2025,60,11628,0,0,0.004731094613259669,0.0,0.11634785958489004,none,none
wroclaw_2024_2025,60,11629,0,0,0.009220731706730628,0.0,0.11663512814868217,none,none
wroclaw_2024_2025,60,11630,0,0,0.013951826319990297,0.0,0.12496928638551781,none,none
wroclaw_2024_2025,60,11631,0,0,0.00448963709347096,0.0,0.12279501712224734,none,none
wroclaw_2024_2025,60,11632,0,0,0.009731094613259668,0.0,0.1206793311724606,none,none
wroclaw_2024_2025,60,11633,0,0,0.009731094613259668,0.0,0.11834197695724293,none,none
wroclaw_2024_2025,60,11634,0,0,0.03841401554650963,0.0,0.1276420254050298,none,none
wroclaw_2024_2025,60,11635,0,0,0.033414015546509634,0.0,0.12325061413939262,none,none
wroclaw_2024_2025,60,11636,0,0,0.09668986298479126,0.0,0.11870611000162469,none,none
wroclaw_2024_2025,60,11637,0,0,0.048517304958070356,0.0,0.11317486559309259,none,none
wroclaw_2024_2025,60,11638,0,0,0.023682920933249963,0.0,0.11277136008459343,none,none
wroclaw_2024_2025,60,11639,0,0,0.014731094613259667,0.0,0.11414929765160768,none,none
wroclaw_2024_2025,60,11640,0,0,0.018951826319990296,0.0,0.1170505348859457,none,none
wroclaw_2024_2025,60,11641,0,0,0.014462189226519338,0.0,0.1258702624787453,none,none
wroclaw_2024_2025,60,11642,0,0,0.0385722006919736,0.0,0.12053858169218792,none,none
wroclaw_2024_2025,60,11643,0,0,0.04381365821176231,0.0,0.12284302204952664,none,none
wroclaw_2024_2025,60,11644,0,0,0.0823858589037359,0.0,0.12094837177882224,none,none
wroclaw_2024_2025,60,11645,0,0,0.0775240270119639,0.0,0.11570947871084447,none,none
wroclaw_2024_2025,60,11646,0,0,0.04405511573155102,0.0,0.12192252254290603,none,none
wroclaw_2024_2025,60,11647,0,0,0.054055115731551015,0.0,0.12693419436407344,none,none
wroclaw_2024_2025,60,11648,0,0,0.04868292093324996,0.0,0.1302316604913277,none,none
wroclaw_2024_2025,60,11649,0,0,0.023813658211762307,0.0,0.12955474502840558,none,none
wroclaw_2024_2025,60,11650,0,0,0.004731094613259669,0.0,0.1222952753676047,none,none
wroclaw_2024_2025,60,11651,0,0,0.04381365821176231,0.0,0.12427625164156247,none,none
wroclaw_2024_2025,60,11652,0,0,0.029193283839779004,0.0,0.1271230527916986,none,none
wroclaw_2024_2025,60,11653,0,0,0.033951826319990296,0.0,0.12931909764709998,none,none
wroclaw_2024_2025,60,11654,0,0,0.02973109461325967,0.0,0.1299989512046738,none,none
wroclaw_2024_2025,60,11655,0,0,0.014462189226519338,0.0,0.13221446246702043,none,none
wroclaw_2024_2025,60,11656,0,0,0.024592926505031677,0.0,0.1294363770567871,none,none
wroclaw_2024_2025,60,11657,0,0,0.014193283839779008,0.0,0.1287720523985874,none,none
wroclaw_2024_2025,60,11658,0,0,0.028655473066298343,0.0,0.1180249807448327,none,none
wroclaw_2024_2025,60,11659,0,0,0.018951826319990296,0.0,0.13037381450524882,none,none
wroclaw_2024_2025,60,11660,0,0,0.009462189226519337,0.0,0.1210540870947486,none,none
wroclaw_2024_2025,60,11661,0,0,0.009220731706730628,0.0,0.13822525468194155,none,none
wroclaw_2024_2025,60,11662,0,0,0.013710368800201586,0.0,0.13744514821032988,none,none
wroclaw_2024_2025,60,11663,0,0,0.013951826319990297,0.0,0.1387000911665529,none,none
wroclaw_2024_2025,60,11664,0,0,0.013951826319990297,0.0,0.12937265720829746,none,none
wroclaw_2024_2025,60,11665,0,0,0.013951826319990297,0.0,0.15518966604957982,none,none
wroclaw_2024_2025,60,11666,0,0,0.0,0.0,0.1661074534761336,none,none
wroclaw_2024_2025,60,11667,0,0,0.01,0.0,0.15330898044802127,none,none
wroclaw_2024_2025,60,11668,0,0,0.004861831891772012,0.0,0.15200438776832342,none,none
wroclaw_2024_2025,60,11669,0,0,0.005,0.0,0.14996796185659705,none,none
wroclaw_2024_2025,60,11670,0,0,0.01,0.0,0.16381995041986686,none,none
wroclaw_2024_2025,60,11671,0,0,0.0,0.0,0.1549229310348989,none,none
wroclaw_2024_2025,60,11672,0,0,0.0,0.0,0.15736922217893265,none,none
wroclaw_2024_2025,60,11673,0,0,0.0,0.0,0.1570895218437622,none,none
wroclaw_2024_2025,60,11674,0,0,0.0,0.0,0.15030402498661263,none,none
wroclaw_2024_2025,60,11675,0,0,0.004731094613259669,0.0,0.15636212072854633,none,none
wroclaw_2024_2025,60,11676,0,0,0.0,0.0,0.14166088627267717,none,none
wroclaw_2024_2025,60,11677,0,0,0.02945475839680369,0.0,0.14271279349670585,none,none
wroclaw_2024_2025,60,11678,0,0,0.04330329530523327,0.0,0.13395814593114913,none,none
wroclaw_2024_2025,60,11679,0,0,0.009462189226519337,0.0,0.15009654065420197,none,none
wroclaw_2024_2025,60,11680,0,0,0.05327584743828164,0.0,0.13972941162219843,none,none
wroclaw_2024_2025,60,11681,0,0,0.06790365263998059,0.0,0.1407297980284769,none,none
wroclaw_2024_2025,60,11682,0,0,0.07341401554650963,0.0,0.1358008768651273,none,none
wroclaw_2024_2025,60,11683,0,0,0.12540023178499285,0.0,0.13858954567464052,none,none
wroclaw_2024_2025,60,11684,0,0,0.07668986298479127,0.0,0.13814558120486736,none,none
wroclaw_2024_2025,60,11685,0,0,0.04354475282502197,0.0,0.13639384767782628,none,none
wroclaw_2024_2025,60,11686,0,0,0.08262731642352461,0.0,0.13282706928459964,none,none
wroclaw_2024_2025,60,11687,0,0,0.1167173108517429,0.0,0.13131844339017906,none,none
wroclaw_2024_2025,60,11688,0,0,0.058145110159769295,0.0,0.12739580578405488,none,none
wroclaw_2024_2025,60,11689,0,0,0.049454758396803696,0.0,0.13039468593864395,none,none
wroclaw_2024_2025,60,11690,0,0,0.029462189226519334,0.0,0.12419480315385882,none,none
wroclaw_2024_2025,60,11691,0,0,0.07341401554650963,0.0,0.1263735332943006,none,none
wroclaw_2024_2025,60,11692,0,0,0.06341401554650963,0.0,0.1308932647908105,none,none
wroclaw_2024_2025,60,11693,0,0,0.11692388967486433,0.0,0.12831931379390843,none,none
wroclaw_2024_2025,60,11694,0,0,0.08211695351699558,0.0,0.13532841316260466,none,none
wroclaw_2024_2025,60,11695,0,0,0.0720969364797596,0.0,0.13257882506225208,none,none
wroclaw_2024_2025,60,11696,0,0,0.09131766818649022,0.0,0.12327147711205544,none,none
wroclaw_2024_2025,60,11697,0,0,0.07838656767955801,0.0,0.13280603052152404,none,none
wroclaw_2024_2025,60,11698,0,0,0.0385722006919736,0.0,0.1320564715362859,none,none
wroclaw_2024_2025,60,11699,0,0,0.053145110159769304,0.0,0.13153053694763428,none,none
wroclaw_2024_2025,60,11700,0,0,0.023951826319990294,0.0,0.1401592681510873,none,none
wroclaw_2024_2025,60,11701,0,0,0.009731094613259668,0.0,0.1302004815172012,none,none
wroclaw_2024_2025,60,11702,0,0,0.019462189226519336,0.0,0.13577956753195727,none,none
wroclaw_2024_2025,60,11703,0,0,0.004731094613259669,0.0,0.13686105317003863,none,none
wroclaw_2024_2025,60,11704,0,0,0.004861831891772012,0.0,0.13213605413458843,none,none
wroclaw_2024_2025,60,11705,0,0,0.014351468985242971,0.0,0.13181776134443096,none,none
wroclaw_2024_2025,60,11706,0,0,0.018710368800201587,0.0,0.13429206785372738,none,none
wroclaw_2024_2025,60,11707,0,0,0.0385722006919736,0.0,0.14109527456918605,none,none
wroclaw_2024_2025,60,11708,0,0,0.029193283839779004,0.0,0.14163011450593824,none,none
wroclaw_2024_2025,60,11709,0,0,0.01422073170673063,0.0,0.13724829814986936,none,none
wroclaw_2024_2025,60,11710,0,0,0.009731094613259668,0.0,0.13999375114740326,none,none
wroclaw_2024_2025,60,11711,0,0,0.024193283839779006,0.0,0.13700109238743466,none,none
wroclaw_2024_2025,60,11712,0,0,0.024462189226519337,0.0,0.13671722953867696,none,none
wroclaw_2024_2025,60,11713,0,0,0.033924378453038674,0.0,0.13878372890346968,none,none
wroclaw_2024_2025,60,11714,0,0,0.04341401554650963,0.0,0.141987184224717,none,none
wroclaw_2024_2025,60,11715,0,0,0.04814511015976929,0.0,0.15140124716399136,none,none
wroclaw_2024_2025,60,11716,0,0,0.04341401554650963,0.0,0.14618880838877057,none,none
wroclaw_2024_2025,60,11717,0,0,0.08225512162522355,0.0,0.13799044716354542,none,none
wroclaw_2024_2025,60,11718,0,0,0.10160659061046654,0.0,0.12757425787203736,none,none
wroclaw_2024_2025,60,11719,0,0,0.07198621623848324,0.0,0.1287297426378601,none,none
wroclaw_2024_2025,60,11720,0,0,0.05800694205154132,0.0,0.1257832602304651,none,none
wroclaw_2024_2025,60,11721,0,0,0.028406584716793984,0.0,0.12777789276719667,none,none
wroclaw_2024_2025,60,11722,0,0,0.037792932398704224,0.0,0.13868195886324605,none,none
wroclaw_2024_2025,60,11723,0,0,0.018200005893672547,0.0,0.13287468416647577,none,none
wroclaw_2024_2025,60,11724,0,0,0.018200005893672547,0.0,0.14286379897823515,none,none
wroclaw_2024_2025,60,11725,0,0,0.018200005893672547,0.0,0.13124305394492183,none,none
wroclaw_2024_2025,60,11726,0,0,0.013951826319990297,0.0,0.13039465351693863,none,none
wroclaw_2024_2025,60,11727,0,0,0.04395182631999029,0.0,0.12118980407940258,none,none
wroclaw_2024_2025,60,11728,0,0,0.018710368800201587,0.0,0.11894979150382144,none,none
wroclaw_2024_2025,60,11729,0,0,0.02844146341346126,0.0,0.13605842069648974,none,none
wroclaw_2024_2025,60,11730,0,0,0.023710368800201588,0.0,0.12757220654306392,none,none
wroclaw_2024_2025,60,11731,0,0,0.018710368800201587,0.0,0.12702047030824265,none,none
wroclaw_2024_2025,60,11732,0,0,0.028951826319990298,0.0,0.13450878574567396,none,none
wroclaw_2024_2025,60,11733,0,0,0.04344146341346126,0.0,0.1300691582774412,none,none
wroclaw_2024_2025,60,11734,0,0,0.0488136582117623,0.0,0.1348003741929078,none,none
wroclaw_2024_2025,60,11735,0,0,0.038544752825021976,0.0,0.14240146642609566,none,none
wroclaw_2024_2025,60,11736,0,0,0.04354475282502197,0.0,0.1476222789643832,none,none
wroclaw_2024_2025,60,11737,0,0,0.04432402111829134,0.0,0.13888684125658549,none,none
wroclaw_2024_2025,60,11738,0,0,0.06712438434671122,0.0,0.13994773966824478,none,none
wroclaw_2024_2025,60,11739,0,0,0.039193283839779006,0.0,0.15344021413252193,none,none
wroclaw_2024_2025,60,11740,0,0,0.039055115731551016,0.0,0.16449677140658966,none,none
wroclaw_2024_2025,60,11741,0,0,0.03419328383977901,0.0,0.16231556161231714,none,none
wroclaw_2024_2025,60,11742,0,0,0.03473109461325967,0.0,0.17110659116385413,none,none
wroclaw_2024_2025,60,11743,0,0,0.025,0.0,0.17246435297729035,none,none
wroclaw_2024_2025,60,11744,0,0,0.024462189226519337,0.0,0.17269552081604744,none,none
wroclaw_2024_2025,60,11745,0,0,0.029462189226519334,0.0,0.16989814832266517,none,none
wroclaw_2024_2025,60,11746,0,0,0.05262731642352461,0.0,0.15149200184578396,none,none
wroclaw_2024_2025,60,11747,0,0,0.0577654845317526,0.0,0.14475207634673556,none,none
wroclaw_2024_2025,60,11748,0,0,0.13773803666480097,0.0,0.13230896644054524,none,none
wroclaw_2024_2025,60,11749,0,0,0.10327584743828164,0.0,0.13618557305537032,none,none
wroclaw_2024_2025,60,11750,0,0,0.0731451101597693,0.0,0.14083069428438655,none,none
wroclaw_2024_2025,60,11751,0,0,0.04789622181026495,0.0,0.16227816649964225,none,none
wroclaw_2024_2025,60,11752,0,0,0.01908256359850264,0.0,0.1853565012814581,none,none
wroclaw_2024_2025,60,11753,0,0,0.005,0.0,0.19188500592871346,none,none
wroclaw_2024_2025,60,11754,0,0,0.005,0.0,0.18496663554447557,none,none
wroclaw_2024_2025,60,11755,0,0,0.005,0.0,0.18564703421800316,none,none
wroclaw_2024_2025,60,11756,0,0,0.01,0.0,0.17618112265008135,none,none
wroclaw_2024_2025,60,11757,0,0,0.005,0.0,0.1680215702991302,none,none
wroclaw_2024_2025,60,11758,0,0,0.009731094613259668,0.0,0.18155969053054918,none,none
wroclaw_2024_2025,60,11759,0,0,0.0,0.0,0.1887310805304414,none,none
wroclaw_2024_2025,60,11760,0,0,0.0,0.0,0.18177013952359022,none,none
wroclaw_2024_2025,60,11761,0,0,0.004731094613259669,0.0,0.18098290421874047,none,none
wroclaw_2024_2025,60,11762,0,0,0.004731094613259669,0.0,0.172092480885498,none,none
wroclaw_2024_2025,60,11763,0,0,0.0,0.0,0.1718720028531055,none,none
wroclaw_2024_2025,60,11764,0,0,0.0,0.0,0.17624847028849847,none,none
wroclaw_2024_2025,60,11765,0,0,0.004731094613259669,0.0,0.1684568258731343,none,none
wroclaw_2024_2025,60,11766,0,0,0.00448963709347096,0.0,0.16662621126729824,none,none
wroclaw_2024_2025,60,11767,0,0,0.004731094613259669,0.0,0.16795995847035947,none,none
wroclaw_2024_2025,60,11768,0,0,0.0,0.0,0.16977034460040835,none,none
wroclaw_2024_2025,60,11769,0,0,0.0,0.0,0.16969622569382597,none,none
wroclaw_2024_2025,60,11770,0,0,0.004731094613259669,0.0,0.16120444294605757,none,none
wroclaw_2024_2025,60,11771,0,0,0.0,0.0,0.17555098040419323,none,none
wroclaw_2024_2025,60,11772,0,0,0.009731094613259668,0.0,0.1828209805797956,none,none
wroclaw_2024_2025,60,11773,0,0,0.004731094613259669,0.0,0.19129959527638274,none,none
wroclaw_2024_2025,60,11774,0,0,0.009731094613259668,0.0,0.18689372356506045,none,none
wroclaw_2024_2025,60,11775,0,0,0.005,0.0,0.1879101344465459,none,none
wroclaw_2024_2025,60,11776,0,0,0.0,0.0,0.2008087850088793,none,none
wroclaw_2024_2025,60,11777,0,0,0.0,0.0,0.17585015332824705,none,none
wroclaw_2024_2025,60,11778,0,0,0.004861831891772012,0.0,0.16416640647895556,none,none
wroclaw_2024_2025,60,11779,0,0,0.014462189226519338,0.0,0.16628704151086934,none,none
wroclaw_2024_2025,60,11780,0,0,0.0,0.0,0.16125877032925004,none,none
wroclaw_2024_2025,60,11781,0,0,0.0,0.0,0.15997796097624958,none,none
wroclaw_2024_2025,60,11782,0,0,0.009220731706730628,0.0,0.17143006435963765,none,none
wroclaw_2024_2025,60,11783,0,0,0.0,0.0,0.16095846766452337,none,none
wroclaw_2024_2025,60,11784,0,0,0.004731094613259669,0.0,0.17748366274018015,none,none
wroclaw_2024_2025,60,11785,0,0,0.004731094613259669,0.0,0.17876689066569929,none,none
wroclaw_2024_2025,60,11786,0,0,0.009462189226519337,0.0,0.15997054540412659,none,none
wroclaw_2024_2025,60,11787,0,0,0.009462189226519337,0.0,0.15568291971159787,none,none
wroclaw_2024_2025,60,11788,0,0,0.009462189226519337,0.0,0.16404901667522442,none,none
wroclaw_2024_2025,60,11789,0,0,0.014462189226519338,0.0,0.15580378797762015,none,none
wroclaw_2024_2025,60,11790,0,0,0.005,0.0,0.14678162813830084,none,none
wroclaw_2024_2025,60,11791,0,0,0.004731094613259669,0.0,0.14506107889597272,none,none
wroclaw_2024_2025,60,11792,0,0,0.004731094613259669,0.0,0.15355208411973076,none,none
wroclaw_2024_2025,60,11793,0,0,0.005,0.0,0.16901916361535305,none,none
wroclaw_2024_2025,60,11794,0,0,0.005,0.0,0.1563231868821292,none,none
wroclaw_2024_2025,60,11795,0,0,0.0,0.0,0.15231925455052953,none,none
wroclaw_2024_2025,60,11796,0,0,0.004731094613259669,0.0,0.17184851602445658,none,none
wroclaw_2024_2025,60,11797,0,0,0.0,0.0,0.15716041000223765,none,none
wroclaw_2024_2025,60,11798,0,0,0.0,0.0,0.1663244271887304,none,none
wroclaw_2024_2025,60,11799,0,0,0.0,0.0,0.15203248750544576,none,none
wroclaw_2024_2025,60,11800,0,0,0.0,0.0,0.1652790711185676,none,none
wroclaw_2024_2025,60,11801,0,0,0.0,0.0,0.15955742407732587,none,none
wroclaw_2024_2025,60,11802,0,0,0.0,0.0,0.14315055959309336,none,none
wroclaw_2024_2025,60,11803,0,0,0.009489637093470959,0.0,0.14001137754861415,none,none
wroclaw_2024_2025,60,11804,0,0,0.005,0.0,0.15243551523188897,none,none
wroclaw_2024_2025,60,11805,0,0,0.013979274186941918,0.0,0.1418158153801174,none,none
wroclaw_2024_2025,60,11806,0,0,0.005,0.0,0.14128975658581328,none,none
wroclaw_2024_2025,60,11807,0,0,0.005,0.0,0.1537082681986099,none,none
wroclaw_2024_2025,60,11808,0,0,0.0,0.0,0.14576175804205121,none,none
wroclaw_2024_2025,60,11809,0,0,0.0,0.0,0.16645834561748687,none,none
wroclaw_2024_2025,60,11810,0,0,0.0,0.0,0.1501743185274212,none,none
wroclaw_2024_2025,60,11811,0,0,0.0,0.0,0.14096172153350545,none,none
wroclaw_2024_2025,60,11812,0,0,0.0,0.0,0.15754415354733903,none,none
wroclaw_2024_2025,60,11813,0,0,0.0,0.0,0.1634992501131704,none,none
wroclaw_2024_2025,60,11814,0,0,0.0,0.0,0.14578668797017502,none,none
wroclaw_2024_2025,60,11815,0,0,0.0,0.0,0.1339324510884261,none,none
wroclaw_2024_2025,60,11816,0,0,0.0,0.0,0.1385197283926429,none,none
wroclaw_2024_2025,60,11817,0,0,0.009220731706730628,0.0,0.14356891606083733,none,none
wroclaw_2024_2025,60,11818,0,0,0.0,0.0,0.14448651811946622,none,none
wroclaw_2024_2025,60,11819,0,0,0.009731094613259668,0.0,0.14094455669572406,none,none
wroclaw_2024_2025,60,11820,0,0,0.004731094613259669,0.0,0.1430044821258314,none,none
wroclaw_2024_2025,60,11821,0,0,0.004731094613259669,0.0,0.1358516012769962,none,none
wroclaw_2024_2025,60,11822,0,0,0.01448963709347096,0.0,0.12911827750771201,none,none
wroclaw_2024_2025,60,11823,0,0,0.0,0.0,0.1369715550416543,none,none
wroclaw_2024_2025,60,11824,0,0,0.00448963709347096,0.0,0.13578192928706032,none,none
wroclaw_2024_2025,60,11825,0,0,0.00448963709347096,0.0,0.13825526715912448,none,none
wroclaw_2024_2025,60,11826,0,0,0.004731094613259669,0.0,0.1480744881315387,none,none
wroclaw_2024_2025,60,11827,0,0,0.014731094613259667,0.0,0.13361494947512237,none,none
wroclaw_2024_2025,60,11828,0,0,0.0,0.0,0.14217792755410963,none,none
wroclaw_2024_2025,60,11829,0,0,0.023710368800201588,0.0,0.14380317241467572,none,none
wroclaw_2024_2025,60,11830,0,0,0.013710368800201586,0.0,0.14346971599291986,none,none
wroclaw_2024_2025,60,11831,0,0,0.018951826319990296,0.0,0.17066669238393972,none,none
wroclaw_2024_2025,60,11832,0,0,0.0,0.0,0.19331945430573125,none,none
wroclaw_2024_2025,60,11833,0,0,0.0,0.0,0.25516452416089336,none,none
wroclaw_2024_2025,60,11834,0,0,0.0,0.0,0.2910637004069733,none,none
wroclaw_2024_2025,60,11835,0,0,0.01408256359850264,0.0,0.36930175816535027,none,none
wroclaw_2024_2025,60,11836,0,0,0.004731094613259669,0.0,0.3485603035679662,none,none
wroclaw_2024_2025,60,11837,0,0,0.0,0.0,0.33268336743634974,none,none
wroclaw_2024_2025,60,11838,0,0,0.005,0.0,0.3308869969965777,none,none
wroclaw_2024_2025,60,11839,0,0,0.005,0.0,0.3225781852429113,none,none
wroclaw_2024_2025,60,11840,0,0,0.005,0.0,0.3016520823305032,none,none
wroclaw_2024_2025,60,11841,0,0,0.0,0.0,0.29241646155065637,none,none
wroclaw_2024_2025,60,11842,0,0,0.004731094613259669,0.0,0.2823763637198559,none,none
wroclaw_2024_2025,60,11843,0,0,0.009731094613259668,0.0,0.2826203225552506,none,none
wroclaw_2024_2025,60,11844,0,0,0.014462189226519338,0.0,0.2808175796976415,none,none
wroclaw_2024_2025,60,11845,0,0,0.014462189226519338,0.0,0.2722470626676063,none,none
wroclaw_2024_2025,60,11846,0,0,0.014462189226519338,0.0,0.2645292220416733,none,none
wroclaw_2024_2025,60,11847,0,0,0.014462189226519338,0.0,0.2626348452278924,none,none
wroclaw_2024_2025,60,11848,0,0,0.009731094613259668,0.0,0.2625626994502055,none,none
wroclaw_2024_2025,60,11849,0,0,0.015,0.0,0.2696444433570035,none,none
wroclaw_2024_2025,60,11850,0,0,0.014731094613259667,0.0,0.26131075554143596,none,none
wroclaw_2024_2025,60,11851,0,0,0.019462189226519336,0.0,0.27600002716067057,none,none
wroclaw_2024_2025,60,11852,0,0,0.01,0.0,0.2860452598015073,none,none
wroclaw_2024_2025,60,11853,0,0,0.01,0.0,0.2576459309722131,none,none
wroclaw_2024_2025,60,11854,0,0,0.015,0.0,0.2600351322278368,none,none
wroclaw_2024_2025,60,11855,0,0,0.01,0.0,0.2357325796658087,none,none
wroclaw_2024_2025,60,11856,0,0,0.01,0.0,0.22238103852104907,none,none
wroclaw_2024_2025,60,11857,0,0,0.019462189226519336,0.0,0.19371561443084506,none,none
wroclaw_2024_2025,60,11858,0,0,0.019462189226519336,0.0,0.1913333754408034,none,none
wroclaw_2024_2025,60,11859,0,0,0.015,0.0,0.20164289244591904,none,none
wroclaw_2024_2025,60,11860,0,0,0.019462189226519336,0.0,0.1916335609121157,none,none
wroclaw_2024_2025,60,11861,0,0,0.019462189226519336,0.0,0.18977696954964843,none,none
wroclaw_2024_2025,60,11862,0,0,0.01919328383977901,0.0,0.2111395915496209,none,none
wroclaw_2024_2025,60,11863,0,0,0.009731094613259668,0.0,0.2052542781068892,none,none
wroclaw_2024_2025,60,11864,0,0,0.014731094613259667,0.0,0.19952729536396926,none,none
wroclaw_2024_2025,60,11865,0,0,0.014731094613259667,0.0,0.18052696634659457,none,none
wroclaw_2024_2025,60,11866,0,0,0.019731094613259666,0.0,0.19622403488565426,none,none
wroclaw_2024_2025,60,11867,0,0,0.014731094613259667,0.0,0.20549543378363008,none,none
wroclaw_2024_2025,60,11868,0,0,0.014731094613259667,0.0,0.21778750453840426,none,none
wroclaw_2024_2025,60,11869,0,0,0.039193283839779006,0.0,0.2154170625137458,none,none
wroclaw_2024_2025,60,11870,0,0,0.033924378453038674,0.0,0.21873419995773974,none,none
wroclaw_2024_2025,60,11871,0,0,0.03365547306629834,0.0,0.21969957454628572,none,none
wroclaw_2024_2025,60,11872,0,0,0.023924378453038676,0.0,0.223077720396116,none,none
wroclaw_2024_2025,60,11873,0,0,0.019462189226519336,0.0,0.22983691334849538,none,none
wroclaw_2024_2025,60,11874,0,0,0.01,0.0,0.21174642686019937,none,none
wroclaw_2024_2025,60,11875,0,0,0.005,0.0,0.2065954738148849,none,none
wroclaw_2024_2025,60,11876,0,0,0.0,0.0,0.21265676304788755,none,none
wroclaw_2024_2025,60,11877,0,0,0.014731094613259667,0.0,0.19876567218291713,none,none
wroclaw_2024_2025,60,11878,0,0,0.0,0.0,0.2228245025803907,none,none
wroclaw_2024_2025,60,11879,0,0,0.019731094613259666,0.0,0.1976380108063356,none,none
wroclaw_2024_2025,60,11880,0,0,0.014462189226519338,0.0,0.2019533001413098,none,none
wroclaw_2024_2025,60,11881,0,0,0.004731094613259669,0.0,0.2055460216760973,none,none
wroclaw_2024_2025,60,11882,0,0,0.004731094613259669,0.0,0.21538070506867568,none,none
wroclaw_2024_2025,60,11883,0,0,0.009462189226519337,0.0,0.21774868334519612,none,none
wroclaw_2024_2025,60,11884,0,0,0.009220731706730628,0.0,0.2228278410520802,none,none
wroclaw_2024_2025,60,11885,0,0,0.009731094613259668,0.0,0.22111401438314757,none,none
wroclaw_2024_2025,60,11886,0,0,0.009861831891772012,0.0,0.20638250938615632,none,none
wroclaw_2024_2025,60,11887,0,0,0.009731094613259668,0.0,0.20272891327896192,none,none
wroclaw_2024_2025,60,11888,0,0,0.009731094613259668,0.0,0.19985127318047702,none,none
wroclaw_2024_2025,60,11889,0,0,0.005,0.0,0.22325105386723373,none,none
wroclaw_2024_2025,60,11890,0,0,0.01,0.0,0.2160033145482016,none,none
wroclaw_2024_2025,60,11891,0,0,0.005,0.0,0.21745016543058143,none,none
wroclaw_2024_2025,60,11892,0,0,0.005,0.0,0.20591082060355165,none,none
wroclaw_2024_2025,60,11893,0,0,0.005,0.0,0.20291831466730118,none,none
wroclaw_2024_2025,60,11894,0,0,0.015,0.0,0.20723458431472164,none,none
wroclaw_2024_2025,60,11895,0,0,0.009861831891772012,0.0,0.20491357251846484,none,none
wroclaw_2024_2025,60,11896,0,0,0.009861831891772012,0.0,0.20532051885080152,none,none
wroclaw_2024_2025,60,11897,0,0,0.009861831891772012,0.0,0.20338863739181895,none,none
wroclaw_2024_2025,60,11898,0,0,0.00959292650503168,0.0,0.20644958219021287,none,none
wroclaw_2024_2025,60,11899,0,0,0.00959292650503168,0.0,0.20700247710162192,none,none
wroclaw_2024_2025,60,11900,0,0,0.004861831891772012,0.0,0.21869704982764612,none,none
wroclaw_2024_2025,60,11901,0,0,0.00959292650503168,0.0,0.2034336077109298,none,none
wroclaw_2024_2025,60,11902,0,0,0.00448963709347096,0.0,0.20935205687243388,none,none
wroclaw_2024_2025,60,11903,0,0,0.014731094613259667,0.0,0.1953163965546915,none,none
wroclaw_2024_2025,60,11904,0,0,0.0,0.0,0.20753065982500568,none,none
wroclaw_2024_2025,60,11905,0,0,0.00448963709347096,0.0,0.20206881675157595,none,none
wroclaw_2024_2025,60,11906,0,0,0.00448963709347096,0.0,0.20106621236309613,none,none
wroclaw_2024_2025,60,11907,0,0,0.00935146898524297,0.0,0.20373464834305158,none,none
wroclaw_2024_2025,60,11908,0,0,0.01408256359850264,0.0,0.20003444430130873,none,none
wroclaw_2024_2025,60,11909,0,0,0.004861831891772012,0.0,0.22044908397026539,none,none
wroclaw_2024_2025,60,11910,0,0,0.019454758396803693,0.0,0.22386931335104465,none,none
wroclaw_2024_2025,60,11911,0,0,0.004861831891772012,0.0,0.22003501418081467,none,none
wroclaw_2024_2025,60,11912,0,0,0.00959292650503168,0.0,0.21757498473330975,none,none
wroclaw_2024_2025,60,11913,0,0,0.0,0.0,0.21262467035790508,none,none
wroclaw_2024_2025,60,11914,0,0,0.004731094613259669,0.0,0.20475621954547557,none,none
wroclaw_2024_2025,60,11915,0,0,0.0,0.0,0.21659519859196988,none,none
wroclaw_2024_2025,60,11916,0,0,0.004731094613259669,0.0,0.19965451296242706,none,none
wroclaw_2024_2025,60,11917,0,0,0.009489637093470959,0.0,0.20381240685230845,none,none
wroclaw_2024_2025,60,11918,0,0,0.01959292650503168,0.0,0.20220222225038106,none,none
wroclaw_2024_2025,60,11919,0,0,0.029454758396803688,0.0,0.2021657887155567,none,none
wroclaw_2024_2025,60,11920,0,0,0.01459292650503168,0.0,0.19285611476219428,none,none
wroclaw_2024_2025,60,11921,0,0,0.01932402111829135,0.0,0.21806761742525632,none,none
wroclaw_2024_2025,60,11922,0,0,0.009462189226519337,0.0,0.22297612041285186,none,none
wroclaw_2024_2025,60,11923,0,0,0.0,0.0,0.22202635100435017,none,none
wroclaw_2024_2025,60,11924,0,0,0.0,0.0,0.197817301838632,none,none
wroclaw_2024_2025,60,11925,0,0,0.004731094613259669,0.0,0.20127958908797286,none,none
wroclaw_2024_2025,60,11926,0,0,0.01919328383977901,0.0,0.22129947035919237,none,none
wroclaw_2024_2025,60,11927,0,0,0.009731094613259668,0.0,0.24649790656184858,none,none
wroclaw_2024_2025,60,11928,0,0,0.009462189226519337,0.0,0.30230774375838376,none,none
wroclaw_2024_2025,60,11929,0,0,0.0,0.0,0.31295159717454335,none,none
wroclaw_2024_2025,60,11930,0,0,0.0,0.0,0.32851030562338934,none,none
wroclaw_2024_2025,60,11931,0,0,0.0,0.0,0.3321375067367646,none,none
wroclaw_2024_2025,60,11932,0,0,0.005,0.0,0.3241829894055691,none,none
wroclaw_2024_2025,60,11933,0,0,0.005,0.0,0.3182373132865747,none,none
wroclaw_2024_2025,60,11934,0,0,0.0,0.0,0.3174769549343687,none,none
wroclaw_2024_2025,60,11935,0,0,0.0,0.0,0.3133382516489092,none,none
wroclaw_2024_2025,60,11936,0,0,0.004731094613259669,0.0,0.3046318823899329,none,none
wroclaw_2024_2025,60,11937,0,0,0.004731094613259669,0.0,0.3001510300118186,none,none
wroclaw_2024_2025,60,11938,0,0,0.01919328383977901,0.0,0.291089473726529,none,none
wroclaw_2024_2025,60,11939,0,0,0.005,0.0,0.2861530020407264,none,none
wroclaw_2024_2025,60,11940,0,0,0.005,0.0,0.2884427882278759,none,none
wroclaw_2024_2025,60,11941,0,0,0.01,0.0,0.30169077594343535,none,none
wroclaw_2024_2025,60,11942,0,0,0.01,0.0,0.30907103275799047,none,none
wroclaw_2024_2025,60,11943,0,0,0.005,0.0,0.31519099044867654,none,none
wroclaw_2024_2025,60,11944,0,0,0.01,0.0,0.2740007635135017,none,none
wroclaw_2024_2025,60,11945,0,0,0.01,0.0,0.27162599408399796,none,none
wroclaw_2024_2025,60,11946,0,0,0.019731094613259666,0.0,0.2681106039210809,none,none
wroclaw_2024_2025,60,11947,0,0,0.024462189226519337,0.0,0.26555910966332974,none,none
wroclaw_2024_2025,60,11948,0,0,0.023951826319990297,0.0,0.2766669726911055,none,none
wroclaw_2024_2025,60,11949,0,0,0.028414015546509637,0.0,0.2651753237511055,none,none
wroclaw_2024_2025,60,11950,0,0,0.03841401554650964,0.0,0.27631605486893873,none,none
wroclaw_2024_2025,60,11951,0,0,0.03868292093324996,0.0,0.2646220680649814,none,none
wroclaw_2024_2025,60,11952,0,0,0.029193283839779007,0.0,0.23618820580854327,none,none
wroclaw_2024_2025,60,11953,0,0,0.01919328383977901,0.0,0.2074779277099838,none,none
wroclaw_2024_2025,60,11954,0,0,0.005,0.0,0.20728570313015712,none,none
wroclaw_2024_2025,60,11955,0,0,0.014731094613259667,0.0,0.20765066524082912,none,none
wroclaw_2024_2025,60,11956,0,0,0.014731094613259667,0.0,0.18612285783807384,none,none
wroclaw_2024_2025,60,11957,0,0,0.005,0.0,0.1912758571292324,none,none
wroclaw_2024_2025,60,11958,0,0,0.028924378453038677,0.0,0.1943794231763678,none,none
wroclaw_2024_2025,60,11959,0,0,0.014731094613259667,0.0,0.20645757646307297,none,none
wroclaw_2024_2025,60,11960,0,0,0.019731094613259666,0.0,0.18579101265654957,none,none
wroclaw_2024_2025,60,11961,0,0,0.02922073170673063,0.0,0.21881956648405998,none,none
wroclaw_2024_2025,60,11962,0,0,0.028951826319990298,0.0,0.22938638064350134,none,none
wroclaw_2024_2025,60,11963,0,0,0.024220731706730628,0.0,0.21295336428620446,none,none
wroclaw_2024_2025,60,11964,0,0,0.019731094613259666,0.0,0.2114547967564388,none,none
wroclaw_2024_2025,60,11965,0,0,0.049193283839779,0.0,0.22101971454200006,none,none
wroclaw_2024_2025,60,11966,0,0,0.06865547306629834,0.0,0.23528983460335462,none,none
wroclaw_2024_2025,60,11967,0,0,0.073386567679558,0.0,0.22461148407482515,none,none
wroclaw_2024_2025,60,11968,0,0,0.06392437845303867,0.0,0.21804000171868154,none,none
wroclaw_2024_2025,60,11969,0,0,0.06392437845303867,0.0,0.1984031550461236,none,none
wroclaw_2024_2025,60,11970,0,0,0.07841401554650963,0.0,0.19258674648542676,none,none
wroclaw_2024_2025,60,11971,0,0,0.06854475282502198,0.0,0.2017349702085079,none,none
wroclaw_2024_2025,60,11972,0,0,0.06446218922651933,0.0,0.20021237818894255,none,none
wroclaw_2024_2025,60,11973,0,0,0.06446218922651933,0.0,0.21205881942617472,none,none
wroclaw_2024_2025,60,11974,0,0,0.079193283839779,0.0,0.19549868020580433,none,none
wroclaw_2024_2025,60,11975,0,0,0.06865547306629834,0.0,0.20927963130433724,none,none
wroclaw_2024_2025,60,11976,0,0,0.054193283839779005,0.0,0.19471460884412622,none,none
wroclaw_2024_2025,60,11977,0,0,0.048951826319990295,0.0,0.18963377142925505,none,none
wroclaw_2024_2025,60,11978,0,0,0.025,0.0,0.20516374789769865,none,none
wroclaw_2024_2025,60,11979,0,0,0.025,0.0,0.20274829937376587,none,none
wroclaw_2024_2025,60,11980,0,0,0.01,0.0,0.20634822427233876,none,none
wroclaw_2024_2025,60,11981,0,0,0.009489637093470959,0.0,0.2241692719526042,none,none
wroclaw_2024_2025,60,11982,0,0,0.00448963709347096,0.0,0.22197265701958804,none,none
wroclaw_2024_2025,60,11983,0,0,0.00448963709347096,0.0,0.22359101242640667,none,none
wroclaw_2024_2025,60,11984,0,0,0.00448963709347096,0.0,0.2223268514085186,none,none
wroclaw_2024_2025,60,11985,0,0,0.00448963709347096,0.0,0.2218092655406147,none,none
wroclaw_2024_2025,60,11986,0,0,0.013979274186941918,0.0,0.2044947162463216,none,none
wroclaw_2024_2025,60,11987,0,0,0.009489637093470959,0.0,0.2375413919402766,none,none
wroclaw_2024_2025,60,11988,0,0,0.0,0.0,0.2405574843091803,none,none
wroclaw_2024_2025,60,11989,0,0,0.009220731706730628,0.0,0.23002252358763553,none,none
wroclaw_2024_2025,60,11990,0,0,0.01922073170673063,0.0,0.22821379352302515,none,none
wroclaw_2024_2025,60,11991,0,0,0.01919328383977901,0.0,0.22052108717161018,none,none
wroclaw_2024_2025,60,11992,0,0,0.009731094613259668,0.0,0.2179945520910234,none,none
wroclaw_2024_2025,60,11993,0,0,0.014462189226519338,0.0,0.21979032149905167,none,none
wroclaw_2024_2025,60,11994,0,0,0.005,0.0,0.21881479902194637,none,none
wroclaw_2024_2025,60,11995,0,0,0.014861831891772011,0.0,0.21540192785373816,none,none
wroclaw_2024_2025,60,11996,0,0,0.01,0.0,0.20658041882369838,none,none
wroclaw_2024_2025,60,11997,0,0,0.01,0.0,0.2178671364946181,none,none
wroclaw_2024_2025,60,11998,0,0,0.01448963709347096,0.0,0.22617458474651006,none,none
wroclaw_2024_2025,60,11999,0,0,0.02435146898524297,0.0,0.22136969262419157,none,none
wroclaw_2024_2025,60,12000,0,0,0.01935146898524297,0.0,0.22223281337254802,none,none
wroclaw_2024_2025,60,12001,0,0,0.01,0.0,0.24122138463823464,none,none
wroclaw_2024_2025,60,12002,0,0,0.009731094613259668,0.0,0.23697851142374204,none,none
wroclaw_2024_2025,60,12003,0,0,0.005,0.0,0.23132829018286152,none,none
wroclaw_2024_2025,60,12004,0,0,0.005,0.0,0.2397141436598157,none,none
wroclaw_2024_2025,60,12005,0,0,0.014193283839779008,0.0,0.25091279147914325,none,none
wroclaw_2024_2025,60,12006,0,0,0.004731094613259669,0.0,0.2517722221078959,none,none
wroclaw_2024_2025,60,12007,0,0,0.014193283839779008,0.0,0.23604602043214098,none,none
wroclaw_2024_2025,60,12008,0,0,0.009462189226519337,0.0,0.2296048596226711,none,none
wroclaw_2024_2025,60,12009,0,0,0.004731094613259669,0.0,0.20371416217937563,none,none
wroclaw_2024_2025,60,12010,0,0,0.014193283839779008,0.0,0.1981421283205817,none,none
wroclaw_2024_2025,60,12011,0,0,0.014193283839779008,0.0,0.19907558126787017,none,none
wroclaw_2024_2025,60,12012,0,0,0.024193283839779003,0.0,0.18747780889425092,none,none
wroclaw_2024_2025,60,12013,0,0,0.02892437845303867,0.0,0.17680806502088148,none,none
wroclaw_2024_2025,60,12014,0,0,0.009220731706730628,0.0,0.15816566004926277,none,none
wroclaw_2024_2025,60,12015,0,0,0.01871036880020159,0.0,0.15394687483063987,none,none
wroclaw_2024_2025,60,12016,0,0,0.005,0.0,0.14838452655596915,none,none
wroclaw_2024_2025,60,12017,0,0,0.024324021118291347,0.0,0.14359689765262917,none,none
wroclaw_2024_2025,60,12018,0,0,0.023813658211762307,0.0,0.1408494009764496,none,none
wroclaw_2024_2025,60,12019,0,0,0.04364804223658269,0.0,0.1490433527800853,none,none
wroclaw_2024_2025,60,12020,0,0,0.05773803666480098,0.0,0.17022238825827743,none,none
wroclaw_2024_2025,60,12021,0,0,0.05838656767955801,0.0,0.1509267123738532,none,none
wroclaw_2024_2025,60,12022,0,0,0.0431451101597693,0.0,0.14590739517429177,none,none
wroclaw_2024_2025,60,12023,0,0,0.018924378453038675,0.0,0.17329314309723104,none,none
wroclaw_2024_2025,60,12024,0,0,0.014193283839779008,0.0,0.21336261328407402,none,none
wroclaw_2024_2025,60,12025,0,0,0.0,0.0,0.23916514486404405,none,none
wroclaw_2024_2025,60,12026,0,0,0.0,0.0,0.2534958099425621,none,none
wroclaw_2024_2025,60,12027,0,0,0.0,0.0,0.26102105669171044,none,none
wroclaw_2024_2025,60,12028,0,0,0.0,0.0,0.285413094624977,none,none
wroclaw_2024_2025,60,12029,0,0,0.0,0.0,0.3004397582831985,none,none
wroclaw_2024_2025,60,12030,0,0,0.0,0.0,0.27821789674159647,none,none
wroclaw_2024_2025,60,12031,0,0,0.009462189226519337,0.0,0.26814111445759076,none,none
wroclaw_2024_2025,60,12032,0,0,0.024462189226519337,0.0,0.2625340895247295,none,none
wroclaw_2024_2025,60,12033,0,0,0.019462189226519336,0.0,0.2642439057158943,none,none
wroclaw_2024_2025,60,12034,0,0,0.005,0.0,0.2651233973475811,none,none
wroclaw_2024_2025,60,12035,0,0,0.005,0.0,0.2935216476551686,none,none
wroclaw_2024_2025,60,12036,0,0,0.01,0.0,0.2775481595965075,none,none
wroclaw_2024_2025,60,12037,0,0,0.01,0.0,0.265988604794749,none,none
wroclaw_2024_2025,60,12038,0,0,0.01,0.0,0.26251446519035887,none,none
wroclaw_2024_2025,60,12039,0,0,0.019731094613259666,0.0,0.26549827344673865,none,none
wroclaw_2024_2025,60,12040,0,0,0.024220731706730624,0.0,0.2614099144883143,none,none
wroclaw_2024_2025,60,12041,0,0,0.01422073170673063,0.0,0.2505043788294592,none,none
wroclaw_2024_2025,60,12042,0,0,0.009220731706730628,0.0,0.2546406473389587,none,none
wroclaw_2024_2025,60,12043,0,0,0.028414015546509637,0.0,0.26519246788797246,none,none
wroclaw_2024_2025,60,12044,0,0,0.02868292093324996,0.0,0.2526980450808182,none,none
wroclaw_2024_2025,60,12045,0,0,0.028682920933249968,0.0,0.26041960262363056,none,none
wroclaw_2024_2025,60,12046,0,0,0.0431451101597693,0.0,0.24409411885519813,none,none
wroclaw_2024_2025,60,12047,0,0,0.05317255802672092,0.0,0.2212559325918329,none,none
wroclaw_2024_2025,60,12048,0,0,0.029462189226519334,0.0,0.2274917027088774,none,none
wroclaw_2024_2025,60,12049,0,0,0.019731094613259666,0.0,0.22208981684431534,none,none
wroclaw_2024_2025,60,12050,0,0,0.02,0.0,0.22981239549817312,none,none
wroclaw_2024_2025,60,12051,0,0,0.02,0.0,0.18773494063915974,none,none
wroclaw_2024_2025,60,12052,0,0,0.025,0.0,0.21074485107647364,none,none
wroclaw_2024_2025,60,12053,0,0,0.02,0.0,0.19972160629480015,none,none
wroclaw_2024_2025,60,12054,0,0,0.024220731706730628,0.0,0.22446795341076478,none,none
wroclaw_2024_2025,60,12055,0,0,0.02,0.0,0.20578727612176653,none,none
wroclaw_2024_2025,60,12056,0,0,0.025,0.0,0.19440380781841868,none,none
wroclaw_2024_2025,60,12057,0,0,0.035,0.0,0.19102927936281264,none,none
wroclaw_2024_2025,60,12058,0,0,0.04,0.0,0.21781315212588875,none,none
wroclaw_2024_2025,60,12059,0,0,0.04,0.0,0.22227533558207876,none,none
wroclaw_2024_2025,60,12060,0,0,0.035,0.0,0.2135315376735268,none,none
wroclaw_2024_2025,60,12061,0,0,0.04973109461325967,0.0,0.22544514202016508,none,none
wroclaw_2024_2025,60,12062,0,0,0.054193283839779005,0.0,0.23800390654773096,none,none
wroclaw_2024_2025,60,12063,0,0,0.06473109461325967,0.0,0.2156802103490475,none,none
wroclaw_2024_2025,60,12064,0,0,0.05946218922651934,0.0,0.20881015234523448,none,none
wroclaw_2024_2025,60,12065,0,0,0.06973109461325967,0.0,0.2090497733695671,none,none
wroclaw_2024_2025,60,12066,0,0,0.07973109461325967,0.0,0.20189686215217245,none,none
wroclaw_2024_2025,60,12067,0,0,0.08473109461325967,0.0,0.21534788892412624,none,none
wroclaw_2024_2025,60,12068,0,0,0.11932402111829137,0.0,0.20616450061581715,none,none
wroclaw_2024_2025,60,12069,0,0,0.1239518263199903,0.0,0.2147423026791805,none,none
wroclaw_2024_2025,60,12070,0,0,0.12236584186649992,0.0,0.2283095295878701,none,none
wroclaw_2024_2025,60,12071,0,0,0.10736584186649992,0.0,0.2303274102887424,none,none
wroclaw_2024_2025,60,12072,0,0,0.09865547306629834,0.0,0.23863022873444414,none,none
wroclaw_2024_2025,60,12073,0,0,0.11865547306629834,0.0,0.2229937344248529,none,none
wroclaw_2024_2025,60,12074,0,0,0.079193283839779,0.0,0.2245687998295701,none,none
wroclaw_2024_2025,60,12075,0,0,0.07946218922651933,0.0,0.22312433559837608,none,none
wroclaw_2024_2025,60,12076,0,0,0.07946218922651933,0.0,0.22812550526547692,none,none
wroclaw_2024_2025,60,12077,0,0,0.049462189226519335,0.0,0.24787067659596657,none,none
wroclaw_2024_2025,60,12078,0,0,0.059193283839779,0.0,0.23471444437332004,none,none
wroclaw_2024_2025,60,12079,0,0,0.048786210344810683,0.0,0.21722178583459345,none,none
wroclaw_2024_2025,60,12080,0,0,0.02973109461325967,0.0,0.2234305085573505,none,none
wroclaw_2024_2025,60,12081,0,0,0.025,0.0,0.2252405576758118,none,none
wroclaw_2024_2025,60,12082,0,0,0.02973109461325967,0.0,0.1988831172958,none,none
wroclaw_2024_2025,60,12083,0,0,0.005,0.0,0.21104294278762112,none,none
wroclaw_2024_2025,60,12084,0,0,0.0,0.0,0.20379628868348706,none,none
wroclaw_2024_2025,60,12085,0,0,0.02908256359850264,0.0,0.18622261783487348,none,none
wroclaw_2024_2025,60,12086,0,0,0.04856476986225795,0.0,0.19664755951734297,none,none
wroclaw_2024_2025,60,12087,0,0,0.04353732199530633,0.0,0.20695462404810788,none,none
wroclaw_2024_2025,60,12088,0,0,0.03300694205154131,0.0,0.21295322252956056,none,none
wroclaw_2024_2025,60,12089,0,0,0.004731094613259669,0.0,0.22056073118234576,none,none
wroclaw_2024_2025,60,12090,0,0,0.009220731706730628,0.0,0.22160783040800736,none,none
wroclaw_2024_2025,60,12091,0,0,0.009220731706730628,0.0,0.21369566986222496,none,none
wroclaw_2024_2025,60,12092,0,0,0.009462189226519337,0.0,0.2100535832545079,none,none
wroclaw_2024_2025,60,12093,0,0,0.009462189226519337,0.0,0.2035851737210842,none,none
wroclaw_2024_2025,60,12094,0,0,0.01432402111829135,0.0,0.20238331844501872,none,none
wroclaw_2024_2025,60,12095,0,0,0.01881365821176231,0.0,0.20845516719754267,none,none
wroclaw_2024_2025,60,12096,0,0,0.018682920933249966,0.0,0.20084311540901717,none,none
wroclaw_2024_2025,60,12097,0,0,0.01422073170673063,0.0,0.19993242214856516,none,none
wroclaw_2024_2025,60,12098,0,0,0.01871036880020159,0.0,0.2020618308944691,none,none
wroclaw_2024_2025,60,12099,0,0,0.01908256359850264,0.0,0.20996944835713524,none,none
wroclaw_2024_2025,60,12100,0,0,0.023813658211762307,0.0,0.20617639847148467,none,none
wroclaw_2024_2025,60,12101,0,0,0.01459292650503168,0.0,0.20047751060263636,none,none
wroclaw_2024_2025,60,12102,0,0,0.03408256359850264,0.0,0.21239893085964592,none,none
wroclaw_2024_2025,60,12103,0,0,0.06225512162522356,0.0,0.21260694169781583,none,none
wroclaw_2024_2025,60,12104,0,0,0.03844146341346125,0.0,0.19788280789556187,none,none
wroclaw_2024_2025,60,12105,0,0,0.01959292650503168,0.0,0.19770794046234713,none,none
wroclaw_2024_2025,60,12106,0,0,0.019731094613259666,0.0,0.17695903301515994,none,none
wroclaw_2024_2025,60,12107,0,0,0.02408256359850264,0.0,0.16914356466821437,none,none
wroclaw_2024_2025,60,12108,0,0,0.014861831891772011,0.0,0.15446385462170362,none,none
wroclaw_2024_2025,60,12109,0,0,0.024462189226519337,0.0,0.14877614501016234,none,none
wroclaw_2024_2025,60,12110,0,0,0.04813767933005366,0.0,0.14524568421333706,none,none
wroclaw_2024_2025,60,12111,0,0,0.03391694762332303,0.0,0.14675506661962898,none,none
wroclaw_2024_2025,60,12112,0,0,0.03365547306629834,0.0,0.13355022592756194,none,none
wroclaw_2024_2025,60,12113,0,0,0.01919328383977901,0.0,0.1300614597203287,none,none
wroclaw_2024_2025,60,12114,0,0,0.038655473066298345,0.0,0.13734411414320008,none,none
wroclaw_2024_2025,60,12115,0,0,0.004731094613259669,0.0,0.12527960719778183,none,none
wroclaw_2024_2025,60,12116,0,0,0.014731094613259667,0.0,0.13667632970612492,none,none
wroclaw_2024_2025,60,12117,0,0,0.009462189226519337,0.0,0.1337202903457297,none,none
wroclaw_2024_2025,60,12118,0,0,0.023414015546509636,0.0,0.16661549803359793,none,none
wroclaw_2024_2025,60,12119,0,0,0.014193283839779008,0.0,0.20769556183518287,none,none
wroclaw_2024_2025,60,12120,0,0,0.004731094613259669,0.0,0.22896981417518322,none,none
wroclaw_2024_2025,60,12121,0,0,0.018924378453038675,0.0,0.248148174761753,none,none
wroclaw_2024_2025,60,12122,0,0,0.009731094613259668,0.0,0.2733758444161037,none,none
wroclaw_2024_2025,60,12123,0,0,0.014193283839779008,0.0,0.29634017877408775,none,none
wroclaw_2024_2025,60,12124,0,0,0.009462189226519337,0.0,0.3011699312599826,none,none
wroclaw_2024_2025,60,12125,0,0,0.004731094613259669,0.0,0.2838439531508557,none,none
wroclaw_2024_2025,60,12126,0,0,0.004731094613259669,0.0,0.2861286002468005,none,none
wroclaw_2024_2025,60,12127,0,0,0.004731094613259669,0.0,0.2685642217864524,none,none
wroclaw_2024_2025,60,12128,0,0,0.014462189226519338,0.0,0.2658697384834837,none,none
wroclaw_2024_2025,60,12129,0,0,0.005,0.0,0.2576039824970809,none,none
wroclaw_2024_2025,60,12130,0,0,0.005,0.0,0.2658469719318481,none,none
wroclaw_2024_2025,60,12131,0,0,0.015,0.0,0.2974013754972451,none,none
wroclaw_2024_2025,60,12132,0,0,0.02,0.0,0.2778208162453675,none,none
wroclaw_2024_2025,60,12133,0,0,0.01,0.0,0.2787117517889396,none,none
wroclaw_2024_2025,60,12134,0,0,0.015,0.0,0.2531695269258079,none,none
wroclaw_2024_2025,60,12135,0,0,0.01,0.0,0.24523560122558982,none,none
wroclaw_2024_2025,60,12136,0,0,0.02,0.0,0.2473468750219358,none,none
wroclaw_2024_2025,60,12137,0,0,0.015,0.0,0.23232451384355865,none,none
wroclaw_2024_2025,60,12138,0,0,0.02892437845303867,0.0,0.24437463944845456,none,none
wroclaw_2024_2025,60,12139,0,0,0.014731094613259667,0.0,0.24467756519555778,none,none
wroclaw_2024_2025,60,12140,0,0,0.009731094613259668,0.0,0.2437057068585403,none,none
wroclaw_2024_2025,60,12141,0,0,0.023924378453038676,0.0,0.22923887075656235,none,none
wroclaw_2024_2025,60,12142,0,0,0.024193283839779006,0.0,0.23434016384711856,none,none
wroclaw_2024_2025,60,12143,0,0,0.029193283839779007,0.0,0.21869964845191367,none,none
wroclaw_2024_2025,60,12144,0,0,0.024462189226519337,0.0,0.21053839608829333,none,none
wroclaw_2024_2025,60,12145,0,0,0.03419328383977901,0.0,0.20342155657748243,none,none
wroclaw_2024_2025,60,12146,0,0,0.02973109461325967,0.0,0.1970660128940112,none,none
wroclaw_2024_2025,60,12147,0,0,0.04446218922651934,0.0,0.20459380390758064,none,none
wroclaw_2024_2025,60,12148,0,0,0.044220731706730625,0.0,0.1887793621654544,none,none
wroclaw_2024_2025,60,12149,0,0,0.044220731706730625,0.0,0.18808505364081127,none,none
wroclaw_2024_2025,60,12150,0,0,0.044220731706730625,0.0,0.1905381696344787,none,none
wroclaw_2024_2025,60,12151,0,0,0.04448963709347096,0.0,0.19114923630246983,none,none
wroclaw_2024_2025,60,12152,0,0,0.02,0.0,0.21028481853449316,none,none
wroclaw_2024_2025,60,12153,0,0,0.025,0.0,0.20876514653364805,none,none
wroclaw_2024_2025,60,12154,0,0,0.035,0.0,0.20187863847153772,none,none
wroclaw_2024_2025,60,12155,0,0,0.024731094613259667,0.0,0.20466040899355803,none,none
wroclaw_2024_2025,60,12156,0,0,0.03473109461325967,0.0,0.20906618857266082,none,none
wroclaw_2024_2025,60,12157,0,0,0.035,0.0,0.2102025697152582,none,none
wroclaw_2024_2025,60,12158,0,0,0.053414015546509624,0.0,0.21078083102851264,none,none
wroclaw_2024_2025,60,12159,0,0,0.06868292093324996,0.0,0.2030985046775303,none,none
wroclaw_2024_2025,60,12160,0,0,0.054731094613259666,0.0,0.19697195285611632,none,none
wroclaw_2024_2025,60,12161,0,0,0.07446218922651933,0.0,0.21283347298859706,none,none
wroclaw_2024_2025,60,12162,0,0,0.099193283839779,0.0,0.21672426655346508,none,none
wroclaw_2024_2025,60,12163,0,0,0.11892437845303867,0.0,0.2432842429240557,none,none
wroclaw_2024_2025,60,12164,0,0,0.124193283839779,0.0,0.22629244754929206,none,none
wroclaw_2024_2025,60,12165,0,0,0.11446218922651934,0.0,0.2271988962987432,none,none
wroclaw_2024_2025,60,12166,0,0,0.11881365821176232,0.0,0.2277651641185897,none,none
wroclaw_2024_2025,60,12167,0,0,0.09854475282502197,0.0,0.2227934773261463,none,none
wroclaw_2024_2025,60,12168,0,0,0.053544752825021975,0.0,0.21850463060024855,none,none
wroclaw_2024_2025,60,12169,0,0,0.049324021118291345,0.0,0.21662130946433847,none,none
wroclaw_2024_2025,60,12170,0,0,0.023544752825021976,0.0,0.21615265188967167,none,none
wroclaw_2024_2025,60,12171,0,0,0.03405511573155102,0.0,0.2108012110249237,none,none
wroclaw_2024_2025,60,12172,0,0,0.014731094613259667,0.0,0.1957540723137306,none,none
wroclaw_2024_2025,60,12173,0,0,0.009731094613259668,0.0,0.1970376045493652,none,none
wroclaw_2024_2025,60,12174,0,0,0.009462189226519337,0.0,0.19803583019188162,none,none
wroclaw_2024_2025,60,12175,0,0,0.019462189226519336,0.0,0.20556558120816845,none,none
wroclaw_2024_2025,60,12176,0,0,0.029193283839779004,0.0,0.19694956624650226,none,none
wroclaw_2024_2025,60,12177,0,0,0.009731094613259668,0.0,0.2011867207632961,none,none
wroclaw_2024_2025,60,12178,0,0,0.033951826319990296,0.0,0.1798685448037654,none,none
wroclaw_2024_2025,60,12179,0,0,0.053434032583745614,0.0,0.17416331217182013,none,none
wroclaw_2024_2025,60,12180,0,0,0.04827584743828165,0.0,0.1832071628977894,none,none
wroclaw_2024_2025,60,12181,0,0,0.03830329530523327,0.0,0.17309534312595978,none,none
wroclaw_2024_2025,60,12182,0,0,0.023710368800201588,0.0,0.1840144662770611,none,none
wroclaw_2024_2025,60,12183,0,0,0.014731094613259667,0.0,0.1951036070557055,none,none
wroclaw_2024_2025,60,12184,0,0,0.009731094613259668,0.0,0.18858214181568916,none,none
wroclaw_2024_2025,60,12185,0,0,0.028441463413461255,0.0,0.18824272762451189,none,none
wroclaw_2024_2025,60,12186,0,0,0.01908256359850264,0.0,0.19300492210324083,none,none
wroclaw_2024_2025,60,12187,0,0,0.02908256359850264,0.0,0.20175876053007977,none,none
wroclaw_2024_2025,60,12188,0,0,0.018951826319990296,0.0,0.19554682276484234,none,none
wroclaw_2024_2025,60,12189,0,0,0.03368292093324996,0.0,0.19325737932210038,none,none
wroclaw_2024_2025,60,12190,0,0,0.038544752825021976,0.0,0.195683200296033,none,none
wroclaw_2024_2025,60,12191,0,0,0.013951826319990297,0.0,0.22431241092878648,none,none
wroclaw_2024_2025,60,12192,0,0,0.02,0.0,0.20469670796816897,none,none
wroclaw_2024_2025,60,12193,0,0,0.02959292650503168,0.0,0.1990425730411085,none,none
wroclaw_2024_2025,60,12194,0,0,0.025,0.0,0.18856147815678165,none,none
wroclaw_2024_2025,60,12195,0,0,0.02,0.0,0.19078306007632206,none,none
wroclaw_2024_2025,60,12196,0,0,0.025,0.0,0.19049581676049168,none,none
wroclaw_2024_2025,60,12197,0,0,0.024731094613259667,0.0,0.1790392470122475,none,none
wroclaw_2024_2025,60,12198,0,0,0.024731094613259667,0.0,0.18644497446199454,none,none
wroclaw_2024_2025,60,12199,0,0,0.035,0.0,0.19344106503197256,none,none
wroclaw_2024_2025,60,12200,0,0,0.01,0.0,0.19064082903736565,none,none
wroclaw_2024_2025,60,12201,0,0,0.01959292650503168,0.0,0.1915922165090646,none,none
wroclaw_2024_2025,60,12202,0,0,0.01,0.0,0.1979827143792037,none,none
wroclaw_2024_2025,60,12203,0,0,0.005,0.0,0.2030623021084462,none,none
wroclaw_2024_2025,60,12204,0,0,0.009731094613259668,0.0,0.20285836712292077,none,none
wroclaw_2024_2025,60,12205,0,0,0.015,0.0,0.197661826267322,none,none
wroclaw_2024_2025,60,12206,0,0,0.015,0.0,0.1918064928176701,none,none
wroclaw_2024_2025,60,12207,0,0,0.01,0.0,0.18797724414784392,none,none
wroclaw_2024_2025,60,12208,0,0,0.014731094613259667,0.0,0.17740765060740057,none,none
wroclaw_2024_2025,60,12209,0,0,0.005,0.0,0.16391604417137098,none,none
wroclaw_2024_2025,60,12210,0,0,0.014731094613259667,0.0,0.15762760324913822,none,none
wroclaw_2024_2025,60,12211,0,0,0.004731094613259669,0.0,0.17160182661796292,none,none
wroclaw_2024_2025,60,12212,0,0,0.019462189226519336,0.0,0.1817656753100707,none,none
wroclaw_2024_2025,60,12213,0,0,0.014731094613259667,0.0,0.18537082415862935,none,none
wroclaw_2024_2025,60,12214,0,0,0.01919328383977901,0.0,0.190868264175181,none,none
wroclaw_2024_2025,60,12215,0,0,0.01922073170673063,0.0,0.1995694181748202,none,none
wroclaw_2024_2025,60,12216,0,0,0.0,0.0,0.2089674776817289,none,none
wroclaw_2024_2025,60,12217,0,0,0.0,0.0,0.2264008062052718,none,none
wroclaw_2024_2025,60,12218,0,0,0.009731094613259668,0.0,0.23248496903512114,none,none
wroclaw_2024_2025,60,12219,0,0,0.014462189226519338,0.0,0.26169916326527753,none,none
wroclaw_2024_2025,60,12220,0,0,0.009731094613259668,0.0,0.29437340177057875,none,none
wroclaw_2024_2025,60,12221,0,0,0.01919328383977901,0.0,0.30059088318556704,none,none
wroclaw_2024_2025,60,12222,0,0,0.01919328383977901,0.0,0.2938590202866173,none,none
wroclaw_2024_2025,60,12223,0,0,0.028924378453038677,0.0,0.26899306830159575,none,none
wroclaw_2024_2025,60,12224,0,0,0.014462189226519338,0.0,0.2652894744569959,none,none
wroclaw_2024_2025,60,12225,0,0,0.029324021118291344,0.0,0.26060880737597103,none,none
wroclaw_2024_2025,60,12226,0,0,0.024324021118291347,0.0,0.29168865467445043,none,none
wroclaw_2024_2025,60,12227,0,0,0.01459292650503168,0.0,0.26928618297933216,none,none
wroclaw_2024_2025,60,12228,0,0,0.009861831891772012,0.0,0.2678910218973562,none,none
wroclaw_2024_2025,60,12229,0,0,0.01,0.0,0.2584120316772975,none,none
wroclaw_2024_2025,60,12230,0,0,0.01,0.0,0.26272250200667757,none,none
wroclaw_2024_2025,60,12231,0,0,0.01922073170673063,0.0,0.2642697301961068,none,none
wroclaw_2024_2025,60,12232,0,0,0.028951826319990298,0.0,0.26155076285890255,none,none
wroclaw_2024_2025,60,12233,0,0,0.01422073170673063,0.0,0.24627531090983823,none,none
wroclaw_2024_2025,60,12234,0,0,0.005,0.0,0.24611055834906595,none,none
wroclaw_2024_2025,60,12235,0,0,0.018951826319990296,0.0,0.2524126755196954,none,none
wroclaw_2024_2025,60,12236,0,0,0.03341401554650963,0.0,0.2576964367656285,none,none
wroclaw_2024_2025,60,12237,0,0,0.05233839399954831,0.0,0.2606762844976902,none,none
wroclaw_2024_2025,60,12238,0,0,0.06771058879784936,0.0,0.2770919401664072,none,none
wroclaw_2024_2025,60,12239,0,0,0.053517304958070354,0.0,0.2593298610022383,none,none
wroclaw_2024_2025,60,12240,0,0,0.04905511573155101,0.0,0.275158119470703,none,none
wroclaw_2024_2025,60,12241,0,0,0.03459292650503168,0.0,0.2321835618357511,none,none
wroclaw_2024_2025,60,12242,0,0,0.03973109461325967,0.0,0.21241692612934857,none,none
wroclaw_2024_2025,60,12243,0,0,0.03,0.0,0.21774834135539975,none,none
wroclaw_2024_2025,60,12244,0,0,0.025,0.0,0.19959269527766027,none,none
wroclaw_2024_2025,60,12245,0,0,0.049462189226519335,0.0,0.19032489618508716,none,none
wroclaw_2024_2025,60,12246,0,0,0.039489637093470954,0.0,0.18102826395534186,none,none
wroclaw_2024_2025,60,12247,0,0,0.049489637093470956,0.0,0.18253273739882986,none,none
wroclaw_2024_2025,60,12248,0,0,0.049489637093470956,0.0,0.18687981376224105,none,none
wroclaw_2024_2025,60,12249,0,0,0.05422073170673063,0.0,0.2055485117319456,none,none
wroclaw_2024_2025,60,12250,0,0,0.044220731706730625,0.0,0.23084518511751514,none,none
wroclaw_2024_2025,60,12251,0,0,0.039489637093470954,0.0,0.22101182246258513,none,none
wroclaw_2024_2025,60,12252,0,0,0.04395182631999029,0.0,0.22792722870876048,none,none
wroclaw_2024_2025,60,12253,0,0,0.038710368800201594,0.0,0.249654790923227,none,none
wroclaw_2024_2025,60,12254,0,0,0.06827584743828163,0.0,0.23670740705298632,none,none
wroclaw_2024_2025,60,12255,0,0,0.07392437845303867,0.0,0.24062709083765146,none,none
wroclaw_2024_2025,60,12256,0,0,0.07446218922651933,0.0,0.21770560841009887,none,none
wroclaw_2024_2025,60,12257,0,0,0.08919328383977901,0.0,0.22089504935752646,none,none
wroclaw_2024_2025,60,12258,0,0,0.099193283839779,0.0,0.21400471034520427,none,none
wroclaw_2024_2025,60,12259,0,0,0.10419328383977901,0.0,0.21691106620705808,none,none
wroclaw_2024_2025,60,12260,0,0,0.11392437845303867,0.0,0.21502762938772568,none,none
wroclaw_2024_2025,60,12261,0,0,0.10892437845303866,0.0,0.21860559359562998,none,none
wroclaw_2024_2025,60,12262,0,0,0.10419328383977901,0.0,0.20990838598249775,none,none
wroclaw_2024_2025,60,12263,0,0,0.08919328383977901,0.0,0.21769965683826253,none,none
wroclaw_2024_2025,60,12264,0,0,0.07868292093324997,0.0,0.2068066094415999,none,none
wroclaw_2024_2025,60,12265,0,0,0.06368292093324997,0.0,0.20984809039840066,none,none
wroclaw_2024_2025,60,12266,0,0,0.05368292093324997,0.0,0.22510038423239273,none,none
wroclaw_2024_2025,60,12267,0,0,0.05381365821176231,0.0,0.20335863940885443,none,none
wroclaw_2024_2025,60,12268,0,0,0.033414015546509634,0.0,0.2038814323726347,none,none
wroclaw_2024_2025,60,12269,0,0,0.018813658211762306,0.0,0.2160704509979341,none,none
wroclaw_2024_2025,60,12270,0,0,0.01905511573155102,0.0,0.20484578813324725,none,none
wroclaw_2024_2025,60,12271,0,0,0.023414015546509633,0.0,0.20865387214417466,none,none
wroclaw_2024_2025,60,12272,0,0,0.009462189226519337,0.0,0.19910562085011183,none,none
wroclaw_2024_2025,60,12273,0,0,0.009220731706730628,0.0,0.1895984356095093,none,none
wroclaw_2024_2025,60,12274,0,0,0.004731094613259669,0.0,0.19114949992303612,none,none
wroclaw_2024_2025,60,12275,0,0,0.033564769862257954,0.0,0.1800022507153427,none,none
wroclaw_2024_2025,60,12276,0,0,0.009723663783544024,0.0,0.176857630978355,none,none
wroclaw_2024_2025,60,12277,0,0,0.014351468985242971,0.0,0.17988403298293268,none,none
wroclaw_2024_2025,60,12278,0,0,0.014351468985242971,0.0,0.1678405332760314,none,none
wroclaw_2024_2025,60,12279,0,0,0.01908256359850264,0.0,0.1833542219454876,none,none
wroclaw_2024_2025,60,12280,0,0,0.013951826319990297,0.0,0.1716622048243848,none,none
wroclaw_2024_2025,60,12281,0,0,0.013951826319990297,0.0,0.17169628104096188,none,none
wroclaw_2024_2025,60,12282,0,0,0.018813658211762306,0.0,0.17340490257327026,none,none
wroclaw_2024_2025,60,12283,0,0,0.018813658211762306,0.0,0.17476262898454856,none,none
wroclaw_2024_2025,60,12284,0,0,0.029082563598502635,0.0,0.18109595547364382,none,none
wroclaw_2024_2025,60,12285,0,0,0.06604133197003424,0.0,0.18259425297953435,none,none
wroclaw_2024_2025,60,12286,0,0,0.03289622181026494,0.0,0.18419419901067302,none,none
wroclaw_2024_2025,60,12287,0,0,0.01422073170673063,0.0,0.1788529008234768,none,none
wroclaw_2024_2025,60,12288,0,0,0.01905511573155102,0.0,0.18575166562389125,none,none
wroclaw_2024_2025,60,12289,0,0,0.01905511573155102,0.0,0.19788623543379918,none,none
wroclaw_2024_2025,60,12290,0,0,0.014193283839779008,0.0,0.19010041600703573,none,none
wroclaw_2024_2025,60,12291,0,0,0.009731094613259668,0.0,0.18026809305248714,none,none
wroclaw_2024_2025,60,12292,0,0,0.009731094613259668,0.0,0.1903309006466488,none,none
wroclaw_2024_2025,60,12293,0,0,0.009731094613259668,0.0,0.17707131758462094,none,none
wroclaw_2024_2025,60,12294,0,0,0.038544752825021976,0.0,0.1855872571992195,none,none
wroclaw_2024_2025,60,12295,0,0,0.0389518263199903,0.0,0.17966651504376072,none,none
wroclaw_2024_2025,60,12296,0,0,0.04935146898524297,0.0,0.18038618908635867,none,none
wroclaw_2024_2025,60,12297,0,0,0.038544752825021976,0.0,0.1780267916683759,none,none
wroclaw_2024_2025,60,12298,0,0,0.01959292650503168,0.0,0.17370932387418705,none,none
wroclaw_2024_2025,60,12299,0,0,0.014462189226519338,0.0,0.1762109269160625,none,none
wroclaw_2024_2025,60,12300,0,0,0.014462189226519338,0.0,0.17231089550436918,none,none
wroclaw_2024_2025,60,12301,0,0,0.018951826319990296,0.0,0.16422463611480947,none,none
wroclaw_2024_2025,60,12302,0,0,0.0235722006919736,0.0,0.17013857878345193,none,none
wroclaw_2024_2025,60,12303,0,0,0.005,0.0,0.16677803920122639,none,none
wroclaw_2024_2025,60,12304,0,0,0.009861831891772012,0.0,0.16413647403785436,none,none
wroclaw_2024_2025,60,12305,0,0,0.004861831891772012,0.0,0.16868350141171654,none,none
wroclaw_2024_2025,60,12306,0,0,0.053268416608565995,0.0,0.168412408944167,none,none
wroclaw_2024_2025,60,12307,0,0,0.04799951122182567,0.0,0.1659488600608716,none,none
wroclaw_2024_2025,60,12308,0,0,0.03839915388707834,0.0,0.16253281747614876,none,none
wroclaw_2024_2025,60,12309,0,0,0.03867549010353432,0.0,0.1712911950917998,none,none
wroclaw_2024_2025,60,12310,0,0,0.02867549010353432,0.0,0.19720210385041528,none,none
wroclaw_2024_2025,60,12311,0,0,0.014462189226519338,0.0,0.253010301629422,none,none
wroclaw_2024_2025,60,12312,0,0,0.013951826319990297,0.0,0.26295964474933053,none,none
wroclaw_2024_2025,60,12313,0,0,0.009462189226519337,0.0,0.2682341673864447,none,none
wroclaw_2024_2025,60,12314,0,0,0.004731094613259669,0.0,0.27579302290515023,none,none
wroclaw_2024_2025,60,12315,0,0,0.009462189226519337,0.0,0.29168418598333,none,none
wroclaw_2024_2025,60,12316,0,0,0.01919328383977901,0.0,0.28609148104945653,none,none
wroclaw_2024_2025,60,12317,0,0,0.01919328383977901,0.0,0.27871522333722176,none,none
wroclaw_2024_2025,60,12318,0,0,0.01919328383977901,0.0,0.27478123461275367,none,none
wroclaw_2024_2025,60,12319,0,0,0.019462189226519336,0.0,0.27028302035931184,none,none
wroclaw_2024_2025,60,12320,0,0,0.028924378453038677,0.0,0.25832062933863276,none,none
wroclaw_2024_2025,60,12321,0,0,0.02932402111829135,0.0,0.2869491186840431,none,none
wroclaw_2024_2025,60,12322,0,0,0.04354475282502197,0.0,0.2597530221032929,none,none
wroclaw_2024_2025,60,12323,0,0,0.029592926505031678,0.0,0.27617702028039665,none,none
wroclaw_2024_2025,60,12324,0,0,0.04408256359850264,0.0,0.27841352260430713,none,none
wroclaw_2024_2025,60,12325,0,0,0.03459292650503168,0.0,0.2462972931540502,none,none
wroclaw_2024_2025,60,12326,0,0,0.029592926505031678,0.0,0.28055629908958385,none,none
wroclaw_2024_2025,60,12327,0,0,0.024592926505031677,0.0,0.24260291995266867,none,none
wroclaw_2024_2025,60,12328,0,0,0.024592926505031677,0.0,0.25003343016618623,none,none
wroclaw_2024_2025,60,12329,0,0,0.03878621034481069,0.0,0.26492009430531926,none,none
wroclaw_2024_2025,60,12330,0,0,0.07244168341110903,0.0,0.2429123721312864,none,none
wroclaw_2024_2025,60,12331,0,0,0.05878621034481068,0.0,0.22366396044542622,none,none
wroclaw_2024_2025,60,12332,0,0,0.09271058879784935,0.0,0.21026355556347845,none,none
wroclaw_2024_2025,60,12333,0,0,0.10311766229281767,0.0,0.19915315974206466,none,none
wroclaw_2024_2025,60,12334,0,0,0.14731094613259668,0.0,0.1892493775501839,none,none
wroclaw_2024_2025,60,12335,0,0,0.15787620477302897,0.0,0.19387197298805017,none,none
wroclaw_2024_2025,60,12336,0,0,0.12231094613259667,0.0,0.1664065600362618,none,none
wroclaw_2024_2025,60,12337,0,0,0.06284875690607734,0.0,0.17074339470062616,none,none
wroclaw_2024_2025,60,12338,0,0,0.07365547306629834,0.0,0.1883546846160757,none,none
wroclaw_2024_2025,60,12339,0,0,0.10244168341110903,0.0,0.21307613855204066,none,none
wroclaw_2024_2025,60,12340,0,0,0.07838656767955801,0.0,0.19875979807501154,none,none
wroclaw_2024_2025,60,12341,0,0,0.07365547306629834,0.0,0.21384311777834844,none,none
wroclaw_2024_2025,60,12342,0,0,0.07865547306629833,0.0,0.2225414036975227,none,none
wroclaw_2024_2025,60,12343,0,0,0.07419328383977901,0.0,0.24186988500789475,none,none
wroclaw_2024_2025,60,12344,0,0,0.07419328383977901,0.0,0.21991605912138842,none,none
wroclaw_2024_2025,60,12345,0,0,0.07817255802672092,0.0,0.22334411760457287,none,none
wroclaw_2024_2025,60,12346,0,0,0.06868292093324996,0.0,0.1956657106485215,none,none
wroclaw_2024_2025,60,12347,0,0,0.07392437845303867,0.0,0.21535172841518319,none,none
wroclaw_2024_2025,60,12348,0,0,0.06392437845303867,0.0,0.21942738100032316,none,none
wroclaw_2024_2025,60,12349,0,0,0.059193283839779,0.0,0.22550160100078634,none,none
wroclaw_2024_2025,60,12350,0,0,0.10841401554650963,0.0,0.2436616703482152,none,none
wroclaw_2024_2025,60,12351,0,0,0.10317255802672091,0.0,0.2498037951695426,none,none
wroclaw_2024_2025,60,12352,0,0,0.15263474725324025,0.0,0.22121364159951692,none,none
wroclaw_2024_2025,60,12353,0,0,0.13736584186649992,0.0,0.2268171083321401,none,none
wroclaw_2024_2025,60,12354,0,0,0.15763474725324025,0.0,0.22527193748919178,none,none
wroclaw_2024_2025,60,12355,0,0,0.16682803109301925,0.0,0.23264185039961646,none,none
wroclaw_2024_2025,60,12356,0,0,0.1668005832260676,0.0,0.21882428002397608,none,none
wroclaw_2024_2025,60,12357,0,0,0.14287620477302895,0.0,0.23310895553565786,none,none
wroclaw_2024_2025,60,12358,0,0,0.15341401554650963,0.0,0.22741127450518275,none,none
wroclaw_2024_2025,60,12359,0,0,0.12787620477302897,0.0,0.2309326918576655,none,none
wroclaw_2024_2025,60,12360,0,0,0.11841401554650963,0.0,0.22576657368215286,none,none
wroclaw_2024_2025,60,12361,0,0,0.1280069420515413,0.0,0.20941258977804733,none,none
wroclaw_2024_2025,60,12362,0,0,0.10838656767955801,0.0,0.21392697308867153,none,none
wroclaw_2024_2025,60,12363,0,0,0.08365547306629834,0.0,0.21673096047615387,none,none
wroclaw_2024_2025,60,12364,0,0,0.08841401554650963,0.0,0.20123964375058964,none,none
wroclaw_2024_2025,60,12365,0,0,0.05446218922651933,0.0,0.19641287309376895,none,none
wroclaw_2024_2025,60,12366,0,0,0.03422073170673063,0.0,0.1858878575919634,none,none
wroclaw_2024_2025,60,12367,0,0,0.01,0.0,0.20386677123720567,none,none
wroclaw_2024_2025,60,12368,0,0,0.015,0.0,0.18578184458450875,none,none
wroclaw_2024_2025,60,12369,0,0,0.009731094613259668,0.0,0.20178924227888514,none,none
wroclaw_2024_2025,60,12370,0,0,0.004731094613259669,0.0,0.1996173640151187,none,none
wroclaw_2024_2025,60,12371,0,0,0.009220731706730628,0.0,0.18796080808371413,none,none
wroclaw_2024_2025,60,12372,0,0,0.009220731706730628,0.0,0.19316575182607934,none,none
wroclaw_2024_2025,60,12373,0,0,0.01422073170673063,0.0,0.2068901786177513,none,none
wroclaw_2024_2025,60,12374,0,0,0.018682920933249966,0.0,0.17952384971956453,none,none
wroclaw_2024_2025,60,12375,0,0,0.03289622181026494,0.0,0.19011485359458277,none,none
wroclaw_2024_2025,60,12376,0,0,0.009220731706730628,0.0,0.1931088323840873,none,none
wroclaw_2024_2025,60,12377,0,0,0.009220731706730628,0.0,0.2004650051345965,none,none
wroclaw_2024_2025,60,12378,0,0,0.009220731706730628,0.0,0.18150982375634048,none,none
wroclaw_2024_2025,60,12379,0,0,0.009220731706730628,0.0,0.1868341116254574,none,none
wroclaw_2024_2025,60,12380,0,0,0.01422073170673063,0.0,0.17267921621905716,none,none
wroclaw_2024_2025,60,12381,0,0,0.013951826319990297,0.0,0.17134030082095514,none,none
wroclaw_2024_2025,60,12382,0,0,0.00448963709347096,0.0,0.1697211257320646,none,none
wroclaw_2024_2025,60,12383,0,0,0.00448963709347096,0.0,0.15837980177148042,none,none
wroclaw_2024_2025,60,12384,0,0,0.013710368800201586,0.0,0.1663954317278139,none,none
wroclaw_2024_2025,60,12385,0,0,0.024220731706730628,0.0,0.1669047408153004,none,none
wroclaw_2024_2025,60,12386,0,0,0.00959292650503168,0.0,0.18689711878185689,none,none
wroclaw_2024_2025,60,12387,0,0,0.004731094613259669,0.0,0.18380675042631442,none,none
wroclaw_2024_2025,60,12388,0,0,0.009489637093470959,0.0,0.18718710931889493,none,none
wroclaw_2024_2025,60,12389,0,0,0.023710368800201588,0.0,0.18221293372788386,none,none
wroclaw_2024_2025,60,12390,0,0,0.03397927418694192,0.0,0.21668651941755213,none,none
wroclaw_2024_2025,60,12391,0,0,0.03422073170673062,0.0,0.21836975321097707,none,none
wroclaw_2024_2025,60,12392,0,0,0.05817255802672092,0.0,0.20503603898727707,none,none
wroclaw_2024_2025,60,12393,0,0,0.04344146341346126,0.0,0.18871603436095732,none,none
wroclaw_2024_2025,60,12394,0,0,0.03932402111829134,0.0,0.19525596291502395,none,none
wroclaw_2024_2025,60,12395,0,0,0.034324021118291345,0.0,0.17702361124452004,none,none
wroclaw_2024_2025,60,12396,0,0,0.01932402111829135,0.0,0.1847880134736913,none,none
wroclaw_2024_2025,60,12397,0,0,0.029055115731551017,0.0,0.17155953793312645,none,none
wroclaw_2024_2025,60,12398,0,0,0.03881365821176231,0.0,0.16535985103177697,none,none
wroclaw_2024_2025,60,12399,0,0,0.02904768490183537,0.0,0.18249210088999843,none,none
wroclaw_2024_2025,60,12400,0,0,0.01932402111829135,0.0,0.16287833641918087,none,none
wroclaw_2024_2025,60,12401,0,0,0.028813658211762308,0.0,0.16866759183634697,none,none
wroclaw_2024_2025,60,12402,0,0,0.04289622181026495,0.0,0.1727164356514456,none,none
wroclaw_2024_2025,60,12403,0,0,0.028544752825021974,0.0,0.16778840484244023,none,none
wroclaw_2024_2025,60,12404,0,0,0.02,0.0,0.17031816346372433,none,none
wroclaw_2024_2025,60,12405,0,0,0.06260729938628865,0.0,0.19085661487487623,none,none
wroclaw_2024_2025,60,12406,0,0,0.014462189226519338,0.0,0.21707944203044482,none,none
wroclaw_2024_2025,60,12407,0,0,0.009731094613259668,0.0,0.2120438662073187,none,none
wroclaw_2024_2025,60,12408,0,0,0.009462189226519337,0.0,0.20965876641825146,none,none
wroclaw_2024_2025,60,12409,0,0,0.009462189226519337,0.0,0.2398742146938523,none,none
wroclaw_2024_2025,60,12410,0,0,0.014193283839779008,0.0,0.27044954846126157,none,none
wroclaw_2024_2025,60,12411,0,0,0.018924378453038675,0.0,0.273465776984003,none,none
wroclaw_2024_2025,60,12412,0,0,0.014193283839779008,0.0,0.27406563638076314,none,none
wroclaw_2024_2025,60,12413,0,0,0.023924378453038676,0.0,0.2808339104333274,none,none
wroclaw_2024_2025,60,12414,0,0,0.028786210344810687,0.0,0.3159237412708455,none,none
wroclaw_2024_2025,60,12415,0,0,0.033786210344810684,0.0,0.31312114332469687,none,none
wroclaw_2024_2025,60,12416,0,0,0.029055115731551017,0.0,0.28140197291730523,none,none
wroclaw_2024_2025,60,12417,0,0,0.029055115731551017,0.0,0.2810011826184115,none,none
wroclaw_2024_2025,60,12418,0,0,0.033924378453038674,0.0,0.2523262230648802,none,none
wroclaw_2024_2025,60,12419,0,0,0.033924378453038674,0.0,0.2307378952861746,none,none
wroclaw_2024_2025,60,12420,0,0,0.03354475282502198,0.0,0.24479888846363693,none,none
wroclaw_2024_2025,60,12421,0,0,0.034454758396803696,0.0,0.24782535060460745,none,none
wroclaw_2024_2025,60,12422,0,0,0.03392437845303867,0.0,0.2305129070845127,none,none
wroclaw_2024_2025,60,12423,0,0,0.058240968741614385,0.0,0.22225210596754758,none,none
wroclaw_2024_2025,60,12424,0,0,0.043110231463102035,0.0,0.20345403605723494,none,none
wroclaw_2024_2025,60,12425,0,0,0.08666241511783966,0.0,0.19431477083244703,none,none
wroclaw_2024_2025,60,12426,0,0,0.0673383939995483,0.0,0.25698534153617686,none,none
wroclaw_2024_2025,60,12427,0,0,0.0531451101597693,0.0,0.25264481420745105,none,none
wroclaw_2024_2025,60,12428,0,0,0.05368292093324996,0.0,0.2366386268240266,none,none
wroclaw_2024_2025,60,12429,0,0,0.0531451101597693,0.0,0.24282069485607896,none,none
wroclaw_2024_2025,60,12430,0,0,0.0531451101597693,0.0,0.24323406391322627,none,none
wroclaw_2024_2025,60,12431,0,0,0.04365547306629835,0.0,0.2450521149733164,none,none
wroclaw_2024_2025,60,12432,0,0,0.0381451101597693,0.0,0.2626671531024731,none,none
wroclaw_2024_2025,60,12433,0,0,0.04365547306629835,0.0,0.24856475834163644,none,none
wroclaw_2024_2025,60,12434,0,0,0.04392437845303867,0.0,0.24855564581293452,none,none
wroclaw_2024_2025,60,12435,0,0,0.05392437845303867,0.0,0.23654271571125746,none,none
wroclaw_2024_2025,60,12436,0,0,0.044193283839779,0.0,0.21347118338259807,none,none
wroclaw_2024_2025,60,12437,0,0,0.04368292093324997,0.0,0.2021514519049072,none,none
wroclaw_2024_2025,60,12438,0,0,0.05841401554650963,0.0,0.21646252142429095,none,none
wroclaw_2024_2025,60,12439,0,0,0.06341401554650963,0.0,0.21628222108518907,none,none
wroclaw_2024_2025,60,12440,0,0,0.06841401554650962,0.0,0.19959041242748138,none,none
wroclaw_2024_2025,60,12441,0,0,0.06868292093324996,0.0,0.19630146582755434,none,none
wroclaw_2024_2025,60,12442,0,0,0.06395182631999029,0.0,0.19445856750689916,none,none
wroclaw_2024_2025,60,12443,0,0,0.049462189226519335,0.0,0.20509290113466305,none,none
wroclaw_2024_2025,60,12444,0,0,0.04973109461325967,0.0,0.19657631070587872,none,none
wroclaw_2024_2025,60,12445,0,0,0.05841401554650963,0.0,0.1924411163552775,none,none
wroclaw_2024_2025,60,12446,0,0,0.07422073170673063,0.0,0.18280696727626758,none,none
wroclaw_2024_2025,60,12447,0,0,0.06395182631999029,0.0,0.19091750463073778,none,none
wroclaw_2024_2025,60,12448,0,0,0.09422073170673062,0.0,0.1943692025134323,none,none
wroclaw_2024_2025,60,12449,0,0,0.10973109461325967,0.0,0.20346948123947742,none,none
wroclaw_2024_2025,60,12450,0,0,0.10446218922651934,0.0,0.19437311134673937,none,none
wroclaw_2024_2025,60,12451,0,0,0.114193283839779,0.0,0.20840114487853006,none,none
wroclaw_2024_2025,60,12452,0,0,0.11919328383977901,0.0,0.20818747527940754,none,none
wroclaw_2024_2025,60,12453,0,0,0.13392437845303867,0.0,0.22353715029956805,none,none
wroclaw_2024_2025,60,12454,0,0,0.11919328383977901,0.0,0.22501533377469768,none,none
wroclaw_2024_2025,60,12455,0,0,0.12341401554650963,0.0,0.2271912547864357,none,none
wroclaw_2024_2025,60,12456,0,0,0.11395182631999029,0.0,0.20612937023928435,none,none
wroclaw_2024_2025,60,12457,0,0,0.13344146341346125,0.0,0.20511027539257184,none,none
wroclaw_2024_2025,60,12458,0,0,0.15235841103678427,0.0,0.23328000118080483,none,none
wroclaw_2024_2025,60,12459,0,0,0.15275805370203693,0.0,0.1908909333777918,none,none
wroclaw_2024_2025,60,12460,0,0,0.13327584743828164,0.0,0.20235587456364545,none,none
wroclaw_2024_2025,60,12461,0,0,0.138386567679558,0.0,0.20964991235310818,none,none
wroclaw_2024_2025,60,12462,0,0,0.12284875690607734,0.0,0.20956302989421943,none,none
wroclaw_2024_2025,60,12463,0,0,0.13206948861280796,0.0,0.21613821750438597,none,none
wroclaw_2024_2025,60,12464,0,0,0.16760729938628863,0.0,0.22370949453688407,none,none
wroclaw_2024_2025,60,12465,0,0,0.12787620477302897,0.0,0.2219218225593115,none,none
wroclaw_2024_2025,60,12466,0,0,0.13311766229281768,0.0,0.2520549722938019,none,none
wroclaw_2024_2025,60,12467,0,0,0.12811766229281768,0.0,0.26198624488482053,none,none
wroclaw_2024_2025,60,12468,0,0,0.098386567679558,0.0,0.2639563242926342,none,none
wroclaw_2024_2025,60,12469,0,0,0.07865547306629833,0.0,0.28120417986537277,none,none
wroclaw_2024_2025,60,12470,0,0,0.07868292093324997,0.0,0.27046902827107283,none,none
wroclaw_2024_2025,60,12471,0,0,0.07368292093324996,0.0,0.26030814070624564,none,none
wroclaw_2024_2025,60,12472,0,0,0.06446218922651933,0.0,0.2547950273979016,none,none
wroclaw_2024_2025,60,12473,0,0,0.07811766229281768,0.0,0.25576782085804245,none,none
wroclaw_2024_2025,60,12474,0,0,0.049462189226519335,0.0,0.26457498857833145,none,none
wroclaw_2024_2025,60,12475,0,0,0.08709693647975959,0.0,0.25857007351908556,none,none
wroclaw_2024_2025,60,12476,0,0,0.05341401554650964,0.0,0.2617664577142209,none,none
wroclaw_2024_2025,60,12477,0,0,0.04803438991849293,0.0,0.22311557349093397,none,none
wroclaw_2024_2025,60,12478,0,0,0.06266219512019187,0.0,0.23573474416722423,none,none
wroclaw_2024_2025,60,12479,0,0,0.051882926826922506,0.0,0.23170252576261166,none,none
wroclaw_2024_2025,60,12480,0,0,0.02935146898524297,0.0,0.22306965771550769,none,none
wroclaw_2024_2025,60,12481,0,0,0.02435146898524297,0.0,0.2187062489617868,none,none
wroclaw_2024_2025,60,12482,0,0,0.02973109461325967,0.0,0.22307994526794542,none,none
wroclaw_2024_2025,60,12483,0,0,0.043200005893672545,0.0,0.2145813336913499,none,none
wroclaw_2024_2025,60,12484,0,0,0.02397927418694192,0.0,0.21232904517778445,none,none
wroclaw_2024_2025,60,12485,0,0,0.009731094613259668,0.0,0.22305036710598938,none,none
wroclaw_2024_2025,60,12486,0,0,0.005,0.0,0.20553476532822276,none,none
wroclaw_2024_2025,60,12487,0,0,0.0377654845317526,0.0,0.20883747586204413,none,none
wroclaw_2024_2025,60,12488,0,0,0.00448963709347096,0.0,0.19959276694996192,none,none
wroclaw_2024_2025,60,12489,0,0,0.014193283839779008,0.0,0.19463650178502978,none,none
wroclaw_2024_2025,60,12490,0,0,0.004861831891772012,0.0,0.19673157770657412,none,none
wroclaw_2024_2025,60,12491,0,0,0.009462189226519337,0.0,0.20275223106809906,none,none
wroclaw_2024_2025,60,12492,0,0,0.014193283839779008,0.0,0.1870371038614386,none,none
wroclaw_2024_2025,60,12493,0,0,0.014193283839779008,0.0,0.1908824254822951,none,none
wroclaw_2024_2025,60,12494,0,0,0.009220731706730628,0.0,0.19291785737760492,none,none
wroclaw_2024_2025,60,12495,0,0,0.00448963709347096,0.0,0.17358107596488553,none,none
wroclaw_2024_2025,60,12496,0,0,0.009462189226519337,0.0,0.15766422352085654,none,none
wroclaw_2024_2025,60,12497,0,0,0.023786210344810686,0.0,0.18271457053500054,none,none
wroclaw_2024_2025,60,12498,0,0,0.03827584743828164,0.0,0.17045728433825294,none,none
wroclaw_2024_2025,60,12499,0,0,0.039193283839779006,0.0,0.1716063244582558,none,none
wroclaw_2024_2025,60,12500,0,0,0.034462189226519335,0.0,0.17566533214079072,none,none
wroclaw_2024_2025,60,12501,0,0,0.03473109461325967,0.0,0.1885829462798617,none,none
wroclaw_2024_2025,60,12502,0,0,0.04341401554650963,0.0,0.22461954248132382,none,none
wroclaw_2024_2025,60,12503,0,0,0.024193283839779003,0.0,0.22361944013953214,none,none
wroclaw_2024_2025,60,12504,0,0,0.024462189226519337,0.0,0.2291871856169787,none,none
wroclaw_2024_2025,60,12505,0,0,0.028924378453038677,0.0,0.22562703653780403,none,none
wroclaw_2024_2025,60,12506,0,0,0.033924378453038674,0.0,0.23278016793890163,none,none
wroclaw_2024_2025,60,12507,0,0,0.024462189226519337,0.0,0.24790024081547435,none,none
wroclaw_2024_2025,60,12508,0,0,0.03892437845303867,0.0,0.2396099731890332,none,none
wroclaw_2024_2025,60,12509,0,0,0.038655473066298345,0.0,0.23128413070943474,none,none
wroclaw_2024_2025,60,12510,0,0,0.024193283839779003,0.0,0.24222438635826204,none,none
wroclaw_2024_2025,60,12511,0,0,0.023924378453038676,0.0,0.23067049671639767,none,none
wroclaw_2024_2025,60,12512,0,0,0.02892437845303867,0.0,0.22303732695194414,none,none
wroclaw_2024_2025,60,12513,0,0,0.04392437845303867,0.0,0.23093393379091567,none,none
wroclaw_2024_2025,60,12514,0,0,0.02973109461325967,0.0,0.21764801528131134,none,none
wroclaw_2024_2025,60,12515,0,0,0.02922073170673063,0.0,0.21421316176005442,none,none
wroclaw_2024_2025,60,12516,0,0,0.06257985151933701,0.0,0.2206037935808774,none,none
wroclaw_2024_2025,60,12517,0,0,0.07284875690607734,0.0,0.23879272918200753,none,none
wroclaw_2024_2025,60,12518,0,0,0.09666241511783966,0.0,0.27127352673499794,none,none
wroclaw_2024_2025,60,12519,0,0,0.09730351530288103,0.0,0.27098875665094435,none,none
wroclaw_2024_2025,60,12520,0,0,0.126793152396352,0.0,0.23590028265454194,none,none
wroclaw_2024_2025,60,12521,0,0,0.10717277802436868,0.0,0.22108252075008852,none,none
wroclaw_2024_2025,60,12522,0,0,0.06668986298479126,0.0,0.2175438949705663,none,none
wroclaw_2024_2025,60,12523,0,0,0.05695876837153161,0.0,0.2076333930482788,none,none
wroclaw_2024_2025,60,12524,0,0,0.09061424143782994,0.0,0.18854593842148737,none,none
wroclaw_2024_2025,60,12525,0,0,0.09575240954605793,0.0,0.16867641504097583,none,none
wroclaw_2024_2025,60,12526,0,0,0.08284875690607735,0.0,0.173212942847403,none,none
wroclaw_2024_2025,60,12527,0,0,0.10257242068962136,0.0,0.17318985557935926,none,none
wroclaw_2024_2025,60,12528,0,0,0.0736480422365827,0.0,0.17933648097916308,none,none
wroclaw_2024_2025,60,12529,0,0,0.07790365263998059,0.0,0.1735591189767617,none,none
wroclaw_2024_2025,60,12530,0,0,0.09300694205154131,0.0,0.16176665429278322,none,none
wroclaw_2024_2025,60,12531,0,0,0.1198898688784638,0.0,0.17049542467543072,none,none
wroclaw_2024_2025,60,12532,0,0,0.15475913159995147,0.0,0.1728779792015872,none,none
wroclaw_2024_2025,60,12533,0,0,0.13959351562477187,0.0,0.16747886210025162,none,none
wroclaw_2024_2025,60,12534,0,0,0.09155912570627894,0.0,0.15779648426763768,none,none
wroclaw_2024_2025,60,12535,0,0,0.11209693647975959,0.0,0.16567226464232698,none,none
wroclaw_2024_2025,60,12536,0,0,0.09811766229281767,0.0,0.18349478820224205,none,none
wroclaw_2024_2025,60,12537,0,0,0.113386567679558,0.0,0.18284101933370758,none,none
wroclaw_2024_2025,60,12538,0,0,0.083386567679558,0.0,0.18197272228868228,none,none
wroclaw_2024_2025,60,12539,0,0,0.09760729938628863,0.0,0.17530396084394093,none,none
wroclaw_2024_2025,60,12540,0,0,0.09368292093324997,0.0,0.16971155563338736,none,none
wroclaw_2024_2025,60,12541,0,0,0.10787620477302896,0.0,0.1740167333327852,none,none
wroclaw_2024_2025,60,12542,0,0,0.09317255802672092,0.0,0.18134380300845662,none,none
wroclaw_2024_2025,60,12543,0,0,0.11790365263998058,0.0,0.18888693500437104,none,none
wroclaw_2024_2025,60,12544,0,0,0.11324839957133002,0.0,0.18101837163479872,none,none
wroclaw_2024_2025,60,12545,0,0,0.114193283839779,0.0,0.16693961621385606,none,none
wroclaw_2024_2025,60,12546,0,0,0.13392437845303867,0.0,0.16285865281753606,none,none
wroclaw_2024_2025,60,12547,0,0,0.14300694205154132,0.0,0.1751470894067608,none,none
wroclaw_2024_2025,60,12548,0,0,0.15784875690607733,0.0,0.17441187089898916,none,none
wroclaw_2024_2025,60,12549,0,0,0.15865547306629835,0.0,0.18020713839122904,none,none
wroclaw_2024_2025,60,12550,0,0,0.143386567679558,0.0,0.19358838568215275,none,none
wroclaw_2024_2025,60,12551,0,0,0.11814511015976929,0.0,0.20339691623037726,none,none
wroclaw_2024_2025,60,12552,0,0,0.10895182631999029,0.0,0.20148289275157016,none,none
wroclaw_2024_2025,60,12553,0,0,0.1431725580267209,0.0,0.20635044190387963,none,none
wroclaw_2024_2025,60,12554,0,0,0.13787620477302898,0.0,0.2042825272146826,none,none
wroclaw_2024_2025,60,12555,0,0,0.10787620477302896,0.0,0.23156204997379357,none,none
wroclaw_2024_2025,60,12556,0,0,0.09814511015976929,0.0,0.2163147600872796,none,none
wroclaw_2024_2025,60,12557,0,0,0.09787620477302898,0.0,0.2257256622656162,none,none
wroclaw_2024_2025,60,12558,0,0,0.10287620477302896,0.0,0.2393080009477677,none,none
wroclaw_2024_2025,60,12559,0,0,0.08260729938628865,0.0,0.23243293516013033,none,none
wroclaw_2024_2025,60,12560,0,0,0.048655473066298346,0.0,0.2383202999983511,none,none
wroclaw_2024_2025,60,12561,0,0,0.04392437845303867,0.0,0.23435419185751852,none,none
wroclaw_2024_2025,60,12562,0,0,0.034462189226519335,0.0,0.22693426181458978,none,none
wroclaw_2024_2025,60,12563,0,0,0.014731094613259667,0.0,0.2390733093671369,none,none
wroclaw_2024_2025,60,12564,0,0,0.014731094613259667,0.0,0.2399701540625027,none,none
wroclaw_2024_2025,60,12565,0,0,0.014731094613259667,0.0,0.23670586852408199,none,none
wroclaw_2024_2025,60,12566,0,0,0.053414015546509624,0.0,0.227803604102499,none,none
wroclaw_2024_2025,60,12567,0,0,0.04300694205154131,0.0,0.23797991863820364,none,none
wroclaw_2024_2025,60,12568,0,0,0.023813658211762307,0.0,0.25871109842949425,none,none
wroclaw_2024_2025,60,12569,0,0,0.009731094613259668,0.0,0.23172049837192765,none,none
wroclaw_2024_2025,60,12570,0,0,0.018813658211762306,0.0,0.22770528312290195,none,none
wroclaw_2024_2025,60,12571,0,0,0.009462189226519337,0.0,0.21318129886582315,none,none
wroclaw_2024_2025,60,12572,0,0,0.009462189226519337,0.0,0.1948291070750969,none,none
wroclaw_2024_2025,60,12573,0,0,0.004731094613259669,0.0,0.17438019597163526,none,none
wroclaw_2024_2025,60,12574,0,0,0.009220731706730628,0.0,0.1915614818921917,none,none
wroclaw_2024_2025,60,12575,0,0,0.018441463413461253,0.0,0.18832072324137852,none,none
wroclaw_2024_2025,60,12576,0,0,0.03263474725324026,0.0,0.19067348452198632,none,none
wroclaw_2024_2025,60,12577,0,0,0.023172558026720927,0.0,0.17911889432175937,none,none
wroclaw_2024_2025,60,12578,0,0,0.01422073170673063,0.0,0.18400787516838102,none,none
wroclaw_2024_2025,60,12579,0,0,0.06155912570627893,0.0,0.17313223424400215,none,none
wroclaw_2024_2025,60,12580,0,0,0.033951826319990296,0.0,0.1733326709666091,none,none
wroclaw_2024_2025,60,12581,0,0,0.029489637093470956,0.0,0.16620138914807797,none,none
wroclaw_2024_2025,60,12582,0,0,0.01922073170673063,0.0,0.17851536863655348,none,none
wroclaw_2024_2025,60,12583,0,0,0.028951826319990298,0.0,0.1674583891957446,none,none
wroclaw_2024_2025,60,12584,0,0,0.02922073170673063,0.0,0.1739275856534546,none,none
wroclaw_2024_2025,60,12585,0,0,0.028951826319990298,0.0,0.1597064826310676,none,none
wroclaw_2024_2025,60,12586,0,0,0.037931100506932214,0.0,0.1709382600883039,none,none
wroclaw_2024_2025,60,12587,0,0,0.023441463413461257,0.0,0.15809090962456518,none,none
wroclaw_2024_2025,60,12588,0,0,0.018951826319990296,0.0,0.1543308111076165,none,none
wroclaw_2024_2025,60,12589,0,0,0.01871036880020159,0.0,0.147591208739132,none,none
wroclaw_2024_2025,60,12590,0,0,0.013979274186941918,0.0,0.14825257761847171,none,none
wroclaw_2024_2025,60,12591,0,0,0.01948963709347096,0.0,0.14810004042905459,none,none
wroclaw_2024_2025,60,12592,0,0,0.013979274186941918,0.0,0.14425107314353586,none,none
wroclaw_2024_2025,60,12593,0,0,0.018979274186941918,0.0,0.14268196235583153,none,none
wroclaw_2024_2025,60,12594,0,0,0.01948963709347096,0.0,0.15369619536013776,none,none
wroclaw_2024_2025,60,12595,0,0,0.029193283839779004,0.0,0.15138416693909396,none,none
wroclaw_2024_2025,60,12596,0,0,0.04392437845303867,0.0,0.14651142606476208,none,none
wroclaw_2024_2025,60,12597,0,0,0.0720969364797596,0.0,0.15489882465182847,none,none
wroclaw_2024_2025,60,12598,0,0,0.033441463413461256,0.0,0.19055809837147447,none,none
wroclaw_2024_2025,60,12599,0,0,0.05368292093324996,0.0,0.20098481031363988,none,none
wroclaw_2024_2025,60,12600,0,0,0.04392437845303867,0.0,0.21335056427630214,none,none
wroclaw_2024_2025,60,12601,0,0,0.03892437845303867,0.0,0.22391490838975026,none,none
wroclaw_2024_2025,60,12602,0,0,0.034193283839779,0.0,0.21956592136307593,none,none
wroclaw_2024_2025,60,12603,0,0,0.028924378453038677,0.0,0.2454221120088753,none,none
wroclaw_2024_2025,60,12604,0,0,0.028924378453038677,0.0,0.2614797519455259,none,none
wroclaw_2024_2025,60,12605,0,0,0.05324839957133002,0.0,0.2955288070523968,none,none
wroclaw_2024_2025,60,12606,0,0,0.06273803666480098,0.0,0.29396145832339643,none,none
wroclaw_2024_2025,60,12607,0,0,0.06297949418458969,0.0,0.28159630700780264,none,none
wroclaw_2024_2025,60,12608,0,0,0.05324839957133002,0.0,0.2593000769601686,none,none
wroclaw_2024_2025,60,12609,0,0,0.03338656767955801,0.0,0.2741986742698016,none,none
wroclaw_2024_2025,60,12610,0,0,0.03338656767955801,0.0,0.3066895019232582,none,none
wroclaw_2024_2025,60,12611,0,0,0.04311766229281768,0.0,0.28805133509103137,none,none
wroclaw_2024_2025,60,12612,0,0,0.03338656767955801,0.0,0.27535963802803126,none,none
wroclaw_2024_2025,60,12613,0,0,0.04811766229281767,0.0,0.2454681039076795,none,none
wroclaw_2024_2025,60,12614,0,0,0.053386567679558,0.0,0.27056397798312143,none,none
wroclaw_2024_2025,60,12615,0,0,0.05797949418458969,0.0,0.26245324414146204,none,none
wroclaw_2024_2025,60,12616,0,0,0.05720022589132032,0.0,0.244334395693344,none,none
wroclaw_2024_2025,60,12617,0,0,0.06771058879784936,0.0,0.2268609983780008,none,none
wroclaw_2024_2025,60,12618,0,0,0.07260729938628864,0.0,0.221493819071335,none,none
wroclaw_2024_2025,60,12619,0,0,0.09217277802436868,0.0,0.2584511944804699,none,none
wroclaw_2024_2025,60,12620,0,0,0.08744168341110901,0.0,0.22872929181206705,none,none
wroclaw_2024_2025,60,12621,0,0,0.10204204074585635,0.0,0.2516817178559841,none,none
wroclaw_2024_2025,60,12622,0,0,0.09257985151933701,0.0,0.24180753708073874,none,none
wroclaw_2024_2025,60,12623,0,0,0.08284875690607736,0.0,0.2414899773094141,none,none
wroclaw_2024_2025,60,12624,0,0,0.09231094613259667,0.0,0.24955845425752818,none,none
wroclaw_2024_2025,60,12625,0,0,0.10731094613259667,0.0,0.23881139130147558,none,none
wroclaw_2024_2025,60,12626,0,0,0.10865547306629834,0.0,0.22883783939103916,none,none
wroclaw_2024_2025,60,12627,0,0,0.10892437845303866,0.0,0.21296121410488786,none,none
wroclaw_2024_2025,60,12628,0,0,0.13340658471679398,0.0,0.17917828077316653,none,none
wroclaw_2024_2025,60,12629,0,0,0.09330329530523325,0.0,0.1795998483300915,none,none
wroclaw_2024_2025,60,12630,0,0,0.0934340325837456,0.0,0.17713754663176065,none,none
wroclaw_2024_2025,60,12631,0,0,0.059220731706730624,0.0,0.18454101214476745,none,none
wroclaw_2024_2025,60,12632,1,0,0.05422073170673063,0.1,0.1866554984470442,rain,none
wroclaw_2024_2025,60,12633,1,0,0.06290365263998059,0.1,0.18416729004272095,rain,none
wroclaw_2024_2025,60,12634,1,0,0.10577985741300956,0.8,0.20471054483993495,rain,none
wroclaw_2024_2025,60,12635,1,0,0.11970423586604824,0.5,0.220068692163714,rain,none
wroclaw_2024_2025,60,12636,0,0,0.03760729938628864,0.0,0.24239056511158918,none,none
wroclaw_2024_2025,60,12637,0,0,0.023414015546509633,0.0,0.2313544785916102,none,none
wroclaw_2024_2025,60,12638,1,0,0.0281451101597693,0.1,0.235093161692451,rain,none
wroclaw_2024_2025,60,12639,0,0,0.0281451101597693,0.0,0.23835053475374787,none,none
wroclaw_2024_2025,60,12640,0,0,0.009489637093470959,0.0,0.2159362384876682,none,none
wroclaw_2024_2025,60,12641,0,0,0.015,0.0,0.2005598685748076,none,none
wroclaw_2024_2025,60,12642,0,0,0.0281451101597693,0.0,0.21132844159008404,none,none
wroclaw_2024_2025,60,12643,0,0,0.004731094613259669,0.0,0.20419991177073962,none,none
wroclaw_2024_2025,60,12644,0,0,0.009731094613259668,0.0,0.22381123583180612,none,none
wroclaw_2024_2025,60,12645,0,0,0.009731094613259668,0.0,0.22383300516054433,none,none
wroclaw_2024_2025,60,12646,0,0,0.034193283839779,0.0,0.2226267980038479,none,none
wroclaw_2024_2025,60,12647,0,0,0.024731094613259667,0.0,0.2304994129800995,none,none
wroclaw_2024_2025,60,12648,0,0,0.029462189226519334,0.0,0.24039482042485577,none,none
wroclaw_2024_2025,60,12649,0,0,0.019462189226519336,0.0,0.22519017579252076,none,none
wroclaw_2024_2025,60,12650,0,0,0.058786210344810685,0.0,0.2066010313896291,none,none
wroclaw_2024_2025,60,12651,0,0,0.053117662292817676,0.0,0.20513988061107588,none,none
wroclaw_2024_2025,60,12652,0,0,0.038655473066298345,0.0,0.2132468794413642,none,none
wroclaw_2024_2025,60,12653,0,0,0.028544752825021974,0.0,0.21958502655073203,none,none
wroclaw_2024_2025,60,12654,0,0,0.06263474725324027,0.0,0.21360015601045595,none,none
wroclaw_2024_2025,60,12655,0,0,0.08206948861280797,0.0,0.22750848765954135,none,none
wroclaw_2024_2025,60,12656,1,0,0.05263474725324025,0.2,0.20075739241623622,rain,none
wroclaw_2024_2025,60,12657,1,0,0.04300694205154131,0.2,0.20183113806728656,rain,none
wroclaw_2024_2025,60,12658,0,0,0.04749657914501228,0.0,0.21003829197686644,none,none
wroclaw_2024_2025,60,12659,0,0,0.028303295305233265,0.0,0.1956893370988703,none,none
wroclaw_2024_2025,60,12660,1,0,0.164649340132145,0.1,0.2115275332642362,rain,none
wroclaw_2024_2025,60,12661,0,0,0.20440045178264069,0.0,0.20291986583501703,none,none
wroclaw_2024_2025,60,12662,0,0,0.0,0.0,0.18200066763819397,none,none
wroclaw_2024_2025,60,12663,0,0,0.0,0.0,0.17455946312451392,none,none
wroclaw_2024_2025,60,12664,0,0,0.21064168930478158,0.0,0.19088402218668235,none,none
wroclaw_2024_2025,60,12665,0,0,0.0,0.0,0.18534727425055647,none,none
wroclaw_2024_2025,60,12666,0,0,0.0,0.0,0.1886239022767023,none,none
wroclaw_2024_2025,60,12667,0,0,0.0,0.0,0.18055076089153096,none,none
wroclaw_2024_2025,60,12668,0,0,0.024462189226519337,0.0,0.20187504891963262,none,none
wroclaw_2024_2025,60,12669,0,0,0.029351468985242973,0.0,0.20626410161541234,none,none
wroclaw_2024_2025,60,12670,0,0,0.024462189226519337,0.0,0.1984760648480254,none,none
wroclaw_2024_2025,60,12671,0,0,0.023951826319990297,0.0,0.18886023157684365,none,none
wroclaw_2024_2025,60,12672,0,0,0.03303438991849294,0.0,0.18517915904523377,none,none
wroclaw_2024_2025,60,12673,0,0,0.029055115731551017,0.0,0.16445872164555733,none,none
wroclaw_2024_2025,60,12674,0,0,0.038655473066298345,0.0,0.1712690637721918,none,none
wroclaw_2024_2025,60,12675,0,0,0.03865547306629834,0.0,0.15468327754458364,none,none
wroclaw_2024_2025,60,12676,0,0,0.03878621034481069,0.0,0.16053565957603372,none,none
wroclaw_2024_2025,60,12677,0,0,0.029193283839779004,0.0,0.15781080442963127,none,none
wroclaw_2024_2025,60,12678,0,0,0.062200225891320314,0.0,0.15391557830000183,none,none
wroclaw_2024_2025,60,12679,0,0,0.03367549010353432,0.0,0.15200148542285233,none,none
wroclaw_2024_2025,60,12680,0,0,0.03317255802672092,0.0,0.15904029226598412,none,none
wroclaw_2024_2025,60,12681,0,0,0.009489637093470959,0.0,0.1500623356279101,none,none
wroclaw_2024_2025,60,12682,0,0,0.009220731706730628,0.0,0.13751381297914225,none,none
wroclaw_2024_2025,60,12683,1,0,0.018924378453038675,0.1,0.13457623641605515,rain,none
wroclaw_2024_2025,60,12684,1,0,0.00959292650503168,0.3,0.12966327605249756,rain,none
wroclaw_2024_2025,60,12685,1,0,0.004731094613259669,0.4,0.13255670750993342,rain,none
wroclaw_2024_2025,60,12686,1,0,0.0281451101597693,0.4,0.1420191410829641,rain,none
wroclaw_2024_2025,60,12687,1,0,0.18563425847506593,0.7,0.1378155063440866,rain,none
wroclaw_2024_2025,60,12688,1,0,0.16628278948982295,1.0,0.15297143198415228,rain,none
wroclaw_2024_2025,60,12689,1,0,0.12236584186649992,0.8,0.1607526814019772,rain,none
wroclaw_2024_2025,60,12690,1,1,0.279965710423073,0.3,0.19276495518028608,rain,rain
wroclaw_2024_2025,60,12691,1,1,0.35101388410308265,0.3,0.2033370867212302,rain,rain
wroclaw_2024_2025,60,12692,1,1,0.332069488612808,0.3,0.19649798482560435,rain,rain
wroclaw_2024_2025,60,12693,1,1,0.4002346158098133,0.2,0.17573861087407702,rain,rain
wroclaw_2024_2025,60,12694,1,1,0.35614462138159503,0.2,0.17533095576984511,rain,rain
wroclaw_2024_2025,60,12695,1,1,0.3534271908737702,0.4,0.16000988615533138,rain,rain
wroclaw_2024_2025,60,12696,1,1,0.349827542314845,0.4,0.14979425111685202,rain,rain
wroclaw_2024_2025,60,12697,1,1,0.270476073329602,0.4,0.14479668822533226,rain,rain
wroclaw_2024_2025,60,12698,1,1,0.26495827959335727,0.5,0.15154893517840606,rain,rain
wroclaw_2024_2025,60,12699,1,1,0.23560681060811436,0.6,0.1684323751775572,rain,rain
wroclaw_2024_2025,60,12700,1,0,0.20955863692810467,0.7,0.183617091459677,rain,none
wroclaw_2024_2025,60,12701,1,0,0.22367607922327454,0.6,0.17258654588206077,rain,none
wroclaw_2024_2025,60,12702,1,0,0.1643171794083159,0.4,0.18578768668422255,rain,none
wroclaw_2024_2025,60,12703,1,0,0.18513132639825255,0.3,0.18094948481746434,rain,none
wroclaw_2024_2025,60,12704,1,0,0.16451767408016277,0.3,0.17783593067625497,rain,none
wroclaw_2024_2025,60,12705,1,0,0.15564168930478156,0.3,0.17819711744822084,rain,none
wroclaw_2024_2025,60,12706,1,0,0.16590316386180626,0.3,0.18359494599946377,rain,none
wroclaw_2024_2025,60,12707,1,0,0.1820969364797596,0.3,0.18147802048027153,rain,none
wroclaw_2024_2025,60,12708,1,1,0.29915899426285203,0.3,0.17290661032133367,rain,rain
wroclaw_2024_2025,60,12709,1,1,0.3629726524746144,0.2,0.161608290968364,rain,rain
wroclaw_2024_2025,60,12710,1,1,0.40266886839120686,0.1,0.16721286062697674,rain,rain
wroclaw_2024_2025,60,12711,1,1,0.2681866621274515,0.2,0.16264657715658573,rain,rain
wroclaw_2024_2025,60,12712,1,1,0.2681866621274515,0.3,0.16258407008914608,rain,rain
wroclaw_2024_2025,60,12713,1,0,0.18849044621085895,0.4,0.1599100996030969,rain,none
wroclaw_2024_2025,60,12714,1,0,0.11144840546500256,0.4,0.15566711409407866,rain,none
wroclaw_2024_2025,60,12715,1,1,0.24051095202626932,0.4,0.1603302868523589,rain,rain
wroclaw_2024_2025,60,12716,1,1,0.2710138841030827,0.4,0.16071907815168665,rain,rain
wroclaw_2024_2025,60,12717,1,0,0.18182060026330363,0.4,0.16976086875407292,rain,none
wroclaw_2024_2025,60,12718,1,0,0.184531189061153,0.4,0.17656989281858337,rain,none
wroclaw_2024_2025,60,12719,1,0,0.14087571599485463,0.3,0.17926346175430927,rain,none
wroclaw_2024_2025,60,12720,1,0,0.15087571599485464,0.3,0.17262888815603347,mixed,none
wroclaw_2024_2025,60,12721,1,0,0.1265516948765633,0.3,0.16856213265508804,mixed,none
wroclaw_2024_2025,60,12722,1,0,0.21604876279974994,0.3,0.17254081101974755,mixed,none
wroclaw_2024_2025,60,12723,1,1,0.24129022031953867,0.3,0.16590119948612372,mixed,mixed
wroclaw_2024_2025,60,12724,1,1,0.24048350415931768,0.4,0.1666369437582839,mixed,snow
wroclaw_2024_2025,60,12725,1,1,0.2610064532733671,0.2,0.16584246494265573,mixed,snow
wroclaw_2024_2025,60,12726,1,1,0.23590316386180632,0.2,0.15535791806124527,mixed,snow
wroclaw_2024_2025,60,12727,1,0,0.21434462727526757,0.3,0.1375423844442425,mixed,none
wroclaw_2024_2025,60,12728,1,0,0.15037278391804124,0.3,0.15502668565640434,mixed,none
wroclaw_2024_2025,60,12729,1,0,0.18773862578454117,0.2,0.15861514408301233,mixed,none
wroclaw_2024_2025,60,12730,1,0,0.11577985741300954,0.2,0.14721014002826177,mixed,none
wroclaw_2024_2025,60,12731,1,0,0.12655912570627892,0.2,0.1498569222505768,mixed,none
wroclaw_2024_2025,60,12732,1,0,0.15117950007826222,0.2,0.15183732197368122,mixed,none
wroclaw_2024_2025,60,12733,1,0,0.19978657946690312,0.1,0.1484628470048126,mixed,none
wroclaw_2024_2025,60,12734,1,0,0.15655169487656329,0.1,0.14584243703123362,mixed,none
wroclaw_2024_2025,60,12735,1,0,0.1027654845317526,0.1,0.1357335358460327,mixed,none
wroclaw_2024_2025,60,12736,1,0,0.09198621623848323,0.1,0.14263417749598373,rain,none
wroclaw_2024_2025,60,12737,1,0,0.0859105946915219,0.1,0.14746575440074297,rain,none
wroclaw_2024_2025,60,12738,1,0,0.08131023735677458,0.1,0.14938128208041795,rain,none
wroclaw_2024_2025,60,12739,1,0,0.0958347531469128,0.2,0.14535260733371794,rain,none
wroclaw_2024_2025,60,12740,1,0,0.13032439024038375,0.2,0.14411017256383352,rain,none
wroclaw_2024_2025,60,12741,1,0,0.11212438434671121,0.1,0.1506369104516074,rain,none
wroclaw_2024_2025,60,12742,0,0,0.059220731706730624,0.0,0.15497923727106994,none,none
wroclaw_2024_2025,60,12743,0,0,0.15604133197003425,0.0,0.1488166173066742,none,none
wroclaw_2024_2025,60,12744,0,0,0.10789622181026495,0.0,0.14570811961938118,none,none
wroclaw_2024_2025,60,12745,0,0,0.07854475282502198,0.0,0.16032981541782862,none,none
wroclaw_2024_2025,60,12746,0,1,0.32510387853130096,0.0,0.153152549078886,none,rain
wroclaw_2024_2025,60,12747,0,1,0.22720022589132036,0.0,0.15573099597854934,none,rain
wroclaw_2024_2025,60,12748,0,1,0.23107621066670156,0.0,0.15131478943023577,none,rain
wroclaw_2024_2025,60,12749,0,0,0.04816512719700528,0.0,0.14577301074571172,none,none
wroclaw_2024_2025,60,12750,0,0,0.04445475839680369,0.0,0.14661326996049914,none,none
wroclaw_2024_2025,60,12751,0,0,0.01986183189177201,0.0,0.15277307155528944,none,none
wroclaw_2024_2025,60,12752,0,0,0.03972366378354402,0.0,0.14655973216016346,none,none
wroclaw_2024_2025,60,12753,0,0,0.02945475839680369,0.0,0.13589522617395233,none,none
wroclaw_2024_2025,60,12754,0,0,0.03404768490183537,0.0,0.12583127530279756,none,none
wroclaw_2024_2025,60,12755,0,0,0.038406584716793986,0.0,0.1342488892940957,none,none
wroclaw_2024_2025,60,12756,0,0,0.039055115731551016,0.0,0.1354611189676979,none,none
wroclaw_2024_2025,60,12757,0,0,0.029213300877014983,0.0,0.1231489491542755,none,none
wroclaw_2024_2025,60,12758,0,0,0.03945475839680369,0.0,0.11935748893818522,none,none
wroclaw_2024_2025,60,12759,0,0,0.024592926505031684,0.0,0.1192394853834734,none,none
wroclaw_2024_2025,60,12760,0,0,0.04432402111829134,0.0,0.12060493093247338,none,none
wroclaw_2024_2025,60,12761,0,0,0.03486183189177201,0.0,0.1169533828887586,none,none
wroclaw_2024_2025,60,12762,0,0,0.03486183189177201,0.0,0.12009935351715907,none,none
wroclaw_2024_2025,60,12763,0,0,0.03486183189177201,0.0,0.1329488392489537,none,none
wroclaw_2024_2025,60,12764,0,0,0.034351468985242974,0.0,0.1337979136594913,none,none
wroclaw_2024_2025,60,12765,0,0,0.03408256359850264,0.0,0.15790080869397385,none,none
wroclaw_2024_2025,60,12766,0,0,0.05367549010353432,0.0,0.16267949273335616,none,none
wroclaw_2024_2025,60,12767,0,0,0.02945475839680369,0.0,0.14664365988581543,none,none
wroclaw_2024_2025,60,12768,0,0,0.02932402111829135,0.0,0.13974538461785235,none,none
wroclaw_2024_2025,60,12769,0,0,0.02932402111829135,0.0,0.1441542085380199,none,none
wroclaw_2024_2025,60,12770,0,0,0.03904768490183537,0.0,0.1378298250786284,none,none
wroclaw_2024_2025,60,12771,0,0,0.038916947623323025,0.0,0.12771208318035215,none,none
wroclaw_2024_2025,60,12772,0,0,0.047758053702036965,0.0,0.13107894947373744,none,none
wroclaw_2024_2025,60,12773,0,0,0.03367549010353432,0.0,0.1260293619168262,none,none
wroclaw_2024_2025,60,12774,0,0,0.033813658211762306,0.0,0.13251894002822992,none,none
wroclaw_2024_2025,60,12775,0,0,0.03817255802672092,0.0,0.1353634492488862,none,none
wroclaw_2024_2025,60,12776,0,0,0.033924378453038674,0.0,0.1344897779679298,none,none
wroclaw_2024_2025,60,12777,0,0,0.04865547306629834,0.0,0.12448049498331781,none,none
wroclaw_2024_2025,60,12778,0,0,0.029193283839779007,0.0,0.12245710634249832,none,none
wroclaw_2024_2025,60,12779,0,0,0.019462189226519336,0.0,0.13487493761347188,none,none
wroclaw_2024_2025,60,12780,0,0,0.023951826319990297,0.0,0.1339494888661199,none,none
wroclaw_2024_2025,60,12781,0,0,0.019220731706730627,0.0,0.13372542808329285,none,none
wroclaw_2024_2025,60,12782,0,0,0.00448963709347096,0.0,0.12869502663631224,none,none
wroclaw_2024_2025,60,12783,0,0,0.0,0.0,0.139332671199218,none,none
wroclaw_2024_2025,60,12784,0,0,0.0,0.0,0.14485349889203047,none,none
wroclaw_2024_2025,60,12785,0,0,0.0,0.0,0.13785228880994138,none,none
wroclaw_2024_2025,60,12786,0,0,0.00448963709347096,0.0,0.12481280001928848,none,none
wroclaw_2024_2025,60,12787,0,0,0.00448963709347096,0.0,0.12173021130509486,none,none
wroclaw_2024_2025,60,12788,0,0,0.023441463413461257,0.0,0.13803686725967074,none,none
wroclaw_2024_2025,60,12789,0,0,0.019220731706730627,0.0,0.1467392433442861,none,none
wroclaw_2024_2025,60,12790,0,0,0.02371036880020159,0.0,0.15054388326278367,none,none
wroclaw_2024_2025,60,12791,0,0,0.048813658211762305,0.0,0.1780876022251442,none,none
wroclaw_2024_2025,60,12792,0,0,0.04854475282502198,0.0,0.2045223285303575,none,none
wroclaw_2024_2025,60,12793,0,0,0.05273803666480098,0.0,0.23288646285247294,none,none
wroclaw_2024_2025,60,12794,0,0,0.05827584743828163,0.0,0.2369600165866428,none,none
wroclaw_2024_2025,60,12795,0,0,0.029055115731551017,0.0,0.21917434504654026,none,none
wroclaw_2024_2025,60,12796,0,0,0.024454758396803694,0.0,0.2300816261081453,none,none
wroclaw_2024_2025,60,12797,1,0,0.024055115731551016,0.1,0.22877318373691397,rain,none
wroclaw_2024_2025,60,12798,1,0,0.038517304958070354,0.1,0.20364104880078251,rain,none
wroclaw_2024_2025,60,12799,1,0,0.04905511573155102,0.1,0.1923048945807048,rain,none
wroclaw_2024_2025,60,12800,1,0,0.03354475282502198,0.1,0.1704097392827718,rain,none
wroclaw_2024_2025,60,12801,1,1,0.2920900947697843,0.1,0.17718683867082657,rain,rain
wroclaw_2024_2025,60,12802,1,1,0.264317179408316,0.1,0.17266705758439055,rain,rain
wroclaw_2024_2025,60,12803,1,0,0.21195876837153166,0.1,0.17768094710243323,rain,none
wroclaw_2024_2025,60,12804,1,1,0.2507998744502456,0.1,0.17736719514724691,rain,rain
wroclaw_2024_2025,60,12805,1,1,0.2614484054650026,0.1,0.17013673207621807,rain,rain
wroclaw_2024_2025,60,12806,1,0,0.1863102373567746,0.1,0.15120869830463277,rain,none
wroclaw_2024_2025,60,12807,1,0,0.196006453273367,0.1,0.15153496748046405,rain,none
wroclaw_2024_2025,60,12808,1,0,0.17138607890138371,0.1,0.1626806369885514,rain,none
wroclaw_2024_2025,60,12809,1,1,0.23077242658329397,0.1,0.1792387613121081,rain,rain
wroclaw_2024_2025,60,12810,0,1,0.29420645916703964,0.0,0.18262672972909919,none,rain
wroclaw_2024_2025,60,12811,0,1,0.3392339070339913,0.0,0.19016329523736478,none,rain
wroclaw_2024_2025,60,12812,0,0,0.09813767933005366,0.0,0.18195531329314105,none,none
wroclaw_2024_2025,60,12813,0,0,0.10300694205154132,0.0,0.18301978181000747,none,none
wroclaw_2024_2025,60,12814,0,0,0.08634511605344183,0.0,0.1748234519930654,none,none
wroclaw_2024_2025,60,12815,0,0,0.16583475314691282,0.0,0.16494768832082493,none,none
wroclaw_2024_2025,60,12816,1,0,0.16693132050457998,0.1,0.1538107093363061,rain,none
wroclaw_2024_2025,60,12817,1,0,0.0685722006919736,0.1,0.14892036151451568,rain,none
wroclaw_2024_2025,60,12818,0,0,0.059185853010063356,0.0,0.15252177785259693,none,none
wroclaw_2024_2025,60,12819,0,0,0.04905511573155102,0.0,0.15534472801128854,none,none
wroclaw_2024_2025,60,12820,0,0,0.03303438991849294,0.0,0.17149086927172066,none,none
wroclaw_2024_2025,60,12821,0,0,0.09184061730053958,0.0,0.1764413891350725,none,none
wroclaw_2024_2025,60,12822,0,1,0.27037278391804137,0.0,0.1633894748494986,none,rain
wroclaw_2024_2025,60,12823,0,0,0.17653167783932733,0.0,0.14784208594220652,none,none
wroclaw_2024_2025,60,12824,0,0,0.2063935097310994,0.0,0.14690811451499752,none,none
wroclaw_2024_2025,60,12825,0,0,0.07749657914501228,0.0,0.1375495526779545,none,none
wroclaw_2024_2025,60,12826,0,0,0.08733096316983266,0.0,0.13722957129247476,none,none
wroclaw_2024_2025,60,12827,0,0,0.08249657914501228,0.0,0.1319745516002965,none,none
wroclaw_2024_2025,60,12828,0,0,0.10208950565004395,0.0,0.1383875021305426,none,none
wroclaw_2024_2025,60,12829,0,0,0.0688136582117623,0.0,0.13233347374835688,none,none
wroclaw_2024_2025,60,12830,0,0,0.06765476429047625,0.0,0.1322077965916941,none,none
wroclaw_2024_2025,60,12831,0,0,0.05816512719700527,0.0,0.13645210705546448,none,none
wroclaw_2024_2025,60,12832,0,0,0.053434032583745614,0.0,0.14485116366936093,none,none
wroclaw_2024_2025,60,12833,0,0,0.029193283839779007,0.0,0.13866615093226223,none,none
wroclaw_2024_2025,60,12834,0,0,0.014731094613259667,0.0,0.13617289945068842,none,none
wroclaw_2024_2025,60,12835,0,0,0.019462189226519336,0.0,0.14087951254602532,none,none
wroclaw_2024_2025,60,12836,0,0,0.024055115731551016,0.0,0.14141021298894585,none,none
wroclaw_2024_2025,60,12837,0,0,0.019462189226519336,0.0,0.13902449422104374,none,none
wroclaw_2024_2025,60,12838,0,0,0.03368292093324996,0.0,0.1482858301642832,none,none
wroclaw_2024_2025,60,12839,0,0,0.029220731706730625,0.0,0.1513642568065216,none,none
wroclaw_2024_2025,60,12840,0,0,0.028951826319990298,0.0,0.15588956014802205,none,none
wroclaw_2024_2025,60,12841,0,0,0.01422073170673063,0.0,0.1461166868416961,none,none
wroclaw_2024_2025,60,12842,0,0,0.00959292650503168,0.0,0.1435651496288444,none,none
wroclaw_2024_2025,60,12843,0,0,0.009861831891772012,0.0,0.1402980873243538,none,none
wroclaw_2024_2025,60,12844,0,0,0.02918585301006336,0.0,0.14908917743626235,none,none
wroclaw_2024_2025,60,12845,0,0,0.01905511573155102,0.0,0.14099500136894236,none,none
wroclaw_2024_2025,60,12846,0,0,0.00959292650503168,0.0,0.1327725711179446,none,none
wroclaw_2024_2025,60,12847,0,0,0.01919328383977901,0.0,0.14257113265807855,none,none
wroclaw_2024_2025,60,12848,0,0,0.019731094613259666,0.0,0.13243291675213908,none,none
wroclaw_2024_2025,60,12849,0,0,0.02830329530523327,0.0,0.1345742486203631,none,none
wroclaw_2024_2025,60,12850,0,0,0.01422073170673063,0.0,0.1315178589648812,none,none
wroclaw_2024_2025,60,12851,0,0,0.004731094613259669,0.0,0.1322286223570513,none,none
wroclaw_2024_2025,60,12852,0,0,0.004861831891772012,0.0,0.13163275206834762,none,none
wroclaw_2024_2025,60,12853,0,0,0.038517304958070354,0.0,0.1297070535912422,none,none
wroclaw_2024_2025,60,12854,0,0,0.014462189226519338,0.0,0.13055445143915725,none,none
wroclaw_2024_2025,60,12855,0,0,0.028924378453038677,0.0,0.12630922054581706,none,none
wroclaw_2024_2025,60,12856,0,0,0.01919328383977901,0.0,0.1290813320738156,none,none
wroclaw_2024_2025,60,12857,0,0,0.009462189226519337,0.0,0.13374222285819987,none,none
wroclaw_2024_2025,60,12858,0,0,0.01919328383977901,0.0,0.1284052118755022,none,none
wroclaw_2024_2025,60,12859,0,0,0.03368292093324996,0.0,0.1260712600884784,none,none
wroclaw_2024_2025,60,12860,0,0,0.01422073170673063,0.0,0.1343664342230039,none,none
wroclaw_2024_2025,60,12861,0,0,0.005,0.0,0.1291491577964133,none,none
wroclaw_2024_2025,60,12862,0,0,0.02884110607871393,0.0,0.1262011494615116,none,none
wroclaw_2024_2025,60,12863,0,0,0.004861831891772012,0.0,0.12243534901777539,none,none
wroclaw_2024_2025,60,12864,0,0,0.01459292650503168,0.0,0.12504102656242042,none,none
wroclaw_2024_2025,60,12865,0,0,0.01459292650503168,0.0,0.12717485557122774,none,none
wroclaw_2024_2025,60,12866,0,0,0.014454758396803692,0.0,0.11285684708636602,none,none
wroclaw_2024_2025,60,12867,0,0,0.004731094613259669,0.0,0.11796270707271793,none,none
wroclaw_2024_2025,60,12868,0,0,0.005,0.0,0.12228959696400035,none,none
wroclaw_2024_2025,60,12869,0,0,0.0,0.0,0.11768258839085224,none,none
wroclaw_2024_2025,60,12870,0,0,0.009731094613259668,0.0,0.1168765709739092,none,none
wroclaw_2024_2025,60,12871,0,0,0.005,0.0,0.11411808455347712,none,none
wroclaw_2024_2025,60,12872,0,0,0.0,0.0,0.12134730968725863,none,none
wroclaw_2024_2025,60,12873,0,0,0.005,0.0,0.11775930741941393,none,none
wroclaw_2024_2025,60,12874,0,0,0.0,0.0,0.11570140435077082,none,none
wroclaw_2024_2025,60,12875,0,0,0.009861831891772012,0.0,0.11867164514726398,none,none
wroclaw_2024_2025,60,12876,0,0,0.004861831891772012,0.0,0.12168350693483129,none,none
wroclaw_2024_2025,60,12877,0,0,0.0,0.0,0.12624733645641928,none,none
wroclaw_2024_2025,60,12878,0,0,0.0,0.0,0.12059845150666264,none,none
wroclaw_2024_2025,60,12879,0,0,0.0,0.0,0.1266097429287463,none,none
wroclaw_2024_2025,60,12880,0,0,0.0,0.0,0.13581516977728822,none,none
wroclaw_2024_2025,60,12881,0,0,0.0,0.0,0.1385646123783578,none,none
wroclaw_2024_2025,60,12882,0,0,0.0,0.0,0.12447819981926941,none,none
wroclaw_2024_2025,60,12883,0,0,0.009489637093470959,0.0,0.13708537884353325,none,none
wroclaw_2024_2025,60,12884,0,0,0.01422073170673063,0.0,0.14201268260728936,none,none
wroclaw_2024_2025,60,12885,0,0,0.014193283839779008,0.0,0.13222653112695357,none,none
wroclaw_2024_2025,60,12886,0,0,0.018924378453038675,0.0,0.15662245751408985,none,none
wroclaw_2024_2025,60,12887,0,0,0.018682920933249966,0.0,0.1682054730137511,none,none
wroclaw_2024_2025,60,12888,0,0,0.009731094613259668,0.0,0.1857331389747931,none,none
wroclaw_2024_2025,60,12889,0,0,0.0,0.0,0.21365732514313177,none,none
wroclaw_2024_2025,60,12890,0,0,0.004731094613259669,0.0,0.2515467132252297,none,none
wroclaw_2024_2025,60,12891,0,0,0.004731094613259669,0.0,0.2645048141847124,none,none
wroclaw_2024_2025,60,12892,0,0,0.0,0.0,0.2326502261801449,none,none
wroclaw_2024_2025,60,12893,0,0,0.01,0.0,0.23376917924801904,none,none
wroclaw_2024_2025,60,12894,0,0,0.028924378453038677,0.0,0.2277682370424909,none,none
wroclaw_2024_2025,60,12895,0,0,0.028924378453038677,0.0,0.22261876149543625,none,none
wroclaw_2024_2025,60,12896,0,0,0.02368292093324997,0.0,0.23661896864678894,none,none
wroclaw_2024_2025,60,12897,0,0,0.018951826319990296,0.0,0.21040453134736478,none,none
wroclaw_2024_2025,60,12898,0,0,0.018951826319990296,0.0,0.20533380151474848,none,none
wroclaw_2024_2025,60,12899,0,0,0.018951826319990296,0.0,0.21046373952352576,none,none
wroclaw_2024_2025,60,12900,0,0,0.005,0.0,0.1956084503970789,none,none
wroclaw_2024_2025,60,12901,0,0,0.0,0.0,0.19483126762317518,none,none
wroclaw_2024_2025,60,12902,0,0,0.004731094613259669,0.0,0.21260711668514296,none,none
wroclaw_2024_2025,60,12903,0,0,0.009731094613259668,0.0,0.2179598522570688,none,none
wroclaw_2024_2025,60,12904,0,0,0.004731094613259669,0.0,0.21125408125495967,none,none
wroclaw_2024_2025,60,12905,0,0,0.0,0.0,0.19700712822584232,none,none
wroclaw_2024_2025,60,12906,0,0,0.0,0.0,0.22052902515142256,none,none
wroclaw_2024_2025,60,12907,0,0,0.0,0.0,0.2272504481126571,none,none
wroclaw_2024_2025,60,12908,0,0,0.0,0.0,0.21726354918062818,none,none
wroclaw_2024_2025,60,12909,0,0,0.0,0.0,0.20480235975801725,none,none
wroclaw_2024_2025,60,12910,0,0,0.0,0.0,0.17546688781483885,none,none
wroclaw_2024_2025,60,12911,0,0,0.0,0.0,0.1848238044561364,none,none
wroclaw_2024_2025,60,12912,0,0,0.0,0.0,0.16386387460291246,none,none
wroclaw_2024_2025,60,12913,0,0,0.0,0.0,0.1661063811152246,none,none
wroclaw_2024_2025,60,12914,0,0,0.00448963709347096,0.0,0.1492235557488127,none,none
wroclaw_2024_2025,60,12915,0,0,0.0,0.0,0.15037016991992758,none,none
wroclaw_2024_2025,60,12916,0,0,0.0,0.0,0.15360670429248813,none,none
wroclaw_2024_2025,60,12917,0,0,0.0,0.0,0.15305368161586358,none,none
wroclaw_2024_2025,60,12918,0,0,0.0,0.0,0.16559739034142032,none,none
wroclaw_2024_2025,60,12919,0,0,0.0,0.0,0.1526757856629001,none,none
wroclaw_2024_2025,60,12920,0,0,0.004731094613259669,0.0,0.15256600193103712,none,none
wroclaw_2024_2025,60,12921,0,0,0.0,0.0,0.14710066263049246,none,none
wroclaw_2024_2025,60,12922,0,0,0.0,0.0,0.15424890989238627,none,none
wroclaw_2024_2025,60,12923,0,0,0.0,0.0,0.16891722304289197,none,none
wroclaw_2024_2025,60,12924,0,0,0.0,0.0,0.1901027764580957,none,none
wroclaw_2024_2025,60,12925,0,0,0.0,0.0,0.19584267690047422,none,none
wroclaw_2024_2025,60,12926,0,0,0.004731094613259669,0.0,0.1858594641476307,none,none
wroclaw_2024_2025,60,12927,0,0,0.01905511573155102,0.0,0.1910492753857821,none,none
wroclaw_2024_2025,60,12928,0,0,0.004861831891772012,0.0,0.18285111614645755,none,none
wroclaw_2024_2025,60,12929,0,0,0.01432402111829135,0.0,0.19201028945343143,none,none
wroclaw_2024_2025,60,12930,0,0,0.004731094613259669,0.0,0.18187742847287436,none,none
wroclaw_2024_2025,60,12931,0,0,0.004731094613259669,0.0,0.1861987400845623,none,none
wroclaw_2024_2025,60,12932,0,0,0.004731094613259669,0.0,0.18234216497560277,none,none
wroclaw_2024_2025,60,12933,0,0,0.004731094613259669,0.0,0.17628538294519486,none,none
wroclaw_2024_2025,60,12934,0,0,0.009462189226519337,0.0,0.186772535021633,none,none
wroclaw_2024_2025,60,12935,0,0,0.00959292650503168,0.0,0.17101340623229558,none,none
wroclaw_2024_2025,60,12936,0,0,0.0,0.0,0.15657491532232298,none,none
wroclaw_2024_2025,60,12937,0,0,0.0,0.0,0.16127072126575068,none,none
wroclaw_2024_2025,60,12938,0,0,0.0,0.0,0.1615801073939446,none,none
wroclaw_2024_2025,60,12939,0,0,0.0,0.0,0.15488752081107016,none,none
wroclaw_2024_2025,60,12940,0,0,0.0,0.0,0.1535078626844731,none,none
wroclaw_2024_2025,60,12941,0,0,0.0,0.0,0.15162960602364844,none,none
wroclaw_2024_2025,60,12942,0,0,0.03368292093324996,0.0,0.14659340972860452,none,none
wroclaw_2024_2025,60,12943,0,0,0.005,0.0,0.1542813346117914,none,none
wroclaw_2024_2025,60,12944,0,0,0.005,0.0,0.16306506429431183,none,none
wroclaw_2024_2025,60,12945,0,0,0.005,0.0,0.1594830872645181,none,none
wroclaw_2024_2025,60,12946,0,0,0.01448963709347096,0.0,0.14924942540508937,none,none
wroclaw_2024_2025,60,12947,0,0,0.009489637093470959,0.0,0.15264630902515336,none,none
wroclaw_2024_2025,60,12948,0,0,0.005,0.0,0.13436138752673135,none,none
wroclaw_2024_2025,60,12949,0,0,0.005,0.0,0.13272916609727323,none,none
wroclaw_2024_2025,60,12950,0,0,0.005,0.0,0.12921076911169369,none,none
wroclaw_2024_2025,60,12951,0,0,0.005,0.0,0.1229185990431597,none,none
wroclaw_2024_2025,60,12952,0,0,0.005,0.0,0.13127599815441277,none,none
wroclaw_2024_2025,60,12953,0,0,0.0,0.0,0.12915083246895356,none,none
wroclaw_2024_2025,60,12954,0,0,0.0,0.0,0.14489461208274426,none,none
wroclaw_2024_2025,60,12955,0,0,0.0,0.0,0.14599419020185195,none,none
wroclaw_2024_2025,60,12956,0,0,0.0,0.0,0.16085327126733098,none,none
wroclaw_2024_2025,60,12957,0,0,0.0,0.0,0.1495724295236946,none,none
wroclaw_2024_2025,60,12958,0,0,0.0,0.0,0.15249031882691244,none,none
wroclaw_2024_2025,60,12959,0,0,0.0,0.0,0.14506075386467748,none,none
wroclaw_2024_2025,60,12960,0,0,0.0,0.0,0.12847331206528304,none,none
wroclaw_2024_2025,60,12961,0,0,0.0,0.0,0.12936312312061773,none,none
wroclaw_2024_2025,60,12962,0,0,0.0,0.0,0.1297563738820211,none,none
wroclaw_2024_2025,60,12963,0,0,0.0,0.0,0.12200689960637544,none,none
wroclaw_2024_2025,60,12964,0,0,0.0,0.0,0.12112439442890145,none,none
wroclaw_2024_2025,60,12965,0,0,0.0,0.0,0.12256805972957617,none,none
wroclaw_2024_2025,60,12966,0,0,0.0,0.0,0.123914615481258,none,none
wroclaw_2024_2025,60,12967,0,0,0.004731094613259669,0.0,0.12627732052936635,none,none
wroclaw_2024_2025,60,12968,0,0,0.004731094613259669,0.0,0.13472202976599593,none,none
wroclaw_2024_2025,60,12969,0,0,0.004731094613259669,0.0,0.12900462427403558,none,none
wroclaw_2024_2025,60,12970,0,0,0.004731094613259669,0.0,0.1261630508077625,none,none
wroclaw_2024_2025,60,12971,0,0,0.004731094613259669,0.0,0.13005619325259504,none,none
wroclaw_2024_2025,60,12972,0,0,0.004731094613259669,0.0,0.12439842337483556,none,none
wroclaw_2024_2025,60,12973,0,0,0.009731094613259668,0.0,0.1217116420332476,none,none
wroclaw_2024_2025,60,12974,0,0,0.009731094613259668,0.0,0.12525628011108664,none,none
wroclaw_2024_2025,60,12975,0,0,0.0,0.0,0.1198834511825255,none,none
wroclaw_2024_2025,60,12976,0,0,0.0,0.0,0.1327244091455473,none,none
wroclaw_2024_2025,60,12977,0,0,0.0,0.0,0.1283987671583113,none,none
wroclaw_2024_2025,60,12978,0,0,0.0,0.0,0.13010178315218948,none,none
wroclaw_2024_2025,60,12979,0,0,0.0,0.0,0.12986147883307794,none,none
wroclaw_2024_2025,60,12980,0,0,0.013710368800201586,0.0,0.13550915545867062,none,none
wroclaw_2024_2025,60,12981,0,0,0.00448963709347096,0.0,0.14118307379293113,none,none
wroclaw_2024_2025,60,12982,0,0,0.00448963709347096,0.0,0.1520236604022154,none,none
wroclaw_2024_2025,60,12983,0,0,0.0,0.0,0.17527766771408734,none,none
wroclaw_2024_2025,60,12984,0,0,0.0,0.0,0.19711771973102557,none,none
wroclaw_2024_2025,60,12985,0,0,0.004731094613259669,0.0,0.213672047414094,none,none
wroclaw_2024_2025,60,12986,0,0,0.004731094613259669,0.0,0.22174018041535754,none,none
wroclaw_2024_2025,60,12987,0,0,0.004731094613259669,0.0,0.22527689558798009,none,none
wroclaw_2024_2025,60,12988,0,0,0.004731094613259669,0.0,0.23941465720155747,none,none
wroclaw_2024_2025,60,12989,0,0,0.004731094613259669,0.0,0.25076830865505517,none,none
wroclaw_2024_2025,60,12990,0,0,0.004731094613259669,0.0,0.27600906636012595,none,none
wroclaw_2024_2025,60,12991,0,0,0.009731094613259668,0.0,0.28703156211936237,none,none
wroclaw_2024_2025,60,12992,0,0,0.009220731706730628,0.0,0.32828407813653476,none,none
wroclaw_2024_2025,60,12993,0,0,0.009220731706730628,0.0,0.3275347925109609,none,none
wroclaw_2024_2025,60,12994,0,0,0.004731094613259669,0.0,0.3279637758273522,none,none
wroclaw_2024_2025,60,12995,0,0,0.009462189226519337,0.0,0.3035788981432954,none,none
wroclaw_2024_2025,60,12996,0,0,0.0,0.0,0.31540778406624964,none,none
wroclaw_2024_2025,60,12997,0,0,0.004731094613259669,0.0,0.3028439268701439,none,none
wroclaw_2024_2025,60,12998,0,0,0.009462189226519337,0.0,0.27902445758201866,none,none
wroclaw_2024_2025,60,12999,0,0,0.005,0.0,0.3157155552023432,none,none
wroclaw_2024_2025,60,13000,0,0,0.005,0.0,0.2845496614102267,none,none
wroclaw_2024_2025,60,13001,0,0,0.005,0.0,0.3063814476613183,none,none
wroclaw_2024_2025,60,13002,0,0,0.005,0.0,0.3167605530596943,none,none
wroclaw_2024_2025,60,13003,0,0,0.009731094613259668,0.0,0.30243574201914797,none,none
wroclaw_2024_2025,60,13004,0,0,0.014462189226519338,0.0,0.29682148504798045,none,none
wroclaw_2024_2025,60,13005,0,0,0.005,0.0,0.28728449379776494,none,none
wroclaw_2024_2025,60,13006,0,0,0.005,0.0,0.24797978893012232,none,none
wroclaw_2024_2025,60,13007,0,0,0.0,0.0,0.22333605486398903,none,none
wroclaw_2024_2025,60,13008,0,0,0.014462189226519338,0.0,0.20871737023163303,none,none
wroclaw_2024_2025,60,13009,0,0,0.014462189226519338,0.0,0.2156905641874293,none,none
wroclaw_2024_2025,60,13010,0,0,0.0,0.0,0.21814301533701988,none,none
wroclaw_2024_2025,60,13011,0,0,0.004731094613259669,0.0,0.21028168912999834,none,none
wroclaw_2024_2025,60,13012,0,0,0.009731094613259668,0.0,0.20966512885628785,none,none
wroclaw_2024_2025,60,13013,0,0,0.004731094613259669,0.0,0.2097867066772476,none,none
wroclaw_2024_2025,60,13014,0,0,0.004731094613259669,0.0,0.2174602300639576,none,none
wroclaw_2024_2025,60,13015,0,0,0.005,0.0,0.2337738738167953,none,none
wroclaw_2024_2025,60,13016,0,0,0.004731094613259669,0.0,0.21913685351100975,none,none
wroclaw_2024_2025,60,13017,0,0,0.005,0.0,0.20773910553835978,none,none
wroclaw_2024_2025,60,13018,0,0,0.009861831891772012,0.0,0.21434478958979483,none,none
wroclaw_2024_2025,60,13019,0,0,0.0,0.0,0.21395124473367083,none,none
wroclaw_2024_2025,60,13020,0,0,0.0,0.0,0.19836078166411947,none,none
wroclaw_2024_2025,60,13021,0,0,0.0,0.0,0.19163914014087877,none,none
wroclaw_2024_2025,60,13022,0,0,0.004861831891772012,0.0,0.2070713777135046,none,none
wroclaw_2024_2025,60,13023,0,0,0.00448963709347096,0.0,0.2288685826947806,none,none
wroclaw_2024_2025,60,13024,0,0,0.0,0.0,0.20077587119477172,none,none
wroclaw_2024_2025,60,13025,0,0,0.004731094613259669,0.0,0.20497060157004063,none,none
wroclaw_2024_2025,60,13026,0,0,0.004731094613259669,0.0,0.20709049122237375,none,none
wroclaw_2024_2025,60,13027,0,0,0.004731094613259669,0.0,0.20608616132549565,none,none
wroclaw_2024_2025,60,13028,0,0,0.004731094613259669,0.0,0.2072739534004675,none,none
wroclaw_2024_2025,60,13029,0,0,0.0,0.0,0.19252367531446285,none,none
wroclaw_2024_2025,60,13030,0,0,0.019731094613259666,0.0,0.18693498874690861,none,none
wroclaw_2024_2025,60,13031,0,0,0.014462189226519338,0.0,0.1835032614768876,none,none
wroclaw_2024_2025,60,13032,0,0,0.028682920933249964,0.0,0.18797811654578675,none,none
wroclaw_2024_2025,60,13033,0,0,0.01932402111829135,0.0,0.17677428636919362,none,none
wroclaw_2024_2025,60,13034,0,0,0.06354475282502198,0.0,0.21389705987973942,none,none
wroclaw_2024_2025,60,13035,0,0,0.038544752825021976,0.0,0.2163563615974635,none,none
wroclaw_2024_2025,60,13036,0,0,0.03392437845303867,0.0,0.20029580924105866,none,none
wroclaw_2024_2025,60,13037,0,0,0.028951826319990298,0.0,0.20121006497171628,none,none
wroclaw_2024_2025,60,13038,0,0,0.019462189226519336,0.0,0.20763030262193527,none,none
wroclaw_2024_2025,60,13039,0,0,0.005,0.0,0.20755377127962404,none,none
wroclaw_2024_2025,60,13040,0,0,0.004731094613259669,0.0,0.20320177429966485,none,none
wroclaw_2024_2025,60,13041,0,0,0.0,0.0,0.20908308757770386,none,none
wroclaw_2024_2025,60,13042,0,0,0.0,0.0,0.21105463507694272,none,none
wroclaw_2024_2025,60,13043,0,0,0.0,0.0,0.20150621800211566,none,none
wroclaw_2024_2025,60,13044,0,0,0.004731094613259669,0.0,0.19863313373054134,none,none
wroclaw_2024_2025,60,13045,0,0,0.004731094613259669,0.0,0.20046377892699951,none,none
wroclaw_2024_2025,60,13046,0,0,0.004731094613259669,0.0,0.195877567224161,none,none
wroclaw_2024_2025,60,13047,0,0,0.009731094613259668,0.0,0.21065013968592253,none,none
wroclaw_2024_2025,60,13048,0,0,0.014731094613259667,0.0,0.2015426901627081,none,none
wroclaw_2024_2025,60,13049,0,0,0.05854475282502197,0.0,0.19738894936274654,none,none
wroclaw_2024_2025,60,13050,0,0,0.06324839957133002,0.0,0.20246885201446513,none,none
wroclaw_2024_2025,60,13051,0,0,0.1222002258913203,0.0,0.2279309891440126,none,none
wroclaw_2024_2025,60,13052,0,0,0.13668986298479127,0.0,0.21009140280118316,none,none
wroclaw_2024_2025,60,13053,0,0,0.11206205778309233,0.0,0.19467168808779234,none,none
wroclaw_2024_2025,60,13054,1,0,0.09182803109301928,0.1,0.20543938381738075,rain,none
wroclaw_2024_2025,60,13055,0,0,0.08273803666480099,0.0,0.17766492436154674,none,none
wroclaw_2024_2025,60,13056,1,0,0.09155912570627893,0.1,0.18011867339462787,rain,none
wroclaw_2024_2025,60,13057,1,0,0.11577985741300954,0.2,0.1790636246392818,rain,none
wroclaw_2024_2025,60,13058,1,1,0.277489737435037,0.3,0.2228666017180115,mixed,rain
wroclaw_2024_2025,60,13059,1,0,0.07225512162522357,0.2,0.18816707457134854,mixed,none
wroclaw_2024_2025,60,13060,1,0,0.12077242658329392,0.1,0.15050799710828025,snow,none
wroclaw_2024_2025,60,13061,0,0,0.10246913127806065,0.0,0.16729516493802624,none,none
wroclaw_2024_2025,60,13062,0,0,0.161793152396352,0.0,0.15651446193174925,none,none
wroclaw_2024_2025,60,13063,0,0,0.16531788818413798,0.0,0.15717676924588792,none,none
wroclaw_2024_2025,60,13064,0,0,0.1470346099161407,0.0,0.1566351016611932,none,none
wroclaw_2024_2025,60,13065,0,0,0.07631023735677457,0.0,0.1574064344455617,none,none
wroclaw_2024_2025,60,13066,0,0,0.023951826319990297,0.0,0.15388154168474194,none,none
wroclaw_2024_2025,60,13067,0,0,0.013951826319990297,0.0,0.163279170847911,none,none
wroclaw_2024_2025,60,13068,0,0,0.06790365263998059,0.0,0.17469225012770812,none,none
wroclaw_2024_2025,60,13069,0,0,0.06263474725324025,0.0,0.18420616056365957,none,none
wroclaw_2024_2025,60,13070,0,0,0.06273803666480098,0.0,0.20237226341848996,none,none
wroclaw_2024_2025,60,13071,0,0,0.06222767375827194,0.0,0.2439504031006752,none,none
wroclaw_2024_2025,60,13072,0,0,0.08722767375827195,0.0,0.22521905925251054,none,none
wroclaw_2024_2025,60,13073,0,0,0.08607621066670151,0.0,0.24408578819131663,none,none
wroclaw_2024_2025,60,13074,0,0,0.10139350973109933,0.0,0.21728771877975064,none,none
wroclaw_2024_2025,60,13075,0,0,0.0912902203195386,0.0,0.21525513063427687,none,none
wroclaw_2024_2025,60,13076,0,0,0.0470969364797596,0.0,0.22903098789927717,none,none
wroclaw_2024_2025,60,13077,0,0,0.018951826319990296,0.0,0.18174096159429035,none,none
wroclaw_2024_2025,60,13078,0,0,0.009220731706730628,0.0,0.17700195371618194,none,none
wroclaw_2024_2025,60,13079,0,0,0.0,0.0,0.15743743172218536,none,none
wroclaw_2024_2025,60,13080,0,0,0.0,0.0,0.15524152701417857,none,none
wroclaw_2024_2025,60,13081,0,0,0.0,0.0,0.1591063047368143,none,none
wroclaw_2024_2025,60,13082,0,0,0.005,0.0,0.14276335245598534,none,none
wroclaw_2024_2025,60,13083,0,0,0.005,0.0,0.15011883148859934,none,none
wroclaw_2024_2025,60,13084,0,0,0.005,0.0,0.16072386688609963,none,none
wroclaw_2024_2025,60,13085,0,0,0.0,0.0,0.15816808988120437,none,none
wroclaw_2024_2025,60,13086,0,0,0.0,0.0,0.21030867449291596,none,none
wroclaw_2024_2025,60,13087,0,0,0.005,0.0,0.2321875367177038,none,none
wroclaw_2024_2025,60,13088,0,0,0.005,0.0,0.24331229909032362,none,none
wroclaw_2024_2025,60,13089,0,0,0.009731094613259668,0.0,0.2383283548708108,none,none
wroclaw_2024_2025,60,13090,0,0,0.005,0.0,0.2465558684504492,none,none
wroclaw_2024_2025,60,13091,0,0,0.01,0.0,0.24410478399395022,none,none
wroclaw_2024_2025,60,13092,0,0,0.005,0.0,0.23952280948417598,none,none
wroclaw_2024_2025,60,13093,0,0,0.01,0.0,0.2188552710711898,none,none
wroclaw_2024_2025,60,13094,1,0,0.005,0.1,0.20792515318805202,snow,none
wroclaw_2024_2025,60,13095,0,0,0.005,0.0,0.19910292383306444,none,none
wroclaw_2024_2025,60,13096,0,0,0.01,0.0,0.18483567690535305,none,none
wroclaw_2024_2025,60,13097,0,0,0.01,0.0,0.20856147591834065,none,none
wroclaw_2024_2025,60,13098,0,0,0.005,0.0,0.24842940851306927,none,none
wroclaw_2024_2025,60,13099,0,0,0.048117662292817685,0.0,0.25363455266416385,none,none
wroclaw_2024_2025,60,13100,0,0,0.04317255802672092,0.0,0.2279897641423027,none,none
wroclaw_2024_2025,60,13101,0,0,0.033951826319990296,0.0,0.19106424128369223,none,none
wroclaw_2024_2025,60,13102,0,0,0.024731094613259667,0.0,0.16759428714844993,none,none
wroclaw_2024_2025,60,13103,0,0,0.029462189226519334,0.0,0.17507780618350677,none,none
wroclaw_2024_2025,60,13104,0,0,0.024731094613259667,0.0,0.17618563408327018,none,none
wroclaw_2024_2025,60,13105,0,0,0.029462189226519334,0.0,0.18224526596548032,none,none
wroclaw_2024_2025,60,13106,0,0,0.01,0.0,0.175142631540176,none,none
wroclaw_2024_2025,60,13107,0,0,0.01,0.0,0.1736193124434662,none,none
wroclaw_2024_2025,60,13108,0,0,0.01922073170673063,0.0,0.16595197016649216,none,none
wroclaw_2024_2025,60,13109,0,0,0.01422073170673063,0.0,0.16056108755933188,none,none
wroclaw_2024_2025,60,13110,0,0,0.00935146898524297,0.0,0.1688096838206918,none,none
wroclaw_2024_2025,60,13111,0,0,0.004861831891772012,0.0,0.1712144686926714,none,none
wroclaw_2024_2025,60,13112,0,0,0.023414015546509636,0.0,0.15384766361043756,none,none
wroclaw_2024_2025,60,13113,0,0,0.014193283839779008,0.0,0.15974587035373858,none,none
wroclaw_2024_2025,60,13114,0,0,0.004731094613259669,0.0,0.1722277919631537,none,none
wroclaw_2024_2025,60,13115,0,0,0.0,0.0,0.17233878966610788,none,none
wroclaw_2024_2025,60,13116,0,0,0.0,0.0,0.17881620124641673,none,none
wroclaw_2024_2025,60,13117,0,0,0.0,0.0,0.19088761532771947,none,none
wroclaw_2024_2025,60,13118,0,0,0.0,0.0,0.1826578526237681,none,none
wroclaw_2024_2025,60,13119,0,0,0.01919328383977901,0.0,0.1938527005963778,none,none
wroclaw_2024_2025,60,13120,0,0,0.009489637093470959,0.0,0.18925268161047584,none,none
wroclaw_2024_2025,60,13121,0,0,0.029055115731551017,0.0,0.19228430628211549,none,none
wroclaw_2024_2025,60,13122,0,0,0.028544752825021974,0.0,0.2039429208048216,none,none
wroclaw_2024_2025,60,13123,0,0,0.033786210344810684,0.0,0.2038601883096233,none,none
wroclaw_2024_2025,60,13124,0,0,0.029055115731551017,0.0,0.20454572987783623,none,none
wroclaw_2024_2025,60,13125,0,0,0.028813658211762308,0.0,0.21494357392177368,none,none
wroclaw_2024_2025,60,13126,0,0,0.02908256359850264,0.0,0.21567093228137224,none,none
wroclaw_2024_2025,60,13127,0,0,0.023951826319990297,0.0,0.21235670483368171,none,none
wroclaw_2024_2025,60,13128,0,0,0.024220731706730628,0.0,0.21490831598419677,none,none
wroclaw_2024_2025,60,13129,0,0,0.014462189226519338,0.0,0.19135138742567329,none,none
wroclaw_2024_2025,60,13130,0,0,0.009731094613259668,0.0,0.18343971441146056,none,none
wroclaw_2024_2025,60,13131,0,0,0.005,0.0,0.1983179869909077,none,none
wroclaw_2024_2025,60,13132,0,0,0.005,0.0,0.18909694795821522,none,none
wroclaw_2024_2025,60,13133,0,0,0.009731094613259668,0.0,0.19183739412562992,none,none
wroclaw_2024_2025,60,13134,0,0,0.014462189226519338,0.0,0.19804013634598022,none,none
wroclaw_2024_2025,60,13135,0,0,0.014462189226519338,0.0,0.1947105375639159,none,none
wroclaw_2024_2025,60,13136,0,0,0.0,0.0,0.18975028792698767,none,none
wroclaw_2024_2025,60,13137,0,0,0.0,0.0,0.16374997387614332,none,none
wroclaw_2024_2025,60,13138,0,0,0.0,0.0,0.16042533536053288,none,none
wroclaw_2024_2025,60,13139,0,0,0.0,0.0,0.1536794461336887,none,none
wroclaw_2024_2025,60,13140,0,0,0.0,0.0,0.15588011844025085,none,none
wroclaw_2024_2025,60,13141,0,0,0.0,0.0,0.15302229165200665,none,none
wroclaw_2024_2025,60,13142,0,0,0.0,0.0,0.1473272618730781,none,none
wroclaw_2024_2025,60,13143,0,0,0.0,0.0,0.14046484564365153,none,none
wroclaw_2024_2025,60,13144,0,0,0.0,0.0,0.1426824646261011,none,none
wroclaw_2024_2025,60,13145,0,0,0.0,0.0,0.14449103236727714,none,none
wroclaw_2024_2025,60,13146,0,0,0.004731094613259669,0.0,0.1402264040692806,none,none
wroclaw_2024_2025,60,13147,0,0,0.0,0.0,0.14374595646703475,none,none
wroclaw_2024_2025,60,13148,0,0,0.0,0.0,0.14454555541627284,none,none
wroclaw_2024_2025,60,13149,0,0,0.0,0.0,0.14774102756694776,none,none
wroclaw_2024_2025,60,13150,0,0,0.0,0.0,0.15592175904033725,none,none
wroclaw_2024_2025,60,13151,0,0,0.0,0.0,0.15917518710275427,none,none
wroclaw_2024_2025,60,13152,0,0,0.0,0.0,0.1631462111376071,none,none
wroclaw_2024_2025,60,13153,0,0,0.0,0.0,0.16909308099592651,none,none
wroclaw_2024_2025,60,13154,0,0,0.0,0.0,0.15982889582379067,none,none
wroclaw_2024_2025,60,13155,0,0,0.0,0.0,0.16348763375738817,none,none
wroclaw_2024_2025,60,13156,0,0,0.0,0.0,0.16567742445993835,none,none
wroclaw_2024_2025,60,13157,0,0,0.0,0.0,0.15597112608641855,none,none
wroclaw_2024_2025,60,13158,0,0,0.0,0.0,0.14314141347341697,none,none
wroclaw_2024_2025,60,13159,0,0,0.005,0.0,0.1419468356656413,none,none
wroclaw_2024_2025,60,13160,0,0,0.005,0.0,0.14229096813119993,none,none
wroclaw_2024_2025,60,13161,0,0,0.0,0.0,0.1469448366073957,none,none
wroclaw_2024_2025,60,13162,0,0,0.0,0.0,0.14153188733306385,none,none
wroclaw_2024_2025,60,13163,0,0,0.0,0.0,0.1395741634097623,none,none
wroclaw_2024_2025,60,13164,0,0,0.0,0.0,0.14758748942715874,none,none
wroclaw_2024_2025,60,13165,0,0,0.0,0.0,0.14508355303558407,none,none
wroclaw_2024_2025,60,13166,0,0,0.0,0.0,0.14761839907869523,none,none
wroclaw_2024_2025,60,13167,0,0,0.004731094613259669,0.0,0.1381838611332485,none,none
wroclaw_2024_2025,60,13168,0,0,0.0,0.0,0.15020234188002338,none,none
wroclaw_2024_2025,60,13169,0,0,0.0,0.0,0.15404345409794865,none,none
wroclaw_2024_2025,60,13170,0,0,0.0,0.0,0.14424986782510055,none,none
wroclaw_2024_2025,60,13171,0,0,0.0,0.0,0.15021507729388447,none,none
wroclaw_2024_2025,60,13172,0,0,0.004731094613259669,0.0,0.1495947118693466,none,none
wroclaw_2024_2025,60,13173,0,0,0.0,0.0,0.15532048296182224,none,none
wroclaw_2024_2025,60,13174,0,0,0.0,0.0,0.16820272379265178,none,none
wroclaw_2024_2025,60,13175,0,0,0.0,0.0,0.17754773422967732,none,none
wroclaw_2024_2025,60,13176,0,0,0.0,0.0,0.22117482361042137,none,none
wroclaw_2024_2025,60,13177,0,0,0.0,0.0,0.24470778237135843,none,none
wroclaw_2024_2025,60,13178,0,0,0.0,0.0,0.3018954842165645,none,none
wroclaw_2024_2025,60,13179,0,0,0.0,0.0,0.3279172764551215,none,none
wroclaw_2024_2025,60,13180,0,0,0.0,0.0,0.3147706596951622,none,none
wroclaw_2024_2025,60,13181,0,0,0.0,0.0,0.3171175736568788,none,none
wroclaw_2024_2025,60,13182,0,0,0.0,0.0,0.31755367050809336,none,none
wroclaw_2024_2025,60,13183,0,0,0.0,0.0,0.3183459678068095,none,none
wroclaw_2024_2025,60,13184,0,0,0.004731094613259669,0.0,0.31067801577490006,none,none
wroclaw_2024_2025,60,13185,0,0,0.0,0.0,0.3188582860230586,none,none
wroclaw_2024_2025,60,13186,0,0,0.01432402111829135,0.0,0.33080224083148474,none,none
wroclaw_2024_2025,60,13187,0,0,0.01432402111829135,0.0,0.3266097421247638,none,none
wroclaw_2024_2025,60,13188,0,0,0.01432402111829135,0.0,0.31076480211211627,none,none
wroclaw_2024_2025,60,13189,0,0,0.009462189226519337,0.0,0.3093389807780327,none,none
wroclaw_2024_2025,60,13190,0,0,0.004731094613259669,0.0,0.3100853893146103,none,none
wroclaw_2024_2025,60,13191,0,0,0.0,0.0,0.30905106325408027,none,none
wroclaw_2024_2025,60,13192,0,0,0.0,0.0,0.2929650469551763,none,none
wroclaw_2024_2025,60,13193,0,0,0.004861831891772012,0.0,0.3046172979448088,none,none
wroclaw_2024_2025,60,13194,0,0,0.00959292650503168,0.0,0.2995017894475736,none,none
wroclaw_2024_2025,60,13195,0,0,0.004731094613259669,0.0,0.2910313543364304,none,none
wroclaw_2024_2025,60,13196,0,0,0.004731094613259669,0.0,0.28814730162016344,none,none
wroclaw_2024_2025,60,13197,0,0,0.004731094613259669,0.0,0.28348998483079213,none,none
wroclaw_2024_2025,60,13198,0,0,0.00448963709347096,0.0,0.30184927307447246,none,none
wroclaw_2024_2025,60,13199,0,0,0.00448963709347096,0.0,0.2670164850847875,none,none
wroclaw_2024_2025,60,13200,0,0,0.00448963709347096,0.0,0.24429550219392457,none,none
wroclaw_2024_2025,60,13201,0,0,0.004731094613259669,0.0,0.22937642528806174,none,none
wroclaw_2024_2025,60,13202,0,0,0.013710368800201586,0.0,0.2070321675961193,none,none
wroclaw_2024_2025,60,13203,0,0,0.00448963709347096,0.0,0.2049495478237617,none,none
wroclaw_2024_2025,60,13204,0,0,0.009489637093470959,0.0,0.19457586157680506,none,none
wroclaw_2024_2025,60,13205,0,0,0.005,0.0,0.19807372180051322,none,none
wroclaw_2024_2025,60,13206,0,0,0.0,0.0,0.19708006913274584,none,none
wroclaw_2024_2025,60,13207,0,0,0.0,0.0,0.2116838245579752,none,none
wroclaw_2024_2025,60,13208,0,0,0.0,0.0,0.19722552623237743,none,none
wroclaw_2024_2025,60,13209,0,0,0.0,0.0,0.1838222470209103,none,none
wroclaw_2024_2025,60,13210,0,0,0.004731094613259669,0.0,0.20004800668711897,none,none
wroclaw_2024_2025,60,13211,0,0,0.004731094613259669,0.0,0.21996834030631687,none,none
wroclaw_2024_2025,60,13212,0,0,0.0,0.0,0.2021652473258002,none,none
wroclaw_2024_2025,60,13213,0,0,0.004731094613259669,0.0,0.2075120507796356,none,none
wroclaw_2024_2025,60,13214,0,0,0.0,0.0,0.19938573105686866,none,none
wroclaw_2024_2025,60,13215,0,0,0.009220731706730628,0.0,0.22571696287441434,none,none
wroclaw_2024_2025,60,13216,0,0,0.004731094613259669,0.0,0.21320653388351185,none,none
wroclaw_2024_2025,60,13217,0,0,0.009462189226519337,0.0,0.20319304246873066,none,none
wroclaw_2024_2025,60,13218,0,0,0.004731094613259669,0.0,0.191209350245133,none,none
wroclaw_2024_2025,60,13219,0,0,0.0,0.0,0.2020515822029655,none,none
wroclaw_2024_2025,60,13220,0,0,0.009731094613259668,0.0,0.20341017719949056,none,none
wroclaw_2024_2025,60,13221,0,0,0.01,0.0,0.20651895980625531,none,none
wroclaw_2024_2025,60,13222,0,0,0.015,0.0,0.2004358311928185,none,none
wroclaw_2024_2025,60,13223,0,0,0.02,0.0,0.2020438224745538,none,none
wroclaw_2024_2025,60,13224,0,0,0.025,0.0,0.2122294547775282,none,none
wroclaw_2024_2025,60,13225,0,0,0.024731094613259667,0.0,0.21627524181885935,none,none
wroclaw_2024_2025,60,13226,0,0,0.019731094613259666,0.0,0.21966929729035933,none,none
wroclaw_2024_2025,60,13227,0,0,0.024731094613259667,0.0,0.22216295540554995,none,none
wroclaw_2024_2025,60,13228,0,0,0.029462189226519334,0.0,0.22589767634801197,none,none
wroclaw_2024_2025,60,13229,0,0,0.024462189226519337,0.0,0.23832713864452917,none,none
wroclaw_2024_2025,60,13230,0,0,0.019731094613259666,0.0,0.23493737149119803,none,none
wroclaw_2024_2025,60,13231,0,0,0.039055115731551016,0.0,0.218356013320609,none,none
wroclaw_2024_2025,60,13232,0,0,0.03959292650503168,0.0,0.21742126166245224,none,none
wroclaw_2024_2025,60,13233,0,0,0.04959292650503167,0.0,0.22756705055761853,none,none
wroclaw_2024_2025,60,13234,0,0,0.03,0.0,0.21222018756050628,none,none
wroclaw_2024_2025,60,13235,0,0,0.025,0.0,0.21338473040588915,none,none
wroclaw_2024_2025,60,13236,0,0,0.009731094613259668,0.0,0.2328879813761951,none,none
wroclaw_2024_2025,60,13237,0,0,0.004731094613259669,0.0,0.2152363531732423,none,none
wroclaw_2024_2025,60,13238,0,0,0.004731094613259669,0.0,0.21140069545373982,none,none
wroclaw_2024_2025,60,13239,0,0,0.014193283839779008,0.0,0.19516683959001258,none,none
wroclaw_2024_2025,60,13240,0,0,0.004731094613259669,0.0,0.1936434494971047,none,none
wroclaw_2024_2025,60,13241,0,0,0.009731094613259668,0.0,0.1926974122276632,none,none
wroclaw_2024_2025,60,13242,0,0,0.014462189226519338,0.0,0.18330687779451188,none,none
wroclaw_2024_2025,60,13243,0,0,0.014462189226519338,0.0,0.1834110319844425,none,none
wroclaw_2024_2025,60,13244,0,0,0.009731094613259668,0.0,0.18152858704272842,none,none
wroclaw_2024_2025,60,13245,0,0,0.005,0.0,0.16679969766526265,none,none
wroclaw_2024_2025,60,13246,0,0,0.0,0.0,0.15885702394769718,none,none
wroclaw_2024_2025,60,13247,0,0,0.0,0.0,0.16138890971040595,none,none
wroclaw_2024_2025,60,13248,0,0,0.0,0.0,0.1575307421025391,none,none
wroclaw_2024_2025,60,13249,0,0,0.0,0.0,0.1700965452270232,none,none
wroclaw_2024_2025,60,13250,0,0,0.0,0.0,0.156520825877643,none,none
wroclaw_2024_2025,60,13251,0,0,0.0,0.0,0.16205362979770965,none,none
wroclaw_2024_2025,60,13252,0,0,0.0,0.0,0.15837067602420493,none,none
wroclaw_2024_2025,60,13253,0,0,0.004731094613259669,0.0,0.15503855368199682,none,none
wroclaw_2024_2025,60,13254,0,0,0.004731094613259669,0.0,0.17095349922701095,none,none
wroclaw_2024_2025,60,13255,0,0,0.004731094613259669,0.0,0.18025082257233394,none,none
wroclaw_2024_2025,60,13256,0,0,0.014193283839779008,0.0,0.17763120497476304,none,none
wroclaw_2024_2025,60,13257,0,0,0.014462189226519338,0.0,0.17607318137236194,none,none
wroclaw_2024_2025,60,13258,0,0,0.009731094613259668,0.0,0.19495445707072417,none,none
wroclaw_2024_2025,60,13259,0,0,0.0,0.0,0.1785042979494112,none,none
wroclaw_2024_2025,60,13260,0,0,0.0,0.0,0.1749988466700862,none,none
wroclaw_2024_2025,60,13261,0,0,0.0,0.0,0.1739883158511686,none,none
wroclaw_2024_2025,60,13262,0,0,0.0,0.0,0.1552619985315475,none,none
wroclaw_2024_2025,60,13263,0,0,0.0,0.0,0.1710893710579764,none,none
wroclaw_2024_2025,60,13264,0,0,0.0,0.0,0.17040711772209705,none,none
wroclaw_2024_2025,60,13265,0,0,0.0,0.0,0.16926314971965464,none,none
wroclaw_2024_2025,60,13266,0,0,0.0,0.0,0.16035639875982408,none,none
wroclaw_2024_2025,60,13267,0,0,0.0,0.0,0.14989288847972154,none,none
wroclaw_2024_2025,60,13268,0,0,0.009220731706730628,0.0,0.15515245721084936,none,none
wroclaw_2024_2025,60,13269,0,0,0.0,0.0,0.1700810267202283,none,none
wroclaw_2024_2025,60,13270,0,0,0.0,0.0,0.19278587318627166,none,none
wroclaw_2024_2025,60,13271,0,0,0.0,0.0,0.20666979753253795,none,none
wroclaw_2024_2025,60,13272,0,0,0.0,0.0,0.22125611046452942,none,none
wroclaw_2024_2025,60,13273,0,0,0.004731094613259669,0.0,0.2393431166170665,none,none
wroclaw_2024_2025,60,13274,0,0,0.004731094613259669,0.0,0.24231084416672888,none,none
wroclaw_2024_2025,60,13275,0,0,0.004731094613259669,0.0,0.25351998306318124,none,none
wroclaw_2024_2025,60,13276,0,0,0.004731094613259669,0.0,0.25846905142457693,none,none
wroclaw_2024_2025,60,13277,0,0,0.004731094613259669,0.0,0.2831200763984739,none,none
wroclaw_2024_2025,60,13278,0,0,0.004731094613259669,0.0,0.31614719917260975,none,none
wroclaw_2024_2025,60,13279,0,0,0.009731094613259668,0.0,0.34489226081054714,none,none
wroclaw_2024_2025,60,13280,0,0,0.009731094613259668,0.0,0.32542874603828686,none,none
wroclaw_2024_2025,60,13281,0,0,0.01919328383977901,0.0,0.3182317346731646,none,none
wroclaw_2024_2025,60,13282,0,0,0.014193283839779008,0.0,0.3066430152848921,none,none
wroclaw_2024_2025,60,13283,0,0,0.009462189226519337,0.0,0.3138972207472673,none,none
wroclaw_2024_2025,60,13284,0,0,0.009462189226519337,0.0,0.3014176293664933,none,none
wroclaw_2024_2025,60,13285,0,0,0.004731094613259669,0.0,0.29498237529985716,none,none
wroclaw_2024_2025,60,13286,0,0,0.009731094613259668,0.0,0.29402842684768726,none,none
wroclaw_2024_2025,60,13287,0,0,0.005,0.0,0.30201005680704196,none,none
wroclaw_2024_2025,60,13288,0,0,0.009731094613259668,0.0,0.3009966107964479,none,none
wroclaw_2024_2025,60,13289,0,0,0.005,0.0,0.2977411726651587,none,none
wroclaw_2024_2025,60,13290,0,0,0.014462189226519338,0.0,0.28403295570769765,none,none
wroclaw_2024_2025,60,13291,0,0,0.009462189226519337,0.0,0.2896990939156233,none,none
wroclaw_2024_2025,60,13292,0,0,0.004731094613259669,0.0,0.28287271924986745,none,none
wroclaw_2024_2025,60,13293,0,0,0.0,0.0,0.30637299131097206,none,none
wroclaw_2024_2025,60,13294,0,0,0.0,0.0,0.2905080793253757,none,none
wroclaw_2024_2025,60,13295,0,0,0.0,0.0,0.2794401792559036,none,none
wroclaw_2024_2025,60,13296,0,0,0.0,0.0,0.27389381661983925,none,none
wroclaw_2024_2025,60,13297,0,0,0.0,0.0,0.24252461281353888,none,none
wroclaw_2024_2025,60,13298,0,0,0.0,0.0,0.25422784599841436,none,none
wroclaw_2024_2025,60,13299,0,0,0.0,0.0,0.24123744614449197,none,none
wroclaw_2024_2025,60,13300,0,0,0.0,0.0,0.22512567222972607,none,none
wroclaw_2024_2025,60,13301,0,0,0.005,0.0,0.2184578555780844,none,none
wroclaw_2024_2025,60,13302,0,0,0.005,0.0,0.21424541075008777,none,none
wroclaw_2024_2025,60,13303,0,0,0.0,0.0,0.24164446910928236,none,none
wroclaw_2024_2025,60,13304,0,0,0.0,0.0,0.2210428143990666,none,none
wroclaw_2024_2025,60,13305,0,0,0.0,0.0,0.2168050883929134,none,none
wroclaw_2024_2025,60,13306,0,0,0.0,0.0,0.20834579396718977,none,none
wroclaw_2024_2025,60,13307,0,0,0.01,0.0,0.20234094796729143,none,none
wroclaw_2024_2025,60,13308,0,0,0.005,0.0,0.2047041375089921,none,none
wroclaw_2024_2025,60,13309,0,0,0.0,0.0,0.21918870518150882,none,none
wroclaw_2024_2025,60,13310,0,0,0.004731094613259669,0.0,0.21067409085068284,none,none
wroclaw_2024_2025,60,13311,0,0,0.014731094613259667,0.0,0.22182182960965616,none,none
wroclaw_2024_2025,60,13312,0,0,0.014731094613259667,0.0,0.22504220925414856,none,none
wroclaw_2024_2025,60,13313,0,0,0.004731094613259669,0.0,0.2061662364554628,none,none
wroclaw_2024_2025,60,13314,0,0,0.0,0.0,0.19893831290844843,none,none
wroclaw_2024_2025,60,13315,0,0,0.0,0.0,0.19365989198721487,none,none
wroclaw_2024_2025,60,13316,0,0,0.0,0.0,0.20163813171722883,none,none
wroclaw_2024_2025,60,13317,0,0,0.0,0.0,0.20741838179197802,none,none
wroclaw_2024_2025,60,13318,0,0,0.004731094613259669,0.0,0.20758863318387838,none,none
wroclaw_2024_2025,60,13319,0,0,0.005,0.0,0.19910797009326084,none,none
wroclaw_2024_2025,60,13320,0,0,0.004731094613259669,0.0,0.19234709601718417,none,none
wroclaw_2024_2025,60,13321,0,0,0.004731094613259669,0.0,0.19628853104960384,none,none
wroclaw_2024_2025,60,13322,0,0,0.014731094613259667,0.0,0.19591725981813263,none,none
wroclaw_2024_2025,60,13323,0,0,0.004731094613259669,0.0,0.18394919771033508,none,none
wroclaw_2024_2025,60,13324,0,0,0.004731094613259669,0.0,0.18209192103670582,none,none
wroclaw_2024_2025,60,13325,0,0,0.0,0.0,0.17724720952687514,none,none
wroclaw_2024_2025,60,13326,0,0,0.004731094613259669,0.0,0.19532658057278898,none,none
wroclaw_2024_2025,60,13327,0,0,0.014193283839779008,0.0,0.188064634844143,none,none
wroclaw_2024_2025,60,13328,0,0,0.004731094613259669,0.0,0.1895826875102372,none,none
wroclaw_2024_2025,60,13329,0,0,0.0,0.0,0.18552289051529222,none,none
wroclaw_2024_2025,60,13330,0,0,0.0,0.0,0.1737411252190524,none,none
wroclaw_2024_2025,60,13331,0,0,0.00959292650503168,0.0,0.1930713755435854,none,none
wroclaw_2024_2025,60,13332,0,0,0.009220731706730628,0.0,0.19321271679301763,none,none
wroclaw_2024_2025,60,13333,0,0,0.004731094613259669,0.0,0.18385650457484212,none,none
wroclaw_2024_2025,60,13334,0,0,0.005,0.0,0.18586456067034662,none,none
wroclaw_2024_2025,60,13335,0,0,0.009731094613259668,0.0,0.18034938888498445,none,none
wroclaw_2024_2025,60,13336,0,0,0.004731094613259669,0.0,0.1893518494485675,none,none
wroclaw_2024_2025,60,13337,0,0,0.009462189226519337,0.0,0.18186142476159065,none,none
wroclaw_2024_2025,60,13338,0,0,0.005,0.0,0.16170430116954862,none,none
wroclaw_2024_2025,60,13339,0,0,0.019462189226519336,0.0,0.17167166091804043,none,none
wroclaw_2024_2025,60,13340,0,0,0.029462189226519334,0.0,0.14835518069005363,none,none
wroclaw_2024_2025,60,13341,0,0,0.015,0.0,0.15885960550632902,none,none
wroclaw_2024_2025,60,13342,0,0,0.014731094613259667,0.0,0.17141961311738965,none,none
wroclaw_2024_2025,60,13343,0,0,0.014462189226519338,0.0,0.16547428115655033,none,none
wroclaw_2024_2025,60,13344,0,0,0.009462189226519337,0.0,0.17786079571374142,none,none
wroclaw_2024_2025,60,13345,0,0,0.004731094613259669,0.0,0.14593509111484787,none,none
wroclaw_2024_2025,60,13346,0,0,0.0,0.0,0.1513641995162307,none,none
wroclaw_2024_2025,60,13347,0,0,0.0,0.0,0.15690993625367797,none,none
wroclaw_2024_2025,60,13348,0,0,0.0,0.0,0.15322319493092323,none,none
wroclaw_2024_2025,60,13349,0,0,0.0,0.0,0.17107782934629343,none,none
wroclaw_2024_2025,60,13350,0,0,0.0,0.0,0.1814087437553521,none,none
wroclaw_2024_2025,60,13351,0,0,0.0,0.0,0.17934839341713152,none,none
wroclaw_2024_2025,60,13352,0,0,0.004731094613259669,0.0,0.19123397805819203,none,none
wroclaw_2024_2025,60,13353,0,0,0.0,0.0,0.18481736534660576,none,none
wroclaw_2024_2025,60,13354,0,0,0.0,0.0,0.17776826437657486,none,none
wroclaw_2024_2025,60,13355,0,0,0.004731094613259669,0.0,0.16499791779438255,none,none
wroclaw_2024_2025,60,13356,0,0,0.004731094613259669,0.0,0.16361366073485856,none,none
wroclaw_2024_2025,60,13357,0,0,0.004731094613259669,0.0,0.15560483899862115,none,none
wroclaw_2024_2025,60,13358,0,0,0.0,0.0,0.14622381423976424,none,none
wroclaw_2024_2025,60,13359,0,0,0.0,0.0,0.14773309223236827,none,none
wroclaw_2024_2025,60,13360,0,0,0.0,0.0,0.14410110703682358,none,none
wroclaw_2024_2025,60,13361,0,0,0.0,0.0,0.14184056788688124,none,none
wroclaw_2024_2025,60,13362,0,0,0.0,0.0,0.13404117742731866,none,none
wroclaw_2024_2025,60,13363,0,0,0.005,0.0,0.14005564861316458,none,none
wroclaw_2024_2025,60,13364,0,0,0.013951826319990297,0.0,0.1510060062409216,none,none
wroclaw_2024_2025,60,13365,0,0,0.004731094613259669,0.0,0.19870780004805852,none,none
wroclaw_2024_2025,60,13366,0,0,0.0,0.0,0.2154322089473753,none,none
wroclaw_2024_2025,60,13367,0,0,0.0,0.0,0.23867101729719514,none,none
wroclaw_2024_2025,60,13368,0,0,0.005,0.0,0.24642382398664595,none,none
wroclaw_2024_2025,60,13369,0,0,0.005,0.0,0.2597098803791338,none,none
wroclaw_2024_2025,60,13370,0,0,0.005,0.0,0.2919730738437227,none,none
wroclaw_2024_2025,60,13371,0,0,0.0,0.0,0.3234654378990295,none,none
wroclaw_2024_2025,60,13372,0,0,0.0,0.0,0.32447558419638506,none,none
wroclaw_2024_2025,60,13373,0,0,0.0,0.0,0.3158517861855562,none,none
wroclaw_2024_2025,60,13374,0,0,0.005,0.0,0.34062892824808166,none,none
wroclaw_2024_2025,60,13375,0,0,0.009731094613259668,0.0,0.3258995577324368,none,none
wroclaw_2024_2025,60,13376,0,0,0.014462189226519338,0.0,0.3081034718978077,none,none
wroclaw_2024_2025,60,13377,0,0,0.01919328383977901,0.0,0.28904178998247404,none,none
wroclaw_2024_2025,60,13378,0,0,0.009731094613259668,0.0,0.2876739243628029,none,none
wroclaw_2024_2025,60,13379,0,0,0.014193283839779008,0.0,0.28847146957588954,none,none
wroclaw_2024_2025,60,13380,0,0,0.033924378453038674,0.0,0.2880214482365186,none,none
wroclaw_2024_2025,60,13381,0,0,0.014731094613259667,0.0,0.2853975260004102,none,none
wroclaw_2024_2025,60,13382,0,0,0.033924378453038674,0.0,0.2807448790219872,none,none
wroclaw_2024_2025,60,13383,0,0,0.005,0.0,0.27967855424198335,none,none
wroclaw_2024_2025,60,13384,0,0,0.019462189226519336,0.0,0.2761016181589363,none,none
wroclaw_2024_2025,60,13385,0,0,0.005,0.0,0.29921477575111266,none,none
wroclaw_2024_2025,60,13386,0,0,0.005,0.0,0.30029329888163586,none,none
wroclaw_2024_2025,60,13387,0,0,0.005,0.0,0.2825513368858099,none,none
wroclaw_2024_2025,60,13388,0,0,0.005,0.0,0.28374979906497627,none,none
wroclaw_2024_2025,60,13389,0,0,0.023924378453038676,0.0,0.25897112168481645,none,none
wroclaw_2024_2025,60,13390,0,0,0.02365547306629834,0.0,0.24190197950461323,none,none
wroclaw_2024_2025,60,13391,0,0,0.02365547306629834,0.0,0.23317609482594392,none,none
wroclaw_2024_2025,60,13392,0,0,0.023924378453038676,0.0,0.2270813827867519,none,none
wroclaw_2024_2025,60,13393,0,0,0.009462189226519337,0.0,0.21030963961300914,none,none
wroclaw_2024_2025,60,13394,0,0,0.0,0.0,0.20583123759484387,none,none
wroclaw_2024_2025,60,13395,0,0,0.0,0.0,0.19639333346202897,none,none
wroclaw_2024_2025,60,13396,0,0,0.005,0.0,0.19552011801850622,none,none
wroclaw_2024_2025,60,13397,0,0,0.005,0.0,0.196148035432099,none,none
wroclaw_2024_2025,60,13398,0,0,0.005,0.0,0.2086004925584386,none,none
wroclaw_2024_2025,60,13399,0,0,0.01448963709347096,0.0,0.20217799499579434,none,none
wroclaw_2024_2025,60,13400,0,0,0.03422073170673062,0.0,0.1920648154334902,none,none
wroclaw_2024_2025,60,13401,0,0,0.018710368800201587,0.0,0.1939614616394757,none,none
wroclaw_2024_2025,60,13402,0,0,0.01919328383977901,0.0,0.20853751200605364,none,none
wroclaw_2024_2025,60,13403,0,0,0.014462189226519338,0.0,0.20993104992890008,none,none
wroclaw_2024_2025,60,13404,0,0,0.019731094613259666,0.0,0.2038773705963092,none,none
wroclaw_2024_2025,60,13405,0,0,0.024193283839779006,0.0,0.20395192898661013,none,none
wroclaw_2024_2025,60,13406,0,0,0.019462189226519336,0.0,0.2193082492243439,none,none
wroclaw_2024_2025,60,13407,0,0,0.048517304958070356,0.0,0.2207642121245297,none,none
wroclaw_2024_2025,60,13408,0,0,0.06338656767955801,0.0,0.21798775863879397,none,none
wroclaw_2024_2025,60,13409,0,0,0.049193283839779,0.0,0.20334229032450016,none,none
wroclaw_2024_2025,60,13410,0,0,0.07365547306629834,0.0,0.20690779056997027,none,none
wroclaw_2024_2025,60,13411,0,0,0.083386567679558,0.0,0.22245019841346164,none,none
wroclaw_2024_2025,60,13412,0,0,0.064193283839779,0.0,0.21224842119511755,none,none
wroclaw_2024_2025,60,13413,0,0,0.054193283839779005,0.0,0.2130716522785941,none,none
wroclaw_2024_2025,60,13414,0,0,0.049462189226519335,0.0,0.20888792899061218,none,none
wroclaw_2024_2025,60,13415,0,0,0.009731094613259668,0.0,0.20305150358110846,none,none
wroclaw_2024_2025,60,13416,0,0,0.029462189226519334,0.0,0.195970648414964,none,none
wroclaw_2024_2025,60,13417,0,0,0.009731094613259668,0.0,0.19763292723826312,none,none
wroclaw_2024_2025,60,13418,0,0,0.009462189226519337,0.0,0.19405655684053555,none,none
wroclaw_2024_2025,60,13419,0,0,0.0,0.0,0.20066464384658664,none,none
wroclaw_2024_2025,60,13420,0,0,0.004731094613259669,0.0,0.20672704457841554,none,none
wroclaw_2024_2025,60,13421,0,0,0.004731094613259669,0.0,0.19850052530958395,none,none
wroclaw_2024_2025,60,13422,0,0,0.004731094613259669,0.0,0.2096285235029774,none,none
wroclaw_2024_2025,60,13423,0,0,0.009462189226519337,0.0,0.18594636193047065,none,none
wroclaw_2024_2025,60,13424,0,0,0.005,0.0,0.20549366653457585,none,none
wroclaw_2024_2025,60,13425,0,0,0.009731094613259668,0.0,0.2057369572328674,none,none
wroclaw_2024_2025,60,13426,0,0,0.005,0.0,0.2102707986134699,none,none
wroclaw_2024_2025,60,13427,0,0,0.0,0.0,0.21465400222508718,none,none
wroclaw_2024_2025,60,13428,0,0,0.004731094613259669,0.0,0.18625900515164182,none,none
wroclaw_2024_2025,60,13429,0,0,0.0,0.0,0.19328620211926417,none,none
wroclaw_2024_2025,60,13430,0,0,0.0,0.0,0.1948471391454831,none,none
wroclaw_2024_2025,60,13431,0,0,0.0,0.0,0.18006985327214048,none,none
wroclaw_2024_2025,60,13432,0,0,0.0,0.0,0.17907318949764933,none,none
wroclaw_2024_2025,60,13433,0,0,0.0,0.0,0.18895988804263503,none,none
wroclaw_2024_2025,60,13434,0,0,0.0,0.0,0.18911521422179872,none,none
wroclaw_2024_2025,60,13435,0,0,0.014731094613259667,0.0,0.1958377880357976,none,none
wroclaw_2024_2025,60,13436,0,0,0.004731094613259669,0.0,0.19660105044145282,none,none
wroclaw_2024_2025,60,13437,0,0,0.00959292650503168,0.0,0.182213117470588,none,none
wroclaw_2024_2025,60,13438,0,0,0.004861831891772012,0.0,0.18358680712872494,none,none
wroclaw_2024_2025,60,13439,0,0,0.004861831891772012,0.0,0.1805184062782993,none,none
wroclaw_2024_2025,60,13440,0,0,0.00959292650503168,0.0,0.17071304120828631,none,none
wroclaw_2024_2025,60,13441,0,0,0.004861831891772012,0.0,0.16086974641635923,none,none
wroclaw_2024_2025,60,13442,0,0,0.023786210344810686,0.0,0.1448561937479973,none,none
wroclaw_2024_2025,60,13443,0,0,0.01459292650503168,0.0,0.15035972361081967,none,none
wroclaw_2024_2025,60,13444,0,0,0.0,0.0,0.1476881490491306,none,none
wroclaw_2024_2025,60,13445,0,0,0.014462189226519338,0.0,0.1389260855320053,none,none
wroclaw_2024_2025,60,13446,0,0,0.004731094613259669,0.0,0.1394292903097569,none,none
wroclaw_2024_2025,60,13447,0,0,0.004731094613259669,0.0,0.14256560158923,none,none
wroclaw_2024_2025,60,13448,0,0,0.004731094613259669,0.0,0.1458472469808276,none,none
wroclaw_2024_2025,60,13449,0,0,0.0,0.0,0.14376412561412477,none,none
wroclaw_2024_2025,60,13450,0,0,0.004861831891772012,0.0,0.14917278963213787,none,none
wroclaw_2024_2025,60,13451,0,0,0.00959292650503168,0.0,0.138292025270139,none,none
wroclaw_2024_2025,60,13452,0,0,0.004861831891772012,0.0,0.13417944787837516,none,none
wroclaw_2024_2025,60,13453,0,0,0.01459292650503168,0.0,0.13852023745110584,none,none
wroclaw_2024_2025,60,13454,0,0,0.009861831891772012,0.0,0.13616344792070606,none,none
wroclaw_2024_2025,60,13455,0,0,0.01908256359850264,0.0,0.12817688323398613,none,none
wroclaw_2024_2025,60,13456,0,0,0.009731094613259668,0.0,0.12354073461620403,none,none
wroclaw_2024_2025,60,13457,0,0,0.01,0.0,0.12709894166828267,none,none
wroclaw_2024_2025,60,13458,0,0,0.005,0.0,0.12860384996485721,none,none
wroclaw_2024_2025,60,13459,0,0,0.005,0.0,0.12269877902491444,none,none
wroclaw_2024_2025,60,13460,0,0,0.018441463413461253,0.0,0.12399008395212534,none,none
wroclaw_2024_2025,60,13461,0,0,0.005,0.0,0.1655097703152376,none,none
wroclaw_2024_2025,60,13462,0,0,0.005,0.0,0.19319204449453029,none,none
wroclaw_2024_2025,60,13463,0,0,0.009731094613259668,0.0,0.21195651013979885,none,none
wroclaw_2024_2025,60,13464,0,0,0.0,0.0,0.2438959109044817,none,none
wroclaw_2024_2025,60,13465,0,0,0.0,0.0,0.2661351183605682,none,none
wroclaw_2024_2025,60,13466,0,0,0.0,0.0,0.2812430068987313,none,none
wroclaw_2024_2025,60,13467,0,0,0.0,0.0,0.2998884503119963,none,none
wroclaw_2024_2025,60,13468,0,0,0.0,0.0,0.30710992393860015,none,none
wroclaw_2024_2025,60,13469,0,0,0.0,0.0,0.2842256915414314,none,none
wroclaw_2024_2025,60,13470,0,0,0.004731094613259669,0.0,0.2887642860030954,none,none
wroclaw_2024_2025,60,13471,0,0,0.004731094613259669,0.0,0.2860774882518427,none,none
wroclaw_2024_2025,60,13472,0,0,0.01905511573155102,0.0,0.27443206216904864,none,none
wroclaw_2024_2025,60,13473,0,0,0.004731094613259669,0.0,0.2615344343292347,none,none
wroclaw_2024_2025,60,13474,0,0,0.0,0.0,0.25855049895874316,none,none
wroclaw_2024_2025,60,13475,0,0,0.0,0.0,0.2581857093825868,none,none
wroclaw_2024_2025,60,13476,0,0,0.005,0.0,0.2672068593016053,none,none
wroclaw_2024_2025,60,13477,0,0,0.005,0.0,0.2671712152956606,none,none
wroclaw_2024_2025,60,13478,0,0,0.005,0.0,0.3036656158534305,none,none
wroclaw_2024_2025,60,13479,0,0,0.01,0.0,0.2794736301656315,none,none
wroclaw_2024_2025,60,13480,0,0,0.01,0.0,0.28982228573738944,none,none
wroclaw_2024_2025,60,13481,0,0,0.019731094613259666,0.0,0.27525675189305404,none,none
wroclaw_2024_2025,60,13482,0,0,0.024731094613259667,0.0,0.25750125817454866,none,none
wroclaw_2024_2025,60,13483,0,0,0.028924378453038677,0.0,0.2710914534697118,none,none
wroclaw_2024_2025,60,13484,0,0,0.014462189226519338,0.0,0.2698911607304783,none,none
wroclaw_2024_2025,60,13485,0,0,0.014462189226519338,0.0,0.2674627224977849,none,none
wroclaw_2024_2025,60,13486,0,0,0.033414015546509634,0.0,0.23756133406493568,none,none
wroclaw_2024_2025,60,13487,0,0,0.023924378453038676,0.0,0.23113451582402358,none,none
wroclaw_2024_2025,60,13488,0,0,0.024193283839779006,0.0,0.2193076071862703,none,none
wroclaw_2024_2025,60,13489,0,0,0.024193283839779006,0.0,0.22487143737947707,none,none
wroclaw_2024_2025,60,13490,0,0,0.023924378453038676,0.0,0.18794901073009448,none,none
wroclaw_2024_2025,60,13491,0,0,0.028682920933249964,0.0,0.19399770389345591,none,none
wroclaw_2024_2025,60,13492,0,0,0.028924378453038677,0.0,0.18506362944383406,none,none
wroclaw_2024_2025,60,13493,0,0,0.019731094613259666,0.0,0.18747061350730854,none,none
wroclaw_2024_2025,60,13494,0,0,0.01,0.0,0.21977546763437233,none,none
wroclaw_2024_2025,60,13495,0,0,0.015,0.0,0.20421982557570031,none,none
wroclaw_2024_2025,60,13496,0,0,0.015,0.0,0.18754062076475742,none,none
wroclaw_2024_2025,60,13497,0,0,0.025,0.0,0.19990615416179425,none,none
wroclaw_2024_2025,60,13498,0,0,0.03946218922651933,0.0,0.1867008294633254,none,none
wroclaw_2024_2025,60,13499,0,0,0.034462189226519335,0.0,0.20257242362091488,none,none
wroclaw_2024_2025,60,13500,0,0,0.03946218922651933,0.0,0.20698511874983708,none,none
wroclaw_2024_2025,60,13501,0,0,0.0389518263199903,0.0,0.23117557485783974,none,none
wroclaw_2024_2025,60,13502,0,0,0.034462189226519335,0.0,0.21633638411254122,none,none
wroclaw_2024_2025,60,13503,0,0,0.043682920933249964,0.0,0.24597020525898522,none,none
wroclaw_2024_2025,60,13504,0,0,0.054193283839779005,0.0,0.23082952989556182,none,none
wroclaw_2024_2025,60,13505,0,0,0.07341401554650963,0.0,0.199755237049967,none,none
wroclaw_2024_2025,60,13506,0,0,0.06395182631999029,0.0,0.2014544391648496,none,none
wroclaw_2024_2025,60,13507,0,0,0.0781451101597693,0.0,0.20090388510067167,none,none
wroclaw_2024_2025,60,13508,0,0,0.07368292093324996,0.0,0.20163193145523928,none,none
wroclaw_2024_2025,60,13509,0,0,0.07892437845303867,0.0,0.20342825311646714,none,none
wroclaw_2024_2025,60,13510,0,0,0.05946218922651934,0.0,0.20094501462065953,none,none
wroclaw_2024_2025,60,13511,0,0,0.05446218922651933,0.0,0.18410432175538466,none,none
wroclaw_2024_2025,60,13512,0,0,0.03473109461325967,0.0,0.1951363904794051,none,none
wroclaw_2024_2025,60,13513,0,0,0.015,0.0,0.1916864175618547,none,none
wroclaw_2024_2025,60,13514,0,0,0.019731094613259666,0.0,0.19434004965931093,none,none
wroclaw_2024_2025,60,13515,0,0,0.009731094613259668,0.0,0.19468585025893764,none,none
wroclaw_2024_2025,60,13516,0,0,0.009462189226519337,0.0,0.19690555142685137,none,none
wroclaw_2024_2025,60,13517,0,0,0.004731094613259669,0.0,0.2021594007836747,none,none
wroclaw_2024_2025,60,13518,0,0,0.005,0.0,0.20610406802094178,none,none
wroclaw_2024_2025,60,13519,0,0,0.00448963709347096,0.0,0.19938836633560134,none,none
wroclaw_2024_2025,60,13520,0,0,0.00448963709347096,0.0,0.20312076885084152,none,none
wroclaw_2024_2025,60,13521,0,0,0.009489637093470959,0.0,0.19001569116536263,none,none
wroclaw_2024_2025,60,13522,0,0,0.009489637093470959,0.0,0.18846682689588543,none,none
wroclaw_2024_2025,60,13523,0,0,0.00448963709347096,0.0,0.18541656091621467,none,none
wroclaw_2024_2025,60,13524,0,0,0.009220731706730628,0.0,0.18123677888443906,none,none
wroclaw_2024_2025,60,13525,0,0,0.00448963709347096,0.0,0.1817612128894863,none,none
wroclaw_2024_2025,60,13526,0,0,0.0,0.0,0.1953870161843495,none,none
wroclaw_2024_2025,60,13527,0,0,0.0,0.0,0.1939254766475093,none,none
wroclaw_2024_2025,60,13528,0,0,0.0,0.0,0.1982030937411479,none,none
wroclaw_2024_2025,60,13529,0,0,0.0,0.0,0.19115593824117355,none,none
wroclaw_2024_2025,60,13530,0,0,0.0,0.0,0.19571096703135352,none,none
wroclaw_2024_2025,60,13531,0,0,0.0,0.0,0.20766125259458865,none,none
wroclaw_2024_2025,60,13532,0,0,0.01,0.0,0.2044026008120365,none,none
wroclaw_2024_2025,60,13533,0,0,0.01,0.0,0.21185851144893972,none,none
wroclaw_2024_2025,60,13534,0,0,0.02895182631999029,0.0,0.19539510329602747,none,none
wroclaw_2024_2025,60,13535,0,0,0.033951826319990296,0.0,0.19076954871837673,none,none
wroclaw_2024_2025,60,13536,0,0,0.0,0.0,0.19478361816990233,none,none
wroclaw_2024_2025,60,13537,0,0,0.0,0.0,0.19953112465018,none,none
wroclaw_2024_2025,60,13538,0,0,0.01459292650503168,0.0,0.21702369105715025,none,none
wroclaw_2024_2025,60,13539,0,0,0.01959292650503168,0.0,0.21876858681788744,none,none
wroclaw_2024_2025,60,13540,0,0,0.005,0.0,0.19974391566420108,none,none
wroclaw_2024_2025,60,13541,0,0,0.004731094613259669,0.0,0.20279652490792985,none,none
wroclaw_2024_2025,60,13542,0,0,0.024462189226519337,0.0,0.20986089957701506,none,none
wroclaw_2024_2025,60,13543,0,0,0.03892437845303867,0.0,0.20895554226529706,none,none
wroclaw_2024_2025,60,13544,0,0,0.05865547306629834,0.0,0.20220991575302102,none,none
wroclaw_2024_2025,60,13545,0,0,0.033786210344810684,0.0,0.19773595778404315,none,none
wroclaw_2024_2025,60,13546,0,0,0.01459292650503168,0.0,0.20714051712081963,none,none
wroclaw_2024_2025,60,13547,0,0,0.01432402111829135,0.0,0.20613022223784813,none,none
wroclaw_2024_2025,60,13548,0,0,0.00935146898524297,0.0,0.19410530288179306,none,none
wroclaw_2024_2025,60,13549,0,0,0.01905511573155102,0.0,0.17633262573394612,none,none
wroclaw_2024_2025,60,13550,0,0,0.01408256359850264,0.0,0.17884242055396066,none,none
wroclaw_2024_2025,60,13551,0,0,0.023303295305233264,0.0,0.1682478549068596,none,none
wroclaw_2024_2025,60,13552,0,0,0.01408256359850264,0.0,0.16998354284733797,none,none
wroclaw_2024_2025,60,13553,0,0,0.00935146898524297,0.0,0.17073066747209673,none,none
wroclaw_2024_2025,60,13554,0,0,0.00935146898524297,0.0,0.1726880488950121,none,none
wroclaw_2024_2025,60,13555,0,0,0.028786210344810687,0.0,0.17654101594770888,none,none
wroclaw_2024_2025,60,13556,0,0,0.01905511573155102,0.0,0.20306030409043727,none,none
wroclaw_2024_2025,60,13557,0,0,0.0,0.0,0.2495915318209766,none,none
wroclaw_2024_2025,60,13558,0,0,0.0,0.0,0.2899819480480743,none,none
wroclaw_2024_2025,60,13559,0,0,0.0,0.0,0.31737354259338724,none,none
wroclaw_2024_2025,60,13560,0,0,0.005,0.0,0.3037961600283511,none,none
wroclaw_2024_2025,60,13561,0,0,0.005,0.0,0.29328837537503727,none,none
wroclaw_2024_2025,60,13562,0,0,0.01408256359850264,0.0,0.2894256502662283,none,none
wroclaw_2024_2025,60,13563,0,0,0.013951826319990297,0.0,0.28294468524131805,none,none
wroclaw_2024_2025,60,13564,0,0,0.013951826319990297,0.0,0.2773551035264698,none,none
wroclaw_2024_2025,60,13565,0,0,0.014731094613259667,0.0,0.2840326095142738,none,none
wroclaw_2024_2025,60,13566,0,0,0.014731094613259667,0.0,0.2705762084091278,none,none
wroclaw_2024_2025,60,13567,0,0,0.015,0.0,0.277714271302671,none,none
wroclaw_2024_2025,60,13568,0,0,0.005,0.0,0.28532853302357086,none,none
wroclaw_2024_2025,60,13569,0,0,0.01,0.0,0.2833760302581388,none,none
wroclaw_2024_2025,60,13570,0,0,0.015,0.0,0.26933326623734194,none,none
wroclaw_2024_2025,60,13571,0,0,0.02,0.0,0.2691244605706972,none,none
wroclaw_2024_2025,60,13572,0,0,0.02,0.0,0.2698999448673946,none,none
wroclaw_2024_2025,60,13573,0,0,0.02,0.0,0.25763690568992875,none,none
wroclaw_2024_2025,60,13574,0,0,0.025,0.0,0.2722027426580729,none,none
wroclaw_2024_2025,60,13575,0,0,0.03946218922651933,0.0,0.2383320177183035,none,none
wroclaw_2024_2025,60,13576,0,0,0.024731094613259667,0.0,0.24722464470905062,none,none
wroclaw_2024_2025,60,13577,0,0,0.029462189226519334,0.0,0.2412596579613834,none,none
wroclaw_2024_2025,60,13578,0,0,0.05392437845303867,0.0,0.2364020279230103,none,none
wroclaw_2024_2025,60,13579,0,0,0.03946218922651933,0.0,0.21887356914248626,none,none
wroclaw_2024_2025,60,13580,0,0,0.06365547306629833,0.0,0.2082897318926118,none,none
wroclaw_2024_2025,60,13581,0,0,0.04865547306629834,0.0,0.20768818728790417,none,none
wroclaw_2024_2025,60,13582,0,0,0.034462189226519335,0.0,0.22141992217233433,none,none
wroclaw_2024_2025,60,13583,0,0,0.02973109461325967,0.0,0.19274371254932654,none,none
wroclaw_2024_2025,60,13584,0,0,0.02973109461325967,0.0,0.1778402833157905,none,none
wroclaw_2024_2025,60,13585,0,0,0.05865547306629834,0.0,0.17991591895391593,none,none
wroclaw_2024_2025,60,13586,0,0,0.06365547306629833,0.0,0.1786272549388822,none,none
wroclaw_2024_2025,60,13587,0,0,0.07287620477302897,0.0,0.1789703596458971,none,none
wroclaw_2024_2025,60,13588,0,0,0.07760729938628863,0.0,0.17271528432158362,none,none
wroclaw_2024_2025,60,13589,0,0,0.0681451101597693,0.0,0.17381910565243486,none,none
wroclaw_2024_2025,60,13590,0,0,0.05392437845303867,0.0,0.17683190445393634,none,none
wroclaw_2024_2025,60,13591,0,0,0.05892437845303867,0.0,0.1855685353523525,none,none
wroclaw_2024_2025,60,13592,0,0,0.054193283839779005,0.0,0.18100853375358095,none,none
wroclaw_2024_2025,60,13593,0,0,0.059193283839779,0.0,0.18270880137475776,none,none
wroclaw_2024_2025,60,13594,0,0,0.048951826319990295,0.0,0.18534853429784684,none,none
wroclaw_2024_2025,60,13595,0,0,0.06368292093324995,0.0,0.21176400082491736,none,none
wroclaw_2024_2025,60,13596,0,0,0.07263474725324025,0.0,0.22357010357224807,none,none
wroclaw_2024_2025,60,13597,0,0,0.06865547306629834,0.0,0.21466462805052142,none,none
wroclaw_2024_2025,60,13598,0,0,0.05841401554650963,0.0,0.23644466985806495,none,none
wroclaw_2024_2025,60,13599,0,0,0.0739518263199903,0.0,0.24306362993229116,none,none
wroclaw_2024_2025,60,13600,0,0,0.11236584186649992,0.0,0.23237195639341968,none,none
wroclaw_2024_2025,60,13601,0,0,0.09868292093324996,0.0,0.21279047581265223,none,none
wroclaw_2024_2025,60,13602,0,0,0.12341401554650963,0.0,0.2111403868409354,none,none
wroclaw_2024_2025,60,13603,0,0,0.12841401554650964,0.0,0.20132830994661322,none,none
wroclaw_2024_2025,60,13604,0,0,0.14787620477302896,0.0,0.18538631616598902,none,none
wroclaw_2024_2025,60,13605,0,0,0.1623383939995483,0.0,0.20330737749298292,none,none
wroclaw_2024_2025,60,13606,0,0,0.133386567679558,0.0,0.19671474733431174,none,none
wroclaw_2024_2025,60,13607,0,0,0.10286877394331331,0.0,0.19347359954822294,none,none
wroclaw_2024_2025,60,13608,0,0,0.06878621034481068,0.0,0.193470080199072,none,none
wroclaw_2024_2025,60,13609,0,0,0.067738036664801,0.0,0.1822720714925861,none,none
wroclaw_2024_2025,60,13610,0,0,0.049462189226519335,0.0,0.18386840283605618,none,none
wroclaw_2024_2025,60,13611,0,0,0.034462189226519335,0.0,0.18870393467481783,none,none
wroclaw_2024_2025,60,13612,0,0,0.024731094613259667,0.0,0.18929857692681504,none,none
wroclaw_2024_2025,60,13613,0,0,0.014731094613259667,0.0,0.19581500061972054,none,none
wroclaw_2024_2025,60,13614,0,0,0.014731094613259667,0.0,0.18412653260416284,none,none
wroclaw_2024_2025,60,13615,0,0,0.02868292093324996,0.0,0.17951300555359348,none,none
wroclaw_2024_2025,60,13616,0,0,0.019462189226519336,0.0,0.17840619034921298,none,none
wroclaw_2024_2025,60,13617,0,0,0.04293110050693222,0.0,0.1832870488781026,none,none
wroclaw_2024_2025,60,13618,0,0,0.014731094613259667,0.0,0.19870243174442015,none,none
wroclaw_2024_2025,60,13619,0,0,0.024462189226519337,0.0,0.19299673201991602,none,none
wroclaw_2024_2025,60,13620,0,0,0.024462189226519337,0.0,0.193743471228307,none,none
wroclaw_2024_2025,60,13621,0,0,0.019462189226519336,0.0,0.1761818212250367,none,none
wroclaw_2024_2025,60,13622,0,0,0.005,0.0,0.1675393407455011,none,none
wroclaw_2024_2025,60,13623,0,0,0.009489637093470959,0.0,0.1671128291777695,none,none
wroclaw_2024_2025,60,13624,0,0,0.004731094613259669,0.0,0.16522528481669313,none,none
wroclaw_2024_2025,60,13625,0,0,0.009731094613259668,0.0,0.1674516587689949,none,none
wroclaw_2024_2025,60,13626,0,0,0.005,0.0,0.16425173846605565,none,none
wroclaw_2024_2025,60,13627,0,0,0.018951826319990296,0.0,0.18091261752708301,none,none
wroclaw_2024_2025,60,13628,0,0,0.01932402111829135,0.0,0.17039212265619544,none,none
wroclaw_2024_2025,60,13629,0,0,0.009462189226519337,0.0,0.16184173667268445,none,none
wroclaw_2024_2025,60,13630,0,0,0.0,0.0,0.17588648230107562,none,none
wroclaw_2024_2025,60,13631,0,0,0.004731094613259669,0.0,0.17576657496494688,none,none
wroclaw_2024_2025,60,13632,0,0,0.005,0.0,0.18147161529939862,none,none
wroclaw_2024_2025,60,13633,0,0,0.00448963709347096,0.0,0.17668557085327383,none,none
wroclaw_2024_2025,60,13634,0,0,0.009861831891772012,0.0,0.18720251468591148,none,none
wroclaw_2024_2025,60,13635,0,0,0.0,0.0,0.1811893418700536,none,none
wroclaw_2024_2025,60,13636,0,0,0.004731094613259669,0.0,0.1775287600418735,none,none
wroclaw_2024_2025,60,13637,0,0,0.00959292650503168,0.0,0.16473663096804303,none,none
wroclaw_2024_2025,60,13638,0,0,0.0475240270119639,0.0,0.18585381246410776,none,none
wroclaw_2024_2025,60,13639,0,0,0.043682920933249964,0.0,0.18769800222214586,none,none
wroclaw_2024_2025,60,13640,0,0,0.034193283839779,0.0,0.1856010920586847,none,none
wroclaw_2024_2025,60,13641,0,0,0.024592926505031684,0.0,0.17346247362155381,none,none
wroclaw_2024_2025,60,13642,0,0,0.033675490103534315,0.0,0.1706464857531828,none,none
wroclaw_2024_2025,60,13643,0,0,0.01459292650503168,0.0,0.16878437381392106,none,none
wroclaw_2024_2025,60,13644,0,0,0.0,0.0,0.16824497431416513,none,none
wroclaw_2024_2025,60,13645,0,0,0.0,0.0,0.16480915943739094,none,none
wroclaw_2024_2025,60,13646,0,0,0.004731094613259669,0.0,0.1631478528457738,none,none
wroclaw_2024_2025,60,13647,0,0,0.01432402111829135,0.0,0.15674460397536988,none,none
wroclaw_2024_2025,60,13648,0,0,0.004731094613259669,0.0,0.16136723856658267,none,none
wroclaw_2024_2025,60,13649,0,0,0.018951826319990296,0.0,0.1625106427104736,none,none
wroclaw_2024_2025,60,13650,0,0,0.01422073170673063,0.0,0.16155077688720543,none,none
wroclaw_2024_2025,60,13651,0,0,0.028682920933249964,0.0,0.1633145060285408,none,none
wroclaw_2024_2025,60,13652,0,0,0.023924378453038676,0.0,0.17455260066108694,none,none
wroclaw_2024_2025,60,13653,0,0,0.013951826319990297,0.0,0.1998796037541271,none,none
wroclaw_2024_2025,60,13654,0,0,0.009462189226519337,0.0,0.20502952969068816,none,none
wroclaw_2024_2025,60,13655,0,0,0.014731094613259667,0.0,0.2254522688028366,none,none
wroclaw_2024_2025,60,13656,0,0,0.004731094613259669,0.0,0.2457625905522232,none,none
wroclaw_2024_2025,60,13657,0,0,0.009731094613259668,0.0,0.252401974682524,none,none
wroclaw_2024_2025,60,13658,0,0,0.004731094613259669,0.0,0.23874383520530024,none,none
wroclaw_2024_2025,60,13659,0,0,0.004731094613259669,0.0,0.24202299251279774,none,none
wroclaw_2024_2025,60,13660,0,0,0.005,0.0,0.23902502464250314,none,none
wroclaw_2024_2025,60,13661,0,0,0.004731094613259669,0.0,0.2364546078829975,none,none
wroclaw_2024_2025,60,13662,0,0,0.033951826319990296,0.0,0.2338474917071027,none,none
wroclaw_2024_2025,60,13663,0,0,0.03354475282502197,0.0,0.22192040895240248,none,none
wroclaw_2024_2025,60,13664,0,0,0.024220731706730628,0.0,0.21039867654275438,none,none
wroclaw_2024_2025,60,13665,0,0,0.054055115731551015,0.0,0.20043440397269566,none,none
wroclaw_2024_2025,60,13666,0,0,0.03959292650503168,0.0,0.20734289097709055,none,none
wroclaw_2024_2025,60,13667,0,0,0.05959292650503168,0.0,0.2167081249092794,none,none
wroclaw_2024_2025,60,13668,0,0,0.03473109461325967,0.0,0.2293738097662238,none,none
wroclaw_2024_2025,60,13669,0,0,0.02,0.0,0.22047629223701323,none,none
wroclaw_2024_2025,60,13670,0,0,0.04908256359850264,0.0,0.20662827460509955,none,none
wroclaw_2024_2025,60,13671,0,0,0.044731094613259664,0.0,0.20702001555116842,none,none
wroclaw_2024_2025,60,13672,0,0,0.029592926505031678,0.0,0.22751929182232594,none,none
wroclaw_2024_2025,60,13673,0,0,0.01,0.0,0.2030035800613921,none,none
wroclaw_2024_2025,60,13674,0,0,0.014861831891772011,0.0,0.20746505778793586,none,none
wroclaw_2024_2025,60,13675,0,0,0.014861831891772011,0.0,0.187932108090314,none,none
wroclaw_2024_2025,60,13676,0,0,0.029462189226519334,0.0,0.18056679548988344,none,none
wroclaw_2024_2025,60,13677,0,0,0.048813658211762305,0.0,0.18853498084469297,none,none
wroclaw_2024_2025,60,13678,0,0,0.04844146341346125,0.0,0.23151433511924888,none,none
wroclaw_2024_2025,60,13679,0,0,0.058172558026720916,0.0,0.22288566706326815,none,none
wroclaw_2024_2025,60,13680,0,0,0.047903652639980594,0.0,0.203832149552285,none,none
wroclaw_2024_2025,60,13681,0,0,0.03895182631999029,0.0,0.19924552344594385,none,none
wroclaw_2024_2025,60,13682,0,0,0.07228256949217518,0.0,0.19223506156072578,none,none
wroclaw_2024_2025,60,13683,0,0,0.09620694794521384,0.0,0.17379820662468615,none,none
wroclaw_2024_2025,60,13684,0,0,0.09110365853365313,0.0,0.16419018181468265,none,none
wroclaw_2024_2025,60,13685,0,0,0.1359105946915219,0.0,0.15734946447273424,none,none
wroclaw_2024_2025,60,13686,0,0,0.10276548453175259,0.0,0.1585420347186174,none,none
wroclaw_2024_2025,60,13687,0,0,0.10685547895997088,0.0,0.1512222895026114,none,none
wroclaw_2024_2025,60,13688,0,0,0.09817255802672092,0.0,0.14774431679676936,none,none
wroclaw_2024_2025,60,13689,0,0,0.0973383939995483,0.0,0.14027075577353504,none,none
wroclaw_2024_2025,60,13690,0,0,0.08324839957133003,0.0,0.1557334289479278,none,none
wroclaw_2024_2025,60,13691,0,0,0.08790365263998058,0.0,0.1549620647409128,none,none
wroclaw_2024_2025,60,13692,0,0,0.09617950007826223,0.0,0.1513372765634797,none,none
wroclaw_2024_2025,60,13693,0,0,0.1102420466395289,0.0,0.14906949606631742,none,none
wroclaw_2024_2025,60,13694,0,0,0.10626277245258697,0.0,0.15490573415804218,none,none
wroclaw_2024_2025,60,13695,0,0,0.1442697145041283,0.0,0.1554774047389728,none,none
wroclaw_2024_2025,60,13696,0,0,0.10602131493279827,0.0,0.15922995299826506,none,none
wroclaw_2024_2025,60,13697,0,0,0.07736584186649992,0.0,0.17753456641240017,none,none
wroclaw_2024_2025,60,13698,0,0,0.08180058322606763,0.0,0.16815377190364247,none,none
wroclaw_2024_2025,60,13699,0,0,0.091124604344359,0.0,0.16910068954907662,none,none
wroclaw_2024_2025,60,13700,0,0,0.06706948861280798,0.0,0.16368536563732103,none,none
wroclaw_2024_2025,60,13701,0,0,0.11048350415931761,0.0,0.1433867229829798,none,none
wroclaw_2024_2025,60,13702,0,0,0.1065516948765633,0.0,0.13655351822448594,none,none
wroclaw_2024_2025,60,13703,0,0,0.08763474725324025,0.0,0.1383172786209644,none,none
wroclaw_2024_2025,60,13704,0,0,0.1256068106081143,0.0,0.13864780825192655,none,none
wroclaw_2024_2025,60,13705,0,0,0.11561424143782993,0.0,0.14082629737507352,none,none
wroclaw_2024_2025,60,13706,0,0,0.0973383939995483,0.0,0.13954895870602826,none,none
wroclaw_2024_2025,60,13707,0,0,0.08787620477302896,0.0,0.14721867495518876,none,none
wroclaw_2024_2025,60,13708,0,0,0.08787620477302896,0.0,0.15976621019549986,none,none
wroclaw_2024_2025,60,13709,0,0,0.08787620477302896,0.0,0.14667757138639934,none,none
wroclaw_2024_2025,60,13710,0,0,0.09680058322606763,0.0,0.1672683631224573,none,none
wroclaw_2024_2025,60,13711,0,0,0.09260729938628863,0.0,0.15699258727956172,none,none
wroclaw_2024_2025,60,13712,0,0,0.10287620477302899,0.0,0.1640205715012256,none,none
wroclaw_2024_2025,60,13713,0,0,0.09814511015976929,0.0,0.15809081818536957,none,none
wroclaw_2024_2025,60,13714,0,0,0.0779036526399806,0.0,0.1565186541299086,none,none
wroclaw_2024_2025,60,13715,0,0,0.08712438434671123,0.0,0.17654799442791153,none,none
wroclaw_2024_2025,60,13716,0,0,0.07739328973345155,0.0,0.17333150144801177,none,none
wroclaw_2024_2025,60,13717,0,0,0.08314511015976932,0.0,0.18145718672966488,none,none
wroclaw_2024_2025,60,13718,0,0,0.08287620477302897,0.0,0.17425322442165916,none,none
wroclaw_2024_2025,60,13719,0,0,0.07736584186649993,0.0,0.17212021510310377,none,none
wroclaw_2024_2025,60,13720,0,0,0.07290365263998058,0.0,0.17040388119011488,none,none
wroclaw_2024_2025,60,13721,0,0,0.06266219512019187,0.0,0.17892689503393475,none,none
wroclaw_2024_2025,60,13722,0,0,0.07266219512019187,0.0,0.20125438952253732,none,none
wroclaw_2024_2025,60,13723,0,0,0.09131766818649022,0.0,0.18943059563595196,none,none
wroclaw_2024_2025,60,13724,0,0,0.08182803109301925,0.0,0.1902771387751952,none,none
wroclaw_2024_2025,60,13725,0,0,0.10287620477302896,0.0,0.17698263128481176,none,none
wroclaw_2024_2025,60,13726,0,0,0.10260729938628863,0.0,0.20310917015789937,none,none
wroclaw_2024_2025,60,13727,0,0,0.11260729938628863,0.0,0.2304535579082331,none,none
wroclaw_2024_2025,60,13728,0,0,0.09811766229281767,0.0,0.19526702122198009,none,none
wroclaw_2024_2025,60,13729,0,0,0.11206948861280797,0.0,0.17813767379947465,none,none
wroclaw_2024_2025,60,13730,0,0,0.10260729938628863,0.0,0.1604438251519745,none,none
wroclaw_2024_2025,60,13731,0,0,0.09631766818649021,0.0,0.16281742643564584,none,none
wroclaw_2024_2025,60,13732,0,0,0.10260729938628863,0.0,0.15211523989446685,none,none
wroclaw_2024_2025,60,13733,0,0,0.098386567679558,0.0,0.1496016323334688,none,none
wroclaw_2024_2025,60,13734,0,0,0.09257985151933701,0.0,0.14528390100921992,none,none
wroclaw_2024_2025,60,13735,0,0,0.09257985151933701,0.0,0.1477358932578902,none,none
wroclaw_2024_2025,60,13736,0,0,0.10158657357323056,0.0,0.15147271103960014,none,none
wroclaw_2024_2025,60,13737,0,0,0.09236584186649992,0.0,0.1622143076067388,none,none
wroclaw_2024_2025,60,13738,0,0,0.0779036526399806,0.0,0.15186667718375518,none,none
wroclaw_2024_2025,60,13739,0,0,0.07317255802672093,0.0,0.14766964311814137,none,none
wroclaw_2024_2025,60,13740,0,0,0.08790365263998061,0.0,0.14473797091857227,none,none
wroclaw_2024_2025,60,13741,0,0,0.079193283839779,0.0,0.1407123864424448,none,none
wroclaw_2024_2025,60,13742,0,0,0.07868292093324997,0.0,0.14586230729819905,none,none
wroclaw_2024_2025,60,13743,0,0,0.06868292093324996,0.0,0.15824064337070154,none,none
wroclaw_2024_2025,60,13744,0,0,0.069193283839779,0.0,0.16765413409710925,none,none
wroclaw_2024_2025,60,13745,0,0,0.06892437845303868,0.0,0.1524347411211325,none,none
wroclaw_2024_2025,60,13746,0,0,0.09244168341110902,0.0,0.1556745214406434,none,none
wroclaw_2024_2025,60,13747,0,0,0.11246913127806063,0.0,0.16437660744433463,none,none
wroclaw_2024_2025,60,13748,0,0,0.08712438434671123,0.0,0.165344787024802,none,none
wroclaw_2024_2025,60,13749,0,0,0.10655912570627894,0.0,0.15893027161314208,none,none
wroclaw_2024_2025,60,13750,0,0,0.07290365263998058,0.0,0.16091470111549064,none,none
wroclaw_2024_2025,60,13751,0,0,0.07698621623848323,0.0,0.15329441311046257,none,none
wroclaw_2024_2025,60,13752,0,0,0.05293110050693221,0.0,0.17907676342102583,none,none
wroclaw_2024_2025,60,13753,0,0,0.07161402144018218,0.0,0.17759233185833836,none,none
wroclaw_2024_2025,60,13754,0,0,0.06817255802672093,0.0,0.18217572139075375,none,none
wroclaw_2024_2025,60,13755,0,0,0.06266219512019189,0.0,0.16530062189358977,none,none
wroclaw_2024_2025,60,13756,0,0,0.06344146341346125,0.0,0.17860720994774357,none,none
wroclaw_2024_2025,60,13757,0,0,0.08776548453175259,0.0,0.17585008633974206,none,none
wroclaw_2024_2025,60,13758,0,0,0.08222767375827193,0.0,0.18843404450795623,none,none
wroclaw_2024_2025,60,13759,0,0,0.06688292682692251,0.0,0.2163326460005909,none,none
wroclaw_2024_2025,60,13760,0,0,0.053414015546509624,0.0,0.18827740404984192,none,none
wroclaw_2024_2025,60,13761,0,0,0.06634511605344184,0.0,0.1743512521060788,none,none
wroclaw_2024_2025,60,13762,0,0,0.07155912570627893,0.0,0.17478079395489876,none,none
wroclaw_2024_2025,60,13763,0,0,0.0620969364797596,0.0,0.19935435244589836,none,none
wroclaw_2024_2025,60,13764,0,0,0.1042697145041283,0.0,0.19244047951212723,none,none
wroclaw_2024_2025,60,13765,0,0,0.09940788261235628,0.0,0.212925245790348,none,none
wroclaw_2024_2025,60,13766,0,0,0.08193132050457999,0.0,0.21546990360409524,none,none
wroclaw_2024_2025,60,13767,0,0,0.05790365263998058,0.0,0.20775052095471078,none,none
wroclaw_2024_2025,60,13768,0,0,0.08117950007826223,0.0,0.1926106005349761,none,none
wroclaw_2024_2025,60,13769,0,0,0.08125534162287133,0.0,0.1753106095562777,none,none
wroclaw_2024_2025,60,13770,0,0,0.08639350973109931,0.0,0.19108159321124624,none,none
wroclaw_2024_2025,60,13771,0,0,0.10077985741300954,0.0,0.17490309480200536,none,none
wroclaw_2024_2025,60,13772,0,0,0.09555841693045682,0.0,0.15945656412275494,none,none
wroclaw_2024_2025,60,13773,0,0,0.08668986298479128,0.0,0.16503780777902155,none,none
wroclaw_2024_2025,60,13774,0,0,0.09658657357323057,0.0,0.15038569033034144,none,none
wroclaw_2024_2025,60,13775,0,0,0.11706948861280798,0.0,0.15303164289627263,none,none
wroclaw_2024_2025,60,13776,0,0,0.09685547895997089,0.0,0.14736585859594145,none,none
wroclaw_2024_2025,60,13777,0,0,0.0781451101597693,0.0,0.15025161952649377,none,none
wroclaw_2024_2025,60,13778,0,0,0.08709693647975959,0.0,0.14950091939442678,none,none
wroclaw_2024_2025,60,13779,0,0,0.07787620477302896,0.0,0.15517648201909637,none,none
wroclaw_2024_2025,60,13780,0,0,0.09134511605344184,0.0,0.15414691216290166,none,none
wroclaw_2024_2025,60,13781,0,0,0.10193132050457997,0.0,0.1489212374207221,none,none
wroclaw_2024_2025,60,13782,0,0,0.0858073052799612,0.0,0.16735991136816017,none,none
wroclaw_2024_2025,60,13783,0,0,0.11403475904058535,0.0,0.17320674668702352,none,none
wroclaw_2024_2025,60,13784,0,0,0.09617950007826223,0.0,0.15407959717021893,none,none
wroclaw_2024_2025,60,13785,0,0,0.08297949418458969,0.0,0.15597358269214542,none,none
wroclaw_2024_2025,60,13786,0,0,0.08161402144018219,0.0,0.14591001749174984,none,none
wroclaw_2024_2025,60,13787,0,0,0.07263474725324026,0.0,0.1375993914712537,none,none
wroclaw_2024_2025,60,13788,0,0,0.044193283839779,0.0,0.144287867281219,none,none
wroclaw_2024_2025,60,13789,0,0,0.049193283839779,0.0,0.15020218282414913,none,none
wroclaw_2024_2025,60,13790,0,0,0.0531451101597693,0.0,0.15643154894598507,none,none
wroclaw_2024_2025,60,13791,0,0,0.06236584186649993,0.0,0.13820661632278605,none,none
wroclaw_2024_2025,60,13792,0,0,0.04841401554650963,0.0,0.13880364001138956,none,none
wroclaw_2024_2025,60,13793,0,0,0.03368292093324996,0.0,0.14371172232479837,none,none
wroclaw_2024_2025,60,13794,0,0,0.044193283839779,0.0,0.14440633242625284,none,none
wroclaw_2024_2025,60,13795,0,0,0.039193283839779006,0.0,0.16159181348902701,none,none
wroclaw_2024_2025,60,13796,0,0,0.05300694205154131,0.0,0.1902429252169514,none,none
wroclaw_2024_2025,60,13797,0,0,0.06246913127806065,0.0,0.19700239025386193,none,none
wroclaw_2024_2025,60,13798,0,0,0.05789622181026495,0.0,0.19418679403554984,none,none
wroclaw_2024_2025,60,13799,0,0,0.07088314682457028,0.0,0.18521986668964577,none,none
wroclaw_2024_2025,60,13800,0,0,0.05685547895997089,0.0,0.1708386329366356,none,none
wroclaw_2024_2025,60,13801,0,0,0.05236584186649993,0.0,0.16789365136603163,none,none
wroclaw_2024_2025,60,13802,0,0,0.08566913717173319,0.0,0.1739537782173739,none,none
wroclaw_2024_2025,60,13803,0,0,0.04814511015976929,0.0,0.17111659195260012,none,none
wroclaw_2024_2025,60,13804,0,0,0.057634747253240255,0.0,0.1685534759177137,none,none
wroclaw_2024_2025,60,13805,0,0,0.05712438434671121,0.0,0.16824205703239406,none,none
wroclaw_2024_2025,60,13806,0,0,0.05259986855657299,0.0,0.17390860321848853,none,none
wroclaw_2024_2025,60,13807,0,0,0.038145110159769305,0.0,0.16999178497563813,none,none
wroclaw_2024_2025,60,13808,0,0,0.0431451101597693,0.0,0.17482491056734922,none,none
wroclaw_2024_2025,60,13809,0,0,0.038145110159769305,0.0,0.17932462467194052,none,none
wroclaw_2024_2025,60,13810,0,0,0.042876204773028975,0.0,0.15685735370820525,none,none
wroclaw_2024_2025,60,13811,0,0,0.028172558026720928,0.0,0.16123205642673621,none,none
wroclaw_2024_2025,60,13812,0,0,0.019462189226519336,0.0,0.1506651542968011,none,none
wroclaw_2024_2025,60,13813,0,0,0.019462189226519336,0.0,0.16587854027101892,none,none
wroclaw_2024_2025,60,13814,0,0,0.028655473066298343,0.0,0.1748651176021055,none,none
wroclaw_2024_2025,60,13815,0,0,0.03787620477302897,0.0,0.17634693937914886,none,none
wroclaw_2024_2025,60,13816,0,0,0.019462189226519336,0.0,0.1720623910041801,none,none
wroclaw_2024_2025,60,13817,0,0,0.019462189226519336,0.0,0.17504726393709455,none,none
wroclaw_2024_2025,60,13818,0,0,0.019462189226519336,0.0,0.17557051830975298,none,none
wroclaw_2024_2025,60,13819,0,0,0.024462189226519337,0.0,0.17389475623139164,none,none
wroclaw_2024_2025,60,13820,0,0,0.024462189226519337,0.0,0.1753276229344084,none,none
wroclaw_2024_2025,60,13821,0,0,0.019731094613259666,0.0,0.1854277227550255,none,none
wroclaw_2024_2025,60,13822,0,0,0.034462189226519335,0.0,0.16800016203451598,none,none
wroclaw_2024_2025,60,13823,0,0,0.049462189226519335,0.0,0.14705119528910782,none,none
wroclaw_2024_2025,60,13824,0,0,0.05395182631999029,0.0,0.1589720183790343,none,none
wroclaw_2024_2025,60,13825,0,0,0.06293110050693222,0.0,0.1634205613726742,none,none
wroclaw_2024_2025,60,13826,0,0,0.07865547306629833,0.0,0.15027852086027865,none,none
wroclaw_2024_2025,60,13827,0,0,0.08784875690607734,0.0,0.15068452276912284,none,none
wroclaw_2024_2025,60,13828,0,0,0.08878621034481067,0.0,0.1461088636431044,none,none
wroclaw_2024_2025,60,13829,0,0,0.09263474725324025,0.0,0.14134763869458564,none,none
wroclaw_2024_2025,60,13830,0,0,0.06341401554650963,0.0,0.14032872958848244,none,none
wroclaw_2024_2025,60,13831,0,0,0.06365547306629833,0.0,0.1374619392570172,none,none
wroclaw_2024_2025,60,13832,0,0,0.05892437845303867,0.0,0.1359738675012625,none,none
wroclaw_2024_2025,60,13833,0,0,0.05392437845303867,0.0,0.13284342870898413,none,none
wroclaw_2024_2025,60,13834,0,0,0.039193283839779006,0.0,0.1383602026510539,none,none
wroclaw_2024_2025,60,13835,0,0,0.0389518263199903,0.0,0.17014818547787708,none,none
wroclaw_2024_2025,60,13836,0,0,0.03946218922651933,0.0,0.17607851642406178,none,none
wroclaw_2024_2025,60,13837,0,0,0.039193283839779006,0.0,0.15787710780802197,none,none
wroclaw_2024_2025,60,13838,0,0,0.044193283839779,0.0,0.1434366059454804,none,none
wroclaw_2024_2025,60,13839,0,0,0.044193283839779,0.0,0.14479667648436018,none,none
wroclaw_2024_2025,60,13840,0,0,0.049462189226519335,0.0,0.1458640290376323,none,none
wroclaw_2024_2025,60,13841,0,0,0.02973109461325967,0.0,0.1505984713490161,none,none
wroclaw_2024_2025,60,13842,0,0,0.04973109461325967,0.0,0.15718768877016828,none,none
wroclaw_2024_2025,60,13843,0,0,0.03473109461325967,0.0,0.1528770292516293,none,none
wroclaw_2024_2025,60,13844,0,0,0.03473109461325967,0.0,0.16757543144324683,none,none
wroclaw_2024_2025,60,13845,0,0,0.019731094613259666,0.0,0.17731325413355695,none,none
wroclaw_2024_2025,60,13846,0,0,0.019731094613259666,0.0,0.18614259791587426,none,none
wroclaw_2024_2025,60,13847,0,0,0.023951826319990297,0.0,0.2103515453269771,none,none
wroclaw_2024_2025,60,13848,0,0,0.048414015546509634,0.0,0.20462729226880272,none,none
wroclaw_2024_2025,60,13849,0,0,0.06877877951509503,0.0,0.19226451577455286,none,none
wroclaw_2024_2025,60,13850,0,0,0.054055115731551015,0.0,0.19356694435158847,none,none
wroclaw_2024_2025,60,13851,0,0,0.04865547306629834,0.0,0.17505139759063434,none,none
wroclaw_2024_2025,60,13852,0,0,0.053414015546509624,0.0,0.17983312446242591,none,none
wroclaw_2024_2025,60,13853,0,0,0.048924378453038674,0.0,0.1828307930907471,none,none
wroclaw_2024_2025,60,13854,0,0,0.043655473066298335,0.0,0.20509981207033243,none,none
wroclaw_2024_2025,60,13855,0,0,0.05338656767955802,0.0,0.2082558226189061,none,none
wroclaw_2024_2025,60,13856,0,0,0.04338656767955801,0.0,0.21506352609848864,none,none
wroclaw_2024_2025,60,13857,0,0,0.05257985151933701,0.0,0.2126677984692529,none,none
wroclaw_2024_2025,60,13858,0,0,0.056800583226067645,0.0,0.20581875846576891,none,none
wroclaw_2024_2025,60,13859,0,0,0.052579851519337015,0.0,0.23055099461473996,none,none
wroclaw_2024_2025,60,13860,0,0,0.06704204074585635,0.0,0.23137022529896517,none,none
wroclaw_2024_2025,60,13861,0,0,0.04338656767955801,0.0,0.22837466591529862,none,none
wroclaw_2024_2025,60,13862,0,0,0.048386567679558005,0.0,0.2269222208187713,none,none
wroclaw_2024_2025,60,13863,0,0,0.043386567679558015,0.0,0.2341685709877921,none,none
wroclaw_2024_2025,60,13864,0,0,0.03365547306629834,0.0,0.24176203364233553,none,none
wroclaw_2024_2025,60,13865,0,0,0.029193283839779004,0.0,0.2345253288206456,none,none
wroclaw_2024_2025,60,13866,0,0,0.03368292093324996,0.0,0.24070652585593996,none,none
wroclaw_2024_2025,60,13867,0,0,0.043414015546509636,0.0,0.2597999130391491,none,none
wroclaw_2024_2025,60,13868,0,0,0.08602131493279826,0.0,0.24274609374581171,none,none
wroclaw_2024_2025,60,13869,0,0,0.07182803109301926,0.0,0.25960255852480724,none,none
wroclaw_2024_2025,60,13870,0,0,0.08182803109301925,0.0,0.24924049487436514,none,none
wroclaw_2024_2025,60,13871,0,0,0.0731451101597693,0.0,0.2480113731887489,none,none
wroclaw_2024_2025,60,13872,0,0,0.06341401554650963,0.0,0.25296889819805507,none,none
wroclaw_2024_2025,60,13873,0,0,0.06817255802672091,0.0,0.2476323420373424,none,none
wroclaw_2024_2025,60,13874,0,0,0.06803438991849294,0.0,0.22707693717837607,none,none
wroclaw_2024_2025,60,13875,0,0,0.06854475282502198,0.0,0.2142560449027418,none,none
wroclaw_2024_2025,60,13876,0,0,0.06854475282502198,0.0,0.19810016591067872,none,none
wroclaw_2024_2025,60,13877,0,0,0.0738136582117623,0.0,0.21467605303526174,none,none
wroclaw_2024_2025,60,13878,0,0,0.09327584743828166,0.0,0.19399670100082456,none,none
wroclaw_2024_2025,60,13879,0,0,0.10404768490183536,0.0,0.20698545082174985,none,none
wroclaw_2024_2025,60,13880,0,0,0.07473109461325966,0.0,0.17844595115757086,none,none
wroclaw_2024_2025,60,13881,0,0,0.07317255802672092,0.0,0.17094035416394301,none,none
wroclaw_2024_2025,60,13882,0,0,0.06715183221366283,0.0,0.1966685627202747,none,none
wroclaw_2024_2025,60,13883,0,0,0.058172558026720916,0.0,0.2107864482007684,none,none
wroclaw_2024_2025,60,13884,0,0,0.058172558026720916,0.0,0.20860410307163457,none,none
wroclaw_2024_2025,60,13885,0,0,0.048924378453038674,0.0,0.19390607191394615,none,none
wroclaw_2024_2025,60,13886,0,0,0.04446218922651934,0.0,0.19540645936887024,none,none
wroclaw_2024_2025,60,13887,0,0,0.06446218922651933,0.0,0.189584240684687,none,none
wroclaw_2024_2025,60,13888,0,0,0.044731094613259664,0.0,0.18407360819018884,none,none
wroclaw_2024_2025,60,13889,0,0,0.06408256359850263,0.0,0.19233122279027093,none,none
wroclaw_2024_2025,60,13890,0,0,0.07881365821176231,0.0,0.19605058216919832,none,none
wroclaw_2024_2025,60,13891,0,0,0.09446218922651933,0.0,0.2011503359466757,none,none
wroclaw_2024_2025,60,13892,0,0,0.10419328383977901,0.0,0.19985633262829663,none,none
wroclaw_2024_2025,60,13893,0,0,0.10446218922651934,0.0,0.20422318631071404,none,none
wroclaw_2024_2025,60,13894,0,0,0.109193283839779,0.0,0.22622049626373397,none,none
wroclaw_2024_2025,60,13895,0,0,0.10922073170673062,0.0,0.23621528722402238,none,none
wroclaw_2024_2025,60,13896,0,0,0.13422073170673063,0.0,0.22265708150858027,none,none
wroclaw_2024_2025,60,13897,0,0,0.14868292093324997,0.0,0.2072447683060196,none,none
wroclaw_2024_2025,60,13898,0,0,0.1331451101597693,0.0,0.20617232250518355,none,none
wroclaw_2024_2025,60,13899,0,0,0.1231451101597693,0.0,0.21170912102512662,none,none
wroclaw_2024_2025,60,13900,0,0,0.09392437845303866,0.0,0.2240965536911633,none,none
wroclaw_2024_2025,60,13901,0,0,0.09773803666480099,0.0,0.22156114276719888,none,none
wroclaw_2024_2025,60,13902,0,0,0.06273803666480098,0.0,0.22625100295064254,none,none
wroclaw_2024_2025,60,13903,0,0,0.07168986298479128,0.0,0.21656404114385877,none,none
wroclaw_2024_2025,60,13904,0,0,0.06720022589132031,0.0,0.2200911015543479,none,none
wroclaw_2024_2025,60,13905,0,0,0.029462189226519334,0.0,0.21916074769229524,none,none
wroclaw_2024_2025,60,13906,0,0,0.019462189226519336,0.0,0.19752809201194615,none,none
wroclaw_2024_2025,60,13907,0,0,0.014731094613259667,0.0,0.204303869075838,none,none
wroclaw_2024_2025,60,13908,0,0,0.014731094613259667,0.0,0.20037362238805576,none,none
wroclaw_2024_2025,60,13909,0,0,0.005,0.0,0.21449909201316178,none,none
wroclaw_2024_2025,60,13910,0,0,0.014462189226519338,0.0,0.20741757174930942,none,none
wroclaw_2024_2025,60,13911,0,0,0.023813658211762307,0.0,0.24150285082634101,none,none
wroclaw_2024_2025,60,13912,0,0,0.01922073170673063,0.0,0.23037313245188765,none,none
wroclaw_2024_2025,60,13913,0,0,0.01948963709347096,0.0,0.2245314613152524,none,none
wroclaw_2024_2025,60,13914,0,0,0.02973109461325967,0.0,0.22575399646501948,none,none
wroclaw_2024_2025,60,13915,0,0,0.034193283839779,0.0,0.20961463450802595,none,none
wroclaw_2024_2025,60,13916,0,0,0.0429036526399806,0.0,0.1875833012229417,none,none
wroclaw_2024_2025,60,13917,0,0,0.04763474725324026,0.0,0.18381905519462718,none,none
wroclaw_2024_2025,60,13918,0,0,0.06814511015976929,0.0,0.16417649079886742,none,none
wroclaw_2024_2025,60,13919,0,0,0.07760729938628863,0.0,0.18092184902074962,none,none
wroclaw_2024_2025,60,13920,0,0,0.07222767375827194,0.0,0.17073767696774536,none,none
wroclaw_2024_2025,60,13921,0,0,0.05685547895997089,0.0,0.16584358084699816,none,none
wroclaw_2024_2025,60,13922,0,0,0.10037278391804123,0.0,0.15968174479467565,none,none
wroclaw_2024_2025,60,13923,0,0,0.07131766818649023,0.0,0.1776280427052254,none,none
wroclaw_2024_2025,60,13924,0,0,0.0959380425584735,0.0,0.16473368745003414,none,none
wroclaw_2024_2025,60,13925,0,0,0.09561424143782996,0.0,0.17055820893012175,none,none
wroclaw_2024_2025,60,13926,0,0,0.0717173108517429,0.0,0.1664849702567057,none,none
wroclaw_2024_2025,60,13927,0,0,0.05844146341346125,0.0,0.15935033153382813,none,none
wroclaw_2024_2025,60,13928,0,0,0.08220022589132032,0.0,0.17208948283905812,none,none
wroclaw_2024_2025,60,13929,0,0,0.06787620477302897,0.0,0.16978250670394834,none,none
wroclaw_2024_2025,60,13930,0,0,0.07773803666480097,0.0,0.1715170145908408,none,none
wroclaw_2024_2025,60,13931,0,0,0.06287620477302897,0.0,0.16054176052106087,none,none
wroclaw_2024_2025,60,13932,0,0,0.04814511015976929,0.0,0.15933378674472587,none,none
wroclaw_2024_2025,60,13933,0,0,0.05180058322606764,0.0,0.1506553178161748,none,none
wroclaw_2024_2025,60,13934,0,0,0.03300694205154131,0.0,0.17540181477000108,none,none
wroclaw_2024_2025,60,13935,0,0,0.023172558026720927,0.0,0.17799152079692349,none,none
wroclaw_2024_2025,60,13936,0,0,0.028145110159769303,0.0,0.1936506941149145,none,none
wroclaw_2024_2025,60,13937,0,0,0.01919328383977901,0.0,0.18636230723478708,none,none
wroclaw_2024_2025,60,13938,0,0,0.029055115731551014,0.0,0.1894502209056238,none,none
wroclaw_2024_2025,60,13939,0,0,0.038544752825021976,0.0,0.19843362129817915,none,none
wroclaw_2024_2025,60,13940,0,0,0.03844146341346126,0.0,0.18178931311810578,none,none
wroclaw_2024_2025,60,13941,0,0,0.053414015546509624,0.0,0.19203428413559784,none,none
wroclaw_2024_2025,60,13942,0,0,0.05290365263998059,0.0,0.17375815004223377,none,none
wroclaw_2024_2025,60,13943,0,0,0.0631451101597693,0.0,0.1723711855468851,none,none
wroclaw_2024_2025,60,13944,0,0,0.024462189226519337,0.0,0.16814452911742236,none,none
wroclaw_2024_2025,60,13945,0,0,0.039193283839779006,0.0,0.17097284028526102,none,none
wroclaw_2024_2025,60,13946,0,0,0.0331451101597693,0.0,0.15611607590736373,none,none
wroclaw_2024_2025,60,13947,0,0,0.05744168341110902,0.0,0.1599498978052168,none,none
wroclaw_2024_2025,60,13948,0,0,0.04284875690607735,0.0,0.17711441024217972,none,none
wroclaw_2024_2025,60,13949,0,0,0.06693132050457998,0.0,0.1786246829130373,none,none
wroclaw_2024_2025,60,13950,0,0,0.04338656767955801,0.0,0.18560791987540476,none,none
wroclaw_2024_2025,60,13951,0,0,0.09123532458563535,0.0,0.18525699410369456,none,none
wroclaw_2024_2025,60,13952,0,0,0.08704204074585635,0.0,0.20237270407972233,none,none
wroclaw_2024_2025,60,13953,0,0,0.105986436236131,0.0,0.2146640875712293,none,none
wroclaw_2024_2025,60,13954,0,0,0.058110231463102034,0.0,0.21586457001510279,none,none
wroclaw_2024_2025,60,13955,0,0,0.0728413260763617,0.0,0.2223128279931043,none,none
wroclaw_2024_2025,60,13956,0,0,0.048379136849842366,0.0,0.23255891729608236,none,none
wroclaw_2024_2025,60,13957,0,0,0.048379136849842366,0.0,0.22323113267959457,none,none
wroclaw_2024_2025,60,13958,0,0,0.04824839957133002,0.0,0.2551869779876741,none,none
wroclaw_2024_2025,60,13959,0,0,0.028786210344810687,0.0,0.2537998697939583,none,none
wroclaw_2024_2025,60,13960,0,0,0.07706205778309233,0.0,0.25982975157054594,none,none
wroclaw_2024_2025,60,13961,0,0,0.06813024850033803,0.0,0.23559358908256467,none,none
wroclaw_2024_2025,60,13962,0,0,0.06326841660856601,0.0,0.24058108645935658,none,none
wroclaw_2024_2025,60,13963,0,0,0.08168986298479128,0.0,0.2368806257533565,none,none
wroclaw_2024_2025,60,13964,0,0,0.05840658471679399,0.0,0.23045809450297927,none,none
wroclaw_2024_2025,60,13965,0,0,0.10272317500536969,0.0,0.20195728480303202,none,none
wroclaw_2024_2025,60,13966,0,0,0.07792366967721658,0.0,0.20122345376467435,none,none
wroclaw_2024_2025,60,13967,0,0,0.12008901687186961,0.0,0.21032805108042218,none,none
wroclaw_2024_2025,60,13968,0,0,0.10231610151040137,0.0,0.17461177141282064,none,none
wroclaw_2024_2025,60,13969,0,0,0.11722024292855629,0.0,0.16294653141956075,none,none
wroclaw_2024_2025,60,13970,0,0,0.12735098020706861,0.0,0.15284854265143719,none,none
wroclaw_2024_2025,60,13971,1,0,0.07824839957133002,0.1,0.15129928091559475,rain,none
wroclaw_2024_2025,60,13972,1,0,0.10189644180791271,0.2,0.15423768365608376,rain,none
wroclaw_2024_2025,60,13973,1,0,0.08716534719465306,0.1,0.1754151549270691,rain,none
wroclaw_2024_2025,60,13974,0,0,0.09248914831529662,0.0,0.18394371293255282,none,none
wroclaw_2024_2025,60,13975,0,0,0.018682920933249966,0.0,0.20415775721311508,none,none
wroclaw_2024_2025,60,13976,0,0,0.013951826319990297,0.0,0.21325830113476385,none,none
wroclaw_2024_2025,60,13977,0,0,0.013951826319990297,0.0,0.1913261091393793,none,none
wroclaw_2024_2025,60,13978,0,0,0.009220731706730628,0.0,0.18820188656390138,none,none
wroclaw_2024_2025,60,13979,0,0,0.009462189226519337,0.0,0.1815423808374646,none,none
wroclaw_2024_2025,60,13980,0,0,0.009462189226519337,0.0,0.17486599731460156,none,none
wroclaw_2024_2025,60,13981,0,0,0.018682920933249966,0.0,0.1678961530748173,none,none
wroclaw_2024_2025,60,13982,0,0,0.004731094613259669,0.0,0.20024338847084125,none,none
wroclaw_2024_2025,60,13983,0,0,0.00448963709347096,0.0,0.20147681635831002,none,none
wroclaw_2024_2025,60,13984,0,0,0.009731094613259668,0.0,0.18948703729620808,none,none
wroclaw_2024_2025,60,13985,0,0,0.014462189226519338,0.0,0.17902778315279702,none,none
wroclaw_2024_2025,60,13986,0,0,0.024193283839779006,0.0,0.16633196857859914,none,none
wroclaw_2024_2025,60,13987,0,0,0.05279293239870423,0.0,0.16105081900277005,none,none
wroclaw_2024_2025,60,13988,0,0,0.04868292093324996,0.0,0.15156066762504986,none,none
wroclaw_2024_2025,60,13989,0,0,0.10074497871634228,0.0,0.15261118950422653,none,none
wroclaw_2024_2025,60,13990,0,0,0.10195876837153159,0.0,0.16377847443019164,none,none
wroclaw_2024_2025,60,13991,0,0,0.07787620477302896,0.0,0.1536706683640767,none,none
wroclaw_2024_2025,60,13992,0,0,0.0723383939995483,0.0,0.15505551834144465,none,none
wroclaw_2024_2025,60,13993,0,0,0.07222767375827194,0.0,0.15087619988057066,none,none
wroclaw_2024_2025,60,13994,0,0,0.029193283839779004,0.0,0.1527242796249554,none,none
wroclaw_2024_2025,60,13995,0,0,0.028924378453038677,0.0,0.16041085532276053,none,none
wroclaw_2024_2025,60,13996,0,0,0.03419328383977901,0.0,0.16876432171099198,none,none
wroclaw_2024_2025,60,13997,0,0,0.019462189226519336,0.0,0.15854341395998042,none,none
wroclaw_2024_2025,60,13998,0,0,0.0381451101597693,0.0,0.17957019185616654,none,none
wroclaw_2024_2025,60,13999,0,0,0.08787620477302896,0.0,0.16132650345070484,none,none
wroclaw_2024_2025,60,14000,0,0,0.0527654845317526,0.0,0.1725826891612105,none,none
wroclaw_2024_2025,60,14001,0,0,0.032792932398704226,0.0,0.162501156569892,none,none
wroclaw_2024_2025,60,14002,0,0,0.047227673758271936,0.0,0.1714686545457597,none,none
wroclaw_2024_2025,60,14003,0,0,0.042096936479759595,0.0,0.16574898042034142,none,none
wroclaw_2024_2025,60,14004,0,0,0.047393289733451555,0.0,0.1585710277629893,none,none
wroclaw_2024_2025,60,14005,0,0,0.07104876279974989,0.0,0.15304991093564044,none,none
wroclaw_2024_2025,60,14006,0,0,0.08158657357323057,0.0,0.15706501107936946,none,none
wroclaw_2024_2025,60,14007,0,0,0.05746913127806066,0.0,0.1737975592130172,none,none
wroclaw_2024_2025,60,14008,0,0,0.043786210344810686,0.0,0.1879425771124931,none,none
wroclaw_2024_2025,60,14009,0,0,0.005,0.0,0.18055757954293347,none,none
wroclaw_2024_2025,60,14010,0,0,0.01919328383977901,0.0,0.16543900725648503,none,none
wroclaw_2024_2025,60,14011,0,0,0.05824839957133002,0.0,0.17649137178453775,none,none
wroclaw_2024_2025,60,14012,0,0,0.01919328383977901,0.0,0.18415623004208023,none,none
wroclaw_2024_2025,60,14013,0,0,0.01919328383977901,0.0,0.1802457634084954,none,none
wroclaw_2024_2025,60,14014,0,0,0.04263474725324026,0.0,0.1788483323553215,none,none
wroclaw_2024_2025,60,14015,0,0,0.009462189226519337,0.0,0.1767202908003632,none,none
wroclaw_2024_2025,60,14016,0,0,0.014462189226519338,0.0,0.17291272405456623,none,none
wroclaw_2024_2025,60,14017,0,0,0.009462189226519337,0.0,0.1501403025653179,none,none
wroclaw_2024_2025,60,14018,0,0,0.014462189226519338,0.0,0.14303479168193453,none,none
wroclaw_2024_2025,60,14019,0,0,0.014731094613259667,0.0,0.1313212701190693,none,none
wroclaw_2024_2025,60,14020,0,0,0.029462189226519334,0.0,0.13099829681166328,none,none
wroclaw_2024_2025,60,14021,0,0,0.019731094613259666,0.0,0.1372344202805581,none,none
wroclaw_2024_2025,60,14022,0,0,0.044193283839779,0.0,0.13053038795989233,none,none
wroclaw_2024_2025,60,14023,0,0,0.05868292093324996,0.0,0.13406294616633638,none,none
wroclaw_2024_2025,60,14024,0,0,0.069193283839779,0.0,0.13498874185892926,none,none
wroclaw_2024_2025,60,14025,0,0,0.06895182631999029,0.0,0.14302552620755074,none,none
wroclaw_2024_2025,60,14026,0,0,0.058172558026720916,0.0,0.1502694081645802,none,none
wroclaw_2024_2025,60,14027,0,0,0.07760729938628863,0.0,0.1437817787949317,none,none
wroclaw_2024_2025,60,14028,0,0,0.053414015546509624,0.0,0.15569401362259444,none,none
wroclaw_2024_2025,60,14029,0,0,0.04814511015976931,0.0,0.13980842617416347,none,none
wroclaw_2024_2025,60,14030,0,0,0.03368292093324996,0.0,0.16759040795955188,none,none
wroclaw_2024_2025,60,14031,0,0,0.0631451101597693,0.0,0.15252901322813442,none,none
wroclaw_2024_2025,60,14032,0,0,0.04868292093324996,0.0,0.15956969585632305,none,none
wroclaw_2024_2025,60,14033,0,0,0.03946218922651933,0.0,0.13692819099305292,none,none
wroclaw_2024_2025,60,14034,0,0,0.03973109461325967,0.0,0.13825871513233856,none,none
wroclaw_2024_2025,60,14035,0,0,0.03405511573155101,0.0,0.13729534349771297,none,none
wroclaw_2024_2025,60,14036,0,0,0.024462189226519337,0.0,0.16158907866004035,none,none
wroclaw_2024_2025,60,14037,0,0,0.004731094613259669,0.0,0.18188510207971462,none,none
wroclaw_2024_2025,60,14038,0,0,0.009731094613259668,0.0,0.19095234358640842,none,none
wroclaw_2024_2025,60,14039,0,0,0.004731094613259669,0.0,0.19919029119824336,none,none
wroclaw_2024_2025,60,14040,0,0,0.014462189226519338,0.0,0.20237576260451223,none,none
wroclaw_2024_2025,60,14041,0,0,0.018924378453038675,0.0,0.1953683751207642,none,none
wroclaw_2024_2025,60,14042,0,0,0.02365547306629834,0.0,0.22124470315080003,none,none
wroclaw_2024_2025,60,14043,0,0,0.01919328383977901,0.0,0.20453494976942152,none,none
wroclaw_2024_2025,60,14044,0,0,0.014731094613259667,0.0,0.20152219709368147,none,none
wroclaw_2024_2025,60,14045,0,0,0.009731094613259668,0.0,0.1977583817933489,none,none
wroclaw_2024_2025,60,14046,0,0,0.043034389918492934,0.0,0.22232986314719033,none,none
wroclaw_2024_2025,60,14047,0,0,0.05300694205154131,0.0,0.20702945324549551,none,none
wroclaw_2024_2025,60,14048,0,0,0.03881365821176231,0.0,0.2154451612224366,none,none
wroclaw_2024_2025,60,14049,0,0,0.12233096316983265,0.0,0.27293947774525634,none,none
wroclaw_2024_2025,60,14050,0,0,0.08878621034481067,0.0,0.28242259475270887,none,none
wroclaw_2024_2025,60,14051,0,0,0.06813767933005367,0.0,0.22523540859655136,none,none
wroclaw_2024_2025,60,14052,0,0,0.04813767933005366,0.0,0.206466501531821,none,none
wroclaw_2024_2025,60,14053,0,0,0.061709880022027264,0.0,0.17236140493625024,none,none
wroclaw_2024_2025,60,14054,0,0,0.06211695351699558,0.0,0.1748872193900534,none,none
wroclaw_2024_2025,60,14055,0,0,0.052896221810264946,0.0,0.17555560456586708,none,none
wroclaw_2024_2025,60,14056,0,0,0.0722202429285563,0.0,0.16821281675232308,none,none
wroclaw_2024_2025,60,14057,0,0,0.06650330119890581,0.0,0.1690498799428772,none,none
wroclaw_2024_2025,60,14058,0,0,0.0475240270119639,0.0,0.1798432432109166,none,none
wroclaw_2024_2025,60,14059,0,0,0.023682920933249963,0.0,0.1968485087816186,none,none
wroclaw_2024_2025,60,14060,0,0,0.0,0.0,0.19191928477446651,none,none
wroclaw_2024_2025,60,14061,0,0,0.004731094613259669,0.0,0.19215057736858676,none,none
wroclaw_2024_2025,60,14062,0,0,0.0,0.0,0.16564343021684738,none,none
wroclaw_2024_2025,60,14063,0,0,0.009462189226519337,0.0,0.15591158876483024,none,none
wroclaw_2024_2025,60,14064,0,0,0.009731094613259668,0.0,0.15029802805067718,none,none
wroclaw_2024_2025,60,14065,0,0,0.029592926505031678,0.0,0.15257875677243424,none,none
wroclaw_2024_2025,60,14066,0,0,0.01408256359850264,0.0,0.15890040093898222,none,none
wroclaw_2024_2025,60,14067,0,0,0.009861831891772012,0.0,0.1608250032018249,none,none
wroclaw_2024_2025,60,14068,0,0,0.0,0.0,0.1811429272754402,none,none
wroclaw_2024_2025,60,14069,0,0,0.0,0.0,0.2018760948467018,none,none
wroclaw_2024_2025,60,14070,0,0,0.01919328383977901,0.0,0.22083664203501155,none,none
wroclaw_2024_2025,60,14071,0,0,0.009462189226519337,0.0,0.23185110462032124,none,none
wroclaw_2024_2025,60,14072,0,0,0.004731094613259669,0.0,0.21110569642619406,none,none
wroclaw_2024_2025,60,14073,0,0,0.009462189226519337,0.0,0.19464356958091078,none,none
wroclaw_2024_2025,60,14074,0,0,0.0,0.0,0.18189651747328983,none,none
wroclaw_2024_2025,60,14075,0,0,0.004731094613259669,0.0,0.17762173135738213,none,none
wroclaw_2024_2025,60,14076,0,0,0.0,0.0,0.1917673877254052,none,none
wroclaw_2024_2025,60,14077,0,0,0.0,0.0,0.1813687586768364,none,none
wroclaw_2024_2025,60,14078,0,0,0.0,0.0,0.18348065159022645,none,none
wroclaw_2024_2025,60,14079,0,0,0.0,0.0,0.17810599788447354,none,none
wroclaw_2024_2025,60,14080,0,0,0.004731094613259669,0.0,0.16361418836483327,none,none
wroclaw_2024_2025,60,14081,0,0,0.0,0.0,0.16242282976595432,none,none
wroclaw_2024_2025,60,14082,0,0,0.009220731706730628,0.0,0.19303667108229847,none,none
wroclaw_2024_2025,60,14083,0,0,0.004731094613259669,0.0,0.22001487561565317,none,none
wroclaw_2024_2025,60,14084,0,0,0.00448963709347096,0.0,0.2278749053988176,none,none
wroclaw_2024_2025,60,14085,0,0,0.0,0.0,0.20710895090078077,none,none
wroclaw_2024_2025,60,14086,0,0,0.004731094613259669,0.0,0.21212472301400975,none,none
wroclaw_2024_2025,60,14087,0,0,0.004731094613259669,0.0,0.1950631000005729,none,none
wroclaw_2024_2025,60,14088,0,0,0.009731094613259668,0.0,0.18566431663740385,none,none
wroclaw_2024_2025,60,14089,0,0,0.004731094613259669,0.0,0.17398950552138145,none,none
wroclaw_2024_2025,60,14090,0,0,0.0,0.0,0.1648149090402865,none,none
wroclaw_2024_2025,60,14091,0,0,0.0,0.0,0.16517052688606237,none,none
wroclaw_2024_2025,60,14092,0,0,0.0,0.0,0.1914260985502727,none,none
wroclaw_2024_2025,60,14093,0,0,0.0,0.0,0.18892491280345888,none,none
wroclaw_2024_2025,60,14094,0,0,0.0,0.0,0.21158657233274009,none,none
wroclaw_2024_2025,60,14095,0,0,0.0,0.0,0.21338918464875678,none,none
wroclaw_2024_2025,60,14096,0,0,0.0,0.0,0.20966053447374344,none,none
wroclaw_2024_2025,60,14097,0,0,0.0,0.0,0.1947443429018661,none,none
wroclaw_2024_2025,60,14098,0,0,0.0,0.0,0.1991560574785228,none,none
wroclaw_2024_2025,60,14099,0,0,0.014193283839779008,0.0,0.19293866272366358,none,none
wroclaw_2024_2025,60,14100,0,0,0.005,0.0,0.1905340615651589,none,none
wroclaw_2024_2025,60,14101,0,0,0.004861831891772012,0.0,0.18559512500209221,none,none
wroclaw_2024_2025,60,14102,0,0,0.014462189226519338,0.0,0.15730622025639632,none,none
wroclaw_2024_2025,60,14103,0,0,0.00448963709347096,0.0,0.15966250654343533,none,none
wroclaw_2024_2025,60,14104,0,0,0.014861831891772011,0.0,0.15926224439924694,none,none
wroclaw_2024_2025,60,14105,0,0,0.014861831891772011,0.0,0.15790752833014166,none,none
wroclaw_2024_2025,60,14106,0,0,0.014861831891772011,0.0,0.16738684098293172,none,none
wroclaw_2024_2025,60,14107,0,0,0.01,0.0,0.1587196764214884,none,none
wroclaw_2024_2025,60,14108,0,0,0.01,0.0,0.1513685568467491,none,none
wroclaw_2024_2025,60,14109,0,0,0.019462189226519336,0.0,0.16357641962552688,none,none
wroclaw_2024_2025,60,14110,0,0,0.01448963709347096,0.0,0.14626772365942403,none,none
wroclaw_2024_2025,60,14111,0,0,0.028572200691973595,0.0,0.14215314691911132,none,none
wroclaw_2024_2025,60,14112,0,0,0.0,0.0,0.1366494639790964,none,none
wroclaw_2024_2025,60,14113,0,0,0.014351468985242971,0.0,0.1473371034525398,none,none
wroclaw_2024_2025,60,14114,0,0,0.014861831891772011,0.0,0.14471974554513187,none,none
wroclaw_2024_2025,60,14115,0,0,0.014351468985242971,0.0,0.15354220520432008,none,none
wroclaw_2024_2025,60,14116,0,0,0.009861831891772012,0.0,0.14543488987442682,none,none
wroclaw_2024_2025,60,14117,0,0,0.005,0.0,0.13784839318023592,none,none
wroclaw_2024_2025,60,14118,0,0,0.005,0.0,0.16271173784020618,none,none
wroclaw_2024_2025,60,14119,0,0,0.005,0.0,0.17061223449754748,none,none
wroclaw_2024_2025,60,14120,0,0,0.005,0.0,0.18777543973495625,none,none
wroclaw_2024_2025,60,14121,0,0,0.005,0.0,0.18226861696773172,none,none
wroclaw_2024_2025,60,14122,0,0,0.009489637093470959,0.0,0.16383256910610625,none,none
wroclaw_2024_2025,60,14123,0,0,0.005,0.0,0.15693250998006722,none,none
wroclaw_2024_2025,60,14124,0,0,0.00448963709347096,0.0,0.1488849014463865,none,none
wroclaw_2024_2025,60,14125,0,0,0.009489637093470959,0.0,0.15344776191441808,none,none
wroclaw_2024_2025,60,14126,0,0,0.01422073170673063,0.0,0.15576618749990168,none,none
wroclaw_2024_2025,60,14127,0,0,0.01422073170673063,0.0,0.15970557241006642,none,none
wroclaw_2024_2025,60,14128,0,0,0.005,0.0,0.15714728588089133,none,none
wroclaw_2024_2025,60,14129,0,0,0.005,0.0,0.14751881482255044,none,none
wroclaw_2024_2025,60,14130,0,0,0.005,0.0,0.15343034187934015,none,none
wroclaw_2024_2025,60,14131,0,0,0.009489637093470959,0.0,0.14222769604190733,none,none
wroclaw_2024_2025,60,14132,0,0,0.0,0.0,0.13490199289689914,none,none
wroclaw_2024_2025,60,14133,0,0,0.009220731706730628,0.0,0.17624796253828978,none,none
wroclaw_2024_2025,60,14134,0,0,0.005,0.0,0.20619481123980513,none,none
wroclaw_2024_2025,60,14135,0,0,0.005,0.0,0.21665549640391119,none,none
wroclaw_2024_2025,60,14136,0,0,0.005,0.0,0.23811369202804744,none,none
wroclaw_2024_2025,60,14137,0,0,0.009489637093470959,0.0,0.25356812860625527,none,none
wroclaw_2024_2025,60,14138,0,0,0.01422073170673063,0.0,0.2740561073025579,none,none
wroclaw_2024_2025,60,14139,0,0,0.00448963709347096,0.0,0.2627830326521068,none,none
wroclaw_2024_2025,60,14140,0,0,0.004731094613259669,0.0,0.27123222485827486,none,none
wroclaw_2024_2025,60,14141,0,0,0.013951826319990297,0.0,0.26815785889567073,none,none
wroclaw_2024_2025,60,14142,0,0,0.009731094613259668,0.0,0.28282318478787066,none,none
wroclaw_2024_2025,60,14143,0,0,0.009731094613259668,0.0,0.26364512588494304,none,none
wroclaw_2024_2025,60,14144,0,0,0.009731094613259668,0.0,0.2509205707521703,none,none
wroclaw_2024_2025,60,14145,0,0,0.005,0.0,0.2813027868579599,none,none
wroclaw_2024_2025,60,14146,0,0,0.023414015546509633,0.0,0.2926265027443882,none,none
wroclaw_2024_2025,60,14147,0,0,0.038117662292817676,0.0,0.29354943848690784,none,none
wroclaw_2024_2025,60,14148,0,0,0.023924378453038676,0.0,0.30155985207126246,none,none
wroclaw_2024_2025,60,14149,0,0,0.014193283839779008,0.0,0.27122562862910443,none,none
wroclaw_2024_2025,60,14150,0,0,0.009462189226519337,0.0,0.2566826109595238,none,none
wroclaw_2024_2025,60,14151,0,0,0.004731094613259669,0.0,0.25883723028467365,none,none
wroclaw_2024_2025,60,14152,0,0,0.005,0.0,0.2625060213926526,none,none
wroclaw_2024_2025,60,14153,0,0,0.005,0.0,0.24250033673646412,none,none
wroclaw_2024_2025,60,14154,0,0,0.00448963709347096,0.0,0.24535189325239437,none,none
wroclaw_2024_2025,60,14155,0,0,0.0,0.0,0.23803989972179002,none,none
wroclaw_2024_2025,60,14156,0,0,0.0,0.0,0.22458824263924623,none,none
wroclaw_2024_2025,60,14157,0,0,0.005,0.0,0.23540890503513406,none,none
wroclaw_2024_2025,60,14158,0,0,0.005,0.0,0.23806234159845424,none,none
wroclaw_2024_2025,60,14159,0,0,0.01,0.0,0.23736398934492903,none,none
wroclaw_2024_2025,60,14160,0,0,0.005,0.0,0.2344634616380828,none,none
wroclaw_2024_2025,60,14161,0,0,0.009731094613259668,0.0,0.23450815826915639,none,none
wroclaw_2024_2025,60,14162,0,0,0.01,0.0,0.2146069078212739,none,none
wroclaw_2024_2025,60,14163,0,0,0.01,0.0,0.2198116413359913,none,none
wroclaw_2024_2025,60,14164,0,0,0.01,0.0,0.2010388118616616,none,none
wroclaw_2024_2025,60,14165,0,0,0.01,0.0,0.21220007681213132,none,none
wroclaw_2024_2025,60,14166,0,0,0.009489637093470959,0.0,0.21251985088116643,none,none
wroclaw_2024_2025,60,14167,0,0,0.009489637093470959,0.0,0.18862815079531453,none,none
wroclaw_2024_2025,60,14168,0,0,0.009489637093470959,0.0,0.1868827877512004,none,none
wroclaw_2024_2025,60,14169,0,0,0.009489637093470959,0.0,0.17517299125453192,none,none
wroclaw_2024_2025,60,14170,0,0,0.02397927418694192,0.0,0.1836832790321521,none,none
wroclaw_2024_2025,60,14171,0,0,0.03,0.0,0.19581075887444258,none,none
wroclaw_2024_2025,60,14172,0,0,0.03473109461325967,0.0,0.19336658207055987,none,none
wroclaw_2024_2025,60,14173,0,0,0.034462189226519335,0.0,0.19905505764409526,none,none
wroclaw_2024_2025,60,14174,0,0,0.02973109461325967,0.0,0.2062428287550576,none,none
wroclaw_2024_2025,60,14175,0,0,0.07760729938628863,0.0,0.20161369947110813,none,none
wroclaw_2024_2025,60,14176,0,0,0.069193283839779,0.0,0.19383539217075046,none,none
wroclaw_2024_2025,60,14177,0,0,0.06827584743828165,0.0,0.19352265098384536,none,none
wroclaw_2024_2025,60,14178,0,0,0.09892437845303867,0.0,0.19323606132165905,none,none
wroclaw_2024_2025,60,14179,0,0,0.13235841103678425,0.0,0.2169431110475162,none,none
wroclaw_2024_2025,60,14180,0,0,0.09303438991849293,0.0,0.22248559490241818,none,none
wroclaw_2024_2025,60,14181,0,0,0.11340658471679398,0.0,0.22504443774704808,none,none
wroclaw_2024_2025,60,14182,0,0,0.11367549010353431,0.0,0.2323129092340658,none,none
wroclaw_2024_2025,60,14183,0,0,0.12868292093324996,0.0,0.21571401565268383,none,none
wroclaw_2024_2025,60,14184,0,0,0.10371036880020158,0.0,0.2262791171933154,none,none
wroclaw_2024_2025,60,14185,0,0,0.09868292093324996,0.0,0.2077598267045273,none,none
wroclaw_2024_2025,60,14186,0,0,0.08341401554650962,0.0,0.1940288700867746,none,none
wroclaw_2024_2025,60,14187,0,0,0.06368292093324995,0.0,0.22637105216969688,none,none
wroclaw_2024_2025,60,14188,0,0,0.05368292093324996,0.0,0.20342766744976623,none,none
wroclaw_2024_2025,60,14189,0,0,0.04814511015976929,0.0,0.1971441670038984,none,none
wroclaw_2024_2025,60,14190,0,0,0.047738036664800976,0.0,0.19633231438840612,none,none
wroclaw_2024_2025,60,14191,0,0,0.018951826319990296,0.0,0.1898714493019853,none,none
wroclaw_2024_2025,60,14192,0,0,0.018951826319990296,0.0,0.20319481952531415,none,none
wroclaw_2024_2025,60,14193,0,0,0.013951826319990297,0.0,0.20111728350454414,none,none
wroclaw_2024_2025,60,14194,0,0,0.0,0.0,0.20088515027079984,none,none
wroclaw_2024_2025,60,14195,0,0,0.009462189226519337,0.0,0.21186470936527518,none,none
wroclaw_2024_2025,60,14196,0,0,0.005,0.0,0.2046183147323329,none,none
wroclaw_2024_2025,60,14197,0,0,0.009731094613259668,0.0,0.1980969620146957,none,none
wroclaw_2024_2025,60,14198,0,0,0.014731094613259667,0.0,0.19147133140767578,none,none
wroclaw_2024_2025,60,14199,0,0,0.01,0.0,0.19078257434140583,none,none
wroclaw_2024_2025,60,14200,0,0,0.014731094613259667,0.0,0.1924973394730014,none,none
wroclaw_2024_2025,60,14201,0,0,0.009731094613259668,0.0,0.18491290593522064,none,none
wroclaw_2024_2025,60,14202,0,0,0.018951826319990296,0.0,0.1903328835005831,none,none
wroclaw_2024_2025,60,14203,0,0,0.03841401554650963,0.0,0.20046778983912508,none,none
wroclaw_2024_2025,60,14204,0,0,0.0375240270119639,0.0,0.20013284399021508,none,none
wroclaw_2024_2025,60,14205,0,0,0.023441463413461254,0.0,0.18697800103346685,none,none
wroclaw_2024_2025,60,14206,0,0,0.042469131278060644,0.0,0.18127818281429758,none,none
wroclaw_2024_2025,60,14207,0,0,0.009731094613259668,0.0,0.1794508742604621,none,none
wroclaw_2024_2025,60,14208,0,0,0.004731094613259669,0.0,0.16918449524972387,none,none
wroclaw_2024_2025,60,14209,0,0,0.01919328383977901,0.0,0.16150390700744924,none,none
wroclaw_2024_2025,60,14210,0,0,0.0,0.0,0.16431577061297503,none,none
wroclaw_2024_2025,60,14211,0,0,0.014193283839779008,0.0,0.15512084228150685,none,none
wroclaw_2024_2025,60,14212,0,0,0.005,0.0,0.16370021672280388,none,none
wroclaw_2024_2025,60,14213,0,0,0.018951826319990296,0.0,0.16523752296230226,none,none
wroclaw_2024_2025,60,14214,0,0,0.027931100506932215,0.0,0.17024455206970301,none,none
wroclaw_2024_2025,60,14215,0,0,0.08260729938628864,0.0,0.18865851148108095,none,none
wroclaw_2024_2025,60,14216,0,0,0.03341401554650963,0.0,0.1781359636526456,none,none
wroclaw_2024_2025,60,14217,0,0,0.0620969364797596,0.0,0.19061915950998443,none,none
wroclaw_2024_2025,60,14218,0,0,0.03824839957133002,0.0,0.184490676532833,none,none
wroclaw_2024_2025,60,14219,0,0,0.024055115731551016,0.0,0.17152377504312347,none,none
wroclaw_2024_2025,60,14220,0,0,0.00959292650503168,0.0,0.19214847969090226,none,none
wroclaw_2024_2025,60,14221,0,0,0.004731094613259669,0.0,0.1789431401125062,none,none
wroclaw_2024_2025,60,14222,0,0,0.0,0.0,0.16274724849680944,none,none
wroclaw_2024_2025,60,14223,0,0,0.01408256359850264,0.0,0.16096096018813771,none,none
wroclaw_2024_2025,60,14224,0,0,0.004731094613259669,0.0,0.1621230382385135,none,none
wroclaw_2024_2025,60,14225,0,0,0.023786210344810686,0.0,0.16550867732954655,none,none
wroclaw_2024_2025,60,14226,0,0,0.034193283839779,0.0,0.16808512408862472,none,none
wroclaw_2024_2025,60,14227,0,0,0.034193283839779,0.0,0.17751116878638873,none,none
wroclaw_2024_2025,60,14228,0,0,0.018951826319990296,0.0,0.16541373859018765,none,none
wroclaw_2024_2025,60,14229,0,0,0.027903652639980594,0.0,0.1840539313154156,none,none
wroclaw_2024_2025,60,14230,0,0,0.01422073170673063,0.0,0.20846272715638803,none,none
wroclaw_2024_2025,60,14231,0,0,0.013951826319990297,0.0,0.20588413661348942,none,none
wroclaw_2024_2025,60,14232,0,0,0.009220731706730628,0.0,0.20245589662563582,none,none
wroclaw_2024_2025,60,14233,0,0,0.009731094613259668,0.0,0.19679825285593588,none,none
wroclaw_2024_2025,60,14234,0,0,0.004731094613259669,0.0,0.2432658013571754,none,none
wroclaw_2024_2025,60,14235,0,0,0.014731094613259667,0.0,0.24169758754824322,none,none
wroclaw_2024_2025,60,14236,0,0,0.004731094613259669,0.0,0.2560905667812466,none,none
wroclaw_2024_2025,60,14237,0,0,0.0,0.0,0.2559743116666334,none,none
wroclaw_2024_2025,60,14238,0,0,0.0,0.0,0.24321475699501055,none,none
wroclaw_2024_2025,60,14239,0,0,0.0,0.0,0.24303065162769835,none,none
wroclaw_2024_2025,60,14240,0,0,0.0,0.0,0.246084061499536,none,none
wroclaw_2024_2025,60,14241,0,0,0.009462189226519337,0.0,0.26712648627873026,none,none
wroclaw_2024_2025,60,14242,0,0,0.014462189226519338,0.0,0.25978923362813133,none,none
wroclaw_2024_2025,60,14243,0,0,0.005,0.0,0.2698833720521591,none,none
wroclaw_2024_2025,60,14244,0,0,0.014731094613259667,0.0,0.27103293013818813,none,none
wroclaw_2024_2025,60,14245,0,0,0.009731094613259668,0.0,0.22247722308197057,none,none
wroclaw_2024_2025,60,14246,0,0,0.009731094613259668,0.0,0.22525703453458693,none,none
wroclaw_2024_2025,60,14247,0,0,0.014731094613259667,0.0,0.24740278332105084,none,none
wroclaw_2024_2025,60,14248,0,0,0.018951826319990296,0.0,0.23376844174155512,none,none
wroclaw_2024_2025,60,14249,0,0,0.04354475282502197,0.0,0.2290803504378486,none,none
wroclaw_2024_2025,60,14250,0,0,0.03368292093324996,0.0,0.21767198974368465,none,none
wroclaw_2024_2025,60,14251,0,0,0.009220731706730628,0.0,0.22210359587893014,none,none
wroclaw_2024_2025,60,14252,0,0,0.024462189226519337,0.0,0.21479770683418906,none,none
wroclaw_2024_2025,60,14253,0,0,0.024193283839779006,0.0,0.20012067411323725,none,none
wroclaw_2024_2025,60,14254,0,0,0.024193283839779006,0.0,0.19506590385488692,none,none
wroclaw_2024_2025,60,14255,0,0,0.014462189226519338,0.0,0.20571206745388068,none,none
wroclaw_2024_2025,60,14256,0,0,0.009731094613259668,0.0,0.18761238698869406,none,none
wroclaw_2024_2025,60,14257,0,0,0.024462189226519337,0.0,0.17991189055016418,none,none
wroclaw_2024_2025,60,14258,0,0,0.01448963709347096,0.0,0.17318789700431902,none,none
wroclaw_2024_2025,60,14259,0,0,0.029220731706730625,0.0,0.17610631049258882,none,none
wroclaw_2024_2025,60,14260,0,0,0.024731094613259667,0.0,0.18029310225775053,none,none
wroclaw_2024_2025,60,14261,0,0,0.03,0.0,0.1733697809361193,none,none
wroclaw_2024_2025,60,14262,0,0,0.04,0.0,0.1720590394900207,none,none
wroclaw_2024_2025,60,14263,0,0,0.035,0.0,0.17548367301124115,none,none
wroclaw_2024_2025,60,14264,0,0,0.04,0.0,0.18634882825970792,none,none
wroclaw_2024_2025,60,14265,0,0,0.06422073170673062,0.0,0.18451252249519312,none,none
wroclaw_2024_2025,60,14266,0,0,0.05895182631999029,0.0,0.1854906310552902,none,none
wroclaw_2024_2025,60,14267,0,0,0.05422073170673063,0.0,0.17411563969985316,none,none
wroclaw_2024_2025,60,14268,0,0,0.045,0.0,0.17242574057481447,none,none
wroclaw_2024_2025,60,14269,0,0,0.054193283839779005,0.0,0.18089930626352022,none,none
wroclaw_2024_2025,60,14270,0,0,0.05892437845303867,0.0,0.18414785021035637,none,none
wroclaw_2024_2025,60,14271,0,0,0.11790365263998058,0.0,0.15787891553914335,none,none
wroclaw_2024_2025,60,14272,0,0,0.08868292093324996,0.0,0.16942502452849603,none,none
wroclaw_2024_2025,60,14273,0,0,0.10841401554650963,0.0,0.1726983897429969,none,none
wroclaw_2024_2025,60,14274,0,0,0.1231451101597693,0.0,0.1921858038330663,none,none
wroclaw_2024_2025,60,14275,0,0,0.15287620477302896,0.0,0.19627343212383072,none,none
wroclaw_2024_2025,60,14276,0,0,0.15841401554650963,0.0,0.18801473267940935,none,none
wroclaw_2024_2025,60,14277,0,0,0.15763474725324025,0.0,0.20704237031559958,none,none
wroclaw_2024_2025,60,14278,0,0,0.15787620477302897,0.0,0.19831227734705753,none,none
wroclaw_2024_2025,60,14279,0,0,0.14709693647975958,0.0,0.1923290579912705,none,none
wroclaw_2024_2025,60,14280,0,0,0.11763474725324025,0.0,0.19992631127257454,none,none
wroclaw_2024_2025,60,14281,0,0,0.10287620477302896,0.0,0.19233793865036786,none,none
wroclaw_2024_2025,60,14282,0,0,0.12644840546500255,0.0,0.1825394255849634,none,none
wroclaw_2024_2025,60,14283,0,0,0.12212438434671123,0.0,0.17924451415070258,none,none
wroclaw_2024_2025,60,14284,0,0,0.12712438434671122,0.0,0.18630825262172693,none,none
wroclaw_2024_2025,60,14285,0,0,0.1270969364797596,0.0,0.19570520249195805,none,none
wroclaw_2024_2025,60,14286,0,0,0.1320969364797596,0.0,0.19287890144927058,none,none
wroclaw_2024_2025,60,14287,0,0,0.1770969364797596,0.0,0.2002396388697647,none,none
wroclaw_2024_2025,60,14288,0,0,0.1810487627997499,0.0,0.19169882094201737,none,none
wroclaw_2024_2025,60,14289,0,0,0.15577985741300954,0.0,0.204378585505376,none,none
wroclaw_2024_2025,60,14290,0,0,0.17263474725324024,0.0,0.20108598881753362,none,none
wroclaw_2024_2025,60,14291,0,0,0.20104876279974992,0.0,0.2194385750642867,none,none
wroclaw_2024_2025,60,14292,0,0,0.1829036526399806,0.0,0.21461565666400387,none,none
wroclaw_2024_2025,60,14293,0,0,0.18236584186649993,0.0,0.20278292255607458,none,none
wroclaw_2024_2025,60,14294,0,0,0.21658657357323058,0.0,0.2150167923506744,none,none
wroclaw_2024_2025,60,14295,0,0,0.17787620477302898,0.0,0.22371223604557672,none,none
wroclaw_2024_2025,60,14296,0,0,0.182876204773029,0.0,0.2251171850601493,none,none
wroclaw_2024_2025,60,14297,0,0,0.17814511015976933,0.0,0.2270744125988418,none,none
wroclaw_2024_2025,60,14298,0,0,0.15760729938628862,0.0,0.22891068069083467,none,none
wroclaw_2024_2025,60,14299,0,0,0.143386567679558,0.0,0.20546804070015606,none,none
wroclaw_2024_2025,60,14300,0,0,0.118386567679558,0.0,0.23324524731884122,none,none
wroclaw_2024_2025,60,14301,0,0,0.11365547306629833,0.0,0.2254865627046484,none,none
wroclaw_2024_2025,60,14302,0,0,0.12799951122182565,0.0,0.22320913930024844,none,none
wroclaw_2024_2025,60,14303,0,0,0.07800694205154131,0.0,0.22096007685674338,none,none
wroclaw_2024_2025,60,14304,0,0,0.058172558026720916,0.0,0.20864647167011935,none,none
wroclaw_2024_2025,60,14305,0,0,0.05446218922651933,0.0,0.19475072256684553,none,none
wroclaw_2024_2025,60,14306,0,0,0.07827584743828164,0.0,0.19213560665048296,none,none
wroclaw_2024_2025,60,14307,0,0,0.08273803666480099,0.0,0.18895877364059105,none,none
wroclaw_2024_2025,60,14308,0,0,0.04817255802672093,0.0,0.1812684359989276,none,none
wroclaw_2024_2025,60,14309,0,0,0.044055115731551006,0.0,0.17578388893579475,none,none
wroclaw_2024_2025,60,14310,0,0,0.033951826319990296,0.0,0.17349678531665425,none,none
wroclaw_2024_2025,60,14311,0,0,0.03391694762332303,0.0,0.19242897728733252,none,none
wroclaw_2024_2025,60,14312,0,0,0.018682920933249966,0.0,0.18695569627026654,none,none
wroclaw_2024_2025,60,14313,0,0,0.009220731706730628,0.0,0.17091994719063322,none,none
wroclaw_2024_2025,60,14314,0,0,0.02320000589367255,0.0,0.1640453594965755,none,none
wroclaw_2024_2025,60,14315,0,0,0.033951826319990296,0.0,0.17147319844978023,none,none
wroclaw_2024_2025,60,14316,0,0,0.033951826319990296,0.0,0.1787926730828112,none,none
wroclaw_2024_2025,60,14317,0,0,0.034193283839779,0.0,0.18640277763614072,none,none
wroclaw_2024_2025,60,14318,0,0,0.039193283839779006,0.0,0.1768453804048086,none,none
wroclaw_2024_2025,60,14319,0,0,0.029193283839779004,0.0,0.17238224966403712,none,none
wroclaw_2024_2025,60,14320,0,0,0.04868292093324996,0.0,0.15993497808575466,none,none
wroclaw_2024_2025,60,14321,0,0,0.03368292093324996,0.0,0.1530275684797992,none,none
wroclaw_2024_2025,60,14322,0,0,0.07660659061046654,0.0,0.16777018454051046,none,none
wroclaw_2024_2025,60,14323,0,0,0.0527654845317526,0.0,0.1795935525141311,none,none
wroclaw_2024_2025,60,14324,0,0,0.048414015546509634,0.0,0.17113845590437848,none,none
wroclaw_2024_2025,60,14325,0,0,0.11851730495807035,0.0,0.16634257816046638,none,none
wroclaw_2024_2025,60,14326,0,0,0.10743425258139337,0.0,0.16717387414669052,none,none
wroclaw_2024_2025,60,14327,0,0,0.07695876837153161,0.0,0.15924658748874343,none,none
wroclaw_2024_2025,60,14328,0,0,0.06405511573155102,0.0,0.16309624699725975,none,none
wroclaw_2024_2025,60,14329,0,0,0.10255755903019007,0.0,0.16625005185044717,none,none
wroclaw_2024_2025,60,14330,0,0,0.048441463413461255,0.0,0.19779333183832568,none,none
wroclaw_2024_2025,60,14331,0,0,0.06327584743828164,0.0,0.18990560633133832,none,none
wroclaw_2024_2025,60,14332,0,0,0.05392437845303867,0.0,0.1905223070399486,none,none
wroclaw_2024_2025,60,14333,0,0,0.06368292093324995,0.0,0.18475148061748592,none,none
wroclaw_2024_2025,60,14334,0,0,0.07365547306629834,0.0,0.19893922614171855,none,none
wroclaw_2024_2025,60,14335,0,0,0.05446218922651933,0.0,0.23060110735011577,none,none
wroclaw_2024_2025,60,14336,0,0,0.024220731706730628,0.0,0.24340359904893055,none,none
wroclaw_2024_2025,60,14337,0,0,0.02486183189177201,0.0,0.25773964105106784,none,none
wroclaw_2024_2025,60,14338,0,0,0.024220731706730628,0.0,0.2809850507481279,none,none
wroclaw_2024_2025,60,14339,0,0,0.033441463413461256,0.0,0.2828035757467493,none,none
wroclaw_2024_2025,60,14340,0,0,0.03368292093324996,0.0,0.26325106389278996,none,none
wroclaw_2024_2025,60,14341,0,0,0.028951826319990298,0.0,0.26513316026702366,none,none
wroclaw_2024_2025,60,14342,0,0,0.005,0.0,0.30151887859429294,none,none
wroclaw_2024_2025,60,14343,0,0,0.01,0.0,0.2729733910680757,none,none
wroclaw_2024_2025,60,14344,0,0,0.015,0.0,0.2423700576712622,none,none
wroclaw_2024_2025,60,14345,0,0,0.02973109461325967,0.0,0.23183773319396717,none,none
wroclaw_2024_2025,60,14346,0,0,0.02,0.0,0.24883960308848005,none,none
wroclaw_2024_2025,60,14347,0,0,0.08797206335487402,0.0,0.2502633112670393,none,none
wroclaw_2024_2025,60,14348,0,0,0.04905511573155102,0.0,0.21009349730570645,none,none
wroclaw_2024_2025,60,14349,0,0,0.029462189226519334,0.0,0.19502247935136507,none,none
wroclaw_2024_2025,60,14350,0,0,0.019462189226519336,0.0,0.19931688302021164,none,none
wroclaw_2024_2025,60,14351,0,0,0.019731094613259666,0.0,0.2213459390451432,none,none
wroclaw_2024_2025,60,14352,0,0,0.029462189226519334,0.0,0.2121343570522,none,none
wroclaw_2024_2025,60,14353,0,0,0.10244168341110903,0.0,0.20783391856591615,none,none
wroclaw_2024_2025,60,14354,0,0,0.09784875690607735,0.0,0.2055182537384806,none,none
wroclaw_2024_2025,60,14355,0,0,0.132441683411109,0.0,0.19664778390608653,none,none
wroclaw_2024_2025,60,14356,0,0,0.14324839957133,0.0,0.18539750749946576,none,none
wroclaw_2024_2025,60,14357,0,0,0.12311766229281768,0.0,0.18650233132277233,none,none
wroclaw_2024_2025,60,14358,0,0,0.14787620477302896,0.0,0.1745089733302665,none,none
wroclaw_2024_2025,60,14359,0,0,0.17561424143782994,0.0,0.1776307123441604,none,none
wroclaw_2024_2025,60,14360,0,0,0.17523461580981325,0.0,0.18277562227038158,none,none
wroclaw_2024_2025,60,14361,0,0,0.15657914274351492,0.0,0.17232588000438218,none,none
wroclaw_2024_2025,60,14362,0,0,0.13088314682457028,0.0,0.17838559528487774,none,none
wroclaw_2024_2025,60,14363,1,0,0.14113719055187932,0.1,0.17272852536604283,rain,none
wroclaw_2024_2025,60,14364,0,0,0.12640609593861965,0.0,0.18440656871128336,none,none
wroclaw_2024_2025,60,14365,0,0,0.12090316386180627,0.0,0.18166213083186755,none,none
wroclaw_2024_2025,60,14366,0,0,0.08633025439401056,0.0,0.18710308370576356,none,none
wroclaw_2024_2025,60,14367,0,0,0.009462189226519337,0.0,0.19492409387442675,none,none
wroclaw_2024_2025,60,14368,0,0,0.023924378453038676,0.0,0.184549848039564,none,none
wroclaw_2024_2025,60,14369,0,0,0.048386567679558005,0.0,0.17982384173029248,none,none
wroclaw_2024_2025,60,14370,0,0,0.029193283839779007,0.0,0.18100465989642475,none,none
wroclaw_2024_2025,60,14371,0,0,0.05263474725324025,0.0,0.17307758350915237,none,none
wroclaw_2024_2025,60,14372,0,0,0.03368292093324997,0.0,0.1744352915229297,none,none
wroclaw_2024_2025,60,14373,0,0,0.034193283839779,0.0,0.18290674127701478,none,none
wroclaw_2024_2025,60,14374,0,0,0.023951826319990297,0.0,0.2153150268242416,none,none
wroclaw_2024_2025,60,14375,0,0,0.033924378453038674,0.0,0.1984381871815708,none,none
wroclaw_2024_2025,60,14376,0,0,0.033924378453038674,0.0,0.17861343289101972,none,none
wroclaw_2024_2025,60,14377,0,0,0.03892437845303867,0.0,0.16980116706029977,none,none
wroclaw_2024_2025,60,14378,0,0,0.043655473066298335,0.0,0.1636262373889036,none,none
wroclaw_2024_2025,60,14379,0,0,0.01422073170673063,0.0,0.17028729438798906,none,none
wroclaw_2024_2025,60,14380,0,0,0.04364804223658269,0.0,0.16846219541420576,none,none
wroclaw_2024_2025,60,14381,0,0,0.029185853010063358,0.0,0.1720695406557712,none,none
wroclaw_2024_2025,60,14382,0,0,0.0527654845317526,0.0,0.17070985508189937,none,none
wroclaw_2024_2025,60,14383,0,0,0.10206205778309232,0.0,0.17766248597637674,none,none
wroclaw_2024_2025,60,14384,0,0,0.048813658211762305,0.0,0.19126469544036345,none,none
wroclaw_2024_2025,60,14385,0,0,0.028710368800201592,0.0,0.20137672889865615,none,none
wroclaw_2024_2025,60,14386,0,0,0.01948963709347096,0.0,0.21086310639670072,none,none
wroclaw_2024_2025,60,14387,0,0,0.009731094613259668,0.0,0.1977964327362857,none,none
wroclaw_2024_2025,60,14388,0,0,0.009731094613259668,0.0,0.18075159239975203,none,none
wroclaw_2024_2025,60,14389,0,0,0.01919328383977901,0.0,0.1690250366390806,none,none
wroclaw_2024_2025,60,14390,0,0,0.028951826319990298,0.0,0.16165616892735762,none,none
wroclaw_2024_2025,60,14391,0,0,0.05290365263998059,0.0,0.16959125315204446,none,none
wroclaw_2024_2025,60,14392,0,0,0.05803438991849293,0.0,0.17415790736880263,none,none
wroclaw_2024_2025,60,14393,0,0,0.13273803666480097,0.0,0.16296154790200545,none,none
wroclaw_2024_2025,60,14394,0,0,0.09093804255847353,0.0,0.16313092086195852,none,none
wroclaw_2024_2025,60,14395,0,0,0.1113376852237262,0.0,0.16101570313982733,none,none
wroclaw_2024_2025,60,14396,0,0,0.12540023178499285,0.0,0.18479597584153357,none,none
wroclaw_2024_2025,60,14397,0,0,0.08147585333195419,0.0,0.1641782776971072,none,none
wroclaw_2024_2025,60,14398,0,0,0.05395182631999029,0.0,0.17080356304132915,none,none
wroclaw_2024_2025,60,14399,0,0,0.047393289733451555,0.0,0.171914582149242,none,none
wroclaw_2024_2025,60,14400,0,0,0.04712438434671122,0.0,0.15371892129336143,none,none
wroclaw_2024_2025,60,14401,0,0,0.043172558026720924,0.0,0.14438626120159864,none,none
wroclaw_2024_2025,60,14402,0,0,0.043172558026720924,0.0,0.15346367699641128,none,none
wroclaw_2024_2025,60,14403,0,0,0.107461700448345,0.0,0.14557589173287128,none,none
wroclaw_2024_2025,60,14404,0,0,0.05249657914501227,0.0,0.14470634674645144,none,none
wroclaw_2024_2025,60,14405,0,0,0.02368292093324997,0.0,0.1434642614756876,none,none
wroclaw_2024_2025,60,14406,0,0,0.062496579145012277,0.0,0.14289298381505994,none,none
wroclaw_2024_2025,60,14407,1,0,0.10203460991614069,0.1,0.15192150715569633,rain,none
wroclaw_2024_2025,60,14408,0,0,0.04851730495807034,0.0,0.14720082014765998,none,none
wroclaw_2024_2025,60,14409,0,0,0.048924378453038674,0.0,0.1501659301392466,none,none
wroclaw_2024_2025,60,14410,0,0,0.08731094613259667,0.0,0.14916322233278087,none,none
wroclaw_2024_2025,60,14411,0,1,0.5355172856435548,0.0,0.15537270850018098,none,rain
wroclaw_2024_2025,60,14412,0,0,0.14797949418458967,0.0,0.1488630647303772,none,none
wroclaw_2024_2025,60,14413,0,0,0.118386567679558,0.0,0.1402759235964247,none,none
wroclaw_2024_2025,60,14414,0,0,0.098386567679558,0.0,0.15127642632154675,none,none
wroclaw_2024_2025,60,14415,0,0,0.03932402111829134,0.0,0.14223967597941212,none,none
wroclaw_2024_2025,60,14416,0,0,0.02986183189177201,0.0,0.14731048333336405,none,none
wroclaw_2024_2025,60,14417,0,0,0.019731094613259666,0.0,0.1541640302698095,none,none
wroclaw_2024_2025,60,14418,0,0,0.019731094613259666,0.0,0.14414237100552518,none,none
wroclaw_2024_2025,60,14419,0,0,0.023924378453038676,0.0,0.1502093167877821,none,none
wroclaw_2024_2025,60,14420,0,0,0.024193283839779003,0.0,0.1475449731707674,none,none
wroclaw_2024_2025,60,14421,0,0,0.029220731706730625,0.0,0.14565096548293968,none,none
wroclaw_2024_2025,60,14422,0,0,0.039193283839779006,0.0,0.1416491392405141,none,none
wroclaw_2024_2025,60,14423,0,0,0.028682920933249964,0.0,0.14669032720789044,none,none
wroclaw_2024_2025,60,14424,0,0,0.04445475839680369,0.0,0.14608658654926834,none,none
wroclaw_2024_2025,60,14425,0,0,0.034462189226519335,0.0,0.1540912670268708,none,none
wroclaw_2024_2025,60,14426,0,0,0.029193283839779004,0.0,0.16246723028687068,none,none
wroclaw_2024_2025,60,14427,0,0,0.0381451101597693,0.0,0.1735629696919598,none,none
wroclaw_2024_2025,60,14428,0,0,0.014462189226519338,0.0,0.16375696487061103,none,none
wroclaw_2024_2025,60,14429,0,0,0.018951826319990296,0.0,0.15677608788927988,none,none
wroclaw_2024_2025,60,14430,0,0,0.03392437845303867,0.0,0.1631912536208059,none,none
wroclaw_2024_2025,60,14431,0,0,0.013951826319990297,0.0,0.16314759774747628,none,none
wroclaw_2024_2025,60,14432,0,0,0.02973109461325967,0.0,0.1751659516884593,none,none
wroclaw_2024_2025,60,14433,0,0,0.004731094613259669,0.0,0.19780233825659893,none,none
wroclaw_2024_2025,60,14434,0,0,0.009731094613259668,0.0,0.18874115071538025,none,none
wroclaw_2024_2025,60,14435,0,0,0.009731094613259668,0.0,0.20389891933284027,none,none
wroclaw_2024_2025,60,14436,0,0,0.0377654845317526,0.0,0.18979089648058092,none,none
wroclaw_2024_2025,60,14437,0,0,0.039055115731551016,0.0,0.19896205715462084,none,none
wroclaw_2024_2025,60,14438,0,0,0.01905511573155102,0.0,0.18973459204703874,none,none
wroclaw_2024_2025,60,14439,0,0,0.03432402111829135,0.0,0.20792268135606007,none,none
wroclaw_2024_2025,60,14440,0,0,0.03448963709347096,0.0,0.18104671916749854,none,none
wroclaw_2024_2025,60,14441,0,0,0.048951826319990295,0.0,0.16728262003308444,none,none
wroclaw_2024_2025,60,14442,0,0,0.03422073170673063,0.0,0.168735948025168,none,none
wroclaw_2024_2025,60,14443,0,0,0.08685547895997088,0.0,0.1813472336083016,none,none
wroclaw_2024_2025,60,14444,0,0,0.03838656767955801,0.0,0.1908246964862653,none,none
wroclaw_2024_2025,60,14445,0,0,0.0,0.0,0.19757555079610353,none,none
wroclaw_2024_2025,60,14446,0,0,0.04844146341346125,0.0,0.2722303609113175,none,none
wroclaw_2024_2025,60,14447,0,0,0.03368292093324996,0.0,0.23518139826058934,none,none
wroclaw_2024_2025,60,14448,0,0,0.028951826319990298,0.0,0.19599440419366032,none,none
wroclaw_2024_2025,60,14449,0,0,0.08279293239870424,0.0,0.16076691584258582,none,none
wroclaw_2024_2025,60,14450,1,0,0.03368292093324996,0.1,0.1588390760615167,rain,none
wroclaw_2024_2025,60,14451,0,0,0.04300694205154131,0.0,0.16062009368140157,none,none
wroclaw_2024_2025,60,14452,0,0,0.014731094613259667,0.0,0.15609212881097653,none,none
wroclaw_2024_2025,60,14453,0,0,0.004861831891772012,0.0,0.16937286215777894,none,none
wroclaw_2024_2025,60,14454,0,0,0.04327584743828164,0.0,0.20218405025848168,none,none
wroclaw_2024_2025,60,14455,0,0,0.014193283839779008,0.0,0.20432257465302392,none,none
wroclaw_2024_2025,60,14456,0,0,0.014193283839779008,0.0,0.16304430204086554,none,none
wroclaw_2024_2025,60,14457,0,0,0.014462189226519338,0.0,0.17120901177913006,none,none
wroclaw_2024_2025,60,14458,0,0,0.023924378453038676,0.0,0.17387168910463027,none,none
wroclaw_2024_2025,60,14459,0,0,0.014731094613259667,0.0,0.16355411599826641,none,none
wroclaw_2024_2025,60,14460,0,0,0.019462189226519336,0.0,0.1562886578411296,none,none
wroclaw_2024_2025,60,14461,0,0,0.01919328383977901,0.0,0.14790411452673113,none,none
wroclaw_2024_2025,60,14462,0,0,0.07236584186649993,0.0,0.17490394027384942,none,none
wroclaw_2024_2025,60,14463,0,0,0.05324839957133002,0.0,0.1541726491656727,none,none
wroclaw_2024_2025,60,14464,0,0,0.08158657357323054,0.0,0.15665139398313016,none,none
wroclaw_2024_2025,60,14465,0,0,0.029462189226519334,0.0,0.13902788528441917,none,none
wroclaw_2024_2025,60,14466,0,0,0.023682920933249963,0.0,0.15637506064910012,none,none
wroclaw_2024_2025,60,14467,0,0,0.01919328383977901,0.0,0.16312605821559556,none,none
wroclaw_2024_2025,60,14468,0,0,0.014462189226519338,0.0,0.15196280204237828,none,none
wroclaw_2024_2025,60,14469,0,0,0.01422073170673063,0.0,0.15451940527884836,none,none
wroclaw_2024_2025,60,14470,0,0,0.013951826319990297,0.0,0.15788205558983562,none,none
wroclaw_2024_2025,60,14471,0,0,0.028544752825021974,0.0,0.16627291199537608,none,none
wroclaw_2024_2025,60,14472,0,0,0.08266219512019188,0.0,0.15742476400528368,none,none
wroclaw_2024_2025,60,14473,0,0,0.019731094613259666,0.0,0.16895707488110603,none,none
wroclaw_2024_2025,60,14474,0,0,0.01948963709347096,0.0,0.18575114190136607,none,none
wroclaw_2024_2025,60,14475,0,0,0.015,0.0,0.17840954498994246,none,none
wroclaw_2024_2025,60,14476,0,0,0.005,0.0,0.171151907142512,none,none
wroclaw_2024_2025,60,14477,0,0,0.0,0.0,0.1791096316947093,none,none
wroclaw_2024_2025,60,14478,0,0,0.009731094613259668,0.0,0.18327291546132846,none,none
wroclaw_2024_2025,60,14479,0,0,0.014193283839779008,0.0,0.19714258969374626,none,none
