dataset,horizon_min,source_row,actual_precipitation,predicted_precipitation,probability,actual_amount_mm,predicted_amount_mm,actual_phase_heuristic,predicted_phase_heuristic
suwalki_2010,15,2368,0,0,0.0,0.0,0.006561581733230285,none,none
suwalki_2010,15,2369,0,0,0.0,0.0,0.006457710436942398,none,none
suwalki_2010,15,2370,0,0,0.0,0.0,0.006457710436942398,none,none
suwalki_2010,15,2371,0,0,0.004108952702702703,0.0,0.0065875512322620755,none,none
suwalki_2010,15,2372,0,0,0.004108952702702703,0.0,0.0065875512322620755,none,none
suwalki_2010,15,2373,0,0,0.004108952702702703,0.0,0.006561581733230285,none,none
suwalki_2010,15,2374,0,0,0.0,0.0,0.00653561290419971,none,none
suwalki_2010,15,2375,0,0,0.0,0.0,0.00653561290419971,none,none
suwalki_2010,15,2376,0,0,0.0,0.0,0.0066394922403984384,none,none
suwalki_2010,15,2377,0,0,0.0,0.0,0.00676935648697065,none,none
suwalki_2010,15,2378,0,0,0.0,0.0,0.006821306876455116,none,none
suwalki_2010,15,2379,0,0,0.0,0.0,0.006873259946635958,none,none
suwalki_2010,15,2380,0,0,0.0,0.0,0.006873259946635958,none,none
suwalki_2010,15,2381,0,0,0.0,0.0,0.0066394922403984384,none,none
suwalki_2010,15,2382,0,0,0.0,0.0,0.0066394922403984384,none,none
suwalki_2010,15,2383,0,0,0.0,0.0,0.0066394922403984384,none,none
suwalki_2010,15,2384,0,0,0.0,0.0,0.0066394922403984384,none,none
suwalki_2010,15,2385,0,0,0.0,0.0,0.006717408778044245,none,none
suwalki_2010,15,2386,0,0,0.004108952702702703,0.0,0.00676935648697065,none,none
suwalki_2010,15,2387,0,0,0.004108952702702703,0.0,0.00676935648697065,none,none
suwalki_2010,15,2388,0,0,0.004108952702702703,0.0,0.00676935648697065,none,none
suwalki_2010,15,2389,0,0,0.004108952702702703,0.0,0.00669143592874709,none,none
suwalki_2010,15,2390,0,0,0.004108952702702703,0.0,0.006691435928747091,none,none
suwalki_2010,15,2391,0,0,0.004108952702702703,0.0,0.0066394922403984384,none,none
suwalki_2010,15,2392,0,0,0.004108952702702703,0.0,0.006483677256073052,none,none
suwalki_2010,15,2393,0,0,0.0,0.0,0.00648367725607305,none,none
suwalki_2010,15,2394,0,0,0.0,0.0,0.0065875512322620755,none,none
suwalki_2010,15,2395,0,0,0.0,0.0,0.0066135214013123625,none,none
suwalki_2010,15,2396,0,0,0.0,0.0,0.006639492240398437,none,none
suwalki_2010,15,2397,0,0,0.0,0.0,0.0064317442877438215,none,none
suwalki_2010,15,2398,0,0,0.0,0.0,0.006379813999073745,none,none
suwalki_2010,15,2399,0,0,0.0,0.0,0.006379813999073745,none,none
suwalki_2010,15,2400,0,0,0.0,0.0,0.006379813999073745,none,none
suwalki_2010,15,2401,0,0,0.0,0.0,0.006561581733230285,none,none
suwalki_2010,15,2402,0,0,0.0,0.0,0.006665463749537583,none,none
suwalki_2010,15,2403,0,0,0.0,0.0,0.00669143592874709,none,none
suwalki_2010,15,2404,0,0,0.0,0.0,0.006743382297446333,none,none
suwalki_2010,15,2405,0,0,0.0,0.0,0.006561581733230285,none,none
suwalki_2010,15,2406,0,0,0.0,0.0,0.006561581733230285,none,none
suwalki_2010,15,2407,0,0,0.0,0.0,0.006561581733230285,none,none
suwalki_2010,15,2408,0,0,0.0,0.0,0.006561581733230285,none,none
suwalki_2010,15,2409,0,0,0.0,0.0,0.006561581733230285,none,none
suwalki_2010,15,2410,0,0,0.0,0.0,0.006561581733230285,none,none
suwalki_2010,15,2411,0,0,0.0,0.0,0.006561581733230285,none,none
suwalki_2010,15,2412,0,0,0.0,0.0,0.006561581733230285,none,none
suwalki_2010,15,2413,0,0,0.0,0.0,0.00650964474515306,none,none
suwalki_2010,15,2414,0,0,0.0,0.0,0.006483677256073052,none,none
suwalki_2010,15,2415,0,0,0.0,0.0,0.006483677256073052,none,none
suwalki_2010,15,2416,0,0,0.0,0.0,0.006483677256073052,none,none
suwalki_2010,15,2417,0,0,0.0,0.0,0.006457710436942398,none,none
suwalki_2010,15,2418,0,0,0.0,0.0,0.006457710436942398,none,none
suwalki_2010,15,2419,0,0,0.0,0.0,0.006457710436942398,none,none
suwalki_2010,15,2420,0,0,0.004108952702702703,0.0,0.006457710436942398,none,none
suwalki_2010,15,2421,0,0,0.004108952702702703,0.0,0.006405778808460031,none,none
suwalki_2010,15,2422,0,0,0.011705360602538023,0.0,0.006405778808460031,none,none
suwalki_2010,15,2423,0,0,0.0075964078998353194,0.0,0.006405778808460031,none,none
suwalki_2010,15,2424,0,0,0.011705360602538023,0.0,0.006405778808460031,none,none
suwalki_2010,15,2425,0,0,0.011705360602538023,0.0,0.006561581733230285,none,none
suwalki_2010,15,2426,0,0,0.015192815799670639,0.0,0.006613521401312364,none,none
suwalki_2010,15,2427,0,0,0.011705360602538023,0.0,0.0066394922403984384,none,none
suwalki_2010,15,2428,0,0,0.015814313305240725,0.0,0.0066394922403984384,none,none
suwalki_2010,15,2429,0,0,0.004108952702702703,0.0,0.0066394922403984384,none,none
suwalki_2010,15,2430,0,0,0.004108952702702703,0.0,0.0066394922403984384,none,none
suwalki_2010,15,2431,0,0,0.012326858108108109,0.0,0.0066394922403984384,none,none
suwalki_2010,15,2432,0,0,0.012326858108108109,0.0,0.0066394922403984384,none,none
suwalki_2010,15,2433,0,0,0.012326858108108109,0.0,0.0066394922403984384,none,none
suwalki_2010,15,2434,0,0,0.004108952702702703,0.0,0.006743382297446335,none,none
suwalki_2010,15,2435,0,0,0.004108952702702703,0.0,0.006717408778044245,none,none
suwalki_2010,15,2436,0,0,0.012326858108108109,0.0,0.006717408778044245,none,none
suwalki_2010,15,2437,0,0,0.016435810810810813,0.0,0.00653561290419971,none,none
suwalki_2010,15,2438,0,0,0.020544763513513514,0.0,0.00653561290419971,none,none
suwalki_2010,15,2439,0,0,0.024032218710646126,0.0,0.00653561290419971,none,none
suwalki_2010,15,2440,0,0,0.02814117141334883,0.0,0.00653561290419971,none,none
suwalki_2010,15,2441,0,0,0.03573757931318415,0.0,0.00669143592874709,none,none
suwalki_2010,15,2442,0,0,0.03984653201588685,0.0,0.00679533134663448,none,none
suwalki_2010,15,2443,0,0,0.06387875072653298,0.0,0.006847283076449843,none,none
suwalki_2010,15,2444,0,0,0.06387875072653298,0.0,0.006847283076449843,none,none
suwalki_2010,15,2445,0,0,0.07620560883464109,0.0,0.006717408778044245,none,none
suwalki_2010,15,2446,0,0,0.09899483253414704,0.0,0.006613521401312364,none,none
suwalki_2010,15,2447,0,0,0.09077692712874164,0.0,0.006613521401312365,none,none
suwalki_2010,15,2448,0,0,0.10310378523684975,0.0,0.006535612904199711,none,none
suwalki_2010,15,2449,0,0,0.0920199221398818,0.0,0.006483677256073052,none,none
suwalki_2010,15,2450,0,0,0.06798770342923569,0.0,0.006483677256073052,none,none
suwalki_2010,15,2451,0,0,0.05279488762956504,0.0,0.006483677256073052,none,none
suwalki_2010,15,2452,0,0,0.04395548471858955,0.0,0.006483677256073052,none,none
suwalki_2010,15,2453,0,0,0.03922503451031677,0.0,0.006613521401312364,none,none
suwalki_2010,15,2454,0,0,0.03922503451031677,0.0,0.006717408778044245,none,none
suwalki_2010,15,2455,0,0,0.03922503451031677,0.0,0.006717408778044245,none,none
suwalki_2010,15,2456,0,0,0.03922503451031677,0.0,0.00676935648697065,none,none
suwalki_2010,15,2457,0,0,0.024032218710646126,0.0,0.0065875512322620755,none,none
suwalki_2010,15,2458,0,0,0.024032218710646126,0.0,0.00653561290419971,none,none
suwalki_2010,15,2459,0,0,0.015814313305240725,0.0,0.006561581733230285,none,none
suwalki_2010,15,2460,0,0,0.0075964078998353194,0.0,0.006561581733230285,none,none
suwalki_2010,15,2461,0,0,0.0075964078998353194,0.0,0.00648367725607305,none,none
suwalki_2010,15,2462,0,0,0.0075964078998353194,0.0,0.006561581733230282,none,none
suwalki_2010,15,2463,0,0,0.0075964078998353194,0.0,0.006613521401312361,none,none
suwalki_2010,15,2464,0,0,0.0075964078998353194,0.0,0.006613521401312361,none,none
suwalki_2010,15,2465,0,0,0.0075964078998353194,0.0,0.006379813999073744,none,none
suwalki_2010,15,2466,0,0,0.0075964078998353194,0.0,0.006301923590127089,none,none
suwalki_2010,15,2467,0,0,0.0075964078998353194,0.0,0.006301923590127089,none,none
suwalki_2010,15,2468,0,0,0.0075964078998353194,0.0,0.006405778808460031,none,none
suwalki_2010,15,2469,0,0,0.0075964078998353194,0.0,0.00653561290419971,none,none
suwalki_2010,15,2470,0,0,0.0075964078998353194,0.0,0.0066394922403984384,none,none
suwalki_2010,15,2471,0,0,0.0075964078998353194,0.0,0.0066394922403984384,none,none
suwalki_2010,15,2472,0,0,0.0075964078998353194,0.0,0.006665463749537585,none,none
suwalki_2010,15,2473,0,0,0.0075964078998353194,0.0,0.006457710436942398,none,none
suwalki_2010,15,2474,0,0,0.0075964078998353194,0.0,0.006405778808460031,none,none
suwalki_2010,15,2475,0,0,0.0075964078998353194,0.0,0.006405778808460031,none,none
suwalki_2010,15,2476,0,0,0.0075964078998353194,0.0,0.006301923590127089,none,none
suwalki_2010,15,2477,0,0,0.0075964078998353194,0.0,0.006301923590127089,none,none
suwalki_2010,15,2478,0,0,0.0075964078998353194,0.0,0.006327886389924557,none,none
suwalki_2010,15,2479,0,0,0.0075964078998353194,0.0,0.00635384985956768,none,none
suwalki_2010,15,2480,0,0,0.0075964078998353194,0.0,0.00635384985956768,none,none
suwalki_2010,15,2481,0,0,0.0075964078998353194,0.0,0.006301923590127089,none,none
suwalki_2010,15,2482,0,0,0.0075964078998353194,0.0,0.006301923590127089,none,none
suwalki_2010,15,2483,0,0,0.0075964078998353194,0.0,0.006301923590127089,none,none
suwalki_2010,15,2484,0,0,0.0075964078998353194,0.0,0.006301923590127089,none,none
suwalki_2010,15,2485,0,0,0.0075964078998353194,0.0,0.006301923590127089,none,none
suwalki_2010,15,2486,0,0,0.0075964078998353194,0.0,0.006327886389924558,none,none
suwalki_2010,15,2487,0,0,0.0075964078998353194,0.0,0.006327886389924558,none,none
suwalki_2010,15,2488,0,0,0.0075964078998353194,0.0,0.006327886389924558,none,none
suwalki_2010,15,2489,0,0,0.0075964078998353194,0.0,0.006327886389924558,none,none
suwalki_2010,15,2490,0,0,0.0075964078998353194,0.0,0.006327886389924558,none,none
suwalki_2010,15,2491,0,0,0.0075964078998353194,0.0,0.006327886389924558,none,none
suwalki_2010,15,2492,0,0,0.0075964078998353194,0.0,0.006327886389924558,none,none
suwalki_2010,15,2493,0,0,0.0075964078998353194,0.0,0.006327886389924558,none,none
suwalki_2010,15,2494,0,0,0.0075964078998353194,0.0,0.006327886389924558,none,none
suwalki_2010,15,2495,0,0,0.0075964078998353194,0.0,0.006327886389924558,none,none
suwalki_2010,15,2496,0,0,0.0075964078998353194,0.0,0.006431744287743823,none,none
suwalki_2010,15,2497,0,0,0.0075964078998353194,0.0,0.006561581733230285,none,none
suwalki_2010,15,2498,0,0,0.0075964078998353194,0.0,0.006613521401312364,none,none
suwalki_2010,15,2499,0,0,0.0075964078998353194,0.0,0.006665463749537585,none,none
suwalki_2010,15,2500,0,0,0.0075964078998353194,0.0,0.0065875512322620755,none,none
suwalki_2010,15,2501,0,0,0.0075964078998353194,0.0,0.0066394922403984384,none,none
suwalki_2010,15,2502,0,0,0.0075964078998353194,0.0,0.00669143592874709,none,none
suwalki_2010,15,2503,0,0,0.0075964078998353194,0.0,0.006743382297446333,none,none
suwalki_2010,15,2504,0,0,0.0075964078998353194,0.0,0.006743382297446333,none,none
suwalki_2010,15,2505,0,0,0.0075964078998353194,0.0,0.00648367725607305,none,none
suwalki_2010,15,2506,0,0,0.0075964078998353194,0.0,0.006327886389924558,none,none
suwalki_2010,15,2507,0,0,0.0075964078998353194,0.0,0.006327886389924558,none,none
suwalki_2010,15,2508,0,0,0.0075964078998353194,0.0,0.006431744287743823,none,none
suwalki_2010,15,2509,0,0,0.0075964078998353194,0.0,0.006431744287743823,none,none
suwalki_2010,15,2510,0,0,0.011705360602538023,0.0,0.006405778808460032,none,none
suwalki_2010,15,2511,0,0,0.011705360602538023,0.0,0.006405778808460032,none,none
suwalki_2010,15,2512,0,0,0.011705360602538023,0.0,0.00630192359012709,none,none
suwalki_2010,15,2513,0,0,0.011705360602538023,0.0,0.006275961460157998,none,none
suwalki_2010,15,2514,0,0,0.012326858108108109,0.0,0.006275961460157998,none,none
suwalki_2010,15,2515,0,0,0.008217905405405406,0.0,0.006275961460157998,none,none
suwalki_2010,15,2516,0,0,0.008217905405405406,0.0,0.006379813999073745,none,none
suwalki_2010,15,2517,0,0,0.012326858108108109,0.0,0.00650964474515306,none,none
suwalki_2010,15,2518,0,0,0.015814313305240725,0.0,0.006457710436942398,none,none
suwalki_2010,15,2519,0,0,0.019923266007943426,0.0,0.00648367725607305,none,none
suwalki_2010,15,2520,0,0,0.024032218710646126,0.0,0.00648367725607305,none,none
suwalki_2010,15,2521,0,0,0.015814313305240725,0.0,0.0064317442877438215,none,none
suwalki_2010,15,2522,0,0,0.015814313305240725,0.0,0.0064317442877438215,none,none
suwalki_2010,15,2523,0,0,0.015814313305240725,0.0,0.0064317442877438215,none,none
suwalki_2010,15,2524,0,0,0.015814313305240725,0.0,0.0064317442877438215,none,none
suwalki_2010,15,2525,0,0,0.015814313305240725,0.0,0.00653561290419971,none,none
suwalki_2010,15,2526,0,0,0.015814313305240725,0.0,0.006665463749537585,none,none
suwalki_2010,15,2527,0,0,0.015814313305240725,0.0,0.006691435928747091,none,none
suwalki_2010,15,2528,0,0,0.015814313305240725,0.0,0.0066394922403984384,none,none
suwalki_2010,15,2529,0,0,0.015814313305240725,0.0,0.0066394922403984384,none,none
suwalki_2010,15,2530,0,0,0.015814313305240725,0.0,0.0066394922403984384,none,none
suwalki_2010,15,2531,0,0,0.011705360602538023,0.0,0.0066135214013123625,none,none
suwalki_2010,15,2532,0,0,0.011705360602538023,0.0,0.0066135214013123625,none,none
suwalki_2010,15,2533,0,0,0.011705360602538023,0.0,0.006457710436942398,none,none
suwalki_2010,15,2534,0,0,0.011705360602538023,0.0,0.006457710436942398,none,none
suwalki_2010,15,2535,0,0,0.015814313305240725,0.0,0.006509644745153058,none,none
suwalki_2010,15,2536,0,0,0.019923266007943426,0.0,0.006509644745153058,none,none
suwalki_2010,15,2537,0,0,0.03984653201588685,0.0,0.006509644745153058,none,none
suwalki_2010,15,2538,0,0,0.05503934781555749,0.0,0.0065875512322620755,none,none
suwalki_2010,15,2539,0,0,0.05914830051826019,0.0,0.006613521401312364,none,none
suwalki_2010,15,2540,0,0,0.0673662059236656,0.0,0.006691435928747091,none,none
suwalki_2010,15,2541,0,0,0.0714751586263683,0.0,0.006665463749537585,none,none
suwalki_2010,15,2542,0,0,0.05441785030998741,0.0,0.006665463749537585,none,none
suwalki_2010,15,2543,0,0,0.051551892618424876,0.0,0.006665463749537585,none,none
suwalki_2010,15,2544,0,0,0.04333398721301946,0.0,0.006665463749537585,none,none
suwalki_2010,15,2545,0,0,0.035737579313184144,0.0,0.00653561290419971,none,none
suwalki_2010,15,2546,0,0,0.035737579313184144,0.0,0.0064317442877438215,none,none
suwalki_2010,15,2547,0,0,0.03225012411605153,0.0,0.0064317442877438215,none,none
suwalki_2010,15,2548,0,0,0.02814117141334883,0.0,0.00653561290419971,none,none
suwalki_2010,15,2549,0,0,0.024032218710646126,0.0,0.00653561290419971,none,none
suwalki_2010,15,2550,0,0,0.015814313305240725,0.0,0.00653561290419971,none,none
suwalki_2010,15,2551,0,0,0.011705360602538023,0.0,0.00653561290419971,none,none
suwalki_2010,15,2552,0,0,0.019923266007943426,0.0,0.006457710436942398,none,none
suwalki_2010,15,2553,0,0,0.015814313305240725,0.0,0.006457710436942398,none,none
suwalki_2010,15,2554,0,0,0.015814313305240725,0.0,0.006457710436942398,none,none
suwalki_2010,15,2555,0,0,0.015814313305240725,0.0,0.00648367725607305,none,none
suwalki_2010,15,2556,1,0,0.015814313305240725,0.00625,0.00648367725607305,snow,none
suwalki_2010,15,2557,1,1,0.9658448393195017,0.0125,0.012603534199379145,snow,snow
suwalki_2010,15,2558,1,1,0.9615300553509016,0.01875,0.018879818818047168,snow,snow
suwalki_2010,15,2559,1,1,0.9610409501121441,0.025,0.02500817654641043,snow,snow
suwalki_2010,15,2560,1,1,0.9601499028148468,0.01875,0.031949865291848595,snow,snow
suwalki_2010,15,2561,1,1,0.9469004925039795,0.0125,0.021316022277494,snow,snow
suwalki_2010,15,2562,1,1,0.9204225302585678,0.0062499999999999,0.010687829423415077,snow,snow
suwalki_2010,15,2563,0,1,0.7235137073272192,0.0,0.01121977608953594,none,snow
suwalki_2010,15,2564,0,0,0.16860549864380509,0.0,0.010988398583147537,none,none
suwalki_2010,15,2565,0,0,0.19477175966288868,0.0,0.01177798411341738,none,none
suwalki_2010,15,2566,0,0,0.21407352816526204,0.0,0.010481483781667782,none,none
suwalki_2010,15,2567,0,0,0.2627594630921244,0.0,0.010351140703860588,none,none
suwalki_2010,15,2568,1,0,0.31717731340211175,0.00625,0.010248787480460908,snow,none
suwalki_2010,15,2569,1,1,0.970333949648537,0.0125,0.014771474518416294,snow,snow
suwalki_2010,15,2570,1,1,0.9778642700854548,0.01875,0.02192840523348157,snow,snow
suwalki_2010,15,2571,1,1,0.9819175645134015,0.025,0.025899594414480486,snow,snow
suwalki_2010,15,2572,1,1,0.9836996591079961,0.03125,0.032306266865826216,snow,snow
suwalki_2010,15,2573,1,1,0.9895350481305372,0.0375,0.03749999999999994,snow,snow
suwalki_2010,15,2574,1,1,0.9913171427251316,0.04375,0.04356622575161216,snow,snow
suwalki_2010,15,2575,1,1,0.9936755057387013,0.05,0.05066332857846761,snow,snow
suwalki_2010,15,2576,1,1,0.9950556582747561,0.05625,0.054778442662748936,snow,snow
suwalki_2010,15,2577,1,1,0.9959467055720534,0.0625,0.06241165235838759,snow,snow
suwalki_2010,15,2578,1,1,0.9959467055720534,0.06875,0.06950805880153887,snow,snow
suwalki_2010,15,2579,1,1,0.9968377528693507,0.075,0.07453693926626107,snow,snow
suwalki_2010,15,2580,1,1,0.9982179054054054,0.075,0.07097072757883899,snow,snow
suwalki_2010,15,2581,1,1,0.9982179054054054,0.075,0.071254066355154,snow,snow
suwalki_2010,15,2582,1,1,0.9982179054054054,0.075,0.07156806780544374,snow,snow
suwalki_2010,15,2583,1,1,0.9973268581081082,0.075,0.07136715746445439,snow,snow
suwalki_2010,15,2584,1,1,0.9991089527027027,0.08125,0.07141937020701004,snow,snow
suwalki_2010,15,2585,1,1,0.9991089527027027,0.0875,0.08868530764542124,snow,snow
suwalki_2010,15,2586,1,1,0.9982179054054054,0.09375,0.0977831797732846,snow,snow
suwalki_2010,15,2587,1,1,0.9887626689189192,0.1,0.1019128527903852,snow,snow
suwalki_2010,15,2588,1,1,0.9878716216216218,0.10625,0.10283162295501426,snow,snow
suwalki_2010,15,2589,1,1,0.9887626689189192,0.1125,0.11551136033327886,snow,snow
suwalki_2010,15,2590,1,1,0.9878716216216218,0.11875,0.12408704896588327,snow,snow
suwalki_2010,15,2591,1,1,0.9878716216216218,0.125,0.13320179776807944,snow,snow
suwalki_2010,15,2592,1,1,0.9878716216216218,0.125,0.13193727308022724,snow,snow
suwalki_2010,15,2593,1,1,0.9946537162162165,0.125,0.13287785421575213,snow,snow
suwalki_2010,15,2594,1,1,0.9964358108108109,0.125,0.1336054056729082,snow,snow
suwalki_2010,15,2595,1,1,0.9964358108108109,0.125,0.13352753113042154,snow,snow
suwalki_2010,15,2596,1,1,0.9964358108108109,0.125,0.13326414471319398,snow,snow
suwalki_2010,15,2597,1,1,0.9982179054054054,0.125,0.13368014251241173,snow,snow
suwalki_2010,15,2598,1,1,0.9982179054054054,0.125,0.1338120526086493,snow,snow
suwalki_2010,15,2599,1,1,0.9991089527027027,0.125,0.13457082232311657,snow,snow
suwalki_2010,15,2600,1,1,0.9991089527027027,0.11875,0.1349725013719862,snow,snow
suwalki_2010,15,2601,1,1,1.0,0.1125,0.1308411115482468,snow,snow
suwalki_2010,15,2602,1,1,1.0,0.10625,0.12275096779351478,snow,snow
suwalki_2010,15,2603,1,1,0.9990217895224851,0.1,0.11027371997549147,snow,snow
suwalki_2010,15,2604,1,1,0.9980435790449701,0.09375,0.10040620903100661,snow,snow
suwalki_2010,15,2605,1,1,0.9980435790449701,0.0875,0.09049402174244818,snow,snow
suwalki_2010,15,2606,1,1,0.9980435790449701,0.08125,0.08297153448438356,snow,snow
suwalki_2010,15,2607,1,1,0.9980435790449701,0.075,0.0752674959062365,snow,snow
suwalki_2010,15,2608,1,1,0.9980435790449701,0.06875,0.07199588431729238,snow,snow
suwalki_2010,15,2609,1,1,0.9980435790449701,0.0625,0.06255840709113758,snow,snow
suwalki_2010,15,2610,1,1,0.9980435790449701,0.05625,0.05499963767054972,snow,snow
suwalki_2010,15,2611,1,1,0.9961743212701577,0.05,0.04677202431341385,snow,snow
suwalki_2010,15,2612,1,1,0.9952832739728605,0.05625,0.0449834462553799,snow,snow
suwalki_2010,15,2613,1,1,0.9962614844503754,0.0625,0.05785416671904436,snow,snow
suwalki_2010,15,2614,1,1,0.9971525317476727,0.06875,0.06770570110008661,snow,snow
suwalki_2010,15,2615,1,1,0.9971525317476727,0.075,0.07445869202974639,snow,snow
suwalki_2010,15,2616,1,1,0.9980435790449701,0.08125,0.0705274444740385,snow,snow
suwalki_2010,15,2617,1,1,0.9961743212701577,0.0875,0.08893514362804392,snow,snow
suwalki_2010,15,2618,1,1,0.9926101320809687,0.09375,0.09957431034651337,snow,snow
suwalki_2010,15,2619,1,1,0.9917190847836714,0.1,0.10765567571513704,snow,snow
suwalki_2010,15,2620,1,1,0.9926101320809687,0.1,0.1156457255555837,snow,snow
suwalki_2010,15,2621,1,1,0.992121026842211,0.1,0.10962379411720066,snow,snow
suwalki_2010,15,2622,1,1,0.992121026842211,0.1,0.10467956177401766,snow,snow
suwalki_2010,15,2623,1,1,0.992121026842211,0.1,0.10379036278916769,snow,snow
suwalki_2010,15,2624,1,1,0.992121026842211,0.09375,0.10312439363092765,snow,snow
suwalki_2010,15,2625,1,1,0.9846439957429619,0.0875,0.09304610611130414,snow,snow
suwalki_2010,15,2626,1,1,0.9846439957429619,0.08125,0.08369064654001435,snow,snow
suwalki_2010,15,2627,1,1,0.9846439957429619,0.075,0.07492221078640354,snow,snow
suwalki_2010,15,2628,1,1,0.9841548905042045,0.0625,0.0715677512899678,snow,snow
suwalki_2010,15,2629,1,1,0.9827747379681496,0.05,0.052850564522902016,snow,snow
suwalki_2010,15,2630,1,1,0.9823727959096099,0.0375,0.04150642972623511,snow,snow
suwalki_2010,15,2631,1,1,0.9805035381347976,0.025,0.025965925832524658,snow,snow
suwalki_2010,15,2632,1,1,0.9745809859320387,0.01875,0.019119824414755675,snow,snow
suwalki_2010,15,2633,1,1,0.881914978235336,0.0125,0.015625937650962,snow,snow
suwalki_2010,15,2634,1,1,0.8935120999403562,0.0062499999999999,0.008770272167140727,snow,snow
suwalki_2010,15,2635,0,0,0.6356250665314925,0.0,0.009576439820694779,none,none
suwalki_2010,15,2636,1,0,0.11161321482323994,0.0125,0.010775471128474214,snow,none
suwalki_2010,15,2637,1,1,0.846274991290531,0.025,0.017740967310008744,snow,snow
suwalki_2010,15,2638,1,1,0.949535048130537,0.0375,0.030392072708865615,snow,snow
suwalki_2010,15,2639,1,1,0.9836755057387012,0.05,0.04812660579496707,snow,snow
suwalki_2010,15,2640,1,1,0.9909467055720533,0.05,0.05696883491067341,snow,snow
suwalki_2010,15,2641,1,1,0.9977288001666479,0.05,0.054753821940926914,snow,snow
suwalki_2010,15,2642,1,1,1.0,0.05,0.053408501773550277,snow,snow
suwalki_2010,15,2643,1,1,1.0,0.05,0.05268922708987001,snow,snow
suwalki_2010,15,2644,1,1,1.0,0.0625,0.05253889259370796,snow,snow
suwalki_2010,15,2645,1,1,1.0,0.075,0.07496236672961779,snow,snow
suwalki_2010,15,2646,1,1,1.0,0.0875,0.08465842950122776,snow,snow
suwalki_2010,15,2647,1,1,1.0,0.1,0.10188348575990938,snow,snow
suwalki_2010,15,2648,1,1,1.0,0.0875,0.10847484492331122,snow,snow
suwalki_2010,15,2649,1,1,0.991705360602538,0.075,0.09062068708144774,snow,snow
suwalki_2010,15,2650,1,1,0.9932179054054054,0.0625,0.07253634482787408,snow,snow
suwalki_2010,15,2651,1,1,0.9923268581081081,0.05,0.05549198953289066,snow,snow
suwalki_2010,15,2652,1,1,0.9900556582747561,0.05,0.043475430744743956,snow,snow
suwalki_2010,15,2653,1,1,1.0,0.05,0.04739438465770085,snow,snow
suwalki_2010,15,2654,1,1,1.0,0.05,0.04907637930676623,snow,snow
suwalki_2010,15,2655,1,1,0.9991089527027027,0.05,0.04927262437882048,snow,snow
suwalki_2010,15,2656,1,1,0.9991089527027027,0.05625,0.04982910232238786,snow,snow
suwalki_2010,15,2657,1,1,0.9991089527027027,0.0625,0.060630642989914676,snow,snow
suwalki_2010,15,2658,1,1,1.0,0.06875,0.07130035216967508,snow,snow
suwalki_2010,15,2659,1,1,1.0,0.075,0.07612797888562609,snow,snow
suwalki_2010,15,2660,1,1,0.9991089527027027,0.06875,0.07330691167257329,snow,snow
suwalki_2010,15,2661,1,1,0.9991089527027027,0.0625,0.0640719230476825,snow,snow
suwalki_2010,15,2662,1,1,0.9991089527027027,0.05625,0.053675490908844534,snow,snow
suwalki_2010,15,2663,1,1,0.9991089527027027,0.05,0.047518046600952754,snow,snow
suwalki_2010,15,2664,1,1,0.9991089527027027,0.05,0.04600664901409567,snow,snow
suwalki_2010,15,2665,1,1,1.0,0.05,0.04916209512889925,snow,snow
suwalki_2010,15,2666,1,1,1.0,0.05,0.05009002285455434,snow,snow
suwalki_2010,15,2667,1,1,1.0,0.05,0.050339683729545066,snow,snow
suwalki_2010,15,2668,1,1,1.0,0.04375,0.0505916716352912,snow,snow
suwalki_2010,15,2669,1,1,1.0,0.0375,0.037435370831989355,snow,snow
suwalki_2010,15,2670,1,1,1.0,0.03125,0.031093286502002094,snow,snow
suwalki_2010,15,2671,1,1,0.9995108947612426,0.025,0.024658668740153024,snow,snow
suwalki_2010,15,2672,1,1,0.9986198474639453,0.025,0.02298509559427865,snow,snow
suwalki_2010,15,2673,1,1,0.9991089527027027,0.025,0.023281980402979782,snow,snow
suwalki_2010,15,2674,1,1,0.9991089527027027,0.025,0.023802241844774023,snow,snow
suwalki_2010,15,2675,1,1,0.9982179054054054,0.025,0.024036083089674355,snow,snow
suwalki_2010,15,2676,1,1,0.9982179054054054,0.01875,0.024199417418451635,snow,snow
suwalki_2010,15,2677,1,1,0.9635011793782658,0.0125,0.013818173169788343,snow,snow
suwalki_2010,15,2678,1,1,0.8832077502501953,0.0062499999999999,0.007166755787393132,snow,snow
suwalki_2010,15,2679,0,0,0.5096387958029034,0.0,0.009689318194946296,none,none
suwalki_2010,15,2680,0,0,0.1641165782718202,0.0,0.011398718732786644,none,none
suwalki_2010,15,2681,0,0,0.1928792471907391,0.0,0.012812521482822166,none,none
suwalki_2010,15,2682,0,0,0.24270508512544806,0.0,0.011698344595792678,none,none
suwalki_2010,15,2683,0,0,0.37954351932577773,0.0,0.01154270624851376,none,none
suwalki_2010,15,2684,1,0,0.402602292817011,0.00625,0.011568804261598363,snow,none
suwalki_2010,15,2685,1,1,0.9346011355934543,0.0125,0.015099315819331445,snow,snow
suwalki_2010,15,2686,1,1,0.9604365246159956,0.01875,0.023011106997554338,snow,snow
suwalki_2010,15,2687,1,1,0.9740774477972411,0.025,0.026257826859681636,snow,snow
suwalki_2010,15,2688,1,1,0.9955447635135137,0.025,0.03548596231335176,snow,snow
suwalki_2010,15,2689,1,1,0.9923268581081082,0.025,0.03260196689643495,snow,snow
suwalki_2010,15,2690,1,1,0.9973268581081082,0.025,0.029844014288674597,snow,snow
suwalki_2010,15,2691,1,1,0.9973268581081082,0.025,0.028935014974954,snow,snow
suwalki_2010,15,2692,1,1,0.9955447635135137,0.01875,0.028040779747543095,snow,snow
suwalki_2010,15,2693,1,1,0.9499926484638327,0.0125,0.016513828834468024,snow,snow
suwalki_2010,15,2694,1,1,0.8985281930585767,0.0062499999999999,0.00929143295389161,snow,snow
suwalki_2010,15,2695,0,0,0.6181560682993897,0.0,0.010689021797979325,none,none
suwalki_2010,15,2696,0,0,0.18379831444347572,0.0,0.01136621133528641,none,none
suwalki_2010,15,2697,0,0,0.21220903564855179,0.0,0.012797223838335913,none,none
suwalki_2010,15,2698,0,0,0.21856244853724693,0.0,0.011605562048058134,none,none
suwalki_2010,15,2699,0,0,0.2726003311779521,0.0,0.011398067948722081,none,none
suwalki_2010,15,2700,0,0,0.3194217735881042,0.0,0.011424162230108344,none,none
suwalki_2010,15,2701,0,0,0.11159124043398236,0.0,0.01109411052339301,none,none
suwalki_2010,15,2702,0,0,0.03698057432432432,0.0,0.01067793834174992,none,none
suwalki_2010,15,2703,0,0,0.024653716216216214,0.0,0.00903748195218818,none,none
suwalki_2010,15,2704,0,0,0.020544763513513514,0.0,0.008985895840328663,none,none
suwalki_2010,15,2705,0,0,0.024032218710646126,0.0,0.008665527767558608,none,none
suwalki_2010,15,2706,0,0,0.019923266007943426,0.0,0.008381065706808698,none,none
suwalki_2010,15,2707,0,0,0.02876266891891892,0.0,0.007548893865305783,none,none
suwalki_2010,15,2708,0,0,0.024032218710646126,0.0,0.007574888837196782,none,none
suwalki_2010,15,2709,0,0,0.019923266007943426,0.0,0.007730872753338201,none,none
suwalki_2010,15,2710,0,0,0.024653716216216214,0.0,0.007600884479763485,none,none
suwalki_2010,15,2711,0,0,0.024653716216216214,0.0,0.007600884479763485,none,none
suwalki_2010,15,2712,0,0,0.032250124116051535,0.0,0.007600884479763485,none,none
suwalki_2010,15,2713,0,0,0.09015542962317155,0.0,0.007652877776993217,none,none
suwalki_2010,15,2714,0,0,0.1185661508282476,0.0,0.007678875431690854,none,none
suwalki_2010,15,2715,0,0,0.11294465332267752,0.0,0.007704873757133416,none,none
suwalki_2010,15,2716,0,0,0.11856615082824758,0.0,0.007704873757133416,none,none
suwalki_2010,15,2717,0,0,0.1103482454228422,0.0,0.00757488883719678,none,none
suwalki_2010,15,2718,0,0,0.12554106122251282,0.0,0.007470912973513977,none,none
suwalki_2010,15,2719,0,0,0.13027151143078564,0.0,0.007418929065380747,none,none
suwalki_2010,15,2720,0,0,0.1590341803497045,0.0,0.007418929065380747,none,none
suwalki_2010,15,2721,0,0,0.11356615082824759,0.0,0.00757488883719678,none,none
suwalki_2010,15,2722,0,0,0.1129446533226775,0.0,0.007652877776993217,none,none
suwalki_2010,15,2723,0,0,0.10883570061997482,0.0,0.007652877776993215,none,none
suwalki_2010,15,2724,0,0,0.11294465332267752,0.0,0.007626880793023195,none,none
suwalki_2010,15,2725,0,0,0.1176751035309503,0.0,0.007444920684152764,none,none
suwalki_2010,15,2726,0,0,0.075584111329071,0.0,0.007496905933481679,none,none
suwalki_2010,15,2727,0,0,0.0796930640317737,0.0,0.007418929065380745,none,none
suwalki_2010,15,2728,0,0,0.0838020167344764,0.0,0.0073409582324268415,none,none
suwalki_2010,15,2729,0,0,0.0714751586263683,0.0,0.007574888837196778,none,none
suwalki_2010,15,2730,0,0,0.05628234282669766,0.0,0.007600884479763483,none,none
suwalki_2010,15,2731,0,0,0.0796930640317737,0.0,0.007626880793023195,none,none
suwalki_2010,15,2732,0,0,0.08728947193160902,0.0,0.007574888837196778,none,none
suwalki_2010,15,2733,0,0,0.09488587983144434,0.0,0.007626880793023195,none,none
suwalki_2010,15,2734,0,0,0.10310378523684975,0.0,0.00757488883719678,none,none
suwalki_2010,15,2735,0,0,0.15627864053569696,0.0,0.00757488883719678,none,none
suwalki_2010,15,2736,0,0,0.16860549864380509,0.0,0.007548893865305781,none,none
suwalki_2010,15,2737,0,0,0.1768234040492105,0.0,0.007470912973513977,none,none
suwalki_2010,15,2738,0,0,0.15279118533856437,0.0,0.00739293811718062,none,none
suwalki_2010,15,2739,0,0,0.13573387702218348,0.0,0.007392938117180622,none,none
suwalki_2010,15,2740,0,0,0.12340701891407538,0.0,0.007366947839535088,none,none
suwalki_2010,15,2741,0,0,0.11991956371694275,0.0,0.007340958232426845,none,none
suwalki_2010,15,2742,0,0,0.10821420311440473,0.0,0.007262993434152867,none,none
suwalki_2010,15,2743,0,0,0.11170165831153735,0.0,0.007107081939776486,none,none
suwalki_2010,15,2744,0,0,0.11232315581710743,0.0,0.007107081939776486,none,none
suwalki_2010,15,2745,0,0,0.10821420311440473,0.0,0.007003154351042506,none,none
suwalki_2010,15,2746,0,0,0.10410525041170203,0.0,0.007003154351042506,none,none
suwalki_2010,15,2747,0,0,0.09280183186770376,0.0,0.006977174129640092,none,none
suwalki_2010,15,2748,0,0,0.07885201107917329,0.0,0.006925215697651505,none,none
suwalki_2010,15,2749,0,0,0.05544128987409725,0.0,0.006665463749537585,none,none
suwalki_2010,15,2750,0,0,0.034494584302043975,0.0,0.00648367725607305,none,none
suwalki_2010,15,2751,0,0,0.034494584302043975,0.0,0.006457710436942398,none,none
suwalki_2010,15,2752,0,0,0.03511608180761406,0.0,0.0064317442877438215,none,none
suwalki_2010,15,2753,0,0,0.015192815799670635,0.0,0.006457710436942398,none,none
suwalki_2010,15,2754,0,0,0.015192815799670635,0.0,0.006535612904199712,none,none
suwalki_2010,15,2755,0,0,0.015814313305240725,0.0,0.006561581733230287,none,none
suwalki_2010,15,2756,0,0,0.011705360602538023,0.0,0.006535612904199712,none,none
suwalki_2010,15,2757,0,0,0.0075964078998353194,0.0,0.006327886389924558,none,none
suwalki_2010,15,2758,0,0,0.0075964078998353194,0.0,0.006327886389924557,none,none
suwalki_2010,15,2759,0,0,0.0075964078998353194,0.0,0.006327886389924557,none,none
suwalki_2010,15,2760,0,0,0.003487455197132616,0.0,0.006327886389924557,none,none
suwalki_2010,15,2761,0,0,0.003487455197132616,0.0,0.006457710436942398,none,none
suwalki_2010,15,2762,0,0,0.0,0.0,0.006509644745153058,none,none
suwalki_2010,15,2763,0,0,0.0,0.0,0.0065875512322620755,none,none
suwalki_2010,15,2764,0,0,0.0,0.0,0.0065875512322620755,none,none
suwalki_2010,15,2765,0,0,0.0,0.0,0.006535612904199708,none,none
suwalki_2010,15,2766,0,0,0.0,0.0,0.00648367725607305,none,none
suwalki_2010,15,2767,0,0,0.0,0.0,0.006509644745153058,none,none
suwalki_2010,15,2768,0,0,0.0,0.0,0.006509644745153058,none,none
suwalki_2010,15,2769,0,0,0.0,0.0,0.00648367725607305,none,none
suwalki_2010,15,2770,0,0,0.0,0.0,0.006457710436942398,none,none
suwalki_2010,15,2771,0,0,0.0,0.0,0.006457710436942398,none,none
suwalki_2010,15,2772,0,0,0.0,0.0,0.006561581733230285,none,none
suwalki_2010,15,2773,0,0,0.0,0.0,0.006613521401312364,none,none
suwalki_2010,15,2774,0,0,0.0,0.0,0.00653561290419971,none,none
suwalki_2010,15,2775,0,0,0.003487455197132616,0.0,0.00653561290419971,none,none
suwalki_2010,15,2776,0,0,0.006974910394265232,0.0,0.00653561290419971,none,none
suwalki_2010,15,2777,0,0,0.0,0.0,0.00653561290419971,none,none
suwalki_2010,15,2778,0,0,0.012728800166647871,0.0,0.0066135214013123625,none,none
suwalki_2010,15,2779,0,0,0.008217905405405406,0.0,0.006665463749537585,none,none
suwalki_2010,15,2780,0,0,0.03573757931318415,0.0,0.00669143592874709,none,none
suwalki_2010,15,2781,0,0,0.04395548471858955,0.0,0.0067693564869706485,none,none
suwalki_2010,15,2782,0,0,0.051551892618424876,0.0,0.00684728307644984,none,none
suwalki_2010,15,2783,0,0,0.04395548471858955,0.0,0.00684728307644984,none,none
suwalki_2010,15,2784,1,0,0.05217339012399495,0.00625,0.006899237487030745,snow,none
suwalki_2010,15,2785,1,1,0.9699159144717764,0.0125,0.012758855349398048,snow,snow
suwalki_2010,15,2786,1,1,0.9806641403140999,0.01875,0.019208554080229746,snow,snow
suwalki_2010,15,2787,1,1,0.9860104240978835,0.025,0.02455385223391299,snow,snow
suwalki_2010,15,2788,1,1,0.9885431134718888,0.03125,0.035047666512828625,snow,snow
suwalki_2010,15,2789,1,1,0.9949232660079436,0.0375,0.037965440352296896,snow,snow
suwalki_2010,15,2790,1,1,0.9982179054054054,0.04375,0.04436990006321988,snow,snow
suwalki_2010,15,2791,1,1,0.9982179054054054,0.05,0.05154269856730845,snow,snow
suwalki_2010,15,2792,1,1,0.9982179054054054,0.04375,0.05612899549090302,snow,snow
suwalki_2010,15,2793,1,1,0.9949684950945383,0.0375,0.040991964788568216,snow,snow
suwalki_2010,15,2794,1,1,0.9832420587747001,0.03125,0.030825831138313806,snow,snow
suwalki_2010,15,2795,1,1,0.980568916882808,0.025,0.02408570977528456,snow,snow
suwalki_2010,15,2796,1,1,0.9764043059053492,0.025,0.023297785710217803,snow,snow
suwalki_2010,15,2797,1,1,0.9896537162162165,0.025,0.02301468913211106,snow,snow
suwalki_2010,15,2798,1,1,0.9937626689189192,0.025,0.022349970812689295,snow,snow
suwalki_2010,15,2799,1,1,0.9973268581081082,0.025,0.022340965570158206,snow,snow
suwalki_2010,15,2800,1,1,0.9964358108108109,0.025,0.022140810577293682,snow,snow
suwalki_2010,15,2801,1,1,0.9876520661745914,0.025,0.02317292696520997,snow,snow
suwalki_2010,15,2802,1,1,0.9891646109774588,0.025,0.024081667237106478,snow,snow
suwalki_2010,15,2803,1,1,0.9691646109774588,0.025,0.025399707427708147,snow,snow
suwalki_2010,15,2804,1,1,0.9664914690855668,0.025,0.02752700830841208,snow,snow
suwalki_2010,15,2805,1,1,0.9950556582747561,0.025,0.02841547909804522,snow,snow
suwalki_2010,15,2806,1,1,0.9968377528693506,0.025,0.02852968487970343,snow,snow
suwalki_2010,15,2807,1,1,0.9959467055720533,0.025,0.028722501785611494,snow,snow
suwalki_2010,15,2808,1,1,0.9950556582747561,0.03125,0.028705502535953022,snow,snow
suwalki_2010,15,2809,1,1,0.9981307422251876,0.0375,0.03749999999999994,snow,snow
suwalki_2010,15,2810,1,1,0.9961743212701577,0.04375,0.04380192930670165,snow,snow
suwalki_2010,15,2811,1,1,0.9908280374863742,0.05,0.05168976120151427,snow,snow
suwalki_2010,15,2812,1,1,0.9908280374863742,0.05,0.05545033631827203,snow,snow
suwalki_2010,15,2813,1,1,0.991229979544914,0.05,0.053083511884675014,snow,snow
suwalki_2010,15,2814,1,1,0.9876657903557249,0.05,0.05217261198599113,snow,snow
suwalki_2010,15,2815,1,1,0.9876657903557249,0.05,0.05100839859712716,snow,snow
suwalki_2010,15,2816,1,1,0.9871766851169673,0.05625,0.05050336559900594,snow,snow
suwalki_2010,15,2817,1,1,0.9881548955944823,0.0625,0.06119651019266671,snow,snow
suwalki_2010,15,2818,1,1,0.9917190847836714,0.06875,0.0709071793446517,snow,snow
suwalki_2010,15,2819,1,1,0.9917190847836714,0.075,0.07531536475226022,snow,snow
suwalki_2010,15,2820,1,1,0.9917190847836714,0.075,0.07067231640486171,snow,snow
suwalki_2010,15,2821,1,1,0.9971525317476727,0.075,0.07074316946891195,snow,snow
suwalki_2010,15,2822,1,1,0.9980435790449701,0.075,0.07101937484619218,snow,snow
suwalki_2010,15,2823,1,1,0.9980435790449701,0.075,0.07086218511648895,snow,snow
suwalki_2010,15,2824,1,1,0.9980435790449701,0.06875,0.07142003861420622,snow,snow
suwalki_2010,15,2825,1,1,0.9980435790449701,0.0625,0.06245253423639275,snow,snow
suwalki_2010,15,2826,1,1,0.9985326842837275,0.05625,0.053637413941087564,snow,snow
suwalki_2010,15,2827,1,1,0.9990217895224851,0.05,0.04635827720810456,snow,snow
suwalki_2010,15,2828,1,1,0.9990217895224851,0.0375,0.04391136724886751,snow,snow
suwalki_2010,15,2829,1,1,0.9912162553637807,0.025,0.02544083134504897,snow,snow
suwalki_2010,15,2830,1,1,0.9848045979222639,0.0124999999999999,0.01831262351667068,snow,snow
suwalki_2010,15,2831,0,0,0.5907476012033166,0.0,0.012788797764607304,none,none
suwalki_2010,15,2832,0,0,0.11318618315896539,0.0,0.010638678699000825,none,none
suwalki_2010,15,2833,0,0,0.13024349147534628,0.0,0.012167661386190846,none,none
suwalki_2010,15,2834,0,0,0.09961633003971712,0.0,0.012481861845586025,none,none
suwalki_2010,15,2835,0,0,0.15303271517485226,0.0,0.011185730174797091,none,none
suwalki_2010,15,2836,0,0,0.17357747868836576,0.0,0.011032073518313193,none,none
suwalki_2010,15,2837,0,0,0.1002378275452872,0.0,0.01085093702985234,none,none
suwalki_2010,15,2838,0,0,0.08504501174561657,0.0,0.010764966950111676,none,none
suwalki_2010,15,2839,0,0,0.04868593492686234,0.0,0.009254075360908155,none,none
suwalki_2010,15,2840,0,0,0.04868593492686234,0.0,0.009175962493810235,none,none
suwalki_2010,15,2841,0,0,0.06039129552940036,0.0,0.008777291887646574,none,none
suwalki_2010,15,2842,0,0,0.044576982224159636,0.0,0.008457521798589286,none,none
suwalki_2010,15,2843,0,0,0.04868593492686234,0.0,0.007418929065380747,none,none
suwalki_2010,15,2844,0,0,0.04868593492686234,0.0,0.007418929065380747,none,none
suwalki_2010,15,2845,0,0,0.0623057823908075,0.0,0.007496905933481681,none,none
suwalki_2010,15,2846,0,0,0.12280749579776286,0.0,0.0074449206841527655,none,none
suwalki_2010,15,2847,0,0,0.13102540120316827,0.0,0.0074449206841527655,none,none
suwalki_2010,15,2848,0,0,0.13102540120316827,0.0,0.0074449206841527655,none,none
suwalki_2010,15,2849,0,0,0.12589300893635572,0.0,0.007496905933481681,none,none
suwalki_2010,15,2850,0,0,0.1293804641334883,0.0,0.0074449206841527655,none,none
suwalki_2010,15,2851,0,0,0.13821986704446382,0.0,0.0074449206841527655,none,none
suwalki_2010,15,2852,0,0,0.17046999116051534,0.0,0.007470912973513975,none,none
suwalki_2010,15,2853,0,0,0.16984849365494525,0.0,0.007496905933481679,none,none
suwalki_2010,15,2854,0,0,0.17333594885207787,0.0,0.007496905933481679,none,none
suwalki_2010,15,2855,0,0,0.18279684926862344,0.0,0.007496905933481679,none,none
suwalki_2010,15,2856,0,0,0.19490415192970123,0.0,0.007496905933481679,none,none
suwalki_2010,15,2857,0,0,0.18257729382159313,0.0,0.007600884479763481,none,none
suwalki_2010,15,2858,0,0,0.187929241535436,0.0,0.007600884479763481,none,none
suwalki_2010,15,2859,0,0,0.17773642573576537,0.0,0.007626880793023195,none,none
suwalki_2010,15,2860,0,0,0.18157582864674088,0.0,0.007600884479763483,none,none
suwalki_2010,15,2861,0,0,0.1846613417853337,0.0,0.007652877776993215,none,none
suwalki_2010,15,2862,0,0,0.18528283929090378,0.0,0.007652877776993215,none,none
suwalki_2010,15,2863,0,0,0.20909550255451959,0.0,0.007626880793023195,none,none
suwalki_2010,15,2864,0,0,0.21270492083030354,0.0,0.007652877776993215,none,none
suwalki_2010,15,2865,0,0,0.19462417294981282,0.0,0.007756872420322517,none,none
suwalki_2010,15,2866,0,0,0.16545956197235415,0.0,0.007782872758103673,none,none
suwalki_2010,15,2867,0,0,0.14124495665019857,0.0,0.007756872420322514,none,none
suwalki_2010,15,2868,0,0,0.12132169064225515,0.0,0.007756872420322514,none,none
suwalki_2010,15,2869,0,0,0.10050737733701443,0.0,0.007704873757133414,none,none
suwalki_2010,15,2870,0,0,0.0714751586263683,0.0,0.007704873757133414,none,none
suwalki_2010,15,2871,0,0,0.06387875072653298,0.0,0.007652877776993215,none,none
suwalki_2010,15,2872,0,0,0.0673662059236656,0.0,0.007652877776993215,none,none
suwalki_2010,15,2873,0,0,0.06387875072653298,0.0,0.007626880793023193,none,none
suwalki_2010,15,2874,0,0,0.08728947193160902,0.0,0.007678875431690854,none,none
suwalki_2010,15,2875,0,0,0.09077692712874164,0.0,0.007678875431690854,none,none
suwalki_2010,15,2876,0,0,0.10596974292841228,0.0,0.007678875431690854,none,none
suwalki_2010,15,2877,0,0,0.08604647692046885,0.0,0.007730872753338199,none,none
suwalki_2010,15,2878,0,0,0.06612321091252542,0.0,0.007756872420322514,none,none
suwalki_2010,15,2879,0,0,0.03100712910491136,0.0,0.007782872758103671,none,none
suwalki_2010,15,2880,0,0,0.034494584302043975,0.0,0.007782872758103671,none,none
suwalki_2010,15,2881,0,0,0.026898176402208658,0.0,0.007782872758103671,none,none
suwalki_2010,15,2882,0,0,0.015192815799670635,0.0,0.007782872758103671,none,none
suwalki_2010,15,2883,0,0,0.019923266007943426,0.0,0.007782872758103671,none,none
suwalki_2010,15,2884,0,0,0.024032218710646126,0.0,0.007886880817542819,none,none
suwalki_2010,15,2885,0,0,0.02814117141334883,0.0,0.0077048737571334125,none,none
suwalki_2010,15,2886,0,0,0.02876266891891892,0.0,0.0076528777769932135,none,none
suwalki_2010,15,2887,0,0,0.024653716216216214,0.0,0.0076528777769932135,none,none
suwalki_2010,15,2888,0,0,0.024653716216216214,0.0,0.0076528777769932135,none,none
suwalki_2010,15,2889,0,0,0.012326858108108109,0.0,0.0076528777769932135,none,none
suwalki_2010,15,2890,0,0,0.012326858108108109,0.0,0.0076528777769932135,none,none
suwalki_2010,15,2891,0,0,0.008217905405405406,0.0,0.0076528777769932135,none,none
suwalki_2010,15,2892,0,0,0.012326858108108109,0.0,0.007678875431690852,none,none
suwalki_2010,15,2893,0,0,0.008217905405405406,0.0,0.007496905933481676,none,none
suwalki_2010,15,2894,0,0,0.004108952702702703,0.0,0.007444920684152764,none,none
suwalki_2010,15,2895,0,0,0.004108952702702703,0.0,0.0073929381171806184,none,none
suwalki_2010,15,2896,0,0,0.004108952702702703,0.0,0.007314969295838589,none,none
suwalki_2010,15,2897,0,0,0.004108952702702703,0.0,0.007262993434152865,none,none
suwalki_2010,15,2898,0,0,0.0,0.0,0.007314969295838591,none,none
suwalki_2010,15,2899,0,0,0.04495694989344183,0.0,0.007366947839535086,none,none
suwalki_2010,15,2900,0,0,0.0800730317010559,0.0,0.007366947839535086,none,none
suwalki_2010,15,2901,0,0,0.0800730317010559,0.0,0.007496905933481679,none,none
suwalki_2010,15,2902,0,0,0.0930213873147341,0.0,0.007496905933481681,none,none
suwalki_2010,15,2903,0,0,0.1012392927201395,0.0,0.007548893865305781,none,none
suwalki_2010,15,2904,0,0,0.1053482454228422,0.0,0.007522899564073181,none,none
suwalki_2010,15,2905,0,0,0.1094571981255449,0.0,0.007470912973513977,none,none
suwalki_2010,15,2906,0,0,0.1170536060253802,0.0,0.007444920684152768,none,none
suwalki_2010,15,2907,0,0,0.12156450078662269,0.0,0.007470912973513975,none,none
suwalki_2010,15,2908,0,0,0.12875896662791822,0.0,0.0074449206841527655,none,none
suwalki_2010,15,2909,0,0,0.12875896662791822,0.0,0.007470912973513975,none,none
suwalki_2010,15,2910,0,0,0.12875896662791822,0.0,0.0074449206841527655,none,none
suwalki_2010,15,2911,0,0,0.09488587983144434,0.0,0.007470912973513977,none,none
suwalki_2010,15,2912,0,0,0.09488587983144434,0.0,0.007470912973513977,none,none
suwalki_2010,15,2913,0,0,0.11070019313668507,0.0,0.007470912973513977,none,none
suwalki_2010,15,2914,0,0,0.11829660103652039,0.0,0.007418929065380747,none,none
suwalki_2010,15,2915,0,0,0.10659124043398237,0.0,0.007366947839535086,none,none
suwalki_2010,15,2916,0,0,0.10310378523684975,0.0,0.007366947839535086,none,none
suwalki_2010,15,2917,0,0,0.08604647692046885,0.0,0.0072889810297530324,none,none
suwalki_2010,15,2918,0,0,0.09837333502857697,0.0,0.007262993434152867,none,none
suwalki_2010,15,2919,0,0,0.1427087874164487,0.0,0.007262993434152867,none,none
suwalki_2010,15,2920,0,0,0.17460696381865737,0.0,0.0072370065090208,none,none
suwalki_2010,15,2921,0,0,0.14457327993315897,0.0,0.0072370065090208,none,none
suwalki_2010,15,2922,0,0,0.14868223263586167,0.0,0.0072370065090208,none,none
suwalki_2010,15,2923,0,0,0.15279118533856437,0.0,0.007211020254339529,none,none
suwalki_2010,15,2924,0,0,0.1556571430301269,0.0,0.007211020254339529,none,none
suwalki_2010,15,2925,0,0,0.15503564552455681,0.0,0.007107081939776484,none,none
suwalki_2010,15,2926,0,0,0.15852310072168943,0.0,0.007029135242740058,none,none
suwalki_2010,15,2927,0,0,0.15852310072168943,0.0,0.007029135242740058,none,none
suwalki_2010,15,2928,0,0,0.17022846132422745,0.0,0.007055116804750044,none,none
suwalki_2010,15,2929,0,0,0.1509266928218541,0.0,0.007107081939776486,none,none
suwalki_2010,15,2930,0,0,0.1468177401191514,0.0,0.007133065512827535,none,none
suwalki_2010,15,2931,0,0,0.138599834713746,0.0,0.007159049756260193,none,none
suwalki_2010,15,2932,0,0,0.1433302849220188,0.0,0.007159049756260193,none,none
suwalki_2010,15,2933,0,0,0.14806073513029158,0.0,0.007003154351042506,none,none
suwalki_2010,15,2934,0,0,0.14108582473602635,0.0,0.006925215697651505,none,none
suwalki_2010,15,2935,0,0,0.14108582473602635,0.0,0.00684728307644984,none,none
suwalki_2010,15,2936,0,0,0.13759836953889373,0.0,0.006821306876455112,none,none
suwalki_2010,15,2937,0,0,0.12527151143078563,0.0,0.006795331346634478,none,none
suwalki_2010,15,2938,0,0,0.11418764833381768,0.0,0.006821306876455113,none,none
suwalki_2010,15,2939,0,0,0.10310378523684975,0.0,0.006925215697651505,none,none
suwalki_2010,15,2940,0,0,0.075584111329071,0.0,0.006925215697651505,none,none
suwalki_2010,15,2941,0,0,0.06039129552940036,0.0,0.00679533134663448,none,none
suwalki_2010,15,2942,0,0,0.04868593492686234,0.0,0.006717408778044243,none,none
suwalki_2010,15,2943,0,0,0.036359076818754235,0.0,0.00669143592874709,none,none
suwalki_2010,15,2944,0,0,0.03225012411605153,0.0,0.006717408778044243,none,none
suwalki_2010,15,2945,0,0,0.036359076818754235,0.0,0.006717408778044243,none,none
suwalki_2010,15,2946,0,0,0.036359076818754235,0.0,0.00669143592874709,none,none
suwalki_2010,15,2947,0,0,0.03225012411605153,0.0,0.006665463749537585,none,none
suwalki_2010,15,2948,0,0,0.024032218710646126,0.0,0.00679533134663448,none,none
suwalki_2010,15,2949,0,0,0.008217905405405406,0.0,0.006821306876455113,none,none
suwalki_2010,15,2950,0,0,0.008217905405405406,0.0,0.006821306876455113,none,none
suwalki_2010,15,2951,0,0,0.004108952702702703,0.0,0.006821306876455113,none,none
suwalki_2010,15,2952,0,0,0.004108952702702703,0.0,0.006821306876455113,none,none
suwalki_2010,15,2953,0,0,0.004108952702702703,0.0,0.006821306876455113,none,none
suwalki_2010,15,2954,0,0,0.004108952702702703,0.0,0.006821306876455113,none,none
suwalki_2010,15,2955,0,0,0.0,0.0,0.006821306876455113,none,none
suwalki_2010,15,2956,0,0,0.0,0.0,0.006717408778044245,none,none
suwalki_2010,15,2957,0,0,0.0,0.0,0.006717408778044245,none,none
suwalki_2010,15,2958,0,0,0.0,0.0,0.006717408778044245,none,none
suwalki_2010,15,2959,0,0,0.0,0.0,0.006717408778044245,none,none
suwalki_2010,30,2367,0,0,0.0,0.0,0.009628377348031271,none,none
suwalki_2010,30,2368,0,0,0.0,0.0,0.009488983840697627,none,none
suwalki_2010,30,2369,0,0,0.0,0.0,0.009144493673811267,none,none
suwalki_2010,30,2370,0,0,0.0,0.0,0.009378843106122255,none,none
suwalki_2010,30,2371,0,0,0.0,0.0,0.00924864225910471,none,none
suwalki_2010,30,2372,0,0,0.0,0.0,0.009378843106122251,none,none
suwalki_2010,30,2373,0,0,0.0,0.0,0.009752178633930648,none,none
suwalki_2010,30,2374,0,0,0.0,0.0,0.0095785170289663,none,none
suwalki_2010,30,2375,0,0,0.0,0.0,0.0096219296299676,none,none
suwalki_2010,30,2376,0,0,0.0,0.0,0.009682710407566056,none,none
suwalki_2010,30,2377,0,0,0.0,0.0,0.009647978086614292,none,none
suwalki_2010,30,2378,0,0,0.0,0.0,0.009535106294657742,none,none
suwalki_2010,30,2379,0,0,0.0,0.0,0.0096740272153166,none,none
suwalki_2010,30,2380,0,0,0.0,0.0,0.009569834732771742,none,none
suwalki_2010,30,2381,0,0,0.0,0.0,0.009569834732771737,none,none
suwalki_2010,30,2382,0,0,0.0,0.0,0.009456971676711827,none,none
suwalki_2010,30,2383,0,0,0.0,0.0,0.009621929629967604,none,none
suwalki_2010,30,2384,0,0,0.0,0.0,0.009621929629967604,none,none
suwalki_2010,30,2385,0,0,0.0,0.0,0.009759904505755037,none,none
suwalki_2010,30,2386,0,0,0.0,0.0,0.009533669627481324,none,none
suwalki_2010,30,2387,0,0,0.0,0.0,0.00946421643394701,none,none
suwalki_2010,30,2388,0,0,0.0,0.0,0.009507624119940668,none,none
suwalki_2010,30,2389,0,0,0.0,0.0,0.009239484050527444,none,none
suwalki_2010,30,2390,0,0,0.0,0.0,0.00915317231207457,none,none
suwalki_2010,30,2391,0,0,0.0,0.0,0.009109779867107733,none,none
suwalki_2010,30,2392,0,0,0.0,0.0,0.009118458206832448,none,none
suwalki_2010,30,2393,0,0,0.0,0.0,0.009464376052550225,none,none
suwalki_2010,30,2394,0,0,0.0,0.0,0.010254209054050743,none,none
suwalki_2010,30,2395,0,0,0.0,0.0,0.010053922357561453,none,none
suwalki_2010,30,2396,0,0,0.0,0.0,0.009784200159596836,none,none
suwalki_2010,30,2397,0,0,0.0,0.0,0.00944829042579778,none,none
suwalki_2010,30,2398,0,0,0.0,0.0,0.009595881845359202,none,none
suwalki_2010,30,2399,0,0,0.0,0.0,0.009456971676711829,none,none
suwalki_2010,30,2400,0,0,0.0,0.0,0.009700077016091869,none,none
suwalki_2010,30,2401,0,0,0.0,0.0,0.010131624008575086,none,none
suwalki_2010,30,2402,0,0,0.0,0.0,0.010390832450103837,none,none
suwalki_2010,30,2403,0,0,0.0,0.0,0.009998930509599394,none,none
suwalki_2010,30,2404,0,0,0.0,0.0,0.0098860194835437,none,none
suwalki_2010,30,2405,0,0,0.0,0.0,0.009671153487612457,none,none
suwalki_2010,30,2406,0,0,0.0,0.0,0.009992480425098363,none,none
suwalki_2010,30,2407,0,0,0.0,0.0,0.01018262976877408,none,none
suwalki_2010,30,2408,0,0,0.0,0.0,0.010329849289567435,none,none
suwalki_2010,30,2409,0,0,0.0,0.0,0.010077905654407242,none,none
suwalki_2010,30,2410,0,0,0.0,0.0,0.0099823572631473,none,none
suwalki_2010,30,2411,0,0,0.0,0.0,0.009973671493958346,none,none
suwalki_2010,30,2412,0,0,0.0,0.0,0.009834709345281396,none,none
suwalki_2010,30,2413,0,0,0.0,0.0,0.009826024845852974,none,none
suwalki_2010,30,2414,0,0,0.0,0.0,0.009799971795681225,none,none
suwalki_2010,30,2415,0,0,0.0,0.0,0.009704449695594402,none,none
suwalki_2010,30,2416,0,0,0.0,0.0,0.009669716626827578,none,none
suwalki_2010,30,2417,0,0,0.0,0.0,0.009609415555963195,none,none
suwalki_2010,30,2418,0,0,0.0,0.0,0.009618098192552663,none,none
suwalki_2010,30,2419,0,0,0.00410857625686523,0.0,0.009652829485623337,none,none
suwalki_2010,30,2420,0,0,0.00910857625686523,0.0,0.009722295656119656,none,none
suwalki_2010,30,2421,0,0,0.00910857625686523,0.0,0.009635942626863474,none,none
suwalki_2010,30,2422,0,0,0.009510667903525047,0.0,0.009601211914687963,none,none
suwalki_2010,30,2423,0,0,0.004510667903525046,0.0,0.00939333155114375,none,none
suwalki_2010,30,2424,0,0,0.004510667903525046,0.0,0.009315207906085603,none,none
suwalki_2010,30,2425,0,0,0.0,0.0,0.009557002037899191,none,none
suwalki_2010,30,2426,0,0,0.005,0.0,0.009417139551385059,none,none
suwalki_2010,30,2427,0,0,0.005,0.0,0.009460545213038974,none,none
suwalki_2010,30,2428,0,0,0.00410857625686523,0.0,0.009495271086219972,none,none
suwalki_2010,30,2429,0,0,0.00410857625686523,0.0,0.009486589505933994,none,none
suwalki_2010,30,2430,0,0,0.00410857625686523,0.0,0.009460545213038973,none,none
suwalki_2010,30,2431,0,0,0.008619244160390276,0.0,0.009460545213038976,none,none
suwalki_2010,30,2432,0,0,0.004510667903525046,0.0,0.00955604423878122,none,none
suwalki_2010,30,2433,0,0,0.004510667903525046,0.0,0.009807857706098554,none,none
suwalki_2010,30,2434,0,0,0.004510667903525046,0.0,0.009912074753763765,none,none
suwalki_2010,30,2435,0,0,0.004510667903525046,0.0,0.009998930509599392,none,none
suwalki_2010,30,2436,0,0,0.005,0.0,0.009998930509599392,none,none
suwalki_2010,30,2437,0,0,0.015,0.0,0.00963642156420998,none,none
suwalki_2010,30,2438,0,0,0.015,0.0,0.009862200424352523,none,none
suwalki_2010,30,2439,0,0,0.01,0.0,0.010087071471129094,none,none
suwalki_2010,30,2440,0,0,0.01,0.0,0.010052325240462824,none,none
suwalki_2010,30,2441,0,0,0.014510667903525048,0.0,0.010268710063919917,none,none
suwalki_2010,30,2442,0,0,0.01951066790352505,0.0,0.010137915256554692,none,none
suwalki_2010,30,2443,0,0,0.03402133580705009,0.0,0.010233478364226174,none,none
suwalki_2010,30,2444,0,0,0.038129912063915326,0.0,0.010094480468755074,none,none
suwalki_2010,30,2445,0,0,0.03861924416039028,0.0,0.00950666636766911,none,none
suwalki_2010,30,2446,0,0,0.07812991206391531,0.0,0.009281445764630603,none,none
suwalki_2010,30,2447,0,0,0.08264057996744036,0.0,0.008961780892572435,none,none
suwalki_2010,30,2448,0,0,0.08764057996744036,0.0,0.008832112398661413,none,none
suwalki_2010,30,2449,0,0,0.08353200371057513,0.0,0.008693307316954823,none,none
suwalki_2010,30,2450,0,0,0.04951066790352504,0.0,0.008649934645662626,none,none
suwalki_2010,30,2451,0,0,0.014510667903525048,0.0,0.009153172312074574,none,none
suwalki_2010,30,2452,0,0,0.029510667903525047,0.0,0.00918788761149672,none,none
suwalki_2010,30,2453,0,0,0.039510667903525046,0.0,0.009645264080256614,none,none
suwalki_2010,30,2454,0,0,0.044021335807050095,0.0,0.009809294763471968,none,none
suwalki_2010,30,2455,0,0,0.04353200371057515,0.0,0.009582569907372157,none,none
suwalki_2010,30,2456,0,0,0.04353200371057515,0.0,0.009616821049978795,none,none
suwalki_2010,30,2457,0,0,0.009510667903525047,0.0,0.0091417810208559,none,none
suwalki_2010,30,2458,0,0,0.009510667903525047,0.0,0.009064155510844643,none,none
suwalki_2010,30,2459,0,0,0.004510667903525046,0.0,0.009229528017333063,none,none
suwalki_2010,30,2460,0,0,0.004510667903525046,0.0,0.009177453367440743,none,none
suwalki_2010,30,2461,0,0,0.004510667903525046,0.0,0.009620013909442624,none,none
suwalki_2010,30,2462,0,0,0.004510667903525046,0.0,0.00974157889306938,none,none
suwalki_2010,30,2463,0,0,0.004510667903525046,0.0,0.01000985236168869,none,none
suwalki_2010,30,2464,0,0,0.004510667903525046,0.0,0.009966423080448702,none,none
suwalki_2010,30,2465,0,0,0.004510667903525046,0.0,0.009673548260131243,none,none
suwalki_2010,30,2466,0,0,0.004510667903525046,0.0,0.009630612374178059,none,none
suwalki_2010,30,2467,0,0,0.004510667903525046,0.0,0.009543788292187891,none,none
suwalki_2010,30,2468,0,0,0.004510667903525046,0.0,0.009370162527107791,none,none
suwalki_2010,30,2469,0,0,0.004510667903525046,0.0,0.009846427816345656,none,none
suwalki_2010,30,2470,0,0,0.004510667903525046,0.0,0.00995016975822722,none,none
suwalki_2010,30,2471,0,0,0.004510667903525046,0.0,0.009732575872456753,none,none
suwalki_2010,30,2472,0,0,0.004510667903525046,0.0,0.009489462708331835,none,none
suwalki_2010,30,2473,0,0,0.004510667903525046,0.0,0.009205245709038136,none,none
suwalki_2010,30,2474,0,0,0.009021335807050092,0.0,0.009370162527107793,none,none
suwalki_2010,30,2475,0,0,0.009021335807050092,0.0,0.009326760751807144,none,none
suwalki_2010,30,2476,0,0,0.009021335807050092,0.0,0.009456971676711832,none,none
suwalki_2010,30,2477,0,0,0.009021335807050092,0.0,0.0096740272153166,none,none
suwalki_2010,30,2478,0,0,0.009021335807050092,0.0,0.009656661054841358,none,none
suwalki_2010,30,2479,0,0,0.009021335807050092,0.0,0.009691393674490937,none,none
suwalki_2010,30,2480,0,0,0.009021335807050092,0.0,0.009552470364383173,none,none
suwalki_2010,30,2481,0,0,0.009021335807050092,0.0,0.009509060750051727,none,none
suwalki_2010,30,2482,0,0,0.009021335807050092,0.0,0.00956115251124424,none,none
suwalki_2010,30,2483,0,0,0.009021335807050092,0.0,0.009491697426961647,none,none
suwalki_2010,30,2484,0,0,0.009021335807050092,0.0,0.009483015877408867,none,none
suwalki_2010,30,2485,0,0,0.009021335807050092,0.0,0.009396204488110639,none,none
suwalki_2010,30,2486,0,0,0.009021335807050092,0.0,0.009248642259104704,none,none
suwalki_2010,30,2487,0,0,0.009021335807050092,0.0,0.009266001401630027,none,none
suwalki_2010,30,2488,0,0,0.009021335807050092,0.0,0.009318080620696848,none,none
suwalki_2010,30,2489,0,0,0.009021335807050092,0.0,0.009318080620696848,none,none
suwalki_2010,30,2490,0,0,0.009021335807050092,0.0,0.009318080620696848,none,none
suwalki_2010,30,2491,0,0,0.009021335807050092,0.0,0.009257321793045389,none,none
suwalki_2010,30,2492,0,0,0.009021335807050092,0.0,0.009274681084859262,none,none
suwalki_2010,30,2493,0,0,0.009021335807050092,0.0,0.009396204488110637,none,none
suwalki_2010,30,2494,0,0,0.009021335807050092,0.0,0.00940488529108585,none,none
suwalki_2010,30,2495,0,0,0.009021335807050092,0.0,0.009465653002284595,none,none
suwalki_2010,30,2496,0,0,0.009021335807050092,0.0,0.009552470364383175,none,none
suwalki_2010,30,2497,0,0,0.009021335807050092,0.0,0.009820853264621253,none,none
suwalki_2010,30,2498,0,0,0.009021335807050092,0.0,0.009881166964052742,none,none
suwalki_2010,30,2499,0,0,0.009021335807050092,0.0,0.009924113505173434,none,none
suwalki_2010,30,2500,0,0,0.014021335807050093,0.0,0.00938576809021477,none,none
suwalki_2010,30,2501,0,0,0.014021335807050093,0.0,0.009618257835487986,none,none
suwalki_2010,30,2502,0,0,0.014021335807050093,0.0,0.009790489243769724,none,none
suwalki_2010,30,2503,0,0,0.014021335807050093,0.0,0.009668918371719532,none,none
suwalki_2010,30,2504,0,0,0.014021335807050093,0.0,0.009868170629342653,none,none
suwalki_2010,30,2505,0,0,0.014021335807050093,0.0,0.00918645143844644,none,none
suwalki_2010,30,2506,0,0,0.014021335807050093,0.0,0.00899648960804814,none,none
suwalki_2010,30,2507,0,0,0.014021335807050093,0.0,0.009430449308075883,none,none
suwalki_2010,30,2508,0,0,0.014021335807050093,0.0,0.009378364290962246,none,none
suwalki_2010,30,2509,0,0,0.014021335807050093,0.0,0.009430449308075881,none,none
suwalki_2010,30,2510,0,0,0.014021335807050093,0.0,0.009664865146675531,none,none
suwalki_2010,30,2511,0,0,0.014021335807050093,0.0,0.009743015856121428,none,none
suwalki_2010,30,2512,0,0,0.014021335807050093,0.0,0.009595402927243354,none,none
suwalki_2010,30,2513,0,0,0.009021335807050092,0.0,0.009483015877408867,none,none
suwalki_2010,30,2514,0,0,0.004510667903525046,0.0,0.009543788292187888,none,none
suwalki_2010,30,2515,0,0,0.004510667903525046,0.0,0.009630612374178053,none,none
suwalki_2010,30,2516,0,0,0.004510667903525046,0.0,0.009760862498281972,none,none
suwalki_2010,30,2517,0,0,0.014510667903525048,0.0,0.01008850892585157,none,none
suwalki_2010,30,2518,0,0,0.009510667903525047,0.0,0.009957737448292474,none,none
suwalki_2010,30,2519,0,0,0.009510667903525047,0.0,0.010052325240462826,none,none
suwalki_2010,30,2520,0,0,0.009510667903525047,0.0,0.010034952573348771,none,none
suwalki_2010,30,2521,0,0,0.004510667903525046,0.0,0.009774877423489616,none,none
suwalki_2010,30,2522,0,0,0.004510667903525046,0.0,0.009653308430980403,none,none
suwalki_2010,30,2523,0,0,0.004510667903525046,0.0,0.009601690835559387,none,none
suwalki_2010,30,2524,0,0,0.004510667903525046,0.0,0.009532232962349424,none,none
suwalki_2010,30,2525,0,0,0.004510667903525046,0.0,0.00977551609454345,none,none
suwalki_2010,30,2526,0,0,0.004510667903525046,0.0,0.010025946936968556,none,none
suwalki_2010,30,2527,0,0,0.004510667903525046,0.0,0.009982037862157582,none,none
suwalki_2010,30,2528,0,0,0.004510667903525046,0.0,0.01020741480193977,none,none
suwalki_2010,30,2529,0,0,0.004510667903525046,0.0,0.01008579373531533,none,none
suwalki_2010,30,2530,0,0,0.004510667903525046,0.0,0.009998930509599392,none,none
suwalki_2010,30,2531,0,0,0.004510667903525046,0.0,0.009920759993221022,none,none
suwalki_2010,30,2532,0,0,0.009021335807050092,0.0,0.009851280168913611,none,none
suwalki_2010,30,2533,0,0,0.009021335807050092,0.0,0.009835188376916151,none,none
suwalki_2010,30,2534,0,0,0.009021335807050092,0.0,0.009904667094075505,none,none
suwalki_2010,30,2535,0,0,0.009021335807050092,0.0,0.009939408245238583,none,none
suwalki_2010,30,2536,0,0,0.009021335807050092,0.0,0.009939408245238583,none,none
suwalki_2010,30,2537,0,0,0.05755333951762522,0.0,0.009748346702230773,none,none
suwalki_2010,30,2538,0,0,0.06755333951762522,0.0,0.009696245282113618,none,none
suwalki_2010,30,2539,0,0,0.06755333951762522,0.0,0.009644146550347463,none,none
suwalki_2010,30,2540,0,0,0.06755333951762522,0.0,0.009357651573709285,none,none
suwalki_2010,30,2541,0,0,0.0711725836780155,0.0,0.009505229740965486,none,none
suwalki_2010,30,2542,0,0,0.04264057996744037,0.0,0.009487866483767884,none,none
suwalki_2010,30,2543,0,0,0.033532003710575145,0.0,0.0093663320451296,none,none
suwalki_2010,30,2544,0,0,0.01853200371057514,0.0,0.009444459647330233,none,none
suwalki_2010,30,2545,0,0,0.009021335807050092,0.0,0.009461822157927418,none,none
suwalki_2010,30,2546,0,0,0.013532003710575138,0.0,0.009609415555963192,none,none
suwalki_2010,30,2547,0,0,0.013532003710575138,0.0,0.009592050506793593,none,none
suwalki_2010,30,2548,0,0,0.01853200371057514,0.0,0.00980913509032949,none,none
suwalki_2010,30,2549,0,0,0.014021335807050093,0.0,0.009895981993015925,none,none
suwalki_2010,30,2550,0,0,0.009510667903525047,0.0,0.009869927137981736,none,none
suwalki_2010,30,2551,0,0,0.009021335807050092,0.0,0.009826503873368099,none,none
suwalki_2010,30,2552,0,0,0.009021335807050092,0.0,0.009783082475905725,none,none
suwalki_2010,30,2553,0,0,0.009021335807050092,0.0,0.009783082475905725,none,none
suwalki_2010,30,2554,0,0,0.013532003710575138,0.0,0.009670195580195341,none,none
suwalki_2010,30,2555,1,0,0.009021335807050092,0.00625,0.009618098192552665,snow,none
suwalki_2010,30,2556,1,0,0.009021335807050092,0.0125,0.00960073299404372,snow,none
suwalki_2010,30,2557,1,1,0.6915812119039083,0.01875,0.018919491351349488,snow,snow
suwalki_2010,30,2558,1,1,0.6720419505198997,0.025,0.024767905554301056,snow,snow
suwalki_2010,30,2559,1,1,0.6665526184234247,0.01875,0.03151852428105345,snow,snow
suwalki_2010,30,2560,1,1,0.6665526184234247,0.0125,0.0388510489515857,snow,snow
suwalki_2010,30,2561,1,1,0.6406326011998064,0.0062499999999999,0.026309072620795633,snow,snow
suwalki_2010,30,2562,0,0,0.4610431511957394,0.0,0.02369962963510591,none,none
suwalki_2010,30,2563,0,0,0.4041279724210767,0.0,0.021853417918074138,none,none
suwalki_2010,30,2564,0,0,0.17970458738859066,0.0,0.01954252589081298,none,none
suwalki_2010,30,2565,0,0,0.23470458738859065,0.0,0.018086767035262723,none,none
suwalki_2010,30,2566,0,0,0.2582365910991658,0.0,0.016897229099256478,none,none
suwalki_2010,30,2567,1,0,0.3177472590026909,0.00625,0.016653860474790297,snow,none
suwalki_2010,30,2568,1,0,0.3521255956178228,0.0125,0.01692348804052642,snow,none
suwalki_2010,30,2569,1,1,0.7513822158479742,0.01875,0.023331657657452563,snow,snow
suwalki_2010,30,2570,1,1,0.8735169663608451,0.025,0.029380033145969712,snow,snow
suwalki_2010,30,2571,1,1,0.9180276342643701,0.03125,0.03325193661412986,snow,snow
suwalki_2010,30,2572,1,1,0.9300014600083644,0.0375,0.038453129359342295,snow,snow
suwalki_2010,30,2573,1,1,0.955030053488848,0.04375,0.04425508173440663,snow,snow
suwalki_2010,30,2574,1,1,0.955030053488848,0.05,0.05258885717092686,snow,snow
suwalki_2010,30,2575,1,1,0.960030053488848,0.05625,0.05694870905983333,snow,snow
suwalki_2010,30,2576,1,1,0.9632472060025785,0.0625,0.061888534961029876,snow,snow
suwalki_2010,30,2577,1,1,0.9806517168737162,0.06875,0.0689287369320701,snow,snow
suwalki_2010,30,2578,1,1,0.9856517168737162,0.075,0.07497084082868169,snow,snow
suwalki_2010,30,2579,1,1,0.9967040653857276,0.075,0.07382011343774438,snow,snow
suwalki_2010,30,2580,1,1,0.9982171525137304,0.075,0.07036516653436413,snow,snow
suwalki_2010,30,2581,1,1,0.9982171525137304,0.075,0.07099690135738164,snow,snow
suwalki_2010,30,2582,1,1,0.9982171525137304,0.075,0.0703677208328266,snow,snow
suwalki_2010,30,2583,1,1,0.9982171525137304,0.08125,0.06956891379836368,snow,snow
suwalki_2010,30,2584,1,1,0.9982171525137304,0.0875,0.06883794366315998,snow,snow
suwalki_2010,30,2585,1,1,0.9942995545145901,0.09375,0.09418983236704354,snow,snow
suwalki_2010,30,2586,1,1,0.9851909782577247,0.1,0.10504549205762785,snow,snow
suwalki_2010,30,2587,1,1,0.9801909782577247,0.10625,0.10460649873253326,snow,snow
suwalki_2010,30,2588,1,1,0.9751909782577247,0.1125,0.10921593145163387,snow,snow
suwalki_2010,30,2589,1,1,0.9784869128719972,0.11875,0.11715834122592458,snow,snow
suwalki_2010,30,2590,1,1,0.9819738257439943,0.125,0.12407723877846397,snow,snow
suwalki_2010,30,2591,1,1,0.9869738257439943,0.125,0.12606753201280071,snow,snow
suwalki_2010,30,2592,1,1,0.9869738257439943,0.125,0.1268919546651554,snow,snow
suwalki_2010,30,2593,1,1,0.995,0.125,0.12538692673791715,snow,snow
suwalki_2010,30,2594,1,1,1.0,0.125,0.1261058303226476,snow,snow
suwalki_2010,30,2595,1,1,1.0,0.125,0.12542308411376388,snow,snow
suwalki_2010,30,2596,1,1,1.0,0.125,0.12438088394452143,snow,snow
suwalki_2010,30,2597,1,1,0.9991085762568653,0.125,0.12463032094976871,snow,snow
suwalki_2010,30,2598,1,1,0.9991085762568653,0.125,0.12479046189041958,snow,snow
suwalki_2010,30,2599,1,1,0.9991085762568653,0.11875,0.12479046189041958,snow,snow
suwalki_2010,30,2600,1,1,0.9991085762568653,0.1125,0.12438647921955451,snow,snow
suwalki_2010,30,2601,1,1,0.9982171525137304,0.10625,0.1191411407287551,snow,snow
suwalki_2010,30,2602,1,1,0.9982171525137304,0.1,0.10790431343275361,snow,snow
suwalki_2010,30,2603,1,1,0.9982171525137304,0.09375,0.10046424000875044,snow,snow
suwalki_2010,30,2604,1,1,0.9982171525137304,0.0875,0.09167310419176572,snow,snow
suwalki_2010,30,2605,1,1,0.9982171525137304,0.08125,0.08402311121162065,snow,snow
suwalki_2010,30,2606,1,1,0.9982171525137304,0.075,0.0723235579699838,snow,snow
suwalki_2010,30,2607,1,1,0.9982171525137304,0.06875,0.06910921167506892,snow,snow
suwalki_2010,30,2608,1,1,0.9982171525137304,0.0625,0.06736641069410605,snow,snow
suwalki_2010,30,2609,1,1,0.9973257287705957,0.05625,0.052924425543738066,snow,snow
suwalki_2010,30,2610,1,1,0.9968363966741207,0.05,0.04453089203744537,snow,snow
suwalki_2010,30,2611,1,1,0.9953233095461178,0.05625,0.04106853577261882,snow,snow
suwalki_2010,30,2612,1,1,0.9953233095461178,0.0625,0.03866672184752149,snow,snow
suwalki_2010,30,2613,1,1,0.9971061570323875,0.06875,0.06125830475919064,snow,snow
suwalki_2010,30,2614,1,1,0.9921061570323875,0.075,0.07380236037604158,snow,snow
suwalki_2010,30,2615,1,1,0.9877278204172555,0.08125,0.07301078496573346,snow,snow
suwalki_2010,30,2616,1,1,0.9886192441603902,0.0875,0.06819228936005278,snow,snow
suwalki_2010,30,2617,1,1,0.9736492976492382,0.09375,0.0949936680644719,snow,snow
suwalki_2010,30,2618,1,1,0.9236492976492382,0.1,0.11938205077251064,snow,snow
suwalki_2010,30,2619,1,1,0.9086492976492382,0.1,0.12454270841298887,snow,snow
suwalki_2010,30,2620,1,1,0.909540721392373,0.1,0.12829436247669074,snow,snow
suwalki_2010,30,2621,1,1,0.8869752857523586,0.1,0.11415642712813644,snow,snow
suwalki_2010,30,2622,1,1,0.8878667094954935,0.1,0.10763174022020601,snow,snow
suwalki_2010,30,2623,1,1,0.8828667094954935,0.09375,0.10719367761306053,snow,snow
suwalki_2010,30,2624,1,1,0.8828667094954935,0.0875,0.10513842043570114,snow,snow
suwalki_2010,30,2625,1,1,0.8357620124714706,0.08125,0.09194051510383319,snow,snow
suwalki_2010,30,2626,1,1,0.8307620124714706,0.075,0.07708655101295313,snow,snow
suwalki_2010,30,2627,1,1,0.8307620124714706,0.0625,0.07393287616654393,snow,snow
suwalki_2010,30,2628,1,1,0.8307620124714706,0.05,0.06941601400161744,snow,snow
suwalki_2010,30,2629,1,1,0.8027658917043129,0.0375,0.042460297034374136,snow,snow
suwalki_2010,30,2630,1,1,0.7947397174483072,0.025,0.034776239876952025,snow,snow
suwalki_2010,30,2631,1,1,0.7792503853518322,0.01875,0.020547078981948987,snow,snow
suwalki_2010,30,2632,1,1,0.7213041759994099,0.0125,0.020830050027057533,snow,snow
suwalki_2010,30,2633,1,1,0.653248666010943,0.0062499999999999,0.014852621513201878,snow,snow
suwalki_2010,30,2634,0,1,0.5112462467864651,0.0,0.01526474520320666,none,snow
suwalki_2010,30,2635,1,0,0.46982040010827747,0.0125,0.015920270220092358,snow,none
suwalki_2010,30,2636,1,0,0.11723848832078054,0.025,0.017695974046199853,snow,none
suwalki_2010,30,2637,1,1,0.8053533630349657,0.0375,0.023691000580871386,snow,snow
suwalki_2010,30,2638,1,1,0.9053533630349658,0.05,0.03458306488907462,snow,snow
suwalki_2010,30,2639,1,1,0.9447602931305813,0.05,0.05773952215496182,snow,snow
suwalki_2010,30,2640,1,1,0.9712733802585842,0.05,0.06802488782292906,snow,snow
suwalki_2010,30,2641,1,1,0.9854607386159914,0.05,0.06371656114883854,snow,snow
suwalki_2010,30,2642,1,1,0.99,0.05,0.060011060262925034,snow,snow
suwalki_2010,30,2643,1,1,0.9984869128719971,0.0625,0.059410744755301226,snow,snow
suwalki_2010,30,2644,1,1,0.995,0.075,0.05773719121227935,snow,snow
suwalki_2010,30,2645,1,1,0.995,0.0875,0.08756557146228228,snow,snow
suwalki_2010,30,2646,1,1,1.0,0.1,0.09687177558172765,snow,snow
suwalki_2010,30,2647,1,1,1.0,0.0875,0.11106222050449388,snow,snow
suwalki_2010,30,2648,1,1,1.0,0.075,0.11627873765235003,snow,snow
suwalki_2010,30,2649,1,1,0.9891085762568653,0.0625,0.09576153065055518,snow,snow
suwalki_2010,30,2650,1,1,0.9488102224181151,0.05,0.06872240795670977,snow,snow
suwalki_2010,30,2651,1,1,0.9338102224181151,0.05,0.04726198605016706,snow,snow
suwalki_2010,30,2652,1,1,0.9272971352901123,0.05,0.037642351038476865,snow,snow
suwalki_2010,30,2653,1,1,0.9732171525137305,0.05,0.04764477942101303,snow,snow
suwalki_2010,30,2654,1,1,0.9891085762568652,0.05,0.05121097559320289,snow,snow
suwalki_2010,30,2655,1,1,0.9891085762568652,0.05625,0.05262451482683948,snow,snow
suwalki_2010,30,2656,1,1,0.9936192441603903,0.0625,0.05373739133779761,snow,snow
suwalki_2010,30,2657,1,1,0.9995106679035252,0.06875,0.06876006239341903,snow,snow
suwalki_2010,30,2658,1,1,0.9995106679035252,0.075,0.08051077615833446,snow,snow
suwalki_2010,30,2659,1,1,0.9995106679035252,0.06875,0.0813704620887511,snow,snow
suwalki_2010,30,2660,1,1,0.9829975807755222,0.0625,0.07775695306632513,snow,snow
suwalki_2010,30,2661,1,1,0.9764844936475194,0.05625,0.05769328506966452,snow,snow
suwalki_2010,30,2662,1,1,0.9605930699043845,0.05,0.04598563681286692,snow,snow
suwalki_2010,30,2663,1,1,0.9605930699043845,0.05,0.0441017176246618,snow,snow
suwalki_2010,30,2664,1,1,0.9655930699043845,0.05,0.04301527649257748,snow,snow
suwalki_2010,30,2665,1,1,0.99,0.05,0.052331896163177405,snow,snow
suwalki_2010,30,2666,1,1,0.995,0.05,0.054753822668623095,snow,snow
suwalki_2010,30,2667,1,1,1.0,0.04375,0.055402222935137614,snow,snow
suwalki_2010,30,2668,1,1,1.0,0.0375,0.05495408108457278,snow,snow
suwalki_2010,30,2669,1,1,0.9979975807755223,0.03125,0.03415127591327908,snow,snow
suwalki_2010,30,2670,1,1,0.9699714065195165,0.025,0.025018917868638375,snow,snow
suwalki_2010,30,2671,1,1,0.9725668956483788,0.025,0.022951792608775265,snow,snow
suwalki_2010,30,2672,1,1,0.9725668956483788,0.025,0.022242895859228663,snow,snow
suwalki_2010,30,2673,1,1,0.9882171525137303,0.025,0.022466057588863664,snow,snow
suwalki_2010,30,2674,1,1,0.9932171525137303,0.025,0.0230648918554945,snow,snow
suwalki_2010,30,2675,1,1,0.9932171525137303,0.01875,0.025202238199314105,snow,snow
suwalki_2010,30,2676,1,1,0.9932171525137303,0.0125,0.02574731373814524,snow,snow
suwalki_2010,30,2677,1,1,0.9442959167414738,0.0062499999999999,0.017931386693309036,snow,snow
suwalki_2010,30,2678,0,0,0.4545656770997407,0.0,0.018942995909144784,none,none
suwalki_2010,30,2679,0,0,0.3951422496460308,0.0,0.02102681014281592,none,none
suwalki_2010,30,2680,0,0,0.2716619157744905,0.0,0.02122217811604631,none,none
suwalki_2010,30,2681,0,0,0.2751488286464876,0.0,0.020387645772601697,none,none
suwalki_2010,30,2682,0,0,0.31025550768173815,0.0,0.02007813263372966,none,none
suwalki_2010,30,2683,1,0,0.46887475184212846,0.00625,0.019411881961760066,snow,none
suwalki_2010,30,2684,1,0,0.4543640839386034,0.0125,0.019212304998594592,snow,none
suwalki_2010,30,2685,1,1,0.9636778911297219,0.01875,0.024525126937206654,snow,snow
suwalki_2010,30,2686,1,1,0.9681885590332469,0.025,0.03366361230786261,snow,snow
suwalki_2010,30,2687,1,1,0.9755930699043845,0.025,0.03683861260805262,snow,snow
suwalki_2010,30,2688,1,1,0.9821061570323874,0.025,0.04578321186045707,snow,snow
suwalki_2010,30,2689,1,1,0.9925954891288623,0.025,0.03665461244419788,snow,snow
suwalki_2010,30,2690,1,1,0.9860824020008594,0.025,0.032581540537201914,snow,snow
suwalki_2010,30,2691,1,1,0.9860824020008594,0.01875,0.03177691093963767,snow,snow
suwalki_2010,30,2692,1,1,0.9860824020008594,0.0125,0.03002112143104495,snow,snow
suwalki_2010,30,2693,1,1,0.8758390573583248,0.0062499999999999,0.023816402566561333,snow,snow
suwalki_2010,30,2694,0,0,0.3988952851031787,0.0,0.022518137515194336,none,none
suwalki_2010,30,2695,0,0,0.35714612887887304,0.0,0.02140314786342819,none,none
suwalki_2010,30,2696,0,0,0.20010667903525048,0.0,0.020716759459443918,none,none
suwalki_2010,30,2697,0,0,0.21908292400372253,0.0,0.020070171769082126,none,none
suwalki_2010,30,2698,0,0,0.23261492771429768,0.0,0.019782506246022874,none,none
suwalki_2010,30,2699,0,0,0.29663626352134786,0.0,0.018963532733793063,none,none
suwalki_2010,30,2700,0,0,0.28623417187468797,0.0,0.019563201995124294,none,none
suwalki_2010,30,2701,0,0,0.13666191577449047,0.0,0.018500805052817464,none,none
suwalki_2010,30,2702,0,0,0.0540213358070501,0.0,0.016696731681569536,none,none
suwalki_2010,30,2703,0,0,0.022997580775522178,0.0,0.013884809380465163,none,none
suwalki_2010,30,2704,0,0,0.012997580775522178,0.0,0.013693967067337824,none,none
suwalki_2010,30,2705,0,0,0.008486912871997132,0.0,0.01358098034634602,none,none
suwalki_2010,30,2706,0,0,0.013486912871997133,0.0,0.012957679768918684,none,none
suwalki_2010,30,2707,0,0,0.017595489128862364,0.0,0.011141650051573332,none,none
suwalki_2010,30,2708,0,0,0.01910857625686523,0.0,0.011123779005197617,none,none
suwalki_2010,30,2709,0,0,0.005,0.0,0.011485702416540806,none,none
suwalki_2010,30,2710,0,0,0.02,0.0,0.011364407211136159,none,none
suwalki_2010,30,2711,0,0,0.02410857625686523,0.0,0.011303525198923746,none,none
suwalki_2010,30,2712,0,0,0.03772782041725551,0.0,0.011494401189189131,none,none
suwalki_2010,30,2713,0,0,0.1584726601954685,0.0,0.011615392067535044,none,none
suwalki_2010,30,2714,0,0,0.19044648593946278,0.0,0.011632312033954522,none,none
suwalki_2010,30,2715,0,0,0.1659358180359377,0.0,0.011588812988783772,none,none
suwalki_2010,30,2716,0,0,0.17455506219632802,0.0,0.011554015099346046,none,none
suwalki_2010,30,2717,0,0,0.18544648593946278,0.0,0.011424333316912972,none,none
suwalki_2010,30,2718,0,0,0.19133790968259756,0.0,0.011381322979660493,none,none
suwalki_2010,30,2719,0,0,0.20584857758612263,0.0,0.011701754424473307,none,none
suwalki_2010,30,2720,0,0,0.22174000132925736,0.0,0.01175395933103489,none,none
suwalki_2010,30,2721,0,0,0.1797210847466851,0.0,0.01190979018748867,none,none
suwalki_2010,30,2722,0,0,0.18472108474668508,0.0,0.012005040860484728,none,none
suwalki_2010,30,2723,0,0,0.15583208022802814,0.0,0.012056781331243976,none,none
suwalki_2010,30,2724,0,0,0.16623417187468795,0.0,0.011987154554429834,none,none
suwalki_2010,30,2725,0,0,0.16123417187468791,0.0,0.011494401189189133,none,none
suwalki_2010,30,2726,0,0,0.09965949655001262,0.0,0.011312222404848792,none,none
suwalki_2010,30,2727,0,0,0.10965949655001263,0.0,0.011087558234061915,none,none
suwalki_2010,30,2728,0,0,0.10965949655001263,0.0,0.011027172484647876,none,none
suwalki_2010,30,2729,0,0,0.12014882864648758,0.0,0.011476683845038362,none,none
suwalki_2010,30,2730,0,0,0.10166191577449045,0.0,0.011718835810445957,none,none
suwalki_2010,30,2731,0,0,0.11617258367801549,0.0,0.011944600315741122,none,none
suwalki_2010,30,2732,0,0,0.1261725836780155,0.0,0.011935897671415563,none,none
suwalki_2010,30,2733,0,0,0.1411725836780155,0.0,0.011718835810445952,none,none
suwalki_2010,30,2734,0,0,0.1461725836780155,0.0,0.01164923228337213,none,none
suwalki_2010,30,2735,0,0,0.24225792690621592,0.0,0.011736237440461605,none,none
suwalki_2010,30,2736,0,0,0.2552555076817381,0.0,0.011727536588040455,none,none
suwalki_2010,30,2737,0,0,0.24574483977821304,0.0,0.011562714459483144,none,none
suwalki_2010,30,2738,0,0,0.2153427481315532,0.0,0.011415795074008507,none,none
suwalki_2010,30,2739,0,0,0.2103427481315532,0.0,0.011415795074008507,none,none
suwalki_2010,30,2740,0,0,0.20882966100355035,0.0,0.011312382315662594,none,none
suwalki_2010,30,2741,0,0,0.1943189931000253,0.0,0.010906092111743825,none,none
suwalki_2010,30,2742,0,0,0.18980832519650023,0.0,0.010629368592976732,none,none
suwalki_2010,30,2743,0,0,0.19021041684316004,0.0,0.010499965133088275,none,none
suwalki_2010,30,2744,0,0,0.16529765729297516,0.0,0.010119103617004679,none,none
suwalki_2010,30,2745,0,0,0.14029765729297516,0.0,0.009782284131169489,none,none
suwalki_2010,30,2746,0,0,0.11529765729297518,0.0,0.009747548384957002,none,none
suwalki_2010,30,2747,0,0,0.107300076517453,0.0,0.009323568819737883,none,none
suwalki_2010,30,2748,0,0,0.08327874071040292,0.0,0.00895954734702245,none,none
suwalki_2010,30,2749,0,0,0.07376807280687787,0.0,0.00864078186992815,none,none
suwalki_2010,30,2750,0,0,0.046127492839437505,0.0,0.008762228947486066,none,none
suwalki_2010,30,2751,0,0,0.02799758077552218,0.0,0.008658130557215097,none,none
suwalki_2010,30,2752,0,0,0.012997580775522178,0.0,0.008910198650859865,none,none
suwalki_2010,30,2753,0,0,0.003486912871997132,0.0,0.00902300057457199,none,none
suwalki_2010,30,2754,0,0,0.003486912871997132,0.0,0.009040355836045611,none,none
suwalki_2010,30,2755,0,0,0.003486912871997132,0.0,0.00906638928796695,none,none
suwalki_2010,30,2756,0,0,0.003486912871997132,0.0,0.008979613726842629,none,none
suwalki_2010,30,2757,0,0,0.003486912871997132,0.0,0.009092423411556786,none,none
suwalki_2010,30,2758,0,0,0.003486912871997132,0.0,0.009153172312074572,none,none
suwalki_2010,30,2759,0,0,0.003486912871997132,0.0,0.009231283415152634,none,none
suwalki_2010,30,2760,0,0,0.003486912871997132,0.0,0.009231283415152634,none,none
suwalki_2010,30,2761,0,0,0.003486912871997132,0.0,0.00929156190127022,none,none
suwalki_2010,30,2762,0,0,0.0,0.0,0.00930024180431964,none,none
suwalki_2010,30,2763,0,0,0.0,0.0,0.009091466053199458,none,none
suwalki_2010,30,2764,0,0,0.0,0.0,0.009048076261531961,none,none
suwalki_2010,30,2765,0,0,0.005,0.0,0.009324366801808856,none,none
suwalki_2010,30,2766,0,0,0.005,0.0,0.009540914935168923,none,none
suwalki_2010,30,2767,0,0,0.009510667903525047,0.0,0.009870885234890764,none,none
suwalki_2010,30,2768,0,0,0.005,0.0,0.00995773744829247,none,none
suwalki_2010,30,2769,0,0,0.005,0.0,0.009845789100441002,none,none
suwalki_2010,30,2770,0,0,0.005,0.0,0.009672111395938371,none,none
suwalki_2010,30,2771,0,0,0.005,0.0,0.009507624119940671,none,none
suwalki_2010,30,2772,0,0,0.005,0.0,0.009594445091693231,none,none
suwalki_2010,30,2773,0,0,0.005,0.0,0.009982836364821269,none,none
suwalki_2010,30,2774,0,0,0.005,0.0,0.00994809371976375,none,none
suwalki_2010,30,2775,0,0,0.005,0.0,0.00985255760807299,none,none
suwalki_2010,30,2776,0,0,0.015,0.0,0.009618098192552665,none,none
suwalki_2010,30,2777,0,0,0.015,0.0,0.009687561973465297,none,none
suwalki_2010,30,2778,0,0,0.02410857625686523,0.0,0.009609415555963192,none,none
suwalki_2010,30,2779,0,0,0.04710615703238741,0.0,0.00970397072597765,none,none
suwalki_2010,30,2780,0,0,0.06161682493591245,0.0,0.00976379844635377,none,none
suwalki_2010,30,2781,0,0,0.06821715251373046,0.0,0.01006682335252752,none,none
suwalki_2010,30,2782,0,0,0.0677278204172555,0.0,0.010344830658554953,none,none
suwalki_2010,30,2783,1,0,0.07361924416039027,0.00625,0.010647071095286686,snow,none
suwalki_2010,30,2784,1,0,0.07361924416039027,0.0125,0.01094166697307938,snow,none
suwalki_2010,30,2785,1,1,0.9395693148728566,0.01875,0.019201465657626423,snow,snow
suwalki_2010,30,2786,1,1,0.9271648040017189,0.025,0.025888430405836396,snow,snow
suwalki_2010,30,2787,1,1,0.965651716873716,0.03125,0.03360344419103293,snow,snow
suwalki_2010,30,2788,1,1,0.9662733802585842,0.0375,0.045191950260870965,snow,snow
suwalki_2010,30,2789,1,1,0.9792709610341064,0.04375,0.0479018732517307,snow,snow
suwalki_2010,30,2790,1,1,0.9803819565154493,0.05,0.056349309686487326,snow,snow
suwalki_2010,30,2791,1,1,0.9853819565154494,0.04375,0.061408746361791416,snow,snow
suwalki_2010,30,2792,1,1,0.986273380258584,0.0375,0.06395724883171738,snow,snow
suwalki_2010,30,2793,1,1,0.9572484066784182,0.03125,0.03998210472325184,snow,snow
suwalki_2010,30,2794,1,1,0.8900348740650053,0.025,0.025482275849669313,snow,snow
suwalki_2010,30,2795,1,1,0.845436965711665,0.025,0.02385507084920818,snow,snow
suwalki_2010,30,2796,1,1,0.8376504983250779,0.025,0.024670358389131144,snow,snow
suwalki_2010,30,2797,1,1,0.9116754719052439,0.025,0.021930158579495908,snow,snow
suwalki_2010,30,2798,1,1,0.9416754719052439,0.025,0.021108466407604772,snow,snow
suwalki_2010,30,2799,1,1,0.9581885590332471,0.025,0.020581279277880154,snow,snow
suwalki_2010,30,2800,1,1,0.9605930699043845,0.025,0.02070127562680104,snow,snow
suwalki_2010,30,2801,1,1,0.9490799827763817,0.025,0.02229328064397513,snow,snow
suwalki_2010,30,2802,1,1,0.9395693148728568,0.025,0.02329944124200163,snow,snow
suwalki_2010,30,2803,1,1,0.9115431406168508,0.025,0.026395492946039937,snow,snow
suwalki_2010,30,2804,1,1,0.9184583193915137,0.025,0.030480644800396632,snow,snow
suwalki_2010,30,2805,1,1,0.9664844936475194,0.025,0.030645322723048766,snow,snow
suwalki_2010,30,2806,1,1,0.9649714065195165,0.025,0.03028737802125991,snow,snow
suwalki_2010,30,2807,1,1,0.9699714065195165,0.03125,0.03044782767329467,snow,snow
suwalki_2010,30,2808,1,1,0.9699714065195165,0.0375,0.03080937529149413,snow,snow
suwalki_2010,30,2809,1,1,0.98440839010398,0.04375,0.04316739702124456,snow,snow
suwalki_2010,30,2810,1,1,0.9789190580075049,0.05,0.05264654504025601,snow,snow
suwalki_2010,30,2811,1,1,0.8939190580075049,0.05,0.06027026040641202,snow,snow
suwalki_2010,30,2812,1,1,0.8939190580075049,0.05,0.06491667250813923,snow,snow
suwalki_2010,30,2813,1,1,0.8633274481114849,0.05,0.05853839626186807,snow,snow
suwalki_2010,30,2814,1,1,0.8283274481114851,0.05,0.05656302543543537,snow,snow
suwalki_2010,30,2815,1,1,0.8233274481114851,0.05625,0.05524024592058032,snow,snow
suwalki_2010,30,2816,1,1,0.8233274481114851,0.0625,0.05474720180952863,snow,snow
suwalki_2010,30,2817,1,1,0.8389190580075049,0.06875,0.06845377527350441,snow,snow
suwalki_2010,30,2818,1,1,0.8739190580075049,0.075,0.07675886192383821,snow,snow
suwalki_2010,30,2819,1,1,0.8954321451355078,0.075,0.07387434905372912,snow,snow
suwalki_2010,30,2820,1,1,0.8954321451355078,0.075,0.06726410234142076,snow,snow
suwalki_2010,30,2821,1,1,0.984510667903525,0.075,0.06834089283040468,snow,snow
suwalki_2010,30,2822,1,1,1.0,0.075,0.06930155028763542,snow,snow
suwalki_2010,30,2823,1,1,1.0,0.06875,0.07006668546926635,snow,snow
suwalki_2010,30,2824,1,1,1.0,0.0625,0.07022345519125275,snow,snow
suwalki_2010,30,2825,1,1,1.0,0.05625,0.05237788659868305,snow,snow
suwalki_2010,30,2826,1,1,1.0,0.05,0.04332997600539731,snow,snow
suwalki_2010,30,2827,1,1,0.9984869128719971,0.0375,0.040746685645889145,snow,snow
suwalki_2010,30,2828,1,1,0.9984869128719971,0.025,0.038678136626507154,snow,snow
suwalki_2010,30,2829,1,1,0.9811861398087691,0.0124999999999999,0.01959522077347895,snow,snow
suwalki_2010,30,2830,0,1,0.7956994505237002,0.0,0.022320041874695124,none,snow
suwalki_2010,30,2831,0,1,0.5016267432935502,0.0,0.016094687724647047,none,snow
suwalki_2010,30,2832,0,0,0.08902133580705009,0.0,0.018195832450678226,none,none
suwalki_2010,30,2833,0,0,0.11948207442304148,0.0,0.018424326977529847,none,none
suwalki_2010,30,2834,0,0,0.092209894840297,0.0,0.018573648149914333,none,none
suwalki_2010,30,2835,0,0,0.20525256645439718,0.0,0.017917451426803652,none,none
suwalki_2010,30,2836,0,0,0.20998280609613054,0.0,0.018604471044889763,none,none
suwalki_2010,30,2837,0,0,0.11774431777534997,0.0,0.017699920256583283,none,none
suwalki_2010,30,2838,0,0,0.07353200371057514,0.0,0.01631446514796951,none,none
suwalki_2010,30,2839,0,0,0.04853200371057514,0.0,0.014120526019285448,none,none
suwalki_2010,30,2840,0,0,0.04353200371057514,0.0,0.013704711693580457,none,none
suwalki_2010,30,2841,0,0,0.04353200371057514,0.0,0.01369551304936463,none,none
suwalki_2010,30,2842,0,0,0.024510667903525046,0.0,0.013227054428121561,none,none
suwalki_2010,30,2843,0,0,0.01951066790352505,0.0,0.01190332789980007,none,none
suwalki_2010,30,2844,0,0,0.01951066790352505,0.0,0.01164373143853109,none,none
suwalki_2010,30,2845,0,0,0.04361924416039027,0.0,0.011989394802229306,none,none
suwalki_2010,30,2846,0,0,0.14096441151642128,0.0,0.01195410309607652,none,none
suwalki_2010,30,2847,0,0,0.14931899310002525,0.0,0.011883523375973811,none,none
suwalki_2010,30,2848,0,0,0.16382966100355031,0.0,0.011892225569880661,none,none
suwalki_2010,30,2849,0,0,0.1588296610035503,0.0,0.011796505552899392,none,none
suwalki_2010,30,2850,0,0,0.16334032890707537,0.0,0.011709975133970155,none,none
suwalki_2010,30,2851,0,0,0.16882966100355032,0.0,0.011814388489339979,none,none
suwalki_2010,30,2852,0,0,0.1997210847466851,0.0,0.01183179176286794,none,none
suwalki_2010,30,2853,0,0,0.22021041684316003,0.0,0.0118230900886871,none,none
suwalki_2010,30,2854,0,0,0.21118908103610998,0.0,0.01185789723441919,none,none
suwalki_2010,30,2855,0,0,0.2031915002605878,0.0,0.01187530125630041,none,none
suwalki_2010,30,2856,0,0,0.20810425981077266,0.0,0.011840493511883139,none,none
suwalki_2010,30,2857,0,0,0.22761492771429773,0.0,0.01184049351188314,none,none
suwalki_2010,30,2858,0,0,0.2181042598107727,0.0,0.011692573955660125,none,none
suwalki_2010,30,2859,0,0,0.18908292400372256,0.0,0.011857897234419193,none,none
suwalki_2010,30,2860,0,0,0.18730007651745303,0.0,0.011770881615087596,none,none
suwalki_2010,30,2861,0,0,0.18470458738859066,0.0,0.011563194310825428,none,none
suwalki_2010,30,2862,0,0,0.18970458738859064,0.0,0.011606692254374636,none,none
suwalki_2010,30,2863,0,0,0.22221283606763792,0.0,0.011537576281664954,none,none
suwalki_2010,30,2864,0,0,0.2281915002605878,0.0,0.011589292852506324,none,none
suwalki_2010,30,2865,0,0,0.19970458738859065,0.0,0.011987154554429832,none,none
suwalki_2010,30,2866,0,0,0.19292173990232112,0.0,0.011926235054135884,none,none
suwalki_2010,30,2867,0,0,0.1733238315489809,0.0,0.01190883015620509,none,none
suwalki_2010,30,2868,0,0,0.16970458738859062,0.0,0.01190883015620509,none,none
suwalki_2010,30,2869,0,0,0.15108534322820033,0.0,0.011874021258419042,none,none
suwalki_2010,30,2870,0,0,0.14108534322820035,0.0,0.011847915370875338,none,none
suwalki_2010,30,2871,0,0,0.1265746753246753,0.0,0.011847915370875338,none,none
suwalki_2010,30,2872,0,0,0.11706400742115025,0.0,0.011847915370875338,none,none
suwalki_2010,30,2873,0,0,0.10353200371057512,0.0,0.011847915370875336,none,none
suwalki_2010,30,2874,0,0,0.11612749283943749,0.0,0.01188272337060772,none,none
suwalki_2010,30,2875,0,0,0.1061274928394375,0.0,0.01188272337060772,none,none
suwalki_2010,30,2876,0,0,0.14176565358240004,0.0,0.01188272337060772,none,none
suwalki_2010,30,2877,0,0,0.1216784131325849,0.0,0.01188272337060772,none,none
suwalki_2010,30,2878,0,0,0.09154608184419176,0.0,0.011847915370875336,none,none
suwalki_2010,30,2879,0,0,0.036973825743994264,0.0,0.011830511820025034,none,none
suwalki_2010,30,2880,0,0,0.036973825743994264,0.0,0.011813108568511796,none,none
suwalki_2010,30,2881,0,0,0.031973825743994266,0.0,0.011865319221067849,none,none
suwalki_2010,30,2882,0,0,0.01,0.0,0.011865319221067849,none,none
suwalki_2010,30,2883,0,0,0.03402133580705009,0.0,0.011900127819500096,none,none
suwalki_2010,30,2884,0,0,0.01951066790352505,0.0,0.01188272337060772,none,none
suwalki_2010,30,2885,0,0,0.024510667903525046,0.0,0.011943640251432061,none,none
suwalki_2010,30,2886,0,0,0.029510667903525047,0.0,0.01198715455442983,none,none
suwalki_2010,30,2887,0,0,0.03451066790352505,0.0,0.012178639717921035,none,none
suwalki_2010,30,2888,0,0,0.029510667903525047,0.0,0.012212978934906082,none,none
suwalki_2010,30,2889,0,0,0.024510667903525046,0.0,0.01215204584045894,none,none
suwalki_2010,30,2890,0,0,0.03402133580705009,0.0,0.012178159574632278,none,none
suwalki_2010,30,2891,0,0,0.0390213358070501,0.0,0.012169454921715379,none,none
suwalki_2010,30,2892,0,0,0.0390213358070501,0.0,0.012273915697618298,none,none
suwalki_2010,30,2893,0,0,0.029021335807050096,0.0,0.011902367874647468,none,none
suwalki_2010,30,2894,0,0,0.01951066790352505,0.0,0.011833231700501537,none,none
suwalki_2010,30,2895,0,0,0.014510667903525048,0.0,0.011599752033427191,none,none
suwalki_2010,30,2896,0,0,0.01,0.0,0.011791643853490397,none,none
suwalki_2010,30,2897,0,0,0.02,0.0,0.011391939933700619,none,none
suwalki_2010,30,2898,0,0,0.035,0.0,0.011278873178644991,none,none
suwalki_2010,30,2899,0,0,0.14042998858136832,0.0,0.011183211181776757,none,none
suwalki_2010,30,2900,0,0,0.16329523806849736,0.0,0.011165819063685254,none,none
suwalki_2010,30,2901,0,0,0.15931899310002526,0.0,0.011684513357213521,none,none
suwalki_2010,30,2902,0,0,0.17431899310002527,0.0,0.011857097249313388,none,none
suwalki_2010,30,2903,0,0,0.18431899310002528,0.0,0.011614432315556403,none,none
suwalki_2010,30,2904,0,0,0.18931899310002528,0.0,0.01146750541857949,none,none
suwalki_2010,30,2905,0,0,0.1667235039711629,0.0,0.011415795074008505,none,none
suwalki_2010,30,2906,0,0,0.1817235039711629,0.0,0.01122541360837135,none,none
suwalki_2010,30,2907,0,0,0.18221283606763783,0.0,0.011355869474115949,none,none
suwalki_2010,30,2908,0,0,0.18721283606763783,0.0,0.011226372991275104,none,none
suwalki_2010,30,2909,0,0,0.18721283606763783,0.0,0.011069848016175651,none,none
suwalki_2010,30,2910,0,0,0.18672350397116289,0.0,0.011130715960665824,none,none
suwalki_2010,30,2911,0,0,0.1401488286464876,0.0,0.010923000214631447,none,none
suwalki_2010,30,2912,0,0,0.1451488286464876,0.0,0.010957776396888077,none,none
suwalki_2010,30,2913,0,0,0.15514882864648757,0.0,0.010923479762514801,none,none
suwalki_2010,30,2914,0,0,0.16965949655001264,0.0,0.010914785899746045,none,none
suwalki_2010,30,2915,0,0,0.15965949655001263,0.0,0.010914785899746045,none,none
suwalki_2010,30,2916,0,0,0.15965949655001263,0.0,0.010914785899746045,none,none
suwalki_2010,30,2917,0,0,0.15117258367801548,0.0,0.011001727892033977,none,none
suwalki_2010,30,2918,0,0,0.1811725836780155,0.0,0.010966950197879181,none,none
suwalki_2010,30,2919,0,0,0.2317685948097409,0.0,0.010949561799426738,none,none
suwalki_2010,30,2920,0,0,0.25976617558526316,0.0,0.011079982078163665,none,none
suwalki_2010,30,2921,0,0,0.2167235039711629,0.0,0.011045201692124106,none,none
suwalki_2010,30,2922,0,0,0.2117235039711629,0.0,0.010966950197879181,none,none
suwalki_2010,30,2923,0,0,0.2217235039711629,0.0,0.010906092111743822,none,none
suwalki_2010,30,2924,0,0,0.22623417187468797,0.0,0.010801772487273197,none,none
suwalki_2010,30,2925,0,0,0.23074483977821303,0.0,0.01074172344713644,none,none
suwalki_2010,30,2926,0,0,0.23025550768173808,0.0,0.010776972871780421,none,none
suwalki_2010,30,2927,0,0,0.23525550768173809,0.0,0.010672666571663788,none,none
suwalki_2010,30,2928,0,0,0.2452555076817381,0.0,0.010725297830049857,none,none
suwalki_2010,30,2929,0,0,0.23574483977821303,0.0,0.010716605671630202,none,none
suwalki_2010,30,2930,0,0,0.22574483977821302,0.0,0.010594923302410096,none,none
suwalki_2010,30,2931,0,0,0.22074483977821302,0.0,0.010612785001557521,none,none
suwalki_2010,30,2932,0,0,0.2117235039711629,0.0,0.010648029929497827,none,none
suwalki_2010,30,2933,0,0,0.21261492771429769,0.0,0.010536005066461669,none,none
suwalki_2010,30,2934,0,0,0.2035935919072476,0.0,0.010371856338395553,none,none
suwalki_2010,30,2935,0,0,0.2085935919072476,0.0,0.010423992620775143,none,none
suwalki_2010,30,2936,0,0,0.2135935919072476,0.0,0.010129547597116971,none,none
suwalki_2010,30,2937,0,0,0.1945722561001975,0.0,0.009827940957276874,none,none
suwalki_2010,30,2938,0,0,0.1601939194850656,0.0,0.009473376681828195,none,none
suwalki_2010,30,2939,0,0,0.13568325158154054,0.0,0.009308921782016191,none,none
suwalki_2010,30,2940,0,0,0.1011725836780155,0.0,0.009135336410307827,none,none
suwalki_2010,30,2941,0,0,0.08264057996744038,0.0,0.009671153487612452,none,none
suwalki_2010,30,2942,0,0,0.07215124787096543,0.0,0.009626301971039463,none,none
suwalki_2010,30,2943,0,0,0.06764057996744037,0.0,0.009695766316388767,none,none
suwalki_2010,30,2944,0,0,0.053532003710575135,0.0,0.009617619263898137,none,none
suwalki_2010,30,2945,0,0,0.044021335807050095,0.0,0.009435778504018654,none,none
suwalki_2010,30,2946,0,0,0.02799758077552218,0.0,0.009470503525214303,none,none
suwalki_2010,30,2947,0,0,0.024510667903525046,0.0,0.009461822157927416,none,none
suwalki_2010,30,2948,0,0,0.015,0.0,0.009626780903812767,none,none
suwalki_2010,30,2949,0,0,0.005,0.0,0.009826503873368093,none,none
suwalki_2010,30,2950,0,0,0.005,0.0,0.009852557608072987,none,none
suwalki_2010,30,2951,0,0,0.0,0.0,0.009843872955150901,none,none
suwalki_2010,30,2952,0,0,0.0,0.0,0.009809135090329489,none,none
suwalki_2010,30,2953,0,0,0.0,0.0,0.009670195580195337,none,none
suwalki_2010,30,2954,0,0,0.0,0.0,0.009644146550347465,none,none
suwalki_2010,30,2955,0,0,0.0,0.0,0.00969624528211362,none,none
suwalki_2010,30,2956,0,0,0.0,0.0,0.009661512495572412,none,none
suwalki_2010,30,2957,0,0,0.0,0.0,0.009618098192552663,none,none
suwalki_2010,30,2958,0,0,0.0,0.0,0.009626780903812769,none,none
suwalki_2010,45,2366,0,0,0.005,0.0,0.011879713907900925,none,none
suwalki_2010,45,2367,0,0,0.005,0.0,0.011064185168513957,none,none
suwalki_2010,45,2368,0,0,0.005,0.0,0.01021440150506979,none,none
suwalki_2010,45,2369,0,0,0.005,0.0,0.00932115200766138,none,none
suwalki_2010,45,2370,0,0,0.0,0.0,0.010421188384824837,none,none
suwalki_2010,45,2371,0,0,0.0,0.0,0.011445152285269407,none,none
suwalki_2010,45,2372,0,0,0.0,0.0,0.012000984644528957,none,none
suwalki_2010,45,2373,0,0,0.0,0.0,0.012543834655921723,none,none
suwalki_2010,45,2374,0,0,0.0,0.0,0.012379095822324453,none,none
suwalki_2010,45,2375,0,0,0.0,0.0,0.013465001155765554,none,none
suwalki_2010,45,2376,0,0,0.0,0.0,0.013621414130959778,none,none
suwalki_2010,45,2377,0,0,0.0,0.0,0.01402827778502945,none,none
suwalki_2010,45,2378,0,0,0.0,0.0,0.013897745495819675,none,none
suwalki_2010,45,2379,0,0,0.0,0.0,0.014149997848817554,none,none
suwalki_2010,45,2380,0,0,0.0,0.0,0.013612725700638536,none,none
suwalki_2010,45,2381,0,0,0.0,0.0,0.013446676250874834,none,none
suwalki_2010,45,2382,0,0,0.0,0.0,0.013599267196792117,none,none
suwalki_2010,45,2383,0,0,0.0,0.0,0.014306603245295741,none,none
suwalki_2010,45,2384,0,0,0.0,0.0,0.014306603245295741,none,none
suwalki_2010,45,2385,0,0,0.0,0.0,0.014733099709945552,none,none
suwalki_2010,45,2386,0,0,0.0,0.0,0.01355061489500891,none,none
suwalki_2010,45,2387,0,0,0.0,0.0,0.013159252873943098,none,none
suwalki_2010,45,2388,0,0,0.0,0.0,0.013237352315794532,none,none
suwalki_2010,45,2389,0,0,0.0,0.0,0.01034914074274733,none,none
suwalki_2010,45,2390,0,0,0.0,0.0,0.010568710084489891,none,none
suwalki_2010,45,2391,0,0,0.0,0.0,0.00994513830197954,none,none
suwalki_2010,45,2392,0,0,0.0,0.0,0.010360951338644207,none,none
suwalki_2010,45,2393,0,0,0.0,0.0,0.01125154029011591,none,none
suwalki_2010,45,2394,0,0,0.0,0.0,0.01381528172164172,none,none
suwalki_2010,45,2395,0,0,0.0,0.0,0.012807464011685948,none,none
suwalki_2010,45,2396,0,0,0.0,0.0,0.011479870099441803,none,none
suwalki_2010,45,2397,0,0,0.0,0.0,0.011019770226516784,none,none
suwalki_2010,45,2398,0,0,0.0,0.0,0.010958694948198282,none,none
suwalki_2010,45,2399,0,0,0.0,0.0,0.010985580461590387,none,none
suwalki_2010,45,2400,0,0,0.0,0.0,0.01178332177271596,none,none
suwalki_2010,45,2401,0,0,0.0,0.0,0.012238445613045315,none,none
suwalki_2010,45,2402,0,0,0.005,0.0,0.012377294241314717,none,none
suwalki_2010,45,2403,0,0,0.005,0.0,0.012015874324821945,none,none
suwalki_2010,45,2404,0,0,0.005,0.0,0.012232730095987401,none,none
suwalki_2010,45,2405,0,0,0.0,0.0,0.009866116823714783,none,none
suwalki_2010,45,2406,0,0,0.0,0.0,0.010472899393368065,none,none
suwalki_2010,45,2407,0,0,0.0,0.0,0.011386144182845889,none,none
suwalki_2010,45,2408,0,0,0.0,0.0,0.011377285765347836,none,none
suwalki_2010,45,2409,0,0,0.0,0.0,0.010311390176851098,none,none
suwalki_2010,45,2410,0,0,0.0,0.0,0.010233516265581815,none,none
suwalki_2010,45,2411,0,0,0.0,0.0,0.010259580501291433,none,none
suwalki_2010,45,2412,0,0,0.0,0.0,0.010415766140279241,none,none
suwalki_2010,45,2413,0,0,0.0,0.0,0.010259687433551276,none,none
suwalki_2010,45,2414,0,0,0.0,0.0,0.010337563362226614,none,none
suwalki_2010,45,2415,0,0,0.0,0.0,0.010363630282373052,none,none
suwalki_2010,45,2416,0,0,0.0,0.0,0.010346305731599507,none,none
suwalki_2010,45,2417,0,0,0.0,0.0,0.009869703028385393,none,none
suwalki_2010,45,2418,0,0,0.0,0.0,0.009913128150593711,none,none
suwalki_2010,45,2419,0,0,0.0,0.0,0.01017329040762075,none,none
suwalki_2010,45,2420,0,0,0.004108199492814877,0.0,0.01017329040762075,none,none
suwalki_2010,45,2421,0,0,0.008216398985629755,0.0,0.010251159676376152,none,none
suwalki_2010,45,2422,0,0,0.004108199492814877,0.0,0.010225095657919972,none,none
suwalki_2010,45,2423,0,0,0.01,0.0,0.009391182979757134,none,none
suwalki_2010,45,2424,0,0,0.01,0.0,0.009296020039821112,none,none
suwalki_2010,45,2425,0,0,0.01,0.0,0.010790958469265664,none,none
suwalki_2010,45,2426,0,0,0.005,0.0,0.011996166728717145,none,none
suwalki_2010,45,2427,0,0,0.005,0.0,0.012187171484078356,none,none
suwalki_2010,45,2428,0,0,0.005,0.0,0.012108992297215414,none,none
suwalki_2010,45,2429,0,0,0.005,0.0,0.011553368288689279,none,none
suwalki_2010,45,2430,0,0,0.015,0.0,0.011050217899277721,none,none
suwalki_2010,45,2431,0,0,0.023216398985629754,0.0,0.012180716598746007,none,none
suwalki_2010,45,2432,0,0,0.01910819949281488,0.0,0.012198126173141366,none,none
suwalki_2010,45,2433,0,0,0.01910819949281488,0.0,0.012415181738026894,none,none
suwalki_2010,45,2434,0,0,0.01910819949281488,0.0,0.012693299448696871,none,none
suwalki_2010,45,2435,0,0,0.014108199492814878,0.0,0.012849914942662698,none,none
suwalki_2010,45,2436,0,0,0.01910819949281488,0.0,0.012849914942662698,none,none
suwalki_2010,45,2437,0,0,0.01910819949281488,0.0,0.010485707260796251,none,none
suwalki_2010,45,2438,0,0,0.03321639898562975,0.0,0.011288716128072416,none,none
suwalki_2010,45,2439,0,0,0.03821639898562976,0.0,0.012821815854009964,none,none
suwalki_2010,45,2440,0,0,0.043216398985629755,0.0,0.013021581125466523,none,none
suwalki_2010,45,2441,0,0,0.043216398985629755,0.0,0.014046830072783893,none,none
suwalki_2010,45,2442,0,0,0.042324598478444636,0.0,0.014085797908573202,none,none
suwalki_2010,45,2443,0,0,0.03821639898562976,0.0,0.014658353182524944,none,none
suwalki_2010,45,2444,0,0,0.043216398985629755,0.0,0.014725695272384931,none,none
suwalki_2010,45,2445,0,0,0.08286559594251904,0.0,0.011644584043968984,none,none
suwalki_2010,45,2446,0,0,0.12094323880652631,0.0,0.010823186860910126,none,none
suwalki_2010,45,2447,0,0,0.1359432388065263,0.0,0.011253859402552465,none,none
suwalki_2010,45,2448,0,0,0.1509432388065263,0.0,0.01116694924213766,none,none
suwalki_2010,45,2449,0,0,0.07910819949281488,0.0,0.011211072344457106,none,none
suwalki_2010,45,2450,0,0,0.06910819949281488,0.0,0.01141921804483289,none,none
suwalki_2010,45,2451,0,0,0.04910819949281487,0.0,0.01371999278485607,none,none
suwalki_2010,45,2452,0,0,0.054108199492814875,0.0,0.013606826699100084,none,none
suwalki_2010,45,2453,0,0,0.06732459847844463,0.0,0.013005549994659044,none,none
suwalki_2010,45,2454,0,0,0.053216398985629756,0.0,0.013310752423031898,none,none
suwalki_2010,45,2455,0,0,0.043216398985629755,0.0,0.012398046937146596,none,none
suwalki_2010,45,2456,0,0,0.03321639898562975,0.0,0.012128607409788033,none,none
suwalki_2010,45,2457,0,0,0.015,0.0,0.010785819442369294,none,none
suwalki_2010,45,2458,0,0,0.005,0.0,0.010441029730446453,none,none
suwalki_2010,45,2459,0,0,0.005,0.0,0.01090904775198677,none,none
suwalki_2010,45,2460,0,0,0.0,0.0,0.01002529064504973,none,none
suwalki_2010,45,2461,0,0,0.0,0.0,0.010915278368627573,none,none
suwalki_2010,45,2462,0,0,0.0,0.0,0.011028250964897388,none,none
suwalki_2010,45,2463,0,0,0.0,0.0,0.010776507625236914,none,none
suwalki_2010,45,2464,0,0,0.0,0.0,0.011053907639514452,none,none
suwalki_2010,45,2465,0,0,0.0,0.0,0.01054199413766674,none,none
suwalki_2010,45,2466,0,0,0.0,0.0,0.01153987545244186,none,none
suwalki_2010,45,2467,0,0,0.0,0.0,0.012505090448769622,none,none
suwalki_2010,45,2468,0,0,0.0,0.0,0.01261818712001126,none,none
suwalki_2010,45,2469,0,0,0.0,0.0,0.012849680372206877,none,none
suwalki_2010,45,2470,0,0,0.0,0.0,0.013495903170003742,none,none
suwalki_2010,45,2471,0,0,0.0,0.0,0.01230717216641767,none,none
suwalki_2010,45,2472,0,0,0.0,0.0,0.0115864586241179,none,none
suwalki_2010,45,2473,0,0,0.0,0.0,0.009989105109047826,none,none
suwalki_2010,45,2474,0,0,0.0,0.0,0.00989297720373245,none,none
suwalki_2010,45,2475,0,0,0.0,0.0,0.011028789960258792,none,none
suwalki_2010,45,2476,0,0,0.0,0.0,0.011775744988461834,none,none
suwalki_2010,45,2477,0,0,0.0,0.0,0.012330312477161206,none,none
suwalki_2010,45,2478,0,0,0.0,0.0,0.012078405614797168,none,none
suwalki_2010,45,2479,0,0,0.0,0.0,0.012182696290245782,none,none
suwalki_2010,45,2480,0,0,0.0,0.0,0.012347617471344555,none,none
suwalki_2010,45,2481,0,0,0.0,0.0,0.012017801976396472,none,none
suwalki_2010,45,2482,0,0,0.0,0.0,0.011783107585665451,none,none
suwalki_2010,45,2483,0,0,0.0,0.0,0.011870017153752034,none,none
suwalki_2010,45,2484,0,0,0.0,0.0,0.012060569607948098,none,none
suwalki_2010,45,2485,0,0,0.0,0.0,0.011973643673301372,none,none
suwalki_2010,45,2486,0,0,0.0,0.0,0.01230387337155627,none,none
suwalki_2010,45,2487,0,0,0.0,0.0,0.012747000338471938,none,none
suwalki_2010,45,2488,0,0,0.0,0.0,0.012668777911617569,none,none
suwalki_2010,45,2489,0,0,0.0,0.0,0.012538313452583546,none,none
suwalki_2010,45,2490,0,0,0.0,0.0,0.012373200471299656,none,none
suwalki_2010,45,2491,0,0,0.0,0.0,0.012251640090298607,none,none
suwalki_2010,45,2492,0,0,0.0,0.0,0.012251640090298607,none,none
suwalki_2010,45,2493,0,0,0.0,0.0,0.012234390307384258,none,none
suwalki_2010,45,2494,0,0,0.0,0.0,0.01172209328150883,none,none
suwalki_2010,45,2495,0,0,0.0,0.0,0.012478539611346972,none,none
suwalki_2010,45,2496,0,0,0.0,0.0,0.012478539611346972,none,none
suwalki_2010,45,2497,0,0,0.0,0.0,0.012135995389154317,none,none
suwalki_2010,45,2498,0,0,0.0,0.0,0.012888509611960869,none,none
suwalki_2010,45,2499,0,0,0.0,0.0,0.011846323278896093,none,none
suwalki_2010,45,2500,0,0,0.0,0.0,0.010675947692715588,none,none
suwalki_2010,45,2501,0,0,0.005,0.0,0.010489697100606352,none,none
suwalki_2010,45,2502,0,0,0.005,0.0,0.010883756813336235,none,none
suwalki_2010,45,2503,0,0,0.005,0.0,0.011625319066314251,none,none
suwalki_2010,45,2504,0,0,0.01,0.0,0.011651312131257288,none,none
suwalki_2010,45,2505,0,0,0.02,0.0,0.008807772451700653,none,none
suwalki_2010,45,2506,0,0,0.02,0.0,0.009980682615555259,none,none
suwalki_2010,45,2507,0,0,0.025,0.0,0.011819144974508755,none,none
suwalki_2010,45,2508,0,0,0.02,0.0,0.011862814577033406,none,none
suwalki_2010,45,2509,0,0,0.023216398985629754,0.0,0.0101365578389487,none,none
suwalki_2010,45,2510,0,0,0.023216398985629754,0.0,0.01158364007423053,none,none
suwalki_2010,45,2511,0,0,0.023216398985629754,0.0,0.012000288387028345,none,none
suwalki_2010,45,2512,0,0,0.023216398985629754,0.0,0.011774834700627096,none,none
suwalki_2010,45,2513,0,0,0.023216398985629754,0.0,0.011618010678533278,none,none
suwalki_2010,45,2514,0,0,0.023216398985629754,0.0,0.012113007286604376,none,none
suwalki_2010,45,2515,0,0,0.03321639898562975,0.0,0.012774255005413923,none,none
suwalki_2010,45,2516,0,0,0.03321639898562975,0.0,0.01283506475049796,none,none
suwalki_2010,45,2517,0,0,0.04143279797125951,0.0,0.01195655929552167,none,none
suwalki_2010,45,2518,0,0,0.04143279797125951,0.0,0.010768938380555159,none,none
suwalki_2010,45,2519,0,0,0.04143279797125951,0.0,0.01024569017026021,none,none
suwalki_2010,45,2520,0,0,0.04143279797125951,0.0,0.010020253199406932,none,none
suwalki_2010,45,2521,0,0,0.03821639898562976,0.0,0.009664879197869774,none,none
suwalki_2010,45,2522,0,0,0.03821639898562976,0.0,0.009174508697993244,none,none
suwalki_2010,45,2523,0,0,0.03821639898562976,0.0,0.010145245008959513,none,none
suwalki_2010,45,2524,0,0,0.03821639898562976,0.0,0.010145245008959513,none,none
suwalki_2010,45,2525,0,0,0.03821639898562976,0.0,0.01011438319855171,none,none
suwalki_2010,45,2526,0,0,0.03821639898562976,0.0,0.011412631130012944,none,none
suwalki_2010,45,2527,0,0,0.03821639898562976,0.0,0.011625854450518853,none,none
suwalki_2010,45,2528,0,0,0.03321639898562975,0.0,0.01152999903083483,none,none
suwalki_2010,45,2529,0,0,0.03321639898562975,0.0,0.011365211047657975,none,none
suwalki_2010,45,2530,0,0,0.03321639898562975,0.0,0.011304543072752889,none,none
suwalki_2010,45,2531,0,0,0.028216398985629755,0.0,0.011406293608806722,none,none
suwalki_2010,45,2532,0,0,0.028216398985629755,0.0,0.011336925676345125,none,none
suwalki_2010,45,2533,0,0,0.028216398985629755,0.0,0.009679242461674151,none,none
suwalki_2010,45,2534,0,0,0.03821639898562976,0.0,0.009757394283961952,none,none
suwalki_2010,45,2535,0,0,0.03821639898562976,0.0,0.009939451366111941,none,none
suwalki_2010,45,2536,0,0,0.043216398985629755,0.0,0.009939451366111941,none,none
suwalki_2010,45,2537,0,0,0.07464919695688926,0.0,0.009957036191038344,none,none
suwalki_2010,45,2538,0,0,0.1005409974640744,0.0,0.010173343869182516,none,none
suwalki_2010,45,2539,0,0,0.09554099746407439,0.0,0.010624389961392271,none,none
suwalki_2010,45,2540,0,0,0.0905409974640744,0.0,0.010321094768178342,none,none
suwalki_2010,45,2541,0,0,0.07361864032808169,0.0,0.01130072124674521,none,none
suwalki_2010,45,2542,0,0,0.0686186403280817,0.0,0.011308936733480502,none,none
suwalki_2010,45,2543,0,0,0.08861864032808171,0.0,0.010883932957677884,none,none
suwalki_2010,45,2544,0,0,0.09410819949281489,0.0,0.010935453640804694,none,none
suwalki_2010,45,2545,0,0,0.09321639898562975,0.0,0.010900517726278678,none,none
suwalki_2010,45,2546,0,0,0.08321639898562974,0.0,0.01142936687289766,none,none
suwalki_2010,45,2547,0,0,0.06910819949281488,0.0,0.012637324538009111,none,none
suwalki_2010,45,2548,0,0,0.058216398985629754,0.0,0.012802480596600918,none,none
suwalki_2010,45,2549,0,0,0.053216398985629756,0.0,0.010943719662554124,none,none
suwalki_2010,45,2550,0,0,0.054108199492814875,0.0,0.010355048176619423,none,none
suwalki_2010,45,2551,0,0,0.054108199492814875,0.0,0.01032930229673841,none,none
suwalki_2010,45,2552,0,0,0.054108199492814875,0.0,0.01018181750748387,none,none
suwalki_2010,45,2553,0,0,0.04410819949281487,0.0,0.010103793209901962,none,none
suwalki_2010,45,2554,1,0,0.04,0.00625,0.010199085774827671,snow,none
suwalki_2010,45,2555,1,0,0.03,0.0125,0.010199085774827671,snow,none
suwalki_2010,45,2556,1,0,0.025,0.01875,0.010051780359559977,snow,none
suwalki_2010,45,2557,1,0,0.3936186403280817,0.025,0.02567229707042637,snow,none
suwalki_2010,45,2558,1,0,0.3286186403280817,0.01875,0.03399403098644181,snow,none
suwalki_2010,45,2559,1,0,0.3227268398208966,0.0125,0.04152740348539447,snow,none
suwalki_2010,45,2560,1,0,0.31312908116334853,0.0062499999999999,0.048613117525516975,snow,none
suwalki_2010,45,2561,0,0,0.22723728065616342,0.0,0.03101558846097305,none,none
suwalki_2010,45,2562,0,0,0.1727268398208966,0.0,0.026673940891795096,none,none
suwalki_2010,45,2563,0,0,0.16861864032808171,0.0,0.026637231802057786,none,none
suwalki_2010,45,2564,0,0,0.09848637015781922,0.0,0.02233271547609904,none,none
suwalki_2010,45,2565,0,0,0.125,0.0,0.02148572682353356,none,none
suwalki_2010,45,2566,1,0,0.175,0.00625,0.02053350032482626,snow,none
suwalki_2010,45,2567,1,0,0.2191081994928149,0.0125,0.021959039137730715,snow,none
suwalki_2010,45,2568,1,0,0.2542973387940831,0.01875,0.022653917597168175,snow,none
suwalki_2010,45,2569,1,1,0.8454536796417932,0.025,0.032787087502136686,snow,snow
suwalki_2010,45,2570,1,1,0.8600514382993413,0.03125,0.042486481943280814,snow,snow
suwalki_2010,45,2571,1,1,0.878670078627423,0.0375,0.044419912767065146,snow,snow
suwalki_2010,45,2572,1,1,0.8854536796417932,0.04375,0.048853283369756195,snow,snow
suwalki_2010,45,2573,1,1,0.9195618791346081,0.05,0.05512590553349131,snow,snow
suwalki_2010,45,2574,1,1,0.9304536796417932,0.05625,0.05835745749782667,snow,snow
suwalki_2010,45,2575,1,1,0.9395618791346081,0.0625,0.06262803682799353,snow,snow
suwalki_2010,45,2576,1,1,0.9513454801489784,0.06875,0.06568602810008133,snow,snow
suwalki_2010,45,2577,1,1,0.9554536796417932,0.075,0.07374790836392058,snow,snow
suwalki_2010,45,2578,1,1,0.9609432388065264,0.075,0.07525609164898096,snow,snow
suwalki_2010,45,2579,1,1,0.9809432388065263,0.075,0.07309218476143381,snow,snow
suwalki_2010,45,2580,1,1,0.9818350393137115,0.075,0.06749905813440181,snow,snow
suwalki_2010,45,2581,1,1,0.9777268398208966,0.075,0.06851995843816124,snow,snow
suwalki_2010,45,2582,1,1,0.9777268398208966,0.08125,0.06852806809697057,snow,snow
suwalki_2010,45,2583,1,1,0.9877268398208966,0.0875,0.06892725303088781,snow,snow
suwalki_2010,45,2584,1,1,0.9877268398208966,0.09375,0.0685577122146759,snow,snow
suwalki_2010,45,2585,1,1,0.9404536796417932,0.1,0.0927422522696156,snow,snow
suwalki_2010,45,2586,1,1,0.9354536796417932,0.10625,0.10591105611988635,snow,snow
suwalki_2010,45,2587,1,1,0.9368350393137115,0.1125,0.10876837966013095,snow,snow
suwalki_2010,45,2588,1,1,0.9377268398208966,0.11875,0.10953604805152786,snow,snow
suwalki_2010,45,2589,1,1,0.9609432388065264,0.125,0.11197886968386339,snow,snow
suwalki_2010,45,2590,1,1,0.9609432388065264,0.125,0.1119571811032681,snow,snow
suwalki_2010,45,2591,1,1,0.9768350393137115,0.125,0.1148804828272069,snow,snow
suwalki_2010,45,2592,1,1,0.9759432388065263,0.125,0.11622848691751927,snow,snow
suwalki_2010,45,2593,1,1,0.9945104408352669,0.125,0.11465609105697618,snow,snow
suwalki_2010,45,2594,1,1,0.9945104408352669,0.125,0.11648350445657683,snow,snow
suwalki_2010,45,2595,1,1,0.9936186403280817,0.125,0.11340809210605879,snow,snow
suwalki_2010,45,2596,1,1,0.9886186403280817,0.125,0.11419723510277839,snow,snow
suwalki_2010,45,2597,1,1,0.9931290811633485,0.125,0.1121015859808346,snow,snow
suwalki_2010,45,2598,1,1,0.9931290811633485,0.11875,0.1129547550147155,snow,snow
suwalki_2010,45,2599,1,1,0.9931290811633485,0.1125,0.11251710942612353,snow,snow
suwalki_2010,45,2600,1,1,0.9931290811633485,0.10625,0.11222249070363093,snow,snow
suwalki_2010,45,2601,1,1,0.9926395219986154,0.1,0.10779742341510716,snow,snow
suwalki_2010,45,2602,1,1,0.9931290811633485,0.09375,0.09642047964931143,snow,snow
suwalki_2010,45,2603,1,1,0.9936186403280817,0.0875,0.09315206718433301,snow,snow
suwalki_2010,45,2604,1,1,0.9936186403280817,0.08125,0.08570554449244898,snow,snow
suwalki_2010,45,2605,1,1,0.9936186403280817,0.075,0.0806719182960142,snow,snow
suwalki_2010,45,2606,1,1,0.9936186403280817,0.06875,0.07532387625339362,snow,snow
suwalki_2010,45,2607,1,1,0.9936186403280817,0.0625,0.06863992917919422,snow,snow
suwalki_2010,45,2608,1,1,0.9936186403280817,0.05625,0.06413030453788475,snow,snow
suwalki_2010,45,2609,1,1,0.9936186403280817,0.05,0.04515993383655706,snow,snow
suwalki_2010,45,2610,1,1,0.9936186403280817,0.05625,0.03877392052813681,snow,snow
suwalki_2010,45,2611,1,1,0.9927268398208966,0.0625,0.03578479948168434,snow,snow
suwalki_2010,45,2612,1,1,0.9918350393137115,0.06875,0.035877318076417745,snow,snow
suwalki_2010,45,2613,1,1,0.9936186403280817,0.075,0.05559703919441049,snow,snow
suwalki_2010,45,2614,1,1,0.9945104408352669,0.08125,0.06807007183047147,snow,snow
suwalki_2010,45,2615,1,1,0.9931290811633485,0.0875,0.06540402438355576,snow,snow
suwalki_2010,45,2616,1,1,0.9936186403280817,0.09375,0.06310434308642685,snow,snow
suwalki_2010,45,2617,1,1,0.9181290811633486,0.1,0.09176160646481343,snow,snow
suwalki_2010,45,2618,1,1,0.9095104408352668,0.1,0.12107444584242437,snow,snow
suwalki_2010,45,2619,1,1,0.9095104408352668,0.1,0.1300826623706894,snow,snow
suwalki_2010,45,2620,1,1,0.9095104408352668,0.1,0.1331841972637046,snow,snow
suwalki_2010,45,2621,1,1,0.8595104408352668,0.1,0.11929624867930905,snow,snow
suwalki_2010,45,2622,1,1,0.8545104408352668,0.09375,0.10877313222413115,snow,snow
suwalki_2010,45,2623,1,1,0.8495104408352668,0.0875,0.10595682515685367,snow,snow
suwalki_2010,45,2624,1,1,0.8445104408352668,0.08125,0.10285372784463286,snow,snow
suwalki_2010,45,2625,1,0,0.6540208816705336,0.075,0.09046965818099152,snow,none
suwalki_2010,45,2626,1,0,0.6545104408352668,0.0625,0.08311015647447698,snow,none
suwalki_2010,45,2627,1,0,0.6545104408352668,0.05,0.07563549595094886,snow,none
suwalki_2010,45,2628,1,0,0.6495104408352668,0.0375,0.0682600948150256,snow,none
suwalki_2010,45,2629,1,0,0.4445104408352668,0.025,0.03719686695602997,snow,none
suwalki_2010,45,2630,1,0,0.43361864032808173,0.01875,0.03153761005893854,snow,none
suwalki_2010,45,2631,1,0,0.3854232309505177,0.0125,0.025105312032383215,snow,none
suwalki_2010,45,2632,1,0,0.33593921055498105,0.0062499999999999,0.021412268963652434,snow,none
suwalki_2010,45,2633,0,0,0.5354801000815236,0.0,0.02046641185898887,none,none
suwalki_2010,45,2634,1,0,0.47880777962934995,0.0125,0.02072266610475266,snow,none
suwalki_2010,45,2635,1,0,0.4438077796293499,0.025,0.02018663706173071,snow,none
suwalki_2010,45,2636,1,0,0.14340553828689795,0.0375,0.02101815713708439,snow,none
suwalki_2010,45,2637,1,1,0.7963454801489783,0.05,0.03780563635945656,snow,snow
suwalki_2010,45,2638,1,1,0.8854536796417932,0.05,0.05242991127066404,snow,snow
suwalki_2010,45,2639,1,1,0.8877782781202379,0.05,0.07901815623383297,snow,snow
suwalki_2010,45,2640,1,1,0.9045618791346081,0.05,0.08612683166780155,snow,snow
suwalki_2010,45,2641,1,1,0.96496412047706,0.05,0.07859599063757461,snow,snow
suwalki_2010,45,2642,1,1,0.9608559209842451,0.0625,0.06951216699249992,snow,snow
suwalki_2010,45,2643,1,1,0.9867477214914302,0.075,0.06582526179427693,snow,snow
suwalki_2010,45,2644,1,1,0.9881290811633485,0.0875,0.062397614102129434,snow,snow
suwalki_2010,45,2645,1,1,0.9922372806561635,0.1,0.08928080754614663,snow,snow
suwalki_2010,45,2646,1,1,0.9940208816705336,0.0875,0.10350696660470043,snow,snow
suwalki_2010,45,2647,1,1,0.9940208816705336,0.075,0.11543853103828766,snow,snow
suwalki_2010,45,2648,1,1,0.9940208816705336,0.0625,0.12064991975554867,snow,snow
suwalki_2010,45,2649,1,1,0.9185827608051418,0.05,0.09513704383946615,snow,snow
suwalki_2010,45,2650,1,1,0.9021499628338822,0.05,0.06703781044196386,snow,snow
suwalki_2010,45,2651,1,1,0.8921499628338821,0.05,0.0444715753900437,snow,snow
suwalki_2010,45,2652,1,1,0.861258162326697,0.05,0.03481267606907073,snow,snow
suwalki_2010,45,2653,1,1,0.9713454801489783,0.05,0.04205734892891767,snow,snow
suwalki_2010,45,2654,1,1,0.9602340916492494,0.05625,0.04918881590895345,snow,snow
suwalki_2010,45,2655,1,1,0.9602340916492494,0.0625,0.050630603330083256,snow,snow
suwalki_2010,45,2656,1,1,0.9548318503067975,0.06875,0.05322829539283145,snow,snow
suwalki_2010,45,2657,1,1,0.9622372806561634,0.075,0.07120013164711278,snow,snow
suwalki_2010,45,2658,1,1,0.9618350393137115,0.06875,0.0839761601467993,snow,snow
suwalki_2010,45,2659,1,1,0.9650514382993413,0.0625,0.08394772602696499,snow,snow
suwalki_2010,45,2660,1,1,0.9559432388065264,0.05625,0.08065908586430658,snow,snow
suwalki_2010,45,2661,1,1,0.9445618791346081,0.05,0.054457389065718044,snow,snow
suwalki_2010,45,2662,1,1,0.9500514382993412,0.05,0.041999075961056266,snow,snow
suwalki_2010,45,2663,1,1,0.9259432388065264,0.05,0.0391999284189754,snow,snow
suwalki_2010,45,2664,1,1,0.9309432388065264,0.05,0.0381930339558444,snow,snow
suwalki_2010,45,2665,1,1,0.9463454801489783,0.05,0.04887979245998744,snow,snow
suwalki_2010,45,2666,1,1,0.9457236508139826,0.04375,0.05401420789543509,snow,snow
suwalki_2010,45,2667,1,1,0.9622372806561634,0.0375,0.054194332413562515,snow,snow
suwalki_2010,45,2668,1,1,0.9654536796417932,0.03125,0.05468019207139375,snow,snow
suwalki_2010,45,2669,1,1,0.9157750891133238,0.025,0.03391721704088225,snow,snow
suwalki_2010,45,2670,1,1,0.9054536796417932,0.025,0.028335871594185665,snow,snow
suwalki_2010,45,2671,1,1,0.8722887189555046,0.025,0.025864959380626617,snow,snow
suwalki_2010,45,2672,1,1,0.8663969184483196,0.025,0.02422470148841635,snow,snow
suwalki_2010,45,2673,1,1,0.9350155587764013,0.025,0.024245279302875178,snow,snow
suwalki_2010,45,2674,1,1,0.9522887189555047,0.01875,0.026701680739602652,snow,snow
suwalki_2010,45,2675,1,1,0.9526909602979566,0.0125,0.030473069582670223,snow,snow
suwalki_2010,45,2676,1,1,0.9513969184483195,0.0062499999999999,0.030983495686644817,snow,snow
suwalki_2010,45,2677,0,0,0.5284210970632992,0.0,0.027191225613556302,none,none
suwalki_2010,45,2678,0,0,0.41037284777087196,0.0,0.027166552374420762,none,none
suwalki_2010,45,2679,0,0,0.41215644878524216,0.0,0.02636592513055729,none,none
suwalki_2010,45,2680,0,0,0.30248328908843736,0.0,0.02510580879809611,none,none
suwalki_2010,45,2681,0,0,0.38075112637340847,0.0,0.025033210258323786,none,none
suwalki_2010,45,2682,1,0,0.5066429268805935,0.00625,0.02410390863807203,snow,none
suwalki_2010,45,2683,1,0,0.47988328860613877,0.0125,0.024539857589772153,snow,none
suwalki_2010,45,2684,1,0,0.4630242865525118,0.01875,0.02547823761906981,snow,none
suwalki_2010,45,2685,1,1,0.9572372806561634,0.025,0.03371041997964575,snow,snow
suwalki_2010,45,2686,1,1,0.9613454801489784,0.025,0.04752055561082216,snow,snow
suwalki_2010,45,2687,1,1,0.9663454801489784,0.025,0.05007688186428427,snow,snow
suwalki_2010,45,2688,1,1,0.9713454801489783,0.025,0.05456828792061028,snow,snow
suwalki_2010,45,2689,1,1,0.9804536796417932,0.025,0.043512109976161124,snow,snow
suwalki_2010,45,2690,1,1,0.97496412047706,0.01875,0.03584524630307094,snow,snow
suwalki_2010,45,2691,1,1,0.97496412047706,0.0125,0.0320058788011516,snow,snow
suwalki_2010,45,2692,1,1,0.975366361819512,0.0062499999999999,0.028631211763191503,snow,snow
suwalki_2010,45,2693,0,0,0.5329250519472061,0.0,0.02542037526972769,none,none
suwalki_2010,45,2694,0,0,0.3548318503067975,0.0,0.02527497312107447,none,none
suwalki_2010,45,2695,0,0,0.3389400497996124,0.0,0.025984021236443687,none,none
suwalki_2010,45,2696,0,0,0.1989969189306181,0.0,0.025115471532495475,none,none
suwalki_2010,45,2697,0,0,0.2427543153803223,0.0,0.025254205595639897,none,none
suwalki_2010,45,2698,0,0,0.3177543153803224,0.0,0.024256171653931163,none,none
suwalki_2010,45,2699,0,0,0.3003728477708719,0.0,0.02515780384242898,none,none
suwalki_2010,45,2700,0,0,0.3121324860453267,0.0,0.026578174552466836,none,none
suwalki_2010,45,2701,0,0,0.09518913930126821,0.0,0.021263483699562574,none,none
suwalki_2010,45,2702,0,0,0.043486370157819226,0.0,0.02095762273550013,none,none
suwalki_2010,45,2703,0,0,0.018486370157819225,0.0,0.018153213444312373,none,none
suwalki_2010,45,2704,0,0,0.02197274031563845,0.0,0.0176533664283205,none,none
suwalki_2010,45,2705,0,0,0.035189139301268206,0.0,0.017868648145366917,none,none
suwalki_2010,45,2706,0,0,0.0275945696506341,0.0,0.016820128641361017,none,none
suwalki_2010,45,2707,0,0,0.0275945696506341,0.0,0.01644900347574205,none,none
suwalki_2010,45,2708,0,0,0.023216398985629754,0.0,0.01640646314227497,none,none
suwalki_2010,45,2709,0,0,0.013216398985629754,0.0,0.013644989306875351,none,none
suwalki_2010,45,2710,0,0,0.013216398985629754,0.0,0.014071207575558776,none,none
suwalki_2010,45,2711,0,0,0.018216398985629753,0.0,0.014287608767387374,none,none
suwalki_2010,45,2712,0,0,0.040189139301268204,0.0,0.014356280805578022,none,none
suwalki_2010,45,2713,0,0,0.14081096863626386,0.0,0.015874344560039583,none,none
suwalki_2010,45,2714,0,0,0.1375945696506341,0.0,0.01625039090146945,none,none
suwalki_2010,45,2715,0,0,0.135,0.0,0.01632798995719125,none,none
suwalki_2010,45,2716,0,0,0.125,0.0,0.016362575549511878,none,none
suwalki_2010,45,2717,0,0,0.14321639898562974,0.0,0.014556097816694336,none,none
suwalki_2010,45,2718,0,0,0.15321639898562975,0.0,0.015339407565717326,none,none
suwalki_2010,45,2719,0,0,0.18670276914344897,0.0,0.015261146099300389,none,none
suwalki_2010,45,2720,0,0,0.1775945696506341,0.0,0.015252468663305865,none,none
suwalki_2010,45,2721,0,0,0.12821639898562975,0.0,0.015517121769838967,none,none
suwalki_2010,45,2722,0,0,0.135,0.0,0.016682947170711688,none,none
suwalki_2010,45,2723,0,0,0.125,0.0,0.015672957996885725,none,none
suwalki_2010,45,2724,0,0,0.12410819949281487,0.0,0.015543432573572916,none,none
suwalki_2010,45,2725,0,0,0.15991916812907875,0.0,0.015127551267517093,none,none
suwalki_2010,45,2726,0,0,0.09991916812907874,0.0,0.013546428326027959,none,none
suwalki_2010,45,2727,0,0,0.09991916812907874,0.0,0.013509573101152854,none,none
suwalki_2010,45,2728,0,0,0.10143279797125952,0.0,0.013848969373752063,none,none
suwalki_2010,45,2729,0,0,0.09643279797125953,0.0,0.014393897508602824,none,none
suwalki_2010,45,2730,0,0,0.10643279797125953,0.0,0.014888855781485993,none,none
suwalki_2010,45,2731,0,0,0.12143279797125951,0.0,0.015341846161706347,none,none
suwalki_2010,45,2732,0,0,0.12143279797125951,0.0,0.015168713207064978,none,none
suwalki_2010,45,2733,0,0,0.1355409974640744,0.0,0.015298190837557691,none,none
suwalki_2010,45,2734,0,0,0.1373245984784446,0.0,0.015367669265097302,none,none
suwalki_2010,45,2735,0,0,0.2158109686362639,0.0,0.01570736523591805,none,none
suwalki_2010,45,2736,0,0,0.2208109686362639,0.0,0.01608207353537984,none,none
suwalki_2010,45,2737,0,0,0.20581096863626389,0.0,0.016055859082009544,none,none
suwalki_2010,45,2738,0,0,0.201702769143449,0.0,0.01608207353537984,none,none
suwalki_2010,45,2739,0,0,0.191702769143449,0.0,0.01583992969164159,none,none
suwalki_2010,45,2740,0,0,0.17170276914344895,0.0,0.015744897021948877,none,none
suwalki_2010,45,2741,0,0,0.16670276914344895,0.0,0.015704188334891782,none,none
suwalki_2010,45,2742,0,0,0.15670276914344897,0.0,0.013929229435818863,none,none
suwalki_2010,45,2743,0,0,0.1501891393012682,0.0,0.01374016907837927,none,none
suwalki_2010,45,2744,0,0,0.13018913930126821,0.0,0.012794558970876991,none,none
suwalki_2010,45,2745,0,0,0.12108093980845334,0.0,0.012588084430153884,none,none
suwalki_2010,45,2746,0,0,0.08348637015781922,0.0,0.01188215592639463,none,none
suwalki_2010,45,2747,0,0,0.08348637015781922,0.0,0.01142534023546927,none,none
suwalki_2010,45,2748,0,0,0.065,0.0,0.011312483833864172,none,none
suwalki_2010,45,2749,0,0,0.055,0.0,0.011030070197991291,none,none
suwalki_2010,45,2750,0,0,0.04,0.0,0.011073277670832929,none,none
suwalki_2010,45,2751,0,0,0.035,0.0,0.010909099096841363,none,none
suwalki_2010,45,2752,0,0,0.015,0.0,0.011758235588038487,none,none
suwalki_2010,45,2753,0,0,0.005,0.0,0.011784178521371405,none,none
suwalki_2010,45,2754,0,0,0.005,0.0,0.011758235588038485,none,none
suwalki_2010,45,2755,0,0,0.005,0.0,0.011819252071842761,none,none
suwalki_2010,45,2756,0,0,0.005,0.0,0.011784553349136292,none,none
suwalki_2010,45,2757,0,0,0.005,0.0,0.011671549784265565,none,none
suwalki_2010,45,2758,0,0,0.0,0.0,0.01188854598255066,none,none
suwalki_2010,45,2759,0,0,0.0,0.0,0.011853844883520365,none,none
suwalki_2010,45,2760,0,0,0.0,0.0,0.01155871944509896,none,none
suwalki_2010,45,2761,0,0,0.0,0.0,0.011359189121910557,none,none
suwalki_2010,45,2762,0,0,0.004108199492814877,0.0,0.01089064170235131,none,none
suwalki_2010,45,2763,0,0,0.004108199492814877,0.0,0.010015586741314478,none,none
suwalki_2010,45,2764,0,0,0.004108199492814877,0.0,0.009252888516777101,none,none
suwalki_2010,45,2765,0,0,0.0,0.0,0.009546967222809068,none,none
suwalki_2010,45,2766,0,0,0.004108199492814877,0.0,0.01064612649199138,none,none
suwalki_2010,45,2767,0,0,0.004108199492814877,0.0,0.010846265095759778,none,none
suwalki_2010,45,2768,0,0,0.004108199492814877,0.0,0.01071603543526383,none,none
suwalki_2010,45,2769,0,0,0.004108199492814877,0.0,0.009952915177118654,none,none
suwalki_2010,45,2770,0,0,0.004108199492814877,0.0,0.01007419950633061,none,none
suwalki_2010,45,2771,0,0,0.008216398985629755,0.0,0.011843697169635521,none,none
suwalki_2010,45,2772,0,0,0.008216398985629755,0.0,0.012025969728857059,none,none
suwalki_2010,45,2773,0,0,0.008216398985629755,0.0,0.00998271913311197,none,none
suwalki_2010,45,2774,0,0,0.008216398985629755,0.0,0.009939397916928504,none,none
suwalki_2010,45,2775,0,0,0.012324598478444632,0.0,0.010147335318523923,none,none
suwalki_2010,45,2776,0,0,0.012324598478444632,0.0,0.010199353089490649,none,none
suwalki_2010,45,2777,0,0,0.022324598478444632,0.0,0.010311978334581579,none,none
suwalki_2010,45,2778,0,0,0.025810968636263854,0.0,0.01064898610227082,none,none
suwalki_2010,45,2779,0,0,0.03581096863626385,0.0,0.010916767171322847,none,none
suwalki_2010,45,2780,0,0,0.05143279797125952,0.0,0.011700690067434035,none,none
suwalki_2010,45,2781,0,0,0.0681355671147085,0.0,0.011889632647166293,none,none
suwalki_2010,45,2782,1,0,0.08402736762189363,0.00625,0.012028609772601388,snow,none
suwalki_2010,45,2783,1,0,0.08464919695688927,0.0125,0.012504745282459201,snow,none
suwalki_2010,45,2784,1,0,0.08143279797125952,0.01875,0.012582955038803117,snow,none
suwalki_2010,45,2785,1,1,0.9204536796417933,0.025,0.026145438952475442,snow,snow
suwalki_2010,45,2786,1,1,0.9153214094715306,0.03125,0.036171368963252765,snow,snow
suwalki_2010,45,2787,1,1,0.9130482492924272,0.0375,0.047047389351124146,snow,snow
suwalki_2010,45,2788,1,1,0.9203214094715306,0.04375,0.0595003704863134,snow,snow
suwalki_2010,45,2789,1,1,0.9289400497996124,0.05,0.06518026878046064,snow,snow
suwalki_2010,45,2790,1,1,0.9489400497996123,0.04375,0.07119372935980046,snow,snow
suwalki_2010,45,2791,1,1,0.9654536796417932,0.0375,0.07293997498952796,snow,snow
suwalki_2010,45,2792,1,1,0.9768350393137115,0.03125,0.07538172760814588,snow,snow
suwalki_2010,45,2793,1,1,0.8300514382993412,0.025,0.04531429398386702,snow,snow
suwalki_2010,45,2794,1,1,0.7175586901276941,0.025,0.03159541852232583,snow,snow
suwalki_2010,45,2795,1,1,0.7130996875917686,0.025,0.025357189995256987,snow,snow
suwalki_2010,45,2796,1,1,0.7263160865773983,0.025,0.021206848897269363,snow,snow
suwalki_2010,45,2797,1,1,0.8685019289342205,0.025,0.02117337093522372,snow,snow
suwalki_2010,45,2798,1,1,0.9037215169267643,0.025,0.021041530858932834,snow,snow
suwalki_2010,45,2799,1,1,0.9304178001188532,0.025,0.02192895516195883,snow,snow
suwalki_2010,45,2800,1,1,0.923634199104483,0.025,0.0221110241681208,snow,snow
suwalki_2010,45,2801,1,1,0.8991237582692162,0.025,0.022187057416697516,snow,snow
suwalki_2010,45,2802,1,1,0.9150155587764013,0.025,0.023378904578568376,snow,snow
suwalki_2010,45,2803,1,1,0.8985827608051418,0.025,0.02683044627004583,snow,snow
suwalki_2010,45,2804,1,1,0.9076909602979566,0.025,0.02997602577858512,snow,snow
suwalki_2010,45,2805,1,1,0.9408559209842451,0.025,0.02894533005676036,snow,snow
suwalki_2010,45,2806,1,1,0.9513454801489784,0.03125,0.028189966164344958,snow,snow
suwalki_2010,45,2807,1,1,0.9518350393137115,0.0375,0.028465400621849143,snow,snow
suwalki_2010,45,2808,1,1,0.9691596377921562,0.04375,0.029076926489195784,snow,snow
suwalki_2010,45,2809,1,1,0.9122372806561634,0.05,0.049504957779675646,snow,snow
suwalki_2010,45,2810,1,1,0.9181290811633486,0.05,0.05808236825177629,snow,snow
suwalki_2010,45,2811,1,1,0.8931290811633485,0.05,0.06652003585864738,snow,snow
suwalki_2010,45,2812,1,1,0.9040208816705336,0.05,0.07459417899363557,snow,snow
suwalki_2010,45,2813,1,1,0.7990208816705336,0.05,0.06386526883696095,snow,snow
suwalki_2010,45,2814,1,1,0.7890208816705336,0.05625,0.05720807634911781,snow,snow
suwalki_2010,45,2815,1,1,0.7881290811633486,0.0625,0.0539972414030644,snow,snow
suwalki_2010,45,2816,1,1,0.7890208816705336,0.06875,0.05219181728683583,snow,snow
suwalki_2010,45,2817,1,1,0.8840208816705336,0.075,0.07193959016063686,snow,snow
suwalki_2010,45,2818,1,1,0.8840208816705336,0.075,0.07819317822503362,snow,snow
suwalki_2010,45,2819,1,1,0.8940208816705336,0.075,0.07561338098228626,snow,snow
suwalki_2010,45,2820,1,1,0.8940208816705336,0.075,0.06666172336738037,snow,snow
suwalki_2010,45,2821,1,1,0.9790208816705337,0.075,0.06846547497046344,snow,snow
suwalki_2010,45,2822,1,1,0.9890208816705336,0.06875,0.07004653142457123,snow,snow
suwalki_2010,45,2823,1,1,0.9922372806561635,0.0625,0.07165799148146744,snow,snow
suwalki_2010,45,2824,1,1,0.9922372806561635,0.05625,0.07178131481867399,snow,snow
suwalki_2010,45,2825,1,1,0.9917477214914302,0.05,0.04353384169704929,snow,snow
suwalki_2010,45,2826,1,1,0.9872372806561635,0.0375,0.03589099019769855,snow,snow
suwalki_2010,45,2827,1,1,0.9840208816705336,0.025,0.03415594598632059,snow,snow
suwalki_2010,45,2828,1,1,0.9781290811633485,0.0124999999999999,0.0334899827840971,snow,snow
suwalki_2010,45,2829,0,1,0.7994715881804771,0.0,0.027290482318883865,none,snow
suwalki_2010,45,2830,0,1,0.7219088698012379,0.0,0.024078894626986966,none,snow
suwalki_2010,45,2831,0,0,0.523992890679073,0.0,0.021659952679105608,none,none
suwalki_2010,45,2832,0,0,0.13627007910972155,0.0,0.022092481195805116,none,none
suwalki_2010,45,2833,0,0,0.19083195824432958,0.0,0.02200495888400173,none,none
suwalki_2010,45,2834,0,0,0.21734558808651042,0.0,0.02088806391911998,none,none
suwalki_2010,45,2835,0,0,0.2345618791346081,0.0,0.023036213710483738,none,none
suwalki_2010,45,2836,0,0,0.243267837284971,0.0,0.024827862430964263,none,none
suwalki_2010,45,2837,0,0,0.19956187913460804,0.0,0.021578851246838306,none,none
suwalki_2010,45,2838,0,0,0.12094323880652633,0.0,0.021442436327975052,none,none
suwalki_2010,45,2839,0,0,0.04772683982089657,0.0,0.018214866597384295,none,none
suwalki_2010,45,2840,0,0,0.038618640328081696,0.0,0.017657330849811657,none,none
suwalki_2010,45,2841,0,0,0.03410819949281488,0.0,0.017456495089001104,none,none
suwalki_2010,45,2842,0,0,0.0436186403280817,0.0,0.016862308102474056,none,none
suwalki_2010,45,2843,0,0,0.0336186403280817,0.0,0.015569735433671074,none,none
suwalki_2010,45,2844,0,0,0.028618640328081698,0.0,0.015274425283575817,none,none
suwalki_2010,45,2845,0,0,0.051213209978715805,0.0,0.015292423422778971,none,none
suwalki_2010,45,2846,0,0,0.13183503931371146,0.0,0.014857232653816192,none,none
suwalki_2010,45,2847,0,0,0.12772683982089655,0.0,0.014360002798678377,none,none
suwalki_2010,45,2848,0,0,0.14272683982089657,0.0,0.01418597811122493,none,none
suwalki_2010,45,2849,0,0,0.13683503931371147,0.0,0.014667519068914728,none,none
suwalki_2010,45,2850,0,0,0.14683503931371145,0.0,0.014641502204487424,none,none
suwalki_2010,45,2851,0,0,0.15183503931371145,0.0,0.014441578551068819,none,none
suwalki_2010,45,2852,0,0,0.13910819949281486,0.0,0.01451977684107209,none,none
suwalki_2010,45,2853,0,0,0.14410819949281486,0.0,0.014441578551068819,none,none
suwalki_2010,45,2854,0,0,0.145,0.0,0.014285039015449462,none,none
suwalki_2010,45,2855,0,0,0.1391081994928149,0.0,0.014206536768704814,none,none
suwalki_2010,45,2856,0,0,0.16321639898562978,0.0,0.01428471694049817,none,none
suwalki_2010,45,2857,0,0,0.16183503931371143,0.0,0.014528340630604417,none,none
suwalki_2010,45,2858,0,0,0.1373245984784446,0.0,0.013972980790204256,none,none
suwalki_2010,45,2859,0,0,0.14094323880652632,0.0,0.014338164900443068,none,none
suwalki_2010,45,2860,0,0,0.13532140947153068,0.0,0.014390344794408044,none,none
suwalki_2010,45,2861,0,0,0.15497060642841992,0.0,0.014674974682635681,none,none
suwalki_2010,45,2862,0,0,0.17286559594251905,0.0,0.014151477756418306,none,none
suwalki_2010,45,2863,0,0,0.21375739644970415,0.0,0.014507840315351617,none,none
suwalki_2010,45,2864,0,0,0.22608199492814884,0.0,0.014829686071723273,none,none
suwalki_2010,45,2865,0,0,0.17059243576341562,0.0,0.016004337865181708,none,none
suwalki_2010,45,2866,0,0,0.1369737954353339,0.0,0.01601302172745647,none,none
suwalki_2010,45,2867,0,0,0.13197379543533388,0.0,0.01601302172745647,none,none
suwalki_2010,45,2868,0,0,0.12375739644970413,0.0,0.01592586384849657,none,none
suwalki_2010,45,2869,0,0,0.09964919695688927,0.0,0.015899707189883833,none,none
suwalki_2010,45,2870,0,0,0.09464919695688927,0.0,0.01589102429610831,none,none
suwalki_2010,45,2871,0,0,0.07643279797125951,0.0,0.01607402593698091,none,none
suwalki_2010,45,2872,0,0,0.061432797971259515,0.0,0.01607402593698091,none,none
suwalki_2010,45,2873,0,0,0.057324598478444636,0.0,0.016082710394884646,none,none
suwalki_2010,45,2874,0,0,0.0705409974640744,0.0,0.01596081213139539,none,none
suwalki_2010,45,2875,0,0,0.0655409974640744,0.0,0.016100294634294566,none,none
suwalki_2010,45,2876,0,0,0.09554099746407438,0.0,0.016100294634294566,none,none
suwalki_2010,45,2877,0,0,0.06321639898562977,0.0,0.016126510234111387,none,none
suwalki_2010,45,2878,0,0,0.04821639898562975,0.0,0.016004391635340922,none,none
suwalki_2010,45,2879,0,0,0.023216398985629754,0.0,0.01580398440170545,none,none
suwalki_2010,45,2880,0,0,0.02732459847844463,0.0,0.01564866439785435,none,none
suwalki_2010,45,2881,0,0,0.0236186403280817,0.0,0.015166487370322572,none,none
suwalki_2010,45,2882,0,0,0.0236186403280817,0.0,0.015611243666322458,none,none
suwalki_2010,45,2883,0,0,0.01910819949281488,0.0,0.01627207498784088,none,none
suwalki_2010,45,2884,0,0,0.01910819949281488,0.0,0.01662950552257654,none,none
suwalki_2010,45,2885,0,0,0.01910819949281488,0.0,0.016666174285940038,none,none
suwalki_2010,45,2886,0,0,0.01910819949281488,0.0,0.01638871904812091,none,none
suwalki_2010,45,2887,0,0,0.014108199492814878,0.0,0.01643231690707674,none,none
suwalki_2010,45,2888,0,0,0.024108199492814876,0.0,0.016510668653265732,none,none
suwalki_2010,45,2889,0,0,0.009108199492814877,0.0,0.016231452737069295,none,none
suwalki_2010,45,2890,0,0,0.009108199492814877,0.0,0.016351148002965884,none,none
suwalki_2010,45,2891,0,0,0.01,0.0,0.016955503546901868,none,none
suwalki_2010,45,2892,0,0,0.01,0.0,0.017006903087705905,none,none
suwalki_2010,45,2893,0,0,0.014108199492814878,0.0,0.016549204855876853,none,none
suwalki_2010,45,2894,0,0,0.01,0.0,0.015307368083170883,none,none
suwalki_2010,45,2895,0,0,0.01,0.0,0.015375068428747937,none,none
suwalki_2010,45,2896,0,0,0.01,0.0,0.016061650063612237,none,none
suwalki_2010,45,2897,0,0,0.01,0.0,0.01380553203825102,none,none
suwalki_2010,45,2898,0,0,0.02,0.0,0.013840139102688165,none,none
suwalki_2010,45,2899,0,0,0.13,0.0,0.015023391444318976,none,none
suwalki_2010,45,2900,0,0,0.13410819949281488,0.0,0.015492156128383285,none,none
suwalki_2010,45,2901,0,0,0.12910819949281488,0.0,0.014992062240470717,none,none
suwalki_2010,45,2902,0,0,0.13910819949281486,0.0,0.015763208281629013,none,none
suwalki_2010,45,2903,0,0,0.14,0.0,0.01543217253226341,none,none
suwalki_2010,45,2904,0,0,0.16,0.0,0.014879703259229576,none,none
suwalki_2010,45,2905,0,0,0.18,0.0,0.014887072729807854,none,none
suwalki_2010,45,2906,0,0,0.18,0.0,0.0146453747629684,none,none
suwalki_2010,45,2907,0,0,0.19,0.0,0.01441990802409034,none,none
suwalki_2010,45,2908,0,0,0.19410819949281488,0.0,0.01441990802409034,none,none
suwalki_2010,45,2909,0,0,0.19410819949281488,0.0,0.013794966918540834,none,none
suwalki_2010,45,2910,0,0,0.19910819949281489,0.0,0.014342937794921908,none,none
suwalki_2010,45,2911,0,0,0.1441081994928149,0.0,0.014316768210459314,none,none
suwalki_2010,45,2912,0,0,0.1441081994928149,0.0,0.01417065859617995,none,none
suwalki_2010,45,2913,0,0,0.15321639898562975,0.0,0.014015058846124836,none,none
suwalki_2010,45,2914,0,0,0.15232459847844462,0.0,0.01400639206043681,none,none
suwalki_2010,45,2915,0,0,0.15232459847844462,0.0,0.01400639206043681,none,none
suwalki_2010,45,2916,0,0,0.14732459847844465,0.0,0.01406722211876939,none,none
suwalki_2010,45,2917,0,0,0.14232459847844464,0.0,0.013797499317356493,none,none
suwalki_2010,45,2918,0,0,0.13732459847844464,0.0,0.01360624432836271,none,none
suwalki_2010,45,2919,0,0,0.19054099746407438,0.0,0.013952641582161553,none,none
suwalki_2010,45,2920,0,0,0.21054099746407437,0.0,0.014500751374565924,none,none
suwalki_2010,45,2921,0,0,0.19732459847844463,0.0,0.01430201689475819,none,none
suwalki_2010,45,2922,0,0,0.2064327979712595,0.0,0.014240958044615393,none,none
suwalki_2010,45,2923,0,0,0.20232459847844464,0.0,0.013778955043916344,none,none
suwalki_2010,45,2924,0,0,0.20732459847844464,0.0,0.013587971764682853,none,none
suwalki_2010,45,2925,0,0,0.20232459847844464,0.0,0.011675060160782565,none,none
suwalki_2010,45,2926,0,0,0.20232459847844464,0.0,0.011883408471623577,none,none
suwalki_2010,45,2927,0,0,0.20732459847844464,0.0,0.011666199212759087,none,none
suwalki_2010,45,2928,0,0,0.20732459847844464,0.0,0.011744344196583073,none,none
suwalki_2010,45,2929,0,0,0.2041081994928149,0.0,0.011919795724184048,none,none
suwalki_2010,45,2930,0,0,0.2041081994928149,0.0,0.012015420286802126,none,none
suwalki_2010,45,2931,0,0,0.2091081994928149,0.0,0.012033883923179896,none,none
suwalki_2010,45,2932,0,0,0.2091081994928149,0.0,0.012476303286583936,none,none
suwalki_2010,45,2933,0,0,0.211702769143449,0.0,0.01252099989534581,none,none
suwalki_2010,45,2934,0,0,0.201702769143449,0.0,0.012687140974736985,none,none
suwalki_2010,45,2935,0,0,0.201702769143449,0.0,0.01260892317129271,none,none
suwalki_2010,45,2936,0,0,0.19670276914344897,0.0,0.012192813507977468,none,none
suwalki_2010,45,2937,0,0,0.17759456965063414,0.0,0.01219175643691155,none,none
suwalki_2010,45,2938,0,0,0.15759456965063412,0.0,0.012163387165214451,none,none
suwalki_2010,45,2939,0,0,0.14670276914344899,0.0,0.012024391531434413,none,none
suwalki_2010,45,2940,0,0,0.12670276914344897,0.0,0.011981036298971912,none,none
suwalki_2010,45,2941,0,0,0.0925945696506341,0.0,0.012903102384183759,none,none
suwalki_2010,45,2942,0,0,0.065,0.0,0.012558842643188586,none,none
suwalki_2010,45,2943,0,0,0.06,0.0,0.012211066103145839,none,none
suwalki_2010,45,2944,0,0,0.03,0.0,0.011360907272549866,none,none
suwalki_2010,45,2945,0,0,0.015,0.0,0.011253372437267803,none,none
suwalki_2010,45,2946,0,0,0.01,0.0,0.011626758828885626,none,none
suwalki_2010,45,2947,0,0,0.01,0.0,0.013275919989265547,none,none
suwalki_2010,45,2948,0,0,0.005,0.0,0.01383195360551483,none,none
suwalki_2010,45,2949,0,0,0.0,0.0,0.013953703764932043,none,none
suwalki_2010,45,2950,0,0,0.0,0.0,0.013771244963996038,none,none
suwalki_2010,45,2951,0,0,0.0,0.0,0.013979971308294283,none,none
suwalki_2010,45,2952,0,0,0.0,0.0,0.013979971308294283,none,none
suwalki_2010,45,2953,0,0,0.005,0.0,0.011420886698531422,none,none
suwalki_2010,45,2954,0,0,0.0,0.0,0.011091052064894502,none,none
suwalki_2010,45,2955,0,0,0.004108199492814877,0.0,0.011403968303986867,none,none
suwalki_2010,45,2956,0,0,0.004108199492814877,0.0,0.011264969918947893,none,none
suwalki_2010,45,2957,0,0,0.004108199492814877,0.0,0.010931965359917474,none,none
suwalki_2010,60,2365,0,0,0.0,0.0,0.018023475515779833,none,none
suwalki_2010,60,2366,0,0,0.005,0.0,0.015643601592715193,none,none
suwalki_2010,60,2367,0,0,0.005,0.0,0.014248582642638842,none,none
suwalki_2010,60,2368,0,0,0.005,0.0,0.013735896071590165,none,none
suwalki_2010,60,2369,0,0,0.005,0.0,0.013191484085560711,none,none
suwalki_2010,60,2370,0,0,0.0,0.0,0.012697612294187088,none,none
suwalki_2010,60,2371,0,0,0.0,0.0,0.014752222274618221,none,none
suwalki_2010,60,2372,0,0,0.0,0.0,0.015560229507608088,none,none
suwalki_2010,60,2373,0,0,0.0,0.0,0.016457343572143065,none,none
suwalki_2010,60,2374,0,0,0.0,0.0,0.015581103721689136,none,none
suwalki_2010,60,2375,0,0,0.0,0.0,0.019009383624925637,none,none
suwalki_2010,60,2376,0,0,0.0,0.0,0.01882681792172677,none,none
suwalki_2010,60,2377,0,0,0.0,0.0,0.018907648876147362,none,none
suwalki_2010,60,2378,0,0,0.0,0.0,0.019008092996502655,none,none
suwalki_2010,60,2379,0,0,0.0,0.0,0.01871136281567759,none,none
suwalki_2010,60,2380,0,0,0.0,0.0,0.018608805530263405,none,none
suwalki_2010,60,2381,0,0,0.0,0.0,0.018792368151662853,none,none
suwalki_2010,60,2382,0,0,0.0,0.0,0.019501785672624353,none,none
suwalki_2010,60,2383,0,0,0.0,0.0,0.01985404281995673,none,none
suwalki_2010,60,2384,0,0,0.0,0.0,0.019732013278038363,none,none
suwalki_2010,60,2385,0,0,0.0,0.0,0.019934671209882626,none,none
suwalki_2010,60,2386,0,0,0.0,0.0,0.018933866656417154,none,none
suwalki_2010,60,2387,0,0,0.0,0.0,0.0181846820556998,none,none
suwalki_2010,60,2388,0,0,0.0,0.0,0.018175925747159885,none,none
suwalki_2010,60,2389,0,0,0.0,0.0,0.012071398305097993,none,none
suwalki_2010,60,2390,0,0,0.0,0.0,0.01167362602039285,none,none
suwalki_2010,60,2391,0,0,0.0045102135561745586,0.0,0.012377186249824155,none,none
suwalki_2010,60,2392,0,0,0.0045102135561745586,0.0,0.0131659294358986,none,none
suwalki_2010,60,2393,0,0,0.0045102135561745586,0.0,0.01721430692500396,none,none
suwalki_2010,60,2394,0,0,0.0045102135561745586,0.0,0.017495588375630276,none,none
suwalki_2010,60,2395,0,0,0.0045102135561745586,0.0,0.016574631800972746,none,none
suwalki_2010,60,2396,0,0,0.0045102135561745586,0.0,0.013062724054512746,none,none
suwalki_2010,60,2397,0,0,0.0045102135561745586,0.0,0.013823965980040109,none,none
suwalki_2010,60,2398,0,0,0.0045102135561745586,0.0,0.01424855036789908,none,none
suwalki_2010,60,2399,0,0,0.0045102135561745586,0.0,0.014829697197339745,none,none
suwalki_2010,60,2400,0,0,0.0045102135561745586,0.0,0.015815332464777968,none,none
suwalki_2010,60,2401,0,0,0.0045102135561745586,0.0,0.017508455926556442,none,none
suwalki_2010,60,2402,0,0,0.009510213556174558,0.0,0.014553245436660233,none,none
suwalki_2010,60,2403,0,0,0.009510213556174558,0.0,0.014020546185180905,none,none
suwalki_2010,60,2404,0,0,0.009510213556174558,0.0,0.013993049888974088,none,none
suwalki_2010,60,2405,0,0,0.0045102135561745586,0.0,0.014553226933115023,none,none
suwalki_2010,60,2406,0,0,0.0045102135561745586,0.0,0.015125233213769487,none,none
suwalki_2010,60,2407,0,0,0.0045102135561745586,0.0,0.013935806981957783,none,none
suwalki_2010,60,2408,0,0,0.0045102135561745586,0.0,0.013970205156248345,none,none
suwalki_2010,60,2409,0,0,0.0045102135561745586,0.0,0.013072893149805986,none,none
suwalki_2010,60,2410,0,0,0.0045102135561745586,0.0,0.012681874407479204,none,none
suwalki_2010,60,2411,0,0,0.0045102135561745586,0.0,0.01261268497513257,none,none
suwalki_2010,60,2412,0,0,0.0045102135561745586,0.0,0.012569517582556105,none,none
suwalki_2010,60,2413,0,0,0.0045102135561745586,0.0,0.012707895275546395,none,none
suwalki_2010,60,2414,0,0,0.0045102135561745586,0.0,0.012734023350751252,none,none
suwalki_2010,60,2415,0,0,0.0045102135561745586,0.0,0.012837901128765653,none,none
suwalki_2010,60,2416,0,0,0.0045102135561745586,0.0,0.01282058775371027,none,none
suwalki_2010,60,2417,0,0,0.009510213556174558,0.0,0.013103860151535756,none,none
suwalki_2010,60,2418,0,0,0.014510213556174559,0.0,0.01305137113669099,none,none
suwalki_2010,60,2419,0,0,0.014510213556174559,0.0,0.013319028286131188,none,none
suwalki_2010,60,2420,0,0,0.009510213556174558,0.0,0.013466063229897478,none,none
suwalki_2010,60,2421,0,0,0.017103863020502673,0.0,0.013466063229897478,none,none
suwalki_2010,60,2422,0,0,0.02361803596632255,0.0,0.013346461375088632,none,none
suwalki_2010,60,2423,0,0,0.009510213556174558,0.0,0.013363569217919266,none,none
suwalki_2010,60,2424,0,0,0.005,0.0,0.01338073294902016,none,none
suwalki_2010,60,2425,0,0,0.005,0.0,0.014505584577916687,none,none
suwalki_2010,60,2426,0,0,0.005,0.0,0.013482203606691999,none,none
suwalki_2010,60,2427,0,0,0.005,0.0,0.013560488865672052,none,none
suwalki_2010,60,2428,0,0,0.01,0.0,0.013395743552618173,none,none
suwalki_2010,60,2429,0,0,0.005,0.0,0.012706179471200897,none,none
suwalki_2010,60,2430,0,0,0.004107822410147992,0.0,0.012291267159513791,none,none
suwalki_2010,60,2431,0,0,0.008618035966322551,0.0,0.014859948551887334,none,none
suwalki_2010,60,2432,0,0,0.012103863020502672,0.0,0.014912155287606418,none,none
suwalki_2010,60,2433,0,0,0.012103863020502672,0.0,0.014938340233179952,none,none
suwalki_2010,60,2434,0,0,0.012103863020502672,0.0,0.015077362004449906,none,none
suwalki_2010,60,2435,0,0,0.008618035966322551,0.0,0.01559362390272523,none,none
suwalki_2010,60,2436,0,0,0.008618035966322551,0.0,0.01559362390272523,none,none
suwalki_2010,60,2437,0,0,0.01361803596632255,0.0,0.015043412460799321,none,none
suwalki_2010,60,2438,0,0,0.027725858376470538,0.0,0.016323724248571616,none,none
suwalki_2010,60,2439,0,0,0.04683368078661853,0.0,0.0170050792840988,none,none
suwalki_2010,60,2440,0,0,0.05183368078661853,0.0,0.016944019174933177,none,none
suwalki_2010,60,2441,0,0,0.04683368078661853,0.0,0.018355005596821995,none,none
suwalki_2010,60,2442,0,0,0.041833680786618525,0.0,0.01825958777724973,none,none
suwalki_2010,60,2443,0,0,0.037323467230443975,0.0,0.018647354896987794,none,none
suwalki_2010,60,2444,0,0,0.037323467230443975,0.0,0.018757125679468335,none,none
suwalki_2010,60,2445,0,0,0.08643128964059196,0.0,0.011180256732014754,none,none
suwalki_2010,60,2446,0,0,0.104107822410148,0.0,0.013702496359221005,none,none
suwalki_2010,60,2447,0,0,0.104107822410148,0.0,0.015254594004900755,none,none
suwalki_2010,60,2448,0,0,0.119107822410148,0.0,0.01534089352707997,none,none
suwalki_2010,60,2449,0,0,0.08321564482029599,0.0,0.014958265102744788,none,none
suwalki_2010,60,2450,0,0,0.089107822410148,0.0,0.015706146176307723,none,none
suwalki_2010,60,2451,0,0,0.07410782241014799,0.0,0.017483990738341938,none,none
suwalki_2010,60,2452,0,0,0.06,0.0,0.017379636452226316,none,none
suwalki_2010,60,2453,0,0,0.065,0.0,0.018218772109041537,none,none
suwalki_2010,60,2454,0,0,0.06,0.0,0.017972757030104997,none,none
suwalki_2010,60,2455,0,0,0.05,0.0,0.01657608793353011,none,none
suwalki_2010,60,2456,0,0,0.045,0.0,0.01545519584043935,none,none
suwalki_2010,60,2457,0,0,0.03,0.0,0.012859886811918627,none,none
suwalki_2010,60,2458,0,0,0.015,0.0,0.013709122505767422,none,none
suwalki_2010,60,2459,0,0,0.01,0.0,0.014099894515060366,none,none
suwalki_2010,60,2460,0,0,0.0,0.0,0.013736398471041593,none,none
suwalki_2010,60,2461,0,0,0.0,0.0,0.014640365191418083,none,none
suwalki_2010,60,2462,0,0,0.0,0.0,0.014380655119327191,none,none
suwalki_2010,60,2463,0,0,0.0,0.0,0.01350524131350635,none,none
suwalki_2010,60,2464,0,0,0.0,0.0,0.014269441266782494,none,none
suwalki_2010,60,2465,0,0,0.0,0.0,0.015134138848468948,none,none
suwalki_2010,60,2466,0,0,0.0,0.0,0.015696616052868727,none,none
suwalki_2010,60,2467,0,0,0.0,0.0,0.01709516593741083,none,none
suwalki_2010,60,2468,0,0,0.0,0.0,0.016869432342824224,none,none
suwalki_2010,60,2469,0,0,0.0,0.0,0.019097591369081204,none,none
suwalki_2010,60,2470,0,0,0.0,0.0,0.017481025625607573,none,none
suwalki_2010,60,2471,0,0,0.0,0.0,0.016648142225641132,none,none
suwalki_2010,60,2472,0,0,0.0,0.0,0.015442561216697603,none,none
suwalki_2010,60,2473,0,0,0.0,0.0,0.013668816878003871,none,none
suwalki_2010,60,2474,0,0,0.0,0.0,0.01293868937277781,none,none
suwalki_2010,60,2475,0,0,0.0,0.0,0.013363544607711948,none,none
suwalki_2010,60,2476,0,0,0.0,0.0,0.013805674574706096,none,none
suwalki_2010,60,2477,0,0,0.005,0.0,0.014653039351618888,none,none
suwalki_2010,60,2478,0,0,0.005,0.0,0.014645006236602007,none,none
suwalki_2010,60,2479,0,0,0.005,0.0,0.015165534362299374,none,none
suwalki_2010,60,2480,0,0,0.005,0.0,0.01533003464230121,none,none
suwalki_2010,60,2481,0,0,0.0,0.0,0.015520388625439733,none,none
suwalki_2010,60,2482,0,0,0.0,0.0,0.01610173236315691,none,none
suwalki_2010,60,2483,0,0,0.0,0.0,0.016179844824126762,none,none
suwalki_2010,60,2484,0,0,0.0,0.0,0.016162474322136706,none,none
suwalki_2010,60,2485,0,0,0.005,0.0,0.01572819088686983,none,none
suwalki_2010,60,2486,0,0,0.005,0.0,0.015650324862055046,none,none
suwalki_2010,60,2487,0,0,0.005,0.0,0.01525970172668257,none,none
suwalki_2010,60,2488,0,0,0.005,0.0,0.015337590881472551,none,none
suwalki_2010,60,2489,0,0,0.0,0.0,0.015667367382890204,none,none
suwalki_2010,60,2490,0,0,0.0,0.0,0.015745180300268693,none,none
suwalki_2010,60,2491,0,0,0.0,0.0,0.015953723590722356,none,none
suwalki_2010,60,2492,0,0,0.0,0.0,0.016075300991339116,none,none
suwalki_2010,60,2493,0,0,0.0,0.0,0.01612703774353225,none,none
suwalki_2010,60,2494,0,0,0.0,0.0,0.016127145296840856,none,none
suwalki_2010,60,2495,0,0,0.0,0.0,0.017457999471272904,none,none
suwalki_2010,60,2496,0,0,0.0,0.0,0.017432070617890573,none,none
suwalki_2010,60,2497,0,0,0.0,0.0,0.017277029713199193,none,none
suwalki_2010,60,2498,0,0,0.0,0.0,0.016424266420025427,none,none
suwalki_2010,60,2499,0,0,0.0,0.0,0.015529410102293301,none,none
suwalki_2010,60,2500,0,0,0.0,0.0,0.014040005280212335,none,none
suwalki_2010,60,2501,0,0,0.0,0.0,0.013653767633662777,none,none
suwalki_2010,60,2502,0,0,0.0,0.0,0.01255351342188698,none,none
suwalki_2010,60,2503,0,0,0.0,0.0,0.012631192995409605,none,none
suwalki_2010,60,2504,0,0,0.0,0.0,0.012605174753701973,none,none
suwalki_2010,60,2505,0,0,0.01,0.0,0.01131978065958186,none,none
suwalki_2010,60,2506,0,0,0.01,0.0,0.013322083709087945,none,none
suwalki_2010,60,2507,0,0,0.01,0.0,0.015762917400098844,none,none
suwalki_2010,60,2508,0,0,0.005,0.0,0.015980524295682915,none,none
suwalki_2010,60,2509,0,0,0.005,0.0,0.013763576444718583,none,none
suwalki_2010,60,2510,0,0,0.005,0.0,0.015364218008188182,none,none
suwalki_2010,60,2511,0,0,0.005,0.0,0.01579797082418091,none,none
suwalki_2010,60,2512,0,0,0.005,0.0,0.016352878109719853,none,none
suwalki_2010,60,2513,0,0,0.009510213556174558,0.0,0.015883621551697806,none,none
suwalki_2010,60,2514,0,0,0.009510213556174558,0.0,0.01562391180747459,none,none
suwalki_2010,60,2515,0,0,0.009510213556174558,0.0,0.01749107974532517,none,none
suwalki_2010,60,2516,0,0,0.009510213556174558,0.0,0.017673459953304882,none,none
suwalki_2010,60,2517,0,0,0.01861803596632255,0.0,0.016709569346362255,none,none
suwalki_2010,60,2518,0,0,0.01861803596632255,0.0,0.01596575369577744,none,none
suwalki_2010,60,2519,0,0,0.01861803596632255,0.0,0.014611894806956488,none,none
suwalki_2010,60,2520,0,0,0.01861803596632255,0.0,0.013787420156261823,none,none
suwalki_2010,60,2521,0,0,0.01361803596632255,0.0,0.012958360384912809,none,none
suwalki_2010,60,2522,0,0,0.01361803596632255,0.0,0.012674989753514974,none,none
suwalki_2010,60,2523,0,0,0.01361803596632255,0.0,0.014737422569744996,none,none
suwalki_2010,60,2524,0,0,0.01361803596632255,0.0,0.014737422569744996,none,none
suwalki_2010,60,2525,0,0,0.01361803596632255,0.0,0.01582038443192739,none,none
suwalki_2010,60,2526,0,0,0.01361803596632255,0.0,0.014132250729160543,none,none
suwalki_2010,60,2527,0,0,0.01361803596632255,0.0,0.013517701475795398,none,none
suwalki_2010,60,2528,0,0,0.01361803596632255,0.0,0.013057986911285175,none,none
suwalki_2010,60,2529,0,0,0.01361803596632255,0.0,0.0128583733045529,none,none
suwalki_2010,60,2530,0,0,0.021833680786618532,0.0,0.012806272214679768,none,none
suwalki_2010,60,2531,0,0,0.026833680786618533,0.0,0.012728045209791594,none,none
suwalki_2010,60,2532,0,0,0.026833680786618533,0.0,0.012728045209791594,none,none
suwalki_2010,60,2533,0,0,0.03183368078661853,0.0,0.012275625938468414,none,none
suwalki_2010,60,2534,0,0,0.03183368078661853,0.0,0.011893724885901074,none,none
suwalki_2010,60,2535,0,0,0.03183368078661853,0.0,0.011504067385059796,none,none
suwalki_2010,60,2536,0,0,0.03183368078661853,0.0,0.011426313690413565,none,none
suwalki_2010,60,2537,0,0,0.08594150319676654,0.0,0.011997355798833802,none,none
suwalki_2010,60,2538,0,0,0.08732346723044397,0.0,0.01169268546832308,none,none
suwalki_2010,60,2539,0,0,0.08232346723044398,0.0,0.013410761370648037,none,none
suwalki_2010,60,2540,0,0,0.07232346723044397,0.0,0.013722902525027201,none,none
suwalki_2010,60,2541,0,0,0.03732346723044397,0.0,0.01479643055887149,none,none
suwalki_2010,60,2542,0,0,0.04232346723044397,0.0,0.01404140565437966,none,none
suwalki_2010,60,2543,0,0,0.04732346723044398,0.0,0.013373448215070437,none,none
suwalki_2010,60,2544,0,0,0.052323467230443975,0.0,0.013156399713785167,none,none
suwalki_2010,60,2545,0,0,0.038215644820295984,0.0,0.014449758653658653,none,none
suwalki_2010,60,2546,0,0,0.038215644820295984,0.0,0.015614065863940521,none,none
suwalki_2010,60,2547,0,0,0.053215644820295976,0.0,0.01723912485304258,none,none
suwalki_2010,60,2548,0,0,0.04910782241014799,0.0,0.01695192327649359,none,none
suwalki_2010,60,2549,0,0,0.05410782241014799,0.0,0.0140677760687785,none,none
suwalki_2010,60,2550,0,0,0.048215644820295986,0.0,0.013019607458419359,none,none
suwalki_2010,60,2551,0,0,0.038215644820295984,0.0,0.012950714635095199,none,none
suwalki_2010,60,2552,0,0,0.029107822410147994,0.0,0.0127426805726794,none,none
suwalki_2010,60,2553,1,0,0.029107822410147994,0.00625,0.012768809545352186,snow,none
suwalki_2010,60,2554,1,0,0.029107822410147994,0.0125,0.012846666444761188,snow,none
suwalki_2010,60,2555,1,0,0.019107822410147992,0.01875,0.012586829943426874,snow,none
suwalki_2010,60,2556,1,0,0.019107822410147992,0.025,0.012586829943426874,snow,none
suwalki_2010,60,2557,1,0,0.5824233708613014,0.01875,0.03717141123791844,snow,none
suwalki_2010,60,2558,1,0,0.5189375438071212,0.0125,0.04579701986899873,snow,none
suwalki_2010,60,2559,1,0,0.5048297213969732,0.0062499999999999,0.05134448977503278,snow,none
suwalki_2010,60,2560,0,0,0.49982972139697324,0.0,0.05704516936779884,none,none
suwalki_2010,60,2561,0,0,0.4066634021835918,0.0,0.03890716328100014,none,none
suwalki_2010,60,2562,0,0,0.3489375438071212,0.0,0.03375966582683775,none,none
suwalki_2010,60,2563,0,0,0.33393754380712126,0.0,0.03097237076893444,none,none
suwalki_2010,60,2564,0,0,0.16073891931245465,0.0,0.02621972146849246,none,none
suwalki_2010,60,2565,1,0,0.21876726520409437,0.00625,0.022437067874859235,snow,none
suwalki_2010,60,2566,1,0,0.27063450368902636,0.0125,0.022423935238434316,snow,none
suwalki_2010,60,2567,1,0,0.262323467230444,0.01875,0.02633009000522596,snow,none
suwalki_2010,60,2568,1,0,0.31010441562342833,0.025,0.02723033684818088,snow,none
suwalki_2010,60,2569,1,1,0.7822911619491589,0.03125,0.042646388868850804,snow,snow
suwalki_2010,60,2570,1,1,0.7846975124848308,0.0375,0.04893587718060164,snow,snow
suwalki_2010,60,2571,1,1,0.8042077260410053,0.04375,0.053552906420007255,snow,snow
suwalki_2010,60,2572,1,1,0.8138053348949787,0.05,0.05819567672120981,snow,snow
suwalki_2010,60,2573,1,1,0.8385351526610947,0.05625,0.060500077768964634,snow,snow
suwalki_2010,60,2574,1,1,0.8644273302509466,0.0625,0.06283611512186849,snow,snow
suwalki_2010,60,2575,1,1,0.8685351526610947,0.06875,0.0664299496385087,snow,snow
suwalki_2010,60,2576,1,1,0.9007264109793962,0.075,0.0699449364775168,snow,snow
suwalki_2010,60,2577,1,1,0.9358092942846241,0.075,0.06993118815196385,snow,snow
suwalki_2010,60,2578,1,1,0.9458092942846241,0.075,0.06811645078544526,snow,snow
suwalki_2010,60,2579,1,1,0.9617014718744761,0.075,0.06463476191635767,snow,snow
suwalki_2010,60,2580,1,1,0.9717014718744761,0.075,0.06117308962392086,snow,snow
suwalki_2010,60,2581,1,1,0.978215644820296,0.08125,0.06536644598508988,snow,snow
suwalki_2010,60,2582,1,1,0.983215644820296,0.0875,0.06787592638734033,snow,snow
suwalki_2010,60,2583,1,1,0.988215644820296,0.09375,0.06879280349070825,snow,snow
suwalki_2010,60,2584,1,1,0.983215644820296,0.1,0.0678094338376862,snow,snow
suwalki_2010,60,2585,1,1,0.9717014718744761,0.10625,0.09183067107996651,snow,snow
suwalki_2010,60,2586,1,1,0.9717014718744761,0.1125,0.10607809073553612,snow,snow
suwalki_2010,60,2587,1,1,0.9725936494643281,0.11875,0.10492758101607806,snow,snow
suwalki_2010,60,2588,1,1,0.9749171166947721,0.125,0.1058807644182171,snow,snow
suwalki_2010,60,2589,1,1,0.9649171166947721,0.125,0.10675759504065797,snow,snow
suwalki_2010,60,2590,1,1,0.9699171166947721,0.125,0.10693547356927546,snow,snow
suwalki_2010,60,2591,1,1,0.9699171166947721,0.125,0.10439899508573487,snow,snow
suwalki_2010,60,2592,1,1,0.9699171166947721,0.125,0.10539685485517902,snow,snow
suwalki_2010,60,2593,1,1,0.9817014718744761,0.125,0.10302155009405504,snow,snow
suwalki_2010,60,2594,1,1,0.988215644820296,0.125,0.10172459207099933,snow,snow
suwalki_2010,60,2595,1,1,0.984107822410148,0.125,0.09995047495473106,snow,snow
suwalki_2010,60,2596,1,1,0.984107822410148,0.125,0.0988728079131763,snow,snow
suwalki_2010,60,2597,1,1,0.984107822410148,0.11875,0.09679684986422822,snow,snow
suwalki_2010,60,2598,1,1,0.985,0.1125,0.09616860496310917,snow,snow
suwalki_2010,60,2599,1,1,0.99,0.10625,0.09509055825583343,snow,snow
suwalki_2010,60,2600,1,1,0.989107822410148,0.1,0.09415775175865945,snow,snow
suwalki_2010,60,2601,1,1,0.984107822410148,0.09375,0.08950155421333479,snow,snow
suwalki_2010,60,2602,1,1,0.983215644820296,0.0875,0.08729832688469209,snow,snow
suwalki_2010,60,2603,1,1,0.983215644820296,0.08125,0.0832646728881135,snow,snow
suwalki_2010,60,2604,1,1,0.9823234672304441,0.075,0.07903588727301936,snow,snow
suwalki_2010,60,2605,1,1,0.988215644820296,0.06875,0.07561114921829029,snow,snow
suwalki_2010,60,2606,1,1,0.989107822410148,0.0625,0.07224595123829566,snow,snow
suwalki_2010,60,2607,1,1,0.989107822410148,0.05625,0.06721613020056541,snow,snow
suwalki_2010,60,2608,1,1,0.988215644820296,0.05,0.06259348041127803,snow,snow
suwalki_2010,60,2609,1,1,0.974107822410148,0.05625,0.046396710009290826,snow,snow
suwalki_2010,60,2610,1,1,0.958215644820296,0.0625,0.036963840694513195,snow,snow
suwalki_2010,60,2611,1,1,0.9618336807866186,0.06875,0.032353490135943366,snow,snow
suwalki_2010,60,2612,1,1,0.9544273302509467,0.075,0.031270418245225265,snow,snow
suwalki_2010,60,2613,1,1,0.969107822410148,0.08125,0.044006455528673494,snow,snow
suwalki_2010,60,2614,1,1,0.9836180359663226,0.0875,0.05715952052879779,snow,snow
suwalki_2010,60,2615,1,1,0.9836180359663226,0.09375,0.057100675368740694,snow,snow
suwalki_2010,60,2616,1,1,0.9836180359663226,0.1,0.058598368568270914,snow,snow
suwalki_2010,60,2617,1,1,0.9477258583764706,0.1,0.09261776094089336,snow,snow
suwalki_2010,60,2618,1,1,0.943215644820296,0.1,0.12054330929102317,snow,snow
suwalki_2010,60,2619,1,1,0.943215644820296,0.1,0.12566574477435638,snow,snow
suwalki_2010,60,2620,1,1,0.949107822410148,0.1,0.1271414827754026,snow,snow
suwalki_2010,60,2621,1,1,0.919107822410148,0.09375,0.11032583573060452,snow,snow
suwalki_2010,60,2622,1,1,0.918215644820296,0.0875,0.10446066746770555,snow,snow
suwalki_2010,60,2623,1,1,0.919107822410148,0.08125,0.10325436624852669,snow,snow
suwalki_2010,60,2624,1,1,0.919107822410148,0.075,0.09976823063467491,snow,snow
suwalki_2010,60,2625,1,1,0.76,0.0625,0.09161049097559368,snow,snow
suwalki_2010,60,2626,1,1,0.76,0.05,0.08609992728223176,snow,snow
suwalki_2010,60,2627,1,1,0.759107822410148,0.0375,0.07869801143813632,snow,snow
suwalki_2010,60,2628,1,1,0.759107822410148,0.025,0.0678624510856895,snow,snow
suwalki_2010,60,2629,1,1,0.653215644820296,0.01875,0.034374316375909056,snow,snow
suwalki_2010,60,2630,1,1,0.6277258583764705,0.0125,0.027849816290403003,snow,snow
suwalki_2010,60,2631,1,0,0.5549171166947722,0.0062499999999999,0.02480736691998742,snow,none
suwalki_2010,60,2632,0,0,0.499774134819545,0.0,0.02790547111449372,none,none
suwalki_2010,60,2633,1,0,0.5974278828538723,0.0125,0.03255123328584161,snow,none
suwalki_2010,60,2634,1,0,0.5784029437489522,0.025,0.03452306641030107,snow,none
suwalki_2010,60,2635,1,0,0.5549171166947722,0.0375,0.0354977502420563,snow,none
suwalki_2010,60,2636,1,0,0.4640216648067809,0.05,0.03044519473910608,snow,none
suwalki_2010,60,2637,1,1,0.8007264109793962,0.05,0.06186037380003985,snow,snow
suwalki_2010,60,2638,1,1,0.8981327615150682,0.05,0.08866517154561893,snow,snow
suwalki_2010,60,2639,1,1,0.9109415031967666,0.05,0.09855937449101544,snow,snow
suwalki_2010,60,2640,1,1,0.9058092942846241,0.05,0.10271264523059669,snow,snow
suwalki_2010,60,2641,1,1,0.9517014718744761,0.0625,0.09053632724553111,snow,snow
suwalki_2010,60,2642,1,1,0.9613438943427931,0.075,0.07972488238508688,snow,snow
suwalki_2010,60,2643,1,1,0.9772360719326452,0.0875,0.07195742135947991,snow,snow
suwalki_2010,60,2644,1,1,0.9757218989868253,0.1,0.0651034329185661,snow,snow
suwalki_2010,60,2645,1,1,0.9845102135561745,0.0875,0.10166878584293677,snow,snow
suwalki_2010,60,2646,1,1,0.979107822410148,0.075,0.10539937269483858,snow,snow
suwalki_2010,60,2647,1,1,0.989107822410148,0.0625,0.11953385163334852,snow,snow
suwalki_2010,60,2648,1,1,0.9881282495224971,0.05,0.12357087786626506,snow,snow
suwalki_2010,60,2649,1,1,0.9417507974813907,0.05,0.093928827744483,snow,snow
suwalki_2010,60,2650,1,1,0.9004517167529411,0.05,0.06538363376573977,snow,snow
suwalki_2010,60,2651,1,1,0.8754517167529411,0.05,0.040029994387977996,snow,snow
suwalki_2010,60,2652,1,1,0.8614437979736504,0.05,0.037123959276316405,snow,snow
suwalki_2010,60,2653,1,1,0.9418126314213637,0.05625,0.04345842173908397,snow,snow
suwalki_2010,60,2654,1,1,0.9530198048594434,0.0625,0.04962193376495934,snow,snow
suwalki_2010,60,2655,1,1,0.9322150225673903,0.06875,0.050557013922186124,snow,snow
suwalki_2010,60,2656,1,1,0.8986463122079823,0.075,0.05371126951491667,snow,snow
suwalki_2010,60,2657,1,1,0.9140867730448932,0.06875,0.07590285973475121,snow,snow
suwalki_2010,60,2658,1,1,0.915688341288512,0.0625,0.09447044410909683,snow,snow
suwalki_2010,60,2659,1,1,0.9013977319422787,0.05625,0.0938692741299321,snow,snow
suwalki_2010,60,2660,1,1,0.9122899095321307,0.05,0.0890727216359951,snow,snow
suwalki_2010,60,2661,1,1,0.9059908288036812,0.05,0.0593610063237113,snow,snow
suwalki_2010,60,2662,1,1,0.9292064736239771,0.05,0.04799279450493552,snow,snow
suwalki_2010,60,2663,1,1,0.9172025142343319,0.05,0.04146459851869308,snow,snow
suwalki_2010,60,2664,1,1,0.9006883412885119,0.05,0.04229427394948555,snow,snow
suwalki_2010,60,2665,1,1,0.9319829100243905,0.04375,0.04877095076925267,snow,snow
suwalki_2010,60,2666,1,1,0.9384970829702104,0.0375,0.052442055444608025,snow,snow
suwalki_2010,60,2667,1,1,0.9348409773130035,0.03125,0.052632985725496295,snow,snow
suwalki_2010,60,2668,1,1,0.922115118936533,0.025,0.055670264753963895,snow,snow
suwalki_2010,60,2669,1,1,0.9157389193124547,0.025,0.043305422700859346,snow,snow
suwalki_2010,60,2670,1,1,0.8984477573632959,0.025,0.04170970581345174,snow,snow
suwalki_2010,60,2671,1,1,0.8925555797734438,0.025,0.039619558531862074,snow,snow
suwalki_2010,60,2672,1,1,0.8651492292377719,0.025,0.03798503379623636,snow,snow
suwalki_2010,60,2673,1,1,0.9064057282827662,0.01875,0.044023184384849215,snow,snow
suwalki_2010,60,2674,1,1,0.9047535820152046,0.0125,0.0476909541135087,snow,snow
suwalki_2010,60,2675,1,1,0.8864550538896807,0.0062499999999999,0.050877778321847617,snow,snow
suwalki_2010,60,2676,0,1,0.8621321392621624,0.0,0.05272529493594144,none,snow
suwalki_2010,60,2677,0,1,0.6832326651459255,0.0,0.0368099382453339,none,snow
suwalki_2010,60,2678,0,1,0.6404517167529411,0.0,0.03323159829715685,none,snow
suwalki_2010,60,2679,0,1,0.6354517167529411,0.0,0.03089793191989071,none,snow
suwalki_2010,60,2680,0,1,0.6111255278272837,0.0,0.029032735899867504,none,snow
suwalki_2010,60,2681,1,1,0.6573707709562475,0.00625,0.02781962776406426,snow,snow
suwalki_2010,60,2682,1,1,0.6739690796243236,0.0125,0.027542430098106346,snow,snow
suwalki_2010,60,2683,1,1,0.6180689056939842,0.01875,0.030849057353878086,snow,snow
suwalki_2010,60,2684,1,0,0.5835263868565245,0.025,0.029743972422294134,snow,none
suwalki_2010,60,2685,1,1,0.9227751839833851,0.025,0.04922522376827038,snow,snow
suwalki_2010,60,2686,1,1,0.9244766558578612,0.025,0.06272645701864181,snow,snow
suwalki_2010,60,2687,1,1,0.9203688334477133,0.025,0.06573634023500359,snow,snow
suwalki_2010,60,2688,1,1,0.9344766558578612,0.025,0.07074446487131955,snow,snow
suwalki_2010,60,2689,1,1,0.9323727928373586,0.01875,0.051979700880005655,snow,snow
suwalki_2010,60,2690,1,1,0.9373727928373586,0.0125,0.04644083180088279,snow,snow
suwalki_2010,60,2691,1,1,0.9363932199497077,0.0062499999999999,0.04321145688591468,snow,snow
suwalki_2010,60,2692,0,1,0.9263932199497077,0.0,0.04261490984535629,none,snow
suwalki_2010,60,2693,0,1,0.6586350562919521,0.0,0.03308111864204488,none,snow
suwalki_2010,60,2694,0,0,0.4934477573632958,0.0,0.03220618955724859,none,none
suwalki_2010,60,2695,0,0,0.48304536621726923,0.0,0.030712384834255823,none,none
suwalki_2010,60,2696,0,0,0.2867284956991074,0.0,0.02922201019973852,none,none
suwalki_2010,60,2697,0,0,0.29132610455308083,0.0,0.0278747020135666,none,none
suwalki_2010,60,2698,0,0,0.29086987580756885,0.0,0.02815916733650722,none,none
suwalki_2010,60,2699,0,0,0.2557251585623679,0.0,0.03240376104368846,none,none
suwalki_2010,60,2700,0,0,0.27288411159938436,0.0,0.0324978384403329,none,none
suwalki_2010,60,2701,0,0,0.11964693446088795,0.0,0.024612614168929306,none,none
suwalki_2010,60,2702,0,0,0.05821564482029599,0.0,0.025491288407079177,none,none
suwalki_2010,60,2703,0,0,0.023215644820295984,0.0,0.02382830050150133,none,none
suwalki_2010,60,2704,0,0,0.036833680786618535,0.0,0.024061644995208863,none,none
suwalki_2010,60,2705,0,0,0.03272585837647054,0.0,0.023384003419993162,none,none
suwalki_2010,60,2706,0,0,0.037725858376470536,0.0,0.022102053772582866,none,none
suwalki_2010,60,2707,0,0,0.037725858376470536,0.0,0.02416614155116184,none,none
suwalki_2010,60,2708,0,0,0.034107822410147995,0.0,0.023620870678861476,none,none
suwalki_2010,60,2709,0,0,0.018215644820295984,0.0,0.017927914961854086,none,none
suwalki_2010,60,2710,0,0,0.015,0.0,0.01839816707874039,none,none
suwalki_2010,60,2711,0,0,0.015,0.0,0.018271082317991977,none,none
suwalki_2010,60,2712,0,0,0.02861803596632255,0.0,0.018520094488372416,none,none
suwalki_2010,60,2713,0,0,0.08094150319676655,0.0,0.019055105325509636,none,none
suwalki_2010,60,2714,0,0,0.08531950784079866,0.0,0.01838545589849348,none,none
suwalki_2010,60,2715,0,0,0.07732346723044398,0.0,0.018460431176526886,none,none
suwalki_2010,60,2716,0,0,0.09053911205073999,0.0,0.018606217432474693,none,none
suwalki_2010,60,2717,0,0,0.09553911205073998,0.0,0.018188040512906855,none,none
suwalki_2010,60,2718,0,0,0.12143128964059197,0.0,0.020199965592767953,none,none
suwalki_2010,60,2719,0,0,0.12143128964059197,0.0,0.021804686299009092,none,none
suwalki_2010,60,2720,0,0,0.12991711669477207,0.0,0.022443466308369218,none,none
suwalki_2010,60,2721,0,0,0.06321564482029599,0.0,0.022563716454687334,none,none
suwalki_2010,60,2722,0,0,0.06321564482029599,0.0,0.022075587082234654,none,none
suwalki_2010,60,2723,0,0,0.073215644820296,0.0,0.021304333073505086,none,none
suwalki_2010,60,2724,0,0,0.08732346723044397,0.0,0.022507229482300717,none,none
suwalki_2010,60,2725,0,0,0.10643128964059195,0.0,0.020318182984643034,none,none
suwalki_2010,60,2726,0,0,0.07732346723044398,0.0,0.02024538346443857,none,none
suwalki_2010,60,2727,0,0,0.08732346723044397,0.0,0.021365280988213418,none,none
suwalki_2010,60,2728,0,0,0.09232346723044398,0.0,0.021628490910904272,none,none
suwalki_2010,60,2729,0,0,0.11732346723044397,0.0,0.020638921825788543,none,none
suwalki_2010,60,2730,0,0,0.12321564482029597,0.0,0.02023910860908232,none,none
suwalki_2010,60,2731,0,0,0.13321564482029596,0.0,0.021046551517283473,none,none
suwalki_2010,60,2732,0,0,0.12821564482029596,0.0,0.020897395520276037,none,none
suwalki_2010,60,2733,0,0,0.143215644820296,0.0,0.02101051497957089,none,none
suwalki_2010,60,2734,0,0,0.15732346723044396,0.0,0.019162440978801428,none,none
suwalki_2010,60,2735,0,0,0.182323467230444,0.0,0.017907767034668957,none,none
suwalki_2010,60,2736,0,0,0.17643128964059193,0.0,0.018255997883873394,none,none
suwalki_2010,60,2737,0,0,0.16143128964059195,0.0,0.01830784435481181,none,none
suwalki_2010,60,2738,0,0,0.14143128964059196,0.0,0.018389816186307913,none,none
suwalki_2010,60,2739,0,0,0.14143128964059196,0.0,0.019094416693313986,none,none
suwalki_2010,60,2740,0,0,0.12232346723044397,0.0,0.018609633563489367,none,none
suwalki_2010,60,2741,0,0,0.12143128964059197,0.0,0.01809064902168136,none,none
suwalki_2010,60,2742,0,0,0.11053911205073996,0.0,0.01601974415268059,none,none
suwalki_2010,60,2743,0,0,0.10004932560691453,0.0,0.01566679260841783,none,none
suwalki_2010,60,2744,0,0,0.0900493256069145,0.0,0.015114118469541008,none,none
suwalki_2010,60,2745,0,0,0.0900493256069145,0.0,0.014107589504337836,none,none
suwalki_2010,60,2746,0,0,0.08053911205073995,0.0,0.01351580184413119,none,none
suwalki_2010,60,2747,0,0,0.06643128964059196,0.0,0.013922871295748616,none,none
suwalki_2010,60,2748,0,0,0.05643128964059196,0.0,0.01363533922355637,none,none
suwalki_2010,60,2749,0,0,0.05643128964059196,0.0,0.014190516329669832,none,none
suwalki_2010,60,2750,0,0,0.02,0.0,0.014220567433557232,none,none
suwalki_2010,60,2751,0,0,0.025,0.0,0.014836342583575253,none,none
suwalki_2010,60,2752,0,0,0.015,0.0,0.015364748140494974,none,none
suwalki_2010,60,2753,0,0,0.014107822410147993,0.0,0.015303787172690235,none,none
suwalki_2010,60,2754,0,0,0.014107822410147993,0.0,0.014774938534825048,none,none
suwalki_2010,60,2755,0,0,0.014107822410147993,0.0,0.014532802850987845,none,none
suwalki_2010,60,2756,0,0,0.009107822410147992,0.0,0.014333167710759046,none,none
suwalki_2010,60,2757,0,0,0.009107822410147992,0.0,0.014671343417849822,none,none
suwalki_2010,60,2758,0,0,0.005,0.0,0.014602125450964487,none,none
suwalki_2010,60,2759,0,0,0.005,0.0,0.014567118488106384,none,none
suwalki_2010,60,2760,0,0,0.0,0.0,0.014480511533792524,none,none
suwalki_2010,60,2761,0,0,0.0,0.0,0.014610325155329668,none,none
suwalki_2010,60,2762,0,0,0.0,0.0,0.01396895322050899,none,none
suwalki_2010,60,2763,0,0,0.0,0.0,0.012183384274382642,none,none
suwalki_2010,60,2764,0,0,0.0,0.0,0.01108446244503665,none,none
suwalki_2010,60,2765,0,0,0.004107822410147992,0.0,0.012095447838719455,none,none
suwalki_2010,60,2766,0,0,0.0,0.0,0.014382950409821713,none,none
suwalki_2010,60,2767,0,0,0.0,0.0,0.01539775485499551,none,none
suwalki_2010,60,2768,0,0,0.0,0.0,0.015137210828296983,none,none
suwalki_2010,60,2769,0,0,0.0,0.0,0.013040758094230704,none,none
suwalki_2010,60,2770,0,0,0.0,0.0,0.013162413239696847,none,none
suwalki_2010,60,2771,0,0,0.0,0.0,0.01594327554707814,none,none
suwalki_2010,60,2772,0,0,0.004107822410147992,0.0,0.015812871094191182,none,none
suwalki_2010,60,2773,0,0,0.005,0.0,0.011886940077085958,none,none
suwalki_2010,60,2774,0,0,0.009107822410147992,0.0,0.011989876665416498,none,none
suwalki_2010,60,2775,0,0,0.014107822410147993,0.0,0.012041242093063112,none,none
suwalki_2010,60,2776,0,0,0.014107822410147993,0.0,0.01210158193793221,none,none
suwalki_2010,60,2777,0,0,0.022593649464328115,0.0,0.011436988744857539,none,none
suwalki_2010,60,2778,0,0,0.03259364946432812,0.0,0.011757064318278469,none,none
suwalki_2010,60,2779,0,0,0.06580929428462409,0.0,0.012178078724778428,none,none
suwalki_2010,60,2780,0,0,0.0908092942846241,0.0,0.012968521131206858,none,none
suwalki_2010,60,2781,1,0,0.1325107661591002,0.00625,0.013706579588437693,snow,none
suwalki_2010,60,2782,1,0,0.12991711669477207,0.0125,0.014163183678756044,snow,none
suwalki_2010,60,2783,1,0,0.1258092942846241,0.01875,0.014674529536717268,snow,none
suwalki_2010,60,2784,1,0,0.1258092942846241,0.025,0.015009784150518816,snow,none
suwalki_2010,60,2785,1,1,0.8955180626854852,0.03125,0.0387776510243564,snow,snow
suwalki_2010,60,2786,1,1,0.8889039861088079,0.0375,0.051622483998458986,snow,snow
suwalki_2010,60,2787,1,1,0.868011808518956,0.04375,0.0613439706219997,snow,snow
suwalki_2010,60,2788,1,1,0.868011808518956,0.05,0.07040278437081594,snow,snow
suwalki_2010,60,2789,1,1,0.8835015949627814,0.04375,0.07362585233576059,snow,snow
suwalki_2010,60,2790,1,1,0.8918001230883053,0.0375,0.07668523961677769,snow,snow
suwalki_2010,60,2791,1,1,0.9094766558578613,0.03125,0.08017278829681576,snow,snow
suwalki_2010,60,2792,1,1,0.9179624829120414,0.025,0.08367354033915399,snow,snow
suwalki_2010,60,2793,1,1,0.8056390156815973,0.025,0.052703547612335734,snow,snow
suwalki_2010,60,2794,1,1,0.7380453662172692,0.025,0.03794383190694705,snow,snow
suwalki_2010,60,2795,1,1,0.7153688334477133,0.025,0.029093716956621888,snow,snow
suwalki_2010,60,2796,1,1,0.7140742647118347,0.025,0.027012965206673862,snow,snow
suwalki_2010,60,2797,1,1,0.8169493523260772,0.025,0.02616603081530022,snow,snow
suwalki_2010,60,2798,1,1,0.7995753070716904,0.025,0.027076449823590462,snow,snow
suwalki_2010,60,2799,1,1,0.7974884643768172,0.025,0.026135852206878807,snow,snow
suwalki_2010,60,2800,1,1,0.7997626060003467,0.025,0.030038432922882868,snow,snow
suwalki_2010,60,2801,1,1,0.8202859501424854,0.025,0.030351298445823807,snow,snow
suwalki_2010,60,2802,1,1,0.8214470575491933,0.025,0.03407382845061045,snow,snow
suwalki_2010,60,2803,1,1,0.855186046511628,0.025,0.03501070005571472,snow,snow
suwalki_2010,60,2804,1,1,0.847862579281184,0.025,0.03815244038709922,snow,snow
suwalki_2010,60,2805,1,1,0.8909415031967666,0.03125,0.036540569640715836,snow,snow
suwalki_2010,60,2806,1,1,0.906431289640592,0.0375,0.03724605278603498,snow,snow
suwalki_2010,60,2807,1,1,0.917323467230444,0.04375,0.03901258982527878,snow,snow
suwalki_2010,60,2808,1,1,0.91553911205074,0.05,0.03791595234750879,snow,snow
suwalki_2010,60,2809,1,1,0.888754756871036,0.05,0.05336910086138616,snow,snow
suwalki_2010,60,2810,1,1,0.9081327615150682,0.05,0.06536544840321638,snow,snow
suwalki_2010,60,2811,1,1,0.912323467230444,0.05,0.07773337998946885,snow,snow
suwalki_2010,60,2812,1,1,0.9177258583764706,0.05,0.08577658566935138,snow,snow
suwalki_2010,60,2813,1,1,0.8677258583764705,0.05625,0.07364422598118023,snow,snow
suwalki_2010,60,2814,1,1,0.8722360719326452,0.0625,0.06553324755393747,snow,snow
suwalki_2010,60,2815,1,1,0.8622360719326452,0.06875,0.06081087541543401,snow,snow
suwalki_2010,60,2816,1,1,0.8627258583764705,0.075,0.058741948239008746,snow,snow
suwalki_2010,60,2817,1,1,0.9377258583764706,0.075,0.08091543795096448,snow,snow
suwalki_2010,60,2818,1,1,0.9377258583764706,0.075,0.08706640730650148,snow,snow
suwalki_2010,60,2819,1,1,0.9386180359663225,0.075,0.08141744721060686,snow,snow
suwalki_2010,60,2820,1,1,0.939107822410148,0.075,0.06861872436182714,snow,snow
suwalki_2010,60,2821,1,1,0.989107822410148,0.06875,0.0691424257673812,snow,snow
suwalki_2010,60,2822,1,1,0.989107822410148,0.0625,0.0670926882939977,snow,snow
suwalki_2010,60,2823,1,1,0.995,0.05625,0.06729808075723193,snow,snow
suwalki_2010,60,2824,1,1,0.995,0.05,0.06963502305097116,snow,snow
suwalki_2010,60,2825,1,1,0.988215644820296,0.0375,0.05114989288150024,snow,snow
suwalki_2010,60,2826,1,1,0.9845595391630891,0.025,0.04070568051270461,snow,snow
suwalki_2010,60,2827,1,1,0.9721531886274173,0.0124999999999999,0.03886801183352018,snow,snow
suwalki_2010,60,2828,0,1,0.9456009459907131,0.0,0.04246729652302911,none,snow
suwalki_2010,60,2829,0,1,0.7895487662000045,0.0,0.03897132001564703,none,snow
suwalki_2010,60,2830,0,1,0.7530125643750697,0.0,0.03599112278405911,none,snow
suwalki_2010,60,2831,0,0,0.5687174430362654,0.0,0.03560354127292638,none,none
suwalki_2010,60,2832,0,0,0.5225062394439328,0.0,0.03173739323688984,none,none
suwalki_2010,60,2833,0,0,0.5475062394439328,0.0,0.027929529507481492,none,none
suwalki_2010,60,2834,0,0,0.5437514825728968,0.0,0.028950001947489798,none,none
suwalki_2010,60,2835,0,0,0.5723615221987319,0.0,0.03419770607041782,none,none
suwalki_2010,60,2836,0,0,0.5617395268427641,0.0,0.0359218385711067,none,none
suwalki_2010,60,2837,0,0,0.4862004147920241,0.0,0.031389216586725,none,none
suwalki_2010,60,2838,0,0,0.26858773784355183,0.0,0.028354427166525125,none,none
suwalki_2010,60,2839,0,0,0.1142938689217759,0.0,0.026300189072647407,none,none
suwalki_2010,60,2840,0,0,0.08697040169133192,0.0,0.026185995444720996,none,none
suwalki_2010,60,2841,0,0,0.07197040169133193,0.0,0.025553086052675575,none,none
suwalki_2010,60,2842,0,0,0.044646934460887945,0.0,0.02609326376724803,none,none
suwalki_2010,60,2843,0,0,0.04491711669477208,0.0,0.02406965016430672,none,none
suwalki_2010,60,2844,0,0,0.049917116694772085,0.0,0.02431454456513319,none,none
suwalki_2010,60,2845,0,0,0.06072641097939619,0.0,0.02398349764273279,none,none
suwalki_2010,60,2846,0,0,0.0907264109793962,0.0,0.024315326003030328,none,none
suwalki_2010,60,2847,0,0,0.0998342333895442,0.0,0.023379179040753057,none,none
suwalki_2010,60,2848,0,0,0.09724058392521609,0.0,0.023195129797522567,none,none
suwalki_2010,60,2849,0,0,0.1057264109793962,0.0,0.02327018972338408,none,none
suwalki_2010,60,2850,0,0,0.11572641097939618,0.0,0.0233017378867528,none,none
suwalki_2010,60,2851,0,0,0.12983423338954417,0.0,0.023275767096865397,none,none
suwalki_2010,60,2852,0,0,0.12572641097939619,0.0,0.0230658812662392,none,none
suwalki_2010,60,2853,0,0,0.11340294374895221,0.0,0.023050686167935687,none,none
suwalki_2010,60,2854,0,0,0.11429512133880422,0.0,0.023095984760190452,none,none
suwalki_2010,60,2855,0,0,0.1258092942846241,0.0,0.022938036974298495,none,none
suwalki_2010,60,2856,0,0,0.13402493910492008,0.0,0.02267046986575754,none,none
suwalki_2010,60,2857,0,0,0.13643128964059195,0.0,0.022052994485830868,none,none
suwalki_2010,60,2858,0,0,0.14286257928118393,0.0,0.02177151309519913,none,none
suwalki_2010,60,2859,0,0,0.1419704016913319,0.0,0.022424105727358656,none,none
suwalki_2010,60,2860,0,0,0.1310782241014799,0.0,0.022388450125345252,none,none
suwalki_2010,60,2861,0,0,0.1851860465116279,0.0,0.02295612968405658,none,none
suwalki_2010,60,2862,0,0,0.16956405115566,0.0,0.022337944743785396,none,none
suwalki_2010,60,2863,0,0,0.19045622874551202,0.0,0.022391782959905404,none,none
suwalki_2010,60,2864,0,0,0.19545622874551205,0.0,0.022550976102982546,none,none
suwalki_2010,60,2865,0,0,0.16375475687103594,0.0,0.02265570110351281,none,none
suwalki_2010,60,2866,0,0,0.11504932560691453,0.0,0.02287879521269994,none,none
suwalki_2010,60,2867,0,0,0.11415714801706249,0.0,0.02309679610979582,none,none
suwalki_2010,60,2868,0,0,0.1091571480170625,0.0,0.02309679610979582,none,none
suwalki_2010,60,2869,0,0,0.08143128964059197,0.0,0.022659388731001512,none,none
suwalki_2010,60,2870,0,0,0.06053911205073996,0.0,0.022924048610749103,none,none
suwalki_2010,60,2871,0,0,0.07964693446088794,0.0,0.023090559498189743,none,none
suwalki_2010,60,2872,0,0,0.05464693446088795,0.0,0.02295956047689413,none,none
suwalki_2010,60,2873,0,0,0.06053911205073995,0.0,0.023894665049153024,none,none
suwalki_2010,60,2874,0,0,0.08053911205073996,0.0,0.023821822631593804,none,none
suwalki_2010,60,2875,0,0,0.10053911205073997,0.0,0.023821822631593804,none,none
suwalki_2010,60,2876,0,0,0.11143128964059196,0.0,0.023909388963248755,none,none
suwalki_2010,60,2877,0,0,0.06643128964059197,0.0,0.02362894541363538,none,none
suwalki_2010,60,2878,0,0,0.05732346723044397,0.0,0.023208599609528677,none,none
suwalki_2010,60,2879,0,0,0.03643128964059197,0.0,0.022613481911270265,none,none
suwalki_2010,60,2880,0,0,0.030539112050739958,0.0,0.02242083233194127,none,none
suwalki_2010,60,2881,0,0,0.03553911205073996,0.0,0.022391613800723548,none,none
suwalki_2010,60,2882,0,0,0.03232346723044397,0.0,0.021964376066989907,none,none
suwalki_2010,60,2883,0,0,0.019107822410147992,0.0,0.026060079529285067,none,none
suwalki_2010,60,2884,0,0,0.024107822410147993,0.0,0.026300585628090296,none,none
suwalki_2010,60,2885,0,0,0.029107822410147994,0.0,0.026009270310354413,none,none
suwalki_2010,60,2886,0,0,0.014107822410147993,0.0,0.025757243104029014,none,none
suwalki_2010,60,2887,0,0,0.018215644820295984,0.0,0.025652201154252655,none,none
suwalki_2010,60,2888,0,0,0.013485827054180121,0.0,0.02565586231191417,none,none
suwalki_2010,60,2889,0,0,0.005,0.0,0.02537726954773411,none,none
suwalki_2010,60,2890,0,0,0.005,0.0,0.025897968914906193,none,none
suwalki_2010,60,2891,0,0,0.01,0.0,0.02683051079519138,none,none
suwalki_2010,60,2892,0,0,0.005,0.0,0.02712637032244239,none,none
suwalki_2010,60,2893,0,0,0.01,0.0,0.024960347038010998,none,none
suwalki_2010,60,2894,0,0,0.008485827054180122,0.0,0.025912586327180135,none,none
suwalki_2010,60,2895,0,0,0.005,0.0,0.026553115332017704,none,none
suwalki_2010,60,2896,0,0,0.005,0.0,0.027826486228943705,none,none
suwalki_2010,60,2897,0,0,0.009107822410147992,0.0,0.022359461230758836,none,none
suwalki_2010,60,2898,0,0,0.011701471874476104,0.0,0.021934986389646045,none,none
suwalki_2010,60,2899,0,0,0.049917116694772085,0.0,0.021130890155083012,none,none
suwalki_2010,60,2900,0,0,0.049917116694772085,0.0,0.019740909627193638,none,none
suwalki_2010,60,2901,0,0,0.059917116694772087,0.0,0.020787995438931246,none,none
suwalki_2010,60,2902,0,0,0.0649171166947721,0.0,0.019123377583245667,none,none
suwalki_2010,60,2903,0,0,0.07143128964059196,0.0,0.018518614318456417,none,none
suwalki_2010,60,2904,0,0,0.08143128964059197,0.0,0.017266063230201984,none,none
suwalki_2010,60,2905,0,0,0.11232346723044398,0.0,0.016987277787013432,none,none
suwalki_2010,60,2906,0,0,0.12821564482029596,0.0,0.017149833503744227,none,none
suwalki_2010,60,2907,0,0,0.13821564482029597,0.0,0.01658201368392582,none,none
suwalki_2010,60,2908,0,0,0.14821564482029598,0.0,0.016590701825512706,none,none
suwalki_2010,60,2909,0,0,0.15821564482029596,0.0,0.01620834942655315,none,none
suwalki_2010,60,2910,0,0,0.16321564482029596,0.0,0.017426852209094745,none,none
suwalki_2010,60,2911,0,0,0.14643128964059196,0.0,0.017125839456407752,none,none
suwalki_2010,60,2912,0,0,0.14643128964059196,0.0,0.017102372059253405,none,none
suwalki_2010,60,2913,0,0,0.15491711669477207,0.0,0.016962911486360033,none,none
suwalki_2010,60,2914,0,0,0.15491711669477207,0.0,0.016962911486360033,none,none
suwalki_2010,60,2915,0,0,0.14991711669477206,0.0,0.016962911486360033,none,none
suwalki_2010,60,2916,0,0,0.14491711669477206,0.0,0.016962911486360033,none,none
suwalki_2010,60,2917,0,0,0.1558092942846241,0.0,0.016679417668070618,none,none
suwalki_2010,60,2918,0,0,0.16491711669477205,0.0,0.016932954098434903,none,none
suwalki_2010,60,2919,0,0,0.17580929428462408,0.0,0.016689073840407766,none,none
suwalki_2010,60,2920,0,0,0.1858092942846241,0.0,0.017123766134141488,none,none
suwalki_2010,60,2921,0,0,0.12402493910492007,0.0,0.017316742182332173,none,none
suwalki_2010,60,2922,0,0,0.11991711669477208,0.0,0.016381612284111273,none,none
suwalki_2010,60,2923,0,0,0.12991711669477207,0.0,0.015520176651551068,none,none
suwalki_2010,60,2924,0,0,0.13991711669477205,0.0,0.015624821987887783,none,none
suwalki_2010,60,2925,0,0,0.18080929428462408,0.0,0.014397341163761025,none,none
suwalki_2010,60,2926,0,0,0.1908092942846241,0.0,0.015524517019267329,none,none
suwalki_2010,60,2927,0,0,0.19580929428462407,0.0,0.01592924675353219,none,none
suwalki_2010,60,2928,0,0,0.20170147187447612,0.0,0.015928926129569893,none,none
suwalki_2010,60,2929,0,0,0.1867014718744761,0.0,0.015219479335561387,none,none
suwalki_2010,60,2930,0,0,0.1817014718744761,0.0,0.01614075921305763,none,none
suwalki_2010,60,2931,0,0,0.1817014718744761,0.0,0.01610927115172419,none,none
suwalki_2010,60,2932,0,0,0.1767014718744761,0.0,0.016305469991451858,none,none
suwalki_2010,60,2933,0,0,0.14991711669477206,0.0,0.01598476035108476,none,none
suwalki_2010,60,2934,0,0,0.14991711669477206,0.0,0.01722006229258581,none,none
suwalki_2010,60,2935,0,0,0.14991711669477206,0.0,0.016933882081768516,none,none
suwalki_2010,60,2936,0,0,0.13902493910492006,0.0,0.016058790971257023,none,none
suwalki_2010,60,2937,0,0,0.1317014718744761,0.0,0.014612756821500764,none,none
suwalki_2010,60,2938,0,0,0.12232346723044397,0.0,0.015210450706151549,none,none
suwalki_2010,60,2939,0,0,0.11321564482029599,0.0,0.014064846974970811,none,none
suwalki_2010,60,2940,0,0,0.10821564482029598,0.0,0.014560827387410186,none,none
suwalki_2010,60,2941,0,0,0.05910782241014798,0.0,0.01665062623724255,none,none
suwalki_2010,60,2942,0,0,0.054107822410147985,0.0,0.015606811964052406,none,none
suwalki_2010,60,2943,0,0,0.054107822410147985,0.0,0.01359676190331996,none,none
suwalki_2010,60,2944,0,0,0.005,0.0,0.013422868814365108,none,none
suwalki_2010,60,2945,0,0,0.01,0.0,0.012750972688444455,none,none
suwalki_2010,60,2946,0,0,0.014107822410147993,0.0,0.013358049151118602,none,none
suwalki_2010,60,2947,0,0,0.018215644820295984,0.0,0.017806543119693378,none,none
suwalki_2010,60,2948,0,0,0.013215644820295984,0.0,0.017971525889471204,none,none
suwalki_2010,60,2949,0,0,0.008215644820295983,0.0,0.01810048177185741,none,none
suwalki_2010,60,2950,0,0,0.008215644820295983,0.0,0.01756985657510168,none,none
suwalki_2010,60,2951,0,0,0.008215644820295983,0.0,0.0179005177396966,none,none
suwalki_2010,60,2952,0,0,0.004107822410147992,0.0,0.018196583284760107,none,none
suwalki_2010,60,2953,0,0,0.004107822410147992,0.0,0.012428784095399395,none,none
suwalki_2010,60,2954,0,0,0.004107822410147992,0.0,0.01190152135135418,none,none
suwalki_2010,60,2955,0,0,0.004107822410147992,0.0,0.012403708221128011,none,none
suwalki_2010,60,2956,0,0,0.004107822410147992,0.0,0.01242940242218938,none,none
