time;Czujnik;data;temperature [°C];time;Czujnik;data;temperature [°C];ON/OFF;;22 = on, chyba to temperatura docelowa
12:29:57;CRT;122;12,2;12:29:57;HRT;119;11,9;11;;data = temp*10, nie wiem po co to jest tu
12:29:58;CRT;122;12,2;12:29:58;HRT;119;11,9;11;;
12:29:59;CRT;122;12,2;12:29:59;HRT;119;11,9;11;;
12:30:00;CRT;122;12,2;12:30:00;HRT;119;11,9;11;;
12:30:01;CRT;122;12,2;12:30:01;HRT;119;11,9;22;;
12:30:01;CRT;122;12,2;12:30:01;HRT;119;11,9;22;;
12:30:02;CRT;122;12,2;12:30:02;HRT;119;11,9;22;;
12:30:03;CRT;122;12,2;12:30:03;HRT;119;11,9;22;;
12:30:04;CRT;122;12,2;12:30:04;HRT;119;11,9;22;;
12:30:04;CRT;122;12,2;12:30:04;HRT;119;11,9;22;;
12:30:05;CRT;122;12,2;12:30:05;HRT;119;11,9;22;;
12:30:06;CRT;122;12,2;12:30:06;HRT;119;11,9;22;;
12:30:06;CRT;122;12,2;12:30:06;HRT;119;11,9;22;;
12:30:07;CRT;122;12,2;12:30:07;HRT;119;11,9;22;;
12:30:08;CRT;122;12,2;12:30:08;HRT;119;11,9;22;;
12:30:08;CRT;122;12,2;12:30:08;HRT;119;11,9;22;;
12:30:09;CRT;122;12,2;12:30:09;HRT;119;11,9;22;;
12:30:10;CRT;122;12,2;12:30:10;HRT;119;11,9;22;;
12:30:10;CRT;122;12,2;12:30:10;HRT;119;11,9;22;;
12:30:11;CRT;122;12,2;12:30:11;HRT;119;11,9;22;;
12:30:12;CRT;122;12,2;12:30:12;HRT;119;11,9;22;;
12:30:12;CRT;122;12,2;12:30:12;HRT;119;11,9;22;;
12:30:13;CRT;122;12,2;12:30:13;HRT;119;11,9;22;;
12:30:13;CRT;122;12,2;12:30:13;HRT;119;11,9;22;;
12:30:14;CRT;122;12,2;12:30:14;HRT;119;11,9;22;;
12:30:15;CRT;122;12,2;12:30:15;HRT;119;11,9;22;;
12:30:15;CRT;122;12,2;12:30:15;HRT;119;11,9;22;;
12:30:16;CRT;122;12,2;12:30:16;HRT;119;11,9;22;;
12:30:17;CRT;122;12,2;12:30:17;HRT;119;11,9;22;;
12:30:17;CRT;122;12,2;12:30:17;HRT;119;11,9;22;;
12:30:18;CRT;122;12,2;12:30:18;HRT;119;11,9;22;;
12:30:19;CRT;122;12,2;12:30:19;HRT;119;11,9;22;;
12:30:19;CRT;122;12,2;12:30:19;HRT;119;11,9;22;;
12:30:20;CRT;122;12,2;12:30:20;HRT;119;11,9;22;;
12:30:21;CRT;122;12,2;12:30:21;HRT;119;11,9;22;;
12:30:22;CRT;122;12,2;12:30:22;HRT;119;11,9;22;;
12:30:22;CRT;122;12,2;12:30:22;HRT;119;11,9;22;;
12:30:23;CRT;122;12,2;12:30:23;HRT;119;11,9;22;;
12:30:24;CRT;122;12,2;12:30:24;HRT;119;11,9;22;;
12:30:24;CRT;122;12,2;12:30:24;HRT;119;11,9;22;;
12:30:25;CRT;122;12,2;12:30:25;HRT;119;11,9;22;;
12:30:26;CRT;122;12,2;12:30:26;HRT;119;11,9;22;;
12:30:26;CRT;122;12,2;12:30:26;HRT;119;11,9;22;;
12:30:27;CRT;122;12,2;12:30:27;HRT;119;11,9;22;;
12:30:27;CRT;122;12,2;12:30:28;HRT;119;11,9;22;;
12:30:28;CRT;122;12,2;12:30:28;HRT;119;11,9;22;;
12:30:29;CRT;122;12,2;12:30:29;HRT;119;11,9;22;;
12:30:29;CRT;122;12,2;12:30:29;HRT;119;11,9;22;;
12:30:30;CRT;122;12,2;12:30:30;HRT;119;11,9;22;;
12:30:31;CRT;122;12,2;12:30:31;HRT;119;11,9;22;;
12:30:31;CRT;122;12,2;12:30:31;HRT;119;11,9;22;;
12:30:32;CRT;122;12,2;12:30:32;HRT;119;11,9;22;;
12:30:33;CRT;122;12,2;12:30:33;HRT;119;11,9;22;;
12:30:33;CRT;122;12,2;12:30:33;HRT;119;11,9;22;;
12:30:34;CRT;122;12,2;12:30:34;HRT;119;11,9;22;;
12:30:35;CRT;122;12,2;12:30:35;HRT;119;11,9;22;;
12:30:35;CRT;122;12,2;12:30:35;HRT;119;11,9;22;;
12:30:36;CRT;122;12,2;12:30:36;HRT;119;11,9;22;;
12:30:37;CRT;122;12,2;12:30:37;HRT;119;11,9;22;;
12:30:37;CRT;122;12,2;12:30:37;HRT;119;11,9;22;;
12:30:38;CRT;122;12,2;12:30:38;HRT;119;11,9;22;;
12:30:39;CRT;122;12,2;12:30:39;HRT;119;11,9;22;;
12:30:39;CRT;122;12,2;12:30:39;HRT;119;11,9;22;;
12:30:40;CRT;122;12,2;12:30:40;HRT;119;11,9;22;;
12:30:40;CRT;122;12,2;12:30:40;HRT;119;11,9;22;;
12:30:41;CRT;122;12,2;12:30:41;HRT;119;11,9;22;;
12:30:42;CRT;121;12,1;12:30:42;HRT;120;12;22;;
12:30:42;CRT;121;12,1;12:30:42;HRT;120;12;22;;
12:30:43;CRT;121;12,1;12:30:43;HRT;120;12;22;;
12:30:44;CRT;121;12,1;12:30:44;HRT;120;12;22;;
12:30:44;CRT;121;12,1;12:30:44;HRT;120;12;22;;
12:30:45;CRT;121;12,1;12:30:45;HRT;120;12;22;;
12:30:46;CRT;121;12,1;12:30:46;HRT;120;12;22;;
12:30:46;CRT;121;12,1;12:30:46;HRT;120;12;22;;
12:30:47;CRT;121;12,1;12:30:47;HRT;120;12;22;;
12:30:48;CRT;121;12,1;12:30:48;HRT;120;12;22;;
12:30:48;CRT;121;12,1;12:30:48;HRT;120;12;22;;
12:30:49;CRT;121;12,1;12:30:49;HRT;120;12;22;;
12:30:49;CRT;121;12,1;12:30:49;HRT;120;12;22;;
12:30:50;CRT;121;12,1;12:30:50;HRT;121;12,1;22;;
12:30:51;CRT;121;12,1;12:30:51;HRT;121;12,1;22;;
12:30:51;CRT;121;12,1;12:30:51;HRT;121;12,1;22;;
12:30:52;CRT;121;12,1;12:30:52;HRT;121;12,1;22;;
12:30:53;CRT;121;12,1;12:30:53;HRT;121;12,1;22;;
12:30:53;CRT;121;12,1;12:30:53;HRT;121;12,1;22;;
12:30:54;CRT;121;12,1;12:30:54;HRT;121;12,1;22;;
12:30:55;CRT;121;12,1;12:30:55;HRT;121;12,1;22;;
12:30:55;CRT;121;12,1;12:30:55;HRT;121;12,1;22;;
12:30:56;CRT;121;12,1;12:30:56;HRT;121;12,1;22;;
12:30:57;CRT;121;12,1;12:30:57;HRT;121;12,1;22;;
12:30:57;CRT;121;12,1;12:30:57;HRT;121;12,1;22;;
12:30:58;CRT;121;12,1;12:30:58;HRT;122;12,2;22;;
12:30:59;CRT;121;12,1;12:30:59;HRT;122;12,2;22;;
12:30:59;CRT;121;12,1;12:30:59;HRT;122;12,2;22;;
12:31:00;CRT;121;12,1;12:31:00;HRT;122;12,2;22;;
12:31:01;CRT;121;12,1;12:31:01;HRT;122;12,2;22;;
12:31:01;CRT;122;12,2;12:31:01;HRT;122;12,2;22;;
12:31:02;CRT;122;12,2;12:31:02;HRT;122;12,2;22;;
12:31:03;CRT;122;12,2;12:31:03;HRT;122;12,2;22;;
12:31:03;CRT;122;12,2;12:31:03;HRT;123;12,3;22;;
12:31:04;CRT;122;12,2;12:31:04;HRT;123;12,3;22;;
12:31:05;CRT;122;12,2;12:31:05;HRT;123;12,3;22;;
12:31:05;CRT;122;12,2;12:31:05;HRT;123;12,3;22;;
12:31:06;CRT;122;12,2;12:31:06;HRT;123;12,3;22;;
12:31:07;CRT;122;12,2;12:31:07;HRT;124;12,4;22;;
12:31:07;CRT;122;12,2;12:31:07;HRT;124;12,4;22;;
12:31:08;CRT;122;12,2;12:31:08;HRT;124;12,4;22;;
12:31:09;CRT;122;12,2;12:31:09;HRT;124;12,4;22;;
12:31:09;CRT;122;12,2;12:31:09;HRT;124;12,4;22;;
12:31:10;CRT;122;12,2;12:31:10;HRT;124;12,4;22;;
12:31:11;CRT;122;12,2;12:31:11;HRT;124;12,4;22;;
12:31:11;CRT;122;12,2;12:31:11;HRT;124;12,4;22;;
12:31:12;CRT;122;12,2;12:31:12;HRT;125;12,5;22;;
12:31:13;CRT;122;12,2;12:31:13;HRT;125;12,5;22;;
12:31:13;CRT;122;12,2;12:31:13;HRT;125;12,5;22;;
12:31:14;CRT;122;12,2;12:31:14;HRT;125;12,5;22;;
12:31:14;CRT;122;12,2;12:31:14;HRT;125;12,5;22;;
12:31:15;CRT;122;12,2;12:31:15;HRT;125;12,5;22;;
12:31:16;CRT;122;12,2;12:31:16;HRT;125;12,5;22;;
12:31:16;CRT;122;12,2;12:31:16;HRT;125;12,5;22;;
12:31:17;CRT;121;12,1;12:31:17;HRT;126;12,6;22;;
12:31:18;CRT;121;12,1;12:31:18;HRT;126;12,6;22;;
12:31:18;CRT;121;12,1;12:31:18;HRT;126;12,6;22;;
12:31:19;CRT;121;12,1;12:31:19;HRT;126;12,6;22;;
12:31:20;CRT;121;12,1;12:31:20;HRT;126;12,6;22;;
12:31:20;CRT;122;12,2;12:31:20;HRT;127;12,7;22;;
12:31:21;CRT;122;12,2;12:31:21;HRT;127;12,7;22;;
12:31:22;CRT;122;12,2;12:31:22;HRT;127;12,7;22;;
12:31:22;CRT;121;12,1;12:31:22;HRT;128;12,8;22;;
12:31:23;CRT;121;12,1;12:31:23;HRT;128;12,8;22;;
12:31:24;CRT;121;12,1;12:31:24;HRT;128;12,8;22;;
12:31:24;CRT;121;12,1;12:31:24;HRT;128;12,8;22;;
12:31:25;CRT;121;12,1;12:31:25;HRT;128;12,8;22;;
12:31:26;CRT;121;12,1;12:31:26;HRT;128;12,8;22;;
12:31:26;CRT;121;12,1;12:31:26;HRT;128;12,8;22;;
12:31:27;CRT;121;12,1;12:31:27;HRT;128;12,8;22;;
12:31:28;CRT;121;12,1;12:31:28;HRT;128;12,8;22;;
12:31:28;CRT;121;12,1;12:31:28;HRT;128;12,8;22;;
12:31:29;CRT;121;12,1;12:31:29;HRT;129;12,9;22;;
12:31:30;CRT;121;12,1;12:31:30;HRT;129;12,9;22;;
12:31:30;CRT;121;12,1;12:31:30;HRT;129;12,9;22;;
12:31:31;CRT;122;12,2;12:31:31;HRT;130;13;22;;
12:31:32;CRT;122;12,2;12:31:32;HRT;130;13;22;;
12:31:32;CRT;122;12,2;12:31:32;HRT;130;13;22;;
12:31:33;CRT;122;12,2;12:31:33;HRT;130;13;22;;
12:31:34;CRT;122;12,2;12:31:34;HRT;130;13;22;;
12:31:34;CRT;122;12,2;12:31:34;HRT;130;13;22;;
12:31:35;CRT;122;12,2;12:31:35;HRT;130;13;22;;
12:31:35;CRT;122;12,2;12:31:35;HRT;130;13;22;;
12:31:36;CRT;122;12,2;12:31:36;HRT;130;13;22;;
12:31:37;CRT;122;12,2;12:31:37;HRT;131;13,1;22;;
12:31:37;CRT;122;12,2;12:31:37;HRT;131;13,1;22;;
12:31:38;CRT;122;12,2;12:31:38;HRT;131;13,1;22;;
12:31:39;CRT;122;12,2;12:31:39;HRT;131;13,1;22;;
12:31:39;CRT;121;12,1;12:31:39;HRT;132;13,2;22;;
12:31:40;CRT;121;12,1;12:31:40;HRT;132;13,2;22;;
12:31:41;CRT;121;12,1;12:31:41;HRT;132;13,2;22;;
12:31:41;CRT;121;12,1;12:31:41;HRT;132;13,2;22;;
12:31:42;CRT;121;12,1;12:31:42;HRT;132;13,2;22;;
12:31:42;CRT;121;12,1;12:31:42;HRT;133;13,3;22;;
12:31:43;CRT;121;12,1;12:31:43;HRT;133;13,3;22;;
12:31:44;CRT;121;12,1;12:31:44;HRT;133;13,3;22;;
12:31:44;CRT;121;12,1;12:31:44;HRT;134;13,4;22;;
12:31:45;CRT;121;12,1;12:31:45;HRT;134;13,4;22;;
12:31:46;CRT;121;12,1;12:31:46;HRT;134;13,4;22;;
12:31:46;CRT;121;12,1;12:31:46;HRT;134;13,4;22;;
12:31:47;CRT;121;12,1;12:31:47;HRT;134;13,4;22;;
12:31:48;CRT;121;12,1;12:31:48;HRT;134;13,4;22;;
12:31:48;CRT;121;12,1;12:31:48;HRT;134;13,4;22;;
12:31:49;CRT;121;12,1;12:31:49;HRT;134;13,4;22;;
12:31:50;CRT;121;12,1;12:31:50;HRT;134;13,4;22;;
12:31:50;CRT;121;12,1;12:31:50;HRT;134;13,4;22;;
12:31:51;CRT;121;12,1;12:31:51;HRT;135;13,5;22;;
12:31:52;CRT;121;12,1;12:31:52;HRT;135;13,5;22;;
12:31:52;CRT;121;12,1;12:31:52;HRT;135;13,5;22;;
12:31:53;CRT;121;12,1;12:31:53;HRT;136;13,6;22;;
12:31:54;CRT;121;12,1;12:31:54;HRT;136;13,6;22;;
12:31:54;CRT;121;12,1;12:31:54;HRT;136;13,6;22;;
12:31:55;CRT;121;12,1;12:31:55;HRT;136;13,6;22;;
12:31:56;CRT;121;12,1;12:31:56;HRT;137;13,7;22;;
12:31:56;CRT;121;12,1;12:31:56;HRT;137;13,7;22;;
12:31:57;CRT;121;12,1;12:31:57;HRT;137;13,7;22;;
12:31:58;CRT;121;12,1;12:31:58;HRT;137;13,7;22;;
12:31:58;CRT;121;12,1;12:31:58;HRT;138;13,8;22;;
12:31:59;CRT;121;12,1;12:31:59;HRT;138;13,8;22;;
12:32:00;CRT;121;12,1;12:32:00;HRT;138;13,8;22;;
12:32:00;CRT;121;12,1;12:32:00;HRT;138;13,8;22;;
12:32:01;CRT;121;12,1;12:32:01;HRT;138;13,8;22;;
12:32:02;CRT;121;12,1;12:32:02;HRT;138;13,8;22;;
12:32:02;CRT;121;12,1;12:32:02;HRT;138;13,8;22;;
12:32:03;CRT;121;12,1;12:32:03;HRT;138;13,8;22;;
12:32:04;CRT;121;12,1;12:32:04;HRT;138;13,8;22;;
12:32:04;CRT;121;12,1;12:32:04;HRT;139;13,9;22;;
12:32:05;CRT;121;12,1;12:32:05;HRT;139;13,9;22;;
12:32:05;CRT;121;12,1;12:32:05;HRT;139;13,9;22;;
12:32:06;CRT;121;12,1;12:32:06;HRT;139;13,9;22;;
12:32:07;CRT;121;12,1;12:32:07;HRT;140;14;22;;
12:32:07;CRT;121;12,1;12:32:07;HRT;140;14;22;;
12:32:08;CRT;121;12,1;12:32:08;HRT;140;14;22;;
12:32:09;CRT;121;12,1;12:32:09;HRT;140;14;22;;
12:32:09;CRT;121;12,1;12:32:09;HRT;141;14,1;22;;
12:32:10;CRT;121;12,1;12:32:10;HRT;141;14,1;22;;
12:32:11;CRT;121;12,1;12:32:11;HRT;141;14,1;22;;
12:32:11;CRT;121;12,1;12:32:11;HRT;141;14,1;22;;
12:32:12;CRT;121;12,1;12:32:12;HRT;141;14,1;22;;
12:32:13;CRT;121;12,1;12:32:13;HRT;141;14,1;22;;
12:32:13;CRT;121;12,1;12:32:13;HRT;141;14,1;22;;
12:32:14;CRT;121;12,1;12:32:14;HRT;141;14,1;22;;
12:32:15;CRT;121;12,1;12:32:15;HRT;142;14,2;22;;
12:32:15;CRT;121;12,1;12:32:15;HRT;142;14,2;22;;
12:32:16;CRT;121;12,1;12:32:16;HRT;142;14,2;22;;
12:32:17;CRT;121;12,1;12:32:17;HRT;142;14,2;22;;
12:32:17;CRT;121;12,1;12:32:17;HRT;142;14,2;22;;
12:32:18;CRT;121;12,1;12:32:18;HRT;143;14,3;22;;
12:32:19;CRT;121;12,1;12:32:19;HRT;143;14,3;22;;
12:32:19;CRT;121;12,1;12:32:19;HRT;143;14,3;22;;
12:32:20;CRT;121;12,1;12:32:20;HRT;144;14,4;22;;
12:32:20;CRT;121;12,1;12:32:20;HRT;144;14,4;22;;
12:32:21;CRT;121;12,1;12:32:21;HRT;144;14,4;22;;
12:32:22;CRT;121;12,1;12:32:22;HRT;144;14,4;22;;
12:32:22;CRT;121;12,1;12:32:22;HRT;144;14,4;22;;
12:32:23;CRT;121;12,1;12:32:23;HRT;145;14,5;22;;
12:32:24;CRT;121;12,1;12:32:24;HRT;145;14,5;22;;
12:32:24;CRT;121;12,1;12:32:24;HRT;145;14,5;22;;
12:32:25;CRT;121;12,1;12:32:25;HRT;145;14,5;22;;
12:32:26;CRT;121;12,1;12:32:26;HRT;145;14,5;22;;
12:32:26;CRT;121;12,1;12:32:26;HRT;145;14,5;22;;
12:32:27;CRT;121;12,1;12:32:27;HRT;145;14,5;22;;
12:32:28;CRT;121;12,1;12:32:28;HRT;145;14,5;22;;
12:32:28;CRT;121;12,1;12:32:28;HRT;146;14,6;22;;
12:32:29;CRT;121;12,1;12:32:29;HRT;146;14,6;22;;
12:32:30;CRT;121;12,1;12:32:30;HRT;146;14,6;22;;
12:32:30;CRT;121;12,1;12:32:30;HRT;146;14,6;22;;
12:32:31;CRT;121;12,1;12:32:31;HRT;146;14,6;22;;
12:32:32;CRT;121;12,1;12:32:32;HRT;147;14,7;22;;
12:32:32;CRT;121;12,1;12:32:32;HRT;147;14,7;22;;
12:32:33;CRT;121;12,1;12:32:33;HRT;147;14,7;22;;
12:32:33;CRT;121;12,1;12:32:33;HRT;148;14,8;22;;
12:32:34;CRT;121;12,1;12:32:34;HRT;148;14,8;22;;
12:32:35;CRT;121;12,1;12:32:35;HRT;148;14,8;22;;
12:32:35;CRT;121;12,1;12:32:35;HRT;148;14,8;22;;
12:32:36;CRT;121;12,1;12:32:36;HRT;148;14,8;22;;
12:32:37;CRT;121;12,1;12:32:37;HRT;149;14,9;22;;
12:32:37;CRT;121;12,1;12:32:37;HRT;149;14,9;22;;
12:32:38;CRT;121;12,1;12:32:38;HRT;149;14,9;22;;
12:32:39;CRT;121;12,1;12:32:39;HRT;149;14,9;22;;
12:32:39;CRT;121;12,1;12:32:39;HRT;149;14,9;22;;
12:32:40;CRT;121;12,1;12:32:40;HRT;150;15;22;;
12:32:41;CRT;121;12,1;12:32:41;HRT;150;15;22;;
12:32:41;CRT;121;12,1;12:32:41;HRT;150;15;22;;
12:32:42;CRT;121;12,1;12:32:42;HRT;150;15;22;;
12:32:43;CRT;121;12,1;12:32:43;HRT;150;15;22;;
12:32:43;CRT;121;12,1;12:32:43;HRT;150;15;22;;
12:32:44;CRT;121;12,1;12:32:44;HRT;150;15;22;;
12:32:45;CRT;121;12,1;12:32:45;HRT;150;15;22;;
12:32:45;CRT;121;12,1;12:32:45;HRT;151;15,1;22;;
12:32:46;CRT;121;12,1;12:32:46;HRT;151;15,1;22;;
12:32:46;CRT;121;12,1;12:32:46;HRT;151;15,1;22;;
12:32:47;CRT;121;12,1;12:32:47;HRT;152;15,2;22;;
12:32:48;CRT;121;12,1;12:32:48;HRT;152;15,2;22;;
12:32:48;CRT;121;12,1;12:32:48;HRT;152;15,2;22;;
12:32:49;CRT;121;12,1;12:32:49;HRT;152;15,2;22;;
12:32:50;CRT;121;12,1;12:32:50;HRT;152;15,2;22;;
12:32:50;CRT;121;12,1;12:32:50;HRT;153;15,3;22;;
12:32:51;CRT;121;12,1;12:32:51;HRT;153;15,3;22;;
12:32:52;CRT;121;12,1;12:32:52;HRT;153;15,3;22;;
12:32:52;CRT;121;12,1;12:32:52;HRT;153;15,3;22;;
12:32:53;CRT;121;12,1;12:32:53;HRT;153;15,3;22;;
12:32:54;CRT;121;12,1;12:32:54;HRT;154;15,4;22;;
12:32:54;CRT;121;12,1;12:32:54;HRT;154;15,4;22;;
12:32:55;CRT;121;12,1;12:32:55;HRT;154;15,4;22;;
12:32:55;CRT;121;12,1;12:32:55;HRT;154;15,4;22;;
12:32:56;CRT;121;12,1;12:32:56;HRT;154;15,4;22;;
12:32:57;CRT;121;12,1;12:32:57;HRT;154;15,4;22;;
12:32:57;CRT;121;12,1;12:32:57;HRT;154;15,4;22;;
12:32:58;CRT;121;12,1;12:32:58;HRT;154;15,4;22;;
12:32:59;CRT;121;12,1;12:32:59;HRT;155;15,5;22;;
12:32:59;CRT;121;12,1;12:32:59;HRT;155;15,5;22;;
12:33:00;CRT;121;12,1;12:33:00;HRT;155;15,5;22;;
12:33:01;CRT;121;12,1;12:33:01;HRT;156;15,6;22;;
12:33:01;CRT;121;12,1;12:33:01;HRT;156;15,6;22;;
12:33:02;CRT;121;12,1;12:33:02;HRT;156;15,6;22;;
12:33:03;CRT;121;12,1;12:33:03;HRT;156;15,6;22;;
12:33:03;CRT;121;12,1;12:33:03;HRT;156;15,6;22;;
12:33:04;CRT;121;12,1;12:33:04;HRT;157;15,7;22;;
12:33:05;CRT;121;12,1;12:33:05;HRT;157;15,7;22;;
12:33:05;CRT;121;12,1;12:33:05;HRT;157;15,7;22;;
12:33:06;CRT;121;12,1;12:33:06;HRT;157;15,7;22;;
12:33:06;CRT;121;12,1;12:33:06;HRT;157;15,7;22;;
12:33:07;CRT;121;12,1;12:33:07;HRT;157;15,7;22;;
12:33:08;CRT;121;12,1;12:33:08;HRT;157;15,7;22;;
12:33:08;CRT;121;12,1;12:33:08;HRT;157;15,7;22;;
12:33:09;CRT;121;12,1;12:33:09;HRT;158;15,8;22;;
12:33:10;CRT;121;12,1;12:33:10;HRT;158;15,8;22;;
12:33:10;CRT;121;12,1;12:33:10;HRT;158;15,8;22;;
12:33:11;CRT;121;12,1;12:33:11;HRT;158;15,8;22;;
12:33:12;CRT;121;12,1;12:33:12;HRT;158;15,8;22;;
12:33:12;CRT;121;12,1;12:33:12;HRT;159;15,9;22;;
12:33:13;CRT;121;12,1;12:33:13;HRT;159;15,9;22;;
12:33:14;CRT;121;12,1;12:33:14;HRT;159;15,9;22;;
12:33:14;CRT;121;12,1;12:33:14;HRT;159;15,9;22;;
12:33:15;CRT;121;12,1;12:33:15;HRT;159;15,9;22;;
12:33:16;CRT;121;12,1;12:33:16;HRT;160;16;22;;
12:33:16;CRT;121;12,1;12:33:16;HRT;160;16;22;;
12:33:17;CRT;121;12,1;12:33:17;HRT;160;16;22;;
12:33:18;CRT;121;12,1;12:33:18;HRT;160;16;22;;
12:33:18;CRT;121;12,1;12:33:18;HRT;160;16;22;;
12:33:19;CRT;121;12,1;12:33:19;HRT;160;16;22;;
12:33:20;CRT;121;12,1;12:33:20;HRT;160;16;22;;
12:33:20;CRT;121;12,1;12:33:20;HRT;160;16;22;;
12:33:21;CRT;121;12,1;12:33:21;HRT;161;16,1;22;;
12:33:21;CRT;121;12,1;12:33:21;HRT;161;16,1;22;;
12:33:22;CRT;121;12,1;12:33:22;HRT;161;16,1;22;;
12:33:23;CRT;121;12,1;12:33:23;HRT;162;16,2;22;;
12:33:23;CRT;121;12,1;12:33:23;HRT;162;16,2;22;;
12:33:24;CRT;121;12,1;12:33:24;HRT;162;16,2;22;;
12:33:25;CRT;121;12,1;12:33:25;HRT;162;16,2;22;;
12:33:25;CRT;121;12,1;12:33:25;HRT;162;16,2;22;;
12:33:26;CRT;121;12,1;12:33:26;HRT;163;16,3;22;;
12:33:27;CRT;121;12,1;12:33:27;HRT;163;16,3;22;;
12:33:27;CRT;121;12,1;12:33:27;HRT;163;16,3;22;;
12:33:28;CRT;121;12,1;12:33:28;HRT;163;16,3;22;;
12:33:29;CRT;121;12,1;12:33:29;HRT;163;16,3;22;;
12:33:29;CRT;121;12,1;12:33:29;HRT;164;16,4;22;;
12:33:30;CRT;121;12,1;12:33:30;HRT;164;16,4;22;;
12:33:31;CRT;121;12,1;12:33:31;HRT;164;16,4;22;;
12:33:31;CRT;121;12,1;12:33:31;HRT;164;16,4;22;;
12:33:32;CRT;121;12,1;12:33:32;HRT;164;16,4;22;;
12:33:33;CRT;121;12,1;12:33:33;HRT;164;16,4;22;;
12:33:33;CRT;121;12,1;12:33:33;HRT;164;16,4;22;;
12:33:34;CRT;121;12,1;12:33:34;HRT;164;16,4;22;;
12:33:34;CRT;121;12,1;12:33:34;HRT;165;16,5;22;;
12:33:35;CRT;121;12,1;12:33:35;HRT;165;16,5;22;;
12:33:36;CRT;121;12,1;12:33:36;HRT;165;16,5;22;;
12:33:37;CRT;121;12,1;12:33:37;HRT;166;16,6;22;;
12:33:37;CRT;121;12,1;12:33:37;HRT;166;16,6;22;;
12:33:38;CRT;121;12,1;12:33:38;HRT;166;16,6;22;;
12:33:38;CRT;121;12,1;12:33:38;HRT;166;16,6;22;;
12:33:39;CRT;121;12,1;12:33:39;HRT;166;16,6;22;;
12:33:40;CRT;121;12,1;12:33:40;HRT;166;16,6;22;;
12:33:40;CRT;121;12,1;12:33:40;HRT;166;16,6;22;;
12:33:41;CRT;121;12,1;12:33:41;HRT;166;16,6;22;;
12:33:42;CRT;121;12,1;12:33:42;HRT;166;16,6;22;;
12:33:42;CRT;121;12,1;12:33:42;HRT;166;16,6;22;;
12:33:43;CRT;121;12,1;12:33:43;HRT;167;16,7;22;;
12:33:44;CRT;121;12,1;12:33:44;HRT;167;16,7;22;;
12:33:44;CRT;121;12,1;12:33:44;HRT;167;16,7;22;;
12:33:45;CRT;121;12,1;12:33:45;HRT;168;16,8;22;;
12:33:46;CRT;121;12,1;12:33:46;HRT;168;16,8;22;;
12:33:46;CRT;121;12,1;12:33:46;HRT;168;16,8;22;;
12:33:47;CRT;121;12,1;12:33:47;HRT;168;16,8;22;;
12:33:48;CRT;121;12,1;12:33:48;HRT;168;16,8;22;;
12:33:48;CRT;121;12,1;12:33:48;HRT;168;16,8;22;;
12:33:49;CRT;121;12,1;12:33:49;HRT;168;16,8;22;;
12:33:50;CRT;121;12,1;12:33:50;HRT;168;16,8;22;;
12:33:50;CRT;121;12,1;12:33:50;HRT;169;16,9;22;;
12:33:51;CRT;121;12,1;12:33:51;HRT;169;16,9;22;;
12:33:52;CRT;121;12,1;12:33:52;HRT;169;16,9;22;;
12:33:52;CRT;121;12,1;12:33:52;HRT;169;16,9;22;;
12:33:53;CRT;121;12,1;12:33:53;HRT;170;17;22;;
12:33:54;CRT;121;12,1;12:33:54;HRT;170;17;22;;
12:33:54;CRT;121;12,1;12:33:54;HRT;170;17;22;;
12:33:55;CRT;121;12,1;12:33:55;HRT;170;17;22;;
12:33:56;CRT;121;12,1;12:33:56;HRT;170;17;22;;
12:33:56;CRT;121;12,1;12:33:56;HRT;171;17,1;22;;
12:33:57;CRT;121;12,1;12:33:57;HRT;171;17,1;22;;
12:33:58;CRT;121;12,1;12:33:58;HRT;171;17,1;22;;
12:33:58;CRT;121;12,1;12:33:58;HRT;171;17,1;22;;
12:33:59;CRT;121;12,1;12:33:59;HRT;171;17,1;22;;
12:34:00;CRT;121;12,1;12:34:00;HRT;171;17,1;22;;
12:34:00;CRT;121;12,1;12:34:00;HRT;171;17,1;22;;
12:34:01;CRT;121;12,1;12:34:01;HRT;171;17,1;22;;
12:34:02;CRT;121;12,1;12:34:02;HRT;172;17,2;22;;
12:34:02;CRT;121;12,1;12:34:02;HRT;172;17,2;22;;
12:34:03;CRT;121;12,1;12:34:03;HRT;172;17,2;22;;
12:34:03;CRT;121;12,1;12:34:03;HRT;172;17,2;22;;
12:34:04;CRT;121;12,1;12:34:04;HRT;172;17,2;22;;
12:34:05;CRT;121;12,1;12:34:05;HRT;173;17,3;22;;
12:34:05;CRT;121;12,1;12:34:05;HRT;173;17,3;22;;
12:34:06;CRT;121;12,1;12:34:06;HRT;173;17,3;22;;
12:34:07;CRT;121;12,1;12:34:07;HRT;173;17,3;22;;
12:34:07;CRT;121;12,1;12:34:07;HRT;173;17,3;22;;
12:34:08;CRT;121;12,1;12:34:08;HRT;173;17,3;22;;
12:34:09;CRT;121;12,1;12:34:09;HRT;173;17,3;22;;
12:34:09;CRT;121;12,1;12:34:09;HRT;173;17,3;22;;
12:34:10;CRT;121;12,1;12:34:10;HRT;174;17,4;22;;
12:34:11;CRT;121;12,1;12:34:11;HRT;174;17,4;22;;
12:34:11;CRT;121;12,1;12:34:11;HRT;174;17,4;22;;
12:34:12;CRT;121;12,1;12:34:12;HRT;175;17,5;22;;
12:34:13;CRT;121;12,1;12:34:13;HRT;175;17,5;22;;
12:34:13;CRT;121;12,1;12:34:13;HRT;175;17,5;22;;
12:34:14;CRT;121;12,1;12:34:14;HRT;175;17,5;22;;
12:34:15;CRT;121;12,1;12:34:15;HRT;175;17,5;22;;
12:34:15;CRT;121;12,1;12:34:15;HRT;175;17,5;22;;
12:34:16;CRT;121;12,1;12:34:16;HRT;175;17,5;22;;
12:34:17;CRT;121;12,1;12:34:17;HRT;175;17,5;22;;
12:34:17;CRT;121;12,1;12:34:17;HRT;175;17,5;22;;
12:34:18;CRT;121;12,1;12:34:18;HRT;175;17,5;22;;
12:34:18;CRT;121;12,1;12:34:18;HRT;176;17,6;22;;
12:34:19;CRT;121;12,1;12:34:19;HRT;176;17,6;22;;
12:34:20;CRT;121;12,1;12:34:20;HRT;176;17,6;22;;
12:34:20;CRT;121;12,1;12:34:20;HRT;176;17,6;22;;
12:34:21;CRT;121;12,1;12:34:21;HRT;176;17,6;22;;
12:34:22;CRT;121;12,1;12:34:22;HRT;176;17,6;22;;
12:34:22;CRT;121;12,1;12:34:22;HRT;176;17,6;22;;
12:34:23;CRT;121;12,1;12:34:23;HRT;176;17,6;22;;
12:34:24;CRT;121;12,1;12:34:24;HRT;177;17,7;22;;
12:34:24;CRT;121;12,1;12:34:24;HRT;177;17,7;22;;
12:34:25;CRT;121;12,1;12:34:25;HRT;177;17,7;22;;
12:34:26;CRT;121;12,1;12:34:26;HRT;178;17,8;22;;
12:34:26;CRT;121;12,1;12:34:26;HRT;178;17,8;22;;
12:34:27;CRT;121;12,1;12:34:27;HRT;178;17,8;22;;
12:34:28;CRT;121;12,1;12:34:28;HRT;178;17,8;22;;
12:34:28;CRT;121;12,1;12:34:28;HRT;178;17,8;22;;
12:34:29;CRT;121;12,1;12:34:29;HRT;178;17,8;22;;
12:34:30;CRT;121;12,1;12:34:30;HRT;178;17,8;22;;
12:34:30;CRT;121;12,1;12:34:30;HRT;178;17,8;22;;
12:34:31;CRT;121;12,1;12:34:31;HRT;178;17,8;22;;
12:34:32;CRT;121;12,1;12:34:32;HRT;178;17,8;22;;
12:34:32;CRT;121;12,1;12:34:32;HRT;179;17,9;22;;
12:34:33;CRT;121;12,1;12:34:33;HRT;179;17,9;22;;
12:34:34;CRT;121;12,1;12:34:34;HRT;179;17,9;22;;
12:34:34;CRT;121;12,1;12:34:34;HRT;179;17,9;22;;
12:34:35;CRT;121;12,1;12:34:35;HRT;179;17,9;22;;
12:34:36;CRT;121;12,1;12:34:36;HRT;179;17,9;22;;
12:34:36;CRT;121;12,1;12:34:36;HRT;179;17,9;22;;
12:34:37;CRT;121;12,1;12:34:37;HRT;179;17,9;22;;
12:34:38;CRT;120;12;12:34:38;HRT;180;18;22;;
12:34:38;CRT;120;12;12:34:38;HRT;180;18;22;;
12:34:39;CRT;120;12;12:34:39;HRT;180;18;22;;
12:34:39;CRT;121;12,1;12:34:39;HRT;181;18,1;22;;
12:34:40;CRT;121;12,1;12:34:40;HRT;181;18,1;22;;
12:34:41;CRT;121;12,1;12:34:41;HRT;181;18,1;22;;
12:34:41;CRT;121;12,1;12:34:41;HRT;181;18,1;22;;
12:34:42;CRT;121;12,1;12:34:42;HRT;181;18,1;22;;
12:34:43;CRT;120;12;12:34:43;HRT;181;18,1;22;;
12:34:43;CRT;120;12;12:34:43;HRT;181;18,1;22;;
12:34:44;CRT;120;12;12:34:44;HRT;181;18,1;22;;
12:34:45;CRT;120;12;12:34:45;HRT;181;18,1;22;;
12:34:45;CRT;120;12;12:34:45;HRT;181;18,1;22;;
12:34:46;CRT;120;12;12:34:46;HRT;182;18,2;22;;
12:34:47;CRT;120;12;12:34:47;HRT;182;18,2;22;;
12:34:47;CRT;120;12;12:34:47;HRT;182;18,2;22;;
12:34:48;CRT;121;12,1;12:34:48;HRT;182;18,2;22;;
12:34:49;CRT;121;12,1;12:34:49;HRT;182;18,2;22;;
12:34:49;CRT;121;12,1;12:34:49;HRT;182;18,2;22;;
12:34:50;CRT;121;12,1;12:34:50;HRT;182;18,2;22;;
12:34:51;CRT;121;12,1;12:34:51;HRT;182;18,2;22;;
12:34:51;CRT;120;12;12:34:51;HRT;183;18,3;22;;
12:34:52;CRT;120;12;12:34:52;HRT;183;18,3;22;;
12:34:52;CRT;120;12;12:34:52;HRT;183;18,3;22;;
12:34:53;CRT;120;12;12:34:53;HRT;183;18,3;22;;
12:34:54;CRT;120;12;12:34:54;HRT;183;18,3;22;;
12:34:54;CRT;120;12;12:34:54;HRT;183;18,3;22;;
12:34:55;CRT;120;12;12:34:55;HRT;183;18,3;22;;
12:34:56;CRT;120;12;12:34:56;HRT;183;18,3;22;;
12:34:56;CRT;120;12;12:34:56;HRT;184;18,4;22;;
12:34:57;CRT;120;12;12:34:57;HRT;184;18,4;22;;
12:34:58;CRT;120;12;12:34:58;HRT;184;18,4;22;;
12:34:58;CRT;120;12;12:34:58;HRT;184;18,4;22;;
12:34:59;CRT;120;12;12:34:59;HRT;184;18,4;22;;
12:34:59;CRT;120;12;12:34:59;HRT;184;18,4;22;;
12:35:00;CRT;120;12;12:35:00;HRT;184;18,4;22;;
12:35:01;CRT;120;12;12:35:01;HRT;184;18,4;22;;
12:35:01;CRT;120;12;12:35:01;HRT;185;18,5;22;;
12:35:02;CRT;120;12;12:35:02;HRT;185;18,5;22;;
12:35:03;CRT;120;12;12:35:03;HRT;185;18,5;22;;
12:35:03;CRT;120;12;12:35:03;HRT;185;18,5;22;;
12:35:04;CRT;120;12;12:35:04;HRT;185;18,5;22;;
12:35:05;CRT;120;12;12:35:05;HRT;185;18,5;22;;
12:35:05;CRT;120;12;12:35:05;HRT;185;18,5;22;;
12:35:06;CRT;120;12;12:35:06;HRT;185;18,5;22;;
12:35:07;CRT;120;12;12:35:07;HRT;185;18,5;22;;
12:35:07;CRT;120;12;12:35:07;HRT;185;18,5;22;;
12:35:08;CRT;120;12;12:35:08;HRT;186;18,6;22;;
12:35:09;CRT;120;12;12:35:09;HRT;186;18,6;22;;
12:35:09;CRT;120;12;12:35:09;HRT;186;18,6;22;;
12:35:10;CRT;120;12;12:35:10;HRT;186;18,6;22;;
12:35:10;CRT;120;12;12:35:10;HRT;186;18,6;22;;
12:35:11;CRT;120;12;12:35:11;HRT;186;18,6;22;;
12:35:12;CRT;120;12;12:35:12;HRT;186;18,6;22;;
12:35:12;CRT;120;12;12:35:12;HRT;186;18,6;22;;
12:35:13;CRT;120;12;12:35:13;HRT;187;18,7;22;;
12:35:14;CRT;120;12;12:35:14;HRT;187;18,7;22;;
12:35:14;CRT;120;12;12:35:14;HRT;187;18,7;22;;
12:35:15;CRT;120;12;12:35:15;HRT;187;18,7;22;;
12:35:16;CRT;120;12;12:35:16;HRT;187;18,7;22;;
12:35:16;CRT;120;12;12:35:16;HRT;187;18,7;22;;
12:35:17;CRT;120;12;12:35:17;HRT;187;18,7;22;;
12:35:24;CRT;120;12;12:35:24;HRT;189;18,9;22;;
12:35:25;CRT;120;12;12:35:25;HRT;189;18,9;22;;
12:35:25;CRT;120;12;12:35:25;HRT;189;18,9;22;;
12:35:26;CRT;120;12;12:35:26;HRT;189;18,9;22;;
12:35:27;CRT;120;12;12:35:27;HRT;190;19;22;;
12:35:27;CRT;120;12;12:35:27;HRT;190;19;22;;
12:35:28;CRT;120;12;12:35:28;HRT;190;19;22;;
12:35:29;CRT;120;12;12:35:29;HRT;190;19;22;;
12:35:29;CRT;120;12;12:35:29;HRT;190;19;22;;
12:35:30;CRT;120;12;12:35:30;HRT;190;19;22;;
12:35:31;CRT;120;12;12:35:31;HRT;190;19;22;;
12:35:31;CRT;120;12;12:35:31;HRT;190;19;22;;
12:35:32;CRT;120;12;12:35:32;HRT;191;19,1;22;;
12:35:33;CRT;120;12;12:35:33;HRT;191;19,1;22;;
12:35:33;CRT;120;12;12:35:33;HRT;191;19,1;22;;
12:35:34;CRT;120;12;12:35:34;HRT;191;19,1;22;;
12:35:35;CRT;120;12;12:35:35;HRT;191;19,1;22;;
12:35:35;CRT;120;12;12:35:35;HRT;191;19,1;22;;
12:35:36;CRT;120;12;12:35:36;HRT;191;19,1;22;;
12:35:37;CRT;120;12;12:35:37;HRT;191;19,1;22;;
12:35:37;CRT;120;12;12:35:37;HRT;192;19,2;22;;
12:35:38;CRT;120;12;12:35:38;HRT;192;19,2;22;;
12:35:38;CRT;120;12;12:35:38;HRT;192;19,2;22;;
12:35:39;CRT;120;12;12:35:39;HRT;192;19,2;22;;
12:35:40;CRT;120;12;12:35:40;HRT;192;19,2;22;;
12:35:40;CRT;120;12;12:35:40;HRT;192;19,2;22;;
12:35:41;CRT;120;12;12:35:41;HRT;192;19,2;22;;
12:35:42;CRT;120;12;12:35:42;HRT;192;19,2;22;;
12:35:42;CRT;120;12;12:35:42;HRT;193;19,3;22;;
12:35:43;CRT;120;12;12:35:43;HRT;193;19,3;22;;
12:35:44;CRT;120;12;12:35:44;HRT;193;19,3;22;;
12:35:44;CRT;120;12;12:35:44;HRT;193;19,3;22;;
12:35:45;CRT;120;12;12:35:45;HRT;193;19,3;22;;
12:35:46;CRT;120;12;12:35:46;HRT;193;19,3;22;;
12:35:46;CRT;120;12;12:35:46;HRT;193;19,3;22;;
12:35:47;CRT;120;12;12:35:47;HRT;193;19,3;22;;
12:35:48;CRT;120;12;12:35:48;HRT;193;19,3;22;;
12:35:48;CRT;120;12;12:35:48;HRT;193;19,3;22;;
12:35:49;CRT;120;12;12:35:49;HRT;194;19,4;22;;
12:35:49;CRT;120;12;12:35:49;HRT;194;19,4;22;;
12:35:50;CRT;120;12;12:35:50;HRT;194;19,4;22;;
12:35:51;CRT;119;11,9;12:35:51;HRT;194;19,4;22;;
12:35:51;CRT;119;11,9;12:35:51;HRT;194;19,4;22;;
12:35:52;CRT;119;11,9;12:35:52;HRT;194;19,4;22;;
12:35:53;CRT;119;11,9;12:35:53;HRT;194;19,4;22;;
12:35:53;CRT;119;11,9;12:35:53;HRT;194;19,4;22;;
12:35:54;CRT;120;12;12:35:54;HRT;195;19,5;22;;
12:35:55;CRT;120;12;12:35:55;HRT;195;19,5;22;;
12:35:55;CRT;120;12;12:35:55;HRT;195;19,5;22;;
12:35:56;CRT;120;12;12:35:56;HRT;196;19,6;22;;
12:35:57;CRT;120;12;12:35:57;HRT;196;19,6;22;;
12:35:57;CRT;120;12;12:35:57;HRT;196;19,6;22;;
12:35:58;CRT;120;12;12:35:58;HRT;196;19,6;22;;
12:35:58;CRT;120;12;12:35:58;HRT;196;19,6;22;;
12:35:59;CRT;120;12;12:35:59;HRT;196;19,6;22;;
12:36:00;CRT;120;12;12:36:00;HRT;196;19,6;22;;
12:36:00;CRT;120;12;12:36:00;HRT;196;19,6;22;;
12:36:01;CRT;120;12;12:36:01;HRT;196;19,6;22;;
12:36:02;CRT;120;12;12:36:02;HRT;196;19,6;22;;
12:36:02;CRT;119;11,9;12:36:02;HRT;197;19,7;22;;
12:36:03;CRT;119;11,9;12:36:03;HRT;197;19,7;22;;
12:36:04;CRT;119;11,9;12:36:04;HRT;197;19,7;22;;
12:36:04;CRT;120;12;12:36:04;HRT;197;19,7;22;;
12:36:05;CRT;120;12;12:36:05;HRT;197;19,7;22;;
12:36:06;CRT;120;12;12:36:06;HRT;197;19,7;22;;
12:36:06;CRT;120;12;12:36:06;HRT;197;19,7;22;;
12:36:07;CRT;120;12;12:36:07;HRT;197;19,7;22;;
12:36:08;CRT;119;11,9;12:36:08;HRT;198;19,8;22;;
12:36:08;CRT;119;11,9;12:36:08;HRT;198;19,8;22;;
12:36:09;CRT;119;11,9;12:36:09;HRT;198;19,8;22;;
12:36:10;CRT;119;11,9;12:36:10;HRT;198;19,8;22;;
12:36:10;CRT;119;11,9;12:36:10;HRT;198;19,8;22;;
12:36:11;CRT;120;12;12:36:11;HRT;198;19,8;22;;
12:36:12;CRT;120;12;12:36:12;HRT;198;19,8;22;;
12:36:12;CRT;120;12;12:36:12;HRT;198;19,8;22;;
12:36:13;CRT;119;11,9;12:36:13;HRT;199;19,9;22;;
12:36:14;CRT;119;11,9;12:36:14;HRT;199;19,9;22;;
12:36:14;CRT;119;11,9;12:36:14;HRT;199;19,9;22;;
12:36:15;CRT;119;11,9;12:36:15;HRT;199;19,9;22;;
12:36:16;CRT;119;11,9;12:36:16;HRT;199;19,9;22;;
12:36:16;CRT;120;12;12:36:16;HRT;199;19,9;22;;
12:36:17;CRT;120;12;12:36:17;HRT;199;19,9;22;;
12:36:17;CRT;120;12;12:36:17;HRT;199;19,9;22;;
12:36:18;CRT;119;11,9;12:36:18;HRT;200;20;22;;
12:36:19;CRT;119;11,9;12:36:19;HRT;200;20;22;;
12:36:19;CRT;119;11,9;12:36:19;HRT;200;20;22;;
12:36:20;CRT;119;11,9;12:36:20;HRT;200;20;22;;
12:36:21;CRT;119;11,9;12:36:21;HRT;200;20;22;;
12:36:21;CRT;119;11,9;12:36:21;HRT;200;20;22;;
12:36:22;CRT;119;11,9;12:36:22;HRT;200;20;22;;
12:36:23;CRT;119;11,9;12:36:23;HRT;200;20;22;;
12:36:23;CRT;119;11,9;12:36:23;HRT;200;20;22;;
12:36:24;CRT;119;11,9;12:36:24;HRT;201;20,1;22;;
12:36:25;CRT;119;11,9;12:36:25;HRT;201;20,1;22;;
12:36:25;CRT;119;11,9;12:36:25;HRT;201;20,1;22;;
12:36:26;CRT;119;11,9;12:36:26;HRT;201;20,1;22;;
12:36:27;CRT;119;11,9;12:36:27;HRT;202;20,2;22;;
12:36:27;CRT;119;11,9;12:36:27;HRT;202;20,2;22;;
12:36:28;CRT;119;11,9;12:36:28;HRT;202;20,2;22;;
12:36:29;CRT;119;11,9;12:36:29;HRT;202;20,2;22;;
12:36:29;CRT;119;11,9;12:36:29;HRT;202;20,2;22;;
12:36:30;CRT;119;11,9;12:36:30;HRT;202;20,2;22;;
12:36:31;CRT;119;11,9;12:36:31;HRT;202;20,2;22;;
12:36:31;CRT;119;11,9;12:36:31;HRT;202;20,2;22;;
12:36:32;CRT;119;11,9;12:36:32;HRT;203;20,3;22;;
12:36:33;CRT;119;11,9;12:36:33;HRT;203;20,3;22;;
12:36:33;CRT;119;11,9;12:36:33;HRT;203;20,3;22;;
12:36:34;CRT;119;11,9;12:36:34;HRT;203;20,3;22;;
12:36:34;CRT;119;11,9;12:36:34;HRT;203;20,3;22;;
12:36:35;CRT;119;11,9;12:36:35;HRT;203;20,3;22;;
12:36:36;CRT;119;11,9;12:36:36;HRT;203;20,3;22;;
12:36:36;CRT;119;11,9;12:36:36;HRT;203;20,3;22;;
12:36:37;CRT;119;11,9;12:36:37;HRT;203;20,3;22;;
12:36:38;CRT;119;11,9;12:36:38;HRT;204;20,4;22;;
12:36:38;CRT;119;11,9;12:36:38;HRT;204;20,4;22;;
12:36:39;CRT;119;11,9;12:36:39;HRT;204;20,4;22;;
12:36:40;CRT;119;11,9;12:36:40;HRT;204;20,4;22;;
12:36:40;CRT;119;11,9;12:36:40;HRT;204;20,4;22;;
12:36:41;CRT;119;11,9;12:36:41;HRT;204;20,4;22;;
12:36:42;CRT;119;11,9;12:36:42;HRT;204;20,4;11;;
12:36:42;CRT;119;11,9;12:36:42;HRT;204;20,4;11;;
12:36:43;CRT;119;11,9;12:36:43;HRT;204;20,4;11;;
12:36:44;CRT;119;11,9;12:36:44;HRT;204;20,4;11;;
12:36:44;CRT;119;11,9;12:36:44;HRT;204;20,4;11;;
12:36:45;CRT;119;11,9;12:36:45;HRT;205;20,5;11;;
12:36:46;CRT;119;11,9;12:36:46;HRT;205;20,5;11;;
12:36:46;CRT;119;11,9;12:36:46;HRT;205;20,5;11;;
12:36:47;CRT;119;11,9;12:36:47;HRT;205;20,5;11;;
12:36:48;CRT;119;11,9;12:36:48;HRT;205;20,5;11;;
12:36:48;CRT;119;11,9;12:36:48;HRT;205;20,5;11;;
12:36:49;CRT;119;11,9;12:36:49;HRT;205;20,5;11;;
12:36:50;CRT;119;11,9;12:36:50;HRT;205;20,5;11;;
12:36:50;CRT;119;11,9;12:36:50;HRT;205;20,5;11;;
12:36:51;CRT;119;11,9;12:36:51;HRT;205;20,5;11;;
12:36:52;CRT;119;11,9;12:36:52;HRT;206;20,6;11;;
12:36:52;CRT;119;11,9;12:36:52;HRT;206;20,6;11;;
12:36:53;CRT;119;11,9;12:36:53;HRT;206;20,6;11;;
12:36:54;CRT;119;11,9;12:36:54;HRT;206;20,6;11;;
12:36:54;CRT;119;11,9;12:36:54;HRT;206;20,6;11;;
12:36:55;CRT;119;11,9;12:36:55;HRT;206;20,6;11;;
12:36:56;CRT;119;11,9;12:36:56;HRT;206;20,6;11;;
12:36:56;CRT;119;11,9;12:36:56;HRT;206;20,6;11;;
12:36:57;CRT;119;11,9;12:36:57;HRT;207;20,7;11;;
12:36:58;CRT;119;11,9;12:36:58;HRT;207;20,7;11;;
12:36:58;CRT;119;11,9;12:36:58;HRT;207;20,7;11;;
12:36:59;CRT;119;11,9;12:36:59;HRT;208;20,8;11;;
12:36:59;CRT;119;11,9;12:36:59;HRT;208;20,8;11;;
12:37:00;CRT;119;11,9;12:37:00;HRT;208;20,8;11;;
12:37:01;CRT;119;11,9;12:37:01;HRT;208;20,8;11;;
12:37:01;CRT;119;11,9;12:37:01;HRT;208;20,8;11;;
12:37:02;CRT;119;11,9;12:37:02;HRT;208;20,8;11;;
12:37:03;CRT;119;11,9;12:37:03;HRT;208;20,8;11;;
12:37:03;CRT;119;11,9;12:37:03;HRT;208;20,8;11;;
12:37:04;CRT;119;11,9;12:37:04;HRT;208;20,8;11;;
12:37:05;CRT;119;11,9;12:37:05;HRT;208;20,8;11;;
12:37:05;CRT;119;11,9;12:37:05;HRT;209;20,9;11;;
12:37:06;CRT;119;11,9;12:37:06;HRT;209;20,9;11;;
12:37:07;CRT;119;11,9;12:37:07;HRT;209;20,9;11;;
12:37:07;CRT;119;11,9;12:37:07;HRT;209;20,9;11;;
12:37:08;CRT;119;11,9;12:37:08;HRT;209;20,9;11;;
12:37:09;CRT;119;11,9;12:37:09;HRT;209;20,9;11;;
12:37:09;CRT;119;11,9;12:37:09;HRT;209;20,9;11;;
12:37:10;CRT;119;11,9;12:37:10;HRT;209;20,9;11;;
12:37:11;CRT;119;11,9;12:37:11;HRT;210;21;11;;
12:37:11;CRT;119;11,9;12:37:11;HRT;210;21;11;;
12:37:12;CRT;119;11,9;12:37:12;HRT;210;21;11;;
12:37:13;CRT;119;11,9;12:37:13;HRT;210;21;11;;
12:37:13;CRT;119;11,9;12:37:13;HRT;210;21;11;;
12:37:14;CRT;119;11,9;12:37:14;HRT;210;21;11;;
12:37:15;CRT;119;11,9;12:37:15;HRT;210;21;11;;
12:37:15;CRT;119;11,9;12:37:15;HRT;210;21;11;;
12:37:16;CRT;119;11,9;12:37:16;HRT;211;21,1;11;;
12:37:17;CRT;119;11,9;12:37:17;HRT;211;21,1;11;;
12:37:17;CRT;119;11,9;12:37:17;HRT;211;21,1;11;;
12:37:18;CRT;119;11,9;12:37:18;HRT;211;21,1;11;;
12:37:18;CRT;119;11,9;12:37:18;HRT;211;21,1;11;;
12:37:19;CRT;119;11,9;12:37:19;HRT;211;21,1;11;;
12:37:20;CRT;119;11,9;12:37:20;HRT;211;21,1;11;;
12:37:20;CRT;119;11,9;12:37:20;HRT;211;21,1;11;;
12:37:21;CRT;119;11,9;12:37:21;HRT;212;21,2;11;;
12:37:22;CRT;119;11,9;12:37:22;HRT;212;21,2;11;;
12:37:22;CRT;119;11,9;12:37:22;HRT;212;21,2;11;;
12:37:23;CRT;119;11,9;12:37:23;HRT;212;21,2;11;;
12:37:24;CRT;119;11,9;12:37:24;HRT;212;21,2;11;;
12:37:24;CRT;119;11,9;12:37:24;HRT;213;21,3;11;;
12:37:25;CRT;119;11,9;12:37:25;HRT;213;21,3;11;;
12:37:26;CRT;119;11,9;12:37:26;HRT;213;21,3;11;;
12:37:26;CRT;119;11,9;12:37:26;HRT;213;21,3;11;;
12:37:27;CRT;119;11,9;12:37:27;HRT;213;21,3;11;;
12:37:27;CRT;119;11,9;12:37:27;HRT;213;21,3;11;;
12:37:28;CRT;119;11,9;12:37:28;HRT;213;21,3;11;;
12:37:29;CRT;119;11,9;12:37:29;HRT;213;21,3;11;;
12:37:30;CRT;119;11,9;12:37:30;HRT;214;21,4;11;;
12:37:30;CRT;119;11,9;12:37:30;HRT;214;21,4;11;;
12:37:31;CRT;119;11,9;12:37:31;HRT;214;21,4;11;;
12:37:31;CRT;119;11,9;12:37:31;HRT;214;21,4;11;;
12:37:32;CRT;119;11,9;12:37:32;HRT;214;21,4;11;;
12:37:33;CRT;119;11,9;12:37:33;HRT;214;21,4;11;;
12:37:33;CRT;119;11,9;12:37:33;HRT;214;21,4;11;;
12:37:34;CRT;119;11,9;12:37:34;HRT;214;21,4;11;;
12:37:35;CRT;119;11,9;12:37:35;HRT;215;21,5;11;;
12:37:35;CRT;119;11,9;12:37:35;HRT;215;21,5;11;;
12:37:36;CRT;119;11,9;12:37:36;HRT;215;21,5;11;;
12:37:37;CRT;119;11,9;12:37:37;HRT;215;21,5;11;;
12:37:37;CRT;119;11,9;12:37:37;HRT;215;21,5;11;;
12:37:38;CRT;119;11,9;12:37:38;HRT;215;21,5;11;;
12:37:39;CRT;119;11,9;12:37:39;HRT;215;21,5;11;;
12:37:39;CRT;119;11,9;12:37:39;HRT;215;21,5;11;;
12:37:40;CRT;119;11,9;12:37:40;HRT;215;21,5;11;;
12:37:40;CRT;119;11,9;12:37:40;HRT;215;21,5;11;;
12:37:41;CRT;119;11,9;12:37:41;HRT;216;21,6;11;;
12:37:42;CRT;119;11,9;12:37:42;HRT;216;21,6;11;;
12:37:42;CRT;119;11,9;12:37:42;HRT;216;21,6;11;;
12:37:43;CRT;119;11,9;12:37:43;HRT;216;21,6;11;;
12:37:44;CRT;119;11,9;12:37:44;HRT;216;21,6;11;;
12:37:44;CRT;119;11,9;12:37:44;HRT;216;21,6;11;;
12:37:45;CRT;119;11,9;12:37:45;HRT;216;21,6;11;;
12:37:46;CRT;119;11,9;12:37:46;HRT;216;21,6;11;;
12:37:46;CRT;119;11,9;12:37:46;HRT;216;21,6;11;;
12:37:47;CRT;119;11,9;12:37:47;HRT;216;21,6;11;;
12:37:48;CRT;119;11,9;12:37:48;HRT;216;21,6;11;;
12:37:48;CRT;120;12;12:37:48;HRT;217;21,7;11;;
12:37:49;CRT;120;12;12:37:49;HRT;217;21,7;11;;
12:37:50;CRT;120;12;12:37:50;HRT;217;21,7;11;;
12:37:50;CRT;120;12;12:37:50;HRT;217;21,7;11;;
12:37:51;CRT;120;12;12:37:51;HRT;217;21,7;11;;
12:37:52;CRT;119;11,9;12:37:52;HRT;218;21,8;11;;
12:37:52;CRT;119;11,9;12:37:52;HRT;218;21,8;11;;
12:37:53;CRT;119;11,9;12:37:53;HRT;218;21,8;11;;
12:37:54;CRT;119;11,9;12:37:54;HRT;218;21,8;11;;
12:37:54;CRT;119;11,9;12:37:54;HRT;218;21,8;11;;
12:37:55;CRT;119;11,9;12:37:55;HRT;218;21,8;11;;
12:37:56;CRT;119;11,9;12:37:56;HRT;218;21,8;11;;
12:37:56;CRT;119;11,9;12:37:56;HRT;218;21,8;11;;
12:37:57;CRT;119;11,9;12:37:57;HRT;219;21,9;11;;
12:37:58;CRT;119;11,9;12:37:58;HRT;219;21,9;11;;
12:37:58;CRT;119;11,9;12:37:58;HRT;219;21,9;11;;
12:37:59;CRT;119;11,9;12:37:59;HRT;219;21,9;11;;
12:37:59;CRT;119;11,9;12:37:59;HRT;219;21,9;11;;
12:38:00;CRT;119;11,9;12:38:00;HRT;219;21,9;11;;
12:38:01;CRT;119;11,9;12:38:01;HRT;219;21,9;11;;
12:38:01;CRT;119;11,9;12:38:01;HRT;219;21,9;11;;
12:38:02;CRT;119;11,9;12:38:02;HRT;219;21,9;11;;
12:38:03;CRT;119;11,9;12:38:03;HRT;220;22;11;;
12:38:03;CRT;119;11,9;12:38:03;HRT;220;22;11;;
12:38:04;CRT;119;11,9;12:38:04;HRT;220;22;11;;
12:38:05;CRT;120;12;12:38:05;HRT;220;22;11;;
12:38:05;CRT;120;12;12:38:05;HRT;220;22;11;;
12:38:06;CRT;120;12;12:38:06;HRT;220;22;11;;
12:38:07;CRT;120;12;12:38:07;HRT;220;22;11;;
12:38:07;CRT;120;12;12:38:07;HRT;220;22;11;;
12:38:08;CRT;119;11,9;12:38:08;HRT;221;22,1;11;;
12:38:09;CRT;119;11,9;12:38:09;HRT;221;22,1;11;;
12:38:09;CRT;119;11,9;12:38:09;HRT;221;22,1;11;;
12:38:10;CRT;119;11,9;12:38:10;HRT;221;22,1;11;;
12:38:11;CRT;119;11,9;12:38:11;HRT;221;22,1;11;;
12:38:11;CRT;119;11,9;12:38:11;HRT;221;22,1;11;;
12:38:12;CRT;119;11,9;12:38:12;HRT;221;22,1;11;;
12:38:13;CRT;119;11,9;12:38:13;HRT;221;22,1;11;;
12:38:13;CRT;120;12;12:38:13;HRT;222;22,2;11;;
12:38:14;CRT;120;12;12:38:14;HRT;222;22,2;11;;
12:38:15;CRT;120;12;12:38:15;HRT;222;22,2;11;;
12:38:15;CRT;120;12;12:38:15;HRT;222;22,2;11;;
12:38:16;CRT;120;12;12:38:16;HRT;222;22,2;11;;
12:38:17;CRT;119;11,9;12:38:17;HRT;222;22,2;11;;
12:38:17;CRT;119;11,9;12:38:17;HRT;222;22,2;11;;
12:38:18;CRT;119;11,9;12:38:18;HRT;222;22,2;11;;
12:38:19;CRT;120;12;12:38:19;HRT;222;22,2;11;;
12:38:19;CRT;120;12;12:38:19;HRT;222;22,2;11;;
12:38:20;CRT;120;12;12:38:20;HRT;222;22,2;11;;
12:38:21;CRT;120;12;12:38:21;HRT;222;22,2;11;;
12:38:21;CRT;120;12;12:38:21;HRT;222;22,2;11;;
12:38:22;CRT;119;11,9;12:38:22;HRT;223;22,3;11;;
12:38:23;CRT;119;11,9;12:38:23;HRT;223;22,3;11;;
12:38:23;CRT;119;11,9;12:38:23;HRT;223;22,3;11;;
12:38:24;CRT;119;11,9;12:38:24;HRT;223;22,3;11;;
12:38:25;CRT;119;11,9;12:38:25;HRT;223;22,3;11;;
12:38:25;CRT;119;11,9;12:38:25;HRT;223;22,3;11;;
12:38:26;CRT;119;11,9;12:38:26;HRT;223;22,3;11;;
12:38:27;CRT;119;11,9;12:38:27;HRT;224;22,4;11;;
12:38:28;CRT;119;11,9;12:38:28;HRT;224;22,4;11;;
12:38:28;CRT;119;11,9;12:38:28;HRT;224;22,4;11;;
12:38:29;CRT;119;11,9;12:38:29;HRT;224;22,4;11;;
12:38:30;CRT;119;11,9;12:38:30;HRT;224;22,4;11;;
12:38:30;CRT;119;11,9;12:38:30;HRT;224;22,4;11;;
12:38:31;CRT;119;11,9;12:38:31;HRT;224;22,4;11;;
12:38:31;CRT;119;11,9;12:38:31;HRT;224;22,4;11;;
12:38:32;CRT;119;11,9;12:38:32;HRT;225;22,5;11;;
12:38:33;CRT;119;11,9;12:38:33;HRT;225;22,5;11;;
12:38:33;CRT;119;11,9;12:38:33;HRT;225;22,5;11;;
12:38:34;CRT;119;11,9;12:38:34;HRT;225;22,5;11;;
12:38:35;CRT;119;11,9;12:38:35;HRT;225;22,5;11;;
12:38:35;CRT;119;11,9;12:38:35;HRT;225;22,5;11;;
12:38:36;CRT;119;11,9;12:38:36;HRT;225;22,5;11;;
12:38:37;CRT;119;11,9;12:38:37;HRT;225;22,5;11;;
12:38:37;CRT;119;11,9;12:38:37;HRT;225;22,5;11;;
12:38:38;CRT;119;11,9;12:38:38;HRT;225;22,5;11;;
12:38:39;CRT;119;11,9;12:38:39;HRT;225;22,5;11;;
12:38:39;CRT;119;11,9;12:38:39;HRT;225;22,5;11;;
12:38:40;CRT;119;11,9;12:38:40;HRT;225;22,5;11;;
12:38:41;CRT;119;11,9;12:38:41;HRT;226;22,6;11;;
12:38:41;CRT;119;11,9;12:38:41;HRT;226;22,6;11;;
12:38:42;CRT;119;11,9;12:38:42;HRT;226;22,6;11;;
12:38:42;CRT;119;11,9;12:38:42;HRT;226;22,6;11;;
12:38:43;CRT;119;11,9;12:38:43;HRT;226;22,6;11;;
12:38:44;CRT;119;11,9;12:38:44;HRT;226;22,6;11;;
12:38:44;CRT;119;11,9;12:38:44;HRT;226;22,6;11;;
12:38:45;CRT;119;11,9;12:38:45;HRT;226;22,6;11;;
12:38:46;CRT;119;11,9;12:38:46;HRT;227;22,7;11;;
12:38:46;CRT;119;11,9;12:38:46;HRT;227;22,7;11;;
12:38:47;CRT;119;11,9;12:38:47;HRT;227;22,7;11;;
12:38:48;CRT;119;11,9;12:38:48;HRT;227;22,7;11;;
12:38:48;CRT;119;11,9;12:38:48;HRT;227;22,7;11;;
12:38:49;CRT;119;11,9;12:38:49;HRT;227;22,7;11;;
12:38:49;CRT;119;11,9;12:38:49;HRT;227;22,7;11;;
12:38:50;CRT;119;11,9;12:38:50;HRT;227;22,7;11;;
12:38:51;CRT;119;11,9;12:38:51;HRT;227;22,7;11;;
12:38:51;CRT;119;11,9;12:38:51;HRT;227;22,7;11;;
12:38:52;CRT;119;11,9;12:38:52;HRT;227;22,7;11;;
12:38:53;CRT;119;11,9;12:38:53;HRT;227;22,7;11;;
12:38:53;CRT;119;11,9;12:38:53;HRT;227;22,7;11;;
12:38:54;CRT;119;11,9;12:38:54;HRT;228;22,8;11;;
12:38:55;CRT;119;11,9;12:38:55;HRT;228;22,8;11;;
12:38:55;CRT;119;11,9;12:38:55;HRT;228;22,8;11;;
12:38:56;CRT;119;11,9;12:38:56;HRT;228;22,8;11;;
12:38:57;CRT;119;11,9;12:38:57;HRT;228;22,8;11;;
12:38:57;CRT;119;11,9;12:38:57;HRT;228;22,8;11;;
12:38:58;CRT;119;11,9;12:38:58;HRT;228;22,8;11;;
12:38:59;CRT;119;11,9;12:38:59;HRT;228;22,8;11;;
12:38:59;CRT;119;11,9;12:38:59;HRT;228;22,8;11;;
12:39:00;CRT;119;11,9;12:39:00;HRT;228;22,8;11;;
12:39:01;CRT;119;11,9;12:39:01;HRT;228;22,8;11;;
12:39:01;CRT;119;11,9;12:39:01;HRT;228;22,8;11;;
12:39:02;CRT;119;11,9;12:39:02;HRT;228;22,8;11;;
12:39:02;CRT;119;11,9;12:39:02;HRT;229;22,9;11;;
12:39:03;CRT;119;11,9;12:39:03;HRT;229;22,9;11;;
12:39:04;CRT;119;11,9;12:39:04;HRT;229;22,9;11;;
12:39:04;CRT;119;11,9;12:39:04;HRT;229;22,9;11;;
12:39:05;CRT;119;11,9;12:39:05;HRT;229;22,9;11;;
12:39:06;CRT;119;11,9;12:39:06;HRT;229;22,9;11;;
12:39:06;CRT;119;11,9;12:39:06;HRT;229;22,9;11;;
12:39:07;CRT;119;11,9;12:39:07;HRT;229;22,9;11;;
12:39:08;CRT;119;11,9;12:39:08;HRT;229;22,9;11;;
12:39:08;CRT;119;11,9;12:39:08;HRT;229;22,9;11;;
12:39:09;CRT;119;11,9;12:39:09;HRT;229;22,9;11;;
12:39:10;CRT;119;11,9;12:39:10;HRT;229;22,9;11;;
12:39:10;CRT;119;11,9;12:39:10;HRT;229;22,9;11;;
12:39:11;CRT;119;11,9;12:39:11;HRT;229;22,9;11;;
12:39:12;CRT;119;11,9;12:39:12;HRT;229;22,9;11;;
12:39:12;CRT;119;11,9;12:39:12;HRT;229;22,9;11;;
12:39:13;CRT;119;11,9;12:39:13;HRT;229;22,9;11;;
12:39:14;CRT;119;11,9;12:39:14;HRT;229;22,9;11;;
12:39:14;CRT;119;11,9;12:39:14;HRT;229;22,9;11;;
12:39:15;CRT;119;11,9;12:39:15;HRT;229;22,9;11;;
12:39:15;CRT;119;11,9;12:39:15;HRT;229;22,9;11;;
12:39:16;CRT;119;11,9;12:39:16;HRT;230;23;11;;
12:39:17;CRT;119;11,9;12:39:17;HRT;230;23;11;;
12:39:17;CRT;119;11,9;12:39:17;HRT;230;23;11;;
12:39:18;CRT;119;11,9;12:39:18;HRT;230;23;11;;
12:39:19;CRT;119;11,9;12:39:19;HRT;230;23;11;;
12:39:19;CRT;119;11,9;12:39:19;HRT;230;23;11;;
12:39:20;CRT;119;11,9;12:39:20;HRT;230;23;11;;
12:39:21;CRT;119;11,9;12:39:21;HRT;230;23;11;;
12:39:21;CRT;119;11,9;12:39:21;HRT;230;23;11;;
12:39:22;CRT;119;11,9;12:39:22;HRT;230;23;11;;
12:39:23;CRT;119;11,9;12:39:23;HRT;230;23;11;;
12:39:23;CRT;119;11,9;12:39:23;HRT;230;23;11;;
12:39:24;CRT;119;11,9;12:39:24;HRT;230;23;11;;
12:39:25;CRT;119;11,9;12:39:25;HRT;230;23;11;;
12:39:25;CRT;119;11,9;12:39:25;HRT;230;23;11;;
12:39:26;CRT;119;11,9;12:39:26;HRT;230;23;11;;
12:39:27;CRT;119;11,9;12:39:27;HRT;230;23;11;;
12:39:27;CRT;119;11,9;12:39:27;HRT;230;23;11;;
12:39:28;CRT;119;11,9;12:39:28;HRT;230;23;11;;
12:39:29;CRT;119;11,9;12:39:29;HRT;230;23;11;;
12:39:29;CRT;119;11,9;12:39:29;HRT;230;23;11;;
12:39:30;CRT;119;11,9;12:39:30;HRT;229;22,9;11;;
12:39:30;CRT;119;11,9;12:39:30;HRT;229;22,9;11;;
12:39:31;CRT;119;11,9;12:39:31;HRT;229;22,9;11;;
12:39:32;CRT;119;11,9;12:39:32;HRT;229;22,9;11;;
12:39:32;CRT;119;11,9;12:39:32;HRT;229;22,9;11;;
12:39:33;CRT;119;11,9;12:39:33;HRT;229;22,9;11;;
12:39:34;CRT;119;11,9;12:39:34;HRT;229;22,9;11;;
12:39:34;CRT;119;11,9;12:39:34;HRT;229;22,9;11;;
12:39:35;CRT;119;11,9;12:39:35;HRT;229;22,9;11;;
12:39:35;CRT;119;11,9;12:39:35;HRT;229;22,9;11;;
12:39:36;CRT;119;11,9;12:39:36;HRT;229;22,9;11;;
12:39:37;CRT;119;11,9;12:39:37;HRT;229;22,9;11;;
12:39:38;CRT;119;11,9;12:39:38;HRT;229;22,9;11;;
12:39:38;CRT;119;11,9;12:39:38;HRT;229;22,9;11;;
12:39:39;CRT;119;11,9;12:39:39;HRT;229;22,9;11;;
12:39:40;CRT;119;11,9;12:39:40;HRT;229;22,9;11;;
12:39:40;CRT;119;11,9;12:39:40;HRT;229;22,9;11;;
12:39:41;CRT;119;11,9;12:39:41;HRT;229;22,9;11;;
12:39:41;CRT;119;11,9;12:39:41;HRT;229;22,9;11;;
12:39:42;CRT;119;11,9;12:39:42;HRT;229;22,9;11;;
12:39:43;CRT;119;11,9;12:39:43;HRT;229;22,9;11;;
12:39:43;CRT;119;11,9;12:39:43;HRT;229;22,9;11;;
12:39:44;CRT;119;11,9;12:39:44;HRT;229;22,9;11;;
12:39:45;CRT;119;11,9;12:39:45;HRT;229;22,9;11;;
12:39:45;CRT;119;11,9;12:39:45;HRT;229;22,9;11;;
12:39:46;CRT;119;11,9;12:39:46;HRT;229;22,9;11;;
12:39:47;CRT;119;11,9;12:39:47;HRT;228;22,8;11;;
12:39:47;CRT;119;11,9;12:39:47;HRT;228;22,8;11;;
12:39:48;CRT;119;11,9;12:39:48;HRT;228;22,8;11;;
12:39:49;CRT;119;11,9;12:39:49;HRT;228;22,8;11;;
12:39:49;CRT;119;11,9;12:39:49;HRT;228;22,8;11;;
12:39:50;CRT;119;11,9;12:39:50;HRT;228;22,8;11;;
12:39:51;CRT;119;11,9;12:39:51;HRT;228;22,8;11;;
12:39:51;CRT;119;11,9;12:39:51;HRT;228;22,8;11;;
12:39:52;CRT;119;11,9;12:39:52;HRT;228;22,8;11;;
12:39:52;CRT;119;11,9;12:39:52;HRT;228;22,8;11;;
12:39:53;CRT;119;11,9;12:39:53;HRT;228;22,8;11;;
12:39:54;CRT;119;11,9;12:39:54;HRT;228;22,8;11;;
12:39:54;CRT;119;11,9;12:39:54;HRT;228;22,8;11;;
12:39:55;CRT;119;11,9;12:39:55;HRT;228;22,8;11;;
12:39:56;CRT;119;11,9;12:39:56;HRT;228;22,8;11;;
12:39:56;CRT;119;11,9;12:39:56;HRT;228;22,8;11;;
12:39:57;CRT;119;11,9;12:39:57;HRT;227;22,7;11;;
12:39:58;CRT;119;11,9;12:39:58;HRT;227;22,7;11;;
12:39:58;CRT;119;11,9;12:39:58;HRT;227;22,7;11;;
12:39:59;CRT;119;11,9;12:39:59;HRT;227;22,7;11;;
12:40:00;CRT;119;11,9;12:40:00;HRT;227;22,7;11;;
12:40:00;CRT;119;11,9;12:40:00;HRT;227;22,7;11;;
12:40:01;CRT;119;11,9;12:40:01;HRT;227;22,7;11;;
12:40:02;CRT;119;11,9;12:40:02;HRT;227;22,7;11;;
12:40:02;CRT;119;11,9;12:40:02;HRT;227;22,7;11;;
12:40:03;CRT;119;11,9;12:40:03;HRT;227;22,7;11;;
12:40:04;CRT;119;11,9;12:40:04;HRT;227;22,7;11;;
12:40:04;CRT;119;11,9;12:40:04;HRT;227;22,7;11;;
12:40:05;CRT;119;11,9;12:40:05;HRT;227;22,7;11;;
12:40:06;CRT;119;11,9;12:40:06;HRT;227;22,7;11;;
12:40:06;CRT;119;11,9;12:40:06;HRT;227;22,7;11;;
12:40:07;CRT;119;11,9;12:40:07;HRT;227;22,7;11;;
12:40:07;CRT;119;11,9;12:40:07;HRT;227;22,7;11;;
12:40:08;CRT;119;11,9;12:40:08;HRT;227;22,7;11;;
12:40:09;CRT;119;11,9;12:40:09;HRT;226;22,6;11;;
12:40:09;CRT;119;11,9;12:40:09;HRT;226;22,6;11;;
12:40:10;CRT;119;11,9;12:40:10;HRT;226;22,6;11;;
12:40:11;CRT;119;11,9;12:40:11;HRT;226;22,6;11;;
12:40:11;CRT;119;11,9;12:40:11;HRT;226;22,6;11;;
12:40:12;CRT;119;11,9;12:40:12;HRT;226;22,6;11;;
12:40:13;CRT;119;11,9;12:40:13;HRT;226;22,6;11;;
12:40:13;CRT;119;11,9;12:40:13;HRT;226;22,6;11;;
12:40:14;CRT;119;11,9;12:40:14;HRT;226;22,6;11;;
12:40:14;CRT;119;11,9;12:40:14;HRT;226;22,6;11;;
12:40:15;CRT;119;11,9;12:40:15;HRT;226;22,6;11;;
12:40:16;CRT;119;11,9;12:40:16;HRT;226;22,6;11;;
12:40:16;CRT;119;11,9;12:40:16;HRT;226;22,6;11;;
12:40:17;CRT;119;11,9;12:40:17;HRT;226;22,6;11;;
12:40:18;CRT;119;11,9;12:40:18;HRT;226;22,6;11;;
12:40:18;CRT;119;11,9;12:40:18;HRT;226;22,6;11;;
12:40:19;CRT;119;11,9;12:40:19;HRT;225;22,5;11;;
12:40:20;CRT;119;11,9;12:40:20;HRT;225;22,5;11;;
12:40:20;CRT;119;11,9;12:40:20;HRT;225;22,5;11;;
12:40:21;CRT;119;11,9;12:40:21;HRT;225;22,5;11;;
12:40:21;CRT;119;11,9;12:40:21;HRT;225;22,5;11;;
12:40:22;CRT;119;11,9;12:40:22;HRT;225;22,5;11;;
12:40:23;CRT;119;11,9;12:40:23;HRT;225;22,5;11;;
12:40:23;CRT;119;11,9;12:40:23;HRT;225;22,5;11;;
12:40:24;CRT;119;11,9;12:40:24;HRT;225;22,5;11;;
12:40:25;CRT;119;11,9;12:40:25;HRT;225;22,5;11;;
12:40:25;CRT;119;11,9;12:40:25;HRT;225;22,5;11;;
12:40:26;CRT;119;11,9;12:40:26;HRT;225;22,5;11;;
12:40:27;CRT;119;11,9;12:40:27;HRT;225;22,5;11;;
12:40:27;CRT;119;11,9;12:40:27;HRT;225;22,5;11;;
12:40:28;CRT;119;11,9;12:40:28;HRT;225;22,5;11;;
12:40:29;CRT;119;11,9;12:40:29;HRT;225;22,5;11;;
12:40:29;CRT;119;11,9;12:40:29;HRT;224;22,4;11;;
12:40:30;CRT;119;11,9;12:40:30;HRT;224;22,4;11;;
12:40:31;CRT;119;11,9;12:40:31;HRT;224;22,4;11;;
12:40:31;CRT;119;11,9;12:40:31;HRT;224;22,4;11;;
12:40:32;CRT;119;11,9;12:40:32;HRT;224;22,4;11;;
12:40:32;CRT;119;11,9;12:40:32;HRT;224;22,4;11;;
12:40:33;CRT;119;11,9;12:40:33;HRT;224;22,4;11;;
12:40:34;CRT;119;11,9;12:40:34;HRT;224;22,4;11;;
12:40:34;CRT;119;11,9;12:40:34;HRT;224;22,4;11;;
12:40:35;CRT;119;11,9;12:40:35;HRT;224;22,4;11;;
12:40:36;CRT;119;11,9;12:40:36;HRT;224;22,4;11;;
12:40:36;CRT;119;11,9;12:40:36;HRT;224;22,4;11;;
12:40:37;CRT;119;11,9;12:40:37;HRT;224;22,4;11;;
12:40:38;CRT;119;11,9;12:40:38;HRT;224;22,4;11;;
12:40:38;CRT;119;11,9;12:40:38;HRT;223;22,3;11;;
12:40:39;CRT;119;11,9;12:40:39;HRT;223;22,3;11;;
12:40:40;CRT;119;11,9;12:40:40;HRT;223;22,3;11;;
12:40:40;CRT;119;11,9;12:40:40;HRT;223;22,3;11;;
12:40:41;CRT;119;11,9;12:40:41;HRT;223;22,3;11;;
12:40:41;CRT;119;11,9;12:40:41;HRT;223;22,3;11;;
12:40:42;CRT;119;11,9;12:40:42;HRT;223;22,3;11;;
12:40:43;CRT;119;11,9;12:40:43;HRT;223;22,3;11;;
12:40:43;CRT;119;11,9;12:40:43;HRT;223;22,3;11;;
12:40:44;CRT;119;11,9;12:40:44;HRT;223;22,3;11;;
12:40:45;CRT;119;11,9;12:40:45;HRT;223;22,3;11;;
12:40:45;CRT;119;11,9;12:40:45;HRT;223;22,3;11;;
12:40:46;CRT;119;11,9;12:40:46;HRT;223;22,3;11;;
12:40:47;CRT;119;11,9;12:40:47;HRT;222;22,2;11;;
12:40:47;CRT;119;11,9;12:40:47;HRT;222;22,2;11;;
12:40:48;CRT;119;11,9;12:40:48;HRT;222;22,2;11;;
12:40:48;CRT;119;11,9;12:40:48;HRT;222;22,2;11;;
12:40:49;CRT;119;11,9;12:40:49;HRT;222;22,2;11;;
12:40:50;CRT;119;11,9;12:40:50;HRT;222;22,2;11;;
12:40:50;CRT;119;11,9;12:40:50;HRT;222;22,2;11;;
12:40:51;CRT;119;11,9;12:40:51;HRT;222;22,2;11;;
12:40:52;CRT;119;11,9;12:40:52;HRT;222;22,2;11;;
12:40:52;CRT;119;11,9;12:40:52;HRT;222;22,2;11;;
12:40:53;CRT;119;11,9;12:40:53;HRT;222;22,2;11;;
12:40:54;CRT;119;11,9;12:40:54;HRT;222;22,2;11;;
12:40:54;CRT;119;11,9;12:40:54;HRT;222;22,2;11;;
12:40:55;CRT;119;11,9;12:40:55;HRT;221;22,1;11;;
12:40:56;CRT;119;11,9;12:40:56;HRT;221;22,1;11;;
12:40:56;CRT;119;11,9;12:40:56;HRT;221;22,1;11;;
12:40:57;CRT;119;11,9;12:40:57;HRT;221;22,1;11;;
12:40:58;CRT;119;11,9;12:40:58;HRT;221;22,1;11;;
12:40:58;CRT;119;11,9;12:40:58;HRT;221;22,1;11;;
12:40:59;CRT;119;11,9;12:40:59;HRT;221;22,1;11;;
12:41:00;CRT;119;11,9;12:41:00;HRT;221;22,1;11;;
12:41:00;CRT;119;11,9;12:41:00;HRT;221;22,1;11;;
12:41:01;CRT;119;11,9;12:41:01;HRT;221;22,1;11;;
12:41:02;CRT;119;11,9;12:41:02;HRT;221;22,1;11;;
12:41:02;CRT;119;11,9;12:41:02;HRT;221;22,1;11;;
12:41:03;CRT;119;11,9;12:41:03;HRT;220;22;11;;
12:41:04;CRT;119;11,9;12:41:04;HRT;220;22;11;;
12:41:04;CRT;119;11,9;12:41:04;HRT;220;22;11;;
12:41:05;CRT;119;11,9;12:41:05;HRT;220;22;11;;
12:41:05;CRT;119;11,9;12:41:05;HRT;220;22;11;;
12:41:06;CRT;119;11,9;12:41:06;HRT;220;22;11;;
12:41:07;CRT;119;11,9;12:41:07;HRT;220;22;11;;
12:41:07;CRT;119;11,9;12:41:07;HRT;220;22;11;;
12:41:08;CRT;119;11,9;12:41:08;HRT;219;21,9;11;;
12:41:09;CRT;119;11,9;12:41:09;HRT;219;21,9;11;;
12:41:09;CRT;119;11,9;12:41:09;HRT;219;21,9;11;;
12:41:10;CRT;119;11,9;12:41:10;HRT;219;21,9;11;;
12:41:11;CRT;119;11,9;12:41:11;HRT;219;21,9;11;;
12:41:11;CRT;119;11,9;12:41:11;HRT;219;21,9;11;;
12:41:12;CRT;119;11,9;12:41:12;HRT;219;21,9;11;;
12:41:13;CRT;119;11,9;12:41:13;HRT;219;21,9;11;;
12:41:13;CRT;119;11,9;12:41:13;HRT;219;21,9;11;;
12:41:14;CRT;119;11,9;12:41:14;HRT;219;21,9;11;;
12:41:15;CRT;119;11,9;12:41:15;HRT;219;21,9;11;;
12:41:15;CRT;119;11,9;12:41:15;HRT;219;21,9;11;;
12:41:16;CRT;119;11,9;12:41:16;HRT;219;21,9;11;;
12:41:17;CRT;119;11,9;12:41:17;HRT;218;21,8;11;;
12:41:17;CRT;119;11,9;12:41:17;HRT;218;21,8;11;;
12:41:18;CRT;119;11,9;12:41:18;HRT;218;21,8;11;;
12:41:19;CRT;119;11,9;12:41:19;HRT;218;21,8;11;;
12:41:19;CRT;119;11,9;12:41:19;HRT;218;21,8;11;;
12:41:20;CRT;119;11,9;12:41:20;HRT;218;21,8;11;;
12:41:21;CRT;119;11,9;12:41:21;HRT;218;21,8;11;;
12:41:21;CRT;119;11,9;12:41:21;HRT;218;21,8;11;;
12:41:22;CRT;119;11,9;12:41:22;HRT;217;21,7;11;;
12:41:22;CRT;119;11,9;12:41:22;HRT;217;21,7;11;;
12:41:23;CRT;119;11,9;12:41:23;HRT;217;21,7;11;;
12:41:24;CRT;119;11,9;12:41:24;HRT;217;21,7;11;;
12:41:24;CRT;119;11,9;12:41:24;HRT;217;21,7;11;;
12:41:25;CRT;119;11,9;12:41:25;HRT;217;21,7;11;;
12:41:26;CRT;119;11,9;12:41:26;HRT;217;21,7;11;;
12:41:26;CRT;119;11,9;12:41:26;HRT;217;21,7;11;;
12:41:27;CRT;119;11,9;12:41:27;HRT;217;21,7;11;;
12:41:28;CRT;119;11,9;12:41:28;HRT;216;21,6;11;;
12:41:28;CRT;119;11,9;12:41:28;HRT;216;21,6;11;;
12:41:29;CRT;119;11,9;12:41:29;HRT;216;21,6;11;;
12:41:29;CRT;119;11,9;12:41:29;HRT;216;21,6;11;;
12:41:30;CRT;119;11,9;12:41:30;HRT;216;21,6;11;;
12:41:31;CRT;119;11,9;12:41:31;HRT;216;21,6;11;;
12:41:32;CRT;119;11,9;12:41:32;HRT;216;21,6;11;;
12:41:33;CRT;119;11,9;12:41:33;HRT;216;21,6;11;;
12:41:33;CRT;119;11,9;12:41:33;HRT;216;21,6;11;;
12:41:34;CRT;119;11,9;12:41:34;HRT;216;21,6;11;;
12:41:34;CRT;119;11,9;12:41:34;HRT;216;21,6;11;;
12:41:35;CRT;119;11,9;12:41:35;HRT;216;21,6;11;;
12:41:36;CRT;119;11,9;12:41:36;HRT;215;21,5;11;;
12:41:36;CRT;119;11,9;12:41:36;HRT;215;21,5;11;;
12:41:37;CRT;119;11,9;12:41:37;HRT;215;21,5;11;;
12:41:38;CRT;119;11,9;12:41:38;HRT;215;21,5;11;;
12:41:38;CRT;119;11,9;12:41:38;HRT;215;21,5;11;;
12:41:39;CRT;119;11,9;12:41:39;HRT;215;21,5;11;;
12:41:40;CRT;119;11,9;12:41:40;HRT;215;21,5;11;;
12:41:40;CRT;119;11,9;12:41:40;HRT;215;21,5;11;;
12:41:41;CRT;119;11,9;12:41:41;HRT;214;21,4;11;;
12:41:42;CRT;119;11,9;12:41:42;HRT;214;21,4;11;;
12:41:42;CRT;119;11,9;12:41:42;HRT;214;21,4;11;;
12:41:43;CRT;119;11,9;12:41:43;HRT;214;21,4;11;;
12:41:43;CRT;119;11,9;12:41:43;HRT;214;21,4;11;;
12:41:44;CRT;119;11,9;12:41:44;HRT;214;21,4;11;;
12:41:45;CRT;119;11,9;12:41:45;HRT;214;21,4;11;;
12:41:45;CRT;119;11,9;12:41:45;HRT;214;21,4;11;;
12:41:46;CRT;119;11,9;12:41:46;HRT;214;21,4;11;;
12:41:47;CRT;119;11,9;12:41:47;HRT;214;21,4;11;;
12:41:47;CRT;119;11,9;12:41:47;HRT;214;21,4;11;;
12:41:48;CRT;119;11,9;12:41:48;HRT;214;21,4;11;;
12:41:49;CRT;119;11,9;12:41:49;HRT;214;21,4;11;;
12:41:49;CRT;119;11,9;12:41:49;HRT;213;21,3;11;;
12:41:50;CRT;119;11,9;12:41:50;HRT;213;21,3;11;;
12:41:50;CRT;119;11,9;12:41:50;HRT;213;21,3;11;;
12:41:51;CRT;119;11,9;12:41:51;HRT;213;21,3;11;;
12:41:52;CRT;119;11,9;12:41:52;HRT;213;21,3;11;;
12:41:52;CRT;119;11,9;12:41:52;HRT;213;21,3;11;;
12:41:53;CRT;119;11,9;12:41:53;HRT;213;21,3;11;;
12:41:54;CRT;119;11,9;12:41:54;HRT;213;21,3;11;;
12:41:54;CRT;119;11,9;12:41:54;HRT;213;21,3;11;;
12:41:55;CRT;119;11,9;12:41:55;HRT;213;21,3;11;;
12:41:56;CRT;119;11,9;12:41:56;HRT;213;21,3;11;;
12:41:56;CRT;119;11,9;12:41:56;HRT;213;21,3;11;;
12:41:57;CRT;119;11,9;12:41:57;HRT;213;21,3;11;;
12:41:58;CRT;119;11,9;12:41:58;HRT;212;21,2;11;;
12:41:58;CRT;119;11,9;12:41:58;HRT;212;21,2;11;;
12:41:59;CRT;119;11,9;12:41:59;HRT;212;21,2;11;;
12:42:00;CRT;119;11,9;12:42:00;HRT;212;21,2;11;;
12:42:00;CRT;119;11,9;12:42:00;HRT;212;21,2;11;;
12:42:01;CRT;119;11,9;12:42:01;HRT;212;21,2;11;;
12:42:02;CRT;119;11,9;12:42:02;HRT;212;21,2;11;;
12:42:02;CRT;119;11,9;12:42:02;HRT;212;21,2;11;;
12:42:03;CRT;119;11,9;12:42:03;HRT;211;21,1;11;;
12:42:03;CRT;119;11,9;12:42:03;HRT;211;21,1;11;;
12:42:04;CRT;119;11,9;12:42:04;HRT;211;21,1;11;;
12:42:05;CRT;119;11,9;12:42:05;HRT;211;21,1;11;;
12:42:05;CRT;119;11,9;12:42:05;HRT;211;21,1;11;;
12:42:06;CRT;119;11,9;12:42:06;HRT;211;21,1;11;;
12:42:07;CRT;119;11,9;12:42:07;HRT;211;21,1;11;;
12:42:07;CRT;119;11,9;12:42:07;HRT;211;21,1;11;;
12:42:08;CRT;119;11,9;12:42:08;HRT;210;21;11;;
12:42:08;CRT;119;11,9;12:42:08;HRT;210;21;11;;
12:42:09;CRT;119;11,9;12:42:09;HRT;210;21;11;;
12:42:10;CRT;119;11,9;12:42:10;HRT;210;21;11;;
12:42:10;CRT;119;11,9;12:42:10;HRT;210;21;11;;
12:42:11;CRT;119;11,9;12:42:11;HRT;209;20,9;11;;
12:42:12;CRT;119;11,9;12:42:12;HRT;209;20,9;11;;
12:42:12;CRT;119;11,9;12:42:12;HRT;209;20,9;11;;
12:42:13;CRT;119;11,9;12:42:13;HRT;209;20,9;11;;
12:42:14;CRT;119;11,9;12:42:14;HRT;209;20,9;11;;
12:42:14;CRT;119;11,9;12:42:14;HRT;209;20,9;11;;
12:42:15;CRT;119;11,9;12:42:15;HRT;209;20,9;11;;
12:42:16;CRT;119;11,9;12:42:16;HRT;209;20,9;11;;
12:42:16;CRT;119;11,9;12:42:16;HRT;208;20,8;11;;
12:42:17;CRT;119;11,9;12:42:17;HRT;208;20,8;11;;
12:42:18;CRT;119;11,9;12:42:18;HRT;208;20,8;11;;
12:42:18;CRT;119;11,9;12:42:18;HRT;208;20,8;11;;
12:42:19;CRT;119;11,9;12:42:19;HRT;208;20,8;11;;
12:42:20;CRT;119;11,9;12:42:20;HRT;208;20,8;11;;
12:42:20;CRT;119;11,9;12:42:20;HRT;208;20,8;11;;
12:42:21;CRT;119;11,9;12:42:21;HRT;208;20,8;11;;
12:42:22;CRT;119;11,9;12:42:22;HRT;208;20,8;11;;
12:42:22;CRT;119;11,9;12:42:22;HRT;208;20,8;11;;
12:42:23;CRT;119;11,9;12:42:23;HRT;207;20,7;11;;
12:42:23;CRT;119;11,9;12:42:23;HRT;207;20,7;11;;
12:42:24;CRT;119;11,9;12:42:24;HRT;207;20,7;11;;
12:42:25;CRT;119;11,9;12:42:25;HRT;207;20,7;11;;
12:42:25;CRT;119;11,9;12:42:25;HRT;207;20,7;11;;
12:42:26;CRT;119;11,9;12:42:26;HRT;207;20,7;11;;
12:42:27;CRT;119;11,9;12:42:27;HRT;207;20,7;11;;
12:42:27;CRT;119;11,9;12:42:27;HRT;207;20,7;11;;
12:42:28;CRT;119;11,9;12:42:28;HRT;206;20,6;11;;
12:42:28;CRT;119;11,9;12:42:28;HRT;206;20,6;11;;
12:42:29;CRT;119;11,9;12:42:29;HRT;206;20,6;11;;
12:42:30;CRT;119;11,9;12:42:30;HRT;206;20,6;11;;
12:42:30;CRT;118;11,8;12:42:30;HRT;206;20,6;11;;
12:42:31;CRT;118;11,8;12:42:31;HRT;206;20,6;11;;
12:42:32;CRT;118;11,8;12:42:32;HRT;206;20,6;11;;
12:42:32;CRT;118;11,8;12:42:32;HRT;206;20,6;11;;
12:42:33;CRT;118;11,8;12:42:33;HRT;206;20,6;11;;
12:42:34;CRT;118;11,8;12:42:34;HRT;205;20,5;11;;
12:42:34;CRT;118;11,8;12:42:34;HRT;205;20,5;11;;
12:42:35;CRT;118;11,8;12:42:35;HRT;205;20,5;11;;
12:42:35;CRT;118;11,8;12:42:35;HRT;205;20,5;11;;
12:42:36;CRT;118;11,8;12:42:36;HRT;205;20,5;11;;
12:42:37;CRT;118;11,8;12:42:37;HRT;205;20,5;11;;
12:42:37;CRT;118;11,8;12:42:37;HRT;205;20,5;11;;
12:42:38;CRT;118;11,8;12:42:38;HRT;205;20,5;11;;
12:42:39;CRT;118;11,8;12:42:39;HRT;205;20,5;11;;
12:42:39;CRT;118;11,8;12:42:39;HRT;205;20,5;11;;
12:42:40;CRT;118;11,8;12:42:40;HRT;205;20,5;11;;
12:42:41;CRT;118;11,8;12:42:41;HRT;205;20,5;11;;
12:42:41;CRT;118;11,8;12:42:41;HRT;204;20,4;11;;
12:42:42;CRT;118;11,8;12:42:42;HRT;204;20,4;11;;
12:42:43;CRT;118;11,8;12:42:43;HRT;204;20,4;11;;
12:42:43;CRT;118;11,8;12:42:43;HRT;204;20,4;11;;
12:42:44;CRT;118;11,8;12:42:44;HRT;203;20,3;11;;
12:42:45;CRT;118;11,8;12:42:45;HRT;203;20,3;11;;
12:42:45;CRT;118;11,8;12:42:45;HRT;203;20,3;11;;
12:42:46;CRT;118;11,8;12:42:46;HRT;203;20,3;11;;
12:42:46;CRT;118;11,8;12:42:46;HRT;203;20,3;11;;
12:42:47;CRT;118;11,8;12:42:47;HRT;203;20,3;11;;
12:42:48;CRT;118;11,8;12:42:48;HRT;203;20,3;11;;
12:42:48;CRT;118;11,8;12:42:48;HRT;203;20,3;11;;
12:42:49;CRT;118;11,8;12:42:49;HRT;203;20,3;11;;
12:42:50;CRT;118;11,8;12:42:50;HRT;203;20,3;11;;
12:42:50;CRT;118;11,8;12:42:50;HRT;203;20,3;11;;
12:42:51;CRT;118;11,8;12:42:51;HRT;203;20,3;11;;
12:42:52;CRT;118;11,8;12:42:52;HRT;203;20,3;11;;
12:42:52;CRT;118;11,8;12:42:52;HRT;202;20,2;11;;
12:42:53;CRT;118;11,8;12:42:53;HRT;202;20,2;11;;
12:42:54;CRT;118;11,8;12:42:54;HRT;202;20,2;11;;
12:42:54;CRT;118;11,8;12:42:54;HRT;202;20,2;11;;
12:42:55;CRT;118;11,8;12:42:55;HRT;202;20,2;11;;
12:42:55;CRT;118;11,8;12:42:55;HRT;202;20,2;11;;
12:42:56;CRT;118;11,8;12:42:56;HRT;202;20,2;11;;
12:42:57;CRT;118;11,8;12:42:57;HRT;202;20,2;11;;
12:42:57;CRT;118;11,8;12:42:57;HRT;201;20,1;11;;
12:42:58;CRT;118;11,8;12:42:58;HRT;201;20,1;11;;
12:42:59;CRT;118;11,8;12:42:59;HRT;201;20,1;11;;
12:42:59;CRT;118;11,8;12:42:59;HRT;201;20,1;11;;
12:43:00;CRT;118;11,8;12:43:00;HRT;201;20,1;11;;
12:43:01;CRT;118;11,8;12:43:01;HRT;201;20,1;11;;
12:43:01;CRT;118;11,8;12:43:01;HRT;201;20,1;11;;
12:43:02;CRT;118;11,8;12:43:02;HRT;201;20,1;11;;
12:43:03;CRT;118;11,8;12:43:03;HRT;201;20,1;11;;
12:43:03;CRT;118;11,8;12:43:03;HRT;201;20,1;11;;
12:43:04;CRT;118;11,8;12:43:04;HRT;201;20,1;11;;
12:43:05;CRT;118;11,8;12:43:05;HRT;201;20,1;11;;
12:43:05;CRT;118;11,8;12:43:05;HRT;201;20,1;11;;
12:43:06;CRT;118;11,8;12:43:06;HRT;201;20,1;11;;
12:43:07;CRT;118;11,8;12:43:07;HRT;201;20,1;11;;
12:43:07;CRT;118;11,8;12:43:07;HRT;201;20,1;11;;
12:43:08;CRT;118;11,8;12:43:08;HRT;201;20,1;11;;
12:43:09;CRT;118;11,8;12:43:09;HRT;200;20;11;;
12:43:09;CRT;118;11,8;12:43:09;HRT;200;20;11;;
12:43:10;CRT;118;11,8;12:43:10;HRT;200;20;11;;
12:43:10;CRT;118;11,8;12:43:10;HRT;200;20;11;;
12:43:11;CRT;118;11,8;12:43:11;HRT;200;20;11;;
12:43:12;CRT;118;11,8;12:43:12;HRT;200;20;11;;
12:43:12;CRT;118;11,8;12:43:12;HRT;200;20;11;;
12:43:13;CRT;118;11,8;12:43:13;HRT;200;20;11;;
12:43:14;CRT;118;11,8;12:43:14;HRT;200;20;11;;
12:43:14;CRT;118;11,8;12:43:14;HRT;200;20;11;;
12:43:15;CRT;118;11,8;12:43:15;HRT;200;20;11;;
12:43:16;CRT;118;11,8;12:43:16;HRT;200;20;11;;
12:43:16;CRT;118;11,8;12:43:16;HRT;200;20;11;;
12:43:17;CRT;118;11,8;12:43:17;HRT;199;19,9;11;;
12:43:18;CRT;118;11,8;12:43:18;HRT;199;19,9;11;;
12:43:18;CRT;118;11,8;12:43:18;HRT;199;19,9;11;;
12:43:19;CRT;118;11,8;12:43:19;HRT;199;19,9;11;;
12:43:20;CRT;118;11,8;12:43:20;HRT;199;19,9;11;;
12:43:20;CRT;118;11,8;12:43:20;HRT;199;19,9;11;;
12:43:21;CRT;118;11,8;12:43:21;HRT;199;19,9;11;;
12:43:22;CRT;118;11,8;12:43:22;HRT;199;19,9;11;;
12:43:22;CRT;118;11,8;12:43:22;HRT;199;19,9;11;;
12:43:23;CRT;118;11,8;12:43:23;HRT;199;19,9;11;;
12:43:24;CRT;118;11,8;12:43:24;HRT;199;19,9;11;;
12:43:24;CRT;118;11,8;12:43:24;HRT;199;19,9;11;;
12:43:25;CRT;118;11,8;12:43:25;HRT;199;19,9;11;;
12:43:26;CRT;118;11,8;12:43:26;HRT;198;19,8;11;;
12:43:26;CRT;118;11,8;12:43:26;HRT;198;19,8;11;;
12:43:27;CRT;118;11,8;12:43:27;HRT;198;19,8;11;;
12:43:28;CRT;118;11,8;12:43:28;HRT;198;19,8;11;;
12:43:28;CRT;118;11,8;12:43:28;HRT;198;19,8;11;;
12:43:29;CRT;118;11,8;12:43:29;HRT;198;19,8;11;;
12:43:29;CRT;118;11,8;12:43:29;HRT;198;19,8;11;;
12:43:30;CRT;118;11,8;12:43:30;HRT;198;19,8;11;;
12:43:31;CRT;118;11,8;12:43:31;HRT;198;19,8;11;;
12:43:31;CRT;118;11,8;12:43:31;HRT;198;19,8;11;;
12:43:32;CRT;118;11,8;12:43:32;HRT;198;19,8;11;;
12:43:33;CRT;118;11,8;12:43:33;HRT;198;19,8;11;;
12:43:33;CRT;118;11,8;12:43:33;HRT;198;19,8;11;;
12:43:34;CRT;118;11,8;12:43:34;HRT;198;19,8;11;;
12:43:35;CRT;118;11,8;12:43:35;HRT;198;19,8;11;;
12:43:35;CRT;118;11,8;12:43:35;HRT;198;19,8;11;;
12:43:36;CRT;118;11,8;12:43:36;HRT;197;19,7;11;;
12:43:36;CRT;118;11,8;12:43:36;HRT;197;19,7;11;;
12:43:37;CRT;118;11,8;12:43:37;HRT;197;19,7;11;;
12:43:38;CRT;118;11,8;12:43:38;HRT;197;19,7;11;;
12:43:39;CRT;118;11,8;12:43:39;HRT;197;19,7;11;;
12:43:39;CRT;118;11,8;12:43:39;HRT;197;19,7;11;;
12:43:40;CRT;118;11,8;12:43:40;HRT;197;19,7;11;;
12:43:40;CRT;118;11,8;12:43:40;HRT;197;19,7;11;;
12:43:41;CRT;118;11,8;12:43:41;HRT;197;19,7;11;;
12:43:42;CRT;118;11,8;12:43:42;HRT;197;19,7;11;;
12:43:42;CRT;118;11,8;12:43:42;HRT;197;19,7;11;;
12:43:43;CRT;118;11,8;12:43:43;HRT;197;19,7;11;;
12:43:44;CRT;118;11,8;12:43:44;HRT;197;19,7;11;;
12:43:44;CRT;118;11,8;12:43:44;HRT;197;19,7;11;;
12:43:45;CRT;118;11,8;12:43:45;HRT;197;19,7;11;;
12:43:46;CRT;118;11,8;12:43:46;HRT;197;19,7;11;;
12:43:46;CRT;118;11,8;12:43:46;HRT;197;19,7;11;;
12:43:47;CRT;118;11,8;12:43:47;HRT;197;19,7;11;;
12:43:48;CRT;118;11,8;12:43:48;HRT;197;19,7;11;;
12:43:48;CRT;118;11,8;12:43:48;HRT;197;19,7;11;;
12:43:49;CRT;118;11,8;12:43:49;HRT;197;19,7;11;;
12:43:49;CRT;118;11,8;12:43:49;HRT;197;19,7;11;;
12:43:50;CRT;118;11,8;12:43:50;HRT;196;19,6;11;;
12:43:51;CRT;118;11,8;12:43:51;HRT;196;19,6;11;;
12:43:51;CRT;118;11,8;12:43:51;HRT;196;19,6;11;;
12:43:52;CRT;118;11,8;12:43:52;HRT;196;19,6;11;;
12:43:53;CRT;118;11,8;12:43:53;HRT;196;19,6;11;;
12:43:53;CRT;118;11,8;12:43:53;HRT;196;19,6;11;;
12:43:54;CRT;118;11,8;12:43:54;HRT;196;19,6;11;;
12:43:55;CRT;118;11,8;12:43:55;HRT;196;19,6;11;;
12:43:55;CRT;118;11,8;12:43:55;HRT;196;19,6;11;;
12:43:56;CRT;118;11,8;12:43:56;HRT;196;19,6;11;;
12:43:56;CRT;118;11,8;12:43:56;HRT;196;19,6;11;;
12:43:57;CRT;118;11,8;12:43:57;HRT;196;19,6;11;;
12:43:58;CRT;118;11,8;12:43:58;HRT;196;19,6;11;;
12:43:58;CRT;118;11,8;12:43:58;HRT;196;19,6;11;;
12:43:59;CRT;118;11,8;12:43:59;HRT;196;19,6;11;;
12:44:00;CRT;118;11,8;12:44:00;HRT;196;19,6;11;;
12:44:01;CRT;118;11,8;12:44:01;HRT;195;19,5;11;;
12:44:01;CRT;118;11,8;12:44:01;HRT;195;19,5;11;;
12:44:02;CRT;118;11,8;12:44:02;HRT;195;19,5;11;;
12:44:02;CRT;118;11,8;12:44:02;HRT;195;19,5;11;;
12:44:03;CRT;118;11,8;12:44:03;HRT;195;19,5;11;;
12:44:04;CRT;118;11,8;12:44:04;HRT;195;19,5;11;;
12:44:04;CRT;118;11,8;12:44:04;HRT;195;19,5;11;;
12:44:05;CRT;118;11,8;12:44:05;HRT;195;19,5;11;;
12:44:06;CRT;118;11,8;12:44:06;HRT;195;19,5;11;;
12:44:06;CRT;118;11,8;12:44:06;HRT;195;19,5;11;;
12:44:07;CRT;118;11,8;12:44:07;HRT;195;19,5;11;;
12:44:08;CRT;118;11,8;12:44:08;HRT;195;19,5;11;;
12:44:08;CRT;118;11,8;12:44:08;HRT;195;19,5;11;;
12:44:09;CRT;118;11,8;12:44:09;HRT;195;19,5;11;;
12:44:10;CRT;118;11,8;12:44:10;HRT;195;19,5;11;;
12:44:10;CRT;118;11,8;12:44:10;HRT;195;19,5;11;;
12:44:11;CRT;118;11,8;12:44:11;HRT;195;19,5;11;;
12:44:11;CRT;118;11,8;12:44:11;HRT;195;19,5;11;;
12:44:12;CRT;118;11,8;12:44:12;HRT;194;19,4;11;;
12:44:13;CRT;118;11,8;12:44:13;HRT;194;19,4;11;;
12:44:13;CRT;118;11,8;12:44:13;HRT;194;19,4;11;;
12:44:14;CRT;118;11,8;12:44:14;HRT;194;19,4;11;;
12:44:15;CRT;118;11,8;12:44:15;HRT;194;19,4;11;;
12:44:15;CRT;118;11,8;12:44:15;HRT;194;19,4;11;;
12:44:16;CRT;118;11,8;12:44:16;HRT;194;19,4;11;;
12:44:17;CRT;118;11,8;12:44:17;HRT;194;19,4;11;;
12:44:17;CRT;118;11,8;12:44:17;HRT;194;19,4;11;;
12:44:18;CRT;118;11,8;12:44:18;HRT;194;19,4;11;;
12:44:19;CRT;118;11,8;12:44:19;HRT;194;19,4;11;;
12:44:19;CRT;118;11,8;12:44:19;HRT;194;19,4;11;;
12:44:20;CRT;118;11,8;12:44:20;HRT;194;19,4;11;;
12:44:21;CRT;118;11,8;12:44:21;HRT;194;19,4;11;;
12:44:21;CRT;118;11,8;12:44:21;HRT;194;19,4;11;;
12:44:22;CRT;118;11,8;12:44:22;HRT;194;19,4;11;;
12:44:23;CRT;118;11,8;12:44:23;HRT;194;19,4;11;;
12:44:23;CRT;118;11,8;12:44:23;HRT;194;19,4;11;;
12:44:24;CRT;118;11,8;12:44:24;HRT;194;19,4;11;;
12:44:24;CRT;118;11,8;12:44:24;HRT;194;19,4;11;;
12:44:25;CRT;118;11,8;12:44:25;HRT;194;19,4;11;;
12:44:26;CRT;118;11,8;12:44:26;HRT;194;19,4;11;;
12:44:26;CRT;118;11,8;12:44:26;HRT;194;19,4;11;;
12:44:27;CRT;118;11,8;12:44:27;HRT;194;19,4;11;;
12:44:28;CRT;118;11,8;12:44:28;HRT;194;19,4;11;;
12:44:28;CRT;118;11,8;12:44:28;HRT;193;19,3;11;;
12:44:29;CRT;118;11,8;12:44:29;HRT;193;19,3;11;;
12:44:30;CRT;118;11,8;12:44:30;HRT;193;19,3;11;;
12:44:30;CRT;118;11,8;12:44:30;HRT;193;19,3;11;;
12:44:31;CRT;118;11,8;12:44:31;HRT;193;19,3;11;;
12:44:32;CRT;118;11,8;12:44:32;HRT;193;19,3;11;;
12:44:32;CRT;118;11,8;12:44:32;HRT;193;19,3;11;;
12:44:33;CRT;118;11,8;12:44:33;HRT;193;19,3;11;;
12:44:34;CRT;118;11,8;12:44:34;HRT;193;19,3;11;;
12:44:34;CRT;118;11,8;12:44:34;HRT;193;19,3;11;;
12:44:35;CRT;118;11,8;12:44:35;HRT;193;19,3;11;;
12:44:36;CRT;118;11,8;12:44:36;HRT;193;19,3;11;;
12:44:36;CRT;118;11,8;12:44:36;HRT;193;19,3;11;;
12:44:37;CRT;118;11,8;12:44:37;HRT;193;19,3;11;;
12:44:38;CRT;118;11,8;12:44:38;HRT;193;19,3;11;;
12:44:38;CRT;118;11,8;12:44:38;HRT;193;19,3;11;;
12:44:39;CRT;118;11,8;12:44:39;HRT;193;19,3;11;;
12:44:40;CRT;118;11,8;12:44:40;HRT;193;19,3;11;;
12:44:40;CRT;118;11,8;12:44:40;HRT;193;19,3;11;;
12:44:41;CRT;118;11,8;12:44:41;HRT;193;19,3;11;;
12:44:41;CRT;118;11,8;12:44:41;HRT;193;19,3;11;;
12:44:42;CRT;118;11,8;12:44:42;HRT;192;19,2;11;;
12:44:43;CRT;118;11,8;12:44:43;HRT;192;19,2;11;;
12:44:43;CRT;118;11,8;12:44:43;HRT;192;19,2;11;;
12:44:44;CRT;118;11,8;12:44:44;HRT;192;19,2;11;;
12:44:45;CRT;118;11,8;12:44:45;HRT;192;19,2;11;;
12:44:45;CRT;118;11,8;12:44:45;HRT;192;19,2;11;;
12:44:46;CRT;118;11,8;12:44:46;HRT;192;19,2;11;;
12:44:47;CRT;118;11,8;12:44:47;HRT;192;19,2;11;;
12:44:47;CRT;118;11,8;12:44:47;HRT;192;19,2;11;;
12:44:48;CRT;118;11,8;12:44:48;HRT;192;19,2;11;;
12:44:49;CRT;118;11,8;12:44:49;HRT;192;19,2;11;;
12:44:49;CRT;118;11,8;12:44:49;HRT;192;19,2;11;;
12:44:50;CRT;118;11,8;12:44:50;HRT;192;19,2;11;;
12:44:51;CRT;118;11,8;12:44:51;HRT;192;19,2;11;;
12:44:51;CRT;118;11,8;12:44:51;HRT;192;19,2;11;;
12:44:52;CRT;118;11,8;12:44:52;HRT;192;19,2;11;;
12:44:53;CRT;118;11,8;12:44:53;HRT;192;19,2;11;;
12:44:53;CRT;118;11,8;12:44:53;HRT;192;19,2;11;;
12:44:54;CRT;118;11,8;12:44:54;HRT;192;19,2;11;;
12:44:54;CRT;118;11,8;12:44:54;HRT;192;19,2;11;;
12:44:55;CRT;118;11,8;12:44:55;HRT;192;19,2;11;;
12:44:56;CRT;118;11,8;12:44:56;HRT;191;19,1;11;;
12:44:56;CRT;118;11,8;12:44:56;HRT;191;19,1;11;;
12:44:57;CRT;118;11,8;12:44:57;HRT;191;19,1;11;;
12:44:58;CRT;118;11,8;12:44:58;HRT;191;19,1;11;;
12:44:58;CRT;118;11,8;12:44:58;HRT;191;19,1;11;;
12:44:59;CRT;118;11,8;12:44:59;HRT;191;19,1;11;;
12:45:00;CRT;118;11,8;12:45:00;HRT;191;19,1;11;;
12:45:00;CRT;118;11,8;12:45:00;HRT;191;19,1;11;;
12:45:01;CRT;118;11,8;12:45:01;HRT;191;19,1;11;;
12:45:01;CRT;118;11,8;12:45:01;HRT;191;19,1;11;;
12:45:02;CRT;118;11,8;12:45:02;HRT;191;19,1;11;;
12:45:03;CRT;118;11,8;12:45:03;HRT;191;19,1;11;;
12:45:03;CRT;118;11,8;12:45:03;HRT;191;19,1;11;;
12:45:04;CRT;118;11,8;12:45:04;HRT;191;19,1;11;;
12:45:05;CRT;118;11,8;12:45:05;HRT;191;19,1;11;;
12:45:05;CRT;118;11,8;12:45:05;HRT;191;19,1;11;;
12:45:06;CRT;118;11,8;12:45:06;HRT;191;19,1;11;;
12:45:07;CRT;118;11,8;12:45:07;HRT;191;19,1;11;;
12:45:07;CRT;118;11,8;12:45:07;HRT;191;19,1;11;;
12:45:08;CRT;118;11,8;12:45:08;HRT;191;19,1;11;;
12:45:09;CRT;118;11,8;12:45:09;HRT;191;19,1;11;;
12:45:09;CRT;118;11,8;12:45:09;HRT;190;19;11;;
12:45:10;CRT;118;11,8;12:45:10;HRT;190;19;11;;
12:45:11;CRT;118;11,8;12:45:11;HRT;190;19;11;;
12:45:11;CRT;118;11,8;12:45:11;HRT;190;19;11;;
12:45:12;CRT;118;11,8;12:45:12;HRT;190;19;11;;
12:45:13;CRT;118;11,8;12:45:13;HRT;190;19;11;;
12:45:13;CRT;118;11,8;12:45:13;HRT;190;19;11;;
12:45:14;CRT;118;11,8;12:45:14;HRT;190;19;11;;
12:45:15;CRT;118;11,8;12:45:15;HRT;190;19;11;;
12:45:15;CRT;118;11,8;12:45:15;HRT;190;19;11;;
12:45:16;CRT;118;11,8;12:45:16;HRT;190;19;11;;
12:45:17;CRT;118;11,8;12:45:17;HRT;190;19;11;;
12:45:17;CRT;118;11,8;12:45:17;HRT;190;19;11;;
12:45:18;CRT;118;11,8;12:45:18;HRT;190;19;11;;
12:45:19;CRT;118;11,8;12:45:19;HRT;190;19;11;;
12:45:19;CRT;118;11,8;12:45:19;HRT;190;19;11;;
12:45:20;CRT;118;11,8;12:45:20;HRT;190;19;11;;
12:45:20;CRT;118;11,8;12:45:21;HRT;190;19;11;;
12:45:21;CRT;118;11,8;12:45:21;HRT;190;19;11;;
12:45:22;CRT;118;11,8;12:45:22;HRT;190;19;11;;
12:45:22;CRT;118;11,8;12:45:22;HRT;190;19;11;;
12:45:23;CRT;118;11,8;12:45:23;HRT;190;19;11;;
12:45:24;CRT;118;11,8;12:45:24;HRT;190;19;11;;
12:45:24;CRT;118;11,8;12:45:24;HRT;190;19;11;;
12:45:25;CRT;118;11,8;12:45:25;HRT;189;18,9;11;;
12:45:26;CRT;118;11,8;12:45:26;HRT;189;18,9;11;;
12:45:27;CRT;118;11,8;12:45:27;HRT;189;18,9;11;;
12:45:27;CRT;118;11,8;12:45:27;HRT;189;18,9;11;;
12:45:28;CRT;118;11,8;12:45:28;HRT;189;18,9;11;;
12:45:28;CRT;118;11,8;12:45:28;HRT;189;18,9;11;;
12:45:29;CRT;118;11,8;12:45:29;HRT;189;18,9;11;;
12:45:30;CRT;118;11,8;12:45:30;HRT;189;18,9;11;;
12:45:30;CRT;118;11,8;12:45:30;HRT;189;18,9;11;;
12:45:31;CRT;118;11,8;12:45:31;HRT;189;18,9;11;;
12:45:32;CRT;118;11,8;12:45:32;HRT;189;18,9;11;;
12:45:32;CRT;118;11,8;12:45:32;HRT;189;18,9;11;;
12:45:33;CRT;118;11,8;12:45:33;HRT;189;18,9;11;;
12:45:34;CRT;118;11,8;12:45:34;HRT;189;18,9;11;;
12:45:34;CRT;118;11,8;12:45:34;HRT;189;18,9;11;;
12:45:35;CRT;118;11,8;12:45:35;HRT;189;18,9;11;;
12:45:36;CRT;118;11,8;12:45:36;HRT;189;18,9;11;;
12:45:36;CRT;118;11,8;12:45:36;HRT;189;18,9;11;;
12:45:37;CRT;118;11,8;12:45:37;HRT;189;18,9;11;;
12:45:38;CRT;118;11,8;12:45:38;HRT;189;18,9;11;;
12:45:38;CRT;118;11,8;12:45:38;HRT;189;18,9;11;;
12:45:39;CRT;118;11,8;12:45:39;HRT;188;18,8;11;;
12:45:40;CRT;118;11,8;12:45:40;HRT;188;18,8;11;;
12:45:40;CRT;118;11,8;12:45:40;HRT;188;18,8;11;;
12:45:41;CRT;118;11,8;12:45:41;HRT;188;18,8;11;;
12:45:42;CRT;118;11,8;12:45:42;HRT;188;18,8;11;;
12:45:42;CRT;118;11,8;12:45:42;HRT;188;18,8;11;;
12:45:43;CRT;118;11,8;12:45:43;HRT;188;18,8;11;;
12:45:44;CRT;118;11,8;12:45:44;HRT;188;18,8;11;;
12:45:44;CRT;118;11,8;12:45:44;HRT;188;18,8;11;;
12:45:45;CRT;118;11,8;12:45:45;HRT;188;18,8;11;;
12:45:46;CRT;118;11,8;12:45:46;HRT;188;18,8;11;;
12:45:46;CRT;118;11,8;12:45:46;HRT;188;18,8;11;;
12:45:47;CRT;118;11,8;12:45:47;HRT;188;18,8;11;;
12:45:47;CRT;118;11,8;12:45:47;HRT;188;18,8;11;;
12:45:48;CRT;118;11,8;12:45:48;HRT;188;18,8;11;;
12:45:49;CRT;118;11,8;12:45:49;HRT;188;18,8;11;;
12:45:49;CRT;118;11,8;12:45:49;HRT;188;18,8;11;;
12:45:50;CRT;118;11,8;12:45:50;HRT;187;18,7;11;;
12:45:51;CRT;118;11,8;12:45:51;HRT;187;18,7;11;;
12:45:51;CRT;118;11,8;12:45:51;HRT;187;18,7;11;;
12:45:52;CRT;118;11,8;12:45:52;HRT;187;18,7;11;;
12:45:53;CRT;118;11,8;12:45:53;HRT;187;18,7;11;;
12:45:53;CRT;118;11,8;12:45:53;HRT;187;18,7;11;;
12:45:54;CRT;118;11,8;12:45:54;HRT;187;18,7;11;;
12:45:55;CRT;118;11,8;12:45:55;HRT;187;18,7;11;;
12:45:55;CRT;118;11,8;12:45:55;HRT;187;18,7;11;;
12:45:56;CRT;118;11,8;12:45:56;HRT;187;18,7;11;;
12:45:57;CRT;118;11,8;12:45:57;HRT;187;18,7;11;;
12:45:57;CRT;118;11,8;12:45:57;HRT;187;18,7;11;;
12:45:58;CRT;118;11,8;12:45:58;HRT;187;18,7;11;;
12:45:59;CRT;118;11,8;12:45:59;HRT;186;18,6;11;;
12:45:59;CRT;118;11,8;12:45:59;HRT;186;18,6;11;;
12:46:00;CRT;118;11,8;12:46:00;HRT;186;18,6;11;;
12:46:00;CRT;118;11,8;12:46:00;HRT;186;18,6;11;;
12:46:01;CRT;118;11,8;12:46:01;HRT;186;18,6;11;;
12:46:02;CRT;118;11,8;12:46:02;HRT;186;18,6;11;;
12:46:02;CRT;118;11,8;12:46:02;HRT;186;18,6;11;;
12:46:03;CRT;118;11,8;12:46:03;HRT;186;18,6;11;;
12:46:04;CRT;118;11,8;12:46:04;HRT;186;18,6;11;;
12:46:04;CRT;118;11,8;12:46:04;HRT;186;18,6;11;;
12:46:05;CRT;118;11,8;12:46:05;HRT;186;18,6;11;;
12:46:06;CRT;118;11,8;12:46:06;HRT;186;18,6;11;;
12:46:06;CRT;118;11,8;12:46:06;HRT;186;18,6;11;;
12:46:07;CRT;118;11,8;12:46:07;HRT;186;18,6;11;;
12:46:08;CRT;118;11,8;12:46:08;HRT;186;18,6;11;;
12:46:08;CRT;118;11,8;12:46:08;HRT;186;18,6;11;;
12:46:09;CRT;118;11,8;12:46:09;HRT;186;18,6;11;;
12:46:10;CRT;118;11,8;12:46:10;HRT;186;18,6;11;;
12:46:10;CRT;118;11,8;12:46:10;HRT;186;18,6;11;;
12:46:11;CRT;118;11,8;12:46:11;HRT;186;18,6;11;;
12:46:11;CRT;118;11,8;12:46:11;HRT;186;18,6;11;;
12:46:12;CRT;118;11,8;12:46:12;HRT;186;18,6;11;;
12:46:13;CRT;118;11,8;12:46:13;HRT;185;18,5;11;;
12:46:13;CRT;118;11,8;12:46:13;HRT;185;18,5;11;;
12:46:14;CRT;118;11,8;12:46:14;HRT;185;18,5;11;;
12:46:15;CRT;118;11,8;12:46:15;HRT;185;18,5;11;;
12:46:15;CRT;118;11,8;12:46:15;HRT;185;18,5;11;;
12:46:16;CRT;118;11,8;12:46:16;HRT;185;18,5;11;;
12:46:17;CRT;118;11,8;12:46:17;HRT;185;18,5;11;;
12:46:17;CRT;118;11,8;12:46:17;HRT;185;18,5;11;;
12:46:18;CRT;118;11,8;12:46:18;HRT;185;18,5;11;;
12:46:18;CRT;118;11,8;12:46:18;HRT;185;18,5;11;;
12:46:19;CRT;118;11,8;12:46:19;HRT;185;18,5;11;;
12:46:20;CRT;118;11,8;12:46:20;HRT;185;18,5;11;;
12:46:20;CRT;118;11,8;12:46:20;HRT;185;18,5;11;;
12:46:21;CRT;118;11,8;12:46:21;HRT;185;18,5;11;;
12:46:22;CRT;118;11,8;12:46:22;HRT;185;18,5;11;;
12:46:22;CRT;118;11,8;12:46:22;HRT;185;18,5;11;;
12:46:23;CRT;118;11,8;12:46:23;HRT;185;18,5;11;;
12:46:24;CRT;118;11,8;12:46:24;HRT;185;18,5;11;;
12:46:24;CRT;118;11,8;12:46:24;HRT;185;18,5;11;;
12:46:25;CRT;118;11,8;12:46:25;HRT;185;18,5;11;;
12:46:25;CRT;118;11,8;12:46:25;HRT;185;18,5;11;;
12:46:26;CRT;118;11,8;12:46:26;HRT;184;18,4;11;;
12:46:27;CRT;118;11,8;12:46:27;HRT;184;18,4;11;;
12:46:28;CRT;118;11,8;12:46:28;HRT;184;18,4;11;;
12:46:28;CRT;118;11,8;12:46:28;HRT;184;18,4;11;;
12:46:29;CRT;118;11,8;12:46:29;HRT;184;18,4;11;;
12:46:29;CRT;118;11,8;12:46:29;HRT;184;18,4;11;;
12:46:30;CRT;118;11,8;12:46:30;HRT;184;18,4;11;;
12:46:31;CRT;118;11,8;12:46:31;HRT;184;18,4;11;;
12:46:31;CRT;118;11,8;12:46:31;HRT;184;18,4;11;;
12:46:32;CRT;118;11,8;12:46:32;HRT;184;18,4;11;;
12:46:33;CRT;118;11,8;12:46:33;HRT;184;18,4;11;;
12:46:33;CRT;118;11,8;12:46:33;HRT;184;18,4;11;;
12:46:34;CRT;118;11,8;12:46:34;HRT;184;18,4;11;;
12:46:35;CRT;118;11,8;12:46:35;HRT;184;18,4;11;;
12:46:35;CRT;118;11,8;12:46:35;HRT;184;18,4;11;;
12:46:36;CRT;118;11,8;12:46:36;HRT;184;18,4;11;;
12:46:37;CRT;118;11,8;12:46:37;HRT;184;18,4;11;;
12:46:37;CRT;118;11,8;12:46:37;HRT;184;18,4;11;;
12:46:38;CRT;118;11,8;12:46:38;HRT;184;18,4;11;;
12:46:39;CRT;118;11,8;12:46:39;HRT;184;18,4;11;;
12:46:39;CRT;118;11,8;12:46:39;HRT;184;18,4;11;;
12:46:40;CRT;118;11,8;12:46:40;HRT;184;18,4;11;;
12:46:40;CRT;118;11,8;12:46:40;HRT;184;18,4;11;;
12:46:41;CRT;118;11,8;12:46:41;HRT;184;18,4;11;;
12:46:42;CRT;118;11,8;12:46:42;HRT;183;18,3;11;;
12:46:42;CRT;118;11,8;12:46:42;HRT;183;18,3;11;;
12:46:43;CRT;118;11,8;12:46:43;HRT;183;18,3;11;;
12:46:44;CRT;118;11,8;12:46:44;HRT;183;18,3;11;;
12:46:44;CRT;118;11,8;12:46:44;HRT;183;18,3;11;;
12:46:45;CRT;118;11,8;12:46:45;HRT;183;18,3;11;;
12:46:46;CRT;118;11,8;12:46:46;HRT;183;18,3;11;;
12:46:46;CRT;118;11,8;12:46:46;HRT;183;18,3;11;;
12:46:47;CRT;118;11,8;12:46:47;HRT;183;18,3;11;;
12:46:48;CRT;118;11,8;12:46:48;HRT;183;18,3;11;;
12:46:48;CRT;118;11,8;12:46:48;HRT;183;18,3;11;;
12:46:49;CRT;118;11,8;12:46:49;HRT;183;18,3;11;;
12:46:50;CRT;118;11,8;12:46:50;HRT;183;18,3;11;;
12:46:50;CRT;118;11,8;12:46:50;HRT;183;18,3;11;;
12:46:51;CRT;118;11,8;12:46:51;HRT;183;18,3;11;;
12:46:52;CRT;118;11,8;12:46:52;HRT;183;18,3;11;;
12:46:52;CRT;118;11,8;12:46:52;HRT;183;18,3;11;;
12:46:53;CRT;118;11,8;12:46:53;HRT;183;18,3;11;;
12:46:54;CRT;118;11,8;12:46:54;HRT;183;18,3;11;;
12:46:54;CRT;118;11,8;12:46:54;HRT;183;18,3;11;;
12:46:55;CRT;118;11,8;12:46:55;HRT;183;18,3;11;;
12:46:56;CRT;118;11,8;12:46:56;HRT;183;18,3;11;;
12:46:56;CRT;118;11,8;12:46:56;HRT;182;18,2;11;;
12:46:57;CRT;118;11,8;12:46:57;HRT;182;18,2;11;;
12:46:58;CRT;118;11,8;12:46:58;HRT;182;18,2;11;;
12:46:58;CRT;118;11,8;12:46:58;HRT;182;18,2;11;;
12:46:59;CRT;118;11,8;12:46:59;HRT;182;18,2;11;;
12:46:59;CRT;118;11,8;12:46:59;HRT;182;18,2;11;;
12:47:00;CRT;118;11,8;12:47:00;HRT;182;18,2;11;;
12:47:01;CRT;118;11,8;12:47:01;HRT;182;18,2;11;;
12:47:01;CRT;118;11,8;12:47:01;HRT;182;18,2;11;;
12:47:02;CRT;118;11,8;12:47:02;HRT;182;18,2;11;;
12:47:03;CRT;118;11,8;12:47:03;HRT;182;18,2;11;;
12:47:03;CRT;118;11,8;12:47:03;HRT;182;18,2;11;;
12:47:04;CRT;118;11,8;12:47:04;HRT;182;18,2;11;;
12:47:05;CRT;118;11,8;12:47:05;HRT;182;18,2;11;;
12:47:05;CRT;118;11,8;12:47:05;HRT;182;18,2;11;;
12:47:06;CRT;118;11,8;12:47:06;HRT;182;18,2;11;;
12:47:07;CRT;118;11,8;12:47:07;HRT;182;18,2;11;;
12:47:07;CRT;118;11,8;12:47:07;HRT;182;18,2;11;;
12:47:08;CRT;118;11,8;12:47:08;HRT;182;18,2;11;;
12:47:09;CRT;118;11,8;12:47:09;HRT;182;18,2;11;;
12:47:09;CRT;118;11,8;12:47:09;HRT;182;18,2;11;;
12:47:10;CRT;118;11,8;12:47:10;HRT;182;18,2;11;;
12:47:10;CRT;118;11,8;12:47:10;HRT;182;18,2;11;;
12:47:11;CRT;118;11,8;12:47:11;HRT;182;18,2;11;;
12:47:12;CRT;118;11,8;12:47:12;HRT;182;18,2;11;;
12:47:12;CRT;118;11,8;12:47:12;HRT;181;18,1;11;;
12:47:13;CRT;118;11,8;12:47:13;HRT;181;18,1;11;;
12:47:14;CRT;118;11,8;12:47:14;HRT;181;18,1;11;;
12:47:14;CRT;118;11,8;12:47:14;HRT;181;18,1;11;;
12:47:15;CRT;118;11,8;12:47:15;HRT;181;18,1;11;;
12:47:16;CRT;118;11,8;12:47:16;HRT;181;18,1;11;;
12:47:16;CRT;118;11,8;12:47:16;HRT;181;18,1;11;;
12:47:17;CRT;118;11,8;12:47:17;HRT;181;18,1;11;;
12:47:18;CRT;118;11,8;12:47:18;HRT;181;18,1;11;;
12:47:18;CRT;118;11,8;12:47:18;HRT;181;18,1;11;;
12:47:19;CRT;118;11,8;12:47:19;HRT;181;18,1;11;;
12:47:20;CRT;118;11,8;12:47:20;HRT;181;18,1;11;;
12:47:20;CRT;118;11,8;12:47:20;HRT;181;18,1;11;;
12:47:21;CRT;118;11,8;12:47:21;HRT;181;18,1;11;;
12:47:22;CRT;118;11,8;12:47:22;HRT;181;18,1;11;;
12:47:22;CRT;118;11,8;12:47:22;HRT;181;18,1;11;;
12:47:23;CRT;118;11,8;12:47:23;HRT;181;18,1;11;;
12:47:24;CRT;118;11,8;12:47:24;HRT;181;18,1;11;;
12:47:24;CRT;118;11,8;12:47:24;HRT;181;18,1;11;;
12:47:25;CRT;118;11,8;12:47:25;HRT;181;18,1;11;;
12:47:26;CRT;118;11,8;12:47:26;HRT;181;18,1;11;;
12:47:26;CRT;118;11,8;12:47:26;HRT;181;18,1;11;;
12:47:27;CRT;118;11,8;12:47:27;HRT;181;18,1;11;;
12:47:27;CRT;118;11,8;12:47:27;HRT;181;18,1;11;;
12:47:28;CRT;118;11,8;12:47:28;HRT;181;18,1;11;;
12:47:29;CRT;118;11,8;12:47:29;HRT;180;18;11;;
12:47:29;CRT;118;11,8;12:47:29;HRT;180;18;11;;
12:47:30;CRT;118;11,8;12:47:30;HRT;180;18;11;;
12:47:31;CRT;118;11,8;12:47:31;HRT;180;18;11;;
12:47:31;CRT;118;11,8;12:47:31;HRT;180;18;11;;
12:47:32;CRT;118;11,8;12:47:32;HRT;180;18;11;;
12:47:33;CRT;118;11,8;12:47:33;HRT;180;18;11;;
12:47:33;CRT;118;11,8;12:47:33;HRT;180;18;11;;
12:47:34;CRT;118;11,8;12:47:34;HRT;180;18;11;;
12:47:35;CRT;118;11,8;12:47:35;HRT;180;18;11;;
12:47:35;CRT;118;11,8;12:47:35;HRT;180;18;11;;
12:47:36;CRT;118;11,8;12:47:36;HRT;180;18;11;;
12:47:36;CRT;118;11,8;12:47:36;HRT;180;18;11;;
12:47:37;CRT;118;11,8;12:47:37;HRT;180;18;11;;
12:47:38;CRT;118;11,8;12:47:38;HRT;180;18;11;;
12:47:38;CRT;118;11,8;12:47:38;HRT;180;18;11;;
12:47:39;CRT;118;11,8;12:47:39;HRT;180;18;11;;
12:47:40;CRT;118;11,8;12:47:40;HRT;180;18;11;;
12:47:40;CRT;118;11,8;12:47:40;HRT;180;18;11;;
12:47:41;CRT;118;11,8;12:47:41;HRT;180;18;11;;
12:47:42;CRT;118;11,8;12:47:42;HRT;180;18;11;;
12:47:42;CRT;118;11,8;12:47:42;HRT;179;17,9;11;;
12:47:43;CRT;118;11,8;12:47:43;HRT;179;17,9;11;;
12:47:44;CRT;118;11,8;12:47:44;HRT;179;17,9;11;;
12:47:44;CRT;118;11,8;12:47:44;HRT;179;17,9;11;;
12:47:45;CRT;118;11,8;12:47:45;HRT;179;17,9;11;;
12:47:46;CRT;118;11,8;12:47:46;HRT;179;17,9;11;;
12:47:46;CRT;118;11,8;12:47:46;HRT;179;17,9;11;;
12:47:47;CRT;118;11,8;12:47:47;HRT;179;17,9;11;;
12:47:48;CRT;118;11,8;12:47:48;HRT;179;17,9;11;;
12:47:48;CRT;118;11,8;12:47:48;HRT;179;17,9;11;;
12:47:49;CRT;118;11,8;12:47:49;HRT;179;17,9;11;;
12:47:50;CRT;118;11,8;12:47:50;HRT;179;17,9;11;;
12:47:50;CRT;118;11,8;12:47:50;HRT;179;17,9;11;;
12:47:51;CRT;118;11,8;12:47:51;HRT;179;17,9;11;;
12:47:51;CRT;118;11,8;12:47:51;HRT;179;17,9;11;;
12:47:52;CRT;118;11,8;12:47:52;HRT;179;17,9;11;;
12:47:53;CRT;118;11,8;12:47:53;HRT;179;17,9;11;;
12:47:53;CRT;118;11,8;12:47:53;HRT;179;17,9;11;;
12:47:54;CRT;118;11,8;12:47:54;HRT;179;17,9;11;;
12:47:55;CRT;118;11,8;12:47:55;HRT;179;17,9;11;;
12:47:55;CRT;118;11,8;12:47:55;HRT;179;17,9;11;;
12:47:56;CRT;118;11,8;12:47:56;HRT;179;17,9;11;;
12:47:57;CRT;118;11,8;12:47:57;HRT;179;17,9;11;;
12:47:57;CRT;118;11,8;12:47:57;HRT;179;17,9;11;;
12:47:58;CRT;118;11,8;12:47:58;HRT;179;17,9;11;;
12:47:59;CRT;118;11,8;12:47:59;HRT;179;17,9;11;;
12:47:59;CRT;118;11,8;12:47:59;HRT;179;17,9;11;;
12:48:00;CRT;118;11,8;12:48:00;HRT;179;17,9;11;;
12:48:01;CRT;118;11,8;12:48:01;HRT;179;17,9;11;;
12:48:01;CRT;118;11,8;12:48:01;HRT;179;17,9;11;;
12:48:02;CRT;118;11,8;12:48:02;HRT;179;17,9;11;;
12:48:03;CRT;118;11,8;12:48:03;HRT;179;17,9;11;;
12:48:03;CRT;118;11,8;12:48:03;HRT;179;17,9;11;;
12:48:04;CRT;118;11,8;12:48:04;HRT;179;17,9;11;;
12:48:05;CRT;118;11,8;12:48:05;HRT;178;17,8;11;;
12:48:05;CRT;118;11,8;12:48:05;HRT;178;17,8;11;;
12:48:06;CRT;118;11,8;12:48:06;HRT;178;17,8;11;;
12:48:06;CRT;118;11,8;12:48:06;HRT;178;17,8;11;;
12:48:07;CRT;118;11,8;12:48:07;HRT;178;17,8;11;;
12:48:08;CRT;118;11,8;12:48:08;HRT;178;17,8;11;;
12:48:08;CRT;118;11,8;12:48:08;HRT;178;17,8;11;;
12:48:09;CRT;118;11,8;12:48:09;HRT;178;17,8;11;;
12:48:10;CRT;118;11,8;12:48:10;HRT;178;17,8;11;;
12:48:10;CRT;118;11,8;12:48:10;HRT;178;17,8;11;;
12:48:11;CRT;118;11,8;12:48:11;HRT;178;17,8;11;;
12:48:12;CRT;118;11,8;12:48:12;HRT;178;17,8;11;;
12:48:12;CRT;118;11,8;12:48:12;HRT;178;17,8;11;;
12:48:13;CRT;118;11,8;12:48:13;HRT;178;17,8;11;;
12:48:14;CRT;118;11,8;12:48:14;HRT;178;17,8;11;;
12:48:14;CRT;118;11,8;12:48:14;HRT;178;17,8;11;;
12:48:15;CRT;118;11,8;12:48:15;HRT;178;17,8;11;;
12:48:16;CRT;118;11,8;12:48:16;HRT;178;17,8;11;;
12:48:16;CRT;118;11,8;12:48:16;HRT;178;17,8;11;;
12:48:17;CRT;118;11,8;12:48:17;HRT;178;17,8;11;;
12:48:18;CRT;118;11,8;12:48:18;HRT;178;17,8;11;;
12:48:18;CRT;118;11,8;12:48:18;HRT;178;17,8;11;;
12:48:19;CRT;118;11,8;12:48:19;HRT;178;17,8;11;;
12:48:20;CRT;118;11,8;12:48:20;HRT;178;17,8;11;;
12:48:20;CRT;118;11,8;12:48:20;HRT;178;17,8;11;;
12:48:21;CRT;118;11,8;12:48:21;HRT;178;17,8;11;;
12:48:22;CRT;118;11,8;12:48:22;HRT;178;17,8;11;;
12:48:22;CRT;118;11,8;12:48:22;HRT;178;17,8;11;;
12:48:23;CRT;118;11,8;12:48:23;HRT;178;17,8;11;;
12:48:24;CRT;118;11,8;12:48:24;HRT;177;17,7;11;;
12:48:24;CRT;118;11,8;12:48:24;HRT;177;17,7;11;;
12:48:25;CRT;118;11,8;12:48:25;HRT;177;17,7;11;;
12:48:26;CRT;118;11,8;12:48:26;HRT;177;17,7;11;;
12:48:26;CRT;118;11,8;12:48:26;HRT;177;17,7;11;;
12:48:27;CRT;118;11,8;12:48:27;HRT;177;17,7;11;;
12:48:27;CRT;118;11,8;12:48:27;HRT;177;17,7;11;;
12:48:28;CRT;118;11,8;12:48:28;HRT;177;17,7;11;;
12:48:29;CRT;118;11,8;12:48:29;HRT;177;17,7;11;;
12:48:29;CRT;118;11,8;12:48:29;HRT;177;17,7;11;;
12:48:30;CRT;118;11,8;12:48:30;HRT;177;17,7;11;;
12:48:31;CRT;118;11,8;12:48:31;HRT;177;17,7;11;;
12:48:31;CRT;118;11,8;12:48:31;HRT;177;17,7;11;;
12:48:32;CRT;118;11,8;12:48:32;HRT;177;17,7;11;;
12:48:33;CRT;118;11,8;12:48:33;HRT;177;17,7;11;;
12:48:33;CRT;118;11,8;12:48:33;HRT;177;17,7;11;;
12:48:34;CRT;118;11,8;12:48:34;HRT;177;17,7;11;;
12:48:34;CRT;118;11,8;12:48:34;HRT;177;17,7;11;;
12:48:35;CRT;118;11,8;12:48:35;HRT;177;17,7;11;;
12:48:36;CRT;118;11,8;12:48:36;HRT;177;17,7;11;;
12:48:37;CRT;118;11,8;12:48:37;HRT;177;17,7;11;;
12:48:37;CRT;118;11,8;12:48:37;HRT;177;17,7;11;;
12:48:38;CRT;118;11,8;12:48:38;HRT;177;17,7;11;;
12:48:38;CRT;118;11,8;12:48:38;HRT;177;17,7;11;;
12:48:39;CRT;118;11,8;12:48:39;HRT;177;17,7;11;;
12:48:40;CRT;118;11,8;12:48:40;HRT;177;17,7;11;;
12:48:40;CRT;118;11,8;12:48:40;HRT;177;17,7;11;;
12:48:41;CRT;118;11,8;12:48:41;HRT;177;17,7;11;;
12:48:42;CRT;118;11,8;12:48:42;HRT;177;17,7;11;;
12:48:42;CRT;118;11,8;12:48:42;HRT;177;17,7;11;;
12:48:43;CRT;118;11,8;12:48:43;HRT;177;17,7;11;;
12:48:44;CRT;118;11,8;12:48:44;HRT;177;17,7;11;;
12:48:44;CRT;118;11,8;12:48:44;HRT;177;17,7;11;;
12:48:45;CRT;118;11,8;12:48:45;HRT;177;17,7;11;;
12:48:46;CRT;118;11,8;12:48:46;HRT;176;17,6;11;;
12:48:46;CRT;118;11,8;12:48:46;HRT;176;17,6;11;;
12:48:47;CRT;118;11,8;12:48:47;HRT;176;17,6;11;;
12:48:47;CRT;118;11,8;12:48:47;HRT;176;17,6;11;;
12:48:48;CRT;118;11,8;12:48:48;HRT;176;17,6;11;;
12:48:49;CRT;118;11,8;12:48:49;HRT;176;17,6;11;;
12:48:49;CRT;118;11,8;12:48:49;HRT;176;17,6;11;;
12:48:50;CRT;118;11,8;12:48:50;HRT;176;17,6;11;;
12:48:51;CRT;118;11,8;12:48:51;HRT;176;17,6;11;;
12:48:51;CRT;118;11,8;12:48:51;HRT;176;17,6;11;;
12:48:52;CRT;118;11,8;12:48:52;HRT;176;17,6;11;;
12:48:53;CRT;118;11,8;12:48:53;HRT;176;17,6;11;;
12:48:53;CRT;118;11,8;12:48:53;HRT;176;17,6;11;;
12:48:54;CRT;118;11,8;12:48:54;HRT;176;17,6;11;;
12:48:55;CRT;118;11,8;12:48:55;HRT;176;17,6;11;;
12:48:55;CRT;118;11,8;12:48:55;HRT;176;17,6;11;;
12:48:56;CRT;118;11,8;12:48:56;HRT;176;17,6;11;;
12:48:57;CRT;118;11,8;12:48:57;HRT;176;17,6;11;;
12:48:57;CRT;118;11,8;12:48:57;HRT;176;17,6;11;;
12:48:58;CRT;118;11,8;12:48:58;HRT;176;17,6;11;;
12:48:58;CRT;118;11,8;12:48:58;HRT;176;17,6;11;;
12:48:59;CRT;118;11,8;12:48:59;HRT;176;17,6;11;;
12:49:00;CRT;118;11,8;12:49:00;HRT;176;17,6;11;;
12:49:00;CRT;118;11,8;12:49:00;HRT;176;17,6;11;;
12:49:01;CRT;118;11,8;12:49:01;HRT;176;17,6;11;;
12:49:02;CRT;118;11,8;12:49:02;HRT;176;17,6;11;;
12:49:02;CRT;118;11,8;12:49:02;HRT;176;17,6;11;;
12:49:03;CRT;118;11,8;12:49:03;HRT;176;17,6;11;;
12:49:03;CRT;118;11,8;12:49:03;HRT;176;17,6;11;;
12:49:04;CRT;118;11,8;12:49:04;HRT;176;17,6;11;;
12:49:05;CRT;118;11,8;12:49:05;HRT;176;17,6;11;;
12:49:05;CRT;118;11,8;12:49:05;HRT;176;17,6;11;;
12:49:06;CRT;118;11,8;12:49:06;HRT;176;17,6;11;;
12:49:07;CRT;118;11,8;12:49:07;HRT;176;17,6;11;;
12:49:07;CRT;118;11,8;12:49:07;HRT;176;17,6;11;;
12:49:08;CRT;118;11,8;12:49:08;HRT;176;17,6;11;;
12:49:09;CRT;118;11,8;12:49:09;HRT;176;17,6;11;;
12:49:09;CRT;118;11,8;12:49:09;HRT;175;17,5;11;;
12:49:10;CRT;118;11,8;12:49:10;HRT;175;17,5;11;;
12:49:10;CRT;118;11,8;12:49:10;HRT;175;17,5;11;;
12:49:11;CRT;118;11,8;12:49:11;HRT;175;17,5;11;;
12:49:12;CRT;118;11,8;12:49:12;HRT;175;17,5;11;;
12:49:12;CRT;118;11,8;12:49:12;HRT;176;17,6;11;;
12:49:13;CRT;118;11,8;12:49:13;HRT;176;17,6;11;;
12:49:14;CRT;118;11,8;12:49:14;HRT;176;17,6;11;;
12:49:14;CRT;118;11,8;12:49:14;HRT;176;17,6;11;;
12:49:15;CRT;118;11,8;12:49:15;HRT;176;17,6;11;;
12:49:16;CRT;118;11,8;12:49:16;HRT;175;17,5;11;;
12:49:16;CRT;118;11,8;12:49:16;HRT;175;17,5;11;;
12:49:17;CRT;118;11,8;12:49:17;HRT;175;17,5;11;;
12:49:18;CRT;118;11,8;12:49:18;HRT;175;17,5;11;;
12:49:18;CRT;118;11,8;12:49:18;HRT;175;17,5;11;;
12:49:19;CRT;118;11,8;12:49:19;HRT;175;17,5;11;;
12:49:20;CRT;118;11,8;12:49:20;HRT;175;17,5;11;;
12:49:20;CRT;118;11,8;12:49:20;HRT;175;17,5;11;;
12:49:21;CRT;118;11,8;12:49:21;HRT;175;17,5;11;;
12:49:22;CRT;118;11,8;12:49:22;HRT;175;17,5;11;;
12:49:22;CRT;118;11,8;12:49:22;HRT;175;17,5;11;;
12:49:23;CRT;118;11,8;12:49:23;HRT;175;17,5;11;;
12:49:24;CRT;118;11,8;12:49:24;HRT;175;17,5;11;;
12:49:24;CRT;118;11,8;12:49:24;HRT;175;17,5;11;;
12:49:25;CRT;118;11,8;12:49:25;HRT;175;17,5;11;;
12:49:26;CRT;118;11,8;12:49:26;HRT;175;17,5;11;;
12:49:26;CRT;118;11,8;12:49:26;HRT;175;17,5;11;;
12:49:27;CRT;118;11,8;12:49:27;HRT;175;17,5;11;;
12:49:28;CRT;118;11,8;12:49:28;HRT;175;17,5;11;;
12:49:28;CRT;118;11,8;12:49:28;HRT;175;17,5;11;;
12:49:29;CRT;118;11,8;12:49:29;HRT;175;17,5;11;;
12:49:30;CRT;118;11,8;12:49:30;HRT;175;17,5;11;;
12:49:30;CRT;118;11,8;12:49:30;HRT;175;17,5;11;;
12:49:31;CRT;118;11,8;12:49:31;HRT;175;17,5;11;;
12:49:31;CRT;118;11,8;12:49:31;HRT;175;17,5;11;;
12:49:32;CRT;118;11,8;12:49:32;HRT;175;17,5;11;;
12:49:33;CRT;118;11,8;12:49:33;HRT;175;17,5;11;;
12:49:33;CRT;118;11,8;12:49:33;HRT;175;17,5;11;;
12:49:34;CRT;118;11,8;12:49:34;HRT;175;17,5;11;;
12:49:35;CRT;118;11,8;12:49:35;HRT;174;17,4;11;;
12:49:35;CRT;118;11,8;12:49:35;HRT;174;17,4;11;;
12:49:36;CRT;118;11,8;12:49:36;HRT;174;17,4;11;;
12:49:36;CRT;118;11,8;12:49:36;HRT;174;17,4;11;;
12:49:37;CRT;118;11,8;12:49:37;HRT;174;17,4;11;;
12:49:38;CRT;118;11,8;12:49:38;HRT;174;17,4;11;;
12:49:39;CRT;118;11,8;12:49:39;HRT;174;17,4;11;;
12:49:39;CRT;118;11,8;12:49:39;HRT;174;17,4;11;;
12:49:40;CRT;118;11,8;12:49:40;HRT;174;17,4;11;;
12:49:40;CRT;118;11,8;12:49:40;HRT;174;17,4;11;;
12:49:41;CRT;118;11,8;12:49:41;HRT;174;17,4;11;;
12:49:42;CRT;118;11,8;12:49:42;HRT;174;17,4;11;;
12:49:42;CRT;118;11,8;12:49:42;HRT;174;17,4;11;;
12:49:43;CRT;118;11,8;12:49:43;HRT;174;17,4;11;;
12:49:44;CRT;118;11,8;12:49:44;HRT;174;17,4;11;;
12:49:44;CRT;118;11,8;12:49:44;HRT;174;17,4;11;;
12:49:45;CRT;118;11,8;12:49:45;HRT;174;17,4;11;;
12:49:46;CRT;118;11,8;12:49:46;HRT;174;17,4;11;;
12:49:46;CRT;118;11,8;12:49:46;HRT;174;17,4;11;;
12:49:47;CRT;118;11,8;12:49:47;HRT;174;17,4;11;;
12:49:48;CRT;118;11,8;12:49:48;HRT;174;17,4;11;;
12:49:48;CRT;118;11,8;12:49:48;HRT;174;17,4;11;;
12:49:49;CRT;118;11,8;12:49:49;HRT;174;17,4;11;;
12:49:50;CRT;118;11,8;12:49:50;HRT;174;17,4;11;;
12:49:50;CRT;118;11,8;12:49:50;HRT;174;17,4;11;;
12:49:51;CRT;118;11,8;12:49:51;HRT;174;17,4;11;;
12:49:51;CRT;118;11,8;12:49:51;HRT;174;17,4;11;;
12:49:52;CRT;118;11,8;12:49:52;HRT;174;17,4;11;;
12:49:53;CRT;118;11,8;12:49:53;HRT;174;17,4;11;;
12:49:53;CRT;118;11,8;12:49:53;HRT;174;17,4;11;;
12:49:54;CRT;118;11,8;12:49:54;HRT;174;17,4;11;;
12:49:55;CRT;118;11,8;12:49:55;HRT;174;17,4;11;;
12:49:55;CRT;118;11,8;12:49:55;HRT;174;17,4;11;;
12:49:56;CRT;118;11,8;12:49:56;HRT;174;17,4;11;;
12:49:57;CRT;118;11,8;12:49:57;HRT;174;17,4;11;;
12:49:57;CRT;118;11,8;12:49:57;HRT;174;17,4;11;;
12:49:58;CRT;118;11,8;12:49:58;HRT;174;17,4;11;;
12:49:58;CRT;118;11,8;12:49:58;HRT;174;17,4;11;;
12:49:59;CRT;118;11,8;12:49:59;HRT;174;17,4;11;;
12:50:00;CRT;118;11,8;12:50:00;HRT;174;17,4;11;;
12:50:00;CRT;118;11,8;12:50:00;HRT;174;17,4;11;;
12:50:01;CRT;118;11,8;12:50:01;HRT;174;17,4;11;;
12:50:02;CRT;118;11,8;12:50:02;HRT;173;17,3;11;;
12:50:02;CRT;118;11,8;12:50:02;HRT;173;17,3;11;;
12:50:03;CRT;118;11,8;12:50:03;HRT;173;17,3;11;;
12:50:04;CRT;118;11,8;12:50:04;HRT;173;17,3;11;;
12:50:04;CRT;118;11,8;12:50:04;HRT;173;17,3;11;;
12:50:05;CRT;118;11,8;12:50:05;HRT;173;17,3;11;;
12:50:05;CRT;118;11,8;12:50:05;HRT;173;17,3;11;;
12:50:06;CRT;118;11,8;12:50:06;HRT;173;17,3;11;;
12:50:07;CRT;118;11,8;12:50:07;HRT;173;17,3;11;;
12:50:07;CRT;118;11,8;12:50:07;HRT;173;17,3;11;;
12:50:08;CRT;118;11,8;12:50:08;HRT;173;17,3;11;;
12:50:09;CRT;118;11,8;12:50:09;HRT;173;17,3;11;;
12:50:09;CRT;118;11,8;12:50:09;HRT;173;17,3;11;;
12:50:10;CRT;118;11,8;12:50:10;HRT;173;17,3;11;;
12:50:10;CRT;118;11,8;12:50:10;HRT;173;17,3;11;;
12:50:11;CRT;118;11,8;12:50:11;HRT;173;17,3;11;;
12:50:12;CRT;118;11,8;12:50:12;HRT;173;17,3;11;;
12:50:12;CRT;118;11,8;12:50:12;HRT;173;17,3;11;;
12:50:13;CRT;118;11,8;12:50:13;HRT;173;17,3;11;;
12:50:14;CRT;118;11,8;12:50:14;HRT;173;17,3;11;;
12:50:14;CRT;118;11,8;12:50:14;HRT;173;17,3;11;;
12:50:15;CRT;118;11,8;12:50:15;HRT;173;17,3;11;;
12:50:16;CRT;118;11,8;12:50:16;HRT;173;17,3;11;;
12:50:16;CRT;118;11,8;12:50:16;HRT;173;17,3;11;;
12:50:17;CRT;118;11,8;12:50:17;HRT;173;17,3;11;;
12:50:18;CRT;118;11,8;12:50:18;HRT;173;17,3;11;;
12:50:18;CRT;118;11,8;12:50:18;HRT;173;17,3;11;;
12:50:19;CRT;118;11,8;12:50:19;HRT;173;17,3;11;;
12:50:20;CRT;118;11,8;12:50:20;HRT;173;17,3;11;;
12:50:20;CRT;118;11,8;12:50:20;HRT;173;17,3;11;;
12:50:21;CRT;118;11,8;12:50:21;HRT;172;17,2;11;;
12:50:21;CRT;118;11,8;12:50:21;HRT;172;17,2;11;;
12:50:22;CRT;118;11,8;12:50:22;HRT;172;17,2;11;;
12:50:23;CRT;118;11,8;12:50:23;HRT;172;17,2;11;;
12:50:23;CRT;118;11,8;12:50:23;HRT;172;17,2;11;;
12:50:24;CRT;118;11,8;12:50:24;HRT;173;17,3;11;;
12:50:25;CRT;118;11,8;12:50:25;HRT;173;17,3;11;;
12:50:25;CRT;118;11,8;12:50:25;HRT;173;17,3;11;;
12:50:26;CRT;118;11,8;12:50:26;HRT;173;17,3;11;;
12:50:27;CRT;118;11,8;12:50:27;HRT;173;17,3;11;;
12:50:27;CRT;118;11,8;12:50:27;HRT;172;17,2;11;;
12:50:28;CRT;118;11,8;12:50:28;HRT;172;17,2;11;;
12:50:28;CRT;118;11,8;12:50:28;HRT;172;17,2;11;;
12:50:29;CRT;118;11,8;12:50:29;HRT;172;17,2;11;;
12:50:30;CRT;118;11,8;12:50:30;HRT;172;17,2;11;;
12:50:30;CRT;118;11,8;12:50:30;HRT;172;17,2;11;;
12:50:31;CRT;118;11,8;12:50:31;HRT;172;17,2;11;;
12:50:32;CRT;118;11,8;12:50:32;HRT;172;17,2;11;;
12:50:32;CRT;118;11,8;12:50:32;HRT;172;17,2;11;;
12:50:33;CRT;118;11,8;12:50:33;HRT;172;17,2;11;;
12:50:34;CRT;118;11,8;12:50:34;HRT;172;17,2;11;;
12:50:34;CRT;118;11,8;12:50:34;HRT;172;17,2;11;;
12:50:35;CRT;118;11,8;12:50:35;HRT;172;17,2;11;;
12:50:36;CRT;118;11,8;12:50:36;HRT;172;17,2;11;;
12:50:36;CRT;118;11,8;12:50:36;HRT;172;17,2;11;;
12:50:37;CRT;118;11,8;12:50:37;HRT;172;17,2;11;;
12:50:37;CRT;118;11,8;12:50:37;HRT;172;17,2;11;;
12:50:38;CRT;118;11,8;12:50:38;HRT;172;17,2;11;;
12:50:39;CRT;118;11,8;12:50:39;HRT;172;17,2;11;;
12:50:39;CRT;118;11,8;12:50:39;HRT;172;17,2;11;;
12:50:40;CRT;118;11,8;12:50:40;HRT;172;17,2;11;;
12:50:41;CRT;118;11,8;12:50:41;HRT;172;17,2;11;;
12:50:41;CRT;118;11,8;12:50:41;HRT;172;17,2;11;;
12:50:42;CRT;118;11,8;12:50:42;HRT;172;17,2;11;;
12:50:43;CRT;118;11,8;12:50:43;HRT;172;17,2;11;;
12:50:43;CRT;118;11,8;12:50:43;HRT;172;17,2;11;;
12:50:44;CRT;118;11,8;12:50:44;HRT;172;17,2;11;;
12:50:44;CRT;118;11,8;12:50:44;HRT;172;17,2;11;;
12:50:45;CRT;118;11,8;12:50:45;HRT;172;17,2;11;;
12:50:46;CRT;118;11,8;12:50:46;HRT;171;17,1;11;;
12:50:46;CRT;118;11,8;12:50:46;HRT;171;17,1;11;;
12:50:47;CRT;118;11,8;12:50:47;HRT;171;17,1;11;;
12:50:48;CRT;118;11,8;12:50:48;HRT;171;17,1;11;;
12:50:48;CRT;118;11,8;12:50:48;HRT;171;17,1;11;;
12:50:49;CRT;118;11,8;12:50:49;HRT;171;17,1;11;;
12:50:50;CRT;118;11,8;12:50:50;HRT;171;17,1;11;;
12:50:50;CRT;118;11,8;12:50:50;HRT;171;17,1;11;;
12:50:51;CRT;118;11,8;12:50:51;HRT;171;17,1;11;;
12:50:52;CRT;118;11,8;12:50:52;HRT;171;17,1;11;;
12:50:52;CRT;118;11,8;12:50:52;HRT;171;17,1;11;;
12:50:53;CRT;118;11,8;12:50:53;HRT;171;17,1;11;;
12:50:54;CRT;118;11,8;12:50:54;HRT;171;17,1;11;;
12:50:54;CRT;118;11,8;12:50:54;HRT;171;17,1;11;;
12:50:55;CRT;118;11,8;12:50:55;HRT;171;17,1;11;;
12:50:56;CRT;118;11,8;12:50:56;HRT;171;17,1;11;;
12:50:56;CRT;118;11,8;12:50:56;HRT;171;17,1;11;;
12:50:57;CRT;118;11,8;12:50:57;HRT;171;17,1;11;;
12:50:57;CRT;118;11,8;12:50:57;HRT;171;17,1;11;;
12:50:58;CRT;118;11,8;12:50:58;HRT;171;17,1;11;;
12:50:59;CRT;118;11,8;12:50:59;HRT;171;17,1;11;;
12:51:00;CRT;118;11,8;12:51:00;HRT;171;17,1;11;;
12:51:00;CRT;118;11,8;12:51:00;HRT;171;17,1;11;;
12:51:01;CRT;118;11,8;12:51:01;HRT;171;17,1;11;;
12:51:01;CRT;118;11,8;12:51:01;HRT;171;17,1;11;;
12:51:02;CRT;118;11,8;12:51:02;HRT;171;17,1;11;;
12:51:03;CRT;118;11,8;12:51:03;HRT;171;17,1;11;;
12:51:03;CRT;118;11,8;12:51:03;HRT;171;17,1;11;;
12:51:04;CRT;118;11,8;12:51:04;HRT;171;17,1;11;;
12:51:05;CRT;118;11,8;12:51:05;HRT;171;17,1;11;;
12:51:05;CRT;118;11,8;12:51:05;HRT;171;17,1;11;;
12:51:06;CRT;118;11,8;12:51:06;HRT;171;17,1;11;;
12:51:07;CRT;118;11,8;12:51:07;HRT;171;17,1;11;;
12:51:07;CRT;118;11,8;12:51:07;HRT;171;17,1;11;;
12:51:08;CRT;118;11,8;12:51:08;HRT;170;17;11;;
12:51:09;CRT;118;11,8;12:51:09;HRT;170;17;11;;
12:51:09;CRT;118;11,8;12:51:09;HRT;170;17;11;;
12:51:10;CRT;118;11,8;12:51:10;HRT;170;17;11;;
12:51:11;CRT;118;11,8;12:51:11;HRT;170;17;11;;
12:51:11;CRT;118;11,8;12:51:11;HRT;170;17;11;;
12:51:12;CRT;118;11,8;12:51:12;HRT;170;17;11;;
12:51:13;CRT;118;11,8;12:51:13;HRT;170;17;11;;
12:51:13;CRT;118;11,8;12:51:13;HRT;170;17;11;;
12:51:14;CRT;118;11,8;12:51:14;HRT;170;17;11;;
12:51:14;CRT;118;11,8;12:51:14;HRT;170;17;11;;
12:51:15;CRT;118;11,8;12:51:15;HRT;170;17;11;;
12:51:16;CRT;118;11,8;12:51:16;HRT;170;17;11;;
12:51:16;CRT;118;11,8;12:51:16;HRT;170;17;11;;
12:51:17;CRT;118;11,8;12:51:17;HRT;170;17;11;;
12:51:18;CRT;118;11,8;12:51:18;HRT;170;17;11;;
12:51:18;CRT;118;11,8;12:51:18;HRT;170;17;11;;
12:51:19;CRT;118;11,8;12:51:19;HRT;170;17;11;;
12:51:20;CRT;118;11,8;12:51:20;HRT;170;17;11;;
12:51:20;CRT;118;11,8;12:51:20;HRT;170;17;11;;
12:51:21;CRT;118;11,8;12:51:21;HRT;170;17;11;;
12:51:22;CRT;118;11,8;12:51:22;HRT;170;17;11;;
12:51:22;CRT;118;11,8;12:51:22;HRT;170;17;11;;
12:51:23;CRT;118;11,8;12:51:23;HRT;170;17;11;;
12:51:24;CRT;118;11,8;12:51:24;HRT;170;17;11;;
12:51:24;CRT;118;11,8;12:51:24;HRT;170;17;11;;
12:51:25;CRT;118;11,8;12:51:25;HRT;170;17;11;;
12:51:25;CRT;118;11,8;12:51:25;HRT;170;17;11;;
12:51:26;CRT;118;11,8;12:51:26;HRT;170;17;11;;
12:51:27;CRT;118;11,8;12:51:27;HRT;170;17;11;;
12:51:27;CRT;118;11,8;12:51:27;HRT;170;17;11;;
12:51:28;CRT;118;11,8;12:51:28;HRT;170;17;11;;
12:51:29;CRT;118;11,8;12:51:29;HRT;170;17;11;;
12:51:29;CRT;118;11,8;12:51:29;HRT;170;17;11;;
12:51:30;CRT;118;11,8;12:51:30;HRT;169;16,9;11;;
12:51:31;CRT;118;11,8;12:51:31;HRT;169;16,9;11;;
12:51:31;CRT;118;11,8;12:51:31;HRT;169;16,9;11;;
12:51:32;CRT;118;11,8;12:51:32;HRT;169;16,9;11;;
12:51:33;CRT;118;11,8;12:51:33;HRT;169;16,9;11;;
12:51:33;CRT;118;11,8;12:51:33;HRT;169;16,9;11;;
12:51:34;CRT;118;11,8;12:51:34;HRT;169;16,9;11;;
12:51:35;CRT;118;11,8;12:51:35;HRT;169;16,9;11;;
12:51:35;CRT;118;11,8;12:51:35;HRT;169;16,9;11;;
12:51:36;CRT;118;11,8;12:51:36;HRT;169;16,9;11;;
12:51:37;CRT;118;11,8;12:51:37;HRT;169;16,9;11;;
12:51:37;CRT;118;11,8;12:51:37;HRT;169;16,9;11;;
12:51:38;CRT;118;11,8;12:51:38;HRT;169;16,9;11;;
12:51:39;CRT;118;11,8;12:51:39;HRT;169;16,9;11;;
12:51:39;CRT;118;11,8;12:51:39;HRT;169;16,9;11;;
12:51:40;CRT;118;11,8;12:51:40;HRT;169;16,9;11;;
12:51:40;CRT;118;11,8;12:51:40;HRT;169;16,9;11;;
12:51:41;CRT;118;11,8;12:51:41;HRT;169;16,9;11;;
12:51:42;CRT;118;11,8;12:51:42;HRT;169;16,9;11;;
12:51:42;CRT;118;11,8;12:51:42;HRT;169;16,9;11;;
12:51:43;CRT;118;11,8;12:51:43;HRT;169;16,9;11;;
12:51:44;CRT;118;11,8;12:51:44;HRT;169;16,9;11;;
12:51:44;CRT;118;11,8;12:51:44;HRT;169;16,9;11;;
12:51:45;CRT;118;11,8;12:51:45;HRT;169;16,9;11;;
12:51:46;CRT;118;11,8;12:51:46;HRT;169;16,9;11;;
12:51:46;CRT;118;11,8;12:51:46;HRT;169;16,9;11;;
12:51:47;CRT;118;11,8;12:51:47;HRT;169;16,9;11;;
12:51:48;CRT;118;11,8;12:51:48;HRT;169;16,9;11;;
12:51:48;CRT;118;11,8;12:51:48;HRT;169;16,9;11;;
12:51:49;CRT;118;11,8;12:51:49;HRT;169;16,9;11;;
12:51:49;CRT;118;11,8;12:51:49;HRT;169;16,9;11;;
12:51:50;CRT;118;11,8;12:51:50;HRT;169;16,9;11;;
12:51:51;CRT;118;11,8;12:51:51;HRT;168;16,8;11;;
12:51:51;CRT;118;11,8;12:51:51;HRT;168;16,8;11;;
12:51:52;CRT;118;11,8;12:51:52;HRT;168;16,8;11;;
12:51:53;CRT;118;11,8;12:51:53;HRT;168;16,8;11;;
12:51:53;CRT;118;11,8;12:51:53;HRT;168;16,8;11;;
12:51:54;CRT;118;11,8;12:51:54;HRT;168;16,8;11;;
12:51:55;CRT;118;11,8;12:51:55;HRT;168;16,8;11;;
12:51:55;CRT;118;11,8;12:51:55;HRT;168;16,8;11;;
12:51:56;CRT;118;11,8;12:51:56;HRT;168;16,8;11;;
12:51:57;CRT;118;11,8;12:51:57;HRT;168;16,8;11;;
12:51:57;CRT;118;11,8;12:51:57;HRT;168;16,8;11;;
12:51:58;CRT;118;11,8;12:51:58;HRT;168;16,8;11;;
12:51:58;CRT;118;11,8;12:51:58;HRT;168;16,8;11;;
12:51:59;CRT;118;11,8;12:51:59;HRT;168;16,8;11;;
12:52:00;CRT;118;11,8;12:52:00;HRT;168;16,8;11;;
12:52:00;CRT;118;11,8;12:52:00;HRT;168;16,8;11;;
12:52:01;CRT;118;11,8;12:52:01;HRT;168;16,8;11;;
12:52:02;CRT;118;11,8;12:52:02;HRT;168;16,8;11;;
12:52:02;CRT;118;11,8;12:52:02;HRT;168;16,8;11;;
12:52:03;CRT;118;11,8;12:52:03;HRT;168;16,8;11;;
12:52:04;CRT;118;11,8;12:52:04;HRT;168;16,8;11;;
12:52:04;CRT;118;11,8;12:52:04;HRT;168;16,8;11;;
12:52:05;CRT;118;11,8;12:52:05;HRT;168;16,8;11;;
12:52:06;CRT;118;11,8;12:52:06;HRT;168;16,8;11;;
12:52:06;CRT;118;11,8;12:52:06;HRT;168;16,8;11;;
12:52:07;CRT;118;11,8;12:52:07;HRT;168;16,8;11;;
12:52:08;CRT;118;11,8;12:52:08;HRT;168;16,8;11;;
12:52:08;CRT;118;11,8;12:52:08;HRT;168;16,8;11;;
12:52:09;CRT;118;11,8;12:52:09;HRT;168;16,8;11;;
12:52:10;CRT;118;11,8;12:52:10;HRT;168;16,8;11;;
12:52:10;CRT;118;11,8;12:52:10;HRT;168;16,8;11;;
12:52:11;CRT;118;11,8;12:52:11;HRT;168;16,8;11;;
12:52:12;CRT;118;11,8;12:52:12;HRT;168;16,8;11;;
12:52:12;CRT;118;11,8;12:52:12;HRT;168;16,8;11;;
12:52:13;CRT;118;11,8;12:52:13;HRT;168;16,8;11;;
12:52:13;CRT;118;11,8;12:52:13;HRT;168;16,8;11;;
12:52:14;CRT;118;11,8;12:52:14;HRT;168;16,8;11;;
12:52:15;CRT;118;11,8;12:52:15;HRT;168;16,8;11;;
12:52:15;CRT;118;11,8;12:52:15;HRT;168;16,8;11;;
12:52:16;CRT;118;11,8;12:52:16;HRT;167;16,7;11;;
12:52:17;CRT;118;11,8;12:52:17;HRT;167;16,7;11;;
12:52:17;CRT;118;11,8;12:52:17;HRT;167;16,7;11;;
12:52:18;CRT;118;11,8;12:52:18;HRT;167;16,7;11;;
12:52:19;CRT;118;11,8;12:52:19;HRT;167;16,7;11;;
12:52:19;CRT;118;11,8;12:52:19;HRT;167;16,7;11;;
12:52:20;CRT;118;11,8;12:52:20;HRT;167;16,7;11;;
12:52:21;CRT;118;11,8;12:52:21;HRT;167;16,7;11;;
12:52:21;CRT;118;11,8;12:52:21;HRT;167;16,7;11;;
12:52:22;CRT;118;11,8;12:52:22;HRT;167;16,7;11;;
12:52:23;CRT;118;11,8;12:52:23;HRT;167;16,7;11;;
12:52:23;CRT;118;11,8;12:52:23;HRT;167;16,7;11;;
12:52:24;CRT;118;11,8;12:52:24;HRT;167;16,7;11;;
12:52:24;CRT;118;11,8;12:52:24;HRT;167;16,7;11;;
12:52:25;CRT;118;11,8;12:52:25;HRT;167;16,7;11;;
12:52:26;CRT;118;11,8;12:52:26;HRT;167;16,7;11;;
12:52:26;CRT;118;11,8;12:52:26;HRT;167;16,7;11;;
12:52:27;CRT;118;11,8;12:52:27;HRT;167;16,7;11;;
12:52:28;CRT;118;11,8;12:52:28;HRT;167;16,7;11;;
12:52:28;CRT;118;11,8;12:52:28;HRT;167;16,7;11;;
12:52:29;CRT;118;11,8;12:52:29;HRT;167;16,7;11;;
12:52:30;CRT;118;11,8;12:52:30;HRT;167;16,7;11;;
12:52:30;CRT;118;11,8;12:52:30;HRT;167;16,7;11;;
12:52:31;CRT;118;11,8;12:52:31;HRT;167;16,7;11;;
12:52:32;CRT;118;11,8;12:52:32;HRT;167;16,7;11;;
12:52:32;CRT;118;11,8;12:52:32;HRT;167;16,7;11;;
12:52:33;CRT;118;11,8;12:52:33;HRT;167;16,7;11;;
12:52:33;CRT;118;11,8;12:52:33;HRT;167;16,7;11;;
12:52:34;CRT;118;11,8;12:52:34;HRT;167;16,7;11;;
12:52:35;CRT;118;11,8;12:52:35;HRT;167;16,7;11;;
12:52:35;CRT;118;11,8;12:52:35;HRT;167;16,7;11;;
12:52:36;CRT;118;11,8;12:52:36;HRT;167;16,7;11;;
12:52:37;CRT;118;11,8;12:52:37;HRT;167;16,7;11;;
12:52:37;CRT;118;11,8;12:52:37;HRT;167;16,7;11;;
12:52:38;CRT;118;11,8;12:52:38;HRT;166;16,6;11;;
12:52:39;CRT;118;11,8;12:52:39;HRT;166;16,6;11;;
12:52:39;CRT;118;11,8;12:52:39;HRT;166;16,6;11;;
12:52:40;CRT;118;11,8;12:52:40;HRT;166;16,6;11;;
12:52:41;CRT;118;11,8;12:52:41;HRT;166;16,6;11;;
12:52:41;CRT;118;11,8;12:52:41;HRT;166;16,6;11;;
12:52:42;CRT;118;11,8;12:52:42;HRT;166;16,6;11;;
12:52:42;CRT;118;11,8;12:52:42;HRT;166;16,6;11;;
12:52:43;CRT;118;11,8;12:52:43;HRT;166;16,6;11;;
12:52:44;CRT;118;11,8;12:52:44;HRT;166;16,6;11;;
12:52:44;CRT;118;11,8;12:52:44;HRT;166;16,6;11;;
12:52:45;CRT;118;11,8;12:52:45;HRT;166;16,6;11;;
12:52:46;CRT;118;11,8;12:52:46;HRT;166;16,6;11;;
12:52:46;CRT;118;11,8;12:52:46;HRT;166;16,6;11;;
12:52:47;CRT;118;11,8;12:52:47;HRT;166;16,6;11;;
12:52:48;CRT;118;11,8;12:52:48;HRT;166;16,6;11;;
12:52:48;CRT;118;11,8;12:52:48;HRT;166;16,6;11;;
12:52:49;CRT;118;11,8;12:52:49;HRT;166;16,6;11;;
12:52:50;CRT;118;11,8;12:52:50;HRT;166;16,6;11;;
12:52:50;CRT;118;11,8;12:52:50;HRT;166;16,6;11;;
12:52:51;CRT;118;11,8;12:52:51;HRT;166;16,6;11;;
12:52:52;CRT;118;11,8;12:52:52;HRT;166;16,6;11;;
12:52:52;CRT;118;11,8;12:52:52;HRT;166;16,6;11;;
12:52:53;CRT;118;11,8;12:52:53;HRT;166;16,6;11;;
12:52:54;CRT;118;11,8;12:52:54;HRT;166;16,6;11;;
12:52:54;CRT;118;11,8;12:52:54;HRT;166;16,6;11;;
12:52:55;CRT;118;11,8;12:52:55;HRT;166;16,6;11;;
12:52:56;CRT;118;11,8;12:52:56;HRT;166;16,6;11;;
12:52:56;CRT;118;11,8;12:52:56;HRT;166;16,6;11;;
12:52:57;CRT;118;11,8;12:52:57;HRT;166;16,6;11;;
12:52:58;CRT;118;11,8;12:52:58;HRT;166;16,6;11;;
12:52:58;CRT;118;11,8;12:52:58;HRT;166;16,6;11;;
12:52:59;CRT;118;11,8;12:52:59;HRT;166;16,6;11;;
12:53:00;CRT;118;11,8;12:53:00;HRT;166;16,6;11;;
12:53:00;CRT;118;11,8;12:53:00;HRT;165;16,5;11;;
12:53:01;CRT;118;11,8;12:53:01;HRT;165;16,5;11;;
12:53:02;CRT;118;11,8;12:53:02;HRT;165;16,5;11;;
12:53:02;CRT;118;11,8;12:53:02;HRT;165;16,5;11;;
12:53:03;CRT;118;11,8;12:53:03;HRT;165;16,5;11;;
12:53:03;CRT;118;11,8;12:53:03;HRT;165;16,5;11;;
12:53:04;CRT;118;11,8;12:53:04;HRT;165;16,5;11;;
12:53:05;CRT;118;11,8;12:53:05;HRT;165;16,5;11;;
12:53:05;CRT;118;11,8;12:53:05;HRT;165;16,5;11;;
12:53:06;CRT;118;11,8;12:53:06;HRT;165;16,5;11;;
12:53:07;CRT;118;11,8;12:53:07;HRT;165;16,5;11;;
12:53:07;CRT;118;11,8;12:53:07;HRT;165;16,5;11;;
12:53:08;CRT;118;11,8;12:53:08;HRT;165;16,5;11;;
12:53:09;CRT;118;11,8;12:53:09;HRT;165;16,5;11;;
12:53:09;CRT;118;11,8;12:53:09;HRT;165;16,5;11;;
12:53:10;CRT;118;11,8;12:53:10;HRT;165;16,5;11;;
12:53:10;CRT;118;11,8;12:53:10;HRT;165;16,5;11;;
12:53:11;CRT;118;11,8;12:53:11;HRT;165;16,5;11;;
12:53:12;CRT;118;11,8;12:53:12;HRT;165;16,5;11;;
12:53:12;CRT;118;11,8;12:53:12;HRT;165;16,5;11;;
12:53:13;CRT;118;11,8;12:53:13;HRT;165;16,5;11;;
12:53:14;CRT;118;11,8;12:53:14;HRT;165;16,5;11;;
12:53:14;CRT;118;11,8;12:53:14;HRT;165;16,5;11;;
12:53:15;CRT;118;11,8;12:53:15;HRT;165;16,5;11;;
12:53:16;CRT;118;11,8;12:53:16;HRT;165;16,5;11;;
12:53:16;CRT;118;11,8;12:53:16;HRT;165;16,5;11;;
12:53:17;CRT;118;11,8;12:53:17;HRT;165;16,5;11;;
12:53:18;CRT;118;11,8;12:53:18;HRT;165;16,5;11;;
12:53:18;CRT;118;11,8;12:53:18;HRT;165;16,5;11;;
12:53:19;CRT;118;11,8;12:53:19;HRT;164;16,4;11;;
12:53:20;CRT;118;11,8;12:53:20;HRT;164;16,4;11;;
12:53:20;CRT;118;11,8;12:53:20;HRT;164;16,4;11;;
12:53:21;CRT;118;11,8;12:53:21;HRT;164;16,4;11;;
12:53:21;CRT;118;11,8;12:53:21;HRT;164;16,4;11;;
12:53:22;CRT;118;11,8;12:53:22;HRT;164;16,4;11;;
12:53:23;CRT;118;11,8;12:53:23;HRT;164;16,4;11;;
12:53:23;CRT;118;11,8;12:53:23;HRT;164;16,4;11;;
12:53:24;CRT;118;11,8;12:53:24;HRT;164;16,4;11;;
12:53:25;CRT;118;11,8;12:53:25;HRT;164;16,4;11;;
12:53:25;CRT;118;11,8;12:53:25;HRT;164;16,4;11;;
12:53:26;CRT;118;11,8;12:53:26;HRT;164;16,4;11;;
12:53:27;CRT;118;11,8;12:53:27;HRT;164;16,4;11;;
12:53:27;CRT;118;11,8;12:53:27;HRT;164;16,4;11;;
12:53:28;CRT;118;11,8;12:53:28;HRT;164;16,4;11;;
12:53:29;CRT;118;11,8;12:53:29;HRT;164;16,4;11;;
12:53:29;CRT;118;11,8;12:53:29;HRT;164;16,4;11;;
12:53:30;CRT;118;11,8;12:53:30;HRT;164;16,4;11;;
12:53:31;CRT;118;11,8;12:53:31;HRT;164;16,4;11;;
12:53:31;CRT;118;11,8;12:53:31;HRT;164;16,4;11;;
12:53:32;CRT;118;11,8;12:53:32;HRT;164;16,4;11;;
12:53:33;CRT;119;11,9;12:53:33;HRT;164;16,4;11;;
12:53:33;CRT;119;11,9;12:53:33;HRT;164;16,4;11;;
12:53:34;CRT;119;11,9;12:53:34;HRT;164;16,4;11;;
12:53:34;CRT;119;11,9;12:53:34;HRT;164;16,4;11;;
12:53:35;CRT;119;11,9;12:53:35;HRT;164;16,4;11;;
12:53:36;CRT;119;11,9;12:53:36;HRT;164;16,4;11;;
12:53:36;CRT;119;11,9;12:53:36;HRT;164;16,4;11;;
12:53:37;CRT;119;11,9;12:53:37;HRT;164;16,4;11;;
12:53:38;CRT;119;11,9;12:53:38;HRT;164;16,4;11;;
12:53:38;CRT;119;11,9;12:53:38;HRT;164;16,4;11;;
12:53:39;CRT;119;11,9;12:53:39;HRT;164;16,4;11;;
12:53:40;CRT;119;11,9;12:53:40;HRT;164;16,4;11;;
12:53:40;CRT;119;11,9;12:53:40;HRT;164;16,4;11;;
12:53:41;CRT;119;11,9;12:53:41;HRT;164;16,4;11;;
12:53:42;CRT;119;11,9;12:53:42;HRT;164;16,4;11;;
12:53:42;CRT;119;11,9;12:53:42;HRT;164;16,4;11;;
12:53:43;CRT;119;11,9;12:53:43;HRT;163;16,3;11;;
12:53:44;CRT;119;11,9;12:53:44;HRT;163;16,3;11;;
12:53:44;CRT;119;11,9;12:53:44;HRT;163;16,3;11;;
12:53:45;CRT;119;11,9;12:53:45;HRT;163;16,3;11;;
12:53:45;CRT;119;11,9;12:53:45;HRT;163;16,3;11;;
12:53:46;CRT;119;11,9;12:53:46;HRT;163;16,3;11;;
12:53:47;CRT;119;11,9;12:53:47;HRT;163;16,3;11;;
12:53:47;CRT;119;11,9;12:53:47;HRT;163;16,3;11;;
12:53:48;CRT;119;11,9;12:53:48;HRT;163;16,3;11;;
12:53:49;CRT;119;11,9;12:53:49;HRT;163;16,3;11;;
12:53:49;CRT;119;11,9;12:53:49;HRT;163;16,3;11;;
12:53:50;CRT;119;11,9;12:53:50;HRT;163;16,3;11;;
12:53:51;CRT;119;11,9;12:53:51;HRT;163;16,3;11;;
12:53:51;CRT;119;11,9;12:53:51;HRT;163;16,3;11;;
12:53:52;CRT;119;11,9;12:53:52;HRT;163;16,3;11;;
12:53:53;CRT;119;11,9;12:53:53;HRT;163;16,3;11;;
12:53:53;CRT;119;11,9;12:53:53;HRT;163;16,3;11;;
12:53:54;CRT;119;11,9;12:53:54;HRT;163;16,3;11;;
12:53:55;CRT;119;11,9;12:53:55;HRT;163;16,3;11;;
12:53:55;CRT;119;11,9;12:53:55;HRT;163;16,3;11;;
12:53:56;CRT;119;11,9;12:53:56;HRT;163;16,3;11;;
12:53:56;CRT;119;11,9;12:53:56;HRT;163;16,3;11;;
12:53:57;CRT;119;11,9;12:53:57;HRT;163;16,3;11;;
12:53:58;CRT;119;11,9;12:53:58;HRT;163;16,3;11;;
12:53:58;CRT;119;11,9;12:53:58;HRT;163;16,3;11;;
12:53:59;CRT;119;11,9;12:53:59;HRT;163;16,3;11;;
12:54:00;CRT;120;12;12:54:00;HRT;163;16,3;11;;
12:54:00;CRT;120;12;12:54:00;HRT;163;16,3;11;;
12:54:01;CRT;120;12;12:54:01;HRT;163;16,3;11;;
12:54:02;CRT;120;12;12:54:02;HRT;163;16,3;11;;
12:54:02;CRT;120;12;12:54:02;HRT;163;16,3;11;;
12:54:03;CRT;120;12;12:54:03;HRT;163;16,3;11;;
12:54:04;CRT;120;12;12:54:04;HRT;163;16,3;11;;
12:54:04;CRT;120;12;12:54:04;HRT;163;16,3;11;;
12:54:05;CRT;120;12;12:54:05;HRT;163;16,3;11;;
12:54:06;CRT;120;12;12:54:06;HRT;163;16,3;11;;
12:54:06;CRT;120;12;12:54:06;HRT;163;16,3;11;;
12:54:07;CRT;120;12;12:54:07;HRT;163;16,3;11;;
12:54:08;CRT;120;12;12:54:08;HRT;163;16,3;11;;
12:54:08;CRT;120;12;12:54:08;HRT;163;16,3;11;;
12:54:09;CRT;120;12;12:54:09;HRT;163;16,3;11;;
12:54:09;CRT;120;12;12:54:09;HRT;163;16,3;11;;
12:54:10;CRT;120;12;12:54:10;HRT;163;16,3;11;;
12:54:11;CRT;120;12;12:54:11;HRT;163;16,3;11;;
12:54:11;CRT;120;12;12:54:11;HRT;163;16,3;11;;
12:54:12;CRT;120;12;12:54:12;HRT;163;16,3;11;;
12:54:13;CRT;120;12;12:54:13;HRT;163;16,3;11;;
12:54:13;CRT;120;12;12:54:13;HRT;163;16,3;11;;
12:54:14;CRT;120;12;12:54:14;HRT;163;16,3;11;;
12:54:15;CRT;120;12;12:54:15;HRT;163;16,3;11;;
12:54:15;CRT;120;12;12:54:15;HRT;163;16,3;11;;
12:54:16;CRT;120;12;12:54:16;HRT;163;16,3;11;;
12:54:17;CRT;120;12;12:54:17;HRT;163;16,3;11;;
12:54:17;CRT;120;12;12:54:17;HRT;163;16,3;11;;
12:54:18;CRT;120;12;12:54:18;HRT;163;16,3;11;;
12:54:19;CRT;120;12;12:54:19;HRT;163;16,3;11;;
12:54:19;CRT;120;12;12:54:19;HRT;163;16,3;11;;
12:54:20;CRT;120;12;12:54:20;HRT;163;16,3;11;;
12:54:21;CRT;120;12;12:54:21;HRT;163;16,3;11;;
12:54:21;CRT;120;12;12:54:21;HRT;163;16,3;11;;
12:54:22;CRT;120;12;12:54:22;HRT;163;16,3;11;;
12:54:22;CRT;120;12;12:54:22;HRT;163;16,3;11;;
12:54:23;CRT;120;12;12:54:23;HRT;163;16,3;11;;
12:54:24;CRT;120;12;12:54:24;HRT;163;16,3;11;;
12:54:24;CRT;120;12;12:54:24;HRT;163;16,3;11;;
12:54:25;CRT;120;12;12:54:25;HRT;162;16,2;11;;
12:54:26;CRT;120;12;12:54:26;HRT;162;16,2;11;;
12:54:26;CRT;120;12;12:54:26;HRT;162;16,2;11;;
12:54:27;CRT;120;12;12:54:27;HRT;162;16,2;11;;
12:54:28;CRT;120;12;12:54:28;HRT;162;16,2;11;;
12:54:28;CRT;120;12;12:54:28;HRT;162;16,2;11;;
12:54:29;CRT;120;12;12:54:29;HRT;162;16,2;11;;
12:54:30;CRT;120;12;12:54:30;HRT;162;16,2;11;;
12:54:30;CRT;120;12;12:54:30;HRT;162;16,2;11;;
12:54:31;CRT;120;12;12:54:31;HRT;162;16,2;11;;
12:54:31;CRT;120;12;12:54:31;HRT;162;16,2;11;;
12:54:32;CRT;120;12;12:54:32;HRT;162;16,2;11;;
12:54:33;CRT;120;12;12:54:33;HRT;162;16,2;11;;
12:54:33;CRT;120;12;12:54:33;HRT;162;16,2;11;;
12:54:34;CRT;120;12;12:54:34;HRT;162;16,2;11;;
12:54:35;CRT;120;12;12:54:35;HRT;162;16,2;11;;
12:54:35;CRT;120;12;12:54:35;HRT;162;16,2;11;;
12:54:36;CRT;120;12;12:54:36;HRT;162;16,2;11;;
12:54:37;CRT;120;12;12:54:37;HRT;162;16,2;11;;
12:54:37;CRT;120;12;12:54:37;HRT;162;16,2;11;;
12:54:38;CRT;120;12;12:54:38;HRT;162;16,2;11;;
12:54:39;CRT;120;12;12:54:39;HRT;162;16,2;11;;
12:54:39;CRT;120;12;12:54:39;HRT;162;16,2;11;;
12:54:40;CRT;120;12;12:54:40;HRT;162;16,2;11;;
12:54:41;CRT;120;12;12:54:41;HRT;162;16,2;11;;
12:54:41;CRT;120;12;12:54:41;HRT;162;16,2;11;;
12:54:42;CRT;120;12;12:54:42;HRT;162;16,2;11;;
12:54:42;CRT;120;12;12:54:42;HRT;162;16,2;11;;
12:54:43;CRT;120;12;12:54:43;HRT;162;16,2;11;;
12:54:44;CRT;120;12;12:54:44;HRT;162;16,2;11;;
12:54:44;CRT;120;12;12:54:44;HRT;162;16,2;11;;
12:54:45;CRT;120;12;12:54:45;HRT;162;16,2;11;;
12:54:46;CRT;120;12;12:54:46;HRT;162;16,2;11;;
12:54:46;CRT;120;12;12:54:46;HRT;162;16,2;11;;
12:54:47;CRT;120;12;12:54:47;HRT;162;16,2;11;;
12:54:48;CRT;120;12;12:54:48;HRT;162;16,2;11;;
12:54:48;CRT;120;12;12:54:48;HRT;162;16,2;11;;
12:54:49;CRT;120;12;12:54:49;HRT;162;16,2;11;;
12:54:50;CRT;120;12;12:54:50;HRT;162;16,2;11;;
12:54:50;CRT;120;12;12:54:50;HRT;162;16,2;11;;
12:54:51;CRT;120;12;12:54:51;HRT;162;16,2;11;;
12:54:51;CRT;120;12;12:54:51;HRT;162;16,2;11;;
12:54:52;CRT;120;12;12:54:52;HRT;162;16,2;11;;
12:54:53;CRT;120;12;12:54:53;HRT;162;16,2;11;;
12:54:53;CRT;120;12;12:54:53;HRT;162;16,2;11;;
12:54:54;CRT;120;12;12:54:54;HRT;162;16,2;11;;
12:54:55;CRT;120;12;12:54:55;HRT;162;16,2;11;;
12:54:55;CRT;120;12;12:54:55;HRT;162;16,2;11;;
12:54:56;CRT;120;12;12:54:56;HRT;162;16,2;11;;
12:54:57;CRT;120;12;12:54:57;HRT;162;16,2;11;;
12:54:57;CRT;120;12;12:54:57;HRT;162;16,2;11;;
12:54:58;CRT;120;12;12:54:58;HRT;162;16,2;11;;
12:54:58;CRT;120;12;12:54:58;HRT;162;16,2;11;;
12:54:59;CRT;120;12;12:54:59;HRT;162;16,2;11;;
12:55:00;CRT;120;12;12:55:00;HRT;162;16,2;11;;
12:55:00;CRT;120;12;12:55:00;HRT;162;16,2;11;;
12:55:01;CRT;120;12;12:55:01;HRT;162;16,2;11;;
12:55:02;CRT;120;12;12:55:02;HRT;162;16,2;11;;
12:55:02;CRT;120;12;12:55:02;HRT;162;16,2;11;;
12:55:03;CRT;120;12;12:55:03;HRT;162;16,2;11;;
12:55:04;CRT;120;12;12:55:04;HRT;162;16,2;11;;
12:55:04;CRT;120;12;12:55:04;HRT;162;16,2;11;;
12:55:05;CRT;120;12;12:55:05;HRT;162;16,2;11;;
12:55:05;CRT;120;12;12:55:05;HRT;162;16,2;11;;
12:55:06;CRT;120;12;12:55:06;HRT;162;16,2;11;;
12:55:07;CRT;120;12;12:55:07;HRT;162;16,2;11;;
12:55:07;CRT;120;12;12:55:07;HRT;162;16,2;11;;
12:55:08;CRT;121;12,1;12:55:08;HRT;161;16,1;11;;
12:55:09;CRT;121;12,1;12:55:09;HRT;161;16,1;11;;
12:55:09;CRT;121;12,1;12:55:09;HRT;161;16,1;11;;
12:55:10;CRT;121;12,1;12:55:10;HRT;161;16,1;11;;
12:55:11;CRT;121;12,1;12:55:11;HRT;161;16,1;11;;
12:55:11;CRT;120;12;12:55:11;HRT;161;16,1;11;;
12:55:12;CRT;120;12;12:55:12;HRT;161;16,1;11;;
12:55:12;CRT;120;12;12:55:12;HRT;161;16,1;11;;
12:55:13;CRT;120;12;12:55:13;HRT;161;16,1;11;;
12:55:14;CRT;120;12;12:55:14;HRT;161;16,1;11;;
12:55:14;CRT;121;12,1;12:55:14;HRT;161;16,1;11;;
12:55:15;CRT;121;12,1;12:55:15;HRT;161;16,1;11;;
12:55:16;CRT;121;12,1;12:55:16;HRT;161;16,1;11;;
12:55:16;CRT;121;12,1;12:55:16;HRT;161;16,1;11;;
12:55:17;CRT;121;12,1;12:55:17;HRT;161;16,1;11;;
12:55:18;CRT;121;12,1;12:55:18;HRT;161;16,1;11;;
12:55:18;CRT;121;12,1;12:55:18;HRT;161;16,1;11;;
12:55:19;CRT;121;12,1;12:55:19;HRT;161;16,1;11;;
12:55:19;CRT;121;12,1;12:55:19;HRT;161;16,1;11;;
12:55:20;CRT;121;12,1;12:55:20;HRT;161;16,1;11;;
12:55:21;CRT;121;12,1;12:55:21;HRT;161;16,1;11;;
12:55:21;CRT;121;12,1;12:55:21;HRT;161;16,1;11;;
12:55:22;CRT;121;12,1;12:55:22;HRT;161;16,1;11;;
12:55:23;CRT;121;12,1;12:55:23;HRT;161;16,1;11;;
12:55:23;CRT;121;12,1;12:55:23;HRT;161;16,1;11;;
12:55:24;CRT;121;12,1;12:55:24;HRT;161;16,1;11;;
12:55:25;CRT;121;12,1;12:55:25;HRT;161;16,1;11;;
12:55:25;CRT;121;12,1;12:55:25;HRT;161;16,1;11;;
12:55:26;CRT;121;12,1;12:55:26;HRT;161;16,1;11;;
12:55:27;CRT;121;12,1;12:55:27;HRT;161;16,1;11;;
12:55:27;CRT;121;12,1;12:55:27;HRT;161;16,1;11;;
12:55:28;CRT;121;12,1;12:55:28;HRT;161;16,1;11;;
12:55:29;CRT;121;12,1;12:55:29;HRT;161;16,1;11;;
12:55:29;CRT;121;12,1;12:55:29;HRT;161;16,1;11;;
12:55:30;CRT;121;12,1;12:55:30;HRT;161;16,1;11;;
12:55:31;CRT;121;12,1;12:55:31;HRT;161;16,1;11;;
12:55:31;CRT;121;12,1;12:55:31;HRT;161;16,1;11;;
12:55:32;CRT;121;12,1;12:55:32;HRT;161;16,1;11;;
12:55:32;CRT;121;12,1;12:55:32;HRT;161;16,1;11;;
12:55:33;CRT;121;12,1;12:55:33;HRT;161;16,1;11;;
12:55:34;CRT;121;12,1;12:55:34;HRT;161;16,1;11;;
12:55:34;CRT;121;12,1;12:55:34;HRT;161;16,1;11;;
12:55:35;CRT;121;12,1;12:55:35;HRT;161;16,1;11;;
12:55:35;CRT;121;12,1;12:55:35;HRT;161;16,1;11;;
12:55:36;CRT;121;12,1;12:55:36;HRT;161;16,1;11;;
12:55:37;CRT;121;12,1;12:55:37;HRT;161;16,1;11;;
12:55:37;CRT;121;12,1;12:55:37;HRT;161;16,1;11;;
12:55:38;CRT;121;12,1;12:55:38;HRT;161;16,1;11;;
12:55:39;CRT;121;12,1;12:55:39;HRT;161;16,1;11;;
12:55:39;CRT;121;12,1;12:55:39;HRT;161;16,1;11;;
12:55:40;CRT;121;12,1;12:55:40;HRT;161;16,1;11;;
12:55:41;CRT;121;12,1;12:55:41;HRT;161;16,1;11;;
12:55:41;CRT;121;12,1;12:55:41;HRT;161;16,1;11;;
12:55:42;CRT;121;12,1;12:55:42;HRT;161;16,1;11;;
12:55:43;CRT;121;12,1;12:55:43;HRT;161;16,1;11;;
12:55:43;CRT;121;12,1;12:55:43;HRT;161;16,1;11;;
12:55:44;CRT;121;12,1;12:55:44;HRT;161;16,1;11;;
12:55:45;CRT;121;12,1;12:55:45;HRT;161;16,1;11;;
12:55:45;CRT;121;12,1;12:55:45;HRT;161;16,1;11;;
12:55:46;CRT;121;12,1;12:55:46;HRT;161;16,1;11;;
12:55:47;CRT;121;12,1;12:55:47;HRT;160;16;11;;
12:55:47;CRT;121;12,1;12:55:47;HRT;160;16;11;;
12:55:48;CRT;121;12,1;12:55:48;HRT;160;16;11;;
12:55:49;CRT;121;12,1;12:55:49;HRT;160;16;11;;
12:55:49;CRT;121;12,1;12:55:49;HRT;160;16;11;;
12:55:50;CRT;121;12,1;12:55:50;HRT;160;16;11;;
12:55:50;CRT;121;12,1;12:55:50;HRT;160;16;11;;
12:55:51;CRT;121;12,1;12:55:51;HRT;160;16;11;;
12:55:52;CRT;121;12,1;12:55:52;HRT;160;16;11;;
12:55:52;CRT;121;12,1;12:55:52;HRT;160;16;11;;
12:55:53;CRT;121;12,1;12:55:53;HRT;160;16;11;;
12:55:54;CRT;121;12,1;12:55:54;HRT;160;16;11;;
12:55:54;CRT;121;12,1;12:55:54;HRT;160;16;11;;
12:55:55;CRT;121;12,1;12:55:55;HRT;160;16;11;;
12:55:56;CRT;121;12,1;12:55:56;HRT;160;16;11;;
12:55:56;CRT;121;12,1;12:55:56;HRT;160;16;11;;
12:55:57;CRT;121;12,1;12:55:57;HRT;160;16;11;;
12:55:58;CRT;121;12,1;12:55:58;HRT;160;16;11;;
12:55:58;CRT;121;12,1;12:55:58;HRT;160;16;11;;
12:55:59;CRT;121;12,1;12:55:59;HRT;160;16;11;;
12:56:00;CRT;121;12,1;12:56:00;HRT;160;16;11;;
12:56:00;CRT;121;12,1;12:56:00;HRT;160;16;11;;
12:56:01;CRT;121;12,1;12:56:01;HRT;160;16;11;;
12:56:02;CRT;121;12,1;12:56:02;HRT;160;16;11;;
12:56:02;CRT;121;12,1;12:56:02;HRT;160;16;11;;
12:56:03;CRT;121;12,1;12:56:03;HRT;160;16;11;;
12:56:04;CRT;121;12,1;12:56:04;HRT;160;16;11;;
12:56:04;CRT;121;12,1;12:56:04;HRT;160;16;11;;
12:56:05;CRT;121;12,1;12:56:05;HRT;160;16;11;;
12:56:05;CRT;121;12,1;12:56:05;HRT;160;16;11;;
12:56:06;CRT;121;12,1;12:56:06;HRT;160;16;11;;
12:56:07;CRT;121;12,1;12:56:07;HRT;160;16;11;;
12:56:07;CRT;121;12,1;12:56:07;HRT;160;16;11;;
12:56:08;CRT;121;12,1;12:56:08;HRT;160;16;11;;
12:56:09;CRT;121;12,1;12:56:09;HRT;160;16;11;;
12:56:09;CRT;121;12,1;12:56:09;HRT;160;16;11;;
12:56:10;CRT;121;12,1;12:56:10;HRT;160;16;11;;
12:56:11;CRT;121;12,1;12:56:11;HRT;160;16;11;;
12:56:11;CRT;121;12,1;12:56:11;HRT;160;16;11;;
12:56:12;CRT;121;12,1;12:56:12;HRT;160;16;11;;
12:56:13;CRT;121;12,1;12:56:13;HRT;160;16;11;;
12:56:13;CRT;121;12,1;12:56:13;HRT;160;16;11;;
12:56:14;CRT;121;12,1;12:56:14;HRT;160;16;11;;
12:56:14;CRT;121;12,1;12:56:14;HRT;160;16;11;;
12:56:15;CRT;121;12,1;12:56:15;HRT;160;16;11;;
12:56:16;CRT;121;12,1;12:56:16;HRT;160;16;11;;
12:56:16;CRT;121;12,1;12:56:16;HRT;160;16;11;;
12:56:17;CRT;121;12,1;12:56:17;HRT;159;15,9;11;;
12:56:18;CRT;121;12,1;12:56:18;HRT;159;15,9;11;;
12:56:18;CRT;121;12,1;12:56:18;HRT;159;15,9;11;;
12:56:19;CRT;121;12,1;12:56:19;HRT;159;15,9;11;;
12:56:20;CRT;121;12,1;12:56:20;HRT;159;15,9;11;;
12:56:20;CRT;121;12,1;12:56:20;HRT;159;15,9;11;;
12:56:21;CRT;121;12,1;12:56:21;HRT;159;15,9;11;;
12:56:22;CRT;121;12,1;12:56:22;HRT;159;15,9;11;;
12:56:22;CRT;121;12,1;12:56:22;HRT;159;15,9;11;;
12:56:23;CRT;121;12,1;12:56:23;HRT;159;15,9;11;;
12:56:23;CRT;121;12,1;12:56:23;HRT;159;15,9;11;;
12:56:24;CRT;121;12,1;12:56:24;HRT;159;15,9;11;;
12:56:25;CRT;121;12,1;12:56:25;HRT;159;15,9;11;;
12:56:25;CRT;121;12,1;12:56:25;HRT;159;15,9;11;;
12:56:26;CRT;121;12,1;12:56:26;HRT;159;15,9;11;;
12:56:27;CRT;121;12,1;12:56:27;HRT;159;15,9;11;;
12:56:27;CRT;121;12,1;12:56:27;HRT;159;15,9;11;;
12:56:28;CRT;121;12,1;12:56:28;HRT;158;15,8;11;;
12:56:29;CRT;121;12,1;12:56:29;HRT;158;15,8;11;;
12:56:29;CRT;121;12,1;12:56:29;HRT;158;15,8;11;;
12:56:30;CRT;121;12,1;12:56:30;HRT;158;15,8;11;;
12:56:31;CRT;120;12;12:56:31;HRT;158;15,8;11;;
12:56:31;CRT;120;12;12:56:31;HRT;158;15,8;11;;
12:56:32;CRT;120;12;12:56:32;HRT;158;15,8;11;;
12:56:32;CRT;120;12;12:56:32;HRT;158;15,8;11;;
12:56:33;CRT;121;12,1;12:56:33;HRT;158;15,8;11;;
12:56:34;CRT;121;12,1;12:56:34;HRT;158;15,8;11;;
12:56:34;CRT;121;12,1;12:56:34;HRT;158;15,8;11;;
12:56:35;CRT;121;12,1;12:56:35;HRT;158;15,8;11;;
12:56:36;CRT;121;12,1;12:56:36;HRT;158;15,8;11;;
12:56:36;CRT;121;12,1;12:56:36;HRT;158;15,8;11;;
12:56:37;CRT;121;12,1;12:56:37;HRT;158;15,8;11;;
12:56:38;CRT;121;12,1;12:56:38;HRT;158;15,8;11;;
12:56:38;CRT;120;12;12:56:38;HRT;158;15,8;11;;
12:56:39;CRT;120;12;12:56:39;HRT;158;15,8;11;;
12:56:40;CRT;120;12;12:56:40;HRT;158;15,8;11;;
12:56:40;CRT;120;12;12:56:40;HRT;158;15,8;11;;
12:56:41;CRT;120;12;12:56:41;HRT;158;15,8;11;;
12:56:42;CRT;120;12;12:56:42;HRT;158;15,8;11;;
12:56:42;CRT;120;12;12:56:42;HRT;158;15,8;11;;
12:56:43;CRT;120;12;12:56:43;HRT;158;15,8;11;;
12:56:44;CRT;120;12;12:56:44;HRT;158;15,8;11;;
12:56:44;CRT;120;12;12:56:44;HRT;158;15,8;11;;
12:56:45;CRT;120;12;12:56:45;HRT;158;15,8;11;;
12:56:45;CRT;120;12;12:56:45;HRT;158;15,8;11;;
12:56:46;CRT;120;12;12:56:46;HRT;158;15,8;11;;
12:56:47;CRT;120;12;12:56:47;HRT;157;15,7;11;;
12:56:47;CRT;120;12;12:56:47;HRT;157;15,7;11;;
12:56:48;CRT;120;12;12:56:48;HRT;157;15,7;11;;
12:56:49;CRT;120;12;12:56:49;HRT;157;15,7;11;;
12:56:49;CRT;120;12;12:56:49;HRT;157;15,7;11;;
12:56:50;CRT;120;12;12:56:50;HRT;157;15,7;11;;
12:56:51;CRT;120;12;12:56:51;HRT;157;15,7;11;;
12:56:51;CRT;120;12;12:56:51;HRT;157;15,7;11;;
12:56:52;CRT;120;12;12:56:52;HRT;157;15,7;11;;
12:56:53;CRT;120;12;12:56:53;HRT;157;15,7;11;;
12:56:53;CRT;120;12;12:56:53;HRT;157;15,7;11;;
12:56:54;CRT;120;12;12:56:54;HRT;157;15,7;11;;
12:56:55;CRT;120;12;12:56:55;HRT;157;15,7;11;;
12:56:55;CRT;120;12;12:56:55;HRT;157;15,7;11;;
12:56:56;CRT;120;12;12:56:56;HRT;157;15,7;11;;
12:56:57;CRT;120;12;12:56:57;HRT;157;15,7;11;;
12:56:58;CRT;120;12;12:56:58;HRT;157;15,7;11;;
12:56:58;CRT;120;12;12:56:58;HRT;157;15,7;11;;
12:56:59;CRT;120;12;12:56:59;HRT;157;15,7;11;;
12:56:59;CRT;120;12;12:56:59;HRT;157;15,7;11;;
12:57:00;CRT;120;12;12:57:00;HRT;157;15,7;11;;
12:57:01;CRT;120;12;12:57:01;HRT;157;15,7;11;;
12:57:01;CRT;120;12;12:57:01;HRT;157;15,7;11;;
12:57:02;CRT;120;12;12:57:02;HRT;157;15,7;11;;
12:57:03;CRT;120;12;12:57:03;HRT;157;15,7;11;;
12:57:03;CRT;120;12;12:57:03;HRT;157;15,7;11;;
12:57:04;CRT;120;12;12:57:04;HRT;157;15,7;11;;
12:57:05;CRT;120;12;12:57:05;HRT;157;15,7;11;;
12:57:05;CRT;120;12;12:57:05;HRT;157;15,7;11;;
12:57:06;CRT;120;12;12:57:06;HRT;157;15,7;11;;
12:57:07;CRT;120;12;12:57:07;HRT;157;15,7;11;;
12:57:07;CRT;120;12;12:57:07;HRT;157;15,7;11;;
12:57:08;CRT;120;12;12:57:08;HRT;157;15,7;11;;
12:57:09;CRT;120;12;12:57:09;HRT;156;15,6;11;;
12:57:09;CRT;120;12;12:57:09;HRT;156;15,6;11;;
12:57:10;CRT;120;12;12:57:10;HRT;156;15,6;11;;
12:57:10;CRT;120;12;12:57:10;HRT;156;15,6;11;;
12:57:11;CRT;120;12;12:57:11;HRT;156;15,6;11;;
12:57:12;CRT;120;12;12:57:12;HRT;156;15,6;11;;
12:57:12;CRT;120;12;12:57:12;HRT;156;15,6;11;;
12:57:13;CRT;120;12;12:57:13;HRT;156;15,6;11;;
12:57:14;CRT;120;12;12:57:14;HRT;156;15,6;11;;
12:57:14;CRT;120;12;12:57:14;HRT;156;15,6;11;;
12:57:15;CRT;120;12;12:57:15;HRT;156;15,6;11;;
12:57:16;CRT;120;12;12:57:16;HRT;156;15,6;11;;
12:57:16;CRT;120;12;12:57:16;HRT;156;15,6;11;;
12:57:17;CRT;120;12;12:57:17;HRT;156;15,6;11;;
12:57:18;CRT;120;12;12:57:18;HRT;156;15,6;11;;
12:57:18;CRT;120;12;12:57:18;HRT;156;15,6;11;;
12:57:19;CRT;120;12;12:57:19;HRT;156;15,6;11;;
12:57:20;CRT;120;12;12:57:20;HRT;156;15,6;11;;
12:57:20;CRT;120;12;12:57:20;HRT;156;15,6;11;;
12:57:21;CRT;120;12;12:57:21;HRT;156;15,6;11;;
12:57:22;CRT;120;12;12:57:22;HRT;156;15,6;11;;
12:57:22;CRT;120;12;12:57:22;HRT;156;15,6;11;;
12:57:23;CRT;120;12;12:57:23;HRT;156;15,6;11;;
12:57:23;CRT;120;12;12:57:23;HRT;156;15,6;11;;
12:57:24;CRT;120;12;12:57:24;HRT;156;15,6;11;;
12:57:25;CRT;120;12;12:57:25;HRT;156;15,6;11;;
12:57:25;CRT;120;12;12:57:25;HRT;156;15,6;11;;
12:57:26;CRT;120;12;12:57:26;HRT;156;15,6;11;;
12:57:27;CRT;120;12;12:57:27;HRT;156;15,6;11;;
12:57:27;CRT;120;12;12:57:27;HRT;156;15,6;11;;
12:57:28;CRT;120;12;12:57:28;HRT;156;15,6;11;;
12:57:29;CRT;120;12;12:57:29;HRT;156;15,6;11;;
12:57:29;CRT;120;12;12:57:29;HRT;156;15,6;11;;
12:57:30;CRT;120;12;12:57:30;HRT;156;15,6;11;;
12:57:31;CRT;120;12;12:57:31;HRT;156;15,6;11;;
12:57:31;CRT;120;12;12:57:31;HRT;156;15,6;11;;
12:57:32;CRT;120;12;12:57:32;HRT;156;15,6;11;;
12:57:33;CRT;120;12;12:57:33;HRT;156;15,6;11;;
12:57:33;CRT;120;12;12:57:33;HRT;156;15,6;11;;
12:57:34;CRT;120;12;12:57:34;HRT;156;15,6;11;;
12:57:34;CRT;120;12;12:57:34;HRT;156;15,6;11;;
12:57:35;CRT;120;12;12:57:35;HRT;156;15,6;11;;
12:57:36;CRT;120;12;12:57:36;HRT;156;15,6;11;;
12:57:36;CRT;120;12;12:57:36;HRT;156;15,6;11;;
12:57:37;CRT;120;12;12:57:37;HRT;156;15,6;11;;
12:57:38;CRT;120;12;12:57:38;HRT;156;15,6;11;;
12:57:38;CRT;120;12;12:57:38;HRT;156;15,6;11;;
12:57:39;CRT;120;12;12:57:39;HRT;156;15,6;11;;
12:57:40;CRT;120;12;12:57:40;HRT;156;15,6;11;;
12:57:40;CRT;120;12;12:57:40;HRT;156;15,6;11;;
12:57:41;CRT;120;12;12:57:41;HRT;156;15,6;11;;
12:57:42;CRT;120;12;12:57:42;HRT;156;15,6;11;;
12:57:42;CRT;120;12;12:57:42;HRT;156;15,6;11;;
12:57:43;CRT;120;12;12:57:43;HRT;156;15,6;11;;
12:57:44;CRT;120;12;12:57:44;HRT;156;15,6;11;;
12:57:44;CRT;120;12;12:57:44;HRT;156;15,6;11;;
12:57:45;CRT;120;12;12:57:45;HRT;156;15,6;11;;
12:57:46;CRT;120;12;12:57:46;HRT;156;15,6;11;;
12:57:46;CRT;120;12;12:57:46;HRT;156;15,6;11;;
12:57:47;CRT;120;12;12:57:47;HRT;156;15,6;11;;
12:57:47;CRT;120;12;12:57:47;HRT;156;15,6;11;;
12:57:48;CRT;120;12;12:57:48;HRT;156;15,6;11;;
12:57:49;CRT;120;12;12:57:49;HRT;156;15,6;11;;
12:57:49;CRT;120;12;12:57:49;HRT;156;15,6;11;;
12:57:50;CRT;120;12;12:57:50;HRT;156;15,6;11;;
12:57:51;CRT;120;12;12:57:51;HRT;156;15,6;11;;
12:57:51;CRT;120;12;12:57:51;HRT;156;15,6;11;;
12:57:52;CRT;120;12;12:57:52;HRT;156;15,6;11;;
12:57:53;CRT;120;12;12:57:53;HRT;156;15,6;11;;
12:57:53;CRT;120;12;12:57:53;HRT;156;15,6;11;;
12:57:54;CRT;120;12;12:57:54;HRT;156;15,6;11;;
12:57:55;CRT;120;12;12:57:55;HRT;156;15,6;11;;
12:57:55;CRT;120;12;12:57:55;HRT;156;15,6;11;;
12:57:56;CRT;120;12;12:57:56;HRT;156;15,6;11;;
12:57:57;CRT;120;12;12:57:57;HRT;156;15,6;11;;
12:57:57;CRT;120;12;12:57:57;HRT;156;15,6;11;;
12:57:58;CRT;120;12;12:57:58;HRT;156;15,6;11;;
12:57:58;CRT;120;12;12:57:58;HRT;156;15,6;11;;
12:57:59;CRT;120;12;12:57:59;HRT;156;15,6;11;;
12:58:00;CRT;120;12;12:58:00;HRT;156;15,6;11;;
12:58:00;CRT;120;12;12:58:00;HRT;156;15,6;11;;
12:58:01;CRT;120;12;12:58:01;HRT;156;15,6;11;;
12:58:02;CRT;120;12;12:58:02;HRT;156;15,6;11;;
12:58:02;CRT;120;12;12:58:02;HRT;156;15,6;11;;
12:58:03;CRT;120;12;12:58:03;HRT;155;15,5;11;;
12:58:04;CRT;120;12;12:58:04;HRT;155;15,5;11;;
12:58:04;CRT;120;12;12:58:04;HRT;155;15,5;11;;
12:58:05;CRT;120;12;12:58:05;HRT;155;15,5;11;;
12:58:06;CRT;120;12;12:58:06;HRT;155;15,5;11;;
12:58:06;CRT;120;12;12:58:06;HRT;155;15,5;11;;
12:58:07;CRT;120;12;12:58:07;HRT;155;15,5;11;;
12:58:07;CRT;120;12;12:58:07;HRT;155;15,5;11;;
12:58:08;CRT;120;12;12:58:08;HRT;155;15,5;11;;
12:58:09;CRT;120;12;12:58:09;HRT;155;15,5;11;;
12:58:09;CRT;120;12;12:58:09;HRT;155;15,5;11;;
12:58:10;CRT;120;12;12:58:10;HRT;155;15,5;11;;
12:58:11;CRT;120;12;12:58:11;HRT;155;15,5;11;;
12:58:11;CRT;120;12;12:58:11;HRT;155;15,5;11;;
12:58:12;CRT;120;12;12:58:12;HRT;155;15,5;11;;
12:58:13;CRT;120;12;12:58:13;HRT;155;15,5;11;;
12:58:13;CRT;120;12;12:58:13;HRT;155;15,5;11;;
12:58:14;CRT;120;12;12:58:14;HRT;155;15,5;11;;
12:58:15;CRT;120;12;12:58:15;HRT;155;15,5;11;;
12:58:15;CRT;120;12;12:58:15;HRT;155;15,5;11;;
12:58:16;CRT;120;12;12:58:16;HRT;155;15,5;11;;
12:58:17;CRT;120;12;12:58:17;HRT;155;15,5;11;;
12:58:17;CRT;120;12;12:58:17;HRT;155;15,5;11;;
12:58:18;CRT;120;12;12:58:18;HRT;155;15,5;11;;
12:58:18;CRT;120;12;12:58:19;HRT;155;15,5;11;;
12:58:19;CRT;120;12;12:58:19;HRT;155;15,5;11;;
12:58:20;CRT;120;12;12:58:20;HRT;155;15,5;11;;
12:58:20;CRT;120;12;12:58:20;HRT;155;15,5;11;;
12:58:21;CRT;120;12;12:58:21;HRT;155;15,5;11;;
12:58:22;CRT;120;12;12:58:22;HRT;155;15,5;11;;
12:58:22;CRT;120;12;12:58:22;HRT;155;15,5;11;;
12:58:23;CRT;120;12;12:58:23;HRT;155;15,5;11;;
12:58:24;CRT;120;12;12:58:24;HRT;155;15,5;11;;
12:58:24;CRT;120;12;12:58:24;HRT;155;15,5;11;;
12:58:25;CRT;120;12;12:58:25;HRT;155;15,5;11;;
12:58:26;CRT;120;12;12:58:26;HRT;155;15,5;11;;
12:58:26;CRT;120;12;12:58:26;HRT;155;15,5;11;;
12:58:27;CRT;120;12;12:58:27;HRT;155;15,5;11;;
12:58:28;CRT;120;12;12:58:28;HRT;155;15,5;11;;
12:58:28;CRT;120;12;12:58:28;HRT;154;15,4;11;;
12:58:29;CRT;120;12;12:58:29;HRT;154;15,4;11;;
12:58:30;CRT;120;12;12:58:30;HRT;154;15,4;11;;
12:58:30;CRT;120;12;12:58:30;HRT;154;15,4;11;;
12:58:31;CRT;120;12;12:58:31;HRT;154;15,4;11;;
12:58:31;CRT;120;12;12:58:31;HRT;154;15,4;11;;
12:58:32;CRT;120;12;12:58:32;HRT;154;15,4;11;;
12:58:33;CRT;120;12;12:58:33;HRT;154;15,4;11;;
12:58:33;CRT;120;12;12:58:33;HRT;154;15,4;11;;
12:58:34;CRT;120;12;12:58:34;HRT;154;15,4;11;;
12:58:35;CRT;120;12;12:58:35;HRT;154;15,4;11;;
12:58:35;CRT;120;12;12:58:35;HRT;154;15,4;11;;
12:58:36;CRT;120;12;12:58:36;HRT;154;15,4;11;;
12:58:37;CRT;120;12;12:58:37;HRT;154;15,4;11;;
12:58:37;CRT;120;12;12:58:37;HRT;154;15,4;11;;
12:58:38;CRT;120;12;12:58:38;HRT;154;15,4;11;;
12:58:39;CRT;120;12;12:58:39;HRT;154;15,4;11;;
12:58:39;CRT;120;12;12:58:39;HRT;154;15,4;11;;
12:58:40;CRT;120;12;12:58:40;HRT;154;15,4;11;;
12:58:41;CRT;120;12;12:58:41;HRT;154;15,4;11;;
12:58:41;CRT;120;12;12:58:41;HRT;154;15,4;11;;
12:58:42;CRT;120;12;12:58:42;HRT;154;15,4;11;;
12:58:43;CRT;120;12;12:58:43;HRT;154;15,4;11;;
12:58:43;CRT;120;12;12:58:43;HRT;154;15,4;11;;
12:58:44;CRT;120;12;12:58:44;HRT;154;15,4;11;;
12:58:45;CRT;120;12;12:58:45;HRT;154;15,4;11;;
12:58:45;CRT;120;12;12:58:45;HRT;153;15,3;11;;
12:58:46;CRT;120;12;12:58:46;HRT;153;15,3;11;;
12:58:46;CRT;120;12;12:58:46;HRT;153;15,3;11;;
12:58:47;CRT;120;12;12:58:47;HRT;153;15,3;11;;
12:58:48;CRT;120;12;12:58:48;HRT;153;15,3;11;;
12:58:48;CRT;120;12;12:58:48;HRT;153;15,3;11;;
12:58:49;CRT;120;12;12:58:49;HRT;153;15,3;11;;
12:58:50;CRT;120;12;12:58:50;HRT;153;15,3;11;;
12:58:50;CRT;120;12;12:58:50;HRT;153;15,3;11;;
12:58:51;CRT;120;12;12:58:51;HRT;153;15,3;11;;
12:58:51;CRT;120;12;12:58:51;HRT;153;15,3;11;;
12:58:52;CRT;120;12;12:58:52;HRT;153;15,3;11;;
12:58:53;CRT;120;12;12:58:53;HRT;153;15,3;11;;
12:58:53;CRT;120;12;12:58:53;HRT;153;15,3;11;;
12:58:54;CRT;120;12;12:58:54;HRT;153;15,3;11;;
12:58:55;CRT;120;12;12:58:55;HRT;153;15,3;11;;
12:58:55;CRT;120;12;12:58:55;HRT;153;15,3;11;;
12:58:56;CRT;120;12;12:58:56;HRT;153;15,3;11;;
12:58:57;CRT;120;12;12:58:57;HRT;153;15,3;11;;
12:58:57;CRT;120;12;12:58:57;HRT;153;15,3;11;;
12:58:58;CRT;120;12;12:58:58;HRT;153;15,3;11;;
12:58:59;CRT;120;12;12:58:59;HRT;153;15,3;11;;
12:58:59;CRT;120;12;12:58:59;HRT;153;15,3;11;;
12:59:00;CRT;120;12;12:59:00;HRT;153;15,3;11;;
12:59:01;CRT;120;12;12:59:01;HRT;153;15,3;11;;
12:59:01;CRT;120;12;12:59:01;HRT;153;15,3;11;;
12:59:02;CRT;120;12;12:59:02;HRT;153;15,3;11;;
12:59:02;CRT;120;12;12:59:02;HRT;153;15,3;11;;
12:59:03;CRT;120;12;12:59:03;HRT;153;15,3;11;;
12:59:04;CRT;120;12;12:59:04;HRT;153;15,3;11;;
12:59:04;CRT;120;12;12:59:04;HRT;153;15,3;11;;
12:59:05;CRT;120;12;12:59:05;HRT;153;15,3;11;;
12:59:06;CRT;120;12;12:59:06;HRT;153;15,3;11;;
12:59:06;CRT;120;12;12:59:06;HRT;153;15,3;11;;
12:59:07;CRT;120;12;12:59:07;HRT;153;15,3;11;;
12:59:08;CRT;120;12;12:59:08;HRT;153;15,3;11;;
12:59:08;CRT;120;12;12:59:08;HRT;153;15,3;11;;
12:59:09;CRT;120;12;12:59:09;HRT;153;15,3;11;;
12:59:10;CRT;120;12;12:59:10;HRT;153;15,3;11;;
12:59:10;CRT;120;12;12:59:10;HRT;153;15,3;11;;
12:59:11;CRT;120;12;12:59:11;HRT;153;15,3;11;;
12:59:12;CRT;120;12;12:59:12;HRT;153;15,3;11;;
12:59:12;CRT;120;12;12:59:12;HRT;153;15,3;11;;
12:59:13;CRT;120;12;12:59:13;HRT;153;15,3;11;;
12:59:13;CRT;120;12;12:59:13;HRT;153;15,3;11;;
12:59:14;CRT;120;12;12:59:14;HRT;153;15,3;11;;
12:59:15;CRT;120;12;12:59:15;HRT;153;15,3;11;;
12:59:15;CRT;120;12;12:59:15;HRT;153;15,3;11;;
12:59:16;CRT;120;12;12:59:16;HRT;153;15,3;11;;
12:59:17;CRT;120;12;12:59:17;HRT;153;15,3;11;;
12:59:17;CRT;120;12;12:59:17;HRT;153;15,3;11;;
12:59:18;CRT;120;12;12:59:18;HRT;153;15,3;11;;
12:59:19;CRT;120;12;12:59:19;HRT;153;15,3;11;;
12:59:19;CRT;120;12;12:59:19;HRT;153;15,3;11;;
12:59:20;CRT;120;12;12:59:20;HRT;152;15,2;11;;
12:59:21;CRT;120;12;12:59:21;HRT;152;15,2;11;;
12:59:21;CRT;120;12;12:59:21;HRT;152;15,2;11;;
12:59:22;CRT;120;12;12:59:22;HRT;152;15,2;11;;
12:59:23;CRT;120;12;12:59:23;HRT;152;15,2;11;;
12:59:23;CRT;120;12;12:59:23;HRT;152;15,2;11;;
12:59:24;CRT;120;12;12:59:24;HRT;152;15,2;11;;
12:59:25;CRT;120;12;12:59:25;HRT;152;15,2;11;;
12:59:25;CRT;120;12;12:59:25;HRT;152;15,2;11;;
12:59:26;CRT;120;12;12:59:26;HRT;152;15,2;11;;
12:59:26;CRT;120;12;12:59:26;HRT;152;15,2;11;;
12:59:27;CRT;120;12;12:59:27;HRT;152;15,2;11;;
12:59:28;CRT;120;12;12:59:28;HRT;152;15,2;11;;
12:59:28;CRT;120;12;12:59:28;HRT;152;15,2;11;;
12:59:29;CRT;120;12;12:59:29;HRT;152;15,2;11;;
12:59:30;CRT;120;12;12:59:30;HRT;152;15,2;11;;
12:59:30;CRT;120;12;12:59:30;HRT;152;15,2;11;;
12:59:31;CRT;120;12;12:59:31;HRT;152;15,2;11;;
12:59:32;CRT;120;12;12:59:32;HRT;152;15,2;11;;
12:59:32;CRT;120;12;12:59:32;HRT;152;15,2;11;;
12:59:33;CRT;120;12;12:59:33;HRT;152;15,2;11;;
12:59:34;CRT;120;12;12:59:34;HRT;152;15,2;11;;
12:59:34;CRT;120;12;12:59:34;HRT;152;15,2;11;;
12:59:35;CRT;120;12;12:59:35;HRT;152;15,2;11;;
12:59:36;CRT;120;12;12:59:36;HRT;152;15,2;11;;
12:59:36;CRT;120;12;12:59:36;HRT;152;15,2;11;;
12:59:37;CRT;120;12;12:59:37;HRT;152;15,2;11;;
12:59:37;CRT;120;12;12:59:37;HRT;152;15,2;11;;
12:59:38;CRT;120;12;12:59:38;HRT;152;15,2;11;;
12:59:39;CRT;120;12;12:59:39;HRT;152;15,2;11;;
12:59:39;CRT;120;12;12:59:39;HRT;152;15,2;11;;
12:59:40;CRT;120;12;12:59:40;HRT;152;15,2;11;;
12:59:41;CRT;120;12;12:59:41;HRT;152;15,2;11;;
12:59:41;CRT;120;12;12:59:41;HRT;152;15,2;11;;
12:59:42;CRT;120;12;12:59:42;HRT;152;15,2;11;;
12:59:43;CRT;120;12;12:59:43;HRT;152;15,2;11;;
12:59:43;CRT;120;12;12:59:43;HRT;152;15,2;11;;
12:59:44;CRT;120;12;12:59:44;HRT;152;15,2;11;;
12:59:45;CRT;120;12;12:59:45;HRT;152;15,2;11;;
12:59:45;CRT;120;12;12:59:45;HRT;152;15,2;11;;
12:59:46;CRT;120;12;12:59:46;HRT;152;15,2;11;;
12:59:47;CRT;120;12;12:59:47;HRT;152;15,2;11;;
12:59:47;CRT;120;12;12:59:47;HRT;152;15,2;11;;
12:59:48;CRT;120;12;12:59:48;HRT;152;15,2;11;;
12:59:48;CRT;120;12;12:59:48;HRT;152;15,2;11;;
12:59:49;CRT;120;12;12:59:49;HRT;152;15,2;11;;
12:59:50;CRT;120;12;12:59:50;HRT;152;15,2;11;;
12:59:50;CRT;120;12;12:59:50;HRT;152;15,2;11;;
12:59:51;CRT;120;12;12:59:51;HRT;152;15,2;11;;
12:59:52;CRT;120;12;12:59:52;HRT;152;15,2;11;;
12:59:52;CRT;120;12;12:59:52;HRT;152;15,2;11;;
12:59:53;CRT;120;12;12:59:53;HRT;152;15,2;11;;
12:59:54;CRT;120;12;12:59:54;HRT;152;15,2;11;;
12:59:54;CRT;120;12;12:59:54;HRT;152;15,2;11;;
12:59:55;CRT;120;12;12:59:55;HRT;152;15,2;11;;
12:59:56;CRT;120;12;12:59:56;HRT;152;15,2;11;;
12:59:56;CRT;120;12;12:59:56;HRT;152;15,2;11;;
12:59:57;CRT;120;12;12:59:57;HRT;152;15,2;11;;
12:59:57;CRT;120;12;12:59:58;HRT;152;15,2;11;;
12:59:58;CRT;120;12;12:59:58;HRT;152;15,2;11;;
12:59:59;CRT;120;12;12:59:59;HRT;152;15,2;11;;
12:59:59;CRT;120;12;12:59:59;HRT;152;15,2;11;;
13:00:00;CRT;120;12;13:00:00;HRT;152;15,2;11;;
