probka;y_real;y_model;u_input;error
0;11.9000;11.9000;11.0000;0.0000
1;11.9000;11.9033;11.0000;-0.0033
2;11.9000;11.9066;11.0000;-0.0066
3;11.9000;11.9100;11.0000;-0.0100
4;11.9000;11.9133;22.0000;-0.0133
5;11.9000;11.9290;22.0000;-0.0290
6;11.9000;11.9447;22.0000;-0.0447
7;11.9000;11.9603;22.0000;-0.0603
8;11.9000;11.9760;22.0000;-0.0760
9;11.9000;11.9916;22.0000;-0.0916
10;11.9000;12.0073;22.0000;-0.1073
11;11.9000;12.0229;22.0000;-0.1229
12;11.9000;12.0385;22.0000;-0.1385
13;11.9000;12.0541;22.0000;-0.1541
14;11.9000;12.0697;22.0000;-0.1697
15;11.9000;12.0853;22.0000;-0.1853
16;11.9000;12.1008;22.0000;-0.2008
17;11.9000;12.1164;22.0000;-0.2164
18;11.9000;12.1319;22.0000;-0.2319
19;11.9000;12.1475;22.0000;-0.2475
20;11.9000;12.1630;22.0000;-0.2630
21;11.9000;12.1785;22.0000;-0.2785
22;11.9000;12.1940;22.0000;-0.2940
23;11.9000;12.2095;22.0000;-0.3095
24;11.9000;12.2250;22.0000;-0.3250
25;11.9000;12.2404;22.0000;-0.3404
26;11.9000;12.2559;22.0000;-0.3559
27;11.9000;12.2713;22.0000;-0.3713
28;11.9000;12.2867;22.0000;-0.3867
29;11.9000;12.3021;22.0000;-0.4021
30;11.9000;12.3175;22.0000;-0.4175
31;11.9000;12.3329;22.0000;-0.4329
32;11.9000;12.3483;22.0000;-0.4483
33;11.9000;12.3637;22.0000;-0.4637
34;11.9000;12.3790;22.0000;-0.4790
35;11.9000;12.3944;22.0000;-0.4944
36;11.9000;12.4097;22.0000;-0.5097
37;11.9000;12.4250;22.0000;-0.5250
38;11.9000;12.4403;22.0000;-0.5403
39;11.9000;12.4556;22.0000;-0.5556
40;11.9000;12.4709;22.0000;-0.5709
41;11.9000;12.4862;22.0000;-0.5862
42;11.9000;12.5014;22.0000;-0.6014
43;11.9000;12.5167;22.0000;-0.6167
44;11.9000;12.5319;22.0000;-0.6319
45;11.9000;12.5471;22.0000;-0.6471
46;11.9000;12.5624;22.0000;-0.6624
47;11.9000;12.5776;22.0000;-0.6776
48;11.9000;12.5928;22.0000;-0.6928
49;11.9000;12.6079;22.0000;-0.7079
50;11.9000;12.6231;22.0000;-0.7231
51;11.9000;12.6383;22.0000;-0.7383
52;11.9000;12.6534;22.0000;-0.7534
53;11.9000;12.6685;22.0000;-0.7685
54;11.9000;12.6837;22.0000;-0.7837
55;11.9000;12.6988;22.0000;-0.7988
56;11.9000;12.7139;22.0000;-0.8139
57;11.9000;12.7290;22.0000;-0.8290
58;11.9000;12.7440;22.0000;-0.8440
59;11.9000;12.7591;22.0000;-0.8591
60;11.9000;12.7742;22.0000;-0.8742
61;11.9000;12.7892;22.0000;-0.8892
62;11.9000;12.8042;22.0000;-0.9042
63;11.9000;12.8192;22.0000;-0.9192
64;11.9000;12.8343;22.0000;-0.9343
65;11.9000;12.8492;22.0000;-0.9492
66;12.0000;12.8642;22.0000;-0.8642
67;12.0000;12.8792;22.0000;-0.8792
68;12.0000;12.8942;22.0000;-0.8942
69;12.0000;12.9091;22.0000;-0.9091
70;12.0000;12.9241;22.0000;-0.9241
71;12.0000;12.9390;22.0000;-0.9390
72;12.0000;12.9539;22.0000;-0.9539
73;12.0000;12.9688;22.0000;-0.9688
74;12.0000;12.9837;22.0000;-0.9837
75;12.0000;12.9986;22.0000;-0.9986
76;12.0000;13.0134;22.0000;-1.0134
77;12.0000;13.0283;22.0000;-1.0283
78;12.0000;13.0432;22.0000;-1.0432
79;12.1000;13.0580;22.0000;-0.9580
80;12.1000;13.0728;22.0000;-0.9728
81;12.1000;13.0876;22.0000;-0.9876
82;12.1000;13.1024;22.0000;-1.0024
83;12.1000;13.1172;22.0000;-1.0172
84;12.1000;13.1320;22.0000;-1.0320
85;12.1000;13.1468;22.0000;-1.0468
86;12.1000;13.1615;22.0000;-1.0615
87;12.1000;13.1763;22.0000;-1.0763
88;12.1000;13.1910;22.0000;-1.0910
89;12.1000;13.2057;22.0000;-1.1057
90;12.1000;13.2204;22.0000;-1.1204
91;12.2000;13.2352;22.0000;-1.0352
92;12.2000;13.2498;22.0000;-1.0498
93;12.2000;13.2645;22.0000;-1.0645
94;12.2000;13.2792;22.0000;-1.0792
95;12.2000;13.2938;22.0000;-1.0938
96;12.2000;13.3085;22.0000;-1.1085
97;12.2000;13.3231;22.0000;-1.1231
98;12.2000;13.3377;22.0000;-1.1377
99;12.3000;13.3524;22.0000;-1.0524
100;12.3000;13.3670;22.0000;-1.0670
101;12.3000;13.3816;22.0000;-1.0816
102;12.3000;13.3961;22.0000;-1.0961
103;12.3000;13.4107;22.0000;-1.1107
104;12.4000;13.4253;22.0000;-1.0253
105;12.4000;13.4398;22.0000;-1.0398
106;12.4000;13.4543;22.0000;-1.0543
107;12.4000;13.4689;22.0000;-1.0689
108;12.4000;13.4834;22.0000;-1.0834
109;12.4000;13.4979;22.0000;-1.0979
110;12.4000;13.5124;22.0000;-1.1124
111;12.4000;13.5268;22.0000;-1.1268
112;12.5000;13.5413;22.0000;-1.0413
113;12.5000;13.5558;22.0000;-1.0558
114;12.5000;13.5702;22.0000;-1.0702
115;12.5000;13.5846;22.0000;-1.0846
116;12.5000;13.5991;22.0000;-1.0991
117;12.5000;13.6135;22.0000;-1.1135
118;12.5000;13.6279;22.0000;-1.1279
119;12.5000;13.6423;22.0000;-1.1423
120;12.6000;13.6567;22.0000;-1.0567
121;12.6000;13.6710;22.0000;-1.0710
122;12.6000;13.6854;22.0000;-1.0854
123;12.6000;13.6997;22.0000;-1.0997
124;12.6000;13.7141;22.0000;-1.1141
125;12.7000;13.7284;22.0000;-1.0284
126;12.7000;13.7427;22.0000;-1.0427
127;12.7000;13.7570;22.0000;-1.0570
128;12.8000;13.7713;22.0000;-0.9713
129;12.8000;13.7856;22.0000;-0.9856
130;12.8000;13.7999;22.0000;-0.9999
131;12.8000;13.8141;22.0000;-1.0141
132;12.8000;13.8284;22.0000;-1.0284
133;12.8000;13.8426;22.0000;-1.0426
134;12.8000;13.8568;22.0000;-1.0568
135;12.8000;13.8711;22.0000;-1.0711
136;12.8000;13.8853;22.0000;-1.0853
137;12.8000;13.8995;22.0000;-1.0995
138;12.9000;13.9136;22.0000;-1.0136
139;12.9000;13.9278;22.0000;-1.0278
140;12.9000;13.9420;22.0000;-1.0420
141;13.0000;13.9561;22.0000;-0.9561
142;13.0000;13.9703;22.0000;-0.9703
143;13.0000;13.9844;22.0000;-0.9844
144;13.0000;13.9985;22.0000;-0.9985
145;13.0000;14.0126;22.0000;-1.0126
146;13.0000;14.0267;22.0000;-1.0267
147;13.0000;14.0408;22.0000;-1.0408
148;13.0000;14.0549;22.0000;-1.0549
149;13.0000;14.0690;22.0000;-1.0690
150;13.1000;14.0830;22.0000;-0.9830
151;13.1000;14.0971;22.0000;-0.9971
152;13.1000;14.1111;22.0000;-1.0111
153;13.1000;14.1251;22.0000;-1.0251
154;13.2000;14.1391;22.0000;-0.9391
155;13.2000;14.1531;22.0000;-0.9531
156;13.2000;14.1671;22.0000;-0.9671
157;13.2000;14.1811;22.0000;-0.9811
158;13.2000;14.1951;22.0000;-0.9951
159;13.3000;14.2090;22.0000;-0.9090
160;13.3000;14.2230;22.0000;-0.9230
161;13.3000;14.2369;22.0000;-0.9369
162;13.4000;14.2508;22.0000;-0.8508
163;13.4000;14.2648;22.0000;-0.8648
164;13.4000;14.2787;22.0000;-0.8787
165;13.4000;14.2926;22.0000;-0.8926
166;13.4000;14.3064;22.0000;-0.9064
167;13.4000;14.3203;22.0000;-0.9203
168;13.4000;14.3342;22.0000;-0.9342
169;13.4000;14.3480;22.0000;-0.9480
170;13.4000;14.3619;22.0000;-0.9619
171;13.4000;14.3757;22.0000;-0.9757
172;13.5000;14.3895;22.0000;-0.8895
173;13.5000;14.4033;22.0000;-0.9033
174;13.5000;14.4171;22.0000;-0.9171
175;13.6000;14.4309;22.0000;-0.8309
176;13.6000;14.4447;22.0000;-0.8447
177;13.6000;14.4585;22.0000;-0.8585
178;13.6000;14.4722;22.0000;-0.8722
179;13.7000;14.4860;22.0000;-0.7860
180;13.7000;14.4997;22.0000;-0.7997
181;13.7000;14.5134;22.0000;-0.8134
182;13.7000;14.5272;22.0000;-0.8272
183;13.8000;14.5409;22.0000;-0.7409
184;13.8000;14.5546;22.0000;-0.7546
185;13.8000;14.5683;22.0000;-0.7683
186;13.8000;14.5819;22.0000;-0.7819
187;13.8000;14.5956;22.0000;-0.7956
188;13.8000;14.6092;22.0000;-0.8092
189;13.8000;14.6229;22.0000;-0.8229
190;13.8000;14.6365;22.0000;-0.8365
191;13.8000;14.6501;22.0000;-0.8501
192;13.9000;14.6638;22.0000;-0.7638
193;13.9000;14.6774;22.0000;-0.7774
194;13.9000;14.6910;22.0000;-0.7910
195;13.9000;14.7045;22.0000;-0.8045
196;14.0000;14.7181;22.0000;-0.7181
197;14.0000;14.7317;22.0000;-0.7317
198;14.0000;14.7452;22.0000;-0.7452
199;14.0000;14.7588;22.0000;-0.7588
200;14.1000;14.7723;22.0000;-0.6723
201;14.1000;14.7858;22.0000;-0.6858
202;14.1000;14.7993;22.0000;-0.6993
203;14.1000;14.8128;22.0000;-0.7128
204;14.1000;14.8263;22.0000;-0.7263
205;14.1000;14.8398;22.0000;-0.7398
206;14.1000;14.8532;22.0000;-0.7532
207;14.1000;14.8667;22.0000;-0.7667
208;14.2000;14.8802;22.0000;-0.6802
209;14.2000;14.8936;22.0000;-0.6936
210;14.2000;14.9070;22.0000;-0.7070
211;14.2000;14.9204;22.0000;-0.7204
212;14.2000;14.9338;22.0000;-0.7338
213;14.3000;14.9472;22.0000;-0.6472
214;14.3000;14.9606;22.0000;-0.6606
215;14.3000;14.9740;22.0000;-0.6740
216;14.4000;14.9874;22.0000;-0.5874
217;14.4000;15.0007;22.0000;-0.6007
218;14.4000;15.0141;22.0000;-0.6141
219;14.4000;15.0274;22.0000;-0.6274
220;14.4000;15.0407;22.0000;-0.6407
221;14.5000;15.0540;22.0000;-0.5540
222;14.5000;15.0673;22.0000;-0.5673
223;14.5000;15.0806;22.0000;-0.5806
224;14.5000;15.0939;22.0000;-0.5939
225;14.5000;15.1072;22.0000;-0.6072
226;14.5000;15.1205;22.0000;-0.6205
227;14.5000;15.1337;22.0000;-0.6337
228;14.5000;15.1470;22.0000;-0.6470
229;14.6000;15.1602;22.0000;-0.5602
230;14.6000;15.1734;22.0000;-0.5734
231;14.6000;15.1866;22.0000;-0.5866
232;14.6000;15.1998;22.0000;-0.5998
233;14.6000;15.2130;22.0000;-0.6130
234;14.7000;15.2262;22.0000;-0.5262
235;14.7000;15.2394;22.0000;-0.5394
236;14.7000;15.2525;22.0000;-0.5525
237;14.8000;15.2657;22.0000;-0.4657
238;14.8000;15.2788;22.0000;-0.4788
239;14.8000;15.2920;22.0000;-0.4920
240;14.8000;15.3051;22.0000;-0.5051
241;14.8000;15.3182;22.0000;-0.5182
242;14.9000;15.3313;22.0000;-0.4313
243;14.9000;15.3444;22.0000;-0.4444
244;14.9000;15.3575;22.0000;-0.4575
245;14.9000;15.3706;22.0000;-0.4706
246;14.9000;15.3836;22.0000;-0.4836
247;15.0000;15.3967;22.0000;-0.3967
248;15.0000;15.4097;22.0000;-0.4097
249;15.0000;15.4228;22.0000;-0.4228
250;15.0000;15.4358;22.0000;-0.4358
251;15.0000;15.4488;22.0000;-0.4488
252;15.0000;15.4618;22.0000;-0.4618
253;15.0000;15.4748;22.0000;-0.4748
254;15.0000;15.4878;22.0000;-0.4878
255;15.1000;15.5008;22.0000;-0.4008
256;15.1000;15.5137;22.0000;-0.4137
257;15.1000;15.5267;22.0000;-0.4267
258;15.2000;15.5396;22.0000;-0.3396
259;15.2000;15.5526;22.0000;-0.3526
260;15.2000;15.5655;22.0000;-0.3655
261;15.2000;15.5784;22.0000;-0.3784
262;15.2000;15.5913;22.0000;-0.3913
263;15.3000;15.6042;22.0000;-0.3042
264;15.3000;15.6171;22.0000;-0.3171
265;15.3000;15.6300;22.0000;-0.3300
266;15.3000;15.6428;22.0000;-0.3428
267;15.3000;15.6557;22.0000;-0.3557
268;15.4000;15.6685;22.0000;-0.2685
269;15.4000;15.6814;22.0000;-0.2814
270;15.4000;15.6942;22.0000;-0.2942
271;15.4000;15.7070;22.0000;-0.3070
272;15.4000;15.7198;22.0000;-0.3198
273;15.4000;15.7326;22.0000;-0.3326
274;15.4000;15.7454;22.0000;-0.3454
275;15.4000;15.7582;22.0000;-0.3582
276;15.5000;15.7710;22.0000;-0.2710
277;15.5000;15.7837;22.0000;-0.2837
278;15.5000;15.7965;22.0000;-0.2965
279;15.6000;15.8092;22.0000;-0.2092
280;15.6000;15.8219;22.0000;-0.2219
281;15.6000;15.8346;22.0000;-0.2346
282;15.6000;15.8474;22.0000;-0.2474
283;15.6000;15.8601;22.0000;-0.2601
284;15.7000;15.8727;22.0000;-0.1727
285;15.7000;15.8854;22.0000;-0.1854
286;15.7000;15.8981;22.0000;-0.1981
287;15.7000;15.9108;22.0000;-0.2108
288;15.7000;15.9234;22.0000;-0.2234
289;15.7000;15.9361;22.0000;-0.2361
290;15.7000;15.9487;22.0000;-0.2487
291;15.7000;15.9613;22.0000;-0.2613
292;15.8000;15.9739;22.0000;-0.1739
293;15.8000;15.9865;22.0000;-0.1865
294;15.8000;15.9991;22.0000;-0.1991
295;15.8000;16.0117;22.0000;-0.2117
296;15.8000;16.0243;22.0000;-0.2243
297;15.9000;16.0369;22.0000;-0.1369
298;15.9000;16.0494;22.0000;-0.1494
299;15.9000;16.0620;22.0000;-0.1620
300;15.9000;16.0745;22.0000;-0.1745
301;15.9000;16.0870;22.0000;-0.1870
302;16.0000;16.0995;22.0000;-0.0995
303;16.0000;16.1120;22.0000;-0.1120
304;16.0000;16.1245;22.0000;-0.1245
305;16.0000;16.1370;22.0000;-0.1370
306;16.0000;16.1495;22.0000;-0.1495
307;16.0000;16.1620;22.0000;-0.1620
308;16.0000;16.1744;22.0000;-0.1744
309;16.0000;16.1869;22.0000;-0.1869
310;16.1000;16.1993;22.0000;-0.0993
311;16.1000;16.2118;22.0000;-0.1118
312;16.1000;16.2242;22.0000;-0.1242
313;16.2000;16.2366;22.0000;-0.0366
314;16.2000;16.2490;22.0000;-0.0490
315;16.2000;16.2614;22.0000;-0.0614
316;16.2000;16.2738;22.0000;-0.0738
317;16.2000;16.2862;22.0000;-0.0862
318;16.3000;16.2985;22.0000;0.0015
319;16.3000;16.3109;22.0000;-0.0109
320;16.3000;16.3232;22.0000;-0.0232
321;16.3000;16.3356;22.0000;-0.0356
322;16.3000;16.3479;22.0000;-0.0479
323;16.4000;16.3602;22.0000;0.0398
324;16.4000;16.3725;22.0000;0.0275
325;16.4000;16.3848;22.0000;0.0152
326;16.4000;16.3971;22.0000;0.0029
327;16.4000;16.4094;22.0000;-0.0094
328;16.4000;16.4217;22.0000;-0.0217
329;16.4000;16.4339;22.0000;-0.0339
330;16.4000;16.4462;22.0000;-0.0462
331;16.5000;16.4584;22.0000;0.0416
332;16.5000;16.4707;22.0000;0.0293
333;16.5000;16.4829;22.0000;0.0171
334;16.6000;16.4951;22.0000;0.1049
335;16.6000;16.5073;22.0000;0.0927
336;16.6000;16.5195;22.0000;0.0805
337;16.6000;16.5317;22.0000;0.0683
338;16.6000;16.5439;22.0000;0.0561
339;16.6000;16.5561;22.0000;0.0439
340;16.6000;16.5682;22.0000;0.0318
341;16.6000;16.5804;22.0000;0.0196
342;16.6000;16.5925;22.0000;0.0075
343;16.6000;16.6046;22.0000;-0.0046
344;16.7000;16.6168;22.0000;0.0832
345;16.7000;16.6289;22.0000;0.0711
346;16.7000;16.6410;22.0000;0.0590
347;16.8000;16.6531;22.0000;0.1469
348;16.8000;16.6652;22.0000;0.1348
349;16.8000;16.6772;22.0000;0.1228
350;16.8000;16.6893;22.0000;0.1107
351;16.8000;16.7014;22.0000;0.0986
352;16.8000;16.7134;22.0000;0.0866
353;16.8000;16.7255;22.0000;0.0745
354;16.8000;16.7375;22.0000;0.0625
355;16.9000;16.7495;22.0000;0.1505
356;16.9000;16.7615;22.0000;0.1385
357;16.9000;16.7735;22.0000;0.1265
358;16.9000;16.7855;22.0000;0.1145
359;17.0000;16.7975;22.0000;0.2025
360;17.0000;16.8095;22.0000;0.1905
361;17.0000;16.8215;22.0000;0.1785
362;17.0000;16.8334;22.0000;0.1666
363;17.0000;16.8454;22.0000;0.1546
364;17.1000;16.8573;22.0000;0.2427
365;17.1000;16.8692;22.0000;0.2308
366;17.1000;16.8812;22.0000;0.2188
367;17.1000;16.8931;22.0000;0.2069
368;17.1000;16.9050;22.0000;0.1950
369;17.1000;16.9169;22.0000;0.1831
370;17.1000;16.9288;22.0000;0.1712
371;17.1000;16.9406;22.0000;0.1594
372;17.2000;16.9525;22.0000;0.2475
373;17.2000;16.9644;22.0000;0.2356
374;17.2000;16.9762;22.0000;0.2238
375;17.2000;16.9880;22.0000;0.2120
376;17.2000;16.9999;22.0000;0.2001
377;17.3000;17.0117;22.0000;0.2883
378;17.3000;17.0235;22.0000;0.2765
379;17.3000;17.0353;22.0000;0.2647
380;17.3000;17.0471;22.0000;0.2529
381;17.3000;17.0589;22.0000;0.2411
382;17.3000;17.0707;22.0000;0.2293
383;17.3000;17.0824;22.0000;0.2176
384;17.3000;17.0942;22.0000;0.2058
385;17.4000;17.1060;22.0000;0.2940
386;17.4000;17.1177;22.0000;0.2823
387;17.4000;17.1294;22.0000;0.2706
388;17.5000;17.1412;22.0000;0.3588
389;17.5000;17.1529;22.0000;0.3471
390;17.5000;17.1646;22.0000;0.3354
391;17.5000;17.1763;22.0000;0.3237
392;17.5000;17.1880;22.0000;0.3120
393;17.5000;17.1996;22.0000;0.3004
394;17.5000;17.2113;22.0000;0.2887
395;17.5000;17.2230;22.0000;0.2770
396;17.5000;17.2346;22.0000;0.2654
397;17.5000;17.2463;22.0000;0.2537
398;17.6000;17.2579;22.0000;0.3421
399;17.6000;17.2695;22.0000;0.3305
400;17.6000;17.2811;22.0000;0.3189
401;17.6000;17.2928;22.0000;0.3072
402;17.6000;17.3044;22.0000;0.2956
403;17.6000;17.3159;22.0000;0.2841
404;17.6000;17.3275;22.0000;0.2725
405;17.6000;17.3391;22.0000;0.2609
406;17.7000;17.3507;22.0000;0.3493
407;17.7000;17.3622;22.0000;0.3378
408;17.7000;17.3738;22.0000;0.3262
409;17.8000;17.3853;22.0000;0.4147
410;17.8000;17.3968;22.0000;0.4032
411;17.8000;17.4084;22.0000;0.3916
412;17.8000;17.4199;22.0000;0.3801
413;17.8000;17.4314;22.0000;0.3686
414;17.8000;17.4429;22.0000;0.3571
415;17.8000;17.4543;22.0000;0.3457
416;17.8000;17.4658;22.0000;0.3342
417;17.8000;17.4773;22.0000;0.3227
418;17.8000;17.4887;22.0000;0.3113
419;17.9000;17.5002;22.0000;0.3998
420;17.9000;17.5116;22.0000;0.3884
421;17.9000;17.5231;22.0000;0.3769
422;17.9000;17.5345;22.0000;0.3655
423;17.9000;17.5459;22.0000;0.3541
424;17.9000;17.5573;22.0000;0.3427
425;17.9000;17.5687;22.0000;0.3313
426;17.9000;17.5801;22.0000;0.3199
427;18.0000;17.5915;22.0000;0.4085
428;18.0000;17.6029;22.0000;0.3971
429;18.0000;17.6142;22.0000;0.3858
430;18.1000;17.6256;22.0000;0.4744
431;18.1000;17.6369;22.0000;0.4631
432;18.1000;17.6483;22.0000;0.4517
433;18.1000;17.6596;22.0000;0.4404
434;18.1000;17.6709;22.0000;0.4291
435;18.1000;17.6822;22.0000;0.4178
436;18.1000;17.6935;22.0000;0.4065
437;18.1000;17.7048;22.0000;0.3952
438;18.1000;17.7161;22.0000;0.3839
439;18.1000;17.7274;22.0000;0.3726
440;18.2000;17.7386;22.0000;0.4614
441;18.2000;17.7499;22.0000;0.4501
442;18.2000;17.7612;22.0000;0.4388
443;18.2000;17.7724;22.0000;0.4276
444;18.2000;17.7836;22.0000;0.4164
445;18.2000;17.7949;22.0000;0.4051
446;18.2000;17.8061;22.0000;0.3939
447;18.2000;17.8173;22.0000;0.3827
448;18.3000;17.8285;22.0000;0.4715
449;18.3000;17.8397;22.0000;0.4603
450;18.3000;17.8509;22.0000;0.4491
451;18.3000;17.8620;22.0000;0.4380
452;18.3000;17.8732;22.0000;0.4268
453;18.3000;17.8844;22.0000;0.4156
454;18.3000;17.8955;22.0000;0.4045
455;18.3000;17.9066;22.0000;0.3934
456;18.4000;17.9178;22.0000;0.4822
457;18.4000;17.9289;22.0000;0.4711
458;18.4000;17.9400;22.0000;0.4600
459;18.4000;17.9511;22.0000;0.4489
460;18.4000;17.9622;22.0000;0.4378
461;18.4000;17.9733;22.0000;0.4267
462;18.4000;17.9844;22.0000;0.4156
463;18.4000;17.9955;22.0000;0.4045
464;18.5000;18.0065;22.0000;0.4935
465;18.5000;18.0176;22.0000;0.4824
466;18.5000;18.0286;22.0000;0.4714
467;18.5000;18.0397;22.0000;0.4603
468;18.5000;18.0507;22.0000;0.4493
469;18.5000;18.0617;22.0000;0.4383
470;18.5000;18.0727;22.0000;0.4273
471;18.5000;18.0837;22.0000;0.4163
472;18.5000;18.0947;22.0000;0.4053
473;18.5000;18.1057;22.0000;0.3943
474;18.6000;18.1167;22.0000;0.4833
475;18.6000;18.1277;22.0000;0.4723
476;18.6000;18.1386;22.0000;0.4614
477;18.6000;18.1496;22.0000;0.4504
478;18.6000;18.1605;22.0000;0.4395
479;18.6000;18.1715;22.0000;0.4285
480;18.6000;18.1824;22.0000;0.4176
481;18.6000;18.1933;22.0000;0.4067
482;18.7000;18.2042;22.0000;0.4958
483;18.7000;18.2151;22.0000;0.4849
484;18.7000;18.2260;22.0000;0.4740
485;18.7000;18.2369;22.0000;0.4631
486;18.7000;18.2478;22.0000;0.4522
487;18.7000;18.2587;22.0000;0.4413
488;18.7000;18.2696;22.0000;0.4304
489;18.9000;18.2804;22.0000;0.6196
490;18.9000;18.2913;22.0000;0.6087
491;18.9000;18.3021;22.0000;0.5979
492;18.9000;18.3129;22.0000;0.5871
493;19.0000;18.3237;22.0000;0.6763
494;19.0000;18.3346;22.0000;0.6654
495;19.0000;18.3454;22.0000;0.6546
496;19.0000;18.3562;22.0000;0.6438
497;19.0000;18.3670;22.0000;0.6330
498;19.0000;18.3777;22.0000;0.6223
499;19.0000;18.3885;22.0000;0.6115
500;19.0000;18.3993;22.0000;0.6007
501;19.1000;18.4100;22.0000;0.6900
502;19.1000;18.4208;22.0000;0.6792
503;19.1000;18.4315;22.0000;0.6685
504;19.1000;18.4422;22.0000;0.6578
505;19.1000;18.4530;22.0000;0.6470
506;19.1000;18.4637;22.0000;0.6363
507;19.1000;18.4744;22.0000;0.6256
508;19.1000;18.4851;22.0000;0.6149
509;19.2000;18.4958;22.0000;0.7042
510;19.2000;18.5065;22.0000;0.6935
511;19.2000;18.5171;22.0000;0.6829
512;19.2000;18.5278;22.0000;0.6722
513;19.2000;18.5385;22.0000;0.6615
514;19.2000;18.5491;22.0000;0.6509
515;19.2000;18.5598;22.0000;0.6402
516;19.2000;18.5704;22.0000;0.6296
517;19.3000;18.5810;22.0000;0.7190
518;19.3000;18.5916;22.0000;0.7084
519;19.3000;18.6022;22.0000;0.6978
520;19.3000;18.6128;22.0000;0.6872
521;19.3000;18.6234;22.0000;0.6766
522;19.3000;18.6340;22.0000;0.6660
523;19.3000;18.6446;22.0000;0.6554
524;19.3000;18.6552;22.0000;0.6448
525;19.3000;18.6657;22.0000;0.6343
526;19.3000;18.6763;22.0000;0.6237
527;19.4000;18.6868;22.0000;0.7132
528;19.4000;18.6974;22.0000;0.7026
529;19.4000;18.7079;22.0000;0.6921
530;19.4000;18.7184;22.0000;0.6816
531;19.4000;18.7289;22.0000;0.6711
532;19.4000;18.7394;22.0000;0.6606
533;19.4000;18.7499;22.0000;0.6501
534;19.4000;18.7604;22.0000;0.6396
535;19.5000;18.7709;22.0000;0.7291
536;19.5000;18.7814;22.0000;0.7186
537;19.5000;18.7919;22.0000;0.7081
538;19.6000;18.8023;22.0000;0.7977
539;19.6000;18.8128;22.0000;0.7872
540;19.6000;18.8232;22.0000;0.7768
541;19.6000;18.8336;22.0000;0.7664
542;19.6000;18.8441;22.0000;0.7559
543;19.6000;18.8545;22.0000;0.7455
544;19.6000;18.8649;22.0000;0.7351
545;19.6000;18.8753;22.0000;0.7247
546;19.6000;18.8857;22.0000;0.7143
547;19.6000;18.8961;22.0000;0.7039
548;19.7000;18.9064;22.0000;0.7936
549;19.7000;18.9168;22.0000;0.7832
550;19.7000;18.9272;22.0000;0.7728
551;19.7000;18.9375;22.0000;0.7625
552;19.7000;18.9479;22.0000;0.7521
553;19.7000;18.9582;22.0000;0.7418
554;19.7000;18.9685;22.0000;0.7315
555;19.7000;18.9789;22.0000;0.7211
556;19.8000;18.9892;22.0000;0.8108
557;19.8000;18.9995;22.0000;0.8005
558;19.8000;19.0098;22.0000;0.7902
559;19.8000;19.0201;22.0000;0.7799
560;19.8000;19.0304;22.0000;0.7696
561;19.8000;19.0406;22.0000;0.7594
562;19.8000;19.0509;22.0000;0.7491
563;19.8000;19.0612;22.0000;0.7388
564;19.9000;19.0714;22.0000;0.8286
565;19.9000;19.0817;22.0000;0.8183
566;19.9000;19.0919;22.0000;0.8081
567;19.9000;19.1021;22.0000;0.7979
568;19.9000;19.1124;22.0000;0.7876
569;19.9000;19.1226;22.0000;0.7774
570;19.9000;19.1328;22.0000;0.7672
571;19.9000;19.1430;22.0000;0.7570
572;20.0000;19.1532;22.0000;0.8468
573;20.0000;19.1633;22.0000;0.8367
574;20.0000;19.1735;22.0000;0.8265
575;20.0000;19.1837;22.0000;0.8163
576;20.0000;19.1938;22.0000;0.8062
577;20.0000;19.2040;22.0000;0.7960
578;20.0000;19.2141;22.0000;0.7859
579;20.0000;19.2243;22.0000;0.7757
580;20.0000;19.2344;22.0000;0.7656
581;20.1000;19.2445;22.0000;0.8555
582;20.1000;19.2546;22.0000;0.8454
583;20.1000;19.2647;22.0000;0.8353
584;20.1000;19.2748;22.0000;0.8252
585;20.2000;19.2849;22.0000;0.9151
586;20.2000;19.2950;22.0000;0.9050
587;20.2000;19.3051;22.0000;0.8949
588;20.2000;19.3151;22.0000;0.8849
589;20.2000;19.3252;22.0000;0.8748
590;20.2000;19.3353;22.0000;0.8647
591;20.2000;19.3453;22.0000;0.8547
592;20.2000;19.3553;22.0000;0.8447
593;20.3000;19.3654;22.0000;0.9346
594;20.3000;19.3754;22.0000;0.9246
595;20.3000;19.3854;22.0000;0.9146
596;20.3000;19.3954;22.0000;0.9046
597;20.3000;19.4054;22.0000;0.8946
598;20.3000;19.4154;22.0000;0.8846
599;20.3000;19.4254;22.0000;0.8746
600;20.3000;19.4353;22.0000;0.8647
601;20.3000;19.4453;22.0000;0.8547
602;20.4000;19.4553;22.0000;0.9447
603;20.4000;19.4652;22.0000;0.9348
604;20.4000;19.4752;22.0000;0.9248
605;20.4000;19.4851;22.0000;0.9149
606;20.4000;19.4950;22.0000;0.9050
607;20.4000;19.5050;22.0000;0.8950
608;20.4000;19.5149;11.0000;0.8851
609;20.4000;19.5124;11.0000;0.8876
610;20.4000;19.5099;11.0000;0.8901
611;20.4000;19.5074;11.0000;0.8926
612;20.4000;19.5050;11.0000;0.8950
613;20.5000;19.5025;11.0000;0.9975
614;20.5000;19.5000;11.0000;1.0000
615;20.5000;19.4976;11.0000;1.0024
616;20.5000;19.4951;11.0000;1.0049
617;20.5000;19.4926;11.0000;1.0074
618;20.5000;19.4902;11.0000;1.0098
619;20.5000;19.4877;11.0000;1.0123
620;20.5000;19.4852;11.0000;1.0148
621;20.5000;19.4828;11.0000;1.0172
622;20.5000;19.4803;11.0000;1.0197
623;20.6000;19.4779;11.0000;1.1221
624;20.6000;19.4754;11.0000;1.1246
625;20.6000;19.4730;11.0000;1.1270
626;20.6000;19.4705;11.0000;1.1295
627;20.6000;19.4681;11.0000;1.1319
628;20.6000;19.4656;11.0000;1.1344
629;20.6000;19.4632;11.0000;1.1368
630;20.6000;19.4608;11.0000;1.1392
631;20.7000;19.4583;11.0000;1.2417
632;20.7000;19.4559;11.0000;1.2441
633;20.7000;19.4534;11.0000;1.2466
634;20.8000;19.4510;11.0000;1.3490
635;20.8000;19.4486;11.0000;1.3514
636;20.8000;19.4462;11.0000;1.3538
637;20.8000;19.4437;11.0000;1.3563
638;20.8000;19.4413;11.0000;1.3587
639;20.8000;19.4389;11.0000;1.3611
640;20.8000;19.4365;11.0000;1.3635
641;20.8000;19.4340;11.0000;1.3660
642;20.8000;19.4316;11.0000;1.3684
643;20.8000;19.4292;11.0000;1.3708
644;20.9000;19.4268;11.0000;1.4732
645;20.9000;19.4244;11.0000;1.4756
646;20.9000;19.4220;11.0000;1.4780
647;20.9000;19.4196;11.0000;1.4804
648;20.9000;19.4172;11.0000;1.4828
649;20.9000;19.4147;11.0000;1.4853
650;20.9000;19.4123;11.0000;1.4877
651;20.9000;19.4099;11.0000;1.4901
652;21.0000;19.4075;11.0000;1.5925
653;21.0000;19.4051;11.0000;1.5949
654;21.0000;19.4027;11.0000;1.5973
655;21.0000;19.4004;11.0000;1.5996
656;21.0000;19.3980;11.0000;1.6020
657;21.0000;19.3956;11.0000;1.6044
658;21.0000;19.3932;11.0000;1.6068
659;21.0000;19.3908;11.0000;1.6092
660;21.1000;19.3884;11.0000;1.7116
661;21.1000;19.3860;11.0000;1.7140
662;21.1000;19.3836;11.0000;1.7164
663;21.1000;19.3813;11.0000;1.7187
664;21.1000;19.3789;11.0000;1.7211
665;21.1000;19.3765;11.0000;1.7235
666;21.1000;19.3741;11.0000;1.7259
667;21.1000;19.3718;11.0000;1.7282
668;21.2000;19.3694;11.0000;1.8306
669;21.2000;19.3670;11.0000;1.8330
670;21.2000;19.3647;11.0000;1.8353
671;21.2000;19.3623;11.0000;1.8377
672;21.2000;19.3599;11.0000;1.8401
673;21.3000;19.3576;11.0000;1.9424
674;21.3000;19.3552;11.0000;1.9448
675;21.3000;19.3529;11.0000;1.9471
676;21.3000;19.3505;11.0000;1.9495
677;21.3000;19.3481;11.0000;1.9519
678;21.3000;19.3458;11.0000;1.9542
679;21.3000;19.3434;11.0000;1.9566
680;21.3000;19.3411;11.0000;1.9589
681;21.4000;19.3387;11.0000;2.0613
682;21.4000;19.3364;11.0000;2.0636
683;21.4000;19.3341;11.0000;2.0659
684;21.4000;19.3317;11.0000;2.0683
685;21.4000;19.3294;11.0000;2.0706
686;21.4000;19.3270;11.0000;2.0730
687;21.4000;19.3247;11.0000;2.0753
688;21.4000;19.3224;11.0000;2.0776
689;21.5000;19.3200;11.0000;2.1800
690;21.5000;19.3177;11.0000;2.1823
691;21.5000;19.3154;11.0000;2.1846
692;21.5000;19.3130;11.0000;2.1870
693;21.5000;19.3107;11.0000;2.1893
694;21.5000;19.3084;11.0000;2.1916
695;21.5000;19.3061;11.0000;2.1939
696;21.5000;19.3037;11.0000;2.1963
697;21.5000;19.3014;11.0000;2.1986
698;21.5000;19.2991;11.0000;2.2009
699;21.6000;19.2968;11.0000;2.3032
700;21.6000;19.2945;11.0000;2.3055
701;21.6000;19.2922;11.0000;2.3078
702;21.6000;19.2899;11.0000;2.3101
703;21.6000;19.2876;11.0000;2.3124
704;21.6000;19.2852;11.0000;2.3148
705;21.6000;19.2829;11.0000;2.3171
706;21.6000;19.2806;11.0000;2.3194
707;21.6000;19.2783;11.0000;2.3217
708;21.6000;19.2760;11.0000;2.3240
709;21.6000;19.2737;11.0000;2.3263
710;21.7000;19.2714;11.0000;2.4286
711;21.7000;19.2692;11.0000;2.4308
712;21.7000;19.2669;11.0000;2.4331
713;21.7000;19.2646;11.0000;2.4354
714;21.7000;19.2623;11.0000;2.4377
715;21.8000;19.2600;11.0000;2.5400
716;21.8000;19.2577;11.0000;2.5423
717;21.8000;19.2554;11.0000;2.5446
718;21.8000;19.2531;11.0000;2.5469
719;21.8000;19.2509;11.0000;2.5491
720;21.8000;19.2486;11.0000;2.5514
721;21.8000;19.2463;11.0000;2.5537
722;21.8000;19.2440;11.0000;2.5560
723;21.9000;19.2418;11.0000;2.6582
724;21.9000;19.2395;11.0000;2.6605
725;21.9000;19.2372;11.0000;2.6628
726;21.9000;19.2349;11.0000;2.6651
727;21.9000;19.2327;11.0000;2.6673
728;21.9000;19.2304;11.0000;2.6696
729;21.9000;19.2282;11.0000;2.6718
730;21.9000;19.2259;11.0000;2.6741
731;21.9000;19.2236;11.0000;2.6764
732;22.0000;19.2214;11.0000;2.7786
733;22.0000;19.2191;11.0000;2.7809
734;22.0000;19.2169;11.0000;2.7831
735;22.0000;19.2146;11.0000;2.7854
736;22.0000;19.2124;11.0000;2.7876
737;22.0000;19.2101;11.0000;2.7899
738;22.0000;19.2079;11.0000;2.7921
739;22.0000;19.2056;11.0000;2.7944
740;22.1000;19.2034;11.0000;2.8966
741;22.1000;19.2011;11.0000;2.8989
742;22.1000;19.1989;11.0000;2.9011
743;22.1000;19.1967;11.0000;2.9033
744;22.1000;19.1944;11.0000;2.9056
745;22.1000;19.1922;11.0000;2.9078
746;22.1000;19.1899;11.0000;2.9101
747;22.1000;19.1877;11.0000;2.9123
748;22.2000;19.1855;11.0000;3.0145
749;22.2000;19.1833;11.0000;3.0167
750;22.2000;19.1810;11.0000;3.0190
751;22.2000;19.1788;11.0000;3.0212
752;22.2000;19.1766;11.0000;3.0234
753;22.2000;19.1744;11.0000;3.0256
754;22.2000;19.1721;11.0000;3.0279
755;22.2000;19.1699;11.0000;3.0301
756;22.2000;19.1677;11.0000;3.0323
757;22.2000;19.1655;11.0000;3.0345
758;22.2000;19.1633;11.0000;3.0367
759;22.2000;19.1611;11.0000;3.0389
760;22.2000;19.1589;11.0000;3.0411
761;22.3000;19.1566;11.0000;3.1434
762;22.3000;19.1544;11.0000;3.1456
763;22.3000;19.1522;11.0000;3.1478
764;22.3000;19.1500;11.0000;3.1500
765;22.3000;19.1478;11.0000;3.1522
766;22.3000;19.1456;11.0000;3.1544
767;22.3000;19.1434;11.0000;3.1566
768;22.4000;19.1412;11.0000;3.2588
769;22.4000;19.1390;11.0000;3.2610
770;22.4000;19.1368;11.0000;3.2632
771;22.4000;19.1347;11.0000;3.2653
772;22.4000;19.1325;11.0000;3.2675
773;22.4000;19.1303;11.0000;3.2697
774;22.4000;19.1281;11.0000;3.2719
775;22.4000;19.1259;11.0000;3.2741
776;22.5000;19.1237;11.0000;3.3763
777;22.5000;19.1215;11.0000;3.3785
778;22.5000;19.1194;11.0000;3.3806
779;22.5000;19.1172;11.0000;3.3828
780;22.5000;19.1150;11.0000;3.3850
781;22.5000;19.1128;11.0000;3.3872
782;22.5000;19.1107;11.0000;3.3893
783;22.5000;19.1085;11.0000;3.3915
784;22.5000;19.1063;11.0000;3.3937
785;22.5000;19.1041;11.0000;3.3959
786;22.5000;19.1020;11.0000;3.3980
787;22.5000;19.0998;11.0000;3.4002
788;22.5000;19.0977;11.0000;3.4023
789;22.6000;19.0955;11.0000;3.5045
790;22.6000;19.0933;11.0000;3.5067
791;22.6000;19.0912;11.0000;3.5088
792;22.6000;19.0890;11.0000;3.5110
793;22.6000;19.0869;11.0000;3.5131
794;22.6000;19.0847;11.0000;3.5153
795;22.6000;19.0826;11.0000;3.5174
796;22.6000;19.0804;11.0000;3.5196
797;22.7000;19.0783;11.0000;3.6217
798;22.7000;19.0761;11.0000;3.6239
799;22.7000;19.0740;11.0000;3.6260
800;22.7000;19.0718;11.0000;3.6282
801;22.7000;19.0697;11.0000;3.6303
802;22.7000;19.0675;11.0000;3.6325
803;22.7000;19.0654;11.0000;3.6346
804;22.7000;19.0633;11.0000;3.6367
805;22.7000;19.0611;11.0000;3.6389
806;22.7000;19.0590;11.0000;3.6410
807;22.7000;19.0569;11.0000;3.6431
808;22.7000;19.0547;11.0000;3.6453
809;22.7000;19.0526;11.0000;3.6474
810;22.8000;19.0505;11.0000;3.7495
811;22.8000;19.0483;11.0000;3.7517
812;22.8000;19.0462;11.0000;3.7538
813;22.8000;19.0441;11.0000;3.7559
814;22.8000;19.0420;11.0000;3.7580
815;22.8000;19.0399;11.0000;3.7601
816;22.8000;19.0377;11.0000;3.7623
817;22.8000;19.0356;11.0000;3.7644
818;22.8000;19.0335;11.0000;3.7665
819;22.8000;19.0314;11.0000;3.7686
820;22.8000;19.0293;11.0000;3.7707
821;22.8000;19.0272;11.0000;3.7728
822;22.8000;19.0251;11.0000;3.7749
823;22.9000;19.0230;11.0000;3.8770
824;22.9000;19.0209;11.0000;3.8791
825;22.9000;19.0188;11.0000;3.8812
826;22.9000;19.0167;11.0000;3.8833
827;22.9000;19.0146;11.0000;3.8854
828;22.9000;19.0125;11.0000;3.8875
829;22.9000;19.0104;11.0000;3.8896
830;22.9000;19.0083;11.0000;3.8917
831;22.9000;19.0062;11.0000;3.8938
832;22.9000;19.0041;11.0000;3.8959
833;22.9000;19.0020;11.0000;3.8980
834;22.9000;18.9999;11.0000;3.9001
835;22.9000;18.9978;11.0000;3.9022
836;22.9000;18.9957;11.0000;3.9043
837;22.9000;18.9936;11.0000;3.9064
838;22.9000;18.9916;11.0000;3.9084
839;22.9000;18.9895;11.0000;3.9105
840;22.9000;18.9874;11.0000;3.9126
841;22.9000;18.9853;11.0000;3.9147
842;22.9000;18.9832;11.0000;3.9168
843;22.9000;18.9812;11.0000;3.9188
844;23.0000;18.9791;11.0000;4.0209
845;23.0000;18.9770;11.0000;4.0230
846;23.0000;18.9750;11.0000;4.0250
847;23.0000;18.9729;11.0000;4.0271
848;23.0000;18.9708;11.0000;4.0292
849;23.0000;18.9688;11.0000;4.0312
850;23.0000;18.9667;11.0000;4.0333
851;23.0000;18.9646;11.0000;4.0354
852;23.0000;18.9626;11.0000;4.0374
853;23.0000;18.9605;11.0000;4.0395
854;23.0000;18.9585;11.0000;4.0415
855;23.0000;18.9564;11.0000;4.0436
856;23.0000;18.9543;11.0000;4.0457
857;23.0000;18.9523;11.0000;4.0477
858;23.0000;18.9502;11.0000;4.0498
859;23.0000;18.9482;11.0000;4.0518
860;23.0000;18.9461;11.0000;4.0539
861;23.0000;18.9441;11.0000;4.0559
862;23.0000;18.9421;11.0000;4.0579
863;23.0000;18.9400;11.0000;4.0600
864;23.0000;18.9380;11.0000;4.0620
865;22.9000;18.9359;11.0000;3.9641
866;22.9000;18.9339;11.0000;3.9661
867;22.9000;18.9319;11.0000;3.9681
868;22.9000;18.9298;11.0000;3.9702
869;22.9000;18.9278;11.0000;3.9722
870;22.9000;18.9257;11.0000;3.9743
871;22.9000;18.9237;11.0000;3.9763
872;22.9000;18.9217;11.0000;3.9783
873;22.9000;18.9197;11.0000;3.9803
874;22.9000;18.9176;11.0000;3.9824
875;22.9000;18.9156;11.0000;3.9844
876;22.9000;18.9136;11.0000;3.9864
877;22.9000;18.9116;11.0000;3.9884
878;22.9000;18.9095;11.0000;3.9905
879;22.9000;18.9075;11.0000;3.9925
880;22.9000;18.9055;11.0000;3.9945
881;22.9000;18.9035;11.0000;3.9965
882;22.9000;18.9015;11.0000;3.9985
883;22.9000;18.8995;11.0000;4.0005
884;22.9000;18.8975;11.0000;4.0025
885;22.9000;18.8954;11.0000;4.0046
886;22.9000;18.8934;11.0000;4.0066
887;22.9000;18.8914;11.0000;4.0086
888;22.9000;18.8894;11.0000;4.0106
889;22.9000;18.8874;11.0000;4.0126
890;22.9000;18.8854;11.0000;4.0146
891;22.8000;18.8834;11.0000;3.9166
892;22.8000;18.8814;11.0000;3.9186
893;22.8000;18.8794;11.0000;3.9206
894;22.8000;18.8774;11.0000;3.9226
895;22.8000;18.8754;11.0000;3.9246
896;22.8000;18.8734;11.0000;3.9266
897;22.8000;18.8715;11.0000;3.9285
898;22.8000;18.8695;11.0000;3.9305
899;22.8000;18.8675;11.0000;3.9325
900;22.8000;18.8655;11.0000;3.9345
901;22.8000;18.8635;11.0000;3.9365
902;22.8000;18.8615;11.0000;3.9385
903;22.8000;18.8595;11.0000;3.9405
904;22.8000;18.8576;11.0000;3.9424
905;22.8000;18.8556;11.0000;3.9444
906;22.8000;18.8536;11.0000;3.9464
907;22.7000;18.8516;11.0000;3.8484
908;22.7000;18.8497;11.0000;3.8503
909;22.7000;18.8477;11.0000;3.8523
910;22.7000;18.8457;11.0000;3.8543
911;22.7000;18.8437;11.0000;3.8563
912;22.7000;18.8418;11.0000;3.8582
913;22.7000;18.8398;11.0000;3.8602
914;22.7000;18.8378;11.0000;3.8622
915;22.7000;18.8359;11.0000;3.8641
916;22.7000;18.8339;11.0000;3.8661
917;22.7000;18.8320;11.0000;3.8680
918;22.7000;18.8300;11.0000;3.8700
919;22.7000;18.8280;11.0000;3.8720
920;22.7000;18.8261;11.0000;3.8739
921;22.7000;18.8241;11.0000;3.8759
922;22.7000;18.8222;11.0000;3.8778
923;22.7000;18.8202;11.0000;3.8798
924;22.7000;18.8183;11.0000;3.8817
925;22.6000;18.8163;11.0000;3.7837
926;22.6000;18.8144;11.0000;3.7856
927;22.6000;18.8124;11.0000;3.7876
928;22.6000;18.8105;11.0000;3.7895
929;22.6000;18.8085;11.0000;3.7915
930;22.6000;18.8066;11.0000;3.7934
931;22.6000;18.8047;11.0000;3.7953
932;22.6000;18.8027;11.0000;3.7973
933;22.6000;18.8008;11.0000;3.7992
934;22.6000;18.7988;11.0000;3.8012
935;22.6000;18.7969;11.0000;3.8031
936;22.6000;18.7950;11.0000;3.8050
937;22.6000;18.7931;11.0000;3.8069
938;22.6000;18.7911;11.0000;3.8089
939;22.6000;18.7892;11.0000;3.8108
940;22.6000;18.7873;11.0000;3.8127
941;22.5000;18.7853;11.0000;3.7147
942;22.5000;18.7834;11.0000;3.7166
943;22.5000;18.7815;11.0000;3.7185
944;22.5000;18.7796;11.0000;3.7204
945;22.5000;18.7777;11.0000;3.7223
946;22.5000;18.7757;11.0000;3.7243
947;22.5000;18.7738;11.0000;3.7262
948;22.5000;18.7719;11.0000;3.7281
949;22.5000;18.7700;11.0000;3.7300
950;22.5000;18.7681;11.0000;3.7319
951;22.5000;18.7662;11.0000;3.7338
952;22.5000;18.7643;11.0000;3.7357
953;22.5000;18.7624;11.0000;3.7376
954;22.5000;18.7604;11.0000;3.7396
955;22.5000;18.7585;11.0000;3.7415
956;22.5000;18.7566;11.0000;3.7434
957;22.4000;18.7547;11.0000;3.6453
958;22.4000;18.7528;11.0000;3.6472
959;22.4000;18.7509;11.0000;3.6491
960;22.4000;18.7490;11.0000;3.6510
961;22.4000;18.7471;11.0000;3.6529
962;22.4000;18.7452;11.0000;3.6548
963;22.4000;18.7434;11.0000;3.6566
964;22.4000;18.7415;11.0000;3.6585
965;22.4000;18.7396;11.0000;3.6604
966;22.4000;18.7377;11.0000;3.6623
967;22.4000;18.7358;11.0000;3.6642
968;22.4000;18.7339;11.0000;3.6661
969;22.4000;18.7320;11.0000;3.6680
970;22.4000;18.7301;11.0000;3.6699
971;22.3000;18.7283;11.0000;3.5717
972;22.3000;18.7264;11.0000;3.5736
973;22.3000;18.7245;11.0000;3.5755
974;22.3000;18.7226;11.0000;3.5774
975;22.3000;18.7207;11.0000;3.5793
976;22.3000;18.7189;11.0000;3.5811
977;22.3000;18.7170;11.0000;3.5830
978;22.3000;18.7151;11.0000;3.5849
979;22.3000;18.7133;11.0000;3.5867
980;22.3000;18.7114;11.0000;3.5886
981;22.3000;18.7095;11.0000;3.5905
982;22.3000;18.7077;11.0000;3.5923
983;22.3000;18.7058;11.0000;3.5942
984;22.2000;18.7039;11.0000;3.4961
985;22.2000;18.7021;11.0000;3.4979
986;22.2000;18.7002;11.0000;3.4998
987;22.2000;18.6983;11.0000;3.5017
988;22.2000;18.6965;11.0000;3.5035
989;22.2000;18.6946;11.0000;3.5054
990;22.2000;18.6928;11.0000;3.5072
991;22.2000;18.6909;11.0000;3.5091
992;22.2000;18.6891;11.0000;3.5109
993;22.2000;18.6872;11.0000;3.5128
994;22.2000;18.6854;11.0000;3.5146
995;22.2000;18.6835;11.0000;3.5165
996;22.2000;18.6817;11.0000;3.5183
997;22.1000;18.6798;11.0000;3.4202
998;22.1000;18.6780;11.0000;3.4220
999;22.1000;18.6761;11.0000;3.4239
1000;22.1000;18.6743;11.0000;3.4257
1001;22.1000;18.6725;11.0000;3.4275
1002;22.1000;18.6706;11.0000;3.4294
1003;22.1000;18.6688;11.0000;3.4312
1004;22.1000;18.6670;11.0000;3.4330
1005;22.1000;18.6651;11.0000;3.4349
1006;22.1000;18.6633;11.0000;3.4367
1007;22.1000;18.6615;11.0000;3.4385
1008;22.1000;18.6596;11.0000;3.4404
1009;22.0000;18.6578;11.0000;3.3422
1010;22.0000;18.6560;11.0000;3.3440
1011;22.0000;18.6542;11.0000;3.3458
1012;22.0000;18.6523;11.0000;3.3477
1013;22.0000;18.6505;11.0000;3.3495
1014;22.0000;18.6487;11.0000;3.3513
1015;22.0000;18.6469;11.0000;3.3531
1016;22.0000;18.6450;11.0000;3.3550
1017;21.9000;18.6432;11.0000;3.2568
1018;21.9000;18.6414;11.0000;3.2586
1019;21.9000;18.6396;11.0000;3.2604
1020;21.9000;18.6378;11.0000;3.2622
1021;21.9000;18.6360;11.0000;3.2640
1022;21.9000;18.6342;11.0000;3.2658
1023;21.9000;18.6324;11.0000;3.2676
1024;21.9000;18.6305;11.0000;3.2695
1025;21.9000;18.6287;11.0000;3.2713
1026;21.9000;18.6269;11.0000;3.2731
1027;21.9000;18.6251;11.0000;3.2749
1028;21.9000;18.6233;11.0000;3.2767
1029;21.9000;18.6215;11.0000;3.2785
1030;21.8000;18.6197;11.0000;3.1803
1031;21.8000;18.6179;11.0000;3.1821
1032;21.8000;18.6161;11.0000;3.1839
1033;21.8000;18.6143;11.0000;3.1857
1034;21.8000;18.6126;11.0000;3.1874
1035;21.8000;18.6108;11.0000;3.1892
1036;21.8000;18.6090;11.0000;3.1910
1037;21.8000;18.6072;11.0000;3.1928
1038;21.7000;18.6054;11.0000;3.0946
1039;21.7000;18.6036;11.0000;3.0964
1040;21.7000;18.6018;11.0000;3.0982
1041;21.7000;18.6000;11.0000;3.1000
1042;21.7000;18.5983;11.0000;3.1017
1043;21.7000;18.5965;11.0000;3.1035
1044;21.7000;18.5947;11.0000;3.1053
1045;21.7000;18.5929;11.0000;3.1071
1046;21.7000;18.5911;11.0000;3.1089
1047;21.6000;18.5894;11.0000;3.0106
1048;21.6000;18.5876;11.0000;3.0124
1049;21.6000;18.5858;11.0000;3.0142
1050;21.6000;18.5840;11.0000;3.0160
1051;21.6000;18.5823;11.0000;3.0177
1052;21.6000;18.5805;11.0000;3.0195
1053;21.6000;18.5787;11.0000;3.0213
1054;21.6000;18.5770;11.0000;3.0230
1055;21.6000;18.5752;11.0000;3.0248
1056;21.6000;18.5734;11.0000;3.0266
1057;21.6000;18.5717;11.0000;3.0283
1058;21.6000;18.5699;11.0000;3.0301
1059;21.5000;18.5682;11.0000;2.9318
1060;21.5000;18.5664;11.0000;2.9336
1061;21.5000;18.5646;11.0000;2.9354
1062;21.5000;18.5629;11.0000;2.9371
1063;21.5000;18.5611;11.0000;2.9389
1064;21.5000;18.5594;11.0000;2.9406
1065;21.5000;18.5576;11.0000;2.9424
1066;21.5000;18.5559;11.0000;2.9441
1067;21.4000;18.5541;11.0000;2.8459
1068;21.4000;18.5524;11.0000;2.8476
1069;21.4000;18.5506;11.0000;2.8494
1070;21.4000;18.5489;11.0000;2.8511
1071;21.4000;18.5471;11.0000;2.8529
1072;21.4000;18.5454;11.0000;2.8546
1073;21.4000;18.5437;11.0000;2.8563
1074;21.4000;18.5419;11.0000;2.8581
1075;21.4000;18.5402;11.0000;2.8598
1076;21.4000;18.5384;11.0000;2.8616
1077;21.4000;18.5367;11.0000;2.8633
1078;21.4000;18.5350;11.0000;2.8650
1079;21.4000;18.5332;11.0000;2.8668
1080;21.3000;18.5315;11.0000;2.7685
1081;21.3000;18.5298;11.0000;2.7702
1082;21.3000;18.5280;11.0000;2.7720
1083;21.3000;18.5263;11.0000;2.7737
1084;21.3000;18.5246;11.0000;2.7754
1085;21.3000;18.5229;11.0000;2.7771
1086;21.3000;18.5211;11.0000;2.7789
1087;21.3000;18.5194;11.0000;2.7806
1088;21.3000;18.5177;11.0000;2.7823
1089;21.3000;18.5160;11.0000;2.7840
1090;21.3000;18.5143;11.0000;2.7857
1091;21.3000;18.5125;11.0000;2.7875
1092;21.3000;18.5108;11.0000;2.7892
1093;21.2000;18.5091;11.0000;2.6909
1094;21.2000;18.5074;11.0000;2.6926
1095;21.2000;18.5057;11.0000;2.6943
1096;21.2000;18.5040;11.0000;2.6960
1097;21.2000;18.5023;11.0000;2.6977
1098;21.2000;18.5006;11.0000;2.6994
1099;21.2000;18.4989;11.0000;2.7011
1100;21.2000;18.4971;11.0000;2.7029
1101;21.1000;18.4954;11.0000;2.6046
1102;21.1000;18.4937;11.0000;2.6063
1103;21.1000;18.4920;11.0000;2.6080
1104;21.1000;18.4903;11.0000;2.6097
1105;21.1000;18.4886;11.0000;2.6114
1106;21.1000;18.4869;11.0000;2.6131
1107;21.1000;18.4852;11.0000;2.6148
1108;21.1000;18.4836;11.0000;2.6164
1109;21.0000;18.4819;11.0000;2.5181
1110;21.0000;18.4802;11.0000;2.5198
1111;21.0000;18.4785;11.0000;2.5215
1112;21.0000;18.4768;11.0000;2.5232
1113;21.0000;18.4751;11.0000;2.5249
1114;20.9000;18.4734;11.0000;2.4266
1115;20.9000;18.4717;11.0000;2.4283
1116;20.9000;18.4700;11.0000;2.4300
1117;20.9000;18.4684;11.0000;2.4316
1118;20.9000;18.4667;11.0000;2.4333
1119;20.9000;18.4650;11.0000;2.4350
1120;20.9000;18.4633;11.0000;2.4367
1121;20.9000;18.4616;11.0000;2.4384
1122;20.8000;18.4600;11.0000;2.3400
1123;20.8000;18.4583;11.0000;2.3417
1124;20.8000;18.4566;11.0000;2.3434
1125;20.8000;18.4549;11.0000;2.3451
1126;20.8000;18.4533;11.0000;2.3467
1127;20.8000;18.4516;11.0000;2.3484
1128;20.8000;18.4499;11.0000;2.3501
1129;20.8000;18.4482;11.0000;2.3518
1130;20.8000;18.4466;11.0000;2.3534
1131;20.8000;18.4449;11.0000;2.3551
1132;20.7000;18.4433;11.0000;2.2567
1133;20.7000;18.4416;11.0000;2.2584
1134;20.7000;18.4399;11.0000;2.2601
1135;20.7000;18.4383;11.0000;2.2617
1136;20.7000;18.4366;11.0000;2.2634
1137;20.7000;18.4349;11.0000;2.2651
1138;20.7000;18.4333;11.0000;2.2667
1139;20.7000;18.4316;11.0000;2.2684
1140;20.6000;18.4300;11.0000;2.1700
1141;20.6000;18.4283;11.0000;2.1717
1142;20.6000;18.4267;11.0000;2.1733
1143;20.6000;18.4250;11.0000;2.1750
1144;20.6000;18.4234;11.0000;2.1766
1145;20.6000;18.4217;11.0000;2.1783
1146;20.6000;18.4201;11.0000;2.1799
1147;20.6000;18.4184;11.0000;2.1816
1148;20.6000;18.4168;11.0000;2.1832
1149;20.5000;18.4151;11.0000;2.0849
1150;20.5000;18.4135;11.0000;2.0865
1151;20.5000;18.4119;11.0000;2.0881
1152;20.5000;18.4102;11.0000;2.0898
1153;20.5000;18.4086;11.0000;2.0914
1154;20.5000;18.4070;11.0000;2.0930
1155;20.5000;18.4053;11.0000;2.0947
1156;20.5000;18.4037;11.0000;2.0963
1157;20.5000;18.4020;11.0000;2.0980
1158;20.5000;18.4004;11.0000;2.0996
1159;20.5000;18.3988;11.0000;2.1012
1160;20.5000;18.3972;11.0000;2.1028
1161;20.4000;18.3955;11.0000;2.0045
1162;20.4000;18.3939;11.0000;2.0061
1163;20.4000;18.3923;11.0000;2.0077
1164;20.4000;18.3907;11.0000;2.0093
1165;20.3000;18.3890;11.0000;1.9110
1166;20.3000;18.3874;11.0000;1.9126
1167;20.3000;18.3858;11.0000;1.9142
1168;20.3000;18.3842;11.0000;1.9158
1169;20.3000;18.3825;11.0000;1.9175
1170;20.3000;18.3809;11.0000;1.9191
1171;20.3000;18.3793;11.0000;1.9207
1172;20.3000;18.3777;11.0000;1.9223
1173;20.3000;18.3761;11.0000;1.9239
1174;20.3000;18.3745;11.0000;1.9255
1175;20.3000;18.3729;11.0000;1.9271
1176;20.3000;18.3713;11.0000;1.9287
1177;20.3000;18.3696;11.0000;1.9304
1178;20.2000;18.3680;11.0000;1.8320
1179;20.2000;18.3664;11.0000;1.8336
1180;20.2000;18.3648;11.0000;1.8352
1181;20.2000;18.3632;11.0000;1.8368
1182;20.2000;18.3616;11.0000;1.8384
1183;20.2000;18.3600;11.0000;1.8400
1184;20.2000;18.3584;11.0000;1.8416
1185;20.2000;18.3568;11.0000;1.8432
1186;20.1000;18.3552;11.0000;1.7448
1187;20.1000;18.3536;11.0000;1.7464
1188;20.1000;18.3520;11.0000;1.7480
1189;20.1000;18.3504;11.0000;1.7496
1190;20.1000;18.3488;11.0000;1.7512
1191;20.1000;18.3473;11.0000;1.7527
1192;20.1000;18.3457;11.0000;1.7543
1193;20.1000;18.3441;11.0000;1.7559
1194;20.1000;18.3425;11.0000;1.7575
1195;20.1000;18.3409;11.0000;1.7591
1196;20.1000;18.3393;11.0000;1.7607
1197;20.1000;18.3377;11.0000;1.7623
1198;20.1000;18.3362;11.0000;1.7638
1199;20.1000;18.3346;11.0000;1.7654
1200;20.1000;18.3330;11.0000;1.7670
1201;20.1000;18.3314;11.0000;1.7686
1202;20.1000;18.3298;11.0000;1.7702
1203;20.0000;18.3283;11.0000;1.6717
1204;20.0000;18.3267;11.0000;1.6733
1205;20.0000;18.3251;11.0000;1.6749
1206;20.0000;18.3235;11.0000;1.6765
1207;20.0000;18.3220;11.0000;1.6780
1208;20.0000;18.3204;11.0000;1.6796
1209;20.0000;18.3188;11.0000;1.6812
1210;20.0000;18.3173;11.0000;1.6827
1211;20.0000;18.3157;11.0000;1.6843
1212;20.0000;18.3141;11.0000;1.6859
1213;20.0000;18.3126;11.0000;1.6874
1214;20.0000;18.3110;11.0000;1.6890
1215;20.0000;18.3094;11.0000;1.6906
1216;19.9000;18.3079;11.0000;1.5921
1217;19.9000;18.3063;11.0000;1.5937
1218;19.9000;18.3047;11.0000;1.5953
1219;19.9000;18.3032;11.0000;1.5968
1220;19.9000;18.3016;11.0000;1.5984
1221;19.9000;18.3001;11.0000;1.5999
1222;19.9000;18.2985;11.0000;1.6015
1223;19.9000;18.2970;11.0000;1.6030
1224;19.9000;18.2954;11.0000;1.6046
1225;19.9000;18.2939;11.0000;1.6061
1226;19.9000;18.2923;11.0000;1.6077
1227;19.9000;18.2908;11.0000;1.6092
1228;19.9000;18.2892;11.0000;1.6108
1229;19.8000;18.2877;11.0000;1.5123
1230;19.8000;18.2861;11.0000;1.5139
1231;19.8000;18.2846;11.0000;1.5154
1232;19.8000;18.2830;11.0000;1.5170
1233;19.8000;18.2815;11.0000;1.5185
1234;19.8000;18.2800;11.0000;1.5200
1235;19.8000;18.2784;11.0000;1.5216
1236;19.8000;18.2769;11.0000;1.5231
1237;19.8000;18.2754;11.0000;1.5246
1238;19.8000;18.2738;11.0000;1.5262
1239;19.8000;18.2723;11.0000;1.5277
1240;19.8000;18.2707;11.0000;1.5293
1241;19.8000;18.2692;11.0000;1.5308
1242;19.8000;18.2677;11.0000;1.5323
1243;19.8000;18.2662;11.0000;1.5338
1244;19.8000;18.2646;11.0000;1.5354
1245;19.7000;18.2631;11.0000;1.4369
1246;19.7000;18.2616;11.0000;1.4384
1247;19.7000;18.2601;11.0000;1.4399
1248;19.7000;18.2585;11.0000;1.4415
1249;19.7000;18.2570;11.0000;1.4430
1250;19.7000;18.2555;11.0000;1.4445
1251;19.7000;18.2540;11.0000;1.4460
1252;19.7000;18.2524;11.0000;1.4476
1253;19.7000;18.2509;11.0000;1.4491
1254;19.7000;18.2494;11.0000;1.4506
1255;19.7000;18.2479;11.0000;1.4521
1256;19.7000;18.2464;11.0000;1.4536
1257;19.7000;18.2449;11.0000;1.4551
1258;19.7000;18.2434;11.0000;1.4566
1259;19.7000;18.2418;11.0000;1.4582
1260;19.7000;18.2403;11.0000;1.4597
1261;19.7000;18.2388;11.0000;1.4612
1262;19.7000;18.2373;11.0000;1.4627
1263;19.7000;18.2358;11.0000;1.4642
1264;19.7000;18.2343;11.0000;1.4657
1265;19.7000;18.2328;11.0000;1.4672
1266;19.7000;18.2313;11.0000;1.4687
1267;19.6000;18.2298;11.0000;1.3702
1268;19.6000;18.2283;11.0000;1.3717
1269;19.6000;18.2268;11.0000;1.3732
1270;19.6000;18.2253;11.0000;1.3747
1271;19.6000;18.2238;11.0000;1.3762
1272;19.6000;18.2223;11.0000;1.3777
1273;19.6000;18.2208;11.0000;1.3792
1274;19.6000;18.2193;11.0000;1.3807
1275;19.6000;18.2178;11.0000;1.3822
1276;19.6000;18.2163;11.0000;1.3837
1277;19.6000;18.2148;11.0000;1.3852
1278;19.6000;18.2134;11.0000;1.3866
1279;19.6000;18.2119;11.0000;1.3881
1280;19.6000;18.2104;11.0000;1.3896
1281;19.6000;18.2089;11.0000;1.3911
1282;19.6000;18.2074;11.0000;1.3926
1283;19.5000;18.2059;11.0000;1.2941
1284;19.5000;18.2044;11.0000;1.2956
1285;19.5000;18.2030;11.0000;1.2970
1286;19.5000;18.2015;11.0000;1.2985
1287;19.5000;18.2000;11.0000;1.3000
1288;19.5000;18.1985;11.0000;1.3015
1289;19.5000;18.1970;11.0000;1.3030
1290;19.5000;18.1956;11.0000;1.3044
1291;19.5000;18.1941;11.0000;1.3059
1292;19.5000;18.1926;11.0000;1.3074
1293;19.5000;18.1911;11.0000;1.3089
1294;19.5000;18.1897;11.0000;1.3103
1295;19.5000;18.1882;11.0000;1.3118
1296;19.5000;18.1867;11.0000;1.3133
1297;19.5000;18.1853;11.0000;1.3147
1298;19.5000;18.1838;11.0000;1.3162
1299;19.5000;18.1823;11.0000;1.3177
1300;19.5000;18.1809;11.0000;1.3191
1301;19.4000;18.1794;11.0000;1.2206
1302;19.4000;18.1779;11.0000;1.2221
1303;19.4000;18.1765;11.0000;1.2235
1304;19.4000;18.1750;11.0000;1.2250
1305;19.4000;18.1736;11.0000;1.2264
1306;19.4000;18.1721;11.0000;1.2279
1307;19.4000;18.1707;11.0000;1.2293
1308;19.4000;18.1692;11.0000;1.2308
1309;19.4000;18.1677;11.0000;1.2323
1310;19.4000;18.1663;11.0000;1.2337
1311;19.4000;18.1648;11.0000;1.2352
1312;19.4000;18.1634;11.0000;1.2366
1313;19.4000;18.1619;11.0000;1.2381
1314;19.4000;18.1605;11.0000;1.2395
1315;19.4000;18.1590;11.0000;1.2410
1316;19.4000;18.1576;11.0000;1.2424
1317;19.4000;18.1561;11.0000;1.2439
1318;19.4000;18.1547;11.0000;1.2453
1319;19.4000;18.1533;11.0000;1.2467
1320;19.4000;18.1518;11.0000;1.2482
1321;19.4000;18.1504;11.0000;1.2496
1322;19.4000;18.1489;11.0000;1.2511
1323;19.4000;18.1475;11.0000;1.2525
1324;19.4000;18.1461;11.0000;1.2539
1325;19.4000;18.1446;11.0000;1.2554
1326;19.3000;18.1432;11.0000;1.1568
1327;19.3000;18.1418;11.0000;1.1582
1328;19.3000;18.1403;11.0000;1.1597
1329;19.3000;18.1389;11.0000;1.1611
1330;19.3000;18.1375;11.0000;1.1625
1331;19.3000;18.1360;11.0000;1.1640
1332;19.3000;18.1346;11.0000;1.1654
1333;19.3000;18.1332;11.0000;1.1668
1334;19.3000;18.1317;11.0000;1.1683
1335;19.3000;18.1303;11.0000;1.1697
1336;19.3000;18.1289;11.0000;1.1711
1337;19.3000;18.1275;11.0000;1.1725
1338;19.3000;18.1260;11.0000;1.1740
1339;19.3000;18.1246;11.0000;1.1754
1340;19.3000;18.1232;11.0000;1.1768
1341;19.3000;18.1218;11.0000;1.1782
1342;19.3000;18.1204;11.0000;1.1796
1343;19.3000;18.1189;11.0000;1.1811
1344;19.3000;18.1175;11.0000;1.1825
1345;19.3000;18.1161;11.0000;1.1839
1346;19.3000;18.1147;11.0000;1.1853
1347;19.2000;18.1133;11.0000;1.0867
1348;19.2000;18.1119;11.0000;1.0881
1349;19.2000;18.1105;11.0000;1.0895
1350;19.2000;18.1091;11.0000;1.0909
1351;19.2000;18.1076;11.0000;1.0924
1352;19.2000;18.1062;11.0000;1.0938
1353;19.2000;18.1048;11.0000;1.0952
1354;19.2000;18.1034;11.0000;1.0966
1355;19.2000;18.1020;11.0000;1.0980
1356;19.2000;18.1006;11.0000;1.0994
1357;19.2000;18.0992;11.0000;1.1008
1358;19.2000;18.0978;11.0000;1.1022
1359;19.2000;18.0964;11.0000;1.1036
1360;19.2000;18.0950;11.0000;1.1050
1361;19.2000;18.0936;11.0000;1.1064
1362;19.2000;18.0922;11.0000;1.1078
1363;19.2000;18.0908;11.0000;1.1092
1364;19.2000;18.0894;11.0000;1.1106
1365;19.2000;18.0880;11.0000;1.1120
1366;19.2000;18.0866;11.0000;1.1134
1367;19.2000;18.0853;11.0000;1.1147
1368;19.1000;18.0839;11.0000;1.0161
1369;19.1000;18.0825;11.0000;1.0175
1370;19.1000;18.0811;11.0000;1.0189
1371;19.1000;18.0797;11.0000;1.0203
1372;19.1000;18.0783;11.0000;1.0217
1373;19.1000;18.0769;11.0000;1.0231
1374;19.1000;18.0755;11.0000;1.0245
1375;19.1000;18.0742;11.0000;1.0258
1376;19.1000;18.0728;11.0000;1.0272
1377;19.1000;18.0714;11.0000;1.0286
1378;19.1000;18.0700;11.0000;1.0300
1379;19.1000;18.0686;11.0000;1.0314
1380;19.1000;18.0673;11.0000;1.0327
1381;19.1000;18.0659;11.0000;1.0341
1382;19.1000;18.0645;11.0000;1.0355
1383;19.1000;18.0631;11.0000;1.0369
1384;19.1000;18.0618;11.0000;1.0382
1385;19.1000;18.0604;11.0000;1.0396
1386;19.1000;18.0590;11.0000;1.0410
1387;19.1000;18.0576;11.0000;1.0424
1388;19.1000;18.0563;11.0000;1.0437
1389;19.0000;18.0549;11.0000;0.9451
1390;19.0000;18.0535;11.0000;0.9465
1391;19.0000;18.0522;11.0000;0.9478
1392;19.0000;18.0508;11.0000;0.9492
1393;19.0000;18.0494;11.0000;0.9506
1394;19.0000;18.0481;11.0000;0.9519
1395;19.0000;18.0467;11.0000;0.9533
1396;19.0000;18.0454;11.0000;0.9546
1397;19.0000;18.0440;11.0000;0.9560
1398;19.0000;18.0426;11.0000;0.9574
1399;19.0000;18.0413;11.0000;0.9587
1400;19.0000;18.0399;11.0000;0.9601
1401;19.0000;18.0386;11.0000;0.9614
1402;19.0000;18.0372;11.0000;0.9628
1403;19.0000;18.0359;11.0000;0.9641
1404;19.0000;18.0345;11.0000;0.9655
1405;19.0000;18.0332;11.0000;0.9668
1406;19.0000;18.0318;11.0000;0.9682
1407;19.0000;18.0305;11.0000;0.9695
1408;19.0000;18.0291;11.0000;0.9709
1409;19.0000;18.0278;11.0000;0.9722
1410;19.0000;18.0264;11.0000;0.9736
1411;19.0000;18.0251;11.0000;0.9749
1412;19.0000;18.0237;11.0000;0.9763
1413;18.9000;18.0224;11.0000;0.8776
1414;18.9000;18.0210;11.0000;0.8790
1415;18.9000;18.0197;11.0000;0.8803
1416;18.9000;18.0183;11.0000;0.8817
1417;18.9000;18.0170;11.0000;0.8830
1418;18.9000;18.0157;11.0000;0.8843
1419;18.9000;18.0143;11.0000;0.8857
1420;18.9000;18.0130;11.0000;0.8870
1421;18.9000;18.0117;11.0000;0.8883
1422;18.9000;18.0103;11.0000;0.8897
1423;18.9000;18.0090;11.0000;0.8910
1424;18.9000;18.0077;11.0000;0.8923
1425;18.9000;18.0063;11.0000;0.8937
1426;18.9000;18.0050;11.0000;0.8950
1427;18.9000;18.0037;11.0000;0.8963
1428;18.9000;18.0023;11.0000;0.8977
1429;18.9000;18.0010;11.0000;0.8990
1430;18.9000;17.9997;11.0000;0.9003
1431;18.9000;17.9984;11.0000;0.9016
1432;18.9000;17.9970;11.0000;0.9030
1433;18.9000;17.9957;11.0000;0.9043
1434;18.8000;17.9944;11.0000;0.8056
1435;18.8000;17.9931;11.0000;0.8069
1436;18.8000;17.9918;11.0000;0.8082
1437;18.8000;17.9904;11.0000;0.8096
1438;18.8000;17.9891;11.0000;0.8109
1439;18.8000;17.9878;11.0000;0.8122
1440;18.8000;17.9865;11.0000;0.8135
1441;18.8000;17.9852;11.0000;0.8148
1442;18.8000;17.9838;11.0000;0.8162
1443;18.8000;17.9825;11.0000;0.8175
1444;18.8000;17.9812;11.0000;0.8188
1445;18.8000;17.9799;11.0000;0.8201
1446;18.8000;17.9786;11.0000;0.8214
1447;18.8000;17.9773;11.0000;0.8227
1448;18.8000;17.9760;11.0000;0.8240
1449;18.8000;17.9747;11.0000;0.8253
1450;18.8000;17.9734;11.0000;0.8266
1451;18.7000;17.9721;11.0000;0.7279
1452;18.7000;17.9708;11.0000;0.7292
1453;18.7000;17.9695;11.0000;0.7305
1454;18.7000;17.9682;11.0000;0.7318
1455;18.7000;17.9669;11.0000;0.7331
1456;18.7000;17.9656;11.0000;0.7344
1457;18.7000;17.9643;11.0000;0.7357
1458;18.7000;17.9630;11.0000;0.7370
1459;18.7000;17.9617;11.0000;0.7383
1460;18.7000;17.9604;11.0000;0.7396
1461;18.7000;17.9591;11.0000;0.7409
1462;18.7000;17.9578;11.0000;0.7422
1463;18.7000;17.9565;11.0000;0.7435
1464;18.6000;17.9552;11.0000;0.6448
1465;18.6000;17.9539;11.0000;0.6461
1466;18.6000;17.9526;11.0000;0.6474
1467;18.6000;17.9513;11.0000;0.6487
1468;18.6000;17.9500;11.0000;0.6500
1469;18.6000;17.9487;11.0000;0.6513
1470;18.6000;17.9475;11.0000;0.6525
1471;18.6000;17.9462;11.0000;0.6538
1472;18.6000;17.9449;11.0000;0.6551
1473;18.6000;17.9436;11.0000;0.6564
1474;18.6000;17.9423;11.0000;0.6577
1475;18.6000;17.9410;11.0000;0.6590
1476;18.6000;17.9398;11.0000;0.6602
1477;18.6000;17.9385;11.0000;0.6615
1478;18.6000;17.9372;11.0000;0.6628
1479;18.6000;17.9359;11.0000;0.6641
1480;18.6000;17.9346;11.0000;0.6654
1481;18.6000;17.9334;11.0000;0.6666
1482;18.6000;17.9321;11.0000;0.6679
1483;18.6000;17.9308;11.0000;0.6692
1484;18.6000;17.9295;11.0000;0.6705
1485;18.6000;17.9283;11.0000;0.6717
1486;18.5000;17.9270;11.0000;0.5730
1487;18.5000;17.9257;11.0000;0.5743
1488;18.5000;17.9245;11.0000;0.5755
1489;18.5000;17.9232;11.0000;0.5768
1490;18.5000;17.9219;11.0000;0.5781
1491;18.5000;17.9207;11.0000;0.5793
1492;18.5000;17.9194;11.0000;0.5806
1493;18.5000;17.9181;11.0000;0.5819
1494;18.5000;17.9169;11.0000;0.5831
1495;18.5000;17.9156;11.0000;0.5844
1496;18.5000;17.9143;11.0000;0.5857
1497;18.5000;17.9131;11.0000;0.5869
1498;18.5000;17.9118;11.0000;0.5882
1499;18.5000;17.9106;11.0000;0.5894
1500;18.5000;17.9093;11.0000;0.5907
1501;18.5000;17.9081;11.0000;0.5919
1502;18.5000;17.9068;11.0000;0.5932
1503;18.5000;17.9055;11.0000;0.5945
1504;18.5000;17.9043;11.0000;0.5957
1505;18.5000;17.9030;11.0000;0.5970
1506;18.5000;17.9018;11.0000;0.5982
1507;18.4000;17.9005;11.0000;0.4995
1508;18.4000;17.8993;11.0000;0.5007
1509;18.4000;17.8980;11.0000;0.5020
1510;18.4000;17.8968;11.0000;0.5032
1511;18.4000;17.8955;11.0000;0.5045
1512;18.4000;17.8943;11.0000;0.5057
1513;18.4000;17.8931;11.0000;0.5069
1514;18.4000;17.8918;11.0000;0.5082
1515;18.4000;17.8906;11.0000;0.5094
1516;18.4000;17.8893;11.0000;0.5107
1517;18.4000;17.8881;11.0000;0.5119
1518;18.4000;17.8868;11.0000;0.5132
1519;18.4000;17.8856;11.0000;0.5144
1520;18.4000;17.8844;11.0000;0.5156
1521;18.4000;17.8831;11.0000;0.5169
1522;18.4000;17.8819;11.0000;0.5181
1523;18.4000;17.8807;11.0000;0.5193
1524;18.4000;17.8794;11.0000;0.5206
1525;18.4000;17.8782;11.0000;0.5218
1526;18.4000;17.8770;11.0000;0.5230
1527;18.4000;17.8757;11.0000;0.5243
1528;18.4000;17.8745;11.0000;0.5255
1529;18.4000;17.8733;11.0000;0.5267
1530;18.4000;17.8720;11.0000;0.5280
1531;18.3000;17.8708;11.0000;0.4292
1532;18.3000;17.8696;11.0000;0.4304
1533;18.3000;17.8683;11.0000;0.4317
1534;18.3000;17.8671;11.0000;0.4329
1535;18.3000;17.8659;11.0000;0.4341
1536;18.3000;17.8647;11.0000;0.4353
1537;18.3000;17.8635;11.0000;0.4365
1538;18.3000;17.8622;11.0000;0.4378
1539;18.3000;17.8610;11.0000;0.4390
1540;18.3000;17.8598;11.0000;0.4402
1541;18.3000;17.8586;11.0000;0.4414
1542;18.3000;17.8574;11.0000;0.4426
1543;18.3000;17.8561;11.0000;0.4439
1544;18.3000;17.8549;11.0000;0.4451
1545;18.3000;17.8537;11.0000;0.4463
1546;18.3000;17.8525;11.0000;0.4475
1547;18.3000;17.8513;11.0000;0.4487
1548;18.3000;17.8501;11.0000;0.4499
1549;18.3000;17.8489;11.0000;0.4511
1550;18.3000;17.8476;11.0000;0.4524
1551;18.3000;17.8464;11.0000;0.4536
1552;18.3000;17.8452;11.0000;0.4548
1553;18.2000;17.8440;11.0000;0.3560
1554;18.2000;17.8428;11.0000;0.3572
1555;18.2000;17.8416;11.0000;0.3584
1556;18.2000;17.8404;11.0000;0.3596
1557;18.2000;17.8392;11.0000;0.3608
1558;18.2000;17.8380;11.0000;0.3620
1559;18.2000;17.8368;11.0000;0.3632
1560;18.2000;17.8356;11.0000;0.3644
1561;18.2000;17.8344;11.0000;0.3656
1562;18.2000;17.8332;11.0000;0.3668
1563;18.2000;17.8320;11.0000;0.3680
1564;18.2000;17.8308;11.0000;0.3692
1565;18.2000;17.8296;11.0000;0.3704
1566;18.2000;17.8284;11.0000;0.3716
1567;18.2000;17.8272;11.0000;0.3728
1568;18.2000;17.8260;11.0000;0.3740
1569;18.2000;17.8248;11.0000;0.3752
1570;18.2000;17.8236;11.0000;0.3764
1571;18.2000;17.8224;11.0000;0.3776
1572;18.2000;17.8212;11.0000;0.3788
1573;18.2000;17.8201;11.0000;0.3799
1574;18.2000;17.8189;11.0000;0.3811
1575;18.2000;17.8177;11.0000;0.3823
1576;18.2000;17.8165;11.0000;0.3835
1577;18.2000;17.8153;11.0000;0.3847
1578;18.1000;17.8141;11.0000;0.2859
1579;18.1000;17.8129;11.0000;0.2871
1580;18.1000;17.8118;11.0000;0.2882
1581;18.1000;17.8106;11.0000;0.2894
1582;18.1000;17.8094;11.0000;0.2906
1583;18.1000;17.8082;11.0000;0.2918
1584;18.1000;17.8070;11.0000;0.2930
1585;18.1000;17.8059;11.0000;0.2941
1586;18.1000;17.8047;11.0000;0.2953
1587;18.1000;17.8035;11.0000;0.2965
1588;18.1000;17.8023;11.0000;0.2977
1589;18.1000;17.8011;11.0000;0.2989
1590;18.1000;17.8000;11.0000;0.3000
1591;18.1000;17.7988;11.0000;0.3012
1592;18.1000;17.7976;11.0000;0.3024
1593;18.1000;17.7965;11.0000;0.3035
1594;18.1000;17.7953;11.0000;0.3047
1595;18.1000;17.7941;11.0000;0.3059
1596;18.1000;17.7929;11.0000;0.3071
1597;18.1000;17.7918;11.0000;0.3082
1598;18.1000;17.7906;11.0000;0.3094
1599;18.1000;17.7894;11.0000;0.3106
1600;18.1000;17.7883;11.0000;0.3117
1601;18.1000;17.7871;11.0000;0.3129
1602;18.1000;17.7860;11.0000;0.3140
1603;18.0000;17.7848;11.0000;0.2152
1604;18.0000;17.7836;11.0000;0.2164
1605;18.0000;17.7825;11.0000;0.2175
1606;18.0000;17.7813;11.0000;0.2187
1607;18.0000;17.7802;11.0000;0.2198
1608;18.0000;17.7790;11.0000;0.2210
1609;18.0000;17.7778;11.0000;0.2222
1610;18.0000;17.7767;11.0000;0.2233
1611;18.0000;17.7755;11.0000;0.2245
1612;18.0000;17.7744;11.0000;0.2256
1613;18.0000;17.7732;11.0000;0.2268
1614;18.0000;17.7721;11.0000;0.2279
1615;18.0000;17.7709;11.0000;0.2291
1616;18.0000;17.7698;11.0000;0.2302
1617;18.0000;17.7686;11.0000;0.2314
1618;18.0000;17.7675;11.0000;0.2325
1619;18.0000;17.7663;11.0000;0.2337
1620;18.0000;17.7652;11.0000;0.2348
1621;18.0000;17.7640;11.0000;0.2360
1622;18.0000;17.7629;11.0000;0.2371
1623;18.0000;17.7617;11.0000;0.2383
1624;17.9000;17.7606;11.0000;0.1394
1625;17.9000;17.7594;11.0000;0.1406
1626;17.9000;17.7583;11.0000;0.1417
1627;17.9000;17.7572;11.0000;0.1428
1628;17.9000;17.7560;11.0000;0.1440
1629;17.9000;17.7549;11.0000;0.1451
1630;17.9000;17.7537;11.0000;0.1463
1631;17.9000;17.7526;11.0000;0.1474
1632;17.9000;17.7515;11.0000;0.1485
1633;17.9000;17.7503;11.0000;0.1497
1634;17.9000;17.7492;11.0000;0.1508
1635;17.9000;17.7481;11.0000;0.1519
1636;17.9000;17.7469;11.0000;0.1531
1637;17.9000;17.7458;11.0000;0.1542
1638;17.9000;17.7447;11.0000;0.1553
1639;17.9000;17.7435;11.0000;0.1565
1640;17.9000;17.7424;11.0000;0.1576
1641;17.9000;17.7413;11.0000;0.1587
1642;17.9000;17.7401;11.0000;0.1599
1643;17.9000;17.7390;11.0000;0.1610
1644;17.9000;17.7379;11.0000;0.1621
1645;17.9000;17.7368;11.0000;0.1632
1646;17.9000;17.7356;11.0000;0.1644
1647;17.9000;17.7345;11.0000;0.1655
1648;17.9000;17.7334;11.0000;0.1666
1649;17.9000;17.7323;11.0000;0.1677
1650;17.9000;17.7311;11.0000;0.1689
1651;17.9000;17.7300;11.0000;0.1700
1652;17.9000;17.7289;11.0000;0.1711
1653;17.9000;17.7278;11.0000;0.1722
1654;17.9000;17.7267;11.0000;0.1733
1655;17.9000;17.7255;11.0000;0.1745
1656;17.9000;17.7244;11.0000;0.1756
1657;17.9000;17.7233;11.0000;0.1767
1658;17.8000;17.7222;11.0000;0.0778
1659;17.8000;17.7211;11.0000;0.0789
1660;17.8000;17.7200;11.0000;0.0800
1661;17.8000;17.7189;11.0000;0.0811
1662;17.8000;17.7177;11.0000;0.0823
1663;17.8000;17.7166;11.0000;0.0834
1664;17.8000;17.7155;11.0000;0.0845
1665;17.8000;17.7144;11.0000;0.0856
1666;17.8000;17.7133;11.0000;0.0867
1667;17.8000;17.7122;11.0000;0.0878
1668;17.8000;17.7111;11.0000;0.0889
1669;17.8000;17.7100;11.0000;0.0900
1670;17.8000;17.7089;11.0000;0.0911
1671;17.8000;17.7078;11.0000;0.0922
1672;17.8000;17.7067;11.0000;0.0933
1673;17.8000;17.7056;11.0000;0.0944
1674;17.8000;17.7045;11.0000;0.0955
1675;17.8000;17.7034;11.0000;0.0966
1676;17.8000;17.7023;11.0000;0.0977
1677;17.8000;17.7012;11.0000;0.0988
1678;17.8000;17.7001;11.0000;0.0999
1679;17.8000;17.6990;11.0000;0.1010
1680;17.8000;17.6979;11.0000;0.1021
1681;17.8000;17.6968;11.0000;0.1032
1682;17.8000;17.6957;11.0000;0.1043
1683;17.8000;17.6946;11.0000;0.1054
1684;17.8000;17.6935;11.0000;0.1065
1685;17.8000;17.6924;11.0000;0.1076
1686;17.8000;17.6913;11.0000;0.1087
1687;17.7000;17.6902;11.0000;0.0098
1688;17.7000;17.6891;11.0000;0.0109
1689;17.7000;17.6881;11.0000;0.0119
1690;17.7000;17.6870;11.0000;0.0130
1691;17.7000;17.6859;11.0000;0.0141
1692;17.7000;17.6848;11.0000;0.0152
1693;17.7000;17.6837;11.0000;0.0163
1694;17.7000;17.6826;11.0000;0.0174
1695;17.7000;17.6815;11.0000;0.0185
1696;17.7000;17.6805;11.0000;0.0195
1697;17.7000;17.6794;11.0000;0.0206
1698;17.7000;17.6783;11.0000;0.0217
1699;17.7000;17.6772;11.0000;0.0228
1700;17.7000;17.6761;11.0000;0.0239
1701;17.7000;17.6751;11.0000;0.0249
1702;17.7000;17.6740;11.0000;0.0260
1703;17.7000;17.6729;11.0000;0.0271
1704;17.7000;17.6718;11.0000;0.0282
1705;17.7000;17.6707;11.0000;0.0293
1706;17.7000;17.6697;11.0000;0.0303
1707;17.7000;17.6686;11.0000;0.0314
1708;17.7000;17.6675;11.0000;0.0325
1709;17.7000;17.6665;11.0000;0.0335
1710;17.7000;17.6654;11.0000;0.0346
1711;17.7000;17.6643;11.0000;0.0357
1712;17.7000;17.6632;11.0000;0.0368
1713;17.7000;17.6622;11.0000;0.0378
1714;17.7000;17.6611;11.0000;0.0389
1715;17.7000;17.6600;11.0000;0.0400
1716;17.7000;17.6590;11.0000;0.0410
1717;17.7000;17.6579;11.0000;0.0421
1718;17.7000;17.6568;11.0000;0.0432
1719;17.7000;17.6558;11.0000;0.0442
1720;17.7000;17.6547;11.0000;0.0453
1721;17.6000;17.6537;11.0000;-0.0537
1722;17.6000;17.6526;11.0000;-0.0526
1723;17.6000;17.6515;11.0000;-0.0515
1724;17.6000;17.6505;11.0000;-0.0505
1725;17.6000;17.6494;11.0000;-0.0494
1726;17.6000;17.6484;11.0000;-0.0484
1727;17.6000;17.6473;11.0000;-0.0473
1728;17.6000;17.6462;11.0000;-0.0462
1729;17.6000;17.6452;11.0000;-0.0452
1730;17.6000;17.6441;11.0000;-0.0441
1731;17.6000;17.6431;11.0000;-0.0431
1732;17.6000;17.6420;11.0000;-0.0420
1733;17.6000;17.6410;11.0000;-0.0410
1734;17.6000;17.6399;11.0000;-0.0399
1735;17.6000;17.6389;11.0000;-0.0389
1736;17.6000;17.6378;11.0000;-0.0378
1737;17.6000;17.6368;11.0000;-0.0368
1738;17.6000;17.6357;11.0000;-0.0357
1739;17.6000;17.6347;11.0000;-0.0347
1740;17.6000;17.6336;11.0000;-0.0336
1741;17.6000;17.6326;11.0000;-0.0326
1742;17.6000;17.6315;11.0000;-0.0315
1743;17.6000;17.6305;11.0000;-0.0305
1744;17.6000;17.6294;11.0000;-0.0294
1745;17.6000;17.6284;11.0000;-0.0284
1746;17.6000;17.6273;11.0000;-0.0273
1747;17.6000;17.6263;11.0000;-0.0263
1748;17.6000;17.6253;11.0000;-0.0253
1749;17.6000;17.6242;11.0000;-0.0242
1750;17.6000;17.6232;11.0000;-0.0232
1751;17.6000;17.6221;11.0000;-0.0221
1752;17.6000;17.6211;11.0000;-0.0211
1753;17.6000;17.6201;11.0000;-0.0201
1754;17.6000;17.6190;11.0000;-0.0190
1755;17.6000;17.6180;11.0000;-0.0180
1756;17.6000;17.6170;11.0000;-0.0170
1757;17.6000;17.6159;11.0000;-0.0159
1758;17.5000;17.6149;11.0000;-0.1149
1759;17.5000;17.6139;11.0000;-0.1139
1760;17.5000;17.6128;11.0000;-0.1128
1761;17.5000;17.6118;11.0000;-0.1118
1762;17.5000;17.6108;11.0000;-0.1108
1763;17.6000;17.6097;11.0000;-0.0097
1764;17.6000;17.6087;11.0000;-0.0087
1765;17.6000;17.6077;11.0000;-0.0077
1766;17.6000;17.6067;11.0000;-0.0067
1767;17.6000;17.6056;11.0000;-0.0056
1768;17.5000;17.6046;11.0000;-0.1046
1769;17.5000;17.6036;11.0000;-0.1036
1770;17.5000;17.6026;11.0000;-0.1026
1771;17.5000;17.6015;11.0000;-0.1015
1772;17.5000;17.6005;11.0000;-0.1005
1773;17.5000;17.5995;11.0000;-0.0995
1774;17.5000;17.5985;11.0000;-0.0985
1775;17.5000;17.5975;11.0000;-0.0975
1776;17.5000;17.5964;11.0000;-0.0964
1777;17.5000;17.5954;11.0000;-0.0954
1778;17.5000;17.5944;11.0000;-0.0944
1779;17.5000;17.5934;11.0000;-0.0934
1780;17.5000;17.5924;11.0000;-0.0924
1781;17.5000;17.5914;11.0000;-0.0914
1782;17.5000;17.5903;11.0000;-0.0903
1783;17.5000;17.5893;11.0000;-0.0893
1784;17.5000;17.5883;11.0000;-0.0883
1785;17.5000;17.5873;11.0000;-0.0873
1786;17.5000;17.5863;11.0000;-0.0863
1787;17.5000;17.5853;11.0000;-0.0853
1788;17.5000;17.5843;11.0000;-0.0843
1789;17.5000;17.5833;11.0000;-0.0833
1790;17.5000;17.5823;11.0000;-0.0823
1791;17.5000;17.5812;11.0000;-0.0812
1792;17.5000;17.5802;11.0000;-0.0802
1793;17.5000;17.5792;11.0000;-0.0792
1794;17.5000;17.5782;11.0000;-0.0782
1795;17.5000;17.5772;11.0000;-0.0772
1796;17.5000;17.5762;11.0000;-0.0762
1797;17.4000;17.5752;11.0000;-0.1752
1798;17.4000;17.5742;11.0000;-0.1742
1799;17.4000;17.5732;11.0000;-0.1732
1800;17.4000;17.5722;11.0000;-0.1722
1801;17.4000;17.5712;11.0000;-0.1712
1802;17.4000;17.5702;11.0000;-0.1702
1803;17.4000;17.5692;11.0000;-0.1692
1804;17.4000;17.5682;11.0000;-0.1682
1805;17.4000;17.5672;11.0000;-0.1672
1806;17.4000;17.5662;11.0000;-0.1662
1807;17.4000;17.5652;11.0000;-0.1652
1808;17.4000;17.5642;11.0000;-0.1642
1809;17.4000;17.5632;11.0000;-0.1632
1810;17.4000;17.5623;11.0000;-0.1623
1811;17.4000;17.5613;11.0000;-0.1613
1812;17.4000;17.5603;11.0000;-0.1603
1813;17.4000;17.5593;11.0000;-0.1593
1814;17.4000;17.5583;11.0000;-0.1583
1815;17.4000;17.5573;11.0000;-0.1573
1816;17.4000;17.5563;11.0000;-0.1563
1817;17.4000;17.5553;11.0000;-0.1553
1818;17.4000;17.5543;11.0000;-0.1543
1819;17.4000;17.5534;11.0000;-0.1534
1820;17.4000;17.5524;11.0000;-0.1524
1821;17.4000;17.5514;11.0000;-0.1514
1822;17.4000;17.5504;11.0000;-0.1504
1823;17.4000;17.5494;11.0000;-0.1494
1824;17.4000;17.5484;11.0000;-0.1484
1825;17.4000;17.5475;11.0000;-0.1475
1826;17.4000;17.5465;11.0000;-0.1465
1827;17.4000;17.5455;11.0000;-0.1455
1828;17.4000;17.5445;11.0000;-0.1445
1829;17.4000;17.5435;11.0000;-0.1435
1830;17.4000;17.5426;11.0000;-0.1426
1831;17.4000;17.5416;11.0000;-0.1416
1832;17.4000;17.5406;11.0000;-0.1406
1833;17.4000;17.5396;11.0000;-0.1396
1834;17.4000;17.5387;11.0000;-0.1387
1835;17.4000;17.5377;11.0000;-0.1377
1836;17.4000;17.5367;11.0000;-0.1367
1837;17.4000;17.5357;11.0000;-0.1357
1838;17.4000;17.5348;11.0000;-0.1348
1839;17.3000;17.5338;11.0000;-0.2338
1840;17.3000;17.5328;11.0000;-0.2328
1841;17.3000;17.5318;11.0000;-0.2318
1842;17.3000;17.5309;11.0000;-0.2309
1843;17.3000;17.5299;11.0000;-0.2299
1844;17.3000;17.5289;11.0000;-0.2289
1845;17.3000;17.5280;11.0000;-0.2280
1846;17.3000;17.5270;11.0000;-0.2270
1847;17.3000;17.5260;11.0000;-0.2260
1848;17.3000;17.5251;11.0000;-0.2251
1849;17.3000;17.5241;11.0000;-0.2241
1850;17.3000;17.5232;11.0000;-0.2232
1851;17.3000;17.5222;11.0000;-0.2222
1852;17.3000;17.5212;11.0000;-0.2212
1853;17.3000;17.5203;11.0000;-0.2203
1854;17.3000;17.5193;11.0000;-0.2193
1855;17.3000;17.5183;11.0000;-0.2183
1856;17.3000;17.5174;11.0000;-0.2174
1857;17.3000;17.5164;11.0000;-0.2164
1858;17.3000;17.5155;11.0000;-0.2155
1859;17.3000;17.5145;11.0000;-0.2145
1860;17.3000;17.5136;11.0000;-0.2136
1861;17.3000;17.5126;11.0000;-0.2126
1862;17.3000;17.5117;11.0000;-0.2117
1863;17.3000;17.5107;11.0000;-0.2107
1864;17.3000;17.5097;11.0000;-0.2097
1865;17.3000;17.5088;11.0000;-0.2088
1866;17.3000;17.5078;11.0000;-0.2078
1867;17.3000;17.5069;11.0000;-0.2069
1868;17.3000;17.5059;11.0000;-0.2059
1869;17.2000;17.5050;11.0000;-0.3050
1870;17.2000;17.5040;11.0000;-0.3040
1871;17.2000;17.5031;11.0000;-0.3031
1872;17.2000;17.5022;11.0000;-0.3022
1873;17.2000;17.5012;11.0000;-0.3012
1874;17.3000;17.5003;11.0000;-0.2003
1875;17.3000;17.4993;11.0000;-0.1993
1876;17.3000;17.4984;11.0000;-0.1984
1877;17.3000;17.4974;11.0000;-0.1974
1878;17.3000;17.4965;11.0000;-0.1965
1879;17.2000;17.4955;11.0000;-0.2955
1880;17.2000;17.4946;11.0000;-0.2946
1881;17.2000;17.4937;11.0000;-0.2937
1882;17.2000;17.4927;11.0000;-0.2927
1883;17.2000;17.4918;11.0000;-0.2918
1884;17.2000;17.4908;11.0000;-0.2908
1885;17.2000;17.4899;11.0000;-0.2899
1886;17.2000;17.4890;11.0000;-0.2890
1887;17.2000;17.4880;11.0000;-0.2880
1888;17.2000;17.4871;11.0000;-0.2871
1889;17.2000;17.4862;11.0000;-0.2862
1890;17.2000;17.4852;11.0000;-0.2852
1891;17.2000;17.4843;11.0000;-0.2843
1892;17.2000;17.4834;11.0000;-0.2834
1893;17.2000;17.4824;11.0000;-0.2824
1894;17.2000;17.4815;11.0000;-0.2815
1895;17.2000;17.4806;11.0000;-0.2806
1896;17.2000;17.4796;11.0000;-0.2796
1897;17.2000;17.4787;11.0000;-0.2787
1898;17.2000;17.4778;11.0000;-0.2778
1899;17.2000;17.4769;11.0000;-0.2769
1900;17.2000;17.4759;11.0000;-0.2759
1901;17.2000;17.4750;11.0000;-0.2750
1902;17.2000;17.4741;11.0000;-0.2741
1903;17.2000;17.4731;11.0000;-0.2731
1904;17.2000;17.4722;11.0000;-0.2722
1905;17.2000;17.4713;11.0000;-0.2713
1906;17.2000;17.4704;11.0000;-0.2704
1907;17.2000;17.4695;11.0000;-0.2695
1908;17.1000;17.4685;11.0000;-0.3685
1909;17.1000;17.4676;11.0000;-0.3676
1910;17.1000;17.4667;11.0000;-0.3667
1911;17.1000;17.4658;11.0000;-0.3658
1912;17.1000;17.4649;11.0000;-0.3649
1913;17.1000;17.4639;11.0000;-0.3639
1914;17.1000;17.4630;11.0000;-0.3630
1915;17.1000;17.4621;11.0000;-0.3621
1916;17.1000;17.4612;11.0000;-0.3612
1917;17.1000;17.4603;11.0000;-0.3603
1918;17.1000;17.4594;11.0000;-0.3594
1919;17.1000;17.4584;11.0000;-0.3584
1920;17.1000;17.4575;11.0000;-0.3575
1921;17.1000;17.4566;11.0000;-0.3566
1922;17.1000;17.4557;11.0000;-0.3557
1923;17.1000;17.4548;11.0000;-0.3548
1924;17.1000;17.4539;11.0000;-0.3539
1925;17.1000;17.4530;11.0000;-0.3530
1926;17.1000;17.4521;11.0000;-0.3521
1927;17.1000;17.4512;11.0000;-0.3512
1928;17.1000;17.4503;11.0000;-0.3503
1929;17.1000;17.4493;11.0000;-0.3493
1930;17.1000;17.4484;11.0000;-0.3484
1931;17.1000;17.4475;11.0000;-0.3475
1932;17.1000;17.4466;11.0000;-0.3466
1933;17.1000;17.4457;11.0000;-0.3457
1934;17.1000;17.4448;11.0000;-0.3448
1935;17.1000;17.4439;11.0000;-0.3439
1936;17.1000;17.4430;11.0000;-0.3430
1937;17.1000;17.4421;11.0000;-0.3421
1938;17.1000;17.4412;11.0000;-0.3412
1939;17.1000;17.4403;11.0000;-0.3403
1940;17.1000;17.4394;11.0000;-0.3394
1941;17.1000;17.4385;11.0000;-0.3385
1942;17.0000;17.4376;11.0000;-0.4376
1943;17.0000;17.4367;11.0000;-0.4367
1944;17.0000;17.4358;11.0000;-0.4358
1945;17.0000;17.4349;11.0000;-0.4349
1946;17.0000;17.4340;11.0000;-0.4340
1947;17.0000;17.4331;11.0000;-0.4331
1948;17.0000;17.4322;11.0000;-0.4322
1949;17.0000;17.4314;11.0000;-0.4314
1950;17.0000;17.4305;11.0000;-0.4305
1951;17.0000;17.4296;11.0000;-0.4296
1952;17.0000;17.4287;11.0000;-0.4287
1953;17.0000;17.4278;11.0000;-0.4278
1954;17.0000;17.4269;11.0000;-0.4269
1955;17.0000;17.4260;11.0000;-0.4260
1956;17.0000;17.4251;11.0000;-0.4251
1957;17.0000;17.4242;11.0000;-0.4242
1958;17.0000;17.4233;11.0000;-0.4233
1959;17.0000;17.4225;11.0000;-0.4225
1960;17.0000;17.4216;11.0000;-0.4216
1961;17.0000;17.4207;11.0000;-0.4207
1962;17.0000;17.4198;11.0000;-0.4198
1963;17.0000;17.4189;11.0000;-0.4189
1964;17.0000;17.4180;11.0000;-0.4180
1965;17.0000;17.4172;11.0000;-0.4172
1966;17.0000;17.4163;11.0000;-0.4163
1967;17.0000;17.4154;11.0000;-0.4154
1968;17.0000;17.4145;11.0000;-0.4145
1969;17.0000;17.4136;11.0000;-0.4136
1970;17.0000;17.4128;11.0000;-0.4128
1971;17.0000;17.4119;11.0000;-0.4119
1972;17.0000;17.4110;11.0000;-0.4110
1973;17.0000;17.4101;11.0000;-0.4101
1974;17.0000;17.4092;11.0000;-0.4092
1975;17.0000;17.4084;11.0000;-0.4084
1976;16.9000;17.4075;11.0000;-0.5075
1977;16.9000;17.4066;11.0000;-0.5066
1978;16.9000;17.4057;11.0000;-0.5057
1979;16.9000;17.4049;11.0000;-0.5049
1980;16.9000;17.4040;11.0000;-0.5040
1981;16.9000;17.4031;11.0000;-0.5031
1982;16.9000;17.4023;11.0000;-0.5023
1983;16.9000;17.4014;11.0000;-0.5014
1984;16.9000;17.4005;11.0000;-0.5005
1985;16.9000;17.3997;11.0000;-0.4997
1986;16.9000;17.3988;11.0000;-0.4988
1987;16.9000;17.3979;11.0000;-0.4979
1988;16.9000;17.3970;11.0000;-0.4970
1989;16.9000;17.3962;11.0000;-0.4962
1990;16.9000;17.3953;11.0000;-0.4953
1991;16.9000;17.3945;11.0000;-0.4945
1992;16.9000;17.3936;11.0000;-0.4936
1993;16.9000;17.3927;11.0000;-0.4927
1994;16.9000;17.3919;11.0000;-0.4919
1995;16.9000;17.3910;11.0000;-0.4910
1996;16.9000;17.3901;11.0000;-0.4901
1997;16.9000;17.3893;11.0000;-0.4893
1998;16.9000;17.3884;11.0000;-0.4884
1999;16.9000;17.3876;11.0000;-0.4876
2000;16.9000;17.3867;11.0000;-0.4867
2001;16.9000;17.3858;11.0000;-0.4858
2002;16.9000;17.3850;11.0000;-0.4850
2003;16.9000;17.3841;11.0000;-0.4841
2004;16.9000;17.3833;11.0000;-0.4833
2005;16.9000;17.3824;11.0000;-0.4824
2006;16.9000;17.3816;11.0000;-0.4816
2007;16.9000;17.3807;11.0000;-0.4807
2008;16.8000;17.3798;11.0000;-0.5798
2009;16.8000;17.3790;11.0000;-0.5790
2010;16.8000;17.3781;11.0000;-0.5781
2011;16.8000;17.3773;11.0000;-0.5773
2012;16.8000;17.3764;11.0000;-0.5764
2013;16.8000;17.3756;11.0000;-0.5756
2014;16.8000;17.3747;11.0000;-0.5747
2015;16.8000;17.3739;11.0000;-0.5739
2016;16.8000;17.3730;11.0000;-0.5730
2017;16.8000;17.3722;11.0000;-0.5722
2018;16.8000;17.3713;11.0000;-0.5713
2019;16.8000;17.3705;11.0000;-0.5705
2020;16.8000;17.3697;11.0000;-0.5697
2021;16.8000;17.3688;11.0000;-0.5688
2022;16.8000;17.3680;11.0000;-0.5680
2023;16.8000;17.3671;11.0000;-0.5671
2024;16.8000;17.3663;11.0000;-0.5663
2025;16.8000;17.3654;11.0000;-0.5654
2026;16.8000;17.3646;11.0000;-0.5646
2027;16.8000;17.3637;11.0000;-0.5637
2028;16.8000;17.3629;11.0000;-0.5629
2029;16.8000;17.3621;11.0000;-0.5621
2030;16.8000;17.3612;11.0000;-0.5612
2031;16.8000;17.3604;11.0000;-0.5604
2032;16.8000;17.3595;11.0000;-0.5595
2033;16.8000;17.3587;11.0000;-0.5587
2034;16.8000;17.3579;11.0000;-0.5579
2035;16.8000;17.3570;11.0000;-0.5570
2036;16.8000;17.3562;11.0000;-0.5562
2037;16.8000;17.3554;11.0000;-0.5554
2038;16.8000;17.3545;11.0000;-0.5545
2039;16.8000;17.3537;11.0000;-0.5537
2040;16.8000;17.3529;11.0000;-0.5529
2041;16.8000;17.3520;11.0000;-0.5520
2042;16.8000;17.3512;11.0000;-0.5512
2043;16.8000;17.3504;11.0000;-0.5504
2044;16.8000;17.3495;11.0000;-0.5495
2045;16.8000;17.3487;11.0000;-0.5487
2046;16.8000;17.3479;11.0000;-0.5479
2047;16.7000;17.3471;11.0000;-0.6471
2048;16.7000;17.3462;11.0000;-0.6462
2049;16.7000;17.3454;11.0000;-0.6454
2050;16.7000;17.3446;11.0000;-0.6446
2051;16.7000;17.3437;11.0000;-0.6437
2052;16.7000;17.3429;11.0000;-0.6429
2053;16.7000;17.3421;11.0000;-0.6421
2054;16.7000;17.3413;11.0000;-0.6413
2055;16.7000;17.3404;11.0000;-0.6404
2056;16.7000;17.3396;11.0000;-0.6396
2057;16.7000;17.3388;11.0000;-0.6388
2058;16.7000;17.3380;11.0000;-0.6380
2059;16.7000;17.3372;11.0000;-0.6372
2060;16.7000;17.3363;11.0000;-0.6363
2061;16.7000;17.3355;11.0000;-0.6355
2062;16.7000;17.3347;11.0000;-0.6347
2063;16.7000;17.3339;11.0000;-0.6339
2064;16.7000;17.3331;11.0000;-0.6331
2065;16.7000;17.3322;11.0000;-0.6322
2066;16.7000;17.3314;11.0000;-0.6314
2067;16.7000;17.3306;11.0000;-0.6306
2068;16.7000;17.3298;11.0000;-0.6298
2069;16.7000;17.3290;11.0000;-0.6290
2070;16.7000;17.3282;11.0000;-0.6282
2071;16.7000;17.3273;11.0000;-0.6273
2072;16.7000;17.3265;11.0000;-0.6265
2073;16.7000;17.3257;11.0000;-0.6257
2074;16.7000;17.3249;11.0000;-0.6249
2075;16.7000;17.3241;11.0000;-0.6241
2076;16.7000;17.3233;11.0000;-0.6233
2077;16.7000;17.3225;11.0000;-0.6225
2078;16.7000;17.3217;11.0000;-0.6217
2079;16.7000;17.3209;11.0000;-0.6209
2080;16.7000;17.3201;11.0000;-0.6201
2081;16.6000;17.3192;11.0000;-0.7192
2082;16.6000;17.3184;11.0000;-0.7184
2083;16.6000;17.3176;11.0000;-0.7176
2084;16.6000;17.3168;11.0000;-0.7168
2085;16.6000;17.3160;11.0000;-0.7160
2086;16.6000;17.3152;11.0000;-0.7152
2087;16.6000;17.3144;11.0000;-0.7144
2088;16.6000;17.3136;11.0000;-0.7136
2089;16.6000;17.3128;11.0000;-0.7128
2090;16.6000;17.3120;11.0000;-0.7120
2091;16.6000;17.3112;11.0000;-0.7112
2092;16.6000;17.3104;11.0000;-0.7104
2093;16.6000;17.3096;11.0000;-0.7096
2094;16.6000;17.3088;11.0000;-0.7088
2095;16.6000;17.3080;11.0000;-0.7080
2096;16.6000;17.3072;11.0000;-0.7072
2097;16.6000;17.3064;11.0000;-0.7064
2098;16.6000;17.3056;11.0000;-0.7056
2099;16.6000;17.3048;11.0000;-0.7048
2100;16.6000;17.3040;11.0000;-0.7040
2101;16.6000;17.3032;11.0000;-0.7032
2102;16.6000;17.3024;11.0000;-0.7024
2103;16.6000;17.3016;11.0000;-0.7016
2104;16.6000;17.3008;11.0000;-0.7008
2105;16.6000;17.3000;11.0000;-0.7000
2106;16.6000;17.2993;11.0000;-0.6993
2107;16.6000;17.2985;11.0000;-0.6985
2108;16.6000;17.2977;11.0000;-0.6977
2109;16.6000;17.2969;11.0000;-0.6969
2110;16.6000;17.2961;11.0000;-0.6961
2111;16.6000;17.2953;11.0000;-0.6953
2112;16.6000;17.2945;11.0000;-0.6945
2113;16.6000;17.2937;11.0000;-0.6937
2114;16.6000;17.2929;11.0000;-0.6929
2115;16.5000;17.2921;11.0000;-0.7921
2116;16.5000;17.2914;11.0000;-0.7914
2117;16.5000;17.2906;11.0000;-0.7906
2118;16.5000;17.2898;11.0000;-0.7898
2119;16.5000;17.2890;11.0000;-0.7890
2120;16.5000;17.2882;11.0000;-0.7882
2121;16.5000;17.2874;11.0000;-0.7874
2122;16.5000;17.2867;11.0000;-0.7867
2123;16.5000;17.2859;11.0000;-0.7859
2124;16.5000;17.2851;11.0000;-0.7851
2125;16.5000;17.2843;11.0000;-0.7843
2126;16.5000;17.2835;11.0000;-0.7835
2127;16.5000;17.2828;11.0000;-0.7828
2128;16.5000;17.2820;11.0000;-0.7820
2129;16.5000;17.2812;11.0000;-0.7812
2130;16.5000;17.2804;11.0000;-0.7804
2131;16.5000;17.2796;11.0000;-0.7796
2132;16.5000;17.2789;11.0000;-0.7789
2133;16.5000;17.2781;11.0000;-0.7781
2134;16.5000;17.2773;11.0000;-0.7773
2135;16.5000;17.2765;11.0000;-0.7765
2136;16.5000;17.2758;11.0000;-0.7758
2137;16.5000;17.2750;11.0000;-0.7750
2138;16.5000;17.2742;11.0000;-0.7742
2139;16.5000;17.2734;11.0000;-0.7734
2140;16.5000;17.2727;11.0000;-0.7727
2141;16.5000;17.2719;11.0000;-0.7719
2142;16.5000;17.2711;11.0000;-0.7711
2143;16.5000;17.2704;11.0000;-0.7704
2144;16.4000;17.2696;11.0000;-0.8696
2145;16.4000;17.2688;11.0000;-0.8688
2146;16.4000;17.2680;11.0000;-0.8680
2147;16.4000;17.2673;11.0000;-0.8673
2148;16.4000;17.2665;11.0000;-0.8665
2149;16.4000;17.2657;11.0000;-0.8657
2150;16.4000;17.2650;11.0000;-0.8650
2151;16.4000;17.2642;11.0000;-0.8642
2152;16.4000;17.2634;11.0000;-0.8634
2153;16.4000;17.2627;11.0000;-0.8627
2154;16.4000;17.2619;11.0000;-0.8619
2155;16.4000;17.2612;11.0000;-0.8612
2156;16.4000;17.2604;11.0000;-0.8604
2157;16.4000;17.2596;11.0000;-0.8596
2158;16.4000;17.2589;11.0000;-0.8589
2159;16.4000;17.2581;11.0000;-0.8581
2160;16.4000;17.2573;11.0000;-0.8573
2161;16.4000;17.2566;11.0000;-0.8566
2162;16.4000;17.2558;11.0000;-0.8558
2163;16.4000;17.2551;11.0000;-0.8551
2164;16.4000;17.2543;11.0000;-0.8543
2165;16.4000;17.2536;11.0000;-0.8536
2166;16.4000;17.2528;11.0000;-0.8528
2167;16.4000;17.2520;11.0000;-0.8520
2168;16.4000;17.2513;11.0000;-0.8513
2169;16.4000;17.2505;11.0000;-0.8505
2170;16.4000;17.2498;11.0000;-0.8498
2171;16.4000;17.2490;11.0000;-0.8490
2172;16.4000;17.2483;11.0000;-0.8483
2173;16.4000;17.2475;11.0000;-0.8475
2174;16.4000;17.2468;11.0000;-0.8468
2175;16.4000;17.2460;11.0000;-0.8460
2176;16.4000;17.2453;11.0000;-0.8453
2177;16.4000;17.2445;11.0000;-0.8445
2178;16.4000;17.2438;11.0000;-0.8438
2179;16.4000;17.2430;11.0000;-0.8430
2180;16.4000;17.2423;11.0000;-0.8423
2181;16.3000;17.2415;11.0000;-0.9415
2182;16.3000;17.2408;11.0000;-0.9408
2183;16.3000;17.2400;11.0000;-0.9400
2184;16.3000;17.2393;11.0000;-0.9393
2185;16.3000;17.2385;11.0000;-0.9385
2186;16.3000;17.2378;11.0000;-0.9378
2187;16.3000;17.2370;11.0000;-0.9370
2188;16.3000;17.2363;11.0000;-0.9363
2189;16.3000;17.2355;11.0000;-0.9355
2190;16.3000;17.2348;11.0000;-0.9348
2191;16.3000;17.2341;11.0000;-0.9341
2192;16.3000;17.2333;11.0000;-0.9333
2193;16.3000;17.2326;11.0000;-0.9326
2194;16.3000;17.2318;11.0000;-0.9318
2195;16.3000;17.2311;11.0000;-0.9311
2196;16.3000;17.2304;11.0000;-0.9304
2197;16.3000;17.2296;11.0000;-0.9296
2198;16.3000;17.2289;11.0000;-0.9289
2199;16.3000;17.2281;11.0000;-0.9281
2200;16.3000;17.2274;11.0000;-0.9274
2201;16.3000;17.2267;11.0000;-0.9267
2202;16.3000;17.2259;11.0000;-0.9259
2203;16.3000;17.2252;11.0000;-0.9252
2204;16.3000;17.2245;11.0000;-0.9245
2205;16.3000;17.2237;11.0000;-0.9237
2206;16.3000;17.2230;11.0000;-0.9230
2207;16.3000;17.2223;11.0000;-0.9223
2208;16.3000;17.2215;11.0000;-0.9215
2209;16.3000;17.2208;11.0000;-0.9208
2210;16.3000;17.2201;11.0000;-0.9201
2211;16.3000;17.2193;11.0000;-0.9193
2212;16.3000;17.2186;11.0000;-0.9186
2213;16.3000;17.2179;11.0000;-0.9179
2214;16.3000;17.2171;11.0000;-0.9171
2215;16.3000;17.2164;11.0000;-0.9164
2216;16.3000;17.2157;11.0000;-0.9157
2217;16.3000;17.2149;11.0000;-0.9149
2218;16.3000;17.2142;11.0000;-0.9142
2219;16.3000;17.2135;11.0000;-0.9135
2220;16.3000;17.2128;11.0000;-0.9128
2221;16.3000;17.2120;11.0000;-0.9120
2222;16.3000;17.2113;11.0000;-0.9113
2223;16.3000;17.2106;11.0000;-0.9106
2224;16.3000;17.2099;11.0000;-0.9099
2225;16.3000;17.2091;11.0000;-0.9091
2226;16.3000;17.2084;11.0000;-0.9084
2227;16.3000;17.2077;11.0000;-0.9077
2228;16.3000;17.2070;11.0000;-0.9070
2229;16.3000;17.2063;11.0000;-0.9063
2230;16.3000;17.2055;11.0000;-0.9055
2231;16.3000;17.2048;11.0000;-0.9048
2232;16.3000;17.2041;11.0000;-0.9041
2233;16.3000;17.2034;11.0000;-0.9034
2234;16.3000;17.2027;11.0000;-0.9027
2235;16.3000;17.2019;11.0000;-0.9019
2236;16.3000;17.2012;11.0000;-0.9012
2237;16.3000;17.2005;11.0000;-0.9005
2238;16.3000;17.1998;11.0000;-0.8998
2239;16.3000;17.1991;11.0000;-0.8991
2240;16.3000;17.1984;11.0000;-0.8984
2241;16.3000;17.1976;11.0000;-0.8976
2242;16.3000;17.1969;11.0000;-0.8969
2243;16.3000;17.1962;11.0000;-0.8962
2244;16.3000;17.1955;11.0000;-0.8955
2245;16.3000;17.1948;11.0000;-0.8948
2246;16.2000;17.1941;11.0000;-0.9941
2247;16.2000;17.1934;11.0000;-0.9934
2248;16.2000;17.1926;11.0000;-0.9926
2249;16.2000;17.1919;11.0000;-0.9919
2250;16.2000;17.1912;11.0000;-0.9912
2251;16.2000;17.1905;11.0000;-0.9905
2252;16.2000;17.1898;11.0000;-0.9898
2253;16.2000;17.1891;11.0000;-0.9891
2254;16.2000;17.1884;11.0000;-0.9884
2255;16.2000;17.1877;11.0000;-0.9877
2256;16.2000;17.1870;11.0000;-0.9870
2257;16.2000;17.1863;11.0000;-0.9863
2258;16.2000;17.1856;11.0000;-0.9856
2259;16.2000;17.1849;11.0000;-0.9849
2260;16.2000;17.1842;11.0000;-0.9842
2261;16.2000;17.1835;11.0000;-0.9835
2262;16.2000;17.1828;11.0000;-0.9828
2263;16.2000;17.1820;11.0000;-0.9820
2264;16.2000;17.1813;11.0000;-0.9813
2265;16.2000;17.1806;11.0000;-0.9806
2266;16.2000;17.1799;11.0000;-0.9799
2267;16.2000;17.1792;11.0000;-0.9792
2268;16.2000;17.1785;11.0000;-0.9785
2269;16.2000;17.1778;11.0000;-0.9778
2270;16.2000;17.1771;11.0000;-0.9771
2271;16.2000;17.1764;11.0000;-0.9764
2272;16.2000;17.1757;11.0000;-0.9757
2273;16.2000;17.1750;11.0000;-0.9750
2274;16.2000;17.1743;11.0000;-0.9743
2275;16.2000;17.1737;11.0000;-0.9737
2276;16.2000;17.1730;11.0000;-0.9730
2277;16.2000;17.1723;11.0000;-0.9723
2278;16.2000;17.1716;11.0000;-0.9716
2279;16.2000;17.1709;11.0000;-0.9709
2280;16.2000;17.1702;11.0000;-0.9702
2281;16.2000;17.1695;11.0000;-0.9695
2282;16.2000;17.1688;11.0000;-0.9688
2283;16.2000;17.1681;11.0000;-0.9681
2284;16.2000;17.1674;11.0000;-0.9674
2285;16.2000;17.1667;11.0000;-0.9667
2286;16.2000;17.1660;11.0000;-0.9660
2287;16.2000;17.1653;11.0000;-0.9653
2288;16.2000;17.1646;11.0000;-0.9646
2289;16.2000;17.1640;11.0000;-0.9640
2290;16.2000;17.1633;11.0000;-0.9633
2291;16.2000;17.1626;11.0000;-0.9626
2292;16.2000;17.1619;11.0000;-0.9619
2293;16.2000;17.1612;11.0000;-0.9612
2294;16.2000;17.1605;11.0000;-0.9605
2295;16.2000;17.1598;11.0000;-0.9598
2296;16.2000;17.1591;11.0000;-0.9591
2297;16.2000;17.1585;11.0000;-0.9585
2298;16.2000;17.1578;11.0000;-0.9578
2299;16.2000;17.1571;11.0000;-0.9571
2300;16.2000;17.1564;11.0000;-0.9564
2301;16.2000;17.1557;11.0000;-0.9557
2302;16.2000;17.1550;11.0000;-0.9550
2303;16.2000;17.1544;11.0000;-0.9544
2304;16.2000;17.1537;11.0000;-0.9537
2305;16.2000;17.1530;11.0000;-0.9530
2306;16.2000;17.1523;11.0000;-0.9523
2307;16.2000;17.1516;11.0000;-0.9516
2308;16.2000;17.1510;11.0000;-0.9510
2309;16.2000;17.1503;11.0000;-0.9503
2310;16.2000;17.1496;11.0000;-0.9496
2311;16.2000;17.1489;11.0000;-0.9489
2312;16.2000;17.1482;11.0000;-0.9482
2313;16.1000;17.1476;11.0000;-1.0476
2314;16.1000;17.1469;11.0000;-1.0469
2315;16.1000;17.1462;11.0000;-1.0462
2316;16.1000;17.1455;11.0000;-1.0455
2317;16.1000;17.1449;11.0000;-1.0449
2318;16.1000;17.1442;11.0000;-1.0442
2319;16.1000;17.1435;11.0000;-1.0435
2320;16.1000;17.1428;11.0000;-1.0428
2321;16.1000;17.1422;11.0000;-1.0422
2322;16.1000;17.1415;11.0000;-1.0415
2323;16.1000;17.1408;11.0000;-1.0408
2324;16.1000;17.1402;11.0000;-1.0402
2325;16.1000;17.1395;11.0000;-1.0395
2326;16.1000;17.1388;11.0000;-1.0388
2327;16.1000;17.1381;11.0000;-1.0381
2328;16.1000;17.1375;11.0000;-1.0375
2329;16.1000;17.1368;11.0000;-1.0368
2330;16.1000;17.1361;11.0000;-1.0361
2331;16.1000;17.1355;11.0000;-1.0355
2332;16.1000;17.1348;11.0000;-1.0348
2333;16.1000;17.1341;11.0000;-1.0341
2334;16.1000;17.1335;11.0000;-1.0335
2335;16.1000;17.1328;11.0000;-1.0328
2336;16.1000;17.1321;11.0000;-1.0321
2337;16.1000;17.1315;11.0000;-1.0315
2338;16.1000;17.1308;11.0000;-1.0308
2339;16.1000;17.1302;11.0000;-1.0302
2340;16.1000;17.1295;11.0000;-1.0295
2341;16.1000;17.1288;11.0000;-1.0288
2342;16.1000;17.1282;11.0000;-1.0282
2343;16.1000;17.1275;11.0000;-1.0275
2344;16.1000;17.1268;11.0000;-1.0268
2345;16.1000;17.1262;11.0000;-1.0262
2346;16.1000;17.1255;11.0000;-1.0255
2347;16.1000;17.1249;11.0000;-1.0249
2348;16.1000;17.1242;11.0000;-1.0242
2349;16.1000;17.1235;11.0000;-1.0235
2350;16.1000;17.1229;11.0000;-1.0229
2351;16.1000;17.1222;11.0000;-1.0222
2352;16.1000;17.1216;11.0000;-1.0216
2353;16.1000;17.1209;11.0000;-1.0209
2354;16.1000;17.1203;11.0000;-1.0203
2355;16.1000;17.1196;11.0000;-1.0196
2356;16.1000;17.1190;11.0000;-1.0190
2357;16.1000;17.1183;11.0000;-1.0183
2358;16.1000;17.1176;11.0000;-1.0176
2359;16.1000;17.1170;11.0000;-1.0170
2360;16.1000;17.1163;11.0000;-1.0163
2361;16.1000;17.1157;11.0000;-1.0157
2362;16.1000;17.1150;11.0000;-1.0150
2363;16.1000;17.1144;11.0000;-1.0144
2364;16.1000;17.1137;11.0000;-1.0137
2365;16.1000;17.1131;11.0000;-1.0131
2366;16.1000;17.1124;11.0000;-1.0124
2367;16.1000;17.1118;11.0000;-1.0118
2368;16.1000;17.1111;11.0000;-1.0111
2369;16.1000;17.1105;11.0000;-1.0105
2370;16.1000;17.1098;11.0000;-1.0098
2371;16.1000;17.1092;11.0000;-1.0092
2372;16.1000;17.1085;11.0000;-1.0085
2373;16.0000;17.1079;11.0000;-1.1079
2374;16.0000;17.1072;11.0000;-1.1072
2375;16.0000;17.1066;11.0000;-1.1066
2376;16.0000;17.1060;11.0000;-1.1060
2377;16.0000;17.1053;11.0000;-1.1053
2378;16.0000;17.1047;11.0000;-1.1047
2379;16.0000;17.1040;11.0000;-1.1040
2380;16.0000;17.1034;11.0000;-1.1034
2381;16.0000;17.1027;11.0000;-1.1027
2382;16.0000;17.1021;11.0000;-1.1021
2383;16.0000;17.1015;11.0000;-1.1015
2384;16.0000;17.1008;11.0000;-1.1008
2385;16.0000;17.1002;11.0000;-1.1002
2386;16.0000;17.0995;11.0000;-1.0995
2387;16.0000;17.0989;11.0000;-1.0989
2388;16.0000;17.0983;11.0000;-1.0983
2389;16.0000;17.0976;11.0000;-1.0976
2390;16.0000;17.0970;11.0000;-1.0970
2391;16.0000;17.0963;11.0000;-1.0963
2392;16.0000;17.0957;11.0000;-1.0957
2393;16.0000;17.0951;11.0000;-1.0951
2394;16.0000;17.0944;11.0000;-1.0944
2395;16.0000;17.0938;11.0000;-1.0938
2396;16.0000;17.0932;11.0000;-1.0932
2397;16.0000;17.0925;11.0000;-1.0925
2398;16.0000;17.0919;11.0000;-1.0919
2399;16.0000;17.0913;11.0000;-1.0913
2400;16.0000;17.0906;11.0000;-1.0906
2401;16.0000;17.0900;11.0000;-1.0900
2402;16.0000;17.0894;11.0000;-1.0894
2403;16.0000;17.0887;11.0000;-1.0887
2404;16.0000;17.0881;11.0000;-1.0881
2405;16.0000;17.0875;11.0000;-1.0875
2406;16.0000;17.0868;11.0000;-1.0868
2407;16.0000;17.0862;11.0000;-1.0862
2408;16.0000;17.0856;11.0000;-1.0856
2409;16.0000;17.0849;11.0000;-1.0849
2410;16.0000;17.0843;11.0000;-1.0843
2411;16.0000;17.0837;11.0000;-1.0837
2412;16.0000;17.0831;11.0000;-1.0831
2413;16.0000;17.0824;11.0000;-1.0824
2414;16.0000;17.0818;11.0000;-1.0818
2415;16.0000;17.0812;11.0000;-1.0812
2416;16.0000;17.0806;11.0000;-1.0806
2417;16.0000;17.0799;11.0000;-1.0799
2418;16.0000;17.0793;11.0000;-1.0793
2419;16.0000;17.0787;11.0000;-1.0787
2420;15.9000;17.0781;11.0000;-1.1781
2421;15.9000;17.0774;11.0000;-1.1774
2422;15.9000;17.0768;11.0000;-1.1768
2423;15.9000;17.0762;11.0000;-1.1762
2424;15.9000;17.0756;11.0000;-1.1756
2425;15.9000;17.0749;11.0000;-1.1749
2426;15.9000;17.0743;11.0000;-1.1743
2427;15.9000;17.0737;11.0000;-1.1737
2428;15.9000;17.0731;11.0000;-1.1731
2429;15.9000;17.0725;11.0000;-1.1725
2430;15.9000;17.0718;11.0000;-1.1718
2431;15.9000;17.0712;11.0000;-1.1712
2432;15.9000;17.0706;11.0000;-1.1706
2433;15.9000;17.0700;11.0000;-1.1700
2434;15.9000;17.0694;11.0000;-1.1694
2435;15.9000;17.0688;11.0000;-1.1688
2436;15.9000;17.0681;11.0000;-1.1681
2437;15.8000;17.0675;11.0000;-1.2675
2438;15.8000;17.0669;11.0000;-1.2669
2439;15.8000;17.0663;11.0000;-1.2663
2440;15.8000;17.0657;11.0000;-1.2657
2441;15.8000;17.0651;11.0000;-1.2651
2442;15.8000;17.0645;11.0000;-1.2645
2443;15.8000;17.0638;11.0000;-1.2638
2444;15.8000;17.0632;11.0000;-1.2632
2445;15.8000;17.0626;11.0000;-1.2626
2446;15.8000;17.0620;11.0000;-1.2620
2447;15.8000;17.0614;11.0000;-1.2614
2448;15.8000;17.0608;11.0000;-1.2608
2449;15.8000;17.0602;11.0000;-1.2602
2450;15.8000;17.0596;11.0000;-1.2596
2451;15.8000;17.0590;11.0000;-1.2590
2452;15.8000;17.0583;11.0000;-1.2583
2453;15.8000;17.0577;11.0000;-1.2577
2454;15.8000;17.0571;11.0000;-1.2571
2455;15.8000;17.0565;11.0000;-1.2565
2456;15.8000;17.0559;11.0000;-1.2559
2457;15.8000;17.0553;11.0000;-1.2553
2458;15.8000;17.0547;11.0000;-1.2547
2459;15.8000;17.0541;11.0000;-1.2541
2460;15.8000;17.0535;11.0000;-1.2535
2461;15.8000;17.0529;11.0000;-1.2529
2462;15.8000;17.0523;11.0000;-1.2523
2463;15.8000;17.0517;11.0000;-1.2517
2464;15.8000;17.0511;11.0000;-1.2511
2465;15.8000;17.0505;11.0000;-1.2505
2466;15.7000;17.0499;11.0000;-1.3499
2467;15.7000;17.0493;11.0000;-1.3493
2468;15.7000;17.0487;11.0000;-1.3487
2469;15.7000;17.0481;11.0000;-1.3481
2470;15.7000;17.0475;11.0000;-1.3475
2471;15.7000;17.0469;11.0000;-1.3469
2472;15.7000;17.0463;11.0000;-1.3463
2473;15.7000;17.0457;11.0000;-1.3457
2474;15.7000;17.0451;11.0000;-1.3451
2475;15.7000;17.0445;11.0000;-1.3445
2476;15.7000;17.0439;11.0000;-1.3439
2477;15.7000;17.0433;11.0000;-1.3433
2478;15.7000;17.0427;11.0000;-1.3427
2479;15.7000;17.0421;11.0000;-1.3421
2480;15.7000;17.0415;11.0000;-1.3415
2481;15.7000;17.0409;11.0000;-1.3409
2482;15.7000;17.0403;11.0000;-1.3403
2483;15.7000;17.0397;11.0000;-1.3397
2484;15.7000;17.0391;11.0000;-1.3391
2485;15.7000;17.0385;11.0000;-1.3385
2486;15.7000;17.0379;11.0000;-1.3379
2487;15.7000;17.0373;11.0000;-1.3373
2488;15.7000;17.0367;11.0000;-1.3367
2489;15.7000;17.0361;11.0000;-1.3361
2490;15.7000;17.0356;11.0000;-1.3356
2491;15.7000;17.0350;11.0000;-1.3350
2492;15.7000;17.0344;11.0000;-1.3344
2493;15.7000;17.0338;11.0000;-1.3338
2494;15.7000;17.0332;11.0000;-1.3332
2495;15.7000;17.0326;11.0000;-1.3326
2496;15.7000;17.0320;11.0000;-1.3320
2497;15.7000;17.0314;11.0000;-1.3314
2498;15.7000;17.0308;11.0000;-1.3308
2499;15.6000;17.0303;11.0000;-1.4303
2500;15.6000;17.0297;11.0000;-1.4297
2501;15.6000;17.0291;11.0000;-1.4291
2502;15.6000;17.0285;11.0000;-1.4285
2503;15.6000;17.0279;11.0000;-1.4279
2504;15.6000;17.0273;11.0000;-1.4273
2505;15.6000;17.0267;11.0000;-1.4267
2506;15.6000;17.0262;11.0000;-1.4262
2507;15.6000;17.0256;11.0000;-1.4256
2508;15.6000;17.0250;11.0000;-1.4250
2509;15.6000;17.0244;11.0000;-1.4244
2510;15.6000;17.0238;11.0000;-1.4238
2511;15.6000;17.0232;11.0000;-1.4232
2512;15.6000;17.0227;11.0000;-1.4227
2513;15.6000;17.0221;11.0000;-1.4221
2514;15.6000;17.0215;11.0000;-1.4215
2515;15.6000;17.0209;11.0000;-1.4209
2516;15.6000;17.0203;11.0000;-1.4203
2517;15.6000;17.0198;11.0000;-1.4198
2518;15.6000;17.0192;11.0000;-1.4192
2519;15.6000;17.0186;11.0000;-1.4186
2520;15.6000;17.0180;11.0000;-1.4180
2521;15.6000;17.0174;11.0000;-1.4174
2522;15.6000;17.0169;11.0000;-1.4169
2523;15.6000;17.0163;11.0000;-1.4163
2524;15.6000;17.0157;11.0000;-1.4157
2525;15.6000;17.0151;11.0000;-1.4151
2526;15.6000;17.0146;11.0000;-1.4146
2527;15.6000;17.0140;11.0000;-1.4140
2528;15.6000;17.0134;11.0000;-1.4134
2529;15.6000;17.0128;11.0000;-1.4128
2530;15.6000;17.0123;11.0000;-1.4123
2531;15.6000;17.0117;11.0000;-1.4117
2532;15.6000;17.0111;11.0000;-1.4111
2533;15.6000;17.0105;11.0000;-1.4105
2534;15.6000;17.0100;11.0000;-1.4100
2535;15.6000;17.0094;11.0000;-1.4094
2536;15.6000;17.0088;11.0000;-1.4088
2537;15.6000;17.0083;11.0000;-1.4083
2538;15.6000;17.0077;11.0000;-1.4077
2539;15.6000;17.0071;11.0000;-1.4071
2540;15.6000;17.0066;11.0000;-1.4066
2541;15.6000;17.0060;11.0000;-1.4060
2542;15.6000;17.0054;11.0000;-1.4054
2543;15.6000;17.0049;11.0000;-1.4049
2544;15.6000;17.0043;11.0000;-1.4043
2545;15.6000;17.0037;11.0000;-1.4037
2546;15.6000;17.0031;11.0000;-1.4031
2547;15.6000;17.0026;11.0000;-1.4026
2548;15.6000;17.0020;11.0000;-1.4020
2549;15.6000;17.0015;11.0000;-1.4015
2550;15.6000;17.0009;11.0000;-1.4009
2551;15.6000;17.0003;11.0000;-1.4003
2552;15.6000;16.9998;11.0000;-1.3998
2553;15.6000;16.9992;11.0000;-1.3992
2554;15.6000;16.9986;11.0000;-1.3986
2555;15.6000;16.9981;11.0000;-1.3981
2556;15.6000;16.9975;11.0000;-1.3975
2557;15.6000;16.9969;11.0000;-1.3969
2558;15.6000;16.9964;11.0000;-1.3964
2559;15.6000;16.9958;11.0000;-1.3958
2560;15.6000;16.9953;11.0000;-1.3953
2561;15.6000;16.9947;11.0000;-1.3947
2562;15.6000;16.9941;11.0000;-1.3941
2563;15.6000;16.9936;11.0000;-1.3936
2564;15.6000;16.9930;11.0000;-1.3930
2565;15.6000;16.9925;11.0000;-1.3925
2566;15.6000;16.9919;11.0000;-1.3919
2567;15.6000;16.9913;11.0000;-1.3913
2568;15.6000;16.9908;11.0000;-1.3908
2569;15.6000;16.9902;11.0000;-1.3902
2570;15.6000;16.9897;11.0000;-1.3897
2571;15.6000;16.9891;11.0000;-1.3891
2572;15.6000;16.9886;11.0000;-1.3886
2573;15.6000;16.9880;11.0000;-1.3880
2574;15.6000;16.9875;11.0000;-1.3875
2575;15.6000;16.9869;11.0000;-1.3869
2576;15.6000;16.9863;11.0000;-1.3863
2577;15.6000;16.9858;11.0000;-1.3858
2578;15.6000;16.9852;11.0000;-1.3852
2579;15.6000;16.9847;11.0000;-1.3847
2580;15.6000;16.9841;11.0000;-1.3841
2581;15.6000;16.9836;11.0000;-1.3836
2582;15.6000;16.9830;11.0000;-1.3830
2583;15.5000;16.9825;11.0000;-1.4825
2584;15.5000;16.9819;11.0000;-1.4819
2585;15.5000;16.9814;11.0000;-1.4814
2586;15.5000;16.9808;11.0000;-1.4808
2587;15.5000;16.9803;11.0000;-1.4803
2588;15.5000;16.9797;11.0000;-1.4797
2589;15.5000;16.9792;11.0000;-1.4792
2590;15.5000;16.9786;11.0000;-1.4786
2591;15.5000;16.9781;11.0000;-1.4781
2592;15.5000;16.9775;11.0000;-1.4775
2593;15.5000;16.9770;11.0000;-1.4770
2594;15.5000;16.9765;11.0000;-1.4765
2595;15.5000;16.9759;11.0000;-1.4759
2596;15.5000;16.9754;11.0000;-1.4754
2597;15.5000;16.9748;11.0000;-1.4748
2598;15.5000;16.9743;11.0000;-1.4743
2599;15.5000;16.9737;11.0000;-1.4737
2600;15.5000;16.9732;11.0000;-1.4732
2601;15.5000;16.9726;11.0000;-1.4726
2602;15.5000;16.9721;11.0000;-1.4721
2603;15.5000;16.9716;11.0000;-1.4716
2604;15.5000;16.9710;11.0000;-1.4710
2605;15.5000;16.9705;11.0000;-1.4705
2606;15.5000;16.9699;11.0000;-1.4699
2607;15.5000;16.9694;11.0000;-1.4694
2608;15.5000;16.9688;11.0000;-1.4688
2609;15.5000;16.9683;11.0000;-1.4683
2610;15.5000;16.9678;11.0000;-1.4678
2611;15.5000;16.9672;11.0000;-1.4672
2612;15.5000;16.9667;11.0000;-1.4667
2613;15.5000;16.9662;11.0000;-1.4662
2614;15.5000;16.9656;11.0000;-1.4656
2615;15.5000;16.9651;11.0000;-1.4651
2616;15.5000;16.9645;11.0000;-1.4645
2617;15.5000;16.9640;11.0000;-1.4640
2618;15.5000;16.9635;11.0000;-1.4635
2619;15.5000;16.9629;11.0000;-1.4629
2620;15.5000;16.9624;11.0000;-1.4624
2621;15.5000;16.9619;11.0000;-1.4619
2622;15.4000;16.9613;11.0000;-1.5613
2623;15.4000;16.9608;11.0000;-1.5608
2624;15.4000;16.9603;11.0000;-1.5603
2625;15.4000;16.9597;11.0000;-1.5597
2626;15.4000;16.9592;11.0000;-1.5592
2627;15.4000;16.9587;11.0000;-1.5587
2628;15.4000;16.9581;11.0000;-1.5581
2629;15.4000;16.9576;11.0000;-1.5576
2630;15.4000;16.9571;11.0000;-1.5571
2631;15.4000;16.9565;11.0000;-1.5565
2632;15.4000;16.9560;11.0000;-1.5560
2633;15.4000;16.9555;11.0000;-1.5555
2634;15.4000;16.9549;11.0000;-1.5549
2635;15.4000;16.9544;11.0000;-1.5544
2636;15.4000;16.9539;11.0000;-1.5539
2637;15.4000;16.9534;11.0000;-1.5534
2638;15.4000;16.9528;11.0000;-1.5528
2639;15.4000;16.9523;11.0000;-1.5523
2640;15.4000;16.9518;11.0000;-1.5518
2641;15.4000;16.9512;11.0000;-1.5512
2642;15.4000;16.9507;11.0000;-1.5507
2643;15.4000;16.9502;11.0000;-1.5502
2644;15.4000;16.9497;11.0000;-1.5497
2645;15.4000;16.9491;11.0000;-1.5491
2646;15.4000;16.9486;11.0000;-1.5486
2647;15.4000;16.9481;11.0000;-1.5481
2648;15.3000;16.9476;11.0000;-1.6476
2649;15.3000;16.9470;11.0000;-1.6470
2650;15.3000;16.9465;11.0000;-1.6465
2651;15.3000;16.9460;11.0000;-1.6460
2652;15.3000;16.9455;11.0000;-1.6455
2653;15.3000;16.9449;11.0000;-1.6449
2654;15.3000;16.9444;11.0000;-1.6444
2655;15.3000;16.9439;11.0000;-1.6439
2656;15.3000;16.9434;11.0000;-1.6434
2657;15.3000;16.9429;11.0000;-1.6429
2658;15.3000;16.9423;11.0000;-1.6423
2659;15.3000;16.9418;11.0000;-1.6418
2660;15.3000;16.9413;11.0000;-1.6413
2661;15.3000;16.9408;11.0000;-1.6408
2662;15.3000;16.9403;11.0000;-1.6403
2663;15.3000;16.9397;11.0000;-1.6397
2664;15.3000;16.9392;11.0000;-1.6392
2665;15.3000;16.9387;11.0000;-1.6387
2666;15.3000;16.9382;11.0000;-1.6382
2667;15.3000;16.9377;11.0000;-1.6377
2668;15.3000;16.9372;11.0000;-1.6372
2669;15.3000;16.9366;11.0000;-1.6366
2670;15.3000;16.9361;11.0000;-1.6361
2671;15.3000;16.9356;11.0000;-1.6356
2672;15.3000;16.9351;11.0000;-1.6351
2673;15.3000;16.9346;11.0000;-1.6346
2674;15.3000;16.9341;11.0000;-1.6341
2675;15.3000;16.9336;11.0000;-1.6336
2676;15.3000;16.9330;11.0000;-1.6330
2677;15.3000;16.9325;11.0000;-1.6325
2678;15.3000;16.9320;11.0000;-1.6320
2679;15.3000;16.9315;11.0000;-1.6315
2680;15.3000;16.9310;11.0000;-1.6310
2681;15.3000;16.9305;11.0000;-1.6305
2682;15.3000;16.9300;11.0000;-1.6300
2683;15.3000;16.9295;11.0000;-1.6295
2684;15.3000;16.9290;11.0000;-1.6290
2685;15.3000;16.9284;11.0000;-1.6284
2686;15.3000;16.9279;11.0000;-1.6279
2687;15.3000;16.9274;11.0000;-1.6274
2688;15.3000;16.9269;11.0000;-1.6269
2689;15.3000;16.9264;11.0000;-1.6264
2690;15.3000;16.9259;11.0000;-1.6259
2691;15.3000;16.9254;11.0000;-1.6254
2692;15.3000;16.9249;11.0000;-1.6249
2693;15.3000;16.9244;11.0000;-1.6244
2694;15.3000;16.9239;11.0000;-1.6239
2695;15.3000;16.9234;11.0000;-1.6234
2696;15.3000;16.9229;11.0000;-1.6229
2697;15.3000;16.9224;11.0000;-1.6224
2698;15.3000;16.9219;11.0000;-1.6219
2699;15.3000;16.9213;11.0000;-1.6213
2700;15.3000;16.9208;11.0000;-1.6208
2701;15.3000;16.9203;11.0000;-1.6203
2702;15.2000;16.9198;11.0000;-1.7198
2703;15.2000;16.9193;11.0000;-1.7193
2704;15.2000;16.9188;11.0000;-1.7188
2705;15.2000;16.9183;11.0000;-1.7183
2706;15.2000;16.9178;11.0000;-1.7178
2707;15.2000;16.9173;11.0000;-1.7173
2708;15.2000;16.9168;11.0000;-1.7168
2709;15.2000;16.9163;11.0000;-1.7163
2710;15.2000;16.9158;11.0000;-1.7158
2711;15.2000;16.9153;11.0000;-1.7153
2712;15.2000;16.9148;11.0000;-1.7148
2713;15.2000;16.9143;11.0000;-1.7143
2714;15.2000;16.9138;11.0000;-1.7138
2715;15.2000;16.9133;11.0000;-1.7133
2716;15.2000;16.9128;11.0000;-1.7128
2717;15.2000;16.9123;11.0000;-1.7123
2718;15.2000;16.9118;11.0000;-1.7118
2719;15.2000;16.9113;11.0000;-1.7113
2720;15.2000;16.9108;11.0000;-1.7108
2721;15.2000;16.9103;11.0000;-1.7103
2722;15.2000;16.9099;11.0000;-1.7099
2723;15.2000;16.9094;11.0000;-1.7094
2724;15.2000;16.9089;11.0000;-1.7089
2725;15.2000;16.9084;11.0000;-1.7084
2726;15.2000;16.9079;11.0000;-1.7079
2727;15.2000;16.9074;11.0000;-1.7074
2728;15.2000;16.9069;11.0000;-1.7069
2729;15.2000;16.9064;11.0000;-1.7064
2730;15.2000;16.9059;11.0000;-1.7059
2731;15.2000;16.9054;11.0000;-1.7054
2732;15.2000;16.9049;11.0000;-1.7049
2733;15.2000;16.9044;11.0000;-1.7044
2734;15.2000;16.9039;11.0000;-1.7039
2735;15.2000;16.9034;11.0000;-1.7034
2736;15.2000;16.9030;11.0000;-1.7030
2737;15.2000;16.9025;11.0000;-1.7025
2738;15.2000;16.9020;11.0000;-1.7020
2739;15.2000;16.9015;11.0000;-1.7015
2740;15.2000;16.9010;11.0000;-1.7010
2741;15.2000;16.9005;11.0000;-1.7005
2742;15.2000;16.9000;11.0000;-1.7000
2743;15.2000;16.8995;11.0000;-1.6995
2744;15.2000;16.8990;11.0000;-1.6990
2745;15.2000;16.8986;11.0000;-1.6986
2746;15.2000;16.8981;11.0000;-1.6981
2747;15.2000;16.8976;11.0000;-1.6976
2748;15.2000;16.8971;11.0000;-1.6971
2749;15.2000;16.8966;11.0000;-1.6966
2750;15.2000;16.8961;11.0000;-1.6961
2751;15.2000;16.8956;11.0000;-1.6956
2752;15.2000;16.8952;11.0000;-1.6952
2753;15.2000;16.8947;11.0000;-1.6947
2754;15.2000;16.8942;11.0000;-1.6942
2755;15.2000;16.8937;11.0000;-1.6937
2756;15.2000;16.8932;11.0000;-1.6932
2757;15.2000;16.8927;11.0000;-1.6927
2758;15.2000;16.8923;11.0000;-1.6923
2759;15.2000;16.8918;11.0000;-1.6918
2760;15.2000;16.8913;11.0000;-1.6913
2761;15.2000;16.8908;11.0000;-1.6908
2762;15.2000;16.8903;11.0000;-1.6903
2763;15.2000;16.8899;11.0000;-1.6899
2764;15.2000;16.8894;11.0000;-1.6894
