data_czas,temperatura_powietrza_C,punkt_rosy_C,opad_mm,wiatr_m_s,naslonecznienie_sekundy
2025-11-01T00:00,6.0,-6.5,0.0,0.52,0.0
2025-11-01T01:00,5.1,-7.3,0.0,0.91,0.0
2025-11-01T02:00,8.0,-3.6,0.0,1.07,2860.88
2025-11-01T03:00,15.5,0.8,0.0,1.13,3600.0
2025-11-01T04:00,19.2,-2.1,0.0,1.95,3600.0
2025-11-01T05:00,20.6,0.8,0.0,2.41,3600.0
2025-11-01T06:00,20.9,2.9,0.0,2.31,3600.0
2025-11-01T07:00,20.9,5.1,0.0,3.03,3600.0
2025-11-01T08:00,20.6,6.5,0.0,2.76,3600.0
2025-11-01T09:00,19.8,8.5,0.0,2.51,3600.0
2025-11-01T10:00,19.1,9.3,0.0,2.44,3600.0
2025-11-01T11:00,17.0,10.9,0.0,1.74,3600.0
2025-11-01T12:00,14.7,10.4,0.0,0.35,3432.59
2025-11-01T13:00,12.1,9.3,0.0,0.95,0.0
2025-11-01T14:00,10.2,7.0,0.0,1.24,0.0
2025-11-01T15:00,8.9,4.5,0.0,1.3,0.0
2025-11-01T16:00,8.0,2.3,0.0,1.66,0.0
2025-11-01T17:00,7.4,1.2,0.0,1.32,0.0
2025-11-01T18:00,7.3,0.1,0.0,0.57,0.0
2025-11-01T19:00,6.6,-1.1,0.0,0.9,0.0
2025-11-01T20:00,6.3,-1.3,0.0,1.05,0.0
2025-11-01T21:00,6.4,-2.2,0.0,0.97,0.0
2025-11-01T22:00,5.9,-3.7,0.0,1.08,0.0
2025-11-01T23:00,5.3,-4.9,0.0,0.97,0.0
2025-11-02T00:00,4.8,-3.9,0.0,0.51,0.0
2025-11-02T01:00,4.1,-6.0,0.0,1.08,0.0
2025-11-02T02:00,7.2,-4.3,0.0,1.08,2810.73
2025-11-02T03:00,14.6,1.8,0.0,1.25,3600.0
2025-11-02T04:00,18.8,-4.1,0.0,2.29,3600.0
2025-11-02T05:00,20.0,1.8,0.0,2.68,3600.0
2025-11-02T06:00,20.0,5.7,0.0,2.67,3600.0
2025-11-02T07:00,20.0,8.2,0.8,3.14,3600.0
2025-11-02T08:00,19.8,7.9,1.2,2.79,3600.0
2025-11-02T09:00,19.5,7.7,0.0,2.23,3600.0
2025-11-02T10:00,18.7,7.8,0.0,2.83,3600.0
2025-11-02T11:00,16.4,9.8,0.0,2.12,3600.0
2025-11-02T12:00,13.2,10.3,0.0,0.35,3381.11
2025-11-02T13:00,11.3,9.3,0.0,0.65,0.0
2025-11-02T14:00,9.5,7.5,0.0,0.25,0.0
2025-11-02T15:00,8.3,5.0,0.0,0.25,0.0
2025-11-02T16:00,7.3,2.2,0.0,0.54,0.0
2025-11-02T17:00,6.8,0.6,0.0,0.89,0.0
2025-11-02T18:00,6.7,0.2,0.0,0.63,0.0
2025-11-02T19:00,5.8,-0.1,0.0,1.08,0.0
2025-11-02T20:00,5.4,1.4,0.1,1.12,0.0
2025-11-02T21:00,5.6,-1.4,0.0,1.06,0.0
2025-11-02T22:00,5.0,-4.6,0.0,1.15,0.0
2025-11-02T23:00,4.8,-6.8,0.0,1.11,0.0
2025-11-03T00:00,5.8,-8.0,0.0,0.47,0.0
2025-11-03T01:00,5.9,-8.6,0.0,0.54,0.0
2025-11-03T02:00,8.4,-3.7,0.0,0.92,2760.37
2025-11-03T03:00,15.6,0.8,0.0,0.92,3600.0
2025-11-03T04:00,19.5,-2.8,0.0,1.89,3600.0
2025-11-03T05:00,20.9,0.2,0.0,2.11,3600.0
2025-11-03T06:00,21.1,1.6,0.0,2.35,3600.0
2025-11-03T07:00,21.3,3.7,0.0,2.95,3600.0
2025-11-03T08:00,20.5,6.3,0.0,2.97,3600.0
2025-11-03T09:00,19.8,6.9,0.0,2.75,3600.0
2025-11-03T10:00,18.7,7.2,0.0,2.31,3600.0
2025-11-03T11:00,16.9,8.9,0.0,1.86,3600.0
2025-11-03T12:00,13.0,8.4,0.0,0.41,3331.35
2025-11-03T13:00,11.4,7.5,0.0,0.45,0.0
2025-11-03T14:00,9.7,6.1,0.0,0.9,0.0
2025-11-03T15:00,8.4,4.2,0.0,0.64,0.0
2025-11-03T16:00,7.4,2.6,0.0,0.71,0.0
2025-11-03T17:00,6.7,0.8,0.0,0.76,0.0
2025-11-03T18:00,8.8,1.0,0.0,0.39,0.0
2025-11-03T19:00,8.0,-0.2,0.0,0.32,0.0
2025-11-03T20:00,7.4,-0.7,0.0,0.64,0.0
2025-11-03T21:00,7.5,-0.8,0.0,0.68,0.0
2025-11-03T22:00,7.4,-0.8,0.0,0.79,0.0
2025-11-03T23:00,7.0,-0.7,0.0,0.92,0.0
2025-11-04T00:00,7.2,0.0,1.6,0.57,0.0
2025-11-04T01:00,6.1,0.2,0.0,0.96,0.0
2025-11-04T02:00,8.3,1.8,1.0,1.41,2709.55
2025-11-04T03:00,10.9,6.7,1.4,1.99,3600.0
2025-11-04T04:00,12.6,9.1,0.8,2.43,3600.0
2025-11-04T05:00,13.6,7.0,1.0,2.23,3600.0
2025-11-04T06:00,13.9,5.1,0.3,2.35,3600.0
2025-11-04T07:00,14.7,5.8,0.0,2.75,3600.0
2025-11-04T08:00,14.0,6.4,0.0,2.43,3600.0
2025-11-04T09:00,14.0,6.4,0.0,2.3,3600.0
2025-11-04T10:00,13.2,5.8,0.1,2.26,3600.0
2025-11-04T11:00,12.2,5.0,0.0,1.72,3600.0
2025-11-04T12:00,9.8,6.3,0.7,0.56,3282.72
2025-11-04T13:00,8.8,3.7,0.2,0.99,0.0
2025-11-04T14:00,8.0,1.8,0.2,0.85,0.0
2025-11-04T15:00,7.3,-3.0,0.4,1.03,0.0
2025-11-04T16:00,6.0,2.6,2.9,1.1,0.0
2025-11-04T17:00,6.3,3.1,2.0,1.17,0.0
2025-11-04T18:00,7.9,4.7,1.4,0.6,0.0
2025-11-04T19:00,8.1,3.6,0.3,0.9,0.0
2025-11-04T20:00,7.9,4.0,0.4,0.29,0.0
2025-11-04T21:00,7.3,3.5,1.0,0.22,0.0
2025-11-04T22:00,7.5,3.7,2.8,0.3,0.0
2025-11-04T23:00,7.8,4.4,2.0,0.29,0.0
2025-11-05T00:00,7.9,5.5,0.5,0.2,0.0
2025-11-05T01:00,8.2,4.7,0.1,0.29,0.0
2025-11-05T02:00,8.9,2.6,0.5,0.3,410.77
2025-11-05T03:00,9.8,5.0,2.5,0.4,3600.0
2025-11-05T04:00,11.0,4.0,2.5,0.97,3600.0
2025-11-05T05:00,12.1,4.9,0.7,1.3,3600.0
2025-11-05T06:00,12.1,5.2,0.1,1.63,3600.0
2025-11-05T07:00,13.1,4.2,0.1,1.63,3600.0
2025-11-05T08:00,11.9,4.5,0.1,1.91,3600.0
2025-11-05T09:00,13.1,4.5,0.0,1.98,3600.0
2025-11-05T10:00,12.3,5.8,0.0,1.65,3600.0
2025-11-05T11:00,11.0,6.3,0.1,1.35,3600.0
2025-11-05T12:00,8.8,3.3,0.0,0.49,3235.14
2025-11-05T13:00,7.3,3.7,1.9,0.56,0.0
2025-11-05T14:00,5.6,3.8,2.3,0.6,0.0
2025-11-05T15:00,3.8,1.8,3.3,1.06,0.0
2025-11-05T16:00,2.4,-1.3,0.3,1.36,0.0
2025-11-05T17:00,1.0,-6.3,3.6,1.48,0.0
2025-11-05T18:00,-0.4,-7.0,1.8,0.86,0.0
2025-11-05T19:00,-2.0,-8.1,2.1,1.55,0.0
2025-11-05T20:00,-2.0,-11.1,2.6,1.48,0.0
2025-11-05T21:00,-1.3,-8.0,0.3,1.57,0.0
2025-11-05T22:00,-0.6,-9.2,0.0,1.52,0.0
2025-11-05T23:00,-0.1,-6.2,1.1,1.3,0.0
2025-11-06T00:00,-1.4,-15.0,0.0,0.51,0.0
2025-11-06T01:00,-2.5,-17.9,0.0,1.11,0.0
2025-11-06T02:00,-0.3,-17.7,0.0,1.15,2606.12
2025-11-06T03:00,8.1,-13.6,0.0,0.94,3600.0
2025-11-06T04:00,13.1,-9.5,0.0,0.6,3600.0
2025-11-06T05:00,14.8,-7.6,0.0,0.93,3600.0
2025-11-06T06:00,15.2,-4.8,0.0,1.9,3600.0
2025-11-06T07:00,15.9,-7.8,0.0,1.93,3600.0
2025-11-06T08:00,15.8,-6.6,0.0,2.07,3600.0
2025-11-06T09:00,15.5,-4.1,0.0,2.2,3600.0
2025-11-06T10:00,14.4,-1.3,0.0,2.03,3600.0
2025-11-06T11:00,11.9,0.8,0.0,1.49,3600.0
2025-11-06T12:00,9.9,-1.8,0.0,0.21,3188.66
2025-11-06T13:00,8.0,-2.4,0.0,0.29,0.0
2025-11-06T14:00,5.8,-3.2,0.0,0.11,0.0
2025-11-06T15:00,3.5,-4.7,0.0,0.4,0.0
2025-11-06T16:00,2.5,-7.5,0.0,0.66,0.0
2025-11-06T17:00,1.1,-10.8,0.0,0.81,0.0
2025-11-06T18:00,-0.1,-12.2,0.0,0.47,0.0
2025-11-06T19:00,-1.4,-14.7,0.0,1.11,0.0
2025-11-06T20:00,-1.8,-16.2,0.0,1.15,0.0
2025-11-06T21:00,-2.0,-17.4,0.0,1.2,0.0
2025-11-06T22:00,-2.3,-18.8,0.0,1.35,0.0
2025-11-06T23:00,-2.7,-20.7,0.0,1.39,0.0
2025-11-07T00:00,-2.6,-18.7,0.0,0.65,0.0
2025-11-07T01:00,-3.0,-20.8,0.0,1.27,0.0
2025-11-07T02:00,-1.0,-21.0,0.0,1.38,2553.62
2025-11-07T03:00,8.3,-14.5,0.0,1.0,3600.0
2025-11-07T04:00,14.5,-11.6,0.0,0.54,3600.0
2025-11-07T05:00,16.6,-11.6,0.0,0.39,3600.0
2025-11-07T06:00,16.8,-6.7,0.0,1.91,3600.0
2025-11-07T07:00,17.1,-10.4,0.0,2.0,3600.0
2025-11-07T08:00,16.7,-8.9,0.0,1.86,3600.0
2025-11-07T09:00,16.3,-6.2,0.0,1.74,3600.0
2025-11-07T10:00,15.4,-3.2,0.0,1.64,3600.0
2025-11-07T11:00,12.7,-0.9,0.0,0.76,3600.0
2025-11-07T12:00,10.8,-2.8,0.0,0.32,3143.32
2025-11-07T13:00,8.7,-3.2,0.0,0.32,0.0
2025-11-07T14:00,5.8,-4.0,0.0,0.3,0.0
2025-11-07T15:00,2.5,-6.4,0.0,0.67,0.0
2025-11-07T16:00,0.2,-9.9,0.0,1.03,0.0
2025-11-07T17:00,-0.8,-13.1,0.0,1.27,0.0
2025-11-07T18:00,-0.8,-14.2,0.0,0.7,0.0
2025-11-07T19:00,-1.8,-15.9,0.0,1.31,0.0
2025-11-07T20:00,-2.1,-16.4,0.0,1.33,0.0
2025-11-07T21:00,-2.0,-16.6,0.0,1.33,0.0
2025-11-07T22:00,-1.8,-16.5,0.0,1.3,0.0
2025-11-07T23:00,-1.9,-16.3,0.0,1.33,0.0
2025-11-08T00:00,-1.9,-15.3,0.0,0.63,0.0
2025-11-08T01:00,-2.3,-16.4,0.0,1.17,0.0
2025-11-08T02:00,-0.1,-16.6,0.0,1.21,2500.69
2025-11-08T03:00,8.7,-11.4,0.0,0.96,3600.0
2025-11-08T04:00,14.7,-5.0,0.0,1.32,3600.0
2025-11-08T05:00,16.3,-5.5,0.0,1.97,3600.0
2025-11-08T06:00,16.0,-3.0,0.0,2.47,3600.0
2025-11-08T07:00,16.6,-4.8,0.0,2.13,3600.0
2025-11-08T08:00,14.0,-1.5,0.0,2.2,3600.0
2025-11-08T09:00,13.5,-1.1,0.0,2.06,3600.0
2025-11-08T10:00,12.5,0.3,0.0,1.88,3600.0
2025-11-08T11:00,10.3,0.2,0.0,0.92,3600.0
2025-11-08T12:00,9.8,-0.7,0.6,0.27,3099.18
2025-11-08T13:00,7.8,-1.5,0.0,0.11,0.0
2025-11-08T14:00,4.8,-2.1,0.1,0.72,0.0
2025-11-08T15:00,2.9,-4.2,0.0,0.92,0.0
2025-11-08T16:00,0.8,-8.5,0.0,1.26,0.0
2025-11-08T17:00,-0.5,-11.4,0.0,1.6,0.0
2025-11-08T18:00,0.6,-11.0,0.0,0.96,0.0
2025-11-08T19:00,-1.4,-13.2,0.0,1.7,0.0
2025-11-08T20:00,-2.7,-13.4,0.0,1.73,0.0
2025-11-08T21:00,-2.8,-13.4,0.0,1.82,0.0
2025-11-08T22:00,-2.6,-13.9,0.0,1.82,0.0
2025-11-08T23:00,-2.5,-14.5,0.0,1.77,0.0
2025-11-09T00:00,-1.2,-12.5,0.0,0.84,0.0
2025-11-09T01:00,-3.1,-15.0,0.0,1.6,0.0
2025-11-09T02:00,-1.6,-14.5,0.0,1.76,2447.38
2025-11-09T03:00,5.6,-9.6,0.0,1.42,3600.0
2025-11-09T04:00,11.6,-4.3,0.0,0.81,3600.0
2025-11-09T05:00,13.0,-3.8,0.0,0.74,3600.0
2025-11-09T06:00,16.6,-4.0,0.0,1.64,3600.0
2025-11-09T07:00,14.0,-5.0,0.0,2.01,3600.0
2025-11-09T08:00,13.7,-4.1,0.0,1.95,3600.0
2025-11-09T09:00,13.3,-2.7,0.0,1.84,3600.0
2025-11-09T10:00,12.4,-0.9,0.0,1.73,3600.0
2025-11-09T11:00,10.2,-1.0,0.0,0.99,3600.0
2025-11-09T12:00,10.2,-3.6,0.0,0.39,3056.28
2025-11-09T13:00,7.8,-4.4,0.0,0.46,0.0
2025-11-09T14:00,6.1,-5.1,0.0,0.32,0.0
2025-11-09T15:00,4.3,-7.9,0.0,0.47,0.0
2025-11-09T16:00,2.9,-9.4,0.0,0.74,0.0
2025-11-09T17:00,2.1,-10.3,0.0,0.97,0.0
2025-11-09T18:00,2.1,-10.2,0.0,0.6,0.0
2025-11-09T19:00,-0.5,-11.6,0.0,1.14,0.0
2025-11-09T20:00,-0.7,-11.6,0.0,1.25,0.0
2025-11-09T21:00,-0.4,-11.8,0.0,1.21,0.0
2025-11-09T22:00,-0.7,-12.7,0.0,1.19,0.0
2025-11-09T23:00,-0.7,-13.8,0.0,1.23,0.0
2025-11-10T00:00,-0.6,-12.4,0.0,0.67,0.0
2025-11-10T01:00,-2.1,-14.8,0.0,1.33,0.0
2025-11-10T02:00,-0.3,-14.5,0.0,1.35,2393.76
2025-11-10T03:00,6.9,-8.8,0.0,1.03,3600.0
2025-11-10T04:00,11.6,-3.3,0.0,1.16,3600.0
2025-11-10T05:00,13.3,-4.1,0.0,1.7,3600.0
2025-11-10T06:00,16.2,-4.8,0.0,2.45,3600.0
2025-11-10T07:00,13.7,-3.9,0.0,2.08,3600.0
2025-11-10T08:00,13.5,-2.6,0.0,2.11,3600.0
2025-11-10T09:00,13.2,-2.0,0.0,2.06,3600.0
2025-11-10T10:00,12.2,-0.9,0.0,1.79,3600.0
2025-11-10T11:00,9.8,-1.0,0.0,1.08,3600.0
2025-11-10T12:00,9.6,-3.4,0.5,0.39,3014.66
2025-11-10T13:00,7.1,-8.3,0.5,0.3,0.0
2025-11-10T14:00,4.7,-3.1,0.5,0.53,0.0
2025-11-10T15:00,2.7,-5.8,0.7,0.83,0.0
2025-11-10T16:00,1.6,-7.8,0.6,1.1,0.0
2025-11-10T17:00,0.7,-7.3,1.1,1.87,0.0
2025-11-10T18:00,2.1,-11.4,0.5,1.01,0.0
2025-11-10T19:00,1.3,-11.1,2.3,1.27,0.0
2025-11-10T20:00,0.8,-13.5,0.4,0.99,0.0
2025-11-10T21:00,0.2,-6.2,2.5,1.81,0.0
2025-11-10T22:00,0.3,-9.3,0.5,1.1,0.0
2025-11-10T23:00,0.0,-12.2,0.2,1.12,0.0
2025-11-11T00:00,-0.9,-12.5,0.0,0.94,0.0
2025-11-11T01:00,-2.0,-13.1,0.0,1.3,0.0
2025-11-11T02:00,-0.6,-15.5,0.0,1.12,2339.89
2025-11-11T03:00,7.5,-15.6,0.0,0.96,3600.0
2025-11-11T04:00,12.7,-10.1,0.0,1.35,3600.0
2025-11-11T05:00,14.9,-9.4,0.0,2.3,3600.0
2025-11-11T06:00,14.9,-10.7,0.0,2.84,3600.0
2025-11-11T07:00,15.7,-9.7,0.0,2.5,3600.0
2025-11-11T08:00,15.6,-7.5,0.0,2.34,3600.0
2025-11-11T09:00,15.3,-5.6,0.0,2.44,3600.0
2025-11-11T10:00,12.1,-2.5,0.0,2.08,3600.0
2025-11-11T11:00,11.9,-4.7,0.0,1.42,3600.0
2025-11-11T12:00,9.2,-4.6,0.0,0.56,2974.39
2025-11-11T13:00,6.7,-6.0,0.0,0.52,0.0
2025-11-11T14:00,4.9,-7.4,0.0,0.43,0.0
2025-11-11T15:00,2.8,-9.2,0.0,0.58,0.0
2025-11-11T16:00,1.6,-10.9,0.0,0.76,0.0
2025-11-11T17:00,0.7,-11.9,0.0,0.94,0.0
2025-11-11T18:00,1.2,-10.9,0.0,0.64,0.0
2025-11-11T19:00,-0.2,-12.0,0.0,1.14,0.0
2025-11-11T20:00,-0.5,-12.5,0.0,1.3,0.0
2025-11-11T21:00,-1.0,-13.3,0.0,1.35,0.0
2025-11-11T22:00,-1.2,-14.3,0.0,1.41,0.0
2025-11-11T23:00,-1.0,-15.5,0.0,1.37,0.0
2025-11-12T00:00,-1.9,-13.8,0.0,0.85,0.0
2025-11-12T01:00,-2.2,-16.7,0.0,1.39,0.0
2025-11-12T02:00,-1.7,-17.9,0.0,1.35,2285.84
2025-11-12T03:00,5.2,-14.9,0.0,0.97,3600.0
2025-11-12T04:00,10.3,-7.1,0.0,1.4,3600.0
2025-11-12T05:00,13.1,-6.0,0.0,2.02,3600.0
2025-11-12T06:00,15.9,-4.0,0.0,2.44,3600.0
2025-11-12T07:00,13.4,-4.2,0.0,2.07,3600.0
2025-11-12T08:00,13.4,-2.8,0.0,1.95,3600.0
2025-11-12T09:00,13.0,-1.4,0.0,2.02,3600.0
2025-11-12T10:00,12.3,-0.8,0.0,1.94,3600.0
2025-11-12T11:00,9.1,-0.4,0.0,1.44,3600.0
2025-11-12T12:00,9.8,-3.2,0.0,0.49,2935.51
2025-11-12T13:00,7.5,-4.5,0.0,0.59,0.0
2025-11-12T14:00,7.0,-5.6,0.2,0.22,0.0
2025-11-12T15:00,5.9,-6.9,0.2,0.4,0.0
2025-11-12T16:00,4.9,-7.7,0.0,0.52,0.0
2025-11-12T17:00,3.4,-8.2,0.0,0.82,0.0
2025-11-12T18:00,3.3,-7.1,0.0,0.47,0.0
2025-11-12T19:00,0.4,-8.5,0.0,1.12,0.0
2025-11-12T20:00,-0.5,-8.9,0.0,1.36,0.0
2025-11-12T21:00,-1.2,-9.6,0.0,1.39,0.0
2025-11-12T22:00,-1.7,-10.4,0.0,1.43,0.0
2025-11-12T23:00,-2.2,-11.2,0.0,1.47,0.0
2025-11-13T00:00,-1.6,-10.3,0.0,0.74,0.0
2025-11-13T01:00,-3.2,-12.5,0.0,1.48,0.0
2025-11-13T02:00,-2.1,-12.3,0.0,1.64,2231.66
2025-11-13T03:00,4.5,-8.8,0.0,1.46,3600.0
2025-11-13T04:00,9.7,-4.0,0.0,1.15,3600.0
2025-11-13T05:00,11.5,-3.7,0.0,1.11,3600.0
2025-11-13T06:00,14.8,-3.2,0.0,0.79,3600.0
2025-11-13T07:00,12.8,-4.6,0.0,1.38,3600.0
2025-11-13T08:00,12.8,-4.0,0.0,1.75,3600.0
2025-11-13T09:00,12.2,-2.2,0.0,1.71,3600.0
2025-11-13T10:00,11.2,0.0,0.0,1.5,3600.0
2025-11-13T11:00,8.3,-0.2,0.0,1.19,3600.0
2025-11-13T12:00,8.5,-2.1,0.0,0.36,2898.07
2025-11-13T13:00,6.4,-3.4,0.0,0.25,0.0
2025-11-13T14:00,5.0,-4.3,0.0,0.22,0.0
2025-11-13T15:00,2.7,-6.7,0.0,0.52,0.0
2025-11-13T16:00,0.1,-10.3,0.0,0.96,0.0
2025-11-13T17:00,-1.2,-13.3,0.0,1.3,0.0
2025-11-13T18:00,-1.4,-13.0,0.0,0.66,0.0
2025-11-13T19:00,-3.6,-15.7,0.0,1.5,0.0
2025-11-13T20:00,-3.7,-16.4,0.0,1.6,0.0
2025-11-13T21:00,-3.6,-16.6,0.0,1.65,0.0
2025-11-13T22:00,-3.5,-16.8,0.0,1.75,0.0
2025-11-13T23:00,-3.4,-17.2,0.0,1.8,0.0
2025-11-14T00:00,-2.5,-16.4,0.0,0.82,0.0
2025-11-14T01:00,-4.2,-17.6,0.0,1.9,0.0
2025-11-14T02:00,-2.8,-16.7,0.0,1.91,2177.42
2025-11-14T03:00,4.3,-11.2,0.0,1.65,3600.0
2025-11-14T04:00,10.2,-5.2,0.0,1.05,3600.0
2025-11-14T05:00,12.8,-5.9,0.0,0.29,3600.0
2025-11-14T06:00,15.8,2.3,0.0,0.47,3600.0
2025-11-14T07:00,13.6,-4.2,0.0,0.72,3600.0
2025-11-14T08:00,13.0,-2.7,0.0,1.16,3600.0
2025-11-14T09:00,12.5,-1.5,0.0,1.46,3600.0
2025-11-14T10:00,11.7,-0.3,0.0,1.45,3600.0
2025-11-14T11:00,9.1,-1.5,0.0,0.96,3600.0
2025-11-14T12:00,9.2,-2.7,0.0,0.25,2862.13
2025-11-14T13:00,7.0,-4.3,0.0,0.18,0.0
2025-11-14T14:00,5.1,-4.9,0.0,0.22,0.0
2025-11-14T15:00,2.9,-6.6,0.0,0.51,0.0
2025-11-14T16:00,1.4,-8.7,0.0,0.85,0.0
2025-11-14T17:00,0.8,-10.7,0.0,1.0,0.0
2025-11-14T18:00,1.3,-10.5,0.0,0.5,0.0
2025-11-14T19:00,-0.4,-13.0,0.0,1.25,0.0
2025-11-14T20:00,-0.2,-13.8,0.0,1.21,0.0
2025-11-14T21:00,0.4,-14.2,0.0,1.2,0.0
2025-11-14T22:00,0.8,-14.3,0.0,1.15,0.0
2025-11-14T23:00,0.9,-14.4,0.0,1.11,0.0
2025-11-15T00:00,-0.3,-12.5,0.0,0.62,0.0
2025-11-15T01:00,-2.4,-14.7,0.0,1.36,0.0
2025-11-15T02:00,-1.2,-14.8,0.0,1.41,2123.2
2025-11-15T03:00,6.4,-11.0,0.0,1.01,3600.0
2025-11-15T04:00,11.9,-6.2,0.0,0.52,3600.0
2025-11-15T05:00,13.4,-5.7,0.0,0.46,3600.0
2025-11-15T06:00,16.9,-3.6,0.0,1.91,3600.0
2025-11-15T07:00,13.9,-3.1,0.0,1.81,3600.0
2025-11-15T08:00,13.7,-3.1,0.0,1.91,3600.0
2025-11-15T09:00,12.9,-1.6,0.0,1.65,3600.0
2025-11-15T10:00,12.0,-0.2,0.0,1.45,3600.0
2025-11-15T11:00,10.0,-0.9,0.0,0.65,3600.0
2025-11-15T12:00,9.3,-3.0,0.0,0.15,2827.75
2025-11-15T13:00,7.1,-4.5,0.0,0.16,0.0
2025-11-15T14:00,5.1,-5.1,0.0,0.32,0.0
2025-11-15T15:00,2.7,-6.8,0.0,0.65,0.0
2025-11-15T16:00,1.1,-8.8,0.0,1.05,0.0
2025-11-15T17:00,0.6,-10.9,0.0,1.35,0.0
2025-11-15T18:00,1.2,-10.2,0.0,0.7,0.0
2025-11-15T19:00,-0.3,-12.7,0.0,1.55,0.0
2025-11-15T20:00,-0.2,-13.8,0.0,1.5,0.0
2025-11-15T21:00,0.0,-14.2,0.0,1.6,0.0
2025-11-15T22:00,0.3,-14.8,0.0,1.6,0.0
2025-11-15T23:00,0.3,-15.4,0.0,1.55,0.0
2025-11-16T00:00,0.5,-13.3,0.0,0.76,0.0
2025-11-16T01:00,-1.6,-15.5,0.0,1.75,0.0
2025-11-16T02:00,-0.7,-15.2,0.0,1.85,2069.06
2025-11-16T03:00,6.1,-9.5,0.0,1.76,3600.0
2025-11-16T04:00,11.9,-4.9,0.0,1.14,3600.0
2025-11-16T05:00,14.8,-6.7,0.0,0.32,3600.0
2025-11-16T06:00,19.2,-5.4,0.0,0.36,3600.0
2025-11-16T07:00,16.2,-7.2,0.0,0.14,3600.0
2025-11-16T08:00,15.9,-5.8,0.0,0.25,3600.0
2025-11-16T09:00,14.8,-3.0,0.0,0.86,3600.0
2025-11-16T10:00,13.3,0.1,0.0,1.2,3600.0
2025-11-16T11:00,11.1,0.6,0.0,0.72,3600.0
2025-11-16T12:00,10.7,-1.1,0.0,0.25,2794.96
2025-11-16T13:00,8.1,-2.6,0.0,0.15,0.0
2025-11-16T14:00,5.3,-4.0,0.0,0.75,0.0
2025-11-16T15:00,3.7,-5.9,0.0,1.45,0.0
2025-11-16T16:00,3.6,-7.8,0.0,1.65,0.0
2025-11-16T17:00,3.9,-9.3,0.0,1.65,0.0
2025-11-16T18:00,4.4,-8.3,0.0,0.75,0.0
2025-11-16T19:00,3.5,-10.2,0.0,1.56,0.0
2025-11-16T20:00,3.4,-11.2,0.0,1.41,0.0
2025-11-16T21:00,3.8,-11.4,0.0,1.36,0.0
2025-11-16T22:00,3.8,-11.4,0.0,1.32,0.0
2025-11-16T23:00,3.7,-11.5,0.0,1.36,0.0
2025-11-17T00:00,4.7,-9.2,0.0,0.6,0.0
2025-11-17T01:00,3.3,-10.4,0.0,1.36,0.0
2025-11-17T02:00,4.6,-9.6,0.0,1.3,2015.07
2025-11-17T03:00,10.9,-4.4,0.0,0.9,3600.0
2025-11-17T04:00,16.0,-4.6,0.0,0.05,3600.0
2025-11-17T05:00,16.5,-3.9,0.0,0.45,3600.0
2025-11-17T06:00,21.0,-1.0,0.0,2.0,3600.0
2025-11-17T07:00,16.0,-0.5,0.0,1.75,3600.0
2025-11-17T08:00,15.4,-0.0,0.0,1.7,3600.0
2025-11-17T09:00,15.0,0.2,0.0,1.55,3600.0
2025-11-17T10:00,14.4,0.8,0.0,1.26,3600.0
2025-11-17T11:00,13.1,0.1,0.0,0.43,3600.0
2025-11-17T12:00,12.1,-1.5,0.0,0.18,2763.84
2025-11-17T13:00,10.0,-2.6,0.0,0.18,0.0
2025-11-17T14:00,8.6,-2.8,0.0,0.22,0.0
2025-11-17T15:00,7.7,-3.3,0.0,0.22,0.0
2025-11-17T16:00,6.7,-4.1,0.0,0.27,0.0
2025-11-17T17:00,6.0,-5.2,0.0,0.43,0.0
2025-11-17T18:00,7.2,-4.6,0.0,0.34,0.0
2025-11-17T19:00,5.5,-6.8,0.0,0.36,0.0
2025-11-17T20:00,4.5,-7.7,0.0,0.47,0.0
2025-11-17T21:00,3.8,-8.1,0.0,0.43,0.0
2025-11-17T22:00,3.2,-8.3,0.0,0.59,0.0
2025-11-17T23:00,2.9,-8.6,0.0,0.68,0.0
2025-11-18T00:00,4.3,-7.2,0.0,0.38,0.0
2025-11-18T01:00,2.7,-9.3,0.0,0.81,0.0
2025-11-18T02:00,3.7,-8.7,0.0,0.81,1961.29
2025-11-18T03:00,10.3,-3.4,0.0,0.56,3600.0
2025-11-18T04:00,14.6,-3.9,0.0,0.21,3600.0
2025-11-18T05:00,15.3,-2.4,0.0,0.67,3600.0
2025-11-18T06:00,19.3,1.4,0.0,2.21,3600.0
2025-11-18T07:00,19.6,-1.3,0.0,2.86,3600.0
2025-11-18T08:00,19.1,-0.4,0.0,2.66,3600.0
2025-11-18T09:00,18.5,1.0,0.0,2.35,3600.0
2025-11-18T10:00,17.3,3.1,0.0,1.78,3600.0
2025-11-18T11:00,13.4,5.2,0.0,0.76,3600.0
2025-11-18T12:00,11.3,1.7,0.0,0.2,2734.43
2025-11-18T13:00,10.3,1.5,0.0,0.1,0.0
2025-11-18T14:00,8.9,1.2,0.0,0.34,0.0
2025-11-18T15:00,7.3,-0.1,0.0,0.62,0.0
2025-11-18T16:00,7.0,-1.6,0.0,0.62,0.0
2025-11-18T17:00,6.4,-3.5,0.0,0.78,0.0
2025-11-18T18:00,6.3,-5.4,0.0,0.32,0.0
2025-11-18T19:00,6.7,-6.6,0.0,0.3,0.0
2025-11-18T20:00,6.6,-7.5,0.0,0.21,0.0
2025-11-18T21:00,6.4,-8.1,0.0,0.22,0.0
2025-11-18T22:00,5.2,-2.6,2.1,0.96,0.0
2025-11-18T23:00,6.0,-1.2,1.6,0.78,0.0
2025-11-19T00:00,5.0,-0.7,0.0,1.44,0.0
2025-11-19T01:00,5.2,-0.1,0.4,1.17,0.0
2025-11-19T02:00,7.0,0.9,0.5,1.1,1431.77
2025-11-19T03:00,11.3,5.0,0.3,1.79,3600.0
2025-11-19T04:00,15.6,5.8,1.6,0.5,3600.0
2025-11-19T05:00,16.7,6.0,1.1,1.26,3600.0
2025-11-19T06:00,17.6,2.6,0.2,1.65,3600.0
2025-11-19T07:00,18.5,0.3,0.0,2.5,3600.0
2025-11-19T08:00,18.2,0.4,0.0,2.75,3600.0
2025-11-19T09:00,17.2,1.9,0.0,2.8,3600.0
2025-11-19T10:00,15.7,3.5,0.0,1.77,3600.0
2025-11-19T11:00,12.0,6.0,0.0,0.75,3600.0
2025-11-19T12:00,9.9,3.8,0.0,0.22,2706.8
2025-11-19T13:00,8.8,3.7,0.0,0.32,0.0
2025-11-19T14:00,7.4,2.8,0.0,0.99,0.0
2025-11-19T15:00,6.3,1.4,0.0,0.78,0.0
2025-11-19T16:00,6.8,1.1,0.0,0.67,0.0
2025-11-19T17:00,6.7,0.1,0.0,0.69,0.0
2025-11-19T18:00,7.1,-0.7,0.0,0.57,0.0
2025-11-19T19:00,6.4,-0.8,0.5,0.47,0.0
2025-11-19T20:00,5.3,-1.5,0.6,0.72,0.0
2025-11-19T21:00,4.8,-1.5,1.6,1.08,0.0
2025-11-19T22:00,5.5,-1.8,0.1,0.89,0.0
2025-11-19T23:00,4.8,-4.3,0.0,0.83,0.0
2025-11-20T00:00,5.5,-4.9,0.0,0.57,0.0
2025-11-20T01:00,4.3,-6.0,0.0,0.58,0.0
2025-11-20T02:00,5.0,-8.1,0.0,0.85,1462.72
2025-11-20T03:00,12.0,-6.5,0.0,1.31,3600.0
2025-11-20T04:00,16.4,-3.0,0.0,2.15,3600.0
2025-11-20T05:00,13.7,0.7,0.0,1.78,3600.0
2025-11-20T06:00,17.2,-1.9,0.0,2.84,3600.0
2025-11-20T07:00,17.9,-1.2,0.0,3.4,3600.0
2025-11-20T08:00,17.5,0.2,0.0,3.58,3600.0
2025-11-20T09:00,16.7,0.5,0.0,3.35,3600.0
2025-11-20T10:00,15.7,0.3,0.0,3.08,3600.0
2025-11-20T11:00,12.7,3.1,0.0,1.54,3600.0
2025-11-20T12:00,9.9,-0.2,0.0,0.53,2681.0
2025-11-20T13:00,8.5,0.9,0.0,0.79,0.0
2025-11-20T14:00,7.8,0.8,0.0,0.35,0.0
2025-11-20T15:00,5.7,-1.6,0.0,0.47,0.0
2025-11-20T16:00,4.4,-1.7,0.0,1.1,0.0
2025-11-20T17:00,3.8,-3.7,0.0,1.19,0.0
2025-11-20T18:00,4.6,-6.7,0.0,0.39,0.0
2025-11-20T19:00,3.9,-6.9,0.0,0.47,0.0
2025-11-20T20:00,3.5,-5.6,0.0,1.07,0.0
2025-11-20T21:00,4.1,-4.8,0.0,0.96,0.0
2025-11-20T22:00,4.5,-4.3,0.0,0.85,0.0
2025-11-20T23:00,4.5,-5.4,0.0,0.67,0.0
2025-11-21T00:00,3.5,-11.7,0.0,0.49,0.0
2025-11-21T01:00,2.9,-13.5,0.0,0.4,0.0
2025-11-21T02:00,4.0,-14.6,0.0,0.74,1792.65
2025-11-21T03:00,11.4,-13.2,0.0,1.32,3600.0
2025-11-21T04:00,14.8,-3.5,0.0,2.67,3600.0
2025-11-21T05:00,15.5,-3.2,0.0,3.12,3600.0
2025-11-21T06:00,15.6,-4.3,0.0,2.86,3600.0
2025-11-21T07:00,15.8,-1.7,0.1,3.65,3600.0
2025-11-21T08:00,15.3,-1.6,0.0,3.53,3600.0
2025-11-21T09:00,15.0,-2.1,0.0,3.49,3600.0
2025-11-21T10:00,14.0,-2.1,0.0,3.26,3600.0
2025-11-21T11:00,11.0,-0.5,0.0,1.63,3600.0
2025-11-21T12:00,8.5,-4.2,0.0,0.63,2657.09
2025-11-21T13:00,7.3,-4.8,0.0,1.14,0.0
2025-11-21T14:00,4.6,0.6,1.9,0.52,0.0
2025-11-21T15:00,2.0,-2.7,3.3,1.17,0.0
2025-11-21T16:00,1.0,0.2,1.6,1.38,0.0
2025-11-21T17:00,1.7,-2.8,2.3,1.28,0.0
2025-11-21T18:00,0.4,-7.8,0.8,0.96,0.0
2025-11-21T19:00,0.6,-5.0,1.1,1.57,0.0
2025-11-21T20:00,1.2,-10.5,0.6,1.11,0.0
2025-11-21T21:00,2.4,-8.0,0.7,1.03,0.0
2025-11-21T22:00,2.1,-4.1,1.0,0.82,0.0
2025-11-21T23:00,2.6,-9.1,0.0,0.72,0.0
2025-11-22T00:00,-0.4,-18.3,0.0,0.68,0.0
2025-11-22T01:00,-0.8,-18.4,0.0,0.81,0.0
2025-11-22T02:00,0.1,-18.5,0.0,0.78,1223.79
2025-11-22T03:00,6.7,-17.4,0.0,0.68,3600.0
2025-11-22T04:00,12.2,-7.7,0.0,1.23,3600.0
2025-11-22T05:00,13.4,-3.1,0.0,1.91,3600.0
2025-11-22T06:00,13.3,-1.5,0.0,2.57,3600.0
2025-11-22T07:00,12.2,-1.4,0.0,2.37,3600.0
2025-11-22T08:00,11.9,-0.6,0.0,2.2,3600.0
2025-11-22T09:00,11.8,-0.1,0.0,2.45,3600.0
2025-11-22T10:00,10.9,0.6,0.0,2.26,3600.0
2025-11-22T11:00,8.1,0.6,0.8,1.59,3600.0
2025-11-22T12:00,8.1,0.7,0.4,0.54,2610.45
2025-11-22T13:00,7.1,-0.3,0.4,0.97,0.0
2025-11-22T14:00,5.6,-1.2,0.1,0.25,0.0
2025-11-22T15:00,5.7,-1.8,0.0,0.07,0.0
2025-11-22T16:00,5.0,-2.9,0.0,0.11,0.0
2025-11-22T17:00,4.0,-4.0,0.0,0.32,0.0
2025-11-22T18:00,4.2,-4.1,0.0,0.43,0.0
2025-11-22T19:00,3.7,-5.0,0.0,0.18,0.0
2025-11-22T20:00,1.9,-6.8,0.0,0.36,0.0
2025-11-22T21:00,1.1,-8.7,0.0,0.32,0.0
2025-11-22T22:00,0.4,-10.4,0.0,0.29,0.0
2025-11-22T23:00,0.7,-10.9,0.0,0.38,0.0
2025-11-23T00:00,-0.1,-10.0,0.0,0.29,0.0
2025-11-23T01:00,-2.1,-11.8,0.0,0.56,0.0
2025-11-23T02:00,-2.1,-12.2,0.0,0.8,1253.15
2025-11-23T03:00,4.1,-9.3,0.0,0.65,3600.0
2025-11-23T04:00,9.4,-4.8,0.0,0.22,3600.0
2025-11-23T05:00,10.6,-1.6,0.0,1.22,3600.0
2025-11-23T06:00,13.2,0.4,0.0,1.85,3600.0
2025-11-23T07:00,11.5,1.3,0.2,2.0,3600.0
2025-11-23T08:00,11.1,1.6,0.2,1.76,3600.0
2025-11-23T09:00,10.4,2.0,0.0,1.4,3600.0
2025-11-23T10:00,9.5,2.5,0.0,1.15,3600.0
2025-11-23T11:00,7.7,1.8,0.0,0.72,3600.0
2025-11-23T12:00,7.7,1.1,0.0,0.25,2615.19
2025-11-23T13:00,6.3,0.0,0.0,0.36,0.0
2025-11-23T14:00,3.8,-1.6,0.0,0.85,0.0
2025-11-23T15:00,3.8,-2.6,0.0,0.07,0.0
2025-11-23T16:00,3.1,-4.3,0.0,0.14,0.0
2025-11-23T17:00,2.0,-7.0,0.0,0.39,0.0
2025-11-23T18:00,2.4,-7.7,0.0,0.4,0.0
2025-11-23T19:00,0.7,-10.3,0.0,0.78,0.0
2025-11-23T20:00,-0.2,-11.2,0.0,0.89,0.0
2025-11-23T21:00,-1.1,-11.9,0.0,0.87,0.0
2025-11-23T22:00,-1.7,-12.4,0.0,0.91,0.0
2025-11-23T23:00,-2.3,-12.9,0.0,0.91,0.0
2025-11-24T00:00,-0.6,-11.5,0.0,0.43,0.0
2025-11-24T01:00,-2.3,-13.6,0.0,0.91,0.0
2025-11-24T02:00,-1.8,-14.1,0.0,1.05,1282.41
2025-11-24T03:00,4.6,-10.9,0.0,0.7,3600.0
2025-11-24T04:00,9.5,-3.9,0.0,0.81,3600.0
2025-11-24T05:00,11.1,-2.7,0.0,1.21,3600.0
2025-11-24T06:00,14.0,-2.1,0.0,1.97,3600.0
2025-11-24T07:00,12.2,-1.8,0.0,2.0,3600.0
2025-11-24T08:00,11.8,-1.6,0.0,1.89,3600.0
2025-11-24T09:00,11.4,-1.4,0.0,1.76,3600.0
2025-11-24T10:00,10.6,-0.3,0.0,1.54,3600.0
2025-11-24T11:00,7.7,0.1,0.0,1.39,3600.0
2025-11-24T12:00,8.1,-1.0,0.0,0.32,2597.15
2025-11-24T13:00,6.1,-2.1,0.0,0.42,0.0
2025-11-24T14:00,5.0,-2.7,0.0,0.21,0.0
2025-11-24T15:00,4.1,-4.0,0.0,0.25,0.0
2025-11-24T16:00,3.0,-6.1,0.0,0.43,0.0
2025-11-24T17:00,1.4,-8.4,0.0,0.74,0.0
2025-11-24T18:00,1.0,-9.3,0.0,0.36,0.0
2025-11-24T19:00,-1.5,-12.3,0.0,0.81,0.0
2025-11-24T20:00,-2.1,-13.9,0.0,1.0,0.0
2025-11-24T21:00,-2.1,-14.8,0.0,1.03,0.0
2025-11-24T22:00,-1.9,-15.4,0.0,1.13,0.0
2025-11-24T23:00,-1.9,-16.3,0.0,1.12,0.0
2025-11-25T00:00,-1.4,-14.6,0.0,0.63,0.0
2025-11-25T01:00,-3.1,-17.4,0.0,1.2,0.0
2025-11-25T02:00,-2.4,-18.4,0.0,1.31,1010.41
2025-11-25T03:00,4.0,-13.6,0.0,1.25,3600.0
2025-11-25T04:00,9.9,-6.1,0.0,0.78,3600.0
2025-11-25T05:00,11.7,-4.7,0.0,0.5,3600.0
2025-11-25T06:00,15.0,-5.4,0.0,1.2,3600.0
2025-11-25T07:00,12.6,-2.0,0.0,1.57,3600.0
2025-11-25T08:00,12.3,0.1,0.0,1.91,3600.0
2025-11-25T09:00,11.6,0.6,0.0,1.71,3600.0
2025-11-25T10:00,10.7,1.0,0.0,1.42,3600.0
2025-11-25T11:00,7.4,0.7,0.0,1.16,3600.0
2025-11-25T12:00,7.5,-1.3,0.0,0.32,2580.99
2025-11-25T13:00,5.7,-2.5,0.0,0.32,0.0
2025-11-25T14:00,4.9,-3.1,0.0,0.11,0.0
2025-11-25T15:00,3.8,-5.2,0.0,0.34,0.0
2025-11-25T16:00,2.1,-8.2,0.0,0.76,0.0
2025-11-25T17:00,0.7,-11.2,0.0,1.26,0.0
2025-11-25T18:00,1.1,-10.9,0.0,0.73,0.0
2025-11-25T19:00,-1.1,-13.4,0.0,1.51,0.0
2025-11-25T20:00,-1.3,-13.8,0.0,1.55,0.0
2025-11-25T21:00,-1.3,-14.1,0.0,1.56,0.0
2025-11-25T22:00,-1.5,-14.5,0.0,1.56,0.0
2025-11-25T23:00,-2.0,-15.3,0.0,1.56,0.0
2025-11-26T00:00,-0.9,-14.0,0.0,0.78,0.0
2025-11-26T01:00,-2.9,-16.1,0.0,1.41,0.0
2025-11-26T02:00,-2.4,-16.3,0.0,1.51,1039.32
2025-11-26T03:00,4.0,-11.9,0.0,1.41,3600.0
2025-11-26T04:00,10.2,-4.9,0.0,1.01,3600.0
2025-11-26T05:00,11.9,-4.3,0.0,0.87,3600.0
2025-11-26T06:00,15.5,-6.5,0.0,1.63,3600.0
2025-11-26T07:00,12.7,-3.9,0.0,1.54,3600.0
2025-11-26T08:00,12.4,-3.8,0.0,1.56,3600.0
2025-11-26T09:00,11.8,-2.9,0.0,1.35,3600.0
2025-11-26T10:00,11.3,-2.0,0.0,1.18,3600.0
2025-11-26T11:00,8.8,-3.1,0.0,0.72,3600.0
2025-11-26T12:00,8.5,-4.8,0.0,0.3,2566.7
2025-11-26T13:00,6.4,-6.3,0.0,0.32,0.0
2025-11-26T14:00,5.5,-7.1,0.0,0.47,0.0
2025-11-26T15:00,3.7,-8.6,0.0,0.6,0.0
2025-11-26T16:00,1.6,-10.6,0.0,1.18,0.0
2025-11-26T17:00,0.9,-12.1,0.0,1.32,0.0
2025-11-26T18:00,1.1,-10.8,0.0,0.79,0.0
2025-11-26T19:00,-0.8,-13.0,0.0,1.5,0.0
2025-11-26T20:00,-1.0,-13.5,0.0,1.44,0.0
2025-11-26T21:00,-0.9,-13.7,0.0,1.47,0.0
2025-11-26T22:00,-1.0,-13.8,0.0,1.53,0.0
2025-11-26T23:00,-1.3,-14.3,0.0,1.55,0.0
2025-11-27T00:00,0.1,-12.9,0.0,0.98,0.0
2025-11-27T01:00,-1.3,-15.5,0.0,1.36,0.0
2025-11-27T02:00,-0.9,-15.7,0.0,1.26,766.0
2025-11-27T03:00,4.7,-11.3,0.0,1.27,3600.0
2025-11-27T04:00,11.0,-4.4,0.0,1.23,3600.0
2025-11-27T05:00,12.3,-4.2,0.0,1.0,3600.0
2025-11-27T06:00,16.4,-8.4,0.0,1.46,3600.0
2025-11-27T07:00,13.0,-4.4,0.0,1.35,3600.0
2025-11-27T08:00,12.8,-4.1,0.0,1.43,3600.0
2025-11-27T09:00,12.2,-3.3,0.0,1.33,3600.0
2025-11-27T10:00,11.6,-3.1,0.0,1.06,3600.0
2025-11-27T11:00,8.9,-4.0,0.0,0.68,3600.0
2025-11-27T12:00,8.9,-7.0,0.0,0.21,2554.24
2025-11-27T13:00,6.4,-8.6,0.0,0.15,0.0
2025-11-27T14:00,4.4,-8.8,0.0,0.73,0.0
2025-11-27T15:00,2.9,-9.7,0.0,0.93,0.0
2025-11-27T16:00,1.5,-10.6,0.0,1.27,0.0
2025-11-27T17:00,1.0,-11.6,0.0,1.43,0.0
2025-11-27T18:00,1.7,-10.3,0.0,0.92,0.0
2025-11-27T19:00,-0.3,-12.5,0.0,1.53,0.0
2025-11-27T20:00,-0.5,-12.7,0.0,1.6,0.0
2025-11-27T21:00,-0.7,-12.9,0.0,1.66,0.0
2025-11-27T22:00,-0.8,-13.1,0.0,1.66,0.0
2025-11-27T23:00,-0.9,-13.5,0.0,1.75,0.0
2025-11-28T00:00,0.1,-12.2,0.0,1.12,0.0
2025-11-28T01:00,-1.6,-14.7,0.0,1.68,0.0
2025-11-28T02:00,-1.0,-14.6,0.0,1.63,794.32
2025-11-28T03:00,5.1,-9.6,0.0,1.47,3600.0
2025-11-28T04:00,10.8,-4.6,0.0,1.36,3600.0
2025-11-28T05:00,12.0,-3.0,0.0,1.24,3600.0
2025-11-28T06:00,15.3,-5.2,0.0,2.09,3600.0
2025-11-28T07:00,12.8,-3.8,0.0,1.77,3600.0
2025-11-28T08:00,12.3,-2.3,0.0,1.6,3600.0
2025-11-28T09:00,11.9,-1.0,0.0,1.38,3600.0
2025-11-28T10:00,11.4,-0.7,0.0,1.35,3600.0
2025-11-28T11:00,8.6,-1.4,0.0,1.16,3600.0
2025-11-28T12:00,8.7,-4.8,0.0,0.36,2543.6
2025-11-28T13:00,6.5,-6.6,0.0,0.36,0.0
2025-11-28T14:00,5.1,-7.2,0.0,0.5,0.0
2025-11-28T15:00,3.0,-7.9,0.0,0.67,0.0
2025-11-28T16:00,1.1,-8.8,0.0,1.12,0.0
2025-11-28T17:00,0.1,-9.7,0.0,1.35,0.0
2025-11-28T18:00,0.6,-9.0,0.0,0.87,0.0
2025-11-28T19:00,-1.1,-11.5,0.0,1.49,0.0
2025-11-28T20:00,-1.2,-12.1,0.0,1.39,0.0
2025-11-28T21:00,-1.1,-12.2,0.0,1.31,0.0
2025-11-28T22:00,-1.2,-12.2,0.0,1.3,0.0
2025-11-28T23:00,-1.2,-12.2,0.0,1.36,0.0
2025-11-29T00:00,-0.3,-10.9,0.0,0.85,0.0
2025-11-29T01:00,-2.4,-14.0,0.0,1.3,0.0
2025-11-29T02:00,-2.0,-14.7,0.0,1.31,519.46
2025-11-29T03:00,4.5,-10.4,0.0,1.19,3600.0
2025-11-29T04:00,10.6,-3.6,0.0,1.0,3600.0
2025-11-29T05:00,12.6,-3.7,0.0,1.47,3600.0
2025-11-29T06:00,16.6,-4.5,0.0,2.13,3600.0
2025-11-29T07:00,13.6,-4.6,0.0,1.9,3600.0
2025-11-29T08:00,13.0,-4.2,0.0,1.67,3600.0
2025-11-29T09:00,12.5,-3.3,0.0,1.52,3600.0
2025-11-29T10:00,11.7,-1.9,0.0,1.45,3600.0
2025-11-29T11:00,8.7,-2.4,0.0,1.28,3600.0
2025-11-29T12:00,9.1,-6.9,0.0,0.35,2534.75
2025-11-29T13:00,6.9,-9.2,0.0,0.14,0.0
2025-11-29T14:00,4.6,-9.7,0.0,0.54,0.0
2025-11-29T15:00,2.5,-10.7,0.0,0.92,0.0
2025-11-29T16:00,0.9,-12.2,0.0,1.3,0.0
2025-11-29T17:00,0.1,-13.4,0.0,1.57,0.0
2025-11-29T18:00,1.3,-12.3,0.0,1.05,0.0
2025-11-29T19:00,-1.0,-15.0,0.0,1.82,0.0
2025-11-29T20:00,-1.1,-15.1,0.0,1.72,0.0
2025-11-29T21:00,-1.3,-15.2,0.0,1.6,0.0
2025-11-29T22:00,-1.5,-15.6,0.0,1.55,0.0
2025-11-29T23:00,-1.5,-15.9,0.0,1.66,0.0
2025-11-30T00:00,0.4,-14.6,0.0,0.96,0.0
2025-11-30T01:00,-1.6,-17.2,0.0,1.63,0.0
2025-11-30T02:00,-0.8,-16.7,0.0,1.74,547.05
2025-11-30T03:00,5.8,-10.2,0.0,1.61,3600.0
2025-11-30T04:00,11.9,-4.0,0.0,1.61,3600.0
2025-11-30T05:00,13.6,-3.2,0.0,1.64,3600.0
2025-11-30T06:00,17.5,-3.1,0.0,2.59,3600.0
2025-11-30T07:00,18.1,-12.4,0.0,2.57,3600.0
2025-11-30T08:00,17.8,-11.8,0.0,2.17,3600.0
2025-11-30T09:00,17.1,-8.6,0.0,2.02,3600.0
2025-11-30T10:00,15.7,-5.2,0.0,1.49,3600.0
2025-11-30T11:00,11.3,-2.7,0.0,1.46,3600.0
2025-11-30T12:00,10.0,-6.7,0.0,0.54,269.64
2025-11-30T13:00,8.4,-6.4,0.0,1.32,0.0
2025-11-30T14:00,7.4,-5.4,0.0,1.11,0.0
2025-11-30T15:00,6.7,-5.0,0.0,1.21,0.0
2025-11-30T16:00,6.4,-5.5,0.0,1.23,0.0
2025-11-30T17:00,6.2,-5.8,0.0,1.44,0.0
2025-11-30T18:00,5.3,-5.9,0.0,0.83,0.0
2025-11-30T19:00,5.4,-6.5,0.0,1.41,0.0
2025-11-30T20:00,5.2,-7.0,0.0,1.37,0.0
2025-11-30T21:00,5.0,-7.1,0.0,1.32,0.0
2025-11-30T22:00,5.9,-6.9,0.0,1.32,0.0
2025-11-30T23:00,5.8,-6.8,0.0,1.35,0.0
2025-12-01T00:00,6.1,-7.0,0.0,0.86,0.0
2025-12-01T01:00,5.8,-7.5,0.0,1.12,0.0
2025-12-01T02:00,6.3,-8.0,0.0,1.14,0.0
2025-12-01T03:00,10.1,-8.1,0.0,1.32,40.36
2025-12-01T04:00,14.7,-5.8,0.0,1.84,3008.45
2025-12-01T05:00,16.7,-14.3,0.0,2.35,3600.0
2025-12-01T06:00,16.8,-11.5,0.0,2.15,3600.0
2025-12-01T07:00,16.9,-9.2,0.0,2.35,3600.0
2025-12-01T08:00,16.7,-8.4,0.0,1.81,3600.0
2025-12-01T09:00,16.4,-7.7,0.0,1.66,3600.0
2025-12-01T10:00,15.3,-4.3,0.0,1.1,3600.0
2025-12-01T11:00,11.1,-0.5,0.0,1.2,3600.0
2025-12-01T12:00,10.4,-6.1,0.0,0.25,2522.38
2025-12-01T13:00,10.1,-6.5,0.0,0.4,0.0
2025-12-01T14:00,9.7,-7.4,0.0,0.58,0.0
2025-12-01T15:00,9.1,-7.8,0.0,0.58,0.0
2025-12-01T16:00,8.4,-7.6,0.0,0.85,0.0
2025-12-01T17:00,7.9,-7.3,0.0,0.89,0.0
2025-12-01T18:00,7.3,-7.6,0.0,0.29,0.0
2025-12-01T19:00,6.4,-9.7,0.0,0.65,0.0
2025-12-01T20:00,6.0,-9.6,0.0,0.97,0.0
2025-12-01T21:00,5.5,-7.9,0.0,0.98,0.0
2025-12-01T22:00,5.3,-6.7,0.0,0.78,0.0
2025-12-01T23:00,4.9,-6.2,0.0,0.4,0.0
2025-12-02T00:00,3.3,-6.0,0.0,0.43,0.0
2025-12-02T01:00,2.2,-6.9,0.0,0.98,0.0
2025-12-02T02:00,2.7,-7.5,0.0,1.08,297.23
2025-12-02T03:00,8.3,-7.1,0.0,1.57,3600.0
2025-12-02T04:00,12.3,-5.2,0.0,2.26,3600.0
2025-12-02T05:00,13.6,-6.0,0.0,2.46,3600.0
2025-12-02T06:00,13.1,-5.7,0.0,2.11,3600.0
2025-12-02T07:00,13.3,-5.9,0.2,2.2,3600.0
2025-12-02T08:00,11.8,-2.7,0.0,1.21,3600.0
2025-12-02T09:00,11.6,-2.3,0.0,0.45,3600.0
2025-12-02T10:00,10.9,-2.5,0.0,0.72,3600.0
2025-12-02T11:00,9.0,-1.1,0.0,0.76,3600.0
2025-12-02T12:00,7.0,-1.6,0.0,0.32,2433.48
2025-12-02T13:00,6.4,-1.2,0.0,0.47,0.0
2025-12-02T14:00,5.6,-1.4,0.0,0.6,0.0
2025-12-02T15:00,5.0,-2.4,0.0,0.46,0.0
2025-12-02T16:00,4.0,-3.6,0.0,0.72,0.0
2025-12-02T17:00,3.2,-5.5,0.0,1.19,0.0
2025-12-02T18:00,4.1,-6.0,0.0,0.57,0.0
2025-12-02T19:00,2.7,-7.3,0.0,1.33,0.0
2025-12-02T20:00,2.3,-8.5,0.0,1.38,0.0
2025-12-02T21:00,1.6,-9.3,0.0,1.37,0.0
2025-12-02T22:00,1.1,-9.8,0.0,1.42,0.0
2025-12-02T23:00,0.8,-10.1,0.0,1.43,0.0
2025-12-03T00:00,0.2,-9.4,0.0,1.01,0.0
2025-12-03T01:00,0.1,-10.4,0.0,1.36,0.0
2025-12-03T02:00,0.8,-11.5,0.0,1.46,323.61
2025-12-03T03:00,7.0,-11.8,0.0,2.21,3600.0
2025-12-03T04:00,11.7,-11.9,0.0,2.04,3600.0
2025-12-03T05:00,13.5,-14.1,0.0,1.56,3600.0
2025-12-03T06:00,13.6,-18.8,0.0,1.77,3600.0
2025-12-03T07:00,14.4,-20.3,0.0,2.56,3600.0
2025-12-03T08:00,14.0,-16.8,0.0,2.56,3600.0
2025-12-03T09:00,13.5,-14.4,0.0,2.32,3600.0
2025-12-03T10:00,12.5,-11.1,0.0,2.14,3600.0
2025-12-03T11:00,8.6,-2.1,0.0,1.01,3600.0
2025-12-03T12:00,6.9,-6.3,0.0,0.21,2516.94
2025-12-03T13:00,6.1,-7.1,0.0,0.05,0.0
2025-12-03T14:00,4.0,-7.7,0.0,0.25,0.0
2025-12-03T15:00,1.9,-9.1,0.0,0.82,0.0
2025-12-03T16:00,1.0,-11.2,0.0,1.16,0.0
2025-12-03T17:00,0.7,-13.3,0.0,1.32,0.0
2025-12-03T18:00,0.4,-14.1,0.0,0.73,0.0
2025-12-03T19:00,0.2,-15.8,0.0,1.3,0.0
2025-12-03T20:00,0.4,-17.4,0.0,1.35,0.0
2025-12-03T21:00,0.3,-18.6,0.0,1.3,0.0
2025-12-03T22:00,0.4,-19.4,0.0,1.45,0.0
2025-12-03T23:00,-0.1,-19.9,0.0,1.5,0.0
2025-12-04T00:00,-0.4,-20.2,0.0,0.76,0.0
2025-12-04T01:00,-0.2,-20.6,0.0,1.5,0.0
2025-12-04T02:00,0.6,-21.0,0.0,1.6,0.0
2025-12-04T03:00,6.8,-20.9,0.0,2.0,2277.83
2025-12-04T04:00,12.5,-20.4,0.0,1.42,3600.0
2025-12-04T05:00,15.0,-23.7,0.0,0.56,3600.0
2025-12-04T06:00,15.0,-17.5,0.0,1.32,3600.0
2025-12-04T07:00,15.5,-12.2,0.0,2.4,3600.0
2025-12-04T08:00,15.3,-10.1,0.0,2.36,3600.0
2025-12-04T09:00,14.8,-9.2,0.0,2.28,3600.0
2025-12-04T10:00,13.6,-8.9,0.0,1.86,3600.0
2025-12-04T11:00,9.6,-2.2,0.0,0.92,3600.0
2025-12-04T12:00,7.8,-6.9,0.0,0.18,2516.78
2025-12-04T13:00,6.7,-7.4,0.0,0.35,0.0
2025-12-04T14:00,5.5,-7.6,0.0,0.32,0.0
2025-12-04T15:00,4.1,-8.2,0.0,0.68,0.0
2025-12-04T16:00,3.2,-10.1,0.0,1.08,0.0
2025-12-04T17:00,3.1,-12.6,0.0,1.07,0.0
2025-12-04T18:00,3.1,-13.6,0.0,0.52,0.0
2025-12-04T19:00,2.5,-15.7,0.0,1.06,0.0
2025-12-04T20:00,3.4,-17.1,0.0,1.02,0.0
2025-12-04T21:00,4.3,-17.0,0.0,0.73,0.0
2025-12-04T22:00,3.9,-16.2,0.0,0.65,0.0
2025-12-04T23:00,4.3,-15.3,0.0,0.78,0.0
2025-12-05T00:00,5.6,-12.6,0.0,0.57,0.0
2025-12-05T01:00,5.1,-12.5,0.0,0.54,0.0
2025-12-05T02:00,4.8,-12.6,0.0,0.6,0.0
2025-12-05T03:00,9.4,-12.8,0.0,0.57,3600.0
2025-12-05T04:00,13.5,-10.1,0.0,1.61,3600.0
2025-12-05T05:00,14.3,-9.2,0.0,2.7,3600.0
2025-12-05T06:00,14.1,-8.5,0.0,2.54,3600.0
2025-12-05T07:00,15.1,-9.2,0.0,3.17,3600.0
2025-12-05T08:00,15.2,-10.0,0.0,3.26,3600.0
2025-12-05T09:00,14.5,-8.4,0.0,3.23,3600.0
2025-12-05T10:00,13.2,-5.8,0.0,2.15,3600.0
2025-12-05T11:00,10.0,-1.2,0.0,0.43,3600.0
2025-12-05T12:00,8.0,-4.7,0.0,0.32,2518.3
2025-12-05T13:00,7.2,-4.7,0.0,0.25,0.0
2025-12-05T14:00,5.9,-4.2,0.0,0.07,0.0
2025-12-05T15:00,4.8,-4.2,0.0,0.27,0.0
2025-12-05T16:00,3.1,-3.9,0.0,1.07,0.0
2025-12-05T17:00,1.6,-5.4,0.0,1.19,0.0
2025-12-05T18:00,2.0,-7.0,0.0,0.69,0.0
2025-12-05T19:00,1.4,-11.1,0.0,1.22,0.0
2025-12-05T20:00,1.0,-15.9,0.0,1.07,0.0
2025-12-05T21:00,1.1,-19.4,0.0,0.94,0.0
2025-12-05T22:00,1.0,-22.1,0.0,1.01,0.0
2025-12-05T23:00,1.3,-22.6,0.0,1.14,0.0
2025-12-06T00:00,1.0,-21.6,0.0,0.81,0.0
2025-12-06T01:00,0.9,-22.2,0.0,1.32,0.0
2025-12-06T02:00,1.0,-22.8,0.0,1.19,94.5
2025-12-06T03:00,7.7,-22.2,0.0,1.48,3600.0
2025-12-06T04:00,14.4,-22.1,0.0,0.73,3600.0
2025-12-06T05:00,16.8,-22.5,0.0,1.05,3600.0
2025-12-06T06:00,16.7,-11.7,0.0,2.3,3600.0
2025-12-06T07:00,17.1,-7.1,0.0,3.1,3600.0
2025-12-06T08:00,16.5,-6.9,0.0,3.18,3600.0
2025-12-06T09:00,15.1,-5.9,0.0,3.05,3600.0
2025-12-06T10:00,12.5,-1.9,0.0,1.45,2741.14
2025-12-06T11:00,10.3,-0.6,0.0,0.89,0.0
2025-12-06T12:00,9.6,-2.0,0.0,0.27,0.0
2025-12-06T13:00,9.4,-2.4,0.0,0.51,0.0
2025-12-06T14:00,9.1,-3.8,0.0,0.51,0.0
2025-12-06T15:00,9.2,-4.6,0.0,0.29,0.0
2025-12-06T16:00,8.6,-4.9,0.0,0.05,0.0
2025-12-06T17:00,7.8,-5.1,0.0,0.29,0.0
2025-12-06T18:00,6.9,-5.5,0.0,0.36,0.0
2025-12-06T19:00,6.1,-6.0,0.0,0.51,0.0
2025-12-06T20:00,4.8,-6.8,0.0,0.57,0.0
2025-12-06T21:00,3.7,-8.2,0.0,0.63,0.0
2025-12-06T22:00,3.2,-9.7,0.0,0.76,0.0
2025-12-06T23:00,3.5,-11.3,0.0,0.87,0.0
2025-12-07T00:00,3.2,-11.4,0.0,0.47,0.0
2025-12-07T01:00,2.7,-12.6,0.0,0.68,0.0
2025-12-07T02:00,3.2,-13.7,0.0,1.05,0.0
2025-12-07T03:00,9.4,-14.6,0.0,1.12,3600.0
2025-12-07T04:00,14.5,-13.9,0.0,1.37,3600.0
2025-12-07T05:00,16.0,-10.4,0.0,2.29,3600.0
2025-12-07T06:00,15.7,-10.1,0.0,2.48,3600.0
2025-12-07T07:00,16.3,-10.9,0.0,2.74,3600.0
2025-12-07T08:00,16.1,-8.0,0.0,3.08,3600.0
2025-12-07T09:00,15.6,-7.2,0.0,3.0,3600.0
2025-12-07T10:00,14.4,-6.9,0.0,2.78,3600.0
2025-12-07T11:00,10.3,-1.4,0.0,1.27,3600.0
2025-12-07T12:00,8.7,-5.0,0.0,0.38,2526.29
2025-12-07T13:00,7.6,-4.9,0.0,0.41,0.0
2025-12-07T14:00,6.8,-4.7,0.0,0.25,0.0
2025-12-07T15:00,5.9,-5.2,0.0,0.15,0.0
2025-12-07T16:00,5.3,-5.3,0.0,0.15,0.0
2025-12-07T17:00,4.5,-5.7,0.0,0.16,0.0
2025-12-07T18:00,4.1,-6.7,0.0,0.78,0.0
2025-12-07T19:00,3.7,-7.9,0.0,1.37,0.0
2025-12-07T20:00,3.8,-8.7,0.0,1.37,0.0
2025-12-07T21:00,4.1,-3.9,0.2,0.87,0.0
2025-12-07T22:00,4.8,-4.5,0.2,0.38,0.0
2025-12-07T23:00,4.5,-2.2,0.5,0.25,0.0
2025-12-08T00:00,4.7,-2.2,1.1,0.71,0.0
2025-12-08T01:00,2.5,-0.9,0.9,0.3,0.0
2025-12-08T02:00,2.6,-2.0,0.1,0.46,0.0
2025-12-08T03:00,5.8,-0.7,0.0,0.58,3600.0
2025-12-08T04:00,9.8,-0.0,0.4,0.05,3600.0
2025-12-08T05:00,10.3,-1.0,0.4,0.14,3600.0
2025-12-08T06:00,11.8,-1.9,0.0,1.33,3600.0
2025-12-08T07:00,10.6,-0.2,0.0,0.51,3600.0
2025-12-08T08:00,10.8,-0.6,0.0,0.72,3600.0
2025-12-08T09:00,10.8,-0.8,0.0,1.18,3600.0
2025-12-08T10:00,10.4,-0.5,0.0,1.4,3600.0
2025-12-08T11:00,8.3,-0.0,0.0,1.42,3600.0
2025-12-08T12:00,7.1,-3.9,0.0,0.3,2532.73
2025-12-08T13:00,5.0,-4.5,0.0,0.39,0.0
2025-12-08T14:00,3.0,-5.2,0.0,0.25,0.0
2025-12-08T15:00,0.7,-6.6,0.0,0.61,0.0
2025-12-08T16:00,-0.8,-8.2,0.0,0.93,0.0
2025-12-08T17:00,-1.6,-9.6,0.0,1.13,0.0
2025-12-08T18:00,-0.0,-8.8,0.0,0.52,0.0
2025-12-08T19:00,-1.8,-10.9,0.0,1.16,0.0
2025-12-08T20:00,-2.0,-11.6,0.0,1.27,0.0
2025-12-08T21:00,-2.1,-12.1,0.0,1.27,0.0
2025-12-08T22:00,-2.1,-12.5,0.0,1.37,0.0
2025-12-08T23:00,-2.5,-13.3,0.0,1.46,0.0
2025-12-09T00:00,-1.7,-12.2,0.0,0.84,0.0
2025-12-09T01:00,-3.3,-14.2,0.0,1.65,0.0
2025-12-09T02:00,-3.1,-14.4,0.0,1.65,0.0
2025-12-09T03:00,3.1,-9.6,0.0,1.55,3600.0
2025-12-09T04:00,10.0,-5.2,0.0,0.81,3600.0
2025-12-09T05:00,12.8,-6.2,0.0,0.14,3600.0
2025-12-09T06:00,16.2,-6.0,0.0,1.16,3600.0
2025-12-09T07:00,12.9,-1.8,0.0,1.19,3600.0
2025-12-09T08:00,12.7,-1.5,0.0,1.2,3600.0
2025-12-09T09:00,12.4,-1.6,0.0,1.45,3600.0
2025-12-09T10:00,11.7,-1.2,0.0,1.56,3600.0
2025-12-09T11:00,8.7,-2.0,0.0,0.93,3600.0
2025-12-09T12:00,8.1,-3.5,0.0,0.21,2540.76
2025-12-09T13:00,6.1,-4.6,0.0,0.1,0.0
2025-12-09T14:00,3.9,-5.3,0.0,0.25,0.0
2025-12-09T15:00,2.7,-6.0,0.0,0.78,0.0
2025-12-09T16:00,3.0,-6.3,0.0,1.03,0.0
2025-12-09T17:00,2.3,-7.7,0.0,1.11,0.0
2025-12-09T18:00,3.6,-7.7,0.0,0.41,0.0
2025-12-09T19:00,3.3,-8.9,0.0,0.72,0.0
2025-12-09T20:00,3.3,-9.6,0.0,0.51,0.0
2025-12-09T21:00,3.3,-9.6,0.0,0.46,0.0
2025-12-09T22:00,2.3,-10.4,0.0,0.52,0.0
2025-12-09T23:00,1.5,-10.6,0.0,0.84,0.0
2025-12-10T00:00,2.3,-8.8,0.0,0.6,0.0
2025-12-10T01:00,0.3,-10.3,0.0,1.21,0.0
2025-12-10T02:00,0.2,-10.6,0.0,1.11,0.0
2025-12-10T03:00,5.5,-6.3,0.0,1.02,3600.0
2025-12-10T04:00,12.2,-1.8,0.0,0.51,3600.0
2025-12-10T05:00,13.4,-2.6,0.0,0.85,3600.0
2025-12-10T06:00,17.7,-3.6,0.0,2.15,3600.0
2025-12-10T07:00,14.1,-2.7,0.0,1.85,3600.0
2025-12-10T08:00,13.8,-2.2,0.0,1.87,3600.0
2025-12-10T09:00,13.2,-1.2,0.0,1.71,3600.0
2025-12-10T10:00,12.2,-0.2,0.0,1.5,3600.0
2025-12-10T11:00,11.4,-0.1,0.0,0.94,3600.0
2025-12-10T12:00,9.3,-3.6,0.0,0.32,2550.38
2025-12-10T13:00,7.6,-4.5,0.0,0.22,0.0
2025-12-10T14:00,7.4,-3.5,0.0,0.05,0.0
2025-12-10T15:00,5.9,-4.2,0.0,0.11,0.0
2025-12-10T16:00,4.3,-5.4,0.0,0.47,0.0
2025-12-10T17:00,3.1,-7.4,0.0,0.73,0.0
2025-12-10T18:00,2.4,-9.5,0.0,0.41,0.0
2025-12-10T19:00,2.5,-11.3,0.0,1.11,0.0
2025-12-10T20:00,2.4,-12.7,0.0,1.25,0.0
2025-12-10T21:00,2.3,-13.7,0.0,1.25,0.0
2025-12-10T22:00,2.3,-14.3,0.0,1.4,0.0
2025-12-10T23:00,2.3,-14.7,0.0,1.5,0.0
2025-12-11T00:00,1.5,-14.1,0.0,1.02,0.0
2025-12-11T01:00,1.4,-14.6,0.0,1.55,0.0
2025-12-11T02:00,1.3,-14.8,0.0,1.6,0.0
2025-12-11T03:00,7.7,-15.3,0.0,1.85,3600.0
2025-12-11T04:00,14.8,-15.3,0.0,1.53,3600.0
2025-12-11T05:00,17.6,-17.5,0.0,0.47,3600.0
2025-12-11T06:00,18.2,-14.7,0.0,1.32,3600.0
2025-12-11T07:00,18.9,-12.1,0.0,2.08,3600.0
2025-12-11T08:00,18.5,-9.7,0.0,2.21,3600.0
2025-12-11T09:00,17.5,-6.5,0.0,2.38,3600.0
2025-12-11T10:00,16.0,-4.5,0.0,1.87,3600.0
2025-12-11T11:00,11.9,-1.3,0.0,0.56,3600.0
2025-12-11T12:00,9.6,-3.7,0.0,0.3,2561.55
2025-12-11T13:00,8.6,-3.9,0.0,0.16,0.0
2025-12-11T14:00,6.6,-4.3,0.0,0.4,0.0
2025-12-11T15:00,4.7,-5.9,0.0,0.82,0.0
2025-12-11T16:00,3.8,-8.5,0.0,1.07,0.0
2025-12-11T17:00,3.9,-11.5,0.0,1.22,0.0
2025-12-11T18:00,3.8,-13.9,0.0,0.56,0.0
2025-12-11T19:00,3.8,-16.5,0.0,1.25,0.0
2025-12-11T20:00,3.9,-18.4,0.0,1.3,0.0
2025-12-11T21:00,4.0,-19.4,0.0,1.25,0.0
2025-12-11T22:00,3.7,-19.5,0.0,1.3,0.0
2025-12-11T23:00,3.4,-19.1,0.0,1.5,0.0
2025-12-12T00:00,2.6,-17.1,0.0,1.0,0.0
2025-12-12T01:00,3.5,-17.4,0.0,1.76,0.0
2025-12-12T02:00,3.8,-17.8,0.0,1.71,0.0
2025-12-12T03:00,9.4,-17.6,0.0,2.01,3600.0
2025-12-12T04:00,15.9,-16.7,0.0,1.51,3600.0
2025-12-12T05:00,18.4,-18.1,0.0,0.6,3600.0
2025-12-12T06:00,18.8,-15.6,0.0,1.25,3600.0
2025-12-12T07:00,19.4,-13.1,0.0,1.95,3600.0
2025-12-12T08:00,19.0,-11.0,0.0,2.05,3600.0
2025-12-12T09:00,17.8,-7.1,0.0,2.41,3600.0
2025-12-12T10:00,16.1,-4.6,0.0,1.76,3600.0
2025-12-12T11:00,12.3,-0.9,0.0,0.42,3600.0
2025-12-12T12:00,10.2,-3.5,0.0,0.18,2574.26
2025-12-12T13:00,9.4,-3.8,0.0,0.1,0.0
2025-12-12T14:00,7.4,-3.8,0.0,0.32,0.0
2025-12-12T15:00,6.1,-4.6,0.0,0.35,0.0
2025-12-12T16:00,4.7,-6.0,0.0,0.91,0.0
2025-12-12T17:00,4.8,-7.9,0.0,1.18,0.0
2025-12-12T18:00,5.2,-8.9,0.0,0.46,0.0
2025-12-12T19:00,4.1,-10.3,0.0,1.2,0.0
2025-12-12T20:00,4.6,-11.3,0.0,1.25,0.0
2025-12-12T21:00,4.4,-12.1,0.0,1.16,0.0
2025-12-12T22:00,4.6,-12.6,0.0,0.95,0.0
2025-12-12T23:00,4.5,-13.1,0.0,1.0,0.0
2025-12-13T00:00,4.7,-13.3,0.0,0.35,0.0
2025-12-13T01:00,4.7,-14.2,0.0,1.1,0.0
2025-12-13T02:00,6.9,-14.9,0.0,1.05,0.0
2025-12-13T03:00,9.9,-15.5,0.0,0.96,0.0
2025-12-13T04:00,16.3,-13.7,0.0,0.71,3600.0
2025-12-13T05:00,18.6,-15.7,0.0,1.21,3600.0
2025-12-13T06:00,18.9,-10.0,0.0,2.21,3600.0
2025-12-13T07:00,18.7,-7.5,0.0,3.3,3600.0
2025-12-13T08:00,16.8,-6.5,0.0,2.37,645.34
2025-12-13T09:00,16.3,-2.9,0.0,1.12,169.65
2025-12-13T10:00,14.4,2.6,0.0,0.59,0.0
2025-12-13T11:00,12.3,-0.4,0.0,0.16,349.43
2025-12-13T12:00,10.3,-1.0,0.0,0.34,0.0
2025-12-13T13:00,9.3,0.0,0.0,0.81,0.0
2025-12-13T14:00,6.6,-1.4,0.1,1.16,0.0
2025-12-13T15:00,5.6,-0.3,0.2,1.47,0.0
2025-12-13T16:00,6.0,0.6,0.0,1.74,0.0
2025-12-13T17:00,6.6,0.6,0.0,1.91,0.0
2025-12-13T18:00,7.3,-0.3,0.0,1.14,0.0
2025-12-13T19:00,6.6,-1.1,0.0,1.49,0.0
2025-12-13T20:00,6.2,-3.2,0.0,1.01,0.0
2025-12-13T21:00,6.5,-4.6,0.0,1.08,0.0
2025-12-13T22:00,6.4,-5.8,0.0,1.15,0.0
2025-12-13T23:00,6.3,-6.4,0.0,1.69,0.0
2025-12-14T00:00,7.7,-8.0,0.0,0.32,0.0
2025-12-14T01:00,6.5,-8.6,0.0,0.55,0.0
2025-12-14T02:00,6.6,-9.2,0.0,0.86,0.0
2025-12-14T03:00,10.4,-9.9,0.0,1.5,1876.36
2025-12-14T04:00,13.2,-7.2,0.0,2.04,505.26
2025-12-14T05:00,14.8,-2.8,0.0,2.52,622.79
2025-12-14T06:00,16.5,-6.0,0.0,1.1,3600.0
2025-12-14T07:00,17.7,-6.9,0.0,1.14,3600.0
2025-12-14T08:00,17.8,-8.6,0.0,1.87,3600.0
2025-12-14T09:00,17.4,-8.3,0.0,2.62,3600.0
2025-12-14T10:00,15.5,-3.6,0.0,1.88,3600.0
2025-12-14T11:00,12.5,-1.1,0.0,0.68,2487.52
2025-12-14T12:00,11.5,-2.2,0.0,0.25,0.0
2025-12-14T13:00,10.3,-2.8,0.0,0.18,0.0
2025-12-14T14:00,9.0,-3.4,0.0,0.29,0.0
2025-12-14T15:00,8.4,-3.4,0.0,0.34,0.0
2025-12-14T16:00,8.6,-3.5,0.0,0.47,0.0
2025-12-14T17:00,8.2,-4.3,0.0,0.63,0.0
2025-12-14T18:00,7.5,-5.3,0.0,0.43,0.0
2025-12-14T19:00,6.5,-5.3,0.0,0.67,0.0
2025-12-14T20:00,5.9,-5.6,0.0,0.79,0.0
2025-12-14T21:00,6.3,-5.6,0.0,0.79,0.0
2025-12-14T22:00,6.2,-5.7,0.0,0.85,0.0
2025-12-14T23:00,6.4,-7.0,0.0,0.85,0.0
2025-12-15T00:00,7.1,-6.2,0.0,0.6,0.0
2025-12-15T01:00,6.2,-6.6,0.0,1.31,0.0
2025-12-15T02:00,6.7,-5.5,0.0,1.83,0.0
2025-12-15T03:00,9.6,-3.8,0.0,2.04,1466.34
2025-12-15T04:00,13.5,-1.5,0.0,2.19,3600.0
2025-12-15T05:00,15.1,-4.7,0.0,2.74,3600.0
2025-12-15T06:00,15.6,-4.7,0.0,1.6,3600.0
2025-12-15T07:00,16.8,-7.0,0.0,2.1,3600.0
2025-12-15T08:00,17.2,-8.2,0.0,1.91,3600.0
2025-12-15T09:00,16.9,-7.7,0.0,2.4,3600.0
2025-12-15T10:00,15.2,-4.2,0.0,1.39,3600.0
2025-12-15T11:00,12.1,-3.1,0.0,0.92,3600.0
2025-12-15T12:00,9.3,-2.1,0.0,0.81,564.2
2025-12-15T13:00,7.2,-1.6,0.0,1.35,0.0
2025-12-15T14:00,6.4,-2.8,0.0,1.41,0.0
2025-12-15T15:00,5.5,-3.4,0.2,1.22,0.0
2025-12-15T16:00,5.0,-4.3,0.0,1.61,0.0
2025-12-15T17:00,5.5,-3.5,0.0,1.63,0.0
2025-12-15T18:00,5.6,-2.4,0.0,0.92,0.0
2025-12-15T19:00,4.2,-2.3,0.0,1.64,0.0
2025-12-15T20:00,4.6,-4.7,0.0,1.76,0.0
2025-12-15T21:00,4.8,-3.9,0.3,1.81,0.0
2025-12-15T22:00,4.5,-3.5,0.3,1.41,0.0
2025-12-15T23:00,4.1,-5.8,0.0,1.37,0.0
2025-12-16T00:00,3.5,-9.8,0.0,0.87,0.0
2025-12-16T01:00,3.2,-10.2,0.0,1.41,0.0
2025-12-16T02:00,3.5,-10.2,0.0,1.44,0.0
2025-12-16T03:00,9.1,-9.1,0.0,1.81,3600.0
2025-12-16T04:00,15.7,-9.5,0.0,1.28,3600.0
2025-12-16T05:00,18.8,-10.1,0.0,0.57,3600.0
2025-12-16T06:00,19.3,-4.9,0.0,1.84,3600.0
2025-12-16T07:00,19.7,-3.5,0.0,2.8,3600.0
2025-12-16T08:00,19.2,-3.3,0.0,2.97,3600.0
2025-12-16T09:00,18.3,-2.6,0.0,3.09,3600.0
2025-12-16T10:00,17.0,-0.9,0.0,2.5,3600.0
2025-12-16T11:00,12.7,1.8,0.0,1.3,3600.0
2025-12-16T12:00,10.7,-1.4,0.0,0.36,2644.61
2025-12-16T13:00,10.0,-1.3,0.0,0.22,0.0
2025-12-16T14:00,8.3,-1.3,0.0,0.16,0.0
2025-12-16T15:00,6.4,-1.9,0.0,0.46,0.0
2025-12-16T16:00,4.7,-3.8,0.0,0.92,0.0
2025-12-16T17:00,4.5,-6.4,0.0,1.19,0.0
2025-12-16T18:00,4.7,-7.6,0.0,0.56,0.0
2025-12-16T19:00,4.4,-10.5,0.0,1.32,0.0
2025-12-16T20:00,4.6,-12.5,0.0,1.38,0.0
2025-12-16T21:00,4.5,-14.0,0.0,1.37,0.0
2025-12-16T22:00,4.6,-16.2,0.0,1.43,0.0
2025-12-16T23:00,4.7,-17.8,0.0,1.46,0.0
2025-12-17T00:00,4.6,-18.7,0.0,0.78,0.0
2025-12-17T01:00,4.4,-18.5,0.0,1.45,0.0
2025-12-17T02:00,4.7,-19.0,0.0,1.56,0.0
2025-12-17T03:00,10.8,-19.2,0.0,1.71,3600.0
2025-12-17T04:00,17.8,-19.0,0.0,1.64,3600.0
2025-12-17T05:00,21.0,-16.9,0.0,1.61,3600.0
2025-12-17T06:00,21.7,-10.8,0.0,1.8,3600.0
2025-12-17T07:00,21.3,-5.4,0.0,2.98,3600.0
2025-12-17T08:00,20.4,-2.9,0.0,3.05,3600.0
2025-12-17T09:00,19.7,-3.0,0.0,2.52,3600.0
2025-12-17T10:00,17.9,1.6,0.0,1.59,3600.0
2025-12-17T11:00,13.1,3.0,0.0,1.18,3600.0
2025-12-17T12:00,11.7,0.9,0.0,0.36,2423.54
2025-12-17T13:00,11.1,-0.0,0.0,0.29,0.0
2025-12-17T14:00,9.4,-1.7,0.0,0.43,0.0
2025-12-17T15:00,7.5,-4.2,0.0,0.94,0.0
2025-12-17T16:00,7.3,-6.6,0.0,0.89,0.0
2025-12-17T17:00,7.3,-8.5,0.0,0.83,0.0
2025-12-17T18:00,8.2,-10.2,0.0,0.45,0.0
2025-12-17T19:00,8.2,-11.0,0.0,0.3,0.0
2025-12-17T20:00,8.3,-11.7,0.0,0.34,0.0
2025-12-17T21:00,8.2,-12.5,0.0,0.5,0.0
2025-12-17T22:00,8.2,-12.7,0.0,0.43,0.0
2025-12-17T23:00,7.8,-12.8,0.0,0.39,0.0
2025-12-18T00:00,7.7,-12.5,0.0,0.49,0.0
2025-12-18T01:00,6.9,-12.4,0.0,0.56,0.0
2025-12-18T02:00,7.0,-11.1,0.0,0.61,0.0
2025-12-18T03:00,10.0,-5.6,0.0,0.58,0.0
2025-12-18T04:00,14.9,1.8,0.0,0.51,3021.88
2025-12-18T05:00,17.7,-7.5,0.0,1.74,3600.0
2025-12-18T06:00,18.2,-6.5,0.0,1.77,3110.81
2025-12-18T07:00,18.6,-3.2,0.0,2.35,3600.0
2025-12-18T08:00,17.9,-2.0,0.0,2.59,3600.0
2025-12-18T09:00,17.2,-1.9,0.0,2.22,2934.27
2025-12-18T10:00,15.0,3.1,0.0,1.15,1217.85
2025-12-18T11:00,12.5,0.5,0.0,1.36,0.0
2025-12-18T12:00,10.9,-0.6,0.0,0.4,0.0
2025-12-18T13:00,9.9,-1.4,0.0,0.56,0.0
2025-12-18T14:00,9.3,-2.0,0.0,0.5,0.0
2025-12-18T15:00,9.3,-2.7,0.0,0.32,0.0
2025-12-18T16:00,9.0,-3.5,0.0,0.39,0.0
2025-12-18T17:00,8.6,-4.4,0.0,0.32,0.0
2025-12-18T18:00,9.1,-6.0,0.0,0.46,0.0
2025-12-18T19:00,8.6,-6.8,0.0,0.29,0.0
2025-12-18T20:00,7.4,-8.0,0.0,0.36,0.0
2025-12-18T21:00,6.1,-9.1,0.0,0.47,0.0
2025-12-18T22:00,6.6,-9.0,0.0,0.69,0.0
2025-12-18T23:00,6.3,-9.1,0.0,0.74,0.0
2025-12-19T00:00,6.6,-7.1,0.0,0.5,0.0
2025-12-19T01:00,5.9,-7.0,0.0,0.51,0.0
2025-12-19T02:00,5.7,-6.4,0.0,0.87,0.0
2025-12-19T03:00,10.1,-2.3,0.0,0.85,3600.0
2025-12-19T04:00,16.6,-1.7,0.0,1.2,3600.0
2025-12-19T05:00,18.8,-5.3,0.0,2.08,3600.0
2025-12-19T06:00,19.4,-4.6,0.0,2.02,3600.0
2025-12-19T07:00,19.7,-4.4,0.0,2.37,3600.0
2025-12-19T08:00,19.5,-3.7,0.0,2.58,3600.0
2025-12-19T09:00,19.0,-3.5,0.0,2.61,3600.0
2025-12-19T10:00,17.8,-1.6,0.0,1.88,3600.0
2025-12-19T11:00,14.4,1.2,0.0,0.78,3600.0
2025-12-19T12:00,12.5,-0.9,0.0,0.3,521.25
2025-12-19T13:00,12.1,-1.7,0.0,0.25,0.0
2025-12-19T14:00,10.9,-1.8,0.0,0.25,0.0
2025-12-19T15:00,9.8,-1.4,0.0,0.6,0.0
2025-12-19T16:00,7.6,-1.7,0.0,0.96,0.0
2025-12-19T17:00,7.0,-2.2,0.0,0.89,0.0
2025-12-19T18:00,7.2,-3.1,0.0,0.56,0.0
2025-12-19T19:00,7.0,-3.8,0.0,0.84,0.0
2025-12-19T20:00,7.5,-4.0,0.0,0.9,0.0
2025-12-19T21:00,7.2,-4.5,0.0,0.81,0.0
2025-12-19T22:00,7.0,-5.1,0.0,0.87,0.0
2025-12-19T23:00,6.7,-5.5,0.0,0.76,0.0
2025-12-20T00:00,6.6,-5.7,0.0,0.57,0.0
2025-12-20T01:00,5.7,-6.6,0.0,0.82,0.0
2025-12-20T02:00,6.4,-6.3,0.0,0.85,0.0
2025-12-20T03:00,9.9,-2.4,0.0,0.63,460.1
2025-12-20T04:00,15.8,2.1,0.0,0.62,3487.09
2025-12-20T05:00,18.0,-2.3,0.0,2.0,3562.31
2025-12-20T06:00,18.3,-1.4,0.0,1.87,3600.0
2025-12-20T07:00,18.7,-3.8,0.0,2.29,3600.0
2025-12-20T08:00,18.2,-2.9,0.0,2.5,3600.0
2025-12-20T09:00,17.4,-1.0,0.0,2.36,2126.86
2025-12-20T10:00,15.9,2.0,0.0,1.43,571.27
2025-12-20T11:00,13.3,3.4,0.0,0.94,0.0
2025-12-20T12:00,12.1,0.3,0.0,0.43,0.0
2025-12-20T13:00,11.1,-0.3,0.0,0.52,0.0
2025-12-20T14:00,10.8,-0.8,0.0,0.46,0.0
2025-12-20T15:00,10.6,-1.5,0.0,0.45,0.0
2025-12-20T16:00,10.2,-2.3,0.0,0.65,0.0
2025-12-20T17:00,9.8,-3.4,0.0,0.85,0.0
2025-12-20T18:00,10.1,-3.5,0.0,0.7,0.0
2025-12-20T19:00,9.6,-3.9,0.0,0.95,0.0
2025-12-20T20:00,9.6,-4.5,0.0,1.11,0.0
2025-12-20T21:00,9.7,-5.4,0.0,1.16,0.0
2025-12-20T22:00,9.6,-6.1,0.0,1.3,0.0
2025-12-20T23:00,9.5,-6.7,0.0,1.24,0.0
2025-12-21T00:00,10.5,-5.4,0.0,0.6,0.0
2025-12-21T01:00,10.0,-5.1,0.0,0.57,0.0
2025-12-21T02:00,10.1,-4.3,0.0,0.76,0.0
2025-12-21T03:00,11.5,-0.3,0.0,1.21,0.0
2025-12-21T04:00,12.8,2.3,0.0,2.07,0.0
2025-12-21T05:00,11.8,7.9,2.1,1.12,39.1
2025-12-21T06:00,12.3,9.3,0.5,0.91,1797.93
2025-12-21T07:00,13.3,9.5,0.3,2.14,770.55
2025-12-21T08:00,12.4,10.3,0.5,1.81,1249.78
2025-12-21T09:00,11.6,10.2,1.0,1.92,0.0
2025-12-21T10:00,12.1,9.2,0.7,1.82,0.0
2025-12-21T11:00,11.7,8.7,0.0,1.5,145.86
2025-12-21T12:00,8.5,5.3,0.0,0.4,0.0
2025-12-21T13:00,8.8,4.9,1.7,0.43,0.0
2025-12-21T14:00,7.7,4.9,2.7,0.32,0.0
2025-12-21T15:00,8.5,4.6,2.7,0.15,0.0
2025-12-21T16:00,8.5,4.5,1.1,0.3,0.0
2025-12-21T17:00,8.4,4.1,0.3,0.11,0.0
2025-12-21T18:00,8.5,2.6,0.7,0.68,0.0
2025-12-21T19:00,7.5,2.7,0.9,1.59,0.0
2025-12-21T20:00,7.1,1.3,0.7,1.07,0.0
2025-12-21T21:00,7.4,1.6,0.8,0.94,0.0
2025-12-21T22:00,7.4,-1.0,0.7,1.01,0.0
2025-12-21T23:00,6.8,-0.3,2.0,1.05,0.0
2025-12-22T00:00,5.8,2.5,3.7,1.04,0.0
2025-12-22T01:00,5.2,1.7,1.2,1.52,0.0
2025-12-22T02:00,4.5,-17.1,2.0,1.43,0.0
2025-12-22T03:00,6.2,-3.1,2.6,1.53,3600.0
2025-12-22T04:00,11.0,3.4,1.0,1.41,3600.0
2025-12-22T05:00,12.8,1.5,1.4,1.4,3600.0
2025-12-22T06:00,14.0,2.0,0.5,1.89,3600.0
2025-12-22T07:00,14.1,-1.3,0.8,1.69,3600.0
2025-12-22T08:00,14.1,-2.2,1.0,1.44,3600.0
2025-12-22T09:00,13.9,-2.2,0.2,1.57,3600.0
2025-12-22T10:00,13.1,-1.8,0.3,1.57,3600.0
2025-12-22T11:00,9.9,0.0,0.0,1.76,3600.0
2025-12-22T12:00,7.4,-0.9,0.0,0.86,2808.33
2025-12-22T13:00,5.0,-4.4,0.0,1.11,0.0
2025-12-22T14:00,4.0,-6.6,0.0,0.69,0.0
2025-12-22T15:00,4.2,-7.4,0.0,0.64,0.0
2025-12-22T16:00,4.2,-8.6,0.0,0.81,0.0
2025-12-22T17:00,3.6,-8.0,0.0,0.81,0.0
2025-12-22T18:00,3.3,-3.2,0.0,0.86,0.0
2025-12-22T19:00,2.8,-4.1,1.2,0.64,0.0
2025-12-22T20:00,2.5,-3.3,1.1,0.81,0.0
2025-12-22T21:00,2.1,-7.6,0.6,0.53,0.0
2025-12-22T22:00,2.0,-8.3,0.0,0.49,0.0
2025-12-22T23:00,1.4,-9.2,0.8,0.67,0.0
2025-12-23T00:00,1.6,-7.5,0.2,0.93,0.0
2025-12-23T01:00,1.0,-7.4,0.0,1.5,0.0
2025-12-23T02:00,1.0,-9.8,0.0,1.25,0.0
2025-12-23T03:00,4.9,-11.8,0.0,1.29,3600.0
2025-12-23T04:00,7.2,-4.2,0.0,1.41,3600.0
2025-12-23T05:00,12.2,-4.0,0.0,1.35,3600.0
2025-12-23T06:00,13.5,-4.3,0.0,1.12,3600.0
2025-12-23T07:00,12.1,-3.5,0.0,1.88,3600.0
2025-12-23T08:00,12.1,-3.2,0.0,2.08,3600.0
2025-12-23T09:00,11.8,-1.7,0.0,2.1,3600.0
2025-12-23T10:00,10.7,0.4,0.0,1.72,3600.0
2025-12-23T11:00,8.5,-1.0,0.2,1.1,3600.0
2025-12-23T12:00,8.0,0.0,0.4,0.52,2841.22
2025-12-23T13:00,6.1,-1.0,0.0,0.35,0.0
2025-12-23T14:00,3.5,-3.8,0.1,0.6,0.0
2025-12-23T15:00,1.8,-6.0,0.1,0.83,0.0
2025-12-23T16:00,1.0,-8.4,0.0,0.81,0.0
2025-12-23T17:00,1.0,-10.9,0.0,0.94,0.0
2025-12-23T18:00,0.1,-12.4,0.0,0.57,0.0
2025-12-23T19:00,-0.1,-14.1,0.0,0.85,0.0
2025-12-23T20:00,1.3,-14.2,0.0,0.82,0.0
2025-12-23T21:00,1.0,-14.3,0.0,0.71,0.0
2025-12-23T22:00,0.0,-15.1,0.0,0.67,0.0
2025-12-23T23:00,-1.0,-15.6,0.0,0.68,0.0
2025-12-24T00:00,0.0,-13.2,0.0,0.49,0.0
2025-12-24T01:00,-1.6,-15.8,0.0,0.76,0.0
2025-12-24T02:00,-1.6,-17.9,0.0,0.69,0.0
2025-12-24T03:00,2.2,-16.8,0.0,0.5,3600.0
2025-12-24T04:00,8.5,-8.7,0.0,0.59,3600.0
2025-12-24T05:00,11.4,-4.5,0.0,1.55,3600.0
2025-12-24T06:00,14.8,-5.0,0.0,2.35,3600.0
2025-12-24T07:00,12.7,-5.6,0.0,1.96,3600.0
2025-12-24T08:00,12.8,-5.2,0.0,2.05,3600.0
2025-12-24T09:00,12.6,-4.4,0.0,1.95,3600.0
2025-12-24T10:00,11.3,-3.3,0.0,1.75,3600.0
2025-12-24T11:00,8.8,-2.5,0.0,1.06,3600.0
2025-12-24T12:00,8.6,-3.6,0.0,0.35,2875.45
2025-12-24T13:00,6.7,-4.9,0.0,0.32,0.0
2025-12-24T14:00,4.8,-5.4,0.0,0.32,0.0
2025-12-24T15:00,2.8,-7.4,0.0,0.46,0.0
2025-12-24T16:00,1.3,-10.7,0.0,0.66,0.0
2025-12-24T17:00,0.9,-13.6,0.0,0.67,0.0
2025-12-24T18:00,1.6,-13.5,0.0,0.25,0.0
2025-12-24T19:00,-0.2,-15.9,0.0,0.78,0.0
2025-12-24T20:00,-0.9,-16.6,0.0,0.95,0.0
2025-12-24T21:00,-1.7,-16.6,0.0,1.12,0.0
2025-12-24T22:00,-2.2,-16.9,0.0,1.23,0.0
2025-12-24T23:00,-2.2,-17.3,0.0,1.25,0.0
2025-12-25T00:00,-0.2,-16.0,0.0,0.69,0.0
2025-12-25T01:00,-1.5,-17.5,0.0,1.24,0.0
2025-12-25T02:00,-2.3,-18.3,0.0,1.29,0.0
2025-12-25T03:00,1.8,-16.1,0.0,1.14,3600.0
2025-12-25T04:00,9.6,-9.4,0.0,0.61,3600.0
2025-12-25T05:00,12.2,-4.9,0.0,0.9,3600.0
2025-12-25T06:00,16.8,-3.1,0.0,1.5,3600.0
2025-12-25T07:00,14.3,-5.3,0.0,2.07,3600.0
2025-12-25T08:00,14.1,-5.4,0.0,2.35,3600.0
2025-12-25T09:00,13.1,-3.3,0.0,2.0,3600.0
2025-12-25T10:00,11.6,-1.1,0.0,1.62,3600.0
2025-12-25T11:00,9.4,-1.3,0.0,0.92,3600.0
2025-12-25T12:00,9.0,-2.0,0.0,0.36,2910.93
2025-12-25T13:00,6.7,-4.0,0.0,0.3,0.0
2025-12-25T14:00,6.0,-5.0,0.0,0.43,0.0
2025-12-25T15:00,5.7,-6.5,0.0,0.46,0.0
2025-12-25T16:00,5.8,-8.2,0.0,0.5,0.0
2025-12-25T17:00,5.8,-9.8,0.0,0.56,0.0
2025-12-25T18:00,5.6,-9.0,0.0,0.32,0.0
2025-12-25T19:00,4.1,-10.1,0.0,0.47,0.0
2025-12-25T20:00,3.9,-10.0,0.0,0.7,0.0
2025-12-25T21:00,3.9,-9.5,0.0,0.83,0.0
2025-12-25T22:00,3.8,-9.1,0.0,0.94,0.0
2025-12-25T23:00,3.6,-8.3,0.0,1.01,0.0
2025-12-26T00:00,4.7,-6.9,0.0,0.53,0.0
2025-12-26T01:00,4.4,-7.2,0.0,0.72,0.0
2025-12-26T02:00,4.6,-6.7,0.0,0.61,0.0
2025-12-26T03:00,6.4,-4.6,0.0,0.79,0.0
2025-12-26T04:00,9.3,-1.7,0.0,0.99,0.0
2025-12-26T05:00,10.5,0.7,0.0,1.68,0.0
2025-12-26T06:00,12.8,2.2,0.0,0.46,0.0
2025-12-26T07:00,10.9,-0.6,0.0,0.91,501.04
2025-12-26T08:00,11.4,-0.7,0.0,1.15,855.54
2025-12-26T09:00,11.3,-0.7,0.0,1.05,1294.39
2025-12-26T10:00,10.5,0.3,0.0,1.3,3600.0
2025-12-26T11:00,8.3,1.2,0.0,1.31,3600.0
2025-12-26T12:00,7.0,0.7,0.0,0.85,2947.56
2025-12-26T13:00,4.3,-1.0,0.3,1.67,0.0
2025-12-26T14:00,2.7,-4.4,0.0,1.23,0.0
2025-12-26T15:00,1.7,-6.7,0.0,1.01,0.0
2025-12-26T16:00,1.9,-7.1,0.0,1.13,0.0
2025-12-26T17:00,3.2,-6.8,0.0,0.97,0.0
2025-12-26T18:00,2.2,-6.8,0.0,0.56,0.0
2025-12-26T19:00,-0.2,-8.9,0.0,1.38,0.0
2025-12-26T20:00,0.0,-10.2,0.0,1.58,0.0
2025-12-26T21:00,0.2,-11.5,0.0,1.52,0.0
2025-12-26T22:00,0.5,-12.7,0.0,1.46,0.0
2025-12-26T23:00,0.6,-13.5,0.0,1.46,0.0
2025-12-27T00:00,-0.3,-12.2,0.0,0.62,0.0
2025-12-27T01:00,-2.1,-14.5,0.0,1.61,0.0
2025-12-27T02:00,-2.0,-15.5,0.0,1.68,0.0
2025-12-27T03:00,2.5,-13.2,0.0,1.6,3600.0
2025-12-27T04:00,9.0,-6.2,0.0,1.2,3600.0
2025-12-27T05:00,11.6,-4.0,0.0,1.0,3600.0
2025-12-27T06:00,15.3,-2.9,0.0,0.83,3600.0
2025-12-27T07:00,12.8,-3.0,0.0,1.17,3600.0
2025-12-27T08:00,13.2,-3.6,0.0,1.76,3600.0
2025-12-27T09:00,12.9,-3.7,0.0,2.2,3600.0
2025-12-27T10:00,11.7,-2.5,0.0,1.8,3600.0
2025-12-27T11:00,9.1,-3.9,0.0,1.03,3600.0
2025-12-27T12:00,9.1,-5.3,0.0,0.32,2985.24
2025-12-27T13:00,7.7,-6.2,0.0,0.36,0.0
2025-12-27T14:00,5.1,-7.8,0.0,0.15,0.0
2025-12-27T15:00,3.7,-8.2,0.0,0.51,0.0
2025-12-27T16:00,3.4,-9.0,0.0,0.71,0.0
2025-12-27T17:00,2.6,-10.4,0.0,0.72,0.0
2025-12-27T18:00,3.9,-8.3,0.0,0.46,0.0
2025-12-27T19:00,3.6,-8.3,0.0,1.02,0.0
2025-12-27T20:00,2.4,-9.6,0.0,1.12,0.0
2025-12-27T21:00,3.4,-8.9,0.0,1.02,0.0
2025-12-27T22:00,4.0,-8.1,0.0,1.0,0.0
2025-12-27T23:00,3.9,-7.6,0.0,1.0,0.0
2025-12-28T00:00,2.4,-7.0,0.0,0.72,0.0
2025-12-28T01:00,0.5,-8.5,0.0,1.05,0.0
2025-12-28T02:00,-0.3,-9.0,0.0,1.26,0.0
2025-12-28T03:00,3.8,-7.2,0.0,1.15,3600.0
2025-12-28T04:00,10.5,-2.2,0.0,0.74,3600.0
2025-12-28T05:00,11.6,-1.4,0.0,0.85,3600.0
2025-12-28T06:00,15.1,-2.3,0.0,1.82,3600.0
2025-12-28T07:00,12.6,-1.9,0.0,1.68,3600.0
2025-12-28T08:00,12.6,-2.1,0.0,1.95,3600.0
2025-12-28T09:00,12.0,-1.7,0.0,1.91,3600.0
2025-12-28T10:00,11.0,-0.5,0.0,1.56,3600.0
2025-12-28T11:00,9.7,-1.1,0.0,1.16,3600.0
2025-12-28T12:00,8.4,-2.7,0.0,0.21,1938.81
2025-12-28T13:00,5.3,-4.1,0.0,0.72,0.0
2025-12-28T14:00,3.7,-3.6,0.1,1.48,0.0
2025-12-28T15:00,3.3,-4.4,0.1,1.46,0.0
2025-12-28T16:00,3.5,-4.5,0.0,1.85,0.0
2025-12-28T17:00,2.8,-3.8,0.0,1.71,0.0
2025-12-28T18:00,4.5,-2.5,0.1,1.03,0.0
2025-12-28T19:00,3.8,-2.7,0.1,1.57,0.0
2025-12-28T20:00,3.8,-3.4,0.7,1.44,0.0
2025-12-28T21:00,4.6,-1.0,1.8,0.86,0.0
2025-12-28T22:00,4.2,-2.2,1.7,1.28,0.0
2025-12-28T23:00,3.8,-1.2,1.0,1.39,0.0
2025-12-29T00:00,3.2,-3.5,0.7,0.9,0.0
2025-12-29T01:00,1.0,-8.7,0.0,1.41,0.0
2025-12-29T02:00,0.9,-6.6,0.3,1.55,0.0
2025-12-29T03:00,3.8,-8.8,1.8,1.52,3600.0
2025-12-29T04:00,7.7,-0.0,1.8,1.26,3600.0
2025-12-29T05:00,10.0,2.4,1.2,0.65,3600.0
2025-12-29T06:00,12.3,3.3,0.0,0.25,3381.38
2025-12-29T07:00,10.7,0.8,0.0,1.01,1455.48
2025-12-29T08:00,10.7,0.2,0.0,1.25,788.11
2025-12-29T09:00,10.7,-0.7,0.1,1.22,1690.62
2025-12-29T10:00,10.7,-0.6,0.0,1.36,1870.3
2025-12-29T11:00,9.4,-1.7,0.0,0.7,1625.79
2025-12-29T12:00,9.2,-3.4,0.0,0.21,0.0
2025-12-29T13:00,7.2,-2.1,0.4,0.21,0.0
2025-12-29T14:00,6.1,-1.8,0.3,0.38,0.0
2025-12-29T15:00,5.0,-3.9,0.6,0.91,0.0
2025-12-29T16:00,4.0,-2.1,0.6,1.25,0.0
2025-12-29T17:00,4.0,-3.0,0.1,1.18,0.0
2025-12-29T18:00,3.3,-1.7,0.4,1.06,0.0
2025-12-29T19:00,2.6,-0.9,1.9,1.36,0.0
2025-12-29T20:00,3.1,-0.0,1.4,1.23,0.0
2025-12-29T21:00,3.4,-2.6,0.1,1.01,0.0
2025-12-29T22:00,3.2,-4.7,0.0,0.85,0.0
2025-12-29T23:00,2.4,-2.4,0.4,1.23,0.0
2025-12-30T00:00,2.5,-3.5,0.5,0.79,0.0
2025-12-30T01:00,2.8,-5.2,0.7,1.26,0.0
2025-12-30T02:00,2.5,-5.1,0.0,0.9,0.0
2025-12-30T03:00,5.6,-5.5,0.2,0.84,2409.56
2025-12-30T04:00,11.8,-4.9,0.0,0.6,3600.0
2025-12-30T05:00,13.5,-5.4,0.0,0.5,3600.0
2025-12-30T06:00,14.0,-2.0,0.0,0.46,3600.0
2025-12-30T07:00,12.6,-1.1,0.0,0.3,3600.0
2025-12-30T08:00,12.5,-1.2,0.0,0.16,190.93
2025-12-30T09:00,12.0,-0.5,0.0,0.14,0.0
2025-12-30T10:00,11.0,2.6,0.9,1.61,0.0
2025-12-30T11:00,8.3,4.2,4.7,1.92,1111.98
2025-12-30T12:00,6.3,-1.3,2.2,0.87,1269.57
2025-12-30T13:00,5.2,1.8,2.5,1.24,0.0
2025-12-30T14:00,4.7,1.6,1.6,1.36,0.0
2025-12-30T15:00,2.5,-3.1,0.3,1.52,0.0
2025-12-30T16:00,1.4,-6.1,1.5,1.69,0.0
2025-12-30T17:00,2.1,-9.4,2.0,1.53,0.0
2025-12-30T18:00,2.5,-7.2,2.1,1.11,0.0
2025-12-30T19:00,2.4,-3.3,3.9,1.66,0.0
2025-12-30T20:00,1.5,-3.9,0.4,1.07,0.0
2025-12-30T21:00,1.8,-6.4,0.8,1.72,0.0
2025-12-30T22:00,1.5,-11.5,0.4,1.7,0.0
2025-12-30T23:00,2.3,-5.4,2.0,1.5,0.0
2025-12-31T00:00,3.1,-2.2,1.7,1.1,0.0
2025-12-31T01:00,3.2,-0.1,2.4,1.51,0.0
2025-12-31T02:00,3.9,-2.2,0.0,1.21,0.0
2025-12-31T03:00,5.2,-3.5,0.0,1.38,177.56
2025-12-31T04:00,9.1,-1.1,0.0,1.52,134.26
2025-12-31T05:00,11.2,-1.1,0.0,1.59,1493.99
2025-12-31T06:00,11.0,-2.1,0.0,1.45,0.0
2025-12-31T07:00,11.0,-1.8,0.0,1.25,0.0
2025-12-31T08:00,11.0,-2.6,0.0,1.3,0.0
2025-12-31T09:00,10.9,-2.1,0.0,0.98,353.09
2025-12-31T10:00,9.9,-1.5,0.0,0.94,0.0
2025-12-31T11:00,8.2,1.7,0.0,0.3,0.0
2025-12-31T12:00,4.9,3.3,0.1,1.23,0.0
2025-12-31T13:00,5.4,0.6,0.0,1.63,0.0
2025-12-31T14:00,5.1,-1.2,0.0,1.56,0.0
2025-12-31T15:00,5.5,-2.6,0.0,0.99,0.0
2025-12-31T16:00,5.4,-2.8,0.1,1.39,0.0
2025-12-31T17:00,5.4,-2.7,0.1,1.45,0.0
2025-12-31T18:00,5.1,-0.5,0.0,0.96,0.0
2025-12-31T19:00,4.8,-1.2,0.0,1.06,0.0
2025-12-31T20:00,4.3,-1.3,0.0,1.65,0.0
2025-12-31T21:00,4.2,-2.5,0.0,1.38,0.0
2025-12-31T22:00,3.3,-3.1,0.0,1.54,0.0
2025-12-31T23:00,2.7,-3.5,0.0,1.29,0.0
2026-01-01T00:00,2.1,-3.2,0.0,0.54,0.0
2026-01-01T01:00,2.3,-2.0,0.1,1.0,0.0
2026-01-01T02:00,2.5,-2.1,0.0,1.3,0.0
2026-01-01T03:00,4.6,-1.0,0.0,0.76,0.0
2026-01-01T04:00,6.9,-0.6,0.0,0.97,0.0
2026-01-01T05:00,7.1,-0.7,0.3,1.63,0.0
2026-01-01T06:00,6.0,0.3,1.0,1.68,0.0
2026-01-01T07:00,6.3,-0.5,0.6,1.27,0.0
2026-01-01T08:00,6.8,1.1,2.4,1.76,3600.0
2026-01-01T09:00,7.8,-0.7,0.0,1.27,3600.0
2026-01-01T10:00,6.3,0.5,0.4,1.45,2269.89
2026-01-01T11:00,5.1,0.4,1.0,1.03,0.0
2026-01-01T12:00,4.0,0.8,1.1,0.18,0.0
2026-01-01T13:00,3.7,1.5,0.9,0.57,0.0
2026-01-01T14:00,2.4,0.7,2.9,0.21,0.0
2026-01-01T15:00,2.4,-0.2,0.5,0.53,0.0
2026-01-01T16:00,1.7,-0.6,0.9,0.35,0.0
2026-01-01T17:00,0.8,-0.9,1.3,0.38,0.0
2026-01-01T18:00,1.2,-1.8,1.9,0.58,0.0
2026-01-01T19:00,1.1,-0.6,2.2,0.53,0.0
2026-01-01T20:00,1.6,-1.6,2.6,0.34,0.0
2026-01-01T21:00,0.7,-2.9,1.1,0.32,0.0
2026-01-01T22:00,0.2,-3.5,0.0,0.5,0.0
2026-01-01T23:00,-1.5,-5.0,0.0,0.7,0.0
2026-01-02T00:00,-2.0,-6.0,0.0,0.62,0.0
2026-01-02T01:00,-4.4,-8.8,0.0,0.75,0.0
2026-01-02T02:00,-4.2,-10.3,0.0,0.71,0.0
2026-01-02T03:00,-0.5,-10.0,0.0,0.56,3600.0
2026-01-02T04:00,6.3,-9.3,0.0,0.15,3600.0
2026-01-02T05:00,9.0,-6.1,0.0,1.0,3600.0
2026-01-02T06:00,9.8,-6.3,0.0,1.8,3600.0
2026-01-02T07:00,10.6,-6.7,0.2,1.95,3600.0
2026-01-02T08:00,10.4,-5.7,0.0,1.76,3600.0
2026-01-02T09:00,9.9,-4.5,0.2,1.53,3600.0
2026-01-02T10:00,9.4,-4.3,0.0,1.52,3600.0
2026-01-02T11:00,7.6,0.1,0.1,1.41,3600.0
2026-01-02T12:00,4.3,0.3,0.2,0.39,3227.98
2026-01-02T13:00,2.9,0.8,0.9,0.27,0.0
2026-01-02T14:00,1.3,1.0,2.8,0.18,0.0
2026-01-02T15:00,0.7,0.3,4.8,0.4,0.0
2026-01-02T16:00,0.5,-0.7,5.5,0.46,0.0
2026-01-02T17:00,-1.3,-2.1,5.7,0.45,0.0
2026-01-02T18:00,-2.2,-2.9,6.9,0.16,0.0
2026-01-02T19:00,-3.5,-4.7,2.8,0.41,0.0
2026-01-02T20:00,-3.5,-5.9,2.4,0.7,0.0
2026-01-02T21:00,-3.1,-5.7,3.8,0.81,0.0
2026-01-02T22:00,-3.5,-6.9,7.1,0.83,0.0
2026-01-02T23:00,-4.9,-8.3,4.5,1.01,0.0
2026-01-03T00:00,-5.5,-16.1,4.5,0.6,0.0
2026-01-03T01:00,-5.9,-11.1,3.1,1.37,0.0
2026-01-03T02:00,-4.5,-15.8,1.2,1.11,0.0
2026-01-03T03:00,-1.8,-13.4,1.7,1.01,3600.0
2026-01-03T04:00,3.6,-10.9,0.0,0.53,2505.7
2026-01-03T05:00,7.3,-5.9,0.0,1.28,1274.4
2026-01-03T06:00,10.5,-3.8,0.1,1.95,1907.6
2026-01-03T07:00,10.8,-5.9,0.1,1.88,3600.0
2026-01-03T08:00,10.2,-4.3,0.0,1.86,3600.0
2026-01-03T09:00,9.6,-3.0,0.0,1.74,93.71
2026-01-03T10:00,9.1,-2.2,0.1,1.64,3600.0
2026-01-03T11:00,7.0,0.3,0.1,1.46,1949.08
2026-01-03T12:00,4.3,2.3,0.8,0.43,553.36
2026-01-03T13:00,2.6,1.2,1.3,0.56,0.0
2026-01-03T14:00,1.1,-0.5,0.9,0.41,0.0
2026-01-03T15:00,-0.1,-3.2,2.9,0.35,0.0
2026-01-03T16:00,-1.2,-6.2,3.7,0.47,0.0
2026-01-03T17:00,-2.4,-6.9,3.1,0.74,0.0
2026-01-03T18:00,-4.2,-10.6,2.3,0.68,0.0
2026-01-03T19:00,-4.8,-12.6,2.4,1.03,0.0
2026-01-03T20:00,-4.9,-9.0,1.0,0.88,0.0
2026-01-03T21:00,-4.7,-8.3,0.7,0.88,0.0
2026-01-03T22:00,-4.0,-8.9,0.6,0.85,0.0
2026-01-03T23:00,-4.1,-11.8,0.5,0.82,0.0
2026-01-04T00:00,-4.5,-28.0,0.7,0.74,0.0
2026-01-04T01:00,-4.8,-13.6,1.3,1.1,0.0
2026-01-04T02:00,-3.5,-12.3,1.0,0.81,0.0
2026-01-04T03:00,-1.6,-13.1,0.5,0.81,3600.0
2026-01-04T04:00,2.2,-7.0,0.8,0.52,3600.0
2026-01-04T05:00,5.5,-3.2,1.3,1.29,3600.0
2026-01-04T06:00,8.3,-0.5,1.9,2.19,3600.0
2026-01-04T07:00,7.7,-2.3,1.2,2.11,3600.0
2026-01-04T08:00,8.1,-3.5,0.7,2.71,3600.0
2026-01-04T09:00,7.7,-3.6,0.0,2.2,3600.0
2026-01-04T10:00,7.3,-3.5,0.0,2.02,3600.0
2026-01-04T11:00,5.5,-2.4,0.4,1.81,3600.0
2026-01-04T12:00,4.1,-0.2,0.0,0.99,3316.63
2026-01-04T13:00,2.7,-2.3,0.0,1.48,0.0
2026-01-04T14:00,0.2,-4.3,0.2,1.71,0.0
2026-01-04T15:00,-1.5,-5.7,0.5,1.71,0.0
2026-01-04T16:00,-1.5,-6.6,0.5,1.42,0.0
2026-01-04T17:00,-2.3,-8.8,0.0,1.33,0.0
2026-01-04T18:00,-2.7,-8.2,0.0,0.79,0.0
2026-01-04T19:00,-3.7,-9.9,0.0,0.86,0.0
2026-01-04T20:00,-3.6,-10.7,0.0,0.9,0.0
2026-01-04T21:00,-3.5,-11.5,0.0,0.97,0.0
2026-01-04T22:00,-4.8,-12.6,0.0,1.06,0.0
2026-01-04T23:00,-5.7,-13.2,0.0,1.1,0.0
2026-01-05T00:00,-6.0,-10.2,0.0,0.78,0.0
2026-01-05T01:00,-7.1,-7.8,0.4,0.99,0.0
2026-01-05T02:00,-7.5,-11.6,0.1,1.22,0.0
2026-01-05T03:00,-5.5,-9.3,0.5,1.32,3600.0
2026-01-05T04:00,1.3,-6.3,0.3,0.67,3600.0
2026-01-05T05:00,4.4,-6.0,0.8,1.3,3600.0
2026-01-05T06:00,6.3,-1.1,0.2,1.77,3600.0
2026-01-05T07:00,6.3,-4.0,0.9,1.63,3600.0
2026-01-05T08:00,6.9,-6.5,0.7,2.15,3600.0
2026-01-05T09:00,7.3,-7.7,0.0,2.55,3600.0
2026-01-05T10:00,5.7,-7.4,0.0,1.47,3600.0
2026-01-05T11:00,3.9,-8.2,0.0,1.3,3600.0
2026-01-05T12:00,2.5,-7.4,0.0,0.46,3363.17
2026-01-05T13:00,0.8,-9.2,0.0,0.25,0.0
2026-01-05T14:00,-0.6,-8.8,0.2,0.15,0.0
2026-01-05T15:00,-2.9,-6.5,0.4,0.4,0.0
2026-01-05T16:00,-5.3,-5.2,1.1,0.86,0.0
2026-01-05T17:00,-6.0,-9.1,0.0,0.86,0.0
2026-01-05T18:00,-5.7,-16.0,0.0,0.59,0.0
2026-01-05T19:00,-5.7,-12.0,1.1,1.18,0.0
2026-01-05T20:00,-6.1,-10.1,1.5,0.98,0.0
2026-01-05T21:00,-5.5,-11.4,0.9,1.11,0.0
2026-01-05T22:00,-6.0,-21.8,1.9,1.17,0.0
2026-01-05T23:00,-6.5,-13.3,1.2,1.11,0.0
2026-01-06T00:00,-4.6,-14.3,1.2,0.65,0.0
2026-01-06T01:00,-5.4,-12.1,1.4,0.92,0.0
2026-01-06T02:00,-5.7,-15.8,1.9,1.05,0.0
2026-01-06T03:00,-4.0,-13.8,1.4,1.08,3600.0
2026-01-06T04:00,0.7,-9.1,0.2,0.35,3035.79
2026-01-06T05:00,2.4,-6.2,0.9,0.71,1119.93
2026-01-06T06:00,4.5,-4.0,0.6,1.27,2059.71
2026-01-06T07:00,4.2,-3.5,0.5,1.6,2456.02
2026-01-06T08:00,4.7,-2.6,0.7,1.42,2211.28
2026-01-06T09:00,4.9,-2.1,0.1,1.3,2934.44
2026-01-06T10:00,5.0,-2.7,0.1,1.67,2231.25
2026-01-06T11:00,3.6,-1.0,0.1,1.45,0.0
2026-01-06T12:00,3.0,-1.8,1.1,0.47,2037.21
2026-01-06T13:00,1.8,-1.3,0.1,1.19,0.0
2026-01-06T14:00,0.8,-1.3,0.3,0.95,0.0
2026-01-06T15:00,0.3,-1.7,0.2,0.5,0.0
2026-01-06T16:00,-1.0,-1.9,0.6,0.35,0.0
2026-01-06T17:00,-2.4,-3.7,0.4,0.36,0.0
2026-01-06T18:00,-3.9,-6.4,0.1,0.35,0.0
2026-01-06T19:00,-7.4,-9.5,1.0,0.73,0.0
2026-01-06T20:00,-8.2,-12.8,0.4,0.76,0.0
2026-01-06T21:00,-9.6,-14.9,0.8,0.82,0.0
2026-01-06T22:00,-9.5,-19.3,0.2,0.81,0.0
2026-01-06T23:00,-10.4,-20.0,0.0,0.76,0.0
2026-01-07T00:00,-12.6,-18.5,0.0,0.41,0.0
2026-01-07T01:00,-13.3,-20.2,0.0,0.84,0.0
2026-01-07T02:00,-13.6,-21.3,0.0,0.95,0.0
2026-01-07T03:00,-9.6,-19.3,0.0,0.98,3600.0
2026-01-07T04:00,-0.5,-16.5,0.0,0.5,3600.0
2026-01-07T05:00,6.0,-12.3,0.0,0.9,3600.0
2026-01-07T06:00,7.7,-11.6,0.0,1.71,3600.0
2026-01-07T07:00,8.9,-9.6,0.0,2.35,3600.0
2026-01-07T08:00,9.0,-8.6,0.0,2.06,3600.0
2026-01-07T09:00,8.7,-7.4,0.0,1.77,3600.0
2026-01-07T10:00,8.1,-7.0,0.0,1.61,3600.0
2026-01-07T11:00,6.3,-4.8,0.0,1.31,3600.0
2026-01-07T12:00,2.4,-5.6,0.3,0.41,3460.13
2026-01-07T13:00,0.1,-8.4,0.7,0.25,0.0
2026-01-07T14:00,-2.4,-10.3,0.3,0.3,0.0
2026-01-07T15:00,-5.2,-12.5,0.0,0.61,0.0
2026-01-07T16:00,-7.2,-15.1,0.0,0.87,0.0
2026-01-07T17:00,-8.4,-18.2,0.0,1.08,0.0
2026-01-07T18:00,-9.6,-21.0,0.0,0.73,0.0
2026-01-07T19:00,-11.3,-24.6,0.0,1.33,0.0
2026-01-07T20:00,-12.2,-27.6,0.0,1.52,0.0
2026-01-07T21:00,-12.5,-29.1,0.0,1.68,0.0
2026-01-07T22:00,-12.3,-30.5,0.0,1.63,0.0
2026-01-07T23:00,-12.2,-32.9,0.0,1.57,0.0
2026-01-08T00:00,-13.4,-31.0,0.0,0.79,0.0
2026-01-08T01:00,-13.6,-33.4,0.0,1.39,0.0
2026-01-08T02:00,-13.3,-35.1,0.0,1.24,0.0
2026-01-08T03:00,-9.4,-35.4,0.0,1.24,3600.0
2026-01-08T04:00,-0.6,-31.6,0.0,0.83,3600.0
2026-01-08T05:00,7.8,-24.3,0.0,0.49,3600.0
2026-01-08T06:00,10.1,-18.2,0.0,1.37,3600.0
2026-01-08T07:00,12.2,-19.7,0.0,2.23,3600.0
2026-01-08T08:00,12.3,-18.3,0.0,2.4,3600.0
2026-01-08T09:00,11.8,-17.1,0.0,1.91,3600.0
2026-01-08T10:00,10.7,-16.6,0.0,1.46,3600.0
2026-01-08T11:00,8.8,-14.2,0.0,0.6,3600.0
2026-01-08T12:00,5.1,-16.3,0.0,0.22,3510.32
2026-01-08T13:00,0.7,-16.7,0.0,0.45,0.0
2026-01-08T14:00,-3.0,-17.1,0.0,1.15,0.0
2026-01-08T15:00,-5.4,-19.9,0.0,1.55,0.0
2026-01-08T16:00,-6.4,-23.0,0.0,1.65,0.0
2026-01-08T17:00,-7.0,-25.1,0.0,1.41,0.0
2026-01-08T18:00,-8.0,-24.3,0.0,0.55,0.0
2026-01-08T19:00,-8.4,-25.9,0.0,1.15,0.0
2026-01-08T20:00,-9.2,-26.6,0.0,1.21,0.0
2026-01-08T21:00,-10.0,-26.0,0.0,1.26,0.0
2026-01-08T22:00,-10.8,-25.3,0.0,1.32,0.0
2026-01-08T23:00,-11.3,-24.3,0.0,1.32,0.0
2026-01-09T00:00,-10.5,-23.3,0.0,0.46,0.0
2026-01-09T01:00,-10.9,-23.3,0.0,1.15,0.0
2026-01-09T02:00,-11.0,-22.9,0.0,1.27,0.0
2026-01-09T03:00,-7.5,-20.5,0.0,1.33,3600.0
2026-01-09T04:00,0.9,-17.8,0.0,0.78,3600.0
2026-01-09T05:00,7.4,-14.4,0.0,0.46,3600.0
2026-01-09T06:00,8.7,-9.5,0.0,1.11,3600.0
2026-01-09T07:00,10.6,-12.6,0.0,2.12,3600.0
2026-01-09T08:00,10.9,-12.5,0.0,2.28,3600.0
2026-01-09T09:00,10.7,-10.3,0.0,2.2,3600.0
2026-01-09T10:00,9.8,-7.8,0.0,1.77,3600.0
2026-01-09T11:00,8.0,-6.7,0.0,1.3,3600.0
2026-01-09T12:00,5.0,-9.5,0.0,0.46,3561.52
2026-01-09T13:00,2.6,-10.3,0.0,0.11,0.0
2026-01-09T14:00,-1.0,-11.4,0.0,0.3,0.0
2026-01-09T15:00,-3.9,-13.1,0.0,0.87,0.0
2026-01-09T16:00,-5.9,-15.4,0.0,1.22,0.0
2026-01-09T17:00,-7.1,-17.7,0.0,1.32,0.0
2026-01-09T18:00,-8.1,-19.0,0.0,0.59,0.0
2026-01-09T19:00,-9.0,-21.0,0.0,1.57,0.0
2026-01-09T20:00,-8.9,-22.1,0.0,1.63,0.0
2026-01-09T21:00,-8.6,-22.5,0.0,1.51,0.0
2026-01-09T22:00,-8.6,-22.9,0.0,1.46,0.0
2026-01-09T23:00,-8.9,-23.4,0.0,1.41,0.0
2026-01-10T00:00,-10.2,-23.5,0.0,0.72,0.0
2026-01-10T01:00,-10.7,-24.9,0.0,1.56,0.0
2026-01-10T02:00,-10.6,-25.9,0.0,1.56,0.0
2026-01-10T03:00,-6.5,-25.1,0.0,1.56,3600.0
2026-01-10T04:00,2.0,-23.0,0.0,0.95,3600.0
2026-01-10T05:00,9.1,-19.6,0.0,0.36,3600.0
2026-01-10T06:00,11.0,-14.1,0.0,0.92,3600.0
2026-01-10T07:00,12.5,-16.3,0.0,2.2,3600.0
2026-01-10T08:00,12.3,-14.7,0.0,2.51,3600.0
2026-01-10T09:00,11.7,-12.4,0.0,2.18,3600.0
2026-01-10T10:00,10.6,-9.3,0.0,1.88,3600.0
2026-01-10T11:00,8.2,-5.7,0.0,1.25,3600.0
2026-01-10T12:00,6.5,-6.2,0.0,0.36,3600.0
2026-01-10T13:00,4.1,-5.9,0.0,0.21,0.0
2026-01-10T14:00,0.3,-8.2,0.0,0.55,0.0
2026-01-10T15:00,-2.3,-12.0,0.0,1.1,0.0
2026-01-10T16:00,-4.0,-16.0,0.0,1.5,0.0
2026-01-10T17:00,-5.0,-18.3,0.0,1.65,0.0
2026-01-10T18:00,-5.9,-18.6,0.0,0.81,0.0
2026-01-10T19:00,-6.8,-19.3,0.0,1.6,0.0
2026-01-10T20:00,-7.5,-19.9,0.0,1.7,0.0
2026-01-10T21:00,-7.8,-20.5,0.0,1.9,0.0
2026-01-10T22:00,-8.0,-21.2,0.0,2.05,0.0
2026-01-10T23:00,-8.3,-21.7,0.0,2.1,0.0
2026-01-11T00:00,-9.0,-22.2,0.0,1.25,0.0
2026-01-11T01:00,-9.1,-22.3,0.0,2.2,0.0
2026-01-11T02:00,-9.7,-22.8,0.0,2.11,0.0
2026-01-11T03:00,-5.8,-21.9,0.0,2.06,3600.0
2026-01-11T04:00,2.4,-19.7,0.0,1.6,3600.0
2026-01-11T05:00,8.3,-17.4,0.0,1.03,3600.0
2026-01-11T06:00,11.2,-15.1,0.0,0.38,3600.0
2026-01-11T07:00,12.8,-16.6,0.0,0.39,3600.0
2026-01-11T08:00,13.6,-16.0,0.0,0.47,3600.0
2026-01-11T09:00,13.7,-16.1,0.0,0.42,3600.0
2026-01-11T10:00,12.8,-15.6,0.0,0.79,3600.0
2026-01-11T11:00,10.1,-11.4,0.0,0.74,3600.0
2026-01-11T12:00,7.0,-12.8,0.0,0.21,3600.0
2026-01-11T13:00,3.1,-13.1,0.0,0.25,0.0
2026-01-11T14:00,-0.6,-13.5,0.0,0.81,0.0
2026-01-11T15:00,-2.7,-15.4,0.0,1.15,0.0
2026-01-11T16:00,-2.9,-17.9,0.0,1.4,0.0
2026-01-11T17:00,-3.0,-20.7,0.0,1.55,0.0
2026-01-11T18:00,-4.4,-20.9,0.0,0.45,0.0
2026-01-11T19:00,-4.4,-23.0,0.0,1.6,0.0
2026-01-11T20:00,-4.3,-24.5,0.0,1.51,0.0
2026-01-11T21:00,-3.5,-24.4,0.0,1.4,0.0
2026-01-11T22:00,-3.0,-24.4,0.0,1.36,0.0
2026-01-11T23:00,-2.3,-23.8,0.0,1.46,0.0
2026-01-12T00:00,-2.9,-24.3,0.0,0.66,0.0
2026-01-12T01:00,-2.5,-23.4,0.0,1.45,0.0
2026-01-12T02:00,-2.4,-24.0,0.0,1.3,0.0
2026-01-12T03:00,0.5,-23.2,0.0,1.25,2177.16
2026-01-12T04:00,7.2,-20.3,0.0,0.76,3600.0
2026-01-12T05:00,14.5,-16.2,0.0,0.22,3600.0
2026-01-12T06:00,15.5,-12.9,0.0,1.22,3600.0
2026-01-12T07:00,15.7,-13.1,0.0,1.8,3600.0
2026-01-12T08:00,15.3,-12.3,0.0,1.57,3600.0
2026-01-12T09:00,15.1,-11.3,0.0,1.61,3600.0
2026-01-12T10:00,13.7,-8.4,0.0,1.52,3600.0
2026-01-12T11:00,11.3,-5.1,0.0,0.88,3600.0
2026-01-12T12:00,8.9,-5.1,0.0,0.46,3600.0
2026-01-12T13:00,7.0,-6.9,0.0,0.45,0.0
2026-01-12T14:00,4.5,-9.0,0.0,0.4,0.0
2026-01-12T15:00,2.3,-10.5,0.0,0.45,0.0
2026-01-12T16:00,0.4,-12.3,0.0,0.66,0.0
2026-01-12T17:00,-0.8,-14.6,0.0,0.81,0.0
2026-01-12T18:00,-0.4,-15.6,0.0,0.43,0.0
2026-01-12T19:00,-1.2,-17.2,0.0,0.86,0.0
2026-01-12T20:00,-1.6,-18.3,0.0,0.92,0.0
2026-01-12T21:00,-1.6,-19.2,0.0,0.93,0.0
2026-01-12T22:00,-1.7,-19.7,0.0,1.0,0.0
2026-01-12T23:00,-1.4,-20.2,0.0,1.08,0.0
2026-01-13T00:00,-1.3,-19.8,0.0,0.49,0.0
2026-01-13T01:00,-1.4,-19.7,0.0,1.18,0.0
2026-01-13T02:00,-1.8,-20.4,0.0,1.22,0.0
2026-01-13T03:00,0.9,-20.6,0.0,1.11,3600.0
2026-01-13T04:00,8.0,-18.0,0.0,0.67,3600.0
2026-01-13T05:00,13.6,-14.6,0.0,0.35,3600.0
2026-01-13T06:00,14.9,-11.1,0.0,0.86,3600.0
2026-01-13T07:00,15.5,-11.8,0.0,1.45,3600.0
2026-01-13T08:00,15.3,-10.8,0.0,1.6,3600.0
2026-01-13T09:00,14.9,-10.6,0.0,1.7,3600.0
2026-01-13T10:00,13.8,-8.9,0.0,1.53,3600.0
2026-01-13T11:00,11.4,-6.2,0.0,1.1,3600.0
2026-01-13T12:00,9.2,-6.1,0.0,0.32,3600.0
2026-01-13T13:00,7.2,-7.3,0.0,0.18,0.0
2026-01-13T14:00,3.9,-8.1,0.0,0.55,0.0
2026-01-13T15:00,1.4,-9.9,0.0,0.9,0.0
2026-01-13T16:00,-0.4,-12.5,0.0,1.25,0.0
2026-01-13T17:00,-0.9,-14.8,0.0,1.41,0.0
2026-01-13T18:00,-0.8,-15.1,0.0,0.61,0.0
2026-01-13T19:00,-1.2,-16.4,0.0,1.32,0.0
2026-01-13T20:00,-1.6,-17.4,0.0,1.36,0.0
2026-01-13T21:00,-1.6,-18.3,0.0,1.31,0.0
2026-01-13T22:00,-1.8,-19.2,0.0,1.36,0.0
2026-01-13T23:00,-2.4,-19.9,0.0,1.46,0.0
2026-01-14T00:00,-3.3,-20.0,0.0,0.76,0.0
2026-01-14T01:00,-4.3,-20.7,0.0,1.65,0.0
2026-01-14T02:00,-5.2,-21.7,0.0,1.7,0.0
2026-01-14T03:00,-1.7,-21.3,0.0,1.7,3600.0
2026-01-14T04:00,6.3,-19.0,0.0,1.15,3600.0
2026-01-14T05:00,12.8,-16.9,0.0,0.25,3600.0
2026-01-14T06:00,14.3,-12.4,0.0,0.56,3600.0
2026-01-14T07:00,15.0,-12.9,0.0,1.16,3600.0
2026-01-14T08:00,15.0,-10.5,0.0,1.67,3600.0
2026-01-14T09:00,14.5,-9.1,0.0,1.84,3600.0
2026-01-14T10:00,13.5,-8.3,0.0,1.7,3600.0
2026-01-14T11:00,11.1,-6.2,0.0,1.5,3600.0
2026-01-14T12:00,8.6,-6.2,0.0,0.38,3600.0
2026-01-14T13:00,5.9,-7.6,0.0,0.2,0.0
2026-01-14T14:00,2.4,-8.4,0.0,0.36,0.0
2026-01-14T15:00,-0.3,-10.2,0.0,0.8,0.0
2026-01-14T16:00,-1.9,-13.0,0.0,1.05,0.0
2026-01-14T17:00,-2.4,-15.5,0.0,1.05,0.0
2026-01-14T18:00,-1.8,-15.8,0.0,0.35,0.0
2026-01-14T19:00,-2.6,-17.9,0.0,0.95,0.0
2026-01-14T20:00,-3.3,-19.8,0.0,1.0,0.0
2026-01-14T21:00,-4.1,-20.7,0.0,1.07,0.0
2026-01-14T22:00,-5.0,-21.3,0.0,1.27,0.0
2026-01-14T23:00,-5.2,-22.3,0.0,1.26,0.0
2026-01-15T00:00,-4.7,-22.2,0.0,0.52,0.0
2026-01-15T01:00,-5.1,-23.6,0.0,1.15,0.0
2026-01-15T02:00,-5.1,-23.0,0.0,1.2,0.0
2026-01-15T03:00,-0.8,-21.6,0.0,1.15,3600.0
2026-01-15T04:00,7.9,-18.8,0.0,0.56,3600.0
2026-01-15T05:00,14.1,-15.3,0.0,0.22,3600.0
2026-01-15T06:00,14.9,-11.4,0.0,1.35,3600.0
2026-01-15T07:00,15.8,-9.7,0.0,1.9,3600.0
2026-01-15T08:00,15.4,-9.1,0.0,2.34,3600.0
2026-01-15T09:00,14.8,-8.4,0.0,2.17,3600.0
2026-01-15T10:00,14.1,-7.6,0.0,1.99,3600.0
2026-01-15T11:00,12.4,-5.0,0.0,1.52,3600.0
2026-01-15T12:00,8.2,-3.4,0.0,0.14,3600.0
2026-01-15T13:00,6.2,-1.1,0.1,0.35,0.0
2026-01-15T14:00,2.6,-1.9,0.3,1.48,0.0
2026-01-15T15:00,1.5,-2.9,0.7,1.75,0.0
2026-01-15T16:00,0.7,-4.8,2.5,1.51,0.0
2026-01-15T17:00,0.1,-5.6,1.2,1.2,0.0
2026-01-15T18:00,-0.4,-1.8,0.4,0.73,0.0
2026-01-15T19:00,-0.6,-4.1,1.4,1.2,0.0
2026-01-15T20:00,-1.1,-2.2,1.7,1.3,0.0
2026-01-15T21:00,-1.1,-1.6,1.1,1.32,0.0
2026-01-15T22:00,-0.4,-2.2,3.4,1.08,0.0
2026-01-15T23:00,-0.0,-2.7,1.9,1.37,0.0
2026-01-16T00:00,-1.8,-13.4,1.8,0.62,0.0
2026-01-16T01:00,-2.4,-13.6,0.0,1.27,0.0
2026-01-16T02:00,-2.0,-13.2,0.0,1.27,0.0
2026-01-16T03:00,2.2,-12.0,0.0,1.18,3456.67
2026-01-16T04:00,9.3,-10.0,0.0,0.7,3600.0
2026-01-16T05:00,14.1,-7.0,0.0,0.61,3600.0
2026-01-16T06:00,15.2,-6.2,0.0,1.19,2332.62
2026-01-16T07:00,15.7,-6.5,0.0,1.79,3600.0
2026-01-16T08:00,15.2,-5.6,0.0,1.83,0.0
2026-01-16T09:00,13.2,-2.0,0.0,1.27,0.0
2026-01-16T10:00,12.2,-0.0,0.0,1.2,0.0
2026-01-16T11:00,10.7,-1.6,0.0,1.3,0.0
2026-01-16T12:00,10.3,-0.9,0.0,0.4,0.0
2026-01-16T13:00,9.9,-1.6,0.0,0.66,0.0
2026-01-16T14:00,10.0,-1.9,0.0,0.39,0.0
2026-01-16T15:00,9.5,-2.0,0.0,0.32,0.0
2026-01-16T16:00,8.7,-1.5,0.1,0.57,0.0
2026-01-16T17:00,8.5,-1.8,0.0,0.57,0.0
2026-01-16T18:00,7.6,-0.3,0.0,0.67,0.0
2026-01-16T19:00,7.1,-0.8,0.0,0.87,0.0
2026-01-16T20:00,6.6,1.0,0.0,0.87,0.0
2026-01-16T21:00,6.1,0.6,2.9,0.92,0.0
2026-01-16T22:00,6.0,-0.4,1.2,0.64,0.0
2026-01-16T23:00,6.0,-0.2,0.6,0.82,0.0
2026-01-17T00:00,5.7,-1.9,0.0,0.85,0.0
2026-01-17T01:00,5.1,-3.6,0.0,1.1,0.0
2026-01-17T02:00,4.7,-3.1,0.0,1.48,0.0
2026-01-17T03:00,5.4,-2.1,0.0,1.41,394.03
2026-01-17T04:00,9.0,-0.9,0.0,1.45,2983.24
2026-01-17T05:00,12.0,-1.9,0.0,1.58,3600.0
2026-01-17T06:00,13.2,-2.3,0.6,1.78,3600.0
2026-01-17T07:00,14.1,-3.9,0.0,2.35,3600.0
2026-01-17T08:00,13.2,-4.3,0.3,1.63,3600.0
2026-01-17T09:00,13.5,-6.3,1.0,1.91,3600.0
2026-01-17T10:00,12.9,-6.3,0.4,1.91,3600.0
2026-01-17T11:00,11.1,-4.7,0.0,1.63,1738.42
2026-01-17T12:00,8.2,-6.8,0.8,0.81,217.26
2026-01-17T13:00,7.3,-8.4,0.7,0.82,0.0
2026-01-17T14:00,5.4,-9.0,0.0,0.61,0.0
2026-01-17T15:00,3.9,-10.7,0.0,0.63,0.0
2026-01-17T16:00,2.2,-16.6,0.4,1.06,0.0
2026-01-17T17:00,0.6,-20.6,0.4,1.36,0.0
2026-01-17T18:00,1.1,-11.9,0.3,0.97,0.0
2026-01-17T19:00,0.0,-11.1,0.0,1.61,0.0
2026-01-17T20:00,0.2,-11.5,0.0,1.63,0.0
2026-01-17T21:00,0.0,-15.7,0.0,1.64,0.0
2026-01-17T22:00,0.2,-19.3,0.0,1.62,0.0
2026-01-17T23:00,0.3,-21.1,0.0,1.53,0.0
2026-01-18T00:00,1.5,-11.6,0.0,0.75,0.0
2026-01-18T01:00,1.3,-11.2,0.0,0.73,0.0
2026-01-18T02:00,0.6,-11.3,0.0,0.73,0.0
2026-01-18T03:00,2.8,-10.8,0.0,0.63,1731.28
2026-01-18T04:00,8.3,-9.5,0.0,0.25,3600.0
2026-01-18T05:00,11.0,-7.6,0.0,1.1,3074.1
2026-01-18T06:00,11.1,-7.1,0.0,1.88,2465.2
2026-01-18T07:00,11.1,-7.0,0.0,1.33,412.58
2026-01-18T08:00,10.9,-6.5,0.0,1.27,0.0
2026-01-18T09:00,10.3,-5.4,0.0,1.06,0.0
2026-01-18T10:00,9.2,-2.0,0.1,0.82,0.0
2026-01-18T11:00,7.7,0.8,0.3,0.73,0.0
2026-01-18T12:00,6.6,-3.0,1.3,0.5,164.56
2026-01-18T13:00,5.2,-2.2,0.1,0.4,0.0
2026-01-18T14:00,4.1,-1.7,0.1,0.65,0.0
2026-01-18T15:00,2.8,-2.2,0.1,0.78,0.0
2026-01-18T16:00,2.1,-3.4,0.4,1.31,0.0
2026-01-18T17:00,2.0,-3.7,0.3,1.41,0.0
2026-01-18T18:00,2.4,-4.3,0.0,0.81,0.0
2026-01-18T19:00,2.3,-7.0,0.4,0.65,0.0
2026-01-18T20:00,1.1,-6.0,0.4,0.86,0.0
2026-01-18T21:00,0.2,-2.6,0.9,0.7,0.0
2026-01-18T22:00,-0.7,-45.0,1.0,0.9,0.0
2026-01-18T23:00,-2.5,-14.0,0.9,1.36,0.0
2026-01-19T00:00,-3.0,-12.1,0.0,0.87,0.0
2026-01-19T01:00,-3.6,-14.3,0.0,1.5,0.0
2026-01-19T02:00,-4.2,-16.6,0.0,1.21,0.0
2026-01-19T03:00,-1.3,-14.1,0.0,0.78,3600.0
2026-01-19T04:00,5.8,-9.6,0.0,0.47,3600.0
2026-01-19T05:00,9.3,-6.8,0.0,1.19,3600.0
2026-01-19T06:00,9.9,-7.6,0.3,2.26,3600.0
2026-01-19T07:00,10.7,-5.5,0.4,2.45,3600.0
2026-01-19T08:00,10.7,-5.1,1.1,2.69,3600.0
2026-01-19T09:00,10.5,-5.3,0.0,2.55,3600.0
2026-01-19T10:00,9.2,-4.2,1.1,1.88,3600.0
2026-01-19T11:00,7.7,-1.9,0.9,1.1,3600.0
2026-01-19T12:00,5.5,-0.3,0.0,0.18,3600.0
2026-01-19T13:00,3.6,-1.1,0.0,1.1,0.0
2026-01-19T14:00,1.7,-2.9,0.5,0.67,0.0
2026-01-19T15:00,0.3,-1.5,1.9,0.43,0.0
2026-01-19T16:00,-1.2,-45.1,1.1,0.67,0.0
2026-01-19T17:00,-1.9,-14.2,1.6,0.92,0.0
2026-01-19T18:00,-3.5,-12.9,1.2,0.76,0.0
2026-01-19T19:00,-4.5,-11.9,0.8,1.06,0.0
2026-01-19T20:00,-4.5,-19.9,1.6,1.19,0.0
2026-01-19T21:00,-3.0,-18.4,0.4,0.79,0.0
2026-01-19T22:00,-2.6,-20.6,0.2,0.63,0.0
2026-01-19T23:00,-2.5,-18.8,0.6,0.81,0.0
2026-01-20T00:00,-1.5,-6.4,0.9,0.43,0.0
2026-01-20T01:00,-2.6,-14.6,0.7,0.36,0.0
2026-01-20T02:00,-2.7,-13.7,0.8,0.69,0.0
2026-01-20T03:00,-0.4,-5.9,0.3,0.68,3600.0
2026-01-20T04:00,5.7,-7.7,0.2,0.46,3600.0
2026-01-20T05:00,8.9,-9.1,0.0,1.21,3600.0
2026-01-20T06:00,10.0,-9.3,0.1,2.26,3600.0
2026-01-20T07:00,10.6,-8.2,0.4,2.0,3600.0
2026-01-20T08:00,11.0,-9.5,0.3,2.59,3600.0
2026-01-20T09:00,10.4,-9.0,0.0,2.6,3600.0
2026-01-20T10:00,10.0,-9.0,0.0,2.19,3600.0
2026-01-20T11:00,8.2,-8.0,0.0,1.64,3600.0
2026-01-20T12:00,5.2,-7.2,0.2,0.58,3600.0
2026-01-20T13:00,3.2,-6.7,0.2,0.81,0.0
2026-01-20T14:00,2.0,-7.9,0.0,0.22,0.0
2026-01-20T15:00,-0.3,-8.9,0.0,0.79,0.0
2026-01-20T16:00,-3.0,-11.3,0.4,0.78,0.0
2026-01-20T17:00,-3.4,-11.2,0.0,1.25,0.0
2026-01-20T18:00,-4.7,-12.7,0.0,0.72,0.0
2026-01-20T19:00,-4.9,-14.6,0.0,0.9,0.0
2026-01-20T20:00,-4.6,-16.3,0.0,0.92,0.0
2026-01-20T21:00,-4.5,-17.3,0.0,0.9,0.0
2026-01-20T22:00,-4.6,-18.0,0.0,0.9,0.0
2026-01-20T23:00,-4.9,-18.7,0.0,0.9,0.0
2026-01-21T00:00,-7.0,-21.0,0.0,0.63,0.0
2026-01-21T01:00,-7.3,-21.5,0.0,0.98,0.0
2026-01-21T02:00,-7.5,-21.9,0.0,1.0,0.0
2026-01-21T03:00,-3.6,-21.4,0.0,1.03,3600.0
2026-01-21T04:00,4.9,-20.0,0.0,0.61,3600.0
2026-01-21T05:00,10.4,-17.2,0.0,0.63,3600.0
2026-01-21T06:00,12.4,-14.8,0.0,1.59,3600.0
2026-01-21T07:00,13.6,-14.4,0.0,1.96,3600.0
2026-01-21T08:00,13.6,-12.8,0.0,2.11,3600.0
2026-01-21T09:00,13.3,-10.7,0.0,2.0,3600.0
2026-01-21T10:00,12.5,-8.1,0.0,1.93,3600.0
2026-01-21T11:00,10.6,-6.0,0.0,1.68,3600.0
2026-01-21T12:00,7.3,-7.1,0.0,0.6,3600.0
2026-01-21T13:00,4.7,-6.8,0.0,0.86,0.0
2026-01-21T14:00,3.0,-6.9,0.0,0.36,0.0
2026-01-21T15:00,0.3,-8.0,0.0,0.4,0.0
2026-01-21T16:00,-2.1,-10.2,0.0,0.67,0.0
2026-01-21T17:00,-4.0,-12.8,0.0,1.03,0.0
2026-01-21T18:00,-3.5,-13.6,0.0,0.68,0.0
2026-01-21T19:00,-4.7,-14.6,0.0,1.39,0.0
2026-01-21T20:00,-5.3,-15.1,0.0,1.24,0.0
2026-01-21T21:00,-5.6,-15.7,0.0,1.19,0.0
2026-01-21T22:00,-6.2,-16.7,0.0,1.23,0.0
2026-01-21T23:00,-6.7,-18.3,0.0,1.22,0.0
2026-01-22T00:00,-8.0,-19.2,0.0,0.81,0.0
2026-01-22T01:00,-8.5,-21.4,0.0,1.54,0.0
2026-01-22T02:00,-8.6,-22.7,0.0,1.48,0.0
2026-01-22T03:00,-3.9,-21.9,0.0,1.46,3600.0
2026-01-22T04:00,5.1,-19.1,0.0,0.76,3600.0
2026-01-22T05:00,10.9,-14.2,0.0,0.92,3600.0
2026-01-22T06:00,12.1,-11.8,0.0,2.39,3600.0
2026-01-22T07:00,12.8,-9.2,0.0,2.37,3600.0
2026-01-22T08:00,12.5,-8.6,0.0,2.12,3600.0
2026-01-22T09:00,12.0,-9.1,0.0,2.05,3600.0
2026-01-22T10:00,11.1,-9.6,0.0,1.84,3600.0
2026-01-22T11:00,9.3,-7.6,0.0,1.57,3600.0
2026-01-22T12:00,7.1,-9.6,0.0,0.96,200.46
2026-01-22T13:00,5.9,-11.5,0.0,0.94,0.0
2026-01-22T14:00,4.9,-11.4,0.0,0.6,0.0
2026-01-22T15:00,4.1,-11.1,0.0,0.6,0.0
2026-01-22T16:00,3.2,-14.0,0.3,1.14,0.0
2026-01-22T17:00,2.6,-7.2,0.2,1.24,0.0
2026-01-22T18:00,2.5,-9.4,0.0,0.6,0.0
2026-01-22T19:00,2.0,-8.5,0.0,0.92,0.0
2026-01-22T20:00,2.2,-8.4,0.0,0.75,0.0
2026-01-22T21:00,2.6,-8.3,0.0,0.85,0.0
2026-01-22T22:00,3.0,-8.6,0.1,1.48,0.0
2026-01-22T23:00,2.3,-7.6,0.2,1.8,0.0
2026-01-23T00:00,0.8,-7.0,0.5,0.9,0.0
2026-01-23T01:00,-0.0,-5.5,0.8,1.02,0.0
2026-01-23T02:00,-0.3,-4.4,0.8,0.56,0.0
2026-01-23T03:00,0.2,-3.4,0.6,0.25,0.0
2026-01-23T04:00,-0.3,-2.3,2.1,0.47,0.0
2026-01-23T05:00,-0.4,-1.8,3.2,1.2,0.0
2026-01-23T06:00,0.7,-0.9,2.7,1.99,0.0
2026-01-23T07:00,1.6,-0.7,2.9,1.5,0.0
2026-01-23T08:00,1.8,-0.6,4.0,1.39,0.0
2026-01-23T09:00,1.8,0.0,2.8,2.09,0.0
2026-01-23T10:00,1.3,0.1,3.7,2.03,0.0
2026-01-23T11:00,1.6,-0.1,2.8,0.55,0.0
2026-01-23T12:00,1.9,0.7,0.4,1.55,0.0
2026-01-23T13:00,0.3,-0.4,0.3,0.29,0.0
2026-01-23T14:00,0.4,-0.9,0.1,0.49,0.0
2026-01-23T15:00,0.2,-1.7,0.3,0.54,0.0
2026-01-23T16:00,-0.3,-1.2,1.5,1.3,0.0
2026-01-23T17:00,-0.6,-1.4,0.5,1.45,0.0
2026-01-23T18:00,-0.7,-1.1,0.1,1.71,0.0
2026-01-23T19:00,-0.1,-0.9,0.2,1.64,0.0
2026-01-23T20:00,0.1,-0.8,1.4,2.73,0.0
2026-01-23T21:00,0.3,-1.3,1.3,2.07,0.0
2026-01-23T22:00,0.3,-2.8,1.1,1.87,0.0
2026-01-23T23:00,0.1,-4.6,0.6,1.53,0.0
2026-01-24T00:00,0.4,-3.0,1.3,2.26,0.0
2026-01-24T01:00,0.3,-4.0,1.5,2.0,0.0
2026-01-24T02:00,0.8,-4.8,1.5,2.04,0.0
2026-01-24T03:00,1.5,-3.0,1.7,1.78,0.0
2026-01-24T04:00,3.4,-3.3,0.8,2.2,2589.4
2026-01-24T05:00,4.6,-3.0,0.1,2.5,3600.0
2026-01-24T06:00,5.8,-2.1,0.5,2.38,2348.35
2026-01-24T07:00,6.2,-1.7,0.3,2.54,3283.38
2026-01-24T08:00,6.4,-3.1,0.8,2.09,3600.0
2026-01-24T09:00,6.2,-3.4,0.1,1.4,3600.0
2026-01-24T10:00,6.2,-4.1,0.2,0.81,3600.0
2026-01-24T11:00,6.0,-5.8,0.0,0.51,3600.0
2026-01-24T12:00,3.5,-3.5,0.0,0.18,3600.0
2026-01-24T13:00,1.5,-4.6,0.0,0.21,0.0
2026-01-24T14:00,-1.3,-6.0,0.0,0.5,0.0
2026-01-24T15:00,-4.0,-7.8,0.0,0.85,0.0
2026-01-24T16:00,-5.7,-10.2,0.0,1.32,0.0
2026-01-24T17:00,-5.7,-12.5,0.0,1.44,0.0
2026-01-24T18:00,-5.7,-13.1,0.0,0.67,0.0
2026-01-24T19:00,-5.8,-14.4,0.0,1.32,0.0
2026-01-24T20:00,-5.8,-15.3,0.0,1.32,0.0
2026-01-24T21:00,-3.7,-15.0,0.0,1.08,0.0
2026-01-24T22:00,-2.6,-14.7,0.0,0.81,0.0
2026-01-24T23:00,-2.2,-13.4,0.0,0.81,0.0
2026-01-25T00:00,-1.4,-11.0,0.1,0.38,0.0
2026-01-25T01:00,-1.6,-9.9,0.1,0.87,0.0
2026-01-25T02:00,-1.5,-8.7,0.1,1.1,0.0
2026-01-25T03:00,0.3,-7.1,0.2,1.17,0.0
2026-01-25T04:00,3.4,-5.1,0.2,1.16,0.0
2026-01-25T05:00,6.9,-3.4,0.2,1.13,122.11
2026-01-25T06:00,8.2,-3.4,0.2,1.26,2273.35
2026-01-25T07:00,9.0,-5.0,0.3,0.87,3600.0
2026-01-25T08:00,10.3,-7.5,0.3,1.4,3600.0
2026-01-25T09:00,10.4,-7.7,0.1,1.8,3600.0
2026-01-25T10:00,10.1,-7.3,0.1,1.65,3600.0
2026-01-25T11:00,8.9,-7.4,0.0,1.5,3600.0
2026-01-25T12:00,6.1,-8.9,0.0,0.32,3600.0
2026-01-25T13:00,2.7,-6.6,0.0,0.43,0.0
2026-01-25T14:00,-1.0,-5.5,1.0,1.25,0.0
2026-01-25T15:00,-2.4,-2.8,2.0,1.17,0.0
2026-01-25T16:00,-2.7,-3.7,1.5,1.09,0.0
2026-01-25T17:00,-2.6,-45.8,1.9,1.2,0.0
2026-01-25T18:00,-5.0,-20.0,0.4,1.06,0.0
2026-01-25T19:00,-5.5,-15.5,0.0,1.6,0.0
2026-01-25T20:00,-5.2,-15.4,0.0,1.39,0.0
2026-01-25T21:00,-5.1,-16.3,0.0,1.38,0.0
2026-01-25T22:00,-4.7,-16.8,0.0,1.26,0.0
2026-01-25T23:00,-4.7,-17.3,0.0,1.28,0.0
2026-01-26T00:00,-4.7,-15.0,0.0,0.79,0.0
2026-01-26T01:00,-3.7,-14.8,0.0,1.3,0.0
2026-01-26T02:00,-3.5,-15.1,0.0,1.27,0.0
2026-01-26T03:00,-0.3,-14.4,0.0,1.23,0.0
2026-01-26T04:00,5.5,-12.7,0.0,0.81,1345.47
2026-01-26T05:00,10.0,-10.5,0.0,1.3,440.37
2026-01-26T06:00,11.9,-10.0,0.0,1.43,705.68
2026-01-26T07:00,12.1,-10.0,0.0,1.48,473.46
2026-01-26T08:00,11.8,-9.3,0.0,1.54,0.0
2026-01-26T09:00,11.4,-8.2,0.0,1.43,0.0
2026-01-26T10:00,10.9,-6.7,0.0,1.47,0.0
2026-01-26T11:00,9.3,-4.4,0.0,1.28,0.0
2026-01-26T12:00,7.0,-3.9,0.0,0.78,0.0
2026-01-26T13:00,5.4,-3.5,0.1,1.07,0.0
2026-01-26T14:00,4.5,-2.9,0.1,1.01,0.0
2026-01-26T15:00,4.3,-2.8,0.0,0.99,0.0
2026-01-26T16:00,4.0,-2.6,0.0,0.61,0.0
2026-01-26T17:00,4.1,-2.6,0.1,0.54,0.0
2026-01-26T18:00,4.7,-1.6,0.5,0.63,0.0
2026-01-26T19:00,3.8,-0.3,1.1,0.41,0.0
2026-01-26T20:00,3.1,0.3,1.1,0.7,0.0
2026-01-26T21:00,2.8,0.1,0.6,0.66,0.0
2026-01-26T22:00,3.2,0.3,0.7,0.51,0.0
2026-01-26T23:00,3.2,0.8,1.2,0.39,0.0
2026-01-27T00:00,3.5,0.9,1.8,0.57,0.0
2026-01-27T01:00,3.8,0.8,0.8,0.79,0.0
2026-01-27T02:00,3.6,0.1,0.7,1.29,0.0
2026-01-27T03:00,3.9,0.1,0.5,1.57,0.0
2026-01-27T04:00,5.2,-0.7,0.2,1.81,0.0
2026-01-27T05:00,6.7,-0.6,0.2,2.67,0.0
2026-01-27T06:00,6.3,1.3,0.4,2.46,0.0
2026-01-27T07:00,6.6,-0.5,0.6,2.05,0.0
2026-01-27T08:00,6.8,-2.6,0.1,1.23,0.0
2026-01-27T09:00,6.5,-0.8,0.3,0.97,0.0
2026-01-27T10:00,5.8,1.0,0.8,1.17,0.0
2026-01-27T11:00,5.4,1.9,0.9,1.23,0.0
2026-01-27T12:00,4.6,2.0,2.0,0.5,0.0
2026-01-27T13:00,3.7,2.2,2.2,0.4,0.0
2026-01-27T14:00,3.5,1.7,2.3,0.63,0.0
2026-01-27T15:00,3.3,1.1,2.1,0.81,0.0
2026-01-27T16:00,3.3,0.3,2.1,0.46,0.0
2026-01-27T17:00,3.1,0.2,1.4,0.54,0.0
2026-01-27T18:00,3.4,2.4,0.4,0.6,0.0
2026-01-27T19:00,2.4,2.0,0.7,1.45,0.0
2026-01-27T20:00,2.4,1.9,1.2,0.82,0.0
2026-01-27T21:00,2.4,1.9,2.4,0.97,0.0
2026-01-27T22:00,2.6,2.1,0.7,1.24,0.0
2026-01-27T23:00,2.7,1.9,0.1,0.94,0.0
2026-01-28T00:00,1.4,-1.2,0.0,0.5,0.0
2026-01-28T01:00,-0.4,-2.1,0.8,0.51,0.0
2026-01-28T02:00,-3.2,-4.2,0.3,0.81,0.0
2026-01-28T03:00,-1.6,-4.2,0.5,1.0,3600.0
2026-01-28T04:00,4.7,-3.3,0.4,0.87,3600.0
2026-01-28T05:00,7.6,-2.6,0.1,0.97,3600.0
2026-01-28T06:00,8.2,-3.5,0.0,1.74,3600.0
2026-01-28T07:00,9.4,-4.7,0.1,1.58,3600.0
2026-01-28T08:00,9.4,-4.0,0.1,1.9,3600.0
2026-01-28T09:00,9.1,-3.8,0.0,1.79,3600.0
2026-01-28T10:00,8.7,-2.1,0.0,1.83,3600.0
2026-01-28T11:00,7.7,-0.9,0.0,1.59,3600.0
2026-01-28T12:00,5.2,0.5,0.1,0.74,3600.0
2026-01-28T13:00,3.6,0.5,0.0,0.72,0.0
2026-01-28T14:00,2.1,-0.1,0.2,0.22,0.0
2026-01-28T15:00,0.1,-1.1,1.0,0.69,0.0
2026-01-28T16:00,-1.4,-2.6,1.7,0.87,0.0
2026-01-28T17:00,-2.0,-3.8,1.5,0.81,0.0
2026-01-28T18:00,-2.4,-5.1,0.5,0.34,0.0
2026-01-28T19:00,-3.4,-6.7,0.0,0.65,0.0
2026-01-28T20:00,-3.5,-7.6,0.1,0.67,0.0
2026-01-28T21:00,-3.8,-8.3,0.0,0.56,0.0
2026-01-28T22:00,-4.1,-8.5,0.0,0.63,0.0
2026-01-28T23:00,-4.3,-9.6,0.0,0.95,0.0
2026-01-29T00:00,-2.9,-11.5,0.0,0.59,0.0
2026-01-29T01:00,-4.1,-13.5,0.0,0.47,0.0
2026-01-29T02:00,-3.6,-13.3,0.0,0.7,0.0
2026-01-29T03:00,-0.5,-12.0,0.0,0.84,3600.0
2026-01-29T04:00,6.2,-10.1,0.0,0.32,3600.0
2026-01-29T05:00,9.5,-9.9,0.0,0.65,3600.0
2026-01-29T06:00,11.0,-10.2,0.0,1.92,3600.0
2026-01-29T07:00,11.5,-9.2,0.1,1.65,3600.0
2026-01-29T08:00,11.7,-8.4,0.4,1.51,3600.0
2026-01-29T09:00,12.1,-8.9,0.4,1.53,3600.0
2026-01-29T10:00,11.4,-7.2,0.5,1.88,3600.0
2026-01-29T11:00,9.5,-4.5,0.0,1.56,3600.0
2026-01-29T12:00,6.9,-5.3,0.1,0.47,3600.0
2026-01-29T13:00,4.2,-7.5,0.0,0.32,53.72
2026-01-29T14:00,1.4,-7.6,0.0,0.22,0.0
2026-01-29T15:00,-0.6,-7.7,0.0,0.71,0.0
2026-01-29T16:00,-2.8,-6.2,0.9,1.11,0.0
2026-01-29T17:00,-3.4,-9.9,0.2,1.03,0.0
2026-01-29T18:00,-3.7,-14.6,0.0,1.14,0.0
2026-01-29T19:00,-2.7,-18.2,0.0,1.25,0.0
2026-01-29T20:00,-1.7,-19.2,0.0,1.23,0.0
2026-01-29T21:00,-1.4,-19.5,0.0,1.1,0.0
2026-01-29T22:00,-0.9,-19.0,0.0,0.98,0.0
2026-01-29T23:00,-0.4,-19.1,0.0,0.81,0.0
2026-01-30T00:00,-1.1,-17.1,0.0,0.27,0.0
2026-01-30T01:00,-1.6,-16.8,0.0,0.65,0.0
2026-01-30T02:00,-1.6,-16.9,0.0,0.93,0.0
2026-01-30T03:00,1.9,-16.2,0.0,0.93,1395.62
2026-01-30T04:00,7.9,-14.1,0.0,0.46,3600.0
2026-01-30T05:00,11.9,-11.7,0.0,0.96,3600.0
2026-01-30T06:00,12.6,-11.6,0.0,2.09,3600.0
2026-01-30T07:00,13.7,-10.8,0.0,1.87,3600.0
2026-01-30T08:00,13.9,-10.5,0.0,2.01,3600.0
2026-01-30T09:00,13.5,-9.7,0.0,1.99,3600.0
2026-01-30T10:00,13.2,-8.4,0.0,1.82,3600.0
2026-01-30T11:00,11.8,-6.7,0.0,1.57,3600.0
2026-01-30T12:00,9.2,-6.8,0.0,0.5,3600.0
2026-01-30T13:00,7.7,-6.9,0.0,0.27,0.0
2026-01-30T14:00,6.2,-6.3,0.0,0.2,0.0
2026-01-30T15:00,4.2,-3.7,0.0,1.43,0.0
2026-01-30T16:00,3.7,-2.6,0.0,1.46,0.0
2026-01-30T17:00,2.2,-4.0,0.0,1.38,0.0
2026-01-30T18:00,1.0,-4.9,0.0,1.14,0.0
2026-01-30T19:00,0.1,-6.1,0.0,1.5,0.0
2026-01-30T20:00,-0.5,-9.2,0.0,1.82,0.0
2026-01-30T21:00,0.4,-12.0,0.0,1.76,0.0
2026-01-30T22:00,0.4,-14.6,0.0,1.76,0.0
2026-01-30T23:00,0.4,-15.7,0.0,1.83,0.0
2026-01-31T00:00,1.2,-11.3,0.0,0.96,0.0
2026-01-31T01:00,1.1,-14.4,0.2,1.66,0.0
2026-01-31T02:00,1.6,-16.1,0.0,1.57,0.0
2026-01-31T03:00,3.8,-15.3,0.0,1.21,0.0
2026-01-31T04:00,7.9,-11.5,0.0,0.99,1122.95
2026-01-31T05:00,11.8,-6.5,0.0,1.46,3600.0
2026-01-31T06:00,12.2,-8.4,0.2,2.35,3600.0
2026-01-31T07:00,13.2,-8.2,0.0,2.6,3600.0
2026-01-31T08:00,13.1,-8.1,0.0,2.66,3600.0
2026-01-31T09:00,12.6,-6.5,0.0,2.43,3600.0
2026-01-31T10:00,12.2,-6.3,0.1,1.84,3600.0
2026-01-31T11:00,10.5,-1.9,0.0,1.25,1936.72
2026-01-31T12:00,8.9,-5.1,0.1,0.78,0.0
2026-01-31T13:00,7.8,-3.4,0.4,0.92,0.0
2026-01-31T14:00,7.0,-2.0,0.0,0.36,0.0
2026-01-31T15:00,6.7,-2.8,0.0,0.36,0.0
2026-01-31T16:00,5.8,-3.6,0.0,0.4,0.0
2026-01-31T17:00,5.1,-2.8,0.0,0.64,0.0
2026-01-31T18:00,4.1,-1.4,1.1,0.4,0.0
2026-01-31T19:00,2.9,-0.4,0.4,0.42,0.0
2026-01-31T20:00,2.3,-0.6,1.1,0.76,0.0
2026-01-31T21:00,2.5,-3.3,0.0,0.66,0.0
2026-01-31T22:00,2.8,-5.4,0.3,0.79,0.0
2026-01-31T23:00,2.7,-3.7,0.3,0.39,0.0
2026-02-01T00:00,1.5,-3.1,0.5,0.46,0.0
2026-02-01T01:00,1.1,-2.8,0.7,0.56,0.0
2026-02-01T02:00,0.9,-2.5,0.8,1.0,0.0
2026-02-01T03:00,1.8,-1.6,0.6,0.76,0.0
2026-02-01T04:00,6.0,-0.2,1.4,0.65,2685.45
2026-02-01T05:00,8.4,0.2,1.5,1.35,3600.0
2026-02-01T06:00,7.8,-0.5,2.5,2.05,3600.0
2026-02-01T07:00,7.9,0.1,0.0,2.27,2222.6
2026-02-01T08:00,7.9,0.1,0.0,1.64,382.79
2026-02-01T09:00,8.2,0.3,0.0,1.74,0.0
2026-02-01T10:00,7.7,0.8,0.1,1.23,0.0
2026-02-01T11:00,6.5,1.4,0.5,1.39,0.0
2026-02-01T12:00,5.0,2.6,0.8,0.86,0.0
2026-02-01T13:00,3.9,2.7,0.6,1.1,0.0
2026-02-01T14:00,3.8,2.6,0.5,0.78,0.0
2026-02-01T15:00,3.5,2.7,1.2,1.17,0.0
2026-02-01T16:00,3.4,2.5,1.9,1.04,0.0
2026-02-01T17:00,3.4,2.9,3.1,1.26,0.0
2026-02-01T18:00,3.2,2.3,1.7,0.6,0.0
2026-02-01T19:00,3.4,2.6,0.2,1.03,0.0
2026-02-01T20:00,1.8,1.0,0.2,0.91,0.0
2026-02-01T21:00,1.2,0.7,0.2,0.52,0.0
2026-02-01T22:00,0.9,0.3,0.1,0.36,0.0
2026-02-01T23:00,-0.1,-0.3,0.4,0.21,0.0
2026-02-02T00:00,-1.1,-4.5,1.2,0.4,0.0
2026-02-02T01:00,-3.9,-6.9,2.0,1.17,0.0
2026-02-02T02:00,-5.3,-8.2,1.1,1.49,0.0
2026-02-02T03:00,-1.6,-7.3,0.1,1.41,3600.0
2026-02-02T04:00,6.1,-8.5,0.0,1.01,3600.0
2026-02-02T05:00,9.4,-7.1,0.0,1.5,3600.0
2026-02-02T06:00,9.9,-5.5,0.0,2.01,3600.0
2026-02-02T07:00,10.7,-5.6,0.3,1.82,3600.0
2026-02-02T08:00,10.6,-5.1,0.2,1.72,3600.0
2026-02-02T09:00,10.3,-5.1,0.3,1.69,3600.0
2026-02-02T10:00,9.8,-4.2,0.1,1.55,3600.0
2026-02-02T11:00,8.9,-2.9,0.0,1.33,1007.36
2026-02-02T12:00,7.0,-3.2,0.0,0.3,0.0
2026-02-02T13:00,5.9,-3.8,0.0,0.43,0.0
2026-02-02T14:00,4.9,-3.7,0.0,0.05,0.0
2026-02-02T15:00,3.6,-3.2,0.0,0.54,0.0
2026-02-02T16:00,3.0,-3.2,0.0,0.65,0.0
2026-02-02T17:00,2.4,-3.6,0.0,0.63,0.0
2026-02-02T18:00,2.2,-3.6,0.0,0.7,0.0
2026-02-02T19:00,1.7,-3.7,0.1,0.9,0.0
2026-02-02T20:00,1.5,-3.6,0.5,0.4,0.0
2026-02-02T21:00,1.4,-3.3,0.6,0.58,0.0
2026-02-02T22:00,1.2,-3.1,1.5,0.71,0.0
2026-02-02T23:00,0.6,-4.3,0.5,0.51,0.0
2026-02-03T00:00,0.6,-3.7,1.1,0.67,0.0
2026-02-03T01:00,-0.3,-5.9,1.5,1.41,0.0
2026-02-03T02:00,-0.9,-7.5,3.5,1.3,0.0
2026-02-03T03:00,0.3,-7.2,3.5,1.15,0.0
2026-02-03T04:00,2.9,-2.7,2.2,0.55,0.0
2026-02-03T05:00,4.4,-1.4,0.6,0.07,0.0
2026-02-03T06:00,6.4,-1.9,0.6,1.08,3600.0
2026-02-03T07:00,7.4,-1.9,0.0,1.47,3600.0
2026-02-03T08:00,7.6,-1.2,0.1,1.33,3385.47
2026-02-03T09:00,7.7,-0.9,0.1,1.68,3600.0
2026-02-03T10:00,7.0,0.7,0.1,1.5,3600.0
2026-02-03T11:00,6.7,0.4,0.2,1.32,3600.0
2026-02-03T12:00,4.9,2.2,0.2,0.7,3600.0
2026-02-03T13:00,3.9,2.1,0.2,1.23,0.0
2026-02-03T14:00,2.8,1.8,0.2,1.29,0.0
2026-02-03T15:00,2.1,1.5,0.2,1.0,0.0
2026-02-03T16:00,1.9,0.8,0.2,0.59,0.0
2026-02-03T17:00,1.6,0.2,0.1,0.46,0.0
2026-02-03T18:00,-0.3,-1.7,0.1,0.36,0.0
2026-02-03T19:00,-2.7,-7.0,0.3,0.14,0.0
2026-02-03T20:00,-4.0,-8.6,0.4,0.43,0.0
2026-02-03T21:00,-4.9,-10.2,1.1,0.65,0.0
2026-02-03T22:00,-5.8,-13.0,1.6,0.97,0.0
2026-02-03T23:00,-6.9,-12.7,0.1,0.97,0.0
2026-02-04T00:00,-7.2,-21.4,0.1,0.84,0.0
2026-02-04T01:00,-7.4,-20.2,0.0,1.0,0.0
2026-02-04T02:00,-7.3,-19.8,0.0,1.15,0.0
2026-02-04T03:00,-3.8,-19.4,0.0,1.01,3600.0
2026-02-04T04:00,4.8,-18.0,0.0,0.54,3600.0
2026-02-04T05:00,8.7,-14.8,0.0,0.25,3600.0
2026-02-04T06:00,9.9,-13.3,0.0,1.16,3600.0
2026-02-04T07:00,11.1,-13.4,0.0,1.9,3600.0
2026-02-04T08:00,11.0,-13.4,0.0,2.2,3600.0
2026-02-04T09:00,10.9,-12.5,0.0,2.06,3600.0
2026-02-04T10:00,10.5,-9.5,0.0,2.05,3600.0
2026-02-04T11:00,9.3,-5.9,0.0,1.75,3600.0
2026-02-04T12:00,6.0,-6.2,0.0,0.45,3600.0
2026-02-04T13:00,3.0,-6.9,0.0,0.32,454.55
2026-02-04T14:00,-0.9,-8.4,0.0,0.4,0.0
2026-02-04T15:00,-4.2,-10.3,0.0,1.1,0.0
2026-02-04T16:00,-6.0,-13.4,0.0,1.46,0.0
2026-02-04T17:00,-6.8,-16.9,0.0,1.55,0.0
2026-02-04T18:00,-7.4,-18.3,0.0,0.81,0.0
2026-02-04T19:00,-7.3,-20.9,0.0,1.6,0.0
2026-02-04T20:00,-6.9,-23.2,0.0,1.61,0.0
2026-02-04T21:00,-6.4,-24.4,0.0,1.51,0.0
2026-02-04T22:00,-6.9,-25.1,0.0,1.56,0.0
2026-02-04T23:00,-7.6,-25.8,0.0,1.66,0.0
2026-02-05T00:00,-9.6,-24.5,0.0,0.85,0.0
2026-02-05T01:00,-9.3,-24.8,0.0,1.9,0.0
2026-02-05T02:00,-8.4,-25.1,0.0,1.85,0.0
2026-02-05T03:00,-4.2,-24.2,0.0,1.82,3600.0
2026-02-05T04:00,4.5,-20.7,0.0,1.12,3600.0
2026-02-05T05:00,11.0,-20.7,0.0,0.34,3600.0
2026-02-05T06:00,12.8,-14.5,0.0,0.71,3600.0
2026-02-05T07:00,14.2,-15.0,0.0,1.15,3600.0
2026-02-05T08:00,14.5,-14.4,0.0,1.7,3600.0
2026-02-05T09:00,14.4,-14.0,0.0,1.91,3600.0
2026-02-05T10:00,13.7,-12.5,0.0,2.05,3600.0
2026-02-05T11:00,11.9,-8.2,0.0,1.61,3600.0
2026-02-05T12:00,9.8,-8.6,0.0,0.56,2629.4
2026-02-05T13:00,7.4,-9.3,0.0,0.5,0.0
2026-02-05T14:00,4.6,-9.6,0.0,0.05,0.0
2026-02-05T15:00,0.9,-10.5,0.0,0.57,0.0
2026-02-05T16:00,-1.5,-12.8,0.0,1.0,0.0
2026-02-05T17:00,-2.4,-15.9,0.0,1.1,0.0
2026-02-05T18:00,-2.9,-16.1,0.0,0.55,0.0
2026-02-05T19:00,-3.1,-17.5,0.0,0.96,0.0
2026-02-05T20:00,-3.1,-17.5,0.0,1.07,0.0
2026-02-05T21:00,-3.2,-17.9,0.0,1.12,0.0
2026-02-05T22:00,-3.5,-18.5,0.0,1.19,0.0
2026-02-05T23:00,-4.0,-18.9,0.0,1.35,0.0
2026-02-06T00:00,-6.4,-18.5,0.0,0.84,0.0
2026-02-06T01:00,-7.1,-18.7,0.0,1.64,0.0
2026-02-06T02:00,-7.2,-18.6,0.0,1.73,0.0
2026-02-06T03:00,-2.6,-16.8,0.0,1.63,3600.0
2026-02-06T04:00,6.4,-14.2,0.0,0.87,3600.0
2026-02-06T05:00,11.4,-12.2,0.0,1.05,3600.0
2026-02-06T06:00,13.3,-10.7,0.0,1.31,3600.0
2026-02-06T07:00,14.2,-10.8,0.0,1.88,3600.0
2026-02-06T08:00,14.3,-11.0,0.0,2.08,3600.0
2026-02-06T09:00,14.2,-10.1,0.0,2.12,3600.0
2026-02-06T10:00,13.5,-7.6,0.0,2.04,3600.0
2026-02-06T11:00,11.9,-4.6,0.0,1.65,3600.0
2026-02-06T12:00,8.8,-4.2,0.0,0.6,3600.0
2026-02-06T13:00,6.4,-3.6,0.0,0.47,394.33
2026-02-06T14:00,3.6,-4.0,0.0,0.6,0.0
2026-02-06T15:00,0.4,-5.2,0.0,1.0,0.0
2026-02-06T16:00,-1.5,-7.2,0.0,1.56,0.0
2026-02-06T17:00,-1.7,-10.0,1.2,1.49,0.0
2026-02-06T18:00,-1.5,-11.1,2.2,0.72,0.0
2026-02-06T19:00,-2.0,-32.3,3.2,1.0,0.0
2026-02-06T20:00,-2.3,-12.5,1.6,1.25,0.0
2026-02-06T21:00,-2.3,-17.1,2.4,1.3,0.0
2026-02-06T22:00,-3.1,-8.9,0.7,1.37,0.0
2026-02-06T23:00,-3.3,-12.5,2.4,1.26,0.0
2026-02-07T00:00,-3.8,-10.0,0.8,0.72,0.0
2026-02-07T01:00,-4.5,-9.4,1.5,1.11,0.0
2026-02-07T02:00,-5.3,-6.2,1.3,1.26,0.0
2026-02-07T03:00,-0.9,-6.1,0.1,1.04,3600.0
2026-02-07T04:00,6.5,-4.1,0.3,0.78,3600.0
2026-02-07T05:00,10.3,-3.6,0.2,0.34,3600.0
2026-02-07T06:00,11.1,-5.8,0.1,1.43,3600.0
2026-02-07T07:00,12.3,-7.0,1.0,1.53,3600.0
2026-02-07T08:00,12.5,-7.1,0.9,2.05,3600.0
2026-02-07T09:00,12.2,-6.4,0.9,2.0,3600.0
2026-02-07T10:00,11.6,-5.0,1.1,1.86,3600.0
2026-02-07T11:00,10.4,-4.3,1.9,1.66,3600.0
2026-02-07T12:00,7.3,-2.0,0.2,0.47,3600.0
2026-02-07T13:00,4.7,-3.1,0.0,0.22,938.34
2026-02-07T14:00,1.9,-4.2,0.0,0.45,0.0
2026-02-07T15:00,-1.3,-6.6,0.2,0.7,0.0
2026-02-07T16:00,-4.0,-10.4,0.0,1.2,0.0
2026-02-07T17:00,-5.3,-14.7,0.0,1.4,0.0
2026-02-07T18:00,-6.2,-16.7,0.0,0.81,0.0
2026-02-07T19:00,-6.5,-19.5,0.0,1.35,0.0
2026-02-07T20:00,-7.0,-21.6,0.0,1.46,0.0
2026-02-07T21:00,-7.5,-23.1,0.0,1.51,0.0
2026-02-07T22:00,-8.2,-23.9,0.0,1.61,0.0
2026-02-07T23:00,-8.9,-24.6,0.0,1.66,0.0
2026-02-08T00:00,-9.5,-22.7,0.0,1.05,0.0
2026-02-08T01:00,-9.4,-23.2,0.0,1.85,0.0
2026-02-08T02:00,-9.3,-23.5,0.0,1.95,0.0
2026-02-08T03:00,-4.0,-22.5,0.0,1.9,3600.0
2026-02-08T04:00,5.6,-19.6,0.0,1.0,3600.0
2026-02-08T05:00,12.1,-19.0,0.0,0.25,3600.0
2026-02-08T06:00,14.2,-11.9,0.0,0.95,3600.0
2026-02-08T07:00,15.3,-12.5,0.0,1.35,3600.0
2026-02-08T08:00,15.3,-11.8,0.0,1.6,3600.0
2026-02-08T09:00,15.2,-10.8,0.0,1.66,3600.0
2026-02-08T10:00,14.5,-8.5,0.0,1.8,3600.0
2026-02-08T11:00,12.4,-4.1,0.0,1.55,3600.0
2026-02-08T12:00,9.8,-4.4,0.0,0.4,3600.0
2026-02-08T13:00,6.6,-5.0,0.0,0.07,48.69
2026-02-08T14:00,2.8,-5.6,0.0,0.86,0.0
2026-02-08T15:00,0.5,-8.0,0.0,1.32,0.0
2026-02-08T16:00,-0.0,-11.1,0.0,1.4,0.0
2026-02-08T17:00,0.1,-13.4,0.0,1.25,0.0
2026-02-08T18:00,-0.3,-12.8,0.0,0.5,0.0
2026-02-08T19:00,-0.4,-14.1,0.0,1.15,0.0
2026-02-08T20:00,-0.9,-15.3,0.0,1.2,0.0
2026-02-08T21:00,-0.8,-16.3,0.0,1.35,0.0
2026-02-08T22:00,-0.6,-16.3,0.0,1.31,0.0
2026-02-08T23:00,-1.0,-16.1,0.0,1.26,0.0
2026-02-09T00:00,0.6,-13.7,0.0,0.45,0.0
2026-02-09T01:00,-0.1,-13.6,0.0,1.05,0.0
2026-02-09T02:00,-0.5,-13.9,0.0,1.18,0.0
2026-02-09T03:00,2.6,-13.5,0.0,1.08,3600.0
2026-02-09T04:00,8.7,-11.1,0.0,0.53,3220.4
2026-02-09T05:00,12.4,-8.2,0.0,0.95,3600.0
2026-02-09T06:00,12.4,-5.9,0.0,1.9,111.17
2026-02-09T07:00,12.7,-5.4,0.0,1.63,3600.0
2026-02-09T08:00,12.5,-4.9,0.0,1.35,3467.53
2026-02-09T09:00,11.6,-3.8,0.0,0.96,111.83
2026-02-09T10:00,11.3,-3.5,0.0,0.46,1110.55
2026-02-09T11:00,10.8,-3.1,0.0,0.81,1210.31
2026-02-09T12:00,8.6,-1.5,0.0,0.3,0.0
2026-02-09T13:00,7.7,-2.0,0.0,0.05,0.0
2026-02-09T14:00,6.3,-1.3,0.0,0.62,0.0
2026-02-09T15:00,5.2,-1.5,0.0,0.82,0.0
2026-02-09T16:00,4.4,-0.9,0.0,0.95,0.0
2026-02-09T17:00,2.8,-3.1,0.0,1.3,0.0
2026-02-09T18:00,2.9,-2.7,0.0,0.79,0.0
2026-02-09T19:00,2.8,-1.1,1.3,1.53,0.0
2026-02-09T20:00,3.0,-0.0,1.9,0.89,0.0
2026-02-09T21:00,2.4,-0.3,1.6,0.66,0.0
2026-02-09T22:00,2.1,-0.4,1.1,0.76,0.0
2026-02-09T23:00,0.8,-2.3,0.8,1.14,0.0
2026-02-10T00:00,1.6,-5.0,0.2,0.81,0.0
2026-02-10T01:00,0.8,-9.4,1.1,1.3,0.0
2026-02-10T02:00,-0.0,-9.3,2.4,1.38,0.0
2026-02-10T03:00,2.7,-7.3,0.1,1.35,2076.49
2026-02-10T04:00,7.1,-2.4,0.8,0.82,3599.26
2026-02-10T05:00,9.0,-0.3,1.0,1.47,1944.44
2026-02-10T06:00,9.9,-0.6,1.6,0.61,1316.47
2026-02-10T07:00,10.7,-2.3,0.0,1.07,2058.32
2026-02-10T08:00,10.8,-2.3,0.2,1.35,3600.0
2026-02-10T09:00,10.7,-2.8,0.0,1.14,3600.0
2026-02-10T10:00,10.7,-3.0,0.0,1.72,3600.0
2026-02-10T11:00,9.6,-1.8,0.0,1.44,2044.42
2026-02-10T12:00,6.2,2.2,0.1,0.11,3600.0
2026-02-10T13:00,4.5,0.8,1.9,0.05,276.82
2026-02-10T14:00,2.9,0.8,3.3,0.16,0.0
2026-02-10T15:00,1.7,-2.6,1.9,0.27,0.0
2026-02-10T16:00,1.0,-2.2,2.1,0.49,0.0
2026-02-10T17:00,0.7,-4.8,1.8,0.68,0.0
2026-02-10T18:00,1.6,-1.9,0.7,0.22,0.0
2026-02-10T19:00,1.4,-0.9,2.1,0.4,0.0
2026-02-10T20:00,0.6,-3.9,0.0,0.29,0.0
2026-02-10T21:00,-1.0,-6.2,0.1,0.57,0.0
2026-02-10T22:00,-1.8,-11.1,0.7,1.06,0.0
2026-02-10T23:00,-2.6,-6.5,2.1,1.84,0.0
2026-02-11T00:00,-3.0,-10.4,0.5,1.01,0.0
2026-02-11T01:00,-3.7,-11.3,0.0,1.79,0.0
2026-02-11T02:00,-3.6,-12.2,0.0,1.39,0.0
2026-02-11T03:00,0.4,-10.9,0.0,1.38,3600.0
2026-02-11T04:00,8.6,-9.3,0.0,0.51,3600.0
2026-02-11T05:00,11.8,-8.2,0.0,0.16,3600.0
2026-02-11T06:00,13.2,-5.8,0.0,0.45,3600.0
2026-02-11T07:00,14.2,-7.1,0.0,1.32,3600.0
2026-02-11T08:00,14.4,-6.5,0.0,1.46,3600.0
2026-02-11T09:00,14.4,-7.0,0.0,1.68,3600.0
2026-02-11T10:00,13.2,-5.7,0.0,1.36,3600.0
2026-02-11T11:00,11.9,-3.3,0.0,1.42,3600.0
2026-02-11T12:00,9.0,-1.2,0.0,0.59,3600.0
2026-02-11T13:00,6.5,-0.8,0.0,0.5,532.92
2026-02-11T14:00,4.4,-1.8,0.0,0.18,0.0
2026-02-11T15:00,1.4,-4.3,0.0,0.55,0.0
2026-02-11T16:00,-0.7,-7.8,0.0,1.1,0.0
2026-02-11T17:00,-1.8,-11.4,0.0,1.25,0.0
2026-02-11T18:00,-3.0,-13.6,0.0,0.6,0.0
2026-02-11T19:00,-3.4,-16.2,0.0,1.4,0.0
2026-02-11T20:00,-4.0,-18.3,0.0,1.6,0.0
2026-02-11T21:00,-4.1,-19.7,0.0,1.75,0.0
2026-02-11T22:00,-4.2,-20.2,0.0,1.85,0.0
2026-02-11T23:00,-5.0,-20.5,0.0,1.95,0.0
2026-02-12T00:00,-6.6,-19.6,0.0,1.3,0.0
2026-02-12T01:00,-6.3,-19.9,0.0,2.15,0.0
2026-02-12T02:00,-6.3,-19.9,0.0,2.1,0.0
2026-02-12T03:00,-1.4,-18.9,0.0,1.95,3600.0
2026-02-12T04:00,7.7,-16.3,0.0,0.86,3600.0
2026-02-12T05:00,12.8,-16.2,0.0,0.39,3600.0
2026-02-12T06:00,15.5,-12.0,0.0,0.27,3600.0
2026-02-12T07:00,16.2,-13.1,0.0,0.91,3600.0
2026-02-12T08:00,16.5,-11.5,0.0,1.8,3600.0
2026-02-12T09:00,16.3,-10.5,0.0,2.21,3600.0
2026-02-12T10:00,15.7,-8.7,0.0,2.31,3600.0
2026-02-12T11:00,14.3,-5.7,0.0,1.96,3600.0
2026-02-12T12:00,11.2,-6.8,0.0,0.46,3600.0
2026-02-12T13:00,8.6,-6.7,0.0,0.52,1640.52
2026-02-12T14:00,5.6,-6.8,0.0,0.14,0.0
2026-02-12T15:00,3.1,-6.9,0.0,0.81,0.0
2026-02-12T16:00,1.6,-8.7,0.0,1.05,0.0
2026-02-12T17:00,0.9,-11.0,0.0,1.16,0.0
2026-02-12T18:00,-0.3,-11.4,0.0,0.55,0.0
2026-02-12T19:00,-0.2,-13.3,0.0,1.14,0.0
2026-02-12T20:00,-0.0,-14.3,0.0,1.09,0.0
2026-02-12T21:00,0.2,-14.7,0.0,0.82,0.0
2026-02-12T22:00,0.3,-15.0,0.0,0.63,0.0
2026-02-12T23:00,0.3,-15.3,0.0,0.56,0.0
2026-02-13T00:00,1.0,-14.7,0.0,0.4,0.0
2026-02-13T01:00,0.2,-14.7,0.0,0.74,0.0
2026-02-13T02:00,0.4,-14.4,0.0,0.89,0.0
2026-02-13T03:00,3.8,-13.0,0.0,0.73,634.63
2026-02-13T04:00,10.6,-10.7,0.0,0.27,3600.0
2026-02-13T05:00,14.2,-9.5,0.0,1.2,3600.0
2026-02-13T06:00,13.9,-8.1,0.0,2.21,3600.0
2026-02-13T07:00,14.8,-7.2,0.0,1.75,3600.0
2026-02-13T08:00,15.0,-7.0,0.0,1.95,3600.0
2026-02-13T09:00,14.6,-5.8,0.0,1.84,3600.0
2026-02-13T10:00,14.1,-5.1,0.1,1.43,3600.0
2026-02-13T11:00,13.0,-4.2,0.1,1.16,3600.0
2026-02-13T12:00,10.3,-1.8,0.1,0.63,3600.0
2026-02-13T13:00,8.1,-1.4,0.0,0.63,1609.5
2026-02-13T14:00,7.4,-1.4,0.5,0.29,0.0
2026-02-13T15:00,5.9,-2.1,0.0,0.18,0.0
2026-02-13T16:00,4.6,-10.9,0.0,0.4,0.0
2026-02-13T17:00,3.4,-12.7,0.2,0.86,0.0
2026-02-13T18:00,0.4,-4.5,0.9,0.81,0.0
2026-02-13T19:00,-1.2,-6.1,2.6,1.69,0.0
2026-02-13T20:00,-1.3,-5.7,2.6,1.8,0.0
2026-02-13T21:00,-0.6,-8.9,1.3,1.42,0.0
2026-02-13T22:00,-0.6,-9.3,2.9,1.53,0.0
2026-02-13T23:00,-1.1,-11.2,1.0,1.31,0.0
2026-02-14T00:00,-1.3,-16.9,0.7,0.84,0.0
2026-02-14T01:00,-2.5,-7.1,2.3,1.47,0.0
2026-02-14T02:00,-3.4,-11.5,0.0,1.56,220.1
2026-02-14T03:00,0.8,-13.2,0.0,1.67,3600.0
2026-02-14T04:00,9.2,-12.6,0.0,0.6,3600.0
2026-02-14T05:00,13.0,-13.1,0.0,0.15,3600.0
2026-02-14T06:00,14.3,-9.0,0.0,0.9,3600.0
2026-02-14T07:00,14.6,-5.5,0.0,1.52,3600.0
2026-02-14T08:00,14.4,-2.2,0.0,1.85,3600.0
2026-02-14T09:00,14.0,-0.3,0.0,1.95,3600.0
2026-02-14T10:00,13.2,0.4,0.1,1.91,3600.0
2026-02-14T11:00,11.5,2.6,1.2,1.57,3600.0
2026-02-14T12:00,9.4,-0.0,1.5,0.45,3600.0
2026-02-14T13:00,7.7,0.0,0.0,0.35,163.12
2026-02-14T14:00,6.0,-0.8,0.3,0.38,0.0
2026-02-14T15:00,3.3,-2.3,0.0,0.87,0.0
2026-02-14T16:00,1.9,-4.3,0.0,1.2,0.0
2026-02-14T17:00,1.3,-6.2,0.0,1.35,0.0
2026-02-14T18:00,0.5,-7.2,0.0,0.45,0.0
2026-02-14T19:00,-0.1,-10.3,0.0,1.0,0.0
2026-02-14T20:00,0.1,-12.8,0.0,1.15,0.0
2026-02-14T21:00,0.1,-12.3,0.0,1.1,0.0
2026-02-14T22:00,-0.8,-13.5,0.0,1.1,0.0
2026-02-14T23:00,-2.5,-15.4,0.0,1.2,0.0
2026-02-15T00:00,-4.5,-16.9,0.0,0.7,0.0
2026-02-15T01:00,-5.0,-17.8,0.0,1.4,0.0
2026-02-15T02:00,-5.6,-18.5,0.0,1.45,189.99
2026-02-15T03:00,-0.6,-17.7,0.0,1.55,3600.0
2026-02-15T04:00,8.7,-14.9,0.0,0.61,3600.0
2026-02-15T05:00,12.9,-14.9,0.0,0.32,3600.0
2026-02-15T06:00,14.4,-10.6,0.0,0.78,3600.0
2026-02-15T07:00,15.0,-10.8,0.0,1.19,3600.0
2026-02-15T08:00,14.9,-9.4,0.0,1.31,3600.0
2026-02-15T09:00,14.7,-7.4,0.0,1.38,3600.0
2026-02-15T10:00,14.3,-4.1,0.0,1.68,3600.0
2026-02-15T11:00,13.1,-1.0,0.0,1.67,3600.0
2026-02-15T12:00,10.0,-1.4,0.0,0.5,3600.0
2026-02-15T13:00,7.8,-1.2,0.0,0.51,1990.55
2026-02-15T14:00,5.4,-2.3,0.0,0.25,0.0
2026-02-15T15:00,2.4,-4.4,0.0,0.73,0.0
2026-02-15T16:00,0.4,-7.3,0.0,1.01,0.0
2026-02-15T17:00,-0.6,-10.6,0.0,1.3,0.0
2026-02-15T18:00,-1.3,-11.5,0.0,0.71,0.0
2026-02-15T19:00,-1.6,-14.4,0.0,1.2,0.0
2026-02-15T20:00,-2.3,-16.6,0.0,1.35,0.0
2026-02-15T21:00,-2.9,-18.2,0.0,1.45,0.0
2026-02-15T22:00,-3.4,-19.3,0.0,1.65,0.0
2026-02-15T23:00,-3.4,-20.0,0.0,1.8,0.0
2026-02-16T00:00,-5.4,-19.7,0.0,1.1,0.0
2026-02-16T01:00,-5.4,-20.2,0.0,1.75,0.0
2026-02-16T02:00,-5.0,-20.1,0.0,1.8,440.6
2026-02-16T03:00,1.0,-18.1,0.0,1.75,3600.0
2026-02-16T04:00,10.4,-14.7,0.0,0.55,3600.0
2026-02-16T05:00,14.7,-14.5,0.0,0.05,3600.0
2026-02-16T06:00,15.5,-9.6,0.0,0.9,3600.0
2026-02-16T07:00,16.3,-10.2,0.0,1.64,3600.0
2026-02-16T08:00,16.0,-8.0,0.0,2.16,3600.0
2026-02-16T09:00,15.4,-5.4,0.0,2.17,3600.0
2026-02-16T10:00,14.5,-2.6,0.0,1.86,3600.0
2026-02-16T11:00,13.4,-1.3,0.0,1.45,3600.0
2026-02-16T12:00,11.2,-2.1,0.0,0.41,3600.0
2026-02-16T13:00,9.4,-2.4,0.0,0.47,2042.27
2026-02-16T14:00,8.1,-2.0,0.0,0.0,0.0
2026-02-16T15:00,5.2,-2.8,0.0,0.41,0.0
2026-02-16T16:00,2.2,-4.8,0.0,1.16,0.0
2026-02-16T17:00,0.7,-6.8,0.0,1.5,0.0
2026-02-16T18:00,0.1,-8.0,0.0,0.8,0.0
2026-02-16T19:00,0.2,-9.2,0.0,1.25,0.0
2026-02-16T20:00,0.2,-9.6,0.0,1.1,0.0
2026-02-16T21:00,-0.1,-9.6,0.0,1.17,0.0
2026-02-16T22:00,-0.8,-9.7,0.0,1.27,0.0
2026-02-16T23:00,-1.8,-9.9,0.0,1.48,0.0
2026-02-17T00:00,-2.8,-10.7,0.0,0.91,0.0
2026-02-17T01:00,-3.4,-11.0,0.0,1.71,0.0
2026-02-17T02:00,-3.1,-11.3,0.0,1.76,0.0
2026-02-17T03:00,1.9,-10.5,0.0,1.72,3600.0
2026-02-17T04:00,10.0,-9.0,0.0,0.6,3600.0
2026-02-17T05:00,13.0,-8.5,0.0,0.3,3600.0
2026-02-17T06:00,13.6,-4.7,0.0,0.83,3600.0
2026-02-17T07:00,14.8,-6.7,0.0,1.6,3600.0
2026-02-17T08:00,14.3,-4.6,0.0,2.06,3600.0
2026-02-17T09:00,13.9,-4.3,0.0,2.06,3600.0
2026-02-17T10:00,13.4,-3.3,0.0,1.52,3600.0
2026-02-17T11:00,12.3,-1.2,0.6,1.5,3600.0
2026-02-17T12:00,10.4,-1.0,0.0,0.4,3600.0
2026-02-17T13:00,8.5,-0.8,0.0,0.4,642.46
2026-02-17T14:00,8.8,-0.1,0.0,0.05,0.0
2026-02-17T15:00,7.5,-0.6,0.0,0.22,0.0
2026-02-17T16:00,5.2,-2.4,0.0,0.86,0.0
2026-02-17T17:00,3.6,-4.8,0.0,1.4,0.0
2026-02-17T18:00,3.3,-5.5,0.0,0.85,0.0
2026-02-17T19:00,1.9,-7.4,0.0,1.2,0.0
2026-02-17T20:00,2.5,-7.9,0.0,1.2,0.0
2026-02-17T21:00,3.3,-8.7,0.0,0.95,0.0
2026-02-17T22:00,3.6,-8.6,0.0,1.0,0.0
2026-02-17T23:00,3.0,-8.4,0.0,1.36,0.0
2026-02-18T00:00,2.6,-6.5,0.0,0.96,0.0
2026-02-18T01:00,2.0,-6.0,0.1,0.9,0.0
2026-02-18T02:00,2.2,-6.4,0.0,1.56,0.0
2026-02-18T03:00,4.1,-6.1,0.0,1.45,0.0
2026-02-18T04:00,7.9,-4.2,0.0,1.36,0.0
2026-02-18T05:00,10.5,-4.2,0.0,1.32,100.12
2026-02-18T06:00,11.3,-2.7,0.0,0.57,3283.58
2026-02-18T07:00,12.4,-3.4,0.0,1.21,3600.0
2026-02-18T08:00,11.7,-2.2,0.0,1.21,2437.46
2026-02-18T09:00,10.4,-1.3,0.1,1.26,0.0
2026-02-18T10:00,10.2,-2.0,0.2,1.28,233.39
2026-02-18T11:00,10.2,-2.3,0.0,1.05,0.0
2026-02-18T12:00,8.9,-0.8,0.0,0.89,971.3
2026-02-18T13:00,7.6,-0.4,0.0,0.22,0.0
2026-02-18T14:00,7.3,-1.4,0.0,0.54,0.0
2026-02-18T15:00,6.3,-2.2,0.0,0.47,0.0
2026-02-18T16:00,6.0,-1.5,0.0,0.72,0.0
2026-02-18T17:00,5.0,-1.8,0.0,0.43,0.0
2026-02-18T18:00,6.9,-0.5,0.0,0.25,0.0
2026-02-18T19:00,5.7,0.7,0.2,0.47,0.0
2026-02-18T20:00,5.1,0.8,0.1,0.49,0.0
2026-02-18T21:00,4.4,0.2,0.0,0.54,0.0
2026-02-18T22:00,4.3,-0.4,0.0,0.18,0.0
2026-02-18T23:00,3.4,-1.3,0.0,0.32,0.0
2026-02-19T00:00,2.9,-2.9,0.0,0.2,0.0
2026-02-19T01:00,1.7,-4.3,0.0,0.54,0.0
2026-02-19T02:00,0.8,-5.4,0.0,0.6,623.14
2026-02-19T03:00,5.0,-5.0,0.0,0.4,3600.0
2026-02-19T04:00,10.4,-2.9,0.0,0.11,3600.0
2026-02-19T05:00,12.2,-4.9,0.0,0.21,3600.0
2026-02-19T06:00,13.2,-2.8,0.0,1.4,3600.0
2026-02-19T07:00,13.6,0.0,0.0,1.71,3600.0
2026-02-19T08:00,13.6,1.6,0.0,1.54,3600.0
2026-02-19T09:00,13.6,2.3,0.0,1.75,3600.0
2026-02-19T10:00,12.7,3.3,0.0,2.05,3600.0
2026-02-19T11:00,11.5,4.1,0.0,1.6,3600.0
2026-02-19T12:00,9.2,4.1,0.0,0.92,3600.0
2026-02-19T13:00,7.4,3.2,0.0,0.86,1707.76
2026-02-19T14:00,7.6,4.0,0.0,0.43,0.0
2026-02-19T15:00,7.3,4.1,0.0,0.1,0.0
2026-02-19T16:00,6.0,3.5,0.0,0.07,0.0
2026-02-19T17:00,4.7,2.4,0.0,0.21,0.0
2026-02-19T18:00,4.6,2.5,0.0,0.3,0.0
2026-02-19T19:00,4.0,0.3,0.0,0.32,0.0
2026-02-19T20:00,2.7,-3.0,0.0,0.4,0.0
2026-02-19T21:00,1.0,-6.4,0.0,0.91,0.0
2026-02-19T22:00,-0.1,-9.2,0.0,1.3,0.0
2026-02-19T23:00,-0.7,-11.7,0.0,1.55,0.0
2026-02-20T00:00,-2.1,-12.0,0.0,0.6,0.0
2026-02-20T01:00,-3.2,-13.1,0.0,1.45,0.0
2026-02-20T02:00,-3.3,-13.8,0.0,1.55,589.14
2026-02-20T03:00,2.9,-11.6,0.0,1.51,3600.0
2026-02-20T04:00,10.8,-8.6,0.0,0.3,3600.0
2026-02-20T05:00,13.3,-9.6,0.0,0.21,3600.0
2026-02-20T06:00,14.2,-6.5,0.0,1.1,3600.0
2026-02-20T07:00,15.0,-4.2,0.0,1.32,3600.0
2026-02-20T08:00,15.1,-2.0,0.0,1.51,3600.0
2026-02-20T09:00,15.1,0.0,0.0,1.51,3600.0
2026-02-20T10:00,14.4,2.5,0.0,1.5,3600.0
2026-02-20T11:00,13.2,4.5,0.0,1.32,3600.0
2026-02-20T12:00,11.0,3.6,0.0,0.45,3600.0
2026-02-20T13:00,8.6,3.0,0.0,0.51,2246.18
2026-02-20T14:00,7.9,3.2,0.0,0.16,0.0
2026-02-20T15:00,5.9,2.3,0.0,0.21,0.0
2026-02-20T16:00,3.7,0.0,0.0,0.56,0.0
2026-02-20T17:00,2.1,-3.2,0.0,1.02,0.0
2026-02-20T18:00,1.6,-3.9,0.0,0.21,0.0
2026-02-20T19:00,0.8,-6.9,0.0,1.1,0.0
2026-02-20T20:00,0.6,-9.4,0.0,1.3,0.0
2026-02-20T21:00,0.4,-11.3,0.0,1.4,0.0
2026-02-20T22:00,-0.5,-12.5,0.0,1.5,0.0
2026-02-20T23:00,-1.5,-13.5,0.0,1.5,0.0
2026-02-21T00:00,-3.0,-13.9,0.0,0.75,0.0
2026-02-21T01:00,-3.0,-15.0,0.0,1.5,0.0
2026-02-21T02:00,-2.9,-15.1,0.0,1.4,1112.86
2026-02-21T03:00,3.2,-13.0,0.0,1.35,3600.0
2026-02-21T04:00,12.1,-10.8,0.0,0.34,3600.0
2026-02-21T05:00,14.4,-11.5,0.0,0.27,3600.0
2026-02-21T06:00,15.4,-8.1,0.0,1.53,3600.0
2026-02-21T07:00,16.1,-6.5,0.0,1.81,3600.0
2026-02-21T08:00,16.0,-3.2,0.0,1.91,3600.0
2026-02-21T09:00,15.7,-0.1,0.0,1.81,3600.0
2026-02-21T10:00,14.6,2.4,0.0,1.75,3600.0
2026-02-21T11:00,12.7,4.0,0.0,1.3,3600.0
2026-02-21T12:00,10.5,4.4,0.0,0.2,3600.0
2026-02-21T13:00,8.8,3.3,0.0,0.07,1927.5
2026-02-21T14:00,8.3,3.3,0.0,0.07,0.0
2026-02-21T15:00,7.0,2.7,0.0,0.57,0.0
2026-02-21T16:00,5.9,1.0,0.0,0.36,0.0
2026-02-21T17:00,5.1,-0.2,0.0,0.86,0.0
2026-02-21T18:00,4.1,-3.3,0.0,0.57,0.0
2026-02-21T19:00,3.6,-5.3,0.0,0.93,0.0
2026-02-21T20:00,2.6,-6.4,0.0,0.96,0.0
2026-02-21T21:00,2.1,-3.1,0.6,1.25,0.0
2026-02-21T22:00,2.2,-4.3,0.0,0.94,0.0
2026-02-21T23:00,1.3,-3.9,0.1,1.31,0.0
2026-02-22T00:00,0.4,-6.3,0.1,0.63,0.0
2026-02-22T01:00,-1.1,-8.2,0.0,1.0,0.0
2026-02-22T02:00,-0.8,-7.1,0.0,1.61,1077.24
2026-02-22T03:00,5.2,-5.1,0.0,1.54,3600.0
2026-02-22T04:00,11.3,-7.2,0.0,0.83,3600.0
2026-02-22T05:00,13.7,-4.1,0.0,0.73,3600.0
2026-02-22T06:00,14.2,-5.5,0.0,1.91,3600.0
2026-02-22T07:00,15.0,-5.6,0.0,2.01,3600.0
2026-02-22T08:00,14.7,-3.1,0.0,2.18,3600.0
2026-02-22T09:00,13.8,-1.6,0.0,2.0,3600.0
2026-02-22T10:00,12.9,0.8,0.0,1.66,3600.0
2026-02-22T11:00,10.7,3.6,0.0,1.09,3600.0
2026-02-22T12:00,9.4,4.3,0.0,0.45,3600.0
2026-02-22T13:00,7.4,3.6,0.1,0.2,501.81
2026-02-22T14:00,5.9,2.9,0.2,0.61,0.0
2026-02-22T15:00,4.8,2.3,0.2,0.63,0.0
2026-02-22T16:00,2.5,0.7,0.0,0.79,0.0
2026-02-22T17:00,0.5,-1.3,0.0,0.91,0.0
2026-02-22T18:00,0.8,-3.3,0.0,0.4,0.0
2026-02-22T19:00,0.3,-5.5,0.0,0.85,0.0
2026-02-22T20:00,-0.2,-7.2,0.0,1.06,0.0
2026-02-22T21:00,-0.7,-8.8,0.0,1.1,0.0
2026-02-22T22:00,-1.4,-10.1,0.0,1.25,0.0
2026-02-22T23:00,-1.9,-11.4,0.0,1.45,0.0
2026-02-23T00:00,-2.9,-12.2,0.0,0.7,0.0
2026-02-23T01:00,-3.6,-13.4,0.0,1.45,0.0
2026-02-23T02:00,-3.4,-14.2,0.0,1.5,1319.49
2026-02-23T03:00,3.3,-12.9,0.0,1.45,3600.0
2026-02-23T04:00,10.9,-11.1,0.0,0.27,3600.0
2026-02-23T05:00,12.8,-12.1,0.0,0.1,3600.0
2026-02-23T06:00,13.7,-9.9,0.0,1.5,3600.0
2026-02-23T07:00,14.6,-8.5,0.0,1.76,3600.0
2026-02-23T08:00,14.6,-4.8,0.0,1.95,3600.0
2026-02-23T09:00,13.7,-0.6,0.0,2.05,3600.0
2026-02-23T10:00,12.7,1.4,0.1,1.71,3600.0
2026-02-23T11:00,11.7,2.5,0.0,1.45,3600.0
2026-02-23T12:00,9.6,3.3,0.0,0.72,3600.0
2026-02-23T13:00,7.9,2.7,0.0,0.46,1589.2
2026-02-23T14:00,7.4,2.7,0.0,0.18,0.0
2026-02-23T15:00,5.4,1.9,0.0,0.22,0.0
2026-02-23T16:00,3.1,0.2,0.0,0.49,0.0
2026-02-23T17:00,1.3,-2.5,0.0,0.82,0.0
2026-02-23T18:00,0.8,-3.9,0.0,0.25,0.0
2026-02-23T19:00,0.0,-7.0,0.0,0.91,0.0
2026-02-23T20:00,-0.4,-10.2,0.0,1.0,0.0
2026-02-23T21:00,-0.9,-13.0,0.0,1.0,0.0
2026-02-23T22:00,-1.7,-15.4,0.0,1.15,0.0
2026-02-23T23:00,-2.3,-17.6,0.0,1.15,0.0
2026-02-24T00:00,-4.2,-16.9,0.0,0.6,0.0
2026-02-24T01:00,-4.7,-18.1,0.0,1.2,0.0
2026-02-24T02:00,-4.0,-18.8,0.0,1.26,1560.73
2026-02-24T03:00,3.2,-17.4,0.0,1.13,3600.0
2026-02-24T04:00,12.0,-14.3,0.0,0.11,3600.0
2026-02-24T05:00,13.3,-11.9,0.0,1.2,3600.0
2026-02-24T06:00,14.1,-9.8,0.0,2.27,3600.0
2026-02-24T07:00,15.0,-4.5,0.0,2.36,3600.0
2026-02-24T08:00,14.5,-1.7,0.4,2.46,3600.0
2026-02-24T09:00,14.0,0.3,0.5,2.01,3600.0
2026-02-24T10:00,13.4,2.8,0.1,1.7,3600.0
2026-02-24T11:00,11.8,4.2,0.3,1.35,3600.0
2026-02-24T12:00,10.7,4.0,0.5,0.6,3600.0
2026-02-24T13:00,8.6,2.1,0.2,1.08,725.49
2026-02-24T14:00,7.4,4.7,2.0,0.51,0.0
2026-02-24T15:00,6.8,4.9,0.6,0.1,0.0
2026-02-24T16:00,5.7,4.9,2.5,0.3,0.0
2026-02-24T17:00,4.5,4.1,3.9,0.61,0.0
2026-02-24T18:00,3.2,1.1,1.8,0.72,0.0
2026-02-24T19:00,1.9,-0.1,0.7,0.91,0.0
2026-02-24T20:00,2.1,0.7,3.5,1.03,0.0
2026-02-24T21:00,1.7,-0.1,2.5,1.17,0.0
2026-02-24T22:00,1.5,0.9,2.4,1.16,0.0
2026-02-24T23:00,0.9,-4.6,1.7,0.91,0.0
2026-02-25T00:00,0.6,-2.8,0.0,0.78,0.0
2026-02-25T01:00,0.1,-6.2,0.1,0.78,0.0
2026-02-25T02:00,0.6,-8.0,0.3,0.89,1246.18
2026-02-25T03:00,6.8,-5.8,0.4,0.72,3600.0
2026-02-25T04:00,12.2,-0.9,0.4,0.5,3600.0
2026-02-25T05:00,14.1,0.7,0.3,1.86,3600.0
2026-02-25T06:00,14.2,0.7,0.2,2.3,3600.0
2026-02-25T07:00,14.8,0.6,1.2,1.98,3600.0
2026-02-25T08:00,14.5,0.9,2.1,1.92,3600.0
2026-02-25T09:00,14.1,1.3,1.9,1.85,3600.0
2026-02-25T10:00,13.5,1.9,2.0,1.61,3600.0
2026-02-25T11:00,12.6,3.0,2.3,1.39,3600.0
2026-02-25T12:00,10.9,5.4,1.4,0.67,3600.0
2026-02-25T13:00,9.0,4.3,0.4,0.67,698.15
2026-02-25T14:00,8.1,3.9,0.8,0.53,0.0
2026-02-25T15:00,7.0,4.0,1.5,0.57,0.0
2026-02-25T16:00,6.5,4.2,2.8,0.21,0.0
2026-02-25T17:00,5.7,4.1,2.7,0.07,0.0
2026-02-25T18:00,5.4,3.8,3.2,0.25,0.0
2026-02-25T19:00,5.1,3.1,2.6,0.14,0.0
2026-02-25T20:00,4.7,2.9,2.6,0.14,0.0
2026-02-25T21:00,4.4,2.9,2.7,0.32,0.0
2026-02-25T22:00,4.2,2.6,2.6,0.5,0.0
2026-02-25T23:00,3.5,1.4,1.7,0.29,0.0
2026-02-26T00:00,4.1,0.2,0.8,0.63,0.0
2026-02-26T01:00,3.7,-0.6,0.4,0.45,0.0
2026-02-26T02:00,4.1,-1.1,0.6,0.38,1486.28
2026-02-26T03:00,9.2,2.6,0.3,0.22,3600.0
2026-02-26T04:00,13.9,0.9,0.1,1.33,3600.0
2026-02-26T05:00,15.0,2.2,0.0,2.29,3600.0
2026-02-26T06:00,14.7,4.0,0.5,2.8,3600.0
2026-02-26T07:00,15.4,3.0,0.4,2.11,3600.0
2026-02-26T08:00,14.9,4.1,2.4,1.98,3600.0
2026-02-26T09:00,14.4,3.8,2.3,1.8,3600.0
2026-02-26T10:00,13.8,4.5,3.5,2.07,3600.0
2026-02-26T11:00,12.6,5.4,0.3,2.06,3600.0
2026-02-26T12:00,10.0,6.9,1.3,1.08,3600.0
2026-02-26T13:00,7.6,6.1,4.1,1.5,671.1
2026-02-26T14:00,6.5,5.2,3.4,1.13,0.0
2026-02-26T15:00,5.9,5.4,2.7,0.95,0.0
2026-02-26T16:00,6.0,4.8,1.3,0.96,0.0
2026-02-26T17:00,6.0,2.5,0.9,0.51,0.0
2026-02-26T18:00,4.8,4.3,2.5,0.67,0.0
2026-02-26T19:00,3.6,1.6,2.7,0.88,0.0
2026-02-26T20:00,2.4,1.1,2.4,0.85,0.0
2026-02-26T21:00,1.5,0.0,1.2,0.74,0.0
2026-02-26T22:00,0.6,-4.4,4.3,0.71,0.0
2026-02-26T23:00,-0.3,-5.0,1.5,0.87,0.0
2026-02-27T00:00,1.0,-2.8,4.5,0.64,0.0
2026-02-27T01:00,0.3,-2.8,0.1,0.75,0.0
2026-02-27T02:00,-0.5,-1.0,1.6,1.01,1172.28
2026-02-27T03:00,4.8,0.0,2.1,0.58,3600.0
2026-02-27T04:00,10.9,2.1,2.7,0.76,3600.0
2026-02-27T05:00,12.6,0.3,0.6,1.72,3600.0
2026-02-27T06:00,13.0,-0.2,1.4,1.95,3600.0
2026-02-27T07:00,14.1,-0.5,1.5,2.08,3600.0
2026-02-27T08:00,14.2,-1.0,0.9,2.35,3600.0
2026-02-27T09:00,13.2,0.9,1.2,2.1,3600.0
2026-02-27T10:00,12.5,1.4,0.0,1.66,3600.0
2026-02-27T11:00,12.1,2.9,0.1,1.7,3600.0
2026-02-27T12:00,10.0,4.1,0.1,1.24,2636.32
2026-02-27T13:00,8.2,2.7,0.1,1.66,921.41
2026-02-27T14:00,7.8,1.8,0.1,1.37,0.0
2026-02-27T15:00,7.4,1.6,0.0,0.97,0.0
2026-02-27T16:00,6.6,1.3,0.0,0.36,0.0
2026-02-27T17:00,5.4,1.2,0.0,0.11,0.0
2026-02-27T18:00,5.2,1.3,0.0,0.57,0.0
2026-02-27T19:00,3.4,0.0,0.1,0.43,0.0
2026-02-27T20:00,2.7,-0.8,0.1,0.36,0.0
2026-02-27T21:00,3.0,-1.1,0.2,0.54,0.0
2026-02-27T22:00,1.7,-2.3,0.1,0.71,0.0
2026-02-27T23:00,1.2,-2.5,2.1,1.13,0.0
2026-02-28T00:00,-0.1,-4.6,0.2,0.82,0.0
2026-02-28T01:00,-1.2,-9.9,3.0,1.32,0.0
2026-02-28T02:00,-0.1,-7.5,3.2,1.33,858.94
2026-02-28T03:00,5.7,-4.8,2.0,1.05,3600.0
2026-02-28T04:00,11.7,-2.1,0.1,0.35,3600.0
2026-02-28T05:00,12.9,-1.3,0.9,1.34,3600.0
2026-02-28T06:00,13.9,-2.5,0.0,1.91,3600.0
2026-02-28T07:00,13.0,-1.9,0.5,2.22,3600.0
2026-02-28T08:00,13.2,-2.0,0.2,2.53,3600.0
2026-02-28T09:00,12.9,-1.1,0.0,2.51,3600.0
2026-02-28T10:00,12.4,-0.0,0.0,2.27,3600.0
2026-02-28T11:00,11.4,0.9,0.0,1.88,3600.0
2026-02-28T12:00,11.4,2.6,0.9,0.65,3600.0
2026-02-28T13:00,8.6,-1.9,0.2,0.54,2277.97
2026-02-28T14:00,7.5,1.9,2.0,0.49,0.0
2026-02-28T15:00,6.5,2.5,1.4,0.21,0.0
2026-02-28T16:00,4.9,1.4,0.5,0.27,0.0
2026-02-28T17:00,3.1,-0.8,0.3,0.55,0.0
2026-02-28T18:00,1.5,-6.6,0.8,0.6,0.0
2026-02-28T19:00,-0.6,-5.3,1.3,1.05,0.0
2026-02-28T20:00,-1.4,-8.0,0.0,1.33,0.0
2026-02-28T21:00,-1.6,-11.1,1.0,0.96,0.0
2026-02-28T22:00,-2.7,-14.2,0.0,1.24,0.0
2026-02-28T23:00,-3.8,-19.6,0.8,1.0,0.0
2026-03-01T00:00,-2.5,-18.1,0.0,0.73,0.0
2026-03-01T01:00,-4.2,-19.2,0.0,1.06,0.0
2026-03-01T02:00,-4.0,-19.3,0.0,1.12,2219.06
2026-03-01T03:00,4.2,-16.5,0.1,0.76,3600.0
2026-03-01T04:00,12.1,-14.1,0.0,0.16,3600.0
2026-03-01T05:00,12.0,-3.6,0.0,1.35,3600.0
2026-03-01T06:00,15.5,0.2,0.0,2.28,3600.0
2026-03-01T07:00,13.7,-0.7,1.3,2.47,3600.0
2026-03-01T08:00,13.3,-0.3,1.3,2.57,3600.0
2026-03-01T09:00,12.4,0.4,0.5,1.73,3600.0
2026-03-01T10:00,11.2,2.6,0.6,1.31,3600.0
2026-03-01T11:00,10.8,1.7,0.6,1.17,3600.0
2026-03-01T12:00,11.1,3.6,0.2,0.21,3600.0
2026-03-01T13:00,8.2,0.0,0.0,0.39,2684.98
2026-03-01T14:00,7.8,0.1,0.1,0.2,0.0
2026-03-01T15:00,6.9,0.6,0.3,0.14,0.0
2026-03-01T16:00,4.6,1.1,0.9,0.46,0.0
2026-03-01T17:00,3.0,-0.2,0.1,0.4,0.0
2026-03-01T18:00,1.6,-2.2,0.8,0.5,0.0
2026-03-01T19:00,-0.4,-5.5,0.2,0.66,0.0
2026-03-01T20:00,-0.6,-4.9,0.4,0.6,0.0
2026-03-01T21:00,-1.2,-6.1,1.0,0.71,0.0
2026-03-01T22:00,-1.7,-8.6,0.6,0.71,0.0
2026-03-01T23:00,-2.3,-12.1,0.0,0.61,0.0
2026-03-02T00:00,-2.2,-13.9,0.1,0.65,0.0
2026-03-02T01:00,-4.2,-16.4,0.0,0.93,0.0
2026-03-02T02:00,-3.5,-17.1,0.0,0.78,2287.92
2026-03-02T03:00,3.2,-14.4,0.0,0.38,3600.0
2026-03-02T04:00,10.8,-6.6,0.0,0.68,3600.0
2026-03-02T05:00,13.1,-0.7,0.0,1.87,3600.0
2026-03-02T06:00,16.6,3.1,0.0,2.67,3600.0
2026-03-02T07:00,14.6,3.1,0.0,2.36,3600.0
2026-03-02T08:00,14.7,3.4,0.0,2.17,3600.0
2026-03-02T09:00,14.1,3.6,0.0,1.75,3600.0
2026-03-02T10:00,14.0,2.9,0.0,1.76,3600.0
2026-03-02T11:00,13.1,2.8,0.0,1.65,3600.0
2026-03-02T12:00,13.1,3.2,0.0,0.68,3600.0
2026-03-02T13:00,9.3,0.6,0.0,0.92,2731.86
2026-03-02T14:00,8.7,1.5,0.0,0.46,0.0
2026-03-02T15:00,6.9,1.2,0.0,0.21,0.0
2026-03-02T16:00,4.9,-0.3,0.0,0.16,0.0
2026-03-02T17:00,2.9,-3.5,0.0,0.45,0.0
2026-03-02T18:00,2.7,-4.7,0.0,0.3,0.0
2026-03-02T19:00,0.9,-8.8,0.0,0.4,0.0
2026-03-02T20:00,0.2,-11.7,0.0,0.51,0.0
2026-03-02T21:00,-0.8,-13.8,0.0,0.86,0.0
2026-03-02T22:00,-1.5,-15.4,0.0,1.06,0.0
2026-03-02T23:00,-2.3,-16.6,0.0,1.12,0.0
2026-03-03T00:00,-1.4,-14.9,0.0,0.56,0.0
2026-03-03T01:00,-2.5,-16.5,0.0,1.32,0.0
2026-03-03T02:00,-1.2,-16.2,0.0,1.32,2356.86
2026-03-03T03:00,5.2,-12.6,0.0,1.04,3600.0
2026-03-03T04:00,14.3,-6.5,0.0,0.21,3600.0
2026-03-03T05:00,15.0,-4.4,0.0,1.15,3600.0
2026-03-03T06:00,19.8,0.5,0.0,2.25,3600.0
2026-03-03T07:00,17.2,-0.8,0.0,2.16,3600.0
2026-03-03T08:00,17.2,0.2,0.0,2.15,3600.0
2026-03-03T09:00,16.8,2.9,0.0,2.18,3600.0
2026-03-03T10:00,15.9,4.3,0.0,2.07,3600.0
2026-03-03T11:00,14.7,4.3,0.0,1.83,3600.0
2026-03-03T12:00,14.5,3.9,0.0,0.62,3600.0
2026-03-03T13:00,11.4,0.8,0.0,0.25,2778.34
2026-03-03T14:00,9.8,0.8,0.0,0.16,0.0
2026-03-03T15:00,6.8,0.9,0.0,0.61,0.0
2026-03-03T16:00,4.5,-0.4,0.0,1.67,0.0
2026-03-03T17:00,4.4,-0.2,0.0,1.73,0.0
2026-03-03T18:00,4.5,-1.1,0.0,0.86,0.0
2026-03-03T19:00,3.6,0.1,0.1,1.7,0.0
2026-03-03T20:00,3.1,-1.6,0.0,1.41,0.0
2026-03-03T21:00,3.7,-0.3,0.0,1.65,0.0
2026-03-03T22:00,3.9,-2.6,0.0,1.41,0.0
2026-03-03T23:00,4.9,-5.0,0.0,1.12,0.0
2026-03-04T00:00,3.1,-9.0,0.0,0.7,0.0
2026-03-04T01:00,1.4,-10.5,0.0,1.26,0.0
2026-03-04T02:00,2.7,-10.0,0.0,1.38,2426.55
2026-03-04T03:00,9.3,-6.1,0.0,0.87,3600.0
2026-03-04T04:00,16.3,-2.9,0.0,0.18,3600.0
2026-03-04T05:00,16.6,-1.1,0.0,1.1,3600.0
2026-03-04T06:00,20.9,2.3,0.0,2.0,3600.0
2026-03-04T07:00,17.9,0.9,0.0,1.9,3600.0
2026-03-04T08:00,18.2,0.8,0.0,1.95,3600.0
2026-03-04T09:00,18.2,1.3,0.0,2.05,3600.0
2026-03-04T10:00,17.5,2.6,0.0,2.0,3600.0
2026-03-04T11:00,15.9,4.5,0.0,1.85,3600.0
2026-03-04T12:00,16.3,4.2,0.0,0.5,3600.0
2026-03-04T13:00,13.0,0.8,0.0,0.39,2824.45
2026-03-04T14:00,11.4,0.5,0.0,0.11,0.0
2026-03-04T15:00,8.8,0.5,0.0,0.3,0.0
2026-03-04T16:00,6.5,-0.3,0.0,0.75,0.0
2026-03-04T17:00,5.4,-1.6,0.0,1.05,0.0
2026-03-04T18:00,6.1,-1.4,0.0,0.5,0.0
2026-03-04T19:00,4.8,-3.2,0.0,1.06,0.0
2026-03-04T20:00,4.2,-4.1,0.0,1.21,0.0
2026-03-04T21:00,3.8,-4.8,0.0,1.32,0.0
2026-03-04T22:00,3.5,-5.5,0.0,1.42,0.0
2026-03-04T23:00,3.2,-6.0,0.0,1.46,0.0
2026-03-05T00:00,3.9,-5.4,0.0,0.67,0.0
2026-03-05T01:00,2.9,-6.4,0.0,1.41,0.0
2026-03-05T02:00,4.3,-5.6,0.0,1.51,2497.44
2026-03-05T03:00,10.6,-1.5,0.0,1.51,3600.0
2026-03-05T04:00,17.2,-0.7,0.0,0.32,3600.0
2026-03-05T05:00,19.3,-0.5,0.0,0.18,3600.0
2026-03-05T06:00,22.7,6.8,0.0,1.25,3600.0
2026-03-05T07:00,19.2,3.5,0.0,1.91,3600.0
2026-03-05T08:00,18.9,3.4,0.0,2.0,3600.0
2026-03-05T09:00,18.1,3.5,0.0,1.86,3600.0
2026-03-05T10:00,20.6,3.7,0.0,1.7,3600.0
2026-03-05T11:00,19.5,5.0,0.0,1.46,3600.0
2026-03-05T12:00,16.7,4.9,0.0,0.35,3600.0
2026-03-05T13:00,13.8,3.6,0.0,0.11,2870.18
2026-03-05T14:00,12.3,3.3,0.0,0.18,0.0
2026-03-05T15:00,9.5,1.9,0.0,0.56,0.0
2026-03-05T16:00,7.0,-0.1,0.0,1.1,0.0
2026-03-05T17:00,5.9,-2.5,0.0,1.25,0.0
2026-03-05T18:00,5.9,-2.9,0.0,0.6,0.0
2026-03-05T19:00,5.6,-5.1,0.0,1.2,0.0
2026-03-05T20:00,5.0,-7.0,0.0,1.22,0.0
2026-03-05T21:00,4.2,-8.3,0.0,1.15,0.0
2026-03-05T22:00,4.2,-9.6,0.0,0.96,0.0
2026-03-05T23:00,4.2,-10.5,0.0,0.93,0.0
2026-03-06T00:00,5.3,-9.5,0.0,0.49,0.0
2026-03-06T01:00,3.8,-10.9,0.0,0.91,0.0
2026-03-06T02:00,4.7,-10.2,0.0,1.02,2569.44
2026-03-06T03:00,11.0,-5.4,0.0,0.81,3600.0
2026-03-06T04:00,17.1,-5.5,0.0,0.18,3600.0
2026-03-06T05:00,17.5,-0.3,0.0,1.15,3600.0
2026-03-06T06:00,21.1,1.1,0.0,1.56,3600.0
2026-03-06T07:00,21.4,0.9,0.0,1.6,3600.0
2026-03-06T08:00,21.0,1.5,0.4,1.64,3600.0
2026-03-06T09:00,21.1,0.6,0.7,1.55,3600.0
2026-03-06T10:00,20.4,2.2,0.6,1.71,3600.0
2026-03-06T11:00,18.6,6.2,0.0,1.43,3600.0
2026-03-06T12:00,16.0,6.7,0.0,0.32,3600.0
2026-03-06T13:00,12.8,5.3,0.0,0.91,2915.55
2026-03-06T14:00,10.8,3.6,0.0,1.38,0.0
2026-03-06T15:00,8.4,1.6,0.0,1.59,0.0
2026-03-06T16:00,7.7,3.2,0.0,1.75,0.0
2026-03-06T17:00,7.6,3.1,0.0,1.18,0.0
2026-03-06T18:00,6.3,0.6,0.0,0.95,0.0
2026-03-06T19:00,5.8,1.3,0.0,1.87,0.0
2026-03-06T20:00,5.8,1.0,0.0,1.52,0.0
2026-03-06T21:00,6.8,1.2,0.0,1.52,0.0
2026-03-06T22:00,7.2,-1.1,0.0,1.33,0.0
2026-03-06T23:00,7.6,-1.9,0.0,1.23,0.0
2026-03-07T00:00,7.0,-0.7,0.0,0.85,0.0
2026-03-07T01:00,6.0,-1.2,0.0,1.14,0.0
2026-03-07T02:00,7.2,1.2,0.0,1.39,1147.06
2026-03-07T03:00,12.7,4.3,0.0,1.0,3600.0
2026-03-07T04:00,16.9,2.7,0.0,1.25,3600.0
2026-03-07T05:00,18.5,0.8,0.0,1.06,3600.0
2026-03-07T06:00,18.8,4.2,0.0,0.81,3600.0
2026-03-07T07:00,20.2,0.6,0.1,1.62,3600.0
2026-03-07T08:00,19.9,1.2,0.0,1.84,3600.0
2026-03-07T09:00,19.2,2.7,0.0,1.88,3600.0
2026-03-07T10:00,18.5,3.9,0.3,1.79,3600.0
2026-03-07T11:00,17.1,6.2,0.0,1.52,3600.0
2026-03-07T12:00,14.8,6.5,0.0,0.38,3600.0
2026-03-07T13:00,10.9,4.6,0.3,1.17,2910.84
2026-03-07T14:00,8.9,6.4,3.1,1.2,0.0
2026-03-07T15:00,7.2,5.7,2.0,1.46,0.0
2026-03-07T16:00,6.6,5.3,1.4,1.98,0.0
2026-03-07T17:00,6.5,4.0,2.6,1.54,0.0
2026-03-07T18:00,6.3,3.8,3.7,1.21,0.0
2026-03-07T19:00,6.9,3.7,1.3,1.54,0.0
2026-03-07T20:00,6.3,3.7,2.8,1.66,0.0
2026-03-07T21:00,7.4,4.7,3.4,1.51,0.0
2026-03-07T22:00,7.2,4.2,2.8,1.68,0.0
2026-03-07T23:00,7.0,5.1,1.9,1.72,0.0
2026-03-08T00:00,7.2,2.9,0.2,1.03,0.0
2026-03-08T01:00,6.4,3.9,0.6,1.65,0.0
2026-03-08T02:00,7.8,4.4,0.0,1.41,2716.32
2026-03-08T03:00,13.6,4.7,0.0,0.76,3600.0
2026-03-08T04:00,17.5,0.7,0.0,0.38,3600.0
2026-03-08T05:00,18.7,-0.2,0.0,0.91,3600.0
2026-03-08T06:00,18.4,2.5,0.0,2.0,3600.0
2026-03-08T07:00,18.6,1.5,0.7,1.75,3600.0
2026-03-08T08:00,18.7,1.4,0.1,1.6,3600.0
2026-03-08T09:00,18.7,0.7,0.0,1.57,3600.0
2026-03-08T10:00,18.5,0.4,0.0,1.67,3600.0
2026-03-08T11:00,17.5,1.9,0.0,1.35,3600.0
2026-03-08T12:00,15.3,5.1,0.0,0.54,3600.0
2026-03-08T13:00,12.3,4.0,0.0,0.4,3005.3
2026-03-08T14:00,9.9,3.5,0.0,0.36,0.0
2026-03-08T15:00,8.0,2.7,0.0,0.85,0.0
2026-03-08T16:00,6.8,1.9,0.0,0.95,0.0
2026-03-08T17:00,5.5,0.4,0.0,1.1,0.0
2026-03-08T18:00,5.7,-1.0,0.0,0.56,0.0
2026-03-08T19:00,4.9,-2.4,0.0,1.05,0.0
2026-03-08T20:00,4.2,-3.5,0.0,1.2,0.0
2026-03-08T21:00,3.7,-4.9,0.0,1.45,0.0
2026-03-08T22:00,3.2,-6.3,0.0,1.3,0.0
2026-03-08T23:00,2.6,-8.0,0.0,1.45,0.0
2026-03-09T00:00,1.7,-8.4,0.0,0.8,0.0
2026-03-09T01:00,1.3,-9.6,0.0,1.6,0.0
2026-03-09T02:00,3.5,-9.7,0.0,1.61,2791.02
2026-03-09T03:00,12.1,-6.6,0.0,1.25,3600.0
2026-03-09T04:00,17.9,-6.7,0.0,0.21,3600.0
2026-03-09T05:00,20.0,-6.2,0.0,0.51,3600.0
2026-03-09T06:00,20.4,-0.5,0.0,1.72,3600.0
2026-03-09T07:00,21.3,-2.2,0.0,1.98,3600.0
2026-03-09T08:00,21.1,-2.0,0.0,2.05,3600.0
2026-03-09T09:00,19.7,1.3,0.0,1.9,3600.0
2026-03-09T10:00,19.2,2.8,0.0,1.85,3600.0
2026-03-09T11:00,16.6,6.9,1.5,1.25,3600.0
2026-03-09T12:00,14.1,5.4,2.5,0.05,3600.0
2026-03-09T13:00,9.1,5.2,2.7,1.84,3049.7
2026-03-09T14:00,7.5,4.7,0.8,1.8,0.0
2026-03-09T15:00,7.6,5.2,0.5,1.26,0.0
2026-03-09T16:00,7.7,3.3,0.2,1.39,0.0
2026-03-09T17:00,7.3,2.0,0.0,1.53,0.0
2026-03-09T18:00,8.4,2.7,0.0,0.68,0.0
2026-03-09T19:00,8.6,3.7,0.1,1.87,0.0
2026-03-09T20:00,9.2,4.7,0.1,1.73,0.0
2026-03-09T21:00,9.4,4.5,0.0,1.66,0.0
2026-03-09T22:00,9.0,2.8,0.1,1.52,0.0
2026-03-09T23:00,9.6,3.5,0.4,1.55,0.0
2026-03-10T00:00,9.1,3.0,0.0,0.72,0.0
2026-03-10T01:00,7.3,1.3,0.0,1.42,0.0
2026-03-10T02:00,9.3,2.7,0.0,1.66,208.31
2026-03-10T03:00,14.4,3.3,0.0,0.98,3600.0
2026-03-10T04:00,16.5,0.8,0.0,1.06,3600.0
2026-03-10T05:00,18.4,0.9,0.0,0.21,3600.0
2026-03-10T06:00,18.8,2.7,0.0,1.05,3600.0
2026-03-10T07:00,19.4,-0.9,0.0,1.46,3600.0
2026-03-10T08:00,19.3,-0.7,0.0,1.75,3600.0
2026-03-10T09:00,18.6,-0.2,0.0,1.76,3600.0
2026-03-10T10:00,18.3,1.4,0.0,1.62,3600.0
2026-03-10T11:00,16.9,2.7,0.0,1.49,3600.0
2026-03-10T12:00,14.7,3.9,0.0,0.25,3155.54
2026-03-10T13:00,12.8,1.5,0.3,0.18,1190.02
2026-03-10T14:00,10.7,2.1,0.0,0.67,0.0
2026-03-10T15:00,9.2,3.0,0.0,1.72,0.0
2026-03-10T16:00,8.9,4.6,0.1,1.71,0.0
2026-03-10T17:00,9.1,4.0,0.0,1.14,0.0
2026-03-10T18:00,9.0,4.6,0.0,0.72,0.0
2026-03-10T19:00,9.3,4.0,0.0,0.82,0.0
2026-03-10T20:00,9.4,3.5,0.0,0.58,0.0
2026-03-10T21:00,9.8,3.2,0.0,0.7,0.0
2026-03-10T22:00,9.8,2.4,0.0,0.83,0.0
2026-03-10T23:00,9.6,1.4,0.0,0.69,0.0
2026-03-11T00:00,9.9,1.0,0.0,0.69,0.0
2026-03-11T01:00,9.8,-0.4,0.0,0.38,0.0
2026-03-11T02:00,10.0,-0.5,0.0,0.22,1536.15
2026-03-11T03:00,14.7,0.8,0.0,0.18,3600.0
2026-03-11T04:00,17.3,-0.0,0.0,1.4,3600.0
2026-03-11T05:00,17.4,-0.1,0.0,1.75,388.62
2026-03-11T06:00,17.9,1.0,0.0,1.85,1596.91
2026-03-11T07:00,18.7,0.8,0.0,1.87,3600.0
2026-03-11T08:00,18.4,1.6,0.0,1.78,3600.0
2026-03-11T09:00,17.3,2.0,0.0,1.82,3224.89
2026-03-11T10:00,15.9,3.7,0.1,0.55,0.0
2026-03-11T11:00,13.4,6.0,1.9,0.38,0.0
2026-03-11T12:00,13.9,4.1,1.2,0.4,0.0
2026-03-11T13:00,10.8,6.0,0.5,0.65,0.0
2026-03-11T14:00,10.1,6.9,0.6,0.29,0.0
2026-03-11T15:00,10.0,6.5,0.6,0.36,0.0
2026-03-11T16:00,9.6,5.8,0.2,0.38,0.0
2026-03-11T17:00,9.9,5.1,0.0,0.07,0.0
2026-03-11T18:00,10.8,4.8,0.4,0.43,0.0
2026-03-11T19:00,10.6,4.7,0.0,0.29,0.0
2026-03-11T20:00,10.2,5.8,1.1,0.21,0.0
2026-03-11T21:00,10.2,6.3,0.5,0.35,0.0
2026-03-11T22:00,10.1,5.9,0.1,0.49,0.0
2026-03-11T23:00,10.3,5.8,0.0,0.71,0.0
2026-03-12T00:00,10.4,7.3,0.1,0.3,0.0
2026-03-12T01:00,8.9,7.6,3.3,0.14,0.0
2026-03-12T02:00,9.7,7.7,0.5,0.71,0.0
2026-03-12T03:00,10.6,7.5,0.2,0.87,0.0
2026-03-12T04:00,12.1,7.3,0.0,1.2,0.0
2026-03-12T05:00,11.7,7.5,0.5,1.15,0.0
2026-03-12T06:00,10.4,7.3,1.0,1.87,0.0
2026-03-12T07:00,11.0,6.2,0.9,1.93,0.0
2026-03-12T08:00,12.4,5.5,0.1,1.52,0.0
2026-03-12T09:00,12.9,4.9,0.9,1.72,3600.0
2026-03-12T10:00,12.3,6.4,0.9,1.47,3600.0
2026-03-12T11:00,12.9,5.3,0.5,1.35,3600.0
2026-03-12T12:00,11.3,5.9,0.1,1.01,3600.0
2026-03-12T13:00,9.5,4.8,0.0,0.6,3181.2
2026-03-12T14:00,9.0,4.8,0.0,0.43,0.0
2026-03-12T15:00,8.4,4.6,0.0,0.36,0.0
2026-03-12T16:00,7.4,3.0,0.0,0.36,0.0
2026-03-12T17:00,6.5,0.1,1.0,0.53,0.0
2026-03-12T18:00,6.8,1.2,0.4,0.67,0.0
2026-03-12T19:00,6.7,-0.8,0.6,0.16,0.0
2026-03-12T20:00,6.1,1.0,1.0,0.35,0.0
2026-03-12T21:00,5.6,-1.7,0.8,0.49,0.0
2026-03-12T22:00,4.0,-1.5,0.4,1.25,0.0
2026-03-12T23:00,3.5,-1.5,0.7,1.61,0.0
2026-03-13T00:00,5.4,0.3,1.0,1.07,0.0
2026-03-13T01:00,2.7,-1.6,2.6,1.34,0.0
2026-03-13T02:00,2.8,-7.4,2.3,1.64,3095.79
2026-03-13T03:00,9.8,1.0,1.2,0.85,3600.0
2026-03-13T04:00,14.7,0.4,1.2,0.21,3600.0
2026-03-13T05:00,15.8,-2.1,0.6,1.25,3600.0
2026-03-13T06:00,16.2,-3.5,0.6,2.49,3600.0
2026-03-13T07:00,17.0,-5.4,0.1,1.64,3600.0
2026-03-13T08:00,16.9,-5.3,0.1,1.3,3600.0
2026-03-13T09:00,16.5,-4.4,0.2,1.35,3600.0
2026-03-13T10:00,15.5,-2.3,0.3,1.56,3600.0
2026-03-13T11:00,15.1,-0.1,0.0,1.05,3600.0
2026-03-13T12:00,13.2,1.1,0.0,0.38,3600.0
2026-03-13T13:00,10.2,2.9,0.9,0.38,1937.77
2026-03-13T14:00,7.8,3.1,1.2,1.28,0.0
2026-03-13T15:00,7.4,2.6,0.3,0.64,0.0
2026-03-13T16:00,6.1,3.6,1.5,0.89,0.0
2026-03-13T17:00,5.3,3.0,2.0,1.21,0.0
2026-03-13T18:00,5.3,1.1,1.1,1.09,0.0
2026-03-13T19:00,5.1,1.4,0.0,1.77,0.0
2026-03-13T20:00,4.6,-0.5,0.0,1.54,0.0
2026-03-13T21:00,4.5,-0.2,0.0,2.0,0.0
2026-03-13T22:00,4.9,-1.9,0.0,1.23,0.0
2026-03-13T23:00,4.8,-3.7,0.0,1.11,0.0
2026-03-14T00:00,4.3,-4.6,0.0,0.76,0.0
2026-03-14T01:00,3.4,-6.2,0.0,1.32,0.0
2026-03-14T02:00,5.3,-7.0,0.0,1.42,323.89
2026-03-14T03:00,11.8,-6.2,0.0,1.03,2849.14
2026-03-14T04:00,15.0,-6.7,0.0,1.31,3600.0
2026-03-14T05:00,16.4,-5.9,0.0,0.78,3600.0
2026-03-14T06:00,16.7,-3.6,0.0,1.82,3600.0
2026-03-14T07:00,17.2,-5.2,0.0,1.59,3600.0
2026-03-14T08:00,17.3,-5.1,0.0,1.76,3600.0
2026-03-14T09:00,16.6,-3.7,0.0,2.24,3600.0
2026-03-14T10:00,14.9,-1.6,0.0,1.61,3600.0
2026-03-14T11:00,13.0,1.2,0.1,0.56,1551.25
2026-03-14T12:00,12.3,0.9,0.7,0.36,0.0
2026-03-14T13:00,8.3,4.2,0.6,1.41,0.0
2026-03-14T14:00,7.0,4.7,1.5,1.42,0.0
2026-03-14T15:00,7.2,4.1,0.4,1.31,0.0
2026-03-14T16:00,7.8,4.1,0.0,1.01,0.0
2026-03-14T17:00,7.4,3.8,0.0,1.12,0.0
2026-03-14T18:00,8.8,3.3,0.0,0.78,0.0
2026-03-14T19:00,9.1,1.1,0.0,1.0,0.0
2026-03-14T20:00,8.5,0.6,0.0,0.86,0.0
2026-03-14T21:00,7.3,1.2,0.0,0.92,0.0
2026-03-14T22:00,6.4,1.2,0.0,1.41,0.0
2026-03-14T23:00,6.6,0.1,0.0,1.15,0.0
2026-03-15T00:00,4.7,-1.3,0.0,0.98,0.0
2026-03-15T01:00,4.3,-2.5,0.0,0.97,0.0
2026-03-15T02:00,5.6,-2.8,0.0,1.38,3250.38
2026-03-15T03:00,8.2,-2.4,0.0,1.27,0.0
2026-03-15T04:00,10.6,0.2,0.1,1.64,0.0
2026-03-15T05:00,12.6,0.0,0.0,0.85,3600.0
2026-03-15T06:00,12.9,-0.6,0.0,1.97,1993.0
2026-03-15T07:00,11.1,0.8,0.0,1.31,0.0
2026-03-15T08:00,9.9,2.6,0.2,0.54,0.0
2026-03-15T09:00,8.4,3.6,1.9,1.12,0.0
2026-03-15T10:00,7.2,4.8,4.2,0.59,0.0
2026-03-15T11:00,6.5,6.3,3.7,0.97,0.0
2026-03-15T12:00,6.5,6.5,1.6,1.08,0.0
2026-03-15T13:00,6.1,6.1,6.0,0.99,0.0
2026-03-15T14:00,5.8,5.8,2.3,0.81,0.0
2026-03-15T15:00,5.8,5.1,1.0,0.76,0.0
2026-03-15T16:00,6.0,4.9,0.1,0.96,0.0
2026-03-15T17:00,5.9,4.7,0.6,0.91,0.0
2026-03-15T18:00,5.4,5.0,0.6,0.92,0.0
2026-03-15T19:00,5.2,5.1,4.0,1.19,0.0
2026-03-15T20:00,5.4,5.3,4.0,1.59,0.0
2026-03-15T21:00,5.1,4.7,0.2,1.32,0.0
2026-03-15T22:00,4.8,3.5,0.0,1.09,0.0
2026-03-15T23:00,3.5,2.2,0.4,0.43,0.0
2026-03-16T00:00,1.8,0.1,0.4,0.42,0.0
2026-03-16T01:00,2.4,-0.6,0.2,0.61,0.0
2026-03-16T02:00,2.8,-1.3,0.3,0.68,244.73
2026-03-16T03:00,5.6,-0.0,0.5,0.49,0.0
2026-03-16T04:00,6.6,1.5,1.3,0.47,0.0
2026-03-16T05:00,8.6,-0.5,0.9,1.35,2379.04
2026-03-16T06:00,6.6,0.0,0.1,1.81,3600.0
2026-03-16T07:00,6.8,-0.9,0.4,1.08,0.0
2026-03-16T08:00,6.3,-0.1,2.8,1.32,0.0
2026-03-16T09:00,7.1,1.0,2.4,1.63,0.0
2026-03-16T10:00,6.4,2.1,1.4,0.68,0.0
2026-03-16T11:00,6.2,2.7,1.7,1.24,0.0
2026-03-16T12:00,5.3,3.9,1.4,1.38,0.0
2026-03-16T13:00,4.8,3.3,0.5,0.49,231.65
2026-03-16T14:00,3.7,2.1,0.2,0.4,0.0
2026-03-16T15:00,2.3,0.4,3.9,0.36,0.0
2026-03-16T16:00,0.8,-1.0,0.8,0.18,0.0
2026-03-16T17:00,0.5,-2.7,0.1,0.25,0.0
2026-03-16T18:00,1.7,-3.4,0.1,0.47,0.0
2026-03-16T19:00,1.4,-4.7,0.1,0.65,0.0
2026-03-16T20:00,-0.1,-6.6,0.6,1.11,0.0
2026-03-16T21:00,-0.8,-6.6,0.0,1.18,0.0
2026-03-16T22:00,-2.1,-7.4,0.0,1.13,0.0
2026-03-16T23:00,-3.9,-9.5,0.0,1.02,0.0
2026-03-17T00:00,-2.8,-8.3,0.0,0.76,0.0
2026-03-17T01:00,-3.7,-10.9,0.0,0.95,0.0
2026-03-17T02:00,-0.8,-11.2,0.0,1.21,0.0
2026-03-17T03:00,5.9,-9.7,0.0,0.56,707.31
2026-03-17T04:00,10.8,-10.5,0.0,0.1,1068.83
2026-03-17T05:00,12.1,-8.0,0.0,1.19,2076.99
2026-03-17T06:00,12.2,-5.0,0.0,2.2,3600.0
2026-03-17T07:00,12.9,-5.8,0.0,2.08,3600.0
2026-03-17T08:00,12.6,-4.4,0.0,1.6,3075.1
2026-03-17T09:00,12.8,-3.3,0.0,1.41,3600.0
2026-03-17T10:00,12.6,-2.0,0.0,1.47,3600.0
2026-03-17T11:00,11.9,-1.0,0.0,1.33,3600.0
2026-03-17T12:00,10.7,0.0,0.0,0.82,1292.89
2026-03-17T13:00,8.7,-2.0,0.0,1.01,2389.42
2026-03-17T14:00,6.8,-2.0,0.0,0.3,0.0
2026-03-17T15:00,5.5,-1.4,0.0,0.34,0.0
2026-03-17T16:00,3.8,-1.0,0.0,0.71,0.0
2026-03-17T17:00,3.3,-1.0,0.0,0.91,0.0
2026-03-17T18:00,3.7,-1.7,0.0,0.78,0.0
2026-03-17T19:00,3.8,-2.3,0.0,0.98,0.0
2026-03-17T20:00,3.9,-2.9,0.0,0.81,0.0
2026-03-17T21:00,5.0,-3.1,0.0,0.8,0.0
2026-03-17T22:00,5.5,-2.9,0.0,0.56,0.0
2026-03-17T23:00,5.2,-2.4,0.0,0.76,0.0
2026-03-18T00:00,5.7,-0.9,0.0,0.4,0.0
2026-03-18T01:00,5.2,0.0,0.2,0.91,0.0
2026-03-18T02:00,5.7,1.1,0.3,1.14,0.0
2026-03-18T03:00,7.2,2.0,0.4,1.04,0.0
2026-03-18T04:00,9.5,3.3,0.3,1.47,0.0
2026-03-18T05:00,11.5,1.4,0.2,1.5,102.87
2026-03-18T06:00,11.8,1.0,0.0,1.06,0.0
2026-03-18T07:00,12.7,-0.2,0.0,1.67,1349.62
2026-03-18T08:00,10.6,1.7,0.2,0.68,0.0
2026-03-18T09:00,9.5,4.1,0.9,0.46,0.0
2026-03-18T10:00,9.2,4.9,0.6,0.21,0.0
2026-03-18T11:00,8.9,5.4,0.6,0.71,0.0
2026-03-18T12:00,8.1,6.1,0.9,0.79,0.0
2026-03-18T13:00,6.7,5.6,1.4,1.49,0.0
2026-03-18T14:00,6.5,5.4,1.7,0.92,0.0
2026-03-18T15:00,6.4,5.6,2.1,0.56,0.0
2026-03-18T16:00,6.6,6.0,2.7,0.14,0.0
2026-03-18T17:00,6.8,6.3,2.1,0.05,0.0
2026-03-18T18:00,7.2,6.8,1.9,0.1,0.0
2026-03-18T19:00,7.2,6.9,1.9,0.05,0.0
2026-03-18T20:00,6.8,6.6,1.9,0.5,0.0
2026-03-18T21:00,6.7,6.3,2.2,0.35,0.0
2026-03-18T22:00,6.5,6.4,2.0,0.1,0.0
2026-03-18T23:00,6.7,6.4,1.7,0.14,0.0
2026-03-19T00:00,7.2,6.2,1.4,0.29,0.0
2026-03-19T01:00,7.5,6.3,1.6,0.21,0.0
2026-03-19T02:00,8.2,6.1,0.5,0.46,0.0
2026-03-19T03:00,9.8,6.6,1.1,0.75,1850.43
2026-03-19T04:00,11.6,6.2,0.0,1.05,2308.57
2026-03-19T05:00,12.4,4.7,0.0,1.38,3105.91
2026-03-19T06:00,10.2,5.2,0.1,0.67,364.46
2026-03-19T07:00,11.5,4.7,0.3,1.0,289.95
2026-03-19T08:00,9.5,5.3,2.9,0.96,0.0
2026-03-19T09:00,9.2,6.1,1.4,0.43,0.0
2026-03-19T10:00,8.4,6.6,2.0,0.47,0.0
2026-03-19T11:00,8.2,6.8,2.0,0.07,0.0
2026-03-19T12:00,7.3,6.5,1.7,0.45,0.0
2026-03-19T13:00,6.7,6.2,3.1,0.93,0.0
2026-03-19T14:00,6.6,6.0,3.0,0.95,0.0
2026-03-19T15:00,7.1,6.1,2.9,1.1,0.0
2026-03-19T16:00,6.9,6.2,3.1,0.59,0.0
2026-03-19T17:00,6.9,6.5,2.8,0.16,0.0
2026-03-19T18:00,7.1,6.7,2.9,0.28,0.0
2026-03-19T19:00,7.2,6.5,3.5,0.27,0.0
2026-03-19T20:00,7.1,6.3,3.6,0.21,0.0
2026-03-19T21:00,6.9,6.2,2.2,0.74,0.0
2026-03-19T22:00,6.5,6.0,2.1,0.74,0.0
2026-03-19T23:00,6.3,6.0,2.1,0.7,0.0
2026-03-20T00:00,6.2,6.2,3.3,0.3,0.0
2026-03-20T01:00,6.2,6.2,4.3,0.22,0.0
2026-03-20T02:00,6.3,6.3,3.0,0.46,0.0
2026-03-20T03:00,7.2,6.5,2.0,0.57,0.0
2026-03-20T04:00,7.5,6.1,2.1,0.56,0.0
2026-03-20T05:00,8.0,6.0,1.1,0.51,0.0
2026-03-20T06:00,7.9,5.4,1.0,1.42,0.0
2026-03-20T07:00,7.6,5.7,1.9,0.14,0.0
2026-03-20T08:00,7.3,6.1,3.0,0.41,0.0
2026-03-20T09:00,7.0,6.2,3.7,0.98,0.0
2026-03-20T10:00,7.1,6.2,3.6,1.07,0.0
2026-03-20T11:00,6.9,6.1,2.7,1.07,0.0
2026-03-20T12:00,5.8,5.8,1.5,1.11,0.0
2026-03-20T13:00,5.8,5.7,1.3,0.61,0.0
2026-03-20T14:00,5.7,5.5,0.6,0.32,0.0
2026-03-20T15:00,5.7,5.0,1.2,0.68,0.0
2026-03-20T16:00,5.5,4.1,1.8,0.74,0.0
2026-03-20T17:00,5.5,4.0,1.1,0.42,0.0
2026-03-20T18:00,5.9,4.9,1.2,0.18,0.0
2026-03-20T19:00,5.9,5.0,0.1,0.34,0.0
2026-03-20T20:00,6.2,4.7,0.1,0.05,0.0
2026-03-20T21:00,5.7,4.0,1.2,0.86,0.0
2026-03-20T22:00,5.1,4.2,0.5,0.61,0.0
2026-03-20T23:00,5.4,4.1,1.0,0.29,0.0
2026-03-21T00:00,3.5,0.7,0.6,0.18,0.0
2026-03-21T01:00,3.5,0.2,0.0,0.16,0.0
2026-03-21T02:00,5.3,1.2,0.0,0.34,3600.0
2026-03-21T03:00,8.2,3.3,0.0,0.76,3600.0
2026-03-21T04:00,9.7,3.3,0.0,0.83,3600.0
2026-03-21T05:00,11.0,3.0,0.0,0.65,3600.0
2026-03-21T06:00,12.4,1.1,0.0,1.78,3600.0
2026-03-21T07:00,13.7,-0.4,0.0,1.46,3600.0
2026-03-21T08:00,14.2,-0.8,0.0,1.28,3600.0
2026-03-21T09:00,14.6,-1.4,0.0,1.64,3600.0
2026-03-21T10:00,14.3,-0.4,0.0,1.9,3600.0
2026-03-21T11:00,13.1,2.6,0.0,1.93,3600.0
2026-03-21T12:00,11.3,4.5,0.0,1.2,3600.0
2026-03-21T13:00,9.0,5.6,0.0,1.2,395.0
2026-03-21T14:00,8.4,5.6,0.0,0.76,0.0
2026-03-21T15:00,8.4,5.5,0.0,0.25,0.0
2026-03-21T16:00,7.5,4.6,0.0,0.11,0.0
2026-03-21T17:00,6.7,3.9,0.0,0.07,0.0
2026-03-21T18:00,7.2,2.7,0.0,0.18,0.0
2026-03-21T19:00,5.9,2.0,0.0,0.16,0.0
2026-03-21T20:00,4.5,0.9,0.3,0.81,0.0
2026-03-21T21:00,4.1,-1.4,1.9,0.85,0.0
2026-03-21T22:00,3.1,-0.7,2.2,0.85,0.0
2026-03-21T23:00,2.8,-1.9,0.1,0.65,0.0
2026-03-22T00:00,1.7,-5.6,0.0,0.32,0.0
2026-03-22T01:00,0.4,-7.1,0.0,0.45,0.0
2026-03-22T02:00,2.2,-7.0,0.0,0.7,3600.0
2026-03-22T03:00,9.4,-4.4,0.0,0.29,3600.0
2026-03-22T04:00,12.4,-4.7,0.0,0.53,3600.0
2026-03-22T05:00,14.5,-3.4,0.0,0.95,3600.0
2026-03-22T06:00,15.2,0.1,0.0,1.52,3600.0
2026-03-22T07:00,16.1,0.8,0.0,1.93,3600.0
2026-03-22T08:00,16.3,1.8,0.0,1.87,3600.0
2026-03-22T09:00,16.0,1.6,0.0,1.75,3600.0
2026-03-22T10:00,15.4,2.3,0.1,1.61,3600.0
2026-03-22T11:00,14.0,3.8,0.2,1.68,3600.0
2026-03-22T12:00,12.4,5.2,0.0,0.76,3600.0
2026-03-22T13:00,9.6,4.7,0.0,0.93,3600.0
2026-03-22T14:00,8.4,4.3,0.0,0.4,0.0
2026-03-22T15:00,8.0,4.4,0.0,0.18,0.0
2026-03-22T16:00,6.7,3.6,0.0,0.25,0.0
2026-03-22T17:00,6.3,2.6,0.0,0.35,0.0
2026-03-22T18:00,8.5,3.2,0.0,0.21,0.0
2026-03-22T19:00,8.1,2.3,0.0,0.18,0.0
2026-03-22T20:00,7.6,1.4,0.7,0.58,0.0
2026-03-22T21:00,6.8,3.4,1.6,0.51,0.0
2026-03-22T22:00,6.8,3.1,0.2,0.11,0.0
2026-03-22T23:00,6.5,2.1,2.1,0.14,0.0
2026-03-23T00:00,6.0,1.8,1.7,0.68,0.0
2026-03-23T01:00,5.7,1.0,0.6,0.75,0.0
2026-03-23T02:00,6.8,1.6,0.0,0.7,3600.0
2026-03-23T03:00,11.3,0.5,0.0,1.35,3600.0
2026-03-23T04:00,12.6,1.9,0.6,0.81,3600.0
2026-03-23T05:00,14.5,0.6,0.0,0.99,3600.0
2026-03-23T06:00,14.9,2.2,0.0,1.47,3600.0
2026-03-23T07:00,15.2,1.8,0.0,1.84,3600.0
2026-03-23T08:00,13.0,4.7,1.0,1.37,3600.0
2026-03-23T09:00,13.3,4.8,0.1,1.51,3600.0
2026-03-23T10:00,11.3,5.8,0.2,1.12,3600.0
2026-03-23T11:00,11.4,6.1,0.2,1.81,3600.0
2026-03-23T12:00,9.8,6.3,1.8,1.55,1968.03
2026-03-23T13:00,7.9,6.5,0.3,0.99,54.87
2026-03-23T14:00,7.9,6.0,0.2,0.95,0.0
2026-03-23T15:00,7.3,5.2,0.2,0.52,0.0
2026-03-23T16:00,7.2,4.7,0.0,0.56,0.0
2026-03-23T17:00,7.7,4.3,0.0,0.3,0.0
2026-03-23T18:00,6.8,4.1,0.2,0.18,0.0
2026-03-23T19:00,5.8,3.2,0.2,0.45,0.0
2026-03-23T20:00,5.4,3.4,0.7,0.36,0.0
2026-03-23T21:00,5.0,3.8,2.1,0.35,0.0
2026-03-23T22:00,5.1,4.3,3.9,0.32,0.0
2026-03-23T23:00,5.1,4.7,5.4,0.36,0.0
2026-03-24T00:00,4.5,2.2,5.9,0.41,0.0
2026-03-24T01:00,4.2,2.0,2.3,0.38,0.0
2026-03-24T02:00,5.4,1.6,4.1,0.9,3600.0
2026-03-24T03:00,10.1,3.8,3.0,0.43,3600.0
2026-03-24T04:00,13.0,2.5,1.2,1.2,3600.0
2026-03-24T05:00,14.9,-0.3,0.0,1.98,3600.0
2026-03-24T06:00,14.0,2.6,1.2,2.45,3600.0
2026-03-24T07:00,14.8,0.4,1.2,2.1,3600.0
2026-03-24T08:00,14.6,1.0,0.0,2.25,3600.0
2026-03-24T09:00,14.0,1.9,0.0,2.48,3600.0
2026-03-24T10:00,12.3,3.0,0.5,1.36,3600.0
2026-03-24T11:00,12.3,3.3,0.1,0.76,3600.0
2026-03-24T12:00,11.0,4.9,0.0,1.12,3600.0
2026-03-24T13:00,7.9,3.4,0.0,0.68,3600.0
2026-03-24T14:00,6.5,2.5,0.0,0.18,0.0
2026-03-24T15:00,4.5,1.4,0.0,0.25,0.0
2026-03-24T16:00,2.9,-0.6,0.0,0.66,0.0
2026-03-24T17:00,2.5,-2.9,0.0,1.01,0.0
2026-03-24T18:00,5.0,-3.0,0.0,0.3,0.0
2026-03-24T19:00,3.2,-5.8,0.0,0.6,0.0
2026-03-24T20:00,1.0,-8.6,0.0,0.6,0.0
2026-03-24T21:00,-0.3,-10.8,0.0,0.8,0.0
2026-03-24T22:00,-0.8,-12.9,0.0,0.8,0.0
2026-03-24T23:00,-1.4,-14.6,0.0,0.7,0.0
2026-03-25T00:00,-1.0,-15.0,0.0,0.2,0.0
2026-03-25T01:00,-1.7,-16.4,0.0,0.55,0.0
2026-03-25T02:00,0.9,-16.1,0.0,0.81,3600.0
2026-03-25T03:00,9.5,-9.9,0.0,0.32,3600.0
2026-03-25T04:00,14.7,-9.9,0.0,0.91,3600.0
2026-03-25T05:00,16.4,-7.0,0.0,1.51,3600.0
2026-03-25T06:00,16.9,-3.2,0.0,2.05,3600.0
2026-03-25T07:00,18.1,-4.7,0.0,2.15,3600.0
2026-03-25T08:00,17.9,-2.3,0.0,2.15,3600.0
2026-03-25T09:00,17.5,-1.0,0.0,2.11,3600.0
2026-03-25T10:00,16.4,0.8,0.0,1.86,3600.0
2026-03-25T11:00,14.7,3.6,0.0,1.46,3600.0
2026-03-25T12:00,13.3,5.0,0.0,0.36,3600.0
2026-03-25T13:00,11.1,4.6,0.0,0.56,0.0
2026-03-25T14:00,9.8,4.6,0.0,0.52,0.0
2026-03-25T15:00,9.4,4.9,0.0,0.32,0.0
2026-03-25T16:00,9.5,4.9,0.0,0.52,0.0
2026-03-25T17:00,9.7,4.6,0.0,0.65,0.0
2026-03-25T18:00,9.7,3.5,0.0,0.62,0.0
2026-03-25T19:00,9.9,2.0,0.0,0.25,0.0
2026-03-25T20:00,9.4,1.7,0.0,0.16,0.0
2026-03-25T21:00,9.1,1.5,0.0,0.3,0.0
2026-03-25T22:00,8.8,1.5,0.0,0.3,0.0
2026-03-25T23:00,8.5,1.6,0.1,0.45,0.0
2026-03-26T00:00,8.2,2.6,0.0,0.45,0.0
2026-03-26T01:00,7.6,1.7,0.0,0.3,0.0
2026-03-26T02:00,8.7,1.5,0.0,0.7,3600.0
2026-03-26T03:00,13.4,1.8,0.0,0.05,3600.0
2026-03-26T04:00,14.5,1.4,0.0,0.94,3600.0
2026-03-26T05:00,15.3,1.9,0.0,1.1,3600.0
2026-03-26T06:00,16.2,2.4,0.0,1.65,3600.0
2026-03-26T07:00,16.5,1.2,0.0,1.46,3600.0
2026-03-26T08:00,16.0,2.4,0.0,1.4,3600.0
2026-03-26T09:00,15.8,3.5,0.1,1.15,3600.0
2026-03-26T10:00,14.9,4.4,0.0,1.52,3600.0
2026-03-26T11:00,13.3,5.8,0.0,0.98,3275.04
2026-03-26T12:00,11.7,8.0,0.0,0.35,1791.47
2026-03-26T13:00,9.8,6.9,0.0,0.35,186.25
2026-03-26T14:00,8.8,5.9,0.0,0.52,0.0
2026-03-26T15:00,8.6,5.3,0.0,0.86,0.0
2026-03-26T16:00,8.6,5.4,0.8,1.05,0.0
2026-03-26T17:00,8.7,5.2,0.3,0.55,0.0
2026-03-26T18:00,8.2,4.7,0.0,0.25,0.0
2026-03-26T19:00,8.4,4.5,0.0,0.54,0.0
2026-03-26T20:00,7.5,3.9,0.0,0.8,0.0
2026-03-26T21:00,7.1,2.9,0.0,1.05,0.0
2026-03-26T22:00,6.0,1.6,0.0,1.17,0.0
2026-03-26T23:00,5.8,0.2,0.0,1.2,0.0
2026-03-27T00:00,5.9,0.5,0.0,0.45,0.0
2026-03-27T01:00,5.9,-0.1,0.0,1.1,0.0
2026-03-27T02:00,8.6,0.9,0.0,1.18,3600.0
2026-03-27T03:00,12.8,1.3,0.0,0.57,3600.0
2026-03-27T04:00,14.5,1.0,0.0,0.46,3600.0
2026-03-27T05:00,15.6,0.4,0.0,0.3,3600.0
2026-03-27T06:00,14.4,3.4,0.0,0.76,3600.0
2026-03-27T07:00,15.3,1.6,0.0,1.15,3600.0
2026-03-27T08:00,15.7,2.3,0.0,1.36,3600.0
2026-03-27T09:00,15.6,5.0,0.0,1.74,3600.0
2026-03-27T10:00,14.5,7.7,0.0,1.49,3600.0
2026-03-27T11:00,14.3,8.5,0.1,1.44,3600.0
2026-03-27T12:00,12.4,8.6,0.1,0.87,3600.0
2026-03-27T13:00,9.3,6.7,1.0,0.49,3600.0
2026-03-27T14:00,7.7,6.3,1.5,0.3,0.0
2026-03-27T15:00,6.8,5.8,1.2,0.1,0.0
2026-03-27T16:00,6.7,4.9,0.3,0.21,0.0
2026-03-27T17:00,6.3,3.8,0.0,0.25,0.0
2026-03-27T18:00,7.1,4.4,0.0,0.22,0.0
2026-03-27T19:00,5.3,2.8,0.0,0.25,0.0
2026-03-27T20:00,2.9,0.4,0.0,0.86,0.0
2026-03-27T21:00,2.1,-1.8,0.0,0.81,0.0
2026-03-27T22:00,1.7,-3.8,0.0,0.55,0.0
2026-03-27T23:00,1.1,-5.6,0.0,0.96,0.0
2026-03-28T00:00,2.4,-6.6,0.0,0.3,0.0
2026-03-28T01:00,1.5,-7.9,0.0,0.55,0.0
2026-03-28T02:00,4.2,-6.9,0.0,0.75,3600.0
2026-03-28T03:00,12.8,-2.5,0.0,0.11,3600.0
2026-03-28T04:00,15.0,-4.3,0.0,0.51,3600.0
2026-03-28T05:00,16.8,-2.9,0.0,1.19,3600.0
2026-03-28T06:00,17.1,0.6,0.0,1.53,3600.0
2026-03-28T07:00,18.3,-0.7,0.0,1.6,3600.0
2026-03-28T08:00,18.1,0.5,0.0,1.61,3600.0
2026-03-28T09:00,17.6,4.1,0.0,1.82,3600.0
2026-03-28T10:00,16.1,6.3,0.0,1.7,3600.0
2026-03-28T11:00,14.5,7.6,0.0,0.8,3600.0
2026-03-28T12:00,14.1,8.2,0.0,0.25,3600.0
2026-03-28T13:00,11.7,7.1,0.0,0.32,3600.0
2026-03-28T14:00,11.0,7.0,0.1,0.25,0.0
2026-03-28T15:00,10.3,7.2,1.0,0.4,0.0
2026-03-28T16:00,9.8,6.8,0.8,1.01,0.0
2026-03-28T17:00,8.8,5.5,0.3,1.06,0.0
2026-03-28T18:00,9.8,6.1,0.3,0.27,0.0
2026-03-28T19:00,10.0,5.3,0.0,0.22,0.0
2026-03-28T20:00,9.2,4.1,0.0,0.54,0.0
2026-03-28T21:00,9.9,3.4,0.0,0.79,0.0
2026-03-28T22:00,10.6,3.0,0.0,0.5,0.0
2026-03-28T23:00,10.7,3.2,0.0,0.67,0.0
2026-03-29T00:00,10.5,4.1,0.1,0.25,0.0
2026-03-29T01:00,10.5,4.8,0.2,0.46,0.0
2026-03-29T02:00,10.0,6.0,1.0,0.18,0.0
2026-03-29T03:00,10.9,6.7,0.8,0.51,0.0
2026-03-29T04:00,10.5,6.8,1.5,0.82,0.0
2026-03-29T05:00,9.8,6.7,3.0,0.75,0.0
2026-03-29T06:00,9.8,7.4,5.7,0.59,0.0
2026-03-29T07:00,11.7,7.5,2.0,0.39,0.0
2026-03-29T08:00,13.2,7.9,1.5,0.32,1598.1
2026-03-29T09:00,14.7,7.1,3.7,0.66,3600.0
2026-03-29T10:00,15.1,7.1,1.1,0.8,3600.0
2026-03-29T11:00,15.4,6.6,0.4,0.57,3600.0
2026-03-29T12:00,13.9,8.6,1.3,0.82,3600.0
2026-03-29T13:00,11.4,6.6,1.0,0.07,3600.0
2026-03-29T14:00,10.0,6.2,0.5,0.34,0.0
2026-03-29T15:00,8.8,5.9,0.7,1.33,0.0
2026-03-29T16:00,8.6,5.5,0.8,1.23,0.0
2026-03-29T17:00,8.2,5.0,0.4,1.38,0.0
2026-03-29T18:00,6.7,4.2,0.0,1.07,0.0
2026-03-29T19:00,5.1,3.4,0.0,1.36,0.0
2026-03-29T20:00,4.2,2.6,0.0,1.39,0.0
2026-03-29T21:00,4.1,1.7,0.0,1.39,0.0
2026-03-29T22:00,4.7,1.0,0.0,1.53,0.0
2026-03-29T23:00,4.7,-0.0,0.0,1.58,0.0
2026-03-30T00:00,4.5,-1.9,0.0,0.62,0.0
2026-03-30T01:00,3.7,-2.6,0.0,1.32,0.0
2026-03-30T02:00,6.9,-0.7,0.0,1.51,3600.0
2026-03-30T03:00,13.8,1.1,0.0,0.55,3600.0
2026-03-30T04:00,16.7,-0.3,0.0,0.35,3600.0
2026-03-30T05:00,17.9,-0.4,0.0,0.79,3600.0
2026-03-30T06:00,17.8,2.8,0.0,0.92,3600.0
2026-03-30T07:00,18.1,-0.1,0.0,1.32,2947.15
2026-03-30T08:00,16.6,4.1,0.0,1.95,0.0
2026-03-30T09:00,15.6,5.3,0.0,1.62,280.0
2026-03-30T10:00,14.9,4.2,0.0,0.67,0.0
2026-03-30T11:00,13.3,6.0,0.0,0.78,0.0
2026-03-30T12:00,12.6,6.6,0.1,0.4,0.0
2026-03-30T13:00,10.1,7.0,0.0,0.6,0.0
2026-03-30T14:00,8.7,5.8,0.1,1.18,0.0
2026-03-30T15:00,9.1,5.6,0.5,1.31,0.0
2026-03-30T16:00,8.5,4.4,0.0,1.1,0.0
2026-03-30T17:00,9.0,4.1,0.0,1.01,0.0
2026-03-30T18:00,9.2,6.2,3.1,0.14,0.0
2026-03-30T19:00,8.7,6.1,0.4,0.86,0.0
2026-03-30T20:00,9.2,5.6,0.2,0.32,0.0
2026-03-30T21:00,8.9,5.0,0.1,0.63,0.0
2026-03-30T22:00,7.9,4.2,0.0,0.95,0.0
2026-03-30T23:00,6.3,3.0,0.0,1.47,0.0
2026-03-31T00:00,6.0,3.6,0.0,1.31,0.0
2026-03-31T01:00,4.5,2.7,0.0,1.57,0.0
2026-03-31T02:00,7.2,2.7,0.0,1.58,3600.0
2026-03-31T03:00,13.4,1.4,0.0,0.61,3600.0
2026-03-31T04:00,15.8,-0.1,0.0,0.22,3600.0
2026-03-31T05:00,16.5,0.3,0.4,1.17,3600.0
2026-03-31T06:00,16.4,0.3,0.8,1.79,3600.0
2026-03-31T07:00,16.7,-0.8,0.1,1.61,3600.0
2026-03-31T08:00,15.1,2.6,0.2,1.45,3600.0
2026-03-31T09:00,15.9,0.6,0.1,0.97,3600.0
2026-03-31T10:00,15.6,0.9,0.0,1.42,3600.0
2026-03-31T11:00,14.8,1.9,0.0,0.85,3155.82
2026-03-31T12:00,13.4,4.9,0.0,0.99,3482.31
2026-03-31T13:00,10.4,4.3,0.0,1.13,3600.0
2026-03-31T14:00,9.3,5.0,0.0,0.34,0.0
2026-03-31T15:00,9.2,5.0,0.0,0.39,0.0
2026-03-31T16:00,9.5,4.8,0.0,0.05,0.0
2026-03-31T17:00,8.5,5.3,0.0,1.15,0.0
2026-03-31T18:00,8.2,6.2,0.3,0.25,0.0
2026-03-31T19:00,8.2,6.3,1.3,0.49,0.0
2026-03-31T20:00,7.6,5.8,0.8,0.25,0.0
2026-03-31T21:00,7.4,5.5,1.0,0.59,0.0
2026-03-31T22:00,7.4,5.1,1.1,1.25,0.0
2026-03-31T23:00,7.8,4.6,0.3,1.11,0.0
