data_czas,temperatura_powietrza_C,punkt_rosy_C,opad_mm,wiatr_m_s,naslonecznienie_sekundy
2024-11-01 00:00:00,9.2,6.5,0.0,2.42,0.0
2024-11-01 00:15:00,9.2,6.4,0.0,2.5,0.0
2024-11-01 00:30:00,9.1,6.5,0.0,2.47,0.0
2024-11-01 00:45:00,9.0,6.6,0.0,2.56,0.0
2024-11-01 01:00:00,9.0,6.6,0.0,2.61,0.0
2024-11-01 01:15:00,8.9,6.5,0.0,2.61,0.0
2024-11-01 01:30:00,8.9,6.5,0.0,2.61,0.0
2024-11-01 01:45:00,8.8,6.4,0.0,2.64,0.0
2024-11-01 02:00:00,8.8,6.4,0.0,2.64,0.0
2024-11-01 02:15:00,8.9,6.5,0.0,2.64,0.0
2024-11-01 02:30:00,8.9,6.4,0.0,2.69,0.0
2024-11-01 02:45:00,9.0,6.4,0.0,2.75,0.0
2024-11-01 03:00:00,9.0,6.5,0.0,2.75,0.0
2024-11-01 03:15:00,9.0,6.5,0.0,2.75,0.0
2024-11-01 03:30:00,9.0,6.5,0.0,2.75,0.0
2024-11-01 03:45:00,9.0,6.6,0.0,2.69,0.0
2024-11-01 04:00:00,8.9,6.5,0.0,2.69,0.0
2024-11-01 04:15:00,8.9,6.5,0.0,2.69,0.0
2024-11-01 04:30:00,8.8,6.6,0.0,2.75,0.0
2024-11-01 04:45:00,8.8,6.5,0.0,2.83,0.0
2024-11-01 05:00:00,8.7,6.5,0.0,2.81,0.0
2024-11-01 05:15:00,8.7,6.5,0.0,2.78,0.0
2024-11-01 05:30:00,8.7,6.4,0.0,2.78,0.0
2024-11-01 05:45:00,8.7,6.6,0.0,2.75,0.0
2024-11-01 06:00:00,8.7,6.6,0.0,2.75,0.0
2024-11-01 06:15:00,8.7,6.8,0.0,2.78,0.0
2024-11-01 06:30:00,8.6,6.9,0.0,2.78,0.0
2024-11-01 06:45:00,8.6,7.1,0.0,2.72,0.0
2024-11-01 07:00:00,8.6,7.0,0.0,2.75,0.0
2024-11-01 07:15:00,8.5,7.0,0.0,2.75,0.0
2024-11-01 07:30:00,8.5,6.8,0.0,2.72,0.0
2024-11-01 07:45:00,8.4,6.7,0.0,2.58,0.0
2024-11-01 08:00:00,8.4,6.5,0.0,2.58,0.0
2024-11-01 08:15:00,8.4,6.3,0.0,2.5,0.0
2024-11-01 08:30:00,8.4,6.3,0.0,2.44,132.14
2024-11-01 08:45:00,8.4,6.2,0.0,2.39,686.94
2024-11-01 09:00:00,8.6,6.2,0.0,2.39,900.0
2024-11-01 09:15:00,8.8,6.3,0.0,2.33,900.0
2024-11-01 09:30:00,9.2,6.4,0.0,2.39,900.0
2024-11-01 09:45:00,9.5,6.4,0.0,2.44,900.0
2024-11-01 10:00:00,10.0,6.7,0.0,2.53,900.0
2024-11-01 10:15:00,10.5,7.0,0.0,2.72,900.0
2024-11-01 10:30:00,11.1,7.2,0.0,2.92,900.0
2024-11-01 10:45:00,11.7,7.6,0.0,3.11,900.0
2024-11-01 11:00:00,12.2,7.7,0.0,3.42,900.0
2024-11-01 11:15:00,12.6,7.7,0.0,3.81,900.0
2024-11-01 11:30:00,13.0,7.8,0.0,4.42,900.0
2024-11-01 11:45:00,13.3,7.7,0.0,4.92,900.0
2024-11-01 12:00:00,13.6,7.8,0.0,5.33,900.0
2024-11-01 12:15:00,13.9,7.8,0.0,5.53,900.0
2024-11-01 12:30:00,14.0,7.8,0.0,5.53,900.0
2024-11-01 12:45:00,14.2,7.9,0.0,5.42,900.0
2024-11-01 13:00:00,14.4,7.9,0.0,5.31,900.0
2024-11-01 13:15:00,14.7,8.0,0.0,5.19,900.0
2024-11-01 13:30:00,15.0,8.3,0.0,5.0,900.0
2024-11-01 13:45:00,15.3,8.3,0.0,4.81,900.0
2024-11-01 14:00:00,15.5,8.5,0.0,4.61,900.0
2024-11-01 14:15:00,15.7,8.6,0.0,4.42,900.0
2024-11-01 14:30:00,15.7,8.7,0.0,4.31,900.0
2024-11-01 14:45:00,15.7,8.9,0.0,4.11,900.0
2024-11-01 15:00:00,15.7,8.9,0.0,4.0,900.0
2024-11-01 15:15:00,15.6,9.0,0.0,3.92,900.0
2024-11-01 15:30:00,15.4,8.8,0.0,3.83,900.0
2024-11-01 15:45:00,15.1,8.8,0.0,3.69,900.0
2024-11-01 16:00:00,14.9,8.8,0.0,3.61,900.0
2024-11-01 16:15:00,14.8,8.9,0.0,3.42,900.0
2024-11-01 16:30:00,14.6,8.7,0.0,3.19,900.0
2024-11-01 16:45:00,14.4,8.8,0.0,2.97,811.8
2024-11-01 17:00:00,14.1,8.7,0.0,2.78,234.04
2024-11-01 17:15:00,13.7,8.8,0.0,2.69,60.29
2024-11-01 17:30:00,13.2,8.5,0.0,2.81,0.0
2024-11-01 17:45:00,12.7,8.3,0.0,2.81,0.0
2024-11-01 18:00:00,12.2,8.3,0.0,2.81,0.0
2024-11-01 18:15:00,11.8,8.1,0.0,2.78,0.0
2024-11-01 18:30:00,11.5,7.9,0.0,2.72,0.0
2024-11-01 18:45:00,11.2,7.8,0.0,2.61,0.0
2024-11-01 19:00:00,10.9,7.8,0.0,2.69,0.0
2024-11-01 19:15:00,10.7,7.8,0.0,2.89,0.0
2024-11-01 19:30:00,10.6,7.7,0.0,3.11,0.0
2024-11-01 19:45:00,10.5,7.7,0.0,3.31,0.0
2024-11-01 20:00:00,10.5,7.7,0.0,3.5,0.0
2024-11-01 20:15:00,10.4,7.6,0.0,3.61,0.0
2024-11-01 20:30:00,10.4,7.6,0.0,3.61,0.0
2024-11-01 20:45:00,10.3,7.5,0.0,3.61,0.0
2024-11-01 21:00:00,10.3,7.5,0.0,3.75,0.0
2024-11-01 21:15:00,10.3,7.5,0.0,4.0,0.0
2024-11-01 21:30:00,10.3,7.7,0.0,4.36,0.0
2024-11-01 21:45:00,10.3,7.7,0.0,4.61,0.0
2024-11-01 22:00:00,10.4,7.8,0.0,4.83,0.0
2024-11-01 22:15:00,10.5,7.9,0.0,4.92,0.0
2024-11-01 22:30:00,10.6,8.0,0.0,4.92,0.0
2024-11-01 22:45:00,10.8,8.2,0.0,4.86,0.0
2024-11-01 23:00:00,10.9,8.3,0.0,4.83,0.0
2024-11-01 23:15:00,11.0,8.4,0.0,4.86,0.0
2024-11-01 23:30:00,11.0,8.2,0.0,4.89,0.0
2024-11-01 23:45:00,11.0,8.2,0.0,4.92,0.0
2024-11-02 00:00:00,11.1,8.3,0.0,4.97,0.0
2024-11-02 00:15:00,11.1,8.3,0.0,5.0,0.0
2024-11-02 00:30:00,11.1,8.5,0.0,5.03,0.0
2024-11-02 00:45:00,11.1,8.5,0.0,5.06,0.0
2024-11-02 01:00:00,11.1,8.5,0.0,5.06,0.0
2024-11-02 01:15:00,11.0,8.4,0.0,4.97,0.0
2024-11-02 01:30:00,10.9,8.1,0.0,4.86,0.0
2024-11-02 01:45:00,10.9,8.1,0.0,4.75,0.0
2024-11-02 02:00:00,10.8,8.0,0.0,4.72,0.0
2024-11-02 02:15:00,10.7,8.1,0.0,4.64,0.0
2024-11-02 02:30:00,10.7,8.1,0.0,4.67,0.0
2024-11-02 02:45:00,10.6,8.2,0.0,4.72,0.0
2024-11-02 03:00:00,10.6,8.3,0.0,4.72,0.0
2024-11-02 03:15:00,10.6,8.3,0.0,4.61,0.0
2024-11-02 03:30:00,10.6,8.3,0.0,4.53,0.0
2024-11-02 03:45:00,10.6,8.3,0.0,4.58,0.0
2024-11-02 04:00:00,10.6,8.3,0.0,4.5,0.0
2024-11-02 04:15:00,10.5,8.4,0.0,4.53,0.0
2024-11-02 04:30:00,10.5,8.4,0.0,4.67,0.0
2024-11-02 04:45:00,10.4,8.5,0.0,4.75,0.0
2024-11-02 05:00:00,10.3,8.6,0.0,4.78,0.0
2024-11-02 05:15:00,10.3,8.7,0.0,4.81,0.0
2024-11-02 05:30:00,10.3,8.7,0.0,4.78,0.0
2024-11-02 05:45:00,10.3,8.9,0.0,4.75,0.0
2024-11-02 06:00:00,10.3,8.9,0.0,4.61,0.0
2024-11-02 06:15:00,10.3,9.0,0.0,4.39,0.0
2024-11-02 06:30:00,10.3,9.1,0.0,4.03,0.0
2024-11-02 06:45:00,10.4,9.3,0.0,3.75,0.0
2024-11-02 07:00:00,10.3,9.1,0.0,3.47,0.0
2024-11-02 07:15:00,10.2,8.6,0.1,3.36,0.0
2024-11-02 07:30:00,10.1,8.0,0.0,3.58,0.0
2024-11-02 07:45:00,9.9,7.3,0.0,3.97,0.0
2024-11-02 08:00:00,9.8,6.7,0.0,4.22,0.0
2024-11-02 08:15:00,9.6,6.0,0.0,4.22,0.0
2024-11-02 08:30:00,9.4,5.0,0.0,4.17,0.0
2024-11-02 08:45:00,9.3,4.3,0.0,3.94,0.0
2024-11-02 09:00:00,9.2,3.8,0.0,3.92,0.0
2024-11-02 09:15:00,9.1,3.5,0.0,3.92,0.0
2024-11-02 09:30:00,9.1,3.5,0.0,3.89,0.0
2024-11-02 09:45:00,9.1,3.7,0.0,3.94,900.0
2024-11-02 10:00:00,9.1,3.7,0.0,3.92,900.0
2024-11-02 10:15:00,9.1,3.7,0.0,4.0,900.0
2024-11-02 10:30:00,9.1,3.7,0.0,3.97,900.0
2024-11-02 10:45:00,9.0,3.6,0.0,4.06,900.0
2024-11-02 11:00:00,9.1,3.7,0.0,4.06,900.0
2024-11-02 11:15:00,9.2,3.6,0.0,4.03,900.0
2024-11-02 11:30:00,9.4,3.5,0.0,3.94,900.0
2024-11-02 11:45:00,9.5,3.3,0.0,3.83,900.0
2024-11-02 12:00:00,9.7,3.2,0.0,3.72,900.0
2024-11-02 12:15:00,9.8,3.1,0.0,3.53,900.0
2024-11-02 12:30:00,9.8,2.9,0.0,3.33,900.0
2024-11-02 12:45:00,9.9,2.5,0.0,3.14,900.0
2024-11-02 13:00:00,9.9,2.3,0.0,3.03,900.0
2024-11-02 13:15:00,10.0,1.9,0.0,3.06,900.0
2024-11-02 13:30:00,10.1,1.5,0.0,3.17,900.0
2024-11-02 13:45:00,10.2,1.0,0.0,3.31,900.0
2024-11-02 14:00:00,10.3,0.8,0.0,3.33,900.0
2024-11-02 14:15:00,10.3,0.6,0.0,3.28,900.0
2024-11-02 14:30:00,10.3,0.6,0.0,3.28,900.0
2024-11-02 14:45:00,10.2,0.5,0.0,3.22,900.0
2024-11-02 15:00:00,10.2,0.5,0.0,3.28,900.0
2024-11-02 15:15:00,10.1,0.4,0.0,3.28,900.0
2024-11-02 15:30:00,10.0,0.6,0.0,3.28,900.0
2024-11-02 15:45:00,9.9,0.5,0.0,3.33,900.0
2024-11-02 16:00:00,9.8,0.6,0.0,3.36,900.0
2024-11-02 16:15:00,9.6,0.4,0.0,3.31,900.0
2024-11-02 16:30:00,9.3,0.5,0.0,3.25,900.0
2024-11-02 16:45:00,9.1,0.2,0.0,3.25,639.03
2024-11-02 17:00:00,8.8,0.2,0.0,3.11,162.69
2024-11-02 17:15:00,8.4,0.1,0.0,2.92,153.15
2024-11-02 17:30:00,8.1,0.3,0.0,2.5,0.0
2024-11-02 17:45:00,7.7,0.2,0.0,2.19,0.0
2024-11-02 18:00:00,7.3,0.3,0.0,1.89,0.0
2024-11-02 18:15:00,7.0,0.2,0.0,1.69,0.0
2024-11-02 18:30:00,6.7,0.4,0.0,1.64,0.0
2024-11-02 18:45:00,6.4,0.3,0.0,1.56,0.0
2024-11-02 19:00:00,6.1,0.2,0.0,1.5,0.0
2024-11-02 19:15:00,5.8,0.1,0.0,1.39,0.0
2024-11-02 19:30:00,5.3,0.1,0.0,1.31,0.0
2024-11-02 19:45:00,4.9,-0.1,0.0,1.17,0.0
2024-11-02 20:00:00,4.6,-0.2,0.0,1.08,0.0
2024-11-02 20:15:00,4.4,-0.4,0.0,0.97,0.0
2024-11-02 20:30:00,4.3,-0.5,0.0,0.97,0.0
2024-11-02 20:45:00,4.2,-0.8,0.0,0.89,0.0
2024-11-02 21:00:00,4.0,-1.0,0.0,0.89,0.0
2024-11-02 21:15:00,3.9,-1.1,0.0,0.89,0.0
2024-11-02 21:30:00,3.8,-1.4,0.0,0.89,0.0
2024-11-02 21:45:00,3.7,-1.5,0.0,0.81,0.0
2024-11-02 22:00:00,3.5,-1.7,0.0,0.81,0.0
2024-11-02 22:15:00,3.1,-1.8,0.0,0.81,0.0
2024-11-02 22:30:00,2.7,-1.6,0.0,0.72,0.0
2024-11-02 22:45:00,2.3,-1.7,0.0,0.67,0.0
2024-11-02 23:00:00,2.0,-1.8,0.0,0.58,0.0
2024-11-02 23:15:00,1.8,-2.0,0.0,0.44,0.0
2024-11-02 23:30:00,1.7,-2.1,0.0,0.42,0.0
2024-11-02 23:45:00,1.7,-2.3,0.0,0.22,0.0
2024-11-03 00:00:00,1.6,-2.3,0.0,0.11,0.0
2024-11-03 00:15:00,1.5,-2.4,0.0,0.11,0.0
2024-11-03 00:30:00,1.5,-2.5,0.0,0.39,0.0
2024-11-03 00:45:00,1.4,-2.4,0.0,0.69,0.0
2024-11-03 01:00:00,1.2,-2.4,0.0,0.92,0.0
2024-11-03 01:15:00,1.0,-2.3,0.0,1.0,0.0
2024-11-03 01:30:00,0.6,-2.1,0.0,1.0,0.0
2024-11-03 01:45:00,0.3,-2.1,0.0,1.0,0.0
2024-11-03 02:00:00,0.1,-2.0,0.0,0.92,0.0
2024-11-03 02:15:00,0.0,-2.1,0.0,0.81,0.0
2024-11-03 02:30:00,0.1,-2.0,0.0,0.72,0.0
2024-11-03 02:45:00,0.1,-2.0,0.0,0.53,0.0
2024-11-03 03:00:00,0.1,-2.0,0.0,0.5,0.0
2024-11-03 03:15:00,-0.1,-1.9,0.0,0.5,0.0
2024-11-03 03:30:00,-0.4,-1.8,0.0,0.5,0.0
2024-11-03 03:45:00,-0.7,-1.7,0.0,0.53,0.0
2024-11-03 04:00:00,-0.9,-1.6,0.0,0.53,0.0
2024-11-03 04:15:00,-1.0,-1.6,0.0,0.53,0.0
2024-11-03 04:30:00,-1.1,-1.6,0.0,0.5,0.0
2024-11-03 04:45:00,-1.2,-1.6,0.0,0.42,0.0
2024-11-03 05:00:00,-1.2,-1.7,0.0,0.42,0.0
2024-11-03 05:15:00,-1.3,-1.7,0.0,0.42,0.0
2024-11-03 05:30:00,-1.3,-1.9,0.0,0.44,0.0
2024-11-03 05:45:00,-1.3,-1.9,0.0,0.58,0.0
2024-11-03 06:00:00,-1.4,-2.1,0.0,0.64,0.0
2024-11-03 06:15:00,-1.4,-2.1,0.0,0.72,0.0
2024-11-03 06:30:00,-1.5,-2.3,0.0,0.78,0.0
2024-11-03 06:45:00,-1.5,-2.3,0.0,0.86,0.0
2024-11-03 07:00:00,-1.5,-2.4,0.0,0.92,0.0
2024-11-03 07:15:00,-1.5,-2.4,0.0,1.0,0.0
2024-11-03 07:30:00,-1.6,-2.4,0.0,1.14,0.0
2024-11-03 07:45:00,-1.6,-2.4,0.0,1.25,0.0
2024-11-03 08:00:00,-1.5,-2.4,0.0,1.33,0.0
2024-11-03 08:15:00,-1.5,-2.4,0.0,1.25,0.0
2024-11-03 08:30:00,-1.5,-2.2,0.0,1.08,0.0
2024-11-03 08:45:00,-1.4,-2.1,0.0,1.0,205.26
2024-11-03 09:00:00,-1.2,-2.0,0.0,0.92,154.69
2024-11-03 09:15:00,-0.8,-1.9,0.0,1.0,900.0
2024-11-03 09:30:00,-0.3,-1.9,0.0,1.25,900.0
2024-11-03 09:45:00,0.3,-1.8,0.0,1.44,900.0
2024-11-03 10:00:00,0.9,-1.7,0.0,1.5,494.28
2024-11-03 10:15:00,1.4,-1.3,0.0,1.44,652.24
2024-11-03 10:30:00,2.0,-1.0,0.0,1.19,594.03
2024-11-03 10:45:00,2.6,-0.5,0.0,1.0,900.0
2024-11-03 11:00:00,3.1,-0.2,0.0,0.94,900.0
2024-11-03 11:15:00,3.7,-0.1,0.0,1.03,900.0
2024-11-03 11:30:00,4.3,-0.1,0.0,1.0,900.0
2024-11-03 11:45:00,4.9,-0.2,0.0,1.14,900.0
2024-11-03 12:00:00,5.4,-0.1,0.0,1.19,900.0
2024-11-03 12:15:00,5.8,0.1,0.0,1.31,900.0
2024-11-03 12:30:00,6.1,0.4,0.0,1.47,900.0
2024-11-03 12:45:00,6.4,0.9,0.0,1.53,618.12
2024-11-03 13:00:00,6.7,1.2,0.0,1.58,886.18
2024-11-03 13:15:00,7.0,1.5,0.0,1.56,900.0
2024-11-03 13:30:00,7.3,1.6,0.0,1.31,900.0
2024-11-03 13:45:00,7.7,1.9,0.0,1.19,900.0
2024-11-03 14:00:00,7.9,1.9,0.0,1.11,900.0
2024-11-03 14:15:00,8.1,1.9,0.0,1.11,900.0
2024-11-03 14:30:00,8.3,1.9,0.0,1.17,900.0
2024-11-03 14:45:00,8.4,1.8,0.0,1.25,900.0
2024-11-03 15:00:00,8.5,1.9,0.0,1.36,900.0
2024-11-03 15:15:00,8.6,1.9,0.0,1.42,900.0
2024-11-03 15:30:00,8.6,2.4,0.0,1.33,900.0
2024-11-03 15:45:00,8.5,2.5,0.0,1.28,236.96
2024-11-03 16:00:00,8.5,2.7,0.0,1.19,105.14
2024-11-03 16:15:00,8.4,2.8,0.0,1.08,213.57
2024-11-03 16:30:00,8.4,3.1,0.0,0.89,742.63
2024-11-03 16:45:00,8.3,3.2,0.0,0.81,529.44
2024-11-03 17:00:00,8.1,3.4,0.0,0.81,78.81
2024-11-03 17:15:00,7.8,3.6,0.0,0.89,0.0
2024-11-03 17:30:00,7.3,3.7,0.0,1.0,0.0
2024-11-03 17:45:00,6.8,3.7,0.0,1.11,0.0
2024-11-03 18:00:00,6.4,3.7,0.0,1.14,0.0
2024-11-03 18:15:00,6.1,3.4,0.0,1.19,0.0
2024-11-03 18:30:00,5.9,3.0,0.0,1.28,0.0
2024-11-03 18:45:00,5.7,2.7,0.0,1.5,0.0
2024-11-03 19:00:00,5.5,2.5,0.0,1.61,0.0
2024-11-03 19:15:00,5.3,2.4,0.0,1.78,0.0
2024-11-03 19:30:00,5.1,2.6,0.0,1.89,0.0
2024-11-03 19:45:00,5.0,2.6,0.0,1.89,0.0
2024-11-03 20:00:00,4.8,2.7,0.0,1.97,0.0
2024-11-03 20:15:00,4.7,2.6,0.0,2.03,0.0
2024-11-03 20:30:00,4.7,2.4,0.0,2.0,0.0
2024-11-03 20:45:00,4.6,2.1,0.0,2.06,0.0
2024-11-03 21:00:00,4.6,1.9,0.0,2.03,0.0
2024-11-03 21:15:00,4.5,1.8,0.0,2.03,0.0
2024-11-03 21:30:00,4.3,1.8,0.0,1.92,0.0
2024-11-03 21:45:00,4.2,1.9,0.0,1.81,0.0
2024-11-03 22:00:00,4.1,1.8,0.0,1.69,0.0
2024-11-03 22:15:00,4.0,1.7,0.0,1.69,0.0
2024-11-03 22:30:00,3.8,1.5,0.0,1.72,0.0
2024-11-03 22:45:00,3.7,1.4,0.0,1.72,0.0
2024-11-03 23:00:00,3.7,1.4,0.0,1.75,0.0
2024-11-03 23:15:00,3.7,1.2,0.0,1.83,0.0
2024-11-03 23:30:00,3.7,1.0,0.0,1.97,0.0
2024-11-03 23:45:00,3.7,0.9,0.0,2.17,0.0
2024-11-04 00:00:00,3.7,0.9,0.0,2.25,0.0
2024-11-04 00:15:00,3.7,0.9,0.0,2.36,0.0
2024-11-04 00:30:00,3.7,1.0,0.0,2.56,0.0
2024-11-04 00:45:00,3.6,1.0,0.0,2.64,0.0
2024-11-04 01:00:00,3.6,1.1,0.0,2.75,0.0
2024-11-04 01:15:00,3.5,1.2,0.0,2.83,0.0
2024-11-04 01:30:00,3.4,1.5,0.0,2.83,0.0
2024-11-04 01:45:00,3.3,1.5,0.0,2.92,0.0
2024-11-04 02:00:00,3.3,1.7,0.0,2.92,0.0
2024-11-04 02:15:00,3.4,1.7,0.0,3.03,0.0
2024-11-04 02:30:00,3.5,1.8,0.0,3.14,0.0
2024-11-04 02:45:00,3.6,2.0,0.0,3.25,0.0
2024-11-04 03:00:00,3.8,2.0,0.0,3.25,0.0
2024-11-04 03:15:00,3.9,1.9,0.0,3.22,0.0
2024-11-04 03:30:00,4.1,2.0,0.0,3.19,0.0
2024-11-04 03:45:00,4.3,1.8,0.0,3.19,0.0
2024-11-04 04:00:00,4.4,1.9,0.0,3.11,0.0
2024-11-04 04:15:00,4.5,2.2,0.0,3.0,0.0
2024-11-04 04:30:00,4.6,2.6,0.0,2.89,0.0
2024-11-04 04:45:00,4.6,3.1,0.0,2.81,0.0
2024-11-04 05:00:00,4.7,3.4,0.0,2.69,0.0
2024-11-04 05:15:00,4.8,3.5,0.0,2.69,0.0
2024-11-04 05:30:00,4.9,3.6,0.0,2.81,0.0
2024-11-04 05:45:00,5.1,3.6,0.0,2.92,0.0
2024-11-04 06:00:00,5.2,3.5,0.0,3.03,0.0
2024-11-04 06:15:00,5.3,3.4,0.0,3.03,0.0
2024-11-04 06:30:00,5.4,3.5,0.0,3.14,0.0
2024-11-04 06:45:00,5.5,3.6,0.0,3.17,0.0
2024-11-04 07:00:00,5.6,3.7,0.0,3.17,0.0
2024-11-04 07:15:00,5.6,3.9,0.0,3.17,0.0
2024-11-04 07:30:00,5.7,4.4,0.0,3.03,0.0
2024-11-04 07:45:00,5.8,4.7,0.0,3.03,0.0
2024-11-04 08:00:00,5.8,5.1,0.0,2.94,0.0
2024-11-04 08:15:00,5.9,5.3,0.0,2.86,0.0
2024-11-04 08:30:00,5.9,5.3,0.0,2.81,0.0
2024-11-04 08:45:00,6.0,5.4,0.0,2.69,0.0
2024-11-04 09:00:00,6.0,5.4,0.0,2.64,0.0
2024-11-04 09:15:00,6.1,5.5,0.0,2.58,0.0
2024-11-04 09:30:00,6.1,5.5,0.0,2.58,0.0
2024-11-04 09:45:00,6.2,5.5,0.0,2.47,0.0
2024-11-04 10:00:00,6.3,5.5,0.0,2.36,0.0
2024-11-04 10:15:00,6.3,5.6,0.0,2.22,0.0
2024-11-04 10:30:00,6.4,5.8,0.0,2.0,0.0
2024-11-04 10:45:00,6.5,5.9,0.0,1.89,0.0
2024-11-04 11:00:00,6.6,6.0,0.0,1.75,0.0
2024-11-04 11:15:00,6.6,6.0,0.0,1.72,0.0
2024-11-04 11:30:00,6.7,6.1,0.0,1.67,0.0
2024-11-04 11:45:00,6.7,6.0,0.0,1.75,0.0
2024-11-04 12:00:00,6.8,6.0,0.0,1.75,0.0
2024-11-04 12:15:00,6.8,6.1,0.0,1.75,0.0
2024-11-04 12:30:00,6.9,6.2,0.0,1.78,0.0
2024-11-04 12:45:00,7.0,6.1,0.0,1.78,0.0
2024-11-04 13:00:00,7.1,6.2,0.0,1.81,0.0
2024-11-04 13:15:00,7.3,6.3,0.0,1.75,0.0
2024-11-04 13:30:00,7.5,6.3,0.0,1.67,0.0
2024-11-04 13:45:00,7.8,6.4,0.0,1.61,0.0
2024-11-04 14:00:00,8.0,6.4,0.0,1.58,0.0
2024-11-04 14:15:00,8.2,6.5,0.0,1.56,177.02
2024-11-04 14:30:00,8.4,6.7,0.0,1.56,435.9
2024-11-04 14:45:00,8.6,6.7,0.0,1.58,0.0
2024-11-04 15:00:00,8.7,6.8,0.0,1.47,0.0
2024-11-04 15:15:00,8.8,6.9,0.0,1.31,0.0
2024-11-04 15:30:00,8.9,7.0,0.0,1.14,0.0
2024-11-04 15:45:00,8.9,7.0,0.0,0.92,0.0
2024-11-04 16:00:00,9.0,7.1,0.0,0.69,0.0
2024-11-04 16:15:00,9.0,7.3,0.0,0.53,0.0
2024-11-04 16:30:00,9.0,7.5,0.0,0.42,0.0
2024-11-04 16:45:00,9.0,7.6,0.0,0.42,0.0
2024-11-04 17:00:00,9.0,7.7,0.0,0.5,0.0
2024-11-04 17:15:00,8.9,7.8,0.0,0.44,0.0
2024-11-04 17:30:00,8.8,7.8,0.0,0.42,0.0
2024-11-04 17:45:00,8.7,7.7,0.0,0.44,0.0
2024-11-04 18:00:00,8.5,7.8,0.0,0.42,0.0
2024-11-04 18:15:00,8.4,7.8,0.0,0.42,0.0
2024-11-04 18:30:00,8.3,7.7,0.0,0.58,0.0
2024-11-04 18:45:00,8.1,7.7,0.0,0.64,0.0
2024-11-04 19:00:00,8.0,7.6,0.0,0.64,0.0
2024-11-04 19:15:00,8.0,7.5,0.0,0.67,0.0
2024-11-04 19:30:00,8.0,7.7,0.0,0.64,0.0
2024-11-04 19:45:00,7.9,7.6,0.0,0.69,0.0
2024-11-04 20:00:00,7.8,7.5,0.0,0.81,0.0
2024-11-04 20:15:00,7.7,7.4,0.0,0.92,0.0
2024-11-04 20:30:00,7.4,7.1,0.0,1.08,0.0
2024-11-04 20:45:00,7.2,6.9,0.0,1.11,0.0
2024-11-04 21:00:00,6.9,6.6,0.0,1.08,0.0
2024-11-04 21:15:00,6.6,6.3,0.0,0.81,0.0
2024-11-04 21:30:00,6.2,6.0,0.0,0.58,0.0
2024-11-04 21:45:00,5.8,5.8,0.0,0.83,0.0
2024-11-04 22:00:00,5.6,5.6,0.0,1.11,0.0
2024-11-04 22:15:00,5.5,5.5,0.0,1.19,0.0
2024-11-04 22:30:00,5.6,5.6,0.0,1.11,0.0
2024-11-04 22:45:00,5.6,5.6,0.0,0.97,0.0
2024-11-04 23:00:00,5.6,5.6,0.0,1.03,0.0
2024-11-04 23:15:00,5.5,5.5,0.0,1.06,0.0
2024-11-04 23:30:00,5.3,5.3,0.0,1.11,0.0
2024-11-04 23:45:00,5.2,5.2,0.0,1.25,0.0
2024-11-05 00:00:00,5.0,5.0,0.0,1.36,0.0
2024-11-05 00:15:00,4.9,4.9,0.0,1.33,0.0
2024-11-05 00:30:00,4.8,4.8,0.0,1.31,0.0
2024-11-05 00:45:00,4.7,4.7,0.0,1.31,0.0
2024-11-05 01:00:00,4.7,4.7,0.0,1.33,0.0
2024-11-05 01:15:00,4.8,4.8,0.0,1.33,0.0
2024-11-05 01:30:00,4.9,4.9,0.0,1.31,0.0
2024-11-05 01:45:00,5.1,5.1,0.0,1.31,0.0
2024-11-05 02:00:00,5.1,5.1,0.0,1.31,0.0
2024-11-05 02:15:00,5.1,5.1,0.0,1.31,0.0
2024-11-05 02:30:00,5.0,5.0,0.0,1.19,0.0
2024-11-05 02:45:00,4.9,4.7,0.0,1.11,0.0
2024-11-05 03:00:00,4.8,4.7,0.0,1.14,0.0
2024-11-05 03:15:00,4.8,4.7,0.0,1.17,0.0
2024-11-05 03:30:00,4.8,4.5,0.0,1.31,0.0
2024-11-05 03:45:00,4.8,4.5,0.0,1.44,0.0
2024-11-05 04:00:00,4.9,4.6,0.0,1.56,0.0
2024-11-05 04:15:00,4.9,4.6,0.0,1.61,0.0
2024-11-05 04:30:00,5.0,4.9,0.0,1.69,0.0
2024-11-05 04:45:00,5.1,5.1,0.0,1.69,0.0
2024-11-05 05:00:00,5.2,5.2,0.0,1.75,0.0
2024-11-05 05:15:00,5.2,5.1,0.0,1.78,0.0
2024-11-05 05:30:00,5.3,5.0,0.0,1.83,0.0
2024-11-05 05:45:00,5.4,4.9,0.0,1.92,0.0
2024-11-05 06:00:00,5.3,4.7,0.0,2.0,0.0
2024-11-05 06:15:00,5.1,4.5,0.0,2.06,0.0
2024-11-05 06:30:00,4.9,4.4,0.0,2.19,0.0
2024-11-05 06:45:00,4.6,4.3,0.0,2.28,0.0
2024-11-05 07:00:00,4.4,4.2,0.0,2.44,0.0
2024-11-05 07:15:00,4.3,4.2,0.0,2.5,0.0
2024-11-05 07:30:00,4.3,4.2,0.0,2.61,0.0
2024-11-05 07:45:00,4.4,4.2,0.0,2.75,0.0
2024-11-05 08:00:00,4.4,4.2,0.0,2.89,0.0
2024-11-05 08:15:00,4.4,4.2,0.0,3.03,0.0
2024-11-05 08:30:00,4.3,4.0,0.0,3.19,0.0
2024-11-05 08:45:00,4.3,4.0,0.0,3.39,0.0
2024-11-05 09:00:00,4.3,3.9,0.0,3.47,0.0
2024-11-05 09:15:00,4.4,3.8,0.0,3.47,0.0
2024-11-05 09:30:00,4.5,3.9,0.0,3.33,0.0
2024-11-05 09:45:00,4.7,3.9,0.0,3.25,0.0
2024-11-05 10:00:00,4.8,3.9,0.0,3.11,0.0
2024-11-05 10:15:00,5.0,3.9,0.0,2.97,0.0
2024-11-05 10:30:00,5.2,4.0,0.0,2.94,0.0
2024-11-05 10:45:00,5.4,4.0,0.0,2.78,0.0
2024-11-05 11:00:00,5.6,4.1,0.0,2.72,0.0
2024-11-05 11:15:00,5.9,4.1,0.0,2.72,4.01
2024-11-05 11:30:00,6.3,4.3,0.0,2.64,111.81
2024-11-05 11:45:00,6.6,4.3,0.0,2.69,821.79
2024-11-05 12:00:00,6.9,4.2,0.0,2.61,900.0
2024-11-05 12:15:00,7.2,4.3,0.0,2.53,900.0
2024-11-05 12:30:00,7.5,4.4,0.0,2.47,900.0
2024-11-05 12:45:00,7.7,4.5,0.0,2.33,900.0
2024-11-05 13:00:00,8.0,4.5,0.0,2.33,900.0
2024-11-05 13:15:00,8.2,4.6,0.0,2.33,900.0
2024-11-05 13:30:00,8.5,4.8,0.0,2.39,900.0
2024-11-05 13:45:00,8.7,5.0,0.0,2.53,900.0
2024-11-05 14:00:00,8.8,5.2,0.0,2.58,900.0
2024-11-05 14:15:00,8.9,5.3,0.0,2.64,900.0
2024-11-05 14:30:00,8.9,5.3,0.0,2.69,900.0
2024-11-05 14:45:00,8.9,5.5,0.0,2.69,900.0
2024-11-05 15:00:00,8.9,5.4,0.0,2.69,900.0
2024-11-05 15:15:00,8.8,5.4,0.0,2.61,900.0
2024-11-05 15:30:00,8.7,5.5,0.0,2.56,900.0
2024-11-05 15:45:00,8.6,5.3,0.0,2.47,900.0
2024-11-05 16:00:00,8.4,5.3,0.0,2.36,900.0
2024-11-05 16:15:00,8.2,5.3,0.0,2.17,900.0
2024-11-05 16:30:00,8.0,5.5,0.0,2.11,640.23
2024-11-05 16:45:00,7.8,5.6,0.0,1.92,271.4
2024-11-05 17:00:00,7.5,5.7,0.0,1.78,0.0
2024-11-05 17:15:00,7.2,5.5,0.0,1.75,37.15
2024-11-05 17:30:00,6.8,5.4,0.0,1.58,0.0
2024-11-05 17:45:00,6.5,5.3,0.0,1.56,0.0
2024-11-05 18:00:00,6.2,5.1,0.0,1.53,0.0
2024-11-05 18:15:00,5.9,5.0,0.0,1.53,0.0
2024-11-05 18:30:00,5.7,4.8,0.0,1.44,0.0
2024-11-05 18:45:00,5.5,4.7,0.0,1.33,0.0
2024-11-05 19:00:00,5.3,4.6,0.0,1.36,0.0
2024-11-05 19:15:00,5.2,4.4,0.0,1.39,0.0
2024-11-05 19:30:00,5.1,4.5,0.0,1.44,0.0
2024-11-05 19:45:00,5.0,4.4,0.0,1.44,0.0
2024-11-05 20:00:00,4.9,4.3,0.0,1.47,0.0
2024-11-05 20:15:00,4.9,4.3,0.0,1.47,0.0
2024-11-05 20:30:00,4.8,4.2,0.0,1.39,0.0
2024-11-05 20:45:00,4.8,4.1,0.0,1.25,0.0
2024-11-05 21:00:00,4.8,4.0,0.0,1.17,0.0
2024-11-05 21:15:00,4.7,3.8,0.0,1.06,0.0
2024-11-05 21:30:00,4.7,3.7,0.0,1.0,0.0
2024-11-05 21:45:00,4.6,3.4,0.0,1.03,0.0
2024-11-05 22:00:00,4.5,3.3,0.0,0.97,0.0
2024-11-05 22:15:00,4.2,3.0,0.0,0.94,0.0
2024-11-05 22:30:00,3.8,2.8,0.0,0.92,0.0
2024-11-05 22:45:00,3.4,2.5,0.0,1.08,0.0
2024-11-05 23:00:00,3.1,2.2,0.0,1.14,0.0
2024-11-05 23:15:00,3.0,2.1,0.0,1.14,0.0
2024-11-05 23:30:00,2.9,2.0,0.0,0.97,0.0
2024-11-05 23:45:00,2.8,1.9,0.0,0.89,0.0
2024-11-06 00:00:00,2.7,1.8,0.0,0.81,0.0
2024-11-06 00:15:00,2.6,1.7,0.0,0.75,0.0
2024-11-06 00:30:00,2.5,1.6,0.0,0.81,0.0
2024-11-06 00:45:00,2.4,1.6,0.0,0.92,0.0
2024-11-06 01:00:00,2.2,1.5,0.0,0.94,0.0
2024-11-06 01:15:00,2.1,1.3,0.0,0.89,0.0
2024-11-06 01:30:00,1.9,1.2,0.0,0.81,0.0
2024-11-06 01:45:00,1.8,1.2,0.0,0.72,0.0
2024-11-06 02:00:00,1.6,1.0,0.0,0.72,0.0
2024-11-06 02:15:00,1.5,1.0,0.0,0.81,0.0
2024-11-06 02:30:00,1.3,1.0,0.0,0.89,0.0
2024-11-06 02:45:00,1.1,0.8,0.0,0.97,0.0
2024-11-06 03:00:00,1.0,0.9,0.0,1.08,0.0
2024-11-06 03:15:00,1.0,0.8,0.0,1.06,0.0
2024-11-06 03:30:00,0.9,0.8,0.0,1.06,0.0
2024-11-06 03:45:00,0.9,0.8,0.0,1.03,0.0
2024-11-06 04:00:00,0.9,0.7,0.0,0.92,0.0
2024-11-06 04:15:00,0.8,0.7,0.0,0.81,0.0
2024-11-06 04:30:00,0.7,0.6,0.0,0.81,0.0
2024-11-06 04:45:00,0.6,0.5,0.0,0.69,0.0
2024-11-06 05:00:00,0.6,0.4,0.0,0.61,0.0
2024-11-06 05:15:00,0.5,0.4,0.0,0.5,0.0
2024-11-06 05:30:00,0.4,0.4,0.0,0.64,0.0
2024-11-06 05:45:00,0.4,0.4,0.0,0.72,0.0
2024-11-06 06:00:00,0.3,0.3,0.0,0.81,0.0
2024-11-06 06:15:00,0.3,0.3,0.0,0.81,0.0
2024-11-06 06:30:00,0.2,0.2,0.0,0.72,0.0
2024-11-06 06:45:00,0.1,0.1,0.0,0.56,0.0
2024-11-06 07:00:00,0.1,0.1,0.0,0.5,0.0
2024-11-06 07:15:00,-0.0,-0.0,0.0,0.53,0.0
2024-11-06 07:30:00,-0.1,-0.1,0.0,0.53,0.0
2024-11-06 07:45:00,-0.2,-0.2,0.0,0.61,0.0
2024-11-06 08:00:00,-0.2,-0.2,0.0,0.61,0.0
2024-11-06 08:15:00,-0.3,-0.3,0.0,0.5,0.0
2024-11-06 08:30:00,-0.4,-0.4,0.0,0.44,0.0
2024-11-06 08:45:00,-0.4,-0.4,0.0,0.36,0.0
2024-11-06 09:00:00,-0.4,-0.4,0.0,0.36,0.0
2024-11-06 09:15:00,-0.3,-0.3,0.0,0.42,0.0
2024-11-06 09:30:00,-0.2,-0.2,0.0,0.39,0.0
2024-11-06 09:45:00,-0.0,-0.0,0.0,0.5,41.82
2024-11-06 10:00:00,0.3,0.2,0.0,0.5,424.4
2024-11-06 10:15:00,0.9,0.4,0.0,0.5,597.65
2024-11-06 10:30:00,1.6,0.6,0.0,0.53,828.13
2024-11-06 10:45:00,2.4,0.7,0.0,0.53,889.19
2024-11-06 11:00:00,3.1,0.9,0.0,0.53,900.0
2024-11-06 11:15:00,3.7,1.0,0.0,0.42,900.0
2024-11-06 11:30:00,4.3,1.3,0.0,0.31,900.0
2024-11-06 11:45:00,4.8,1.5,0.0,0.11,900.0
2024-11-06 12:00:00,5.3,1.6,0.0,0.11,900.0
2024-11-06 12:15:00,5.8,1.7,0.0,0.11,900.0
2024-11-06 12:30:00,6.2,1.9,0.0,0.11,900.0
2024-11-06 12:45:00,6.6,2.1,0.0,0.0,900.0
2024-11-06 13:00:00,6.9,2.2,0.0,0.0,900.0
2024-11-06 13:15:00,7.2,2.5,0.0,0.14,900.0
2024-11-06 13:30:00,7.4,3.0,0.0,0.28,900.0
2024-11-06 13:45:00,7.5,3.4,0.0,0.5,900.0
2024-11-06 14:00:00,7.7,3.7,0.0,0.64,900.0
2024-11-06 14:15:00,7.8,4.0,0.0,0.78,900.0
2024-11-06 14:30:00,8.0,4.2,0.0,0.92,900.0
2024-11-06 14:45:00,8.1,4.3,0.0,1.0,900.0
2024-11-06 15:00:00,8.1,4.5,0.0,1.06,900.0
2024-11-06 15:15:00,8.1,4.7,0.0,1.14,900.0
2024-11-06 15:30:00,8.1,4.9,0.0,1.08,900.0
2024-11-06 15:45:00,8.0,4.9,0.0,1.03,355.47
2024-11-06 16:00:00,8.0,5.1,0.0,0.97,147.35
2024-11-06 16:15:00,7.9,5.2,0.0,0.89,15.45
2024-11-06 16:30:00,7.9,5.2,0.0,0.72,0.0
2024-11-06 16:45:00,7.8,5.2,0.0,0.64,0.0
2024-11-06 17:00:00,7.6,5.2,0.0,0.58,0.0
2024-11-06 17:15:00,7.4,5.2,0.0,0.64,0.0
2024-11-06 17:30:00,7.1,5.2,0.0,0.69,0.0
2024-11-06 17:45:00,6.8,5.1,0.0,0.92,0.0
2024-11-06 18:00:00,6.4,5.0,0.0,1.03,0.0
2024-11-06 18:15:00,6.1,5.0,0.0,1.14,0.0
2024-11-06 18:30:00,5.6,4.7,0.0,1.28,0.0
2024-11-06 18:45:00,5.3,4.7,0.0,1.39,0.0
2024-11-06 19:00:00,4.9,4.5,0.0,1.44,0.0
2024-11-06 19:15:00,4.7,4.4,0.0,1.47,0.0
2024-11-06 19:30:00,4.5,4.2,0.0,1.39,0.0
2024-11-06 19:45:00,4.3,4.2,0.0,1.44,0.0
2024-11-06 20:00:00,4.1,4.0,0.0,1.36,0.0
2024-11-06 20:15:00,3.9,3.8,0.0,1.36,0.0
2024-11-06 20:30:00,3.7,3.7,0.0,1.28,0.0
2024-11-06 20:45:00,3.6,3.6,0.0,1.22,0.0
2024-11-06 21:00:00,3.4,3.4,0.0,1.22,0.0
2024-11-06 21:15:00,3.3,3.3,0.0,1.22,0.0
2024-11-06 21:30:00,3.2,3.2,0.0,1.36,0.0
2024-11-06 21:45:00,3.1,3.1,0.0,1.42,0.0
2024-11-06 22:00:00,3.1,3.1,0.0,1.42,0.0
2024-11-06 22:15:00,3.1,3.1,0.0,1.42,0.0
2024-11-06 22:30:00,3.2,3.2,0.0,1.36,0.0
2024-11-06 22:45:00,3.3,3.3,0.0,1.22,0.0
2024-11-06 23:00:00,3.4,3.4,0.0,1.22,0.0
2024-11-06 23:15:00,3.5,3.5,0.0,1.22,0.0
2024-11-06 23:30:00,3.5,3.5,0.0,1.14,0.0
2024-11-06 23:45:00,3.5,3.5,0.0,1.06,0.0
2024-11-07 00:00:00,3.5,3.5,0.0,1.06,0.0
2024-11-07 00:15:00,3.5,3.5,0.0,1.14,0.0
2024-11-07 00:30:00,3.6,3.6,0.0,1.19,0.0
2024-11-07 00:45:00,3.6,3.6,0.0,1.33,0.0
2024-11-07 01:00:00,3.5,3.5,0.0,1.42,0.0
2024-11-07 01:15:00,3.4,3.3,0.0,1.5,0.0
2024-11-07 01:30:00,3.3,3.1,0.0,1.64,0.0
2024-11-07 01:45:00,3.1,2.8,0.0,1.72,0.0
2024-11-07 02:00:00,3.0,2.6,0.0,1.72,0.0
2024-11-07 02:15:00,3.0,2.5,0.0,1.67,0.0
2024-11-07 02:30:00,3.0,2.4,0.0,1.47,0.0
2024-11-07 02:45:00,3.0,2.4,0.0,1.33,0.0
2024-11-07 03:00:00,3.1,2.5,0.0,1.19,0.0
2024-11-07 03:15:00,3.1,2.5,0.0,1.11,0.0
2024-11-07 03:30:00,3.1,2.5,0.0,1.17,0.0
2024-11-07 03:45:00,3.1,2.5,0.0,1.14,0.0
2024-11-07 04:00:00,3.1,2.5,0.0,1.14,0.0
2024-11-07 04:15:00,3.1,2.5,0.0,1.0,0.0
2024-11-07 04:30:00,3.0,2.4,0.0,0.81,0.0
2024-11-07 04:45:00,3.0,2.4,0.0,0.64,0.0
2024-11-07 05:00:00,2.9,2.3,0.0,0.5,0.0
2024-11-07 05:15:00,2.9,2.3,0.0,0.42,0.0
2024-11-07 05:30:00,3.0,2.4,0.0,0.36,0.0
2024-11-07 05:45:00,3.0,2.4,0.0,0.36,0.0
2024-11-07 06:00:00,3.1,2.5,0.0,0.42,0.0
2024-11-07 06:15:00,3.1,2.5,0.0,0.5,0.0
2024-11-07 06:30:00,3.2,2.4,0.0,0.53,0.0
2024-11-07 06:45:00,3.2,2.5,0.0,0.64,0.0
2024-11-07 07:00:00,3.2,2.5,0.0,0.69,0.0
2024-11-07 07:15:00,3.2,2.5,0.0,0.78,0.0
2024-11-07 07:30:00,3.2,2.6,0.0,0.72,0.0
2024-11-07 07:45:00,3.2,2.7,0.0,0.64,0.0
2024-11-07 08:00:00,3.2,2.7,0.0,0.58,0.0
2024-11-07 08:15:00,3.2,2.8,0.0,0.44,0.0
2024-11-07 08:30:00,3.2,2.8,0.0,0.36,0.0
2024-11-07 08:45:00,3.3,2.7,0.0,0.14,0.0
2024-11-07 09:00:00,3.4,2.8,0.0,0.11,0.0
2024-11-07 09:15:00,3.5,2.7,0.0,0.22,0.0
2024-11-07 09:30:00,3.6,2.8,0.0,0.31,0.0
2024-11-07 09:45:00,3.7,2.8,0.0,0.53,0.0
2024-11-07 10:00:00,3.8,2.9,0.0,0.64,0.0
2024-11-07 10:15:00,3.8,2.9,0.0,0.72,0.0
2024-11-07 10:30:00,3.9,3.1,0.0,0.86,0.0
2024-11-07 10:45:00,3.9,3.3,0.0,0.89,0.0
2024-11-07 11:00:00,4.0,3.4,0.0,0.89,0.0
2024-11-07 11:15:00,4.1,3.5,0.0,0.72,0.0
2024-11-07 11:30:00,4.2,3.5,0.0,0.56,0.0
2024-11-07 11:45:00,4.4,3.6,0.0,0.42,0.0
2024-11-07 12:00:00,4.5,3.6,0.0,0.42,0.0
2024-11-07 12:15:00,4.7,3.6,0.0,0.36,0.0
2024-11-07 12:30:00,4.9,3.7,0.0,0.36,0.0
2024-11-07 12:45:00,5.0,3.8,0.0,0.36,0.0
2024-11-07 13:00:00,5.1,3.8,0.0,0.31,0.0
2024-11-07 13:15:00,5.2,3.8,0.0,0.42,0.0
2024-11-07 13:30:00,5.1,3.8,0.0,0.61,0.0
2024-11-07 13:45:00,5.1,3.7,0.0,0.69,0.0
2024-11-07 14:00:00,5.1,3.7,0.0,0.69,0.0
2024-11-07 14:15:00,5.1,3.8,0.0,0.5,0.0
2024-11-07 14:30:00,5.2,3.7,0.0,0.19,0.0
2024-11-07 14:45:00,5.3,3.6,0.0,0.22,0.0
2024-11-07 15:00:00,5.3,3.6,0.0,0.42,0.0
2024-11-07 15:15:00,5.4,3.7,0.0,0.53,0.0
2024-11-07 15:30:00,5.5,3.6,0.0,0.53,0.0
2024-11-07 15:45:00,5.5,3.7,0.0,0.5,0.0
2024-11-07 16:00:00,5.6,3.7,0.0,0.56,0.0
2024-11-07 16:15:00,5.6,3.7,0.0,0.58,0.0
2024-11-07 16:30:00,5.5,3.7,0.0,0.53,0.0
2024-11-07 16:45:00,5.5,3.8,0.0,0.61,0.0
2024-11-07 17:00:00,5.5,3.8,0.0,0.61,0.0
2024-11-07 17:15:00,5.5,3.8,0.0,0.67,0.0
2024-11-07 17:30:00,5.5,4.0,0.0,0.86,0.0
2024-11-07 17:45:00,5.4,4.1,0.0,1.17,0.0
2024-11-07 18:00:00,5.4,4.1,0.0,1.25,0.0
2024-11-07 18:15:00,5.4,4.0,0.0,1.17,0.0
2024-11-07 18:30:00,5.4,4.2,0.0,0.92,0.0
2024-11-07 18:45:00,5.3,4.1,0.0,0.72,0.0
2024-11-07 19:00:00,5.3,4.1,0.0,0.64,0.0
2024-11-07 19:15:00,5.3,4.1,0.0,0.64,0.0
2024-11-07 19:30:00,5.4,4.3,0.0,0.72,0.0
2024-11-07 19:45:00,5.4,4.4,0.0,0.86,0.0
2024-11-07 20:00:00,5.5,4.4,0.0,0.86,0.0
2024-11-07 20:15:00,5.5,4.4,0.0,0.86,0.0
2024-11-07 20:30:00,5.5,4.4,0.0,0.75,0.0
2024-11-07 20:45:00,5.4,4.4,0.0,0.67,0.0
2024-11-07 21:00:00,5.4,4.4,0.0,0.67,0.0
2024-11-07 21:15:00,5.4,4.4,0.0,0.67,0.0
2024-11-07 21:30:00,5.4,4.4,0.0,0.75,0.0
2024-11-07 21:45:00,5.4,4.5,0.0,0.72,0.0
2024-11-07 22:00:00,5.4,4.5,0.0,0.83,0.0
2024-11-07 22:15:00,5.4,4.5,0.0,0.81,0.0
2024-11-07 22:30:00,5.4,4.6,0.0,0.89,0.0
2024-11-07 22:45:00,5.4,4.8,0.0,0.92,0.0
2024-11-07 23:00:00,5.4,4.8,0.0,0.92,0.0
2024-11-07 23:15:00,5.4,4.8,0.0,0.89,0.0
2024-11-07 23:30:00,5.4,4.8,0.0,1.0,0.0
2024-11-07 23:45:00,5.4,4.8,0.0,1.11,0.0
2024-11-08 00:00:00,5.4,4.8,0.0,1.14,0.0
2024-11-08 00:15:00,5.4,4.8,0.0,1.14,0.0
2024-11-08 00:30:00,5.4,4.6,0.0,1.14,0.0
2024-11-08 00:45:00,5.4,4.6,0.0,1.11,0.0
2024-11-08 01:00:00,5.4,4.6,0.0,1.22,0.0
2024-11-08 01:15:00,5.3,4.6,0.0,1.33,0.0
2024-11-08 01:30:00,5.3,4.6,0.0,1.56,0.0
2024-11-08 01:45:00,5.3,4.7,0.0,1.67,0.0
2024-11-08 02:00:00,5.2,4.6,0.0,1.78,0.0
2024-11-08 02:15:00,5.2,4.6,0.0,1.78,0.0
2024-11-08 02:30:00,5.2,4.6,0.0,1.75,0.0
2024-11-08 02:45:00,5.2,4.6,0.0,1.64,0.0
2024-11-08 03:00:00,5.2,4.6,0.0,1.64,0.0
2024-11-08 03:15:00,5.2,4.6,0.0,1.61,0.0
2024-11-08 03:30:00,5.2,4.6,0.0,1.69,0.0
2024-11-08 03:45:00,5.2,4.4,0.0,1.81,0.0
2024-11-08 04:00:00,5.1,4.4,0.0,1.89,0.0
2024-11-08 04:15:00,5.1,4.3,0.0,2.0,0.0
2024-11-08 04:30:00,5.0,4.1,0.0,2.11,0.0
2024-11-08 04:45:00,4.9,3.9,0.0,2.19,0.0
2024-11-08 05:00:00,4.9,3.8,0.0,2.19,0.0
2024-11-08 05:15:00,4.8,3.8,0.0,2.19,0.0
2024-11-08 05:30:00,4.8,3.7,0.0,2.11,0.0
2024-11-08 05:45:00,4.7,3.7,0.0,2.0,0.0
2024-11-08 06:00:00,4.7,3.6,0.0,1.92,0.0
2024-11-08 06:15:00,4.6,3.6,0.0,1.92,0.0
2024-11-08 06:30:00,4.6,3.4,0.0,1.92,0.0
2024-11-08 06:45:00,4.6,3.4,0.0,1.89,0.0
2024-11-08 07:00:00,4.5,3.3,0.0,1.89,0.0
2024-11-08 07:15:00,4.5,3.3,0.0,1.89,0.0
2024-11-08 07:30:00,4.5,3.3,0.0,1.92,0.0
2024-11-08 07:45:00,4.5,3.5,0.0,1.92,0.0
2024-11-08 08:00:00,4.5,3.5,0.0,1.92,0.0
2024-11-08 08:15:00,4.5,3.5,0.0,2.03,0.0
2024-11-08 08:30:00,4.5,3.4,0.0,2.03,0.0
2024-11-08 08:45:00,4.4,3.4,0.0,2.11,0.0
2024-11-08 09:00:00,4.5,3.4,0.0,2.22,0.0
2024-11-08 09:15:00,4.6,3.5,0.0,2.31,0.0
2024-11-08 09:30:00,4.7,3.5,0.0,2.39,0.0
2024-11-08 09:45:00,4.9,3.7,0.0,2.5,0.0
2024-11-08 10:00:00,5.0,3.7,0.0,2.61,231.41
2024-11-08 10:15:00,5.2,3.7,0.0,2.61,341.64
2024-11-08 10:30:00,5.5,4.0,0.0,2.61,142.67
2024-11-08 10:45:00,5.7,4.0,0.0,2.64,0.0
2024-11-08 11:00:00,5.9,4.0,0.0,2.69,70.4
2024-11-08 11:15:00,6.0,3.8,0.0,2.83,0.0
2024-11-08 11:30:00,6.1,3.7,0.0,3.0,0.0
2024-11-08 11:45:00,6.1,3.4,0.0,3.14,0.0
2024-11-08 12:00:00,6.2,3.1,0.0,3.33,0.0
2024-11-08 12:15:00,6.3,3.1,0.0,3.33,0.0
2024-11-08 12:30:00,6.4,3.0,0.0,3.33,0.0
2024-11-08 12:45:00,6.5,3.0,0.0,3.19,0.0
2024-11-08 13:00:00,6.6,3.0,0.0,3.14,0.0
2024-11-08 13:15:00,6.6,3.0,0.0,3.22,55.88
2024-11-08 13:30:00,6.6,3.0,0.0,3.25,395.1
2024-11-08 13:45:00,6.6,3.2,0.0,3.33,353.79
2024-11-08 14:00:00,6.5,3.1,0.0,3.42,9.46
2024-11-08 14:15:00,6.5,3.3,0.0,3.42,0.0
2024-11-08 14:30:00,6.4,3.3,0.0,3.28,0.0
2024-11-08 14:45:00,6.3,3.2,0.0,3.19,0.0
2024-11-08 15:00:00,6.2,3.4,0.0,3.11,0.0
2024-11-08 15:15:00,6.2,3.3,0.0,3.11,0.0
2024-11-08 15:30:00,6.2,3.3,0.0,3.11,0.0
2024-11-08 15:45:00,6.2,3.3,0.0,3.11,0.0
2024-11-08 16:00:00,6.2,3.3,0.0,3.11,0.0
2024-11-08 16:15:00,6.1,3.3,0.0,3.06,0.0
2024-11-08 16:30:00,6.1,3.2,0.0,2.92,0.0
2024-11-08 16:45:00,6.0,3.3,0.0,2.78,0.0
2024-11-08 17:00:00,6.0,3.3,0.0,2.72,0.0
2024-11-08 17:15:00,5.9,3.2,0.0,2.69,0.0
2024-11-08 17:30:00,5.9,3.4,0.0,2.56,0.0
2024-11-08 17:45:00,5.8,3.3,0.0,2.5,0.0
2024-11-08 18:00:00,5.7,3.4,0.0,2.5,0.0
2024-11-08 18:15:00,5.7,3.5,0.0,2.56,0.0
2024-11-08 18:30:00,5.6,3.5,0.0,2.5,0.0
2024-11-08 18:45:00,5.6,3.6,0.0,2.56,0.0
2024-11-08 19:00:00,5.5,3.5,0.0,2.61,0.0
2024-11-08 19:15:00,5.5,3.5,0.0,2.61,0.0
2024-11-08 19:30:00,5.5,3.5,0.0,2.61,0.0
2024-11-08 19:45:00,5.5,3.5,0.0,2.61,0.0
2024-11-08 20:00:00,5.5,3.5,0.0,2.69,0.0
2024-11-08 20:15:00,5.5,3.5,0.0,2.97,0.0
2024-11-08 20:30:00,5.3,3.5,0.0,3.25,0.0
2024-11-08 20:45:00,5.2,3.5,0.0,3.53,0.0
2024-11-08 21:00:00,5.1,3.4,0.0,3.81,0.0
2024-11-08 21:15:00,5.0,3.3,0.0,3.86,0.0
2024-11-08 21:30:00,5.0,3.3,0.0,3.86,0.0
2024-11-08 21:45:00,4.9,3.2,0.0,3.92,0.0
2024-11-08 22:00:00,4.8,3.1,0.0,3.83,0.0
2024-11-08 22:15:00,4.7,3.0,0.0,3.83,0.0
2024-11-08 22:30:00,4.5,2.7,0.0,3.75,0.0
2024-11-08 22:45:00,4.4,2.6,0.0,3.75,0.0
2024-11-08 23:00:00,4.3,2.5,0.0,3.67,0.0
2024-11-08 23:15:00,4.3,2.4,0.0,3.61,0.0
2024-11-08 23:30:00,4.2,2.4,0.0,3.61,0.0
2024-11-08 23:45:00,4.2,2.6,0.0,3.56,0.0
2024-11-09 00:00:00,4.2,2.5,0.0,3.5,0.0
2024-11-09 00:15:00,4.1,2.5,0.0,3.42,0.0
2024-11-09 00:30:00,4.0,2.5,0.0,3.33,0.0
2024-11-09 00:45:00,4.0,2.6,0.0,3.28,0.0
2024-11-09 01:00:00,3.9,2.5,0.0,3.19,0.0
2024-11-09 01:15:00,3.8,2.4,0.0,3.19,0.0
2024-11-09 01:30:00,3.7,2.3,0.0,3.28,0.0
2024-11-09 01:45:00,3.6,2.3,0.0,3.33,0.0
2024-11-09 02:00:00,3.5,2.2,0.0,3.42,0.0
2024-11-09 02:15:00,3.5,2.1,0.0,3.42,0.0
2024-11-09 02:30:00,3.4,2.2,0.0,3.42,0.0
2024-11-09 02:45:00,3.3,2.1,0.0,3.42,0.0
2024-11-09 03:00:00,3.3,2.2,0.0,3.42,0.0
2024-11-09 03:15:00,3.2,2.1,0.0,3.42,0.0
2024-11-09 03:30:00,3.1,2.2,0.0,3.42,0.0
2024-11-09 03:45:00,3.0,2.1,0.0,3.33,0.0
2024-11-09 04:00:00,3.0,2.2,0.0,3.33,0.0
2024-11-09 04:15:00,3.0,2.4,0.0,3.33,0.0
2024-11-09 04:30:00,3.0,2.7,0.0,3.28,0.0
2024-11-09 04:45:00,3.0,2.8,0.0,3.33,0.0
2024-11-09 05:00:00,3.0,3.0,0.0,3.25,0.0
2024-11-09 05:15:00,2.9,2.9,0.0,3.19,0.0
2024-11-09 05:30:00,2.9,2.9,0.0,3.19,0.0
2024-11-09 05:45:00,2.8,2.8,0.0,3.11,0.0
2024-11-09 06:00:00,2.8,2.8,0.0,3.11,0.0
2024-11-09 06:15:00,2.8,2.8,0.0,3.11,0.0
2024-11-09 06:30:00,2.7,2.7,0.0,3.03,0.0
2024-11-09 06:45:00,2.7,2.6,0.0,3.06,0.0
2024-11-09 07:00:00,2.7,2.6,0.0,3.06,0.0
2024-11-09 07:15:00,2.7,2.4,0.0,3.06,0.0
2024-11-09 07:30:00,2.7,2.2,0.0,2.97,0.0
2024-11-09 07:45:00,2.6,2.2,0.0,3.03,0.0
2024-11-09 08:00:00,2.6,2.0,0.0,3.03,0.0
2024-11-09 08:15:00,2.5,1.9,0.0,3.03,0.0
2024-11-09 08:30:00,2.5,1.9,0.0,3.19,0.0
2024-11-09 08:45:00,2.5,1.9,0.0,3.25,0.0
2024-11-09 09:00:00,2.5,1.9,0.0,3.25,0.0
2024-11-09 09:15:00,2.5,1.9,0.0,3.25,0.0
2024-11-09 09:30:00,2.5,1.9,0.0,3.33,0.0
2024-11-09 09:45:00,2.6,1.8,0.0,3.33,0.0
2024-11-09 10:00:00,2.6,1.9,0.0,3.33,0.0
2024-11-09 10:15:00,2.7,1.8,0.0,3.33,0.0
2024-11-09 10:30:00,2.7,1.8,0.0,3.33,0.0
2024-11-09 10:45:00,2.8,1.7,0.0,3.19,0.0
2024-11-09 11:00:00,2.9,1.7,0.0,3.19,0.0
2024-11-09 11:15:00,3.0,1.7,0.0,3.19,52.42
2024-11-09 11:30:00,3.2,1.7,0.0,3.28,230.0
2024-11-09 11:45:00,3.4,1.7,0.0,3.28,38.71
2024-11-09 12:00:00,3.5,1.7,0.0,3.28,110.1
2024-11-09 12:15:00,3.7,1.7,0.0,3.19,39.68
2024-11-09 12:30:00,4.0,1.8,0.0,3.11,297.82
2024-11-09 12:45:00,4.1,1.8,0.0,2.97,820.13
2024-11-09 13:00:00,4.2,1.9,0.0,2.89,663.76
2024-11-09 13:15:00,4.0,1.9,0.0,2.83,430.75
2024-11-09 13:30:00,3.7,1.9,0.0,2.78,900.0
2024-11-09 13:45:00,3.3,1.8,0.0,2.78,900.0
2024-11-09 14:00:00,3.1,1.7,0.0,2.72,900.0
2024-11-09 14:15:00,3.0,1.8,0.0,2.67,105.15
2024-11-09 14:30:00,2.9,1.7,0.0,2.67,0.0
2024-11-09 14:45:00,2.9,1.8,0.0,2.61,0.0
2024-11-09 15:00:00,2.9,1.8,0.0,2.61,0.0
2024-11-09 15:15:00,2.9,1.8,0.0,2.56,0.0
2024-11-09 15:30:00,2.8,1.8,0.0,2.56,0.0
2024-11-09 15:45:00,2.8,1.8,0.0,2.5,0.0
2024-11-09 16:00:00,2.8,1.7,0.0,2.5,0.0
2024-11-09 16:15:00,2.7,1.8,0.0,2.5,0.0
2024-11-09 16:30:00,2.5,1.6,0.0,2.58,0.0
2024-11-09 16:45:00,2.4,1.6,0.0,2.58,0.0
2024-11-09 17:00:00,2.3,1.5,0.0,2.58,0.0
2024-11-09 17:15:00,2.3,1.4,0.0,2.58,0.0
2024-11-09 17:30:00,2.3,1.2,0.0,2.58,0.0
2024-11-09 17:45:00,2.3,1.1,0.0,2.64,0.0
2024-11-09 18:00:00,2.4,1.0,0.0,2.64,0.0
2024-11-09 18:15:00,2.4,1.1,0.0,2.64,0.0
2024-11-09 18:30:00,2.4,1.1,0.0,2.56,0.0
2024-11-09 18:45:00,2.5,1.1,0.0,2.53,0.0
2024-11-09 19:00:00,2.5,1.1,0.0,2.44,0.0
2024-11-09 19:15:00,2.4,1.2,0.0,2.33,0.0
2024-11-09 19:30:00,2.3,1.3,0.0,2.25,0.0
2024-11-09 19:45:00,2.2,1.3,0.0,2.14,0.0
2024-11-09 20:00:00,2.2,1.5,0.0,2.14,0.0
2024-11-09 20:15:00,2.3,1.6,0.0,2.19,0.0
2024-11-09 20:30:00,2.5,1.7,0.0,2.28,0.0
2024-11-09 20:45:00,2.6,1.7,0.0,2.42,0.0
2024-11-09 21:00:00,2.7,1.8,0.0,2.47,0.0
2024-11-09 21:15:00,2.8,1.9,0.0,2.47,0.0
2024-11-09 21:30:00,2.8,1.9,0.0,2.56,0.0
2024-11-09 21:45:00,2.9,2.0,0.0,2.47,0.0
2024-11-09 22:00:00,2.9,2.0,0.0,2.47,0.0
2024-11-09 22:15:00,2.9,2.0,0.0,2.47,0.0
2024-11-09 22:30:00,2.9,2.1,0.0,2.47,0.0
2024-11-09 22:45:00,2.8,2.1,0.0,2.5,0.0
2024-11-09 23:00:00,2.8,2.2,0.0,2.53,0.0
2024-11-09 23:15:00,2.8,2.4,0.0,2.53,0.0
2024-11-09 23:30:00,2.8,2.3,0.0,2.47,0.0
2024-11-09 23:45:00,2.8,2.5,0.0,2.47,0.0
2024-11-10 00:00:00,2.7,2.4,0.0,2.47,0.0
2024-11-10 00:15:00,2.7,2.6,0.0,2.47,0.0
2024-11-10 00:30:00,2.7,2.5,0.0,2.39,0.0
2024-11-10 00:45:00,2.7,2.7,0.0,2.31,0.0
2024-11-10 01:00:00,2.6,2.6,0.0,2.31,0.0
2024-11-10 01:15:00,2.6,2.6,0.0,2.31,0.0
2024-11-10 01:30:00,2.5,2.3,0.0,2.17,0.0
2024-11-10 01:45:00,2.4,2.2,0.0,2.11,0.0
2024-11-10 02:00:00,2.3,2.0,0.0,2.11,0.0
2024-11-10 02:15:00,2.3,2.0,0.0,2.11,0.0
2024-11-10 02:30:00,2.4,1.9,0.0,2.17,0.0
2024-11-10 02:45:00,2.4,2.0,0.0,2.22,0.0
2024-11-10 03:00:00,2.4,1.8,0.0,2.28,0.0
2024-11-10 03:15:00,2.4,1.7,0.0,2.33,0.0
2024-11-10 03:30:00,2.4,1.7,0.0,2.28,0.0
2024-11-10 03:45:00,2.4,1.5,0.0,2.19,0.0
2024-11-10 04:00:00,2.3,1.4,0.0,2.19,0.0
2024-11-10 04:15:00,2.2,1.3,0.0,2.14,0.0
2024-11-10 04:30:00,2.1,1.3,0.0,2.06,0.0
2024-11-10 04:45:00,1.9,1.2,0.0,2.08,0.0
2024-11-10 05:00:00,1.8,1.2,0.0,2.03,0.0
2024-11-10 05:15:00,1.7,1.3,0.0,2.03,0.0
2024-11-10 05:30:00,1.7,1.2,0.0,2.11,0.0
2024-11-10 05:45:00,1.6,1.3,0.0,2.17,0.0
2024-11-10 06:00:00,1.5,1.2,0.0,2.17,0.0
2024-11-10 06:15:00,1.5,1.2,0.0,2.17,0.0
2024-11-10 06:30:00,1.4,1.2,0.0,2.22,0.0
2024-11-10 06:45:00,1.3,1.2,0.0,2.22,0.0
2024-11-10 07:00:00,1.3,1.1,0.0,2.22,0.0
2024-11-10 07:15:00,1.2,1.1,0.0,2.22,0.0
2024-11-10 07:30:00,1.1,0.8,0.0,2.08,0.0
2024-11-10 07:45:00,1.1,0.8,0.0,2.0,0.0
2024-11-10 08:00:00,1.0,0.6,0.0,2.0,0.0
2024-11-10 08:15:00,1.0,0.6,0.0,2.06,0.0
2024-11-10 08:30:00,1.0,0.6,0.0,2.14,0.0
2024-11-10 08:45:00,1.0,0.6,0.0,2.19,0.0
2024-11-10 09:00:00,1.1,0.5,0.0,2.28,0.0
2024-11-10 09:15:00,1.3,0.5,0.0,2.25,0.0
2024-11-10 09:30:00,1.5,0.5,0.0,2.19,0.0
2024-11-10 09:45:00,1.7,0.3,0.0,2.14,0.0
2024-11-10 10:00:00,1.8,0.3,0.0,2.14,0.0
2024-11-10 10:15:00,1.9,0.4,0.0,2.06,0.0
2024-11-10 10:30:00,2.0,0.5,0.0,2.06,0.0
2024-11-10 10:45:00,2.0,0.5,0.0,2.06,0.0
2024-11-10 11:00:00,2.1,0.6,0.0,2.0,0.0
2024-11-10 11:15:00,2.1,0.6,0.0,2.0,0.0
2024-11-10 11:30:00,2.2,0.6,0.0,2.0,0.0
2024-11-10 11:45:00,2.3,0.5,0.0,2.06,0.0
2024-11-10 12:00:00,2.3,0.5,0.0,2.06,0.0
2024-11-10 12:15:00,2.4,0.6,0.0,1.97,0.0
2024-11-10 12:30:00,2.5,0.7,0.0,1.83,0.0
2024-11-10 12:45:00,2.6,0.8,0.0,1.69,0.0
2024-11-10 13:00:00,2.5,0.9,0.0,1.64,0.0
2024-11-10 13:15:00,2.3,1.0,0.0,1.64,109.8
2024-11-10 13:30:00,2.1,1.0,0.0,1.69,0.0
2024-11-10 13:45:00,1.8,1.0,0.0,1.83,0.0
2024-11-10 14:00:00,1.6,1.0,0.0,1.92,0.0
2024-11-10 14:15:00,1.5,0.9,0.0,1.92,0.0
2024-11-10 14:30:00,1.6,1.0,0.0,1.92,0.0
2024-11-10 14:45:00,1.7,0.9,0.0,1.86,0.0
2024-11-10 15:00:00,1.8,0.9,0.0,1.86,0.0
2024-11-10 15:15:00,1.9,0.8,0.0,1.86,0.0
2024-11-10 15:30:00,2.0,0.8,0.0,1.94,0.0
2024-11-10 15:45:00,2.0,0.5,0.0,1.94,0.0
2024-11-10 16:00:00,2.0,0.5,0.0,1.94,0.0
2024-11-10 16:15:00,1.9,0.5,0.0,2.0,0.0
2024-11-10 16:30:00,1.6,0.5,0.0,1.92,0.0
2024-11-10 16:45:00,1.4,0.4,0.0,1.92,0.0
2024-11-10 17:00:00,1.2,0.3,0.0,1.92,0.0
2024-11-10 17:15:00,1.1,0.3,0.0,1.83,0.0
2024-11-10 17:30:00,1.1,0.2,0.0,1.92,0.0
2024-11-10 17:45:00,1.1,0.3,0.0,1.86,0.0
2024-11-10 18:00:00,1.1,0.3,0.0,1.86,0.0
2024-11-10 18:15:00,1.1,0.3,0.0,1.78,0.0
2024-11-10 18:30:00,1.1,0.4,0.0,1.83,0.0
2024-11-10 18:45:00,1.2,0.4,0.0,1.78,0.0
2024-11-10 19:00:00,1.2,0.4,0.0,1.78,0.0
2024-11-10 19:15:00,1.2,0.4,0.0,1.78,0.0
2024-11-10 19:30:00,1.2,0.4,0.0,1.83,0.0
2024-11-10 19:45:00,1.2,0.4,0.0,1.83,0.0
2024-11-10 20:00:00,1.3,0.3,0.0,1.83,0.0
2024-11-10 20:15:00,1.3,0.3,0.0,1.83,0.0
2024-11-10 20:30:00,1.3,0.2,0.0,1.83,0.0
2024-11-10 20:45:00,1.4,0.2,0.0,1.83,0.0
2024-11-10 21:00:00,1.4,0.2,0.0,1.86,0.0
2024-11-10 21:15:00,1.4,0.2,0.0,1.94,0.0
2024-11-10 21:30:00,1.4,0.2,0.0,1.89,0.0
2024-11-10 21:45:00,1.3,0.0,0.0,1.89,0.0
2024-11-10 22:00:00,1.3,0.0,0.0,1.89,0.0
2024-11-10 22:15:00,1.3,0.0,0.0,1.81,0.0
2024-11-10 22:30:00,1.4,-0.1,0.0,1.72,0.0
2024-11-10 22:45:00,1.4,-0.1,0.0,1.58,0.0
2024-11-10 23:00:00,1.4,-0.1,0.0,1.5,0.0
2024-11-10 23:15:00,1.4,-0.1,0.0,1.5,0.0
2024-11-10 23:30:00,1.3,-0.1,0.0,1.5,0.0
2024-11-10 23:45:00,1.3,-0.2,0.0,1.53,0.0
2024-11-11 00:00:00,1.2,-0.2,0.0,1.53,0.0
2024-11-11 00:15:00,1.2,-0.3,0.0,1.53,0.0
2024-11-11 00:30:00,1.2,-0.3,0.0,1.56,0.0
2024-11-11 00:45:00,1.1,-0.3,0.0,1.56,0.0
2024-11-11 01:00:00,1.1,-0.2,0.0,1.53,0.0
2024-11-11 01:15:00,1.0,-0.2,0.0,1.5,0.0
2024-11-11 01:30:00,0.8,-0.1,0.0,1.44,0.0
2024-11-11 01:45:00,0.6,0.0,0.0,1.31,0.0
2024-11-11 02:00:00,0.5,0.1,0.0,1.31,0.0
2024-11-11 02:15:00,0.5,0.0,0.0,1.19,0.0
2024-11-11 02:30:00,0.4,-0.0,0.0,1.19,0.0
2024-11-11 02:45:00,0.4,-0.0,0.0,1.11,0.0
2024-11-11 03:00:00,0.4,-0.0,0.0,1.03,0.0
2024-11-11 03:15:00,0.4,-0.0,0.0,0.94,0.0
2024-11-11 03:30:00,0.5,0.0,0.0,0.75,0.0
2024-11-11 03:45:00,0.5,0.1,0.0,0.58,0.0
2024-11-11 04:00:00,0.6,-0.0,0.0,0.5,0.0
2024-11-11 04:15:00,0.6,-0.1,0.0,0.44,0.0
2024-11-11 04:30:00,0.7,-0.3,0.0,0.5,0.0
2024-11-11 04:45:00,0.7,-0.4,0.0,0.53,0.0
2024-11-11 05:00:00,0.8,-0.5,0.0,0.67,0.0
2024-11-11 05:15:00,0.8,-0.5,0.0,0.75,0.0
2024-11-11 05:30:00,0.7,-0.6,0.0,0.75,0.0
2024-11-11 05:45:00,0.7,-0.4,0.0,0.83,0.0
2024-11-11 06:00:00,0.7,-0.5,0.0,0.83,0.0
2024-11-11 06:15:00,0.7,-0.5,0.0,0.83,0.0
2024-11-11 06:30:00,0.7,-0.5,0.0,0.92,0.0
2024-11-11 06:45:00,0.7,-0.5,0.0,0.92,0.0
2024-11-11 07:00:00,0.7,-0.5,0.0,0.89,0.0
2024-11-11 07:15:00,0.7,-0.4,0.0,0.83,0.0
2024-11-11 07:30:00,0.8,-0.4,0.0,0.81,0.0
2024-11-11 07:45:00,0.8,-0.5,0.0,0.86,0.0
2024-11-11 08:00:00,0.9,-0.4,0.0,0.86,0.0
2024-11-11 08:15:00,0.9,-0.4,0.0,0.89,0.0
2024-11-11 08:30:00,0.9,-0.4,0.0,0.86,0.0
2024-11-11 08:45:00,0.9,-0.4,0.0,0.83,0.0
2024-11-11 09:00:00,1.0,-0.3,0.0,0.81,0.0
2024-11-11 09:15:00,1.0,-0.3,0.0,0.81,0.0
2024-11-11 09:30:00,1.1,-0.3,0.0,0.81,0.0
2024-11-11 09:45:00,1.2,-0.2,0.0,0.81,0.0
2024-11-11 10:00:00,1.3,-0.1,0.0,0.83,0.0
2024-11-11 10:15:00,1.4,-0.1,0.0,0.94,0.0
2024-11-11 10:30:00,1.4,0.1,0.0,0.97,0.0
2024-11-11 10:45:00,1.5,0.3,0.0,1.17,0.0
2024-11-11 11:00:00,1.5,0.4,0.0,1.31,0.0
2024-11-11 11:15:00,1.6,0.4,0.0,1.44,0.0
2024-11-11 11:30:00,1.6,0.4,0.0,1.53,0.0
2024-11-11 11:45:00,1.6,0.3,0.0,1.67,0.0
2024-11-11 12:00:00,1.6,0.3,0.0,1.67,18.01
2024-11-11 12:15:00,1.7,0.3,0.0,1.67,0.0
2024-11-11 12:30:00,1.7,0.2,0.0,1.64,0.0
2024-11-11 12:45:00,1.8,0.3,0.0,1.5,0.0
2024-11-11 13:00:00,1.8,0.3,0.0,1.42,0.0
2024-11-11 13:15:00,1.9,0.4,0.0,1.28,0.0
2024-11-11 13:30:00,1.9,0.5,0.0,1.17,0.0
2024-11-11 13:45:00,1.9,0.7,0.0,1.03,0.0
2024-11-11 14:00:00,2.0,0.8,0.0,0.94,0.0
2024-11-11 14:15:00,2.0,0.8,0.0,0.92,0.0
2024-11-11 14:30:00,2.1,0.9,0.0,0.83,0.0
2024-11-11 14:45:00,2.1,0.9,0.0,0.81,0.0
2024-11-11 15:00:00,2.2,1.0,0.0,0.81,0.0
2024-11-11 15:15:00,2.3,1.1,0.0,0.83,0.0
2024-11-11 15:30:00,2.5,1.3,0.0,0.97,0.0
2024-11-11 15:45:00,2.6,1.2,0.0,1.14,0.0
2024-11-11 16:00:00,2.6,1.3,0.0,1.19,0.0
2024-11-11 16:15:00,2.6,1.3,0.0,1.19,0.0
2024-11-11 16:30:00,2.6,1.2,0.0,1.14,0.0
2024-11-11 16:45:00,2.5,1.2,0.0,1.0,0.0
2024-11-11 17:00:00,2.5,1.1,0.0,1.0,0.0
2024-11-11 17:15:00,2.5,1.1,0.0,1.0,0.0
2024-11-11 17:30:00,2.5,1.2,0.0,1.14,0.0
2024-11-11 17:45:00,2.5,1.3,0.0,1.19,0.0
2024-11-11 18:00:00,2.6,1.4,0.0,1.33,0.0
2024-11-11 18:15:00,2.6,1.4,0.0,1.5,0.0
2024-11-11 18:30:00,2.6,1.5,0.0,1.56,0.0
2024-11-11 18:45:00,2.6,1.6,0.0,1.64,0.0
2024-11-11 19:00:00,2.6,1.6,0.0,1.64,0.0
2024-11-11 19:15:00,2.7,1.6,0.0,1.64,0.0
2024-11-11 19:30:00,2.7,1.8,0.0,1.56,0.0
2024-11-11 19:45:00,2.7,1.8,0.0,1.53,0.0
2024-11-11 20:00:00,2.8,1.9,0.0,1.47,0.0
2024-11-11 20:15:00,2.8,1.9,0.0,1.47,0.0
2024-11-11 20:30:00,2.8,1.9,0.0,1.44,0.0
2024-11-11 20:45:00,2.9,1.8,0.0,1.44,0.0
2024-11-11 21:00:00,2.9,1.8,0.0,1.44,0.0
2024-11-11 21:15:00,2.9,1.8,0.0,1.39,0.0
2024-11-11 21:30:00,2.9,1.8,0.0,1.28,0.0
2024-11-11 21:45:00,2.9,1.8,0.0,1.25,0.0
2024-11-11 22:00:00,2.9,1.8,0.0,1.25,0.0
2024-11-11 22:15:00,2.9,1.8,0.0,1.28,0.0
2024-11-11 22:30:00,2.9,2.0,0.0,1.31,0.0
2024-11-11 22:45:00,3.0,2.2,0.0,1.44,0.0
2024-11-11 23:00:00,3.0,2.2,0.0,1.47,0.0
2024-11-11 23:15:00,3.0,2.2,0.0,1.47,0.0
2024-11-11 23:30:00,3.0,2.2,0.0,1.53,0.0
2024-11-11 23:45:00,3.0,2.2,0.0,1.53,0.0
2024-11-12 00:00:00,3.0,2.2,0.0,1.5,0.0
2024-11-12 00:15:00,3.0,2.2,0.0,1.5,0.0
2024-11-12 00:30:00,3.0,2.1,0.0,1.36,0.0
2024-11-12 00:45:00,3.0,2.1,0.0,1.36,0.0
2024-11-12 01:00:00,3.0,2.1,0.0,1.28,0.0
2024-11-12 01:15:00,2.9,2.0,0.0,1.17,0.0
2024-11-12 01:30:00,2.9,2.0,0.0,1.06,0.0
2024-11-12 01:45:00,2.9,2.1,0.0,1.06,0.0
2024-11-12 02:00:00,2.8,2.1,0.0,0.94,0.0
2024-11-12 02:15:00,2.8,2.1,0.0,0.94,0.0
2024-11-12 02:30:00,2.8,2.1,0.0,0.97,0.0
2024-11-12 02:45:00,2.8,2.1,0.0,1.03,0.0
2024-11-12 03:00:00,2.8,2.1,0.0,1.03,0.0
2024-11-12 03:15:00,2.9,2.1,0.0,1.03,0.0
2024-11-12 03:30:00,2.9,2.1,0.0,0.97,0.0
2024-11-12 03:45:00,2.9,2.2,0.0,0.94,0.0
2024-11-12 04:00:00,2.9,2.2,0.0,0.92,0.0
2024-11-12 04:15:00,2.9,2.1,0.0,0.83,0.0
2024-11-12 04:30:00,2.8,2.2,0.0,0.69,0.0
2024-11-12 04:45:00,2.8,2.2,0.0,0.69,0.0
2024-11-12 05:00:00,2.7,2.1,0.0,0.61,0.0
2024-11-12 05:15:00,2.7,2.1,0.0,0.61,0.0
2024-11-12 05:30:00,2.7,2.1,0.0,0.61,0.0
2024-11-12 05:45:00,2.8,2.0,0.0,0.69,0.0
2024-11-12 06:00:00,2.8,2.0,0.0,0.69,0.0
2024-11-12 06:15:00,2.8,2.0,0.0,0.72,0.0
2024-11-12 06:30:00,2.8,1.9,0.0,0.86,0.0
2024-11-12 06:45:00,2.9,2.0,0.0,0.89,0.0
2024-11-12 07:00:00,2.9,2.0,0.0,0.94,0.0
2024-11-12 07:15:00,2.9,2.0,0.0,0.92,0.0
2024-11-12 07:30:00,2.9,2.0,0.0,1.0,0.0
2024-11-12 07:45:00,2.9,2.0,0.0,1.11,0.0
2024-11-12 08:00:00,2.9,2.0,0.0,1.08,0.0
2024-11-12 08:15:00,2.9,2.0,0.0,0.97,0.0
2024-11-12 08:30:00,2.9,2.0,0.0,0.86,0.0
2024-11-12 08:45:00,2.9,2.0,0.0,0.78,0.0
2024-11-12 09:00:00,2.9,2.0,0.0,0.81,0.0
2024-11-12 09:15:00,3.0,2.1,0.0,0.89,0.0
2024-11-12 09:30:00,3.1,2.2,0.0,0.94,0.0
2024-11-12 09:45:00,3.2,2.1,0.0,1.08,0.0
2024-11-12 10:00:00,3.2,2.2,0.0,1.14,0.0
2024-11-12 10:15:00,3.2,2.0,0.0,1.28,0.0
2024-11-12 10:30:00,3.2,1.8,0.0,1.36,0.0
2024-11-12 10:45:00,3.1,1.6,0.0,1.47,0.0
2024-11-12 11:00:00,3.1,1.5,0.0,1.53,0.0
2024-11-12 11:15:00,3.2,1.4,0.0,1.53,0.0
2024-11-12 11:30:00,3.3,1.3,0.0,1.5,0.0
2024-11-12 11:45:00,3.3,1.4,0.0,1.39,0.0
2024-11-12 12:00:00,3.4,1.2,0.0,1.39,0.0
2024-11-12 12:15:00,3.4,1.2,0.0,1.39,0.0
2024-11-12 12:30:00,3.4,1.2,0.0,1.36,0.0
2024-11-12 12:45:00,3.4,1.2,0.0,1.36,0.0
2024-11-12 13:00:00,3.3,1.1,0.0,1.33,0.0
2024-11-12 13:15:00,3.1,1.0,0.0,1.42,0.0
2024-11-12 13:30:00,2.9,1.0,0.0,1.61,0.0
2024-11-12 13:45:00,2.7,0.8,0.0,1.69,0.0
2024-11-12 14:00:00,2.6,0.6,0.0,1.81,0.0
2024-11-12 14:15:00,2.5,0.5,0.0,1.81,0.0
2024-11-12 14:30:00,2.5,0.5,0.0,1.72,0.0
2024-11-12 14:45:00,2.4,0.3,0.0,1.64,0.0
2024-11-12 15:00:00,2.4,0.3,0.0,1.53,0.0
2024-11-12 15:15:00,2.4,0.3,0.0,1.44,0.0
2024-11-12 15:30:00,2.4,0.3,0.0,1.42,0.0
2024-11-12 15:45:00,2.3,0.2,0.0,1.31,0.0
2024-11-12 16:00:00,2.3,0.2,0.0,1.31,0.0
2024-11-12 16:15:00,2.2,0.1,0.0,1.31,0.0
2024-11-12 16:30:00,2.2,0.2,0.0,1.42,0.0
2024-11-12 16:45:00,2.1,0.1,0.0,1.5,0.0
2024-11-12 17:00:00,2.0,0.1,0.0,1.53,0.0
2024-11-12 17:15:00,2.0,0.0,0.0,1.53,0.0
2024-11-12 17:30:00,1.9,-0.1,0.0,1.53,0.0
2024-11-12 17:45:00,1.8,-0.1,0.0,1.53,0.0
2024-11-12 18:00:00,1.8,-0.2,0.0,1.53,0.0
2024-11-12 18:15:00,1.8,-0.2,0.0,1.53,0.0
2024-11-12 18:30:00,1.8,-0.2,0.0,1.5,0.0
2024-11-12 18:45:00,1.8,-0.2,0.0,1.5,0.0
2024-11-12 19:00:00,1.7,-0.2,0.0,1.5,0.0
2024-11-12 19:15:00,1.6,-0.3,0.0,1.61,0.0
2024-11-12 19:30:00,1.4,-0.4,0.0,1.75,0.0
2024-11-12 19:45:00,1.3,-0.5,0.0,1.81,0.0
2024-11-12 20:00:00,1.1,-0.5,0.0,1.89,0.0
2024-11-12 20:15:00,1.0,-0.4,0.0,1.83,0.0
2024-11-12 20:30:00,1.0,-0.4,0.0,1.81,0.0
2024-11-12 20:45:00,1.0,-0.3,0.0,1.72,0.0
2024-11-12 21:00:00,0.9,-0.4,0.0,1.81,0.0
2024-11-12 21:15:00,0.7,-0.6,0.0,1.78,0.0
2024-11-12 21:30:00,0.6,-0.7,0.0,1.83,0.0
2024-11-12 21:45:00,0.4,-1.1,0.0,1.81,0.0
2024-11-12 22:00:00,0.3,-1.2,0.0,1.72,0.0
2024-11-12 22:15:00,0.2,-1.2,0.0,1.64,0.0
2024-11-12 22:30:00,0.2,-1.2,0.0,1.64,0.0
2024-11-12 22:45:00,0.2,-1.2,0.0,1.58,0.0
2024-11-12 23:00:00,0.2,-1.2,0.0,1.58,0.0
2024-11-12 23:15:00,0.2,-1.3,0.0,1.72,0.0
2024-11-12 23:30:00,0.1,-1.4,0.0,1.86,0.0
2024-11-12 23:45:00,-0.0,-1.5,0.0,2.08,0.0
2024-11-13 00:00:00,-0.1,-1.5,0.0,2.22,0.0
2024-11-13 00:15:00,-0.1,-1.6,0.0,2.31,0.0
2024-11-13 00:30:00,-0.1,-1.6,0.0,2.25,0.0
2024-11-13 00:45:00,-0.1,-1.7,0.0,2.28,0.0
2024-11-13 01:00:00,-0.1,-1.7,0.0,2.22,0.0
2024-11-13 01:15:00,-0.1,-1.7,0.0,2.28,0.0
2024-11-13 01:30:00,-0.1,-1.9,0.0,2.22,0.0
2024-11-13 01:45:00,-0.2,-1.9,0.0,2.17,0.0
2024-11-13 02:00:00,-0.2,-1.9,0.0,2.14,0.0
2024-11-13 02:15:00,-0.2,-2.0,0.0,2.03,0.0
2024-11-13 02:30:00,-0.2,-1.8,0.0,1.75,0.0
2024-11-13 02:45:00,-0.3,-1.7,0.0,1.58,0.0
2024-11-13 03:00:00,-0.3,-1.7,0.0,1.53,0.0
2024-11-13 03:15:00,-0.3,-1.7,0.0,1.56,0.0
2024-11-13 03:30:00,-0.3,-1.7,0.0,1.61,0.0
2024-11-13 03:45:00,-0.2,-1.7,0.0,1.75,0.0
2024-11-13 04:00:00,-0.2,-1.7,0.0,1.81,0.0
2024-11-13 04:15:00,-0.2,-1.5,0.0,1.72,0.0
2024-11-13 04:30:00,-0.2,-1.5,0.0,1.56,0.0
2024-11-13 04:45:00,-0.1,-1.3,0.0,1.42,0.0
2024-11-13 05:00:00,-0.1,-1.1,0.0,1.36,0.0
2024-11-13 05:15:00,-0.0,-1.0,0.0,1.44,0.0
2024-11-13 05:30:00,0.0,-0.8,0.0,1.61,0.0
2024-11-13 05:45:00,0.0,-0.8,0.0,1.69,0.0
2024-11-13 06:00:00,0.1,-0.8,0.0,1.78,0.0
2024-11-13 06:15:00,0.1,-0.7,0.0,1.89,0.0
2024-11-13 06:30:00,0.2,-0.5,0.0,1.89,0.0
2024-11-13 06:45:00,0.2,-0.5,0.0,1.89,0.0
2024-11-13 07:00:00,0.2,-0.5,0.0,1.83,0.0
2024-11-13 07:15:00,0.3,-0.4,0.0,1.81,0.0
2024-11-13 07:30:00,0.3,-0.4,0.0,1.67,0.0
2024-11-13 07:45:00,0.3,-0.4,0.0,1.64,0.0
2024-11-13 08:00:00,0.3,-0.4,0.0,1.5,0.0
2024-11-13 08:15:00,0.4,-0.3,0.0,1.5,0.0
2024-11-13 08:30:00,0.4,-0.2,0.0,1.42,0.0
2024-11-13 08:45:00,0.5,-0.1,0.0,1.42,0.0
2024-11-13 09:00:00,0.5,-0.1,0.0,1.44,0.0
2024-11-13 09:15:00,0.6,0.0,0.0,1.53,0.0
2024-11-13 09:30:00,0.8,0.1,0.0,1.72,0.0
2024-11-13 09:45:00,0.9,0.2,0.0,1.92,0.0
2024-11-13 10:00:00,1.0,0.2,0.0,2.0,0.0
2024-11-13 10:15:00,1.2,0.3,0.0,2.0,0.0
2024-11-13 10:30:00,1.3,0.3,0.0,2.03,0.0
2024-11-13 10:45:00,1.4,0.4,0.0,1.97,0.0
2024-11-13 11:00:00,1.6,0.6,0.0,2.03,0.0
2024-11-13 11:15:00,1.7,0.7,0.0,1.97,0.0
2024-11-13 11:30:00,1.8,0.8,0.0,1.97,0.0
2024-11-13 11:45:00,1.9,0.7,0.0,1.83,0.0
2024-11-13 12:00:00,2.0,0.8,0.0,1.83,0.0
2024-11-13 12:15:00,2.2,1.0,0.0,1.83,0.0
2024-11-13 12:30:00,2.3,1.0,0.0,1.94,0.0
2024-11-13 12:45:00,2.4,1.1,0.0,2.03,0.0
2024-11-13 13:00:00,2.6,1.1,0.0,2.11,0.0
2024-11-13 13:15:00,2.7,1.2,0.0,2.08,0.0
2024-11-13 13:30:00,2.8,1.1,0.0,2.03,0.0
2024-11-13 13:45:00,2.9,1.2,0.0,1.92,0.0
2024-11-13 14:00:00,2.9,1.1,0.0,1.92,0.0
2024-11-13 14:15:00,3.0,1.0,0.0,2.0,0.0
2024-11-13 14:30:00,3.0,1.1,0.0,2.14,0.0
2024-11-13 14:45:00,3.1,0.9,0.0,2.17,0.0
2024-11-13 15:00:00,3.1,0.9,0.0,2.28,0.0
2024-11-13 15:15:00,3.1,0.9,0.0,2.28,0.0
2024-11-13 15:30:00,3.1,0.9,0.0,2.31,0.0
2024-11-13 15:45:00,3.1,1.1,0.0,2.22,0.0
2024-11-13 16:00:00,3.1,1.1,0.0,2.22,0.0
2024-11-13 16:15:00,3.1,1.3,0.0,2.22,0.0
2024-11-13 16:30:00,3.1,1.3,0.0,2.25,0.0
2024-11-13 16:45:00,3.1,1.4,0.0,2.25,0.0
2024-11-13 17:00:00,3.1,1.6,0.0,2.17,0.0
2024-11-13 17:15:00,3.0,1.7,0.0,2.03,0.0
2024-11-13 17:30:00,3.0,1.7,0.0,1.81,0.0
2024-11-13 17:45:00,3.0,1.8,0.0,1.58,0.0
2024-11-13 18:00:00,2.9,1.7,0.0,1.36,0.0
2024-11-13 18:15:00,2.9,1.7,0.0,1.28,0.0
2024-11-13 18:30:00,2.9,1.8,0.0,1.17,0.0
2024-11-13 18:45:00,2.9,1.8,0.0,1.17,0.0
2024-11-13 19:00:00,2.9,1.8,0.0,1.14,0.0
2024-11-13 19:15:00,2.9,1.9,0.0,1.19,0.0
2024-11-13 19:30:00,3.0,2.1,0.0,1.42,0.0
2024-11-13 19:45:00,3.1,2.4,0.0,1.64,0.0
2024-11-13 20:00:00,3.2,2.4,0.0,1.78,0.0
2024-11-13 20:15:00,3.2,2.5,0.0,1.75,0.0
2024-11-13 20:30:00,3.2,2.5,0.0,1.61,0.0
2024-11-13 20:45:00,3.3,2.5,0.0,1.61,0.0
2024-11-13 21:00:00,3.3,2.5,0.0,1.5,0.0
2024-11-13 21:15:00,3.3,2.5,0.0,1.5,0.0
2024-11-13 21:30:00,3.3,2.5,0.0,1.42,0.0
2024-11-13 21:45:00,3.3,2.5,0.0,1.42,0.0
2024-11-13 22:00:00,3.3,2.6,0.0,1.44,0.0
2024-11-13 22:15:00,3.4,2.6,0.0,1.44,0.0
2024-11-13 22:30:00,3.5,2.9,0.0,1.44,0.0
2024-11-13 22:45:00,3.5,2.9,0.0,1.44,0.0
2024-11-13 23:00:00,3.6,3.0,0.0,1.44,0.0
2024-11-13 23:15:00,3.6,3.0,0.0,1.44,0.0
2024-11-13 23:30:00,3.6,3.0,0.0,1.56,0.0
2024-11-13 23:45:00,3.6,2.9,0.0,1.64,0.0
2024-11-14 00:00:00,3.6,2.9,0.0,1.64,0.0
2024-11-14 00:15:00,3.6,2.9,0.0,1.64,0.0
2024-11-14 00:30:00,3.7,2.8,0.0,1.72,0.0
2024-11-14 00:45:00,3.7,2.8,0.0,1.72,0.0
2024-11-14 01:00:00,3.7,2.8,0.0,1.69,0.0
2024-11-14 01:15:00,3.7,2.8,0.0,1.69,0.0
2024-11-14 01:30:00,3.7,3.0,0.0,1.69,0.0
2024-11-14 01:45:00,3.7,3.1,0.0,1.72,0.0
2024-11-14 02:00:00,3.7,3.1,0.0,1.72,0.0
2024-11-14 02:15:00,3.7,3.1,0.0,1.72,0.0
2024-11-14 02:30:00,3.8,3.2,0.0,1.72,0.0
2024-11-14 02:45:00,3.8,3.0,0.0,1.72,0.0
2024-11-14 03:00:00,3.8,3.0,0.0,1.72,0.0
2024-11-14 03:15:00,3.8,3.0,0.0,1.75,0.0
2024-11-14 03:30:00,3.8,3.0,0.0,1.81,0.0
2024-11-14 03:45:00,3.7,2.8,0.0,1.78,0.0
2024-11-14 04:00:00,3.7,2.8,0.0,1.83,0.0
2024-11-14 04:15:00,3.7,2.8,0.0,1.83,0.0
2024-11-14 04:30:00,3.7,2.6,0.0,1.83,0.0
2024-11-14 04:45:00,3.7,2.6,0.0,1.78,0.0
2024-11-14 05:00:00,3.6,2.4,0.0,1.78,0.0
2024-11-14 05:15:00,3.6,2.2,0.0,1.83,0.0
2024-11-14 05:30:00,3.5,2.2,0.0,1.75,0.0
2024-11-14 05:45:00,3.5,2.0,0.0,1.81,0.0
2024-11-14 06:00:00,3.4,1.9,0.0,1.86,0.0
2024-11-14 06:15:00,3.4,1.9,0.0,1.86,0.0
2024-11-14 06:30:00,3.3,1.7,0.0,1.86,0.0
2024-11-14 06:45:00,3.3,1.6,0.0,1.86,0.0
2024-11-14 07:00:00,3.3,1.6,0.0,1.94,0.0
2024-11-14 07:15:00,3.3,1.6,0.0,1.97,0.0
2024-11-14 07:30:00,3.3,1.7,0.0,2.14,0.0
2024-11-14 07:45:00,3.3,1.7,0.0,2.19,0.0
2024-11-14 08:00:00,3.3,1.7,0.0,2.28,0.0
2024-11-14 08:15:00,3.3,1.5,0.0,2.33,0.0
2024-11-14 08:30:00,3.2,1.4,0.0,2.25,0.0
2024-11-14 08:45:00,3.1,1.1,0.0,2.22,0.0
2024-11-14 09:00:00,3.1,0.9,0.0,2.28,0.0
2024-11-14 09:15:00,3.1,0.8,0.0,2.25,0.0
2024-11-14 09:30:00,3.2,0.9,0.0,2.33,0.0
2024-11-14 09:45:00,3.3,1.0,0.0,2.33,180.96
2024-11-14 10:00:00,3.5,1.1,0.0,2.42,868.58
2024-11-14 10:15:00,3.8,1.2,0.0,2.5,900.0
2024-11-14 10:30:00,4.2,1.4,0.0,2.44,900.0
2024-11-14 10:45:00,4.6,1.6,0.0,2.44,900.0
2024-11-14 11:00:00,5.0,1.8,0.0,2.53,900.0
2024-11-14 11:15:00,5.2,1.9,0.0,2.61,900.0
2024-11-14 11:30:00,5.4,1.9,0.0,2.69,900.0
2024-11-14 11:45:00,5.6,2.0,0.0,2.78,796.92
2024-11-14 12:00:00,5.8,2.0,0.0,2.92,787.36
2024-11-14 12:15:00,6.0,2.2,0.0,2.97,179.43
2024-11-14 12:30:00,6.2,2.5,0.0,3.03,387.79
2024-11-14 12:45:00,6.4,2.5,0.0,3.0,900.0
2024-11-14 13:00:00,6.6,2.6,0.0,3.06,900.0
2024-11-14 13:15:00,6.7,2.6,0.0,3.11,398.81
2024-11-14 13:30:00,6.8,2.5,0.0,3.28,326.59
2024-11-14 13:45:00,6.9,2.2,0.0,3.44,416.43
2024-11-14 14:00:00,6.9,2.2,0.0,3.56,0.0
2024-11-14 14:15:00,6.7,2.2,0.0,3.64,0.0
2024-11-14 14:30:00,6.5,2.3,0.0,3.69,0.0
2024-11-14 14:45:00,6.2,2.5,0.1,3.67,0.0
2024-11-14 15:00:00,6.0,2.5,0.2,3.67,0.0
2024-11-14 15:15:00,5.9,2.5,0.0,3.58,0.0
2024-11-14 15:30:00,5.8,2.4,0.0,3.58,0.0
2024-11-14 15:45:00,5.7,2.4,0.0,3.44,0.0
2024-11-14 16:00:00,5.7,2.3,0.0,3.31,0.0
2024-11-14 16:15:00,5.7,2.5,0.0,3.25,0.0
2024-11-14 16:30:00,5.7,2.5,0.0,3.06,0.0
2024-11-14 16:45:00,5.7,2.7,0.0,2.94,0.0
2024-11-14 17:00:00,5.7,2.8,0.0,2.86,0.0
2024-11-14 17:15:00,5.6,3.0,0.0,2.83,0.0
2024-11-14 17:30:00,5.6,3.1,0.0,2.69,0.0
2024-11-14 17:45:00,5.5,3.2,0.0,2.69,0.0
2024-11-14 18:00:00,5.5,3.4,0.0,2.75,0.0
2024-11-14 18:15:00,5.6,3.7,0.0,2.81,0.0
2024-11-14 18:30:00,5.6,4.1,0.1,3.08,0.0
2024-11-14 18:45:00,5.7,4.5,0.0,3.25,0.0
2024-11-14 19:00:00,5.8,4.7,0.0,3.33,0.0
2024-11-14 19:15:00,5.9,4.8,0.0,3.31,0.0
2024-11-14 19:30:00,6.0,4.8,0.0,3.22,0.0
2024-11-14 19:45:00,6.1,4.9,0.0,3.17,0.0
2024-11-14 20:00:00,6.2,4.8,0.0,3.11,0.0
2024-11-14 20:15:00,6.2,4.9,0.0,3.0,0.0
2024-11-14 20:30:00,6.2,4.9,0.0,2.86,0.0
2024-11-14 20:45:00,6.2,4.9,0.0,2.75,0.0
2024-11-14 21:00:00,6.2,4.9,0.0,2.72,0.0
2024-11-14 21:15:00,6.2,4.9,0.0,2.81,0.0
2024-11-14 21:30:00,6.2,5.0,0.0,2.89,0.0
2024-11-14 21:45:00,6.2,5.1,0.0,3.11,0.0
2024-11-14 22:00:00,6.2,5.1,0.0,3.19,0.0
2024-11-14 22:15:00,6.2,5.2,0.0,3.19,0.0
2024-11-14 22:30:00,6.2,5.2,0.0,3.19,0.0
2024-11-14 22:45:00,6.3,5.2,0.0,3.14,0.0
2024-11-14 23:00:00,6.3,5.3,0.0,3.14,0.0
2024-11-14 23:15:00,6.3,5.3,0.0,3.17,0.0
2024-11-14 23:30:00,6.4,5.3,0.0,3.17,0.0
2024-11-14 23:45:00,6.4,5.3,0.0,3.28,0.0
2024-11-15 00:00:00,6.4,5.3,0.0,3.31,0.0
2024-11-15 00:15:00,6.4,5.3,0.0,3.33,0.0
2024-11-15 00:30:00,6.4,5.3,0.0,3.33,0.0
2024-11-15 00:45:00,6.3,5.3,0.0,3.36,0.0
2024-11-15 01:00:00,6.3,5.3,0.0,3.36,0.0
2024-11-15 01:15:00,6.3,5.3,0.0,3.36,0.0
2024-11-15 01:30:00,6.3,5.4,0.0,3.22,0.0
2024-11-15 01:45:00,6.3,5.4,0.0,3.22,0.0
2024-11-15 02:00:00,6.3,5.4,0.0,3.14,0.0
2024-11-15 02:15:00,6.3,5.4,0.0,3.06,0.0
2024-11-15 02:30:00,6.2,5.3,0.0,3.0,0.0
2024-11-15 02:45:00,6.2,5.3,0.0,2.94,0.0
2024-11-15 03:00:00,6.2,5.3,0.0,3.0,0.0
2024-11-15 03:15:00,6.2,5.3,0.0,3.0,0.0
2024-11-15 03:30:00,6.2,5.3,0.0,3.08,0.0
2024-11-15 03:45:00,6.2,5.3,0.0,3.06,0.0
2024-11-15 04:00:00,6.2,5.3,0.0,3.06,0.0
2024-11-15 04:15:00,6.2,5.3,0.0,2.94,0.0
2024-11-15 04:30:00,6.2,5.4,0.0,2.92,0.0
2024-11-15 04:45:00,6.2,5.4,0.0,2.72,0.0
2024-11-15 05:00:00,6.2,5.4,0.0,2.69,0.0
2024-11-15 05:15:00,6.2,5.4,0.0,2.75,0.0
2024-11-15 05:30:00,6.2,5.5,0.0,2.75,0.0
2024-11-15 05:45:00,6.2,5.5,0.0,2.81,0.0
2024-11-15 06:00:00,6.2,5.5,0.0,2.72,0.0
2024-11-15 06:15:00,6.2,5.5,0.0,2.5,0.0
2024-11-15 06:30:00,6.2,5.6,0.0,2.19,0.0
2024-11-15 06:45:00,6.2,5.6,0.0,1.92,0.0
2024-11-15 07:00:00,6.2,5.6,0.0,1.78,0.0
2024-11-15 07:15:00,6.1,5.4,0.0,1.92,0.0
2024-11-15 07:30:00,6.1,5.2,0.0,2.25,0.0
2024-11-15 07:45:00,6.0,5.0,0.0,2.58,0.0
2024-11-15 08:00:00,6.0,5.0,0.0,2.78,0.0
2024-11-15 08:15:00,6.0,5.0,0.0,2.72,0.0
2024-11-15 08:30:00,6.1,5.2,0.0,2.64,0.0
2024-11-15 08:45:00,6.1,5.3,0.0,2.42,0.0
2024-11-15 09:00:00,6.1,5.4,0.0,2.28,0.0
2024-11-15 09:15:00,6.2,5.4,0.0,2.25,0.0
2024-11-15 09:30:00,6.2,5.3,0.0,2.33,0.0
2024-11-15 09:45:00,6.3,5.4,0.0,2.42,0.0
2024-11-15 10:00:00,6.4,5.3,0.0,2.5,0.0
2024-11-15 10:15:00,6.5,5.3,0.0,2.58,0.0
2024-11-15 10:30:00,6.7,5.3,0.0,2.67,65.12
2024-11-15 10:45:00,6.8,5.3,0.0,2.86,0.0
2024-11-15 11:00:00,7.0,5.3,0.0,2.97,0.0
2024-11-15 11:15:00,7.1,5.2,0.0,3.08,518.79
2024-11-15 11:30:00,7.2,5.1,0.0,3.22,0.0
2024-11-15 11:45:00,7.3,4.9,0.0,3.39,0.0
2024-11-15 12:00:00,7.4,4.8,0.0,3.5,512.19
2024-11-15 12:15:00,7.5,4.6,0.0,3.47,0.0
2024-11-15 12:30:00,7.6,4.3,0.0,3.42,854.65
2024-11-15 12:45:00,7.7,4.1,0.0,3.28,0.0
2024-11-15 13:00:00,7.8,3.8,0.0,3.25,529.66
2024-11-15 13:15:00,7.8,3.7,0.0,3.36,0.0
2024-11-15 13:30:00,7.9,3.6,0.0,3.56,0.0
2024-11-15 13:45:00,7.9,3.4,0.0,3.69,242.51
2024-11-15 14:00:00,8.0,3.4,0.0,3.78,483.28
2024-11-15 14:15:00,8.0,3.4,0.0,3.78,0.0
2024-11-15 14:30:00,8.0,3.4,0.0,3.67,317.86
2024-11-15 14:45:00,8.0,3.6,0.0,3.56,456.6
2024-11-15 15:00:00,8.0,3.6,0.0,3.42,0.0
2024-11-15 15:15:00,8.0,3.8,0.0,3.28,0.0
2024-11-15 15:30:00,8.0,4.0,0.0,3.22,657.97
2024-11-15 15:45:00,7.9,3.9,0.0,3.08,346.24
2024-11-15 16:00:00,7.9,4.1,0.0,3.06,294.71
2024-11-15 16:15:00,7.9,4.1,0.0,3.06,227.06
2024-11-15 16:30:00,7.9,4.3,0.0,3.08,0.0
2024-11-15 16:45:00,7.8,4.2,0.0,3.11,0.0
2024-11-15 17:00:00,7.7,4.1,0.0,3.11,0.0
2024-11-15 17:15:00,7.6,4.0,0.0,3.0,0.0
2024-11-15 17:30:00,7.5,3.9,0.0,2.92,0.0
2024-11-15 17:45:00,7.3,3.7,0.0,2.78,0.0
2024-11-15 18:00:00,7.2,3.8,0.0,2.67,0.0
2024-11-15 18:15:00,7.0,3.8,0.0,2.53,0.0
2024-11-15 18:30:00,6.9,4.0,0.0,2.31,0.0
2024-11-15 18:45:00,6.8,4.1,0.0,2.22,0.0
2024-11-15 19:00:00,6.7,4.2,0.0,2.17,0.0
2024-11-15 19:15:00,6.8,4.1,0.0,2.25,0.0
2024-11-15 19:30:00,6.9,4.0,0.0,2.33,0.0
2024-11-15 19:45:00,7.1,3.8,0.0,2.5,0.0
2024-11-15 20:00:00,7.2,3.8,0.0,2.61,0.0
2024-11-15 20:15:00,7.2,3.8,0.0,2.61,0.0
2024-11-15 20:30:00,7.1,3.8,0.0,2.5,0.0
2024-11-15 20:45:00,7.0,4.0,0.0,2.44,0.0
2024-11-15 21:00:00,6.9,4.0,0.0,2.44,0.0
2024-11-15 21:15:00,6.9,4.2,0.0,2.47,0.0
2024-11-15 21:30:00,6.8,4.1,0.0,2.53,0.0
2024-11-15 21:45:00,6.7,4.2,0.0,2.67,0.0
2024-11-15 22:00:00,6.7,4.2,0.0,2.69,0.0
2024-11-15 22:15:00,6.8,4.3,0.0,2.78,0.0
2024-11-15 22:30:00,7.0,4.3,0.0,2.75,0.0
2024-11-15 22:45:00,7.2,4.3,0.0,2.81,0.0
2024-11-15 23:00:00,7.3,4.2,0.0,2.92,0.0
2024-11-15 23:15:00,7.3,4.3,0.0,3.0,0.0
2024-11-15 23:30:00,7.3,4.3,0.0,3.14,0.0
2024-11-15 23:45:00,7.3,4.4,0.0,3.25,0.0
2024-11-16 00:00:00,7.3,4.4,0.0,3.25,0.0
2024-11-16 00:15:00,7.3,4.4,0.0,3.25,0.0
2024-11-16 00:30:00,7.3,4.4,0.0,3.17,0.0
2024-11-16 00:45:00,7.3,4.3,0.0,3.17,0.0
2024-11-16 01:00:00,7.3,4.3,0.0,3.06,0.0
2024-11-16 01:15:00,7.3,4.2,0.0,3.11,0.0
2024-11-16 01:30:00,7.2,4.0,0.0,3.06,0.0
2024-11-16 01:45:00,7.1,3.7,0.0,3.08,0.0
2024-11-16 02:00:00,7.1,3.7,0.0,3.14,0.0
2024-11-16 02:15:00,7.0,3.6,0.0,3.17,0.0
2024-11-16 02:30:00,6.9,3.5,0.0,3.17,0.0
2024-11-16 02:45:00,6.8,3.4,0.0,3.17,0.0
2024-11-16 03:00:00,6.8,3.4,0.0,3.17,0.0
2024-11-16 03:15:00,6.7,3.3,0.0,3.17,0.0
2024-11-16 03:30:00,6.7,3.3,0.0,3.14,0.0
2024-11-16 03:45:00,6.7,3.1,0.0,3.03,0.0
2024-11-16 04:00:00,6.7,3.1,0.0,3.0,0.0
2024-11-16 04:15:00,6.7,3.1,0.0,3.0,0.0
2024-11-16 04:30:00,6.8,3.0,0.0,2.86,0.0
2024-11-16 04:45:00,6.8,2.9,0.0,2.86,0.0
2024-11-16 05:00:00,6.8,2.9,0.0,2.78,0.0
2024-11-16 05:15:00,6.8,2.9,0.0,2.69,0.0
2024-11-16 05:30:00,6.8,2.9,0.0,2.72,0.0
2024-11-16 05:45:00,6.8,2.8,0.0,2.69,0.0
2024-11-16 06:00:00,6.8,2.8,0.0,2.69,0.0
2024-11-16 06:15:00,6.8,2.8,0.0,2.69,0.0
2024-11-16 06:30:00,6.8,2.8,0.0,2.69,0.0
2024-11-16 06:45:00,6.8,2.8,0.0,2.64,0.0
2024-11-16 07:00:00,6.7,2.8,0.0,2.64,0.0
2024-11-16 07:15:00,6.6,2.7,0.0,2.64,0.0
2024-11-16 07:30:00,6.5,2.6,0.0,2.5,0.0
2024-11-16 07:45:00,6.4,2.5,0.0,2.5,0.0
2024-11-16 08:00:00,6.3,2.4,0.0,2.42,0.0
2024-11-16 08:15:00,6.2,2.3,0.0,2.33,0.0
2024-11-16 08:30:00,6.1,2.2,0.0,2.25,0.0
2024-11-16 08:45:00,6.0,2.3,0.0,2.17,0.0
2024-11-16 09:00:00,5.9,2.2,0.0,2.0,17.63
2024-11-16 09:15:00,5.9,2.3,0.0,1.78,557.41
2024-11-16 09:30:00,5.8,2.3,0.0,1.42,900.0
2024-11-16 09:45:00,5.8,2.4,0.0,1.11,900.0
2024-11-16 10:00:00,5.8,2.4,0.0,0.94,900.0
2024-11-16 10:15:00,5.9,2.5,0.0,0.75,900.0
2024-11-16 10:30:00,6.1,2.6,0.0,0.5,900.0
2024-11-16 10:45:00,6.4,2.6,0.0,0.5,900.0
2024-11-16 11:00:00,6.6,2.6,0.0,0.69,900.0
2024-11-16 11:15:00,6.8,2.6,0.0,0.81,900.0
2024-11-16 11:30:00,7.0,2.7,0.0,1.0,900.0
2024-11-16 11:45:00,7.3,2.5,0.0,1.11,900.0
2024-11-16 12:00:00,7.5,2.5,0.0,1.44,900.0
2024-11-16 12:15:00,7.7,2.3,0.0,1.86,900.0
2024-11-16 12:30:00,7.9,2.1,0.0,2.5,900.0
2024-11-16 12:45:00,8.1,1.9,0.0,3.0,900.0
2024-11-16 13:00:00,8.2,1.8,0.0,3.42,900.0
2024-11-16 13:15:00,8.4,1.9,0.0,3.56,900.0
2024-11-16 13:30:00,8.5,2.0,0.0,3.64,900.0
2024-11-16 13:45:00,8.5,2.1,0.0,3.58,900.0
2024-11-16 14:00:00,8.6,2.4,0.0,3.42,900.0
2024-11-16 14:15:00,8.6,2.6,0.0,3.22,900.0
2024-11-16 14:30:00,8.6,2.6,0.0,2.97,900.0
2024-11-16 14:45:00,8.5,2.7,0.0,2.78,900.0
2024-11-16 15:00:00,8.5,2.7,0.0,2.61,900.0
2024-11-16 15:15:00,8.4,2.6,0.0,2.47,900.0
2024-11-16 15:30:00,8.2,2.2,0.0,2.28,900.0
2024-11-16 15:45:00,8.1,2.1,0.0,2.22,900.0
2024-11-16 16:00:00,7.9,1.9,0.0,2.25,858.42
2024-11-16 16:15:00,7.7,1.8,0.0,2.31,806.81
2024-11-16 16:30:00,7.5,1.8,0.0,2.42,342.4
2024-11-16 16:45:00,7.3,1.8,0.0,2.61,0.0
2024-11-16 17:00:00,7.1,1.8,0.0,2.61,0.0
2024-11-16 17:15:00,6.8,1.7,0.0,2.53,0.0
2024-11-16 17:30:00,6.5,1.8,0.0,2.44,0.0
2024-11-16 17:45:00,6.2,1.7,0.0,2.33,0.0
2024-11-16 18:00:00,6.0,1.7,0.0,2.25,0.0
2024-11-16 18:15:00,5.8,1.7,0.0,2.22,0.0
2024-11-16 18:30:00,5.6,1.7,0.0,2.08,0.0
2024-11-16 18:45:00,5.5,1.6,0.0,2.06,0.0
2024-11-16 19:00:00,5.3,1.6,0.0,2.06,0.0
2024-11-16 19:15:00,5.2,1.6,0.0,2.06,0.0
2024-11-16 19:30:00,5.0,1.4,0.0,2.08,0.0
2024-11-16 19:45:00,4.8,1.3,0.0,2.11,0.0
2024-11-16 20:00:00,4.6,1.3,0.0,2.11,0.0
2024-11-16 20:15:00,4.4,1.3,0.0,2.0,0.0
2024-11-16 20:30:00,4.2,1.2,0.0,1.75,0.0
2024-11-16 20:45:00,4.1,1.3,0.0,1.61,0.0
2024-11-16 21:00:00,3.9,1.2,0.0,1.42,0.0
2024-11-16 21:15:00,3.7,1.2,0.0,1.22,0.0
2024-11-16 21:30:00,3.5,1.2,0.0,1.08,0.0
2024-11-16 21:45:00,3.4,1.2,0.0,1.08,0.0
2024-11-16 22:00:00,3.2,1.3,0.0,1.14,0.0
2024-11-16 22:15:00,3.1,1.3,0.0,1.19,0.0
2024-11-16 22:30:00,3.0,1.2,0.0,1.28,0.0
2024-11-16 22:45:00,2.9,1.1,0.0,1.33,0.0
2024-11-16 23:00:00,2.9,1.1,0.0,1.5,0.0
2024-11-16 23:15:00,3.0,1.2,0.0,1.69,0.0
2024-11-16 23:30:00,3.1,1.3,0.0,1.97,0.0
2024-11-16 23:45:00,3.3,1.3,0.0,2.19,0.0
2024-11-17 00:00:00,3.3,1.4,0.0,2.42,0.0
2024-11-17 00:15:00,3.3,1.3,0.0,2.42,0.0
2024-11-17 00:30:00,3.2,1.2,0.0,2.33,0.0
2024-11-17 00:45:00,3.0,1.2,0.0,2.14,0.0
2024-11-17 01:00:00,2.9,1.1,0.0,2.08,0.0
2024-11-17 01:15:00,2.7,1.1,0.0,2.03,0.0
2024-11-17 01:30:00,2.6,1.1,0.0,1.97,0.0
2024-11-17 01:45:00,2.5,1.1,0.0,1.83,0.0
2024-11-17 02:00:00,2.4,1.1,0.0,1.83,0.0
2024-11-17 02:15:00,2.5,1.0,0.0,1.94,0.0
2024-11-17 02:30:00,2.6,0.9,0.0,2.06,0.0
2024-11-17 02:45:00,2.7,0.9,0.0,2.19,0.0
2024-11-17 03:00:00,2.8,0.8,0.0,2.33,0.0
2024-11-17 03:15:00,2.9,0.9,0.0,2.36,0.0
2024-11-17 03:30:00,2.9,1.0,0.0,2.36,0.0
2024-11-17 03:45:00,3.0,1.1,0.0,2.22,0.0
2024-11-17 04:00:00,3.1,1.2,0.0,2.22,0.0
2024-11-17 04:15:00,3.3,1.1,0.0,2.14,0.0
2024-11-17 04:30:00,3.5,1.4,0.0,2.19,0.0
2024-11-17 04:45:00,3.7,1.4,0.0,2.19,0.0
2024-11-17 05:00:00,3.9,1.4,0.0,2.25,0.0
2024-11-17 05:15:00,3.9,1.5,0.0,2.47,0.0
2024-11-17 05:30:00,4.0,1.5,0.0,2.69,0.0
2024-11-17 05:45:00,4.0,1.5,0.0,2.97,0.0
2024-11-17 06:00:00,4.0,1.5,0.0,3.11,0.0
2024-11-17 06:15:00,4.0,1.5,0.0,3.11,0.0
2024-11-17 06:30:00,4.0,1.5,0.0,3.06,0.0
2024-11-17 06:45:00,4.0,1.5,0.0,3.0,0.0
2024-11-17 07:00:00,4.0,1.3,0.0,3.0,0.0
2024-11-17 07:15:00,4.0,1.2,0.0,3.06,0.0
2024-11-17 07:30:00,4.1,1.1,0.0,3.19,0.0
2024-11-17 07:45:00,4.1,0.8,0.0,3.33,0.0
2024-11-17 08:00:00,4.2,0.7,0.0,3.47,0.0
2024-11-17 08:15:00,4.2,0.5,0.0,3.56,0.0
2024-11-17 08:30:00,4.1,0.2,0.0,3.64,0.0
2024-11-17 08:45:00,4.0,-0.0,0.0,3.75,0.0
2024-11-17 09:00:00,4.0,-0.2,0.0,3.69,0.0
2024-11-17 09:15:00,4.1,-0.2,0.0,3.56,0.0
2024-11-17 09:30:00,4.1,-0.3,0.0,3.33,586.68
2024-11-17 09:45:00,4.2,-0.2,0.0,3.11,900.0
2024-11-17 10:00:00,4.3,-0.1,0.0,2.94,900.0
2024-11-17 10:15:00,4.5,0.0,0.0,2.94,900.0
2024-11-17 10:30:00,4.7,0.0,0.0,3.0,900.0
2024-11-17 10:45:00,4.8,-0.0,0.0,3.06,879.68
2024-11-17 11:00:00,5.0,0.2,0.0,3.11,0.0
2024-11-17 11:15:00,5.2,0.3,0.0,3.11,0.0
2024-11-17 11:30:00,5.4,0.5,0.0,3.19,0.0
2024-11-17 11:45:00,5.5,0.5,0.0,3.19,0.0
2024-11-17 12:00:00,5.7,0.7,0.0,3.25,0.0
2024-11-17 12:15:00,5.9,0.7,0.0,3.39,0.0
2024-11-17 12:30:00,6.2,0.7,0.0,3.61,0.0
2024-11-17 12:45:00,6.4,0.9,0.0,3.83,0.0
2024-11-17 13:00:00,6.5,0.8,0.0,3.97,0.0
2024-11-17 13:15:00,6.6,0.9,0.0,4.06,0.0
2024-11-17 13:30:00,6.6,0.9,0.0,4.08,0.0
2024-11-17 13:45:00,6.6,0.9,0.0,4.08,0.0
2024-11-17 14:00:00,6.5,1.0,0.0,4.11,0.0
2024-11-17 14:15:00,6.5,1.2,0.0,4.22,0.0
2024-11-17 14:30:00,6.4,1.5,0.1,4.33,0.0
2024-11-17 14:45:00,6.3,1.8,0.1,4.39,0.0
2024-11-17 15:00:00,6.2,1.9,0.1,4.42,0.0
2024-11-17 15:15:00,6.1,2.0,0.2,4.33,0.0
2024-11-17 15:30:00,6.0,1.9,0.1,4.19,0.0
2024-11-17 15:45:00,5.9,2.0,0.1,4.14,0.0
2024-11-17 16:00:00,5.8,1.9,0.1,3.97,0.0
2024-11-17 16:15:00,5.8,2.0,0.0,3.89,0.0
2024-11-17 16:30:00,5.8,2.2,0.0,3.67,0.0
2024-11-17 16:45:00,5.8,2.2,0.1,3.53,0.0
2024-11-17 17:00:00,5.7,2.4,0.1,3.39,0.0
2024-11-17 17:15:00,5.7,2.5,0.0,3.31,0.0
2024-11-17 17:30:00,5.6,2.4,0.0,3.19,0.0
2024-11-17 17:45:00,5.6,2.6,0.0,3.11,0.0
2024-11-17 18:00:00,5.5,2.5,0.0,3.11,0.0
2024-11-17 18:15:00,5.5,2.5,0.0,3.22,0.0
2024-11-17 18:30:00,5.6,2.4,0.1,3.36,0.0
2024-11-17 18:45:00,5.6,2.3,0.1,3.61,0.0
2024-11-17 19:00:00,5.6,2.3,0.1,3.67,0.0
2024-11-17 19:15:00,5.6,2.4,0.0,3.58,0.0
2024-11-17 19:30:00,5.5,2.5,0.0,3.36,0.0
2024-11-17 19:45:00,5.5,2.6,0.0,3.14,0.0
2024-11-17 20:00:00,5.4,2.6,0.0,3.03,0.0
2024-11-17 20:15:00,5.4,2.4,0.1,3.11,0.0
2024-11-17 20:30:00,5.5,2.3,0.0,3.33,0.0
2024-11-17 20:45:00,5.5,2.2,0.0,3.5,0.0
2024-11-17 21:00:00,5.5,2.0,0.0,3.67,0.0
2024-11-17 21:15:00,5.5,1.9,0.0,3.75,0.0
2024-11-17 21:30:00,5.4,1.8,0.0,3.94,0.0
2024-11-17 21:45:00,5.3,1.9,0.0,4.03,0.0
2024-11-17 22:00:00,5.2,1.9,0.0,3.97,0.0
2024-11-17 22:15:00,5.2,1.8,0.0,3.86,0.0
2024-11-17 22:30:00,5.2,2.0,0.0,3.67,0.0
2024-11-17 22:45:00,5.2,2.0,0.0,3.42,0.0
2024-11-17 23:00:00,5.1,1.9,0.0,3.28,0.0
2024-11-17 23:15:00,5.1,1.9,0.0,3.28,0.0
2024-11-17 23:30:00,5.0,1.8,0.0,3.28,0.0
2024-11-17 23:45:00,4.9,1.7,0.0,3.39,0.0
2024-11-18 00:00:00,4.8,1.6,0.0,3.47,0.0
2024-11-18 00:15:00,4.7,1.4,0.0,3.58,0.0
2024-11-18 00:30:00,4.6,1.1,0.0,3.69,0.0
2024-11-18 00:45:00,4.6,0.9,0.0,3.81,0.0
2024-11-18 01:00:00,4.6,0.7,0.0,3.81,0.0
2024-11-18 01:15:00,4.6,0.6,0.0,3.78,0.0
2024-11-18 01:30:00,4.8,0.7,0.0,3.75,0.0
2024-11-18 01:45:00,4.9,0.6,0.0,3.58,0.0
2024-11-18 02:00:00,4.9,0.7,0.0,3.58,0.0
2024-11-18 02:15:00,4.9,0.7,0.0,3.53,0.0
2024-11-18 02:30:00,4.8,0.6,0.0,3.58,0.0
2024-11-18 02:45:00,4.7,0.7,0.0,3.56,0.0
2024-11-18 03:00:00,4.7,0.6,0.0,3.58,0.0
2024-11-18 03:15:00,4.6,0.6,0.0,3.67,0.0
2024-11-18 03:30:00,4.6,0.6,0.0,3.83,0.0
2024-11-18 03:45:00,4.6,0.5,0.0,3.94,0.0
2024-11-18 04:00:00,4.6,0.5,0.0,4.03,0.0
2024-11-18 04:15:00,4.6,0.5,0.0,4.0,0.0
2024-11-18 04:30:00,4.5,0.6,0.1,3.89,0.0
2024-11-18 04:45:00,4.5,0.8,0.0,3.89,0.0
2024-11-18 05:00:00,4.5,0.8,0.0,3.78,0.0
2024-11-18 05:15:00,4.4,0.7,0.0,3.75,0.0
2024-11-18 05:30:00,4.4,0.7,0.0,3.83,0.0
2024-11-18 05:45:00,4.4,0.7,0.0,3.72,0.0
2024-11-18 06:00:00,4.3,0.6,0.0,3.64,0.0
2024-11-18 06:15:00,4.1,0.6,0.0,3.31,0.0
2024-11-18 06:30:00,3.9,0.6,0.0,2.92,0.0
2024-11-18 06:45:00,3.7,0.4,0.0,2.53,0.0
2024-11-18 07:00:00,3.6,0.5,0.0,2.42,0.0
2024-11-18 07:15:00,3.7,0.5,0.0,2.47,0.0
2024-11-18 07:30:00,3.8,0.6,0.0,2.69,0.0
2024-11-18 07:45:00,3.9,0.6,0.0,2.89,0.0
2024-11-18 08:00:00,4.0,0.7,0.0,3.03,0.0
2024-11-18 08:15:00,4.1,0.8,0.0,3.19,0.0
2024-11-18 08:30:00,4.2,0.7,0.0,3.33,0.0
2024-11-18 08:45:00,4.3,0.8,0.0,3.39,0.0
2024-11-18 09:00:00,4.4,0.7,0.0,3.47,0.0
2024-11-18 09:15:00,4.4,0.5,0.0,3.67,0.0
2024-11-18 09:30:00,4.5,0.5,0.0,3.86,0.0
2024-11-18 09:45:00,4.6,0.5,0.0,4.03,0.0
2024-11-18 10:00:00,4.6,0.4,0.0,4.08,0.0
2024-11-18 10:15:00,4.7,0.2,0.0,4.14,0.0
2024-11-18 10:30:00,4.7,0.2,0.0,4.14,0.0
2024-11-18 10:45:00,4.7,0.3,0.1,4.11,0.0
2024-11-18 11:00:00,4.7,0.2,0.1,4.19,0.0
2024-11-18 11:15:00,4.6,0.3,0.1,4.22,0.0
2024-11-18 11:30:00,4.4,0.5,0.1,4.19,0.0
2024-11-18 11:45:00,4.3,0.8,0.2,4.19,0.0
2024-11-18 12:00:00,4.2,0.8,0.2,4.19,0.0
2024-11-18 12:15:00,4.1,0.8,0.1,4.11,0.0
2024-11-18 12:30:00,4.2,0.8,0.1,4.0,0.0
2024-11-18 12:45:00,4.2,0.7,0.0,3.89,0.0
2024-11-18 13:00:00,4.3,0.8,0.0,3.81,519.85
2024-11-18 13:15:00,4.4,0.9,0.0,3.81,143.38
2024-11-18 13:30:00,4.5,1.0,0.0,3.69,0.0
2024-11-18 13:45:00,4.6,0.9,0.0,3.69,0.0
2024-11-18 14:00:00,4.7,1.0,0.0,3.81,0.0
2024-11-18 14:15:00,4.8,0.9,0.0,4.0,0.0
2024-11-18 14:30:00,4.8,0.8,0.0,4.31,0.0
2024-11-18 14:45:00,4.8,0.6,0.0,4.5,200.12
2024-11-18 15:00:00,4.8,0.4,0.0,4.61,321.7
2024-11-18 15:15:00,4.9,0.4,0.0,4.42,760.82
2024-11-18 15:30:00,4.9,0.4,0.0,4.11,900.0
2024-11-18 15:45:00,4.9,0.5,0.0,3.69,444.1
2024-11-18 16:00:00,4.9,0.4,0.0,3.5,866.53
2024-11-18 16:15:00,4.7,0.3,0.0,3.5,900.0
2024-11-18 16:30:00,4.6,0.3,0.0,3.5,737.93
2024-11-18 16:45:00,4.4,0.3,0.0,3.61,372.25
2024-11-18 17:00:00,4.2,0.1,0.0,3.61,178.16
2024-11-18 17:15:00,4.0,-0.0,0.0,3.42,0.0
2024-11-18 17:30:00,3.9,0.1,0.0,3.25,0.0
2024-11-18 17:45:00,3.8,-0.0,0.0,3.0,0.0
2024-11-18 18:00:00,3.7,-0.2,0.0,2.89,0.0
2024-11-18 18:15:00,3.5,-0.1,0.0,2.72,0.0
2024-11-18 18:30:00,3.3,-0.3,0.0,2.69,0.0
2024-11-18 18:45:00,3.2,-0.3,0.0,2.64,0.0
2024-11-18 19:00:00,3.0,-0.5,0.0,2.69,0.0
2024-11-18 19:15:00,3.0,-0.5,0.0,2.78,0.0
2024-11-18 19:30:00,3.0,-0.7,0.0,2.92,0.0
2024-11-18 19:45:00,3.0,-0.9,0.0,3.0,0.0
2024-11-18 20:00:00,2.9,-1.1,0.0,3.08,0.0
2024-11-18 20:15:00,2.8,-1.2,0.0,3.14,0.0
2024-11-18 20:30:00,2.7,-1.3,0.0,3.14,0.0
2024-11-18 20:45:00,2.6,-1.2,0.0,3.11,0.0
2024-11-18 21:00:00,2.5,-1.3,0.0,3.11,0.0
2024-11-18 21:15:00,2.4,-1.4,0.0,3.11,0.0
2024-11-18 21:30:00,2.4,-1.3,0.0,3.19,0.0
2024-11-18 21:45:00,2.3,-1.3,0.0,3.14,0.0
2024-11-18 22:00:00,2.3,-1.4,0.0,3.22,0.0
2024-11-18 22:15:00,2.3,-1.4,0.0,3.22,0.0
2024-11-18 22:30:00,2.3,-1.3,0.0,3.31,0.0
2024-11-18 22:45:00,2.3,-1.5,0.0,3.31,0.0
2024-11-18 23:00:00,2.3,-1.5,0.0,3.31,0.0
2024-11-18 23:15:00,2.3,-1.5,0.0,3.31,0.0
2024-11-18 23:30:00,2.2,-1.6,0.0,3.17,0.0
2024-11-18 23:45:00,2.1,-1.5,0.0,3.17,0.0
2024-11-19 00:00:00,2.0,-1.6,0.0,3.08,0.0
2024-11-19 00:15:00,1.9,-1.7,0.0,3.0,0.0
2024-11-19 00:30:00,1.8,-1.8,0.0,2.92,0.0
2024-11-19 00:45:00,1.7,-1.9,0.0,2.89,0.0
2024-11-19 01:00:00,1.7,-1.9,0.0,2.81,0.0
2024-11-19 01:15:00,1.6,-2.0,0.0,2.72,0.0
2024-11-19 01:30:00,1.6,-2.2,0.0,2.69,0.0
2024-11-19 01:45:00,1.6,-2.3,0.0,2.56,0.0
2024-11-19 02:00:00,1.6,-2.4,0.0,2.56,0.0
2024-11-19 02:15:00,1.5,-2.4,0.0,2.47,0.0
2024-11-19 02:30:00,1.4,-2.5,0.0,2.5,0.0
2024-11-19 02:45:00,1.4,-2.6,0.0,2.47,0.0
2024-11-19 03:00:00,1.3,-2.5,0.0,2.42,0.0
2024-11-19 03:15:00,1.2,-2.4,0.0,2.42,0.0
2024-11-19 03:30:00,1.1,-2.3,0.0,2.33,0.0
2024-11-19 03:45:00,1.0,-2.2,0.0,2.19,0.0
2024-11-19 04:00:00,0.9,-2.2,0.0,2.19,0.0
2024-11-19 04:15:00,0.9,-2.0,0.0,2.14,0.0
2024-11-19 04:30:00,0.8,-1.7,0.0,2.06,0.0
2024-11-19 04:45:00,0.8,-1.6,0.0,2.08,0.0
2024-11-19 05:00:00,0.7,-1.5,0.0,2.06,0.0
2024-11-19 05:15:00,0.7,-1.4,0.0,2.03,0.0
2024-11-19 05:30:00,0.6,-1.4,0.0,2.11,0.0
2024-11-19 05:45:00,0.5,-1.2,0.0,2.22,0.0
2024-11-19 06:00:00,0.5,-1.1,0.0,2.22,0.0
2024-11-19 06:15:00,0.5,-0.9,0.0,2.22,0.0
2024-11-19 06:30:00,0.6,-0.9,0.0,2.31,0.0
2024-11-19 06:45:00,0.7,-0.8,0.0,2.31,0.0
2024-11-19 07:00:00,0.8,-0.7,0.0,2.31,0.0
2024-11-19 07:15:00,0.9,-0.5,0.0,2.31,0.0
2024-11-19 07:30:00,1.2,-0.3,0.0,2.31,0.0
2024-11-19 07:45:00,1.4,-0.2,0.0,2.33,0.0
2024-11-19 08:00:00,1.6,-0.1,0.0,2.36,0.0
2024-11-19 08:15:00,1.7,0.0,0.0,2.31,0.0
2024-11-19 08:30:00,1.7,0.1,0.0,2.28,0.0
2024-11-19 08:45:00,1.8,0.1,0.0,2.33,0.0
2024-11-19 09:00:00,1.8,0.2,0.0,2.33,0.0
2024-11-19 09:15:00,2.0,0.2,0.0,2.39,0.0
2024-11-19 09:30:00,2.1,0.2,0.1,2.44,0.0
2024-11-19 09:45:00,2.3,0.2,0.2,2.5,0.0
2024-11-19 10:00:00,2.4,0.1,0.1,2.61,0.0
2024-11-19 10:15:00,2.4,0.1,0.0,2.89,0.0
2024-11-19 10:30:00,2.4,0.1,0.0,3.19,0.0
2024-11-19 10:45:00,2.3,0.0,0.0,3.53,0.0
2024-11-19 11:00:00,2.4,0.1,0.0,3.75,0.0
2024-11-19 11:15:00,2.5,0.4,0.0,3.89,0.0
2024-11-19 11:30:00,2.7,0.7,0.1,3.97,0.0
2024-11-19 11:45:00,2.9,1.1,0.1,3.97,0.0
2024-11-19 12:00:00,3.2,1.4,0.0,4.06,0.0
2024-11-19 12:15:00,3.6,1.6,0.0,4.08,0.0
2024-11-19 12:30:00,3.9,1.6,0.0,4.0,0.0
2024-11-19 12:45:00,4.4,1.7,0.0,4.03,0.0
2024-11-19 13:00:00,4.9,2.0,0.0,4.08,0.0
2024-11-19 13:15:00,5.5,2.5,0.0,4.14,0.0
2024-11-19 13:30:00,6.2,3.1,0.0,4.25,0.0
2024-11-19 13:45:00,6.9,3.8,0.0,4.5,0.0
2024-11-19 14:00:00,7.4,4.4,0.0,4.61,0.0
2024-11-19 14:15:00,7.8,4.5,0.1,4.75,0.0
2024-11-19 14:30:00,8.0,4.6,0.1,4.78,0.0
2024-11-19 14:45:00,8.2,4.8,0.1,4.86,0.0
2024-11-19 15:00:00,8.3,4.7,0.0,4.81,0.0
2024-11-19 15:15:00,8.4,4.7,0.0,4.72,0.0
2024-11-19 15:30:00,8.3,4.7,0.0,4.53,0.0
2024-11-19 15:45:00,8.3,4.8,0.0,4.36,0.0
2024-11-19 16:00:00,8.2,4.8,0.0,4.25,0.0
2024-11-19 16:15:00,8.2,5.0,0.0,4.31,0.0
2024-11-19 16:30:00,8.2,5.0,0.0,4.39,0.0
2024-11-19 16:45:00,8.3,5.2,0.0,4.58,0.0
2024-11-19 17:00:00,8.3,5.2,0.0,4.67,0.0
2024-11-19 17:15:00,8.3,5.2,0.0,4.75,0.0
2024-11-19 17:30:00,8.3,5.0,0.0,4.83,0.0
2024-11-19 17:45:00,8.2,4.8,0.0,5.03,0.0
2024-11-19 18:00:00,8.2,4.8,0.0,5.11,0.0
2024-11-19 18:15:00,8.2,4.8,0.0,5.31,0.0
2024-11-19 18:30:00,8.2,4.7,0.0,5.53,0.0
2024-11-19 18:45:00,8.2,4.7,0.0,5.72,0.0
2024-11-19 19:00:00,8.2,4.8,0.0,5.92,0.0
2024-11-19 19:15:00,8.3,4.8,0.0,6.03,0.0
2024-11-19 19:30:00,8.4,4.8,0.0,6.03,0.0
2024-11-19 19:45:00,8.5,4.9,0.0,6.06,0.0
2024-11-19 20:00:00,8.6,4.8,0.0,6.06,0.0
2024-11-19 20:15:00,8.7,4.7,0.1,6.06,0.0
2024-11-19 20:30:00,8.8,4.6,0.0,5.97,0.0
2024-11-19 20:45:00,8.9,4.5,0.0,5.86,0.0
2024-11-19 21:00:00,8.9,4.3,0.0,5.75,0.0
2024-11-19 21:15:00,8.9,4.3,0.0,5.67,0.0
2024-11-19 21:30:00,8.9,4.3,0.0,5.56,0.0
2024-11-19 21:45:00,8.8,4.2,0.0,5.44,0.0
2024-11-19 22:00:00,8.8,4.2,0.0,5.44,0.0
2024-11-19 22:15:00,8.9,4.3,0.0,5.56,0.0
2024-11-19 22:30:00,9.0,4.2,0.0,5.64,0.0
2024-11-19 22:45:00,9.1,4.1,0.0,5.72,0.0
2024-11-19 23:00:00,9.2,4.2,0.0,5.72,0.0
2024-11-19 23:15:00,9.2,4.2,0.0,5.64,0.0
2024-11-19 23:30:00,9.1,4.1,0.0,5.44,0.0
2024-11-19 23:45:00,9.1,4.3,0.0,5.25,0.0
2024-11-20 00:00:00,9.0,4.2,0.0,5.06,0.0
2024-11-20 00:15:00,9.0,4.2,0.0,4.94,0.0
2024-11-20 00:30:00,9.1,4.3,0.0,4.86,0.0
2024-11-20 00:45:00,9.1,4.3,0.0,4.75,0.0
2024-11-20 01:00:00,9.1,4.3,0.0,4.67,0.0
2024-11-20 01:15:00,9.2,4.4,0.0,4.5,0.0
2024-11-20 01:30:00,9.3,4.7,0.0,4.33,0.0
2024-11-20 01:45:00,9.3,4.7,0.0,4.11,0.0
2024-11-20 02:00:00,9.2,4.8,0.0,3.81,0.0
2024-11-20 02:15:00,8.9,4.9,0.2,3.39,0.0
2024-11-20 02:30:00,8.6,4.9,1.0,3.5,0.0
2024-11-20 02:45:00,8.1,4.8,0.7,4.0,0.0
2024-11-20 03:00:00,7.6,4.7,0.5,4.64,0.0
2024-11-20 03:15:00,6.9,4.0,0.3,5.11,0.0
2024-11-20 03:30:00,6.2,3.3,0.3,5.33,0.0
2024-11-20 03:45:00,5.4,2.4,0.3,5.44,0.0
2024-11-20 04:00:00,4.8,1.8,0.3,5.47,0.0
2024-11-20 04:15:00,4.3,1.3,0.2,5.39,0.0
2024-11-20 04:30:00,3.8,1.0,0.2,5.19,0.0
2024-11-20 04:45:00,3.4,0.6,0.2,4.92,0.0
2024-11-20 05:00:00,3.1,0.5,0.1,4.69,0.0
2024-11-20 05:15:00,2.9,0.4,0.1,4.56,0.0
2024-11-20 05:30:00,2.7,0.4,0.1,4.33,0.0
2024-11-20 05:45:00,2.5,0.4,0.1,4.11,0.0
2024-11-20 06:00:00,2.4,0.5,0.2,4.06,0.0
2024-11-20 06:15:00,2.4,0.4,0.2,4.06,0.0
2024-11-20 06:30:00,2.3,0.2,0.1,4.17,0.0
2024-11-20 06:45:00,2.4,0.1,0.1,4.28,0.0
2024-11-20 07:00:00,2.4,-0.1,0.1,4.28,0.0
2024-11-20 07:15:00,2.4,-0.2,0.0,4.19,0.0
2024-11-20 07:30:00,2.4,-0.5,0.0,4.11,0.0
2024-11-20 07:45:00,2.5,-0.6,0.0,4.06,0.0
2024-11-20 08:00:00,2.5,-0.8,0.0,4.03,0.0
2024-11-20 08:15:00,2.6,-0.7,0.0,4.03,0.0
2024-11-20 08:30:00,2.6,-0.7,0.0,4.03,0.0
2024-11-20 08:45:00,2.6,-0.7,0.0,4.03,0.0
2024-11-20 09:00:00,2.6,-0.7,0.0,4.11,0.0
2024-11-20 09:15:00,2.6,-0.7,0.0,4.22,0.0
2024-11-20 09:30:00,2.6,-0.8,0.0,4.44,0.0
2024-11-20 09:45:00,2.6,-0.8,0.0,4.67,0.0
2024-11-20 10:00:00,2.6,-1.0,0.0,4.78,0.0
2024-11-20 10:15:00,2.7,-1.1,0.0,4.89,0.0
2024-11-20 10:30:00,2.8,-1.0,0.0,4.92,0.0
2024-11-20 10:45:00,2.9,-1.1,0.0,5.03,0.0
2024-11-20 11:00:00,3.0,-1.2,0.0,5.06,199.66
2024-11-20 11:15:00,3.1,-1.3,0.0,5.19,0.0
2024-11-20 11:30:00,3.2,-1.5,0.0,5.33,900.0
2024-11-20 11:45:00,3.4,-1.6,0.0,5.5,627.61
2024-11-20 12:00:00,3.5,-1.7,0.0,5.53,900.0
2024-11-20 12:15:00,3.6,-1.8,0.0,5.44,900.0
2024-11-20 12:30:00,3.7,-1.7,0.0,5.22,173.03
2024-11-20 12:45:00,3.8,-1.6,0.0,5.14,900.0
2024-11-20 13:00:00,3.9,-1.5,0.0,5.0,750.05
2024-11-20 13:15:00,3.9,-1.5,0.0,5.08,900.0
2024-11-20 13:30:00,3.8,-1.4,0.0,5.22,900.0
2024-11-20 13:45:00,3.8,-1.4,0.0,5.42,900.0
2024-11-20 14:00:00,3.8,-1.4,0.0,5.5,900.0
2024-11-20 14:15:00,3.8,-1.4,0.0,5.47,900.0
2024-11-20 14:30:00,3.8,-1.6,0.0,5.44,900.0
2024-11-20 14:45:00,3.8,-1.8,0.0,5.28,900.0
2024-11-20 15:00:00,3.8,-1.8,0.0,5.17,79.56
2024-11-20 15:15:00,3.8,-1.8,0.0,4.94,0.0
2024-11-20 15:30:00,3.7,-1.9,0.0,4.72,900.0
2024-11-20 15:45:00,3.7,-1.7,0.0,4.5,900.0
2024-11-20 16:00:00,3.5,-1.6,0.0,4.28,900.0
2024-11-20 16:15:00,3.3,-1.4,0.0,4.14,575.93
2024-11-20 16:30:00,3.1,-1.1,0.0,4.0,139.48
2024-11-20 16:45:00,2.8,-0.9,0.0,3.81,280.75
2024-11-20 17:00:00,2.6,-0.7,0.0,3.64,0.0
2024-11-20 17:15:00,2.4,-0.5,0.0,3.28,0.0
2024-11-20 17:30:00,2.3,-0.3,0.0,2.89,0.0
2024-11-20 17:45:00,2.2,-0.1,0.0,2.53,0.0
2024-11-20 18:00:00,2.1,-0.0,0.0,2.19,0.0
2024-11-20 18:15:00,2.0,0.1,0.0,2.06,0.0
2024-11-20 18:30:00,2.0,0.0,0.0,2.0,0.0
2024-11-20 18:45:00,2.0,0.0,0.0,2.06,0.0
2024-11-20 19:00:00,1.9,-0.0,0.1,2.06,0.0
2024-11-20 19:15:00,1.9,-0.2,0.0,2.14,0.0
2024-11-20 19:30:00,1.9,-0.4,0.0,2.19,0.0
2024-11-20 19:45:00,1.8,-0.5,0.0,2.28,0.0
2024-11-20 20:00:00,1.7,-0.6,0.0,2.33,0.0
2024-11-20 20:15:00,1.4,-0.4,0.1,2.47,0.0
2024-11-20 20:30:00,1.1,-0.2,0.3,2.61,0.0
2024-11-20 20:45:00,0.8,0.1,0.3,2.86,0.0
2024-11-20 21:00:00,0.6,0.2,0.0,2.92,0.0
2024-11-20 21:15:00,0.7,0.1,0.0,3.06,0.0
2024-11-20 21:30:00,1.0,-0.0,0.0,3.17,0.0
2024-11-20 21:45:00,1.2,-0.2,0.0,3.31,0.0
2024-11-20 22:00:00,1.4,-0.4,0.0,3.5,0.0
2024-11-20 22:15:00,1.5,-0.4,0.0,3.5,0.0
2024-11-20 22:30:00,1.5,-0.6,0.0,3.5,0.0
2024-11-20 22:45:00,1.5,-0.6,0.0,3.42,0.0
2024-11-20 23:00:00,1.5,-0.6,0.0,3.25,0.0
2024-11-20 23:15:00,1.4,-0.6,0.0,2.97,0.0
2024-11-20 23:30:00,1.2,-0.6,0.0,2.5,0.0
2024-11-20 23:45:00,1.0,-0.6,0.0,2.17,0.0
2024-11-21 00:00:00,0.9,-0.7,0.0,2.0,0.0
2024-11-21 00:15:00,0.9,-0.9,0.0,2.06,0.0
2024-11-21 00:30:00,1.0,-1.1,0.0,2.42,0.0
2024-11-21 00:45:00,1.1,-1.1,0.0,2.69,0.0
2024-11-21 01:00:00,1.2,-1.2,0.0,2.92,0.0
2024-11-21 01:15:00,1.1,-1.1,0.0,3.06,0.0
2024-11-21 01:30:00,1.0,-1.0,0.0,3.19,0.0
2024-11-21 01:45:00,0.9,-0.6,0.0,3.25,0.0
2024-11-21 02:00:00,0.8,-0.5,0.2,3.31,0.0
2024-11-21 02:15:00,0.9,-0.4,0.0,3.19,0.0
2024-11-21 02:30:00,1.0,-0.4,0.0,3.11,0.0
2024-11-21 02:45:00,1.2,-0.6,0.0,2.97,0.0
2024-11-21 03:00:00,1.3,-0.6,0.0,2.97,0.0
2024-11-21 03:15:00,1.5,-0.6,0.0,3.11,0.0
2024-11-21 03:30:00,1.6,-0.7,0.0,3.56,0.0
2024-11-21 03:45:00,1.7,-0.8,0.0,3.97,0.0
2024-11-21 04:00:00,1.8,-0.8,0.0,4.36,0.0
2024-11-21 04:15:00,1.8,-0.8,0.0,4.56,0.0
2024-11-21 04:30:00,1.8,-0.8,0.0,4.67,0.0
2024-11-21 04:45:00,1.8,-0.8,0.0,4.81,0.0
2024-11-21 05:00:00,1.8,-0.8,0.0,4.89,0.0
2024-11-21 05:15:00,1.8,-0.8,0.0,4.89,0.0
2024-11-21 05:30:00,1.7,-0.7,0.0,4.92,0.0
2024-11-21 05:45:00,1.6,-0.8,0.0,4.81,0.0
2024-11-21 06:00:00,1.5,-0.7,0.0,4.72,0.0
2024-11-21 06:15:00,1.4,-0.7,0.0,4.61,0.0
2024-11-21 06:30:00,1.3,-0.8,0.0,4.53,0.0
2024-11-21 06:45:00,1.2,-0.8,0.0,4.42,0.0
2024-11-21 07:00:00,1.1,-0.9,0.0,4.44,0.0
2024-11-21 07:15:00,1.0,-0.9,0.0,4.44,0.0
2024-11-21 07:30:00,0.9,-1.2,0.0,4.58,0.0
2024-11-21 07:45:00,0.9,-1.3,0.0,4.58,0.0
2024-11-21 08:00:00,0.9,-1.4,0.0,4.58,0.0
2024-11-21 08:15:00,0.9,-1.4,0.0,4.5,0.0
2024-11-21 08:30:00,0.8,-1.4,0.0,4.42,0.0
2024-11-21 08:45:00,0.9,-1.4,0.0,4.19,0.0
2024-11-21 09:00:00,0.9,-1.4,0.0,4.11,0.0
2024-11-21 09:15:00,0.9,-1.3,0.0,3.97,0.0
2024-11-21 09:30:00,1.0,-1.3,0.0,3.83,0.0
2024-11-21 09:45:00,1.0,-1.2,0.0,3.83,0.0
2024-11-21 10:00:00,1.1,-1.3,0.0,3.81,742.59
2024-11-21 10:15:00,1.3,-1.5,0.0,3.92,260.46
2024-11-21 10:30:00,1.4,-1.7,0.0,4.14,222.46
2024-11-21 10:45:00,1.6,-1.8,0.0,4.36,900.0
2024-11-21 11:00:00,1.8,-2.0,0.0,4.58,900.0
2024-11-21 11:15:00,1.9,-2.1,0.0,4.64,900.0
2024-11-21 11:30:00,2.1,-2.1,0.0,4.61,900.0
2024-11-21 11:45:00,2.2,-2.1,0.0,4.61,900.0
2024-11-21 12:00:00,2.4,-2.2,0.0,4.61,900.0
2024-11-21 12:15:00,2.5,-2.4,0.0,4.61,900.0
2024-11-21 12:30:00,2.7,-2.7,0.0,4.5,900.0
2024-11-21 12:45:00,2.8,-2.9,0.0,4.39,900.0
2024-11-21 13:00:00,2.9,-3.2,0.0,4.31,900.0
2024-11-21 13:15:00,3.0,-3.4,0.0,4.19,900.0
2024-11-21 13:30:00,3.1,-3.3,0.0,4.11,900.0
2024-11-21 13:45:00,3.2,-3.2,0.0,3.92,900.0
2024-11-21 14:00:00,3.3,-3.3,0.0,3.83,900.0
2024-11-21 14:15:00,3.3,-3.5,0.0,3.83,900.0
2024-11-21 14:30:00,3.3,-3.7,0.0,3.86,237.12
2024-11-21 14:45:00,3.3,-3.9,0.0,4.06,595.95
2024-11-21 15:00:00,3.3,-4.2,0.0,4.06,900.0
2024-11-21 15:15:00,3.2,-4.3,0.0,3.92,900.0
2024-11-21 15:30:00,3.2,-4.5,0.0,3.56,900.0
2024-11-21 15:45:00,3.1,-4.6,0.0,3.11,900.0
2024-11-21 16:00:00,3.0,-4.5,0.0,2.75,900.0
2024-11-21 16:15:00,2.9,-4.4,0.0,2.42,900.0
2024-11-21 16:30:00,2.6,-4.2,0.0,2.11,900.0
2024-11-21 16:45:00,2.4,-4.2,0.0,1.94,616.96
2024-11-21 17:00:00,2.2,-3.9,0.0,1.94,0.0
2024-11-21 17:15:00,2.0,-3.7,0.0,2.0,0.0
2024-11-21 17:30:00,1.7,-3.6,0.0,2.22,0.0
2024-11-21 17:45:00,1.5,-3.6,0.0,2.42,0.0
2024-11-21 18:00:00,1.4,-3.3,0.0,2.61,0.0
2024-11-21 18:15:00,1.3,-3.0,0.0,2.81,0.0
2024-11-21 18:30:00,1.2,-3.0,0.0,3.0,0.0
2024-11-21 18:45:00,1.1,-2.8,0.0,3.19,0.0
2024-11-21 19:00:00,1.1,-2.7,0.0,3.31,0.0
2024-11-21 19:15:00,1.0,-2.8,0.0,3.42,0.0
2024-11-21 19:30:00,0.9,-2.8,0.0,3.53,0.0
2024-11-21 19:45:00,0.8,-2.9,0.0,3.53,0.0
2024-11-21 20:00:00,0.8,-3.0,0.0,3.56,0.0
2024-11-21 20:15:00,0.7,-3.0,0.0,3.58,0.0
2024-11-21 20:30:00,0.7,-3.2,0.0,3.64,0.0
2024-11-21 20:45:00,0.7,-3.4,0.0,3.58,0.0
2024-11-21 21:00:00,0.7,-3.4,0.0,3.47,0.0
2024-11-21 21:15:00,0.7,-3.4,0.0,3.36,0.0
2024-11-21 21:30:00,0.7,-3.4,0.0,3.14,0.0
2024-11-21 21:45:00,0.7,-3.3,0.0,2.97,0.0
2024-11-21 22:00:00,0.6,-3.3,0.0,2.78,0.0
2024-11-21 22:15:00,0.6,-3.3,0.0,2.58,0.0
2024-11-21 22:30:00,0.6,-3.4,0.0,2.47,0.0
2024-11-21 22:45:00,0.6,-3.4,0.0,2.31,0.0
2024-11-21 23:00:00,0.5,-3.4,0.0,2.19,0.0
2024-11-21 23:15:00,0.4,-3.3,0.0,2.03,0.0
2024-11-21 23:30:00,0.3,-3.4,0.0,1.81,0.0
2024-11-21 23:45:00,0.2,-3.3,0.0,1.72,0.0
2024-11-22 00:00:00,0.1,-3.3,0.0,1.72,0.0
2024-11-22 00:15:00,0.1,-3.1,0.0,1.67,0.0
2024-11-22 00:30:00,0.0,-3.2,0.0,1.61,0.0
2024-11-22 00:45:00,0.0,-3.0,0.0,1.44,0.0
2024-11-22 01:00:00,-0.0,-3.1,0.0,1.36,0.0
2024-11-22 01:15:00,-0.1,-3.0,0.0,1.19,0.0
2024-11-22 01:30:00,-0.2,-3.1,0.0,1.14,0.0
2024-11-22 01:45:00,-0.3,-3.0,0.0,1.03,0.0
2024-11-22 02:00:00,-0.4,-3.1,0.0,0.94,0.0
2024-11-22 02:15:00,-0.5,-3.0,0.0,0.92,0.0
2024-11-22 02:30:00,-0.5,-3.1,0.0,0.89,0.0
2024-11-22 02:45:00,-0.6,-3.0,0.0,0.92,0.0
2024-11-22 03:00:00,-0.7,-3.1,0.0,0.92,0.0
2024-11-22 03:15:00,-0.7,-3.1,0.0,0.83,0.0
2024-11-22 03:30:00,-0.7,-2.9,0.0,0.69,0.0
2024-11-22 03:45:00,-0.8,-3.0,0.0,0.61,0.0
2024-11-22 04:00:00,-0.8,-3.0,0.0,0.5,0.0
2024-11-22 04:15:00,-0.8,-3.0,0.0,0.44,0.0
2024-11-22 04:30:00,-0.8,-2.8,0.0,0.56,0.0
2024-11-22 04:45:00,-0.8,-2.7,0.0,0.75,0.0
2024-11-22 05:00:00,-0.8,-2.7,0.0,0.83,0.0
2024-11-22 05:15:00,-0.8,-2.7,0.0,0.69,0.0
2024-11-22 05:30:00,-0.8,-2.7,0.0,0.67,0.0
2024-11-22 05:45:00,-0.7,-2.6,0.0,0.67,0.0
2024-11-22 06:00:00,-0.7,-2.6,0.0,0.92,0.0
2024-11-22 06:15:00,-0.7,-2.6,0.0,1.11,0.0
2024-11-22 06:30:00,-0.7,-2.8,0.0,1.31,0.0
2024-11-22 06:45:00,-0.7,-2.9,0.0,1.5,0.0
2024-11-22 07:00:00,-0.7,-2.9,0.0,1.69,0.0
2024-11-22 07:15:00,-0.7,-2.9,0.0,1.81,0.0
2024-11-22 07:30:00,-0.8,-3.0,0.0,1.94,0.0
2024-11-22 07:45:00,-0.8,-3.0,0.0,2.08,0.0
2024-11-22 08:00:00,-0.9,-3.1,0.0,2.19,0.0
2024-11-22 08:15:00,-0.9,-3.1,0.0,2.17,0.0
2024-11-22 08:30:00,-1.0,-3.4,0.0,2.11,0.0
2024-11-22 08:45:00,-1.1,-3.4,0.0,2.19,179.64
2024-11-22 09:00:00,-1.1,-3.7,0.0,2.22,610.66
2024-11-22 09:15:00,-1.1,-4.0,0.0,2.33,900.0
2024-11-22 09:30:00,-1.1,-4.3,0.0,2.56,900.0
2024-11-22 09:45:00,-1.0,-4.5,0.0,2.67,900.0
2024-11-22 10:00:00,-0.9,-4.6,0.0,2.78,900.0
2024-11-22 10:15:00,-0.7,-4.6,0.0,2.75,900.0
2024-11-22 10:30:00,-0.5,-4.4,0.0,2.72,900.0
2024-11-22 10:45:00,-0.3,-4.2,0.0,2.61,900.0
2024-11-22 11:00:00,-0.1,-4.0,0.0,2.61,900.0
2024-11-22 11:15:00,0.1,-3.8,0.0,2.61,900.0
2024-11-22 11:30:00,0.4,-3.6,0.0,2.69,900.0
2024-11-22 11:45:00,0.7,-3.1,0.0,2.81,900.0
2024-11-22 12:00:00,0.9,-2.9,0.0,2.89,900.0
2024-11-22 12:15:00,1.1,-2.5,0.0,3.19,900.0
2024-11-22 12:30:00,1.2,-2.4,0.0,3.53,517.85
2024-11-22 12:45:00,1.3,-2.1,0.0,4.0,772.41
2024-11-22 13:00:00,1.4,-2.0,0.0,4.25,871.38
2024-11-22 13:15:00,1.5,-2.1,0.0,4.22,600.48
2024-11-22 13:30:00,1.6,-2.2,0.0,4.08,0.0
2024-11-22 13:45:00,1.6,-2.3,0.0,3.94,0.0
2024-11-22 14:00:00,1.7,-2.3,0.0,3.83,0.0
2024-11-22 14:15:00,1.7,-2.3,0.0,3.72,0.0
2024-11-22 14:30:00,1.6,-2.2,0.0,3.61,680.25
2024-11-22 14:45:00,1.6,-2.0,0.0,3.61,0.0
2024-11-22 15:00:00,1.6,-1.9,0.0,3.53,638.9
2024-11-22 15:15:00,1.6,-1.9,0.0,3.53,0.0
2024-11-22 15:30:00,1.6,-2.0,0.0,3.42,845.84
2024-11-22 15:45:00,1.7,-2.1,0.0,3.42,160.82
2024-11-22 16:00:00,1.6,-2.2,0.0,3.33,115.94
2024-11-22 16:15:00,1.5,-2.3,0.0,3.14,0.0
2024-11-22 16:30:00,1.4,-2.2,0.0,2.92,0.0
2024-11-22 16:45:00,1.2,-2.4,0.0,2.72,136.76
2024-11-22 17:00:00,1.0,-2.4,0.0,2.5,0.0
2024-11-22 17:15:00,0.9,-2.4,0.0,2.5,0.0
2024-11-22 17:30:00,0.8,-2.5,0.0,2.5,0.0
2024-11-22 17:45:00,0.7,-2.4,0.0,2.53,0.0
2024-11-22 18:00:00,0.6,-2.3,0.0,2.53,0.0
2024-11-22 18:15:00,0.5,-2.3,0.0,2.36,0.0
2024-11-22 18:30:00,0.4,-2.1,0.0,2.08,0.0
2024-11-22 18:45:00,0.3,-2.1,0.0,1.94,0.0
2024-11-22 19:00:00,0.3,-1.9,0.0,1.75,0.0
2024-11-22 19:15:00,0.4,-1.9,0.0,1.75,0.0
2024-11-22 19:30:00,0.4,-2.0,0.0,1.83,0.0
2024-11-22 19:45:00,0.5,-2.0,0.0,2.0,0.0
2024-11-22 20:00:00,0.6,-2.1,0.0,2.08,0.0
2024-11-22 20:15:00,0.7,-2.0,0.0,2.19,0.0
2024-11-22 20:30:00,0.8,-2.1,0.0,2.19,0.0
2024-11-22 20:45:00,0.9,-2.0,0.0,2.28,0.0
2024-11-22 21:00:00,0.9,-2.0,0.0,2.28,0.0
2024-11-22 21:15:00,1.0,-1.9,0.0,2.31,0.0
2024-11-22 21:30:00,1.0,-1.9,0.0,2.42,0.0
2024-11-22 21:45:00,1.0,-1.7,0.0,2.44,0.0
2024-11-22 22:00:00,1.0,-1.7,0.0,2.47,0.0
2024-11-22 22:15:00,1.0,-1.7,0.0,2.42,0.0
2024-11-22 22:30:00,1.0,-1.8,0.0,2.36,0.0
2024-11-22 22:45:00,0.9,-1.8,0.0,2.28,0.0
2024-11-22 23:00:00,0.9,-1.9,0.0,2.33,0.0
2024-11-22 23:15:00,0.8,-2.1,0.0,2.42,0.0
2024-11-22 23:30:00,0.7,-2.3,0.0,2.56,0.0
2024-11-22 23:45:00,0.6,-2.6,0.0,2.64,0.0
2024-11-23 00:00:00,0.6,-2.8,0.0,2.72,0.0
2024-11-23 00:15:00,0.5,-2.9,0.0,2.81,0.0
2024-11-23 00:30:00,0.5,-3.1,0.0,2.94,0.0
2024-11-23 00:45:00,0.5,-3.1,0.0,2.94,0.0
2024-11-23 01:00:00,0.5,-3.1,0.0,3.0,0.0
2024-11-23 01:15:00,0.5,-3.1,0.0,2.89,0.0
2024-11-23 01:30:00,0.4,-3.2,0.0,2.78,0.0
2024-11-23 01:45:00,0.4,-3.3,0.0,2.61,0.0
2024-11-23 02:00:00,0.4,-3.3,0.0,2.56,0.0
2024-11-23 02:15:00,0.4,-3.3,0.0,2.61,0.0
2024-11-23 02:30:00,0.4,-3.5,0.0,2.83,0.0
2024-11-23 02:45:00,0.5,-3.5,0.0,3.08,0.0
2024-11-23 03:00:00,0.5,-3.5,0.0,3.11,0.0
2024-11-23 03:15:00,0.5,-3.5,0.0,2.92,0.0
2024-11-23 03:30:00,0.5,-3.3,0.0,2.58,0.0
2024-11-23 03:45:00,0.5,-3.1,0.0,2.28,0.0
2024-11-23 04:00:00,0.5,-2.9,0.0,2.22,0.0
2024-11-23 04:15:00,0.5,-2.6,0.0,2.42,0.0
2024-11-23 04:30:00,0.4,-2.0,0.0,2.58,0.0
2024-11-23 04:45:00,0.4,-1.5,0.1,2.97,0.0
2024-11-23 05:00:00,0.5,-1.1,0.1,3.25,0.0
2024-11-23 05:15:00,0.6,-0.8,0.1,3.61,0.0
2024-11-23 05:30:00,0.8,-0.6,0.0,4.11,0.0
2024-11-23 05:45:00,1.1,-0.5,0.0,4.58,0.0
2024-11-23 06:00:00,1.2,-0.6,0.0,5.0,0.0
2024-11-23 06:15:00,1.2,-0.8,0.0,5.0,0.0
2024-11-23 06:30:00,1.1,-1.1,0.0,4.81,0.0
2024-11-23 06:45:00,1.0,-1.6,0.0,4.5,0.0
2024-11-23 07:00:00,0.9,-1.8,0.0,4.42,0.0
2024-11-23 07:15:00,0.8,-1.9,0.0,4.5,0.0
2024-11-23 07:30:00,0.8,-1.8,0.0,4.69,0.0
2024-11-23 07:45:00,0.7,-1.7,0.0,4.92,0.0
2024-11-23 08:00:00,0.6,-1.8,0.0,4.97,0.0
2024-11-23 08:15:00,0.5,-1.9,0.0,4.89,0.0
2024-11-23 08:30:00,0.4,-2.2,0.0,4.58,0.0
2024-11-23 08:45:00,0.3,-2.2,0.0,4.39,0.0
2024-11-23 09:00:00,0.3,-2.5,0.0,4.11,0.0
2024-11-23 09:15:00,0.3,-2.6,0.0,3.97,173.41
2024-11-23 09:30:00,0.3,-2.7,0.0,3.72,405.1
2024-11-23 09:45:00,0.4,-2.8,0.0,3.61,0.0
2024-11-23 10:00:00,0.5,-2.9,0.0,3.5,0.0
2024-11-23 10:15:00,0.7,-3.1,0.0,3.5,0.0
2024-11-23 10:30:00,0.8,-3.3,0.0,3.72,663.45
2024-11-23 10:45:00,1.0,-3.5,0.0,3.81,58.57
2024-11-23 11:00:00,1.2,-3.5,0.0,3.92,376.15
2024-11-23 11:15:00,1.5,-3.4,0.0,4.03,604.89
2024-11-23 11:30:00,1.7,-3.2,0.0,4.11,900.0
2024-11-23 11:45:00,2.0,-2.9,0.0,4.14,109.12
2024-11-23 12:00:00,2.3,-2.6,0.0,4.22,364.27
2024-11-23 12:15:00,2.7,-2.5,0.0,4.33,900.0
2024-11-23 12:30:00,3.1,-2.3,0.0,4.42,900.0
2024-11-23 12:45:00,3.4,-2.1,0.0,4.42,900.0
2024-11-23 13:00:00,3.8,-2.2,0.0,4.5,900.0
2024-11-23 13:15:00,4.1,-2.4,0.0,4.5,900.0
2024-11-23 13:30:00,4.4,-2.5,0.0,4.5,900.0
2024-11-23 13:45:00,4.7,-2.9,0.0,4.5,900.0
2024-11-23 14:00:00,4.8,-3.0,0.0,4.5,900.0
2024-11-23 14:15:00,4.8,-3.0,0.0,4.61,900.0
2024-11-23 14:30:00,4.8,-2.8,0.0,4.72,900.0
2024-11-23 14:45:00,4.6,-2.7,0.0,4.86,900.0
2024-11-23 15:00:00,4.5,-2.6,0.0,4.86,550.06
2024-11-23 15:15:00,4.5,-2.4,0.0,4.75,900.0
2024-11-23 15:30:00,4.4,-2.5,0.0,4.64,900.0
2024-11-23 15:45:00,4.3,-2.6,0.0,4.39,483.39
2024-11-23 16:00:00,4.2,-2.4,0.0,4.11,0.0
2024-11-23 16:15:00,4.1,-2.3,0.0,3.56,0.0
2024-11-23 16:30:00,4.0,-2.4,0.0,2.92,0.0
2024-11-23 16:45:00,3.8,-2.4,0.0,2.56,0.0
2024-11-23 17:00:00,3.7,-2.3,0.0,2.42,0.0
2024-11-23 17:15:00,3.5,-2.3,0.0,2.58,0.0
2024-11-23 17:30:00,3.3,-2.5,0.0,2.69,0.0
2024-11-23 17:45:00,3.0,-2.5,0.0,2.89,0.0
2024-11-23 18:00:00,2.8,-2.6,0.0,3.03,0.0
2024-11-23 18:15:00,2.5,-2.6,0.0,2.97,0.0
2024-11-23 18:30:00,2.3,-2.5,0.0,2.78,0.0
2024-11-23 18:45:00,2.0,-2.5,0.0,2.56,0.0
2024-11-23 19:00:00,1.8,-2.5,0.0,2.42,0.0
2024-11-23 19:15:00,1.7,-2.7,0.0,2.33,0.0
2024-11-23 19:30:00,1.6,-2.6,0.0,2.33,0.0
2024-11-23 19:45:00,1.5,-2.7,0.0,2.28,0.0
2024-11-23 20:00:00,1.4,-2.8,0.0,2.22,0.0
2024-11-23 20:15:00,1.2,-2.7,0.0,2.06,0.0
2024-11-23 20:30:00,1.0,-2.7,0.0,2.03,0.0
2024-11-23 20:45:00,0.8,-2.8,0.0,1.94,0.0
2024-11-23 21:00:00,0.7,-2.7,0.0,1.92,0.0
2024-11-23 21:15:00,0.6,-2.7,0.0,1.89,0.0
2024-11-23 21:30:00,0.5,-2.8,0.0,2.0,0.0
2024-11-23 21:45:00,0.4,-2.8,0.0,2.0,0.0
2024-11-23 22:00:00,0.4,-2.9,0.0,2.11,0.0
2024-11-23 22:15:00,0.3,-2.9,0.0,2.31,0.0
2024-11-23 22:30:00,0.3,-2.9,0.0,2.53,0.0
2024-11-23 22:45:00,0.3,-3.1,0.0,2.72,0.0
2024-11-23 23:00:00,0.4,-3.0,0.0,2.83,0.0
2024-11-23 23:15:00,0.4,-3.2,0.0,2.83,0.0
2024-11-23 23:30:00,0.5,-3.1,0.0,2.64,0.0
2024-11-23 23:45:00,0.6,-3.1,0.0,2.56,0.0
2024-11-24 00:00:00,0.7,-3.3,0.0,2.44,0.0
2024-11-24 00:15:00,0.7,-3.4,0.0,2.47,0.0
2024-11-24 00:30:00,0.7,-3.4,0.0,2.69,0.0
2024-11-24 00:45:00,0.7,-3.6,0.0,2.81,0.0
2024-11-24 01:00:00,0.7,-3.6,0.0,2.94,0.0
2024-11-24 01:15:00,0.8,-3.5,0.0,3.06,0.0
2024-11-24 01:30:00,0.8,-3.5,0.0,3.11,0.0
2024-11-24 01:45:00,0.8,-3.5,0.0,3.22,0.0
2024-11-24 02:00:00,0.9,-3.4,0.0,3.28,0.0
2024-11-24 02:15:00,0.9,-3.6,0.0,3.39,0.0
2024-11-24 02:30:00,1.0,-3.5,0.0,3.44,0.0
2024-11-24 02:45:00,1.1,-3.6,0.0,3.58,0.0
2024-11-24 03:00:00,1.1,-3.8,0.0,3.58,0.0
2024-11-24 03:15:00,1.1,-3.8,0.0,3.58,0.0
2024-11-24 03:30:00,0.9,-3.9,0.0,3.5,0.0
2024-11-24 03:45:00,0.8,-4.0,0.0,3.36,0.0
2024-11-24 04:00:00,0.8,-4.0,0.0,3.28,0.0
2024-11-24 04:15:00,0.9,-4.1,0.0,3.14,0.0
2024-11-24 04:30:00,1.1,-4.0,0.0,3.14,0.0
2024-11-24 04:45:00,1.3,-3.9,0.0,3.08,0.0
2024-11-24 05:00:00,1.5,-4.0,0.0,3.06,0.0
2024-11-24 05:15:00,1.8,-3.9,0.0,2.97,0.0
2024-11-24 05:30:00,2.0,-3.9,0.0,3.03,0.0
2024-11-24 05:45:00,2.3,-4.1,0.0,3.08,0.0
2024-11-24 06:00:00,2.5,-3.9,0.1,3.25,0.0
2024-11-24 06:15:00,2.7,-3.7,0.2,3.53,0.0
2024-11-24 06:30:00,2.9,-3.3,0.2,3.81,0.0
2024-11-24 06:45:00,3.0,-2.7,0.2,4.11,0.0
2024-11-24 07:00:00,3.1,-2.4,0.6,4.31,0.0
2024-11-24 07:15:00,3.2,-2.2,0.7,4.42,0.0
2024-11-24 07:30:00,3.2,-1.8,0.5,4.42,0.0
2024-11-24 07:45:00,3.1,-1.4,0.4,4.33,0.0
2024-11-24 08:00:00,3.1,-1.3,0.3,4.25,0.0
2024-11-24 08:15:00,3.1,-1.1,0.2,4.11,0.0
2024-11-24 08:30:00,3.2,-0.8,0.3,3.89,0.0
2024-11-24 08:45:00,3.2,-0.7,0.3,3.61,0.0
2024-11-24 09:00:00,3.2,-0.4,0.2,3.42,0.0
2024-11-24 09:15:00,3.3,-0.2,0.2,3.14,0.0
2024-11-24 09:30:00,3.3,-0.2,0.2,2.83,0.0
2024-11-24 09:45:00,3.4,0.1,0.2,2.44,0.0
2024-11-24 10:00:00,3.5,0.3,0.3,2.22,0.0
2024-11-24 10:15:00,3.5,0.7,0.1,2.11,0.0
2024-11-24 10:30:00,3.6,1.2,0.1,2.11,0.0
2024-11-24 10:45:00,3.7,1.6,0.0,2.11,0.0
2024-11-24 11:00:00,3.8,1.8,0.0,2.11,0.0
2024-11-24 11:15:00,4.0,2.2,0.0,1.92,0.0
2024-11-24 11:30:00,4.1,2.3,0.0,1.72,0.0
2024-11-24 11:45:00,4.3,2.5,0.0,1.39,0.0
2024-11-24 12:00:00,4.5,2.5,0.0,1.31,0.0
2024-11-24 12:15:00,4.8,2.6,0.0,1.5,0.0
2024-11-24 12:30:00,5.1,2.7,0.0,1.69,0.0
2024-11-24 12:45:00,5.4,2.7,0.0,2.11,0.0
2024-11-24 13:00:00,5.7,2.8,0.0,2.31,0.0
2024-11-24 13:15:00,5.9,2.9,0.0,2.39,0.0
2024-11-24 13:30:00,6.2,3.1,0.0,2.28,0.0
2024-11-24 13:45:00,6.4,3.4,0.0,2.19,0.0
2024-11-24 14:00:00,6.6,3.6,0.0,2.11,0.0
2024-11-24 14:15:00,6.8,3.9,0.0,2.06,0.0
2024-11-24 14:30:00,6.9,4.2,0.0,1.92,0.0
2024-11-24 14:45:00,7.0,4.3,0.0,1.89,0.0
2024-11-24 15:00:00,7.1,4.6,0.0,1.81,0.0
2024-11-24 15:15:00,7.2,4.7,0.0,1.81,0.0
2024-11-24 15:30:00,7.3,4.6,0.0,1.81,0.0
2024-11-24 15:45:00,7.3,4.6,0.0,1.69,0.0
2024-11-24 16:00:00,7.3,4.6,0.0,1.69,0.0
2024-11-24 16:15:00,7.3,4.7,0.0,1.61,0.0
2024-11-24 16:30:00,7.2,4.8,0.0,1.5,0.0
2024-11-24 16:45:00,7.0,4.8,0.0,1.44,0.0
2024-11-24 17:00:00,6.9,4.9,0.0,1.36,0.0
2024-11-24 17:15:00,6.8,5.0,0.0,1.28,0.0
2024-11-24 17:30:00,6.7,4.8,0.0,1.31,0.0
2024-11-24 17:45:00,6.6,4.9,0.0,1.19,0.0
2024-11-24 18:00:00,6.4,4.7,0.0,1.19,0.0
2024-11-24 18:15:00,6.3,4.6,0.0,1.31,0.0
2024-11-24 18:30:00,6.1,4.4,0.0,1.44,0.0
2024-11-24 18:45:00,6.0,4.3,0.0,1.56,0.0
2024-11-24 19:00:00,5.9,4.1,0.0,1.56,0.0
2024-11-24 19:15:00,6.0,4.0,0.0,1.39,0.0
2024-11-24 19:30:00,6.1,3.7,0.0,1.14,0.0
2024-11-24 19:45:00,6.2,3.7,0.0,0.92,0.0
2024-11-24 20:00:00,6.3,3.6,0.0,0.86,0.0
2024-11-24 20:15:00,6.2,3.5,0.0,1.0,0.0
2024-11-24 20:30:00,6.1,3.8,0.0,1.22,0.0
2024-11-24 20:45:00,6.0,3.8,0.0,1.42,0.0
2024-11-24 21:00:00,6.0,4.0,0.0,1.64,0.0
2024-11-24 21:15:00,6.0,4.0,0.0,1.64,0.0
2024-11-24 21:30:00,6.0,4.0,0.0,1.58,0.0
2024-11-24 21:45:00,6.1,3.9,0.0,1.56,0.0
2024-11-24 22:00:00,6.1,3.9,0.0,1.53,0.0
2024-11-24 22:15:00,6.2,4.0,0.0,1.53,0.0
2024-11-24 22:30:00,6.4,4.0,0.0,1.44,0.0
2024-11-24 22:45:00,6.5,4.0,0.0,1.39,0.0
2024-11-24 23:00:00,6.6,4.1,0.0,1.36,0.0
2024-11-24 23:15:00,6.6,4.1,0.0,1.33,0.0
2024-11-24 23:30:00,6.6,4.1,0.0,1.5,0.0
2024-11-24 23:45:00,6.5,4.2,0.0,1.64,0.0
2024-11-25 00:00:00,6.5,4.2,0.0,1.72,0.0
2024-11-25 00:15:00,6.6,4.2,0.0,1.78,0.0
2024-11-25 00:30:00,6.7,4.5,0.0,1.83,0.0
2024-11-25 00:45:00,6.8,4.6,0.0,1.97,0.0
2024-11-25 01:00:00,6.9,4.7,0.0,1.97,0.0
2024-11-25 01:15:00,6.9,4.6,0.0,1.92,0.0
2024-11-25 01:30:00,7.0,4.6,0.0,1.94,0.0
2024-11-25 01:45:00,7.0,4.4,0.0,1.89,0.0
2024-11-25 02:00:00,7.0,4.3,0.0,1.83,0.0
2024-11-25 02:15:00,7.0,4.3,0.0,1.92,0.0
2024-11-25 02:30:00,6.9,4.2,0.0,2.0,0.0
2024-11-25 02:45:00,6.9,4.4,0.0,2.06,0.0
2024-11-25 03:00:00,6.9,4.4,0.0,2.14,0.0
2024-11-25 03:15:00,6.9,4.4,0.0,2.14,0.0
2024-11-25 03:30:00,7.0,4.6,0.0,2.11,0.0
2024-11-25 03:45:00,7.0,4.7,0.0,2.06,0.0
2024-11-25 04:00:00,7.1,4.7,0.0,2.06,0.0
2024-11-25 04:15:00,7.1,4.7,0.0,2.11,0.0
2024-11-25 04:30:00,7.1,4.8,0.0,2.06,0.0
2024-11-25 04:45:00,7.1,4.6,0.0,2.11,0.0
2024-11-25 05:00:00,7.2,4.5,0.0,2.17,0.0
2024-11-25 05:15:00,7.3,4.2,0.0,2.25,0.0
2024-11-25 05:30:00,7.4,4.0,0.0,2.39,0.0
2024-11-25 05:45:00,7.6,3.8,0.0,2.47,0.0
2024-11-25 06:00:00,7.7,3.7,0.0,2.56,0.0
2024-11-25 06:15:00,7.7,3.7,0.0,2.61,0.0
2024-11-25 06:30:00,7.8,3.8,0.0,2.61,0.0
2024-11-25 06:45:00,7.8,3.8,0.0,2.58,0.0
2024-11-25 07:00:00,7.8,4.0,0.0,2.64,0.0
2024-11-25 07:15:00,7.6,4.0,0.0,2.69,0.0
2024-11-25 07:30:00,7.5,4.1,0.0,2.92,0.0
2024-11-25 07:45:00,7.2,4.0,0.0,2.97,0.0
2024-11-25 08:00:00,7.1,4.0,0.0,3.11,0.0
2024-11-25 08:15:00,6.9,4.0,0.0,3.11,0.0
2024-11-25 08:30:00,6.8,4.0,0.0,3.25,0.0
2024-11-25 08:45:00,6.7,3.9,0.0,3.19,0.0
2024-11-25 09:00:00,6.7,3.8,0.0,3.19,0.0
2024-11-25 09:15:00,6.7,3.8,0.0,3.11,0.0
2024-11-25 09:30:00,6.7,3.7,0.0,3.14,321.99
2024-11-25 09:45:00,6.9,3.6,0.0,3.08,438.8
2024-11-25 10:00:00,7.1,3.7,0.0,3.11,900.0
2024-11-25 10:15:00,7.6,3.8,0.0,3.14,900.0
2024-11-25 10:30:00,8.2,3.8,0.0,3.08,900.0
2024-11-25 10:45:00,8.8,4.0,0.0,3.08,900.0
2024-11-25 11:00:00,9.3,3.9,0.0,3.14,900.0
2024-11-25 11:15:00,9.7,3.7,0.0,3.28,900.0
2024-11-25 11:30:00,10.1,3.6,0.0,3.36,900.0
2024-11-25 11:45:00,10.4,3.2,0.0,3.53,900.0
2024-11-25 12:00:00,10.6,2.9,0.0,3.69,900.0
2024-11-25 12:15:00,10.8,2.9,0.0,3.78,900.0
2024-11-25 12:30:00,11.0,2.8,0.0,3.94,900.0
2024-11-25 12:45:00,11.2,2.7,0.0,4.06,900.0
2024-11-25 13:00:00,11.3,2.6,0.0,4.14,900.0
2024-11-25 13:15:00,11.5,2.5,0.0,4.33,900.0
2024-11-25 13:30:00,11.6,2.1,0.0,4.53,900.0
2024-11-25 13:45:00,11.8,1.9,0.0,4.72,791.78
2024-11-25 14:00:00,11.8,1.7,0.0,4.83,706.03
2024-11-25 14:15:00,11.9,1.8,0.0,4.92,900.0
2024-11-25 14:30:00,11.8,1.7,0.0,4.94,900.0
2024-11-25 14:45:00,11.8,1.9,0.0,5.03,900.0
2024-11-25 15:00:00,11.7,2.1,0.0,4.94,900.0
2024-11-25 15:15:00,11.5,2.2,0.0,4.86,900.0
2024-11-25 15:30:00,11.3,2.3,0.0,4.58,900.0
2024-11-25 15:45:00,11.0,2.3,0.0,4.39,900.0
2024-11-25 16:00:00,10.8,2.3,0.0,4.19,900.0
2024-11-25 16:15:00,10.6,2.4,0.0,4.11,644.73
2024-11-25 16:30:00,10.5,2.6,0.0,4.0,136.59
2024-11-25 16:45:00,10.4,2.5,0.0,3.92,0.0
2024-11-25 17:00:00,10.2,2.5,0.0,3.81,0.0
2024-11-25 17:15:00,10.0,2.4,0.0,3.69,0.0
2024-11-25 17:30:00,9.8,2.1,0.0,3.56,0.0
2024-11-25 17:45:00,9.6,1.9,0.0,3.44,0.0
2024-11-25 18:00:00,9.3,1.7,0.0,3.33,0.0
2024-11-25 18:15:00,9.1,1.5,0.0,3.33,0.0
2024-11-25 18:30:00,8.9,1.3,0.0,3.42,0.0
2024-11-25 18:45:00,8.7,1.1,0.0,3.61,0.0
2024-11-25 19:00:00,8.5,1.2,0.0,3.61,0.0
2024-11-25 19:15:00,8.3,1.2,0.0,3.61,0.0
2024-11-25 19:30:00,8.2,1.5,0.0,3.5,0.0
2024-11-25 19:45:00,8.0,1.8,0.0,3.42,0.0
2024-11-25 20:00:00,7.9,1.9,0.0,3.31,0.0
2024-11-25 20:15:00,7.8,2.1,0.0,3.31,0.0
2024-11-25 20:30:00,7.8,2.3,0.0,3.33,0.0
2024-11-25 20:45:00,7.8,2.5,0.0,3.28,0.0
2024-11-25 21:00:00,7.8,2.6,0.0,3.31,0.0
2024-11-25 21:15:00,7.7,2.9,0.0,3.19,0.0
2024-11-25 21:30:00,7.5,3.1,0.0,2.97,0.0
2024-11-25 21:45:00,7.3,3.4,0.0,2.83,0.0
2024-11-25 22:00:00,7.2,3.4,0.0,2.72,0.0
2024-11-25 22:15:00,7.2,3.6,0.0,2.69,0.0
2024-11-25 22:30:00,7.3,3.9,0.0,2.81,0.0
2024-11-25 22:45:00,7.4,4.0,0.0,2.89,0.0
2024-11-25 23:00:00,7.5,4.1,0.0,3.0,0.0
2024-11-25 23:15:00,7.6,4.2,0.0,3.0,0.0
2024-11-25 23:30:00,7.7,4.1,0.0,3.11,0.0
2024-11-25 23:45:00,7.9,4.1,0.0,3.11,0.0
2024-11-26 00:00:00,8.0,4.2,0.0,3.11,0.0
2024-11-26 00:15:00,8.0,4.2,0.0,3.19,0.0
2024-11-26 00:30:00,8.1,4.3,0.0,3.31,0.0
2024-11-26 00:45:00,8.1,4.3,0.0,3.42,0.0
2024-11-26 01:00:00,8.0,4.2,0.0,3.42,0.0
2024-11-26 01:15:00,7.8,4.2,0.0,3.22,0.0
2024-11-26 01:30:00,7.6,4.3,0.0,2.92,0.0
2024-11-26 01:45:00,7.3,4.2,0.0,2.56,0.0
2024-11-26 02:00:00,7.0,4.3,0.0,2.25,0.0
2024-11-26 02:15:00,6.7,4.1,0.0,2.08,0.0
2024-11-26 02:30:00,6.4,4.2,0.0,1.81,0.0
2024-11-26 02:45:00,6.1,4.1,0.0,1.61,0.0
2024-11-26 03:00:00,5.8,4.0,0.0,1.44,0.0
2024-11-26 03:15:00,5.7,3.8,0.0,1.19,0.0
2024-11-26 03:30:00,5.6,3.8,0.0,0.83,0.0
2024-11-26 03:45:00,5.6,3.7,0.0,0.61,0.0
2024-11-26 04:00:00,5.5,3.6,0.0,0.5,0.0
2024-11-26 04:15:00,5.3,3.6,0.0,0.5,0.0
2024-11-26 04:30:00,5.0,3.5,0.0,0.67,0.0
2024-11-26 04:45:00,4.7,3.4,0.0,0.78,0.0
2024-11-26 05:00:00,4.6,3.2,0.0,0.78,0.0
2024-11-26 05:15:00,4.6,3.3,0.0,0.5,0.0
2024-11-26 05:30:00,4.8,3.3,0.0,0.22,0.0
2024-11-26 05:45:00,5.0,3.3,0.0,0.69,0.0
2024-11-26 06:00:00,5.1,3.3,0.0,1.11,0.0
2024-11-26 06:15:00,5.2,3.2,0.0,1.5,0.0
2024-11-26 06:30:00,5.2,3.2,0.0,1.92,0.0
2024-11-26 06:45:00,5.1,3.0,0.0,2.42,0.0
2024-11-26 07:00:00,5.2,3.0,0.0,2.67,0.0
2024-11-26 07:15:00,5.2,3.1,0.0,2.75,0.0
2024-11-26 07:30:00,5.3,3.2,0.0,2.69,0.0
2024-11-26 07:45:00,5.5,3.3,0.0,2.56,0.0
2024-11-26 08:00:00,5.6,3.4,0.0,2.53,0.0
2024-11-26 08:15:00,5.7,3.5,0.0,2.5,0.0
2024-11-26 08:30:00,5.8,3.6,0.0,2.5,0.0
2024-11-26 08:45:00,5.9,3.6,0.0,2.5,0.0
2024-11-26 09:00:00,6.0,3.7,0.0,2.5,0.0
2024-11-26 09:15:00,6.2,3.7,0.0,2.53,0.0
2024-11-26 09:30:00,6.3,3.8,0.0,2.42,0.0
2024-11-26 09:45:00,6.5,3.8,0.0,2.33,0.0
2024-11-26 10:00:00,6.6,3.9,0.0,2.33,0.0
2024-11-26 10:15:00,6.8,4.1,0.0,2.42,0.0
2024-11-26 10:30:00,7.0,4.5,0.0,2.5,0.0
2024-11-26 10:45:00,7.2,4.8,0.0,2.61,0.0
2024-11-26 11:00:00,7.3,5.1,0.1,2.69,0.0
2024-11-26 11:15:00,7.4,5.3,0.1,2.69,0.0
2024-11-26 11:30:00,7.4,5.4,0.2,2.72,0.0
2024-11-26 11:45:00,7.4,5.6,0.1,2.72,0.0
2024-11-26 12:00:00,7.4,5.6,0.2,2.75,0.0
2024-11-26 12:15:00,7.5,5.6,0.3,2.83,0.0
2024-11-26 12:30:00,7.5,5.8,0.2,2.94,0.0
2024-11-26 12:45:00,7.6,5.9,0.2,3.03,0.0
2024-11-26 13:00:00,7.6,6.1,0.3,3.14,0.0
2024-11-26 13:15:00,7.7,6.3,0.3,3.14,0.0
2024-11-26 13:30:00,7.7,6.4,0.3,3.25,0.0
2024-11-26 13:45:00,7.7,6.6,0.2,3.14,0.0
2024-11-26 14:00:00,7.7,6.7,0.3,3.14,0.0
2024-11-26 14:15:00,7.8,6.7,0.2,3.03,0.0
2024-11-26 14:30:00,7.8,6.7,0.1,2.97,0.0
2024-11-26 14:45:00,7.8,6.6,0.0,2.78,0.0
2024-11-26 15:00:00,7.9,6.6,0.0,2.67,0.0
2024-11-26 15:15:00,7.9,6.7,0.0,2.47,0.0
2024-11-26 15:30:00,7.9,6.7,0.0,2.25,0.0
2024-11-26 15:45:00,7.9,6.7,0.0,2.17,0.0
2024-11-26 16:00:00,7.9,6.7,0.0,2.03,0.0
2024-11-26 16:15:00,7.9,6.6,0.0,2.03,0.0
2024-11-26 16:30:00,7.7,6.7,0.0,2.22,0.0
2024-11-26 16:45:00,7.6,6.7,0.0,2.31,0.0
2024-11-26 17:00:00,7.5,6.6,0.0,2.39,0.0
2024-11-26 17:15:00,7.5,6.6,0.0,2.31,0.0
2024-11-26 17:30:00,7.4,6.4,0.0,2.19,0.0
2024-11-26 17:45:00,7.4,6.2,0.0,2.11,0.0
2024-11-26 18:00:00,7.4,6.0,0.0,2.0,0.0
2024-11-26 18:15:00,7.3,5.9,0.0,2.0,0.0
2024-11-26 18:30:00,7.3,5.8,0.0,2.0,0.0
2024-11-26 18:45:00,7.3,5.7,0.0,2.03,0.0
2024-11-26 19:00:00,7.2,5.6,0.0,2.03,0.0
2024-11-26 19:15:00,7.0,5.5,0.0,1.92,0.0
2024-11-26 19:30:00,6.8,5.4,0.0,1.92,0.0
2024-11-26 19:45:00,6.6,5.4,0.0,1.83,0.0
2024-11-26 20:00:00,6.4,5.2,0.0,1.72,0.0
2024-11-26 20:15:00,6.2,5.0,0.0,1.69,0.0
2024-11-26 20:30:00,5.9,4.7,0.0,1.69,0.0
2024-11-26 20:45:00,5.7,4.5,0.0,1.72,0.0
2024-11-26 21:00:00,5.5,4.3,0.0,1.78,0.0
2024-11-26 21:15:00,5.3,3.9,0.0,1.83,0.0
2024-11-26 21:30:00,5.1,3.6,0.0,1.78,0.0
2024-11-26 21:45:00,4.9,3.2,0.0,1.83,0.0
2024-11-26 22:00:00,4.7,3.1,0.0,1.81,0.0
2024-11-26 22:15:00,4.5,2.8,0.0,1.72,0.0
2024-11-26 22:30:00,4.2,2.7,0.0,1.67,0.0
2024-11-26 22:45:00,4.0,2.6,0.0,1.53,0.0
2024-11-26 23:00:00,3.8,2.6,0.0,1.44,0.0
2024-11-26 23:15:00,3.6,2.4,0.0,1.36,0.0
2024-11-26 23:30:00,3.5,2.3,0.0,1.33,0.0
2024-11-26 23:45:00,3.3,2.1,0.0,1.19,0.0
2024-11-27 00:00:00,3.2,2.0,0.0,1.22,0.0
2024-11-27 00:15:00,3.1,1.9,0.0,1.17,0.0
2024-11-27 00:30:00,3.0,1.8,0.0,1.19,0.0
2024-11-27 00:45:00,3.0,1.6,0.0,1.17,0.0
2024-11-27 01:00:00,2.9,1.6,0.0,1.17,0.0
2024-11-27 01:15:00,3.0,1.6,0.0,1.08,0.0
2024-11-27 01:30:00,3.1,1.6,0.0,0.94,0.0
2024-11-27 01:45:00,3.2,1.7,0.0,0.86,0.0
2024-11-27 02:00:00,3.2,1.7,0.0,0.86,0.0
2024-11-27 02:15:00,3.2,1.9,0.0,0.92,0.0
2024-11-27 02:30:00,3.2,1.9,0.0,1.0,0.0
2024-11-27 02:45:00,3.2,2.0,0.0,1.14,0.0
2024-11-27 03:00:00,3.2,2.1,0.0,1.19,0.0
2024-11-27 03:15:00,3.2,2.2,0.0,1.14,0.0
2024-11-27 03:30:00,3.3,2.4,0.0,1.08,0.0
2024-11-27 03:45:00,3.3,2.4,0.0,0.94,0.0
2024-11-27 04:00:00,3.3,2.4,0.0,0.89,0.0
2024-11-27 04:15:00,3.2,2.3,0.0,0.97,0.0
2024-11-27 04:30:00,2.9,2.0,0.0,0.97,0.0
2024-11-27 04:45:00,2.7,1.8,0.0,1.08,0.0
2024-11-27 05:00:00,2.5,1.6,0.0,1.17,0.0
2024-11-27 05:15:00,2.5,1.6,0.0,1.17,0.0
2024-11-27 05:30:00,2.5,1.6,0.0,1.17,0.0
2024-11-27 05:45:00,2.5,1.6,0.0,1.17,0.0
2024-11-27 06:00:00,2.6,1.7,0.0,1.17,0.0
2024-11-27 06:15:00,2.7,1.8,0.0,1.17,0.0
2024-11-27 06:30:00,2.8,1.9,0.0,1.08,0.0
2024-11-27 06:45:00,2.9,1.9,0.0,0.94,0.0
2024-11-27 07:00:00,3.1,2.0,0.0,0.97,0.0
2024-11-27 07:15:00,3.2,2.2,0.0,1.08,0.0
2024-11-27 07:30:00,3.4,2.3,0.0,1.28,0.0
2024-11-27 07:45:00,3.5,2.5,0.0,1.5,0.0
2024-11-27 08:00:00,3.6,2.6,0.0,1.64,0.0
2024-11-27 08:15:00,3.6,2.6,0.0,1.64,0.0
2024-11-27 08:30:00,3.5,2.6,0.0,1.69,0.0
2024-11-27 08:45:00,3.4,2.5,0.0,1.67,0.0
2024-11-27 09:00:00,3.4,2.5,0.0,1.72,0.0
2024-11-27 09:15:00,3.5,2.6,0.0,1.72,0.0
2024-11-27 09:30:00,3.7,2.6,0.0,1.75,299.16
2024-11-27 09:45:00,3.9,2.7,0.0,1.69,900.0
2024-11-27 10:00:00,4.2,2.8,0.0,1.75,900.0
2024-11-27 10:15:00,4.6,3.1,0.0,1.89,900.0
2024-11-27 10:30:00,5.1,3.4,0.0,1.97,900.0
2024-11-27 10:45:00,5.6,3.6,0.0,2.11,900.0
2024-11-27 11:00:00,6.1,3.9,0.0,2.11,900.0
2024-11-27 11:15:00,6.4,4.1,0.0,2.11,900.0
2024-11-27 11:30:00,6.8,4.1,0.0,2.08,900.0
2024-11-27 11:45:00,7.0,4.0,0.0,2.0,900.0
2024-11-27 12:00:00,7.3,4.1,0.0,1.92,900.0
2024-11-27 12:15:00,7.6,4.2,0.0,1.78,900.0
2024-11-27 12:30:00,7.8,4.2,0.0,1.69,900.0
2024-11-27 12:45:00,8.1,4.3,0.0,1.64,900.0
2024-11-27 13:00:00,8.3,4.3,0.0,1.5,900.0
2024-11-27 13:15:00,8.5,4.3,0.0,1.36,900.0
2024-11-27 13:30:00,8.7,4.3,0.0,1.36,900.0
2024-11-27 13:45:00,8.8,4.2,0.0,1.36,900.0
2024-11-27 14:00:00,8.9,4.1,0.0,1.28,900.0
2024-11-27 14:15:00,9.0,4.0,0.0,1.28,900.0
2024-11-27 14:30:00,9.1,4.1,0.0,1.33,900.0
2024-11-27 14:45:00,9.1,4.1,0.0,1.44,900.0
2024-11-27 15:00:00,9.1,4.1,0.0,1.47,900.0
2024-11-27 15:15:00,9.0,4.2,0.0,1.5,900.0
2024-11-27 15:30:00,8.8,4.4,0.0,1.42,900.0
2024-11-27 15:45:00,8.6,4.6,0.0,1.5,900.0
2024-11-27 16:00:00,8.4,4.7,0.0,1.53,900.0
2024-11-27 16:15:00,8.0,4.8,0.0,1.58,896.05
2024-11-27 16:30:00,7.6,4.9,0.0,1.61,346.59
2024-11-27 16:45:00,7.2,5.0,0.0,1.69,27.45
2024-11-27 17:00:00,6.8,5.0,0.0,1.69,0.0
2024-11-27 17:15:00,6.4,4.7,0.0,1.69,0.0
2024-11-27 17:30:00,6.0,4.7,0.0,1.61,0.0
2024-11-27 17:45:00,5.7,4.3,0.0,1.67,0.0
2024-11-27 18:00:00,5.3,4.1,0.0,1.64,0.0
2024-11-27 18:15:00,5.0,3.8,0.0,1.64,0.0
2024-11-27 18:30:00,4.7,3.7,0.0,1.75,0.0
2024-11-27 18:45:00,4.4,3.4,0.0,1.83,0.0
2024-11-27 19:00:00,4.2,3.2,0.0,1.83,0.0
2024-11-27 19:15:00,4.1,3.0,0.0,1.83,0.0
2024-11-27 19:30:00,3.9,2.9,0.0,1.86,0.0
2024-11-27 19:45:00,3.8,2.8,0.0,1.97,0.0
2024-11-27 20:00:00,3.8,2.7,0.0,2.0,0.0
2024-11-27 20:15:00,3.7,2.7,0.0,2.11,0.0
2024-11-27 20:30:00,3.7,2.5,0.0,2.11,0.0
2024-11-27 20:45:00,3.7,2.5,0.0,2.25,0.0
2024-11-27 21:00:00,3.7,2.4,0.0,2.39,0.0
2024-11-27 21:15:00,3.7,2.2,0.0,2.5,0.0
2024-11-27 21:30:00,3.7,2.2,0.0,2.72,0.0
2024-11-27 21:45:00,3.8,2.1,0.0,2.83,0.0
2024-11-27 22:00:00,3.8,2.1,0.0,2.94,0.0
2024-11-27 22:15:00,3.8,2.1,0.0,3.08,0.0
2024-11-27 22:30:00,3.8,2.2,0.0,3.14,0.0
2024-11-27 22:45:00,3.9,2.2,0.0,3.28,0.0
2024-11-27 23:00:00,3.9,2.1,0.0,3.28,0.0
2024-11-27 23:15:00,4.0,2.0,0.0,3.28,0.0
2024-11-27 23:30:00,4.2,1.9,0.0,3.22,0.0
2024-11-27 23:45:00,4.4,1.9,0.0,3.14,0.0
2024-11-28 00:00:00,4.5,1.8,0.0,3.14,0.0
2024-11-28 00:15:00,4.5,1.8,0.0,3.17,0.0
2024-11-28 00:30:00,4.4,1.9,0.0,3.31,0.0
2024-11-28 00:45:00,4.4,1.9,0.0,3.36,0.0
2024-11-28 01:00:00,4.4,2.1,0.0,3.42,0.0
2024-11-28 01:15:00,4.5,2.2,0.0,3.33,0.0
2024-11-28 01:30:00,4.6,2.4,0.0,3.11,0.0
2024-11-28 01:45:00,4.7,2.6,0.0,2.89,0.0
2024-11-28 02:00:00,4.8,2.7,0.0,2.81,0.0
2024-11-28 02:15:00,4.9,2.8,0.0,2.81,0.0
2024-11-28 02:30:00,5.0,2.7,0.0,2.89,0.0
2024-11-28 02:45:00,5.1,2.8,0.0,3.11,0.0
2024-11-28 03:00:00,5.2,2.9,0.0,3.14,0.0
2024-11-28 03:15:00,5.4,3.0,0.0,3.14,0.0
2024-11-28 03:30:00,5.5,3.4,0.2,3.14,0.0
2024-11-28 03:45:00,5.7,3.7,0.2,3.14,0.0
2024-11-28 04:00:00,5.9,3.9,0.3,3.28,0.0
2024-11-28 04:15:00,6.1,4.1,0.5,3.53,0.0
2024-11-28 04:30:00,6.3,4.1,0.4,3.83,0.0
2024-11-28 04:45:00,6.5,4.3,0.2,4.11,0.0
2024-11-28 05:00:00,6.7,4.3,0.2,4.31,0.0
2024-11-28 05:15:00,6.7,4.4,0.3,4.39,0.0
2024-11-28 05:30:00,6.8,4.2,0.1,4.39,0.0
2024-11-28 05:45:00,6.8,4.2,0.3,4.39,0.0
2024-11-28 06:00:00,6.8,4.2,0.1,4.31,0.0
2024-11-28 06:15:00,6.8,4.3,0.1,4.19,0.0
2024-11-28 06:30:00,6.8,4.3,0.1,4.0,0.0
2024-11-28 06:45:00,6.9,4.3,0.2,3.81,0.0
2024-11-28 07:00:00,6.9,4.4,0.1,3.69,0.0
2024-11-28 07:15:00,7.0,4.5,0.0,3.81,0.0
2024-11-28 07:30:00,7.1,4.4,0.0,4.06,0.0
2024-11-28 07:45:00,7.3,4.4,0.0,4.22,0.0
2024-11-28 08:00:00,7.3,4.4,0.0,4.39,0.0
2024-11-28 08:15:00,7.3,4.4,0.0,4.33,0.0
2024-11-28 08:30:00,7.2,4.5,0.0,4.14,0.0
2024-11-28 08:45:00,7.2,4.6,0.0,3.94,0.0
2024-11-28 09:00:00,7.1,4.6,0.0,3.86,0.0
2024-11-28 09:15:00,7.2,4.6,0.0,3.78,220.53
2024-11-28 09:30:00,7.2,4.5,0.0,3.97,556.24
2024-11-28 09:45:00,7.4,4.5,0.0,4.19,900.0
2024-11-28 10:00:00,7.5,4.4,0.0,4.31,738.5
2024-11-28 10:15:00,7.6,4.6,0.0,4.22,444.94
2024-11-28 10:30:00,7.8,4.9,0.0,3.97,900.0
2024-11-28 10:45:00,7.9,5.0,0.0,3.83,611.35
2024-11-28 11:00:00,8.1,4.9,0.0,3.75,687.28
2024-11-28 11:15:00,8.4,4.4,0.0,3.97,900.0
2024-11-28 11:30:00,8.6,3.4,0.0,4.39,900.0
2024-11-28 11:45:00,8.9,2.2,0.0,4.83,900.0
2024-11-28 12:00:00,9.0,1.4,0.0,5.28,900.0
2024-11-28 12:15:00,9.1,1.0,0.0,5.5,619.87
2024-11-28 12:30:00,9.1,0.7,0.0,5.69,0.0
2024-11-28 12:45:00,9.0,0.7,0.0,5.78,0.0
2024-11-28 13:00:00,8.9,0.6,0.0,5.86,0.0
2024-11-28 13:15:00,8.8,0.8,0.0,5.94,0.0
2024-11-28 13:30:00,8.7,1.1,0.0,6.03,0.0
2024-11-28 13:45:00,8.5,1.2,0.0,6.03,0.0
2024-11-28 14:00:00,8.3,1.5,0.0,6.08,0.0
2024-11-28 14:15:00,8.1,1.5,0.1,6.14,0.0
2024-11-28 14:30:00,7.9,1.7,0.1,6.28,0.0
2024-11-28 14:45:00,7.6,1.7,0.1,6.33,0.0
2024-11-28 15:00:00,7.4,1.7,0.0,6.36,0.0
2024-11-28 15:15:00,7.3,1.7,0.0,6.31,0.0
2024-11-28 15:30:00,7.1,1.6,0.0,6.14,0.0
2024-11-28 15:45:00,7.0,1.5,0.0,6.0,0.0
2024-11-28 16:00:00,6.9,1.6,0.1,5.97,0.0
2024-11-28 16:15:00,6.7,1.6,0.1,5.94,0.0
2024-11-28 16:30:00,6.5,1.8,0.0,6.03,0.0
2024-11-28 16:45:00,6.3,2.0,0.0,6.11,0.0
2024-11-28 17:00:00,6.2,2.1,0.1,6.22,0.0
2024-11-28 17:15:00,6.0,2.1,0.1,6.19,0.0
2024-11-28 17:30:00,5.9,2.0,0.1,6.31,0.0
2024-11-28 17:45:00,5.7,2.0,0.1,6.28,0.0
2024-11-28 18:00:00,5.6,1.9,0.1,6.28,0.0
2024-11-28 18:15:00,5.5,1.8,0.1,6.36,0.0
2024-11-28 18:30:00,5.4,1.9,0.0,6.33,0.0
2024-11-28 18:45:00,5.3,1.8,0.0,6.42,0.0
2024-11-28 19:00:00,5.3,1.9,0.1,6.42,0.0
2024-11-28 19:15:00,5.3,2.1,0.0,6.39,0.0
2024-11-28 19:30:00,5.3,2.4,0.1,6.31,0.0
2024-11-28 19:45:00,5.3,2.8,0.1,6.19,0.0
2024-11-28 20:00:00,5.3,2.9,0.2,6.11,0.0
2024-11-28 20:15:00,5.2,2.9,0.2,6.14,0.0
2024-11-28 20:30:00,5.2,2.8,0.2,6.25,0.0
2024-11-28 20:45:00,5.1,2.7,0.2,6.25,0.0
2024-11-28 21:00:00,5.0,2.7,0.2,6.25,0.0
2024-11-28 21:15:00,5.0,2.6,0.2,6.14,0.0
2024-11-28 21:30:00,4.9,2.6,0.2,5.97,0.0
2024-11-28 21:45:00,4.9,2.8,0.1,5.67,0.0
2024-11-28 22:00:00,4.9,2.8,0.1,5.5,0.0
2024-11-28 22:15:00,5.0,2.8,0.1,5.22,0.0
2024-11-28 22:30:00,5.0,3.0,0.2,4.97,0.0
2024-11-28 22:45:00,5.1,3.2,0.1,4.83,0.0
2024-11-28 23:00:00,5.1,3.3,0.2,4.69,0.0
2024-11-28 23:15:00,5.1,3.3,0.1,4.72,0.0
2024-11-28 23:30:00,5.1,3.3,0.1,4.72,0.0
2024-11-28 23:45:00,5.1,3.4,0.1,4.81,0.0
2024-11-29 00:00:00,5.1,3.4,0.0,4.81,0.0
2024-11-29 00:15:00,5.1,3.6,0.0,4.64,0.0
2024-11-29 00:30:00,5.0,3.7,0.1,4.39,0.0
2024-11-29 00:45:00,5.0,3.7,0.2,4.11,0.0
2024-11-29 01:00:00,5.1,3.9,0.3,3.92,0.0
2024-11-29 01:15:00,5.2,4.0,0.2,3.89,0.0
2024-11-29 01:30:00,5.3,4.1,0.2,3.97,0.0
2024-11-29 01:45:00,5.5,4.1,0.2,4.08,0.0
2024-11-29 02:00:00,5.6,4.2,0.1,4.22,0.0
2024-11-29 02:15:00,5.7,4.3,0.0,4.25,0.0
2024-11-29 02:30:00,5.7,4.2,0.0,4.25,0.0
2024-11-29 02:45:00,5.8,4.2,0.0,4.25,0.0
2024-11-29 03:00:00,5.8,4.2,0.0,4.25,0.0
2024-11-29 03:15:00,5.8,4.2,0.2,4.25,0.0
2024-11-29 03:30:00,5.7,4.4,0.1,4.25,0.0
2024-11-29 03:45:00,5.7,4.3,0.2,4.25,0.0
2024-11-29 04:00:00,5.6,4.3,0.3,4.25,0.0
2024-11-29 04:15:00,5.6,4.3,0.2,4.17,0.0
2024-11-29 04:30:00,5.7,4.3,0.2,4.22,0.0
2024-11-29 04:45:00,5.7,4.2,0.0,4.22,0.0
2024-11-29 05:00:00,5.7,4.2,0.0,4.19,0.0
2024-11-29 05:15:00,5.7,4.2,0.1,4.19,0.0
2024-11-29 05:30:00,5.7,4.0,0.1,4.22,0.0
2024-11-29 05:45:00,5.6,3.9,0.0,4.19,0.0
2024-11-29 06:00:00,5.6,3.9,0.1,4.25,0.0
2024-11-29 06:15:00,5.5,3.8,0.1,4.25,0.0
2024-11-29 06:30:00,5.5,3.8,0.1,4.28,0.0
2024-11-29 06:45:00,5.5,3.8,0.0,4.28,0.0
2024-11-29 07:00:00,5.5,3.8,0.0,4.31,0.0
2024-11-29 07:15:00,5.5,3.8,0.1,4.31,0.0
2024-11-29 07:30:00,5.5,3.8,0.0,4.39,0.0
2024-11-29 07:45:00,5.4,3.7,0.1,4.39,0.0
2024-11-29 08:00:00,5.4,3.7,0.1,4.39,0.0
2024-11-29 08:15:00,5.4,3.7,0.1,4.33,0.0
2024-11-29 08:30:00,5.3,3.6,0.0,4.25,0.0
2024-11-29 08:45:00,5.3,3.5,0.0,4.19,0.0
2024-11-29 09:00:00,5.3,3.4,0.0,4.17,0.0
2024-11-29 09:15:00,5.3,3.4,0.0,4.17,0.0
2024-11-29 09:30:00,5.3,3.4,0.1,4.17,0.0
2024-11-29 09:45:00,5.3,3.4,0.1,4.11,0.0
2024-11-29 10:00:00,5.3,3.5,0.1,4.19,0.0
2024-11-29 10:15:00,5.4,3.5,0.1,4.33,0.0
2024-11-29 10:30:00,5.4,3.4,0.1,4.61,0.0
2024-11-29 10:45:00,5.5,3.3,0.1,4.94,0.0
2024-11-29 11:00:00,5.5,3.4,0.0,5.0,0.0
2024-11-29 11:15:00,5.5,3.4,0.0,4.81,0.0
2024-11-29 11:30:00,5.5,3.4,0.0,4.5,0.0
2024-11-29 11:45:00,5.5,3.3,0.0,4.14,0.0
2024-11-29 12:00:00,5.5,3.3,0.0,3.86,0.0
2024-11-29 12:15:00,5.5,3.3,0.0,3.78,0.0
2024-11-29 12:30:00,5.5,3.3,0.0,3.89,0.0
2024-11-29 12:45:00,5.4,3.3,0.0,4.03,0.0
2024-11-29 13:00:00,5.4,3.3,0.0,4.03,0.0
2024-11-29 13:15:00,5.4,3.2,0.0,4.03,0.0
2024-11-29 13:30:00,5.3,3.2,0.0,3.94,0.0
2024-11-29 13:45:00,5.3,3.0,0.0,3.94,0.0
2024-11-29 14:00:00,5.3,2.9,0.0,3.86,0.0
2024-11-29 14:15:00,5.3,2.9,0.0,3.75,0.0
2024-11-29 14:30:00,5.3,2.8,0.0,3.75,0.0
2024-11-29 14:45:00,5.3,2.8,0.0,3.67,0.0
2024-11-29 15:00:00,5.3,2.8,0.0,3.67,0.0
2024-11-29 15:15:00,5.3,2.8,0.0,3.61,0.0
2024-11-29 15:30:00,5.2,2.9,0.0,3.58,0.0
2024-11-29 15:45:00,5.2,3.1,0.0,3.56,0.0
2024-11-29 16:00:00,5.2,3.1,0.0,3.5,0.0
2024-11-29 16:15:00,5.2,3.1,0.0,3.42,0.0
2024-11-29 16:30:00,5.3,3.3,0.0,3.39,0.0
2024-11-29 16:45:00,5.3,3.3,0.0,3.28,0.0
2024-11-29 17:00:00,5.3,3.3,0.0,3.19,0.0
2024-11-29 17:15:00,5.3,3.3,0.0,3.06,0.0
2024-11-29 17:30:00,5.2,3.4,0.0,2.97,0.0
2024-11-29 17:45:00,5.2,3.4,0.0,2.94,0.0
2024-11-29 18:00:00,5.2,3.5,0.0,2.83,0.0
2024-11-29 18:15:00,5.1,3.6,0.0,2.89,0.0
2024-11-29 18:30:00,5.1,3.6,0.0,2.83,0.0
2024-11-29 18:45:00,5.1,3.7,0.0,2.86,0.0
2024-11-29 19:00:00,5.1,3.7,0.1,2.86,0.0
2024-11-29 19:15:00,5.1,3.7,0.0,2.83,0.0
2024-11-29 19:30:00,5.0,3.7,0.0,2.69,0.0
2024-11-29 19:45:00,5.0,3.7,0.0,2.61,0.0
2024-11-29 20:00:00,5.0,3.6,0.0,2.58,0.0
2024-11-29 20:15:00,4.9,3.6,0.0,2.69,0.0
2024-11-29 20:30:00,4.9,3.5,0.0,2.78,0.0
2024-11-29 20:45:00,4.8,3.5,0.0,3.0,0.0
2024-11-29 21:00:00,4.8,3.4,0.0,3.0,0.0
2024-11-29 21:15:00,4.7,3.4,0.0,2.92,0.0
2024-11-29 21:30:00,4.7,3.4,0.0,2.78,0.0
2024-11-29 21:45:00,4.7,3.3,0.0,2.58,0.0
2024-11-29 22:00:00,4.6,3.3,0.0,2.47,0.0
2024-11-29 22:15:00,4.6,3.2,0.0,2.47,0.0
2024-11-29 22:30:00,4.5,3.3,0.0,2.47,0.0
2024-11-29 22:45:00,4.5,3.3,0.0,2.47,0.0
2024-11-29 23:00:00,4.4,3.2,0.0,2.47,0.0
2024-11-29 23:15:00,4.4,3.2,0.0,2.47,0.0
2024-11-29 23:30:00,4.4,3.2,0.0,2.42,0.0
2024-11-29 23:45:00,4.4,3.2,0.0,2.33,0.0
2024-11-30 00:00:00,4.3,3.1,0.0,2.33,0.0
2024-11-30 00:15:00,4.3,3.1,0.0,2.33,0.0
2024-11-30 00:30:00,4.2,3.2,0.0,2.33,0.0
2024-11-30 00:45:00,4.2,3.3,0.0,2.33,0.0
2024-11-30 01:00:00,4.2,3.3,0.0,2.31,0.0
2024-11-30 01:15:00,4.2,3.3,0.0,2.19,0.0
2024-11-30 01:30:00,4.2,3.3,0.0,1.97,0.0
2024-11-30 01:45:00,4.2,3.3,0.0,1.83,0.0
2024-11-30 02:00:00,4.2,3.3,0.0,1.64,0.0
2024-11-30 02:15:00,4.2,3.3,0.0,1.5,0.0
2024-11-30 02:30:00,4.2,3.3,0.0,1.42,0.0
2024-11-30 02:45:00,4.2,3.3,0.0,1.31,0.0
2024-11-30 03:00:00,4.2,3.3,0.0,1.19,0.0
2024-11-30 03:15:00,4.2,3.3,0.0,1.19,0.0
2024-11-30 03:30:00,4.2,3.3,0.0,1.11,0.0
2024-11-30 03:45:00,4.2,3.3,0.0,1.11,0.0
2024-11-30 04:00:00,4.1,3.2,0.0,1.11,0.0
2024-11-30 04:15:00,4.1,3.0,0.0,1.03,0.0
2024-11-30 04:30:00,4.0,2.8,0.0,1.08,0.0
2024-11-30 04:45:00,3.9,2.6,0.0,1.14,0.0
2024-11-30 05:00:00,3.8,2.5,0.0,1.19,0.0
2024-11-30 05:15:00,3.7,2.3,0.0,1.28,0.0
2024-11-30 05:30:00,3.5,2.3,0.0,1.36,0.0
2024-11-30 05:45:00,3.3,2.1,0.0,1.36,0.0
2024-11-30 06:00:00,3.2,2.1,0.0,1.31,0.0
2024-11-30 06:15:00,3.0,2.0,0.0,1.25,0.0
2024-11-30 06:30:00,2.8,1.9,0.0,1.08,0.0
2024-11-30 06:45:00,2.7,1.8,0.0,1.03,0.0
2024-11-30 07:00:00,2.5,1.6,0.0,0.89,0.0
2024-11-30 07:15:00,2.4,1.5,0.0,0.81,0.0
2024-11-30 07:30:00,2.3,1.6,0.0,0.86,0.0
2024-11-30 07:45:00,2.3,1.5,0.0,0.75,0.0
2024-11-30 08:00:00,2.2,1.5,0.0,0.81,0.0
2024-11-30 08:15:00,2.2,1.4,0.0,0.81,0.0
2024-11-30 08:30:00,2.1,1.3,0.0,0.72,0.0
2024-11-30 08:45:00,2.1,1.3,0.0,0.67,0.0
2024-11-30 09:00:00,2.1,1.3,0.0,0.67,0.0
2024-11-30 09:15:00,2.1,1.4,0.0,0.67,0.0
2024-11-30 09:30:00,2.3,1.4,0.0,0.58,0.0
2024-11-30 09:45:00,2.4,1.5,0.0,0.58,0.0
2024-11-30 10:00:00,2.6,1.6,0.0,0.58,0.0
2024-11-30 10:15:00,2.9,1.7,0.0,0.64,0.0
2024-11-30 10:30:00,3.3,1.8,0.0,0.78,0.0
2024-11-30 10:45:00,3.7,2.0,0.0,1.0,219.07
2024-11-30 11:00:00,4.0,2.0,0.0,1.06,587.2
2024-11-30 11:15:00,4.2,2.1,0.0,1.22,458.81
2024-11-30 11:30:00,4.4,1.9,0.0,1.31,324.47
2024-11-30 11:45:00,4.5,1.9,0.0,1.53,126.9
2024-11-30 12:00:00,4.7,1.9,0.0,1.61,347.46
2024-11-30 12:15:00,4.8,1.8,0.0,1.75,406.87
2024-11-30 12:30:00,4.9,1.9,0.0,1.81,394.52
2024-11-30 12:45:00,5.0,2.0,0.0,1.86,542.19
2024-11-30 13:00:00,5.1,2.1,0.0,1.92,900.0
2024-11-30 13:15:00,5.2,2.2,0.0,2.06,900.0
2024-11-30 13:30:00,5.3,2.3,0.0,2.22,900.0
2024-11-30 13:45:00,5.4,2.2,0.0,2.36,900.0
2024-11-30 14:00:00,5.4,2.2,0.0,2.44,900.0
2024-11-30 14:15:00,5.4,2.2,0.0,2.44,408.67
2024-11-30 14:30:00,5.3,1.9,0.0,2.36,715.95
2024-11-30 14:45:00,5.2,1.9,0.0,2.28,900.0
2024-11-30 15:00:00,5.1,1.8,0.0,2.19,900.0
2024-11-30 15:15:00,5.0,1.8,0.0,2.14,639.94
2024-11-30 15:30:00,4.9,1.9,0.0,2.06,372.1
2024-11-30 15:45:00,4.8,2.0,0.0,2.06,477.56
2024-11-30 16:00:00,4.6,2.0,0.0,2.0,359.88
2024-11-30 16:15:00,4.4,2.1,0.0,2.0,0.0
2024-11-30 16:30:00,4.0,2.0,0.0,2.14,0.0
2024-11-30 16:45:00,3.7,1.9,0.0,2.19,0.0
2024-11-30 17:00:00,3.4,1.9,0.0,2.28,0.0
2024-11-30 17:15:00,3.2,1.8,0.0,2.33,0.0
2024-11-30 17:30:00,3.0,1.8,0.0,2.25,0.0
2024-11-30 17:45:00,2.9,1.7,0.0,2.28,0.0
2024-11-30 18:00:00,2.8,1.7,0.0,2.19,0.0
2024-11-30 18:15:00,2.7,1.7,0.0,2.22,0.0
2024-11-30 18:30:00,2.7,1.8,0.0,2.22,0.0
2024-11-30 18:45:00,2.6,1.7,0.0,2.25,0.0
2024-11-30 19:00:00,2.5,1.6,0.0,2.25,0.0
2024-11-30 19:15:00,2.3,1.4,0.0,2.25,0.0
2024-11-30 19:30:00,2.1,1.2,0.0,2.28,0.0
2024-11-30 19:45:00,1.8,0.8,0.0,2.28,0.0
2024-11-30 20:00:00,1.6,0.6,0.0,2.19,0.0
2024-11-30 20:15:00,1.5,0.5,0.0,2.11,0.0
2024-11-30 20:30:00,1.3,0.3,0.0,1.89,0.0
2024-11-30 20:45:00,1.2,0.4,0.0,1.64,0.0
2024-11-30 21:00:00,1.1,0.3,0.0,1.56,0.0
2024-11-30 21:15:00,1.0,0.3,0.0,1.5,0.0
2024-11-30 21:30:00,0.9,0.2,0.0,1.5,0.0
2024-11-30 21:45:00,0.8,0.2,0.0,1.5,0.0
2024-11-30 22:00:00,0.7,0.2,0.0,1.5,0.0
2024-11-30 22:15:00,0.6,0.3,0.0,1.5,0.0
2024-11-30 22:30:00,0.4,0.3,0.0,1.56,0.0
2024-11-30 22:45:00,0.3,0.2,0.0,1.56,0.0
2024-11-30 23:00:00,0.2,0.2,0.0,1.64,0.0
2024-11-30 23:15:00,0.2,0.2,0.0,1.69,0.0
2024-11-30 23:30:00,0.2,0.2,0.0,1.78,0.0
2024-11-30 23:45:00,0.1,0.1,0.0,1.92,0.0
2024-12-01 00:00:00,0.1,0.1,0.0,1.92,0.0
2024-12-01 00:15:00,0.1,0.1,0.0,1.92,0.0
2024-12-01 00:30:00,0.1,0.1,0.0,1.97,0.0
2024-12-01 00:45:00,0.1,0.1,0.0,1.92,0.0
2024-12-01 01:00:00,0.0,0.0,0.0,1.92,0.0
2024-12-01 01:15:00,-0.2,-0.2,0.0,1.83,0.0
2024-12-01 01:30:00,-0.5,-0.5,0.0,1.78,0.0
2024-12-01 01:45:00,-0.8,-0.8,0.0,1.64,0.0
2024-12-01 02:00:00,-1.0,-1.0,0.0,1.58,0.0
2024-12-01 02:15:00,-1.1,-1.1,0.0,1.53,0.0
2024-12-01 02:30:00,-1.1,-1.1,0.0,1.61,0.0
2024-12-01 02:45:00,-1.1,-1.1,0.0,1.61,0.0
2024-12-01 03:00:00,-1.1,-1.1,0.0,1.61,0.0
2024-12-01 03:15:00,-1.1,-1.1,0.0,1.67,0.0
2024-12-01 03:30:00,-1.1,-1.1,0.0,1.58,0.0
2024-12-01 03:45:00,-1.1,-1.1,0.0,1.64,0.0
2024-12-01 04:00:00,-1.1,-1.1,0.0,1.64,0.0
2024-12-01 04:15:00,-1.2,-1.2,0.0,1.64,0.0
2024-12-01 04:30:00,-1.3,-1.3,0.0,1.56,0.0
2024-12-01 04:45:00,-1.3,-1.3,0.0,1.56,0.0
2024-12-01 05:00:00,-1.4,-1.4,0.0,1.56,0.0
2024-12-01 05:15:00,-1.5,-1.5,0.0,1.56,0.0
2024-12-01 05:30:00,-1.6,-1.6,0.0,1.5,0.0
2024-12-01 05:45:00,-1.8,-1.8,0.0,1.42,0.0
2024-12-01 06:00:00,-1.8,-1.8,0.0,1.5,0.0
2024-12-01 06:15:00,-1.8,-1.8,0.0,1.58,0.0
2024-12-01 06:30:00,-1.8,-1.8,0.0,1.72,0.0
2024-12-01 06:45:00,-1.8,-1.8,0.0,1.86,0.0
2024-12-01 07:00:00,-1.8,-1.8,0.0,2.0,0.0
2024-12-01 07:15:00,-1.8,-1.8,0.0,2.06,0.0
2024-12-01 07:30:00,-1.9,-1.9,0.0,2.14,0.0
2024-12-01 07:45:00,-2.0,-2.0,0.0,2.11,0.0
2024-12-01 08:00:00,-2.1,-2.1,0.0,2.11,0.0
2024-12-01 08:15:00,-2.1,-2.1,0.0,1.97,0.0
2024-12-01 08:30:00,-2.2,-2.2,0.0,1.92,0.0
2024-12-01 08:45:00,-2.2,-2.2,0.0,1.78,0.0
2024-12-01 09:00:00,-2.2,-2.2,0.0,1.69,0.0
2024-12-01 09:15:00,-2.1,-2.1,0.0,1.69,0.0
2024-12-01 09:30:00,-2.1,-2.1,0.0,1.69,0.0
2024-12-01 09:45:00,-2.0,-2.0,0.0,1.78,0.0
2024-12-01 10:00:00,-1.9,-1.9,0.0,1.78,0.0
2024-12-01 10:15:00,-1.8,-1.8,0.0,1.92,0.0
2024-12-01 10:30:00,-1.6,-1.7,0.0,2.06,0.0
2024-12-01 10:45:00,-1.4,-1.5,0.0,2.14,14.17
2024-12-01 11:00:00,-1.2,-1.5,0.0,2.28,0.0
2024-12-01 11:15:00,-0.9,-1.4,0.0,2.28,316.18
2024-12-01 11:30:00,-0.7,-1.2,0.0,2.33,900.0
2024-12-01 11:45:00,-0.4,-1.3,0.0,2.33,900.0
2024-12-01 12:00:00,-0.2,-1.2,0.0,2.33,900.0
2024-12-01 12:15:00,0.1,-1.1,0.0,2.33,900.0
2024-12-01 12:30:00,0.4,-0.9,0.0,2.36,900.0
2024-12-01 12:45:00,0.7,-0.8,0.0,2.36,900.0
2024-12-01 13:00:00,1.0,-0.6,0.0,2.36,900.0
2024-12-01 13:15:00,1.3,-0.5,0.0,2.36,900.0
2024-12-01 13:30:00,1.6,-0.3,0.0,2.28,900.0
2024-12-01 13:45:00,2.0,0.0,0.0,2.28,900.0
2024-12-01 14:00:00,2.3,0.2,0.0,2.28,900.0
2024-12-01 14:15:00,2.5,0.2,0.0,2.33,900.0
2024-12-01 14:30:00,2.8,0.3,0.0,2.42,900.0
2024-12-01 14:45:00,3.0,0.4,0.0,2.47,900.0
2024-12-01 15:00:00,3.1,0.5,0.0,2.47,900.0
2024-12-01 15:15:00,3.1,0.5,0.0,2.42,900.0
2024-12-01 15:30:00,3.1,0.6,0.0,2.33,900.0
2024-12-01 15:45:00,2.9,0.6,0.0,2.28,900.0
2024-12-01 16:00:00,2.7,0.8,0.0,2.19,896.43
2024-12-01 16:15:00,2.4,0.7,0.0,2.19,393.15
2024-12-01 16:30:00,1.9,0.7,0.0,2.19,105.41
2024-12-01 16:45:00,1.4,0.6,0.0,2.19,117.09
2024-12-01 17:00:00,1.1,0.5,0.0,2.19,0.0
2024-12-01 17:15:00,0.9,0.4,0.0,2.19,0.0
2024-12-01 17:30:00,0.8,0.4,0.0,2.19,0.0
2024-12-01 17:45:00,0.8,0.3,0.0,2.14,0.0
2024-12-01 18:00:00,0.8,0.3,0.0,2.14,0.0
2024-12-01 18:15:00,0.8,0.3,0.0,2.06,0.0
2024-12-01 18:30:00,0.8,0.2,0.0,2.06,0.0
2024-12-01 18:45:00,0.8,0.2,0.0,1.97,0.0
2024-12-01 19:00:00,0.8,0.1,0.0,2.0,0.0
2024-12-01 19:15:00,0.9,0.0,0.0,1.97,0.0
2024-12-01 19:30:00,0.9,-0.1,0.0,1.97,0.0
2024-12-01 19:45:00,1.0,-0.1,0.0,2.0,0.0
2024-12-01 20:00:00,1.1,-0.2,0.0,2.06,0.0
2024-12-01 20:15:00,1.2,-0.2,0.0,2.06,0.0
2024-12-01 20:30:00,1.3,-0.1,0.0,2.06,0.0
2024-12-01 20:45:00,1.5,-0.0,0.0,1.97,0.0
2024-12-01 21:00:00,1.6,-0.0,0.0,1.97,0.0
2024-12-01 21:15:00,1.8,0.0,0.0,2.03,0.0
2024-12-01 21:30:00,2.1,0.1,0.0,2.22,0.0
2024-12-01 21:45:00,2.3,0.2,0.0,2.33,0.0
2024-12-01 22:00:00,2.4,0.3,0.0,2.31,0.0
2024-12-01 22:15:00,2.3,0.3,0.0,2.11,0.0
2024-12-01 22:30:00,2.0,0.2,0.0,1.81,0.0
2024-12-01 22:45:00,1.8,0.1,0.0,1.42,0.0
2024-12-01 23:00:00,1.5,0.0,0.0,1.22,0.0
2024-12-01 23:15:00,1.4,0.1,0.0,1.11,0.0
2024-12-01 23:30:00,1.2,-0.1,0.0,1.11,0.0
2024-12-01 23:45:00,1.1,-0.0,0.0,1.14,0.0
2024-12-02 00:00:00,1.0,-0.2,0.0,1.19,0.0
2024-12-02 00:15:00,0.8,-0.2,0.0,1.25,0.0
2024-12-02 00:30:00,0.6,-0.4,0.0,1.31,0.0
2024-12-02 00:45:00,0.5,-0.4,0.0,1.39,0.0
2024-12-02 01:00:00,0.4,-0.5,0.0,1.39,0.0
2024-12-02 01:15:00,0.3,-0.5,0.0,1.47,0.0
2024-12-02 01:30:00,0.3,-0.5,0.0,1.47,0.0
2024-12-02 01:45:00,0.4,-0.5,0.0,1.53,0.0
2024-12-02 02:00:00,0.5,-0.4,0.0,1.61,0.0
2024-12-02 02:15:00,0.6,-0.4,0.0,1.72,0.0
2024-12-02 02:30:00,0.8,-0.2,0.0,1.81,0.0
2024-12-02 02:45:00,1.0,-0.1,0.0,1.81,0.0
2024-12-02 03:00:00,1.2,-0.1,0.0,1.89,0.0
2024-12-02 03:15:00,1.3,0.0,0.0,1.86,0.0
2024-12-02 03:30:00,1.5,0.2,0.0,1.94,0.0
2024-12-02 03:45:00,1.6,0.3,0.0,1.92,0.0
2024-12-02 04:00:00,1.6,0.3,0.0,1.81,0.0
2024-12-02 04:15:00,1.4,0.1,0.0,1.61,0.0
2024-12-02 04:30:00,1.2,-0.1,0.0,1.31,0.0
2024-12-02 04:45:00,0.9,-0.4,0.0,1.14,0.0
2024-12-02 05:00:00,0.7,-0.6,0.0,0.94,0.0
2024-12-02 05:15:00,0.5,-0.8,0.0,0.83,0.0
2024-12-02 05:30:00,0.4,-0.9,0.0,0.92,0.0
2024-12-02 05:45:00,0.3,-0.8,0.0,0.94,0.0
2024-12-02 06:00:00,0.2,-0.9,0.0,1.03,0.0
2024-12-02 06:15:00,0.1,-1.0,0.0,1.08,0.0
2024-12-02 06:30:00,0.0,-1.0,0.0,1.08,0.0
2024-12-02 06:45:00,-0.1,-1.1,0.0,1.0,0.0
2024-12-02 07:00:00,-0.1,-1.1,0.0,0.86,0.0
2024-12-02 07:15:00,-0.2,-1.2,0.0,0.5,0.0
2024-12-02 07:30:00,-0.1,-1.1,0.0,0.11,0.0
2024-12-02 07:45:00,-0.2,-1.2,0.0,0.53,0.0
2024-12-02 08:00:00,-0.3,-1.3,0.0,0.89,0.0
2024-12-02 08:15:00,-0.7,-1.5,0.0,0.89,0.0
2024-12-02 08:30:00,-1.2,-1.9,0.0,0.83,0.0
2024-12-02 08:45:00,-1.6,-2.2,0.0,0.61,0.0
2024-12-02 09:00:00,-1.9,-2.4,0.0,0.5,0.0
2024-12-02 09:15:00,-1.9,-2.4,0.0,0.5,0.0
2024-12-02 09:30:00,-1.8,-2.1,0.0,0.44,259.0
2024-12-02 09:45:00,-1.6,-1.9,0.0,0.56,813.03
2024-12-02 10:00:00,-1.5,-1.8,0.0,0.5,900.0
2024-12-02 10:15:00,-1.7,-1.9,0.0,0.31,900.0
2024-12-02 10:30:00,-2.1,-2.3,0.0,0.14,900.0
2024-12-02 10:45:00,-2.5,-2.5,0.0,0.31,853.11
2024-12-02 11:00:00,-2.5,-2.5,0.0,0.44,900.0
2024-12-02 11:15:00,-2.2,-2.2,0.0,0.5,900.0
2024-12-02 11:30:00,-1.7,-1.8,0.0,0.5,900.0
2024-12-02 11:45:00,-1.1,-1.2,0.0,0.56,900.0
2024-12-02 12:00:00,-0.5,-0.8,0.0,0.56,900.0
2024-12-02 12:15:00,0.0,-0.4,0.0,0.56,900.0
2024-12-02 12:30:00,0.6,-0.0,0.0,0.64,900.0
2024-12-02 12:45:00,1.1,0.2,0.0,0.64,900.0
2024-12-02 13:00:00,1.6,0.6,0.0,0.64,900.0
2024-12-02 13:15:00,2.2,1.0,0.0,0.64,900.0
2024-12-02 13:30:00,2.8,1.3,0.0,0.64,900.0
2024-12-02 13:45:00,3.4,1.8,0.0,0.64,900.0
2024-12-02 14:00:00,3.9,2.1,0.0,0.64,900.0
2024-12-02 14:15:00,4.2,2.4,0.0,0.64,900.0
2024-12-02 14:30:00,4.5,2.7,0.0,0.58,900.0
2024-12-02 14:45:00,4.7,2.9,0.0,0.44,900.0
2024-12-02 15:00:00,4.8,3.0,0.0,0.44,900.0
2024-12-02 15:15:00,4.8,2.8,0.0,0.5,900.0
2024-12-02 15:30:00,4.8,2.8,0.0,0.56,900.0
2024-12-02 15:45:00,4.7,2.5,0.0,0.64,900.0
2024-12-02 16:00:00,4.6,2.3,0.0,0.72,900.0
2024-12-02 16:15:00,4.6,2.3,0.0,0.69,517.71
2024-12-02 16:30:00,4.6,2.1,0.0,0.75,124.38
2024-12-02 16:45:00,4.5,2.0,0.0,0.83,135.58
2024-12-02 17:00:00,4.3,2.0,0.0,0.92,0.0
2024-12-02 17:15:00,3.8,1.7,0.0,0.92,0.0
2024-12-02 17:30:00,3.1,1.5,0.0,0.97,0.0
2024-12-02 17:45:00,2.4,1.1,0.0,1.03,0.0
2024-12-02 18:00:00,1.9,0.7,0.0,1.08,0.0
2024-12-02 18:15:00,1.7,0.5,0.0,1.03,0.0
2024-12-02 18:30:00,1.6,0.4,0.0,0.94,0.0
2024-12-02 18:45:00,1.6,0.3,0.0,0.81,0.0
2024-12-02 19:00:00,1.6,0.3,0.0,0.81,0.0
2024-12-02 19:15:00,1.6,0.3,0.0,0.69,0.0
2024-12-02 19:30:00,1.7,0.4,0.0,0.72,0.0
2024-12-02 19:45:00,1.8,0.6,0.0,0.67,0.0
2024-12-02 20:00:00,1.8,0.6,0.0,0.72,0.0
2024-12-02 20:15:00,1.7,0.7,0.0,0.86,0.0
2024-12-02 20:30:00,1.4,0.6,0.0,0.94,0.0
2024-12-02 20:45:00,1.2,0.4,0.0,1.0,0.0
2024-12-02 21:00:00,1.1,0.3,0.0,1.08,0.0
2024-12-02 21:15:00,1.1,0.3,0.0,1.08,0.0
2024-12-02 21:30:00,1.3,0.3,0.0,1.06,0.0
2024-12-02 21:45:00,1.5,0.2,0.0,0.92,0.0
2024-12-02 22:00:00,1.7,0.2,0.0,0.92,0.0
2024-12-02 22:15:00,1.9,0.3,0.0,0.94,0.0
2024-12-02 22:30:00,2.3,0.3,0.0,1.06,0.0
2024-12-02 22:45:00,2.6,0.5,0.0,1.11,0.0
2024-12-02 23:00:00,2.9,0.6,0.0,1.31,0.0
2024-12-02 23:15:00,3.1,0.8,0.0,1.5,0.0
2024-12-02 23:30:00,3.3,1.0,0.0,1.61,0.0
2024-12-02 23:45:00,3.5,1.2,0.0,1.72,0.0
2024-12-03 00:00:00,3.6,1.4,0.0,1.83,0.0
2024-12-03 00:15:00,3.6,1.6,0.0,1.75,0.0
2024-12-03 00:30:00,3.5,1.7,0.0,1.64,0.0
2024-12-03 00:45:00,3.5,1.8,0.0,1.53,0.0
2024-12-03 01:00:00,3.5,1.8,0.0,1.44,0.0
2024-12-03 01:15:00,3.6,1.8,0.0,1.53,0.0
2024-12-03 01:30:00,3.8,1.8,0.0,1.61,0.0
2024-12-03 01:45:00,4.0,1.7,0.0,1.72,0.0
2024-12-03 02:00:00,4.1,1.6,0.0,1.81,0.0
2024-12-03 02:15:00,4.1,1.4,0.0,1.89,0.0
2024-12-03 02:30:00,4.0,1.4,0.0,1.89,0.0
2024-12-03 02:45:00,4.0,1.2,0.0,1.92,0.0
2024-12-03 03:00:00,3.9,1.1,0.0,1.92,0.0
2024-12-03 03:15:00,3.9,1.1,0.0,1.81,0.0
2024-12-03 03:30:00,3.9,1.1,0.0,1.72,0.0
2024-12-03 03:45:00,3.9,1.1,0.0,1.61,0.0
2024-12-03 04:00:00,4.0,1.2,0.0,1.5,0.0
2024-12-03 04:15:00,4.0,1.2,0.0,1.5,0.0
2024-12-03 04:30:00,4.1,1.1,0.0,1.58,0.0
2024-12-03 04:45:00,4.1,1.1,0.0,1.67,0.0
2024-12-03 05:00:00,4.2,1.2,0.0,1.69,0.0
2024-12-03 05:15:00,4.2,1.2,0.0,1.56,0.0
2024-12-03 05:30:00,4.2,1.4,0.0,1.39,0.0
2024-12-03 05:45:00,4.2,1.5,0.0,1.25,0.0
2024-12-03 06:00:00,4.2,1.7,0.0,1.11,0.0
2024-12-03 06:15:00,4.2,1.9,0.0,0.94,0.0
2024-12-03 06:30:00,4.1,1.8,0.3,0.92,0.0
2024-12-03 06:45:00,4.1,2.0,0.4,1.03,0.0
2024-12-03 07:00:00,4.1,2.1,0.2,1.08,0.0
2024-12-03 07:15:00,4.0,2.2,0.2,0.89,0.0
2024-12-03 07:30:00,3.9,2.4,0.1,0.72,0.0
2024-12-03 07:45:00,3.8,2.6,0.1,0.81,0.0
2024-12-03 08:00:00,3.8,2.7,0.2,0.92,0.0
2024-12-03 08:15:00,3.8,2.7,0.2,1.03,0.0
2024-12-03 08:30:00,3.8,2.7,0.2,1.19,0.0
2024-12-03 08:45:00,3.8,2.6,0.2,1.31,0.0
2024-12-03 09:00:00,3.8,2.6,0.1,1.33,0.0
2024-12-03 09:15:00,3.8,2.5,0.1,1.36,0.0
2024-12-03 09:30:00,3.9,2.5,0.1,1.31,0.0
2024-12-03 09:45:00,3.9,2.4,0.1,1.25,0.0
2024-12-03 10:00:00,3.9,2.4,0.1,1.22,0.0
2024-12-03 10:15:00,3.9,2.6,0.2,1.22,0.0
2024-12-03 10:30:00,3.9,2.7,0.5,1.22,0.0
2024-12-03 10:45:00,3.9,2.9,0.3,1.31,0.0
2024-12-03 11:00:00,4.0,2.9,0.4,1.36,0.0
2024-12-03 11:15:00,4.1,2.9,0.5,1.5,0.0
2024-12-03 11:30:00,4.2,2.8,0.6,1.69,0.0
2024-12-03 11:45:00,4.3,2.6,0.3,1.83,0.0
2024-12-03 12:00:00,4.4,2.5,0.3,1.92,0.0
2024-12-03 12:15:00,4.4,2.6,0.3,1.86,0.0
2024-12-03 12:30:00,4.5,2.8,0.2,1.72,0.0
2024-12-03 12:45:00,4.5,3.0,0.3,1.5,0.0
2024-12-03 13:00:00,4.6,3.2,0.2,1.28,0.0
2024-12-03 13:15:00,4.6,3.4,0.1,1.06,0.0
2024-12-03 13:30:00,4.7,3.5,0.1,0.78,0.0
2024-12-03 13:45:00,4.7,3.7,0.1,0.64,0.0
2024-12-03 14:00:00,4.8,3.7,0.0,0.61,0.0
2024-12-03 14:15:00,4.8,3.8,0.0,0.69,0.0
2024-12-03 14:30:00,4.9,3.8,0.0,0.89,0.0
2024-12-03 14:45:00,4.9,3.7,0.0,1.11,0.0
2024-12-03 15:00:00,4.9,3.7,0.0,1.19,0.0
2024-12-03 15:15:00,4.9,3.7,0.0,1.19,0.0
2024-12-03 15:30:00,4.9,3.7,0.0,1.22,0.0
2024-12-03 15:45:00,4.9,3.7,0.1,1.14,0.0
2024-12-03 16:00:00,4.9,3.7,0.1,1.14,0.0
2024-12-03 16:15:00,4.9,3.7,0.1,1.14,0.0
2024-12-03 16:30:00,4.9,3.8,0.1,1.14,0.0
2024-12-03 16:45:00,4.9,3.8,0.1,1.25,0.0
2024-12-03 17:00:00,4.9,3.8,0.1,1.28,0.0
2024-12-03 17:15:00,4.9,3.8,0.0,1.31,0.0
2024-12-03 17:30:00,4.9,3.8,0.0,1.44,0.0
2024-12-03 17:45:00,4.8,3.8,0.0,1.53,0.0
2024-12-03 18:00:00,4.8,3.8,0.0,1.58,0.0
2024-12-03 18:15:00,4.8,3.6,0.1,1.69,0.0
2024-12-03 18:30:00,4.7,3.2,0.1,1.83,0.0
2024-12-03 18:45:00,4.7,2.8,0.1,2.06,0.0
2024-12-03 19:00:00,4.6,2.6,0.1,2.06,0.0
2024-12-03 19:15:00,4.6,2.6,0.0,2.03,0.0
2024-12-03 19:30:00,4.5,2.5,0.1,2.0,0.0
2024-12-03 19:45:00,4.4,2.6,0.0,1.94,0.0
2024-12-03 20:00:00,4.4,2.5,0.0,1.89,0.0
2024-12-03 20:15:00,4.4,2.5,0.1,1.83,0.0
2024-12-03 20:30:00,4.4,2.4,0.0,1.83,0.0
2024-12-03 20:45:00,4.4,2.2,0.0,1.81,0.0
2024-12-03 21:00:00,4.4,2.2,0.0,1.86,0.0
2024-12-03 21:15:00,4.4,2.2,0.0,1.75,0.0
2024-12-03 21:30:00,4.3,2.2,0.0,1.75,0.0
2024-12-03 21:45:00,4.3,2.2,0.0,1.75,0.0
2024-12-03 22:00:00,4.3,2.1,0.0,1.81,0.0
2024-12-03 22:15:00,4.2,2.1,0.0,1.81,0.0
2024-12-03 22:30:00,4.2,2.2,0.0,1.72,0.0
2024-12-03 22:45:00,4.1,2.3,0.0,1.64,0.0
2024-12-03 23:00:00,4.0,2.2,0.0,1.67,0.0
2024-12-03 23:15:00,3.9,2.1,0.0,1.67,0.0
2024-12-03 23:30:00,3.9,2.1,0.0,1.64,0.0
2024-12-03 23:45:00,3.7,1.9,0.0,1.64,0.0
2024-12-04 00:00:00,3.6,1.8,0.0,1.64,0.0
2024-12-04 00:15:00,3.5,1.7,0.0,1.67,0.0
2024-12-04 00:30:00,3.3,1.5,0.0,1.75,0.0
2024-12-04 00:45:00,3.1,1.4,0.0,1.83,0.0
2024-12-04 01:00:00,3.0,1.3,0.0,1.83,0.0
2024-12-04 01:15:00,2.9,1.3,0.0,1.67,0.0
2024-12-04 01:30:00,2.9,1.4,0.1,1.44,0.0
2024-12-04 01:45:00,3.0,1.5,0.1,1.42,0.0
2024-12-04 02:00:00,3.0,1.5,0.0,1.31,0.0
2024-12-04 02:15:00,3.1,1.6,0.1,1.31,0.0
2024-12-04 02:30:00,3.2,1.8,0.4,1.31,0.0
2024-12-04 02:45:00,3.2,1.9,0.1,1.44,0.0
2024-12-04 03:00:00,3.3,2.0,0.0,1.5,0.0
2024-12-04 03:15:00,3.4,1.9,0.0,1.61,0.0
2024-12-04 03:30:00,3.6,1.9,0.0,1.72,0.0
2024-12-04 03:45:00,3.7,1.9,0.0,1.72,0.0
2024-12-04 04:00:00,3.8,2.0,0.0,1.81,0.0
2024-12-04 04:15:00,3.8,2.0,0.0,1.81,0.0
2024-12-04 04:30:00,3.7,2.0,0.0,1.81,0.0
2024-12-04 04:45:00,3.6,2.1,0.0,1.78,0.0
2024-12-04 05:00:00,3.6,2.2,0.0,1.78,0.0
2024-12-04 05:15:00,3.6,2.4,0.0,1.75,0.0
2024-12-04 05:30:00,3.6,2.4,0.0,1.83,0.0
2024-12-04 05:45:00,3.7,2.6,0.0,1.92,0.0
2024-12-04 06:00:00,3.7,2.6,0.0,1.92,0.0
2024-12-04 06:15:00,3.7,2.6,0.0,1.89,0.0
2024-12-04 06:30:00,3.6,2.7,0.0,1.92,0.0
2024-12-04 06:45:00,3.6,2.7,0.0,1.83,0.0
2024-12-04 07:00:00,3.6,2.7,0.0,1.86,0.0
2024-12-04 07:15:00,3.6,2.7,0.0,1.86,0.0
2024-12-04 07:30:00,3.7,2.8,0.0,1.86,0.0
2024-12-04 07:45:00,3.7,2.8,0.0,1.78,0.0
2024-12-04 08:00:00,3.8,2.9,0.0,1.75,0.0
2024-12-04 08:15:00,3.8,2.8,0.0,1.75,0.0
2024-12-04 08:30:00,3.8,2.8,0.0,1.64,0.0
2024-12-04 08:45:00,3.9,2.7,0.0,1.61,0.0
2024-12-04 09:00:00,3.9,2.5,0.0,1.61,0.0
2024-12-04 09:15:00,3.9,2.5,0.0,1.61,0.0
2024-12-04 09:30:00,3.9,2.4,0.0,1.61,0.0
2024-12-04 09:45:00,3.9,2.4,0.0,1.72,0.0
2024-12-04 10:00:00,3.9,2.4,0.0,1.72,0.0
2024-12-04 10:15:00,4.0,2.5,0.0,1.72,0.0
2024-12-04 10:30:00,4.1,2.6,0.0,1.72,0.0
2024-12-04 10:45:00,4.1,2.5,0.0,1.81,0.0
2024-12-04 11:00:00,4.2,2.6,0.0,1.81,0.0
2024-12-04 11:15:00,4.3,2.5,0.0,1.92,0.0
2024-12-04 11:30:00,4.4,2.4,0.0,2.0,0.0
2024-12-04 11:45:00,4.5,2.4,0.0,2.0,0.0
2024-12-04 12:00:00,4.6,2.3,0.0,2.11,101.78
2024-12-04 12:15:00,4.7,2.2,0.0,2.11,249.48
2024-12-04 12:30:00,4.8,2.2,0.0,2.11,556.18
2024-12-04 12:45:00,4.9,2.0,0.0,2.11,23.28
2024-12-04 13:00:00,5.0,2.0,0.0,2.11,629.87
2024-12-04 13:15:00,5.1,1.9,0.0,2.11,900.0
2024-12-04 13:30:00,5.2,2.0,0.0,2.0,554.2
2024-12-04 13:45:00,5.2,1.9,0.0,1.89,0.0
2024-12-04 14:00:00,5.3,1.9,0.0,1.89,0.0
2024-12-04 14:15:00,5.3,1.9,0.0,2.0,0.0
2024-12-04 14:30:00,5.3,1.7,0.0,2.11,0.0
2024-12-04 14:45:00,5.3,1.7,0.0,2.11,0.0
2024-12-04 15:00:00,5.2,1.7,0.0,2.14,0.0
2024-12-04 15:15:00,5.2,1.6,0.0,1.97,0.0
2024-12-04 15:30:00,5.1,1.5,0.0,1.67,0.0
2024-12-04 15:45:00,5.0,1.6,0.0,1.31,0.0
2024-12-04 16:00:00,4.9,1.5,0.0,1.11,0.0
2024-12-04 16:15:00,4.8,1.5,0.0,0.97,0.0
2024-12-04 16:30:00,4.8,1.6,0.0,0.83,0.0
2024-12-04 16:45:00,4.7,1.5,0.0,0.81,0.0
2024-12-04 17:00:00,4.6,1.6,0.0,0.81,0.0
2024-12-04 17:15:00,4.5,1.7,0.0,0.92,0.0
2024-12-04 17:30:00,4.5,1.7,0.0,1.0,0.0
2024-12-04 17:45:00,4.4,1.7,0.0,1.03,0.0
2024-12-04 18:00:00,4.3,1.8,0.0,1.11,0.0
2024-12-04 18:15:00,4.1,1.8,0.0,1.11,0.0
2024-12-04 18:30:00,4.0,1.8,0.0,1.0,0.0
2024-12-04 18:45:00,3.8,1.7,0.0,1.03,0.0
2024-12-04 19:00:00,3.7,1.7,0.0,0.94,0.0
2024-12-04 19:15:00,3.7,1.9,0.0,0.97,0.0
2024-12-04 19:30:00,3.6,1.8,0.0,0.89,0.0
2024-12-04 19:45:00,3.6,1.8,0.0,0.89,0.0
2024-12-04 20:00:00,3.5,1.8,0.0,0.89,0.0
2024-12-04 20:15:00,3.3,1.8,0.0,0.89,0.0
2024-12-04 20:30:00,3.2,1.8,0.0,0.94,0.0
2024-12-04 20:45:00,3.0,1.6,0.0,1.0,0.0
2024-12-04 21:00:00,2.8,1.6,0.0,1.0,0.0
2024-12-04 21:15:00,2.6,1.6,0.0,1.0,0.0
2024-12-04 21:30:00,2.5,1.4,0.0,1.08,0.0
2024-12-04 21:45:00,2.3,1.4,0.0,1.08,0.0
2024-12-04 22:00:00,2.1,1.2,0.0,1.08,0.0
2024-12-04 22:15:00,1.9,1.0,0.0,1.06,0.0
2024-12-04 22:30:00,1.7,1.0,0.0,1.06,0.0
2024-12-04 22:45:00,1.5,0.8,0.0,1.0,0.0
2024-12-04 23:00:00,1.4,0.6,0.0,1.03,0.0
2024-12-04 23:15:00,1.3,0.6,0.0,1.03,0.0
2024-12-04 23:30:00,1.3,0.5,0.0,1.08,0.0
2024-12-04 23:45:00,1.3,0.5,0.0,1.06,0.0
2024-12-05 00:00:00,1.3,0.5,0.0,1.14,0.0
2024-12-05 00:15:00,1.2,0.4,0.0,1.19,0.0
2024-12-05 00:30:00,1.1,0.3,0.0,1.19,0.0
2024-12-05 00:45:00,1.0,0.0,0.0,1.28,0.0
2024-12-05 01:00:00,1.0,-0.2,0.0,1.28,0.0
2024-12-05 01:15:00,1.0,-0.2,0.0,1.28,0.0
2024-12-05 01:30:00,1.0,-0.2,0.0,1.28,0.0
2024-12-05 01:45:00,1.0,-0.2,0.0,1.33,0.0
2024-12-05 02:00:00,1.0,-0.1,0.0,1.33,0.0
2024-12-05 02:15:00,1.1,-0.0,0.0,1.33,0.0
2024-12-05 02:30:00,1.2,0.1,0.0,1.44,0.0
2024-12-05 02:45:00,1.4,0.2,0.1,1.47,0.0
2024-12-05 03:00:00,1.5,0.3,0.1,1.56,0.0
2024-12-05 03:15:00,1.5,0.4,0.0,1.61,0.0
2024-12-05 03:30:00,1.6,0.4,0.0,1.64,0.0
2024-12-05 03:45:00,1.6,0.5,0.0,1.64,0.0
2024-12-05 04:00:00,1.6,0.5,0.0,1.69,0.0
2024-12-05 04:15:00,1.6,0.5,0.0,1.64,0.0
2024-12-05 04:30:00,1.6,0.4,0.0,1.64,0.0
2024-12-05 04:45:00,1.5,0.4,0.0,1.53,0.0
2024-12-05 05:00:00,1.5,0.4,0.0,1.47,0.0
2024-12-05 05:15:00,1.6,0.4,0.0,1.39,0.0
2024-12-05 05:30:00,1.7,0.7,0.0,1.39,0.0
2024-12-05 05:45:00,1.7,0.7,0.1,1.31,0.0
2024-12-05 06:00:00,1.8,0.7,0.0,1.28,0.0
2024-12-05 06:15:00,1.7,0.7,0.0,1.33,0.0
2024-12-05 06:30:00,1.7,0.7,0.0,1.42,0.0
2024-12-05 06:45:00,1.6,0.6,0.0,1.42,0.0
2024-12-05 07:00:00,1.6,0.6,0.0,1.5,0.0
2024-12-05 07:15:00,1.6,0.6,0.0,1.5,0.0
2024-12-05 07:30:00,1.7,0.5,0.0,1.5,0.0
2024-12-05 07:45:00,1.7,0.4,0.0,1.5,0.0
2024-12-05 08:00:00,1.8,0.4,0.0,1.5,0.0
2024-12-05 08:15:00,1.8,0.5,0.0,1.56,0.0
2024-12-05 08:30:00,1.8,0.3,0.0,1.64,0.0
2024-12-05 08:45:00,1.9,0.4,0.0,1.67,0.0
2024-12-05 09:00:00,1.9,0.4,0.0,1.75,0.0
2024-12-05 09:15:00,2.0,0.5,0.0,1.67,0.0
2024-12-05 09:30:00,2.1,0.6,0.0,1.64,0.0
2024-12-05 09:45:00,2.1,0.6,0.1,1.56,0.0
2024-12-05 10:00:00,2.2,0.7,0.2,1.5,0.0
2024-12-05 10:15:00,2.3,0.8,0.1,1.5,0.0
2024-12-05 10:30:00,2.4,0.8,0.1,1.5,0.0
2024-12-05 10:45:00,2.6,0.9,0.1,1.56,0.0
2024-12-05 11:00:00,2.7,0.9,0.1,1.61,0.0
2024-12-05 11:15:00,2.8,1.0,0.0,1.61,0.0
2024-12-05 11:30:00,2.9,1.0,0.0,1.61,0.0
2024-12-05 11:45:00,3.1,1.1,0.0,1.53,0.0
2024-12-05 12:00:00,3.2,1.1,0.0,1.53,0.0
2024-12-05 12:15:00,3.4,1.1,0.0,1.53,0.0
2024-12-05 12:30:00,3.6,1.1,0.0,1.67,510.68
2024-12-05 12:45:00,3.7,1.1,0.0,1.78,371.22
2024-12-05 13:00:00,3.9,1.3,0.0,1.83,558.14
2024-12-05 13:15:00,4.1,1.5,0.0,1.81,0.0
2024-12-05 13:30:00,4.3,1.8,0.0,1.69,397.2
2024-12-05 13:45:00,4.5,2.0,0.0,1.72,0.0
2024-12-05 14:00:00,4.6,2.1,0.0,1.67,0.0
2024-12-05 14:15:00,4.7,2.1,0.0,1.58,411.36
2024-12-05 14:30:00,4.8,1.9,0.0,1.56,467.46
2024-12-05 14:45:00,4.8,1.8,0.0,1.5,187.6
2024-12-05 15:00:00,4.8,1.8,0.0,1.44,602.52
2024-12-05 15:15:00,4.8,1.9,0.0,1.33,602.85
2024-12-05 15:30:00,4.7,2.1,0.0,1.42,566.75
2024-12-05 15:45:00,4.6,2.3,0.0,1.44,347.94
2024-12-05 16:00:00,4.5,2.3,0.0,1.56,575.69
2024-12-05 16:15:00,4.3,2.3,0.0,1.61,342.49
2024-12-05 16:30:00,4.0,2.2,0.0,1.67,0.0
2024-12-05 16:45:00,3.7,2.1,0.0,1.67,0.0
2024-12-05 17:00:00,3.4,1.9,0.0,1.61,0.0
2024-12-05 17:15:00,3.2,1.7,0.0,1.67,0.0
2024-12-05 17:30:00,2.9,1.2,0.0,1.75,0.0
2024-12-05 17:45:00,2.6,1.0,0.0,1.92,0.0
2024-12-05 18:00:00,2.3,0.5,0.0,2.0,0.0
2024-12-05 18:15:00,2.0,0.2,0.0,2.0,0.0
2024-12-05 18:30:00,1.7,-0.2,0.0,2.11,0.0
2024-12-05 18:45:00,1.5,-0.5,0.0,2.14,0.0
2024-12-05 19:00:00,1.2,-0.7,0.0,2.17,0.0
2024-12-05 19:15:00,1.0,-0.9,0.0,2.25,0.0
2024-12-05 19:30:00,0.9,-0.9,0.0,2.44,0.0
2024-12-05 19:45:00,0.7,-1.0,0.0,2.61,0.0
2024-12-05 20:00:00,0.6,-1.0,0.0,2.72,0.0
2024-12-05 20:15:00,0.5,-1.0,0.0,2.64,0.0
2024-12-05 20:30:00,0.4,-1.0,0.0,2.44,0.0
2024-12-05 20:45:00,0.3,-1.0,0.0,2.31,0.0
2024-12-05 21:00:00,0.3,-0.9,0.0,2.25,0.0
2024-12-05 21:15:00,0.2,-0.8,0.0,2.28,0.0
2024-12-05 21:30:00,0.0,-0.7,0.0,2.36,0.0
2024-12-05 21:45:00,-0.1,-0.7,0.0,2.5,0.0
2024-12-05 22:00:00,-0.1,-0.7,0.0,2.64,0.0
2024-12-05 22:15:00,0.1,-0.9,0.0,2.78,0.0
2024-12-05 22:30:00,0.3,-1.3,0.0,2.97,0.0
2024-12-05 22:45:00,0.5,-1.7,0.0,3.14,0.0
2024-12-05 23:00:00,0.6,-2.1,0.0,3.19,0.0
2024-12-05 23:15:00,0.6,-2.2,0.0,3.14,0.0
2024-12-05 23:30:00,0.5,-2.1,0.0,3.0,0.0
2024-12-05 23:45:00,0.3,-1.9,0.0,2.92,0.0
2024-12-06 00:00:00,0.2,-1.9,0.0,2.92,0.0
2024-12-06 00:15:00,0.2,-1.9,0.0,2.92,0.0
2024-12-06 00:30:00,0.2,-1.9,0.0,2.92,0.0
2024-12-06 00:45:00,0.2,-2.1,0.0,3.0,0.0
2024-12-06 01:00:00,0.2,-2.1,0.0,3.0,0.0
2024-12-06 01:15:00,0.1,-2.0,0.0,3.08,0.0
2024-12-06 01:30:00,0.1,-1.8,0.0,3.08,0.0
2024-12-06 01:45:00,0.1,-1.8,0.0,3.22,0.0
2024-12-06 02:00:00,0.0,-1.7,0.0,3.22,0.0
2024-12-06 02:15:00,-0.0,-1.8,0.0,3.28,0.0
2024-12-06 02:30:00,-0.1,-1.8,0.0,3.19,0.0
2024-12-06 02:45:00,-0.1,-2.0,0.0,3.17,0.0
2024-12-06 03:00:00,-0.2,-2.1,0.0,3.22,0.0
2024-12-06 03:15:00,-0.2,-2.1,0.0,3.28,0.0
2024-12-06 03:30:00,-0.3,-2.2,0.0,3.36,0.0
2024-12-06 03:45:00,-0.3,-2.2,0.0,3.44,0.0
2024-12-06 04:00:00,-0.3,-2.2,0.0,3.58,0.0
2024-12-06 04:15:00,-0.4,-2.3,0.0,3.64,0.0
2024-12-06 04:30:00,-0.4,-2.1,0.0,3.69,0.0
2024-12-06 04:45:00,-0.4,-2.0,0.0,3.69,0.0
2024-12-06 05:00:00,-0.4,-2.0,0.0,3.69,0.0
2024-12-06 05:15:00,-0.3,-1.9,0.0,3.78,0.0
2024-12-06 05:30:00,-0.3,-2.0,0.0,3.69,0.0
2024-12-06 05:45:00,-0.2,-2.0,0.0,3.72,0.0
2024-12-06 06:00:00,-0.2,-2.1,0.0,3.81,0.0
2024-12-06 06:15:00,-0.1,-2.0,0.0,3.86,0.0
2024-12-06 06:30:00,-0.1,-2.0,0.0,3.92,0.0
2024-12-06 06:45:00,-0.1,-2.0,0.0,4.03,0.0
2024-12-06 07:00:00,0.0,-2.1,0.0,4.11,0.0
2024-12-06 07:15:00,0.3,-2.1,0.0,4.19,0.0
2024-12-06 07:30:00,0.6,-2.2,0.0,4.22,0.0
2024-12-06 07:45:00,0.9,-2.2,0.0,4.28,0.0
2024-12-06 08:00:00,1.1,-2.2,0.0,4.31,0.0
2024-12-06 08:15:00,1.1,-2.0,0.1,4.17,0.0
2024-12-06 08:30:00,1.0,-1.7,0.1,3.92,0.0
2024-12-06 08:45:00,0.9,-1.5,0.0,3.75,0.0
2024-12-06 09:00:00,0.9,-1.3,0.0,3.58,0.0
2024-12-06 09:15:00,1.0,-1.2,0.0,3.64,0.0
2024-12-06 09:30:00,1.2,-1.1,0.0,3.83,0.0
2024-12-06 09:45:00,1.3,-0.9,0.0,3.92,0.0
2024-12-06 10:00:00,1.4,-0.7,0.0,3.92,0.0
2024-12-06 10:15:00,1.3,-0.5,0.0,3.69,0.0
2024-12-06 10:30:00,1.2,-0.2,0.0,3.33,0.0
2024-12-06 10:45:00,1.1,-0.0,0.1,2.92,0.0
2024-12-06 11:00:00,1.0,0.2,0.1,2.64,0.0
2024-12-06 11:15:00,0.9,0.2,0.4,2.5,0.0
2024-12-06 11:30:00,0.9,0.2,0.5,2.36,0.0
2024-12-06 11:45:00,0.8,0.1,0.5,2.36,0.0
2024-12-06 12:00:00,0.9,0.2,0.3,2.36,0.0
2024-12-06 12:15:00,1.1,0.2,0.2,2.53,0.0
2024-12-06 12:30:00,1.4,0.4,0.1,2.75,0.0
2024-12-06 12:45:00,1.7,0.5,0.1,3.06,0.0
2024-12-06 13:00:00,1.9,0.6,0.2,3.22,0.0
2024-12-06 13:15:00,2.1,0.6,0.2,3.28,0.0
2024-12-06 13:30:00,2.2,0.7,0.3,3.28,0.0
2024-12-06 13:45:00,2.3,0.7,0.4,3.28,0.0
2024-12-06 14:00:00,2.5,0.7,0.4,3.33,0.0
2024-12-06 14:15:00,2.7,0.6,0.2,3.47,0.0
2024-12-06 14:30:00,3.0,0.4,0.2,3.64,0.0
2024-12-06 14:45:00,3.2,0.3,0.1,3.72,0.0
2024-12-06 15:00:00,3.4,0.1,0.0,3.81,0.0
2024-12-06 15:15:00,3.4,-0.1,0.0,3.69,0.0
2024-12-06 15:30:00,3.4,0.1,0.0,3.61,0.0
2024-12-06 15:45:00,3.3,0.0,0.0,3.31,0.0
2024-12-06 16:00:00,3.3,0.1,0.0,3.11,0.0
2024-12-06 16:15:00,3.2,0.3,0.0,2.81,0.0
2024-12-06 16:30:00,3.1,0.3,0.0,2.5,0.0
2024-12-06 16:45:00,3.0,0.4,0.0,2.11,0.0
2024-12-06 17:00:00,2.9,0.5,0.0,1.92,0.0
2024-12-06 17:15:00,2.8,0.5,0.0,1.81,0.0
2024-12-06 17:30:00,2.8,0.7,0.0,1.72,0.0
2024-12-06 17:45:00,2.7,0.6,0.0,1.61,0.0
2024-12-06 18:00:00,2.7,0.7,0.0,1.61,0.0
2024-12-06 18:15:00,2.7,0.9,0.0,1.61,0.0
2024-12-06 18:30:00,2.7,0.9,0.0,1.61,0.0
2024-12-06 18:45:00,2.8,1.0,0.0,1.64,0.0
2024-12-06 19:00:00,2.8,1.2,0.0,1.64,0.0
2024-12-06 19:15:00,2.8,1.3,0.1,1.53,0.0
2024-12-06 19:30:00,2.8,1.5,0.1,1.19,0.0
2024-12-06 19:45:00,2.8,1.4,0.1,1.0,0.0
2024-12-06 20:00:00,2.8,1.6,0.1,0.94,0.0
2024-12-06 20:15:00,2.8,1.7,0.0,0.97,0.0
2024-12-06 20:30:00,2.7,1.7,0.0,1.11,0.0
2024-12-06 20:45:00,2.7,1.8,0.0,1.25,0.0
2024-12-06 21:00:00,2.7,1.8,0.0,1.25,0.0
2024-12-06 21:15:00,2.7,1.8,0.0,1.17,0.0
2024-12-06 21:30:00,2.8,1.9,0.0,1.0,0.0
2024-12-06 21:45:00,2.8,1.9,0.0,0.78,0.0
2024-12-06 22:00:00,2.9,2.0,0.0,0.64,0.0
2024-12-06 22:15:00,2.9,2.0,0.0,0.67,0.0
2024-12-06 22:30:00,3.0,2.1,0.0,0.92,0.0
2024-12-06 22:45:00,3.0,2.1,0.0,1.19,0.0
2024-12-06 23:00:00,3.1,2.2,0.0,1.31,0.0
2024-12-06 23:15:00,3.2,2.1,0.0,1.36,0.0
2024-12-06 23:30:00,3.3,2.1,0.0,1.31,0.0
2024-12-06 23:45:00,3.5,2.0,0.0,1.42,0.0
2024-12-07 00:00:00,3.6,1.9,0.0,1.5,0.0
2024-12-07 00:15:00,3.6,2.0,0.0,1.58,0.0
2024-12-07 00:30:00,3.7,2.0,0.0,1.67,0.0
2024-12-07 00:45:00,3.7,2.0,0.0,1.67,0.0
2024-12-07 01:00:00,3.7,2.1,0.0,1.67,0.0
2024-12-07 01:15:00,3.8,2.1,0.0,1.67,0.0
2024-12-07 01:30:00,3.8,2.2,0.0,1.61,0.0
2024-12-07 01:45:00,3.9,2.4,0.0,1.47,0.0
2024-12-07 02:00:00,3.9,2.4,0.0,1.47,0.0
2024-12-07 02:15:00,3.9,2.4,0.0,1.39,0.0
2024-12-07 02:30:00,3.9,2.5,0.0,1.44,0.0
2024-12-07 02:45:00,3.8,2.5,0.0,1.36,0.0
2024-12-07 03:00:00,3.8,2.4,0.0,1.36,0.0
2024-12-07 03:15:00,3.7,2.3,0.0,1.39,0.0
2024-12-07 03:30:00,3.5,2.2,0.0,1.44,0.0
2024-12-07 03:45:00,3.4,2.0,0.0,1.36,0.0
2024-12-07 04:00:00,3.3,1.9,0.0,1.44,0.0
2024-12-07 04:15:00,3.2,1.9,0.0,1.5,0.0
2024-12-07 04:30:00,3.3,1.9,0.0,1.47,0.0
2024-12-07 04:45:00,3.3,1.8,0.0,1.5,0.0
2024-12-07 05:00:00,3.3,1.8,0.0,1.64,0.0
2024-12-07 05:15:00,3.4,1.9,0.0,1.78,0.0
2024-12-07 05:30:00,3.4,1.8,0.0,1.83,0.0
2024-12-07 05:45:00,3.5,1.8,0.0,1.92,0.0
2024-12-07 06:00:00,3.5,1.9,0.0,1.92,0.0
2024-12-07 06:15:00,3.6,1.9,0.0,1.83,0.0
2024-12-07 06:30:00,3.6,2.0,0.0,1.69,0.0
2024-12-07 06:45:00,3.6,2.0,0.0,1.64,0.0
2024-12-07 07:00:00,3.6,2.0,0.0,1.5,0.0
2024-12-07 07:15:00,3.6,2.1,0.0,1.44,0.0
2024-12-07 07:30:00,3.5,2.2,0.0,1.47,0.0
2024-12-07 07:45:00,3.5,2.1,0.0,1.47,0.0
2024-12-07 08:00:00,3.4,2.2,0.0,1.53,0.0
2024-12-07 08:15:00,3.4,2.2,0.0,1.58,0.0
2024-12-07 08:30:00,3.4,2.2,0.0,1.58,0.0
2024-12-07 08:45:00,3.4,2.2,0.0,1.64,0.0
2024-12-07 09:00:00,3.4,2.2,0.0,1.64,0.0
2024-12-07 09:15:00,3.5,2.3,0.0,1.64,0.0
2024-12-07 09:30:00,3.6,2.2,0.0,1.64,0.0
2024-12-07 09:45:00,3.6,2.1,0.0,1.56,0.0
2024-12-07 10:00:00,3.7,2.2,0.0,1.56,0.0
2024-12-07 10:15:00,3.8,2.3,0.0,1.44,0.0
2024-12-07 10:30:00,3.8,2.5,0.0,1.42,0.0
2024-12-07 10:45:00,3.9,2.6,0.0,1.31,0.0
2024-12-07 11:00:00,4.0,2.7,0.0,1.31,0.0
2024-12-07 11:15:00,4.2,2.7,0.0,1.31,0.0
2024-12-07 11:30:00,4.4,2.9,0.0,1.44,11.64
2024-12-07 11:45:00,4.6,3.0,0.0,1.42,488.88
2024-12-07 12:00:00,4.8,3.0,0.0,1.5,0.0
2024-12-07 12:15:00,5.0,3.2,0.0,1.61,0.0
2024-12-07 12:30:00,5.2,3.2,0.0,1.69,0.0
2024-12-07 12:45:00,5.4,3.4,0.0,1.81,0.0
2024-12-07 13:00:00,5.6,3.6,0.0,1.89,0.0
2024-12-07 13:15:00,5.8,3.8,0.0,1.89,0.0
2024-12-07 13:30:00,5.9,3.7,0.0,1.81,0.0
2024-12-07 13:45:00,6.1,3.7,0.0,1.81,262.09
2024-12-07 14:00:00,6.2,3.8,0.0,1.83,586.55
2024-12-07 14:15:00,6.3,3.9,0.0,1.92,858.08
2024-12-07 14:30:00,6.3,3.8,0.0,2.22,900.0
2024-12-07 14:45:00,6.4,3.9,0.0,2.42,900.0
2024-12-07 15:00:00,6.4,3.9,0.0,2.53,813.89
2024-12-07 15:15:00,6.3,3.8,0.0,2.56,661.99
2024-12-07 15:30:00,6.1,3.6,0.0,2.5,900.0
2024-12-07 15:45:00,6.0,3.5,0.0,2.47,900.0
2024-12-07 16:00:00,5.7,3.4,0.0,2.47,900.0
2024-12-07 16:15:00,5.4,3.4,0.0,2.42,480.13
2024-12-07 16:30:00,5.1,3.7,0.0,2.39,0.0
2024-12-07 16:45:00,4.7,3.8,0.0,2.36,0.0
2024-12-07 17:00:00,4.4,3.8,0.0,2.33,0.0
2024-12-07 17:15:00,4.1,3.5,0.0,2.42,0.0
2024-12-07 17:30:00,3.9,3.3,0.0,2.56,0.0
2024-12-07 17:45:00,3.7,3.0,0.0,2.61,0.0
2024-12-07 18:00:00,3.6,2.7,0.0,2.69,0.0
2024-12-07 18:15:00,3.4,2.5,0.0,2.69,0.0
2024-12-07 18:30:00,3.3,2.5,0.0,2.61,0.0
2024-12-07 18:45:00,3.1,2.4,0.0,2.56,0.0
2024-12-07 19:00:00,3.0,2.4,0.0,2.47,0.0
2024-12-07 19:15:00,3.0,2.5,0.0,2.42,0.0
2024-12-07 19:30:00,2.9,2.5,0.0,2.33,0.0
2024-12-07 19:45:00,2.9,2.6,0.0,2.42,0.0
2024-12-07 20:00:00,2.8,2.5,0.0,2.33,0.0
2024-12-07 20:15:00,2.7,2.4,0.0,2.33,0.0
2024-12-07 20:30:00,2.6,2.3,0.0,2.33,0.0
2024-12-07 20:45:00,2.4,2.0,0.0,2.25,0.0
2024-12-07 21:00:00,2.3,1.8,0.0,2.25,0.0
2024-12-07 21:15:00,2.1,1.7,0.0,2.25,0.0
2024-12-07 21:30:00,2.0,1.5,0.0,2.25,0.0
2024-12-07 21:45:00,1.8,1.5,0.0,2.19,0.0
2024-12-07 22:00:00,1.7,1.4,0.0,2.19,0.0
2024-12-07 22:15:00,1.5,1.2,0.0,2.19,0.0
2024-12-07 22:30:00,1.4,1.1,0.0,2.19,0.0
2024-12-07 22:45:00,1.3,1.0,0.0,2.11,0.0
2024-12-07 23:00:00,1.1,0.8,0.0,2.11,0.0
2024-12-07 23:15:00,1.0,0.7,0.0,2.11,0.0
2024-12-07 23:30:00,0.8,0.7,0.0,2.06,0.0
2024-12-07 23:45:00,0.7,0.7,0.0,2.06,0.0
2024-12-08 00:00:00,0.5,0.5,0.0,2.06,0.0
2024-12-08 00:15:00,0.4,0.4,0.0,1.97,0.0
2024-12-08 00:30:00,0.3,0.3,0.0,1.92,0.0
2024-12-08 00:45:00,0.3,0.3,0.0,1.81,0.0
2024-12-08 01:00:00,0.2,0.2,0.0,1.83,0.0
2024-12-08 01:15:00,0.2,0.2,0.0,1.92,0.0
2024-12-08 01:30:00,0.2,0.2,0.0,1.97,0.0
2024-12-08 01:45:00,0.1,0.1,0.0,2.11,0.0
2024-12-08 02:00:00,0.1,0.1,0.0,2.17,0.0
2024-12-08 02:15:00,0.1,0.1,0.0,2.17,0.0
2024-12-08 02:30:00,0.2,0.2,0.0,2.25,0.0
2024-12-08 02:45:00,0.2,0.2,0.0,2.17,0.0
2024-12-08 03:00:00,0.2,0.2,0.0,2.17,0.0
2024-12-08 03:15:00,0.2,0.2,0.0,2.08,0.0
2024-12-08 03:30:00,0.2,0.2,0.0,1.97,0.0
2024-12-08 03:45:00,0.1,0.1,0.0,1.83,0.0
2024-12-08 04:00:00,0.1,0.1,0.0,1.78,0.0
2024-12-08 04:15:00,0.1,0.1,0.0,1.69,0.0
2024-12-08 04:30:00,0.2,0.2,0.0,1.56,0.0
2024-12-08 04:45:00,0.2,0.1,0.0,1.44,0.0
2024-12-08 05:00:00,0.3,0.1,0.0,1.47,0.0
2024-12-08 05:15:00,0.4,0.2,0.0,1.53,0.0
2024-12-08 05:30:00,0.5,0.2,0.0,1.53,0.0
2024-12-08 05:45:00,0.6,0.1,0.0,1.61,0.0
2024-12-08 06:00:00,0.6,0.2,0.0,1.72,0.0
2024-12-08 06:15:00,0.6,0.2,0.0,1.78,0.0
2024-12-08 06:30:00,0.6,0.2,0.0,1.86,0.0
2024-12-08 06:45:00,0.6,0.3,0.0,1.83,0.0
2024-12-08 07:00:00,0.5,0.2,0.0,1.94,0.0
2024-12-08 07:15:00,0.4,0.1,0.0,1.94,0.0
2024-12-08 07:30:00,0.1,-0.0,0.0,2.06,0.0
2024-12-08 07:45:00,-0.1,-0.1,0.0,2.08,0.0
2024-12-08 08:00:00,-0.2,-0.2,0.0,2.11,0.0
2024-12-08 08:15:00,-0.3,-0.3,0.0,2.17,0.0
2024-12-08 08:30:00,-0.2,-0.2,0.0,2.19,0.0
2024-12-08 08:45:00,-0.2,-0.2,0.0,2.22,0.0
2024-12-08 09:00:00,-0.1,-0.1,0.0,2.14,0.0
2024-12-08 09:15:00,-0.1,-0.1,0.0,2.0,0.0
2024-12-08 09:30:00,-0.0,-0.0,0.0,1.89,0.0
2024-12-08 09:45:00,0.1,0.1,0.0,1.67,0.0
2024-12-08 10:00:00,0.2,0.2,0.0,1.61,0.0
2024-12-08 10:15:00,0.4,0.3,0.0,1.67,0.0
2024-12-08 10:30:00,0.6,0.3,0.0,1.78,0.0
2024-12-08 10:45:00,0.9,0.3,0.0,1.94,0.0
2024-12-08 11:00:00,1.1,0.4,0.0,2.03,0.0
2024-12-08 11:15:00,1.4,0.5,0.0,2.03,804.12
2024-12-08 11:30:00,1.7,0.7,0.0,2.06,900.0
2024-12-08 11:45:00,1.9,0.6,0.0,2.08,900.0
2024-12-08 12:00:00,2.2,0.7,0.0,2.11,900.0
2024-12-08 12:15:00,2.5,0.9,0.0,2.17,900.0
2024-12-08 12:30:00,2.9,0.9,0.0,2.17,900.0
2024-12-08 12:45:00,3.2,1.0,0.0,2.19,900.0
2024-12-08 13:00:00,3.4,1.1,0.0,2.19,900.0
2024-12-08 13:15:00,3.6,1.3,0.0,2.28,900.0
2024-12-08 13:30:00,3.7,1.4,0.0,2.33,900.0
2024-12-08 13:45:00,3.8,1.5,0.0,2.42,900.0
2024-12-08 14:00:00,3.8,1.5,0.0,2.47,900.0
2024-12-08 14:15:00,3.9,1.6,0.0,2.44,395.53
2024-12-08 14:30:00,4.0,1.7,0.0,2.36,350.6
2024-12-08 14:45:00,4.0,1.8,0.0,2.33,668.25
2024-12-08 15:00:00,4.0,1.8,0.0,2.22,185.53
2024-12-08 15:15:00,3.9,1.9,0.0,2.11,176.4
2024-12-08 15:30:00,3.8,1.8,0.0,2.0,328.95
2024-12-08 15:45:00,3.7,1.9,0.0,1.89,178.58
2024-12-08 16:00:00,3.5,1.9,0.0,1.92,0.0
2024-12-08 16:15:00,3.3,1.8,0.0,1.92,0.0
2024-12-08 16:30:00,3.1,1.7,0.0,2.17,0.0
2024-12-08 16:45:00,2.8,1.5,0.0,2.28,0.0
2024-12-08 17:00:00,2.6,1.4,0.0,2.42,0.0
2024-12-08 17:15:00,2.4,1.2,0.0,2.53,0.0
2024-12-08 17:30:00,2.2,1.0,0.0,2.72,0.0
2024-12-08 17:45:00,2.1,0.9,0.0,2.83,0.0
2024-12-08 18:00:00,1.9,0.7,0.0,2.94,0.0
2024-12-08 18:15:00,1.8,0.6,0.0,2.94,0.0
2024-12-08 18:30:00,1.8,0.4,0.0,2.72,0.0
2024-12-08 18:45:00,1.7,0.4,0.0,2.58,0.0
2024-12-08 19:00:00,1.7,0.3,0.0,2.5,0.0
2024-12-08 19:15:00,1.6,0.3,0.0,2.53,0.0
2024-12-08 19:30:00,1.5,0.4,0.0,2.69,0.0
2024-12-08 19:45:00,1.4,0.3,0.0,2.78,0.0
2024-12-08 20:00:00,1.4,0.2,0.0,2.81,0.0
2024-12-08 20:15:00,1.3,0.2,0.0,2.64,0.0
2024-12-08 20:30:00,1.3,0.0,0.0,2.33,0.0
2024-12-08 20:45:00,1.3,-0.1,0.0,1.97,0.0
2024-12-08 21:00:00,1.3,-0.2,0.0,1.67,0.0
2024-12-08 21:15:00,1.2,-0.2,0.0,1.36,0.0
2024-12-08 21:30:00,1.1,-0.2,0.0,1.14,0.0
2024-12-08 21:45:00,1.0,-0.3,0.0,0.92,0.0
2024-12-08 22:00:00,1.0,-0.2,0.0,0.78,0.0
2024-12-08 22:15:00,1.0,-0.2,0.0,0.89,0.0
2024-12-08 22:30:00,1.0,0.0,0.0,1.17,0.0
2024-12-08 22:45:00,1.1,0.1,0.0,1.56,0.0
2024-12-08 23:00:00,1.1,0.1,0.0,1.75,0.0
2024-12-08 23:15:00,1.2,0.2,0.0,1.83,0.0
2024-12-08 23:30:00,1.2,0.2,0.0,1.83,0.0
2024-12-08 23:45:00,1.3,0.3,0.0,1.75,0.0
2024-12-09 00:00:00,1.3,0.3,0.0,1.78,0.0
2024-12-09 00:15:00,1.4,0.4,0.0,1.81,0.0
2024-12-09 00:30:00,1.4,0.6,0.0,1.83,0.0
2024-12-09 00:45:00,1.5,0.7,0.0,1.78,0.0
2024-12-09 01:00:00,1.6,0.7,0.0,1.83,0.0
2024-12-09 01:15:00,1.6,0.7,0.0,1.83,0.0
2024-12-09 01:30:00,1.7,0.7,0.0,1.83,0.0
2024-12-09 01:45:00,1.8,0.6,0.0,1.75,0.0
2024-12-09 02:00:00,1.8,0.6,0.0,1.75,0.0
2024-12-09 02:15:00,1.9,0.7,0.0,1.72,0.0
2024-12-09 02:30:00,1.9,0.7,0.0,1.78,0.0
2024-12-09 02:45:00,1.9,0.7,0.0,1.78,0.0
2024-12-09 03:00:00,1.9,0.7,0.0,1.78,0.0
2024-12-09 03:15:00,1.9,0.7,0.0,1.78,0.0
2024-12-09 03:30:00,1.9,0.7,0.0,1.83,0.0
2024-12-09 03:45:00,1.9,0.7,0.0,1.92,0.0
2024-12-09 04:00:00,1.9,0.7,0.0,1.92,0.0
2024-12-09 04:15:00,1.9,0.7,0.0,1.92,0.0
2024-12-09 04:30:00,1.9,0.7,0.0,1.94,0.0
2024-12-09 04:45:00,2.0,0.6,0.0,2.03,0.0
2024-12-09 05:00:00,2.0,0.6,0.0,1.97,0.0
2024-12-09 05:15:00,2.0,0.6,0.0,1.97,0.0
2024-12-09 05:30:00,1.9,0.4,0.0,1.97,0.0
2024-12-09 05:45:00,1.9,0.4,0.0,1.89,0.0
2024-12-09 06:00:00,1.8,0.3,0.0,1.89,0.0
2024-12-09 06:15:00,1.8,0.3,0.0,1.83,0.0
2024-12-09 06:30:00,1.8,0.3,0.0,1.83,0.0
2024-12-09 06:45:00,1.9,0.5,0.0,1.86,0.0
2024-12-09 07:00:00,1.9,0.5,0.0,1.94,0.0
2024-12-09 07:15:00,1.9,0.5,0.0,2.03,0.0
2024-12-09 07:30:00,1.9,0.7,0.0,2.03,0.0
2024-12-09 07:45:00,1.9,0.7,0.0,2.11,0.0
2024-12-09 08:00:00,1.9,0.7,0.0,2.11,0.0
2024-12-09 08:15:00,1.9,0.7,0.0,2.11,0.0
2024-12-09 08:30:00,1.9,0.8,0.0,2.11,0.0
2024-12-09 08:45:00,1.9,0.8,0.0,2.11,0.0
2024-12-09 09:00:00,1.9,0.9,0.0,2.11,0.0
2024-12-09 09:15:00,2.0,0.9,0.0,2.11,0.0
2024-12-09 09:30:00,2.0,1.1,0.0,2.14,0.0
2024-12-09 09:45:00,2.1,1.2,0.0,2.22,0.0
2024-12-09 10:00:00,2.2,1.3,0.0,2.25,0.0
2024-12-09 10:15:00,2.3,1.4,0.0,2.28,0.0
2024-12-09 10:30:00,2.4,1.7,0.0,2.42,0.0
2024-12-09 10:45:00,2.5,1.8,0.0,2.44,0.0
2024-12-09 11:00:00,2.7,1.9,0.0,2.47,0.0
2024-12-09 11:15:00,2.8,2.1,0.0,2.39,0.0
2024-12-09 11:30:00,2.9,2.2,0.0,2.25,0.0
2024-12-09 11:45:00,3.1,2.2,0.0,2.11,0.0
2024-12-09 12:00:00,3.2,2.3,0.0,2.11,0.0
2024-12-09 12:15:00,3.3,2.4,0.1,2.17,0.0
2024-12-09 12:30:00,3.4,2.4,0.1,2.28,0.0
2024-12-09 12:45:00,3.5,2.5,0.0,2.33,0.0
2024-12-09 13:00:00,3.6,2.4,0.0,2.47,0.0
2024-12-09 13:15:00,3.7,2.3,0.0,2.58,0.0
2024-12-09 13:30:00,3.8,2.4,0.0,2.69,0.0
2024-12-09 13:45:00,3.8,2.3,0.0,2.78,0.0
2024-12-09 14:00:00,3.8,2.2,0.0,2.92,0.0
2024-12-09 14:15:00,3.8,2.0,0.0,3.0,0.0
2024-12-09 14:30:00,3.8,1.8,0.0,3.11,0.0
2024-12-09 14:45:00,3.8,1.8,0.0,3.22,0.0
2024-12-09 15:00:00,3.7,1.6,0.0,3.33,0.0
2024-12-09 15:15:00,3.7,1.5,0.0,3.33,0.0
2024-12-09 15:30:00,3.6,1.5,0.0,3.33,0.0
2024-12-09 15:45:00,3.6,1.4,0.0,3.25,0.0
2024-12-09 16:00:00,3.5,1.4,0.0,3.19,0.0
2024-12-09 16:15:00,3.5,1.6,0.0,3.11,0.0
2024-12-09 16:30:00,3.5,1.7,0.0,3.11,0.0
2024-12-09 16:45:00,3.5,1.8,0.0,3.11,0.0
2024-12-09 17:00:00,3.5,2.0,0.0,3.11,0.0
2024-12-09 17:15:00,3.4,1.9,0.1,3.11,0.0
2024-12-09 17:30:00,3.4,1.7,0.1,3.19,0.0
2024-12-09 17:45:00,3.3,1.7,0.2,3.33,0.0
2024-12-09 18:00:00,3.3,1.5,0.1,3.33,0.0
2024-12-09 18:15:00,3.2,1.4,0.1,3.33,0.0
2024-12-09 18:30:00,3.2,1.2,0.0,3.42,0.0
2024-12-09 18:45:00,3.2,1.2,0.1,3.33,0.0
2024-12-09 19:00:00,3.1,1.2,0.0,3.28,0.0
2024-12-09 19:15:00,3.1,1.3,0.1,3.11,0.0
2024-12-09 19:30:00,3.1,1.4,0.1,2.89,0.0
2024-12-09 19:45:00,3.1,1.4,0.1,2.61,0.0
2024-12-09 20:00:00,3.0,1.5,0.1,2.56,0.0
2024-12-09 20:15:00,3.0,1.5,0.1,2.56,0.0
2024-12-09 20:30:00,3.0,1.5,0.2,2.56,0.0
2024-12-09 20:45:00,2.9,1.3,0.1,2.61,0.0
2024-12-09 21:00:00,2.9,1.2,0.1,2.61,0.0
2024-12-09 21:15:00,2.8,1.1,0.2,2.61,0.0
2024-12-09 21:30:00,2.7,1.0,0.2,2.56,0.0
2024-12-09 21:45:00,2.6,0.9,0.2,2.47,0.0
2024-12-09 22:00:00,2.5,0.9,0.2,2.42,0.0
2024-12-09 22:15:00,2.5,0.8,0.1,2.33,0.0
2024-12-09 22:30:00,2.4,0.8,0.1,2.28,0.0
2024-12-09 22:45:00,2.4,0.9,0.0,2.14,0.0
2024-12-09 23:00:00,2.4,0.9,0.0,2.14,0.0
2024-12-09 23:15:00,2.4,1.1,0.0,2.14,0.0
2024-12-09 23:30:00,2.5,1.3,0.0,2.14,0.0
2024-12-09 23:45:00,2.5,1.3,0.0,2.11,0.0
2024-12-10 00:00:00,2.5,1.5,0.0,2.19,0.0
2024-12-10 00:15:00,2.5,1.5,0.0,2.19,0.0
2024-12-10 00:30:00,2.6,1.5,0.0,2.11,0.0
2024-12-10 00:45:00,2.6,1.5,0.0,2.11,0.0
2024-12-10 01:00:00,2.6,1.5,0.0,2.11,0.0
2024-12-10 01:15:00,2.5,1.5,0.0,2.25,0.0
2024-12-10 01:30:00,2.5,1.3,0.0,2.47,0.0
2024-12-10 01:45:00,2.4,1.0,0.0,2.75,0.0
2024-12-10 02:00:00,2.3,1.0,0.0,2.89,0.0
2024-12-10 02:15:00,2.3,0.9,0.0,2.97,0.0
2024-12-10 02:30:00,2.2,0.7,0.0,2.97,0.0
2024-12-10 02:45:00,2.2,0.7,0.0,2.97,0.0
2024-12-10 03:00:00,2.1,0.6,0.0,2.97,0.0
2024-12-10 03:15:00,2.1,0.6,0.0,3.03,0.0
2024-12-10 03:30:00,2.0,0.4,0.0,3.03,0.0
2024-12-10 03:45:00,2.0,0.3,0.0,3.11,0.0
2024-12-10 04:00:00,1.9,0.3,0.0,3.06,0.0
2024-12-10 04:15:00,1.9,0.2,0.0,2.97,0.0
2024-12-10 04:30:00,1.8,0.1,0.0,2.83,0.0
2024-12-10 04:45:00,1.7,0.2,0.0,2.72,0.0
2024-12-10 05:00:00,1.7,0.2,0.0,2.58,0.0
2024-12-10 05:15:00,1.7,0.2,0.0,2.53,0.0
2024-12-10 05:30:00,1.7,0.2,0.0,2.44,0.0
2024-12-10 05:45:00,1.7,0.3,0.0,2.39,0.0
2024-12-10 06:00:00,1.7,0.3,0.0,2.31,0.0
2024-12-10 06:15:00,1.6,0.5,0.1,2.22,0.0
2024-12-10 06:30:00,1.6,0.4,0.1,2.19,0.0
2024-12-10 06:45:00,1.5,0.5,0.1,2.19,0.0
2024-12-10 07:00:00,1.4,0.4,0.1,2.19,0.0
2024-12-10 07:15:00,1.4,0.4,0.0,2.25,0.0
2024-12-10 07:30:00,1.4,0.2,0.0,2.28,0.0
2024-12-10 07:45:00,1.4,0.1,0.0,2.28,0.0
2024-12-10 08:00:00,1.4,0.1,0.0,2.33,0.0
2024-12-10 08:15:00,1.4,0.1,0.0,2.33,0.0
2024-12-10 08:30:00,1.3,0.0,0.0,2.33,0.0
2024-12-10 08:45:00,1.3,0.0,0.0,2.33,0.0
2024-12-10 09:00:00,1.3,0.0,0.0,2.33,0.0
2024-12-10 09:15:00,1.3,0.0,0.0,2.33,0.0
2024-12-10 09:30:00,1.4,0.1,0.0,2.36,0.0
2024-12-10 09:45:00,1.4,0.1,0.0,2.31,0.0
2024-12-10 10:00:00,1.4,0.1,0.0,2.31,0.0
2024-12-10 10:15:00,1.4,0.1,0.0,2.31,0.0
2024-12-10 10:30:00,1.5,0.2,0.0,2.36,0.0
2024-12-10 10:45:00,1.5,-0.0,0.0,2.42,0.0
2024-12-10 11:00:00,1.5,0.0,0.0,2.47,0.0
2024-12-10 11:15:00,1.6,0.1,0.0,2.47,0.0
2024-12-10 11:30:00,1.7,0.0,0.0,2.61,0.0
2024-12-10 11:45:00,1.8,-0.0,0.0,2.61,0.0
2024-12-10 12:00:00,1.9,0.1,0.0,2.64,0.0
2024-12-10 12:15:00,1.9,0.1,0.0,2.58,0.0
2024-12-10 12:30:00,2.0,0.2,0.0,2.5,0.0
2024-12-10 12:45:00,2.1,0.3,0.0,2.42,0.0
2024-12-10 13:00:00,2.1,0.3,0.0,2.33,0.0
2024-12-10 13:15:00,2.0,0.2,0.0,2.33,0.0
2024-12-10 13:30:00,2.0,0.2,0.0,2.42,0.0
2024-12-10 13:45:00,1.9,-0.1,0.0,2.42,0.0
2024-12-10 14:00:00,1.8,-0.1,0.0,2.44,0.0
2024-12-10 14:15:00,1.8,-0.2,0.0,2.44,0.0
2024-12-10 14:30:00,1.8,-0.3,0.0,2.42,0.0
2024-12-10 14:45:00,1.8,-0.3,0.0,2.56,0.0
2024-12-10 15:00:00,1.7,-0.4,0.0,2.47,0.0
2024-12-10 15:15:00,1.7,-0.4,0.0,2.47,0.0
2024-12-10 15:30:00,1.7,-0.4,0.0,2.42,0.0
2024-12-10 15:45:00,1.6,-0.4,0.0,2.33,0.0
2024-12-10 16:00:00,1.5,-0.4,0.0,2.28,0.0
2024-12-10 16:15:00,1.4,-0.5,0.0,2.22,0.0
2024-12-10 16:30:00,1.3,-0.7,0.0,2.31,0.0
2024-12-10 16:45:00,1.1,-0.8,0.0,2.25,0.0
2024-12-10 17:00:00,1.0,-0.9,0.0,2.25,0.0
2024-12-10 17:15:00,1.0,-1.0,0.0,2.25,0.0
2024-12-10 17:30:00,0.9,-1.0,0.0,2.11,0.0
2024-12-10 17:45:00,0.9,-0.9,0.0,2.11,0.0
2024-12-10 18:00:00,0.9,-0.9,0.0,1.97,0.0
2024-12-10 18:15:00,0.9,-0.9,0.0,1.83,0.0
2024-12-10 18:30:00,0.9,-0.7,0.0,1.69,0.0
2024-12-10 18:45:00,0.9,-0.7,0.0,1.56,0.0
2024-12-10 19:00:00,0.9,-0.6,0.0,1.44,0.0
2024-12-10 19:15:00,0.9,-0.4,0.0,1.39,0.0
2024-12-10 19:30:00,0.8,-0.5,0.0,1.44,0.0
2024-12-10 19:45:00,0.8,-0.3,0.0,1.61,0.0
2024-12-10 20:00:00,0.8,-0.3,0.0,1.61,0.0
2024-12-10 20:15:00,0.8,-0.3,0.0,1.61,0.0
2024-12-10 20:30:00,0.8,-0.3,0.0,1.5,0.0
2024-12-10 20:45:00,0.9,-0.3,0.0,1.42,0.0
2024-12-10 21:00:00,0.9,-0.3,0.0,1.31,0.0
2024-12-10 21:15:00,0.9,-0.3,0.0,1.31,0.0
2024-12-10 21:30:00,0.9,-0.3,0.0,1.25,0.0
2024-12-10 21:45:00,0.9,-0.3,0.0,1.25,0.0
2024-12-10 22:00:00,0.9,-0.3,0.0,1.25,0.0
2024-12-10 22:15:00,0.9,-0.3,0.0,1.22,0.0
2024-12-10 22:30:00,0.9,-0.1,0.0,1.19,0.0
2024-12-10 22:45:00,0.8,-0.0,0.0,1.33,0.0
2024-12-10 23:00:00,0.8,-0.0,0.0,1.39,0.0
2024-12-10 23:15:00,0.8,-0.0,0.0,1.44,0.0
2024-12-10 23:30:00,0.8,0.1,0.0,1.47,0.0
2024-12-10 23:45:00,0.8,0.1,0.0,1.56,0.0
2024-12-11 00:00:00,0.8,0.1,0.0,1.56,0.0
2024-12-11 00:15:00,0.8,0.1,0.0,1.56,0.0
2024-12-11 00:30:00,0.9,0.2,0.0,1.61,0.0
2024-12-11 00:45:00,0.9,0.2,0.0,1.72,0.0
2024-12-11 01:00:00,0.9,0.2,0.0,1.67,0.0
2024-12-11 01:15:00,0.9,0.2,0.0,1.67,0.0
2024-12-11 01:30:00,0.9,0.2,0.0,1.64,0.0
2024-12-11 01:45:00,0.8,0.1,0.0,1.64,0.0
2024-12-11 02:00:00,0.8,0.1,0.0,1.64,0.0
2024-12-11 02:15:00,0.8,0.1,0.0,1.64,0.0
2024-12-11 02:30:00,0.8,0.1,0.0,1.64,0.0
2024-12-11 02:45:00,0.9,0.2,0.0,1.64,0.0
2024-12-11 03:00:00,0.9,0.2,0.0,1.64,0.0
2024-12-11 03:15:00,0.9,0.2,0.0,1.64,0.0
2024-12-11 03:30:00,0.9,0.2,0.0,1.64,0.0
2024-12-11 03:45:00,0.9,0.2,0.0,1.67,0.0
2024-12-11 04:00:00,0.9,0.2,0.0,1.67,0.0
2024-12-11 04:15:00,0.9,0.2,0.0,1.67,0.0
2024-12-11 04:30:00,0.8,0.1,0.0,1.72,0.0
2024-12-11 04:45:00,0.8,0.1,0.0,1.72,0.0
2024-12-11 05:00:00,0.8,0.1,0.0,1.72,0.0
2024-12-11 05:15:00,0.8,0.1,0.0,1.72,0.0
2024-12-11 05:30:00,0.8,0.1,0.0,1.72,0.0
2024-12-11 05:45:00,0.8,0.1,0.0,1.83,0.0
2024-12-11 06:00:00,0.8,0.1,0.0,1.83,0.0
2024-12-11 06:15:00,0.8,0.1,0.0,1.89,0.0
2024-12-11 06:30:00,0.8,0.1,0.0,1.97,0.0
2024-12-11 06:45:00,0.8,-0.1,0.0,2.0,0.0
2024-12-11 07:00:00,0.8,-0.1,0.0,2.06,0.0
2024-12-11 07:15:00,0.8,-0.1,0.0,2.11,0.0
2024-12-11 07:30:00,0.8,-0.0,0.0,2.08,0.0
2024-12-11 07:45:00,0.9,0.0,0.0,2.0,0.0
2024-12-11 08:00:00,0.9,0.0,0.0,2.06,0.0
2024-12-11 08:15:00,0.9,0.0,0.0,2.06,0.0
2024-12-11 08:30:00,0.9,0.0,0.0,1.97,0.0
2024-12-11 08:45:00,0.9,-0.1,0.0,1.97,0.0
2024-12-11 09:00:00,0.9,-0.1,0.0,1.97,0.0
2024-12-11 09:15:00,0.9,-0.1,0.0,1.97,0.0
2024-12-11 09:30:00,0.9,-0.2,0.0,1.97,0.0
2024-12-11 09:45:00,0.9,-0.2,0.0,2.06,0.0
2024-12-11 10:00:00,1.0,-0.2,0.0,2.06,0.0
2024-12-11 10:15:00,1.1,-0.1,0.0,2.14,0.0
2024-12-11 10:30:00,1.2,0.0,0.0,2.08,0.0
2024-12-11 10:45:00,1.2,0.1,0.0,2.11,0.0
2024-12-11 11:00:00,1.3,0.2,0.0,2.11,0.0
2024-12-11 11:15:00,1.4,0.1,0.0,2.11,0.0
2024-12-11 11:30:00,1.4,-0.1,0.0,2.17,0.0
2024-12-11 11:45:00,1.4,-0.3,0.0,2.17,0.0
2024-12-11 12:00:00,1.4,-0.4,0.0,2.14,0.0
2024-12-11 12:15:00,1.5,-0.5,0.0,2.14,0.0
2024-12-11 12:30:00,1.6,-0.5,0.0,2.14,0.0
2024-12-11 12:45:00,1.6,-0.6,0.0,2.14,0.0
2024-12-11 13:00:00,1.7,-0.6,0.0,2.17,0.0
2024-12-11 13:15:00,1.7,-0.6,0.0,2.17,0.0
2024-12-11 13:30:00,1.6,-0.6,0.0,2.22,0.0
2024-12-11 13:45:00,1.6,-0.5,0.0,2.19,0.0
2024-12-11 14:00:00,1.5,-0.6,0.0,2.28,0.0
2024-12-11 14:15:00,1.5,-0.6,0.0,2.28,0.0
2024-12-11 14:30:00,1.6,-0.4,0.0,2.14,0.0
2024-12-11 14:45:00,1.6,-0.2,0.0,2.06,0.0
2024-12-11 15:00:00,1.7,-0.1,0.0,2.0,0.0
2024-12-11 15:15:00,1.7,-0.1,0.0,2.08,0.0
2024-12-11 15:30:00,1.7,0.0,0.0,2.17,0.0
2024-12-11 15:45:00,1.7,0.0,0.0,2.25,0.0
2024-12-11 16:00:00,1.7,0.0,0.0,2.25,0.0
2024-12-11 16:15:00,1.7,0.0,0.0,2.25,0.0
2024-12-11 16:30:00,1.6,-0.0,0.0,2.22,0.0
2024-12-11 16:45:00,1.6,0.1,0.0,2.14,0.0
2024-12-11 17:00:00,1.6,0.1,0.0,2.14,0.0
2024-12-11 17:15:00,1.5,0.0,0.0,2.08,0.0
2024-12-11 17:30:00,1.5,0.2,0.0,2.06,0.0
2024-12-11 17:45:00,1.5,0.3,0.0,2.0,0.0
2024-12-11 18:00:00,1.5,0.3,0.0,2.06,0.0
2024-12-11 18:15:00,1.5,0.3,0.0,2.17,0.0
2024-12-11 18:30:00,1.4,0.4,0.0,2.28,0.0
2024-12-11 18:45:00,1.4,0.4,0.0,2.42,0.0
2024-12-11 19:00:00,1.4,0.4,0.0,2.56,0.0
2024-12-11 19:15:00,1.5,0.5,0.0,2.56,0.0
2024-12-11 19:30:00,1.5,0.5,0.0,2.5,0.0
2024-12-11 19:45:00,1.5,0.5,0.0,2.33,0.0
2024-12-11 20:00:00,1.6,0.6,0.0,2.33,0.0
2024-12-11 20:15:00,1.6,0.6,0.0,2.39,0.0
2024-12-11 20:30:00,1.6,0.4,0.0,2.56,0.0
2024-12-11 20:45:00,1.5,0.4,0.0,2.69,0.0
2024-12-11 21:00:00,1.5,0.2,0.0,2.69,0.0
2024-12-11 21:15:00,1.5,0.0,0.0,2.69,0.0
2024-12-11 21:30:00,1.5,-0.0,0.0,2.56,0.0
2024-12-11 21:45:00,1.5,-0.2,0.0,2.47,0.0
2024-12-11 22:00:00,1.4,-0.2,0.0,2.39,0.0
2024-12-11 22:15:00,1.4,-0.2,0.0,2.5,0.0
2024-12-11 22:30:00,1.4,-0.4,0.0,2.61,0.0
2024-12-11 22:45:00,1.4,-0.4,0.0,2.83,0.0
2024-12-11 23:00:00,1.3,-0.5,0.0,2.89,0.0
2024-12-11 23:15:00,1.3,-0.5,0.0,2.89,0.0
2024-12-11 23:30:00,1.3,-0.4,0.0,2.75,0.0
2024-12-11 23:45:00,1.2,-0.2,0.0,2.61,0.0
2024-12-12 00:00:00,1.2,-0.3,0.0,2.56,0.0
2024-12-12 00:15:00,1.1,-0.5,0.0,2.56,0.0
2024-12-12 00:30:00,1.1,-0.7,0.0,2.56,0.0
2024-12-12 00:45:00,1.1,-0.9,0.0,2.69,0.0
2024-12-12 01:00:00,1.1,-0.9,0.0,2.69,0.0
2024-12-12 01:15:00,1.1,-0.9,0.0,2.69,0.0
2024-12-12 01:30:00,1.1,-0.7,0.0,2.61,0.0
2024-12-12 01:45:00,1.1,-0.5,0.0,2.61,0.0
2024-12-12 02:00:00,1.1,-0.4,0.0,2.61,0.0
2024-12-12 02:15:00,1.0,-0.4,0.0,2.69,0.0
2024-12-12 02:30:00,1.0,-0.4,0.0,2.83,0.0
2024-12-12 02:45:00,1.0,-0.6,0.0,2.92,0.0
2024-12-12 03:00:00,0.9,-0.7,0.0,3.0,0.0
2024-12-12 03:15:00,0.9,-0.7,0.0,2.86,0.0
2024-12-12 03:30:00,0.9,-0.6,0.0,2.72,0.0
2024-12-12 03:45:00,0.9,-0.4,0.0,2.53,0.0
2024-12-12 04:00:00,0.9,-0.4,0.0,2.39,0.0
2024-12-12 04:15:00,0.9,-0.4,0.0,2.33,0.0
2024-12-12 04:30:00,1.0,-0.3,0.0,2.33,0.0
2024-12-12 04:45:00,1.1,-0.4,0.0,2.36,0.0
2024-12-12 05:00:00,1.1,-0.3,0.0,2.36,0.0
2024-12-12 05:15:00,1.1,-0.3,0.0,2.36,0.0
2024-12-12 05:30:00,1.1,-0.4,0.0,2.28,0.0
2024-12-12 05:45:00,1.1,-0.2,0.0,2.19,0.0
2024-12-12 06:00:00,1.0,-0.3,0.0,2.19,0.0
2024-12-12 06:15:00,1.0,-0.3,0.0,2.19,0.0
2024-12-12 06:30:00,1.0,-0.2,0.0,2.14,0.0
2024-12-12 06:45:00,1.0,-0.2,0.0,2.06,0.0
2024-12-12 07:00:00,1.0,-0.2,0.0,2.06,0.0
2024-12-12 07:15:00,1.0,-0.2,0.0,2.03,0.0
2024-12-12 07:30:00,1.0,-0.2,0.0,2.06,0.0
2024-12-12 07:45:00,1.0,-0.2,0.0,2.14,0.0
2024-12-12 08:00:00,1.0,-0.2,0.0,2.11,0.0
2024-12-12 08:15:00,1.0,-0.2,0.0,2.11,0.0
2024-12-12 08:30:00,0.9,-0.4,0.0,2.11,0.0
2024-12-12 08:45:00,0.9,-0.4,0.0,2.19,0.0
2024-12-12 09:00:00,0.9,-0.5,0.0,2.14,0.0
2024-12-12 09:15:00,0.9,-0.7,0.0,2.06,0.0
2024-12-12 09:30:00,0.9,-0.9,0.0,2.08,0.0
2024-12-12 09:45:00,1.0,-0.8,0.0,2.03,0.0
2024-12-12 10:00:00,1.0,-1.0,0.0,2.03,0.0
2024-12-12 10:15:00,1.0,-1.0,0.0,2.0,0.0
2024-12-12 10:30:00,1.0,-1.0,0.0,1.97,0.0
2024-12-12 10:45:00,1.0,-1.0,0.0,1.97,0.0
2024-12-12 11:00:00,1.0,-1.0,0.0,1.97,0.0
2024-12-12 11:15:00,1.0,-0.9,0.0,1.97,0.0
2024-12-12 11:30:00,1.1,-0.9,0.0,1.92,0.0
2024-12-12 11:45:00,1.1,-1.0,0.0,1.97,0.0
2024-12-12 12:00:00,1.2,-0.9,0.0,2.0,0.0
2024-12-12 12:15:00,1.2,-0.9,0.0,2.11,0.0
2024-12-12 12:30:00,1.3,-0.9,0.0,2.06,0.0
2024-12-12 12:45:00,1.4,-0.8,0.0,2.11,0.0
2024-12-12 13:00:00,1.5,-0.8,0.0,2.11,0.0
2024-12-12 13:15:00,1.5,-0.7,0.0,2.14,0.0
2024-12-12 13:30:00,1.6,-0.6,0.0,2.14,0.0
2024-12-12 13:45:00,1.7,-0.4,0.0,2.11,0.0
2024-12-12 14:00:00,1.7,-0.4,0.0,2.17,0.0
2024-12-12 14:15:00,1.8,-0.3,0.0,2.17,0.0
2024-12-12 14:30:00,1.8,-0.3,0.0,2.14,0.0
2024-12-12 14:45:00,1.8,-0.3,0.0,2.06,0.0
2024-12-12 15:00:00,1.8,-0.3,0.0,2.06,0.0
2024-12-12 15:15:00,1.8,-0.3,0.0,2.06,0.0
2024-12-12 15:30:00,1.8,-0.3,0.0,2.06,0.0
2024-12-12 15:45:00,1.7,-0.4,0.0,2.0,0.0
2024-12-12 16:00:00,1.7,-0.4,0.0,2.0,0.0
2024-12-12 16:15:00,1.6,-0.4,0.0,1.92,0.0
2024-12-12 16:30:00,1.5,-0.5,0.0,1.92,0.0
2024-12-12 16:45:00,1.4,-0.4,0.0,1.92,0.0
2024-12-12 17:00:00,1.3,-0.3,0.0,1.83,0.0
2024-12-12 17:15:00,1.3,-0.2,0.0,1.69,0.0
2024-12-12 17:30:00,1.3,-0.2,0.0,1.53,0.0
2024-12-12 17:45:00,1.3,-0.0,0.0,1.53,0.0
2024-12-12 18:00:00,1.3,-0.0,0.0,1.44,0.0
2024-12-12 18:15:00,1.3,-0.0,0.0,1.53,0.0
2024-12-12 18:30:00,1.2,-0.1,0.0,1.56,0.0
2024-12-12 18:45:00,1.2,-0.1,0.0,1.64,0.0
2024-12-12 19:00:00,1.2,-0.1,0.0,1.67,0.0
2024-12-12 19:15:00,1.2,-0.1,0.0,1.61,0.0
2024-12-12 19:30:00,1.2,-0.1,0.0,1.61,0.0
2024-12-12 19:45:00,1.2,-0.1,0.0,1.58,0.0
2024-12-12 20:00:00,1.2,-0.1,0.0,1.56,0.0
2024-12-12 20:15:00,1.2,-0.1,0.0,1.56,0.0
2024-12-12 20:30:00,1.2,-0.1,0.0,1.5,0.0
2024-12-12 20:45:00,1.2,-0.1,0.0,1.5,0.0
2024-12-12 21:00:00,1.1,-0.2,0.0,1.44,0.0
2024-12-12 21:15:00,1.1,-0.2,0.0,1.44,0.0
2024-12-12 21:30:00,1.1,-0.2,0.0,1.44,0.0
2024-12-12 21:45:00,1.1,-0.1,0.0,1.36,0.0
2024-12-12 22:00:00,1.1,-0.1,0.0,1.36,0.0
2024-12-12 22:15:00,1.1,-0.1,0.0,1.36,0.0
2024-12-12 22:30:00,1.1,0.1,0.0,1.31,0.0
2024-12-12 22:45:00,1.1,0.3,0.0,1.17,0.0
2024-12-12 23:00:00,1.1,0.3,0.0,1.17,0.0
2024-12-12 23:15:00,1.1,0.3,0.0,1.17,0.0
2024-12-12 23:30:00,1.1,0.3,0.0,1.08,0.0
2024-12-12 23:45:00,1.1,0.3,0.0,1.08,0.0
2024-12-13 00:00:00,1.1,0.3,0.0,1.08,0.0
2024-12-13 00:15:00,1.1,0.3,0.0,1.08,0.0
2024-12-13 00:30:00,1.1,0.3,0.0,1.11,0.0
2024-12-13 00:45:00,1.1,0.3,0.0,1.11,0.0
2024-12-13 01:00:00,1.1,0.3,0.0,1.08,0.0
2024-12-13 01:15:00,1.1,0.3,0.0,0.94,0.0
2024-12-13 01:30:00,1.1,0.2,0.0,0.94,0.0
2024-12-13 01:45:00,1.0,0.3,0.0,0.83,0.0
2024-12-13 02:00:00,1.0,0.3,0.0,0.72,0.0
2024-12-13 02:15:00,1.0,0.3,0.0,0.72,0.0
2024-12-13 02:30:00,1.0,0.4,0.0,0.72,0.0
2024-12-13 02:45:00,1.0,0.4,0.0,0.75,0.0
2024-12-13 03:00:00,1.0,0.4,0.0,0.75,0.0
2024-12-13 03:15:00,1.0,0.4,0.0,0.67,0.0
2024-12-13 03:30:00,1.0,0.4,0.0,0.58,0.0
2024-12-13 03:45:00,1.0,0.4,0.0,0.44,0.0
2024-12-13 04:00:00,1.0,0.4,0.0,0.44,0.0
2024-12-13 04:15:00,1.0,0.4,0.0,0.53,0.0
2024-12-13 04:30:00,0.9,0.3,0.0,0.72,0.0
2024-12-13 04:45:00,0.9,0.4,0.0,0.92,0.0
2024-12-13 05:00:00,0.8,0.4,0.0,1.03,0.0
2024-12-13 05:15:00,0.8,0.3,0.0,0.94,0.0
2024-12-13 05:30:00,0.7,0.4,0.0,0.94,0.0
2024-12-13 05:45:00,0.6,0.3,0.0,0.86,0.0
2024-12-13 06:00:00,0.6,0.3,0.0,0.81,0.0
2024-12-13 06:15:00,0.5,0.2,0.0,0.67,0.0
2024-12-13 06:30:00,0.5,0.3,0.0,0.58,0.0
2024-12-13 06:45:00,0.5,0.3,0.0,0.42,0.0
2024-12-13 07:00:00,0.5,0.3,0.0,0.22,0.0
2024-12-13 07:15:00,0.5,0.4,0.0,0.11,0.0
2024-12-13 07:30:00,0.6,0.4,0.0,0.11,0.0
2024-12-13 07:45:00,0.6,0.5,0.0,0.22,0.0
2024-12-13 08:00:00,0.7,0.5,0.0,0.36,0.0
2024-12-13 08:15:00,0.7,0.5,0.0,0.5,0.0
2024-12-13 08:30:00,0.6,0.6,0.0,0.64,0.0
2024-12-13 08:45:00,0.5,0.5,0.0,0.78,0.0
2024-12-13 09:00:00,0.5,0.5,0.0,0.86,0.0
2024-12-13 09:15:00,0.5,0.5,0.0,0.89,0.0
2024-12-13 09:30:00,0.5,0.5,0.0,0.83,0.0
2024-12-13 09:45:00,0.6,0.6,0.0,0.89,0.0
2024-12-13 10:00:00,0.7,0.6,0.0,0.92,0.0
2024-12-13 10:15:00,0.9,0.5,0.0,0.89,0.0
2024-12-13 10:30:00,1.3,0.5,0.0,0.83,109.22
2024-12-13 10:45:00,1.6,0.6,0.0,0.81,250.27
2024-12-13 11:00:00,1.8,0.5,0.0,0.92,631.46
2024-12-13 11:15:00,2.0,0.5,0.0,1.06,0.0
2024-12-13 11:30:00,2.1,0.5,0.0,1.19,0.0
2024-12-13 11:45:00,2.3,0.5,0.0,1.42,0.0
2024-12-13 12:00:00,2.4,0.4,0.0,1.56,900.0
2024-12-13 12:15:00,2.5,0.4,0.0,1.69,900.0
2024-12-13 12:30:00,2.6,0.2,0.0,1.92,900.0
2024-12-13 12:45:00,2.7,-0.1,0.0,2.06,900.0
2024-12-13 13:00:00,2.8,-0.2,0.0,2.25,900.0
2024-12-13 13:15:00,2.7,-0.4,0.0,2.47,900.0
2024-12-13 13:30:00,2.7,-0.6,0.0,2.67,900.0
2024-12-13 13:45:00,2.6,-0.9,0.0,2.92,603.52
2024-12-13 14:00:00,2.5,-1.2,0.0,3.08,900.0
2024-12-13 14:15:00,2.4,-1.4,0.0,3.14,827.87
2024-12-13 14:30:00,2.4,-1.4,0.0,3.17,638.4
2024-12-13 14:45:00,2.4,-1.4,0.0,3.14,542.68
2024-12-13 15:00:00,2.3,-1.5,0.0,3.11,723.81
2024-12-13 15:15:00,2.2,-1.6,0.0,3.06,370.7
2024-12-13 15:30:00,2.2,-1.6,0.0,2.92,555.82
2024-12-13 15:45:00,2.1,-1.7,0.0,2.78,447.91
2024-12-13 16:00:00,1.9,-1.7,0.0,2.64,296.76
2024-12-13 16:15:00,1.8,-1.7,0.0,2.5,0.0
2024-12-13 16:30:00,1.6,-1.5,0.0,2.42,0.0
2024-12-13 16:45:00,1.4,-1.3,0.0,2.33,0.0
2024-12-13 17:00:00,1.2,-1.2,0.0,2.28,0.0
2024-12-13 17:15:00,1.0,-1.2,0.0,2.28,0.0
2024-12-13 17:30:00,0.8,-1.2,0.0,2.28,0.0
2024-12-13 17:45:00,0.5,-1.4,0.0,2.33,0.0
2024-12-13 18:00:00,0.3,-1.4,0.0,2.42,0.0
2024-12-13 18:15:00,0.2,-1.6,0.0,2.47,0.0
2024-12-13 18:30:00,0.1,-1.7,0.0,2.56,0.0
2024-12-13 18:45:00,0.0,-1.7,0.0,2.61,0.0
2024-12-13 19:00:00,-0.0,-1.9,0.0,2.69,0.0
2024-12-13 19:15:00,-0.0,-2.1,0.0,2.78,0.0
2024-12-13 19:30:00,0.1,-2.2,0.0,2.78,0.0
2024-12-13 19:45:00,0.2,-2.2,0.0,2.81,0.0
2024-12-13 20:00:00,0.2,-2.4,0.0,2.75,0.0
2024-12-13 20:15:00,0.1,-2.4,0.0,2.64,0.0
2024-12-13 20:30:00,0.0,-2.4,0.0,2.42,0.0
2024-12-13 20:45:00,-0.1,-2.3,0.0,2.33,0.0
2024-12-13 21:00:00,-0.2,-2.2,0.0,2.22,0.0
2024-12-13 21:15:00,-0.2,-2.3,0.0,2.17,0.0
2024-12-13 21:30:00,-0.2,-2.5,0.0,2.11,0.0
2024-12-13 21:45:00,-0.2,-2.6,0.0,2.14,0.0
2024-12-13 22:00:00,-0.2,-2.6,0.0,2.25,0.0
2024-12-13 22:15:00,-0.2,-2.6,0.0,2.28,0.0
2024-12-13 22:30:00,-0.3,-2.7,0.0,2.36,0.0
2024-12-13 22:45:00,-0.3,-2.7,0.0,2.42,0.0
2024-12-13 23:00:00,-0.3,-2.7,0.0,2.5,0.0
2024-12-13 23:15:00,-0.3,-2.7,0.0,2.67,0.0
2024-12-13 23:30:00,-0.3,-2.7,0.0,2.75,0.0
2024-12-13 23:45:00,-0.3,-2.9,0.0,2.94,0.0
2024-12-14 00:00:00,-0.3,-2.9,0.0,3.03,0.0
2024-12-14 00:15:00,-0.3,-2.9,0.0,3.14,0.0
2024-12-14 00:30:00,-0.3,-2.9,0.0,3.33,0.0
2024-12-14 00:45:00,-0.3,-2.9,0.0,3.42,0.0
2024-12-14 01:00:00,-0.3,-2.9,0.0,3.39,0.0
2024-12-14 01:15:00,-0.4,-2.8,0.0,3.17,0.0
2024-12-14 01:30:00,-0.4,-2.8,0.0,2.81,0.0
2024-12-14 01:45:00,-0.5,-2.7,0.0,2.5,0.0
2024-12-14 02:00:00,-0.6,-2.6,0.0,2.19,0.0
2024-12-14 02:15:00,-0.6,-2.5,0.0,1.89,0.0
2024-12-14 02:30:00,-0.7,-2.6,0.0,1.61,0.0
2024-12-14 02:45:00,-0.7,-2.5,0.0,1.42,0.0
2024-12-14 03:00:00,-0.8,-2.5,0.0,1.19,0.0
2024-12-14 03:15:00,-0.8,-2.5,0.0,1.11,0.0
2024-12-14 03:30:00,-0.8,-2.5,0.0,1.11,0.0
2024-12-14 03:45:00,-0.8,-2.5,0.0,1.19,0.0
2024-12-14 04:00:00,-0.8,-2.5,0.0,1.19,0.0
2024-12-14 04:15:00,-0.8,-2.5,0.0,1.22,0.0
2024-12-14 04:30:00,-0.7,-2.5,0.0,1.22,0.0
2024-12-14 04:45:00,-0.7,-2.4,0.0,1.14,0.0
2024-12-14 05:00:00,-0.7,-2.4,0.0,1.14,0.0
2024-12-14 05:15:00,-0.7,-2.4,0.0,1.14,0.0
2024-12-14 05:30:00,-0.7,-2.4,0.0,1.17,0.0
2024-12-14 05:45:00,-0.7,-2.6,0.0,1.17,0.0
2024-12-14 06:00:00,-0.7,-2.6,0.0,1.17,0.0
2024-12-14 06:15:00,-0.7,-2.6,0.0,1.06,0.0
2024-12-14 06:30:00,-0.8,-2.7,0.0,0.94,0.0
2024-12-14 06:45:00,-0.8,-2.8,0.0,0.83,0.0
2024-12-14 07:00:00,-0.7,-2.8,0.0,0.69,0.0
2024-12-14 07:15:00,-0.6,-2.8,0.0,0.61,0.0
2024-12-14 07:30:00,-0.3,-2.7,0.0,0.64,0.0
2024-12-14 07:45:00,-0.0,-2.6,0.0,0.53,0.0
2024-12-14 08:00:00,0.1,-2.6,0.0,0.53,0.0
2024-12-14 08:15:00,0.2,-2.5,0.0,0.5,0.0
2024-12-14 08:30:00,0.1,-2.4,0.0,0.67,0.0
2024-12-14 08:45:00,0.0,-2.4,0.0,0.78,0.0
2024-12-14 09:00:00,0.0,-2.4,0.0,0.92,0.0
2024-12-14 09:15:00,0.1,-2.3,0.0,0.89,0.0
2024-12-14 09:30:00,0.1,-2.3,0.0,0.81,0.0
2024-12-14 09:45:00,0.2,-2.3,0.0,0.97,0.0
2024-12-14 10:00:00,0.4,-2.4,0.0,1.14,0.0
2024-12-14 10:15:00,0.6,-2.3,0.0,1.28,0.0
2024-12-14 10:30:00,0.8,-2.5,0.0,1.5,0.0
2024-12-14 10:45:00,1.0,-2.6,0.0,1.64,0.0
2024-12-14 11:00:00,1.2,-2.6,0.0,1.69,0.0
2024-12-14 11:15:00,1.3,-2.5,0.0,1.64,0.0
2024-12-14 11:30:00,1.4,-2.4,0.0,1.53,0.0
2024-12-14 11:45:00,1.4,-2.2,0.0,1.5,0.0
2024-12-14 12:00:00,1.5,-2.1,0.0,1.44,0.0
2024-12-14 12:15:00,1.6,-2.2,0.0,1.44,0.0
2024-12-14 12:30:00,1.7,-2.3,0.0,1.36,0.0
2024-12-14 12:45:00,1.8,-2.4,0.0,1.33,0.0
2024-12-14 13:00:00,1.8,-2.3,0.0,1.44,0.0
2024-12-14 13:15:00,1.8,-2.3,0.0,1.64,0.0
2024-12-14 13:30:00,1.7,-2.2,0.0,1.83,0.0
2024-12-14 13:45:00,1.7,-2.1,0.0,2.06,0.0
2024-12-14 14:00:00,1.6,-2.2,0.0,2.19,0.0
2024-12-14 14:15:00,1.6,-2.2,0.0,2.33,0.0
2024-12-14 14:30:00,1.6,-2.2,0.0,2.56,95.4
2024-12-14 14:45:00,1.7,-2.1,0.0,2.78,213.11
2024-12-14 15:00:00,1.6,-2.2,0.0,2.81,117.68
2024-12-14 15:15:00,1.5,-2.3,0.0,2.69,0.0
2024-12-14 15:30:00,1.4,-2.4,0.0,2.53,0.0
2024-12-14 15:45:00,1.2,-2.4,0.0,2.25,0.0
2024-12-14 16:00:00,1.1,-2.5,0.0,2.08,0.0
2024-12-14 16:15:00,1.1,-2.5,0.0,1.97,0.0
2024-12-14 16:30:00,1.0,-2.6,0.0,1.92,0.0
2024-12-14 16:45:00,1.0,-2.4,0.0,1.81,0.0
2024-12-14 17:00:00,0.9,-2.5,0.0,1.86,0.0
2024-12-14 17:15:00,0.9,-2.4,0.0,1.89,0.0
2024-12-14 17:30:00,0.8,-2.2,0.0,2.03,0.0
2024-12-14 17:45:00,0.8,-2.1,0.0,2.14,0.0
2024-12-14 18:00:00,0.8,-2.0,0.0,2.19,0.0
2024-12-14 18:15:00,0.8,-1.8,0.0,2.17,0.0
2024-12-14 18:30:00,0.7,-1.8,0.0,2.19,0.0
2024-12-14 18:45:00,0.8,-1.8,0.0,2.36,0.0
2024-12-14 19:00:00,0.8,-1.8,0.0,2.61,0.0
2024-12-14 19:15:00,0.8,-1.9,0.0,3.11,0.0
2024-12-14 19:30:00,0.9,-2.2,0.0,3.61,0.0
2024-12-14 19:45:00,1.0,-2.4,0.0,4.11,0.0
2024-12-14 20:00:00,1.1,-2.7,0.0,4.5,0.0
2024-12-14 20:15:00,1.1,-2.9,0.0,4.61,0.0
2024-12-14 20:30:00,1.1,-2.9,0.0,4.5,0.0
2024-12-14 20:45:00,1.0,-3.1,0.0,4.44,0.0
2024-12-14 21:00:00,1.0,-3.1,0.0,4.39,0.0
2024-12-14 21:15:00,1.0,-3.1,0.0,4.31,0.0
2024-12-14 21:30:00,1.0,-3.3,0.0,4.19,0.0
2024-12-14 21:45:00,1.1,-3.2,0.0,4.06,0.0
2024-12-14 22:00:00,1.1,-3.2,0.0,3.94,0.0
2024-12-14 22:15:00,1.1,-3.0,0.0,3.94,0.0
2024-12-14 22:30:00,1.1,-2.8,0.0,4.0,0.0
2024-12-14 22:45:00,1.2,-2.4,0.0,4.0,0.0
2024-12-14 23:00:00,1.2,-2.2,0.0,4.11,0.0
2024-12-14 23:15:00,1.3,-2.0,0.0,4.11,0.0
2024-12-14 23:30:00,1.3,-1.6,0.0,4.19,0.0
2024-12-14 23:45:00,1.4,-1.4,0.0,4.19,0.0
2024-12-15 00:00:00,1.4,-1.2,0.0,4.31,0.0
2024-12-15 00:15:00,1.5,-1.1,0.0,4.39,0.0
2024-12-15 00:30:00,1.6,-1.0,0.0,4.5,0.0
2024-12-15 00:45:00,1.7,-0.9,0.0,4.61,0.0
2024-12-15 01:00:00,1.7,-0.9,0.0,4.72,0.0
2024-12-15 01:15:00,1.8,-0.7,0.0,4.83,0.0
2024-12-15 01:30:00,1.8,-0.6,0.0,4.92,0.0
2024-12-15 01:45:00,1.9,-0.4,0.0,5.03,0.0
2024-12-15 02:00:00,1.9,-0.2,0.0,5.11,0.0
2024-12-15 02:15:00,1.9,-0.1,0.1,5.11,0.0
2024-12-15 02:30:00,1.8,0.0,0.1,5.14,0.0
2024-12-15 02:45:00,1.8,0.1,0.1,5.17,0.0
2024-12-15 03:00:00,1.7,0.2,0.0,5.17,0.0
2024-12-15 03:15:00,1.7,0.2,0.0,5.31,0.0
2024-12-15 03:30:00,1.8,0.1,0.0,5.44,0.0
2024-12-15 03:45:00,1.8,0.1,0.0,5.56,0.0
2024-12-15 04:00:00,1.8,0.0,0.0,5.56,0.0
2024-12-15 04:15:00,1.9,0.1,0.0,5.44,0.0
2024-12-15 04:30:00,1.9,0.1,0.0,5.19,0.0
2024-12-15 04:45:00,2.0,0.2,0.0,4.97,0.0
2024-12-15 05:00:00,2.0,0.2,0.0,4.86,0.0
2024-12-15 05:15:00,2.1,0.3,0.0,4.94,0.0
2024-12-15 05:30:00,2.1,0.3,0.0,5.03,0.0
2024-12-15 05:45:00,2.1,0.3,0.0,5.25,0.0
2024-12-15 06:00:00,2.2,0.4,0.0,5.33,0.0
2024-12-15 06:15:00,2.2,0.4,0.0,5.36,0.0
2024-12-15 06:30:00,2.2,0.6,0.0,5.31,0.0
2024-12-15 06:45:00,2.3,0.6,0.0,5.25,0.0
2024-12-15 07:00:00,2.3,0.7,0.0,5.14,0.0
2024-12-15 07:15:00,2.4,0.8,0.0,5.11,0.0
2024-12-15 07:30:00,2.5,0.9,0.0,5.06,0.0
2024-12-15 07:45:00,2.6,0.8,0.0,5.03,0.0
2024-12-15 08:00:00,2.7,0.9,0.0,5.0,0.0
2024-12-15 08:15:00,2.8,0.8,0.0,5.03,0.0
2024-12-15 08:30:00,2.8,0.7,0.0,4.92,0.0
2024-12-15 08:45:00,2.8,0.7,0.0,4.94,0.0
2024-12-15 09:00:00,2.9,0.6,0.0,4.97,0.0
2024-12-15 09:15:00,2.9,0.6,0.0,5.06,0.0
2024-12-15 09:30:00,2.9,0.8,0.0,5.14,0.0
2024-12-15 09:45:00,2.9,0.8,0.0,5.31,0.0
2024-12-15 10:00:00,3.0,0.8,0.0,5.42,0.0
2024-12-15 10:15:00,3.1,0.9,0.0,5.5,0.0
2024-12-15 10:30:00,3.2,0.9,0.0,5.53,0.0
2024-12-15 10:45:00,3.4,0.9,0.0,5.53,0.0
2024-12-15 11:00:00,3.5,0.9,0.0,5.64,0.0
2024-12-15 11:15:00,3.7,0.9,0.0,5.94,3.15
2024-12-15 11:30:00,3.8,1.0,0.0,6.39,71.92
2024-12-15 11:45:00,4.0,1.0,0.0,6.69,230.74
2024-12-15 12:00:00,4.1,1.1,0.0,6.83,114.39
2024-12-15 12:15:00,4.2,1.2,0.0,6.58,0.0
2024-12-15 12:30:00,4.3,1.1,0.0,6.22,0.0
2024-12-15 12:45:00,4.4,1.2,0.0,5.64,0.0
2024-12-15 13:00:00,4.4,1.3,0.0,5.33,0.0
2024-12-15 13:15:00,4.5,1.3,0.0,5.25,0.0
2024-12-15 13:30:00,4.5,1.2,0.0,5.31,0.0
2024-12-15 13:45:00,4.5,1.2,0.0,5.39,0.0
2024-12-15 14:00:00,4.6,1.2,0.0,5.44,741.2
2024-12-15 14:15:00,4.6,1.3,0.0,5.44,0.0
2024-12-15 14:30:00,4.6,1.3,0.0,5.31,0.0
2024-12-15 14:45:00,4.7,1.5,0.0,5.19,0.0
2024-12-15 15:00:00,4.7,1.5,0.0,5.08,0.0
2024-12-15 15:15:00,4.7,1.5,0.0,4.97,0.0
2024-12-15 15:30:00,4.7,1.5,0.0,4.89,0.0
2024-12-15 15:45:00,4.7,1.5,0.0,4.78,0.0
2024-12-15 16:00:00,4.7,1.5,0.0,4.78,0.0
2024-12-15 16:15:00,4.7,1.5,0.0,4.89,0.0
2024-12-15 16:30:00,4.7,1.7,0.0,5.11,0.0
2024-12-15 16:45:00,4.7,1.7,0.0,5.19,0.0
2024-12-15 17:00:00,4.7,1.7,0.0,5.31,0.0
2024-12-15 17:15:00,4.7,1.6,0.0,5.17,0.0
2024-12-15 17:30:00,4.7,1.5,0.0,5.06,0.0
2024-12-15 17:45:00,4.7,1.3,0.0,4.83,0.0
2024-12-15 18:00:00,4.6,1.1,0.0,4.72,0.0
2024-12-15 18:15:00,4.6,1.1,0.0,4.61,0.0
2024-12-15 18:30:00,4.5,1.0,0.0,4.5,0.0
2024-12-15 18:45:00,4.5,1.0,0.0,4.42,0.0
2024-12-15 19:00:00,4.5,1.0,0.0,4.42,0.0
2024-12-15 19:15:00,4.5,1.0,0.0,4.42,0.0
2024-12-15 19:30:00,4.6,1.2,0.0,4.53,0.0
2024-12-15 19:45:00,4.6,1.5,0.0,4.61,0.0
2024-12-15 20:00:00,4.7,1.5,0.0,4.61,0.0
2024-12-15 20:15:00,4.7,1.5,0.0,4.61,0.0
2024-12-15 20:30:00,4.7,1.7,0.0,4.53,0.0
2024-12-15 20:45:00,4.7,1.7,0.0,4.42,0.0
2024-12-15 21:00:00,4.7,1.7,0.1,4.44,0.0
2024-12-15 21:15:00,4.7,1.7,0.1,4.56,0.0
2024-12-15 21:30:00,4.8,1.8,0.1,4.75,0.0
2024-12-15 21:45:00,4.9,2.1,0.1,4.86,0.0
2024-12-15 22:00:00,5.0,2.1,0.0,4.86,0.0
2024-12-15 22:15:00,5.0,2.3,0.0,4.47,0.0
2024-12-15 22:30:00,4.9,2.4,0.0,3.81,0.0
2024-12-15 22:45:00,4.8,2.5,0.0,3.22,0.0
2024-12-15 23:00:00,4.9,2.7,0.0,3.0,0.0
2024-12-15 23:15:00,5.0,2.9,0.1,3.25,0.0
2024-12-15 23:30:00,5.2,2.9,0.0,3.92,0.0
2024-12-15 23:45:00,5.5,3.0,0.0,4.69,0.0
2024-12-16 00:00:00,5.7,3.0,0.0,5.31,0.0
2024-12-16 00:15:00,5.8,3.1,0.0,5.61,0.0
2024-12-16 00:30:00,5.9,3.2,0.0,5.81,0.0
2024-12-16 00:45:00,5.9,3.2,0.0,6.0,0.0
2024-12-16 01:00:00,6.0,3.3,0.0,6.11,0.0
2024-12-16 01:15:00,6.1,3.6,0.0,6.33,0.0
2024-12-16 01:30:00,6.2,3.9,0.0,6.42,0.0
2024-12-16 01:45:00,6.4,4.0,0.0,6.53,0.0
2024-12-16 02:00:00,6.5,4.3,0.0,6.61,0.0
2024-12-16 02:15:00,6.6,4.4,0.0,6.61,0.0
2024-12-16 02:30:00,6.7,4.5,0.0,6.72,0.0
2024-12-16 02:45:00,6.8,4.5,0.0,6.72,0.0
2024-12-16 03:00:00,7.0,4.6,0.0,6.72,0.0
2024-12-16 03:15:00,7.1,4.8,0.0,6.83,0.0
2024-12-16 03:30:00,7.2,4.7,0.0,6.94,0.0
2024-12-16 03:45:00,7.4,4.8,0.0,7.06,0.0
2024-12-16 04:00:00,7.5,4.9,0.0,7.06,0.0
2024-12-16 04:15:00,7.5,5.0,0.0,6.94,0.0
2024-12-16 04:30:00,7.6,5.2,0.0,6.81,0.0
2024-12-16 04:45:00,7.6,5.2,0.1,6.61,0.0
2024-12-16 05:00:00,7.7,5.3,0.0,6.5,0.0
2024-12-16 05:15:00,7.8,5.4,0.0,6.5,0.0
2024-12-16 05:30:00,8.0,5.4,0.0,6.5,0.0
2024-12-16 05:45:00,8.1,5.4,0.0,6.61,0.0
2024-12-16 06:00:00,8.3,5.5,0.0,6.69,0.0
2024-12-16 06:15:00,8.4,5.6,0.0,6.81,0.0
2024-12-16 06:30:00,8.5,5.8,0.0,7.0,0.0
2024-12-16 06:45:00,8.6,5.9,0.0,7.19,0.0
2024-12-16 07:00:00,8.7,6.0,0.0,7.31,0.0
2024-12-16 07:15:00,8.9,6.1,0.0,7.39,0.0
2024-12-16 07:30:00,9.0,6.1,0.0,7.39,0.0
2024-12-16 07:45:00,9.2,6.2,0.0,7.42,0.0
2024-12-16 08:00:00,9.3,6.3,0.0,7.42,0.0
2024-12-16 08:15:00,9.3,6.4,0.0,7.31,0.0
2024-12-16 08:30:00,9.3,6.4,0.0,7.11,0.0
2024-12-16 08:45:00,9.3,6.6,0.0,6.92,0.0
2024-12-16 09:00:00,9.3,6.6,0.0,6.81,0.0
2024-12-16 09:15:00,9.3,6.6,0.0,6.69,0.0
2024-12-16 09:30:00,9.3,6.6,0.0,6.69,0.0
2024-12-16 09:45:00,9.3,6.5,0.0,6.69,0.0
2024-12-16 10:00:00,9.3,6.6,0.0,6.81,0.0
2024-12-16 10:15:00,9.4,6.7,0.0,6.92,0.0
2024-12-16 10:30:00,9.5,6.8,0.0,7.11,0.0
2024-12-16 10:45:00,9.6,6.7,0.0,7.31,0.0
2024-12-16 11:00:00,9.7,6.8,0.0,7.39,0.0
2024-12-16 11:15:00,9.8,6.8,0.0,7.31,0.0
2024-12-16 11:30:00,9.8,6.8,0.0,7.11,0.0
2024-12-16 11:45:00,9.8,6.8,0.0,7.0,0.0
2024-12-16 12:00:00,9.8,6.8,0.0,6.92,0.0
2024-12-16 12:15:00,9.8,6.8,0.0,7.0,0.0
2024-12-16 12:30:00,9.8,6.8,0.0,7.19,0.0
2024-12-16 12:45:00,9.8,6.8,0.0,7.42,0.0
2024-12-16 13:00:00,9.8,6.8,0.0,7.61,0.0
2024-12-16 13:15:00,9.8,6.9,0.0,7.72,0.0
2024-12-16 13:30:00,9.9,6.8,0.0,7.78,0.0
2024-12-16 13:45:00,10.0,6.9,0.0,7.75,0.0
2024-12-16 14:00:00,10.1,6.9,0.0,7.78,0.0
2024-12-16 14:15:00,10.1,7.1,0.0,7.67,0.0
2024-12-16 14:30:00,10.0,7.0,0.0,7.64,0.0
2024-12-16 14:45:00,9.9,7.2,0.0,7.47,0.0
2024-12-16 15:00:00,9.9,7.3,0.0,7.36,0.0
2024-12-16 15:15:00,9.8,7.2,0.0,7.33,0.0
2024-12-16 15:30:00,9.8,7.4,0.0,7.33,0.0
2024-12-16 15:45:00,9.8,7.4,0.0,7.22,0.0
2024-12-16 16:00:00,9.8,7.4,0.0,7.22,0.0
2024-12-16 16:15:00,9.9,7.5,0.0,7.14,0.0
2024-12-16 16:30:00,10.0,7.4,0.0,7.03,0.0
2024-12-16 16:45:00,10.1,7.3,0.0,6.83,0.0
2024-12-16 17:00:00,10.1,7.2,0.0,6.72,0.0
2024-12-16 17:15:00,10.1,7.0,0.0,6.61,0.0
2024-12-16 17:30:00,10.1,6.8,0.0,6.61,0.0
2024-12-16 17:45:00,10.1,6.6,0.0,6.61,0.0
2024-12-16 18:00:00,10.1,6.6,0.0,6.61,0.0
2024-12-16 18:15:00,10.0,6.5,0.0,6.61,0.0
2024-12-16 18:30:00,10.0,6.5,0.0,6.61,0.0
2024-12-16 18:45:00,10.0,6.7,0.0,6.5,0.0
2024-12-16 19:00:00,9.9,6.6,0.0,6.5,0.0
2024-12-16 19:15:00,9.9,6.6,0.0,6.5,0.0
2024-12-16 19:30:00,9.9,6.6,0.0,6.5,0.0
2024-12-16 19:45:00,9.9,6.6,0.0,6.5,0.0
2024-12-16 20:00:00,9.9,6.6,0.0,6.42,0.0
2024-12-16 20:15:00,9.8,6.5,0.0,6.19,0.0
2024-12-16 20:30:00,9.8,6.7,0.0,6.0,0.0
2024-12-16 20:45:00,9.7,6.6,0.0,5.81,0.0
2024-12-16 21:00:00,9.7,6.6,0.0,5.69,0.0
2024-12-16 21:15:00,9.6,6.5,0.0,5.81,0.0
2024-12-16 21:30:00,9.6,6.5,0.0,6.11,0.0
2024-12-16 21:45:00,9.6,6.3,0.0,6.42,0.0
2024-12-16 22:00:00,9.6,6.3,0.0,6.61,0.0
2024-12-16 22:15:00,9.6,6.3,0.0,6.72,0.0
2024-12-16 22:30:00,9.7,6.2,0.0,6.72,0.0
2024-12-16 22:45:00,9.7,6.1,0.0,6.61,0.0
2024-12-16 23:00:00,9.7,6.1,0.0,6.61,0.0
2024-12-16 23:15:00,9.7,6.1,0.0,6.61,0.0
2024-12-16 23:30:00,9.7,6.0,0.0,6.61,0.0
2024-12-16 23:45:00,9.6,6.1,0.0,6.5,0.0
2024-12-17 00:00:00,9.6,6.1,0.0,6.5,0.0
2024-12-17 00:15:00,9.5,6.0,0.0,6.42,0.0
2024-12-17 00:30:00,9.5,6.0,0.0,6.31,0.0
2024-12-17 00:45:00,9.4,6.0,0.0,6.19,0.0
2024-12-17 01:00:00,9.4,6.0,0.0,6.19,0.0
2024-12-17 01:15:00,9.4,6.0,0.0,6.31,0.0
2024-12-17 01:30:00,9.5,6.0,0.0,6.42,0.0
2024-12-17 01:45:00,9.6,5.9,0.0,6.64,0.0
2024-12-17 02:00:00,9.6,5.9,0.0,6.75,0.0
2024-12-17 02:15:00,9.5,5.9,0.0,6.86,0.0
2024-12-17 02:30:00,9.5,5.6,0.0,6.97,0.0
2024-12-17 02:45:00,9.4,5.4,0.0,7.11,0.0
2024-12-17 03:00:00,9.4,5.3,0.0,7.11,0.0
2024-12-17 03:15:00,9.3,5.3,0.0,7.14,0.0
2024-12-17 03:30:00,9.3,5.2,0.0,7.03,0.0
2024-12-17 03:45:00,9.2,5.2,0.0,7.03,0.0
2024-12-17 04:00:00,9.2,5.2,0.0,6.94,0.0
2024-12-17 04:15:00,9.2,5.0,0.0,6.92,0.0
2024-12-17 04:30:00,9.2,4.4,0.0,6.81,0.0
2024-12-17 04:45:00,9.3,4.1,0.0,6.78,0.0
2024-12-17 05:00:00,9.3,3.9,0.0,6.75,0.0
2024-12-17 05:15:00,9.2,3.8,0.0,6.83,0.0
2024-12-17 05:30:00,9.2,4.0,0.0,7.03,0.0
2024-12-17 05:45:00,9.1,4.1,0.0,7.11,0.0
2024-12-17 06:00:00,9.1,4.3,0.0,7.22,0.0
2024-12-17 06:15:00,9.0,4.2,0.0,7.11,0.0
2024-12-17 06:30:00,9.0,4.2,0.0,6.92,0.0
2024-12-17 06:45:00,8.9,3.9,0.0,6.64,0.0
2024-12-17 07:00:00,8.9,3.9,0.0,6.53,0.0
2024-12-17 07:15:00,8.9,3.9,0.0,6.53,0.0
2024-12-17 07:30:00,9.0,4.0,0.0,6.53,0.0
2024-12-17 07:45:00,9.0,4.0,0.0,6.61,0.0
2024-12-17 08:00:00,9.1,4.1,0.0,6.61,0.0
2024-12-17 08:15:00,9.1,4.3,0.0,6.53,0.0
2024-12-17 08:30:00,9.1,4.3,0.0,6.42,0.0
2024-12-17 08:45:00,9.0,4.4,0.0,6.36,0.0
2024-12-17 09:00:00,9.0,4.6,0.0,6.28,0.0
2024-12-17 09:15:00,9.0,4.6,0.0,6.28,0.0
2024-12-17 09:30:00,9.0,4.8,0.0,6.36,0.0
2024-12-17 09:45:00,9.0,4.8,0.0,6.44,0.0
2024-12-17 10:00:00,9.0,4.8,0.0,6.44,0.0
2024-12-17 10:15:00,9.1,4.7,0.0,6.36,0.0
2024-12-17 10:30:00,9.2,4.8,0.0,6.25,0.0
2024-12-17 10:45:00,9.3,4.7,0.0,6.14,0.0
2024-12-17 11:00:00,9.3,4.5,0.0,6.14,0.0
2024-12-17 11:15:00,9.4,4.6,0.0,6.25,0.0
2024-12-17 11:30:00,9.4,4.6,0.0,6.33,0.0
2024-12-17 11:45:00,9.4,4.6,0.0,6.44,0.0
2024-12-17 12:00:00,9.4,4.6,0.0,6.56,0.0
2024-12-17 12:15:00,9.5,4.7,0.0,6.56,0.0
2024-12-17 12:30:00,9.5,4.5,0.0,6.56,0.0
2024-12-17 12:45:00,9.6,4.6,0.0,6.56,0.0
2024-12-17 13:00:00,9.6,4.6,0.0,6.58,0.0
2024-12-17 13:15:00,9.6,4.6,0.0,6.58,284.62
2024-12-17 13:30:00,9.7,4.9,0.0,6.61,0.0
2024-12-17 13:45:00,9.7,5.1,0.0,6.53,199.13
2024-12-17 14:00:00,9.7,5.1,0.0,6.53,0.0
2024-12-17 14:15:00,9.7,5.1,0.0,6.53,353.69
2024-12-17 14:30:00,9.7,5.1,0.0,6.5,883.49
2024-12-17 14:45:00,9.7,4.9,0.0,6.5,657.6
2024-12-17 15:00:00,9.7,4.9,0.0,6.39,199.55
2024-12-17 15:15:00,9.6,4.8,0.0,6.31,0.0
2024-12-17 15:30:00,9.5,4.7,0.0,6.22,0.0
2024-12-17 15:45:00,9.4,4.6,0.0,6.03,0.0
2024-12-17 16:00:00,9.3,4.5,0.0,5.94,127.27
2024-12-17 16:15:00,9.2,4.4,0.0,5.83,0.0
2024-12-17 16:30:00,9.2,4.4,0.0,5.64,0.0
2024-12-17 16:45:00,9.1,4.5,0.0,5.44,0.0
2024-12-17 17:00:00,9.0,4.4,0.0,5.33,0.0
2024-12-17 17:15:00,8.9,4.5,0.0,5.22,0.0
2024-12-17 17:30:00,8.7,4.3,0.0,4.97,0.0
2024-12-17 17:45:00,8.6,4.4,0.0,4.86,0.0
2024-12-17 18:00:00,8.4,4.4,0.0,4.75,0.0
2024-12-17 18:15:00,8.3,4.5,0.0,4.64,0.0
2024-12-17 18:30:00,8.1,4.3,0.0,4.42,0.0
2024-12-17 18:45:00,8.0,4.4,0.0,4.31,0.0
2024-12-17 19:00:00,7.9,4.3,0.0,4.22,0.0
2024-12-17 19:15:00,7.9,4.3,0.0,4.11,0.0
2024-12-17 19:30:00,8.0,4.4,0.0,4.11,0.0
2024-12-17 19:45:00,8.1,4.5,0.0,4.03,0.0
2024-12-17 20:00:00,8.1,4.5,0.0,3.92,0.0
2024-12-17 20:15:00,8.1,4.7,0.0,3.72,0.0
2024-12-17 20:30:00,8.1,4.8,0.0,3.61,0.0
2024-12-17 20:45:00,8.0,4.8,0.0,3.39,0.0
2024-12-17 21:00:00,8.0,4.9,0.0,3.31,0.0
2024-12-17 21:15:00,8.0,4.9,0.0,3.31,0.0
2024-12-17 21:30:00,8.0,4.9,0.0,3.5,0.0
2024-12-17 21:45:00,8.0,4.8,0.0,3.61,0.0
2024-12-17 22:00:00,8.1,4.8,0.0,3.72,0.0
2024-12-17 22:15:00,8.1,4.9,0.0,3.72,0.0
2024-12-17 22:30:00,8.2,4.9,0.0,3.5,0.0
2024-12-17 22:45:00,8.3,5.0,0.0,3.39,0.0
2024-12-17 23:00:00,8.3,5.0,0.0,3.31,0.0
2024-12-17 23:15:00,8.2,5.0,0.0,3.19,0.0
2024-12-17 23:30:00,8.2,5.1,0.0,3.19,0.0
2024-12-17 23:45:00,8.1,5.2,0.0,3.19,0.0
2024-12-18 00:00:00,8.0,5.1,0.0,3.11,0.0
2024-12-18 00:15:00,8.0,5.1,0.0,3.0,0.0
2024-12-18 00:30:00,7.9,5.0,0.0,2.89,0.0
2024-12-18 00:45:00,7.9,5.0,0.0,2.81,0.0
2024-12-18 01:00:00,7.9,5.0,0.0,2.69,0.0
2024-12-18 01:15:00,7.9,5.0,0.0,2.61,0.0
2024-12-18 01:30:00,7.8,5.1,0.0,2.64,0.0
2024-12-18 01:45:00,7.8,5.1,0.0,2.58,0.0
2024-12-18 02:00:00,7.8,5.1,0.0,2.67,0.0
2024-12-18 02:15:00,7.7,5.0,0.0,2.69,0.0
2024-12-18 02:30:00,7.6,4.9,0.0,2.78,0.0
2024-12-18 02:45:00,7.5,4.8,0.0,2.92,0.0
2024-12-18 03:00:00,7.5,4.8,0.0,2.92,0.0
2024-12-18 03:15:00,7.4,4.5,0.0,2.86,0.0
2024-12-18 03:30:00,7.4,4.3,0.0,2.69,0.0
2024-12-18 03:45:00,7.4,4.3,0.0,2.47,0.0
2024-12-18 04:00:00,7.3,4.1,0.0,2.36,0.0
2024-12-18 04:15:00,7.3,4.0,0.0,2.19,0.0
2024-12-18 04:30:00,7.3,4.0,0.0,2.14,0.0
2024-12-18 04:45:00,7.2,4.2,0.0,2.14,0.0
2024-12-18 05:00:00,7.2,4.1,0.0,2.17,0.0
2024-12-18 05:15:00,7.1,4.0,0.0,2.25,0.0
2024-12-18 05:30:00,7.0,3.9,0.0,2.39,0.0
2024-12-18 05:45:00,6.9,3.8,0.0,2.42,0.0
2024-12-18 06:00:00,6.8,3.7,0.0,2.42,0.0
2024-12-18 06:15:00,6.7,3.6,0.0,2.33,0.0
2024-12-18 06:30:00,6.6,3.8,0.0,2.19,0.0
2024-12-18 06:45:00,6.5,3.8,0.0,2.06,0.0
2024-12-18 07:00:00,6.4,3.7,0.0,2.03,0.0
2024-12-18 07:15:00,6.3,3.6,0.0,2.06,0.0
2024-12-18 07:30:00,6.2,3.7,0.0,2.22,0.0
2024-12-18 07:45:00,6.0,3.5,0.0,2.39,0.0
2024-12-18 08:00:00,5.9,3.4,0.0,2.61,0.0
2024-12-18 08:15:00,5.8,3.3,0.0,2.69,0.0
2024-12-18 08:30:00,5.7,3.2,0.0,2.81,0.0
2024-12-18 08:45:00,5.6,3.0,0.0,2.89,0.0
2024-12-18 09:00:00,5.6,2.9,0.0,3.0,0.0
2024-12-18 09:15:00,5.6,2.7,0.0,3.11,0.0
2024-12-18 09:30:00,5.6,2.8,0.0,3.22,0.0
2024-12-18 09:45:00,5.7,2.7,0.0,3.22,0.0
2024-12-18 10:00:00,5.8,2.6,0.0,3.22,0.0
2024-12-18 10:15:00,6.0,2.8,0.0,3.03,9.44
2024-12-18 10:30:00,6.1,2.7,0.0,2.69,37.02
2024-12-18 10:45:00,6.3,2.9,0.0,2.31,0.0
2024-12-18 11:00:00,6.5,3.1,0.0,2.11,512.68
2024-12-18 11:15:00,6.6,3.2,0.0,2.0,116.14
2024-12-18 11:30:00,6.8,3.2,0.0,1.92,12.71
2024-12-18 11:45:00,7.0,3.4,0.0,1.94,0.0
2024-12-18 12:00:00,7.1,3.4,0.0,1.97,0.0
2024-12-18 12:15:00,7.3,3.3,0.0,2.0,0.0
2024-12-18 12:30:00,7.5,3.5,0.0,1.94,375.92
2024-12-18 12:45:00,7.6,3.3,0.0,2.0,900.0
2024-12-18 13:00:00,7.9,3.4,0.0,2.19,900.0
2024-12-18 13:15:00,8.3,3.4,0.0,2.58,455.29
2024-12-18 13:30:00,8.9,3.3,0.0,3.06,182.73
2024-12-18 13:45:00,9.4,3.1,0.0,3.53,0.0
2024-12-18 14:00:00,9.8,3.1,0.0,3.83,0.0
2024-12-18 14:15:00,10.0,3.0,0.0,3.75,0.0
2024-12-18 14:30:00,10.1,3.1,0.0,3.56,849.04
2024-12-18 14:45:00,10.1,3.4,0.0,3.28,730.76
2024-12-18 15:00:00,10.1,3.4,0.0,3.14,807.23
2024-12-18 15:15:00,10.1,3.3,0.0,3.11,0.0
2024-12-18 15:30:00,10.0,3.3,0.0,3.19,0.0
2024-12-18 15:45:00,9.9,3.1,0.0,3.42,0.0
2024-12-18 16:00:00,9.7,3.0,0.0,3.58,0.0
2024-12-18 16:15:00,9.5,3.0,0.0,3.78,0.0
2024-12-18 16:30:00,9.1,2.9,0.0,4.06,0.0
2024-12-18 16:45:00,8.8,2.6,0.0,4.31,0.0
2024-12-18 17:00:00,8.6,2.6,0.0,4.39,0.0
2024-12-18 17:15:00,8.6,2.6,0.0,4.25,0.0
2024-12-18 17:30:00,8.6,2.6,0.0,3.97,0.0
2024-12-18 17:45:00,8.7,2.7,0.0,3.75,0.0
2024-12-18 18:00:00,8.7,2.7,0.0,3.5,0.0
2024-12-18 18:15:00,8.6,2.8,0.0,3.36,0.0
2024-12-18 18:30:00,8.5,3.1,0.0,3.14,0.0
2024-12-18 18:45:00,8.4,3.2,0.0,3.03,0.0
2024-12-18 19:00:00,8.4,3.4,0.0,3.14,0.0
2024-12-18 19:15:00,8.6,3.4,0.0,3.56,0.0
2024-12-18 19:30:00,9.1,3.5,0.0,4.31,0.0
2024-12-18 19:45:00,9.5,3.4,0.0,5.03,0.0
2024-12-18 20:00:00,9.7,3.4,0.0,5.44,0.0
2024-12-18 20:15:00,9.8,3.5,0.0,5.58,0.0
2024-12-18 20:30:00,9.7,3.4,0.0,5.39,0.0
2024-12-18 20:45:00,9.5,3.4,0.0,5.19,0.0
2024-12-18 21:00:00,9.4,3.3,0.0,5.06,0.0
2024-12-18 21:15:00,9.3,3.2,0.0,5.0,0.0
2024-12-18 21:30:00,9.2,3.2,0.0,4.92,0.0
2024-12-18 21:45:00,9.2,2.9,0.0,4.92,0.0
2024-12-18 22:00:00,9.1,2.9,0.0,4.92,0.0
2024-12-18 22:15:00,9.1,2.9,0.0,4.86,0.0
2024-12-18 22:30:00,9.2,2.9,0.0,4.89,0.0
2024-12-18 22:45:00,9.2,3.0,0.0,4.92,0.0
2024-12-18 23:00:00,9.3,3.0,0.0,4.86,0.0
2024-12-18 23:15:00,9.3,2.8,0.0,4.81,0.0
2024-12-18 23:30:00,9.4,2.7,0.0,4.72,0.0
2024-12-18 23:45:00,9.5,2.6,0.0,4.58,0.0
2024-12-19 00:00:00,9.6,2.6,0.0,4.5,0.0
2024-12-19 00:15:00,9.6,2.6,0.0,4.42,0.0
2024-12-19 00:30:00,9.6,2.9,0.0,4.19,0.0
2024-12-19 00:45:00,9.5,3.0,0.0,4.11,0.0
2024-12-19 01:00:00,9.5,3.0,0.0,4.08,0.0
2024-12-19 01:15:00,9.4,2.9,0.0,4.19,0.0
2024-12-19 01:30:00,9.4,2.9,0.0,4.47,0.0
2024-12-19 01:45:00,9.3,2.8,0.0,4.67,0.0
2024-12-19 02:00:00,9.2,2.8,0.0,4.81,0.0
2024-12-19 02:15:00,9.2,2.7,0.0,4.75,0.0
2024-12-19 02:30:00,9.1,2.8,0.0,4.61,0.0
2024-12-19 02:45:00,9.0,2.8,0.0,4.39,0.0
2024-12-19 03:00:00,9.0,2.9,0.0,4.25,0.0
2024-12-19 03:15:00,8.9,2.9,0.0,4.19,0.0
2024-12-19 03:30:00,8.9,3.1,0.0,4.19,0.0
2024-12-19 03:45:00,8.8,3.0,0.0,4.14,0.0
2024-12-19 04:00:00,8.8,3.2,0.0,4.14,0.0
2024-12-19 04:15:00,8.8,3.4,0.0,4.06,0.0
2024-12-19 04:30:00,8.9,3.5,0.0,3.97,0.0
2024-12-19 04:45:00,8.9,3.7,0.0,3.97,0.0
2024-12-19 05:00:00,8.9,3.9,0.0,3.89,0.0
2024-12-19 05:15:00,8.8,4.0,0.0,3.89,0.0
2024-12-19 05:30:00,8.7,4.1,0.0,3.89,0.0
2024-12-19 05:45:00,8.6,4.0,0.0,4.06,0.0
2024-12-19 06:00:00,8.5,4.1,0.0,3.97,0.0
2024-12-19 06:15:00,8.4,4.0,0.0,3.92,0.0
2024-12-19 06:30:00,8.3,4.1,0.0,3.78,0.0
2024-12-19 06:45:00,8.3,4.1,0.0,3.61,0.0
2024-12-19 07:00:00,8.2,4.0,0.0,3.47,0.0
2024-12-19 07:15:00,8.0,4.0,0.0,3.36,0.0
2024-12-19 07:30:00,7.8,3.8,0.0,3.28,0.0
2024-12-19 07:45:00,7.6,3.8,0.0,3.22,0.0
2024-12-19 08:00:00,7.4,3.8,0.0,3.19,0.0
2024-12-19 08:15:00,7.3,3.9,0.0,3.28,0.0
2024-12-19 08:30:00,7.2,3.9,0.0,3.42,0.0
2024-12-19 08:45:00,7.1,4.0,0.0,3.61,0.0
2024-12-19 09:00:00,7.1,4.0,0.0,3.83,0.0
2024-12-19 09:15:00,7.2,3.9,0.0,4.06,0.0
2024-12-19 09:30:00,7.3,3.9,0.0,4.22,0.0
2024-12-19 09:45:00,7.5,3.9,0.0,4.42,0.0
2024-12-19 10:00:00,7.7,3.9,0.0,4.5,0.0
2024-12-19 10:15:00,8.0,4.0,0.0,4.5,0.0
2024-12-19 10:30:00,8.3,4.1,0.0,4.31,0.0
2024-12-19 10:45:00,8.6,4.2,0.0,4.19,0.0
2024-12-19 11:00:00,8.9,4.3,0.0,4.0,0.0
2024-12-19 11:15:00,9.2,4.2,0.0,3.81,153.81
2024-12-19 11:30:00,9.6,4.4,0.0,3.72,900.0
2024-12-19 11:45:00,9.9,4.2,0.0,3.53,900.0
2024-12-19 12:00:00,10.2,4.1,0.0,3.44,900.0
2024-12-19 12:15:00,10.6,4.0,0.0,3.47,715.82
2024-12-19 12:30:00,10.9,3.9,0.0,3.53,900.0
2024-12-19 12:45:00,11.3,4.1,0.0,3.56,900.0
2024-12-19 13:00:00,11.6,4.1,0.0,3.64,900.0
2024-12-19 13:15:00,11.9,4.4,0.0,3.72,900.0
2024-12-19 13:30:00,12.2,4.9,0.0,3.78,900.0
2024-12-19 13:45:00,12.4,5.3,0.0,3.72,900.0
2024-12-19 14:00:00,12.6,5.7,0.0,3.83,285.13
2024-12-19 14:15:00,12.6,5.7,0.0,3.83,0.0
2024-12-19 14:30:00,12.5,5.8,0.0,3.89,0.0
2024-12-19 14:45:00,12.3,5.7,0.0,3.92,0.0
2024-12-19 15:00:00,12.1,5.5,0.0,3.97,0.0
2024-12-19 15:15:00,11.9,5.5,0.0,3.97,0.0
2024-12-19 15:30:00,11.6,5.3,0.0,3.97,0.0
2024-12-19 15:45:00,11.4,5.2,0.0,3.86,0.0
2024-12-19 16:00:00,11.2,5.3,0.0,3.86,0.0
2024-12-19 16:15:00,11.1,5.4,0.1,3.78,0.0
2024-12-19 16:30:00,11.1,5.6,0.1,3.69,0.0
2024-12-19 16:45:00,11.1,5.8,0.2,3.61,0.0
2024-12-19 17:00:00,11.0,6.0,0.4,3.5,0.0
2024-12-19 17:15:00,10.9,6.2,0.2,3.47,0.0
2024-12-19 17:30:00,10.7,6.4,0.0,3.33,0.0
2024-12-19 17:45:00,10.4,6.6,0.0,3.28,0.0
2024-12-19 18:00:00,10.2,6.5,0.0,3.25,0.0
2024-12-19 18:15:00,10.0,6.5,0.0,3.22,0.0
2024-12-19 18:30:00,9.8,6.3,0.0,3.19,0.0
2024-12-19 18:45:00,9.7,6.4,0.0,3.11,0.0
2024-12-19 19:00:00,9.5,6.2,0.0,3.11,0.0
2024-12-19 19:15:00,9.4,6.3,0.0,3.0,0.0
2024-12-19 19:30:00,9.4,6.4,0.0,2.89,0.0
2024-12-19 19:45:00,9.3,6.6,0.0,2.81,0.0
2024-12-19 20:00:00,9.2,6.5,0.0,2.81,0.0
2024-12-19 20:15:00,9.1,6.2,0.0,3.0,0.0
2024-12-19 20:30:00,8.9,5.8,0.0,3.42,0.0
2024-12-19 20:45:00,8.7,5.2,0.0,3.83,0.0
2024-12-19 21:00:00,8.5,4.9,0.0,4.08,0.0
2024-12-19 21:15:00,8.4,4.6,0.0,4.19,0.0
2024-12-19 21:30:00,8.3,4.5,0.0,4.11,0.0
2024-12-19 21:45:00,8.2,4.4,0.0,4.0,0.0
2024-12-19 22:00:00,8.2,4.4,0.0,3.92,0.0
2024-12-19 22:15:00,8.2,4.4,0.0,3.86,0.0
2024-12-19 22:30:00,8.2,4.6,0.0,3.67,0.0
2024-12-19 22:45:00,8.2,4.8,0.0,3.56,0.0
2024-12-19 23:00:00,8.3,4.8,0.0,3.44,0.0
2024-12-19 23:15:00,8.3,4.9,0.0,3.39,0.0
2024-12-19 23:30:00,8.4,5.2,0.0,3.53,0.0
2024-12-19 23:45:00,8.5,5.2,0.0,3.72,0.0
2024-12-20 00:00:00,8.6,5.3,0.0,3.89,0.0
2024-12-20 00:15:00,8.7,5.4,0.4,4.03,0.0
2024-12-20 00:30:00,8.8,5.7,0.2,4.31,0.0
2024-12-20 00:45:00,8.9,5.8,0.0,4.64,0.0
2024-12-20 01:00:00,8.9,5.8,0.0,4.94,0.0
2024-12-20 01:15:00,8.8,5.7,0.0,5.06,0.0
2024-12-20 01:30:00,8.7,5.6,0.0,4.94,0.0
2024-12-20 01:45:00,8.5,5.4,0.0,4.81,0.0
2024-12-20 02:00:00,8.3,5.2,0.0,4.89,0.0
2024-12-20 02:15:00,8.1,4.9,0.0,5.14,0.0
2024-12-20 02:30:00,7.9,4.6,0.0,5.56,0.0
2024-12-20 02:45:00,7.6,4.2,0.0,5.86,0.0
2024-12-20 03:00:00,7.4,3.8,0.0,6.0,0.0
2024-12-20 03:15:00,7.2,3.4,0.0,5.78,0.0
2024-12-20 03:30:00,7.1,3.3,0.0,5.42,0.0
2024-12-20 03:45:00,6.9,3.0,0.0,5.0,0.0
2024-12-20 04:00:00,6.8,2.8,0.0,4.75,0.0
2024-12-20 04:15:00,6.6,2.7,0.0,4.81,0.0
2024-12-20 04:30:00,6.4,2.3,0.0,4.94,0.0
2024-12-20 04:45:00,6.2,2.1,0.0,5.08,0.0
2024-12-20 05:00:00,6.1,2.0,0.0,5.25,0.0
2024-12-20 05:15:00,5.9,1.8,0.0,5.33,0.0
2024-12-20 05:30:00,5.7,1.4,0.0,5.47,0.0
2024-12-20 05:45:00,5.6,1.3,0.0,5.47,0.0
2024-12-20 06:00:00,5.4,1.1,0.0,5.44,0.0
2024-12-20 06:15:00,5.3,1.0,0.0,5.36,0.0
2024-12-20 06:30:00,5.3,1.0,0.0,5.17,0.0
2024-12-20 06:45:00,5.3,1.0,0.0,5.11,0.0
2024-12-20 07:00:00,5.3,1.0,0.0,5.11,0.0
2024-12-20 07:15:00,5.3,1.0,0.0,5.19,0.0
2024-12-20 07:30:00,5.3,1.2,0.0,5.22,0.0
2024-12-20 07:45:00,5.4,1.3,0.0,5.33,0.0
2024-12-20 08:00:00,5.4,1.3,0.0,5.44,0.0
2024-12-20 08:15:00,5.4,1.3,0.0,5.44,0.0
2024-12-20 08:30:00,5.4,1.1,0.0,5.44,0.0
2024-12-20 08:45:00,5.4,0.9,0.0,5.44,0.0
2024-12-20 09:00:00,5.3,0.9,0.0,5.44,0.0
2024-12-20 09:15:00,5.3,0.8,0.0,5.56,0.0
2024-12-20 09:30:00,5.3,0.8,0.0,5.67,0.0
2024-12-20 09:45:00,5.2,1.0,0.0,5.75,0.0
2024-12-20 10:00:00,5.2,1.0,0.0,5.75,0.0
2024-12-20 10:15:00,5.3,1.0,0.0,5.64,0.0
2024-12-20 10:30:00,5.3,1.0,0.0,5.53,437.45
2024-12-20 10:45:00,5.4,0.9,0.0,5.42,413.72
2024-12-20 11:00:00,5.5,1.0,0.0,5.31,0.0
2024-12-20 11:15:00,5.6,1.1,0.0,5.33,583.37
2024-12-20 11:30:00,5.6,1.0,0.0,5.47,281.44
2024-12-20 11:45:00,5.7,1.1,0.0,5.64,900.0
2024-12-20 12:00:00,5.8,1.0,0.0,5.83,363.69
2024-12-20 12:15:00,5.9,0.7,0.0,5.97,900.0
2024-12-20 12:30:00,6.1,0.4,0.0,6.19,692.4
2024-12-20 12:45:00,6.2,0.1,0.0,6.33,900.0
2024-12-20 13:00:00,6.2,-0.1,0.0,6.42,900.0
2024-12-20 13:15:00,6.2,0.1,0.0,6.42,900.0
2024-12-20 13:30:00,6.1,0.2,0.0,6.39,900.0
2024-12-20 13:45:00,6.0,0.5,0.0,6.36,900.0
2024-12-20 14:00:00,6.0,0.7,0.0,6.25,900.0
2024-12-20 14:15:00,5.9,0.7,0.0,6.14,900.0
2024-12-20 14:30:00,5.9,0.6,0.0,6.11,900.0
2024-12-20 14:45:00,5.8,0.6,0.0,6.03,900.0
2024-12-20 15:00:00,5.8,0.5,0.0,5.83,900.0
2024-12-20 15:15:00,5.7,0.5,0.0,5.64,900.0
2024-12-20 15:30:00,5.6,0.4,0.0,5.25,900.0
2024-12-20 15:45:00,5.6,0.3,0.0,4.94,900.0
2024-12-20 16:00:00,5.5,0.2,0.0,4.75,900.0
2024-12-20 16:15:00,5.4,0.1,0.0,4.61,474.77
2024-12-20 16:30:00,5.3,0.0,0.0,4.5,184.65
2024-12-20 16:45:00,5.1,0.1,0.0,4.36,185.59
2024-12-20 17:00:00,5.0,-0.0,0.0,4.33,0.0
2024-12-20 17:15:00,4.9,0.0,0.0,4.31,0.0
2024-12-20 17:30:00,4.7,0.1,0.0,4.39,0.0
2024-12-20 17:45:00,4.6,0.2,0.0,4.36,0.0
2024-12-20 18:00:00,4.5,0.2,0.0,4.36,0.0
2024-12-20 18:15:00,4.4,0.1,0.0,4.25,0.0
2024-12-20 18:30:00,4.3,0.2,0.0,4.28,0.0
2024-12-20 18:45:00,4.2,0.1,0.0,4.19,0.0
2024-12-20 19:00:00,4.1,0.0,0.0,4.11,0.0
2024-12-20 19:15:00,4.0,-0.1,0.0,4.11,0.0
2024-12-20 19:30:00,3.9,-0.1,0.0,4.08,0.0
2024-12-20 19:45:00,3.8,-0.2,0.0,4.06,0.0
2024-12-20 20:00:00,3.7,-0.3,0.0,4.06,0.0
2024-12-20 20:15:00,3.6,-0.4,0.0,4.08,0.0
2024-12-20 20:30:00,3.5,-0.3,0.0,4.11,0.0
2024-12-20 20:45:00,3.4,-0.4,0.0,4.11,0.0
2024-12-20 21:00:00,3.3,-0.3,0.0,4.14,0.0
2024-12-20 21:15:00,3.2,-0.3,0.0,4.17,0.0
2024-12-20 21:30:00,3.2,-0.1,0.0,4.17,0.0
2024-12-20 21:45:00,3.1,-0.2,0.0,4.08,0.0
2024-12-20 22:00:00,3.1,-0.1,0.0,4.08,0.0
2024-12-20 22:15:00,3.1,-0.1,0.0,3.94,0.0
2024-12-20 22:30:00,3.1,0.1,0.0,3.92,0.0
2024-12-20 22:45:00,3.1,0.1,0.0,3.78,0.0
2024-12-20 23:00:00,3.1,0.1,0.0,3.75,0.0
2024-12-20 23:15:00,3.0,0.1,0.0,3.75,0.0
2024-12-20 23:30:00,3.0,0.2,0.0,3.83,0.0
2024-12-20 23:45:00,3.0,0.2,0.0,3.97,0.0
2024-12-21 00:00:00,3.0,0.2,0.0,4.06,0.0
2024-12-21 00:15:00,3.0,0.1,0.0,4.17,0.0
2024-12-21 00:30:00,3.1,0.1,0.0,4.17,0.0
2024-12-21 00:45:00,3.1,-0.0,0.0,4.25,0.0
2024-12-21 01:00:00,3.2,-0.1,0.0,4.25,0.0
2024-12-21 01:15:00,3.3,0.0,0.0,4.25,0.0
2024-12-21 01:30:00,3.4,0.1,0.0,4.14,0.0
2024-12-21 01:45:00,3.5,0.2,0.0,4.14,0.0
2024-12-21 02:00:00,3.6,0.3,0.0,4.03,0.0
2024-12-21 02:15:00,3.7,0.4,0.0,3.94,0.0
2024-12-21 02:30:00,3.7,0.4,0.0,3.94,0.0
2024-12-21 02:45:00,3.6,0.5,0.0,3.83,0.0
2024-12-21 03:00:00,3.6,0.5,0.0,3.72,0.0
2024-12-21 03:15:00,3.6,0.5,0.0,3.72,0.0
2024-12-21 03:30:00,3.6,0.7,0.0,3.61,0.0
2024-12-21 03:45:00,3.6,0.6,0.0,3.61,0.0
2024-12-21 04:00:00,3.5,0.5,0.0,3.5,0.0
2024-12-21 04:15:00,3.3,0.4,0.0,3.39,0.0
2024-12-21 04:30:00,3.1,0.2,0.0,3.19,0.0
2024-12-21 04:45:00,2.9,-0.2,0.0,3.0,0.0
2024-12-21 05:00:00,2.7,-0.4,0.0,2.81,0.0
2024-12-21 05:15:00,2.5,-0.8,0.0,2.69,0.0
2024-12-21 05:30:00,2.4,-1.1,0.0,2.61,0.0
2024-12-21 05:45:00,2.3,-1.4,0.0,2.61,0.0
2024-12-21 06:00:00,2.1,-1.5,0.0,2.5,0.0
2024-12-21 06:15:00,2.0,-1.6,0.0,2.44,0.0
2024-12-21 06:30:00,1.9,-1.6,0.0,2.28,0.0
2024-12-21 06:45:00,1.8,-1.7,0.0,2.25,0.0
2024-12-21 07:00:00,1.6,-1.6,0.0,2.14,0.0
2024-12-21 07:15:00,1.5,-1.6,0.0,2.03,0.0
2024-12-21 07:30:00,1.3,-1.6,0.0,2.06,0.0
2024-12-21 07:45:00,1.1,-1.8,0.0,1.97,0.0
2024-12-21 08:00:00,1.0,-1.7,0.0,1.97,0.0
2024-12-21 08:15:00,0.9,-1.8,0.0,2.0,0.0
2024-12-21 08:30:00,0.9,-1.7,0.0,2.08,0.0
2024-12-21 08:45:00,0.9,-1.7,0.0,2.17,0.0
2024-12-21 09:00:00,0.9,-1.7,0.0,2.25,0.0
2024-12-21 09:15:00,0.9,-1.7,0.0,2.33,0.0
2024-12-21 09:30:00,0.9,-1.9,0.0,2.36,0.0
2024-12-21 09:45:00,0.9,-1.8,0.0,2.33,0.0
2024-12-21 10:00:00,1.0,-1.9,0.0,2.42,356.4
2024-12-21 10:15:00,1.2,-1.9,0.0,2.5,137.02
2024-12-21 10:30:00,1.4,-1.8,0.0,2.47,0.0
2024-12-21 10:45:00,1.6,-2.0,0.0,2.47,0.0
2024-12-21 11:00:00,1.9,-1.9,0.0,2.56,0.0
2024-12-21 11:15:00,2.1,-1.9,0.0,2.67,900.0
2024-12-21 11:30:00,2.3,-2.0,0.0,2.89,900.0
2024-12-21 11:45:00,2.5,-2.0,0.0,2.97,274.84
2024-12-21 12:00:00,2.8,-2.0,0.0,3.11,274.26
2024-12-21 12:15:00,3.0,-1.9,0.0,3.11,0.0
2024-12-21 12:30:00,3.3,-1.9,0.0,3.06,0.0
2024-12-21 12:45:00,3.5,-1.8,0.0,3.06,0.0
2024-12-21 13:00:00,3.8,-1.8,0.0,3.0,84.61
2024-12-21 13:15:00,4.0,-1.8,0.0,2.94,0.0
2024-12-21 13:30:00,4.3,-1.7,0.0,3.06,0.0
2024-12-21 13:45:00,4.5,-1.7,0.0,3.08,0.0
2024-12-21 14:00:00,4.7,-1.5,0.0,3.14,39.13
2024-12-21 14:15:00,4.9,-1.4,0.0,3.14,383.29
2024-12-21 14:30:00,4.9,-1.3,0.0,3.14,0.0
2024-12-21 14:45:00,5.0,-1.0,0.0,3.22,0.0
2024-12-21 15:00:00,5.0,-1.0,0.0,3.22,314.74
2024-12-21 15:15:00,5.0,-1.0,0.0,3.28,0.0
2024-12-21 15:30:00,5.0,-1.1,0.0,3.42,0.0
2024-12-21 15:45:00,4.9,-1.0,0.0,3.47,0.0
2024-12-21 16:00:00,4.8,-1.0,0.0,3.53,0.0
2024-12-21 16:15:00,4.8,-0.8,0.0,3.47,0.0
2024-12-21 16:30:00,4.8,-0.8,0.0,3.42,0.0
2024-12-21 16:45:00,4.7,-0.7,0.0,3.28,0.0
2024-12-21 17:00:00,4.7,-0.5,0.0,3.22,0.0
2024-12-21 17:15:00,4.6,-0.4,0.0,3.22,0.0
2024-12-21 17:30:00,4.4,-0.4,0.0,3.36,0.0
2024-12-21 17:45:00,4.3,-0.5,0.0,3.42,0.0
2024-12-21 18:00:00,4.2,-0.4,0.0,3.47,0.0
2024-12-21 18:15:00,4.2,-0.4,0.0,3.56,0.0
2024-12-21 18:30:00,4.1,-0.3,0.0,3.61,0.0
2024-12-21 18:45:00,4.1,-0.3,0.0,3.61,0.0
2024-12-21 19:00:00,4.1,-0.3,0.0,3.61,0.0
2024-12-21 19:15:00,4.2,-0.2,0.0,3.53,0.0
2024-12-21 19:30:00,4.3,0.0,0.0,3.53,0.0
2024-12-21 19:45:00,4.4,0.1,0.0,3.39,0.0
2024-12-21 20:00:00,4.4,0.2,0.0,3.39,0.0
2024-12-21 20:15:00,4.5,0.2,0.0,3.33,0.0
2024-12-21 20:30:00,4.5,0.2,0.0,3.33,0.0
2024-12-21 20:45:00,4.5,0.3,0.0,3.42,0.0
2024-12-21 21:00:00,4.5,0.3,0.0,3.42,0.0
2024-12-21 21:15:00,4.5,0.3,0.0,3.42,0.0
2024-12-21 21:30:00,4.5,0.3,0.0,3.33,0.0
2024-12-21 21:45:00,4.5,0.3,0.0,3.42,0.0
2024-12-21 22:00:00,4.5,0.3,0.0,3.42,0.0
2024-12-21 22:15:00,4.6,0.3,0.0,3.47,0.0
2024-12-21 22:30:00,4.6,0.2,0.0,3.61,0.0
2024-12-21 22:45:00,4.7,0.1,0.0,3.69,0.0
2024-12-21 23:00:00,4.7,0.1,0.0,3.78,0.0
2024-12-21 23:15:00,4.7,0.0,0.0,3.72,0.0
2024-12-21 23:30:00,4.6,0.1,0.0,3.67,0.0
2024-12-21 23:45:00,4.5,0.2,0.0,3.47,0.0
2024-12-22 00:00:00,4.4,0.3,0.0,3.36,0.0
2024-12-22 00:15:00,4.3,0.4,0.0,3.28,0.0
2024-12-22 00:30:00,4.2,0.5,0.0,3.22,0.0
2024-12-22 00:45:00,4.1,0.4,0.0,3.17,0.0
2024-12-22 01:00:00,4.0,0.5,0.0,3.11,0.0
2024-12-22 01:15:00,3.9,0.6,0.0,3.08,0.0
2024-12-22 01:30:00,3.8,0.7,0.0,3.08,0.0
2024-12-22 01:45:00,3.7,0.8,0.0,2.97,0.0
2024-12-22 02:00:00,3.7,0.8,0.0,2.97,0.0
2024-12-22 02:15:00,3.8,0.8,0.0,2.97,0.0
2024-12-22 02:30:00,3.8,0.7,0.0,2.94,0.0
2024-12-22 02:45:00,3.9,0.6,0.0,2.83,0.0
2024-12-22 03:00:00,4.0,0.7,0.0,2.83,0.0
2024-12-22 03:15:00,4.1,0.8,0.0,2.83,0.0
2024-12-22 03:30:00,4.2,0.9,0.0,2.78,0.0
2024-12-22 03:45:00,4.3,1.0,0.0,2.78,0.0
2024-12-22 04:00:00,4.4,1.1,0.0,2.78,0.0
2024-12-22 04:15:00,4.6,1.2,0.0,2.89,0.0
2024-12-22 04:30:00,4.7,1.2,0.0,2.97,0.0
2024-12-22 04:45:00,4.9,1.2,0.0,3.06,0.0
2024-12-22 05:00:00,5.0,1.3,0.0,3.17,0.0
2024-12-22 05:15:00,5.1,1.4,0.0,3.17,0.0
2024-12-22 05:30:00,5.1,1.4,0.0,3.19,0.0
2024-12-22 05:45:00,5.2,1.5,0.0,3.25,0.0
2024-12-22 06:00:00,5.2,1.3,0.0,3.33,0.0
2024-12-22 06:15:00,5.3,1.2,0.0,3.58,0.0
2024-12-22 06:30:00,5.5,1.0,0.1,4.08,0.0
2024-12-22 06:45:00,5.6,1.0,0.1,4.47,0.0
2024-12-22 07:00:00,5.7,0.8,0.0,4.67,0.0
2024-12-22 07:15:00,5.7,1.0,0.2,4.56,0.0
2024-12-22 07:30:00,5.6,1.3,0.1,4.33,0.0
2024-12-22 07:45:00,5.5,1.6,0.1,4.08,0.0
2024-12-22 08:00:00,5.4,1.7,0.0,3.89,0.0
2024-12-22 08:15:00,5.4,1.7,0.0,3.78,0.0
2024-12-22 08:30:00,5.4,1.5,0.0,3.64,0.0
2024-12-22 08:45:00,5.4,1.3,0.0,3.58,0.0
2024-12-22 09:00:00,5.4,1.3,0.0,3.47,0.0
2024-12-22 09:15:00,5.4,1.3,0.0,3.5,0.0
2024-12-22 09:30:00,5.5,1.4,0.0,3.56,0.0
2024-12-22 09:45:00,5.5,1.6,0.0,3.61,0.0
2024-12-22 10:00:00,5.5,1.6,0.0,3.61,0.0
2024-12-22 10:15:00,5.6,1.7,0.0,3.58,0.0
2024-12-22 10:30:00,5.7,1.8,0.0,3.5,0.0
2024-12-22 10:45:00,5.8,1.7,0.0,3.47,0.0
2024-12-22 11:00:00,5.9,1.8,0.0,3.44,0.0
2024-12-22 11:15:00,6.0,1.9,0.0,3.58,0.0
2024-12-22 11:30:00,6.0,1.9,0.0,3.69,0.0
2024-12-22 11:45:00,6.1,2.0,0.0,3.94,0.0
2024-12-22 12:00:00,6.1,2.0,0.0,4.0,0.0
2024-12-22 12:15:00,6.2,2.1,0.0,3.89,0.0
2024-12-22 12:30:00,6.3,2.2,0.0,3.81,0.0
2024-12-22 12:45:00,6.3,2.2,0.0,3.67,0.0
2024-12-22 13:00:00,6.4,2.3,0.0,3.44,0.0
2024-12-22 13:15:00,6.6,2.4,0.0,3.33,0.0
2024-12-22 13:30:00,6.7,2.6,0.0,3.06,0.0
2024-12-22 13:45:00,6.9,2.9,0.0,2.83,0.0
2024-12-22 14:00:00,7.0,3.0,0.0,2.72,0.0
2024-12-22 14:15:00,7.0,3.1,0.0,2.61,0.0
2024-12-22 14:30:00,7.0,3.0,0.1,2.56,0.0
2024-12-22 14:45:00,6.9,3.2,0.1,2.5,0.0
2024-12-22 15:00:00,6.8,3.1,0.1,2.5,0.0
2024-12-22 15:15:00,6.6,3.0,0.3,2.56,0.0
2024-12-22 15:30:00,6.4,3.0,0.2,2.58,0.0
2024-12-22 15:45:00,6.1,2.9,0.1,2.75,0.0
2024-12-22 16:00:00,5.9,2.9,0.0,2.83,0.0
2024-12-22 16:15:00,5.8,2.9,0.0,2.92,0.0
2024-12-22 16:30:00,5.8,2.9,0.0,3.03,0.0
2024-12-22 16:45:00,5.8,3.1,0.0,3.06,0.0
2024-12-22 17:00:00,5.7,3.0,0.0,3.08,0.0
2024-12-22 17:15:00,5.6,3.1,0.0,2.97,0.0
2024-12-22 17:30:00,5.3,2.8,0.0,2.86,0.0
2024-12-22 17:45:00,5.1,2.8,0.0,2.75,0.0
2024-12-22 18:00:00,4.9,2.6,0.0,2.56,0.0
2024-12-22 18:15:00,4.8,2.5,0.0,2.39,0.0
2024-12-22 18:30:00,4.6,2.1,0.0,2.17,0.0
2024-12-22 18:45:00,4.5,2.0,0.0,1.97,0.0
2024-12-22 19:00:00,4.5,2.0,0.0,1.92,0.0
2024-12-22 19:15:00,4.5,2.2,0.0,1.92,0.0
2024-12-22 19:30:00,4.6,2.4,0.3,1.83,0.0
2024-12-22 19:45:00,4.7,2.8,0.3,1.83,0.0
2024-12-22 20:00:00,4.7,3.1,0.1,1.78,0.0
2024-12-22 20:15:00,4.7,3.1,0.0,1.64,0.0
2024-12-22 20:30:00,4.7,3.0,0.0,1.61,0.0
2024-12-22 20:45:00,4.6,3.0,0.0,1.56,0.0
2024-12-22 21:00:00,4.6,2.9,0.0,1.53,0.0
2024-12-22 21:15:00,4.6,2.9,0.0,1.47,0.0
2024-12-22 21:30:00,4.6,2.9,0.0,1.56,0.0
2024-12-22 21:45:00,4.6,3.1,0.1,1.56,0.0
2024-12-22 22:00:00,4.6,3.1,0.0,1.64,0.0
2024-12-22 22:15:00,4.5,3.0,0.0,1.56,0.0
2024-12-22 22:30:00,4.5,3.1,0.0,1.47,0.0
2024-12-22 22:45:00,4.4,3.1,0.0,1.64,0.0
2024-12-22 23:00:00,4.4,3.0,0.0,1.89,0.0
2024-12-22 23:15:00,4.3,2.8,0.0,2.19,0.0
2024-12-22 23:30:00,4.2,2.7,0.0,2.5,0.0
2024-12-22 23:45:00,4.2,2.5,0.1,2.92,0.0
2024-12-23 00:00:00,4.1,2.3,0.1,3.11,0.0
2024-12-23 00:15:00,4.0,2.2,0.3,3.22,0.0
2024-12-23 00:30:00,3.9,2.1,0.4,3.33,0.0
2024-12-23 00:45:00,3.8,2.0,0.2,3.44,0.0
2024-12-23 01:00:00,3.7,1.9,0.2,3.36,0.0
2024-12-23 01:15:00,3.6,1.8,0.2,3.17,0.0
2024-12-23 01:30:00,3.6,2.0,0.2,2.86,0.0
2024-12-23 01:45:00,3.6,1.9,0.1,2.56,0.0
2024-12-23 02:00:00,3.6,1.9,0.0,2.33,0.0
2024-12-23 02:15:00,3.5,1.9,0.0,2.33,0.0
2024-12-23 02:30:00,3.5,1.9,0.0,2.31,0.0
2024-12-23 02:45:00,3.5,1.7,0.0,2.39,0.0
2024-12-23 03:00:00,3.4,1.6,0.0,2.39,0.0
2024-12-23 03:15:00,3.4,1.6,0.0,2.42,0.0
2024-12-23 03:30:00,3.4,1.4,0.0,2.5,0.0
2024-12-23 03:45:00,3.4,1.4,0.0,2.61,0.0
2024-12-23 04:00:00,3.3,1.4,0.0,2.69,0.0
2024-12-23 04:15:00,3.3,1.3,0.0,2.72,0.0
2024-12-23 04:30:00,3.2,1.4,0.0,2.81,0.0
2024-12-23 04:45:00,3.2,1.4,0.0,2.83,0.0
2024-12-23 05:00:00,3.1,1.3,0.0,2.92,0.0
2024-12-23 05:15:00,3.1,1.3,0.0,2.81,0.0
2024-12-23 05:30:00,3.0,1.2,0.0,2.69,0.0
2024-12-23 05:45:00,3.0,1.0,0.0,2.5,0.0
2024-12-23 06:00:00,2.9,1.0,0.0,2.39,0.0
2024-12-23 06:15:00,2.8,0.9,0.0,2.31,0.0
2024-12-23 06:30:00,2.7,0.9,0.0,2.19,0.0
2024-12-23 06:45:00,2.6,0.8,0.0,2.22,0.0
2024-12-23 07:00:00,2.5,0.7,0.0,2.11,0.0
2024-12-23 07:15:00,2.5,0.7,0.0,2.03,0.0
2024-12-23 07:30:00,2.5,0.7,0.0,1.92,0.0
2024-12-23 07:45:00,2.6,0.6,0.0,1.83,0.0
2024-12-23 08:00:00,2.6,0.6,0.0,1.83,0.0
2024-12-23 08:15:00,2.5,0.6,0.0,1.83,0.0
2024-12-23 08:30:00,2.4,0.6,0.0,1.92,0.0
2024-12-23 08:45:00,2.4,0.6,0.0,2.0,0.0
2024-12-23 09:00:00,2.3,0.5,0.0,2.0,0.0
2024-12-23 09:15:00,2.3,0.5,0.0,1.92,0.0
2024-12-23 09:30:00,2.3,0.5,0.0,1.86,0.0
2024-12-23 09:45:00,2.4,0.6,0.0,1.83,0.0
2024-12-23 10:00:00,2.5,0.5,0.0,1.83,0.0
2024-12-23 10:15:00,2.6,0.5,0.0,1.89,0.0
2024-12-23 10:30:00,2.8,0.5,0.0,2.03,0.0
2024-12-23 10:45:00,3.0,0.4,0.0,2.31,0.0
2024-12-23 11:00:00,3.1,0.3,0.0,2.5,0.0
2024-12-23 11:15:00,3.3,0.3,0.0,2.72,0.0
2024-12-23 11:30:00,3.4,0.5,0.0,3.0,719.4
2024-12-23 11:45:00,3.6,0.4,0.0,3.28,844.61
2024-12-23 12:00:00,3.7,0.5,0.0,3.44,0.0
2024-12-23 12:15:00,3.7,0.6,0.0,3.44,0.0
2024-12-23 12:30:00,3.7,0.8,0.0,3.28,0.0
2024-12-23 12:45:00,3.7,0.8,0.0,3.22,0.0
2024-12-23 13:00:00,3.7,0.8,0.0,3.08,0.0
2024-12-23 13:15:00,3.8,0.8,0.0,3.06,0.0
2024-12-23 13:30:00,3.8,0.7,0.0,3.03,0.0
2024-12-23 13:45:00,3.9,0.6,0.0,3.03,0.0
2024-12-23 14:00:00,3.9,0.4,0.0,3.03,37.11
2024-12-23 14:15:00,4.0,0.3,0.0,3.03,900.0
2024-12-23 14:30:00,4.1,0.0,0.0,3.03,900.0
2024-12-23 14:45:00,4.2,-0.1,0.0,3.06,679.05
2024-12-23 15:00:00,4.2,-0.2,0.0,2.97,667.29
2024-12-23 15:15:00,4.1,-0.3,0.0,2.83,900.0
2024-12-23 15:30:00,4.1,-0.3,0.0,2.61,527.92
2024-12-23 15:45:00,4.0,-0.3,0.0,2.39,900.0
2024-12-23 16:00:00,3.8,-0.2,0.0,2.19,900.0
2024-12-23 16:15:00,3.6,-0.2,0.0,2.0,762.54
2024-12-23 16:30:00,3.4,-0.2,0.0,1.92,517.45
2024-12-23 16:45:00,3.2,-0.1,0.0,1.83,136.92
2024-12-23 17:00:00,2.9,-0.2,0.0,1.72,0.0
2024-12-23 17:15:00,2.7,-0.2,0.0,1.72,0.0
2024-12-23 17:30:00,2.5,-0.3,0.0,1.81,0.0
2024-12-23 17:45:00,2.3,-0.3,0.0,1.92,0.0
2024-12-23 18:00:00,2.2,-0.4,0.0,1.92,0.0
2024-12-23 18:15:00,2.0,-0.6,0.0,1.83,0.0
2024-12-23 18:30:00,1.9,-0.8,0.0,1.67,0.0
2024-12-23 18:45:00,1.8,-1.1,0.0,1.61,0.0
2024-12-23 19:00:00,1.7,-1.2,0.0,1.53,0.0
2024-12-23 19:15:00,1.6,-1.3,0.0,1.42,0.0
2024-12-23 19:30:00,1.5,-1.2,0.0,1.42,0.0
2024-12-23 19:45:00,1.4,-1.2,0.0,1.42,0.0
2024-12-23 20:00:00,1.4,-1.0,0.0,1.44,0.0
2024-12-23 20:15:00,1.4,-1.0,0.0,1.5,0.0
2024-12-23 20:30:00,1.5,-0.8,0.0,1.69,0.0
2024-12-23 20:45:00,1.5,-0.7,0.0,1.78,0.0
2024-12-23 21:00:00,1.6,-0.7,0.0,1.83,0.0
2024-12-23 21:15:00,1.6,-0.7,0.0,1.78,0.0
2024-12-23 21:30:00,1.5,-0.7,0.0,1.64,0.0
2024-12-23 21:45:00,1.5,-0.9,0.0,1.53,0.0
2024-12-23 22:00:00,1.5,-0.9,0.0,1.44,0.0
2024-12-23 22:15:00,1.6,-0.9,0.0,1.39,0.0
2024-12-23 22:30:00,1.8,-0.7,0.0,1.5,0.0
2024-12-23 22:45:00,1.9,-0.5,0.0,1.53,0.0
2024-12-23 23:00:00,2.1,-0.4,0.0,1.53,0.0
2024-12-23 23:15:00,2.2,-0.3,0.0,1.53,0.0
2024-12-23 23:30:00,2.2,-0.4,0.0,1.56,0.0
2024-12-23 23:45:00,2.2,-0.5,0.0,1.47,0.0
2024-12-24 00:00:00,2.3,-0.5,0.0,1.53,0.0
2024-12-24 00:15:00,2.3,-0.4,0.0,1.5,0.0
2024-12-24 00:30:00,2.4,-0.4,0.0,1.5,0.0
2024-12-24 00:45:00,2.4,-0.2,0.0,1.5,0.0
2024-12-24 01:00:00,2.5,-0.1,0.0,1.56,0.0
2024-12-24 01:15:00,2.5,0.1,0.1,1.64,0.0
2024-12-24 01:30:00,2.6,0.1,0.1,1.78,0.0
2024-12-24 01:45:00,2.6,0.3,0.1,1.83,0.0
2024-12-24 02:00:00,2.7,0.6,0.1,1.92,0.0
2024-12-24 02:15:00,2.7,0.7,0.1,1.86,0.0
2024-12-24 02:30:00,2.7,0.9,0.0,1.81,0.0
2024-12-24 02:45:00,2.7,1.0,0.1,1.75,0.0
2024-12-24 03:00:00,2.7,1.2,0.1,1.67,0.0
2024-12-24 03:15:00,2.7,1.4,0.0,1.67,0.0
2024-12-24 03:30:00,2.8,1.5,0.0,1.64,0.0
2024-12-24 03:45:00,2.9,1.7,0.0,1.72,0.0
2024-12-24 04:00:00,2.9,1.7,0.0,1.81,0.0
2024-12-24 04:15:00,2.9,1.7,0.0,1.89,0.0
2024-12-24 04:30:00,2.9,1.9,0.0,1.92,0.0
2024-12-24 04:45:00,2.9,1.9,0.0,2.03,0.0
2024-12-24 05:00:00,2.9,1.9,0.0,2.03,0.0
2024-12-24 05:15:00,3.0,1.9,0.0,2.03,0.0
2024-12-24 05:30:00,3.0,2.0,0.0,2.11,0.0
2024-12-24 05:45:00,3.1,2.0,0.0,2.11,0.0
2024-12-24 06:00:00,3.1,2.1,0.0,2.11,0.0
2024-12-24 06:15:00,3.2,2.1,0.0,2.14,0.0
2024-12-24 06:30:00,3.2,2.2,0.0,2.17,0.0
2024-12-24 06:45:00,3.2,2.0,0.0,2.19,0.0
2024-12-24 07:00:00,3.3,2.1,0.0,2.22,0.0
2024-12-24 07:15:00,3.3,2.1,0.0,2.22,0.0
2024-12-24 07:30:00,3.3,2.1,0.0,2.22,0.0
2024-12-24 07:45:00,3.3,2.1,0.0,2.31,0.0
2024-12-24 08:00:00,3.3,2.1,0.0,2.31,0.0
2024-12-24 08:15:00,3.3,2.1,0.0,2.31,0.0
2024-12-24 08:30:00,3.4,2.2,0.0,2.33,0.0
2024-12-24 08:45:00,3.4,2.0,0.0,2.44,0.0
2024-12-24 09:00:00,3.4,2.0,0.0,2.47,0.0
2024-12-24 09:15:00,3.4,2.0,0.0,2.5,0.0
2024-12-24 09:30:00,3.4,1.9,0.0,2.64,0.0
2024-12-24 09:45:00,3.4,1.9,0.0,2.72,0.0
2024-12-24 10:00:00,3.4,1.9,0.0,2.72,0.0
2024-12-24 10:15:00,3.5,2.0,0.0,2.69,0.0
2024-12-24 10:30:00,3.5,2.0,0.0,2.58,0.0
2024-12-24 10:45:00,3.6,2.1,0.0,2.56,0.0
2024-12-24 11:00:00,3.6,2.1,0.0,2.56,0.0
2024-12-24 11:15:00,3.7,2.0,0.0,2.72,0.0
2024-12-24 11:30:00,3.8,2.0,0.0,3.06,0.0
2024-12-24 11:45:00,3.8,1.8,0.0,3.31,0.0
2024-12-24 12:00:00,3.9,1.7,0.0,3.56,0.0
2024-12-24 12:15:00,3.9,1.7,0.0,3.56,0.0
2024-12-24 12:30:00,3.9,1.6,0.0,3.33,0.0
2024-12-24 12:45:00,3.9,1.6,0.0,3.14,0.0
2024-12-24 13:00:00,3.9,1.6,0.0,3.0,0.0
2024-12-24 13:15:00,3.9,1.6,0.0,2.92,0.0
2024-12-24 13:30:00,3.9,1.6,0.0,2.97,0.0
2024-12-24 13:45:00,3.9,1.6,0.0,2.89,0.0
2024-12-24 14:00:00,3.9,1.6,0.0,2.94,0.0
2024-12-24 14:15:00,3.9,1.6,0.0,2.94,0.0
2024-12-24 14:30:00,3.9,1.6,0.0,2.92,0.0
2024-12-24 14:45:00,3.8,1.7,0.0,2.92,0.0
2024-12-24 15:00:00,3.8,1.7,0.0,2.83,0.0
2024-12-24 15:15:00,3.8,1.7,0.0,2.69,0.0
2024-12-24 15:30:00,3.8,1.8,0.0,2.56,0.0
2024-12-24 15:45:00,3.8,2.0,0.0,2.42,0.0
2024-12-24 16:00:00,3.8,2.0,0.0,2.36,0.0
2024-12-24 16:15:00,3.8,2.0,0.0,2.25,0.0
2024-12-24 16:30:00,3.7,1.9,0.0,2.22,0.0
2024-12-24 16:45:00,3.7,1.9,0.0,2.28,0.0
2024-12-24 17:00:00,3.6,1.8,0.0,2.31,0.0
2024-12-24 17:15:00,3.6,1.9,0.0,2.28,0.0
2024-12-24 17:30:00,3.6,1.9,0.0,2.17,0.0
2024-12-24 17:45:00,3.5,2.0,0.0,2.03,0.0
2024-12-24 18:00:00,3.5,2.2,0.0,2.03,0.0
2024-12-24 18:15:00,3.5,2.1,0.0,2.03,0.0
2024-12-24 18:30:00,3.5,2.3,0.0,2.03,0.0
2024-12-24 18:45:00,3.4,2.2,0.0,2.03,0.0
2024-12-24 19:00:00,3.4,2.2,0.0,2.03,0.0
2024-12-24 19:15:00,3.4,2.2,0.0,2.06,0.0
2024-12-24 19:30:00,3.4,2.2,0.0,2.08,0.0
2024-12-24 19:45:00,3.4,2.2,0.0,2.08,0.0
2024-12-24 20:00:00,3.4,2.2,0.0,2.11,0.0
2024-12-24 20:15:00,3.4,2.2,0.0,2.11,0.0
2024-12-24 20:30:00,3.4,2.3,0.0,2.22,0.0
2024-12-24 20:45:00,3.3,2.3,0.0,2.31,0.0
2024-12-24 21:00:00,3.3,2.2,0.0,2.31,0.0
2024-12-24 21:15:00,3.3,2.2,0.0,2.33,0.0
2024-12-24 21:30:00,3.2,2.2,0.0,2.25,0.0
2024-12-24 21:45:00,3.2,2.2,0.0,2.19,0.0
2024-12-24 22:00:00,3.2,2.2,0.0,2.14,0.0
2024-12-24 22:15:00,3.2,2.2,0.0,2.14,0.0
2024-12-24 22:30:00,3.2,2.2,0.0,2.19,0.0
2024-12-24 22:45:00,3.2,2.3,0.0,2.28,0.0
2024-12-24 23:00:00,3.2,2.3,0.0,2.28,0.0
2024-12-24 23:15:00,3.2,2.3,0.0,2.28,0.0
2024-12-24 23:30:00,3.1,2.4,0.0,2.19,0.0
2024-12-24 23:45:00,3.0,2.3,0.0,2.06,0.0
2024-12-25 00:00:00,3.0,2.2,0.0,2.06,0.0
2024-12-25 00:15:00,2.9,2.2,0.0,2.06,0.0
2024-12-25 00:30:00,2.8,2.2,0.0,2.06,0.0
2024-12-25 00:45:00,2.8,2.2,0.0,2.11,0.0
2024-12-25 01:00:00,2.7,2.1,0.0,2.11,0.0
2024-12-25 01:15:00,2.7,2.1,0.0,2.03,0.0
2024-12-25 01:30:00,2.8,2.3,0.0,2.03,0.0
2024-12-25 01:45:00,2.8,2.4,0.0,1.94,0.0
2024-12-25 02:00:00,2.8,2.4,0.0,1.86,0.0
2024-12-25 02:15:00,2.8,2.4,0.0,1.86,0.0
2024-12-25 02:30:00,2.8,2.2,0.0,1.92,0.0
2024-12-25 02:45:00,2.8,2.1,0.0,1.92,0.0
2024-12-25 03:00:00,2.8,2.0,0.0,1.92,0.0
2024-12-25 03:15:00,2.7,2.0,0.0,1.83,0.0
2024-12-25 03:30:00,2.6,1.9,0.0,1.83,0.0
2024-12-25 03:45:00,2.5,1.9,0.0,1.78,0.0
2024-12-25 04:00:00,2.5,1.9,0.0,1.64,0.0
2024-12-25 04:15:00,2.5,1.9,0.0,1.56,0.0
2024-12-25 04:30:00,2.5,1.9,0.0,1.33,0.0
2024-12-25 04:45:00,2.5,1.9,0.0,1.22,0.0
2024-12-25 05:00:00,2.6,2.0,0.0,1.17,0.0
2024-12-25 05:15:00,2.6,2.0,0.0,1.11,0.0
2024-12-25 05:30:00,2.6,2.0,0.0,1.17,0.0
2024-12-25 05:45:00,2.6,2.0,0.0,1.28,0.0
2024-12-25 06:00:00,2.6,2.0,0.0,1.25,0.0
2024-12-25 06:15:00,2.6,2.0,0.0,1.25,0.0
2024-12-25 06:30:00,2.6,2.0,0.0,1.11,0.0
2024-12-25 06:45:00,2.6,1.8,0.0,1.11,0.0
2024-12-25 07:00:00,2.6,1.8,0.0,1.0,0.0
2024-12-25 07:15:00,2.6,1.8,0.0,0.89,0.0
2024-12-25 07:30:00,2.6,1.7,0.0,0.83,0.0
2024-12-25 07:45:00,2.6,1.7,0.0,0.75,0.0
2024-12-25 08:00:00,2.6,1.7,0.0,0.72,0.0
2024-12-25 08:15:00,2.5,1.6,0.0,0.78,0.0
2024-12-25 08:30:00,2.5,1.6,0.0,0.78,0.0
2024-12-25 08:45:00,2.5,1.6,0.0,0.78,0.0
2024-12-25 09:00:00,2.4,1.5,0.0,0.78,0.0
2024-12-25 09:15:00,2.4,1.5,0.0,0.81,0.0
2024-12-25 09:30:00,2.3,1.4,0.0,0.86,0.0
2024-12-25 09:45:00,2.3,1.4,0.0,0.83,0.0
2024-12-25 10:00:00,2.3,1.2,0.0,0.92,0.0
2024-12-25 10:15:00,2.4,1.2,0.0,1.0,0.0
2024-12-25 10:30:00,2.6,1.2,0.0,1.0,0.0
2024-12-25 10:45:00,2.8,1.1,0.0,1.11,206.75
2024-12-25 11:00:00,3.0,1.2,0.0,1.11,648.64
2024-12-25 11:15:00,3.2,1.2,0.0,1.11,900.0
2024-12-25 11:30:00,3.3,1.2,0.0,1.14,900.0
2024-12-25 11:45:00,3.5,1.1,0.0,1.14,900.0
2024-12-25 12:00:00,3.7,1.0,0.0,1.14,900.0
2024-12-25 12:15:00,3.8,1.0,0.0,1.14,900.0
2024-12-25 12:30:00,4.0,1.0,0.0,1.25,900.0
2024-12-25 12:45:00,4.2,0.8,0.0,1.22,900.0
2024-12-25 13:00:00,4.3,0.8,0.0,1.31,900.0
2024-12-25 13:15:00,4.4,0.5,0.0,1.42,900.0
2024-12-25 13:30:00,4.5,0.3,0.0,1.5,900.0
2024-12-25 13:45:00,4.6,-0.0,0.0,1.61,900.0
2024-12-25 14:00:00,4.7,-0.1,0.0,1.61,900.0
2024-12-25 14:15:00,4.7,-0.1,0.0,1.64,900.0
2024-12-25 14:30:00,4.7,-0.1,0.0,1.64,892.07
2024-12-25 14:45:00,4.6,-0.2,0.0,1.58,900.0
2024-12-25 15:00:00,4.6,-0.1,0.0,1.61,852.03
2024-12-25 15:15:00,4.5,0.1,0.0,1.53,784.38
2024-12-25 15:30:00,4.5,0.0,0.0,1.53,664.0
2024-12-25 15:45:00,4.4,0.2,0.0,1.39,576.99
2024-12-25 16:00:00,4.3,0.2,0.0,1.28,312.72
2024-12-25 16:15:00,4.0,0.3,0.0,1.22,79.85
2024-12-25 16:30:00,3.7,0.2,0.0,1.11,0.0
2024-12-25 16:45:00,3.4,0.3,0.0,1.11,95.25
2024-12-25 17:00:00,3.1,0.3,0.0,1.17,0.0
2024-12-25 17:15:00,2.8,0.2,0.0,1.19,0.0
2024-12-25 17:30:00,2.6,0.3,0.0,1.17,0.0
2024-12-25 17:45:00,2.3,0.2,0.0,1.14,0.0
2024-12-25 18:00:00,2.1,0.1,0.0,1.19,0.0
2024-12-25 18:15:00,1.9,0.1,0.0,1.28,0.0
2024-12-25 18:30:00,1.7,0.0,0.0,1.28,0.0
2024-12-25 18:45:00,1.5,-0.2,0.0,1.28,0.0
2024-12-25 19:00:00,1.3,-0.2,0.0,1.28,0.0
2024-12-25 19:15:00,1.1,-0.2,0.0,1.28,0.0
2024-12-25 19:30:00,0.8,-0.3,0.0,1.28,0.0
2024-12-25 19:45:00,0.6,-0.4,0.0,1.19,0.0
2024-12-25 20:00:00,0.5,-0.5,0.0,1.28,0.0
2024-12-25 20:15:00,0.4,-0.6,0.0,1.36,0.0
2024-12-25 20:30:00,0.3,-0.9,0.0,1.53,0.0
2024-12-25 20:45:00,0.2,-1.1,0.0,1.56,0.0
2024-12-25 21:00:00,0.2,-1.1,0.0,1.67,0.0
2024-12-25 21:15:00,0.1,-1.2,0.0,1.67,0.0
2024-12-25 21:30:00,0.1,-1.2,0.0,1.72,0.0
2024-12-25 21:45:00,0.0,-1.3,0.0,1.61,0.0
2024-12-25 22:00:00,-0.0,-1.3,0.0,1.58,0.0
2024-12-25 22:15:00,-0.1,-1.4,0.0,1.44,0.0
2024-12-25 22:30:00,-0.1,-1.4,0.0,1.44,0.0
2024-12-25 22:45:00,-0.2,-1.6,0.0,1.31,0.0
2024-12-25 23:00:00,-0.2,-1.7,0.0,1.19,0.0
2024-12-25 23:15:00,-0.3,-1.7,0.0,1.11,0.0
2024-12-25 23:30:00,-0.3,-1.8,0.0,1.06,0.0
2024-12-25 23:45:00,-0.4,-1.8,0.0,1.11,0.0
2024-12-26 00:00:00,-0.4,-1.9,0.0,1.08,0.0
2024-12-26 00:15:00,-0.5,-1.9,0.0,1.14,0.0
2024-12-26 00:30:00,-0.5,-2.0,0.0,1.06,0.0
2024-12-26 00:45:00,-0.6,-1.9,0.0,1.14,0.0
2024-12-26 01:00:00,-0.7,-2.0,0.0,1.14,0.0
2024-12-26 01:15:00,-0.8,-2.0,0.0,1.06,0.0
2024-12-26 01:30:00,-1.0,-2.2,0.0,1.06,0.0
2024-12-26 01:45:00,-1.2,-2.2,0.0,1.0,0.0
2024-12-26 02:00:00,-1.4,-2.2,0.0,1.0,0.0
2024-12-26 02:15:00,-1.5,-2.2,0.0,1.08,0.0
2024-12-26 02:30:00,-1.6,-2.1,0.0,1.22,0.0
2024-12-26 02:45:00,-1.7,-2.2,0.0,1.28,0.0
2024-12-26 03:00:00,-1.8,-2.3,0.0,1.36,0.0
2024-12-26 03:15:00,-2.0,-2.3,0.0,1.36,0.0
2024-12-26 03:30:00,-2.3,-2.4,0.0,1.36,0.0
2024-12-26 03:45:00,-2.5,-2.7,0.0,1.36,0.0
2024-12-26 04:00:00,-2.7,-2.7,0.0,1.36,0.0
2024-12-26 04:15:00,-2.9,-2.9,0.0,1.36,0.0
2024-12-26 04:30:00,-3.0,-3.0,0.0,1.31,0.0
2024-12-26 04:45:00,-3.1,-3.1,0.0,1.17,0.0
2024-12-26 05:00:00,-3.2,-3.2,0.0,1.17,0.0
2024-12-26 05:15:00,-3.2,-3.2,0.0,1.17,0.0
2024-12-26 05:30:00,-3.2,-3.2,0.0,1.14,0.0
2024-12-26 05:45:00,-3.1,-3.1,0.0,1.14,0.0
2024-12-26 06:00:00,-3.1,-3.1,0.0,1.19,0.0
2024-12-26 06:15:00,-3.2,-3.2,0.0,1.19,0.0
2024-12-26 06:30:00,-3.2,-3.2,0.0,1.19,0.0
2024-12-26 06:45:00,-3.3,-3.3,0.0,1.28,0.0
2024-12-26 07:00:00,-3.3,-3.3,0.0,1.28,0.0
2024-12-26 07:15:00,-3.3,-3.3,0.0,1.33,0.0
2024-12-26 07:30:00,-3.2,-3.2,0.0,1.42,0.0
2024-12-26 07:45:00,-3.2,-3.2,0.0,1.5,0.0
2024-12-26 08:00:00,-3.1,-3.1,0.0,1.56,0.0
2024-12-26 08:15:00,-3.1,-3.1,0.0,1.56,0.0
2024-12-26 08:30:00,-3.1,-3.1,0.0,1.69,0.0
2024-12-26 08:45:00,-3.1,-3.1,0.0,1.69,0.0
2024-12-26 09:00:00,-3.1,-3.1,0.0,1.69,0.0
2024-12-26 09:15:00,-3.1,-3.1,0.0,1.69,0.0
2024-12-26 09:30:00,-3.1,-3.1,0.0,1.78,0.0
2024-12-26 09:45:00,-3.1,-3.1,0.0,1.78,0.0
2024-12-26 10:00:00,-3.0,-3.0,0.0,1.78,0.0
2024-12-26 10:15:00,-2.9,-2.9,0.0,1.78,0.0
2024-12-26 10:30:00,-2.7,-2.8,0.0,1.78,0.0
2024-12-26 10:45:00,-2.4,-2.6,0.0,1.78,0.0
2024-12-26 11:00:00,-2.2,-2.5,0.0,1.78,0.0
2024-12-26 11:15:00,-2.1,-2.5,0.0,1.78,0.0
2024-12-26 11:30:00,-1.9,-2.5,0.0,1.78,118.03
2024-12-26 11:45:00,-1.7,-2.4,0.0,1.64,401.71
2024-12-26 12:00:00,-1.6,-2.4,0.0,1.64,605.43
2024-12-26 12:15:00,-1.4,-2.4,0.0,1.64,774.29
2024-12-26 12:30:00,-1.3,-2.3,0.0,1.56,900.0
2024-12-26 12:45:00,-1.1,-2.2,0.0,1.5,900.0
2024-12-26 13:00:00,-0.8,-2.1,0.0,1.5,900.0
2024-12-26 13:15:00,-0.2,-2.0,0.0,1.5,900.0
2024-12-26 13:30:00,0.4,-2.0,0.0,1.44,900.0
2024-12-26 13:45:00,1.1,-1.8,0.0,1.44,900.0
2024-12-26 14:00:00,1.6,-1.8,0.0,1.44,900.0
2024-12-26 14:15:00,1.9,-1.7,0.0,1.5,900.0
2024-12-26 14:30:00,2.0,-1.5,0.0,1.5,900.0
2024-12-26 14:45:00,2.0,-1.4,0.0,1.56,900.0
2024-12-26 15:00:00,2.0,-1.2,0.0,1.64,900.0
2024-12-26 15:15:00,2.0,-1.2,0.0,1.69,900.0
2024-12-26 15:30:00,2.0,-1.1,0.0,1.69,900.0
2024-12-26 15:45:00,1.9,-1.2,0.0,1.64,900.0
2024-12-26 16:00:00,1.8,-1.2,0.0,1.56,526.67
2024-12-26 16:15:00,1.7,-1.1,0.0,1.36,172.22
2024-12-26 16:30:00,1.6,-0.9,0.0,1.17,0.0
2024-12-26 16:45:00,1.4,-0.8,0.0,0.94,0.0
2024-12-26 17:00:00,1.3,-0.8,0.0,0.83,0.0
2024-12-26 17:15:00,1.1,-0.9,0.0,0.86,0.0
2024-12-26 17:30:00,0.9,-1.1,0.0,0.89,0.0
2024-12-26 17:45:00,0.7,-1.1,0.0,1.0,0.0
2024-12-26 18:00:00,0.5,-1.2,0.0,1.06,0.0
2024-12-26 18:15:00,0.4,-1.3,0.0,1.0,0.0
2024-12-26 18:30:00,0.3,-1.4,0.0,0.94,0.0
2024-12-26 18:45:00,0.3,-1.5,0.0,0.89,0.0
2024-12-26 19:00:00,0.2,-1.4,0.0,0.86,0.0
2024-12-26 19:15:00,0.0,-1.4,0.0,0.81,0.0
2024-12-26 19:30:00,-0.2,-1.2,0.0,0.86,0.0
2024-12-26 19:45:00,-0.4,-1.1,0.0,0.94,0.0
2024-12-26 20:00:00,-0.5,-1.1,0.0,1.03,0.0
2024-12-26 20:15:00,-0.6,-1.1,0.0,1.08,0.0
2024-12-26 20:30:00,-0.7,-1.1,0.0,1.0,0.0
2024-12-26 20:45:00,-0.8,-1.2,0.0,1.0,0.0
2024-12-26 21:00:00,-0.8,-1.3,0.0,1.03,0.0
2024-12-26 21:15:00,-0.9,-1.4,0.0,0.97,0.0
2024-12-26 21:30:00,-1.0,-1.4,0.0,0.97,0.0
2024-12-26 21:45:00,-1.1,-1.4,0.0,0.97,0.0
2024-12-26 22:00:00,-1.2,-1.5,0.0,0.89,0.0
2024-12-26 22:15:00,-1.3,-1.6,0.0,0.81,0.0
2024-12-26 22:30:00,-1.5,-1.6,0.0,0.86,0.0
2024-12-26 22:45:00,-1.6,-1.6,0.0,0.78,0.0
2024-12-26 23:00:00,-1.8,-1.8,0.0,0.69,0.0
2024-12-26 23:15:00,-1.9,-1.9,0.0,0.69,0.0
2024-12-26 23:30:00,-2.0,-2.0,0.0,0.56,0.0
2024-12-26 23:45:00,-2.0,-2.0,0.0,0.5,0.0
2024-12-27 00:00:00,-2.1,-2.1,0.0,0.5,0.0
2024-12-27 00:15:00,-2.2,-2.2,0.0,0.56,0.0
2024-12-27 00:30:00,-2.3,-2.3,0.0,0.72,0.0
2024-12-27 00:45:00,-2.4,-2.4,0.0,0.81,0.0
2024-12-27 01:00:00,-2.5,-2.5,0.0,0.89,0.0
2024-12-27 01:15:00,-2.6,-2.6,0.0,0.89,0.0
2024-12-27 01:30:00,-2.8,-2.8,0.0,0.86,0.0
2024-12-27 01:45:00,-3.0,-3.0,0.0,0.86,0.0
2024-12-27 02:00:00,-3.1,-3.1,0.0,0.78,0.0
2024-12-27 02:15:00,-3.1,-3.1,0.0,0.78,0.0
2024-12-27 02:30:00,-3.2,-3.2,0.0,0.72,0.0
2024-12-27 02:45:00,-3.2,-3.2,0.0,0.64,0.0
2024-12-27 03:00:00,-3.2,-3.2,0.0,0.69,0.0
2024-12-27 03:15:00,-3.2,-3.2,0.0,0.86,0.0
2024-12-27 03:30:00,-3.2,-3.2,0.0,1.17,0.0
2024-12-27 03:45:00,-3.2,-3.2,0.0,1.47,0.0
2024-12-27 04:00:00,-3.3,-3.3,0.0,1.56,0.0
2024-12-27 04:15:00,-3.3,-3.3,0.0,1.44,0.0
2024-12-27 04:30:00,-3.3,-3.3,0.0,1.17,0.0
2024-12-27 04:45:00,-3.4,-3.4,0.0,0.83,0.0
2024-12-27 05:00:00,-3.4,-3.4,0.0,0.61,0.0
2024-12-27 05:15:00,-3.5,-3.5,0.0,0.61,0.0
2024-12-27 05:30:00,-3.6,-3.6,0.0,0.64,0.0
2024-12-27 05:45:00,-3.7,-3.7,0.0,0.75,0.0
2024-12-27 06:00:00,-3.7,-3.7,0.0,0.81,0.0
2024-12-27 06:15:00,-3.8,-3.8,0.0,0.64,0.0
2024-12-27 06:30:00,-3.8,-3.8,0.0,0.42,0.0
2024-12-27 06:45:00,-3.9,-3.9,0.0,0.22,0.0
2024-12-27 07:00:00,-3.9,-3.9,0.0,0.19,0.0
2024-12-27 07:15:00,-3.9,-3.9,0.0,0.31,0.0
2024-12-27 07:30:00,-3.8,-4.0,0.0,0.56,0.0
2024-12-27 07:45:00,-3.8,-3.9,0.0,0.92,0.0
2024-12-27 08:00:00,-3.7,-4.0,0.0,1.06,0.0
2024-12-27 08:15:00,-3.7,-4.1,0.0,1.0,0.0
2024-12-27 08:30:00,-3.6,-4.0,0.0,0.86,0.0
2024-12-27 08:45:00,-3.5,-4.1,0.0,0.64,0.0
2024-12-27 09:00:00,-3.4,-4.1,0.0,0.61,0.0
2024-12-27 09:15:00,-3.3,-4.1,0.0,0.61,0.0
2024-12-27 09:30:00,-3.1,-4.1,0.0,0.69,0.0
2024-12-27 09:45:00,-3.0,-4.1,0.0,0.72,0.0
2024-12-27 10:00:00,-2.7,-4.0,0.0,0.86,78.91
2024-12-27 10:15:00,-2.4,-4.0,0.0,0.97,688.94
2024-12-27 10:30:00,-2.1,-4.0,0.0,1.25,900.0
2024-12-27 10:45:00,-1.7,-3.9,0.0,1.47,900.0
2024-12-27 11:00:00,-1.3,-3.9,0.0,1.61,900.0
2024-12-27 11:15:00,-1.0,-3.8,0.0,1.61,900.0
2024-12-27 11:30:00,-0.7,-3.9,0.0,1.53,900.0
2024-12-27 11:45:00,-0.4,-3.9,0.0,1.44,900.0
2024-12-27 12:00:00,-0.1,-3.8,0.0,1.36,900.0
2024-12-27 12:15:00,0.2,-3.7,0.0,1.42,900.0
2024-12-27 12:30:00,0.4,-3.7,0.0,1.5,900.0
2024-12-27 12:45:00,0.6,-3.5,0.0,1.56,900.0
2024-12-27 13:00:00,0.8,-3.5,0.0,1.64,900.0
2024-12-27 13:15:00,1.1,-3.4,0.0,1.64,900.0
2024-12-27 13:30:00,1.5,-3.2,0.0,1.64,900.0
2024-12-27 13:45:00,1.8,-3.1,0.0,1.58,900.0
2024-12-27 14:00:00,2.0,-2.9,0.0,1.58,900.0
2024-12-27 14:15:00,2.2,-2.7,0.0,1.64,900.0
2024-12-27 14:30:00,2.3,-2.6,0.0,1.64,900.0
2024-12-27 14:45:00,2.3,-2.6,0.0,1.69,900.0
2024-12-27 15:00:00,2.3,-2.4,0.0,1.64,900.0
2024-12-27 15:15:00,2.3,-2.2,0.0,1.5,900.0
2024-12-27 15:30:00,2.2,-2.1,0.0,1.28,900.0
2024-12-27 15:45:00,2.2,-2.0,0.0,1.06,788.71
2024-12-27 16:00:00,2.0,-2.0,0.0,0.92,289.36
2024-12-27 16:15:00,1.8,-2.0,0.0,0.92,0.0
2024-12-27 16:30:00,1.6,-1.8,0.0,1.0,0.0
2024-12-27 16:45:00,1.4,-1.9,0.0,1.06,0.0
2024-12-27 17:00:00,1.2,-1.9,0.0,1.14,0.0
2024-12-27 17:15:00,1.0,-1.9,0.0,1.22,0.0
2024-12-27 17:30:00,0.8,-2.1,0.0,1.17,0.0
2024-12-27 17:45:00,0.7,-2.1,0.0,1.19,0.0
2024-12-27 18:00:00,0.5,-2.2,0.0,1.19,0.0
2024-12-27 18:15:00,0.4,-2.3,0.0,1.19,0.0
2024-12-27 18:30:00,0.3,-2.2,0.0,1.25,0.0
2024-12-27 18:45:00,0.3,-2.3,0.0,1.25,0.0
2024-12-27 19:00:00,0.2,-2.4,0.0,1.25,0.0
2024-12-27 19:15:00,0.0,-2.5,0.0,1.33,0.0
2024-12-27 19:30:00,-0.1,-2.5,0.0,1.39,0.0
2024-12-27 19:45:00,-0.3,-2.7,0.0,1.44,0.0
2024-12-27 20:00:00,-0.4,-2.8,0.0,1.56,0.0
2024-12-27 20:15:00,-0.5,-2.9,0.0,1.56,0.0
2024-12-27 20:30:00,-0.6,-3.0,0.0,1.56,0.0
2024-12-27 20:45:00,-0.6,-3.2,0.0,1.44,0.0
2024-12-27 21:00:00,-0.7,-3.2,0.0,1.5,0.0
2024-12-27 21:15:00,-0.7,-3.2,0.0,1.53,0.0
2024-12-27 21:30:00,-0.7,-3.2,0.0,1.53,0.0
2024-12-27 21:45:00,-0.6,-3.2,0.0,1.5,0.0
2024-12-27 22:00:00,-0.6,-3.2,0.0,1.56,0.0
2024-12-27 22:15:00,-0.7,-3.1,0.0,1.56,0.0
2024-12-27 22:30:00,-0.7,-2.9,0.0,1.5,0.0
2024-12-27 22:45:00,-0.7,-2.8,0.0,1.53,0.0
2024-12-27 23:00:00,-0.8,-2.7,0.0,1.47,0.0
2024-12-27 23:15:00,-0.8,-2.5,0.0,1.47,0.0
2024-12-27 23:30:00,-0.8,-2.5,0.0,1.47,0.0
2024-12-27 23:45:00,-0.8,-2.4,0.0,1.47,0.0
2024-12-28 00:00:00,-0.8,-2.4,0.0,1.53,0.0
2024-12-28 00:15:00,-0.8,-2.4,0.0,1.58,0.0
2024-12-28 00:30:00,-0.7,-2.3,0.0,1.64,0.0
2024-12-28 00:45:00,-0.7,-2.3,0.0,1.69,0.0
2024-12-28 01:00:00,-0.7,-2.3,0.0,1.69,0.0
2024-12-28 01:15:00,-0.8,-2.4,0.0,1.64,0.0
2024-12-28 01:30:00,-0.9,-2.3,0.0,1.5,0.0
2024-12-28 01:45:00,-1.0,-2.3,0.0,1.28,0.0
2024-12-28 02:00:00,-1.1,-2.4,0.0,1.22,0.0
2024-12-28 02:15:00,-1.1,-2.4,0.0,1.17,0.0
2024-12-28 02:30:00,-1.1,-2.4,0.0,1.08,0.0
2024-12-28 02:45:00,-1.1,-2.6,0.0,0.94,0.0
2024-12-28 03:00:00,-1.1,-2.5,0.0,0.94,0.0
2024-12-28 03:15:00,-1.0,-2.4,0.0,0.89,0.0
2024-12-28 03:30:00,-0.8,-2.3,0.0,1.0,0.0
2024-12-28 03:45:00,-0.7,-2.3,0.0,1.06,0.0
2024-12-28 04:00:00,-0.7,-2.3,0.0,1.08,0.0
2024-12-28 04:15:00,-0.8,-2.6,0.0,1.08,0.0
2024-12-28 04:30:00,-1.1,-3.0,0.0,0.94,0.0
2024-12-28 04:45:00,-1.3,-3.4,0.0,0.94,0.0
2024-12-28 05:00:00,-1.5,-3.7,0.0,0.86,0.0
2024-12-28 05:15:00,-1.5,-3.7,0.0,0.86,0.0
2024-12-28 05:30:00,-1.5,-3.9,0.0,0.78,0.0
2024-12-28 05:45:00,-1.5,-3.9,0.0,0.78,0.0
2024-12-28 06:00:00,-1.5,-3.8,0.0,0.78,0.0
2024-12-28 06:15:00,-1.4,-4.0,0.0,0.78,0.0
2024-12-28 06:30:00,-1.3,-3.9,0.0,0.72,0.0
2024-12-28 06:45:00,-1.3,-4.0,0.0,0.81,0.0
2024-12-28 07:00:00,-1.3,-4.0,0.0,0.81,0.0
2024-12-28 07:15:00,-1.4,-4.1,0.0,0.81,0.0
2024-12-28 07:30:00,-1.5,-4.0,0.0,0.86,0.0
2024-12-28 07:45:00,-1.6,-4.0,0.0,0.86,0.0
2024-12-28 08:00:00,-1.7,-3.9,0.0,0.92,0.0
2024-12-28 08:15:00,-1.8,-3.8,0.0,0.92,0.0
2024-12-28 08:30:00,-1.8,-3.7,0.0,0.86,0.0
2024-12-28 08:45:00,-1.8,-3.5,0.0,0.89,0.0
2024-12-28 09:00:00,-1.8,-3.4,0.0,0.86,0.0
2024-12-28 09:15:00,-1.8,-3.3,0.0,0.92,0.0
2024-12-28 09:30:00,-1.8,-3.1,0.0,0.92,0.0
2024-12-28 09:45:00,-1.9,-3.2,0.0,1.03,0.0
2024-12-28 10:00:00,-1.8,-2.9,0.0,1.03,0.0
2024-12-28 10:15:00,-1.6,-2.6,0.0,0.94,149.61
2024-12-28 10:30:00,-1.3,-2.2,0.0,0.94,2.53
2024-12-28 10:45:00,-1.0,-1.7,0.0,0.92,644.64
2024-12-28 11:00:00,-0.7,-1.4,0.0,0.94,843.3
2024-12-28 11:15:00,-0.4,-1.1,0.0,0.94,900.0
2024-12-28 11:30:00,-0.1,-0.8,0.0,0.78,900.0
2024-12-28 11:45:00,0.2,-0.6,0.0,0.78,900.0
2024-12-28 12:00:00,0.5,-0.3,0.0,0.72,900.0
2024-12-28 12:15:00,0.8,-0.2,0.0,0.72,900.0
2024-12-28 12:30:00,1.1,0.1,0.0,0.78,900.0
2024-12-28 12:45:00,1.4,0.2,0.0,0.78,900.0
2024-12-28 13:00:00,1.7,0.3,0.0,0.86,900.0
2024-12-28 13:15:00,2.0,0.5,0.0,0.94,900.0
2024-12-28 13:30:00,2.4,0.9,0.0,1.03,900.0
2024-12-28 13:45:00,2.8,1.1,0.0,1.17,900.0
2024-12-28 14:00:00,3.0,1.4,0.0,1.25,900.0
2024-12-28 14:15:00,3.2,1.5,0.0,1.25,900.0
2024-12-28 14:30:00,3.2,1.6,0.0,1.31,900.0
2024-12-28 14:45:00,3.2,1.5,0.0,1.36,900.0
2024-12-28 15:00:00,3.1,1.6,0.0,1.36,592.73
2024-12-28 15:15:00,3.0,1.7,0.0,1.28,753.89
2024-12-28 15:30:00,2.8,1.8,0.0,1.28,729.48
2024-12-28 15:45:00,2.6,1.8,0.0,1.19,481.55
2024-12-28 16:00:00,2.4,1.8,0.0,1.14,277.02
2024-12-28 16:15:00,2.1,1.5,0.0,1.06,0.0
2024-12-28 16:30:00,1.9,1.1,0.0,1.06,0.0
2024-12-28 16:45:00,1.6,0.7,0.0,1.0,0.0
2024-12-28 17:00:00,1.4,0.4,0.0,0.94,0.0
2024-12-28 17:15:00,1.3,0.3,0.0,0.94,0.0
2024-12-28 17:30:00,1.1,0.3,0.0,0.94,0.0
2024-12-28 17:45:00,1.0,0.1,0.0,0.94,0.0
2024-12-28 18:00:00,0.8,0.1,0.0,0.94,0.0
2024-12-28 18:15:00,0.7,0.1,0.0,0.94,0.0
2024-12-28 18:30:00,0.5,0.0,0.0,0.86,0.0
2024-12-28 18:45:00,0.3,-0.1,0.0,0.92,0.0
2024-12-28 19:00:00,0.1,-0.2,0.0,0.86,0.0
2024-12-28 19:15:00,-0.1,-0.2,0.0,0.78,0.0
2024-12-28 19:30:00,-0.2,-0.4,0.0,0.78,0.0
2024-12-28 19:45:00,-0.4,-0.4,0.0,0.81,0.0
2024-12-28 20:00:00,-0.6,-0.6,0.0,0.75,0.0
2024-12-28 20:15:00,-0.7,-0.7,0.0,0.83,0.0
2024-12-28 20:30:00,-0.8,-0.8,0.0,0.92,0.0
2024-12-28 20:45:00,-0.9,-0.9,0.0,0.92,0.0
2024-12-28 21:00:00,-1.0,-1.0,0.0,1.0,0.0
2024-12-28 21:15:00,-1.1,-1.1,0.0,1.03,0.0
2024-12-28 21:30:00,-1.1,-1.1,0.0,1.08,0.0
2024-12-28 21:45:00,-1.2,-1.2,0.0,1.17,0.0
2024-12-28 22:00:00,-1.2,-1.2,0.0,1.22,0.0
2024-12-28 22:15:00,-1.2,-1.2,0.0,1.17,0.0
2024-12-28 22:30:00,-1.2,-1.2,0.0,1.03,0.0
2024-12-28 22:45:00,-1.1,-1.1,0.0,0.89,0.0
2024-12-28 23:00:00,-1.1,-1.1,0.0,0.86,0.0
2024-12-28 23:15:00,-1.1,-1.1,0.0,0.97,0.0
2024-12-28 23:30:00,-1.0,-1.0,0.0,1.11,0.0
2024-12-28 23:45:00,-1.0,-1.0,0.0,1.31,0.0
2024-12-29 00:00:00,-1.0,-1.0,0.0,1.44,0.0
2024-12-29 00:15:00,-1.1,-1.1,0.0,1.44,0.0
2024-12-29 00:30:00,-1.1,-1.1,0.0,1.39,0.0
2024-12-29 00:45:00,-1.1,-1.1,0.0,1.39,0.0
2024-12-29 01:00:00,-1.1,-1.1,0.0,1.39,0.0
2024-12-29 01:15:00,-1.1,-1.1,0.0,1.44,0.0
2024-12-29 01:30:00,-0.9,-0.9,0.0,1.5,0.0
2024-12-29 01:45:00,-0.8,-0.8,0.0,1.64,0.0
2024-12-29 02:00:00,-0.8,-0.8,0.0,1.64,0.0
2024-12-29 02:15:00,-0.8,-0.8,0.0,1.67,0.0
2024-12-29 02:30:00,-0.9,-0.9,0.0,1.61,0.0
2024-12-29 02:45:00,-0.9,-0.9,0.0,1.56,0.0
2024-12-29 03:00:00,-1.0,-1.0,0.0,1.53,0.0
2024-12-29 03:15:00,-1.0,-1.0,0.0,1.53,0.0
2024-12-29 03:30:00,-1.0,-1.0,0.0,1.39,0.0
2024-12-29 03:45:00,-1.0,-1.0,0.0,1.31,0.0
2024-12-29 04:00:00,-1.0,-1.0,0.0,1.19,0.0
2024-12-29 04:15:00,-1.1,-1.1,0.0,1.11,0.0
2024-12-29 04:30:00,-1.1,-1.1,0.0,1.03,0.0
2024-12-29 04:45:00,-1.2,-1.2,0.0,0.94,0.0
2024-12-29 05:00:00,-1.2,-1.2,0.0,0.86,0.0
2024-12-29 05:15:00,-1.3,-1.3,0.0,0.78,0.0
2024-12-29 05:30:00,-1.3,-1.3,0.0,0.86,0.0
2024-12-29 05:45:00,-1.3,-1.3,0.0,0.92,0.0
2024-12-29 06:00:00,-1.3,-1.3,0.0,0.92,0.0
2024-12-29 06:15:00,-1.3,-1.3,0.0,1.0,0.0
2024-12-29 06:30:00,-1.3,-1.3,0.0,1.19,0.0
2024-12-29 06:45:00,-1.3,-1.3,0.0,1.22,0.0
2024-12-29 07:00:00,-1.4,-1.4,0.0,1.31,0.0
2024-12-29 07:15:00,-1.5,-1.5,0.0,1.25,0.0
2024-12-29 07:30:00,-1.7,-1.7,0.0,0.97,0.0
2024-12-29 07:45:00,-1.8,-1.8,0.0,0.83,0.0
2024-12-29 08:00:00,-1.9,-1.9,0.0,0.69,0.0
2024-12-29 08:15:00,-1.9,-1.9,0.0,0.69,0.0
2024-12-29 08:30:00,-1.8,-1.8,0.0,0.69,0.0
2024-12-29 08:45:00,-1.7,-1.7,0.0,0.81,0.0
2024-12-29 09:00:00,-1.7,-1.7,0.0,0.81,0.0
2024-12-29 09:15:00,-1.7,-1.7,0.0,0.81,0.0
2024-12-29 09:30:00,-1.8,-1.8,0.0,0.83,0.0
2024-12-29 09:45:00,-1.8,-1.8,0.0,0.92,0.0
2024-12-29 10:00:00,-1.8,-1.8,0.0,0.92,0.0
2024-12-29 10:15:00,-1.8,-1.8,0.0,1.03,0.0
2024-12-29 10:30:00,-1.6,-1.6,0.0,1.0,0.0
2024-12-29 10:45:00,-1.5,-1.5,0.0,1.11,0.0
2024-12-29 11:00:00,-1.4,-1.4,0.0,1.11,0.0
2024-12-29 11:15:00,-1.3,-1.5,0.0,1.11,122.2
2024-12-29 11:30:00,-1.3,-1.4,0.0,1.11,414.58
2024-12-29 11:45:00,-1.2,-1.6,0.0,1.03,240.12
2024-12-29 12:00:00,-1.0,-1.6,0.0,0.92,658.65
2024-12-29 12:15:00,-0.8,-1.6,0.0,0.72,881.34
2024-12-29 12:30:00,-0.4,-1.4,0.0,0.5,900.0
2024-12-29 12:45:00,-0.0,-1.5,0.0,0.31,900.0
2024-12-29 13:00:00,0.5,-1.4,0.0,0.19,900.0
2024-12-29 13:15:00,1.3,-1.5,0.0,0.22,900.0
2024-12-29 13:30:00,2.2,-1.5,0.0,0.36,900.0
2024-12-29 13:45:00,3.1,-1.7,0.0,0.56,900.0
2024-12-29 14:00:00,3.7,-1.9,0.0,0.69,900.0
2024-12-29 14:15:00,4.1,-1.9,0.0,0.78,900.0
2024-12-29 14:30:00,4.3,-2.0,0.0,0.94,900.0
2024-12-29 14:45:00,4.3,-1.7,0.0,1.03,900.0
2024-12-29 15:00:00,4.4,-1.6,0.0,1.11,900.0
2024-12-29 15:15:00,4.4,-1.4,0.0,1.11,900.0
2024-12-29 15:30:00,4.3,-1.1,0.0,1.03,862.08
2024-12-29 15:45:00,4.2,-1.0,0.0,1.03,468.86
2024-12-29 16:00:00,4.1,-0.9,0.0,1.03,264.35
2024-12-29 16:15:00,4.1,-0.9,0.0,1.17,0.0
2024-12-29 16:30:00,4.0,-1.2,0.0,1.31,0.0
2024-12-29 16:45:00,3.9,-1.5,0.0,1.61,0.0
2024-12-29 17:00:00,3.8,-1.8,0.0,1.81,0.0
2024-12-29 17:15:00,3.7,-1.9,0.0,1.92,0.0
2024-12-29 17:30:00,3.4,-1.9,0.0,2.0,0.0
2024-12-29 17:45:00,3.2,-1.9,0.0,2.0,0.0
2024-12-29 18:00:00,3.0,-2.1,0.0,2.11,0.0
2024-12-29 18:15:00,2.8,-2.3,0.0,2.22,0.0
2024-12-29 18:30:00,2.7,-2.5,0.0,2.31,0.0
2024-12-29 18:45:00,2.5,-2.8,0.0,2.42,0.0
2024-12-29 19:00:00,2.4,-2.9,0.0,2.42,0.0
2024-12-29 19:15:00,2.3,-3.0,0.0,2.44,0.0
2024-12-29 19:30:00,2.2,-3.1,0.0,2.44,0.0
2024-12-29 19:45:00,2.1,-3.4,0.0,2.47,0.0
2024-12-29 20:00:00,2.0,-3.3,0.0,2.42,0.0
2024-12-29 20:15:00,1.8,-3.3,0.0,2.33,0.0
2024-12-29 20:30:00,1.5,-3.0,0.0,2.17,0.0
2024-12-29 20:45:00,1.3,-2.9,0.0,2.06,0.0
2024-12-29 21:00:00,1.1,-2.9,0.0,1.97,0.0
2024-12-29 21:15:00,1.0,-3.0,0.0,1.94,0.0
2024-12-29 21:30:00,0.9,-3.0,0.0,2.08,0.0
2024-12-29 21:45:00,0.9,-3.3,0.0,2.14,0.0
2024-12-29 22:00:00,0.8,-3.3,0.0,2.22,0.0
2024-12-29 22:15:00,0.8,-3.3,0.0,2.36,0.0
2024-12-29 22:30:00,0.8,-3.2,0.0,2.5,0.0
2024-12-29 22:45:00,0.7,-3.0,0.0,2.56,0.0
2024-12-29 23:00:00,0.7,-2.9,0.0,2.69,0.0
2024-12-29 23:15:00,0.6,-2.8,0.0,2.78,0.0
2024-12-29 23:30:00,0.4,-2.9,0.0,2.78,0.0
2024-12-29 23:45:00,0.2,-2.8,0.0,2.78,0.0
2024-12-30 00:00:00,0.0,-2.7,0.0,2.89,0.0
2024-12-30 00:15:00,-0.2,-2.6,0.0,3.0,0.0
2024-12-30 00:30:00,-0.4,-2.3,0.0,3.17,0.0
2024-12-30 00:45:00,-0.6,-2.2,0.0,3.36,0.0
2024-12-30 01:00:00,-0.8,-2.1,0.0,3.5,0.0
2024-12-30 01:15:00,-0.8,-2.0,0.0,3.58,0.0
2024-12-30 01:30:00,-0.8,-1.8,0.0,3.67,0.0
2024-12-30 01:45:00,-0.7,-1.7,0.0,3.72,0.0
2024-12-30 02:00:00,-0.6,-1.6,0.0,3.67,0.0
2024-12-30 02:15:00,-0.6,-1.6,0.0,3.56,0.0
2024-12-30 02:30:00,-0.5,-1.5,0.0,3.19,0.0
2024-12-30 02:45:00,-0.4,-1.4,0.0,2.94,0.0
2024-12-30 03:00:00,-0.4,-1.4,0.0,2.67,0.0
2024-12-30 03:15:00,-0.3,-1.3,0.0,2.5,0.0
2024-12-30 03:30:00,-0.2,-1.2,0.0,2.31,0.0
2024-12-30 03:45:00,-0.1,-1.1,0.0,2.39,0.0
2024-12-30 04:00:00,-0.1,-1.1,0.0,2.39,0.0
2024-12-30 04:15:00,-0.0,-1.0,0.0,2.39,0.0
2024-12-30 04:30:00,0.1,-0.9,0.0,2.31,0.0
2024-12-30 04:45:00,0.1,-1.0,0.0,2.36,0.0
2024-12-30 05:00:00,0.2,-1.0,0.0,2.33,0.0
2024-12-30 05:15:00,0.2,-0.9,0.0,2.36,0.0
2024-12-30 05:30:00,0.2,-0.9,0.0,2.31,0.0
2024-12-30 05:45:00,0.2,-1.1,0.0,2.33,0.0
2024-12-30 06:00:00,0.3,-1.0,0.0,2.39,0.0
2024-12-30 06:15:00,0.3,-1.0,0.0,2.44,0.0
2024-12-30 06:30:00,0.4,-0.9,0.0,2.58,0.0
2024-12-30 06:45:00,0.5,-1.0,0.0,2.64,0.0
2024-12-30 07:00:00,0.5,-1.0,0.0,2.72,0.0
2024-12-30 07:15:00,0.4,-1.0,0.0,2.72,0.0
2024-12-30 07:30:00,0.4,-1.1,0.0,2.75,0.0
2024-12-30 07:45:00,0.3,-1.3,0.0,2.67,0.0
2024-12-30 08:00:00,0.3,-1.3,0.0,2.58,0.0
2024-12-30 08:15:00,0.3,-1.3,0.0,2.5,0.0
2024-12-30 08:30:00,0.2,-1.5,0.0,2.44,0.0
2024-12-30 08:45:00,0.2,-1.5,0.0,2.33,0.0
2024-12-30 09:00:00,0.2,-1.7,0.0,2.25,0.0
2024-12-30 09:15:00,0.2,-1.9,0.0,2.17,0.0
2024-12-30 09:30:00,0.2,-2.2,0.0,2.19,0.0
2024-12-30 09:45:00,0.1,-2.4,0.0,2.19,0.0
2024-12-30 10:00:00,0.1,-2.6,0.0,2.19,0.0
2024-12-30 10:15:00,0.1,-2.6,0.0,2.19,0.0
2024-12-30 10:30:00,0.2,-2.5,0.0,2.25,0.0
2024-12-30 10:45:00,0.2,-2.5,0.0,2.33,0.0
2024-12-30 11:00:00,0.3,-2.6,0.0,2.33,0.0
2024-12-30 11:15:00,0.4,-2.7,0.0,2.39,0.0
2024-12-30 11:30:00,0.5,-2.9,0.0,2.47,0.0
2024-12-30 11:45:00,0.6,-3.2,0.0,2.5,0.0
2024-12-30 12:00:00,0.7,-3.2,0.0,2.56,0.0
2024-12-30 12:15:00,0.9,-3.2,0.0,2.58,0.0
2024-12-30 12:30:00,1.1,-3.0,0.0,2.56,0.0
2024-12-30 12:45:00,1.3,-3.0,0.0,2.56,132.15
2024-12-30 13:00:00,1.5,-2.8,0.0,2.58,18.51
2024-12-30 13:15:00,1.7,-2.7,0.0,2.64,0.0
2024-12-30 13:30:00,1.8,-2.7,0.0,2.81,277.87
2024-12-30 13:45:00,1.9,-2.6,0.0,2.89,894.9
2024-12-30 14:00:00,2.0,-2.5,0.0,2.92,900.0
2024-12-30 14:15:00,2.1,-2.4,0.0,2.81,900.0
2024-12-30 14:30:00,2.2,-2.6,0.0,2.69,900.0
2024-12-30 14:45:00,2.3,-2.5,0.0,2.5,900.0
2024-12-30 15:00:00,2.3,-2.5,0.0,2.42,900.0
2024-12-30 15:15:00,2.3,-2.5,0.0,2.31,900.0
2024-12-30 15:30:00,2.2,-2.5,0.0,2.22,900.0
2024-12-30 15:45:00,2.2,-2.6,0.0,2.11,900.0
2024-12-30 16:00:00,2.0,-2.5,0.0,2.0,672.3
2024-12-30 16:15:00,1.8,-2.3,0.0,1.81,209.53
2024-12-30 16:30:00,1.5,-2.3,0.0,1.61,0.0
2024-12-30 16:45:00,1.3,-2.0,0.0,1.5,0.0
2024-12-30 17:00:00,1.0,-1.9,0.0,1.31,0.0
2024-12-30 17:15:00,0.9,-1.9,0.0,1.22,0.0
2024-12-30 17:30:00,0.7,-2.0,0.0,1.14,0.0
2024-12-30 17:45:00,0.6,-1.9,0.0,1.14,0.0
2024-12-30 18:00:00,0.5,-2.0,0.0,1.08,0.0
2024-12-30 18:15:00,0.4,-2.0,0.0,1.03,0.0
2024-12-30 18:30:00,0.2,-2.2,0.0,1.03,0.0
2024-12-30 18:45:00,0.1,-2.1,0.0,1.0,0.0
2024-12-30 19:00:00,-0.0,-2.1,0.0,1.06,0.0
2024-12-30 19:15:00,-0.2,-2.1,0.0,1.14,0.0
2024-12-30 19:30:00,-0.3,-2.0,0.0,1.22,0.0
2024-12-30 19:45:00,-0.4,-2.1,0.0,1.31,0.0
2024-12-30 20:00:00,-0.5,-2.1,0.0,1.39,0.0
2024-12-30 20:15:00,-0.5,-2.1,0.0,1.39,0.0
2024-12-30 20:30:00,-0.6,-2.0,0.0,1.39,0.0
2024-12-30 20:45:00,-0.6,-2.1,0.0,1.25,0.0
2024-12-30 21:00:00,-0.7,-2.1,0.0,1.25,0.0
2024-12-30 21:15:00,-0.7,-2.2,0.0,1.19,0.0
2024-12-30 21:30:00,-0.7,-2.3,0.0,1.08,0.0
2024-12-30 21:45:00,-0.8,-2.5,0.0,1.06,0.0
2024-12-30 22:00:00,-0.8,-2.6,0.0,1.03,0.0
2024-12-30 22:15:00,-1.0,-2.7,0.0,1.0,0.0
2024-12-30 22:30:00,-1.1,-2.7,0.0,1.11,0.0
2024-12-30 22:45:00,-1.3,-2.7,0.0,1.19,0.0
2024-12-30 23:00:00,-1.4,-2.7,0.0,1.19,0.0
2024-12-30 23:15:00,-1.5,-2.7,0.0,1.19,0.0
2024-12-30 23:30:00,-1.6,-2.6,0.0,1.31,0.0
2024-12-30 23:45:00,-1.6,-2.5,0.0,1.31,0.0
2024-12-31 00:00:00,-1.7,-2.5,0.0,1.31,0.0
2024-12-31 00:15:00,-1.7,-2.6,0.0,1.31,0.0
2024-12-31 00:30:00,-1.7,-2.6,0.0,1.31,0.0
2024-12-31 00:45:00,-1.8,-2.8,0.0,1.25,0.0
2024-12-31 01:00:00,-1.8,-2.8,0.0,1.25,0.0
2024-12-31 01:15:00,-1.8,-2.9,0.0,1.25,0.0
2024-12-31 01:30:00,-1.8,-3.0,0.0,1.22,0.0
2024-12-31 01:45:00,-1.8,-3.1,0.0,1.11,0.0
2024-12-31 02:00:00,-1.8,-3.3,0.0,1.11,0.0
2024-12-31 02:15:00,-1.8,-3.4,0.0,1.14,0.0
2024-12-31 02:30:00,-1.7,-3.5,0.0,1.17,0.0
2024-12-31 02:45:00,-1.6,-3.7,0.0,1.11,0.0
2024-12-31 03:00:00,-1.5,-3.7,0.0,1.08,0.0
2024-12-31 03:15:00,-1.4,-3.9,0.0,1.06,0.0
2024-12-31 03:30:00,-1.2,-4.0,0.0,1.03,0.0
2024-12-31 03:45:00,-1.1,-4.1,0.0,1.11,0.0
2024-12-31 04:00:00,-1.1,-4.3,0.0,1.11,0.0
2024-12-31 04:15:00,-1.5,-4.5,0.0,0.92,0.0
2024-12-31 04:30:00,-2.0,-4.5,0.0,0.78,0.0
2024-12-31 04:45:00,-2.6,-4.8,0.0,0.72,0.0
2024-12-31 05:00:00,-2.9,-4.8,0.0,0.69,0.0
2024-12-31 05:15:00,-3.0,-4.9,0.0,0.39,0.0
2024-12-31 05:30:00,-2.9,-5.0,0.0,0.28,0.0
2024-12-31 05:45:00,-2.8,-5.0,0.0,0.89,0.0
2024-12-31 06:00:00,-2.8,-5.1,0.0,1.19,0.0
2024-12-31 06:15:00,-2.9,-5.2,0.0,1.25,0.0
2024-12-31 06:30:00,-3.0,-5.2,0.0,1.08,0.0
2024-12-31 06:45:00,-3.2,-5.2,0.0,0.86,0.0
2024-12-31 07:00:00,-3.3,-5.3,0.0,0.81,0.0
2024-12-31 07:15:00,-3.4,-5.4,0.0,0.97,0.0
2024-12-31 07:30:00,-3.5,-5.5,0.0,1.19,0.0
2024-12-31 07:45:00,-3.6,-5.6,0.0,1.44,0.0
2024-12-31 08:00:00,-3.6,-5.6,0.0,1.53,0.0
2024-12-31 08:15:00,-3.6,-5.6,0.0,1.53,0.0
2024-12-31 08:30:00,-3.6,-5.5,0.0,1.44,0.0
2024-12-31 08:45:00,-3.6,-5.4,0.0,1.19,0.0
2024-12-31 09:00:00,-3.5,-5.4,0.0,1.08,0.0
2024-12-31 09:15:00,-3.5,-5.4,0.0,0.83,88.35
2024-12-31 09:30:00,-3.5,-5.4,0.0,0.61,0.0
2024-12-31 09:45:00,-3.5,-5.5,0.0,0.44,177.9
2024-12-31 10:00:00,-3.3,-5.5,0.0,0.36,680.14
2024-12-31 10:15:00,-2.9,-5.4,0.0,0.31,900.0
2024-12-31 10:30:00,-2.3,-5.2,0.0,0.58,900.0
2024-12-31 10:45:00,-1.8,-5.0,0.0,1.08,900.0
2024-12-31 11:00:00,-1.4,-4.8,0.0,1.36,900.0
2024-12-31 11:15:00,-1.3,-4.6,0.0,1.33,900.0
2024-12-31 11:30:00,-1.3,-4.3,0.0,1.22,900.0
2024-12-31 11:45:00,-1.4,-4.2,0.0,1.0,900.0
2024-12-31 12:00:00,-1.2,-3.9,0.0,0.92,900.0
2024-12-31 12:15:00,-0.9,-3.6,0.0,0.81,900.0
2024-12-31 12:30:00,-0.4,-3.3,0.0,0.81,900.0
2024-12-31 12:45:00,0.2,-2.9,0.0,0.81,900.0
2024-12-31 13:00:00,0.7,-2.6,0.0,0.81,900.0
2024-12-31 13:15:00,1.2,-2.2,0.0,0.89,900.0
2024-12-31 13:30:00,1.7,-1.9,0.0,1.0,900.0
2024-12-31 13:45:00,2.1,-1.7,0.0,1.11,900.0
2024-12-31 14:00:00,2.4,-1.4,0.0,1.19,900.0
2024-12-31 14:15:00,2.5,-1.2,0.0,1.11,900.0
2024-12-31 14:30:00,2.5,-0.8,0.0,1.03,900.0
2024-12-31 14:45:00,2.4,-0.4,0.0,0.97,900.0
2024-12-31 15:00:00,2.3,-0.2,0.0,0.94,900.0
2024-12-31 15:15:00,2.1,0.0,0.0,1.0,900.0
2024-12-31 15:30:00,1.9,0.1,0.0,1.0,900.0
2024-12-31 15:45:00,1.6,0.1,0.0,1.0,900.0
2024-12-31 16:00:00,1.4,0.1,0.0,1.06,900.0
2024-12-31 16:15:00,1.2,-0.1,0.0,1.03,468.26
2024-12-31 16:30:00,1.0,-0.3,0.0,1.14,0.0
2024-12-31 16:45:00,0.8,-0.5,0.0,1.31,0.0
2024-12-31 17:00:00,0.7,-0.7,0.0,1.42,0.0
2024-12-31 17:15:00,0.7,-1.1,0.0,1.33,0.0
2024-12-31 17:30:00,0.7,-1.4,0.0,1.28,0.0
2024-12-31 17:45:00,0.7,-1.7,0.0,1.08,0.0
2024-12-31 18:00:00,0.6,-1.9,0.0,0.97,0.0
2024-12-31 18:15:00,0.4,-2.0,0.0,0.94,0.0
2024-12-31 18:30:00,0.1,-2.0,0.0,1.0,0.0
2024-12-31 18:45:00,-0.1,-1.7,0.0,1.11,0.0
2024-12-31 19:00:00,-0.3,-1.8,0.0,1.11,0.0
2024-12-31 19:15:00,-0.4,-1.8,0.0,1.11,0.0
2024-12-31 19:30:00,-0.3,-1.9,0.0,1.0,0.0
2024-12-31 19:45:00,-0.2,-2.1,0.0,1.06,0.0
2024-12-31 20:00:00,-0.1,-2.2,0.0,1.08,0.0
2024-12-31 20:15:00,-0.0,-2.3,0.0,1.19,0.0
2024-12-31 20:30:00,0.1,-2.5,0.0,1.19,0.0
2024-12-31 20:45:00,0.2,-2.5,0.0,1.33,0.0
2024-12-31 21:00:00,0.3,-2.6,0.0,1.44,0.0
2024-12-31 21:15:00,0.3,-2.6,0.0,1.44,0.0
2024-12-31 21:30:00,0.4,-2.7,0.0,1.44,0.0
2024-12-31 21:45:00,0.4,-2.7,0.0,1.47,0.0
2024-12-31 22:00:00,0.4,-2.6,0.0,1.47,0.0
2024-12-31 22:15:00,0.5,-2.8,0.0,1.53,0.0
2024-12-31 22:30:00,0.6,-2.8,0.0,1.67,0.0
2024-12-31 22:45:00,0.7,-2.9,0.0,1.72,0.0
2024-12-31 23:00:00,0.6,-3.0,0.0,1.72,0.0
2024-12-31 23:15:00,0.4,-3.0,0.0,1.58,0.0
2024-12-31 23:30:00,0.1,-2.9,0.0,1.31,0.0
2024-12-31 23:45:00,-0.2,-2.9,0.0,1.08,0.0
2025-01-01 00:00:00,-0.4,-2.9,0.0,0.94,0.0
2025-01-01 00:15:00,-0.5,-3.0,0.0,0.94,0.0
2025-01-01 00:30:00,-0.6,-3.1,0.0,0.94,0.0
2025-01-01 00:45:00,-0.6,-3.1,0.0,1.08,0.0
2025-01-01 01:00:00,-0.5,-3.2,0.0,1.25,0.0
2025-01-01 01:15:00,-0.3,-3.3,0.0,1.58,0.0
2025-01-01 01:30:00,0.0,-3.4,0.0,1.97,0.0
2025-01-01 01:45:00,0.3,-3.4,0.0,2.47,0.0
2025-01-01 02:00:00,0.6,-3.5,0.0,2.83,0.0
2025-01-01 02:15:00,0.8,-3.5,0.0,2.97,0.0
2025-01-01 02:30:00,0.9,-3.6,0.0,3.06,0.0
2025-01-01 02:45:00,1.1,-3.6,0.0,3.0,0.0
2025-01-01 03:00:00,1.1,-3.6,0.0,3.0,0.0
2025-01-01 03:15:00,1.1,-3.6,0.0,2.92,0.0
2025-01-01 03:30:00,0.9,-3.6,0.0,2.69,0.0
2025-01-01 03:45:00,0.8,-3.5,0.0,2.56,0.0
2025-01-01 04:00:00,0.8,-3.5,0.0,2.47,0.0
2025-01-01 04:15:00,0.9,-3.4,0.0,2.56,0.0
2025-01-01 04:30:00,1.2,-3.3,0.0,2.83,0.0
2025-01-01 04:45:00,1.4,-3.1,0.0,3.06,0.0
2025-01-01 05:00:00,1.5,-3.2,0.0,3.28,0.0
2025-01-01 05:15:00,1.5,-3.2,0.0,3.33,0.0
2025-01-01 05:30:00,1.4,-3.5,0.0,3.19,0.0
2025-01-01 05:45:00,1.2,-3.7,0.0,3.19,0.0
2025-01-01 06:00:00,1.1,-3.8,0.0,3.19,0.0
2025-01-01 06:15:00,1.1,-3.8,0.0,3.33,0.0
2025-01-01 06:30:00,1.1,-3.8,0.0,3.61,0.0
2025-01-01 06:45:00,1.1,-3.9,0.0,3.83,0.0
2025-01-01 07:00:00,1.2,-3.9,0.0,4.06,0.0
2025-01-01 07:15:00,1.3,-4.0,0.0,4.19,0.0
2025-01-01 07:30:00,1.5,-4.0,0.0,4.33,0.0
2025-01-01 07:45:00,1.6,-4.1,0.0,4.47,0.0
2025-01-01 08:00:00,1.8,-4.1,0.0,4.56,0.0
2025-01-01 08:15:00,1.9,-4.0,0.0,4.61,0.0
2025-01-01 08:30:00,2.0,-3.9,0.0,4.53,0.0
2025-01-01 08:45:00,2.0,-3.9,0.0,4.53,0.0
2025-01-01 09:00:00,2.1,-3.8,0.0,4.53,0.0
2025-01-01 09:15:00,2.2,-3.7,0.0,4.53,0.0
2025-01-01 09:30:00,2.2,-3.5,0.0,4.56,0.0
2025-01-01 09:45:00,2.3,-3.2,0.0,4.56,0.0
2025-01-01 10:00:00,2.5,-3.0,0.0,4.64,0.0
2025-01-01 10:15:00,2.8,-2.8,0.0,4.78,0.0
2025-01-01 10:30:00,3.1,-2.4,0.0,4.83,0.0
2025-01-01 10:45:00,3.5,-2.2,0.0,4.97,26.96
2025-01-01 11:00:00,3.9,-1.9,0.0,5.17,900.0
2025-01-01 11:15:00,4.2,-1.6,0.0,5.39,900.0
2025-01-01 11:30:00,4.4,-1.6,0.0,5.72,900.0
2025-01-01 11:45:00,4.7,-1.6,0.0,6.0,900.0
2025-01-01 12:00:00,4.8,-1.4,0.0,6.22,900.0
2025-01-01 12:15:00,4.9,-1.4,0.0,6.36,900.0
2025-01-01 12:30:00,4.8,-1.4,0.0,6.44,900.0
2025-01-01 12:45:00,4.8,-1.5,0.0,6.44,900.0
2025-01-01 13:00:00,4.8,-1.5,0.0,6.44,614.7
2025-01-01 13:15:00,4.9,-1.3,0.0,6.36,900.0
2025-01-01 13:30:00,5.2,-1.1,0.0,6.22,900.0
2025-01-01 13:45:00,5.4,-0.9,0.0,6.17,900.0
2025-01-01 14:00:00,5.6,-0.7,0.0,6.08,900.0
2025-01-01 14:15:00,5.6,-0.7,0.0,6.08,900.0
2025-01-01 14:30:00,5.6,-0.5,0.0,6.17,769.17
2025-01-01 14:45:00,5.5,-0.6,0.0,6.22,30.25
2025-01-01 15:00:00,5.5,-0.6,0.0,6.22,0.0
2025-01-01 15:15:00,5.5,-0.8,0.0,6.14,0.0
2025-01-01 15:30:00,5.5,-1.0,0.0,6.03,0.0
2025-01-01 15:45:00,5.5,-1.2,0.0,5.94,0.0
2025-01-01 16:00:00,5.7,-1.5,0.0,5.81,0.0
2025-01-01 16:15:00,5.9,-1.7,0.0,5.67,0.0
2025-01-01 16:30:00,6.3,-2.1,0.0,5.53,0.0
2025-01-01 16:45:00,6.7,-2.5,0.0,5.44,0.0
2025-01-01 17:00:00,7.0,-2.8,0.0,5.39,0.0
2025-01-01 17:15:00,7.1,-2.9,0.0,5.39,0.0
2025-01-01 17:30:00,7.1,-3.2,0.0,5.53,0.0
2025-01-01 17:45:00,7.1,-3.5,0.0,5.67,0.0
2025-01-01 18:00:00,7.1,-3.5,0.0,5.81,0.0
2025-01-01 18:15:00,7.1,-3.5,0.0,6.03,0.0
2025-01-01 18:30:00,7.0,-3.6,0.0,6.25,0.0
2025-01-01 18:45:00,6.9,-4.0,0.0,6.47,0.0
2025-01-01 19:00:00,6.9,-4.0,0.0,6.69,0.0
2025-01-01 19:15:00,7.0,-4.1,0.0,6.83,0.0
2025-01-01 19:30:00,7.2,-3.9,0.0,7.06,0.0
2025-01-01 19:45:00,7.5,-4.0,0.0,7.17,0.0
2025-01-01 20:00:00,7.6,-4.2,0.0,7.22,0.0
2025-01-01 20:15:00,7.7,-4.5,0.0,7.22,0.0
2025-01-01 20:30:00,7.6,-4.5,0.0,7.17,0.0
2025-01-01 20:45:00,7.6,-4.5,0.0,7.19,0.0
2025-01-01 21:00:00,7.6,-4.9,0.0,7.11,0.0
2025-01-01 21:15:00,7.6,-5.2,0.0,7.14,0.0
2025-01-01 21:30:00,7.5,-5.2,0.0,7.22,0.0
2025-01-01 21:45:00,7.5,-5.6,0.0,7.25,0.0
2025-01-01 22:00:00,7.6,-5.9,0.0,7.33,0.0
2025-01-01 22:15:00,7.7,-6.1,0.0,7.33,0.0
2025-01-01 22:30:00,8.0,-6.2,0.0,7.33,0.0
2025-01-01 22:45:00,8.2,-6.0,0.0,7.39,0.0
2025-01-01 23:00:00,8.4,-6.2,0.0,7.39,0.0
2025-01-01 23:15:00,8.5,-6.1,0.0,7.36,0.0
2025-01-01 23:30:00,8.5,-6.5,0.0,7.42,0.0
2025-01-01 23:45:00,8.5,-6.5,0.0,7.33,0.0
2025-01-02 00:00:00,8.5,-6.5,0.0,7.39,0.0
2025-01-02 00:15:00,8.6,-6.4,0.0,7.47,0.0
2025-01-02 00:30:00,8.7,-6.3,0.0,7.61,0.0
2025-01-02 00:45:00,8.8,-6.2,0.0,7.78,0.0
2025-01-02 01:00:00,8.9,-6.2,0.0,7.86,0.0
2025-01-02 01:15:00,8.9,-6.2,0.0,7.86,0.0
2025-01-02 01:30:00,8.8,-6.2,0.0,7.81,0.0
2025-01-02 01:45:00,8.7,-6.3,0.0,7.81,0.0
2025-01-02 02:00:00,8.7,-6.3,0.0,7.81,0.0
2025-01-02 02:15:00,8.6,-6.4,0.0,7.86,0.0
2025-01-02 02:30:00,8.5,-6.5,0.0,7.83,0.0
2025-01-02 02:45:00,8.5,-6.1,0.0,7.89,0.0
2025-01-02 03:00:00,8.4,-6.2,0.0,7.89,0.0
2025-01-02 03:15:00,8.2,-6.4,0.0,7.81,0.0
2025-01-02 03:30:00,8.0,-6.2,0.0,7.67,0.0
2025-01-02 03:45:00,7.9,-5.9,0.0,7.61,0.0
2025-01-02 04:00:00,7.8,-6.0,0.0,7.47,0.0
2025-01-02 04:15:00,7.9,-5.9,0.0,7.47,0.0
2025-01-02 04:30:00,8.1,-5.8,0.0,7.47,0.0
2025-01-02 04:45:00,8.3,-5.6,0.0,7.44,0.0
2025-01-02 05:00:00,8.4,-5.5,0.0,7.44,0.0
2025-01-02 05:15:00,8.3,-5.5,0.0,7.39,0.0
2025-01-02 05:30:00,8.2,-5.3,0.0,7.31,0.0
2025-01-02 05:45:00,8.0,-5.5,0.0,7.08,0.0
2025-01-02 06:00:00,7.9,-5.3,0.0,6.94,0.0
2025-01-02 06:15:00,7.7,-5.1,0.0,6.72,0.0
2025-01-02 06:30:00,7.6,-4.9,0.0,6.33,0.0
2025-01-02 06:45:00,7.4,-4.7,0.0,5.97,0.0
2025-01-02 07:00:00,7.3,-4.5,0.0,5.64,0.0
2025-01-02 07:15:00,7.3,-4.2,0.0,5.19,0.0
2025-01-02 07:30:00,7.3,-3.9,0.0,4.75,0.0
2025-01-02 07:45:00,7.4,-3.8,0.0,4.25,0.0
2025-01-02 08:00:00,7.4,-3.5,0.0,3.97,0.0
2025-01-02 08:15:00,7.4,-3.2,0.0,3.81,0.0
2025-01-02 08:30:00,7.4,-2.9,0.0,3.83,0.0
2025-01-02 08:45:00,7.3,-2.7,0.0,3.78,0.0
2025-01-02 09:00:00,7.3,-2.5,0.0,3.78,0.0
2025-01-02 09:15:00,7.3,-2.2,0.0,3.64,0.0
2025-01-02 09:30:00,7.3,-1.9,0.0,3.36,0.0
2025-01-02 09:45:00,7.4,-1.6,0.0,3.31,0.0
2025-01-02 10:00:00,7.4,-1.1,0.0,3.31,0.0
2025-01-02 10:15:00,7.4,-0.4,0.0,3.81,0.0
2025-01-02 10:30:00,7.4,0.6,0.0,4.75,0.0
2025-01-02 10:45:00,7.4,1.4,0.0,5.81,0.0
2025-01-02 11:00:00,7.3,2.0,0.0,6.42,0.0
2025-01-02 11:15:00,7.2,2.3,0.0,6.5,0.0
2025-01-02 11:30:00,7.0,2.3,0.1,6.11,0.0
2025-01-02 11:45:00,6.7,2.2,0.0,5.69,0.0
2025-01-02 12:00:00,6.5,2.0,0.0,5.5,0.0
2025-01-02 12:15:00,6.3,1.8,0.0,5.5,0.0
2025-01-02 12:30:00,6.1,1.6,0.0,5.69,0.0
2025-01-02 12:45:00,6.0,1.5,0.0,5.83,0.0
2025-01-02 13:00:00,5.8,1.1,0.0,5.97,0.0
2025-01-02 13:15:00,5.6,0.8,0.0,5.89,0.0
2025-01-02 13:30:00,5.4,0.4,0.0,5.67,0.0
2025-01-02 13:45:00,5.3,0.1,0.0,5.47,0.0
2025-01-02 14:00:00,5.2,-0.5,0.0,5.25,0.0
2025-01-02 14:15:00,5.1,-1.2,0.0,5.06,0.0
2025-01-02 14:30:00,5.0,-2.1,0.0,4.75,0.0
2025-01-02 14:45:00,4.9,-2.9,0.0,4.53,0.0
2025-01-02 15:00:00,4.9,-3.4,0.0,4.31,0.0
2025-01-02 15:15:00,4.8,-3.5,0.0,4.14,0.0
2025-01-02 15:30:00,4.7,-3.3,0.0,4.06,0.0
2025-01-02 15:45:00,4.6,-3.2,0.0,3.97,0.0
2025-01-02 16:00:00,4.5,-2.9,0.0,3.78,0.0
2025-01-02 16:15:00,4.3,-2.8,0.0,3.58,0.0
2025-01-02 16:30:00,4.1,-2.5,0.0,3.47,0.0
2025-01-02 16:45:00,3.9,-2.5,0.0,3.25,0.0
2025-01-02 17:00:00,3.7,-2.3,0.0,3.03,0.0
2025-01-02 17:15:00,3.6,-2.0,0.0,2.81,0.0
2025-01-02 17:30:00,3.4,-1.7,0.0,2.61,0.0
2025-01-02 17:45:00,3.3,-1.5,0.0,2.5,0.0
2025-01-02 18:00:00,3.1,-1.4,0.0,2.39,0.0
2025-01-02 18:15:00,3.0,-1.4,0.0,2.39,0.0
2025-01-02 18:30:00,2.9,-1.5,0.0,2.61,0.0
2025-01-02 18:45:00,2.8,-1.8,0.0,2.69,0.0
2025-01-02 19:00:00,2.6,-1.7,0.0,2.81,0.0
2025-01-02 19:15:00,2.4,-1.8,0.0,2.81,0.0
2025-01-02 19:30:00,2.2,-1.6,0.0,2.69,0.0
2025-01-02 19:45:00,2.0,-1.4,0.0,2.61,0.0
2025-01-02 20:00:00,1.8,-1.3,0.0,2.61,0.0
2025-01-02 20:15:00,1.6,-1.3,0.0,2.61,0.0
2025-01-02 20:30:00,1.5,-1.1,0.0,2.61,0.0
2025-01-02 20:45:00,1.3,-1.1,0.0,2.69,0.0
2025-01-02 21:00:00,1.2,-1.1,0.0,2.69,0.0
2025-01-02 21:15:00,1.0,-1.1,0.0,2.69,0.0
2025-01-02 21:30:00,0.9,-1.0,0.0,2.81,0.0
2025-01-02 21:45:00,0.8,-1.0,0.0,2.81,0.0
2025-01-02 22:00:00,0.7,-1.0,0.0,2.81,0.0
2025-01-02 22:15:00,0.7,-1.1,0.0,2.81,0.0
2025-01-02 22:30:00,0.6,-1.3,0.0,2.92,0.0
2025-01-02 22:45:00,0.6,-1.5,0.0,2.92,0.0
2025-01-02 23:00:00,0.6,-1.5,0.0,2.92,0.0
2025-01-02 23:15:00,0.6,-1.5,0.0,2.92,0.0
2025-01-02 23:30:00,0.6,-1.5,0.0,2.89,0.0
2025-01-02 23:45:00,0.6,-1.5,0.0,2.89,0.0
2025-01-03 00:00:00,0.6,-1.5,0.0,2.89,0.0
2025-01-03 00:15:00,0.6,-1.5,0.0,2.89,0.0
2025-01-03 00:30:00,0.6,-1.4,0.0,2.81,0.0
2025-01-03 00:45:00,0.6,-1.2,0.0,2.69,0.0
2025-01-03 01:00:00,0.6,-1.2,0.0,2.69,0.0
2025-01-03 01:15:00,0.6,-1.2,0.0,2.69,0.0
2025-01-03 01:30:00,0.6,-1.1,0.0,2.81,0.0
2025-01-03 01:45:00,0.6,-1.1,0.0,2.81,0.0
2025-01-03 02:00:00,0.6,-1.1,0.0,2.92,0.0
2025-01-03 02:15:00,0.6,-1.1,0.0,2.92,0.0
2025-01-03 02:30:00,0.6,-1.1,0.0,3.03,0.0
2025-01-03 02:45:00,0.6,-1.3,0.0,3.03,0.0
2025-01-03 03:00:00,0.6,-1.3,0.0,3.06,0.0
2025-01-03 03:15:00,0.6,-1.3,0.0,2.97,0.0
2025-01-03 03:30:00,0.6,-1.4,0.0,2.97,0.0
2025-01-03 03:45:00,0.6,-1.4,0.0,2.86,0.0
2025-01-03 04:00:00,0.6,-1.5,0.0,2.86,0.0
2025-01-03 04:15:00,0.8,-1.4,0.0,2.97,0.0
2025-01-03 04:30:00,1.1,-1.5,0.0,3.25,0.0
2025-01-03 04:45:00,1.3,-1.6,0.0,3.44,0.0
2025-01-03 05:00:00,1.5,-1.6,0.0,3.64,0.0
2025-01-03 05:15:00,1.5,-1.6,0.0,3.72,0.0
2025-01-03 05:30:00,1.5,-1.6,0.0,3.72,0.0
2025-01-03 05:45:00,1.4,-1.5,0.0,3.72,0.0
2025-01-03 06:00:00,1.4,-1.4,0.0,3.72,0.0
2025-01-03 06:15:00,1.3,-1.3,0.1,3.64,0.0
2025-01-03 06:30:00,1.3,-1.1,0.0,3.53,0.0
2025-01-03 06:45:00,1.2,-1.1,0.0,3.42,0.0
2025-01-03 07:00:00,1.2,-0.9,0.0,3.42,0.0
2025-01-03 07:15:00,1.2,-0.9,0.0,3.61,0.0
2025-01-03 07:30:00,1.3,-0.8,0.0,3.81,0.0
2025-01-03 07:45:00,1.4,-0.9,0.0,4.11,0.0
2025-01-03 08:00:00,1.4,-0.8,0.0,4.19,0.0
2025-01-03 08:15:00,1.4,-0.7,0.0,4.11,0.0
2025-01-03 08:30:00,1.3,-0.8,0.0,3.92,0.0
2025-01-03 08:45:00,1.2,-0.8,0.1,3.64,0.0
2025-01-03 09:00:00,1.1,-0.7,0.0,3.56,0.0
2025-01-03 09:15:00,1.0,-0.8,0.0,3.67,0.0
2025-01-03 09:30:00,0.9,-0.7,0.2,3.86,0.0
2025-01-03 09:45:00,0.8,-0.8,0.0,4.17,0.0
2025-01-03 10:00:00,0.9,-0.9,0.0,4.25,0.0
2025-01-03 10:15:00,1.0,-0.9,0.0,4.25,0.0
2025-01-03 10:30:00,1.3,-1.1,0.0,4.08,0.0
2025-01-03 10:45:00,1.6,-1.2,0.0,3.97,65.59
2025-01-03 11:00:00,1.8,-1.3,0.0,3.97,0.0
2025-01-03 11:15:00,1.9,-1.5,0.1,4.25,0.0
2025-01-03 11:30:00,2.0,-1.6,0.0,4.64,627.02
2025-01-03 11:45:00,2.1,-1.9,0.0,5.11,0.0
2025-01-03 12:00:00,2.2,-2.0,0.0,5.42,0.0
2025-01-03 12:15:00,2.2,-2.1,0.0,5.61,428.51
2025-01-03 12:30:00,2.3,-2.1,0.0,5.61,130.14
2025-01-03 12:45:00,2.3,-2.2,0.0,5.61,0.0
2025-01-03 13:00:00,2.4,-2.4,0.0,5.61,360.0
2025-01-03 13:15:00,2.5,-2.5,0.0,5.53,469.87
2025-01-03 13:30:00,2.6,-2.7,0.0,5.44,288.58
2025-01-03 13:45:00,2.7,-3.0,0.0,5.33,415.36
2025-01-03 14:00:00,2.8,-3.1,0.0,5.25,844.42
2025-01-03 14:15:00,2.9,-3.3,0.0,5.25,328.79
2025-01-03 14:30:00,2.9,-3.2,0.0,5.25,900.0
2025-01-03 14:45:00,2.9,-3.3,0.0,5.33,762.52
2025-01-03 15:00:00,2.9,-3.3,0.0,5.33,389.72
2025-01-03 15:15:00,2.8,-3.1,0.0,5.44,900.0
2025-01-03 15:30:00,2.7,-3.2,0.0,5.53,553.0
2025-01-03 15:45:00,2.6,-3.1,0.0,5.53,0.0
2025-01-03 16:00:00,2.5,-3.0,0.0,5.53,133.79
2025-01-03 16:15:00,2.4,-3.1,0.0,5.47,0.0
2025-01-03 16:30:00,2.3,-3.2,0.0,5.31,0.0
2025-01-03 16:45:00,2.2,-3.3,0.0,5.17,0.0
2025-01-03 17:00:00,2.1,-3.4,0.0,5.03,0.0
2025-01-03 17:15:00,1.9,-3.6,0.0,4.97,0.0
2025-01-03 17:30:00,1.8,-3.5,0.0,4.92,0.0
2025-01-03 17:45:00,1.7,-3.6,0.0,4.92,0.0
2025-01-03 18:00:00,1.6,-3.7,0.0,4.92,0.0
2025-01-03 18:15:00,1.6,-3.9,0.0,4.97,0.0
2025-01-03 18:30:00,1.7,-4.0,0.0,5.11,0.0
2025-01-03 18:45:00,1.8,-4.1,0.0,5.28,0.0
2025-01-03 19:00:00,1.8,-4.1,0.0,5.56,0.0
2025-01-03 19:15:00,1.7,-4.0,0.0,5.83,0.0
2025-01-03 19:30:00,1.5,-3.6,0.0,6.19,0.0
2025-01-03 19:45:00,1.3,-3.2,0.0,6.58,0.0
2025-01-03 20:00:00,1.1,-2.8,0.0,6.75,0.0
2025-01-03 20:15:00,0.9,-2.4,0.0,6.81,0.0
2025-01-03 20:30:00,0.6,-1.8,0.0,6.81,0.0
2025-01-03 20:45:00,0.3,-1.4,0.0,6.69,0.0
2025-01-03 21:00:00,0.1,-1.3,0.1,6.64,0.0
2025-01-03 21:15:00,0.1,-1.4,0.1,6.53,0.0
2025-01-03 21:30:00,0.2,-1.6,0.3,6.36,0.0
2025-01-03 21:45:00,0.2,-1.9,0.0,6.14,0.0
2025-01-03 22:00:00,0.3,-2.1,0.0,5.97,0.0
2025-01-03 22:15:00,0.2,-2.3,0.0,5.89,0.0
2025-01-03 22:30:00,0.1,-2.6,0.0,5.83,0.0
2025-01-03 22:45:00,-0.0,-2.9,0.0,5.78,0.0
2025-01-03 23:00:00,-0.1,-3.2,0.0,5.69,0.0
2025-01-03 23:15:00,-0.2,-3.6,0.0,5.64,0.0
2025-01-03 23:30:00,-0.4,-4.1,0.0,5.53,0.0
2025-01-03 23:45:00,-0.5,-4.6,0.0,5.44,0.0
2025-01-04 00:00:00,-0.6,-5.0,0.0,5.33,0.0
2025-01-04 00:15:00,-0.7,-5.3,0.0,5.22,0.0
2025-01-04 00:30:00,-0.8,-5.4,0.0,5.17,0.0
2025-01-04 00:45:00,-0.9,-5.5,0.0,5.06,0.0
2025-01-04 01:00:00,-1.0,-5.6,0.0,4.92,0.0
2025-01-04 01:15:00,-1.1,-5.7,0.0,4.78,0.0
2025-01-04 01:30:00,-1.1,-5.5,0.0,4.56,0.0
2025-01-04 01:45:00,-1.2,-5.4,0.0,4.33,0.0
2025-01-04 02:00:00,-1.2,-5.3,0.0,4.33,0.0
2025-01-04 02:15:00,-1.3,-5.2,0.0,4.42,0.0
2025-01-04 02:30:00,-1.3,-5.2,0.0,4.69,0.0
2025-01-04 02:45:00,-1.4,-5.1,0.0,5.0,0.0
2025-01-04 03:00:00,-1.4,-4.9,0.0,5.11,0.0
2025-01-04 03:15:00,-1.3,-4.7,0.0,5.11,0.0
2025-01-04 03:30:00,-1.3,-4.5,0.0,4.94,0.0
2025-01-04 03:45:00,-1.2,-4.2,0.0,4.78,0.0
2025-01-04 04:00:00,-1.2,-4.0,0.0,4.69,0.0
2025-01-04 04:15:00,-1.2,-3.9,0.0,4.58,0.0
2025-01-04 04:30:00,-1.2,-3.5,0.0,4.56,0.0
2025-01-04 04:45:00,-1.2,-3.4,0.0,4.53,0.0
2025-01-04 05:00:00,-1.2,-3.2,0.0,4.53,0.0
2025-01-04 05:15:00,-1.2,-3.2,0.0,4.53,0.0
2025-01-04 05:30:00,-1.2,-3.3,0.0,4.53,0.0
2025-01-04 05:45:00,-1.3,-3.5,0.0,4.53,0.0
2025-01-04 06:00:00,-1.3,-3.6,0.0,4.53,0.0
2025-01-04 06:15:00,-1.3,-3.8,0.0,4.64,0.0
2025-01-04 06:30:00,-1.3,-4.0,0.0,4.78,0.0
2025-01-04 06:45:00,-1.3,-4.2,0.0,4.78,0.0
2025-01-04 07:00:00,-1.3,-4.2,0.0,4.78,0.0
2025-01-04 07:15:00,-1.3,-4.2,0.0,4.58,0.0
2025-01-04 07:30:00,-1.3,-4.0,0.0,4.33,0.0
2025-01-04 07:45:00,-1.2,-3.8,0.0,4.0,0.0
2025-01-04 08:00:00,-1.2,-3.6,0.0,3.81,0.0
2025-01-04 08:15:00,-1.2,-3.6,0.0,3.72,0.0
2025-01-04 08:30:00,-1.3,-3.6,0.0,3.64,0.0
2025-01-04 08:45:00,-1.3,-3.6,0.0,3.61,0.0
2025-01-04 09:00:00,-1.3,-3.6,0.0,3.67,0.0
2025-01-04 09:15:00,-1.3,-3.8,0.0,3.67,65.66
2025-01-04 09:30:00,-1.2,-3.9,0.0,3.58,0.0
2025-01-04 09:45:00,-1.2,-4.0,0.0,3.56,0.0
2025-01-04 10:00:00,-1.1,-4.1,0.0,3.56,360.43
2025-01-04 10:15:00,-1.1,-4.3,0.0,3.64,0.0
2025-01-04 10:30:00,-1.0,-4.2,0.0,3.75,0.0
2025-01-04 10:45:00,-0.9,-4.3,0.0,3.83,0.0
2025-01-04 11:00:00,-0.8,-4.2,0.0,3.81,505.74
2025-01-04 11:15:00,-0.8,-4.1,0.0,3.69,108.91
2025-01-04 11:30:00,-0.7,-3.9,0.0,3.44,556.4
2025-01-04 11:45:00,-0.6,-3.8,0.0,3.22,900.0
2025-01-04 12:00:00,-0.6,-3.8,0.0,3.11,900.0
2025-01-04 12:15:00,-0.5,-3.9,0.0,3.03,900.0
2025-01-04 12:30:00,-0.4,-4.0,0.0,3.03,900.0
2025-01-04 12:45:00,-0.3,-4.1,0.0,2.92,847.35
2025-01-04 13:00:00,-0.2,-4.1,0.0,2.92,900.0
2025-01-04 13:15:00,-0.1,-4.2,0.0,2.83,900.0
2025-01-04 13:30:00,-0.0,-4.3,0.0,2.86,900.0
2025-01-04 13:45:00,0.1,-4.2,0.0,2.78,900.0
2025-01-04 14:00:00,0.1,-4.3,0.0,2.67,900.0
2025-01-04 14:15:00,0.1,-4.3,0.0,2.44,619.56
2025-01-04 14:30:00,0.1,-4.6,0.0,2.11,0.0
2025-01-04 14:45:00,0.1,-4.6,0.0,1.81,517.32
2025-01-04 15:00:00,0.0,-4.6,0.0,1.61,0.0
2025-01-04 15:15:00,0.0,-4.6,0.0,1.42,0.0
2025-01-04 15:30:00,0.0,-4.8,0.0,1.33,0.0
2025-01-04 15:45:00,0.0,-4.8,0.0,1.28,0.0
2025-01-04 16:00:00,0.0,-4.8,0.0,1.25,0.0
2025-01-04 16:15:00,-0.0,-4.9,0.0,1.28,0.0
2025-01-04 16:30:00,-0.1,-4.8,0.0,1.36,0.0
2025-01-04 16:45:00,-0.2,-4.7,0.0,1.56,0.0
2025-01-04 17:00:00,-0.3,-4.5,0.0,1.72,0.0
2025-01-04 17:15:00,-0.3,-4.4,0.0,1.78,0.0
2025-01-04 17:30:00,-0.4,-4.1,0.0,1.78,0.0
2025-01-04 17:45:00,-0.4,-4.0,0.0,1.64,0.0
2025-01-04 18:00:00,-0.5,-3.9,0.0,1.64,0.0
2025-01-04 18:15:00,-0.5,-3.7,0.0,1.64,0.0
2025-01-04 18:30:00,-0.5,-3.7,0.0,1.75,0.0
2025-01-04 18:45:00,-0.5,-3.7,0.0,1.75,0.0
2025-01-04 19:00:00,-0.5,-3.7,0.0,1.75,0.0
2025-01-04 19:15:00,-0.6,-3.8,0.0,1.75,0.0
2025-01-04 19:30:00,-0.8,-4.2,0.0,1.64,0.0
2025-01-04 19:45:00,-1.0,-4.5,0.0,1.58,0.0
2025-01-04 20:00:00,-1.1,-4.7,0.0,1.58,0.0
2025-01-04 20:15:00,-1.2,-4.8,0.0,1.58,0.0
2025-01-04 20:30:00,-1.3,-4.8,0.0,1.61,0.0
2025-01-04 20:45:00,-1.3,-4.9,0.0,1.72,0.0
2025-01-04 21:00:00,-1.4,-4.8,0.0,1.72,0.0
2025-01-04 21:15:00,-1.6,-4.8,0.0,1.67,0.0
2025-01-04 21:30:00,-1.8,-4.6,0.0,1.72,0.0
2025-01-04 21:45:00,-2.0,-4.7,0.0,1.69,0.0
2025-01-04 22:00:00,-2.2,-4.7,0.0,1.69,0.0
2025-01-04 22:15:00,-2.4,-4.8,0.0,1.61,0.0
2025-01-04 22:30:00,-2.7,-5.0,0.0,1.39,0.0
2025-01-04 22:45:00,-2.9,-5.3,0.0,1.19,0.0
2025-01-04 23:00:00,-3.1,-5.4,0.0,1.11,0.0
2025-01-04 23:15:00,-3.1,-5.5,0.0,1.11,0.0
2025-01-04 23:30:00,-3.1,-5.5,0.0,1.11,0.0
2025-01-04 23:45:00,-3.1,-5.5,0.0,1.11,0.0
2025-01-05 00:00:00,-3.1,-5.5,0.0,1.11,0.0
2025-01-05 00:15:00,-3.2,-5.5,0.0,1.11,0.0
2025-01-05 00:30:00,-3.2,-5.5,0.0,1.03,0.0
2025-01-05 00:45:00,-3.2,-5.6,0.0,1.08,0.0
2025-01-05 01:00:00,-3.3,-5.7,0.0,1.11,0.0
2025-01-05 01:15:00,-3.5,-5.8,0.0,1.19,0.0
2025-01-05 01:30:00,-3.7,-5.9,0.0,1.36,0.0
2025-01-05 01:45:00,-4.0,-6.1,0.0,1.42,0.0
2025-01-05 02:00:00,-4.1,-6.3,0.0,1.5,0.0
2025-01-05 02:15:00,-4.2,-6.3,0.0,1.5,0.0
2025-01-05 02:30:00,-4.2,-6.4,0.0,1.39,0.0
2025-01-05 02:45:00,-4.2,-6.5,0.0,1.31,0.0
2025-01-05 03:00:00,-4.2,-6.5,0.0,1.19,0.0
2025-01-05 03:15:00,-4.3,-6.6,0.0,1.19,0.0
2025-01-05 03:30:00,-4.3,-6.6,0.0,1.19,0.0
2025-01-05 03:45:00,-4.3,-6.6,0.0,1.22,0.0
2025-01-05 04:00:00,-4.4,-6.7,0.0,1.25,0.0
2025-01-05 04:15:00,-4.5,-6.8,0.0,1.17,0.0
2025-01-05 04:30:00,-4.6,-6.8,0.0,1.11,0.0
2025-01-05 04:45:00,-4.8,-6.8,0.0,1.03,0.0
2025-01-05 05:00:00,-4.9,-6.9,0.0,1.0,0.0
2025-01-05 05:15:00,-4.9,-6.9,0.0,1.0,0.0
2025-01-05 05:30:00,-4.9,-6.9,0.0,1.06,0.0
2025-01-05 05:45:00,-5.0,-7.1,0.0,1.14,0.0
2025-01-05 06:00:00,-5.0,-7.1,0.0,1.14,0.0
2025-01-05 06:15:00,-5.0,-7.2,0.0,1.19,0.0
2025-01-05 06:30:00,-5.1,-7.2,0.0,1.19,0.0
2025-01-05 06:45:00,-5.1,-7.1,0.0,1.28,0.0
2025-01-05 07:00:00,-5.1,-7.1,0.0,1.28,0.0
2025-01-05 07:15:00,-5.1,-7.1,0.0,1.28,0.0
2025-01-05 07:30:00,-5.1,-7.0,0.0,1.28,0.0
2025-01-05 07:45:00,-5.1,-7.0,0.0,1.19,0.0
2025-01-05 08:00:00,-5.1,-7.0,0.0,1.19,0.0
2025-01-05 08:15:00,-5.1,-7.0,0.0,1.19,0.0
2025-01-05 08:30:00,-5.1,-7.1,0.0,1.28,0.0
2025-01-05 08:45:00,-5.1,-7.1,0.0,1.33,0.0
2025-01-05 09:00:00,-5.0,-7.1,0.0,1.42,0.0
2025-01-05 09:15:00,-4.8,-7.1,0.0,1.5,0.0
2025-01-05 09:30:00,-4.6,-7.0,0.0,1.64,0.0
2025-01-05 09:45:00,-4.4,-7.0,0.0,1.72,0.0
2025-01-05 10:00:00,-4.2,-7.0,0.0,1.81,0.0
2025-01-05 10:15:00,-4.1,-6.9,0.0,1.78,0.0
2025-01-05 10:30:00,-4.0,-6.6,0.0,1.78,0.0
2025-01-05 10:45:00,-3.9,-6.4,0.0,1.81,0.0
2025-01-05 11:00:00,-3.8,-6.3,0.0,1.83,0.0
2025-01-05 11:15:00,-3.7,-6.3,0.0,1.83,0.0
2025-01-05 11:30:00,-3.5,-6.5,0.0,1.86,0.0
2025-01-05 11:45:00,-3.3,-6.6,0.0,1.92,36.82
2025-01-05 12:00:00,-3.2,-6.6,0.0,1.92,0.0
2025-01-05 12:15:00,-3.0,-6.5,0.0,1.92,0.0
2025-01-05 12:30:00,-2.9,-6.4,0.0,1.92,0.0
2025-01-05 12:45:00,-2.8,-6.3,0.0,1.92,0.0
2025-01-05 13:00:00,-2.7,-6.2,0.0,1.92,0.0
2025-01-05 13:15:00,-2.6,-6.1,0.0,1.92,0.0
2025-01-05 13:30:00,-2.5,-5.8,0.0,1.97,0.0
2025-01-05 13:45:00,-2.5,-5.8,0.0,2.06,0.0
2025-01-05 14:00:00,-2.4,-5.7,0.0,2.14,0.0
2025-01-05 14:15:00,-2.3,-5.6,0.0,2.19,0.0
2025-01-05 14:30:00,-2.2,-5.5,0.0,2.14,0.0
2025-01-05 14:45:00,-2.1,-5.4,0.0,2.22,0.0
2025-01-05 15:00:00,-2.0,-5.4,0.0,2.22,0.0
2025-01-05 15:15:00,-2.0,-5.1,0.0,2.22,0.0
2025-01-05 15:30:00,-1.9,-5.1,0.0,2.28,0.0
2025-01-05 15:45:00,-1.9,-4.9,0.0,2.33,0.0
2025-01-05 16:00:00,-1.9,-4.8,0.0,2.42,0.0
2025-01-05 16:15:00,-2.0,-4.7,0.0,2.47,0.0
2025-01-05 16:30:00,-2.1,-4.6,0.0,2.61,0.0
2025-01-05 16:45:00,-2.2,-4.6,0.0,2.69,0.0
2025-01-05 17:00:00,-2.3,-4.5,0.0,2.75,0.0
2025-01-05 17:15:00,-2.3,-4.2,0.0,2.75,0.0
2025-01-05 17:30:00,-2.2,-3.8,0.0,2.75,0.0
2025-01-05 17:45:00,-2.2,-3.6,0.0,2.69,0.0
2025-01-05 18:00:00,-2.1,-3.3,0.0,2.69,0.0
2025-01-05 18:15:00,-2.1,-3.1,0.0,2.61,0.0
2025-01-05 18:30:00,-2.0,-2.9,0.1,2.69,0.0
2025-01-05 18:45:00,-2.0,-2.7,0.1,2.61,0.0
2025-01-05 19:00:00,-1.9,-2.6,0.1,2.69,0.0
2025-01-05 19:15:00,-1.9,-2.6,0.1,2.92,0.0
2025-01-05 19:30:00,-1.9,-2.6,0.1,3.03,0.0
2025-01-05 19:45:00,-1.9,-2.6,0.2,3.25,0.0
2025-01-05 20:00:00,-1.9,-2.6,0.2,3.39,0.0
2025-01-05 20:15:00,-1.9,-2.6,0.2,3.39,0.0
2025-01-05 20:30:00,-1.8,-2.5,0.1,3.39,0.0
2025-01-05 20:45:00,-1.8,-2.5,0.1,3.25,0.0
2025-01-05 21:00:00,-1.8,-2.5,0.1,3.25,0.0
2025-01-05 21:15:00,-1.7,-2.4,0.1,3.25,0.0
2025-01-05 21:30:00,-1.7,-2.4,0.1,3.19,0.0
2025-01-05 21:45:00,-1.6,-2.3,0.0,3.19,0.0
2025-01-05 22:00:00,-1.5,-2.2,0.0,3.19,0.0
2025-01-05 22:15:00,-1.4,-2.1,0.0,3.19,0.0
2025-01-05 22:30:00,-1.4,-2.1,0.0,3.19,0.0
2025-01-05 22:45:00,-1.3,-2.0,0.0,3.11,0.0
2025-01-05 23:00:00,-1.2,-1.9,0.0,3.11,0.0
2025-01-05 23:15:00,-1.1,-1.9,0.0,3.03,0.0
2025-01-05 23:30:00,-1.0,-1.8,0.0,3.03,0.0
2025-01-05 23:45:00,-0.8,-1.8,0.0,2.89,0.0
2025-01-06 00:00:00,-0.7,-1.9,0.2,2.78,0.0
2025-01-06 00:15:00,-0.6,-1.7,0.2,2.56,0.0
2025-01-06 00:30:00,-0.5,-1.6,0.2,2.39,0.0
2025-01-06 00:45:00,-0.3,-1.5,0.2,2.14,0.0
2025-01-06 01:00:00,-0.2,-1.3,0.1,1.97,0.0
2025-01-06 01:15:00,-0.1,-1.1,0.1,1.89,0.0
2025-01-06 01:30:00,0.0,-0.8,0.1,1.75,0.0
2025-01-06 01:45:00,0.2,-0.7,0.2,1.78,0.0
2025-01-06 02:00:00,0.3,-0.4,0.2,1.69,0.0
2025-01-06 02:15:00,0.4,-0.3,0.0,1.64,0.0
2025-01-06 02:30:00,0.6,-0.1,0.1,1.53,0.0
2025-01-06 02:45:00,0.7,0.0,0.0,1.44,0.0
2025-01-06 03:00:00,0.9,0.2,0.0,1.39,0.0
2025-01-06 03:15:00,0.9,0.2,0.0,1.36,0.0
2025-01-06 03:30:00,1.0,0.3,0.0,1.36,0.0
2025-01-06 03:45:00,1.0,0.3,0.0,1.44,0.0
2025-01-06 04:00:00,1.1,0.3,0.0,1.44,0.0
2025-01-06 04:15:00,1.2,0.5,0.0,1.53,0.0
2025-01-06 04:30:00,1.4,0.7,0.0,1.61,0.0
2025-01-06 04:45:00,1.6,0.8,0.0,1.72,0.0
2025-01-06 05:00:00,1.8,1.0,0.0,1.69,0.0
2025-01-06 05:15:00,1.9,1.2,0.0,1.69,0.0
2025-01-06 05:30:00,2.1,1.3,0.0,1.61,0.0
2025-01-06 05:45:00,2.2,1.3,0.0,1.5,0.0
2025-01-06 06:00:00,2.3,1.4,0.0,1.42,0.0
2025-01-06 06:15:00,2.3,1.4,0.0,1.42,0.0
2025-01-06 06:30:00,2.3,1.4,0.0,1.44,0.0
2025-01-06 06:45:00,2.2,1.3,0.0,1.58,0.0
2025-01-06 07:00:00,2.3,1.4,0.0,1.61,0.0
2025-01-06 07:15:00,2.4,1.5,0.0,1.58,0.0
2025-01-06 07:30:00,2.6,1.7,0.0,1.53,0.0
2025-01-06 07:45:00,2.9,2.0,0.0,1.5,0.0
2025-01-06 08:00:00,3.0,2.1,0.0,1.5,0.0
2025-01-06 08:15:00,3.1,2.2,0.0,1.5,0.0
2025-01-06 08:30:00,3.1,2.2,0.0,1.5,0.0
2025-01-06 08:45:00,3.1,2.2,0.0,1.61,0.0
2025-01-06 09:00:00,3.2,2.3,0.0,1.61,0.0
2025-01-06 09:15:00,3.3,2.4,0.0,1.69,0.0
2025-01-06 09:30:00,3.3,2.4,0.0,1.81,0.0
2025-01-06 09:45:00,3.5,2.4,0.0,1.81,0.0
2025-01-06 10:00:00,3.7,2.6,0.0,1.89,0.0
2025-01-06 10:15:00,4.0,2.9,0.0,1.89,0.0
2025-01-06 10:30:00,4.3,3.1,0.0,2.0,33.69
2025-01-06 10:45:00,4.7,3.4,0.0,2.0,393.22
2025-01-06 11:00:00,5.1,3.6,0.0,2.0,2.97
2025-01-06 11:15:00,5.5,3.7,0.0,2.11,900.0
2025-01-06 11:30:00,5.9,3.7,0.0,2.11,900.0
2025-01-06 11:45:00,6.3,3.8,0.0,2.22,900.0
2025-01-06 12:00:00,6.7,3.8,0.0,2.22,900.0
2025-01-06 12:15:00,7.1,3.8,0.0,2.17,900.0
2025-01-06 12:30:00,7.5,4.1,0.0,2.08,900.0
2025-01-06 12:45:00,7.9,4.1,0.0,2.03,900.0
2025-01-06 13:00:00,8.1,4.1,0.0,2.03,900.0
2025-01-06 13:15:00,8.2,4.0,0.0,2.08,796.14
2025-01-06 13:30:00,8.2,3.7,0.0,2.33,0.0
2025-01-06 13:45:00,8.1,3.4,0.0,2.5,0.0
2025-01-06 14:00:00,8.0,3.3,0.0,2.69,0.0
2025-01-06 14:15:00,7.8,3.3,0.1,2.69,0.0
2025-01-06 14:30:00,7.6,3.6,0.8,2.69,0.0
2025-01-06 14:45:00,7.3,3.7,0.3,2.61,0.0
2025-01-06 15:00:00,7.1,3.8,0.1,2.61,0.0
2025-01-06 15:15:00,7.0,4.1,0.1,2.75,0.0
2025-01-06 15:30:00,6.9,4.2,0.2,3.0,0.0
2025-01-06 15:45:00,6.9,4.3,0.2,3.33,0.0
2025-01-06 16:00:00,6.8,4.3,0.1,3.58,0.0
2025-01-06 16:15:00,6.8,4.1,0.0,3.78,0.0
2025-01-06 16:30:00,6.8,3.7,0.0,3.89,0.0
2025-01-06 16:45:00,6.7,3.3,0.1,3.92,0.0
2025-01-06 17:00:00,6.7,3.1,0.1,3.97,0.0
2025-01-06 17:15:00,6.5,3.0,0.0,3.89,0.0
2025-01-06 17:30:00,6.4,3.0,0.0,3.69,0.0
2025-01-06 17:45:00,6.2,3.0,0.0,3.53,0.0
2025-01-06 18:00:00,6.0,3.0,0.0,3.42,0.0
2025-01-06 18:15:00,5.9,3.1,0.0,3.39,0.0
2025-01-06 18:30:00,5.8,3.0,0.0,3.36,0.0
2025-01-06 18:45:00,5.7,3.0,0.0,3.36,0.0
2025-01-06 19:00:00,5.7,3.0,0.0,3.36,0.0
2025-01-06 19:15:00,5.6,3.0,0.0,3.36,0.0
2025-01-06 19:30:00,5.6,2.9,0.0,3.39,0.0
2025-01-06 19:45:00,5.6,2.9,0.0,3.42,0.0
2025-01-06 20:00:00,5.5,2.9,0.0,3.44,0.0
2025-01-06 20:15:00,5.5,2.8,0.0,3.44,0.0
2025-01-06 20:30:00,5.4,2.7,0.0,3.44,0.0
2025-01-06 20:45:00,5.3,2.8,0.0,3.33,0.0
2025-01-06 21:00:00,5.2,2.7,0.0,3.19,0.0
2025-01-06 21:15:00,5.1,2.6,0.0,2.97,0.0
2025-01-06 21:30:00,5.1,2.7,0.0,2.78,0.0
2025-01-06 21:45:00,5.0,2.6,0.0,2.56,0.0
2025-01-06 22:00:00,4.9,2.6,0.0,2.22,0.0
2025-01-06 22:15:00,4.8,2.5,0.0,1.94,0.0
2025-01-06 22:30:00,4.7,2.6,0.0,1.64,0.0
2025-01-06 22:45:00,4.7,2.5,0.0,1.39,0.0
2025-01-06 23:00:00,4.6,2.5,0.0,1.19,0.0
2025-01-06 23:15:00,4.6,2.5,0.0,1.08,0.0
2025-01-06 23:30:00,4.7,2.4,0.0,1.14,0.0
2025-01-06 23:45:00,4.8,2.3,0.0,1.14,0.0
2025-01-07 00:00:00,4.9,2.2,0.0,0.92,0.0
2025-01-07 00:15:00,5.1,2.1,0.0,0.5,0.0
2025-01-07 00:30:00,5.4,2.0,0.0,0.22,0.0
2025-01-07 00:45:00,5.6,1.9,0.0,0.69,0.0
2025-01-07 01:00:00,5.8,1.9,0.0,1.08,0.0
2025-01-07 01:15:00,5.7,1.8,0.0,1.14,0.0
2025-01-07 01:30:00,5.5,1.7,0.0,1.33,0.0
2025-01-07 01:45:00,5.3,1.7,0.0,1.58,0.0
2025-01-07 02:00:00,5.2,1.8,0.0,1.97,0.0
2025-01-07 02:15:00,5.3,2.0,0.0,2.19,0.0
2025-01-07 02:30:00,5.6,2.0,0.0,2.36,0.0
2025-01-07 02:45:00,5.9,2.2,0.0,2.44,0.0
2025-01-07 03:00:00,6.1,2.2,0.0,2.44,0.0
2025-01-07 03:15:00,6.2,2.3,0.0,2.42,0.0
2025-01-07 03:30:00,6.3,2.3,0.0,2.19,0.0
2025-01-07 03:45:00,6.3,2.3,0.0,2.06,0.0
2025-01-07 04:00:00,6.4,2.4,0.0,2.11,0.0
2025-01-07 04:15:00,6.6,2.6,0.1,2.36,0.0
2025-01-07 04:30:00,6.8,2.7,0.0,2.69,0.0
2025-01-07 04:45:00,7.1,2.9,0.0,3.03,0.0
2025-01-07 05:00:00,7.2,3.1,0.0,3.28,0.0
2025-01-07 05:15:00,7.3,3.1,0.0,3.31,0.0
2025-01-07 05:30:00,7.3,3.3,0.0,3.28,0.0
2025-01-07 05:45:00,7.2,3.3,0.1,3.17,0.0
2025-01-07 06:00:00,7.2,3.4,0.0,3.06,0.0
2025-01-07 06:15:00,7.1,3.5,0.0,2.92,0.0
2025-01-07 06:30:00,7.0,3.7,0.0,2.69,0.0
2025-01-07 06:45:00,6.9,3.8,0.1,2.47,0.0
2025-01-07 07:00:00,6.9,3.8,0.1,2.5,0.0
2025-01-07 07:15:00,7.0,3.6,0.1,2.72,0.0
2025-01-07 07:30:00,7.1,3.4,0.0,3.06,0.0
2025-01-07 07:45:00,7.3,2.9,0.0,3.47,0.0
2025-01-07 08:00:00,7.4,2.6,0.0,3.61,0.0
2025-01-07 08:15:00,7.3,2.4,0.0,3.56,0.0
2025-01-07 08:30:00,7.2,2.5,0.0,3.33,0.0
2025-01-07 08:45:00,7.0,2.3,0.0,3.06,0.0
2025-01-07 09:00:00,6.9,2.2,0.0,2.92,0.0
2025-01-07 09:15:00,6.9,2.2,0.0,2.92,0.0
2025-01-07 09:30:00,6.8,1.9,0.0,2.97,0.0
2025-01-07 09:45:00,6.8,1.7,0.0,3.06,0.0
2025-01-07 10:00:00,6.7,1.6,0.0,3.06,0.0
2025-01-07 10:15:00,6.6,1.7,0.0,2.97,0.0
2025-01-07 10:30:00,6.6,1.9,0.0,2.89,0.0
2025-01-07 10:45:00,6.5,1.8,0.0,2.86,0.0
2025-01-07 11:00:00,6.4,1.9,0.0,2.97,0.0
2025-01-07 11:15:00,6.4,1.9,0.0,3.06,0.0
2025-01-07 11:30:00,6.4,1.7,0.0,3.14,0.0
2025-01-07 11:45:00,6.4,1.5,0.0,3.22,0.0
2025-01-07 12:00:00,6.5,1.6,0.0,3.17,0.0
2025-01-07 12:15:00,6.5,1.6,0.0,2.94,0.0
2025-01-07 12:30:00,6.5,1.6,0.0,2.64,0.0
2025-01-07 12:45:00,6.6,1.7,0.0,2.39,0.0
2025-01-07 13:00:00,6.7,1.8,0.0,2.28,0.0
2025-01-07 13:15:00,6.8,1.7,0.0,2.5,0.0
2025-01-07 13:30:00,7.1,2.0,0.0,2.86,0.0
2025-01-07 13:45:00,7.3,1.9,0.0,3.33,0.0
2025-01-07 14:00:00,7.4,1.9,0.0,3.75,23.44
2025-01-07 14:15:00,7.5,1.7,0.0,4.11,0.0
2025-01-07 14:30:00,7.5,1.5,0.0,4.39,0.0
2025-01-07 14:45:00,7.4,1.3,0.0,4.53,0.0
2025-01-07 15:00:00,7.4,1.2,0.0,4.67,0.0
2025-01-07 15:15:00,7.3,1.1,0.0,4.67,0.0
2025-01-07 15:30:00,7.1,1.0,0.0,4.44,0.0
2025-01-07 15:45:00,7.0,0.8,0.0,4.31,0.0
2025-01-07 16:00:00,6.8,0.9,0.0,4.17,0.0
2025-01-07 16:15:00,6.7,1.0,0.0,4.11,0.0
2025-01-07 16:30:00,6.7,1.2,0.0,4.11,0.0
2025-01-07 16:45:00,6.6,1.3,0.0,3.97,0.0
2025-01-07 17:00:00,6.5,1.4,0.0,3.89,0.0
2025-01-07 17:15:00,6.4,1.5,0.0,3.75,0.0
2025-01-07 17:30:00,6.2,1.7,0.1,3.5,0.0
2025-01-07 17:45:00,6.1,1.8,0.1,3.31,0.0
2025-01-07 18:00:00,5.9,1.8,0.0,3.22,0.0
2025-01-07 18:15:00,5.7,1.8,0.0,3.14,0.0
2025-01-07 18:30:00,5.4,1.7,0.0,2.97,0.0
2025-01-07 18:45:00,5.2,1.6,0.0,2.92,0.0
2025-01-07 19:00:00,4.9,1.6,0.0,2.81,0.0
2025-01-07 19:15:00,4.7,1.4,0.0,2.83,0.0
2025-01-07 19:30:00,4.6,1.2,0.0,2.81,0.0
2025-01-07 19:45:00,4.5,1.1,0.0,2.94,0.0
2025-01-07 20:00:00,4.4,0.9,0.0,3.08,0.0
2025-01-07 20:15:00,4.3,0.6,0.0,3.25,0.0
2025-01-07 20:30:00,4.3,0.5,0.0,3.44,0.0
2025-01-07 20:45:00,4.3,0.2,0.0,3.69,0.0
2025-01-07 21:00:00,4.3,0.0,0.0,3.89,0.0
2025-01-07 21:15:00,4.3,-0.2,0.0,4.17,0.0
2025-01-07 21:30:00,4.2,-0.2,0.0,4.47,0.0
2025-01-07 21:45:00,4.2,-0.4,0.0,4.75,0.0
2025-01-07 22:00:00,4.1,-0.5,0.0,4.86,0.0
2025-01-07 22:15:00,4.0,-0.6,0.0,4.81,0.0
2025-01-07 22:30:00,3.9,-0.5,0.0,4.64,0.0
2025-01-07 22:45:00,3.7,-0.7,0.0,4.47,0.0
2025-01-07 23:00:00,3.5,-0.9,0.0,4.31,0.0
2025-01-07 23:15:00,3.4,-1.2,0.0,4.19,0.0
2025-01-07 23:30:00,3.2,-1.5,0.0,4.17,0.0
2025-01-07 23:45:00,3.1,-1.9,0.0,4.17,0.0
2025-01-08 00:00:00,2.9,-2.0,0.0,4.11,0.0
2025-01-08 00:15:00,2.8,-2.2,0.0,4.06,0.0
2025-01-08 00:30:00,2.6,-2.1,0.0,3.94,0.0
2025-01-08 00:45:00,2.5,-2.1,0.0,3.92,0.0
2025-01-08 01:00:00,2.4,-2.0,0.0,3.86,0.0
2025-01-08 01:15:00,2.3,-2.0,0.0,3.81,0.0
2025-01-08 01:30:00,2.4,-1.8,0.0,3.81,0.0
2025-01-08 01:45:00,2.4,-1.8,0.0,3.81,0.0
2025-01-08 02:00:00,2.4,-1.8,0.0,3.81,0.0
2025-01-08 02:15:00,2.3,-1.8,0.0,3.83,0.0
2025-01-08 02:30:00,2.3,-1.7,0.0,3.89,0.0
2025-01-08 02:45:00,2.3,-1.7,0.0,3.94,0.0
2025-01-08 03:00:00,2.2,-1.8,0.0,4.0,0.0
2025-01-08 03:15:00,2.2,-1.8,0.0,4.08,0.0
2025-01-08 03:30:00,2.2,-1.8,0.0,4.08,0.0
2025-01-08 03:45:00,2.2,-1.8,0.0,4.08,0.0
2025-01-08 04:00:00,2.2,-1.9,0.0,4.11,0.0
2025-01-08 04:15:00,2.3,-2.1,0.0,4.08,0.0
2025-01-08 04:30:00,2.4,-2.2,0.0,4.03,0.0
2025-01-08 04:45:00,2.4,-2.3,0.0,3.83,0.0
2025-01-08 05:00:00,2.5,-2.5,0.0,3.81,0.0
2025-01-08 05:15:00,2.5,-2.7,0.0,3.78,0.0
2025-01-08 05:30:00,2.5,-2.7,0.0,3.69,0.0
2025-01-08 05:45:00,2.5,-2.7,0.0,3.69,0.0
2025-01-08 06:00:00,2.5,-2.7,0.0,3.61,0.0
2025-01-08 06:15:00,2.4,-2.7,0.0,3.47,0.0
2025-01-08 06:30:00,2.4,-2.5,0.0,3.22,0.0
2025-01-08 06:45:00,2.4,-2.6,0.0,3.08,0.0
2025-01-08 07:00:00,2.4,-2.5,0.0,3.03,0.0
2025-01-08 07:15:00,2.6,-2.4,0.0,3.22,0.0
2025-01-08 07:30:00,2.7,-2.4,0.0,3.42,0.0
2025-01-08 07:45:00,2.9,-2.2,0.0,3.81,0.0
2025-01-08 08:00:00,3.1,-2.1,0.0,4.0,0.0
2025-01-08 08:15:00,3.1,-1.8,0.0,4.06,0.0
2025-01-08 08:30:00,3.1,-1.5,0.0,4.11,0.0
2025-01-08 08:45:00,3.1,-1.1,0.0,4.11,0.0
2025-01-08 09:00:00,3.1,-0.9,0.0,4.11,0.0
2025-01-08 09:15:00,3.1,-0.9,0.0,4.11,0.0
2025-01-08 09:30:00,3.2,-0.8,0.0,4.03,0.0
2025-01-08 09:45:00,3.3,-0.7,0.0,4.11,0.0
2025-01-08 10:00:00,3.3,-0.7,0.0,4.03,0.0
2025-01-08 10:15:00,3.4,-0.7,0.0,4.03,0.0
2025-01-08 10:30:00,3.5,-0.6,0.0,4.11,0.0
2025-01-08 10:45:00,3.5,-0.5,0.0,4.11,0.0
2025-01-08 11:00:00,3.6,-0.5,0.0,4.17,0.0
2025-01-08 11:15:00,3.6,-0.2,0.0,4.33,0.0
2025-01-08 11:30:00,3.7,0.0,0.0,4.53,0.0
2025-01-08 11:45:00,3.7,0.2,0.0,4.75,0.0
2025-01-08 12:00:00,3.7,0.2,0.1,4.89,0.0
2025-01-08 12:15:00,3.8,0.3,0.1,4.81,0.0
2025-01-08 12:30:00,3.8,0.1,0.0,4.72,0.0
2025-01-08 12:45:00,3.9,0.0,0.0,4.64,102.31
2025-01-08 13:00:00,4.0,-0.1,0.0,4.5,0.0
2025-01-08 13:15:00,4.1,-0.2,0.0,4.42,0.0
2025-01-08 13:30:00,4.2,-0.1,0.0,4.22,314.4
2025-01-08 13:45:00,4.3,-0.2,0.0,4.06,758.1
2025-01-08 14:00:00,4.4,-0.2,0.0,3.89,900.0
2025-01-08 14:15:00,4.5,-0.3,0.0,3.78,900.0
2025-01-08 14:30:00,4.6,-0.6,0.0,3.58,900.0
2025-01-08 14:45:00,4.7,-0.9,0.0,3.47,900.0
2025-01-08 15:00:00,4.7,-1.1,0.0,3.28,900.0
2025-01-08 15:15:00,4.7,-1.2,0.0,3.08,900.0
2025-01-08 15:30:00,4.6,-1.2,0.0,2.81,900.0
2025-01-08 15:45:00,4.5,-1.1,0.0,2.53,900.0
2025-01-08 16:00:00,4.4,-0.8,0.0,2.25,900.0
2025-01-08 16:15:00,4.2,-0.6,0.0,2.06,900.0
2025-01-08 16:30:00,4.0,-0.3,0.0,1.75,168.81
2025-01-08 16:45:00,3.7,0.1,0.0,1.67,0.0
2025-01-08 17:00:00,3.5,0.3,0.0,1.47,0.0
2025-01-08 17:15:00,3.3,0.5,0.0,1.44,0.0
2025-01-08 17:30:00,3.1,0.5,0.0,1.42,0.0
2025-01-08 17:45:00,2.9,0.4,0.0,1.56,0.0
2025-01-08 18:00:00,2.7,0.4,0.0,1.64,0.0
2025-01-08 18:15:00,2.6,0.3,0.0,1.69,0.0
2025-01-08 18:30:00,2.5,0.0,0.0,1.78,0.0
2025-01-08 18:45:00,2.4,-0.1,0.0,1.92,0.0
2025-01-08 19:00:00,2.2,-0.4,0.0,2.0,0.0
2025-01-08 19:15:00,2.1,-0.5,0.0,2.08,0.0
2025-01-08 19:30:00,1.9,-0.9,0.0,2.17,0.0
2025-01-08 19:45:00,1.7,-1.0,0.0,2.25,0.0
2025-01-08 20:00:00,1.6,-1.2,0.0,2.28,0.0
2025-01-08 20:15:00,1.5,-1.2,0.0,2.22,0.0
2025-01-08 20:30:00,1.5,-1.4,0.0,2.19,0.0
2025-01-08 20:45:00,1.5,-1.4,0.0,2.06,0.0
2025-01-08 21:00:00,1.4,-1.5,0.0,2.03,0.0
2025-01-08 21:15:00,1.4,-1.5,0.0,1.89,0.0
2025-01-08 21:30:00,1.4,-1.4,0.0,1.86,0.0
2025-01-08 21:45:00,1.3,-1.4,0.0,1.75,0.0
2025-01-08 22:00:00,1.2,-1.4,0.0,1.72,0.0
2025-01-08 22:15:00,1.1,-1.3,0.0,1.72,0.0
2025-01-08 22:30:00,0.9,-1.2,0.0,1.81,0.0
2025-01-08 22:45:00,0.7,-1.2,0.0,1.89,0.0
2025-01-08 23:00:00,0.6,-1.1,0.0,1.89,0.0
2025-01-08 23:15:00,0.6,-1.2,0.0,1.92,0.0
2025-01-08 23:30:00,0.6,-1.2,0.0,1.92,0.0
2025-01-08 23:45:00,0.6,-1.2,0.0,1.94,0.0
2025-01-09 00:00:00,0.6,-1.2,0.0,1.97,0.0
2025-01-09 00:15:00,0.6,-1.2,0.0,1.89,0.0
2025-01-09 00:30:00,0.5,-1.2,0.0,1.89,0.0
2025-01-09 00:45:00,0.5,-1.2,0.0,1.97,0.0
2025-01-09 01:00:00,0.5,-1.2,0.0,1.94,0.0
2025-01-09 01:15:00,0.5,-1.2,0.0,2.0,0.0
2025-01-09 01:30:00,0.6,-1.4,0.0,2.14,0.0
2025-01-09 01:45:00,0.6,-1.3,0.0,2.28,0.0
2025-01-09 02:00:00,0.6,-1.5,0.0,2.33,0.0
2025-01-09 02:15:00,0.6,-1.6,0.0,2.42,0.0
2025-01-09 02:30:00,0.6,-1.7,0.0,2.47,0.0
2025-01-09 02:45:00,0.6,-1.8,0.0,2.56,0.0
2025-01-09 03:00:00,0.6,-1.8,0.0,2.61,0.0
2025-01-09 03:15:00,0.6,-1.8,0.0,2.69,0.0
2025-01-09 03:30:00,0.6,-1.6,0.0,2.89,0.0
2025-01-09 03:45:00,0.7,-1.6,0.0,3.11,0.0
2025-01-09 04:00:00,0.7,-1.4,0.1,3.11,0.0
2025-01-09 04:15:00,0.8,-1.3,0.2,3.14,0.0
2025-01-09 04:30:00,0.9,-1.0,0.1,3.03,0.0
2025-01-09 04:45:00,1.1,-0.9,0.1,2.92,0.0
2025-01-09 05:00:00,1.2,-0.8,0.1,2.86,0.0
2025-01-09 05:15:00,1.3,-0.7,0.1,2.78,0.0
2025-01-09 05:30:00,1.4,-0.4,0.1,2.69,0.0
2025-01-09 05:45:00,1.5,-0.2,0.1,2.67,0.0
2025-01-09 06:00:00,1.6,-0.1,0.1,2.67,0.0
2025-01-09 06:15:00,1.7,0.1,0.2,2.61,0.0
2025-01-09 06:30:00,1.9,0.3,0.3,2.64,0.0
2025-01-09 06:45:00,2.1,0.5,0.5,2.72,0.0
2025-01-09 07:00:00,2.3,0.7,0.5,2.75,0.0
2025-01-09 07:15:00,2.6,0.9,0.1,2.89,0.0
2025-01-09 07:30:00,2.8,1.3,0.0,3.03,0.0
2025-01-09 07:45:00,3.1,1.6,0.0,3.22,0.0
2025-01-09 08:00:00,3.4,1.9,0.1,3.31,0.0
2025-01-09 08:15:00,3.6,2.1,0.1,3.31,0.0
2025-01-09 08:30:00,3.8,2.3,0.0,3.19,0.0
2025-01-09 08:45:00,4.0,2.5,0.0,3.11,0.0
2025-01-09 09:00:00,4.2,2.7,0.0,3.03,0.0
2025-01-09 09:15:00,4.4,2.9,0.0,2.83,0.0
2025-01-09 09:30:00,4.5,3.0,0.0,2.64,0.0
2025-01-09 09:45:00,4.7,3.2,0.0,2.44,0.0
2025-01-09 10:00:00,5.0,3.3,0.0,2.36,38.14
2025-01-09 10:15:00,5.3,3.4,0.0,2.44,275.63
2025-01-09 10:30:00,5.6,3.6,0.0,2.64,350.08
2025-01-09 10:45:00,6.0,3.7,0.0,2.83,824.54
2025-01-09 11:00:00,6.4,3.9,0.0,2.94,877.13
2025-01-09 11:15:00,6.7,4.0,0.0,2.94,629.35
2025-01-09 11:30:00,7.1,4.2,0.0,2.83,900.0
2025-01-09 11:45:00,7.5,4.2,0.0,2.81,900.0
2025-01-09 12:00:00,7.8,4.4,0.0,2.81,900.0
2025-01-09 12:15:00,8.2,4.6,0.0,3.03,900.0
2025-01-09 12:30:00,8.6,4.6,0.0,3.22,900.0
2025-01-09 12:45:00,8.9,4.7,0.0,3.53,900.0
2025-01-09 13:00:00,9.2,4.8,0.0,3.72,900.0
2025-01-09 13:15:00,9.5,4.9,0.0,3.81,900.0
2025-01-09 13:30:00,9.8,5.2,0.0,3.92,900.0
2025-01-09 13:45:00,10.0,5.3,0.0,3.89,900.0
2025-01-09 14:00:00,10.1,5.5,0.0,3.89,452.26
2025-01-09 14:15:00,10.2,5.5,0.0,3.89,798.48
2025-01-09 14:30:00,10.2,5.6,0.0,3.81,323.96
2025-01-09 14:45:00,10.2,5.7,0.0,3.69,900.0
2025-01-09 15:00:00,10.1,5.7,0.0,3.61,900.0
2025-01-09 15:15:00,10.0,5.6,0.0,3.5,900.0
2025-01-09 15:30:00,9.9,5.5,0.0,3.39,900.0
2025-01-09 15:45:00,9.8,5.5,0.0,3.31,795.33
2025-01-09 16:00:00,9.6,5.4,0.0,3.31,0.0
2025-01-09 16:15:00,9.5,5.3,0.0,3.31,0.0
2025-01-09 16:30:00,9.3,5.2,0.0,3.42,0.0
2025-01-09 16:45:00,9.1,5.2,0.0,3.44,0.0
2025-01-09 17:00:00,8.8,5.0,0.0,3.58,0.0
2025-01-09 17:15:00,8.5,4.7,0.0,3.69,0.0
2025-01-09 17:30:00,8.2,4.6,0.0,3.78,0.0
2025-01-09 17:45:00,7.9,4.3,0.0,3.78,0.0
2025-01-09 18:00:00,7.6,4.0,0.0,3.86,0.0
2025-01-09 18:15:00,7.5,3.9,0.0,3.86,0.0
2025-01-09 18:30:00,7.3,3.9,0.0,3.89,0.0
2025-01-09 18:45:00,7.3,3.9,0.0,3.92,0.0
2025-01-09 19:00:00,7.2,3.8,0.0,3.92,0.0
2025-01-09 19:15:00,7.3,3.7,0.0,4.11,0.0
2025-01-09 19:30:00,7.4,3.6,0.0,4.31,0.0
2025-01-09 19:45:00,7.5,3.5,0.0,4.5,0.0
2025-01-09 20:00:00,7.6,3.6,0.0,4.67,0.0
2025-01-09 20:15:00,7.7,3.9,0.0,4.61,0.0
2025-01-09 20:30:00,7.7,4.1,0.0,4.61,0.0
2025-01-09 20:45:00,7.8,4.4,0.0,4.58,0.0
2025-01-09 21:00:00,7.8,4.6,0.0,4.64,0.0
2025-01-09 21:15:00,7.8,4.7,0.0,4.61,0.0
2025-01-09 21:30:00,7.7,4.8,0.0,4.67,0.0
2025-01-09 21:45:00,7.6,4.7,0.0,4.72,0.0
2025-01-09 22:00:00,7.6,4.9,0.0,4.69,0.0
2025-01-09 22:15:00,7.8,5.2,0.0,4.81,0.0
2025-01-09 22:30:00,8.1,5.9,0.0,4.89,0.0
2025-01-09 22:45:00,8.4,6.2,0.0,4.81,0.0
2025-01-09 23:00:00,8.2,6.0,0.0,4.44,0.0
2025-01-09 23:15:00,7.4,4.8,0.0,4.22,0.0
2025-01-09 23:30:00,6.1,2.9,0.0,5.44,0.0
2025-01-09 23:45:00,4.8,0.9,0.1,7.72,0.0
2025-01-10 00:00:00,3.8,-0.6,0.0,9.31,0.0
2025-01-10 00:15:00,3.1,-1.4,0.0,9.56,0.0
2025-01-10 00:30:00,2.7,-1.6,0.0,9.0,0.0
2025-01-10 00:45:00,2.4,-1.8,0.1,8.22,0.0
2025-01-10 01:00:00,2.2,-1.8,0.0,7.64,0.0
2025-01-10 01:15:00,2.1,-1.7,0.0,7.53,0.0
2025-01-10 01:30:00,2.0,-1.6,0.0,7.44,0.0
2025-01-10 01:45:00,2.1,-1.6,0.0,7.53,0.0
2025-01-10 02:00:00,2.1,-1.4,0.0,7.5,0.0
2025-01-10 02:15:00,2.0,-1.5,0.0,7.5,0.0
2025-01-10 02:30:00,1.9,-1.6,0.0,7.47,0.0
2025-01-10 02:45:00,1.8,-1.7,0.0,7.47,0.0
2025-01-10 03:00:00,1.7,-1.7,0.0,7.44,0.0
2025-01-10 03:15:00,1.7,-1.8,0.0,7.36,0.0
2025-01-10 03:30:00,1.7,-1.8,0.0,7.19,0.0
2025-01-10 03:45:00,1.7,-1.8,0.0,7.11,0.0
2025-01-10 04:00:00,1.7,-1.8,0.0,7.0,0.0
2025-01-10 04:15:00,1.7,-1.6,0.0,6.97,0.0
2025-01-10 04:30:00,1.7,-1.2,0.0,7.03,0.0
2025-01-10 04:45:00,1.6,-1.0,0.0,7.11,0.0
2025-01-10 05:00:00,1.6,-0.8,0.0,7.11,0.0
2025-01-10 05:15:00,1.6,-0.9,0.0,7.11,0.0
2025-01-10 05:30:00,1.5,-0.9,0.0,7.11,0.0
2025-01-10 05:45:00,1.5,-0.9,0.0,7.14,0.0
2025-01-10 06:00:00,1.4,-1.0,0.0,7.03,0.0
2025-01-10 06:15:00,1.4,-1.0,0.0,6.94,0.0
2025-01-10 06:30:00,1.4,-1.2,0.0,6.86,0.0
2025-01-10 06:45:00,1.3,-1.3,0.0,6.67,0.0
2025-01-10 07:00:00,1.3,-1.3,0.0,6.56,0.0
2025-01-10 07:15:00,1.4,-1.2,0.0,6.44,0.0
2025-01-10 07:30:00,1.4,-1.2,0.0,6.33,0.0
2025-01-10 07:45:00,1.5,-0.9,0.0,6.11,0.0
2025-01-10 08:00:00,1.5,-0.9,0.0,6.0,0.0
2025-01-10 08:15:00,1.4,-1.0,0.0,5.92,0.0
2025-01-10 08:30:00,1.4,-0.9,0.0,5.72,0.0
2025-01-10 08:45:00,1.3,-1.0,0.0,5.61,0.0
2025-01-10 09:00:00,1.2,-1.0,0.0,5.53,0.0
2025-01-10 09:15:00,1.2,-1.0,0.0,5.53,0.0
2025-01-10 09:30:00,1.2,-1.2,0.0,5.53,0.0
2025-01-10 09:45:00,1.3,-1.1,0.0,5.64,0.0
2025-01-10 10:00:00,1.3,-1.3,0.0,5.75,0.0
2025-01-10 10:15:00,1.4,-1.4,0.0,5.86,0.0
2025-01-10 10:30:00,1.5,-1.4,0.0,6.06,0.0
2025-01-10 10:45:00,1.6,-1.5,0.0,6.28,0.0
2025-01-10 11:00:00,1.7,-1.6,0.0,6.5,0.0
2025-01-10 11:15:00,1.7,-1.7,0.0,6.75,0.0
2025-01-10 11:30:00,1.8,-1.8,0.0,7.03,141.09
2025-01-10 11:45:00,1.9,-1.9,0.0,7.25,0.0
2025-01-10 12:00:00,1.9,-2.1,0.0,7.39,418.3
2025-01-10 12:15:00,2.0,-2.1,0.0,7.36,198.53
2025-01-10 12:30:00,2.1,-2.3,0.0,7.11,0.0
2025-01-10 12:45:00,2.2,-2.4,0.0,6.94,274.62
2025-01-10 13:00:00,2.2,-2.5,0.0,6.67,473.95
2025-01-10 13:15:00,2.3,-2.5,0.0,6.44,320.17
2025-01-10 13:30:00,2.3,-2.5,0.0,6.11,0.0
2025-01-10 13:45:00,2.3,-2.5,0.0,5.78,762.54
2025-01-10 14:00:00,2.3,-2.5,0.0,5.67,172.71
2025-01-10 14:15:00,2.3,-2.6,0.0,5.75,617.1
2025-01-10 14:30:00,2.3,-2.8,0.0,6.03,0.0
2025-01-10 14:45:00,2.3,-3.0,0.0,6.25,0.0
2025-01-10 15:00:00,2.3,-3.0,0.0,6.33,0.0
2025-01-10 15:15:00,2.2,-2.7,0.0,6.11,0.0
2025-01-10 15:30:00,2.1,-2.5,0.0,5.81,0.0
2025-01-10 15:45:00,2.0,-2.0,0.0,5.5,0.0
2025-01-10 16:00:00,1.8,-1.6,0.0,5.11,0.0
2025-01-10 16:15:00,1.7,-1.2,0.0,4.75,0.0
2025-01-10 16:30:00,1.5,-0.9,0.0,4.36,0.0
2025-01-10 16:45:00,1.3,-0.8,0.0,4.0,0.0
2025-01-10 17:00:00,1.3,-0.7,0.0,3.83,0.0
2025-01-10 17:15:00,1.3,-0.8,0.0,3.75,0.0
2025-01-10 17:30:00,1.5,-0.9,0.0,3.81,0.0
2025-01-10 17:45:00,1.6,-1.3,0.0,3.89,0.0
2025-01-10 18:00:00,1.7,-1.4,0.0,4.08,0.0
2025-01-10 18:15:00,1.6,-1.3,0.1,4.28,0.0
2025-01-10 18:30:00,1.4,-1.0,0.0,4.58,0.0
2025-01-10 18:45:00,1.2,-0.9,0.1,4.92,0.0
2025-01-10 19:00:00,1.0,-0.8,0.1,5.0,0.0
2025-01-10 19:15:00,1.0,-0.8,0.0,5.0,0.0
2025-01-10 19:30:00,1.1,-1.0,0.0,4.81,0.0
2025-01-10 19:45:00,1.2,-1.1,0.0,4.61,0.0
2025-01-10 20:00:00,1.2,-1.2,0.0,4.5,0.0
2025-01-10 20:15:00,1.1,-1.2,0.1,4.44,0.0
2025-01-10 20:30:00,0.9,-1.0,0.1,4.47,0.0
2025-01-10 20:45:00,0.8,-0.8,0.1,4.42,0.0
2025-01-10 21:00:00,0.6,-0.7,0.0,4.42,0.0
2025-01-10 21:15:00,0.5,-0.6,0.0,4.42,0.0
2025-01-10 21:30:00,0.5,-0.7,0.0,4.39,0.0
2025-01-10 21:45:00,0.4,-0.7,0.0,4.33,0.0
2025-01-10 22:00:00,0.4,-0.7,0.1,4.39,0.0
2025-01-10 22:15:00,0.5,-0.8,0.1,4.44,0.0
2025-01-10 22:30:00,0.6,-0.8,0.0,4.61,0.0
2025-01-10 22:45:00,0.8,-0.8,0.0,4.81,0.0
2025-01-10 23:00:00,0.8,-0.8,0.1,5.0,0.0
2025-01-10 23:15:00,0.8,-0.8,0.0,5.11,0.0
2025-01-10 23:30:00,0.7,-0.7,0.0,5.22,0.0
2025-01-10 23:45:00,0.6,-0.7,0.0,5.19,0.0
2025-01-11 00:00:00,0.6,-0.6,0.1,5.19,0.0
2025-01-11 00:15:00,0.5,-0.6,0.0,5.11,0.0
2025-01-11 00:30:00,0.5,-0.6,0.0,5.03,0.0
2025-01-11 00:45:00,0.5,-0.8,0.0,4.81,0.0
2025-01-11 01:00:00,0.5,-0.8,0.0,4.72,0.0
2025-01-11 01:15:00,0.5,-0.8,0.0,4.64,0.0
2025-01-11 01:30:00,0.5,-0.9,0.1,4.64,0.0
2025-01-11 01:45:00,0.5,-1.1,0.1,4.61,0.0
2025-01-11 02:00:00,0.5,-1.1,0.0,4.61,0.0
2025-01-11 02:15:00,0.5,-1.1,0.0,4.61,0.0
2025-01-11 02:30:00,0.5,-1.0,0.0,4.72,0.0
2025-01-11 02:45:00,0.4,-1.0,0.0,4.81,0.0
2025-01-11 03:00:00,0.4,-1.0,0.0,4.81,0.0
2025-01-11 03:15:00,0.4,-1.1,0.0,4.83,0.0
2025-01-11 03:30:00,0.3,-1.3,0.0,4.86,0.0
2025-01-11 03:45:00,0.3,-1.3,0.0,4.86,0.0
2025-01-11 04:00:00,0.2,-1.5,0.0,4.89,0.0
2025-01-11 04:15:00,0.2,-1.5,0.0,4.86,0.0
2025-01-11 04:30:00,0.2,-1.7,0.0,4.75,0.0
2025-01-11 04:45:00,0.3,-1.6,0.0,4.64,0.0
2025-01-11 05:00:00,0.3,-1.6,0.0,4.64,0.0
2025-01-11 05:15:00,0.3,-1.6,0.0,4.64,0.0
2025-01-11 05:30:00,0.3,-1.8,0.0,4.75,0.0
2025-01-11 05:45:00,0.3,-1.8,0.0,4.86,0.0
2025-01-11 06:00:00,0.3,-1.8,0.0,4.86,0.0
2025-01-11 06:15:00,0.3,-1.8,0.0,4.86,0.0
2025-01-11 06:30:00,0.3,-1.8,0.0,4.83,0.0
2025-01-11 06:45:00,0.2,-1.7,0.0,4.83,0.0
2025-01-11 07:00:00,0.2,-1.7,0.0,4.81,0.0
2025-01-11 07:15:00,0.2,-1.5,0.0,4.81,0.0
2025-01-11 07:30:00,0.2,-1.6,0.0,4.72,0.0
2025-01-11 07:45:00,0.2,-1.4,0.0,4.64,0.0
2025-01-11 08:00:00,0.1,-1.5,0.0,4.64,0.0
2025-01-11 08:15:00,0.1,-1.7,0.1,4.72,0.0
2025-01-11 08:30:00,0.1,-1.8,0.0,4.83,0.0
2025-01-11 08:45:00,0.0,-2.1,0.0,4.92,0.0
2025-01-11 09:00:00,-0.0,-2.3,0.0,5.03,0.0
2025-01-11 09:15:00,-0.1,-2.3,0.0,5.11,0.0
2025-01-11 09:30:00,-0.1,-2.2,0.0,5.22,0.0
2025-01-11 09:45:00,-0.2,-2.1,0.0,5.33,0.0
2025-01-11 10:00:00,-0.2,-2.1,0.0,5.42,0.0
2025-01-11 10:15:00,-0.3,-2.2,0.0,5.42,0.0
2025-01-11 10:30:00,-0.3,-2.2,0.0,5.42,0.0
2025-01-11 10:45:00,-0.3,-2.4,0.0,5.5,0.0
2025-01-11 11:00:00,-0.3,-2.4,0.1,5.61,0.0
2025-01-11 11:15:00,-0.4,-2.4,0.0,5.92,0.0
2025-01-11 11:30:00,-0.4,-2.4,0.0,6.33,0.0
2025-01-11 11:45:00,-0.4,-2.7,0.0,6.86,0.0
2025-01-11 12:00:00,-0.4,-2.7,0.1,7.19,0.0
2025-01-11 12:15:00,-0.4,-2.8,0.0,7.42,0.0
2025-01-11 12:30:00,-0.4,-2.8,0.0,7.64,0.0
2025-01-11 12:45:00,-0.3,-2.9,0.0,7.64,0.0
2025-01-11 13:00:00,-0.3,-3.0,0.0,7.75,0.0
2025-01-11 13:15:00,-0.3,-3.2,0.0,7.72,0.0
2025-01-11 13:30:00,-0.3,-3.2,0.0,7.58,0.0
2025-01-11 13:45:00,-0.3,-3.2,0.0,7.47,0.0
2025-01-11 14:00:00,-0.4,-3.3,0.0,7.47,0.0
2025-01-11 14:15:00,-0.4,-3.1,0.0,7.69,0.0
2025-01-11 14:30:00,-0.5,-3.0,0.1,7.92,0.0
2025-01-11 14:45:00,-0.6,-3.0,0.1,8.28,0.0
2025-01-11 15:00:00,-0.6,-2.8,0.1,8.31,0.0
2025-01-11 15:15:00,-0.7,-2.7,0.2,7.97,0.0
2025-01-11 15:30:00,-0.7,-2.8,0.2,7.42,0.0
2025-01-11 15:45:00,-0.8,-2.7,0.2,6.86,0.0
2025-01-11 16:00:00,-0.8,-2.7,0.1,6.53,0.0
2025-01-11 16:15:00,-0.9,-2.6,0.1,6.53,0.0
2025-01-11 16:30:00,-1.0,-2.7,0.1,6.72,0.0
2025-01-11 16:45:00,-1.0,-2.6,0.1,6.92,0.0
2025-01-11 17:00:00,-1.1,-2.7,0.2,7.03,0.0
2025-01-11 17:15:00,-1.1,-2.8,0.2,6.92,0.0
2025-01-11 17:30:00,-1.1,-2.8,0.1,6.83,0.0
2025-01-11 17:45:00,-1.0,-2.9,0.1,6.64,0.0
2025-01-11 18:00:00,-1.0,-3.1,0.1,6.56,0.0
2025-01-11 18:15:00,-1.0,-3.1,0.1,6.58,0.0
2025-01-11 18:30:00,-1.1,-3.0,0.1,6.58,0.0
2025-01-11 18:45:00,-1.1,-3.0,0.1,6.64,0.0
2025-01-11 19:00:00,-1.1,-2.9,0.1,6.64,0.0
2025-01-11 19:15:00,-1.1,-2.9,0.1,6.58,0.0
2025-01-11 19:30:00,-1.1,-2.7,0.1,6.53,0.0
2025-01-11 19:45:00,-1.1,-2.7,0.1,6.39,0.0
2025-01-11 20:00:00,-1.1,-2.7,0.1,6.33,0.0
2025-01-11 20:15:00,-1.0,-2.8,0.0,6.25,0.0
2025-01-11 20:30:00,-1.0,-2.7,0.0,6.25,0.0
2025-01-11 20:45:00,-0.9,-2.8,0.0,6.19,0.0
2025-01-11 21:00:00,-0.9,-2.9,0.0,6.14,0.0
2025-01-11 21:15:00,-0.9,-2.9,0.0,6.08,0.0
2025-01-11 21:30:00,-0.8,-2.9,0.0,6.03,0.0
2025-01-11 21:45:00,-0.8,-2.9,0.0,6.03,0.0
2025-01-11 22:00:00,-0.8,-2.9,0.0,5.94,0.0
2025-01-11 22:15:00,-0.8,-2.7,0.0,5.81,0.0
2025-01-11 22:30:00,-0.7,-2.5,0.0,5.78,0.0
2025-01-11 22:45:00,-0.7,-2.5,0.0,5.58,0.0
2025-01-11 23:00:00,-0.7,-2.3,0.0,5.56,0.0
2025-01-11 23:15:00,-0.7,-2.3,0.1,5.64,0.0
2025-01-11 23:30:00,-0.7,-2.3,0.1,5.78,0.0
2025-01-11 23:45:00,-0.7,-2.3,0.1,5.86,0.0
2025-01-12 00:00:00,-0.7,-2.3,0.1,6.0,0.0
2025-01-12 00:15:00,-0.7,-2.3,0.1,6.14,0.0
2025-01-12 00:30:00,-0.8,-2.5,0.1,6.14,0.0
2025-01-12 00:45:00,-0.8,-2.5,0.1,6.17,0.0
2025-01-12 01:00:00,-0.8,-2.5,0.1,6.17,0.0
2025-01-12 01:15:00,-0.7,-2.5,0.1,6.08,0.0
2025-01-12 01:30:00,-0.6,-2.3,0.1,5.94,0.0
2025-01-12 01:45:00,-0.5,-2.1,0.1,5.81,0.0
2025-01-12 02:00:00,-0.4,-2.0,0.0,5.69,0.0
2025-01-12 02:15:00,-0.4,-2.0,0.0,5.58,0.0
2025-01-12 02:30:00,-0.5,-1.9,0.1,5.36,0.0
2025-01-12 02:45:00,-0.5,-1.9,0.1,5.28,0.0
2025-01-12 03:00:00,-0.5,-2.0,0.1,5.19,0.0
2025-01-12 03:15:00,-0.5,-2.0,0.1,5.11,0.0
2025-01-12 03:30:00,-0.6,-1.9,0.1,5.11,0.0
2025-01-12 03:45:00,-0.6,-1.9,0.2,5.11,0.0
2025-01-12 04:00:00,-0.6,-1.9,0.2,5.11,0.0
2025-01-12 04:15:00,-0.5,-1.8,0.1,5.14,0.0
2025-01-12 04:30:00,-0.5,-1.8,0.1,5.19,0.0
2025-01-12 04:45:00,-0.5,-1.8,0.1,5.22,0.0
2025-01-12 05:00:00,-0.4,-1.7,0.1,5.28,0.0
2025-01-12 05:15:00,-0.4,-1.7,0.1,5.28,0.0
2025-01-12 05:30:00,-0.4,-1.7,0.1,5.25,0.0
2025-01-12 05:45:00,-0.5,-1.9,0.1,5.17,0.0
2025-01-12 06:00:00,-0.5,-1.9,0.1,5.17,0.0
2025-01-12 06:15:00,-0.5,-1.9,0.0,5.17,0.0
2025-01-12 06:30:00,-0.5,-2.1,0.0,5.17,0.0
2025-01-12 06:45:00,-0.5,-2.2,0.0,5.22,0.0
2025-01-12 07:00:00,-0.5,-2.2,0.0,5.22,0.0
2025-01-12 07:15:00,-0.4,-2.2,0.0,5.28,0.0
2025-01-12 07:30:00,-0.3,-2.1,0.0,5.19,0.0
2025-01-12 07:45:00,-0.3,-1.9,0.0,5.25,0.0
2025-01-12 08:00:00,-0.2,-1.8,0.0,5.25,0.0
2025-01-12 08:15:00,-0.2,-1.8,0.0,5.25,0.0
2025-01-12 08:30:00,-0.2,-1.8,0.0,5.28,0.0
2025-01-12 08:45:00,-0.3,-1.9,0.0,5.31,0.0
2025-01-12 09:00:00,-0.3,-1.9,0.0,5.31,0.0
2025-01-12 09:15:00,-0.3,-1.9,0.0,5.31,0.0
2025-01-12 09:30:00,-0.3,-1.9,0.0,5.44,0.0
2025-01-12 09:45:00,-0.4,-2.0,0.0,5.5,0.0
2025-01-12 10:00:00,-0.4,-2.0,0.0,5.5,0.0
2025-01-12 10:15:00,-0.3,-1.9,0.1,5.5,0.0
2025-01-12 10:30:00,-0.3,-1.7,0.1,5.44,0.0
2025-01-12 10:45:00,-0.2,-1.7,0.1,5.53,0.0
2025-01-12 11:00:00,-0.2,-1.6,0.1,5.53,0.0
2025-01-12 11:15:00,-0.1,-1.6,0.0,5.58,0.0
2025-01-12 11:30:00,-0.1,-1.7,0.0,5.69,0.0
2025-01-12 11:45:00,-0.1,-1.7,0.0,5.89,0.0
2025-01-12 12:00:00,-0.0,-1.8,0.0,6.0,0.0
2025-01-12 12:15:00,-0.0,-1.9,0.0,6.14,0.0
2025-01-12 12:30:00,0.0,-2.1,0.0,6.19,0.0
2025-01-12 12:45:00,0.0,-2.2,0.0,6.28,0.0
2025-01-12 13:00:00,0.0,-2.4,0.0,6.28,0.0
2025-01-12 13:15:00,0.1,-2.6,0.0,6.28,0.0
2025-01-12 13:30:00,0.1,-3.0,0.0,6.14,0.0
2025-01-12 13:45:00,0.1,-3.3,0.0,6.0,0.0
2025-01-12 14:00:00,0.1,-3.4,0.0,5.92,0.0
2025-01-12 14:15:00,0.1,-3.6,0.0,5.92,0.0
2025-01-12 14:30:00,0.1,-3.6,0.0,6.06,0.0
2025-01-12 14:45:00,0.1,-3.6,0.0,6.06,0.0
2025-01-12 15:00:00,0.1,-3.5,0.0,6.06,0.0
2025-01-12 15:15:00,0.0,-3.4,0.0,5.83,0.0
2025-01-12 15:30:00,-0.1,-3.1,0.0,5.47,0.0
2025-01-12 15:45:00,-0.1,-3.0,0.0,5.06,0.0
2025-01-12 16:00:00,-0.2,-2.9,0.0,4.92,0.0
2025-01-12 16:15:00,-0.3,-3.0,0.0,4.94,0.0
2025-01-12 16:30:00,-0.4,-3.1,0.0,5.03,0.0
2025-01-12 16:45:00,-0.5,-3.2,0.0,5.28,0.0
2025-01-12 17:00:00,-0.5,-3.2,0.0,5.42,0.0
2025-01-12 17:15:00,-0.6,-3.3,0.0,5.47,0.0
2025-01-12 17:30:00,-0.6,-3.4,0.0,5.58,0.0
2025-01-12 17:45:00,-0.6,-3.7,0.0,5.64,0.0
2025-01-12 18:00:00,-0.6,-3.7,0.0,5.69,0.0
2025-01-12 18:15:00,-0.7,-3.7,0.0,5.69,0.0
2025-01-12 18:30:00,-0.7,-3.6,0.0,5.67,0.0
2025-01-12 18:45:00,-0.8,-3.6,0.0,5.61,0.0
2025-01-12 19:00:00,-0.8,-3.6,0.0,5.56,0.0
2025-01-12 19:15:00,-0.8,-3.8,0.0,5.5,0.0
2025-01-12 19:30:00,-0.7,-3.9,0.0,5.42,0.0
2025-01-12 19:45:00,-0.7,-4.0,0.0,5.33,0.0
2025-01-12 20:00:00,-0.7,-4.0,0.0,5.25,0.0
2025-01-12 20:15:00,-0.7,-4.0,0.0,5.22,0.0
2025-01-12 20:30:00,-0.7,-3.9,0.0,5.28,0.0
2025-01-12 20:45:00,-0.7,-3.8,0.0,5.33,0.0
2025-01-12 21:00:00,-0.7,-3.8,0.0,5.33,0.0
2025-01-12 21:15:00,-0.7,-3.8,0.0,5.25,0.0
2025-01-12 21:30:00,-0.7,-3.8,0.0,5.11,0.0
2025-01-12 21:45:00,-0.7,-3.8,0.0,4.97,0.0
2025-01-12 22:00:00,-0.7,-3.7,0.0,4.83,0.0
2025-01-12 22:15:00,-0.6,-3.7,0.0,4.83,0.0
2025-01-12 22:30:00,-0.5,-3.7,0.0,4.83,0.0
2025-01-12 22:45:00,-0.4,-3.6,0.0,4.83,0.0
2025-01-12 23:00:00,-0.4,-3.6,0.0,4.92,0.0
2025-01-12 23:15:00,-0.4,-3.6,0.0,5.0,0.0
2025-01-12 23:30:00,-0.4,-3.6,0.0,5.17,0.0
2025-01-12 23:45:00,-0.4,-3.5,0.0,5.25,0.0
2025-01-13 00:00:00,-0.5,-3.5,0.0,5.25,0.0
2025-01-13 00:15:00,-0.5,-3.5,0.0,5.17,0.0
2025-01-13 00:30:00,-0.5,-3.4,0.0,5.0,0.0
2025-01-13 00:45:00,-0.5,-3.2,0.0,4.75,0.0
2025-01-13 01:00:00,-0.5,-3.2,0.0,4.61,0.0
2025-01-13 01:15:00,-0.5,-3.2,0.0,4.53,0.0
2025-01-13 01:30:00,-0.4,-3.0,0.0,4.44,0.0
2025-01-13 01:45:00,-0.4,-2.9,0.0,4.39,0.0
2025-01-13 02:00:00,-0.3,-2.9,0.0,4.39,0.0
2025-01-13 02:15:00,-0.3,-2.9,0.0,4.33,0.0
2025-01-13 02:30:00,-0.4,-2.8,0.0,4.36,0.0
2025-01-13 02:45:00,-0.4,-2.8,0.0,4.33,0.0
2025-01-13 03:00:00,-0.5,-2.9,0.0,4.28,0.0
2025-01-13 03:15:00,-0.5,-2.9,0.0,4.22,0.0
2025-01-13 03:30:00,-0.5,-2.9,0.0,4.17,0.0
2025-01-13 03:45:00,-0.5,-2.9,0.0,4.11,0.0
2025-01-13 04:00:00,-0.6,-3.0,0.0,4.03,0.0
2025-01-13 04:15:00,-0.6,-3.0,0.0,3.94,0.0
2025-01-13 04:30:00,-0.6,-3.0,0.0,3.78,0.0
2025-01-13 04:45:00,-0.7,-2.9,0.0,3.67,0.0
2025-01-13 05:00:00,-0.7,-2.9,0.0,3.58,0.0
2025-01-13 05:15:00,-0.8,-3.0,0.0,3.5,0.0
2025-01-13 05:30:00,-0.8,-2.9,0.0,3.47,0.0
2025-01-13 05:45:00,-0.9,-2.9,0.0,3.47,0.0
2025-01-13 06:00:00,-0.9,-3.0,0.0,3.47,0.0
2025-01-13 06:15:00,-1.0,-3.1,0.0,3.47,0.0
2025-01-13 06:30:00,-1.1,-3.0,0.0,3.47,0.0
2025-01-13 06:45:00,-1.2,-3.1,0.0,3.42,0.0
2025-01-13 07:00:00,-1.2,-3.1,0.0,3.42,0.0
2025-01-13 07:15:00,-1.2,-3.1,0.0,3.33,0.0
2025-01-13 07:30:00,-1.2,-3.1,0.0,3.33,0.0
2025-01-13 07:45:00,-1.2,-3.1,0.0,3.33,0.0
2025-01-13 08:00:00,-1.2,-3.1,0.0,3.25,0.0
2025-01-13 08:15:00,-1.3,-3.2,0.0,3.25,0.0
2025-01-13 08:30:00,-1.4,-3.3,0.0,3.19,0.0
2025-01-13 08:45:00,-1.5,-3.4,0.0,3.19,0.0
2025-01-13 09:00:00,-1.5,-3.4,0.0,3.11,0.0
2025-01-13 09:15:00,-1.6,-3.5,0.0,3.06,0.0
2025-01-13 09:30:00,-1.7,-3.6,0.0,3.06,0.0
2025-01-13 09:45:00,-1.7,-3.6,0.0,2.97,0.0
2025-01-13 10:00:00,-1.7,-3.6,0.0,2.92,0.0
2025-01-13 10:15:00,-1.7,-3.6,0.0,2.94,26.48
2025-01-13 10:30:00,-1.5,-3.3,0.0,2.92,133.95
2025-01-13 10:45:00,-1.4,-3.0,0.0,2.92,259.27
2025-01-13 11:00:00,-1.3,-2.9,0.0,2.94,435.78
2025-01-13 11:15:00,-1.3,-2.9,0.0,2.94,0.0
2025-01-13 11:30:00,-1.3,-2.9,0.0,3.06,0.0
2025-01-13 11:45:00,-1.2,-2.8,0.0,2.94,0.0
2025-01-13 12:00:00,-1.2,-2.8,0.0,2.94,0.0
2025-01-13 12:15:00,-1.2,-2.8,0.0,2.86,0.0
2025-01-13 12:30:00,-1.2,-2.8,0.0,2.81,0.0
2025-01-13 12:45:00,-1.1,-2.9,0.0,2.64,0.0
2025-01-13 13:00:00,-1.1,-2.8,0.0,2.56,0.0
2025-01-13 13:15:00,-1.0,-2.7,0.0,2.47,0.0
2025-01-13 13:30:00,-0.8,-2.6,0.0,2.47,0.0
2025-01-13 13:45:00,-0.7,-2.6,0.0,2.39,0.0
2025-01-13 14:00:00,-0.5,-2.4,0.0,2.31,0.0
2025-01-13 14:15:00,-0.4,-2.5,0.0,2.22,0.0
2025-01-13 14:30:00,-0.4,-2.6,0.0,2.14,374.15
2025-01-13 14:45:00,-0.3,-2.7,0.0,1.92,61.26
2025-01-13 15:00:00,-0.3,-2.8,0.0,1.83,98.21
2025-01-13 15:15:00,-0.3,-3.0,0.0,1.78,0.0
2025-01-13 15:30:00,-0.3,-3.0,0.0,1.69,0.0
2025-01-13 15:45:00,-0.3,-3.0,0.0,1.64,0.0
2025-01-13 16:00:00,-0.4,-3.1,0.0,1.56,0.0
2025-01-13 16:15:00,-0.5,-3.0,0.0,1.5,0.0
2025-01-13 16:30:00,-0.6,-3.0,0.0,1.5,0.0
2025-01-13 16:45:00,-0.7,-2.9,0.0,1.36,0.0
2025-01-13 17:00:00,-0.7,-2.8,0.0,1.36,0.0
2025-01-13 17:15:00,-0.7,-2.8,0.0,1.36,0.0
2025-01-13 17:30:00,-0.7,-2.8,0.0,1.33,0.0
2025-01-13 17:45:00,-0.7,-2.9,0.0,1.33,0.0
2025-01-13 18:00:00,-0.7,-2.9,0.0,1.33,0.0
2025-01-13 18:15:00,-0.7,-2.9,0.0,1.28,0.0
2025-01-13 18:30:00,-0.7,-2.9,0.0,1.14,0.0
2025-01-13 18:45:00,-0.8,-3.2,0.0,0.97,0.0
2025-01-13 19:00:00,-0.8,-3.2,0.0,1.06,0.0
2025-01-13 19:15:00,-0.8,-3.4,0.0,1.14,0.0
2025-01-13 19:30:00,-0.8,-3.4,0.0,1.28,0.0
2025-01-13 19:45:00,-0.9,-3.6,0.0,1.5,0.0
2025-01-13 20:00:00,-0.9,-3.6,0.0,1.5,0.0
2025-01-13 20:15:00,-1.0,-3.5,0.0,1.33,0.0
2025-01-13 20:30:00,-1.0,-3.4,0.0,1.11,0.0
2025-01-13 20:45:00,-1.1,-3.3,0.0,0.97,0.0
2025-01-13 21:00:00,-1.1,-3.2,0.0,1.0,0.0
2025-01-13 21:15:00,-1.2,-3.1,0.0,1.0,0.0
2025-01-13 21:30:00,-1.2,-3.1,0.0,1.0,0.0
2025-01-13 21:45:00,-1.3,-3.1,0.0,1.0,0.0
2025-01-13 22:00:00,-1.4,-3.2,0.0,1.0,0.0
2025-01-13 22:15:00,-1.6,-3.5,0.0,1.06,0.0
2025-01-13 22:30:00,-1.8,-3.7,0.0,1.14,0.0
2025-01-13 22:45:00,-2.0,-4.1,0.0,1.25,0.0
2025-01-13 23:00:00,-2.2,-4.4,0.0,1.33,0.0
2025-01-13 23:15:00,-2.3,-4.5,0.0,1.39,0.0
2025-01-13 23:30:00,-2.4,-4.4,0.0,1.44,0.0
2025-01-13 23:45:00,-2.5,-4.5,0.0,1.44,0.0
2025-01-14 00:00:00,-2.5,-4.4,0.0,1.42,0.0
2025-01-14 00:15:00,-2.6,-4.5,0.0,1.42,0.0
2025-01-14 00:30:00,-2.6,-4.4,0.0,1.31,0.0
2025-01-14 00:45:00,-2.7,-4.4,0.0,1.19,0.0
2025-01-14 01:00:00,-2.7,-4.3,0.0,1.11,0.0
2025-01-14 01:15:00,-2.7,-4.2,0.0,1.11,0.0
2025-01-14 01:30:00,-2.7,-4.0,0.0,1.11,0.0
2025-01-14 01:45:00,-2.7,-3.9,0.0,1.11,0.0
2025-01-14 02:00:00,-2.7,-3.9,0.0,1.11,0.0
2025-01-14 02:15:00,-2.7,-3.9,0.0,1.11,0.0
2025-01-14 02:30:00,-2.7,-3.9,0.0,1.11,0.0
2025-01-14 02:45:00,-2.8,-4.1,0.0,1.11,0.0
2025-01-14 03:00:00,-2.8,-4.1,0.0,1.11,0.0
2025-01-14 03:15:00,-2.8,-4.1,0.0,1.11,0.0
2025-01-14 03:30:00,-2.9,-4.3,0.0,1.19,0.0
2025-01-14 03:45:00,-2.9,-4.3,0.0,1.31,0.0
2025-01-14 04:00:00,-2.9,-4.3,0.0,1.31,0.0
2025-01-14 04:15:00,-2.9,-4.3,0.0,1.31,0.0
2025-01-14 04:30:00,-2.9,-4.3,0.0,1.31,0.0
2025-01-14 04:45:00,-2.9,-4.3,0.0,1.31,0.0
2025-01-14 05:00:00,-2.9,-4.3,0.0,1.19,0.0
2025-01-14 05:15:00,-2.8,-4.2,0.0,1.11,0.0
2025-01-14 05:30:00,-2.8,-4.4,0.0,0.89,0.0
2025-01-14 05:45:00,-2.8,-4.5,0.0,0.81,0.0
2025-01-14 06:00:00,-2.8,-4.5,0.0,0.72,0.0
2025-01-14 06:15:00,-2.8,-4.5,0.0,0.72,0.0
2025-01-14 06:30:00,-2.8,-4.5,0.0,0.83,0.0
2025-01-14 06:45:00,-2.8,-4.5,0.0,0.92,0.0
2025-01-14 07:00:00,-2.8,-4.5,0.0,1.03,0.0
2025-01-14 07:15:00,-2.9,-4.6,0.0,1.03,0.0
2025-01-14 07:30:00,-2.9,-4.6,0.0,1.03,0.0
2025-01-14 07:45:00,-2.9,-4.6,0.0,0.92,0.0
2025-01-14 08:00:00,-3.0,-4.7,0.0,0.92,0.0
2025-01-14 08:15:00,-3.0,-4.7,0.0,0.89,0.0
2025-01-14 08:30:00,-3.1,-4.8,0.0,1.03,0.0
2025-01-14 08:45:00,-3.2,-4.9,0.0,1.06,0.0
2025-01-14 09:00:00,-3.2,-4.9,0.0,1.17,0.0
2025-01-14 09:15:00,-3.1,-5.0,0.0,1.25,0.0
2025-01-14 09:30:00,-3.0,-5.2,0.0,1.31,0.0
2025-01-14 09:45:00,-2.8,-5.3,0.0,1.39,0.0
2025-01-14 10:00:00,-2.6,-5.4,0.0,1.5,321.85
2025-01-14 10:15:00,-2.3,-5.3,0.0,1.5,801.71
2025-01-14 10:30:00,-2.0,-5.0,0.0,1.42,879.93
2025-01-14 10:45:00,-1.6,-4.8,0.0,1.31,900.0
2025-01-14 11:00:00,-1.3,-4.5,0.0,1.22,900.0
2025-01-14 11:15:00,-1.1,-4.3,0.0,1.03,449.94
2025-01-14 11:30:00,-0.8,-4.2,0.0,0.94,628.1
2025-01-14 11:45:00,-0.6,-4.0,0.0,0.75,454.79
2025-01-14 12:00:00,-0.4,-3.9,0.0,0.67,441.15
2025-01-14 12:15:00,-0.1,-3.9,0.0,0.67,566.29
2025-01-14 12:30:00,0.1,-3.7,0.0,0.86,819.22
2025-01-14 12:45:00,0.3,-3.6,0.0,0.94,900.0
2025-01-14 13:00:00,0.5,-3.6,0.0,1.08,900.0
2025-01-14 13:15:00,0.7,-3.6,0.0,1.17,900.0
2025-01-14 13:30:00,0.9,-3.4,0.0,1.36,900.0
2025-01-14 13:45:00,1.1,-3.4,0.0,1.56,900.0
2025-01-14 14:00:00,1.2,-3.3,0.0,1.64,484.09
2025-01-14 14:15:00,1.4,-3.1,0.0,1.64,33.32
2025-01-14 14:30:00,1.6,-3.1,0.0,1.69,223.7
2025-01-14 14:45:00,1.8,-2.9,0.0,1.64,113.91
2025-01-14 15:00:00,1.9,-2.8,0.0,1.56,90.42
2025-01-14 15:15:00,1.8,-2.7,0.0,1.5,0.0
2025-01-14 15:30:00,1.7,-2.6,0.0,1.42,0.0
2025-01-14 15:45:00,1.6,-2.4,0.0,1.28,0.0
2025-01-14 16:00:00,1.5,-2.5,0.0,1.28,0.0
2025-01-14 16:15:00,1.4,-2.7,0.0,1.36,0.0
2025-01-14 16:30:00,1.3,-3.0,0.0,1.67,0.0
2025-01-14 16:45:00,1.3,-3.4,0.0,2.0,0.0
2025-01-14 17:00:00,1.2,-3.7,0.0,2.17,0.0
2025-01-14 17:15:00,1.2,-3.7,0.0,2.17,0.0
2025-01-14 17:30:00,1.1,-3.6,0.0,2.14,0.0
2025-01-14 17:45:00,1.0,-3.7,0.0,1.94,0.0
2025-01-14 18:00:00,1.0,-3.7,0.0,1.97,0.0
2025-01-14 18:15:00,1.1,-3.8,0.0,2.08,0.0
2025-01-14 18:30:00,1.1,-4.1,0.0,2.25,0.0
2025-01-14 18:45:00,1.2,-4.3,0.0,2.42,0.0
2025-01-14 19:00:00,1.2,-4.4,0.0,2.58,0.0
2025-01-14 19:15:00,1.3,-4.4,0.0,2.81,0.0
2025-01-14 19:30:00,1.3,-4.2,0.0,2.97,0.0
2025-01-14 19:45:00,1.3,-4.0,0.1,3.19,0.0
2025-01-14 20:00:00,1.3,-3.8,0.0,3.33,0.0
2025-01-14 20:15:00,1.3,-3.6,0.2,3.25,0.0
2025-01-14 20:30:00,1.2,-3.5,0.1,3.11,0.0
2025-01-14 20:45:00,1.2,-3.5,0.0,3.06,0.0
2025-01-14 21:00:00,1.2,-3.3,0.0,3.0,0.0
2025-01-14 21:15:00,1.2,-3.1,0.1,2.94,0.0
2025-01-14 21:30:00,1.2,-3.1,0.0,2.83,0.0
2025-01-14 21:45:00,1.2,-2.9,0.1,2.72,0.0
2025-01-14 22:00:00,1.3,-2.7,0.0,2.72,0.0
2025-01-14 22:15:00,1.3,-2.5,0.0,2.72,0.0
2025-01-14 22:30:00,1.3,-2.3,0.1,2.78,0.0
2025-01-14 22:45:00,1.4,-2.1,0.1,2.86,0.0
2025-01-14 23:00:00,1.4,-1.9,0.3,2.83,0.0
2025-01-14 23:15:00,1.3,-1.8,0.4,2.75,0.0
2025-01-14 23:30:00,1.3,-1.6,0.2,2.58,0.0
2025-01-14 23:45:00,1.2,-1.6,0.1,2.44,0.0
2025-01-15 00:00:00,1.2,-1.4,0.0,2.5,0.0
2025-01-15 00:15:00,1.3,-1.3,0.1,2.81,0.0
2025-01-15 00:30:00,1.4,-1.0,0.0,3.33,0.0
2025-01-15 00:45:00,1.6,-0.9,0.0,3.78,0.0
2025-01-15 01:00:00,1.6,-0.6,0.1,4.11,0.0
2025-01-15 01:15:00,1.6,-0.4,0.1,4.22,0.0
2025-01-15 01:30:00,1.4,-0.1,0.1,4.11,0.0
2025-01-15 01:45:00,1.2,0.1,0.1,4.0,0.0
2025-01-15 02:00:00,1.1,0.3,0.1,3.97,0.0
2025-01-15 02:15:00,1.1,0.3,0.1,3.97,0.0
2025-01-15 02:30:00,1.1,0.3,0.1,4.06,0.0
2025-01-15 02:45:00,1.1,0.3,0.1,4.06,0.0
2025-01-15 03:00:00,1.1,0.3,0.0,4.08,0.0
2025-01-15 03:15:00,1.1,0.3,0.1,4.03,0.0
2025-01-15 03:30:00,1.1,0.3,0.0,4.03,0.0
2025-01-15 03:45:00,1.1,0.4,0.0,3.94,0.0
2025-01-15 04:00:00,1.1,0.4,0.2,3.89,0.0
2025-01-15 04:15:00,1.1,0.3,0.2,3.86,0.0
2025-01-15 04:30:00,1.0,0.4,0.1,3.64,0.0
2025-01-15 04:45:00,0.9,0.3,0.1,3.53,0.0
2025-01-15 05:00:00,0.8,0.2,0.0,3.47,0.0
2025-01-15 05:15:00,0.8,0.2,0.0,3.36,0.0
2025-01-15 05:30:00,0.9,0.3,0.0,3.25,0.0
2025-01-15 05:45:00,1.0,0.4,0.0,3.25,0.0
2025-01-15 06:00:00,1.1,0.5,0.0,3.17,0.0
2025-01-15 06:15:00,1.2,0.6,0.0,3.17,0.0
2025-01-15 06:30:00,1.2,0.6,0.0,3.19,0.0
2025-01-15 06:45:00,1.3,0.7,0.0,3.25,0.0
2025-01-15 07:00:00,1.4,0.8,0.0,3.28,0.0
2025-01-15 07:15:00,1.4,0.8,0.0,3.36,0.0
2025-01-15 07:30:00,1.4,1.0,0.0,3.53,0.0
2025-01-15 07:45:00,1.4,1.0,0.0,3.58,0.0
2025-01-15 08:00:00,1.4,1.0,0.0,3.61,0.0
2025-01-15 08:15:00,1.4,1.0,0.0,3.58,0.0
2025-01-15 08:30:00,1.5,1.0,0.0,3.44,0.0
2025-01-15 08:45:00,1.5,1.0,0.0,3.28,0.0
2025-01-15 09:00:00,1.5,1.1,0.0,3.14,0.0
2025-01-15 09:15:00,1.6,1.1,0.0,3.14,0.0
2025-01-15 09:30:00,1.6,1.3,0.0,3.06,0.0
2025-01-15 09:45:00,1.6,1.3,0.0,3.08,0.0
2025-01-15 10:00:00,1.7,1.4,0.0,3.0,0.0
2025-01-15 10:15:00,1.7,1.4,0.0,2.92,0.0
2025-01-15 10:30:00,1.8,1.5,0.1,2.81,0.0
2025-01-15 10:45:00,1.9,1.6,0.0,2.64,0.0
2025-01-15 11:00:00,2.0,1.7,0.0,2.56,0.0
2025-01-15 11:15:00,2.0,1.7,0.0,2.47,0.0
2025-01-15 11:30:00,2.1,1.8,0.0,2.47,0.0
2025-01-15 11:45:00,2.2,1.7,0.0,2.44,0.0
2025-01-15 12:00:00,2.3,1.8,0.1,2.44,0.0
2025-01-15 12:15:00,2.4,1.9,0.1,2.44,0.0
2025-01-15 12:30:00,2.4,2.0,0.0,2.5,0.0
2025-01-15 12:45:00,2.5,2.1,0.0,2.64,0.0
2025-01-15 13:00:00,2.6,2.2,0.0,2.64,0.0
2025-01-15 13:15:00,2.7,2.1,0.0,2.64,0.0
2025-01-15 13:30:00,2.9,2.1,0.0,2.64,0.0
2025-01-15 13:45:00,3.0,1.9,0.0,2.64,0.0
2025-01-15 14:00:00,3.1,1.9,0.0,2.56,0.0
2025-01-15 14:15:00,3.3,1.9,0.0,2.47,0.0
2025-01-15 14:30:00,3.4,2.1,0.0,2.42,0.0
2025-01-15 14:45:00,3.6,2.2,0.0,2.33,0.0
2025-01-15 15:00:00,3.7,2.3,0.0,2.33,0.0
2025-01-15 15:15:00,3.7,2.4,0.0,2.36,0.0
2025-01-15 15:30:00,3.7,2.2,0.0,2.42,0.0
2025-01-15 15:45:00,3.7,2.2,0.0,2.5,0.0
2025-01-15 16:00:00,3.7,2.2,0.0,2.47,0.0
2025-01-15 16:15:00,3.7,2.2,0.0,2.28,0.0
2025-01-15 16:30:00,3.7,2.2,0.0,2.06,0.0
2025-01-15 16:45:00,3.6,2.3,0.0,1.78,0.0
2025-01-15 17:00:00,3.6,2.2,0.0,1.69,0.0
2025-01-15 17:15:00,3.5,2.2,0.0,1.69,0.0
2025-01-15 17:30:00,3.5,2.3,0.0,1.56,0.0
2025-01-15 17:45:00,3.5,2.3,0.0,1.58,0.0
2025-01-15 18:00:00,3.4,2.4,0.0,1.58,0.0
2025-01-15 18:15:00,3.4,2.5,0.0,1.56,0.0
2025-01-15 18:30:00,3.3,2.4,0.0,1.56,0.0
2025-01-15 18:45:00,3.3,2.6,0.0,1.56,0.0
2025-01-15 19:00:00,3.3,2.5,0.0,1.64,0.0
2025-01-15 19:15:00,3.3,2.5,0.0,1.69,0.0
2025-01-15 19:30:00,3.3,2.5,0.0,1.69,0.0
2025-01-15 19:45:00,3.3,2.5,0.0,1.78,0.0
2025-01-15 20:00:00,3.3,2.5,0.0,1.78,0.0
2025-01-15 20:15:00,3.3,2.5,0.0,1.86,0.0
2025-01-15 20:30:00,3.2,2.6,0.0,1.86,0.0
2025-01-15 20:45:00,3.2,2.6,0.0,1.81,0.0
2025-01-15 21:00:00,3.2,2.6,0.0,1.81,0.0
2025-01-15 21:15:00,3.1,2.5,0.0,1.67,0.0
2025-01-15 21:30:00,3.1,2.5,0.0,1.53,0.0
2025-01-15 21:45:00,3.1,2.5,0.0,1.36,0.0
2025-01-15 22:00:00,3.0,2.4,0.0,1.22,0.0
2025-01-15 22:15:00,3.0,2.4,0.0,1.22,0.0
2025-01-15 22:30:00,2.9,2.5,0.0,1.22,0.0
2025-01-15 22:45:00,2.9,2.5,0.0,1.22,0.0
2025-01-15 23:00:00,2.9,2.4,0.0,1.22,0.0
2025-01-15 23:15:00,2.9,2.4,0.0,1.14,0.0
2025-01-15 23:30:00,2.8,2.4,0.0,1.08,0.0
2025-01-15 23:45:00,2.8,2.4,0.0,1.0,0.0
2025-01-16 00:00:00,2.8,2.4,0.0,0.92,0.0
2025-01-16 00:15:00,2.8,2.4,0.0,0.86,0.0
2025-01-16 00:30:00,2.8,2.3,0.0,0.92,0.0
2025-01-16 00:45:00,2.7,2.3,0.0,0.86,0.0
2025-01-16 01:00:00,2.7,2.3,0.0,0.86,0.0
2025-01-16 01:15:00,2.7,2.3,0.0,0.81,0.0
2025-01-16 01:30:00,2.7,2.1,0.0,0.81,0.0
2025-01-16 01:45:00,2.7,1.9,0.0,0.67,0.0
2025-01-16 02:00:00,2.7,1.9,0.0,0.67,0.0
2025-01-16 02:15:00,2.7,1.9,0.0,0.67,0.0
2025-01-16 02:30:00,2.6,1.9,0.0,0.58,0.0
2025-01-16 02:45:00,2.6,2.0,0.0,0.58,0.0
2025-01-16 03:00:00,2.6,2.0,0.0,0.58,0.0
2025-01-16 03:15:00,2.6,2.0,0.0,0.53,0.0
2025-01-16 03:30:00,2.6,2.0,0.0,0.53,0.0
2025-01-16 03:45:00,2.6,1.9,0.0,0.5,0.0
2025-01-16 04:00:00,2.6,1.9,0.0,0.5,0.0
2025-01-16 04:15:00,2.6,1.9,0.0,0.5,0.0
2025-01-16 04:30:00,2.6,1.8,0.0,0.42,0.0
2025-01-16 04:45:00,2.5,1.8,0.0,0.44,0.0
2025-01-16 05:00:00,2.5,1.7,0.0,0.44,0.0
2025-01-16 05:15:00,2.4,1.7,0.0,0.53,0.0
2025-01-16 05:30:00,2.4,1.7,0.0,0.69,0.0
2025-01-16 05:45:00,2.4,1.6,0.0,0.81,0.0
2025-01-16 06:00:00,2.4,1.6,0.0,0.89,0.0
2025-01-16 06:15:00,2.3,1.6,0.0,0.89,0.0
2025-01-16 06:30:00,2.3,1.7,0.0,0.92,0.0
2025-01-16 06:45:00,2.3,1.7,0.0,0.81,0.0
2025-01-16 07:00:00,2.3,1.7,0.0,0.81,0.0
2025-01-16 07:15:00,2.3,1.7,0.0,0.92,0.0
2025-01-16 07:30:00,2.3,1.7,0.0,1.11,0.0
2025-01-16 07:45:00,2.3,1.6,0.0,1.19,0.0
2025-01-16 08:00:00,2.4,1.6,0.0,1.31,0.0
2025-01-16 08:15:00,2.4,1.6,0.0,1.31,0.0
2025-01-16 08:30:00,2.4,1.8,0.0,1.19,0.0
2025-01-16 08:45:00,2.4,1.8,0.0,1.22,0.0
2025-01-16 09:00:00,2.4,1.8,0.0,1.14,0.0
2025-01-16 09:15:00,2.5,1.9,0.0,1.17,0.0
2025-01-16 09:30:00,2.5,1.9,0.0,1.19,0.0
2025-01-16 09:45:00,2.6,2.0,0.0,1.31,0.0
2025-01-16 10:00:00,2.6,1.9,0.0,1.31,0.0
2025-01-16 10:15:00,2.7,1.8,0.0,1.33,0.0
2025-01-16 10:30:00,2.8,1.8,0.0,1.39,0.0
2025-01-16 10:45:00,2.9,1.6,0.0,1.44,0.0
2025-01-16 11:00:00,3.0,1.5,0.0,1.64,0.0
2025-01-16 11:15:00,3.1,1.5,0.0,1.83,0.0
2025-01-16 11:30:00,3.3,1.5,0.0,1.92,0.0
2025-01-16 11:45:00,3.4,1.4,0.0,2.14,0.0
2025-01-16 12:00:00,3.5,1.3,0.0,2.33,0.0
2025-01-16 12:15:00,3.6,1.1,0.0,2.53,0.0
2025-01-16 12:30:00,3.7,0.9,0.0,2.64,0.0
2025-01-16 12:45:00,3.8,0.8,0.0,2.81,0.0
2025-01-16 13:00:00,3.8,0.7,0.0,2.92,0.0
2025-01-16 13:15:00,3.7,0.8,0.0,3.0,0.0
2025-01-16 13:30:00,3.6,0.9,0.0,3.03,0.0
2025-01-16 13:45:00,3.4,1.1,0.0,2.97,0.0
2025-01-16 14:00:00,3.3,1.2,0.0,3.0,0.0
2025-01-16 14:15:00,3.3,1.2,0.0,2.92,0.0
2025-01-16 14:30:00,3.4,1.1,0.0,2.78,0.0
2025-01-16 14:45:00,3.5,1.1,0.0,2.58,0.0
2025-01-16 15:00:00,3.6,0.9,0.0,2.44,0.0
2025-01-16 15:15:00,3.6,1.0,0.0,2.44,0.0
2025-01-16 15:30:00,3.6,1.0,0.0,2.42,0.0
2025-01-16 15:45:00,3.7,1.0,0.0,2.42,0.0
2025-01-16 16:00:00,3.6,1.2,0.0,2.42,0.0
2025-01-16 16:15:00,3.5,1.2,0.0,2.5,0.0
2025-01-16 16:30:00,3.4,1.4,0.0,2.61,0.0
2025-01-16 16:45:00,3.2,1.4,0.0,2.72,0.0
2025-01-16 17:00:00,3.1,1.5,0.0,2.72,0.0
2025-01-16 17:15:00,3.0,1.4,0.0,2.69,0.0
2025-01-16 17:30:00,3.0,1.3,0.0,2.61,0.0
2025-01-16 17:45:00,2.9,1.1,0.0,2.5,0.0
2025-01-16 18:00:00,2.9,1.1,0.0,2.39,0.0
2025-01-16 18:15:00,2.8,1.0,0.0,2.31,0.0
2025-01-16 18:30:00,2.7,1.1,0.0,2.22,0.0
2025-01-16 18:45:00,2.6,1.0,0.0,2.17,0.0
2025-01-16 19:00:00,2.6,1.1,0.0,2.17,0.0
2025-01-16 19:15:00,2.5,1.2,0.0,2.14,0.0
2025-01-16 19:30:00,2.5,1.1,0.0,2.11,0.0
2025-01-16 19:45:00,2.5,1.3,0.0,2.19,0.0
2025-01-16 20:00:00,2.4,1.2,0.0,2.19,0.0
2025-01-16 20:15:00,2.4,1.2,0.0,2.19,0.0
2025-01-16 20:30:00,2.4,1.2,0.0,2.11,0.0
2025-01-16 20:45:00,2.4,1.2,0.0,2.0,0.0
2025-01-16 21:00:00,2.3,1.1,0.0,2.0,0.0
2025-01-16 21:15:00,2.3,1.1,0.0,2.0,0.0
2025-01-16 21:30:00,2.3,0.9,0.0,2.11,0.0
2025-01-16 21:45:00,2.2,0.7,0.0,2.19,0.0
2025-01-16 22:00:00,2.2,0.7,0.0,2.19,0.0
2025-01-16 22:15:00,2.1,0.6,0.0,2.19,0.0
2025-01-16 22:30:00,2.1,0.6,0.0,2.11,0.0
2025-01-16 22:45:00,2.1,0.6,0.0,2.0,0.0
2025-01-16 23:00:00,2.0,0.5,0.0,2.0,0.0
2025-01-16 23:15:00,1.9,0.4,0.0,2.03,0.0
2025-01-16 23:30:00,1.9,0.4,0.0,2.06,0.0
2025-01-16 23:45:00,1.8,0.3,0.0,2.11,0.0
2025-01-17 00:00:00,1.7,0.2,0.0,2.17,0.0
2025-01-17 00:15:00,1.6,0.1,0.0,2.0,0.0
2025-01-17 00:30:00,1.6,0.3,0.0,1.83,0.0
2025-01-17 00:45:00,1.5,0.2,0.0,1.69,0.0
2025-01-17 01:00:00,1.5,0.3,0.0,1.64,0.0
2025-01-17 01:15:00,1.4,0.4,0.0,1.72,0.0
2025-01-17 01:30:00,1.3,0.3,0.0,1.81,0.0
2025-01-17 01:45:00,1.2,0.3,0.0,1.89,0.0
2025-01-17 02:00:00,1.1,0.2,0.0,2.0,0.0
2025-01-17 02:15:00,1.0,0.3,0.0,2.0,0.0
2025-01-17 02:30:00,1.0,0.3,0.0,2.0,0.0
2025-01-17 02:45:00,0.9,0.3,0.0,2.03,0.0
2025-01-17 03:00:00,0.9,0.3,0.0,2.06,0.0
2025-01-17 03:15:00,0.9,0.3,0.0,2.08,0.0
2025-01-17 03:30:00,0.9,0.3,0.0,2.11,0.0
2025-01-17 03:45:00,0.9,0.3,0.0,2.17,0.0
2025-01-17 04:00:00,0.9,0.3,0.0,2.17,0.0
2025-01-17 04:15:00,0.8,0.2,0.0,2.06,0.0
2025-01-17 04:30:00,0.8,0.1,0.0,1.94,0.0
2025-01-17 04:45:00,0.8,-0.1,0.0,1.81,0.0
2025-01-17 05:00:00,0.7,-0.1,0.0,1.72,0.0
2025-01-17 05:15:00,0.7,-0.2,0.0,1.61,0.0
2025-01-17 05:30:00,0.7,-0.3,0.0,1.53,0.0
2025-01-17 05:45:00,0.6,-0.4,0.0,1.47,0.0
2025-01-17 06:00:00,0.6,-0.4,0.0,1.39,0.0
2025-01-17 06:15:00,0.5,-0.5,0.0,1.31,0.0
2025-01-17 06:30:00,0.4,-0.7,0.0,1.14,0.0
2025-01-17 06:45:00,0.4,-0.8,0.0,1.06,0.0
2025-01-17 07:00:00,0.3,-0.8,0.0,1.0,0.0
2025-01-17 07:15:00,0.3,-0.8,0.0,1.06,0.0
2025-01-17 07:30:00,0.3,-0.8,0.0,1.14,0.0
2025-01-17 07:45:00,0.3,-0.8,0.0,1.22,0.0
2025-01-17 08:00:00,0.4,-0.8,0.0,1.25,0.0
2025-01-17 08:15:00,0.4,-0.7,0.0,1.11,0.0
2025-01-17 08:30:00,0.5,-0.7,0.0,0.94,0.0
2025-01-17 08:45:00,0.5,-0.8,0.0,0.81,0.0
2025-01-17 09:00:00,0.6,-0.7,0.0,0.69,0.0
2025-01-17 09:15:00,0.6,-0.7,0.0,0.69,0.0
2025-01-17 09:30:00,0.7,-0.6,0.0,0.69,0.0
2025-01-17 09:45:00,0.7,-0.7,0.0,0.72,0.0
2025-01-17 10:00:00,0.8,-0.6,0.0,0.75,0.0
2025-01-17 10:15:00,0.9,-0.7,0.0,0.75,0.0
2025-01-17 10:30:00,1.0,-0.6,0.0,0.81,59.8
2025-01-17 10:45:00,1.2,-0.6,0.0,0.81,186.79
2025-01-17 11:00:00,1.3,-0.6,0.0,0.81,564.1
2025-01-17 11:15:00,1.5,-0.6,0.0,0.94,854.89
2025-01-17 11:30:00,1.7,-0.5,0.0,1.0,825.52
2025-01-17 11:45:00,1.9,-0.5,0.0,1.08,900.0
2025-01-17 12:00:00,2.2,-0.4,0.0,1.22,900.0
2025-01-17 12:15:00,2.4,-0.4,0.0,1.31,900.0
2025-01-17 12:30:00,2.6,-0.3,0.0,1.39,900.0
2025-01-17 12:45:00,2.9,-0.4,0.0,1.47,900.0
2025-01-17 13:00:00,3.1,-0.4,0.0,1.53,900.0
2025-01-17 13:15:00,3.5,-0.4,0.0,1.58,900.0
2025-01-17 13:30:00,3.8,-0.4,0.0,1.56,900.0
2025-01-17 13:45:00,4.2,-0.4,0.0,1.61,900.0
2025-01-17 14:00:00,4.5,-0.3,0.0,1.61,900.0
2025-01-17 14:15:00,4.7,-0.3,0.0,1.64,900.0
2025-01-17 14:30:00,4.8,-0.2,0.0,1.67,900.0
2025-01-17 14:45:00,4.9,0.0,0.0,1.67,900.0
2025-01-17 15:00:00,4.9,0.1,0.0,1.69,900.0
2025-01-17 15:15:00,5.0,0.3,0.0,1.61,900.0
2025-01-17 15:30:00,5.0,0.6,0.0,1.61,900.0
2025-01-17 15:45:00,5.1,0.8,0.0,1.47,900.0
2025-01-17 16:00:00,5.1,1.0,0.0,1.33,900.0
2025-01-17 16:15:00,5.1,1.2,0.0,1.17,690.67
2025-01-17 16:30:00,5.1,1.2,0.0,1.03,352.17
2025-01-17 16:45:00,5.0,1.3,0.0,0.81,0.0
2025-01-17 17:00:00,4.9,1.3,0.0,0.81,0.0
2025-01-17 17:15:00,4.7,1.5,0.0,0.81,0.0
2025-01-17 17:30:00,4.4,1.6,0.0,1.0,0.0
2025-01-17 17:45:00,4.1,1.4,0.0,1.14,0.0
2025-01-17 18:00:00,3.8,1.5,0.0,1.28,0.0
2025-01-17 18:15:00,3.5,1.4,0.0,1.39,0.0
2025-01-17 18:30:00,3.2,1.3,0.0,1.5,0.0
2025-01-17 18:45:00,3.0,1.2,0.0,1.58,0.0
2025-01-17 19:00:00,2.8,1.0,0.0,1.67,0.0
2025-01-17 19:15:00,2.6,0.8,0.0,1.75,0.0
2025-01-17 19:30:00,2.4,0.5,0.0,1.72,0.0
2025-01-17 19:45:00,2.3,0.2,0.0,1.72,0.0
2025-01-17 20:00:00,2.2,0.1,0.0,1.72,0.0
2025-01-17 20:15:00,2.0,-0.1,0.0,1.64,0.0
2025-01-17 20:30:00,1.9,-0.2,0.0,1.64,0.0
2025-01-17 20:45:00,1.7,-0.4,0.0,1.58,0.0
2025-01-17 21:00:00,1.6,-0.5,0.0,1.53,0.0
2025-01-17 21:15:00,1.5,-0.6,0.0,1.53,0.0
2025-01-17 21:30:00,1.5,-0.5,0.0,1.53,0.0
2025-01-17 21:45:00,1.4,-0.6,0.0,1.5,0.0
2025-01-17 22:00:00,1.3,-0.7,0.0,1.5,0.0
2025-01-17 22:15:00,1.1,-0.8,0.0,1.5,0.0
2025-01-17 22:30:00,1.0,-1.0,0.0,1.58,0.0
2025-01-17 22:45:00,0.8,-1.2,0.0,1.61,0.0
2025-01-17 23:00:00,0.7,-1.3,0.0,1.58,0.0
2025-01-17 23:15:00,0.6,-1.3,0.0,1.44,0.0
2025-01-17 23:30:00,0.6,-1.4,0.0,1.19,0.0
2025-01-17 23:45:00,0.6,-1.4,0.0,1.0,0.0
2025-01-18 00:00:00,0.6,-1.4,0.0,0.94,0.0
2025-01-18 00:15:00,0.6,-1.4,0.0,0.89,0.0
2025-01-18 00:30:00,0.6,-1.4,0.0,0.86,0.0
2025-01-18 00:45:00,0.6,-1.4,0.0,0.92,0.0
2025-01-18 01:00:00,0.5,-1.5,0.0,0.78,0.0
2025-01-18 01:15:00,0.3,-1.5,0.0,0.64,0.0
2025-01-18 01:30:00,-0.1,-1.5,0.0,0.53,0.0
2025-01-18 01:45:00,-0.4,-1.5,0.0,0.86,0.0
2025-01-18 02:00:00,-0.6,-1.6,0.0,1.11,0.0
2025-01-18 02:15:00,-0.8,-1.6,0.0,1.31,0.0
2025-01-18 02:30:00,-0.9,-1.8,0.0,1.39,0.0
2025-01-18 02:45:00,-1.0,-1.9,0.0,1.39,0.0
2025-01-18 03:00:00,-1.1,-1.9,0.0,1.31,0.0
2025-01-18 03:15:00,-1.1,-1.9,0.0,1.08,0.0
2025-01-18 03:30:00,-1.0,-2.0,0.0,0.81,0.0
2025-01-18 03:45:00,-1.0,-2.0,0.0,0.44,0.0
2025-01-18 04:00:00,-1.0,-2.1,0.0,0.22,0.0
2025-01-18 04:15:00,-1.0,-2.2,0.0,0.14,0.0
2025-01-18 04:30:00,-1.1,-2.4,0.0,0.39,0.0
2025-01-18 04:45:00,-1.2,-2.5,0.0,0.61,0.0
2025-01-18 05:00:00,-1.3,-2.6,0.0,0.69,0.0
2025-01-18 05:15:00,-1.5,-2.6,0.0,0.67,0.0
2025-01-18 05:30:00,-1.6,-2.6,0.0,0.64,0.0
2025-01-18 05:45:00,-1.7,-2.6,0.0,0.61,0.0
2025-01-18 06:00:00,-1.8,-2.5,0.0,0.69,0.0
2025-01-18 06:15:00,-1.7,-2.4,0.0,0.67,0.0
2025-01-18 06:30:00,-1.6,-2.6,0.0,0.64,0.0
2025-01-18 06:45:00,-1.4,-2.6,0.0,0.72,0.0
2025-01-18 07:00:00,-1.4,-2.5,0.0,0.81,0.0
2025-01-18 07:15:00,-1.5,-2.5,0.0,0.92,0.0
2025-01-18 07:30:00,-1.6,-2.3,0.0,1.11,0.0
2025-01-18 07:45:00,-1.8,-2.3,0.0,1.31,0.0
2025-01-18 08:00:00,-2.0,-2.3,0.0,1.36,0.0
2025-01-18 08:15:00,-2.1,-2.3,0.0,1.31,0.0
2025-01-18 08:30:00,-2.3,-2.4,0.0,1.28,0.0
2025-01-18 08:45:00,-2.4,-2.4,0.0,1.19,0.0
2025-01-18 09:00:00,-2.5,-2.5,0.0,1.11,0.0
2025-01-18 09:15:00,-2.6,-2.6,0.0,0.92,0.0
2025-01-18 09:30:00,-2.6,-2.6,0.0,0.67,0.0
2025-01-18 09:45:00,-2.6,-2.6,0.0,0.67,0.0
2025-01-18 10:00:00,-2.5,-2.5,0.0,0.69,0.0
2025-01-18 10:15:00,-2.2,-2.4,0.0,0.61,0.0
2025-01-18 10:30:00,-1.8,-2.1,0.0,0.44,135.87
2025-01-18 10:45:00,-1.4,-1.9,0.0,0.36,325.95
2025-01-18 11:00:00,-0.9,-1.8,0.0,0.39,517.94
2025-01-18 11:15:00,-0.5,-1.7,0.0,0.39,685.87
2025-01-18 11:30:00,-0.1,-1.5,0.0,0.39,900.0
2025-01-18 11:45:00,0.3,-1.6,0.0,0.39,900.0
2025-01-18 12:00:00,0.8,-1.5,0.0,0.42,900.0
2025-01-18 12:15:00,1.2,-1.4,0.0,0.5,900.0
2025-01-18 12:30:00,1.6,-1.3,0.0,0.69,900.0
2025-01-18 12:45:00,2.1,-1.4,0.0,0.86,900.0
2025-01-18 13:00:00,2.6,-1.2,0.0,0.94,900.0
2025-01-18 13:15:00,3.2,-1.2,0.0,0.86,900.0
2025-01-18 13:30:00,3.9,-1.1,0.0,0.81,900.0
2025-01-18 13:45:00,4.5,-0.9,0.0,0.69,900.0
2025-01-18 14:00:00,5.0,-0.8,0.0,0.67,900.0
2025-01-18 14:15:00,5.4,-0.7,0.0,0.64,900.0
2025-01-18 14:30:00,5.6,-0.5,0.0,0.58,900.0
2025-01-18 14:45:00,5.7,-0.2,0.0,0.5,900.0
2025-01-18 15:00:00,5.8,-0.1,0.0,0.5,900.0
2025-01-18 15:15:00,5.8,-0.1,0.0,0.58,900.0
2025-01-18 15:30:00,5.7,-0.1,0.0,0.64,900.0
2025-01-18 15:45:00,5.6,-0.0,0.0,0.81,900.0
2025-01-18 16:00:00,5.5,-0.1,0.0,0.75,900.0
2025-01-18 16:15:00,5.4,-0.2,0.0,0.58,825.07
2025-01-18 16:30:00,5.3,-0.1,0.0,0.28,464.38
2025-01-18 16:45:00,5.2,-0.2,0.0,0.22,41.13
2025-01-18 17:00:00,5.1,-0.2,0.0,0.42,0.0
2025-01-18 17:15:00,4.9,-0.2,0.0,0.61,0.0
2025-01-18 17:30:00,4.7,-0.3,0.0,0.72,0.0
2025-01-18 17:45:00,4.4,-0.4,0.0,0.97,0.0
2025-01-18 18:00:00,4.1,-0.5,0.0,1.03,0.0
2025-01-18 18:15:00,3.8,-0.4,0.0,1.08,0.0
2025-01-18 18:30:00,3.5,-0.4,0.0,1.06,0.0
2025-01-18 18:45:00,3.1,-0.4,0.0,0.92,0.0
2025-01-18 19:00:00,2.7,-0.3,0.0,0.78,0.0
2025-01-18 19:15:00,2.2,-0.2,0.0,0.5,0.0
2025-01-18 19:30:00,1.7,-0.3,0.0,0.31,0.0
2025-01-18 19:45:00,1.2,-0.3,0.0,0.53,0.0
2025-01-18 20:00:00,0.7,-0.4,0.0,0.81,0.0
2025-01-18 20:15:00,0.4,-0.6,0.0,1.0,0.0
2025-01-18 20:30:00,0.1,-0.7,0.0,1.11,0.0
2025-01-18 20:45:00,-0.1,-0.9,0.0,1.11,0.0
2025-01-18 21:00:00,-0.3,-1.1,0.0,1.11,0.0
2025-01-18 21:15:00,-0.4,-1.2,0.0,1.03,0.0
2025-01-18 21:30:00,-0.4,-1.1,0.0,0.97,0.0
2025-01-18 21:45:00,-0.4,-1.1,0.0,0.92,0.0
2025-01-18 22:00:00,-0.7,-1.2,0.0,0.92,0.0
2025-01-18 22:15:00,-1.2,-1.7,0.0,0.92,0.0
2025-01-18 22:30:00,-1.9,-2.2,0.0,0.86,0.0
2025-01-18 22:45:00,-2.6,-2.8,0.0,0.86,0.0
2025-01-18 23:00:00,-3.2,-3.2,0.0,0.81,0.0
2025-01-18 23:15:00,-3.4,-3.4,0.0,0.81,0.0
2025-01-18 23:30:00,-3.5,-3.5,0.0,0.86,0.0
2025-01-18 23:45:00,-3.5,-3.5,0.0,0.86,0.0
2025-01-19 00:00:00,-3.6,-3.6,0.0,0.86,0.0
2025-01-19 00:15:00,-3.6,-3.6,0.0,0.86,0.0
2025-01-19 00:30:00,-3.6,-3.6,0.0,0.86,0.0
2025-01-19 00:45:00,-3.6,-3.6,0.0,0.81,0.0
2025-01-19 01:00:00,-3.6,-3.6,0.0,0.81,0.0
2025-01-19 01:15:00,-3.7,-3.7,0.0,0.86,0.0
2025-01-19 01:30:00,-3.8,-3.8,0.0,0.78,0.0
2025-01-19 01:45:00,-4.0,-4.0,0.0,0.78,0.0
2025-01-19 02:00:00,-4.0,-4.0,0.0,0.78,0.0
2025-01-19 02:15:00,-4.0,-4.0,0.0,0.78,0.0
2025-01-19 02:30:00,-4.0,-4.0,0.0,0.69,0.0
2025-01-19 02:45:00,-3.9,-3.9,0.0,0.69,0.0
2025-01-19 03:00:00,-3.8,-3.8,0.0,0.64,0.0
2025-01-19 03:15:00,-3.8,-3.8,0.0,0.72,0.0
2025-01-19 03:30:00,-3.8,-3.8,0.0,0.81,0.0
2025-01-19 03:45:00,-3.8,-3.8,0.0,0.86,0.0
2025-01-19 04:00:00,-3.8,-3.8,0.0,0.94,0.0
2025-01-19 04:15:00,-3.8,-3.8,0.0,0.94,0.0
2025-01-19 04:30:00,-3.9,-3.9,0.0,0.83,0.0
2025-01-19 04:45:00,-4.0,-4.0,0.0,0.72,0.0
2025-01-19 05:00:00,-4.0,-4.0,0.0,0.69,0.0
2025-01-19 05:15:00,-4.0,-4.0,0.0,0.81,0.0
2025-01-19 05:30:00,-4.0,-4.0,0.0,0.89,0.0
2025-01-19 05:45:00,-4.0,-4.0,0.0,1.0,0.0
2025-01-19 06:00:00,-4.0,-4.0,0.0,1.11,0.0
2025-01-19 06:15:00,-3.9,-3.9,0.0,1.11,0.0
2025-01-19 06:30:00,-3.9,-3.9,0.0,1.11,0.0
2025-01-19 06:45:00,-3.9,-3.9,0.0,1.17,0.0
2025-01-19 07:00:00,-3.9,-3.9,0.0,1.19,0.0
2025-01-19 07:15:00,-4.0,-4.0,0.0,1.19,0.0
2025-01-19 07:30:00,-4.1,-4.1,0.0,1.17,0.0
2025-01-19 07:45:00,-4.3,-4.3,0.0,1.25,0.0
2025-01-19 08:00:00,-4.4,-4.4,0.0,1.25,0.0
2025-01-19 08:15:00,-4.4,-4.4,0.0,1.25,0.0
2025-01-19 08:30:00,-4.3,-4.3,0.0,1.36,0.0
2025-01-19 08:45:00,-4.2,-4.2,0.0,1.5,0.0
2025-01-19 09:00:00,-4.1,-4.1,0.0,1.53,0.0
2025-01-19 09:15:00,-4.1,-4.1,0.0,1.53,0.0
2025-01-19 09:30:00,-4.1,-4.1,0.0,1.61,0.0
2025-01-19 09:45:00,-4.0,-4.0,0.0,1.61,0.0
2025-01-19 10:00:00,-3.8,-3.8,0.0,1.61,0.0
2025-01-19 10:15:00,-3.4,-3.5,0.0,1.67,0.0
2025-01-19 10:30:00,-2.8,-3.2,0.0,1.69,0.0
2025-01-19 10:45:00,-2.2,-3.1,0.0,1.75,497.33
2025-01-19 11:00:00,-1.7,-2.8,0.0,1.81,900.0
2025-01-19 11:15:00,-1.1,-2.6,0.0,1.86,900.0
2025-01-19 11:30:00,-0.6,-2.5,0.0,1.92,900.0
2025-01-19 11:45:00,-0.1,-2.3,0.0,2.06,900.0
2025-01-19 12:00:00,0.4,-2.1,0.0,2.06,900.0
2025-01-19 12:15:00,0.9,-2.0,0.0,2.06,900.0
2025-01-19 12:30:00,1.3,-1.9,0.0,2.08,900.0
2025-01-19 12:45:00,1.7,-1.9,0.0,2.03,900.0
2025-01-19 13:00:00,2.2,-1.6,0.0,2.03,900.0
2025-01-19 13:15:00,2.7,-1.3,0.0,2.03,900.0
2025-01-19 13:30:00,3.2,-0.8,0.0,2.03,900.0
2025-01-19 13:45:00,3.7,-0.5,0.0,2.11,900.0
2025-01-19 14:00:00,4.1,-0.1,0.0,2.11,900.0
2025-01-19 14:15:00,4.4,0.2,0.0,2.11,900.0
2025-01-19 14:30:00,4.6,0.2,0.0,2.19,900.0
2025-01-19 14:45:00,4.8,0.3,0.0,2.28,900.0
2025-01-19 15:00:00,4.9,0.4,0.0,2.28,900.0
2025-01-19 15:15:00,4.9,0.4,0.0,2.28,900.0
2025-01-19 15:30:00,4.8,0.5,0.0,2.28,900.0
2025-01-19 15:45:00,4.6,0.4,0.0,2.28,900.0
2025-01-19 16:00:00,4.5,0.4,0.0,2.28,900.0
2025-01-19 16:15:00,4.3,0.4,0.0,2.28,735.83
2025-01-19 16:30:00,4.0,0.3,0.0,2.28,432.49
2025-01-19 16:45:00,3.7,0.2,0.0,2.19,17.59
2025-01-19 17:00:00,3.4,0.3,0.0,2.19,0.0
2025-01-19 17:15:00,3.0,0.2,0.0,2.19,0.0
2025-01-19 17:30:00,2.6,0.3,0.0,2.14,0.0
2025-01-19 17:45:00,2.1,0.3,0.0,2.11,0.0
2025-01-19 18:00:00,1.7,0.2,0.0,2.11,0.0
2025-01-19 18:15:00,1.5,0.2,0.0,2.11,0.0
2025-01-19 18:30:00,1.3,0.2,0.0,2.19,0.0
2025-01-19 18:45:00,1.2,0.0,0.0,2.22,0.0
2025-01-19 19:00:00,1.0,-0.1,0.0,2.22,0.0
2025-01-19 19:15:00,0.8,-0.3,0.0,2.22,0.0
2025-01-19 19:30:00,0.6,-0.4,0.0,2.14,0.0
2025-01-19 19:45:00,0.5,-0.5,0.0,2.06,0.0
2025-01-19 20:00:00,0.3,-0.7,0.0,2.06,0.0
2025-01-19 20:15:00,0.2,-0.8,0.0,2.06,0.0
2025-01-19 20:30:00,0.2,-0.7,0.0,2.11,0.0
2025-01-19 20:45:00,0.1,-0.7,0.0,2.11,0.0
2025-01-19 21:00:00,0.1,-0.8,0.0,2.11,0.0
2025-01-19 21:15:00,0.0,-0.8,0.0,2.11,0.0
2025-01-19 21:30:00,-0.0,-0.9,0.0,2.11,0.0
2025-01-19 21:45:00,-0.1,-1.0,0.0,2.11,0.0
2025-01-19 22:00:00,-0.2,-1.0,0.0,2.11,0.0
2025-01-19 22:15:00,-0.2,-1.1,0.0,2.11,0.0
2025-01-19 22:30:00,-0.3,-1.2,0.0,2.19,0.0
2025-01-19 22:45:00,-0.4,-1.3,0.0,2.14,0.0
2025-01-19 23:00:00,-0.5,-1.3,0.0,2.14,0.0
2025-01-19 23:15:00,-0.5,-1.4,0.0,2.14,0.0
2025-01-19 23:30:00,-0.6,-1.5,0.0,2.14,0.0
2025-01-19 23:45:00,-0.7,-1.5,0.0,2.11,0.0
2025-01-20 00:00:00,-0.7,-1.6,0.0,2.11,0.0
2025-01-20 00:15:00,-0.8,-1.6,0.0,2.06,0.0
2025-01-20 00:30:00,-0.8,-1.7,0.0,2.06,0.0
2025-01-20 00:45:00,-0.9,-1.7,0.0,1.94,0.0
2025-01-20 01:00:00,-0.9,-1.8,0.0,1.94,0.0
2025-01-20 01:15:00,-1.0,-1.7,0.0,1.83,0.0
2025-01-20 01:30:00,-1.1,-1.6,0.0,1.78,0.0
2025-01-20 01:45:00,-1.2,-1.7,0.0,1.75,0.0
2025-01-20 02:00:00,-1.2,-1.7,0.0,1.67,0.0
2025-01-20 02:15:00,-1.3,-1.7,0.0,1.67,0.0
2025-01-20 02:30:00,-1.4,-1.8,0.0,1.67,0.0
2025-01-20 02:45:00,-1.4,-1.9,0.0,1.75,0.0
2025-01-20 03:00:00,-1.5,-1.9,0.0,1.75,0.0
2025-01-20 03:15:00,-1.5,-2.0,0.0,1.75,0.0
2025-01-20 03:30:00,-1.6,-2.0,0.0,1.67,0.0
2025-01-20 03:45:00,-1.6,-2.1,0.0,1.61,0.0
2025-01-20 04:00:00,-1.7,-2.1,0.0,1.61,0.0
2025-01-20 04:15:00,-1.7,-2.0,0.0,1.69,0.0
2025-01-20 04:30:00,-1.8,-1.9,0.0,1.75,0.0
2025-01-20 04:45:00,-1.8,-1.9,0.0,1.83,0.0
2025-01-20 05:00:00,-1.8,-1.8,0.0,1.83,0.0
2025-01-20 05:15:00,-1.8,-1.8,0.0,1.83,0.0
2025-01-20 05:30:00,-1.8,-1.8,0.0,1.78,0.0
2025-01-20 05:45:00,-1.8,-1.8,0.0,1.69,0.0
2025-01-20 06:00:00,-1.8,-1.8,0.0,1.75,0.0
2025-01-20 06:15:00,-1.8,-1.8,0.0,1.75,0.0
2025-01-20 06:30:00,-1.9,-1.9,0.0,1.89,0.0
2025-01-20 06:45:00,-1.9,-1.9,0.0,1.89,0.0
2025-01-20 07:00:00,-2.0,-2.0,0.0,2.03,0.0
2025-01-20 07:15:00,-2.0,-2.0,0.0,2.08,0.0
2025-01-20 07:30:00,-2.1,-2.1,0.0,2.22,0.0
2025-01-20 07:45:00,-2.2,-2.2,0.0,2.28,0.0
2025-01-20 08:00:00,-2.2,-2.2,0.0,2.33,0.0
2025-01-20 08:15:00,-2.3,-2.3,0.0,2.33,0.0
2025-01-20 08:30:00,-2.3,-2.3,0.0,2.33,0.0
2025-01-20 08:45:00,-2.3,-2.3,0.0,2.28,0.0
2025-01-20 09:00:00,-2.3,-2.3,0.0,2.28,0.0
2025-01-20 09:15:00,-2.3,-2.3,0.0,2.28,0.0
2025-01-20 09:30:00,-2.2,-2.3,0.0,2.22,0.0
2025-01-20 09:45:00,-2.0,-2.3,0.0,2.14,0.0
2025-01-20 10:00:00,-1.8,-2.2,0.0,2.14,234.93
2025-01-20 10:15:00,-1.4,-2.1,0.0,2.14,540.2
2025-01-20 10:30:00,-0.9,-2.0,0.0,2.19,900.0
2025-01-20 10:45:00,-0.3,-1.9,0.0,2.19,900.0
2025-01-20 11:00:00,0.3,-1.8,0.0,2.28,900.0
2025-01-20 11:15:00,0.9,-1.7,0.0,2.28,900.0
2025-01-20 11:30:00,1.6,-1.5,0.0,2.42,900.0
2025-01-20 11:45:00,2.2,-1.2,0.0,2.42,900.0
2025-01-20 12:00:00,2.9,-1.1,0.0,2.47,900.0
2025-01-20 12:15:00,3.5,-0.9,0.0,2.56,900.0
2025-01-20 12:30:00,4.0,-0.8,0.0,2.72,900.0
2025-01-20 12:45:00,4.6,-0.6,0.0,2.83,900.0
2025-01-20 13:00:00,5.1,-0.6,0.0,2.94,900.0
2025-01-20 13:15:00,5.5,-0.3,0.0,2.94,900.0
2025-01-20 13:30:00,6.0,-0.3,0.0,2.92,900.0
2025-01-20 13:45:00,6.3,-0.0,0.0,2.89,900.0
2025-01-20 14:00:00,6.6,0.1,0.0,2.81,900.0
2025-01-20 14:15:00,6.8,0.3,0.0,2.75,900.0
2025-01-20 14:30:00,6.9,0.3,0.0,2.83,900.0
2025-01-20 14:45:00,7.0,0.4,0.0,2.86,900.0
2025-01-20 15:00:00,7.0,0.7,0.0,2.92,900.0
2025-01-20 15:15:00,7.0,0.9,0.0,2.92,900.0
2025-01-20 15:30:00,7.0,1.0,0.0,2.86,900.0
2025-01-20 15:45:00,6.9,1.4,0.0,2.92,900.0
2025-01-20 16:00:00,6.8,1.5,0.0,2.83,873.71
2025-01-20 16:15:00,6.6,1.5,0.0,2.69,388.79
2025-01-20 16:30:00,6.3,1.2,0.0,2.69,0.0
2025-01-20 16:45:00,6.0,1.1,0.0,2.5,0.0
2025-01-20 17:00:00,5.7,0.8,0.0,2.42,0.0
2025-01-20 17:15:00,5.4,0.5,0.0,2.31,0.0
2025-01-20 17:30:00,5.1,0.2,0.0,2.33,0.0
2025-01-20 17:45:00,4.8,-0.1,0.0,2.42,0.0
2025-01-20 18:00:00,4.5,-0.3,0.0,2.44,0.0
2025-01-20 18:15:00,4.3,-0.5,0.0,2.53,0.0
2025-01-20 18:30:00,4.1,-0.7,0.0,2.69,0.0
2025-01-20 18:45:00,3.9,-0.9,0.0,2.78,0.0
2025-01-20 19:00:00,3.7,-1.1,0.0,2.69,0.0
2025-01-20 19:15:00,3.4,-1.2,0.0,2.56,0.0
2025-01-20 19:30:00,3.2,-1.0,0.0,2.25,0.0
2025-01-20 19:45:00,2.9,-1.0,0.0,1.97,0.0
2025-01-20 20:00:00,2.6,-1.0,0.0,1.72,0.0
2025-01-20 20:15:00,2.4,-1.1,0.0,1.64,0.0
2025-01-20 20:30:00,2.1,-1.2,0.0,1.56,0.0
2025-01-20 20:45:00,1.9,-1.2,0.0,1.5,0.0
2025-01-20 21:00:00,1.6,-1.3,0.0,1.39,0.0
2025-01-20 21:15:00,1.4,-1.4,0.0,1.28,0.0
2025-01-20 21:30:00,1.2,-1.4,0.0,1.25,0.0
2025-01-20 21:45:00,0.9,-1.5,0.0,1.22,0.0
2025-01-20 22:00:00,0.8,-1.5,0.0,1.11,0.0
2025-01-20 22:15:00,0.6,-1.5,0.0,1.0,0.0
2025-01-20 22:30:00,0.5,-1.2,0.0,0.92,0.0
2025-01-20 22:45:00,0.5,-1.1,0.0,0.83,0.0
2025-01-20 23:00:00,0.4,-1.2,0.0,0.72,0.0
2025-01-20 23:15:00,0.5,-1.3,0.0,0.64,0.0
2025-01-20 23:30:00,0.6,-1.3,0.0,0.58,0.0
2025-01-20 23:45:00,0.7,-1.5,0.0,0.58,0.0
2025-01-21 00:00:00,0.8,-1.6,0.0,0.56,0.0
2025-01-21 00:15:00,0.7,-1.9,0.0,0.67,0.0
2025-01-21 00:30:00,0.5,-2.2,0.0,0.83,0.0
2025-01-21 00:45:00,0.3,-2.4,0.0,1.03,0.0
2025-01-21 01:00:00,0.2,-2.5,0.0,1.11,0.0
2025-01-21 01:15:00,0.1,-2.5,0.0,1.08,0.0
2025-01-21 01:30:00,-0.1,-2.5,0.0,1.06,0.0
2025-01-21 01:45:00,-0.2,-2.2,0.0,1.17,0.0
2025-01-21 02:00:00,-0.3,-2.2,0.0,1.17,0.0
2025-01-21 02:15:00,-0.4,-2.1,0.0,0.83,0.0
2025-01-21 02:30:00,-0.5,-1.9,0.0,0.31,0.0
2025-01-21 02:45:00,-0.6,-1.9,0.0,0.36,0.0
2025-01-21 03:00:00,-0.7,-1.8,0.0,0.67,0.0
2025-01-21 03:15:00,-0.8,-1.8,0.0,0.72,0.0
2025-01-21 03:30:00,-0.8,-1.8,0.0,0.69,0.0
2025-01-21 03:45:00,-0.9,-1.9,0.0,0.58,0.0
2025-01-21 04:00:00,-1.0,-1.9,0.0,0.42,0.0
2025-01-21 04:15:00,-1.2,-1.9,0.0,0.19,0.0
2025-01-21 04:30:00,-1.3,-1.8,0.0,0.28,0.0
2025-01-21 04:45:00,-1.5,-1.7,0.0,0.64,0.0
2025-01-21 05:00:00,-1.7,-1.7,0.0,0.78,0.0
2025-01-21 05:15:00,-1.8,-1.8,0.0,0.86,0.0
2025-01-21 05:30:00,-2.0,-2.0,0.0,0.81,0.0
2025-01-21 05:45:00,-2.1,-2.1,0.0,1.03,0.0
2025-01-21 06:00:00,-2.2,-2.2,0.0,1.08,0.0
2025-01-21 06:15:00,-2.2,-2.4,0.0,0.89,0.0
2025-01-21 06:30:00,-2.2,-2.5,0.0,0.72,0.0
2025-01-21 06:45:00,-2.1,-2.6,0.0,0.36,0.0
2025-01-21 07:00:00,-2.1,-2.6,0.0,0.14,0.0
2025-01-21 07:15:00,-2.0,-2.7,0.0,0.11,0.0
2025-01-21 07:30:00,-1.9,-2.8,0.0,0.22,0.0
2025-01-21 07:45:00,-1.9,-2.9,0.0,0.44,0.0
2025-01-21 08:00:00,-1.8,-2.9,0.0,0.58,0.0
2025-01-21 08:15:00,-1.7,-3.0,0.0,0.72,0.0
2025-01-21 08:30:00,-1.6,-3.1,0.0,0.81,0.0
2025-01-21 08:45:00,-1.5,-3.1,0.0,0.86,0.0
2025-01-21 09:00:00,-1.5,-3.2,0.0,0.86,0.0
2025-01-21 09:15:00,-1.4,-3.3,0.0,0.72,0.0
2025-01-21 09:30:00,-1.4,-3.3,0.0,0.53,0.0
2025-01-21 09:45:00,-1.3,-3.4,0.0,0.31,0.0
2025-01-21 10:00:00,-1.2,-3.3,0.0,0.19,0.0
2025-01-21 10:15:00,-1.1,-3.2,0.0,0.14,0.0
2025-01-21 10:30:00,-1.0,-3.1,0.0,0.39,0.0
2025-01-21 10:45:00,-0.9,-3.0,0.0,0.61,0.0
2025-01-21 11:00:00,-0.8,-3.0,0.0,0.81,0.0
2025-01-21 11:15:00,-0.6,-3.0,0.0,0.81,0.0
2025-01-21 11:30:00,-0.3,-2.9,0.0,0.86,0.0
2025-01-21 11:45:00,-0.1,-3.0,0.0,0.94,0.0
2025-01-21 12:00:00,0.1,-2.9,0.0,0.92,0.0
2025-01-21 12:15:00,0.3,-3.0,0.0,0.86,0.0
2025-01-21 12:30:00,0.4,-2.8,0.0,0.64,0.0
2025-01-21 12:45:00,0.6,-2.8,0.0,0.42,0.0
2025-01-21 13:00:00,0.7,-2.9,0.0,0.28,0.0
2025-01-21 13:15:00,1.0,-2.8,0.0,0.22,8.06
2025-01-21 13:30:00,1.3,-2.9,0.0,0.31,0.0
2025-01-21 13:45:00,1.5,-3.0,0.0,0.36,0.0
2025-01-21 14:00:00,1.7,-3.0,0.0,0.36,0.0
2025-01-21 14:15:00,1.8,-2.9,0.0,0.11,0.0
2025-01-21 14:30:00,1.9,-2.8,0.0,0.22,0.0
2025-01-21 14:45:00,1.9,-2.8,0.0,0.58,0.0
2025-01-21 15:00:00,1.9,-2.8,0.0,0.81,0.0
2025-01-21 15:15:00,2.0,-2.7,0.0,0.75,0.0
2025-01-21 15:30:00,2.0,-2.7,0.0,0.61,0.0
2025-01-21 15:45:00,2.0,-2.7,0.0,0.58,0.0
2025-01-21 16:00:00,2.0,-2.5,0.0,0.69,0.0
2025-01-21 16:15:00,2.1,-2.3,0.0,0.78,0.0
2025-01-21 16:30:00,2.2,-1.8,0.0,0.89,0.0
2025-01-21 16:45:00,2.2,-1.6,0.0,0.94,0.0
2025-01-21 17:00:00,2.2,-1.2,0.0,1.03,0.0
2025-01-21 17:15:00,2.1,-1.2,0.0,1.0,0.0
2025-01-21 17:30:00,2.0,-1.0,0.0,0.81,0.0
2025-01-21 17:45:00,1.8,-0.9,0.0,0.69,0.0
2025-01-21 18:00:00,1.7,-0.9,0.0,0.5,0.0
2025-01-21 18:15:00,1.6,-0.9,0.0,0.36,0.0
2025-01-21 18:30:00,1.5,-0.8,0.1,0.5,0.0
2025-01-21 18:45:00,1.4,-0.7,0.1,0.72,0.0
2025-01-21 19:00:00,1.3,-0.6,0.1,0.94,0.0
2025-01-21 19:15:00,1.2,-0.6,0.1,0.94,0.0
2025-01-21 19:30:00,1.1,-0.7,0.1,0.92,0.0
2025-01-21 19:45:00,1.0,-0.6,0.0,0.81,0.0
2025-01-21 20:00:00,1.0,-0.6,0.0,0.69,0.0
2025-01-21 20:15:00,0.9,-0.7,0.0,0.64,0.0
2025-01-21 20:30:00,0.9,-0.7,0.0,0.44,0.0
2025-01-21 20:45:00,0.9,-0.7,0.0,0.42,0.0
2025-01-21 21:00:00,0.9,-0.7,0.0,0.36,0.0
2025-01-21 21:15:00,0.8,-0.8,0.0,0.36,0.0
2025-01-21 21:30:00,0.8,-0.7,0.0,0.42,0.0
2025-01-21 21:45:00,0.7,-0.8,0.0,0.56,0.0
2025-01-21 22:00:00,0.6,-0.8,0.0,0.64,0.0
2025-01-21 22:15:00,0.6,-0.9,0.0,0.69,0.0
2025-01-21 22:30:00,0.5,-1.1,0.0,0.86,0.0
2025-01-21 22:45:00,0.5,-1.1,0.0,0.89,0.0
2025-01-21 23:00:00,0.4,-1.2,0.0,0.89,0.0
2025-01-21 23:15:00,0.3,-1.3,0.0,0.72,0.0
2025-01-21 23:30:00,0.3,-1.2,0.0,0.5,0.0
2025-01-21 23:45:00,0.2,-1.3,0.0,0.5,0.0
2025-01-22 00:00:00,0.1,-1.2,0.0,0.53,0.0
2025-01-22 00:15:00,0.0,-1.3,0.0,0.67,0.0
2025-01-22 00:30:00,-0.0,-1.2,0.0,0.67,0.0
2025-01-22 00:45:00,-0.1,-1.3,0.0,0.72,0.0
2025-01-22 01:00:00,-0.2,-1.2,0.0,0.72,0.0
2025-01-22 01:15:00,-0.4,-1.2,0.0,0.72,0.0
2025-01-22 01:30:00,-0.5,-1.2,0.0,0.72,0.0
2025-01-22 01:45:00,-0.8,-1.3,0.0,0.67,0.0
2025-01-22 02:00:00,-1.0,-1.5,0.0,0.67,0.0
2025-01-22 02:15:00,-1.4,-1.7,0.0,0.67,0.0
2025-01-22 02:30:00,-1.9,-2.1,0.0,0.72,0.0
2025-01-22 02:45:00,-2.4,-2.6,0.0,0.78,0.0
2025-01-22 03:00:00,-2.7,-2.7,0.0,0.78,0.0
2025-01-22 03:15:00,-2.8,-2.8,0.0,0.86,0.0
2025-01-22 03:30:00,-2.6,-2.6,0.0,0.86,0.0
2025-01-22 03:45:00,-2.5,-2.5,0.0,0.94,0.0
2025-01-22 04:00:00,-2.4,-2.4,0.0,0.94,0.0
2025-01-22 04:15:00,-2.6,-2.6,0.0,0.86,0.0
2025-01-22 04:30:00,-2.8,-2.8,0.0,0.64,0.0
2025-01-22 04:45:00,-3.1,-3.1,0.0,0.5,0.0
2025-01-22 05:00:00,-3.3,-3.3,0.0,0.44,0.0
2025-01-22 05:15:00,-3.4,-3.4,0.0,0.53,0.0
2025-01-22 05:30:00,-3.5,-3.5,0.0,0.67,0.0
2025-01-22 05:45:00,-3.6,-3.6,0.0,0.72,0.0
2025-01-22 06:00:00,-3.6,-3.6,0.0,0.81,0.0
2025-01-22 06:15:00,-3.6,-3.6,0.0,0.81,0.0
2025-01-22 06:30:00,-3.6,-3.6,0.0,0.75,0.0
2025-01-22 06:45:00,-3.6,-3.6,0.0,0.64,0.0
2025-01-22 07:00:00,-3.6,-3.6,0.0,0.64,0.0
2025-01-22 07:15:00,-3.6,-3.6,0.0,0.67,0.0
2025-01-22 07:30:00,-3.7,-3.7,0.0,0.72,0.0
2025-01-22 07:45:00,-3.8,-3.8,0.0,0.92,0.0
2025-01-22 08:00:00,-3.8,-3.8,0.0,1.0,0.0
2025-01-22 08:15:00,-3.9,-3.9,0.0,1.0,0.0
2025-01-22 08:30:00,-3.9,-3.9,0.0,1.0,0.0
2025-01-22 08:45:00,-3.9,-3.9,0.0,1.06,0.0
2025-01-22 09:00:00,-3.9,-3.9,0.0,1.06,0.0
2025-01-22 09:15:00,-3.9,-3.9,0.0,1.14,0.0
2025-01-22 09:30:00,-3.9,-3.9,0.0,1.08,0.0
2025-01-22 09:45:00,-3.9,-3.9,0.0,1.17,0.0
2025-01-22 10:00:00,-3.9,-3.9,0.0,1.11,0.0
2025-01-22 10:15:00,-3.7,-3.7,0.0,1.08,0.0
2025-01-22 10:30:00,-3.6,-3.6,0.0,0.97,0.0
2025-01-22 10:45:00,-3.3,-3.3,0.0,0.94,0.0
2025-01-22 11:00:00,-3.0,-3.0,0.0,0.94,0.0
2025-01-22 11:15:00,-2.6,-2.8,0.0,1.08,250.52
2025-01-22 11:30:00,-2.2,-2.6,0.0,1.25,900.0
2025-01-22 11:45:00,-1.6,-2.2,0.0,1.44,900.0
2025-01-22 12:00:00,-1.1,-2.0,0.0,1.58,900.0
2025-01-22 12:15:00,-0.6,-1.7,0.0,1.64,900.0
2025-01-22 12:30:00,-0.0,-1.5,0.0,1.56,900.0
2025-01-22 12:45:00,0.5,-1.2,0.0,1.5,900.0
2025-01-22 13:00:00,1.1,-0.9,0.0,1.56,900.0
2025-01-22 13:15:00,1.6,-0.3,0.0,1.69,900.0
2025-01-22 13:30:00,2.2,0.2,0.0,1.83,900.0
2025-01-22 13:45:00,2.7,0.9,0.0,1.97,900.0
2025-01-22 14:00:00,3.1,1.3,0.0,2.19,900.0
2025-01-22 14:15:00,3.4,1.6,0.0,2.42,900.0
2025-01-22 14:30:00,3.5,1.7,0.0,2.61,900.0
2025-01-22 14:45:00,3.6,2.0,0.0,2.92,900.0
2025-01-22 15:00:00,3.7,2.0,0.0,3.0,900.0
2025-01-22 15:15:00,3.6,2.0,0.0,3.0,900.0
2025-01-22 15:30:00,3.6,2.1,0.0,2.86,900.0
2025-01-22 15:45:00,3.4,1.9,0.0,2.69,900.0
2025-01-22 16:00:00,3.1,1.8,0.0,2.56,900.0
2025-01-22 16:15:00,2.7,1.7,0.0,2.56,900.0
2025-01-22 16:30:00,2.2,1.4,0.0,2.5,653.05
2025-01-22 16:45:00,1.7,1.2,0.0,2.5,38.77
2025-01-22 17:00:00,1.3,1.0,0.0,2.5,0.0
2025-01-22 17:15:00,1.1,0.8,0.0,2.47,0.0
2025-01-22 17:30:00,0.9,0.5,0.0,2.47,0.0
2025-01-22 17:45:00,0.9,0.3,0.0,2.47,0.0
2025-01-22 18:00:00,0.8,0.2,0.0,2.42,0.0
2025-01-22 18:15:00,0.6,0.0,0.0,2.28,0.0
2025-01-22 18:30:00,0.5,0.0,0.0,2.14,0.0
2025-01-22 18:45:00,0.3,0.0,0.0,1.97,0.0
2025-01-22 19:00:00,0.2,-0.1,0.0,1.92,0.0
2025-01-22 19:15:00,0.0,-0.3,0.0,1.97,0.0
2025-01-22 19:30:00,-0.1,-0.4,0.0,2.11,0.0
2025-01-22 19:45:00,-0.2,-0.7,0.0,2.33,0.0
2025-01-22 20:00:00,-0.3,-0.8,0.0,2.47,0.0
2025-01-22 20:15:00,-0.4,-0.9,0.0,2.47,0.0
2025-01-22 20:30:00,-0.5,-0.8,0.0,2.61,0.0
2025-01-22 20:45:00,-0.6,-0.7,0.0,2.56,0.0
2025-01-22 21:00:00,-0.7,-0.8,0.0,2.56,0.0
2025-01-22 21:15:00,-0.7,-0.9,0.0,2.47,0.0
2025-01-22 21:30:00,-0.8,-0.8,0.0,2.42,0.0
2025-01-22 21:45:00,-0.9,-0.9,0.0,2.36,0.0
2025-01-22 22:00:00,-0.9,-0.9,0.0,2.36,0.0
2025-01-22 22:15:00,-1.0,-1.0,0.0,2.5,0.0
2025-01-22 22:30:00,-1.1,-1.1,0.0,2.61,0.0
2025-01-22 22:45:00,-1.2,-1.2,0.0,2.83,0.0
2025-01-22 23:00:00,-1.3,-1.3,0.0,2.97,0.0
2025-01-22 23:15:00,-1.4,-1.4,0.0,3.03,0.0
2025-01-22 23:30:00,-1.5,-1.5,0.0,2.97,0.0
2025-01-22 23:45:00,-1.6,-1.6,0.0,2.92,0.0
2025-01-23 00:00:00,-1.6,-1.6,0.0,2.83,0.0
2025-01-23 00:15:00,-1.7,-1.7,0.0,2.69,0.0
2025-01-23 00:30:00,-1.7,-1.7,0.0,2.47,0.0
2025-01-23 00:45:00,-1.7,-1.7,0.0,2.39,0.0
2025-01-23 01:00:00,-1.7,-1.7,0.0,2.33,0.0
2025-01-23 01:15:00,-1.6,-1.6,0.0,2.33,0.0
2025-01-23 01:30:00,-1.5,-1.5,0.0,2.44,0.0
2025-01-23 01:45:00,-1.4,-1.4,0.0,2.5,0.0
2025-01-23 02:00:00,-1.3,-1.3,0.0,2.69,0.0
2025-01-23 02:15:00,-1.3,-1.5,0.0,2.83,0.0
2025-01-23 02:30:00,-1.3,-1.5,0.0,3.14,0.0
2025-01-23 02:45:00,-1.3,-1.6,0.0,3.36,0.0
2025-01-23 03:00:00,-1.4,-1.8,0.0,3.5,0.0
2025-01-23 03:15:00,-1.4,-1.9,0.0,3.5,0.0
2025-01-23 03:30:00,-1.5,-2.0,0.0,3.5,0.0
2025-01-23 03:45:00,-1.6,-2.0,0.0,3.44,0.0
2025-01-23 04:00:00,-1.6,-2.1,0.0,3.39,0.0
2025-01-23 04:15:00,-1.6,-2.1,0.0,3.42,0.0
2025-01-23 04:30:00,-1.6,-2.2,0.0,3.44,0.0
2025-01-23 04:45:00,-1.6,-2.1,0.0,3.5,0.0
2025-01-23 05:00:00,-1.6,-2.3,0.0,3.53,0.0
2025-01-23 05:15:00,-1.6,-2.3,0.0,3.61,0.0
2025-01-23 05:30:00,-1.7,-2.5,0.0,3.86,0.0
2025-01-23 05:45:00,-1.8,-2.6,0.0,3.97,0.0
2025-01-23 06:00:00,-1.8,-2.8,0.0,4.03,0.0
2025-01-23 06:15:00,-1.9,-3.0,0.0,3.94,0.0
2025-01-23 06:30:00,-1.9,-3.1,0.0,3.72,0.0
2025-01-23 06:45:00,-2.0,-3.3,0.0,3.53,0.0
2025-01-23 07:00:00,-2.0,-3.3,0.0,3.39,0.0
2025-01-23 07:15:00,-2.1,-3.4,0.0,3.39,0.0
2025-01-23 07:30:00,-2.1,-3.4,0.0,3.36,0.0
2025-01-23 07:45:00,-2.2,-3.5,0.0,3.44,0.0
2025-01-23 08:00:00,-2.2,-3.5,0.0,3.44,0.0
2025-01-23 08:15:00,-2.2,-3.5,0.0,3.36,0.0
2025-01-23 08:30:00,-2.2,-3.5,0.0,3.28,0.0
2025-01-23 08:45:00,-2.2,-3.7,0.0,3.22,0.0
2025-01-23 09:00:00,-2.2,-3.6,0.0,3.22,0.0
2025-01-23 09:15:00,-2.1,-3.5,0.0,3.22,0.0
2025-01-23 09:30:00,-2.0,-3.6,0.0,3.31,0.0
2025-01-23 09:45:00,-1.8,-3.4,0.0,3.44,0.0
2025-01-23 10:00:00,-1.7,-3.3,0.0,3.44,0.0
2025-01-23 10:15:00,-1.5,-3.1,0.0,3.42,0.0
2025-01-23 10:30:00,-1.4,-2.8,0.0,3.31,0.0
2025-01-23 10:45:00,-1.2,-2.6,0.0,3.28,0.0
2025-01-23 11:00:00,-1.0,-2.4,0.0,3.19,267.56
2025-01-23 11:15:00,-0.7,-2.3,0.0,3.22,0.0
2025-01-23 11:30:00,-0.5,-2.3,0.0,3.19,0.0
2025-01-23 11:45:00,-0.2,-2.3,0.0,3.28,0.0
2025-01-23 12:00:00,0.1,-2.2,0.0,3.17,0.0
2025-01-23 12:15:00,0.4,-2.0,0.0,2.92,0.0
2025-01-23 12:30:00,0.9,-1.9,0.0,2.44,0.0
2025-01-23 12:45:00,1.3,-1.6,0.0,2.0,0.0
2025-01-23 13:00:00,1.6,-1.5,0.0,1.75,0.0
2025-01-23 13:15:00,1.9,-1.4,0.0,1.94,0.0
2025-01-23 13:30:00,2.0,-1.2,0.0,2.22,0.0
2025-01-23 13:45:00,2.2,-1.1,0.1,2.64,0.0
2025-01-23 14:00:00,2.3,-1.0,0.2,2.83,0.0
2025-01-23 14:15:00,2.3,-1.0,0.4,2.69,0.0
2025-01-23 14:30:00,2.4,-0.7,0.5,2.5,0.0
2025-01-23 14:45:00,2.4,-0.7,0.5,2.25,0.0
2025-01-23 15:00:00,2.4,-0.6,0.3,2.11,0.0
2025-01-23 15:15:00,2.3,-0.4,0.1,1.94,0.0
2025-01-23 15:30:00,2.2,-0.2,0.1,1.67,0.0
2025-01-23 15:45:00,2.2,-0.1,0.0,1.44,0.0
2025-01-23 16:00:00,2.2,-0.1,0.0,1.5,0.0
2025-01-23 16:15:00,2.3,-0.1,0.0,1.81,0.0
2025-01-23 16:30:00,2.6,-0.2,0.0,2.47,0.0
2025-01-23 16:45:00,2.8,-0.3,0.0,3.11,0.0
2025-01-23 17:00:00,3.0,-0.3,0.0,3.64,0.0
2025-01-23 17:15:00,3.0,-0.5,0.0,3.86,0.0
2025-01-23 17:30:00,2.9,-0.8,0.0,3.94,0.0
2025-01-23 17:45:00,2.7,-0.9,0.0,3.89,0.0
2025-01-23 18:00:00,2.6,-1.0,0.0,3.83,0.0
2025-01-23 18:15:00,2.5,-0.9,0.0,3.72,0.0
2025-01-23 18:30:00,2.4,-0.9,0.0,3.53,0.0
2025-01-23 18:45:00,2.3,-0.7,0.0,3.44,0.0
2025-01-23 19:00:00,2.3,-0.5,0.0,3.28,0.0
2025-01-23 19:15:00,2.4,-0.2,0.0,3.22,0.0
2025-01-23 19:30:00,2.6,0.0,0.0,3.14,0.0
2025-01-23 19:45:00,2.9,0.3,0.0,3.14,0.0
2025-01-23 20:00:00,3.0,0.4,0.0,3.06,0.0
2025-01-23 20:15:00,3.0,0.4,0.0,2.94,0.0
2025-01-23 20:30:00,2.8,0.4,0.0,2.78,0.0
2025-01-23 20:45:00,2.7,0.4,0.0,2.69,0.0
2025-01-23 21:00:00,2.6,0.3,0.0,2.58,0.0
2025-01-23 21:15:00,2.4,0.1,0.0,2.5,0.0
2025-01-23 21:30:00,2.3,-0.0,0.0,2.5,0.0
2025-01-23 21:45:00,2.2,-0.1,0.0,2.47,0.0
2025-01-23 22:00:00,2.2,-0.1,0.0,2.47,0.0
2025-01-23 22:15:00,2.3,-0.1,0.0,2.42,0.0
2025-01-23 22:30:00,2.6,0.2,0.0,2.47,0.0
2025-01-23 22:45:00,2.9,0.3,0.0,2.44,0.0
2025-01-23 23:00:00,3.1,0.3,0.0,2.44,0.0
2025-01-23 23:15:00,3.1,0.1,0.0,2.39,0.0
2025-01-23 23:30:00,3.0,0.0,0.0,2.36,0.0
2025-01-23 23:45:00,2.9,-0.2,0.0,2.39,0.0
2025-01-24 00:00:00,2.8,-0.3,0.0,2.36,0.0
2025-01-24 00:15:00,2.7,-0.4,0.0,2.33,0.0
2025-01-24 00:30:00,2.6,-0.5,0.0,2.33,0.0
2025-01-24 00:45:00,2.5,-0.4,0.0,2.33,0.0
2025-01-24 01:00:00,2.5,-0.5,0.0,2.28,0.0
2025-01-24 01:15:00,2.5,-0.4,0.0,2.19,0.0
2025-01-24 01:30:00,2.7,-0.4,0.0,2.14,0.0
2025-01-24 01:45:00,2.8,-0.3,0.0,2.0,0.0
2025-01-24 02:00:00,2.8,-0.3,0.0,1.94,0.0
2025-01-24 02:15:00,2.6,-0.4,0.0,1.94,0.0
2025-01-24 02:30:00,2.3,-0.3,0.0,2.03,0.0
2025-01-24 02:45:00,1.9,-0.5,0.0,2.17,0.0
2025-01-24 03:00:00,1.7,-0.6,0.0,2.17,0.0
2025-01-24 03:15:00,1.6,-0.7,0.0,2.17,0.0
2025-01-24 03:30:00,1.5,-0.7,0.0,2.08,0.0
2025-01-24 03:45:00,1.6,-0.9,0.0,2.03,0.0
2025-01-24 04:00:00,1.6,-0.9,0.0,1.97,0.0
2025-01-24 04:15:00,1.6,-0.8,0.0,1.97,0.0
2025-01-24 04:30:00,1.7,-0.9,0.0,1.97,0.0
2025-01-24 04:45:00,1.7,-0.9,0.0,2.11,0.0
2025-01-24 05:00:00,1.7,-0.9,0.0,2.19,0.0
2025-01-24 05:15:00,1.7,-0.7,0.0,2.31,0.0
2025-01-24 05:30:00,1.7,-0.6,0.0,2.39,0.0
2025-01-24 05:45:00,1.6,-0.6,0.0,2.5,0.0
2025-01-24 06:00:00,1.6,-0.5,0.0,2.61,0.0
2025-01-24 06:15:00,1.6,-0.5,0.0,2.61,0.0
2025-01-24 06:30:00,1.6,-0.5,0.0,2.75,0.0
2025-01-24 06:45:00,1.7,-0.4,0.0,2.81,0.0
2025-01-24 07:00:00,1.7,-0.6,0.0,2.75,0.0
2025-01-24 07:15:00,1.7,-0.8,0.0,2.67,0.0
2025-01-24 07:30:00,1.7,-0.9,0.0,2.42,0.0
2025-01-24 07:45:00,1.7,-1.0,0.0,2.17,0.0
2025-01-24 08:00:00,1.8,-1.2,0.0,2.03,0.0
2025-01-24 08:15:00,1.8,-1.1,0.0,1.94,0.0
2025-01-24 08:30:00,1.8,-1.3,0.0,1.94,0.0
2025-01-24 08:45:00,1.9,-1.2,0.0,1.94,0.0
2025-01-24 09:00:00,1.9,-1.2,0.0,1.94,0.0
2025-01-24 09:15:00,1.9,-1.2,0.0,1.94,0.0
2025-01-24 09:30:00,1.9,-1.2,0.0,1.83,0.0
2025-01-24 09:45:00,2.0,-1.3,0.0,1.83,0.0
2025-01-24 10:00:00,2.1,-1.2,0.0,1.83,0.0
2025-01-24 10:15:00,2.3,-1.2,0.0,1.89,0.0
2025-01-24 10:30:00,2.6,-1.1,0.0,2.0,0.0
2025-01-24 10:45:00,2.9,-1.0,0.0,2.17,0.0
2025-01-24 11:00:00,3.2,-0.8,0.0,2.36,0.0
2025-01-24 11:15:00,3.6,-0.6,0.0,2.56,146.95
2025-01-24 11:30:00,4.0,-0.4,0.0,2.83,881.46
2025-01-24 11:45:00,4.4,-0.4,0.0,2.97,900.0
2025-01-24 12:00:00,4.8,-0.2,0.0,3.11,900.0
2025-01-24 12:15:00,5.2,-0.1,0.0,3.11,900.0
2025-01-24 12:30:00,5.5,0.0,0.0,3.11,900.0
2025-01-24 12:45:00,5.7,-0.1,0.0,2.97,900.0
2025-01-24 13:00:00,6.0,-0.1,0.0,2.97,900.0
2025-01-24 13:15:00,6.3,-0.0,0.0,3.06,900.0
2025-01-24 13:30:00,6.6,-0.2,0.0,3.14,900.0
2025-01-24 13:45:00,6.9,-0.1,0.0,3.31,900.0
2025-01-24 14:00:00,7.1,-0.2,0.0,3.39,900.0
2025-01-24 14:15:00,7.1,-0.1,0.0,3.42,900.0
2025-01-24 14:30:00,7.1,0.1,0.0,3.44,900.0
2025-01-24 14:45:00,7.0,0.2,0.0,3.44,900.0
2025-01-24 15:00:00,6.9,0.3,0.0,3.39,900.0
2025-01-24 15:15:00,6.8,0.5,0.0,3.36,900.0
2025-01-24 15:30:00,6.7,0.3,0.0,3.33,900.0
2025-01-24 15:45:00,6.5,0.4,0.0,3.22,900.0
2025-01-24 16:00:00,6.4,0.5,0.0,3.19,900.0
2025-01-24 16:15:00,6.2,0.5,0.0,3.17,900.0
2025-01-24 16:30:00,6.0,0.5,0.0,3.06,900.0
2025-01-24 16:45:00,5.8,0.6,0.0,2.94,672.66
2025-01-24 17:00:00,5.6,0.5,0.0,2.92,0.0
2025-01-24 17:15:00,5.3,0.4,0.0,2.86,0.0
2025-01-24 17:30:00,5.0,0.5,0.0,2.81,0.0
2025-01-24 17:45:00,4.7,0.6,0.0,2.81,0.0
2025-01-24 18:00:00,4.4,0.5,0.0,2.92,0.0
2025-01-24 18:15:00,4.1,0.4,0.0,3.03,0.0
2025-01-24 18:30:00,3.9,0.4,0.0,3.14,0.0
2025-01-24 18:45:00,3.8,0.5,0.0,3.22,0.0
2025-01-24 19:00:00,3.6,0.3,0.0,3.33,0.0
2025-01-24 19:15:00,3.5,0.2,0.0,3.56,0.0
2025-01-24 19:30:00,3.5,0.2,0.0,3.78,0.0
2025-01-24 19:45:00,3.4,-0.1,0.0,3.92,0.0
2025-01-24 20:00:00,3.4,-0.1,0.0,4.06,0.0
2025-01-24 20:15:00,3.4,-0.1,0.0,3.92,0.0
2025-01-24 20:30:00,3.5,-0.2,0.0,3.69,0.0
2025-01-24 20:45:00,3.5,-0.1,0.0,3.33,0.0
2025-01-24 21:00:00,3.6,-0.1,0.0,3.14,0.0
2025-01-24 21:15:00,3.6,-0.0,0.0,3.03,0.0
2025-01-24 21:30:00,3.6,-0.0,0.0,3.0,0.0
2025-01-24 21:45:00,3.7,0.2,0.0,3.06,0.0
2025-01-24 22:00:00,3.7,0.2,0.0,3.11,0.0
2025-01-24 22:15:00,3.8,0.5,0.0,3.06,0.0
2025-01-24 22:30:00,4.0,0.6,0.0,3.0,0.0
2025-01-24 22:45:00,4.1,1.0,0.1,2.94,0.0
2025-01-24 23:00:00,4.3,1.2,0.1,3.03,0.0
2025-01-24 23:15:00,4.5,1.2,0.1,3.31,0.0
2025-01-24 23:30:00,4.8,1.2,0.1,3.69,0.0
2025-01-24 23:45:00,5.0,1.3,0.1,4.11,0.0
2025-01-25 00:00:00,5.2,1.3,0.1,4.42,0.0
2025-01-25 00:15:00,5.4,1.3,0.1,4.42,0.0
2025-01-25 00:30:00,5.5,1.4,0.1,4.33,0.0
2025-01-25 00:45:00,5.5,1.2,0.1,4.17,0.0
2025-01-25 01:00:00,5.6,1.3,0.1,4.06,0.0
2025-01-25 01:15:00,5.6,1.3,0.0,3.97,0.0
2025-01-25 01:30:00,5.6,1.5,0.1,3.86,0.0
2025-01-25 01:45:00,5.6,1.7,0.1,3.78,0.0
2025-01-25 02:00:00,5.6,1.9,0.0,3.56,0.0
2025-01-25 02:15:00,5.6,2.0,0.1,3.36,0.0
2025-01-25 02:30:00,5.5,2.3,0.2,3.14,0.0
2025-01-25 02:45:00,5.5,2.6,0.3,2.83,0.0
2025-01-25 03:00:00,5.4,2.8,0.3,2.61,0.0
2025-01-25 03:15:00,5.4,2.9,0.2,2.42,0.0
2025-01-25 03:30:00,5.4,2.9,0.1,2.31,0.0
2025-01-25 03:45:00,5.4,2.9,0.1,2.11,0.0
2025-01-25 04:00:00,5.4,2.9,0.1,2.11,0.0
2025-01-25 04:15:00,5.4,2.9,0.1,2.19,0.0
2025-01-25 04:30:00,5.5,3.0,0.0,2.31,0.0
2025-01-25 04:45:00,5.5,3.0,0.0,2.5,0.0
2025-01-25 05:00:00,5.5,3.0,0.0,2.61,0.0
2025-01-25 05:15:00,5.5,2.9,0.0,2.61,0.0
2025-01-25 05:30:00,5.5,2.7,0.0,2.61,0.0
2025-01-25 05:45:00,5.5,2.5,0.0,2.53,0.0
2025-01-25 06:00:00,5.5,2.5,0.0,2.53,0.0
2025-01-25 06:15:00,5.4,2.4,0.0,2.42,0.0
2025-01-25 06:30:00,5.3,2.7,0.1,2.39,0.0
2025-01-25 06:45:00,5.3,2.8,0.1,2.31,0.0
2025-01-25 07:00:00,5.2,2.7,0.0,2.33,0.0
2025-01-25 07:15:00,5.2,2.7,0.0,2.44,0.0
2025-01-25 07:30:00,5.2,2.6,0.0,2.56,0.0
2025-01-25 07:45:00,5.2,2.4,0.0,2.67,0.0
2025-01-25 08:00:00,5.3,2.3,0.0,2.67,0.0
2025-01-25 08:15:00,5.3,2.1,0.0,2.67,0.0
2025-01-25 08:30:00,5.4,2.2,0.0,2.56,0.0
2025-01-25 08:45:00,5.4,2.1,0.0,2.44,0.0
2025-01-25 09:00:00,5.5,2.2,0.0,2.36,0.0
2025-01-25 09:15:00,5.7,2.3,0.0,2.28,0.0
2025-01-25 09:30:00,5.8,2.4,0.0,2.31,0.0
2025-01-25 09:45:00,6.0,2.5,0.0,2.28,0.0
2025-01-25 10:00:00,6.2,2.7,0.0,2.28,0.0
2025-01-25 10:15:00,6.5,2.9,0.0,2.25,0.0
2025-01-25 10:30:00,6.8,3.0,0.0,2.28,0.0
2025-01-25 10:45:00,7.1,3.4,0.0,2.33,0.0
2025-01-25 11:00:00,7.4,3.5,0.0,2.42,702.3
2025-01-25 11:15:00,7.8,3.6,0.0,2.5,531.61
2025-01-25 11:30:00,8.1,3.6,0.0,2.69,654.17
2025-01-25 11:45:00,8.5,3.5,0.0,2.89,447.45
2025-01-25 12:00:00,8.8,3.4,0.0,3.0,218.67
2025-01-25 12:15:00,9.0,3.4,0.0,3.03,0.0
2025-01-25 12:30:00,9.2,3.4,0.0,3.03,0.0
2025-01-25 12:45:00,9.3,3.3,0.0,2.97,0.0
2025-01-25 13:00:00,9.4,3.2,0.0,2.97,163.55
2025-01-25 13:15:00,9.4,2.9,0.0,3.03,0.0
2025-01-25 13:30:00,9.4,2.9,0.2,3.11,0.0
2025-01-25 13:45:00,9.4,2.7,0.1,3.19,0.0
2025-01-25 14:00:00,9.3,2.6,0.0,3.31,0.0
2025-01-25 14:15:00,9.3,2.6,0.0,3.5,0.0
2025-01-25 14:30:00,9.4,2.4,0.0,3.61,0.0
2025-01-25 14:45:00,9.4,2.4,0.0,3.81,0.0
2025-01-25 15:00:00,9.4,2.4,0.0,3.92,0.0
2025-01-25 15:15:00,9.4,2.4,0.0,3.92,0.0
2025-01-25 15:30:00,9.3,2.2,0.0,3.89,0.0
2025-01-25 15:45:00,9.3,2.1,0.0,3.81,0.0
2025-01-25 16:00:00,9.2,2.0,0.0,3.83,0.0
2025-01-25 16:15:00,9.0,2.1,0.0,3.83,0.0
2025-01-25 16:30:00,8.7,2.1,0.0,3.94,0.0
2025-01-25 16:45:00,8.5,2.0,0.0,3.94,0.0
2025-01-25 17:00:00,8.3,2.1,0.0,3.94,0.0
2025-01-25 17:15:00,8.1,1.9,0.0,3.83,0.0
2025-01-25 17:30:00,8.0,2.0,0.0,3.72,0.0
2025-01-25 17:45:00,7.9,1.9,0.0,3.64,0.0
2025-01-25 18:00:00,7.8,1.8,0.0,3.44,0.0
2025-01-25 18:15:00,7.6,1.9,0.0,3.17,0.0
2025-01-25 18:30:00,7.4,1.7,0.0,2.89,0.0
2025-01-25 18:45:00,7.2,1.7,0.0,2.61,0.0
2025-01-25 19:00:00,7.1,1.8,0.0,2.44,0.0
2025-01-25 19:15:00,6.9,1.8,0.0,2.53,0.0
2025-01-25 19:30:00,6.8,1.7,0.0,2.72,0.0
2025-01-25 19:45:00,6.7,1.6,0.0,2.89,0.0
2025-01-25 20:00:00,6.6,1.7,0.0,3.06,0.0
2025-01-25 20:15:00,6.5,1.8,0.0,3.14,0.0
2025-01-25 20:30:00,6.4,1.7,0.0,3.19,0.0
2025-01-25 20:45:00,6.3,1.8,0.0,3.22,0.0
2025-01-25 21:00:00,6.1,1.8,0.0,3.22,0.0
2025-01-25 21:15:00,6.0,1.9,0.0,3.11,0.0
2025-01-25 21:30:00,5.9,2.0,0.0,2.89,0.0
2025-01-25 21:45:00,5.7,1.8,0.0,2.72,0.0
2025-01-25 22:00:00,5.6,1.9,0.0,2.56,0.0
2025-01-25 22:15:00,5.5,2.0,0.0,2.44,0.0
2025-01-25 22:30:00,5.5,1.9,0.0,2.44,0.0
2025-01-25 22:45:00,5.4,2.1,0.0,2.42,0.0
2025-01-25 23:00:00,5.4,2.2,0.0,2.42,0.0
2025-01-25 23:15:00,5.3,2.3,0.0,2.39,0.0
2025-01-25 23:30:00,5.2,2.6,0.0,2.39,0.0
2025-01-25 23:45:00,5.1,2.6,0.0,2.42,0.0
2025-01-26 00:00:00,5.0,2.7,0.0,2.33,0.0
2025-01-26 00:15:00,4.9,2.7,0.0,2.14,0.0
2025-01-26 00:30:00,4.6,2.6,0.0,1.83,0.0
2025-01-26 00:45:00,4.4,2.6,0.0,1.56,0.0
2025-01-26 01:00:00,4.3,2.5,0.0,1.36,0.0
2025-01-26 01:15:00,4.3,2.5,0.0,1.25,0.0
2025-01-26 01:30:00,4.4,2.4,0.0,1.31,0.0
2025-01-26 01:45:00,4.5,2.3,0.0,1.31,0.0
2025-01-26 02:00:00,4.6,2.4,0.0,1.42,0.0
2025-01-26 02:15:00,4.7,2.5,0.0,1.42,0.0
2025-01-26 02:30:00,4.7,2.7,0.0,1.33,0.0
2025-01-26 02:45:00,4.9,3.0,0.0,1.44,0.0
2025-01-26 03:00:00,5.0,3.2,0.0,1.58,0.0
2025-01-26 03:15:00,5.3,3.5,0.0,2.0,0.0
2025-01-26 03:30:00,5.7,3.8,0.0,2.47,0.0
2025-01-26 03:45:00,6.0,4.2,0.0,2.97,0.0
2025-01-26 04:00:00,6.3,4.4,0.0,3.28,0.0
2025-01-26 04:15:00,6.4,4.5,0.0,3.39,0.0
2025-01-26 04:30:00,6.4,4.5,0.0,3.53,0.0
2025-01-26 04:45:00,6.3,4.6,0.0,3.44,0.0
2025-01-26 05:00:00,6.3,4.6,0.0,3.36,0.0
2025-01-26 05:15:00,6.2,4.5,0.0,3.14,0.0
2025-01-26 05:30:00,6.2,4.7,0.0,2.92,0.0
2025-01-26 05:45:00,6.2,4.6,0.0,2.67,0.0
2025-01-26 06:00:00,6.1,4.6,0.0,2.44,0.0
2025-01-26 06:15:00,6.1,4.5,0.0,2.22,0.0
2025-01-26 06:30:00,6.0,4.5,0.0,2.14,0.0
2025-01-26 06:45:00,6.0,4.4,0.0,2.03,0.0
2025-01-26 07:00:00,5.9,4.4,0.0,2.03,0.0
2025-01-26 07:15:00,5.8,4.3,0.0,2.25,0.0
2025-01-26 07:30:00,5.6,4.1,0.0,2.53,0.0
2025-01-26 07:45:00,5.5,4.0,0.0,2.89,0.0
2025-01-26 08:00:00,5.4,3.9,0.0,3.06,0.0
2025-01-26 08:15:00,5.4,3.9,0.0,3.11,0.0
2025-01-26 08:30:00,5.5,3.8,0.0,3.14,0.0
2025-01-26 08:45:00,5.6,3.9,0.0,3.11,0.0
2025-01-26 09:00:00,5.7,3.8,0.0,3.11,0.0
2025-01-26 09:15:00,5.8,3.9,0.0,3.0,0.0
2025-01-26 09:30:00,5.9,3.9,0.0,2.81,0.0
2025-01-26 09:45:00,6.0,4.0,0.0,2.61,298.91
2025-01-26 10:00:00,6.1,3.9,0.0,2.39,900.0
2025-01-26 10:15:00,6.3,3.9,0.0,2.31,900.0
2025-01-26 10:30:00,6.4,4.1,0.0,2.31,900.0
2025-01-26 10:45:00,6.6,4.1,0.0,2.31,9.23
2025-01-26 11:00:00,6.7,4.0,0.0,2.19,0.0
2025-01-26 11:15:00,6.8,3.9,0.0,2.11,0.0
2025-01-26 11:30:00,6.8,4.0,0.0,1.89,0.0
2025-01-26 11:45:00,6.9,3.8,0.0,1.72,0.0
2025-01-26 12:00:00,6.9,3.9,0.0,1.67,0.0
2025-01-26 12:15:00,7.0,3.8,0.0,1.83,0.0
2025-01-26 12:30:00,7.1,3.9,0.0,2.11,0.0
2025-01-26 12:45:00,7.2,3.8,0.0,2.42,0.0
2025-01-26 13:00:00,7.3,3.9,0.0,2.61,0.0
2025-01-26 13:15:00,7.5,4.1,0.0,2.72,0.0
2025-01-26 13:30:00,7.6,4.2,0.2,2.78,0.0
2025-01-26 13:45:00,7.8,4.3,0.2,2.89,0.0
2025-01-26 14:00:00,7.9,4.3,0.0,2.97,0.0
2025-01-26 14:15:00,8.1,4.3,0.0,3.22,0.0
2025-01-26 14:30:00,8.2,4.0,0.0,3.53,0.0
2025-01-26 14:45:00,8.3,3.9,0.0,3.83,0.0
2025-01-26 15:00:00,8.3,3.8,0.0,4.06,134.17
2025-01-26 15:15:00,8.3,3.8,0.0,4.11,0.0
2025-01-26 15:30:00,8.2,3.9,0.0,4.14,0.0
2025-01-26 15:45:00,8.1,3.8,0.0,4.19,0.0
2025-01-26 16:00:00,8.0,3.8,0.0,4.17,0.0
2025-01-26 16:15:00,7.9,3.9,0.0,4.17,0.0
2025-01-26 16:30:00,7.8,3.8,0.0,4.11,0.0
2025-01-26 16:45:00,7.6,3.8,0.1,4.11,0.0
2025-01-26 17:00:00,7.5,3.9,0.1,4.06,0.0
2025-01-26 17:15:00,7.3,3.9,0.1,4.06,0.0
2025-01-26 17:30:00,7.2,3.8,0.1,3.97,0.0
2025-01-26 17:45:00,7.0,3.8,0.2,3.92,0.0
2025-01-26 18:00:00,6.9,3.8,0.1,3.75,0.0
2025-01-26 18:15:00,6.8,3.9,0.2,3.39,0.0
2025-01-26 18:30:00,6.7,4.0,0.3,3.11,0.0
2025-01-26 18:45:00,6.7,4.3,0.2,2.92,0.0
2025-01-26 19:00:00,6.6,4.3,0.2,2.78,0.0
2025-01-26 19:15:00,6.6,4.1,0.1,2.67,0.0
2025-01-26 19:30:00,6.6,3.9,0.0,2.61,0.0
2025-01-26 19:45:00,6.5,3.7,0.0,2.61,0.0
2025-01-26 20:00:00,6.5,3.4,0.0,2.58,0.0
2025-01-26 20:15:00,6.3,3.3,0.0,2.64,0.0
2025-01-26 20:30:00,6.2,3.1,0.0,2.78,0.0
2025-01-26 20:45:00,6.0,3.1,0.0,2.92,0.0
2025-01-26 21:00:00,5.8,3.0,0.0,3.0,0.0
2025-01-26 21:15:00,5.7,2.8,0.0,3.0,0.0
2025-01-26 21:30:00,5.5,2.6,0.0,2.97,0.0
2025-01-26 21:45:00,5.3,2.7,0.0,2.83,0.0
2025-01-26 22:00:00,5.2,2.5,0.0,2.83,0.0
2025-01-26 22:15:00,5.0,2.4,0.0,2.78,0.0
2025-01-26 22:30:00,4.9,2.4,0.0,2.69,0.0
2025-01-26 22:45:00,4.7,2.2,0.0,2.61,0.0
2025-01-26 23:00:00,4.5,2.2,0.0,2.56,0.0
2025-01-26 23:15:00,4.3,2.2,0.0,2.53,0.0
2025-01-26 23:30:00,4.2,2.0,0.0,2.44,0.0
2025-01-26 23:45:00,4.0,2.0,0.0,2.31,0.0
2025-01-27 00:00:00,3.8,1.8,0.0,2.28,0.0
2025-01-27 00:15:00,3.6,1.6,0.0,2.22,0.0
2025-01-27 00:30:00,3.4,1.4,0.0,2.22,0.0
2025-01-27 00:45:00,3.2,1.2,0.0,2.19,0.0
2025-01-27 01:00:00,3.1,1.1,0.0,2.22,0.0
2025-01-27 01:15:00,3.1,0.9,0.0,2.33,0.0
2025-01-27 01:30:00,3.1,0.9,0.0,2.56,0.0
2025-01-27 01:45:00,3.2,0.9,0.0,2.78,0.0
2025-01-27 02:00:00,3.2,0.7,0.0,2.89,0.0
2025-01-27 02:15:00,3.1,0.7,0.0,2.92,0.0
2025-01-27 02:30:00,3.1,0.6,0.0,2.92,0.0
2025-01-27 02:45:00,3.0,0.6,0.0,2.92,0.0
2025-01-27 03:00:00,3.0,0.5,0.0,2.81,0.0
2025-01-27 03:15:00,2.9,0.5,0.0,2.72,0.0
2025-01-27 03:30:00,2.8,0.4,0.0,2.5,0.0
2025-01-27 03:45:00,2.8,0.2,0.0,2.39,0.0
2025-01-27 04:00:00,2.7,0.1,0.0,2.28,0.0
2025-01-27 04:15:00,2.7,0.1,0.0,2.31,0.0
2025-01-27 04:30:00,2.7,0.1,0.0,2.31,0.0
2025-01-27 04:45:00,2.7,0.1,0.0,2.39,0.0
2025-01-27 05:00:00,2.6,0.0,0.0,2.42,0.0
2025-01-27 05:15:00,2.5,0.0,0.0,2.5,0.0
2025-01-27 05:30:00,2.2,-0.0,0.0,2.53,0.0
2025-01-27 05:45:00,2.0,-0.1,0.0,2.64,0.0
2025-01-27 06:00:00,1.8,-0.1,0.0,2.61,0.0
2025-01-27 06:15:00,1.7,-0.2,0.0,2.56,0.0
2025-01-27 06:30:00,1.6,-0.3,0.0,2.47,0.0
2025-01-27 06:45:00,1.6,-0.4,0.0,2.28,0.0
2025-01-27 07:00:00,1.6,-0.5,0.0,2.19,0.0
2025-01-27 07:15:00,1.8,-0.5,0.0,2.19,0.0
2025-01-27 07:30:00,2.0,-0.5,0.0,2.25,0.0
2025-01-27 07:45:00,2.2,-0.4,0.0,2.28,0.0
2025-01-27 08:00:00,2.3,-0.3,0.0,2.33,0.0
2025-01-27 08:15:00,2.3,-0.3,0.0,2.36,0.0
2025-01-27 08:30:00,2.2,-0.2,0.0,2.44,0.0
2025-01-27 08:45:00,2.2,-0.1,0.0,2.47,0.0
2025-01-27 09:00:00,2.2,0.1,0.0,2.47,0.0
2025-01-27 09:15:00,2.3,0.4,0.0,2.53,0.0
2025-01-27 09:30:00,2.5,0.6,0.0,2.5,0.0
2025-01-27 09:45:00,2.8,1.0,0.0,2.47,0.0
2025-01-27 10:00:00,3.1,1.3,0.0,2.47,478.99
2025-01-27 10:15:00,3.4,1.6,0.0,2.56,0.0
2025-01-27 10:30:00,3.9,1.9,0.0,2.61,0.0
2025-01-27 10:45:00,4.3,2.3,0.0,2.69,551.02
2025-01-27 11:00:00,4.8,2.7,0.0,2.83,0.0
2025-01-27 11:15:00,5.4,3.0,0.0,3.06,204.98
2025-01-27 11:30:00,6.0,3.5,0.0,3.36,702.67
2025-01-27 11:45:00,6.5,3.8,0.0,3.56,900.0
2025-01-27 12:00:00,7.1,4.2,0.0,3.75,761.96
2025-01-27 12:15:00,7.5,4.5,0.0,3.81,451.77
2025-01-27 12:30:00,8.0,4.5,0.0,3.75,649.41
2025-01-27 12:45:00,8.4,4.6,0.0,3.72,900.0
2025-01-27 13:00:00,8.7,4.7,0.0,3.81,20.93
2025-01-27 13:15:00,9.0,4.8,0.0,3.89,0.0
2025-01-27 13:30:00,9.3,4.7,0.0,3.89,0.0
2025-01-27 13:45:00,9.4,4.6,0.0,3.89,0.0
2025-01-27 14:00:00,9.6,4.6,0.0,3.89,0.0
2025-01-27 14:15:00,9.6,4.4,0.0,3.89,0.0
2025-01-27 14:30:00,9.6,4.2,0.0,4.0,0.0
2025-01-27 14:45:00,9.6,3.9,0.0,4.0,0.0
2025-01-27 15:00:00,9.6,3.9,0.0,4.0,0.0
2025-01-27 15:15:00,9.6,3.9,0.0,3.81,0.0
2025-01-27 15:30:00,9.6,4.0,0.0,3.5,0.0
2025-01-27 15:45:00,9.6,4.2,0.0,3.33,0.0
2025-01-27 16:00:00,9.6,4.4,0.0,3.14,0.0
2025-01-27 16:15:00,9.6,4.6,0.0,3.14,0.0
2025-01-27 16:30:00,9.5,4.9,0.0,3.22,0.0
2025-01-27 16:45:00,9.4,5.2,0.0,3.31,0.0
2025-01-27 17:00:00,9.3,5.3,0.0,3.39,0.0
2025-01-27 17:15:00,9.2,5.2,0.1,3.39,0.0
2025-01-27 17:30:00,9.1,5.1,0.1,3.39,0.0
2025-01-27 17:45:00,8.9,4.7,0.1,3.39,0.0
2025-01-27 18:00:00,8.8,4.6,0.1,3.39,0.0
2025-01-27 18:15:00,8.6,4.6,0.0,3.5,0.0
2025-01-27 18:30:00,8.3,4.3,0.0,3.5,0.0
2025-01-27 18:45:00,8.1,4.3,0.0,3.61,0.0
2025-01-27 19:00:00,7.9,4.3,0.0,3.64,0.0
2025-01-27 19:15:00,7.9,4.3,0.0,3.53,0.0
2025-01-27 19:30:00,7.9,4.3,0.0,3.33,0.0
2025-01-27 19:45:00,7.9,4.3,0.0,3.25,0.0
2025-01-27 20:00:00,7.9,4.3,0.0,3.14,0.0
2025-01-27 20:15:00,7.8,4.2,0.0,3.25,0.0
2025-01-27 20:30:00,7.8,4.2,0.0,3.36,0.0
2025-01-27 20:45:00,7.7,4.1,0.0,3.44,0.0
2025-01-27 21:00:00,7.6,4.0,0.0,3.47,0.0
2025-01-27 21:15:00,7.4,4.0,0.0,3.22,0.0
2025-01-27 21:30:00,7.1,3.8,0.0,2.86,0.0
2025-01-27 21:45:00,6.8,3.9,0.0,2.53,0.0
2025-01-27 22:00:00,6.6,3.9,0.0,2.28,0.0
2025-01-27 22:15:00,6.6,3.9,0.0,1.97,0.0
2025-01-27 22:30:00,6.7,4.2,0.0,1.64,0.0
2025-01-27 22:45:00,6.9,4.3,0.1,1.33,0.0
2025-01-27 23:00:00,7.0,4.4,0.1,1.25,0.0
2025-01-27 23:15:00,7.0,4.6,0.1,1.42,0.0
2025-01-27 23:30:00,7.0,4.8,0.1,1.61,0.0
2025-01-27 23:45:00,6.9,4.7,0.1,1.92,0.0
2025-01-28 00:00:00,6.9,4.9,0.1,1.94,0.0
2025-01-28 00:15:00,6.9,4.9,0.2,1.67,0.0
2025-01-28 00:30:00,7.0,5.1,0.5,1.5,0.0
2025-01-28 00:45:00,7.0,5.2,0.6,1.53,0.0
2025-01-28 01:00:00,7.1,5.2,0.3,1.69,0.0
2025-01-28 01:15:00,7.1,5.3,0.2,1.61,0.0
2025-01-28 01:30:00,7.1,5.3,0.2,1.53,0.0
2025-01-28 01:45:00,7.2,5.3,0.1,1.5,0.0
2025-01-28 02:00:00,7.2,5.3,0.1,1.67,0.0
2025-01-28 02:15:00,7.2,5.3,0.1,1.64,0.0
2025-01-28 02:30:00,7.1,5.3,0.1,1.69,0.0
2025-01-28 02:45:00,7.1,5.2,0.0,1.72,0.0
2025-01-28 03:00:00,7.0,5.2,0.0,1.81,0.0
2025-01-28 03:15:00,6.9,5.1,0.0,2.17,0.0
2025-01-28 03:30:00,6.8,5.0,0.1,2.75,0.0
2025-01-28 03:45:00,6.7,5.0,0.0,3.33,0.0
2025-01-28 04:00:00,6.6,4.9,0.0,3.56,0.0
2025-01-28 04:15:00,6.4,4.7,0.0,3.25,0.0
2025-01-28 04:30:00,6.3,4.7,0.0,2.69,0.0
2025-01-28 04:45:00,6.1,4.8,0.0,2.17,0.0
2025-01-28 05:00:00,6.0,4.6,0.0,1.92,0.0
2025-01-28 05:15:00,5.9,4.5,0.0,1.72,0.0
2025-01-28 05:30:00,5.7,4.4,0.0,1.58,0.0
2025-01-28 05:45:00,5.6,4.3,0.0,1.44,0.0
2025-01-28 06:00:00,5.6,4.2,0.0,1.25,0.0
2025-01-28 06:15:00,5.6,4.2,0.0,0.94,0.0
2025-01-28 06:30:00,5.6,4.1,0.0,0.72,0.0
2025-01-28 06:45:00,5.6,3.9,0.0,0.86,0.0
2025-01-28 07:00:00,5.6,3.9,0.0,1.19,0.0
2025-01-28 07:15:00,5.3,3.8,0.0,1.39,0.0
2025-01-28 07:30:00,5.0,3.7,0.0,1.5,0.0
2025-01-28 07:45:00,4.7,3.5,0.0,1.64,0.0
2025-01-28 08:00:00,4.4,3.4,0.0,1.81,0.0
2025-01-28 08:15:00,4.3,3.2,0.0,1.86,0.0
2025-01-28 08:30:00,4.2,3.1,0.0,1.92,0.0
2025-01-28 08:45:00,4.1,3.1,0.0,2.0,0.0
2025-01-28 09:00:00,4.1,3.1,0.0,2.08,0.0
2025-01-28 09:15:00,4.2,3.1,0.0,2.28,0.0
2025-01-28 09:30:00,4.3,3.4,0.0,2.47,570.73
2025-01-28 09:45:00,4.4,3.5,0.0,2.69,258.53
2025-01-28 10:00:00,4.6,3.7,0.0,2.69,0.0
2025-01-28 10:15:00,4.8,3.7,0.0,2.5,0.0
2025-01-28 10:30:00,5.0,3.8,0.0,2.31,0.0
2025-01-28 10:45:00,5.3,4.0,0.0,1.89,0.0
2025-01-28 11:00:00,5.6,4.1,0.0,1.67,536.8
2025-01-28 11:15:00,5.8,4.1,0.0,1.5,357.38
2025-01-28 11:30:00,6.1,4.3,0.0,1.28,0.0
2025-01-28 11:45:00,6.4,4.4,0.0,1.22,0.0
2025-01-28 12:00:00,6.6,4.4,0.0,1.31,0.0
2025-01-28 12:15:00,6.7,4.5,0.0,1.58,0.0
2025-01-28 12:30:00,6.7,4.7,0.0,2.08,0.0
2025-01-28 12:45:00,6.8,4.7,0.1,2.5,0.0
2025-01-28 13:00:00,6.8,4.9,0.2,2.69,0.0
2025-01-28 13:15:00,6.8,5.1,0.1,2.69,0.0
2025-01-28 13:30:00,6.8,5.2,0.1,2.39,0.0
2025-01-28 13:45:00,6.8,5.4,0.0,2.17,0.0
2025-01-28 14:00:00,6.9,5.7,0.0,1.94,0.0
2025-01-28 14:15:00,7.0,5.8,0.0,1.92,0.0
2025-01-28 14:30:00,7.3,5.9,0.0,1.89,0.0
2025-01-28 14:45:00,7.5,6.1,0.0,1.89,0.0
2025-01-28 15:00:00,7.7,6.2,0.0,1.89,219.98
2025-01-28 15:15:00,7.9,6.4,0.0,1.69,0.0
2025-01-28 15:30:00,8.1,6.6,0.0,1.53,0.0
2025-01-28 15:45:00,8.3,6.7,0.0,1.33,0.0
2025-01-28 16:00:00,8.4,6.9,0.0,1.28,0.0
2025-01-28 16:15:00,8.5,7.0,0.0,1.28,0.0
2025-01-28 16:30:00,8.6,7.1,0.0,1.19,0.0
2025-01-28 16:45:00,8.7,7.1,0.0,1.19,0.0
2025-01-28 17:00:00,8.7,7.1,0.0,1.19,0.0
2025-01-28 17:15:00,8.7,7.1,0.0,1.19,0.0
2025-01-28 17:30:00,8.6,6.9,0.0,1.14,0.0
2025-01-28 17:45:00,8.5,6.8,0.0,1.19,0.0
2025-01-28 18:00:00,8.4,6.7,0.0,1.14,0.0
2025-01-28 18:15:00,8.3,6.6,0.0,1.14,0.0
2025-01-28 18:30:00,8.2,6.6,0.0,1.08,0.0
2025-01-28 18:45:00,8.1,6.7,0.0,1.22,0.0
2025-01-28 19:00:00,8.0,6.6,0.0,1.31,0.0
2025-01-28 19:15:00,8.1,6.7,0.0,1.42,0.0
2025-01-28 19:30:00,8.2,6.8,0.0,1.5,0.0
2025-01-28 19:45:00,8.3,6.9,0.0,1.64,0.0
2025-01-28 20:00:00,8.3,6.9,0.0,1.61,0.0
2025-01-28 20:15:00,8.2,6.8,0.0,1.69,0.0
2025-01-28 20:30:00,8.0,6.6,0.0,2.08,0.0
2025-01-28 20:45:00,7.8,6.4,0.0,2.81,0.0
2025-01-28 21:00:00,7.5,6.1,0.1,3.31,0.0
2025-01-28 21:15:00,7.3,5.9,0.1,3.42,0.0
2025-01-28 21:30:00,7.1,5.7,0.1,3.31,0.0
2025-01-28 21:45:00,6.8,5.6,0.0,3.0,0.0
2025-01-28 22:00:00,6.7,5.5,0.0,2.81,0.0
2025-01-28 22:15:00,6.6,5.4,0.0,2.61,0.0
2025-01-28 22:30:00,6.5,5.5,0.0,2.56,0.0
2025-01-28 22:45:00,6.5,5.4,0.0,2.39,0.0
2025-01-28 23:00:00,6.5,5.4,0.0,2.31,0.0
2025-01-28 23:15:00,6.5,5.4,0.0,2.22,0.0
2025-01-28 23:30:00,6.5,5.3,0.0,2.19,0.0
2025-01-28 23:45:00,6.5,5.1,0.0,2.19,0.0
2025-01-29 00:00:00,6.5,5.1,0.0,2.08,0.0
2025-01-29 00:15:00,6.3,4.9,0.0,1.94,0.0
2025-01-29 00:30:00,6.1,4.9,0.0,1.92,0.0
2025-01-29 00:45:00,5.9,4.9,0.0,1.78,0.0
2025-01-29 01:00:00,5.8,4.7,0.0,1.69,0.0
2025-01-29 01:15:00,5.7,4.6,0.0,1.58,0.0
2025-01-29 01:30:00,5.6,4.7,0.0,1.44,0.0
2025-01-29 01:45:00,5.5,4.6,0.0,1.33,0.0
2025-01-29 02:00:00,5.5,4.4,0.0,1.42,0.0
2025-01-29 02:15:00,5.4,4.1,0.0,1.5,0.0
2025-01-29 02:30:00,5.4,3.7,0.0,1.75,0.0
2025-01-29 02:45:00,5.3,3.3,0.0,2.03,0.0
2025-01-29 03:00:00,5.2,3.0,0.0,2.17,0.0
2025-01-29 03:15:00,5.0,2.8,0.0,2.25,0.0
2025-01-29 03:30:00,4.7,2.9,0.0,2.22,0.0
2025-01-29 03:45:00,4.5,2.8,0.0,2.19,0.0
2025-01-29 04:00:00,4.3,2.8,0.0,2.17,0.0
2025-01-29 04:15:00,4.3,2.8,0.0,2.17,0.0
2025-01-29 04:30:00,4.4,2.9,0.0,2.06,0.0
2025-01-29 04:45:00,4.5,3.0,0.0,2.06,0.0
2025-01-29 05:00:00,4.6,2.9,0.0,2.08,0.0
2025-01-29 05:15:00,4.7,2.8,0.0,2.31,0.0
2025-01-29 05:30:00,4.8,2.9,0.0,2.56,0.0
2025-01-29 05:45:00,4.9,2.9,0.0,2.78,0.0
2025-01-29 06:00:00,5.0,2.8,0.0,3.0,0.0
2025-01-29 06:15:00,5.0,2.9,0.1,3.0,0.0
2025-01-29 06:30:00,5.1,2.7,0.1,3.0,0.0
2025-01-29 06:45:00,5.1,2.8,0.0,2.89,0.0
2025-01-29 07:00:00,5.1,2.7,0.0,2.75,0.0
2025-01-29 07:15:00,5.0,2.6,0.0,2.61,0.0
2025-01-29 07:30:00,4.8,2.7,0.0,2.58,0.0
2025-01-29 07:45:00,4.7,2.5,0.0,2.44,0.0
2025-01-29 08:00:00,4.5,2.4,0.0,2.42,0.0
2025-01-29 08:15:00,4.4,2.2,0.0,2.53,0.0
2025-01-29 08:30:00,4.2,1.9,0.0,2.75,0.0
2025-01-29 08:45:00,4.1,1.8,0.0,2.97,0.0
2025-01-29 09:00:00,4.1,1.6,0.0,3.08,0.0
2025-01-29 09:15:00,4.1,1.5,0.0,3.17,0.0
2025-01-29 09:30:00,4.3,1.3,0.0,3.17,0.0
2025-01-29 09:45:00,4.5,1.1,0.0,3.28,0.0
2025-01-29 10:00:00,4.7,1.2,0.0,3.28,16.9
2025-01-29 10:15:00,5.0,1.3,0.0,3.31,621.9
2025-01-29 10:30:00,5.4,1.5,0.0,3.36,900.0
2025-01-29 10:45:00,5.8,1.7,0.0,3.44,900.0
2025-01-29 11:00:00,6.1,1.8,0.0,3.39,900.0
2025-01-29 11:15:00,6.4,2.1,0.0,3.28,900.0
2025-01-29 11:30:00,6.6,2.4,0.0,3.08,900.0
2025-01-29 11:45:00,6.8,2.6,0.0,2.92,900.0
2025-01-29 12:00:00,7.0,2.9,0.0,2.83,731.97
2025-01-29 12:15:00,7.4,3.0,0.0,2.97,825.9
2025-01-29 12:30:00,7.8,3.0,0.0,3.28,515.84
2025-01-29 12:45:00,8.2,3.0,0.0,3.64,879.4
2025-01-29 13:00:00,8.5,3.1,0.0,4.0,900.0
2025-01-29 13:15:00,8.7,3.1,0.0,4.47,900.0
2025-01-29 13:30:00,8.8,3.0,0.0,4.86,900.0
2025-01-29 13:45:00,8.9,2.9,0.0,5.33,900.0
2025-01-29 14:00:00,8.9,2.9,0.0,5.61,900.0
2025-01-29 14:15:00,8.9,2.9,0.0,5.67,900.0
2025-01-29 14:30:00,8.8,3.0,0.0,5.44,900.0
2025-01-29 14:45:00,8.7,2.9,0.0,5.31,0.0
2025-01-29 15:00:00,8.6,3.0,0.0,5.11,0.0
2025-01-29 15:15:00,8.6,3.0,0.0,5.03,0.0
2025-01-29 15:30:00,8.6,3.2,0.0,4.89,0.0
2025-01-29 15:45:00,8.6,3.2,0.1,4.75,98.04
2025-01-29 16:00:00,8.6,3.2,0.0,4.58,19.79
2025-01-29 16:15:00,8.6,3.2,0.0,4.31,48.55
2025-01-29 16:30:00,8.6,3.2,0.0,4.06,0.0
2025-01-29 16:45:00,8.6,3.4,0.0,3.64,230.41
2025-01-29 17:00:00,8.5,3.4,0.0,3.53,0.0
2025-01-29 17:15:00,8.4,3.5,0.0,3.47,0.0
2025-01-29 17:30:00,8.3,3.5,0.0,3.56,0.0
2025-01-29 17:45:00,8.1,3.4,0.0,3.72,0.0
2025-01-29 18:00:00,8.0,3.5,0.0,3.72,0.0
2025-01-29 18:15:00,7.9,3.4,0.0,3.72,0.0
2025-01-29 18:30:00,7.9,3.5,0.0,3.69,0.0
2025-01-29 18:45:00,7.8,3.3,0.0,3.67,0.0
2025-01-29 19:00:00,7.8,3.2,0.0,3.69,0.0
2025-01-29 19:15:00,7.8,3.1,0.0,3.83,0.0
2025-01-29 19:30:00,7.9,2.8,0.0,3.97,0.0
2025-01-29 19:45:00,8.0,2.6,0.0,4.25,0.0
2025-01-29 20:00:00,8.0,2.4,0.0,4.36,0.0
2025-01-29 20:15:00,7.9,2.3,0.0,4.36,0.0
2025-01-29 20:30:00,7.7,2.5,0.0,4.28,0.0
2025-01-29 20:45:00,7.4,2.5,0.0,4.14,0.0
2025-01-29 21:00:00,7.2,2.5,0.0,3.97,0.0
2025-01-29 21:15:00,7.1,2.5,0.0,3.83,0.0
2025-01-29 21:30:00,6.9,2.5,0.0,3.61,0.0
2025-01-29 21:45:00,6.7,2.4,0.0,3.47,0.0
2025-01-29 22:00:00,6.6,2.5,0.0,3.33,0.0
2025-01-29 22:15:00,6.5,2.6,0.0,3.25,0.0
2025-01-29 22:30:00,6.5,2.6,0.0,3.25,0.0
2025-01-29 22:45:00,6.5,2.7,0.0,3.33,0.0
2025-01-29 23:00:00,6.4,2.6,0.0,3.25,0.0
2025-01-29 23:15:00,6.2,2.7,0.0,3.19,0.0
2025-01-29 23:30:00,6.0,2.5,0.0,3.03,0.0
2025-01-29 23:45:00,5.8,2.4,0.0,2.89,0.0
2025-01-30 00:00:00,5.6,2.3,0.0,2.83,0.0
2025-01-30 00:15:00,5.5,2.1,0.0,2.78,0.0
2025-01-30 00:30:00,5.4,2.2,0.0,2.69,0.0
2025-01-30 00:45:00,5.2,2.0,0.0,2.69,0.0
2025-01-30 01:00:00,5.1,1.9,0.0,2.64,0.0
2025-01-30 01:15:00,5.0,1.8,0.0,2.58,0.0
2025-01-30 01:30:00,4.9,1.7,0.0,2.53,0.0
2025-01-30 01:45:00,4.7,1.6,0.0,2.44,0.0
2025-01-30 02:00:00,4.6,1.5,0.0,2.39,0.0
2025-01-30 02:15:00,4.5,1.4,0.0,2.39,0.0
2025-01-30 02:30:00,4.5,1.3,0.0,2.25,0.0
2025-01-30 02:45:00,4.4,1.4,0.0,2.25,0.0
2025-01-30 03:00:00,4.3,1.3,0.0,2.19,0.0
2025-01-30 03:15:00,4.1,1.3,0.0,2.11,0.0
2025-01-30 03:30:00,4.0,1.3,0.0,2.03,0.0
2025-01-30 03:45:00,3.8,1.4,0.0,1.97,0.0
2025-01-30 04:00:00,3.6,1.3,0.0,1.94,0.0
2025-01-30 04:15:00,3.4,1.1,0.0,1.94,0.0
2025-01-30 04:30:00,3.2,1.1,0.0,1.94,0.0
2025-01-30 04:45:00,3.0,0.9,0.0,1.94,0.0
2025-01-30 05:00:00,2.9,0.8,0.0,1.94,0.0
2025-01-30 05:15:00,2.8,0.7,0.0,1.83,0.0
2025-01-30 05:30:00,2.7,0.6,0.0,1.72,0.0
2025-01-30 05:45:00,2.7,0.6,0.0,1.5,0.0
2025-01-30 06:00:00,2.6,0.5,0.0,1.39,0.0
2025-01-30 06:15:00,2.5,0.4,0.0,1.31,0.0
2025-01-30 06:30:00,2.5,0.4,0.0,1.25,0.0
2025-01-30 06:45:00,2.4,0.3,0.0,1.31,0.0
2025-01-30 07:00:00,2.3,0.2,0.0,1.25,0.0
2025-01-30 07:15:00,2.2,0.1,0.0,1.17,0.0
2025-01-30 07:30:00,2.1,0.2,0.0,1.11,0.0
2025-01-30 07:45:00,2.0,0.2,0.0,0.97,0.0
2025-01-30 08:00:00,2.0,0.2,0.0,0.97,0.0
2025-01-30 08:15:00,1.9,0.1,0.0,0.97,0.0
2025-01-30 08:30:00,1.9,0.1,0.0,1.03,0.0
2025-01-30 08:45:00,1.8,0.0,0.0,1.17,0.0
2025-01-30 09:00:00,1.8,0.0,0.0,1.22,0.0
2025-01-30 09:15:00,1.8,0.0,0.0,1.28,0.0
2025-01-30 09:30:00,1.8,0.1,0.0,1.33,0.0
2025-01-30 09:45:00,1.8,0.2,0.0,1.33,498.69
2025-01-30 10:00:00,2.0,0.3,0.0,1.42,553.35
2025-01-30 10:15:00,2.3,0.5,0.0,1.42,900.0
2025-01-30 10:30:00,2.7,0.6,0.0,1.42,900.0
2025-01-30 10:45:00,3.2,0.9,0.0,1.5,900.0
2025-01-30 11:00:00,3.7,1.0,0.0,1.5,900.0
2025-01-30 11:15:00,4.2,1.2,0.0,1.56,900.0
2025-01-30 11:30:00,4.7,1.5,0.0,1.69,900.0
2025-01-30 11:45:00,5.2,1.7,0.0,1.86,900.0
2025-01-30 12:00:00,5.7,2.0,0.0,1.92,900.0
2025-01-30 12:15:00,6.2,2.3,0.0,1.92,900.0
2025-01-30 12:30:00,6.7,2.4,0.0,1.83,900.0
2025-01-30 12:45:00,7.2,2.7,0.0,1.78,900.0
2025-01-30 13:00:00,7.6,2.9,0.0,1.72,900.0
2025-01-30 13:15:00,8.0,3.0,0.0,1.72,900.0
2025-01-30 13:30:00,8.3,3.4,0.0,1.83,900.0
2025-01-30 13:45:00,8.6,3.4,0.0,1.97,900.0
2025-01-30 14:00:00,8.8,3.6,0.0,2.06,900.0
2025-01-30 14:15:00,8.9,3.7,0.0,2.19,900.0
2025-01-30 14:30:00,9.0,4.0,0.0,2.19,900.0
2025-01-30 14:45:00,9.1,4.3,0.0,2.33,853.25
2025-01-30 15:00:00,9.1,4.5,0.0,2.33,349.94
2025-01-30 15:15:00,9.1,4.7,0.0,2.25,243.36
2025-01-30 15:30:00,9.1,4.7,0.0,2.06,385.73
2025-01-30 15:45:00,9.0,4.8,0.0,1.92,372.28
2025-01-30 16:00:00,8.9,4.9,0.0,1.78,434.34
2025-01-30 16:15:00,8.8,5.0,0.0,1.78,77.06
2025-01-30 16:30:00,8.7,5.3,0.0,1.83,30.28
2025-01-30 16:45:00,8.6,5.3,0.0,1.92,0.0
2025-01-30 17:00:00,8.4,5.5,0.0,1.97,0.0
2025-01-30 17:15:00,8.1,5.5,0.0,1.92,0.0
2025-01-30 17:30:00,7.7,5.5,0.0,1.86,0.0
2025-01-30 17:45:00,7.3,5.5,0.0,1.81,0.0
2025-01-30 18:00:00,7.0,5.3,0.0,1.75,0.0
2025-01-30 18:15:00,6.8,5.2,0.0,1.69,0.0
2025-01-30 18:30:00,6.6,5.0,0.0,1.69,0.0
2025-01-30 18:45:00,6.4,4.7,0.0,1.67,0.0
2025-01-30 19:00:00,6.3,4.6,0.0,1.72,0.0
2025-01-30 19:15:00,6.1,4.3,0.0,1.78,0.0
2025-01-30 19:30:00,6.0,4.0,0.0,1.94,0.0
2025-01-30 19:45:00,5.9,3.7,0.0,2.11,0.0
2025-01-30 20:00:00,5.8,3.4,0.0,2.22,0.0
2025-01-30 20:15:00,5.6,3.3,0.0,2.19,0.0
2025-01-30 20:30:00,5.4,3.1,0.0,2.11,0.0
2025-01-30 20:45:00,5.2,3.1,0.0,2.0,0.0
2025-01-30 21:00:00,5.0,2.9,0.0,1.89,0.0
2025-01-30 21:15:00,4.9,2.7,0.0,1.81,0.0
2025-01-30 21:30:00,4.8,2.6,0.0,1.69,0.0
2025-01-30 21:45:00,4.6,2.5,0.0,1.61,0.0
2025-01-30 22:00:00,4.5,2.3,0.0,1.5,0.0
2025-01-30 22:15:00,4.3,2.1,0.0,1.42,0.0
2025-01-30 22:30:00,4.1,2.1,0.0,1.44,0.0
2025-01-30 22:45:00,3.9,1.9,0.0,1.44,0.0
2025-01-30 23:00:00,3.7,1.7,0.0,1.39,0.0
2025-01-30 23:15:00,3.6,1.6,0.0,1.28,0.0
2025-01-30 23:30:00,3.6,1.6,0.0,1.06,0.0
2025-01-30 23:45:00,3.6,1.6,0.0,0.81,0.0
2025-01-31 00:00:00,3.6,1.6,0.0,0.69,0.0
2025-01-31 00:15:00,3.5,1.6,0.0,0.64,0.0
2025-01-31 00:30:00,3.5,1.6,0.0,0.72,0.0
2025-01-31 00:45:00,3.5,1.5,0.0,0.86,0.0
2025-01-31 01:00:00,3.4,1.5,0.0,1.0,0.0
2025-01-31 01:15:00,3.4,1.4,0.0,1.0,0.0
2025-01-31 01:30:00,3.3,1.5,0.0,1.06,0.0
2025-01-31 01:45:00,3.3,1.6,0.0,1.14,0.0
2025-01-31 02:00:00,3.2,1.6,0.0,1.14,0.0
2025-01-31 02:15:00,3.2,1.6,0.0,1.14,0.0
2025-01-31 02:30:00,3.2,1.7,0.0,1.28,0.0
2025-01-31 02:45:00,3.2,1.7,0.0,1.28,0.0
2025-01-31 03:00:00,3.3,1.8,0.0,1.19,0.0
2025-01-31 03:15:00,3.3,1.8,0.0,1.08,0.0
2025-01-31 03:30:00,3.3,1.8,0.0,0.94,0.0
2025-01-31 03:45:00,3.4,1.9,0.0,0.89,0.0
2025-01-31 04:00:00,3.4,1.9,0.0,0.94,0.0
2025-01-31 04:15:00,3.5,2.0,0.0,0.94,0.0
2025-01-31 04:30:00,3.5,2.0,0.0,0.86,0.0
2025-01-31 04:45:00,3.6,2.1,0.0,0.86,0.0
2025-01-31 05:00:00,3.6,2.1,0.0,0.89,0.0
2025-01-31 05:15:00,3.6,2.1,0.0,0.89,0.0
2025-01-31 05:30:00,3.5,1.9,0.0,1.08,0.0
2025-01-31 05:45:00,3.5,1.8,0.0,1.14,0.0
2025-01-31 06:00:00,3.5,1.7,0.1,1.28,0.0
2025-01-31 06:15:00,3.8,1.8,0.2,1.58,0.0
2025-01-31 06:30:00,4.1,1.8,0.1,1.94,0.0
2025-01-31 06:45:00,4.5,1.9,0.1,2.33,0.0
2025-01-31 07:00:00,4.7,2.1,0.2,2.47,0.0
2025-01-31 07:15:00,4.7,2.4,0.2,2.22,0.0
2025-01-31 07:30:00,4.6,2.7,0.4,1.89,0.0
2025-01-31 07:45:00,4.4,3.0,0.5,1.86,0.0
2025-01-31 08:00:00,4.3,3.1,0.4,2.14,0.0
2025-01-31 08:15:00,4.3,2.9,0.5,2.86,0.0
2025-01-31 08:30:00,4.3,2.7,0.1,3.83,0.0
2025-01-31 08:45:00,4.4,2.2,0.0,4.89,0.0
2025-01-31 09:00:00,4.4,1.9,0.0,5.47,0.0
2025-01-31 09:15:00,4.2,1.6,0.0,5.61,0.0
2025-01-31 09:30:00,4.0,1.6,0.0,5.39,0.0
2025-01-31 09:45:00,3.8,1.4,0.0,5.03,0.0
2025-01-31 10:00:00,3.7,1.2,0.0,4.89,0.0
2025-01-31 10:15:00,3.6,1.1,0.0,4.81,0.0
2025-01-31 10:30:00,3.5,0.9,0.0,4.83,0.0
2025-01-31 10:45:00,3.5,0.7,0.0,4.81,0.0
2025-01-31 11:00:00,3.5,0.7,0.0,4.81,0.0
2025-01-31 11:15:00,3.5,0.7,0.0,4.81,0.0
2025-01-31 11:30:00,3.6,0.8,0.0,4.75,0.0
2025-01-31 11:45:00,3.6,0.8,0.1,4.61,0.0
2025-01-31 12:00:00,3.7,0.7,0.0,4.58,0.0
2025-01-31 12:15:00,3.8,0.6,0.0,4.53,0.0
2025-01-31 12:30:00,4.0,0.5,0.0,4.36,0.0
2025-01-31 12:45:00,4.1,0.3,0.0,4.31,126.48
2025-01-31 13:00:00,4.3,0.3,0.0,4.31,80.19
2025-01-31 13:15:00,4.5,0.3,0.0,4.31,900.0
2025-01-31 13:30:00,4.8,0.3,0.0,4.39,900.0
2025-01-31 13:45:00,5.0,0.3,0.0,4.47,900.0
2025-01-31 14:00:00,5.1,0.3,0.0,4.5,900.0
2025-01-31 14:15:00,5.2,0.1,0.0,4.56,900.0
2025-01-31 14:30:00,5.2,0.1,0.0,4.67,900.0
2025-01-31 14:45:00,5.2,0.1,0.0,4.69,460.85
2025-01-31 15:00:00,5.1,-0.1,0.0,4.67,900.0
2025-01-31 15:15:00,5.1,-0.3,0.0,4.58,900.0
2025-01-31 15:30:00,5.1,-0.6,0.0,4.31,427.88
2025-01-31 15:45:00,5.1,-0.8,0.0,4.03,900.0
2025-01-31 16:00:00,5.0,-1.1,0.0,3.83,900.0
2025-01-31 16:15:00,4.9,-1.2,0.0,3.72,900.0
2025-01-31 16:30:00,4.7,-1.4,0.0,3.69,900.0
2025-01-31 16:45:00,4.5,-1.3,0.0,3.64,900.0
2025-01-31 17:00:00,4.3,-1.3,0.0,3.53,238.37
2025-01-31 17:15:00,4.1,-1.3,0.0,3.31,0.0
2025-01-31 17:30:00,4.0,-1.2,0.0,3.11,0.0
2025-01-31 17:45:00,3.8,-1.0,0.0,2.92,0.0
2025-01-31 18:00:00,3.6,-1.0,0.0,2.78,0.0
2025-01-31 18:15:00,3.4,-1.0,0.0,2.67,0.0
2025-01-31 18:30:00,3.1,-0.9,0.0,2.58,0.0
2025-01-31 18:45:00,2.9,-0.9,0.0,2.56,0.0
2025-01-31 19:00:00,2.8,-1.0,0.0,2.56,0.0
2025-01-31 19:15:00,2.7,-1.3,0.0,2.56,0.0
2025-01-31 19:30:00,2.8,-1.4,0.0,2.64,0.0
2025-01-31 19:45:00,2.8,-1.7,0.0,2.64,0.0
2025-01-31 20:00:00,2.8,-1.9,0.0,2.78,0.0
2025-01-31 20:15:00,2.8,-1.9,0.0,2.78,0.0
2025-01-31 20:30:00,2.8,-2.0,0.0,2.92,0.0
2025-01-31 20:45:00,2.8,-2.0,0.0,2.94,0.0
2025-01-31 21:00:00,2.7,-2.0,0.0,2.97,0.0
2025-01-31 21:15:00,2.7,-2.1,0.0,2.97,0.0
2025-01-31 21:30:00,2.6,-2.2,0.0,3.03,0.0
2025-01-31 21:45:00,2.5,-2.2,0.0,3.0,0.0
2025-01-31 22:00:00,2.5,-2.2,0.0,2.97,0.0
2025-01-31 22:15:00,2.7,-2.3,0.0,2.97,0.0
2025-01-31 22:30:00,2.9,-2.5,0.0,3.03,0.0
2025-01-31 22:45:00,3.1,-2.5,0.0,3.03,0.0
2025-01-31 23:00:00,3.2,-2.6,0.0,3.0,0.0
2025-01-31 23:15:00,3.1,-2.6,0.0,3.0,0.0
2025-01-31 23:30:00,3.0,-2.5,0.0,3.03,0.0
2025-01-31 23:45:00,2.9,-2.7,0.0,3.03,0.0
2025-02-01 00:00:00,2.8,-2.6,0.0,3.03,0.0
2025-02-01 00:15:00,2.7,-2.6,0.0,3.0,0.0
2025-02-01 00:30:00,2.6,-2.5,0.0,3.0,0.0
2025-02-01 00:45:00,2.6,-2.6,0.0,3.11,0.0
2025-02-01 01:00:00,2.6,-2.4,0.0,3.11,0.0
2025-02-01 01:15:00,2.6,-2.2,0.0,3.25,0.0
2025-02-01 01:30:00,2.6,-1.7,0.0,3.36,0.0
2025-02-01 01:45:00,2.7,-1.3,0.0,3.58,0.0
2025-02-01 02:00:00,2.7,-1.1,0.0,3.61,0.0
2025-02-01 02:15:00,2.7,-0.9,0.0,3.53,0.0
2025-02-01 02:30:00,2.7,-1.0,0.0,3.39,0.0
2025-02-01 02:45:00,2.6,-1.0,0.0,3.19,0.0
2025-02-01 03:00:00,2.6,-1.1,0.0,3.08,0.0
2025-02-01 03:15:00,2.6,-0.9,0.0,2.97,0.0
2025-02-01 03:30:00,2.6,-0.7,0.0,2.97,0.0
2025-02-01 03:45:00,2.5,-0.8,0.0,2.97,0.0
2025-02-01 04:00:00,2.5,-0.6,0.0,2.97,0.0
2025-02-01 04:15:00,2.5,-0.6,0.0,2.94,0.0
2025-02-01 04:30:00,2.4,-0.7,0.0,2.83,0.0
2025-02-01 04:45:00,2.4,-0.7,0.0,2.81,0.0
2025-02-01 05:00:00,2.3,-0.8,0.0,2.81,0.0
2025-02-01 05:15:00,2.3,-0.8,0.0,2.81,0.0
2025-02-01 05:30:00,2.2,-0.8,0.0,2.81,0.0
2025-02-01 05:45:00,2.1,-0.8,0.0,2.81,0.0
2025-02-01 06:00:00,2.1,-0.9,0.0,2.81,0.0
2025-02-01 06:15:00,2.1,-0.9,0.0,2.81,0.0
2025-02-01 06:30:00,2.1,-0.9,0.0,2.81,0.0
2025-02-01 06:45:00,2.1,-0.9,0.0,2.81,0.0
2025-02-01 07:00:00,2.1,-0.9,0.0,2.81,0.0
2025-02-01 07:15:00,2.1,-0.9,0.0,2.81,0.0
2025-02-01 07:30:00,2.1,-0.8,0.0,2.69,0.0
2025-02-01 07:45:00,2.1,-0.6,0.0,2.69,0.0
2025-02-01 08:00:00,2.1,-0.6,0.0,2.61,0.0
2025-02-01 08:15:00,2.1,-0.7,0.0,2.5,0.0
2025-02-01 08:30:00,2.0,-0.6,0.0,2.33,0.0
2025-02-01 08:45:00,1.9,-0.7,0.0,2.22,0.0
2025-02-01 09:00:00,1.9,-0.7,0.0,2.17,0.0
2025-02-01 09:15:00,1.9,-0.7,0.0,2.17,0.0
2025-02-01 09:30:00,2.0,-0.6,0.0,2.25,0.0
2025-02-01 09:45:00,2.1,-0.5,0.0,2.36,0.0
2025-02-01 10:00:00,2.2,-0.4,0.0,2.47,0.0
2025-02-01 10:15:00,2.3,-0.3,0.0,2.53,0.0
2025-02-01 10:30:00,2.4,-0.3,0.0,2.72,242.19
2025-02-01 10:45:00,2.6,-0.2,0.0,2.86,0.0
2025-02-01 11:00:00,2.8,-0.2,0.0,2.97,0.0
2025-02-01 11:15:00,3.0,-0.2,0.0,2.97,692.76
2025-02-01 11:30:00,3.2,0.0,0.0,3.06,900.0
2025-02-01 11:45:00,3.4,0.1,0.0,3.08,900.0
2025-02-01 12:00:00,3.5,0.0,0.0,3.08,900.0
2025-02-01 12:15:00,3.7,0.0,0.0,3.08,58.25
2025-02-01 12:30:00,3.8,-0.0,0.0,3.14,0.0
2025-02-01 12:45:00,3.9,0.1,0.0,3.14,220.99
2025-02-01 13:00:00,4.0,-0.0,0.0,3.19,900.0
2025-02-01 13:15:00,4.1,0.1,0.0,3.17,900.0
2025-02-01 13:30:00,4.2,0.2,0.0,3.14,900.0
2025-02-01 13:45:00,4.3,0.3,0.0,3.06,900.0
2025-02-01 14:00:00,4.4,0.3,0.0,2.97,900.0
2025-02-01 14:15:00,4.4,0.3,0.0,2.86,900.0
2025-02-01 14:30:00,4.4,0.1,0.0,2.72,344.23
2025-02-01 14:45:00,4.3,0.1,0.0,2.69,309.63
2025-02-01 15:00:00,4.3,-0.1,0.0,2.61,0.0
2025-02-01 15:15:00,4.3,-0.3,0.0,2.67,0.0
2025-02-01 15:30:00,4.4,-0.4,0.0,2.69,78.74
2025-02-01 15:45:00,4.4,-0.4,0.0,2.75,463.26
2025-02-01 16:00:00,4.4,-0.6,0.0,2.78,0.0
2025-02-01 16:15:00,4.3,-0.7,0.0,2.69,0.0
2025-02-01 16:30:00,4.2,-1.0,0.0,2.47,3.9
2025-02-01 16:45:00,4.0,-1.2,0.0,2.33,0.0
2025-02-01 17:00:00,3.8,-1.2,0.0,2.06,0.0
2025-02-01 17:15:00,3.6,-1.0,0.0,1.78,0.0
2025-02-01 17:30:00,3.4,-0.8,0.0,1.56,0.0
2025-02-01 17:45:00,3.2,-0.6,0.0,1.28,0.0
2025-02-01 18:00:00,3.0,-0.5,0.0,1.08,0.0
2025-02-01 18:15:00,2.9,-0.4,0.0,0.89,0.0
2025-02-01 18:30:00,2.7,-0.6,0.0,0.72,0.0
2025-02-01 18:45:00,2.6,-0.5,0.0,0.69,0.0
2025-02-01 19:00:00,2.4,-0.7,0.0,0.69,0.0
2025-02-01 19:15:00,2.3,-0.7,0.0,0.75,0.0
2025-02-01 19:30:00,2.1,-0.6,0.0,0.94,0.0
2025-02-01 19:45:00,2.0,-0.6,0.0,1.0,0.0
2025-02-01 20:00:00,1.9,-0.5,0.0,1.14,0.0
2025-02-01 20:15:00,1.9,-0.5,0.0,1.14,0.0
2025-02-01 20:30:00,1.9,-0.7,0.0,1.17,0.0
2025-02-01 20:45:00,2.0,-0.6,0.0,1.11,0.0
2025-02-01 21:00:00,2.0,-0.7,0.0,1.08,0.0
2025-02-01 21:15:00,2.1,-0.9,0.0,1.08,0.0
2025-02-01 21:30:00,2.1,-1.0,0.0,1.03,0.0
2025-02-01 21:45:00,2.1,-1.0,0.0,1.0,0.0
2025-02-01 22:00:00,2.1,-1.2,0.0,1.0,0.0
2025-02-01 22:15:00,2.1,-1.2,0.0,1.08,0.0
2025-02-01 22:30:00,2.2,-1.1,0.0,1.11,0.0
2025-02-01 22:45:00,2.2,-1.3,0.0,1.19,0.0
2025-02-01 23:00:00,2.2,-1.3,0.0,1.28,0.0
2025-02-01 23:15:00,2.2,-1.5,0.0,1.33,0.0
2025-02-01 23:30:00,2.2,-1.6,0.0,1.31,0.0
2025-02-01 23:45:00,2.2,-1.8,0.0,1.42,0.0
2025-02-02 00:00:00,2.1,-1.9,0.0,1.39,0.0
2025-02-02 00:15:00,2.1,-1.9,0.0,1.31,0.0
2025-02-02 00:30:00,2.0,-1.8,0.0,1.19,0.0
2025-02-02 00:45:00,1.9,-1.9,0.0,1.11,0.0
2025-02-02 01:00:00,1.8,-1.8,0.0,1.11,0.0
2025-02-02 01:15:00,1.9,-1.6,0.0,1.11,0.0
2025-02-02 01:30:00,1.9,-1.5,0.0,1.19,0.0
2025-02-02 01:45:00,2.0,-1.2,0.0,1.31,0.0
2025-02-02 02:00:00,2.1,-1.2,0.0,1.39,0.0
2025-02-02 02:15:00,2.1,-1.2,0.0,1.42,0.0
2025-02-02 02:30:00,2.0,-1.2,0.0,1.42,0.0
2025-02-02 02:45:00,2.0,-1.2,0.0,1.42,0.0
2025-02-02 03:00:00,2.0,-1.3,0.0,1.44,0.0
2025-02-02 03:15:00,2.0,-1.5,0.0,1.56,0.0
2025-02-02 03:30:00,1.9,-1.5,0.0,1.67,0.0
2025-02-02 03:45:00,1.9,-1.7,0.0,1.81,0.0
2025-02-02 04:00:00,1.9,-1.9,0.0,1.83,0.0
2025-02-02 04:15:00,1.9,-1.9,0.0,1.75,0.0
2025-02-02 04:30:00,1.9,-1.9,0.0,1.67,0.0
2025-02-02 04:45:00,1.9,-1.9,0.0,1.53,0.0
2025-02-02 05:00:00,1.9,-1.9,0.0,1.39,0.0
2025-02-02 05:15:00,1.8,-1.8,0.0,1.25,0.0
2025-02-02 05:30:00,1.7,-1.9,0.0,1.11,0.0
2025-02-02 05:45:00,1.6,-1.8,0.0,1.06,0.0
2025-02-02 06:00:00,1.6,-1.7,0.0,1.11,0.0
2025-02-02 06:15:00,1.5,-1.7,0.0,1.11,0.0
2025-02-02 06:30:00,1.5,-1.6,0.0,1.14,0.0
2025-02-02 06:45:00,1.5,-1.6,0.0,1.11,0.0
2025-02-02 07:00:00,1.5,-1.6,0.0,1.19,0.0
2025-02-02 07:15:00,1.5,-1.6,0.0,1.19,0.0
2025-02-02 07:30:00,1.5,-1.6,0.0,1.31,0.0
2025-02-02 07:45:00,1.5,-1.4,0.0,1.31,0.0
2025-02-02 08:00:00,1.5,-1.4,0.0,1.31,0.0
2025-02-02 08:15:00,1.5,-1.2,0.0,1.31,0.0
2025-02-02 08:30:00,1.5,-1.1,0.0,1.19,0.0
2025-02-02 08:45:00,1.4,-1.0,0.0,1.22,0.0
2025-02-02 09:00:00,1.4,-0.8,0.0,1.22,0.0
2025-02-02 09:15:00,1.4,-0.8,0.0,1.31,0.0
2025-02-02 09:30:00,1.5,-0.8,0.0,1.5,0.0
2025-02-02 09:45:00,1.5,-0.7,0.0,1.69,0.0
2025-02-02 10:00:00,1.6,-0.7,0.0,1.81,0.0
2025-02-02 10:15:00,1.6,-0.6,0.0,1.81,0.0
2025-02-02 10:30:00,1.7,-0.6,0.0,1.72,100.0
2025-02-02 10:45:00,1.7,-0.5,0.0,1.67,193.13
2025-02-02 11:00:00,1.8,-0.5,0.0,1.61,0.0
2025-02-02 11:15:00,1.9,-0.4,0.0,1.61,375.62
2025-02-02 11:30:00,1.9,-0.2,0.0,1.61,776.17
2025-02-02 11:45:00,2.0,-0.1,0.0,1.58,560.37
2025-02-02 12:00:00,2.1,0.0,0.0,1.58,0.0
2025-02-02 12:15:00,2.2,0.1,0.0,1.58,0.0
2025-02-02 12:30:00,2.3,0.0,0.0,1.67,0.0
2025-02-02 12:45:00,2.4,-0.0,0.0,1.67,353.15
2025-02-02 13:00:00,2.5,-0.1,0.0,1.72,7.45
2025-02-02 13:15:00,2.7,-0.1,0.0,1.75,0.0
2025-02-02 13:30:00,2.8,-0.3,0.0,1.69,0.0
2025-02-02 13:45:00,3.0,-0.3,0.0,1.67,0.0
2025-02-02 14:00:00,3.1,-0.6,0.0,1.72,103.82
2025-02-02 14:15:00,3.2,-0.7,0.0,1.92,665.25
2025-02-02 14:30:00,3.2,-1.0,0.0,2.19,833.66
2025-02-02 14:45:00,3.2,-1.2,0.0,2.33,0.0
2025-02-02 15:00:00,3.3,-1.3,0.0,2.47,0.0
2025-02-02 15:15:00,3.3,-1.5,0.0,2.42,32.62
2025-02-02 15:30:00,3.3,-1.4,0.0,2.22,862.73
2025-02-02 15:45:00,3.3,-1.4,0.0,2.03,57.81
2025-02-02 16:00:00,3.3,-1.6,0.0,1.83,0.0
2025-02-02 16:15:00,3.4,-2.0,0.0,1.78,0.0
2025-02-02 16:30:00,3.5,-2.3,0.1,1.69,0.0
2025-02-02 16:45:00,3.5,-2.7,0.0,1.69,0.0
2025-02-02 17:00:00,3.5,-2.9,0.0,1.69,0.0
2025-02-02 17:15:00,3.5,-2.7,0.0,1.69,0.0
2025-02-02 17:30:00,3.3,-2.4,0.0,1.78,0.0
2025-02-02 17:45:00,3.2,-2.0,0.0,1.89,0.0
2025-02-02 18:00:00,3.0,-1.7,0.0,1.89,0.0
2025-02-02 18:15:00,2.8,-1.6,0.0,1.78,0.0
2025-02-02 18:30:00,2.6,-1.4,0.0,1.56,0.0
2025-02-02 18:45:00,2.3,-1.5,0.0,1.39,0.0
2025-02-02 19:00:00,2.1,-1.5,0.0,1.31,0.0
2025-02-02 19:15:00,1.9,-1.7,0.0,1.22,0.0
2025-02-02 19:30:00,1.7,-1.9,0.0,1.28,0.0
2025-02-02 19:45:00,1.5,-2.3,0.0,1.42,0.0
2025-02-02 20:00:00,1.4,-2.4,0.0,1.42,0.0
2025-02-02 20:15:00,1.4,-2.2,0.0,1.5,0.0
2025-02-02 20:30:00,1.4,-2.1,0.0,1.58,0.0
2025-02-02 20:45:00,1.4,-1.7,0.0,1.67,0.0
2025-02-02 21:00:00,1.4,-1.5,0.0,1.69,0.0
2025-02-02 21:15:00,1.3,-1.4,0.0,1.67,0.0
2025-02-02 21:30:00,1.2,-1.5,0.0,1.58,0.0
2025-02-02 21:45:00,1.1,-1.5,0.0,1.53,0.0
2025-02-02 22:00:00,1.1,-1.5,0.0,1.5,0.0
2025-02-02 22:15:00,1.0,-1.4,0.0,1.5,0.0
2025-02-02 22:30:00,1.0,-1.4,0.0,1.53,0.0
2025-02-02 22:45:00,1.0,-1.3,0.0,1.56,0.0
2025-02-02 23:00:00,0.9,-1.3,0.0,1.56,0.0
2025-02-02 23:15:00,0.8,-1.3,0.0,1.56,0.0
2025-02-02 23:30:00,0.7,-1.4,0.0,1.53,0.0
2025-02-02 23:45:00,0.6,-1.3,0.0,1.64,0.0
2025-02-03 00:00:00,0.5,-1.4,0.0,1.64,0.0
2025-02-03 00:15:00,0.5,-1.5,0.0,1.64,0.0
2025-02-03 00:30:00,0.4,-1.5,0.0,1.75,0.0
2025-02-03 00:45:00,0.4,-1.5,0.0,1.78,0.0
2025-02-03 01:00:00,0.3,-1.6,0.0,1.81,0.0
2025-02-03 01:15:00,0.3,-1.8,0.0,1.75,0.0
2025-02-03 01:30:00,0.3,-1.8,0.0,1.69,0.0
2025-02-03 01:45:00,0.3,-1.9,0.0,1.72,0.0
2025-02-03 02:00:00,0.3,-2.1,0.0,1.72,0.0
2025-02-03 02:15:00,0.3,-2.1,0.0,1.67,0.0
2025-02-03 02:30:00,0.3,-2.1,0.0,1.69,0.0
2025-02-03 02:45:00,0.3,-2.1,0.0,1.75,0.0
2025-02-03 03:00:00,0.3,-2.1,0.0,1.72,0.0
2025-02-03 03:15:00,0.3,-2.1,0.0,1.67,0.0
2025-02-03 03:30:00,0.2,-2.2,0.0,1.67,0.0
2025-02-03 03:45:00,0.2,-2.4,0.0,1.67,0.0
2025-02-03 04:00:00,0.2,-2.4,0.0,1.67,0.0
2025-02-03 04:15:00,0.2,-2.4,0.0,1.78,0.0
2025-02-03 04:30:00,0.2,-2.5,0.0,1.86,0.0
2025-02-03 04:45:00,0.2,-2.5,0.0,1.97,0.0
2025-02-03 05:00:00,0.2,-2.5,0.0,2.08,0.0
2025-02-03 05:15:00,0.2,-2.5,0.0,2.11,0.0
2025-02-03 05:30:00,0.2,-2.5,0.0,2.19,0.0
2025-02-03 05:45:00,0.2,-2.5,0.0,2.14,0.0
2025-02-03 06:00:00,0.1,-2.6,0.0,2.11,0.0
2025-02-03 06:15:00,0.1,-2.6,0.0,2.08,0.0
2025-02-03 06:30:00,0.0,-2.7,0.0,2.0,0.0
2025-02-03 06:45:00,-0.0,-2.6,0.0,1.92,0.0
2025-02-03 07:00:00,-0.1,-2.6,0.0,1.78,0.0
2025-02-03 07:15:00,-0.2,-2.7,0.0,1.58,0.0
2025-02-03 07:30:00,-0.3,-2.7,0.0,1.47,0.0
2025-02-03 07:45:00,-0.4,-2.7,0.0,1.39,0.0
2025-02-03 08:00:00,-0.5,-2.7,0.0,1.33,0.0
2025-02-03 08:15:00,-0.6,-2.8,0.0,1.31,0.0
2025-02-03 08:30:00,-0.7,-2.8,0.0,1.31,0.0
2025-02-03 08:45:00,-0.8,-2.9,0.0,1.42,0.0
2025-02-03 09:00:00,-0.9,-2.9,0.0,1.42,0.0
2025-02-03 09:15:00,-0.9,-2.9,0.0,1.39,0.0
2025-02-03 09:30:00,-0.8,-2.9,0.0,1.44,0.0
2025-02-03 09:45:00,-0.7,-2.9,0.0,1.58,0.0
2025-02-03 10:00:00,-0.6,-2.8,0.0,1.67,0.0
2025-02-03 10:15:00,-0.4,-2.6,0.0,1.78,0.0
2025-02-03 10:30:00,-0.1,-2.4,0.0,1.83,0.0
2025-02-03 10:45:00,0.1,-2.3,0.0,1.97,0.0
2025-02-03 11:00:00,0.4,-2.0,0.0,1.97,184.41
2025-02-03 11:15:00,0.6,-1.8,0.0,1.89,0.0
2025-02-03 11:30:00,0.8,-1.7,0.0,1.86,433.33
2025-02-03 11:45:00,1.0,-1.6,0.0,1.69,900.0
2025-02-03 12:00:00,1.2,-1.5,0.0,1.64,900.0
2025-02-03 12:15:00,1.4,-1.5,0.0,1.64,900.0
2025-02-03 12:30:00,1.7,-1.4,0.0,1.64,900.0
2025-02-03 12:45:00,1.9,-1.4,0.0,1.64,900.0
2025-02-03 13:00:00,2.1,-1.3,0.0,1.56,900.0
2025-02-03 13:15:00,2.4,-1.4,0.0,1.5,900.0
2025-02-03 13:30:00,2.8,-1.6,0.0,1.36,900.0
2025-02-03 13:45:00,3.1,-1.7,0.0,1.25,900.0
2025-02-03 14:00:00,3.3,-1.8,0.0,1.19,900.0
2025-02-03 14:15:00,3.5,-1.9,0.0,1.17,900.0
2025-02-03 14:30:00,3.6,-2.0,0.0,1.25,900.0
2025-02-03 14:45:00,3.7,-1.9,0.0,1.22,900.0
2025-02-03 15:00:00,3.7,-2.1,0.0,1.22,900.0
2025-02-03 15:15:00,3.8,-2.2,0.0,1.14,900.0
2025-02-03 15:30:00,3.8,-2.2,0.0,1.19,900.0
2025-02-03 15:45:00,3.8,-2.4,0.0,1.17,900.0
2025-02-03 16:00:00,3.8,-2.4,0.0,1.14,900.0
2025-02-03 16:15:00,3.8,-2.4,0.0,1.14,900.0
2025-02-03 16:30:00,3.9,-2.5,0.0,1.08,900.0
2025-02-03 16:45:00,3.9,-2.5,0.0,0.94,900.0
2025-02-03 17:00:00,3.8,-2.6,0.0,0.89,221.27
2025-02-03 17:15:00,3.7,-2.5,0.0,0.75,0.0
2025-02-03 17:30:00,3.6,-2.4,0.0,0.53,0.0
2025-02-03 17:45:00,3.4,-2.3,0.0,0.42,0.0
2025-02-03 18:00:00,3.2,-2.4,0.0,0.31,0.0
2025-02-03 18:15:00,2.9,-2.5,0.0,0.44,0.0
2025-02-03 18:30:00,2.5,-2.5,0.0,0.69,0.0
2025-02-03 18:45:00,2.1,-2.5,0.0,1.06,0.0
2025-02-03 19:00:00,1.7,-2.7,0.0,1.14,0.0
2025-02-03 19:15:00,1.3,-2.8,0.0,1.03,0.0
2025-02-03 19:30:00,0.9,-3.2,0.0,0.83,0.0
2025-02-03 19:45:00,0.6,-3.5,0.0,0.61,0.0
2025-02-03 20:00:00,0.3,-3.8,0.0,0.64,0.0
2025-02-03 20:15:00,0.1,-3.8,0.0,0.69,0.0
2025-02-03 20:30:00,-0.1,-3.9,0.0,0.78,0.0
2025-02-03 20:45:00,-0.2,-3.8,0.0,0.86,0.0
2025-02-03 21:00:00,-0.4,-3.8,0.0,0.92,0.0
2025-02-03 21:15:00,-0.5,-3.7,0.0,1.0,0.0
2025-02-03 21:30:00,-0.6,-3.8,0.0,1.08,0.0
2025-02-03 21:45:00,-0.7,-3.9,0.0,1.11,0.0
2025-02-03 22:00:00,-0.8,-3.8,0.0,1.19,0.0
2025-02-03 22:15:00,-0.9,-3.7,0.0,1.17,0.0
2025-02-03 22:30:00,-1.0,-3.7,0.0,1.17,0.0
2025-02-03 22:45:00,-1.0,-3.6,0.0,1.14,0.0
2025-02-03 23:00:00,-1.1,-3.5,0.0,1.14,0.0
2025-02-03 23:15:00,-1.2,-3.5,0.0,1.06,0.0
2025-02-03 23:30:00,-1.2,-3.6,0.0,1.08,0.0
2025-02-03 23:45:00,-1.3,-3.6,0.0,0.97,0.0
2025-02-04 00:00:00,-1.4,-3.7,0.0,0.94,0.0
2025-02-04 00:15:00,-1.5,-3.7,0.0,0.92,0.0
2025-02-04 00:30:00,-1.7,-3.7,0.0,0.92,0.0
2025-02-04 00:45:00,-1.9,-3.8,0.0,0.94,0.0
2025-02-04 01:00:00,-2.0,-3.8,0.0,1.03,0.0
2025-02-04 01:15:00,-2.1,-3.7,0.0,1.08,0.0
2025-02-04 01:30:00,-2.3,-3.7,0.0,1.14,0.0
2025-02-04 01:45:00,-2.3,-3.6,0.0,1.14,0.0
2025-02-04 02:00:00,-2.4,-3.6,0.0,1.19,0.0
2025-02-04 02:15:00,-2.5,-3.6,0.0,1.19,0.0
2025-02-04 02:30:00,-2.5,-3.7,0.0,1.33,0.0
2025-02-04 02:45:00,-2.5,-3.7,0.0,1.42,0.0
2025-02-04 03:00:00,-2.6,-3.7,0.0,1.42,0.0
2025-02-04 03:15:00,-2.6,-3.8,0.0,1.42,0.0
2025-02-04 03:30:00,-2.6,-3.8,0.0,1.42,0.0
2025-02-04 03:45:00,-2.7,-3.7,0.0,1.42,0.0
2025-02-04 04:00:00,-2.7,-3.7,0.0,1.42,0.0
2025-02-04 04:15:00,-2.8,-3.8,0.0,1.42,0.0
2025-02-04 04:30:00,-3.0,-3.9,0.0,1.42,0.0
2025-02-04 04:45:00,-3.2,-4.0,0.0,1.42,0.0
2025-02-04 05:00:00,-3.3,-4.1,0.0,1.42,0.0
2025-02-04 05:15:00,-3.3,-4.2,0.0,1.33,0.0
2025-02-04 05:30:00,-3.3,-4.2,0.0,1.36,0.0
2025-02-04 05:45:00,-3.3,-4.3,0.0,1.31,0.0
2025-02-04 06:00:00,-3.3,-4.3,0.0,1.33,0.0
2025-02-04 06:15:00,-3.3,-4.3,0.0,1.44,0.0
2025-02-04 06:30:00,-3.3,-4.3,0.0,1.44,0.0
2025-02-04 06:45:00,-3.3,-4.3,0.0,1.53,0.0
2025-02-04 07:00:00,-3.3,-4.3,0.0,1.53,0.0
2025-02-04 07:15:00,-3.3,-4.3,0.0,1.53,0.0
2025-02-04 07:30:00,-3.4,-4.4,0.0,1.5,0.0
2025-02-04 07:45:00,-3.4,-4.4,0.0,1.36,0.0
2025-02-04 08:00:00,-3.4,-4.4,0.0,1.36,0.0
2025-02-04 08:15:00,-3.4,-4.4,0.0,1.36,0.0
2025-02-04 08:30:00,-3.4,-4.5,0.0,1.33,0.0
2025-02-04 08:45:00,-3.3,-4.5,0.0,1.33,0.0
2025-02-04 09:00:00,-3.2,-4.6,0.0,1.33,0.0
2025-02-04 09:15:00,-3.1,-4.6,0.0,1.25,220.02
2025-02-04 09:30:00,-2.9,-4.6,0.0,1.17,770.08
2025-02-04 09:45:00,-2.7,-4.8,0.0,1.19,900.0
2025-02-04 10:00:00,-2.4,-4.7,0.0,1.19,900.0
2025-02-04 10:15:00,-1.9,-4.6,0.0,1.39,900.0
2025-02-04 10:30:00,-1.3,-4.5,0.0,1.67,900.0
2025-02-04 10:45:00,-0.6,-4.3,0.0,1.94,900.0
2025-02-04 11:00:00,0.0,-4.3,0.0,2.22,900.0
2025-02-04 11:15:00,0.6,-4.0,0.0,2.44,900.0
2025-02-04 11:30:00,1.3,-3.8,0.0,2.56,900.0
2025-02-04 11:45:00,1.9,-3.6,0.0,2.64,900.0
2025-02-04 12:00:00,2.4,-3.5,0.0,2.78,900.0
2025-02-04 12:15:00,2.9,-3.3,0.0,2.78,900.0
2025-02-04 12:30:00,3.3,-3.3,0.0,2.69,900.0
2025-02-04 12:45:00,3.6,-3.3,0.0,2.61,900.0
2025-02-04 13:00:00,3.9,-3.2,0.0,2.61,900.0
2025-02-04 13:15:00,4.2,-3.1,0.0,2.61,900.0
2025-02-04 13:30:00,4.5,-3.0,0.0,2.61,900.0
2025-02-04 13:45:00,4.8,-3.0,0.0,2.72,900.0
2025-02-04 14:00:00,5.0,-3.0,0.0,2.69,900.0
2025-02-04 14:15:00,5.2,-3.1,0.0,2.67,900.0
2025-02-04 14:30:00,5.4,-3.0,0.0,2.64,900.0
2025-02-04 14:45:00,5.5,-3.1,0.0,2.61,900.0
2025-02-04 15:00:00,5.6,-3.0,0.0,2.5,900.0
2025-02-04 15:15:00,5.6,-3.0,0.0,2.42,900.0
2025-02-04 15:30:00,5.7,-3.2,0.0,2.33,900.0
2025-02-04 15:45:00,5.7,-3.2,0.0,2.11,900.0
2025-02-04 16:00:00,5.6,-3.2,0.0,2.03,900.0
2025-02-04 16:15:00,5.6,-3.3,0.0,1.94,900.0
2025-02-04 16:30:00,5.5,-3.3,0.0,1.78,900.0
2025-02-04 16:45:00,5.4,-3.2,0.0,1.67,900.0
2025-02-04 17:00:00,5.2,-3.1,0.0,1.58,838.85
2025-02-04 17:15:00,4.8,-3.0,0.0,1.5,0.0
2025-02-04 17:30:00,4.3,-2.8,0.0,1.44,0.0
2025-02-04 17:45:00,3.7,-2.7,0.0,1.39,0.0
2025-02-04 18:00:00,3.3,-2.7,0.0,1.39,0.0
2025-02-04 18:15:00,2.9,-2.6,0.0,1.39,0.0
2025-02-04 18:30:00,2.6,-2.8,0.0,1.39,0.0
2025-02-04 18:45:00,2.3,-2.8,0.0,1.44,0.0
2025-02-04 19:00:00,2.0,-2.9,0.0,1.44,0.0
2025-02-04 19:15:00,1.7,-3.0,0.0,1.42,0.0
2025-02-04 19:30:00,1.4,-3.0,0.0,1.33,0.0
2025-02-04 19:45:00,1.1,-3.0,0.0,1.31,0.0
2025-02-04 20:00:00,0.9,-3.1,0.0,1.25,0.0
2025-02-04 20:15:00,0.7,-3.1,0.0,1.31,0.0
2025-02-04 20:30:00,0.6,-3.2,0.0,1.28,0.0
2025-02-04 20:45:00,0.4,-3.2,0.0,1.33,0.0
2025-02-04 21:00:00,0.3,-3.2,0.0,1.36,0.0
2025-02-04 21:15:00,0.2,-3.3,0.0,1.31,0.0
2025-02-04 21:30:00,0.1,-3.3,0.0,1.25,0.0
2025-02-04 21:45:00,-0.0,-3.4,0.0,1.11,0.0
2025-02-04 22:00:00,-0.2,-3.4,0.0,0.97,0.0
2025-02-04 22:15:00,-0.3,-3.4,0.0,0.81,0.0
2025-02-04 22:30:00,-0.5,-3.2,0.0,0.64,0.0
2025-02-04 22:45:00,-0.7,-3.1,0.0,0.53,0.0
2025-02-04 23:00:00,-0.9,-3.1,0.0,0.5,0.0
2025-02-04 23:15:00,-1.0,-3.1,0.0,0.44,0.0
2025-02-04 23:30:00,-1.2,-3.2,0.0,0.5,0.0
2025-02-04 23:45:00,-1.3,-3.2,0.0,0.64,0.0
2025-02-05 00:00:00,-1.4,-3.3,0.0,0.72,0.0
2025-02-05 00:15:00,-1.5,-3.4,0.0,0.72,0.0
2025-02-05 00:30:00,-1.5,-3.5,0.0,0.67,0.0
2025-02-05 00:45:00,-1.5,-3.5,0.0,0.64,0.0
2025-02-05 01:00:00,-1.6,-3.6,0.0,0.56,0.0
2025-02-05 01:15:00,-1.8,-3.7,0.0,0.56,0.0
2025-02-05 01:30:00,-2.2,-3.8,0.0,0.58,0.0
2025-02-05 01:45:00,-2.6,-3.9,0.0,0.64,0.0
2025-02-05 02:00:00,-2.8,-4.0,0.0,0.61,0.0
2025-02-05 02:15:00,-2.9,-4.0,0.0,0.61,0.0
2025-02-05 02:30:00,-2.8,-4.0,0.0,0.53,0.0
2025-02-05 02:45:00,-2.8,-4.1,0.0,0.56,0.0
2025-02-05 03:00:00,-2.7,-4.2,0.0,0.64,0.0
2025-02-05 03:15:00,-2.7,-4.3,0.0,0.72,0.0
2025-02-05 03:30:00,-2.7,-4.4,0.0,0.89,0.0
2025-02-05 03:45:00,-2.8,-4.5,0.0,0.97,0.0
2025-02-05 04:00:00,-2.9,-4.7,0.0,0.97,0.0
2025-02-05 04:15:00,-3.1,-4.9,0.0,0.94,0.0
2025-02-05 04:30:00,-3.3,-5.2,0.0,0.86,0.0
2025-02-05 04:45:00,-3.6,-5.5,0.0,0.72,0.0
2025-02-05 05:00:00,-3.8,-5.6,0.0,0.75,0.0
2025-02-05 05:15:00,-3.8,-5.7,0.0,0.75,0.0
2025-02-05 05:30:00,-3.8,-5.6,0.0,0.75,0.0
2025-02-05 05:45:00,-3.7,-5.7,0.0,0.72,0.0
2025-02-05 06:00:00,-3.6,-5.6,0.0,0.72,0.0
2025-02-05 06:15:00,-3.5,-5.5,0.0,0.64,0.0
2025-02-05 06:30:00,-3.3,-5.5,0.0,0.5,0.0
2025-02-05 06:45:00,-3.2,-5.4,0.0,0.42,0.0
2025-02-05 07:00:00,-3.4,-5.4,0.0,0.36,0.0
2025-02-05 07:15:00,-3.9,-5.5,0.0,0.31,0.0
2025-02-05 07:30:00,-4.8,-5.9,0.0,0.39,0.0
2025-02-05 07:45:00,-5.7,-6.2,0.0,0.5,0.0
2025-02-05 08:00:00,-6.3,-6.4,0.0,0.64,0.0
2025-02-05 08:15:00,-6.6,-6.6,0.0,0.64,0.0
2025-02-05 08:30:00,-6.7,-6.7,0.0,0.75,0.0
2025-02-05 08:45:00,-6.6,-6.6,0.0,0.75,0.0
2025-02-05 09:00:00,-6.5,-6.5,0.0,0.64,0.0
2025-02-05 09:15:00,-6.4,-6.5,0.0,0.5,0.0
2025-02-05 09:30:00,-6.1,-6.4,0.0,0.28,139.2
2025-02-05 09:45:00,-5.7,-6.4,0.0,0.5,868.34
2025-02-05 10:00:00,-5.1,-6.2,0.0,0.69,900.0
2025-02-05 10:15:00,-4.2,-6.1,0.0,0.92,900.0
2025-02-05 10:30:00,-3.0,-6.0,0.0,1.0,900.0
2025-02-05 10:45:00,-1.8,-5.9,0.0,1.11,900.0
2025-02-05 11:00:00,-0.9,-5.9,0.0,1.22,900.0
2025-02-05 11:15:00,-0.2,-5.8,0.0,1.22,900.0
2025-02-05 11:30:00,0.3,-5.8,0.0,1.11,900.0
2025-02-05 11:45:00,0.7,-5.5,0.0,1.11,900.0
2025-02-05 12:00:00,1.1,-5.4,0.0,1.11,900.0
2025-02-05 12:15:00,1.6,-5.2,0.0,1.19,900.0
2025-02-05 12:30:00,2.0,-5.2,0.0,1.19,900.0
2025-02-05 12:45:00,2.4,-5.1,0.0,1.42,900.0
2025-02-05 13:00:00,2.8,-4.7,0.0,1.72,900.0
2025-02-05 13:15:00,3.3,-4.2,0.0,2.39,900.0
2025-02-05 13:30:00,3.8,-3.5,0.0,3.25,900.0
2025-02-05 13:45:00,4.2,-2.9,0.0,4.03,900.0
2025-02-05 14:00:00,4.6,-2.3,0.0,4.5,900.0
2025-02-05 14:15:00,4.7,-2.0,0.0,4.53,900.0
2025-02-05 14:30:00,4.8,-1.7,0.0,4.11,900.0
2025-02-05 14:45:00,4.7,-1.4,0.0,3.72,900.0
2025-02-05 15:00:00,4.6,-1.2,0.0,3.53,51.97
2025-02-05 15:15:00,4.5,-0.9,0.0,3.58,0.0
2025-02-05 15:30:00,4.4,-0.6,0.0,3.72,0.0
2025-02-05 15:45:00,4.2,-0.6,0.0,3.94,0.0
2025-02-05 16:00:00,4.0,-0.4,0.0,3.94,0.0
2025-02-05 16:15:00,3.8,-0.4,0.0,3.83,0.0
2025-02-05 16:30:00,3.6,-0.3,0.0,3.61,0.0
2025-02-05 16:45:00,3.3,-0.3,0.0,3.39,0.0
2025-02-05 17:00:00,3.1,-0.4,0.0,3.17,0.0
2025-02-05 17:15:00,3.0,-0.3,0.0,3.08,0.0
2025-02-05 17:30:00,2.8,-0.2,0.0,3.08,0.0
2025-02-05 17:45:00,2.7,-0.1,0.0,3.14,0.0
2025-02-05 18:00:00,2.5,-0.1,0.0,3.19,0.0
2025-02-05 18:15:00,2.4,-0.1,0.0,3.25,0.0
2025-02-05 18:30:00,2.3,-0.0,0.0,3.44,0.0
2025-02-05 18:45:00,2.2,0.1,0.0,3.64,0.0
2025-02-05 19:00:00,2.1,0.1,0.0,3.69,0.0
2025-02-05 19:15:00,2.0,0.2,0.0,3.69,0.0
2025-02-05 19:30:00,2.0,0.3,0.0,3.78,0.0
2025-02-05 19:45:00,2.0,0.3,0.0,3.72,0.0
2025-02-05 20:00:00,1.9,0.4,0.0,3.72,0.0
2025-02-05 20:15:00,1.9,0.5,0.0,3.72,0.0
2025-02-05 20:30:00,1.8,0.4,0.0,3.86,0.0
2025-02-05 20:45:00,1.7,0.6,0.0,3.86,0.0
2025-02-05 21:00:00,1.7,0.5,0.0,3.86,0.0
2025-02-05 21:15:00,1.6,0.6,0.0,3.86,0.0
2025-02-05 21:30:00,1.6,0.6,0.0,3.89,0.0
2025-02-05 21:45:00,1.6,0.7,0.0,3.89,0.0
2025-02-05 22:00:00,1.6,0.7,0.0,3.83,0.0
2025-02-05 22:15:00,1.6,0.7,0.0,3.69,0.0
2025-02-05 22:30:00,1.6,0.7,0.0,3.56,0.0
2025-02-05 22:45:00,1.7,0.8,0.0,3.47,0.0
2025-02-05 23:00:00,1.7,0.8,0.0,3.33,0.0
2025-02-05 23:15:00,1.7,0.8,0.0,3.19,0.0
2025-02-05 23:30:00,1.7,0.8,0.0,3.11,0.0
2025-02-05 23:45:00,1.7,0.8,0.0,2.97,0.0
2025-02-06 00:00:00,1.7,0.8,0.0,2.97,0.0
2025-02-06 00:15:00,1.7,0.8,0.0,2.97,0.0
2025-02-06 00:30:00,1.7,0.8,0.0,3.06,0.0
2025-02-06 00:45:00,1.7,0.8,0.0,3.14,0.0
2025-02-06 01:00:00,1.7,0.8,0.0,3.14,0.0
2025-02-06 01:15:00,1.7,0.8,0.0,3.14,0.0
2025-02-06 01:30:00,1.8,0.9,0.0,3.06,0.0
2025-02-06 01:45:00,1.8,0.9,0.0,3.06,0.0
2025-02-06 02:00:00,1.8,0.9,0.0,2.92,0.0
2025-02-06 02:15:00,1.8,0.9,0.0,2.86,0.0
2025-02-06 02:30:00,1.8,0.9,0.0,2.72,0.0
2025-02-06 02:45:00,1.8,0.9,0.0,2.64,0.0
2025-02-06 03:00:00,1.8,0.9,0.0,2.61,0.0
2025-02-06 03:15:00,1.8,0.9,0.0,2.67,0.0
2025-02-06 03:30:00,1.8,0.9,0.0,2.67,0.0
2025-02-06 03:45:00,1.8,0.9,0.0,2.75,0.0
2025-02-06 04:00:00,1.8,0.9,0.0,2.75,0.0
2025-02-06 04:15:00,1.8,0.9,0.0,2.72,0.0
2025-02-06 04:30:00,1.9,1.0,0.0,2.56,0.0
2025-02-06 04:45:00,1.9,1.0,0.0,2.5,0.0
2025-02-06 05:00:00,1.9,1.0,0.0,2.56,0.0
2025-02-06 05:15:00,1.9,1.0,0.0,2.61,0.0
2025-02-06 05:30:00,1.9,1.0,0.0,2.78,0.0
2025-02-06 05:45:00,1.8,0.9,0.0,2.97,0.0
2025-02-06 06:00:00,1.8,0.9,0.0,3.0,0.0
2025-02-06 06:15:00,1.8,0.9,0.0,3.0,0.0
2025-02-06 06:30:00,1.8,0.9,0.0,2.86,0.0
2025-02-06 06:45:00,1.8,0.9,0.0,2.78,0.0
2025-02-06 07:00:00,1.8,0.9,0.0,2.69,0.0
2025-02-06 07:15:00,1.9,1.0,0.0,2.67,0.0
2025-02-06 07:30:00,1.9,1.2,0.0,2.69,0.0
2025-02-06 07:45:00,2.0,1.3,0.0,2.83,0.0
2025-02-06 08:00:00,2.1,1.3,0.0,2.83,0.0
2025-02-06 08:15:00,2.1,1.3,0.0,2.75,0.0
2025-02-06 08:30:00,2.1,1.4,0.0,2.69,0.0
2025-02-06 08:45:00,2.1,1.4,0.0,2.61,0.0
2025-02-06 09:00:00,2.1,1.4,0.0,2.56,0.0
2025-02-06 09:15:00,2.2,1.4,0.0,2.56,0.0
2025-02-06 09:30:00,2.2,1.4,0.0,2.56,0.0
2025-02-06 09:45:00,2.2,1.5,0.0,2.67,0.0
2025-02-06 10:00:00,2.3,1.5,0.0,2.69,0.0
2025-02-06 10:15:00,2.3,1.4,0.0,2.72,0.0
2025-02-06 10:30:00,2.4,1.5,0.0,2.81,0.0
2025-02-06 10:45:00,2.4,1.4,0.0,2.78,0.0
2025-02-06 11:00:00,2.5,1.3,0.0,2.83,0.0
2025-02-06 11:15:00,2.6,1.3,0.0,2.83,0.0
2025-02-06 11:30:00,2.8,1.3,0.0,2.92,0.0
2025-02-06 11:45:00,3.0,1.3,0.0,2.97,0.0
2025-02-06 12:00:00,3.1,1.3,0.0,3.03,0.0
2025-02-06 12:15:00,3.2,1.4,0.0,3.0,0.0
2025-02-06 12:30:00,3.2,1.3,0.0,2.89,0.0
2025-02-06 12:45:00,3.2,1.3,0.0,2.81,0.0
2025-02-06 13:00:00,3.3,1.3,0.0,2.69,0.0
2025-02-06 13:15:00,3.3,1.1,0.0,2.61,0.0
2025-02-06 13:30:00,3.3,1.1,0.0,2.53,0.0
2025-02-06 13:45:00,3.3,1.0,0.0,2.39,0.0
2025-02-06 14:00:00,3.3,0.9,0.0,2.42,0.0
2025-02-06 14:15:00,3.4,0.8,0.0,2.47,0.0
2025-02-06 14:30:00,3.5,0.7,0.0,2.53,0.0
2025-02-06 14:45:00,3.6,0.7,0.0,2.69,0.0
2025-02-06 15:00:00,3.7,0.6,0.0,2.69,0.0
2025-02-06 15:15:00,3.8,0.5,0.0,2.61,0.0
2025-02-06 15:30:00,3.8,0.5,0.0,2.56,0.0
2025-02-06 15:45:00,3.9,0.4,0.0,2.36,0.0
2025-02-06 16:00:00,3.9,0.4,0.0,2.19,0.0
2025-02-06 16:15:00,3.9,0.4,0.0,2.08,0.0
2025-02-06 16:30:00,3.9,0.4,0.0,1.89,0.0
2025-02-06 16:45:00,3.8,0.5,0.0,1.78,0.0
2025-02-06 17:00:00,3.8,0.5,0.0,1.67,0.0
2025-02-06 17:15:00,3.7,0.4,0.0,1.64,0.0
2025-02-06 17:30:00,3.6,0.3,0.0,1.64,0.0
2025-02-06 17:45:00,3.5,0.2,0.0,1.72,0.0
2025-02-06 18:00:00,3.4,0.1,0.0,1.72,0.0
2025-02-06 18:15:00,3.3,0.1,0.0,1.75,0.0
2025-02-06 18:30:00,3.1,-0.0,0.0,1.75,0.0
2025-02-06 18:45:00,3.0,0.0,0.0,1.83,0.0
2025-02-06 19:00:00,2.9,0.1,0.0,1.86,0.0
2025-02-06 19:15:00,2.9,0.3,0.0,1.83,0.0
2025-02-06 19:30:00,3.0,0.5,0.0,1.92,0.0
2025-02-06 19:45:00,3.0,0.7,0.0,1.83,0.0
2025-02-06 20:00:00,3.1,0.9,0.0,1.86,0.0
2025-02-06 20:15:00,3.0,1.1,0.0,1.86,0.0
2025-02-06 20:30:00,3.0,1.2,0.0,1.92,0.0
2025-02-06 20:45:00,2.9,1.1,0.0,1.97,0.0
2025-02-06 21:00:00,2.8,1.1,0.0,1.97,0.0
2025-02-06 21:15:00,2.7,1.0,0.0,2.06,0.0
2025-02-06 21:30:00,2.6,1.1,0.0,2.0,0.0
2025-02-06 21:45:00,2.5,1.0,0.0,2.03,0.0
2025-02-06 22:00:00,2.5,1.0,0.0,2.06,0.0
2025-02-06 22:15:00,2.5,1.0,0.0,2.11,0.0
2025-02-06 22:30:00,2.5,1.2,0.0,2.19,0.0
2025-02-06 22:45:00,2.5,1.2,0.0,2.25,0.0
2025-02-06 23:00:00,2.5,1.3,0.0,2.33,0.0
2025-02-06 23:15:00,2.3,1.3,0.0,2.44,0.0
2025-02-06 23:30:00,2.1,1.1,0.0,2.47,0.0
2025-02-06 23:45:00,1.9,1.0,0.0,2.56,0.0
2025-02-07 00:00:00,1.8,0.9,0.0,2.56,0.0
2025-02-07 00:15:00,1.7,0.8,0.0,2.53,0.0
2025-02-07 00:30:00,1.6,0.8,0.0,2.42,0.0
2025-02-07 00:45:00,1.5,0.8,0.0,2.36,0.0
2025-02-07 01:00:00,1.4,0.7,0.0,2.22,0.0
2025-02-07 01:15:00,1.3,0.5,0.0,2.22,0.0
2025-02-07 01:30:00,1.1,0.4,0.0,2.14,0.0
2025-02-07 01:45:00,1.0,0.4,0.0,2.14,0.0
2025-02-07 02:00:00,0.8,0.2,0.0,2.17,0.0
2025-02-07 02:15:00,0.7,0.2,0.0,2.19,0.0
2025-02-07 02:30:00,0.5,0.2,0.0,2.22,0.0
2025-02-07 02:45:00,0.3,0.2,0.0,2.33,0.0
2025-02-07 03:00:00,0.2,0.2,0.0,2.39,0.0
2025-02-07 03:15:00,0.1,0.1,0.0,2.39,0.0
2025-02-07 03:30:00,0.0,0.0,0.0,2.39,0.0
2025-02-07 03:45:00,-0.0,-0.0,0.0,2.47,0.0
2025-02-07 04:00:00,-0.0,-0.0,0.0,2.44,0.0
2025-02-07 04:15:00,0.1,-0.1,0.0,2.5,0.0
2025-02-07 04:30:00,0.2,-0.1,0.0,2.58,0.0
2025-02-07 04:45:00,0.4,-0.1,0.0,2.64,0.0
2025-02-07 05:00:00,0.5,-0.1,0.0,2.72,0.0
2025-02-07 05:15:00,0.5,-0.1,0.0,2.72,0.0
2025-02-07 05:30:00,0.4,-0.0,0.0,2.75,0.0
2025-02-07 05:45:00,0.3,0.2,0.0,2.67,0.0
2025-02-07 06:00:00,0.3,0.2,0.0,2.67,0.0
2025-02-07 06:15:00,0.4,0.2,0.0,2.64,0.0
2025-02-07 06:30:00,0.4,0.1,0.0,2.72,0.0
2025-02-07 06:45:00,0.5,0.1,0.0,2.81,0.0
2025-02-07 07:00:00,0.6,0.0,0.0,2.81,0.0
2025-02-07 07:15:00,0.8,0.1,0.0,2.81,0.0
2025-02-07 07:30:00,0.9,0.1,0.0,2.69,0.0
2025-02-07 07:45:00,1.0,0.0,0.0,2.61,0.0
2025-02-07 08:00:00,1.1,-0.0,0.0,2.5,0.0
2025-02-07 08:15:00,1.1,-0.0,0.0,2.5,0.0
2025-02-07 08:30:00,1.1,-0.1,0.0,2.39,0.0
2025-02-07 08:45:00,1.0,-0.0,0.0,2.39,0.0
2025-02-07 09:00:00,0.9,-0.1,0.0,2.39,0.0
2025-02-07 09:15:00,0.9,0.0,0.0,2.39,0.0
2025-02-07 09:30:00,0.8,-0.1,0.0,2.53,0.0
2025-02-07 09:45:00,0.7,0.0,0.0,2.67,0.0
2025-02-07 10:00:00,0.7,0.0,0.0,2.72,0.0
2025-02-07 10:15:00,0.8,-0.0,0.0,2.67,0.0
2025-02-07 10:30:00,0.9,-0.1,0.0,2.56,0.0
2025-02-07 10:45:00,1.1,-0.2,0.0,2.33,0.0
2025-02-07 11:00:00,1.3,-0.3,0.0,2.25,0.0
2025-02-07 11:15:00,1.6,-0.4,0.0,2.25,0.0
2025-02-07 11:30:00,1.9,-0.4,0.0,2.22,230.26
2025-02-07 11:45:00,2.2,-0.4,0.0,2.28,576.7
2025-02-07 12:00:00,2.5,-0.5,0.0,2.39,801.01
2025-02-07 12:15:00,2.7,-0.6,0.0,2.58,783.7
2025-02-07 12:30:00,2.9,-0.9,0.0,2.83,870.91
2025-02-07 12:45:00,3.1,-1.1,0.0,3.06,0.0
2025-02-07 13:00:00,3.2,-1.2,0.0,3.17,0.0
2025-02-07 13:15:00,3.3,-1.1,0.0,3.11,611.47
2025-02-07 13:30:00,3.4,-0.8,0.0,3.03,0.0
2025-02-07 13:45:00,3.4,-0.8,0.0,2.92,0.0
2025-02-07 14:00:00,3.4,-0.8,0.0,2.89,0.0
2025-02-07 14:15:00,3.4,-1.2,0.0,3.0,0.0
2025-02-07 14:30:00,3.4,-1.5,0.0,3.19,0.0
2025-02-07 14:45:00,3.4,-2.1,0.0,3.5,0.0
2025-02-07 15:00:00,3.4,-2.6,0.0,3.61,0.0
2025-02-07 15:15:00,3.3,-2.9,0.0,3.61,0.0
2025-02-07 15:30:00,3.2,-3.2,0.0,3.61,0.0
2025-02-07 15:45:00,3.2,-3.4,0.0,3.61,0.0
2025-02-07 16:00:00,3.0,-3.6,0.0,3.61,0.0
2025-02-07 16:15:00,2.9,-3.7,0.0,3.61,0.0
2025-02-07 16:30:00,2.7,-3.7,0.0,3.72,0.0
2025-02-07 16:45:00,2.4,-3.9,0.0,3.83,0.0
2025-02-07 17:00:00,2.2,-3.9,0.0,3.86,0.0
2025-02-07 17:15:00,2.0,-4.1,0.0,3.89,0.0
2025-02-07 17:30:00,1.8,-4.1,0.0,3.78,0.0
2025-02-07 17:45:00,1.6,-4.3,0.0,3.78,0.0
2025-02-07 18:00:00,1.4,-4.3,0.0,3.69,0.0
2025-02-07 18:15:00,1.2,-4.3,0.0,3.56,0.0
2025-02-07 18:30:00,0.9,-4.3,0.0,3.44,0.0
2025-02-07 18:45:00,0.7,-4.5,0.0,3.33,0.0
2025-02-07 19:00:00,0.5,-4.5,0.0,3.33,0.0
2025-02-07 19:15:00,0.4,-4.4,0.0,3.33,0.0
2025-02-07 19:30:00,0.3,-4.5,0.0,3.56,0.0
2025-02-07 19:45:00,0.3,-4.6,0.0,3.67,0.0
2025-02-07 20:00:00,0.2,-4.5,0.0,3.69,0.0
2025-02-07 20:15:00,0.1,-4.4,0.0,3.58,0.0
2025-02-07 20:30:00,-0.0,-4.5,0.0,3.5,0.0
2025-02-07 20:45:00,-0.1,-4.4,0.0,3.39,0.0
2025-02-07 21:00:00,-0.2,-4.3,0.0,3.31,0.0
2025-02-07 21:15:00,-0.3,-4.2,0.0,3.19,0.0
2025-02-07 21:30:00,-0.3,-4.1,0.0,3.22,0.0
2025-02-07 21:45:00,-0.4,-3.9,0.0,3.22,0.0
2025-02-07 22:00:00,-0.4,-3.9,0.0,3.22,0.0
2025-02-07 22:15:00,-0.4,-3.9,0.0,3.33,0.0
2025-02-07 22:30:00,-0.3,-3.9,0.0,3.39,0.0
2025-02-07 22:45:00,-0.3,-4.0,0.0,3.47,0.0
2025-02-07 23:00:00,-0.2,-4.0,0.0,3.47,0.0
2025-02-07 23:15:00,-0.2,-4.0,0.0,3.5,0.0
2025-02-07 23:30:00,-0.2,-4.1,0.0,3.44,0.0
2025-02-07 23:45:00,-0.2,-4.3,0.0,3.42,0.0
2025-02-08 00:00:00,-0.2,-4.3,0.0,3.36,0.0
2025-02-08 00:15:00,-0.2,-4.3,0.0,3.36,0.0
2025-02-08 00:30:00,-0.3,-4.5,0.0,3.33,0.0
2025-02-08 00:45:00,-0.3,-4.5,0.0,3.39,0.0
2025-02-08 01:00:00,-0.3,-4.5,0.0,3.44,0.0
2025-02-08 01:15:00,-0.2,-4.5,0.0,3.56,0.0
2025-02-08 01:30:00,-0.1,-4.6,0.0,3.75,0.0
2025-02-08 01:45:00,-0.1,-4.5,0.0,3.86,0.0
2025-02-08 02:00:00,-0.0,-4.5,0.0,3.94,0.0
2025-02-08 02:15:00,-0.0,-4.5,0.0,3.94,0.0
2025-02-08 02:30:00,-0.1,-4.6,0.0,3.78,0.0
2025-02-08 02:45:00,-0.2,-4.4,0.0,3.69,0.0
2025-02-08 03:00:00,-0.2,-4.5,0.0,3.61,0.0
2025-02-08 03:15:00,-0.3,-4.5,0.0,3.64,0.0
2025-02-08 03:30:00,-0.3,-4.4,0.0,3.67,0.0
2025-02-08 03:45:00,-0.3,-4.4,0.0,3.72,0.0
2025-02-08 04:00:00,-0.3,-4.4,0.0,3.72,0.0
2025-02-08 04:15:00,-0.3,-4.4,0.0,3.58,0.0
2025-02-08 04:30:00,-0.3,-4.2,0.0,3.56,0.0
2025-02-08 04:45:00,-0.3,-4.2,0.0,3.42,0.0
2025-02-08 05:00:00,-0.3,-4.2,0.0,3.28,0.0
2025-02-08 05:15:00,-0.3,-4.2,0.0,3.28,0.0
2025-02-08 05:30:00,-0.3,-4.1,0.0,3.25,0.0
2025-02-08 05:45:00,-0.4,-4.1,0.0,3.25,0.0
2025-02-08 06:00:00,-0.4,-4.2,0.0,3.25,0.0
2025-02-08 06:15:00,-0.5,-4.2,0.0,3.25,0.0
2025-02-08 06:30:00,-0.5,-4.1,0.0,3.14,0.0
2025-02-08 06:45:00,-0.6,-4.1,0.0,3.03,0.0
2025-02-08 07:00:00,-0.6,-4.1,0.0,3.03,0.0
2025-02-08 07:15:00,-0.6,-4.1,0.0,3.03,0.0
2025-02-08 07:30:00,-0.5,-4.1,0.0,3.17,0.0
2025-02-08 07:45:00,-0.5,-4.0,0.0,3.28,0.0
2025-02-08 08:00:00,-0.5,-4.0,0.0,3.28,0.0
2025-02-08 08:15:00,-0.5,-4.0,0.0,3.28,0.0
2025-02-08 08:30:00,-0.5,-4.1,0.0,3.33,0.0
2025-02-08 08:45:00,-0.6,-4.1,0.0,3.22,0.0
2025-02-08 09:00:00,-0.6,-4.1,0.0,3.22,0.0
2025-02-08 09:15:00,-0.5,-4.1,0.0,3.14,0.0
2025-02-08 09:30:00,-0.5,-4.2,0.0,3.17,188.94
2025-02-08 09:45:00,-0.3,-4.1,0.0,3.08,807.05
2025-02-08 10:00:00,-0.2,-4.1,0.0,3.14,900.0
2025-02-08 10:15:00,0.0,-4.1,0.0,3.28,711.6
2025-02-08 10:30:00,0.3,-4.0,0.0,3.44,900.0
2025-02-08 10:45:00,0.6,-4.0,0.0,3.67,900.0
2025-02-08 11:00:00,0.9,-3.9,0.0,3.81,900.0
2025-02-08 11:15:00,1.2,-3.8,0.0,3.83,900.0
2025-02-08 11:30:00,1.5,-4.0,0.0,3.81,900.0
2025-02-08 11:45:00,1.8,-3.9,0.0,3.72,900.0
2025-02-08 12:00:00,2.1,-3.8,0.0,3.69,900.0
2025-02-08 12:15:00,2.4,-3.8,0.0,3.69,900.0
2025-02-08 12:30:00,2.7,-3.7,0.0,3.69,900.0
2025-02-08 12:45:00,3.0,-3.6,0.0,3.78,900.0
2025-02-08 13:00:00,3.3,-3.5,0.0,3.78,900.0
2025-02-08 13:15:00,3.6,-3.4,0.0,3.78,900.0
2025-02-08 13:30:00,4.0,-3.1,0.0,3.78,900.0
2025-02-08 13:45:00,4.3,-2.8,0.0,3.83,900.0
2025-02-08 14:00:00,4.6,-2.8,0.0,3.83,900.0
2025-02-08 14:15:00,4.8,-2.8,0.0,3.83,900.0
2025-02-08 14:30:00,5.1,-2.8,0.0,3.97,900.0
2025-02-08 14:45:00,5.3,-2.5,0.0,4.06,900.0
2025-02-08 15:00:00,5.5,-2.6,0.0,4.11,900.0
2025-02-08 15:15:00,5.6,-2.5,0.0,4.17,900.0
2025-02-08 15:30:00,5.7,-2.4,0.0,4.22,900.0
2025-02-08 15:45:00,5.7,-2.4,0.0,4.28,900.0
2025-02-08 16:00:00,5.7,-2.4,0.0,4.19,900.0
2025-02-08 16:15:00,5.7,-2.4,0.0,4.11,900.0
2025-02-08 16:30:00,5.7,-2.4,0.0,3.92,900.0
2025-02-08 16:45:00,5.6,-2.5,0.0,3.69,900.0
2025-02-08 17:00:00,5.4,-2.4,0.0,3.47,900.0
2025-02-08 17:15:00,5.2,-2.4,0.0,3.28,214.74
2025-02-08 17:30:00,5.0,-2.2,0.0,3.17,0.0
2025-02-08 17:45:00,4.7,-2.2,0.0,3.0,0.0
2025-02-08 18:00:00,4.4,-2.0,0.0,2.92,0.0
2025-02-08 18:15:00,4.1,-1.9,0.0,2.83,0.0
2025-02-08 18:30:00,3.8,-2.0,0.0,2.69,0.0
2025-02-08 18:45:00,3.4,-1.9,0.0,2.67,0.0
2025-02-08 19:00:00,3.1,-2.1,0.0,2.61,0.0
2025-02-08 19:15:00,2.7,-2.2,0.0,2.61,0.0
2025-02-08 19:30:00,2.3,-2.4,0.0,2.61,0.0
2025-02-08 19:45:00,2.0,-2.7,0.0,2.61,0.0
2025-02-08 20:00:00,1.7,-2.8,0.0,2.61,0.0
2025-02-08 20:15:00,1.6,-2.8,0.0,2.53,0.0
2025-02-08 20:30:00,1.4,-2.9,0.0,2.47,0.0
2025-02-08 20:45:00,1.4,-2.8,0.0,2.42,0.0
2025-02-08 21:00:00,1.3,-2.9,0.0,2.33,0.0
2025-02-08 21:15:00,1.1,-3.0,0.0,2.22,0.0
2025-02-08 21:30:00,1.0,-2.9,0.0,2.14,0.0
2025-02-08 21:45:00,0.9,-3.1,0.0,2.14,0.0
2025-02-08 22:00:00,0.7,-3.0,0.0,2.06,0.0
2025-02-08 22:15:00,0.6,-3.0,0.0,1.97,0.0
2025-02-08 22:30:00,0.5,-2.9,0.0,1.92,0.0
2025-02-08 22:45:00,0.4,-2.9,0.0,1.83,0.0
2025-02-08 23:00:00,0.3,-2.8,0.0,1.83,0.0
2025-02-08 23:15:00,0.2,-2.8,0.0,1.83,0.0
2025-02-08 23:30:00,0.3,-2.8,0.0,1.89,0.0
2025-02-08 23:45:00,0.3,-2.8,0.0,1.94,0.0
2025-02-09 00:00:00,0.3,-2.8,0.0,1.94,0.0
2025-02-09 00:15:00,0.3,-2.8,0.0,1.94,0.0
2025-02-09 00:30:00,0.2,-2.7,0.0,1.86,0.0
2025-02-09 00:45:00,0.2,-2.5,0.0,1.78,0.0
2025-02-09 01:00:00,0.2,-2.5,0.0,1.78,0.0
2025-02-09 01:15:00,0.1,-2.6,0.0,1.72,0.0
2025-02-09 01:30:00,0.0,-2.7,0.0,1.69,0.0
2025-02-09 01:45:00,-0.1,-3.0,0.0,1.75,0.0
2025-02-09 02:00:00,-0.1,-3.0,0.0,1.72,0.0
2025-02-09 02:15:00,-0.2,-3.1,0.0,1.72,0.0
2025-02-09 02:30:00,-0.2,-3.1,0.0,1.72,0.0
2025-02-09 02:45:00,-0.3,-3.0,0.0,1.67,0.0
2025-02-09 03:00:00,-0.3,-3.0,0.0,1.67,0.0
2025-02-09 03:15:00,-0.3,-3.0,0.0,1.67,0.0
2025-02-09 03:30:00,-0.4,-3.1,0.0,1.67,0.0
2025-02-09 03:45:00,-0.4,-3.1,0.0,1.61,0.0
2025-02-09 04:00:00,-0.4,-3.1,0.0,1.61,0.0
2025-02-09 04:15:00,-0.5,-3.2,0.0,1.61,0.0
2025-02-09 04:30:00,-0.7,-3.2,0.0,1.58,0.0
2025-02-09 04:45:00,-0.8,-3.4,0.0,1.5,0.0
2025-02-09 05:00:00,-0.9,-3.5,0.0,1.5,0.0
2025-02-09 05:15:00,-1.0,-3.5,0.0,1.39,0.0
2025-02-09 05:30:00,-1.0,-3.5,0.0,1.44,0.0
2025-02-09 05:45:00,-0.9,-3.5,0.0,1.33,0.0
2025-02-09 06:00:00,-0.9,-3.5,0.0,1.33,0.0
2025-02-09 06:15:00,-0.9,-3.5,0.0,1.31,0.0
2025-02-09 06:30:00,-0.9,-3.5,0.0,1.36,0.0
2025-02-09 06:45:00,-0.9,-3.4,0.0,1.33,0.0
2025-02-09 07:00:00,-0.9,-3.4,0.0,1.44,0.0
2025-02-09 07:15:00,-0.8,-3.5,0.0,1.53,0.0
2025-02-09 07:30:00,-0.8,-3.5,0.0,1.64,0.0
2025-02-09 07:45:00,-0.7,-3.6,0.0,1.75,0.0
2025-02-09 08:00:00,-0.7,-3.7,0.0,1.78,0.0
2025-02-09 08:15:00,-0.6,-3.7,0.0,1.81,0.0
2025-02-09 08:30:00,-0.6,-3.6,0.0,1.81,0.0
2025-02-09 08:45:00,-0.5,-3.6,0.0,1.75,0.0
2025-02-09 09:00:00,-0.5,-3.5,0.0,1.75,0.0
2025-02-09 09:15:00,-0.4,-3.5,0.0,1.75,0.0
2025-02-09 09:30:00,-0.3,-3.5,0.0,1.81,0.0
2025-02-09 09:45:00,-0.2,-3.4,0.0,1.86,351.67
2025-02-09 10:00:00,-0.0,-3.4,0.0,1.86,377.84
2025-02-09 10:15:00,0.2,-3.3,0.0,1.86,687.96
2025-02-09 10:30:00,0.6,-3.2,0.0,1.89,900.0
2025-02-09 10:45:00,1.0,-3.0,0.0,1.81,900.0
2025-02-09 11:00:00,1.4,-3.0,0.0,1.83,900.0
2025-02-09 11:15:00,1.8,-2.9,0.0,1.89,900.0
2025-02-09 11:30:00,2.3,-2.8,0.0,1.97,900.0
2025-02-09 11:45:00,2.8,-3.0,0.0,2.11,900.0
2025-02-09 12:00:00,3.2,-2.9,0.0,2.17,900.0
2025-02-09 12:15:00,3.6,-3.0,0.0,2.22,900.0
2025-02-09 12:30:00,3.9,-2.9,0.0,2.31,900.0
2025-02-09 12:45:00,4.2,-3.1,0.0,2.36,900.0
2025-02-09 13:00:00,4.5,-3.0,0.0,2.36,900.0
2025-02-09 13:15:00,4.8,-3.0,0.0,2.36,900.0
2025-02-09 13:30:00,5.1,-3.0,0.0,2.44,900.0
2025-02-09 13:45:00,5.4,-2.9,0.0,2.39,900.0
2025-02-09 14:00:00,5.7,-2.9,0.0,2.39,900.0
2025-02-09 14:15:00,5.9,-3.0,0.0,2.39,900.0
2025-02-09 14:30:00,6.1,-2.8,0.0,2.47,900.0
2025-02-09 14:45:00,6.2,-2.7,0.0,2.47,900.0
2025-02-09 15:00:00,6.3,-2.6,0.0,2.47,900.0
2025-02-09 15:15:00,6.4,-2.5,0.0,2.47,900.0
2025-02-09 15:30:00,6.4,-2.2,0.0,2.39,900.0
2025-02-09 15:45:00,6.4,-2.0,0.0,2.33,900.0
2025-02-09 16:00:00,6.4,-1.8,0.0,2.33,900.0
2025-02-09 16:15:00,6.4,-1.8,0.0,2.28,900.0
2025-02-09 16:30:00,6.4,-1.8,0.0,2.36,900.0
2025-02-09 16:45:00,6.3,-1.6,0.0,2.42,900.0
2025-02-09 17:00:00,6.1,-1.5,0.0,2.33,900.0
2025-02-09 17:15:00,5.8,-1.4,0.0,2.28,184.94
2025-02-09 17:30:00,5.3,-1.0,0.0,2.11,0.0
2025-02-09 17:45:00,4.7,-0.9,0.0,2.0,0.0
2025-02-09 18:00:00,4.2,-0.8,0.0,2.03,0.0
2025-02-09 18:15:00,3.8,-0.6,0.0,2.03,0.0
2025-02-09 18:30:00,3.3,-0.7,0.0,2.03,0.0
2025-02-09 18:45:00,2.8,-0.8,0.0,2.03,0.0
2025-02-09 19:00:00,2.4,-0.9,0.0,2.03,0.0
2025-02-09 19:15:00,2.0,-1.1,0.0,2.03,0.0
2025-02-09 19:30:00,1.7,-1.5,0.0,2.11,0.0
2025-02-09 19:45:00,1.4,-1.9,0.0,2.11,0.0
2025-02-09 20:00:00,1.1,-2.1,0.0,2.11,0.0
2025-02-09 20:15:00,0.9,-2.2,0.0,2.11,0.0
2025-02-09 20:30:00,0.8,-2.3,0.0,2.11,0.0
2025-02-09 20:45:00,0.6,-2.3,0.0,2.11,0.0
2025-02-09 21:00:00,0.5,-2.2,0.0,2.0,0.0
2025-02-09 21:15:00,0.4,-2.1,0.0,1.89,0.0
2025-02-09 21:30:00,0.3,-2.2,0.0,1.81,0.0
2025-02-09 21:45:00,0.2,-2.2,0.0,1.61,0.0
2025-02-09 22:00:00,0.1,-2.3,0.0,1.5,0.0
2025-02-09 22:15:00,-0.1,-2.5,0.0,1.42,0.0
2025-02-09 22:30:00,-0.3,-2.8,0.0,1.39,0.0
2025-02-09 22:45:00,-0.5,-3.2,0.0,1.42,0.0
2025-02-09 23:00:00,-0.7,-3.4,0.0,1.42,0.0
2025-02-09 23:15:00,-0.8,-3.5,0.0,1.42,0.0
2025-02-09 23:30:00,-0.9,-3.4,0.0,1.5,0.0
2025-02-09 23:45:00,-0.9,-3.5,0.0,1.5,0.0
2025-02-10 00:00:00,-1.0,-3.4,0.0,1.5,0.0
2025-02-10 00:15:00,-1.0,-3.4,0.0,1.5,0.0
2025-02-10 00:30:00,-1.1,-3.4,0.0,1.42,0.0
2025-02-10 00:45:00,-1.1,-3.3,0.0,1.31,0.0
2025-02-10 01:00:00,-1.2,-3.4,0.0,1.31,0.0
2025-02-10 01:15:00,-1.2,-3.3,0.0,1.31,0.0
2025-02-10 01:30:00,-1.3,-3.2,0.0,1.31,0.0
2025-02-10 01:45:00,-1.4,-3.3,0.0,1.31,0.0
2025-02-10 02:00:00,-1.4,-3.2,0.0,1.31,0.0
2025-02-10 02:15:00,-1.5,-3.2,0.0,1.31,0.0
2025-02-10 02:30:00,-1.5,-3.1,0.0,1.31,0.0
2025-02-10 02:45:00,-1.6,-3.2,0.0,1.33,0.0
2025-02-10 03:00:00,-1.6,-3.2,0.0,1.36,0.0
2025-02-10 03:15:00,-1.6,-3.2,0.0,1.36,0.0
2025-02-10 03:30:00,-1.5,-3.1,0.0,1.33,0.0
2025-02-10 03:45:00,-1.5,-3.1,0.0,1.33,0.0
2025-02-10 04:00:00,-1.5,-3.1,0.0,1.22,0.0
2025-02-10 04:15:00,-1.6,-3.1,0.0,1.11,0.0
2025-02-10 04:30:00,-1.8,-3.2,0.0,0.92,0.0
2025-02-10 04:45:00,-1.9,-3.2,0.0,0.72,0.0
2025-02-10 05:00:00,-2.0,-3.2,0.0,0.64,0.0
2025-02-10 05:15:00,-2.1,-3.3,0.0,0.72,0.0
2025-02-10 05:30:00,-2.2,-3.2,0.0,0.92,0.0
2025-02-10 05:45:00,-2.3,-3.3,0.0,1.11,0.0
2025-02-10 06:00:00,-2.3,-3.3,0.0,1.19,0.0
2025-02-10 06:15:00,-2.3,-3.3,0.0,1.31,0.0
2025-02-10 06:30:00,-2.3,-3.5,0.0,1.31,0.0
2025-02-10 06:45:00,-2.3,-3.4,0.0,1.31,0.0
2025-02-10 07:00:00,-2.3,-3.4,0.0,1.31,0.0
2025-02-10 07:15:00,-2.2,-3.4,0.0,1.31,0.0
2025-02-10 07:30:00,-2.2,-3.2,0.0,1.19,0.0
2025-02-10 07:45:00,-2.2,-3.0,0.0,1.11,0.0
2025-02-10 08:00:00,-2.2,-3.0,0.0,1.11,0.0
2025-02-10 08:15:00,-2.2,-3.1,0.0,1.11,0.0
2025-02-10 08:30:00,-2.4,-3.1,0.0,1.14,0.0
2025-02-10 08:45:00,-2.4,-3.3,0.0,1.14,0.0
2025-02-10 09:00:00,-2.5,-3.3,0.0,1.25,0.0
2025-02-10 09:15:00,-2.4,-3.4,0.0,1.33,193.46
2025-02-10 09:30:00,-2.4,-3.5,0.0,1.42,448.29
2025-02-10 09:45:00,-2.2,-3.7,0.0,1.5,618.19
2025-02-10 10:00:00,-2.0,-3.7,0.0,1.61,900.0
2025-02-10 10:15:00,-1.5,-3.7,0.0,1.81,900.0
2025-02-10 10:30:00,-1.0,-3.7,0.0,2.11,900.0
2025-02-10 10:45:00,-0.4,-3.6,0.0,2.31,900.0
2025-02-10 11:00:00,0.1,-3.6,0.0,2.5,900.0
2025-02-10 11:15:00,0.5,-3.8,0.0,2.61,215.2
2025-02-10 11:30:00,0.9,-4.2,0.0,2.69,159.52
2025-02-10 11:45:00,1.2,-4.5,0.0,2.69,900.0
2025-02-10 12:00:00,1.4,-4.9,0.0,2.69,900.0
2025-02-10 12:15:00,1.7,-5.1,0.0,2.69,900.0
2025-02-10 12:30:00,1.8,-5.4,0.0,2.61,900.0
2025-02-10 12:45:00,2.0,-5.6,0.0,2.61,900.0
2025-02-10 13:00:00,2.2,-5.7,0.0,2.53,900.0
2025-02-10 13:15:00,2.5,-5.4,0.0,2.44,900.0
2025-02-10 13:30:00,2.9,-5.1,0.0,2.44,900.0
2025-02-10 13:45:00,3.2,-4.8,0.0,2.39,900.0
2025-02-10 14:00:00,3.4,-4.5,0.0,2.42,900.0
2025-02-10 14:15:00,3.6,-4.4,0.0,2.44,900.0
2025-02-10 14:30:00,3.7,-4.6,0.0,2.56,900.0
2025-02-10 14:45:00,3.7,-4.7,0.0,2.56,900.0
2025-02-10 15:00:00,3.8,-4.7,0.0,2.69,900.0
2025-02-10 15:15:00,3.8,-4.7,0.0,2.78,900.0
2025-02-10 15:30:00,3.7,-4.7,0.0,2.92,900.0
2025-02-10 15:45:00,3.7,-5.0,0.0,2.92,900.0
2025-02-10 16:00:00,3.7,-5.0,0.0,3.0,900.0
2025-02-10 16:15:00,3.7,-5.2,0.0,3.0,900.0
2025-02-10 16:30:00,3.9,-5.4,0.0,3.0,900.0
2025-02-10 16:45:00,3.9,-5.6,0.0,3.0,900.0
2025-02-10 17:00:00,3.9,-5.6,0.0,2.97,900.0
2025-02-10 17:15:00,3.6,-5.6,0.0,2.83,832.7
2025-02-10 17:30:00,3.3,-5.4,0.0,2.78,241.9
2025-02-10 17:45:00,2.8,-5.6,0.0,2.64,0.0
2025-02-10 18:00:00,2.4,-5.5,0.0,2.53,0.0
2025-02-10 18:15:00,2.0,-5.6,0.0,2.53,0.0
2025-02-10 18:30:00,1.6,-5.5,0.0,2.53,0.0
2025-02-10 18:45:00,1.2,-5.7,0.0,2.53,0.0
2025-02-10 19:00:00,0.9,-5.8,0.0,2.53,0.0
2025-02-10 19:15:00,0.6,-5.8,0.0,2.53,0.0
2025-02-10 19:30:00,0.4,-5.9,0.0,2.53,0.0
2025-02-10 19:45:00,0.2,-6.1,0.0,2.61,0.0
2025-02-10 20:00:00,0.0,-6.0,0.0,2.61,0.0
2025-02-10 20:15:00,-0.1,-6.1,0.0,2.61,0.0
2025-02-10 20:30:00,-0.3,-6.1,0.0,2.69,0.0
2025-02-10 20:45:00,-0.4,-6.2,0.0,2.81,0.0
2025-02-10 21:00:00,-0.5,-6.3,0.0,2.81,0.0
2025-02-10 21:15:00,-0.6,-6.4,0.0,2.81,0.0
2025-02-10 21:30:00,-0.8,-6.6,0.0,2.81,0.0
2025-02-10 21:45:00,-0.9,-6.8,0.0,2.81,0.0
2025-02-10 22:00:00,-1.0,-7.0,0.0,2.81,0.0
2025-02-10 22:15:00,-1.2,-7.3,0.0,2.81,0.0
2025-02-10 22:30:00,-1.4,-7.5,0.0,2.89,0.0
2025-02-10 22:45:00,-1.6,-7.9,0.0,2.89,0.0
2025-02-10 23:00:00,-1.7,-8.1,0.0,2.89,0.0
2025-02-10 23:15:00,-1.9,-8.2,0.0,2.89,0.0
2025-02-10 23:30:00,-2.0,-8.1,0.0,2.89,0.0
2025-02-10 23:45:00,-2.1,-8.2,0.0,2.89,0.0
2025-02-11 00:00:00,-2.3,-8.2,0.0,2.89,0.0
2025-02-11 00:15:00,-2.4,-8.1,0.0,2.89,0.0
2025-02-11 00:30:00,-2.5,-8.2,0.0,2.81,0.0
2025-02-11 00:45:00,-2.6,-8.1,0.0,2.81,0.0
2025-02-11 01:00:00,-2.7,-8.2,0.0,2.81,0.0
2025-02-11 01:15:00,-2.8,-8.1,0.0,2.81,0.0
2025-02-11 01:30:00,-2.7,-8.0,0.0,2.81,0.0
2025-02-11 01:45:00,-2.7,-7.8,0.0,2.92,0.0
2025-02-11 02:00:00,-2.7,-7.8,0.0,2.92,0.0
2025-02-11 02:15:00,-2.8,-7.9,0.0,2.92,0.0
2025-02-11 02:30:00,-2.8,-7.9,0.0,3.0,0.0
2025-02-11 02:45:00,-2.9,-8.0,0.0,3.0,0.0
2025-02-11 03:00:00,-2.9,-8.0,0.0,3.0,0.0
2025-02-11 03:15:00,-3.0,-8.1,0.0,3.0,0.0
2025-02-11 03:30:00,-3.1,-8.2,0.0,3.0,0.0
2025-02-11 03:45:00,-3.1,-8.2,0.0,3.0,0.0
2025-02-11 04:00:00,-3.2,-8.3,0.0,3.0,0.0
2025-02-11 04:15:00,-3.3,-8.2,0.0,3.0,0.0
2025-02-11 04:30:00,-3.5,-8.4,0.0,2.92,0.0
2025-02-11 04:45:00,-3.6,-8.3,0.0,2.83,0.0
2025-02-11 05:00:00,-3.7,-8.2,0.0,2.83,0.0
2025-02-11 05:15:00,-3.8,-8.3,0.0,2.83,0.0
2025-02-11 05:30:00,-3.9,-8.2,0.0,2.72,0.0
2025-02-11 05:45:00,-4.0,-8.3,0.0,2.72,0.0
2025-02-11 06:00:00,-4.1,-8.4,0.0,2.72,0.0
2025-02-11 06:15:00,-4.2,-8.5,0.0,2.72,0.0
2025-02-11 06:30:00,-4.3,-8.5,0.0,2.72,0.0
2025-02-11 06:45:00,-4.4,-8.5,0.0,2.83,0.0
2025-02-11 07:00:00,-4.5,-8.5,0.0,2.83,0.0
2025-02-11 07:15:00,-4.6,-8.4,0.0,2.92,0.0
2025-02-11 07:30:00,-4.7,-8.4,0.0,3.03,0.0
2025-02-11 07:45:00,-4.7,-8.3,0.0,3.03,0.0
2025-02-11 08:00:00,-4.8,-8.4,0.0,3.14,0.0
2025-02-11 08:15:00,-4.8,-8.4,0.0,3.14,0.0
2025-02-11 08:30:00,-4.8,-8.4,0.0,3.14,0.0
2025-02-11 08:45:00,-4.8,-8.4,0.0,3.17,0.0
2025-02-11 09:00:00,-4.8,-8.4,0.0,3.17,332.86
2025-02-11 09:15:00,-4.7,-8.4,0.0,3.17,848.23
2025-02-11 09:30:00,-4.6,-8.5,0.0,3.06,900.0
2025-02-11 09:45:00,-4.4,-8.5,0.0,2.97,900.0
2025-02-11 10:00:00,-4.1,-8.4,0.0,2.97,900.0
2025-02-11 10:15:00,-3.7,-8.4,0.0,2.97,900.0
2025-02-11 10:30:00,-3.2,-8.1,0.0,3.08,900.0
2025-02-11 10:45:00,-2.7,-8.0,0.0,3.11,900.0
2025-02-11 11:00:00,-2.2,-7.9,0.0,3.22,900.0
2025-02-11 11:15:00,-1.8,-7.9,0.0,3.25,900.0
2025-02-11 11:30:00,-1.4,-7.8,0.0,3.36,900.0
2025-02-11 11:45:00,-1.1,-7.9,0.0,3.39,900.0
2025-02-11 12:00:00,-0.7,-7.8,0.0,3.39,900.0
2025-02-11 12:15:00,-0.4,-7.7,0.0,3.36,900.0
2025-02-11 12:30:00,-0.1,-7.9,0.0,3.33,900.0
2025-02-11 12:45:00,0.2,-7.8,0.0,3.31,900.0
2025-02-11 13:00:00,0.5,-7.8,0.0,3.28,900.0
2025-02-11 13:15:00,0.9,-7.6,0.0,3.28,900.0
2025-02-11 13:30:00,1.3,-7.7,0.0,3.28,900.0
2025-02-11 13:45:00,1.7,-7.6,0.0,3.36,900.0
2025-02-11 14:00:00,2.1,-7.6,0.0,3.36,900.0
2025-02-11 14:15:00,2.3,-7.6,0.0,3.47,900.0
2025-02-11 14:30:00,2.5,-7.4,0.0,3.47,900.0
2025-02-11 14:45:00,2.6,-7.4,0.0,3.56,900.0
2025-02-11 15:00:00,2.7,-7.3,0.0,3.56,900.0
2025-02-11 15:15:00,2.8,-7.2,0.0,3.56,900.0
2025-02-11 15:30:00,2.9,-7.4,0.0,3.53,900.0
2025-02-11 15:45:00,2.9,-7.3,0.0,3.44,900.0
2025-02-11 16:00:00,2.9,-7.3,0.0,3.44,900.0
2025-02-11 16:15:00,2.9,-7.4,0.0,3.44,900.0
2025-02-11 16:30:00,2.8,-7.2,0.0,3.44,900.0
2025-02-11 16:45:00,2.6,-7.0,0.0,3.36,900.0
2025-02-11 17:00:00,2.4,-7.0,0.0,3.36,900.0
2025-02-11 17:15:00,2.2,-6.9,0.0,3.33,900.0
2025-02-11 17:30:00,1.9,-6.7,0.0,3.19,387.22
2025-02-11 17:45:00,1.5,-6.6,0.0,3.11,0.0
2025-02-11 18:00:00,1.2,-6.6,0.0,3.11,0.0
2025-02-11 18:15:00,0.9,-6.7,0.0,3.03,0.0
2025-02-11 18:30:00,0.6,-6.5,0.0,3.03,0.0
2025-02-11 18:45:00,0.3,-6.6,0.0,3.03,0.0
2025-02-11 19:00:00,0.0,-6.6,0.0,3.03,0.0
2025-02-11 19:15:00,-0.2,-6.9,0.0,3.22,0.0
2025-02-11 19:30:00,-0.4,-7.0,0.0,3.5,0.0
2025-02-11 19:45:00,-0.6,-7.2,0.0,3.72,0.0
2025-02-11 20:00:00,-0.8,-7.4,0.0,3.92,0.0
2025-02-11 20:15:00,-1.1,-7.5,0.0,4.0,0.0
2025-02-11 20:30:00,-1.3,-7.6,0.0,3.89,0.0
2025-02-11 20:45:00,-1.5,-7.7,0.0,3.92,0.0
2025-02-11 21:00:00,-1.7,-7.7,0.0,3.81,0.0
2025-02-11 21:15:00,-1.9,-7.6,0.0,3.72,0.0
2025-02-11 21:30:00,-2.0,-7.7,0.0,3.72,0.0
2025-02-11 21:45:00,-2.1,-7.8,0.0,3.64,0.0
2025-02-11 22:00:00,-2.2,-7.7,0.0,3.56,0.0
2025-02-11 22:15:00,-2.4,-7.7,0.0,3.47,0.0
2025-02-11 22:30:00,-2.6,-7.7,0.0,3.5,0.0
2025-02-11 22:45:00,-2.9,-7.8,0.0,3.5,0.0
2025-02-11 23:00:00,-3.1,-7.8,0.0,3.39,0.0
2025-02-11 23:15:00,-3.2,-7.8,0.0,3.33,0.0
2025-02-11 23:30:00,-3.4,-7.9,0.0,3.22,0.0
2025-02-11 23:45:00,-3.5,-8.0,0.0,3.17,0.0
2025-02-12 00:00:00,-3.6,-8.0,0.0,3.17,0.0
2025-02-12 00:15:00,-3.8,-7.9,0.0,3.22,0.0
2025-02-12 00:30:00,-4.0,-7.9,0.0,3.28,0.0
2025-02-12 00:45:00,-4.2,-8.1,0.0,3.44,0.0
2025-02-12 01:00:00,-4.3,-8.1,0.0,3.53,0.0
2025-02-12 01:15:00,-4.4,-8.0,0.0,3.56,0.0
2025-02-12 01:30:00,-4.5,-8.1,0.0,3.47,0.0
2025-02-12 01:45:00,-4.6,-8.1,0.0,3.5,0.0
2025-02-12 02:00:00,-4.7,-8.2,0.0,3.42,0.0
2025-02-12 02:15:00,-4.8,-8.1,0.0,3.42,0.0
2025-02-12 02:30:00,-5.0,-8.2,0.0,3.39,0.0
2025-02-12 02:45:00,-5.1,-8.2,0.0,3.36,0.0
2025-02-12 03:00:00,-5.2,-8.3,0.0,3.36,0.0
2025-02-12 03:15:00,-5.3,-8.2,0.0,3.25,0.0
2025-02-12 03:30:00,-5.4,-8.3,0.0,3.08,0.0
2025-02-12 03:45:00,-5.4,-8.2,0.0,3.0,0.0
2025-02-12 04:00:00,-5.5,-8.2,0.0,2.92,0.0
2025-02-12 04:15:00,-5.5,-8.3,0.0,2.92,0.0
2025-02-12 04:30:00,-5.6,-8.2,0.0,2.89,0.0
2025-02-12 04:45:00,-5.6,-8.2,0.0,2.97,0.0
2025-02-12 05:00:00,-5.6,-8.2,0.0,2.97,0.0
2025-02-12 05:15:00,-5.6,-8.2,0.0,2.86,0.0
2025-02-12 05:30:00,-5.6,-8.2,0.0,2.78,0.0
2025-02-12 05:45:00,-5.5,-8.3,0.0,2.69,0.0
2025-02-12 06:00:00,-5.5,-8.2,0.0,2.58,0.0
2025-02-12 06:15:00,-5.4,-8.1,0.0,2.5,0.0
2025-02-12 06:30:00,-5.3,-8.0,0.0,2.47,0.0
2025-02-12 06:45:00,-5.2,-8.1,0.0,2.47,0.0
2025-02-12 07:00:00,-5.0,-8.0,0.0,2.44,0.0
2025-02-12 07:15:00,-4.8,-7.8,0.0,2.44,0.0
2025-02-12 07:30:00,-4.6,-7.7,0.0,2.53,0.0
2025-02-12 07:45:00,-4.4,-7.5,0.0,2.53,0.0
2025-02-12 08:00:00,-4.2,-7.5,0.0,2.53,0.0
2025-02-12 08:15:00,-4.0,-7.4,0.0,2.53,0.0
2025-02-12 08:30:00,-3.8,-7.3,0.0,2.47,0.0
2025-02-12 08:45:00,-3.7,-7.3,0.0,2.56,0.0
2025-02-12 09:00:00,-3.5,-7.3,0.0,2.56,0.0
2025-02-12 09:15:00,-3.3,-7.3,0.0,2.64,0.0
2025-02-12 09:30:00,-3.0,-7.2,0.0,2.67,0.0
2025-02-12 09:45:00,-2.8,-7.1,0.0,2.78,0.0
2025-02-12 10:00:00,-2.6,-7.1,0.0,2.83,0.0
2025-02-12 10:15:00,-2.4,-7.0,0.0,2.92,0.0
2025-02-12 10:30:00,-2.3,-6.8,0.0,3.03,0.0
2025-02-12 10:45:00,-2.1,-6.7,0.0,3.14,0.0
2025-02-12 11:00:00,-1.9,-6.5,0.0,3.22,0.0
2025-02-12 11:15:00,-1.7,-6.4,0.0,3.22,0.0
2025-02-12 11:30:00,-1.4,-6.3,0.0,3.06,0.0
2025-02-12 11:45:00,-1.0,-6.2,0.0,3.03,0.0
2025-02-12 12:00:00,-0.7,-6.3,0.0,2.94,0.0
2025-02-12 12:15:00,-0.4,-6.4,0.0,2.86,0.0
2025-02-12 12:30:00,-0.1,-6.5,0.0,2.86,0.0
2025-02-12 12:45:00,0.2,-6.6,0.0,2.78,0.0
2025-02-12 13:00:00,0.6,-6.5,0.0,2.78,0.0
2025-02-12 13:15:00,0.9,-6.4,0.0,2.78,0.0
2025-02-12 13:30:00,1.3,-6.1,0.0,2.72,0.0
2025-02-12 13:45:00,1.7,-6.0,0.0,2.72,294.67
2025-02-12 14:00:00,2.0,-5.6,0.0,2.72,900.0
2025-02-12 14:15:00,2.4,-5.5,0.0,2.86,766.17
2025-02-12 14:30:00,2.7,-5.2,0.0,2.92,62.38
2025-02-12 14:45:00,3.0,-5.2,0.0,3.11,81.57
2025-02-12 15:00:00,3.2,-5.0,0.0,3.19,600.04
2025-02-12 15:15:00,3.3,-4.9,0.0,3.19,592.71
2025-02-12 15:30:00,3.3,-5.1,0.0,3.19,452.82
2025-02-12 15:45:00,3.3,-5.1,0.0,3.14,0.0
2025-02-12 16:00:00,3.3,-4.9,0.0,3.08,0.0
2025-02-12 16:15:00,3.2,-4.8,0.0,3.0,0.0
2025-02-12 16:30:00,3.0,-4.5,0.0,2.92,0.0
2025-02-12 16:45:00,2.8,-4.2,0.0,2.97,0.0
2025-02-12 17:00:00,2.7,-3.9,0.0,2.89,0.0
2025-02-12 17:15:00,2.5,-3.6,0.0,2.89,0.0
2025-02-12 17:30:00,2.3,-3.4,0.0,2.97,0.0
2025-02-12 17:45:00,2.2,-3.3,0.0,3.08,0.0
2025-02-12 18:00:00,2.0,-3.1,0.0,3.11,0.0
2025-02-12 18:15:00,1.9,-3.0,0.0,2.97,0.0
2025-02-12 18:30:00,1.7,-2.8,0.0,2.72,0.0
2025-02-12 18:45:00,1.6,-2.7,0.0,2.5,0.0
2025-02-12 19:00:00,1.5,-2.8,0.0,2.42,0.0
2025-02-12 19:15:00,1.5,-3.0,0.0,2.5,0.0
2025-02-12 19:30:00,1.5,-3.2,0.0,2.81,0.0
2025-02-12 19:45:00,1.5,-3.6,0.0,3.03,0.0
2025-02-12 20:00:00,1.4,-3.7,0.0,3.19,0.0
2025-02-12 20:15:00,1.3,-3.6,0.0,3.19,0.0
2025-02-12 20:30:00,1.2,-3.5,0.0,3.14,0.0
2025-02-12 20:45:00,1.1,-3.2,0.0,3.0,0.0
2025-02-12 21:00:00,0.9,-3.0,0.0,2.86,0.0
2025-02-12 21:15:00,0.8,-2.8,0.0,2.72,0.0
2025-02-12 21:30:00,0.6,-2.6,0.0,2.5,0.0
2025-02-12 21:45:00,0.5,-2.4,0.0,2.33,0.0
2025-02-12 22:00:00,0.4,-2.3,0.0,2.11,0.0
2025-02-12 22:15:00,0.4,-2.4,0.0,2.03,0.0
2025-02-12 22:30:00,0.4,-2.4,0.0,1.89,0.0
2025-02-12 22:45:00,0.4,-2.4,0.0,1.89,0.0
2025-02-12 23:00:00,0.4,-2.4,0.0,1.81,0.0
2025-02-12 23:15:00,0.3,-2.4,0.0,1.81,0.0
2025-02-12 23:30:00,0.3,-2.3,0.0,1.86,0.0
2025-02-12 23:45:00,0.2,-2.3,0.0,1.83,0.0
2025-02-13 00:00:00,0.2,-2.2,0.0,1.92,0.0
2025-02-13 00:15:00,0.1,-2.1,0.0,1.92,0.0
2025-02-13 00:30:00,0.0,-1.9,0.0,2.0,0.0
2025-02-13 00:45:00,-0.1,-1.7,0.1,2.03,0.0
2025-02-13 01:00:00,-0.1,-1.6,0.1,2.03,0.0
2025-02-13 01:15:00,-0.2,-1.5,0.0,1.94,0.0
2025-02-13 01:30:00,-0.3,-1.4,0.0,1.83,0.0
2025-02-13 01:45:00,-0.3,-1.3,0.1,1.78,0.0
2025-02-13 02:00:00,-0.3,-1.2,0.1,1.67,0.0
2025-02-13 02:15:00,-0.3,-1.2,0.1,1.53,0.0
2025-02-13 02:30:00,-0.3,-1.0,0.0,1.44,0.0
2025-02-13 02:45:00,-0.2,-0.9,0.0,1.36,0.0
2025-02-13 03:00:00,-0.2,-0.9,0.0,1.28,0.0
2025-02-13 03:15:00,-0.2,-0.9,0.0,1.33,0.0
2025-02-13 03:30:00,-0.3,-0.8,0.0,1.56,0.0
2025-02-13 03:45:00,-0.3,-0.8,0.0,1.78,0.0
2025-02-13 04:00:00,-0.3,-0.8,0.0,1.92,0.0
2025-02-13 04:15:00,-0.3,-0.8,0.0,1.97,0.0
2025-02-13 04:30:00,-0.2,-0.8,0.0,1.97,0.0
2025-02-13 04:45:00,-0.2,-0.8,0.0,2.06,0.0
2025-02-13 05:00:00,-0.2,-0.7,0.0,2.11,0.0
2025-02-13 05:15:00,-0.1,-0.7,0.0,2.19,0.0
2025-02-13 05:30:00,-0.1,-0.8,0.0,2.33,0.0
2025-02-13 05:45:00,-0.1,-0.8,0.0,2.56,0.0
2025-02-13 06:00:00,-0.1,-0.9,0.0,2.56,0.0
2025-02-13 06:15:00,-0.1,-0.9,0.0,2.47,0.0
2025-02-13 06:30:00,-0.0,-1.0,0.0,2.42,0.0
2025-02-13 06:45:00,-0.0,-1.0,0.0,2.25,0.0
2025-02-13 07:00:00,-0.0,-1.2,0.0,2.19,0.0
2025-02-13 07:15:00,-0.0,-1.2,0.0,2.19,0.0
2025-02-13 07:30:00,-0.0,-1.3,0.0,2.19,0.0
2025-02-13 07:45:00,-0.0,-1.3,0.0,2.19,0.0
2025-02-13 08:00:00,-0.0,-1.5,0.0,2.19,0.0
2025-02-13 08:15:00,-0.0,-1.6,0.0,2.19,0.0
2025-02-13 08:30:00,-0.0,-1.8,0.0,2.19,0.0
2025-02-13 08:45:00,-0.0,-1.9,0.0,2.14,0.0
2025-02-13 09:00:00,0.0,-2.1,0.0,2.14,0.0
2025-02-13 09:15:00,0.1,-2.1,0.0,2.14,0.0
2025-02-13 09:30:00,0.2,-2.0,0.0,2.06,0.0
2025-02-13 09:45:00,0.4,-2.0,0.0,1.97,0.0
2025-02-13 10:00:00,0.6,-2.0,0.0,1.92,0.0
2025-02-13 10:15:00,0.8,-2.0,0.0,1.78,0.0
2025-02-13 10:30:00,1.0,-2.1,0.0,1.78,0.0
2025-02-13 10:45:00,1.3,-2.0,0.0,1.64,0.0
2025-02-13 11:00:00,1.5,-1.9,0.0,1.56,91.03
2025-02-13 11:15:00,1.7,-1.9,0.0,1.5,0.0
2025-02-13 11:30:00,2.0,-1.6,0.0,1.5,0.0
2025-02-13 11:45:00,2.2,-1.5,0.0,1.5,0.0
2025-02-13 12:00:00,2.4,-1.4,0.0,1.5,0.0
2025-02-13 12:15:00,2.6,-1.4,0.0,1.5,0.0
2025-02-13 12:30:00,2.8,-1.4,0.0,1.58,64.41
2025-02-13 12:45:00,3.0,-1.4,0.0,1.53,0.0
2025-02-13 13:00:00,3.2,-1.4,0.0,1.61,468.38
2025-02-13 13:15:00,3.3,-1.3,0.0,1.67,448.78
2025-02-13 13:30:00,3.5,-1.1,0.0,1.78,191.77
2025-02-13 13:45:00,3.6,-0.8,0.0,1.83,232.99
2025-02-13 14:00:00,3.7,-0.7,0.0,1.92,0.0
2025-02-13 14:15:00,3.8,-0.6,0.0,1.92,0.0
2025-02-13 14:30:00,3.9,-0.5,0.0,1.83,168.09
2025-02-13 14:45:00,4.0,-0.6,0.0,1.83,0.0
2025-02-13 15:00:00,4.1,-0.5,0.0,1.69,0.0
2025-02-13 15:15:00,4.1,-0.5,0.0,1.5,0.0
2025-02-13 15:30:00,4.2,-0.4,0.0,1.22,0.0
2025-02-13 15:45:00,4.2,-0.4,0.0,0.81,0.0
2025-02-13 16:00:00,4.2,-0.2,0.0,0.64,0.0
2025-02-13 16:15:00,4.2,-0.1,0.0,0.64,0.0
2025-02-13 16:30:00,4.1,0.1,0.0,1.0,0.0
2025-02-13 16:45:00,4.1,0.4,0.0,1.44,0.0
2025-02-13 17:00:00,4.0,0.5,0.0,1.75,0.0
2025-02-13 17:15:00,3.9,0.6,0.0,1.83,0.0
2025-02-13 17:30:00,3.8,0.7,0.1,1.83,0.0
2025-02-13 17:45:00,3.8,0.6,0.1,1.61,0.0
2025-02-13 18:00:00,3.7,0.7,0.0,1.5,0.0
2025-02-13 18:15:00,3.6,0.8,0.0,1.33,0.0
2025-02-13 18:30:00,3.5,0.7,0.0,1.17,0.0
2025-02-13 18:45:00,3.5,0.7,0.1,1.14,0.0
2025-02-13 19:00:00,3.3,0.7,0.1,0.97,0.0
2025-02-13 19:15:00,3.1,0.7,0.2,0.61,0.0
2025-02-13 19:30:00,2.9,0.6,0.2,0.31,0.0
2025-02-13 19:45:00,2.7,0.7,0.2,0.78,0.0
2025-02-13 20:00:00,2.4,0.6,0.3,1.19,0.0
2025-02-13 20:15:00,2.1,0.6,0.3,1.42,0.0
2025-02-13 20:30:00,1.8,0.6,0.2,1.53,0.0
2025-02-13 20:45:00,1.4,0.6,0.2,1.67,0.0
2025-02-13 21:00:00,1.2,0.4,0.1,1.81,0.0
2025-02-13 21:15:00,1.0,0.3,0.1,1.97,0.0
2025-02-13 21:30:00,1.0,0.3,0.1,2.14,0.0
2025-02-13 21:45:00,1.0,0.1,0.1,2.22,0.0
2025-02-13 22:00:00,0.9,0.1,0.0,2.42,0.0
2025-02-13 22:15:00,0.9,0.1,0.0,2.64,0.0
2025-02-13 22:30:00,0.9,0.1,0.0,2.78,0.0
2025-02-13 22:45:00,0.9,-0.1,0.0,3.0,0.0
2025-02-13 23:00:00,0.9,-0.1,0.0,3.22,0.0
2025-02-13 23:15:00,0.8,-0.2,0.0,3.44,0.0
2025-02-13 23:30:00,0.7,-0.4,0.0,3.67,0.0
2025-02-13 23:45:00,0.6,-0.6,0.0,3.94,0.0
2025-02-14 00:00:00,0.5,-0.8,0.0,4.06,0.0
2025-02-14 00:15:00,0.4,-1.1,0.0,4.11,0.0
2025-02-14 00:30:00,0.2,-1.2,0.0,4.11,0.0
2025-02-14 00:45:00,0.1,-1.5,0.0,3.97,0.0
2025-02-14 01:00:00,-0.0,-1.6,0.0,3.97,0.0
2025-02-14 01:15:00,-0.1,-1.7,0.0,3.97,0.0
2025-02-14 01:30:00,-0.1,-1.9,0.0,3.97,0.0
2025-02-14 01:45:00,-0.2,-1.9,0.0,4.0,0.0
2025-02-14 02:00:00,-0.2,-2.0,0.0,4.03,0.0
2025-02-14 02:15:00,-0.3,-2.0,0.0,4.06,0.0
2025-02-14 02:30:00,-0.3,-2.1,0.0,4.03,0.0
2025-02-14 02:45:00,-0.3,-2.1,0.0,4.06,0.0
2025-02-14 03:00:00,-0.4,-2.1,0.0,4.0,0.0
2025-02-14 03:15:00,-0.4,-2.2,0.0,3.89,0.0
2025-02-14 03:30:00,-0.5,-2.2,0.0,3.89,0.0
2025-02-14 03:45:00,-0.5,-2.2,0.0,3.78,0.0
2025-02-14 04:00:00,-0.5,-2.3,0.0,3.78,0.0
2025-02-14 04:15:00,-0.5,-2.3,0.0,3.78,0.0
2025-02-14 04:30:00,-0.6,-2.2,0.0,3.72,0.0
2025-02-14 04:45:00,-0.6,-2.2,0.0,3.64,0.0
2025-02-14 05:00:00,-0.6,-2.2,0.0,3.64,0.0
2025-02-14 05:15:00,-0.6,-2.2,0.0,3.56,0.0
2025-02-14 05:30:00,-0.6,-2.2,0.0,3.5,0.0
2025-02-14 05:45:00,-0.6,-2.2,0.0,3.42,0.0
2025-02-14 06:00:00,-0.6,-2.2,0.0,3.33,0.0
2025-02-14 06:15:00,-0.6,-2.2,0.0,3.33,0.0
2025-02-14 06:30:00,-0.6,-2.1,0.0,3.36,0.0
2025-02-14 06:45:00,-0.7,-2.1,0.0,3.31,0.0
2025-02-14 07:00:00,-0.7,-2.1,0.0,3.31,0.0
2025-02-14 07:15:00,-0.7,-2.1,0.0,3.22,0.0
2025-02-14 07:30:00,-0.7,-2.3,0.0,3.14,0.0
2025-02-14 07:45:00,-0.7,-2.3,0.0,3.03,0.0
2025-02-14 08:00:00,-0.7,-2.5,0.0,3.0,0.0
2025-02-14 08:15:00,-0.8,-2.5,0.0,3.11,0.0
2025-02-14 08:30:00,-0.8,-2.6,0.0,3.36,0.0
2025-02-14 08:45:00,-0.9,-2.8,0.0,3.61,0.0
2025-02-14 09:00:00,-0.9,-2.8,0.0,3.67,0.0
2025-02-14 09:15:00,-1.0,-2.9,0.0,3.61,0.0
2025-02-14 09:30:00,-1.0,-3.0,0.0,3.42,0.0
2025-02-14 09:45:00,-1.0,-3.2,0.0,3.25,0.0
2025-02-14 10:00:00,-1.0,-3.2,0.0,3.08,64.71
2025-02-14 10:15:00,-1.0,-3.2,0.0,3.0,0.0
2025-02-14 10:30:00,-1.0,-3.2,0.0,2.86,0.0
2025-02-14 10:45:00,-1.0,-3.4,0.0,2.83,0.0
2025-02-14 11:00:00,-1.0,-3.4,0.0,2.78,0.0
2025-02-14 11:15:00,-1.0,-3.5,0.0,2.89,0.0
2025-02-14 11:30:00,-0.9,-3.5,0.0,3.19,0.0
2025-02-14 11:45:00,-0.9,-3.6,0.0,3.42,0.0
2025-02-14 12:00:00,-0.9,-3.7,0.0,3.56,0.0
2025-02-14 12:15:00,-0.8,-3.6,0.0,3.56,0.0
2025-02-14 12:30:00,-0.7,-3.7,0.0,3.5,0.0
2025-02-14 12:45:00,-0.6,-3.6,0.0,3.39,0.0
2025-02-14 13:00:00,-0.5,-3.7,0.0,3.39,0.0
2025-02-14 13:15:00,-0.5,-3.9,0.0,3.5,0.0
2025-02-14 13:30:00,-0.5,-4.2,0.0,3.72,0.0
2025-02-14 13:45:00,-0.5,-4.4,0.0,3.89,0.0
2025-02-14 14:00:00,-0.5,-4.6,0.0,4.0,0.0
2025-02-14 14:15:00,-0.5,-4.6,0.0,4.08,0.0
2025-02-14 14:30:00,-0.5,-4.6,0.0,4.06,0.0
2025-02-14 14:45:00,-0.5,-4.4,0.0,4.03,0.0
2025-02-14 15:00:00,-0.5,-4.4,0.0,3.97,0.0
2025-02-14 15:15:00,-0.6,-4.7,0.0,3.94,0.0
2025-02-14 15:30:00,-0.6,-4.7,0.0,3.92,0.0
2025-02-14 15:45:00,-0.6,-4.9,0.0,3.89,0.0
2025-02-14 16:00:00,-0.6,-5.1,0.0,3.86,0.0
2025-02-14 16:15:00,-0.6,-5.1,0.0,3.78,0.0
2025-02-14 16:30:00,-0.6,-5.0,0.0,3.75,0.0
2025-02-14 16:45:00,-0.5,-5.0,0.0,3.61,0.0
2025-02-14 17:00:00,-0.5,-5.0,0.0,3.56,0.0
2025-02-14 17:15:00,-0.5,-5.0,0.0,3.44,183.14
2025-02-14 17:30:00,-0.5,-5.0,0.0,3.39,0.0
2025-02-14 17:45:00,-0.5,-5.0,0.0,3.36,0.0
2025-02-14 18:00:00,-0.5,-4.8,0.0,3.25,0.0
2025-02-14 18:15:00,-0.6,-4.7,0.0,3.11,0.0
2025-02-14 18:30:00,-0.7,-4.4,0.0,2.92,0.0
2025-02-14 18:45:00,-0.7,-4.1,0.0,2.83,0.0
2025-02-14 19:00:00,-0.8,-4.0,0.0,2.78,0.0
2025-02-14 19:15:00,-0.9,-4.0,0.0,2.78,0.0
2025-02-14 19:30:00,-1.0,-4.1,0.0,2.78,0.0
2025-02-14 19:45:00,-1.1,-4.1,0.0,2.75,0.0
2025-02-14 20:00:00,-1.2,-4.2,0.0,2.75,0.0
2025-02-14 20:15:00,-1.2,-4.2,0.0,2.69,0.0
2025-02-14 20:30:00,-1.3,-4.2,0.0,2.61,0.0
2025-02-14 20:45:00,-1.4,-4.2,0.0,2.56,0.0
2025-02-14 21:00:00,-1.4,-4.1,0.0,2.56,0.0
2025-02-14 21:15:00,-1.5,-4.0,0.0,2.61,0.0
2025-02-14 21:30:00,-1.6,-3.9,0.0,2.69,0.0
2025-02-14 21:45:00,-1.6,-3.8,0.0,2.83,0.0
2025-02-14 22:00:00,-1.7,-3.7,0.0,2.83,0.0
2025-02-14 22:15:00,-1.7,-3.6,0.0,2.75,0.0
2025-02-14 22:30:00,-1.6,-3.4,0.0,2.69,0.0
2025-02-14 22:45:00,-1.6,-3.2,0.0,2.56,0.0
2025-02-14 23:00:00,-1.6,-3.0,0.0,2.47,0.0
2025-02-14 23:15:00,-1.6,-3.1,0.0,2.47,0.0
2025-02-14 23:30:00,-1.7,-3.2,0.0,2.47,0.0
2025-02-14 23:45:00,-1.8,-3.2,0.0,2.42,0.0
2025-02-15 00:00:00,-1.9,-3.3,0.0,2.42,0.0
2025-02-15 00:15:00,-1.9,-3.4,0.0,2.42,0.0
2025-02-15 00:30:00,-2.0,-3.5,0.0,2.33,0.0
2025-02-15 00:45:00,-2.1,-3.5,0.0,2.25,0.0
2025-02-15 01:00:00,-2.1,-3.5,0.0,2.25,0.0
2025-02-15 01:15:00,-2.0,-3.5,0.0,2.25,0.0
2025-02-15 01:30:00,-1.9,-3.4,0.0,2.19,0.0
2025-02-15 01:45:00,-1.9,-3.3,0.0,2.14,0.0
2025-02-15 02:00:00,-1.8,-3.3,0.0,2.14,0.0
2025-02-15 02:15:00,-1.9,-3.3,0.0,2.14,0.0
2025-02-15 02:30:00,-1.9,-3.2,0.0,2.19,0.0
2025-02-15 02:45:00,-2.0,-3.3,0.0,2.19,0.0
2025-02-15 03:00:00,-2.1,-3.4,0.0,2.19,0.0
2025-02-15 03:15:00,-2.2,-3.6,0.0,2.14,0.0
2025-02-15 03:30:00,-2.2,-3.7,0.0,2.14,0.0
2025-02-15 03:45:00,-2.3,-3.9,0.0,2.06,0.0
2025-02-15 04:00:00,-2.3,-4.1,0.0,1.97,0.0
2025-02-15 04:15:00,-2.4,-4.1,0.0,1.92,0.0
2025-02-15 04:30:00,-2.4,-4.2,0.0,1.83,0.0
2025-02-15 04:45:00,-2.5,-4.3,0.0,1.78,0.0
2025-02-15 05:00:00,-2.6,-4.3,0.0,1.72,0.0
2025-02-15 05:15:00,-2.6,-4.4,0.0,1.72,0.0
2025-02-15 05:30:00,-2.7,-4.4,0.0,1.69,0.0
2025-02-15 05:45:00,-2.8,-4.3,0.0,1.69,0.0
2025-02-15 06:00:00,-2.8,-4.4,0.0,1.78,0.0
2025-02-15 06:15:00,-2.9,-4.4,0.0,1.78,0.0
2025-02-15 06:30:00,-3.0,-4.5,0.0,1.92,0.0
2025-02-15 06:45:00,-3.0,-4.4,0.0,1.92,0.0
2025-02-15 07:00:00,-3.1,-4.5,0.0,1.92,0.0
2025-02-15 07:15:00,-3.1,-4.4,0.0,1.83,0.0
2025-02-15 07:30:00,-3.1,-4.4,0.0,1.78,0.0
2025-02-15 07:45:00,-3.2,-4.3,0.0,1.67,0.0
2025-02-15 08:00:00,-3.2,-4.3,0.0,1.56,0.0
2025-02-15 08:15:00,-3.2,-4.3,0.0,1.44,0.0
2025-02-15 08:30:00,-3.1,-4.4,0.0,1.31,0.0
2025-02-15 08:45:00,-3.1,-4.5,0.0,1.33,0.0
2025-02-15 09:00:00,-3.1,-4.5,0.0,1.39,118.08
2025-02-15 09:15:00,-3.0,-4.4,0.0,1.5,348.4
2025-02-15 09:30:00,-3.0,-4.3,0.0,1.5,493.58
2025-02-15 09:45:00,-2.9,-4.2,0.0,1.53,707.46
2025-02-15 10:00:00,-2.9,-4.2,0.0,1.61,148.17
2025-02-15 10:15:00,-2.8,-4.1,0.0,1.61,0.0
2025-02-15 10:30:00,-2.6,-4.1,0.0,1.61,0.0
2025-02-15 10:45:00,-2.5,-4.1,0.0,1.5,65.78
2025-02-15 11:00:00,-2.4,-4.1,0.0,1.5,0.0
2025-02-15 11:15:00,-2.2,-4.1,0.0,1.5,0.0
2025-02-15 11:30:00,-2.1,-4.3,0.0,1.61,0.0
2025-02-15 11:45:00,-1.9,-4.3,0.0,1.61,470.71
2025-02-15 12:00:00,-1.8,-4.5,0.0,1.61,730.19
2025-02-15 12:15:00,-1.6,-4.5,0.0,1.61,822.09
2025-02-15 12:30:00,-1.5,-4.7,0.0,1.5,900.0
2025-02-15 12:45:00,-1.3,-4.7,0.0,1.44,900.0
2025-02-15 13:00:00,-1.1,-4.7,0.0,1.44,900.0
2025-02-15 13:15:00,-0.9,-4.6,0.0,1.58,900.0
2025-02-15 13:30:00,-0.6,-4.5,0.0,1.81,900.0
2025-02-15 13:45:00,-0.4,-4.5,0.0,1.94,900.0
2025-02-15 14:00:00,-0.2,-4.6,0.0,2.03,900.0
2025-02-15 14:15:00,-0.0,-5.0,0.0,2.0,900.0
2025-02-15 14:30:00,0.1,-5.5,0.0,1.83,846.07
2025-02-15 14:45:00,0.2,-6.3,0.0,1.81,855.12
2025-02-15 15:00:00,0.3,-6.6,0.0,1.69,900.0
2025-02-15 15:15:00,0.4,-6.7,0.0,1.72,900.0
2025-02-15 15:30:00,0.4,-6.7,0.0,1.72,900.0
2025-02-15 15:45:00,0.5,-6.6,0.0,1.78,618.91
2025-02-15 16:00:00,0.5,-6.6,0.0,1.81,247.97
2025-02-15 16:15:00,0.4,-6.7,0.0,1.83,64.19
2025-02-15 16:30:00,0.3,-6.8,0.0,1.89,0.0
2025-02-15 16:45:00,0.2,-6.9,0.0,1.92,0.0
2025-02-15 17:00:00,0.1,-7.0,0.0,1.97,0.0
2025-02-15 17:15:00,-0.1,-7.1,0.0,2.14,0.0
2025-02-15 17:30:00,-0.2,-7.3,0.0,2.33,0.0
2025-02-15 17:45:00,-0.4,-7.2,0.0,2.61,0.0
2025-02-15 18:00:00,-0.5,-7.4,0.0,2.69,0.0
2025-02-15 18:15:00,-0.6,-7.2,0.0,2.56,0.0
2025-02-15 18:30:00,-0.7,-7.3,0.0,2.28,0.0
2025-02-15 18:45:00,-0.8,-7.2,0.0,1.92,0.0
2025-02-15 19:00:00,-0.9,-7.1,0.0,1.69,0.0
2025-02-15 19:15:00,-1.0,-6.9,0.0,1.56,0.0
2025-02-15 19:30:00,-1.1,-6.9,0.0,1.42,0.0
2025-02-15 19:45:00,-1.3,-6.8,0.0,1.33,0.0
2025-02-15 20:00:00,-1.4,-6.7,0.0,1.28,0.0
2025-02-15 20:15:00,-1.4,-6.6,0.0,1.14,0.0
2025-02-15 20:30:00,-1.5,-6.4,0.0,1.06,0.0
2025-02-15 20:45:00,-1.5,-6.4,0.0,1.0,0.0
2025-02-15 21:00:00,-1.5,-6.3,0.0,0.92,0.0
2025-02-15 21:15:00,-1.6,-6.2,0.0,0.86,0.0
2025-02-15 21:30:00,-1.6,-6.0,0.0,0.86,0.0
2025-02-15 21:45:00,-1.6,-5.8,0.0,0.86,0.0
2025-02-15 22:00:00,-1.7,-5.7,0.0,0.86,0.0
2025-02-15 22:15:00,-1.8,-5.5,0.0,0.92,0.0
2025-02-15 22:30:00,-1.8,-5.3,0.0,1.14,0.0
2025-02-15 22:45:00,-1.9,-5.1,0.0,1.33,0.0
2025-02-15 23:00:00,-2.0,-4.9,0.0,1.42,0.0
2025-02-15 23:15:00,-2.1,-4.7,0.0,1.36,0.0
2025-02-15 23:30:00,-2.2,-4.5,0.0,1.22,0.0
2025-02-15 23:45:00,-2.2,-4.4,0.0,1.08,0.0
2025-02-16 00:00:00,-2.3,-4.3,0.0,1.08,0.0
2025-02-16 00:15:00,-2.3,-4.2,0.0,1.08,0.0
2025-02-16 00:30:00,-2.4,-4.3,0.0,1.22,0.0
2025-02-16 00:45:00,-2.4,-4.1,0.0,1.36,0.0
2025-02-16 01:00:00,-2.4,-4.2,0.0,1.42,0.0
2025-02-16 01:15:00,-2.5,-4.2,0.0,1.5,0.0
2025-02-16 01:30:00,-2.5,-4.3,0.0,1.56,0.0
2025-02-16 01:45:00,-2.6,-4.5,0.0,1.64,0.0
2025-02-16 02:00:00,-2.6,-4.5,0.0,1.64,0.0
2025-02-16 02:15:00,-2.7,-4.6,0.0,1.64,0.0
2025-02-16 02:30:00,-2.7,-4.6,0.0,1.64,0.0
2025-02-16 02:45:00,-2.7,-4.6,0.0,1.56,0.0
2025-02-16 03:00:00,-2.7,-4.6,0.0,1.56,0.0
2025-02-16 03:15:00,-2.8,-4.7,0.0,1.56,0.0
2025-02-16 03:30:00,-2.8,-4.5,0.0,1.5,0.0
2025-02-16 03:45:00,-2.8,-4.4,0.0,1.5,0.0
2025-02-16 04:00:00,-2.9,-4.4,0.0,1.5,0.0
2025-02-16 04:15:00,-2.9,-4.5,0.0,1.5,0.0
2025-02-16 04:30:00,-3.0,-4.4,0.0,1.5,0.0
2025-02-16 04:45:00,-3.0,-4.4,0.0,1.56,0.0
2025-02-16 05:00:00,-3.0,-4.4,0.0,1.56,0.0
2025-02-16 05:15:00,-3.0,-4.4,0.0,1.64,0.0
2025-02-16 05:30:00,-3.1,-4.5,0.0,1.78,0.0
2025-02-16 05:45:00,-3.1,-4.6,0.0,1.78,0.0
2025-02-16 06:00:00,-3.1,-4.7,0.0,1.83,0.0
2025-02-16 06:15:00,-3.2,-4.8,0.0,1.83,0.0
2025-02-16 06:30:00,-3.3,-4.9,0.0,1.83,0.0
2025-02-16 06:45:00,-3.4,-5.0,0.0,1.83,0.0
2025-02-16 07:00:00,-3.5,-5.0,0.0,1.83,0.0
2025-02-16 07:15:00,-3.5,-5.0,0.0,1.78,0.0
2025-02-16 07:30:00,-3.4,-4.9,0.0,1.64,0.0
2025-02-16 07:45:00,-3.3,-4.9,0.0,1.5,0.0
2025-02-16 08:00:00,-3.3,-4.8,0.0,1.42,0.0
2025-02-16 08:15:00,-3.3,-4.9,0.0,1.42,0.0
2025-02-16 08:30:00,-3.4,-4.8,0.0,1.5,0.0
2025-02-16 08:45:00,-3.4,-4.8,0.0,1.56,0.0
2025-02-16 09:00:00,-3.5,-4.9,0.0,1.61,0.0
2025-02-16 09:15:00,-3.5,-5.0,0.0,1.56,12.6
2025-02-16 09:30:00,-3.4,-5.1,0.0,1.53,342.04
2025-02-16 09:45:00,-3.4,-5.2,0.0,1.42,503.22
2025-02-16 10:00:00,-3.3,-5.3,0.0,1.42,900.0
2025-02-16 10:15:00,-3.2,-5.4,0.0,1.53,900.0
2025-02-16 10:30:00,-3.1,-5.3,0.0,1.64,900.0
2025-02-16 10:45:00,-3.0,-5.2,0.0,1.81,841.85
2025-02-16 11:00:00,-2.9,-5.2,0.0,1.94,900.0
2025-02-16 11:15:00,-2.7,-5.2,0.0,2.03,0.0
2025-02-16 11:30:00,-2.6,-5.4,0.0,2.11,0.0
2025-02-16 11:45:00,-2.5,-5.6,0.0,2.11,32.15
2025-02-16 12:00:00,-2.3,-5.7,0.0,2.22,213.29
2025-02-16 12:15:00,-2.2,-5.7,0.0,2.25,3.69
2025-02-16 12:30:00,-2.1,-5.8,0.0,2.39,0.0
2025-02-16 12:45:00,-1.9,-5.8,0.0,2.47,173.58
2025-02-16 13:00:00,-1.8,-5.8,0.0,2.36,0.0
2025-02-16 13:15:00,-1.5,-5.7,0.0,2.14,83.57
2025-02-16 13:30:00,-1.3,-5.7,0.0,1.75,85.42
2025-02-16 13:45:00,-1.0,-5.6,0.0,1.39,124.22
2025-02-16 14:00:00,-0.8,-5.6,0.0,1.25,0.0
2025-02-16 14:15:00,-0.7,-5.7,0.0,1.31,900.0
2025-02-16 14:30:00,-0.6,-5.8,0.0,1.58,900.0
2025-02-16 14:45:00,-0.6,-6.0,0.0,1.97,900.0
2025-02-16 15:00:00,-0.6,-6.0,0.0,2.17,900.0
2025-02-16 15:15:00,-0.6,-5.8,0.0,2.17,900.0
2025-02-16 15:30:00,-0.7,-5.7,0.0,2.14,900.0
2025-02-16 15:45:00,-0.8,-5.6,0.0,2.03,900.0
2025-02-16 16:00:00,-0.8,-5.6,0.0,2.03,900.0
2025-02-16 16:15:00,-0.7,-5.7,0.0,2.03,900.0
2025-02-16 16:30:00,-0.6,-6.0,0.0,2.03,900.0
2025-02-16 16:45:00,-0.5,-6.3,0.0,2.06,347.56
2025-02-16 17:00:00,-0.5,-6.5,0.0,2.06,282.3
2025-02-16 17:15:00,-0.6,-6.6,0.0,2.17,0.0
2025-02-16 17:30:00,-0.7,-6.5,0.0,2.36,124.83
2025-02-16 17:45:00,-0.9,-6.2,0.0,2.44,0.0
2025-02-16 18:00:00,-1.0,-6.2,0.0,2.56,0.0
2025-02-16 18:15:00,-1.1,-6.1,0.0,2.56,0.0
2025-02-16 18:30:00,-1.2,-6.0,0.0,2.53,0.0
2025-02-16 18:45:00,-1.3,-5.9,0.0,2.53,0.0
2025-02-16 19:00:00,-1.5,-5.9,0.0,2.44,0.0
2025-02-16 19:15:00,-1.7,-5.7,0.0,2.28,0.0
2025-02-16 19:30:00,-1.9,-5.4,0.0,2.17,0.0
2025-02-16 19:45:00,-2.1,-5.1,0.0,1.97,0.0
2025-02-16 20:00:00,-2.3,-5.0,0.0,1.92,0.0
2025-02-16 20:15:00,-2.4,-4.9,0.0,1.92,0.0
2025-02-16 20:30:00,-2.5,-4.8,0.0,1.92,0.0
2025-02-16 20:45:00,-2.5,-4.9,0.0,1.83,0.0
2025-02-16 21:00:00,-2.6,-4.9,0.0,1.83,0.0
2025-02-16 21:15:00,-2.6,-5.0,0.0,1.69,0.0
2025-02-16 21:30:00,-2.7,-5.0,0.0,1.64,0.0
2025-02-16 21:45:00,-2.7,-5.2,0.0,1.5,0.0
2025-02-16 22:00:00,-2.8,-5.3,0.0,1.42,0.0
2025-02-16 22:15:00,-2.9,-5.4,0.0,1.36,0.0
2025-02-16 22:30:00,-3.0,-5.4,0.0,1.25,0.0
2025-02-16 22:45:00,-3.2,-5.5,0.0,1.19,0.0
2025-02-16 23:00:00,-3.3,-5.6,0.0,1.17,0.0
2025-02-16 23:15:00,-3.4,-5.7,0.0,1.17,0.0
2025-02-16 23:30:00,-3.4,-5.9,0.0,1.17,0.0
2025-02-16 23:45:00,-3.5,-6.0,0.0,1.11,0.0
2025-02-17 00:00:00,-3.5,-6.2,0.0,1.11,0.0
2025-02-17 00:15:00,-3.6,-6.2,0.0,1.11,0.0
2025-02-17 00:30:00,-3.6,-6.4,0.0,1.08,0.0
2025-02-17 00:45:00,-3.6,-6.4,0.0,0.94,0.0
2025-02-17 01:00:00,-3.7,-6.7,0.0,0.94,0.0
2025-02-17 01:15:00,-3.9,-7.0,0.0,0.94,0.0
2025-02-17 01:30:00,-4.2,-7.3,0.0,0.86,0.0
2025-02-17 01:45:00,-4.4,-7.6,0.0,0.86,0.0
2025-02-17 02:00:00,-4.6,-8.0,0.0,0.75,0.0
2025-02-17 02:15:00,-4.7,-8.3,0.0,0.67,0.0
2025-02-17 02:30:00,-4.7,-8.4,0.0,0.67,0.0
2025-02-17 02:45:00,-4.7,-8.5,0.0,0.58,0.0
2025-02-17 03:00:00,-4.7,-8.7,0.0,0.58,0.0
2025-02-17 03:15:00,-4.8,-8.9,0.0,0.58,0.0
2025-02-17 03:30:00,-4.8,-8.9,0.0,0.5,0.0
2025-02-17 03:45:00,-4.9,-9.0,0.0,0.5,0.0
2025-02-17 04:00:00,-4.9,-9.2,0.0,0.5,0.0
2025-02-17 04:15:00,-5.0,-9.5,0.0,0.44,0.0
2025-02-17 04:30:00,-5.1,-9.8,0.0,0.42,0.0
2025-02-17 04:45:00,-5.2,-10.2,0.0,0.39,0.0
2025-02-17 05:00:00,-5.3,-10.3,0.0,0.39,0.0
2025-02-17 05:15:00,-5.4,-10.2,0.0,0.39,0.0
2025-02-17 05:30:00,-5.4,-9.9,0.0,0.42,0.0
2025-02-17 05:45:00,-5.5,-9.6,0.0,0.53,0.0
2025-02-17 06:00:00,-5.5,-9.4,0.0,0.53,0.0
2025-02-17 06:15:00,-5.6,-9.3,0.0,0.53,0.0
2025-02-17 06:30:00,-5.7,-9.4,0.0,0.64,0.0
2025-02-17 06:45:00,-5.8,-9.5,0.0,0.64,0.0
2025-02-17 07:00:00,-5.9,-9.6,0.0,0.64,0.0
2025-02-17 07:15:00,-6.0,-9.9,0.0,0.5,0.0
2025-02-17 07:30:00,-6.2,-10.3,0.0,0.5,0.0
2025-02-17 07:45:00,-6.4,-10.7,0.0,0.36,0.0
2025-02-17 08:00:00,-6.5,-10.8,0.0,0.28,0.0
2025-02-17 08:15:00,-6.5,-10.8,0.0,0.11,0.0
2025-02-17 08:30:00,-6.5,-10.7,0.0,0.28,91.91
2025-02-17 08:45:00,-6.4,-10.4,0.0,0.64,593.05
2025-02-17 09:00:00,-6.4,-10.3,0.0,0.86,900.0
2025-02-17 09:15:00,-6.5,-10.0,0.0,1.0,900.0
2025-02-17 09:30:00,-6.6,-9.6,0.0,1.03,900.0
2025-02-17 09:45:00,-6.7,-9.3,0.0,1.06,900.0
2025-02-17 10:00:00,-6.7,-9.1,0.0,1.11,900.0
2025-02-17 10:15:00,-6.5,-9.1,0.0,1.11,900.0
2025-02-17 10:30:00,-6.1,-8.9,0.0,1.11,900.0
2025-02-17 10:45:00,-5.7,-9.0,0.0,1.11,900.0
2025-02-17 11:00:00,-5.4,-9.0,0.0,1.0,900.0
2025-02-17 11:15:00,-5.1,-9.0,0.0,0.92,900.0
2025-02-17 11:30:00,-4.8,-9.1,0.0,0.83,900.0
2025-02-17 11:45:00,-4.4,-9.3,0.0,0.72,900.0
2025-02-17 12:00:00,-4.1,-9.4,0.0,0.64,900.0
2025-02-17 12:15:00,-3.8,-9.6,0.0,0.5,900.0
2025-02-17 12:30:00,-3.4,-9.9,0.0,0.42,900.0
2025-02-17 12:45:00,-3.1,-10.0,0.0,0.31,900.0
2025-02-17 13:00:00,-2.8,-10.1,0.0,0.22,900.0
2025-02-17 13:15:00,-2.5,-9.9,0.0,0.22,900.0
2025-02-17 13:30:00,-2.1,-9.3,0.0,0.28,900.0
2025-02-17 13:45:00,-1.9,-8.8,0.0,0.28,900.0
2025-02-17 14:00:00,-1.6,-8.4,0.0,0.28,900.0
2025-02-17 14:15:00,-1.5,-8.3,0.0,0.28,900.0
2025-02-17 14:30:00,-1.4,-8.4,0.0,0.42,900.0
2025-02-17 14:45:00,-1.3,-8.3,0.0,0.42,900.0
2025-02-17 15:00:00,-1.2,-8.5,0.0,0.5,900.0
2025-02-17 15:15:00,-1.2,-8.4,0.0,0.58,900.0
2025-02-17 15:30:00,-1.2,-8.4,0.0,0.64,900.0
2025-02-17 15:45:00,-1.2,-8.6,0.0,0.69,900.0
2025-02-17 16:00:00,-1.2,-8.6,0.0,0.69,900.0
2025-02-17 16:15:00,-1.2,-8.9,0.0,0.64,900.0
2025-02-17 16:30:00,-1.2,-8.9,0.0,0.64,846.12
2025-02-17 16:45:00,-1.2,-9.1,0.0,0.67,718.54
2025-02-17 17:00:00,-1.2,-9.3,0.0,0.83,513.78
2025-02-17 17:15:00,-1.2,-9.4,0.0,0.92,0.0
2025-02-17 17:30:00,-1.3,-9.7,0.0,0.89,0.0
2025-02-17 17:45:00,-1.3,-9.7,0.0,1.0,0.0
2025-02-17 18:00:00,-1.4,-9.8,0.0,1.11,0.0
2025-02-17 18:15:00,-1.5,-9.8,0.0,1.31,0.0
2025-02-17 18:30:00,-1.6,-9.7,0.0,1.61,0.0
2025-02-17 18:45:00,-1.6,-9.5,0.0,1.81,0.0
2025-02-17 19:00:00,-1.8,-9.4,0.0,2.0,0.0
2025-02-17 19:15:00,-2.0,-9.2,0.0,2.11,0.0
2025-02-17 19:30:00,-2.3,-8.8,0.0,2.11,0.0
2025-02-17 19:45:00,-2.6,-8.7,0.0,2.11,0.0
2025-02-17 20:00:00,-2.8,-8.5,0.0,2.0,0.0
2025-02-17 20:15:00,-2.9,-8.4,0.0,1.92,0.0
2025-02-17 20:30:00,-3.0,-8.5,0.0,1.72,0.0
2025-02-17 20:45:00,-3.0,-8.7,0.0,1.61,0.0
2025-02-17 21:00:00,-3.1,-8.6,0.0,1.42,0.0
2025-02-17 21:15:00,-3.2,-8.3,0.0,1.33,0.0
2025-02-17 21:30:00,-3.4,-8.1,0.0,1.28,0.0
2025-02-17 21:45:00,-3.5,-7.9,0.0,1.19,0.0
2025-02-17 22:00:00,-3.7,-7.6,0.0,1.11,0.0
2025-02-17 22:15:00,-3.9,-7.7,0.0,1.03,0.0
2025-02-17 22:30:00,-4.0,-7.5,0.0,0.97,0.0
2025-02-17 22:45:00,-4.2,-7.5,0.0,0.83,0.0
2025-02-17 23:00:00,-4.4,-7.6,0.0,0.81,0.0
2025-02-17 23:15:00,-4.5,-7.7,0.0,0.81,0.0
2025-02-17 23:30:00,-4.5,-8.0,0.0,0.69,0.0
2025-02-17 23:45:00,-4.5,-8.1,0.0,0.75,0.0
2025-02-18 00:00:00,-4.6,-8.2,0.0,0.72,0.0
2025-02-18 00:15:00,-4.6,-8.2,0.0,0.69,0.0
2025-02-18 00:30:00,-4.7,-8.3,0.0,0.86,0.0
2025-02-18 00:45:00,-4.8,-8.2,0.0,0.89,0.0
2025-02-18 01:00:00,-4.8,-8.3,0.0,0.97,0.0
2025-02-18 01:15:00,-4.9,-8.3,0.0,1.08,0.0
2025-02-18 01:30:00,-4.9,-8.2,0.0,1.17,0.0
2025-02-18 01:45:00,-5.0,-8.1,0.0,1.28,0.0
2025-02-18 02:00:00,-5.1,-8.2,0.0,1.28,0.0
2025-02-18 02:15:00,-5.2,-8.3,0.0,1.31,0.0
2025-02-18 02:30:00,-5.2,-8.1,0.0,1.33,0.0
2025-02-18 02:45:00,-5.3,-8.2,0.0,1.33,0.0
2025-02-18 03:00:00,-5.4,-8.3,0.0,1.39,0.0
2025-02-18 03:15:00,-5.5,-8.6,0.0,1.39,0.0
2025-02-18 03:30:00,-5.6,-8.7,0.0,1.39,0.0
2025-02-18 03:45:00,-5.7,-8.9,0.0,1.44,0.0
2025-02-18 04:00:00,-5.8,-9.2,0.0,1.44,0.0
2025-02-18 04:15:00,-5.9,-9.3,0.0,1.53,0.0
2025-02-18 04:30:00,-6.0,-9.5,0.0,1.61,0.0
2025-02-18 04:45:00,-6.1,-9.6,0.0,1.61,0.0
2025-02-18 05:00:00,-6.2,-9.7,0.0,1.72,0.0
2025-02-18 05:15:00,-6.2,-9.8,0.0,1.72,0.0
2025-02-18 05:30:00,-6.3,-9.7,0.0,1.67,0.0
2025-02-18 05:45:00,-6.4,-9.6,0.0,1.67,0.0
2025-02-18 06:00:00,-6.4,-9.6,0.0,1.67,0.0
2025-02-18 06:15:00,-6.5,-9.7,0.0,1.67,0.0
2025-02-18 06:30:00,-6.6,-9.8,0.0,1.72,0.0
2025-02-18 06:45:00,-6.7,-10.0,0.0,1.72,0.0
2025-02-18 07:00:00,-6.8,-10.1,0.0,1.72,0.0
2025-02-18 07:15:00,-6.8,-10.2,0.0,1.72,0.0
2025-02-18 07:30:00,-6.9,-10.1,0.0,1.58,0.0
2025-02-18 07:45:00,-6.9,-10.1,0.0,1.58,0.0
2025-02-18 08:00:00,-6.9,-10.1,0.0,1.56,0.0
2025-02-18 08:15:00,-6.9,-10.1,0.0,1.56,0.0
2025-02-18 08:30:00,-6.9,-10.3,0.0,1.64,32.82
2025-02-18 08:45:00,-6.9,-10.5,0.0,1.72,529.58
2025-02-18 09:00:00,-6.9,-10.6,0.0,1.72,900.0
2025-02-18 09:15:00,-6.8,-10.7,0.0,1.72,900.0
2025-02-18 09:30:00,-6.7,-10.6,0.0,1.72,900.0
2025-02-18 09:45:00,-6.6,-10.6,0.0,1.72,900.0
2025-02-18 10:00:00,-6.4,-10.7,0.0,1.72,900.0
2025-02-18 10:15:00,-6.2,-10.6,0.0,1.72,900.0
2025-02-18 10:30:00,-5.9,-10.4,0.0,1.83,900.0
2025-02-18 10:45:00,-5.6,-10.2,0.0,1.83,900.0
2025-02-18 11:00:00,-5.3,-10.1,0.0,1.83,900.0
2025-02-18 11:15:00,-5.0,-10.0,0.0,1.83,900.0
2025-02-18 11:30:00,-4.6,-10.0,0.0,1.72,900.0
2025-02-18 11:45:00,-4.2,-9.8,0.0,1.75,900.0
2025-02-18 12:00:00,-3.9,-9.9,0.0,1.75,900.0
2025-02-18 12:15:00,-3.6,-10.0,0.0,1.83,900.0
2025-02-18 12:30:00,-3.3,-10.0,0.0,1.97,900.0
2025-02-18 12:45:00,-3.0,-10.1,0.0,2.06,900.0
2025-02-18 13:00:00,-2.7,-10.3,0.0,2.19,900.0
2025-02-18 13:15:00,-2.3,-10.4,0.0,2.31,900.0
2025-02-18 13:30:00,-1.9,-10.5,0.0,2.56,900.0
2025-02-18 13:45:00,-1.6,-10.4,0.0,2.69,900.0
2025-02-18 14:00:00,-1.3,-10.6,0.0,2.72,900.0
2025-02-18 14:15:00,-1.1,-11.0,0.0,2.69,900.0
2025-02-18 14:30:00,-0.9,-11.1,0.0,2.58,900.0
2025-02-18 14:45:00,-0.8,-11.3,0.0,2.56,900.0
2025-02-18 15:00:00,-0.7,-11.5,0.0,2.47,900.0
2025-02-18 15:15:00,-0.7,-11.4,0.0,2.39,900.0
2025-02-18 15:30:00,-0.6,-11.4,0.0,2.33,900.0
2025-02-18 15:45:00,-0.6,-11.4,0.0,2.33,900.0
2025-02-18 16:00:00,-0.6,-11.4,0.0,2.33,900.0
2025-02-18 16:15:00,-0.6,-11.6,0.0,2.47,900.0
2025-02-18 16:30:00,-0.6,-12.2,0.0,2.61,900.0
2025-02-18 16:45:00,-0.6,-12.5,0.0,2.67,900.0
2025-02-18 17:00:00,-0.6,-12.9,0.0,2.75,900.0
2025-02-18 17:15:00,-0.7,-12.6,0.0,2.75,900.0
2025-02-18 17:30:00,-0.8,-12.4,0.0,2.69,900.0
2025-02-18 17:45:00,-0.9,-11.9,0.0,2.69,424.45
2025-02-18 18:00:00,-1.0,-11.7,0.0,2.56,0.0
2025-02-18 18:15:00,-1.0,-11.5,0.0,2.42,0.0
2025-02-18 18:30:00,-1.1,-11.3,0.0,2.28,0.0
2025-02-18 18:45:00,-1.2,-11.1,0.0,2.14,0.0
2025-02-18 19:00:00,-1.3,-10.7,0.0,2.0,0.0
2025-02-18 19:15:00,-1.5,-10.4,0.0,1.89,0.0
2025-02-18 19:30:00,-1.8,-9.9,0.0,1.89,0.0
2025-02-18 19:45:00,-2.1,-9.7,0.0,1.78,0.0
2025-02-18 20:00:00,-2.3,-9.4,0.0,1.75,0.0
2025-02-18 20:15:00,-2.4,-9.4,0.0,1.72,0.0
2025-02-18 20:30:00,-2.5,-9.5,0.0,1.67,0.0
2025-02-18 20:45:00,-2.6,-9.6,0.0,1.64,0.0
2025-02-18 21:00:00,-2.7,-9.4,0.0,1.64,0.0
2025-02-18 21:15:00,-2.9,-9.4,0.0,1.61,0.0
2025-02-18 21:30:00,-3.0,-9.1,0.0,1.61,0.0
2025-02-18 21:45:00,-3.2,-8.9,0.0,1.61,0.0
2025-02-18 22:00:00,-3.4,-8.8,0.0,1.64,0.0
2025-02-18 22:15:00,-3.5,-8.8,0.0,1.64,0.0
2025-02-18 22:30:00,-3.7,-8.7,0.0,1.72,0.0
2025-02-18 22:45:00,-3.8,-8.7,0.0,1.81,0.0
2025-02-18 23:00:00,-3.9,-8.8,0.0,1.81,0.0
2025-02-18 23:15:00,-4.0,-8.8,0.0,1.81,0.0
2025-02-18 23:30:00,-4.0,-9.0,0.0,1.81,0.0
2025-02-18 23:45:00,-4.0,-9.1,0.0,1.69,0.0
2025-02-19 00:00:00,-4.0,-9.3,0.0,1.69,0.0
2025-02-19 00:15:00,-4.1,-9.3,0.0,1.69,0.0
2025-02-19 00:30:00,-4.1,-9.5,0.0,1.69,0.0
2025-02-19 00:45:00,-4.2,-9.6,0.0,1.61,0.0
2025-02-19 01:00:00,-4.2,-9.6,0.0,1.61,0.0
2025-02-19 01:15:00,-4.3,-9.7,0.0,1.61,0.0
2025-02-19 01:30:00,-4.5,-9.7,0.0,1.61,0.0
2025-02-19 01:45:00,-4.6,-9.6,0.0,1.5,0.0
2025-02-19 02:00:00,-4.7,-9.7,0.0,1.5,0.0
2025-02-19 02:15:00,-4.7,-9.7,0.0,1.42,0.0
2025-02-19 02:30:00,-4.7,-9.7,0.0,1.42,0.0
2025-02-19 02:45:00,-4.7,-9.9,0.0,1.31,0.0
2025-02-19 03:00:00,-4.7,-9.9,0.0,1.22,0.0
2025-02-19 03:15:00,-4.8,-10.0,0.0,1.11,0.0
2025-02-19 03:30:00,-4.8,-10.0,0.0,1.11,0.0
2025-02-19 03:45:00,-4.8,-9.8,0.0,1.03,0.0
2025-02-19 04:00:00,-4.9,-9.9,0.0,1.03,0.0
2025-02-19 04:15:00,-5.1,-9.9,0.0,1.03,0.0
2025-02-19 04:30:00,-5.3,-9.9,0.0,1.11,0.0
2025-02-19 04:45:00,-5.4,-9.9,0.0,1.11,0.0
2025-02-19 05:00:00,-5.6,-10.0,0.0,1.22,0.0
2025-02-19 05:15:00,-5.7,-10.1,0.0,1.31,0.0
2025-02-19 05:30:00,-5.7,-10.3,0.0,1.31,0.0
2025-02-19 05:45:00,-5.7,-10.5,0.0,1.42,0.0
2025-02-19 06:00:00,-5.8,-10.6,0.0,1.42,0.0
2025-02-19 06:15:00,-5.8,-10.6,0.0,1.42,0.0
2025-02-19 06:30:00,-5.9,-10.7,0.0,1.31,0.0
2025-02-19 06:45:00,-5.9,-10.7,0.0,1.22,0.0
2025-02-19 07:00:00,-6.0,-10.8,0.0,1.11,0.0
2025-02-19 07:15:00,-6.0,-10.9,0.0,1.11,0.0
2025-02-19 07:30:00,-6.0,-11.1,0.0,1.11,0.0
2025-02-19 07:45:00,-6.0,-11.3,0.0,1.11,0.0
2025-02-19 08:00:00,-5.9,-11.5,0.0,1.11,0.0
2025-02-19 08:15:00,-5.9,-11.5,0.0,1.0,7.18
2025-02-19 08:30:00,-5.9,-11.4,0.0,0.89,0.0
2025-02-19 08:45:00,-5.9,-11.4,0.0,0.81,472.35
2025-02-19 09:00:00,-5.8,-11.3,0.0,0.69,900.0
2025-02-19 09:15:00,-5.7,-11.2,0.0,0.64,900.0
2025-02-19 09:30:00,-5.6,-11.1,0.0,0.64,900.0
2025-02-19 09:45:00,-5.4,-10.9,0.0,0.72,900.0
2025-02-19 10:00:00,-5.1,-10.9,0.0,0.75,900.0
2025-02-19 10:15:00,-4.7,-10.9,0.0,0.64,900.0
2025-02-19 10:30:00,-4.2,-10.9,0.0,0.42,900.0
2025-02-19 10:45:00,-3.7,-11.0,0.0,0.22,900.0
2025-02-19 11:00:00,-3.2,-11.0,0.0,0.11,900.0
2025-02-19 11:15:00,-2.8,-10.8,0.0,0.19,900.0
2025-02-19 11:30:00,-2.4,-10.7,0.0,0.31,900.0
2025-02-19 11:45:00,-2.0,-10.6,0.0,0.5,900.0
2025-02-19 12:00:00,-1.7,-10.3,0.0,0.69,900.0
2025-02-19 12:15:00,-1.3,-9.9,0.0,0.81,900.0
2025-02-19 12:30:00,-1.0,-9.9,0.0,0.92,900.0
2025-02-19 12:45:00,-0.6,-9.5,0.0,0.92,900.0
2025-02-19 13:00:00,-0.3,-9.2,0.0,1.03,900.0
2025-02-19 13:15:00,0.1,-8.9,0.0,1.14,900.0
2025-02-19 13:30:00,0.5,-8.8,0.0,1.25,900.0
2025-02-19 13:45:00,0.8,-8.7,0.0,1.28,900.0
2025-02-19 14:00:00,1.1,-8.4,0.0,1.39,900.0
2025-02-19 14:15:00,1.3,-8.2,0.0,1.44,900.0
2025-02-19 14:30:00,1.5,-8.4,0.0,1.53,900.0
2025-02-19 14:45:00,1.6,-8.3,0.0,1.53,900.0
2025-02-19 15:00:00,1.7,-8.2,0.0,1.56,900.0
2025-02-19 15:15:00,1.7,-8.1,0.0,1.61,900.0
2025-02-19 15:30:00,1.8,-8.1,0.0,1.58,900.0
2025-02-19 15:45:00,1.8,-8.0,0.0,1.64,900.0
2025-02-19 16:00:00,1.8,-8.0,0.0,1.64,900.0
2025-02-19 16:15:00,1.8,-8.3,0.0,1.56,900.0
2025-02-19 16:30:00,1.8,-8.3,0.0,1.56,900.0
2025-02-19 16:45:00,1.8,-8.6,0.0,1.5,900.0
2025-02-19 17:00:00,1.7,-8.7,0.0,1.42,900.0
2025-02-19 17:15:00,1.6,-8.5,0.0,1.36,900.0
2025-02-19 17:30:00,1.4,-8.2,0.0,1.22,900.0
2025-02-19 17:45:00,1.1,-7.9,0.0,1.14,647.97
2025-02-19 18:00:00,0.9,-7.6,0.0,1.08,59.51
2025-02-19 18:15:00,0.6,-7.4,0.0,1.03,0.0
2025-02-19 18:30:00,0.4,-7.2,0.0,1.11,0.0
2025-02-19 18:45:00,0.1,-7.0,0.0,1.19,0.0
2025-02-19 19:00:00,-0.2,-7.0,0.0,1.19,0.0
2025-02-19 19:15:00,-0.5,-7.1,0.0,1.17,0.0
2025-02-19 19:30:00,-0.8,-7.4,0.0,1.22,0.0
2025-02-19 19:45:00,-1.1,-7.7,0.0,1.19,0.0
2025-02-19 20:00:00,-1.3,-7.9,0.0,1.19,0.0
2025-02-19 20:15:00,-1.5,-8.1,0.0,1.19,0.0
2025-02-19 20:30:00,-1.7,-8.2,0.0,1.28,0.0
2025-02-19 20:45:00,-1.8,-8.2,0.0,1.28,0.0
2025-02-19 21:00:00,-2.0,-8.3,0.0,1.28,0.0
2025-02-19 21:15:00,-2.2,-8.3,0.0,1.28,0.0
2025-02-19 21:30:00,-2.4,-8.5,0.0,1.28,0.0
2025-02-19 21:45:00,-2.6,-8.5,0.0,1.19,0.0
2025-02-19 22:00:00,-2.8,-8.5,0.0,1.19,0.0
2025-02-19 22:15:00,-3.1,-8.5,0.0,1.19,0.0
2025-02-19 22:30:00,-3.3,-8.4,0.0,1.19,0.0
2025-02-19 22:45:00,-3.5,-8.4,0.0,1.14,0.0
2025-02-19 23:00:00,-3.7,-8.4,0.0,1.14,0.0
2025-02-19 23:15:00,-3.9,-8.4,0.0,1.14,0.0
2025-02-19 23:30:00,-4.0,-8.5,0.0,1.14,0.0
2025-02-19 23:45:00,-4.1,-8.4,0.0,1.17,0.0
2025-02-20 00:00:00,-4.3,-8.6,0.0,1.17,0.0
2025-02-20 00:15:00,-4.4,-8.7,0.0,1.17,0.0
2025-02-20 00:30:00,-4.5,-8.8,0.0,1.19,0.0
2025-02-20 00:45:00,-4.6,-8.9,0.0,1.28,0.0
2025-02-20 01:00:00,-4.8,-8.9,0.0,1.28,0.0
2025-02-20 01:15:00,-5.0,-8.8,0.0,1.28,0.0
2025-02-20 01:30:00,-5.3,-8.7,0.0,1.28,0.0
2025-02-20 01:45:00,-5.6,-8.7,0.0,1.28,0.0
2025-02-20 02:00:00,-5.8,-8.5,0.0,1.28,0.0
2025-02-20 02:15:00,-5.9,-8.6,0.0,1.31,0.0
2025-02-20 02:30:00,-6.0,-8.7,0.0,1.39,0.0
2025-02-20 02:45:00,-6.0,-8.9,0.0,1.42,0.0
2025-02-20 03:00:00,-6.0,-8.9,0.0,1.5,0.0
2025-02-20 03:15:00,-6.1,-9.0,0.0,1.5,0.0
2025-02-20 03:30:00,-6.1,-9.0,0.0,1.33,0.0
2025-02-20 03:45:00,-6.2,-9.1,0.0,1.28,0.0
2025-02-20 04:00:00,-6.2,-9.1,0.0,1.22,0.0
2025-02-20 04:15:00,-6.3,-9.2,0.0,1.31,0.0
2025-02-20 04:30:00,-6.4,-9.1,0.0,1.39,0.0
2025-02-20 04:45:00,-6.5,-9.1,0.0,1.53,0.0
2025-02-20 05:00:00,-6.6,-9.2,0.0,1.61,0.0
2025-02-20 05:15:00,-6.7,-9.2,0.0,1.61,0.0
2025-02-20 05:30:00,-6.7,-9.1,0.0,1.53,0.0
2025-02-20 05:45:00,-6.8,-9.2,0.0,1.58,0.0
2025-02-20 06:00:00,-6.9,-9.3,0.0,1.5,0.0
2025-02-20 06:15:00,-7.0,-9.4,0.0,1.56,0.0
2025-02-20 06:30:00,-7.1,-9.5,0.0,1.56,0.0
2025-02-20 06:45:00,-7.3,-9.7,0.0,1.64,0.0
2025-02-20 07:00:00,-7.4,-9.6,0.0,1.64,0.0
2025-02-20 07:15:00,-7.5,-9.6,0.0,1.69,0.0
2025-02-20 07:30:00,-7.6,-9.4,0.0,1.86,0.0
2025-02-20 07:45:00,-7.8,-9.4,0.0,1.97,0.0
2025-02-20 08:00:00,-7.9,-9.4,0.0,2.06,0.0
2025-02-20 08:15:00,-8.0,-9.3,0.0,2.06,0.0
2025-02-20 08:30:00,-8.1,-9.4,0.0,1.97,0.0
2025-02-20 08:45:00,-8.1,-9.3,0.0,1.94,183.13
2025-02-20 09:00:00,-8.0,-9.4,0.0,1.94,748.31
2025-02-20 09:15:00,-7.8,-9.3,0.0,1.94,900.0
2025-02-20 09:30:00,-7.5,-9.4,0.0,1.94,900.0
2025-02-20 09:45:00,-7.0,-9.3,0.0,2.03,900.0
2025-02-20 10:00:00,-6.4,-9.2,0.0,2.03,900.0
2025-02-20 10:15:00,-5.6,-8.9,0.0,2.17,900.0
2025-02-20 10:30:00,-4.7,-8.6,0.0,2.17,900.0
2025-02-20 10:45:00,-3.6,-8.3,0.0,2.31,900.0
2025-02-20 11:00:00,-2.8,-8.1,0.0,2.44,900.0
2025-02-20 11:15:00,-2.1,-8.0,0.0,2.53,900.0
2025-02-20 11:30:00,-1.4,-7.8,0.0,2.61,900.0
2025-02-20 11:45:00,-0.9,-7.7,0.0,2.75,900.0
2025-02-20 12:00:00,-0.4,-7.7,0.0,2.83,900.0
2025-02-20 12:15:00,0.1,-7.7,0.0,2.89,900.0
2025-02-20 12:30:00,0.4,-7.6,0.0,2.89,900.0
2025-02-20 12:45:00,0.8,-7.7,0.0,2.86,900.0
2025-02-20 13:00:00,1.1,-7.7,0.0,2.92,900.0
2025-02-20 13:15:00,1.5,-7.8,0.0,2.97,900.0
2025-02-20 13:30:00,1.8,-7.8,0.0,3.11,900.0
2025-02-20 13:45:00,2.1,-8.0,0.0,3.19,900.0
2025-02-20 14:00:00,2.4,-8.1,0.0,3.25,900.0
2025-02-20 14:15:00,2.6,-8.2,0.0,3.33,900.0
2025-02-20 14:30:00,2.7,-8.7,0.0,3.39,900.0
2025-02-20 14:45:00,2.8,-8.9,0.0,3.47,900.0
2025-02-20 15:00:00,2.9,-9.1,0.0,3.47,900.0
2025-02-20 15:15:00,3.0,-9.0,0.0,3.47,900.0
2025-02-20 15:30:00,3.1,-8.9,0.0,3.36,900.0
2025-02-20 15:45:00,3.2,-8.5,0.0,3.25,900.0
2025-02-20 16:00:00,3.2,-8.5,0.0,3.19,900.0
2025-02-20 16:15:00,3.2,-8.5,0.0,3.06,900.0
2025-02-20 16:30:00,3.3,-8.8,0.0,2.92,900.0
2025-02-20 16:45:00,3.2,-8.8,0.0,2.75,900.0
2025-02-20 17:00:00,3.0,-8.7,0.0,2.67,900.0
2025-02-20 17:15:00,2.7,-8.4,0.0,2.64,900.0
2025-02-20 17:30:00,2.3,-7.9,0.0,2.69,900.0
2025-02-20 17:45:00,1.8,-7.6,0.0,2.69,414.37
2025-02-20 18:00:00,1.3,-7.5,0.0,2.75,0.0
2025-02-20 18:15:00,0.9,-7.4,0.0,2.75,0.0
2025-02-20 18:30:00,0.6,-7.2,0.0,2.75,0.0
2025-02-20 18:45:00,0.2,-7.3,0.0,2.78,0.0
2025-02-20 19:00:00,-0.1,-7.4,0.0,2.69,0.0
2025-02-20 19:15:00,-0.3,-7.6,0.0,2.64,0.0
2025-02-20 19:30:00,-0.6,-7.8,0.0,2.64,0.0
2025-02-20 19:45:00,-0.8,-8.3,0.0,2.58,0.0
2025-02-20 20:00:00,-1.0,-8.4,0.0,2.58,0.0
2025-02-20 20:15:00,-1.2,-8.6,0.0,2.58,0.0
2025-02-20 20:30:00,-1.4,-8.6,0.0,2.64,0.0
2025-02-20 20:45:00,-1.6,-8.6,0.0,2.69,0.0
2025-02-20 21:00:00,-1.8,-8.5,0.0,2.69,0.0
2025-02-20 21:15:00,-1.9,-8.5,0.0,2.61,0.0
2025-02-20 21:30:00,-2.0,-8.4,0.0,2.56,0.0
2025-02-20 21:45:00,-2.2,-8.5,0.0,2.47,0.0
2025-02-20 22:00:00,-2.3,-8.4,0.0,2.42,0.0
2025-02-20 22:15:00,-2.4,-8.3,0.0,2.47,0.0
2025-02-20 22:30:00,-2.5,-8.4,0.0,2.47,0.0
2025-02-20 22:45:00,-2.6,-8.3,0.0,2.56,0.0
2025-02-20 23:00:00,-2.8,-8.5,0.0,2.61,0.0
2025-02-20 23:15:00,-3.0,-8.5,0.0,2.61,0.0
2025-02-20 23:30:00,-3.2,-8.6,0.0,2.56,0.0
2025-02-20 23:45:00,-3.3,-8.6,0.0,2.56,0.0
2025-02-21 00:00:00,-3.5,-8.8,0.0,2.56,0.0
2025-02-21 00:15:00,-3.7,-8.9,0.0,2.56,0.0
2025-02-21 00:30:00,-3.8,-9.1,0.0,2.56,0.0
2025-02-21 00:45:00,-3.9,-9.0,0.0,2.61,0.0
2025-02-21 01:00:00,-4.0,-9.1,0.0,2.61,0.0
2025-02-21 01:15:00,-4.1,-9.0,0.0,2.61,0.0
2025-02-21 01:30:00,-4.2,-8.8,0.0,2.61,0.0
2025-02-21 01:45:00,-4.2,-8.9,0.0,2.61,0.0
2025-02-21 02:00:00,-4.3,-8.8,0.0,2.61,0.0
2025-02-21 02:15:00,-4.3,-8.8,0.0,2.69,0.0
2025-02-21 02:30:00,-4.4,-8.9,0.0,2.75,0.0
2025-02-21 02:45:00,-4.4,-9.1,0.0,2.83,0.0
2025-02-21 03:00:00,-4.5,-9.1,0.0,2.83,0.0
2025-02-21 03:15:00,-4.5,-9.1,0.0,2.83,0.0
2025-02-21 03:30:00,-4.5,-9.4,0.0,2.69,0.0
2025-02-21 03:45:00,-4.5,-9.4,0.0,2.61,0.0
2025-02-21 04:00:00,-4.5,-9.4,0.0,2.56,0.0
2025-02-21 04:15:00,-4.5,-9.4,0.0,2.47,0.0
2025-02-21 04:30:00,-4.6,-9.4,0.0,2.47,0.0
2025-02-21 04:45:00,-4.6,-9.4,0.0,2.42,0.0
2025-02-21 05:00:00,-4.6,-9.5,0.0,2.42,0.0
2025-02-21 05:15:00,-4.7,-9.5,0.0,2.47,0.0
2025-02-21 05:30:00,-4.7,-9.6,0.0,2.61,0.0
2025-02-21 05:45:00,-4.8,-9.6,0.0,2.78,0.0
2025-02-21 06:00:00,-4.8,-9.7,0.0,2.78,0.0
2025-02-21 06:15:00,-4.9,-9.7,0.0,2.64,0.0
2025-02-21 06:30:00,-4.9,-9.7,0.0,2.42,0.0
2025-02-21 06:45:00,-4.9,-9.9,0.0,2.19,0.0
2025-02-21 07:00:00,-4.8,-9.8,0.0,2.06,0.0
2025-02-21 07:15:00,-4.7,-9.7,0.0,2.06,0.0
2025-02-21 07:30:00,-4.6,-9.6,0.0,2.17,0.0
2025-02-21 07:45:00,-4.4,-9.4,0.0,2.25,0.0
2025-02-21 08:00:00,-4.2,-9.3,0.0,2.39,0.0
2025-02-21 08:15:00,-4.1,-9.3,0.0,2.53,0.0
2025-02-21 08:30:00,-3.9,-9.4,0.0,2.64,0.0
2025-02-21 08:45:00,-3.8,-9.4,0.0,2.78,0.0
2025-02-21 09:00:00,-3.5,-9.4,0.0,2.83,0.0
2025-02-21 09:15:00,-3.2,-9.3,0.0,2.75,0.0
2025-02-21 09:30:00,-2.9,-9.4,0.0,2.56,0.0
2025-02-21 09:45:00,-2.5,-9.2,0.0,2.42,0.0
2025-02-21 10:00:00,-2.1,-9.0,0.0,2.33,0.0
2025-02-21 10:15:00,-1.7,-8.7,0.0,2.42,0.0
2025-02-21 10:30:00,-1.4,-8.4,0.0,2.61,0.0
2025-02-21 10:45:00,-1.0,-8.0,0.0,2.92,0.0
2025-02-21 11:00:00,-0.6,-7.6,0.0,3.06,0.0
2025-02-21 11:15:00,-0.1,-7.4,0.0,3.06,0.0
2025-02-21 11:30:00,0.4,-7.1,0.0,3.0,217.76
2025-02-21 11:45:00,1.0,-6.8,0.0,2.94,279.22
2025-02-21 12:00:00,1.5,-6.6,0.0,2.86,88.22
2025-02-21 12:15:00,1.9,-6.2,0.0,2.83,173.16
2025-02-21 12:30:00,2.3,-5.8,0.0,2.75,241.74
2025-02-21 12:45:00,2.7,-5.4,0.0,2.69,26.2
2025-02-21 13:00:00,3.2,-5.0,0.0,2.69,290.33
2025-02-21 13:15:00,3.8,-4.7,0.0,2.69,900.0
2025-02-21 13:30:00,4.4,-4.6,0.0,2.81,900.0
2025-02-21 13:45:00,5.1,-4.3,0.0,3.14,900.0
2025-02-21 14:00:00,5.6,-4.1,0.0,3.36,900.0
2025-02-21 14:15:00,5.9,-3.8,0.0,3.56,900.0
2025-02-21 14:30:00,6.1,-3.6,0.0,3.61,900.0
2025-02-21 14:45:00,6.1,-3.3,0.0,3.64,900.0
2025-02-21 15:00:00,6.2,-3.2,0.0,3.67,900.0
2025-02-21 15:15:00,6.3,-3.1,0.0,3.56,900.0
2025-02-21 15:30:00,6.3,-3.1,0.0,3.39,900.0
2025-02-21 15:45:00,6.3,-3.1,0.0,3.25,900.0
2025-02-21 16:00:00,6.2,-3.2,0.0,3.25,900.0
2025-02-21 16:15:00,6.2,-3.2,0.0,3.33,900.0
2025-02-21 16:30:00,6.2,-2.9,0.0,3.56,900.0
2025-02-21 16:45:00,6.2,-3.0,0.0,3.78,900.0
2025-02-21 17:00:00,6.0,-2.9,0.0,3.89,900.0
2025-02-21 17:15:00,5.8,-2.8,0.0,3.86,782.66
2025-02-21 17:30:00,5.5,-2.6,0.0,3.75,367.06
2025-02-21 17:45:00,5.1,-2.5,0.0,3.64,41.33
2025-02-21 18:00:00,4.8,-2.6,0.0,3.53,0.0
2025-02-21 18:15:00,4.4,-2.7,0.0,3.42,0.0
2025-02-21 18:30:00,4.0,-2.8,0.0,3.42,0.0
2025-02-21 18:45:00,3.6,-3.0,0.0,3.31,0.0
2025-02-21 19:00:00,3.2,-3.2,0.0,3.22,0.0
2025-02-21 19:15:00,2.9,-3.3,0.0,3.06,0.0
2025-02-21 19:30:00,2.5,-3.4,0.0,2.72,0.0
2025-02-21 19:45:00,2.2,-3.5,0.0,2.56,0.0
2025-02-21 20:00:00,1.9,-3.6,0.0,2.47,0.0
2025-02-21 20:15:00,1.7,-3.6,0.0,2.44,0.0
2025-02-21 20:30:00,1.5,-3.6,0.0,2.42,0.0
2025-02-21 20:45:00,1.3,-3.6,0.0,2.47,0.0
2025-02-21 21:00:00,1.1,-3.6,0.0,2.47,0.0
2025-02-21 21:15:00,1.0,-3.5,0.0,2.56,0.0
2025-02-21 21:30:00,0.9,-3.6,0.0,2.72,0.0
2025-02-21 21:45:00,0.8,-3.7,0.0,2.83,0.0
2025-02-21 22:00:00,0.7,-3.8,0.0,2.94,0.0
2025-02-21 22:15:00,0.7,-3.8,0.0,3.0,0.0
2025-02-21 22:30:00,0.8,-3.9,0.0,2.94,0.0
2025-02-21 22:45:00,0.8,-4.0,0.0,2.89,0.0
2025-02-21 23:00:00,0.9,-4.2,0.0,2.83,0.0
2025-02-21 23:15:00,0.9,-4.4,0.0,2.81,0.0
2025-02-21 23:30:00,0.9,-4.4,0.0,2.78,0.0
2025-02-21 23:45:00,0.8,-4.6,0.0,2.78,0.0
2025-02-22 00:00:00,0.8,-4.8,0.0,2.78,0.0
2025-02-22 00:15:00,0.8,-5.0,0.0,2.78,0.0
2025-02-22 00:30:00,0.8,-5.2,0.0,2.72,0.0
2025-02-22 00:45:00,0.8,-5.3,0.0,2.69,0.0
2025-02-22 01:00:00,0.8,-5.5,0.0,2.72,0.0
2025-02-22 01:15:00,0.7,-5.7,0.0,2.72,0.0
2025-02-22 01:30:00,0.7,-5.8,0.0,2.83,0.0
2025-02-22 01:45:00,0.6,-6.1,0.0,2.89,0.0
2025-02-22 02:00:00,0.6,-6.1,0.0,2.97,0.0
2025-02-22 02:15:00,0.6,-6.3,0.0,3.06,0.0
2025-02-22 02:30:00,0.6,-6.3,0.0,3.17,0.0
2025-02-22 02:45:00,0.7,-6.4,0.0,3.25,0.0
2025-02-22 03:00:00,0.7,-6.4,0.0,3.28,0.0
2025-02-22 03:15:00,0.6,-6.5,0.0,3.33,0.0
2025-02-22 03:30:00,0.5,-6.4,0.0,3.39,0.0
2025-02-22 03:45:00,0.4,-6.2,0.0,3.36,0.0
2025-02-22 04:00:00,0.3,-6.2,0.0,3.36,0.0
2025-02-22 04:15:00,0.1,-5.9,0.0,3.39,0.0
2025-02-22 04:30:00,-0.2,-5.8,0.0,3.28,0.0
2025-02-22 04:45:00,-0.5,-5.5,0.0,3.19,0.0
2025-02-22 05:00:00,-0.7,-5.3,0.0,3.11,0.0
2025-02-22 05:15:00,-0.9,-5.2,0.0,3.03,0.0
2025-02-22 05:30:00,-1.1,-5.1,0.0,2.89,0.0
2025-02-22 05:45:00,-1.2,-5.1,0.0,2.75,0.0
2025-02-22 06:00:00,-1.3,-5.2,0.0,2.69,0.0
2025-02-22 06:15:00,-1.3,-5.2,0.0,2.61,0.0
2025-02-22 06:30:00,-1.4,-5.4,0.0,2.61,0.0
2025-02-22 06:45:00,-1.4,-5.7,0.0,2.56,0.0
2025-02-22 07:00:00,-1.4,-5.8,0.0,2.56,0.0
2025-02-22 07:15:00,-1.4,-6.0,0.0,2.56,0.0
2025-02-22 07:30:00,-1.4,-6.2,0.0,2.42,0.0
2025-02-22 07:45:00,-1.3,-6.3,0.0,2.33,0.0
2025-02-22 08:00:00,-1.2,-6.4,0.0,2.42,0.0
2025-02-22 08:15:00,-1.1,-6.5,0.0,2.61,0.0
2025-02-22 08:30:00,-1.0,-6.8,0.0,2.92,0.0
2025-02-22 08:45:00,-0.8,-6.8,0.0,3.22,330.77
2025-02-22 09:00:00,-0.6,-7.0,0.0,3.47,814.01
2025-02-22 09:15:00,-0.2,-7.1,0.0,3.64,900.0
2025-02-22 09:30:00,0.2,-6.9,0.0,3.75,900.0
2025-02-22 09:45:00,0.7,-6.8,0.0,3.86,900.0
2025-02-22 10:00:00,1.3,-6.8,0.0,3.94,900.0
2025-02-22 10:15:00,1.9,-6.7,0.0,4.03,900.0
2025-02-22 10:30:00,2.6,-6.6,0.0,4.25,900.0
2025-02-22 10:45:00,3.3,-6.4,0.0,4.39,900.0
2025-02-22 11:00:00,3.8,-6.5,0.0,4.42,900.0
2025-02-22 11:15:00,4.3,-6.4,0.0,4.42,900.0
2025-02-22 11:30:00,4.6,-6.0,0.0,4.31,900.0
2025-02-22 11:45:00,4.9,-6.1,0.0,4.19,900.0
2025-02-22 12:00:00,5.2,-5.8,0.0,4.11,900.0
2025-02-22 12:15:00,5.4,-5.6,0.0,4.03,900.0
2025-02-22 12:30:00,5.6,-5.4,0.0,4.03,900.0
2025-02-22 12:45:00,5.8,-5.2,0.0,3.94,900.0
2025-02-22 13:00:00,6.1,-5.0,0.0,3.94,900.0
2025-02-22 13:15:00,6.4,-5.0,0.0,3.94,900.0
2025-02-22 13:30:00,6.7,-4.7,0.0,3.97,900.0
2025-02-22 13:45:00,7.1,-4.7,0.0,4.08,900.0
2025-02-22 14:00:00,7.4,-4.7,0.0,4.08,900.0
2025-02-22 14:15:00,7.6,-4.5,0.0,4.11,900.0
2025-02-22 14:30:00,7.8,-4.4,0.0,4.08,900.0
2025-02-22 14:45:00,7.9,-4.2,0.0,4.14,900.0
2025-02-22 15:00:00,8.0,-4.1,0.0,4.06,900.0
2025-02-22 15:15:00,8.1,-4.0,0.0,4.0,900.0
2025-02-22 15:30:00,8.2,-3.6,0.0,3.86,900.0
2025-02-22 15:45:00,8.3,-3.6,0.0,3.81,900.0
2025-02-22 16:00:00,8.3,-3.5,0.0,3.67,900.0
2025-02-22 16:15:00,8.3,-3.5,0.0,3.58,900.0
2025-02-22 16:30:00,8.3,-3.5,0.0,3.42,900.0
2025-02-22 16:45:00,8.3,-3.6,0.0,3.25,900.0
2025-02-22 17:00:00,8.2,-3.7,0.0,3.17,900.0
2025-02-22 17:15:00,8.0,-3.6,0.0,3.11,900.0
2025-02-22 17:30:00,7.7,-3.5,0.0,3.19,900.0
2025-02-22 17:45:00,7.4,-3.5,0.0,3.31,405.6
2025-02-22 18:00:00,7.1,-3.5,0.0,3.31,0.0
2025-02-22 18:15:00,6.7,-3.8,0.0,3.39,0.0
2025-02-22 18:30:00,6.3,-4.5,0.0,3.5,0.0
2025-02-22 18:45:00,5.9,-5.1,0.0,3.64,0.0
2025-02-22 19:00:00,5.5,-5.5,0.0,3.69,0.0
2025-02-22 19:15:00,5.2,-5.5,0.0,3.61,0.0
2025-02-22 19:30:00,4.9,-5.5,0.0,3.31,0.0
2025-02-22 19:45:00,4.6,-5.5,0.0,3.11,0.0
2025-02-22 20:00:00,4.3,-5.5,0.0,2.81,0.0
2025-02-22 20:15:00,4.0,-5.5,0.0,2.64,0.0
2025-02-22 20:30:00,3.8,-5.7,0.0,2.47,0.0
2025-02-22 20:45:00,3.6,-5.9,0.0,2.33,0.0
2025-02-22 21:00:00,3.4,-5.8,0.0,2.19,0.0
2025-02-22 21:15:00,3.1,-5.6,0.0,1.97,0.0
2025-02-22 21:30:00,2.8,-5.3,0.0,1.67,0.0
2025-02-22 21:45:00,2.5,-5.2,0.0,1.42,0.0
2025-02-22 22:00:00,2.3,-4.9,0.0,1.19,0.0
2025-02-22 22:15:00,2.0,-4.7,0.0,1.11,0.0
2025-02-22 22:30:00,1.8,-4.7,0.0,0.94,0.0
2025-02-22 22:45:00,1.5,-4.8,0.0,0.97,0.0
2025-02-22 23:00:00,1.3,-4.8,0.0,0.94,0.0
2025-02-22 23:15:00,1.2,-4.7,0.0,0.94,0.0
2025-02-22 23:30:00,1.0,-4.6,0.0,0.94,0.0
2025-02-22 23:45:00,0.9,-4.7,0.0,0.97,0.0
2025-02-23 00:00:00,0.8,-4.7,0.0,0.97,0.0
2025-02-23 00:15:00,0.6,-4.6,0.0,0.97,0.0
2025-02-23 00:30:00,0.5,-4.8,0.0,0.97,0.0
2025-02-23 00:45:00,0.3,-4.9,0.0,1.08,0.0
2025-02-23 01:00:00,0.2,-5.1,0.0,1.08,0.0
2025-02-23 01:15:00,0.0,-5.4,0.0,1.17,0.0
2025-02-23 01:30:00,-0.1,-5.9,0.0,1.28,0.0
2025-02-23 01:45:00,-0.2,-6.4,0.0,1.36,0.0
2025-02-23 02:00:00,-0.3,-6.7,0.0,1.44,0.0
2025-02-23 02:15:00,-0.4,-7.0,0.0,1.42,0.0
2025-02-23 02:30:00,-0.3,-7.0,0.0,1.31,0.0
2025-02-23 02:45:00,-0.3,-7.0,0.0,1.22,0.0
2025-02-23 03:00:00,-0.3,-7.0,0.0,1.14,0.0
2025-02-23 03:15:00,-0.4,-7.0,0.0,1.0,0.0
2025-02-23 03:30:00,-0.4,-6.8,0.0,0.86,0.0
2025-02-23 03:45:00,-0.5,-6.9,0.0,0.92,0.0
2025-02-23 04:00:00,-0.6,-6.8,0.0,1.03,0.0
2025-02-23 04:15:00,-0.7,-6.7,0.0,1.03,0.0
2025-02-23 04:30:00,-0.9,-6.6,0.0,0.94,0.0
2025-02-23 04:45:00,-1.0,-6.8,0.0,0.92,0.0
2025-02-23 05:00:00,-1.1,-6.7,0.0,0.86,0.0
2025-02-23 05:15:00,-1.2,-6.8,0.0,0.86,0.0
2025-02-23 05:30:00,-1.3,-6.6,0.0,0.86,0.0
2025-02-23 05:45:00,-1.3,-6.6,0.0,0.94,0.0
2025-02-23 06:00:00,-1.3,-6.7,0.0,0.94,0.0
2025-02-23 06:15:00,-1.3,-6.7,0.0,1.0,0.0
2025-02-23 06:30:00,-1.3,-6.7,0.0,1.0,0.0
2025-02-23 06:45:00,-1.3,-6.7,0.0,1.06,0.0
2025-02-23 07:00:00,-1.3,-6.6,0.0,1.14,0.0
2025-02-23 07:15:00,-1.2,-6.6,0.0,1.14,0.0
2025-02-23 07:30:00,-1.2,-6.3,0.0,1.14,0.0
2025-02-23 07:45:00,-1.1,-6.3,0.0,1.06,0.0
2025-02-23 08:00:00,-1.0,-6.2,0.0,1.06,0.0
2025-02-23 08:15:00,-0.9,-6.1,0.0,1.0,0.0
2025-02-23 08:30:00,-0.7,-5.9,0.0,0.92,0.0
2025-02-23 08:45:00,-0.5,-5.7,0.0,0.92,0.0
2025-02-23 09:00:00,-0.3,-5.5,0.0,0.86,0.0
2025-02-23 09:15:00,-0.0,-5.2,0.0,0.86,0.0
2025-02-23 09:30:00,0.2,-5.0,0.0,0.86,0.0
2025-02-23 09:45:00,0.5,-4.7,0.0,0.86,0.0
2025-02-23 10:00:00,0.9,-4.5,0.0,0.78,0.0
2025-02-23 10:15:00,1.5,-4.2,0.0,0.75,0.0
2025-02-23 10:30:00,2.2,-3.9,0.0,0.81,0.0
2025-02-23 10:45:00,2.9,-3.7,0.0,0.83,0.0
2025-02-23 11:00:00,3.5,-3.3,0.0,0.97,0.0
2025-02-23 11:15:00,4.0,-2.8,0.0,0.97,0.0
2025-02-23 11:30:00,4.5,-2.4,0.0,0.97,0.0
2025-02-23 11:45:00,4.9,-2.0,0.0,0.97,0.0
2025-02-23 12:00:00,5.4,-1.6,0.0,0.89,0.0
2025-02-23 12:15:00,5.8,-1.1,0.0,0.86,0.0
2025-02-23 12:30:00,6.2,-1.0,0.0,0.86,0.0
2025-02-23 12:45:00,6.6,-0.6,0.0,0.94,0.0
2025-02-23 13:00:00,7.0,-0.2,0.0,1.08,0.0
2025-02-23 13:15:00,7.5,0.6,0.0,1.42,0.0
2025-02-23 13:30:00,7.9,1.5,0.0,1.89,0.0
2025-02-23 13:45:00,8.4,2.6,0.0,2.42,0.0
2025-02-23 14:00:00,8.7,3.3,0.0,2.72,165.25
2025-02-23 14:15:00,8.8,3.6,0.0,2.83,0.0
2025-02-23 14:30:00,8.8,3.8,0.0,2.94,78.92
2025-02-23 14:45:00,8.8,4.0,0.0,2.86,0.0
2025-02-23 15:00:00,8.8,4.0,0.0,2.86,0.0
2025-02-23 15:15:00,8.9,4.1,0.0,2.89,0.0
2025-02-23 15:30:00,9.0,4.4,0.0,2.89,0.0
2025-02-23 15:45:00,9.0,4.4,0.0,2.81,0.0
2025-02-23 16:00:00,9.0,4.4,0.0,2.81,0.0
2025-02-23 16:15:00,8.9,4.5,0.0,2.83,0.0
2025-02-23 16:30:00,8.7,4.5,0.0,2.83,0.0
2025-02-23 16:45:00,8.4,4.2,0.0,2.97,0.0
2025-02-23 17:00:00,8.3,4.3,0.0,2.97,0.0
2025-02-23 17:15:00,8.2,4.2,0.0,2.97,0.0
2025-02-23 17:30:00,8.1,4.3,0.0,2.97,0.0
2025-02-23 17:45:00,8.0,4.2,0.0,2.94,0.0
2025-02-23 18:00:00,8.0,4.2,0.0,2.94,0.0
2025-02-23 18:15:00,7.9,4.3,0.0,2.81,0.0
2025-02-23 18:30:00,7.8,4.2,0.0,2.58,0.0
2025-02-23 18:45:00,7.7,4.2,0.0,2.39,0.0
2025-02-23 19:00:00,7.6,4.2,0.0,2.28,0.0
2025-02-23 19:15:00,7.6,4.2,0.0,2.28,0.0
2025-02-23 19:30:00,7.6,4.0,0.0,2.42,0.0
2025-02-23 19:45:00,7.6,3.8,0.0,2.44,0.0
2025-02-23 20:00:00,7.5,3.7,0.0,2.53,0.0
2025-02-23 20:15:00,7.5,3.7,0.0,2.53,0.0
2025-02-23 20:30:00,7.4,3.8,0.0,2.53,0.0
2025-02-23 20:45:00,7.3,3.7,0.0,2.53,0.0
2025-02-23 21:00:00,7.2,3.8,0.0,2.53,0.0
2025-02-23 21:15:00,7.1,3.7,0.0,2.5,0.0
2025-02-23 21:30:00,7.1,3.8,0.0,2.39,0.0
2025-02-23 21:45:00,7.0,3.8,0.0,2.39,0.0
2025-02-23 22:00:00,6.9,3.9,0.0,2.25,0.0
2025-02-23 22:15:00,6.8,3.9,0.0,2.17,0.0
2025-02-23 22:30:00,6.6,3.9,0.0,2.06,0.0
2025-02-23 22:45:00,6.5,3.8,0.0,2.08,0.0
2025-02-23 23:00:00,6.4,3.9,0.1,2.0,0.0
2025-02-23 23:15:00,6.3,4.0,0.0,2.0,0.0
2025-02-23 23:30:00,6.3,3.9,0.0,1.86,0.0
2025-02-23 23:45:00,6.3,4.1,0.0,1.83,0.0
2025-02-24 00:00:00,6.3,4.1,0.0,1.83,0.0
2025-02-24 00:15:00,6.3,4.1,0.0,1.83,0.0
2025-02-24 00:30:00,6.2,4.2,0.0,1.83,0.0
2025-02-24 00:45:00,6.2,4.2,0.0,1.86,0.0
2025-02-24 01:00:00,6.2,4.2,0.0,1.86,0.0
2025-02-24 01:15:00,6.1,4.1,0.0,1.86,0.0
2025-02-24 01:30:00,6.1,4.2,0.0,2.0,0.0
2025-02-24 01:45:00,6.0,4.3,0.0,2.08,0.0
2025-02-24 02:00:00,6.0,4.3,0.0,2.08,0.0
2025-02-24 02:15:00,5.9,4.2,0.0,2.08,0.0
2025-02-24 02:30:00,5.8,4.2,0.0,2.08,0.0
2025-02-24 02:45:00,5.6,4.1,0.0,2.06,0.0
2025-02-24 03:00:00,5.5,4.0,0.0,1.97,0.0
2025-02-24 03:15:00,5.4,3.9,0.0,1.86,0.0
2025-02-24 03:30:00,5.3,3.8,0.0,1.67,0.0
2025-02-24 03:45:00,5.1,3.8,0.0,1.61,0.0
2025-02-24 04:00:00,5.0,3.7,0.0,1.53,0.0
2025-02-24 04:15:00,4.9,3.6,0.0,1.53,0.0
2025-02-24 04:30:00,4.9,3.7,0.0,1.75,0.0
2025-02-24 04:45:00,4.8,3.7,0.0,1.83,0.0
2025-02-24 05:00:00,4.7,3.7,0.0,1.83,0.0
2025-02-24 05:15:00,4.7,3.6,0.0,1.75,0.0
2025-02-24 05:30:00,4.6,3.6,0.0,1.69,0.0
2025-02-24 05:45:00,4.6,3.6,0.0,1.53,0.0
2025-02-24 06:00:00,4.6,3.5,0.0,1.36,0.0
2025-02-24 06:15:00,4.6,3.5,0.0,1.22,0.0
2025-02-24 06:30:00,4.6,3.5,0.0,1.0,0.0
2025-02-24 06:45:00,4.5,3.5,0.0,0.81,0.0
2025-02-24 07:00:00,4.4,3.3,0.0,0.67,0.0
2025-02-24 07:15:00,4.0,3.1,0.0,0.53,0.0
2025-02-24 07:30:00,3.5,2.6,0.0,0.42,0.0
2025-02-24 07:45:00,3.0,2.3,0.0,0.31,0.0
2025-02-24 08:00:00,2.6,2.0,0.0,0.19,0.0
2025-02-24 08:15:00,2.4,1.8,0.0,0.14,0.0
2025-02-24 08:30:00,2.3,1.8,0.0,0.44,0.0
2025-02-24 08:45:00,2.2,1.7,0.0,0.81,0.0
2025-02-24 09:00:00,2.2,1.7,0.0,0.97,38.09
2025-02-24 09:15:00,2.2,1.7,0.0,0.94,302.93
2025-02-24 09:30:00,2.2,1.7,0.0,0.72,321.78
2025-02-24 09:45:00,2.3,1.9,0.0,0.5,223.14
2025-02-24 10:00:00,2.7,1.9,0.0,0.39,541.73
2025-02-24 10:15:00,3.3,2.1,0.0,0.5,615.62
2025-02-24 10:30:00,4.3,2.3,0.0,0.72,900.0
2025-02-24 10:45:00,5.2,2.6,0.0,0.97,900.0
2025-02-24 11:00:00,6.0,2.6,0.0,1.25,900.0
2025-02-24 11:15:00,6.6,2.9,0.0,1.5,900.0
2025-02-24 11:30:00,7.1,3.2,0.0,1.69,900.0
2025-02-24 11:45:00,7.6,3.4,0.0,1.92,900.0
2025-02-24 12:00:00,8.0,3.7,0.0,2.08,900.0
2025-02-24 12:15:00,8.5,3.9,0.0,2.03,900.0
2025-02-24 12:30:00,8.9,4.1,0.0,1.83,900.0
2025-02-24 12:45:00,9.4,4.2,0.0,1.56,900.0
2025-02-24 13:00:00,9.8,4.3,0.0,1.44,900.0
2025-02-24 13:15:00,10.2,4.3,0.0,1.33,900.0
2025-02-24 13:30:00,10.5,4.4,0.0,1.33,900.0
2025-02-24 13:45:00,10.9,4.3,0.0,1.25,900.0
2025-02-24 14:00:00,11.2,4.4,0.0,1.31,900.0
2025-02-24 14:15:00,11.4,4.4,0.0,1.28,900.0
2025-02-24 14:30:00,11.6,4.5,0.0,1.28,900.0
2025-02-24 14:45:00,11.7,4.4,0.0,1.33,900.0
2025-02-24 15:00:00,11.8,4.5,0.0,1.42,900.0
2025-02-24 15:15:00,11.9,4.6,0.0,1.56,900.0
2025-02-24 15:30:00,11.9,4.4,0.0,1.64,900.0
2025-02-24 15:45:00,12.0,4.4,0.0,1.83,900.0
2025-02-24 16:00:00,12.0,4.2,0.0,1.92,900.0
2025-02-24 16:15:00,12.1,4.1,0.0,1.92,900.0
2025-02-24 16:30:00,12.3,3.7,0.0,1.89,900.0
2025-02-24 16:45:00,12.4,3.3,0.0,1.81,900.0
2025-02-24 17:00:00,12.3,3.3,0.0,1.78,900.0
2025-02-24 17:15:00,12.1,3.3,0.0,1.78,900.0
2025-02-24 17:30:00,11.8,3.8,0.0,1.78,900.0
2025-02-24 17:45:00,11.4,3.9,0.0,1.83,900.0
2025-02-24 18:00:00,10.9,4.1,0.0,1.86,321.35
2025-02-24 18:15:00,10.4,4.1,0.0,1.89,64.16
2025-02-24 18:30:00,9.9,4.2,0.0,1.97,0.0
2025-02-24 18:45:00,9.3,4.1,0.0,1.97,0.0
2025-02-24 19:00:00,8.8,4.0,0.0,1.97,0.0
2025-02-24 19:15:00,8.3,3.9,0.0,1.94,0.0
2025-02-24 19:30:00,7.9,3.9,0.0,1.97,0.0
2025-02-24 19:45:00,7.6,3.8,0.0,1.97,0.0
2025-02-24 20:00:00,7.2,3.6,0.0,1.94,0.0
2025-02-24 20:15:00,6.9,3.3,0.0,1.83,0.0
2025-02-24 20:30:00,6.7,3.1,0.0,1.72,0.0
2025-02-24 20:45:00,6.5,2.7,0.0,1.56,0.0
2025-02-24 21:00:00,6.2,2.5,0.0,1.44,0.0
2025-02-24 21:15:00,6.0,2.2,0.0,1.33,0.0
2025-02-24 21:30:00,5.8,2.0,0.0,1.28,0.0
2025-02-24 21:45:00,5.5,1.8,0.0,1.25,0.0
2025-02-24 22:00:00,5.3,1.6,0.0,1.31,0.0
2025-02-24 22:15:00,5.0,1.3,0.0,1.36,0.0
2025-02-24 22:30:00,4.7,1.2,0.0,1.42,0.0
2025-02-24 22:45:00,4.5,1.0,0.0,1.5,0.0
2025-02-24 23:00:00,4.3,0.8,0.0,1.56,0.0
2025-02-24 23:15:00,4.1,0.6,0.0,1.64,0.0
2025-02-24 23:30:00,4.0,0.5,0.0,1.69,0.0
2025-02-24 23:45:00,3.9,0.2,0.0,1.78,0.0
2025-02-25 00:00:00,3.8,0.1,0.0,1.86,0.0
2025-02-25 00:15:00,3.7,0.0,0.0,1.89,0.0
2025-02-25 00:30:00,3.6,-0.0,0.0,1.83,0.0
2025-02-25 00:45:00,3.6,-0.1,0.0,1.89,0.0
2025-02-25 01:00:00,3.5,-0.0,0.0,1.89,0.0
2025-02-25 01:15:00,3.3,0.0,0.0,1.89,0.0
2025-02-25 01:30:00,3.1,-0.0,0.0,1.83,0.0
2025-02-25 01:45:00,2.9,-0.0,0.0,1.89,0.0
2025-02-25 02:00:00,2.8,-0.0,0.0,1.81,0.0
2025-02-25 02:15:00,2.7,-0.1,0.0,1.81,0.0
2025-02-25 02:30:00,2.7,-0.1,0.0,1.67,0.0
2025-02-25 02:45:00,2.7,-0.1,0.0,1.61,0.0
2025-02-25 03:00:00,2.7,-0.1,0.0,1.61,0.0
2025-02-25 03:15:00,2.6,0.0,0.0,1.67,0.0
2025-02-25 03:30:00,2.5,-0.1,0.0,1.64,0.0
2025-02-25 03:45:00,2.4,-0.1,0.0,1.69,0.0
2025-02-25 04:00:00,2.3,-0.0,0.0,1.78,0.0
2025-02-25 04:15:00,2.1,0.0,0.0,1.83,0.0
2025-02-25 04:30:00,1.9,-0.0,0.0,1.78,0.0
2025-02-25 04:45:00,1.8,-0.2,0.0,1.78,0.0
2025-02-25 05:00:00,1.7,-0.1,0.0,1.78,0.0
2025-02-25 05:15:00,1.7,-0.1,0.0,1.78,0.0
2025-02-25 05:30:00,1.7,-0.1,0.0,1.69,0.0
2025-02-25 05:45:00,1.8,-0.0,0.0,1.69,0.0
2025-02-25 06:00:00,1.8,0.0,0.0,1.69,0.0
2025-02-25 06:15:00,1.9,0.1,0.0,1.69,0.0
2025-02-25 06:30:00,1.9,-0.0,0.0,1.83,0.0
2025-02-25 06:45:00,1.9,-0.0,0.0,1.92,0.0
2025-02-25 07:00:00,2.0,0.0,0.0,1.97,0.0
2025-02-25 07:15:00,2.0,0.0,0.0,1.97,0.0
2025-02-25 07:30:00,1.9,0.1,0.0,1.97,0.0
2025-02-25 07:45:00,1.9,0.1,0.0,1.92,0.0
2025-02-25 08:00:00,2.0,0.2,0.0,1.92,0.0
2025-02-25 08:15:00,2.1,0.2,0.0,1.92,0.0
2025-02-25 08:30:00,2.3,0.2,0.0,1.78,0.0
2025-02-25 08:45:00,2.5,0.2,0.0,1.78,0.0
2025-02-25 09:00:00,2.8,0.4,0.0,1.69,0.0
2025-02-25 09:15:00,3.2,0.6,0.0,1.64,0.0
2025-02-25 09:30:00,3.6,0.8,0.0,1.56,0.0
2025-02-25 09:45:00,4.0,0.9,0.0,1.58,0.0
2025-02-25 10:00:00,4.5,1.1,0.0,1.53,0.0
2025-02-25 10:15:00,4.9,1.4,0.0,1.47,0.0
2025-02-25 10:30:00,5.4,1.7,0.0,1.44,0.0
2025-02-25 10:45:00,5.9,2.0,0.0,1.39,49.44
2025-02-25 11:00:00,6.5,2.3,0.0,1.36,0.0
2025-02-25 11:15:00,7.0,2.7,0.0,1.36,50.22
2025-02-25 11:30:00,7.6,2.9,0.0,1.36,302.41
2025-02-25 11:45:00,8.2,3.0,0.0,1.44,324.79
2025-02-25 12:00:00,8.7,3.3,0.0,1.44,397.78
2025-02-25 12:15:00,9.2,3.6,0.0,1.56,736.87
2025-02-25 12:30:00,9.7,3.7,0.0,1.53,86.74
2025-02-25 12:45:00,10.2,3.9,0.0,1.61,761.47
2025-02-25 13:00:00,10.5,4.0,0.0,1.61,900.0
2025-02-25 13:15:00,10.8,4.2,0.0,1.5,900.0
2025-02-25 13:30:00,10.9,4.3,0.0,1.42,900.0
2025-02-25 13:45:00,11.0,4.4,0.0,1.31,900.0
2025-02-25 14:00:00,11.1,4.6,0.0,1.22,900.0
2025-02-25 14:15:00,11.3,4.5,0.0,1.31,745.13
2025-02-25 14:30:00,11.5,4.7,0.0,1.44,518.27
2025-02-25 14:45:00,11.7,4.6,0.0,1.64,900.0
2025-02-25 15:00:00,11.8,4.5,0.0,1.75,900.0
2025-02-25 15:15:00,11.9,4.3,0.0,1.75,801.75
2025-02-25 15:30:00,11.9,4.1,0.0,1.78,900.0
2025-02-25 15:45:00,11.9,3.9,0.0,1.67,900.0
2025-02-25 16:00:00,11.9,3.9,0.0,1.78,900.0
2025-02-25 16:15:00,11.9,3.9,0.0,1.94,900.0
2025-02-25 16:30:00,11.9,3.9,0.0,2.22,900.0
2025-02-25 16:45:00,11.9,3.9,0.0,2.53,900.0
2025-02-25 17:00:00,11.8,4.1,0.0,2.61,900.0
2025-02-25 17:15:00,11.6,4.1,0.0,2.61,609.24
2025-02-25 17:30:00,11.2,4.2,0.0,2.42,157.63
2025-02-25 17:45:00,10.8,4.3,0.0,2.22,0.0
2025-02-25 18:00:00,10.4,4.3,0.0,2.11,0.0
2025-02-25 18:15:00,9.9,4.3,0.0,2.0,0.0
2025-02-25 18:30:00,9.4,4.4,0.0,2.03,0.0
2025-02-25 18:45:00,8.9,4.3,0.0,2.03,0.0
2025-02-25 19:00:00,8.4,4.2,0.0,2.03,0.0
2025-02-25 19:15:00,8.1,3.9,0.0,2.0,0.0
2025-02-25 19:30:00,7.8,3.7,0.0,2.11,0.0
2025-02-25 19:45:00,7.6,3.5,0.0,2.11,0.0
2025-02-25 20:00:00,7.4,3.2,0.0,2.11,0.0
2025-02-25 20:15:00,7.1,3.2,0.0,2.03,0.0
2025-02-25 20:30:00,6.8,3.2,0.0,1.94,0.0
2025-02-25 20:45:00,6.5,3.3,0.0,1.83,0.0
2025-02-25 21:00:00,6.3,3.2,0.0,1.64,0.0
2025-02-25 21:15:00,6.0,3.2,0.0,1.42,0.0
2025-02-25 21:30:00,5.8,3.1,0.0,1.11,0.0
2025-02-25 21:45:00,5.5,3.0,0.0,0.94,0.0
2025-02-25 22:00:00,5.3,2.9,0.0,0.86,0.0
2025-02-25 22:15:00,5.1,2.9,0.0,0.86,0.0
2025-02-25 22:30:00,4.8,2.8,0.0,0.94,0.0
2025-02-25 22:45:00,4.7,2.7,0.0,0.97,0.0
2025-02-25 23:00:00,4.5,2.7,0.0,1.08,0.0
2025-02-25 23:15:00,4.5,2.6,0.0,1.08,0.0
2025-02-25 23:30:00,4.5,2.6,0.0,0.97,0.0
2025-02-25 23:45:00,4.5,2.7,0.0,0.89,0.0
2025-02-26 00:00:00,4.6,2.7,0.0,0.89,0.0
2025-02-26 00:15:00,4.6,2.8,0.0,0.86,0.0
2025-02-26 00:30:00,4.6,2.6,0.0,0.83,0.0
2025-02-26 00:45:00,4.7,2.7,0.0,0.92,0.0
2025-02-26 01:00:00,4.7,2.7,0.0,0.89,0.0
2025-02-26 01:15:00,4.7,2.7,0.0,0.92,0.0
2025-02-26 01:30:00,4.6,2.8,0.0,0.92,0.0
2025-02-26 01:45:00,4.6,3.0,0.0,0.94,0.0
2025-02-26 02:00:00,4.6,3.0,0.0,0.89,0.0
2025-02-26 02:15:00,4.7,3.0,0.0,0.72,0.0
2025-02-26 02:30:00,4.8,2.9,0.0,0.56,0.0
2025-02-26 02:45:00,4.9,2.9,0.0,0.44,0.0
2025-02-26 03:00:00,4.9,2.9,0.0,0.39,0.0
2025-02-26 03:15:00,4.9,2.9,0.0,0.5,0.0
2025-02-26 03:30:00,4.8,2.8,0.0,0.69,0.0
2025-02-26 03:45:00,4.7,2.8,0.0,0.92,0.0
2025-02-26 04:00:00,4.6,2.7,0.0,1.0,0.0
2025-02-26 04:15:00,4.5,2.6,0.0,0.89,0.0
2025-02-26 04:30:00,4.4,2.8,0.0,0.69,0.0
2025-02-26 04:45:00,4.4,2.9,0.0,0.53,0.0
2025-02-26 05:00:00,4.3,2.8,0.0,0.5,0.0
2025-02-26 05:15:00,4.3,2.8,0.0,0.58,0.0
2025-02-26 05:30:00,4.3,2.8,0.0,0.72,0.0
2025-02-26 05:45:00,4.3,2.8,0.0,0.89,0.0
2025-02-26 06:00:00,4.4,2.9,0.0,1.0,0.0
2025-02-26 06:15:00,4.5,3.0,0.0,0.92,0.0
2025-02-26 06:30:00,4.6,3.1,0.0,0.89,0.0
2025-02-26 06:45:00,4.7,3.2,0.0,0.78,0.0
2025-02-26 07:00:00,4.7,3.2,0.0,0.78,0.0
2025-02-26 07:15:00,4.7,3.2,0.1,0.86,0.0
2025-02-26 07:30:00,4.6,3.2,0.1,0.92,0.0
2025-02-26 07:45:00,4.4,3.2,0.1,1.0,0.0
2025-02-26 08:00:00,4.4,3.2,0.1,1.06,0.0
2025-02-26 08:15:00,4.4,3.2,0.0,1.14,0.0
2025-02-26 08:30:00,4.4,3.2,0.0,1.19,0.0
2025-02-26 08:45:00,4.5,3.2,0.0,1.28,0.0
2025-02-26 09:00:00,4.6,3.3,0.0,1.28,0.0
2025-02-26 09:15:00,4.7,3.2,0.0,1.33,0.0
2025-02-26 09:30:00,4.8,3.3,0.0,1.28,0.0
2025-02-26 09:45:00,5.0,3.3,0.0,1.36,0.0
2025-02-26 10:00:00,5.2,3.3,0.0,1.36,0.0
2025-02-26 10:15:00,5.4,3.4,0.0,1.42,0.0
2025-02-26 10:30:00,5.7,3.7,0.0,1.56,0.0
2025-02-26 10:45:00,6.0,3.8,0.0,1.64,0.0
2025-02-26 11:00:00,6.3,3.9,0.0,1.72,0.0
2025-02-26 11:15:00,6.6,4.1,0.0,1.81,0.0
2025-02-26 11:30:00,6.9,4.2,0.0,1.83,0.0
2025-02-26 11:45:00,7.3,4.4,0.0,1.89,0.0
2025-02-26 12:00:00,7.6,4.5,0.0,1.89,0.0
2025-02-26 12:15:00,7.9,4.6,0.0,1.89,0.0
2025-02-26 12:30:00,8.2,5.0,0.0,1.89,0.0
2025-02-26 12:45:00,8.5,5.1,0.0,1.89,0.0
2025-02-26 13:00:00,8.8,5.1,0.0,1.89,0.0
2025-02-26 13:15:00,9.0,5.0,0.0,2.03,84.2
2025-02-26 13:30:00,9.2,4.6,0.0,2.17,115.87
2025-02-26 13:45:00,9.3,3.9,0.0,2.42,256.11
2025-02-26 14:00:00,9.5,3.7,0.0,2.5,0.0
2025-02-26 14:15:00,9.7,3.4,0.0,2.39,140.69
2025-02-26 14:30:00,9.9,3.4,0.0,2.22,235.8
2025-02-26 14:45:00,10.2,3.7,0.0,2.08,900.0
2025-02-26 15:00:00,10.3,3.6,0.0,1.94,610.82
2025-02-26 15:15:00,10.5,3.5,0.0,1.72,194.71
2025-02-26 15:30:00,10.6,3.6,0.0,1.5,900.0
2025-02-26 15:45:00,10.7,3.7,0.0,1.25,817.01
2025-02-26 16:00:00,10.7,3.7,0.0,1.11,900.0
2025-02-26 16:15:00,10.7,3.9,0.0,1.14,900.0
2025-02-26 16:30:00,10.6,4.0,0.0,1.25,900.0
2025-02-26 16:45:00,10.4,4.1,0.0,1.44,454.43
2025-02-26 17:00:00,10.3,4.2,0.0,1.56,119.73
2025-02-26 17:15:00,10.3,4.2,0.0,1.56,0.0
2025-02-26 17:30:00,10.2,4.4,0.0,1.44,0.0
2025-02-26 17:45:00,10.1,4.3,0.0,1.47,0.0
2025-02-26 18:00:00,10.0,4.2,0.0,1.47,0.0
2025-02-26 18:15:00,9.9,4.2,0.0,1.78,0.0
2025-02-26 18:30:00,9.6,4.2,0.0,2.25,0.0
2025-02-26 18:45:00,9.4,4.0,0.0,2.69,0.0
2025-02-26 19:00:00,9.2,4.0,0.0,3.03,0.0
2025-02-26 19:15:00,9.0,3.8,0.0,3.06,0.0
2025-02-26 19:30:00,8.9,3.7,0.0,2.81,0.0
2025-02-26 19:45:00,8.7,3.5,0.0,2.56,0.0
2025-02-26 20:00:00,8.6,3.4,0.0,2.42,0.0
2025-02-26 20:15:00,8.4,3.5,0.0,2.28,0.0
2025-02-26 20:30:00,8.3,3.6,0.0,2.22,0.0
2025-02-26 20:45:00,8.2,3.7,0.0,2.19,0.0
2025-02-26 21:00:00,8.1,3.6,0.0,2.25,0.0
2025-02-26 21:15:00,8.1,3.5,0.0,2.33,0.0
2025-02-26 21:30:00,8.1,3.3,0.0,2.47,0.0
2025-02-26 21:45:00,8.1,3.1,0.0,2.69,0.0
2025-02-26 22:00:00,8.0,3.1,0.0,2.83,0.0
2025-02-26 22:15:00,8.0,3.0,0.0,2.83,0.0
2025-02-26 22:30:00,7.9,3.0,0.0,2.83,0.0
2025-02-26 22:45:00,7.9,2.9,0.0,2.67,0.0
2025-02-26 23:00:00,7.8,2.8,0.0,2.61,0.0
2025-02-26 23:15:00,7.6,2.9,0.0,2.47,0.0
2025-02-26 23:30:00,7.4,2.8,0.0,2.39,0.0
2025-02-26 23:45:00,7.2,2.8,0.0,2.28,0.0
2025-02-27 00:00:00,7.0,2.8,0.0,2.28,0.0
2025-02-27 00:15:00,6.9,2.7,0.0,2.19,0.0
2025-02-27 00:30:00,6.8,2.8,0.0,2.19,0.0
2025-02-27 00:45:00,6.7,2.7,0.0,2.06,0.0
2025-02-27 01:00:00,6.6,2.7,0.0,2.06,0.0
2025-02-27 01:15:00,6.6,2.6,0.0,2.06,0.0
2025-02-27 01:30:00,6.5,2.7,0.0,1.92,0.0
2025-02-27 01:45:00,6.4,2.9,0.0,1.83,0.0
2025-02-27 02:00:00,6.4,2.8,0.0,1.83,0.0
2025-02-27 02:15:00,6.3,2.8,0.0,1.83,0.0
2025-02-27 02:30:00,6.2,2.7,0.0,1.92,0.0
2025-02-27 02:45:00,6.2,2.6,0.0,1.92,0.0
2025-02-27 03:00:00,6.2,2.6,0.0,1.92,0.0
2025-02-27 03:15:00,6.2,2.6,0.0,1.83,0.0
2025-02-27 03:30:00,6.2,2.5,0.0,1.92,0.0
2025-02-27 03:45:00,6.3,2.3,0.0,1.86,0.0
2025-02-27 04:00:00,6.4,2.4,0.0,1.81,0.0
2025-02-27 04:15:00,6.5,2.5,0.0,1.81,0.0
2025-02-27 04:30:00,6.6,2.7,0.0,1.81,0.0
2025-02-27 04:45:00,6.8,3.0,0.0,1.72,0.0
2025-02-27 05:00:00,6.8,3.1,0.0,1.72,0.0
2025-02-27 05:15:00,6.8,3.2,0.0,1.67,0.0
2025-02-27 05:30:00,6.8,3.2,0.0,1.56,0.0
2025-02-27 05:45:00,6.7,3.3,0.0,1.53,0.0
2025-02-27 06:00:00,6.6,3.4,0.0,1.5,0.0
2025-02-27 06:15:00,6.6,3.6,0.0,1.5,0.0
2025-02-27 06:30:00,6.6,3.7,0.0,1.58,0.0
2025-02-27 06:45:00,6.6,3.9,0.0,1.72,0.0
2025-02-27 07:00:00,6.6,4.1,0.0,1.72,0.0
2025-02-27 07:15:00,6.6,4.1,0.0,1.72,0.0
2025-02-27 07:30:00,6.6,4.1,0.0,1.83,0.0
2025-02-27 07:45:00,6.6,4.1,0.0,1.83,0.0
2025-02-27 08:00:00,6.6,4.1,0.0,1.83,0.0
2025-02-27 08:15:00,6.6,4.1,0.0,1.86,0.0
2025-02-27 08:30:00,6.6,4.2,0.0,1.92,0.0
2025-02-27 08:45:00,6.6,4.2,0.0,1.89,0.0
2025-02-27 09:00:00,6.6,4.3,0.0,1.89,0.0
2025-02-27 09:15:00,6.7,4.3,0.0,1.81,0.0
2025-02-27 09:30:00,6.7,4.4,0.0,1.5,0.0
2025-02-27 09:45:00,6.8,4.5,0.0,1.39,0.0
2025-02-27 10:00:00,7.0,4.6,0.0,1.33,0.0
2025-02-27 10:15:00,7.2,4.6,0.0,1.31,0.0
2025-02-27 10:30:00,7.4,4.5,0.0,1.44,172.04
2025-02-27 10:45:00,7.7,4.6,0.0,1.5,0.0
2025-02-27 11:00:00,7.9,4.5,0.0,1.69,317.43
2025-02-27 11:15:00,8.1,4.5,0.0,1.81,1.87
2025-02-27 11:30:00,8.4,4.6,0.0,2.03,0.0
2025-02-27 11:45:00,8.6,4.6,0.0,2.14,0.03
2025-02-27 12:00:00,8.8,4.4,0.0,2.25,564.53
2025-02-27 12:15:00,9.0,4.2,0.0,2.28,900.0
2025-02-27 12:30:00,9.2,3.8,0.0,2.22,900.0
2025-02-27 12:45:00,9.4,3.5,0.0,2.11,881.94
2025-02-27 13:00:00,9.6,3.3,0.0,2.06,900.0
2025-02-27 13:15:00,9.7,3.2,0.0,2.0,298.34
2025-02-27 13:30:00,9.8,3.3,0.0,1.83,0.0
2025-02-27 13:45:00,9.9,3.4,0.0,1.72,129.39
2025-02-27 14:00:00,10.1,3.3,0.0,1.56,900.0
2025-02-27 14:15:00,10.2,3.3,0.0,1.42,900.0
2025-02-27 14:30:00,10.4,3.0,0.0,1.36,900.0
2025-02-27 14:45:00,10.6,2.7,0.0,1.25,900.0
2025-02-27 15:00:00,10.7,2.5,0.0,1.28,900.0
2025-02-27 15:15:00,10.8,2.3,0.0,1.33,717.01
2025-02-27 15:30:00,10.8,2.3,0.0,1.44,351.69
2025-02-27 15:45:00,10.7,2.3,0.0,1.56,184.59
2025-02-27 16:00:00,10.7,2.3,0.0,1.53,0.0
2025-02-27 16:15:00,10.7,2.5,0.0,1.5,0.0
2025-02-27 16:30:00,10.7,2.5,0.0,1.5,0.0
2025-02-27 16:45:00,10.7,2.8,0.0,1.42,0.0
2025-02-27 17:00:00,10.7,3.0,0.0,1.36,0.0
2025-02-27 17:15:00,10.6,2.9,0.0,1.19,0.0
2025-02-27 17:30:00,10.6,2.9,0.0,1.08,24.83
2025-02-27 17:45:00,10.5,2.8,0.0,1.0,0.0
2025-02-27 18:00:00,10.4,2.9,0.0,1.0,0.0
2025-02-27 18:15:00,10.2,3.2,0.0,1.08,0.0
2025-02-27 18:30:00,9.9,3.4,0.0,1.08,0.0
2025-02-27 18:45:00,9.7,3.8,0.0,1.22,0.0
2025-02-27 19:00:00,9.4,4.0,0.0,1.28,0.0
2025-02-27 19:15:00,9.2,4.0,0.0,1.42,0.0
2025-02-27 19:30:00,8.9,3.7,0.0,1.64,0.0
2025-02-27 19:45:00,8.6,3.6,0.0,1.83,0.0
2025-02-27 20:00:00,8.4,3.5,0.0,1.92,0.0
2025-02-27 20:15:00,8.3,3.5,0.0,1.97,0.0
2025-02-27 20:30:00,8.1,3.4,0.0,2.08,0.0
2025-02-27 20:45:00,8.1,3.5,0.0,2.11,0.0
2025-02-27 21:00:00,8.0,3.4,0.0,2.22,0.0
2025-02-27 21:15:00,7.9,3.4,0.0,2.17,0.0
2025-02-27 21:30:00,7.9,3.2,0.0,2.0,0.0
2025-02-27 21:45:00,7.9,3.1,0.0,1.92,0.0
2025-02-27 22:00:00,7.8,3.1,0.0,1.83,0.0
2025-02-27 22:15:00,7.7,3.3,0.0,1.81,0.0
2025-02-27 22:30:00,7.5,3.5,0.0,1.69,0.0
2025-02-27 22:45:00,7.2,3.6,0.0,1.58,0.0
2025-02-27 23:00:00,7.1,3.8,0.0,1.53,0.0
2025-02-27 23:15:00,7.0,3.9,0.0,1.61,0.0
2025-02-27 23:30:00,6.9,3.8,0.0,1.81,0.0
2025-02-27 23:45:00,6.8,3.8,0.0,2.06,0.0
2025-02-28 00:00:00,6.7,3.7,0.0,2.22,0.0
2025-02-28 00:15:00,6.6,3.4,0.0,2.25,0.0
2025-02-28 00:30:00,6.5,3.1,0.0,2.28,0.0
2025-02-28 00:45:00,6.3,2.6,0.0,2.28,0.0
2025-02-28 01:00:00,6.2,2.4,0.0,2.28,0.0
2025-02-28 01:15:00,6.0,2.5,0.0,2.33,0.0
2025-02-28 01:30:00,5.8,2.4,0.0,2.42,0.0
2025-02-28 01:45:00,5.6,2.6,0.0,2.47,0.0
2025-02-28 02:00:00,5.5,2.7,0.0,2.56,0.0
2025-02-28 02:15:00,5.5,2.8,0.0,2.72,0.0
2025-02-28 02:30:00,5.5,2.9,0.0,2.92,0.0
2025-02-28 02:45:00,5.5,2.9,0.0,3.03,0.0
2025-02-28 03:00:00,5.5,2.9,0.0,3.03,0.0
2025-02-28 03:15:00,5.5,2.8,0.1,2.81,0.0
2025-02-28 03:30:00,5.4,2.9,0.2,2.42,0.0
2025-02-28 03:45:00,5.3,2.8,0.5,2.0,0.0
2025-02-28 04:00:00,5.2,2.7,0.4,1.81,0.0
2025-02-28 04:15:00,5.2,2.7,0.1,1.72,0.0
2025-02-28 04:30:00,5.2,2.5,0.1,1.83,0.0
2025-02-28 04:45:00,5.2,2.5,0.0,1.86,0.0
2025-02-28 05:00:00,5.2,2.5,0.0,1.97,0.0
2025-02-28 05:15:00,5.2,2.5,0.0,1.94,0.0
2025-02-28 05:30:00,5.2,2.7,0.0,2.0,0.0
2025-02-28 05:45:00,5.1,2.8,0.0,2.11,0.0
2025-02-28 06:00:00,5.1,2.9,0.0,2.22,0.0
2025-02-28 06:15:00,5.0,3.0,0.0,2.39,0.0
2025-02-28 06:30:00,4.8,2.8,0.0,2.69,0.0
2025-02-28 06:45:00,4.7,2.8,0.0,2.94,0.0
2025-02-28 07:00:00,4.6,2.7,0.0,3.17,0.0
2025-02-28 07:15:00,4.5,2.7,0.0,3.19,0.0
2025-02-28 07:30:00,4.6,2.9,0.0,3.14,0.0
2025-02-28 07:45:00,4.6,2.9,0.0,3.03,0.0
2025-02-28 08:00:00,4.6,2.9,0.0,2.94,0.0
2025-02-28 08:15:00,4.5,2.7,0.0,2.83,0.0
2025-02-28 08:30:00,4.5,2.7,0.0,2.72,0.0
2025-02-28 08:45:00,4.5,2.5,0.0,2.69,0.0
2025-02-28 09:00:00,4.5,2.3,0.0,2.67,0.0
2025-02-28 09:15:00,4.5,2.3,0.0,2.75,0.0
2025-02-28 09:30:00,4.5,2.4,0.0,3.03,0.0
2025-02-28 09:45:00,4.6,2.3,0.0,3.19,0.0
2025-02-28 10:00:00,4.7,2.4,0.0,3.42,0.0
2025-02-28 10:15:00,4.9,2.4,0.0,3.5,0.0
2025-02-28 10:30:00,5.1,2.5,0.0,3.42,447.66
2025-02-28 10:45:00,5.4,2.5,0.0,3.44,0.0
2025-02-28 11:00:00,5.6,2.4,0.0,3.44,0.0
2025-02-28 11:15:00,5.9,2.3,0.0,3.47,0.0
2025-02-28 11:30:00,6.1,2.1,0.0,3.53,322.74
2025-02-28 11:45:00,6.3,1.8,0.0,3.64,883.33
2025-02-28 12:00:00,6.6,1.7,0.0,3.64,900.0
2025-02-28 12:15:00,6.9,1.6,0.0,3.61,900.0
2025-02-28 12:30:00,7.2,1.6,0.0,3.56,900.0
2025-02-28 12:45:00,7.5,1.7,0.0,3.61,900.0
2025-02-28 13:00:00,7.7,1.5,0.0,3.61,900.0
2025-02-28 13:15:00,7.9,1.3,0.0,3.72,900.0
2025-02-28 13:30:00,8.1,1.0,0.0,3.83,900.0
2025-02-28 13:45:00,8.2,0.7,0.0,3.83,900.0
2025-02-28 14:00:00,8.3,0.3,0.0,3.97,900.0
2025-02-28 14:15:00,8.4,0.1,0.0,3.97,900.0
2025-02-28 14:30:00,8.5,-0.0,0.0,4.0,900.0
2025-02-28 14:45:00,8.6,-0.2,0.0,3.92,900.0
2025-02-28 15:00:00,8.6,-0.4,0.0,3.94,900.0
2025-02-28 15:15:00,8.7,-0.7,0.0,3.97,900.0
2025-02-28 15:30:00,8.7,-0.7,0.0,3.97,900.0
2025-02-28 15:45:00,8.7,-0.6,0.0,3.89,900.0
2025-02-28 16:00:00,8.7,-0.7,0.0,3.83,900.0
2025-02-28 16:15:00,8.6,-0.5,0.0,3.58,900.0
2025-02-28 16:30:00,8.5,-0.1,0.0,3.31,900.0
2025-02-28 16:45:00,8.3,0.0,0.0,2.94,900.0
2025-02-28 17:00:00,8.2,0.2,0.0,2.78,768.88
2025-02-28 17:15:00,8.2,0.1,0.0,2.61,454.55
2025-02-28 17:30:00,8.1,-0.1,0.0,2.42,10.5
2025-02-28 17:45:00,8.1,-0.4,0.0,2.31,27.73
2025-02-28 18:00:00,8.0,-0.5,0.0,2.25,0.0
2025-02-28 18:15:00,7.8,-0.4,0.0,2.17,0.0
2025-02-28 18:30:00,7.6,-0.4,0.0,2.06,0.0
2025-02-28 18:45:00,7.4,-0.4,0.0,1.92,0.0
2025-02-28 19:00:00,7.1,-0.1,0.0,1.83,0.0
2025-02-28 19:15:00,6.9,0.1,0.0,1.69,0.0
2025-02-28 19:30:00,6.6,0.2,0.0,1.5,0.0
2025-02-28 19:45:00,6.3,0.4,0.0,1.36,0.0
2025-02-28 20:00:00,6.0,0.5,0.0,1.19,0.0
2025-02-28 20:15:00,5.8,0.7,0.0,1.19,0.0
2025-02-28 20:30:00,5.6,0.9,0.0,1.36,0.0
2025-02-28 20:45:00,5.4,0.9,0.0,1.69,0.0
2025-02-28 21:00:00,5.2,1.1,0.0,1.94,0.0
2025-02-28 21:15:00,5.0,1.3,0.0,2.03,0.0
2025-02-28 21:30:00,4.8,1.3,0.0,2.06,0.0
2025-02-28 21:45:00,4.6,1.3,0.0,2.11,0.0
2025-02-28 22:00:00,4.5,1.3,0.0,2.11,0.0
2025-02-28 22:15:00,4.3,1.2,0.0,2.06,0.0
2025-02-28 22:30:00,4.1,0.8,0.0,2.03,0.0
2025-02-28 22:45:00,4.0,0.5,0.0,2.0,0.0
2025-02-28 23:00:00,3.8,0.3,0.0,2.0,0.0
2025-02-28 23:15:00,3.7,0.2,0.0,2.0,0.0
2025-02-28 23:30:00,3.6,0.1,0.0,2.0,0.0
2025-02-28 23:45:00,3.5,0.2,0.0,2.0,0.0
2025-03-01 00:00:00,3.4,0.1,0.0,2.0,0.0
2025-03-01 00:15:00,3.4,0.1,0.0,2.0,0.0
2025-03-01 00:30:00,3.3,0.2,0.0,1.92,0.0
2025-03-01 00:45:00,3.3,0.2,0.0,1.94,0.0
2025-03-01 01:00:00,3.3,0.3,0.0,1.94,0.0
2025-03-01 01:15:00,3.2,0.4,0.0,2.03,0.0
2025-03-01 01:30:00,3.1,0.5,0.0,2.31,0.0
2025-03-01 01:45:00,3.1,0.6,0.0,2.5,0.0
2025-03-01 02:00:00,3.0,0.6,0.0,2.61,0.0
2025-03-01 02:15:00,3.0,0.6,0.0,2.61,0.0
2025-03-01 02:30:00,3.0,0.6,0.0,2.64,0.0
2025-03-01 02:45:00,3.0,0.4,0.0,2.58,0.0
2025-03-01 03:00:00,3.0,0.4,0.0,2.61,0.0
2025-03-01 03:15:00,3.0,0.4,0.0,2.72,0.0
2025-03-01 03:30:00,3.0,0.5,0.0,2.81,0.0
2025-03-01 03:45:00,3.0,0.5,0.0,2.86,0.0
2025-03-01 04:00:00,3.0,0.7,0.0,2.94,0.0
2025-03-01 04:15:00,3.1,0.9,0.0,3.03,0.0
2025-03-01 04:30:00,3.2,1.2,0.0,3.19,0.0
2025-03-01 04:45:00,3.3,1.5,0.0,3.31,0.0
2025-03-01 05:00:00,3.4,1.6,0.0,3.44,0.0
2025-03-01 05:15:00,3.4,1.6,0.1,3.5,0.0
2025-03-01 05:30:00,3.3,1.4,0.0,3.47,0.0
2025-03-01 05:45:00,3.2,1.1,0.0,3.58,0.0
2025-03-01 06:00:00,3.2,1.0,0.0,3.61,0.0
2025-03-01 06:15:00,3.2,1.0,0.0,3.72,0.0
2025-03-01 06:30:00,3.1,1.0,0.1,3.69,0.0
2025-03-01 06:45:00,3.1,1.2,0.1,3.75,0.0
2025-03-01 07:00:00,3.1,1.1,0.1,3.78,0.0
2025-03-01 07:15:00,3.0,1.0,0.0,3.83,0.0
2025-03-01 07:30:00,2.8,1.0,0.0,3.83,0.0
2025-03-01 07:45:00,2.7,0.9,0.1,3.89,0.0
2025-03-01 08:00:00,2.6,0.8,0.0,4.0,0.0
2025-03-01 08:15:00,2.6,0.8,0.0,3.97,0.0
2025-03-01 08:30:00,2.5,0.9,0.0,3.78,0.0
2025-03-01 08:45:00,2.5,0.9,0.1,3.67,0.0
2025-03-01 09:00:00,2.6,0.9,0.0,3.67,0.0
2025-03-01 09:15:00,2.6,0.8,0.0,3.75,0.0
2025-03-01 09:30:00,2.8,0.7,0.0,3.81,0.0
2025-03-01 09:45:00,2.9,0.3,0.0,3.89,0.0
2025-03-01 10:00:00,3.0,0.2,0.0,4.03,0.0
2025-03-01 10:15:00,3.0,0.2,0.1,3.97,0.0
2025-03-01 10:30:00,3.1,0.3,0.1,3.86,0.0
2025-03-01 10:45:00,3.1,0.3,0.1,3.81,0.0
2025-03-01 11:00:00,3.2,0.4,0.1,3.69,0.0
2025-03-01 11:15:00,3.3,0.5,0.0,3.61,260.54
2025-03-01 11:30:00,3.5,0.5,0.0,3.56,247.98
2025-03-01 11:45:00,3.6,0.5,0.0,3.42,51.71
2025-03-01 12:00:00,3.8,0.5,0.0,3.42,37.6
2025-03-01 12:15:00,3.9,0.4,0.0,3.42,0.0
2025-03-01 12:30:00,3.9,0.1,0.0,3.56,0.0
2025-03-01 12:45:00,4.0,-0.3,0.0,3.61,0.0
2025-03-01 13:00:00,4.1,-0.3,0.0,3.69,0.0
2025-03-01 13:15:00,4.2,-0.4,0.0,3.75,900.0
2025-03-01 13:30:00,4.3,-0.5,0.0,3.67,900.0
2025-03-01 13:45:00,4.4,-0.6,0.0,3.61,900.0
2025-03-01 14:00:00,4.5,-0.7,0.0,3.67,80.54
2025-03-01 14:15:00,4.5,-0.7,0.0,3.81,0.0
2025-03-01 14:30:00,4.5,-0.5,0.0,3.97,0.0
2025-03-01 14:45:00,4.4,-0.6,0.0,4.11,0.0
2025-03-01 15:00:00,4.4,-0.4,0.0,4.17,0.0
2025-03-01 15:15:00,4.5,-0.3,0.0,4.17,0.0
2025-03-01 15:30:00,4.6,-0.1,0.0,4.06,0.0
2025-03-01 15:45:00,4.6,-0.0,0.0,4.03,244.59
2025-03-01 16:00:00,4.7,0.0,0.0,4.0,0.0
2025-03-01 16:15:00,4.7,-0.1,0.0,3.94,43.72
2025-03-01 16:30:00,4.6,-0.4,0.0,3.92,314.58
2025-03-01 16:45:00,4.6,-0.6,0.0,3.83,0.0
2025-03-01 17:00:00,4.5,-0.7,0.0,3.75,209.48
2025-03-01 17:15:00,4.5,-0.7,0.0,3.75,0.0
2025-03-01 17:30:00,4.5,-0.5,0.0,3.83,0.0
2025-03-01 17:45:00,4.5,-0.3,0.0,3.78,0.0
2025-03-01 18:00:00,4.5,-0.1,0.0,3.78,0.0
2025-03-01 18:15:00,4.4,-0.2,0.0,3.56,0.0
2025-03-01 18:30:00,4.4,-0.2,0.0,3.25,0.0
2025-03-01 18:45:00,4.3,-0.3,0.0,2.94,0.0
2025-03-01 19:00:00,4.2,-0.4,0.0,2.72,0.0
2025-03-01 19:15:00,4.2,-0.4,0.0,2.64,0.0
2025-03-01 19:30:00,4.1,-0.5,0.0,2.64,0.0
2025-03-01 19:45:00,4.0,-0.8,0.0,2.69,0.0
2025-03-01 20:00:00,3.9,-0.7,0.0,2.69,0.0
2025-03-01 20:15:00,3.7,-0.5,0.0,2.69,0.0
2025-03-01 20:30:00,3.5,-0.3,0.0,2.64,0.0
2025-03-01 20:45:00,3.4,-0.1,0.0,2.58,0.0
2025-03-01 21:00:00,3.2,0.1,0.0,2.53,0.0
2025-03-01 21:15:00,3.1,0.2,0.0,2.47,0.0
2025-03-01 21:30:00,3.1,-0.1,0.0,2.56,0.0
2025-03-01 21:45:00,3.1,-0.1,0.0,2.58,0.0
2025-03-01 22:00:00,3.1,-0.1,0.0,2.58,0.0
2025-03-01 22:15:00,3.1,-0.0,0.0,2.58,0.0
2025-03-01 22:30:00,3.2,0.1,0.0,2.56,0.0
2025-03-01 22:45:00,3.3,0.3,0.0,2.61,0.0
2025-03-01 23:00:00,3.3,0.4,0.0,2.67,0.0
2025-03-01 23:15:00,3.3,0.4,0.0,2.81,0.0
2025-03-01 23:30:00,3.2,0.4,0.0,2.89,0.0
2025-03-01 23:45:00,3.2,0.4,0.0,3.03,0.0
2025-03-02 00:00:00,3.1,0.5,0.0,3.03,0.0
2025-03-02 00:15:00,3.0,0.5,0.0,3.03,0.0
2025-03-02 00:30:00,2.9,0.4,0.0,3.0,0.0
2025-03-02 00:45:00,2.8,0.5,0.0,2.92,0.0
2025-03-02 01:00:00,2.7,0.4,0.0,2.92,0.0
2025-03-02 01:15:00,2.6,0.3,0.0,2.92,0.0
2025-03-02 01:30:00,2.5,0.0,0.0,2.92,0.0
2025-03-02 01:45:00,2.4,-0.1,0.0,2.92,0.0
2025-03-02 02:00:00,2.2,-0.2,0.0,2.92,0.0
2025-03-02 02:15:00,2.1,-0.2,0.0,2.86,0.0
2025-03-02 02:30:00,1.9,-0.2,0.0,2.86,0.0
2025-03-02 02:45:00,1.7,-0.2,0.0,2.81,0.0
2025-03-02 03:00:00,1.6,-0.2,0.0,2.75,0.0
2025-03-02 03:15:00,1.4,-0.2,0.0,2.69,0.0
2025-03-02 03:30:00,1.3,-0.2,0.0,2.69,0.0
2025-03-02 03:45:00,1.2,-0.1,0.0,2.72,0.0
2025-03-02 04:00:00,1.1,-0.0,0.0,2.72,0.0
2025-03-02 04:15:00,1.1,-0.0,0.0,2.86,0.0
2025-03-02 04:30:00,1.2,0.1,0.0,3.0,0.0
2025-03-02 04:45:00,1.3,0.0,0.0,3.14,0.0
2025-03-02 05:00:00,1.3,0.0,0.0,3.28,0.0
2025-03-02 05:15:00,1.3,-0.0,0.0,3.33,0.0
2025-03-02 05:30:00,1.1,-0.2,0.0,3.42,0.0
2025-03-02 05:45:00,1.0,-0.3,0.0,3.42,0.0
2025-03-02 06:00:00,0.9,-0.4,0.0,3.42,0.0
2025-03-02 06:15:00,0.8,-0.5,0.0,3.42,0.0
2025-03-02 06:30:00,0.6,-0.5,0.0,3.42,0.0
2025-03-02 06:45:00,0.5,-0.6,0.0,3.36,0.0
2025-03-02 07:00:00,0.5,-0.7,0.0,3.36,0.0
2025-03-02 07:15:00,0.5,-0.7,0.0,3.28,0.0
2025-03-02 07:30:00,0.5,-0.6,0.0,3.11,0.0
2025-03-02 07:45:00,0.6,-0.6,0.0,3.03,0.0
2025-03-02 08:00:00,0.6,-0.5,0.0,2.94,0.0
2025-03-02 08:15:00,0.7,-0.5,0.0,2.89,0.0
2025-03-02 08:30:00,0.7,-0.6,0.0,2.92,0.0
2025-03-02 08:45:00,0.7,-0.6,0.0,3.03,0.0
2025-03-02 09:00:00,0.8,-0.7,0.0,3.14,0.0
2025-03-02 09:15:00,0.8,-0.8,0.0,3.31,0.0
2025-03-02 09:30:00,0.9,-0.7,0.0,3.5,0.0
2025-03-02 09:45:00,0.9,-0.9,0.0,3.72,0.0
2025-03-02 10:00:00,1.0,-1.0,0.0,3.86,0.0
2025-03-02 10:15:00,1.0,-1.1,0.0,3.81,0.0
2025-03-02 10:30:00,1.0,-1.2,0.0,3.72,0.0
2025-03-02 10:45:00,1.0,-1.2,0.0,3.61,0.0
2025-03-02 11:00:00,1.1,-1.3,0.0,3.58,0.0
2025-03-02 11:15:00,1.1,-1.3,0.0,3.64,184.42
2025-03-02 11:30:00,1.2,-1.2,0.0,3.69,303.31
2025-03-02 11:45:00,1.4,-1.2,0.0,3.78,92.09
2025-03-02 12:00:00,1.5,-1.1,0.0,3.78,31.88
2025-03-02 12:15:00,1.6,-1.1,0.0,3.72,94.84
2025-03-02 12:30:00,1.8,-1.3,0.0,3.69,346.31
2025-03-02 12:45:00,2.0,-1.3,0.0,3.61,494.52
2025-03-02 13:00:00,2.1,-1.3,0.0,3.58,0.0
2025-03-02 13:15:00,2.2,-1.2,0.0,3.58,75.34
2025-03-02 13:30:00,2.2,-1.2,0.0,3.67,462.03
2025-03-02 13:45:00,2.3,-1.0,0.0,3.67,441.29
2025-03-02 14:00:00,2.4,-0.9,0.0,3.67,701.63
2025-03-02 14:15:00,2.5,-0.9,0.0,3.61,620.05
2025-03-02 14:30:00,2.7,-0.9,0.0,3.56,159.45
2025-03-02 14:45:00,2.9,-0.9,0.0,3.47,225.63
2025-03-02 15:00:00,3.1,-0.9,0.0,3.44,805.54
2025-03-02 15:15:00,3.4,-0.7,0.0,3.44,900.0
2025-03-02 15:30:00,3.6,-0.4,0.0,3.47,900.0
2025-03-02 15:45:00,3.8,-0.4,0.0,3.5,900.0
2025-03-02 16:00:00,4.0,-0.2,0.0,3.58,900.0
2025-03-02 16:15:00,4.2,-0.2,0.0,3.58,900.0
2025-03-02 16:30:00,4.2,-0.4,0.0,3.64,900.0
2025-03-02 16:45:00,4.3,-0.5,0.0,3.67,900.0
2025-03-02 17:00:00,4.3,-0.7,0.0,3.69,900.0
2025-03-02 17:15:00,4.3,-0.7,0.0,3.61,900.0
2025-03-02 17:30:00,4.3,-0.7,0.0,3.56,679.31
2025-03-02 17:45:00,4.2,-0.8,0.0,3.33,215.16
2025-03-02 18:00:00,4.1,-0.7,0.0,3.19,0.0
2025-03-02 18:15:00,4.1,-0.5,0.0,2.97,0.0
2025-03-02 18:30:00,4.0,-0.4,0.0,2.69,0.0
2025-03-02 18:45:00,3.9,-0.5,0.0,2.42,0.0
2025-03-02 19:00:00,3.9,-0.3,0.0,2.19,0.0
2025-03-02 19:15:00,4.0,-0.3,0.0,2.08,0.0
2025-03-02 19:30:00,4.1,-0.2,0.0,2.11,0.0
2025-03-02 19:45:00,4.2,-0.2,0.0,2.22,0.0
2025-03-02 20:00:00,4.3,-0.2,0.0,2.25,0.0
2025-03-02 20:15:00,4.3,-0.2,0.0,2.33,0.0
2025-03-02 20:30:00,4.3,0.0,0.0,2.42,0.0
2025-03-02 20:45:00,4.3,0.2,0.0,2.39,0.0
2025-03-02 21:00:00,4.2,0.2,0.0,2.5,0.0
2025-03-02 21:15:00,4.2,0.1,0.0,2.61,0.0
2025-03-02 21:30:00,4.1,0.3,0.0,2.61,0.0
2025-03-02 21:45:00,4.1,0.3,0.0,2.69,0.0
2025-03-02 22:00:00,4.1,0.3,0.0,2.81,0.0
2025-03-02 22:15:00,4.2,0.4,0.0,2.92,0.0
2025-03-02 22:30:00,4.4,0.3,0.0,3.06,0.0
2025-03-02 22:45:00,4.5,0.2,0.0,3.22,0.0
2025-03-02 23:00:00,4.6,0.3,0.0,3.25,0.0
2025-03-02 23:15:00,4.6,0.3,0.0,3.25,0.0
2025-03-02 23:30:00,4.6,0.3,0.0,3.11,0.0
2025-03-02 23:45:00,4.5,0.5,0.0,3.06,0.0
2025-03-03 00:00:00,4.5,0.4,0.0,2.94,0.0
2025-03-03 00:15:00,4.4,0.5,0.0,2.92,0.0
2025-03-03 00:30:00,4.3,0.6,0.0,2.92,0.0
2025-03-03 00:45:00,4.2,0.5,0.0,2.83,0.0
2025-03-03 01:00:00,4.1,0.6,0.0,2.83,0.0
2025-03-03 01:15:00,4.1,0.6,0.0,2.83,0.0
2025-03-03 01:30:00,4.1,0.6,0.0,2.75,0.0
2025-03-03 01:45:00,4.2,0.7,0.0,2.64,0.0
2025-03-03 02:00:00,4.2,0.7,0.0,2.64,0.0
2025-03-03 02:15:00,4.1,0.6,0.0,2.64,0.0
2025-03-03 02:30:00,4.0,0.7,0.0,2.53,0.0
2025-03-03 02:45:00,3.9,0.8,0.0,2.53,0.0
2025-03-03 03:00:00,3.9,0.7,0.0,2.53,0.0
2025-03-03 03:15:00,3.9,0.7,0.0,2.64,0.0
2025-03-03 03:30:00,3.9,0.6,0.0,2.75,0.0
2025-03-03 03:45:00,3.9,0.6,0.0,2.94,0.0
2025-03-03 04:00:00,3.9,0.4,0.0,3.06,0.0
2025-03-03 04:15:00,4.0,0.3,0.0,3.17,0.0
2025-03-03 04:30:00,4.1,0.4,0.0,3.31,0.0
2025-03-03 04:45:00,4.1,0.3,0.0,3.44,0.0
2025-03-03 05:00:00,4.2,0.3,0.0,3.44,0.0
2025-03-03 05:15:00,4.1,0.3,0.0,3.36,0.0
2025-03-03 05:30:00,4.1,0.4,0.0,3.19,0.0
2025-03-03 05:45:00,4.0,0.3,0.0,3.08,0.0
2025-03-03 06:00:00,3.9,0.4,0.0,2.97,0.0
2025-03-03 06:15:00,3.8,0.3,0.0,2.94,0.0
2025-03-03 06:30:00,3.7,0.4,0.0,3.03,0.0
2025-03-03 06:45:00,3.7,0.4,0.0,3.03,0.0
2025-03-03 07:00:00,3.7,0.4,0.0,3.03,0.0
2025-03-03 07:15:00,3.7,0.4,0.0,2.92,0.0
2025-03-03 07:30:00,3.8,0.3,0.0,2.83,0.0
2025-03-03 07:45:00,3.9,0.4,0.0,2.75,0.0
2025-03-03 08:00:00,4.0,0.3,0.0,2.64,0.0
2025-03-03 08:15:00,4.1,0.4,0.0,2.53,0.0
2025-03-03 08:30:00,4.1,0.4,0.0,2.42,0.0
2025-03-03 08:45:00,4.1,0.3,0.0,2.31,0.0
2025-03-03 09:00:00,4.2,0.3,0.0,2.19,0.0
2025-03-03 09:15:00,4.3,0.2,0.0,2.22,103.79
2025-03-03 09:30:00,4.5,0.2,0.0,2.39,31.89
2025-03-03 09:45:00,4.7,0.2,0.0,2.53,407.4
2025-03-03 10:00:00,4.9,0.2,0.0,2.67,120.64
2025-03-03 10:15:00,5.2,0.5,0.0,2.81,388.09
2025-03-03 10:30:00,5.5,0.8,0.0,2.86,464.61
2025-03-03 10:45:00,5.8,1.0,0.0,3.03,882.67
2025-03-03 11:00:00,6.1,1.2,0.0,3.19,275.64
2025-03-03 11:15:00,6.3,1.2,0.0,3.31,291.55
2025-03-03 11:30:00,6.4,1.1,0.0,3.5,198.98
2025-03-03 11:45:00,6.6,1.1,0.0,3.61,0.0
2025-03-03 12:00:00,6.7,1.0,0.0,3.72,0.0
2025-03-03 12:15:00,6.9,1.0,0.0,3.83,59.57
2025-03-03 12:30:00,7.1,1.0,0.0,3.83,122.75
2025-03-03 12:45:00,7.3,0.9,0.0,3.83,498.43
2025-03-03 13:00:00,7.5,0.9,0.0,3.83,703.42
2025-03-03 13:15:00,7.7,0.8,0.0,3.83,900.0
2025-03-03 13:30:00,7.8,0.7,0.0,3.78,900.0
2025-03-03 13:45:00,7.9,0.8,0.0,3.69,900.0
2025-03-03 14:00:00,8.0,0.7,0.0,3.72,900.0
2025-03-03 14:15:00,8.1,0.5,0.0,3.72,900.0
2025-03-03 14:30:00,8.2,0.7,0.0,3.69,900.0
2025-03-03 14:45:00,8.4,0.6,0.0,3.69,900.0
2025-03-03 15:00:00,8.5,0.7,0.0,3.67,900.0
2025-03-03 15:15:00,8.6,0.8,0.0,3.67,900.0
2025-03-03 15:30:00,8.7,0.6,0.0,3.56,900.0
2025-03-03 15:45:00,8.8,0.7,0.0,3.44,900.0
2025-03-03 16:00:00,8.9,0.6,0.0,3.44,900.0
2025-03-03 16:15:00,9.0,0.4,0.0,3.44,900.0
2025-03-03 16:30:00,9.1,0.3,0.0,3.56,900.0
2025-03-03 16:45:00,9.2,0.1,0.0,3.56,900.0
2025-03-03 17:00:00,9.2,-0.1,0.0,3.53,900.0
2025-03-03 17:15:00,9.2,-0.2,0.0,3.42,900.0
2025-03-03 17:30:00,9.1,-0.0,0.0,3.31,900.0
2025-03-03 17:45:00,8.9,-0.2,0.0,3.19,727.34
2025-03-03 18:00:00,8.7,-0.1,0.0,3.0,213.36
2025-03-03 18:15:00,8.5,-0.0,0.0,2.81,0.0
2025-03-03 18:30:00,8.3,-0.3,0.0,2.5,0.0
2025-03-03 18:45:00,8.0,-0.3,0.0,2.31,0.0
2025-03-03 19:00:00,7.7,-0.3,0.0,2.11,0.0
2025-03-03 19:15:00,7.5,-0.3,0.0,2.11,0.0
2025-03-03 19:30:00,7.2,-0.1,0.0,2.22,0.0
2025-03-03 19:45:00,6.9,-0.1,0.0,2.33,0.0
2025-03-03 20:00:00,6.7,-0.1,0.0,2.42,0.0
2025-03-03 20:15:00,6.5,-0.1,0.0,2.42,0.0
2025-03-03 20:30:00,6.3,-0.3,0.0,2.39,0.0
2025-03-03 20:45:00,6.1,-0.2,0.0,2.39,0.0
2025-03-03 21:00:00,5.9,-0.4,0.0,2.42,0.0
2025-03-03 21:15:00,5.7,-0.6,0.0,2.33,0.0
2025-03-03 21:30:00,5.5,-0.6,0.0,2.25,0.0
2025-03-03 21:45:00,5.4,-0.7,0.0,2.19,0.0
2025-03-03 22:00:00,5.2,-0.7,0.0,2.08,0.0
2025-03-03 22:15:00,5.0,-0.7,0.0,2.0,0.0
2025-03-03 22:30:00,4.8,-0.6,0.0,1.97,0.0
2025-03-03 22:45:00,4.6,-0.6,0.0,1.92,0.0
2025-03-03 23:00:00,4.4,-0.6,0.0,1.92,0.0
2025-03-03 23:15:00,4.2,-0.8,0.0,2.0,0.0
2025-03-03 23:30:00,4.0,-0.8,0.0,2.0,0.0
2025-03-03 23:45:00,3.9,-0.9,0.0,2.11,0.0
2025-03-04 00:00:00,3.7,-1.1,0.0,2.22,0.0
2025-03-04 00:15:00,3.6,-1.2,0.0,2.22,0.0
2025-03-04 00:30:00,3.4,-1.4,0.0,2.22,0.0
2025-03-04 00:45:00,3.3,-1.5,0.0,2.19,0.0
2025-03-04 01:00:00,3.1,-1.6,0.0,2.19,0.0
2025-03-04 01:15:00,3.0,-1.7,0.0,2.19,0.0
2025-03-04 01:30:00,3.0,-1.6,0.0,2.11,0.0
2025-03-04 01:45:00,2.9,-1.5,0.0,2.0,0.0
2025-03-04 02:00:00,2.8,-1.6,0.0,2.0,0.0
2025-03-04 02:15:00,2.7,-1.6,0.0,2.0,0.0
2025-03-04 02:30:00,2.7,-1.7,0.0,2.0,0.0
2025-03-04 02:45:00,2.6,-2.0,0.0,2.0,0.0
2025-03-04 03:00:00,2.5,-2.1,0.0,2.0,0.0
2025-03-04 03:15:00,2.4,-2.4,0.0,2.0,0.0
2025-03-04 03:30:00,2.3,-2.5,0.0,2.0,0.0
2025-03-04 03:45:00,2.2,-2.7,0.0,2.03,0.0
2025-03-04 04:00:00,2.1,-2.8,0.0,2.03,0.0
2025-03-04 04:15:00,2.0,-2.9,0.0,2.03,0.0
2025-03-04 04:30:00,1.9,-2.8,0.0,2.03,0.0
2025-03-04 04:45:00,1.8,-2.7,0.0,1.92,0.0
2025-03-04 05:00:00,1.7,-2.8,0.0,1.89,0.0
2025-03-04 05:15:00,1.7,-2.8,0.0,1.89,0.0
2025-03-04 05:30:00,1.6,-2.9,0.0,1.81,0.0
2025-03-04 05:45:00,1.6,-2.9,0.0,1.69,0.0
2025-03-04 06:00:00,1.5,-3.0,0.0,1.69,0.0
2025-03-04 06:15:00,1.5,-3.0,0.0,1.69,0.0
2025-03-04 06:30:00,1.4,-3.0,0.0,1.72,0.0
2025-03-04 06:45:00,1.3,-3.0,0.0,1.86,0.0
2025-03-04 07:00:00,1.3,-3.0,0.0,1.89,0.0
2025-03-04 07:15:00,1.3,-3.0,0.0,1.86,0.0
2025-03-04 07:30:00,1.2,-3.3,0.0,1.83,0.0
2025-03-04 07:45:00,1.3,-3.4,0.0,1.72,0.0
2025-03-04 08:00:00,1.3,-3.6,0.0,1.69,0.0
2025-03-04 08:15:00,1.4,-3.7,0.0,1.69,0.0
2025-03-04 08:30:00,1.6,-3.7,0.0,1.61,506.49
2025-03-04 08:45:00,1.8,-3.7,0.0,1.61,834.55
2025-03-04 09:00:00,2.0,-3.7,0.0,1.64,900.0
2025-03-04 09:15:00,2.3,-3.8,0.0,1.78,900.0
2025-03-04 09:30:00,2.6,-3.9,0.0,1.89,900.0
2025-03-04 09:45:00,3.0,-4.1,0.0,2.11,900.0
2025-03-04 10:00:00,3.4,-4.1,0.0,2.25,900.0
2025-03-04 10:15:00,3.9,-3.8,0.0,2.14,900.0
2025-03-04 10:30:00,4.5,-3.8,0.0,2.11,900.0
2025-03-04 10:45:00,5.1,-3.4,0.0,2.0,900.0
2025-03-04 11:00:00,5.7,-3.2,0.0,2.0,900.0
2025-03-04 11:15:00,6.2,-3.0,0.0,2.03,900.0
2025-03-04 11:30:00,6.6,-2.8,0.0,2.08,900.0
2025-03-04 11:45:00,7.1,-2.7,0.0,2.19,900.0
2025-03-04 12:00:00,7.5,-2.5,0.0,2.33,900.0
2025-03-04 12:15:00,8.0,-2.4,0.0,2.42,900.0
2025-03-04 12:30:00,8.5,-1.9,0.0,2.5,900.0
2025-03-04 12:45:00,8.9,-1.8,0.0,2.56,900.0
2025-03-04 13:00:00,9.3,-1.7,0.0,2.72,900.0
2025-03-04 13:15:00,9.7,-2.0,0.0,2.92,900.0
2025-03-04 13:30:00,10.0,-2.3,0.0,3.11,900.0
2025-03-04 13:45:00,10.3,-2.7,0.0,3.33,900.0
2025-03-04 14:00:00,10.6,-2.8,0.0,3.53,900.0
2025-03-04 14:15:00,10.8,-3.0,0.0,3.61,900.0
2025-03-04 14:30:00,11.0,-2.8,0.0,3.61,900.0
2025-03-04 14:45:00,11.1,-2.7,0.0,3.61,900.0
2025-03-04 15:00:00,11.3,-2.9,0.0,3.58,900.0
2025-03-04 15:15:00,11.4,-3.2,0.0,3.56,900.0
2025-03-04 15:30:00,11.5,-3.5,0.0,3.44,900.0
2025-03-04 15:45:00,11.5,-4.2,0.0,3.31,900.0
2025-03-04 16:00:00,11.6,-4.5,0.0,3.31,900.0
2025-03-04 16:15:00,11.8,-4.8,0.0,3.39,900.0
2025-03-04 16:30:00,12.0,-5.5,0.0,3.5,900.0
2025-03-04 16:45:00,12.1,-5.9,0.0,3.61,900.0
2025-03-04 17:00:00,12.2,-6.3,0.0,3.61,900.0
2025-03-04 17:15:00,12.1,-6.4,0.0,3.5,900.0
2025-03-04 17:30:00,11.9,-6.5,0.0,3.31,900.0
2025-03-04 17:45:00,11.7,-6.7,0.0,3.11,900.0
2025-03-04 18:00:00,11.4,-6.5,0.0,2.92,887.53
2025-03-04 18:15:00,11.1,-5.9,0.0,2.72,218.71
2025-03-04 18:30:00,10.7,-5.4,0.0,2.42,0.0
2025-03-04 18:45:00,10.3,-4.9,0.0,2.11,0.0
2025-03-04 19:00:00,9.9,-4.5,0.0,1.92,0.0
2025-03-04 19:15:00,9.5,-4.5,0.0,1.72,0.0
2025-03-04 19:30:00,9.1,-4.5,0.0,1.72,0.0
2025-03-04 19:45:00,8.7,-4.5,0.0,1.69,0.0
2025-03-04 20:00:00,8.3,-4.5,0.0,1.72,0.0
2025-03-04 20:15:00,8.0,-4.1,0.0,1.78,0.0
2025-03-04 20:30:00,7.7,-4.1,0.0,1.97,0.0
2025-03-04 20:45:00,7.5,-3.7,0.0,2.06,0.0
2025-03-04 21:00:00,7.2,-3.6,0.0,2.19,0.0
2025-03-04 21:15:00,7.0,-3.9,0.0,2.28,0.0
2025-03-04 21:30:00,6.7,-4.4,0.0,2.36,0.0
2025-03-04 21:45:00,6.4,-5.0,0.0,2.39,0.0
2025-03-04 22:00:00,6.2,-5.2,0.0,2.39,0.0
2025-03-04 22:15:00,6.0,-5.3,0.0,2.39,0.0
2025-03-04 22:30:00,5.9,-5.2,0.0,2.31,0.0
2025-03-04 22:45:00,5.7,-5.0,0.0,2.28,0.0
2025-03-04 23:00:00,5.6,-5.2,0.0,2.14,0.0
2025-03-04 23:15:00,5.4,-5.3,0.0,2.03,0.0
2025-03-04 23:30:00,5.3,-5.4,0.0,2.0,0.0
2025-03-04 23:45:00,5.2,-5.5,0.0,1.89,0.0
2025-03-05 00:00:00,5.1,-5.6,0.0,1.86,0.0
2025-03-05 00:15:00,5.0,-5.7,0.0,1.78,0.0
2025-03-05 00:30:00,4.9,-5.8,0.0,1.72,0.0
2025-03-05 00:45:00,4.8,-5.8,0.0,1.61,0.0
2025-03-05 01:00:00,4.7,-5.9,0.0,1.56,0.0
2025-03-05 01:15:00,4.6,-5.8,0.0,1.56,0.0
2025-03-05 01:30:00,4.4,-5.4,0.0,1.56,0.0
2025-03-05 01:45:00,4.2,-5.1,0.0,1.53,0.0
2025-03-05 02:00:00,4.0,-5.0,0.0,1.53,0.0
2025-03-05 02:15:00,3.9,-4.8,0.0,1.53,0.0
2025-03-05 02:30:00,3.8,-4.9,0.0,1.53,0.0
2025-03-05 02:45:00,3.7,-4.7,0.0,1.44,0.0
2025-03-05 03:00:00,3.6,-4.8,0.0,1.44,0.0
2025-03-05 03:15:00,3.5,-4.9,0.0,1.47,0.0
2025-03-05 03:30:00,3.4,-5.0,0.0,1.39,0.0
2025-03-05 03:45:00,3.3,-5.1,0.0,1.44,0.0
2025-03-05 04:00:00,3.2,-5.3,0.0,1.5,0.0
2025-03-05 04:15:00,3.0,-5.4,0.0,1.56,0.0
2025-03-05 04:30:00,2.8,-5.6,0.0,1.64,0.0
2025-03-05 04:45:00,2.6,-5.5,0.0,1.64,0.0
2025-03-05 05:00:00,2.5,-5.7,0.0,1.69,0.0
2025-03-05 05:15:00,2.3,-5.6,0.0,1.64,0.0
2025-03-05 05:30:00,2.2,-5.5,0.0,1.5,0.0
2025-03-05 05:45:00,2.0,-5.6,0.0,1.39,0.0
2025-03-05 06:00:00,1.9,-5.5,0.0,1.33,0.0
2025-03-05 06:15:00,1.9,-5.5,0.0,1.25,0.0
2025-03-05 06:30:00,2.0,-5.7,0.0,1.17,0.0
2025-03-05 06:45:00,2.0,-5.9,0.0,1.08,0.0
2025-03-05 07:00:00,1.9,-5.8,0.0,1.0,0.0
2025-03-05 07:15:00,1.4,-5.5,0.0,0.94,0.0
2025-03-05 07:30:00,0.8,-5.3,0.0,0.97,0.0
2025-03-05 07:45:00,0.1,-5.3,0.0,1.08,0.0
2025-03-05 08:00:00,-0.2,-5.2,0.0,1.06,0.0
2025-03-05 08:15:00,-0.1,-5.3,0.0,1.06,280.33
2025-03-05 08:30:00,0.3,-5.5,0.0,1.06,748.95
2025-03-05 08:45:00,0.7,-5.7,0.0,0.97,900.0
2025-03-05 09:00:00,1.2,-6.0,0.0,0.97,900.0
2025-03-05 09:15:00,1.6,-5.8,0.0,0.89,900.0
2025-03-05 09:30:00,2.0,-5.4,0.0,0.86,900.0
2025-03-05 09:45:00,2.5,-5.2,0.0,0.75,900.0
2025-03-05 10:00:00,3.1,-4.8,0.0,0.72,900.0
2025-03-05 10:15:00,4.0,-4.5,0.0,0.72,900.0
2025-03-05 10:30:00,5.0,-4.3,0.0,0.81,900.0
2025-03-05 10:45:00,6.1,-3.8,0.0,0.92,900.0
2025-03-05 11:00:00,7.1,-3.7,0.0,1.0,900.0
2025-03-05 11:15:00,8.0,-3.5,0.0,1.03,900.0
2025-03-05 11:30:00,8.9,-3.7,0.0,1.06,900.0
2025-03-05 11:45:00,9.7,-3.6,0.0,1.11,900.0
2025-03-05 12:00:00,10.4,-3.3,0.0,1.25,900.0
2025-03-05 12:15:00,11.1,-2.7,0.0,1.44,900.0
2025-03-05 12:30:00,11.7,-2.2,0.0,1.61,900.0
2025-03-05 12:45:00,12.3,-1.3,0.0,1.86,900.0
2025-03-05 13:00:00,12.9,-1.1,0.0,1.89,900.0
2025-03-05 13:15:00,13.7,-1.1,0.0,1.78,900.0
2025-03-05 13:30:00,14.5,-2.0,0.0,1.69,900.0
2025-03-05 13:45:00,15.2,-2.7,0.0,1.78,900.0
2025-03-05 14:00:00,15.8,-3.7,0.0,1.97,900.0
2025-03-05 14:15:00,16.2,-4.4,0.0,2.11,900.0
2025-03-05 14:30:00,16.5,-5.3,0.0,2.31,900.0
2025-03-05 14:45:00,16.7,-5.7,0.0,2.5,900.0
2025-03-05 15:00:00,16.9,-6.3,0.0,2.61,900.0
2025-03-05 15:15:00,17.0,-6.2,0.0,2.61,900.0
2025-03-05 15:30:00,17.0,-6.1,0.0,2.64,900.0
2025-03-05 15:45:00,17.0,-5.5,0.0,2.58,900.0
2025-03-05 16:00:00,17.1,-5.5,0.0,2.5,900.0
2025-03-05 16:15:00,17.2,-5.4,0.0,2.47,900.0
2025-03-05 16:30:00,17.3,-5.9,0.0,2.36,900.0
2025-03-05 16:45:00,17.5,-5.8,0.0,2.33,900.0
2025-03-05 17:00:00,17.4,-5.8,0.0,2.22,900.0
2025-03-05 17:15:00,17.2,-5.3,0.0,2.03,900.0
2025-03-05 17:30:00,17.0,-3.8,0.0,1.83,900.0
2025-03-05 17:45:00,16.6,-3.0,0.0,1.67,900.0
2025-03-05 18:00:00,16.1,-2.4,0.0,1.69,897.6
2025-03-05 18:15:00,15.6,-2.4,0.0,1.83,278.92
2025-03-05 18:30:00,14.9,-2.6,0.0,2.03,0.0
2025-03-05 18:45:00,14.2,-2.7,0.0,2.28,0.0
2025-03-05 19:00:00,13.6,-2.8,0.0,2.47,0.0
2025-03-05 19:15:00,13.1,-2.8,0.0,2.47,0.0
2025-03-05 19:30:00,12.7,-2.4,0.0,2.33,0.0
2025-03-05 19:45:00,12.3,-2.0,0.0,2.17,0.0
2025-03-05 20:00:00,12.0,-1.9,0.0,2.08,0.0
2025-03-05 20:15:00,11.6,-1.9,0.0,1.94,0.0
2025-03-05 20:30:00,11.2,-1.9,0.0,1.89,0.0
2025-03-05 20:45:00,10.9,-2.2,0.0,1.75,0.0
2025-03-05 21:00:00,10.6,-2.2,0.0,1.67,0.0
2025-03-05 21:15:00,10.3,-2.1,0.0,1.64,0.0
2025-03-05 21:30:00,10.0,-2.3,0.0,1.64,0.0
2025-03-05 21:45:00,9.7,-2.3,0.0,1.72,0.0
2025-03-05 22:00:00,9.5,-2.5,0.0,1.75,0.0
2025-03-05 22:15:00,9.2,-2.8,0.0,1.75,0.0
2025-03-05 22:30:00,8.9,-3.4,0.0,1.78,0.0
2025-03-05 22:45:00,8.6,-3.6,0.0,1.78,0.0
2025-03-05 23:00:00,8.3,-4.2,0.0,1.69,0.0
2025-03-05 23:15:00,8.2,-4.6,0.0,1.64,0.0
2025-03-05 23:30:00,8.2,-5.0,0.0,1.5,0.0
2025-03-05 23:45:00,8.1,-5.4,0.0,1.36,0.0
2025-03-06 00:00:00,7.9,-5.6,0.0,1.25,0.0
2025-03-06 00:15:00,7.4,-5.3,0.0,1.14,0.0
2025-03-06 00:30:00,6.8,-4.9,0.0,1.0,0.0
2025-03-06 00:45:00,6.2,-4.6,0.0,1.06,0.0
2025-03-06 01:00:00,5.7,-4.5,0.0,1.03,0.0
2025-03-06 01:15:00,5.4,-4.2,0.0,0.92,0.0
2025-03-06 01:30:00,5.1,-4.2,0.0,0.86,0.0
2025-03-06 01:45:00,5.0,-4.1,0.0,0.86,0.0
2025-03-06 02:00:00,4.8,-4.0,0.0,0.83,0.0
2025-03-06 02:15:00,4.5,-4.0,0.0,0.86,0.0
2025-03-06 02:30:00,4.3,-4.2,0.0,0.81,0.0
2025-03-06 02:45:00,4.0,-4.2,0.0,0.86,0.0
2025-03-06 03:00:00,3.8,-4.5,0.0,0.92,0.0
2025-03-06 03:15:00,3.5,-4.7,0.0,0.92,0.0
2025-03-06 03:30:00,3.2,-4.7,0.0,1.0,0.0
2025-03-06 03:45:00,3.0,-4.7,0.0,1.0,0.0
2025-03-06 04:00:00,2.6,-4.8,0.0,1.0,0.0
2025-03-06 04:15:00,2.2,-4.5,0.0,1.03,0.0
2025-03-06 04:30:00,1.7,-4.4,0.0,0.94,0.0
2025-03-06 04:45:00,1.3,-4.0,0.0,1.03,0.0
2025-03-06 05:00:00,1.0,-3.9,0.0,1.0,0.0
2025-03-06 05:15:00,0.9,-3.8,0.0,1.0,0.0
2025-03-06 05:30:00,1.0,-3.7,0.0,1.0,0.0
2025-03-06 05:45:00,1.1,-3.6,0.0,1.0,0.0
2025-03-06 06:00:00,1.2,-3.5,0.0,1.0,0.0
2025-03-06 06:15:00,1.2,-3.5,0.0,1.0,0.0
2025-03-06 06:30:00,1.2,-3.5,0.0,1.11,0.0
2025-03-06 06:45:00,1.1,-3.6,0.0,1.19,0.0
2025-03-06 07:00:00,1.0,-3.5,0.0,1.19,0.0
2025-03-06 07:15:00,0.9,-3.1,0.0,1.22,0.0
2025-03-06 07:30:00,0.6,-2.8,0.0,1.11,0.0
2025-03-06 07:45:00,0.4,-2.3,0.0,1.06,0.0
2025-03-06 08:00:00,0.4,-2.0,0.0,1.08,0.0
2025-03-06 08:15:00,0.4,-2.0,0.0,1.08,236.57
2025-03-06 08:30:00,0.6,-1.8,0.0,1.17,642.74
2025-03-06 08:45:00,0.9,-1.7,0.0,1.19,900.0
2025-03-06 09:00:00,1.2,-1.7,0.0,1.19,900.0
2025-03-06 09:15:00,1.6,-1.6,0.0,1.25,900.0
2025-03-06 09:30:00,2.1,-1.7,0.0,1.36,900.0
2025-03-06 09:45:00,2.7,-1.6,0.0,1.33,900.0
2025-03-06 10:00:00,3.6,-1.4,0.0,1.33,900.0
2025-03-06 10:15:00,4.7,-1.1,0.0,1.22,900.0
2025-03-06 10:30:00,6.1,-0.9,0.0,1.11,900.0
2025-03-06 10:45:00,7.5,-0.7,0.0,0.94,900.0
2025-03-06 11:00:00,8.8,-0.5,0.0,0.92,900.0
2025-03-06 11:15:00,9.9,-0.3,0.0,1.0,900.0
2025-03-06 11:30:00,10.9,0.3,0.0,1.11,900.0
2025-03-06 11:45:00,11.8,0.6,0.0,1.31,900.0
2025-03-06 12:00:00,12.7,1.0,0.0,1.42,900.0
2025-03-06 12:15:00,13.5,1.1,0.0,1.42,900.0
2025-03-06 12:30:00,14.2,1.4,0.0,1.44,900.0
2025-03-06 12:45:00,14.9,1.4,0.0,1.5,900.0
2025-03-06 13:00:00,15.5,1.2,0.0,1.53,900.0
2025-03-06 13:15:00,16.2,1.1,0.0,1.5,900.0
2025-03-06 13:30:00,16.9,0.9,0.0,1.36,900.0
2025-03-06 13:45:00,17.5,0.6,0.0,1.31,900.0
2025-03-06 14:00:00,18.0,0.2,0.0,1.19,900.0
2025-03-06 14:15:00,18.4,0.0,0.0,1.11,900.0
2025-03-06 14:30:00,18.6,-0.3,0.0,1.17,900.0
2025-03-06 14:45:00,18.7,-0.7,0.0,1.17,900.0
2025-03-06 15:00:00,18.8,-0.6,0.0,1.22,900.0
2025-03-06 15:15:00,18.9,-0.5,0.0,1.31,900.0
2025-03-06 15:30:00,19.0,0.0,0.0,1.39,900.0
2025-03-06 15:45:00,19.0,0.0,0.0,1.44,900.0
2025-03-06 16:00:00,19.0,0.6,0.0,1.44,900.0
2025-03-06 16:15:00,19.1,0.6,0.0,1.33,900.0
2025-03-06 16:30:00,19.2,1.2,0.0,1.19,900.0
2025-03-06 16:45:00,19.3,1.3,0.0,1.11,900.0
2025-03-06 17:00:00,19.2,1.2,0.0,1.08,900.0
2025-03-06 17:15:00,19.1,1.1,0.0,1.28,900.0
2025-03-06 17:30:00,18.9,0.9,0.0,1.5,900.0
2025-03-06 17:45:00,18.7,0.7,0.0,1.83,900.0
2025-03-06 18:00:00,18.3,0.9,0.0,2.11,900.0
2025-03-06 18:15:00,17.8,0.8,0.0,2.22,429.62
2025-03-06 18:30:00,17.1,1.1,0.0,2.36,0.0
2025-03-06 18:45:00,16.4,0.9,0.0,2.42,0.0
2025-03-06 19:00:00,15.8,1.1,0.0,2.47,0.0
2025-03-06 19:15:00,15.3,1.1,0.0,2.53,0.0
2025-03-06 19:30:00,14.9,1.4,0.0,2.5,0.0
2025-03-06 19:45:00,14.5,1.4,0.0,2.33,0.0
2025-03-06 20:00:00,14.1,1.4,0.0,2.28,0.0
2025-03-06 20:15:00,13.7,1.3,0.0,2.06,0.0
2025-03-06 20:30:00,13.2,1.5,0.0,1.83,0.0
2025-03-06 20:45:00,12.8,1.7,0.0,1.56,0.0
2025-03-06 21:00:00,12.4,1.7,0.0,1.33,0.0
2025-03-06 21:15:00,12.0,1.6,0.0,1.28,0.0
2025-03-06 21:30:00,11.7,1.9,0.0,1.31,0.0
2025-03-06 21:45:00,11.4,1.9,0.0,1.31,0.0
2025-03-06 22:00:00,11.2,1.9,0.0,1.31,0.0
2025-03-06 22:15:00,10.9,2.0,0.0,1.28,0.0
2025-03-06 22:30:00,10.8,1.8,0.0,1.28,0.0
2025-03-06 22:45:00,10.6,1.9,0.0,1.33,0.0
2025-03-06 23:00:00,10.4,1.7,0.0,1.39,0.0
2025-03-06 23:15:00,10.1,1.7,0.0,1.53,0.0
2025-03-06 23:30:00,9.9,1.7,0.0,1.56,0.0
2025-03-06 23:45:00,9.7,1.6,0.0,1.58,0.0
2025-03-07 00:00:00,9.5,1.6,0.0,1.64,0.0
2025-03-07 00:15:00,9.4,1.6,0.0,1.5,0.0
2025-03-07 00:30:00,9.5,1.6,0.0,1.36,0.0
2025-03-07 00:45:00,9.5,1.6,0.0,1.22,0.0
2025-03-07 01:00:00,9.3,1.7,0.0,1.08,0.0
2025-03-07 01:15:00,8.8,1.4,0.0,1.0,0.0
2025-03-07 01:30:00,8.1,1.2,0.0,1.0,0.0
2025-03-07 01:45:00,7.3,0.7,0.0,1.03,0.0
2025-03-07 02:00:00,6.7,0.5,0.0,0.97,0.0
2025-03-07 02:15:00,6.2,0.5,0.0,0.94,0.0
2025-03-07 02:30:00,5.7,0.5,0.0,0.81,0.0
2025-03-07 02:45:00,5.3,0.4,0.0,0.69,0.0
2025-03-07 03:00:00,4.8,0.3,0.0,0.64,0.0
2025-03-07 03:15:00,4.1,0.2,0.0,0.67,0.0
2025-03-07 03:30:00,3.3,-0.0,0.0,0.81,0.0
2025-03-07 03:45:00,2.5,-0.4,0.0,0.89,0.0
2025-03-07 04:00:00,2.0,-0.6,0.0,0.94,0.0
2025-03-07 04:15:00,1.7,-0.9,0.0,0.86,0.0
2025-03-07 04:30:00,1.5,-1.1,0.0,0.86,0.0
2025-03-07 04:45:00,1.5,-1.3,0.0,0.78,0.0
2025-03-07 05:00:00,1.4,-1.5,0.0,0.72,0.0
2025-03-07 05:15:00,1.3,-1.6,0.0,0.72,0.0
2025-03-07 05:30:00,1.2,-1.9,0.0,0.69,0.0
2025-03-07 05:45:00,1.1,-2.0,0.0,0.78,0.0
2025-03-07 06:00:00,1.0,-2.1,0.0,0.72,0.0
2025-03-07 06:15:00,1.0,-2.1,0.0,0.64,0.0
2025-03-07 06:30:00,0.9,-2.2,0.0,0.5,0.0
2025-03-07 06:45:00,0.8,-2.4,0.0,0.36,0.0
2025-03-07 07:00:00,0.8,-2.4,0.0,0.31,0.0
2025-03-07 07:15:00,0.8,-2.6,0.0,0.31,0.0
2025-03-07 07:30:00,0.9,-2.5,0.0,0.19,0.0
2025-03-07 07:45:00,0.9,-2.7,0.0,0.19,0.0
2025-03-07 08:00:00,1.1,-2.7,0.0,0.19,0.0
2025-03-07 08:15:00,1.2,-2.7,0.0,0.19,197.8
2025-03-07 08:30:00,1.5,-2.5,0.0,0.31,597.73
2025-03-07 08:45:00,1.7,-2.4,0.0,0.39,900.0
2025-03-07 09:00:00,2.2,-2.2,0.0,0.39,900.0
2025-03-07 09:15:00,2.8,-2.2,0.0,0.42,900.0
2025-03-07 09:30:00,3.5,-2.1,0.0,0.36,900.0
2025-03-07 09:45:00,4.3,-2.1,0.0,0.36,900.0
2025-03-07 10:00:00,5.2,-1.9,0.0,0.31,900.0
2025-03-07 10:15:00,6.2,-1.7,0.0,0.22,900.0
2025-03-07 10:30:00,7.4,-1.1,0.0,0.14,900.0
2025-03-07 10:45:00,8.5,-0.5,0.0,0.19,900.0
2025-03-07 11:00:00,9.6,-0.1,0.0,0.19,900.0
2025-03-07 11:15:00,10.5,0.2,0.0,0.22,900.0
2025-03-07 11:30:00,11.3,0.4,0.0,0.36,900.0
2025-03-07 11:45:00,12.1,0.5,0.0,0.53,900.0
2025-03-07 12:00:00,12.8,0.5,0.0,0.67,900.0
2025-03-07 12:15:00,13.5,0.8,0.0,0.81,900.0
2025-03-07 12:30:00,14.2,1.1,0.0,0.92,900.0
2025-03-07 12:45:00,14.8,1.7,0.0,1.0,900.0
2025-03-07 13:00:00,15.4,1.8,0.0,1.08,900.0
2025-03-07 13:15:00,15.9,1.9,0.0,1.11,900.0
2025-03-07 13:30:00,16.3,1.5,0.0,1.25,900.0
2025-03-07 13:45:00,16.6,1.5,0.0,1.31,900.0
2025-03-07 14:00:00,16.9,1.3,0.0,1.39,900.0
2025-03-07 14:15:00,17.2,1.2,0.0,1.5,900.0
2025-03-07 14:30:00,17.3,1.3,0.0,1.5,900.0
2025-03-07 14:45:00,17.5,1.0,0.0,1.5,900.0
2025-03-07 15:00:00,17.6,1.1,0.0,1.5,900.0
2025-03-07 15:15:00,17.7,0.8,0.0,1.61,900.0
2025-03-07 15:30:00,17.8,0.8,0.0,1.64,900.0
2025-03-07 15:45:00,17.8,0.4,0.0,1.75,900.0
2025-03-07 16:00:00,17.8,0.4,0.0,1.75,900.0
2025-03-07 16:15:00,17.8,0.4,0.0,1.64,900.0
2025-03-07 16:30:00,17.8,0.4,0.0,1.53,900.0
2025-03-07 16:45:00,17.7,0.4,0.0,1.44,900.0
2025-03-07 17:00:00,17.6,0.7,0.0,1.31,900.0
2025-03-07 17:15:00,17.4,1.0,0.0,1.19,900.0
2025-03-07 17:30:00,17.2,1.2,0.0,1.11,900.0
2025-03-07 17:45:00,16.9,1.7,0.0,1.11,900.0
2025-03-07 18:00:00,16.5,2.1,0.0,1.03,900.0
2025-03-07 18:15:00,16.0,2.8,0.0,0.92,563.1
2025-03-07 18:30:00,15.4,3.8,0.0,0.89,93.01
2025-03-07 18:45:00,14.7,4.4,0.0,0.92,0.0
2025-03-07 19:00:00,14.1,4.4,0.0,0.97,0.0
2025-03-07 19:15:00,13.5,3.8,0.0,1.17,0.0
2025-03-07 19:30:00,12.9,3.0,0.0,1.31,0.0
2025-03-07 19:45:00,12.3,2.2,0.0,1.5,0.0
2025-03-07 20:00:00,11.8,1.4,0.0,1.58,0.0
2025-03-07 20:15:00,11.3,1.2,0.0,1.53,0.0
2025-03-07 20:30:00,10.8,1.3,0.0,1.39,0.0
2025-03-07 20:45:00,10.4,1.2,0.0,1.25,0.0
2025-03-07 21:00:00,10.1,1.4,0.0,1.11,0.0
2025-03-07 21:15:00,9.8,1.4,0.0,1.0,0.0
2025-03-07 21:30:00,9.6,1.5,0.0,0.81,0.0
2025-03-07 21:45:00,9.4,1.6,0.0,0.69,0.0
2025-03-07 22:00:00,9.1,1.8,0.0,0.64,0.0
2025-03-07 22:15:00,8.7,2.1,0.0,0.67,0.0
2025-03-07 22:30:00,8.2,2.7,0.0,0.81,0.0
2025-03-07 22:45:00,7.7,3.0,0.0,0.94,0.0
2025-03-07 23:00:00,7.3,3.4,0.0,0.94,0.0
2025-03-07 23:15:00,7.0,3.4,0.0,0.94,0.0
2025-03-07 23:30:00,6.8,3.6,0.0,0.89,0.0
2025-03-07 23:45:00,6.6,3.5,0.0,0.75,0.0
2025-03-08 00:00:00,6.3,3.5,0.0,0.72,0.0
2025-03-08 00:15:00,6.1,3.4,0.0,0.72,0.0
2025-03-08 00:30:00,5.9,3.2,0.0,0.86,0.0
2025-03-08 00:45:00,5.6,3.0,0.0,0.86,0.0
2025-03-08 01:00:00,5.3,2.8,0.0,0.86,0.0
2025-03-08 01:15:00,4.7,2.7,0.0,0.72,0.0
2025-03-08 01:30:00,4.0,2.7,0.0,0.61,0.0
2025-03-08 01:45:00,3.4,2.6,0.0,0.5,0.0
2025-03-08 02:00:00,2.8,2.5,0.0,0.44,0.0
2025-03-08 02:15:00,2.5,2.4,0.0,0.42,0.0
2025-03-08 02:30:00,2.3,2.2,0.0,0.44,0.0
2025-03-08 02:45:00,2.1,2.0,0.0,0.64,0.0
2025-03-08 03:00:00,1.9,1.8,0.0,0.69,0.0
2025-03-08 03:15:00,1.6,1.5,0.0,0.58,0.0
2025-03-08 03:30:00,1.3,1.3,0.0,0.61,0.0
2025-03-08 03:45:00,0.9,0.9,0.0,0.67,0.0
2025-03-08 04:00:00,0.6,0.6,0.0,0.78,0.0
2025-03-08 04:15:00,0.3,0.3,0.0,0.78,0.0
2025-03-08 04:30:00,0.0,-0.1,0.0,0.72,0.0
2025-03-08 04:45:00,-0.3,-0.6,0.0,0.58,0.0
2025-03-08 05:00:00,-0.6,-1.0,0.0,0.53,0.0
2025-03-08 05:15:00,-0.9,-1.5,0.0,0.53,0.0
2025-03-08 05:30:00,-1.3,-2.0,0.0,0.64,0.0
2025-03-08 05:45:00,-1.7,-2.4,0.0,0.78,0.0
2025-03-08 06:00:00,-2.0,-2.8,0.0,0.78,0.0
2025-03-08 06:15:00,-2.1,-3.1,0.0,0.78,0.0
2025-03-08 06:30:00,-2.1,-3.1,0.0,0.72,0.0
2025-03-08 06:45:00,-2.1,-3.2,0.0,0.64,0.0
2025-03-08 07:00:00,-2.0,-3.2,0.0,0.64,0.0
2025-03-08 07:15:00,-2.0,-3.1,0.0,0.64,0.0
2025-03-08 07:30:00,-1.9,-2.9,0.0,0.81,0.0
2025-03-08 07:45:00,-1.8,-2.6,0.0,0.94,0.0
2025-03-08 08:00:00,-1.5,-2.4,0.0,0.94,0.0
2025-03-08 08:15:00,-1.2,-2.2,0.0,0.94,0.0
2025-03-08 08:30:00,-0.8,-2.1,0.0,0.89,304.77
2025-03-08 08:45:00,-0.3,-1.9,0.0,0.75,872.73
2025-03-08 09:00:00,0.3,-1.8,0.0,0.72,900.0
2025-03-08 09:15:00,0.9,-1.7,0.0,0.72,900.0
2025-03-08 09:30:00,1.6,-1.5,0.0,0.72,900.0
2025-03-08 09:45:00,2.4,-1.2,0.0,0.72,900.0
2025-03-08 10:00:00,3.4,-1.0,0.0,0.83,900.0
2025-03-08 10:15:00,4.6,-0.6,0.0,0.94,900.0
2025-03-08 10:30:00,5.9,-0.4,0.0,1.08,900.0
2025-03-08 10:45:00,7.4,0.1,0.0,1.19,900.0
2025-03-08 11:00:00,8.6,0.3,0.0,1.33,900.0
2025-03-08 11:15:00,9.7,0.6,0.0,1.47,900.0
2025-03-08 11:30:00,10.7,0.7,0.0,1.75,900.0
2025-03-08 11:45:00,11.7,0.7,0.0,1.89,900.0
2025-03-08 12:00:00,12.6,0.9,0.0,2.03,900.0
2025-03-08 12:15:00,13.4,1.0,0.0,2.06,900.0
2025-03-08 12:30:00,14.1,1.0,0.0,2.0,900.0
2025-03-08 12:45:00,14.8,1.0,0.0,2.03,900.0
2025-03-08 13:00:00,15.5,0.8,0.0,2.0,900.0
2025-03-08 13:15:00,16.2,0.7,0.0,2.06,900.0
2025-03-08 13:30:00,16.8,0.9,0.0,2.14,900.0
2025-03-08 13:45:00,17.4,0.5,0.0,2.14,900.0
2025-03-08 14:00:00,18.0,0.1,0.0,2.25,900.0
2025-03-08 14:15:00,18.5,-0.4,0.0,2.39,900.0
2025-03-08 14:30:00,18.9,-1.6,0.0,2.69,900.0
2025-03-08 14:45:00,19.3,-2.4,0.0,2.97,900.0
2025-03-08 15:00:00,19.5,-3.4,0.0,3.25,900.0
2025-03-08 15:15:00,19.7,-3.9,0.0,3.33,900.0
2025-03-08 15:30:00,19.7,-3.9,0.0,3.33,900.0
2025-03-08 15:45:00,19.6,-3.3,0.0,3.33,900.0
2025-03-08 16:00:00,19.6,-3.4,0.0,3.25,900.0
2025-03-08 16:15:00,19.6,-3.4,0.0,3.25,900.0
2025-03-08 16:30:00,19.6,-3.4,0.0,3.25,900.0
2025-03-08 16:45:00,19.5,-3.5,0.0,3.19,900.0
2025-03-08 17:00:00,19.3,-3.6,0.0,3.11,900.0
2025-03-08 17:15:00,19.1,-3.2,0.0,2.92,900.0
2025-03-08 17:30:00,18.8,-2.2,0.0,2.61,900.0
2025-03-08 17:45:00,18.3,-1.5,0.0,2.28,900.0
2025-03-08 18:00:00,17.8,-1.0,0.0,2.08,900.0
2025-03-08 18:15:00,17.0,-0.3,0.0,1.89,682.26
2025-03-08 18:30:00,16.0,0.1,0.0,1.83,200.99
2025-03-08 18:45:00,15.0,0.8,0.0,1.69,0.0
2025-03-08 19:00:00,14.2,0.7,0.0,1.67,0.0
2025-03-08 19:15:00,13.5,0.5,0.0,1.67,0.0
2025-03-08 19:30:00,13.0,0.0,0.0,1.75,0.0
2025-03-08 19:45:00,12.5,-0.4,0.0,1.78,0.0
2025-03-08 20:00:00,12.1,-0.8,0.0,1.78,0.0
2025-03-08 20:15:00,11.6,-1.2,0.0,1.83,0.0
2025-03-08 20:30:00,11.3,-1.5,0.0,1.75,0.0
2025-03-08 20:45:00,10.9,-1.8,0.0,1.72,0.0
2025-03-08 21:00:00,10.6,-2.2,0.0,1.72,0.0
2025-03-08 21:15:00,10.3,-2.4,0.0,1.72,0.0
2025-03-08 21:30:00,10.1,-2.6,0.0,1.72,0.0
2025-03-08 21:45:00,9.9,-2.5,0.0,1.67,0.0
2025-03-08 22:00:00,9.6,-2.4,0.0,1.69,0.0
2025-03-08 22:15:00,9.2,-2.2,0.0,1.72,0.0
2025-03-08 22:30:00,8.8,-1.7,0.0,1.72,0.0
2025-03-08 22:45:00,8.3,-1.2,0.0,1.89,0.0
2025-03-08 23:00:00,8.0,-1.0,0.0,1.89,0.0
2025-03-08 23:15:00,7.9,-0.9,0.0,1.81,0.0
2025-03-08 23:30:00,7.8,-1.2,0.0,1.75,0.0
2025-03-08 23:45:00,7.9,-1.4,0.0,1.61,0.0
2025-03-09 00:00:00,7.8,-1.4,0.0,1.61,0.0
2025-03-09 00:15:00,7.8,-1.5,0.0,1.61,0.0
2025-03-09 00:30:00,7.7,-1.5,0.0,1.69,0.0
2025-03-09 00:45:00,7.6,-1.9,0.0,1.67,0.0
2025-03-09 01:00:00,7.5,-1.7,0.0,1.72,0.0
2025-03-09 01:15:00,7.4,-1.6,0.0,1.72,0.0
2025-03-09 01:30:00,7.2,-1.2,0.0,1.67,0.0
2025-03-09 01:45:00,7.0,-0.9,0.0,1.67,0.0
2025-03-09 02:00:00,6.9,-0.6,0.0,1.67,0.0
2025-03-09 02:15:00,6.7,-0.5,0.0,1.67,0.0
2025-03-09 02:30:00,6.6,-0.6,0.0,1.67,0.0
2025-03-09 02:45:00,6.5,-0.5,0.0,1.78,0.0
2025-03-09 03:00:00,6.4,-0.6,0.0,1.78,0.0
2025-03-09 03:15:00,6.2,-0.8,0.0,1.78,0.0
2025-03-09 03:30:00,6.0,-0.9,0.0,1.83,0.0
2025-03-09 03:45:00,5.9,-0.9,0.0,1.83,0.0
2025-03-09 04:00:00,5.7,-1.0,0.0,1.83,0.0
2025-03-09 04:15:00,5.6,-0.9,0.0,1.83,0.0
2025-03-09 04:30:00,5.6,-0.9,0.0,1.72,0.0
2025-03-09 04:45:00,5.5,-0.8,0.0,1.64,0.0
2025-03-09 05:00:00,5.4,-0.6,0.0,1.64,0.0
2025-03-09 05:15:00,5.2,-0.6,0.0,1.64,0.0
2025-03-09 05:30:00,5.0,-0.6,0.0,1.78,0.0
2025-03-09 05:45:00,4.8,-0.6,0.0,1.78,0.0
2025-03-09 06:00:00,4.6,-0.6,0.0,1.78,0.0
2025-03-09 06:15:00,4.5,-0.5,0.0,1.78,0.0
2025-03-09 06:30:00,4.5,-0.5,0.0,1.67,0.0
2025-03-09 06:45:00,4.5,-0.5,0.0,1.61,0.0
2025-03-09 07:00:00,4.5,-0.5,0.0,1.61,0.0
2025-03-09 07:15:00,4.5,-0.7,0.0,1.75,0.0
2025-03-09 07:30:00,4.6,-0.8,0.0,1.97,0.0
2025-03-09 07:45:00,4.7,-1.1,0.0,2.06,0.0
2025-03-09 08:00:00,4.9,-1.2,0.0,2.19,0.0
2025-03-09 08:15:00,5.0,-1.2,0.0,2.19,0.0
2025-03-09 08:30:00,5.2,-1.3,0.0,2.11,0.0
2025-03-09 08:45:00,5.5,-1.2,0.0,2.06,210.46
2025-03-09 09:00:00,5.9,-1.1,0.0,2.06,886.76
2025-03-09 09:15:00,6.4,-1.0,0.0,2.11,791.62
2025-03-09 09:30:00,7.1,-0.8,0.0,2.17,900.0
2025-03-09 09:45:00,7.9,-0.8,0.0,2.36,900.0
2025-03-09 10:00:00,8.8,-0.8,0.0,2.42,900.0
2025-03-09 10:15:00,9.9,-0.6,0.0,2.47,900.0
2025-03-09 10:30:00,11.2,-0.3,0.0,2.56,900.0
2025-03-09 10:45:00,12.5,-0.1,0.0,2.56,900.0
2025-03-09 11:00:00,13.6,-0.1,0.0,2.69,900.0
2025-03-09 11:15:00,14.5,-0.1,0.0,2.92,900.0
2025-03-09 11:30:00,15.2,-0.2,0.0,3.03,900.0
2025-03-09 11:45:00,15.8,-0.1,0.0,3.25,900.0
2025-03-09 12:00:00,16.3,-0.0,0.0,3.47,900.0
2025-03-09 12:15:00,16.8,-0.0,0.0,3.61,900.0
2025-03-09 12:30:00,17.2,0.3,0.0,3.81,900.0
2025-03-09 12:45:00,17.5,0.2,0.0,3.97,900.0
2025-03-09 13:00:00,17.8,0.4,0.0,4.11,900.0
2025-03-09 13:15:00,18.0,0.6,0.0,4.31,900.0
2025-03-09 13:30:00,18.1,0.2,0.0,4.58,900.0
2025-03-09 13:45:00,18.1,0.3,0.0,4.75,900.0
2025-03-09 14:00:00,18.2,-0.1,0.0,4.89,900.0
2025-03-09 14:15:00,18.3,-0.5,0.0,4.89,614.19
2025-03-09 14:30:00,18.4,-0.5,0.0,4.81,0.0
2025-03-09 14:45:00,18.4,-0.9,0.0,4.67,0.0
2025-03-09 15:00:00,18.5,-0.9,0.0,4.67,900.0
2025-03-09 15:15:00,18.7,-0.7,0.0,4.75,900.0
2025-03-09 15:30:00,18.9,-0.6,0.0,4.89,900.0
2025-03-09 15:45:00,19.1,-0.9,0.0,5.11,900.0
2025-03-09 16:00:00,19.2,-0.8,0.0,5.11,900.0
2025-03-09 16:15:00,19.4,-1.1,0.0,4.94,900.0
2025-03-09 16:30:00,19.6,-1.5,0.0,4.81,900.0
2025-03-09 16:45:00,19.8,-2.0,0.0,4.61,900.0
2025-03-09 17:00:00,19.8,-2.0,0.0,4.47,900.0
2025-03-09 17:15:00,19.6,-2.1,0.0,4.39,900.0
2025-03-09 17:30:00,19.3,-1.8,0.0,4.53,900.0
2025-03-09 17:45:00,18.9,-1.6,0.0,4.58,900.0
2025-03-09 18:00:00,18.5,-1.4,0.0,4.53,900.0
2025-03-09 18:15:00,18.0,-1.3,0.0,4.39,789.1
2025-03-09 18:30:00,17.4,-1.3,0.0,4.17,141.3
2025-03-09 18:45:00,16.7,-1.0,0.0,3.89,30.29
2025-03-09 19:00:00,16.1,-1.0,0.0,3.67,0.0
2025-03-09 19:15:00,15.5,-0.7,0.0,3.47,0.0
2025-03-09 19:30:00,15.0,-0.8,0.0,3.25,0.0
2025-03-09 19:45:00,14.4,-0.5,0.0,3.06,0.0
2025-03-09 20:00:00,13.8,-0.3,0.0,2.94,0.0
2025-03-09 20:15:00,13.3,-0.1,0.0,2.75,0.0
2025-03-09 20:30:00,12.8,-0.2,0.0,2.58,0.0
2025-03-09 20:45:00,12.3,0.1,0.0,2.42,0.0
2025-03-09 21:00:00,11.9,-0.0,0.0,2.28,0.0
2025-03-09 21:15:00,11.5,-0.0,0.0,2.25,0.0
2025-03-09 21:30:00,11.2,0.0,0.0,2.25,0.0
2025-03-09 21:45:00,10.9,-0.3,0.0,2.17,0.0
2025-03-09 22:00:00,10.6,-0.2,0.0,2.17,0.0
2025-03-09 22:15:00,10.3,-0.3,0.0,2.11,0.0
2025-03-09 22:30:00,10.0,0.0,0.0,2.0,0.0
2025-03-09 22:45:00,9.6,-0.0,0.0,1.97,0.0
2025-03-09 23:00:00,9.4,-0.0,0.0,1.94,0.0
2025-03-09 23:15:00,9.2,-0.2,0.0,1.94,0.0
2025-03-09 23:30:00,9.0,-0.6,0.0,1.94,0.0
2025-03-09 23:45:00,8.9,-1.0,0.0,1.86,0.0
2025-03-10 00:00:00,8.7,-1.1,0.0,1.86,0.0
2025-03-10 00:15:00,8.5,-1.3,0.0,1.78,0.0
2025-03-10 00:30:00,8.3,-1.2,0.0,1.78,0.0
2025-03-10 00:45:00,8.1,-1.2,0.0,1.64,0.0
2025-03-10 01:00:00,7.9,-1.4,0.0,1.64,0.0
2025-03-10 01:15:00,7.7,-1.6,0.0,1.67,0.0
2025-03-10 01:30:00,7.5,-1.7,0.0,1.67,0.0
2025-03-10 01:45:00,7.3,-1.9,0.0,1.75,0.0
2025-03-10 02:00:00,7.2,-2.0,0.0,1.75,0.0
2025-03-10 02:15:00,7.0,-1.9,0.0,1.75,0.0
2025-03-10 02:30:00,6.9,-2.0,0.0,1.75,0.0
2025-03-10 02:45:00,6.8,-1.9,0.0,1.72,0.0
2025-03-10 03:00:00,6.7,-1.7,0.0,1.72,0.0
2025-03-10 03:15:00,6.6,-1.6,0.0,1.72,0.0
2025-03-10 03:30:00,6.4,-1.7,0.0,1.69,0.0
2025-03-10 03:45:00,6.2,-1.7,0.0,1.64,0.0
2025-03-10 04:00:00,6.1,-1.5,0.0,1.64,0.0
2025-03-10 04:15:00,6.1,-1.4,0.0,1.56,0.0
2025-03-10 04:30:00,6.1,-0.9,0.0,1.5,0.0
2025-03-10 04:45:00,6.1,-0.6,0.0,1.53,0.0
2025-03-10 05:00:00,6.1,-0.5,0.0,1.53,0.0
2025-03-10 05:15:00,6.0,-0.3,0.0,1.53,0.0
2025-03-10 05:30:00,5.8,-0.5,0.0,1.67,0.0
2025-03-10 05:45:00,5.7,-0.4,0.0,1.81,0.0
2025-03-10 06:00:00,5.5,-0.6,0.0,1.86,0.0
2025-03-10 06:15:00,5.4,-0.5,0.0,1.86,0.0
2025-03-10 06:30:00,5.3,-0.4,0.0,1.81,0.0
2025-03-10 06:45:00,5.2,-0.5,0.0,1.67,0.0
2025-03-10 07:00:00,5.1,-0.4,0.0,1.67,0.0
2025-03-10 07:15:00,5.0,-0.3,0.0,1.67,0.0
2025-03-10 07:30:00,4.8,-0.2,0.0,1.75,0.0
2025-03-10 07:45:00,4.8,-0.2,0.0,1.75,0.0
2025-03-10 08:00:00,4.9,-0.2,0.0,1.75,97.24
2025-03-10 08:15:00,5.1,-0.1,0.0,1.75,656.76
2025-03-10 08:30:00,5.5,0.1,0.0,1.67,900.0
2025-03-10 08:45:00,6.0,0.3,0.0,1.72,900.0
2025-03-10 09:00:00,6.5,0.4,0.0,1.64,900.0
2025-03-10 09:15:00,7.1,0.5,0.0,1.56,900.0
2025-03-10 09:30:00,7.8,0.8,0.0,1.56,900.0
2025-03-10 09:45:00,8.6,0.8,0.0,1.5,900.0
2025-03-10 10:00:00,9.4,1.1,0.0,1.5,900.0
2025-03-10 10:15:00,10.4,1.2,0.0,1.58,900.0
2025-03-10 10:30:00,11.5,1.4,0.0,1.78,900.0
2025-03-10 10:45:00,12.5,1.5,0.0,2.06,900.0
2025-03-10 11:00:00,13.4,1.7,0.0,2.22,900.0
2025-03-10 11:15:00,13.9,1.9,0.0,2.39,900.0
2025-03-10 11:30:00,14.3,1.9,0.0,2.47,900.0
2025-03-10 11:45:00,14.6,1.8,0.0,2.44,900.0
2025-03-10 12:00:00,14.8,2.0,0.0,2.56,431.96
2025-03-10 12:15:00,15.1,2.2,0.0,2.64,63.26
2025-03-10 12:30:00,15.2,2.4,0.0,2.64,601.11
2025-03-10 12:45:00,15.4,2.2,0.0,2.64,261.2
2025-03-10 13:00:00,15.5,2.3,0.0,2.56,427.62
2025-03-10 13:15:00,15.7,2.1,0.0,2.39,623.3
2025-03-10 13:30:00,15.9,2.3,0.0,2.17,900.0
2025-03-10 13:45:00,16.1,2.1,0.0,1.92,900.0
2025-03-10 14:00:00,16.3,2.0,0.0,1.72,900.0
2025-03-10 14:15:00,16.5,2.1,0.0,1.56,900.0
2025-03-10 14:30:00,16.7,1.9,0.0,1.42,900.0
2025-03-10 14:45:00,16.9,2.1,0.0,1.33,900.0
2025-03-10 15:00:00,17.1,2.3,0.0,1.19,900.0
2025-03-10 15:15:00,17.3,2.4,0.0,1.19,900.0
2025-03-10 15:30:00,17.4,2.6,0.0,1.17,900.0
2025-03-10 15:45:00,17.6,2.3,0.0,1.19,900.0
2025-03-10 16:00:00,17.7,2.4,0.0,1.25,900.0
2025-03-10 16:15:00,17.7,2.4,0.0,1.11,900.0
2025-03-10 16:30:00,17.8,2.1,0.0,0.92,900.0
2025-03-10 16:45:00,17.8,2.1,0.0,0.75,900.0
2025-03-10 17:00:00,17.8,2.1,0.0,0.72,900.0
2025-03-10 17:15:00,17.7,2.0,0.0,0.67,900.0
2025-03-10 17:30:00,17.6,2.0,0.0,0.61,900.0
2025-03-10 17:45:00,17.4,2.2,0.0,0.64,673.41
2025-03-10 18:00:00,17.2,2.4,0.0,0.72,50.27
2025-03-10 18:15:00,16.9,2.9,0.0,0.72,0.0
2025-03-10 18:30:00,16.5,3.2,0.0,0.81,0.0
2025-03-10 18:45:00,16.1,3.8,0.0,0.75,0.0
2025-03-10 19:00:00,15.7,4.1,0.0,0.75,0.0
2025-03-10 19:15:00,15.2,4.3,0.0,0.81,0.0
2025-03-10 19:30:00,14.8,4.7,0.0,0.86,0.0
2025-03-10 19:45:00,14.3,4.9,0.0,0.86,0.0
2025-03-10 20:00:00,13.9,5.0,0.0,0.92,0.0
2025-03-10 20:15:00,13.5,5.1,0.0,0.92,0.0
2025-03-10 20:30:00,13.1,5.2,0.0,0.86,0.0
2025-03-10 20:45:00,12.7,5.4,0.0,0.78,0.0
2025-03-10 21:00:00,12.5,5.4,0.0,0.72,0.0
2025-03-10 21:15:00,12.4,5.3,0.0,0.75,0.0
2025-03-10 21:30:00,12.5,5.1,0.0,0.92,0.0
2025-03-10 21:45:00,12.6,5.0,0.0,1.0,0.0
2025-03-10 22:00:00,12.6,4.8,0.0,1.14,0.0
2025-03-10 22:15:00,12.4,4.6,0.0,1.11,0.0
2025-03-10 22:30:00,12.2,4.9,0.0,1.14,0.0
2025-03-10 22:45:00,12.0,5.0,0.0,1.14,0.0
2025-03-10 23:00:00,11.9,4.8,0.0,1.25,0.0
2025-03-10 23:15:00,11.8,4.8,0.0,1.53,0.0
2025-03-10 23:30:00,11.8,4.5,0.0,1.89,0.0
2025-03-10 23:45:00,11.8,4.3,0.0,2.28,0.0
2025-03-11 00:00:00,11.7,4.0,0.0,2.56,0.0
2025-03-11 00:15:00,11.5,3.8,0.0,2.72,0.0
2025-03-11 00:30:00,11.3,3.3,0.0,2.89,0.0
2025-03-11 00:45:00,11.0,3.1,0.0,2.92,0.0
2025-03-11 01:00:00,10.8,2.9,0.0,3.03,0.0
2025-03-11 01:15:00,10.7,3.0,0.0,3.03,0.0
2025-03-11 01:30:00,10.6,2.9,0.0,3.0,0.0
2025-03-11 01:45:00,10.5,3.1,0.0,2.92,0.0
2025-03-11 02:00:00,10.5,3.3,0.0,2.83,0.0
2025-03-11 02:15:00,10.4,3.2,0.0,2.72,0.0
2025-03-11 02:30:00,10.4,3.2,0.0,2.61,0.0
2025-03-11 02:45:00,10.4,3.2,0.0,2.5,0.0
2025-03-11 03:00:00,10.3,3.1,0.0,2.39,0.0
2025-03-11 03:15:00,10.3,3.1,0.0,2.42,0.0
2025-03-11 03:30:00,10.2,3.0,0.0,2.42,0.0
2025-03-11 03:45:00,10.1,3.1,0.0,2.31,0.0
2025-03-11 04:00:00,10.0,3.0,0.0,2.31,0.0
2025-03-11 04:15:00,9.9,2.9,0.0,2.22,0.0
2025-03-11 04:30:00,9.8,2.9,0.0,2.11,0.0
2025-03-11 04:45:00,9.7,3.0,0.0,2.0,0.0
2025-03-11 05:00:00,9.6,2.9,0.0,1.89,0.0
2025-03-11 05:15:00,9.5,3.0,0.0,1.81,0.0
2025-03-11 05:30:00,9.4,2.9,0.0,1.81,0.0
2025-03-11 05:45:00,9.2,3.0,0.0,1.81,0.0
2025-03-11 06:00:00,9.1,3.0,0.0,1.69,0.0
2025-03-11 06:15:00,8.9,3.1,0.0,1.61,0.0
2025-03-11 06:30:00,8.7,2.9,0.0,1.61,0.0
2025-03-11 06:45:00,8.5,2.9,0.0,1.53,0.0
2025-03-11 07:00:00,8.4,3.0,0.0,1.44,0.0
2025-03-11 07:15:00,8.2,3.1,0.0,1.31,0.0
2025-03-11 07:30:00,8.1,3.2,0.0,1.19,0.0
2025-03-11 07:45:00,8.1,3.3,0.0,1.11,0.0
2025-03-11 08:00:00,8.1,3.5,0.0,1.06,0.0
2025-03-11 08:15:00,8.2,3.6,0.0,1.11,0.0
2025-03-11 08:30:00,8.3,3.8,0.0,1.31,0.0
2025-03-11 08:45:00,8.5,3.9,0.0,1.36,0.0
2025-03-11 09:00:00,8.8,4.0,0.0,1.5,448.5
2025-03-11 09:15:00,9.1,4.1,0.0,1.58,737.87
2025-03-11 09:30:00,9.5,4.3,0.0,1.61,847.47
2025-03-11 09:45:00,10.0,4.5,0.0,1.56,180.55
2025-03-11 10:00:00,10.4,4.7,0.0,1.67,746.66
2025-03-11 10:15:00,10.8,4.9,0.0,1.69,900.0
2025-03-11 10:30:00,11.2,5.3,0.0,1.83,900.0
2025-03-11 10:45:00,11.6,5.7,0.0,1.89,900.0
2025-03-11 11:00:00,12.0,5.9,0.0,1.94,900.0
2025-03-11 11:15:00,12.3,5.9,0.0,2.0,900.0
2025-03-11 11:30:00,12.6,6.0,0.0,1.97,0.0
2025-03-11 11:45:00,12.9,6.0,0.0,1.97,221.06
2025-03-11 12:00:00,13.2,5.8,0.0,2.06,900.0
2025-03-11 12:15:00,13.5,5.7,0.0,2.22,900.0
2025-03-11 12:30:00,13.9,5.2,0.0,2.42,900.0
2025-03-11 12:45:00,14.2,4.7,0.0,2.72,900.0
2025-03-11 13:00:00,14.3,4.6,0.0,2.89,900.0
2025-03-11 13:15:00,14.3,4.5,0.0,2.83,900.0
2025-03-11 13:30:00,14.1,4.9,0.0,2.61,900.0
2025-03-11 13:45:00,13.9,5.2,0.0,2.31,258.94
2025-03-11 14:00:00,13.8,5.4,0.0,2.17,900.0
2025-03-11 14:15:00,13.9,5.5,0.0,2.19,525.79
2025-03-11 14:30:00,14.1,5.4,0.0,2.33,900.0
2025-03-11 14:45:00,14.2,5.3,0.0,2.56,900.0
2025-03-11 15:00:00,14.3,5.4,0.0,2.72,37.74
2025-03-11 15:15:00,14.2,5.6,0.0,2.61,0.0
2025-03-11 15:30:00,14.1,5.7,0.0,2.56,0.0
2025-03-11 15:45:00,13.9,6.0,0.0,2.28,0.0
2025-03-11 16:00:00,13.7,6.1,0.0,2.06,21.71
2025-03-11 16:15:00,13.7,6.3,0.0,1.81,0.0
2025-03-11 16:30:00,13.7,6.3,0.0,1.69,736.1
2025-03-11 16:45:00,13.7,6.3,0.0,1.58,900.0
2025-03-11 17:00:00,13.7,6.3,0.0,1.53,643.99
2025-03-11 17:15:00,13.7,6.3,0.0,1.44,0.0
2025-03-11 17:30:00,13.7,6.3,0.0,1.42,209.6
2025-03-11 17:45:00,13.7,6.3,0.0,1.42,601.47
2025-03-11 18:00:00,13.6,6.2,0.0,1.31,409.36
2025-03-11 18:15:00,13.5,6.3,0.0,1.19,149.06
2025-03-11 18:30:00,13.3,6.2,0.0,1.03,0.0
2025-03-11 18:45:00,13.1,6.2,0.0,0.83,0.0
2025-03-11 19:00:00,12.9,6.3,0.0,0.72,0.0
2025-03-11 19:15:00,12.8,6.2,0.0,0.64,0.0
2025-03-11 19:30:00,12.7,6.1,0.0,0.64,0.0
2025-03-11 19:45:00,12.6,6.0,0.0,0.5,0.0
2025-03-11 20:00:00,12.5,6.1,0.0,0.5,0.0
2025-03-11 20:15:00,12.2,6.0,0.0,0.44,0.0
2025-03-11 20:30:00,12.0,6.2,0.0,0.56,0.0
2025-03-11 20:45:00,11.7,6.4,0.0,0.75,0.0
2025-03-11 21:00:00,11.4,6.3,0.0,0.94,0.0
2025-03-11 21:15:00,11.1,6.3,0.0,1.08,0.0
2025-03-11 21:30:00,10.9,6.0,0.0,1.19,0.0
2025-03-11 21:45:00,10.6,6.0,0.0,1.39,0.0
2025-03-11 22:00:00,10.4,5.7,0.0,1.44,0.0
2025-03-11 22:15:00,10.1,5.5,0.0,1.44,0.0
2025-03-11 22:30:00,9.8,5.2,0.0,1.36,0.0
2025-03-11 22:45:00,9.6,4.8,0.0,1.28,0.0
2025-03-11 23:00:00,9.4,4.6,0.0,1.19,0.0
2025-03-11 23:15:00,9.3,4.5,0.0,1.19,0.0
2025-03-11 23:30:00,9.2,4.4,0.0,1.28,0.0
2025-03-11 23:45:00,9.1,4.3,0.0,1.36,0.0
2025-03-12 00:00:00,9.1,4.3,0.0,1.36,0.0
2025-03-12 00:15:00,9.0,4.2,0.0,1.31,0.0
2025-03-12 00:30:00,9.0,4.2,0.0,1.17,0.0
2025-03-12 00:45:00,8.9,4.3,0.0,1.03,0.0
2025-03-12 01:00:00,8.7,4.1,0.0,0.89,0.0
2025-03-12 01:15:00,8.5,4.1,0.0,0.86,0.0
2025-03-12 01:30:00,8.2,4.0,0.0,0.69,0.0
2025-03-12 01:45:00,7.9,3.9,0.0,0.69,0.0
2025-03-12 02:00:00,7.6,3.8,0.0,0.72,0.0
2025-03-12 02:15:00,7.3,3.7,0.0,0.75,0.0
2025-03-12 02:30:00,6.9,3.7,0.0,0.81,0.0
2025-03-12 02:45:00,6.6,3.5,0.0,0.86,0.0
2025-03-12 03:00:00,6.3,3.5,0.0,0.86,0.0
2025-03-12 03:15:00,6.1,3.4,0.0,0.86,0.0
2025-03-12 03:30:00,6.0,3.3,0.0,0.94,0.0
2025-03-12 03:45:00,5.9,3.4,0.0,0.94,0.0
2025-03-12 04:00:00,5.8,3.3,0.0,0.94,0.0
2025-03-12 04:15:00,5.7,3.3,0.0,1.0,0.0
2025-03-12 04:30:00,5.5,3.1,0.0,0.92,0.0
2025-03-12 04:45:00,5.3,3.1,0.0,0.92,0.0
2025-03-12 05:00:00,5.1,2.9,0.0,1.0,0.0
2025-03-12 05:15:00,4.9,2.9,0.0,1.0,0.0
2025-03-12 05:30:00,4.7,2.7,0.0,1.14,0.0
2025-03-12 05:45:00,4.6,2.7,0.0,1.14,0.0
2025-03-12 06:00:00,4.5,2.6,0.0,1.19,0.0
2025-03-12 06:15:00,4.4,2.5,0.0,1.19,0.0
2025-03-12 06:30:00,4.3,2.5,0.0,1.22,0.0
2025-03-12 06:45:00,4.3,2.5,0.0,1.25,0.0
2025-03-12 07:00:00,4.3,2.4,0.0,1.25,0.0
2025-03-12 07:15:00,4.2,2.4,0.0,1.22,0.0
2025-03-12 07:30:00,4.1,2.1,0.0,1.19,0.0
2025-03-12 07:45:00,4.1,2.1,0.0,1.14,0.0
2025-03-12 08:00:00,4.2,2.1,0.0,1.08,0.0
2025-03-12 08:15:00,4.5,2.2,0.0,1.0,892.23
2025-03-12 08:30:00,4.8,2.3,0.0,1.0,900.0
2025-03-12 08:45:00,5.2,2.5,0.0,0.94,900.0
2025-03-12 09:00:00,5.7,2.8,0.0,0.89,900.0
2025-03-12 09:15:00,6.2,3.0,0.0,0.81,900.0
2025-03-12 09:30:00,6.9,3.3,0.0,0.78,900.0
2025-03-12 09:45:00,7.6,3.4,0.0,0.78,900.0
2025-03-12 10:00:00,8.3,3.7,0.0,0.86,900.0
2025-03-12 10:15:00,9.0,4.0,0.0,1.06,900.0
2025-03-12 10:30:00,9.8,4.3,0.0,1.33,900.0
2025-03-12 10:45:00,10.6,4.9,0.0,1.72,900.0
2025-03-12 11:00:00,11.2,5.1,0.0,1.86,900.0
2025-03-12 11:15:00,11.8,5.2,0.0,1.64,900.0
2025-03-12 11:30:00,12.3,5.4,0.0,1.33,900.0
2025-03-12 11:45:00,12.7,5.3,0.0,0.92,900.0
2025-03-12 12:00:00,13.1,5.5,0.0,0.64,900.0
2025-03-12 12:15:00,13.6,5.7,0.0,0.58,900.0
2025-03-12 12:30:00,14.0,5.6,0.0,0.78,900.0
2025-03-12 12:45:00,14.4,5.7,0.0,1.0,900.0
2025-03-12 13:00:00,14.7,5.8,0.0,1.19,900.0
2025-03-12 13:15:00,15.0,5.8,0.0,1.33,900.0
2025-03-12 13:30:00,15.3,5.8,0.0,1.42,900.0
2025-03-12 13:45:00,15.6,5.5,0.0,1.64,900.0
2025-03-12 14:00:00,15.8,5.4,0.0,1.69,900.0
2025-03-12 14:15:00,16.0,5.0,0.0,1.83,900.0
2025-03-12 14:30:00,16.1,4.5,0.0,1.92,900.0
2025-03-12 14:45:00,16.2,4.3,0.0,1.97,900.0
2025-03-12 15:00:00,16.3,3.7,0.0,2.06,900.0
2025-03-12 15:15:00,16.3,3.3,0.0,2.14,372.46
2025-03-12 15:30:00,16.2,2.6,0.0,2.17,76.69
2025-03-12 15:45:00,16.1,2.1,0.0,2.11,72.23
2025-03-12 16:00:00,16.1,2.1,0.0,2.11,0.0
2025-03-12 16:15:00,16.1,2.1,0.0,2.08,11.96
2025-03-12 16:30:00,16.2,2.2,0.0,2.06,9.57
2025-03-12 16:45:00,16.2,2.6,0.0,2.0,78.01
2025-03-12 17:00:00,16.1,3.2,0.0,1.89,0.0
2025-03-12 17:15:00,15.8,3.9,0.0,1.69,0.0
2025-03-12 17:30:00,15.4,4.7,0.0,1.31,0.0
2025-03-12 17:45:00,15.0,5.7,0.0,0.94,0.0
2025-03-12 18:00:00,14.6,6.4,0.1,0.69,0.0
2025-03-12 18:15:00,14.2,7.0,0.1,0.69,0.0
2025-03-12 18:30:00,13.9,7.4,0.8,0.81,0.0
2025-03-12 18:45:00,13.6,8.0,0.5,0.92,0.0
2025-03-12 19:00:00,13.3,8.2,0.0,0.83,0.0
2025-03-12 19:15:00,13.2,8.2,0.0,0.58,0.0
2025-03-12 19:30:00,13.1,8.3,0.1,0.39,0.0
2025-03-12 19:45:00,13.0,8.2,0.0,0.72,0.0
2025-03-12 20:00:00,12.7,8.2,0.0,1.06,0.0
2025-03-12 20:15:00,12.3,8.2,0.0,1.31,0.0
2025-03-12 20:30:00,11.8,8.2,0.0,1.58,0.0
2025-03-12 20:45:00,11.2,8.3,0.0,1.83,0.0
2025-03-12 21:00:00,10.7,8.1,0.0,2.11,0.0
2025-03-12 21:15:00,10.3,7.9,0.0,2.33,0.0
2025-03-12 21:30:00,10.0,7.7,0.0,2.36,0.0
2025-03-12 21:45:00,9.7,7.6,0.0,2.5,0.0
2025-03-12 22:00:00,9.3,7.3,0.0,2.61,0.0
2025-03-12 22:15:00,9.0,6.9,0.0,2.78,0.0
2025-03-12 22:30:00,8.6,6.7,0.0,2.92,0.0
2025-03-12 22:45:00,8.3,6.4,0.0,3.19,0.0
2025-03-12 23:00:00,8.0,6.1,0.0,3.33,0.0
2025-03-12 23:15:00,7.8,5.9,0.0,3.42,0.0
2025-03-12 23:30:00,7.6,5.9,0.0,3.33,0.0
2025-03-12 23:45:00,7.5,5.8,0.0,3.28,0.0
2025-03-13 00:00:00,7.3,5.6,0.2,3.19,0.0
2025-03-13 00:15:00,7.2,5.5,0.2,3.19,0.0
2025-03-13 00:30:00,7.1,5.4,0.0,3.25,0.0
2025-03-13 00:45:00,7.0,5.3,0.0,3.19,0.0
2025-03-13 01:00:00,7.0,5.3,0.1,3.25,0.0
2025-03-13 01:15:00,6.9,5.2,0.0,3.33,0.0
2025-03-13 01:30:00,6.8,5.1,0.0,3.53,0.0
2025-03-13 01:45:00,6.8,5.2,0.0,3.61,0.0
2025-03-13 02:00:00,6.7,5.2,0.0,3.69,0.0
2025-03-13 02:15:00,6.7,5.1,0.0,3.69,0.0
2025-03-13 02:30:00,6.6,5.2,0.0,3.61,0.0
2025-03-13 02:45:00,6.5,5.1,0.0,3.53,0.0
2025-03-13 03:00:00,6.5,5.1,0.0,3.39,0.0
2025-03-13 03:15:00,6.4,5.0,0.0,3.19,0.0
2025-03-13 03:30:00,6.3,4.9,0.0,2.83,0.0
2025-03-13 03:45:00,6.2,4.9,0.0,2.61,0.0
2025-03-13 04:00:00,6.2,4.8,0.0,2.42,0.0
2025-03-13 04:15:00,6.1,4.8,0.0,2.42,0.0
2025-03-13 04:30:00,6.1,4.8,0.0,2.61,0.0
2025-03-13 04:45:00,6.1,4.8,0.0,2.83,0.0
2025-03-13 05:00:00,6.1,4.8,0.0,2.89,0.0
2025-03-13 05:15:00,6.1,4.7,0.0,2.92,0.0
2025-03-13 05:30:00,6.0,4.7,0.0,2.86,0.0
2025-03-13 05:45:00,5.9,4.6,0.0,2.75,0.0
2025-03-13 06:00:00,5.9,4.5,0.0,2.69,0.0
2025-03-13 06:15:00,5.8,4.5,0.0,2.56,0.0
2025-03-13 06:30:00,5.8,4.5,0.0,2.39,0.0
2025-03-13 06:45:00,5.8,4.4,0.1,2.25,0.0
2025-03-13 07:00:00,5.7,4.4,0.3,2.25,0.0
2025-03-13 07:15:00,5.6,4.1,0.4,2.42,0.0
2025-03-13 07:30:00,5.5,3.8,0.4,2.86,0.0
2025-03-13 07:45:00,5.4,3.6,0.7,3.17,0.0
2025-03-13 08:00:00,5.3,3.3,1.0,3.36,0.0
2025-03-13 08:15:00,5.2,3.2,0.8,3.17,0.0
2025-03-13 08:30:00,5.2,3.2,0.3,2.92,0.0
2025-03-13 08:45:00,5.1,3.1,0.3,2.56,0.0
2025-03-13 09:00:00,5.1,3.1,0.3,2.36,0.0
2025-03-13 09:15:00,5.1,3.1,0.2,2.42,0.0
2025-03-13 09:30:00,5.0,3.2,0.2,2.56,0.0
2025-03-13 09:45:00,5.1,3.2,0.4,2.78,0.0
2025-03-13 10:00:00,5.1,3.2,0.4,2.92,0.0
2025-03-13 10:15:00,5.1,3.3,0.4,3.06,0.0
2025-03-13 10:30:00,5.2,3.3,0.5,3.19,0.0
2025-03-13 10:45:00,5.2,3.4,0.6,3.19,0.0
2025-03-13 11:00:00,5.3,3.4,0.7,3.28,0.0
2025-03-13 11:15:00,5.2,3.4,0.6,3.28,0.0
2025-03-13 11:30:00,5.2,3.2,0.4,3.22,0.0
2025-03-13 11:45:00,5.1,3.0,0.3,3.25,0.0
2025-03-13 12:00:00,5.1,2.9,0.3,3.25,0.0
2025-03-13 12:15:00,5.1,2.9,0.3,3.31,0.0
2025-03-13 12:30:00,5.1,2.8,0.3,3.42,0.0
2025-03-13 12:45:00,5.1,2.8,0.3,3.56,0.0
2025-03-13 13:00:00,5.1,2.8,0.3,3.67,0.0
2025-03-13 13:15:00,5.1,2.8,0.2,3.81,0.0
2025-03-13 13:30:00,5.1,2.8,0.1,4.11,0.0
2025-03-13 13:45:00,5.0,2.7,0.2,4.33,0.0
2025-03-13 14:00:00,4.9,2.6,0.3,4.47,0.0
2025-03-13 14:15:00,4.7,2.4,0.4,4.64,0.0
2025-03-13 14:30:00,4.5,2.2,0.4,4.67,0.0
2025-03-13 14:45:00,4.1,1.8,0.4,4.61,0.0
2025-03-13 15:00:00,3.8,1.5,0.4,4.64,0.0
2025-03-13 15:15:00,3.3,1.1,0.4,4.53,0.0
2025-03-13 15:30:00,2.7,0.9,0.4,4.39,0.0
2025-03-13 15:45:00,2.1,0.6,0.3,4.31,0.0
2025-03-13 16:00:00,1.7,0.4,0.3,4.22,0.0
2025-03-13 16:15:00,1.5,0.3,0.3,4.28,0.0
2025-03-13 16:30:00,1.4,0.2,0.3,4.42,0.0
2025-03-13 16:45:00,1.3,0.3,0.3,4.61,0.0
2025-03-13 17:00:00,1.3,0.3,0.4,4.72,0.0
2025-03-13 17:15:00,1.2,0.2,0.2,4.72,0.0
2025-03-13 17:30:00,1.2,0.2,0.2,4.61,0.0
2025-03-13 17:45:00,1.2,0.2,0.3,4.61,0.0
2025-03-13 18:00:00,1.2,0.2,0.3,4.53,0.0
2025-03-13 18:15:00,1.3,0.3,0.2,4.5,0.0
2025-03-13 18:30:00,1.3,0.3,0.2,4.47,0.0
2025-03-13 18:45:00,1.4,0.4,0.2,4.33,0.0
2025-03-13 19:00:00,1.5,0.5,0.2,4.31,0.0
2025-03-13 19:15:00,1.6,0.6,0.1,4.19,0.0
2025-03-13 19:30:00,1.7,0.7,0.1,4.08,0.0
2025-03-13 19:45:00,1.8,0.6,0.1,3.97,0.0
2025-03-13 20:00:00,1.9,0.7,0.1,3.94,0.0
2025-03-13 20:15:00,2.1,0.8,0.1,3.94,0.0
2025-03-13 20:30:00,2.3,0.8,0.1,4.06,0.0
2025-03-13 20:45:00,2.5,0.9,0.2,4.14,0.0
2025-03-13 21:00:00,2.7,0.9,0.2,4.14,0.0
2025-03-13 21:15:00,2.9,0.9,0.1,3.92,0.0
2025-03-13 21:30:00,3.0,1.1,0.0,3.72,0.0
2025-03-13 21:45:00,3.1,1.0,0.0,3.39,0.0
2025-03-13 22:00:00,3.2,1.0,0.0,3.11,0.0
2025-03-13 22:15:00,3.1,1.0,0.0,2.89,0.0
2025-03-13 22:30:00,3.1,0.9,0.0,2.69,0.0
2025-03-13 22:45:00,2.9,1.0,0.0,2.5,0.0
2025-03-13 23:00:00,2.8,0.9,0.0,2.42,0.0
2025-03-13 23:15:00,2.7,0.8,0.0,2.31,0.0
2025-03-13 23:30:00,2.6,0.8,0.0,2.31,0.0
2025-03-13 23:45:00,2.4,0.6,0.0,2.31,0.0
2025-03-14 00:00:00,2.3,0.5,0.0,2.31,0.0
2025-03-14 00:15:00,2.3,0.5,0.0,2.19,0.0
2025-03-14 00:30:00,2.2,0.4,0.0,2.11,0.0
2025-03-14 00:45:00,2.2,0.4,0.0,2.0,0.0
2025-03-14 01:00:00,2.1,0.3,0.0,1.92,0.0
2025-03-14 01:15:00,2.1,0.3,0.0,1.83,0.0
2025-03-14 01:30:00,2.0,0.2,0.0,1.78,0.0
2025-03-14 01:45:00,1.9,0.1,0.0,1.58,0.0
2025-03-14 02:00:00,1.8,0.0,0.0,1.44,0.0
2025-03-14 02:15:00,1.7,-0.1,0.0,1.22,0.0
2025-03-14 02:30:00,1.5,-0.1,0.0,0.92,0.0
2025-03-14 02:45:00,1.4,-0.1,0.0,0.86,0.0
2025-03-14 03:00:00,1.2,-0.2,0.0,0.81,0.0
2025-03-14 03:15:00,1.1,-0.3,0.0,0.83,0.0
2025-03-14 03:30:00,1.0,-0.3,0.0,0.75,0.0
2025-03-14 03:45:00,0.9,-0.4,0.0,0.67,0.0
2025-03-14 04:00:00,0.9,-0.4,0.0,0.67,0.0
2025-03-14 04:15:00,0.8,-0.5,0.0,0.61,0.0
2025-03-14 04:30:00,0.8,-0.6,0.0,0.64,0.0
2025-03-14 04:45:00,0.8,-0.6,0.0,0.78,0.0
2025-03-14 05:00:00,0.8,-0.7,0.0,0.86,0.0
2025-03-14 05:15:00,0.7,-0.8,0.0,0.72,0.0
2025-03-14 05:30:00,0.6,-0.7,0.0,0.69,0.0
2025-03-14 05:45:00,0.4,-0.7,0.0,0.83,0.0
2025-03-14 06:00:00,0.3,-0.8,0.0,0.94,0.0
2025-03-14 06:15:00,0.2,-0.9,0.0,1.0,0.0
2025-03-14 06:30:00,0.1,-0.9,0.0,1.0,0.0
2025-03-14 06:45:00,0.1,-0.9,0.0,1.0,0.0
2025-03-14 07:00:00,0.1,-0.9,0.0,0.92,0.0
2025-03-14 07:15:00,0.1,-0.9,0.0,0.86,0.0
2025-03-14 07:30:00,0.2,-0.8,0.0,0.78,0.0
2025-03-14 07:45:00,0.3,-0.7,0.0,0.64,0.0
2025-03-14 08:00:00,0.5,-0.7,0.0,0.67,0.0
2025-03-14 08:15:00,0.6,-0.7,0.0,0.86,0.0
2025-03-14 08:30:00,0.8,-0.6,0.0,1.08,0.0
2025-03-14 08:45:00,1.0,-0.6,0.0,1.44,0.0
2025-03-14 09:00:00,1.3,-0.5,0.0,1.56,0.0
2025-03-14 09:15:00,1.6,-0.3,0.0,1.61,0.0
2025-03-14 09:30:00,2.0,-0.2,0.0,1.64,0.0
2025-03-14 09:45:00,2.4,-0.0,0.0,1.56,0.0
2025-03-14 10:00:00,2.7,0.1,0.0,1.56,0.0
2025-03-14 10:15:00,2.9,0.3,0.0,1.58,0.0
2025-03-14 10:30:00,3.1,0.5,0.0,1.61,0.0
2025-03-14 10:45:00,3.2,0.6,0.0,1.67,0.0
2025-03-14 11:00:00,3.4,0.7,0.0,1.67,0.0
2025-03-14 11:15:00,3.6,0.9,0.1,1.61,0.0
2025-03-14 11:30:00,3.8,1.0,0.1,1.58,0.0
2025-03-14 11:45:00,4.0,1.0,0.1,1.56,0.0
2025-03-14 12:00:00,4.2,1.2,0.1,1.5,0.0
2025-03-14 12:15:00,4.3,1.3,0.1,1.44,0.0
2025-03-14 12:30:00,4.3,1.3,0.1,1.44,0.0
2025-03-14 12:45:00,4.3,1.3,0.1,1.5,0.0
2025-03-14 13:00:00,4.3,1.3,0.1,1.53,0.0
2025-03-14 13:15:00,4.3,1.5,0.1,1.61,0.0
2025-03-14 13:30:00,4.2,1.6,0.1,1.81,0.0
2025-03-14 13:45:00,4.2,1.9,0.1,1.89,0.0
2025-03-14 14:00:00,4.2,1.9,0.1,2.0,54.44
2025-03-14 14:15:00,4.3,1.8,0.1,2.11,0.0
2025-03-14 14:30:00,4.4,1.6,0.0,2.25,0.0
2025-03-14 14:45:00,4.6,1.4,0.0,2.42,0.0
2025-03-14 15:00:00,4.7,1.4,0.0,2.44,0.0
2025-03-14 15:15:00,4.8,1.4,0.0,2.47,0.0
2025-03-14 15:30:00,4.8,1.5,0.0,2.47,0.0
2025-03-14 15:45:00,4.9,1.5,0.0,2.47,0.0
2025-03-14 16:00:00,4.9,1.5,0.1,2.47,127.72
2025-03-14 16:15:00,4.9,1.5,0.1,2.42,0.0
2025-03-14 16:30:00,4.9,1.5,0.0,2.47,0.0
2025-03-14 16:45:00,4.9,1.7,0.0,2.42,0.0
2025-03-14 17:00:00,4.9,1.7,0.0,2.39,0.0
2025-03-14 17:15:00,4.8,1.7,0.0,2.36,0.0
2025-03-14 17:30:00,4.8,1.8,0.0,2.28,0.0
2025-03-14 17:45:00,4.7,1.7,0.0,2.28,0.0
2025-03-14 18:00:00,4.7,1.9,0.0,2.19,0.0
2025-03-14 18:15:00,4.6,1.9,0.0,2.19,0.0
2025-03-14 18:30:00,4.5,1.8,0.0,2.14,0.0
2025-03-14 18:45:00,4.4,1.9,0.0,2.14,0.0
2025-03-14 19:00:00,4.3,1.8,0.0,2.08,0.0
2025-03-14 19:15:00,4.4,1.9,0.0,2.03,0.0
2025-03-14 19:30:00,4.5,1.8,0.0,1.94,0.0
2025-03-14 19:45:00,4.6,1.8,0.0,1.86,0.0
2025-03-14 20:00:00,4.6,1.8,0.0,1.78,0.0
2025-03-14 20:15:00,4.5,1.7,0.0,1.78,0.0
2025-03-14 20:30:00,4.3,1.5,0.0,1.92,0.0
2025-03-14 20:45:00,4.2,1.5,0.0,2.0,0.0
2025-03-14 21:00:00,4.0,1.3,0.0,2.08,0.0
2025-03-14 21:15:00,3.8,1.4,0.0,2.08,0.0
2025-03-14 21:30:00,3.6,1.2,0.0,1.94,0.0
2025-03-14 21:45:00,3.4,1.1,0.0,1.86,0.0
2025-03-14 22:00:00,3.3,1.1,0.0,1.78,0.0
2025-03-14 22:15:00,3.1,1.2,0.0,1.69,0.0
2025-03-14 22:30:00,3.0,1.0,0.0,1.78,0.0
2025-03-14 22:45:00,2.8,1.0,0.0,1.69,0.0
2025-03-14 23:00:00,2.7,0.9,0.0,1.78,0.0
2025-03-14 23:15:00,2.5,0.7,0.0,1.83,0.0
2025-03-14 23:30:00,2.4,0.6,0.0,1.92,0.0
2025-03-14 23:45:00,2.3,0.4,0.0,1.97,0.0
2025-03-15 00:00:00,2.2,0.2,0.0,1.97,0.0
2025-03-15 00:15:00,2.0,0.1,0.0,1.83,0.0
2025-03-15 00:30:00,1.9,-0.1,0.0,1.78,0.0
2025-03-15 00:45:00,1.8,-0.0,0.0,1.69,0.0
2025-03-15 01:00:00,1.6,-0.2,0.0,1.67,0.0
2025-03-15 01:15:00,1.5,-0.3,0.0,1.67,0.0
2025-03-15 01:30:00,1.4,-0.3,0.0,1.78,0.0
2025-03-15 01:45:00,1.3,-0.2,0.0,1.83,0.0
2025-03-15 02:00:00,1.2,-0.3,0.0,1.89,0.0
2025-03-15 02:15:00,1.1,-0.4,0.0,1.89,0.0
2025-03-15 02:30:00,1.0,-0.3,0.0,2.03,0.0
2025-03-15 02:45:00,0.9,-0.4,0.0,2.03,0.0
2025-03-15 03:00:00,0.8,-0.5,0.0,2.03,0.0
2025-03-15 03:15:00,0.7,-0.6,0.0,2.03,0.0
2025-03-15 03:30:00,0.7,-0.5,0.0,2.03,0.0
2025-03-15 03:45:00,0.6,-0.6,0.0,2.03,0.0
2025-03-15 04:00:00,0.5,-0.6,0.0,2.03,0.0
2025-03-15 04:15:00,0.5,-0.7,0.0,1.97,0.0
2025-03-15 04:30:00,0.4,-0.8,0.0,1.97,0.0
2025-03-15 04:45:00,0.3,-0.8,0.0,1.92,0.0
2025-03-15 05:00:00,0.3,-0.9,0.0,1.89,0.0
2025-03-15 05:15:00,0.2,-0.9,0.0,1.83,0.0
2025-03-15 05:30:00,0.2,-0.8,0.0,1.72,0.0
2025-03-15 05:45:00,0.2,-0.7,0.0,1.67,0.0
2025-03-15 06:00:00,0.1,-0.7,0.0,1.67,0.0
2025-03-15 06:15:00,0.1,-0.8,0.0,1.72,0.0
2025-03-15 06:30:00,0.0,-0.7,0.0,1.78,0.0
2025-03-15 06:45:00,-0.1,-0.8,0.0,1.94,0.0
2025-03-15 07:00:00,-0.1,-0.8,0.0,2.08,0.0
2025-03-15 07:15:00,-0.1,-0.8,0.0,2.25,0.0
2025-03-15 07:30:00,-0.0,-0.7,0.0,2.42,0.0
2025-03-15 07:45:00,0.0,-0.7,0.0,2.58,0.0
2025-03-15 08:00:00,0.1,-0.7,0.0,2.78,0.0
2025-03-15 08:15:00,0.3,-0.7,0.0,2.81,0.0
2025-03-15 08:30:00,0.6,-0.7,0.0,2.86,254.68
2025-03-15 08:45:00,0.8,-0.6,0.0,2.86,900.0
2025-03-15 09:00:00,1.1,-0.7,0.0,2.92,872.34
2025-03-15 09:15:00,1.4,-0.7,0.0,3.0,517.7
2025-03-15 09:30:00,1.7,-0.6,0.0,3.17,753.42
2025-03-15 09:45:00,2.0,-0.6,0.0,3.36,900.0
2025-03-15 10:00:00,2.3,-0.7,0.0,3.44,900.0
2025-03-15 10:15:00,2.6,-0.7,0.0,3.53,900.0
2025-03-15 10:30:00,3.0,-0.8,0.0,3.58,830.92
2025-03-15 10:45:00,3.4,-1.0,0.0,3.56,900.0
2025-03-15 11:00:00,3.8,-1.0,0.0,3.61,900.0
2025-03-15 11:15:00,4.1,-1.1,0.0,3.64,900.0
2025-03-15 11:30:00,4.3,-1.1,0.0,3.81,900.0
2025-03-15 11:45:00,4.6,-1.2,0.0,3.97,900.0
2025-03-15 12:00:00,4.8,-1.2,0.0,4.06,900.0
2025-03-15 12:15:00,5.1,-1.4,0.0,4.06,900.0
2025-03-15 12:30:00,5.3,-1.4,0.0,3.97,900.0
2025-03-15 12:45:00,5.5,-1.7,0.0,3.92,900.0
2025-03-15 13:00:00,5.7,-2.0,0.0,3.94,900.0
2025-03-15 13:15:00,5.9,-2.2,0.0,4.06,900.0
2025-03-15 13:30:00,6.1,-2.3,0.0,4.33,900.0
2025-03-15 13:45:00,6.4,-2.5,0.0,4.5,900.0
2025-03-15 14:00:00,6.6,-2.6,0.0,4.61,900.0
2025-03-15 14:15:00,6.8,-2.7,0.0,4.58,900.0
2025-03-15 14:30:00,6.9,-2.8,0.0,4.5,900.0
2025-03-15 14:45:00,7.1,-2.9,0.0,4.36,900.0
2025-03-15 15:00:00,7.2,-3.1,0.0,4.28,900.0
2025-03-15 15:15:00,7.3,-3.0,0.0,4.19,900.0
2025-03-15 15:30:00,7.3,-3.0,0.0,4.11,900.0
2025-03-15 15:45:00,7.4,-2.9,0.0,4.03,900.0
2025-03-15 16:00:00,7.4,-2.9,0.0,3.94,900.0
2025-03-15 16:15:00,7.4,-2.9,0.0,3.94,900.0
2025-03-15 16:30:00,7.3,-3.3,0.0,4.03,900.0
2025-03-15 16:45:00,7.3,-3.3,0.0,4.11,900.0
2025-03-15 17:00:00,7.2,-3.4,0.0,4.11,900.0
2025-03-15 17:15:00,7.1,-3.5,0.0,4.0,900.0
2025-03-15 17:30:00,6.9,-3.4,0.0,3.89,900.0
2025-03-15 17:45:00,6.7,-3.3,0.0,3.78,900.0
2025-03-15 18:00:00,6.5,-3.2,0.0,3.58,900.0
2025-03-15 18:15:00,6.3,-2.8,0.0,3.39,496.69
2025-03-15 18:30:00,6.1,-2.6,0.0,3.11,0.0
2025-03-15 18:45:00,5.8,-2.3,0.0,2.81,0.0
2025-03-15 19:00:00,5.6,-2.1,0.0,2.61,0.0
2025-03-15 19:15:00,5.3,-2.1,0.0,2.53,0.0
2025-03-15 19:30:00,5.1,-2.1,0.0,2.42,0.0
2025-03-15 19:45:00,4.8,-2.1,0.0,2.39,0.0
2025-03-15 20:00:00,4.6,-2.1,0.0,2.28,0.0
2025-03-15 20:15:00,4.3,-1.9,0.0,2.19,0.0
2025-03-15 20:30:00,4.1,-1.7,0.0,2.0,0.0
2025-03-15 20:45:00,3.9,-1.7,0.0,1.89,0.0
2025-03-15 21:00:00,3.7,-1.5,0.0,1.81,0.0
2025-03-15 21:15:00,3.5,-1.5,0.0,1.81,0.0
2025-03-15 21:30:00,3.3,-1.5,0.0,1.81,0.0
2025-03-15 21:45:00,3.1,-1.5,0.0,1.83,0.0
2025-03-15 22:00:00,2.9,-1.5,0.0,1.83,0.0
2025-03-15 22:15:00,2.8,-1.6,0.0,1.89,0.0
2025-03-15 22:30:00,2.8,-1.4,0.0,1.78,0.0
2025-03-15 22:45:00,2.7,-1.5,0.0,1.75,0.0
2025-03-15 23:00:00,2.6,-1.6,0.0,1.75,0.0
2025-03-15 23:15:00,2.4,-1.8,0.0,1.78,0.0
2025-03-15 23:30:00,2.2,-1.8,0.0,1.83,0.0
2025-03-15 23:45:00,2.0,-2.0,0.0,1.81,0.0
2025-03-16 00:00:00,1.8,-2.0,0.0,1.86,0.0
2025-03-16 00:15:00,1.7,-1.9,0.0,1.86,0.0
2025-03-16 00:30:00,1.5,-2.0,0.0,1.75,0.0
2025-03-16 00:45:00,1.3,-1.9,0.0,1.75,0.0
2025-03-16 01:00:00,1.1,-2.0,0.0,1.64,0.0
2025-03-16 01:15:00,0.9,-2.0,0.0,1.64,0.0
2025-03-16 01:30:00,0.6,-2.0,0.0,1.56,0.0
2025-03-16 01:45:00,0.3,-2.1,0.0,1.56,0.0
2025-03-16 02:00:00,0.1,-2.2,0.0,1.44,0.0
2025-03-16 02:15:00,-0.1,-2.1,0.0,1.36,0.0
2025-03-16 02:30:00,-0.2,-2.2,0.0,1.33,0.0
2025-03-16 02:45:00,-0.2,-2.3,0.0,1.25,0.0
2025-03-16 03:00:00,-0.3,-2.3,0.0,1.14,0.0
2025-03-16 03:15:00,-0.3,-2.4,0.0,1.08,0.0
2025-03-16 03:30:00,-0.4,-2.4,0.0,1.11,0.0
2025-03-16 03:45:00,-0.4,-2.5,0.0,1.17,0.0
2025-03-16 04:00:00,-0.5,-2.5,0.0,1.14,0.0
2025-03-16 04:15:00,-0.6,-2.6,0.0,1.06,0.0
2025-03-16 04:30:00,-0.7,-2.6,0.0,0.92,0.0
2025-03-16 04:45:00,-0.8,-2.7,0.0,0.78,0.0
2025-03-16 05:00:00,-0.9,-2.8,0.0,0.69,0.0
2025-03-16 05:15:00,-1.0,-2.9,0.0,0.69,0.0
2025-03-16 05:30:00,-1.0,-2.9,0.0,0.69,0.0
2025-03-16 05:45:00,-1.1,-3.0,0.0,0.78,0.0
2025-03-16 06:00:00,-1.1,-3.0,0.0,0.78,0.0
2025-03-16 06:15:00,-1.2,-3.1,0.0,0.78,0.0
2025-03-16 06:30:00,-1.2,-3.1,0.0,0.81,0.0
2025-03-16 06:45:00,-1.2,-3.3,0.0,0.75,0.0
2025-03-16 07:00:00,-1.2,-3.3,0.0,0.75,0.0
2025-03-16 07:15:00,-1.3,-3.3,0.0,0.72,0.0
2025-03-16 07:30:00,-1.3,-3.4,0.0,0.69,0.0
2025-03-16 07:45:00,-1.4,-3.4,0.0,0.78,217.26
2025-03-16 08:00:00,-1.3,-3.4,0.0,0.72,747.06
2025-03-16 08:15:00,-1.2,-3.4,0.0,0.72,900.0
2025-03-16 08:30:00,-1.0,-3.4,0.0,0.69,900.0
2025-03-16 08:45:00,-0.8,-3.5,0.0,0.64,900.0
2025-03-16 09:00:00,-0.5,-3.6,0.0,0.58,900.0
2025-03-16 09:15:00,-0.2,-3.6,0.0,0.5,900.0
2025-03-16 09:30:00,0.1,-3.6,0.0,0.36,900.0
2025-03-16 09:45:00,0.5,-3.6,0.0,0.39,900.0
2025-03-16 10:00:00,1.0,-3.7,0.0,0.42,900.0
2025-03-16 10:15:00,1.7,-3.6,0.0,0.5,900.0
2025-03-16 10:30:00,2.4,-3.5,0.0,0.64,900.0
2025-03-16 10:45:00,3.2,-3.4,0.0,0.72,900.0
2025-03-16 11:00:00,3.8,-3.5,0.0,0.92,900.0
2025-03-16 11:15:00,4.3,-3.5,0.0,1.06,900.0
2025-03-16 11:30:00,4.7,-3.6,0.0,1.14,900.0
2025-03-16 11:45:00,5.0,-3.8,0.0,1.14,900.0
2025-03-16 12:00:00,5.3,-3.8,0.0,1.19,900.0
2025-03-16 12:15:00,5.6,-3.8,0.0,1.22,900.0
2025-03-16 12:30:00,5.8,-4.1,0.0,1.31,900.0
2025-03-16 12:45:00,6.1,-4.1,0.0,1.39,900.0
2025-03-16 13:00:00,6.3,-4.2,0.0,1.44,900.0
2025-03-16 13:15:00,6.6,-4.2,0.0,1.5,900.0
2025-03-16 13:30:00,6.9,-4.3,0.0,1.69,900.0
2025-03-16 13:45:00,7.1,-4.0,0.0,1.83,900.0
2025-03-16 14:00:00,7.3,-4.2,0.0,1.94,900.0
2025-03-16 14:15:00,7.5,-4.3,0.0,1.94,900.0
2025-03-16 14:30:00,7.5,-4.3,0.0,1.81,900.0
2025-03-16 14:45:00,7.6,-4.2,0.0,1.69,900.0
2025-03-16 15:00:00,7.7,-4.5,0.0,1.69,900.0
2025-03-16 15:15:00,7.8,-4.7,0.0,1.81,900.0
2025-03-16 15:30:00,7.9,-4.6,0.0,1.92,900.0
2025-03-16 15:45:00,7.9,-4.9,0.0,2.03,900.0
2025-03-16 16:00:00,8.0,-5.1,0.0,2.03,900.0
2025-03-16 16:15:00,8.1,-5.7,0.0,1.97,900.0
2025-03-16 16:30:00,8.2,-6.4,0.0,1.86,900.0
2025-03-16 16:45:00,8.3,-7.0,0.0,1.67,900.0
2025-03-16 17:00:00,8.4,-7.4,0.0,1.72,900.0
2025-03-16 17:15:00,8.3,-7.4,0.0,1.83,900.0
2025-03-16 17:30:00,8.3,-7.5,0.0,2.11,900.0
2025-03-16 17:45:00,8.2,-7.6,0.0,2.36,900.0
2025-03-16 18:00:00,8.0,-7.3,0.0,2.47,900.0
2025-03-16 18:15:00,7.9,-7.1,0.0,2.42,900.0
2025-03-16 18:30:00,7.7,-6.5,0.0,2.11,720.98
2025-03-16 18:45:00,7.4,-6.3,0.0,1.83,78.2
2025-03-16 19:00:00,7.2,-6.2,0.0,1.72,0.0
2025-03-16 19:15:00,7.0,-6.4,0.0,1.64,0.0
2025-03-16 19:30:00,6.7,-6.6,0.0,1.58,0.0
2025-03-16 19:45:00,6.4,-6.9,0.0,1.56,0.0
2025-03-16 20:00:00,6.2,-7.1,0.0,1.58,0.0
2025-03-16 20:15:00,6.0,-6.6,0.0,1.56,0.0
2025-03-16 20:30:00,5.9,-6.0,0.0,1.5,0.0
2025-03-16 20:45:00,5.8,-5.6,0.0,1.42,0.0
2025-03-16 21:00:00,5.7,-5.1,0.0,1.5,0.0
2025-03-16 21:15:00,5.6,-4.8,0.0,1.64,0.0
2025-03-16 21:30:00,5.6,-4.3,0.0,1.86,0.0
2025-03-16 21:45:00,5.5,-4.1,0.0,2.11,0.0
2025-03-16 22:00:00,5.4,-3.9,0.0,2.25,0.0
2025-03-16 22:15:00,5.2,-3.6,0.0,2.31,0.0
2025-03-16 22:30:00,5.0,-3.3,0.0,2.33,0.0
2025-03-16 22:45:00,4.8,-3.3,0.0,2.33,0.0
2025-03-16 23:00:00,4.5,-3.0,0.0,2.33,0.0
2025-03-16 23:15:00,4.3,-3.0,0.0,2.33,0.0
2025-03-16 23:30:00,4.1,-3.0,0.0,2.33,0.0
2025-03-16 23:45:00,3.9,-2.9,0.0,2.19,0.0
2025-03-17 00:00:00,3.8,-3.1,0.0,2.22,0.0
2025-03-17 00:15:00,3.7,-3.2,0.0,2.17,0.0
2025-03-17 00:30:00,3.7,-3.4,0.0,2.19,0.0
2025-03-17 00:45:00,3.6,-3.7,0.0,2.14,0.0
2025-03-17 01:00:00,3.6,-3.7,0.0,2.22,0.0
2025-03-17 01:15:00,3.6,-3.4,0.0,2.33,0.0
2025-03-17 01:30:00,3.6,-3.2,0.0,2.5,0.0
2025-03-17 01:45:00,3.7,-2.9,0.0,2.69,0.0
2025-03-17 02:00:00,3.7,-2.7,0.0,2.83,0.0
2025-03-17 02:15:00,3.7,-2.5,0.0,2.94,0.0
2025-03-17 02:30:00,3.7,-2.1,0.0,3.0,0.0
2025-03-17 02:45:00,3.7,-1.9,0.0,3.03,0.0
2025-03-17 03:00:00,3.7,-1.5,0.0,3.22,0.0
2025-03-17 03:15:00,3.6,-1.2,0.0,3.64,0.0
2025-03-17 03:30:00,3.6,-0.6,0.1,4.11,0.0
2025-03-17 03:45:00,3.5,-0.4,0.0,4.5,0.0
2025-03-17 04:00:00,3.3,-0.2,0.1,4.53,0.0
2025-03-17 04:15:00,2.9,-0.2,0.2,4.19,0.0
2025-03-17 04:30:00,2.5,-0.5,0.3,4.5,0.0
2025-03-17 04:45:00,2.0,-0.7,0.2,5.58,0.0
2025-03-17 05:00:00,1.6,-1.2,0.1,6.58,0.0
2025-03-17 05:15:00,1.1,-2.0,0.0,6.69,0.0
2025-03-17 05:30:00,0.7,-3.1,0.0,6.25,0.0
2025-03-17 05:45:00,0.2,-4.2,0.0,5.5,0.0
2025-03-17 06:00:00,-0.0,-5.0,0.0,4.97,0.0
2025-03-17 06:15:00,-0.1,-5.5,0.0,4.56,0.0
2025-03-17 06:30:00,0.0,-6.0,0.0,4.14,0.0
2025-03-17 06:45:00,0.2,-6.1,0.0,3.78,0.0
2025-03-17 07:00:00,0.2,-6.0,0.0,3.61,0.0
2025-03-17 07:15:00,0.2,-5.6,0.0,3.61,0.0
2025-03-17 07:30:00,0.1,-4.9,0.0,3.83,0.0
2025-03-17 07:45:00,0.0,-4.3,0.0,3.94,344.93
2025-03-17 08:00:00,-0.0,-3.8,0.0,4.17,900.0
2025-03-17 08:15:00,-0.0,-3.6,0.0,4.22,900.0
2025-03-17 08:30:00,0.0,-3.7,0.0,4.39,900.0
2025-03-17 08:45:00,0.1,-3.8,0.0,4.53,900.0
2025-03-17 09:00:00,0.2,-3.9,0.0,4.67,900.0
2025-03-17 09:15:00,0.4,-3.9,0.0,4.69,900.0
2025-03-17 09:30:00,0.5,-4.1,0.0,4.75,900.0
2025-03-17 09:45:00,0.7,-4.3,0.0,4.81,900.0
2025-03-17 10:00:00,1.0,-4.5,0.0,4.83,900.0
2025-03-17 10:15:00,1.2,-4.9,0.0,4.86,900.0
2025-03-17 10:30:00,1.5,-5.2,0.0,4.94,900.0
2025-03-17 10:45:00,1.8,-5.8,0.0,4.94,900.0
2025-03-17 11:00:00,2.1,-6.2,0.0,4.97,900.0
2025-03-17 11:15:00,2.4,-7.0,0.0,5.08,900.0
2025-03-17 11:30:00,2.6,-7.6,0.0,5.17,900.0
2025-03-17 11:45:00,2.8,-8.5,0.0,5.25,900.0
2025-03-17 12:00:00,3.0,-9.0,0.0,5.31,900.0
2025-03-17 12:15:00,3.1,-9.5,0.0,5.39,900.0
2025-03-17 12:30:00,3.2,-9.4,0.0,5.31,900.0
2025-03-17 12:45:00,3.3,-9.4,0.0,5.25,900.0
2025-03-17 13:00:00,3.3,-9.3,0.0,5.22,900.0
2025-03-17 13:15:00,3.3,-8.7,0.0,5.17,900.0
2025-03-17 13:30:00,3.3,-8.1,0.1,5.03,900.0
2025-03-17 13:45:00,3.3,-7.2,0.0,4.92,900.0
2025-03-17 14:00:00,3.3,-6.9,0.0,4.89,900.0
2025-03-17 14:15:00,3.4,-7.2,0.0,5.0,900.0
2025-03-17 14:30:00,3.5,-7.4,0.0,5.11,900.0
2025-03-17 14:45:00,3.5,-7.9,0.0,5.19,900.0
2025-03-17 15:00:00,3.6,-8.5,0.0,5.31,900.0
2025-03-17 15:15:00,3.6,-8.8,0.0,5.31,900.0
2025-03-17 15:30:00,3.6,-9.5,0.0,5.33,900.0
2025-03-17 15:45:00,3.5,-9.8,0.0,5.25,900.0
2025-03-17 16:00:00,3.5,-9.9,0.0,5.17,700.58
2025-03-17 16:15:00,3.4,-9.6,0.0,4.97,900.0
2025-03-17 16:30:00,3.3,-9.3,0.0,4.67,58.55
2025-03-17 16:45:00,3.3,-9.1,0.0,4.33,0.0
2025-03-17 17:00:00,3.2,-8.8,0.0,4.14,900.0
2025-03-17 17:15:00,3.1,-9.2,0.0,4.06,900.0
2025-03-17 17:30:00,3.0,-9.6,0.0,4.11,777.0
2025-03-17 17:45:00,3.0,-10.0,0.0,4.14,900.0
2025-03-17 18:00:00,2.9,-10.4,0.0,4.14,900.0
2025-03-17 18:15:00,2.7,-10.6,0.0,4.11,900.0
2025-03-17 18:30:00,2.6,-10.3,0.0,3.94,744.76
2025-03-17 18:45:00,2.4,-9.8,0.0,3.81,26.64
2025-03-17 19:00:00,2.2,-9.7,0.0,3.69,0.0
2025-03-17 19:15:00,2.0,-9.3,0.0,3.5,0.0
2025-03-17 19:30:00,1.8,-8.9,0.0,3.19,0.0
2025-03-17 19:45:00,1.6,-8.5,0.0,2.92,0.0
2025-03-17 20:00:00,1.4,-8.2,0.0,2.61,0.0
2025-03-17 20:15:00,1.2,-7.9,0.0,2.33,0.0
2025-03-17 20:30:00,1.0,-7.8,0.0,2.11,0.0
2025-03-17 20:45:00,0.8,-7.5,0.0,1.92,0.0
2025-03-17 21:00:00,0.6,-7.4,0.0,1.72,0.0
2025-03-17 21:15:00,0.5,-7.3,0.0,1.61,0.0
2025-03-17 21:30:00,0.4,-7.1,0.0,1.5,0.0
2025-03-17 21:45:00,0.3,-7.2,0.0,1.5,0.0
2025-03-17 22:00:00,0.2,-7.1,0.0,1.5,0.0
2025-03-17 22:15:00,0.1,-7.0,0.0,1.5,0.0
2025-03-17 22:30:00,-0.1,-6.8,0.0,1.5,0.0
2025-03-17 22:45:00,-0.3,-6.5,0.0,1.53,0.0
2025-03-17 23:00:00,-0.4,-6.4,0.0,1.53,0.0
2025-03-17 23:15:00,-0.5,-6.3,0.0,1.44,0.0
2025-03-17 23:30:00,-0.6,-6.4,0.0,1.42,0.0
2025-03-17 23:45:00,-0.7,-6.3,0.0,1.31,0.0
2025-03-18 00:00:00,-0.7,-6.3,0.0,1.22,0.0
2025-03-18 00:15:00,-0.8,-6.4,0.0,1.14,0.0
2025-03-18 00:30:00,-0.9,-6.4,0.0,1.17,0.0
2025-03-18 00:45:00,-0.9,-6.5,0.0,1.11,0.0
2025-03-18 01:00:00,-1.0,-6.5,0.0,1.08,0.0
2025-03-18 01:15:00,-1.0,-6.6,0.0,1.06,0.0
2025-03-18 01:30:00,-1.1,-6.4,0.0,1.08,0.0
2025-03-18 01:45:00,-1.2,-6.5,0.0,1.19,0.0
2025-03-18 02:00:00,-1.2,-6.6,0.0,1.28,0.0
2025-03-18 02:15:00,-1.3,-6.6,0.0,1.36,0.0
2025-03-18 02:30:00,-1.4,-6.9,0.0,1.36,0.0
2025-03-18 02:45:00,-1.5,-7.2,0.0,1.44,0.0
2025-03-18 03:00:00,-1.5,-7.3,0.0,1.44,0.0
2025-03-18 03:15:00,-1.6,-7.3,0.0,1.44,0.0
2025-03-18 03:30:00,-1.6,-7.4,0.0,1.44,0.0
2025-03-18 03:45:00,-1.7,-7.5,0.0,1.44,0.0
2025-03-18 04:00:00,-1.8,-7.5,0.0,1.44,0.0
2025-03-18 04:15:00,-1.9,-7.4,0.0,1.44,0.0
2025-03-18 04:30:00,-2.0,-7.5,0.0,1.53,0.0
2025-03-18 04:45:00,-2.1,-7.4,0.0,1.53,0.0
2025-03-18 05:00:00,-2.2,-7.3,0.0,1.53,0.0
2025-03-18 05:15:00,-2.3,-7.4,0.0,1.53,0.0
2025-03-18 05:30:00,-2.4,-7.3,0.0,1.53,0.0
2025-03-18 05:45:00,-2.4,-7.4,0.0,1.5,0.0
2025-03-18 06:00:00,-2.5,-7.4,0.0,1.5,0.0
2025-03-18 06:15:00,-2.6,-7.4,0.0,1.5,0.0
2025-03-18 06:30:00,-2.7,-7.5,0.0,1.5,0.0
2025-03-18 06:45:00,-2.8,-7.3,0.0,1.61,0.0
2025-03-18 07:00:00,-2.9,-7.4,0.0,1.61,0.0
2025-03-18 07:15:00,-3.0,-7.5,0.0,1.61,0.0
2025-03-18 07:30:00,-3.0,-7.7,0.0,1.69,0.0
2025-03-18 07:45:00,-3.1,-7.8,0.0,1.69,372.78
2025-03-18 08:00:00,-3.1,-8.0,0.0,1.69,900.0
2025-03-18 08:15:00,-3.0,-8.1,0.0,1.69,900.0
2025-03-18 08:30:00,-2.8,-8.1,0.0,1.61,900.0
2025-03-18 08:45:00,-2.6,-8.3,0.0,1.5,900.0
2025-03-18 09:00:00,-2.3,-8.2,0.0,1.5,900.0
2025-03-18 09:15:00,-2.1,-8.2,0.0,1.61,900.0
2025-03-18 09:30:00,-1.8,-8.3,0.0,1.72,900.0
2025-03-18 09:45:00,-1.4,-8.2,0.0,1.83,900.0
2025-03-18 10:00:00,-1.0,-8.2,0.0,1.92,900.0
2025-03-18 10:15:00,-0.4,-8.2,0.0,2.03,900.0
2025-03-18 10:30:00,0.2,-8.3,0.0,2.03,900.0
2025-03-18 10:45:00,0.9,-8.4,0.0,2.14,900.0
2025-03-18 11:00:00,1.5,-8.6,0.0,2.17,900.0
2025-03-18 11:15:00,2.1,-8.6,0.0,2.19,900.0
2025-03-18 11:30:00,2.6,-8.8,0.0,2.33,900.0
2025-03-18 11:45:00,3.0,-9.0,0.0,2.42,900.0
2025-03-18 12:00:00,3.5,-9.2,0.0,2.47,900.0
2025-03-18 12:15:00,3.9,-9.5,0.0,2.47,900.0
2025-03-18 12:30:00,4.2,-9.6,0.0,2.47,900.0
2025-03-18 12:45:00,4.6,-10.0,0.0,2.44,900.0
2025-03-18 13:00:00,4.9,-10.5,0.0,2.42,900.0
2025-03-18 13:15:00,5.2,-11.0,0.0,2.42,900.0
2025-03-18 13:30:00,5.5,-12.1,0.0,2.42,900.0
2025-03-18 13:45:00,5.7,-12.8,0.0,2.42,900.0
2025-03-18 14:00:00,6.0,-13.6,0.0,2.42,900.0
2025-03-18 14:15:00,6.2,-14.0,0.0,2.39,900.0
2025-03-18 14:30:00,6.4,-13.8,0.0,2.36,900.0
2025-03-18 14:45:00,6.5,-13.8,0.0,2.36,900.0
2025-03-18 15:00:00,6.6,-13.6,0.0,2.33,900.0
2025-03-18 15:15:00,6.7,-13.5,0.0,2.33,900.0
2025-03-18 15:30:00,6.8,-13.5,0.0,2.22,900.0
2025-03-18 15:45:00,6.9,-13.4,0.0,2.25,900.0
2025-03-18 16:00:00,6.9,-13.4,0.0,2.25,900.0
2025-03-18 16:15:00,7.0,-13.3,0.0,2.25,900.0
2025-03-18 16:30:00,7.0,-12.7,0.0,2.36,900.0
2025-03-18 16:45:00,7.1,-12.7,0.0,2.36,900.0
2025-03-18 17:00:00,7.1,-12.7,0.0,2.36,900.0
2025-03-18 17:15:00,7.0,-12.7,0.0,2.33,900.0
2025-03-18 17:30:00,7.0,-13.3,0.0,2.33,900.0
2025-03-18 17:45:00,6.8,-13.5,0.0,2.31,900.0
2025-03-18 18:00:00,6.7,-13.5,0.0,2.19,900.0
2025-03-18 18:15:00,6.6,-13.7,0.0,2.11,900.0
2025-03-18 18:30:00,6.4,-13.3,0.0,2.0,766.28
2025-03-18 18:45:00,6.2,-13.4,0.0,1.81,0.0
2025-03-18 19:00:00,6.0,-13.1,0.0,1.69,21.24
2025-03-18 19:15:00,5.8,-12.7,0.0,1.5,0.0
2025-03-18 19:30:00,5.6,-12.0,0.0,1.42,0.0
2025-03-18 19:45:00,5.4,-11.7,0.0,1.22,0.0
2025-03-18 20:00:00,5.2,-11.0,0.0,1.06,0.0
2025-03-18 20:15:00,4.9,-10.4,0.0,0.97,0.0
2025-03-18 20:30:00,4.6,-9.9,0.0,0.86,0.0
2025-03-18 20:45:00,4.3,-9.5,0.0,0.78,0.0
2025-03-18 21:00:00,4.0,-9.1,0.0,0.78,0.0
2025-03-18 21:15:00,3.6,-8.8,0.0,0.81,0.0
2025-03-18 21:30:00,3.2,-8.5,0.0,0.86,0.0
2025-03-18 21:45:00,2.8,-8.3,0.0,0.92,0.0
2025-03-18 22:00:00,2.5,-8.0,0.0,1.03,0.0
2025-03-18 22:15:00,2.3,-7.6,0.0,1.03,0.0
2025-03-18 22:30:00,2.1,-7.5,0.0,0.92,0.0
2025-03-18 22:45:00,2.0,-7.1,0.0,0.86,0.0
2025-03-18 23:00:00,1.8,-7.1,0.0,0.75,0.0
2025-03-18 23:15:00,1.5,-7.0,0.0,0.75,0.0
2025-03-18 23:30:00,1.3,-7.0,0.0,0.86,0.0
2025-03-18 23:45:00,1.1,-7.0,0.0,0.94,0.0
2025-03-19 00:00:00,0.9,-7.2,0.0,0.94,0.0
2025-03-19 00:15:00,0.8,-7.3,0.0,0.94,0.0
2025-03-19 00:30:00,0.7,-7.3,0.0,0.92,0.0
2025-03-19 00:45:00,0.7,-7.6,0.0,0.83,0.0
2025-03-19 01:00:00,0.6,-7.4,0.0,0.83,0.0
2025-03-19 01:15:00,0.4,-7.1,0.0,0.83,0.0
2025-03-19 01:30:00,0.2,-6.6,0.0,0.75,0.0
2025-03-19 01:45:00,0.0,-6.2,0.0,0.75,0.0
2025-03-19 02:00:00,-0.2,-6.0,0.0,0.75,0.0
2025-03-19 02:15:00,-0.3,-5.9,0.0,0.75,0.0
2025-03-19 02:30:00,-0.5,-5.9,0.0,0.72,0.0
2025-03-19 02:45:00,-0.6,-6.0,0.0,0.72,0.0
2025-03-19 03:00:00,-0.7,-5.9,0.0,0.69,0.0
2025-03-19 03:15:00,-0.9,-5.9,0.0,0.69,0.0
2025-03-19 03:30:00,-1.0,-6.0,0.0,0.69,0.0
2025-03-19 03:45:00,-1.2,-6.0,0.0,0.61,0.0
2025-03-19 04:00:00,-1.4,-6.0,0.0,0.64,0.0
2025-03-19 04:15:00,-1.7,-5.8,0.0,0.67,0.0
2025-03-19 04:30:00,-2.1,-5.5,0.0,0.64,0.0
2025-03-19 04:45:00,-2.5,-5.4,0.0,0.64,0.0
2025-03-19 05:00:00,-2.9,-5.2,0.0,0.69,0.0
2025-03-19 05:15:00,-3.1,-5.1,0.0,0.69,0.0
2025-03-19 05:30:00,-3.3,-5.3,0.0,0.86,0.0
2025-03-19 05:45:00,-3.5,-5.3,0.0,0.86,0.0
2025-03-19 06:00:00,-3.6,-5.5,0.0,0.86,0.0
2025-03-19 06:15:00,-3.7,-5.6,0.0,0.86,0.0
2025-03-19 06:30:00,-3.8,-5.8,0.0,0.78,0.0
2025-03-19 06:45:00,-3.9,-6.1,0.0,0.69,0.0
2025-03-19 07:00:00,-4.0,-6.1,0.0,0.69,0.0
2025-03-19 07:15:00,-4.1,-6.2,0.0,0.69,0.0
2025-03-19 07:30:00,-4.2,-6.3,0.0,0.72,0.0
2025-03-19 07:45:00,-4.2,-6.2,0.0,0.81,243.04
2025-03-19 08:00:00,-4.1,-6.2,0.0,0.81,802.35
2025-03-19 08:15:00,-3.8,-6.1,0.0,0.81,900.0
2025-03-19 08:30:00,-3.4,-6.1,0.0,0.89,900.0
2025-03-19 08:45:00,-2.9,-5.9,0.0,0.94,900.0
2025-03-19 09:00:00,-2.4,-5.9,0.0,0.94,900.0
2025-03-19 09:15:00,-1.8,-5.9,0.0,1.0,900.0
2025-03-19 09:30:00,-1.2,-6.0,0.0,1.0,900.0
2025-03-19 09:45:00,-0.5,-5.9,0.0,1.0,900.0
2025-03-19 10:00:00,0.3,-5.9,0.0,1.06,900.0
2025-03-19 10:15:00,1.3,-5.9,0.0,1.14,900.0
2025-03-19 10:30:00,2.3,-5.6,0.0,1.25,900.0
2025-03-19 10:45:00,3.4,-5.5,0.0,1.44,900.0
2025-03-19 11:00:00,4.3,-5.5,0.0,1.53,900.0
2025-03-19 11:15:00,5.0,-5.7,0.0,1.61,900.0
2025-03-19 11:30:00,5.6,-6.0,0.0,1.75,900.0
2025-03-19 11:45:00,6.1,-6.2,0.0,1.89,900.0
2025-03-19 12:00:00,6.6,-6.4,0.0,1.92,900.0
2025-03-19 12:15:00,7.1,-6.3,0.0,1.97,900.0
2025-03-19 12:30:00,7.6,-5.9,0.0,1.94,900.0
2025-03-19 12:45:00,8.0,-5.5,0.0,1.92,900.0
2025-03-19 13:00:00,8.4,-5.5,0.0,1.92,900.0
2025-03-19 13:15:00,8.7,-5.5,0.0,1.92,900.0
2025-03-19 13:30:00,9.0,-6.0,0.0,1.92,900.0
2025-03-19 13:45:00,9.3,-6.6,0.0,1.86,900.0
2025-03-19 14:00:00,9.5,-6.8,0.0,1.86,900.0
2025-03-19 14:15:00,9.7,-6.6,0.0,1.81,900.0
2025-03-19 14:30:00,9.9,-6.5,0.0,1.89,900.0
2025-03-19 14:45:00,10.1,-5.9,0.0,1.83,900.0
2025-03-19 15:00:00,10.3,-5.7,0.0,1.78,900.0
2025-03-19 15:15:00,10.4,-5.6,0.0,1.75,900.0
2025-03-19 15:30:00,10.5,-5.1,0.0,1.67,900.0
2025-03-19 15:45:00,10.6,-4.6,0.0,1.61,900.0
2025-03-19 16:00:00,10.7,-4.5,0.0,1.53,900.0
2025-03-19 16:15:00,10.8,-4.4,0.0,1.47,900.0
2025-03-19 16:30:00,10.9,-4.4,0.0,1.53,900.0
2025-03-19 16:45:00,11.0,-3.9,0.0,1.56,900.0
2025-03-19 17:00:00,11.0,-3.9,0.0,1.56,900.0
2025-03-19 17:15:00,11.0,-3.5,0.0,1.5,900.0
2025-03-19 17:30:00,10.9,-3.6,0.0,1.56,900.0
2025-03-19 17:45:00,10.7,-3.4,0.0,1.58,900.0
2025-03-19 18:00:00,10.4,-3.0,0.0,1.64,900.0
2025-03-19 18:15:00,9.9,-2.4,0.0,1.61,900.0
2025-03-19 18:30:00,9.4,-1.4,0.0,1.5,554.19
2025-03-19 18:45:00,8.8,-0.6,0.0,1.5,0.0
2025-03-19 19:00:00,8.2,-0.3,0.0,1.42,0.0
2025-03-19 19:15:00,7.7,-0.3,0.0,1.44,0.0
2025-03-19 19:30:00,7.2,-0.5,0.0,1.44,0.0
2025-03-19 19:45:00,6.7,-1.0,0.0,1.53,0.0
2025-03-19 20:00:00,6.3,-1.1,0.0,1.53,0.0
2025-03-19 20:15:00,6.0,-1.2,0.0,1.5,0.0
2025-03-19 20:30:00,5.7,-1.5,0.0,1.58,0.0
2025-03-19 20:45:00,5.4,-1.5,0.0,1.75,0.0
2025-03-19 21:00:00,5.2,-1.7,0.0,1.86,0.0
2025-03-19 21:15:00,5.1,-1.8,0.0,1.94,0.0
2025-03-19 21:30:00,5.1,-1.8,0.0,2.03,0.0
2025-03-19 21:45:00,5.0,-1.9,0.0,1.92,0.0
2025-03-19 22:00:00,4.8,-1.9,0.0,1.92,0.0
2025-03-19 22:15:00,4.5,-1.5,0.0,1.81,0.0
2025-03-19 22:30:00,4.0,-1.2,0.0,1.61,0.0
2025-03-19 22:45:00,3.5,-0.9,0.0,1.42,0.0
2025-03-19 23:00:00,3.1,-0.8,0.0,1.31,0.0
2025-03-19 23:15:00,2.9,-1.0,0.0,1.22,0.0
2025-03-19 23:30:00,2.8,-1.2,0.0,1.22,0.0
2025-03-19 23:45:00,2.7,-1.6,0.0,1.11,0.0
2025-03-20 00:00:00,2.6,-1.9,0.0,1.11,0.0
2025-03-20 00:15:00,2.5,-2.2,0.0,1.11,0.0
2025-03-20 00:30:00,2.4,-2.6,0.0,1.11,0.0
2025-03-20 00:45:00,2.3,-2.8,0.0,1.0,0.0
2025-03-20 01:00:00,2.1,-3.2,0.0,1.0,0.0
2025-03-20 01:15:00,2.0,-3.3,0.0,0.89,0.0
2025-03-20 01:30:00,1.8,-3.3,0.0,0.92,0.0
2025-03-20 01:45:00,1.6,-3.5,0.0,0.83,0.0
2025-03-20 02:00:00,1.5,-3.4,0.0,0.75,0.0
2025-03-20 02:15:00,1.3,-3.4,0.0,0.72,0.0
2025-03-20 02:30:00,1.1,-3.6,0.0,0.78,0.0
2025-03-20 02:45:00,0.9,-3.6,0.0,0.78,0.0
2025-03-20 03:00:00,0.7,-3.8,0.0,0.78,0.0
2025-03-20 03:15:00,0.6,-3.7,0.0,0.81,0.0
2025-03-20 03:30:00,0.5,-3.8,0.0,0.75,0.0
2025-03-20 03:45:00,0.3,-3.8,0.0,0.86,0.0
2025-03-20 04:00:00,0.2,-3.9,0.0,0.83,0.0
2025-03-20 04:15:00,-0.0,-4.1,0.0,0.92,0.0
2025-03-20 04:30:00,-0.3,-4.2,0.0,0.92,0.0
2025-03-20 04:45:00,-0.6,-4.5,0.0,1.03,0.0
2025-03-20 05:00:00,-0.8,-4.7,0.0,1.03,0.0
2025-03-20 05:15:00,-1.0,-4.7,0.0,1.03,0.0
2025-03-20 05:30:00,-1.1,-4.8,0.0,1.03,0.0
2025-03-20 05:45:00,-1.3,-4.8,0.0,0.94,0.0
2025-03-20 06:00:00,-1.4,-4.9,0.0,0.94,0.0
2025-03-20 06:15:00,-1.5,-5.0,0.0,0.94,0.0
2025-03-20 06:30:00,-1.6,-5.1,0.0,0.97,0.0
2025-03-20 06:45:00,-1.7,-5.2,0.0,0.97,0.0
2025-03-20 07:00:00,-1.7,-5.4,0.0,1.03,0.0
2025-03-20 07:15:00,-1.6,-5.5,0.0,1.0,0.0
2025-03-20 07:30:00,-1.6,-5.8,0.0,1.0,0.0
2025-03-20 07:45:00,-1.4,-5.8,0.0,1.0,273.68
2025-03-20 08:00:00,-1.2,-6.0,0.0,0.92,800.25
2025-03-20 08:15:00,-0.9,-5.9,0.0,0.92,900.0
2025-03-20 08:30:00,-0.5,-5.7,0.0,0.78,900.0
2025-03-20 08:45:00,-0.0,-5.4,0.0,0.69,900.0
2025-03-20 09:00:00,0.5,-5.3,0.0,0.69,900.0
2025-03-20 09:15:00,1.1,-5.2,0.0,0.69,900.0
2025-03-20 09:30:00,1.8,-4.9,0.0,0.69,900.0
2025-03-20 09:45:00,2.6,-4.8,0.0,0.69,900.0
2025-03-20 10:00:00,3.5,-4.7,0.0,0.78,900.0
2025-03-20 10:15:00,4.7,-4.4,0.0,0.81,900.0
2025-03-20 10:30:00,6.1,-4.1,0.0,1.08,900.0
2025-03-20 10:45:00,7.4,-3.8,0.0,1.25,900.0
2025-03-20 11:00:00,8.6,-3.6,0.0,1.31,900.0
2025-03-20 11:15:00,9.5,-3.8,0.0,1.42,900.0
2025-03-20 11:30:00,10.2,-3.8,0.0,1.42,900.0
2025-03-20 11:45:00,10.9,-4.0,0.0,1.42,900.0
2025-03-20 12:00:00,11.5,-4.3,0.0,1.42,900.0
2025-03-20 12:15:00,12.0,-4.2,0.0,1.42,900.0
2025-03-20 12:30:00,12.5,-4.7,0.0,1.5,900.0
2025-03-20 12:45:00,12.9,-4.3,0.0,1.5,900.0
2025-03-20 13:00:00,13.2,-4.5,0.0,1.61,900.0
2025-03-20 13:15:00,13.5,-4.2,0.0,1.69,900.0
2025-03-20 13:30:00,13.8,-3.5,0.0,1.81,900.0
2025-03-20 13:45:00,14.0,-3.4,0.0,1.92,900.0
2025-03-20 14:00:00,14.2,-3.2,0.0,2.03,900.0
2025-03-20 14:15:00,14.4,-3.5,0.0,2.14,900.0
2025-03-20 14:30:00,14.6,-3.8,0.0,2.22,900.0
2025-03-20 14:45:00,14.8,-4.1,0.0,2.31,900.0
2025-03-20 15:00:00,14.9,-4.4,0.0,2.31,900.0
2025-03-20 15:15:00,15.0,-4.4,0.0,2.31,900.0
2025-03-20 15:30:00,15.1,-4.3,0.0,2.19,900.0
2025-03-20 15:45:00,15.2,-4.2,0.0,2.19,900.0
2025-03-20 16:00:00,15.3,-4.1,0.0,2.11,900.0
2025-03-20 16:15:00,15.4,-4.1,0.0,2.03,900.0
2025-03-20 16:30:00,15.5,-4.0,0.0,1.83,900.0
2025-03-20 16:45:00,15.5,-3.9,0.0,1.78,900.0
2025-03-20 17:00:00,15.5,-3.9,0.0,1.72,900.0
2025-03-20 17:15:00,15.5,-4.0,0.0,1.72,900.0
2025-03-20 17:30:00,15.4,-4.5,0.0,1.72,900.0
2025-03-20 17:45:00,15.2,-4.2,0.0,1.78,900.0
2025-03-20 18:00:00,14.9,-3.9,0.0,1.78,900.0
2025-03-20 18:15:00,14.4,-2.6,0.0,1.78,900.0
2025-03-20 18:30:00,13.7,-1.1,0.0,1.75,803.97
2025-03-20 18:45:00,12.9,-0.0,0.0,1.75,42.05
2025-03-20 19:00:00,12.3,0.7,0.0,1.75,0.0
2025-03-20 19:15:00,11.7,0.5,0.0,1.75,0.0
2025-03-20 19:30:00,11.3,-0.2,0.0,1.86,0.0
2025-03-20 19:45:00,10.8,-1.0,0.0,1.89,0.0
2025-03-20 20:00:00,10.3,-1.4,0.0,1.89,0.0
2025-03-20 20:15:00,9.8,-1.6,0.0,1.89,0.0
2025-03-20 20:30:00,9.4,-1.4,0.0,1.86,0.0
2025-03-20 20:45:00,8.9,-1.5,0.0,1.83,0.0
2025-03-20 21:00:00,8.5,-1.4,0.0,1.72,0.0
2025-03-20 21:15:00,8.1,-1.5,0.0,1.61,0.0
2025-03-20 21:30:00,7.7,-1.3,0.0,1.5,0.0
2025-03-20 21:45:00,7.4,-1.3,0.0,1.31,0.0
2025-03-20 22:00:00,7.1,-1.4,0.0,1.19,0.0
2025-03-20 22:15:00,6.7,-1.2,0.0,1.11,0.0
2025-03-20 22:30:00,6.3,-1.4,0.0,1.0,0.0
2025-03-20 22:45:00,6.0,-1.2,0.0,1.0,0.0
2025-03-20 23:00:00,5.7,-1.3,0.0,0.92,0.0
2025-03-20 23:15:00,5.4,-1.3,0.0,0.86,0.0
2025-03-20 23:30:00,5.2,-1.5,0.0,0.89,0.0
2025-03-20 23:45:00,5.0,-1.7,0.0,0.81,0.0
2025-03-21 00:00:00,4.8,-1.6,0.0,0.86,0.0
2025-03-21 00:15:00,4.6,-1.7,0.0,0.86,0.0
2025-03-21 00:30:00,4.2,-1.8,0.0,0.94,0.0
2025-03-21 00:45:00,3.9,-1.9,0.0,0.94,0.0
2025-03-21 01:00:00,3.6,-1.9,0.0,0.94,0.0
2025-03-21 01:15:00,3.3,-2.0,0.0,0.92,0.0
2025-03-21 01:30:00,3.0,-2.0,0.0,0.92,0.0
2025-03-21 01:45:00,2.6,-1.9,0.0,0.94,0.0
2025-03-21 02:00:00,2.4,-2.0,0.0,0.97,0.0
2025-03-21 02:15:00,2.2,-2.0,0.0,0.97,0.0
2025-03-21 02:30:00,2.0,-2.0,0.0,0.97,0.0
2025-03-21 02:45:00,1.9,-2.1,0.0,0.94,0.0
2025-03-21 03:00:00,1.8,-2.0,0.0,0.94,0.0
2025-03-21 03:15:00,1.7,-2.1,0.0,0.94,0.0
2025-03-21 03:30:00,1.7,-1.9,0.0,0.94,0.0
2025-03-21 03:45:00,1.6,-2.0,0.0,0.89,0.0
2025-03-21 04:00:00,1.5,-2.1,0.0,0.89,0.0
2025-03-21 04:15:00,1.4,-2.1,0.0,0.89,0.0
2025-03-21 04:30:00,1.1,-2.1,0.0,0.81,0.0
2025-03-21 04:45:00,0.9,-2.3,0.0,0.81,0.0
2025-03-21 05:00:00,0.7,-2.3,0.0,0.81,0.0
2025-03-21 05:15:00,0.6,-2.4,0.0,0.81,0.0
2025-03-21 05:30:00,0.5,-2.5,0.0,0.94,0.0
2025-03-21 05:45:00,0.5,-2.6,0.0,1.03,0.0
2025-03-21 06:00:00,0.4,-2.6,0.0,1.03,0.0
2025-03-21 06:15:00,0.4,-2.7,0.0,0.97,0.0
2025-03-21 06:30:00,0.3,-2.7,0.0,1.08,0.0
2025-03-21 06:45:00,0.3,-3.0,0.0,1.06,0.0
2025-03-21 07:00:00,0.3,-3.0,0.0,1.03,0.0
2025-03-21 07:15:00,0.3,-3.0,0.0,1.03,0.0
2025-03-21 07:30:00,0.3,-3.0,0.0,1.11,0.0
2025-03-21 07:45:00,0.4,-2.9,0.0,1.11,369.2
2025-03-21 08:00:00,0.5,-2.9,0.0,1.11,848.39
2025-03-21 08:15:00,0.8,-2.8,0.0,1.14,900.0
2025-03-21 08:30:00,1.1,-2.8,0.0,1.25,900.0
2025-03-21 08:45:00,1.6,-2.9,0.0,1.28,900.0
2025-03-21 09:00:00,2.1,-2.8,0.0,1.31,900.0
2025-03-21 09:15:00,2.7,-2.7,0.0,1.25,900.0
2025-03-21 09:30:00,3.4,-2.4,0.0,1.17,900.0
2025-03-21 09:45:00,4.1,-2.3,0.0,1.14,900.0
2025-03-21 10:00:00,4.9,-2.0,0.0,1.06,900.0
2025-03-21 10:15:00,5.7,-1.7,0.0,1.06,900.0
2025-03-21 10:30:00,6.5,-1.6,0.0,1.06,900.0
2025-03-21 10:45:00,7.4,-1.3,0.0,1.06,900.0
2025-03-21 11:00:00,8.2,-1.1,0.0,1.06,494.06
2025-03-21 11:15:00,9.0,-0.9,0.0,1.0,900.0
2025-03-21 11:30:00,9.7,-0.8,0.0,0.86,900.0
2025-03-21 11:45:00,10.4,-0.7,0.0,0.81,900.0
2025-03-21 12:00:00,11.1,-0.7,0.0,0.81,900.0
2025-03-21 12:15:00,11.8,-0.4,0.0,0.89,900.0
2025-03-21 12:30:00,12.4,-0.5,0.0,1.11,900.0
2025-03-21 12:45:00,13.0,-0.3,0.0,1.25,900.0
2025-03-21 13:00:00,13.6,-0.1,0.0,1.47,900.0
2025-03-21 13:15:00,14.0,-0.1,0.0,1.67,900.0
2025-03-21 13:30:00,14.5,-0.4,0.0,1.75,900.0
2025-03-21 13:45:00,14.8,-0.9,0.0,1.89,900.0
2025-03-21 14:00:00,15.1,-1.1,0.0,2.0,900.0
2025-03-21 14:15:00,15.4,-1.3,0.0,2.08,900.0
2025-03-21 14:30:00,15.5,-1.6,0.0,2.11,900.0
2025-03-21 14:45:00,15.7,-1.4,0.0,2.22,900.0
2025-03-21 15:00:00,15.8,-1.8,0.0,2.22,900.0
2025-03-21 15:15:00,15.9,-2.2,0.0,2.31,900.0
2025-03-21 15:30:00,15.9,-2.1,0.0,2.28,900.0
2025-03-21 15:45:00,16.0,-2.5,0.0,2.36,900.0
2025-03-21 16:00:00,16.0,-2.5,0.0,2.33,900.0
2025-03-21 16:15:00,16.1,-2.5,0.0,2.33,900.0
2025-03-21 16:30:00,16.2,-1.9,0.0,2.31,900.0
2025-03-21 16:45:00,16.2,-1.4,0.0,2.31,900.0
2025-03-21 17:00:00,16.2,-1.0,0.0,2.31,900.0
2025-03-21 17:15:00,16.0,-1.1,0.0,2.42,900.0
2025-03-21 17:30:00,15.9,-1.3,0.0,2.42,900.0
2025-03-21 17:45:00,15.6,-1.5,0.0,2.5,900.0
2025-03-21 18:00:00,15.3,-1.8,0.0,2.5,900.0
2025-03-21 18:15:00,14.9,-1.7,0.0,2.42,900.0
2025-03-21 18:30:00,14.4,-0.9,0.0,2.33,900.0
2025-03-21 18:45:00,13.8,-0.6,0.0,2.11,236.67
2025-03-21 19:00:00,13.3,-0.4,0.0,2.03,0.0
2025-03-21 19:15:00,12.7,-0.2,0.0,2.03,0.0
2025-03-21 19:30:00,12.2,-0.1,0.0,1.92,0.0
2025-03-21 19:45:00,11.6,0.1,0.0,1.89,0.0
2025-03-21 20:00:00,11.1,0.2,0.0,1.89,0.0
2025-03-21 20:15:00,10.7,0.1,0.0,1.81,0.0
2025-03-21 20:30:00,10.2,0.2,0.0,1.83,0.0
2025-03-21 20:45:00,9.8,0.1,0.0,1.75,0.0
2025-03-21 21:00:00,9.4,0.0,0.0,1.67,0.0
2025-03-21 21:15:00,9.1,-0.0,0.0,1.58,0.0
2025-03-21 21:30:00,8.8,-0.0,0.0,1.58,0.0
2025-03-21 21:45:00,8.5,-0.1,0.0,1.56,0.0
2025-03-21 22:00:00,8.2,-0.1,0.0,1.56,0.0
2025-03-21 22:15:00,8.0,-0.2,0.0,1.64,0.0
2025-03-21 22:30:00,7.8,-0.4,0.0,1.83,0.0
2025-03-21 22:45:00,7.7,-0.6,0.0,2.03,0.0
2025-03-21 23:00:00,7.5,-0.8,0.0,2.11,0.0
2025-03-21 23:15:00,7.3,-0.9,0.0,2.11,0.0
2025-03-21 23:30:00,7.1,-1.1,0.0,2.11,0.0
2025-03-21 23:45:00,6.9,-1.6,0.0,2.0,0.0
2025-03-22 00:00:00,6.7,-1.7,0.0,2.0,0.0
2025-03-22 00:15:00,6.5,-2.2,0.0,2.0,0.0
2025-03-22 00:30:00,6.3,-2.4,0.0,1.89,0.0
2025-03-22 00:45:00,6.1,-2.8,0.0,1.89,0.0
2025-03-22 01:00:00,5.9,-3.2,0.0,1.89,0.0
2025-03-22 01:15:00,5.8,-3.6,0.0,2.0,0.0
2025-03-22 01:30:00,5.8,-3.9,0.0,2.0,0.0
2025-03-22 01:45:00,5.7,-4.2,0.0,2.11,0.0
2025-03-22 02:00:00,5.7,-4.5,0.0,2.22,0.0
2025-03-22 02:15:00,5.6,-4.6,0.0,2.22,0.0
2025-03-22 02:30:00,5.5,-4.4,0.0,2.31,0.0
2025-03-22 02:45:00,5.4,-4.2,0.0,2.22,0.0
2025-03-22 03:00:00,5.2,-4.1,0.0,2.19,0.0
2025-03-22 03:15:00,5.0,-4.0,0.0,2.11,0.0
2025-03-22 03:30:00,4.8,-4.0,0.0,1.92,0.0
2025-03-22 03:45:00,4.6,-3.9,0.0,1.75,0.0
2025-03-22 04:00:00,4.5,-3.8,0.0,1.64,0.0
2025-03-22 04:15:00,4.4,-3.6,0.0,1.64,0.0
2025-03-22 04:30:00,4.4,-3.1,0.0,1.69,0.0
2025-03-22 04:45:00,4.4,-2.9,0.0,1.72,0.0
2025-03-22 05:00:00,4.4,-2.7,0.0,1.83,0.0
2025-03-22 05:15:00,4.3,-2.6,0.0,1.83,0.0
2025-03-22 05:30:00,4.1,-2.8,0.0,1.92,0.0
2025-03-22 05:45:00,3.9,-2.7,0.0,1.92,0.0
2025-03-22 06:00:00,3.8,-2.9,0.0,1.89,0.0
2025-03-22 06:15:00,3.7,-2.7,0.0,2.0,0.0
2025-03-22 06:30:00,3.6,-2.6,0.0,2.0,0.0
2025-03-22 06:45:00,3.5,-2.5,0.0,2.11,0.0
2025-03-22 07:00:00,3.4,-2.6,0.0,2.11,0.0
2025-03-22 07:15:00,3.3,-2.7,0.0,2.0,0.0
2025-03-22 07:30:00,3.1,-2.8,0.0,1.89,47.96
2025-03-22 07:45:00,3.0,-3.1,0.0,1.81,648.46
2025-03-22 08:00:00,3.2,-3.2,0.0,1.81,900.0
2025-03-22 08:15:00,3.6,-3.3,0.0,1.89,900.0
2025-03-22 08:30:00,4.1,-3.2,0.0,2.0,900.0
2025-03-22 08:45:00,4.8,-3.0,0.0,2.11,900.0
2025-03-22 09:00:00,5.4,-2.9,0.0,2.19,900.0
2025-03-22 09:15:00,6.1,-2.8,0.0,2.31,900.0
2025-03-22 09:30:00,6.8,-2.9,0.0,2.42,900.0
2025-03-22 09:45:00,7.5,-2.8,0.0,2.5,900.0
2025-03-22 10:00:00,8.2,-2.7,0.0,2.61,900.0
2025-03-22 10:15:00,8.9,-2.4,0.0,2.81,900.0
2025-03-22 10:30:00,9.5,-2.1,0.0,2.92,900.0
2025-03-22 10:45:00,10.2,-1.9,0.0,3.14,900.0
2025-03-22 11:00:00,10.7,-1.4,0.0,3.36,900.0
2025-03-22 11:15:00,11.2,-0.9,0.0,3.44,900.0
2025-03-22 11:30:00,11.7,-0.5,0.0,3.56,900.0
2025-03-22 11:45:00,12.1,-0.4,0.0,3.64,900.0
2025-03-22 12:00:00,12.5,-0.1,0.0,3.72,900.0
2025-03-22 12:15:00,12.9,-0.0,0.0,3.83,900.0
2025-03-22 12:30:00,13.4,0.0,0.0,4.0,900.0
2025-03-22 12:45:00,13.7,-0.4,0.0,4.11,900.0
2025-03-22 13:00:00,14.1,-0.4,0.0,4.19,900.0
2025-03-22 13:15:00,14.4,-0.5,0.0,4.31,900.0
2025-03-22 13:30:00,14.6,-1.1,0.0,4.39,900.0
2025-03-22 13:45:00,14.8,-1.3,0.0,4.5,900.0
2025-03-22 14:00:00,15.0,-1.6,0.0,4.61,900.0
2025-03-22 14:15:00,15.2,-1.4,0.0,4.61,900.0
2025-03-22 14:30:00,15.4,-1.3,0.0,4.61,900.0
2025-03-22 14:45:00,15.5,-1.1,0.0,4.61,900.0
2025-03-22 15:00:00,15.6,-1.0,0.0,4.61,900.0
2025-03-22 15:15:00,15.7,-1.4,0.0,4.64,900.0
2025-03-22 15:30:00,15.8,-1.8,0.0,4.67,900.0
2025-03-22 15:45:00,15.8,-2.2,0.0,4.67,900.0
2025-03-22 16:00:00,15.7,-2.3,0.0,4.67,900.0
2025-03-22 16:15:00,15.6,-2.4,0.0,4.64,900.0
2025-03-22 16:30:00,15.5,-2.0,0.0,4.61,900.0
2025-03-22 16:45:00,15.3,-1.8,0.0,4.61,900.0
2025-03-22 17:00:00,15.1,-1.5,0.0,4.53,828.27
2025-03-22 17:15:00,15.0,-1.6,0.0,4.44,900.0
2025-03-22 17:30:00,14.9,-1.2,0.0,4.28,900.0
2025-03-22 17:45:00,14.8,-1.3,0.0,4.08,900.0
2025-03-22 18:00:00,14.6,-1.5,0.0,3.89,900.0
2025-03-22 18:15:00,14.3,-1.8,0.0,3.69,900.0
2025-03-22 18:30:00,13.9,-1.7,0.0,3.56,900.0
2025-03-22 18:45:00,13.5,-1.7,0.0,3.44,406.17
2025-03-22 19:00:00,13.1,-2.1,0.0,3.33,65.14
2025-03-22 19:15:00,12.7,-2.4,0.0,3.42,0.0
2025-03-22 19:30:00,12.4,-2.7,0.0,3.5,0.0
2025-03-22 19:45:00,12.0,-3.0,0.0,3.61,0.0
2025-03-22 20:00:00,11.7,-3.3,0.0,3.69,0.0
2025-03-22 20:15:00,11.3,-3.2,0.0,3.69,0.0
2025-03-22 20:30:00,11.0,-3.2,0.0,3.61,0.0
2025-03-22 20:45:00,10.6,-2.8,0.0,3.5,0.0
2025-03-22 21:00:00,10.3,-2.8,0.0,3.39,0.0
2025-03-22 21:15:00,10.0,-2.7,0.0,3.31,0.0
2025-03-22 21:30:00,9.6,-3.0,0.0,3.19,0.0
2025-03-22 21:45:00,9.3,-3.0,0.0,3.11,0.0
2025-03-22 22:00:00,9.1,-3.1,0.0,3.0,0.0
2025-03-22 22:15:00,9.0,-3.2,0.0,3.0,0.0
2025-03-22 22:30:00,9.0,-3.3,0.0,3.03,0.0
2025-03-22 22:45:00,8.9,-3.0,0.0,3.03,0.0
2025-03-22 23:00:00,8.8,-3.1,0.0,3.11,0.0
2025-03-22 23:15:00,8.7,-2.9,0.0,3.19,0.0
2025-03-22 23:30:00,8.4,-3.1,0.0,3.19,0.0
2025-03-22 23:45:00,8.2,-3.0,0.0,3.31,0.0
2025-03-23 00:00:00,8.0,-2.9,0.0,3.39,0.0
2025-03-23 00:15:00,7.8,-2.8,0.0,3.5,0.0
2025-03-23 00:30:00,7.7,-2.9,0.0,3.61,0.0
2025-03-23 00:45:00,7.5,-2.8,0.0,3.69,0.0
2025-03-23 01:00:00,7.4,-2.9,0.0,3.69,0.0
2025-03-23 01:15:00,7.4,-2.9,0.0,3.69,0.0
2025-03-23 01:30:00,7.4,-2.9,0.0,3.61,0.0
2025-03-23 01:45:00,7.4,-2.6,0.0,3.61,0.0
2025-03-23 02:00:00,7.4,-2.7,0.0,3.5,0.0
2025-03-23 02:15:00,7.2,-2.5,0.0,3.42,0.0
2025-03-23 02:30:00,7.0,-2.8,0.0,3.42,0.0
2025-03-23 02:45:00,6.7,-2.7,0.0,3.31,0.0
2025-03-23 03:00:00,6.5,-2.7,0.0,3.19,0.0
2025-03-23 03:15:00,6.3,-2.6,0.0,3.11,0.0
2025-03-23 03:30:00,6.1,-2.6,0.0,2.92,0.0
2025-03-23 03:45:00,5.9,-2.5,0.0,2.81,0.0
2025-03-23 04:00:00,5.7,-2.4,0.0,2.81,0.0
2025-03-23 04:15:00,5.7,-2.2,0.0,2.92,0.0
2025-03-23 04:30:00,5.7,-2.0,0.0,3.11,0.0
2025-03-23 04:45:00,5.7,-2.0,0.0,3.31,0.0
2025-03-23 05:00:00,5.6,-1.8,0.0,3.39,0.0
2025-03-23 05:15:00,5.6,-1.8,0.0,3.39,0.0
2025-03-23 05:30:00,5.5,-1.9,0.0,3.39,0.0
2025-03-23 05:45:00,5.4,-2.0,0.0,3.31,0.0
2025-03-23 06:00:00,5.3,-2.1,0.0,3.31,0.0
2025-03-23 06:15:00,5.2,-2.2,0.0,3.19,0.0
2025-03-23 06:30:00,5.2,-2.2,0.0,3.19,0.0
2025-03-23 06:45:00,5.1,-2.0,0.0,3.11,0.0
2025-03-23 07:00:00,5.1,-2.1,0.0,3.11,0.0
2025-03-23 07:15:00,5.0,-1.9,0.0,3.11,0.0
2025-03-23 07:30:00,4.9,-1.8,0.0,3.19,0.0
2025-03-23 07:45:00,4.8,-1.7,0.0,3.31,0.0
2025-03-23 08:00:00,4.8,-1.4,0.0,3.39,149.83
2025-03-23 08:15:00,5.0,-1.2,0.0,3.39,900.0
2025-03-23 08:30:00,5.4,-1.1,0.0,3.5,900.0
2025-03-23 08:45:00,5.7,-1.2,0.0,3.5,900.0
2025-03-23 09:00:00,6.2,-1.0,0.0,3.53,761.43
2025-03-23 09:15:00,6.7,-0.8,0.0,3.56,510.92
2025-03-23 09:30:00,7.3,-0.7,0.0,3.47,900.0
2025-03-23 09:45:00,7.8,-0.4,0.0,3.42,124.52
2025-03-23 10:00:00,8.3,-0.3,0.0,3.44,469.76
2025-03-23 10:15:00,8.5,0.2,0.0,3.56,461.23
2025-03-23 10:30:00,8.7,0.6,0.0,3.64,55.66
2025-03-23 10:45:00,8.7,1.1,0.0,3.72,159.5
2025-03-23 11:00:00,8.8,1.5,0.0,3.69,0.0
2025-03-23 11:15:00,9.0,1.8,0.0,3.56,0.0
2025-03-23 11:30:00,9.1,2.2,0.0,3.36,0.0
2025-03-23 11:45:00,9.2,2.3,0.0,3.17,0.0
2025-03-23 12:00:00,9.3,2.6,0.0,3.03,0.0
2025-03-23 12:15:00,9.5,3.0,0.0,2.92,0.0
2025-03-23 12:30:00,9.6,3.1,0.0,2.81,0.0
2025-03-23 12:45:00,9.7,3.2,0.0,2.81,0.0
2025-03-23 13:00:00,9.9,3.6,0.0,2.69,0.0
2025-03-23 13:15:00,10.0,3.9,0.0,2.61,0.0
2025-03-23 13:30:00,10.1,4.3,0.0,2.5,0.0
2025-03-23 13:45:00,10.3,4.6,0.0,2.39,0.0
2025-03-23 14:00:00,10.5,5.0,0.0,2.39,0.0
2025-03-23 14:15:00,10.7,5.3,0.0,2.53,0.0
2025-03-23 14:30:00,11.0,5.5,0.0,2.89,0.0
2025-03-23 14:45:00,11.3,5.6,0.0,3.19,0.0
2025-03-23 15:00:00,11.4,5.7,0.0,3.36,0.0
2025-03-23 15:15:00,11.5,6.0,0.0,3.28,0.0
2025-03-23 15:30:00,11.4,6.1,0.0,3.0,0.0
2025-03-23 15:45:00,11.3,6.2,0.0,2.75,0.0
2025-03-23 16:00:00,11.2,6.3,0.0,2.61,0.0
2025-03-23 16:15:00,11.1,6.4,0.0,2.72,0.0
2025-03-23 16:30:00,10.9,6.7,0.0,2.94,0.0
2025-03-23 16:45:00,10.8,6.7,0.0,3.14,0.0
2025-03-23 17:00:00,10.7,6.8,0.0,3.22,0.0
2025-03-23 17:15:00,10.6,6.9,0.0,3.17,0.0
2025-03-23 17:30:00,10.4,6.9,0.0,2.92,0.0
2025-03-23 17:45:00,10.3,6.8,0.0,2.81,0.0
2025-03-23 18:00:00,10.2,6.9,0.0,2.61,0.0
2025-03-23 18:15:00,10.1,7.0,0.0,2.42,0.0
2025-03-23 18:30:00,10.1,6.9,0.0,2.19,0.0
2025-03-23 18:45:00,10.0,7.0,0.0,2.0,0.0
2025-03-23 19:00:00,9.9,7.1,0.0,1.92,0.0
2025-03-23 19:15:00,9.7,7.3,0.0,1.83,0.0
2025-03-23 19:30:00,9.5,7.4,0.0,1.81,0.0
2025-03-23 19:45:00,9.3,7.5,0.0,1.81,0.0
2025-03-23 20:00:00,9.1,7.7,0.0,1.81,0.0
2025-03-23 20:15:00,9.0,7.8,0.0,1.69,0.0
2025-03-23 20:30:00,9.0,7.7,0.0,1.5,0.0
2025-03-23 20:45:00,9.0,7.9,0.0,1.44,0.0
2025-03-23 21:00:00,8.9,7.8,0.0,1.33,0.0
2025-03-23 21:15:00,8.9,7.8,0.0,1.31,0.0
2025-03-23 21:30:00,8.8,7.9,0.0,1.42,0.0
2025-03-23 21:45:00,8.8,7.8,0.0,1.5,0.0
2025-03-23 22:00:00,8.7,7.8,0.0,1.5,0.0
2025-03-23 22:15:00,8.7,7.8,0.0,1.56,0.0
2025-03-23 22:30:00,8.7,8.0,0.0,1.58,0.0
2025-03-23 22:45:00,8.7,8.0,0.0,1.67,0.0
2025-03-23 23:00:00,8.7,8.0,0.0,1.56,0.0
2025-03-23 23:15:00,8.7,7.9,0.0,1.44,0.0
2025-03-23 23:30:00,8.6,7.9,0.0,1.14,0.0
2025-03-23 23:45:00,8.6,7.8,0.0,1.0,0.0
2025-03-24 00:00:00,8.5,7.8,0.0,0.81,0.0
2025-03-24 00:15:00,8.5,7.7,0.0,0.72,0.0
2025-03-24 00:30:00,8.5,7.7,0.0,0.64,0.0
2025-03-24 00:45:00,8.4,7.7,0.0,0.5,0.0
2025-03-24 01:00:00,8.5,7.7,0.0,0.31,0.0
2025-03-24 01:15:00,8.6,7.8,0.0,0.14,0.0
2025-03-24 01:30:00,8.8,7.8,0.0,0.11,0.0
2025-03-24 01:45:00,8.9,7.8,0.0,0.42,0.0
2025-03-24 02:00:00,9.0,7.9,0.0,0.64,0.0
2025-03-24 02:15:00,9.1,8.0,0.0,0.89,0.0
2025-03-24 02:30:00,9.0,8.1,0.0,1.25,0.0
2025-03-24 02:45:00,9.0,8.3,0.0,1.53,0.0
2025-03-24 03:00:00,9.0,8.2,0.0,1.72,0.0
2025-03-24 03:15:00,8.9,8.2,0.0,1.69,0.0
2025-03-24 03:30:00,8.9,8.1,0.0,1.64,0.0
2025-03-24 03:45:00,8.8,8.1,0.0,1.5,0.0
2025-03-24 04:00:00,8.8,8.0,0.0,1.5,0.0
2025-03-24 04:15:00,8.7,8.0,0.0,1.56,0.0
2025-03-24 04:30:00,8.7,8.1,0.0,1.69,0.0
2025-03-24 04:45:00,8.7,8.1,0.0,2.0,0.0
2025-03-24 05:00:00,8.7,8.1,0.0,2.17,0.0
2025-03-24 05:15:00,8.6,8.0,0.0,2.25,0.0
2025-03-24 05:30:00,8.6,8.0,0.0,2.25,0.0
2025-03-24 05:45:00,8.6,8.0,0.0,2.28,0.0
2025-03-24 06:00:00,8.5,7.9,0.0,2.22,0.0
2025-03-24 06:15:00,8.5,7.9,0.0,2.17,0.0
2025-03-24 06:30:00,8.5,7.8,0.0,2.11,0.0
2025-03-24 06:45:00,8.5,7.7,0.0,1.97,0.0
2025-03-24 07:00:00,8.5,7.7,0.0,1.94,0.0
2025-03-24 07:15:00,8.4,7.7,0.0,2.06,0.0
2025-03-24 07:30:00,8.4,7.8,0.0,2.25,0.0
2025-03-24 07:45:00,8.3,7.9,0.0,2.47,0.0
2025-03-24 08:00:00,8.3,7.8,0.0,2.58,0.0
2025-03-24 08:15:00,8.3,7.8,0.0,2.42,0.0
2025-03-24 08:30:00,8.3,7.7,0.0,2.28,0.0
2025-03-24 08:45:00,8.3,7.7,0.0,1.97,0.0
2025-03-24 09:00:00,8.4,7.6,0.0,1.83,0.0
2025-03-24 09:15:00,8.4,7.7,0.0,1.61,0.0
2025-03-24 09:30:00,8.4,7.5,0.0,1.44,0.0
2025-03-24 09:45:00,8.5,7.6,0.0,1.28,0.0
2025-03-24 10:00:00,8.6,7.5,0.0,1.19,0.0
2025-03-24 10:15:00,8.7,7.3,0.0,1.33,0.0
2025-03-24 10:30:00,8.8,7.1,0.0,1.44,0.0
2025-03-24 10:45:00,9.0,6.7,0.0,1.67,0.0
2025-03-24 11:00:00,9.2,6.6,0.0,1.78,0.0
2025-03-24 11:15:00,9.4,6.5,0.0,1.89,770.32
2025-03-24 11:30:00,9.7,6.4,0.0,1.92,900.0
2025-03-24 11:45:00,10.0,6.4,0.0,2.11,900.0
2025-03-24 12:00:00,10.3,6.3,0.0,2.19,739.95
2025-03-24 12:15:00,10.6,6.2,0.0,2.36,401.32
2025-03-24 12:30:00,10.9,5.9,0.0,2.44,0.0
2025-03-24 12:45:00,11.2,5.7,0.0,2.53,0.0
2025-03-24 13:00:00,11.3,5.6,0.0,2.53,335.26
2025-03-24 13:15:00,11.3,5.8,0.0,2.39,185.44
2025-03-24 13:30:00,11.1,6.0,0.0,2.08,0.0
2025-03-24 13:45:00,10.8,6.2,0.0,1.81,0.0
2025-03-24 14:00:00,10.7,6.2,0.0,1.64,0.0
2025-03-24 14:15:00,10.7,6.2,0.0,1.69,0.0
2025-03-24 14:30:00,10.7,6.0,0.0,1.83,0.0
2025-03-24 14:45:00,10.8,6.1,0.0,2.06,0.0
2025-03-24 15:00:00,10.8,6.0,0.0,2.19,0.0
2025-03-24 15:15:00,10.9,6.0,0.0,2.22,0.0
2025-03-24 15:30:00,10.9,6.1,0.0,2.33,159.14
2025-03-24 15:45:00,11.0,6.1,0.0,2.33,0.0
2025-03-24 16:00:00,11.0,6.1,0.0,2.28,0.0
2025-03-24 16:15:00,10.9,6.2,0.0,2.17,0.0
2025-03-24 16:30:00,10.7,6.2,0.0,1.94,0.0
2025-03-24 16:45:00,10.5,6.5,0.0,1.61,0.0
2025-03-24 17:00:00,10.4,6.5,0.0,1.5,0.0
2025-03-24 17:15:00,10.3,6.5,0.0,1.5,0.0
2025-03-24 17:30:00,10.3,6.6,0.0,1.61,443.99
2025-03-24 17:45:00,10.4,6.7,0.0,1.72,680.59
2025-03-24 18:00:00,10.3,6.6,0.0,1.81,713.35
2025-03-24 18:15:00,10.2,6.7,0.0,1.83,299.36
2025-03-24 18:30:00,10.1,6.8,0.0,1.92,50.69
2025-03-24 18:45:00,10.0,6.9,0.0,2.0,0.0
2025-03-24 19:00:00,9.8,6.9,0.0,2.0,0.0
2025-03-24 19:15:00,9.6,6.9,0.0,2.03,0.0
2025-03-24 19:30:00,9.4,6.6,0.0,2.03,0.0
2025-03-24 19:45:00,9.1,6.3,0.0,2.03,0.0
2025-03-24 20:00:00,8.9,6.3,0.0,1.83,0.0
2025-03-24 20:15:00,8.7,6.3,0.0,1.58,0.0
2025-03-24 20:30:00,8.6,6.2,0.0,1.22,0.0
2025-03-24 20:45:00,8.5,6.3,0.0,1.08,0.0
2025-03-24 21:00:00,8.4,6.3,0.0,0.92,0.0
2025-03-24 21:15:00,8.2,6.3,0.0,0.81,0.0
2025-03-24 21:30:00,8.0,6.5,0.0,0.64,0.0
2025-03-24 21:45:00,7.8,6.4,0.0,0.64,0.0
2025-03-24 22:00:00,7.6,6.4,0.0,0.69,0.0
2025-03-24 22:15:00,7.4,6.4,0.0,0.64,0.0
2025-03-24 22:30:00,7.2,6.3,0.0,0.5,0.0
2025-03-24 22:45:00,7.0,6.1,0.0,0.61,0.0
2025-03-24 23:00:00,6.8,6.0,0.0,0.69,0.0
2025-03-24 23:15:00,6.6,5.9,0.0,0.69,0.0
2025-03-24 23:30:00,6.5,5.8,0.0,0.61,0.0
2025-03-24 23:45:00,6.4,5.8,0.0,0.39,0.0
2025-03-25 00:00:00,6.3,5.7,0.0,0.31,0.0
2025-03-25 00:15:00,6.2,5.7,0.0,0.19,0.0
2025-03-25 00:30:00,6.0,5.7,0.0,0.22,0.0
2025-03-25 00:45:00,5.8,5.7,0.0,0.22,0.0
2025-03-25 01:00:00,5.6,5.6,0.0,0.19,0.0
2025-03-25 01:15:00,5.3,5.3,0.0,0.14,0.0
2025-03-25 01:30:00,4.9,4.9,0.0,0.19,0.0
2025-03-25 01:45:00,4.6,4.6,0.0,0.31,0.0
2025-03-25 02:00:00,4.4,4.4,0.0,0.44,0.0
2025-03-25 02:15:00,4.2,4.2,0.0,0.53,0.0
2025-03-25 02:30:00,4.1,4.1,0.0,0.53,0.0
2025-03-25 02:45:00,4.1,4.1,0.0,0.5,0.0
2025-03-25 03:00:00,4.1,4.1,0.0,0.5,0.0
2025-03-25 03:15:00,4.1,4.1,0.0,0.44,0.0
2025-03-25 03:30:00,4.2,4.2,0.0,0.42,0.0
2025-03-25 03:45:00,4.2,4.2,0.0,0.53,0.0
2025-03-25 04:00:00,4.3,4.3,0.0,0.53,0.0
2025-03-25 04:15:00,4.3,4.3,0.0,0.44,0.0
2025-03-25 04:30:00,4.3,4.3,0.0,0.31,0.0
2025-03-25 04:45:00,4.3,4.3,0.0,0.44,0.0
2025-03-25 05:00:00,4.3,4.3,0.0,0.53,0.0
2025-03-25 05:15:00,4.2,4.2,0.0,0.5,0.0
2025-03-25 05:30:00,4.2,4.2,0.0,0.69,0.0
2025-03-25 05:45:00,4.2,4.2,0.0,1.11,0.0
2025-03-25 06:00:00,4.1,4.1,0.0,1.39,0.0
2025-03-25 06:15:00,4.1,4.1,0.0,1.56,0.0
2025-03-25 06:30:00,4.0,4.0,0.0,1.64,0.0
2025-03-25 06:45:00,4.0,4.0,0.0,1.64,0.0
2025-03-25 07:00:00,3.9,3.9,0.0,1.64,0.0
2025-03-25 07:15:00,3.8,3.8,0.0,1.64,0.0
2025-03-25 07:30:00,3.8,3.8,0.0,1.67,0.0
2025-03-25 07:45:00,3.7,3.7,0.0,1.75,0.0
2025-03-25 08:00:00,3.7,3.7,0.0,1.86,0.0
2025-03-25 08:15:00,3.9,3.7,0.0,2.0,0.0
2025-03-25 08:30:00,4.1,3.8,0.0,2.22,0.0
2025-03-25 08:45:00,4.4,3.8,0.0,2.31,0.0
2025-03-25 09:00:00,4.7,3.9,0.0,2.39,0.0
2025-03-25 09:15:00,5.0,4.1,0.0,2.33,0.0
2025-03-25 09:30:00,5.3,4.1,0.0,2.28,59.9
2025-03-25 09:45:00,5.7,4.4,0.0,2.11,0.0
2025-03-25 10:00:00,6.1,4.4,0.0,2.0,38.94
2025-03-25 10:15:00,6.6,4.6,0.0,1.97,470.27
2025-03-25 10:30:00,7.1,4.8,0.0,2.06,727.76
2025-03-25 10:45:00,7.7,5.0,0.0,2.11,900.0
2025-03-25 11:00:00,8.3,5.2,0.0,2.19,900.0
2025-03-25 11:15:00,8.9,5.4,0.0,2.25,900.0
2025-03-25 11:30:00,9.5,5.5,0.0,2.28,900.0
2025-03-25 11:45:00,10.2,5.5,0.0,2.31,900.0
2025-03-25 12:00:00,10.8,5.7,0.0,2.33,900.0
2025-03-25 12:15:00,11.3,5.8,0.0,2.36,900.0
2025-03-25 12:30:00,11.8,5.7,0.0,2.28,900.0
2025-03-25 12:45:00,12.3,5.6,0.0,2.22,900.0
2025-03-25 13:00:00,12.7,5.6,0.0,2.19,900.0
2025-03-25 13:15:00,13.1,5.5,0.0,2.06,900.0
2025-03-25 13:30:00,13.5,5.4,0.0,2.06,900.0
2025-03-25 13:45:00,13.9,5.3,0.0,1.83,900.0
2025-03-25 14:00:00,14.2,5.0,0.0,1.72,900.0
2025-03-25 14:15:00,14.5,4.7,0.0,1.5,900.0
2025-03-25 14:30:00,14.7,4.4,0.0,1.19,900.0
2025-03-25 14:45:00,14.9,4.0,0.0,1.08,900.0
2025-03-25 15:00:00,15.1,3.8,0.0,1.0,900.0
2025-03-25 15:15:00,15.2,3.6,0.0,1.14,900.0
2025-03-25 15:30:00,15.2,3.6,0.0,1.28,900.0
2025-03-25 15:45:00,15.2,3.3,0.0,1.42,900.0
2025-03-25 16:00:00,15.2,3.3,0.0,1.56,842.74
2025-03-25 16:15:00,15.3,3.1,0.0,1.72,611.35
2025-03-25 16:30:00,15.3,3.1,0.0,1.92,66.44
2025-03-25 16:45:00,15.3,2.8,0.0,2.17,0.0
2025-03-25 17:00:00,15.3,2.8,0.0,2.25,0.0
2025-03-25 17:15:00,15.3,2.8,0.0,2.17,563.11
2025-03-25 17:30:00,15.2,3.0,0.0,1.89,900.0
2025-03-25 17:45:00,15.1,3.3,0.0,1.61,875.44
2025-03-25 18:00:00,15.0,3.5,0.0,1.44,871.29
2025-03-25 18:15:00,14.9,3.6,0.0,1.36,461.15
2025-03-25 18:30:00,14.7,4.1,0.0,1.33,0.0
2025-03-25 18:45:00,14.4,4.1,0.0,1.42,0.0
2025-03-25 19:00:00,14.2,4.4,0.0,1.33,0.0
2025-03-25 19:15:00,13.9,4.5,0.0,1.22,0.0
2025-03-25 19:30:00,13.7,4.8,0.0,1.11,0.0
2025-03-25 19:45:00,13.4,4.8,0.0,1.08,0.0
2025-03-25 20:00:00,13.1,5.0,0.0,1.03,0.0
2025-03-25 20:15:00,12.6,5.0,0.0,1.11,0.0
2025-03-25 20:30:00,12.1,5.3,0.0,1.31,0.0
2025-03-25 20:45:00,11.6,5.3,0.0,1.5,0.0
2025-03-25 21:00:00,11.2,5.3,0.0,1.61,0.0
2025-03-25 21:15:00,10.8,5.1,0.0,1.69,0.0
2025-03-25 21:30:00,10.5,4.9,0.0,1.81,0.0
2025-03-25 21:45:00,10.3,4.8,0.0,1.81,0.0
2025-03-25 22:00:00,10.1,4.6,0.0,1.75,0.0
2025-03-25 22:15:00,9.9,4.6,0.0,1.61,0.0
2025-03-25 22:30:00,9.7,4.7,0.0,1.47,0.0
2025-03-25 22:45:00,9.6,4.8,0.0,1.33,0.0
2025-03-25 23:00:00,9.5,4.9,0.0,1.22,0.0
2025-03-25 23:15:00,9.3,4.7,0.0,1.19,0.0
2025-03-25 23:30:00,9.2,4.6,0.0,1.25,0.0
2025-03-25 23:45:00,9.1,4.3,0.0,1.19,0.0
2025-03-26 00:00:00,9.0,4.2,0.0,1.31,0.0
2025-03-26 00:15:00,8.9,4.1,0.0,1.39,0.0
2025-03-26 00:30:00,8.8,4.2,0.0,1.39,0.0
2025-03-26 00:45:00,8.8,4.4,0.0,1.5,0.0
2025-03-26 01:00:00,8.7,4.5,0.0,1.61,0.0
2025-03-26 01:15:00,8.7,4.7,0.0,1.69,0.0
2025-03-26 01:30:00,8.7,4.9,0.0,1.81,0.0
2025-03-26 01:45:00,8.8,5.1,0.0,1.92,0.0
2025-03-26 02:00:00,8.8,5.3,0.0,2.03,0.0
2025-03-26 02:15:00,8.7,5.5,0.0,2.17,0.0
2025-03-26 02:30:00,8.7,5.6,0.0,2.28,0.0
2025-03-26 02:45:00,8.6,5.7,0.0,2.42,0.0
2025-03-26 03:00:00,8.6,5.8,0.0,2.44,0.0
2025-03-26 03:15:00,8.5,5.9,0.0,2.47,0.0
2025-03-26 03:30:00,8.4,6.0,0.0,2.39,0.0
2025-03-26 03:45:00,8.2,6.2,0.0,2.42,0.0
2025-03-26 04:00:00,8.1,6.2,0.0,2.33,0.0
2025-03-26 04:15:00,8.0,6.3,0.0,2.33,0.0
2025-03-26 04:30:00,7.9,6.5,0.0,2.22,0.0
2025-03-26 04:45:00,7.8,6.5,0.0,2.19,0.0
2025-03-26 05:00:00,7.7,6.6,0.0,2.19,0.0
2025-03-26 05:15:00,7.6,6.7,0.0,2.19,0.0
2025-03-26 05:30:00,7.5,6.8,0.0,2.19,0.0
2025-03-26 05:45:00,7.5,6.7,0.0,2.19,0.0
2025-03-26 06:00:00,7.4,6.6,0.0,2.28,0.0
2025-03-26 06:15:00,7.2,6.5,0.0,2.5,0.0
2025-03-26 06:30:00,7.0,6.1,0.0,2.78,0.0
2025-03-26 06:45:00,6.8,5.8,0.0,3.0,0.0
2025-03-26 07:00:00,6.7,5.5,0.0,3.22,0.0
2025-03-26 07:15:00,6.5,5.3,0.0,3.28,0.0
2025-03-26 07:30:00,6.4,5.2,0.0,3.28,0.0
2025-03-26 07:45:00,6.3,4.9,0.0,3.22,0.0
2025-03-26 08:00:00,6.3,4.9,0.0,3.22,0.0
2025-03-26 08:15:00,6.3,4.7,0.0,3.28,0.0
2025-03-26 08:30:00,6.4,4.8,0.0,3.36,0.0
2025-03-26 08:45:00,6.5,4.8,0.0,3.5,0.0
2025-03-26 09:00:00,6.6,4.7,0.0,3.5,0.0
2025-03-26 09:15:00,6.7,4.7,0.0,3.5,0.0
2025-03-26 09:30:00,6.8,4.8,0.0,3.44,0.0
2025-03-26 09:45:00,7.0,4.8,0.0,3.31,0.0
2025-03-26 10:00:00,7.2,4.7,0.0,3.28,0.0
2025-03-26 10:15:00,7.5,4.4,0.0,3.22,0.0
2025-03-26 10:30:00,7.8,4.2,0.0,3.22,312.26
2025-03-26 10:45:00,8.1,3.8,0.0,3.14,415.14
2025-03-26 11:00:00,8.5,3.5,0.0,3.11,900.0
2025-03-26 11:15:00,8.8,3.4,0.0,3.06,747.33
2025-03-26 11:30:00,9.2,3.6,0.0,2.94,900.0
2025-03-26 11:45:00,9.6,3.5,0.0,2.81,900.0
2025-03-26 12:00:00,9.9,3.6,0.0,2.81,900.0
2025-03-26 12:15:00,10.2,3.7,0.0,2.83,900.0
2025-03-26 12:30:00,10.5,3.5,0.0,3.0,618.83
2025-03-26 12:45:00,10.8,3.6,0.0,3.08,747.66
2025-03-26 13:00:00,11.1,3.3,0.0,3.14,607.13
2025-03-26 13:15:00,11.4,3.1,0.0,3.14,380.31
2025-03-26 13:30:00,11.7,2.9,0.0,3.0,727.07
2025-03-26 13:45:00,11.9,2.6,0.0,2.86,900.0
2025-03-26 14:00:00,12.1,2.5,0.0,2.86,900.0
2025-03-26 14:15:00,12.1,2.5,0.0,3.0,0.0
2025-03-26 14:30:00,12.1,2.8,0.0,3.17,157.3
2025-03-26 14:45:00,12.1,3.3,0.0,3.36,672.4
2025-03-26 15:00:00,12.0,3.5,0.0,3.56,180.51
2025-03-26 15:15:00,11.9,3.6,0.0,3.61,230.63
2025-03-26 15:30:00,11.7,3.7,0.0,3.72,37.17
2025-03-26 15:45:00,11.6,4.1,0.0,3.78,178.02
2025-03-26 16:00:00,11.4,4.3,0.0,3.78,460.22
2025-03-26 16:15:00,11.2,5.0,0.0,3.72,354.45
2025-03-26 16:30:00,10.9,5.7,0.0,3.69,0.0
2025-03-26 16:45:00,10.7,6.4,0.1,3.58,0.0
2025-03-26 17:00:00,10.5,6.8,0.2,3.5,0.0
2025-03-26 17:15:00,10.3,6.8,0.1,3.36,0.0
2025-03-26 17:30:00,10.2,6.7,0.0,3.08,0.0
2025-03-26 17:45:00,10.1,6.4,0.0,2.92,0.0
2025-03-26 18:00:00,9.9,6.3,0.0,2.89,0.0
2025-03-26 18:15:00,9.7,6.1,0.0,3.0,0.0
2025-03-26 18:30:00,9.6,5.9,0.0,3.28,0.0
2025-03-26 18:45:00,9.4,5.7,0.0,3.56,0.0
2025-03-26 19:00:00,9.2,5.7,0.0,3.75,0.0
2025-03-26 19:15:00,9.0,5.7,0.0,3.83,0.0
2025-03-26 19:30:00,8.8,5.7,0.0,3.97,0.0
2025-03-26 19:45:00,8.7,6.0,0.0,3.89,0.0
2025-03-26 20:00:00,8.6,6.0,0.0,3.83,0.0
2025-03-26 20:15:00,8.5,6.1,0.0,3.67,0.0
2025-03-26 20:30:00,8.4,6.2,0.0,3.33,0.0
2025-03-26 20:45:00,8.3,6.3,0.0,3.11,0.0
2025-03-26 21:00:00,8.3,6.2,0.0,2.89,0.0
2025-03-26 21:15:00,8.2,6.2,0.0,2.83,0.0
2025-03-26 21:30:00,8.2,6.1,0.0,2.83,0.0
2025-03-26 21:45:00,8.1,5.9,0.0,2.89,0.0
2025-03-26 22:00:00,8.1,5.9,0.0,2.89,0.0
2025-03-26 22:15:00,8.0,5.8,0.0,2.89,0.0
2025-03-26 22:30:00,8.0,6.0,0.0,2.83,0.0
2025-03-26 22:45:00,8.0,6.1,0.0,2.75,0.0
2025-03-26 23:00:00,8.0,6.1,0.0,2.75,0.0
2025-03-26 23:15:00,7.9,6.0,0.0,2.69,0.0
2025-03-26 23:30:00,7.9,6.2,0.0,2.61,0.0
2025-03-26 23:45:00,7.9,6.2,0.0,2.56,0.0
2025-03-27 00:00:00,7.8,6.1,0.0,2.42,0.0
2025-03-27 00:15:00,7.8,6.1,0.0,2.28,0.0
2025-03-27 00:30:00,7.8,6.1,0.0,2.11,0.0
2025-03-27 00:45:00,7.7,5.8,0.0,1.92,0.0
2025-03-27 01:00:00,7.7,5.8,0.0,1.83,0.0
2025-03-27 01:15:00,7.6,5.8,0.0,1.92,0.0
2025-03-27 01:30:00,7.6,5.7,0.0,2.0,0.0
2025-03-27 01:45:00,7.5,5.8,0.0,2.14,0.0
2025-03-27 02:00:00,7.4,5.7,0.0,2.22,0.0
2025-03-27 02:15:00,7.4,5.7,0.0,2.17,0.0
2025-03-27 02:30:00,7.3,5.8,0.0,2.11,0.0
2025-03-27 02:45:00,7.3,5.7,0.0,2.06,0.0
2025-03-27 03:00:00,7.2,5.7,0.0,2.0,0.0
2025-03-27 03:15:00,7.2,5.6,0.0,2.0,0.0
2025-03-27 03:30:00,7.1,5.6,0.0,1.92,0.0
2025-03-27 03:45:00,7.1,5.5,0.0,1.83,0.0
2025-03-27 04:00:00,7.1,5.5,0.0,1.83,0.0
2025-03-27 04:15:00,7.1,5.5,0.0,1.83,0.0
2025-03-27 04:30:00,7.1,5.5,0.0,1.69,0.0
2025-03-27 04:45:00,7.1,5.6,0.0,1.67,0.0
2025-03-27 05:00:00,7.1,5.6,0.0,1.67,0.0
2025-03-27 05:15:00,7.1,5.6,0.0,1.67,0.0
2025-03-27 05:30:00,7.1,5.4,0.0,1.75,0.0
2025-03-27 05:45:00,7.1,5.4,0.0,1.89,0.0
2025-03-27 06:00:00,7.1,5.4,0.0,1.89,0.0
2025-03-27 06:15:00,7.0,5.3,0.0,1.92,0.0
2025-03-27 06:30:00,7.0,5.5,0.0,1.92,0.0
2025-03-27 06:45:00,7.0,5.4,0.0,1.97,0.0
2025-03-27 07:00:00,6.9,5.4,0.0,2.03,0.0
2025-03-27 07:15:00,6.9,5.3,0.0,2.14,0.0
2025-03-27 07:30:00,6.8,5.3,0.0,2.19,0.0
2025-03-27 07:45:00,6.8,5.3,0.0,2.33,471.07
2025-03-27 08:00:00,6.8,5.1,0.0,2.42,900.0
2025-03-27 08:15:00,6.9,5.0,0.0,2.33,900.0
2025-03-27 08:30:00,6.9,4.9,0.0,2.19,900.0
2025-03-27 08:45:00,7.0,4.7,0.0,2.06,900.0
2025-03-27 09:00:00,7.2,4.6,0.0,1.92,900.0
2025-03-27 09:15:00,7.4,4.7,0.0,1.83,900.0
2025-03-27 09:30:00,7.8,4.7,0.0,1.83,900.0
2025-03-27 09:45:00,8.1,4.6,0.0,1.92,900.0
2025-03-27 10:00:00,8.3,4.7,0.0,1.92,900.0
2025-03-27 10:15:00,8.5,4.7,0.0,1.92,900.0
2025-03-27 10:30:00,8.5,4.5,0.0,2.0,900.0
2025-03-27 10:45:00,8.6,4.4,0.0,2.03,900.0
2025-03-27 11:00:00,8.7,4.3,0.0,2.14,830.19
2025-03-27 11:15:00,8.8,4.0,0.0,2.33,0.0
2025-03-27 11:30:00,8.9,3.7,0.0,2.56,0.0
2025-03-27 11:45:00,9.0,3.4,0.0,2.72,147.82
2025-03-27 12:00:00,9.1,3.3,0.0,2.83,206.21
2025-03-27 12:15:00,9.2,3.4,0.0,2.78,69.06
2025-03-27 12:30:00,9.2,3.6,0.0,2.67,0.0
2025-03-27 12:45:00,9.3,3.7,0.0,2.53,0.0
2025-03-27 13:00:00,9.4,3.8,0.0,2.42,0.0
2025-03-27 13:15:00,9.5,3.7,0.0,2.39,0.0
2025-03-27 13:30:00,9.7,3.4,0.0,2.36,37.7
2025-03-27 13:45:00,9.9,2.9,0.0,2.36,602.73
2025-03-27 14:00:00,10.0,2.8,0.0,2.33,431.02
2025-03-27 14:15:00,10.0,2.8,0.0,2.33,186.89
2025-03-27 14:30:00,10.0,2.8,0.0,2.31,0.0
2025-03-27 14:45:00,10.0,3.0,0.0,2.31,57.32
2025-03-27 15:00:00,10.0,3.1,0.0,2.31,0.0
2025-03-27 15:15:00,10.1,3.2,0.0,2.22,66.2
2025-03-27 15:30:00,10.2,3.0,0.0,2.14,488.44
2025-03-27 15:45:00,10.3,2.9,0.0,2.0,900.0
2025-03-27 16:00:00,10.5,2.8,0.0,1.89,900.0
2025-03-27 16:15:00,10.7,2.7,0.0,1.83,900.0
2025-03-27 16:30:00,10.9,2.4,0.0,1.81,900.0
2025-03-27 16:45:00,11.1,2.1,0.0,1.81,900.0
2025-03-27 17:00:00,11.2,2.0,0.0,1.83,900.0
2025-03-27 17:15:00,11.2,2.0,0.0,1.78,900.0
2025-03-27 17:30:00,11.2,2.2,0.0,1.67,900.0
2025-03-27 17:45:00,11.1,2.1,0.0,1.5,900.0
2025-03-27 18:00:00,11.0,2.3,0.0,1.44,816.12
2025-03-27 18:15:00,11.0,2.3,0.0,1.44,544.08
2025-03-27 18:30:00,10.9,2.2,0.0,1.56,225.54
2025-03-27 18:45:00,10.8,2.1,0.0,1.67,0.0
2025-03-27 19:00:00,10.6,2.1,0.0,1.78,0.0
2025-03-27 19:15:00,10.3,2.1,0.0,1.72,0.0
2025-03-27 19:30:00,9.9,2.2,0.0,1.56,0.0
2025-03-27 19:45:00,9.5,2.3,0.0,1.42,0.0
2025-03-27 20:00:00,9.2,2.5,0.0,1.19,0.0
2025-03-27 20:15:00,9.0,2.5,0.0,1.03,0.0
2025-03-27 20:30:00,8.8,2.4,0.0,0.81,0.0
2025-03-27 20:45:00,8.7,2.2,0.0,0.69,0.0
2025-03-27 21:00:00,8.5,2.3,0.0,0.72,0.0
2025-03-27 21:15:00,8.3,2.3,0.0,0.69,0.0
2025-03-27 21:30:00,8.1,2.3,0.0,0.75,0.0
2025-03-27 21:45:00,7.9,2.3,0.0,0.92,0.0
2025-03-27 22:00:00,7.5,2.3,0.0,1.11,0.0
2025-03-27 22:15:00,6.9,2.2,0.0,1.25,0.0
2025-03-27 22:30:00,6.2,1.9,0.0,1.28,0.0
2025-03-27 22:45:00,5.5,1.6,0.0,1.19,0.0
2025-03-27 23:00:00,4.9,1.4,0.0,1.25,0.0
2025-03-27 23:15:00,4.6,1.2,0.0,1.25,0.0
2025-03-27 23:30:00,4.4,1.0,0.0,1.25,0.0
2025-03-27 23:45:00,4.3,1.1,0.0,1.11,0.0
2025-03-28 00:00:00,4.1,1.0,0.0,1.11,0.0
2025-03-28 00:15:00,4.0,0.8,0.0,1.11,0.0
2025-03-28 00:30:00,3.9,0.9,0.0,1.08,0.0
2025-03-28 00:45:00,3.8,0.8,0.0,1.08,0.0
2025-03-28 01:00:00,3.6,0.8,0.0,1.06,0.0
2025-03-28 01:15:00,3.3,0.7,0.0,1.03,0.0
2025-03-28 01:30:00,2.9,0.6,0.0,1.0,0.0
2025-03-28 01:45:00,2.5,0.5,0.0,1.0,0.0
2025-03-28 02:00:00,2.2,0.4,0.0,1.0,0.0
2025-03-28 02:15:00,2.0,0.4,0.0,1.03,0.0
2025-03-28 02:30:00,2.0,0.5,0.0,0.92,0.0
2025-03-28 02:45:00,1.9,0.4,0.0,0.83,0.0
2025-03-28 03:00:00,1.8,0.5,0.0,0.83,0.0
2025-03-28 03:15:00,1.6,0.5,0.0,0.83,0.0
2025-03-28 03:30:00,1.4,0.5,0.0,0.92,0.0
2025-03-28 03:45:00,1.1,0.5,0.0,1.0,0.0
2025-03-28 04:00:00,0.9,0.4,0.0,1.0,0.0
2025-03-28 04:15:00,0.6,0.3,0.0,1.0,0.0
2025-03-28 04:30:00,0.3,0.2,0.0,0.89,0.0
2025-03-28 04:45:00,0.0,0.0,0.0,0.81,0.0
2025-03-28 05:00:00,-0.2,-0.2,0.0,0.69,0.0
2025-03-28 05:15:00,-0.3,-0.3,0.0,0.69,0.0
2025-03-28 05:30:00,-0.4,-0.4,0.0,0.61,0.0
2025-03-28 05:45:00,-0.4,-0.4,0.0,0.61,0.0
2025-03-28 06:00:00,-0.5,-0.5,0.0,0.61,0.0
2025-03-28 06:15:00,-0.6,-0.6,0.0,0.61,0.0
2025-03-28 06:30:00,-0.7,-0.7,0.0,0.72,0.0
2025-03-28 06:45:00,-0.8,-0.8,0.0,0.92,0.0
2025-03-28 07:00:00,-0.8,-0.8,0.0,1.0,0.0
2025-03-28 07:15:00,-0.9,-0.9,0.0,1.06,0.0
2025-03-28 07:30:00,-0.9,-0.9,0.0,1.14,0.0
2025-03-28 07:45:00,-0.9,-0.9,0.0,1.08,0.0
2025-03-28 08:00:00,-0.7,-0.8,0.0,1.11,0.0
2025-03-28 08:15:00,-0.3,-0.8,0.0,1.11,163.59
2025-03-28 08:30:00,0.2,-0.6,0.0,1.17,463.4
2025-03-28 08:45:00,0.8,-0.5,0.0,1.17,900.0
2025-03-28 09:00:00,1.5,-0.3,0.0,1.17,900.0
2025-03-28 09:15:00,2.3,0.0,0.0,1.17,900.0
2025-03-28 09:30:00,3.3,0.3,0.0,1.14,900.0
2025-03-28 09:45:00,4.2,0.5,0.0,1.14,900.0
2025-03-28 10:00:00,5.2,0.9,0.0,1.25,900.0
2025-03-28 10:15:00,6.1,1.2,0.0,1.33,900.0
2025-03-28 10:30:00,7.1,1.6,0.0,1.53,900.0
2025-03-28 10:45:00,8.1,2.1,0.0,1.75,900.0
2025-03-28 11:00:00,8.9,2.2,0.0,1.97,900.0
2025-03-28 11:15:00,9.5,2.1,0.0,2.22,900.0
2025-03-28 11:30:00,10.1,2.0,0.0,2.56,900.0
2025-03-28 11:45:00,10.6,1.4,0.0,2.86,900.0
2025-03-28 12:00:00,11.1,1.3,0.0,3.08,900.0
2025-03-28 12:15:00,11.5,1.1,0.0,3.17,900.0
2025-03-28 12:30:00,11.8,1.1,0.0,3.0,900.0
2025-03-28 12:45:00,12.1,1.4,0.0,2.97,900.0
2025-03-28 13:00:00,12.5,1.5,0.0,2.92,900.0
2025-03-28 13:15:00,12.8,1.5,0.0,2.97,900.0
2025-03-28 13:30:00,13.2,1.5,0.0,3.03,900.0
2025-03-28 13:45:00,13.6,1.9,0.0,3.11,900.0
2025-03-28 14:00:00,13.9,1.9,0.0,3.19,900.0
2025-03-28 14:15:00,14.2,2.1,0.0,3.31,900.0
2025-03-28 14:30:00,14.4,2.3,0.0,3.42,900.0
2025-03-28 14:45:00,14.6,2.5,0.0,3.5,900.0
2025-03-28 15:00:00,14.8,2.7,0.0,3.61,900.0
2025-03-28 15:15:00,15.0,2.8,0.0,3.69,900.0
2025-03-28 15:30:00,15.1,2.9,0.0,3.81,900.0
2025-03-28 15:45:00,15.2,3.3,0.0,3.92,900.0
2025-03-28 16:00:00,15.2,3.3,0.0,4.0,900.0
2025-03-28 16:15:00,15.3,3.4,0.0,4.03,900.0
2025-03-28 16:30:00,15.3,3.8,0.0,4.03,900.0
2025-03-28 16:45:00,15.4,3.8,0.0,4.06,900.0
2025-03-28 17:00:00,15.3,4.1,0.0,4.06,900.0
2025-03-28 17:15:00,15.2,4.3,0.0,4.08,900.0
2025-03-28 17:30:00,15.1,4.4,0.0,4.0,900.0
2025-03-28 17:45:00,14.9,4.5,0.0,3.92,900.0
2025-03-28 18:00:00,14.7,4.6,0.0,3.83,900.0
2025-03-28 18:15:00,14.5,4.7,0.0,3.64,900.0
2025-03-28 18:30:00,14.3,4.8,0.0,3.33,639.75
2025-03-28 18:45:00,14.0,5.1,0.0,3.08,14.15
2025-03-28 19:00:00,13.8,5.1,0.0,2.86,0.0
2025-03-28 19:15:00,13.4,5.3,0.0,2.75,0.0
2025-03-28 19:30:00,13.1,5.2,0.0,2.72,0.0
2025-03-28 19:45:00,12.7,5.3,0.0,2.61,0.0
2025-03-28 20:00:00,12.3,5.4,0.0,2.61,0.0
2025-03-28 20:15:00,11.9,5.5,0.0,2.5,0.0
2025-03-28 20:30:00,11.5,5.6,0.0,2.39,0.0
2025-03-28 20:45:00,11.2,5.5,0.0,2.31,0.0
2025-03-28 21:00:00,10.8,5.6,0.0,2.19,0.0
2025-03-28 21:15:00,10.5,5.5,0.0,2.19,0.0
2025-03-28 21:30:00,10.3,5.4,0.0,2.31,0.0
2025-03-28 21:45:00,10.0,5.4,0.0,2.31,0.0
2025-03-28 22:00:00,9.8,5.4,0.0,2.39,0.0
2025-03-28 22:15:00,9.7,5.3,0.0,2.39,0.0
2025-03-28 22:30:00,9.6,5.3,0.0,2.5,0.0
2025-03-28 22:45:00,9.5,5.3,0.0,2.5,0.0
2025-03-28 23:00:00,9.3,5.1,0.0,2.5,0.0
2025-03-28 23:15:00,9.2,5.0,0.0,2.5,0.0
2025-03-28 23:30:00,9.0,5.0,0.0,2.5,0.0
2025-03-28 23:45:00,8.8,4.8,0.0,2.39,0.0
2025-03-29 00:00:00,8.6,4.8,0.0,2.39,0.0
2025-03-29 00:15:00,8.4,4.7,0.0,2.31,0.0
2025-03-29 00:30:00,8.2,4.7,0.0,2.19,0.0
2025-03-29 00:45:00,8.0,4.6,0.0,2.11,0.0
2025-03-29 01:00:00,7.9,4.6,0.0,2.11,0.0
2025-03-29 01:15:00,7.8,4.6,0.0,2.11,0.0
2025-03-29 01:30:00,7.8,4.7,0.0,2.19,0.0
2025-03-29 01:45:00,7.8,4.7,0.0,2.31,0.0
2025-03-29 02:00:00,7.7,4.7,0.0,2.31,0.0
2025-03-29 02:15:00,7.7,4.6,0.0,2.31,0.0
2025-03-29 02:30:00,7.6,4.7,0.0,2.19,0.0
2025-03-29 02:45:00,7.5,4.6,0.0,2.19,0.0
2025-03-29 03:00:00,7.4,4.5,0.0,2.11,0.0
2025-03-29 03:15:00,7.3,4.4,0.0,2.0,0.0
2025-03-29 03:30:00,7.2,4.3,0.0,2.03,0.0
2025-03-29 03:45:00,7.2,4.3,0.0,1.92,0.0
2025-03-29 04:00:00,7.2,4.3,0.0,1.92,0.0
2025-03-29 04:15:00,7.4,4.3,0.0,1.92,0.0
2025-03-29 04:30:00,7.6,4.4,0.0,1.92,0.0
2025-03-29 04:45:00,7.9,4.7,0.0,1.81,0.0
2025-03-29 05:00:00,8.1,4.6,0.0,1.81,0.0
2025-03-29 05:15:00,8.1,4.6,0.0,1.81,0.0
2025-03-29 05:30:00,7.9,4.5,0.0,1.72,0.0
2025-03-29 05:45:00,7.8,4.5,0.0,1.61,0.0
2025-03-29 06:00:00,7.6,4.4,0.0,1.61,0.0
2025-03-29 06:15:00,7.5,4.3,0.0,1.61,0.0
2025-03-29 06:30:00,7.4,4.3,0.0,1.61,0.0
2025-03-29 06:45:00,7.3,4.4,0.0,1.61,0.0
2025-03-29 07:00:00,7.2,4.3,0.0,1.61,0.0
2025-03-29 07:15:00,7.2,4.3,0.0,1.5,0.0
2025-03-29 07:30:00,7.2,4.3,0.0,1.31,0.0
2025-03-29 07:45:00,7.2,4.3,0.0,1.06,0.0
2025-03-29 08:00:00,7.3,4.4,0.0,0.97,305.24
2025-03-29 08:15:00,7.5,4.4,0.0,1.03,900.0
2025-03-29 08:30:00,7.7,4.5,0.0,1.08,900.0
2025-03-29 08:45:00,8.0,4.4,0.0,1.14,900.0
2025-03-29 09:00:00,8.3,4.5,0.0,1.19,900.0
2025-03-29 09:15:00,8.6,4.6,0.0,1.28,900.0
2025-03-29 09:30:00,8.9,4.5,0.0,1.28,900.0
2025-03-29 09:45:00,9.3,4.7,0.0,1.33,900.0
2025-03-29 10:00:00,9.7,4.7,0.0,1.28,900.0
2025-03-29 10:15:00,10.2,4.8,0.0,1.17,900.0
2025-03-29 10:30:00,10.8,4.9,0.0,1.08,900.0
2025-03-29 10:45:00,11.4,5.3,0.0,1.0,900.0
2025-03-29 11:00:00,11.9,5.3,0.0,1.11,900.0
2025-03-29 11:15:00,12.4,5.5,0.0,1.31,900.0
2025-03-29 11:30:00,12.8,5.7,0.0,1.53,900.0
2025-03-29 11:45:00,13.1,5.8,0.0,1.83,900.0
2025-03-29 12:00:00,13.5,5.8,0.0,2.03,900.0
2025-03-29 12:15:00,13.9,6.0,0.0,2.11,900.0
2025-03-29 12:30:00,14.2,6.1,0.0,2.11,900.0
2025-03-29 12:45:00,14.6,6.1,0.0,2.22,900.0
2025-03-29 13:00:00,14.9,6.2,0.0,2.22,861.35
2025-03-29 13:15:00,15.1,6.1,0.0,2.33,773.48
2025-03-29 13:30:00,15.2,6.2,0.0,2.42,835.29
2025-03-29 13:45:00,15.3,6.3,0.0,2.53,900.0
2025-03-29 14:00:00,15.4,6.1,0.0,2.61,900.0
2025-03-29 14:15:00,15.6,6.0,0.0,2.72,900.0
2025-03-29 14:30:00,15.8,5.9,0.0,2.72,900.0
2025-03-29 14:45:00,16.0,6.1,0.0,2.72,900.0
2025-03-29 15:00:00,16.1,6.0,0.0,2.83,900.0
2025-03-29 15:15:00,16.2,6.1,0.0,2.92,900.0
2025-03-29 15:30:00,16.2,6.1,0.0,3.03,900.0
2025-03-29 15:45:00,16.2,6.1,0.0,3.11,900.0
2025-03-29 16:00:00,16.2,6.1,0.0,3.11,900.0
2025-03-29 16:15:00,16.2,6.0,0.0,3.0,900.0
2025-03-29 16:30:00,16.1,6.0,0.0,2.92,900.0
2025-03-29 16:45:00,16.0,5.9,0.0,2.83,900.0
2025-03-29 17:00:00,16.0,5.8,0.0,2.72,900.0
2025-03-29 17:15:00,15.9,5.8,0.0,2.72,264.04
2025-03-29 17:30:00,15.9,5.8,0.0,2.72,502.82
2025-03-29 17:45:00,15.9,5.7,0.0,2.72,411.94
2025-03-29 18:00:00,15.8,5.6,0.0,2.72,732.12
2025-03-29 18:15:00,15.6,5.8,0.0,2.72,413.77
2025-03-29 18:30:00,15.4,5.9,0.0,2.78,341.95
2025-03-29 18:45:00,15.2,5.9,0.0,2.81,0.0
2025-03-29 19:00:00,15.0,6.0,0.0,2.78,0.0
2025-03-29 19:15:00,14.8,6.1,0.0,2.78,0.0
2025-03-29 19:30:00,14.5,6.1,0.0,2.64,0.0
2025-03-29 19:45:00,14.3,5.9,0.0,2.5,0.0
2025-03-29 20:00:00,14.1,5.9,0.0,2.47,0.0
2025-03-29 20:15:00,13.9,6.0,0.0,2.47,0.0
2025-03-29 20:30:00,13.7,5.8,0.0,2.56,0.0
2025-03-29 20:45:00,13.6,5.9,0.0,2.56,0.0
2025-03-29 21:00:00,13.4,6.0,0.0,2.56,0.0
2025-03-29 21:15:00,13.3,6.2,0.0,2.56,0.0
2025-03-29 21:30:00,13.2,6.3,0.0,2.69,0.0
2025-03-29 21:45:00,13.1,6.4,0.0,2.78,0.0
2025-03-29 22:00:00,13.0,6.5,0.0,2.89,0.0
2025-03-29 22:15:00,12.8,6.6,0.0,2.83,0.0
2025-03-29 22:30:00,12.7,6.7,0.0,2.83,0.0
2025-03-29 22:45:00,12.5,6.5,0.0,2.75,0.0
2025-03-29 23:00:00,12.4,6.6,0.0,2.69,0.0
2025-03-29 23:15:00,12.2,6.7,0.0,2.78,0.0
2025-03-29 23:30:00,12.1,6.5,0.0,2.86,0.0
2025-03-29 23:45:00,11.9,6.6,0.0,3.11,0.0
2025-03-30 00:00:00,11.7,6.4,0.0,3.22,0.0
2025-03-30 00:15:00,11.6,6.3,0.0,3.33,0.0
2025-03-30 00:30:00,11.4,5.9,0.0,3.33,0.0
2025-03-30 00:45:00,11.2,5.7,0.0,3.47,0.0
2025-03-30 01:00:00,11.0,5.3,0.0,3.47,0.0
2025-03-30 01:15:00,10.9,5.0,0.0,3.39,0.0
2025-03-30 01:30:00,10.7,4.8,0.0,3.42,0.0
2025-03-30 01:45:00,10.6,4.7,0.0,3.36,0.0
2025-03-30 02:00:00,10.4,4.5,0.0,3.39,0.0
2025-03-30 02:15:00,10.1,4.5,0.0,3.42,0.0
2025-03-30 02:30:00,9.8,4.6,0.0,3.53,0.0
2025-03-30 02:45:00,9.5,4.7,0.0,3.67,0.0
2025-03-30 03:00:00,9.3,4.9,0.0,3.75,0.0
2025-03-30 03:15:00,9.1,4.9,0.0,3.89,0.0
2025-03-30 03:30:00,8.9,4.9,0.0,4.03,0.0
2025-03-30 03:45:00,8.8,4.8,0.0,4.11,0.0
2025-03-30 04:00:00,8.7,4.9,0.0,4.17,0.0
2025-03-30 04:15:00,8.5,4.9,0.0,4.08,0.0
2025-03-30 04:30:00,8.4,4.9,0.0,4.08,0.0
2025-03-30 04:45:00,8.2,5.0,0.0,3.94,0.0
2025-03-30 05:00:00,8.1,4.8,0.0,3.86,0.0
2025-03-30 05:15:00,8.0,4.7,0.0,3.86,0.0
2025-03-30 05:30:00,7.9,4.5,0.0,4.0,0.0
2025-03-30 05:45:00,7.9,4.3,0.0,4.08,0.0
2025-03-30 06:00:00,7.8,4.0,0.0,4.14,0.0
2025-03-30 06:15:00,7.8,3.6,0.0,4.19,0.0
2025-03-30 06:30:00,7.8,3.2,0.0,4.25,0.0
2025-03-30 06:45:00,7.7,2.6,0.0,4.22,0.0
2025-03-30 07:00:00,7.7,2.4,0.0,4.22,0.0
2025-03-30 07:15:00,7.7,2.3,0.0,4.08,0.0
2025-03-30 07:30:00,7.7,2.5,0.0,3.94,0.0
2025-03-30 07:45:00,7.6,2.5,0.0,3.75,0.0
2025-03-30 08:00:00,7.6,2.7,0.0,3.69,0.0
2025-03-30 08:15:00,7.7,2.7,0.0,3.78,0.0
2025-03-30 08:30:00,7.7,2.8,0.0,3.86,0.0
2025-03-30 08:45:00,7.8,2.7,0.0,3.94,0.0
2025-03-30 09:00:00,7.9,2.7,0.0,3.89,0.0
2025-03-30 09:15:00,7.9,2.8,0.0,3.75,0.0
2025-03-30 09:30:00,7.9,2.8,0.0,3.5,0.0
2025-03-30 09:45:00,8.0,2.8,0.0,3.22,0.0
2025-03-30 10:00:00,8.1,2.8,0.0,3.06,0.0
2025-03-30 10:15:00,8.5,2.7,0.0,2.89,0.0
2025-03-30 10:30:00,9.0,2.7,0.0,2.81,0.0
2025-03-30 10:45:00,9.5,2.5,0.0,2.78,0.0
2025-03-30 11:00:00,10.0,2.3,0.0,2.75,900.0
2025-03-30 11:15:00,10.4,2.0,0.0,2.75,900.0
2025-03-30 11:30:00,10.9,1.4,0.0,2.86,900.0
2025-03-30 11:45:00,11.3,0.9,0.0,2.97,900.0
2025-03-30 12:00:00,11.7,0.4,0.0,3.0,900.0
2025-03-30 12:15:00,12.0,0.1,0.0,2.92,900.0
2025-03-30 12:30:00,12.3,0.4,0.0,2.69,900.0
2025-03-30 12:45:00,12.6,0.3,0.0,2.5,900.0
2025-03-30 13:00:00,12.8,0.2,0.0,2.47,900.0
2025-03-30 13:15:00,12.9,-0.0,0.0,2.67,900.0
2025-03-30 13:30:00,13.1,-0.2,0.0,3.06,900.0
2025-03-30 13:45:00,13.2,-0.9,0.0,3.44,389.62
2025-03-30 14:00:00,13.3,-1.1,0.0,3.64,900.0
2025-03-30 14:15:00,13.4,-1.4,0.0,3.61,900.0
2025-03-30 14:30:00,13.6,-1.6,0.0,3.61,900.0
2025-03-30 14:45:00,13.8,-1.8,0.0,3.42,900.0
2025-03-30 15:00:00,13.9,-2.2,0.0,3.42,900.0
2025-03-30 15:15:00,13.9,-2.6,0.0,3.5,0.0
2025-03-30 15:30:00,13.8,-3.0,0.0,3.69,0.0
2025-03-30 15:45:00,13.7,-3.6,0.0,4.0,0.0
2025-03-30 16:00:00,13.5,-3.7,0.0,4.25,0.0
2025-03-30 16:15:00,13.2,-3.1,0.0,4.47,0.0
2025-03-30 16:30:00,12.8,-2.7,0.0,4.56,0.0
2025-03-30 16:45:00,12.4,-1.9,0.0,4.69,0.0
2025-03-30 17:00:00,12.0,-1.2,0.0,4.75,0.0
2025-03-30 17:15:00,11.6,-0.6,0.0,4.69,34.57
2025-03-30 17:30:00,11.2,0.3,0.0,4.61,241.94
2025-03-30 17:45:00,10.9,0.8,0.0,4.47,0.0
2025-03-30 18:00:00,10.6,1.4,0.0,4.31,0.0
2025-03-30 18:15:00,10.3,1.7,0.0,4.11,0.0
2025-03-30 18:30:00,10.1,2.0,0.0,3.92,0.0
2025-03-30 18:45:00,9.9,2.0,0.1,3.72,0.0
2025-03-30 19:00:00,9.8,2.1,0.0,3.53,0.0
2025-03-30 19:15:00,9.7,2.3,0.0,3.39,0.0
2025-03-30 19:30:00,9.6,2.2,0.0,3.39,0.0
2025-03-30 19:45:00,9.5,2.4,0.0,3.36,0.0
2025-03-30 20:00:00,9.4,2.5,0.0,3.25,0.0
2025-03-30 20:15:00,9.3,2.8,0.0,3.17,0.0
2025-03-30 20:30:00,9.0,2.8,0.0,2.94,0.0
2025-03-30 20:45:00,8.8,3.0,0.0,2.75,0.0
2025-03-30 21:00:00,8.6,3.2,0.0,2.64,0.0
2025-03-30 21:15:00,8.5,3.3,0.0,2.61,0.0
2025-03-30 21:30:00,8.3,3.6,0.0,2.61,0.0
2025-03-30 21:45:00,8.2,3.6,0.0,2.61,0.0
2025-03-30 22:00:00,8.1,3.7,0.0,2.75,0.0
2025-03-30 22:15:00,8.0,3.8,0.0,2.86,0.0
2025-03-30 22:30:00,7.9,4.1,0.0,2.97,0.0
2025-03-30 22:45:00,7.8,4.2,0.0,3.17,0.0
2025-03-30 23:00:00,7.7,4.3,0.0,3.25,0.0
2025-03-30 23:15:00,7.6,4.2,0.0,3.33,0.0
2025-03-30 23:30:00,7.5,3.9,0.0,3.42,0.0
2025-03-30 23:45:00,7.4,3.6,0.0,3.5,0.0
2025-03-31 00:00:00,7.3,3.4,0.0,3.61,0.0
2025-03-31 00:15:00,7.3,3.3,0.0,3.72,0.0
2025-03-31 00:30:00,7.2,3.4,0.0,3.72,0.0
2025-03-31 00:45:00,7.2,3.6,0.0,3.72,0.0
2025-03-31 01:00:00,7.2,3.8,0.0,3.75,0.0
2025-03-31 01:15:00,7.2,3.9,0.0,3.67,0.0
2025-03-31 01:30:00,7.2,3.9,0.0,3.53,0.0
2025-03-31 01:45:00,7.2,4.1,0.0,3.36,0.0
2025-03-31 02:00:00,7.2,4.1,0.0,3.28,0.0
2025-03-31 02:15:00,7.1,4.1,0.0,3.42,0.0
2025-03-31 02:30:00,7.1,4.0,0.0,3.5,0.0
2025-03-31 02:45:00,7.0,3.7,0.0,3.69,0.0
2025-03-31 03:00:00,6.9,3.7,0.0,3.83,0.0
2025-03-31 03:15:00,6.9,3.6,0.0,3.86,0.0
2025-03-31 03:30:00,6.8,3.6,0.0,3.89,0.0
2025-03-31 03:45:00,6.8,3.8,0.0,3.94,0.0
2025-03-31 04:00:00,6.8,3.7,0.0,3.89,0.0
2025-03-31 04:15:00,6.7,3.7,0.0,3.81,0.0
2025-03-31 04:30:00,6.7,3.8,0.0,3.67,0.0
2025-03-31 04:45:00,6.7,4.0,0.0,3.53,0.0
2025-03-31 05:00:00,6.6,3.9,0.0,3.44,0.0
2025-03-31 05:15:00,6.6,3.9,0.0,3.44,0.0
2025-03-31 05:30:00,6.6,4.1,0.0,3.44,0.0
2025-03-31 05:45:00,6.5,4.0,0.1,3.58,0.0
2025-03-31 06:00:00,6.5,4.0,0.0,3.58,0.0
2025-03-31 06:15:00,6.5,4.1,0.0,3.58,0.0
2025-03-31 06:30:00,6.5,4.1,0.0,3.5,0.0
2025-03-31 06:45:00,6.4,4.2,0.0,3.5,0.0
2025-03-31 07:00:00,6.4,4.2,0.0,3.39,0.0
2025-03-31 07:15:00,6.4,4.2,0.0,3.31,0.0
2025-03-31 07:30:00,6.5,4.3,0.0,3.28,0.0
2025-03-31 07:45:00,6.5,4.1,0.0,3.25,0.0
2025-03-31 08:00:00,6.5,4.2,0.0,3.22,0.0
2025-03-31 08:15:00,6.6,4.2,0.0,3.28,0.0
2025-03-31 08:30:00,6.6,4.3,0.0,3.33,0.0
2025-03-31 08:45:00,6.7,4.2,0.0,3.33,0.0
2025-03-31 09:00:00,6.8,4.3,0.0,3.42,0.0
2025-03-31 09:15:00,7.0,4.3,0.0,3.39,0.0
2025-03-31 09:30:00,7.2,4.3,0.0,3.28,0.0
2025-03-31 09:45:00,7.4,4.3,0.0,3.08,2.91
2025-03-31 10:00:00,7.6,4.3,0.0,3.03,233.12
2025-03-31 10:15:00,7.7,4.3,0.0,3.03,0.0
2025-03-31 10:30:00,7.9,4.4,0.0,3.0,82.69
2025-03-31 10:45:00,8.0,4.6,0.0,2.92,556.93
2025-03-31 11:00:00,8.2,4.6,0.0,2.97,0.0
2025-03-31 11:15:00,8.5,4.7,0.0,2.97,439.3
2025-03-31 11:30:00,8.7,4.7,0.0,3.11,379.15
2025-03-31 11:45:00,9.0,4.6,0.0,3.11,718.54
2025-03-31 12:00:00,9.1,4.5,0.0,3.14,276.41
2025-03-31 12:15:00,9.1,4.3,0.0,3.14,287.99
2025-03-31 12:30:00,9.1,4.1,0.0,3.11,390.61
2025-03-31 12:45:00,9.0,3.6,0.0,3.11,0.0
2025-03-31 13:00:00,9.0,3.4,0.0,3.17,0.0
2025-03-31 13:15:00,9.2,3.4,0.0,3.17,0.0
2025-03-31 13:30:00,9.4,3.2,0.0,3.0,0.0
2025-03-31 13:45:00,9.7,3.2,0.0,2.94,0.0
2025-03-31 14:00:00,9.9,3.1,0.0,3.0,900.0
2025-03-31 14:15:00,10.0,3.3,0.0,3.14,900.0
2025-03-31 14:30:00,10.1,3.6,0.0,3.39,0.0
2025-03-31 14:45:00,10.2,3.9,0.0,3.61,294.34
2025-03-31 15:00:00,10.3,4.2,0.0,3.72,0.0
2025-03-31 15:15:00,10.4,4.3,0.0,3.78,0.0
2025-03-31 15:30:00,10.4,4.1,0.0,3.83,391.32
2025-03-31 15:45:00,10.4,3.9,0.0,3.86,221.46
2025-03-31 16:00:00,10.4,3.9,0.0,3.83,900.0
2025-03-31 16:15:00,10.4,4.1,0.0,3.64,900.0
2025-03-31 16:30:00,10.2,4.1,0.1,3.44,387.1
2025-03-31 16:45:00,10.1,4.3,0.0,3.19,0.0
2025-03-31 17:00:00,10.0,4.2,0.0,3.0,0.0
2025-03-31 17:15:00,10.0,3.9,0.0,3.0,267.65
2025-03-31 17:30:00,10.0,3.5,0.0,3.11,85.95
2025-03-31 17:45:00,10.0,3.3,0.0,3.19,0.0
2025-03-31 18:00:00,10.0,3.1,0.0,3.28,0.0
2025-03-31 18:15:00,10.0,3.2,0.0,3.17,0.0
2025-03-31 18:30:00,9.9,3.8,0.0,3.0,0.0
2025-03-31 18:45:00,9.7,4.1,0.0,2.89,0.0
2025-03-31 19:00:00,9.6,4.4,0.0,2.78,0.0
2025-03-31 19:15:00,9.5,4.3,0.0,2.83,0.0
2025-03-31 19:30:00,9.4,4.2,0.0,3.06,0.0
2025-03-31 19:45:00,9.3,4.1,0.0,3.22,0.0
2025-03-31 20:00:00,9.2,4.0,0.0,3.33,0.0
2025-03-31 20:15:00,9.0,4.0,0.0,3.31,0.0
2025-03-31 20:30:00,8.8,4.2,0.0,3.28,0.0
2025-03-31 20:45:00,8.6,4.4,0.0,3.11,0.0
2025-03-31 21:00:00,8.5,4.7,0.0,3.06,0.0
2025-03-31 21:15:00,8.3,4.7,0.0,2.97,0.0
2025-03-31 21:30:00,8.2,4.6,0.0,2.92,0.0
2025-03-31 21:45:00,8.0,4.6,0.0,2.92,0.0
2025-03-31 22:00:00,7.9,4.5,0.0,2.92,0.0
2025-03-31 22:15:00,7.8,4.4,0.0,3.0,0.0
2025-03-31 22:30:00,7.8,4.3,0.0,3.11,0.0
2025-03-31 22:45:00,7.7,4.4,0.0,3.28,0.0
2025-03-31 23:00:00,7.6,4.4,0.0,3.39,0.0
2025-03-31 23:15:00,7.6,4.5,0.0,3.44,0.0
2025-03-31 23:30:00,7.5,4.6,0.0,3.5,0.0
2025-03-31 23:45:00,7.5,4.8,0.0,3.42,0.0
