data zdarzenia;czas zdarzenia;AP szyn;AP zam.;Obw.wzc.;Obw.zam.;śnieg;opad;TSG [°C];TSZ  [°C];TP  [°C]
21.12.2023;08:29:21;0;0;0;0;0;0;4,8;4,5;5,2
21.12.2023;08:29:21;0;0;0;0;0;0;4,8;4,5;5,2
21.12.2023;08:29:24;0;0;0;0;0;0;4,7;4,5;5,2
21.12.2023;08:31:48;0;0;0;0;0;0;4,8;4,5;5,2
21.12.2023;08:31:48;0;0;0;0;0;0;4,8;4,5;5,2
21.12.2023;08:31:50;0;0;0;0;0;0;4,8;4,5;5,2
21.12.2023;08:31:51;0;0;0;0;0;0;4,8;4,5;5,2
21.12.2023;09:37:57;0;0;0;0;0;1;5,5;5,3;6,1
21.12.2023;10:01:35;0;0;0;0;0;0;5,7;5,5;6
21.12.2023;10:30:50;0;0;0;0;0;1;5,9;5,7;5,9
21.12.2023;12:17:11;0;0;0;0;0;0;6;5,6;5,9
21.12.2023;12:18:09;0;0;0;0;0;1;6;5,6;6
21.12.2023;14:18:09;0;0;0;0;0;1;6,2;5,7;6,1
21.12.2023;15:30:52;0;0;0;0;0;0;6,1;5,6;6,4
21.12.2023;16:09:08;0;0;0;0;0;1;6,3;5,7;7,1
21.12.2023;17:39:19;0;0;0;0;0;0;6,4;5,8;6,8
21.12.2023;18:19:07;0;0;0;0;0;1;6,6;6,1;7,5
21.12.2023;19:30:56;0;0;0;0;0;0;6,6;6,3;6,7
21.12.2023;21:30:56;0;0;0;0;0;0;5,7;5,4;6,4
21.12.2023;21:39:13;0;0;0;0;0;1;5,7;5,4;6,3
21.12.2023;21:59:21;0;0;0;0;0;0;5,4;5;5,2
21.12.2023;23:59:21;0;0;0;0;0;0;4,8;4,5;5,3
22.12.2023;01:10:15;0;0;0;0;0;1;4,3;4;5
22.12.2023;01:26:27;0;0;0;0;0;0;4,1;3,7;4,6
22.12.2023;02:01:32;0;0;0;0;0;1;4;3,6;4,4
22.12.2023;02:32:33;0;0;0;0;0;0;3,8;3,1;4
22.12.2023;04:22:04;0;2;0;0;0;0;2,4;1,9;2,8
22.12.2023;04:22:04;0;2;0;1;0;0;2,4;1,9;2,8
22.12.2023;04:22:04;0;2;0;1;0;0;2,4;1,9;2,8
22.12.2023;06:22:05;0;2;0;1;0;0;2,2;1,5;2,9
22.12.2023;08:22:13;0;2;0;1;0;0;2,3;1,9;2,9
22.12.2023;10:16:58;0;0;0;1;0;0;3,5;4,1;4
22.12.2023;10:16:58;0;0;0;0;0;0;3,5;4,1;4
22.12.2023;10:16:58;0;0;0;0;0;0;3,5;4,1;4
22.12.2023;12:16:59;0;0;0;0;0;0;5,9;7,1;4,4
22.12.2023;14:17:00;0;0;0;0;0;0;7,8;10,1;7,3
22.12.2023;16:17:00;0;0;0;0;0;0;4,5;3,9;3,4
22.12.2023;18:04:54;0;2;0;0;0;0;2,7;1,9;2,3
22.12.2023;18:04:54;0;2;0;1;0;0;2,7;1,9;2,3
22.12.2023;18:04:54;0;2;0;1;0;0;2,7;1,9;2,3
22.12.2023;20:04:54;0;2;0;1;0;0;1,9;1,4;2,5
22.12.2023;22:04:55;0;2;0;1;0;0;1,9;1,3;2,3
23.12.2023;00:04:55;0;2;0;1;0;0;1,6;1;1,9
23.12.2023;01:01:02;4;2;0;1;0;0;1,9;1,4;2,5
23.12.2023;01:01:02;4;2;0;1;1;1;1,9;1,4;2,5
23.12.2023;01:01:02;4;2;1;1;1;1;1,9;1,4;2,5
23.12.2023;01:06:12;1;2;1;1;1;1;7,1;1,5;2,3
23.12.2023;01:06:13;1;2;1;1;2;1;7,1;1,5;2,3
23.12.2023;01:06:13;1;2;0;1;2;1;7,1;1,5;2,3
23.12.2023;01:17:43;0;2;0;1;2;1;5,2;1,4;2,1
23.12.2023;01:17:43;0;2;0;1;0;0;5,2;1,4;2,1
23.12.2023;01:18:48;4;2;0;1;0;0;5;1,4;2
23.12.2023;01:18:48;4;2;0;1;1;1;5;1,4;2
23.12.2023;01:18:49;4;2;1;1;1;1;5;1,4;2
23.12.2023;01:22:02;1;2;1;1;1;1;7,1;1,4;1,9
23.12.2023;01:22:02;1;2;1;1;2;1;7,1;1,4;1,9
23.12.2023;01:22:02;1;2;0;1;2;1;7,1;1,4;1,9
23.12.2023;01:27:52;3;2;0;1;2;1;7;1,4;1,6
23.12.2023;01:27:52;3;2;1;1;2;1;7;1,4;1,6
23.12.2023;01:29:30;1;2;1;1;2;1;7,1;1,4;1,6
23.12.2023;01:29:31;1;2;0;1;2;1;7,1;1,4;1,6
23.12.2023;01:35:27;0;2;0;1;2;1;6,9;1,3;1,5
23.12.2023;01:35:27;0;2;0;1;0;0;6,9;1,3;1,5
23.12.2023;03:35:27;0;2;0;1;0;0;1,2;0,4;1
23.12.2023;05:35:28;0;2;0;1;0;0;0,7;0;0,6
23.12.2023;07:35:29;0;2;0;1;0;0;-0,1;-0,8;-0,1
23.12.2023;09:35:29;0;2;0;1;0;0;1,2;0,8;1,6
23.12.2023;11:35:29;0;2;0;1;0;0;2,4;2,2;2,2
23.12.2023;11:38:41;0;2;0;1;0;1;2,3;2,2;2
23.12.2023;11:40:10;3;2;0;1;0;1;2,3;2,1;1,9
23.12.2023;11:40:10;3;2;1;1;0;1;2,3;2,1;1,9
23.12.2023;11:44:58;1;2;1;1;0;1;7,1;2;1,7
23.12.2023;11:44:59;1;2;0;1;0;1;7,1;2;1,7
23.12.2023;11:46:37;1;2;0;1;2;1;8,3;1,9;1,7
23.12.2023;11:49:45;4;2;0;1;2;1;7;1,9;1,5
23.12.2023;11:49:45;4;2;0;1;1;1;7;1,9;1,5
23.12.2023;11:49:46;4;2;1;1;1;1;7;1,9;1,5
23.12.2023;11:51:22;1;2;1;1;1;1;7,1;1,9;1,5
23.12.2023;11:51:23;1;2;1;1;2;1;7,1;1,9;1,5
23.12.2023;11:51:23;1;2;0;1;2;1;7,1;1,9;1,5
23.12.2023;12:11:59;3;2;0;1;2;1;3,9;1,8;1,5
23.12.2023;12:11:59;3;2;1;1;2;1;3,9;1,8;1,5
23.12.2023;12:14:00;0;2;1;1;2;1;5,1;1,8;1,5
23.12.2023;12:14:00;0;2;1;1;0;0;5,1;1,8;1,5
23.12.2023;12:14:00;0;2;0;1;0;0;5,1;1,8;1,5
23.12.2023;12:14:14;4;2;0;1;0;0;5,4;1,8;1,5
23.12.2023;12:14:14;4;2;0;1;1;1;5,4;1,8;1,5
23.12.2023;12:14:15;4;2;1;1;1;1;5,4;1,8;1,5
23.12.2023;12:15:40;1;2;1;1;1;1;7,1;1,8;1,5
23.12.2023;12:15:40;1;2;1;1;2;1;7,1;1,8;1,5
23.12.2023;12:15:40;1;2;0;1;2;1;7,1;1,8;1,5
23.12.2023;12:20:27;3;2;0;1;2;1;7;1,8;1,5
23.12.2023;12:20:27;3;2;1;1;2;1;7;1,8;1,5
23.12.2023;12:20:30;1;2;1;1;2;1;7,1;1,8;1,5
23.12.2023;12:20:30;1;2;0;1;2;1;7,1;1,8;1,5
23.12.2023;12:37:15;3;2;0;1;2;1;3,9;1,7;1,2
23.12.2023;12:37:15;3;2;1;1;2;1;3,9;1,7;1,2
23.12.2023;12:40:37;1;2;1;1;2;1;7,1;1,7;1,1
23.12.2023;12:40:37;1;2;0;1;2;1;7,1;1,7;1,1
23.12.2023;12:59:43;3;2;0;1;2;1;3,9;1,3;0,7
23.12.2023;12:59:44;3;2;1;1;2;1;3,9;1,3;0,7
23.12.2023;13:03:09;1;2;1;1;2;1;7,1;1,3;0,7
23.12.2023;13:03:09;1;2;0;1;2;1;7,1;1,3;0,7
23.12.2023;13:07:42;0;2;0;1;2;1;7;1,2;0,5
23.12.2023;13:07:42;0;2;0;1;0;0;7;1,2;0,5
23.12.2023;13:39:29;4;2;0;1;0;0;2,5;0,7;0,3
23.12.2023;13:39:29;4;2;0;1;1;1;2,5;0,7;0,3
23.12.2023;13:39:29;4;2;1;1;1;1;2,5;0,7;0,3
23.12.2023;13:43:41;1;2;1;1;1;1;7,1;0,7;0,3
23.12.2023;13:43:41;1;2;1;1;2;1;7,1;0,7;0,3
23.12.2023;13:43:41;1;2;0;1;2;1;7,1;0,7;0,3
23.12.2023;13:47:40;3;2;0;1;2;1;7;0,7;0,3
23.12.2023;13:47:40;3;2;1;1;2;1;7;0,7;0,3
23.12.2023;13:48:57;1;2;1;1;2;1;7,1;0,7;0,3
23.12.2023;13:48:58;1;2;0;1;2;1;7,1;0,7;0,3
23.12.2023;14:06:31;3;2;0;1;2;1;3,9;0,6;0,4
23.12.2023;14:06:32;3;2;1;1;2;1;3,9;0,6;0,4
23.12.2023;14:09:54;1;2;1;1;2;1;7,1;0,6;0,4
23.12.2023;14:09:54;1;2;0;1;2;1;7,1;0,6;0,4
23.12.2023;14:16:07;0;2;0;1;2;1;6,4;0,6;0,5
23.12.2023;14:16:07;0;2;0;1;0;0;6,4;0,6;0,5
23.12.2023;14:22:08;4;2;0;1;0;0;5,1;0,5;0,4
23.12.2023;14:22:08;4;2;0;1;1;1;5,1;0,5;0,4
23.12.2023;14:22:08;4;2;1;1;1;1;5,1;0,5;0,4
23.12.2023;14:24:52;1;2;1;1;1;1;7,1;0,5;0,3
23.12.2023;14:24:52;1;2;1;1;2;1;7,1;0,5;0,3
23.12.2023;14:24:52;1;2;0;1;2;1;7,1;0,5;0,3
23.12.2023;14:29:39;3;2;0;1;2;1;7;0,4;0,3
23.12.2023;14:29:39;3;2;1;1;2;1;7;0,4;0,3
23.12.2023;14:30:44;1;2;1;1;2;1;7,1;0,4;0,3
23.12.2023;14:30:44;1;2;0;1;2;1;7,1;0,4;0,3
23.12.2023;14:44:16;0;2;0;1;2;1;4,6;0,1;0,1
23.12.2023;14:44:16;0;2;0;1;0;0;4,6;0,1;0,1
23.12.2023;14:48:15;0;2;2;1;0;0;3,9;0;0,1
23.12.2023;14:49:41;4;2;2;1;0;0;4,5;0;0,1
23.12.2023;14:49:41;4;2;2;1;1;1;4,5;0;0,1
23.12.2023;14:51:40;1;2;2;1;1;1;7,1;0;0,1
23.12.2023;14:51:40;1;2;2;1;2;1;7,1;0;0,1
23.12.2023;15:21:14;0;2;2;1;2;1;22,6;0;0,1
23.12.2023;15:21:14;0;2;2;1;0;0;22,6;0;0,1
23.12.2023;15:26:38;0;2;0;1;0;0;23,2;0,1;0,1
23.12.2023;17:26:39;0;2;0;1;0;0;1,7;0,3;0,6
23.12.2023;19:26:39;0;2;0;1;0;0;1;0,4;0,9
23.12.2023;21:26:40;0;2;0;1;0;0;1,2;0,7;1,5
23.12.2023;23:26:40;0;2;0;1;0;0;1,5;1;1,6
23.12.2023;23:33:18;4;2;0;1;0;0;1,5;1;1,6
23.12.2023;23:33:18;4;2;0;1;1;1;1,5;1;1,6
23.12.2023;23:33:18;4;2;1;1;1;1;1,5;1;1,6
23.12.2023;23:38:01;1;2;1;1;1;1;7,1;1,1;1,6
23.12.2023;23:38:01;1;2;1;1;2;1;7,1;1,1;1,6
23.12.2023;23:38:02;1;2;0;1;2;1;7,1;1,1;1,6
23.12.2023;23:41:18;3;2;0;1;2;1;7;1,1;1,5
23.12.2023;23:41:19;3;2;1;1;2;1;7;1,1;1,5
23.12.2023;23:42:40;1;2;1;1;2;1;7,1;1,1;1,5
23.12.2023;23:42:41;1;2;0;1;2;1;7,1;1,1;1,5
23.12.2023;23:59:40;3;2;0;1;2;1;3,9;1,1;1,1
23.12.2023;23:59:40;3;2;1;1;2;1;3,9;1,1;1,1
24.12.2023;00:02:58;1;2;1;1;2;1;7,1;1,1;1,1
24.12.2023;00:02:58;1;2;0;1;2;1;7,1;1,1;1,1
24.12.2023;00:04:28;0;2;0;1;2;1;8;1,1;1,1
24.12.2023;00:04:28;0;2;0;1;0;0;8;1,1;1,1
24.12.2023;00:32:39;4;2;0;1;0;0;3,1;1;0,9
24.12.2023;00:32:39;4;2;0;1;1;1;3,1;1;0,9
24.12.2023;00:32:39;4;2;1;1;1;1;3,1;1;0,9
24.12.2023;00:36:18;1;2;1;1;1;1;7,1;1;0,9
24.12.2023;00:36:18;1;2;1;1;2;1;7,1;1;0,9
24.12.2023;00:36:18;1;2;0;1;2;1;7,1;1;0,9
24.12.2023;00:40:07;3;2;0;1;2;1;7;1;0,8
24.12.2023;00:40:08;3;2;1;1;2;1;7;1;0,8
24.12.2023;00:41:11;1;2;1;1;2;1;7,1;1;0,8
24.12.2023;00:41:11;1;2;0;1;2;1;7,1;1;0,8
24.12.2023;00:47:43;0;2;0;1;2;1;5,9;0,9;0,8
24.12.2023;00:47:43;0;2;0;1;0;0;5,9;0,9;0,8
24.12.2023;00:52:28;4;2;0;1;0;0;4,9;0,9;0,8
24.12.2023;00:52:28;4;2;0;1;1;1;4,9;0,9;0,8
24.12.2023;00:52:29;4;2;1;1;1;1;4,9;0,9;0,8
24.12.2023;00:55:08;1;2;1;1;1;1;7,1;0,9;0,7
24.12.2023;00:55:09;1;2;1;1;2;1;7,1;0,9;0,7
24.12.2023;00:55:09;1;2;0;1;2;1;7,1;0,9;0,7
24.12.2023;00:59:53;3;2;0;1;2;1;7;0,8;0,7
24.12.2023;00:59:53;3;2;1;1;2;1;7;0,8;0,7
24.12.2023;01:00:58;1;2;1;1;2;1;7,1;0,8;0,7
24.12.2023;01:00:59;1;2;0;1;2;1;7,1;0,8;0,7
24.12.2023;01:19:04;3;2;0;1;2;1;3,9;0,5;0,3
24.12.2023;01:19:05;3;2;1;1;2;1;3,9;0,5;0,3
24.12.2023;01:22:41;1;2;1;1;2;1;7,1;0,4;0,2
24.12.2023;01:22:41;1;2;0;1;2;1;7,1;0,4;0,2
24.12.2023;01:39:07;3;2;0;1;2;1;3,9;0,2;0,2
24.12.2023;01:39:07;3;2;1;1;2;1;3,9;0,2;0,2
24.12.2023;01:42:34;1;2;1;1;2;1;7,1;0,1;0,1
24.12.2023;01:42:34;1;2;0;1;2;1;7,1;0,1;0,1
24.12.2023;01:59:39;3;2;0;1;2;1;3,9;0;0,1
24.12.2023;01:59:39;3;2;1;1;2;1;3,9;0;0,1
24.12.2023;02:03:08;1;2;1;1;2;1;7,1;0;0,1
24.12.2023;02:03:08;1;2;0;1;2;1;7,1;0;0,1
24.12.2023;02:19:44;3;2;0;1;2;1;3,9;0;0,1
24.12.2023;02:19:45;3;2;1;1;2;1;3,9;0;0,1
24.12.2023;02:23:20;1;2;1;1;2;1;7,1;0;0,1
24.12.2023;02:23:20;1;2;0;1;2;1;7,1;0;0,1
24.12.2023;02:38:43;3;2;0;1;2;1;3,7;0;0,1
24.12.2023;02:38:43;3;2;1;1;2;1;3,7;0;0,1
24.12.2023;02:42:24;1;2;1;1;2;1;7,1;0;0
24.12.2023;02:42:24;1;2;0;1;2;1;7,1;0;0
24.12.2023;03:00:34;3;2;0;1;2;1;3,2;0;0,1
24.12.2023;03:00:34;3;2;1;1;2;1;3,2;0;0,1
24.12.2023;03:04:41;1;2;1;1;2;1;7,1;0;0
24.12.2023;03:04:42;1;2;0;1;2;1;7,1;0;0
24.12.2023;03:19:59;3;2;0;1;2;1;3,7;0;0,1
24.12.2023;03:19:59;3;2;1;1;2;1;3,7;0;0,1
24.12.2023;03:23:34;1;2;1;1;2;1;7,1;0;0
24.12.2023;03:23:34;1;2;0;1;2;1;7,1;0;0
24.12.2023;03:24:54;0;2;0;1;2;1;8,2;0;0
24.12.2023;03:24:55;0;2;0;1;0;0;8,2;0;0
24.12.2023;03:25:54;0;2;0;1;2;1;7,8;0;0
24.12.2023;03:27:10;4;2;0;1;2;1;7;0;0
24.12.2023;03:27:10;4;2;0;1;1;1;7;0;0
24.12.2023;03:27:10;4;2;1;1;1;1;7;0;0
24.12.2023;03:28:33;1;2;1;1;1;1;7,1;0;0
24.12.2023;03:28:33;1;2;1;1;2;1;7,1;0;0
24.12.2023;03:28:33;1;2;0;1;2;1;7,1;0;0
24.12.2023;03:33:56;3;2;0;1;2;1;6,3;0;0,1
24.12.2023;03:33:57;3;2;1;1;2;1;6,3;0;0,1
24.12.2023;03:35:49;1;2;1;1;2;1;7,1;0;0
24.12.2023;03:35:50;1;2;0;1;2;1;7,1;0;0
24.12.2023;03:52:12;3;2;0;1;2;1;3,9;0;0,1
24.12.2023;03:52:12;3;2;1;1;2;1;3,9;0;0,1
24.12.2023;03:55:39;1;2;1;1;2;1;7,1;0;0,1
24.12.2023;03:55:40;1;2;0;1;2;1;7,1;0;0,1
24.12.2023;04:07:48;0;2;0;1;2;1;4,4;0;0
24.12.2023;04:07:48;0;2;0;1;0;0;4,4;0;0
24.12.2023;04:07:56;4;2;0;1;0;0;4,4;0;0
24.12.2023;04:07:56;4;2;0;1;1;1;4,4;0;0
24.12.2023;04:07:56;4;2;1;1;1;1;4,4;0;0
24.12.2023;04:11:07;1;2;1;1;1;1;7,1;0;0
24.12.2023;04:11:07;1;2;1;1;2;1;7,1;0;0
24.12.2023;04:11:08;1;2;0;1;2;1;7,1;0;0
24.12.2023;04:15:35;3;2;0;1;2;1;6,8;0;0,1
24.12.2023;04:15:35;3;2;1;1;2;1;6,8;0;0,1
24.12.2023;04:17:08;1;2;1;1;2;1;7,1;0;0
24.12.2023;04:17:08;1;2;0;1;2;1;7,1;0;0
24.12.2023;04:23:42;0;2;0;1;2;1;6,1;0;0
24.12.2023;04:23:42;0;2;0;1;0;0;6,1;0;0
24.12.2023;04:25:36;4;2;0;1;0;0;5,6;0;0
24.12.2023;04:25:36;4;2;0;1;1;1;5,6;0;0
24.12.2023;04:25:37;4;2;1;1;1;1;5,6;0;0
24.12.2023;04:27:57;1;2;1;1;1;1;7,1;0;0
24.12.2023;04:27:57;1;2;1;1;2;1;7,1;0;0
24.12.2023;04:27:57;1;2;0;1;2;1;7,1;0;0
24.12.2023;04:32:39;3;2;0;1;2;1;7;0;0,1
24.12.2023;04:32:39;3;2;1;1;2;1;7;0;0,1
24.12.2023;04:34:04;1;2;1;1;2;1;7,1;0;0
24.12.2023;04:34:04;1;2;0;1;2;1;7,1;0;0
24.12.2023;04:51:50;3;2;0;1;2;1;3,8;0;0,1
24.12.2023;04:51:51;3;2;1;1;2;1;3,8;0;0,1
24.12.2023;04:55:30;1;2;1;1;2;1;7,1;0;0
24.12.2023;04:55:30;1;2;0;1;2;1;7,1;0;0
24.12.2023;05:05:11;0;2;0;1;2;1;5,2;0;0
24.12.2023;05:05:12;0;2;0;1;0;0;5,2;0;0
24.12.2023;05:05:47;4;2;0;1;0;0;5;0;0
24.12.2023;05:05:47;4;2;0;1;1;1;5;0;0
24.12.2023;05:05:47;4;2;1;1;1;1;5;0;0
24.12.2023;05:08:43;1;2;1;1;1;1;7,1;0;0
24.12.2023;05:08:44;1;2;1;1;2;1;7,1;0;0
24.12.2023;05:08:44;1;2;0;1;2;1;7,1;0;0
24.12.2023;05:19:37;3;2;0;1;2;1;4,7;0;0,1
24.12.2023;05:19:37;3;2;1;1;2;1;4,7;0;0,1
24.12.2023;05:22:30;1;2;1;1;2;1;7,1;0;0
24.12.2023;05:22:30;1;2;0;1;2;1;7,1;0;0
24.12.2023;05:42:26;4;2;0;1;2;1;2,9;0;0
24.12.2023;05:42:26;4;2;0;1;1;1;2,9;0;0
24.12.2023;05:42:26;4;2;1;1;1;1;2,9;0;0
24.12.2023;05:46:34;1;2;1;1;1;1;7,1;0;0
24.12.2023;05:46:34;1;2;1;1;2;1;7,1;0;0
24.12.2023;05:46:34;1;2;0;1;2;1;7,1;0;0
24.12.2023;06:04:24;3;2;0;1;2;1;3,8;0;0,1
24.12.2023;06:04:25;3;2;1;1;2;1;3,8;0;0,1
24.12.2023;06:08:01;1;2;1;1;2;1;7,1;0;0,1
24.12.2023;06:08:01;1;2;0;1;2;1;7,1;0;0,1
24.12.2023;06:32:20;3;2;0;1;2;1;3,3;0;0,1
24.12.2023;06:32:20;3;2;1;1;2;1;3,3;0;0,1
24.12.2023;06:36:14;1;2;1;1;2;1;7,1;0;0
24.12.2023;06:36:14;1;2;0;1;2;1;7,1;0;0
24.12.2023;07:00:46;4;2;0;1;2;1;2,9;0;0
24.12.2023;07:00:46;4;2;0;1;1;1;2,9;0;0
24.12.2023;07:00:46;4;2;1;1;1;1;2,9;0;0
24.12.2023;07:04:49;1;2;1;1;1;1;7,1;0;0
24.12.2023;07:04:49;1;2;1;1;2;1;7,1;0;0
24.12.2023;07:04:49;1;2;0;1;2;1;7,1;0;0
24.12.2023;07:29:02;4;2;0;1;2;1;2,9;0;0
24.12.2023;07:29:02;4;2;0;1;1;1;2,9;0;0
24.12.2023;07:29:02;4;2;1;1;1;1;2,9;0;0
24.12.2023;07:33:05;1;2;1;1;1;1;7,1;0;0
24.12.2023;07:33:05;1;2;1;1;2;1;7,1;0;0
24.12.2023;07:33:06;1;2;0;1;2;1;7,1;0;0
24.12.2023;07:41:54;1;2;2;1;2;1;5,3;0;-0,1
24.12.2023;08:11:54;1;2;0;1;2;1;24;0;0
24.12.2023;09:10:49;3;2;0;1;2;1;3,9;0;0,2
24.12.2023;09:10:49;3;2;1;1;2;1;3,9;0;0,2
24.12.2023;09:14:19;1;2;1;1;2;1;7,1;0;0,2
24.12.2023;09:14:20;1;2;0;1;2;1;7,1;0;0,2
24.12.2023;09:36:37;3;2;0;1;2;1;3,9;0;0,3
24.12.2023;09:36:37;3;2;1;1;2;1;3,9;0;0,3
24.12.2023;09:39:53;1;2;1;1;2;1;7,1;0,1;0,3
24.12.2023;09:39:53;1;2;0;1;2;1;7,1;0,1;0,3
24.12.2023;09:59:51;3;2;0;1;2;1;3,9;0,1;0,5
24.12.2023;09:59:51;3;2;1;1;2;1;3,9;0,1;0,5
24.12.2023;10:03:02;1;2;1;1;2;1;7,1;0,1;0,5
24.12.2023;10:03:02;1;2;0;1;2;1;7,1;0,1;0,5
24.12.2023;10:27:42;3;2;0;1;2;1;3,9;0,1;0,8
24.12.2023;10:27:42;3;2;1;1;2;1;3,9;0,1;0,8
24.12.2023;10:31:01;1;2;1;1;2;1;7,1;0,1;0,8
24.12.2023;10:31:02;1;2;0;1;2;1;7,1;0,1;0,8
24.12.2023;11:04:00;3;2;0;1;2;1;3,9;0,2;1,7
24.12.2023;11:04:00;3;2;1;1;2;1;3,9;0,2;1,7
24.12.2023;11:07:07;1;2;1;1;2;1;7,1;0,3;1,9
24.12.2023;11:07:07;1;2;0;1;2;1;7,1;0,3;1,9
24.12.2023;11:14:17;0;2;0;1;2;1;6,7;0,3;2,1
24.12.2023;11:14:17;0;2;0;1;0;0;6,7;0,3;2,1
24.12.2023;11:33:55;4;2;0;1;0;0;4,7;0,6;2,8
24.12.2023;11:33:55;4;2;0;1;1;1;4,7;0,6;2,8
24.12.2023;11:33:55;4;2;1;1;1;1;4,7;0,6;2,8
24.12.2023;11:36:25;1;2;1;1;1;1;7,1;0,6;3
24.12.2023;11:36:26;1;2;1;1;2;1;7,1;0,6;3
24.12.2023;11:36:26;1;2;0;1;2;1;7,1;0,6;3
24.12.2023;11:57:03;0;2;0;1;2;1;5,8;1,9;4
24.12.2023;11:57:03;0;2;0;1;0;0;5,8;1,9;4
24.12.2023;11:59:27;4;2;0;1;0;0;5,6;1,9;4
24.12.2023;11:59:27;4;2;0;1;1;1;5,6;1,9;4
24.12.2023;11:59:27;4;2;1;1;1;1;5,6;1,9;4
24.12.2023;12:01:28;1;2;1;1;1;1;7,1;2;4
24.12.2023;12:01:28;1;2;1;1;2;1;7,1;2;4
24.12.2023;12:01:28;1;2;0;1;2;1;7,1;2;4
24.12.2023;12:14:35;0;2;0;1;2;1;6,4;2,8;4,3
24.12.2023;12:14:35;0;2;0;1;0;1;6,4;2,8;4,3
24.12.2023;12:24:34;0;2;0;1;0;0;5,8;3,3;4,8
24.12.2023;12:44:06;0;0;0;1;0;0;5,6;4,1;5,3
24.12.2023;12:44:06;0;0;0;0;0;0;5,6;4,1;5,3
24.12.2023;12:44:06;0;0;0;0;0;0;5,6;4,1;5,3
24.12.2023;13:24:39;0;0;0;0;0;1;5,8;5;6
24.12.2023;13:43:20;0;0;0;0;0;0;5,8;5,2;5,9
24.12.2023;14:07:54;0;0;0;0;0;1;6;5,6;6,4
24.12.2023;14:35:33;0;0;0;0;0;0;6,4;6,1;7
24.12.2023;16:35:34;0;0;0;0;0;0;7,7;7,4;8,6
24.12.2023;18:35:34;0;0;0;0;0;0;7,8;7,6;8,5
24.12.2023;18:40:59;0;0;0;0;0;1;7,9;7,7;8,5
24.12.2023;18:56:08;0;0;0;0;0;0;8,1;7,7;8,1
24.12.2023;20:48:27;0;0;0;0;0;1;8,2;8;8,6
24.12.2023;22:48:28;0;0;0;0;0;1;8,1;7,9;8,2
24.12.2023;22:55:45;0;0;0;0;0;0;8,1;7,9;8,2
25.12.2023;00:55:45;0;0;0;0;0;0;10;9,7;11,4
25.12.2023;02:55:45;0;0;0;0;0;0;10,6;10,7;11,7
25.12.2023;04:55:46;0;0;0;0;0;0;10,5;10,4;10,8
25.12.2023;06:07:58;0;0;0;0;0;1;10,7;10,6;11,7
25.12.2023;06:35:59;0;0;0;0;0;0;10,2;9,7;10
25.12.2023;07:16:46;0;0;0;0;0;1;9,8;9,1;10,3
25.12.2023;07:32:12;0;0;0;0;0;0;9,8;9,3;10,8
25.12.2023;08:50:49;0;0;0;0;0;1;10,1;10,1;11,1
25.12.2023;09:06:45;0;0;0;0;0;0;10,2;10,2;11,1
25.12.2023;09:15:16;0;0;0;0;0;1;10,2;10,2;11,1
25.12.2023;10:55:56;0;0;0;0;0;0;10,1;10,1;9,8
25.12.2023;10:57:23;0;0;0;0;0;1;10,1;10,1;9,8
25.12.2023;11:12:53;0;0;0;0;0;0;10,1;10,1;9,8
25.12.2023;11:16:53;0;0;0;0;0;1;10,1;10,1;9,8
25.12.2023;11:33:06;0;0;0;0;0;0;10,1;9,9;9,7
25.12.2023;13:33:07;0;0;0;0;0;0;11,3;12,3;11,4
25.12.2023;15:33:07;0;0;0;0;0;0;10,4;10,4;10,2
25.12.2023;15:44:28;0;0;0;0;0;1;10,3;10,2;10,2
25.12.2023;16:11:12;0;0;0;0;0;0;9,7;9,4;9,5
25.12.2023;18:11:12;0;0;0;0;0;0;9,3;9,1;10
25.12.2023;19:46:04;0;0;0;0;0;1;9,5;9,3;10
25.12.2023;20:02:59;0;0;0;0;0;0;9,5;9,3;9,9
25.12.2023;20:09:39;0;0;0;0;0;1;9,6;9,3;9,9
25.12.2023;20:32:23;0;0;0;0;0;0;9,4;8,9;9,4
25.12.2023;20:56:16;0;0;0;0;0;1;9,2;8,7;9,7
25.12.2023;21:20:24;0;0;0;0;0;0;9;8,5;9,3
25.12.2023;21:34:26;0;0;0;0;0;1;8,9;8,4;9,2
25.12.2023;21:51:31;0;0;0;0;0;0;8,8;8,3;9,1
25.12.2023;22:30:39;0;0;0;0;0;1;8,7;8,3;9,3
25.12.2023;22:51:47;0;0;0;0;0;0;8,6;8,2;8,8
25.12.2023;23:11:21;0;0;0;0;0;1;8,5;8,1;8,6
25.12.2023;23:50:41;0;0;0;0;0;0;8,4;8;8,1
25.12.2023;23:51:13;0;0;0;0;0;1;8,3;8;8,1
26.12.2023;00:08:37;0;0;0;0;0;0;8,3;7,9;8
26.12.2023;02:08:37;0;0;0;0;0;0;8,7;8,3;9,5
26.12.2023;02:18:02;0;0;0;0;0;1;8,8;8,4;9,4
26.12.2023;02:34:30;0;0;0;0;0;0;8,7;8,4;8,8
26.12.2023;04:34:30;0;0;0;0;0;0;9,3;8,8;10,2
26.12.2023;06:34:31;0;0;0;0;0;0;9,8;9,5;10,4
26.12.2023;07:00:20;0;0;0;0;0;1;9,9;9,6;10,6
26.12.2023;07:29:37;0;0;0;0;0;0;9,8;9,3;9,8
26.12.2023;09:22:54;0;0;0;0;0;1;10,3;10,1;11,1
26.12.2023;09:39:00;0;0;0;0;0;0;10,6;10,5;11,6
26.12.2023;11:39:00;0;0;0;0;0;0;11,9;12,1;12,1
26.12.2023;12:06:46;0;0;0;0;0;1;11,7;11,7;11,5
26.12.2023;12:30:22;0;0;0;0;0;0;10,8;10,5;9,7
26.12.2023;13:31:55;0;0;0;0;0;1;10,3;10,3;9,9
26.12.2023;13:50:53;0;0;0;0;0;0;10,4;10,7;10,6
26.12.2023;15:43:46;0;0;0;0;0;1;9,3;9,2;8,9
26.12.2023;16:26:05;0;0;0;0;0;0;8,5;8;7,7
26.12.2023;18:26:06;0;0;0;0;0;0;6,5;5,5;7,1
26.12.2023;20:26:06;0;0;0;0;0;0;5,4;4,4;6,3
26.12.2023;22:26:07;0;0;0;0;0;0;6,4;6,1;7,5
27.12.2023;00:26:08;0;0;0;0;0;0;6,6;6,2;7,2
27.12.2023;00:30:39;0;0;0;0;0;1;6,6;6,2;7,2
27.12.2023;00:49:42;0;0;0;0;0;0;6,2;5,8;6,1
27.12.2023;00:55:46;0;0;0;0;0;1;6,2;5,7;6
27.12.2023;01:13:11;0;0;0;0;0;0;5,8;5,3;5,3
27.12.2023;03:13:11;0;0;0;0;0;0;3,8;2,9;3,7
27.12.2023;04:52:22;0;2;0;0;0;0;2,9;1,9;3
27.12.2023;04:52:22;0;2;0;1;0;0;2,9;1,9;3
27.12.2023;04:52:22;0;2;0;1;0;0;2,9;1,9;3
27.12.2023;06:52:22;0;2;0;1;0;0;1,9;0,9;2
27.12.2023;08:52:23;0;2;0;1;0;0;1,5;1,1;4,6
27.12.2023;09:31:53;0;0;0;1;0;0;2,8;4,1;7,5
27.12.2023;09:31:53;0;0;0;0;0;0;2,8;4,1;7,5
27.12.2023;09:31:53;0;0;0;0;0;0;2,8;4,1;7,5
27.12.2023;11:31:54;0;0;0;0;0;0;7,6;14,3;9,6
27.12.2023;13:31:54;0;0;0;0;0;0;9,4;14,1;8,4
27.12.2023;15:31:55;0;0;0;0;0;0;6,4;6,9;2,7
27.12.2023;17:10:35;0;2;0;0;0;0;3,1;1,9;-0,4
27.12.2023;17:10:35;0;2;0;1;0;0;3,1;1,9;-0,4
27.12.2023;17:10:35;0;2;0;1;0;0;3,1;1,9;-0,4
27.12.2023;19:10:36;0;2;0;1;0;0;2,9;2,1;3,4
27.12.2023;21:10:36;0;2;0;1;0;0;2,5;1,6;2,9
27.12.2023;23:10:36;0;2;0;1;0;0;2,6;1,8;2,8
28.12.2023;01:10:36;0;2;0;1;0;0;2,1;1,4;2,1
28.12.2023;03:10:37;0;2;0;1;0;0;1,2;0,2;0,2
28.12.2023;05:10:38;0;2;0;1;0;0;0;-0,9;-0,4
28.12.2023;07:10:38;0;2;0;1;0;0;3,1;2,1;6,1
28.12.2023;08:01:41;0;0;0;1;0;0;4,6;4,1;7,5
28.12.2023;08:01:42;0;0;0;0;0;0;4,6;4,1;7,5
28.12.2023;08:01:42;0;0;0;0;0;0;4,6;4,1;7,5
28.12.2023;10:01:42;0;0;0;0;0;0;8,6;9;9,8
28.12.2023;10:04:57;0;0;0;0;0;1;8,6;9;9,8
28.12.2023;10:20:27;0;0;0;0;0;0;8,8;9,2;9,8
28.12.2023;12:20:28;0;0;0;0;0;0;9,6;9,8;9,7
28.12.2023;14:20:29;0;0;0;0;0;0;9,5;9,4;9
28.12.2023;16:20:29;0;0;0;0;0;0;7,3;6,4;5,8
28.12.2023;18:20:30;0;0;0;0;0;0;5;3,9;4,3
28.12.2023;20:20:11;0;2;0;0;0;0;3;1,9;2,4
28.12.2023;20:20:11;0;2;0;1;0;0;3;1,9;2,4
28.12.2023;20:20:11;0;2;0;1;0;0;3;1,9;2,4
28.12.2023;22:20:11;0;2;0;1;0;0;1,7;0,7;2,3
29.12.2023;00:20:12;0;2;0;1;0;0;1,8;1,1;3,2
29.12.2023;02:20:12;0;2;0;1;0;0;2,1;1,5;3,5
29.12.2023;04:20:12;0;2;0;1;0;0;2,3;1,8;3,9
29.12.2023;06:20:12;0;2;0;1;0;0;2,8;2,2;4,8
29.12.2023;08:20:13;0;2;0;1;0;0;3,7;3,4;6
29.12.2023;09:00:11;0;0;0;1;0;0;4,2;4,1;6,6
29.12.2023;09:00:11;0;0;0;0;0;0;4,2;4,1;6,6
29.12.2023;09:00:11;0;0;0;0;0;0;4,2;4,1;6,6
29.12.2023;11:00:12;0;0;0;0;0;0;9,9;14,5;14,3
29.12.2023;13:00:12;0;0;0;0;0;0;14;19,4;15,4
29.12.2023;15:00:13;0;0;0;0;0;0;11,9;12,4;10,4
29.12.2023;17:00:13;0;0;0;0;0;0;9,1;8,3;8,7
29.12.2023;19:00:14;0;0;0;0;0;0;9,3;9;9,8
29.12.2023;21:00:15;0;0;0;0;0;0;8,8;8,3;9,2
29.12.2023;23:00:15;0;0;0;0;0;0;9,2;8,9;9,8
30.12.2023;01:00:15;0;0;0;0;0;0;9,5;9,1;9,6
30.12.2023;03:00:16;0;0;0;0;0;0;8,9;8,3;8,5
30.12.2023;05:00:17;0;0;0;0;0;0;8,3;8;8,9
30.12.2023;05:19:55;0;0;0;0;0;1;8,3;7,9;8,6
30.12.2023;05:35:26;0;0;0;0;0;0;8,2;7,9;8,5
30.12.2023;05:47:39;0;0;0;0;0;1;8,2;7,9;8,8
30.12.2023;06:36:13;0;0;0;0;0;0;7,3;6,6;6,5
30.12.2023;07:34:08;0;0;0;0;0;1;6,2;5,5;6,2
30.12.2023;07:51:51;0;0;0;0;0;0;6,4;5,7;6,8
30.12.2023;07:56:55;0;0;0;0;0;1;6,4;5,8;6,9
30.12.2023;08:25:08;0;0;0;0;0;0;5,9;5,6;5,5
30.12.2023;08:25:15;0;0;0;0;0;1;5,9;5,6;5,5
30.12.2023;08:42:09;0;0;0;0;0;0;5,8;5,4;5,3
30.12.2023;09:10:10;0;0;0;0;0;1;5,8;5,4;5,5
30.12.2023;09:31:21;0;0;0;0;0;0;5,7;5,4;5,5
30.12.2023;11:31:21;0;0;0;0;0;0;8;11;10,7
30.12.2023;13:31:22;0;0;0;0;0;0;8,4;8,9;8,3
30.12.2023;15:16:04;0;0;0;0;0;1;7,9;7,8;7,9
30.12.2023;15:50:06;0;0;0;0;0;0;7,2;6,7;6,1
30.12.2023;17:50:06;0;0;0;0;0;0;4,9;4;4,4
30.12.2023;19:50:07;0;0;0;0;0;0;3,7;2,5;3,8
30.12.2023;21:50:08;0;0;0;0;0;0;3,1;2,3;3,5
30.12.2023;22:34:57;0;2;0;0;0;0;2,7;1,9;3
30.12.2023;22:34:57;0;2;0;1;0;0;2,7;1,9;3
30.12.2023;22:34:57;0;2;0;1;0;0;2,7;1,9;3
31.12.2023;00:34:58;0;2;0;1;0;0;1,9;1,1;2,8
31.12.2023;02:34:58;0;2;0;1;0;0;1;0;1,6
31.12.2023;04:34:58;0;2;0;1;0;0;0;-0,9;-1,1
31.12.2023;06:34:59;0;2;0;1;0;0;-1;-2;-1,3
31.12.2023;08:35:00;0;2;0;1;0;0;0,2;-0,1;1,5
31.12.2023;10:04:02;0;0;0;1;0;0;2,3;4,1;6,1
31.12.2023;10:04:02;0;0;0;0;0;0;2,3;4,1;6,1
31.12.2023;10:04:02;0;0;0;0;0;0;2,3;4,1;6,1
31.12.2023;12:04:02;0;0;0;0;0;0;6,1;11,9;8,5
31.12.2023;14:04:02;0;0;0;0;0;0;8;11,4;7,2
31.12.2023;16:04:03;0;0;0;0;0;0;6,3;6,4;3,9
31.12.2023;18:04:03;0;0;0;0;0;0;3,5;2,5;2,3
31.12.2023;19:36:33;0;2;0;0;0;0;2,9;1,9;2
31.12.2023;19:36:33;0;2;0;1;0;0;2,9;1,9;2
31.12.2023;19:36:33;0;2;0;1;0;0;2,9;1,9;2
31.12.2023;21:36:34;0;2;0;1;0;0;2,3;1,6;1,9
31.12.2023;23:36:34;0;2;0;1;0;0;1,8;1,1;1,7
01.01.2024;01:01:18;0;2;0;1;0;1;2,6;2,4;4,3
01.01.2024;03:01:18;0;2;0;1;0;1;3,7;3,6;4,8
01.01.2024;03:42:03;0;2;0;1;0;0;3,8;3,7;4,4
01.01.2024;04:10:27;0;2;0;1;0;1;3,8;3,7;4,4
01.01.2024;04:27:55;0;2;0;1;0;0;3,9;3,7;4,3
01.01.2024;05:46:06;0;2;0;1;0;1;4,2;4;4,9
01.01.2024;06:02:57;0;2;0;1;0;0;4,2;3,9;4,8
01.01.2024;08:02:58;0;2;0;1;0;0;3,9;3,6;4,5
01.01.2024;09:24:48;0;0;0;1;0;0;4,3;4,1;5,2
01.01.2024;09:24:48;0;0;0;0;0;0;4,3;4,1;5,2
01.01.2024;09:24:48;0;0;0;0;0;0;4,3;4,1;5,2
01.01.2024;11:24:49;0;0;0;0;0;0;6,1;6,8;8
01.01.2024;12:40:38;0;0;0;0;0;1;6,8;7,3;7,3
01.01.2024;12:57:35;0;0;0;0;0;0;6,8;7,2;7,2
01.01.2024;14:57:35;0;0;0;0;0;0;8,1;10,4;8,6
01.01.2024;16:57:36;0;0;0;0;0;0;6,8;6,8;7
01.01.2024;18:57:37;0;0;0;0;0;0;6;5,6;5,7
01.01.2024;20:57:37;0;0;0;0;0;0;5,2;4,7;5,5
01.01.2024;22:36:32;0;0;0;0;0;1;5,1;4,8;5,4
01.01.2024;22:56:20;0;0;0;0;0;0;5,1;4,8;5,1
02.01.2024;00:29:19;0;0;0;0;0;1;5,2;4,9;5,6
02.01.2024;01:16:02;0;0;0;0;0;0;5;4,6;5
02.01.2024;01:54:56;0;0;0;0;0;1;4,7;4,3;4,6
02.01.2024;02:09:57;0;0;0;0;0;0;4,5;4,2;4,2
02.01.2024;02:10:15;0;0;0;0;0;1;4,5;4,2;4,2
02.01.2024;03:23:00;0;0;0;0;0;0;4;3,5;3,5
02.01.2024;05:23:00;0;0;0;0;0;0;2,8;2;2,1
02.01.2024;05:29:24;0;2;0;0;0;0;2,8;1,9;2
02.01.2024;05:29:24;0;2;0;1;0;0;2,8;1,9;2
02.01.2024;05:29:24;0;2;0;1;0;0;2,8;1,9;2
02.01.2024;07:29:24;0;2;0;1;0;0;1,5;0,7;1,8
02.01.2024;09:29:24;0;2;0;1;0;0;2,6;2,5;4,1
02.01.2024;10:37:18;0;0;0;1;0;0;3,9;4,1;5,2
02.01.2024;10:37:18;0;0;0;0;0;0;3,9;4,1;5,2
02.01.2024;10:37:18;0;0;0;0;0;0;3,9;4,1;5,2
02.01.2024;12:23:07;0;0;0;0;0;1;6,1;6,5;6,4
02.01.2024;14:10:37;0;0;0;0;0;0;5,6;5,3;5,5
02.01.2024;14:35:33;0;0;0;0;0;1;5,4;5;5,5
02.01.2024;15:09:22;0;0;0;0;0;0;5,3;4,8;5,2
02.01.2024;17:09:22;0;0;0;0;0;0;4,9;4,6;5,2
02.01.2024;17:46:43;0;0;0;0;0;1;4,8;4,5;4,8
02.01.2024;18:02:04;0;0;0;0;0;0;4,7;4,4;4,8
02.01.2024;18:35:31;0;0;0;0;0;1;4,6;4,2;4,8
02.01.2024;18:52:39;0;0;0;0;0;0;4,5;4,2;4,6
02.01.2024;18:54:07;0;0;0;0;0;1;4,5;4,2;4,6
02.01.2024;20:52:51;0;0;0;0;0;1;4,6;4,4;4,6
02.01.2024;22:52:51;0;0;0;0;0;1;5;4,8;5
03.01.2024;00:52:52;0;0;0;0;0;1;5,5;5,3;5,3
03.01.2024;02:52:53;0;0;0;0;0;1;5,7;5,5;5,5
03.01.2024;04:41:18;0;0;0;0;0;0;6,1;5,8;6,2
03.01.2024;05:58:47;0;0;0;0;0;1;6,6;6,3;7,1
03.01.2024;06:19:41;0;0;0;0;0;0;6,7;6,4;7,2
03.01.2024;08:19:42;0;0;0;0;0;0;7,3;6,9;8,1
03.01.2024;10:19:43;0;0;0;0;0;0;8,3;9,7;10,9
03.01.2024;12:11:02;0;0;0;0;0;0;10,8;11,8;12,8
03.01.2024;12:11:02;0;0;0;0;0;0;10,8;11,8;12,8
03.01.2024;12:11:05;0;0;0;0;0;0;10,8;11,8;12,8
03.01.2024;13:40:14;0;0;0;0;0;0;11,7;12,7;11,4
03.01.2024;13:40:14;0;0;0;0;0;0;11,7;12,7;11,4
03.01.2024;13:40:16;0;0;0;0;0;0;11,7;12,7;11,4
03.01.2024;13:40:17;0;0;0;0;0;0;11,7;12,7;11,4
03.01.2024;13:47:35;0;0;0;0;0;0;11,5;12,1;10,8
03.01.2024;13:47:35;0;0;0;0;0;0;11,5;12,1;10,8
03.01.2024;13:47:37;0;0;0;0;0;0;11,5;12,1;10,8
03.01.2024;13:50:02;0;0;0;0;0;1;11,4;11,9;10,6
03.01.2024;13:57:03;0;0;0;0;0;0;11,2;11,5;10,1
03.01.2024;13:57:03;0;0;0;0;0;0;11,2;11,5;10,1
03.01.2024;13:57:05;0;0;0;0;0;0;11,2;11,5;10,1
03.01.2024;13:57:06;0;0;0;0;0;0;11,2;11,5;10,1
03.01.2024;14:00:30;0;0;0;0;0;0;11,1;11,3;10,1
03.01.2024;14:00:30;0;0;0;0;0;0;11,1;11,3;10,1
03.01.2024;14:00:32;0;0;0;0;0;0;11,1;11,3;10,1
03.01.2024;14:00:32;0;0;0;0;0;0;11,1;11,3;10,1
03.01.2024;14:24:14;0;0;0;0;0;0;10,8;10,8;10,3
03.01.2024;14:24:15;0;0;0;0;0;0;10,8;10,8;10,3
03.01.2024;14:24:17;0;0;0;0;0;0;10,8;10,8;10,3
03.01.2024;14:24:17;0;0;0;0;0;0;10,8;10,8;10,3
03.01.2024;14:28:13;0;0;0;0;0;0;10,7;10,7;10,2
03.01.2024;14:28:13;0;0;0;0;0;0;10,7;10,7;10,2
03.01.2024;14:28:15;0;0;0;0;0;0;10,7;10,7;10,2
03.01.2024;14:28:16;0;0;0;0;0;0;10,7;10,7;10,2
03.01.2024;14:29:44;0;0;0;0;0;0;10,7;10,6;10,1
03.01.2024;14:29:44;0;0;0;0;0;0;10,7;10,6;10,1
03.01.2024;14:29:46;0;0;0;0;0;0;10,7;10,6;10,1
03.01.2024;14:29:47;0;0;0;0;0;0;10,7;10,6;10,1
03.01.2024;14:45:30;0;0;0;0;0;0;10,6;10,5;10,3
03.01.2024;14:45:30;0;0;0;0;0;0;10,6;10,5;10,3
03.01.2024;14:45:32;0;0;0;0;0;0;10,6;10,5;10,3
03.01.2024;14:45:33;0;0;0;0;0;0;10,6;10,5;10,3
03.01.2024;14:47:18;0;0;0;0;0;0;10,5;10,5;10,3
03.01.2024;14:47:18;0;0;0;0;0;0;10,5;10,5;10,3
03.01.2024;14:47:20;0;0;0;0;0;0;10,5;10,5;10,3
03.01.2024;14:47:21;0;0;0;0;0;0;10,5;10,5;10,3
03.01.2024;14:50:18;0;0;0;0;0;0;10,5;10,4;10,3
03.01.2024;14:50:19;0;0;0;0;0;0;10,5;10,4;10,3
03.01.2024;14:50:20;0;0;0;0;0;0;10,5;10,4;10,3
03.01.2024;14:50:20;0;0;0;0;0;0;10,5;10,4;10,3
03.01.2024;14:50:21;0;0;0;0;0;0;10,5;10,4;10,3
03.01.2024;14:56:26;0;0;0;0;0;1;10,4;10,1;10,1
03.01.2024;15:58:17;0;0;0;0;0;0;9,1;8,4;8,4
03.01.2024;16:39:26;0;0;0;0;0;1;8,6;7,7;8,6
03.01.2024;16:57:55;0;0;0;0;0;0;8,3;7,6;8,1
03.01.2024;18:57:56;0;0;0;0;0;0;8,1;7,4;8,4
03.01.2024;20:57:56;0;0;0;0;0;0;8;7,5;8,6
03.01.2024;22:57:57;0;0;0;0;0;0;7,8;7,2;8,5
04.01.2024;00:57:57;0;0;0;0;0;0;8;7,4;8,1
04.01.2024;02:36:40;0;0;0;0;0;1;8,2;7,8;8,6
04.01.2024;02:52:33;0;0;0;0;0;0;8,2;7,8;8,6
04.01.2024;03:06:22;0;0;0;0;0;1;8,1;7,8;8,6
04.01.2024;03:23:16;0;0;0;0;0;0;8,2;7,7;8,5
04.01.2024;03:28:22;0;0;0;0;0;1;8,2;7,7;8,5
04.01.2024;04:54:03;0;0;0;0;0;0;7,2;6,8;6,8
04.01.2024;05:40:14;0;0;0;0;0;1;7,1;6,6;7,2
04.01.2024;06:22:54;0;0;0;0;0;0;7;6,6;6,9
04.01.2024;06:57:49;0;0;0;0;0;1;6,9;6,5;7
04.01.2024;07:16:39;0;0;0;0;0;0;6,8;6,5;7
04.01.2024;09:07:36;0;0;0;0;0;1;6,9;6,6;7,6
04.01.2024;09:34:03;0;0;0;0;0;0;7;6,7;7,3
04.01.2024;09:40:45;0;0;0;0;0;1;7;6,7;7,4
04.01.2024;10:09:51;0;0;0;0;0;0;7,1;6,8;7,1
04.01.2024;10:44:32;0;0;0;0;0;1;7,2;6,9;7,1
04.01.2024;11:13:16;0;0;0;0;0;0;7,2;7,2;7,3
04.01.2024;13:13:16;0;0;0;0;0;0;8,4;8,6;9
04.01.2024;13:36:24;0;0;0;0;0;1;8,3;8,3;8,7
04.01.2024;14:20:53;0;0;0;0;0;0;7,3;7,1;6,5
04.01.2024;14:36:37;0;0;0;0;0;1;7;6,7;6,2
04.01.2024;16:06:05;0;0;0;0;0;0;5,2;4,7;4,3
04.01.2024;16:11:30;0;0;0;0;0;1;5,1;4,6;4,3
04.01.2024;16:30:36;0;0;0;0;0;0;4,8;4,3;4,2
04.01.2024;17:27:19;0;0;0;0;0;1;4,4;3,8;3,8
04.01.2024;17:56:20;0;0;0;0;0;0;3,9;3,4;3
04.01.2024;18:20:13;0;0;0;0;0;1;3,6;3,1;3,2
04.01.2024;18:36:22;0;0;0;0;0;0;3,5;2,9;3,2
04.01.2024;20:08:31;0;0;0;0;0;1;3,1;2,5;2,7
04.01.2024;20:23:44;3;0;0;0;0;1;2,8;2,2;1,9
04.01.2024;20:23:44;3;0;1;0;0;1;2,8;2,2;1,9
04.01.2024;20:27:23;0;0;1;0;0;1;6,8;2,1;1,8
04.01.2024;20:27:23;0;0;1;0;0;0;6,8;2,1;1,8
04.01.2024;20:27:23;0;0;0;0;0;0;6,8;2,1;1,8
04.01.2024;20:32:55;0;2;0;0;0;0;6,2;1,9;1,6
04.01.2024;20:32:56;0;2;0;1;0;0;6,2;1,9;1,6
04.01.2024;20:32:56;0;2;0;1;0;0;6,2;1,9;1,6
04.01.2024;22:32:56;0;2;0;1;0;0;1,4;0,7;0,9
05.01.2024;00:32:56;0;2;0;1;0;0;0,9;0,4;0,5
05.01.2024;02:32:57;0;2;0;1;0;0;0,5;0;0,3
05.01.2024;04:32:57;0;2;0;1;0;0;0,3;-0,2;0,2
05.01.2024;06:32:58;0;2;0;1;0;0;0,5;0,1;0,5
05.01.2024;08:00:47;0;2;0;0;0;0;0,6;0,5;0,3
05.01.2024;08:00:47;0;2;0;0;0;0;0,6;0,5;0,3
05.01.2024;08:00:47;0;2;0;1;0;0;0,6;0,5;0,3
05.01.2024;08:00:47;0;2;0;1;0;0;0,6;0,5;0,3
05.01.2024;08:26:08;0;0;0;0;0;0;0,6;0,6;0,5
05.01.2024;08:26:10;0;0;0;0;0;0;0,6;0,6;0,5
05.01.2024;08:26:10;0;2;0;0;0;0;0,6;0,6;0,5
05.01.2024;08:26:10;0;2;0;0;0;0;0,6;0,6;0,5
05.01.2024;08:26:10;0;2;0;1;0;0;0,6;0,6;0,5
05.01.2024;08:26:11;0;2;0;1;0;0;0,6;0,6;0,5
05.01.2024;10:26:11;0;2;0;1;0;0;2,4;3,4;3,2
05.01.2024;11:35:18;0;0;0;0;0;0;3,3;4;2,7
05.01.2024;11:35:18;0;0;0;0;0;0;3,3;4;2,7
05.01.2024;11:35:20;0;0;0;0;0;0;3,3;4;2,7
05.01.2024;11:35:20;0;0;0;0;0;0;3,3;4;2,7
05.01.2024;11:37:37;0;0;0;0;0;0;3,3;4;2,7
05.01.2024;11:37:38;0;0;0;0;0;0;3,3;4;2,7
05.01.2024;11:37:40;0;0;0;0;0;0;3,3;4;2,7
05.01.2024;11:37:40;0;0;0;0;0;0;3,3;4;2,7
05.01.2024;11:40:10;0;0;0;0;0;0;3,3;4;2,7
05.01.2024;11:40:10;0;0;0;0;0;0;3,3;4;2,7
05.01.2024;11:40:34;0;0;0;0;0;0;3,3;4;2,7
05.01.2024;11:40:38;0;0;0;0;0;0;3,3;4;2,7
05.01.2024;11:43:19;0;0;0;0;0;0;3,3;4;2,7
05.01.2024;11:43:19;0;0;0;0;0;0;3,3;4;2,7
05.01.2024;11:43:21;0;0;0;0;0;0;3,3;4;2,7
05.01.2024;11:43:22;0;0;0;0;0;0;3,3;4;2,6
05.01.2024;13:43:23;0;0;0;0;0;0;5;7,3;5,1
05.01.2024;14:33:54;0;0;0;0;0;0;4,6;5,7;3,2
05.01.2024;14:33:54;0;0;0;0;0;0;4,6;5,7;3,2
05.01.2024;14:33:57;0;0;0;0;0;0;4,6;5,8;3,2
05.01.2024;16:33:57;0;0;0;0;0;0;3,4;3;2,5
05.01.2024;17:46:08;0;2;0;0;0;0;2,6;1,9;1,9
05.01.2024;17:46:08;0;2;0;1;0;0;2,6;1,9;1,9
05.01.2024;17:46:08;0;2;0;1;0;0;2,6;1,9;1,9
05.01.2024;19:46:09;0;2;0;1;0;0;2,2;1,6;1,9
05.01.2024;21:46:09;0;2;0;1;0;0;2;1,3;1,6
05.01.2024;23:46:10;0;2;0;1;0;0;1,5;1;1,6
06.01.2024;01:46:10;0;2;0;1;0;0;1,9;1,6;2,1
06.01.2024;03:46:11;0;2;0;1;0;0;2,2;1,7;1,7
06.01.2024;05:46:11;0;2;0;1;0;0;1,8;1,5;1,5
06.01.2024;07:46:12;0;2;0;1;0;0;1,7;1,4;1,3
06.01.2024;09:02:49;4;2;0;1;0;0;1,6;1,4;1,5
06.01.2024;09:02:50;4;2;0;1;1;1;1,6;1,4;1,5
06.01.2024;09:02:50;4;2;1;1;1;1;1,6;1,4;1,5
06.01.2024;09:07:38;1;2;1;1;1;1;7,1;1,4;1,5
06.01.2024;09:07:38;1;2;1;1;2;1;7,1;1,4;1,5
06.01.2024;09:07:39;1;2;0;1;2;1;7,1;1,4;1,5
06.01.2024;09:12:18;3;2;0;1;2;1;7;1,4;1,4
06.01.2024;09:12:18;3;2;1;1;2;1;7;1,4;1,4
06.01.2024;09:13:43;1;2;1;1;2;1;7,1;1,4;1,4
06.01.2024;09:13:43;1;2;0;1;2;1;7,1;1,4;1,4
06.01.2024;09:35:57;3;2;0;1;2;1;3,9;1,4;1,1
06.01.2024;09:35:57;3;2;1;1;2;1;3,9;1,4;1,1
06.01.2024;09:39:17;1;2;1;1;2;1;7,1;1,4;1,1
06.01.2024;09:39:17;1;2;0;1;2;1;7,1;1,4;1,1
06.01.2024;09:40:51;0;2;0;1;2;1;8,3;1,4;1,1
06.01.2024;09:40:51;0;2;0;1;0;0;8,3;1,4;1,1
06.01.2024;10:19:35;4;2;0;1;0;0;3,2;1,5;1,3
06.01.2024;10:19:35;4;2;0;1;1;1;3,2;1,5;1,3
06.01.2024;10:19:35;4;2;1;1;1;1;3,2;1,5;1,3
06.01.2024;10:23:29;1;2;1;1;1;1;7,1;1,5;1,2
06.01.2024;10:23:29;1;2;1;1;2;1;7,1;1,5;1,2
06.01.2024;10:23:29;1;2;0;1;2;1;7,1;1,5;1,2
06.01.2024;10:29:10;3;2;0;1;2;1;7;1,5;1,1
06.01.2024;10:29:11;3;2;1;1;2;1;7;1,5;1,1
06.01.2024;10:29:13;1;2;1;1;2;1;7,1;1,5;1,1
06.01.2024;10:29:14;1;2;0;1;2;1;7,1;1,5;1,1
06.01.2024;10:48:20;3;2;0;1;2;1;3,9;1,6;1
06.01.2024;10:48:20;3;2;1;1;2;1;3,9;1,6;1
06.01.2024;10:51:48;1;2;1;1;2;1;7,1;1,6;0,9
06.01.2024;10:51:48;1;2;0;1;2;1;7,1;1,6;0,9
06.01.2024;11:16:47;3;2;0;1;2;1;3,9;1,8;0,9
06.01.2024;11:16:47;3;2;1;1;2;1;3,9;1,8;0,9
06.01.2024;11:17:27;0;2;1;1;2;1;4;1,8;0,9
06.01.2024;11:17:27;0;2;1;1;0;0;4;1,8;0,9
06.01.2024;11:17:27;0;2;0;1;0;0;4;1,8;0,9
06.01.2024;13:17:28;0;2;0;1;0;0;1,8;1,2;0,7
06.01.2024;13:32:38;4;2;0;1;0;0;1,6;1,1;0,7
06.01.2024;13:32:38;4;2;0;1;1;1;1,6;1,1;0,7
06.01.2024;13:32:38;4;2;1;1;1;1;1,6;1,1;0,7
06.01.2024;13:37:22;1;2;1;1;1;1;7,1;1,1;0,7
06.01.2024;13:37:22;1;2;1;1;2;1;7,1;1,1;0,7
06.01.2024;13:37:22;1;2;0;1;2;1;7,1;1,1;0,7
06.01.2024;13:41:29;3;2;0;1;2;1;7;1,1;0,7
06.01.2024;13:41:29;3;2;1;1;2;1;7;1,1;0,7
06.01.2024;13:42:37;1;2;1;1;2;1;7,1;1,1;0,7
06.01.2024;13:42:37;1;2;0;1;2;1;7,1;1,1;0,7
06.01.2024;13:49:08;0;2;0;1;2;1;6,1;1,1;0,7
06.01.2024;13:49:09;0;2;0;1;0;0;6,1;1,1;0,7
06.01.2024;15:49:09;0;2;0;1;0;0;1,1;0,4;0,1
06.01.2024;17:49:09;0;2;0;1;0;0;0,2;-0,1;-0,2
06.01.2024;19:49:09;0;2;0;1;0;0;-0,1;-0,4;-0,7
06.01.2024;21:49:10;0;2;0;1;0;0;-0,5;-0,7;-1,1
06.01.2024;23:49:11;0;2;0;1;0;0;-1,2;-1,5;-2,1
07.01.2024;01:49:11;0;2;0;1;0;0;-1,8;-2,2;-2,5
07.01.2024;02:17:07;0;2;2;1;0;0;-1,9;-2,3;-2,6
07.01.2024;02:47:30;0;2;0;1;0;0;18,4;-2,4;-2,6
07.01.2024;04:47:31;0;2;0;1;0;0;-1,7;-2,7;-3,1
07.01.2024;06:47:32;0;2;0;1;0;0;-2,5;-3;-3,1
07.01.2024;08:47:32;0;2;0;1;0;0;-3;-3,4;-3,3
07.01.2024;10:47:32;0;2;0;1;0;0;-1,2;0,1;-0,8
07.01.2024;12:47:32;0;2;0;1;0;0;-1,7;-1;-3,1
07.01.2024;14:47:33;0;2;0;1;0;0;-3,7;-3,4;-5,2
07.01.2024;16:47:33;0;2;0;1;0;0;-5,1;-5,7;-6,2
07.01.2024;18:47:33;0;2;0;1;0;0;-6;-6,6;-7,1
07.01.2024;20:47:33;0;2;0;1;0;0;-6,3;-7;-7,3
07.01.2024;22:47:34;0;2;0;1;0;0;-6,3;-7;-7,2
08.01.2024;00:47:34;0;2;0;1;0;0;-6,7;-7,4;-7,7
08.01.2024;02:47:35;0;2;0;1;0;0;-7,2;-7,9;-8,4
08.01.2024;04:47:35;0;2;0;1;0;0;-7,6;-8,3;-8,9
08.01.2024;06:47:36;0;2;0;1;0;0;-8,6;-9,3;-9,9
08.01.2024;08:47:37;0;2;0;1;0;0;-8,9;-9,5;-10
08.01.2024;10:47:37;0;2;0;1;0;0;-8,1;-8;-7,8
08.01.2024;12:47:38;0;2;0;1;0;0;-4,9;1;-3
08.01.2024;14:47:38;0;2;0;1;0;0;-3,6;0,8;-3,6
08.01.2024;16:47:38;0;2;0;1;0;0;-6,9;-7,5;-8,6
08.01.2024;18:47:39;0;2;0;1;0;0;-8,4;-10,4;-10,7
08.01.2024;20:35:57;2;2;0;1;0;0;-10;-12,1;-11,2
08.01.2024;20:35:57;2;2;1;1;0;0;-10;-12,1;-11,2
08.01.2024;20:38:26;1;2;1;1;0;0;-7,9;-12,1;-11,2
08.01.2024;20:38:26;1;2;0;1;0;0;-7,9;-12,1;-11,2
08.01.2024;22:38:26;1;2;0;1;0;0;-10,9;-13,2;-12,5
09.01.2024;00:38:27;1;2;0;1;0;0;-10,9;-12,4;-11,6
09.01.2024;02:30:04;2;2;0;1;0;0;-12,1;-13,8;-12,6
09.01.2024;02:30:04;2;2;1;1;0;0;-12,1;-13,8;-12,6
09.01.2024;02:33:42;1;2;1;1;0;0;-7,9;-13,8;-12,6
09.01.2024;02:33:42;1;2;0;1;0;0;-7,9;-13,8;-12,6
09.01.2024;04:24:03;2;2;0;1;0;0;-12,1;-14,4;-12,2
09.01.2024;04:24:03;2;2;1;1;0;0;-12,1;-14,4;-12,2
09.01.2024;04:27:43;1;2;1;1;0;0;-7,9;-14,4;-12,3
09.01.2024;04:27:43;1;2;0;1;0;0;-7,9;-14,4;-12,3
09.01.2024;06:18:01;2;2;0;1;0;0;-12,1;-14,1;-12,3
09.01.2024;06:18:01;2;2;1;1;0;0;-12,1;-14,1;-12,3
09.01.2024;06:21:40;1;2;1;1;0;0;-7,9;-14;-12,3
09.01.2024;06:21:40;1;2;0;1;0;0;-7,9;-14;-12,3
09.01.2024;08:21:41;1;2;0;1;0;0;-11,9;-13,5;-11,6
09.01.2024;09:55:32;0;2;0;1;0;0;-10,3;-7,9;-7,6
09.01.2024;11:51:37;0;2;0;0;0;0;-6,1;0,9;-1,8
09.01.2024;11:51:37;0;2;0;0;0;0;-6,1;0,9;-1,8
09.01.2024;11:51:38;0;2;0;1;0;0;-6,1;1;-1,8
09.01.2024;11:51:38;0;2;0;1;0;0;-6,1;1;-1,8
09.01.2024;11:52:03;0;2;0;0;0;0;-6,1;1;-1,7
09.01.2024;11:52:03;0;2;0;0;0;0;-6,1;1;-1,7
09.01.2024;11:52:07;0;2;0;1;0;0;-6,1;1;-1,7
09.01.2024;11:52:07;0;2;0;1;0;0;-6,1;1;-1,7
09.01.2024;11:55:12;0;2;0;0;0;0;-6;1,2;-1,7
09.01.2024;11:55:12;0;2;0;0;0;0;-6;1,2;-1,7
09.01.2024;11:56:04;0;2;0;1;0;0;-5,9;1,4;-1,7
09.01.2024;11:56:04;0;2;0;1;0;0;-5,9;1,4;-1,7
09.01.2024;12:34:55;0;0;0;1;0;0;-4,4;4,1;-1,8
09.01.2024;12:34:55;0;0;0;0;0;0;-4,4;4,1;-1,8
09.01.2024;12:34:55;0;0;0;0;0;0;-4,4;4,1;-1,8
09.01.2024;14:34:55;0;0;0;0;0;0;-2,4;3,6;-1,6
09.01.2024;15:04:57;0;2;0;0;0;0;-3,2;1,9;-2,7
09.01.2024;15:04:57;0;2;0;1;0;0;-3,2;1,9;-2,7
09.01.2024;15:04:57;0;2;0;1;0;0;-3,2;1,9;-2,7
09.01.2024;15:26:28;0;2;0;1;0;0;-3,8;0;-4,8
09.01.2024;17:26:29;0;2;0;1;0;0;-6,6;-7,4;-9,4
09.01.2024;19:26:29;0;2;0;1;0;0;-9,1;-11;-12,2
09.01.2024;20:21:05;2;2;0;1;0;0;-10;-12,1;-13,3
09.01.2024;20:21:05;2;2;1;1;0;0;-10;-12,1;-13,3
09.01.2024;20:23:33;1;2;1;1;0;0;-7,9;-12;-13,3
09.01.2024;20:23:33;1;2;0;1;0;0;-7,9;-12;-13,3
09.01.2024;22:23:33;1;2;0;1;0;0;-10,9;-13,3;-13,8
10.01.2024;00:13:53;2;2;0;1;0;0;-12,1;-14,1;-13,7
10.01.2024;00:13:53;2;2;1;1;0;0;-12,1;-14,1;-13,7
10.01.2024;00:17:30;1;2;1;1;0;0;-7,9;-14,1;-13,5
10.01.2024;00:17:30;1;2;0;1;0;0;-7,9;-14,1;-13,5
10.01.2024;01:49:50;2;2;0;1;0;0;-12,1;-14,7;-14
10.01.2024;01:49:50;2;2;1;1;0;0;-12,1;-14,7;-14
10.01.2024;01:53:22;1;2;1;1;0;0;-7,9;-14,7;-14
10.01.2024;01:53:23;1;2;0;1;0;0;-7,9;-14,7;-14
10.01.2024;03:26:31;2;2;0;1;0;0;-12,1;-14,7;-13
10.01.2024;03:26:31;2;2;1;1;0;0;-12,1;-14,7;-13
10.01.2024;03:30:08;1;2;1;1;0;0;-7,9;-14,7;-13,1
10.01.2024;03:30:09;1;2;0;1;0;0;-7,9;-14,7;-13,1
10.01.2024;05:03:51;2;2;0;1;0;0;-12,1;-14,2;-12,9
10.01.2024;05:03:51;2;2;1;1;0;0;-12,1;-14,2;-12,9
10.01.2024;05:07:31;1;2;1;1;0;0;-7,9;-14,2;-13
10.01.2024;05:07:31;1;2;0;1;0;0;-7,9;-14,2;-13
10.01.2024;06:53:28;2;2;0;1;0;0;-12,1;-14,5;-13,6
10.01.2024;06:53:29;2;2;1;1;0;0;-12,1;-14,5;-13,6
10.01.2024;06:57:14;1;2;1;1;0;0;-7,9;-14,5;-13,7
10.01.2024;06:57:14;1;2;0;1;0;0;-7,9;-14,5;-13,7
10.01.2024;08:09:36;2;2;0;1;0;0;-12,1;-14,4;-13,4
10.01.2024;08:09:36;2;2;1;1;0;0;-12,1;-14,4;-13,4
10.01.2024;08:13:20;1;2;1;1;0;0;-7,9;-14,3;-13,3
10.01.2024;08:13:20;1;2;0;1;0;0;-7,9;-14,3;-13,3
10.01.2024;10:01:35;0;2;0;1;0;0;-10,1;-7,9;-6
10.01.2024;12:01:36;0;2;0;1;0;0;-4,8;2,8;-0,1
10.01.2024;12:18:45;0;0;0;1;0;0;-4;4,1;-0,2
10.01.2024;12:18:45;0;0;0;0;0;0;-4;4,1;-0,2
10.01.2024;12:18:45;0;0;0;0;0;0;-4;4,1;-0,2
10.01.2024;14:18:46;0;0;0;0;0;0;-0,5;6,5;0,8
10.01.2024;15:28:24;0;2;0;0;0;0;-1,7;1,9;-3,9
10.01.2024;15:28:24;0;2;0;1;0;0;-1,7;1,9;-3,9
10.01.2024;15:28:24;0;2;0;1;0;0;-1,7;1,9;-3,9
10.01.2024;17:28:24;0;2;0;1;0;0;-5;-5,7;-8
10.01.2024;19:28:25;0;2;0;1;0;0;-7,1;-8,8;-9,2
10.01.2024;21:28:25;0;2;0;1;0;0;-9,1;-10,9;-11
10.01.2024;23:28:26;0;2;0;1;0;0;-10,3;-11,8;-12,3
10.01.2024;23:49:23;2;2;0;1;0;0;-10,5;-12,1;-12,4
10.01.2024;23:49:23;2;2;1;1;0;0;-10,5;-12,1;-12,4
10.01.2024;23:52:08;1;2;1;1;0;0;-7,9;-12;-12,5
10.01.2024;23:52:08;1;2;0;1;0;0;-7,9;-12;-12,5
11.01.2024;01:52:08;1;2;0;1;0;0;-10,5;-11,7;-10,9
11.01.2024;03:52:09;1;2;0;1;0;0;-11;-12,2;-10,7
11.01.2024;05:52:09;1;2;0;1;0;0;-10,9;-11,7;-10,3
11.01.2024;06:50:42;1;2;0;1;0;0;-9,3;-9,7;-7,6
11.01.2024;08:43:00;0;2;0;1;0;0;-7,7;-7,9;-4,7
11.01.2024;10:43:01;0;2;0;1;0;0;-3,4;-3,1;-1,1
11.01.2024;12:43:01;0;2;0;1;0;0;-0,5;0,5;0,5
11.01.2024;14:43:02;0;2;0;1;0;0;0,2;2,7;0,3
11.01.2024;16:43:02;0;2;0;1;0;0;-1,1;-1,5;-2,7
11.01.2024;18:43:03;0;2;0;1;0;0;-2,1;-2,5;-2,7
11.01.2024;20:43:03;0;2;0;1;0;0;-2,4;-2,7;-2,8
11.01.2024;22:43:04;0;2;0;1;0;0;-2,4;-2,5;-2,7
12.01.2024;00:43:04;0;2;0;1;0;0;-2,2;-2,4;-2,3
12.01.2024;02:43:04;0;2;0;1;0;0;-2,1;-2,3;-2
12.01.2024;04:43:04;0;2;0;1;0;0;-1,7;-2;-1,6
12.01.2024;06:43:05;0;2;0;1;0;0;-1,5;-1,6;-1,3
12.01.2024;08:43:05;0;2;0;1;0;0;-1,4;-1,6;-1,3
12.01.2024;10:43:06;0;2;0;1;0;0;-0,6;-0,4;-0,6
12.01.2024;12:43:06;0;2;0;1;0;0;0,2;0,7;0
12.01.2024;14:43:06;0;2;0;1;0;0;0;0,2;-0,4
12.01.2024;16:43:07;0;2;0;1;0;0;-0,3;-0,5;-0,8
12.01.2024;18:43:07;0;2;0;1;0;0;-0,6;-0,9;-0,9
12.01.2024;20:43:07;0;2;0;1;0;0;-0,6;-0,8;-0,6
12.01.2024;22:43:08;0;2;0;1;0;0;-0,5;-0,7;-0,5
13.01.2024;00:43:08;0;2;0;1;0;0;-0,3;-0,5;-0,2
13.01.2024;02:43:09;0;2;0;1;0;0;0;-0,2;0
13.01.2024;04:21:38;0;2;0;1;0;0;0,1;-0,1;0,3
13.01.2024;06:21:39;0;2;0;1;0;0;0,1;0;0,4
13.01.2024;08:21:39;0;2;0;1;0;0;0,1;0;0,4
13.01.2024;10:21:40;0;2;0;1;0;0;0,9;1;1,5
13.01.2024;12:21:41;0;2;0;1;0;0;1,7;2;1,8
13.01.2024;14:21:41;0;2;0;1;0;0;1,6;1,7;1,5
13.01.2024;16:21:41;0;2;0;1;0;0;1,2;1;1,1
13.01.2024;18:21:41;0;2;0;1;0;0;0,9;0,8;1
13.01.2024;20:21:42;0;2;0;1;0;0;1,1;0,8;1,2
13.01.2024;22:21:43;0;2;0;1;0;0;0,8;0,5;1,1
14.01.2024;00:21:44;0;2;0;1;0;0;1,2;1,1;1,7
14.01.2024;02:21:44;0;2;0;1;0;0;1,4;1,2;1,6
14.01.2024;04:21:45;0;2;0;1;0;0;1,1;0,8;1
14.01.2024;06:21:45;0;2;0;1;0;0;1,1;0,9;0,9
14.01.2024;08:21:46;0;2;0;1;0;0;1;0,8;1,3
14.01.2024;10:21:46;0;2;0;1;0;0;1,7;1,8;1,9
14.01.2024;11:51:07;0;0;0;1;0;0;3,1;4,1;2,9
14.01.2024;11:51:07;0;0;0;0;0;0;3,1;4,1;2,9
14.01.2024;11:51:07;0;0;0;0;0;0;3,1;4,1;2,9
14.01.2024;13:51:08;0;0;0;0;0;0;3,1;3,5;2,6
14.01.2024;15:51:08;0;0;0;0;0;0;2,2;2,2;1,5
14.01.2024;16:11:30;0;2;0;0;0;0;2;1,9;1,6
14.01.2024;16:11:30;0;2;0;1;0;0;2;1,9;1,6
14.01.2024;16:11:30;0;2;0;1;0;0;2;1,9;1,6
14.01.2024;18:11:31;0;2;0;1;0;0;1,4;1,3;1,6
14.01.2024;20:11:32;0;2;0;1;0;0;1,3;1,1;1,7
14.01.2024;22:11:33;0;2;0;1;0;0;1,2;0,9;1
15.01.2024;00:11:33;0;2;0;1;0;0;1;0,8;1,2
15.01.2024;02:11:34;0;2;0;1;0;0;0,6;0,1;0,8
15.01.2024;03:51:26;0;2;2;1;0;0;0,3;0;0,2
15.01.2024;03:51:37;0;2;0;1;0;0;0,3;0;0,2
15.01.2024;03:58:31;0;2;2;1;0;0;0,4;0;0,1
15.01.2024;04:28:32;0;2;0;1;0;0;20;0;0,5
15.01.2024;06:28:32;0;2;0;1;0;0;1,4;0,2;0,6
15.01.2024;08:28:33;0;2;0;1;0;0;0,6;0,1;0,9
15.01.2024;10:28:33;0;2;0;1;0;0;1,5;1,6;2
15.01.2024;12:02:14;0;0;0;1;0;0;2,7;4,1;3,7
15.01.2024;12:02:14;0;0;0;0;0;0;2,7;4,1;3,7
15.01.2024;12:02:14;0;0;0;0;0;0;2,7;4,1;3,7
15.01.2024;14:15:27;0;0;0;0;0;0;3,2;3,4;2,3
15.01.2024;16:15:27;0;0;0;0;0;0;2,2;2;2
15.01.2024;18:15:28;0;2;0;1;0;0;1,3;1,1;0,9
15.01.2024;20:15:28;0;2;0;1;0;0;0,9;0,6;0,6
15.01.2024;22:15:29;0;2;0;1;0;0;0,6;0,4;0,4
16.01.2024;00:15:29;0;2;0;1;0;0;0,4;0,2;0,3
16.01.2024;02:15:30;0;2;2;1;0;0;23,1;-0,5;-1,7
16.01.2024;04:15:30;0;2;0;1;0;0;15,5;-1;-1,5
16.01.2024;06:15:31;0;2;2;1;0;0;2,3;-0,9;-1,5
16.01.2024;07:10:14;0;0;0;0;0;0;7,6;-1;-1,7
16.01.2024;07:10:16;0;2;0;1;0;0;7,6;-1;-1,7
16.01.2024;07:18:09;0;2;2;1;0;0;5,4;-1;-1,9
16.01.2024;07:48:09;0;2;0;1;0;0;25,6;-1,2;-3
16.01.2024;09:48:09;0;2;0;1;0;0;1,6;-0,5;-0,7
16.01.2024;11:10:06;0;2;0;1;0;0;1;0;0,8
16.01.2024;12:24:44;0;2;2;1;0;0;0,9;0;1,9
16.01.2024;12:54:44;0;2;0;1;0;0;25,4;0;1,8
16.01.2024;13:45:58;0;2;2;1;0;0;5,9;0;1,5
16.01.2024;14:15:58;0;2;0;1;0;0;27,1;0;0,7
16.01.2024;14:57:54;0;2;2;1;0;0;8;0;-0,3
16.01.2024;15:27:54;0;2;0;1;0;0;27,7;0;-0,6
16.01.2024;17:27:54;0;2;0;1;0;0;0,6;-0,7;-4,2
16.01.2024;19:27:55;0;2;0;1;0;0;-2,3;-2,5;-3,5
16.01.2024;21:27:55;0;2;0;1;0;0;-2,3;-2,3;-2,2
16.01.2024;23:27:55;0;2;0;1;0;0;-2,4;-2,3;-2,8
17.01.2024;01:27:56;0;2;0;1;0;0;-3,4;-3,5;-4,7
17.01.2024;03:27:56;0;2;0;1;0;0;-5,3;-5,4;-7,1
17.01.2024;05:27:57;0;2;0;1;0;0;-5,7;-6;-6,8
17.01.2024;05:56:10;0;2;2;1;0;0;-6;-6,4;-7,8
17.01.2024;06:26:10;0;2;0;1;0;0;17,3;-6,7;-7,2
17.01.2024;08:26:11;0;2;0;1;0;0;-4,8;-7,1;-5,2
17.01.2024;09:08:07;4;2;1;1;1;1;-5,1;-6;-4,1
17.01.2024;09:18:54;1;2;0;1;2;1;7,1;-5,4;-3,1
17.01.2024;09:27:00;4;2;1;1;1;1;2,9;-5,1;-4
17.01.2024;09:28:22;0;2;0;1;0;0;3,1;-5;-4,1
17.01.2024;11:28:23;0;2;0;1;0;0;-0,3;0,4;0,8
17.01.2024;13:28:24;0;2;0;1;0;0;0,2;0,7;-1,5
17.01.2024;15:28:24;0;2;0;1;0;0;0;0;-0,8
17.01.2024;17:28:24;0;2;0;1;0;0;-0,4;-0,6;0
17.01.2024;19:28:25;0;2;0;1;0;0;0;-0,1;0,4
17.01.2024;20:27:19;0;2;2;1;0;0;0,2;0;0,7
17.01.2024;20:57:19;0;2;0;1;0;0;22,9;0;0,4
17.01.2024;22:57:20;0;2;0;1;0;0;1,8;0;1,1
18.01.2024;00:57:20;0;2;0;1;0;0;1,5;0,1;1,9
18.01.2024;02:57:21;0;2;0;1;0;0;1,1;0,1;1,3
18.01.2024;04:57:22;0;2;0;1;0;0;1;0,3;1
18.01.2024;06:15:36;4;2;1;1;1;1;0,7;0,2;0,3
18.01.2024;06:20:35;1;2;0;1;2;1;7,1;0,2;0,3
18.01.2024;06:24:21;3;2;1;1;2;1;7;0,1;0,3
18.01.2024;06:25:31;1;2;0;1;2;1;7,1;0,1;0,3
18.01.2024;06:32:06;0;2;0;1;0;0;5,9;0,1;0,2
18.01.2024;08:32:06;0;2;0;1;0;0;0,2;0;-0,3
18.01.2024;10:32:06;0;2;0;1;0;0;0,5;0,4;0,4
18.01.2024;11:48:44;0;2;2;1;0;0;0,8;0,7;0,3
18.01.2024;12:18:43;0;2;0;1;0;0;25;0,9;0,7
18.01.2024;12:35:56;0;2;2;1;0;0;12,4;1;0,6
18.01.2024;13:05:08;0;2;2;1;2;1;27;0,7;0
18.01.2024;13:05:57;0;2;0;1;2;1;27;0,7;0
18.01.2024;13:09:58;0;2;2;1;2;1;23;0,7;0
18.01.2024;13:28:40;0;2;2;1;0;0;28,4;0,7;0,2
18.01.2024;13:39:58;0;2;0;1;0;0;30,4;0,7;0,2
18.01.2024;13:59:02;0;2;2;1;0;0;15,6;0,8;0,1
18.01.2024;14:29:01;0;2;0;1;0;0;31,6;0,6;-0,1
18.01.2024;15:26:44;0;2;2;1;0;0;5,4;0;-1,4
18.01.2024;16:26:45;0;2;0;1;0;0;31,3;-0,3;-1,9
18.01.2024;16:41:15;0;2;2;1;0;0;16,9;-0,4;-1,9
18.01.2024;17:41:15;0;2;0;1;0;0;32,4;-0,6;-1,8
18.01.2024;19:03:29;0;2;2;1;0;0;4,4;-0,8;-2
18.01.2024;20:03:29;0;2;0;1;0;0;31,7;-0,7;-1,8
18.01.2024;20:31:56;0;2;2;1;0;0;12,8;-0,7;-1,9
18.01.2024;21:31:59;0;2;0;1;0;0;34,3;-0,6;-1,8
18.01.2024;23:31:59;0;2;0;1;0;0;2;-1,2;-2,7
19.01.2024;00:00:23;0;2;2;1;0;0;0,6;-1,1;-2,3
19.01.2024;01:00:23;0;2;0;1;0;0;30,4;-1;-2,3
19.01.2024;03:00:23;0;2;0;1;0;0;1,3;-1,4;-2,7
19.01.2024;04:07:11;0;2;2;1;0;0;-1,3;-1,9;-3,9
19.01.2024;05:07:11;0;2;0;1;0;0;30,6;-2,8;-5,8
19.01.2024;07:07:12;0;2;0;1;0;0;-1,2;-4,1;-6,4
19.01.2024;09:07:12;0;2;0;1;0;0;-3,9;-4,4;-4,9
19.01.2024;11:07:05;0;2;0;1;0;0;-2,7;-1,1;4
19.01.2024;12:37:00;0;0;0;0;0;0;1,4;4,1;6,8
19.01.2024;14:15:54;0;0;0;0;0;0;3,6;7,2;5,2
19.01.2024;14:36:02;0;0;0;0;0;0;3,6;7,5;4,8
19.01.2024;14:57:38;0;0;0;0;0;0;3,6;7;3,8
19.01.2024;16:03:36;0;2;0;1;0;0;1,1;1,9;-0,9
19.01.2024;18:03:36;0;2;0;1;0;0;-0,5;-1;-2
19.01.2024;20:03:37;0;2;0;1;0;0;-1,2;-1,6;-2,4
19.01.2024;22:03:37;0;2;0;1;0;0;-1,7;-2,1;-2
20.01.2024;00:03:37;0;2;0;1;0;0;-1,9;-2,5;-2
20.01.2024;02:03:38;0;2;0;1;0;0;-2,9;-3,8;-3,4
20.01.2024;04:03:38;0;2;0;1;0;0;-4,1;-5;-4,6
20.01.2024;06:03:39;0;2;0;1;0;0;-4,3;-5,3;-4,7
20.01.2024;08:03:39;0;2;0;1;0;0;-4;-4,9;-4,6
20.01.2024;10:03:40;0;2;0;1;0;0;-1;2,3;6
20.01.2024;10:31:40;0;0;0;0;0;0;0,1;4,1;3,9
20.01.2024;12:31:40;0;0;0;0;0;0;3,8;10,6;6,7
20.01.2024;14:31:41;0;0;0;0;0;0;5,3;11;5,4
20.01.2024;16:22:09;0;2;0;1;0;0;1,5;1,9;-0,3
20.01.2024;18:22:09;0;2;0;1;0;0;-1;-1,8;-1,3
20.01.2024;20:22:09;0;2;0;1;0;0;-0,8;-1,5;0
20.01.2024;22:22:09;0;2;0;1;0;0;0;-0,4;0,3
21.01.2024;00:22:09;0;2;0;1;0;0;0,3;-0,1;0,2
21.01.2024;02:22:10;0;2;0;1;0;0;-0,1;-0,5;0
21.01.2024;04:22:11;0;2;0;1;0;0;-1,5;-2,4;-3,3
21.01.2024;06:22:11;0;2;0;1;0;0;-3,5;-4,8;-4,5
21.01.2024;08:22:12;0;2;0;1;0;0;-4,2;-5,2;-3,3
21.01.2024;10:10:26;0;0;0;0;0;0;-0,4;4,1;4,5
21.01.2024;12:10:27;0;0;0;0;0;0;5;10,8;4,6
21.01.2024;14:10:28;0;0;0;0;0;0;5,6;8;3,2
21.01.2024;16:10:28;0;0;0;0;0;0;3,5;3,2;2,2
21.01.2024;17:15:43;0;2;0;1;0;0;2,5;1,9;2,3
21.01.2024;19:15:44;0;2;0;1;0;0;1;0,1;0,5
21.01.2024;21:15:44;0;2;0;1;0;0;-0,9;-2,1;-1,4
21.01.2024;23:14:42;0;2;0;1;0;0;-2,1;-3,6;-1,5
22.01.2024;01:14:43;0;2;0;1;0;0;-1,5;-2,5;-1,1
22.01.2024;03:14:43;0;2;0;1;0;0;-0,7;-1,7;0,5
22.01.2024;05:14:43;0;2;0;1;0;0;0,5;-0,4;1,3
22.01.2024;07:14:44;0;2;0;1;0;0;0,7;0;1,6
22.01.2024;09:14:45;0;2;0;1;0;0;2,5;2,4;4,1
22.01.2024;10:42:00;0;0;0;0;0;0;3,7;4,1;5,1
22.01.2024;12:42:00;0;0;0;0;0;0;5,2;5,5;6,4
22.01.2024;14:42:00;0;0;0;0;0;0;5;5;5,5
22.01.2024;16:42:00;0;0;0;0;0;0;4,6;4,3;5,2
22.01.2024;18:42:01;0;0;0;0;0;0;4,4;4,1;4,4
22.01.2024;20:42:01;0;0;0;0;0;0;3,9;3,6;3,9
22.01.2024;22:42:01;0;0;0;0;0;0;4,5;4,3;5,3
23.01.2024;00:42:02;0;0;0;0;0;0;4,3;3,8;4,8
23.01.2024;02:42:02;0;0;0;0;0;0;4;3,5;5
23.01.2024;04:42:03;0;0;0;0;0;0;3,7;3,4;4,4
23.01.2024;06:42:03;0;0;0;0;0;0;3,9;3,5;4,2
23.01.2024;07:49:59;0;0;0;0;0;0;3,5;3,1;3,5
23.01.2024;08:16:10;0;0;0;0;0;0;3,5;3,2;4,1
23.01.2024;08:27:46;0;0;0;0;0;1;3,5;3,2;4,1
23.01.2024;08:54:48;0;0;0;0;0;0;3,7;3,7;4,5
23.01.2024;08:57:17;0;0;0;0;0;1;3,8;3,9;5,1
23.01.2024;09:10:42;0;0;0;0;0;0;4,1;4,4;5,4
23.01.2024;09:12:28;0;0;0;0;0;1;4,1;4,6;5,5
23.01.2024;09:50:44;0;0;0;0;0;0;5,1;7;7,8
23.01.2024;10:30:44;0;0;0;0;0;0;5,9;7,5;7,5
23.01.2024;12:30:44;0;0;0;0;0;0;8;9,1;7,4
23.01.2024;14:30:44;0;0;0;0;0;0;7,5;7,5;6,6
23.01.2024;15:01:04;0;0;0;0;0;0;7,3;7,1;6,3
23.01.2024;17:01:04;0;0;0;0;0;0;5,8;5,3;5,2
23.01.2024;19:01:05;0;0;0;0;0;0;4,7;4,3;5,2
23.01.2024;21:01:05;0;0;0;0;0;0;4,5;4,2;4,6
23.01.2024;23:01:06;0;0;0;0;0;0;3,3;2,7;3,2
23.01.2024;23:49:35;0;2;0;1;0;0;2,7;1,9;2,8
24.01.2024;01:49:35;0;2;0;1;0;0;2,6;2,1;3,7
24.01.2024;03:49:36;0;2;0;1;0;0;3,6;3,3;4,2
24.01.2024;04:40:58;0;0;0;0;0;0;4,3;4,1;5,5
24.01.2024;06:40:59;0;0;0;0;0;0;4,8;4,5;4,8
24.01.2024;08:26:01;0;0;0;0;0;1;5,5;5,2;6
24.01.2024;08:42:44;0;0;0;0;0;0;5,7;5,5;6,1
24.01.2024;10:42:45;0;0;0;0;0;0;7,8;7,7;8,2
24.01.2024;12:10:09;0;0;0;0;0;1;9;8,9;10,8
24.01.2024;12:29:24;0;0;0;0;0;0;8,9;8,9;9,4
24.01.2024;14:29:24;0;0;0;0;0;0;10,1;13,5;12,8
24.01.2024;16:29:25;0;0;0;0;0;0;8,3;8,5;8,3
24.01.2024;18:29:26;0;0;0;0;0;0;7,3;7;8,3
24.01.2024;20:29:27;0;0;0;0;0;0;7,1;7;7,9
24.01.2024;22:29:27;0;0;0;0;0;0;6,6;6,3;7,6
25.01.2024;00:29:27;0;0;0;0;0;0;5,7;5,3;6,4
25.01.2024;02:29:28;0;0;0;0;0;0;5,7;5,5;6,9
25.01.2024;04:29:28;0;0;0;0;0;0;6,3;6,2;7,2
25.01.2024;06:29:28;0;0;0;0;0;0;5,9;5,5;6,7
25.01.2024;08:09:21;0;0;0;0;0;0;6,2;6,1;6,8
25.01.2024;10:09:21;0;0;0;0;0;0;7,6;7,9;8
25.01.2024;12:09:21;0;0;0;0;0;0;9;9,8;8,5
25.01.2024;14:09:21;0;0;0;0;0;0;9,2;9,7;8,6
25.01.2024;16:09:22;0;0;0;0;0;0;8,4;8,9;7,3
25.01.2024;18:09:23;0;0;0;0;0;0;7,1;6,8;6,8
25.01.2024;20:09:23;0;0;0;0;0;0;6;5,6;5,8
25.01.2024;22:09:24;0;0;0;0;0;0;5,9;5,6;5,6
26.01.2024;00:09:24;0;0;0;0;0;0;5,6;5,4;5,5
26.01.2024;02:09:25;0;0;0;0;0;0;4,7;4,4;4,1
26.01.2024;04:09:25;0;0;0;0;0;0;3,7;3,2;3,8
26.01.2024;06:09:25;0;0;0;0;0;0;3,8;3,1;3,3
26.01.2024;07:20:01;0;2;0;1;0;0;2,7;1,9;1,9
26.01.2024;09:07:14;0;0;0;0;0;0;2,9;4,1;7,7
26.01.2024;11:07:14;0;0;0;0;0;0;7,4;11,5;9,6
26.01.2024;13:07:14;0;0;0;0;0;0;9,6;13;9,9
26.01.2024;15:07:15;0;0;0;0;0;0;8,8;9;7,2
26.01.2024;17:07:15;0;0;0;0;0;0;7,1;6,7;6,1
26.01.2024;19:07:16;0;0;0;0;0;0;6,1;5,9;5,7
26.01.2024;21:07:16;0;0;0;0;0;0;6,4;6,2;6,3
26.01.2024;23:07:17;0;0;0;0;0;0;4,3;3,7;3,9
27.01.2024;01:07:18;0;0;0;0;0;0;3,9;3,4;4,6
27.01.2024;03:07:18;0;0;0;0;0;0;3,7;3,3;4,1
27.01.2024;05:07:18;0;0;0;0;0;0;3,6;3,3;4,3
27.01.2024;07:07:19;0;0;0;0;0;0;3,2;2,8;3,2
27.01.2024;09:07:19;0;0;0;0;0;0;3,9;3,6;4,1
27.01.2024;11:07:19;0;0;0;0;0;0;5,2;5,3;5,4
27.01.2024;13:07:20;0;0;0;0;0;0;8;10,9;8,8
27.01.2024;15:07:20;0;0;0;0;0;0;8;8,7;7,3
27.01.2024;17:07:21;0;0;0;0;0;0;6;5,6;5
27.01.2024;19:07:21;0;0;0;0;0;0;4,2;3,5;3,8
27.01.2024;21:07:22;0;0;0;0;0;0;4,6;4,2;5
27.01.2024;23:07:22;0;0;0;0;0;0;4,7;4,5;5
28.01.2024;01:07:22;0;0;0;0;0;0;4,7;4,4;4,5
28.01.2024;03:07:23;0;0;0;0;0;0;3,4;2,9;2,6
28.01.2024;04:32:05;0;2;0;1;0;0;2,9;1,9;1,7
28.01.2024;06:32:06;0;2;0;1;0;0;2,1;1,6;2,1
28.01.2024;08:32:06;0;2;0;1;0;0;2,4;2,2;3,1
28.01.2024;09:16:54;0;0;0;0;0;0;3,2;4,1;6
28.01.2024;11:16:54;0;0;0;0;0;0;7,2;15,6;12,9
28.01.2024;13:16:54;0;0;0;0;0;0;11,8;19,6;11,1
28.01.2024;15:16:55;0;0;0;0;0;0;11,4;17,8;11,5
28.01.2024;17:16:55;0;0;0;0;0;0;7,6;7,5;4,6
28.01.2024;19:16:56;0;0;0;0;0;0;4,3;3,2;3,1
28.01.2024;20:24:14;0;2;0;1;0;0;3,2;1,9;2,6
28.01.2024;22:24:15;0;2;0;1;0;0;1,5;0,4;1,3
29.01.2024;00:24:15;0;2;0;1;0;0;0,2;-0,7;0,2
29.01.2024;02:24:15;0;2;0;1;0;0;-0,6;-1,6;-0,2
29.01.2024;04:24:16;0;2;0;1;0;0;-1;-2;-0,7
29.01.2024;06:24:16;0;2;0;1;0;0;-1,3;-2,1;-0,9
29.01.2024;08:24:16;0;2;0;1;0;0;-1,3;-1,3;0,5
29.01.2024;09:33:57;0;0;0;0;0;0;0,7;4,1;6
29.01.2024;11:33:58;0;0;0;0;0;0;7,6;17,3;11,8
29.01.2024;13:33:58;0;0;0;0;0;0;13;22,6;14,5
29.01.2024;15:33:59;0;0;0;0;0;0;12,5;17,3;10,5
29.01.2024;17:33:59;0;0;0;0;0;0;7,8;7,2;5,9
29.01.2024;19:33:59;0;0;0;0;0;0;5,4;4,4;4,8
29.01.2024;21:34:00;0;0;0;0;0;0;3,5;2,5;3,2
29.01.2024;22:09:01;0;2;0;1;0;0;3;1,9;2,8
30.01.2024;00:09:02;0;2;0;1;0;0;1,1;-0,3;-0,5
30.01.2024;02:09:02;0;2;0;1;0;0;-1;-2,4;-2,1
30.01.2024;04:09:03;0;2;0;1;0;0;-2,4;-3,8;-3,4
30.01.2024;06:09:03;0;2;0;1;0;0;-2,8;-4;-3
30.01.2024;08:09:04;0;2;0;1;0;0;-2,8;-3,8;0,9
30.01.2024;09:29:02;0;0;0;0;0;0;0,9;4,1;8,6
30.01.2024;11:29:02;0;0;0;0;0;0;8,8;17,6;13,8
30.01.2024;13:29:02;0;0;0;0;0;0;12,8;18,9;12,2
30.01.2024;15:29:03;0;0;0;0;0;0;10,7;12;8,8
30.01.2024;17:29:04;0;0;0;0;0;0;7,2;6,6;5,6
30.01.2024;19:29:05;0;0;0;0;0;0;4,9;3,7;3,6
30.01.2024;21:29:05;0;0;0;0;0;0;3,8;3;4,1
30.01.2024;23:29:06;0;0;0;0;0;0;3,7;3,2;4,2
31.01.2024;01:29:07;0;0;0;0;0;0;3,9;3,3;4,3
31.01.2024;03:29:07;0;0;0;0;0;0;4,6;4,5;5,1
31.01.2024;05:29:08;0;0;0;0;0;0;5;4,8;5,3
31.01.2024;07:29:09;0;0;0;0;0;0;5,3;5,1;5,4
31.01.2024;09:29:10;0;0;0;0;0;0;6,1;6,2;6,5
31.01.2024;11:29:10;0;0;0;0;0;0;8,9;10;7,9
31.01.2024;13:29:11;0;0;0;0;0;0;9,9;10,5;8,5
31.01.2024;15:29:11;0;0;0;0;0;0;9,3;9,2;7,7
31.01.2024;17:29:12;0;0;0;0;0;0;7,5;7,1;6,4
31.01.2024;19:29:12;0;0;0;0;0;0;6,5;6,1;5,8
31.01.2024;21:29:13;0;0;0;0;0;0;4,4;3,6;2,6
31.01.2024;22:29:29;0;2;0;1;0;0;2,9;1,9;1,2
01.02.2024;00:29:29;0;2;0;1;0;0;1,1;-0,1;0,4
01.02.2024;02:29:29;0;2;0;1;0;0;-0,8;-2,1;-1,3
01.02.2024;04:29:29;0;2;0;1;0;0;0,1;-0,4;1,2
01.02.2024;06:29:30;0;2;0;1;0;0;2,6;2,3;4,7
01.02.2024;08:29:30;0;2;0;1;0;0;3,8;3,7;4,2
01.02.2024;09:10:34;0;0;0;0;0;0;4,1;4,1;4,3
01.02.2024;11:10:35;0;0;0;0;0;0;5,7;5,8;5,8
01.02.2024;13:10:35;0;0;0;0;0;0;6,8;7,4;7,5
01.02.2024;15:10:35;0;0;0;0;0;0;9;13,3;9
01.02.2024;17:10:36;0;0;0;0;0;0;6,3;6,3;6,1
01.02.2024;19:10:36;0;0;0;0;0;0;5,4;5;5,8
01.02.2024;21:10:37;0;0;0;0;0;0;4,1;3,6;4,7
01.02.2024;23:10:38;0;0;0;0;0;0;4,5;4,2;4,9
02.02.2024;01:10:38;0;0;0;0;0;0;4;3,7;4,2
02.02.2024;03:10:38;0;0;0;0;0;0;3,6;3,1;3,6
02.02.2024;05:10:39;0;0;0;0;0;0;3,1;2,6;3,2
02.02.2024;07:10:39;0;0;0;0;0;0;3;2,6;3,3
02.02.2024;09:10:40;0;0;0;0;0;0;4,2;4,2;4,7
02.02.2024;10:48:54;0;0;0;0;0;0;7,3;9,7;8,5
02.02.2024;12:48:54;0;0;0;0;0;0;8,9;9,7;7,2
02.02.2024;12:51:06;0;0;0;0;0;0;8,9;9,7;7,2
02.02.2024;13:21:52;0;0;0;0;0;0;8,7;9,1;7,1
02.02.2024;15:21:52;0;0;0;0;0;0;6,6;6,3;5,5
02.02.2024;17:21:52;0;0;0;0;0;0;5,7;5,5;5,3
02.02.2024;19:21:53;0;0;0;0;0;0;5,6;5,3;5,5
02.02.2024;21:21:53;0;0;0;0;0;0;5,7;5,5;6
02.02.2024;23:21:53;0;0;0;0;0;0;7;6,9;7,5
03.02.2024;01:21:54;0;0;0;0;0;0;7,5;7,3;7,6
03.02.2024;03:21:54;0;0;0;0;0;0;7,6;7,4;7,8
03.02.2024;05:21:54;0;0;0;0;0;0;7,4;7,1;7,5
03.02.2024;07:21:55;0;0;0;0;0;0;8;7,9;8,6
03.02.2024;09:21:55;0;0;0;0;0;0;8,8;8,8;9,2
03.02.2024;11:21:56;0;0;0;0;0;0;9,6;9,6;9,5
03.02.2024;13:21:57;0;0;0;0;0;0;10,8;11,1;10,2
03.02.2024;15:21:57;0;0;0;0;0;0;11,2;11,6;10,4
03.02.2024;17:21:57;0;0;0;0;0;0;9,6;9,4;9,4
03.02.2024;19:21:57;0;0;0;0;0;0;9,2;9;9,3
03.02.2024;21:21:58;0;0;0;0;0;0;8,4;8;8,4
03.02.2024;23:21:58;0;0;0;0;0;0;8,1;7,9;8
04.02.2024;01:21:59;0;0;0;0;0;0;7,8;7,6;7,3
04.02.2024;03:21:59;0;0;0;0;0;0;6,8;6,5;7,2
04.02.2024;05:22:00;0;0;0;0;0;0;5,6;5,1;6,2
04.02.2024;07:22:01;0;0;0;0;0;0;4,6;3,9;4,8
04.02.2024;09:22:01;0;0;0;0;0;0;5,9;8,1;9,4
04.02.2024;11:22:01;0;0;0;0;0;0;8,7;9,6;8,8
04.02.2024;13:22:02;0;0;0;0;0;0;10,5;10,9;10,1
04.02.2024;15:22:02;0;0;0;0;0;0;9,4;9,1;8,2
04.02.2024;17:22:02;0;0;0;0;0;0;7,6;7,1;8,2
04.02.2024;19:22:03;0;0;0;0;0;0;7,3;6,9;7,9
04.02.2024;21:22:03;0;0;0;0;0;0;7,2;6,9;7,5
04.02.2024;23:22:04;0;0;0;0;0;0;5,9;5,5;5,4
05.02.2024;01:22:04;0;0;0;0;0;0;5,8;5,5;5,7
05.02.2024;03:22:05;0;0;0;0;0;0;6,2;5,9;5,9
05.02.2024;05:22:05;0;0;0;0;0;0;8,6;8,4;9
05.02.2024;07:22:05;0;0;0;0;0;0;9;8,8;9
05.02.2024;09:22:05;0;0;0;0;0;0;9,7;9,7;9,7
05.02.2024;11:22:06;0;0;0;0;0;0;10;10;9,9
05.02.2024;13:22:06;0;0;0;0;0;0;10,1;10,1;10,6
05.02.2024;15:22:06;0;0;0;0;0;0;9,8;9,9;10,6
05.02.2024;17:22:07;0;0;0;0;0;0;9,9;10;10,5
05.02.2024;19:22:07;0;0;0;0;0;0;9,9;9,8;10,7
05.02.2024;21:22:07;0;0;0;0;0;0;10;9,8;10,3
05.02.2024;23:22:08;0;0;0;0;0;0;9,9;9,7;10,3
06.02.2024;01:22:08;0;0;0;0;0;0;9,7;9,5;9,9
06.02.2024;03:22:08;0;0;0;0;0;0;9,4;9,2;9,4
06.02.2024;05:22:08;0;0;0;0;0;0;9;8,8;8,9
06.02.2024;07:22:18;0;0;0;0;0;0;8,6;8,3;8,5
06.02.2024;09:22:18;0;0;0;0;0;0;9,1;9,1;9
06.02.2024;11:22:18;0;0;0;0;0;0;10,5;10,6;10,1
06.02.2024;13:22:19;0;0;0;0;0;0;11,3;11,5;10,7
06.02.2024;15:22:20;0;0;0;0;0;0;10,6;10,5;9,8
06.02.2024;17:22:20;0;0;0;0;0;0;10,5;10,1;10,3
06.02.2024;19:22:21;0;0;0;0;0;0;9,8;9,5;9,5
06.02.2024;21:22:21;0;0;0;0;0;0;9,7;9,4;9,8
06.02.2024;23:22:22;0;0;0;0;0;0;10,6;10,3;10,7
07.02.2024;01:22:22;0;0;0;0;0;0;10,1;9,8;9,8
07.02.2024;03:22:22;0;0;0;0;0;0;9,6;9,3;9,5
07.02.2024;05:22:23;0;0;0;0;0;0;9,3;8,9;9,1
07.02.2024;07:22:23;0;0;0;0;0;0;9,2;8,8;9,2
07.02.2024;09:22:23;0;0;0;0;0;0;9,7;9,3;9,3
07.02.2024;09:32:13;0;0;0;0;0;1;9,2;8,9;8,5
07.02.2024;09:47:14;0;0;0;0;0;0;8,4;8,1;6,3
07.02.2024;11:47:15;0;0;0;0;0;0;5,8;5,6;4,1
07.02.2024;12:41:50;0;0;0;0;0;1;5,7;5,4;4,4
07.02.2024;12:56:52;0;0;0;0;0;0;5,6;5,4;4,4
07.02.2024;14:56:53;0;0;0;0;0;0;5,1;4,9;4,4
07.02.2024;16:56:53;0;0;0;0;0;0;4,4;4;3,9
07.02.2024;18:56:54;0;0;0;0;0;0;3,6;3,2;3,4
07.02.2024;20:56:55;0;0;0;0;0;0;3,2;2,8;3,1
07.02.2024;22:09:03;0;2;0;1;0;0;2,5;1,9;2,2
08.02.2024;00:09:03;0;2;0;1;0;0;1,9;1,4;1,7
08.02.2024;02:09:04;0;2;0;1;0;0;1,7;1,2;1,6
08.02.2024;04:09:04;0;2;0;1;0;0;1,2;0,3;0,3
08.02.2024;06:09:05;0;2;0;1;0;0;0,3;-0,5;0,1
08.02.2024;08:09:05;0;2;0;1;0;0;0,6;0;1,3
08.02.2024;10:06:13;0;0;0;0;0;0;3;4,1;5,6
08.02.2024;12:06:13;0;0;0;0;0;0;7,1;10;6,5
08.02.2024;14:06:14;0;0;0;0;0;0;7,8;9;6,1
08.02.2024;16:06:14;0;0;0;0;0;0;7,3;7,2;4,9
08.02.2024;18:06:15;0;0;0;0;0;0;5,5;4,8;3,9
08.02.2024;20:06:15;0;0;0;0;0;0;4,3;3,7;2,9
08.02.2024;22:06:16;0;0;0;0;0;0;2,8;2,5;1,6
08.02.2024;22:49:24;0;2;0;1;0;0;2,2;1,9;1,1
09.02.2024;00:49:24;0;2;0;1;0;0;1,9;1,7;1,3
09.02.2024;02:49:25;0;2;0;1;0;0;2;1,8;1,6
09.02.2024;04:49:26;0;2;0;1;0;0;2,2;2;1,8
09.02.2024;06:49:26;0;2;0;1;0;0;2,4;2,2;2
09.02.2024;08:49:26;0;2;0;1;0;0;3;3;2,9
09.02.2024;09:59:41;0;0;0;0;0;0;3,8;4,1;3,6
09.02.2024;11:59:42;0;0;0;0;0;0;6,8;7,4;6,7
09.02.2024;13:59:42;0;0;0;0;0;0;9,4;9,9;9,4
09.02.2024;15:59:42;0;0;0;0;0;0;9,5;9,5;9,5
09.02.2024;17:59:43;0;0;0;0;0;0;9,3;9,3;10
09.02.2024;19:59:44;0;0;0;0;0;0;8,5;8,1;8,7
09.02.2024;21:59:44;0;0;0;0;0;0;7,8;7,4;8,3
09.02.2024;23:59:45;0;0;0;0;0;0;7,5;7;7,7
10.02.2024;01:59:46;0;0;0;0;0;0;7,1;6,6;6,8
10.02.2024;03:59:46;0;0;0;0;0;0;6,6;6,4;6,9
10.02.2024;05:59:47;0;0;0;0;0;0;6,3;6;5,9
10.02.2024;07:59:47;0;0;0;0;0;0;5,8;5,3;6,3
10.02.2024;09:59:48;0;0;0;0;0;0;8,4;9,4;10,1
10.02.2024;11:59:48;0;0;0;0;0;0;12,4;16,1;13,4
10.02.2024;13:59:48;0;0;0;0;0;0;17,1;27;19,8
10.02.2024;15:59:49;0;0;0;0;0;0;15,5;17,1;12,9
10.02.2024;17:59:49;0;0;0;0;0;0;12,3;11,6;10,7
10.02.2024;19:59:50;0;0;0;0;0;0;9,7;8,7;8,9
10.02.2024;21:59:51;0;0;0;0;0;0;8,2;7,3;7,9
10.02.2024;23:59:51;0;0;0;0;0;0;7,2;6,5;8,1
11.02.2024;01:59:51;0;0;0;0;0;0;8;7,4;9,1
11.02.2024;03:59:52;0;0;0;0;0;0;8,9;8,6;10,5
11.02.2024;05:59:52;0;0;0;0;0;0;9;8,7;9,3
11.02.2024;07:58:52;0;0;0;0;0;0;9;8,8;9,1
11.02.2024;09:58:52;0;0;0;0;0;0;9,7;9,8;9,5
11.02.2024;11:58:52;0;0;0;0;0;0;10;9,9;9,8
11.02.2024;13:58:52;0;0;0;0;0;0;10,6;10,7;10,2
11.02.2024;15:58:53;0;0;0;0;0;0;10,4;10,1;9,9
11.02.2024;17:58:53;0;0;0;0;0;0;9,6;9,3;9,4
11.02.2024;19:58:54;0;0;0;0;0;0;9,3;9;9,1
11.02.2024;21:58:54;0;0;0;0;0;0;9;8,8;8,7
11.02.2024;23:58:55;0;0;0;0;0;0;8,5;8,2;8,1
12.02.2024;01:58:55;0;0;0;0;0;0;7,8;7,5;7,3
12.02.2024;06:07:30;0;0;0;0;0;0;6,8;6,4;6,6
12.02.2024;08:07:31;0;0;0;0;0;0;7;6,8;7,4
12.02.2024;10:07:31;0;0;0;0;0;0;8,9;9,3;10
12.02.2024;12:07:32;0;0;0;0;0;0;10,9;12;11
12.02.2024;14:07:32;0;0;0;0;0;0;12,5;14,3;12,7
12.02.2024;16:07:33;0;0;0;0;0;0;10,3;9,9;8,4
12.02.2024;18:07:33;0;0;0;0;0;0;8,4;7,6;7,4
12.02.2024;20:07:33;0;0;0;0;0;0;6,6;5,9;6,7
12.02.2024;22:07:34;0;0;0;0;0;0;5,4;4,6;5,2
13.02.2024;00:07:35;0;0;0;0;0;0;4,3;3,6;4,5
13.02.2024;02:07:35;0;0;0;0;0;0;4,7;4,1;4,8
13.02.2024;04:07:35;0;0;0;0;0;0;4,6;4,1;5,4
13.02.2024;06:07:36;0;0;0;0;0;0;4,7;4,3;5,2
13.02.2024;08:07:37;0;0;0;0;0;0;4,9;4,6;5,5
13.02.2024;10:07:37;0;0;0;0;0;0;6,6;6,8;6,2
13.02.2024;12:07:37;0;0;0;0;0;0;7,6;8,2;6,5
13.02.2024;14:07:38;0;0;0;0;0;0;9,1;10,9;10,5
13.02.2024;16:07:38;0;0;0;0;0;0;9;9,3;6,4
13.02.2024;18:07:38;0;0;0;0;0;0;5,2;4;2,1
13.02.2024;19:20:04;0;2;0;1;0;0;3,5;1,9;1,2
13.02.2024;21:20:05;0;2;0;1;0;0;1,5;0;1
13.02.2024;23:20:05;0;2;0;1;0;0;0;-1,5;-1,4
14.02.2024;01:20:06;0;2;0;1;0;0;-0,4;-1,6;-1,6
14.02.2024;03:20:06;0;2;0;1;0;0;-1,3;-2,5;-2,7
14.02.2024;05:20:07;0;2;0;1;0;0;-1,9;-3,2;-2,4
14.02.2024;07:20:08;0;2;0;1;0;0;-2,1;-3,1;-2,6
14.02.2024;08:21:07;4;2;1;1;1;1;-0,6;-0,2;3,7
14.02.2024;08:27:45;1;2;0;1;2;1;7,1;0;4,2
14.02.2024;08:47:30;4;2;1;1;1;1;2,9;1,4;5
14.02.2024;08:51:01;1;2;0;1;2;1;7,1;1,7;5,2
14.02.2024;09:04:47;0;2;0;1;0;0;5,6;3;6,7
14.02.2024;09:15:20;0;2;0;1;0;1;4,8;3,8;7,3
14.02.2024;09:17:46;0;0;0;0;0;1;4,8;4,1;7,2
14.02.2024;10:03:06;0;0;0;0;0;0;5,6;8,5;10,8
14.02.2024;12:03:06;0;0;0;0;0;0;11,1;17,2;11,7
14.02.2024;14:03:06;0;0;0;0;0;0;13,1;15,3;11,6
14.02.2024;16:03:06;0;0;0;0;0;0;11,8;12,2;10,1
14.02.2024;17:21:17;0;0;0;0;0;1;10,5;10,3;9,2
14.02.2024;17:43:33;0;0;0;0;0;0;10,2;9,8;8,9
14.02.2024;18:28:58;0;0;0;0;0;1;9,5;9,1;8,6
14.02.2024;20:28:58;0;0;0;0;0;1;8,5;7,7;7,6
14.02.2024;21:09:17;0;0;0;0;0;0;8,2;7,7;7,9
14.02.2024;23:09:17;0;0;0;0;0;0;8,1;7,8;8,2
15.02.2024;00:03:18;0;0;0;0;0;1;8,2;8;8,5
15.02.2024;00:20:31;0;0;0;0;0;0;8,2;8;8,4
15.02.2024;02:20:32;0;0;0;0;0;0;8,6;8,2;8,5
15.02.2024;04:20:32;0;0;0;0;0;0;8,3;8;8,3
15.02.2024;06:12:07;0;0;0;0;0;1;8,2;8;8,2
15.02.2024;06:52:03;0;0;0;0;0;0;7,9;7,6;7,9
15.02.2024;08:52:04;0;0;0;0;0;0;9;9,2;9,8
15.02.2024;10:52:04;0;0;0;0;0;0;11,6;12,2;11,6
15.02.2024;12:52:05;0;0;0;0;0;0;14,3;15,7;13,2
15.02.2024;14:52:05;0;0;0;0;0;0;16,1;18,2;15,7
15.02.2024;16:52:06;0;0;0;0;0;0;15;15,3;13
15.02.2024;18:52:06;0;0;0;0;0;0;12,1;11,5;10,3
15.02.2024;20:52:06;0;0;0;0;0;0;10,6;9,9;9,5
15.02.2024;22:52:07;0;0;0;0;0;0;9,6;9;9,3
16.02.2024;00:52:08;0;0;0;0;0;0;8,6;7,9;8,3
16.02.2024;02:52:08;0;0;0;0;0;0;7,3;6,7;6,7
16.02.2024;03:34:09;0;0;0;0;0;1;6,9;6,2;6,8
16.02.2024;05:34:09;0;0;0;0;0;1;5,9;5,2;6,1
16.02.2024;07:34:10;0;0;0;0;0;1;5,4;4,7;6,3
16.02.2024;07:45:30;0;0;0;0;0;0;5,6;4,9;7,3
16.02.2024;07:56:27;0;0;0;0;0;1;5,7;5,3;8,2
16.02.2024;08:31:17;0;0;0;0;0;0;6,4;7,6;11,1
16.02.2024;10:31:18;0;0;0;0;0;0;13,3;17,2;14,9
16.02.2024;12:31:18;0;0;0;0;0;0;17,8;24,6;18,4
16.02.2024;14:31:19;0;0;0;0;0;0;18,5;22,8;16
16.02.2024;16:31:19;0;0;0;0;0;0;15,3;15,4;13,4
16.02.2024;18:31:20;0;0;0;0;0;0;13,1;12,2;11,6
16.02.2024;20:31:20;0;0;0;0;0;0;11,7;11,2;11,1
16.02.2024;22:31:20;0;0;0;0;0;0;11,6;10,8;11,2
17.02.2024;00:31:21;0;0;0;0;0;0;11;10,4;11,6
17.02.2024;02:18:08;0;0;0;0;0;1;10,8;10,4;11,3
17.02.2024;04:18:08;0;0;0;0;0;1;9,3;9;8,9
17.02.2024;04:23:24;0;0;0;0;0;0;9,3;8,9;8,9
17.02.2024;04:27:48;0;0;0;0;0;1;9,3;8,9;8,8
17.02.2024;04:49:50;0;0;0;0;0;0;9,2;8,8;8,8
17.02.2024;06:44:28;0;0;0;0;0;1;9;8,8;8,8
17.02.2024;06:59:37;0;0;0;0;0;0;9;8,7;8,7
17.02.2024;08:59:37;0;0;0;0;0;0;9,6;9,4;9,6
17.02.2024;10:59:37;0;0;0;0;0;0;12,1;13,2;12,4
17.02.2024;12:59:38;0;0;0;0;0;0;12,5;13,4;12,3
17.02.2024;14:59:38;0;0;0;0;0;0;12,2;12,7;10,9
17.02.2024;16:59:39;0;0;0;0;0;0;10,9;10,7;10
17.02.2024;18:59:39;0;0;0;0;0;0;9,7;9,2;8,4
17.02.2024;20:59:39;0;0;0;0;0;0;8;7,4;6,8
17.02.2024;22:59:40;0;0;0;0;0;0;6,9;6,4;6,3
18.02.2024;00:59:40;0;0;0;0;0;0;6,4;6;5,9
18.02.2024;02:59:40;0;0;0;0;0;0;5,9;5,5;5,5
18.02.2024;04:59:41;0;0;0;0;0;0;5,2;4,6;4,2
18.02.2024;06:59:41;0;0;0;0;0;0;4,2;3,7;3,5
18.02.2024;08:59:42;0;0;0;0;0;0;5,7;5,9;6,3
18.02.2024;10:59:42;0;0;0;0;0;0;9,4;11,4;8,9
18.02.2024;12:59:42;0;0;0;0;0;0;13,2;18,5;9,6
18.02.2024;14:59:43;0;0;0;0;0;0;12,3;15,3;10,1
18.02.2024;16:59:43;0;0;0;0;0;0;9,4;9,3;6,6
18.02.2024;17:24:32;0;0;2;0;0;0;8,6;8,2;6,2
18.02.2024;17:24:34;0;0;2;2;0;0;8,6;8,2;6,2
18.02.2024;17:24:36;0;0;2;2;0;0;8,6;8,2;6,2
18.02.2024;17:24:46;0;0;0;0;0;0;8,6;8,2;6,2
18.02.2024;19:24:47;0;0;0;0;0;0;6,5;5,7;5,5
18.02.2024;21:24:47;0;0;0;0;0;0;5,2;4,5;4,6
18.02.2024;23:24:48;0;0;0;0;0;0;4,7;4,1;4,4
19.02.2024;01:24:48;0;0;0;0;0;0;4,3;3,8;4,1
19.02.2024;03:24:48;0;0;0;0;0;0;5,1;4,6;5,7
19.02.2024;05:24:49;0;0;0;0;0;0;5,3;5;5,6
19.02.2024;07:17:38;0;0;0;0;0;1;6;5,7;6,4
19.02.2024;07:32:47;0;0;0;0;0;0;6,1;5,9;6,7
19.02.2024;09:32:47;0;0;0;0;0;0;8,3;8,5;9,6
19.02.2024;11:32:48;0;0;0;0;0;0;8,7;9,1;8,5
19.02.2024;13:32:48;0;0;0;0;0;0;8,6;8,5;7,5
19.02.2024;13:45:59;0;0;0;0;0;1;8,5;8,3;7,3
19.02.2024;14:56:43;0;0;0;0;0;0;7,8;7,6;7,2
19.02.2024;16:56:43;0;0;0;0;0;0;7,1;6,9;7
19.02.2024;18:56:43;0;0;0;0;0;0;6,7;6,5;6,9
19.02.2024;20:56:43;0;0;0;0;0;0;6,6;6,3;7
19.02.2024;22:56:44;0;0;0;0;0;0;6,5;6,2;7,1
20.02.2024;00:56:44;0;0;0;0;0;0;6,9;6,5;6,9
20.02.2024;02:56:45;0;0;0;0;0;0;6,6;6,3;6,3
20.02.2024;04:56:46;0;0;0;0;0;0;6,9;6,6;6,9
20.02.2024;06:56:46;0;0;0;0;0;0;7,1;6,9;7,1
20.02.2024;08:56:47;0;0;0;0;0;0;7,8;7,8;8,1
20.02.2024;10:56:53;0;0;0;0;0;0;8,8;9;8,8
20.02.2024;12:56:53;0;0;0;0;0;0;10,5;11,9;9,8
20.02.2024;14:56:54;0;0;0;0;0;0;9;9,3;8,5
20.02.2024;16:56:54;0;0;0;0;0;0;7,4;7;6,3
20.02.2024;18:56:54;0;0;0;0;0;0;5,9;5,3;5,4
20.02.2024;20:56:55;0;0;0;0;0;0;5,8;5,2;5,8
20.02.2024;22:56:55;0;0;0;0;0;0;5,7;5,3;5,6
21.02.2024;00:56:56;0;0;0;0;0;0;5,6;5,3;5,9
21.02.2024;02:56:57;0;0;0;0;0;0;5,6;5,3;5,8
21.02.2024;04:56:58;0;0;0;0;0;0;5,3;5;5,6
21.02.2024;06:56:58;0;0;0;0;0;0;5,6;5,1;5,9
21.02.2024;08:56:59;0;0;0;0;0;0;6,6;6,5;6,7
21.02.2024;10:56:59;0;0;0;0;0;0;8,3;8,3;8,2
21.02.2024;12:37:41;0;0;2;2;0;0;9,1;9,4;9,7
21.02.2024;12:52:57;0;0;0;0;0;0;23,8;9,6;9,5
21.02.2024;14:52:58;0;0;0;0;0;0;10,8;10,3;10,2
21.02.2024;16:52:58;0;0;0;0;0;0;10,1;9,8;9,4
21.02.2024;18:52:58;0;0;0;0;0;0;8;6,8;6,6
21.02.2024;20:52:59;0;0;0;0;0;0;5,8;4,6;5,5
21.02.2024;22:52:59;0;0;0;0;0;0;5,3;4,2;5,1
22.02.2024;00:52:59;0;0;0;0;0;0;6,1;5,4;6,8
22.02.2024;02:52:59;0;0;0;0;0;0;6;5,4;6,8
22.02.2024;04:52:59;0;0;0;0;0;0;6,6;6,2;8
22.02.2024;06:53:00;0;0;0;0;0;0;7,4;7,1;8,2
22.02.2024;08:53:01;0;0;0;0;0;0;9,1;9,4;9,4
22.02.2024;10:53:01;0;0;0;0;0;0;9,1;8,7;8,3
22.02.2024;11:31:51;0;0;0;0;0;1;9;8,7;8,2
22.02.2024;11:47:11;0;0;0;0;0;0;8,9;8,6;8,1
22.02.2024;13:47:12;0;0;0;0;0;0;9,9;9,6;9,5
22.02.2024;15:47:12;0;0;0;0;0;0;10;10,1;9,5
22.02.2024;17:47:13;0;0;0;0;0;0;9,1;8,9;9
22.02.2024;19:47:13;0;0;0;0;0;0;9;8,7;9,1
22.02.2024;21:47:13;0;0;0;0;0;0;9,6;9,2;10
22.02.2024;23:47:14;0;0;0;0;0;0;8,8;8,3;8,7
23.02.2024;01:47:15;0;0;0;0;0;0;9;8,6;9,7
23.02.2024;03:47:15;0;0;0;0;0;0;9;8,5;9,6
23.02.2024;05:47:16;0;0;0;0;0;0;8,9;8,5;9,8
23.02.2024;07:47:17;0;0;0;0;0;0;9,4;9,1;10,6
23.02.2024;09:23:06;0;0;0;0;0;0;10,6;11;12
23.02.2024;11:23:06;0;0;0;0;0;0;12,2;13;12
23.02.2024;13:23:07;0;0;0;0;0;0;13,2;13,9;11,5
23.02.2024;15:23:07;0;0;0;0;0;0;10,3;9,9;9,5
23.02.2024;17:23:07;0;0;0;0;0;0;8,8;8,5;8,2
23.02.2024;19:23:08;0;0;0;0;0;0;7,6;7,3;7,3
23.02.2024;21:23:09;0;0;0;0;0;0;6,7;6,3;5,7
23.02.2024;23:23:09;0;0;0;0;0;0;6,2;6;5,6
24.02.2024;01:23:10;0;0;0;0;0;0;6;5,8;5,4
24.02.2024;03:23:10;0;0;0;0;0;0;5,8;5,5;5,1
24.02.2024;05:23:10;0;0;0;0;0;0;4,9;4,6;4
24.02.2024;07:23:11;0;0;0;0;0;0;4,3;3,9;3,9
24.02.2024;09:23:11;0;0;0;0;0;0;6,9;9,4;12,3
24.02.2024;11:23:12;0;0;0;0;0;0;12;20,3;14,5
24.02.2024;13:23:12;0;0;0;0;0;0;15,4;23,1;14,7
24.02.2024;15:23:13;0;0;0;0;0;0;15,3;21,3;13,9
24.02.2024;17:23:14;0;0;0;0;0;0;11,6;12;8,4
24.02.2024;19:23:14;0;0;0;0;0;0;8,4;7,3;7,1
24.02.2024;21:23:15;0;0;0;0;0;0;6,5;5,3;5,9
24.02.2024;23:23:15;0;0;0;0;0;0;4,5;3,3;2,1
25.02.2024;01:23:15;0;0;0;0;0;0;3,2;2;3
25.02.2024;01:25:24;0;2;0;1;0;0;3,1;1,9;2,8
25.02.2024;03:25:24;0;2;0;1;0;0;1,8;0,5;0
25.02.2024;04:58:46;0;0;0;0;0;0;1;25,5;0,6
25.02.2024;04:58:47;0;2;0;1;0;0;1;0;0,6
25.02.2024;06:58:47;0;2;0;1;0;0;1,3;0,7;1,9
25.02.2024;08:12:40;0;0;0;0;0;0;3,1;4,1;8,1
25.02.2024;10:12:41;0;0;0;0;0;0;9;15;15,8
25.02.2024;12:12:41;0;0;0;0;0;0;15,5;21,1;14,9
25.02.2024;14:12:42;0;0;0;0;0;0;15,5;17,4;13,3
25.02.2024;16:12:42;0;0;0;0;0;0;14;14,3;11,2
25.02.2024;18:12:43;0;0;0;0;0;0;10,7;9,8;6,8
25.02.2024;20:12:44;0;0;0;0;0;0;7,3;6;5,8
25.02.2024;22:12:44;0;0;0;0;0;0;5,7;4,3;5,8
26.02.2024;00:12:45;0;0;0;0;0;0;4,5;3,1;2,6
26.02.2024;00:59:52;0;2;0;1;0;0;3,3;1,9;1,1
26.02.2024;02:59:53;0;2;0;1;0;0;1,5;0;0,6
26.02.2024;04:59:53;0;2;0;1;0;0;0,1;-1;-0,5
26.02.2024;06:59:53;0;2;0;1;0;0;-0,5;-1,4;-0,7
26.02.2024;08:31:08;0;0;0;0;0;0;2,6;4,1;9,2
26.02.2024;10:31:08;0;0;0;0;0;0;11,2;17,8;15,7
26.02.2024;12:31:09;0;0;0;0;0;0;16,6;22,7;16,8
26.02.2024;14:31:09;0;0;0;0;0;0;18,3;22,1;15,4
26.02.2024;16:31:10;0;0;0;0;0;0;15,6;15,6;13
26.02.2024;18:31:10;0;0;0;0;0;0;13,4;12,7;12,1
26.02.2024;20:31:10;0;0;0;0;0;0;11,4;10,8;9,6
26.02.2024;22:31:11;0;0;0;0;0;0;9,2;8,4;6,6
27.02.2024;00:31:11;0;0;0;0;0;0;7,8;6,6;5,8
27.02.2024;02:31:11;0;0;0;0;0;0;5,3;3,9;3,2
27.02.2024;04:31:12;0;0;0;0;0;0;3,4;2,1;1,6
27.02.2024;04:50:41;0;2;0;1;0;0;3,2;1,9;1,4
27.02.2024;06:50:42;0;2;0;1;0;0;2,4;1,1;1,2
27.02.2024;08:07:28;0;0;0;0;0;0;3,9;4,1;7,5
27.02.2024;10:07:28;0;0;0;0;0;0;6,5;7,2;4,7
27.02.2024;12:07:28;0;0;0;0;0;0;8,8;9,8;7,3
27.02.2024;14:07:28;0;0;0;0;0;0;12,2;14,9;10,3
27.02.2024;16:07:29;0;0;0;0;0;0;10,8;11,4;7,6
27.02.2024;18:07:29;0;0;0;0;0;0;8,6;8,3;6,6
27.02.2024;20:07:30;0;0;0;0;0;0;7,6;7,3;6,6
27.02.2024;22:07:30;0;0;0;0;0;0;7;6,6;6,3
28.02.2024;00:07:31;0;0;0;0;0;0;6,9;6,7;6,6
28.02.2024;02:07:32;0;0;0;0;0;0;7;6,7;6,7
28.02.2024;04:07:32;0;0;0;0;0;0;6,9;6,7;6,6
28.02.2024;06:07:33;0;0;0;0;0;0;6,9;6,6;6,5
28.02.2024;07:21:32;0;0;0;0;0;1;6,9;6,7;6,7
28.02.2024;07:36:36;0;0;0;0;0;0;7;6,8;6,8
28.02.2024;08:25:02;0;0;0;0;0;1;7,5;7,5;7,5
28.02.2024;08:40:10;0;0;0;0;0;0;7,9;7,9;7,6
28.02.2024;09:34:54;0;0;0;2;0;0;8,1;8,2;7,6
28.02.2024;09:35:54;0;0;0;0;0;0;8,1;8,2;7,6
28.02.2024;10:02:06;0;0;3;0;0;0;8,1;8,2;7,5
28.02.2024;10:02:12;0;0;0;0;0;0;8,1;8,2;7,6
28.02.2024;10:18:32;0;0;0;0;0;0;8,2;8,3;7,6
28.02.2024;10:22:08;0;0;0;0;0;0;8,2;8,3;7,6
28.02.2024;10:22:09;0;0;0;0;0;0;8,2;8,3;7,6
28.02.2024;10:28:30;0;0;0;0;0;1;8,3;8,3;0
28.02.2024;10:29:14;0;0;0;0;0;1;8,3;8,3;0
28.02.2024;10:29:20;0;0;0;0;0;1;8,3;8,3;7,7
28.02.2024;10:29:28;0;0;0;0;0;1;8,3;8,3;7,7
28.02.2024;10:41:25;0;0;0;0;0;1;8,2;8,3;7,1
28.02.2024;10:45:15;0;0;0;0;0;0;8,2;8,3;7,1
28.02.2024;11:02:50;0;0;0;0;0;1;8,2;8,2;7,3
28.02.2024;11:09:58;0;2;0;1;0;1;8,2;8,1;7,4
28.02.2024;11:14:46;3;2;1;1;0;1;8,2;8,2;1
28.02.2024;11:16:45;0;2;0;1;0;1;8,1;8,2;7,3
28.02.2024;11:17:10;0;2;0;1;0;0;8,1;8,1;7,3
28.02.2024;11:19:23;0;0;0;0;0;0;8,7;8,1;7,2
28.02.2024;11:22:45;0;0;2;2;0;0;8,5;8,1;7,1
28.02.2024;11:22:56;0;0;0;0;0;0;8,5;8,1;7,2
28.02.2024;11:23:59;0;0;2;0;0;0;8,6;8,1;7,2
28.02.2024;11:24:06;0;0;2;2;0;0;8,7;8,1;7,2
28.02.2024;11:24:16;0;0;2;2;0;0;8,7;8,1;7,2
28.02.2024;11:25:44;0;0;0;0;0;0;10;8,1;7,2
28.02.2024;11:32:40;0;0;2;2;0;0;10,3;8,1;7,1
28.02.2024;11:33:04;0;0;0;0;0;0;10,2;8,1;7,1
28.02.2024;11:40:47;0;0;0;0;0;1;9,8;8,1;7,1
28.02.2024;11:44:18;0;0;0;0;0;0;9,4;8;6,9
28.02.2024;13:16:46;0;0;0;0;0;1;7,8;7,6;6,7
28.02.2024;13:31:52;0;0;0;0;0;0;7,6;7,4;6,5
28.02.2024;13:43:32;0;0;0;0;0;1;7,5;7,3;6,4
28.02.2024;13:58:37;0;0;0;0;0;0;7,4;7,2;6,3
28.02.2024;15:58:37;0;0;0;0;0;0;6,5;6,4;5,7
28.02.2024;17:58:38;0;0;0;0;0;0;6;5,7;5,1
28.02.2024;19:58:38;0;0;0;0;0;0;5,6;5,3;5
28.02.2024;21:58:39;0;0;0;0;0;0;5,3;5;4,7
28.02.2024;23:58:39;0;0;0;0;0;0;5;4,7;4,5
29.02.2024;01:58:40;0;0;0;0;0;0;4,8;4,4;4,2
29.02.2024;03:58:40;0;0;0;0;0;0;4,9;4,5;4,2
29.02.2024;05:58:41;0;0;0;0;0;0;5,1;4,7;4,4
29.02.2024;07:58:41;0;0;0;0;0;0;5,3;5,2;5,1
29.02.2024;09:58:41;0;0;0;0;0;0;6,8;7;6,7
29.02.2024;11:58:42;0;0;0;0;0;0;9;9,9;8,7
29.02.2024;13:58:43;0;0;0;0;0;0;10;10,7;9,1
29.02.2024;15:58:43;0;0;0;0;0;0;10,4;10,8;9,5
29.02.2024;17:58:43;0;0;0;0;0;0;9,8;9,7;9,2
29.02.2024;19:58:44;0;0;0;0;0;0;7,7;7;7
29.02.2024;21:58:44;0;0;0;0;0;0;6,8;6,3;6,9
29.02.2024;23:58:45;0;0;0;0;0;0;7,5;7,3;7,4
01.03.2024;01:58:46;0;0;0;0;0;0;7,6;7,1;7,3
01.03.2024;03:58:46;0;0;0;0;0;0;6,9;6,2;6,5
01.03.2024;05:58:47;0;0;0;0;0;0;6,3;5,6;6,3
01.03.2024;07:58:48;0;0;0;0;0;0;6,4;6,1;6,9
01.03.2024;09:58:48;0;0;0;0;0;0;9,4;10,1;11,2
01.03.2024;11:58:49;0;0;0;0;0;0;12,9;14,1;12,5
01.03.2024;13:58:49;0;0;0;0;0;0;16,6;20,4;17,6
01.03.2024;15:58:50;0;0;0;0;0;0;17,6;19,1;15,8
01.03.2024;17:58:51;0;0;0;0;0;0;14,1;13,5;11,6
01.03.2024;19:58:52;0;0;0;0;0;0;11;10,4;10,2
01.03.2024;21:58:52;0;0;0;0;0;0;10,3;10;10,1
01.03.2024;23:58:52;0;0;0;0;0;0;10,4;9,9;9,9
02.03.2024;01:58:53;0;0;0;0;0;0;9,3;8,7;9,4
02.03.2024;03:58:53;0;0;0;0;0;0;8,7;8,2;8,6
02.03.2024;05:58:54;0;0;0;0;0;0;8,8;8,2;8,7
02.03.2024;07:58:54;0;0;0;0;0;0;8,5;8,3;9
02.03.2024;09:58:54;0;0;0;0;0;0;13,1;15,9;15
02.03.2024;11:58:55;0;0;0;0;0;0;16;17,8;14,6
02.03.2024;13:58:56;0;0;0;0;0;0;17,3;18,7;15,9
02.03.2024;15:58:56;0;0;0;0;0;0;16,1;16,2;13,7
02.03.2024;17:58:57;0;0;0;0;0;0;13,9;13,2;12,4
02.03.2024;19:58:57;0;0;0;0;0;0;11,3;10,4;10,4
02.03.2024;21:58:58;0;0;0;0;0;0;10,1;9,3;9,8
02.03.2024;23:57:21;0;0;0;0;0;0;9,7;9,3;10
03.03.2024;01:57:21;0;0;0;0;0;0;9,7;9,3;9,8
03.03.2024;03:57:22;0;0;0;0;0;0;8,2;7,5;8,2
03.03.2024;05:57:22;0;0;0;0;0;0;7,5;6,7;7,4
03.03.2024;07:57:23;0;0;0;0;0;0;8,3;8,5;10,5
03.03.2024;09:57:23;0;0;0;0;0;0;12,8;16,3;16,2
03.03.2024;11:57:23;0;0;0;0;0;0;17,4;20,7;17,6
03.03.2024;13:57:24;0;0;0;0;0;0;18,6;20,3;15,9
03.03.2024;15:57:25;0;0;0;0;0;0;17,6;18,1;15,3
03.03.2024;17:57:25;0;0;0;0;0;0;14,9;14,6;13,3
03.03.2024;19:57:26;0;0;0;0;0;0;12,8;12,1;11,8
03.03.2024;21:57:27;0;0;0;0;0;0;11,7;11;11,3
03.03.2024;23:57:27;0;0;0;0;0;0;9,8;9;9,3
04.03.2024;01:57:27;0;0;0;0;0;0;7,9;6,7;6
04.03.2024;03:57:28;0;0;0;0;0;0;6,5;5,3;6,2
04.03.2024;05:57:28;0;0;0;0;0;0;5,3;4,5;5,4
04.03.2024;07:57:29;0;0;0;0;0;0;6;6,3;10,2
04.03.2024;09:57:29;0;0;0;0;0;0;11,6;17;17,6
04.03.2024;11:57:30;0;0;0;0;0;0;18;27,8;21,2
04.03.2024;13:57:30;0;0;0;0;0;0;20,2;24,9;16,7
04.03.2024;15:57:31;0;0;0;0;0;0;14,6;15;10,7
04.03.2024;17:57:32;0;0;0;0;0;0;10,5;10;8,3
04.03.2024;19:57:32;0;0;0;0;0;0;9;8,5;7,8
04.03.2024;21:57:33;0;0;0;0;0;0;8,2;7,8;7,3
04.03.2024;23:57:34;0;0;0;0;0;0;7,2;6,8;6,2
05.03.2024;01:57:34;0;0;0;0;0;0;6,5;6,1;5,5
05.03.2024;03:57:35;0;0;0;0;0;0;5,8;5,6;5
05.03.2024;05:57:35;0;0;0;0;0;0;5,2;4,9;4,6
05.03.2024;07:57:35;0;0;0;0;0;0;4,8;4,6;4,3
05.03.2024;09:57:36;0;0;0;0;0;0;7,2;8;8
05.03.2024;11:57:36;0;0;0;0;0;0;10,2;11,5;7,2
05.03.2024;13:57:37;0;0;0;0;0;0;8,4;8,4;6,3
05.03.2024;15:57:37;0;0;0;0;0;0;8,6;8,9;7,1
05.03.2024;17:57:38;0;0;0;0;0;0;7,5;6,8;5,4
05.03.2024;19:57:38;0;0;0;0;0;0;5,2;4;2,2
05.03.2024;21:57:39;0;0;0;0;0;0;4,7;3,9;4,3
05.03.2024;23:57:39;0;0;0;0;0;0;4,8;4,4;4,7
06.03.2024;01:57:40;0;0;0;0;0;0;4,8;4,3;4,4
06.03.2024;03:57:41;0;0;0;0;0;0;3,3;2,5;0,9
06.03.2024;04:22:13;0;2;0;1;0;0;3,1;1,9;0,2
06.03.2024;06:22:13;0;2;0;1;0;0;0,5;-0,8;-1,9
06.03.2024;08:22:14;0;2;0;1;0;0;2,4;3,1;5,5
06.03.2024;08:35:04;0;0;0;0;0;0;3;4,1;7,2
06.03.2024;10:35:44;0;0;0;0;0;0;10,3;16,4;15
06.03.2024;12:35:45;0;0;0;0;0;0;11,6;13,5;7,6
06.03.2024;14:35:45;0;0;0;0;0;0;10,4;11,2;5,9
06.03.2024;16:35:46;0;0;0;0;0;0;6,5;6,1;4,1
06.03.2024;18:35:47;0;0;0;0;0;0;5,2;4,7;4,2
06.03.2024;20:35:47;0;0;0;0;0;0;5,1;4,8;4,9
06.03.2024;22:35:47;0;0;0;0;0;0;4,9;4,3;4,3
07.03.2024;00:35:47;0;0;0;0;0;0;3,8;3,2;3,1
07.03.2024;02:35:48;0;0;0;0;0;0;2,9;2,4;2,6
07.03.2024;04:17:31;0;2;0;1;0;0;2,4;1,9;2,1
07.03.2024;06:17:32;0;2;0;1;0;0;2,1;1,7;2,2
07.03.2024;08:17:32;0;2;0;1;0;0;3;3,1;3
07.03.2024;08:57:19;0;0;0;0;0;0;3,7;4,1;3,9
07.03.2024;10:57:20;0;0;0;0;0;0;5;5,4;3,8
07.03.2024;12:57:20;0;0;0;0;0;0;8,9;10,6;7,1
07.03.2024;14:57:21;0;0;0;0;0;0;8,2;8,7;5,6
07.03.2024;16:57:21;0;0;0;0;0;0;6,5;6,3;4,9
07.03.2024;18:57:22;0;0;0;0;0;0;5,2;4,7;4,3
07.03.2024;20:57:22;0;0;0;0;0;0;4,7;4,1;3,9
07.03.2024;22:54:40;0;2;0;1;0;0;2,8;1,9;1,6
08.03.2024;00:54:41;0;2;0;1;0;0;0,5;-0,6;-0,2
08.03.2024;02:54:41;0;2;0;1;0;0;-0,4;-2;-1,8
08.03.2024;04:54:41;0;2;0;1;0;0;-1,6;-3,1;-2,4
08.03.2024;06:54:41;0;2;0;1;0;0;-2,3;-3,3;-1,9
08.03.2024;08:54:42;0;2;0;1;0;0;1,4;3,7;5
08.03.2024;08:58:30;0;0;0;0;0;0;1,6;4,1;5,9
08.03.2024;10:58:32;0;0;0;0;0;0;8,9;16,5;12,2
08.03.2024;12:58:33;0;0;0;0;0;0;14,1;23,7;13
08.03.2024;14:58:33;0;0;0;0;0;0;15,4;23;13,7
08.03.2024;16:58:33;0;0;0;0;0;0;12,2;14,5;9,1
08.03.2024;18:58:33;0;0;0;0;0;0;7,3;5,9;4,1
08.03.2024;20:58:33;0;0;0;0;0;0;4,2;2,7;2,9
08.03.2024;21:50:44;0;2;0;1;0;0;3,3;1,9;1,7
08.03.2024;23:50:45;0;2;0;1;0;0;1,8;0,8;1,2
09.03.2024;01:50:45;0;2;0;1;0;0;0,8;0;0,9
09.03.2024;03:50:46;0;2;0;1;0;0;-0,6;-1,6;-1,1
09.03.2024;05:50:46;0;2;0;1;0;0;-1,1;-2;-1,2
09.03.2024;07:50:47;0;2;0;1;0;0;0,5;0,5;3,1
09.03.2024;08:36:15;0;0;0;0;0;0;2,4;4,1;7,8
09.03.2024;10:36:16;0;0;0;0;0;0;11,1;16,9;12,7
09.03.2024;12:36:16;0;0;0;0;0;0;15,9;20,9;13,8
09.03.2024;14:36:16;0;0;0;0;0;0;13,5;14;11,1
09.03.2024;16:36:17;0;0;0;0;0;0;12,3;12,1;10,4
09.03.2024;18:36:17;0;0;0;0;0;0;10,4;10;9,7
09.03.2024;20:36:18;0;0;0;0;0;0;9,6;9,3;9,3
09.03.2024;22:36:18;0;0;0;0;0;0;9;8,7;8,7
10.03.2024;00:36:19;0;0;0;0;0;0;8,9;8,5;8,6
10.03.2024;02:36:19;0;0;0;0;0;0;8,4;8,1;8,3
10.03.2024;04:36:19;0;0;0;0;0;0;7,9;7,6;8,3
10.03.2024;06:36:20;0;0;0;0;0;0;8,2;8;8,7
10.03.2024;08:36:21;0;0;0;0;0;0;9,9;10,1;10,4
10.03.2024;10:36:22;0;0;0;0;0;0;12,3;12,9;11,4
10.03.2024;12:36:22;0;0;0;0;0;0;15,1;16;13
10.03.2024;14:36:23;0;0;0;0;0;0;16,2;16,8;14,5
10.03.2024;16:36:23;0;0;0;0;0;0;13,2;12,9;11,6
10.03.2024;18:36:24;0;0;0;0;0;0;11,1;10,8;11
10.03.2024;20:36:25;0;0;0;0;0;0;10,5;10,3;11
10.03.2024;22:36:26;0;0;0;0;0;0;9,5;9,1;8,8
10.03.2024;22:46:01;0;0;0;0;0;1;9,3;8,9;8,7
10.03.2024;23:01:18;0;0;0;0;0;0;9,1;8,7;8,5
11.03.2024;01:01:18;0;0;0;0;0;0;9,1;8,5;9,5
11.03.2024;03:01:19;0;0;0;0;0;0;8,9;8,5;9
11.03.2024;05:01:19;0;0;0;0;0;0;8,6;8,3;9,3
11.03.2024;07:01:20;0;0;0;0;0;0;9,1;9;9,6
11.03.2024;09:01:21;0;0;0;0;0;0;11;11,5;11,3
11.03.2024;11:01:21;0;0;0;0;0;0;16,3;18,3;15,6
11.03.2024;13:01:22;0;0;0;0;0;0;19,3;21;16,9
11.03.2024;15:01:22;0;0;0;0;0;0;19;20,8;18,7
11.03.2024;17:01:23;0;0;0;0;0;0;18,1;18,8;15,5
11.03.2024;19:01:23;0;0;0;0;0;0;14,5;14;12,2
11.03.2024;21:01:23;0;0;0;0;0;0;12,5;11,8;10,8
11.03.2024;23:01:24;0;0;0;0;0;0;11,2;10,6;9,7
12.03.2024;01:01:25;0;0;0;0;0;0;10,3;9,8;9,4
12.03.2024;03:01:25;0;0;0;0;0;0;9,5;9,1;9
12.03.2024;05:01:25;0;0;0;0;0;0;8,9;8,6;8,3
12.03.2024;05:14:48;0;0;0;0;0;1;8,8;8,5;8,1
12.03.2024;05:33:29;0;0;0;0;0;0;8,6;8,3;7,9
12.03.2024;07:07:23;0;0;0;0;0;1;8,1;7,9;7,5
12.03.2024;07:22:27;0;0;0;0;0;0;8,1;7,9;7,5
12.03.2024;09:22:27;0;0;0;0;0;0;8,2;8,2;7,9
12.03.2024;11:22:28;0;0;0;0;0;0;9,2;9,4;8,8
12.03.2024;12:12:42;0;0;0;0;0;1;9,6;9,9;9,7
12.03.2024;12:27:53;0;0;0;0;0;0;9,8;10,1;9,8
12.03.2024;14:27:53;0;0;0;0;0;0;12,1;13;12,3
12.03.2024;16:27:54;0;0;0;0;0;0;12,1;12,5;11,3
12.03.2024;18:27:54;0;0;0;0;0;0;10,5;10,2;9
12.03.2024;20:27:55;0;0;0;0;0;0;8,9;8,1;7,5
12.03.2024;22:27:55;0;0;0;0;0;0;8,5;7,9;8,2
13.03.2024;00:27:55;0;0;0;0;0;0;8,2;7,9;8,6
13.03.2024;02:27:55;0;0;0;0;0;0;7,6;7;7,2
13.03.2024;04:27:56;0;0;0;0;0;0;7,1;6,6;6,9
13.03.2024;06:27:57;0;0;0;0;0;0;6,8;6,5;6,5
13.03.2024;08:27:57;0;0;0;0;0;0;7,5;7,6;7,9
13.03.2024;10:27:57;0;0;0;0;0;0;11,8;13,5;12,9
13.03.2024;12:27:58;0;0;0;0;0;0;18,1;23;17,1
13.03.2024;14:27:58;0;0;0;0;0;0;15,8;16,5;12,2
13.03.2024;16:27:58;0;0;0;0;0;0;15,1;15,3;12,6
13.03.2024;18:27:59;0;0;0;0;0;0;12,6;11,9;10,3
13.03.2024;20:27:59;0;0;0;0;0;0;11,1;10,4;10
13.03.2024;22:28:00;0;0;0;0;0;0;9,8;9;8,6
14.03.2024;00:28:01;0;0;0;0;0;0;8,2;7,3;6,8
14.03.2024;02:28:01;0;0;0;0;0;0;7,4;6,6;6,8
14.03.2024;04:28:02;0;0;0;0;0;0;7,3;6,7;7,5
14.03.2024;06:28:02;0;0;0;0;0;0;7;6,5;6,3
14.03.2024;08:28:03;0;0;0;0;0;0;8,8;10;14
14.03.2024;10:28:04;0;0;0;0;0;0;16,1;23,3;21,4
14.03.2024;12:28:04;0;0;0;0;0;0;20,9;25,4;17,9
14.03.2024;14:28:04;0;0;0;0;0;0;20,1;21,4;16,1
14.03.2024;16:28:05;0;0;0;0;0;0;18,2;18,2;14,2
14.03.2024;18:28:05;0;0;0;0;0;0;15,3;14,5;12,9
14.03.2024;20:28:06;0;0;0;0;0;0;13,1;12,4;11,8
14.03.2024;22:28:06;0;0;0;0;0;0;12;11,5;11,3
15.03.2024;00:28:07;0;0;0;0;0;0;11,3;11,1;10,4
15.03.2024;02:28:07;0;0;0;0;0;0;10,4;10,1;9,6
15.03.2024;04:28:07;0;0;0;0;0;0;9,6;9,2;8,9
15.03.2024;06:28:08;0;0;0;0;0;0;9,1;8,7;8,6
15.03.2024;08:28:08;0;0;0;0;0;0;11,1;11,7;10,9
15.03.2024;10:28:09;0;0;0;0;0;0;16,4;20,5;16,7
15.03.2024;12:28:09;0;0;0;0;0;0;21,9;27,2;19,5
15.03.2024;14:28:10;0;0;0;0;0;0;23,6;27,7;21,4
15.03.2024;16:28:10;0;0;0;0;0;0;21,6;22,2;17,8
15.03.2024;18:28:11;0;0;0;0;0;0;17,4;16,5;15
15.03.2024;20:28:12;0;0;0;0;0;0;14,5;13,5;13,2
15.03.2024;22:28:12;0;0;0;0;0;0;13,3;12,5;12,7
16.03.2024;00:28:12;0;0;0;0;0;0;12,4;11,9;11,6
16.03.2024;02:28:13;0;0;0;0;0;0;11,3;10,6;10,4
16.03.2024;04:28:13;0;0;0;0;0;0;10,3;9,6;10,5
16.03.2024;06:28:14;0;0;0;0;0;0;8,9;8,2;9,6
16.03.2024;08:28:14;0;0;0;0;0;0;12;13;16,6
16.03.2024;10:28:15;0;0;0;0;0;0;17,6;19,8;17,1
16.03.2024;12:28:15;0;0;0;0;0;0;22,5;29,1;22,7
16.03.2024;14:00:17;0;2;0;1;0;0;22,7;22,4;18,5
16.03.2024;14:00:18;0;0;0;0;0;0;22,7;25,5;18,6
16.03.2024;14:05:35;0;0;0;0;0;1;22,1;24,6;17,2
16.03.2024;14:22:02;0;0;0;0;0;0;19,7;20,7;13,7
16.03.2024;16:22:02;0;0;0;0;0;0;16,6;16,4;12,4
16.03.2024;18:22:03;0;0;0;0;0;0;13,4;12,7;11,3
16.03.2024;19:28:05;0;0;0;0;0;1;11,5;10,8;9,7
16.03.2024;19:43:18;0;0;0;0;0;0;11,2;10,3;9,7
16.03.2024;21:43:19;0;0;0;0;0;0;9,3;8,8;8,2
16.03.2024;23:43:19;0;0;0;0;0;0;7,5;6,6;6
17.03.2024;01:43:20;0;0;0;0;0;0;5,4;4,3;4,2
17.03.2024;03:43:20;0;0;0;0;0;0;3,5;2,4;3
17.03.2024;04:18:01;0;2;0;1;0;0;3;1,9;2,5
17.03.2024;06:18:01;0;2;0;1;0;0;1,9;0,8;2
17.03.2024;07:43:06;0;0;0;0;0;0;3,8;4,1;9,7
17.03.2024;09:43:07;0;0;0;0;0;0;9,3;11,6;9
17.03.2024;11:43:08;0;0;0;0;0;0;15;21,2;14,3
17.03.2024;13:43:08;0;0;0;0;0;0;15,7;20,1;10,2
17.03.2024;15:43:09;0;0;0;0;0;0;14,1;18,8;12,7
17.03.2024;17:43:09;0;0;0;0;0;0;10,3;10,4;6,4
17.03.2024;19:43:10;0;0;0;0;0;0;6,6;5,9;4,6
17.03.2024;21:43:10;0;0;0;0;0;0;4,9;4,2;3,6
17.03.2024;23:43:11;0;0;0;0;0;0;4,1;3,5;3,2
18.03.2024;01:43:12;0;0;0;0;0;0;2,9;2,4;1,9
18.03.2024;02:23:37;0;2;0;1;0;0;2,5;1,9;1,6
18.03.2024;04:23:38;0;2;0;1;0;0;1,7;1,1;0,4
18.03.2024;06:23:38;0;2;0;1;0;0;-0,4;-1,9;-3
18.03.2024;08:23:39;0;2;0;1;0;0;2,8;3,2;3,8
18.03.2024;08:43:05;0;0;0;0;0;0;3,4;4,1;3,9
18.03.2024;10:43:05;0;0;0;0;0;0;7,9;10,3;5,7
18.03.2024;12:43:06;0;0;0;0;0;0;9,4;11,2;6
18.03.2024;14:43:06;0;0;0;0;0;0;8,8;9,6;5,3
18.03.2024;16:43:07;0;0;0;0;0;0;7,1;6,9;3,7
18.03.2024;18:43:08;0;0;0;0;0;0;4,3;3,4;1,6
18.03.2024;20:43:09;0;0;0;0;0;0;3,3;2,5;2
18.03.2024;22:43:09;0;0;0;0;0;0;2,7;2,1;2,1
19.03.2024;00:43:09;0;0;0;0;0;0;2,9;2,2;2
19.03.2024;01:17:41;0;2;0;1;0;0;2,6;1,9;1,9
19.03.2024;03:17:41;0;2;0;1;0;0;2,3;1,6;1
19.03.2024;05:17:42;0;2;0;1;0;0;2,3;1,5;1,5
19.03.2024;07:17:43;0;2;0;1;0;0;2,1;1,8;2,6
19.03.2024;08:06:35;0;0;0;0;0;0;3,4;4,1;5,9
19.03.2024;10:06:35;0;0;0;0;0;0;8,8;11,3;7,5
19.03.2024;12:06:36;0;0;0;0;0;0;12,5;14,9;8,8
19.03.2024;14:06:36;0;0;0;0;0;0;12,5;13,7;8,7
19.03.2024;16:06:37;0;0;0;0;0;0;12,7;16,4;9,7
19.03.2024;18:06:37;0;0;0;0;0;0;9,3;9,2;4,6
19.03.2024;20:06:37;0;0;0;0;0;0;5,5;4,1;2,9
19.03.2024;21:30:46;0;2;0;1;0;0;3,5;1,9;0,9
19.03.2024;23:30:46;0;2;0;1;0;0;1,6;0,2;0,8
20.03.2024;01:30:46;0;2;0;1;0;0;0,9;-0,2;0,5
20.03.2024;03:05:37;0;2;0;1;0;0;0,1;-0,8;2
20.03.2024;03:05:38;0;2;0;1;0;0;0,1;-0,8;0
20.03.2024;03:07:36;0;2;0;1;0;0;0,1;-0,8;2
20.03.2024;03:07:37;0;2;0;1;0;0;0,1;-0,8;-0,1
20.03.2024;05:07:38;0;2;0;1;0;0;-0,6;-1,6;-0,7
20.03.2024;07:07:38;0;2;0;1;0;0;-0,4;-1,1;2,1
20.03.2024;08:14:35;0;0;0;0;0;0;2,8;4,1;9,3
20.03.2024;10:14:36;0;0;0;0;0;0;10,7;15,2;14,4
20.03.2024;12:14:36;0;0;0;0;0;0;18,5;27,4;19,7
20.03.2024;14:14:37;0;0;0;0;0;0;21,8;29,1;20,2
20.03.2024;16:14:38;0;0;0;0;0;0;20,4;23,7;16,3
20.03.2024;18:14:38;0;0;0;0;0;0;16;15,3;9,9
20.03.2024;20:14:38;0;0;0;0;0;0;10,7;9,2;5,5
20.03.2024;22:14:39;0;0;0;0;0;0;8,1;6,4;3,9
21.03.2024;00:14:39;0;0;0;0;0;0;5,4;3,9;1,9
21.03.2024;01:58:43;0;2;0;1;0;0;3,4;1,9;0,9
21.03.2024;03:58:43;0;2;0;1;0;0;2,6;1,4;1,2
21.03.2024;05:58:44;0;2;0;1;0;0;3,4;2,7;3,6
21.03.2024;07:11:47;0;0;0;0;0;0;4,3;4,1;5,6
21.03.2024;09:11:48;0;0;0;0;0;0;10,2;13,5;15,3
21.03.2024;11:11:48;0;0;0;0;0;0;17,9;23,1;18,9
21.03.2024;13:11:49;0;0;0;0;0;0;23,9;28,6;20,2
21.03.2024;15:11:49;0;0;0;0;0;0;19,9;20,6;15,5
21.03.2024;17:11:50;0;0;0;0;0;0;17,9;17,9;16,7
21.03.2024;19:11:50;0;0;0;0;0;0;15,4;14,8;13,4
21.03.2024;21:11:51;0;0;0;0;0;0;13,4;12,8;12,2
21.03.2024;23:11:51;0;0;0;0;0;0;12;11,5;11,4
22.03.2024;01:11:52;0;0;0;0;0;0;11,3;10,6;10,4
22.03.2024;03:11:53;0;0;0;0;0;0;10;9,5;8,8
22.03.2024;05:11:53;0;0;0;0;0;0;9,1;8,8;8,5
22.03.2024;07:11:54;0;0;0;0;0;0;8,7;8,3;7,9
22.03.2024;09:11:54;0;0;0;0;0;0;11;12,2;12,6
22.03.2024;11:11:54;0;0;0;0;0;0;15,8;17,3;13,2
22.03.2024;13:11:55;0;0;0;0;0;0;18,3;20;15,3
22.03.2024;15:11:55;0;0;0;0;0;0;18,9;19,9;16
22.03.2024;17:11:55;0;0;0;0;0;0;16,1;15,8;13,7
22.03.2024;19:11:55;0;0;0;0;0;0;14;13,5;13,1
22.03.2024;21:11:56;0;0;0;0;0;0;13;12,6;12,6
22.03.2024;23:11:56;0;0;0;0;0;0;10,5;9,8;9,8
22.03.2024;23:30:30;0;0;0;0;0;1;10,3;9,7;9,6
22.03.2024;23:45:43;0;0;0;0;0;0;10,2;9,6;9,6
23.03.2024;01:45:43;0;0;0;0;0;0;9,8;9,3;9,5
23.03.2024;03:45:43;0;0;0;0;0;0;9,2;8,7;9,5
23.03.2024;05:45:44;0;0;0;0;0;0;8,8;8,3;9,1
23.03.2024;07:45:44;0;0;0;0;0;0;9,7;9,5;11,4
23.03.2024;09:45:44;0;0;0;0;0;0;16,4;18,9;17,6
23.03.2024;11:45:45;0;0;0;0;0;0;19,4;22,2;21,1
23.03.2024;13:45:45;0;0;0;0;0;0;18,5;18,6;16,5
23.03.2024;15:45:46;0;0;0;0;0;0;12;12,1;8
23.03.2024;17:45:46;0;0;0;0;0;0;8,3;7,9;6,3
23.03.2024;19:45:47;0;0;0;0;0;0;6,2;5,5;4,7
23.03.2024;21:45:47;0;0;0;0;0;0;5,2;4,3;3,8
23.03.2024;23:45:48;0;0;0;0;0;0;4,1;3,2;3,6
24.03.2024;01:45:48;0;0;0;0;0;0;3;2,2;2,4
24.03.2024;02:09:21;0;2;0;1;0;0;2,9;1,9;2,7
24.03.2024;04:09:21;0;2;0;1;0;0;1,9;1;1,7
24.03.2024;06:09:22;0;2;0;1;0;0;1,5;0,6;1,9
24.03.2024;07:59:59;0;0;0;0;0;0;3,8;4,1;5,6
24.03.2024;10:00:00;0;0;0;0;0;0;9,5;12,5;11,8
24.03.2024;12:00:00;0;0;0;0;0;0;13,3;15,8;11,4
24.03.2024;14:00:00;0;0;0;0;0;0;15,4;20;14,6
24.03.2024;16:00:01;0;0;0;0;0;0;14,8;16,8;10,4
24.03.2024;18:00:02;0;0;0;0;0;0;10,9;10,6;8,3
24.03.2024;20:00:03;0;0;0;0;0;0;8,5;7,8;6,7
24.03.2024;22:00:03;0;0;0;0;0;0;6,1;5,4;5,5
25.03.2024;00:00:04;0;0;0;0;0;0;6,1;5,6;5,8
25.03.2024;02:00:05;0;0;0;0;0;0;5,2;4,9;4,1
25.03.2024;04:00:05;0;0;0;0;0;0;4,6;4,2;4,2
25.03.2024;06:00:05;0;0;0;0;0;0;4,3;4;4,2
25.03.2024;08:00:06;0;0;0;0;0;0;4,8;4,9;4,7
25.03.2024;10:00:06;0;0;0;0;0;0;6,4;6,5;5,5
25.03.2024;12:00:06;0;0;0;0;0;0;7,5;7,7;6,5
25.03.2024;14:00:07;0;0;0;0;0;0;10,4;13;9,8
25.03.2024;16:00:08;0;0;0;0;0;0;10;11;9,2
25.03.2024;18:00:08;0;0;0;0;0;0;8,3;8,5;6,8
25.03.2024;20:00:08;0;0;0;0;0;0;5,9;5,1;3,4
25.03.2024;22:00:08;0;0;0;0;0;0;3,4;2;1,2
25.03.2024;22:02:15;0;2;0;1;0;0;3,4;1,9;1,2
26.03.2024;00:02:16;0;2;0;1;0;0;1,6;0,4;-0,1
26.03.2024;00:38:57;0;2;0;1;0;0;1,1;2,5;0,2
26.03.2024;00:38:58;0;2;0;1;0;0;1,1;-0,1;0,2
26.03.2024;02:38:58;0;2;0;1;0;0;0;-1,3;-1,5
26.03.2024;04:38:58;0;2;0;1;0;0;-1;-1,9;-1,8
26.03.2024;06:38:59;0;2;0;1;0;0;-0,1;-0,8;2
26.03.2024;07:56:46;0;0;0;0;0;0;3,3;4,1;9,3
26.03.2024;09:56:47;0;0;0;0;0;0;11,9;17,5;14,9
26.03.2024;11:56:47;0;0;0;0;0;0;17,9;24,9;16,5
26.03.2024;13:56:48;0;0;0;0;0;0;20,9;27,3;18,8
26.03.2024;15:56:48;0;0;0;0;0;0;20,9;24;18,1
26.03.2024;17:56:48;0;0;0;0;0;0;15,9;15,3;13,4
26.03.2024;19:56:49;0;0;0;0;0;0;12,1;11,1;11,5
26.03.2024;21:56:50;0;0;0;0;0;0;10,7;9,8;10,6
26.03.2024;23:56:51;0;0;0;0;0;0;10;9,4;10,2
27.03.2024;01:56:51;0;0;0;0;0;0;9,1;8,6;9,2
27.03.2024;03:56:52;0;0;0;0;0;0;8;7,5;8,4
27.03.2024;05:56:53;0;0;0;0;0;0;7,5;6,8;8,7
27.03.2024;07:56:53;0;0;0;0;0;0;11,1;11,7;13,2
27.03.2024;09:56:54;0;0;0;0;0;0;18,2;21,3;18,3
27.03.2024;11:56:55;0;0;0;0;0;0;25,7;31,7;22,3
27.03.2024;13:56:55;0;0;0;0;0;0;25,2;29,4;22,1
27.03.2024;15:56:56;0;0;0;0;0;0;21,7;22,7;18,7
27.03.2024;17:56:56;0;0;0;0;0;0;18;17,8;15,7
27.03.2024;19:56:57;0;0;0;0;0;0;14,8;14;13,6
27.03.2024;21:56:58;0;0;0;0;0;0;13,3;12,8;13,5
27.03.2024;23:56:58;0;0;0;0;0;0;12,3;11,8;12,5
28.03.2024;01:56:59;0;0;0;0;0;0;11,7;11,4;12,6
28.03.2024;03:56:59;0;0;0;0;0;0;12,6;12,2;13
28.03.2024;05:56:59;0;0;0;0;0;0;11,8;11,5;12,6
28.03.2024;07:57:00;0;0;0;0;0;0;13,7;13,9;14,3
28.03.2024;09:57:00;0;0;0;0;0;0;12,9;12,8;11,1
28.03.2024;11:57:01;0;0;0;0;0;0;13,7;14,5;13,1
28.03.2024;13:57:01;0;0;0;0;0;0;19,1;25;18,1
28.03.2024;15:57:02;0;0;0;0;0;0;20,6;24,6;19,8
28.03.2024;17:57:03;0;0;0;0;0;0;16,9;16,4;14,5
28.03.2024;19:57:03;0;0;0;0;0;0;13,3;12,6;11,9
28.03.2024;21:57:04;0;0;0;0;0;0;11,7;11,1;10,7
28.03.2024;23:57:05;0;0;0;0;0;0;10,3;9,4;8,6
29.03.2024;01:57:05;0;0;0;0;0;0;8,3;7,2;7,6
29.03.2024;03:57:06;0;0;0;0;0;0;7,2;6;7,3
29.03.2024;05:57:06;0;0;0;0;0;0;6,2;5,1;6,5
29.03.2024;07:57:07;0;0;0;0;0;0;10,3;11,1;14,7
29.03.2024;09:57:07;0;0;0;0;0;0;16,2;19,4;18,1
29.03.2024;11:57:08;0;0;0;0;0;0;22;28,6;21,2
29.03.2024;13:57:08;0;0;0;0;0;0;24,6;29,5;20,9
29.03.2024;15:57:08;0;0;0;0;0;0;23;25,9;21,9
29.03.2024;17:57:08;0;0;0;0;0;0;19,4;19,1;16,6
29.03.2024;19:57:08;0;0;0;0;0;0;16,1;15,2;14,6
29.03.2024;21:57:09;0;0;0;0;0;0;14,5;13,8;13,9
29.03.2024;23:57:09;0;0;0;0;0;0;13,2;12,6;12,7
30.03.2024;01:57:09;0;0;0;0;0;0;11,6;10,7;10,5
30.03.2024;03:57:10;0;0;0;0;0;0;10,3;9,6;10,8
30.03.2024;05:57:10;0;0;0;0;0;0;10,2;9,5;11,1
30.03.2024;07:57:11;0;0;0;0;0;0;13,6;14,4;16,4
30.03.2024;09:57:12;0;0;0;0;0;0;21,2;24,4;22,2
30.03.2024;11:57:12;0;0;0;0;0;0;26,3;31,2;24,5
30.03.2024;13:57:13;0;0;0;0;0;0;29,9;35,9;27,1
30.03.2024;15:57:13;0;0;0;0;0;0;28,2;30,2;23,5
30.03.2024;17:57:13;0;0;0;0;0;0;23,7;23,2;20,9
30.03.2024;19:57:13;0;0;0;0;0;0;19,6;18,6;18,6
30.03.2024;21:57:14;0;0;0;0;0;0;17,6;16,8;17,5
30.03.2024;23:57:15;0;0;0;0;0;0;16,1;15,2;16,3
31.03.2024;02:57:15;0;0;0;0;0;0;15,3;14,5;15,7
31.03.2024;04:57:16;0;0;0;0;0;0;13,4;12,5;13,2
31.03.2024;06:57:17;0;0;0;0;0;0;12,7;11,9;13,4
31.03.2024;08:57:17;0;0;0;0;0;0;16;16,4;17,7
31.03.2024;10:57:18;0;0;0;0;0;0;22,2;25,7;25,9
31.03.2024;12:57:18;0;0;0;0;0;0;28,8;33,8;27,5
31.03.2024;14:57:19;0;0;0;0;0;0;30,3;34,1;25,7
31.03.2024;16:57:19;0;0;0;0;0;0;25,7;26,2;22,8
31.03.2024;18:57:19;0;0;0;0;0;0;22,6;22;20,2
31.03.2024;20:57:20;0;0;0;0;0;0;19,1;17,9;17,4
31.03.2024;22:57:20;0;0;0;0;0;0;16,9;15,8;16,5
01.04.2024;00:57:20;0;0;0;0;0;0;14,6;13,4;13
01.04.2024;02:57:20;0;0;0;0;0;0;13;11,8;13,1
01.04.2024;04:57:21;0;0;0;0;0;0;11,9;10,7;12
01.04.2024;06:57:22;0;0;0;0;0;0;12,1;11,4;13,1
01.04.2024;08:57:22;0;0;0;0;0;0;13,8;14,1;14,7
01.04.2024;10:57:23;0;0;0;0;0;0;19,8;21,9;20
01.04.2024;12:56:23;0;0;0;0;0;0;25,9;31,2;26,9
01.04.2024;14:56:23;0;0;0;0;0;0;30,5;33,6;26,4
01.04.2024;16:56:23;0;0;0;0;0;0;26,4;26,2;23,2
01.04.2024;18:30:46;0;0;0;0;0;1;22,5;21,4;18
01.04.2024;18:52:02;0;0;0;0;0;0;17,8;16,9;13,6
01.04.2024;20:52:02;0;0;0;0;0;0;14,9;13,8;12,8
01.04.2024;22:52:02;0;0;0;0;0;0;13,3;12,4;12,2
02.04.2024;00:52:03;0;0;0;0;0;0;11,6;11,2;10,9
02.04.2024;02:52:04;0;0;0;0;0;0;10,6;10,2;9,5
02.04.2024;04:52:04;0;0;0;0;0;0;9,2;8,8;9
02.04.2024;06:52:04;0;0;0;0;0;0;8,3;7,9;8,2
02.04.2024;08:52:05;0;0;0;0;0;0;9,8;10,1;10,6
02.04.2024;10:52:05;0;0;0;0;0;0;13;14,1;13,2
02.04.2024;12:52:06;0;0;0;0;0;0;18,1;19,8;15,7
02.04.2024;14:52:06;0;0;0;0;0;0;19,4;21,1;16
02.04.2024;16:52:07;0;0;0;0;0;0;18,6;20,5;17,6
02.04.2024;18:52:07;0;0;0;0;0;0;15,9;15,8;13,8
02.04.2024;20:52:08;0;0;0;0;0;0;11,7;10,6;10
02.04.2024;22:52:08;0;0;0;0;0;0;9,7;8,8;9,1
03.04.2024;00:52:09;0;0;0;0;0;0;8,9;8,4;9,3
03.04.2024;02:52:09;0;0;0;0;0;0;9,1;8,7;9,7
03.04.2024;04:52:10;0;0;0;0;0;0;8,6;8;8,5
03.04.2024;06:52:10;0;0;0;0;0;0;8,4;7,8;8,7
03.04.2024;08:52:10;0;0;0;0;0;0;12,3;12,9;12,7
03.04.2024;10:52:11;0;0;0;0;0;0;18,7;22;20
03.04.2024;12:52:11;0;0;0;0;0;0;20,6;22,8;17,9
03.04.2024;14:52:11;0;0;0;0;0;0;19,7;20,7;16,6
03.04.2024;16:52:12;0;0;0;0;0;0;17,8;18;14,9
03.04.2024;18:52:12;0;0;0;0;0;0;15,4;15;12,8
03.04.2024;20:52:13;0;0;0;0;0;0;13,2;12,6;11,3
03.04.2024;22:52:13;0;0;0;0;0;0;11,8;11,2;10,8
04.04.2024;00:52:14;0;0;0;0;0;0;10,9;10,4;10,8
04.04.2024;02:52:15;0;0;0;0;0;0;10,7;10,1;10,4
04.04.2024;04:52:15;0;0;0;0;0;0;10,3;9,8;10
04.04.2024;06:52:16;0;0;0;0;0;0;10,2;9,8;10,5
04.04.2024;08:52:16;0;0;0;0;0;0;12,7;13,3;13,9
04.04.2024;10:52:16;0;0;0;0;0;0;15,8;16,3;12,7
04.04.2024;11:06:23;0;0;0;0;0;1;15,5;15,7;12,7
04.04.2024;11:24:32;0;0;0;0;0;0;15,5;15,6;13,3
04.04.2024;13:24:32;0;0;0;0;0;0;23,1;29,2;21,7
04.04.2024;15:24:32;0;0;0;0;0;0;24,7;28;20,9
04.04.2024;17:24:33;0;0;0;0;0;0;20,8;20,5;17,2
04.04.2024;19:24:34;0;0;0;0;0;0;17,1;16,5;15,8
04.04.2024;21:24:34;0;0;0;0;0;0;15,7;15,2;15
04.04.2024;23:24:35;0;0;0;0;0;0;14,7;14,3;14,1
05.04.2024;01:24:35;0;0;0;0;0;0;13;12,4;12,6
05.04.2024;03:24:35;0;0;0;0;0;0;10,6;9,8;9,3
05.04.2024;05:24:35;0;0;0;0;0;0;9,1;8,2;9,1
05.04.2024;07:24:35;0;0;0;0;0;0;10,2;10,1;11
05.04.2024;09:24:36;0;0;0;0;0;0;14,3;16,2;17,9
05.04.2024;11:24:36;0;0;0;0;0;0;21,5;25,1;20,8
05.04.2024;13:24:37;0;0;0;0;0;0;25,5;28,9;21,3
05.04.2024;15:24:37;0;0;0;0;0;0;26,5;30,5;24
05.04.2024;17:24:38;0;0;0;0;0;0;25;27,2;22
05.04.2024;19:24:38;0;0;0;0;0;0;20,6;19,9;17,9
05.04.2024;21:24:39;0;0;0;0;0;0;17,9;17,1;16,8
05.04.2024;23:24:39;0;0;0;0;0;0;17;16,4;16,9
06.04.2024;01:24:39;0;0;0;0;0;0;17;16,7;17,4
06.04.2024;03:24:40;0;0;0;0;0;0;15,4;14,6;13,4
06.04.2024;05:24:40;0;0;0;0;0;0;13,3;12,4;12,3
06.04.2024;07:24:40;0;0;0;0;0;0;12,9;12,4;13,9
06.04.2024;09:24:41;0;0;0;0;0;0;18,5;20;19,9
06.04.2024;11:24:42;0;0;0;0;0;0;24,4;27,4;23,6
06.04.2024;13:24:42;0;0;0;0;0;0;28,7;33,9;26,8
06.04.2024;15:24:42;0;0;0;0;0;0;31,3;37,4;29,5
06.04.2024;17:24:43;0;0;0;0;0;0;29,7;32,4;25,8
06.04.2024;19:24:43;0;0;0;0;0;0;25,2;24,6;19,5
06.04.2024;21:24:44;0;0;0;0;0;0;20,7;19,1;17,5
06.04.2024;23:24:44;0;0;0;0;0;0;17,7;16,6;16,1
07.04.2024;01:24:45;0;0;0;0;0;0;15,8;14,7;14,7
07.04.2024;03:24:45;0;0;0;0;0;0;14;12,9;13,5
07.04.2024;05:24:46;0;0;0;0;0;0;12,5;11,5;11,5
07.04.2024;07:24:47;0;0;0;0;0;0;12,8;12,2;14,1
07.04.2024;09:24:47;0;0;0;0;0;0;20,2;21,9;23,7
07.04.2024;11:24:48;0;0;0;0;0;0;28,7;33,8;30
07.04.2024;13:24:48;0;0;0;0;0;0;34,6;40,8;32,8
07.04.2024;15:24:49;0;0;0;0;0;0;37,7;41,2;34,4
07.04.2024;17:24:49;0;0;0;0;0;0;34,9;36,2;30,6
07.04.2024;19:24:49;0;0;0;0;0;0;29;28,4;22,4
07.04.2024;21:24:50;0;0;0;0;0;0;22,8;21,4;17,2
07.04.2024;23:24:50;0;0;0;0;0;0;19,1;17,8;16
08.04.2024;01:24:50;0;0;0;0;0;0;17,1;15,7;14,4
08.04.2024;03:24:51;0;0;0;0;0;0;15,2;14,1;12,7
08.04.2024;05:24:52;0;0;0;0;0;0;15,2;14,4;16
08.04.2024;07:24:52;0;0;0;0;0;0;15,6;15,3;17,3
08.04.2024;09:24:53;0;0;0;0;0;0;21,9;23,9;25,4
08.04.2024;11:24:53;0;0;0;0;0;0;29,8;33,3;29,7
08.04.2024;13:24:54;0;0;0;0;0;0;32,9;38,5;31,3
08.04.2024;15:24:54;0;0;0;0;0;0;34,3;38,6;31,6
08.04.2024;17:24:55;0;0;0;0;0;0;32,1;33,8;28,4
08.04.2024;19:24:55;0;0;0;0;0;0;27;26,1;24
08.04.2024;21:24:56;0;0;0;0;0;0;23;21,8;20,9
08.04.2024;23:24:56;0;0;0;0;0;0;20,4;19,5;19,8
09.04.2024;01:24:56;0;0;0;0;0;0;18,5;17,7;17,9
09.04.2024;03:24:57;0;0;0;0;0;0;17,8;16,9;18,1
09.04.2024;05:24:58;0;0;0;0;0;0;16,6;15,9;16,3
09.04.2024;07:24:58;0;0;0;0;0;0;17,1;16,8;17,8
09.04.2024;09:24:58;0;0;0;0;0;0;22,6;24,2;22,8
09.04.2024;11:24:59;0;0;0;0;0;0;28,6;33,4;30
09.04.2024;13:24:59;0;0;0;0;0;0;34,3;41,9;31,3
09.04.2024;15:25:00;0;0;0;0;0;0;36;41,1;32,6
09.04.2024;17:25:01;0;0;0;0;0;0;33,8;35,4;29,1
09.04.2024;19:25:01;0;0;0;0;0;0;28,3;27,5;24
09.04.2024;21:25:02;0;0;0;0;0;0;24,1;22,7;21,1
09.04.2024;23:25:02;0;0;0;0;0;0;20,5;19,5;18,6
10.04.2024;01:25:03;0;0;0;0;0;0;18,5;18;17,6
10.04.2024;03:25:03;0;0;0;0;0;0;16,2;15,7;14
10.04.2024;05:25:04;0;0;0;0;0;0;13,9;13,4;12
10.04.2024;07:25:04;0;0;0;0;0;0;12,2;11,6;10,9
10.04.2024;09:25:05;0;0;0;0;0;0;12,2;12;11
10.04.2024;11:25:05;0;0;0;0;0;0;13,8;14,1;12,5
10.04.2024;13:25:06;0;0;0;0;0;0;15,1;15,7;13,6
10.04.2024;15:25:06;0;0;0;0;0;0;16,9;17,8;14,6
10.04.2024;17:25:07;0;0;0;0;0;0;18,8;19,9;16,8
10.04.2024;19:25:07;0;0;0;0;0;0;16,8;16,7;13,9
10.04.2024;21:25:08;0;0;0;0;0;0;14,8;14;12,3
10.04.2024;23:25:08;0;0;0;0;0;0;12;11;9,1
11.04.2024;01:25:08;0;0;0;0;0;0;9,2;8,1;6,8
11.04.2024;03:25:09;0;0;0;0;0;0;7,4;6,2;4,6
11.04.2024;05:25:10;0;0;0;0;0;0;5,8;4,4;3,9
11.04.2024;07:25:10;0;0;0;0;0;0;6,4;5,6;6,7
11.04.2024;09:25:10;0;0;0;0;0;0;13,9;16,2;20,9
11.04.2024;11:25:10;0;0;0;0;0;0;22,9;28,9;25,4
11.04.2024;13:25:11;0;0;0;0;0;0;28,4;36,6;25,5
11.04.2024;15:25:11;0;0;0;0;0;0;29,7;36,7;24,9
11.04.2024;17:25:12;0;0;0;0;0;0;27,3;30,2;22,1
11.04.2024;19:25:12;0;0;0;0;0;0;21,8;20,9;16,4
11.04.2024;21:25:13;0;0;0;0;0;0;16,9;15;11,6
11.04.2024;23:25:14;0;0;0;0;0;0;13,4;11,6;10,5
12.04.2024;01:25:14;0;0;0;0;0;0;12,6;11,8;11,9
12.04.2024;03:25:15;0;0;0;0;0;0;12,5;11,9;12
12.04.2024;05:25:15;0;0;0;0;0;0;11,8;10,9;9,8
12.04.2024;07:25:15;0;0;0;0;0;0;12,8;11,2;11,9
12.04.2024;09:25:15;0;0;0;0;0;0;18,8;20,6;22,5
12.04.2024;11:25:16;0;0;0;0;0;0;25,7;31,5;28,8
12.04.2024;13:25:16;0;0;0;0;0;0;29,9;37;28,4
12.04.2024;15:25:16;0;0;0;0;0;0;32,1;38,8;28,1
12.04.2024;17:25:16;0;0;0;0;0;0;29,6;31;23,9
12.04.2024;19:25:17;0;0;0;0;0;0;24,4;23,4;19,1
12.04.2024;21:25:17;0;0;0;0;0;0;19,7;17,9;15,2
12.04.2024;23:25:18;0;0;0;0;0;0;17;15,5;14,3
13.04.2024;01:25:19;0;0;0;0;0;0;14,5;13,3;13,2
13.04.2024;03:25:19;0;0;0;0;0;0;13,2;12,4;12,8
13.04.2024;05:25:19;0;0;0;0;0;0;12,3;11,5;11,6
13.04.2024;07:25:20;0;0;0;0;0;0;13,2;12,8;14,1
13.04.2024;09:25:20;0;0;0;0;0;0;20;21,5;22,3
13.04.2024;11:25:21;0;0;0;0;0;0;27,4;32,3;26,1
13.04.2024;13:25:22;0;0;0;0;0;0;30,7;36;26
13.04.2024;15:25:22;0;0;0;0;0;0;31,7;36,3;26,8
13.04.2024;17:25:22;0;0;0;0;0;0;28,4;29,4;23,3
13.04.2024;19:25:23;0;0;0;0;0;0;23,6;22,8;19
13.04.2024;21:25:23;0;0;0;0;0;0;19,8;18,5;17,1
13.04.2024;23:25:23;0;0;0;0;0;0;16,9;15,6;15,2
14.04.2024;01:25:24;0;0;0;0;0;0;15,4;14,3;14,2
14.04.2024;03:25:25;0;0;0;0;0;0;14,5;13,5;14,1
14.04.2024;05:25:26;0;0;0;0;0;0;13,8;13;14,5
14.04.2024;07:25:26;0;0;0;0;0;0;15;14,9;16,5
14.04.2024;09:25:26;0;0;0;0;0;0;21,5;22,9;23,7
14.04.2024;11:25:27;0;0;0;0;0;0;27,9;31,7;27
14.04.2024;13:25:27;0;0;0;0;0;0;29,8;33,2;26,9
14.04.2024;15:25:28;0;0;0;0;0;0;30,1;34;25,9
14.04.2024;17:25:29;0;0;0;0;0;0;27,8;30,7;24,9
14.04.2024;19:25:29;0;0;0;0;0;0;22,7;21,9;17,5
14.04.2024;21:25:30;0;0;0;0;0;0;17,2;15,4;12,2
14.04.2024;23:25:31;0;0;0;0;0;0;14;12,3;11,2
15.04.2024;01:25:31;0;0;0;0;0;0;12,5;11,4;11,1
15.04.2024;03:25:32;0;0;0;0;0;0;11,6;10,7;10,6
15.04.2024;05:25:33;0;0;0;0;0;0;10,9;10,2;9,6
15.04.2024;07:25:33;0;0;0;0;0;0;10;9,6;9
15.04.2024;09:25:33;0;0;0;0;0;0;8,9;8,3;8,2
15.04.2024;11:25:34;0;0;0;0;0;0;10,1;10,3;11
15.04.2024;13:25:34;0;0;0;0;0;0;14,3;15,2;11,5
15.04.2024;15:25:35;0;0;0;0;0;0;17,2;19,5;15,2
15.04.2024;17:25:35;0;0;0;0;0;0;18,5;22,1;19,3
15.04.2024;19:25:36;0;0;0;0;0;0;15,2;14,9;11,4
15.04.2024;21:25:36;0;0;0;0;0;0;11,6;10,4;9,6
15.04.2024;23:25:37;0;0;0;0;0;0;10,5;9,8;9,6
16.04.2024;01:25:37;0;0;0;0;0;0;9,7;9;9,8
16.04.2024;03:25:38;0;0;0;0;0;0;8,8;8,5;8
16.04.2024;05:25:38;0;0;0;0;0;0;5,9;5;4,6
16.04.2024;07:25:39;0;0;0;0;0;0;7,9;7;6,6
16.04.2024;09:25:39;0;0;0;0;0;0;11,7;12,6;10,1
16.04.2024;11:25:40;0;0;0;0;0;0;17,9;22,4;17,4
16.04.2024;13:25:40;0;0;0;0;0;0;20,6;25,3;16,9
16.04.2024;15:25:41;0;0;0;0;0;0;19,9;22,2;14,8
16.04.2024;17:25:41;0;0;0;0;0;0;18,4;20;15,1
16.04.2024;19:25:41;0;0;0;0;0;0;15;14,3;11,4
16.04.2024;21:25:42;0;0;0;0;0;0;12,2;11;9,7
16.04.2024;23:25:42;0;0;0;0;0;0;9,1;7,8;6,7
17.04.2024;01:25:43;0;0;0;0;0;0;6,3;5,1;4,5
17.04.2024;03:25:43;0;0;0;0;0;0;5,4;4,2;4,1
17.04.2024;05:25:44;0;0;0;0;0;0;5,3;4,7;4,8
17.04.2024;07:25:44;0;0;0;0;0;0;5,4;5;4,5
17.04.2024;07:38:17;0;0;0;0;0;1;5,4;5,1;4,7
17.04.2024;07:53:23;0;0;0;0;0;0;5,4;5,1;4,4
17.04.2024;09:05:26;0;0;0;0;0;1;5,7;5,6;5
17.04.2024;09:20:32;0;0;0;0;0;0;5,8;5,7;5,1
17.04.2024;11:20:33;0;0;0;0;0;0;7,1;7,2;7
17.04.2024;13:20:34;0;0;0;0;0;0;7,7;7,7;6,5
17.04.2024;15:20:34;0;0;0;0;0;0;9,3;10,2;9,7
17.04.2024;17:20:35;0;0;0;0;0;0;11,8;14,6;16,3
17.04.2024;19:20:35;0;0;0;0;0;0;10,9;10,7;9,5
17.04.2024;21:20:36;0;0;0;0;0;0;6,7;5;2,4
17.04.2024;23:20:36;0;0;0;0;0;0;5,7;4,5;4,6
18.04.2024;01:20:36;0;0;0;0;0;0;3,8;2,5;1,7
18.04.2024;02:06:37;0;2;0;1;0;0;3,3;1,9;1,5
18.04.2024;04:06:38;0;2;0;1;0;0;3,2;2,4;3,5
18.04.2024;06:06:39;0;2;0;1;0;0;3,7;2,9;3,4
18.04.2024;07:23:25;0;0;0;0;0;0;4,3;4,1;4,8
18.04.2024;09:23:25;0;0;0;0;0;0;8,5;9,6;9,8
18.04.2024;11:23:26;0;0;0;0;0;0;9,7;12,1;12,3
18.04.2024;13:23:26;0;0;0;0;0;0;15,2;19,5;16,9
18.04.2024;15:23:27;0;0;0;0;0;0;19,2;23,8;16,7
18.04.2024;17:23:27;0;0;0;0;0;0;15,6;17,3;15
18.04.2024;19:23:28;0;0;0;0;0;0;9;7,6;5,7
18.04.2024;21:23:28;0;0;0;0;0;0;6,1;4,6;3,9
18.04.2024;23:23:28;0;0;0;0;0;0;4,7;3,3;2,8
19.04.2024;01:23:29;0;0;0;0;0;0;3,2;2;2,2
19.04.2024;01:27:01;0;2;0;1;0;0;3,2;1,9;2,1
19.04.2024;03:27:02;0;2;0;1;0;0;1,9;0,8;0,9
19.04.2024;05:27:03;0;2;0;1;0;0;2;1,2;2,4
19.04.2024;07:27:03;0;2;0;1;0;0;3,9;3,6;4,7
19.04.2024;07:36:13;0;0;0;0;0;0;4,3;4,1;5,1
19.04.2024;09:36:13;0;0;0;0;0;0;9,3;10;8,4
19.04.2024;11:36:13;0;0;0;0;0;0;15,7;18,6;14,4
19.04.2024;13:36:14;0;0;0;0;0;0;15,4;17,1;14
19.04.2024;15:36:15;0;0;0;0;0;0;16;17;11,8
19.04.2024;17:36:15;0;0;0;0;0;0;13,6;13,3;10,2
19.04.2024;19:36:15;0;0;0;0;0;0;8,8;8,2;8
19.04.2024;21:36:16;0;0;0;0;0;0;8;7,2;6,6
19.04.2024;23:36:16;0;0;0;0;0;0;6,7;6,1;6,3
20.04.2024;01:36:17;0;0;0;0;0;0;7,2;6,4;6,4
20.04.2024;03:36:18;0;0;0;0;0;0;6,5;6,1;6,2
20.04.2024;05:36:18;0;0;0;0;0;0;6,2;5,7;5,6
20.04.2024;07:36:18;0;0;0;0;0;0;6,5;6,4;5,6
20.04.2024;09:36:19;0;0;0;0;0;0;8,3;8,8;8,7
20.04.2024;11:36:20;0;0;0;0;0;0;9,9;10,1;9,4
20.04.2024;13:36:20;0;0;0;0;0;0;8,6;8,3;6,2
20.04.2024;15:35:19;0;0;0;0;0;0;7,4;6,8;5,8
20.04.2024;17:35:19;0;0;0;0;0;0;6,3;5,8;4,7
20.04.2024;19:35:20;0;0;0;0;0;0;5,2;4,5;3,9
20.04.2024;21:35:21;0;0;0;0;0;0;4,5;3,9;3,7
20.04.2024;23:35:21;0;0;0;0;0;0;4,5;3,6;3,2
21.04.2024;00:50:06;0;2;0;1;0;0;3,2;1,9;1,2
21.04.2024;02:50:06;0;2;0;1;0;0;1,7;0,4;0
21.04.2024;04:50:07;0;2;0;1;0;0;2,2;1,3;2
21.04.2024;06:50:07;0;2;0;1;0;0;2,9;2,2;2,6
21.04.2024;07:38:23;0;0;0;0;0;0;4,7;4,1;3,1
21.04.2024;09:38:23;0;0;0;0;0;0;9,1;10;7,6
21.04.2024;11:38:24;0;0;0;0;0;0;10,2;10,9;7,6
21.04.2024;13:38:25;0;0;0;0;0;0;10,7;10,8;7,9
21.04.2024;15:38:26;0;0;0;0;0;0;12,6;13,2;8,9
21.04.2024;17:38:27;0;0;0;0;0;0;10,5;9,9;7,3
21.04.2024;19:38:27;0;0;0;0;0;0;7,9;6,9;5,2
21.04.2024;21:38:27;0;0;0;0;0;0;6,2;5,1;4,3
21.04.2024;23:38:28;0;0;0;0;0;0;5,1;4,1;3,6
22.04.2024;01:38:28;0;0;0;0;0;0;4;3,1;2,6
22.04.2024;03:38:29;0;0;0;0;0;0;3;2,1;1,4
22.04.2024;03:49:00;0;2;0;1;0;0;2,9;1,9;1,4
22.04.2024;05:49:00;0;2;0;1;0;0;1,6;0,3;-1,4
22.04.2024;07:49:01;0;2;0;1;0;0;4,3;3,4;2,4
22.04.2024;07:57:04;0;0;0;0;0;0;4,5;4,1;2,8
22.04.2024;09:57:04;0;0;0;0;0;0;10,7;11,5;7,7
22.04.2024;11:57:05;0;0;0;0;0;0;11,4;12,2;8
22.04.2024;13:57:05;0;0;0;0;0;0;12;12,3;7,8
22.04.2024;15:57:06;0;0;0;0;0;0;11,7;11,9;7,4
22.04.2024;17:57:06;0;0;0;0;0;0;11,1;11,6;10,6
22.04.2024;19:57:07;0;0;0;0;0;0;7,3;6;1,3
22.04.2024;21:30:34;0;2;0;1;0;0;3,9;1,9;-1,8
22.04.2024;23:30:34;0;2;0;1;0;0;0,6;-1,1;-2,9
23.04.2024;01:30:35;0;2;0;1;0;0;-1,3;-3;-3,3
23.04.2024;03:30:35;0;2;0;1;0;0;-2,8;-4,5;-5
23.04.2024;05:30:35;0;2;0;1;0;0;-2,7;-4,4;-5,1
23.04.2024;07:30:35;0;2;0;1;0;0;1,1;-0,2;-0,7
23.04.2024;08:25:53;0;0;0;0;0;0;4,3;4,1;2,3
23.04.2024;10:25:53;0;0;0;0;0;0;11,7;16,6;13,9
23.04.2024;12:25:53;0;0;0;0;0;0;18,8;26,1;18,2
23.04.2024;14:25:54;0;0;0;0;0;0;21,6;29,2;19
23.04.2024;16:25:55;0;0;0;0;0;0;21,3;24,5;17,4
23.04.2024;18:25:55;0;0;0;0;0;0;17,2;16,7;10,6
23.04.2024;20:25:56;0;0;0;0;0;0;12;10,3;6,8
23.04.2024;22:25:56;0;0;0;0;0;0;9,2;7,7;6,4
24.04.2024;00:25:57;0;0;0;0;0;0;7,4;6,2;5,5
24.04.2024;02:25:58;0;0;0;0;0;0;5,9;4,9;4,4
24.04.2024;04:25:58;0;0;0;0;0;0;5,1;4,1;3,6
24.04.2024;06:25:58;0;0;0;0;0;0;3,5;2,4;1,5
24.04.2024;08:25:59;0;0;0;0;0;0;7,9;8,3;9,1
24.04.2024;10:25:59;0;0;0;0;0;0;15,6;17,8;16,8
24.04.2024;12:26:00;0;0;0;0;0;0;19,6;22,2;16,8
24.04.2024;14:26:00;0;0;0;0;0;0;20,6;23,5;18,4
24.04.2024;16:26:00;0;0;0;0;0;0;19,2;20;13,3
24.04.2024;18:26:01;0;0;0;0;0;0;16,7;16,1;11,4
24.04.2024;20:26:01;0;0;0;0;0;0;12,1;10,9;7,7
24.04.2024;22:26:02;0;0;0;0;0;0;9;8;6,4
25.04.2024;00:26:02;0;0;0;0;0;0;7;5,7;4,6
25.04.2024;02:26:03;0;0;0;0;0;0;5,8;4,6;4,2
25.04.2024;04:26:03;0;0;0;0;0;0;4,4;3,2;2,4
25.04.2024;06:26:04;0;0;0;0;0;0;3,9;3,1;4,2
25.04.2024;08:26:04;0;0;0;0;0;0;8,3;8,4;7,3
25.04.2024;10:26:05;0;0;0;0;0;0;17;20;16
25.04.2024;12:26:05;0;0;0;0;0;0;20,3;25,8;17
25.04.2024;14:26:05;0;0;0;0;0;0;22,5;26,7;16,3
25.04.2024;16:26:06;0;0;0;0;0;0;17,8;20;14
25.04.2024;18:00:01;0;0;0;0;0;1;14,6;14,3;7,3
25.04.2024;18:28:52;0;0;0;0;0;0;12,7;12,2;9,6
25.04.2024;20:28:52;0;0;0;0;0;0;9,3;8,1;5,6
25.04.2024;22:28:52;0;0;0;0;0;0;6,7;5,4;5,5
26.04.2024;00:28:52;0;0;0;0;0;0;4,7;3,3;3,1
26.04.2024;01:56:37;0;2;0;1;0;0;3,4;1,9;1,9
26.04.2024;03:56:38;0;2;0;1;0;0;1,8;0,3;1,1
26.04.2024;05:56:38;0;2;0;1;0;0;1,6;0,4;2,3
26.04.2024;07:12:08;0;0;0;0;0;0;5,2;4,1;5,3
26.04.2024;09:12:09;0;0;0;0;0;0;12,5;14,6;15,5
26.04.2024;11:12:09;0;0;0;0;0;0;20,4;23,9;17,2
26.04.2024;13:12:10;0;0;0;0;0;0;22,4;26,4;20,1
26.04.2024;15:12:10;0;0;0;0;0;0;25,3;30,9;21,4
26.04.2024;17:12:11;0;0;0;0;0;0;22,9;24,7;17,7
26.04.2024;19:12:11;0;0;0;0;0;0;18,5;18,1;15,1
26.04.2024;21:12:12;0;0;0;0;0;0;14,8;13,5;12,3
26.04.2024;23:12:12;0;0;0;0;0;0;11,7;10,4;10
27.04.2024;01:12:13;0;0;0;0;0;0;9,1;7,9;7,6
27.04.2024;03:12:13;0;0;0;0;0;0;7,5;6,4;7,1
27.04.2024;05:12:14;0;0;0;0;0;0;7,3;6,7;7,3
27.04.2024;07:12:14;0;0;0;0;0;0;9,7;9,4;9,3
27.04.2024;09:12:14;0;0;0;0;0;0;17,9;18,7;19,1
27.04.2024;11:12:14;0;0;0;0;0;0;26,3;30,2;24,7
27.04.2024;13:12:14;0;0;0;0;0;0;30,4;38;25,9
27.04.2024;15:12:15;0;0;0;0;0;0;32,1;39;27,3
27.04.2024;17:12:16;0;0;0;0;0;0;29,9;33;25,8
27.04.2024;19:12:16;0;0;0;0;0;0;24,6;24,1;20,7
27.04.2024;21:12:16;0;0;0;0;0;0;19,2;17,6;15,5
27.04.2024;23:12:17;0;0;0;0;0;0;15,4;13,9;13,6
28.04.2024;01:12:17;0;0;0;0;0;0;12,8;11,5;11,5
28.04.2024;03:12:18;0;0;0;0;0;0;11;9,9;10,6
28.04.2024;05:12:19;0;0;0;0;0;0;9,6;8,7;10,4
28.04.2024;07:12:19;0;0;0;0;0;0;12,8;12,7;13,1
28.04.2024;09:12:19;0;0;0;0;0;0;18,2;19,4;20,4
28.04.2024;11:12:19;0;0;0;0;0;0;25,7;30,2;24,2
28.04.2024;13:12:19;0;0;0;0;0;0;30,5;36,6;27
28.04.2024;15:12:20;0;0;0;0;0;0;31,6;35,9;28,1
28.04.2024;17:12:20;0;0;0;0;0;0;30,2;32,1;24,9
28.04.2024;19:12:21;0;0;0;0;0;0;25,9;25,4;21,8
28.04.2024;21:12:21;0;0;0;0;0;0;21,2;19,9;18,1
28.04.2024;23:12:21;0;0;0;0;0;0;18,9;17,7;16,9
29.04.2024;01:12:22;0;0;0;0;0;0;16,5;15,3;14,8
29.04.2024;03:12:23;0;0;0;0;0;0;14,2;13,2;13,5
29.04.2024;05:12:23;0;0;0;0;0;0;12,6;11,6;12,1
29.04.2024;07:12:24;0;0;0;0;0;0;14,5;13,6;13,6
29.04.2024;09:12:24;0;0;0;0;0;0;20,3;22;21,6
29.04.2024;11:12:24;0;0;0;0;0;0;29;33,5;29,6
29.04.2024;13:12:25;0;0;0;0;0;0;34,9;42,4;34,2
29.04.2024;15:12:26;0;0;0;0;0;0;37,4;44,1;33,6
29.04.2024;17:12:26;0;0;0;0;0;0;35,5;37,6;30,5
29.04.2024;19:12:27;0;0;0;0;0;0;30,1;29,6;25,2
29.04.2024;21:12:27;0;0;0;0;0;0;24,8;23,4;21,6
29.04.2024;23:12:28;0;0;0;0;0;0;21,1;19,7;18,8
30.04.2024;01:12:28;0;0;0;0;0;0;17,9;16,5;13,3
30.04.2024;03:12:29;0;0;0;0;0;0;14,4;13,1;11,1
30.04.2024;05:12:30;0;0;0;0;0;0;12,7;11,3;10,5
30.04.2024;07:12:31;0;0;0;0;0;0;16,3;15,3;15,6
30.04.2024;09:12:31;0;0;0;0;0;0;23,4;25,3;25,7
30.04.2024;11:12:31;0;0;0;0;0;0;32;37,1;31
30.04.2024;13:12:32;0;0;0;0;0;0;36,5;43,2;31
30.04.2024;15:12:32;0;0;0;0;0;0;37,3;42,7;32,2
30.04.2024;17:12:33;0;0;0;0;0;0;34,9;37,3;30,7
30.04.2024;19:12:34;0;0;0;0;0;0;30,2;29,6;26,5
30.04.2024;21:12:34;0;0;0;0;0;0;24,6;23;21,2
30.04.2024;23:12:34;0;0;0;0;0;0;20,1;18,5;15,6
01.05.2024;01:12:35;0;0;0;0;0;0;17,3;15,8;15,8
01.05.2024;03:12:36;0;0;0;0;0;0;15,7;14,7;15,1
01.05.2024;05:12:36;0;0;0;0;0;0;13,9;12,8;13,7
01.05.2024;07:12:37;0;0;0;0;0;0;17;15,9;15,1
01.05.2024;09:12:37;0;0;0;0;0;0;23,1;24,6;24,1
01.05.2024;11:12:37;0;0;0;0;0;0;30,7;34,7;27,3
01.05.2024;13:12:38;0;0;0;0;0;0;33,7;40,3;29
01.05.2024;15:12:38;0;0;0;0;0;0;35,4;40,5;30,2
01.05.2024;17:12:38;0;0;0;0;0;0;34,1;36,8;30,6
01.05.2024;19:12:39;0;0;0;0;0;0;28,8;28,3;26,1
01.05.2024;21:12:40;0;0;0;0;0;0;24,5;23;21,2
01.05.2024;23:12:40;0;0;0;0;0;0;20,4;18,8;17,8
02.05.2024;01:12:41;0;0;0;0;0;0;18,2;16,9;17,2
02.05.2024;03:12:42;0;0;0;0;0;0;16,5;15,3;16,1
02.05.2024;05:12:42;0;0;0;0;0;0;15,2;14,3;15,4
02.05.2024;07:12:43;0;0;0;0;0;0;15,9;15,7;15,4
02.05.2024;09:12:43;0;0;0;0;0;0;23,6;25,4;25,7
02.05.2024;11:12:44;0;0;0;0;0;0;29,5;33,9;26,7
02.05.2024;13:12:44;0;0;0;0;0;0;32,1;37,2;28,6
02.05.2024;15:12:45;0;0;0;0;0;0;33,3;37,3;28,5
02.05.2024;17:12:46;0;0;0;0;0;0;31;33,2;27,4
02.05.2024;19:12:46;0;0;0;0;0;0;27,6;27,2;23,5
02.05.2024;21:12:47;0;0;0;0;0;0;23,3;22,2;20,8
02.05.2024;23:12:48;0;0;0;0;0;0;20,5;19,5;18,9
03.05.2024;01:12:48;0;0;0;0;0;0;18;16,8;16,1
03.05.2024;03:12:48;0;0;0;0;0;0;15,7;14,5;13,6
03.05.2024;05:12:49;0;0;0;0;0;0;14,8;14,1;14,6
03.05.2024;07:12:50;0;0;0;0;0;0;17,8;16,9;15,8
03.05.2024;09:12:50;0;0;0;0;0;0;25,8;27,1;25,2
03.05.2024;11:12:51;0;0;0;0;0;0;32,5;36,5;29,6
03.05.2024;13:12:52;0;0;0;0;0;0;34,9;38,9;27,4
03.05.2024;15:12:52;0;0;0;0;0;0;34,6;36,7;27,4
03.05.2024;17:12:52;0;0;0;0;0;0;32,7;33,8;27,5
03.05.2024;19:12:53;0;0;0;0;0;0;29,2;29,1;24,7
03.05.2024;21:12:54;0;0;0;0;0;0;23,9;22,7;19,5
03.05.2024;23:12:54;0;0;0;0;0;0;20,2;18,8;16,7
04.05.2024;01:12:54;0;0;0;0;0;0;17,2;16;14,7
04.05.2024;03:12:55;0;0;0;0;0;0;14,9;13,8;12,9
04.05.2024;05:12:55;0;0;0;0;0;0;13,4;12,4;12,1
04.05.2024;07:12:55;0;0;0;0;0;0;16,9;16,3;14,8
04.05.2024;09:12:56;0;0;0;0;0;0;23,3;24;22,7
04.05.2024;11:12:57;0;0;0;0;0;0;29,9;34,9;32,1
04.05.2024;13:12:57;0;0;0;0;0;0;35,7;42,9;34,5
04.05.2024;15:12:58;0;0;0;0;0;0;37;39,8;30,2
04.05.2024;17:12:58;0;0;0;0;0;0;36,4;38,2;31,5
04.05.2024;19:12:58;0;0;0;0;0;0;30,2;29,2;25,5
04.05.2024;21:12:59;0;0;0;0;0;0;24,2;22,4;18,2
04.05.2024;23:13:00;0;0;0;0;0;0;19,3;17,5;14,3
05.05.2024;01:13:00;0;0;0;0;0;0;16,6;15,1;13,7
05.05.2024;03:13:00;0;0;0;0;0;0;14,4;13;11,4
05.05.2024;05:13:01;0;0;0;0;0;0;12,7;11,4;10,8
05.05.2024;07:13:02;0;0;0;0;0;0;14,9;14;13,8
05.05.2024;09:13:03;0;0;0;0;0;0;23,6;25,4;25,3
05.05.2024;11:13:03;0;0;0;0;0;0;32,1;36,7;31,7
05.05.2024;13:13:03;0;0;0;0;0;0;35;37,6;29,4
05.05.2024;15:13:04;0;0;0;0;0;0;29,4;29,7;24,9
05.05.2024;16:19:58;0;0;0;0;0;1;25,6;24,3;19,2
05.05.2024;16:48:50;0;0;0;0;0;0;21,5;21;18,3
05.05.2024;18:25:22;0;0;0;0;0;1;20,8;20,5;18,1
05.05.2024;18:43:21;0;0;0;0;0;0;20,3;19,4;17,3
05.05.2024;19:04:58;0;0;0;0;0;1;19,7;18,7;16,7
05.05.2024;19:25:12;0;0;0;0;0;0;18,7;17,7;15,5
05.05.2024;19:26:16;0;0;0;0;0;1;18,6;17,6;15,5
05.05.2024;19:43:35;0;0;0;0;0;0;17,9;16,9;15,1
05.05.2024;20:39:33;0;0;0;0;0;1;16,8;16;15
05.05.2024;20:54:34;0;0;0;0;0;0;16,1;15,5;14,6
05.05.2024;21:46:34;0;0;0;0;0;1;15,2;14,5;13,6
05.05.2024;22:01:42;0;0;0;0;0;0;15,1;14,4;13,7
06.05.2024;00:01:42;0;0;0;0;0;0;13,8;13,2;12,9
06.05.2024;00:42:01;0;0;0;0;0;1;13,6;13;12,3
06.05.2024;00:57:13;0;0;0;0;0;0;13,5;12,8;12,2
06.05.2024;02:57:13;0;0;0;0;0;0;12,3;11,5;11,8
06.05.2024;04:57:14;0;0;0;0;0;0;11,1;10,2;10,3
06.05.2024;05:51:21;0;0;0;0;0;1;11,3;10,5;11,4
06.05.2024;06:06:32;0;0;0;0;0;0;11,5;10,9;11,4
06.05.2024;08:06:32;0;0;0;0;0;0;13,8;14;14,2
06.05.2024;10:06:32;0;0;0;0;0;0;20,3;22,5;21,6
06.05.2024;12:06:33;0;0;0;0;0;0;25,1;27,8;23,9
06.05.2024;14:06:33;0;0;0;0;0;0;24,9;26,1;20,3
06.05.2024;16:06:34;0;0;0;0;0;0;20,5;20,4;18,2
06.05.2024;18:06:34;0;0;0;0;0;0;20,2;20,1;17,7
06.05.2024;20:06:34;0;0;0;0;0;0;18,3;17,5;15,3
06.05.2024;22:06:35;0;0;0;0;0;0;16,7;15,9;14,8
07.05.2024;00:06:36;0;0;0;0;0;0;15,3;14,6;13,4
07.05.2024;02:06:37;0;0;0;0;0;0;13,4;12,3;11,4
07.05.2024;04:06:37;0;0;0;0;0;0;10,9;9,6;8,4
07.05.2024;06:06:38;0;0;0;0;0;0;10,2;9,1;8,6
07.05.2024;08:06:38;0;0;0;0;0;0;16,5;16,2;13,9
07.05.2024;10:06:38;0;0;0;0;0;0;18,2;18,9;15,2
07.05.2024;12:06:39;0;0;0;0;0;0;19,2;19,4;15,9
07.05.2024;14:06:39;0;0;0;0;0;0;18,2;18,1;14,7
07.05.2024;16:06:40;0;0;0;0;0;0;17,6;17,2;14,8
07.05.2024;18:06:40;0;0;0;0;0;0;16;15,4;13
07.05.2024;20:06:41;0;0;0;0;0;0;14,5;13,7;12,1
07.05.2024;22:06:41;0;0;0;0;0;0;13,6;12,6;11,7
08.05.2024;00:06:42;0;0;0;0;0;0;12,6;11,8;11,3
08.05.2024;02:06:42;0;0;0;0;0;0;12;11,4;11,6
08.05.2024;04:06:42;0;0;0;0;0;0;10;8,9;8
08.05.2024;06:06:43;0;0;0;0;0;0;8,7;7,8;7,7
08.05.2024;08:06:43;0;0;0;0;0;0;14,5;14,3;13,2
08.05.2024;10:06:44;0;0;0;0;0;0;19,8;22,6;21,5
08.05.2024;12:06:45;0;0;0;0;0;0;27;32,6;26,3
08.05.2024;13:03:45;0;0;0;0;0;0;29;34,7;26,2
08.05.2024;13:08:34;0;0;0;0;0;0;29,2;35,1;26,5
08.05.2024;15:02:41;0;0;0;0;0;0;31,1;36,4;27,9
08.05.2024;16:51:14;0;0;0;0;0;0;30;31,4;23,7
08.05.2024;18:17:30;0;0;0;0;0;0;26,4;25,8;20,3
08.05.2024;19:40:30;0;0;0;0;0;0;22,8;21,1;17,2
08.05.2024;21:40:30;0;0;0;0;0;0;16,9;14,7;12,1
08.05.2024;21:47:22;0;0;0;0;0;0;16,6;14,4;11,9
08.05.2024;21:50:59;0;0;0;0;0;0;16,5;14,3;11,6
08.05.2024;21:53:29;0;0;0;0;0;0;16,4;14,2;11,4
08.05.2024;23:53:30;0;0;0;0;0;0;12,5;10,6;9,5
09.05.2024;01:53:30;0;0;0;0;0;0;9,7;8;7,9
09.05.2024;03:53:31;0;0;0;0;0;0;8;6,1;5
09.05.2024;05:53:32;0;0;0;0;0;0;7;5,3;4,7
09.05.2024;07:53:32;0;0;0;0;0;0;15;12,5;10,2
09.05.2024;09:53:32;0;0;0;0;0;0;21,4;23,8;25,6
09.05.2024;11:53:33;0;0;0;0;0;0;27,8;33,6;28,5
09.05.2024;13:53:33;0;0;0;0;0;0;31,5;36,6;28,4
09.05.2024;15:53:33;0;0;0;0;0;0;31,2;35,1;28,7
09.05.2024;17:53:34;0;0;0;0;0;0;28,6;30;26,4
09.05.2024;19:53:34;0;0;0;0;0;0;23,3;21,5;15,4
09.05.2024;21:53:35;0;0;0;0;0;0;16,2;13,9;8,8
09.05.2024;23:53:35;0;0;0;0;0;0;11,5;9,4;6,3
10.05.2024;01:53:36;0;0;0;0;0;0;8,6;6,8;4,9
10.05.2024;03:53:36;0;0;0;0;0;0;6,7;5;3,8
10.05.2024;05:53:36;0;0;0;0;0;0;6,2;5,1;5,3
10.05.2024;07:53:37;0;0;0;0;0;0;11,2;11,6;13,4
10.05.2024;09:53:37;0;0;0;0;0;0;21,4;23,9;26,6
10.05.2024;11:53:38;0;0;0;0;0;0;28,9;34,7;31,3
10.05.2024;13:53:38;0;0;0;0;0;0;32;36,2;29,2
10.05.2024;15:53:39;0;0;0;0;0;0;34,4;39,7;32,6
10.05.2024;17:53:39;0;0;0;0;0;0;31,9;32,2;23,7
10.05.2024;19:53:39;0;0;0;0;0;0;25,6;24,2;18,9
10.05.2024;21:53:40;0;0;0;0;0;0;20,5;18,8;14,2
10.05.2024;23:53:40;0;0;0;0;0;0;16,3;14,5;11,4
11.05.2024;01:53:41;0;0;0;0;0;0;13,3;11,8;10
11.05.2024;03:53:42;0;0;0;0;0;0;11,3;9,9;9
11.05.2024;05:53:43;0;0;0;0;0;0;10,4;9,4;9,4
11.05.2024;07:53:43;0;0;0;0;0;0;15;15,4;15,5
11.05.2024;09:52:40;0;0;0;0;0;0;18,8;20,3;19,8
11.05.2024;11:52:41;0;0;0;0;0;0;21,9;23,2;22,1
11.05.2024;13:52:41;0;0;0;0;0;0;28,9;34,1;30,7
11.05.2024;15:52:42;0;0;0;0;0;0;28,3;29,3;23,4
11.05.2024;17:52:42;0;0;0;0;0;0;26,5;26,3;20,7
11.05.2024;19:52:43;0;0;0;0;0;0;21,7;19,9;17,1
11.05.2024;21:52:43;0;0;0;0;0;0;17,8;15,8;14,4
11.05.2024;23:52:43;0;0;0;0;0;0;14,9;13,2;12,2
12.05.2024;01:52:44;0;0;0;0;0;0;12,5;11,2;11,4
12.05.2024;03:52:44;0;0;0;0;0;0;12,2;11,4;11,5
12.05.2024;05:52:45;0;0;0;0;0;0;12,3;11,6;11,1
12.05.2024;07:52:45;0;0;0;0;0;0;18,2;15,7;12
12.05.2024;09:52:45;0;0;0;0;0;0;23,8;25,4;23,8
12.05.2024;11:52:46;0;0;0;0;0;0;28,5;33,9;26,8
12.05.2024;13:52:47;0;0;0;0;0;0;32,2;38,7;28,8
12.05.2024;15:52:48;0;0;0;0;0;0;33,6;37,5;30,2
12.05.2024;17:52:48;0;0;0;0;0;0;30,4;31,3;26,7
12.05.2024;19:52:48;0;0;0;0;0;0;24,4;22,6;17,4
12.05.2024;21:52:48;0;0;0;0;0;0;18,4;16,3;13,3
12.05.2024;23:52:49;0;0;0;0;0;0;14,3;12,4;9,8
13.05.2024;01:52:49;0;0;0;0;0;0;11,2;9,6;8,4
13.05.2024;03:52:49;0;0;0;0;0;0;9;7,5;6,1
13.05.2024;05:52:49;0;0;0;0;0;0;7,6;6,1;5,3
13.05.2024;07:52:50;0;0;0;0;0;0;15,2;13,3;11,7
13.05.2024;09:52:50;0;0;0;0;0;0;23,3;25,9;24,1
13.05.2024;11:52:51;0;0;0;0;0;0;30,6;36,2;26,5
13.05.2024;13:52:51;0;0;0;0;0;0;34,7;41,3;29,4
13.05.2024;15:52:51;0;0;0;0;0;0;35,1;40,1;31,8
13.05.2024;17:52:52;0;0;0;0;0;0;32,3;32,9;28,2
13.05.2024;19:52:53;0;0;0;0;0;0;25,8;24,1;19,5
13.05.2024;21:52:53;0;0;0;0;0;0;19,9;17,9;15,1
13.05.2024;23:52:54;0;0;0;0;0;0;16,1;14,3;12,4
14.05.2024;01:52:54;0;0;0;0;0;0;13;11,2;10
14.05.2024;03:52:55;0;0;0;0;0;0;10,9;9,4;7,7
14.05.2024;05:52:55;0;0;0;0;0;0;10,2;8,7;8
14.05.2024;07:52:56;0;0;0;0;0;0;18,5;16,3;13,8
14.05.2024;09:52:57;0;0;0;0;0;0;24,7;27,2;25,4
14.05.2024;11:52:57;0;0;0;0;0;0;32,3;37,3;29,3
14.05.2024;13:52:57;0;0;0;0;0;0;36,9;42,6;31,4
14.05.2024;15:52:58;0;0;0;0;0;0;37,5;41,3;33,9
14.05.2024;17:52:58;0;0;0;0;0;0;33,6;34,3;29,5
14.05.2024;19:52:59;0;0;0;0;0;0;26,5;25,5;21,1
14.05.2024;21:52:59;0;0;0;0;0;0;21,2;19,5;18,2
14.05.2024;23:52:59;0;0;0;0;0;0;17,6;16,2;15,9
15.05.2024;01:53:00;0;0;0;0;0;0;15,4;14,1;13,8
15.05.2024;03:53:00;0;0;0;0;0;0;12,6;11,4;10,4
15.05.2024;05:53:00;0;0;0;0;0;0;12;11;10,9
15.05.2024;07:53:00;0;0;0;0;0;0;19,3;17,5;14,7
15.05.2024;09:53:01;0;0;0;0;0;0;25,4;27,6;25
15.05.2024;11:53:01;0;0;0;0;0;0;32,7;37,8;30
15.05.2024;13:53:02;0;0;0;0;0;0;36,3;42,1;31,4
15.05.2024;15:53:02;0;0;0;0;0;0;31,9;33,2;26,7
15.05.2024;17:53:03;0;0;0;0;0;0;29,6;30,2;25,7
15.05.2024;19:53:03;0;0;0;0;0;0;24,8;24;20,5
15.05.2024;21:53:03;0;0;0;0;0;0;19,7;18,4;17,1
15.05.2024;23:53:04;0;0;0;0;0;0;16,8;15,6;14,5
16.05.2024;01:53:04;0;0;0;0;0;0;14,7;13,2;12
16.05.2024;03:53:04;0;0;0;0;0;0;12,4;11,3;10,8
16.05.2024;05:53:05;0;0;0;0;0;0;12,2;11,3;11,4
16.05.2024;07:53:05;0;0;0;0;0;0;19,4;17,7;14,7
16.05.2024;09:53:05;0;0;0;0;0;0;26,7;28;25,1
16.05.2024;11:53:06;0;0;0;0;0;0;32,7;37;29
16.05.2024;13:53:07;0;0;0;0;0;0;35,7;41;29,1
16.05.2024;15:53:07;0;0;0;0;0;0;33,7;35,6;28,5
16.05.2024;17:53:07;0;0;0;0;0;0;31;31,7;25,2
16.05.2024;19:53:08;0;0;0;0;0;0;27;26,4;22,7
16.05.2024;21:53:09;0;0;0;0;0;0;22,6;21,5;19,9
16.05.2024;23:53:09;0;0;0;0;0;0;18,9;17,8;17,2
17.05.2024;01:53:09;0;0;0;0;0;0;16,1;14,9;13,8
17.05.2024;03:53:09;0;0;0;0;0;0;13,3;12,2;11,4
17.05.2024;05:53:10;0;0;0;0;0;0;12,9;12,2;11,8
17.05.2024;07:53:10;0;0;0;0;0;0;20;18,1;14,9
17.05.2024;09:53:10;0;0;0;0;0;0;26,1;27,7;24,9
17.05.2024;11:53:11;0;0;0;0;0;0;32,8;38,1;29,4
17.05.2024;13:53:11;0;0;0;0;0;0;33,2;35,7;25,9
17.05.2024;15:53:12;0;0;0;0;0;0;27,1;27,2;19,8
17.05.2024;17:53:12;0;0;0;0;0;0;20,9;20,5;15,9
17.05.2024;18:10:11;0;0;0;0;0;1;20;19,2;14,8
17.05.2024;18:28:28;0;0;0;0;0;0;18,7;17,4;13,5
17.05.2024;19:11:29;0;0;0;0;0;1;16,1;14,8;13,5
17.05.2024;19:51:04;0;0;0;0;0;0;14,8;13,6;13
17.05.2024;21:51:04;0;0;0;0;0;0;13,7;13,1;13,1
17.05.2024;23:51:05;0;0;0;0;0;0;13,2;12,5;12,8
18.05.2024;01:51:06;0;0;0;0;0;0;12,1;11,1;11,5
18.05.2024;03:51:06;0;0;0;0;0;0;11;10,1;10,8
18.05.2024;05:51:06;0;0;0;0;0;0;11,5;11;11,3
18.05.2024;07:51:07;0;0;0;0;0;0;18,9;18,1;15,6
18.05.2024;09:51:08;0;0;0;0;0;0;23,4;25,6;21,9
18.05.2024;11:51:08;0;0;0;0;0;0;28,9;31,8;22,5
18.05.2024;13:51:08;0;0;0;0;0;0;30,2;34,6;26,4
18.05.2024;14:25:34;0;0;0;0;0;1;28,4;29;20,5
18.05.2024;15:04:17;0;0;0;0;0;0;21,4;20,7;16,8
18.05.2024;17:04:17;0;0;0;0;0;0;23,6;23,9;20,1
18.05.2024;17:23:18;0;0;0;0;0;1;21;20,2;16,1
18.05.2024;17:41:51;0;0;0;0;0;0;19,4;18,5;14,7
18.05.2024;18:34:32;0;0;0;0;0;1;17,4;16,5;14,6
18.05.2024;18:49:55;0;0;0;0;0;0;16,9;16,2;14,2
18.05.2024;19:26:53;0;0;0;0;0;1;16,3;15,8;14,6
18.05.2024;19:41:57;0;0;0;0;0;0;16;15,5;14,6
18.05.2024;21:41:57;0;0;0;0;0;0;14,5;13,8;14
18.05.2024;23:41:57;0;0;0;0;0;0;14;13,4;14,1
19.05.2024;01:41:58;0;0;0;0;0;0;13,9;13,6;13,8
19.05.2024;03:41:58;0;0;0;0;0;0;14,1;13,5;13,9
19.05.2024;05:07:13;0;0;0;0;0;1;13,6;13,2;13
19.05.2024;05:22:51;0;0;0;0;0;0;13,5;13,1;13,1
19.05.2024;07:22:51;0;0;0;0;0;0;15,6;15,5;14,5
19.05.2024;09:22:51;0;0;0;0;0;0;20,4;22,3;20,6
19.05.2024;11:22:52;0;0;0;0;0;0;25,9;28,7;21,7
19.05.2024;13:22:52;0;0;0;0;0;0;22,1;21,2;15,9
19.05.2024;13:45:17;0;0;0;0;0;1;20,3;19;15,2
19.05.2024;14:00:25;0;0;0;0;0;0;19,6;18,4;15,7
19.05.2024;16:00:25;0;0;0;0;0;0;25,2;27,5;24,1
19.05.2024;18:00:26;0;0;0;0;0;0;27,8;30,7;27,2
19.05.2024;20:00:27;0;0;0;0;0;0;24,6;24,3;19,4
19.05.2024;22:00:27;0;0;0;0;0;0;19,3;17,7;13,6
20.05.2024;00:00:28;0;0;0;0;0;0;16,4;14,9;14,8
20.05.2024;02:00:28;0;0;0;0;0;0;14,4;13,1;12
20.05.2024;04:00:29;0;0;0;0;0;0;12,5;11,1;10,2
20.05.2024;06:00:30;0;0;0;0;0;0;13;12,1;10,9
20.05.2024;08:00:30;0;0;0;0;0;0;22;21,3;18
20.05.2024;10:00:31;0;0;0;0;0;0;27,9;31,4;30,2
20.05.2024;12:00:31;0;0;0;0;0;0;34,8;39,9;30,7
20.05.2024;14:00:32;0;0;0;0;0;0;38,1;45,2;31,4
20.05.2024;16:00:32;0;0;0;0;0;0;37,9;40,6;28,3
20.05.2024;18:00:33;0;0;0;0;0;0;34,6;35,8;32,7
20.05.2024;20:00:33;0;0;0;0;0;0;28,5;27,5;22,3
20.05.2024;22:00:33;0;0;0;0;0;0;23,4;21,8;19,5
21.05.2024;00:00:34;0;0;0;0;0;0;18,8;17,2;13,5
21.05.2024;02:00:34;0;0;0;0;0;0;15,9;14,3;12,1
21.05.2024;04:00:35;0;0;0;0;0;0;13,9;12,4;10,8
21.05.2024;06:00:35;0;0;0;0;0;0;14,8;14,1;13,5
21.05.2024;08:00:36;0;0;0;0;0;0;22,9;22,1;18,6
21.05.2024;10:00:37;0;0;0;0;0;0;29,6;32,3;31,9
21.05.2024;12:00:38;0;0;0;0;0;0;36;40,3;35
21.05.2024;14:00:38;0;0;0;0;0;0;38,6;44,2;33,7
21.05.2024;16:00:38;0;0;0;0;0;0;36,4;38,2;30
21.05.2024;18:00:39;0;0;0;0;0;0;32,8;33,4;26,1
21.05.2024;20:00:40;0;0;0;0;0;0;28,3;27,5;23,6
21.05.2024;22:00:40;0;0;0;0;0;0;25,3;23,9;21,7
22.05.2024;00:00:41;0;0;0;0;0;0;23;21,9;21,5
22.05.2024;02:00:41;0;0;0;0;0;0;21,3;20,6;20,4
22.05.2024;04:00:42;0;0;0;0;0;0;19,2;18,5;17,8
22.05.2024;06:00:43;0;0;0;0;0;0;19,4;18,7;18,5
22.05.2024;08:00:43;0;0;0;0;0;0;24,1;24,7;22,3
22.05.2024;10:00:44;0;0;0;0;0;0;27,1;28,7;23,5
22.05.2024;10:40:29;0;0;0;0;0;0;28,4;30,3;24,2
22.05.2024;12:40:30;0;0;0;0;0;0;30,3;32,2;25,3
22.05.2024;14:40:30;0;0;0;0;0;0;32,1;34;26,1
22.05.2024;16:40:31;0;0;0;0;0;0;32;35,1;28,9
22.05.2024;18:40:31;0;0;0;0;0;0;29,6;29,3;23,5
22.05.2024;20:40:32;0;0;0;0;0;0;23,8;22,8;19,4
22.05.2024;22:40:32;0;0;0;0;0;0;20,4;19,5;18
23.05.2024;00:40:33;0;0;0;0;0;0;18,5;17,8;16,8
23.05.2024;02:40:33;0;0;0;0;0;0;17,6;16,9;16,3
23.05.2024;04:40:34;0;0;0;0;0;0;16,9;16,3;15,9
23.05.2024;06:40:35;0;0;0;0;0;0;17,1;17;17,1
23.05.2024;08:40:35;0;0;0;0;0;0;22,5;23,4;21,4
23.05.2024;10:40:36;0;0;0;0;0;0;26,1;27,6;22,1
23.05.2024;12:40:36;0;0;0;0;0;0;27,1;28,4;22,9
23.05.2024;14:40:37;0;0;0;0;0;0;32,1;34,6;27,2
23.05.2024;16:40:37;0;0;0;0;0;0;29,2;29,5;24
23.05.2024;18:40:37;0;0;0;0;0;0;25,1;24,6;21
23.05.2024;20:40:38;0;0;0;0;0;0;22;20,9;17,8
23.05.2024;22:40:38;0;0;0;0;0;0;20;18,6;16,1
24.05.2024;00:40:38;0;0;0;0;0;0;16,9;15,6;13,3
24.05.2024;02:40:39;0;0;0;0;0;0;15,7;14,7;14,2
24.05.2024;04:40:39;0;0;0;0;0;0;15,4;14,5;14,2
24.05.2024;06:40:39;0;0;0;0;0;0;19;18,6;18
24.05.2024;08:40:40;0;0;0;0;0;0;22,6;23,5;22,8
24.05.2024;10:40:40;0;0;0;0;0;0;27,4;29,6;27,7
24.05.2024;12:40:40;0;0;0;0;0;0;31,3;33,8;29,7
24.05.2024;14:40:41;0;0;0;0;0;0;33,6;35,1;27,6
24.05.2024;14:48:48;0;0;0;0;0;1;33,1;33,9;26,3
24.05.2024;15:04:24;0;0;0;0;0;0;31,8;32;24
24.05.2024;15:48:44;0;0;0;0;0;1;28,9;27,9;22,2
24.05.2024;16:08:11;0;0;0;0;0;1;23,9;23,8;19,5
24.05.2024;16:08:12;0;0;0;0;0;1;25,5;23,8;19,5
24.05.2024;16:10:35;0;0;0;0;0;0;25,3;23,6;19,6
24.05.2024;16:42:30;0;0;0;0;0;1;23,8;22,1;19,5
24.05.2024;17:01:22;0;0;0;0;0;0;22,9;21,8;19,5
24.05.2024;19:01:22;0;0;0;0;0;0;22,8;22,8;21
24.05.2024;21:01:23;0;0;0;0;0;0;20,4;19,6;17,9
24.05.2024;23:01:23;0;0;0;0;0;0;18,5;17,5;16,1
25.05.2024;01:01:24;0;0;0;0;0;0;17,6;16,4;16,4
25.05.2024;03:01:24;0;0;0;0;0;0;17,1;16,4;16,5
25.05.2024;05:01:24;0;0;0;0;0;0;15,6;14,6;15,1
25.05.2024;07:01:25;0;0;0;0;0;0;20,9;20,7;17
25.05.2024;09:01:25;0;0;0;0;0;0;27,7;27,5;21,9
25.05.2024;11:01:26;0;0;0;0;0;0;33,2;36,6;29,5
25.05.2024;13:01:27;0;0;0;0;0;0;37,3;41,6;32,2
25.05.2024;15:01:27;0;0;0;0;0;0;35,2;36,2;26,3
25.05.2024;16:04:34;0;0;0;0;0;1;26,9;25,6;18
25.05.2024;17:02:01;0;0;0;0;0;0;22,3;20,9;18,9
25.05.2024;19:02:02;0;0;0;0;0;0;23,8;23,5;22,5
25.05.2024;21:02:02;0;0;0;0;0;0;21;20;17,4
25.05.2024;23:02:03;0;0;0;0;0;0;18;16,8;14,5
26.05.2024;01:02:03;0;0;0;0;0;0;16;15;13,5
26.05.2024;03:02:04;0;0;0;0;0;0;14,5;13,6;12,8
26.05.2024;05:02:04;0;0;0;0;0;0;13,1;12,2;11,9
26.05.2024;07:02:04;0;0;0;0;0;0;18,7;18,5;16,7
26.05.2024;09:02:05;0;0;0;0;0;0;26,9;27,1;22,9
26.05.2024;11:02:06;0;0;0;0;0;0;29,9;31,7;28,1
26.05.2024;13:02:06;0;0;0;0;0;0;38,5;44;32,5
26.05.2024;15:02:07;0;0;0;0;0;0;41,5;45,3;33,7
26.05.2024;17:02:08;0;0;0;0;0;0;35,6;36,2;28,1
26.05.2024;19:02:08;0;0;0;0;0;0;32,6;32,4;28,8
26.05.2024;21:02:08;0;0;0;0;0;0;25,2;24;20,9
26.05.2024;23:02:09;0;0;0;0;0;0;21,5;20,1;18,2
27.05.2024;01:02:09;0;0;0;0;0;0;19,7;18,6;17,8
27.05.2024;03:02:10;0;0;0;0;0;0;17,8;16,5;15,5
27.05.2024;05:02:10;0;0;0;0;0;0;15,9;14,9;14,9
27.05.2024;07:02:10;0;0;0;0;0;0;20,8;20,5;17,6
27.05.2024;09:02:11;0;0;0;0;0;0;28,1;28,9;23,6
27.05.2024;11:02:12;0;0;0;0;0;0;35,6;39,2;34,1
27.05.2024;13:02:12;0;0;0;0;0;0;39,7;43,9;35,8
27.05.2024;15:02:13;0;0;0;0;0;0;33,3;34;30,1
27.05.2024;17:02:14;0;0;0;0;0;0;32,9;34;28
27.05.2024;19:02:14;0;0;0;0;0;0;30;29,7;24,7
27.05.2024;21:02:15;0;0;0;0;0;0;24,5;23,2;19,6
27.05.2024;23:02:15;0;0;0;0;0;0;20,3;18,8;15,6
28.05.2024;01:02:16;0;0;0;0;0;0;17,5;16,1;14,5
28.05.2024;03:02:16;0;0;0;0;0;0;16,1;14,8;15,8
28.05.2024;05:02:17;0;0;0;0;0;0;14,7;13,7;12,9
28.05.2024;07:02:17;0;0;0;0;0;0;21,1;20,8;17,6
28.05.2024;09:02:17;0;0;0;0;0;0;28,1;28,7;23,6
28.05.2024;11:02:18;0;0;0;0;0;0;35,4;38,8;31,4
28.05.2024;13:02:19;0;0;0;0;0;0;37,1;41,5;33,1
28.05.2024;14:58:15;0;0;0;0;0;1;28,7;28,2;23,9
28.05.2024;15:37:22;0;0;0;0;0;0;21;19,9;17,6
28.05.2024;16:45:44;0;0;0;0;0;1;19,4;19,1;17,1
28.05.2024;17:00:46;0;0;0;0;0;0;19,4;19;17,3
28.05.2024;18:16:17;0;0;0;0;0;1;18,4;17,7;16,1
28.05.2024;19:21:46;0;0;0;0;0;0;17,4;16,6;15,6
28.05.2024;20:48:57;0;0;0;0;0;1;16;15,1;14,3
28.05.2024;21:04:01;0;0;0;0;0;0;15,9;15;14,1
28.05.2024;23:04:01;0;0;0;0;0;0;14,7;13,8;13,2
29.05.2024;01:04:02;0;0;0;0;0;0;14,4;13,4;13,1
29.05.2024;03:04:02;0;0;0;0;0;0;13,5;12,6;12,2
29.05.2024;05:04:02;0;0;0;0;0;0;12,3;11,3;10,8
29.05.2024;07:04:02;0;0;0;0;0;0;16,2;16,3;15,5
29.05.2024;09:04:03;0;0;0;0;0;0;21,3;22,9;21,8
29.05.2024;11:04:04;0;0;0;0;0;0;28,3;31,2;28,6
29.05.2024;13:04:04;0;0;0;0;0;0;33,4;38;30,7
29.05.2024;15:04:05;0;0;0;0;0;0;34,2;37,4;30
29.05.2024;17:04:05;0;0;0;0;0;0;33,9;36,3;29,4
29.05.2024;19:04:06;0;0;0;0;0;0;31,1;30,9;27,4
29.05.2024;21:04:06;0;0;0;0;0;0;24,8;23,2;17,6
29.05.2024;23:04:06;0;0;0;0;0;0;19,3;17,4;13,8
30.05.2024;01:04:07;0;0;0;0;0;0;16,7;15,3;14
30.05.2024;03:04:08;0;0;0;0;0;0;14,5;13,3;11,5
30.05.2024;05:04:08;0;0;0;0;0;0;13,1;12,2;11,4
30.05.2024;07:04:09;0;0;0;0;0;0;18,1;17,9;17,1
30.05.2024;09:04:09;0;0;0;0;0;0;27,3;27,3;22,4
30.05.2024;11:04:09;0;0;0;0;0;0;35,3;38,1;31
30.05.2024;13:04:10;0;0;0;0;0;0;35,6;38,7;31,4
30.05.2024;14:05:13;0;0;0;0;0;1;34,9;35,7;26,7
30.05.2024;14:21:57;0;0;0;0;0;0;29,6;29,1;21,7
30.05.2024;16:21:58;0;0;0;0;0;0;26,4;25,9;21
30.05.2024;18:21:58;0;0;0;0;0;0;24,5;24,4;22,3
30.05.2024;20:21:58;0;0;0;0;0;0;18,6;18;16,7
30.05.2024;21:46:30;0;0;0;0;0;1;17,1;16,2;14,8
30.05.2024;22:01:34;0;0;0;0;0;0;16,8;15,9;14,7
30.05.2024;23:24:16;0;0;0;0;0;1;16,4;15,6;15,4
30.05.2024;23:39:32;0;0;0;0;0;0;16,7;15,6;15,4
31.05.2024;00:09:21;0;0;0;0;0;1;16,5;15,5;15,2
31.05.2024;00:24:35;0;0;0;0;0;0;16,3;15,3;15
31.05.2024;02:24:36;0;0;0;0;0;0;14,4;13,3;13,2
31.05.2024;04:24:36;0;0;0;0;0;0;13,5;12,8;13
31.05.2024;05:01:53;0;0;0;0;0;1;13,3;12,5;12,8
31.05.2024;05:17:07;0;0;0;0;0;0;13,3;12,6;13,1
31.05.2024;06:22:55;0;0;0;0;0;1;14,8;14,5;14,1
31.05.2024;06:37:58;0;0;0;0;0;0;16;15,7;14,6
31.05.2024;06:46:02;0;0;0;0;0;1;16,7;16,4;14,7
31.05.2024;07:01:05;0;0;0;0;0;0;17,7;17,1;15,1
31.05.2024;07:49:17;0;0;0;0;0;1;21,3;19,8;17
31.05.2024;08:04:20;0;0;0;0;0;0;22,3;21,2;17,6
31.05.2024;10:04:21;0;0;0;0;0;0;29,6;30,6;29,7
31.05.2024;12:04:21;0;0;0;0;0;0;34,2;38,6;32,8
31.05.2024;14:04:22;0;0;0;0;0;0;34,4;35,5;27,6
31.05.2024;16:04:22;0;0;0;0;0;0;33,9;34;26,1
31.05.2024;18:04:22;0;0;0;0;0;0;26,4;25,2;21,1
31.05.2024;19:50:01;0;0;0;0;0;1;24,1;23,1;20,2
31.05.2024;20:04:52;0;0;0;0;0;0;23,4;22,2;19,5
31.05.2024;22:04:53;0;0;0;0;0;0;20,6;19,2;16,8
01.06.2024;00:04:54;0;0;0;0;0;0;17,9;16,6;15,1
01.06.2024;02:04:55;0;0;0;0;0;0;16;14,8;14,1
01.06.2024;03:59:25;0;0;0;0;0;1;15,5;14,6;14,8
01.06.2024;04:22:53;0;0;0;0;0;0;15,6;14,9;15,3
01.06.2024;05:16:53;0;0;0;0;0;1;15,8;15,3;15,4
01.06.2024;05:31:58;0;0;0;0;0;0;15,9;15,4;15,4
01.06.2024;05:50:08;0;0;0;0;0;1;15,9;15,5;15,5
01.06.2024;06:07:02;0;0;0;0;0;0;16;15,6;15,6
01.06.2024;08:07:02;0;0;0;0;0;0;17,2;17,3;16,9
01.06.2024;10:07:03;0;0;0;0;0;0;18,2;18,4;17,6
01.06.2024;12:07:03;0;0;0;0;0;0;20,2;21;19,4
01.06.2024;14:07:03;0;0;0;0;0;0;17,7;17,3;14,8
01.06.2024;16:07:03;0;0;0;0;0;0;18,3;18,9;18,1
01.06.2024;18:07:04;0;0;0;0;0;0;22,6;24,7;22,6
01.06.2024;18:46:00;0;0;0;0;0;1;23,1;24,6;22,6
01.06.2024;19:01:02;0;0;0;0;0;0;22,8;23,9;20,7
01.06.2024;20:33:59;0;0;0;0;0;1;20,1;19,7;16,2
01.06.2024;20:49:01;0;0;0;0;0;0;19,6;19;15,5
01.06.2024;22:49:01;0;0;0;0;0;0;17,7;16,7;15,5
02.06.2024;00:49:02;0;0;0;0;0;0;16,5;15,9;15,4
02.06.2024;02:49:02;0;0;0;0;0;0;15,9;15,5;15,5
02.06.2024;04:49:03;0;0;0;0;0;0;15,9;15,6;15,7
02.06.2024;06:49:03;0;0;0;0;0;0;17,1;17,1;17,3
02.06.2024;08:49:03;0;0;0;0;0;0;17,9;18,1;17,8
02.06.2024;10:49:04;0;0;0;0;0;0;20,3;21,4;19,7
02.06.2024;12:49:04;0;0;0;0;0;0;25,8;28;24,5
02.06.2024;14:49:04;0;0;0;0;0;0;32,4;38,1;32,4
02.06.2024;16:49:05;0;0;0;0;0;0;35,9;38,9;30,8
02.06.2024;18:49:05;0;0;0;0;0;0;29,4;29,4;24,8
02.06.2024;19:27:11;0;0;0;0;0;1;27,2;26,1;20,4
02.06.2024;19:51:15;0;0;0;0;0;0;23,8;22,5;17,6
02.06.2024;21:51:15;0;0;0;0;0;0;19,3;18,1;17,2
02.06.2024;23:51:16;0;0;0;0;0;0;17,9;17;16,2
03.06.2024;01:51:16;0;0;0;0;0;0;16,4;15,6;15,5
03.06.2024;03:51:17;0;0;0;0;0;0;15,9;15,4;16
03.06.2024;05:51:17;0;0;0;0;0;0;16,5;16,3;16,6
03.06.2024;07:51:18;0;0;0;0;0;0;17,5;17,7;17,7
03.06.2024;09:51:18;0;0;0;0;0;0;18,8;19,1;18,3
03.06.2024;11:51:19;0;0;0;0;0;0;21,3;22,2;21,7
03.06.2024;13:51:20;0;0;0;0;0;0;21,9;22,6;20,5
03.06.2024;15:51:20;0;0;0;0;0;0;24,1;25;21,9
03.06.2024;17:51:21;0;0;0;0;0;0;22,9;22,8;18,9
03.06.2024;19:51:21;0;0;0;0;0;0;20;19,5;17,4
03.06.2024;21:51:21;0;0;0;0;0;0;18,4;17,5;15,9
03.06.2024;23:51:22;0;0;0;0;0;0;16,5;15,9;14,8
04.06.2024;01:51:22;0;0;0;0;0;0;15,7;15,1;14,2
04.06.2024;03:51:22;0;0;0;0;0;0;15;14,3;13,1
04.06.2024;05:51:23;0;0;0;0;0;0;14,9;14,3;14,1
04.06.2024;07:51:23;0;0;0;0;0;0;16,7;17,2;16,7
04.06.2024;12:01:13;0;0;0;0;0;0;23,7;25,2;19,6
04.06.2024;12:11:38;0;0;0;0;0;0;23,9;25,4;20,3
04.06.2024;12:22:50;0;0;0;0;0;0;24,2;25,7;21,1
04.06.2024;12:38:30;0;0;0;0;0;0;24,5;26;21,1
04.06.2024;12:41:11;0;0;0;0;0;1;24,7;26,2;21,2
04.06.2024;12:41:15;0;0;0;0;0;1;24,7;26,2;21,3
04.06.2024;12:56:14;0;0;0;0;0;0;25,4;27;21,9
04.06.2024;14:56:15;0;0;0;0;0;0;26,3;27,4;21,2
04.06.2024;16:56:15;0;0;0;0;0;0;25,6;26,1;20,6
04.06.2024;18:56:16;0;0;0;0;0;0;23,9;24;20,7
04.06.2024;20:56:16;0;0;0;0;0;0;19,7;18,4;14,1
04.06.2024;22:56:16;0;0;0;0;0;0;17,1;15,5;13,8
05.06.2024;00:56:17;0;0;0;0;0;0;14,7;13,2;12,6
05.06.2024;02:56:18;0;0;0;0;0;0;13;11,5;11,4
05.06.2024;04:56:18;0;0;0;0;0;0;11,6;10,3;9,7
05.06.2024;06:56:19;0;0;0;0;0;0;17;16,9;14,9
05.06.2024;08:56:19;0;0;0;0;0;0;24,8;25;20,2
05.06.2024;10:56:19;0;0;0;0;0;0;32,7;35,2;28,3
05.06.2024;12:56:19;0;0;0;0;0;0;34,2;37,3;31,7
05.06.2024;14:56:20;0;0;0;0;0;0;37,3;42,3;33,2
05.06.2024;16:56:21;0;0;0;0;0;0;37,8;40,3;32,4
05.06.2024;18:56:21;0;0;0;0;0;0;30,3;29,6;22,5
05.06.2024;20:56:21;0;0;0;0;0;0;24,4;23;19
05.06.2024;22:56:21;0;0;0;0;0;0;22;20,6;18,6
06.06.2024;00:56:22;0;0;0;0;0;0;20,6;19,9;18,5
06.06.2024;02:56:23;0;0;0;0;0;0;18,9;18;16,5
06.06.2024;04:56:24;0;0;0;0;0;0;17,6;16,6;15,9
06.06.2024;06:56:24;0;0;0;0;0;0;19,3;19,3;17,5
06.06.2024;08:56:24;0;0;0;0;0;0;26,9;26,6;19,5
06.06.2024;10:56:25;0;0;0;0;0;0;32,9;35,9;30,4
06.06.2024;12:56:25;0;0;0;0;0;0;36,7;42,5;31,5
06.06.2024;14:56:26;0;0;0;0;0;0;34,9;39;34
06.06.2024;16:56:27;0;0;0;0;0;0;35,6;37,4;31,5
06.06.2024;18:56:27;0;0;0;0;0;0;30,9;30,1;23,4
06.06.2024;20:56:28;0;0;0;0;0;0;25,9;24,1;20,1
06.06.2024;21:08:26;0;0;0;0;0;1;24,7;23,1;18,4
06.06.2024;21:27:54;0;0;0;0;0;0;23,8;21,9;17,1
06.06.2024;21:40:02;0;0;0;0;0;1;23,3;21,3;17
06.06.2024;22:17:07;0;0;0;0;0;0;20,5;18,2;15,9
07.06.2024;00:17:07;0;0;0;0;0;0;17,8;16;15,1
07.06.2024;02:17:07;0;0;0;0;0;0;15,6;13,9;12,5
07.06.2024;04:17:07;0;0;0;0;0;0;13,8;12,4;11,4
07.06.2024;06:17:08;0;0;0;0;0;0;14,9;14,8;15
07.06.2024;08:17:08;0;0;0;0;0;0;18,8;19,4;17,9
07.06.2024;10:17:09;0;0;0;0;0;0;29,7;31;27,7
07.06.2024;12:17:09;0;0;0;0;0;0;36,6;40,8;32,5
07.06.2024;14:17:09;0;0;0;0;0;0;39,3;44,3;33,1
07.06.2024;16:17:09;0;0;0;0;0;0;36,4;38,6;31,8
07.06.2024;18:17:10;0;0;0;0;0;0;32;31;24,7
07.06.2024;20:17:11;0;0;0;0;0;0;27,2;25,6;20,5
07.06.2024;22:17:11;0;0;0;0;0;0;21,5;19,6;15,4
08.06.2024;00:17:12;0;0;0;0;0;0;18,2;16,7;14,8
08.06.2024;02:17:13;0;0;0;0;0;0;16,1;15;13,1
08.06.2024;04:17:13;0;0;0;0;0;0;14,4;13,2;11,6
08.06.2024;06:17:13;0;0;0;0;0;0;15,6;15,1;15,1
08.06.2024;08:17:14;0;0;0;0;0;0;19,7;20;19,2
08.06.2024;10:17:14;0;0;0;0;0;0;30,2;31,9;27,6
08.06.2024;12:17:14;0;0;0;0;0;0;35,8;39;29,7
08.06.2024;14:17:16;0;0;0;0;0;0;39,5;44,7;31,6
08.06.2024;16:17:16;0;0;0;0;0;0;38,5;42,3;34,1
08.06.2024;18:17:16;0;0;0;0;0;0;36;35,7;30,8
08.06.2024;20:17:17;0;0;0;0;0;0;30,8;29,7;25
08.06.2024;22:17:18;0;0;0;0;0;0;26,5;25;22,8
09.06.2024;00:17:18;0;0;0;0;0;0;23,8;22,7;21,5
09.06.2024;02:17:19;0;0;0;0;0;0;21,7;20,5;19,3
09.06.2024;04:17:20;0;0;0;0;0;0;19,5;18,6;17,7
09.06.2024;06:17:21;0;0;0;0;0;0;19,5;19,1;17,4
09.06.2024;08:17:21;0;0;0;0;0;0;24,9;23,5;18,8
09.06.2024;10:17:22;0;0;0;0;0;0;30,5;32,8;28,6
09.06.2024;12:17:22;0;0;0;0;0;0;34,6;37,6;29,4
09.06.2024;14:17:22;0;0;0;0;0;0;38,8;42,4;29,8
09.06.2024;16:17:22;0;0;0;0;0;0;37,6;38,6;27,9
09.06.2024;18:17:23;0;0;0;0;0;0;33,2;32,9;30,3
09.06.2024;20:17:23;0;0;0;0;0;0;27,2;25;20,1
09.06.2024;22:17:23;0;0;0;0;0;0;22,8;20,9;18
10.06.2024;00:17:24;0;0;0;0;0;0;20,5;19;17,2
10.06.2024;02:17:24;0;0;0;0;0;0;18,6;17,3;16,2
10.06.2024;02:55:20;0;0;0;0;0;1;18,1;17;16
10.06.2024;03:15:03;0;0;0;0;0;0;17,9;16,7;15,8
10.06.2024;05:15:03;0;0;0;0;0;0;16,4;15,5;14,8
10.06.2024;07:15:03;0;0;0;0;0;0;18,9;19;18,7
10.06.2024;09:15:04;0;0;0;0;0;0;25,3;27,2;25,4
10.06.2024;11:15:05;0;0;0;0;0;0;30,7;32,1;26,4
10.06.2024;13:15:05;0;0;0;0;0;0;29,7;30,6;24,6
10.06.2024;15:15:05;0;0;0;0;0;0;32,6;35,3;31,4
10.06.2024;17:15:06;0;0;0;0;0;0;34,1;35,6;30,3
10.06.2024;19:15:07;0;0;0;0;0;0;30,7;30,9;28,3
10.06.2024;21:15:07;0;0;0;0;0;0;25;23,6;17,6
10.06.2024;23:15:08;0;0;0;0;0;0;21,2;19,2;17,5
11.06.2024;01:15:08;0;0;0;0;0;0;18,2;17;16,6
11.06.2024;03:15:09;0;0;0;0;0;0;16,6;15,2;14,8
11.06.2024;05:15:09;0;0;0;0;0;0;15,4;14,5;14,6
11.06.2024;07:15:10;0;0;0;0;0;0;18,9;19,2;17,8
11.06.2024;07:55:52;0;0;0;0;0;1;19,9;20,2;18,5
11.06.2024;08:16:24;0;0;0;0;0;0;19,6;19,9;17,3
11.06.2024;10:16:24;0;0;0;0;0;0;23,9;26,4;23,7
11.06.2024;12:16:24;0;0;0;0;0;0;29,7;34,7;24,8
11.06.2024;14:16:25;0;0;0;0;0;0;30,6;35,4;24,5
11.06.2024;16:16:26;0;0;0;0;0;0;30,4;32,4;22,7
11.06.2024;18:16:26;0;0;0;0;0;0;27,5;27,7;22,8
11.06.2024;20:16:27;0;0;0;0;0;0;22,1;21;16,3
11.06.2024;22:16:28;0;0;0;0;0;0;17,5;15,5;11,6
12.06.2024;00:16:28;0;0;0;0;0;0;14,8;12,9;10,9
12.06.2024;02:16:28;0;0;0;0;0;0;13,3;11,9;11,6
12.06.2024;04:16:28;0;0;0;0;0;0;13,3;12,2;11,9
12.06.2024;06:16:29;0;0;0;0;0;0;12,9;12,3;12,4
12.06.2024;08:16:29;0;0;0;0;0;0;16,3;16,9;17,2
12.06.2024;10:16:30;0;0;0;0;0;0;20,9;21,8;18,9
12.06.2024;12:16:30;0;0;0;0;0;0;25,6;29,5;26
12.06.2024;14:16:31;0;0;0;0;0;0;30,8;36,6;27,7
12.06.2024;16:16:31;0;0;0;0;0;0;28,6;31,3;24,6
12.06.2024;18:16:32;0;0;0;0;0;0;28,5;28,9;23,3
12.06.2024;20:16:33;0;0;0;0;0;0;22,5;21,3;16,9
12.06.2024;22:16:33;0;0;0;0;0;0;17,9;16,2;14,8
13.06.2024;00:16:33;0;0;0;0;0;0;15;13,3;12
13.06.2024;02:16:34;0;0;0;0;0;0;12,1;10,7;9,5
13.06.2024;04:16:34;0;0;0;0;0;0;11;9,6;8,3
13.06.2024;06:16:35;0;0;0;0;0;0;12,6;11,9;12,4
13.06.2024;08:16:35;0;0;0;0;0;0;16,9;17,8;17,6
13.06.2024;10:16:36;0;0;0;0;0;0;21,5;23;20,1
13.06.2024;12:16:36;0;0;0;0;0;0;26,8;28,3;22,6
13.06.2024;14:16:36;0;0;0;0;0;0;30,3;35,9;28,8
13.06.2024;16:16:37;0;0;0;0;0;0;32,3;34,3;23
13.06.2024;16:31:19;0;0;0;0;0;1;30,6;31,4;20,3
13.06.2024;17:09:44;0;0;0;0;0;0;25,4;25;16,4
13.06.2024;17:26:50;0;0;0;0;0;1;24,4;23,6;16,5
13.06.2024;17:45:36;0;0;0;0;0;0;23,8;22,8;16,6
13.06.2024;19:45:37;0;0;0;0;0;0;21,1;20;15,6
13.06.2024;21:45:37;0;0;0;0;0;0;17,6;16,2;13,1
13.06.2024;23:45:37;0;0;0;0;0;0;14,2;12,5;9,5
14.06.2024;01:45:38;0;0;0;0;0;0;11,5;9,9;7,7
14.06.2024;03:45:38;0;0;0;0;0;0;9,3;7,7;6,4
14.06.2024;05:45:39;0;0;0;0;0;0;9,3;9,2;8,6
14.06.2024;07:45:39;0;0;0;0;0;0;18,6;18,8;15,7
14.06.2024;09:45:40;0;0;0;0;0;0;23,7;25,5;22
14.06.2024;11:45:40;0;0;0;0;0;0;29,8;33,7;25,2
14.06.2024;13:45:40;0;0;0;0;0;0;30,6;32,7;23
14.06.2024;15:45:41;0;0;0;0;0;0;30,8;33;25
14.06.2024;17:45:41;0;0;0;0;0;0;28,8;29,4;22
14.06.2024;19:45:42;0;0;0;0;0;0;24,6;24;20,3
14.06.2024;21:15:23;0;0;0;0;0;1;22,5;21,5;19,3
14.06.2024;21:32:52;0;0;0;0;0;0;21,9;20,9;18,8
14.06.2024;23:32:53;0;0;0;0;0;0;20,6;19,5;18,4
15.06.2024;01:32:53;0;0;0;0;0;0;19,1;18,1;17,3
15.06.2024;03:32:54;0;0;0;0;0;0;18,1;17,2;16,6
15.06.2024;05:32:54;0;0;0;0;0;0;16,1;16;15,5
15.06.2024;07:32:55;0;0;0;0;0;0;22,3;22,7;18,8
15.06.2024;09:32:56;0;0;0;0;0;0;30,1;29,9;27,3
15.06.2024;11:32:56;0;0;0;0;0;0;35,7;38,3;31
15.06.2024;13:32:56;0;0;0;0;0;0;35,9;37,8;28,1
15.06.2024;15:32:57;0;0;0;0;0;0;32,1;32,1;26,6
15.06.2024;17:32:58;0;0;0;0;0;0;32,2;32,5;28,2
15.06.2024;19:26:37;0;0;0;0;0;1;26,6;25,9;21
15.06.2024;19:51:27;0;0;0;0;0;0;25,2;24,4;20
15.06.2024;21:01:10;0;0;0;0;0;1;23,3;22,4;19,2
15.06.2024;21:55:50;0;0;0;0;0;0;21,1;20;17,8
15.06.2024;23:26:05;0;0;0;0;0;1;20,1;19,2;18
16.06.2024;00:22:01;0;0;0;0;0;0;19,5;18,6;18
16.06.2024;00:31:57;0;0;0;0;0;1;19,4;18,6;18
16.06.2024;01:31:06;0;0;0;0;0;0;18,9;18,1;17,3
16.06.2024;01:43:06;0;0;0;0;0;1;18,8;18;17,2
16.06.2024;03:43:07;0;0;0;0;0;1;17,9;17,1;17
16.06.2024;05:43:07;0;0;0;0;0;1;17,2;16,8;16,8
16.06.2024;06:13:54;0;0;0;0;0;0;17,3;16,9;16,9
16.06.2024;08:13:55;0;0;0;0;0;0;18,7;18,9;18,5
16.06.2024;10:13:55;0;0;0;0;0;0;23,1;24,5;21,6
16.06.2024;11:09:24;0;0;0;0;0;0;51,1;28,1;24,5
16.06.2024;11:09:24;0;0;0;0;0;0;25,6;28,1;24,5
16.06.2024;13:09:25;0;0;0;0;0;0;30,6;34,6;29,6
16.06.2024;14:55:06;0;0;0;0;0;1;31,5;33,7;26,3
16.06.2024;15:10:19;0;0;0;0;0;0;31,1;32,9;26,2
16.06.2024;17:10:19;0;0;0;0;0;0;31,9;34,3;29,7
16.06.2024;19:10:20;0;0;0;0;0;0;29,8;29,9;26,4
16.06.2024;21:10:21;0;0;0;0;0;0;24,7;23,4;20,5
16.06.2024;23:10:21;0;0;0;0;0;0;21,1;19,6;18,4
17.06.2024;01:10:21;0;0;0;0;0;0;18,8;17,4;16,9
17.06.2024;03:10:22;0;0;0;0;0;0;15,9;14,7;12,7
17.06.2024;05:10:23;0;0;0;0;0;0;14,3;13,3;12,2
17.06.2024;07:10:24;0;0;0;0;0;0;22,7;22,9;18,4
17.06.2024;09:10:24;0;0;0;0;0;0;30,1;30,7;25
17.06.2024;11:10:24;0;0;0;0;0;0;35,2;38,3;30,8
17.06.2024;13:10:24;0;0;0;0;0;0;36,8;38,9;28,5
17.06.2024;15:10:25;0;0;0;0;0;0;40,7;46,2;36,2
17.06.2024;17:10:26;0;0;0;0;0;0;34,4;33,9;26,3
17.06.2024;17:30:35;0;0;0;0;0;1;33;32,2;25,7
17.06.2024;18:03:12;0;0;0;0;0;0;28,3;26,9;23,7
17.06.2024;20:03:13;0;0;0;0;0;0;27,7;27;23,3
17.06.2024;22:03:13;0;0;0;0;0;0;23,1;21,5;17,4
18.06.2024;00:03:14;0;0;0;0;0;0;20,5;19,2;17,8
18.06.2024;02:03:15;0;0;0;0;0;0;19,8;18,8;18,9
18.06.2024;02:12:31;0;0;0;0;0;1;19,7;18,8;19
18.06.2024;03:08:17;0;0;0;0;0;0;19,2;18,4;18,3
18.06.2024;03:34:04;0;0;0;0;0;1;19,2;18,4;18
18.06.2024;05:34:05;0;0;0;0;0;1;18,4;18;18,1
18.06.2024;06:26:29;0;0;0;0;0;0;19,3;19,1;19,1
18.06.2024;08:26:29;0;0;0;0;0;0;25,3;25,5;25,1
18.06.2024;10:26:30;0;0;0;0;0;0;33;36,1;34,9
18.06.2024;12:26:31;0;0;0;0;0;0;39,7;44,4;34,4
18.06.2024;14:26:31;0;0;0;0;0;0;41,6;44,5;34,8
18.06.2024;16:26:31;0;0;0;0;0;0;39,9;42,7;34,9
18.06.2024;18:26:32;0;0;0;0;0;0;38,9;38,8;35,4
18.06.2024;20:26:32;0;0;0;0;0;0;33,4;32;27,6
18.06.2024;22:26:32;0;0;0;0;0;0;28,3;26,9;25,3
19.06.2024;00:26:33;0;0;0;0;0;0;25,5;24,3;23
19.06.2024;02:26:33;0;0;0;0;0;0;23,7;22,4;20,8
19.06.2024;04:26:34;0;0;0;0;0;0;20,7;19,7;18,8
19.06.2024;06:26:34;0;0;0;0;0;0;23,2;23;20,1
19.06.2024;08:26:34;0;0;0;0;0;0;29,3;28,4;24
19.06.2024;10:26:35;0;0;0;0;0;0;35,6;36,8;30,3
19.06.2024;12:26:35;0;0;0;0;0;0;34,1;34,7;27
19.06.2024;14:26:36;0;0;0;0;0;0;32,8;33,4;28,5
19.06.2024;16:20:00;0;0;0;0;0;1;32,2;32,2;25,7
19.06.2024;16:40:21;0;0;0;0;0;0;31,5;31,3;25,3
19.06.2024;18:08:07;0;0;0;0;0;1;28,5;27,8;22,3
19.06.2024;20:08:08;0;0;0;0;0;1;19,6;18,5;16,8
19.06.2024;20:31:41;0;0;0;0;0;0;19,1;18;16,4
19.06.2024;20:41:27;0;0;0;0;0;1;18,9;17,9;16,2
19.06.2024;22:09:33;0;0;0;0;0;0;17,4;16,4;15,3
19.06.2024;22:11:04;0;0;0;0;0;1;17,4;16,4;15,3
19.06.2024;22:31:24;0;0;0;0;0;0;17,1;16,2;15,4
19.06.2024;22:35:27;0;0;0;0;0;1;17;16,1;15,4
19.06.2024;23:25:42;0;0;0;0;0;0;16,5;15,7;14,9
20.06.2024;01:25:42;0;0;0;0;0;0;15,4;14,4;14
20.06.2024;03:25:42;0;0;0;0;0;0;14,7;13,7;12,8
20.06.2024;05:25:43;0;0;0;0;0;0;14,5;14,3;14
20.06.2024;07:25:43;0;0;0;0;0;0;16,8;17,3;16,5
20.06.2024;09:25:44;0;0;0;0;0;0;23,9;25,7;24,6
20.06.2024;11:25:44;0;0;0;0;0;0;29,6;32,8;26,3
20.06.2024;13:25:45;0;0;0;0;0;0;33,4;37,4;26,9
20.06.2024;15:25:46;0;0;0;0;0;0;35,1;40,5;34
20.06.2024;17:25:46;0;0;0;0;0;0;34,5;35,9;29,7
20.06.2024;19:25:47;0;0;0;0;0;0;29,5;29;23,4
20.06.2024;21:25:47;0;0;0;0;0;0;24,1;22,8;19,4
20.06.2024;23:25:47;0;0;0;0;0;0;21,7;20,6;19,7
21.06.2024;01:25:47;0;0;0;0;0;0;20,6;19,8;19,1
21.06.2024;03:25:48;0;0;0;0;0;0;19,1;18,3;17,9
21.06.2024;05:25:48;0;0;0;0;0;0;18,7;17,7;17,2
21.06.2024;07:25:49;0;0;0;0;0;0;24;24;20
21.06.2024;09:25:49;0;0;0;0;0;0;30,5;31,8;28,3
21.06.2024;11:25:49;0;0;0;0;0;0;37,3;41,5;34,7
21.06.2024;13:24:31;0;0;0;0;0;0;42,5;48,5;36,3
21.06.2024;15:24:31;0;0;0;0;0;0;44,6;49,2;39,8
21.06.2024;17:24:31;0;0;0;0;0;0;42,4;44,3;38,1
21.06.2024;19:24:32;0;0;0;0;0;0;35,6;34,6;29,5
21.06.2024;19:33:53;0;0;0;0;0;1;35;33,6;29
21.06.2024;21:33:53;0;0;0;0;0;1;25,5;24,3;22,6
21.06.2024;22:18:24;0;0;0;0;0;0;24,6;23,6;22,5
22.06.2024;00:18:25;0;0;0;0;0;0;23;22;21,1
22.06.2024;02:18:25;0;0;0;0;0;0;21,7;20,7;20,2
22.06.2024;04:18:26;0;0;0;0;0;0;20,8;20;19,7
22.06.2024;04:52:09;0;0;0;0;0;1;20,7;20;20,1
22.06.2024;05:25:32;0;0;0;0;0;0;19,3;18,7;18,1
22.06.2024;06:46:18;0;0;0;0;0;1;19;18,8;18,6
22.06.2024;07:01:25;0;0;0;0;0;0;18,9;18,7;18,4
22.06.2024;07:56:47;0;0;0;0;0;1;20,5;20,8;20,4
22.06.2024;08:21:30;0;0;0;0;0;0;21,6;22,1;21,4
22.06.2024;09:17:03;0;0;0;0;0;1;24,5;25,5;23,5
22.06.2024;09:33:39;0;0;0;0;0;0;25,9;26,5;25,5
22.06.2024;11:33:39;0;0;0;0;0;0;30,5;33;28,4
22.06.2024;13:33:39;0;0;0;0;0;0;33,2;35,8;27,5
22.06.2024;15:33:39;0;0;0;0;0;0;34,6;38,5;30,2
22.06.2024;17:33:40;0;0;0;0;0;0;34,2;35;28,3
22.06.2024;19:33:40;0;0;0;0;0;0;29,3;28,5;23,8
22.06.2024;21:33:41;0;0;0;0;0;0;24;22,2;18,2
22.06.2024;23:33:42;0;0;0;0;0;0;19,8;17,9;16,2
23.06.2024;01:33:42;0;0;0;0;0;0;17,5;16;15,6
23.06.2024;03:33:42;0;0;0;0;0;0;15,8;14,4;13,7
23.06.2024;05:33:43;0;0;0;0;0;0;14,7;14;14,8
23.06.2024;07:33:43;0;0;0;0;0;0;23,1;22,9;18,7
23.06.2024;09:33:43;0;0;0;0;0;0;29,4;29,5;28
23.06.2024;11:33:43;0;0;0;0;0;0;34,6;38,5;31,7
23.06.2024;13:33:44;0;0;0;0;0;0;38,9;42,8;31,5
23.06.2024;15:33:44;0;0;0;0;0;0;40,7;44,7;35,5
23.06.2024;17:33:45;0;0;0;0;0;0;36,8;36,7;28,3
23.06.2024;19:33:46;0;0;0;0;0;0;31,7;30,4;25
23.06.2024;21:33:46;0;0;0;0;0;0;25,2;23,2;19,3
23.06.2024;23:33:47;0;0;0;0;0;0;21,2;19,3;17,3
24.06.2024;01:33:47;0;0;0;0;0;0;18,9;17,4;16,3
24.06.2024;03:33:47;0;0;0;0;0;0;16,2;14,8;13,1
24.06.2024;05:33:48;0;0;0;0;0;0;15,9;15;14,7
24.06.2024;07:33:48;0;0;0;0;0;0;19;19,4;19,9
24.06.2024;09:33:49;0;0;0;0;0;0;27,3;27,7;25,4
24.06.2024;11:33:49;0;0;0;0;0;0;33,1;35;28,7
24.06.2024;13:33:49;0;0;0;0;0;0;32,3;33,9;28,2
24.06.2024;15:33:50;0;0;0;0;0;0;36;40;33,4
24.06.2024;17:33:50;0;0;0;0;0;0;34,7;35,1;26,8
24.06.2024;19:33:50;0;0;0;0;0;0;29,4;28;23
24.06.2024;21:33:51;0;0;0;0;0;0;24,3;22,4;19,4
24.06.2024;23:33:51;0;0;0;0;0;0;19,6;17,9;14,4
25.06.2024;01:33:52;0;0;0;0;0;0;16,7;15,2;12,7
25.06.2024;03:33:53;0;0;0;0;0;0;14,8;13,5;12,3
25.06.2024;05:33:53;0;0;0;0;0;0;15,8;15,2;16,3
25.06.2024;07:33:53;0;0;0;0;0;0;20,2;20,5;20,3
25.06.2024;09:33:54;0;0;0;0;0;0;30,7;30,4;30,1
25.06.2024;11:33:54;0;0;0;0;0;0;34,6;36,9;29,8
25.06.2024;13:33:54;0;0;0;0;0;0;37,2;42,5;37,2
25.06.2024;15:33:55;0;0;0;0;0;0;38;40,1;33,4
25.06.2024;17:33:55;0;0;0;0;0;0;37;37,9;32,8
25.06.2024;19:33:55;0;0;0;0;0;0;32,9;32,1;27,6
25.06.2024;21:33:56;0;0;0;0;0;0;26,5;25;22,1
25.06.2024;23:33:56;0;0;0;0;0;0;22,7;21,3;19,6
26.06.2024;01:33:56;0;0;0;0;0;0;20,2;19;17,9
26.06.2024;03:33:57;0;0;0;0;0;0;18,4;17,6;16,7
26.06.2024;05:33:57;0;0;0;0;0;0;17,7;17,3;17,7
26.06.2024;07:33:57;0;0;0;0;0;0;24,8;24,9;20,7
26.06.2024;09:33:58;0;0;0;0;0;0;31,1;31,9;29,5
26.06.2024;11:33:59;0;0;0;0;0;0;38,6;42,9;34,8
26.06.2024;13:33:59;0;0;0;0;0;0;43,1;48,5;39,2
26.06.2024;15:33:59;0;0;0;0;0;0;44;47,3;39,9
26.06.2024;17:33:59;0;0;0;0;0;0;40,7;42,4;37,5
26.06.2024;19:34:00;0;0;0;0;0;0;35,8;35,1;30,2
26.06.2024;21:34:00;0;0;0;0;0;0;30,8;29,5;26,7
26.06.2024;23:34:01;0;0;0;0;0;0;27,7;26,6;25,4
27.06.2024;01:34:01;0;0;0;0;0;0;25,3;24,2;23
27.06.2024;03:34:01;0;0;0;0;0;0;23,8;22,9;21,7
27.06.2024;05:34:02;0;0;0;0;0;0;22,7;22;21,5
27.06.2024;07:34:02;0;0;0;0;0;0;26,8;27,3;24
27.06.2024;09:34:02;0;0;0;0;0;0;32,8;34,3;32,6
27.06.2024;11:34:03;0;0;0;0;0;0;40;43,8;35,9
27.06.2024;13:34:04;0;0;0;0;0;0;39,1;41,2;33,6
27.06.2024;15:34:05;0;0;0;0;0;0;41,2;45,5;36,9
27.06.2024;17:34:05;0;0;0;0;0;0;41,9;43,8;35,7
27.06.2024;19:34:06;0;0;0;0;0;0;36,2;36;29,2
27.06.2024;19:44:56;0;0;0;0;0;1;35,3;34,8;28,3
27.06.2024;20:18:17;0;0;0;0;0;0;31,2;29,7;23,2
27.06.2024;22:18:18;0;0;0;0;0;0;26,4;24,9;22,8
28.06.2024;00:18:18;0;0;0;0;0;0;24,5;23,2;22,2
28.06.2024;02:18:19;0;0;0;0;0;0;22,6;21,7;20,9
28.06.2024;04:18:19;0;0;0;0;0;0;20,6;19,7;18
28.06.2024;06:18:19;0;0;0;0;0;0;22,5;22;21,9
28.06.2024;08:18:20;0;0;0;0;0;0;29,2;28,8;26,6
28.06.2024;10:18:21;0;0;0;0;0;0;35,6;37,2;34,5
28.06.2024;12:18:21;0;0;0;0;0;0;39,7;42,1;34,6
28.06.2024;14:18:22;0;0;0;0;0;0;43,2;48,8;38,4
28.06.2024;16:18:22;0;0;0;0;0;0;45;48,1;39,8
28.06.2024;18:18:22;0;0;0;0;0;0;40,6;40,6;35,2
28.06.2024;20:18:23;0;0;0;0;0;0;34,2;33,1;27,4
28.06.2024;22:18:23;0;0;0;0;0;0;28,3;26,6;21,9
29.06.2024;00:18:23;0;0;0;0;0;0;24,2;22,7;19,3
29.06.2024;02:18:24;0;0;0;0;0;0;22,6;21,3;18,9
29.06.2024;04:18:25;0;0;0;0;0;0;20,9;19,8;18,5
29.06.2024;06:18:25;0;0;0;0;0;0;22,3;22;21,6
29.06.2024;08:18:25;0;0;0;0;0;0;26,5;27,1;24,5
29.06.2024;10:18:26;0;0;0;0;0;0;32,7;34,9;29,9
29.06.2024;12:18:26;0;0;0;0;0;0;38,3;43,3;35,7
29.06.2024;14:18:26;0;0;0;0;0;0;42,2;48;40,3
29.06.2024;16:18:27;0;0;0;0;0;0;44,3;48;39,4
29.06.2024;18:18:27;0;0;0;0;0;0;41,6;42,3;36
29.06.2024;20:18:28;0;0;0;0;0;0;36,5;35,6;30,8
29.06.2024;22:18:28;0;0;0;0;0;0;31;29,8;27,9
30.06.2024;00:18:29;0;0;0;0;0;0;27,9;27;26,3
30.06.2024;02:18:29;0;0;0;0;0;0;25,8;25;24,8
30.06.2024;04:18:29;0;0;0;0;0;0;24,1;23,4;23,3
30.06.2024;06:18:30;0;0;0;0;0;0;25;24,7;24,5
30.06.2024;08:18:30;0;0;0;0;0;0;30,7;31;28,6
30.06.2024;10:18:31;0;0;0;0;0;0;37,7;40,1;35,4
30.06.2024;12:18:32;0;0;0;0;0;0;43,5;48,1;39
30.06.2024;14:18:32;0;0;0;0;0;0;46,8;51,3;40,3
30.06.2024;16:18:32;0;0;0;0;0;0;39,9;39,7;30,6
30.06.2024;17:36:27;0;0;0;0;0;1;34,4;33,1;26,5
30.06.2024;18:04:59;0;0;0;0;0;0;32,9;31,4;25,9
30.06.2024;19:51:53;0;0;0;0;0;1;29,5;28,1;24,8
30.06.2024;20:33:54;0;0;0;0;0;0;27,2;25,2;23,9
30.06.2024;21:03:10;0;0;0;0;0;1;26,1;24,7;23,4
30.06.2024;21:19:01;0;0;0;0;0;0;25,7;24,4;23,1
30.06.2024;22:23:07;0;0;0;0;0;1;24,9;23,9;22,8
30.06.2024;22:51:34;0;0;0;0;0;0;24,1;22,9;22,2
30.06.2024;23:47:40;0;0;0;0;0;1;23,5;22,6;22,3
01.07.2024;00:39:43;0;0;0;0;0;0;21,1;20,3;19,4
01.07.2024;00:43:07;0;0;0;0;0;1;21;20,3;19,4
01.07.2024;02:19:51;0;0;0;0;0;0;19,8;19,4;18,8
01.07.2024;04:00:14;0;0;0;0;0;1;19,1;18,7;18,4
01.07.2024;04:28:58;0;0;0;0;0;0;19,2;18,8;18,6
01.07.2024;04:33:05;0;0;0;0;0;1;19,1;18,8;18,6
01.07.2024;06:19:33;0;0;0;0;0;0;18,6;18,3;17,7
01.07.2024;06:26:10;0;0;0;0;0;1;18,6;18,3;17,7
01.07.2024;06:41:17;0;0;0;0;0;0;18,5;18,2;17,4
01.07.2024;06:46:33;0;0;0;0;0;1;18,4;18,1;17,3
01.07.2024;07:01:45;0;0;0;0;0;0;18,5;18,4;17,9
01.07.2024;07:03:53;0;0;0;0;0;1;18,6;18,4;18
01.07.2024;07:39:22;0;0;0;0;0;0;19;19;18,4
01.07.2024;09:39:22;0;0;0;0;0;0;21,8;23,3;22,7
01.07.2024;11:39:23;0;0;0;0;0;0;27,2;29,5;28,7
01.07.2024;13:39:24;0;0;0;0;0;0;30,3;32,7;26,8
01.07.2024;15:39:24;0;0;0;0;0;0;34,2;39,7;32,3
01.07.2024;16:27:09;0;0;0;0;0;1;33,4;34,8;25
01.07.2024;17:30:58;0;0;0;0;0;0;23;22,7;19,9
01.07.2024;19:30:58;0;0;0;0;0;0;20,4;20,2;17,1
01.07.2024;20:34:06;0;0;0;0;0;1;20;19,6;17,2
01.07.2024;20:50:03;0;0;0;0;0;0;19,7;19,1;17
01.07.2024;21:26:43;0;0;0;0;0;1;19,1;18,3;16,9
01.07.2024;21:41:49;0;0;0;0;0;0;18,8;18;16,8
01.07.2024;23:01:53;0;0;0;0;0;1;17,6;16,8;15,5
01.07.2024;23:17:05;0;0;0;0;0;0;17,4;16,7;15,6
01.07.2024;23:25:08;0;0;0;0;0;1;17,4;16,6;15,6
01.07.2024;23:48:05;0;0;0;0;0;0;17,2;16,4;15,8
02.07.2024;00:03:33;0;0;0;0;0;1;17,1;16,2;15,6
02.07.2024;01:18:41;0;0;0;0;0;0;16,5;15,8;16,1
02.07.2024;03:18:42;0;0;0;0;0;0;15,7;15;14,8
02.07.2024;05:18:42;0;0;0;0;0;0;15,5;14,9;14,9
02.07.2024;07:18:43;0;0;0;0;0;0;18,5;18,8;17,7
02.07.2024;09:18:43;0;0;0;0;0;0;21,7;22,6;20,6
02.07.2024;11:18:44;0;0;0;0;0;0;26,8;28,9;23,5
02.07.2024;12:37:33;0;0;0;0;0;1;28,4;30,5;25,6
02.07.2024;12:57:51;0;0;0;0;0;0;28,5;31,8;26,8
02.07.2024;14:57:51;0;0;0;0;0;0;32,8;37,5;28,8
02.07.2024;16:57:51;0;0;0;0;0;0;30,5;31,2;23,5
02.07.2024;18:57:51;0;0;0;0;0;0;24,9;24,4;20,2
02.07.2024;20:57:51;0;0;0;0;0;0;21,5;20,6;18,4
02.07.2024;22:57:51;0;0;0;0;0;0;19,1;18,1;17
03.07.2024;00:57:52;0;0;0;0;0;0;17,7;16,9;16,5
03.07.2024;02:57:52;0;0;0;0;0;0;17,4;16,7;16,4
03.07.2024;04:57:52;0;0;0;0;0;0;17;16,5;16
03.07.2024;06:57:52;0;0;0;0;0;0;17,6;17,6;16,9
03.07.2024;08:02:21;0;0;0;0;0;1;18,5;18,8;17,3
03.07.2024;08:34:44;0;0;0;0;0;0;17,9;17,9;16,6
03.07.2024;10:34:44;0;0;0;0;0;0;22,1;23,9;22,2
03.07.2024;12:34:45;0;0;0;0;0;0;30,5;34,4;29,2
03.07.2024;14:34:45;0;0;0;0;0;0;32;34,9;28,1
03.07.2024;16:34:45;0;0;0;0;0;0;31,2;32,5;24,7
03.07.2024;18:34:45;0;0;0;0;0;0;27,6;27,2;21,6
03.07.2024;20:34:46;0;0;0;0;0;0;23,8;22,9;18,5
03.07.2024;22:34:46;0;0;0;0;0;0;18,7;17,2;13,8
04.07.2024;00:34:47;0;0;0;0;0;0;16,7;15,5;13,1
04.07.2024;02:34:48;0;0;0;0;0;0;15,8;14,7;13,9
04.07.2024;04:34:48;0;0;0;0;0;0;16;15;14,3
04.07.2024;05:14:26;0;0;0;0;0;1;16;15;14,4
04.07.2024;05:36:31;0;0;0;0;0;0;15,9;15;14,6
04.07.2024;07:36:31;0;0;0;0;0;0;16,1;15,8;16
04.07.2024;08:38:29;0;0;0;0;0;1;16,5;16,5;15,5
04.07.2024;08:58:49;0;0;0;0;0;0;16,3;16,2;15
04.07.2024;09:13:50;0;0;0;0;0;1;16,3;16,3;15,1
04.07.2024;09:30:25;0;0;0;0;0;0;16;15,8;14
04.07.2024;09:34:09;0;0;0;0;0;1;16;15,8;14
04.07.2024;10:37:33;0;0;0;0;0;0;16,9;17,4;17,8
04.07.2024;12:37:34;0;0;0;0;0;0;27,3;33,2;26,9
04.07.2024;14:37:34;0;0;0;0;0;0;32,7;35,3;24,7
04.07.2024;16:37:34;0;0;0;0;0;0;27,5;28,2;23,4
04.07.2024;18:37:35;0;0;0;0;0;0;26,7;26,6;24,5
04.07.2024;20:37:35;0;0;0;0;0;0;23,3;22,4;20,1
04.07.2024;21:22:09;0;0;0;0;0;1;21,7;20,6;18,8
04.07.2024;22:08:30;0;0;0;0;0;0;18,1;17,1;15,3
04.07.2024;22:39:15;0;0;0;0;0;1;17,2;16,4;15,2
04.07.2024;22:54:18;0;0;0;0;0;0;16,8;16,1;15,3
04.07.2024;23:12:08;0;0;0;0;0;1;16,6;16;15,3
05.07.2024;00:32:40;0;0;0;0;0;0;15,9;15,3;14,7
05.07.2024;02:32:40;0;0;0;0;0;0;14;12,9;12,2
05.07.2024;04:32:41;0;0;0;0;0;0;12,2;11;10,8
05.07.2024;06:32:41;0;0;0;0;0;0;15,6;15,3;13,1
05.07.2024;08:32:42;0;0;0;0;0;0;23,8;23,1;19,4
05.07.2024;10:32:42;0;0;0;0;0;0;27,7;30,7;26,1
05.07.2024;12:32:42;0;0;0;0;0;0;28,3;29,8;23,4
05.07.2024;14:32:42;0;0;0;0;0;0;30,2;30,9;23,9
05.07.2024;16:32:43;0;0;0;0;0;0;26,4;26,2;22,8
05.07.2024;18:32:44;0;0;0;0;0;0;27,8;28,1;23,6
05.07.2024;20:32:44;0;0;0;0;0;0;23,8;23;21
05.07.2024;22:32:44;0;0;0;0;0;0;20,1;18,7;16,6
06.07.2024;00:32:45;0;0;0;0;0;0;18,1;17;17,2
06.07.2024;02:32:46;0;0;0;0;0;0;16,4;15,3;14
06.07.2024;04:32:46;0;0;0;0;0;0;15;14,4;13,9
06.07.2024;06:32:47;0;0;0;0;0;0;19,5;19,5;17,3
06.07.2024;08:32:48;0;0;0;0;0;0;27,1;26,1;22,6
06.07.2024;10:32:48;0;0;0;0;0;0;33,1;36,2;31,3
06.07.2024;12:32:48;0;0;0;0;0;0;39,3;44,7;34,4
06.07.2024;14:32:49;0;0;0;0;0;0;43,7;48,2;36,1
06.07.2024;16:32:50;0;0;0;0;0;0;42;45,2;36,3
06.07.2024;18:32:50;0;0;0;0;0;0;37,8;38,1;34,4
06.07.2024;20:32:51;0;0;0;0;0;0;32,3;31,4;28,6
06.07.2024;22:32:52;0;0;0;0;0;0;28,4;27,2;24,7
07.07.2024;00:32:52;0;0;0;0;0;0;25,5;24,5;22,5
07.07.2024;02:02:50;0;0;0;0;0;1;22,9;22,1;19,9
07.07.2024;02:22:32;0;0;0;0;0;0;22,3;21,4;19,4
07.07.2024;02:34:04;0;0;0;0;0;1;21,8;20,9;19
07.07.2024;03:01:39;0;0;0;0;0;0;21,1;20,1;18,5
07.07.2024;03:51:13;0;0;0;0;0;1;20,5;19,6;18,5
07.07.2024;04:14:56;0;0;0;0;0;0;20,1;19,3;18,5
07.07.2024;06:14:56;0;0;0;0;0;0;20;19,5;19,1
07.07.2024;07:40:50;0;0;0;0;0;1;22;22,1;21
07.07.2024;08:27:37;0;0;0;0;0;0;21;20,9;21,3
07.07.2024;10:25:12;0;0;0;0;0;1;25;26;22,3
07.07.2024;10:47:36;0;0;0;0;0;0;24,4;25,2;22
07.07.2024;10:58:52;0;0;0;0;0;1;24,1;24,7;21,7
07.07.2024;12:18:15;0;0;0;0;0;0;22;22;22,2
07.07.2024;14:18:15;0;0;0;0;0;0;29,6;34,1;28,3
07.07.2024;16:18:15;0;0;0;0;0;0;30,2;31,4;24,7
07.07.2024;18:18:16;0;0;0;0;0;0;26,1;25,6;21,4
07.07.2024;19:03:48;0;0;0;0;0;1;25;24,2;21,3
07.07.2024;19:33:44;0;0;0;0;0;0;23,1;21,7;19,5
07.07.2024;20:01:50;0;0;0;0;0;1;22;20,9;19,4
07.07.2024;20:22:38;0;0;0;0;0;0;20,9;19,8;18,3
07.07.2024;20:52:23;0;0;0;0;0;1;20,1;19,1;18,4
07.07.2024;21:23:58;0;0;0;0;0;0;19,2;18,1;17,4
07.07.2024;23:23:58;0;0;0;0;0;0;18,1;17,1;16,9
08.07.2024;01:23:59;0;0;0;0;0;0;16,9;16;16,1
08.07.2024;03:23:59;0;0;0;0;0;0;16,8;16,1;15,8
08.07.2024;05:24:00;0;0;0;0;0;0;17,3;17;17,3
08.07.2024;07:24:00;0;0;0;0;0;0;18,9;19,3;19
08.07.2024;09:24:00;0;0;0;0;0;0;26,5;27,9;23,3
08.07.2024;11:24:01;0;0;0;0;0;0;31,7;35,9;31,9
08.07.2024;13:24:02;0;0;0;0;0;0;39,3;44,7;33,6
08.07.2024;15:24:03;0;0;0;0;0;0;39,9;42,4;32,1
08.07.2024;17:24:03;0;0;0;0;0;0;38;39,7;37,9
08.07.2024;19:24:04;0;0;0;0;0;0;34,2;33,4;27,5
08.07.2024;21:24:04;0;0;0;0;0;0;29,1;27,4;22,6
08.07.2024;23:24:05;0;0;0;0;0;0;24,5;23;20,4
09.07.2024;01:24:05;0;0;0;0;0;0;21,2;19,7;17,2
09.07.2024;03:24:06;0;0;0;0;0;0;19,1;17,9;16,3
09.07.2024;05:24:06;0;0;0;0;0;0;18,2;17,2;16,4
09.07.2024;07:24:06;0;0;0;0;0;0;25,2;25,3;22
09.07.2024;09:24:07;0;0;0;0;0;0;32,3;33,5;30,1
09.07.2024;11:24:07;0;0;0;0;0;0;38,3;41,5;35,6
09.07.2024;13:24:08;0;0;0;0;0;0;41,3;46,3;37,2
09.07.2024;15:24:08;0;0;0;0;0;0;41,1;42,8;33,1
09.07.2024;17:24:09;0;0;0;0;0;0;41,5;44;39,8
09.07.2024;19:24:09;0;0;0;0;0;0;38,8;38,8;33,6
09.07.2024;21:24:10;0;0;0;0;0;0;33,2;31,8;26,4
09.07.2024;23:24:10;0;0;0;0;0;0;29,3;27,8;26,4
10.07.2024;01:24:11;0;0;0;0;0;0;25,9;24,7;22,4
10.07.2024;03:24:12;0;0;0;0;0;0;24;22,9;21,7
10.07.2024;05:24:12;0;0;0;0;0;0;22,8;22,1;21,8
10.07.2024;07:24:12;0;0;0;0;0;0;27,6;27,7;25
10.07.2024;09:24:13;0;0;0;0;0;0;35;36,5;32,7
10.07.2024;11:24:13;0;0;0;0;0;0;44,1;47;39,5
10.07.2024;13:24:14;0;0;0;0;0;0;46,6;51,2;40,2
10.07.2024;15:24:14;0;0;0;0;0;0;47,1;50,5;40
10.07.2024;17:24:15;0;0;0;0;0;0;39,6;39,2;30,5
10.07.2024;19:24:16;0;0;0;0;0;0;34,3;33,4;28,4
10.07.2024;20:58:37;0;0;0;0;0;1;28,9;27,6;22,7
10.07.2024;22:58:38;0;0;0;0;0;1;20,9;20,3;19,7
11.07.2024;00:10:43;0;0;0;0;0;0;20,6;20,1;19,7
11.07.2024;00:16:17;0;0;0;0;0;1;20,6;20,1;19,8
11.07.2024;00:38:18;0;0;0;0;0;0;20,5;20,1;19,8
11.07.2024;00:46:12;0;0;0;0;0;1;20,5;20,1;19,9
11.07.2024;02:46:12;0;0;0;0;0;1;20,2;19,9;19,6
11.07.2024;03:03:30;0;0;0;0;0;0;20,2;19,9;19,5
11.07.2024;03:46:58;0;0;0;0;0;1;20,2;19,9;19,8
11.07.2024;04:03:53;0;0;0;0;0;0;20,1;19,8;19,7
11.07.2024;04:16:47;0;0;0;0;0;1;20,1;19,8;19,6
11.07.2024;04:32:51;0;0;0;0;0;0;20;19,7;19,5
11.07.2024;04:35:54;0;0;0;0;0;1;20;19,7;19,4
11.07.2024;06:21:50;0;0;0;0;0;0;21,7;21,5;20
11.07.2024;06:24:34;0;0;0;0;0;1;21,8;21,6;20
11.07.2024;06:39:36;0;0;0;0;0;0;22,6;22,5;20,3
11.07.2024;07:04:28;0;0;0;0;0;1;24;24,1;21,1
11.07.2024;07:25:16;0;0;0;0;0;0;24,9;25,3;21,7
11.07.2024;07:28:51;0;0;0;0;0;1;25,1;25,5;21,7
11.07.2024;07:44:09;0;0;0;0;0;0;26,2;26,3;22,5
11.07.2024;07:57:41;0;0;0;0;0;1;27,1;26,7;23,1
11.07.2024;08:13:06;0;0;0;0;0;0;26,9;26,9;23,3
11.07.2024;09:03:23;0;0;0;0;0;1;28,2;28,8;25,8
11.07.2024;09:19:08;0;0;0;0;0;0;29,2;30,1;27,3
11.07.2024;09:24:47;0;0;0;0;0;1;29,4;30,5;27,7
11.07.2024;10:05:41;0;0;0;0;0;0;32,4;34,9;33,6
11.07.2024;12:05:42;0;0;0;0;0;0;37,2;39,9;33,2
11.07.2024;14:05:43;0;0;0;0;0;0;37,4;38,9;29,4
11.07.2024;16:05:43;0;0;0;0;0;0;40,2;43,8;35,9
11.07.2024;18:05:44;0;0;0;0;0;0;40,1;41,3;35,4
11.07.2024;19:59:59;0;0;0;0;0;1;33,3;32;26,4
11.07.2024;21:59:59;0;0;0;0;0;1;23,6;22,5;21,2
11.07.2024;22:34:58;0;0;0;0;0;0;22,7;21,7;20,5
11.07.2024;23:03:23;0;0;0;0;0;1;22,1;21;20,2
12.07.2024;00:01:32;0;0;0;0;0;0;21;20;19
12.07.2024;02:01:32;0;0;0;0;0;0;20,3;19,2;18,1
12.07.2024;04:01:33;0;0;0;0;0;0;19,4;18,3;17,8
12.07.2024;06:00:08;0;0;0;0;0;0;19,2;18,6;18,6
12.07.2024;08:00:09;0;0;0;0;0;0;25,1;24,7;22,1
12.07.2024;10:00:09;0;0;0;0;0;0;32,4;34,2;30,1
12.07.2024;12:00:10;0;0;0;0;0;0;35,4;37,8;32,4
12.07.2024;13:32:07;0;0;0;0;0;1;33,6;34,2;26,9
12.07.2024;14:56:33;0;0;0;0;0;0;28,5;28;26,9
12.07.2024;15:26:36;0;0;0;0;0;1;27,7;27;25,7
12.07.2024;16:17:55;0;0;0;0;0;0;26,7;26,5;26
12.07.2024;16:44:22;0;0;0;0;0;1;26,7;26,4;25,9
12.07.2024;17:23:07;0;0;0;0;0;0;27;27,3;27,1
12.07.2024;19:23:08;0;0;0;0;0;0;25,2;25,3;23,4
12.07.2024;20:16:22;0;0;0;0;0;1;24,4;24,1;22,8
12.07.2024;22:16:22;0;0;0;0;0;1;19;18,4;17,4
12.07.2024;23:07:57;0;0;0;0;0;0;18,3;17,9;17,2
12.07.2024;23:14:24;0;0;0;0;0;1;18,2;17,9;17,2
12.07.2024;23:42:27;0;0;0;0;0;0;18,2;17,9;17,3
13.07.2024;00:01:06;0;0;0;0;0;1;18,1;17,8;17,2
13.07.2024;00:16:11;0;0;0;0;0;0;18;17,7;17,2
13.07.2024;01:14:53;0;0;0;0;0;1;17,8;17,5;17,3
13.07.2024;01:43:17;0;0;0;0;0;0;17,7;17,5;17,3
13.07.2024;01:58:43;0;0;0;0;0;1;17,7;17,4;17,2
13.07.2024;02:15:26;0;0;0;0;0;0;17,7;17,4;17,3
13.07.2024;02:25:28;0;0;0;0;0;1;17,6;17,4;17,3
13.07.2024;02:43:49;0;0;0;0;0;0;17,6;17,3;17,2
13.07.2024;03:00:08;0;0;0;0;0;1;17,5;17,2;17
13.07.2024;03:17:57;0;0;0;0;0;0;17,4;16,9;16,7
13.07.2024;03:26:16;0;0;0;0;0;1;17,3;16,8;16,6
13.07.2024;03:52:01;0;0;0;0;0;0;17,1;16,6;16,2
13.07.2024;04:20:09;0;0;0;0;0;1;16,8;16,3;15,9
13.07.2024;04:40:14;0;0;0;0;0;0;17;16,4;16,4
13.07.2024;05:12:26;0;0;0;0;0;1;16,8;16,3;16,6
13.07.2024;06:10:42;0;0;0;0;0;0;18,4;18,3;17,6
13.07.2024;07:23:13;0;0;0;0;0;1;22,2;23,1;20,9
13.07.2024;07:38:15;0;0;0;0;0;0;22,6;23,7;21,7
13.07.2024;09:14:59;0;0;0;0;0;1;23,7;25;22,4
13.07.2024;09:35:16;0;0;0;0;0;0;24,7;26,3;24,9
13.07.2024;10:49:58;0;0;0;0;0;1;24,2;24,4;20,2
13.07.2024;11:33:35;0;0;0;0;0;0;22,6;22,4;20,7
13.07.2024;13:10:01;0;0;0;0;0;1;24,6;26,9;25,6
13.07.2024;13:26:03;0;0;0;0;0;0;26,2;29,9;29,1
13.07.2024;15:26:04;0;0;0;0;0;0;32,4;35,9;28,6
13.07.2024;17:26:05;0;0;0;0;0;0;34,5;36,7;32,5
13.07.2024;19:26:05;0;0;0;0;0;0;30,3;29,7;25,3
13.07.2024;21:26:06;0;0;0;0;0;0;25;23,4;19,2
13.07.2024;23:21:38;0;0;0;0;0;1;22,6;21,1;19,5
14.07.2024;01:21:38;0;0;0;0;0;1;19,5;18,9;17,9
14.07.2024;01:32:27;0;0;0;0;0;0;19,4;18,8;18,1
14.07.2024;01:34:06;0;0;0;0;0;1;19,4;18,8;18,1
14.07.2024;02:40:26;0;0;0;0;0;0;18,6;18,2;17,5
14.07.2024;02:44:42;0;0;0;0;0;1;18,6;18,1;17,5
14.07.2024;03:12:04;0;0;0;0;0;0;18,2;17,8;17,2
14.07.2024;03:46:38;0;0;0;0;0;1;17,9;17,5;17,1
14.07.2024;04:13:44;0;0;0;0;0;0;17,7;17,3;16,8
14.07.2024;04:53:59;0;0;0;0;0;1;17,4;17;16,7
14.07.2024;05:18:16;0;0;0;0;0;0;17,3;17;16,8
14.07.2024;05:43:44;0;0;0;0;0;1;17,3;17;16,9
14.07.2024;05:58:49;0;0;0;0;0;0;17,4;17,1;17
14.07.2024;06:10:00;0;0;0;0;0;1;17,4;17,2;17
14.07.2024;06:45:19;0;0;0;0;0;0;17,8;17,6;17,4
14.07.2024;07:03:21;0;0;0;0;0;1;17,8;17,7;17,3
14.07.2024;07:18:48;0;0;0;0;0;0;17,9;17,9;17,6
14.07.2024;07:36:16;0;0;0;0;0;1;18,1;18,1;17,9
14.07.2024;07:51:23;0;0;0;0;0;0;18,4;18,6;18,5
14.07.2024;08:18:25;0;0;0;0;0;1;18,9;19,2;19
14.07.2024;08:33:30;0;0;0;0;0;0;19,2;19,5;19,1
14.07.2024;09:09:18;0;0;0;0;0;1;22;23,6;21,6
14.07.2024;09:24:21;0;0;0;0;0;0;23,6;25,6;24,1
14.07.2024;09:40:22;0;0;0;0;0;1;23,8;25,9;23
14.07.2024;09:55:27;0;0;0;0;0;0;25,5;27,9;25,9
14.07.2024;09:59:09;0;0;0;0;0;1;25,7;28,5;25,8
14.07.2024;10:30:28;0;0;0;0;0;0;27,4;30,8;25,7
14.07.2024;11:40:20;0;0;0;0;0;1;33,4;38,4;31,8
14.07.2024;11:56:58;0;0;0;0;0;0;34,7;40,2;33,5
14.07.2024;12:02:36;0;0;0;0;0;1;35,4;40,8;33,6
14.07.2024;12:17:49;0;0;0;0;0;0;35,6;42;34,7
14.07.2024;14:17:49;0;0;0;0;0;0;39,5;46,1;34,6
14.07.2024;16:17:50;0;0;0;0;0;0;40,7;45,5;35,4
14.07.2024;18:17:50;0;0;0;0;0;0;38,5;39,6;33,4
14.07.2024;20:17:50;0;0;0;0;0;0;31,8;30,8;26
14.07.2024;22:17:51;0;0;0;0;0;0;25,2;23,2;19,7
15.07.2024;00:17:51;0;0;0;0;0;0;22,1;20,7;18,9
15.07.2024;02:17:52;0;0;0;0;0;0;20,3;19,1;18
15.07.2024;04:17:52;0;0;0;0;0;0;18,5;17,4;16,6
15.07.2024;06:17:53;0;0;0;0;0;0;19,8;19,1;17,9
15.07.2024;08:17:53;0;0;0;0;0;0;27,7;26,8;22,3
15.07.2024;10:17:53;0;0;0;0;0;0;34,3;37,3;35,6
15.07.2024;12:17:54;0;0;0;0;0;0;42,5;46,8;37,3
15.07.2024;14:17:55;0;0;0;0;0;0;44,1;50,6;36,5
15.07.2024;16:17:55;0;0;0;0;0;0;45;49,3;37,8
15.07.2024;18:17:56;0;0;0;0;0;0;42;42,7;35,4
15.07.2024;20:17:56;0;0;0;0;0;0;36,4;35,1;29,4
15.07.2024;22:17:57;0;0;0;0;0;0;30;28,3;24,9
16.07.2024;00:17:57;0;0;0;0;0;0;26,6;25,4;23,5
16.07.2024;02:17:57;0;0;0;0;0;0;24,6;23,1;21
16.07.2024;04:17:58;0;0;0;0;0;0;22,5;21,2;19,9
16.07.2024;06:17:59;0;0;0;0;0;0;23;22,5;21,8
16.07.2024;08:18:00;0;0;0;0;0;0;30,2;29,7;26,2
16.07.2024;10:18:00;0;0;0;0;0;0;36,6;38,4;32,2
16.07.2024;12:18:01;0;0;0;0;0;0;35,1;38,2;32,6
16.07.2024;14:18:01;0;0;0;0;0;0;40,7;43,4;31,8
16.07.2024;16:18:01;0;0;0;0;0;0;40,6;45,2;38,2
16.07.2024;18:18:01;0;0;0;0;0;0;35,6;35,8;29,1
16.07.2024;20:18:02;0;0;0;0;0;0;32,4;31,4;25,9
16.07.2024;22:18:03;0;0;0;0;0;0;27,2;25,6;22,1
17.07.2024;00:18:03;0;0;0;0;0;0;25,4;24,2;23,7
17.07.2024;02:18:04;0;0;0;0;0;0;23,9;22,8;21,9
17.07.2024;04:18:04;0;0;0;0;0;0;22;20,8;19,5
17.07.2024;06:18:05;0;0;0;0;0;0;22,3;21,6;19,8
17.07.2024;08:18:05;0;0;0;0;0;0;28,4;27,3;21,9
17.07.2024;09:47:14;0;0;0;0;0;0;32,7;34,4;30,7
17.07.2024;10:30:46;0;0;0;0;0;1;36,2;38,3;34,6
17.07.2024;10:56:50;0;0;0;0;0;0;35,3;36,7;28,6
17.07.2024;10:57:56;0;0;0;0;0;1;35,2;36,7;28,6
17.07.2024;11:06:06;0;0;0;0;0;0;35;36,3;28,5
17.07.2024;11:08:05;0;0;0;0;0;0;34,9;36,2;28,3
17.07.2024;11:08:19;0;0;0;0;0;1;34,9;36,2;28,3
17.07.2024;11:23:20;0;0;0;0;0;0;34,1;35;27,1
17.07.2024;13:23:20;0;0;0;0;0;0;33,9;35;28,1
17.07.2024;14:00:18;0;0;0;0;0;1;32,4;32,7;26,4
17.07.2024;14:16:51;0;0;0;0;0;0;31,7;32;26,1
17.07.2024;14:17:25;0;0;0;0;0;1;31,7;32;26,1
17.07.2024;14:35:46;0;0;0;0;0;0;31,1;31,5;25,9
17.07.2024;15:40:28;0;0;0;0;0;1;30,8;31,5;26,2
17.07.2024;15:57:58;0;0;0;0;0;0;30,8;31,6;26,5
17.07.2024;17:57:58;0;0;0;0;0;0;29,7;29,9;25,2
17.07.2024;17:58:40;0;0;0;0;0;1;29,6;29,9;25,2
17.07.2024;18:31:49;0;0;0;0;0;0;28,9;28,9;25,8
17.07.2024;19:43:17;0;0;0;0;0;1;28;27,7;24,7
17.07.2024;20:01:16;0;0;0;0;0;0;27,7;27,4;24,3
17.07.2024;22:01:16;0;0;0;0;0;0;24,2;22,9;20,4
18.07.2024;00:01:16;0;0;0;0;0;0;20,9;19,7;17,5
18.07.2024;02:01:17;0;0;0;0;0;0;20,5;19,6;19,4
18.07.2024;04:01:18;0;0;0;0;0;0;19,7;18,9;18,4
18.07.2024;06:01:18;0;0;0;0;0;0;19,5;18,9;18,9
18.07.2024;08:01:18;0;0;0;0;0;0;25,6;24,3;21,2
18.07.2024;10:01:19;0;0;0;0;0;0;31,7;34,3;33,2
18.07.2024;12:01:19;0;0;0;0;0;0;38;42,2;35,7
18.07.2024;14:01:20;0;0;0;0;0;0;41;46,3;34,2
18.07.2024;16:01:20;0;0;0;0;0;0;41,9;46,2;37,3
18.07.2024;18:01:20;0;0;0;0;0;0;38,9;39,9;34,5
18.07.2024;20:01:20;0;0;0;0;0;0;33,1;31,9;24,9
18.07.2024;22:01:21;0;0;0;0;0;0;26;24;19,1
19.07.2024;00:01:21;0;0;0;0;0;0;21,8;20;16,7
19.07.2024;02:01:21;0;0;0;0;0;0;19,5;18,1;16,3
19.07.2024;04:01:22;0;0;0;0;0;0;18;16,8;15,7
19.07.2024;06:01:22;0;0;0;0;0;0;17,7;16,9;16,8
19.07.2024;08:01:23;0;0;0;0;0;0;22,4;21,5;20,2
19.07.2024;10:01:23;0;0;0;0;0;0;30,8;33,7;33,1
19.07.2024;12:01:24;0;0;0;0;0;0;38,7;43,2;36,8
19.07.2024;14:01:25;0;0;0;0;0;0;42,5;49;38,1
19.07.2024;16:01:25;0;0;0;0;0;0;44;48,9;40,1
19.07.2024;18:01:26;0;0;0;0;0;0;41,1;42,3;37,6
19.07.2024;20:01:27;0;0;0;0;0;0;34,6;33,2;26,2
19.07.2024;22:01:28;0;0;0;0;0;0;28;25,6;20,7
20.07.2024;00:01:28;0;0;0;0;0;0;22,8;21;17,9
20.07.2024;02:01:28;0;0;0;0;0;0;19,9;18,3;15,6
20.07.2024;04:01:29;0;0;0;0;0;0;17,5;16,2;14,7
20.07.2024;06:01:29;0;0;0;0;0;0;17,4;16,7;16,5
20.07.2024;08:01:30;0;0;0;0;0;0;25;24,4;22,4
20.07.2024;10:01:31;0;0;0;0;0;0;31,9;34,5;33,2
20.07.2024;12:01:31;0;0;0;0;0;0;37,5;42,4;36,4
20.07.2024;14:01:31;0;0;0;0;0;0;42,4;46,7;37,6
20.07.2024;16:01:32;0;0;0;0;0;0;39,7;40,7;32,3
20.07.2024;18:01:32;0;0;0;0;0;0;36,5;36,8;30,1
20.07.2024;20:01:32;0;0;0;0;0;0;31,9;30,9;25,8
20.07.2024;22:01:33;0;0;0;0;0;0;26,8;25,2;21,2
21.07.2024;00:01:33;0;0;0;0;0;0;23,7;22,2;19,5
21.07.2024;02:01:34;0;0;0;0;0;0;20,8;19,7;17,9
21.07.2024;04:01:34;0;0;0;0;0;0;19,7;18,6;17,6
21.07.2024;06:01:34;0;0;0;0;0;0;19;17,9;16,8
21.07.2024;08:01:35;0;0;0;0;0;0;25,4;24,3;22,5
21.07.2024;10:01:35;0;0;0;0;0;0;33,8;35,7;36,7
21.07.2024;12:01:35;0;0;0;0;0;0;38;42,7;37,1
21.07.2024;14:01:36;0;0;0;0;0;0;42,3;46,1;34,8
21.07.2024;16:01:36;0;0;0;0;0;0;45,6;50,6;39,2
21.07.2024;18:01:36;0;0;0;0;0;0;42,3;43,4;37,9
21.07.2024;20:01:37;0;0;0;0;0;0;36,6;35,5;28,9
21.07.2024;22:01:37;0;0;0;0;0;0;29;27,3;21,5
22.07.2024;00:01:38;0;0;0;0;0;0;24,3;22,5;19,8
22.07.2024;02:01:38;0;0;0;0;0;0;21;19,5;17
22.07.2024;04:01:38;0;0;0;0;0;0;18,9;17,4;15,8
22.07.2024;06:01:39;0;0;0;0;0;0;18,6;17,6;17,4
22.07.2024;08:01:39;0;0;0;0;0;0;27,6;26,8;24,5
22.07.2024;10:01:40;0;0;0;0;0;0;30,9;32;26,8
22.07.2024;10:16:59;0;0;0;0;0;1;30;31,2;25
22.07.2024;11:22:48;0;0;0;0;0;0;26;26,3;23
22.07.2024;11:26:37;0;0;0;0;0;1;26;26,2;23,1
22.07.2024;12:05:17;0;0;0;0;0;0;25,3;25,2;24,1
22.07.2024;12:34:47;0;0;0;0;0;1;25,5;26;24,7
22.07.2024;13:43:41;0;0;0;0;0;0;25;25,3;25,7
22.07.2024;14:36:29;0;0;0;0;0;1;27,1;28,6;27,3
22.07.2024;14:53:20;0;0;0;0;0;0;28,1;31,3;31,6
22.07.2024;16:53:20;0;0;0;0;0;0;33,6;35,9;30
22.07.2024;17:38:57;0;0;0;0;0;1;31,5;31,8;24,6
22.07.2024;18:51:43;0;0;0;0;0;0;22,5;21,7;20,3
22.07.2024;19:21:19;0;0;0;0;0;1;22,4;21,9;21,2
22.07.2024;21:21:19;0;0;0;0;0;1;21,6;21;20,3
22.07.2024;22:11:39;0;0;0;0;0;0;21;20,4;20
22.07.2024;22:12:27;0;0;0;0;0;1;21;20,3;20
23.07.2024;00:12:28;0;0;0;0;0;1;20;19,6;18,9
23.07.2024;02:12:28;0;0;0;0;0;1;18,5;17,7;17,2
23.07.2024;03:46:11;0;0;0;0;0;0;17,7;16,6;16,3
23.07.2024;03:55:56;0;0;0;0;0;1;17,6;16,5;16,2
23.07.2024;05:55:56;0;0;0;0;0;1;16,7;16,1;15,9
23.07.2024;07:03:29;0;0;0;0;0;0;20,8;20,5;17,7
23.07.2024;07:09:07;0;0;0;0;0;1;21,2;20,9;17,9
23.07.2024;07:24:14;0;0;0;0;0;0;22,1;22;18,4
23.07.2024;09:24:15;0;0;0;0;0;0;27,4;28,7;26,3
23.07.2024;11:24:15;0;0;0;0;0;0;32,7;37,6;31,3
23.07.2024;13:24:15;0;0;0;0;0;0;38;44,3;34,5
23.07.2024;15:24:16;0;0;0;0;0;0;41;46,1;35,4
23.07.2024;17:24:16;0;0;0;0;0;0;39,6;42,2;37
23.07.2024;19:24:17;0;0;0;0;0;0;34,7;34,1;31
23.07.2024;21:24:17;0;0;0;0;0;0;28,3;26;20,7
23.07.2024;23:24:18;0;0;0;0;0;0;25;23,3;22,2
24.07.2024;01:24:18;0;0;0;0;0;0;22,7;21,5;20,2
24.07.2024;03:24:19;0;0;0;0;0;0;21,3;20,2;18,8
24.07.2024;04:39:59;0;0;0;0;0;1;19,9;18,9;17,5
24.07.2024;05:00:08;0;0;0;0;0;0;19,4;18,3;17,1
24.07.2024;05:26:36;0;0;0;0;0;1;18,8;17,8;17
24.07.2024;05:47:27;0;0;0;0;0;0;18,6;17,9;17,1
24.07.2024;07:01:21;0;0;0;0;0;1;18,8;18,3;17,7
24.07.2024;08:32:29;0;0;0;0;0;0;18,9;18,8;18,6
24.07.2024;10:13:08;0;0;0;0;0;1;23,4;25;23,7
24.07.2024;11:08:32;0;0;0;0;0;0;22,4;22,6;21,5
24.07.2024;11:12:36;0;0;0;0;0;1;22,5;22,8;21,6
24.07.2024;11:27:58;0;0;0;0;0;0;22,6;22,9;22,3
24.07.2024;11:36:02;0;0;0;0;0;1;22,8;24;23,1
24.07.2024;11:56:41;0;0;0;0;0;0;24,5;28,6;30,5
24.07.2024;12:00:53;0;0;0;0;0;1;25;29,8;31,3
24.07.2024;12:27:34;0;0;0;0;0;0;27,9;33,3;32,9
24.07.2024;13:32:34;0;0;0;0;0;1;31;32,7;24,1
24.07.2024;14:18:37;0;0;0;0;0;0;25,7;27;25,5
24.07.2024;14:18:43;0;0;0;0;0;1;25,7;27;25,5
24.07.2024;15:10:02;0;0;0;0;0;0;25,6;29,1;29,9
24.07.2024;15:24:22;0;0;0;0;0;1;26,7;31,2;31,3
24.07.2024;15:41:27;0;0;0;0;0;0;27,5;31,1;28
24.07.2024;17:41:28;0;0;0;0;0;0;29,3;31,3;30
24.07.2024;19:41:28;0;0;0;0;0;0;27,2;26,6;22,5
24.07.2024;21:41:28;0;0;0;0;0;0;21,7;20,1;17
24.07.2024;23:41:28;0;0;0;0;0;0;19,6;18,3;17,7
25.07.2024;00:41:30;0;0;0;0;0;1;19,1;18;17,6
25.07.2024;02:04:48;0;0;0;0;0;0;17;16;15,3
25.07.2024;02:51:20;0;0;0;0;0;1;16,2;15,2;14,8
25.07.2024;03:19:51;0;0;0;0;0;0;15,7;14,8;14,5
25.07.2024;04:03:17;0;0;0;0;0;1;15,1;14,3;14,1
25.07.2024;06:03:17;0;0;0;0;0;1;15,2;14,7;14,7
25.07.2024;06:48:19;0;0;0;0;0;0;16,2;16;16,3
25.07.2024;08:48:20;0;0;0;0;0;0;20;20,6;19,1
25.07.2024;10:48:20;0;0;0;0;0;0;25,7;26,8;21,5
25.07.2024;12:48:20;0;0;0;0;0;0;30,8;37,5;34,1
25.07.2024;14:48:21;0;0;0;0;0;0;36,7;42,8;33,9
25.07.2024;16:48:21;0;0;0;0;0;0;37;40,6;33,3
25.07.2024;18:48:22;0;0;0;0;0;0;33,1;32,9;27,5
25.07.2024;20:48:23;0;0;0;0;0;0;25,9;24;17,9
25.07.2024;22:48:23;0;0;0;0;0;0;20;17,7;13,6
26.07.2024;00:48:23;0;0;0;0;0;0;16,5;14,6;12,2
26.07.2024;02:48:24;0;0;0;0;0;0;14,3;12,6;11
26.07.2024;04:48:25;0;0;0;0;0;0;13,1;11,5;10,4
26.07.2024;06:48:25;0;0;0;0;0;0;15;14,1;13,5
26.07.2024;08:48:25;0;0;0;0;0;0;23,2;23,5;20,2
26.07.2024;10:48:25;0;0;0;0;0;0;30,7;35;29,9
26.07.2024;12:48:26;0;0;0;0;0;0;37,8;44,3;33,5
26.07.2024;14:48:26;0;0;0;0;0;0;41,5;47,6;37
26.07.2024;16:48:27;0;0;0;0;0;0;38,6;39;29,4
26.07.2024;18:48:27;0;0;0;0;0;0;30,9;29,8;24,8
26.07.2024;20:48:27;0;0;0;0;0;0;26,6;25,4;22,2
26.07.2024;22:48:28;0;0;0;0;0;0;24,5;23,5;21,8
27.07.2024;00:48:28;0;0;0;0;0;0;22,6;21,6;19,5
27.07.2024;02:48:28;0;0;0;0;0;0;19,5;18,3;16,1
27.07.2024;04:48:29;0;0;0;0;0;0;17,6;16,3;15,2
27.07.2024;06:48:29;0;0;0;0;0;0;19,9;19,3;18,9
27.07.2024;08:48:30;0;0;0;0;0;0;24,7;25,6;23,2
27.07.2024;10:48:30;0;0;0;0;0;0;28,9;30,8;29,5
27.07.2024;12:48:31;0;0;0;0;0;0;34,8;37,3;31,5
27.07.2024;14:48:31;0;0;0;0;0;0;40,7;46,2;37,7
27.07.2024;16:48:31;0;0;0;0;0;0;41,5;43,8;35,1
27.07.2024;18:48:32;0;0;0;0;0;0;36,4;36,4;33,6
27.07.2024;20:48:32;0;0;0;0;0;0;30,8;29,4;24,3
27.07.2024;22:48:33;0;0;0;0;0;0;27,2;25,8;23,4
27.07.2024;23:25:32;0;0;0;0;0;1;26,1;24,8;22,3
28.07.2024;01:09:57;0;0;0;0;0;0;21,4;20,4;19,3
28.07.2024;01:17:46;0;0;0;0;0;1;21,2;20,2;19,1
28.07.2024;03:17:47;0;0;0;0;0;1;20,5;20;19,7
28.07.2024;05:17:47;0;0;0;0;0;1;20,1;19,7;19,7
28.07.2024;07:17:47;0;0;0;0;0;1;20,4;20;20,1
28.07.2024;09:17:48;0;0;0;0;0;1;20,6;20,4;20
28.07.2024;10:17:52;0;0;0;0;0;0;21;20,8;20,7
28.07.2024;10:43:16;0;0;0;0;0;1;21,3;21,4;21,3
28.07.2024;10:58:35;0;0;0;0;0;0;21;21,2;20,5
28.07.2024;12:58:36;0;0;0;0;0;0;26,2;29,1;24,5
28.07.2024;14:05:52;0;0;0;0;0;1;25,1;26;20,7
28.07.2024;14:23:00;0;0;0;0;0;0;24,7;27,8;22,7
28.07.2024;16:23:00;0;0;0;0;0;0;30,4;34,5;29,7
28.07.2024;18:23:00;0;0;0;0;0;0;27;26,5;21,9
28.07.2024;20:23:01;0;0;0;0;0;0;23,9;22,6;18
28.07.2024;22:23:02;0;0;0;0;0;0;19,5;17,6;16,1
29.07.2024;00:23:03;0;0;0;0;0;0;16,8;15,2;14,7
29.07.2024;02:23:03;0;0;0;0;0;0;15,2;13,8;13,8
29.07.2024;04:23:03;0;0;0;0;0;0;13,8;12,7;13,3
29.07.2024;06:23:04;0;0;0;0;0;0;15,2;14,1;14,2
29.07.2024;08:23:04;0;0;0;0;0;0;21,6;20,9;17,6
29.07.2024;10:23:05;0;0;0;0;0;0;26,7;28,8;25,4
29.07.2024;12:23:05;0;0;0;0;0;0;32;37,5;29,9
29.07.2024;14:23:06;0;0;0;0;0;0;35,7;40,4;31,3
29.07.2024;16:23:06;0;0;0;0;0;0;35,1;38,2;28,7
29.07.2024;18:23:07;0;0;0;0;0;0;32,3;32,9;27,5
29.07.2024;20:23:08;0;0;0;0;0;0;26,7;24,8;18,7
29.07.2024;22:23:08;0;0;0;0;0;0;21;18,9;16
30.07.2024;00:23:08;0;0;0;0;0;0;17,4;15,4;13,7
30.07.2024;02:23:09;0;0;0;0;0;0;15,2;13,5;12,9
30.07.2024;04:23:09;0;0;0;0;0;0;13,1;11,6;10,2
30.07.2024;06:23:09;0;0;0;0;0;0;14,4;12,6;12,7
30.07.2024;08:23:10;0;0;0;0;0;0;21,9;20,9;17,9
30.07.2024;10:23:10;0;0;0;0;0;0;30,5;32,4;30
30.07.2024;12:23:11;0;0;0;0;0;0;36,6;42;32,1
30.07.2024;14:23:11;0;0;0;0;0;0;40,2;46,9;34,7
30.07.2024;16:23:12;0;0;0;0;0;0;41,4;45,7;36,9
30.07.2024;18:23:12;0;0;0;0;0;0;37,5;38,5;33,8
30.07.2024;20:23:13;0;0;0;0;0;0;31,1;29,4;22,2
30.07.2024;21:12:25;0;0;0;0;0;0;27,6;51,1;19,1
30.07.2024;21:12:26;0;0;0;0;0;0;27,7;25,6;19,1
30.07.2024;23:12:26;0;0;0;0;0;0;22,1;19,9;16
31.07.2024;01:12:26;0;0;0;0;0;0;18,4;16,6;13,8
31.07.2024;03:12:26;0;0;0;0;0;0;16,5;14,8;13,2
31.07.2024;05:12:26;0;0;0;0;0;0;14,6;13,3;12
31.07.2024;07:12:26;0;0;0;0;0;0;19,7;18,7;17,4
31.07.2024;09:12:26;0;0;0;0;0;0;26,8;28,2;25,4
31.07.2024;11:12:27;0;0;0;0;0;0;35,1;39,8;37,6
31.07.2024;13:12:27;0;0;0;0;0;0;41;47,3;39,1
31.07.2024;15:12:27;0;0;0;0;0;0;42,8;47,7;38,8
31.07.2024;17:12:27;0;0;0;0;0;0;41,5;43,8;38
31.07.2024;19:12:28;0;0;0;0;0;0;37,1;36,3;32,5
31.07.2024;21:12:28;0;0;0;0;0;0;30,1;28;22,5
31.07.2024;23:12:29;0;0;0;0;0;0;24,8;22,8;19,5
01.08.2024;01:12:29;0;0;0;0;0;0;22,7;21;18,8
01.08.2024;03:12:29;0;0;0;0;0;0;20,9;19,7;18,5
01.08.2024;04:36:11;0;0;0;0;0;1;20,6;19,6;19,1
01.08.2024;04:51:28;0;0;0;0;0;0;20,5;19,6;19,4
01.08.2024;04:56:36;0;0;0;0;0;1;20,5;19,6;19,5
01.08.2024;06:56:37;0;0;0;0;0;1;19,4;18,7;19,5
01.08.2024;06:57:36;0;0;0;0;0;0;19,4;18,7;19,5
01.08.2024;07:28:48;0;0;0;0;0;1;19,5;19;19,6
01.08.2024;08:37:28;0;0;0;0;0;0;20,2;20,3;21,1
01.08.2024;10:37:28;0;0;0;0;0;0;23,4;24,9;24,3
01.08.2024;10:58:51;0;0;2;2;0;0;24,6;26,8;26,4
01.08.2024;10:59:54;0;0;0;0;0;0;25;26,9;26,4
01.08.2024;11:00:55;0;0;2;2;0;0;26,2;27,1;26,5
01.08.2024;11:01:14;0;0;0;0;0;0;26,3;27,1;26,5
01.08.2024;11:18:44;0;0;2;2;0;0;26,9;29,7;28,9
01.08.2024;11:19:00;0;0;0;0;0;0;26,9;29,8;29
01.08.2024;11:25:21;0;0;2;2;0;0;27,6;31,2;32
01.08.2024;11:25:31;0;0;0;0;0;0;27,6;31,2;32
01.08.2024;13:25:31;0;0;0;0;0;0;38,2;44,1;33,6
01.08.2024;15:25:32;0;0;0;0;0;0;41,7;47,9;38,1
01.08.2024;17:25:32;0;0;0;0;0;0;40,8;43,6;38,6
01.08.2024;19:25:32;0;0;0;0;0;0;35,9;35,2;29,1
01.08.2024;21:24:14;0;0;0;0;0;0;29,7;28;23,9
01.08.2024;23:24:14;0;0;0;0;0;0;25,7;23,9;21,1
02.08.2024;01:24:15;0;0;0;0;0;0;22,3;20,9;18,4
02.08.2024;03:24:15;0;0;0;0;0;0;20,9;19,6;18,3
02.08.2024;05:24:15;0;0;0;0;0;0;20,3;19,5;18,8
02.08.2024;05:48:21;0;0;0;0;0;1;20,2;19,4;19
02.08.2024;06:09:24;0;0;0;0;0;0;20,2;19,4;19
02.08.2024;06:45:33;0;0;0;0;0;1;20,2;19,6;19,4
02.08.2024;08:45:33;0;0;0;0;0;1;19,5;19,3;19,5
02.08.2024;09:47:50;0;0;0;0;0;0;20,8;21,3;22
02.08.2024;09:56:01;0;0;0;0;0;1;21;21,3;21,9
02.08.2024;11:56:01;0;0;0;0;0;1;20;19,7;18,7
02.08.2024;12:26:06;0;0;0;0;0;0;19,7;19,4;18,6
02.08.2024;12:35:24;0;0;0;0;0;1;19,7;19,5;18,7
02.08.2024;12:56:58;0;0;0;0;0;0;20,2;20,3;20,2
02.08.2024;13:06:59;0;0;0;0;0;1;20,3;20,5;20,2
02.08.2024;13:44:23;0;0;0;0;0;0;22,1;22,4;22,2
02.08.2024;13:56:46;0;0;0;0;0;1;22,3;22,6;22,3
02.08.2024;14:11:47;0;0;0;0;0;0;22,6;22,9;22,2
02.08.2024;14:25:24;0;0;0;0;0;1;22,7;23,2;22,6
02.08.2024;16:25:24;0;0;0;0;0;1;19,7;19,3;18,1
02.08.2024;18:25:24;0;0;0;0;0;1;18;17,6;17
02.08.2024;20:25:24;0;0;0;0;0;1;17,1;16,8;16,5
02.08.2024;22:25:25;0;0;0;0;0;1;16,5;16,2;15,7
02.08.2024;23:59:10;0;0;0;0;0;0;15,8;15,5;15,1
02.08.2024;23:59:43;0;0;0;0;0;1;15,8;15,5;15,1
03.08.2024;01:44:49;0;0;0;0;0;0;15,5;15,2;14,8
03.08.2024;01:50:30;0;0;0;0;0;1;15,5;15,2;14,8
03.08.2024;02:47:08;0;0;0;0;0;0;15,2;14,9;14,4
03.08.2024;03:09:49;0;0;0;0;0;1;15,2;14,8;14,6
03.08.2024;03:47:51;0;0;0;0;0;0;15,1;14,7;14,5
03.08.2024;04:58:54;0;0;0;0;0;1;14,9;14,6;14,4
03.08.2024;05:14:02;0;0;0;0;0;0;15;14,6;14,4
03.08.2024;05:37:55;0;0;0;0;0;1;15;14,7;14,5
03.08.2024;05:53:33;0;0;0;0;0;0;15,1;14,7;14,6
03.08.2024;07:24:19;0;0;0;0;0;1;15,9;15,9;15,8
03.08.2024;07:42:55;0;0;0;0;0;0;16,2;16,4;16,3
03.08.2024;07:56:16;0;0;0;0;0;1;16,4;16,7;16,7
03.08.2024;08:34:07;0;0;0;0;0;0;17,3;17,6;17,7
03.08.2024;09:27:50;0;0;0;0;0;1;18,2;18,7;18,2
03.08.2024;09:42:54;0;0;0;0;0;0;18,5;19,4;18,9
03.08.2024;09:52:53;0;0;0;0;0;1;18,8;19,8;19,6
03.08.2024;10:07:58;0;0;0;0;0;0;19,3;20,7;20,5
03.08.2024;12:07:58;0;0;0;0;0;0;27,4;33,4;29,1
03.08.2024;13:10:04;0;0;0;0;0;1;31,2;37,3;29,7
03.08.2024;13:25:14;0;0;0;0;0;0;31,6;36,5;28,6
03.08.2024;13:28:51;0;0;0;0;0;1;31,7;37;29
03.08.2024;13:54:54;0;0;0;0;0;0;33;38;31,2
03.08.2024;13:56:54;0;0;0;0;0;1;33;37,8;30,6
03.08.2024;14:12:15;0;0;0;0;0;0;33,5;39,4;33,1
03.08.2024;14:33:50;0;0;0;0;0;1;34,3;40,4;34
03.08.2024;15:05:25;0;0;0;0;0;0;35,7;42,6;35,4
03.08.2024;17:05:25;0;0;0;0;0;0;34,3;37,9;34,5
03.08.2024;19:05:26;0;0;0;0;0;0;30,9;30,9;29,3
03.08.2024;21:05:26;0;0;0;0;0;0;24,7;23,1;18
03.08.2024;23:05:27;0;0;0;0;0;0;20,9;18,9;16,6
04.08.2024;01:05:27;0;0;0;0;0;0;19;17,4;16,3
04.08.2024;03:05:27;0;0;0;0;0;0;17,2;15,9;15,5
04.08.2024;05:05:28;0;0;0;0;0;0;16,6;15,4;14,7
04.08.2024;07:05:28;0;0;0;0;0;0;18,4;17,8;18,3
04.08.2024;09:05:28;0;0;0;0;0;0;23,1;24,4;23,4
04.08.2024;11:05:28;0;0;0;0;0;0;30,2;33,6;29,4
04.08.2024;13:05:28;0;0;0;0;0;0;32,3;33,9;25,2
04.08.2024;15:05:29;0;0;0;0;0;0;29,6;31;27,7
04.08.2024;17:05:29;0;0;0;0;0;0;30,2;31,4;25,9
04.08.2024;19:05:30;0;0;0;0;0;0;27;26,9;23,1
04.08.2024;21:05:30;0;0;0;0;0;0;23;21,7;19,5
04.08.2024;23:05:30;0;0;0;0;0;0;21,2;20,1;19,3
05.08.2024;01:05:31;0;0;0;0;0;0;19,3;18,3;17,6
05.08.2024;03:05:31;0;0;0;0;0;0;18,2;17,5;17,4
05.08.2024;05:05:32;0;0;0;0;0;0;17,7;17,1;17,1
05.08.2024;07:05:32;0;0;0;0;0;0;17,6;17,2;16,7
05.08.2024;09:05:33;0;0;0;0;0;0;18,6;18,8;17,8
05.08.2024;11:05:34;0;0;0;0;0;0;22,2;23,8;21,4
05.08.2024;13:05:34;0;0;0;0;0;0;30,1;34,9;28,4
05.08.2024;15:05:34;0;0;0;0;0;0;29,9;31,4;22
05.08.2024;17:05:34;0;0;0;0;0;0;30,6;32,7;27,5
05.08.2024;19:05:35;0;0;0;0;0;0;28,4;28,3;25,9
05.08.2024;21:05:35;0;0;0;0;0;0;22,7;20,8;16,3
05.08.2024;23:05:36;0;0;0;0;0;0;18,5;16,8;13,7
06.08.2024;01:05:36;0;0;0;0;0;0;15,8;14;12,1
06.08.2024;03:05:36;0;0;0;0;0;0;13,7;12,2;11,3
06.08.2024;05:05:37;0;0;0;0;0;0;12,4;10,9;10,8
06.08.2024;07:05:37;0;0;0;0;0;0;16,1;14,8;14
06.08.2024;09:05:38;0;0;0;0;0;0;23,1;24,2;19,6
06.08.2024;11:05:38;0;0;0;0;0;0;31,6;35,8;34,6
06.08.2024;13:05:38;0;0;0;0;0;0;35,7;39,2;25,7
06.08.2024;15:05:39;0;0;0;0;0;0;35,1;39,8;33,6
06.08.2024;17:05:39;0;0;0;0;0;0;34;37,3;35
06.08.2024;19:05:39;0;0;0;0;0;0;31,7;31,7;30
06.08.2024;21:05:40;0;0;0;0;0;0;25;23;17,2
06.08.2024;23:05:40;0;0;0;0;0;0;19,9;17,8;14,4
07.08.2024;01:05:41;0;0;0;0;0;0;16,9;15,3;13,3
07.08.2024;03:05:41;0;0;0;0;0;0;14,8;13,4;12,3
07.08.2024;05:05:42;0;0;0;0;0;0;13,8;12,6;11,9
07.08.2024;07:05:42;0;0;0;0;0;0;17,8;16,6;15,9
07.08.2024;09:05:43;0;0;0;0;0;0;24,4;25,7;21,5
07.08.2024;11:05:43;0;0;0;0;0;0;32,6;37,5;31,1
07.08.2024;13:05:43;0;0;0;0;0;0;38,6;45,5;35,2
07.08.2024;15:05:44;0;0;0;0;0;0;41,3;47,9;37,3
07.08.2024;17:05:44;0;0;0;0;0;0;41,1;44,9;39,3
07.08.2024;19:05:45;0;0;0;0;0;0;37;36,5;32,5
07.08.2024;21:05:46;0;0;0;0;0;0;30,3;28,4;23,2
07.08.2024;23:05:46;0;0;0;0;0;0;26;24,3;21,9
08.08.2024;01:05:46;0;0;0;0;0;0;24,4;23,1;22,7
08.08.2024;03:05:47;0;0;0;0;0;0;22,8;21,6;21
08.08.2024;03:06:50;0;0;0;0;0;1;22,7;21,6;21
08.08.2024;04:01:38;0;0;0;0;0;0;20,3;19,7;18,9
08.08.2024;04:06:16;0;0;0;0;0;1;20,2;19,7;18,9
08.08.2024;06:06:16;0;0;0;0;0;1;19,7;19,4;19,1
08.08.2024;07:51:52;0;0;0;0;0;0;21,6;21,2;21
08.08.2024;07:56:47;0;0;0;0;0;1;21,8;21,4;21,2
08.08.2024;09:29:03;0;0;0;0;0;0;22,9;24;25,9
08.08.2024;09:51:47;0;0;0;0;0;1;24,7;26,4;28,2
08.08.2024;10:07:04;0;0;0;0;0;0;25,4;27,5;27,4
08.08.2024;10:22:09;0;0;0;0;0;1;27,7;30;30,7
08.08.2024;10:55:49;0;0;0;0;0;0;29;31,8;27,7
08.08.2024;11:14:11;0;0;0;0;0;1;29,6;32,5;28,3
08.08.2024;11:29:25;0;0;0;0;0;0;30,5;35,2;33,9
08.08.2024;11:37:27;0;0;0;0;0;1;31,1;36;34,2
08.08.2024;11:56:33;0;0;0;0;0;0;32,2;36,7;31,9
08.08.2024;12:01:09;0;0;0;0;0;1;32,4;37,1;32,5
08.08.2024;12:22:13;0;0;0;0;0;0;33,4;38;32,7
08.08.2024;12:36:09;0;0;0;0;0;1;34;38,8;33
08.08.2024;12:51:23;0;0;0;0;0;0;34,2;37,6;30
08.08.2024;13:05:52;0;0;0;0;0;1;34,5;39,3;33,4
08.08.2024;13:26:54;0;0;0;0;0;0;35,1;39,1;32,3
08.08.2024;13:41:46;0;0;0;0;0;1;35,8;40,3;33,9
08.08.2024;14:14:47;0;0;0;0;0;0;35,4;38,1;29,9
08.08.2024;14:20:42;0;0;0;0;0;1;35,4;37,9;30,2
08.08.2024;15:09:40;0;0;0;0;0;0;34,1;35,1;27
08.08.2024;17:09:41;0;0;0;0;0;0;30,2;29,4;24
08.08.2024;19:09:41;0;0;0;0;0;0;27,2;26,2;22,8
08.08.2024;20:45:51;0;0;0;0;0;1;24,4;23,4;20,8
08.08.2024;22:12:34;0;0;0;0;0;0;19,4;18,4;17,1
08.08.2024;22:38:30;0;0;0;0;0;1;18,8;18;16,9
08.08.2024;22:55:18;0;0;0;0;0;0;18,6;17,8;16,8
08.08.2024;22:57:58;0;0;0;0;0;1;18,6;17,7;16,8
08.08.2024;23:25:14;0;0;0;0;0;0;18;17,1;15,9
08.08.2024;23:26:23;0;0;0;0;0;1;18;17,1;15,9
09.08.2024;00:48:02;0;0;0;0;0;0;17;16,1;15,2
09.08.2024;01:02:05;0;0;0;0;0;1;16,8;15,9;15,1
09.08.2024;01:31:28;0;0;0;0;0;0;16,4;15,5;14,9
09.08.2024;02:35:29;0;0;0;0;0;1;15,6;14,6;14,2
09.08.2024;03:05:51;0;0;0;0;0;0;15,7;14,5;14,1
09.08.2024;04:34:15;0;0;0;0;0;1;14,5;13,4;13,1
09.08.2024;06:34:16;0;0;0;0;0;1;15,6;14,5;14,3
09.08.2024;06:48:36;0;0;0;0;0;0;16,5;15,4;14,6
09.08.2024;08:48:37;0;0;0;0;0;0;21,8;21,7;18
09.08.2024;10:48:37;0;0;0;0;0;0;29,1;34,1;31,1
09.08.2024;12:48:37;0;0;0;0;0;0;36,2;42,7;36
09.08.2024;14:48:38;0;0;0;0;0;0;38,7;43,6;32
09.08.2024;16:48:38;0;0;0;0;0;0;37,7;39,9;31,3
09.08.2024;18:48:38;0;0;0;0;0;0;32,9;32,4;27
09.08.2024;20:48:39;0;0;0;0;0;0;28,8;27,2;23,7
09.08.2024;22:48:39;0;0;0;0;0;0;25,8;24,5;22,6
10.08.2024;00:48:40;0;0;0;0;0;0;24,6;23,6;22,3
10.08.2024;02:48:40;0;0;0;0;0;0;22,7;21,7;21
10.08.2024;03:48:37;0;0;0;0;0;1;21,7;20,9;20
10.08.2024;04:40:31;0;0;0;0;0;0;20,5;19,7;19
10.08.2024;06:40:32;0;0;0;0;0;0;19,8;19,4;19,4
10.08.2024;08:40:32;0;0;0;0;0;0;24;24,2;22,6
10.08.2024;10:40:32;0;0;0;0;0;0;31,3;33,7;31,1
10.08.2024;12:40:33;0;0;0;0;0;0;35,2;40;33,7
10.08.2024;14:40:33;0;0;0;0;0;0;38,3;43,6;35,1
10.08.2024;16:40:33;0;0;0;0;0;0;39,3;41,8;34
10.08.2024;18:40:34;0;0;0;0;0;0;35,1;35,3;30,5
10.08.2024;20:40:34;0;0;0;0;0;0;28,3;27,1;21,2
10.08.2024;22:40:34;0;0;0;0;0;0;23,6;21,9;18,3
11.08.2024;00:40:35;0;0;0;0;0;0;21;19,4;17,9
11.08.2024;02:40:35;0;0;0;0;0;0;18,7;17,3;16,7
11.08.2024;04:40:35;0;0;0;0;0;0;17,2;16;16,1
11.08.2024;06:40:35;0;0;0;0;0;0;18,1;17,5;18,5
11.08.2024;08:40:35;0;0;0;0;0;0;23,5;24,5;23,8
11.08.2024;10:40:35;0;0;0;0;0;0;28,3;30,2;27,2
11.08.2024;12:40:36;0;0;0;0;0;0;33,9;37,7;32,3
11.08.2024;14:40:36;0;0;0;0;0;0;34,6;36,9;30
11.08.2024;16:40:36;0;0;0;0;0;0;35,3;38,8;35,2
11.08.2024;18:40:36;0;0;0;0;0;0;33,1;33,4;30,7
11.08.2024;20:40:37;0;0;0;0;0;0;26,8;25,1;19,1
11.08.2024;22:40:38;0;0;0;0;0;0;21,3;19,1;15,4
12.08.2024;00:40:38;0;0;0;0;0;0;17,9;16,1;13,7
12.08.2024;02:40:39;0;0;0;0;0;0;15,7;14,1;12,7
12.08.2024;04:40:39;0;0;0;0;0;0;14;12,6;12,1
12.08.2024;06:40:40;0;0;0;0;0;0;14,3;13,1;13,2
12.08.2024;08:40:40;0;0;0;0;0;0;22,1;22,5;18,6
12.08.2024;09:46:46;0;0;0;0;0;1;26,3;29,2;33,5
12.08.2024;10:10:04;0;0;0;0;0;0;28,1;32,2;33,7
12.08.2024;12:10:04;0;0;0;0;0;0;36,1;43,2;37,4
12.08.2024;14:10:05;0;0;0;0;0;0;40,5;47,4;35,2
12.08.2024;16:10:06;0;0;0;0;0;0;41;46,3;36,3
12.08.2024;18:10:06;0;0;0;0;0;0;37,5;38,6;33,1
12.08.2024;20:10:06;0;0;0;0;0;0;31;29,1;22
12.08.2024;22:10:07;0;0;0;0;0;0;24;21,8;17,2
13.08.2024;00:10:07;0;0;0;0;0;0;20,3;18,1;15,3
13.08.2024;02:10:07;0;0;0;0;0;0;17,5;15,7;13,6
13.08.2024;04:10:08;0;0;0;0;0;0;16,3;14,5;12,5
13.08.2024;06:10:08;0;0;0;0;0;0;14,7;13,1;12,6
13.08.2024;08:10:08;0;0;0;0;0;0;21,2;20,5;19
13.08.2024;10:10:09;0;0;0;0;0;0;29,5;32,8;32,2
13.08.2024;12:10:09;0;0;0;0;0;0;36,2;43,2;38,2
13.08.2024;14:10:09;0;0;0;0;0;0;40,5;47,1;38,9
13.08.2024;16:10:09;0;0;0;0;0;0;40,7;46,4;39
13.08.2024;18:10:09;0;0;0;0;0;0;37;37,5;33,6
13.08.2024;20:10:09;0;0;0;0;0;0;30,5;28,2;23,6
13.08.2024;22:10:10;0;0;0;0;0;0;24,8;22,5;20,7
14.08.2024;00:10:10;0;0;0;0;0;0;21,6;19,9;18,2
14.08.2024;02:10:11;0;0;0;0;0;0;19,3;17,9;16,8
14.08.2024;04:10:11;0;0;0;0;0;0;17,1;15,9;16
14.08.2024;06:10:12;0;0;0;0;0;0;16;14,8;15,1
14.08.2024;08:10:12;0;0;0;0;0;0;21,4;20,9;18,8
14.08.2024;10:10:13;0;0;0;0;0;0;29,4;32;32,2
14.08.2024;12:10:13;0;0;0;0;0;0;36,3;42,6;34,6
14.08.2024;14:10:13;0;0;0;0;0;0;40,6;47,4;36,2
14.08.2024;16:10:14;0;0;0;0;0;0;41,6;47,1;40,9
14.08.2024;18:10:14;0;0;0;0;0;0;38,5;39,8;35,2
14.08.2024;20:10:14;0;0;0;0;0;0;32,4;31,1;26,5
14.08.2024;22:10:15;0;0;0;0;0;0;27,9;26,3;24,2
15.08.2024;00:10:15;0;0;0;0;0;0;24,9;23,7;22,7
15.08.2024;02:10:16;0;0;0;0;0;0;22,5;21,4;19,3
15.08.2024;04:10:16;0;0;0;0;0;0;20,5;19,3;17,7
15.08.2024;06:10:17;0;0;0;0;0;0;19,1;18,1;17,3
15.08.2024;08:10:17;0;0;0;0;0;0;24,1;23,9;23,6
15.08.2024;10:10:18;0;0;0;0;0;0;32,4;35,5;33,9
15.08.2024;12:10:18;0;0;0;0;0;0;33,7;34,5;27,8
15.08.2024;14:10:19;0;0;0;0;0;0;32,9;34,1;30,6
15.08.2024;16:10:19;0;0;0;0;0;0;35,2;37,9;34,9
15.08.2024;18:10:19;0;0;0;0;0;0;33,5;34,3;28,3
15.08.2024;20:10:19;0;0;0;0;0;0;30,6;29,8;24,5
15.08.2024;22:10:20;0;0;0;0;0;0;26,2;24,5;21,1
16.08.2024;00:10:20;0;0;0;0;0;0;23,9;22,2;21,4
16.08.2024;02:10:21;0;0;0;0;0;0;22,2;20,9;20,2
16.08.2024;04:10:22;0;0;0;0;0;0;20,6;19,3;18,7
16.08.2024;06:10:22;0;0;0;0;0;0;19,5;18,5;18,4
16.08.2024;08:10:22;0;0;0;0;0;0;23,3;23,8;23,7
16.08.2024;10:10:22;0;0;0;0;0;0;30,5;32,7;31,7
16.08.2024;12:10:23;0;0;0;0;0;0;36;42;39
16.08.2024;14:10:23;0;0;0;0;0;0;39,9;45,8;39,6
16.08.2024;16:10:23;0;0;0;0;0;0;41,3;47,1;41,7
16.08.2024;18:10:24;0;0;0;0;0;0;39,7;41,2;35,9
16.08.2024;20:10:24;0;0;0;0;0;0;33,6;32,3;26
16.08.2024;22:10:24;0;0;0;0;0;0;27,8;25,9;21,7
17.08.2024;00:10:25;0;0;0;0;0;0;24,4;22,7;20,1
17.08.2024;02:10:25;0;0;0;0;0;0;22,2;20,8;19,3
17.08.2024;04:10:26;0;0;0;0;0;0;20,8;19,7;18,6
17.08.2024;06:10:27;0;0;0;0;0;0;20,2;19,2;19,3
17.08.2024;08:10:27;0;0;0;0;0;0;25,3;25,5;25,2
17.08.2024;10:10:28;0;0;0;0;0;0;32,1;35,8;33,5
17.08.2024;12:10:28;0;0;0;0;0;0;38,9;44,9;36
17.08.2024;14:10:29;0;0;0;0;0;0;42,8;46,6;35,3
17.08.2024;15:04:08;0;0;0;0;0;1;38,7;38,3;27
17.08.2024;15:36:53;0;0;0;0;0;0;32,7;30,3;23,2
17.08.2024;15:55:05;0;0;0;0;0;1;31,8;29,3;23,8
17.08.2024;16:17:39;0;0;0;0;0;0;30,4;27,8;23,5
17.08.2024;16:45:07;0;0;0;0;0;1;29,4;27;24,1
17.08.2024;17:02:01;0;0;0;0;0;0;28,1;25,6;23,5
17.08.2024;17:28:54;0;0;0;0;0;1;26,8;24,7;23
17.08.2024;19:01:13;0;0;0;0;0;0;24,4;23,4;24,6
17.08.2024;21:01:14;0;0;0;0;0;0;23,8;23;22,7
17.08.2024;23:01:14;0;0;0;0;0;0;22,2;21,2;20,3
18.08.2024;01:01:15;0;0;0;0;0;0;20,8;19,8;18,7
18.08.2024;03:01:15;0;0;0;0;0;0;20;18,9;19,3
18.08.2024;05:01:16;0;0;0;0;0;0;18,7;17,8;17,5
18.08.2024;07:01:16;0;0;0;0;0;0;19,7;19,6;20,6
18.08.2024;09:01:17;0;0;0;0;0;0;26,5;27,7;29,2
18.08.2024;11:01:17;0;0;0;0;0;0;32,5;37,9;38,1
18.08.2024;13:01:17;0;0;0;0;0;0;38,4;42,6;37,5
18.08.2024;15:01:18;0;0;0;0;0;0;41,9;49,4;38,3
18.08.2024;17:01:18;0;0;0;0;0;0;40,3;42,3;32,7
18.08.2024;19:01:18;0;0;0;0;0;0;35,5;34,5;28,8
18.08.2024;21:01:18;0;0;0;0;0;0;30,6;29,2;25,3
18.08.2024;23:01:19;0;0;0;0;0;0;27,7;26,5;24,4
19.08.2024;01:01:19;0;0;0;0;0;0;24,6;23,3;21,5
19.08.2024;01:45:46;0;0;0;0;0;1;24;22,9;21,7
19.08.2024;03:35:47;0;0;0;0;0;0;21,6;21,1;20,7
19.08.2024;03:38:38;0;0;0;0;0;1;21,5;21,1;20,7
19.08.2024;04:26:49;0;0;0;0;0;0;21,3;20,8;20,4
19.08.2024;04:32:36;0;0;0;0;0;1;21,2;20,8;20,3
19.08.2024;06:32:37;0;0;0;0;0;1;20,1;19,6;19,1
19.08.2024;06:48:42;0;0;0;0;0;0;19,9;19,5;19,1
19.08.2024;06:50:46;0;0;0;0;0;1;19,9;19,5;19,1
19.08.2024;08:06:03;0;0;0;0;0;0;19,9;19,6;19
19.08.2024;08:17:31;0;0;0;0;0;1;19,9;19,7;19
19.08.2024;09:29:34;0;0;0;0;0;0;19,4;19,1;18,3
19.08.2024;09:29:34;0;0;0;0;0;1;19,4;19,1;18,3
19.08.2024;09:54:56;0;0;0;0;0;0;19,3;19,1;18,4
19.08.2024;09:59:35;0;0;0;0;0;1;19,3;19,2;18,3
19.08.2024;10:35:44;0;0;0;0;0;0;19,2;19;18,2
19.08.2024;10:36:58;0;0;0;0;0;1;19,2;19;18,2
19.08.2024;11:03:54;0;0;0;0;0;0;19,2;19;18,3
19.08.2024;11:07:23;0;0;0;0;0;1;19,2;19;18,3
19.08.2024;11:36:14;0;0;0;0;0;0;19,1;19;18,4
19.08.2024;11:36:47;0;0;0;0;0;1;19,1;19;18,4
19.08.2024;11:52:08;0;0;0;0;0;0;19,1;19;18,5
19.08.2024;13:09:00;0;0;0;0;0;1;20;20,2;19,8
19.08.2024;13:30:12;0;0;0;0;0;0;20,2;20,5;20
19.08.2024;13:57:42;0;0;0;0;0;1;20,6;21,2;21
19.08.2024;14:13:04;0;0;0;0;0;0;21,2;22,4;22,6
19.08.2024;14:18:52;0;0;0;0;0;1;21,6;22,9;23,2
19.08.2024;15:17:00;0;0;0;0;0;0;22,5;23,8;22,4
19.08.2024;16:02:25;0;0;0;0;0;1;24,2;26;23,8
19.08.2024;16:25:03;0;0;0;0;0;0;24;25,3;21,7
19.08.2024;16:58:07;0;0;0;0;0;1;24,3;25,1;22,2
19.08.2024;17:13:23;0;0;0;0;0;0;24,2;24,8;22
19.08.2024;17:18:40;0;0;0;0;0;1;24,1;24,6;22
19.08.2024;17:40:42;0;0;0;0;0;0;23,7;24;21,6
19.08.2024;17:49:14;0;0;0;0;0;1;23,6;23,8;21,4
19.08.2024;18:05:42;0;0;0;0;0;0;23,4;23,5;21,6
19.08.2024;18:26:37;0;0;0;0;0;1;23,3;23,2;21,5
19.08.2024;19:13:50;0;0;0;0;0;0;23;22,7;22,5
19.08.2024;19:21:21;0;0;0;0;0;1;22,8;22,5;22,1
19.08.2024;20:08:26;0;0;0;0;0;0;21,8;21;19
19.08.2024;22:08:27;0;0;0;0;0;0;19,5;18,3;17,7
20.08.2024;00:08:27;0;0;0;0;0;0;17,9;16,7;16,2
20.08.2024;02:08:27;0;0;0;0;0;0;16,8;15,6;14,9
20.08.2024;02:14:35;0;0;0;0;0;1;16,8;15,5;14,8
20.08.2024;02:29:47;0;0;0;0;0;0;16,6;15,3;14,7
20.08.2024;03:25:53;0;0;0;0;0;1;16;14,8;14,6
20.08.2024;03:43:41;0;0;0;0;0;0;15,8;14,6;14,5
20.08.2024;04:06:01;0;0;0;0;0;1;15,6;14,4;14,4
20.08.2024;04:24:23;0;0;0;0;0;0;15,4;14,4;14,5
20.08.2024;04:47:35;0;0;0;0;0;1;15,4;14,4;14,7
20.08.2024;06:47:36;0;0;0;0;0;1;16;15,5;16,2
20.08.2024;06:58:09;0;0;0;0;0;0;16,6;16,2;16,5
20.08.2024;08:58:10;0;0;0;0;0;0;22,4;24,1;26,2
20.08.2024;10:58:09;0;0;0;0;0;0;29,4;35,3;33,5
20.08.2024;12:58:10;0;0;0;0;0;0;34,8;41,1;34,3
20.08.2024;14:58:10;0;0;0;0;0;0;37,5;45,5;34,6
20.08.2024;16:58:10;0;0;0;0;0;0;37;41,3;34,6
20.08.2024;18:58:11;0;0;0;0;0;0;32,1;31,9;28,4
20.08.2024;20:58:11;0;0;0;0;0;0;26,3;24,5;20,1
20.08.2024;22:58:12;0;0;0;0;0;0;23;21,3;19,7
21.08.2024;00:58:13;0;0;0;0;0;0;21,1;19,7;19,4
21.08.2024;02:58:13;0;0;0;0;0;0;19,9;18,9;18,9
21.08.2024;04:58:14;0;0;0;0;0;0;19,1;18,3;18,5
21.08.2024;06:58:14;0;0;0;0;0;0;19,7;19,3;19,4
21.08.2024;07:14:19;0;0;0;0;0;1;19,7;19,3;19,2
21.08.2024;09:14:20;0;0;0;0;0;1;19,6;19,5;19,2
21.08.2024;10:44:20;0;0;0;0;0;0;19,9;20,1;19,7
21.08.2024;11:09:10;0;0;0;0;0;1;20,7;20,9;20,6
21.08.2024;11:24:19;0;0;0;0;0;0;20,9;21,1;20,6
21.08.2024;11:24:54;0;0;0;0;0;1;20,9;21,1;20,6
21.08.2024;11:51:23;0;0;0;0;0;0;21,3;21,4;21,1
21.08.2024;11:53:18;0;0;0;0;0;1;21,3;21,4;21,1
21.08.2024;12:16:17;0;0;0;0;0;0;21,7;22,1;22,2
21.08.2024;12:21:03;0;0;0;0;0;1;21,8;22,4;22,6
21.08.2024;12:36:05;0;0;0;0;0;0;22,5;23,6;24
21.08.2024;12:58:25;0;0;0;0;0;1;24,1;27,4;28,2
21.08.2024;13:14:23;0;0;0;0;0;0;25,2;28,3;27,6
21.08.2024;13:17:48;0;0;0;0;0;1;25,2;28;26,2
21.08.2024;13:33:30;0;0;0;0;0;0;25,8;28,1;25,5
21.08.2024;13:47:52;0;0;0;0;0;1;26,5;29,3;26,9
21.08.2024;14:03:06;0;0;0;0;0;0;27,5;30,9;27,7
21.08.2024;16:03:06;0;0;0;0;0;0;30,6;34,9;31
21.08.2024;18:03:06;0;0;0;0;0;0;29,3;30,9;28,5
21.08.2024;20:03:06;0;0;0;0;0;0;23,6;22,2;18,2
21.08.2024;22:03:07;0;0;0;0;0;0;19;17,1;15,5
22.08.2024;00:03:07;0;0;0;0;0;0;16,8;15,3;15,5
22.08.2024;02:03:08;0;0;0;0;0;0;16;14,9;14,9
22.08.2024;04:03:08;0;0;0;0;0;0;14,7;13,6;14,1
22.08.2024;06:03:08;0;0;0;0;0;0;13,7;12,6;12,7
22.08.2024;08:03:09;0;0;0;0;0;0;15,9;16;17,3
22.08.2024;10:03:09;0;0;0;0;0;0;22,3;24,2;21,7
22.08.2024;12:03:10;0;0;0;0;0;0;28,5;31,6;25,7
22.08.2024;14:01:46;0;0;0;0;0;0;29,7;31,8;25,6
22.08.2024;16:01:47;0;0;0;0;0;0;31,7;37,6;29,3
22.08.2024;18:01:47;0;0;0;0;0;0;29,9;31,5;27,6
22.08.2024;20:01:47;0;0;0;0;0;0;25,2;24;20,1
22.08.2024;22:01:47;0;0;0;0;0;0;21;19,1;17,7
23.08.2024;00:01:48;0;0;0;0;0;0;18;16,1;15
23.08.2024;02:01:48;0;0;0;0;0;0;15,6;14,1;13,4
23.08.2024;04:01:48;0;0;0;0;0;0;14,1;12,7;12,5
23.08.2024;06:01:48;0;0;0;0;0;0;13,1;11,9;12,1
23.08.2024;08:01:48;0;0;0;0;0;0;16,9;16,9;17,8
23.08.2024;10:01:49;0;0;0;0;0;0;25;27,5;26,1
23.08.2024;12:01:49;0;0;0;0;0;0;32;37,5;31
23.08.2024;14:01:50;0;0;0;0;0;0;37,2;44,5;34
23.08.2024;16:01:50;0;0;0;0;0;0;38,7;42,9;34,9
23.08.2024;18:01:50;0;0;0;0;0;0;35;35,8;31,3
23.08.2024;20:01:51;0;0;0;0;0;0;28,7;27,2;21,2
23.08.2024;22:01:51;0;0;0;0;0;0;24,3;22;21,4
24.08.2024;00:01:52;0;0;0;0;0;0;20,8;19;16,6
24.08.2024;02:01:52;0;0;0;0;0;0;18,6;16,9;15,7
24.08.2024;04:01:52;0;0;0;0;0;0;16,2;14,7;13,3
24.08.2024;06:01:53;0;0;0;0;0;0;14,9;13,5;12,7
24.08.2024;08:01:53;0;0;0;0;0;0;19,2;18,8;19,5
24.08.2024;10:01:53;0;0;0;0;0;0;28;32,5;37,4
24.08.2024;12:01:53;0;0;0;0;0;0;36,6;44,2;37
24.08.2024;14:01:54;0;0;0;0;0;0;41,8;50;38,3
24.08.2024;16:01:54;0;0;0;0;0;0;43;48,9;38,7
24.08.2024;18:01:55;0;0;0;0;0;0;39,2;40,5;35,7
24.08.2024;20:01:55;0;0;0;0;0;0;33,7;32,1;27,8
24.08.2024;22:01:55;0;0;0;0;0;0;28,8;27;26,2
25.08.2024;00:01:55;0;0;0;0;0;0;25,7;24,1;23,9
25.08.2024;02:01:56;0;0;0;0;0;0;23,7;22,5;23,3
25.08.2024;04:01:56;0;0;0;0;0;0;22,3;21,3;21,6
25.08.2024;06:01:57;0;0;0;0;0;0;21,1;20;20,8
25.08.2024;08:01:57;0;0;0;0;0;0;24,5;24,2;23,9
25.08.2024;10:01:58;0;0;0;0;0;0;32;34,7;34,6
25.08.2024;12:01:58;0;0;0;0;0;0;36,9;42,1;37,7
25.08.2024;14:01:59;0;0;0;0;0;0;37,7;43;36,2
25.08.2024;16:01:59;0;0;0;0;0;0;32,9;32,7;25,3
25.08.2024;18:01:59;0;0;0;0;0;0;26,6;25,2;20,3
25.08.2024;18:39:17;0;0;0;0;0;1;25,1;23,4;19,7
25.08.2024;19:53:20;0;0;0;0;0;0;21,9;20,3;18,2
25.08.2024;21:21:26;0;0;0;0;0;1;20,9;19,5;18,4
25.08.2024;21:42:57;0;0;0;0;0;0;20,5;19,2;18
25.08.2024;23:42:57;0;0;0;0;0;0;19,6;18,6;18
26.08.2024;01:42:57;0;0;0;0;0;0;18,8;18;17,5
26.08.2024;03:18:54;0;0;0;0;0;1;18,3;17,4;16,9
26.08.2024;05:18:54;0;0;0;0;0;1;17,4;16,7;16,2
26.08.2024;06:18:39;0;0;0;0;0;0;17,2;16,6;16,2
26.08.2024;06:20:17;0;0;0;0;0;1;17,2;16,6;16,2
26.08.2024;07:37:33;0;0;0;0;0;0;17;16,7;16,5
26.08.2024;08:02:18;0;0;0;0;0;1;17,1;16,9;16,7
26.08.2024;08:17:42;0;0;0;0;0;0;17,2;17;16,9
26.08.2024;08:27:31;0;0;0;0;0;1;17,3;17,2;17,1
26.08.2024;09:11:04;0;0;0;0;0;0;18,3;18,7;19
26.08.2024;09:20:25;0;0;0;0;0;1;18,6;19,1;19,7
26.08.2024;09:52:44;0;0;0;0;0;0;19,6;20,4;20,8
26.08.2024;09:58:44;0;0;0;0;0;1;19,7;20,6;21
26.08.2024;10:15:03;0;0;0;0;0;0;20,4;21,7;22,4
26.08.2024;10:26:44;0;0;0;0;0;1;20,8;22,3;22,1
26.08.2024;10:51:15;0;0;0;0;0;0;21,1;22,8;21,6
26.08.2024;12:51:16;0;0;0;0;0;0;23,7;25,1;22,5
26.08.2024;14:51:16;0;0;0;0;0;0;25,9;27,4;25,2
26.08.2024;16:51:17;0;0;0;0;0;0;28,4;32,7;32,7
26.08.2024;18:51:17;0;0;0;0;0;0;26,4;26,5;22,2
26.08.2024;20:51:17;0;0;0;0;0;0;21,6;20;16,2
26.08.2024;22:51:17;0;0;0;0;0;0;18,4;16,8;14,7
27.08.2024;00:51:17;0;0;0;0;0;0;16,4;15;13,8
27.08.2024;02:51:17;0;0;0;0;0;0;15,4;14,3;14,4
27.08.2024;04:51:18;0;0;0;0;0;0;14,9;13,9;13,4
27.08.2024;06:51:18;0;0;0;0;0;0;15,7;15,2;16,4
27.08.2024;08:51:19;0;0;0;0;0;0;20,1;21,7;22,3
27.08.2024;10:51:19;0;0;0;0;0;0;27,3;31,8;29,3
27.08.2024;12:51:20;0;0;0;0;0;0;34,1;41,4;35,6
27.08.2024;14:51:20;0;0;0;0;0;0;36,9;44;35,3
27.08.2024;16:51:20;0;0;0;0;0;0;36;39,8;34,2
27.08.2024;18:51:21;0;0;0;0;0;0;30,9;29,9;25,2
27.08.2024;20:51:21;0;0;0;0;0;0;24,6;22,5;18,3
27.08.2024;22:51:22;0;0;0;0;0;0;22,1;20,5;18,3
28.08.2024;00:51:22;0;0;0;0;0;0;20,1;18,5;18
28.08.2024;02:51:22;0;0;0;0;0;0;18,6;17,3;16,9
28.08.2024;04:51:23;0;0;0;0;0;0;17,5;16,4;15,8
28.08.2024;06:51:23;0;0;0;0;0;0;17,2;16,3;17,3
28.08.2024;08:51:24;0;0;0;0;0;0;22,5;23,4;22,9
28.08.2024;10:51:24;0;0;0;0;0;0;29,6;34,9;34,9
28.08.2024;12:51:25;0;0;0;0;0;0;36,2;43,4;36
28.08.2024;14:51:25;0;0;0;0;0;0;40,5;47,8;38,1
28.08.2024;16:51:26;0;0;0;0;0;0;40,6;44,6;36,5
28.08.2024;18:51:26;0;0;0;0;0;0;35,8;35,7;31,9
28.08.2024;20:51:26;0;0;0;0;0;0;30,6;29,1;26
28.08.2024;22:51:26;0;0;0;0;0;0;26,9;25,4;24,5
29.08.2024;00:51:27;0;0;0;0;0;0;24,9;23,3;22,1
29.08.2024;02:51:27;0;0;0;0;0;0;22,6;21,4;21,3
29.08.2024;04:51:27;0;0;0;0;0;0;20,5;19,3;18,3
29.08.2024;06:51:28;0;0;0;0;0;0;19,8;18,7;19
29.08.2024;08:51:28;0;0;0;0;0;0;25,2;26,1;24,7
29.08.2024;10:51:28;0;0;0;0;0;0;33,4;38,3;38,7
29.08.2024;12:51:28;0;0;0;0;0;0;39,9;47,2;39,4
29.08.2024;14:51:29;0;0;0;0;0;0;43;50;41
29.08.2024;16:51:29;0;0;0;0;0;0;42,4;46,7;41,9
29.08.2024;18:51:30;0;0;0;0;0;0;37,5;37,5;33,2
29.08.2024;20:51:30;0;0;0;0;0;0;29,4;27,5;22
29.08.2024;22:51:30;0;0;0;0;0;0;24,7;22,7;19,3
30.08.2024;00:51:30;0;0;0;0;0;0;21,8;20,1;18,1
30.08.2024;02:51:31;0;0;0;0;0;0;19,6;18,3;17
30.08.2024;04:51:31;0;0;0;0;0;0;18,5;17,2;16,6
30.08.2024;06:51:32;0;0;0;0;0;0;17,9;16,6;16,7
30.08.2024;08:51:32;0;0;0;0;0;0;24,4;25,4;26,1
30.08.2024;10:51:32;0;0;0;0;0;0;33,4;39,1;40,9
30.08.2024;12:51:32;0;0;0;0;0;0;40,8;49,2;43,4
30.08.2024;14:51:32;0;0;0;0;0;0;44,1;52;43,8
30.08.2024;16:51:33;0;0;0;0;0;0;43,3;47,4;41,8
30.08.2024;18:51:33;0;0;0;0;0;0;38;37,7;33,6
30.08.2024;20:51:34;0;0;0;0;0;0;30;27,9;22,8
30.08.2024;22:51:34;0;0;0;0;0;0;25,4;23,5;20,4
31.08.2024;00:51:34;0;0;0;0;0;0;22,9;21,4;19,4
31.08.2024;02:51:34;0;0;0;0;0;0;21,5;20,2;20,2
31.08.2024;04:51:35;0;0;0;0;0;0;20,5;19,5;19,8
31.08.2024;06:51:35;0;0;0;0;0;0;19,9;19,1;18,3
31.08.2024;08:51:35;0;0;0;0;0;0;24;24,6;23,9
31.08.2024;10:51:36;0;0;0;0;0;0;29,6;33,1;31,2
31.08.2024;12:51:36;0;0;0;0;0;0;30;31,6;26,4
31.08.2024;14:51:36;0;0;0;0;0;0;29,1;29,3;23,9
31.08.2024;16:51:36;0;0;0;0;0;0;27,4;26,9;22,3
31.08.2024;18:51:36;0;0;0;0;0;0;25,4;24,6;21,1
31.08.2024;20:51:36;0;0;0;0;0;0;21,8;20,5;17,5
31.08.2024;22:51:37;0;0;0;0;0;0;19,7;18,4;17
01.09.2024;00:51:37;0;0;0;0;0;0;17,8;16,5;15
01.09.2024;02:51:37;0;0;0;0;0;0;16,2;15;14,1
01.09.2024;04:51:38;0;0;0;0;0;0;15,8;15;15
01.09.2024;06:51:38;0;0;0;0;0;0;16;15,6;16,2
01.09.2024;08:51:38;0;0;0;0;0;0;20,3;20,7;21,3
01.09.2024;10:51:39;0;0;0;0;0;0;25,7;29,8;28,3
01.09.2024;12:51:39;0;0;0;0;0;0;32,1;38,2;35,4
01.09.2024;14:51:39;0;0;0;0;0;0;35,7;43,6;36,3
01.09.2024;16:51:39;0;0;0;0;0;0;35,9;40,4;33,5
01.09.2024;18:51:40;0;0;0;0;0;0;30,5;29,6;25
01.09.2024;20:51:40;0;0;0;0;0;0;24,5;21,8;18,7
01.09.2024;22:51:41;0;0;0;0;0;0;21;18,7;17,3
02.09.2024;00:51:41;0;0;0;0;0;0;18,8;17,1;15,9
02.09.2024;02:51:41;0;0;0;0;0;0;16,9;15,6;14,3
02.09.2024;04:51:42;0;0;0;0;0;0;15,4;14;13,1
02.09.2024;06:51:42;0;0;0;0;0;0;14,7;13,7;13,8
02.09.2024;08:51:43;0;0;0;0;0;0;20,4;21,4;21,5
02.09.2024;10:51:43;0;0;0;0;0;0;29,1;34,4;34,6
02.09.2024;12:51:43;0;0;0;0;0;0;35,5;44;36,8
02.09.2024;14:51:44;0;0;0;0;0;0;39,8;47,4;38,6
02.09.2024;16:51:44;0;0;0;0;0;0;39,1;42,6;36,8
02.09.2024;18:51:45;0;0;0;0;0;0;34,2;33,4;28,2
02.09.2024;20:51:45;0;0;0;0;0;0;28,4;26,2;22,4
02.09.2024;22:51:46;0;0;0;0;0;0;24,9;23;21,6
03.09.2024;00:51:46;0;0;0;0;0;0;22,9;21,7;20,9
03.09.2024;02:51:46;0;0;0;0;0;0;21,4;20,1;19,3
03.09.2024;04:51:46;0;0;0;0;0;0;20,5;19,4;19,8
03.09.2024;06:51:46;0;0;0;0;0;0;19,8;18,8;18,9
03.09.2024;08:51:46;0;0;0;0;0;0;24,1;24,9;24,9
03.09.2024;10:51:47;0;0;0;0;0;0;32,1;36,7;36,2
03.09.2024;12:51:47;0;0;0;0;0;0;39,3;47,5;39,8
03.09.2024;14:51:48;0;0;0;0;0;0;43;50,3;41,8
03.09.2024;16:51:48;0;0;0;0;0;0;41,5;44,9;38,6
03.09.2024;18:51:49;0;0;0;0;0;0;37,3;36,9;32,3
03.09.2024;20:51:48;0;0;0;0;0;0;30,3;28,5;24,5
03.09.2024;22:51:49;0;0;0;0;0;0;26,6;24,8;22,7
04.09.2024;00:51:49;0;0;0;0;0;0;23,9;22,6;21,7
04.09.2024;02:51:50;0;0;0;0;0;0;21,4;20;19
04.09.2024;04:51:51;0;0;0;0;0;0;19,7;18,5;17,3
04.09.2024;06:51:51;0;0;0;0;0;0;18;16,8;16,1
04.09.2024;08:51:51;0;0;0;0;0;0;23,3;24,4;25,6
04.09.2024;10:51:52;0;0;0;0;0;0;31,6;37;34
04.09.2024;12:51:52;0;0;0;0;0;0;39;46,5;39,6
04.09.2024;14:51:53;0;0;0;0;0;0;42,7;50;42,1
04.09.2024;16:51:54;0;0;0;0;0;0;41,2;44,6;40,8
04.09.2024;18:51:54;0;0;0;0;0;0;35,9;34,8;31
04.09.2024;20:51:54;0;0;0;0;0;0;29,6;27,4;24,4
04.09.2024;22:51:55;0;0;0;0;0;0;25,8;24,1;22,8
05.09.2024;00:51:55;0;0;0;0;0;0;23,3;21,5;19,8
05.09.2024;02:51:56;0;0;0;0;0;0;21;19,4;18,7
05.09.2024;04:51:56;0;0;0;0;0;0;19,4;18;17,7
05.09.2024;06:51:57;0;0;0;0;0;0;18,5;17,6;18,2
05.09.2024;08:51:57;0;0;0;0;0;0;23,3;24;24,7
05.09.2024;10:51:57;0;0;0;0;0;0;31,2;36,1;35,5
05.09.2024;12:51:57;0;0;0;0;0;0;38,1;45,4;39,5
05.09.2024;14:51:58;0;0;0;0;0;0;39,4;44,9;37,3
05.09.2024;16:51:58;0;0;0;0;0;0;37,9;41,3;38,2
05.09.2024;18:51:59;0;0;0;0;0;0;32,8;32,2;29,4
05.09.2024;20:51:59;0;0;0;0;0;0;27,2;25,4;23
05.09.2024;22:51:59;0;0;0;0;0;0;23,3;21,7;20,2
06.09.2024;00:52:00;0;0;0;0;0;0;21;19,7;19,1
06.09.2024;02:52:00;0;0;0;0;0;0;18,7;17,5;17,2
06.09.2024;04:52:00;0;0;0;0;0;0;17,2;16;16
06.09.2024;06:52:01;0;0;0;0;0;0;16,5;15,4;16,3
06.09.2024;08:52:01;0;0;0;0;0;0;21;21,9;23,3
06.09.2024;10:52:02;0;0;0;0;0;0;28,6;33;33,2
06.09.2024;12:52:02;0;0;0;0;0;0;34,6;42,8;37
06.09.2024;14:52:02;0;0;0;0;0;0;39;46,4;36,2
06.09.2024;16:52:03;0;0;0;0;0;0;38,1;41,8;35,9
06.09.2024;18:52:03;0;0;0;0;0;0;32,9;32,3;28,5
06.09.2024;20:52:03;0;0;0;0;0;0;27,2;25,3;21,4
06.09.2024;22:52:04;0;0;0;0;0;0;23,9;22,2;21,8
07.09.2024;00:52:04;0;0;0;0;0;0;21,2;19,7;17,4
07.09.2024;02:52:04;0;0;0;0;0;0;18,8;17,5;16,2
07.09.2024;04:52:05;0;0;0;0;0;0;17,1;15,9;15,3
07.09.2024;06:52:05;0;0;0;0;0;0;17;15,8;15,8
07.09.2024;08:52:05;0;0;0;0;0;0;22,4;22,7;25,2
07.09.2024;10:52:06;0;0;0;0;0;0;30,9;35,4;36,3
07.09.2024;12:52:07;0;0;0;0;0;0;37,7;45,1;39
07.09.2024;14:52:07;0;0;0;0;0;0;40,3;47,3;38,9
07.09.2024;16:52:08;0;0;0;0;0;0;38,9;42,6;35,5
07.09.2024;18:52:08;0;0;0;0;0;0;35,1;34,8;30,6
07.09.2024;20:52:09;0;0;0;0;0;0;29,6;27,8;24,7
07.09.2024;22:52:10;0;0;0;0;0;0;26,2;24,6;24,5
08.09.2024;00:52:10;0;0;0;0;0;0;24;22,8;22,2
08.09.2024;02:52:10;0;0;0;0;0;0;22;20,7;21,1
08.09.2024;04:52:10;0;0;0;0;0;0;20,1;18,9;18,4
08.09.2024;06:52:11;0;0;0;0;0;0;18,8;17,8;17,5
08.09.2024;08:52:12;0;0;0;0;0;0;24,1;24,5;27
08.09.2024;10:52:12;0;0;0;0;0;0;31,7;36,7;34
08.09.2024;12:52:12;0;0;0;0;0;0;37,9;44,5;35,9
08.09.2024;14:52:12;0;0;0;0;0;0;39,5;45;36,1
08.09.2024;16:52:12;0;0;0;0;0;0;37,9;39,8;32,8
08.09.2024;18:52:12;0;0;0;0;0;0;33,6;32,8;28,9
08.09.2024;20:52:13;0;0;0;0;0;0;28,5;27,2;26
08.09.2024;22:52:14;0;0;0;0;0;0;25,8;24,6;24,4
09.09.2024;00:52:14;0;0;0;0;0;0;24,1;23,2;24
09.09.2024;02:52:14;0;0;0;0;0;0;23,5;22,9;23,7
09.09.2024;04:52:15;0;0;0;0;0;0;23,3;22,8;23,5
09.09.2024;06:52:16;0;0;0;0;0;0;23,4;23;23,7
09.09.2024;08:12:03;0;0;0;0;0;1;23,3;23;22,4
09.09.2024;10:12:04;0;0;0;0;0;1;19,8;19,6;18,7
09.09.2024;12:12:05;0;0;0;0;0;1;19,8;19,7;19
09.09.2024;14:12:05;0;0;0;0;0;1;19,3;19,2;18,1
09.09.2024;15:13:20;0;0;0;0;0;0;18,8;18,5;17,5
09.09.2024;15:13:28;0;0;0;0;0;1;18,8;18,6;17,5
09.09.2024;17:13:28;0;0;0;0;0;1;17,9;17,6;16,9
09.09.2024;18:44:09;0;0;0;0;0;0;17,3;16,9;16,2
09.09.2024;18:46:07;0;0;0;0;0;1;17,3;16,9;16,2
09.09.2024;20:29:03;0;0;0;0;0;0;16,7;16,3;16
09.09.2024;20:30:51;0;0;0;0;0;1;16,7;16,3;16
09.09.2024;20:55:22;0;0;0;0;0;0;16,6;16,2;15,9
09.09.2024;21:52:51;0;0;0;0;0;1;16,5;16,2;16,1
09.09.2024;22:15:17;0;0;0;0;0;0;16,5;16,2;16,2
09.09.2024;23:27:40;0;0;0;0;0;1;16,4;16,2;16,1
09.09.2024;23:56:50;0;0;0;0;0;0;16,4;16,1;15,9
10.09.2024;00:10:19;0;0;0;0;0;1;16,3;16;15,9
10.09.2024;00:26:28;0;0;0;0;0;0;16,2;15,8;15,7
10.09.2024;00:48:50;0;0;0;0;0;1;16,1;15,7;15,6
10.09.2024;01:05:30;0;0;0;0;0;0;16,3;15,8;15,7
10.09.2024;01:58:06;0;0;0;0;0;1;16,2;15,8;15,9
10.09.2024;02:19:41;0;0;0;0;0;0;16,1;15,7;15,8
10.09.2024;03:33:47;0;0;0;0;0;1;16,1;15,7;15,9
10.09.2024;03:54:20;0;0;0;0;0;0;16;15,7;15,9
10.09.2024;04:28:56;0;0;0;0;0;1;16;15,7;15,9
10.09.2024;05:54:53;0;0;0;0;0;0;16;15,7;15,5
10.09.2024;06:14:28;0;0;0;0;0;1;16;15,7;15,7
10.09.2024;06:39:55;0;0;0;0;0;0;16;15,7;15,7
10.09.2024;06:47:54;0;0;0;0;0;1;16;15,8;15,7
10.09.2024;07:30:26;0;0;0;0;0;0;16,2;16,1;16
10.09.2024;07:33:30;0;0;0;0;0;1;16,2;16,1;16
10.09.2024;09:33:30;0;0;0;0;0;1;16,9;16,9;16,6
10.09.2024;09:35:45;0;0;0;0;0;0;17;17;16,7
10.09.2024;09:50:38;0;0;0;0;0;1;17,2;17,4;17,4
10.09.2024;10:25:42;0;0;0;0;0;0;18,1;18,8;19,3
10.09.2024;10:39:12;0;0;0;0;0;1;18,4;19,1;19,3
10.09.2024;11:02:14;0;0;0;0;0;0;18,8;19,8;19,8
10.09.2024;12:24:32;0;0;0;0;0;1;21,9;24,5;22,9
10.09.2024;13:09:39;0;0;0;0;0;0;21,2;21,7;19,6
10.09.2024;13:18:18;0;0;0;0;0;1;21,7;22,5;21,1
10.09.2024;13:33:26;0;0;0;0;0;0;21,9;23,5;22,4
10.09.2024;13:37:46;0;0;0;0;0;1;22,2;24,3;23
10.09.2024;13:53:39;0;0;0;0;0;0;23,7;28,6;28,6
10.09.2024;13:56:56;0;0;0;0;0;1;23,9;28,9;28,7
10.09.2024;14:13:57;0;0;0;0;0;0;24,4;27,9;24,8
10.09.2024;14:43:37;0;0;0;0;0;1;23,9;25,9;21,1
10.09.2024;15:17:52;0;0;0;0;0;0;24,1;27,8;24,7
10.09.2024;15:20:34;0;0;0;0;0;1;24,4;28,3;25,8
10.09.2024;15:38:37;0;0;0;0;0;0;25,6;30,2;27,5
10.09.2024;15:53:27;0;0;0;0;0;1;26,2;30,7;27,2
10.09.2024;16:18:52;0;0;0;0;0;0;26,2;29,6;23,9
10.09.2024;16:41:08;0;0;0;0;0;1;25,4;27,2;20,3
10.09.2024;16:56:22;0;0;0;0;0;0;24,9;26,1;20,1
10.09.2024;18:56:22;0;0;0;0;0;0;20,9;20,1;17,1
10.09.2024;20:56:22;0;0;0;0;0;0;17,5;16;14,1
10.09.2024;22:56:23;0;0;0;0;0;0;15,1;13,4;12,2
11.09.2024;00:56:23;0;0;0;0;0;0;13,4;12;12,3
11.09.2024;02:56:23;0;0;0;0;0;0;12,6;11,5;12,1
11.09.2024;04:56:23;0;0;0;0;0;0;11,7;10,6;11,6
11.09.2024;06:56:23;0;0;0;0;0;0;11,8;11;12,2
11.09.2024;08:56:24;0;0;0;0;0;0;15,6;16,3;16,8
11.09.2024;10:56:25;0;0;0;0;0;0;22,4;24,5;20,4
11.09.2024;12:56:25;0;0;0;0;0;0;21,9;22,3;19,2
11.09.2024;14:56:26;0;0;0;0;0;0;26,4;32,9;26,9
11.09.2024;16:56:26;0;0;0;0;0;0;26,1;26,8;20,3
11.09.2024;18:56:26;0;0;0;0;0;0;22;20,9;17,5
11.09.2024;19:02:48;0;0;0;0;0;1;21,8;20,6;17,4
11.09.2024;19:25:39;0;0;0;0;0;0;20,9;19,6;16,6
11.09.2024;21:25:39;0;0;0;0;0;0;18,3;17,1;15,8
11.09.2024;21:48:55;0;0;0;0;0;1;17,8;16,7;15,6
11.09.2024;22:08:14;0;0;0;0;0;0;17,2;16,1;14,8
11.09.2024;22:16:55;0;0;0;0;0;1;16,9;15,8;14,5
12.09.2024;00:04:03;0;0;0;0;0;0;15,3;14,3;13,6
12.09.2024;02:04:03;0;0;0;0;0;0;14,5;13,6;13,6
12.09.2024;02:17:00;0;0;0;0;0;1;14,4;13,6;13,5
12.09.2024;02:41:11;0;0;0;0;0;0;14,4;13,6;13,4
12.09.2024;02:55:14;0;0;0;0;0;1;14,3;13,5;13,2
12.09.2024;04:55:15;0;0;0;0;0;1;13,1;12,7;12
12.09.2024;06:26:53;0;0;0;0;0;0;12,6;12,2;11,6
12.09.2024;06:49:41;0;0;0;0;0;1;12,3;11,8;10,9
12.09.2024;07:10:31;0;0;0;0;0;0;12,1;11,6;10,7
12.09.2024;07:27:16;0;0;0;0;0;1;12;11,5;11
12.09.2024;09:27:16;0;0;0;0;0;1;11,7;11,5;10,8
12.09.2024;11:27:16;0;0;0;0;0;1;12,5;12,6;11,5
12.09.2024;13:00:40;0;0;0;0;0;0;13,5;13,7;11,9
12.09.2024;13:04:59;0;0;0;0;0;1;13,5;13,7;11,8
12.09.2024;14:14:37;0;0;0;0;0;0;13,4;13,3;11,8
12.09.2024;14:16:35;0;0;0;0;0;1;13,4;13,3;11,7
12.09.2024;14:35:45;0;0;0;0;0;0;13,2;12,9;11,2
12.09.2024;14:37:04;0;0;0;0;0;1;13,2;12,9;11,2
12.09.2024;14:57:03;0;0;0;0;0;0;13,3;13,3;11,7
12.09.2024;16:01:52;0;0;0;0;0;1;13,3;13,1;11,8
12.09.2024;16:25:23;0;0;0;0;0;0;13,1;13;11,8
12.09.2024;16:37:34;0;0;0;0;0;1;13,1;12,9;11,6
12.09.2024;17:04:37;0;0;0;0;0;0;12,8;12,6;11,3
12.09.2024;17:10:08;0;0;0;0;0;1;12,8;12,5;11,2
12.09.2024;19:10:08;0;0;0;0;0;1;11,6;11,1;10,3
12.09.2024;21:10:09;0;0;0;0;0;1;10,9;10,5;10
12.09.2024;21:16:49;0;0;0;0;0;0;10,9;10,5;10
12.09.2024;21:30:01;0;0;0;0;0;1;10,8;10,4;9,9
12.09.2024;22:17:07;0;0;0;0;0;0;10,6;10,3;9,8
12.09.2024;22:21:57;0;0;0;0;0;1;10,6;10,3;9,8
12.09.2024;23:13:23;0;0;0;0;0;0;10,5;10,2;9,8
12.09.2024;23:19:57;0;0;0;0;0;1;10,5;10,1;9,6
13.09.2024;00:20:53;0;0;0;0;0;0;10,4;10;9,7
13.09.2024;00:21:07;0;0;0;0;0;1;10,4;10;9,7
13.09.2024;00:56:36;0;0;0;0;0;0;10,2;9,9;9,4
13.09.2024;01:27:31;0;0;0;0;0;1;10,1;9,8;9,4
13.09.2024;02:10:32;0;0;0;0;0;0;10,1;9,8;9,4
13.09.2024;02:10:52;0;0;0;0;0;1;10,1;9,8;9,4
13.09.2024;03:35:17;0;0;0;0;0;0;9,8;9,5;9,1
13.09.2024;03:39:18;0;0;0;0;0;1;9,8;9,4;9
13.09.2024;05:39:18;0;0;0;0;0;1;9,9;9,6;9,6
13.09.2024;07:39:19;0;0;0;0;0;1;10,2;10;9,7
13.09.2024;08:18:07;0;0;0;0;0;0;10,2;10,1;9,7
13.09.2024;09:05:19;0;0;0;0;0;1;10,4;10,3;9,8
13.09.2024;10:10:13;0;0;0;0;0;0;10,6;10,6;9,9
13.09.2024;10:41:53;0;0;0;0;0;1;10,7;10,6;9,8
13.09.2024;11:04:34;0;0;0;0;0;0;10,7;10,6;9,8
13.09.2024;11:19:42;0;0;0;0;0;1;10,7;10,6;9,8
13.09.2024;11:36:46;0;0;0;0;0;0;10,8;10,7;10
13.09.2024;11:45:51;0;0;0;0;0;1;10,8;10,7;9,9
13.09.2024;13:45:51;0;0;0;0;0;1;11,4;11,3;10,5
13.09.2024;14:24:57;0;0;0;0;0;0;11,6;11,4;10,5
13.09.2024;14:31:52;0;0;0;0;0;1;11,5;11,4;10,5
13.09.2024;15:59:52;0;0;0;0;0;0;11,5;11,3;10,9
13.09.2024;16:18:32;0;0;0;0;0;1;11,5;11,3;11
13.09.2024;18:18:32;0;0;0;0;0;1;11,6;11,4;11
13.09.2024;20:18:32;0;0;0;0;0;1;11,4;11,2;10,9
13.09.2024;21:39:05;0;0;0;0;0;0;11,5;11,4;11,2
13.09.2024;22:02:22;0;0;0;0;0;1;11,6;11,4;11,3
13.09.2024;22:44:48;0;0;0;0;0;0;11,7;11,6;11,4
13.09.2024;22:54:03;0;0;0;0;0;1;11,8;11,6;11,4
13.09.2024;23:16:31;0;0;0;0;0;0;11,8;11,7;11,5
13.09.2024;23:30:45;0;0;0;0;0;1;11,8;11,7;11,5
13.09.2024;23:56:42;0;0;0;0;0;0;12;11,8;11,5
13.09.2024;23:58:01;0;0;0;0;0;1;12;11,7;11,5
14.09.2024;00:49:11;0;0;0;0;0;0;11,9;11,6;11,2
14.09.2024;02:49:11;0;0;0;0;0;0;11,8;11,6;11,6
14.09.2024;03:33:21;0;0;0;0;0;1;11,9;11,7;11,7
14.09.2024;04:53:06;0;0;0;0;0;0;12;11,8;11,7
14.09.2024;05:12:59;0;0;0;0;0;1;12;11,9;11,8
14.09.2024;06:54:12;0;0;0;0;0;0;12,4;12,3;12,3
14.09.2024;06:54:45;0;0;0;0;0;1;12,4;12,3;12,3
14.09.2024;07:11:13;0;0;0;0;0;0;12,6;12,5;12,5
14.09.2024;07:16:41;0;0;0;0;0;1;12,6;12,5;12,5
14.09.2024;07:59:36;0;0;0;0;0;0;12,9;12,9;12,9
14.09.2024;09:16:49;0;0;0;0;0;1;13,3;13,2;13,2
14.09.2024;10:06:02;0;0;0;0;0;0;13,5;13,4;13,2
14.09.2024;10:42:43;0;0;0;0;0;1;13,7;13,6;13,4
14.09.2024;10:57:57;0;0;0;0;0;0;13,8;13,7;13,6
14.09.2024;12:20:51;0;0;0;0;0;1;14;13,9;13,5
14.09.2024;12:40:22;0;0;0;0;0;0;13,9;13,7;13,3
14.09.2024;12:45:59;0;0;0;0;0;1;13,9;13,7;13,3
14.09.2024;13:01:25;0;0;0;0;0;0;13,8;13,7;13,3
14.09.2024;13:19:38;0;0;0;0;0;1;13,8;13,7;13,4
14.09.2024;13:34:48;0;0;0;0;0;0;13,8;13,6;13,3
14.09.2024;14:47:47;0;0;0;0;0;1;13,9;13,7;14
14.09.2024;15:14:24;0;0;0;0;0;0;13,9;13,7;13,8
14.09.2024;15:51:57;0;0;0;0;0;1;13,8;13,6;13,9
14.09.2024;16:25:56;0;0;0;0;0;0;13,7;13,4;13,6
14.09.2024;16:28:42;0;0;0;0;0;1;13,6;13,4;13,6
14.09.2024;17:05:33;0;0;0;0;0;0;13,4;13,1;13,5
14.09.2024;17:51:09;0;0;0;0;0;1;13,2;12,9;13,7
14.09.2024;19:42:33;0;0;0;0;0;0;12,7;12,3;12,7
14.09.2024;20:42:15;0;0;0;0;0;1;12,4;12;13,1
14.09.2024;21:17:04;0;0;0;0;0;0;12,2;11,8;12,1
14.09.2024;21:20:38;0;0;0;0;0;1;12,2;11,8;12,1
14.09.2024;21:42:23;0;0;0;0;0;0;12,1;11,7;12,4
14.09.2024;22:25:56;0;0;0;0;0;1;12,2;11,8;13,3
14.09.2024;22:41:08;0;0;0;0;0;0;12,4;11,9;13,5
14.09.2024;22:42:21;0;0;0;0;0;1;12,4;11,9;13,5
14.09.2024;22:57:27;0;0;0;0;0;0;12,4;12;13,5
14.09.2024;23:23:07;0;0;0;0;0;1;12,4;12,1;13,4
15.09.2024;00:04:50;0;0;0;0;0;0;12,3;11,9;12,8
15.09.2024;00:27:00;0;0;0;0;0;1;12,2;11,7;12,9
15.09.2024;01:10:49;0;0;0;0;0;0;12,1;11,7;12,4
15.09.2024;01:45:31;0;0;0;0;0;1;12;11,6;12,7
15.09.2024;03:02:08;0;0;0;0;0;0;11,3;11;11,1
15.09.2024;03:22:29;0;0;0;0;0;1;11,4;11;11,3
15.09.2024;04:40:33;0;0;0;0;0;0;11,4;11,1;11,1
15.09.2024;05:41:47;0;0;0;0;0;1;11,4;11,1;11,3
15.09.2024;05:57:21;0;0;0;0;0;0;11,4;11,1;11,4
15.09.2024;06:10:48;0;0;0;0;0;1;11,4;11,1;11,5
15.09.2024;08:10:48;0;0;0;0;0;1;11,8;11,6;11,6
15.09.2024;10:10:49;0;0;0;0;0;1;12,7;12,6;12,5
15.09.2024;10:22:03;0;0;0;0;0;0;12,9;12,8;12,7
15.09.2024;10:29:57;0;0;0;0;0;1;13;12,9;12,8
15.09.2024;10:56:24;0;0;0;0;0;0;13,4;13,4;13,2
15.09.2024;11:09:01;0;0;0;0;0;1;13,5;13,6;13,3
15.09.2024;13:08:28;0;0;0;0;0;0;14,7;14,9;14,6
15.09.2024;14:29:59;0;0;0;0;0;1;16,2;16,6;16,3
15.09.2024;15:14:57;0;0;0;0;0;0;17,1;17,6;17
15.09.2024;15:50:14;0;0;0;0;0;1;17,6;18,1;17,2
15.09.2024;16:06:09;0;0;0;0;0;0;17,7;18,1;17,1
15.09.2024;16:21:10;0;0;0;0;0;1;17,9;18,2;17,3
15.09.2024;16:38:51;0;0;0;0;0;0;18,1;18,9;19
15.09.2024;16:46:20;0;0;0;0;0;1;18,1;18,9;18,5
15.09.2024;17:03:05;0;0;0;0;0;0;18;18,7;17,5
15.09.2024;17:14:59;0;0;0;0;0;1;17,9;18,5;17,2
15.09.2024;17:30:50;0;0;0;0;0;0;17,8;18,4;17,2
15.09.2024;18:05:49;0;0;0;0;0;1;17,6;18,2;17,1
15.09.2024;19:36:56;0;0;0;0;0;0;16,4;16,2;15,7
15.09.2024;20:22:51;0;0;0;0;0;1;16,2;16;15,7
15.09.2024;20:47:02;0;0;0;0;0;0;16,1;15,9;15,8
15.09.2024;20:47:58;0;0;0;0;0;1;16,1;15,9;15,7
15.09.2024;21:09:26;0;0;0;0;0;0;16,1;15,9;15,8
15.09.2024;22:16:16;0;0;0;0;0;1;15,9;15,7;15,5
15.09.2024;23:28:20;0;0;0;0;0;0;15,9;15,8;15,7
15.09.2024;23:43:19;0;0;0;0;0;1;15,9;15,8;15,7
16.09.2024;00:36:55;0;0;0;0;0;0;15,8;15,6;15,5
16.09.2024;02:36:56;0;0;0;0;0;0;15,9;15,6;15,4
16.09.2024;04:32:46;0;0;0;0;0;1;15,5;15,2;15,1
16.09.2024;04:57:34;0;0;0;0;0;0;15,4;15,1;14,9
16.09.2024;05:53:12;0;0;0;0;0;1;15,2;15;15,1
16.09.2024;06:19:07;0;0;0;0;0;0;15,2;14,9;15,1
16.09.2024;07:11:57;0;0;0;0;0;1;15,2;15,1;15,3
16.09.2024;08:11:19;0;0;0;0;0;0;16;16,1;16,1
16.09.2024;08:18:05;0;0;0;0;0;1;16,1;16,2;16,3
16.09.2024;08:52:22;0;0;0;0;0;0;16,8;17,3;17,8
16.09.2024;08:53:44;0;0;0;0;0;1;16,8;17,4;17,9
16.09.2024;09:10:14;0;0;0;0;0;0;17,5;18,2;19,1
16.09.2024;09:53:45;0;0;0;0;0;1;19,5;22,1;24,2
16.09.2024;10:08:50;0;0;0;0;0;0;20,1;23,6;24,4
16.09.2024;10:38:11;0;0;0;0;0;1;21,1;24,6;23,7
16.09.2024;10:53:20;0;0;0;0;0;0;21,5;24,5;21,7
16.09.2024;11:07:40;0;0;0;0;0;1;21,9;25;23,1
16.09.2024;11:28:36;0;0;0;0;0;0;22,6;26,2;24,4
16.09.2024;12:03:04;0;0;0;0;0;1;24,4;29,9;27,9
16.09.2024;12:18:39;0;0;0;0;0;0;25,3;31,7;29,5
16.09.2024;13:10:45;0;0;0;0;0;1;28,1;35,2;29,4
16.09.2024;13:29:15;0;0;0;0;0;0;28,7;36;30,7
16.09.2024;14:21:27;0;0;0;0;0;1;30,4;35,9;28,4
16.09.2024;14:38:15;0;0;0;0;0;0;30,1;33,8;26
16.09.2024;14:41:22;0;0;0;0;0;1;30,1;33,9;26
16.09.2024;15:39:01;0;0;0;0;0;0;29,7;32,5;27,4
16.09.2024;15:51:03;0;0;0;0;0;1;29,7;32,1;27
16.09.2024;16:30:34;0;0;0;0;0;0;28,8;29,6;24,6
16.09.2024;16:46:39;0;0;0;0;0;1;28,2;28,7;24
16.09.2024;17:33:00;0;0;0;0;0;0;26,9;26,4;22,9
16.09.2024;17:50:54;0;0;0;0;0;1;26;25,2;21,6
16.09.2024;18:24:27;0;0;0;0;0;0;24,1;23;19,5
16.09.2024;20:24:27;0;0;0;0;0;0;21,1;19,7;18
16.09.2024;21:13:06;0;0;0;0;0;1;20,4;19,2;19
16.09.2024;21:29:39;0;0;0;0;0;0;20,2;18,9;18,7
16.09.2024;22:21:10;0;0;0;0;0;1;19,6;18,4;18,7
16.09.2024;22:36:38;0;0;0;0;0;0;19,4;18,2;18,3
17.09.2024;00:36:38;0;0;0;0;0;0;17,9;16,6;16,2
17.09.2024;02:36:39;0;0;0;0;0;0;15,7;14,4;14,7
17.09.2024;04:36:39;0;0;0;0;0;0;13,6;12,1;11,8
17.09.2024;06:36:39;0;0;0;0;0;0;12,5;11,2;11,8
17.09.2024;08:36:40;0;0;0;0;0;0;15,1;15,5;17,6
17.09.2024;10:36:40;0;0;0;0;0;0;23,1;28;30,9
17.09.2024;12:36:41;0;0;0;0;0;0;30,2;38,2;35,9
17.09.2024;14:36:41;0;0;0;0;0;0;33,3;40,4;34,6
17.09.2024;16:36:42;0;0;0;0;0;0;32;35,6;30,9
17.09.2024;18:36:42;0;0;0;0;0;0;27,5;26,8;21,9
17.09.2024;20:36:43;0;0;0;0;0;0;22,1;19,8;18,1
17.09.2024;22:36:43;0;0;0;0;0;0;18,6;16,6;15,6
18.09.2024;00:36:43;0;0;0;0;0;0;16,1;14,6;13,6
18.09.2024;02:36:44;0;0;0;0;0;0;14,4;12,9;12,8
18.09.2024;04:36:44;0;0;0;0;0;0;12,8;11,5;11,2
18.09.2024;06:36:44;0;0;0;0;0;0;12;10,9;11,1
18.09.2024;08:36:44;0;0;0;0;0;0;14,5;15,1;17,5
18.09.2024;10:36:45;0;0;0;0;0;0;22,8;28,3;32,9
18.09.2024;12:36:46;0;0;0;0;0;0;30,6;39,3;34,6
18.09.2024;14:36:46;0;0;0;0;0;0;34,2;40,9;34,3
18.09.2024;16:36:46;0;0;0;0;0;0;33,7;37;29,7
18.09.2024;18:36:46;0;0;0;0;0;0;27,9;26,8;21,4
18.09.2024;20:36:47;0;0;0;0;0;0;22,8;20,9;18,2
18.09.2024;22:36:47;0;0;0;0;0;0;19,8;17,8;16,2
19.09.2024;00:09:14;0;0;0;0;0;1;18,4;16,7;17,3
19.09.2024;00:24:41;0;0;0;0;0;0;18;16,5;17,1
19.09.2024;02:24:41;0;0;0;0;0;0;15,2;13,7;12
19.09.2024;04:24:41;0;0;0;0;0;0;12,9;11,4;10,6
19.09.2024;06:24:42;0;0;0;0;0;0;11,6;10,2;9,7
19.09.2024;08:24:42;0;0;0;0;0;0;13,7;13,8;15,2
19.09.2024;10:24:42;0;0;0;0;0;0;21;26,1;29,4
19.09.2024;12:24:42;0;0;0;0;0;0;23,9;26,4;22,9
19.09.2024;14:24:43;0;0;0;0;0;0;26,7;32,1;30,3
19.09.2024;16:24:43;0;0;0;0;0;0;27,1;30,5;28,8
19.09.2024;18:24:44;0;0;0;0;0;0;24,2;24,2;21,1
19.09.2024;20:24:45;0;0;0;0;0;0;19,6;17,8;16
19.09.2024;22:24:45;0;0;0;0;0;0;16,8;15,1;14,5
20.09.2024;00:24:46;0;0;0;0;0;0;14,7;13,2;13,4
20.09.2024;02:24:46;0;0;0;0;0;0;12,9;11,5;11,3
20.09.2024;04:24:46;0;0;0;0;0;0;11,4;10,1;10,7
20.09.2024;06:24:47;0;0;0;0;0;0;10,2;8,9;10,1
20.09.2024;08:24:48;0;0;0;0;0;0;12,5;12,5;14
20.09.2024;10:24:48;0;0;0;0;0;0;20;25;26,9
20.09.2024;12:24:49;0;0;0;0;0;0;27,6;36,8;32
20.09.2024;14:24:49;0;0;0;0;0;0;31,8;40,7;31,8
20.09.2024;16:24:49;0;0;0;0;0;0;31;35,9;30,7
20.09.2024;18:24:49;0;0;0;0;0;0;25,5;25,8;21,2
20.09.2024;20:24:50;0;0;0;0;0;0;19;17,1;12,2
20.09.2024;22:24:50;0;0;0;0;0;0;15,6;13,4;11,8
21.09.2024;00:24:50;0;0;0;0;0;0;12,3;10,5;9,2
21.09.2024;02:24:50;0;0;0;0;0;0;10,4;8,7;8,2
21.09.2024;04:24:50;0;0;0;0;0;0;8,8;7,3;7,2
21.09.2024;06:24:51;0;0;0;0;0;0;7,5;6;6,1
21.09.2024;08:24:51;0;0;0;0;0;0;10,8;10,5;13,3
21.09.2024;10:24:51;0;0;0;0;0;0;18,9;24;27,5
21.09.2024;12:24:52;0;0;0;0;0;0;27,3;36,2;29,6
21.09.2024;14:24:52;0;0;0;0;0;0;30,9;39,6;33,3
21.09.2024;16:24:52;0;0;0;0;0;0;31,6;37,7;32,3
21.09.2024;18:24:52;0;0;0;0;0;0;26,5;27,7;22,3
21.09.2024;20:24:52;0;0;0;0;0;0;19,1;17,4;12,1
21.09.2024;22:24:52;0;0;0;0;0;0;14,8;12,7;9,7
22.09.2024;00:24:53;0;0;0;0;0;0;12,4;10,3;8,7
22.09.2024;02:24:53;0;0;0;0;0;0;10,3;8,5;8
22.09.2024;04:24:54;0;0;0;0;0;0;8,8;7,2;6,7
22.09.2024;06:24:55;0;0;0;0;0;0;7,6;6,1;6,4
22.09.2024;08:24:55;0;0;0;0;0;0;10,5;10,6;12,5
22.09.2024;10:24:55;0;0;0;0;0;0;18,7;24,2;26,7
22.09.2024;12:24:56;0;0;0;0;0;0;27,5;37,4;33,6
22.09.2024;14:24:56;0;0;0;0;0;0;32,3;41,8;31,6
22.09.2024;16:24:56;0;0;0;0;0;0;31,6;37,2;30,9
22.09.2024;18:24:56;0;0;0;0;0;0;26,9;27,4;21,9
22.09.2024;20:24:57;0;0;0;0;0;0;20,8;18,9;16
22.09.2024;22:24:57;0;0;0;0;0;0;17,8;15,6;15,7
23.09.2024;00:24:58;0;0;0;0;0;0;15,3;13,3;13,5
23.09.2024;02:24:58;0;0;0;0;0;0;12,9;11,2;10
23.09.2024;04:24:58;0;0;0;0;0;0;10,9;9,5;9,6
23.09.2024;06:24:58;0;0;0;0;0;0;10,7;9,5;11
23.09.2024;08:24:59;0;0;0;0;0;0;13;13,3;15
23.09.2024;10:24:59;0;0;0;0;0;0;19,6;22,4;20,8
23.09.2024;12:25:00;0;0;0;0;0;0;23,1;25,7;21,5
23.09.2024;14:25:00;0;0;0;0;0;0;26,6;31,4;25,4
23.09.2024;16:25:01;0;0;0;0;0;0;29,8;35,5;30,7
23.09.2024;18:25:01;0;0;0;0;0;0;26,2;26,8;22,1
23.09.2024;20:25:02;0;0;0;0;0;0;21,2;19,7;18
23.09.2024;22:25:03;0;0;0;0;0;0;17,4;15,6;13,1
24.09.2024;00:25:03;0;0;0;0;0;0;15,7;14,2;14,1
24.09.2024;02:25:03;0;0;0;0;0;0;13,8;12,6;12,9
24.09.2024;04:25:04;0;0;0;0;0;0;12,4;11,1;10,2
24.09.2024;06:25:04;0;0;0;0;0;0;10,9;9,6;9,3
24.09.2024;08:25:05;0;0;0;0;0;0;12,6;12,5;16
24.09.2024;10:25:05;0;0;0;0;0;0;20,8;25;25,5
24.09.2024;12:25:06;0;0;0;0;0;0;26,6;30,7;25,7
24.09.2024;14:25:06;0;0;0;0;0;0;25;25,2;21,1
24.09.2024;14:42:17;0;0;0;0;0;1;23,9;23,5;19,6
24.09.2024;16:42:17;0;0;0;0;0;1;17,5;16,7;15,9
24.09.2024;16:42:35;0;0;0;0;0;0;17,5;16,7;15,9
24.09.2024;16:48:29;0;0;0;0;0;1;17,4;16,6;15,9
24.09.2024;17:43:20;0;0;0;0;0;0;17;16,5;16,2
24.09.2024;17:45:28;0;0;0;0;0;1;17,1;16,5;16,2
24.09.2024;18:30:23;0;0;0;0;0;0;17,1;16,5;16,5
24.09.2024;18:37:09;0;0;0;0;0;1;17;16,4;16
24.09.2024;20:37:09;0;0;0;0;0;1;15,1;14;14,6
24.09.2024;21:03:31;0;0;0;0;0;0;14,9;14;14,8
24.09.2024;23:03:32;0;0;0;0;0;0;13,9;12,9;13,9
25.09.2024;01:03:32;0;0;0;0;0;0;13,5;12,4;13,6
25.09.2024;03:03:33;0;0;0;0;0;0;12,5;11,6;13,6
25.09.2024;05:03:34;0;0;0;0;0;0;12,1;11,3;13,2
25.09.2024;07:03:34;0;0;0;0;0;0;12;11,3;13,4
25.09.2024;09:03:34;0;0;0;0;0;0;15,2;16,3;20,1
25.09.2024;11:03:35;0;0;0;0;0;0;23,2;29,7;26,2
25.09.2024;11:37:03;0;0;0;0;0;1;24,6;31,7;27,1
25.09.2024;11:52:04;0;0;0;0;0;0;25,4;33,1;27,5
25.09.2024;13:52:05;0;0;0;0;0;0;28,2;33,7;24,7
25.09.2024;15:52:05;0;0;0;0;0;0;29,8;35,3;28,1
25.09.2024;17:52:05;0;0;0;0;0;0;26,6;27,3;22,3
25.09.2024;19:52:05;0;0;0;0;0;0;22,1;20,7;18,4
25.09.2024;21:52:06;0;0;0;0;0;0;19,6;18,4;18,1
25.09.2024;23:52:07;0;0;0;0;0;0;17,8;16,9;16,9
26.09.2024;01:52:08;0;0;0;0;0;0;16,1;15;15,4
26.09.2024;03:52:08;0;0;0;0;0;0;14,2;13,1;13,7
26.09.2024;05:52:09;0;0;0;0;0;0;13;12;12,3
26.09.2024;07:52:09;0;0;0;0;0;0;13,1;12,7;13,7
26.09.2024;09:52:09;0;0;0;0;0;0;17,1;18,8;19,1
26.09.2024;11:52:10;0;0;0;0;0;0;23,1;25;20,8
26.09.2024;12:27:02;0;0;0;0;0;1;22,7;23,2;19,7
26.09.2024;12:49:04;0;0;0;0;0;0;22;22,1;19,3
26.09.2024;14:49:05;0;0;0;0;0;0;22,1;22,6;20,5
26.09.2024;16:49:05;0;0;0;0;0;0;21,7;22;21
26.09.2024;18:49:05;0;0;0;0;0;0;20,6;20;19,2
26.09.2024;20:33:33;0;0;0;0;0;1;19,1;18,3;18,4
26.09.2024;20:57:50;0;0;0;0;0;0;18,5;17,5;17,5
26.09.2024;21:25:18;0;0;0;0;0;1;18,1;17,2;17,8
26.09.2024;21:42:41;0;0;0;0;0;0;17,9;17,1;17,7
26.09.2024;22:05:27;0;0;0;0;0;1;17,7;17;17,8
27.09.2024;00:05:28;0;0;0;0;0;1;16,4;16,1;16
27.09.2024;01:14:28;0;0;0;0;0;0;16,1;15,9;15,8
27.09.2024;01:18:53;0;0;0;0;0;1;16,1;15,9;15,8
27.09.2024;01:44:40;0;0;0;0;0;0;16,1;15,8;15,8
27.09.2024;02:55:12;0;0;0;0;0;1;15,7;15,3;15,6
27.09.2024;03:12:04;0;0;0;0;0;0;15,7;15,2;15,7
27.09.2024;04:38:31;0;0;0;0;0;1;15,3;14,7;16,2
27.09.2024;04:53:40;0;0;0;0;0;0;15,2;14,6;16
27.09.2024;05:53:36;0;0;0;0;0;1;14,6;13,9;15,2
27.09.2024;06:12:39;0;0;0;0;0;0;14,5;13,7;14,9
27.09.2024;08:12:39;0;0;0;0;0;0;14,8;14,4;16,6
27.09.2024;10:12:40;0;0;0;0;0;0;20,7;24,8;25,8
27.09.2024;12:12:40;0;0;0;0;0;0;26,7;33,3;26,3
27.09.2024;14:12:41;0;0;0;0;0;0;28,7;34,1;25,1
27.09.2024;16:12:41;0;0;0;0;0;0;26,4;27,2;21,2
27.09.2024;18:12:42;0;0;0;0;0;0;22,7;21,7;19,6
27.09.2024;19:33:39;0;0;0;0;0;1;19,6;18,2;16,9
27.09.2024;21:33:39;0;0;0;0;0;1;15;14,4;14,1
27.09.2024;21:42:54;0;0;0;0;0;0;14,9;14,3;14
27.09.2024;21:49:25;0;0;0;0;0;1;14,8;14,2;14
27.09.2024;22:20:07;0;0;0;0;0;0;14,4;13,9;13,7
27.09.2024;22:33:49;0;0;0;0;0;1;14,3;13,7;13,7
27.09.2024;22:50:06;0;0;0;0;0;0;14,2;13,7;13,7
27.09.2024;22:56:55;0;0;0;0;0;1;14,1;13,6;13,7
27.09.2024;23:42:22;0;0;0;0;0;0;13,9;13,4;13,8
28.09.2024;01:42:22;0;0;0;0;0;0;13,7;13,1;14,5
28.09.2024;03:42:23;0;0;0;0;0;0;13,5;12,7;13,7
28.09.2024;05:42:23;0;0;0;0;0;0;12,8;12,1;13,1
28.09.2024;07:42:24;0;0;0;0;0;0;12,3;11,7;12,9
28.09.2024;09:42:24;0;0;0;0;0;0;17,2;20;20,5
28.09.2024;11:42:24;0;0;0;0;0;0;19;20,1;17,1
28.09.2024;13:42:24;0;0;0;0;0;0;19,7;20,8;17,2
28.09.2024;15:42:25;0;0;0;0;0;0;20,7;21,4;18,9
28.09.2024;17:42:25;0;0;0;0;0;0;18,3;18;14,1
28.09.2024;19:42:26;0;0;0;0;0;0;14,3;13;11
28.09.2024;21:42:26;0;0;0;0;0;0;11,4;9,9;9,4
28.09.2024;23:42:27;0;0;0;0;0;0;9,5;8,3;8,5
29.09.2024;01:42:28;0;0;0;0;0;0;8,4;7,2;7,6
29.09.2024;03:42:28;0;0;0;0;0;0;7,1;6,1;6,2
29.09.2024;05:42:28;0;0;0;0;0;0;6,2;5,2;5,7
29.09.2024;07:42:29;0;0;0;0;0;0;5,7;4,7;5,6
29.09.2024;09:42:29;0;0;0;0;0;0;10,6;12,4;15,8
29.09.2024;11:42:30;0;0;0;0;0;0;17,9;22,8;20
29.09.2024;13:42:30;0;0;0;0;0;0;22,1;27,2;18,3
29.09.2024;15:42:30;0;0;0;0;0;0;22,3;25,7;19,3
29.09.2024;17:42:30;0;0;0;0;0;0;19,9;21,6;14,5
29.09.2024;19:42:31;0;0;0;0;0;0;15;13,7;9,1
29.09.2024;21:42:31;0;0;0;0;0;0;11;9,3;6,3
29.09.2024;23:42:32;0;0;0;0;0;0;8;5,9;3,9
30.09.2024;01:42:32;0;0;0;0;0;0;6;4,1;2,9
30.09.2024;03:42:32;0;0;0;0;0;0;4;2,4;2,1
30.09.2024;04:21:08;0;2;0;1;0;0;3,6;1,9;2
30.09.2024;06:21:08;0;2;0;1;0;0;2,9;1,6;1,9
30.09.2024;08:04:20;0;0;0;0;0;0;4,5;4,1;5,7
30.09.2024;10:04:21;0;0;0;0;0;0;9,8;12,2;13,7
30.09.2024;12:04:21;0;0;0;0;0;0;17,9;26,7;22,4
30.09.2024;14:04:22;0;0;0;0;0;0;22;30,1;22,1
30.09.2024;16:04:23;0;0;0;0;0;0;21,4;24;15,2
30.09.2024;18:04:24;0;0;0;0;0;0;17,9;18,8;15,5
30.09.2024;20:04:24;0;0;0;0;0;0;12,8;11,1;7,8
30.09.2024;22:04:24;0;0;0;0;0;0;9,6;7,8;7
01.10.2024;00:04:25;0;0;0;0;0;0;7,8;6,3;6,9
01.10.2024;02:04:25;0;0;0;0;0;0;6,3;5;5,8
01.10.2024;04:04:26;0;0;0;0;0;0;5,2;3,9;3,9
01.10.2024;06:04:26;0;0;0;0;0;0;4,3;3,2;4,1
01.10.2024;08:04:26;0;0;0;0;0;0;4,8;4,4;5,9
01.10.2024;10:04:27;0;0;0;0;0;0;10,4;13,5;14,7
01.10.2024;12:04:27;0;0;0;0;0;0;15,8;17,8;13,9
01.10.2024;14:04:28;0;0;0;0;0;0;16,7;17,6;14,2
01.10.2024;16:04:28;0;0;0;0;0;0;17,3;18,1;15,1
01.10.2024;16:25:28;0;0;0;0;0;1;17,2;17,7;14,8
01.10.2024;16:51:22;0;0;0;0;0;0;16,4;16,4;14,4
01.10.2024;18:51:23;0;0;0;0;0;0;14,7;14,5;11,7
01.10.2024;20:51:23;0;0;0;0;0;0;12,7;12;11,7
01.10.2024;22:51:24;0;0;0;0;0;0;12,2;11,5;12,4
01.10.2024;23:03:51;0;0;0;0;0;1;12,1;11,4;12,1
01.10.2024;23:53:14;0;0;0;0;0;0;11,2;10,4;9,5
02.10.2024;01:53:14;0;0;0;0;0;0;8,5;7,3;6,5
02.10.2024;03:53:15;0;0;0;0;0;0;7,1;5,8;5,3
02.10.2024;05:53:15;0;0;0;0;0;0;6,9;5,9;6,8
02.10.2024;06:35:07;0;0;0;0;0;1;7,5;7,1;8,5
02.10.2024;06:57:25;0;0;0;0;0;0;7,7;7,4;8,7
02.10.2024;08:28:29;0;0;0;0;0;1;8,9;9;9,7
02.10.2024;10:28:29;0;0;0;0;0;1;10,9;11,2;11,2
02.10.2024;12:26:53;0;0;0;0;0;0;11,5;11,7;11,1
02.10.2024;12:29:32;0;0;0;0;0;1;11,6;11,8;11,2
02.10.2024;12:44:37;0;0;0;0;0;0;11,7;11,9;11,2
02.10.2024;12:52:39;0;0;0;0;0;1;11,7;11,9;11,2
02.10.2024;13:29:57;0;0;0;0;0;0;11,7;11,7;11
02.10.2024;13:42:24;0;0;0;0;0;1;11,8;11,9;11,3
02.10.2024;14:17:52;0;0;0;0;0;0;12,1;12,3;11,9
02.10.2024;14:52:16;0;0;0;0;0;1;12,2;12,4;11,8
02.10.2024;15:33:19;0;0;0;0;0;0;12,2;12,3;11,7
02.10.2024;16:15:34;0;0;0;0;0;1;12,1;12,1;11,5
02.10.2024;17:44:45;0;0;0;0;0;0;11,8;11,9;11,5
02.10.2024;17:53:34;0;0;0;0;0;1;11,8;11,8;11,5
02.10.2024;19:53:34;0;0;0;0;0;1;11,5;11,2;11
02.10.2024;21:53:35;0;0;0;0;0;1;11,3;11;10,9
02.10.2024;22:45:37;0;0;0;0;0;0;11,3;11;11,2
02.10.2024;22:58:18;0;0;0;0;0;1;11,3;11;11,1
02.10.2024;23:28:19;0;0;0;0;0;0;11,2;11;10,8
02.10.2024;23:30:04;0;0;0;0;0;1;11,2;11;10,8
02.10.2024;23:46:14;0;0;0;0;0;0;11,2;11;10,6
02.10.2024;23:53:00;0;0;0;0;0;1;11,2;11;10,6
03.10.2024;01:33:36;0;0;0;0;0;0;10,4;10,1;9,6
03.10.2024;01:46:46;0;0;0;0;0;1;10,3;10;9,4
03.10.2024;03:27:03;0;0;0;0;0;0;9,8;9,5;9,2
03.10.2024;04:10:06;0;0;0;0;0;1;9,7;9,5;9,2
03.10.2024;04:37:19;0;0;0;0;0;0;9,7;9,4;9,2
03.10.2024;04:53:11;0;0;0;0;0;1;9,7;9,5;9,2
03.10.2024;05:33:12;0;0;0;0;0;0;9,6;9,4;9,2
03.10.2024;06:37:15;0;0;0;0;0;1;9,6;9,3;9,1
03.10.2024;07:04:52;0;0;0;0;0;0;9,6;9,3;9,1
03.10.2024;07:34:20;0;0;0;0;0;1;9,6;9,4;9,2
03.10.2024;07:51:22;0;0;0;0;0;0;9,6;9,4;9,2
03.10.2024;08:00:10;0;0;0;0;0;1;9,6;9,4;9,2
03.10.2024;08:17:27;0;0;0;0;0;0;9,6;9,4;9,1
03.10.2024;08:50:27;0;0;0;0;0;1;9,6;9,4;9,2
03.10.2024;09:07:57;0;0;0;0;0;0;9,8;9,5;9,4
03.10.2024;09:13:03;0;0;0;0;0;1;9,8;9,6;9,4
03.10.2024;09:48:03;0;0;0;0;0;0;9,9;9,8;9,7
03.10.2024;09:58:34;0;0;0;0;0;1;10;9,9;9,7
03.10.2024;10:14:45;0;0;0;0;0;0;10,1;10,1;9,8
03.10.2024;10:53:09;0;0;0;0;0;1;10,3;10,2;9,9
03.10.2024;11:40:14;0;0;0;0;0;0;10,4;10,4;9,8
03.10.2024;11:44:58;0;0;0;0;0;1;10,5;10,5;9,9
03.10.2024;12:10:58;0;0;0;0;0;0;10,9;11;10,5
03.10.2024;12:46:18;0;0;0;0;0;1;11,5;11,7;11,3
03.10.2024;13:20:47;0;0;0;0;0;0;12,4;12,9;12,9
03.10.2024;15:20:47;0;0;0;0;0;0;15,5;19,4;20,1
03.10.2024;17:20:48;0;0;0;0;0;0;16,2;18,7;17,6
03.10.2024;18:31:33;0;0;0;0;0;1;15;15,2;12,4
03.10.2024;19:15:53;0;0;0;0;0;0;13,1;12,5;10,4
03.10.2024;19:40:24;0;0;0;0;0;1;12,3;11,5;9,9
03.10.2024;20:15:22;0;0;0;0;0;0;11,5;10,8;9,8
03.10.2024;20:30:53;0;0;0;0;0;1;11,3;10,5;9,6
03.10.2024;21:12:36;0;0;0;0;0;0;11,1;10,5;10,3
03.10.2024;21:18:57;0;0;0;0;0;1;11,1;10,5;10,3
03.10.2024;21:46:07;0;0;0;0;0;0;11;10,4;10,3
03.10.2024;22:04:06;0;0;0;0;0;1;10,9;10,5;10,4
03.10.2024;22:33:30;0;0;0;0;0;0;10,8;10,2;10
03.10.2024;22:53:17;0;0;0;0;0;1;10,7;10,2;10,1
03.10.2024;23:41:46;0;0;0;0;0;0;10,7;10,3;10,4
03.10.2024;23:47:20;0;0;0;0;0;1;10,7;10,3;10,4
04.10.2024;00:15:17;0;0;0;0;0;0;10,6;10,2;10,3
04.10.2024;01:20:24;0;0;0;0;0;1;10,6;10,3;10,3
04.10.2024;01:36:54;0;0;0;0;0;0;10,6;10,2;10,3
04.10.2024;03:36:54;0;0;0;0;0;0;10,2;9,8;9,7
04.10.2024;05:36:55;0;0;0;0;0;0;9,7;9,3;9,3
04.10.2024;07:36:55;0;0;0;0;0;0;9,5;9,1;9,3
04.10.2024;09:36:55;0;0;0;0;0;0;10,1;10;10,2
04.10.2024;10:19:02;0;0;0;0;0;1;10,7;10,6;10,4
04.10.2024;12:04:33;0;0;0;0;0;0;12,2;12,4;12
04.10.2024;14:04:33;0;0;0;0;0;0;12,6;12,8;11,6
04.10.2024;16:04:33;0;0;0;0;0;0;11,9;11,6;10,7
04.10.2024;17:48:31;0;0;0;0;0;1;11,5;11;10,5
04.10.2024;18:42:39;0;0;0;0;0;0;10,9;10,4;10,1
04.10.2024;20:42:39;0;0;0;0;0;0;10,5;10;10,3
04.10.2024;20:43:29;0;0;0;0;0;1;10,5;10;10,3
04.10.2024;21:13:16;0;0;0;0;0;0;10,4;10;10,2
04.10.2024;23:13:16;0;0;0;0;0;0;10,3;10;10,4
05.10.2024;00:01:13;0;0;0;0;0;1;10,3;10;10,4
05.10.2024;00:39:15;0;0;0;0;0;0;10,1;9,8;9,7
05.10.2024;01:19:34;0;0;0;0;0;1;10,1;9,6;9,6
05.10.2024;01:34:54;0;0;0;0;0;0;10,2;9,6;9,7
05.10.2024;02:23:40;0;0;0;0;0;1;9,9;9,3;9,5
05.10.2024;02:46:20;0;0;0;0;0;0;9,7;9,2;9,2
05.10.2024;04:13:48;0;0;0;0;0;1;9,2;8,7;9
05.10.2024;05:06:40;0;0;0;0;0;0;9;8,6;8,3
05.10.2024;05:57:55;0;0;0;0;0;1;8,9;8,5;8,4
05.10.2024;06:17:49;0;0;0;0;0;0;8,9;8,6;8,5
05.10.2024;07:04:30;0;0;0;0;0;1;8,9;8,6;8,5
05.10.2024;08:12:24;0;0;0;0;0;0;9,1;9;8,9
05.10.2024;08:13:45;0;0;0;0;0;1;9,1;9,1;8,9
05.10.2024;08:56:32;0;0;0;0;0;0;9,3;9,3;9,2
05.10.2024;09:04:31;0;0;0;0;0;1;9,5;9,4;9,4
05.10.2024;09:22:23;0;0;0;0;0;0;9,8;9,8;9,8
05.10.2024;09:31:00;0;0;0;0;0;1;9,8;9,8;9,8
05.10.2024;09:46:04;0;0;0;0;0;0;9,9;9,9;9,8
05.10.2024;09:56:42;0;0;0;0;0;1;10;9,9;9,8
05.10.2024;10:12:03;0;0;0;0;0;0;10;10;9,9
05.10.2024;10:50:43;0;0;0;0;0;1;10,5;10,7;10,7
05.10.2024;11:15:17;0;0;0;0;0;0;11,2;11,7;11,9
05.10.2024;11:20:44;0;0;0;0;0;1;11,3;11,9;11,9
05.10.2024;11:35:46;0;0;0;0;0;0;11,7;12,2;12,1
05.10.2024;11:46:27;0;0;0;0;0;1;11,8;12,4;11,8
05.10.2024;12:01:32;0;0;0;0;0;0;12;12,6;11,9
05.10.2024;12:56:49;0;0;0;0;0;1;12,7;13,6;12,3
05.10.2024;13:11:51;0;0;0;0;0;0;13,1;14;12,7
05.10.2024;14:12:11;0;0;0;0;0;1;13,8;14,6;12,3
05.10.2024;14:36:49;0;0;0;0;0;0;13,5;13,8;11,6
05.10.2024;14:54:16;0;0;0;0;0;1;13,3;13,4;12,1
05.10.2024;15:46:13;0;0;0;0;0;0;12,7;12,6;11,3
05.10.2024;16:23:52;0;0;0;0;0;1;12,5;12,3;10,9
05.10.2024;16:53:58;0;0;0;0;0;0;11,7;11,1;9,5
05.10.2024;17:15:54;0;0;0;0;0;1;11,5;10,6;9,5
05.10.2024;17:59:13;0;0;0;0;0;0;10,8;10;9,3
05.10.2024;18:02:39;0;0;0;0;0;1;10,8;9,9;9,3
05.10.2024;18:34:35;0;0;0;0;0;0;10,7;9,7;9,2
05.10.2024;20:05:33;0;0;0;0;0;1;9,9;9,1;8,8
05.10.2024;21:13:51;0;0;0;0;0;0;9,6;9;8,6
05.10.2024;21:35:23;0;0;0;0;0;1;9,5;8,9;8,7
05.10.2024;22:31:07;0;0;0;0;0;0;9,3;8,8;8,5
05.10.2024;22:35:05;0;0;0;0;0;1;9,3;8,8;8,5
05.10.2024;22:57:49;0;0;0;0;0;0;9,4;8,8;8,5
05.10.2024;23:09:43;0;0;0;0;0;1;9,4;8,8;8,5
06.10.2024;00:42:22;0;0;0;0;0;0;9,2;8,8;8,6
06.10.2024;00:45:07;0;0;0;0;0;1;9,2;8,8;8,7
06.10.2024;01:00:27;0;0;0;0;0;0;9,2;8,8;8,6
06.10.2024;01:13:16;0;0;0;0;0;1;9,2;8,8;8,6
06.10.2024;02:08:23;0;0;0;0;0;0;9,3;8,9;8,7
06.10.2024;02:57:13;0;0;0;0;0;1;9,2;8,9;8,7
06.10.2024;03:34:47;0;0;0;0;0;0;9,2;8,8;8,7
06.10.2024;03:42:08;0;0;0;0;0;1;9,2;8,8;8,7
06.10.2024;04:09:57;0;0;0;0;0;0;9,2;8,8;8,7
06.10.2024;04:16:01;0;0;0;0;0;1;9,2;8,9;8,7
06.10.2024;05:04:02;0;0;0;0;0;0;9,3;9;8,7
06.10.2024;05:37:35;0;0;0;0;0;1;9,3;8,9;8,8
06.10.2024;06:09:16;0;0;0;0;0;0;9,2;8,9;8,8
06.10.2024;06:19:47;0;0;0;0;0;1;9,3;9;8,8
06.10.2024;06:51:56;0;0;0;0;0;0;9,4;9,1;8,8
06.10.2024;07:02:58;0;0;0;0;0;1;9,4;9,1;8,8
06.10.2024;08:06:19;0;0;0;0;0;0;9,6;9,4;9,1
06.10.2024;08:21:53;0;0;0;0;0;1;9,6;9,4;9,2
06.10.2024;08:49:10;0;0;0;0;0;0;9,7;9,5;9,4
06.10.2024;09:30:00;0;0;0;0;0;1;10,1;10,1;10,2
06.10.2024;09:54:02;0;0;0;0;0;0;10,5;10,6;10,8
06.10.2024;11:20:48;0;0;0;0;0;1;12,2;12,8;12,8
06.10.2024;11:35:51;0;0;0;0;0;0;12,5;13,1;12,8
06.10.2024;12:12:03;0;0;0;0;0;1;13,7;14,6;14,2
06.10.2024;12:27:09;0;0;0;0;0;0;14;15,4;15,2
06.10.2024;12:55:42;0;0;0;0;0;1;14,4;15,9;14,9
06.10.2024;13:10:45;0;0;0;0;0;0;14,6;16,5;15,7
06.10.2024;13:25:05;0;0;0;0;0;1;14,8;16,8;15
06.10.2024;13:40:11;0;0;0;0;0;0;15,1;16,7;14,6
06.10.2024;14:49:12;0;0;0;0;0;1;14,9;15,7;12,4
06.10.2024;15:24:13;0;0;0;0;0;0;14,1;14,4;11,6
06.10.2024;17:24:13;0;0;0;0;0;0;13,3;13,3;11,8
06.10.2024;19:24:14;0;0;0;0;0;0;12,1;11,6;10,6
06.10.2024;21:24:14;0;0;0;0;0;0;11,5;10,8;10,1
06.10.2024;23:24:14;0;0;0;0;0;0;11;10,4;10,3
07.10.2024;01:24:14;0;0;0;0;0;0;10,2;9,4;8,9
07.10.2024;03:24:14;0;0;0;0;0;0;7,8;6,5;6,2
07.10.2024;05:24:15;0;0;0;0;0;0;7,8;7,2;7
07.10.2024;07:03:12;0;0;0;0;0;1;6,8;6,1;6
07.10.2024;08:17:17;0;0;0;0;0;0;6,9;7;8,7
07.10.2024;10:17:18;0;0;0;0;0;0;12,4;17,4;17,6
07.10.2024;12:17:18;0;0;0;0;0;0;19,5;28,5;22
07.10.2024;14:17:18;0;0;0;0;0;0;23,8;32,2;22,7
07.10.2024;16:17:19;0;0;0;0;0;0;23,6;26,3;20,4
07.10.2024;18:17:19;0;0;0;0;0;0;20,2;19,8;15,3
07.10.2024;20:17:19;0;0;0;0;0;0;16,8;15,7;14,3
07.10.2024;22:17:20;0;0;0;0;0;0;14,9;13,8;13,5
08.10.2024;00:17:20;0;0;0;0;0;0;14,4;13,7;13,8
08.10.2024;02:17:20;0;0;0;0;0;0;13,6;13;12,5
08.10.2024;04:17:21;0;0;0;0;0;0;12,8;12,1;12
08.10.2024;06:17:21;0;0;0;0;0;0;11,9;11,2;12
08.10.2024;08:17:22;0;0;0;0;0;0;12,1;12;14,7
08.10.2024;10:17:23;0;0;0;0;0;0;17,1;20,1;18,6
08.10.2024;12:17:23;0;0;0;0;0;0;24,2;31,2;26,4
08.10.2024;14:17:24;0;0;0;0;0;0;28,3;36,8;27,8
08.10.2024;16:17:25;0;0;0;0;0;0;27,9;32,8;26,3
08.10.2024;18:17:25;0;0;0;0;0;0;22,1;21;17,2
08.10.2024;20:17:25;0;0;0;0;0;0;17,9;16,1;15,5
08.10.2024;22:17:26;0;0;0;0;0;0;15,5;14,1;13,4
09.10.2024;00:17:26;0;0;0;0;0;0;14;12,9;12,5
09.10.2024;01:16:00;0;0;0;0;0;1;13,8;12,8;13,3
09.10.2024;03:13:17;0;0;0;0;0;0;14,6;14,1;16,1
09.10.2024;05:13:17;0;0;0;0;0;0;15,4;15,1;17,2
09.10.2024;07:13:18;0;0;0;0;0;0;14,7;14,3;14,7
09.10.2024;08:10:17;0;0;0;0;0;1;14,6;14,1;14,4
09.10.2024;10:10:17;0;0;0;0;0;1;15;15;14,7
09.10.2024;10:25:34;0;0;0;0;0;0;15,2;15,2;14,9
09.10.2024;10:43:41;0;0;0;0;0;1;15,4;15,4;15,1
09.10.2024;11:03:24;0;0;0;0;0;0;15,5;15,6;15,5
09.10.2024;11:12:22;0;0;0;0;0;1;15,7;15,9;16
09.10.2024;11:39:38;0;0;0;0;0;0;16,4;16,8;17,1
09.10.2024;11:47:21;0;0;0;0;0;1;16,6;17;17,2
09.10.2024;12:09:08;0;0;0;0;0;0;17,1;17,8;17,7
09.10.2024;12:12:47;0;0;0;0;0;1;17,2;17,9;18
09.10.2024;12:35:41;0;0;0;0;0;0;18,3;20,6;21,9
09.10.2024;14:35:41;0;0;0;0;0;0;24,4;33,4;25,3
09.10.2024;16:35:42;0;0;0;0;0;0;24,7;29;22,4
09.10.2024;18:35:42;0;0;0;0;0;0;20,4;19,3;16,9
09.10.2024;20:35:42;0;0;0;0;0;0;17,5;16,3;15,9
09.10.2024;22:35:43;0;0;0;0;0;0;15,9;14,9;15,3
10.10.2024;00:35:44;0;0;0;0;0;0;14,2;13,2;13,4
10.10.2024;02:35:45;0;0;0;0;0;0;13,1;12,3;13,4
10.10.2024;04:35:45;0;0;0;0;0;0;12,5;11,8;13,1
10.10.2024;06:35:46;0;0;0;0;0;0;12;11,2;12,1
10.10.2024;08:35:46;0;0;0;0;0;0;13,5;13,9;17,1
10.10.2024;10:35:47;0;0;0;0;0;0;19,1;21,5;20,4
10.10.2024;12:35:47;0;0;0;0;0;0;23;26,9;23,3
10.10.2024;14:35:48;0;0;0;0;0;0;21,9;22;18,9
10.10.2024;16:01:22;0;0;0;0;0;1;20,1;19,8;18
10.10.2024;16:24:01;0;0;0;0;0;0;18,8;17,9;16,1
10.10.2024;16:33:02;0;0;0;0;0;1;18,5;17,6;16,2
10.10.2024;18:33:02;0;0;0;0;0;1;14,3;13,6;13,1
10.10.2024;18:40:39;0;0;0;0;0;0;14,2;13,5;13,1
10.10.2024;18:41:39;0;0;0;0;0;1;14,2;13,5;13,1
10.10.2024;18:56:45;0;0;0;0;0;0;14;13,3;13,1
10.10.2024;19:36:41;0;0;0;0;0;1;13,6;13;13,1
10.10.2024;19:52:21;0;0;0;0;0;0;13,6;13;13,2
10.10.2024;19:54:50;0;0;0;0;0;1;13,6;13;13,2
10.10.2024;20:34:13;0;0;0;0;0;0;13,4;12,9;13,1
10.10.2024;20:35:47;0;0;0;0;0;1;13,4;12,9;13
10.10.2024;21:45:39;0;0;0;0;0;0;12,8;12,2;12,3
10.10.2024;21:54:03;0;0;0;0;0;1;12,8;12,2;12,4
10.10.2024;22:36:43;0;0;0;0;0;0;12,9;12,5;13,4
10.10.2024;22:52:51;0;0;0;0;0;1;12,9;12,5;13,6
10.10.2024;23:54:51;0;0;0;0;0;0;13;12,7;13,6
11.10.2024;01:54:51;0;0;0;0;0;0;12,9;12,5;13,2
11.10.2024;03:54:51;0;0;0;0;0;0;12,2;11,7;12,1
11.10.2024;05:54:52;0;0;0;0;0;0;10,2;9;8,2
11.10.2024;07:54:52;0;0;0;0;0;0;8,9;8;8,5
11.10.2024;09:54:53;0;0;0;0;0;0;12,5;15,5;21,1
11.10.2024;11:54:53;0;0;0;0;0;0;16,8;22,9;22,2
11.10.2024;13:54:54;0;0;0;0;0;0;19,1;22,4;17,6
11.10.2024;15:32:03;0;0;0;0;0;1;18,6;19,3;13,4
11.10.2024;15:52:56;0;0;0;0;0;0;16,6;16,7;11,5
11.10.2024;17:52:57;0;0;0;0;0;0;15,1;15;11,7
11.10.2024;19:52:57;0;0;0;0;0;0;11,7;10,2;7,6
11.10.2024;21:52:57;0;0;0;0;0;0;9;7,4;6,9
11.10.2024;23:52:58;0;0;0;0;0;0;7,1;5,6;5,3
12.10.2024;01:52:58;0;0;0;0;0;0;5;3,5;2,7
12.10.2024;03:52:59;0;0;0;0;0;0;3,5;2,2;2,2
12.10.2024;04:08:03;0;2;0;1;0;0;3,3;1,9;2,2
12.10.2024;06:08:04;0;2;0;1;0;0;2,1;0,9;0,4
12.10.2024;08:08:04;0;2;0;1;0;0;1,8;1,3;4,3
12.10.2024;08:42:10;0;0;0;0;0;0;3,5;4,1;10,9
12.10.2024;10:42:10;0;0;0;0;0;0;10,7;17,4;20,8
12.10.2024;12:42:11;0;0;0;0;0;0;17,3;24,9;16,3
12.10.2024;14:42:11;0;0;0;0;0;0;19,4;26,1;18,7
12.10.2024;16:42:12;0;0;0;0;0;0;18;20,8;15,1
12.10.2024;18:42:12;0;0;0;0;0;0;13,4;12,2;10,2
12.10.2024;20:42:12;0;0;0;0;0;0;11,1;9,9;10
12.10.2024;22:42:12;0;0;0;0;0;0;9,4;8,5;9
13.10.2024;00:42:13;0;0;0;0;0;0;8,8;8,1;8,7
13.10.2024;02:42:13;0;0;0;0;0;0;8,9;8,3;8,7
13.10.2024;03:46:55;0;0;0;0;0;1;9,1;8,6;9,1
13.10.2024;04:28:06;0;0;0;0;0;0;9;8,5;9,6
13.10.2024;06:28:06;0;0;0;0;0;1;9,4;9,1;10,4
13.10.2024;08:16:34;0;0;0;0;0;0;10,3;10,1;11,8
13.10.2024;08:28:24;0;0;0;0;0;1;10,5;10,2;12
13.10.2024;09:23:44;0;0;0;0;0;0;10,6;10,4;10,7
13.10.2024;09:30:16;0;0;0;0;0;1;10,6;10,4;10,8
13.10.2024;11:28:09;0;0;0;0;0;0;9,8;9,6;8,2
13.10.2024;11:34:53;0;0;0;0;0;1;9,8;9,7;8,6
13.10.2024;12:11:50;0;0;0;0;0;0;9,5;9,3;8,5
13.10.2024;12:57:00;0;0;0;0;0;1;11,8;16,8;17,2
13.10.2024;13:12:07;0;0;0;0;0;0;12,9;19,3;17,4
13.10.2024;13:16:16;0;0;0;0;0;1;13,2;20,1;17,5
13.10.2024;13:33:41;0;0;0;0;0;0;14,5;21,7;19,6
13.10.2024;14:26:33;0;0;0;0;0;1;15,7;18,9;13,5
13.10.2024;14:51:01;0;0;0;0;0;0;13,8;17,2;12,6
13.10.2024;15:07:24;0;0;0;0;0;1;14,3;18,5;15,8
13.10.2024;15:22:26;0;0;0;0;0;0;14,5;19,3;16,6
13.10.2024;17:22:26;0;0;0;0;0;0;13,5;13,7;11,6
13.10.2024;19:22:27;0;0;0;0;0;0;10,8;10;10,2
13.10.2024;21:22:27;0;0;0;0;0;0;10,6;10,2;10,9
13.10.2024;22:37:43;0;0;0;0;0;1;10,3;9,8;10,5
13.10.2024;22:55:54;0;0;0;0;0;0;9,8;9,3;9,9
14.10.2024;00:55:54;0;0;0;0;0;0;10,1;9,8;10,3
14.10.2024;02:55:54;0;0;0;0;0;0;9,9;9,6;9,9
14.10.2024;04:55:54;0;0;0;0;0;0;9,5;9,1;9,2
14.10.2024;06:55:55;0;0;0;0;0;0;7,5;6,6;6,9
14.10.2024;08:55:55;0;0;0;0;0;0;8;9,1;13,9
14.10.2024;10:55:56;0;0;0;0;0;0;12,8;15,5;13,7
14.10.2024;12:55:56;0;0;0;0;0;0;17,4;20,1;14
14.10.2024;14:55:56;0;0;0;0;0;0;16,7;19,7;17,2
14.10.2024;16:55:57;0;0;0;0;0;0;15,5;16,2;12,2
14.10.2024;18:55:57;0;0;0;0;0;0;12,2;11,2;8,1
14.10.2024;20:55:58;0;0;0;0;0;0;10,4;9,2;8,4
14.10.2024;22:55:58;0;0;0;0;0;0;9,1;8,2;7,5
15.10.2024;00:55:58;0;0;0;0;0;0;8,7;7,8;7,5
15.10.2024;02:55:59;0;0;0;0;0;0;7,9;7,1;7
15.10.2024;04:55:59;0;0;0;0;0;0;6,2;5,1;5,1
15.10.2024;06:56:00;0;0;0;0;0;0;6;5,3;6,3
15.10.2024;08:56:00;0;0;0;0;0;0;7,9;8,2;10,9
15.10.2024;10:56:00;0;0;0;0;0;0;12,1;13,9;13,8
15.10.2024;12:56:00;0;0;0;0;0;0;17,4;22,9;19,2
15.10.2024;14:56:01;0;0;0;0;0;0;17,4;19,4;16,4
15.10.2024;16:56:01;0;0;0;0;0;0;18;19,3;15,6
15.10.2024;18:56:01;0;0;0;0;0;0;13,5;12,6;7,1
15.10.2024;20:56:02;0;0;0;0;0;0;9;6,9;3,7
15.10.2024;22:54:54;0;0;0;0;0;0;6,1;4,3;3,1
16.10.2024;00:54:54;0;0;0;0;0;0;3,8;2,1;1,3
16.10.2024;01:04:13;0;2;0;1;0;0;3,7;1,9;1,1
16.10.2024;03:04:13;0;2;0;1;0;0;2,3;0,8;1
16.10.2024;05:04:14;0;2;0;1;0;0;1,8;0,4;0,2
16.10.2024;07:04:14;0;2;0;1;0;0;1,8;1;2,3
16.10.2024;08:45:07;0;0;0;0;0;0;3,1;4,1;7,3
16.10.2024;10:45:07;0;0;0;0;0;0;9,3;15,2;15,1
16.10.2024;12:31:46;0;0;0;0;0;0;16,4;25,2;17,8
16.10.2024;14:31:47;0;0;0;0;0;0;19,9;28,6;19
16.10.2024;16:31:48;0;0;0;0;0;0;18,5;21,7;16,1
16.10.2024;18:31:48;0;0;0;0;0;0;13,8;12,7;11,1
16.10.2024;20:31:49;0;0;0;0;0;0;10,4;9,2;9,4
16.10.2024;22:31:49;0;0;0;0;0;0;8,6;7,6;8,5
17.10.2024;00:31:50;0;0;0;0;0;0;7,7;6,8;8,2
17.10.2024;02:31:50;0;0;0;0;0;0;7,2;6,4;8
17.10.2024;04:31:51;0;0;0;0;0;0;6,9;6,1;7,5
17.10.2024;06:31:51;0;0;0;0;0;0;6,4;5,7;6,8
17.10.2024;08:31:52;0;0;0;0;0;0;6,9;7,2;9,4
17.10.2024;10:31:53;0;0;0;0;0;0;11,8;16,7;16,6
17.10.2024;12:31:53;0;0;0;0;0;0;18,5;26,3;20,4
17.10.2024;14:31:53;0;0;0;0;0;0;22,1;29,6;19,5
17.10.2024;16:31:53;0;0;0;0;0;0;20,2;20,4;17,2
17.10.2024;18:31:54;0;0;0;0;0;0;17,3;16,8;15,6
17.10.2024;20:31:54;0;0;0;0;0;0;15,4;14,9;14,2
17.10.2024;22:31:55;0;0;0;0;0;0;14,2;13,6;13,1
18.10.2024;00:31:55;0;0;0;0;0;0;11,9;10,8;10,6
18.10.2024;02:31:55;0;0;0;0;0;0;10;9,1;9,7
18.10.2024;04:31:55;0;0;0;0;0;0;9,1;8,4;9,2
18.10.2024;06:31:55;0;0;0;0;0;0;8,7;7,9;9
18.10.2024;08:31:56;0;0;0;0;0;0;9,3;9,6;12,8
18.10.2024;10:31:56;0;0;0;0;0;0;15,2;19,9;20,3
18.10.2024;12:31:57;0;0;0;0;0;0;21,5;28,9;22,9
18.10.2024;14:31:57;0;0;0;0;0;0;24,4;30,7;22,1
18.10.2024;16:31:57;0;0;0;0;0;0;22,8;25,2;20,2
18.10.2024;18:31:58;0;0;0;0;0;0;18,4;17,4;15
18.10.2024;20:31:58;0;0;0;0;0;0;15,3;14,2;14,4
18.10.2024;22:31:58;0;0;0;0;0;0;13,3;12,3;12,6
19.10.2024;00:31:59;0;0;0;0;0;0;11,8;10,8;11,3
19.10.2024;02:32:00;0;0;0;0;0;0;10,3;9,5;10,1
19.10.2024;04:32:00;0;0;0;0;0;0;9,4;8,7;9,8
19.10.2024;06:32:00;0;0;0;0;0;0;9;8,3;9,3
19.10.2024;08:32:01;0;0;0;0;0;0;9,3;8,9;9,6
19.10.2024;10:32:01;0;0;0;0;0;0;13,9;18,7;18,6
19.10.2024;12:32:02;0;0;0;0;0;0;21,4;29,8;23,7
19.10.2024;14:32:02;0;0;0;0;0;0;23,8;30,5;22
19.10.2024;16:32:02;0;0;0;0;0;0;22,9;25,2;20
19.10.2024;18:32:03;0;0;0;0;0;0;18,6;17,5;14,8
19.10.2024;20:32:04;0;0;0;0;0;0;15,1;13,5;12,9
19.10.2024;22:32:04;0;0;0;0;0;0;13;11,7;11,8
20.10.2024;00:32:05;0;0;0;0;0;0;10,8;9,6;10
20.10.2024;02:32:05;0;0;0;0;0;0;8,7;7,2;5,8
20.10.2024;04:32:05;0;0;0;0;0;0;7,3;6,1;7,1
20.10.2024;06:32:06;0;0;0;0;0;0;5,9;4,7;4,1
20.10.2024;08:32:07;0;0;0;0;0;0;6,2;5,6;7,8
20.10.2024;10:32:07;0;0;0;0;0;0;11,7;14,7;16,3
20.10.2024;12:32:08;0;0;0;0;0;0;18,4;24,5;20,1
20.10.2024;14:32:08;0;0;0;0;0;0;19,9;21,9;16,7
20.10.2024;16:32:08;0;0;0;0;0;0;19;19,4;17,7
20.10.2024;18:32:09;0;0;0;0;0;0;15;13,9;11,7
20.10.2024;20:32:09;0;0;0;0;0;0;12,5;11,2;11,9
20.10.2024;22:32:10;0;0;0;0;0;0;12,3;11,3;12,3
21.10.2024;00:32:10;0;0;0;0;0;0;11,2;10,4;11,4
21.10.2024;02:32:10;0;0;0;0;0;0;10,2;9,3;10,3
21.10.2024;04:32:11;0;0;0;0;0;0;9,1;8,1;7,8
21.10.2024;06:32:11;0;0;0;0;0;0;7,6;6,5;6
21.10.2024;08:32:12;0;0;0;0;0;0;7,7;7,5;11,7
21.10.2024;10:32:12;0;0;0;0;0;0;14,6;18,1;19,7
21.10.2024;12:32:13;0;0;0;0;0;0;18,8;24;25,6
21.10.2024;14:32:13;0;0;0;0;0;0;23,4;28,6;24,1
21.10.2024;16:32:14;0;0;0;0;0;0;22,2;22,9;19,2
21.10.2024;18:32:14;0;0;0;0;0;0;18,8;17,8;15,5
21.10.2024;20:32:14;0;0;0;0;0;0;15,6;14,2;12,4
21.10.2024;22:32:15;0;0;0;0;0;0;12,9;11,5;10,1
22.10.2024;00:32:16;0;0;0;0;0;0;11,7;10,5;9,5
22.10.2024;02:32:16;0;0;0;0;0;0;10,5;9,2;7,9
22.10.2024;04:32:16;0;0;0;0;0;0;8,7;7,6;6,7
22.10.2024;06:32:16;0;0;0;0;0;0;7,3;6,1;5,4
22.10.2024;08:32:17;0;0;0;0;0;0;7,1;6,9;11,2
22.10.2024;10:32:17;0;0;0;0;0;0;14;19,8;24,3
22.10.2024;12:32:17;0;0;0;0;0;0;22,5;31,3;27,6
22.10.2024;14:32:18;0;0;0;0;0;0;26,9;34,9;27,6
22.10.2024;16:32:18;0;0;0;0;0;0;24,3;25,5;20,7
22.10.2024;18:32:18;0;0;0;0;0;0;19,7;18,7;16,7
22.10.2024;20:32:19;0;0;0;0;0;0;17,5;16,9;16
22.10.2024;22:32:19;0;0;0;0;0;0;15,5;14,9;13,8
23.10.2024;00:32:20;0;0;0;0;0;0;13,6;12,9;11,7
23.10.2024;02:32:20;0;0;0;0;0;0;11,2;9,9;8,5
23.10.2024;04:32:20;0;0;0;0;0;0;8,7;7,4;6,8
23.10.2024;06:32:20;0;0;0;0;0;0;6,9;5,8;5,4
23.10.2024;08:32:20;0;0;0;0;0;0;7,1;6,9;8,7
23.10.2024;10:32:21;0;0;0;0;0;0;12,2;15,6;18,3
23.10.2024;12:32:21;0;0;0;0;0;0;18,8;26,1;22,4
23.10.2024;14:32:22;0;0;0;0;0;0;20,9;24,7;21,7
23.10.2024;16:32:22;0;0;0;0;0;0;18,5;19,3;15,7
23.10.2024;18:32:22;0;0;0;0;0;0;13,7;12,3;7,5
23.10.2024;20:32:22;0;0;0;0;0;0;9,9;8;5,7
23.10.2024;22:32:23;0;0;0;0;0;0;7,3;5,4;3,4
24.10.2024;00:32:23;0;0;0;0;0;0;5,6;4;3
24.10.2024;02:32:24;0;0;0;0;0;0;3,8;2,3;1,4
24.10.2024;04:07:49;0;2;0;1;0;0;3,2;1,9;1,8
24.10.2024;06:07:50;0;2;0;1;0;0;2;1;1,1
24.10.2024;08:07:51;0;2;0;1;0;0;2,8;2,4;3,1
24.10.2024;08:43:33;0;0;0;0;0;0;3,6;4,1;8,5
24.10.2024;10:43:33;0;0;0;0;0;0;9,5;15,9;17,1
24.10.2024;12:43:33;0;0;0;0;0;0;17,5;26,8;20,8
24.10.2024;14:43:33;0;0;0;0;0;0;21;30,2;23,1
24.10.2024;16:43:34;0;0;0;0;0;0;19,6;22,3;17,4
24.10.2024;18:43:34;0;0;0;0;0;0;15,2;14;10,7
24.10.2024;20:43:34;0;0;0;0;0;0;11,9;10,4;9,5
24.10.2024;22:43:34;0;0;0;0;0;0;9,7;8,5;8,1
25.10.2024;00:43:34;0;0;0;0;0;0;8,7;7,9;8,8
25.10.2024;02:43:35;0;0;0;0;0;0;7,7;6,8;7,6
25.10.2024;04:43:36;0;0;0;0;0;0;6,7;5,9;6,4
25.10.2024;06:43:36;0;0;0;0;0;0;6,4;5,7;6,8
25.10.2024;08:43:36;0;0;0;0;0;0;7;7,5;10,9
25.10.2024;10:43:37;0;0;0;0;0;0;12,7;18,2;19,6
25.10.2024;12:43:37;0;0;0;0;0;0;20,8;29,4;24,9
25.10.2024;14:43:38;0;0;0;0;0;0;24;31,4;23
25.10.2024;16:43:38;0;0;0;0;0;0;21,4;22,3;19,2
25.10.2024;18:43:39;0;0;0;0;0;0;17,2;16,3;14,3
25.10.2024;20:43:39;0;0;0;0;0;0;14,5;13,2;12,7
25.10.2024;22:43:40;0;0;0;0;0;0;12,1;10,7;10
26.10.2024;00:43:40;0;0;0;0;0;0;9,9;8,7;7,6
26.10.2024;02:43:41;0;0;0;0;0;0;8,1;6,9;6,2
26.10.2024;04:43:41;0;0;0;0;0;0;6,6;5,5;5,1
26.10.2024;06:43:42;0;0;0;0;0;0;6;4,8;4,7
26.10.2024;08:43:42;0;0;0;0;0;0;6;6;10,2
26.10.2024;10:43:43;0;0;0;0;0;0;12,1;18,6;26
26.10.2024;12:43:43;0;0;0;0;0;0;19,8;30,1;27
26.10.2024;14:43:44;0;0;0;0;0;0;24,7;33,9;27,4
26.10.2024;16:43:44;0;0;0;0;0;0;22,8;25,2;18,9
26.10.2024;18:43:44;0;0;0;0;0;0;18,3;16,9;13,7
26.10.2024;20:43:45;0;0;0;0;0;0;14,9;12,8;11,3
26.10.2024;22:43:45;0;0;0;0;0;0;11,1;9,4;7,2
27.10.2024;00:43:45;0;0;0;0;0;0;8,8;7,3;6,4
27.10.2024;02:43:45;0;0;0;0;0;0;7,1;5,9;5,7
27.10.2024;04:43:45;0;0;0;0;0;0;6,1;5;5,3
27.10.2024;06:43:46;0;0;0;0;0;0;5,4;4,5;5,4
27.10.2024;07:18:34;0;0;0;0;0;1;5,4;4,4;5,4
27.10.2024;07:33:40;0;0;0;0;0;0;5,6;4,8;6,1
27.10.2024;08:27:56;0;0;0;0;0;1;5,8;5,5;7,6
27.10.2024;08:42:57;0;0;0;0;0;0;6,1;6;8,9
27.10.2024;10:42:58;0;0;0;0;0;0;11,4;16,1;21,4
27.10.2024;12:42:59;0;0;0;0;0;0;19;26,6;23,1
27.10.2024;14:42:59;0;0;0;0;0;0;22,6;28,2;23,8
27.10.2024;16:42:59;0;0;0;0;0;0;21,3;23,6;18,7
27.10.2024;18:43:00;0;0;0;0;0;0;16,5;15,4;13,2
27.10.2024;20:43:00;0;0;0;0;0;0;13,9;12,9;12,8
27.10.2024;22:43:00;0;0;0;0;0;0;12,9;12,3;13
28.10.2024;00:43:01;0;0;0;0;0;0;13,3;13;13,4
28.10.2024;02:43:01;0;0;0;0;0;0;11,7;11;10,2
28.10.2024;04:43:02;0;0;0;0;0;0;9,3;8,2;8,8
28.10.2024;06:43:03;0;0;0;0;0;0;7,9;6,6;7,1
28.10.2024;08:43:03;0;0;0;0;0;0;7,3;6,9;9,3
28.10.2024;10:43:04;0;0;0;0;0;0;11,9;13,4;14,7
28.10.2024;12:43:04;0;0;0;0;0;0;18,8;24,1;19,8
28.10.2024;14:43:05;0;0;0;0;0;0;22,1;26,7;19,6
28.10.2024;16:43:05;0;0;0;0;0;0;21,2;22,3;18,8
28.10.2024;18:43:05;0;0;0;0;0;0;18,2;17,6;16,1
28.10.2024;20:43:05;0;0;0;0;0;0;16;15,4;14,4
28.10.2024;22:43:05;0;0;0;0;0;0;14,6;13,8;13,3
29.10.2024;00:43:06;0;0;0;0;0;0;14,2;13,7;14,4
29.10.2024;02:43:06;0;0;0;0;0;0;13,8;13,6;13,9
29.10.2024;04:43:07;0;0;0;0;0;0;13,5;13,2;13,6
29.10.2024;06:43:07;0;0;0;0;0;0;13;12,6;13
29.10.2024;08:43:08;0;0;0;0;0;0;13,1;12,9;13,4
29.10.2024;10:43:08;0;0;0;0;0;0;16,4;18,2;18,2
29.10.2024;12:43:09;0;0;0;0;0;0;20,1;23,4;21,9
29.10.2024;14:43:09;0;0;0;0;0;0;21,7;24;19,9
29.10.2024;16:43:09;0;0;0;0;0;0;20,1;20,3;17
29.10.2024;18:43:09;0;0;0;0;0;0;17,5;16,8;14,9
29.10.2024;20:43:10;0;0;0;0;0;0;16,1;15,3;14,4
29.10.2024;22:43:10;0;0;0;0;0;0;13,8;12,7;11,9
30.10.2024;00:43:11;0;0;0;0;0;0;13,5;12,9;13,1
30.10.2024;02:43:11;0;0;0;0;0;0;13,8;13,3;13,5
30.10.2024;04:43:11;0;0;0;0;0;0;13,8;13,4;13,3
30.10.2024;06:43:12;0;0;0;0;0;0;12,3;11,6;10,7
30.10.2024;08:43:12;0;0;0;0;0;0;12,5;12,3;13,5
30.10.2024;09:59:30;0;0;0;0;0;1;13,9;14,1;14,2
30.10.2024;11:28:36;0;0;0;0;0;0;15;15,2;15
30.10.2024;13:28:36;0;0;0;0;0;0;17,3;19,5;19,1
30.10.2024;15:28:37;0;0;0;0;0;0;17,7;18,2;15,8
30.10.2024;17:28:37;0;0;0;0;0;0;16,1;15,6;14,4
30.10.2024;19:28:38;0;0;0;0;0;0;14,7;14,2;14
30.10.2024;20:38:00;0;0;0;0;0;1;14,3;13,9;13,8
30.10.2024;20:57:39;0;0;0;0;0;0;13,9;13,5;13
30.10.2024;21:02:50;0;0;0;0;0;1;13,8;13,4;13
30.10.2024;21:50:11;0;0;0;0;0;0;13,2;12,7;12,7
30.10.2024;23:50:11;0;0;0;0;0;0;12,7;12,3;12,4
31.10.2024;01:50:12;0;0;0;0;0;0;12,6;12,3;12,5
31.10.2024;03:50:12;0;0;0;0;0;0;12,7;12,3;12,4
31.10.2024;05:50:13;0;0;0;0;0;0;12,3;12;12,2
31.10.2024;06:29:41;0;0;0;0;0;1;12,3;11,9;12
31.10.2024;08:29:42;0;0;0;0;0;1;11,5;11,2;11,4
31.10.2024;09:17:34;0;0;0;0;0;0;11,7;11,6;11,9
31.10.2024;11:17:35;0;0;0;0;0;0;13,6;14,6;14,2
31.10.2024;13:17:35;0;0;0;0;0;0;16;18,1;16
31.10.2024;15:17:36;0;0;0;0;0;0;16,3;16,9;13,3
31.10.2024;17:17:36;0;0;0;0;0;0;14,4;14;12,3
31.10.2024;19:17:36;0;0;0;0;0;0;11,8;10,6;9,4
31.10.2024;21:17:37;0;0;0;0;0;0;9,8;8,6;7,9
31.10.2024;23:17:37;0;0;0;0;0;0;8,8;7,9;8
01.11.2024;01:17:38;0;0;0;0;0;0;8,3;7,4;8
01.11.2024;03:17:38;0;0;0;0;0;0;7,7;7;8,1
01.11.2024;05:17:39;0;0;0;0;0;0;7,5;6,7;7,5
01.11.2024;07:17:39;0;0;0;0;0;0;7,2;6,5;7,9
01.11.2024;09:17:40;0;0;0;0;0;0;7,9;9;13,9
01.11.2024;11:17:40;0;0;0;0;0;0;15;20,8;21
01.11.2024;13:17:40;0;0;0;0;0;0;20,1;27,5;20,6
01.11.2024;15:17:41;0;0;0;0;0;0;21,7;28,8;22,6
01.11.2024;17:17:41;0;0;0;0;0;0;17,8;18,1;13,7
01.11.2024;19:17:41;0;0;0;0;0;0;12,8;11,6;9,9
01.11.2024;21:17:41;0;0;0;0;0;0;10,1;8,8;8,3
01.11.2024;23:17:42;0;0;0;0;0;0;10,6;10,1;10,9
02.11.2024;01:17:42;0;0;0;0;0;0;11,1;10,8;10,8
02.11.2024;03:17:42;0;0;0;0;0;0;10,5;10,2;10,6
02.11.2024;05:17:43;0;0;0;0;0;0;10,7;10,4;10,5
02.11.2024;05:54:54;0;0;0;0;0;1;10,5;10,3;10,2
02.11.2024;07:31:02;0;0;0;0;0;0;8,9;8,4;7,9
02.11.2024;07:52:03;0;0;0;0;0;1;8,7;8,2;8,1
02.11.2024;09:39:21;0;0;0;0;0;0;9;9,9;12,7
02.11.2024;10:19:18;0;0;0;0;0;1;9,9;12,3;15,9
02.11.2024;11:16:30;0;0;0;0;0;0;11;14,2;13,1
02.11.2024;13:16:30;0;0;0;0;0;0;13,9;19,3;17,8
02.11.2024;15:16:30;0;0;0;0;0;0;15,7;23;18,9
02.11.2024;17:16:31;0;0;0;0;0;0;12;12;6,7
02.11.2024;19:16:32;0;0;0;0;0;0;7,1;5,4;2,2
02.11.2024;21:10:32;0;2;0;1;0;0;4,3;1,9;-0,2
02.11.2024;23:10:32;0;2;0;1;0;0;2;0;-0,8
03.11.2024;01:10:33;0;2;0;1;0;0;0,5;-1,3;-2,1
03.11.2024;03:10:33;0;2;0;1;0;0;-0,6;-2,2;-1,9
03.11.2024;05:10:33;0;2;0;1;0;0;-1,1;-2,5;-2
03.11.2024;07:10:34;0;2;0;1;0;0;-1,5;-2,7;-1,9
03.11.2024;09:10:34;0;2;0;1;0;0;-0,8;-1,1;1
03.11.2024;10:24:19;0;0;0;0;0;0;2,4;4,1;6,9
03.11.2024;12:24:20;0;0;0;0;0;0;8,3;12,1;10,7
03.11.2024;14:24:20;0;0;0;0;0;0;13;20,1;15,2
03.11.2024;16:24:21;0;0;0;0;0;0;12,8;16,3;11,5
03.11.2024;18:24:21;0;0;0;0;0;0;8,4;7,8;3,9
03.11.2024;20:24:21;0;0;0;0;0;0;5,4;4,2;4,4
03.11.2024;22:24:21;0;0;0;0;0;0;4,2;3,1;3,7
04.11.2024;00:24:22;0;0;0;0;0;0;3,1;2,2;3,2
04.11.2024;01:56:33;0;2;0;1;0;0;2,7;1,9;2,8
04.11.2024;03:56:33;0;2;0;1;0;0;3,9;3,7;5,2
04.11.2024;04:17:59;0;0;0;0;0;0;4,2;4,1;5,1
04.11.2024;05:17:53;0;0;0;0;0;1;4,9;4,7;5,3
04.11.2024;05:38:01;0;0;0;0;0;0;5,1;4,9;5,3
04.11.2024;05:50:55;0;0;0;0;0;1;5,1;5;5,3
04.11.2024;07:50:55;0;0;0;0;0;1;5,8;5,6;5,8
04.11.2024;09:50:56;0;0;0;0;0;1;6,9;7;7,3
04.11.2024;11:13:44;0;0;0;0;0;0;8,3;8,6;8,8
04.11.2024;13:13:44;0;0;0;0;0;0;10,2;10,6;10,5
04.11.2024;15:13:45;0;0;0;0;0;0;10,1;10,3;9,8
04.11.2024;17:13:45;0;0;0;0;0;0;9,3;9,2;8,8
04.11.2024;19:13:45;0;0;0;0;0;0;9,1;8,6;8,5
04.11.2024;21:13:45;0;0;0;0;0;0;9;8,4;8,3
04.11.2024;23:13:46;0;0;0;0;0;0;6,7;5,8;4
05.11.2024;01:13:46;0;0;0;0;0;0;7,3;6,9;7
05.11.2024;01:31:38;0;0;0;0;0;1;7,5;7;7,1
05.11.2024;01:48:58;0;0;0;0;0;0;7,5;7;7
05.11.2024;03:48:58;0;0;0;0;0;0;6,4;6;5
05.11.2024;04:50:37;0;0;0;0;0;1;5,9;5,5;4,8
05.11.2024;05:13:13;0;0;0;0;0;0;5,7;5,4;4,7
05.11.2024;05:51:26;0;0;0;0;0;1;5,6;5,3;4,9
05.11.2024;06:10:56;0;0;0;0;0;0;5,7;5,3;5
05.11.2024;08:10:56;0;0;0;0;0;0;6,2;5,8;5,7
05.11.2024;10:10:57;0;0;0;0;0;0;7,1;7,3;6,9
05.11.2024;12:10:57;0;0;0;0;0;0;10,6;17;14
05.11.2024;14:10:57;0;0;0;0;0;0;14,5;22,8;13,7
05.11.2024;16:10:57;0;0;0;0;0;0;14,3;19,4;12,9
05.11.2024;18:10:58;0;0;0;0;0;0;9,5;9;5
05.11.2024;20:10:59;0;0;0;0;0;0;6,5;5;3,1
05.11.2024;22:10:59;0;0;0;0;0;0;4,1;2,6;1,8
05.11.2024;22:49:51;0;2;0;1;0;0;3,5;1,9;1,2
06.11.2024;00:49:52;0;2;0;1;0;0;1,8;0,5;-0,2
06.11.2024;02:49:52;0;2;0;1;0;0;0,8;-0,4;-0,2
06.11.2024;04:49:52;0;2;0;1;0;0;0,1;-0,9;-0,9
06.11.2024;06:49:53;0;2;0;1;0;0;-0,8;-1,7;-1,5
06.11.2024;08:49:54;0;2;0;1;0;0;-0,7;-0,9;1,1
06.11.2024;10:26:41;0;0;0;0;0;0;2,1;4,1;7,6
06.11.2024;12:26:41;0;0;0;0;0;0;8;14,9;16,2
06.11.2024;14:26:42;0;0;0;0;0;0;12,1;18,5;15,3
06.11.2024;16:26:42;0;0;0;0;0;0;12,4;15,6;14,4
06.11.2024;18:26:42;0;0;0;0;0;0;8,3;7,5;3,6
06.11.2024;20:26:43;0;0;0;0;0;0;6;5,1;3,9
06.11.2024;22:26:43;0;0;0;0;0;0;5,2;4,4;3,4
07.11.2024;00:26:43;0;0;0;0;0;0;3,9;3,3;2,5
07.11.2024;02:26:43;0;0;0;0;0;0;3,3;2,7;2,1
07.11.2024;04:26:43;0;0;0;0;0;0;3;2,4;2,3
07.11.2024;06:26:44;0;0;0;0;0;0;3,1;2,7;2,8
07.11.2024;08:26:44;0;0;0;0;0;0;3,8;3,3;3,5
07.11.2024;10:26:44;0;0;0;0;0;0;4,7;4,8;5,1
07.11.2024;12:26:44;0;0;0;0;0;0;6,5;7,2;7,1
07.11.2024;14:14:29;0;0;0;0;0;0;7,7;8,2;7,3
07.11.2024;14:59:04;0;0;0;0;0;0;8;8,3;7,3
07.11.2024;14:59:05;0;0;0;0;0;0;8;8,3;7,3
07.11.2024;15:03:22;0;0;0;0;0;0;7,9;8,3;7,4
07.11.2024;15:05:24;0;0;0;0;0;0;7,9;8,3;7,4
07.11.2024;17:05:24;0;0;0;0;0;0;7,2;7,1;6,1
07.11.2024;19:05:25;0;0;0;0;0;0;6,7;6,3;6
07.11.2024;21:05:25;0;0;0;0;0;0;6,3;5,9;5,8
07.11.2024;22:27:55;0;0;0;0;0;1;6,1;5,8;5,7
07.11.2024;22:43:27;0;0;0;0;0;0;6,1;5,8;5,7
07.11.2024;23:19:18;0;0;0;0;0;1;6;5,6;5,6
07.11.2024;23:46:05;0;0;0;0;0;0;5,9;5,6;5,6
08.11.2024;00:04:41;0;0;0;0;0;1;5,9;5,5;5,5
08.11.2024;02:02:08;0;0;0;0;0;0;5,5;5,2;5
08.11.2024;02:11:51;0;0;0;0;0;1;5,5;5,2;5
08.11.2024;03:16:44;0;0;0;0;0;0;5,2;4,9;4,9
08.11.2024;03:19:42;0;0;0;0;0;1;5,2;4,9;4,9
08.11.2024;05:06:16;0;0;0;0;0;0;5,1;4,8;4,7
08.11.2024;05:15:13;0;0;0;0;0;1;5,1;4,8;4,8
08.11.2024;06:14:57;0;0;0;0;0;0;5;4,7;4,7
08.11.2024;08:14:57;0;0;0;0;0;0;5;4,7;5
08.11.2024;08:34:33;0;0;0;0;0;0;5;4,7;5,1
08.11.2024;10:34:33;0;0;0;0;0;0;5,7;5,7;5,9
08.11.2024;12:34:33;0;0;0;0;0;0;8;8,5;8,1
08.11.2024;14:34:33;0;0;0;0;0;0;8,7;9,1;7,6
08.11.2024;16:34:33;0;0;0;0;0;0;8;8;6,6
08.11.2024;18:34:33;0;0;0;0;0;0;7;6,6;5,7
08.11.2024;20:34:34;0;0;0;0;0;0;6;5,6;4,9
08.11.2024;22:34:34;0;0;0;0;0;0;5,3;5;4,4
09.11.2024;00:34:35;0;0;0;0;0;0;5;4,7;4,2
09.11.2024;02:34:35;0;0;0;0;0;0;4,7;4,3;3,8
09.11.2024;04:34:35;0;0;0;0;0;0;4,1;3,8;3,3
09.11.2024;06:34:35;0;0;0;0;0;0;3,7;3,3;2,8
09.11.2024;08:34:35;0;0;0;0;0;0;3,4;3,1;2,6
09.11.2024;10:34:35;0;0;0;0;0;0;3,6;3,5;2,5
09.11.2024;12:34:35;0;0;0;0;0;0;4,6;5;3,6
09.11.2024;14:34:35;0;0;0;0;0;0;5,1;5,4;3,4
09.11.2024;16:34:35;0;0;0;0;0;0;4,6;4,5;3
09.11.2024;18:34:36;0;0;0;0;0;0;3,5;3,2;2,3
09.11.2024;20:34:36;0;0;0;0;0;0;3,1;2,9;2,3
09.11.2024;22:34:36;0;0;0;0;0;0;3,2;2,9;2,1
10.11.2024;00:34:36;0;0;0;0;0;0;3;2,8;1,9
10.11.2024;02:34:37;0;0;0;0;0;0;2,9;2,5;2
10.11.2024;04:34:37;0;0;0;0;0;0;2,5;2,2;1,6
10.11.2024;06:34:37;0;0;0;0;0;0;2,2;2;1,5
10.11.2024;06:34:53;0;2;0;1;0;0;2,3;1,9;1,5
10.11.2024;08:34:53;0;2;0;1;0;0;2,3;1,9;1,2
10.11.2024;10:34:53;0;2;0;1;0;0;2,5;2,3;1,6
10.11.2024;12:34:54;0;2;0;1;0;0;3,1;3,3;2,2
10.11.2024;14:34:54;0;2;0;1;0;0;3,7;3,9;2,4
10.11.2024;16:34:54;0;2;0;1;0;0;3,5;3,3;2,2
10.11.2024;18:34:54;0;2;0;1;0;0;2,7;2,4;1,7
10.11.2024;20:34:55;0;2;0;1;0;0;2,4;2,2;1,7
10.11.2024;22:34:55;0;2;0;1;0;0;2,5;2,1;1,6
11.11.2024;00:34:55;0;2;0;1;0;0;2,2;1,9;1,5
11.11.2024;02:34:56;0;2;0;1;0;0;2,1;1,7;1,4
11.11.2024;04:34:56;0;2;0;1;0;0;1,9;1,5;1,4
11.11.2024;06:34:56;0;2;0;1;0;0;1,9;1,6;1,4
11.11.2024;08:34:57;0;2;0;1;0;0;2,2;1,9;1,6
11.11.2024;10:34:57;0;2;0;1;0;0;2,6;2,4;2
11.11.2024;12:34:57;0;2;0;1;0;0;3;3,1;2,2
11.11.2024;14:04:52;0;0;0;0;0;0;3,8;4,1;3,3
11.11.2024;16:04:52;0;0;0;0;0;0;5,2;5,5;4,2
11.11.2024;18:04:52;0;0;0;0;0;0;5;4,5;3,3
11.11.2024;20:04:52;0;0;0;0;0;0;3,9;3,4;3,3
11.11.2024;22:04:53;0;0;0;0;0;0;4;3,7;3,7
12.11.2024;00:04:53;0;0;0;0;0;0;4;3,7;3,5
12.11.2024;02:04:54;0;0;0;0;0;0;3,7;3,4;2,7
12.11.2024;04:04:54;0;0;0;0;0;0;3,7;3,1;2,4
12.11.2024;06:04:54;0;0;0;0;0;0;3,2;2,8;2,5
12.11.2024;08:04:54;0;0;0;0;0;0;3;2,7;2,8
12.11.2024;10:04:54;0;0;0;0;0;0;3,3;3,2;3,5
12.11.2024;12:04:54;0;0;0;0;0;0;3,7;3,8;3,5
12.11.2024;14:04:55;0;0;0;0;0;0;4;3,9;3,4
12.11.2024;16:04:55;0;0;0;0;0;0;3,6;3,5;2,6
12.11.2024;17:43:03;0;2;0;1;0;0;2,4;1,9;1
12.11.2024;19:43:04;0;2;0;1;0;0;1,4;1;0,5
12.11.2024;21:43:04;0;2;0;1;0;0;0,8;0,4;0,1
12.11.2024;22:38:24;4;2;1;1;1;1;0,6;0,2;0
12.11.2024;22:43:28;1;2;0;1;2;1;7,1;0,1;0
12.11.2024;23:08:33;4;2;1;1;1;1;2,9;0;0
12.11.2024;23:12:15;1;2;0;1;2;1;7,1;0;0
12.11.2024;23:28:41;0;2;0;1;0;0;4,2;0;0
13.11.2024;01:28:41;0;2;0;1;0;0;1,4;0,2;0,2
13.11.2024;03:28:41;0;2;0;1;0;0;1;0,2;0,4
13.11.2024;05:22:04;4;2;1;1;1;1;0,4;0;0,2
13.11.2024;05:27:24;1;2;0;1;2;1;7,1;0;0,1
13.11.2024;05:48:11;0;2;0;1;0;0;3,2;0;0
13.11.2024;06:34:21;4;2;1;1;1;1;1,3;0;0,1
13.11.2024;06:38:41;1;2;0;1;2;1;7,1;0;0,1
13.11.2024;07:01:50;0;2;0;1;0;0;3,1;0;0,1
13.11.2024;07:15:43;4;2;1;1;1;1;2,2;0;0,2
13.11.2024;07:19:29;1;2;0;1;2;1;7,1;0;0,2
13.11.2024;07:31:36;0;2;0;1;0;0;4,7;0;0,1
13.11.2024;07:46:19;4;2;1;1;1;1;3,1;0;0,1
13.11.2024;07:49:35;1;2;0;1;2;1;7,1;0;0
13.11.2024;08:06:18;0;2;0;1;0;0;4,1;0;0,1
13.11.2024;10:06:19;0;2;0;1;0;0;1,7;1,2;1,2
13.11.2024;10:15:30;4;2;1;1;1;1;1,8;1,3;1,3
13.11.2024;10:19:26;1;2;0;1;2;1;7,1;1,4;1,3
13.11.2024;10:30:54;0;2;0;1;0;0;4,9;1,6;1,5
13.11.2024;11:54:38;3;2;1;1;0;1;3;2,7;2,5
13.11.2024;11:57:47;1;2;0;1;0;1;7,1;2,8;2,6
13.11.2024;12:36:04;0;2;0;1;0;0;4,5;3,8;3,7
13.11.2024;12:36:09;3;2;1;1;0;1;4,5;3,8;3,7
13.11.2024;12:38:28;1;2;0;1;0;1;7,1;3,8;3,8
13.11.2024;12:46:24;0;2;0;1;0;1;6,9;4;4
13.11.2024;12:46:27;3;2;1;1;0;1;6,9;3,9;4
13.11.2024;12:46:34;0;2;0;1;0;1;6,8;4;4
13.11.2024;12:46:38;3;2;1;1;0;1;6,8;3,9;4
13.11.2024;12:46:46;0;2;0;1;0;1;6,8;4;4
13.11.2024;12:46:51;3;2;1;1;0;1;6,8;3,9;4
13.11.2024;12:46:54;0;2;0;1;0;1;6,8;4;4
13.11.2024;12:51:24;0;2;0;1;0;0;6,7;4;4
13.11.2024;12:55:07;0;0;0;0;0;0;6,3;4,1;4
13.11.2024;14:55:07;0;0;0;0;0;0;4,9;4,6;4
13.11.2024;15:13:28;0;0;0;0;0;0;5,1;4,7;4,2
13.11.2024;17:13:28;0;0;0;0;0;0;4,4;4;3,5
13.11.2024;19:13:28;0;0;0;0;0;0;3,9;3,5;3,7
13.11.2024;21:04:06;3;0;1;0;0;1;4;3,7;3,6
13.11.2024;21:06:35;1;0;0;0;0;1;7,1;3,6;3,6
13.11.2024;23:06:35;1;0;0;0;0;1;4,4;3,8;3,7
13.11.2024;23:57:46;0;0;0;0;0;0;4,2;3,6;3,7
13.11.2024;23:57:57;3;0;1;0;0;1;4,2;3,6;3,7
14.11.2024;00:00:24;1;0;0;0;0;1;7,1;3,6;3,7
14.11.2024;00:25:45;0;0;0;0;0;0;5,2;3,8;3,8
14.11.2024;02:25:45;0;0;0;0;0;0;4,2;3,7;4,1
14.11.2024;02:55:30;3;0;1;0;0;1;4,2;3,7;4
14.11.2024;02:57:59;1;0;0;0;0;1;7,1;3,8;4
14.11.2024;03:15:25;0;0;0;0;0;0;5,8;3,8;3,9
14.11.2024;03:22:46;3;0;1;0;0;1;5,4;3,8;3,9
14.11.2024;03:24:37;1;0;0;0;0;1;7,1;3,8;3,9
14.11.2024;03:39:00;0;0;0;0;0;0;6,2;3,8;3,8
14.11.2024;04:01:21;3;0;1;0;0;1;5,1;3,7;3,7
14.11.2024;04:03:22;1;0;0;0;0;1;7,1;3,7;3,7
14.11.2024;04:16:52;0;0;0;0;0;0;6,2;3,7;3,7
14.11.2024;06:16:52;0;0;0;0;0;0;3,9;3,2;3,5
14.11.2024;08:16:52;0;0;0;0;0;0;3,7;3,2;3,7
14.11.2024;10:16:52;0;0;0;0;0;0;3,9;4,7;6,5
14.11.2024;12:16:53;0;0;0;0;0;0;9,4;12,9;10,1
14.11.2024;13:07:45;0;0;0;0;0;0;9,7;11;7,9
14.11.2024;15:07:46;0;0;0;0;0;0;8,9;8,9;7,4
14.11.2024;16:31:53;0;0;0;0;0;1;7,7;7,2;6
14.11.2024;17:05:08;0;0;0;0;0;0;6,8;6,2;5,1
14.11.2024;17:40:00;0;0;0;0;0;1;6,4;5,8;5,2
14.11.2024;19:40:01;0;0;0;0;0;1;6;5,7;5,6
14.11.2024;21:40:01;0;0;0;0;0;1;6,2;6;6
14.11.2024;23:40:01;0;0;0;0;0;1;6,1;5,8;6
15.11.2024;01:37:49;0;0;0;0;0;0;6,2;5,9;6,1
15.11.2024;01:46:01;0;0;0;0;0;1;6,2;5,9;6,2
15.11.2024;02:53:58;0;0;0;0;0;0;6,5;6;6,3
15.11.2024;02:59:09;0;0;0;0;0;1;6,5;6;6,2
15.11.2024;03:21:30;0;0;0;0;0;0;6,5;6;6,2
15.11.2024;03:44:07;0;0;0;0;0;1;6,4;5,9;6,2
15.11.2024;03:59:54;0;0;0;0;0;0;6,3;5,9;6,2
15.11.2024;05:59:54;0;0;0;0;0;0;6,2;6;6,4
15.11.2024;07:59:54;0;0;0;0;0;0;6,2;5,9;6,3
15.11.2024;09:59:55;0;0;0;0;0;0;6,9;6,9;7,4
15.11.2024;11:59:55;0;0;0;0;0;0;9,3;11,5;10,5
15.11.2024;13:00:24;0;0;0;0;0;0;10,5;12,8;11,2
15.11.2024;13:05:09;0;0;2;0;0;0;10,4;12,4;10,8
15.11.2024;13:05:37;0;0;0;0;0;0;10,5;12,4;10,7
15.11.2024;13:06:20;0;0;2;0;0;0;11;12,2;10,6
15.11.2024;13:08:12;0;0;0;0;0;0;13,1;12,2;10,2
15.11.2024;13:30:04;0;0;2;0;0;0;11,9;12,2;10,5
15.11.2024;13:38:27;0;0;0;0;0;0;22,4;11,9;9,9
15.11.2024;14:59:19;0;0;0;0;0;0;12;11,6;9,6
15.11.2024;16:59:19;0;0;0;0;0;0;9,5;9;7,9
15.11.2024;18:59:19;0;0;0;0;0;0;8,2;7,8;7,5
15.11.2024;20:59:19;0;0;0;0;0;0;7,8;7,4;7,5
15.11.2024;22:59:19;0;0;0;0;0;0;7,6;7,3;7,5
16.11.2024;00:59:20;0;0;0;0;0;0;7,6;7,4;7,7
16.11.2024;02:59:20;0;0;0;0;0;0;7,7;7,3;7,1
16.11.2024;04:59:20;0;0;0;0;0;0;7,5;7,1;6,9
16.11.2024;06:59:21;0;0;0;0;0;0;7,2;6,8;6,8
16.11.2024;08:59:21;0;0;0;0;0;0;5,7;5;5,4
16.11.2024;10:59:21;0;0;0;0;0;0;8,3;13,4;17,7
16.11.2024;12:59:21;0;0;0;0;0;0;13,6;21,9;16,3
16.11.2024;14:59:21;0;0;0;0;0;0;14,7;21,1;13,4
16.11.2024;16:59:22;0;0;0;0;0;0;9,9;10,1;6,3
16.11.2024;18:59:22;0;0;0;0;0;0;6;4,8;3,7
16.11.2024;20:59:22;0;0;0;0;0;0;4,1;3;3
16.11.2024;22:59:23;0;0;0;0;0;0;4,6;4;4,3
17.11.2024;00:59:23;0;0;0;0;0;0;4,1;3,3;3,2
17.11.2024;02:59:23;0;0;0;0;0;0;4;3,3;3,8
17.11.2024;04:59:24;0;0;0;0;0;0;4,6;4;4,5
17.11.2024;06:59:24;0;0;0;0;0;0;4,5;4,2;4,7
17.11.2024;08:59:24;0;0;0;0;0;0;5,1;4,9;5,2
17.11.2024;10:59:24;0;0;0;0;0;0;6,4;6,7;6,4
17.11.2024;12:59:24;0;0;0;0;0;0;7,4;7,5;6,8
17.11.2024;13:38:21;0;0;0;0;0;1;7,7;7,7;7,2
17.11.2024;15:38:22;0;0;0;0;0;1;6,3;5,9;5,5
17.11.2024;17:38:22;0;0;0;0;0;1;5,3;4,9;4,8
17.11.2024;19:38:22;0;0;0;0;0;1;5;4,7;4,8
17.11.2024;21:13:52;0;0;0;0;0;0;4,9;4,7;4,8
17.11.2024;21:37:07;0;0;0;0;0;1;4,9;4,6;4,9
17.11.2024;22:57:21;0;0;0;0;0;0;5;4,5;5,5
17.11.2024;23:05:10;0;0;0;0;0;1;4,9;4,6;5,6
17.11.2024;23:38:35;0;0;0;0;0;0;4,8;4,3;5,2
17.11.2024;23:51:28;3;0;1;0;0;1;4,5;3,9;4,8
17.11.2024;23:54:01;1;0;0;0;0;1;7,1;3,9;4,7
18.11.2024;00:40:52;0;0;0;0;0;0;4,7;3,7;5
18.11.2024;02:40:52;0;0;0;0;0;0;4,9;4,5;5,5
18.11.2024;04:33:06;0;0;0;0;0;1;4,7;4,2;5,1
18.11.2024;04:47:49;3;0;1;0;0;1;4,5;3,9;4,6
18.11.2024;04:48:52;0;0;0;0;0;0;4,9;3,9;4,5
18.11.2024;05:45:30;3;0;1;0;0;1;4,2;3,5;4,3
18.11.2024;05:48:17;1;0;0;0;0;1;7,1;3,5;4,4
18.11.2024;06:03:13;0;0;0;0;0;0;5,9;3,5;4,2
18.11.2024;08:03:14;0;0;0;0;0;0;4,5;4;4,7
18.11.2024;09:37:10;0;0;0;0;0;1;4,9;4,5;5,2
18.11.2024;10:02:41;0;0;0;0;0;0;5;4,7;5,2
18.11.2024;10:37:41;0;0;0;0;0;1;5,2;5,1;5,7
18.11.2024;12:37:41;0;0;0;0;0;1;4,5;4,5;4
18.11.2024;13:36:17;0;0;0;0;0;0;5,4;5,9;5,2
18.11.2024;13:38:49;0;0;0;0;0;1;5,5;6,1;5,4
18.11.2024;13:54:09;0;0;0;0;0;0;5,6;6;5,3
18.11.2024;14:05:11;0;0;0;0;0;1;5,6;5,8;4,9
18.11.2024;14:34:18;0;0;0;0;0;0;5,4;5,5;4,8
18.11.2024;14:36:39;0;0;0;0;0;1;5,4;5,4;4,7
18.11.2024;14:51:48;0;0;0;0;0;0;5,3;5,2;4,7
18.11.2024;15:07:50;0;0;0;0;0;1;5,2;5,2;4,7
18.11.2024;16:12:36;0;0;0;0;0;0;5,5;6,3;5,2
18.11.2024;18:12:37;0;0;0;0;0;0;4,1;3,5;3,4
18.11.2024;20:12:37;0;0;0;0;0;0;3;2,4;3,2
18.11.2024;22:12:37;0;0;0;0;0;0;2,9;2,5;3
19.11.2024;00:12:38;0;0;0;0;0;0;3,1;2,6;3
19.11.2024;00:39:46;0;2;0;1;0;0;2,6;1,9;1,9
19.11.2024;02:39:47;0;2;0;1;0;0;1,5;0,8;1,9
19.11.2024;04:39:47;0;2;0;1;0;0;0,7;0;0,9
19.11.2024;06:39:47;0;2;0;1;0;0;0,2;-0,4;0,9
19.11.2024;08:39:48;0;2;0;1;0;0;1,4;1,2;2,6
19.11.2024;09:30:27;3;2;1;1;0;1;2,4;2,2;3,2
19.11.2024;09:34:24;1;2;0;1;0;1;7,1;2,2;2,9
19.11.2024;09:58:48;3;2;1;1;0;1;3,9;2;2
19.11.2024;10:02:00;1;2;0;1;0;1;7,1;2;2
19.11.2024;10:34:22;3;2;1;1;0;1;3,9;2,3;2,1
19.11.2024;10:37:17;1;2;0;1;0;1;7,1;2,3;2,2
19.11.2024;10:51:48;0;2;0;1;0;0;5,4;2,5;2,4
19.11.2024;11:17:53;3;2;1;1;0;1;4;2,8;2,8
19.11.2024;11:20:39;1;2;0;1;0;1;7,1;2,8;2,8
19.11.2024;11:34:43;0;2;0;1;0;0;5,7;3,1;3
19.11.2024;11:38:53;3;2;1;1;0;1;5,3;3,2;3,1
19.11.2024;11:40:54;1;2;0;1;0;1;7,1;3,2;3,1
19.11.2024;11:55:53;0;2;0;1;0;0;5,9;3,5;3,5
19.11.2024;12:13:57;0;0;0;0;0;0;5,4;4,1;4,3
19.11.2024;13:35:28;0;0;0;0;0;1;6,5;6;6,9
19.11.2024;13:59:50;0;0;0;0;0;0;7,1;6,7;7,8
19.11.2024;15:59:51;0;0;0;0;0;0;8,9;8,8;9,9
19.11.2024;16:20:33;0;0;0;0;0;1;9;8,8;9,9
19.11.2024;17:09:24;0;0;0;0;0;0;8,9;8,3;9,3
19.11.2024;18:05:47;0;0;0;0;0;1;9,3;8,9;10,3
19.11.2024;18:40:19;0;0;0;0;0;0;9,2;8,9;9,9
19.11.2024;20:40:20;0;0;0;0;0;0;9;8,7;10
19.11.2024;22:40:20;0;0;0;0;0;0;9,7;9,4;10,3
20.11.2024;00:40:21;0;0;0;0;0;0;9,7;9,3;10,8
20.11.2024;01:58:20;0;0;0;0;0;1;9,9;9,6;10,7
20.11.2024;03:58:20;0;0;0;0;0;1;6,2;5,8;5
20.11.2024;05:10:27;3;0;1;0;0;1;4,3;3,9;3
20.11.2024;05:12:55;1;0;0;0;0;1;7,1;3,9;2,9
20.11.2024;05:25:19;0;0;0;0;0;0;5,5;3,6;2,4
20.11.2024;05:25:22;3;0;1;0;0;1;5,5;3,6;2,4
20.11.2024;05:27:19;1;0;0;0;0;1;7,1;3,5;2,4
20.11.2024;06:03:43;3;0;1;0;0;1;3,9;2,9;1,9
20.11.2024;06:06:27;1;0;0;0;0;1;7,1;2,9;1,9
20.11.2024;06:32:51;3;0;1;0;0;1;3,9;2,6;1,7
20.11.2024;06:35:32;1;0;0;0;0;1;7,1;2,6;1,7
20.11.2024;06:59:11;0;0;0;0;0;0;4;2,4;1,7
20.11.2024;08:59:11;0;0;0;0;0;0;2,4;2;1,7
20.11.2024;09:34:29;3;0;1;0;0;1;2,4;2,1;1,9
20.11.2024;09:38:07;1;0;0;0;0;1;7,1;2,1;2
20.11.2024;09:57:53;3;0;1;0;0;1;3,9;2,3;2,2
20.11.2024;10:00:39;1;0;0;0;0;1;7,1;2,3;2,2
20.11.2024;10:04:53;0;0;0;0;0;0;7;2,3;2,3
20.11.2024;10:18:10;3;0;1;0;0;1;4,5;2,5;2,5
20.11.2024;10:20:35;1;0;0;0;0;1;7,1;2,5;2,5
20.11.2024;11:06:42;3;0;1;0;0;1;3,9;2,9;2,8
20.11.2024;11:09:25;1;0;0;0;0;1;7,1;2,9;2,8
20.11.2024;11:21:24;0;0;0;0;0;0;5,6;3,2;3,2
20.11.2024;11:39:58;0;0;0;0;0;1;4,9;4,3;5,5
20.11.2024;12:09:04;0;0;0;0;0;0;4,9;5;4,8
20.11.2024;12:32:46;0;0;0;0;0;1;4,8;4,8;3,7
20.11.2024;12:56:40;0;0;0;0;0;0;5;5,4;4,8
20.11.2024;13:36:45;0;0;0;0;0;1;5,8;7,3;6,3
20.11.2024;13:52:06;0;0;0;0;0;0;5,8;6,9;4,9
20.11.2024;15:13:45;0;0;0;0;0;1;5,7;6,9;4,4
20.11.2024;15:31:13;0;0;0;0;0;0;6,3;8,4;7,6
20.11.2024;15:56:18;0;0;0;0;0;1;5,4;6,9;3,7
20.11.2024;16:45:18;0;0;0;0;0;0;4;4,2;2,4
20.11.2024;16:50:40;0;0;0;0;0;1;3,9;4;2,4
20.11.2024;16:52:10;3;0;1;0;0;1;3,9;3,9;2,4
20.11.2024;16:55:05;1;0;0;0;0;1;7,1;3,9;2,5
20.11.2024;17:39:03;0;0;0;0;0;0;4,1;2,9;2,1
20.11.2024;17:43:11;3;0;1;0;0;1;4;2,8;2,1
20.11.2024;17:46:09;1;0;0;0;0;1;7,1;2,8;2,1
20.11.2024;18:36:21;3;0;1;0;0;1;3,9;2,1;1,5
20.11.2024;18:39:19;1;0;0;0;0;1;7,1;2,1;1,4
20.11.2024;18:43:45;1;2;0;1;0;1;7,7;1,9;1,2
20.11.2024;18:44:36;0;2;0;1;2;1;7,4;1,9;1,2
20.11.2024;18:45:23;4;2;1;1;1;1;7;2;1,2
20.11.2024;18:46:23;1;2;0;1;2;1;7,1;2;1,2
20.11.2024;18:51:54;4;2;1;1;1;1;7;1,8;1,1
20.11.2024;18:52:55;1;2;0;1;2;1;7,1;1,8;1,1
20.11.2024;18:59:04;4;2;1;1;1;1;7;1,7;1,3
20.11.2024;18:59:57;1;2;0;1;2;1;7,1;1,7;1,3
20.11.2024;19:06:00;4;2;1;1;1;1;7;1,7;1,4
20.11.2024;19:06:49;1;2;0;1;2;1;7,1;1,6;1,4
20.11.2024;19:12:17;4;2;1;1;1;1;7;1,6;1,4
20.11.2024;19:13:18;1;2;0;1;2;1;7,1;1,6;1,5
20.11.2024;19:13:44;0;2;0;1;0;0;7,5;1,6;1,5
20.11.2024;19:15:20;0;2;0;1;2;1;8,1;1,6;1,5
20.11.2024;19:20:27;4;2;1;1;1;1;7;1,5;1,6
20.11.2024;19:20:30;1;2;0;1;2;1;7,1;1,5;1,6
20.11.2024;19:20:33;4;2;1;1;1;1;7;1,5;1,6
20.11.2024;19:21:23;1;2;0;1;2;1;7,1;1,5;1,5
20.11.2024;19:27:42;4;2;1;1;1;1;7;1,4;1,3
20.11.2024;19:28:31;1;2;0;1;2;1;7,1;1,4;1,3
20.11.2024;19:30:40;0;2;0;1;0;0;7,8;1,4;1,1
20.11.2024;19:46:26;4;2;1;1;1;1;5,6;1,2;1,2
20.11.2024;19:48:33;1;2;0;1;2;1;7,1;1,2;1,2
20.11.2024;19:56:20;4;2;1;1;1;1;7;1,1;1,3
20.11.2024;19:57:15;1;2;0;1;2;1;7,1;1,2;1,3
20.11.2024;20:03:37;4;2;1;1;1;1;7;1,2;1,5
20.11.2024;20:04:27;1;2;0;1;2;1;7,1;1,2;1,5
20.11.2024;20:10:03;4;2;1;1;1;1;7;1,3;1,8
20.11.2024;20:10:59;1;2;0;1;2;1;7,1;1,3;1,8
20.11.2024;20:14:26;0;2;0;1;0;0;7,6;1,4;1,9
20.11.2024;20:16:54;0;2;0;1;2;1;7,1;1,3;1,9
20.11.2024;20:16:57;4;2;1;1;1;1;7;1,3;1,9
20.11.2024;20:17:00;1;2;0;1;2;1;7,1;1,3;1,9
20.11.2024;20:17:03;4;2;1;1;1;1;7;1,3;1,9
20.11.2024;20:18:02;1;2;0;1;2;1;7,1;1,3;1,9
20.11.2024;20:22:50;4;2;1;1;1;1;7;1,3;1,6
20.11.2024;20:24:01;1;2;0;1;2;1;7,1;1,3;1,6
20.11.2024;20:29:46;4;2;1;1;1;1;7;1,2;1,3
20.11.2024;20:30:40;1;2;0;1;2;1;7,1;1,2;1,3
20.11.2024;20:36:12;4;2;1;1;1;1;7;1,2;1,1
20.11.2024;20:37:09;1;2;0;1;2;1;7,1;1,2;1,1
20.11.2024;20:41:37;4;2;1;1;1;1;7;1;0,9
20.11.2024;20:42:45;1;2;0;1;2;1;7,1;1;0,8
20.11.2024;20:47:31;4;2;1;1;1;1;7;0,7;0,6
20.11.2024;20:48:39;1;2;0;1;2;1;7,1;0,7;0,5
20.11.2024;20:53:20;4;2;1;1;1;1;7;0,6;0,3
20.11.2024;20:54:21;1;2;0;1;2;1;7,1;0,5;0,3
20.11.2024;20:58:19;4;2;1;1;1;1;7;0,2;0,2
20.11.2024;20:59:14;1;2;0;1;2;1;7,1;0,2;0,2
20.11.2024;21:03:22;4;2;1;1;1;1;7;0,3;0,2
20.11.2024;21:04:36;1;2;0;1;2;1;7,1;0,4;0,1
20.11.2024;21:08:58;4;2;1;1;1;1;7;0,4;0,2
20.11.2024;21:10:01;1;2;0;1;2;1;7,1;0,4;0,2
20.11.2024;21:14:19;4;2;1;1;1;1;7;0,5;0,3
20.11.2024;21:15:16;1;2;0;1;2;1;7,1;0,5;0,3
20.11.2024;21:19:01;4;2;1;1;1;1;7;0,6;0,5
20.11.2024;21:20:06;1;2;0;1;2;1;7,1;0,6;0,5
20.11.2024;21:24:48;4;2;1;1;1;1;7;0,6;0,6
20.11.2024;21:25:46;1;2;0;1;2;1;7,1;0,6;0,7
20.11.2024;21:30:05;4;2;1;1;1;1;7;0,7;0,7
20.11.2024;21:31:12;1;2;0;1;2;1;7,1;0,7;0,7
20.11.2024;21:35:59;4;2;1;1;1;1;7;0,7;0,8
20.11.2024;21:37:00;1;2;0;1;2;1;7,1;0,7;0,7
20.11.2024;21:41:46;4;2;1;1;1;1;7;0,6;0,6
20.11.2024;21:42:44;1;2;0;1;2;1;7,1;0,6;0,5
20.11.2024;21:47:14;4;2;1;1;1;1;7;0,5;0,3
20.11.2024;21:48:12;1;2;0;1;2;1;7,1;0,5;0,3
20.11.2024;21:52:24;4;2;1;1;1;1;7;0,5;0,4
20.11.2024;21:53:19;1;2;0;1;2;1;7,1;0,5;0,4
20.11.2024;21:56:51;4;2;1;1;1;1;7;0,5;0,4
20.11.2024;21:57:47;1;2;0;1;2;1;7,1;0,5;0,4
20.11.2024;22:02:31;4;2;1;1;1;1;7;0,5;0,5
20.11.2024;22:03:23;1;2;0;1;2;1;7,1;0,5;0,5
20.11.2024;22:07:35;4;2;1;1;1;1;7;0,5;0,6
20.11.2024;22:08:26;1;2;0;1;2;1;7,1;0,5;0,6
20.11.2024;22:09:00;0;2;0;1;0;0;7,6;0,5;0,6
21.11.2024;00:09:00;0;2;0;1;0;0;1,7;0,6;1,1
21.11.2024;01:57:17;4;2;1;1;1;1;1,4;0,6;1,4
21.11.2024;02:01:36;1;2;0;1;2;1;7,1;0,6;1,2
21.11.2024;02:04:15;4;2;1;1;1;1;7;0,6;1,1
21.11.2024;02:05:32;1;2;0;1;2;1;7,1;0,6;1,1
21.11.2024;02:08:41;4;2;1;1;1;1;7;0,6;1
21.11.2024;02:09:40;1;2;0;1;2;1;7,1;0,6;1
21.11.2024;02:12:52;4;2;1;1;1;1;7;0,6;0,9
21.11.2024;02:13:58;1;2;0;1;2;1;7,1;0,6;0,9
21.11.2024;02:14:35;0;2;0;1;0;0;7,7;0,6;0,9
21.11.2024;04:14:35;0;2;0;1;0;0;1,8;0,9;1,7
21.11.2024;05:29:18;4;2;1;1;1;1;1,8;1,3;2
21.11.2024;05:33:18;1;2;0;1;2;1;7,1;1,3;1,7
21.11.2024;05:36:31;4;2;1;1;1;1;7;1,3;1,6
21.11.2024;05:37:39;1;2;0;1;2;1;7,1;1,3;1,5
21.11.2024;05:40:57;4;2;1;1;1;1;7;1,2;1,4
21.11.2024;05:41:54;1;2;0;1;2;1;7,1;1,2;1,4
21.11.2024;05:45:25;4;2;1;1;1;1;7;1,2;1,3
21.11.2024;05:46:28;1;2;0;1;2;1;7,1;1,2;1,3
21.11.2024;05:47:09;0;2;0;1;0;0;7,7;1,2;1,3
21.11.2024;07:47:09;0;2;0;1;0;0;1,2;0,2;1
26.11.2024;10:12:57;0;0;0;0;0;1;7,1;7,2;8,1
26.11.2024;10:12:58;1;0;0;0;0;1;7,1;7,2;8,1
26.11.2024;10:12:58;0;0;0;0;0;1;7,1;7,2;8,1
26.11.2024;10:12:59;1;0;0;0;0;1;7,1;7,2;8,1
26.11.2024;10:13:00;0;0;0;0;0;1;7,1;7,2;8,1
26.11.2024;10:13:00;1;0;0;0;0;1;7,1;7,2;8,1
26.11.2024;10:13:01;0;0;0;0;0;1;7,1;7,2;8,2
26.11.2024;10:13:02;1;0;0;0;0;1;7,1;7,2;8,1
26.11.2024;10:13:02;0;0;0;0;0;1;7,1;7,2;8,1
26.11.2024;10:13:03;1;0;0;0;0;1;7,1;7,3;8,1
26.11.2024;10:13:04;0;0;0;0;0;1;7,1;7,3;8,1
26.11.2024;10:13:05;1;0;0;0;0;1;7,1;7,3;8,1
26.11.2024;10:13:05;0;0;0;0;0;1;7,1;7,3;8,1
26.11.2024;10:13:06;1;0;0;0;0;1;7,1;7,3;8,1
26.11.2024;10:13:07;0;0;0;0;0;1;7,1;7,2;8,1
26.11.2024;10:13:07;1;0;0;0;0;1;7,1;7,2;8,1
26.11.2024;10:13:08;0;0;0;0;0;1;7,1;7,2;8,1
26.11.2024;10:13:09;1;0;0;0;0;1;7,1;7,2;8,1
26.11.2024;10:13:09;0;0;0;0;0;1;7,1;7,2;8,1
26.11.2024;10:13:10;1;0;0;0;0;1;7,1;7,2;8,1
26.11.2024;10:13:11;0;0;0;0;0;1;7,1;7,2;8,1
26.11.2024;10:13:11;1;0;0;0;0;1;7,1;7,2;8,1
26.11.2024;10:13:12;0;0;0;0;0;1;7,1;7,2;8,1
26.11.2024;10:13:13;1;0;0;0;0;1;7,1;7,2;8,1
26.11.2024;10:13:13;0;0;0;0;0;1;7,1;7,2;8,1
26.11.2024;10:13:14;1;0;0;0;0;1;7,1;7,2;8,1
26.11.2024;10:13:15;0;0;0;0;0;1;7,1;7,2;8,1
26.11.2024;10:13:16;1;0;0;0;0;1;7,1;7,2;8,1
26.11.2024;10:13:16;0;0;0;0;0;1;7,1;7,2;8,1
26.11.2024;10:13:17;1;0;0;0;0;1;7,1;7,2;8,1
26.11.2024;10:13:18;0;0;0;0;0;1;7,1;7,2;8,1
26.11.2024;10:13:18;1;0;0;0;0;1;7,1;7,2;8,1
26.11.2024;10:13:19;0;0;0;0;0;1;7,1;7,2;8,1
26.11.2024;10:13:20;1;0;0;0;0;1;7,1;7,2;8,1
26.11.2024;10:13:20;0;0;0;0;0;1;7,1;7,2;8,1
26.11.2024;10:13:21;1;0;0;0;0;1;7,1;7,2;8,1
26.11.2024;10:13:22;0;0;0;0;0;1;7,1;7,2;8,1
26.11.2024;10:13:22;1;0;0;0;0;1;7,1;7,2;8,1
26.11.2024;10:13:23;0;0;0;0;0;1;7,1;7,2;8,1
26.11.2024;10:13:24;1;0;0;0;0;1;7,1;7,2;8,1
26.11.2024;10:13:25;0;0;0;0;0;1;7,1;7,2;8,1
26.11.2024;10:13:25;1;0;0;0;0;1;7,1;7,2;8,1
26.11.2024;10:13:26;0;0;0;0;0;1;7,1;7,2;8,1
26.11.2024;10:13:26;1;0;0;0;0;1;7,1;7,2;8,1
26.11.2024;10:13:27;0;0;0;0;0;1;7,1;7,2;8,2
26.11.2024;10:13:28;1;0;0;0;0;1;7,1;7,2;8,1
26.11.2024;10:13:28;0;0;0;0;0;1;7,1;7,2;8,1
26.11.2024;10:13:29;1;0;0;0;0;1;7,1;7,2;8,1
26.11.2024;10:13:30;0;0;0;0;0;1;7,1;7,2;8,1
26.11.2024;10:13:31;1;0;0;0;0;1;7,1;7,2;8,1
26.11.2024;10:13:31;0;0;0;0;0;1;7,1;7,2;8,1
26.11.2024;10:13:32;1;0;0;0;0;1;7,1;7,2;8,1
26.11.2024;10:13:33;0;0;0;0;0;1;7,1;7,2;8,1
26.11.2024;10:13:33;1;0;0;0;0;1;7,1;7,2;8,1
26.11.2024;10:13:34;0;0;0;0;0;1;7,1;7,2;8,1
26.11.2024;10:13:35;1;0;0;0;0;1;7,1;7,2;8,1
26.11.2024;10:13:35;0;0;0;0;0;1;7,1;7,2;8,1
26.11.2024;10:13:36;1;0;0;0;0;1;7,1;7,2;8,1
26.11.2024;10:13:37;0;0;0;0;0;1;7,1;7,2;8,1
26.11.2024;10:13:38;1;0;0;0;0;1;7,1;7,2;8,1
26.11.2024;10:13:38;0;0;0;0;0;1;7,1;7,2;8,1
26.11.2024;10:13:39;1;0;0;0;0;1;7,1;7,2;8,1
26.11.2024;10:13:40;0;0;0;0;0;1;7,1;7,2;8,1
26.11.2024;10:13:40;1;0;0;0;0;1;7,1;7,2;8,1
26.11.2024;10:13:41;0;0;0;0;0;1;7,1;7,2;8,1
26.11.2024;10:13:42;1;0;0;0;0;1;7,1;7,2;8,1
26.11.2024;10:13:42;0;0;0;0;0;1;7,1;7,2;8,1
26.11.2024;10:13:43;1;0;0;0;0;1;7,1;7,2;8,1
26.11.2024;10:13:44;0;0;0;0;0;1;7,1;7,2;8,1
26.11.2024;10:13:44;1;0;0;0;0;1;7,1;7,2;8,1
26.11.2024;10:13:45;0;0;0;0;0;1;7,1;7,2;8,1
26.11.2024;10:13:46;1;0;0;0;0;1;7,1;7,2;8,1
26.11.2024;10:13:47;0;0;0;0;0;1;7,1;7,2;8,1
26.11.2024;10:13:47;1;0;0;0;0;1;7,1;7,2;8,1
26.11.2024;10:13:48;0;0;0;0;0;1;7,1;7,2;8,1
26.11.2024;10:13:49;1;0;0;0;0;1;7,1;7,2;8,1
26.11.2024;10:13:49;0;0;0;0;0;1;7,1;7,2;8,1
26.11.2024;10:13:50;1;0;0;0;0;1;7,1;7,2;8,1
26.11.2024;10:13:51;0;0;0;0;0;1;7,1;7,2;8,1
26.11.2024;10:13:51;1;0;0;0;0;1;7,1;7,2;8,1
26.11.2024;10:13:52;0;0;0;0;0;1;7,1;7,2;8,1
26.11.2024;10:13:53;1;0;0;0;0;1;7,1;7,2;8,1
26.11.2024;10:13:53;0;0;0;0;0;1;7,1;7,2;8,1
26.11.2024;10:13:54;1;0;0;0;0;1;7,1;7,2;8,1
26.11.2024;10:13:55;0;0;0;0;0;1;7,1;7,2;8,1
26.11.2024;10:13:56;1;0;0;0;0;1;7,1;7,2;8,1
26.11.2024;10:13:56;0;0;0;0;0;1;7,1;7,2;8,1
26.11.2024;10:13:57;1;0;0;0;0;1;7,1;7,2;8,1
26.11.2024;10:13:58;0;0;0;0;0;1;7,1;7,2;8,1
26.11.2024;10:13:58;1;0;0;0;0;1;7,1;7,2;8,1
26.11.2024;10:13:59;0;0;0;0;0;1;7,1;7,2;8,1
26.11.2024;10:14:00;1;0;0;0;0;1;7,1;7,2;8,1
26.11.2024;10:14:00;0;0;0;0;0;1;7,1;7,2;8,1
26.11.2024;10:14:01;1;0;0;0;0;1;7,1;7,2;8,1
26.11.2024;10:14:02;0;0;0;0;0;1;7,1;7,2;8,1
26.11.2024;10:14:02;1;0;0;0;0;1;7,1;7,2;8,1
26.11.2024;10:14:03;0;0;0;0;0;1;7,1;7,2;8,1
26.11.2024;10:14:04;1;0;0;0;0;1;7,1;7,2;8,1
26.11.2024;10:14:05;0;0;0;0;0;1;7,1;7,2;8,1
26.11.2024;10:14:05;1;0;0;0;0;1;7,1;7,2;8,1
26.11.2024;10:14:06;0;0;0;0;0;1;7,1;7,2;8,1
26.11.2024;10:14:07;1;0;0;0;0;1;7,1;7,2;8,1
26.11.2024;10:14:07;0;0;0;0;0;1;7,1;7,2;8,1
26.11.2024;10:14:08;1;0;0;0;0;1;7,1;7,2;8,1
26.11.2024;10:14:09;0;0;0;0;0;1;7,1;7,2;8,1
26.11.2024;10:14:09;1;0;0;0;0;1;7,1;7,2;8,1
26.11.2024;10:14:10;0;0;0;0;0;1;7,1;7,2;8,1
26.11.2024;10:14:11;1;0;0;0;0;1;7,1;7,2;8,1
26.11.2024;10:14:11;0;0;0;0;0;1;7,1;7,2;8,1
26.11.2024;10:14:12;1;0;0;0;0;1;7,1;7,2;8,1
26.11.2024;10:14:13;0;0;0;0;0;1;7,1;7,2;8,1
26.11.2024;10:14:13;1;0;0;0;0;1;7,1;7,2;8,1
26.11.2024;10:14:14;0;0;0;0;0;1;7,1;7,2;8,1
26.11.2024;10:14:15;1;0;0;0;0;1;7,1;7,2;8,1
26.11.2024;10:14:15;0;0;0;0;0;1;7,1;7,2;8,1
26.11.2024;10:14:16;1;0;0;0;0;1;7,1;7,2;8,1
26.11.2024;10:14:17;0;0;0;0;0;1;7,1;7,2;8,1
26.11.2024;10:14:18;1;0;0;0;0;1;7,1;7,2;8,1
26.11.2024;10:14:18;0;0;0;0;0;1;7,1;7,2;8,1
26.11.2024;10:14:19;1;0;0;0;0;1;7,1;7,2;8,1
26.11.2024;10:14:20;0;0;0;0;0;1;7,1;7,2;8,1
26.11.2024;10:14:21;1;0;0;0;0;1;7,1;7,2;8,1
26.11.2024;10:14:21;0;0;0;0;0;1;7,1;7,2;8,1
26.11.2024;10:14:22;1;0;0;0;0;1;7,1;7,2;8,1
26.11.2024;10:14:23;0;0;0;0;0;1;7,1;7,2;8,1
26.11.2024;10:14:24;1;0;0;0;0;1;7,1;7,2;8,1
26.11.2024;10:14:24;0;0;0;0;0;1;7,1;7,2;8,1
26.11.2024;10:14:25;1;0;0;0;0;1;7,1;7,2;8,1
26.11.2024;10:14:26;0;0;0;0;0;1;7,1;7,2;8,1
26.11.2024;10:14:26;1;0;0;0;0;1;7,1;7,2;8,1
26.11.2024;10:14:27;0;0;0;0;0;1;7,1;7,2;8,1
26.11.2024;10:14:28;1;0;0;0;0;1;7,1;7,2;8,1
26.11.2024;10:14:28;0;0;0;0;0;1;7,1;7,2;8,1
26.11.2024;10:14:29;1;0;0;0;0;1;7,1;7,2;8,1
26.11.2024;10:14:30;0;0;0;0;0;1;7,1;7,2;8,1
26.11.2024;10:14:31;1;0;0;0;0;1;7,1;7,2;8,1
26.11.2024;10:14:31;0;0;0;0;0;1;7,1;7,2;8,1
26.11.2024;10:14:32;1;0;0;0;0;1;7,1;7,2;8,1
26.11.2024;10:14:33;0;0;0;0;0;1;7,1;7,2;8,1
26.11.2024;10:14:33;1;0;0;0;0;1;7,1;7,2;8,1
26.11.2024;10:14:34;0;0;0;0;0;1;7,1;7,2;8,1
26.11.2024;10:14:35;1;0;0;0;0;1;7,1;7,2;8,1
26.11.2024;10:14:35;0;0;0;0;0;1;7,1;7,2;8,1
26.11.2024;10:14:36;1;0;0;0;0;1;7,1;7,2;8,1
26.11.2024;10:14:37;0;0;0;0;0;1;7,1;7,2;8,1
26.11.2024;10:14:38;1;0;0;0;0;1;7,1;7,2;8,1
26.11.2024;10:14:38;0;0;0;0;0;1;7,1;7,2;8,1
26.11.2024;10:14:39;1;0;0;0;0;1;7,1;7,2;8,1
26.11.2024;10:14:40;0;0;0;0;0;1;7,1;7,2;8,1
26.11.2024;10:14:40;1;0;0;0;0;1;7,1;7,2;8,1
26.11.2024;10:14:41;0;0;0;0;0;1;7,1;7,2;8,1
26.11.2024;10:14:42;1;0;0;0;0;1;7,1;7,2;8,1
26.11.2024;10:14:42;0;0;0;0;0;1;7,1;7,2;8,1
26.11.2024;10:14:43;1;0;0;0;0;1;7,1;7,2;8,1
26.11.2024;10:14:44;0;0;0;0;0;1;7,1;7,2;8,1
26.11.2024;10:14:44;1;0;0;0;0;1;7,1;7,2;8,1
26.11.2024;10:14:45;0;0;0;0;0;1;7,1;7,2;8,1
26.11.2024;10:14:46;1;0;0;0;0;1;7,1;7,2;8,1
26.11.2024;10:14:47;0;0;0;0;0;1;7,1;7,2;8,1
26.11.2024;10:14:47;1;0;0;0;0;1;7,1;7,2;8,1
26.11.2024;10:14:48;0;0;0;0;0;1;7,1;7,2;8,1
26.11.2024;10:14:49;1;0;0;0;0;1;7,1;7,2;8,1
26.11.2024;10:14:49;0;0;0;0;0;1;7,1;7,2;8,1
26.11.2024;10:14:50;1;0;0;0;0;1;7,1;7,2;8,1
26.11.2024;10:14:50;0;0;0;0;0;1;7,1;7,2;8,1
26.11.2024;10:14:51;1;0;0;0;0;1;7,1;7,2;8,1
26.11.2024;10:14:52;0;0;0;0;0;1;7,1;7,2;8,1
26.11.2024;10:14:53;1;0;0;0;0;1;7,1;7,2;8,1
26.11.2024;10:14:53;0;0;0;0;0;1;7,1;7,2;8,1
26.11.2024;10:14:54;1;0;0;0;0;1;7,1;7,2;8,1
26.11.2024;10:14:55;0;0;0;0;0;1;7,1;7,2;8,1
26.11.2024;10:14:55;1;0;0;0;0;1;7,1;7,2;8,1
26.11.2024;10:14:56;0;0;0;0;0;1;7,1;7,2;8,1
26.11.2024;10:14:57;1;0;0;0;0;1;7,1;7,2;8,1
26.11.2024;10:14:57;0;0;0;0;0;1;7,1;7,2;8,1
26.11.2024;10:14:58;1;0;0;0;0;1;7,1;7,2;8,1
26.11.2024;10:14:59;0;0;0;0;0;1;7,1;7,2;8,1
26.11.2024;10:14:59;1;0;0;0;0;1;7,1;7,2;8,1
26.11.2024;10:15:00;0;0;0;0;0;1;7,1;7,2;8,1
26.11.2024;10:15:01;1;0;0;0;0;1;7,1;7,2;8,1
26.11.2024;10:15:01;0;0;0;0;0;1;7,1;7,2;8,1
26.11.2024;10:15:02;1;0;0;0;0;1;7,1;7,2;8
26.11.2024;10:15:03;0;0;0;0;0;1;7,1;7,2;8
26.11.2024;10:15:04;1;0;0;0;0;1;7,1;7,2;8,1
26.11.2024;10:15:04;0;0;0;0;0;1;7,1;7,2;8,1
26.11.2024;10:15:05;1;0;0;0;0;1;7,1;7,2;8,1
26.11.2024;10:15:06;0;0;0;0;0;1;7,1;7,2;8,1
26.11.2024;10:15:06;1;0;0;0;0;1;7,1;7,2;8,1
26.11.2024;10:15:07;0;0;0;0;0;1;7,1;7,2;8,1
26.11.2024;10:15:08;1;0;0;0;0;1;7,1;7,2;8
26.11.2024;10:15:08;0;0;0;0;0;1;7,1;7,2;8
26.11.2024;10:15:09;1;0;0;0;0;1;7,1;7,2;8
26.11.2024;10:15:10;0;0;0;0;0;1;7,1;7,2;8
26.11.2024;10:15:10;1;0;0;0;0;1;7,1;7,2;8
26.11.2024;10:15:11;0;0;0;0;0;1;7,1;7,2;8,1
26.11.2024;10:15:12;1;0;0;0;0;1;7,1;7,2;8,1
26.11.2024;10:15:12;0;0;0;0;0;1;7,1;7,2;8,1
26.11.2024;10:15:13;1;0;0;0;0;1;7,1;7,2;8
26.11.2024;10:15:14;0;0;0;0;0;1;7,1;7,2;8
26.11.2024;10:15:15;1;0;0;0;0;1;7,1;7,2;8
26.11.2024;10:15:15;0;0;0;0;0;1;7,1;7,2;8
26.11.2024;10:15:16;1;0;0;0;0;1;7,1;7,2;8
26.11.2024;10:15:16;0;0;0;0;0;1;7,1;7,2;8
26.11.2024;10:15:17;1;0;0;0;0;1;7,1;7,2;8
26.11.2024;10:15:18;0;0;0;0;0;1;7,1;7,2;8
26.11.2024;10:15:19;1;0;0;0;0;1;7,1;7,2;8
26.11.2024;10:15:19;0;0;0;0;0;1;7,1;7,2;8
26.11.2024;10:15:20;1;0;0;0;0;1;7,1;7,2;8,1
26.11.2024;10:15:21;0;0;0;0;0;1;7,1;7,2;8,1
26.11.2024;10:15:21;1;0;0;0;0;1;7,1;7,2;8
26.11.2024;10:15:22;0;0;0;0;0;1;7,1;7,2;8
26.11.2024;10:15:23;1;0;0;0;0;1;7,1;7,2;8
26.11.2024;10:15:23;0;0;0;0;0;1;7,1;7,2;8
26.11.2024;10:15:24;1;0;0;0;0;1;7,1;7,2;8
26.11.2024;10:15:25;0;0;0;0;0;1;7,1;7,2;8
26.11.2024;10:15:25;1;0;0;0;0;1;7,1;7,2;8
26.11.2024;10:15:26;0;0;0;0;0;1;7,1;7,2;8
26.11.2024;10:15:27;1;0;0;0;0;1;7,1;7,2;8
26.11.2024;10:15:27;0;0;0;0;0;1;7,1;7,2;8
26.11.2024;10:15:28;1;0;0;0;0;1;7,1;7,3;8
26.11.2024;10:15:29;0;0;0;0;0;1;7,1;7,3;8
26.11.2024;10:15:30;1;0;0;0;0;1;7,1;7,3;8
26.11.2024;10:15:30;0;0;0;0;0;1;7,1;7,3;8
26.11.2024;10:15:31;1;0;0;0;0;1;7,1;7,2;8
26.11.2024;10:15:32;0;0;0;0;0;1;7,1;7,2;8
26.11.2024;10:15:32;1;0;0;0;0;1;7,1;7,2;8
26.11.2024;10:15:33;0;0;0;0;0;1;7,1;7,2;8
26.11.2024;10:15:34;1;0;0;0;0;1;7,1;7,2;8
26.11.2024;10:15:34;0;0;0;0;0;1;7,1;7,2;8
26.11.2024;10:15:35;1;0;0;0;0;1;7,1;7,2;8
26.11.2024;10:15:36;0;0;0;0;0;1;7,1;7,2;8
26.11.2024;10:15:36;1;0;0;0;0;1;7,1;7,2;8
26.11.2024;10:15:37;0;0;0;0;0;1;7,1;7,2;8
26.11.2024;10:15:38;1;0;0;0;0;1;7,1;7,2;8
26.11.2024;10:15:38;0;0;0;0;0;1;7,1;7,2;8
26.11.2024;10:15:39;1;0;0;0;0;1;7,1;7,2;8
26.11.2024;10:15:40;0;0;0;0;0;1;7,1;7,2;8
26.11.2024;10:15:41;1;0;0;0;0;1;7,1;7,2;8
26.11.2024;10:15:41;0;0;0;0;0;1;7,1;7,2;8
26.11.2024;10:15:42;1;0;0;0;0;1;7,1;7,2;8
26.11.2024;10:15:43;0;0;0;0;0;1;7,1;7,2;8
26.11.2024;10:15:43;1;0;0;0;0;1;7,1;7,2;8
26.11.2024;10:15:44;0;0;0;0;0;1;7,1;7,2;8
26.11.2024;10:15:45;1;0;0;0;0;1;7,1;7,2;8
26.11.2024;10:15:45;0;0;0;0;0;1;7,1;7,2;8
26.11.2024;10:15:46;1;0;0;0;0;1;7,1;7,2;8
26.11.2024;10:15:47;0;0;0;0;0;1;7,1;7,2;8
26.11.2024;10:15:47;1;0;0;0;0;1;7,1;7,2;8
26.11.2024;10:15:48;0;0;0;0;0;1;7,1;7,2;8
26.11.2024;10:15:49;1;0;0;0;0;1;7,1;7,2;8
26.11.2024;10:15:49;0;0;0;0;0;1;7,1;7,2;8
26.11.2024;10:15:50;1;0;0;0;0;1;7,1;7,2;8
26.11.2024;10:15:51;0;0;0;0;0;1;7,1;7,2;8
26.11.2024;10:15:51;1;0;0;0;0;1;7,1;7,2;8
26.11.2024;10:15:52;0;0;0;0;0;1;7,1;7,2;8
26.11.2024;10:15:53;1;0;0;0;0;1;7,1;7,2;8
26.11.2024;10:15:53;0;0;0;0;0;1;7,1;7,2;8
26.11.2024;10:15:54;1;0;0;0;0;1;7,1;7,2;8
26.11.2024;10:15:55;0;0;0;0;0;1;7,1;7,2;8
26.11.2024;10:15:55;1;0;0;0;0;1;7,1;7,2;8
26.11.2024;10:15:56;0;0;0;0;0;1;7,1;7,2;8
26.11.2024;10:15:57;1;0;0;0;0;1;7,1;7,2;8
26.11.2024;10:15:58;0;0;0;0;0;1;7,1;7,2;8
26.11.2024;10:15:58;1;0;0;0;0;1;7,1;7,2;8
26.11.2024;10:15:59;0;0;0;0;0;1;7,1;7,2;8
26.11.2024;10:16:00;1;0;0;0;0;1;7,1;7,2;8,2
26.11.2024;10:16:00;0;0;0;0;0;1;7,1;7,2;8,2
26.11.2024;10:16:01;1;0;0;0;0;1;7,1;7,2;8
26.11.2024;10:16:02;0;0;0;0;0;1;7,1;7,2;8
26.11.2024;10:16:02;1;0;0;0;0;1;7,1;7,2;8
26.11.2024;10:16:03;0;0;0;0;0;1;7,1;7,2;8
26.11.2024;10:16:04;1;0;0;0;0;1;7,1;7,2;8
26.11.2024;10:16:04;0;0;0;0;0;1;7,1;7,2;8
26.11.2024;10:16:05;1;0;0;0;0;1;7,1;7,2;8
26.11.2024;10:16:06;0;0;0;0;0;1;7,1;7,2;8
26.11.2024;10:16:07;1;0;0;0;0;1;7,1;7,2;8
26.11.2024;10:16:07;0;0;0;0;0;1;7,1;7,2;8
26.11.2024;10:16:08;1;0;0;0;0;1;7,1;7,2;8
26.11.2024;10:16:08;0;0;0;0;0;1;7,1;7,2;8
26.11.2024;10:16:09;1;0;0;0;0;1;7,1;7,2;8
26.11.2024;10:16:10;0;0;0;0;0;1;7,1;7,2;8
26.11.2024;10:16:10;1;0;0;0;0;1;7,1;7,2;8
26.11.2024;10:16:11;0;0;0;0;0;1;7,1;7,2;8
26.11.2024;10:16:12;1;0;0;0;0;1;7,1;7,2;8
26.11.2024;10:16:13;0;0;0;0;0;1;7,1;7,2;8
26.11.2024;10:16:13;1;0;0;0;0;1;7,1;7,2;8
26.11.2024;10:16:14;0;0;0;0;0;1;7,1;7,2;8
26.11.2024;10:16:15;1;0;0;0;0;1;7,1;7,2;8
26.11.2024;10:16:15;0;0;0;0;0;1;7,1;7,2;8
26.11.2024;10:16:16;1;0;0;0;0;1;7,1;7,2;8
26.11.2024;10:16:17;0;0;0;0;0;1;7,1;7,2;8
26.11.2024;10:16:17;1;0;0;0;0;1;7,1;7,2;8
26.11.2024;10:16:18;0;0;0;0;0;1;7,1;7,2;8
26.11.2024;10:16:19;1;0;0;0;0;1;7,1;7,2;8
26.11.2024;10:16:19;0;0;0;0;0;1;7,1;7,2;8
26.11.2024;10:16:20;1;0;0;0;0;1;7,1;7,2;8
26.11.2024;10:16:21;0;0;0;0;0;1;7,1;7,2;8
26.11.2024;10:16:22;1;0;0;0;0;1;7,1;7,2;8
26.11.2024;10:16:22;0;0;0;0;0;1;7,1;7,2;8
26.11.2024;10:16:23;1;0;0;0;0;1;7,1;7,2;8
26.11.2024;10:16:23;0;0;0;0;0;1;7,1;7,2;8
26.11.2024;10:16:24;1;0;0;0;0;1;7,1;7,2;8
26.11.2024;10:16:25;0;0;0;0;0;1;7,1;7,2;8
26.11.2024;10:16:26;1;0;0;0;0;1;7,1;7,2;8
26.11.2024;10:16:26;0;0;0;0;0;1;7,1;7,2;8
26.11.2024;10:16:27;1;0;0;0;0;1;7,1;7,2;8
26.11.2024;10:16:28;0;0;0;0;0;1;7,1;7,2;8
26.11.2024;10:16:28;1;0;0;0;0;1;7,1;7,2;8
26.11.2024;10:16:29;0;0;0;0;0;1;7,1;7,2;8
26.11.2024;10:16:30;1;0;0;0;0;1;7,1;7,2;8
26.11.2024;10:16:30;0;0;0;0;0;1;7,1;7,2;8
26.11.2024;10:16:31;1;0;0;0;0;1;7,1;7,2;8
26.11.2024;10:16:32;0;0;0;0;0;1;7,1;7,2;8
26.11.2024;10:16:32;1;0;0;0;0;1;7,1;7,2;8
26.11.2024;10:16:33;0;0;0;0;0;1;7,1;7,2;8
26.11.2024;10:16:34;1;0;0;0;0;1;7,1;7,2;8
26.11.2024;10:16:34;0;0;0;0;0;1;7,1;7,2;8,1
26.11.2024;10:16:35;1;0;0;0;0;1;7,1;7,2;8,1
26.11.2024;10:16:36;0;0;0;0;0;1;7,1;7,2;8
26.11.2024;10:16:37;1;0;0;0;0;1;7,1;7,2;8
26.11.2024;10:16:37;0;0;0;0;0;1;7,1;7,2;8
26.11.2024;10:16:38;1;0;0;0;0;1;7,1;7,2;8
26.11.2024;10:16:39;0;0;0;0;0;1;7,1;7,2;8
26.11.2024;10:16:39;1;0;0;0;0;1;7,1;7,2;8
26.11.2024;10:16:40;0;0;0;0;0;1;7,1;7,2;8
26.11.2024;10:16:41;1;0;0;0;0;1;7,1;7,2;8
26.11.2024;10:16:41;0;0;0;0;0;1;7,1;7,2;8
26.11.2024;10:16:42;1;0;0;0;0;1;7,1;7,2;8
26.11.2024;10:16:43;0;0;0;0;0;1;7,1;7,2;8
26.11.2024;10:16:43;1;0;0;0;0;1;7,1;7,2;8
26.11.2024;10:16:44;0;0;0;0;0;1;7,1;7,2;8
26.11.2024;10:16:45;1;0;0;0;0;1;7,1;7,2;8
26.11.2024;10:16:45;0;0;0;0;0;1;7,1;7,2;8
26.11.2024;10:16:46;1;0;0;0;0;1;7,1;7,2;8
26.11.2024;10:16:47;0;0;0;0;0;1;7,1;7,2;8
26.11.2024;10:16:48;1;0;0;0;0;1;7,1;7,2;8
26.11.2024;10:16:48;0;0;0;0;0;1;7,1;7,2;8
26.11.2024;10:16:49;1;0;0;0;0;1;7,1;7,2;8
26.11.2024;10:16:50;0;0;0;0;0;1;7,1;7,2;8
26.11.2024;10:16:50;1;0;0;0;0;1;7,1;7,2;8
26.11.2024;10:16:51;0;0;0;0;0;1;7,1;7,2;8
26.11.2024;10:16:52;1;0;0;0;0;1;7,1;7,2;8
26.11.2024;10:16:52;0;0;0;0;0;1;7,1;7,2;8
26.11.2024;10:16:53;1;0;0;0;0;1;7,1;7,2;8
26.11.2024;10:16:54;0;0;0;0;0;1;7,1;7,2;8
26.11.2024;10:16:54;1;0;0;0;0;1;7,1;7,2;8
26.11.2024;10:16:55;0;0;0;0;0;1;7,1;7,2;8
26.11.2024;10:16:56;1;0;0;0;0;1;7,1;7,2;8
26.11.2024;10:16:56;0;0;0;0;0;1;7,1;7,2;8
26.11.2024;10:16:57;1;0;0;0;0;1;7,1;7,2;8
26.11.2024;10:16:58;0;0;0;0;0;1;7,1;7,2;8
26.11.2024;10:16:59;1;0;0;0;0;1;7,1;7,2;8
26.11.2024;10:16:59;0;0;0;0;0;1;7,1;7,2;8
26.11.2024;10:17:00;1;0;0;0;0;1;7,1;7,2;8
26.11.2024;10:17:01;0;0;0;0;0;1;7,1;7,2;8
26.11.2024;10:17:01;1;0;0;0;0;1;7,1;7,2;8
26.11.2024;10:17:02;0;0;0;0;0;1;7,1;7,2;8
26.11.2024;10:17:03;1;0;0;0;0;1;7,1;7,2;8
26.11.2024;10:17:03;0;0;0;0;0;1;7,1;7,2;8
26.11.2024;10:17:04;1;0;0;0;0;1;7,1;7,2;8
26.11.2024;10:17:05;0;0;0;0;0;1;7,1;7,2;8
26.11.2024;10:17:05;1;0;0;0;0;1;7,1;7,2;8
26.11.2024;10:17:06;0;0;0;0;0;1;7,1;7,2;8
26.11.2024;10:17:07;1;0;0;0;0;1;7,1;7,2;8
26.11.2024;10:17:07;0;0;0;0;0;1;7,1;7,2;8
26.11.2024;10:17:08;1;0;0;0;0;1;7,1;7,2;8
26.11.2024;10:17:09;0;0;0;0;0;1;7,1;7,2;8
26.11.2024;10:17:10;1;0;0;0;0;1;7,1;7,2;8
26.11.2024;10:17:10;0;0;0;0;0;1;7,1;7,2;8
26.11.2024;10:17:11;1;0;0;0;0;1;7,1;7,2;8
26.11.2024;10:17:12;0;0;0;0;0;1;7,1;7,2;8
26.11.2024;10:17:12;1;0;0;0;0;1;7,1;7,2;8
26.11.2024;10:17:13;0;0;0;0;0;1;7,1;7,2;8
26.11.2024;10:17:14;1;0;0;0;0;1;7,1;7,2;8
26.11.2024;10:17:14;0;0;0;0;0;1;7,1;7,2;8
26.11.2024;10:17:15;1;0;0;0;0;1;7,1;7,2;8
26.11.2024;10:17:16;0;0;0;0;0;1;7,1;7,2;8
26.11.2024;10:17:16;1;0;0;0;0;1;7,1;7,2;8
26.11.2024;10:17:17;0;0;0;0;0;1;7,1;7,2;8
26.11.2024;10:17:18;1;0;0;0;0;1;7,1;7,2;8
26.11.2024;10:17:18;0;0;0;0;0;1;7,1;7,2;8
26.11.2024;10:17:19;1;0;0;0;0;1;7,1;7,2;8
26.11.2024;10:17:20;0;0;0;0;0;1;7,1;7,2;8
26.11.2024;10:17:20;1;0;0;0;0;1;7,1;7,2;8
26.11.2024;10:17:21;0;0;0;0;0;1;7,1;7,2;8
26.11.2024;10:17:22;1;0;0;0;0;1;7,1;7,2;8
26.11.2024;10:17:22;0;0;0;0;0;1;7,1;7,2;8
26.11.2024;10:17:23;1;0;0;0;0;1;7,1;7,2;8
26.11.2024;10:17:24;0;0;0;0;0;1;7,1;7,2;8
26.11.2024;10:17:24;1;0;0;0;0;1;7,1;7,2;8
26.11.2024;10:17:25;0;0;0;0;0;1;7,1;7,2;8
26.11.2024;10:17:26;1;0;0;0;0;1;7,1;7,2;8
26.11.2024;10:17:27;0;0;0;0;0;1;7,1;7,2;8
26.11.2024;10:17:27;1;0;0;0;0;1;7,1;7,2;8
26.11.2024;10:17:28;0;0;0;0;0;1;7,1;7,2;8
26.11.2024;10:17:29;1;0;0;0;0;1;7,1;7,2;8
26.11.2024;10:17:29;0;0;0;0;0;1;7,1;7,2;8
26.11.2024;10:17:30;1;0;0;0;0;1;7,1;7,2;8
26.11.2024;10:17:31;0;0;0;0;0;1;7,1;7,2;8
26.11.2024;10:17:31;1;0;0;0;0;1;7,1;7,2;8
26.11.2024;10:17:32;0;0;0;0;0;1;7,1;7,2;8
26.11.2024;10:17:33;1;0;0;0;0;1;7,1;7,2;8
26.11.2024;10:17:33;0;0;0;0;0;1;7,1;7,2;8
26.11.2024;10:17:34;1;0;0;0;0;1;7,1;7,2;8
26.11.2024;10:17:35;0;0;0;0;0;1;7,1;7,2;8
26.11.2024;10:17:36;1;0;0;0;0;1;7,1;7,2;8
26.11.2024;10:17:36;0;0;0;0;0;1;7,1;7,2;8
26.11.2024;10:17:37;1;0;0;0;0;1;7,1;7,2;8
26.11.2024;10:17:38;0;0;0;0;0;1;7,1;7,2;8
26.11.2024;10:17:38;1;0;0;0;0;1;7,1;7,2;8
26.11.2024;10:17:39;0;0;0;0;0;1;7,1;7,2;8
26.11.2024;10:17:40;1;0;0;0;0;1;7,1;7,2;8
26.11.2024;10:17:40;0;0;0;0;0;1;7,1;7,2;8
26.11.2024;10:17:41;1;0;0;0;0;1;7,1;7,2;8
26.11.2024;10:17:42;0;0;0;0;0;1;7,1;7,2;8
26.11.2024;10:17:43;1;0;0;0;0;1;7,1;7,2;8
26.11.2024;10:17:43;0;0;0;0;0;1;7,1;7,2;8
26.11.2024;10:17:44;1;0;0;0;0;1;7,1;7,2;8
26.11.2024;10:17:45;0;0;0;0;0;1;7,1;7,2;8
26.11.2024;10:17:46;1;0;0;0;0;1;7,1;7,2;8
26.11.2024;10:17:46;0;0;0;0;0;1;7,1;7,2;8
26.11.2024;10:17:47;1;0;0;0;0;1;7,1;7,2;8
26.11.2024;10:17:48;0;0;0;0;0;1;7,1;7,2;8
26.11.2024;10:17:48;1;0;0;0;0;1;7,1;7,2;8
26.11.2024;10:17:49;0;0;0;0;0;1;7,1;7,2;8
26.11.2024;10:17:50;1;0;0;0;0;1;7,1;7,2;8
26.11.2024;10:17:50;0;0;0;0;0;1;7,1;7,2;8
26.11.2024;10:17:51;1;0;0;0;0;1;7,1;7,2;8
26.11.2024;10:17:52;0;0;0;0;0;1;7,1;7,2;8
26.11.2024;10:17:52;1;0;0;0;0;1;7,1;7,2;8
26.11.2024;10:17:53;0;0;0;0;0;1;7,1;7,2;8
26.11.2024;10:17:54;1;0;0;0;0;1;7,1;7,2;8
26.11.2024;10:17:55;0;0;0;0;0;1;7,1;7,2;8
26.11.2024;10:17:55;1;0;0;0;0;1;7,1;7,2;8
26.11.2024;10:17:56;0;0;0;0;0;1;7,1;7,2;8
26.11.2024;10:17:57;1;0;0;0;0;1;7,1;7,2;8
26.11.2024;10:17:57;0;0;0;0;0;1;7,1;7,2;8
26.11.2024;10:17:58;1;0;0;0;0;1;7,1;7,2;8
26.11.2024;10:17:59;0;0;0;0;0;1;7,1;7,2;8
26.11.2024;10:17:59;1;0;0;0;0;1;7,1;7,2;8
26.11.2024;10:18:00;0;0;0;0;0;1;7,1;7,2;8
26.11.2024;10:18:01;1;0;0;0;0;1;7,1;7,2;8
26.11.2024;10:18:01;0;0;0;0;0;1;7,1;7,2;8
26.11.2024;10:18:02;1;0;0;0;0;1;7,1;7,2;8
26.11.2024;10:18:03;0;0;0;0;0;1;7,1;7,2;8
26.11.2024;10:18:04;1;0;0;0;0;1;7,1;7,2;8
26.11.2024;10:18:04;0;0;0;0;0;1;7,1;7,2;8
26.11.2024;10:18:05;1;0;0;0;0;1;7,1;7,2;8
26.11.2024;10:18:06;0;0;0;0;0;1;7,1;7,2;7,9
26.11.2024;10:18:06;1;0;0;0;0;1;7,1;7,2;7,9
26.11.2024;10:18:07;0;0;0;0;0;1;7,1;7,2;8
26.11.2024;10:18:08;1;0;0;0;0;1;7,1;7,2;8
26.11.2024;10:18:08;0;0;0;0;0;1;7,1;7,2;8
26.11.2024;10:18:09;1;0;0;0;0;1;7,1;7,2;8
26.11.2024;10:18:10;0;0;0;0;0;1;7,1;7,2;8
26.11.2024;10:18:10;1;0;0;0;0;1;7,1;7,2;8
26.11.2024;10:18:11;0;0;0;0;0;1;7,1;7,2;8
26.11.2024;10:18:12;1;0;0;0;0;1;7,1;7,2;8
26.11.2024;10:18:13;0;0;0;0;0;1;7,1;7,2;8
26.11.2024;10:18:13;1;0;0;0;0;1;7,1;7,2;7,9
26.11.2024;10:18:14;0;0;0;0;0;1;7,1;7,2;7,9
26.11.2024;10:18:15;1;0;0;0;0;1;7,1;7,2;7,9
26.11.2024;10:18:15;0;0;0;0;0;1;7,1;7,2;8
26.11.2024;10:18:16;1;0;0;0;0;1;7,1;7,2;8
26.11.2024;10:18:17;0;0;0;0;0;1;7,1;7,2;8
26.11.2024;10:18:17;1;0;0;0;0;1;7,1;7,2;8
26.11.2024;10:18:18;0;0;0;0;0;1;7,1;7,2;8
26.11.2024;10:18:19;1;0;0;0;0;1;7,1;7,2;8
26.11.2024;10:18:19;0;0;0;0;0;1;7,1;7,2;8
26.11.2024;10:18:20;1;0;0;0;0;1;7,1;7,2;8
26.11.2024;10:18:21;0;0;0;0;0;1;7,1;7,2;8
26.11.2024;10:18:22;1;0;0;0;0;1;7,1;7,2;8
26.11.2024;10:18:22;0;0;0;0;0;1;7,1;7,2;7,9
26.11.2024;10:18:23;1;0;0;0;0;1;7,1;7,2;7,9
26.11.2024;10:18:24;0;0;0;0;0;1;7,1;7,2;7,9
26.11.2024;10:18:24;1;0;0;0;0;1;7,1;7,2;7,9
26.11.2024;10:18:25;0;0;0;0;0;1;7,1;7,2;8
26.11.2024;10:18:26;1;0;0;0;0;1;7,1;7,2;7,9
26.11.2024;10:18:26;0;0;0;0;0;1;7,1;7,2;7,9
26.11.2024;10:18:27;1;0;0;0;0;1;7,1;7,2;8
26.11.2024;10:18:28;0;0;0;0;0;1;7,1;7,2;7,9
26.11.2024;10:18:28;1;0;0;0;0;1;7,1;7,2;7,9
26.11.2024;10:18:29;0;0;0;0;0;1;7,1;7,2;7,9
26.11.2024;10:18:30;1;0;0;0;0;1;7,1;7,2;7,9
26.11.2024;10:18:30;0;0;0;0;0;1;7,1;7,2;7,9
26.11.2024;10:18:31;1;0;0;0;0;1;7,1;7,2;7,9
26.11.2024;10:18:32;0;0;0;0;0;1;7,1;7,2;7,9
26.11.2024;10:18:32;1;0;0;0;0;1;7,1;7,2;7,9
26.11.2024;10:18:33;0;0;0;0;0;1;7,1;7,2;7,9
26.11.2024;10:18:34;1;0;0;0;0;1;7,1;7,2;7,9
26.11.2024;10:18:34;0;0;0;0;0;1;7,1;7,2;7,9
26.11.2024;10:18:35;1;0;0;0;0;1;7,1;7,2;7,9
26.11.2024;10:18:36;0;0;0;0;0;1;7,1;7,2;7,9
26.11.2024;10:18:37;1;0;0;0;0;1;7,1;7,2;7,9
26.11.2024;10:18:37;0;0;0;0;0;1;7,1;7,2;7,9
26.11.2024;10:18:38;1;0;0;0;0;1;7,1;7,2;7,9
26.11.2024;10:18:39;0;0;0;0;0;1;7,1;7,2;7,9
26.11.2024;10:18:39;1;0;0;0;0;1;7,1;7,2;7,9
26.11.2024;10:18:40;0;0;0;0;0;1;7,1;7,2;7,9
26.11.2024;10:18:41;1;0;0;0;0;1;7,1;7,2;7,9
26.11.2024;10:18:41;0;0;0;0;0;1;7,1;7,2;7,9
26.11.2024;10:18:42;1;0;0;0;0;1;7,1;7,2;7,9
26.11.2024;10:18:43;0;0;0;0;0;1;7,1;7,2;7,9
26.11.2024;10:18:43;1;0;0;0;0;1;7,1;7,2;7,9
26.11.2024;10:18:44;0;0;0;0;0;1;7,1;7,2;7,9
26.11.2024;10:18:45;1;0;0;0;0;1;7,1;7,2;7,9
26.11.2024;10:18:45;0;0;0;0;0;1;7,1;7,2;7,9
26.11.2024;10:18:46;1;0;0;0;0;1;7,1;7,2;7,9
26.11.2024;10:18:47;0;0;0;0;0;1;7,1;7,2;7,9
26.11.2024;10:18:47;1;0;0;0;0;1;7,1;7,2;7,9
26.11.2024;10:18:48;0;0;0;0;0;1;7,1;7,2;7,9
26.11.2024;10:18:49;1;0;0;0;0;1;7,1;7,2;7,9
26.11.2024;10:18:49;0;0;0;0;0;1;7,1;7,2;7,9
26.11.2024;10:18:50;1;0;0;0;0;1;7,1;7,2;7,9
26.11.2024;10:18:51;0;0;0;0;0;1;7,1;7,2;7,9
26.11.2024;10:18:51;1;0;0;0;0;1;7,1;7,2;7,9
26.11.2024;10:18:52;0;0;0;0;0;1;7,1;7,2;7,9
26.11.2024;10:18:53;1;0;0;0;0;1;7,1;7,2;7,9
26.11.2024;10:18:54;0;0;0;0;0;1;7,1;7,2;7,9
26.11.2024;10:18:54;1;0;0;0;0;1;7,1;7,2;7,9
26.11.2024;10:18:55;0;0;0;0;0;1;7,1;7,2;7,9
26.11.2024;10:18:56;1;0;0;0;0;1;7,1;7,2;7,9
26.11.2024;10:18:56;0;0;0;0;0;1;7,1;7,2;7,9
26.11.2024;10:18:57;1;0;0;0;0;1;7,1;7,2;7,9
26.11.2024;10:18:58;0;0;0;0;0;1;7,1;7,2;7,9
26.11.2024;10:18:58;1;0;0;0;0;1;7,1;7,2;7,9
26.11.2024;10:18:59;0;0;0;0;0;1;7,1;7,2;7,9
26.11.2024;10:19:00;1;0;0;0;0;1;7,1;7,2;7,9
26.11.2024;10:19:00;0;0;0;0;0;1;7,1;7,2;7,9
26.11.2024;10:19:01;1;0;0;0;0;1;7,1;7,2;7,9
26.11.2024;10:19:02;0;0;0;0;0;1;7,1;7,2;7,9
26.11.2024;10:19:03;1;0;0;0;0;1;7,1;7,2;7,9
26.11.2024;10:19:03;0;0;0;0;0;1;7,1;7,2;7,9
26.11.2024;10:19:04;1;0;0;0;0;1;7,1;7,2;7,9
26.11.2024;10:19:05;0;0;0;0;0;1;7,1;7,2;7,9
26.11.2024;10:19:05;1;0;0;0;0;1;7,1;7,2;7,9
26.11.2024;10:19:06;0;0;0;0;0;1;7,1;7,2;7,9
26.11.2024;10:19:07;1;0;0;0;0;1;7,1;7,2;7,9
26.11.2024;10:19:07;0;0;0;0;0;1;7,1;7,2;7,9
26.11.2024;10:19:08;1;0;0;0;0;1;7,1;7,2;7,9
26.11.2024;10:19:09;0;0;0;0;0;1;7,1;7,2;7,9
26.11.2024;10:19:09;1;0;0;0;0;1;7,1;7,2;7,9
26.11.2024;10:19:10;0;0;0;0;0;1;7,1;7,2;7,9
26.11.2024;10:19:11;1;0;0;0;0;1;7,1;7,2;7,9
26.11.2024;10:19:12;0;0;0;0;0;1;7,1;7,2;7,9
26.11.2024;10:19:12;1;0;0;0;0;1;7,1;7,2;7,9
26.11.2024;10:19:13;0;0;0;0;0;1;7,1;7,2;7,9
26.11.2024;10:19:14;1;0;0;0;0;1;7,1;7,2;7,9
26.11.2024;10:19:14;0;0;0;0;0;1;7,1;7,2;7,9
26.11.2024;10:19:15;1;0;0;0;0;1;7,1;7,2;7,9
26.11.2024;10:19:16;0;0;0;0;0;1;7,1;7,2;7,9
26.11.2024;10:19:16;1;0;0;0;0;1;7,1;7,2;7,9
26.11.2024;10:19:17;0;0;0;0;0;1;7,1;7,2;7,9
26.11.2024;10:19:18;1;0;0;0;0;1;7,1;7,2;7,9
26.11.2024;10:19:18;0;0;0;0;0;1;7,1;7,2;7,9
26.11.2024;10:19:19;1;0;0;0;0;1;7,1;7,2;7,9
26.11.2024;10:19:20;0;0;0;0;0;1;7,1;7,2;7,9
26.11.2024;10:19:21;1;0;0;0;0;1;7,1;7,2;7,9
26.11.2024;10:19:21;0;0;0;0;0;1;7,1;7,2;7,9
26.11.2024;10:19:22;1;0;0;0;0;1;7,1;7,2;7,9
26.11.2024;10:19:23;0;0;0;0;0;1;7,1;7,2;7,9
26.11.2024;10:19:23;1;0;0;0;0;1;7,1;7,2;7,9
26.11.2024;10:19:24;0;0;0;0;0;1;7,1;7,2;7,9
26.11.2024;10:19:25;1;0;0;0;0;1;7,1;7,2;7,9
26.11.2024;10:19:25;0;0;0;0;0;1;7,1;7,2;7,9
26.11.2024;10:19:26;1;0;0;0;0;1;7,1;7,2;7,9
26.11.2024;10:19:27;0;0;0;0;0;1;7,1;7,2;7,9
26.11.2024;10:19:28;1;0;0;0;0;1;7,1;7,2;7,9
26.11.2024;10:19:28;0;0;0;0;0;1;7,1;7,2;7,9
26.11.2024;10:19:29;1;0;0;0;0;1;7,1;7,2;7,9
26.11.2024;10:19:30;0;0;0;0;0;1;7,1;7,2;7,9
26.11.2024;10:19:30;1;0;0;0;0;1;7,1;7,2;7,9
26.11.2024;10:19:31;0;0;0;0;0;1;7,1;7,2;7,9
26.11.2024;10:19:32;1;0;0;0;0;1;7,1;7,2;7,9
26.11.2024;10:19:32;0;0;0;0;0;1;7,1;7,2;7,9
26.11.2024;10:19:33;1;0;0;0;0;1;7,1;7,2;7,9
26.11.2024;10:19:34;0;0;0;0;0;1;7,1;7,2;7,9
26.11.2024;10:19:34;1;0;0;0;0;1;7,1;7,2;7,9
26.11.2024;10:19:35;0;0;0;0;0;1;7,1;7,2;7,9
26.11.2024;10:19:36;1;0;0;0;0;1;7,1;7,2;7,9
26.11.2024;10:19:37;0;0;0;0;0;1;7,1;7,2;7,9
26.11.2024;10:19:37;1;0;0;0;0;1;7,1;7,2;7,9
26.11.2024;10:19:38;0;0;0;0;0;1;7,1;7,2;7,9
26.11.2024;10:19:39;1;0;0;0;0;1;7,1;7,2;7,9
26.11.2024;10:19:39;0;0;0;0;0;1;7,1;7,2;7,9
26.11.2024;10:19:40;1;0;0;0;0;1;7,1;7,2;7,9
26.11.2024;10:19:41;0;0;0;0;0;1;7,1;7,2;7,9
26.11.2024;10:19:41;1;0;0;0;0;1;7,1;7,2;7,9
26.11.2024;10:19:42;0;0;0;0;0;1;7,1;7,2;7,9
26.11.2024;10:19:43;1;0;0;0;0;1;7,1;7,2;7,9
26.11.2024;10:19:43;0;0;0;0;0;1;7,1;7,2;7,9
26.11.2024;10:19:44;1;0;0;0;0;1;7,1;7,2;7,9
26.11.2024;10:19:45;0;0;0;0;0;1;7,1;7,2;7,9
26.11.2024;10:19:45;1;0;0;0;0;1;7,1;7,2;7,9
26.11.2024;10:19:46;0;0;0;0;0;1;7,1;7,2;7,9
26.11.2024;10:19:47;1;0;0;0;0;1;7,1;7,2;7,9
26.11.2024;10:19:47;0;0;0;0;0;1;7,1;7,2;7,9
26.11.2024;10:19:48;1;0;0;0;0;1;7,1;7,2;7,9
26.11.2024;10:19:49;0;0;0;0;0;1;7,1;7,2;7,9
26.11.2024;10:19:50;1;0;0;0;0;1;7,1;7,2;7,9
26.11.2024;10:19:50;0;0;0;0;0;1;7,1;7,2;7,9
26.11.2024;10:19:51;1;0;0;0;0;1;7,1;7,2;7,9
26.11.2024;10:19:52;0;0;0;0;0;1;7,1;7,2;7,9
26.11.2024;10:19:52;1;0;0;0;0;1;7,1;7,2;7,9
26.11.2024;10:19:53;0;0;0;0;0;1;7,1;7,2;7,9
26.11.2024;10:19:54;1;0;0;0;0;1;7,1;7,2;7,9
26.11.2024;10:19:54;0;0;0;0;0;1;7,1;7,2;7,9
26.11.2024;10:19:55;1;0;0;0;0;1;7,1;7,2;7,9
26.11.2024;10:19:56;0;0;0;0;0;1;7,1;7,2;7,9
26.11.2024;10:19:56;1;0;0;0;0;1;7,1;7,2;7,9
26.11.2024;10:19:57;0;0;0;0;0;1;7,1;7,2;7,9
26.11.2024;10:19:58;1;0;0;0;0;1;7,1;7,2;7,9
26.11.2024;10:19:58;0;0;0;0;0;1;7,1;7,2;7,9
26.11.2024;10:19:59;1;0;0;0;0;1;7,1;7,2;7,9
26.11.2024;10:20:00;0;0;0;0;0;1;7,1;7,2;7,9
26.11.2024;10:20:01;1;0;0;0;0;1;7,1;7,2;7,9
26.11.2024;10:20:01;0;0;0;0;0;1;7,1;7,2;7,9
26.11.2024;10:20:02;1;0;0;0;0;1;7,1;7,2;7,9
26.11.2024;10:20:03;0;0;0;0;0;1;7,1;7,2;7,9
26.11.2024;10:20:03;1;0;0;0;0;1;7,1;7,2;7,9
26.11.2024;10:20:04;0;0;0;0;0;1;7,1;7,2;7,9
26.11.2024;10:20:05;1;0;0;0;0;1;7,1;7,2;7,9
26.11.2024;10:20:05;0;0;0;0;0;1;7,1;7,2;7,9
26.11.2024;10:20:06;1;0;0;0;0;1;7,1;7,2;7,9
26.11.2024;10:20:07;0;0;0;0;0;1;7,1;7,2;7,9
26.11.2024;10:20:08;1;0;0;0;0;1;7,1;7,2;7,9
26.11.2024;10:20:08;0;0;0;0;0;1;7,1;7,2;7,9
26.11.2024;10:20:09;1;0;0;0;0;1;7,1;7,2;7,9
26.11.2024;10:20:10;0;0;0;0;0;1;7,1;7,2;7,9
26.11.2024;10:20:10;1;0;0;0;0;1;7,1;7,2;7,9
26.11.2024;10:20:11;0;0;0;0;0;1;7,1;7,2;7,9
26.11.2024;10:20:12;1;0;0;0;0;1;7,1;7,2;7,9
26.11.2024;10:20:12;0;0;0;0;0;1;7,1;7,2;7,9
26.11.2024;10:20:13;1;0;0;0;0;1;7,1;7,2;7,9
26.11.2024;10:20:14;0;0;0;0;0;1;7,1;7,2;7,9
26.11.2024;10:20:14;1;0;0;0;0;1;7,1;7,2;7,9
26.11.2024;10:20:15;0;0;0;0;0;1;7,1;7,2;7,9
26.11.2024;10:20:16;1;0;0;0;0;1;7,1;7,2;7,9
26.11.2024;10:20:16;0;0;0;0;0;1;7,1;7,2;7,9
26.11.2024;10:20:17;1;0;0;0;0;1;7,1;7,2;7,9
26.11.2024;10:20:18;0;0;0;0;0;1;7,1;7,2;7,9
26.11.2024;10:20:18;1;0;0;0;0;1;7,1;7,2;7,9
26.11.2024;10:20:19;0;0;0;0;0;1;7,1;7,2;7,9
26.11.2024;10:20:20;1;0;0;0;0;1;7,1;7,2;7,9
26.11.2024;10:20:20;0;0;0;0;0;1;7,1;7,2;7,9
26.11.2024;10:20:21;1;0;0;0;0;1;7,1;7,2;7,9
26.11.2024;10:20:22;0;0;0;0;0;1;7,1;7,2;7,9
26.11.2024;10:20:22;1;0;0;0;0;1;7,1;7,2;7,9
26.11.2024;10:20:23;0;0;0;0;0;1;7,1;7,2;7,9
26.11.2024;10:20:24;1;0;0;0;0;1;7,1;7,2;7,9
26.11.2024;10:20:25;0;0;0;0;0;1;7,1;7,2;7,9
26.11.2024;10:20:25;1;0;0;0;0;1;7,1;7,2;7,9
26.11.2024;10:20:26;0;0;0;0;0;1;7,1;7,2;7,9
26.11.2024;10:20:26;1;0;0;0;0;1;7,1;7,2;7,9
26.11.2024;10:20:27;0;0;0;0;0;1;7,1;7,2;7,9
26.11.2024;10:20:28;1;0;0;0;0;1;7,1;7,2;7,9
26.11.2024;10:20:29;0;0;0;0;0;1;7,1;7,2;7,9
26.11.2024;10:20:29;1;0;0;0;0;1;7,1;7,2;7,9
26.11.2024;10:20:30;0;0;0;0;0;1;7,1;7,2;7,9
26.11.2024;10:20:31;1;0;0;0;0;1;7,1;7,2;7,9
26.11.2024;10:20:31;0;0;0;0;0;1;7,1;7,2;7,9
26.11.2024;10:20:32;1;0;0;0;0;1;7,1;7,2;7,9
26.11.2024;10:20:33;0;0;0;0;0;1;7,1;7,2;7,9
26.11.2024;10:20:33;1;0;0;0;0;1;7,1;7,2;7,9
26.11.2024;10:20:34;0;0;0;0;0;1;7,1;7,2;7,9
26.11.2024;10:20:35;1;0;0;0;0;1;7,1;7,2;7,9
26.11.2024;10:20:35;0;0;0;0;0;1;7,1;7,2;7,9
26.11.2024;10:20:36;1;0;0;0;0;1;7,1;7,2;7,9
26.11.2024;10:20:37;0;0;0;0;0;1;7,1;7,2;7,9
26.11.2024;10:20:37;1;0;0;0;0;1;7,1;7,2;7,9
26.11.2024;10:20:38;0;0;0;0;0;1;7,1;7,2;7,9
26.11.2024;10:20:39;1;0;0;0;0;1;7,1;7,2;7,9
26.11.2024;10:20:40;0;0;0;0;0;1;7,1;7,2;7,9
26.11.2024;10:20:40;1;0;0;0;0;1;7,1;7,2;7,9
26.11.2024;10:20:41;0;0;0;0;0;1;7,1;7,2;7,9
26.11.2024;10:20:42;1;0;0;0;0;1;7,1;7,2;7,9
26.11.2024;10:20:42;0;0;0;0;0;1;7,1;7,2;7,9
26.11.2024;10:20:43;1;0;0;0;0;1;7,1;7,2;7,9
26.11.2024;10:20:44;0;0;0;0;0;1;7,1;7,2;7,9
26.11.2024;10:20:44;1;0;0;0;0;1;7,1;7,2;7,9
26.11.2024;10:20:45;0;0;0;0;0;1;7,1;7,2;7,9
26.11.2024;10:20:46;1;0;0;0;0;1;7,1;7,2;7,9
26.11.2024;10:20:46;0;0;0;0;0;1;7,1;7,2;7,9
26.11.2024;10:20:47;1;0;0;0;0;1;7,1;7,2;7,9
26.11.2024;10:20:48;0;0;0;0;0;1;7,1;7,2;7,9
26.11.2024;10:20:49;1;0;0;0;0;1;7,1;7,2;7,9
26.11.2024;10:20:49;0;0;0;0;0;1;7,1;7,2;7,9
26.11.2024;10:20:50;1;0;0;0;0;1;7,1;7,2;7,9
26.11.2024;10:20:51;0;0;0;0;0;1;7,1;7,2;7,9
26.11.2024;10:20:51;1;0;0;0;0;1;7,1;7,2;7,9
26.11.2024;10:20:52;0;0;0;0;0;1;7,1;7,2;7,9
26.11.2024;10:20:53;1;0;0;0;0;1;7,1;7,2;7,9
26.11.2024;10:20:53;0;0;0;0;0;1;7,1;7,2;7,9
26.11.2024;10:20:54;1;0;0;0;0;1;7,1;7,2;7,9
26.11.2024;10:20:55;0;0;0;0;0;1;7,1;7,2;7,9
26.11.2024;10:20:56;1;0;0;0;0;1;7,1;7,2;7,9
26.11.2024;10:20:57;0;0;0;0;0;1;7,1;7,2;7,9
26.11.2024;10:20:57;1;0;0;0;0;1;7,1;7,2;7,9
26.11.2024;10:20:58;0;0;0;0;0;1;7,1;7,2;7,9
26.11.2024;10:20:59;1;0;0;0;0;1;7,1;7,2;7,9
26.11.2024;10:20:59;0;0;0;0;0;1;7,1;7,2;7,9
26.11.2024;10:21:00;1;0;0;0;0;1;7,1;7,2;7,9
26.11.2024;10:21:01;0;0;0;0;0;1;7,1;7,2;7,9
26.11.2024;10:21:01;1;0;0;0;0;1;7,1;7,2;7,9
26.11.2024;10:21:02;0;0;0;0;0;1;7,1;7,2;7,9
26.11.2024;10:21:03;1;0;0;0;0;1;7,1;7,2;7,9
26.11.2024;10:21:03;0;0;0;0;0;1;7,1;7,2;7,9
26.11.2024;10:21:04;1;0;0;0;0;1;7,1;7,2;7,9
26.11.2024;10:21:05;0;0;0;0;0;1;7,1;7,2;7,9
26.11.2024;10:21:05;1;0;0;0;0;1;7,1;7,2;7,9
26.11.2024;10:21:06;0;0;0;0;0;1;7,1;7,2;7,9
26.11.2024;10:21:07;1;0;0;0;0;1;7,1;7,2;7,9
26.11.2024;10:21:07;0;0;0;0;0;1;7,1;7,2;7,9
26.11.2024;10:21:08;1;0;0;0;0;1;7,1;7,2;7,9
26.11.2024;10:21:09;0;0;0;0;0;1;7,1;7,2;7,9
26.11.2024;10:21:09;1;0;0;0;0;1;7,1;7,2;7,9
26.11.2024;10:21:10;0;0;0;0;0;1;7,1;7,2;7,9
26.11.2024;10:21:11;1;0;0;0;0;1;7,1;7,2;7,9
26.11.2024;10:21:11;0;0;0;0;0;1;7,1;7,2;7,9
26.11.2024;10:21:12;1;0;0;0;0;1;7,1;7,2;7,9
26.11.2024;10:21:13;0;0;0;0;0;1;7,1;7,2;7,9
26.11.2024;10:21:14;1;0;0;0;0;1;7,1;7,2;7,9
26.11.2024;10:21:14;0;0;0;0;0;1;7,1;7,2;7,9
26.11.2024;10:21:15;1;0;0;0;0;1;7,1;7,2;7,9
26.11.2024;10:21:16;0;0;0;0;0;1;7,1;7,2;7,9
26.11.2024;10:21:16;1;0;0;0;0;1;7,1;7,2;7,9
26.11.2024;10:21:17;0;0;0;0;0;1;7,1;7,2;7,9
26.11.2024;10:21:18;1;0;0;0;0;1;7,1;7,2;7,9
26.11.2024;10:21:18;0;0;0;0;0;1;7,1;7,2;7,9
26.11.2024;10:21:19;1;0;0;0;0;1;7,1;7,2;7,9
26.11.2024;10:21:20;0;0;0;0;0;1;7,1;7,2;7,9
26.11.2024;10:21:20;1;0;0;0;0;1;7,1;7,2;7,9
26.11.2024;10:21:21;0;0;0;0;0;1;7,1;7,2;7,9
26.11.2024;10:21:22;1;0;0;0;0;1;7,1;7,2;7,9
26.11.2024;10:21:22;0;0;0;0;0;1;7,1;7,2;7,9
26.11.2024;10:21:23;1;0;0;0;0;1;7,1;7,2;7,9
26.11.2024;10:21:24;0;0;0;0;0;1;7,1;7,2;7,9
26.11.2024;10:21:25;1;0;0;0;0;1;7,1;7,2;7,9
26.11.2024;10:21:25;0;0;0;0;0;1;7,1;7,2;7,9
26.11.2024;10:21:26;1;0;0;0;0;1;7,1;7,2;7,9
26.11.2024;10:21:27;0;0;0;0;0;1;7,1;7,2;7,9
26.11.2024;10:21:27;1;0;0;0;0;1;7,1;7,2;7,9
26.11.2024;10:21:28;0;0;0;0;0;1;7,1;7,2;7,9
26.11.2024;10:21:29;1;0;0;0;0;1;7,1;7,2;7,9
26.11.2024;10:21:29;0;0;0;0;0;1;7,1;7,2;7,9
26.11.2024;10:21:30;1;0;0;0;0;1;7,1;7,2;7,9
26.11.2024;10:21:31;0;0;0;0;0;1;7,1;7,2;7,9
26.11.2024;10:21:31;1;0;0;0;0;1;7,1;7,2;7,9
26.11.2024;10:21:32;0;0;0;0;0;1;7,1;7,2;7,9
26.11.2024;10:21:33;1;0;0;0;0;1;7,1;7,2;7,9
26.11.2024;10:21:33;0;0;0;0;0;1;7,1;7,2;7,9
26.11.2024;10:21:34;1;0;0;0;0;1;7,1;7,2;7,9
26.11.2024;10:21:35;0;0;0;0;0;1;7,1;7,2;7,9
26.11.2024;10:21:35;1;0;0;0;0;1;7,1;7,2;7,9
26.11.2024;10:21:36;0;0;0;0;0;1;7,1;7,2;7,9
26.11.2024;10:21:37;1;0;0;0;0;1;7,1;7,2;7,9
26.11.2024;10:21:38;0;0;0;0;0;1;7,1;7,2;7,9
26.11.2024;10:21:38;1;0;0;0;0;1;7,1;7,2;7,9
26.11.2024;10:21:39;0;0;0;0;0;1;7,1;7,2;7,9
26.11.2024;10:21:40;1;0;0;0;0;1;7,1;7,2;7,9
26.11.2024;10:21:40;0;0;0;0;0;1;7,1;7,2;7,9
26.11.2024;10:21:41;1;0;0;0;0;1;7,1;7,2;7,9
26.11.2024;10:21:42;0;0;0;0;0;1;7,1;7,2;7,9
26.11.2024;10:21:42;1;0;0;0;0;1;7,1;7,2;7,9
26.11.2024;10:21:43;0;0;0;0;0;1;7,1;7,2;7,9
26.11.2024;10:21:44;1;0;0;0;0;1;7,1;7,2;7,9
26.11.2024;10:21:44;0;0;0;0;0;1;7,1;7,2;7,9
26.11.2024;10:21:45;1;0;0;0;0;1;7,1;7,2;7,9
26.11.2024;10:21:46;0;0;0;0;0;1;7,1;7,2;7,9
26.11.2024;10:21:46;1;0;0;0;0;1;7,1;7,2;7,9
26.11.2024;10:21:47;0;0;0;0;0;1;7,1;7,2;7,9
26.11.2024;10:21:48;1;0;0;0;0;1;7,1;7,2;7,9
26.11.2024;10:21:48;0;0;0;0;0;1;7,1;7,2;7,9
26.11.2024;10:21:49;1;0;0;0;0;1;7,1;7,2;7,9
26.11.2024;10:21:50;0;0;0;0;0;1;7,1;7,2;7,9
26.11.2024;10:21:51;1;0;0;0;0;1;7,1;7,2;7,9
26.11.2024;10:21:51;0;0;0;0;0;1;7,1;7,2;7,9
26.11.2024;10:21:52;1;0;0;0;0;1;7,1;7,2;7,9
26.11.2024;10:21:53;0;0;0;0;0;1;7,1;7,2;7,9
26.11.2024;10:21:53;1;0;0;0;0;1;7,1;7,2;7,9
26.11.2024;10:21:54;0;0;0;0;0;1;7,1;7,2;7,9
26.11.2024;10:21:55;1;0;0;0;0;1;7,1;7,2;7,9
26.11.2024;10:21:55;0;0;0;0;0;1;7,1;7,2;7,9
26.11.2024;10:21:56;1;0;0;0;0;1;7,1;7,2;7,9
26.11.2024;10:21:57;0;0;0;0;0;1;7,1;7,2;7,9
26.11.2024;10:21:57;1;0;0;0;0;1;7,1;7,2;7,9
26.11.2024;10:21:58;0;0;0;0;0;1;7,1;7,2;7,9
26.11.2024;10:21:59;1;0;0;0;0;1;7,1;7,2;7,9
26.11.2024;10:21:59;0;0;0;0;0;1;7,1;7,2;7,9
26.11.2024;10:22:00;1;0;0;0;0;1;7,1;7,2;7,9
26.11.2024;10:22:01;0;0;0;0;0;1;7,1;7,2;7,9
26.11.2024;10:22:02;1;0;0;0;0;1;7,1;7,2;7,9
26.11.2024;10:22:02;0;0;0;0;0;1;7,1;7,2;7,9
26.11.2024;10:22:03;1;0;0;0;0;1;7,1;7,2;7,9
26.11.2024;10:22:04;0;0;0;0;0;1;7,1;7,2;7,9
26.11.2024;10:22:04;1;0;0;0;0;1;7,1;7,2;7,9
26.11.2024;10:22:05;0;0;0;0;0;1;7,1;7,2;7,9
26.11.2024;10:22:06;1;0;0;0;0;1;7,1;7,2;7,9
26.11.2024;10:22:06;0;0;0;0;0;1;7,1;7,2;7,9
26.11.2024;10:22:07;1;0;0;0;0;1;7,1;7,2;7,9
26.11.2024;10:22:08;0;0;0;0;0;1;7,1;7,2;7,8
26.11.2024;10:22:09;1;0;0;0;0;1;7,1;7,2;7,9
26.11.2024;10:22:09;0;0;0;0;0;1;7,1;7,2;7,9
26.11.2024;10:22:10;1;0;0;0;0;1;7,1;7,2;7,9
26.11.2024;10:22:11;0;0;0;0;0;1;7,1;7,2;7,9
26.11.2024;10:22:11;1;0;0;0;0;1;7,1;7,2;7,9
26.11.2024;10:22:12;0;0;0;0;0;1;7,1;7,2;7,9
26.11.2024;10:22:13;1;0;0;0;0;1;7,1;7,2;7,9
26.11.2024;10:22:13;0;0;0;0;0;1;7,1;7,2;7,9
26.11.2024;10:22:14;1;0;0;0;0;1;7,1;7,2;7,9
26.11.2024;10:22:15;0;0;0;0;0;1;7,1;7,2;7,9
26.11.2024;10:22:15;1;0;0;0;0;1;7,1;7,2;7,9
26.11.2024;10:22:16;0;0;0;0;0;1;7,1;7,2;7,9
26.11.2024;10:22:17;1;0;0;0;0;1;7,1;7,2;7,9
26.11.2024;10:22:18;0;0;0;0;0;1;7,1;7,2;7,9
26.11.2024;10:22:18;1;0;0;0;0;1;7,1;7,2;7,9
26.11.2024;10:22:19;0;0;0;0;0;1;7,1;7,2;7,9
26.11.2024;10:22:20;1;0;0;0;0;1;7,1;7,2;7,9
26.11.2024;10:22:20;0;0;0;0;0;1;7,1;7,2;7,9
26.11.2024;10:22:21;1;0;0;0;0;1;7,1;7,2;7,9
26.11.2024;10:22:22;0;0;0;0;0;1;7,1;7,2;7,9
26.11.2024;10:22:22;1;0;0;0;0;1;7,1;7,2;7,9
26.11.2024;10:22:23;0;0;0;0;0;1;7,1;7,2;7,9
26.11.2024;10:22:24;1;0;0;0;0;1;7,1;7,2;7,9
26.11.2024;10:22:24;0;0;0;0;0;1;7,1;7,2;7,8
26.11.2024;10:22:25;1;0;0;0;0;1;7,1;7,2;7,8
26.11.2024;10:22:26;0;0;0;0;0;1;7,1;7,2;7,9
26.11.2024;10:22:26;1;0;0;0;0;1;7,1;7,2;7,9
26.11.2024;10:22:27;0;0;0;0;0;1;7,1;7,2;7,9
26.11.2024;10:22:28;1;0;0;0;0;1;7,1;7,2;7,9
26.11.2024;10:22:28;0;0;0;0;0;1;7,1;7,2;7,9
26.11.2024;10:22:29;1;0;0;0;0;1;7,1;7,2;7,8
26.11.2024;10:22:30;0;0;0;0;0;1;7,1;7,2;7,9
26.11.2024;10:22:30;1;0;0;0;0;1;7,1;7,2;7,9
26.11.2024;10:22:31;0;0;0;0;0;1;7,1;7,2;7,8
26.11.2024;10:22:32;1;0;0;0;0;1;7,1;7,2;7,8
26.11.2024;10:22:33;0;0;0;0;0;1;7,1;7,2;7,8
26.11.2024;10:22:33;1;0;0;0;0;1;7,1;7,2;7,8
26.11.2024;10:22:34;0;0;0;0;0;1;7,1;7,2;7,9
26.11.2024;10:22:35;1;0;0;0;0;1;7,1;7,2;7,9
26.11.2024;10:22:35;0;0;0;0;0;1;7,1;7,2;7,9
26.11.2024;10:22:36;1;0;0;0;0;1;7,1;7,2;7,8
26.11.2024;10:22:37;0;0;0;0;0;1;7,1;7,2;7,8
26.11.2024;10:22:37;1;0;0;0;0;1;7,1;7,2;7,9
26.11.2024;10:22:38;0;0;0;0;0;1;7,1;7,2;7,8
26.11.2024;10:22:39;1;0;0;0;0;1;7,1;7,2;7,8
26.11.2024;10:22:39;0;0;0;0;0;1;7,1;7,2;7,9
26.11.2024;10:22:40;1;0;0;0;0;1;7,1;7,2;7,8
26.11.2024;10:22:41;0;0;0;0;0;1;7,1;7,2;7,8
26.11.2024;10:22:41;1;0;0;0;0;1;7,1;7,2;7,8
26.11.2024;10:22:42;0;0;0;0;0;1;7,1;7,2;7,8
26.11.2024;10:22:43;1;0;0;0;0;1;7,1;7,2;7,8
26.11.2024;10:22:44;0;0;0;0;0;1;7,1;7,2;7,8
26.11.2024;10:22:44;1;0;0;0;0;1;7,1;7,2;7,8
26.11.2024;10:22:45;0;0;0;0;0;1;7,1;7,2;7,8
26.11.2024;10:22:46;1;0;0;0;0;1;7,1;7,2;7,8
26.11.2024;10:22:46;0;0;0;0;0;1;7,1;7,2;7,8
26.11.2024;10:22:47;1;0;0;0;0;1;7,1;7,2;7,8
26.11.2024;10:22:48;0;0;0;0;0;1;7,1;7,2;7,8
26.11.2024;10:22:48;1;0;0;0;0;1;7,1;7,2;7,8
26.11.2024;10:22:49;0;0;0;0;0;1;7,1;7,2;7,8
26.11.2024;10:22:50;1;0;0;0;0;1;7,1;7,2;7,8
26.11.2024;10:22:50;0;0;0;0;0;1;7,1;7,2;7,8
26.11.2024;10:22:51;1;0;0;0;0;1;7,1;7,2;7,8
26.11.2024;10:22:52;0;0;0;0;0;1;7,1;7,2;7,8
26.11.2024;10:22:52;1;0;0;0;0;1;7,1;7,2;7,8
26.11.2024;10:22:53;0;0;0;0;0;1;7,1;7,2;7,8
26.11.2024;10:22:54;1;0;0;0;0;1;7,1;7,2;7,8
26.11.2024;10:22:55;0;0;0;0;0;1;7,1;7,2;7,8
26.11.2024;10:22:55;1;0;0;0;0;1;7,1;7,2;7,8
26.11.2024;10:22:56;0;0;0;0;0;1;7,1;7,2;7,8
26.11.2024;10:22:57;1;0;0;0;0;1;7,1;7,2;7,8
26.11.2024;10:22:57;0;0;0;0;0;1;7,1;7,2;7,8
26.11.2024;10:22:58;1;0;0;0;0;1;7,1;7,2;7,8
26.11.2024;10:22:59;0;0;0;0;0;1;7,1;7,2;7,8
26.11.2024;10:22:59;1;0;0;0;0;1;7,1;7,2;7,8
26.11.2024;10:23:00;0;0;0;0;0;1;7,1;7,2;7,8
26.11.2024;10:23:01;1;0;0;0;0;1;7,1;7,2;7,8
26.11.2024;10:23:01;0;0;0;0;0;1;7,1;7,2;7,8
26.11.2024;10:23:02;1;0;0;0;0;1;7,1;7,2;7,8
26.11.2024;10:23:03;0;0;0;0;0;1;7,1;7,2;7,8
26.11.2024;10:23:04;1;0;0;0;0;1;7,1;7,2;7,8
26.11.2024;10:23:04;0;0;0;0;0;1;7,1;7,2;7,8
26.11.2024;10:23:05;1;0;0;0;0;1;7,1;7,2;7,8
26.11.2024;10:23:06;0;0;0;0;0;1;7,1;7,2;7,8
26.11.2024;10:23:06;1;0;0;0;0;1;7,1;7,2;7,8
26.11.2024;10:23:07;0;0;0;0;0;1;7,1;7,2;7,8
26.11.2024;10:23:08;1;0;0;0;0;1;7,1;7,2;7,8
26.11.2024;10:23:08;0;0;0;0;0;1;7,1;7,2;7,8
26.11.2024;10:23:09;1;0;0;0;0;1;7,1;7,2;7,8
26.11.2024;10:23:10;0;0;0;0;0;1;7,1;7,2;7,8
26.11.2024;10:23:10;1;0;0;0;0;1;7,1;7,2;7,8
26.11.2024;10:23:11;0;0;0;0;0;1;7,1;7,2;7,8
26.11.2024;10:23:12;1;0;0;0;0;1;7,1;7,2;7,8
26.11.2024;10:23:12;0;0;0;0;0;1;7,1;7,2;7,8
26.11.2024;10:23:13;1;0;0;0;0;1;7,1;7,2;7,8
26.11.2024;10:23:14;0;0;0;0;0;1;7,1;7,2;7,8
26.11.2024;10:23:15;1;0;0;0;0;1;7,1;7,2;7,8
26.11.2024;10:23:15;0;0;0;0;0;1;7,1;7,2;7,8
26.11.2024;10:23:16;1;0;0;0;0;1;7,1;7,2;7,8
26.11.2024;10:23:17;0;0;0;0;0;1;7,1;7,2;7,8
26.11.2024;10:23:17;1;0;0;0;0;1;7,1;7,2;7,8
26.11.2024;10:23:18;0;0;0;0;0;1;7,1;7,2;7,8
26.11.2024;10:23:19;1;0;0;0;0;1;7,1;7,2;7,8
26.11.2024;10:23:19;0;0;0;0;0;1;7,1;7,2;7,8
26.11.2024;10:23:20;1;0;0;0;0;1;7,1;7,2;7,8
26.11.2024;10:23:21;0;0;0;0;0;1;7,1;7,2;7,8
26.11.2024;10:23:21;1;0;0;0;0;1;7,1;7,2;7,8
26.11.2024;10:23:22;0;0;0;0;0;1;7,1;7,2;7,8
26.11.2024;10:23:23;1;0;0;0;0;1;7,1;7,2;7,8
26.11.2024;10:23:23;0;0;0;0;0;1;7,1;7,2;7,8
26.11.2024;10:23:24;1;0;0;0;0;1;7,1;7,2;7,8
26.11.2024;10:23:25;0;0;0;0;0;1;7,1;7,2;7,8
26.11.2024;10:23:25;1;0;0;0;0;1;7,1;7,2;7,8
26.11.2024;10:23:26;0;0;0;0;0;1;7,1;7,2;7,8
26.11.2024;10:23:27;1;0;0;0;0;1;7,1;7,2;7,8
26.11.2024;10:23:28;0;0;0;0;0;1;7,1;7,2;7,8
26.11.2024;10:23:28;1;0;0;0;0;1;7,1;7,2;7,8
26.11.2024;10:23:29;0;0;0;0;0;1;7,1;7,2;7,8
26.11.2024;10:23:30;1;0;0;0;0;1;7,1;7,2;7,8
26.11.2024;10:23:30;0;0;0;0;0;1;7,1;7,2;7,8
26.11.2024;10:23:31;1;0;0;0;0;1;7,1;7,2;7,8
26.11.2024;10:23:32;0;0;0;0;0;1;7,1;7,2;7,8
26.11.2024;10:23:32;1;0;0;0;0;1;7,1;7,2;7,8
26.11.2024;10:23:33;0;0;0;0;0;1;7,1;7,2;7,8
26.11.2024;10:23:34;1;0;0;0;0;1;7,1;7,2;7,8
26.11.2024;10:23:34;0;0;0;0;0;1;7,1;7,2;7,8
26.11.2024;10:23:35;1;0;0;0;0;1;7,1;7,2;7,8
26.11.2024;10:23:36;0;0;0;0;0;1;7,1;7,2;7,8
26.11.2024;10:23:37;1;0;0;0;0;1;7,1;7,2;7,8
26.11.2024;10:23:37;0;0;0;0;0;1;7,1;7,2;7,8
26.11.2024;10:23:38;1;0;0;0;0;1;7,1;7,2;7,8
26.11.2024;10:23:39;0;0;0;0;0;1;7,1;7,2;7,8
26.11.2024;10:23:39;1;0;0;0;0;1;7,1;7,2;7,8
26.11.2024;10:23:40;0;0;0;0;0;1;7,1;7,2;7,8
26.11.2024;10:23:41;1;0;0;0;0;1;7,1;7,2;7,8
26.11.2024;10:23:41;0;0;0;0;0;1;7,1;7,2;7,8
26.11.2024;10:23:42;1;0;0;0;0;1;7,1;7,2;7,8
26.11.2024;10:23:43;0;0;0;0;0;1;7,1;7,2;7,8
26.11.2024;10:23:43;1;0;0;0;0;1;7,1;7,2;7,8
26.11.2024;10:23:44;0;0;0;0;0;1;7,1;7,2;7,8
26.11.2024;10:23:45;1;0;0;0;0;1;7,1;7,2;7,8
26.11.2024;10:23:46;0;0;0;0;0;1;7,1;7,2;7,8
26.11.2024;10:23:46;1;0;0;0;0;1;7,1;7,2;7,8
26.11.2024;10:23:47;0;0;0;0;0;1;7,1;7,2;7,8
26.11.2024;10:23:48;1;0;0;0;0;1;7,1;7,2;7,8
26.11.2024;10:23:48;0;0;0;0;0;1;7,1;7,2;7,8
26.11.2024;10:23:49;1;0;0;0;0;1;7,1;7,2;7,8
26.11.2024;10:23:50;0;0;0;0;0;1;7,1;7,2;7,8
26.11.2024;10:23:51;1;0;0;0;0;1;7,1;7,2;7,8
26.11.2024;10:23:51;0;0;0;0;0;1;7,1;7,2;7,8
26.11.2024;10:23:52;1;0;0;0;0;1;7,1;7,2;7,8
26.11.2024;10:23:53;0;0;0;0;0;1;7,1;7,2;7,8
26.11.2024;10:23:53;1;0;0;0;0;1;7,1;7,2;7,8
26.11.2024;10:23:54;0;0;0;0;0;1;7,1;7,2;7,8
26.11.2024;10:23:55;1;0;0;0;0;1;7,1;7,2;7,8
26.11.2024;10:23:55;0;0;0;0;0;1;7,1;7,2;7,8
26.11.2024;10:23:56;1;0;0;0;0;1;7,1;7,2;7,8
26.11.2024;10:23:57;0;0;0;0;0;1;7,1;7,2;7,8
26.11.2024;10:23:57;1;0;0;0;0;1;7,1;7,2;7,8
26.11.2024;10:23:58;0;0;0;0;0;1;7,1;7,2;7,8
26.11.2024;10:23:59;1;0;0;0;0;1;7,1;7,2;7,8
26.11.2024;10:23:59;0;0;0;0;0;1;7,1;7,2;7,8
26.11.2024;10:24:00;1;0;0;0;0;1;7,1;7,2;7,8
26.11.2024;10:24:01;0;0;0;0;0;1;7,1;7,2;7,8
26.11.2024;10:24:02;1;0;0;0;0;1;7,1;7,2;7,8
26.11.2024;10:24:02;0;0;0;0;0;1;7,1;7,2;7,8
26.11.2024;10:24:03;1;0;0;0;0;1;7,1;7,2;7,8
26.11.2024;10:24:04;0;0;0;0;0;1;7,1;7,2;7,8
26.11.2024;10:24:04;1;0;0;0;0;1;7,1;7,2;7,8
26.11.2024;10:24:05;0;0;0;0;0;1;7,1;7,2;7,8
26.11.2024;10:24:06;1;0;0;0;0;1;7,1;7,2;7,8
26.11.2024;10:24:06;0;0;0;0;0;1;7,1;7,2;7,8
26.11.2024;10:24:07;1;0;0;0;0;1;7,1;7,2;7,8
26.11.2024;10:24:08;0;0;0;0;0;1;7,1;7,2;7,8
26.11.2024;10:24:09;1;0;0;0;0;1;7,1;7,2;7,8
26.11.2024;10:24:09;0;0;0;0;0;1;7,1;7,2;7,8
26.11.2024;10:24:10;1;0;0;0;0;1;7,1;7,2;7,8
26.11.2024;10:24:11;0;0;0;0;0;1;7,1;7,2;7,8
26.11.2024;10:24:11;1;0;0;0;0;1;7,1;7,2;7,8
26.11.2024;10:24:12;0;0;0;0;0;1;7,1;7,2;7,8
26.11.2024;10:24:13;1;0;0;0;0;1;7,1;7,2;7,8
26.11.2024;10:24:13;0;0;0;0;0;1;7,1;7,2;7,8
26.11.2024;10:24:14;1;0;0;0;0;1;7,1;7,2;7,8
26.11.2024;10:24:15;0;0;0;0;0;1;7,1;7,2;7,8
26.11.2024;10:24:15;1;0;0;0;0;1;7,1;7,2;7,8
26.11.2024;10:24:16;0;0;0;0;0;1;7,1;7,2;7,8
26.11.2024;10:24:17;1;0;0;0;0;1;7,1;7,2;7,8
26.11.2024;10:24:17;0;0;0;0;0;1;7,1;7,2;7,8
26.11.2024;10:24:18;1;0;0;0;0;1;7,1;7,2;7,8
26.11.2024;10:24:19;0;0;0;0;0;1;7,1;7,2;7,8
26.11.2024;10:24:19;1;0;0;0;0;1;7,1;7,2;7,8
26.11.2024;10:24:20;0;0;0;0;0;1;7,1;7,2;7,8
26.11.2024;10:24:21;1;0;0;0;0;1;7,1;7,2;7,8
26.11.2024;10:24:22;0;0;0;0;0;1;7,1;7,2;7,8
26.11.2024;10:24:22;1;0;0;0;0;1;7,1;7,2;7,8
26.11.2024;10:24:23;0;0;0;0;0;1;7,1;7,2;7,8
26.11.2024;10:24:24;1;0;0;0;0;1;7,1;7,2;7,8
26.11.2024;10:24:24;0;0;0;0;0;1;7,1;7,2;7,8
26.11.2024;10:24:25;1;0;0;0;0;1;7,1;7,2;7,8
26.11.2024;10:24:26;0;0;0;0;0;1;7,1;7,2;7,8
26.11.2024;10:24:26;1;0;0;0;0;1;7,1;7,2;7,8
26.11.2024;10:24:27;0;0;0;0;0;1;7,1;7,2;7,8
26.11.2024;10:24:28;1;0;0;0;0;1;7,1;7,2;7,8
26.11.2024;10:24:28;0;0;0;0;0;1;7,1;7,2;7,8
26.11.2024;10:24:29;1;0;0;0;0;1;7,1;7,2;7,8
26.11.2024;10:24:30;0;0;0;0;0;1;7,1;7,2;7,8
26.11.2024;10:24:31;1;0;0;0;0;1;7,1;7,2;7,8
26.11.2024;10:24:31;0;0;0;0;0;1;7,1;7,2;7,8
26.11.2024;10:24:32;1;0;0;0;0;1;7,1;7,2;7,8
26.11.2024;10:24:33;0;0;0;0;0;1;7,1;7,2;7,8
26.11.2024;10:24:33;1;0;0;0;0;1;7,1;7,2;7,8
26.11.2024;10:24:34;0;0;0;0;0;1;7,1;7,2;7,8
26.11.2024;10:24:35;1;0;0;0;0;1;7,1;7,2;7,8
26.11.2024;10:24:35;0;0;0;0;0;1;7,1;7,2;7,8
26.11.2024;10:24:36;1;0;0;0;0;1;7,1;7,2;7,8
26.11.2024;10:24:37;0;0;0;0;0;1;7,1;7,2;7,8
26.11.2024;10:24:37;1;0;0;0;0;1;7,1;7,2;7,8
26.11.2024;10:24:38;0;0;0;0;0;1;7,1;7,2;7,8
26.11.2024;10:24:39;1;0;0;0;0;1;7,1;7,2;7,8
26.11.2024;10:24:39;0;0;0;0;0;1;7,1;7,2;7,8
26.11.2024;10:24:40;1;0;0;0;0;1;7,1;7,2;7,8
26.11.2024;10:24:41;0;0;0;0;0;1;7,1;7,2;7,8
26.11.2024;10:24:42;1;0;0;0;0;1;7,1;7,2;7,8
26.11.2024;10:24:42;0;0;0;0;0;1;7,1;7,2;7,8
26.11.2024;10:24:43;1;0;0;0;0;1;7,1;7,2;7,8
26.11.2024;10:24:44;0;0;0;0;0;1;7,1;7,2;7,8
26.11.2024;10:24:44;1;0;0;0;0;1;7,1;7,2;7,8
26.11.2024;10:24:45;0;0;0;0;0;1;7,1;7,2;7,8
26.11.2024;10:24:46;1;0;0;0;0;1;7,1;7,2;7,8
26.11.2024;10:24:47;0;0;0;0;0;1;7,1;7,2;7,8
26.11.2024;10:24:47;1;0;0;0;0;1;7,1;7,2;7,8
26.11.2024;10:24:48;0;0;0;0;0;1;7,1;7,2;7,8
26.11.2024;10:24:49;1;0;0;0;0;1;7,1;7,2;7,8
26.11.2024;10:24:49;0;0;0;0;0;1;7,1;7,2;7,8
26.11.2024;10:24:50;1;0;0;0;0;1;7,1;7,2;7,8
26.11.2024;10:24:51;0;0;0;0;0;1;7,1;7,2;7,8
26.11.2024;10:24:51;1;0;0;0;0;1;7,1;7,2;7,8
26.11.2024;10:24:52;0;0;0;0;0;1;7,1;7,2;7,8
26.11.2024;10:24:53;1;0;0;0;0;1;7,1;7,2;7,8
26.11.2024;10:24:54;0;0;0;0;0;1;7,1;7,2;7,8
26.11.2024;10:24:54;1;0;0;0;0;1;7,1;7,2;7,8
26.11.2024;10:24:55;0;0;0;0;0;1;7,1;7,2;7,8
26.11.2024;10:24:55;1;0;0;0;0;1;7,1;7,2;7,8
26.11.2024;10:24:56;0;0;0;0;0;1;7,1;7,2;7,8
26.11.2024;10:24:57;1;0;0;0;0;1;7,1;7,2;7,8
26.11.2024;10:24:57;0;0;0;0;0;1;7,1;7,2;7,8
26.11.2024;10:24:58;1;0;0;0;0;1;7,1;7,2;7,8
26.11.2024;10:24:59;0;0;0;0;0;1;7,1;7,2;7,8
26.11.2024;10:25:00;1;0;0;0;0;1;7,1;7,2;7,8
26.11.2024;10:25:00;0;0;0;0;0;1;7,1;7,2;7,8
26.11.2024;10:25:01;1;0;0;0;0;1;7,1;7,2;7,8
26.11.2024;10:25:02;0;0;0;0;0;1;7,1;7,2;7,8
26.11.2024;10:25:02;1;0;0;0;0;1;7,1;7,2;7,8
26.11.2024;10:25:03;0;0;0;0;0;1;7,1;7,2;7,8
26.11.2024;10:25:04;1;0;0;0;0;1;7,1;7,2;7,8
26.11.2024;10:25:04;0;0;0;0;0;1;7,1;7,2;7,8
26.11.2024;10:25:05;1;0;0;0;0;1;7,1;7,2;7,8
26.11.2024;10:25:06;0;0;0;0;0;1;7,1;7,2;7,8
26.11.2024;10:25:06;1;0;0;0;0;1;7,1;7,2;7,8
26.11.2024;10:25:07;0;0;0;0;0;1;7,1;7,2;7,8
26.11.2024;10:25:08;1;0;0;0;0;1;7,1;7,2;7,8
26.11.2024;10:25:09;0;0;0;0;0;1;7,1;7,2;7,8
26.11.2024;10:25:09;1;0;0;0;0;1;7,1;7,2;7,8
26.11.2024;10:25:10;0;0;0;0;0;1;7,1;7,2;7,8
26.11.2024;10:25:11;1;0;0;0;0;1;7,1;7,2;7,8
26.11.2024;10:25:11;0;0;0;0;0;1;7,1;7,2;7,8
26.11.2024;10:25:12;1;0;0;0;0;1;7,1;7,2;7,8
26.11.2024;10:25:13;0;0;0;0;0;1;7,1;7,2;7,8
26.11.2024;10:25:13;1;0;0;0;0;1;7,1;7,2;7,8
26.11.2024;10:25:14;0;0;0;0;0;1;7,1;7,2;7,8
26.11.2024;10:25:15;1;0;0;0;0;1;7,1;7,2;7,8
26.11.2024;10:25:15;0;0;0;0;0;1;7,1;7,2;7,8
26.11.2024;10:25:16;1;0;0;0;0;1;7,1;7,2;7,8
26.11.2024;10:25:17;0;0;0;0;0;1;7,1;7,2;7,8
26.11.2024;10:25:18;1;0;0;0;0;1;7,1;7,2;7,8
26.11.2024;10:25:18;0;0;0;0;0;1;7,1;7,2;7,8
26.11.2024;10:25:19;1;0;0;0;0;1;7,1;7,2;7,8
26.11.2024;10:25:20;0;0;0;0;0;1;7,1;7,2;7,8
26.11.2024;10:25:20;1;0;0;0;0;1;7,1;7,2;7,8
26.11.2024;10:25:21;0;0;0;0;0;1;7,1;7,2;7,8
26.11.2024;10:25:22;1;0;0;0;0;1;7,1;7,2;7,8
26.11.2024;10:25:22;0;0;0;0;0;1;7,1;7,2;7,8
26.11.2024;10:25:23;1;0;0;0;0;1;7,1;7,2;7,8
26.11.2024;10:25:24;0;0;0;0;0;1;7,1;7,2;7,8
26.11.2024;10:25:24;1;0;0;0;0;1;7,1;7,2;7,8
26.11.2024;10:25:25;0;0;0;0;0;1;7,1;7,2;7,8
26.11.2024;10:25:26;1;0;0;0;0;1;7,1;7,2;7,8
26.11.2024;10:25:27;0;0;0;0;0;1;7,1;7,2;7,8
26.11.2024;10:25:27;1;0;0;0;0;1;7,1;7,2;7,8
26.11.2024;10:25:28;0;0;0;0;0;1;7,1;7,2;7,8
26.11.2024;10:25:29;1;0;0;0;0;1;7,1;7,2;7,8
26.11.2024;10:25:29;0;0;0;0;0;1;7,1;7,2;7,8
26.11.2024;10:25:30;1;0;0;0;0;1;7,1;7,2;7,8
26.11.2024;10:25:31;0;0;0;0;0;1;7,1;7,2;7,8
26.11.2024;10:25:31;1;0;0;0;0;1;7,1;7,2;7,8
26.11.2024;10:25:32;0;0;0;0;0;1;7,1;7,2;7,8
26.11.2024;10:25:33;1;0;0;0;0;1;7,1;7,2;7,8
26.11.2024;10:25:33;0;0;0;0;0;1;7,1;7,2;7,8
26.11.2024;10:25:34;1;0;0;0;0;1;7,1;7,2;7,8
26.11.2024;10:25:35;0;0;0;0;0;1;7,1;7,2;7,8
26.11.2024;10:25:35;1;0;0;0;0;1;7,1;7,2;7,8
26.11.2024;10:25:36;0;0;0;0;0;1;7,1;7,2;7,8
26.11.2024;10:25:37;1;0;0;0;0;1;7,1;7,2;7,8
26.11.2024;10:25:38;0;0;0;0;0;1;7,1;7,2;7,8
26.11.2024;10:25:38;1;0;0;0;0;1;7,1;7,2;7,8
26.11.2024;10:25:39;0;0;0;0;0;1;7,1;7,2;7,8
26.11.2024;10:25:40;1;0;0;0;0;1;7,1;7,2;7,8
26.11.2024;10:25:40;0;0;0;0;0;1;7,1;7,2;7,8
26.11.2024;10:25:41;1;0;0;0;0;1;7,1;7,2;7,8
26.11.2024;10:25:42;0;0;0;0;0;1;7,1;7,2;7,8
26.11.2024;10:25:42;1;0;0;0;0;1;7,1;7,2;7,8
26.11.2024;10:25:43;0;0;0;0;0;1;7,1;7,2;7,8
26.11.2024;10:25:44;1;0;0;0;0;1;7,1;7,2;7,8
26.11.2024;10:25:44;0;0;0;0;0;1;7,1;7,2;7,8
26.11.2024;10:25:45;1;0;0;0;0;1;7,1;7,2;7,8
26.11.2024;10:25:46;0;0;0;0;0;1;7,1;7,2;7,8
26.11.2024;10:25:46;1;0;0;0;0;1;7,1;7,2;7,8
26.11.2024;10:25:47;0;0;0;0;0;1;7,1;7,2;7,8
26.11.2024;10:25:48;1;0;0;0;0;1;7,1;7,2;7,8
26.11.2024;10:25:49;0;0;0;0;0;1;7,1;7,2;7,8
26.11.2024;10:25:49;1;0;0;0;0;1;7,1;7,2;7,8
26.11.2024;10:25:50;0;0;0;0;0;1;7,1;7,2;7,8
26.11.2024;10:25:51;1;0;0;0;0;1;7,1;7,2;7,8
26.11.2024;10:25:51;0;0;0;0;0;1;7,1;7,2;7,8
26.11.2024;10:25:52;1;0;0;0;0;1;7,1;7,2;7,8
26.11.2024;10:25:53;0;0;0;0;0;1;7,1;7,2;7,8
26.11.2024;10:25:53;1;0;0;0;0;1;7,1;7,2;7,8
26.11.2024;10:25:54;0;0;0;0;0;1;7,1;7,2;7,8
26.11.2024;10:25:55;1;0;0;0;0;1;7,1;7,2;7,8
26.11.2024;10:25:55;0;0;0;0;0;1;7,1;7,2;7,8
26.11.2024;10:25:56;1;0;0;0;0;1;7,1;7,2;7,8
26.11.2024;10:25:57;0;0;0;0;0;1;7,1;7,2;7,8
26.11.2024;10:25:57;1;0;0;0;0;1;7,1;7,2;7,8
26.11.2024;10:25:58;0;0;0;0;0;1;7,1;7,2;7,8
26.11.2024;10:25:59;1;0;0;0;0;1;7,1;7,2;7,8
26.11.2024;10:25:59;0;0;0;0;0;1;7,1;7,2;7,8
26.11.2024;10:26:00;1;0;0;0;0;1;7,1;7,2;7,8
26.11.2024;10:26:01;0;0;0;0;0;1;7,1;7,2;7,8
26.11.2024;10:26:02;1;0;0;0;0;1;7,1;7,2;7,8
26.11.2024;10:26:02;0;0;0;0;0;1;7,1;7,2;7,8
26.11.2024;10:26:03;1;0;0;0;0;1;7,1;7,2;7,8
26.11.2024;10:26:04;0;0;0;0;0;1;7,1;7,2;7,8
26.11.2024;10:26:04;1;0;0;0;0;1;7,1;7,2;7,8
26.11.2024;10:26:05;0;0;0;0;0;1;7,1;7,2;7,8
26.11.2024;10:26:06;1;0;0;0;0;1;7,1;7,2;7,8
26.11.2024;10:26:06;0;0;0;0;0;1;7,1;7,2;7,8
26.11.2024;10:26:07;1;0;0;0;0;1;7,1;7,2;7,8
26.11.2024;10:26:08;0;0;0;0;0;1;7,1;7,2;7,8
26.11.2024;10:26:08;1;0;0;0;0;1;7,1;7,2;7,8
26.11.2024;10:26:09;0;0;0;0;0;1;7,1;7,2;7,8
26.11.2024;10:26:10;1;0;0;0;0;1;7,1;7,2;7,8
26.11.2024;10:26:11;0;0;0;0;0;1;7,1;7,2;7,8
26.11.2024;10:26:11;1;0;0;0;0;1;7,1;7,2;7,8
26.11.2024;10:26:12;0;0;0;0;0;1;7,1;7,2;7,8
26.11.2024;10:26:13;1;0;0;0;0;1;7,1;7,2;7,8
26.11.2024;10:26:13;0;0;0;0;0;1;7,1;7,2;7,8
26.11.2024;10:26:14;1;0;0;0;0;1;7,1;7,2;7,8
26.11.2024;10:26:15;0;0;0;0;0;1;7,1;7,2;7,8
26.11.2024;10:26:15;1;0;0;0;0;1;7,1;7,2;7,8
26.11.2024;10:26:16;0;0;0;0;0;1;7,1;7,2;7,8
26.11.2024;10:26:17;1;0;0;0;0;1;7,1;7,2;7,8
26.11.2024;10:26:17;0;0;0;0;0;1;7,1;7,2;7,8
26.11.2024;10:26:18;1;0;0;0;0;1;7,1;7,2;7,8
26.11.2024;10:26:19;0;0;0;0;0;1;7,1;7,2;7,8
26.11.2024;10:26:19;1;0;0;0;0;1;7,1;7,2;7,8
26.11.2024;10:26:20;0;0;0;0;0;1;7,1;7,2;7,8
26.11.2024;10:26:21;1;0;0;0;0;1;7,1;7,2;7,8
26.11.2024;10:26:21;0;0;0;0;0;1;7,1;7,2;7,8
26.11.2024;10:26:22;1;0;0;0;0;1;7,1;7,2;7,8
26.11.2024;10:26:23;0;0;0;0;0;1;7,1;7,2;7,8
26.11.2024;10:26:23;1;0;0;0;0;1;7,1;7,2;7,8
26.11.2024;10:26:24;0;0;0;0;0;1;7,1;7,2;7,8
26.11.2024;10:26:25;1;0;0;0;0;1;7,1;7,2;7,8
26.11.2024;10:26:25;0;0;0;0;0;1;7,1;7,2;7,8
26.11.2024;10:26:26;1;0;0;0;0;1;7,1;7,2;7,8
26.11.2024;10:26:27;0;0;0;0;0;1;7,1;7,2;7,8
26.11.2024;10:26:28;1;0;0;0;0;1;7,1;7,2;7,8
26.11.2024;10:26:28;0;0;0;0;0;1;7,1;7,2;7,8
26.11.2024;10:26:29;1;0;0;0;0;1;7,1;7,2;7,8
26.11.2024;10:26:30;0;0;0;0;0;1;7,1;7,2;7,8
26.11.2024;10:26:30;1;0;0;0;0;1;7,1;7,2;7,8
26.11.2024;10:26:31;0;0;0;0;0;1;7,1;7,2;7,8
26.11.2024;10:26:32;1;0;0;0;0;1;7,1;7,2;7,8
26.11.2024;10:26:32;0;0;0;0;0;1;7,1;7,2;7,8
26.11.2024;10:26:33;1;0;0;0;0;1;7,1;7,2;7,8
26.11.2024;10:26:34;0;0;0;0;0;1;7,1;7,2;7,8
26.11.2024;10:26:34;1;0;0;0;0;1;7,1;7,2;7,8
26.11.2024;10:26:35;0;0;0;0;0;1;7,1;7,2;7,8
26.11.2024;10:26:36;1;0;0;0;0;1;7,1;7,2;7,8
26.11.2024;10:26:36;0;0;0;0;0;1;7,1;7,2;7,8
26.11.2024;10:26:37;1;0;0;0;0;1;7,1;7,2;7,8
26.11.2024;10:26:38;0;0;0;0;0;1;7,1;7,2;7,8
26.11.2024;10:26:39;1;0;0;0;0;1;7,1;7,2;7,8
26.11.2024;10:26:39;0;0;0;0;0;1;7,1;7,2;7,8
26.11.2024;10:26:40;1;0;0;0;0;1;7,1;7,2;7,8
26.11.2024;10:26:41;0;0;0;0;0;1;7,1;7,2;7,8
26.11.2024;10:26:41;1;0;0;0;0;1;7,1;7,2;7,8
26.11.2024;10:26:42;0;0;0;0;0;1;7,1;7,2;7,8
26.11.2024;10:26:43;1;0;0;0;0;1;7,1;7,2;7,8
26.11.2024;10:26:43;0;0;0;0;0;1;7,1;7,2;7,8
26.11.2024;10:26:44;1;0;0;0;0;1;7,1;7,2;7,8
26.11.2024;10:26:45;0;0;0;0;0;1;7,1;7,2;7,8
26.11.2024;10:26:46;1;0;0;0;0;1;7,1;7,2;7,8
26.11.2024;10:26:46;0;0;0;0;0;1;7,1;7,2;7,8
26.11.2024;10:26:47;1;0;0;0;0;1;7,1;7,2;7,8
26.11.2024;10:26:48;0;0;0;0;0;1;7,1;7,2;7,8
26.11.2024;10:26:48;1;0;0;0;0;1;7,1;7,2;7,8
26.11.2024;10:26:49;0;0;0;0;0;1;7,1;7,2;7,8
26.11.2024;10:26:50;1;0;0;0;0;1;7,1;7,2;7,8
26.11.2024;10:26:50;0;0;0;0;0;1;7,1;7,2;7,8
26.11.2024;10:26:51;1;0;0;0;0;1;7,1;7,2;7,8
26.11.2024;10:26:52;0;0;0;0;0;1;7,1;7,2;7,8
26.11.2024;10:26:52;1;0;0;0;0;1;7,1;7,2;7,8
26.11.2024;10:26:53;0;0;0;0;0;1;7,1;7,2;7,8
26.11.2024;10:26:54;1;0;0;0;0;1;7,1;7,2;7,8
26.11.2024;10:26:55;0;0;0;0;0;1;7,1;7,2;7,8
26.11.2024;10:26:55;1;0;0;0;0;1;7,1;7,2;7,8
26.11.2024;10:26:56;0;0;0;0;0;1;7,1;7,2;7,8
26.11.2024;10:26:57;1;0;0;0;0;1;7,1;7,2;7,8
26.11.2024;10:26:57;0;0;0;0;0;1;7,1;7,2;7,8
26.11.2024;10:26:58;1;0;0;0;0;1;7,1;7,2;7,8
26.11.2024;10:26:59;0;0;0;0;0;1;7,1;7,2;7,8
26.11.2024;10:26:59;1;0;0;0;0;1;7,1;7,2;7,8
26.11.2024;10:27:00;0;0;0;0;0;1;7,1;7,2;7,8
26.11.2024;10:27:01;1;0;0;0;0;1;7,1;7,2;7,8
26.11.2024;10:27:01;0;0;0;0;0;1;7,1;7,2;7,8
26.11.2024;10:27:02;1;0;0;0;0;1;7,1;7,2;7,8
26.11.2024;10:27:03;0;0;0;0;0;1;7,1;7,2;7,8
26.11.2024;10:27:03;1;0;0;0;0;1;7,1;7,2;7,8
26.11.2024;10:27:04;0;0;0;0;0;1;7,1;7,2;7,8
26.11.2024;10:27:05;1;0;0;0;0;1;7,1;7,2;7,8
26.11.2024;10:27:06;0;0;0;0;0;1;7,1;7,2;7,8
26.11.2024;10:27:06;1;0;0;0;0;1;7,1;7,2;7,8
26.11.2024;10:27:07;0;0;0;0;0;1;7,1;7,2;7,8
26.11.2024;10:27:08;1;0;0;0;0;1;7,1;7,2;7,8
26.11.2024;10:27:08;0;0;0;0;0;1;7,1;7,2;7,8
26.11.2024;10:27:09;1;0;0;0;0;1;7,1;7,2;7,8
26.11.2024;10:27:10;0;0;0;0;0;1;7,1;7,2;7,8
26.11.2024;10:27:10;1;0;0;0;0;1;7,1;7,2;7,8
26.11.2024;10:27:11;0;0;0;0;0;1;7,1;7,2;7,8
26.11.2024;10:27:12;1;0;0;0;0;1;7,1;7,2;7,8
26.11.2024;10:27:12;0;0;0;0;0;1;7,1;7,2;7,8
26.11.2024;10:27:13;1;0;0;0;0;1;7,1;7,2;7,8
26.11.2024;10:27:14;0;0;0;0;0;1;7,1;7,2;7,8
26.11.2024;10:27:14;1;0;0;0;0;1;7,1;7,2;7,8
26.11.2024;10:27:15;0;0;0;0;0;1;7,1;7,2;7,8
26.11.2024;10:27:16;1;0;0;0;0;1;7,1;7,2;7,8
26.11.2024;10:27:16;0;0;0;0;0;1;7,1;7,2;7,8
26.11.2024;10:27:17;1;0;0;0;0;1;7,1;7,2;7,8
26.11.2024;10:27:18;0;0;0;0;0;1;7,1;7,2;7,8
26.11.2024;10:27:19;1;0;0;0;0;1;7,1;7,2;7,8
26.11.2024;10:27:19;0;0;0;0;0;1;7,1;7,2;7,8
26.11.2024;10:27:20;1;0;0;0;0;1;7,1;7,2;7,8
26.11.2024;10:27:21;0;0;0;0;0;1;7,1;7,2;7,8
26.11.2024;10:27:21;1;0;0;0;0;1;7,1;7,2;7,8
26.11.2024;10:27:22;0;0;0;0;0;1;7,1;7,2;7,8
26.11.2024;10:27:23;1;0;0;0;0;1;7,1;7,2;7,8
26.11.2024;10:27:23;0;0;0;0;0;1;7,1;7,2;7,8
26.11.2024;10:27:24;1;0;0;0;0;1;7,1;7,2;7,8
26.11.2024;10:27:25;0;0;0;0;0;1;7,1;7,2;7,8
26.11.2024;10:27:25;1;0;0;0;0;1;7,1;7,2;7,8
26.11.2024;10:27:26;0;0;0;0;0;1;7,1;7,2;7,8
26.11.2024;10:27:27;1;0;0;0;0;1;7,1;7,2;7,8
26.11.2024;10:27:27;0;0;0;0;0;1;7,1;7,2;7,8
26.11.2024;10:27:28;1;0;0;0;0;1;7,1;7,2;7,8
26.11.2024;10:27:29;0;0;0;0;0;1;7,1;7,2;7,8
26.11.2024;10:27:29;1;0;0;0;0;1;7,1;7,2;7,8
26.11.2024;10:27:30;0;0;0;0;0;1;7,1;7,2;7,8
26.11.2024;10:27:31;1;0;0;0;0;1;7,1;7,2;7,8
26.11.2024;10:27:32;0;0;0;0;0;1;7,1;7,2;7,8
26.11.2024;10:27:32;1;0;0;0;0;1;7,1;7,2;7,8
26.11.2024;10:27:33;0;0;0;0;0;1;7,1;7,2;7,8
26.11.2024;10:27:33;1;0;0;0;0;1;7,1;7,2;7,8
26.11.2024;10:27:34;0;0;0;0;0;1;7,1;7,2;7,8
26.11.2024;10:27:35;1;0;0;0;0;1;7,1;7,2;7,8
26.11.2024;10:27:36;0;0;0;0;0;1;7,1;7,2;7,8
26.11.2024;10:27:36;1;0;0;0;0;1;7,1;7,2;7,8
26.11.2024;10:27:37;0;0;0;0;0;1;7,1;7,2;7,8
26.11.2024;10:27:38;1;0;0;0;0;1;7,1;7,2;7,8
26.11.2024;10:27:38;0;0;0;0;0;1;7,1;7,2;7,8
26.11.2024;10:27:39;1;0;0;0;0;1;7,1;7,2;7,8
26.11.2024;10:27:40;0;0;0;0;0;1;7,1;7,2;7,8
26.11.2024;10:27:40;1;0;0;0;0;1;7,1;7,2;7,8
26.11.2024;10:27:41;0;0;0;0;0;1;7,1;7,2;7,8
26.11.2024;10:27:42;1;0;0;0;0;1;7,1;7,2;7,8
26.11.2024;10:27:42;0;0;0;0;0;1;7,1;7,2;7,8
26.11.2024;10:27:43;1;0;0;0;0;1;7,1;7,2;7,8
26.11.2024;10:27:44;0;0;0;0;0;1;7,1;7,2;7,8
26.11.2024;10:27:44;1;0;0;0;0;1;7,1;7,2;7,8
26.11.2024;10:27:45;0;0;0;0;0;1;7,1;7,2;7,8
26.11.2024;10:27:46;1;0;0;0;0;1;7,1;7,2;7,8
26.11.2024;10:27:46;0;0;0;0;0;1;7,1;7,2;7,8
26.11.2024;10:27:47;1;0;0;0;0;1;7,1;7,2;7,8
26.11.2024;10:27:48;0;0;0;0;0;1;7,1;7,2;7,8
26.11.2024;10:27:49;1;0;0;0;0;1;7,1;7,2;7,8
26.11.2024;10:27:49;0;0;0;0;0;1;7,1;7,2;7,8
26.11.2024;10:27:50;1;0;0;0;0;1;7,1;7,2;7,8
26.11.2024;10:27:51;0;0;0;0;0;1;7,1;7,2;7,8
26.11.2024;10:27:51;1;0;0;0;0;1;7,1;7,2;7,8
26.11.2024;10:27:52;0;0;0;0;0;1;7,1;7,2;7,8
26.11.2024;10:27:53;1;0;0;0;0;1;7,1;7,2;7,8
26.11.2024;10:27:53;0;0;0;0;0;1;7,1;7,2;7,8
26.11.2024;10:27:54;1;0;0;0;0;1;7,1;7,2;7,8
26.11.2024;10:27:55;0;0;0;0;0;1;7,1;7,2;7,8
26.11.2024;10:27:56;1;0;0;0;0;1;7,1;7,2;7,8
26.11.2024;10:27:56;0;0;0;0;0;1;7,1;7,2;7,8
26.11.2024;10:27:57;1;0;0;0;0;1;7,1;7,2;7,8
26.11.2024;10:27:58;0;0;0;0;0;1;7,1;7,2;7,8
26.11.2024;10:27:58;1;0;0;0;0;1;7,1;7,2;7,8
26.11.2024;10:27:59;0;0;0;0;0;1;7,1;7,2;7,8
26.11.2024;10:28:00;1;0;0;0;0;1;7,1;7,2;7,8
26.11.2024;10:28:00;0;0;0;0;0;1;7,1;7,2;7,8
26.11.2024;10:28:01;1;0;0;0;0;1;7,1;7,2;7,8
26.11.2024;10:28:02;0;0;0;0;0;1;7,1;7,2;7,8
26.11.2024;10:28:03;1;0;0;0;0;1;7,1;7,2;7,8
26.11.2024;10:28:03;0;0;0;0;0;1;7,1;7,2;7,8
26.11.2024;10:28:04;1;0;0;0;0;1;7,1;7,2;7,8
26.11.2024;10:28:05;0;0;0;0;0;1;7,1;7,2;7,8
26.11.2024;10:28:05;1;0;0;0;0;1;7,1;7,2;7,7
26.11.2024;10:28:06;0;0;0;0;0;1;7,1;7,2;7,7
26.11.2024;10:28:07;1;0;0;0;0;1;7,1;7,2;7,8
26.11.2024;10:28:07;0;0;0;0;0;1;7,1;7,2;7,8
26.11.2024;10:28:08;1;0;0;0;0;1;7,1;7,2;7,8
26.11.2024;10:28:09;0;0;0;0;0;1;7,1;7,2;7,8
26.11.2024;10:28:09;1;0;0;0;0;1;7,1;7,2;7,7
26.11.2024;10:28:10;0;0;0;0;0;1;7,1;7,2;7,7
26.11.2024;10:28:11;1;0;0;0;0;1;7,1;7,2;7,7
26.11.2024;10:28:12;0;0;0;0;0;1;7,1;7,2;7,7
26.11.2024;10:28:12;1;0;0;0;0;1;7,1;7,2;7,8
26.11.2024;10:28:13;0;0;0;0;0;1;7,1;7,2;7,8
26.11.2024;10:28:14;1;0;0;0;0;1;7,1;7,2;7,7
26.11.2024;10:28:14;0;0;0;0;0;1;7,1;7,2;7,7
26.11.2024;10:28:15;1;0;0;0;0;1;7,1;7,2;7,8
26.11.2024;10:28:16;0;0;0;0;0;1;7,1;7,2;7,8
26.11.2024;10:28:16;1;0;0;0;0;1;7,1;7,2;7,8
26.11.2024;10:28:17;0;0;0;0;0;1;7,1;7,2;7,7
26.11.2024;10:28:18;1;0;0;0;0;1;7,1;7,2;7,8
26.11.2024;10:28:18;0;0;0;0;0;1;7,1;7,2;7,8
26.11.2024;10:28:19;1;0;0;0;0;1;7,1;7,2;7,7
26.11.2024;10:28:20;0;0;0;0;0;1;7,1;7,2;7,7
26.11.2024;10:28:20;1;0;0;0;0;1;7,1;7,2;7,7
26.11.2024;10:28:21;0;0;0;0;0;1;7,1;7,2;7,8
26.11.2024;10:28:22;1;0;0;0;0;1;7,1;7,2;7,7
26.11.2024;10:28:22;0;0;0;0;0;1;7,1;7,2;7,7
26.11.2024;10:28:23;1;0;0;0;0;1;7,1;7,2;7,8
26.11.2024;10:28:24;0;0;0;0;0;1;7,1;7,2;7,8
26.11.2024;10:28:24;1;0;0;0;0;1;7,1;7,2;7,8
26.11.2024;10:28:25;0;0;0;0;0;1;7,1;7,2;7,7
26.11.2024;10:28:26;1;0;0;0;0;1;7,1;7,2;7,7
26.11.2024;10:28:27;0;0;0;0;0;1;7,1;7,2;7,7
26.11.2024;10:28:27;1;0;0;0;0;1;7,1;7,2;7,7
26.11.2024;10:28:28;0;0;0;0;0;1;7,1;7,2;7,7
26.11.2024;10:28:29;1;0;0;0;0;1;7,1;7,2;7,7
26.11.2024;10:28:29;0;0;0;0;0;1;7,1;7,2;7,7
26.11.2024;10:28:30;1;0;0;0;0;1;7,1;7,2;7,7
26.11.2024;10:28:31;0;0;0;0;0;1;7,1;7,2;7,7
26.11.2024;10:28:31;1;0;0;0;0;1;7,1;7,2;7,7
26.11.2024;10:28:32;0;0;0;0;0;1;7,1;7,2;7,7
26.11.2024;10:28:33;1;0;0;0;0;1;7,1;7,2;7,7
26.11.2024;10:28:34;0;0;0;0;0;1;7,1;7,2;7,7
26.11.2024;10:28:34;1;0;0;0;0;1;7,1;7,2;7,7
26.11.2024;10:28:35;0;0;0;0;0;1;7,1;7,2;7,8
26.11.2024;10:28:36;1;0;0;0;0;1;7,1;7,2;7,8
26.11.2024;10:28:36;0;0;0;0;0;1;7,1;7,2;7,8
26.11.2024;10:28:37;1;0;0;0;0;1;7,1;7,2;7,8
26.11.2024;10:28:38;0;0;0;0;0;1;7,1;7,2;7,7
26.11.2024;10:28:38;1;0;0;0;0;1;7,1;7,2;7,7
26.11.2024;10:28:39;0;0;0;0;0;1;7,1;7,2;7,7
26.11.2024;10:28:40;1;0;0;0;0;1;7,1;7,2;7,7
26.11.2024;10:28:40;0;0;0;0;0;1;7,1;7,2;7,7
26.11.2024;10:28:41;1;0;0;0;0;1;7,1;7,2;7,7
26.11.2024;10:28:42;0;0;0;0;0;1;7,1;7,2;7,7
26.11.2024;10:28:42;1;0;0;0;0;1;7,1;7,2;7,7
26.11.2024;10:28:43;0;0;0;0;0;1;7,1;7,2;7,7
26.11.2024;10:28:44;1;0;0;0;0;1;7,1;7,2;7,7
26.11.2024;10:28:45;0;0;0;0;0;1;7,1;7,2;7,7
26.11.2024;10:28:45;1;0;0;0;0;1;7,1;7,2;7,7
26.11.2024;10:28:46;0;0;0;0;0;1;7,1;7,2;7,7
26.11.2024;10:28:47;1;0;0;0;0;1;7,1;7,2;7,7
26.11.2024;10:28:47;0;0;0;0;0;1;7,1;7,2;7,7
26.11.2024;10:28:48;1;0;0;0;0;1;7,1;7,2;7,7
26.11.2024;10:28:49;0;0;0;0;0;1;7,1;7,2;7,7
26.11.2024;10:28:49;1;0;0;0;0;1;7,1;7,2;7,7
26.11.2024;10:28:50;0;0;0;0;0;1;7,1;7,2;7,7
26.11.2024;10:28:51;1;0;0;0;0;1;7,1;7,2;7,7
26.11.2024;10:28:51;0;0;0;0;0;1;7,1;7,2;7,7
26.11.2024;10:28:52;1;0;0;0;0;1;7,1;7,2;7,7
26.11.2024;10:28:53;0;0;0;0;0;1;7,1;7,2;7,7
26.11.2024;10:28:53;1;0;0;0;0;1;7,1;7,2;7,7
26.11.2024;10:28:54;0;0;0;0;0;1;7,1;7,2;7,7
26.11.2024;10:28:55;1;0;0;0;0;1;7,1;7,2;7,7
26.11.2024;10:28:56;0;0;0;0;0;1;7,1;7,2;7,7
26.11.2024;10:28:56;1;0;0;0;0;1;7,1;7,2;7,7
26.11.2024;10:28:57;0;0;0;0;0;1;7,1;7,2;7,7
26.11.2024;10:28:58;1;0;0;0;0;1;7,1;7,2;7,7
26.11.2024;10:28:58;0;0;0;0;0;1;7,1;7,2;7,7
26.11.2024;10:28:59;1;0;0;0;0;1;7,1;7,2;7,7
26.11.2024;10:29:00;0;0;0;0;0;1;7,1;7,2;7,7
26.11.2024;10:29:00;1;0;0;0;0;1;7,1;7,2;7,7
26.11.2024;10:29:01;0;0;0;0;0;1;7,1;7,2;7,7
26.11.2024;10:29:02;1;0;0;0;0;1;7,1;7,2;7,7
26.11.2024;10:29:02;0;0;0;0;0;1;7,1;7,2;7,7
26.11.2024;10:29:03;1;0;0;0;0;1;7,1;7,2;7,7
26.11.2024;10:29:04;0;0;0;0;0;1;7,1;7,2;7,7
26.11.2024;10:29:04;1;0;0;0;0;1;7,1;7,2;7,7
26.11.2024;10:29:05;0;0;0;0;0;1;7,1;7,2;7,7
26.11.2024;10:29:06;1;0;0;0;0;1;7,1;7,2;7,7
26.11.2024;10:29:07;0;0;0;0;0;1;7,1;7,2;7,7
26.11.2024;10:29:07;1;0;0;0;0;1;7,1;7,2;7,7
26.11.2024;10:29:08;0;0;0;0;0;1;7,1;7,2;7,7
26.11.2024;10:29:09;1;0;0;0;0;1;7,1;7,2;7,7
26.11.2024;10:29:09;0;0;0;0;0;1;7,1;7,2;7,7
26.11.2024;10:29:10;1;0;0;0;0;1;7,1;7,2;7,7
26.11.2024;10:29:11;0;0;0;0;0;1;7,1;7,2;7,7
26.11.2024;10:29:11;1;0;0;0;0;1;7,1;7,2;7,7
26.11.2024;10:29:12;0;0;0;0;0;1;7,1;7,2;7,7
26.11.2024;10:29:13;1;0;0;0;0;1;7,1;7,2;7,7
26.11.2024;10:29:13;0;0;0;0;0;1;7,1;7,2;7,7
26.11.2024;10:29:14;1;0;0;0;0;1;7,1;7,2;7,7
26.11.2024;10:29:15;0;0;0;0;0;1;7,1;7,2;7,7
26.11.2024;10:29:15;1;0;0;0;0;1;7,1;7,2;7,7
26.11.2024;10:29:16;0;0;0;0;0;1;7,1;7,2;7,7
26.11.2024;10:29:17;1;0;0;0;0;1;7,1;7,2;7,7
26.11.2024;10:29:18;0;0;0;0;0;1;7,1;7,2;7,7
26.11.2024;10:29:18;1;0;0;0;0;1;7,1;7,2;7,7
26.11.2024;10:29:19;0;0;0;0;0;1;7,1;7,2;7,7
26.11.2024;10:29:19;1;0;0;0;0;1;7,1;7,2;7,7
26.11.2024;10:29:20;0;0;0;0;0;1;7,1;7,2;7,7
26.11.2024;10:29:21;1;0;0;0;0;1;7,1;7,2;7,8
26.11.2024;10:29:22;0;0;0;0;0;1;7,1;7,2;7,7
26.11.2024;10:29:22;1;0;0;0;0;1;7,1;7,2;7,7
26.11.2024;10:29:23;0;0;0;0;0;1;7,1;7,2;7,7
26.11.2024;10:29:24;1;0;0;0;0;1;7,1;7,2;7,7
26.11.2024;10:29:25;0;0;0;0;0;1;7,1;7,2;7,7
26.11.2024;10:29:25;1;0;0;0;0;1;7,1;7,2;7,7
26.11.2024;10:29:26;0;0;0;0;0;1;7,1;7,2;7,7
26.11.2024;10:29:27;1;0;0;0;0;1;7,1;7,2;7,7
26.11.2024;10:29:27;0;0;0;0;0;1;7,1;7,2;7,7
26.11.2024;10:29:28;1;0;0;0;0;1;7,1;7,2;7,7
26.11.2024;10:29:29;0;0;0;0;0;1;7,1;7,2;7,7
26.11.2024;10:29:29;1;0;0;0;0;1;7,1;7,2;7,7
26.11.2024;10:29:30;0;0;0;0;0;1;7,1;7,2;7,7
26.11.2024;10:29:31;1;0;0;0;0;1;7,1;7,2;7,7
26.11.2024;10:29:31;0;0;0;0;0;1;7,1;7,2;7,7
26.11.2024;10:29:32;1;0;0;0;0;1;7,1;7,2;7,7
26.11.2024;10:29:33;0;0;0;0;0;1;7,1;7,2;7,7
26.11.2024;10:29:33;1;0;0;0;0;1;7,1;7,2;7,7
26.11.2024;10:29:34;0;0;0;0;0;1;7,1;7,2;7,7
26.11.2024;10:29:35;1;0;0;0;0;1;7,1;7,2;7,7
26.11.2024;10:29:36;0;0;0;0;0;1;7,1;7,2;7,7
26.11.2024;10:29:36;1;0;0;0;0;1;7,1;7,2;7,7
26.11.2024;10:29:37;0;0;0;0;0;1;7,1;7,2;7,7
26.11.2024;10:29:38;1;0;0;0;0;1;7,1;7,2;7,7
26.11.2024;10:29:38;0;0;0;0;0;1;7,1;7,2;7,7
26.11.2024;10:29:39;1;0;0;0;0;1;7,1;7,2;7,7
26.11.2024;10:29:40;0;0;0;0;0;1;7,1;7,2;7,7
26.11.2024;10:29:41;1;0;0;0;0;1;7,1;7,2;7,7
26.11.2024;10:29:41;0;0;0;0;0;1;7,1;7,2;7,7
26.11.2024;10:29:42;1;0;0;0;0;1;7,1;7,2;7,7
26.11.2024;10:29:43;0;0;0;0;0;1;7,1;7,2;7,7
26.11.2024;10:29:43;1;0;0;0;0;1;7,1;7,2;7,7
26.11.2024;10:29:44;0;0;0;0;0;1;7,1;7,2;7,7
26.11.2024;10:29:45;1;0;0;0;0;1;7,1;7,2;7,7
26.11.2024;10:29:45;0;0;0;0;0;1;7,1;7,2;7,7
26.11.2024;10:29:46;1;0;0;0;0;1;7,1;7,2;7,7
26.11.2024;10:29:47;0;0;0;0;0;1;7,1;7,2;7,7
26.11.2024;10:29:47;1;0;0;0;0;1;7,1;7,2;7,7
26.11.2024;10:29:48;0;0;0;0;0;1;7,1;7,2;7,7
26.11.2024;10:29:49;1;0;0;0;0;1;7,1;7,2;7,7
26.11.2024;10:29:50;0;0;0;0;0;1;7,1;7,2;7,7
26.11.2024;10:29:50;1;0;0;0;0;1;7,1;7,2;7,7
26.11.2024;10:29:51;0;0;0;0;0;1;7,1;7,2;7,7
26.11.2024;10:29:52;1;0;0;0;0;1;7,1;7,2;7,7
26.11.2024;10:29:52;0;0;0;0;0;1;7,1;7,2;7,7
26.11.2024;10:29:53;1;0;0;0;0;1;7,1;7,2;7,7
26.11.2024;10:29:54;0;0;0;0;0;1;7,1;7,2;7,7
26.11.2024;10:29:54;1;0;0;0;0;1;7,1;7,2;7,7
26.11.2024;10:29:55;0;0;0;0;0;1;7,1;7,2;7,7
26.11.2024;10:29:56;1;0;0;0;0;1;7,1;7,2;7,7
26.11.2024;10:29:56;0;0;0;0;0;1;7,1;7,2;7,7
26.11.2024;10:29:57;1;0;0;0;0;1;7,1;7,2;7,8
26.11.2024;10:29:58;0;0;0;0;0;1;7,1;7,2;7,8
26.11.2024;10:29:59;1;0;0;0;0;1;7,1;7,2;7,7
26.11.2024;10:29:59;0;0;0;0;0;1;7,1;7,2;7,7
26.11.2024;10:30:00;1;0;0;0;0;1;7,1;7,2;7,7
26.11.2024;10:30:01;0;0;0;0;0;1;7,1;7,2;7,7
26.11.2024;10:30:01;1;0;0;0;0;1;7,1;7,2;7,7
26.11.2024;10:30:02;0;0;0;0;0;1;7,1;7,2;7,7
26.11.2024;10:30:03;1;0;0;0;0;1;7,1;7,2;7,7
26.11.2024;10:30:03;0;0;0;0;0;1;7,1;7,2;7,8
26.11.2024;10:30:04;1;0;0;0;0;1;7,1;7,2;7,8
26.11.2024;10:30:05;0;0;0;0;0;1;7,1;7,2;7,7
26.11.2024;10:30:05;1;0;0;0;0;1;7,1;7,2;7,7
26.11.2024;10:30:06;0;0;0;0;0;1;7,1;7,2;7,7
26.11.2024;10:30:07;1;0;0;0;0;1;7,1;7,2;7,7
26.11.2024;10:30:08;0;0;0;0;0;1;7,1;7,2;7,7
26.11.2024;10:30:08;1;0;0;0;0;1;7,1;7,2;7,7
26.11.2024;10:30:09;0;0;0;0;0;1;7,1;7,2;7,7
26.11.2024;10:30:10;1;0;0;0;0;1;7,1;7,2;7,7
26.11.2024;10:30:10;0;0;0;0;0;1;7,1;7,2;7,7
26.11.2024;10:30:11;1;0;0;0;0;1;7,1;7,2;7,7
26.11.2024;10:30:12;0;0;0;0;0;1;7,1;7,2;7,7
26.11.2024;10:30:12;1;0;0;0;0;1;7,1;7,2;7,7
26.11.2024;10:30:13;0;0;0;0;0;1;7,1;7,2;7,7
26.11.2024;10:30:14;1;0;0;0;0;1;7,1;7,2;7,7
26.11.2024;10:30:14;0;0;0;0;0;1;7,1;7,2;7,7
26.11.2024;10:30:15;1;0;0;0;0;1;7,1;7,2;7,7
26.11.2024;10:30:16;0;0;0;0;0;1;7,1;7,2;7,7
26.11.2024;10:30:16;1;0;0;0;0;1;7,1;7,2;7,7
26.11.2024;10:30:17;0;0;0;0;0;1;7,1;7,2;7,7
26.11.2024;10:30:18;1;0;0;0;0;1;7,1;7,2;7,7
26.11.2024;10:30:19;0;0;0;0;0;1;7,1;7,2;7,7
26.11.2024;10:30:19;1;0;0;0;0;1;7,1;7,2;7,7
26.11.2024;10:30:20;0;0;0;0;0;1;7,1;7,2;7,7
26.11.2024;10:30:21;1;0;0;0;0;1;7,1;7,2;7,7
26.11.2024;10:30:21;0;0;0;0;0;1;7,1;7,2;7,7
26.11.2024;10:30:22;1;0;0;0;0;1;7,1;7,2;7,7
26.11.2024;10:30:23;0;0;0;0;0;1;7,1;7,2;7,7
26.11.2024;10:30:23;1;0;0;0;0;1;7,1;7,2;7,7
26.11.2024;10:30:24;0;0;0;0;0;1;7,1;7,2;7,7
26.11.2024;10:30:25;1;0;0;0;0;1;7,1;7,2;7,7
26.11.2024;10:30:25;0;0;0;0;0;1;7,1;7,2;7,7
26.11.2024;10:30:26;1;0;0;0;0;1;7,1;7,2;7,7
26.11.2024;10:30:27;0;0;0;0;0;1;7,1;7,2;7,7
26.11.2024;10:30:28;1;0;0;0;0;1;7,1;7,2;7,7
26.11.2024;10:30:28;0;0;0;0;0;1;7,1;7,2;7,7
26.11.2024;10:30:29;1;0;0;0;0;1;7,1;7,2;7,7
26.11.2024;10:30:30;0;0;0;0;0;1;7,1;7,2;7,7
26.11.2024;10:30:30;1;0;0;0;0;1;7,1;7,2;7,7
26.11.2024;10:30:31;0;0;0;0;0;1;7,1;7,2;7,7
26.11.2024;10:30:32;1;0;0;0;0;1;7,1;7,2;7,7
26.11.2024;10:30:32;0;0;0;0;0;1;7,1;7,2;7,7
26.11.2024;10:30:33;1;0;0;0;0;1;7,1;7,2;7,7
26.11.2024;10:30:34;0;0;0;0;0;1;7,1;7,2;7,7
26.11.2024;10:30:34;1;0;0;0;0;1;7,1;7,2;7,7
26.11.2024;10:30:35;0;0;0;0;0;1;7,1;7,2;7,7
26.11.2024;10:30:36;1;0;0;0;0;1;7,1;7,2;7,7
26.11.2024;10:30:36;0;0;0;0;0;1;7,1;7,2;7,7
26.11.2024;10:30:37;1;0;0;0;0;1;7,1;7,2;7,7
26.11.2024;10:30:38;0;0;0;0;0;1;7,1;7,2;7,7
26.11.2024;10:30:39;1;0;0;0;0;1;7,1;7,2;7,7
26.11.2024;10:30:39;0;0;0;0;0;1;7,1;7,2;7,7
26.11.2024;10:30:40;1;0;0;0;0;1;7,1;7,2;7,7
26.11.2024;10:30:41;0;0;0;0;0;1;7,1;7,2;7,7
26.11.2024;10:30:41;1;0;0;0;0;1;7,1;7,2;7,8
26.11.2024;10:30:42;0;0;0;0;0;1;7,1;7,2;7,8
26.11.2024;10:30:43;1;0;0;0;0;1;7,1;7,2;7,7
26.11.2024;10:30:43;0;0;0;0;0;1;7,1;7,2;7,7
26.11.2024;10:30:44;1;0;0;0;0;1;7,1;7,2;7,7
26.11.2024;10:30:45;0;0;0;0;0;1;7,1;7,2;7,7
26.11.2024;10:30:45;1;0;0;0;0;1;7,1;7,2;7,7
26.11.2024;10:30:46;0;0;0;0;0;1;7,1;7,2;7,7
26.11.2024;10:30:47;1;0;0;0;0;1;7,1;7,2;7,7
26.11.2024;10:30:47;0;0;0;0;0;1;7,1;7,2;7,7
26.11.2024;10:30:48;1;0;0;0;0;1;7,1;7,2;7,7
26.11.2024;10:30:49;0;0;0;0;0;1;7,1;7,2;7,7
26.11.2024;10:30:49;1;0;0;0;0;1;7,1;7,2;7,7
26.11.2024;10:30:50;0;0;0;0;0;1;7,1;7,2;7,7
26.11.2024;10:30:51;1;0;0;0;0;1;7,1;7,2;7,7
26.11.2024;10:30:51;0;0;0;0;0;1;7,1;7,2;7,7
26.11.2024;10:30:52;1;0;0;0;0;1;7,1;7,2;7,7
26.11.2024;10:30:53;0;0;0;0;0;1;7,1;7,2;7,7
26.11.2024;10:30:53;1;0;0;0;0;1;7,1;7,2;7,7
26.11.2024;10:30:54;0;0;0;0;0;1;7,1;7,2;7,7
26.11.2024;10:30:55;1;0;0;0;0;1;7,1;7,2;7,7
26.11.2024;10:30:55;0;0;0;0;0;1;7,1;7,2;7,7
26.11.2024;10:30:56;1;0;0;0;0;1;7,1;7,2;7,7
26.11.2024;10:30:57;0;0;0;0;0;1;7,1;7,2;7,7
26.11.2024;10:30:58;1;0;0;0;0;1;7,1;7,2;7,7
26.11.2024;10:30:58;0;0;0;0;0;1;7,1;7,2;7,7
26.11.2024;10:30:59;1;0;0;0;0;1;7,1;7,2;7,7
26.11.2024;10:31:00;0;0;0;0;0;1;7,1;7,2;7,7
26.11.2024;10:31:00;1;0;0;0;0;1;7,1;7,2;7,7
26.11.2024;10:31:01;0;0;0;0;0;1;7,1;7,2;7,7
26.11.2024;10:31:02;1;0;0;0;0;1;7,1;7,2;7,7
26.11.2024;10:31:03;0;0;0;0;0;1;7,1;7,2;7,7
26.11.2024;10:31:03;1;0;0;0;0;1;7,1;7,2;7,7
26.11.2024;10:31:04;0;0;0;0;0;1;7,1;7,2;7,7
26.11.2024;10:31:05;1;0;0;0;0;1;7,1;7,2;7,7
26.11.2024;10:31:05;0;0;0;0;0;1;7,1;7,2;7,7
26.11.2024;10:31:06;1;0;0;0;0;1;7,1;7,2;7,7
26.11.2024;10:31:07;0;0;0;0;0;1;7,1;7,2;7,7
26.11.2024;10:31:07;1;0;0;0;0;1;7,1;7,2;7,7
26.11.2024;10:31:08;0;0;0;0;0;1;7,1;7,2;7,7
26.11.2024;10:31:09;1;0;0;0;0;1;7,1;7,2;7,7
26.11.2024;10:31:10;0;0;0;0;0;1;7,1;7,2;7,7
26.11.2024;10:31:10;1;0;0;0;0;1;7,1;7,2;7,7
26.11.2024;10:31:11;0;0;0;0;0;1;7,1;7,2;7,7
26.11.2024;10:31:12;1;0;0;0;0;1;7,1;7,2;7,7
26.11.2024;10:31:12;0;0;0;0;0;1;7,1;7,2;7,7
26.11.2024;10:31:13;1;0;0;0;0;1;7,1;7,2;7,7
26.11.2024;10:31:14;0;0;0;0;0;1;7,1;7,2;7,7
26.11.2024;10:31:14;1;0;0;0;0;1;7,1;7,2;7,7
26.11.2024;10:31:15;0;0;0;0;0;1;7,1;7,2;7,7
26.11.2024;10:31:16;1;0;0;0;0;1;7,1;7,2;7,7
26.11.2024;10:31:16;0;0;0;0;0;1;7,1;7,2;7,7
26.11.2024;10:31:17;1;0;0;0;0;1;7,1;7,2;7,7
26.11.2024;10:31:18;0;0;0;0;0;1;7,1;7,2;7,7
26.11.2024;10:31:19;1;0;0;0;0;1;7,1;7,2;7,7
26.11.2024;10:31:19;0;0;0;0;0;1;7,1;7,2;7,7
26.11.2024;10:31:20;1;0;0;0;0;1;7,1;7,2;7,7
26.11.2024;10:31:21;0;0;0;0;0;1;7,1;7,2;7,7
26.11.2024;10:31:21;1;0;0;0;0;1;7,1;7,2;7,7
26.11.2024;10:31:22;0;0;0;0;0;1;7,1;7,2;7,7
26.11.2024;10:31:23;1;0;0;0;0;1;7,1;7,2;7,7
26.11.2024;10:31:23;0;0;0;0;0;1;7,1;7,2;7,7
26.11.2024;10:31:24;1;0;0;0;0;1;7,1;7,2;7,7
26.11.2024;10:31:25;0;0;0;0;0;1;7,1;7,2;7,7
26.11.2024;10:31:25;1;0;0;0;0;1;7,1;7,2;7,7
26.11.2024;10:31:26;0;0;0;0;0;1;7,1;7,2;7,7
26.11.2024;10:31:27;1;0;0;0;0;1;7,1;7,2;7,7
26.11.2024;10:31:28;0;0;0;0;0;1;7,1;7,2;7,7
26.11.2024;10:31:28;1;0;0;0;0;1;7,1;7,2;7,7
26.11.2024;10:31:29;0;0;0;0;0;1;7,1;7,2;7,7
26.11.2024;10:31:30;1;0;0;0;0;1;7,1;7,2;7,7
26.11.2024;10:31:30;0;0;0;0;0;1;7,1;7,2;7,7
26.11.2024;10:31:31;1;0;0;0;0;1;7,1;7,2;7,7
26.11.2024;10:31:32;0;0;0;0;0;1;7,1;7,2;7,7
26.11.2024;10:31:32;1;0;0;0;0;1;7,1;7,2;7,7
26.11.2024;10:31:33;0;0;0;0;0;1;7,1;7,2;7,7
26.11.2024;10:31:34;1;0;0;0;0;1;7,1;7,2;7,7
26.11.2024;10:31:34;0;0;0;0;0;1;7,1;7,2;7,7
26.11.2024;10:31:35;1;0;0;0;0;1;7,1;7,2;7,7
26.11.2024;10:31:36;0;0;0;0;0;1;7,1;7,2;7,7
26.11.2024;10:31:36;1;0;0;0;0;1;7,1;7,2;7,7
26.11.2024;10:31:37;0;0;0;0;0;1;7,1;7,2;7,7
26.11.2024;10:31:38;1;0;0;0;0;1;7,1;7,2;7,7
26.11.2024;10:31:39;0;0;0;0;0;1;7,1;7,2;7,7
26.11.2024;10:31:39;1;0;0;0;0;1;7,1;7,2;7,7
26.11.2024;10:31:40;0;0;0;0;0;1;7,1;7,2;7,7
26.11.2024;10:31:41;1;0;0;0;0;1;7,1;7,2;7,7
26.11.2024;10:31:41;0;0;0;0;0;1;7,1;7,2;7,7
26.11.2024;10:31:42;1;0;0;0;0;1;7,1;7,2;7,7
26.11.2024;10:31:43;0;0;0;0;0;1;7,1;7,2;7,7
26.11.2024;10:31:43;1;0;0;0;0;1;7,1;7,2;7,7
26.11.2024;10:31:44;0;0;0;0;0;1;7,1;7,2;7,7
26.11.2024;10:31:45;1;0;0;0;0;1;7,1;7,2;7,7
26.11.2024;10:31:45;0;0;0;0;0;1;7,1;7,2;7,7
26.11.2024;10:31:46;1;0;0;0;0;1;7,1;7,2;7,7
26.11.2024;10:31:47;0;0;0;0;0;1;7,1;7,2;7,7
26.11.2024;10:31:47;1;0;0;0;0;1;7,1;7,2;7,7
26.11.2024;10:31:48;0;0;0;0;0;1;7,1;7,2;7,7
26.11.2024;10:31:49;1;0;0;0;0;1;7,1;7,2;7,7
26.11.2024;10:31:50;0;0;0;0;0;1;7,1;7,2;7,7
26.11.2024;10:31:50;1;0;0;0;0;1;7,1;7,2;7,7
26.11.2024;10:31:51;0;0;0;0;0;1;7,1;7,2;7,7
26.11.2024;10:31:52;1;0;0;0;0;1;7,1;7,2;7,7
26.11.2024;10:31:52;0;0;0;0;0;1;7,1;7,2;7,7
26.11.2024;10:31:53;1;0;0;0;0;1;7,1;7,2;7,7
26.11.2024;10:31:54;0;0;0;0;0;1;7,1;7,2;7,7
26.11.2024;10:31:54;1;0;0;0;0;1;7,1;7,2;7,7
26.11.2024;10:31:55;0;0;0;0;0;1;7,1;7,2;7,7
26.11.2024;10:31:56;1;0;0;0;0;1;7,1;7,2;7,7
26.11.2024;10:31:56;0;0;0;0;0;1;7,1;7,2;7,7
26.11.2024;10:31:57;1;0;0;0;0;1;7,1;7,2;7,7
26.11.2024;10:31:58;0;0;0;0;0;1;7,1;7,2;7,7
26.11.2024;10:31:58;1;0;0;0;0;1;7,1;7,2;7,7
26.11.2024;10:31:59;0;0;0;0;0;1;7,1;7,2;7,7
26.11.2024;10:32:00;1;0;0;0;0;1;7,1;7,2;7,7
26.11.2024;10:32:01;0;0;0;0;0;1;7,1;7,2;7,7
26.11.2024;10:32:01;1;0;0;0;0;1;7,1;7,2;7,7
26.11.2024;10:32:02;0;0;0;0;0;1;7,1;7,2;7,7
26.11.2024;10:32:03;1;0;0;0;0;1;7,1;7,2;7,7
26.11.2024;10:32:03;0;0;0;0;0;1;7,1;7,2;7,7
26.11.2024;10:32:04;1;0;0;0;0;1;7,1;7,2;7,7
26.11.2024;10:32:05;0;0;0;0;0;1;7,1;7,2;7,7
26.11.2024;10:32:05;1;0;0;0;0;1;7,1;7,2;7,7
26.11.2024;10:32:06;0;0;0;0;0;1;7,1;7,2;7,7
26.11.2024;10:32:07;1;0;0;0;0;1;7,1;7,2;7,7
26.11.2024;10:32:07;0;0;0;0;0;1;7,1;7,2;7,7
26.11.2024;10:32:08;1;0;0;0;0;1;7,1;7,2;7,7
26.11.2024;10:32:09;0;0;0;0;0;1;7,1;7,2;7,7
26.11.2024;10:32:10;1;0;0;0;0;1;7,1;7,2;7,7
26.11.2024;10:32:10;0;0;0;0;0;1;7,1;7,2;7,7
26.11.2024;10:32:11;1;0;0;0;0;1;7,1;7,2;7,7
26.11.2024;10:32:12;0;0;0;0;0;1;7,1;7,2;7,7
26.11.2024;10:32:12;1;0;0;0;0;1;7,1;7,2;7,7
26.11.2024;10:32:13;0;0;0;0;0;1;7,1;7,2;7,7
26.11.2024;10:32:14;1;0;0;0;0;1;7,1;7,2;7,7
26.11.2024;10:32:14;0;0;0;0;0;1;7,1;7,2;7,7
26.11.2024;10:32:15;1;0;0;0;0;1;7,1;7,2;7,7
26.11.2024;10:32:16;0;0;0;0;0;1;7,1;7,2;7,7
26.11.2024;10:32:16;1;0;0;0;0;1;7,1;7,2;7,7
26.11.2024;10:32:17;0;0;0;0;0;1;7,1;7,2;7,7
26.11.2024;10:32:18;1;0;0;0;0;1;7,1;7,2;7,7
26.11.2024;10:32:18;0;0;0;0;0;1;7,1;7,2;7,7
26.11.2024;10:32:19;1;0;0;0;0;1;7,1;7,2;7,7
26.11.2024;10:32:20;0;0;0;0;0;1;7,1;7,2;7,7
26.11.2024;10:32:20;1;0;0;0;0;1;7,1;7,2;7,7
26.11.2024;10:32:21;0;0;0;0;0;1;7,1;7,2;7,7
26.11.2024;10:32:22;1;0;0;0;0;1;7,1;7,2;7,7
26.11.2024;10:32:23;0;0;0;0;0;1;7,1;7,2;7,7
26.11.2024;10:32:23;1;0;0;0;0;1;7,1;7,2;7,7
26.11.2024;10:32:24;0;0;0;0;0;1;7,1;7,2;7,7
26.11.2024;10:32:25;1;0;0;0;0;1;7,1;7,2;7,7
26.11.2024;10:32:25;0;0;0;0;0;1;7,1;7,2;7,7
26.11.2024;10:32:26;1;0;0;0;0;1;7,1;7,2;7,7
26.11.2024;10:32:27;0;0;0;0;0;1;7,1;7,2;7,7
26.11.2024;10:32:28;1;0;0;0;0;1;7,1;7,2;7,7
26.11.2024;10:32:28;0;0;0;0;0;1;7,1;7,2;7,7
26.11.2024;10:32:29;1;0;0;0;0;1;7,1;7,2;7,7
26.11.2024;10:32:30;0;0;0;0;0;1;7,1;7,2;7,7
26.11.2024;10:32:31;1;0;0;0;0;1;7,1;7,2;7,7
26.11.2024;10:32:31;0;0;0;0;0;1;7,1;7,2;7,7
26.11.2024;10:32:32;1;0;0;0;0;1;7,1;7,2;7,7
26.11.2024;10:32:33;0;0;0;0;0;1;7,1;7,2;7,7
26.11.2024;10:32:34;1;0;0;0;0;1;7,1;7,2;7,7
26.11.2024;10:32:34;0;0;0;0;0;1;7,1;7,2;7,7
26.11.2024;10:32:35;1;0;0;0;0;1;7,1;7,2;7,7
26.11.2024;10:32:36;0;0;0;0;0;1;7,1;7,2;7,7
26.11.2024;10:32:36;1;0;0;0;0;1;7,1;7,2;7,7
26.11.2024;10:32:37;0;0;0;0;0;1;7,1;7,2;7,7
26.11.2024;10:32:38;1;0;0;0;0;1;7,1;7,2;7,7
26.11.2024;10:32:38;0;0;0;0;0;1;7,1;7,2;7,7
26.11.2024;10:32:39;1;0;0;0;0;1;7,1;7,2;7,7
26.11.2024;10:32:40;0;0;0;0;0;1;7,1;7,2;7,7
26.11.2024;10:32:40;1;0;0;0;0;1;7,1;7,2;7,7
26.11.2024;10:32:41;0;0;0;0;0;1;7,1;7,2;7,7
26.11.2024;10:32:42;1;0;0;0;0;1;7,1;7,2;7,7
26.11.2024;10:32:42;0;0;0;0;0;1;7,1;7,2;7,7
26.11.2024;10:32:43;1;0;0;0;0;1;7,1;7,2;7,7
26.11.2024;10:32:44;0;0;0;0;0;1;7,1;7,2;7,7
26.11.2024;10:32:44;1;0;0;0;0;1;7,1;7,2;7,7
26.11.2024;10:32:45;0;0;0;0;0;1;7,1;7,2;7,7
26.11.2024;10:32:46;1;0;0;0;0;1;7,1;7,2;7,7
26.11.2024;10:32:46;0;0;0;0;0;1;7,1;7,2;7,7
26.11.2024;10:32:47;1;0;0;0;0;1;7,1;7,2;7,7
26.11.2024;10:32:48;0;0;0;0;0;1;7,1;7,2;7,7
26.11.2024;10:32:49;1;0;0;0;0;1;7,1;7,2;7,7
26.11.2024;10:32:49;0;0;0;0;0;1;7,1;7,2;7,7
26.11.2024;10:32:50;1;0;0;0;0;1;7,1;7,2;7,7
26.11.2024;10:32:51;0;0;0;0;0;1;7,1;7,2;7,7
26.11.2024;10:32:51;1;0;0;0;0;1;7,1;7,2;7,7
26.11.2024;10:32:52;0;0;0;0;0;1;7,1;7,2;7,7
26.11.2024;10:32:53;1;0;0;0;0;1;7,1;7,2;7,7
26.11.2024;10:32:53;0;0;0;0;0;1;7,1;7,2;7,7
26.11.2024;10:32:54;1;0;0;0;0;1;7,1;7,2;7,7
26.11.2024;10:32:55;0;0;0;0;0;1;7,1;7,2;7,7
26.11.2024;10:32:55;1;0;0;0;0;1;7,1;7,2;7,7
26.11.2024;10:32:56;0;0;0;0;0;1;7,1;7,2;7,7
26.11.2024;10:32:57;1;0;0;0;0;1;7,1;7,2;7,7
26.11.2024;10:32:57;0;0;0;0;0;1;7,1;7,2;7,7
26.11.2024;10:32:58;1;0;0;0;0;1;7,1;7,2;7,7
26.11.2024;10:32:59;0;0;0;0;0;1;7,1;7,2;7,7
26.11.2024;10:32:59;1;0;0;0;0;1;7,1;7,2;7,7
26.11.2024;10:33:00;0;0;0;0;0;1;7,1;7,2;7,7
26.11.2024;10:33:01;1;0;0;0;0;1;7,1;7,2;7,7
26.11.2024;10:33:02;0;0;0;0;0;1;7,1;7,2;7,7
26.11.2024;10:33:02;1;0;0;0;0;1;7,1;7,2;7,7
26.11.2024;10:33:03;0;0;0;0;0;1;7,1;7,2;7,7
26.11.2024;10:33:04;1;0;0;0;0;1;7,1;7,2;7,7
26.11.2024;10:33:04;0;0;0;0;0;1;7,1;7,2;7,7
26.11.2024;10:33:05;1;0;0;0;0;1;7,1;7,2;7,7
26.11.2024;10:33:06;0;0;0;0;0;1;7,1;7,2;7,7
26.11.2024;10:33:06;1;0;0;0;0;1;7,1;7,2;7,7
26.11.2024;10:33:07;0;0;0;0;0;1;7,1;7,2;7,7
26.11.2024;10:33:08;1;0;0;0;0;1;7,1;7,2;7,7
26.11.2024;10:33:08;0;0;0;0;0;1;7,1;7,2;7,7
26.11.2024;10:33:09;1;0;0;0;0;1;7,1;7,2;7,7
26.11.2024;10:33:10;0;0;0;0;0;1;7,1;7,2;7,7
26.11.2024;10:33:11;1;0;0;0;0;1;7,1;7,2;7,7
26.11.2024;10:33:11;0;0;0;0;0;1;7,1;7,2;7,7
26.11.2024;10:33:12;1;0;0;0;0;1;7,1;7,2;7,7
26.11.2024;10:33:13;0;0;0;0;0;1;7,1;7,2;7,7
26.11.2024;10:33:13;1;0;0;0;0;1;7,1;7,2;7,7
26.11.2024;10:33:14;0;0;0;0;0;1;7,1;7,2;7,7
26.11.2024;10:33:15;1;0;0;0;0;1;7,1;7,2;7,7
26.11.2024;10:33:15;0;0;0;0;0;1;7,1;7,2;7,7
26.11.2024;10:33:16;1;0;0;0;0;1;7,1;7,2;7,7
26.11.2024;10:33:17;0;0;0;0;0;1;7,1;7,2;7,7
26.11.2024;10:33:17;1;0;0;0;0;1;7,1;7,2;7,7
26.11.2024;10:33:18;0;0;0;0;0;1;7,1;7,2;7,7
26.11.2024;10:33:19;1;0;0;0;0;1;7,1;7,2;7,7
26.11.2024;10:33:19;0;0;0;0;0;1;7,1;7,2;7,7
26.11.2024;10:33:20;1;0;0;0;0;1;7,1;7,2;7,7
26.11.2024;10:33:21;0;0;0;0;0;1;7,1;7,2;7,7
26.11.2024;10:33:21;1;0;0;0;0;1;7,1;7,2;7,7
26.11.2024;10:33:22;0;0;0;0;0;1;7,1;7,2;7,7
26.11.2024;10:33:23;1;0;0;0;0;1;7,1;7,2;7,7
26.11.2024;10:33:23;0;0;0;0;0;1;7,1;7,2;7,7
26.11.2024;10:33:24;1;0;0;0;0;1;7,1;7,2;7,7
26.11.2024;10:33:25;0;0;0;0;0;1;7,1;7,2;7,7
26.11.2024;10:33:26;1;0;0;0;0;1;7,1;7,2;7,7
26.11.2024;10:33:26;0;0;0;0;0;1;7,1;7,2;7,7
26.11.2024;10:33:27;1;0;0;0;0;1;7,1;7,2;7,7
26.11.2024;10:33:28;0;0;0;0;0;1;7,1;7,2;7,7
26.11.2024;10:33:28;1;0;0;0;0;1;7,1;7,2;7,7
26.11.2024;10:33:29;0;0;0;0;0;1;7,1;7,2;7,7
26.11.2024;10:33:30;1;0;0;0;0;1;7,1;7,2;7,7
26.11.2024;10:33:30;0;0;0;0;0;1;7,1;7,2;7,7
26.11.2024;10:33:31;1;0;0;0;0;1;7,1;7,2;7,7
26.11.2024;10:33:32;0;0;0;0;0;1;7,1;7,2;7,7
26.11.2024;10:33:32;1;0;0;0;0;1;7,1;7,2;7,7
26.11.2024;10:33:33;0;0;0;0;0;1;7,1;7,2;7,7
26.11.2024;10:33:34;1;0;0;0;0;1;7,1;7,2;7,7
26.11.2024;10:33:35;0;0;0;0;0;1;7,1;7,2;7,7
26.11.2024;10:33:35;1;0;0;0;0;1;7,1;7,2;7,7
26.11.2024;10:33:36;0;0;0;0;0;1;7,1;7,2;7,7
26.11.2024;10:33:37;1;0;0;0;0;1;7,1;7,2;7,7
26.11.2024;10:33:37;0;0;0;0;0;1;7,1;7,2;7,7
26.11.2024;10:33:38;1;0;0;0;0;1;7,1;7,2;7,7
26.11.2024;10:33:39;0;0;0;0;0;1;7,1;7,2;7,7
26.11.2024;10:33:39;1;0;0;0;0;1;7,1;7,2;7,7
26.11.2024;10:33:40;0;0;0;0;0;1;7,1;7,2;7,7
26.11.2024;10:33:41;1;0;0;0;0;1;7,1;7,2;7,7
26.11.2024;10:33:41;0;0;0;0;0;1;7,1;7,2;7,7
26.11.2024;10:33:42;1;0;0;0;0;1;7,1;7,2;7,7
26.11.2024;10:33:43;0;0;0;0;0;1;7,1;7,2;7,7
26.11.2024;10:33:44;1;0;0;0;0;1;7,1;7,2;7,7
26.11.2024;10:33:44;0;0;0;0;0;1;7,1;7,2;7,7
26.11.2024;10:33:45;1;0;0;0;0;1;7,1;7,2;7,7
26.11.2024;10:33:46;0;0;0;0;0;1;7,1;7,2;7,7
26.11.2024;10:33:46;1;0;0;0;0;1;7,1;7,2;7,7
26.11.2024;10:33:47;0;0;0;0;0;1;7,1;7,2;7,7
26.11.2024;10:33:48;1;0;0;0;0;1;7,1;7,2;7,7
26.11.2024;10:33:48;0;0;0;0;0;1;7,1;7,2;7,7
26.11.2024;10:33:49;1;0;0;0;0;1;7,1;7,2;7,7
26.11.2024;10:33:50;0;0;0;0;0;1;7,1;7,2;7,7
26.11.2024;10:33:51;1;0;0;0;0;1;7,1;7,2;7,7
26.11.2024;10:33:51;0;0;0;0;0;1;7,1;7,2;7,7
26.11.2024;10:33:52;1;0;0;0;0;1;7,1;7,2;7,7
26.11.2024;10:33:53;0;0;0;0;0;1;7,1;7,2;7,7
26.11.2024;10:33:53;1;0;0;0;0;1;7,1;7,2;7,7
26.11.2024;10:33:54;0;0;0;0;0;1;7,1;7,2;7,7
26.11.2024;10:33:55;1;0;0;0;0;1;7,1;7,2;7,7
26.11.2024;10:33:55;0;0;0;0;0;1;7,1;7,2;7,7
26.11.2024;10:33:56;1;0;0;0;0;1;7,1;7,2;7,7
26.11.2024;10:33:57;0;0;0;0;0;1;7,1;7,2;7,7
26.11.2024;10:33:57;1;0;0;0;0;1;7,1;7,2;7,7
26.11.2024;10:33:58;0;0;0;0;0;1;7,1;7,2;7,7
26.11.2024;10:33:59;1;0;0;0;0;1;7,1;7,2;7,7
26.11.2024;10:33:59;0;0;0;0;0;1;7,1;7,2;7,7
26.11.2024;10:34:00;1;0;0;0;0;1;7,1;7,2;7,7
26.11.2024;10:34:01;0;0;0;0;0;1;7,1;7,2;7,7
26.11.2024;10:34:02;1;0;0;0;0;1;7,1;7,2;7,7
26.11.2024;10:34:02;0;0;0;0;0;1;7,1;7,2;7,7
26.11.2024;10:34:03;1;0;0;0;0;1;7,1;7,2;7,7
26.11.2024;10:34:04;0;0;0;0;0;1;7,1;7,2;7,7
26.11.2024;10:34:04;1;0;0;0;0;1;7,1;7,2;7,7
26.11.2024;10:34:05;0;0;0;0;0;1;7,1;7,2;7,6
26.11.2024;10:34:06;1;0;0;0;0;1;7,1;7,2;7,6
26.11.2024;10:34:06;0;0;0;0;0;1;7,1;7,2;7,6
26.11.2024;10:34:07;1;0;0;0;0;1;7,1;7,2;7,6
26.11.2024;10:34:08;0;0;0;0;0;1;7,1;7,2;7,7
26.11.2024;10:34:08;1;0;0;0;0;1;7,1;7,2;7,7
26.11.2024;10:34:09;0;0;0;0;0;1;7,1;7,2;7,7
26.11.2024;10:34:10;1;0;0;0;0;1;7,1;7,2;7,6
26.11.2024;10:34:10;0;0;0;0;0;1;7,1;7,2;7,6
26.11.2024;10:34:11;1;0;0;0;0;1;7,1;7,2;7,6
26.11.2024;10:34:12;0;0;0;0;0;1;7,1;7,2;7,7
26.11.2024;10:34:13;1;0;0;0;0;1;7,1;7,2;7,7
26.11.2024;10:34:13;0;0;0;0;0;1;7,1;7,2;7,6
26.11.2024;10:34:14;1;0;0;0;0;1;7,1;7,2;7,6
26.11.2024;10:34:15;0;0;0;0;0;1;7,1;7,2;7,6
26.11.2024;10:34:15;1;0;0;0;0;1;7,1;7,2;7,6
26.11.2024;10:34:16;0;0;0;0;0;1;7,1;7,2;7,6
26.11.2024;10:34:17;1;0;0;0;0;1;7,1;7,2;7,6
26.11.2024;10:34:17;0;0;0;0;0;1;7,1;7,2;7,7
26.11.2024;10:34:18;1;0;0;0;0;1;7,1;7,2;7,7
26.11.2024;10:34:19;0;0;0;0;0;1;7,1;7,2;7,7
26.11.2024;10:34:20;1;0;0;0;0;1;7,1;7,2;7,7
26.11.2024;10:34:20;0;0;0;0;0;1;7,1;7,2;7,7
26.11.2024;10:34:21;1;0;0;0;0;1;7,1;7,2;7,7
26.11.2024;10:34:22;0;0;0;0;0;1;7,1;7,2;7,8
26.11.2024;10:34:22;1;0;0;0;0;1;7,1;7,2;7,6
26.11.2024;10:34:23;0;0;0;0;0;1;7,1;7,2;7,6
26.11.2024;10:34:24;1;0;0;0;0;1;7,1;7,2;7,7
26.11.2024;10:34:24;0;0;0;0;0;1;7,1;7,2;7,7
26.11.2024;10:34:25;1;0;0;0;0;1;7,1;7,2;7,7
26.11.2024;10:34:26;0;0;0;0;0;1;7,1;7,2;7,6
26.11.2024;10:34:27;1;0;0;0;0;1;7,1;7,1;7,6
26.11.2024;10:34:27;0;0;0;0;0;1;7,1;7,1;7,6
26.11.2024;10:34:28;1;0;0;0;0;1;7,1;7,1;7,6
26.11.2024;10:34:29;0;0;0;0;0;1;7,1;7,1;7,6
26.11.2024;10:34:29;1;0;0;0;0;1;7,1;7,2;7,6
26.11.2024;10:34:30;0;0;0;0;0;1;7,1;7,2;7,6
26.11.2024;10:34:31;1;0;0;0;0;1;7,1;7,2;7,6
26.11.2024;10:34:31;0;0;0;0;0;1;7,1;7,2;7,6
26.11.2024;10:34:32;1;0;0;0;0;1;7,1;7,2;7,6
26.11.2024;10:34:33;0;0;0;0;0;1;7,1;7,2;7,6
26.11.2024;10:34:33;1;0;0;0;0;1;7,1;7,2;7,6
26.11.2024;10:34:34;0;0;0;0;0;1;7,1;7,2;7,7
26.11.2024;10:34:35;1;0;0;0;0;1;7,1;7,2;7,7
26.11.2024;10:34:35;0;0;0;0;0;1;7,1;7,2;7,6
26.11.2024;10:34:36;1;0;0;0;0;1;7,1;7,2;7,6
26.11.2024;10:34:37;0;0;0;0;0;1;7,1;7,2;7,6
26.11.2024;10:34:38;1;0;0;0;0;1;7,1;7,2;7,6
26.11.2024;10:34:38;0;0;0;0;0;1;7,1;7,2;7,6
26.11.2024;10:34:39;1;0;0;0;0;1;7,1;7,2;7,6
26.11.2024;10:34:40;0;0;0;0;0;1;7,1;7,2;7,7
26.11.2024;10:34:40;1;0;0;0;0;1;7,1;7,2;7,6
26.11.2024;10:34:41;0;0;0;0;0;1;7,1;7,2;7,6
26.11.2024;10:34:42;1;0;0;0;0;1;7,1;7,2;7,6
26.11.2024;10:34:42;0;0;0;0;0;1;7,1;7,2;7,6
26.11.2024;10:34:43;1;0;0;0;0;1;7,1;7,2;7,6
26.11.2024;10:34:44;0;0;0;0;0;1;7,1;7,2;7,6
26.11.2024;10:34:44;1;0;0;0;0;1;7,1;7,2;7,6
26.11.2024;10:34:45;0;0;0;0;0;1;7,1;7,2;7,6
26.11.2024;10:34:46;1;0;0;0;0;1;7,1;7,2;7,6
26.11.2024;10:34:46;0;0;0;0;0;1;7,1;7,2;7,6
26.11.2024;10:34:47;1;0;0;0;0;1;7,1;7,2;7,6
26.11.2024;10:34:48;0;0;0;0;0;1;7,1;7,2;7,6
26.11.2024;10:34:49;1;0;0;0;0;1;7,1;7,2;7,6
26.11.2024;10:34:49;0;0;0;0;0;1;7,1;7,2;7,6
26.11.2024;10:34:50;1;0;0;0;0;1;7,1;7,2;7,6
26.11.2024;10:34:51;0;0;0;0;0;1;7,1;7,2;7,6
26.11.2024;10:34:51;1;0;0;0;0;1;7,1;7,2;7,6
26.11.2024;10:34:52;0;0;0;0;0;1;7,1;7,2;7,6
26.11.2024;10:34:53;1;0;0;0;0;1;7,1;7,2;7,6
26.11.2024;10:34:53;0;0;0;0;0;1;7,1;7,2;7,6
26.11.2024;10:34:54;1;0;0;0;0;1;7,1;7,2;7,6
26.11.2024;10:34:55;0;0;0;0;0;1;7,1;7,2;7,6
26.11.2024;10:34:55;1;0;0;0;0;1;7,1;7,2;7,6
26.11.2024;10:34:56;0;0;0;0;0;1;7,1;7,2;7,6
26.11.2024;10:34:57;1;0;0;0;0;1;7,1;7,2;7,6
26.11.2024;10:34:57;0;0;0;0;0;1;7,1;7,2;7,6
26.11.2024;10:34:58;1;0;0;0;0;1;7,1;7,2;7,6
26.11.2024;10:34:59;0;0;0;0;0;1;7,1;7,2;7,6
26.11.2024;10:35:00;1;0;0;0;0;1;7,1;7,2;7,6
26.11.2024;10:35:00;0;0;0;0;0;1;7,1;7,2;7,6
26.11.2024;10:35:01;1;0;0;0;0;1;7,1;7,2;7,6
26.11.2024;10:35:02;0;0;0;0;0;1;7,1;7,2;7,6
26.11.2024;10:35:02;1;0;0;0;0;1;7,1;7,2;7,6
26.11.2024;10:35:03;0;0;0;0;0;1;7,1;7,2;7,6
26.11.2024;10:35:04;1;0;0;0;0;1;7,1;7,2;7,6
26.11.2024;10:35:04;0;0;0;0;0;1;7,1;7,2;7,6
26.11.2024;10:35:05;1;0;0;0;0;1;7,1;7,2;7,6
26.11.2024;10:35:06;0;0;0;0;0;1;7,1;7,2;7,6
26.11.2024;10:35:06;1;0;0;0;0;1;7,1;7,2;7,6
26.11.2024;10:35:07;0;0;0;0;0;1;7,1;7,2;7,6
26.11.2024;10:35:08;1;0;0;0;0;1;7,1;7,2;7,6
26.11.2024;10:35:09;0;0;0;0;0;1;7,1;7,2;7,6
26.11.2024;10:35:09;1;0;0;0;0;1;7,1;7,2;7,6
26.11.2024;10:35:10;0;0;0;0;0;1;7,1;7,2;7,6
26.11.2024;10:35:11;1;0;0;0;0;1;7,1;7,2;7,6
26.11.2024;10:35:11;0;0;0;0;0;1;7,1;7,2;7,6
26.11.2024;10:35:12;1;0;0;0;0;1;7,1;7,2;7,6
26.11.2024;10:35:13;0;0;0;0;0;1;7,1;7,2;7,6
26.11.2024;10:35:13;1;0;0;0;0;1;7,1;7,2;7,6
26.11.2024;10:35:14;0;0;0;0;0;1;7,1;7,2;7,6
26.11.2024;10:35:15;1;0;0;0;0;1;7,1;7,2;7,6
26.11.2024;10:35:15;0;0;0;0;0;1;7,1;7,2;7,6
26.11.2024;10:35:16;1;0;0;0;0;1;7,1;7,2;7,6
26.11.2024;10:35:17;0;0;0;0;0;1;7,1;7,2;7,6
26.11.2024;10:35:17;1;0;0;0;0;1;7,1;7,2;7,6
26.11.2024;10:35:18;0;0;0;0;0;1;7,1;7,2;7,6
26.11.2024;10:35:19;1;0;0;0;0;1;7,1;7,2;7,6
26.11.2024;10:35:19;0;0;0;0;0;1;7,1;7,2;7,6
26.11.2024;10:35:21;1;0;0;0;0;1;7,1;7,2;7,6
26.11.2024;10:35:21;0;0;0;0;0;1;7,1;7,2;7,6
26.11.2024;10:35:22;1;0;0;0;0;1;7,1;7,2;7,6
26.11.2024;10:35:23;0;0;0;0;0;1;7,1;7,2;7,6
26.11.2024;10:35:23;1;0;0;0;0;1;7,1;7,2;7,6
26.11.2024;10:35:24;0;0;0;0;0;1;7,1;7,2;7,6
26.11.2024;10:35:25;1;0;0;0;0;1;7,1;7,2;7,6
26.11.2024;10:35:25;0;0;0;0;0;1;7,1;7,2;7,6
26.11.2024;10:35:26;1;0;0;0;0;1;7,1;7,2;7,6
26.11.2024;10:35:27;0;0;0;0;0;1;7,1;7,2;7,6
26.11.2024;10:35:27;1;0;0;0;0;1;7,1;7,2;7,6
26.11.2024;10:35:28;0;0;0;0;0;1;7,1;7,2;7,6
26.11.2024;10:35:29;1;0;0;0;0;1;7,1;7,2;7,6
26.11.2024;10:35:30;0;0;0;0;0;1;7,1;7,2;7,6
26.11.2024;10:35:30;1;0;0;0;0;1;7,1;7,2;7,6
26.11.2024;10:35:31;0;0;0;0;0;1;7,1;7,2;7,6
26.11.2024;10:35:32;1;0;0;0;0;1;7,1;7,2;7,6
26.11.2024;10:35:32;0;0;0;0;0;1;7,1;7,2;7,6
26.11.2024;10:35:33;1;0;0;0;0;1;7,1;7,2;7,6
26.11.2024;10:35:34;0;0;0;0;0;1;7,1;7,2;7,7
26.11.2024;10:35:34;1;0;0;0;0;1;7,1;7,2;7,7
26.11.2024;10:35:35;0;0;0;0;0;1;7,1;7,1;7,6
26.11.2024;10:35:36;1;0;0;0;0;1;7,1;7,1;7,6
26.11.2024;10:35:36;0;0;0;0;0;1;7,1;7,1;7,6
26.11.2024;10:35:37;1;0;0;0;0;1;7,1;7,2;7,6
26.11.2024;10:35:38;0;0;0;0;0;1;7,1;7,2;7,6
26.11.2024;10:35:39;1;0;0;0;0;1;7,1;7,2;7,6
26.11.2024;10:35:39;0;0;0;0;0;1;7,1;7,2;7,6
26.11.2024;10:36:16;0;0;0;0;0;1;7,1;7,1;7,6
26.11.2024;11:11:34;0;0;0;0;0;0;7,2;7,2;7,4
26.11.2024;11:14:58;0;0;0;0;0;1;7,2;7,2;7,5
26.11.2024;13:14:58;0;0;0;0;0;1;8;8,1;8
26.11.2024;14:07:40;0;0;0;0;0;0;8,3;8,4;8,2
26.11.2024;14:34:26;0;0;0;0;0;1;8,5;8,7;8,6
26.11.2024;15:52:55;0;0;0;0;0;0;8;7,8;7,7
26.11.2024;15:54:39;0;0;0;0;0;1;8;7,8;7,7
26.11.2024;17:54:40;0;0;0;0;0;1;7,5;7,1;7,3
26.11.2024;19:54:40;0;0;0;0;0;1;5,1;4,1;4,2
26.11.2024;20:08:55;3;0;1;0;0;1;4,8;3,9;4,2
26.11.2024;20:11:07;1;0;1;0;0;1;7,1;3,9;4,2
26.11.2024;20:11:07;1;0;0;0;0;1;7,1;3,9;4,2
26.11.2024;21:15:03;0;0;0;0;0;0;4,5;3,4;3,7
26.11.2024;21:16:03;3;0;1;0;0;1;4,4;3,4;3,7
26.11.2024;21:18:27;1;0;1;0;0;1;7,1;3,3;3,7
26.11.2024;21:18:28;1;0;0;0;0;1;7,1;3,3;3,7
26.11.2024;21:47:52;0;0;0;0;0;0;5;3,1;3,4
26.11.2024;23:27:09;0;2;0;1;0;0;3,1;1,9;2,5
27.11.2024;01:27:09;0;2;0;1;0;0;1,9;1,2;2
27.11.2024;03:27:09;0;2;0;1;0;0;2,4;1,9;2,7
27.11.2024;05:27:10;0;2;0;1;0;0;2,9;2,6;3,6
27.11.2024;07:27:10;0;2;0;1;0;0;3,9;3,6;5
27.11.2024;08:08:19;0;0;0;0;0;0;4,2;4,1;5,5
27.11.2024;10:08:19;0;0;0;0;0;0;6,7;11;14,4
27.11.2024;12:08:19;0;0;0;0;0;0;11;14;10,9
27.11.2024;14:08:19;0;0;0;0;0;0;11,3;12,5;10,6
27.11.2024;16:08:20;0;0;0;0;0;0;9,3;9,3;6,7
27.11.2024;18:08:20;0;0;0;0;0;0;6;4,9;4,6
27.11.2024;20:08:20;0;0;0;0;0;0;4,9;4;4,7
27.11.2024;22:08:20;0;0;0;0;0;0;4,8;4;5,4
28.11.2024;00:08:21;0;0;0;0;0;0;4,8;4,2;5,7
28.11.2024;02:08:21;0;0;0;0;0;0;5,5;5;5,9
28.11.2024;02:11:21;0;0;0;0;0;1;5,5;5;5,9
28.11.2024;04:08:01;0;0;0;0;0;0;6;5,7;6,1
28.11.2024;04:12:06;0;0;0;0;0;1;6,1;5,7;6,1
28.11.2024;05:27:22;0;0;0;0;0;0;6,2;5,9;6,3
28.11.2024;05:29:41;0;0;0;0;0;1;6,2;5,9;6,3
28.11.2024;06:15:29;0;0;0;0;0;0;6,2;5,9;6,2
28.11.2024;06:30:02;0;0;0;0;0;1;6,2;5,9;6,3
28.11.2024;06:45:16;0;0;0;0;0;0;6,1;5,8;6,3
28.11.2024;07:12:35;0;0;0;0;0;1;6,1;5,7;6,6
28.11.2024;08:57:53;0;0;0;0;0;0;6,6;6,4;7,3
28.11.2024;09:02:18;0;0;0;0;0;1;6,6;6,3;7,1
28.11.2024;09:35:41;0;0;0;0;0;0;6,7;6,5;7,7
28.11.2024;10:11:56;0;0;0;0;0;1;6,9;7;8,6
28.11.2024;10:27:09;0;0;0;0;0;0;7,1;7,6;9,2
28.11.2024;12:27:09;0;0;0;0;0;0;9,2;9,3;8,8
28.11.2024;13:25:03;0;0;0;0;0;1;8,6;8,2;7,6
28.11.2024;14:23:00;0;0;0;0;0;0;7,1;6,2;6,8
28.11.2024;15:03:43;0;0;0;0;0;1;7,2;6,4;7,1
28.11.2024;15:26:26;0;0;0;0;0;0;6,7;5,9;6,3
28.11.2024;15:59:33;0;0;0;0;0;1;6,3;5,5;6,2
28.11.2024;16:16:00;0;0;0;0;0;0;6,1;5,4;5,8
28.11.2024;16:27:55;0;0;0;0;0;1;6,2;5,4;6
28.11.2024;18:27:55;0;0;0;0;0;1;5;4,7;4,6
28.11.2024;20:27:56;0;0;0;0;0;1;4,9;4,7;4,6
28.11.2024;22:02:21;0;0;0;0;0;0;5,1;4,9;4,9
28.11.2024;22:21:19;0;0;0;0;0;1;5,1;5;4,9
28.11.2024;23:12:11;0;0;0;0;0;0;5,2;5;5
28.11.2024;23:25:34;0;0;0;0;0;1;5,2;5,1;5
29.11.2024;01:25:35;0;0;0;0;0;1;5,5;5,4;5,5
29.11.2024;01:36:40;0;0;0;0;0;0;5,5;5,4;5,5
29.11.2024;02:12:19;0;0;0;0;0;1;5,7;5,5;5,6
29.11.2024;03:31:07;0;0;0;0;0;0;5,6;5,4;5,3
29.11.2024;04:06:51;0;0;0;0;0;1;5,5;5,2;5,4
29.11.2024;04:30:59;0;0;0;0;0;0;5,5;5,2;5,4
29.11.2024;05:23:45;0;0;0;0;0;1;5,7;5,5;5,5
29.11.2024;05:39:21;0;0;0;0;0;0;5,7;5,4;5,5
29.11.2024;06:19:10;0;0;0;0;0;1;5,6;5,3;5,5
29.11.2024;06:34:46;0;0;0;0;0;0;5,5;5,3;5,3
29.11.2024;06:40:45;0;0;0;0;0;1;5,5;5,3;5,3
29.11.2024;07:04:22;0;0;0;0;0;0;5,4;5,2;5,2
29.11.2024;08:08:51;0;0;0;0;0;1;5,4;5,2;5,3
29.11.2024;08:33:28;0;0;0;0;0;0;5,4;5,2;5,2
29.11.2024;08:35:23;0;0;0;0;0;1;5,4;5,2;5,2
29.11.2024;09:30:39;0;0;0;0;0;0;5,4;5,3;5,1
29.11.2024;11:30:39;0;0;0;0;0;0;5,5;5,2;5,2
29.11.2024;11:54:26;0;0;0;0;0;1;5,4;5,1;5,1
29.11.2024;12:42:35;0;0;0;0;0;0;5,3;5,1;5
29.11.2024;14:08:04;0;0;0;0;0;1;5,4;5,3;5,4
29.11.2024;14:40:55;0;0;0;0;0;0;5,4;5,2;5,3
29.11.2024;16:27:27;0;0;0;0;0;1;5;4,7;5
29.11.2024;17:57:20;0;0;0;0;0;0;4,8;4,4;4,8
29.11.2024;18:29:36;0;0;0;0;0;1;4,7;4,3;4,8
29.11.2024;19:24:03;0;0;0;0;0;0;4,5;4,1;4,5
29.11.2024;19:39:12;0;0;0;0;0;1;4,4;4,1;4,6
29.11.2024;19:54:31;0;0;0;0;0;0;4,4;4,2;4,7
29.11.2024;20:06:21;0;0;0;0;0;1;4,4;4,2;4,6
29.11.2024;20:28:57;0;0;0;0;0;0;4,5;4,2;4,7
29.11.2024;20:53:46;0;0;0;0;0;1;4,4;4,2;4,6
29.11.2024;21:57:25;0;0;0;0;0;0;4,3;4,1;4,5
29.11.2024;21:59:45;0;0;0;0;0;1;4,3;4,1;4,5
29.11.2024;22:29:52;0;0;0;0;0;0;4,3;4;4,5
29.11.2024;22:52:52;0;0;0;0;0;1;4,2;4;4,4
29.11.2024;23:03:18;3;0;1;0;0;1;4,2;3,9;4,4
29.11.2024;23:05:40;1;0;1;0;0;1;7,1;3,9;4,4
29.11.2024;23:05:41;1;0;0;0;0;1;7,1;3,9;4,4
29.11.2024;23:34:13;0;0;0;0;0;0;5,3;3,9;4,3
29.11.2024;23:48:16;3;0;1;0;0;1;4,9;3,9;4,2
29.11.2024;23:50:16;1;0;1;0;0;1;7,1;3,9;4,2
29.11.2024;23:50:17;1;0;0;0;0;1;7,1;3,9;4,2
30.11.2024;00:26:00;0;0;0;0;0;0;5,4;3,9;4,1
30.11.2024;01:50:51;3;0;1;0;0;1;4,4;3,7;4
30.11.2024;01:53:07;1;0;1;0;0;1;7,1;3,7;4
30.11.2024;01:53:08;1;0;0;0;0;1;7,1;3,7;4
30.11.2024;02:06:18;0;0;0;0;0;0;6,3;3,7;4
30.11.2024;02:17:50;3;0;1;0;0;1;5,6;3,7;3,9
30.11.2024;02:19:31;1;0;1;0;0;1;7,1;3,7;3,9
30.11.2024;02:19:32;1;0;0;0;0;1;7,1;3,7;3,9
30.11.2024;02:33:01;0;0;0;0;0;0;6,7;3,6;3,9
30.11.2024;02:52:59;3;0;1;0;0;1;5,6;3,6;3,8
30.11.2024;02:54:44;1;0;1;0;0;1;7,1;3,6;3,8
30.11.2024;02:54:45;1;0;0;0;0;1;7,1;3,6;3,8
30.11.2024;03:09:51;0;0;0;0;0;0;6,7;3,5;3,9
30.11.2024;04:17:32;3;0;1;0;0;1;4,9;3,5;3,8
30.11.2024;04:19:41;1;0;1;0;0;1;7,1;3,5;3,8
30.11.2024;04:19:42;1;0;0;0;0;1;7,1;3,5;3,8
30.11.2024;04:32:51;0;0;0;0;0;0;6,7;3,5;3,8
30.11.2024;04:37:39;3;0;1;0;0;1;6,3;3,5;3,8
30.11.2024;04:39:04;1;0;1;0;0;1;7,1;3,5;3,8
30.11.2024;04:39:05;1;0;0;0;0;1;7,1;3,5;3,9
30.11.2024;05:08:12;0;0;0;0;0;0;6;3,4;3,8
30.11.2024;05:25:18;3;0;1;0;0;1;5,5;3,4;3,8
30.11.2024;05:27:10;1;0;1;0;0;1;7,1;3,4;3,8
30.11.2024;05:27:11;1;0;0;0;0;1;7,1;3,4;3,8
30.11.2024;06:14:14;0;0;0;0;0;0;5,4;3,5;3,7
30.11.2024;06:19:50;3;0;1;0;0;1;5,3;3,6;3,7
30.11.2024;06:21:51;1;0;1;0;0;1;7,1;3,6;3,7
30.11.2024;06:21:52;1;0;0;0;0;1;7,1;3,6;3,7
30.11.2024;08:21:52;1;0;0;0;0;1;4,9;3,7;4
30.11.2024;09:02:06;0;0;0;0;0;0;5;4,2;4,9
30.11.2024;09:24:32;0;0;0;0;0;1;5,2;4,6;5,3
30.11.2024;10:35:06;0;0;0;0;0;0;6,3;6,4;6,5
30.11.2024;12:06:24;0;0;0;0;0;1;7,4;8,3;6,9
30.11.2024;12:21:38;0;0;0;0;0;0;7,5;8,4;6,7
30.11.2024;12:22:33;0;0;0;0;0;1;7,6;8,5;6,7
30.11.2024;12:37:38;0;0;0;0;0;0;8,2;10;7,8
30.11.2024;13:03:24;0;0;0;0;0;1;8,4;9,6;6,7
30.11.2024;13:20:13;0;0;0;0;0;0;8,5;11;8,7
30.11.2024;13:53:29;0;0;0;0;0;1;8,8;13,3;9
30.11.2024;14:08:34;0;0;0;0;0;0;9,2;13,8;9,6
30.11.2024;16:08:34;0;0;0;0;0;0;5,6;6;3
30.11.2024;17:57:29;0;2;0;1;0;0;3;1,9;1,4
30.11.2024;19:57:30;0;2;0;1;0;0;1,9;0,8;1,7
30.11.2024;21:57:30;0;2;0;1;0;0;0,6;-0,2;0,8
30.11.2024;23:57:30;0;2;0;1;0;0;-0,3;-0,8;-0,8
01.12.2024;01:57:31;0;2;0;1;0;0;-0,5;-1,3;0
01.12.2024;03:57:31;0;2;0;1;0;0;-1,1;-1,8;-0,6
01.12.2024;05:57:31;0;2;0;1;0;0;-1;-1,7;-0,7
01.12.2024;07:57:31;0;2;0;1;0;0;-2;-2,9;-3,1
01.12.2024;09:57:32;0;2;0;1;0;0;0,5;4;6,3
01.12.2024;09:57:45;0;0;0;0;0;0;0,5;4,1;6,3
01.12.2024;11:57:46;0;0;0;0;0;0;4,8;14,3;8,3
01.12.2024;13:57:46;0;0;0;0;0;0;8,2;14,7;5,8
01.12.2024;15:57:46;0;0;0;0;0;0;4,5;4,5;0,4
01.12.2024;16:55:06;0;2;0;1;0;0;3,2;1,9;-1,1
01.12.2024;18:55:06;0;2;0;1;0;0;0,8;-0,3;0
01.12.2024;20:55:06;0;2;0;1;0;0;-0,2;-1,2;-0,4
01.12.2024;22:55:06;0;2;0;1;0;0;-1,2;-2,2;-1
02.12.2024;00:55:07;0;2;0;1;0;0;-1,5;-2,4;-1,6
02.12.2024;02:55:07;0;2;0;1;0;0;-2,6;-3,8;-3,4
02.12.2024;04:55:07;0;2;0;1;0;0;-3,1;-4,4;-3,3
02.12.2024;06:55:07;0;2;0;1;0;0;-3,9;-5,2;-4,2
02.12.2024;08:55:08;0;2;0;1;0;0;-3,6;-3,6;5,7
02.12.2024;09:57:20;0;0;0;0;0;0;-0,2;4,1;11,4
02.12.2024;11:57:20;0;0;0;0;0;0;7;17,4;14,6
02.12.2024;13:57:20;0;0;0;0;0;0;11,5;19,4;13,7
02.12.2024;15:57:20;0;0;0;0;0;0;8,4;10,1;5,5
02.12.2024;17:57:21;0;0;0;0;0;0;5,1;4,6;3,1
02.12.2024;19:57:21;0;0;0;0;0;0;4,3;3,8;4,2
02.12.2024;21:57:21;0;0;0;0;0;0;4,4;4,2;4,9
02.12.2024;22:12:14;0;0;0;0;0;1;4,5;4,4;4,8
02.12.2024;22:39:31;0;0;0;0;0;0;4,5;4,3;4,9
03.12.2024;00:39:31;0;0;0;0;0;0;4,6;4,4;5,3
03.12.2024;02:39:31;0;0;0;0;0;0;5,4;5,2;5,8
03.12.2024;04:36:59;0;0;0;0;0;1;5,2;5;5,1
03.12.2024;06:37:00;0;0;0;0;0;1;4,7;4,5;4,3
03.12.2024;08:37:00;0;0;0;0;0;1;4,5;4,3;4,1
03.12.2024;10:37:00;0;0;0;0;0;1;4,8;4,7;4,4
03.12.2024;12:12:39;0;0;0;0;0;0;5,4;5,4;5,1
03.12.2024;12:26:02;0;0;0;0;0;1;5,5;5,6;5,1
03.12.2024;12:54:00;0;0;0;0;0;0;5,7;5,8;5,4
03.12.2024;13:21:38;0;0;0;0;0;1;5,7;5,8;5,3
03.12.2024;13:46:24;0;0;0;0;0;0;5,7;5,8;5,3
03.12.2024;15:20:24;0;0;0;0;0;1;5,4;5,2;5
03.12.2024;15:49:47;0;0;0;0;0;0;5,3;5,1;4,8
03.12.2024;15:57:01;0;0;0;0;0;1;5,2;5;4,8
03.12.2024;16:23:14;0;0;0;0;0;0;5,3;5;4,7
03.12.2024;17:32:59;0;0;0;0;0;1;4,8;4,5;4,6
03.12.2024;18:46:36;0;0;0;0;0;0;4,5;4,3;4,1
03.12.2024;20:46:36;0;0;0;0;0;0;4,3;4;4,1
03.12.2024;22:27:39;3;0;1;0;0;1;3;2;1,7
03.12.2024;22:30:58;1;0;1;0;0;1;7,1;2;1,7
03.12.2024;22:30:59;1;0;0;0;0;1;7,1;2;1,7
03.12.2024;22:35:02;1;2;0;1;0;1;7,1;1,9;1,7
03.12.2024;22:56:20;3;2;1;1;0;1;3,9;1,5;1,4
03.12.2024;22:59:01;1;2;1;1;0;1;7,1;1,5;1,4
03.12.2024;22:59:02;1;2;0;1;0;1;7,1;1,5;1,5
03.12.2024;23:28:32;3;2;1;1;0;1;3,9;1,3;1,5
03.12.2024;23:31:13;1;2;1;1;0;1;7,1;1,3;1,4
03.12.2024;23:31:14;1;2;0;1;0;1;7,1;1,3;1,4
03.12.2024;23:35:41;0;2;0;1;0;0;7,3;1,2;1,3
03.12.2024;23:45:23;3;2;1;1;0;1;5,3;1,3;1,4
03.12.2024;23:47:23;1;2;1;1;0;1;7,1;1,4;1,6
03.12.2024;23:47:24;1;2;0;1;0;1;7,1;1,4;1,6
04.12.2024;00:00:43;0;2;0;1;0;0;5,9;1,5;2,2
04.12.2024;00:34:17;3;2;1;1;0;1;4,1;2,1;3
04.12.2024;00:36:53;1;2;1;1;0;1;7,1;2,1;3
04.12.2024;00:36:53;1;2;0;1;0;1;7,1;2,1;3
04.12.2024;01:40:47;3;2;1;1;0;1;3,9;2,8;2,9
04.12.2024;01:43:21;1;2;1;1;0;1;7,1;2,8;2,9
04.12.2024;01:43:22;1;2;0;1;0;1;7,1;2,8;2,9
04.12.2024;02:18:47;0;2;0;1;0;0;4,8;2,9;3,2
04.12.2024;02:24:10;3;2;1;1;0;1;4,6;2,9;3,2
04.12.2024;02:26:27;1;2;1;1;0;1;7,1;2,9;3,2
04.12.2024;02:26:27;1;2;0;1;0;1;7,1;2,9;3,2
04.12.2024;03:17:40;0;2;0;1;0;0;4,7;3,2;3,6
04.12.2024;03:31:12;3;2;1;1;0;1;4,5;3,3;3,7
04.12.2024;03:33:30;1;2;1;1;0;1;7,1;3,3;3,7
04.12.2024;03:33:31;1;2;0;1;0;1;7,1;3,3;3,7
04.12.2024;04:08:25;0;2;0;1;0;0;4,9;3,5;3,8
04.12.2024;05:07:48;3;2;1;1;0;1;4,3;3,7;3,9
04.12.2024;05:10:16;1;2;1;1;0;1;7,1;3,8;4
04.12.2024;05:10:17;1;2;0;1;0;1;7,1;3,8;4
04.12.2024;05:23:26;0;2;0;1;0;0;6,1;3,8;4
04.12.2024;06:19:40;0;2;0;1;0;1;4,6;4;4,2
04.12.2024;06:46:17;3;2;1;1;0;1;4,4;3,9;4,1
04.12.2024;06:48:40;1;2;1;1;0;1;7,1;4;4,1
04.12.2024;06:48:41;1;2;0;1;0;1;7,1;4;4,1
04.12.2024;06:56:20;0;2;0;1;0;0;6,7;3,9;4
04.12.2024;08:39:39;0;0;0;0;0;0;4,7;4,1;4,1
04.12.2024;10:39:39;0;0;0;0;0;0;5,4;5,4;5,4
04.12.2024;12:15:45;0;0;0;0;0;1;6,4;7;6,4
04.12.2024;12:30:54;0;0;0;0;0;0;6,5;7,1;6,3
04.12.2024;14:04:20;0;0;0;0;0;1;6,3;6,5;5,6
04.12.2024;14:19:31;0;0;0;0;0;0;6,3;6,7;6,2
04.12.2024;15:32:31;0;0;0;0;0;1;5,4;5,3;3,8
04.12.2024;15:48:53;0;0;0;0;0;0;5,2;4,8;2,8
04.12.2024;16:00:50;0;0;0;0;0;1;5,1;4,4;2,5
04.12.2024;16:13:37;3;0;1;0;0;1;4,9;3,9;1,8
04.12.2024;16:15:56;1;0;1;0;0;1;7,1;3,8;1,7
04.12.2024;16:15:57;1;0;0;0;0;1;7,1;3,8;1,7
04.12.2024;16:20:50;0;0;0;0;0;0;7,8;3,7;1,7
04.12.2024;18:17:25;0;2;0;1;0;0;3,3;1,9;2,1
04.12.2024;20:17:25;0;2;0;1;0;0;0,8;-0,4;-0,2
04.12.2024;22:17:26;0;2;0;1;0;0;-0,3;-1,5;-0,1
04.12.2024;22:46:49;0;2;0;1;0;1;-0,7;-1,9;-1,1
04.12.2024;23:21:07;0;2;0;1;0;0;-0,6;-1,6;-0,6
04.12.2024;23:21:18;0;2;0;1;0;1;-0,6;-1,6;-0,6
04.12.2024;23:36:51;0;2;0;1;0;0;-0,5;-1,4;-0,3
05.12.2024;01:36:51;0;2;0;1;0;0;0,1;0;0,3
05.12.2024;01:39:26;3;2;1;1;0;1;0,3;0;0,3
05.12.2024;01:44:21;1;2;1;1;0;1;7,1;0;0,4
05.12.2024;01:44:21;1;2;0;1;0;1;7,1;0;0,4
05.12.2024;02:01:49;3;2;1;1;0;1;3,9;0,2;0,6
05.12.2024;02:04:49;1;2;1;1;0;1;7,1;0,3;0,5
05.12.2024;02:04:50;1;2;0;1;0;1;7,1;0,3;0,5
05.12.2024;02:18:07;0;2;0;1;0;0;5,1;0,3;0,6
05.12.2024;02:22:20;3;2;1;1;0;1;4,6;0,4;0,6
05.12.2024;02:25:05;1;2;1;1;0;1;7,1;0,4;0,6
05.12.2024;02:25:06;1;2;0;1;0;1;7,1;0,4;0,6
05.12.2024;02:38:45;0;2;0;1;0;0;5,4;0,5;0,8
05.12.2024;03:02:58;3;2;1;1;0;1;3,5;0,5;1,2
05.12.2024;03:06:10;1;2;1;1;0;1;7,1;0,5;1,2
05.12.2024;03:06:11;1;2;0;1;0;1;7,1;0,5;1,2
05.12.2024;03:21:25;0;2;0;1;0;0;5,1;0,6;1,4
05.12.2024;05:21:26;0;2;0;1;0;0;2,2;1,1;2,1
05.12.2024;06:58:08;3;2;1;1;0;1;2,2;1,7;2,5
05.12.2024;07:01:58;1;2;1;1;0;1;7,1;1,8;2,6
05.12.2024;07:01:59;1;2;0;1;0;1;7,1;1,8;2,6
05.12.2024;07:16:18;0;2;0;1;0;0;5,1;1,8;2,6
05.12.2024;09:16:18;0;2;0;1;0;0;3,3;3;3,7
05.12.2024;10:18:12;0;2;0;1;0;1;4,1;4;4,5
05.12.2024;10:21:58;0;0;0;0;0;1;4,1;4,1;4,5
05.12.2024;11:21:46;0;0;0;0;0;0;5,5;5,6;5,8
05.12.2024;13:21:47;0;0;0;0;0;0;6,3;6,7;5,9
05.12.2024;15:21:47;0;0;0;0;0;0;5,6;6,6;4,8
05.12.2024;17:21:48;0;0;0;0;0;0;3;2;2,1
05.12.2024;17:24:28;0;2;0;1;0;0;3;1,9;2
05.12.2024;19:24:28;0;2;0;1;0;0;1,1;0;0,7
05.12.2024;21:24:28;0;2;0;1;0;0;0,3;-0,4;0,7
05.12.2024;23:24:29;0;2;0;1;0;0;0,6;0;1,4
06.12.2024;01:24:29;0;2;0;1;0;0;1;0,4;1,2
06.12.2024;03:24:29;0;2;0;1;0;0;-0,2;-0,9;-0,1
06.12.2024;05:24:29;0;2;0;1;0;0;0;-0,5;0,3
06.12.2024;07:24:30;0;2;0;1;0;0;0,4;0,1;1,2
06.12.2024;09:24:31;0;2;0;1;0;0;1,8;1,8;2,8
06.12.2024;09:57:45;3;2;1;1;0;1;2;2;2,1
06.12.2024;10:01:37;1;2;1;1;0;1;7,1;2;1,9
06.12.2024;10:01:38;1;2;0;1;0;1;7,1;2;1,9
06.12.2024;10:17:56;3;2;1;1;0;1;3,9;1,9;1,1
06.12.2024;10:20:46;1;2;1;1;0;1;7,1;1,8;1
06.12.2024;10:20:47;1;2;0;1;0;1;7,1;1,8;1
06.12.2024;10:40:47;3;2;1;1;0;1;3,9;1,6;0,6
06.12.2024;10:43:32;1;2;1;1;0;1;7,1;1,6;0,5
06.12.2024;10:43:32;1;2;0;1;0;1;7,1;1,6;0,5
06.12.2024;11:05:06;3;2;1;1;0;1;3,9;1,4;0,3
06.12.2024;11:07:50;1;2;1;1;0;1;7,1;1,4;0,3
06.12.2024;11:07:51;1;2;0;1;0;1;7,1;1,4;0,3
06.12.2024;11:32:13;3;2;1;1;0;1;3,9;1,3;0,5
06.12.2024;11:34:58;1;2;1;1;0;1;7,1;1,3;0,5
06.12.2024;11:34:59;1;2;0;1;0;1;7,1;1,3;0,5
06.12.2024;12:00:36;3;2;1;1;0;1;3,9;1,3;0,9
06.12.2024;12:03:16;1;2;1;1;0;1;7,1;1,3;0,9
06.12.2024;12:03:17;1;2;0;1;0;1;7,1;1,3;0,9
06.12.2024;12:24:59;3;2;1;1;0;1;3,9;1,3;1,2
06.12.2024;12:27:37;1;2;1;1;0;1;7,1;1,3;1,2
06.12.2024;12:27:38;1;2;0;1;0;1;7,1;1,3;1,2
06.12.2024;12:51:51;3;2;1;1;0;1;3,9;1,4;1,2
06.12.2024;12:54:29;1;2;1;1;0;1;7,1;1,4;1,2
06.12.2024;12:54:30;1;2;0;1;0;1;7,1;1,4;1,2
06.12.2024;13:20:59;3;2;1;1;0;1;3,9;1,5;1,2
06.12.2024;13:23:40;1;2;1;1;0;1;7,1;1,5;1,2
06.12.2024;13:23:41;1;2;0;1;0;1;7,1;1,5;1,2
06.12.2024;13:47:48;3;2;1;1;0;1;3,9;1,6;1,4
06.12.2024;13:50:26;1;2;1;1;0;1;7,1;1,6;1,5
06.12.2024;13:50:27;1;2;0;1;0;1;7,1;1,6;1,5
06.12.2024;14:03:11;0;2;0;1;0;0;5,3;1,9;2
06.12.2024;16:03:11;0;2;0;1;0;0;3;2,3;2,6
06.12.2024;16:51:45;3;2;1;1;0;1;2,8;2,3;2,6
06.12.2024;16:54:57;1;2;1;1;0;1;7,1;2,4;2,6
06.12.2024;16:54:58;1;2;0;1;0;1;7,1;2,4;2,6
06.12.2024;17:27:39;3;2;1;1;0;1;3,9;2,4;2,7
06.12.2024;17:30:17;1;2;1;1;0;1;7,1;2,5;2,7
06.12.2024;17:30:18;1;2;0;1;0;1;7,1;2,5;2,7
06.12.2024;18:15:10;3;2;1;1;0;1;3,9;2,6;2,9
06.12.2024;18:17:46;1;2;1;1;0;1;7,1;2,6;2,9
06.12.2024;18:17:47;1;2;0;1;0;1;7,1;2,6;3
06.12.2024;19:18:54;3;2;1;1;0;1;3,9;2,8;3,3
06.12.2024;19:21:28;1;2;1;1;0;1;7,1;2,8;3,4
06.12.2024;19:21:29;1;2;0;1;0;1;7,1;2,8;3,4
06.12.2024;20:50:14;3;2;1;1;0;1;3,9;2,9;3,4
06.12.2024;20:52:48;1;2;1;1;0;1;7,1;2,9;3,3
06.12.2024;20:52:49;1;2;0;1;0;1;7,1;2,9;3,3
06.12.2024;22:52:38;3;2;1;1;0;1;3,9;3,2;3,9
06.12.2024;22:55:09;1;2;1;1;0;1;7,1;3,2;3,9
06.12.2024;22:55:10;1;2;0;1;0;1;7,1;3,2;3,9
07.12.2024;00:55:10;1;2;0;1;0;1;4,1;3,3;4
07.12.2024;01:25:48;3;2;1;1;0;1;3,9;3,3;4,1
07.12.2024;01:28:19;1;2;1;1;0;1;7,1;3,3;4,1
07.12.2024;01:28:20;1;2;0;1;0;1;7,1;3,3;4,1
07.12.2024;01:42:47;0;2;0;1;0;0;5,9;3,3;4,1
07.12.2024;01:44:28;3;2;1;1;0;1;5,8;3,3;4,1
07.12.2024;01:46:03;1;2;1;1;0;1;7,1;3,3;4,1
07.12.2024;01:46:04;1;2;0;1;0;1;7,1;3,3;4,1
07.12.2024;02:01:33;0;2;0;1;0;0;6,1;3,3;4,1
07.12.2024;02:42:23;3;2;1;1;0;1;4,7;3,4;4,1
07.12.2024;02:44:31;1;2;1;1;0;1;7,1;3,4;4,1
07.12.2024;02:44:32;1;2;0;1;0;1;7,1;3,4;4,1
07.12.2024;03:37:58;0;2;0;1;0;0;4,8;3,5;4,3
07.12.2024;04:02:41;3;2;1;1;0;1;4,6;3,6;4,3
07.12.2024;04:04:55;1;2;1;1;0;1;7,1;3,7;4,3
07.12.2024;04:04:56;1;2;0;1;0;1;7,1;3,7;4,3
07.12.2024;06:04:56;1;2;0;1;0;1;4;3,2;3,5
07.12.2024;06:05:54;3;2;1;1;0;1;3,9;3,2;3,6
07.12.2024;06:08:27;1;2;1;1;0;1;7,1;3,2;3,5
07.12.2024;06:08:27;1;2;0;1;0;1;7,1;3,2;3,5
07.12.2024;07:32:21;3;2;1;1;0;1;3,9;3,1;4
07.12.2024;07:34:54;1;2;1;1;0;1;7,1;3,2;4
07.12.2024;07:34:54;1;2;0;1;0;1;7,1;3,2;4
07.12.2024;09:06:34;1;0;0;0;0;1;4,6;4,1;4,8
07.12.2024;09:13:46;0;0;0;0;0;0;4,6;4,2;5
07.12.2024;09:21:51;0;0;0;0;0;1;4,7;4,3;5
07.12.2024;11:21:51;0;0;0;0;0;1;6,7;8,5;9,1
07.12.2024;11:27:03;0;0;0;0;0;0;6,7;8,5;8,6
07.12.2024;13:27:03;0;0;0;0;0;0;7,2;7,4;7,1
07.12.2024;15:27:03;0;0;0;0;0;0;6,5;6,5;5,9
07.12.2024;17:25:18;0;0;0;0;0;0;4,9;4,2;4,3
07.12.2024;19:25:18;0;0;0;0;0;0;3,2;2,3;2,7
07.12.2024;19:57:57;0;2;0;1;0;0;2,8;1,9;2,5
07.12.2024;21:57:57;0;2;0;1;0;0;1,5;0,6;1,5
07.12.2024;23:57:57;0;2;0;1;0;0;0,9;0,2;1,3
08.12.2024;01:57:58;0;2;0;1;0;0;0;-0,6;0,6
08.12.2024;03:57:58;0;2;0;1;0;0;-0,4;-1;0,1
08.12.2024;05:57:58;0;2;0;1;0;0;-1,2;-2;-1,6
08.12.2024;07:57:59;0;2;0;1;0;0;-1,1;-1,7;-0,7
08.12.2024;09:57:59;0;2;0;1;0;0;1,2;1,1;2
08.12.2024;11:57:59;0;2;0;1;0;0;2,4;2,8;3,2
08.12.2024;13:58:00;0;2;0;1;0;0;3,7;3,9;3,2
08.12.2024;15:58:00;0;2;0;1;0;0;3;2,6;2
08.12.2024;17:58:00;0;2;0;1;0;0;2,1;1,9;1,6
08.12.2024;19:58:00;0;2;0;1;0;0;2;1,7;1,7
08.12.2024;21:58:01;0;2;0;1;0;0;2,2;1,8;1,9
08.12.2024;23:58:01;0;2;0;1;0;0;2;1,7;1,9
09.12.2024;01:58:01;0;2;0;1;0;0;2,2;1,7;1,9
09.12.2024;03:58:01;0;2;0;1;0;0;1,9;1,5;1,8
09.12.2024;05:58:02;0;2;0;1;0;0;1,8;1,5;1,8
09.12.2024;07:58:02;0;2;0;1;0;0;2,1;1,9;2,2
09.12.2024;09:11:23;3;2;1;1;0;1;2,3;2,2;2,4
09.12.2024;09:15:24;1;2;1;1;0;1;7,1;2,2;2,4
09.12.2024;09:15:25;1;2;0;1;0;1;7,1;2,2;2,5
09.12.2024;09:27:11;0;2;0;1;0;0;5,3;2,4;2,6
09.12.2024;11:03:32;3;2;1;1;0;1;3,5;3,3;3,1
09.12.2024;11:06:45;1;2;1;1;0;1;7,1;3,3;3,2
09.12.2024;11:06:46;1;2;0;1;0;1;7,1;3,3;3,2
09.12.2024;13:02:02;1;0;0;0;0;1;4,2;4,1;3,7
09.12.2024;13:36:03;0;0;0;0;0;0;4,4;4,4;4
09.12.2024;13:38:18;0;0;0;0;0;1;4,4;4,4;4
09.12.2024;14:13:24;0;0;0;0;0;0;4,4;4,3;3,8
09.12.2024;14:49:12;3;0;1;0;0;1;4,1;3,9;3,6
09.12.2024;14:51:56;1;0;1;0;0;1;7,1;3,8;3,7
09.12.2024;14:51:57;1;0;0;0;0;1;7,1;3,8;3,7
09.12.2024;15:48:30;3;0;1;0;0;1;3,9;3,4;3,2
09.12.2024;15:49:27;0;0;0;0;0;0;4,2;3,4;3,2
09.12.2024;16:00:02;3;0;1;0;0;1;4,6;3,3;3,2
09.12.2024;16:02:27;1;0;1;0;0;1;7,1;3,3;3,3
09.12.2024;16:02:27;1;0;0;0;0;1;7,1;3,3;3,3
09.12.2024;16:42:15;3;0;1;0;0;1;3,9;3,1;2,9
09.12.2024;16:44:53;1;0;1;0;0;1;7,1;3,1;2,9
09.12.2024;16:44:54;1;0;0;0;0;1;7,1;3,1;2,9
09.12.2024;17:16:24;3;0;1;0;0;1;3,9;2,9;2,6
09.12.2024;17:19:03;1;0;1;0;0;1;7,1;2,9;2,6
09.12.2024;17:19:04;1;0;0;0;0;1;7,1;2,9;2,6
09.12.2024;17:25:48;0;0;0;0;0;0;6,3;2,9;2,6
09.12.2024;17:37:02;3;0;1;0;0;1;4,7;2,8;2,6
09.12.2024;17:39:23;1;0;1;0;0;1;7,1;2,8;2,6
09.12.2024;17:39:24;1;0;0;0;0;1;7,1;2,8;2,6
09.12.2024;17:52:19;0;0;0;0;0;0;5,4;2,8;2,6
09.12.2024;18:19:50;3;0;1;0;0;1;3,7;2,7;2,5
09.12.2024;18:22:37;1;0;1;0;0;1;7,1;2,7;2,5
09.12.2024;18:22:37;1;0;0;0;0;1;7,1;2,7;2,5
09.12.2024;18:52:10;3;0;1;0;0;1;3,9;2,6;2,4
09.12.2024;18:54:51;1;0;1;0;0;1;7,1;2,6;2,4
09.12.2024;18:54:52;1;0;0;0;0;1;7,1;2,6;2,4
09.12.2024;19:15:31;0;0;0;0;0;0;4,5;2,6;2,3
09.12.2024;19:28:05;3;0;1;0;0;1;3,8;2,5;2,3
09.12.2024;19:30:53;1;0;1;0;0;1;7,1;2,5;2,3
09.12.2024;19:30:54;1;0;0;0;0;1;7,1;2,5;2,3
09.12.2024;19:53:55;0;0;0;0;0;0;4,1;2,4;2,2
09.12.2024;20:02:29;3;0;1;0;0;1;3,7;2,4;2,2
09.12.2024;20:05:19;1;0;1;0;0;1;7,1;2,4;2,2
09.12.2024;20:05:20;1;0;0;0;0;1;7,1;2,4;2,2
09.12.2024;20:18:50;0;0;0;0;0;0;4,9;2,4;2,2
09.12.2024;20:21:38;3;0;1;0;0;1;4,6;2,4;2,2
09.12.2024;20:24:03;1;0;1;0;0;1;7,1;2,4;2,2
09.12.2024;20:24:04;1;0;0;0;0;1;7,1;2,4;2,2
09.12.2024;20:38:06;0;0;0;0;0;0;4,9;2,4;2,1
09.12.2024;20:43:44;3;0;1;0;0;1;4,4;2,4;2,1
09.12.2024;20:46:13;1;0;1;0;0;1;7,1;2,3;2
09.12.2024;20:46:14;1;0;0;0;0;1;7,1;2,3;2,1
09.12.2024;21:12:15;3;0;1;0;0;1;3,9;2,2;1,9
09.12.2024;21:12:53;0;0;0;0;0;0;4;2,2;2
09.12.2024;21:14:40;3;0;1;0;0;1;5;2,2;1,9
09.12.2024;21:16:57;1;0;1;0;0;1;7,1;2,2;2
09.12.2024;21:16:58;1;0;0;0;0;1;7,1;2,2;2
09.12.2024;21:39:20;3;0;1;0;0;1;3,9;2,1;1,9
09.12.2024;21:42:05;1;0;1;0;0;1;7,1;2,1;1,9
09.12.2024;21:42:06;1;0;0;0;0;1;7,1;2,1;1,9
09.12.2024;22:06:45;3;0;1;0;0;1;3,9;2,1;1,9
09.12.2024;22:09:26;1;0;1;0;0;1;7,1;2,1;1,9
09.12.2024;22:09:27;1;0;0;0;0;1;7,1;2,1;1,9
09.12.2024;22:14:20;0;0;0;0;0;0;6,8;2,1;1,9
09.12.2024;22:14:53;3;0;1;0;0;1;6,6;2,1;1,9
09.12.2024;22:16:09;1;0;1;0;0;1;7,1;2,1;1,9
09.12.2024;22:16:09;1;0;0;0;0;1;7,1;2,1;2
09.12.2024;22:38:06;0;0;0;0;0;0;4,3;2,1;1,9
09.12.2024;22:51:37;3;0;1;0;0;1;3,6;2,1;1,9
09.12.2024;22:54:29;1;0;1;0;0;1;7,1;2,1;1,9
09.12.2024;22:54:30;1;0;0;0;0;1;7,1;2,1;1,9
09.12.2024;23:06:45;0;0;0;0;0;0;5;2;1,8
10.12.2024;00:07:05;0;2;0;1;0;0;2,6;1,9;1,7
10.12.2024;02:07:06;0;2;0;1;0;0;2;1,7;1,4
10.12.2024;04:07:06;0;2;0;1;0;0;1,6;1,3;1
10.12.2024;06:07:07;0;2;0;1;0;0;1,3;1,1;1
10.12.2024;08:07:07;0;2;0;1;0;0;1,5;1,3;1,2
10.12.2024;10:07:07;0;2;0;1;0;0;1,9;1,8;1,4
10.12.2024;12:07:08;0;2;0;1;0;0;2;1,9;1,5
10.12.2024;14:07:08;0;2;0;1;0;0;1,6;1,5;1
10.12.2024;16:07:08;0;2;0;1;0;0;1,2;0,8;0,6
10.12.2024;18:07:08;0;2;0;1;0;0;1;0,6;0,5
10.12.2024;20:07:09;0;2;0;1;0;0;0,8;0,5;0,7
10.12.2024;22:07:09;0;2;0;1;0;0;0,9;0,8;0,9
11.12.2024;00:07:09;0;2;0;1;0;0;0,9;0,6;0,6
11.12.2024;02:07:09;0;2;0;1;0;0;0,8;0,4;0,8
11.12.2024;04:07:10;0;2;0;1;0;0;0,8;0,4;0,8
11.12.2024;06:07:10;0;2;0;1;0;0;0,9;0,7;0,9
11.12.2024;06:17:03;3;2;1;1;0;1;0,9;0,7;0,8
11.12.2024;06:21:38;1;2;1;1;0;1;7,1;0,7;0,8
11.12.2024;06:21:39;1;2;0;1;0;1;7,1;0,7;0,8
11.12.2024;06:32:29;0;2;0;1;0;0;4,4;0,7;0,8
11.12.2024;08:32:30;0;2;0;1;0;0;1,3;1;1,3
11.12.2024;10:19:41;0;0;0;0;0;0;3,7;4,1;4,2
11.12.2024;12:19:42;0;0;0;0;0;0;3,2;3,1;2,3
11.12.2024;14:19:42;0;0;0;0;0;0;3,3;3;2,3
11.12.2024;16:19:42;0;0;0;0;0;0;2,5;2,1;1,8
11.12.2024;17:47:23;0;2;0;1;0;0;2,3;1,9;1,9
11.12.2024;19:47:24;0;2;0;1;0;0;2,1;1,9;1,8
11.12.2024;21:47:24;0;2;0;1;0;0;2;1,8;1,7
11.12.2024;23:47:24;0;2;0;1;0;0;1,8;1,8;1,5
12.12.2024;01:47:24;0;2;0;1;0;0;1,6;1,4;1,4
12.12.2024;03:47:25;0;2;0;1;0;0;1,6;1,5;1,4
12.12.2024;05:47:25;0;2;0;1;0;0;1,4;1,1;1
12.12.2024;07:47:26;0;2;0;1;0;0;1,2;0,9;1
12.12.2024;09:47:26;0;2;0;1;0;0;1,7;1,7;1,7
12.12.2024;11:47:27;0;2;0;1;0;0;2,5;2,6;2,1
12.12.2024;12:37:45;3;2;1;1;0;1;3;3,2;2,9
12.12.2024;12:40:59;1;2;1;1;0;1;7,1;3,2;2,8
12.12.2024;12:41:00;1;2;0;1;0;1;7,1;3,2;2,8
12.12.2024;13:07:45;0;2;0;1;0;0;4,7;3,3;2,6
12.12.2024;15:07:45;0;2;0;1;0;0;3,3;3;2,1
12.12.2024;17:07:46;0;2;0;1;0;0;2,1;1,7;1,4
12.12.2024;19:07:46;0;2;0;1;0;0;1,6;1,2;1,3
12.12.2024;21:07:46;0;2;0;1;0;0;1,5;1,2;1,2
12.12.2024;22:05:37;3;2;1;1;0;1;1,4;1,1;1,3
12.12.2024;22:09:40;1;2;1;1;0;1;7,1;1,1;1,3
12.12.2024;22:09:41;1;2;0;1;0;1;7,1;1,1;1,3
12.12.2024;22:27:52;3;2;1;1;0;1;3,9;1,1;1,2
12.12.2024;22:30:35;1;2;1;1;0;1;7,1;1,1;1,2
12.12.2024;22:30:36;1;2;0;1;0;1;7,1;1,1;1,2
12.12.2024;22:41:24;0;2;0;1;0;0;5,4;1,1;1,1
13.12.2024;00:41:24;0;2;0;1;0;0;1,7;1;1,2
13.12.2024;02:41:25;0;2;0;1;0;0;1,5;1,2;1,4
13.12.2024;04:41:25;0;2;0;1;0;0;1,5;1,1;1,4
13.12.2024;06:41:25;0;2;0;1;0;0;1,4;1,1;1,1
13.12.2024;08:41:26;0;2;0;1;0;0;1,5;1,3;1,5
13.12.2024;10:41:26;0;2;0;1;0;0;2,5;2,3;2,3
13.12.2024;12:41:26;0;2;0;1;0;0;3,7;3,7;3
13.12.2024;13:21:28;0;0;0;0;0;0;4,1;4,1;2,9
13.12.2024;15:21:29;0;0;0;0;0;0;3,2;3,1;2,3
13.12.2024;17:21:29;0;0;0;0;0;0;2,3;2;1,9
13.12.2024;17:24:39;0;2;0;1;0;0;2,3;1,9;1,9
13.12.2024;19:24:39;0;2;0;1;0;0;1,6;1,2;1,3
13.12.2024;21:24:40;0;2;0;1;0;0;0,4;-0,5;0
13.12.2024;23:24:40;0;2;0;1;0;0;-0,5;-1,4;-0,5
14.12.2024;01:24:41;0;2;0;1;0;0;-1,3;-2,2;-1,3
14.12.2024;03:24:41;0;2;0;1;0;0;-2,2;-3,4;-1,6
14.12.2024;05:24:42;0;2;0;1;0;0;-2;-2,9;-1,3
14.12.2024;07:24:42;0;2;0;1;0;0;-0,6;-1,3;0,4
14.12.2024;09:24:43;0;2;0;1;0;0;0,3;0;1,3
14.12.2024;11:24:43;0;2;0;1;0;0;0,9;1;1,6
14.12.2024;13:24:43;0;2;0;1;0;0;1,8;1,9;2
14.12.2024;15:24:44;0;2;0;1;0;0;1,4;1,4;1
14.12.2024;17:24:44;0;2;0;1;0;0;0,9;0,7;0,9
14.12.2024;19:24:44;0;2;0;1;0;0;1,1;0,9;1
14.12.2024;21:24:44;0;2;0;1;0;0;1,1;0,9;1,2
14.12.2024;23:24:45;0;2;0;1;0;0;1,9;1,5;1,7
15.12.2024;01:09:41;3;2;1;1;0;1;1,7;1,3;1,6
15.12.2024;01:14:17;1;2;1;1;0;1;7,1;1,3;1,5
15.12.2024;01:14:18;1;2;0;1;0;1;7,1;1,3;1,5
15.12.2024;01:29:32;3;2;1;1;0;1;3,9;1,3;1,3
15.12.2024;01:32:48;1;2;1;1;0;1;7,1;1,3;1,3
15.12.2024;01:32:49;1;2;0;1;0;1;7,1;1,3;1,3
15.12.2024;01:50:08;3;2;1;1;0;1;3,9;1,2;1,2
15.12.2024;01:53:25;1;2;1;1;0;1;7,1;1,2;1,1
15.12.2024;01:53:26;1;2;0;1;0;1;7,1;1,2;1,1
15.12.2024;02:11:12;3;2;1;1;0;1;3,9;1,3;1,2
15.12.2024;02:14:15;1;2;1;1;0;1;7,1;1,3;1,3
15.12.2024;02:14:16;1;2;0;1;0;1;7,1;1,3;1,3
15.12.2024;02:23:49;0;2;0;1;0;0;5,5;1,3;1,3
15.12.2024;04:23:49;0;2;0;1;0;0;1,9;1,5;1,8
15.12.2024;06:23:50;0;2;0;1;0;0;2;1,8;1,8
15.12.2024;07:56:31;3;2;1;1;0;1;2,3;2,1;2,4
15.12.2024;08:00:19;1;2;1;1;0;1;7,1;2,1;2,4
15.12.2024;08:00:20;1;2;0;1;0;1;7,1;2,1;2,4
15.12.2024;08:19:50;3;2;1;1;0;1;3,9;2,2;2,3
15.12.2024;08:22:39;1;2;1;1;0;1;7,1;2,2;2,3
15.12.2024;08:22:40;1;2;0;1;0;1;7,1;2,2;2,3
15.12.2024;08:30:12;0;2;0;1;0;0;5,9;2,3;2,4
15.12.2024;08:32:39;3;2;1;1;0;1;5,4;2,3;2,4
15.12.2024;08:34:45;1;2;1;1;0;1;7,1;2,4;2,4
15.12.2024;08:34:46;1;2;0;1;0;1;7,1;2,4;2,5
15.12.2024;09:06:26;3;2;1;1;0;1;3,9;2,8;3
15.12.2024;09:09:11;1;2;1;1;0;1;7,1;2,8;3
15.12.2024;09:09:12;1;2;0;1;0;1;7,1;2,8;3
15.12.2024;10:17:37;3;2;1;1;0;1;3,9;3,5;3,5
15.12.2024;10:20:16;1;2;1;1;0;1;7,1;3,5;3,4
15.12.2024;10:20:17;1;2;0;1;0;1;7,1;3,5;3,5
15.12.2024;11:29:40;1;0;0;0;0;1;4,3;4,1;4
15.12.2024;12:57:07;0;0;0;0;0;0;4,6;4,4;4,6
15.12.2024;13:37:05;0;0;0;0;0;1;4,6;4,5;4,4
15.12.2024;14:06:14;0;0;0;0;0;0;4,5;4,3;4,4
15.12.2024;16:06:15;0;0;0;0;0;0;4,3;4;4,5
15.12.2024;18:06:15;0;0;0;0;0;0;4,3;4,2;4,7
15.12.2024;19:58:09;0;0;0;0;0;1;4,3;4,2;4,7
15.12.2024;20:33:37;3;0;1;0;0;1;4,3;3,9;4,2
15.12.2024;20:36:00;1;0;1;0;0;1;7,1;4;4,2
15.12.2024;20:36:01;1;0;0;0;0;1;7,1;4;4,2
15.12.2024;22:36:01;1;0;0;0;0;1;4,8;4,5;4,8
15.12.2024;23:21:43;0;0;0;0;0;0;5;4,8;5,4
15.12.2024;23:23:44;0;0;0;0;0;1;5;4,8;5,5
16.12.2024;00:17:10;0;0;0;0;0;0;5,5;5,3;6,1
16.12.2024;00:22:09;0;0;0;0;0;1;5,5;5,3;6,2
16.12.2024;00:42:39;0;0;0;0;0;0;5,7;5,5;6,4
16.12.2024;02:42:40;0;0;0;0;0;0;6,5;6,3;7,4
16.12.2024;03:25:24;0;0;0;0;0;1;6,8;6,6;7,7
16.12.2024;04:30:13;0;0;0;0;0;0;7;6,7;7,8
16.12.2024;06:30:14;0;0;0;0;0;0;7,8;7,6;8,8
16.12.2024;08:30:14;0;0;0;0;0;0;8,5;8,6;9,3
16.12.2024;10:30:14;0;0;0;0;0;0;9,5;9,6;9,8
16.12.2024;12:30:15;0;0;0;0;0;0;10,4;10,4;10,4
16.12.2024;14:30:15;0;0;0;0;0;0;10,5;10,4;10,5
16.12.2024;16:30:15;0;0;0;0;0;0;10;9,8;9,9
16.12.2024;18:30:15;0;0;0;0;0;0;9,6;9,4;9,8
16.12.2024;20:30:16;0;0;0;0;0;0;9,5;9,3;9,3
16.12.2024;22:30:16;0;0;0;0;0;0;9,3;9,1;9,4
17.12.2024;00:30:16;0;0;0;0;0;0;9,1;9;9,6
17.12.2024;02:30:16;0;0;0;0;0;0;9,4;9,3;9,7
17.12.2024;04:30:17;0;0;0;0;0;0;9,2;9,1;9,4
17.12.2024;06:30:17;0;0;0;0;0;0;9;8,8;9
17.12.2024;08:30:17;0;0;0;0;0;0;9,2;9;9,4
17.12.2024;10:30:17;0;0;0;0;0;0;9,8;9,8;9,6
17.12.2024;10:31:05;0;0;0;0;0;1;9,8;9,8;9,6
17.12.2024;11:03:19;0;0;0;0;0;0;9,5;9,5;9,5
17.12.2024;11:35:01;0;0;0;0;0;1;9,9;10;9,8
17.12.2024;12:51:21;0;0;0;0;0;0;10;10,4;9,9
17.12.2024;14:51:21;0;0;0;0;0;0;9,9;9,8;9,5
17.12.2024;16:51:21;0;0;0;0;0;0;9,2;8,9;9,1
17.12.2024;18:51:22;0;0;0;0;0;0;8,8;8,5;8,7
17.12.2024;20:51:22;0;0;0;0;0;0;8,5;8,3;8,5
17.12.2024;22:51:22;0;0;0;0;0;0;8,5;8,2;8,4
18.12.2024;00:51:22;0;0;0;0;0;0;8,5;8;8
18.12.2024;02:51:23;0;0;0;0;0;0;8,1;7,7;7,8
18.12.2024;04:51:23;0;0;0;0;0;0;7,5;7,1;7,5
18.12.2024;06:51:23;0;0;0;0;0;0;6,8;6,3;6,3
18.12.2024;08:51:23;0;0;0;0;0;0;6,6;6,5;6,8
18.12.2024;10:51:23;0;0;0;0;0;0;8,3;8,6;8,5
18.12.2024;12:51:24;0;0;0;0;0;0;10,2;10,6;9,9
18.12.2024;14:51:24;0;0;0;0;0;0;10,8;11,4;10,2
18.12.2024;16:51:24;0;0;0;0;0;0;9,6;9,1;9,4
18.12.2024;17:07:05;0;0;0;0;0;1;9,5;9,1;9,4
18.12.2024;17:22:20;0;0;0;0;0;0;9,4;9;9,3
18.12.2024;19:22:21;0;0;0;0;0;0;9,4;9,1;9,7
18.12.2024;21:22:21;0;0;0;0;0;0;9,8;9,5;9,6
18.12.2024;23:22:22;0;0;0;0;0;0;9,7;9,5;9,9
19.12.2024;01:22:22;0;0;0;0;0;0;9,8;9,7;10
19.12.2024;03:22:22;0;0;0;0;0;0;10;9,7;9,8
19.12.2024;05:22:22;0;0;0;0;0;0;9,5;9,2;9,5
19.12.2024;07:22:22;0;0;0;0;0;0;8,5;7,9;8,4
19.12.2024;09:22:23;0;0;0;0;0;0;8,7;8,5;9,4
19.12.2024;11:22:23;0;0;0;0;0;0;11,6;12,2;12,9
19.12.2024;13:22:23;0;0;0;0;0;0;13,2;13,6;13,5
19.12.2024;14:18:28;0;0;0;0;0;1;13;13;13
19.12.2024;14:42:51;0;0;0;0;0;0;12,6;12,3;12,6
19.12.2024;14:56:47;0;0;0;0;0;1;12,6;12,1;12,3
19.12.2024;15:47:53;0;0;0;0;0;0;11,4;10,6;11,2
19.12.2024;15:48:54;0;0;0;0;0;1;11,4;10,6;11,1
19.12.2024;16:11:21;0;0;0;0;0;0;11;10,1;11
19.12.2024;16:13:29;0;0;0;0;0;1;10,9;10,1;11,1
19.12.2024;16:33:57;0;0;0;0;0;0;10,8;10;11,1
19.12.2024;16:52:08;0;0;0;0;0;1;10,7;10;11,2
19.12.2024;17:07:42;0;0;0;0;0;0;10,7;10,1;11,4
19.12.2024;19:07:42;0;0;0;0;0;0;10,4;10,1;11,1
19.12.2024;21:07:43;0;0;0;0;0;0;9,5;9;9,2
19.12.2024;22:26:58;0;0;0;0;0;1;9,2;8,9;9,3
20.12.2024;00:26:58;0;0;0;0;0;1;8,3;7,9;8,3
20.12.2024;01:37:53;0;0;0;0;0;0;7,8;7,5;7,6
20.12.2024;03:37:53;0;0;0;0;0;0;6,4;5,8;6
20.12.2024;05:37:53;0;0;0;0;0;0;5,7;5,3;5,6
20.12.2024;07:37:53;0;0;0;0;0;0;5,4;5,1;5,1
20.12.2024;09:37:53;0;0;0;0;0;0;5,5;5,7;6,3
20.12.2024;09:58:01;0;0;0;0;0;1;5,7;6,1;6,6
20.12.2024;11:01:33;0;0;0;0;0;0;5,5;5,5;5,5
20.12.2024;11:17:15;0;0;0;0;0;1;5,6;5,7;5,9
20.12.2024;11:32:28;0;0;0;0;0;0;5,7;5,8;5,9
20.12.2024;11:35:51;0;0;0;0;0;1;5,8;5,8;5,9
20.12.2024;13:35:51;0;0;0;0;0;1;5,8;6,2;6,5
20.12.2024;14:43:01;0;0;0;0;0;0;5,2;4,9;5,3
20.12.2024;14:57:10;0;0;0;0;0;1;5,1;5;5,5
20.12.2024;15:23:26;0;0;0;0;0;0;5;4,8;5,4
20.12.2024;15:32:25;0;0;0;0;0;1;5;4,7;5,3
20.12.2024;15:49:25;0;0;0;0;0;0;4,7;4,3;4,7
20.12.2024;17:49:26;0;0;0;0;0;0;4,1;3,7;4,4
20.12.2024;19:32:47;0;2;0;1;0;0;2,9;1,9;2,5
20.12.2024;21:32:47;0;2;0;1;0;0;1,8;1;2,1
20.12.2024;23:32:47;0;2;0;1;0;0;1,2;0,5;2,3
21.12.2024;01:32:48;0;2;0;1;0;0;2,4;2;3,6
21.12.2024;03:32:48;0;2;0;1;0;0;1,9;1,1;1,9
21.12.2024;05:32:49;0;2;0;1;0;0;0,3;-0,6;0,1
21.12.2024;07:32:49;0;2;0;1;0;0;-0,1;-1,1;0,4
21.12.2024;09:32:49;0;2;0;1;0;0;1,5;2,9;7,2
21.12.2024;09:44:12;0;0;0;0;0;0;2;4,1;7,5
21.12.2024;11:44:12;0;0;0;0;0;0;6;10,4;8,4
21.12.2024;13:44:12;0;0;0;0;0;0;6,9;9,9;6,7
21.12.2024;15:44:13;0;0;0;0;0;0;5,6;5,6;4,8
21.12.2024;17:44:13;0;0;0;0;0;0;4,7;4,4;4,4
21.12.2024;19:44:14;0;0;0;0;0;0;4,8;4,3;4,6
21.12.2024;21:44:14;0;0;0;0;0;0;4,1;3,7;4,3
21.12.2024;23:44:14;0;0;0;0;0;0;4,4;4;4,8
22.12.2024;01:44:15;0;0;0;0;0;0;5,1;4,8;5,8
22.12.2024;03:44:15;0;0;0;0;0;0;6,2;5,8;6,1
22.12.2024;05:44:15;0;0;0;0;0;0;6,3;6,1;6,5
22.12.2024;06:00:02;0;0;0;0;0;1;6,3;5,9;6,3
22.12.2024;06:16:05;0;0;0;0;0;0;6,1;5,7;5,7
22.12.2024;06:25:54;0;0;0;0;0;1;6,1;5,6;5,9
22.12.2024;06:42:14;0;0;0;0;0;0;5,9;5,4;5,4
22.12.2024;08:42:15;0;0;0;0;0;0;5,9;5,8;6,2
22.12.2024;10:42:15;0;0;0;0;0;0;7,5;8,3;8,5
22.12.2024;12:42:16;0;0;0;0;0;0;8,7;9,1;8,3
22.12.2024;13:10:10;0;0;0;0;0;1;8,6;8,6;7,9
22.12.2024;15:06:12;0;0;0;0;0;0;6,2;5,5;6
22.12.2024;17:06:13;0;0;0;0;0;0;5,7;5,1;6,1
22.12.2024;17:49:44;0;0;0;0;0;1;5,6;5,1;5,8
22.12.2024;19:49:44;0;0;0;0;0;1;4,8;4,3;4,4
22.12.2024;20:59:45;0;0;0;0;0;0;4,5;4,1;4,2
22.12.2024;21:03:08;0;0;0;0;0;1;4,5;4;4,2
22.12.2024;21:10:36;3;0;1;0;0;1;4,4;3,9;4,1
22.12.2024;21:13:08;1;0;1;0;0;1;7,1;3,9;4,1
22.12.2024;21:13:09;1;0;0;0;0;1;7,1;3,9;4,1
22.12.2024;23:09:24;3;0;1;0;0;1;3,9;3,6;3,7
22.12.2024;23:12:09;1;0;1;0;0;1;7,1;3,6;3,7
22.12.2024;23:12:10;1;0;0;0;0;1;7,1;3,6;3,7
23.12.2024;00:21:36;3;0;1;0;0;1;3,9;3,4;3,2
23.12.2024;00:24:20;1;0;1;0;0;1;7,1;3,4;3,1
23.12.2024;00:24:20;1;0;0;0;0;1;7,1;3,4;3,1
23.12.2024;00:52:31;0;0;0;0;0;0;4,6;3,2;3
23.12.2024;00:55:18;3;0;1;0;0;1;4,5;3,2;3
23.12.2024;00:57:39;1;0;1;0;0;1;7,1;3,2;3
23.12.2024;00:57:40;1;0;0;0;0;1;7,1;3,2;3
23.12.2024;01:48:52;0;0;0;0;0;0;4;2,9;2,9
23.12.2024;03:48:52;0;0;0;0;0;0;3,1;2,6;2,9
23.12.2024;04:38:11;3;0;1;0;0;1;2,6;2,1;2,4
23.12.2024;04:41:40;1;0;1;0;0;1;7,1;2,1;2,3
23.12.2024;04:41:40;1;0;0;0;0;1;7,1;2,1;2,3
23.12.2024;04:51:31;1;2;0;1;0;1;5,5;1,9;2,2
23.12.2024;05:04:19;3;2;1;1;0;1;3,9;1,6;1,7
23.12.2024;05:07:06;1;2;1;1;0;1;7,1;1,5;1,6
23.12.2024;05:07:07;1;2;0;1;0;1;7,1;1,5;1,6
23.12.2024;05:14:26;0;2;0;1;0;0;6,1;1,4;1,4
23.12.2024;07:01:34;3;2;1;1;0;1;2,6;1,8;2,5
23.12.2024;07:05:01;1;2;1;1;0;1;7,1;1,9;2,6
23.12.2024;07:05:02;1;2;0;1;0;1;7,1;1,9;2,6
23.12.2024;07:31:28;3;2;1;1;0;1;3,9;2;2,6
23.12.2024;07:33:32;0;2;0;1;0;0;6;2;2,6
23.12.2024;09:33:32;0;2;0;1;0;0;2,9;2,4;3,4
23.12.2024;11:33:32;0;2;0;1;0;0;4,1;3,9;4,1
23.12.2024;12:07:19;0;0;0;0;0;0;4,2;4,1;4,1
23.12.2024;14:07:19;0;0;0;0;0;0;6,1;7,7;8,1
23.12.2024;16:07:19;0;0;0;0;0;0;3,4;3,5;1,3
23.12.2024;16:43:31;0;2;0;1;0;0;2,7;1,9;0,4
23.12.2024;18:43:31;0;2;0;1;0;0;1,6;0,8;1,9
23.12.2024;20:43:32;0;2;0;1;0;0;2,2;1,8;2,6
23.12.2024;22:43:32;0;2;0;1;0;0;2,6;2,3;3
23.12.2024;23:22:40;3;2;1;1;0;1;2,7;2,5;3,3
23.12.2024;23:26:18;1;2;1;1;0;1;7,1;2,5;3,3
23.12.2024;23:26:19;1;2;0;1;0;1;7,1;2,5;3,3
24.12.2024;00:01:37;3;2;1;1;0;1;3,9;2,5;2,9
24.12.2024;00:02:29;0;2;0;1;0;0;4,1;2,5;2,9
24.12.2024;00:33:07;3;2;1;1;0;1;3,7;2,5;2,9
24.12.2024;00:36:13;1;2;1;1;0;1;7,1;2,5;2,9
24.12.2024;00:36:13;1;2;0;1;0;1;7,1;2,5;2,9
24.12.2024;01:25:18;3;2;1;1;0;1;3,9;2,8;2,6
24.12.2024;01:28:21;1;2;1;1;0;1;7,1;2,8;2,6
24.12.2024;01:28:22;1;2;0;1;0;1;7,1;2,8;2,6
24.12.2024;01:33:39;0;2;0;1;0;0;7,4;2,8;2,8
24.12.2024;03:29:40;3;2;1;1;0;1;2,8;2,1;1,8
24.12.2024;03:33:00;1;2;1;1;0;1;7,1;2,1;1,9
24.12.2024;03:33:01;1;2;0;1;0;1;7,1;2,1;1,9
24.12.2024;03:46:08;0;2;0;1;0;0;5,4;2;2,2
24.12.2024;05:46:08;0;2;0;1;0;0;3;2,5;3,2
24.12.2024;07:42:32;3;2;1;1;0;1;3,3;3,1;3,3
24.12.2024;07:45:38;1;2;1;1;0;1;7,1;3,1;3,3
24.12.2024;07:45:39;1;2;0;1;0;1;7,1;3,1;3,3
24.12.2024;07:57:46;0;2;0;1;0;0;5,7;3,1;3,4
24.12.2024;08:02:59;3;2;1;1;0;1;5,1;3,1;3,3
24.12.2024;08:05:04;1;2;1;1;0;1;7,1;3,1;3,4
24.12.2024;08:05:05;1;2;0;1;0;1;7,1;3,1;3,3
24.12.2024;10:05:06;1;2;0;1;0;1;4,1;3,9;3,9
24.12.2024;10:40:36;1;0;0;0;0;1;4,1;4,1;4
24.12.2024;11:32:13;0;0;0;0;0;0;4,7;4,9;5,2
24.12.2024;13:32:14;0;0;0;0;0;0;5,4;5,4;4,8
24.12.2024;15:32:14;0;0;0;0;0;0;4,9;4,8;4,2
24.12.2024;16:10:02;0;0;0;0;0;1;4,6;4,3;3,8
24.12.2024;16:37:07;3;0;1;0;0;1;4,3;3,9;3,5
24.12.2024;16:39:32;1;0;1;0;0;1;7,1;3,9;3,5
24.12.2024;16:39:33;1;0;0;0;0;1;7,1;3,9;3,5
24.12.2024;18:25:03;3;0;1;0;0;1;3,9;3,5;3,3
24.12.2024;18:27:39;1;0;1;0;0;1;7,1;3,5;3,2
24.12.2024;18:27:40;1;0;0;0;0;1;7,1;3,5;3,2
24.12.2024;18:52:49;0;0;0;0;0;0;5;3,3;3,1
24.12.2024;18:54:26;3;0;1;0;0;1;4,9;3,3;3,1
24.12.2024;18:56:33;1;0;1;0;0;1;7,1;3,3;3,1
24.12.2024;18:56:34;1;0;0;0;0;1;7,1;3,3;3,1
24.12.2024;20:01:11;0;0;0;0;0;0;4,1;3;3,1
24.12.2024;20:29:45;3;0;1;0;0;1;3,8;3;3,2
24.12.2024;20:32:26;1;0;1;0;0;1;7,1;3;3,2
24.12.2024;20:32:26;1;0;0;0;0;1;7,1;3;3,2
24.12.2024;21:30:42;3;0;1;0;0;1;3,9;3,1;3
24.12.2024;21:33:21;1;0;1;0;0;1;7,1;3,1;3
24.12.2024;21:33:21;1;0;0;0;0;1;7,1;3,1;3
24.12.2024;21:41:04;0;0;0;0;0;0;6,7;3,1;3
24.12.2024;21:45:24;3;0;1;0;0;1;6;3;3
24.12.2024;21:46:56;1;0;1;0;0;1;7,1;3;3
24.12.2024;21:46:57;1;0;0;0;0;1;7,1;3;3
24.12.2024;22:14:54;0;0;0;0;0;0;5;3;2,8
24.12.2024;22:39:19;3;0;1;0;0;1;4,2;2,9;2,8
24.12.2024;22:41:50;1;0;1;0;0;1;7,1;2,9;2,9
24.12.2024;22:41:51;1;0;0;0;0;1;7,1;2,9;2,9
24.12.2024;22:58:12;0;0;0;0;0;0;5,6;2,9;2,8
25.12.2024;00:25:43;3;0;1;0;0;1;3,5;2,7;2,7
25.12.2024;00:28:35;1;0;1;0;0;1;7,1;2,7;2,7
25.12.2024;00:28:36;1;0;0;0;0;1;7,1;2,7;2,7
25.12.2024;00:41:45;0;0;0;0;0;0;5,8;2,8;2,6
25.12.2024;02:41:45;0;0;0;0;0;0;3,1;2,4;2,5
25.12.2024;02:53:05;3;0;1;0;0;1;3,1;2,4;2,5
25.12.2024;02:56:09;1;0;1;0;0;1;7,1;2,4;2,6
25.12.2024;02:56:10;1;0;0;0;0;1;7,1;2,4;2,5
25.12.2024;03:15:47;0;0;0;0;0;0;4,7;2,4;2,6
25.12.2024;03:16:29;3;0;1;0;0;1;4,7;2,4;2,6
25.12.2024;03:18:45;1;0;1;0;0;1;7,1;2,4;2,6
25.12.2024;03:18:46;1;0;0;0;0;1;7,1;2,4;2,6
25.12.2024;03:43:29;0;0;0;0;0;0;4,8;2,5;2,5
25.12.2024;05:43:29;0;0;0;0;0;0;2,9;2,2;2,3
25.12.2024;07:43:29;0;0;0;0;0;0;2,6;2,1;2,5
25.12.2024;09:43:29;0;0;0;0;0;0;3;2,8;3,6
25.12.2024;11:43:30;0;0;0;0;0;0;4,7;5,5;5,8
25.12.2024;13:43:30;0;0;0;0;0;0;6,3;8,6;6,7
25.12.2024;15:43:30;0;0;0;0;0;0;5,1;6,4;2,7
25.12.2024;17:22:23;0;2;0;1;0;0;3;1,9;1,2
25.12.2024;19:22:24;0;2;0;1;0;0;0,9;-0,5;0,2
25.12.2024;21:22:24;0;2;0;1;0;0;-0,3;-1,5;-0,2
25.12.2024;23:22:25;0;2;0;1;0;0;-1;-2,2;-0,8
26.12.2024;01:22:25;0;2;0;1;0;0;-1,6;-2,8;-1,2
26.12.2024;03:22:25;0;2;0;1;0;0;-2,6;-3,9;-3,6
26.12.2024;05:22:26;0;2;0;1;0;0;-3,3;-4,8;-4,1
26.12.2024;07:22:26;0;2;0;1;0;0;-3,8;-5,1;-4,5
26.12.2024;09:22:27;0;2;0;1;0;0;-2,4;-2,1;2,6
26.12.2024;10:22:59;0;0;0;0;0;0;0,1;4,1;8,3
26.12.2024;12:22:59;0;0;0;0;0;0;5,5;14,3;9,3
26.12.2024;14:23:00;0;0;0;0;0;0;7,8;15;8,3
26.12.2024;16:23:00;0;0;0;0;0;0;4,3;5,1;-0,3
26.12.2024;17:21:44;0;2;0;1;0;0;2,6;1,9;-0,5
26.12.2024;19:21:44;0;2;0;1;0;0;-0,1;-1,5;-3,2
26.12.2024;21:21:45;0;2;0;1;0;0;-1,8;-3,2;-3,5
26.12.2024;23:21:45;0;2;0;1;0;0;-2,7;-4;-4,4
27.12.2024;01:21:45;0;2;0;1;0;0;-3,4;-4,9;-4,1
27.12.2024;03:21:45;0;2;0;1;0;0;-4;-5,5;-4,6
27.12.2024;05:21:46;0;2;0;1;0;0;-4,4;-5,7;-4,6
27.12.2024;07:21:46;0;2;0;1;0;0;-4,7;-5,9;-5,6
27.12.2024;09:21:47;0;2;0;1;0;0;-3,5;-3,2;2,6
27.12.2024;10:44:38;0;0;0;0;0;0;-0,1;4,1;9,5
27.12.2024;12:44:38;0;0;0;0;0;0;5,1;14;11,9
27.12.2024;14:44:38;0;0;0;0;0;0;7,1;13,3;10,8
27.12.2024;16:44:39;0;0;0;0;0;0;3,4;3,8;-0,4
27.12.2024;17:25:34;0;2;0;1;0;0;2,3;1,9;-0,9
27.12.2024;19:25:34;0;2;0;1;0;0;0,1;-0,9;-2,2
27.12.2024;21:25:35;0;2;0;1;0;0;-1,4;-2,5;-3,3
27.12.2024;23:25:35;0;2;0;1;0;0;-2,2;-3,4;-3,6
28.12.2024;01:25:35;0;2;0;1;0;0;-2,1;-3,1;-2,5
28.12.2024;03:25:36;0;2;0;1;0;0;-3,1;-4,2;-4,2
28.12.2024;05:25:36;0;2;0;1;0;0;-3,1;-4,4;-4,2
28.12.2024;07:25:36;0;2;0;1;0;0;-3,8;-5,2;-5,3
28.12.2024;09:25:37;0;2;0;1;0;0;-2,9;-2,8;1,5
28.12.2024;10:36:54;0;0;0;0;0;0;0;4,1;11,2
28.12.2024;12:36:54;0;0;0;0;0;0;3,8;9,6;9,8
28.12.2024;14:36:54;0;0;0;0;0;0;7;13;12,2
28.12.2024;16:36:55;0;0;0;0;0;0;4,1;4,5;0,9
28.12.2024;17:34:14;0;2;0;1;0;0;2,5;1,9;-1,2
28.12.2024;19:34:15;0;2;0;1;0;0;0;-1,1;-2,4
28.12.2024;21:34:15;0;2;0;1;0;0;-1,1;-2,1;-1,8
28.12.2024;23:34:16;0;2;0;1;0;0;-0,5;-1;-0,2
29.12.2024;01:34:16;0;2;0;1;0;0;-0,1;-0,4;-0,1
29.12.2024;03:34:16;0;2;0;1;0;0;-0,6;-0,9;-0,8
29.12.2024;05:34:17;0;2;0;1;0;0;-0,8;-1,1;-1,3
29.12.2024;07:34:17;0;2;0;1;0;0;-1,2;-1,7;-2
29.12.2024;09:34:18;0;2;0;1;0;0;-0,7;-0,2;2,2
29.12.2024;10:36:53;0;0;0;0;0;0;0,5;4,1;8,8
29.12.2024;12:36:54;0;0;0;0;0;0;5,2;14,6;14
29.12.2024;14:36:54;0;0;0;0;0;0;7,3;13,1;10,9
29.12.2024;16:36:54;0;0;0;0;0;0;4,3;4,5;2,8
29.12.2024;17:51:06;0;2;0;1;0;0;2,8;1,9;2,2
29.12.2024;19:51:07;0;2;0;1;0;0;1;0;1
29.12.2024;21:51:07;0;2;0;1;0;0;-0,2;-1,2;-0,1
29.12.2024;23:51:07;0;2;0;1;0;0;-1;-1,9;-1
30.12.2024;01:51:07;0;2;0;1;0;0;-0,5;-0,9;0
30.12.2024;03:51:08;0;2;0;1;0;0;0;-0,3;0,2
30.12.2024;05:51:08;0;2;0;1;0;0;0,3;0;0,3
30.12.2024;07:51:09;0;2;0;1;0;0;0,1;0;0,1
30.12.2024;09:51:09;0;2;0;1;0;0;0,6;0,8;0,8
30.12.2024;10:54:37;0;0;0;0;0;0;1,8;4,1;5,1
30.12.2024;12:54:38;0;0;0;0;0;0;5,2;11,5;6,2
30.12.2024;14:54:38;0;0;0;0;0;0;5,3;8,6;3,1
30.12.2024;16:32:48;0;2;0;1;0;0;2,4;1,9;-0,6
30.12.2024;18:32:48;0;2;0;1;0;0;0;-1,1;-1,1
30.12.2024;20:32:49;0;2;0;1;0;0;-1,5;-2,8;-2,4
30.12.2024;22:32:49;0;2;0;1;0;0;-2,1;-3,5;-2,5
31.12.2024;00:32:50;0;2;0;1;0;0;-2,6;-3,7;-2,6
31.12.2024;02:32:50;0;2;0;1;0;0;-3,6;-5;-4,7
31.12.2024;04:32:50;0;2;0;1;0;0;-4,4;-5,9;-5,3
31.12.2024;06:32:51;0;2;0;1;0;0;-4,9;-6,3;-4
31.12.2024;08:32:51;0;2;0;1;0;0;-5,3;-6,4;-5
31.12.2024;10:24:17;0;0;0;0;0;0;-0,9;4,1;14,5
31.12.2024;12:24:17;0;0;0;0;0;0;6,4;16,7;13
31.12.2024;14:24:17;0;0;0;0;0;0;10,1;18,6;12,4
31.12.2024;16:24:18;0;0;0;0;0;0;5,9;7,1;2,2
31.12.2024;18:10:58;0;2;0;1;0;0;2,7;1,9;1,4
31.12.2024;20:10:58;0;2;0;1;0;0;0,7;-0,3;0,7
31.12.2024;22:10:58;0;2;0;1;0;0;1,4;0,6;2,9
01.01.2025;00:10:59;0;2;0;1;0;0;0,3;-0,6;2
01.01.2025;02:10:59;0;2;0;1;0;0;-0,2;-1,1;1,1
01.01.2025;04:10:59;0;2;0;1;0;0;-1,5;-2,7;-0,7
01.01.2025;06:11:00;0;2;0;1;0;0;-0,2;-1,1;1,8
01.01.2025;08:11:00;0;2;0;1;0;0;1,4;1;2,4
01.01.2025;09:53:47;0;0;0;0;0;0;3,3;4,1;4,6
01.01.2025;11:53:47;0;0;0;0;0;0;5,6;8,2;6,6
01.01.2025;13:53:47;0;0;0;0;0;0;6,9;8,4;5,8
01.01.2025;15:53:47;0;0;0;0;0;0;6;5,6;6
01.01.2025;17:53:47;0;0;0;0;0;0;5,8;5,3;7
01.01.2025;19:53:48;0;0;0;0;0;0;6,4;5,9;7
01.01.2025;21:53:48;0;0;0;0;0;0;7;6,5;7,6
01.01.2025;23:53:48;0;0;0;0;0;0;7,3;6,8;7,9
02.01.2025;01:53:49;0;0;0;0;0;0;7,5;7,1;8,2
02.01.2025;03:53:49;0;0;0;0;0;0;7,4;7,1;7,7
02.01.2025;05:53:49;0;0;0;0;0;0;7,4;7,1;7,6
02.01.2025;07:53:49;0;0;0;0;0;0;7,7;7,5;8,2
02.01.2025;09:53:49;0;0;0;0;0;0;7,8;7,6;8
02.01.2025;11:53:49;0;0;0;0;0;0;6,8;6,7;6,2
02.01.2025;13:53:50;0;0;0;0;0;0;6,2;6,1;5,1
02.01.2025;15:53:50;0;0;0;0;0;0;4,7;4,3;3,6
02.01.2025;17:53:51;0;0;0;0;0;0;3,2;2,6;2,2
02.01.2025;18:33:34;0;2;0;1;0;0;2,6;1,9;1,7
02.01.2025;20:33:34;0;2;0;1;0;0;0,9;0;-0,3
02.01.2025;22:33:35;0;2;0;1;0;0;-0,5;-1,3;-0,3
03.01.2025;00:33:35;0;2;0;1;0;0;0;-0,5;0,6
03.01.2025;02:33:35;0;2;0;1;0;0;0,8;0,5;1,7
03.01.2025;04:33:36;0;2;0;1;0;0;1,3;1;1,9
03.01.2025;06:33:36;0;2;0;1;0;0;1,3;1,1;1,7
03.01.2025;08:33:36;0;2;0;1;0;0;1,3;1,1;1,8
03.01.2025;08:48:17;0;2;2;1;0;0;1,3;1,1;1,8
03.01.2025;09:18:34;0;2;0;1;0;0;24,2;1,4;2,3
03.01.2025;09:37:24;0;2;2;1;0;0;11,7;1,6;2,2
03.01.2025;10:07:32;0;2;0;1;0;0;28,6;2;2,3
03.01.2025;12:07:32;0;2;0;1;0;0;4,8;3,3;3
03.01.2025;13:25:39;0;0;0;0;0;0;4,2;4,1;3,7
03.01.2025;15:25:39;0;0;0;0;0;0;3,2;3,3;2,4
03.01.2025;16:13:58;0;2;0;1;0;0;2,2;1,9;1,6
03.01.2025;18:13:58;0;2;0;1;0;0;1,7;1,2;1,9
03.01.2025;20:04:01;3;2;1;1;0;1;1,4;1,1;1,2
03.01.2025;20:08:52;1;2;1;1;0;1;7,1;0,8;0,6
03.01.2025;20:08:52;1;2;0;1;0;1;7,1;0,8;0,6
03.01.2025;20:21:00;3;2;1;1;0;1;3,9;0,4;0,1
03.01.2025;20:24:14;1;2;1;1;0;1;7,1;0,4;0,1
03.01.2025;20:24:15;1;2;0;1;0;1;7,1;0,4;0,1
03.01.2025;20:38:08;3;2;1;1;0;1;3,9;0,3;0,2
03.01.2025;20:41:17;1;2;1;1;0;1;7,1;0,3;0,2
03.01.2025;20:41:17;1;2;0;1;0;1;7,1;0,3;0,2
03.01.2025;20:48:08;0;2;0;1;0;0;5,4;0,2;0,2
03.01.2025;22:48:08;0;2;0;1;0;0;-0,4;-1,5;-1,6
04.01.2025;00:48:09;0;2;0;1;0;0;-2,4;-3,5;-2,4
04.01.2025;02:48:09;0;2;0;1;0;0;-2,4;-3,2;-1,4
04.01.2025;04:48:09;0;2;0;1;0;0;-1,3;-1,8;-0,9
04.01.2025;06:48:09;0;2;0;1;0;0;-1,9;-2,6;-2
04.01.2025;08:48:10;0;2;0;1;0;0;-1,3;-1,8;-0,6
04.01.2025;10:48:10;0;2;0;1;0;0;0,5;1,6;1,3
04.01.2025;11:45:49;0;0;0;0;0;0;1,1;4,1;4,8
04.01.2025;13:45:49;0;0;0;0;0;0;2,7;4,5;1,1
04.01.2025;15:07:50;0;2;0;1;0;0;1,7;1,9;0
04.01.2025;17:07:50;0;2;0;1;0;0;-0,3;-1;-1,6
04.01.2025;19:07:50;0;2;0;1;0;0;-1,8;-3;-2,4
04.01.2025;21:07:51;0;2;0;1;0;0;-2,8;-4;-2,9
04.01.2025;23:07:52;0;2;0;1;0;0;-3,8;-5,3;-3,7
05.01.2025;01:07:52;0;2;0;1;0;0;-4,5;-6;-4,1
05.01.2025;03:07:52;0;2;0;1;0;0;-5,3;-6,8;-4,6
05.01.2025;05:07:53;0;2;0;1;0;0;-5,8;-7,2;-6,8
05.01.2025;07:07:53;0;2;0;1;0;0;-6,2;-7,5;-6
05.01.2025;09:07:53;0;2;0;1;0;0;-4,9;-5,4;-5,9
05.01.2025;09:57:38;0;2;0;1;0;0;-3,7;-3,9;-2
05.01.2025;11:57:39;0;2;0;1;0;0;-0,8;-0,8;-0,8
05.01.2025;13:57:39;0;2;0;1;0;0;0,4;0,7;-0,5
05.01.2025;15:57:40;0;2;0;1;0;0;-0,1;-0,3;-1
05.01.2025;17:57:40;0;2;0;1;0;0;-0,5;-0,9;-0,9
05.01.2025;18:41:16;0;2;0;1;0;1;-0,6;-0,9;-1,1
05.01.2025;19:15:32;0;2;0;1;0;0;-0,7;-1;-1,2
05.01.2025;20:59:44;0;2;0;1;0;1;-0,8;-1;-0,9
05.01.2025;21:15:40;0;2;0;1;0;0;-0,8;-0,9;-0,8
05.01.2025;21:21:08;0;2;0;1;0;1;-0,7;-0,9;-0,8
05.01.2025;21:36:21;0;2;0;1;0;0;-0,6;-0,8;-0,9
05.01.2025;22:29:21;0;2;0;1;0;1;-0,3;-0,5;-0,4
05.01.2025;23:19:09;3;2;1;1;0;1;0;0;0
05.01.2025;23:19:11;0;2;0;1;0;1;0;0;-0,2
05.01.2025;23:20:24;3;2;1;1;0;1;0;0;0
05.01.2025;23:20:26;0;2;0;1;0;1;0;0;-0,2
05.01.2025;23:25:21;3;2;1;1;0;1;0,1;0;0
05.01.2025;23:31:48;1;2;1;1;0;1;7,1;0;-0,1
05.01.2025;23:31:49;1;2;0;1;0;1;7,1;0;-0,1
05.01.2025;23:40:45;3;2;1;1;0;1;3,9;0;-0,1
05.01.2025;23:43:45;1;2;1;1;0;1;7,1;0;-0,1
05.01.2025;23:43:46;1;2;0;1;0;1;7,1;0;-0,1
05.01.2025;23:56:48;3;2;1;1;0;1;3,9;0;0
05.01.2025;23:59:48;1;2;1;1;0;1;7,1;0;0
05.01.2025;23:59:49;1;2;0;1;0;1;7,1;0;0
06.01.2025;00:14:45;3;2;1;1;0;1;3,9;0;0,1
06.01.2025;00:17:41;1;2;1;1;0;1;7,1;0;0,1
06.01.2025;00:17:42;1;2;0;1;0;1;7,1;0;0,1
06.01.2025;00:34:22;3;2;1;1;0;1;3,9;0;0,3
06.01.2025;00:37:17;1;2;1;1;0;1;7,1;0;0,4
06.01.2025;00:37:18;1;2;0;1;0;1;7,1;0;0,4
06.01.2025;00:56:05;3;2;1;1;0;1;3,9;0,1;0,8
06.01.2025;00:58:07;0;2;0;1;0;0;5,7;0,1;0,9
06.01.2025;01:13:33;3;2;1;1;0;1;4,1;0,1;1,2
06.01.2025;01:16:17;1;2;1;1;0;1;7,1;0,2;1,2
06.01.2025;01:16:18;1;2;0;1;0;1;7,1;0,2;1,2
06.01.2025;01:28:40;0;2;0;1;0;0;5,1;0,3;1,4
06.01.2025;01:33:52;3;2;1;1;0;1;4,4;0,5;1,5
06.01.2025;01:36:20;1;2;1;1;0;1;7,1;0,5;1,5
06.01.2025;01:36:21;1;2;0;1;0;1;7,1;0,5;1,5
06.01.2025;01:49:34;0;2;0;1;0;0;5,2;0,7;1,6
06.01.2025;02:07:25;3;2;1;1;0;1;3,7;0,8;1,7
06.01.2025;02:10:15;1;2;1;1;0;1;7,1;0,8;1,8
06.01.2025;02:10:16;1;2;0;1;0;1;7,1;0,8;1,8
06.01.2025;02:28:34;0;2;0;1;0;0;4,8;1;2,1
06.01.2025;03:17:42;3;2;1;1;0;1;2,9;1,2;2,4
06.01.2025;03:20:56;1;2;1;1;0;1;7,1;1,2;2,4
06.01.2025;03:20:57;1;2;0;1;0;1;7,1;1,2;2,5
06.01.2025;03:33:20;0;2;0;1;0;0;5,5;1,3;2,6
06.01.2025;05:33:20;0;2;0;1;0;0;2,5;2;3
06.01.2025;07:33:21;0;2;0;1;0;0;3,5;3,2;6,1
06.01.2025;08:10:56;0;0;0;0;0;0;4,2;4,1;6,9
06.01.2025;10:10:56;0;0;0;0;0;0;5,9;6,6;8
06.01.2025;12:10:56;0;0;0;0;0;0;7,7;9,1;8,9
06.01.2025;13:12:28;0;0;0;0;0;1;7,7;8,4;8,2
06.01.2025;15:12:28;0;0;0;0;0;1;6,2;6;7
06.01.2025;17:12:28;0;0;0;0;0;1;5,2;4,8;5,8
06.01.2025;17:14:07;0;0;0;0;0;0;5,2;4,8;5,9
06.01.2025;18:36:46;0;0;0;0;0;1;5,2;4,9;6,2
06.01.2025;18:59:22;0;0;0;0;0;0;5,3;4,9;6,1
06.01.2025;20:59:22;0;0;0;0;0;0;4,5;4,2;5,7
06.01.2025;22:59:22;0;0;0;0;0;0;3,7;3,3;3,2
07.01.2025;00:59:22;0;0;0;0;0;0;3,6;3,4;6,4
07.01.2025;02:59:23;0;0;0;0;0;0;5,2;5,2;7,7
07.01.2025;04:59:23;0;0;0;0;0;0;6,5;6,6;8,3
07.01.2025;06:59:24;0;0;0;0;0;0;7,1;7;8
07.01.2025;08:59:24;0;0;0;0;0;0;7;6,8;7,6
